:020000040800F2
:1000000000200020716B0008856A00088D6A0008D6
:1000100000000000000000000000000000000000E0
:10002000000000000000000000000000956A0008C9
:1000300000000000000000009F6A0008A96A000894
:10004000C16B0008C16B0008C16B0008C16B0008E0
:10005000C16B0008C16B0008B76A0008C16B0008DB
:10006000C16B0008C16B0008C96A0008C16B0008B9
:10007000C16B0008C16B0008C16B0008E16A000891
:10008000C16B0008C16B000800000000C16B0008D4
:10009000C16B0008C16B0008C16B0008C16B000890
:1000A000C16B0008C16B0008C16B0008C16B000880
:1000B000C16B000800000000C16B000800000000D8
:1000C00010B5064C2378002B07D1054B002B02D02E
:1000D000044800E000BF0123237010BD7800002019
:1000E00000000000ACB10008044B10B5002B03D099
:1000F0000349044800E000BF10BDC04600000000F6
:100100007C000020ACB1000803B4714649084000EF
:100110004900095E49008E4403BC70470022430831
:100120008B4274D303098B425FD3030A8B4244D3BF
:10013000030B8B4228D3030C8B420DD3FF22090201
:1001400012BA030C8B4202D31212090265D0030BC0
:100150008B4219D300E0090AC30B8B4201D3CB03B6
:10016000C01A5241830B8B4201D38B03C01A5241F8
:10017000430B8B4201D34B03C01A5241030B8B42FA
:1001800001D30B03C01A5241C30A8B4201D3CB02E5
:10019000C01A5241830A8B4201D38B02C01A5241CA
:1001A000430A8B4201D34B02C01A5241030A8B42CD
:1001B00001D30B02C01A5241CDD2C3098B4201D3E5
:1001C000CB01C01A524183098B4201D38B01C01A63
:1001D000524143098B4201D34B01C01A52410309DA
:1001E0008B4201D30B01C01A5241C3088B4201D389
:1001F000CB00C01A524183088B4201D38B00C01A36
:10020000524143088B4201D34B00C01A5241411A5C
:1002100000D20146524110467047FFE701B5002069
:1002200000F006F802BDC0460029F7D076E7704717
:100230007047C0468446100062468C4619006346EB
:1002400000E0C0461FB502F061F8002801D400218B
:10025000C8421FBD10B501F0A5FF4042013010BDDE
:1002600010B502F053F8002801DB002010BD01207A
:1002700010BDC04610B502F049F8002801DD00208D
:1002800010BD012010BDC04610B501F0CFFF002801
:1002900001DC002010BD012010BDC04610B501F0EA
:1002A000C5FF002801DA002010BD012010BDC046A6
:1002B000844608006146FFE71FB500F0C3FB002835
:1002C00001D40021C8421FBD10B500F04BFB4042D5
:1002D000013010BD10B500F0B5FB002801DB002097
:1002E00010BD012010BDC04610B500F0ABFB0028CA
:1002F00001DD002010BD012010BDC04610B500F08A
:1003000059FB002801DC002010BD012010BDC046B3
:1003100010B500F04FFB002801DA002010BD0120CD
:1003200010BDC0469E2110B5C905041CFFF7F0FFA3
:10033000002803D1201C00F0A1FF10BD9E21201C2D
:10034000C90500F021FD00F099FF80231B069C46A3
:100350006044F2E7F8B54B025A0A94464A00C90FC6
:10036000CE4647468946450046022D0E120E80B500
:100370009909770AC40FB609AB1A4C4520D0002B57
:100380000CDD002A34D100292AD05A1E012B00D1BD
:100390008FE0FF2B00D1CDE013002FE0002B60D0C9
:1003A000531B002D00D0EEE0002E00D13EE15C1E7C
:1003B000012B00D16BE1FF2B00D1B9E02300E7E076
:1003C000002B00DCA4E0002A69D0FF2D00D1B1E0B1
:1003D0008022D20411431B2B00DCE9E02B00053600
:1003E000F708FF2B00D1A5E07A02520AD8B230E01C
:1003F000FF2D00D19EE08022D204114301201B2B4F
:1004000008DC08002022D840D31A99400B005A1E5D
:1004100093411843361A730100D471E0B601B7094D
:10042000380002F0BFFF3B000538834085424DDDB8
:10043000B44E2D1A1E405A0768D00F221340042BC9
:1004400064D00436730161D5681CFE2D54D1FF20A1
:100450000022C0051043E4072043C0BCB946B046A3
:10046000F8BDFE229046681C0200404610426BD147
:10047000002D00D0DDE0002E00D102E10029B3D034
:100480008022771AD204174200D136E14C468E1BE7
:1004900061D00120164230D10023F708A4E70029DB
:1004A0009ED05A1E012B00D1CAE0FF2B42D0130070
:1004B00091E7711A4B0100D4D1E08F01BF093800D8
:1004C00002F070FF3B000538834001252022401BCD
:1004D0000130121A1E009340C6405A1E93411E431B
:1004E00039D0730700D11BE10F2300253340042BC3
:1004F000A7D1012072017CD5C0B2B201520AA8E78F
:10050000730703D00F233340042B9AD12B0067E7E6
:10051000002B23D0531B002D7BD1002E00D186E071
:100520005D1E012B00D18BE0FF2B02D02B0075E06C
:100530004C466746002F00D189E78022D2033A4318
:100540005202FF20520A84E7771A7B016BD4002FF6
:1005500000D065E70024002000227AE7FE226B1C11
:100560001A4249D1002D00D09FE0002E00D1BAE000
:10057000002900D1CFE07218530100D4CDE09201E0
:100580000120520A65E7FF2AD2D08020C00406432A
:1005900001201B2B08DC30002024D840E31A9E40A9
:1005A00033005C1EA34118434C4615000E1A32E777
:1005B00008002022D840D31A99400B005A1E9341BC
:1005C0000343F61873019BD50135FF2D00D13EE79B
:1005D00001234D49720833400A401A43160053075D
:1005E00004D00F231340042B00D02AE7730100D559
:1005F0002AE72B00F708F7E6FF2B00D127E7711851
:1006000049084A072FD00F220A40042A2BD00E1D7A
:10061000E6E6FF2A8DD08020C00406431B2B24DD94
:1006200013004E1DDCE64C468F1BF9E64C460E00CF
:10063000D6E6002E49D1002968D067464C467CE7B3
:100640007018430174D5304940080140430709D070
:100650000F230340042B05D002230E1DC0E6012307
:10066000CF08C1E60223CF08BEE620253000D840DF
:10067000EB1A9E4033005D1EAB41034315005E182C
:10068000A0E7002900D165E74C466746ACE68F1B22
:100690007B012ED5BF01BF09380002F083FE3B006D
:1006A000053883404C46013510E7002E00D140E765
:1006B000002900D141E78023DB039F4200D23CE7C1
:1006C0009C4500D339E7674637E7002900D134E776
:1006D0008023DB039F4200D22FE79C4500D32CE709
:1006E0004C46674629E7002900D134E70023CF08AC
:1006F0007AE64C460123FF0876E6002F00D129E771
:10070000FF0871E6FFFFFFFBFFFFFF7D8022002453
:10071000FF20D2039DE6002366E60023D70863E6A8
:100720000120720100D5E7E631000023CF085BE627
:100730000123C70858E6C046F0B546464F46D646A0
:100740004502C0B5C30F470098460E1C6D0A3F0E08
:100750005BD0FF2F21D08023ED00DB041D4300235D
:1007600099469A467F3F74027300640A1B0EF60F87
:10077000002B20D0FF2B43D080220020E400D204A5
:1007800014437F3B4246FF1A4B4672400F2B00D961
:100790009DE071499B00CB589F46002D5AD10823FC
:1007A0009946063B74029A467300FF27640A1B0EA3
:1007B000F60F002BDED1002C3BD1012342464946E7
:1007C000724019430E2918D86448890041588F4651
:1007D0005346022B00D1B8E0032B6ED042462C00CA
:1007E000012B40D100200024C0052043D207104334
:1007F000E0BCBA46B146A846F0BDFF200024F3E7AE
:10080000002C20D10223FF3FD8E7002D05D104237F
:100810009946033B00279A46A5E7280002F0C2FD4F
:100820007627431F9D4000237F4299469A463F1AF0
:1008300099E7200002F0B6FD431F9C4076235B42FF
:100840001B1A00209EE703234A461A4391460320C1
:10085000FC3397E70C239946093BFF279A4682E72A
:1008600003282CD0320038007F30002847DD630792
:1008700004D00F232340042B00D00434230103D5DC
:100880003800374B80301C40FE28B6DCA401640AD7
:10089000C0B2A9E780240022FF20E403A4E780235C
:1008A000DB031D4201D01C420BD08024E4032C4307
:1008B00064024246FF20640A96E746462C008023E5
:1008C000DB031C4364023200FF20640A8CE76D01E5
:1008D000600185422DD21B230024013F01262900FF
:1008E00064006D00002901DB854201D32D1A3443D9
:1008F000013B002BF3D16B1E9D412C43B3E7012339
:100900001B1A1B2B00DD6DE721009E37D940BC4030
:100910000B00611E8C412343590704D00F2119405D
:10092000042900D00433590113D49B0100205C0A30
:100930005AE71A2301242D1AD0E7981E4342584142
:10094000404232000024C0B24EE74246FF2000245D
:100950004AE70120002447E704B3000844B3000835
:10096000FFFFFFF770B542004E024C0045026D0AD2
:10097000120EC30F760A240EC90FFF2A10D0FF2CC7
:100980000CD00120A2420AD1B54208D18B420FD02F
:10099000002A04D12800431E984100E0012070BDC8
:1009A0000120FF2CFBD13543F9D14B401800F6E76D
:1009B0000020F4E730B5420044024D02C30F480066
:1009C000640A120E6D0A000EC90FFF2A18D0FF2804
:1009D0000AD0002A1ED100280AD1002D29D0002CCF
:1009E0002DD14800013830BD002D25D1002A01D17C
:1009F000002CF6D08B4219D001205B421843F2E75D
:100A0000002C19D1FF28F7D1002D15D100208B42E1
:100A1000F2D1E8E70028EFD08B42EDD18242EBDC47
:100A200004DBAC42E8D80020AC42DCD258000138EC
:100A3000D9E7002CD7D0DFE702204042D3E78B4232
:100A4000DAD1EEE730B5420044024D02C30F480050
:100A5000640A120E6D0A000EC90FFF2A17D0FF2874
:100A60000AD0002A1BD100280AD1002D1DD0002C4D
:100A70002DD14800013811E0002D0ED1002A01D1FE
:100A8000002CF6D08B420CD15800013806E0002C27
:100A900003D1FF2805D1002D15D0022030BD00283C
:100AA00006D101205B421843F8E7002CF6D0F8E7A6
:100AB0008B42F6D18242F4DCE6DBAC42F1D8002076
:100AC000AC42EBD2E0E700208B42EAD1E6E78B4272
:100AD000E7D1F2E7F0B54F464646D6464400C0B5EA
:100AE00046020F1C760A240EC50F002C00D1DAE056
:100AF000FF2C74D08023F600DB041E4300239946AC
:100B00009A467F3C7B025B0A98467B001B0EFF0FD8
:100B1000002B74D0FF2B00D18EE042468021D20002
:100B2000C90411437F3B2A00E4184B467A408846AB
:100B3000D2B20A2B75DC4B460020022B0FDD494652
:100B400001238B40A621C9000B4269D19021890065
:100B50000B4200D000E18821194200D0F5E0414667
:100B60000904090C43460800350C36041B0C360CEE
:100B7000704369435E435D437618030C9B199942A9
:100B800003D9802149028C46654400041904000CF5
:100B900009188E01701E86411B0C890E5B190E43CD
:100BA0009B011E431B016CD423007F33002B00DC10
:100BB000B1E0150071070BD00F2021003040042850
:100BC00006D00436320103D56E4B1E400B00803335
:100BD000FE2B00DDBDE0B201520ADBB248E0002E80
:100BE00000D092E008239946063B9A467B025B0AB6
:100BF00098467B00FF241B0EFF0F002B8AD1424634
:100C0000002A64D149460132114389460A2908DC89
:100C10007D400120EAB2022991DC1500002227E084
:100C200015005346022B00D193E0032B1AD0012B61
:100C30002CD1002300221BE04346FF34002B55D06B
:100C400003214B460B4319000A2B00DC92E00F2BCB
:100C500000D08CE08022D203164203D043461342D8
:100C600000D17DE08022D20332435202520AFF2398
:100C7000D805ED0710432843E0BCBA46B146A84664
:100C8000F0BD0123150071081E400E432300803380
:100C9000611C002B41DD720794D00F223240042AE0
:100CA00000D08EE78EE7002E05D104239946033B42
:100CB00000249A4626E7300002F074FB7624431F96
:100CC0009E400023644299469A46241A1AE74046F9
:100CD00002F068FB4B46241A763C0A2BA1DC434603
:100CE000053883407D409846EAB224E74A460233FD
:100CF00013432A007A40D2B20A2B92DC49461500EF
:100D0000002926D09946022019E70C239946093B71
:100D1000FF249A46F6E6150021000122D31A1B2B68
:100D200000DD86E79E3132008E40DA40731E9E4120
:100D30003243530704D00F231340042B00D0043256
:100D4000530110D50123002292E73D00464682461A
:100D500067E7FF2300228BE780220025D20386E786
:100D60003D001A4383E792010023520A80E73D00C9
:100D7000464677E72A0001237A408B400320D2B20F
:100D8000E9E6C046FFFFFFF7F8B54746CE46430207
:100D900080B55F0A9B0945004A009C464B02C40F80
:100DA000CE0F2D0E580A120E9909FF2A6BD001237F
:100DB0005E40AB1AB4424BD0002B00DCFFE0002AAF
:100DC00000D188E0FF2D00D1EFE08022D204114352
:100DD00001201B2B08DC08002022D840D31A9940A0
:100DE0000B005A1E9341184363461B1A9C466346E8
:100DF0005B0100D4CDE063469F01BF09380002F0DB
:100E0000D1FA3B0005388340854200DCA2E0B74AB6
:100E10002D1A1A4094465A0700D1C3E00F221340FE
:100E2000042B00D1BEE004239846C44463465B0112
:100E300000D4B7E0681CFE2D00D0A5E0FF20002202
:100E4000C0051043E4072043C0BCB946B046F8BD16
:100E5000002B00DCEBE1002A46D0FF2D00D1A4E0FE
:100E60008022D20411431B2B00DCFBE005239846B3
:100E70002B00C4446246D708FF2B00D195E07A02CC
:100E8000520AD8B2DCE72B00FF3B9946002918D163
:100E900001235E40B44200D1CAE04B46002B2DD066
:100EA000002D00D03CE1FF236446002C00D15FE11F
:100EB0005D1E012B00D174E13400FF2B74D02B0098
:100EC00003E1B44200D19CE0002B17D0002DEAD002
:100ED000070034006CE00029CCD05A1E012B2BD027
:100EE000FF2B62D0130073E70029C3D05A1E012BD9
:100EF00000D11EE1FF2B58D01300B4E7FE226B1C7B
:100F00001A420DD1002D60D06346002B00D020E1A5
:100F1000002900D028E180220024FF20D2038FE79F
:100F200063465F1A7B0100D5FEE0002F00D065E725
:100F300000240020002283E76346591A4B0100D4A5
:100F400019E18F01BF09380002F02CFA3B00053887
:100F5000834001252022401B0130121A19009340C2
:100F6000C1405A1E934119438C460B1EE1D05B07CA
:100F700000D152E10F2300250B40042B00D052E793
:100F800001204A0100D492E0C0B263469A01520A9D
:100F900056E763465B0705D00F2362461340042BD8
:100FA00000D040E72B0065E70700002F00D145E7A0
:100FB0008022D2033A435202FF20520A40E7002B1C
:100FC00079D1FE226B1C1A42AAD16346002B00D1B4
:100FD000F5E0002900D1D1E05F1A8023DB041F4235
:100FE00000D10EE1624601248A1A94460020344062
:100FF000002A00D124E701201A42C6D10023D708D5
:101000003DE7002B17D0002D00D0AFE0FF23654651
:10101000002D00D1ADE05E1E012B00D189E0FF2B39
:10102000C2D01B2E00DCABE04B1D9C46130021E719
:101030004B46002B70D1FE226B1C1A425ED1002D54
:1010400000D0C3E06346002B00D1D0E0002900D1DE
:1010500094E00A006244530100D4D8E092010120D8
:10106000520AEDE608002022D840D31A99400B001E
:101070005A1E934103439C4463465B0189D5013565
:10108000FF2D00D1DAE662460123194913405208C8
:101090000A401A43130094465B0704D00F23134001
:1010A000042B00D0BFE663465B0100D5C2E6634671
:1010B000DF082B00E3E6531B002D00D1F4E680206F
:1010C0006446C0040443A446340001201B2B09DC01
:1010D00020256046D840EB1A65469D402B005D1EDA
:1010E000AB4118430B1A9C46150080E6FFFFFFFB3F
:1010F000FFFFFF7DFE226B1C1342A3D0FF2B00D10C
:101100009CE6614449084A0749D00F220A40042A54
:1011100045D00A1D9446ADE6002D00D176E78DE658
:101120003400FF2000228BE663460124CF1A3440AE
:1011300064E661444B016DD54808444901404307CA
:101140002CD00F230340042B28D00B1D9C460223D8
:1011500090E6002900D12BE78023DB039F4200D2D9
:1011600026E7984200D323E70124344007001FE715
:1011700034008C467EE60123CF0880E600237EE61D
:1011800020206546801B854063462800F340451EAD
:10119000A84103439C4615008C446DE70223CF0809
:1011A0006DE60F1B7B0128D5BF01BF09380002F097
:1011B000F9F83B000538834034000125CAE60029D0
:1011C00000D1B5E601240700344058E66346002B01
:1011D00000D1E9E6002900D1EAE68023DB039F4243
:1011E00000D2E5E6984200D3E2E60700E0E60029F7
:1011F00000D19EE60023CF0841E634000123FF081A
:101200003DE6002F00D193E60023FF0837E60023D8
:10121000D70834E60123CF0831E680220B00D20440
:1012200001201340114200D0AEE6CF0827E6002B84
:1012300000D15FE7561B002D01D13300E7E6802384
:101240006046DB0418438446EBE6C046FFFFFF7DA3
:1012500043024A02400049005B0A520A090E000E8E
:10126000FF2806D00020FF2902D1531E9A4110000A
:101270007047FE38002BFBD1F4E7C0464102420024
:10128000C30F490A0020120E7E2A03DD9D2A02DDCB
:10129000094A98187047802000040143952A07DC0A
:1012A0009620821AD1404842002BF3D10800F1E782
:1012B000963A9140F7E7C046FFFFFF7F70B50028E0
:1012C00012D0C317C5185D40C40F280002F06AF899
:1012D0009E231B1A962B0FDC082838D0083885402F
:1012E0006D026D0AD8B202E0002400200025C0057E
:1012F0002843E407204370BD992B14DC421F95401E
:101300002A001549114055071CD00F252A40042AF0
:1013100018D00431CA08490115D59F235202181A62
:10132000550AC0B2E3E705222900121AD140020093
:101330001B3295402A00551EAA410A430649114016
:101340005507E2D1CA085202550AD8B2CFE76D025A
:101350006D0A8E30CBE7C046FFFFFFFB10B5041EC1
:101360000DD002F01FF89E231B1A962B0CDC0828C8
:1013700034D0083884406402640AD8B201E0002006
:101380000024C005204310BD992B13DC421F94405C
:10139000144A224061071CD00F212140042918D093
:1013A0000432D408520115D59F236402181A640A26
:1013B000C0B2E6E7020021001B3291400A00511E34
:1013C0008A410521091ACC401443064A224061078C
:1013D000E2D1D4086402640AD8B2D2E76402640A93
:1013E0008E30CEE7FFFFFFFBF0B54F464646D646B0
:1013F000C0B582B0009001910E034C00CD0F710A70
:10140000009E5F00760F0E43009900920193C90081
:10141000894619037B0D9846019B490ADB0F9C46C0
:10142000009B009A5B0F0B434146640DD200611A8A
:10143000654500D1A6E0002972DD4746002F00D1A6
:10144000DDE0CC4FBC4200D19AE10127382917DCFE
:1014500080273F043B431F2900DDDDE12027781A68
:101460001F008740BA461700CF40844638005746D1
:10147000074360468240CB40501E8241F61A174314
:101480004B46DF1BB94580414042361A330200D437
:10149000FFE07602760A002E00D13CE1300001F038
:1014A00081FF0300083B20213800CA1AD0409E402B
:1014B00002009F4032439C4200DDA6E1181B013030
:1014C000091A3E008F40C6407B1E9F4113008B408F
:1014D00037431F43C2403B0016000024134300D192
:1014E000DFE17B0700D132E30F233A003B40042BBE
:1014F00004D03A1DBA42BF417F42F619330200D4EC
:1015000023E39C4B01349C4200D1B4E09A4B640528
:101510001E40640D7707D20876021743360BACE005
:10152000002900D17EE04146091B002C00D060E17B
:1015300034004846044300D1C9E14C1E012900D1C2
:101540002EE28C4DA94200D124E20127382C11DC77
:1015500021001F2900DD0BE2202437004846641AD1
:10156000A740C84007434846A040CE40441EA04183
:101570009B1B0743D71BBA429241524265464446E1
:101580009E1A83E7002900DC9CE04746002F67D1C4
:101590001F00174300D1E4E0481E012900D19BE160
:1015A000744FB94200D1EBE001270100382811DC6B
:1015B0001F2900DDC7E12027781A1F0084468740D5
:1015C0001000C840074360468240CB40501E824115
:1015D000F61817434F444F458041404236183302B6
:1015E00057D5644B01349C4245D00121624B7A08A7
:1015F0001E4039400A43F7071743760871E71F007A
:10160000174300D1ADE04F1EBC46012900D182E155
:10161000584FB94200D190E161460127382900DDD9
:101620002EE718E7554F611C394200D0D0E0310059
:1016300048461F0001431743002C00D03DE100291C
:1016400000D1BCE1002F00D0BFE14B460021D808FB
:1016500077070743F00806034C05360B640D0CE0D2
:10166000444FBC4200D18BE001273829B2DC8027EF
:101670003F043B439CE70026002724053443ED0745
:101680002C433800210002B0E0BCBA46B146A8465F
:10169000F0BD7B0704D00F233B40042B00D028E78C
:1016A000F808344B77070743F0089C4200D04AE221
:1016B0003B00034359D080263603064336032D4CA6
:1016C000360BDAE7002961D04146091B002C00D116
:1016D000B9E0284CA04500D1A5E10127382913DC49
:1016E0008024240426431F2900DDC8E1202437007C
:1016F0004846641AA740C84007434846A040CE4029
:10170000441EA0419B190743BF1897429241524281
:101710004446D61863E7380001F044FE030018334E
:101720001F2B00DCBFE63A00083882409C4200DDF7
:1017300083E01B1B581C1F2800DCB4E117001F3B73
:10174000DF40202805D040231B1A9A40531E9A419F
:1017500017430024002F0AD07B0700D0C4E62600E0
:101760009EE74B460C00D8089BE70027014C00265B
:1017700083E7C046FF070000FFFF7FFFFE07000072
:101780004B467707D8080743F00891E7CD4F611C17
:1017900039426BD1310048460143002C00D04BE167
:1017A0001F001743002900D181E1002F00D14CE731
:1017B0004A444A458041F61840423618330200D563
:1017C000B0E117009146374300D03EE7002654E7CA
:1017D0004946891A8846C145BF41F11A7F42C91B53
:1017E0000F0261D447460F4300D1BDE00E004746CB
:1017F00051E6B54CA04500D100E10127382900DDB4
:10180000B8E6802424042643A3E6B04EE41A16402A
:101810007B0700D03FE743E70F001800203FF84068
:101820008446202903D04027791A8B401A43531E3F
:101830009A41634617001F4322E6A448E11A10406C
:101840004707C00807E734004846044300D1FAE0E0
:101850004C1E012900D1D7E09B4FB94200D1E2E0F4
:101860000127382C00DD4FE721003CE7964CA142D0
:1018700000D1DDE04A444A458041F318404218183F
:10188000C707520817434608520705D00F220C001D
:101890003A40042A00D02CE67607FF0837430009B7
:1018A000D9E600270026E8E64946571ABA4292418F
:1018B0009E1B52426546B61AEDE5002900D0C6E0EF
:1018C000002F67D1802600257F4C3603D5E665467C
:1018D0000C001E00D008E4E64A444A458041F31853
:1018E000404218181100030200D496E0774B4908D3
:1018F0001840C3070B434408490700D129E10F22D0
:101900001A40042A00D1EAE01F1D9F42B6417642E8
:1019100036190224C4E649468F1AB9458041F61AA1
:101920004042361A330206D47307FF0801211F43D1
:10193000F00890E665460124ABE54B467707D808EA
:101940000743F008B4E60F001800203FF840844633
:10195000202903D04027791A8B401A43531E9A41FD
:10196000634617001F4335E600250024002684E661
:101970000C003500203CE540202905D04024611AA8
:101980008E404946314389464846411E88410700FA
:101990002F43EFE5D2085F0765461743D80887E66F
:1019A000171ABA4292419E1B5242B61A3302C1D450
:1019B0007307FF08654601211F43F0084BE6002F1F
:1019C0007BD065461E0091463FE6811A8846C14598
:1019D000A441F11A6442091B80242404214277D0D7
:1019E000101A8242924107009E1B5242B61A374398
:1019F00000D0A0E06546002400263EE65F07D2083E
:101A000065461743D80853E6811891429241F01871
:101A100052428018030200D568E74707C9080F4300
:101A2000C008012117E6D2085F071743D8083FE630
:101A30000C000026002720E6002956D15F07D208B7
:101A40001743D80834E60C001E00D00829E6C10868
:101A500070070143F008002F62D080242403204245
:101A600007D0DE08264204D165463000D1085B0766
:101A700019434F0FC900C9087F070F4318E60C0030
:101A80003000203CE0408446202905D04024611AE3
:101A90008E404946314389464846411E8841614649
:101AA00007000F4330E620210027091A0EE51E002B
:101AB000002F00D022E5002458E70025002400264E
:101AC000DBE5C046FE070000FF070000FFFF7FFFC9
:101AD00047460F4300D147E70E00C146B5E5DF0892
:101AE0006407022127430009B5E51900C0087707FC
:101AF00007431143F008002900D1D9E580210903EB
:101B0000084207D0DC080C4204D1D2085B071A4314
:101B1000170020007B0FFF00FF085B071F43C7E58E
:101B20000F00C5E5124BD20833405F075B0201246A
:101B300017431E0BA1E5264212D00D4B654602004D
:101B400001241E40E6E4210085E51700A8E53A00DF
:101B5000D4E4DB0864071C432700022100097AE56E
:101B6000C0087707074365460021F00873E5C046C3
:101B7000FFFF7FFFF0B5DE46454657464E46E0B5CF
:101B800087B0009201930B031B0B9B46CA0F4B00BF
:101B9000040080465B0D029200D198E07C4A93429B
:101BA00037D05946420FC9000A4380210904114326
:101BB000C2009046774A894692469A440023002400
:101BC0000393009E019F3B031B0B9B467B00300051
:101BD0005B0DFD0F002B59D06D4A934248D05946FA
:101BE000720FC9000A438021090411438B466949D9
:101BF000F2008C4651466344CB1A9A460021029E5D
:101C00006E40F6B20F2C00D9CEE0634BA4001B59F6
:101C10009F465A460243914600D090E09A460223DE
:101C2000904608240393CCE7CB464246029D039995
:101C3000022900D1DEE1032900D18DE0012900D085
:101C400079E12E0000220023002490461B05234347
:101C5000F60733434046190007B0F0BCBB46B24616
:101C6000A946A046F0BD002200249046484BEDE76F
:101C70005A46009B1A43494B9C46E244002A59D1DC
:101C800002231C43002302219B46B8E75A46009BCF
:101C90001A4349D05B46002B00D19CE1584601F025
:101CA00081FB020003000B3A1D27009EBA1A19009F
:101CB0005846D64008398840320002439346009A7D
:101CC0008A40374953448A4600219A4497E75B4645
:101CD0000343994621D05B46002B00D169E1584669
:101CE00001F060FB0B235B429C4602008444664685
:101CF0001D239B1B260011005846DE4008398840F2
:101D000033000343994623008B409846254B00241B
:101D10009B1A9A460023039353E7002398469A465A
:101D20000133042403934CE701231C4300230121C6
:101D30009B4664E70323320003211C435FE79A4676
:101D40000323D9460C2403933BE7002380249846C1
:101D500000260F4B240379E780245B4624031C43B1
:101D600024032E0090460A4B240B6FE780244B4639
:101D70002403234202D05B462342F0D080244B460A
:101D800024031C432403029E014B240B5EE7C04640
:101D9000FF07000001FCFFFF80B3000801F8FFFF10
:101DA000F30300000DFCFFFFCB4500D2F8E000D1AB
:101DB000F3E001235B429C46444648460025E2444A
:101DC0005B46170E1B021F43190C3B0412020097BF
:101DD0001F0C914602910397FEF726FA02007A4300
:101DE0000B04210C804619438A4209D9009F012324
:101DF000BC465B4261449C46E0448F4200D85CE1B3
:101E0000881A0299FEF710FA039A2404424309043F
:101E1000240C03000C43A24206D90099013B8C46D6
:101E20006444A14200D842E1A01A424612041A4377
:101E300093464B4659461B0C1F0004930B0449461E
:101E40000904090C0C001B0C5C43120C7B438846F4
:101E500051437A43270CBC465B186344994203D92B
:101E6000802149028C466244190C24041B04240C72
:101E70008A181C19904202D316D1A54214D25B468F
:101E8000009F013B4D4405934D459B41BC465B4241
:101E90006344C018874200D302E1824200D929E19D
:101EA00000D124E1059B9B462C1BA542AD41009B24
:101EB000801A6D42401B834200D10FE10299FEF768
:101EC000B3F9039A0B044243210C050019438A42DB
:101ED00000D9CBE0881A0299FEF7A6F9039A2404E8
:101EE00042430904240C03000C43A24200D9CAE077
:101EF0004146A41A2A041A43049F13041B0C594395
:101F000040467B439C46150C68430B0C8444634459
:101F10007D43984203D98020400284466544180CD2
:101F200009041B04090C40195B18844227D323D0F1
:101F3000012335001A43944B5344002B60DD5107B5
:101F400000D086E02E00D1085A46D20106D55A4666
:101F50008E4B1A4080239346DB0053448C4A9342B5
:101F600000DD80E65A4652070A4390465A465B0512
:101F70005402240B5B0D69E63500002BDBD0009D7D
:101F8000511EAC466444AC4200D29EE0844200D272
:101F9000E1E000D1EEE00A00CAE7424500D908E7D7
:101FA0004B46DC07580843465B081C434346DD07A5
:101FB00006E701F0F7F915239C46844402006346C6
:101FC00020321C2B00DC92E623000838834099461F
:101FD000002398469AE601F0E5F902000300153265
:101FE00020331C2A00DC5FE600990838814000227B
:101FF0008B4666E600222E0000249046654B25E6BF
:102000002E000121C91A382900DD1BE61F297EDCBC
:102010006148140050445B4682408340CC40501ECF
:10202000824123431A435B46CB40510709D00F211D
:102030001140042905D0111D9142924152429B1832
:102040000A00190200D49BE00022012300249046DC
:10205000FCE50F211140042900D173E7111D9142C5
:10206000924152422E00C90893446DE7009B013D06
:102070009C4661448B4200D92CE78A4200D829E76C
:10208000851E614426E70099013B8C466444A142C9
:1020900000D92DE7A24200D82AE7831E644427E72F
:1020A000874200D0FEE6A94500D9FBE6F5E6A2424C
:1020B00000D8B9E6831E6444B6E68A4200D89FE69B
:1020C000BC46831E984661449AE60A00844200D0CA
:1020D0002EE74B4500D02BE735002CE72A4B2F4A43
:1020E0005344924543DB0122002193442CE7AC4248
:1020F00000D8D7E602235B429C4600994D444D45EB
:102100009B41E3448C465B426344C018CCE61F20ED
:102110004042C31A5846D840202904D05946204B83
:10212000534499400A43531E9A410723190002431E
:1021300000241140134209D008331340042B1DD052
:10214000131D934289411A0049424907D2080A43A4
:10215000904600237AE54946009F4D004D45894150
:10216000BC4649426144A946023A6418AEE70122DE
:10217000524246E79945EED30A00AAE70021E5E777
:1021800059075B021C0BE1E7FF030000FFFFFFFEA6
:10219000FE070000FF0700001E04000002FCFFFF16
:1021A0003E040000F0B55746DE464E464546E0B5D3
:1021B0000D000400E80F83460903D80F090B82467F
:1021C00019488C461F0369005E00490D3F0B760DD0
:1021D000814218D086420FD00120B1420DD1BC45BA
:1021E0000BD1944209D1D3451CD0002905D16046BA
:1021F0002043431E984100E00120F0BCBB46B2469C
:10220000A946A046F0BD01208E42F6D16146394371
:102210000F0017432743F0D15B465246981A431EDE
:102220009841EAE70020E8E7FF070000F0B55746CD
:102230004E464546DE46E0B50D000E034900490D09
:102240008A46DF0FE90FBC4683B02F4F040080465B
:102250000191580019039146360B090B400DBA4500
:102260001DD0B8420DD05746002F2AD13443002844
:1022700024D10A4336D0002C41D16346580001389E
:1022800015E0114338D15346002B01D12643F4D039
:10229000019B634507D1019B5800013807E02643A5
:1022A0002AD1504521D00120019B5F42384303B021
:1022B000F0BCBB46B246A946A046F0BD002CDCD01F
:1022C000E6E70028EFD0019B6345ECD18245EADCCC
:1022D000E1DB8E42E7D8DED1C845E4D80020C8450E
:1022E000E5D2D8E7002CE2D0DDE7114304D1019B11
:1022F0006345D8D10020DAE702204042D7E7019BAE
:102300006345E6D0CFE7C046FF070000F0B557466B
:102310004E464546DE46E0B50D000E034900490D28
:102320008A46DF0FE90FBC4683B02E4F040080467B
:102330000191580019039146360B090B400DBA451F
:102340001ED0B8420DD05746002F27D13443002865
:1023500033D10A4334D0002C40D1634658000138B1
:1023600015E0114312D15346002B01D12643F4D07E
:10237000019B63451DD00120019B5F42384306E06D
:10238000264303D15045F6D111431CD0022003B09F
:10239000F0BCBB46B246A946A046F0BD0028EAD034
:1023A000019B6345E7D18245E5DC02DB8E42E2D842
:1023B0000ED0019B58000138E9E7002CCDD0D7E7BB
:1023C000002CE4D0D7E7019B00206345DFD0D2E7A3
:1023D000C845D0D80020C845D9D2EAE7019B63455B
:1023E000E4D0C8E7FF070000F0B557464E46DE468A
:1023F0004546E0B51F000B031B0B16009A46CA0F9B
:102400004B000400914685B05B0D00D1CFE1CD4A71
:10241000934255D05146420FC9000A438021090416
:102420001143C2009046C84A8A4693469B44002303
:10243000002502933C037B00FA0F0196240B5B0DF1
:10244000009200D188E1BF4A934200D192E0BE4A97
:10245000944663449B440A2D42DCE400730F2343FB
:102460008024494624041C43F3000193009B002070
:102470005940CBB20393022D00DC94E00123AB4022
:102480001D00A6232A00DB001A401D4200D029E2CD
:1024900090239B001D4200D14DE2002380249946E9
:1024A0002403A84B10004A461B052343D2071343BD
:1024B000190005B0F0BCBB46B246A946A046F0BD27
:1024C00052460243904600D0ACE19B46022392461E
:1024D00008250293AEE7009BA2469946019B9846C9
:1024E000029B022B00D1CAE1032B00D192E1012B08
:1024F00010D1002300240022D4E701227B083A40B7
:1025000013435246D2071343984653465B089A46F4
:10251000039B99465B46581C8023DB005B44002BE1
:1025200000DCB1E1424652070BD00F2241460A407F
:10253000042A06D04246111D414592418846524226
:1025400092445246D20106D55246804B1A4080230F
:102550009246DB00C3187E4A934200DD8FE142467B
:10256000D108524652070A4351465B054C02240BE0
:102570005B0D97E7734B26439C46E344002E00D146
:102580006FE1032349461D43009B5940CBB203939F
:102590000A2D00DD33E10123AB401D00032302932C
:1025A00088222A4297D1424643461204120C160052
:1025B00001981D0C030C0004000C4643B4461E0099
:1025C0006E430096160007005E436146B0466F43B7
:1025D0000E0CB8444644B74205D9802149028846CA
:1025E000009F4744009761460904090C370C3604E4
:1025F0008C463100614401911100260C2404240C06
:1026000061438C462100694389466146090C88462E
:1026100072434A4442447543914503D9802149029B
:1026200088464544110C884661460904090C8C46CD
:1026300012046244B91802915146090C8C46514665
:102640000F043F0C390041434544884661464143ED
:102650008A4641466046090C894658437B435344A9
:102660004B449A4503D98021490289464844190CB4
:10267000894641460904090C8846390061431B0418
:102680004344884661464C4371438C4641467743F8
:102690000E0C3F19F6194844B44203D9802149026F
:1026A0008946CC440299009F894631044F448946AB
:1026B0004146974292410C04240C4C44FF1852426C
:1026C0006419A1189F429B41884682465B42994605
:1026D00090459241AC42A441C244D144524264422A
:1026E000144399459B41824592415B4252421343B8
:1026F0004A46360CA419E31863445B02D20D1A4310
:10270000019992467A020A43501E8241FF0D1743F7
:102710004A4652021743B846DB0100D5EDE60D4BA1
:10272000039A5B449146002B00DCACE03A00520770
:1027300000D110E70F2258463A40042A00D0F9E6AB
:1027400009E7C046FF07000001FCFFFFFFFFFFFE97
:10275000FE070000FF030000220032436FD0002C70
:1027600000D1C2E0200000F01DFE020003000B3A81
:102770001D20821A30001900D04008398C40020018
:10278000224334008C405946CB1A86498B469B44E1
:102790000A2D00DDA4E64946009B01945940CBB2C6
:1027A000140000200393022D00DD67E6FBE653468C
:1027B000034398463CD05346002B00D1A3E050463B
:1027C00000F0F0FD0B235B429C46020084441100A4
:1027D0005046083988401D23804660461B1A200059
:1027E000D8400300404603439A4623008B40984656
:1027F0006C4B00259B1A9B46002302931AE60F2D73
:1028000000D0C9E0802352461B031A4202D01C426A
:1028100000D192E08024534624031C432403424603
:10282000240B3EE69B46032380460C25029301E6DB
:1028300000239A469B46013304250293FAE50121C1
:102840000D430A2D00DD4BE6494600984140C9B2D0
:102850000391022D00DC96E0002300240120019367
:102860000CE649460223009A2B435140CAB2039218
:102870000A2B00DD34E6002D57D1039B9946002436
:102880000022494B0EE658460121C91A382900DDBD
:102890002FE61F2956DD1F2254465242D31ADC4030
:1028A000202907D0414B42469C4653466044834012
:1028B0001A43904642460721531E9A410B00224379
:1028C00013400024114209D00F231340042B5DD084
:1028D000111D91429B410A005B425B07D2081A43DB
:1028E0000023DFE5039B9946FAE5019800F05AFDC5
:1028F00002000300153220331C2A00DC38E7019A5D
:10290000083882403FE700F04DFD15239C46844483
:102910000200634620321C2B00DC58E70023984657
:102920002300083883409A4662E71D0000230024F4
:1029300002200193A2E5029032E61C43009B019A1B
:102940009946AEE51A4B5246C31840469A40C840D5
:102950000243404698400300581E834154461A43A0
:10296000CC40530709D00F231340042B05D0131D6F
:10297000934292415242A4181A00230208D501231F
:10298000002400228EE5894600248BE50023A5E77C
:1029900063076402240BA1E7009BA2469946019BB2
:1029A000984637E70DFCFFFFFF0700003E040000DC
:1029B0001E040000F0B557464E464546DE46E0B5DB
:1029C00083B0009001910C034D00CE0F610A009C72
:1029D0005F00640F0C43009900920193C800190333
:1029E0007B0D9946019BCC4FDB0F9C464B0A00990F
:1029F0008046490F1943009B8B46DA0092466D0DC5
:102A0000B94500D1BFE00123614659404B468C4691
:102A1000EB1A8E4275D0002B00DCA3E24946002958
:102A200000D1CEE0BD4200D100E20127382B19DCF5
:102A3000802759463F0439438B461F2B00DDFAE1BE
:102A40002027F91A8C4659466746B9400F001100F5
:102A5000D9400F4361468A40511E8A415946D940A8
:102A60001743641AC71BB84280414042241A23020C
:102A700000D440E16402640A002C00D154E120003B
:102A800000F090FC0300083B20213800CA1AD04017
:102A90009C4002009F4022439D4200DDA6E1581B5E
:102AA0000130091A3C008F40C4407B1E9F41130037
:102AB0008B4027431F43C2403B00140000251343B3
:102AC00000D1F7E17B0700D177E30F2338003B40CB
:102AD000042B04D0381DB842BF417F42E4192302C1
:102AE00000D468E38C4B01359D4200D1F4E08B4B60
:102AF0006D051C406D0D6707C00864020743240B79
:102B0000ECE0002B00DC29E34946002900D0D6E0A8
:102B10005946114300D12EE1591E012B00D1E6E1A7
:102B2000BB4200D182E101270B00382914DC1F2BA6
:102B300000DD3CE22027F91A8C4659466746B94029
:102B40000F001100D9400F4361468A40511E8A414F
:102B50005946D940174364183F1887428041404284
:102B60002418230200D4C6E06B4B01359D4200D1EE
:102B7000B2E00121694B7A081C4039400A43E7075B
:102B8000174364089EE7664B11438A46EB180029F9
:102B900028D066452CD0002B5BD0002D00D12CE135
:102BA0005B4666465F07D2081743DD083B002B43B0
:102BB00000D1E2E0802424032C432403564D240B4F
:102BC0008CE05946114300D1D5E0591E012B00D1AC
:102BD000B9E1BB4200D1B1E101270B00382900DD8A
:102BE00040E72AE76146012779408C466645D2D105
:102BF000002B00D1C5E0002D00D055E14B4625004B
:102C0000054300D112E2591E8C46012B00D149E246
:102C1000414DAB4200D18FE20127382911DC6346D8
:102C20001F2B00DD5BE26146202327005B1A0500B5
:102C300098409F40CD40431E9841CC402F430743CE
:102C4000A344BF189742924152425A4414004D4641
:102C500087E7344F6B1C3B4200D0B6E05946230057
:102C600011430F000343002D00D026E1002B00D1BB
:102C7000C0E1002900D1A1E0831A98465B46404597
:102C8000AD41E31A6D425B1B80252D042B4200D120
:102C90004BE15B46101A824292411C1B0700012641
:102CA00063465242A41A27431E40002F00D142E13E
:102CB0002C4200D16DE2194B01251C401BE7BD429F
:102CC00000D13BE10127382B00DD45E7802759463D
:102CD0003F0439438B462AE7002400272D0525436E
:102CE000F60735433800290003B0F0BCBB46B246B6
:102CF000A946A046F0BD7B0704D00F233B40042B20
:102D000000D0E7E62B00F808034A67070743E50809
:102D1000934200D14AE7A5E0FF070000FFFF7FFFD5
:102D200001F8FFFFFE070000380000F03BFB030046
:102D300018331F2B00DCA7E63A00083882409D427A
:102D400000DD8AE05B1B581C1F2800DCD8E117005F
:102D50001F3BDF40202805D040231B1A9A40531EFA
:102D60009A4117430025002F00D1E5E07B0700D0F2
:102D7000ABE62C00C6E7C008C6E700270024D14D0B
:102D8000ACE7D14F6B1C3B4271D123000343002DB4
:102D900000D04EE15746002B00D1B5E1002F0DD0F9
:102DA0008318834280415C4440422418220200D5AB
:102DB000C8E11F009846274300D1BCE0434667079F
:102DC000DB081F43E50800234CE0831A98465B4666
:102DD0004045BF41E31A7F42DB1B1F027CD44746BC
:102DE0001F4300D1A6E01C00474645E6B74CED1A4C
:102DF00014407B0700D080E784E74B46250005435D
:102E000066D05F1E012B00D1FCE0AE4DAB4200D17D
:102E10005EE16646382F00DCB4E00120171ABA42A2
:102E200092415B4652424D469C1A20E66707C00815
:102E30000743E508BAE61F005946203FF9400F0056
:102E4000202B05D04021CB1A594699400A4392467F
:102E500053465A1E93411F4304E6EB1A9B4D1540FF
:102E60006F07ED082C035D05240B6D0D36E7954DBE
:102E7000AB4200D1D6E08218210082428041594401
:102E800040420818C707520817434408520700D4A5
:102E900085E10F221D003A40042A00D01AE6FF08FF
:102EA000640727430509DDE75B46D2085F07174340
:102EB000DD087BE60027002410E7002B00D0D6E0D9
:102EC000002900D02FE1802400267E4D240305E751
:102ED00066465C46D00817E75B46171ABA4292412D
:102EE0001C1B012663465242A41A1E40C4E58318E7
:102EF000834280415C44404225182A0200D4DAE033
:102F0000724A5B081540EA071A4369085B0700D458
:102F10004AE10F231340042B00D1FCE0171D974218
:102F2000A441644202256418ECE647461C001F4396
:102F300000D043E7002600250024CFE6C00867073D
:102F40000743E50832E6871A5B46B8428041E41A37
:102F50004042241A230228D46307FF081F43E508D0
:102F600001237FE7002B00D173E64B465F1B3B003C
:102F7000002D00D142E7382F00DDECE080230E0069
:102F80001B041C431F2F25DC20252300ED1B010003
:102F9000A840AB40F940451EA8410B43FC401843F4
:102FA0005B461B1B9B4639E76646012562E51F0011
:102FB0005946203FF9408C46202B05D040275946E2
:102FC000FB1A99400A43924657467B1E9F4163462F
:102FD0001F43C1E53B002500203BDD40202F04D0EE
:102FE0004023DB1B9C40204380464046431E9841C3
:102FF000284313E700299DD0012663465C4690468E
:103000001E40DBE6171A5B46BA4292411C1B524235
:10301000A41A2302C8D46307FF081F43664601238E
:10302000E5081FE71D000024002757E65C46D0088E
:103030006AE6002B00D137E75346C008670707430D
:10304000E508002B00D1B1E580231B031D4208D009
:103050005946C808184204D1D20849070A43170044
:1030600005007B0FFF00FF085B071F439EE5C008BC
:1030700063071843E508002953D080231B031D4232
:103080000AD05946CC081C4206D1012663462500C9
:10309000D008490708431E40470FC000C0087F07FB
:1030A000074383E58318934292415C445242A5183A
:1030B0002A0200D524E76F07DB081F43ED08012330
:1030C000D0E6C046FF070000FE070000FFFF7FFFBD
:1030D0005B46D2085F0766461743DD0866E52500B4
:1030E000203BDD406346202B05D0402361465B1A20
:1030F0009C402043804647467B1E9F412F43A0E5CE
:1031000020210027091AD2E4002F00D113E75C46E2
:1031100017000025F6E5D708490702230F432D09BC
:10312000A0E6070042E55B4601265F07DD0863462F
:10313000D20817431E4039E55B46D2085F071743A4
:10314000DD0833E51E4ADB082240570752020125FD
:103150001F43140BC2E50E0001205FE6002B0DD0CB
:103160004B465B1B9C46002D00D148E50127382BC0
:1031700000DD66E580231B041C4350E56B1C114DEC
:103180002B4200D073E65946230011438A4603437D
:1031900000E66707C00800230743E50862E6640706
:1031A000FF08274305095DE6D208490711430F00D0
:1031B00002232D0956E60700A4E538008FE4C04637
:1031C000FFFF7FFFFE07000010B5041E10D000F0C7
:1031D000E9F80E4B1B1A5B055B0D0A280FDC0B226E
:1031E0002100121AD14015300A038440120B01E06D
:1031F000002300221B0513432000190010BD2200EC
:103200000B38824012030024120BF3E71E04000067
:1032100070B542024300C40FFE201B0E591C550A14
:1032200008420CD0E02189008C466D07120B6344E4
:103230001B051343E40723432800190070BD002B2E
:1032400014D1002D1BD0280000F0ACF80A281CDC9B
:103250000B232A001B1ADA40030015339D400E4B46
:1032600012031B1A5B05120B5B0DE1E7002D09D061
:10327000130B802212031A436D07084BD8E7002373
:103280000022D5E70022054BD2E703002A000B3BC2
:103290009A400025E3E7C04689030000FF070000CD
:1032A000F0B54B000F035B0D3A4C450F83B07F0A1E
:1032B0005E1C2F4300900191CA0FC50026420BD01F
:1032C00035495C18FE2C13DDFF200023C005184390
:1032D000D207104303B0F0BD3D43002B01D10020C5
:1032E000F4E7002DF0D08023DB03FF203B43EDE724
:1032F000002C0CDD009BFF009B01581E8341690FD1
:103300003B430B43590727D1DB08E0B2DEE721003E
:10331000173131DB80211E2009043943001B1F288F
:103320002DDD02267642341B0E00E64034002028B4
:1033300004D01A488446634499400D432B00591E1B
:103340008B412343590703D00F21194004290BD186
:103350009B0100205B0AB9E70F211940042904D121
:103360009B015B0AE0B2B1E7002404335901F7D5B1
:1033700001340023E0B2A9E700200023A6E7084CAF
:103380001C192B00A540C340A140681E854129435C
:103390000B43D7E7FE07000080FCFFFFA2FCFFFF06
:1033A00082FCFFFF1C2101231B04984201D3000C67
:1033B00010391B0A984201D3000A08391B099842A8
:1033C00001D30009043902A2105C40187047C046BE
:1033D00004030202010101010000000000000000DE
:1033E00080B500AF254B1B78012B44D1244B012223
:1033F0001021180004F039FD502003F047FC204B49
:1034000000221021180004F030FD282003F03EFCBB
:103410001B4B01221021180004F027FD502003F05F
:1034200035FC174B00221021180004F01EFD282047
:1034300003F02CFC124B01221021180004F015FDA2
:10344000642003F023FC0E4B00221021180004F02E
:103450000CFD322003F01AFC094B01221021180048
:1034600004F003FD962003F011FC054B002210210F
:10347000180004F0FAFCC046BD4680BD13000020D1
:103480000004004880B500AF184B1B78012B29D1F0
:10349000174B01221021180004F0E7FC322003F042
:1034A000F5FB134B00221021180004F0DEFC322043
:1034B00003F0ECFB0E4B01221021180004F0D5FCA8
:1034C000322003F0E3FB0A4B01221021180004F024
:1034D000CCFC322003F0DAFB054B0022102118004F
:1034E00004F0C3FCC046BD4680BDC04613000020AA
:1034F0000004004880B500AF0A4B012210211800DB
:1035000004F0B3FC322003F0C1FB064B0022102173
:10351000180004F0AAFC322003F0B8FBC046BD46F8
:1035200080BDC0460004004880B500AF244B1B7826
:10353000012B41D1234B01221021180004F095FCEE
:10354000FA235B00180003F0A1FB1E4B00221021A0
:10355000180004F08AFCFA239B00180003F096FB85
:10356000184B01221021180004F07FFCFA235B00A5
:10357000180003F08BFB134B00221021180004F0FD
:1035800074FCFA239B00180003F080FB0D4B012212
:103590001021180004F069FCFA235B00180003F006
:1035A00075FB084B00221021180004F05EFCFA2382
:1035B0009B00180003F06AFBC046BD4680BDC046B4
:1035C000130000200004004880B500AF1E4B1B789C
:1035D000012B35D11D4B01221021180004F045FCB0
:1035E000322003F053FB194B00221021180004F085
:1035F0003CFC642003F04AFB144B0122102118000C
:1036000004F033FC322003F041FB104B0022102168
:10361000180004F02AFC642003F038FB0B4B012255
:103620001021180004F021FC322003F02FFB074B7F
:1036300000221021180004F018FC642003F026FB7F
:10364000C046BD4680BDC0461300002000040048AF
:1036500080B584B004AF514B01221A70002002F0F3
:1036600063FB4F4B009373236E220521052002F06C
:10367000C5FC4B4B00937323EB220521782002F00D
:10368000BDFC474B0093EB23EB227D21052002F08C
:10369000B5FC444B444800220292414A01926A46DA
:1036A000596811601B6802003C21112002F010FED5
:1036B0003C4B3E4800220292394A01926A465968C0
:1036C00011601B6802005621112002F001FE354BEB
:1036D000374800220292324A01926A4659681160C4
:1036E0001B6802003A21892002F0F2FD2D4B31487F
:1036F000002202922A4A01926A46596811601B68A8
:1037000002008721502002F0E3FD264B2A480022C8
:103710000292234A01926A46596811601B680200AE
:10372000AA21382002F0D4FD1E4B24480022029228
:103730001B4A01926A46596811601B680200CD213C
:10374000382002F0C5FD1E4B00933223322208219F
:10375000242002F0B1FC1B4B00932A2338220C21B9
:10376000962002F0A9FC0E4B02939C2301930F2399
:1037700000938C230F229421192002F039FE084B6C
:1037800002939C230193E12300938C23E122942153
:10379000D72002F02DFEC046BD4680BDA800002007
:1037A000FFFF000008000020C4B10008C8B10008F5
:1037B000CCB10008D4B10008DCB10008E8B10008C1
:1037C000D4B300085CC70008F0B597B004AF04009C
:1037D00008001100BB1D221C1A803B1D021C1A8010
:1037E000BB1C0A1C1A80BB1D1B88632B0ED8354BD3
:1037F000354800220292354A01926A4659681160A2
:103800001B6802003C21522002F062FDBB1C1B8899
:10381000632B0ED82B4B2C48002202922B4A01928C
:103820006A46596811601B6802005621B92002F0EF
:103830004FFDBB1D1A88264934243B19180006F099
:10384000B7FE3B1D1A88224920257B19180006F077
:10385000AFFEBB1C1A881E490C26BB19180006F0C7
:10386000A7FE184B381900220292184A01926A46A4
:10387000596811601B6802003C21322002F028FDCB
:10388000104B781900220292104A01926A46596838
:1038900011601B6802005621322002F019FD094B0D
:1038A000B81900220292094A01926A4659681160C9
:1038B0001B6802005621992002F00AFDC046BD4651
:1038C00013B0F0BD08000020F4B10008FFFF0000B5
:1038D000F8B1000880B586B004AF0200FB1D1A7075
:1038E000002302939C2301930F2300938C230F2228
:1038F0009421192002F07CFD002302939C23019364
:10390000E12300938C23E1229421D72002F070FD63
:1039100000230293BF2301930F230093AF230F22B1
:10392000B721192002F064FD00230293BF23019305
:10393000E1230093AF23E122B721D72002F058FD05
:1039400000230293E22301930F230093D2230F223B
:10395000DA21192002F04CFD00230293E2230193A7
:10396000E1230093D223E122DA21D72002F040FDA7
:10397000FB1D1B78022B37D04FDC002B02D0012B14
:1039800019D04AE0274B02939C2301930F23009305
:103990008C230F229421192002F02AFD214B02933F
:1039A0009C230193E12300938C23E1229421D720CF
:1039B00002F01EFD31E01B4B0293BF2301930F2346
:1039C0000093AF230F22B721192002F011FD154BF0
:1039D0000293BF230193E1230093AF23E122B72198
:1039E000D72002F005FD18E00E4B0293E22301936D
:1039F0000F230093D2230F22DA21192002F0F8FCC2
:103A0000084B0293E2230193E1230093D223E122A6
:103A1000DA21D72002F0ECFCC046C046BD4602B019
:103A200080BDC046FFFF000080B584B004AF4F4B9F
:103A300002221A70002002F077F94D4B00932D23DB
:103A4000EB220521052002F0D9FA4A4B4A48002210
:103A50000292474A01926A46596811601B68020047
:103A60000D213C2002F034FC414B0093EB23EB2270
:103A70003221052002F0C2FA404B41480022029256
:103A80003B4A01926A46596811601B6802003E2158
:103A9000412002F01DFC394B3A4800220292344A80
:103AA00001926A46596811601B6802006121412039
:103AB00002F00EFC314B3448002202922C4A019253
:103AC0006A46596811601B6802008421412002F097
:103AD000FFFB2A4B2D4800220292254A01926A469A
:103AE000596811601B680200A721412002F0F0FB19
:103AF000224B2748002202921D4A01926A465968C9
:103B000011601B680200C821412002F0E1FB184B44
:103B100000935023DC223721962002F06FFA144BD9
:103B200000937323DC225A21962002F067FA104B8F
:103B300000939623DC227D21962002F05FFA0C4B45
:103B40000093B923DC22A021962002F057FA084BFB
:103B500002934E2301931E2300933E231E224621EF
:103B6000282002F045FCC046BD4680BDA8000020CC
:103B7000FFFF000008000020E8B10008000000205E
:103B8000FCB10008CCB1000804B200080CB2000877
:103B900014B20008B0B590B004AF05000C001000DE
:103BA0001900BB1D2A1C1A803B1D221C1A80FB1CFD
:103BB000021C1A70BB1C0A1C1A70BB1D1A883D49D6
:103BC0001C243B19180006F0F3FC3B1D1A883949E8
:103BD00008257B19180006F0EBFC374B381900223A
:103BE0000292364A01926A46596811601B680200C7
:103BF0003C21AA2002F06CFB2F4B78190022029284
:103C00002E4A01926A46596811601B6802005F21C2
:103C1000AA2002F05DFBFB1C1B78002B10D0264B6A
:103C2000274800220292FC22D20001926A4659687B
:103C300011601B6802008021AA2002F049FB0FE0FE
:103C40001D4B204800220292F822120201926A467D
:103C5000596811601B6802008021AA2002F038FB1D
:103C6000BB1C1B78002B10D0134B1548002202926E
:103C7000FC22D20001926A46596811601B6802005A
:103C8000A321AA2002F024FB0FE00B4B0D480022D9
:103C90000292F822120201926A46596811601B686A
:103CA0000200A321AA2002F013FBC046BD460CB0BF
:103CB000B0BDC04620B2000800000020FFFF000099
:103CC00024B2000828B2000880B586B004AF020014
:103CD000FB1D1A70002302934E2301931E230093B1
:103CE0003E231E224621282002F082FB002302935D
:103CF000712301931E23009361231E226921282032
:103D000002F076FB00230293942301931E23009379
:103D100084231E228C21282002F06AFB00230293B8
:103D2000B72301931E230093A7231E22AF2128202F
:103D300002F05EFB00230293DA2301931E2300931B
:103D4000CA231E22D221282002F052FBFB1D1B7821
:103D5000042B45D89A00244BD3181B689F46234B4D
:103D600002934E2301931E2300933E231E224621DD
:103D7000282002F03DFB33E01C4B0293712301939A
:103D80001E23009361231E226921282002F030FBAC
:103D900026E0164B0293942301931E230093842361
:103DA0001E228C21282002F023FB19E00F4B0293E6
:103DB000B72301931E230093A7231E22AF2128209F
:103DC00002F016FB0CE0094B0293DA2301931E2349
:103DD0000093CA231E22D221282002F009FBC046EC
:103DE000C046BD4602B080BDC0B30008FFFF000062
:103DF00090B58DB000AF0200BB1D1A802F4BFB6247
:103E00002F4BBB622F4B7B622F4B3B622F4BFB61D7
:103E1000BB1D1B881800FDF7A1FA031C2C49181CB8
:103E2000FCF78AFC031C191CF86AFCF753FE031C00
:103E3000BB61B969B86AFCF74DFE031C1C1CB9696B
:103E4000F86AFCF7A1FF031C191C201CFCF774FC8A
:103E5000031C7B61796AFE208005FCF76DFC031C66
:103E60001C1C396A7869FCF767FC031C181C07F0F6
:103E70003BF8031C191C201CFCF72CFE031C1C1C0B
:103E8000F969FE208005FCF757FC031C191C201C57
:103E9000FCF760FA031C191CFE208005FCF74CFCA3
:103EA000031C3B610B493869FCF76EFF031CFB6088
:103EB000FB68181CBD460DB090BDC046333353405F
:103EC00000401C4600E076450050C347331395433D
:103ED00000F07F453393884390B585B000AF78609C
:103EE0007B68180003F036F801235A427B68110002
:103EF000180003F0C3F87B68180003F057F90200BC
:103F00000E243B191A807B68180003F077F83B19E0
:103F10001B881800BD4605B090BD000080B584B078
:103F200000AF78607B681A688023DB059A4200D076
:103F3000A4E07B681B685B6ABB60524B1B68BA6875
:103F4000D31AFB60FA6880231B029A4205DBFB68E8
:103F50004D4A94466344FB6009E0FB684B4A934238
:103F600005DAFB688022520294466344FB60484BAA
:103F70001A68FB68D218464B1A60454B1B68002B29
:103F800000DA01335B101A00424B1A603D4BBA68ED
:103F90001A60414B1B78DBB2012B23D13F4B1B78BE
:103FA000DBB2002B1ED13E4B1B78DBB2002B19D1AC
:103FB000384B1B68022B05DD364B00221A60344B50
:103FC00000221A60334B1B68002B05DA314B0222AA
:103FD0001A602F4B04221A602E4B1B68DBB21800AC
:103FE000FFF778FC2C4B1B78DBB2012B23D12B4B3A
:103FF0001B78DBB2002B1ED1294B1B78DBB2012BC7
:1040000019D1244B1B68012B05DD224B00221A60BD
:104010001F4B00221A601F4B1B68002B05DA1D4B3B
:1040200001221A601A4B02221A601A4B1B68DBB27B
:104030001800FFF74FFC184B1B78DBB2022B1DD189
:10404000184B1B78DBB2002B18D1124B1B68042BCA
:1040500005DD104B00221A600D4B00221A600D4B3B
:104060001B68002B05DA0B4B04221A60084B082250
:104070001A60084B1B681800FFF726FEC046BD46B5
:1040800004B080BD940000200000FFFF0080FFFF0F
:10409000980000209C000020A8000020AA0000201A
:1040A000AB000020A900002080B584B000AF020062
:1040B000BB1D1A80BB1D1B88042B0FD102F0DCFD39
:1040C0000300FB60074B1B68FA68D31AC82B05D99D
:1040D000054B01221A70034BFA681A60C046BD46B0
:1040E00004B080BDF8020020A000002080B586B09A
:1040F00000AF0200FB1D1A70FB1D1A7813009B0015
:104100009B185B007B610F4B3B612F23FB60796940
:104110000D48FCF703F80300013BBB600B4B1B6829
:10412000FA689A62094B1B68BA68DA62074BBA6888
:10413000DA60064B1B68BA6852089A63C046BD46EF
:1041400006B080BD006CDC0240420F00200200205F
:1041500090B585B000AF0200FB1D1A700F23FB184D
:1041600002221A700E23FB1802221A700D23FB186C
:1041700032221A7018E00F243B191B781800FFF741
:10418000B5FF114B0421180005F0B6F80D23FB18FC
:104190001B78180002F07AFD3B1939190E22BA1863
:1041A000097812788A181A700F23FA18FB1D1278F2
:1041B0001B789A42DFD3FB1D1B781800FFF796FF90
:1041C000C046BD4605B090BD2002002090B585B028
:1041D00000AF786000217868FCF77CF8031E01D0FE
:1041E00000237B6013497868FCF788F8031E01D030
:1041F000104B7B60104B1B68DB6AFB600D497868D5
:10420000FCF79AFA031C1C1CF868FDF7A7F8031CBE
:10421000191C201CFCF75EFC031C181CFCF782F820
:104220000300BB60044B1B68BA685A63C046BD46B6
:1042300005B090BD0000C842B0020020B0B58CB0FF
:1042400008AF02F0BFFC00F083FD01F003F800F0BE
:10425000E3FF00F027FE00F065FE00F0C7FD00F070
:1042600017FF00F077FFE64B3C21180005F020FA1D
:10427000E44B0021180005F03FF801F0ADFCFFF71A
:10428000AFF8FFF7E5F98023D9009023DB05012281
:10429000180003F0EAFD802359009023DB0501227A
:1042A000180003F0E2FDD84B1B881800FEF78CFFC6
:1042B00002000B00D5490A604B60D54B1B68181CE7
:1042C000FEF7A6FF02000B00D2490A604B60D249FC
:1042D000002200230A604B60CC4DCF4CCD49CF4823
:1042E0000023079301230693CD4ACE4B04920593F6
:1042F000CD4ACE4B02920393CD4ACE4B009201930E
:104300002B00220001F080F800200021C34C002285
:10431000C94B0092019302000B00200001F0CAF982
:10432000BE4B0121180001F0A0F9FA2002F0AEFC0A
:104330009023DB050821180003F07AFD03001A0022
:10434000BE4B1A70BE4B1800FFF7C6FD03001A00E3
:10435000BC4B1A80BB4B1B881800FFF749FD021CA1
:10436000AB4B1A60B84B1B78DBB2012B0DD1A84BBD
:104370001B68181CFBF7D6FF030098B2A24B1988E4
:10438000B24B1B781A00FFF71FFAAF4B1B78DBB25A
:10439000022B0CD19C4B1B881800AC4B1B781900CE
:1043A000AB4B1B781A00AB4B1B78FFF7F3FBAA4B08
:1043B0001B785BB2012B12D1A84B1B68002B0ED1CE
:1043C000A14B1B78DBB2012B09D1A54B1B78DBB2CB
:1043D000002B04D1A34B1B78DBB2002B04D0A24BE3
:1043E0001B78DBB2012B44D19B4B00221A709E4BF1
:1043F00000221A709B4B01221A70802359009023CF
:10440000DB050022180003F030FD984B984800228D
:104410000292984A01926A46596811601B6802002C
:1044200087213C2001F054FFFFF72CF88F4B924876
:10443000002202928F4A01926A46596811601B68F5
:10444000020087213C2001F043FF6F4B1B880A3B91
:104450001800FCF733FF021C6D4B1B68191C101C65
:10446000FBF742FF031E04D0784B1B781800FFF7C0
:104470006FFE7C4B1B78DBB2012B00D05EE17B4BE7
:104480007E48002202927B4A01926A465968116076
:104490001B6802008721582001F01AFF684B1800A2
:1044A000FFF71AFD03001A00664B1A80654B1B8844
:1044B0001800FFF79DFC021C554B1A60544B1B68FB
:1044C000181CFBF72FFF030098B24F4B19885F4B66
:1044D0001B781A00FFF778F94D4B1B68181CFEF784
:1044E00097FE02000B004B490A604B60464B1B884D
:1044F0001800FEF769FE02000B0044490A604B6099
:10450000464B180000F0CCFF031E0AD0424B1A683D
:104510005B6810001900FEF7C3FE031C181CFFF7B0
:1045200055FE394B1B88043B1800FCF7C7FE021CE4
:10453000374B1B68191C101CFBF7D6FE031E0CD052
:10454000424B1B781800FFF7D1FD4D4B042118009A
:1045500004F0D2FE4B4B01221A702B4B1B880F3BF1
:104560001800FCF7ABFE021C294B1B68191C101C21
:10457000FBF7CEFE031E07D0424B1B78DBB2012BAC
:1045800002D1404B00221A702C4B1B78002B03D118
:10459000304B1B78012B05D03A4B1B78DBB2002B3C
:1045A00000D086E02F4B00221A70154B1B680022AA
:1045B0005A62354B00221A60284B00221A60334B96
:1045C00000221A60254B1B68DBB21800FFF782F946
:1045D0002B4B0421180004F047FF8023590090233F
:1045E000DB050122180003F040FC0023181CFFF734
:1045F000EDFD0949002200230A604B6048E0C046F7
:1046000068020020B00200201000002030010020CD
:10461000A40000202001002028010020B00000207C
:10462000666666666666E63FFA7E6ABC7493783FA5
:104630009A9999999999E93F00005940AF00002053
:1046400038010020A2000020A80000201200002055
:1046500013000020AE000020A00000209C000020DD
:10466000AB000020AA000020AC00002008000020C1
:104670002CB20008FFFF000038B2000844B2000866
:1046800020020020AD0000209800002094000020AF
:10469000C64BC74800220292C64A01926A46596830
:1046A00011601B6802008721502001F011FEFEF707
:1046B0003BFFC14B1B785BB2012B3FD1BE4B0022AD
:1046C0001A70BE4B00221A70BD4B1B6800225A6242
:1046D000BC4B00221A60BC4B00221A60BB4B00226C
:1046E0001A60B94B1B68DBB21800FFF7F3F8B84B40
:1046F0000421180004F0B8FE802359009023DB0544
:104700000122180003F0B1FB0023181CFFF75EFD27
:10471000B049002200230A604B60A44BA448002249
:104720000292A44A01926A46596811601B6802000D
:104730008721502001F0CCFDFEF746FF9E4B1B78F1
:104740005BB2012B38D1A04B1B68012B34D1A24B9B
:104750001B78DBB2012B2FD1984B1B78DBB2002BDF
:104760002AD19E4B1B78DBB2002B25D1924B002225
:104770001A709A4B01221A708C4B994800220292AF
:104780008C4A01926A46596811601B680200AA218E
:10479000382001F09DFD854B924800220292854A07
:1047A00001926A46596811601B680200AA214C20D8
:1047B00001F08EFDFEF766FE884B1B78DBB2012B05
:1047C00000D0A9E0884B1B68181CFEF721FD0200F1
:1047D0000B0086490A604B60854B1B881800FEF76A
:1047E000F3FC02000B0083490A604B60824B180007
:1047F00000F056FE031E0AD0764B1A685B68100064
:104800001900FEF74DFD031C181CFFF7DFFC784B69
:104810001B88043B1800FCF751FD021C724B1B68FF
:10482000191C101CFBF760FD031E02D0734B012204
:104830001A70614B1B785BB2012B31D1624B1B6844
:10484000002B2DD1594B6E4800220292594A0192F9
:104850006A46596811601B680200AA21382001F0DD
:1048600037FD684B01221A70534B00221A705B4BC4
:1048700000221A70514B01221A70514B1B68002202
:104880005A62504B00221A604F4B00221A604F4B65
:1048900000221A604C4B1B68DBB21800FFF71AF8B5
:1048A000454B1B785BB2012B36D1474B1B68012B64
:1048B00032D1414B00221A70484B00221A7000235B
:1048C000181CFFF783FC4349002200230A604B6059
:1048D0003B4B1B6800225A623A4B00221A603A4B4B
:1048E00000221A60394B00221A60374B1B68DBB27A
:1048F0001800FEF7EFFF2D4B4148002202922D4A8F
:1049000001926A46596811601B680200AA2138208A
:1049100001F0DEFCFEF758FE274B1B785BB2012B43
:1049200022D1294B1B68022B1ED12B4B1B78DBB2EB
:10493000012B19D1204B00221A70204B00221A7033
:10494000264B00221A70FEF7D5FDFFF76DF81C4BC1
:104950001B6800225A621D4B00221A60194B00226C
:104960001A60194B00221A60134B1B785BB2012BA3
:1049700000D0A3E0144B1B68002B00D09EE0164B28
:104980001B78DBB2022B00D098E00B4B00221A7090
:104990001D4B01221A700E23FB18154A12881A802B
:1049A000094B1A680C23FB181A8082E008000020CB
:1049B0004CB20008FFFF0000A0000020AA00002069
:1049C00068020020980000209C0000209400002035
:1049D0002002002028010020A8000020AB000020B9
:1049E00054B2000858B20008A400002020010020A2
:1049F0001000002030010020B0000020AD00002099
:104A000060B20008AC000020A9000020642002F081
:104A10003DF9C44B1B689AB20C203B181B88D31A73
:104A20009AB2BB1D1A80BB1D00229B5E002B0BD0CF
:104A3000BB1D19880E22BB18BA1812888A181A8052
:104A4000B84B1A683B181A800E217B181A888223EB
:104A50005B009A4203D97B18822252001A800E22F0
:104A6000BB181B88B32B02D8BB18B4221A800E24A3
:104A70003B191888AC4B1B781900AC4B1B781A00FB
:104A8000AB4B1B78FFF786F8AA4B1B785BB2012B68
:104A90000FD1A84B00221A70A74B3A1912881A801E
:104AA000A64B00221A70A64B00221A609D4B0022D2
:104AB0001A60A24B1B78DBB2012BA7D09D4B1B7851
:104AC0005BB2012B00D06FE0964B1B68012B6BD1C2
:104AD0009C4B1B78DBB2022B66D1964B00221A70DE
:104AE000964B01221A700B23FB188F4A12781A700A
:104AF0008C4B1A680823FB181A8050E0642002F0DF
:104B0000C5F8884B1B689AB208203B181B88D31A3B
:104B10009AB23B1D1A803B1D00229B5E002B0CD0DD
:104B20003B1D1B88D9B20B22BB18BA1812788A1801
:104B30001A707C4B1A683B181A800B22BB181B7822
:104B4000642B02D9BB1864221A700B22BB181B7885
:104B5000032B02D8BB1804221A70774B1B8818004D
:104B60000B243B191978714B1B781A00704B1B787A
:104B7000FFF710F86F4B1B785BB2012B0FD16D4B19
:104B800000221A70684B3A1912781A706B4B002287
:104B90001A706B4B02221A60624B01221A60674B3B
:104BA0001B78DBB2012BA9D0624B1B785BB2012BC7
:104BB00044D15C4B1B68022B40D1624B1B78DBB2AB
:104BC000022B3BD15B4B00221A705C4B01221A7006
:104BD0002FE0642002F05AF8524B1B68022B17D0CA
:104BE000524B1B785A425341DBB21A004F4B1A709A
:104BF0004C4B02221A60504B1B8818004A4B1B7802
:104C000019004A4B1B781A00494B1B78FEF7C2FF6C
:104C1000484B1B785BB2012B0BD1464B00221A701C
:104C2000464B00221A70464B04221A603D4B02226A
:104C30001A60424B1B78DBB2012BCAD03D4B1B786C
:104C40005BB2012B44D1374B1B68032B40D13D4B4A
:104C50001B78DBB2022B3BD1364B00221A70374B4C
:104C600001221A702FE0642002F010F82D4B1B680F
:104C7000032B17D02E4B1B785A425341DBB21A003C
:104C80002B4B1A70274B03221A602B4B1B881800E2
:104C9000254B1B781900254B1B781A00244B1B78D9
:104CA000FEF778FF234B1B785BB2012B0BD1214B16
:104CB00000221A70214B00221A70214B08221A6020
:104CC000184B04221A601D4B1B78DBB2012BCAD093
:104CD000184B1B785BB2012B01D0FFF726FB114B61
:104CE0001B68042B01D0FFF720FB164B1B78DBB2AF
:104CF000022B01D0FFF719FB0E4B00221A70FEF7B2
:104D0000F9FBFEF7A5FC104B1B6800225A620F4B03
:104D100000221A600A4B00221A60024B00221A601D
:104D2000FFF703FB9C00002012000020130000206E
:104D3000AE000020A000002010000020A9000020EC
:104D400098000020A80000206802002094000020A5
:104D500090B591B000AF10243B19180030231A0011
:104D6000002105F047FC3B00180010231A00002129
:104D700005F040FC21007B1811221A607B180122EB
:104D80005A607B1801225A617B1810229A617B18A5
:104D900002221A627B18802252025A627B188022F9
:104DA000D2029A627B180022DA627B18180003F0A4
:104DB00095F8031E01D000F0E9FA3B0007221A60C3
:104DC0003B0002225A603B0000229A603B00002216
:104DD000DA603B000121180003F09AFB031E01D0AA
:104DE00000F0D4FAC046BD4611B090BD80B584B085
:104DF00000AF3B1D18000C231A00002105F0FAFB40
:104E0000264B274A1A60254B00225A60234B00226A
:104E10009A60224B0022DA60204B01221A611F4B5C
:104E200004225A611D4B00221A761C4B00225A762E
:104E30001A4B00229A76194B0022DA76174BC222BF
:104E4000FF32DA61154B00221A62144B2422002132
:104E50009954124B01229A62104B180001F03AFF4C
:104E6000031E01D000F092FA3B1D04221A603B1D84
:104E7000802252015A603B1D802252059A603A1DE1
:104E8000064B1100180002F09DF9031E01D000F03E
:104E90007DFAC046BD4604B080BDC0463801002042
:104EA0000024014080B500AF1C4B1D4A1A601B4B0B
:104EB000822252005A60194B802212029A60174BCC
:104EC000E022D200DA60154B02221A61134B012254
:104ED0005A61124B802292009A61104B0822DA61CB
:104EE0000E4B00221A620D4B00225A620B4B00221D
:104EF0009A620A4B0722DA62084B00221A63074BB8
:104F000000225A63054B180003F028FC031E01D051
:104F100000F03CFAC046BD4680BDC0467801002086
:104F20000030014080B596B000AF4823FB18180050
:104F300010231A00002105F05DFB4023FB18180028
:104F400008231A00002105F055FB2423FB18180044
:104F50001C231A00002105F04DFB3B1D18002023E7
:104F60001A00002105F046FB464B474A1A60454BA4
:104F700000225A60434B00229A60424B434ADA6057
:104F8000404B00221A613F4B00225A613D4B0022E8
:104F90009A613C4B180004F00FF9031E01D000F099
:104FA000F5F948217B18802252011A607A18354B96
:104FB0001100180004F0F4FD031E01D000F0E6F922
:104FC000304B180004F048F9031E01D000F0DEF960
:104FD00040217B1800221A607B1800225A607A1840
:104FE000284B1100180005F017FA031E01D000F03D
:104FF000CDF924217B1860221A607B1800225A60A8
:105000007B1800229A607B180022DA607B1800224D
:105010001A617B1800225A617B1800229A61791864
:10502000184B0422180004F0F5FC031E01D000F018
:10503000ADF93B1D00221A603B1D00225A603B1D4A
:1050400000229A603B1D0022DA603B1D00221A619B
:105050003B1D802292015A613B1D0022DA613A1DFC
:10506000084B1100180005F035FA031E01D000F0BE
:105070008DF9044B180001F099FCC046BD4616B0EE
:1050800080BDC04620020020002C0140FFFF000030
:1050900090B58DB000AF0C243B19180024231A00E2
:1050A000002105F0A7FA3B1D180008231A00002173
:1050B00005F0A0FA264B8022D2051A60244B00226C
:1050C0005A60234B00229A60214B01225242DA603F
:1050D0001F4B00221A611E4B00229A6121007B188F
:1050E00001221A607B1802225A607B1801229A6002
:1050F0007B180022DA607B1800221A617B180022DC
:105100005A617B1801229A617B180022DA617B18B0
:1051100000221A627A180E4B1100180004F020FACF
:10512000031E01D000F032F93B1D00221A603B1D26
:1051300000225A603A1D064B1100180005F06CF968
:10514000031E01D000F022F9C046BD460DB090BD4F
:105150006802002080B58AB000AF2023FB18180039
:1051600008231A00002105F045FA3B1D18001C23F6
:105170001A00002105F03EFA244B254A1A60234B01
:1051800000225A60214B00229A60204B214ADA60AB
:105190001E4B00221A611D4B00229A611B4B180006
:1051A00004F05AF8031E01D000F0F0F820217B181B
:1051B00000221A607B1800225A607A18134B1100E3
:1051C000180005F029F9031E01D000F0DFF83B1D9F
:1051D00060221A603B1D00225A603B1D00229A602B
:1051E0003B1D00221A61391D084B0022180004F0F3
:1051F00011FC031E01D000F0C9F8044B180001F0A7
:10520000D5FBC046BD460AB080BDC046B0020020F6
:1052100000040040FFFF000080B582B000AF0C4BDF
:105220005A690B4B01210A435A61094B5B69012200
:1052300013407B607B68002200210A2002F0BEFA46
:105240000A2002F0D0FAC046BD4602B080BDC0467A
:105250000010024090B589B000AF0C243B19180033
:1052600014231A00002105F0C5F9464B5A69454B35
:105270008021C9030A435A61424B5A698023DB03E8
:105280001340BB60BB683F4B5A693E4B802189028B
:105290000A435A613B4B5A6980239B0213407B604F
:1052A0007B68384B5A69374B8021C9020A435A61DF
:1052B000344B5A698023DB0213403B603B68324B1E
:1052C0000022D121180002F0D0FDA023D9009023A4
:1052D000DB050022180002F0C8FD3B1904221A6009
:1052E0003B19882252035A603B1900229A603A19EE
:1052F0009023DB051100180002F02AFC3B1908225C
:105300001A603B1900225A603B1900229A603A1930
:105310009023DB051100180002F01AFC3B19D12282
:105320001A603B1901225A603B1900229A603B190E
:105330000022DA603B19144A1900100002F008FC40
:1053400021007B18A022D2001A607B1801225A602B
:105350007B1800229A607B180022DA607A1890236A
:10536000DB051100180002F0F3FB002200210620EB
:1053700002F024FA062002F036FAC046BD4609B013
:1053800090BDC046001002400004004880B500AF48
:1053900072B6C046C046FDE780B582B000AF786007
:1053A0007B685B6C1A685B6879680A654B657B682B
:1053B0001B6C1A685B6879688A65CB657B68186DB9
:1053C000596D7B689A6EDB6EFAF75EFF031E06D09E
:1053D0007B689A6EDB6E79680A654B6510E07B68C6
:1053E000186D596D7B681A6E5B6EFAF739FF031EF4
:1053F00000D105E07B681A6E5B6E79680A654B65C3
:10540000C046BD4602B080BD90B58BB006AFF86017
:10541000B9607A603B60FB687A685A64FB68BA6876
:105420001A64FB683A689A64FB6800225A7000208C
:105430000021FC680022194B0092019302000B002E
:10544000200000F037F9FB6864229A603C23FB18C7
:105450001A78FB681100180000F028FA386A796A97
:10546000FC683823FB181B7804933A6B7B6B029221
:105470000393BA6AFB6A0092019302000B002000BA
:1054800000F080F901F0F8FB0200FB689B68D21A7B
:10549000FB685A60C046BD4605B090BD00E06F4055
:1054A000B0B58CB000AF78607B685B78002B01D121
:1054B0000023D6E001F0E0FB03007B627B685B68C1
:1054C0007A6AD31A3B627B689B683A6A9A4200D236
:1054D000C6E07B681B6C1A685B68BA61FB617B681D
:1054E0009B6C18685968BA69FB69FDF763FA02009A
:1054F0000B003A617B617B689A6DDB6DB869F96975
:10550000FDF758FA02000B00BA60FB607B681C6D67
:105510005D6D7B68186B596B3A697B69FCF764FFBA
:1055200002000B0020002900FBF75EFF02000B00C9
:1055300079680A654B657B681B78002B14D17B6802
:105540001C6D5D6D7B68986AD96ABA68FB68FCF768
:105550004BFF02000B0020002900FDF72BFA020090
:105560000B0079680A654B657B68186D596D7B681F
:105570009A6EDB6EFAF788FE031E06D07B689A6E81
:10558000DB6E79680A654B650FE07B68186D596DB5
:105590007B681A6E5B6EFAF763FE031E05D07B68AC
:1055A0001A6E5B6E79680A654B657B681B78002B09
:1055B0000BD07B689A6ADB6A38697969FCF714FF5B
:1055C00002000B00BA62FB6203E000220023BA6211
:1055D000FB627B681C6D5D6D7B68986BD96BBA68EC
:1055E000FB68FCF701FF02000B0020002900FDF71B
:1055F000E1F902000B00B86AF96AFBF7F5FE020058
:105600000B00BA62FB627B689A6EDB6EB86AF96A5D
:10561000FAF73AFE031E05D07B689A6EDB6EBA621B
:10562000FB620DE07B681A6E5B6EB86AF96AFAF786
:1056300017FE031E04D07B681A6E5B6EBA62FB62B3
:105640007B68596CBA6AFB6A0A604B607968BA6910
:10565000FB698A65CB657B687A6A5A60012300E042
:1056600000231800BD460CB0B0BD80B584B000AFBB
:1056700078600A00FB1C1A70FB1C1B78013B5A4225
:105680005341DAB20F217B181A707B181B78002B5C
:1056900007D07B685B78002B03D17B681800FFF78D
:1056A0007BFE7B680F22BA1812785A70C046BD463E
:1056B00004B080BD80B584B000AFF8603A607B6014
:1056C000BA69FB6938687968FAF7E8FD031E54D1B6
:1056D000F9683A687B680A664B66F968BA69FB69DB
:1056E0008A66CB66FB685B78002B47D0FB685B6CF7
:1056F00018685968FB689A6EDB6EFAF7C5FD031EE1
:1057000007D0FB68596CFB689A6EDB6E0A604B60D1
:1057100011E0FB685B6C18685968FB681A6E5B6E79
:10572000FAF79EFD031E06D0FB68596CFB681A6EE3
:105730005B6E0A604B60FB68186D596DFB689A6E72
:10574000DB6EFAF7A1FD031E06D0FB689A6EDB6ED6
:10575000F9680A654B6511E0FB68186D596DFB68C7
:105760001A6E5B6EFAF77CFD031E07D0FB681A6E9B
:105770005B6EF9680A654B6500E0C046BD4604B043
:1057800080BD000080B586B000AFF8603A607B60F5
:105790000022002338687968FAF762FD031E00D002
:1057A0007EE000220023386A796AFAF759FD031E69
:1057B00000D075E000220023B86AF96AFAF750FDBC
:1057C000031E6DD1FB6830217A1812789A707B180D
:1057D0001B78013B5A425341DBB21A00FB681A7036
:1057E000F9683A687B680A614B61F9683A6A7B6AD2
:1057F0008A61CB61F968BA6AFB6A0A624B62FB682C
:105800009B681800FDF7E0FC0022274BFCF7B2F97B
:1058100002000B003A617B61F9683A687B688A6232
:10582000CB623A697B69386A796AFCF7DDFD020070
:105830000B00F9680A634B633A697B69B86AF96AD5
:10584000FCF798F902000B00F9688A63CB63FB68E8
:10585000DB78012B25D1FB689A6ADB6A00200021E6
:10586000FDF7A8F802000B00F9688A62CB62FB68BA
:105870001A6B5B6B00200021FDF79CF802000B0007
:10588000F9680A634B63FB689A6BDB6B00200021AD
:10589000FDF790F802000B00F9688A63CB6300E023
:1058A000C046BD4606B080BD00408F4080B582B086
:1058B00000AF78600A00FB1C1A707B685B78002BD5
:1058C00029D07B68DB78FA1C12789A4223D07B6857
:1058D0009A6ADB6A00200021FDF76CF802000B00D9
:1058E00079688A62CB627B681A6B5B6B002000214F
:1058F000FDF760F802000B0079680A634B637B6870
:105900009A6BDB6B00200021FDF754F802000B00BE
:1059100079688A63CB637B68FA1C1278DA70C046B8
:10592000BD4602B080BD000080B582B000AF02006D
:10593000FB1D1A700E4B00220121180002F095FA8F
:105940000B4B00228021180002F08FFA01235B42EA
:10595000F91D0848012202F0B9FF054B012201217F
:10596000180002F082FAC046BD4602B080BDC046B3
:10597000000400487801002090B585B000AF786041
:105980003960274B00220121180002F06EFA244BE7
:1059900001228021180002F068FA33E03B6880227F
:1059A0005202934200D31F4B0E217A1813801E4BD4
:1059B0001B881A003B6893420FD37B181A887968BA
:1059C0001A4B180003F0E2F8C046184B5B6D212219
:1059D0009B5CDBB2012BF8D109E001235C420E2372
:1059E000FB181A8879681148230002F06FFF0E2116
:1059F0007B181B887A68D3187B607B181B883A68F1
:105A0000D31A3B603B68002BC8D1054B0122012112
:105A1000180002F02AFAC046BD4605B090BDC04647
:105A200000040048FFFF000014000020780100205F
:105A300080B582B000AF0200FB1D1A700E4B002231
:105A40000121180002F011FA0B4B012280211800ED
:105A500002F00BFA01235B42F91D0848012202F013
:105A600035FF054B01220121180002F0FEF9C04666
:105A7000BD4602B080BDC046000400487801002049
:105A800080B582B000AF0200FB1D1A703620FFF710
:105A90004BFFFB1D1B78032B14D017DC022B0DD002
:105AA00014DC002B02D0012B04D00FE0C020FFF744
:105AB000BFFF0CE0A020FFF7BBFF08E00020FFF7CE
:105AC000B7FF04E06020FFF7B3FF00E0C046C04628
:105AD000BD4602B080BD0000F0B587B000AF050044
:105AE0000C0010001900BB1D2A1C1A803B1D221C33
:105AF0001A80BB1C021C1A803B000A1C1A80354B02
:105B000000220121180002F0B0F916243B19BA1D39
:105B100012881A8014257B19BA1C12881A80122642
:105B2000BB193A1D12881A8010203B183A001288BF
:105B30001A802A20FFF7F8FE3B191B881B0A9BB22C
:105B4000DAB20C217B181A703B191B88DAB27B1869
:105B50005A707B191B881B0A9BB2DAB27B189A70A9
:105B60007B191B88DAB27B18DA707B1804211800C5
:105B7000FFF702FF2B20FFF7D7FEBB191B881B0A7C
:105B80009BB2DAB208217B181A70BB191B88DAB2F3
:105B90007B185A7010203B181B881B0A9BB2DAB284
:105BA0007B189A703B181B88DAB27B18DA707B1866
:105BB00004211800FFF7E0FE2C20FFF7B5FE054B8F
:105BC00001220121180002F050F9C046BD4607B07D
:105BD000F0BDC04600040048B0B58AB000AF9623BF
:105BE0001A014C4B0021180004F004FD0A2001F0BA
:105BF0004DF8494B00224021180002F036F90A20E6
:105C000001F044F8444B01224021180002F02DF924
:105C1000142001F03BF83A20FFF786FE5520FFF7ED
:105C200007FFB220FFF780FE20203B183B4A116897
:105C3000196012791A713B1805211800FFF79CFEB4
:105C40000220FFF71DFFB720FFF76EFE3520FFF79C
:105C5000EFFEBB20FFF768FE1920FFF7E9FEC0202A
:105C6000FFF762FE2C20FFF7E3FEC220FFF75CFE89
:105C70000120FFF7DDFEC320FFF756FE1220FFF7DD
:105C8000D7FEC420FFF750FE2020FFF7D1FEC6202C
:105C9000FFF74AFE0F20FFF7CBFED020FFF744FEB0
:105CA000A420FFF7C5FEA120FFF7C2FEE020FFF70A
:105CB0003BFE10257B191A4A13CA13C312881A8097
:105CC0007B190E211800FFF757FEE120FFF72CFE8D
:105CD0003B00144A13CA13C312881A803B000E21DA
:105CE0001800FFF749FE2120FFF71EFE1120FFF7E5
:105CF0001BFE1320FFF718FE2920FFF715FE3220A8
:105D000000F0C4FF002000F00FF8C046BD460AB006
:105D1000B0BDC046FC020020000400486CB2000880
:105D200074B2000884B2000880B584B000AF0200ED
:105D3000BB1D1A80EF23EF2200210020FFF7CCFECD
:105D4000174B00220121180002F08FF80E23FB18D8
:105D500000221A8014E0BB1D198896231A01114BEA
:105D6000180004F047FC96231A010E4B110018008E
:105D7000FFF702FE0E217B181A887B1801321A8069
:105D80000E23FB181B882F2BE5D9054B012201217F
:105D9000180002F06AF8C046BD4604B080BDC04697
:105DA00000040048FC02002090B585B000AF04005C
:105DB00008001100BB1D221C1A803B1D021C1A800A
:105DC000BB1C0A1C1A80BB1D1B88EF2B2ED83B1D49
:105DD0001B88EF2B2AD83B1D1C88BB1D1A883B1D36
:105DE0001988BB1D18882300FFF776FEBB1C1B8893
:105DF0001B0A9BB2DAB20C217B181A70BB1C1B88E1
:105E0000DAB20C007B185A700A4B002201211800EC
:105E100002F02BF83B1902211800FFF7ADFD054BEE
:105E200001220121180002F020F800E0C046BD4622
:105E300005B090BD00040048B0B586B000AF0500C5
:105E40000C0010001900BB1D2A1C1A803B1D221CCF
:105E50001A80BB1C021C1A803B000A1C1A803B00E3
:105E60001A883B1D1B88D31AD9175A184A40BB1CE5
:105E70001988BB1D1B88CB1AD9175B184B40012111
:105E80009A4201DC0023191CCAB212217B181A8025
:105E90007B181B88002B18D010217B18BA1D128884
:105EA0001A80BB1D3A1D12881A803B1D7A18128871
:105EB0001A807B18BA1C12881A80BB1C3A00128800
:105EC0001A803B007A1812881A80BA1DBB1C1288EF
:105ED0001B889A4218D910217B18BA1D12881A8083
:105EE000BB1DBA1C12881A80BB1C7A1812881A8033
:105EF0007B183A1D12881A803B1D3A0012881A80BE
:105F00003B007A1812881A80BA1CBB1D12881B88A5
:105F1000D31A9AB20E203B181A803B001A883B1DF8
:105F20001B88D31AD9175A184A400C23FB181A8019
:105F30001623FA183B1800215B5E002B00DA0133B0
:105F40005B1013803A1D3B0012881B889A4204D2D2
:105F50001423FB1801221A8044E01423FB180122A9
:105F600052421A803EE01223FB181B88002B0AD0F5
:105F70002823FB181A88BB1D19883B1D1B88180095
:105F8000FFF712FF09E02823FB181A883B1D198828
:105F9000BB1D1B881800FFF707FF16203B181A8847
:105FA0000C23FB181B88D31A9AB23B181A803B1893
:105FB00000229B5E002B10DA1423FB1819883B1D6E
:105FC0003A1D12888A181A803B181A880E23FB186B
:105FD0001B88D3189AB23B181A80BB1D1A88BB1DA8
:105FE00001321A80BA1DBB1C12881B889A42BAD98A
:105FF000C046C046BD4606B0B0BD0000B0B584B0D6
:1060000002AF05000C0010001900BB1D2A1C1A80ED
:106010003B1D221C1A80BB1C021C1A803B000A1C60
:106020001A80244B00220121180001F01EFF3B1DA5
:106030001C88BB1C1A883B1D1988BB1D1888182595
:106040007B191B8800932300FFF7F6FE3B001C889A
:10605000BB1D1A883B1D1988BB1D18887B191B881E
:1060600000932300FFF7E8FE3B001C88BB1C1A8846
:106070003B001988BB1D18887B191B8800932300DF
:10608000FFF7DAFE3B001C88BB1C1A883B1D1988F1
:10609000BB1C18887B191B8800932300FFF7CCFEDC
:1060A000044B01220121180001F0DFFEC046BD466D
:1060B00002B0B0BD00040048B0B582B000AF05002A
:1060C0000C0010001900BB1D2A1C1A803B1D221C4D
:1060D0001A80BB1C021C1A803B000A1C1A80BB1DC4
:1060E0001B88EF2B41D83B1D1B88EF2B3DD8BB1DD8
:1060F0001A88BB1C1B88D318F02B38DC3B1D1A8870
:106100003B001B88D318F02B33DC1C4B00220121F1
:10611000180001F0AAFEBA1DBB1C12881B88D318F8
:106120009BB2013B9CB23A1D3B0012881B88D318DE
:106130009BB2013B9AB23B1D1988BB1D1888130006
:106140002200FFF7C9FCBB1C1B883A00128853438E
:106150005A00BB6911001800FFF70EFC074B012223
:106160000121180001F081FE04E0C04602E0C046B3
:1061700000E0C046BD4602B0B0BDC04600040048C5
:1061800082B0B0B588B000AF04000800110004224E
:1061900030255219D2191360BB1D221C1A803B1DD9
:1061A000021C1A80FB1C0A1C1A70484B0022012199
:1061B000180001F05AFE04235B19DB191B781A0042
:1061C000BB1D1B88D3189BB2013B9AB204235B19F9
:1061D000DB195B7819003B1D1B88CB189BB2013B78
:1061E0009CB23B1D1988BB1D18882300FFF774FC67
:1061F0000023FB6153E0042330201B18DB195A688D
:10620000FB1C1B78203B04210918C91949784B4312
:106210001900FB69CB185B00D3181B887B61002336
:10622000BB6130E07A69BB699A4080231B0213404E
:1062300013D03C203B181B881B0A9BB2DAB21021FA
:106240007B181A703B181B88DAB27B185A707B18BF
:1062500002211800FFF790FB12E040203B181B883A
:106260001B0A9BB2DAB20C217B181A703B181B88F0
:10627000DAB27B185A707B1802211800FFF77CFBFA
:10628000BB690133BB61042330229B18DB191B78E7
:106290001A00BB699342C5D3FB690133FB61042338
:1062A00030229B18DB195B781A00FB699342A2D35A
:1062B000064B01220121180001F0D7FDC046BD4662
:1062C00008B0B0BC08BC02B01847C0460004004883
:1062D00082B0F0B587B004AF3A60042218241219D6
:1062E0000824A446BC4462441360BB1D021C1A80EF
:1062F0003B1D0A1C1A803D4B00220121180001F0B1
:10630000B4FD60E0BB1D1B88042218201218082170
:106310008C46BC44624412789B18EF2B23DDBB1DD6
:1063200000221A8004231B1808229446BC446344AC
:106330005B7819003B1D3A1D12888A181A803B1D94
:106340001B880422121808218C46BC4462445278EF
:106350009B18EF2B3CDC3B681B78202B03D13B6860
:1063600001333B602FE03B681D78042318269B19FE
:1063700008229446BC4463443A1D1488BA1D108810
:10638000282208215218D219128802922422521867
:10639000D219128801926A46596811601B682A0056
:1063A0002100FFF7EDFE04239B1908229446BC440C
:1063B00063441B781900BB1DBA1D12888A181A8005
:1063C0003B6801333B603B681B78002B9AD100E0AF
:1063D000C046064B01220121180001F046FDC046CF
:1063E000BD4603B0F0BC08BC02B01847000400482A
:1063F000F0B58DB002AF05000C0010001900BB1DF8
:106400002A1C1A803B1D221C1A80BB1C021C1A80ED
:106410003B000A1C1A80AB4B00220121180001F03E
:1064200024FD10203B1800221A800E243B19002264
:106430001A8026257B1900221A802426BB190022E7
:106440001A802223FB1800221A802022BB18002267
:106450001A801E217B1800221A801C217B18002222
:106460001A801A217B1800221A8018217B1800221A
:106470001A8016217B1800221A8014217B18002212
:106480001A8012217B1800221A80BB1C1A88BB1D9F
:106490001B88D31AD9175A184A403B181A803B0058
:1064A0001A883B1D1B88D31AD9175A184A403B1922
:1064B0001A807B19BA1D12881A80BB193A1D1288DE
:1064C0001A80BA1CBB1D12881B889A4208D322234B
:1064D000FB1801221A802022BB1801221A8009E031
:1064E0002223FB18012252421A802023FB1801228A
:1064F00052421A803A003B1D12881B889A4208D3E8
:106500001E23FB1801221A801C23FB1801221A806B
:1065100009E01E23FB18012252421A801C23FB189B
:10652000012252421A8010217A180E23FB180020F3
:10653000125E00201B5E9A4223DB2223FB180022FE
:106540001A801C23FB1800221A801A23FB187A18C1
:1065500012881A801823FA187B1800215B5E002B22
:1065600000DA01335B1013801623FB180E22BA18D1
:1065700012881A801423FB181022BA1812881A8065
:1065800023E02023FB1800221A801E23FB18002280
:106590001A801A23FB180E217A1812881A801823E1
:1065A000FA187B1800215B5E002B00DA01335B10C8
:1065B00013801623FB181022BA1812881A8014238D
:1065C000FB180E22BA1812881A801223FB18002218
:1065D0001A8062E026257B1918882426BB191988A1
:1065E0003C2308229B18DB191C8838239B18DB19D5
:1065F0001B889C4640239B18DB191B8800932300B3
:106600006246FFF719FC18217B181A881623FB181D
:106610001B88D3189AB27B181A807A181A203B1854
:106620000024125F00241B5F9A4219DB7B181A8832
:106630003B181B88D31A9AB27B181A807B191A88C8
:106640002223FB181B88D3189AB27B191A80BB1916
:106650001A881E23FB181B88D3189AB2BB191A80FC
:1066600026217B181A882023FB181B88D3189AB27E
:106670007B181A8024217B181A881C23FB181B887E
:10668000D3189AB27B181A8012217B1800229B5EC5
:106690009BB201339AB27B181A801223FA18142382
:1066A000FB180021525E00215B5E9A4292DD054B91
:1066B00001220121180001F0D8FBC046BD460BB0F5
:1066C000F0BDC0460004004880B582B000AF0F4B5B
:1066D0009A690E4B01210A439A610C4B9B69012276
:1066E00013407B607B68094BDA69084B80214905C0
:1066F0000A43DA61054BDA6980235B0513403B608E
:106700003B68C046BD4602B080BDC0460010024096
:1067100090B58BB000AF786014243B191800142397
:106720001A00002103F066FF7B681B68194A934238
:106730002BD1194B9A69184B802189000A439A6121
:10674000154B9A6980239B0013403B613B69124BB8
:106750005A69114B802189020A435A610E4B5A69CA
:1067600080239B021340FB60FB683B1910221A60D8
:106770003B1903225A603B1900229A603A19902370
:10678000DB051100180001F0E3F9C046BD460BB06F
:1067900090BDC046002401400010024090B58BB06F
:1067A00000AF786014243B19180014231A0000214C
:1067B00003F020FF7B681B682F4A934258D12F4B70
:1067C0009A692E4B802149010A439A612B4B9A69A1
:1067D00080235B0113403B613B69284B5A69274B7F
:1067E0008021C9020A435A61244B5A698023DB0283
:1067F0001340FB60FB6821007B1828221A607B187D
:1068000002225A607B1800229A607B180322DA6009
:106810007B1800221A617B18194A1900100001F038
:1068200097F9184B184A1A60164B10225A60154BEC
:1068300000229A60134B8022DA60124B00221A6108
:10684000104B00225A610F4B00229A610D4B80229F
:106850009201DA610B4B180000F0E2FF031E01D039
:10686000FEF794FD7B68074A5A65064B7A685A62C0
:10687000C046BD460BB090BD003001400010024044
:1068800000040048DC0100203000024080B584B0E4
:1068900000AF78607B681B680A4A93420DD10A4BAF
:1068A0009A69094B802109010A439A61064B9A694A
:1068B00080231B011340FB60FB68C046BD4604B04B
:1068C00080BDC046002C01400010024090B58BB046
:1068D00000AF786014243B19180014231A0000211B
:1068E00003F088FE7B681A688023DB059A4238D162
:1068F0001E4BDA691D4B01210A43DA611B4BDB6930
:10690000012213403B613B69184B5A69174B8021A8
:1069100089020A435A61154B5A6980239B0213402E
:10692000FB60FB6821007B1803221A607B1802229F
:106930005A607B1800229A607B180022DA607B186C
:1069400002221A617A189023DB051100180001F069
:10695000FFF8002200210F2000F030FF0F2000F090
:1069600042FFC046BD460BB090BDC046001002407D
:1069700080B584B000AF78607B681B68094A934299
:106980000BD1094BDA69084B02210A43DA61064B45
:10699000DB6902221340FB60FB68C046BD4604B0C1
:1069A00080BDC046000400400010024090B58BB08E
:1069B00000AF786014243B19180014231A0000213A
:1069C00003F018FE7B681B682B4A934226D12B4BA1
:1069D0005A692A4B802189020A435A61274B5A6916
:1069E00080239B0213403B613B693B19802292004C
:1069F0001A6021007B1802225A607B1800229A60DC
:106A00007B180022DA607B1802221A617A18902320
:106A1000DB051100180001F09BF829E07B681B687A
:106A2000174A934224D1154B5A69144B802189028D
:106A30000A435A61114B5A6980239B021340FB6041
:106A4000FB6814217B1840221A607B1802225A60CE
:106A50007B1800229A607B180022DA607B180122E2
:106A60001A617A189023DB051100180001F070F804
:106A7000C046BD460BB090BD002C01400010024046
:106A80000004004080B500AFC046FDE780B500AF10
:106A9000C046FDE780B500AFC046BD4680BD80B5AD
:106AA00000AFC046BD4680BD80B500AF00F0D2F853
:106AB000C046BD4680BD80B500AF042001F0F2F9AC
:106AC000C046BD4680BD000080B500AF034B180036
:106AD00000F054FFC046BD4680BDC046DC0100202A
:106AE00080B500AF034B180002F0A6FEC046BD46BD
:106AF00080BDC0466802002080B586B000AF7860D7
:106B0000144A154BD31A7B617B693B61134B1B689D
:106B1000002B02D1114B124A1A60104B1A687B6885
:106B2000D3183A699A4207D203F06CFD03000C2295
:106B30001A6001235B4209E0084B1B68FB60074BAE
:106B40001A687B68D218054B1A60FB681800BD46AE
:106B500006B080BD00200020000400005C0C002076
:106B6000B00D002080B500AFC046BD4680BD00001E
:106B70000D488546FFF7F6FF0C480D490D4A0023E6
:106B800002E0D458C4500433C4188C42F9D30A4AE2
:106B90000A4C002301E013600432A242FBD303F04D
:106BA00037FDFDF74BFBFEE7002000200000002032
:106BB00074000020D0FA000878000020AC0D0020FE
:106BC000FEE7000080B500AF074B1A68064B1021A6
:106BD0000A431A60032000F009F8FFF775FD00234F
:106BE0001800BD4680BDC0460020024090B583B06D
:106BF00000AF7860144B1C68144B1B781900FA2303
:106C00009800F9F78BFA030019002000F9F786FACB
:106C10000300180000F0F7FD031E01D001230FE070
:106C20007B68032B0BD8796801235B420022180094
:106C300000F0C4FD064B7A681A60002300E00123CF
:106C40001800BD4603B090BD1800002020000020B1
:106C50001C00002080B500AF054B1B781A00054BC7
:106C60001B68D218034B1A60C046BD4680BDC046A3
:106C700020000020600C002080B500AF024B1B6894
:106C80001800BD4680BDC046600C002080B584B0B1
:106C900000AF7860FFF7F0FF0300BB607B68FB602C
:106CA000FB68013305D00A4B1B781A00FB689B1860
:106CB000FB60C046FFF7E0FF0200BB68D31AFA682A
:106CC0009A42F7D8C046C046BD4604B080BDC04613
:106CD0002000002080B584B000AF78600F23FB183F
:106CE00000221A700023BB607B68002B01D10123B6
:106CF00025E17B689B6B002B0AD17B680022DA635D
:106D00007B683422002199547B681800FFF700FD4E
:106D10007B689B6B1022134000D003E10F23FB180C
:106D20001B78002B00D0FDE07B681B689B68042269
:106D3000134000D0F6E07B689B6B834A134002222D
:106D40001A437B689A637B681B689B680322134025
:106D5000012B12D17B681B681B6801221340012B99
:106D600009D07B681B68DA6880231B021A408023E5
:106D70001B029A4201D1012300E00023002B16D10F
:106D80007B681B68DB681822934319007B689A684C
:106D90007B681B680A43DA607B681B681B699B0081
:106DA00099087B685A687B681B680A431A617B688C
:106DB0001B68DA687B681B6864490A40DA607B6894
:106DC0001B7E9A037B685B7EDB031A437B689B7E9A
:106DD0005B031A437B689B6A012B02D080235B0113
:106DE00000E000231A437B68DB681A437B681B6959
:106DF000022B01D1042300E000231A437B682421E5
:106E00005B5C5B001343BA681343BB607B68DB7E4B
:106E1000012B15D17B689B7E002B05D1BB6880229E
:106E200052021343BB600BE07B689B6B20221A432A
:106E30007B689A637B68DB6B01221A437B68DA63A9
:106E40007B68DA69C223FF339A4207D07B68DA692C
:106E50007B681B6A1343BA681343BB607B681B687B
:106E6000D9687B681B68BA680A43DA607B68DA6AAB
:106E700080235B059A421BD07B68DB6A012B17D00D
:106E80007B68DB6A022B13D07B68DB6A032B0FD095
:106E90007B68DB6A042B0BD07B68DB6A052B07D091
:106EA0007B68DB6A062B03D07B68DB6A072B12D179
:106EB0007B681B685A697B681B6807218A435A6193
:106EC0007B681B6859697B68DB6A07221A407B680C
:106ED0001B680A435A617B681B68DB681C4A1340C5
:106EE000BA689A420BD17B680022DA637B689B6B9D
:106EF0000322934301221A437B689A631CE07B6858
:106F00009B6B1222934310221A437B689A637B681F
:106F1000DB6B01221A437B68DA630F23FB18012223
:106F20001A7009E07B689B6B10221A437B689A6396
:106F30000F23FB1801221A700F23FB181B7818006F
:106F4000BD4604B080BDC046FDFEFFFF1902FEFF36
:106F5000E7FF3F8390B585B000AF78600F23FB1843
:106F600000221A707B681B689B680422134038D18A
:106F70007B6834229B5C012B01D1022338E07B68C3
:106F80003422012199547B685B7E012B07D00F23AB
:106F9000FC187B68180000F023FA030023700F230D
:106FA000FB181B78002B20D17B689B6B124A134087
:106FB000802252001A437B689A637B680022DA635E
:106FC0007B683422002199547B681B681C221A605C
:106FD0007B681B689A687B681B6804210A439A6077
:106FE00003E00F23FB1802221A700F23FB181B78F3
:106FF0001800BD4605B090BDFEF0FFFFB0B584B0EF
:1070000000AF78600F23FB1800221A707B683422CF
:107010009B5C012B01D1022329E07B6834220121F2
:1070200099540F257C197B68180000F0CEFA0300F4
:1070300023707B191B78002B12D17C197B681800F8
:1070400000F052FA030023707B191B78002B07D144
:107050007B689B6B084A134001221A437B689A6342
:107060007B683422002199540F23FB181B781800E9
:10707000BD4604B0B0BDC046FEFEFFFF80B584B083
:1070800000AF786039607B685B69082B02D1082308
:10709000FB6014E07B681B68DB6801221340012B56
:1070A0000BD17B689B6B20221A437B689A637B68B9
:1070B000342200219954012371E00C23FB60FFF777
:1070C000DBFD0300BB601FE03B6801331CD03B6865
:1070D000002B07D0FFF7D0FD0200BB68D31A3A6837
:1070E0009A4211D27B681B681B68FA6813400BD167
:1070F0007B689B6B04221A437B689A637B6834220B
:107100000021995403234AE07B681B681B68FA68D6
:107110001340D9D07B689B6B802292001A437B6816
:107120009A637B681B68DA68C0231B0113402DD16A
:107130007B689B7E002B29D17B681B681B6808221B
:107140001340082B22D17B681B689B6804221340E4
:1071500010D17B681B685A687B681B680C218A43C6
:107160005A607B689B6B104A134001221A437B686C
:107170009A630BE07B689B6B20221A437B689A63BF
:107180007B68DB6B01221A437B68DA637B681B7EBA
:10719000002B03D17B681B680C221A6000231800A7
:1071A000BD4604B080BDC046FEFEFFFF80B582B084
:1071B00000AF78607B681B681B6C1800BD4602B08E
:1071C00080BD000080B584B000AF786039600F23C7
:1071D000FB1800221A700023BB607B68DA6A8023E8
:1071E0005B059A4211D07B68DB6A012B0DD07B686E
:1071F000DB6A022B09D07B68DB6A032B05D07B6836
:10720000DB6A042B01D07B68DB6A7B6834229B5CE1
:10721000012B01D10223D0E07B6834220121995453
:107220007B681B689B680422134000D0B4E03B6875
:107230005B68644A934200D182E07B681B68996A6C
:107240003B681B6801229A407B681B680A439A626C
:107250007B68DA6A80235B059A4237D07B68DB6AF9
:10726000012B33D07B68DB6A022B2FD07B68DB6A73
:10727000032B2BD07B68DB6A042B27D07B68DB6A6F
:10728000052B23D07B68DB6A062B1FD07B68DB6A6B
:10729000072B1BD03B689A687B681B685B690721DA
:1072A0000B409A4212D07B681B685A697B681B6846
:1072B00007218A435A617B681B6859693B689B6850
:1072C00007221A407B681B680A435A613B681B68A7
:1072D000102B07D03B681B68112B03D03B681B6841
:1072E000122B63D1384B19683B681B68102B09D0EF
:1072F0003B681B68112B02D18023DB0304E0802351
:107300005B0401E080231B042F4A0B4313603B689E
:107310001B68102B4AD12D4B1B682D491800F8F71C
:10732000FDFE03001A0013009B009B185B00BB606E
:1073300002E0BB68013BBB60BB68002BF9D135E0C4
:107340007B681B689A6A3B681B68012199400B00A7
:10735000D9437B681B680A409A623B681B68102B04
:1073600007D03B681B68112B03D03B681B68122BAE
:107370001CD1154B19683B681B68102B07D03B6864
:107380001B68112B01D1134B02E0134B00E0134B90
:107390000D4A0B40136009E07B689B6B20221A4367
:1073A0007B689A630F23FB1801221A707B683422D2
:1073B000002199540F23FB181B781800BD4604B018
:1073C00080BDC046011000000827014018000020C1
:1073D00040420F00FFFFBFFFFFFFFFFEFFFF7FFFE9
:1073E00080B584B000AF78600023FB600023BB60F1
:1073F0007B681B689B6803221340012B12D17B68BA
:107400001B681B6801221340012B09D07B681B6895
:10741000DA6880231B021A4080231B029A4201D1A2
:10742000012300E00023002B52D17B681B689B687E
:107430002A4A13400DD07B689B6B10221A437B684D
:107440009A637B68DB6B01221A437B68DA63012352
:107450003FE07B681B689A687B681B6801210A43D0
:107460009A601F4B1B681F491800F8F757FE03006E
:10747000BB6002E0BB68013BBB60BB68002BF9D17D
:10748000FFF7FAFB0300FB601BE0FFF7F5FB0200D0
:10749000FB68D31A022B14D97B681B681B68012276
:1074A0001340012B0DD07B689B6B10221A437B6825
:1074B0009A637B68DB6B01221A437B68DA630123E2
:1074C00007E07B681B681B6801221340012BDCD19D
:1074D00000231800BD4604B080BDC04617000080E0
:1074E0001800002040420F0080B584B000AF7860E3
:1074F0000023FB607B681B689B6803221340012B01
:1075000012D17B681B681B6801221340012B09D034
:107510007B681B68DA6880231B021A4080231B02E9
:107520009A4201D1012300E00023002B48D07B6860
:107530001B689B6805221340012B10D17B681B68D8
:107540009A687B681B6802210A439A607B681B6803
:1075500003221A60FFF790FB0300FB6029E07B68C1
:107560009B6B10221A437B689A637B68DB6B01225A
:107570001A437B68DA63012323E0FFF77DFB0200F7
:10758000FB68D31A022B14D97B681B689B68012205
:107590001340012B0DD17B689B6B10221A437B6833
:1075A0009A637B68DB6B01221A437B68DA630123F1
:1075B00007E07B681B689B6801221340012BDCD02D
:1075C00000231800BD4604B080BD80B584B000AF74
:1075D00078600023FB607B681B689B680422134073
:1075E0003AD07B681B689B6804221340042B0DD1A2
:1075F0007B681B689B680222134007D17B681B686D
:107600009A687B681B6810210A439A60FFF734FB75
:107610000300FB601AE0FFF72FFB0200FB68D31AA0
:10762000022B13D97B681B689B68042213400DD082
:107630007B689B6B10221A437B689A637B68DB6BC9
:1076400001221A437B68DA63012306E07B681B682A
:107650009B6804221340DED100231800BD4604B00D
:1076600080BD000080B582B000AF0200FB1D1A7023
:10767000FB1D1B787F2B09D8FB1D1B781A001F23CD
:107680001A40044B012191400A001A60C046BD46D1
:1076900002B080BD00E100E090B583B000AF020011
:1076A0003960FB1D1A70FB1D1B787F2B28D82F4AD1
:1076B000FB1D1B785BB29B08C0339B009B58FA1DD7
:1076C0001278110003220A40D200FF2191400A00E3
:1076D000D2431A4011003B689B01FF221A40FB1D58
:1076E0001B78180003230340DB009A401F48FB1D52
:1076F0001B785BB29B080A43C0339B001A5031E0F1
:107700001B4AFB1D1B7819000F230B40083B9B08ED
:1077100006339B00D31804331B68FA1D127811003E
:1077200003220A40D200FF2191400A00D2431A40AE
:1077300011003B689B01FF221A40FB1D1B781800BB
:1077400003230340DB009A400948FB1D1B781C0003
:107750000F232340083B9B080A4306339B00C318B2
:1077600004331A60C046BD4603B090BD00E100E09E
:1077700000ED00E080B582B000AF78607B685A1EF3
:1077800080235B049A4201D3012310E00A4B7A68FC
:10779000013A5A6001235B4203211800FFF77CFF86
:1077A000054B00229A60044B07221A600023180040
:1077B000BD4602B080BDC04610E000E080B584B098
:1077C00000AFB9607A600F217B18021C1A70BA688A
:1077D0007B181B785BB211001800FFF75DFFC046F5
:1077E000BD4604B080BD80B582B000AF0200FB1D75
:1077F0001A70FB1D1B785BB21800FFF733FFC04601
:10780000BD4602B080BD80B582B000AF78607B68B5
:107810001800FFF7AFFF03001800BD4602B080BD9F
:1078200080B584B000AF78600023FB607B68002BDC
:1078300001D1012336E07B682122022199547B6823
:107840001B681B68FB60FB68184A1340FB607B6881
:107850005A687B689B681A437B68DB681A437B68BD
:107860001B691A437B685B691A437B689B691A43EF
:107870007B68DB691343FA681343FB607B681B6812
:10788000FA681A607B68180000F046F97B680022ED
:107890009A637B682122012199547B682022002170
:1078A000995400231800BD4604B080BD0FC0FFFFEF
:1078B00080B586B000AFF860B9607A603B6017238E
:1078C000FB1800221A70FB6820229B5C012B01D15F
:1078D00002234FE0FB68202201219954FB682122FA
:1078E0009B5CDBB2012B3AD1FB6821220221995427
:1078F000FB6800229A63FB681B681A68FB681B68B8
:1079000001218A431A603B687A68B968F86800F018
:10791000D7F8FB68DB6A002B08D0FB681B681A6885
:10792000FB681B680E210A431A600FE0FB681B68A6
:107930001A68FB681B680A210A431A60FB681B6807
:107940001A68FB681B6804218A431A60FB681B687D
:107950001A68FB681B6801210A431A6007E0FB688C
:107960002022002199541723FB1802221A70172392
:10797000FB181B781800BD4606B080BD80B584B0EA
:1079800000AF78607B68DB6B1B68FB607B681B6803
:107990001B68BB607B681B6C04229A401300FA686A
:1079A000134024D0BB680422134020D07B681B689E
:1079B0001B682022134007D17B681B681A687B680C
:1079C0001B6804218A431A607B681A6C7B68DB6B36
:1079D000042191400A005A607B68DB6A002B00D1C9
:1079E0006AE07B68DB6A7A681000984764E07B682D
:1079F0001B6C02229A401300FA6813402BD0BB681C
:107A00000222134027D07B681B681B68202213408A
:107A10000BD17B681B681A687B681B680A218A4344
:107A20001A607B682122012199547B681A6C7B685B
:107A3000DB6B022191400A005A607B682022002102
:107A400099547B689B6A002B36D07B689B6A7A6866
:107A50001000984730E07B681B6C08229A401300A6
:107A6000FA68134028D0BB680822134024D07B68F2
:107A70001B681A687B681B680E218A431A607B6842
:107A80001A6C7B68DB6B012191400A005A607B68AD
:107A900001229A637B682122012199547B6820226C
:107AA000002199547B681B6B002B05D07B681B6BF6
:107AB0007A6810009847FFE7C046BD4604B080BD15
:107AC00080B584B000AFF860B9607A603B60FB6855
:107AD0001A6CFB68DB6B012191400A005A60FB685D
:107AE0001B683A685A60FB685B68102B08D1FB681A
:107AF0001B687A689A60FB681B68BA68DA6007E0FE
:107B0000FB681B68BA689A60FB681B687A68DA6071
:107B1000C046BD4604B080BD80B582B000AF78607D
:107B20007B681B68084A9446634414211800F8F7E0
:107B3000F5FA03009A007B681A647B68034ADA63EB
:107B4000C046BD4602B080BDF8FFFDBF0000024048
:107B500080B586B000AF7860396000237B614FE16B
:107B60003B681B6801217A6991400A001340FB6061
:107B7000FB68002B00D140E13B685B6803221340A7
:107B8000012B05D03B685B6803221340022B30D1E8
:107B90007B689B683B617B695B0003229A40130012
:107BA000DA433B6913403B613B68DA687B695B0001
:107BB0009A4013003A6913433B617B683A699A60C3
:107BC0007B685B683B6101227B699A401300DA4362
:107BD0003B6913403B613B685B681B0901221A400B
:107BE0007B699A4013003A6913433B617B683A69A9
:107BF0005A603B685B6803221340032B17D07B68F5
:107C0000DB683B617B695B0003229A401300DA4327
:107C10003B6913403B613B689A687B695B009A4013
:107C200013003A6913433B617B683A69DA603B6849
:107C30005B6803221340022B23D17B69DA087B683F
:107C400008329200D3583B617B69072213409B00A6
:107C50000F229A401300DA433B6913403B613B68B3
:107C60001A697B6907210B409B009A4013003A690F
:107C700013433B617B69DA087B68083292003969FB
:107C8000D1507B681B683B617B695B0003229A4093
:107C90001300DA433B6913403B613B685B68032296
:107CA0001A407B695B009A4013003A6913433B61B9
:107CB0007B683A691A603B685A68C0239B0213408C
:107CC00000D19AE0544B9A69534B01210A439A61BF
:107CD000514B9B6901221340BB60BB684F4A7B69D3
:107CE0009B0802339B009B583B617B690322134036
:107CF0009B000F229A401300DA433B6913403B611B
:107D00007A689023DB059A4213D07B68444A9342F9
:107D10000DD07B68434A934207D07B68424A934226
:107D200001D1032306E0052304E0022302E001233E
:107D300000E000237A6903210A40920093403A69E7
:107D400013433B6135497B699B0802339B003A69C9
:107D50005A50364B9B683B61FB68DA433B691340E2
:107D60003B613B685A6880235B03134003D03A6948
:107D7000FB6813433B612D4B3A699A602B4BDB68E0
:107D80003B61FB68DA433B6913403B613B685A68DF
:107D900080239B03134003D03A69FB6813433B6184
:107DA000224B3A69DA60214B5B683B61FB68DA433E
:107DB0003B6913403B613B685A6880239B02134038
:107DC00003D03A69FB6813433B61184B3A695A6028
:107DD000164B1B683B61FB68DA433B6913403B6110
:107DE0003B685A6880235B02134003D03A69FB6802
:107DF00013433B610D4B3A691A607B6901337B6128
:107E00003B681A687B69DA40131E00D0A8E6C046BA
:107E1000C046BD4606B080BD0010024000000140D3
:107E20000004004800080048000C0048000401401D
:107E300080B584B000AF78600A00BB1C1A807B68F4
:107E40001B69BA1C1288134004D00F23FB180122AF
:107E50001A7003E00F23FB1800221A700F23FB187F
:107E60001B781800BD4604B080BD80B582B000AF5D
:107E7000786008001100BB1C021C1A807B1C0A1CC5
:107E80001A707B1C1B78002B04D0BB1C1A887B68E3
:107E90009A6103E0BB1C1A887B689A62C046BD46A3
:107EA00002B080BD80B582B000AF0200BB1D1A8059
:107EB000094B5B69BA1D1288134008D0064BBA1DE6
:107EC00012885A61BB1D1B881800FCF7EDF8C046EC
:107ED000BD4602B080BDC0460004014080B588B0F8
:107EE00000AF78607B68002B01D1012301E37B6840
:107EF0001B680122134000D18DE0C34B5B680C224C
:107F00001340042B0ED0C04B5B680C221340082B8F
:107F100016D1BD4B5A6880235B021A4080235B0256
:107F20009A420DD1B84B1A6880239B02134000D1AE
:107F300070E07B685B68002B00D06BE00123D8E227
:107F40007B685B68012B07D1AF4B1A68AE4B802171
:107F500049020A431A602FE07B685B68002B0CD152
:107F6000A94B1A68A84BA9490A401A60A64B1A687F
:107F7000A54BA7490A401A601EE07B685B68052B89
:107F80000ED1A14B1A68A04B8021C9020A431A6086
:107F90009D4B1A689C4B802149020A431A600BE0F2
:107FA000994B1A68984B99490A401A60964B1A687F
:107FB000954B97490A401A607B685B68002B14D088
:107FC000FEF75AFE0300BB6108E0FEF755FE020013
:107FD000BB69D31A642B01D903238AE28A4B1A683E
:107FE00080239B021340F0D015E0FEF745FE03000E
:107FF000BB6108E0FEF740FE0200BB69D31A642BA8
:1080000001D9032375E2804B1A6880239B02134039
:10801000F0D100E0C0467B681B680222134000D10B
:1080200069E0794B5B680C2213400BD0764B5B68A0
:108030000C221340082B1CD1734B5A6880235B021F
:10804000134016D1704B1B680222134005D07B6889
:10805000DB68012B01D001234BE26B4B1B68F8223C
:10806000934319007B681B69DA00674B0A431A6067
:1080700041E07B68DB68002B24D0634B1A68624BBD
:1080800001210A431A60FEF7F7FD0300BB6108E017
:10809000FEF7F2FD0200BB69D31A022B01D90323BC
:1080A00027E2594B1B6802221340F1D0564B1B6844
:1080B000F822934319007B681B69DA00524B0A438C
:1080C0001A6018E0504B1A684F4B01218A431A601E
:1080D000FEF7D2FD0300BB6108E0FEF7CDFD020014
:1080E000BB69D31A022B01D9032302E2464B1B685A
:1080F00002221340F1D17B681B680822134036D05E
:108100007B68DB69002B19D03F4B5A6A3E4B01213B
:108110000A435A62FEF7B0FD0300BB6108E0FEF7B8
:10812000ABFD0200BB69D31A022B01D90323E0E1A6
:10813000354B5B6A02221340F1D018E0324B5A6A89
:10814000314B01218A435A62FEF796FD0300BB6161
:1081500008E0FEF791FD0200BB69D31A022B01D99A
:108160000323C6E1284B5B6A02221340F1D17B68EE
:108170001B680422134000D1B4E01F203B180022EA
:108180001A70214BDA6980235B05134010D11E4B16
:10819000DA691D4B802149050A43DA611A4BDA6915
:1081A00080235B051340FB60FB683B1801221A70BB
:1081B000184B1A6880235B0013401AD1154B1A68BC
:1081C000144B802149000A431A60FEF755FD030055
:1081D000BB6108E0FEF750FD0200BB69D31A642BB7
:1081E00001D9032385E10B4B1A6880235B00134000
:1081F000F0D07B689B68012B0ED1034B1A6A024BAF
:1082000001210A431A6235E000100240FFFFFEFF21
:10821000FFFFFBFF007000407B689B68002B0CD1C8
:10822000B64B1A6AB54B01218A431A62B34B1A6ADC
:10823000B24B04218A431A621CE07B689B68052BC1
:108240000CD1AE4B1A6AAD4B04210A431A62AB4BF8
:108250001A6AAA4B01210A431A620BE0A74B1A6A59
:10826000A64B01218A431A62A44B1A6AA34B04212C
:108270008A431A627B689B68002B14D0FEF7FCFCD3
:108280000300BB6109E0FEF7F7FC0200BB69D31AEB
:108290009B4A934201D903232BE1984B1B6A02228C
:1082A0001340F0D013E0FEF7E7FC0300BB6109E0E8
:1082B000FEF7E2FC0200BB69D31A914A934201D94E
:1082C000032316E18D4B1B6A02221340F0D11F23BA
:1082D000FB181B78012B05D1884BDA69874B89493C
:1082E0000A40DA617B681B681022134063D07B6808
:1082F0005B69012B2AD1814B5A6B804B04210A43C5
:108300005A637E4B5A6B7D4B01210A435A63FEF739
:10831000B3FC0300BB6108E0FEF7AEFC0200BB69E2
:10832000D31A022B01D90323E3E0744B5B6B0222C7
:108330001340F1D0714B5B6BF822934319007B68BB
:108340009B69DA006D4B0A435A6334E07B685B69D2
:10835000053311D1694B5A6B684B04218A435A6328
:10836000664B5B6BF822934319007B689B69DA00CC
:10837000624B0A435A631EE0604B5A6B5F4B042109
:108380000A435A635D4B5A6B5C4B01218A435A6323
:10839000FEF772FC0300BB6108E0FEF76DFC020013
:1083A000BB69D31A022B01D90323A2E0534B5B6BA9
:1083B00002221340F1D17B681B6A002B00D197E0A9
:1083C0004E4B5B680C221340082B00D16BE07B689E
:1083D0001B6A022B4CD1494B1A68484B4A490A4048
:1083E0001A60FEF749FC0300BB6108E0FEF744FC9D
:1083F0000200BB69D31A022B01D9032379E03F4B5A
:108400001A6880239B041340F0D13C4BDB6A0F2297
:10841000934319007B68DA6A384B0A43DA62374BB8
:108420005B683A4A134019007B689A6A7B685B6A0A
:108430001A43324B0A435A60304B1A682F4B802143
:1084400049040A431A60FEF717FC0300BB6108E009
:10845000FEF712FC0200BB69D31A022B01D90323D9
:1084600047E0264B1A6880239B041340F0D03FE07E
:10847000224B1A68214B24490A401A60FEF7FCFB84
:108480000300BB6108E0FEF7F7FB0200BB69D31AEB
:10849000022B01D903232CE0184B1A6880239B047C
:1084A0001340F0D124E07B681B6A012B01D101232A
:1084B0001FE0124B5B687B61104BDB6A3B617A69A2
:1084C00080235B021A407B685B6A9A420ED13B694B
:1084D0000F221A407B68DB6A9A4207D17A69F0233F
:1084E0009B031A407B689B6A9A4201D0012300E0FB
:1084F00000231800BD4608B080BDC04600100240F1
:1085000088130000FFFFFFEFFFFFFFFEFFFFC2FF2A
:1085100080B584B000AF786039607B68002B01D1F2
:108520000123B3E05B4B1B68012213403A689A4277
:1085300011D9584B1B68012293431900554B3A68D7
:108540000A431A60534B1B68012213403A689A424F
:1085500001D001239AE07B681B680222134015D0EA
:108560007B681B680422134006D04B4B5A684A4B69
:10857000E021C9000A435A60474B5B68F0229343ED
:1085800019007B689A68444B0A435A607B681B68F1
:108590000122134040D07B685B68012B07D13E4B22
:1085A0001A6880239B02134014D101236EE07B687C
:1085B0005B68022B07D1384B1A6880239B04134059
:1085C00008D1012362E0344B1B680222134001D121
:1085D00001235BE0304B5B680322934319007B6807
:1085E0005A682D4B0A435A60FEF746FB0300FB60B6
:1085F00009E0FEF741FB0200FB68D31A274A9342C9
:1086000001D9032342E0244B5B680C221A407B68AB
:108610005B689B009A42ECD11E4B1B680122134001
:108620003A689A4211D21B4B1B68012293431900EE
:10863000184B3A680A431A60164B1B680122134014
:108640003A689A4201D0012320E07B681B6804222B
:10865000134009D0104B5B68114A134019007B6826
:10866000DA680D4B0A435A6000F020F801000A4B0B
:108670005B681B090F2213400A4AD35C0A00DA40E8
:10868000094B1A600320FEF7B1FA00231800BD461B
:1086900004B080BD0020024000100240881300009A
:1086A000FFF8FFFF64FA00081800002080B586B0CC
:1086B00000AF0023FB600023BB6000237B6100232D
:1086C0007B6000233B61204B5B68FB60FB680C22F6
:1086D0001340042B02D0082B03D02CE01B4B3B6132
:1086E0002CE0FB689B0C0F221340194AD35C7B6083
:1086F000154BDB6A0F221340164AD35CBB60FA6845
:1087000080235B02134009D0B9681048F7F706FDD3
:1087100003001A007B6853437B6109E079680A0013
:108720005201521A93019B1ADB005B181B027B61FA
:108730007B693B6102E0084B3B61C0463B69180026
:10874000BD4606B080BDC046001002400024F400C3
:1087500074FA000884FA000800127A0080B584B028
:1087600000AF78607B68002B01D10123A8E07B6813
:108770005B6A002B09D17B685A6882235B009A42AE
:1087800009D07B680022DA6105E07B6800221A616B
:108790007B6800225A617B6800229A627B685D22B6
:1087A0009B5CDBB2002B07D17B685C2200219954D3
:1087B0007B681800FDF7F2FF7B685D220221995467
:1087C0007B681B681A687B681B6840218A431A60B3
:1087D0007B68DA68E023DB009A4202D90023FB6061
:1087E00002E080235B01FB607B68DA68F0231B01F9
:1087F0009A4208D07B68DA68E023DB009A4202D014
:108800007B6800229A627B685A6882235B001A4068
:108810007B68996884231B020B401A437B681B69A1
:1088200002210B401A437B685B6901210B401A430C
:108830007B68996980239B000B401A437B68DB6946
:1088400038210B401A437B681B6A80210B401A4376
:1088500011007B689A6A80239B011A407B681B6821
:108860000A431A607B689B691B0C04221A407B68D0
:108870005B6A10210B401A437B685B6B08210B403D
:108880001A437B68D968F0231B010B401A4311007F
:10889000FA6880235B011A407B681B680A435A60B0
:1088A0007B681B68DA697B681B6807490A40DA61E4
:1088B0007B6800221A667B685D220121995400239F
:1088C0001800BD4604B080BDFFF7FFFF80B588B03B
:1088D00000AFF860B9603B60BB1D1A801F23FB1816
:1088E00000221A70FB685C229B5C012B01D10223E1
:1088F00047E1FB685C2201219954FEF7BDF90300B2
:10890000BB611623FB18BA1D12881A80FB685D2212
:108910009B5CDBB2012B04D01F23FB1802221A70D0
:1089200028E1BB68002B03D0BB1D1B88002B04D1A2
:108930001F23FB1801221A701CE1FB685D22032132
:108940009954FB6800221A66FB68BA689A63FB6850
:10895000BA1D12889A87FB68BA1D1288DA87FB68ED
:1089600000221A64FB68442200219952FB684622C7
:1089700000219952FB6800221A65FB680022DA6424
:10898000FB689A6880231B029A4210D1FB681B681F
:108990001A68FB681B6840218A431A60FB681B68E1
:1089A0001A68FB681B688021C9010A431A60FB68CA
:1089B0001B681B6840221340402B07D0FB681B68D4
:1089C0001A68FB681B6840210A431A60FB68DA6872
:1089D000E023DB009A4252D9FB685B68002B04D08D
:1089E0001623FB181B88012B43D1FB689B6B1A884D
:1089F000FB681B68DA60FB689B6B9A1CFB689A63D8
:108A0000FB68DB8F9BB2013B9AB2FB68DA8730E0F0
:108A1000FB681B689B6802221340022B12D1FB6883
:108A20009B6B1A88FB681B68DA60FB689B6B9A1C5F
:108A3000FB689A63FB68DB8F9BB2013B9AB2FB68D1
:108A4000DA8716E0FEF718F90200BB69D31A3A6814
:108A50009A4202D83B68013302D13B68002B08D10F
:108A60001F23FB1803221A70FB685D220121995411
:108A700080E0FB68DB8F9BB2002BC9D153E0FB6821
:108A80005B68002B04D01623FB181B88012B45D1F3
:108A9000FB689A6BFB681B680C3312781A70FB68D2
:108AA0009B6B5A1CFB689A63FB68DB8F9BB2013B94
:108AB0009AB2FB68DA8731E0FB681B689B68022288
:108AC0001340022B13D1FB689A6BFB681B680C33B5
:108AD00012781A70FB689B6B5A1CFB689A63FB68E0
:108AE000DB8F9BB2013B9AB2FB68DA8716E0FEF798
:108AF000C3F80200BB69D31A3A689A4202D83B68AD
:108B0000013302D13B68002B08D11F23FB1803223D
:108B10001A70FB685D22012199542BE0FB68DB8F02
:108B20009BB2002BC8D1BA693968FB68180000F005
:108B3000FDFA031E02D0FB6820221A66FB689B68C0
:108B4000002B0AD100233B61FB681B68DB683B619B
:108B5000FB681B689B683B613B69FB681B6E002BD5
:108B600004D01F23FB1801221A7003E0FB685D226A
:108B700001219954FB685C22002199541F23FB18A2
:108B80001B781800BD4608B080BD000080B586B0D7
:108B900000AFF860B960BB1D1A801723FB180022D4
:108BA0001A70FB685C229B5C012B01D10223E3E07D
:108BB000FB685C2201219954FB685D229B5CDBB25F
:108BC000012B04D01723FB1802221A70CDE0BB68DA
:108BD000002B03D0BB1D1B88002B04D11723FB18CF
:108BE00001221A70C1E0FB685D2203219954FB68E1
:108BF00000221A66FB68BA689A63FB68BA1D12887D
:108C00009A87FB68BA1D1288DA87FB6800221A640B
:108C1000FB6800221A65FB680022DA64FB684422C4
:108C200000219952FB68462200219952FB689A68FC
:108C300080231B029A4210D1FB681B681A68FB68EC
:108C40001B6840218A431A60FB681B681A68FB682E
:108C50001B688021C9010A431A60FB685B6D484AA2
:108C6000DA62FB685B6D474A9A62FB685B6D464A55
:108C70001A63FB685B6D00225A63FB681B685A68C5
:108C8000FB681B6841490A405A60FB68DA68E023C8
:108C9000DB009A422FD8FB685B6D5A698023DB00AA
:108CA0009A4228D1FB68DB8F9BB21A000123134044
:108CB0000FD1FB681B685A68FB681B6833490A4080
:108CC0005A60FB68DB8F9BB25B089AB2FB68DA875D
:108CD00011E0FB681B685A68FB681B688021C901AA
:108CE0000A435A60FB68DB8F9BB25B089BB201337F
:108CF0009AB2FB68DA87FB68586DFB689B6B1900BA
:108D0000FB681B680C331A00FB68DB8F9BB2FEF715
:108D1000CFFD031E0AD0FB681B6E10221A43FB68AE
:108D20001A661723FB1801221A701EE0FB681B68E5
:108D30001B6840221340402B07D0FB681B681A6851
:108D4000FB681B6840210A431A60FB681B685A686D
:108D5000FB681B6820210A435A60FB681B685A683D
:108D6000FB681B6802210A435A60FB685C220021F1
:108D700099541723FB181B781800BD4606B080BD18
:108D80006D8E0008C18D00088B8E0008FFBFFFFFAD
:108D900080B582B000AF7860C046BD4602B080BDED
:108DA00080B582B000AF7860C046BD4602B080BDDD
:108DB00080B582B000AF7860C046BD4602B080BDCD
:108DC00080B586B000AF78607B685B6A7B61FDF739
:108DD00053FF03003B617B681B681B682022134024
:108DE000202B3CD07B691B685A687B691B6820215B
:108DF0008A435A607B691B685A687B691B68022139
:108E00008A435A603A697B696421180000F08EF940
:108E1000031E05D07B691B6E20221A437B691A66EC
:108E20007B699B68002B0AD10023FB607B691B6870
:108E3000DB68FB607B691B689B68FB60FB687B6988
:108E40000022DA877B695D22012199547B691B6EC0
:108E5000002B04D07B691800FFF7AAFF03E07B69B1
:108E60001800FFF795FFBD4606B080BD80B584B001
:108E700000AF78607B685B6AFB60FB681800FFF7F7
:108E80008FFFC046BD4604B080BD80B584B000AF42
:108E900078607B685B6AFB60FB681B685A68FB68EC
:108EA0001B6803218A435A60FB681B6E10221A4319
:108EB000FB681A66FB685D2201219954FB68180063
:108EC000FFF776FFC046BD4604B080BD80B588B0D0
:108ED00000AFF860B9603B60FB1D1A70FDF7CCFE77
:108EE0000200BB6A9B1A3A68D318FB61FDF7C4FE07
:108EF0000300BB613A4B1B685B011B0DFA695343CE
:108F00007B6158E03B68013355D0FDF7B5FE0200A8
:108F1000BB69D31AFA699A4202D9FB69002B42D184
:108F2000FB681B685A68FB681B68E0218A435A602B
:108F3000FB685A6882235B009A4213D1FB689A68E7
:108F400080231B029A4205D0FB689A688023DB00CD
:108F50009A4207D1FB681B681A68FB681B684021AE
:108F60008A431A60FB689A6A80239B019A4210D157
:108F7000FB681B681A68FB681B681A490A401A607C
:108F8000FB681B681A68FB681B68802189010A431B
:108F90001A60FB685D2201219954FB685C22002164
:108FA0009954032317E07B69002B01D10023FB6157
:108FB0007B69013B7B61FB681B689B68BA68134057
:108FC000BA68D31A5A425341DBB21A00FB1D1B7810
:108FD0009A4297D100231800BD4608B080BDC04614
:108FE00018000020FFDFFFFF80B58AB000AFF860F7
:108FF000B9607A603B601723FB1800221A70FDF7F6
:109000003BFE02003B6B9B1A3A68D3187B62FDF76C
:1090100033FE03003B62FB681B680C33FB61414B72
:109020001A6813009B009B18DA00D31A1B0D7A6A8A
:109030005343BB6168E0BA68C023DB009A420AD19F
:109040007B68002B07D1FB691B78DAB217217B18EC
:109050001A707B181B783B68013355D0FDF70CFE66
:1090600002003B6AD31A7A6A9A4202D97B6A002BC1
:1090700042D1FB681B685A68FB681B68E0218A4381
:109080005A60FB685A6882235B009A4213D1FB68DE
:109090009A6880231B029A4205D0FB689A68802355
:1090A000DB009A4207D1FB681B681A68FB681B68E3
:1090B00040218A431A60FB689A6A80239B019A4286
:1090C00010D1FB681B681A68FB681B6816490A40C8
:1090D0001A60FB681B681A68FB681B68802189019D
:1090E0000A431A60FB685D2201219954FB685C22E7
:1090F00000219954032310E0BB69002B01D1002308
:109100007B62BB69013BBB61FB681B689B68BA68FB
:1091100013407A689A428ED100231800BD460AB0E7
:1091200080BDC04618000020FFDFFFFF80B586B07D
:1091300002AFF860B9607A60BA68C0235901F86874
:109140007B68009313000022FFF74EFF031E07D039
:10915000FB681B6E20221A43FB681A66032327E074
:10916000BA68F8687B680093130000228021FFF73B
:10917000ADFE031E07D0FB681B6E20221A43FB685E
:109180001A66032314E0BA68C023D900F8687B6824
:10919000009313000022FFF727FF031E07D0FB6890
:1091A0001B6E20221A43FB681A66032300E000238B
:1091B0001800BD4604B080BD80B582B000AF7860B5
:1091C0007B68002B01D1012342E07B683D229B5C40
:1091D000DBB2002B07D17B683C22002199547B68CD
:1091E0001800FDF753FB7B683D22022199547B68F0
:1091F0001A687B6804331900100000F0C5FD7B6815
:109200004622012199547B683E22012199547B68B2
:109210003F22012199547B684022012199547B68A7
:109220004122012199547B684222012199547B6893
:109230004322012199547B684422012199547B687F
:109240004522012199547B683D2201219954002334
:109250001800BD4602B080BD80B582B000AF786016
:109260007B68002B01D1012342E07B683D229B5C9F
:10927000DBB2002B07D17B683C22002199547B682C
:109280001800FDF775FB7B683D22022199547B682D
:109290001A687B6804331900100000F075FD7B68C4
:1092A0004622012199547B683E22012199547B6812
:1092B0003F22012199547B684022012199547B6807
:1092C0004122012199547B684222012199547B68F3
:1092D0004322012199547B684422012199547B68DF
:1092E0004522012199547B683D2201219954002394
:1092F0001800BD4602B080BD80B584B000AF786074
:1093000039603B68002B08D17B683E229B5CDBB256
:10931000013B5A1E9341DBB21FE03B68042B08D18E
:109320007B683F229B5CDBB2013B5A1E9341DBB260
:1093300013E03B68082B08D17B6840229B5CDBB2C2
:10934000013B5A1E9341DBB207E07B6841229B5CE4
:10935000DBB2013B5A1E9341DBB2002B01D001234B
:1093600074E03B68002B04D17B683E2202219954B3
:1093700013E03B68042B04D17B683F2202219954FF
:109380000BE03B68082B04D17B68402202219954F2
:1093900003E07B684122022199547B681B6839688D
:1093A0000122180001F014F87B681B68294A9342D7
:1093B0000ED07B681B68284A934209D07B681B68E3
:1093C000264A934204D07B681B68254A934201D108
:1093D000012300E00023002B08D07B681B685A6C37
:1093E0007B681B68802109020A435A647B681B68FA
:1093F000184A93420FD07B681A688023DB059A4293
:1094000009D07B681B68174A934204D07B681B68AD
:10941000114A934211D17B681B689B680722134055
:10942000FB60FB68062B10D07B681B681A687B68A2
:109430001B6801210A431A6007E07B681B681A68F1
:109440007B681B6801210A431A6000231800BD468F
:1094500004B080BD002C01400040014000440140A8
:10946000004801400004004080B582B000AF786041
:1094700039607B681B6839680022180000F0A8FF7B
:109480007B681B682F4A93420ED07B681B682E4A6C
:10949000934209D07B681B682C4A934204D07B68B6
:1094A0001B682B4A934201D1012300E00023002BCB
:1094B00013D07B681B681B6A264A13400DD17B685A
:1094C0001B681B6A244A134007D17B681B685A6CCF
:1094D0007B681B6821490A405A647B681B681B6AC9
:1094E0001C4A13400DD17B681B681B6A1A4A134043
:1094F00007D17B681B681A687B681B6801218A4357
:109500001A603B68002B04D17B683E2201219954EC
:1095100013E03B68042B04D17B683F22012199545E
:109520000BE03B68082B04D17B6840220121995451
:1095300003E07B6841220121995400231800BD46B5
:1095400002B080BD002C01400040014000440140B9
:10955000004801401111000044040000FF7FFFFF9C
:1095600080B586B000AF786039607B68002B01D190
:10957000012390E07B683D229B5CDBB2002B07D18E
:109580007B683C22002199547B681800FDF79EF906
:109590007B683D22022199547B681B689A687B682E
:1095A0001B683F490A409A607B681A687B680433ED
:1095B0001900100000F0E8FB7B681B689B687B616A
:1095C0007B681B689B693B617B681B681B6AFB604F
:1095D0003B681B687A6913437B613B69314A1340DE
:1095E0003B613B689A683B689B691B0213433A697D
:1095F00013433B613B692C4A13403B613B692B4A57
:1096000013403B613B68DA683B68DB691B0213432C
:109610003A6913433B613B681B691A013B681B6A4B
:109620001B0313433A6913433B61FB6822229343B4
:10963000FB60FB6888229343FB603B685A683B6889
:109640005B691B011343FA681343FB607B681B686B
:109650007A699A607B681B683A699A617B681B68C3
:10966000FA681A627B684622012199547B683E227F
:10967000012199547B683F22012199547B68422241
:10968000012199547B684322012199547B683D2232
:109690000121995400231800BD4606B080BDC04684
:1096A000F8BFFFFFFCFCFFFFF3F3FFFF0F0FFFFF0F
:1096B00090B585B000AF786039600F203B187A68AC
:1096C0003E21525C1A700E23FB187A683F21525CCF
:1096D0001A700D243B197A684221525C1A700C23CF
:1096E000FB187A684321525C1A703B68002B12D138
:1096F0003B181B78012B03D13B191B78012B01D0A0
:10970000012395E07B683E22022199547B68422226
:10971000022199543DE03B68042B14D10E23FB1821
:109720001B78012B04D10C23FB181B78012B01D0D3
:1097300001237DE07B683F22022199547B6843220C
:109740000221995425E00F23FB181B78012B0ED121
:109750000E23FB181B78012B09D10D23FB181B7856
:10976000012B04D10C23FB181B78012B01D0012302
:109770005EE07B683E22022199547B683F220221F1
:1097800099547B684222022199547B68432202212A
:1097900099543B68002B03D03B68042B10D01FE08A
:1097A0007B681B6801220021180000F011FE7B6815
:1097B0001B68DA687B681B6802210A43DA602EE0C6
:1097C0007B681B6801220421180000F001FE7B6801
:1097D0001B68DA687B681B6804210A43DA601EE0B4
:1097E0007B681B6801220021180000F0F1FD7B68F6
:1097F0001B6801220421180000F0EAFD7B681B6849
:10980000DA687B681B6802210A43DA607B681B68A0
:10981000DA687B681B6804210A43DA60C0467B680B
:109820001B681A687B681B6801210A431A600023C1
:109830001800BD4605B090BD80B584B000AF78601B
:109840007B681B68DB68FB607B681B681B69BB600F
:10985000BB680222134021D0FB68022213401DD0B6
:109860007B681B68032252421A617B6801221A77C7
:109870007B681B689B690322134004D07B68180037
:10988000FAF74CFB07E07B68180000F065FA7B688C
:10989000180000F069FA7B6800221A77BB6804227E
:1098A000134022D0FB68042213401ED07B681B6843
:1098B000052252421A617B6802221A777B681B6874
:1098C0009A69C0239B00134004D07B681800FAF704
:1098D00025FB07E07B68180000F03EFA7B68180063
:1098E00000F042FA7B6800221A77BB680822134016
:1098F00021D0FB68082213401DD07B681B68092219
:1099000052421A617B6804221A777B681B68DB6904
:109910000322134004D07B681800FAF7FFFA07E02F
:109920007B68180000F018FA7B68180000F01CFA39
:109930007B6800221A77BB681022134022D0FB6894
:10994000102213401ED07B681B68112252421A61FC
:109950007B6808221A777B681B68DA69C0239B0042
:10996000134004D07B681800FAF7D8FA07E07B6848
:10997000180000F0F1F97B68180000F0F5F97B6839
:1099800000221A77BB68012213400CD0FB68012229
:10999000134008D07B681B68022252421A617B6820
:1099A000180000F0D1F9BB68802213400CD0FB688E
:1099B0008022134008D07B681B68812252421A61C2
:1099C0007B68180000F0ECFDBB68402213400CD00F
:1099D000FB684022134008D07B681B68412252423A
:1099E0001A617B68180000F0C7F9BB682022134099
:1099F0000CD0FB682022134008D07B681B68212212
:109A000052421A617B68180000F0C2FDC046BD4694
:109A100004B080BD80B586B000AFF860B9607A60F0
:109A20001723FB1800221A70FB683C229B5C012B59
:109A300001D10223ADE0FB683C22012199547B68EF
:109A40000C2B00D176E07B680C2B00D995E07B686D
:109A5000082B4ED07B68082B00D98EE07B68002B4A
:109A600003D07B68042B21D087E0FB681B68BA68B1
:109A70001100180000F016FAFB681B689A69FB6871
:109A80001B6808210A439A61FB681B689A69FB6896
:109A90001B6804218A439A61FB681B689969BB684B
:109AA0001A69FB681B680A439A616BE0FB681B68D4
:109AB000BA681100180000F07DFAFB681B689A690B
:109AC000FB681B68802109010A439A61FB681B68D7
:109AD0009A69FB681B6831490A409A61FB681B68F8
:109AE0009969BB681B691A02FB681B680A439A6183
:109AF00048E0FB681B68BA681100180000F0DEFA45
:109B0000FB681B68DA69FB681B6808210A43DA6195
:109B1000FB681B68DA69FB681B6804218A43DA6109
:109B2000FB681B68D969BB681A69FB681B680A4334
:109B3000DA6127E0FB681B68BA681100180000F0C2
:109B400043FBFB681B68DA69FB681B68802109011D
:109B50000A43DA61FB681B68DA69FB681B680F4916
:109B60000A40DA61FB681B68D969BB681B691A0285
:109B7000FB681B680A43DA6104E01723FB18012223
:109B80001A70C046FB683C22002199541723FB1829
:109B90001B781800BD4606B080BDC046FFFBFFFF26
:109BA00080B584B000AF786039600F23FB180022C5
:109BB0001A707B683C229B5C012B01D10223BCE024
:109BC0007B683C22012199547B683D2202219954F3
:109BD0007B681B689B68BB60BB6877229343BB6054
:109BE000BB68584A1340BB607B681B68BA689A60C0
:109BF0003B681B6880229201934240D080229201F0
:109C0000934200D988E080225201934200D188E03B
:109C100080225201934200D97EE0702B18D000D9E7
:109C20007AE0602B4FD000D976E0502B3BD000D9A2
:109C300072E0402B57D000D96EE0302B63D06BD848
:109C4000202B60D068D8002B5DD0102B5BD063E058
:109C50007B6818683B6899683B685A683B68DB68B2
:109C600000F096FB7B681B689B68BB60BB68772233
:109C70001343BB607B681B68BA689A6052E07B68DC
:109C800018683B6899683B685A683B68DB6800F075
:109C90007FFB7B681B689A687B681B688021C90111
:109CA0000A439A603EE07B6818683B6859683B68E5
:109CB000DB681A0000F0F2FA7B681B68502118007C
:109CC00000F04CFB2EE07B6818683B6859683B68E5
:109CD000DB681A0000F010FB7B681B68602118002D
:109CE00000F03CFB1EE07B6818683B6859683B68E5
:109CF000DB681A0000F0D2FA7B681B68402118006C
:109D000000F02CFB0EE07B681A683B681B681900AA
:109D1000100000F023FB05E00F23FB1801221A704E
:109D200000E0C0467B683D22012199547B683C22BB
:109D3000002199540F23FB181B781800BD4604B06E
:109D400080BDC046FF00FFFF80B582B000AF7860E5
:109D5000C046BD4602B080BD80B582B000AF78601D
:109D6000C046BD4602B080BD80B582B000AF78600D
:109D7000C046BD4602B080BD80B582B000AF7860FD
:109D8000C046BD4602B080BD80B584B000AF7860EB
:109D900039607B681B68FB607B683B4A934208D054
:109DA0007A688023DB059A4203D07B68374A934266
:109DB00008D1FB6870229343FB603B685B68FA68DC
:109DC0001343FB607B68304A934218D07A68802343
:109DD000DB059A4213D07B682C4A93420FD07B68F4
:109DE0002B4A93420BD07B682A4A934207D07B6868
:109DF000294A934203D07B68284A934208D1FB68E2
:109E0000274A1340FB603B68DB68FA681343FB603A
:109E1000FB68802293431A003B685B691343FB6035
:109E20007B68FA681A603B689A687B68DA623B680C
:109E30001A687B689A627B68134A93420BD07B68EE
:109E4000144A934207D07B68134A934203D07B683D
:109E5000124A934203D13B681A697B681A637B6894
:109E600001225A617B681B6901221340012B06D134
:109E70007B681B69012293431A007B681A61C04604
:109E8000BD4604B080BDC046002C01400004004027
:109E900000200040004001400044014000480140D3
:109EA000FFFCFFFF80B586B000AF786039607B684B
:109EB0001B6A7B617B681B6A012293431A007B68E3
:109EC0001A627B685B683B617B689B69FB60FB682F
:109ED00070229343FB60FB6803229343FB603B6863
:109EE0001B68FA681343FB607B69022293437B6122
:109EF0003B689B687A6913437B617B68274A93427E
:109F00000BD07B68264A934207D07B68254A934250
:109F100003D07B68244A93420CD17B690822934387
:109F20007B613B68DB687A6913437B617B69042250
:109F300093437B617B68194A93420BD07B68184A34
:109F4000934207D07B68174A934203D07B68164A36
:109F5000934211D13B69154A13403B613B69144A56
:109F600013403B613B685B693A6913433B613B6863
:109F70009B693A6913433B617B683A695A607B6825
:109F8000FA689A613B685A687B685A637B687A69A9
:109F90001A62C046BD4606B080BDC046002C0140D6
:109FA000004001400044014000480140FFFEFFFF27
:109FB000FFFDFFFF80B586B000AF786039607B6839
:109FC0001B6A7B617B681B6A102293431A007B68C3
:109FD0001A627B685B683B617B689B69FB60FB681E
:109FE0002E4A1340FB60FB682D4A1340FB603B6820
:109FF0001B681B02FA681343FB607B6920229343B2
:10A000007B613B689B681B017A6913437B617B68BA
:10A01000244A93420DD17B69802293437B613B6844
:10A02000DB681B017A6913437B617B6940229343A0
:10A030007B617B681B4A93420BD07B681A4A934230
:10A0400007D07B68194A934203D07B68184A934231
:10A0500013D13B69174A13403B613B69164A1340D1
:10A060003B613B685B699B003A6913433B613B681A
:10A070009B699B003A6913433B617B683A695A606C
:10A080007B68FA689A613B685A687B689A637B6868
:10A090007A691A62C046BD4606B080BDFF8FFFFFD9
:10A0A000FFFCFFFF002C0140004001400044014044
:10A0B00000480140FFFBFFFFFFF7FFFF80B586B0C0
:10A0C00000AF786039607B681B6A7B617B681B6AC4
:10A0D000334A1A407B681A627B685B683B617B6825
:10A0E000DB69FB60FB6870229343FB60FB68032223
:10A0F0009343FB603B681B68FA681343FB607B6912
:10A10000284A13407B613B689B681B027A691343B2
:10A110007B617B68244A93420DD17B69234A1340BB
:10A120007B613B68DB681B027A6913437B617B6957
:10A130001F4A13407B617B681B4A93420BD07B68AC
:10A140001C4A934207D07B681B4A934203D07B682A
:10A150001A4A934213D13B69194A13403B613B6948
:10A16000184A13403B613B685B691B013A69134322
:10A170003B613B689B691B013A6913433B617B6808
:10A180003A695A607B68FA68DA613B685A687B68AA
:10A19000DA637B687A691A62C046BD4606B080BD44
:10A1A000FFFEFFFFFFFDFFFF002C0140FFF7FFFF59
:10A1B000FFFBFFFF00400140004401400048014018
:10A1C000FFEFFFFFFFDFFFFF80B586B000AF7860D5
:10A1D00039607B681B6A3B617B681B6A264A1A40B0
:10A1E0007B681A627B685B687B617B68DB69FB600C
:10A1F000FB68224A1340FB60FB68214A1340FB6066
:10A200003B681B681B02FA681343FB603B691D4AED
:10A2100013403B613B689B681B033A6913433B61F6
:10A220007B68194A93420BD07B68184A934207D047
:10A230007B68174A934203D07B68164A934209D140
:10A240007B69154A13407B613B685B699B017A69B6
:10A2500013437B617B687A695A607B68FA68DA61CC
:10A260003B685A687B681A647B683A691A62C04620
:10A27000BD4606B080BDC046FFEFFFFFFF8FFFFF6A
:10A28000FFFCFFFFFFDFFFFF002C0140004001400B
:10A290000044014000480140FFBFFFFF80B586B089
:10A2A00000AFF860B9607A60FB681B6A7B61FB688D
:10A2B0001B6A012293431A00FB681A62FB689B69C0
:10A2C0003B613B69F02293433B617B681B013A6928
:10A2D00013433B617B690A2293437B617A69BB68C4
:10A2E00013437B61FB683A699A61FB687A691A6279
:10A2F000C046BD4606B080BD80B586B000AFF860F0
:10A30000B9607A60FB681B6A7B61FB681B6A10227C
:10A3100093431A00FB681A62FB689B693B613B69C7
:10A320000D4A13403B617B681B033A6913433B6151
:10A330007B69A02293437B61BB681B017A6913434D
:10A340007B61FB683A699A61FB687A691A62C04668
:10A35000BD4606B080BDC046FF0FFFFF80B584B08C
:10A3600000AF786039607B689B68FB60FB68702297
:10A370009343FB603A68FB68134307221343FB6077
:10A380007B68FA689A60C046BD4604B080BD000094
:10A3900080B586B000AFF860B9607A603B60FB685A
:10A3A0009B687B617B69094A13407B613B681A02A9
:10A3B0007B681A43BB6813437A6913437B61FB686C
:10A3C0007A699A60C046BD4606B080BDFF00FFFFB7
:10A3D00080B586B000AFF860B9607A60BB681F22B4
:10A3E000134001229A4013007B61FB681B6A7A6963
:10A3F000D2431A40FB681A62FB681A6ABB681F21C5
:10A400000B40796899400B001A43FB681A62C046FA
:10A41000BD4606B080BD000080B584B000AF786056
:10A4200039607B683C229B5C012B01D1022347E011
:10A430007B683C22012199547B683D22022199547A
:10A440007B681B685B68FB607B681B689B68BB6004
:10A45000FB6870229343FB603B681B68FA681343F8
:10A46000FB607B681B68FA685A607B681B68164A49
:10A4700093420FD07B681A688023DB059A4209D08B
:10A480007B681B68114A934204D07B681B68104AA2
:10A4900093420CD1BB6880229343BB603B685B68EE
:10A4A000BA681343BB607B681B68BA689A607B68B4
:10A4B0003D22012199547B683C22002199540023BC
:10A4C0001800BD4604B080BD002C014000040040CF
:10A4D0000040014080B584B000AF7860396000234F
:10A4E000FB607B683C229B5C012B01D102233EE098
:10A4F0007B683C2201219954FB68FF2293431A0098
:10A500003B68DB681343FB60FB681B4A1A403B68EF
:10A510009B681343FB60FB68184A1A403B685B6802
:10A520001343FB60FB68164A1A403B681B681343E1
:10A53000FB60FB68134A1A403B681B691343FB60CE
:10A54000FB68114A1A403B685B691343FB60FB6878
:10A550000E4A1A403B68DB691343FB607B681B684B
:10A56000FA685A647B683C22002199540023180041
:10A57000BD4604B080BDC046FFFCFFFFFFFBFFFFF0
:10A58000FFF7FFFFFFEFFFFFFFDFFFFFFFBFFFFF53
:10A5900080B582B000AF7860C046BD4602B080BDD5
:10A5A00080B582B000AF7860C046BD4602B080BDC5
:10A5B0000EB410B500240C499DB01FAB029006905C
:10A5C0000791049109480A4904CB0591006802A942
:10A5D00001931B9400F09EF9029B1C701DB010BCEF
:10A5E00008BC03B01847C046FFFFFF7F24000020CF
:10A5F0000802FFFF03008218934200D170471970D0
:10A600000133F9E7014B18687047C0462400002069
:10A6100070B500260C4C0D4D641BA410A64209D148
:10A62000002600F0C3FD0A4C0A4D641BA410A6428C
:10A6300005D170BDB300EB5898470136EEE7B30083
:10A64000EB5898470136F2E7C8FA0008C8FA000844
:10A65000CCFA0008C8FA00087047704770B50500CA
:10A660000C1E10D0043C2368002B00DAE4182800EC
:10A6700000F0E0F81D4A1368002B05D163601460F8
:10A68000280000F0DFF870BDA34208D92068211827
:10A690008B42F3D119685B6809182160EEE71A0054
:10A6A0005B68002B01D0A342F9D911685018A04271
:10A6B0000BD120680918501811608342E0D1186846
:10A6C0005B68411811605360DAE7A04202D90C239D
:10A6D0002B60D5E7206821188B4203D119685B688D
:10A6E0000918216063605460CAE7C046A80D0020C5
:10A6F00070B50F4E0D0031680400002902D100F042
:10A7000095FB30602900200000F090FB431C03D132
:10A7100001256D42280070BD0323C51C9D43A8423E
:10A72000F8D0291A200000F081FB0130F2D1EFE7C8
:10A73000A40D0020F7B50322CB1C9343083305007A
:10A740001F000C2B34D20C27B94233D8280000F05C
:10A7500071F8374E33681C00002C2FD139002800C7
:10A76000FFF7C6FF0400431C5FD134680094009BD0
:10A77000002B4AD1002C52D023682800E3180099FE
:10A78000019300F053FB019B834248D123682800CA
:10A79000FF1A3900FFF7ACFF013040D02368DB1906
:10A7A000236033685A68002A33D1009B336019E074
:10A7B000002BC9DA0C232B600020FEBD2168C91BC9
:10A7C00020D40B290AD9E2192760A34204D13260B0
:10A7D00063681160536005E05A60F9E76268A3425C
:10A7E0000ED13260280000F02DF8200007220B3037
:10A7F000231D9043C21A9842DFD01B1AA350DCE7F6
:10A800005A60EFE723006468A6E7009C6368009342
:10A81000ADE71A005B68A342FBD10023DAE70C2303
:10A8200028002B6000F00EF8C6E70760DAE7C046A4
:10A83000A80D002010B50248FFF70EFF10BDC0465E
:10A84000A00D002010B50248FFF707FF10BDC0465D
:10A85000A00D0020F0B58E6885B01F000C000B68BD
:10A8600002900392BE4230D80C21625E9021C90052
:10A870000A4228D0032021695B1A0193636943438C
:10A880000198DD0FED187B1C1B186D10AB4200D931
:10A890001D00520528D529000298FFF74BFF061E20
:10A8A0002CD0019A216900F0DEFAA289184B1A40D7
:10A8B00080231343A381019B2661F61826603E0086
:10A8C0006561ED1AA560BE4200D93E0032000399D1
:10A8D000206800F099FA0020A3689B1BA3602368FE
:10A8E0009B19236005B0F0BD2A00029800F0C4FA5D
:10A8F000061EE0D121690298FFF7B0FE0C2301206B
:10A90000029A40421360A28934331343A381E9E7DA
:10A910007FFBFFFFF0B5A1B003901D008B890F00F6
:10A9200016001B0611D50B69002B0ED14021FFF735
:10A9300001FF38603861002805D10C23039A1360A9
:10A9400001204042CFE040237B61002308AC6361DB
:10A95000203363761033A376079535002B78002BD0
:10A9600001D0252B48D1AB1B0593B5420BD032004B
:10A9700039000398FFF76EFF013000D1AEE0636944
:10A98000059A9B1863612B78002B00D1A6E0012269
:10A9900000235242626004A9543252186E1C236094
:10A9A000E360A3601370A365544B0522180031784F
:10A9B000059300F04DFA751C00281FD12268D306BC
:10A9C00004D5532304A95B1820211970130704D55B
:10A9D000532304A95B182B21197033782A2B16D026
:10A9E000350000210A20E3682A786E1C303A092AD3
:10A9F00050D9002911D117E00135AFE7059B226836
:10AA0000C01A0123834013432E002360CCE7079B29
:10AA1000191D1B680791002B01DB0B9304E05B42BF
:10AA2000E3600223134323602B782E2B0CD16B7829
:10AA30002A2B34D1079B02351A1D1B680792002B65
:10AA400001DA01235B4209932D4E0322300029785D
:10AA500000F0FEF9002806D04023801B83402268C6
:10AA60000135134323602978062226486E1C21767F
:10AA700000F0EEF9002838D0234B002B22D107221A
:10AA8000079B07339343083307936369049A9B1822
:10AA9000636162E74343350001219B18A4E700236B
:10AAA0000A201900013563602A786E1C303A092AA1
:10AAB00003D9002BC8D00991C6E7414335000123D3
:10AAC0008918F1E707AA009221003A000F4B03987A
:10AAD00000E000BF0490049B0133D6D1BB890D98E0
:10AAE0005B0600D52CE721B0F0BD07AA009221003B
:10AAF0003A00064B039800F07BF8EBE794FA000865
:10AB00009AFA00089EFA00080000000055A8000804
:10AB1000F7B5160001938A680B690C000090934208
:10AB200000DA13002200336043321278002A01D089
:10AB30000133336023689B0602D5336802333360E8
:10AB40002268062315001D401A4227D023004333F4
:10AB50001B785A1E93412268920630D42200019934
:10AB60000098089D4332A847013025D0062223686B
:10AB700000251340042B05D13368E568ED1AEB433B
:10AB8000DB171D40A3682269934201DD9B1AED1873
:10AB90000026B54220D1002010E00135E36832687C
:10ABA0009B1AAB42D2DD2200012301990098089F35
:10ABB0001932B8470130F0D101204042FEBD3020AB
:10ABC000E1184331087021005A1C45310978A21858
:10ABD000433202331170C1E722000123019900982A
:10ABE000089F1A32B8470130E6D00136D1E700009D
:10ABF000F0B58BB006920A0043320793059003929A
:10AC00000A7E0C00109B782A09D8622A0BD8002AE9
:10AC100000D1BAE07A490491582A00D18EE025008B
:10AC200042352A7022E0100063381528F7D8F5F76E
:10AC30006BFA16001F00F6FFF6FFF6FFF6FF1F0087
:10AC4000F6FFF6FFF6FFF6FF9F0036007E00F6FFE8
:10AC5000F6FFB000F6FF3600F6FFF6FF8200250093
:10AC60001A684235111D196013682B7001239EE08C
:10AC700018680968021D0D060BD506681A60002EBB
:10AC800003DA2D23039A764213705D4B0A2704934F
:10AC900018E006681A604906F1D536B2EFE7086891
:10ACA000196840C9050602D4400600D5B6B219603D
:10ACB000534B0A2704936F2A00D1023F230000223E
:10ACC00043331A706368A360002B06DB04212268FB
:10ACD000039D8A43226033430CD0039D300039002A
:10ACE000F5F7A2FA049B013D5B5C2B703300060074
:10ACF0009F42F3D9082F09D12368DB0706D5626884
:10AD000023699A4202DC3023013D2B70039B5B1BBD
:10AD10002361079B210000930598069B09AAFFF772
:10AD2000F7FE013048D1012040420BB0F0BD202297
:10AD300009680A4322607822324904912100453192
:10AD40000A701968226840C9100602D4500600D55E
:10AD5000B6B21960D30702D5202313432360002E17
:10AD600001D01027AAE72022236893432360F8E745
:10AD70001A680D68101D4969186013682E0601D500
:10AD8000196002E06D06FBD519800023039D236145
:10AD9000BFE71A68111D1960156800212800626854
:10ADA00000F056F8002801D0401B60606368236102
:10ADB0000023039A1370ACE72A00236906990598CB
:10ADC000079DA8470130AED023689B0715D4099B87
:10ADD000E0689842A9DA1800A7E722000123069943
:10ADE0000598079E1932B04701309CD00135E368C1
:10ADF000099A9B1AAB42F0DCE9E70025F7E7C04669
:10AE0000A5FA0008B6FA000810B5884202D98B18D6
:10AE1000984208D300239A4207D0CC5CC454013333
:10AE2000F9E78B5C8354013AFBD210BD002370B567
:10AE3000064D040008002B60FBF75EFE431C03D1A7
:10AE40002B68002B00D0236070BDC0469C0D0020F5
:10AE5000C9B28218904201D10020704703788B421A
:10AE6000FBD00130F6E7002310B59A4200D110BDA7
:10AE7000CC5CC4540133F8E7F7B506000C001500AC
:10AE8000002905D11100FFF755FC04002000FEBD8C
:10AE9000002A03D1FFF7E2FB2C00F7E700F01CF8D3
:10AEA0000700854202D84308AB42EFD329003000A7
:10AEB000FFF740FC0190002801D1019CE6E72A0041
:10AEC000BD4200D93A0021000198FFF7CCFF2100D4
:10AED0003000FFF7C3FBF0E70B1F1B68181F002BA8
:10AEE00001DA0B58C018704770B5051C00F02CF83B
:10AEF000291C041C281CF6F7ABF9002810D10021EE
:10AF0000281CF5F7FBF900280AD10021281CF5F7C9
:10AF1000DBF9002806D0FFF775FB2223064C0360FF
:10AF2000201C70BDFFF76EFB21230360034800F077
:10AF300007F8041CF4E7C046000080FF99FA0008F7
:10AF4000004870470000C07FF0B5430085B0002B7B
:10AF500006D1CC2000210006F5F7EEFB05B0F0BDD0
:10AF6000031E04DA011CF5F70FFF0021F4E7FF21AF
:10AF7000C905884203DB011CF5F7ECF9EEE78022F6
:10AF800000211204904206DA9821C905F5F7A2FDC6
:10AF9000192103004942DA157F3A521880215B02D9
:10AFA0005E0A744BFE200904F3180B40FE21800555
:10AFB0005840DD1530438905AD18F5F7E5FE320040
:10AFC0006D4B0F32041C1A4245D10021F5F77CF974
:10AFD000002811D00020002DC0D02800F6F76EF90F
:10AFE0006649041CF5F776FD6549051C201CF5F73C
:10AFF00071FD011C281CBFE76249201CF5F76AFDA2
:10B00000011CFC208005F5F7BFFE211C061C201C3E
:10B01000F5F760FD011C301CF5F75CFD061C002DEA
:10B0200001D1311C79E02800F6F748F95349051C95
:10B03000F5F750FD5249071C281CF5F74BFD011C84
:10B04000301CF5F7A1FE211CF5F79EFE011C381CF3
:10B05000F5F79AFE82E78021C905F5F77BF9011C17
:10B06000201CF5F769FB00902800F6F727F90099F6
:10B070000190081CF5F72EFD434B011CF3180393B8
:10B080000290F5F727FD4149071CF5F723FD4049DC
:10B09000F5F760F9391CF5F71DFD3E49F5F75AF94A
:10B0A000391CF5F717FD3C49F5F754F90299F5F706
:10B0B00011FD3A490290381CF5F70CFD3849F5F7B7
:10B0C00049F9391CF5F706FD3649F5F743F9391CFE
:10B0D000F5F700FD011C0298F5F73CF9324B039A95
:10B0E0009B1B071C1343002B2FDDFC21201C890513
:10B0F000F5F7F0FC211CF5F7EDFC011C061C381CD3
:10B10000F5F728F90099F5F7E5FC071C002D06D1A5
:10B11000011C301CF5F738FE011C201C98E717496C
:10B120000198F5F7D7FC1649051C0198F5F7D2FCF4
:10B13000391CF5F70FF9011C301CF5F725FE211C11
:10B14000F5F722FE011C281C82E7011C201CF5F7E4
:10B150001BFE0099F5F7BEFC061C002D00D160E730
:10B1600006490198F5F7B6FC0549051C0198F5F765
:10B17000B1FCE0E720FB4A00F0FF7F008071313F27
:10B18000D1F71737ABAAAA3E305CCFFF9788173E9E
:10B1900025333A3E2549923EABAA2A3F4FD01C3E6A
:10B1A000298E633ECDCCCC3E88C23500F8B5C04672
:10B1B000F8BC08BC9E467047F8B5C046F8BC08BC51
:04B1C0009E467047F0
:10B1C4004D000000540000005370656564000000E9
:10B1D40053746172740000005072652D4865617487
:10B1E4000000000053657474696E6773000000000A
:10B1F400200000002564000054656D702E000000DE
:10B2040042757A7A65720000537769746368000046
:10B21400536176652026204261636B00256420001B
:10B224004F4E20004F4646005374617274696E6736
:10B23400000000002020202020202020000000000A
:10B2440053746F7020000000537461727400000026
:10B254002020000043616E63656C20005072652DF0
:10B2640048656174000000000C0C003333000000DA
:10B27400D0040D11132B3F544C180D0B1F23000049
:10B28400D0040C11132C3F44512F1F1F2023000006
:10B29400537065656420546573740000466F6E7462
:10B2A40020746573742E000048656C6C6F20416CCB
:10B2B4007065722100000000526563742E2F4C6982
:10B2C4006E652E0046696C6C656420526563742E4D
:10B2D40000000000436972636C652E0046696C6C63
:10B2E4006564204369722E00547269616E676C65EF
:10B2F4000000000046696C6C6564205472690000AB
:10B30400CE080008FA070008E407000860080008EF
:10B31400E407000894080008E4070008600800082F
:10B32400FA070008FA0700089408000860080008F3
:10B33400D0070008D0070008D00700089E080008BE
:10B34400FA070008FA070008E40700083A090008A9
:10B35400E407000894080008E40700083A09000814
:10B36400FA070008FA070008940800083A090008D8
:10B37400D0070008D0070008D0070008A81D00085F
:10B38400661C0008441C0008301C0008441C00080B
:10B394004A1D0008441C0008301C0008661C0008F4
:10B3A400661C00084A1D0008301C0008281C000800
:10B3B400281C0008281C00086C1D00085E3D0008BD
:10B3C400783D0008923D0008AC3D0008C63D0008E9
:10B3D4000000000000000000000000000000000069
:10B3E4000000F741FF6110A0000000000000000011
:10B3F4000000000000000000000000000000000049
:10B404000000000000000000000000000000000038
:10B414000000000000000000000000000000000028
:10B424000000000000000000000000000000000018
:10B434000000000000000000000000000000000008
:10B44400000000000000F741FF6110A000000000B0
:10B4540000000000000000000000000000000000E8
:10B4640000000000000000000000000000000000D8
:10B4740000000000000000000000000000000000C8
:10B4840000000000000000000000000000000000B8
:10B4940000000000000000000000000000000000A8
:10B4A4000000000000000000000000000000000098
:10B4B4000000000000000000000000000000000088
:10B4C400000000002100FF40F70000000000000021
:10B4D4000000000000000000000000008B22FDA41A
:10B4E400ABE20000000000000000000000000000CB
:10B4F4000000000000000000000000000000000048
:10B504000000000000000000000000000000000037
:10B514000000000000000000000000000000000027
:10B5240000000000000000002100FF40F72100009F
:10B534000000000000000000000000000000000007
:10B544008B22FD83B3E20000000000000000000035
:10B5540000000000000000000000000000000000E7
:10B5640000000000000000000000000000000000D7
:10B5740000000000000000000000000000000000C7
:10B584000000000000000000000000002100FF4057
:10B59400F7000000000000000000000000000000B0
:10B5A400000000008B01FD63B3C100000000000037
:10B5B4000000000000000000000000000000000087
:10B5C4000000000000000000000000000000000077
:10B5D4000000000000000000000000000000000067
:10B5E4000000000000000000000000000000000057
:10B5F4002100FF40F72010A010A000000000000070
:10B6040000000000000000008301FD62ABC10000E7
:10B614000000000000000000000000000000000026
:10B624000000000000000000000000000000000016
:10B634000000000000000000000000000000000006
:10B6440000000000000000000000000000000000F6
:10B65400000000002100FF40FF40FF40F700000011
:10B6640000000000000000000000000000000000D6
:10B6740000000000000000000000000000000000C6
:10B6840000000000000000000000000000000000B6
:10B6940000000000000000000000000000000000A6
:10B6A4000000000000000000000000000000000096
:10B6B40000000000000000002100FF40FF40FF40A8
:10B6C400F7206B405AC0000000000000000000009A
:10B6D4000000000000000000000000000000000066
:10B6E4000000000000000000000000000000000056
:10B6F4000000000000000000000000000000000046
:10B704000000000000000000000000000000000035
:10B7140000000000000000000000000018E0FF40EE
:10B72400FF40FF40FF40FF40E6A000000000000093
:10B734000000000000000000000000000000000005
:10B7440000000000000000000000000000000000F5
:10B7540000000000000000000000000000000000E5
:10B764000000000000000000000000000000AC0227
:10B77400ABE3000000000000000000000000000037
:10B784000000AD20BD80FF40FF40FF40E6A0000068
:10B7940000000000000000000000000000000000A5
:10B7A4000000000000000000000000000000000095
:10B7B4000000000000000000000000000000000085
:10B7C4000000000000000000000000000000000075
:10B7D4000000FDA4FDA40000000000000000000023
:10B7E40000000000000000002080FF40FF40FF40F8
:10B7F400E6A00000000000000000000000000000BF
:10B804000000000000000000000000000000000034
:10B814000000000000000000000000000000000024
:10B824000000000000000000000000000000000014
:10B834000000000000005A22520100000000000035
:10B844000000000000000000000000001860FE037B
:10B85400FE22FF40FF20CE01A4E000000000000013
:10B8640000000000000000009A61E34259810000DA
:10B8740000000000000000000000000000000000C4
:10B8840000000000000000000000000000000000B4
:10B8940000000000000000000000000000000000A4
:10B8A4000000000000000000000000000000000094
:10B8B40028E0FDA4FDC3FF40FF40FF40CE00000090
:10B8C400000000000000000000000000AA81FBA2AC
:10B8D400698100000000000000000000000000007A
:10B8E4000000000000000000000000000000000054
:10B8F4000000000000000000000000000000000044
:10B90400000000000000FDA4FD8400000000000011
:10B9140018E0FD83FD84FDA3FDE3FF40FF40FF40ED
:10B92400CE00000000000000000000000000000045
:10B9340010A030C000000000000000000000000063
:10B9440000000000000000000000000000000000F3
:10B9540000000000000000000000000000000000E3
:10B9640000000000000000000000FDA4FDA4000091
:10B97400000000002100FDA4FDA4FDA3FDE3FF40A1
:10B98400FF40FF40CE000000000000000000000067
:10B9940000000000000000000000000000000000A3
:10B9A4000000000000000000000000000000000093
:10B9B4000000000000000000000000000000000083
:10B9C4000000000000000000000000000000FDA4D2
:10B9D400FDA400000000FDA4FDA4FDA4FDA3FDA39F
:10B9E400FDA3FDA3FE03FF40D600000000000000FD
:10B9F4000000000000000000000000000000000043
:10BA04000000000000000000000000000000000032
:10BA14000000000000000000000000000000000022
:10BA24000000000000000000000000000000000012
:10BA34000000FDA4FDA400000000FDA4FDA4FDA4DD
:10BA4400FDA4FDA4FDA4FDA3FE03FF40CE00000061
:10BA540000000000000000000000000000000000E2
:10BA640000000000000000000000000000000000D2
:10BA740000000000000000000000000000000000C2
:10BA840000000000000000000000000000000000B2
:10BA94000000FDA4FD83FDA4FDA400000000FDA49E
:10BAA400FD84FDA4FD83FD02FD02FDA3FDA3FDA312
:10BAB400CCA300008B22FDA4B4020000000000000F
:10BAC4000000000000000000000000000000000072
:10BAD4000000000000000000000000000000000062
:10BAE4000000000000000000000000000000000052
:10BAF400000000000000FDA4FDA4FDA4FDA40000BE
:10BB04000000FDA4FDA4FD84FD83FD02FD02FDA44F
:10BB1400FDA4FD84CCA300008B22FDA4B40300008B
:10BB24000000000000000000000000000000000011
:10BB34000000000000000000000000000000000001
:10BB440000000000000000000000000000000000F1
:10BB5400000000000000FDA4FDA4FD84FDA3FDA3DE
:10BB6400FDA3FDA4FDA4FDA4FDA3FD02FCE2FB8254
:10BB7400FBC2FDA4E5230000000000008B01FDA42E
:10BB8400B4230000000000000000000000000000DA
:10BB940000000000000000000000000000000000A1
:10BBA4000000000000000000000010A02080000041
:10BBB40000000000000000000000FDA4FDA4FDA49E
:10BBC400FDA3FDA4FDA3FDA4FDA4FDA4FDA4FD020D
:10BBD400FCE2FB82FBC2FDA4E5440000000000007F
:10BBE4008B23FDA4BC2320A028000000000000003B
:10BBF4000000000020802120000000000000000060
:10BC04000000000000000000000000000000C2E18D
:10BC1400FBC2492000000000000000000000FDA459
:10BC2400FDA4FD02FD02FD84FDA4FDA4FDA3FD020F
:10BC3400FCE2FB82FB82FB82FBC2FDA4E543000025
:10BC4400000000008B22FDA4FD84FDA4B4030000C9
:10BC54000000000000000000E503FD83290000004F
:10BC640000000000000000000000000000000000D0
:10BC74000000B2C2E362492000000000000000009E
:10BC84000000FDA4FDA4FCC2FCC2FDA4FDA4FDA40F
:10BC9400FDA4FCC2FCC2FB82FB82FB82FBC2FDA4AE
:10BCA400ED4349A141804180ABA2FD83FD84FD8425
:10BCB400B40300000000000030A04900ECE3FD43A1
:10BCC4002900000000000000000000000000000047
:10BCD4000000000000000000000000000000000060
:10BCE400000000000000FDA4FDA4FB82FB82FDA473
:10BCF400FDA4FDA4FDA4FB82FB82FB82FB82FB82EC
:10BD0400FBC2FDA4FDA4FDA4FDA4FDA4FD63FD02EE
:10BD1400FD42FDA4B423000000000000CAE2FBA21F
:10BD2400FBA2FBA230C000000000000000000000E5
:10BD340000000000000000000000000000000000FF
:10BD440000000000000000000000FD83FD63FB8292
:10BD5400FB82FD63FD63FD63FD83FB82FB82FB824B
:10BD6400FB82FB82FBC2FD63FD63FDA3FD83FD63D8
:10BD7400FD23FC82FCE2FDA4B423000000000000CB
:10BD8400AA61E342E321E3422860000000000000CE
:10BD9400000000000000000000000000000000009F
:10BDA4000000000000000000000000000000FD2270
:10BDB400FD02FB82FB82FD02FD02FD02FD02FB820D
:10BDC400FB82FB82FB82FB82FBC2FD02FD22FDA4FF
:10BDD400FD83FD02FC82FB82FC62FDA4B40300002F
:10BDE400000000000000000000000000000000004F
:10BDF4000000000000000000A3E2A3C2A3E26AA1C5
:10BE040000000000000000000000784180410000B4
:10BE14000000FC41FC62FB82FB82FC42FC42FC42CF
:10BE2400FC42FB82FB82FC42FC42FB82FBA2FC4202
:10BE3400FC82FD43FD22FC42FC02FB82FC02FC83EB
:10BE4400B342000058218021382000000000000087
:10BE5400000000000000000000000000FDA4FDA49C
:10BE6400FDA4B42300000000000000000000B8623C
:10BE7400C04210000000FBA2FB82FB82FB82FB821B
:10BE8400FB82FB82FB82FB82FBA2FD02FCE2FB82C3
:10BE9400FB82FB82FBC2FD02FCA2FB82FB82FB82D3
:10BEA400FB82FBA2B2A200008841B84250210000EC
:10BEB400000000000000000000000000000000007E
:10BEC400FC42FC43FC43B30200000000000080413C
:10BED4009041B842B84210000000C962C962FB82B6
:10BEE400FB82FB82FB82FB82FB82FB82FBA2FD6363
:10BEF400FD63FC82FC62FB82FBA2FC22FC02FB824F
:10BF0400FB82FBA2EAC2D162910100008041C042DF
:10BF140050210000000000000000000000000000AC
:10BF240000000000FB82FB82FB82B2A20000000042
:10BF34000000B062B842B842B84210000000B842F3
:10BF4400B842FB82FB82FB82FB82FB82FB82FB8288
:10BF5400FBA2FDA4FD83FD01FCC2FB82FB82FB82EC
:10BF6400FB82FBA2FB82FBA2E242B84288220000D1
:10BF74008841B84250210000000000000000000089
:10BF8400000000000000000051215120512138A080
:10BF9400000000000000A842B842B842B842A842DB
:10BFA400A042B842B842FB82FB82FB82FB82FB8246
:10BFB400FB82FB82FBA2FDA4FDA4FD02FD02FCC2E8
:10BFC400FCA2FB82FB82FBA2FBA2FBA2E262B842C0
:10BFD400B842A842B042B842B042A8423020000061
:10BFE40000000000F721F70000000000000000003E
:10BFF40000000000000000000000A842B842B8425F
:10C00400B842B842B842B842B842FB82FB82FB82D3
:10C01400FB82FB82FB82FB82FB82FDA4FDA4FCE28B
:10C02400FD02FD02FCE2FB82FB82FBA2FBA2FBA25F
:10C03400E262B842B842B842B842B842B842B842E2
:10C044005020000000000000F720FF400000000026
:10C05400000000000000000000009842B842B8420E
:10C06400B842B842B842B842B842B842B842FB8279
:10C07400FB82FB82FB82FB82FB82FD84FD84FDA4A8
:10C08400FDA4FD84FD84FD02FCC2FB82FB82FB82D5
:10C09400FBA2FBA2E262B842B842B842B842B8423C
:10C0A400B842B84250200000000000000000000028
:10C0B40000000000000000000000000000009021CB
:10C0C400B842B842B842B842B842B842B842B8429C
:10C0D400B842FBA2FBA2FB82FB82FB82FB82FDA493
:10C0E400FDA4FDA4FDA4FDA4FD84FD02FCC2FB820D
:10C0F400FBE2FD03FCA3FBA2E242B842B842B84211
:10C10400B842B842B842B8424020000000000000E3
:10C11400000000000000000000000000000000001B
:10C1240000009821B842B842B842B842B842B84276
:10C13400B842B842B842FBA2FBA2FB82FB82FB825C
:10C14400FB82FDA4FDA4FDA4FDA4FDA4FD84FD02C9
:10C15400FCC2FB82FC22FDC4FD23FBA2E262B842C6
:10C16400B842B842B842B842B842B8424820000087
:10C1740000000000000000000000000000000000BB
:10C184000000000000009841B842B842B842B842EA
:10C19400B842B842B842F362F362FBA2FBA2FD8448
:10C1A400FD84FB82FB82FDA4FDA5FFDDFF9BFDA4B6
:10C1B400FDA4FDA4FD43FB82FC22FDA4FD23FBA200
:10C1C400FB82F362D9E2B842B842B842B842B842FC
:10C1D400B842B84220000000000000000000000047
:10C1E400000000000000000000009841B842B8427E
:10C1F400B842B842B842B842B842FB82FBA2FB82C2
:10C20400FB82FDA4FDA4FB82FB82FDA4FDA4FFFF31
:10C21400FFDDFDA4FDA4FDA4FD43FB82FC02FDA4FF
:10C22400FD03FB82FBA2FBA2D9E2B842B842B842AA
:10C23400B842B842B842B8422000000000000000F2
:10C244000000000000000000000000000000902139
:10C25400C042B842B842B842B842FB82FBA2FBA239
:10C26400FB82FDA4FD84FDA4FDA4FD84FD84FDA446
:10C27400FDA5FFFFFFFFFFFFFF9BFDA4FDA4FDA4A1
:10C28400FD84FDA4FDA4FDA4FCE3FBA2FBA2FBA290
:10C29400D9E2B842B842B842B842B84220000000DD
:10C2A400000000000000000000000000000000008A
:10C2B40000009821B842B842B842B842B842FB8262
:10C2C400FBA2FBA2FB82FDA4FDA4FDA4FDA4FDA48E
:10C2D400FDA4FDA4FDA4FFFFFFFFFFFFFFBCFDA421
:10C2E400FDA4FDA4FDA4FDA4FDA4FDA4FCE3FBA208
:10C2F400FBA2FBA2D9E2B842B842B842B842B84263
:10C304002000000000000000000000000000000009
:10C3140000000000000000000000A842B842B8423B
:10C32400B842FB82FBA2FBA2FBA2FDA4FDA4FDA4D8
:10C33400FDA4FDA4FDA4FDA4FDA4FFFFFFFFFFFFDA
:10C34400FFBCFDA4FDA4FDA4FE4BFFFFFF37FDA42D
:10C35400FCE3FBA2FBA2FBA2D9E2B842B842B8427A
:10C364004020000000000000000000000000000069
:10C374000000000000000000000000000000A842CF
:10C38400B842B842B842FB82FBA2FBA2FBA2FDA4C6
:10C39400FDA4FDA4FDA4FDA4FDA4FDA4FDA4FFFF34
:10C3A400FFFFFFFFFFBCFDA4FDA4FDA4FE4BFFFFA8
:10C3B400FF37FDA4FCE3FBA2FBA2FBA2D9E2B84237
:10C3C400B842B8424820000000000000000000000D
:10C3D4000000000000000000000000000000000059
:10C3E4000000A842B842B842B842FB82FBA2FBA2BA
:10C3F400FBA2FDA4FDA4FFFFFFFFFDA4FDA4FFFF1E
:10C40400FFFFFFFFFFFFFFFFFFFFFFFFFFFFFFFF38
:10C41400FFFFFFFFFF37FDA4FCE3FBA2FBA2FBA28F
:10C42400D9E2B842B842B842382000000000000007
:10C4340000000000000000000000000000000000F8
:10C44400000000000000A842C042B842B842FB828B
:10C45400FBA2FBA2FBA2FDA4FDA4FFFFFFFFFDA422
:10C46400FDA4FFFFFFFFFFFFFFFFFFFFFFFFFFFF35
:10C47400FFFFFFFFFFFFFFFFFF37FDA4FCE3FBA26D
:10C48400FBA2FBA2D9C2B842C042B8424820000075
:10C494000000000000000000000000000000000098
:10C4A4000000000000000000000000000000B04296
:10C4B400C042B842B842FB82FBA2FDA4FDA4FFFF28
:10C4C400FFFFFFFFFFFFFFFFFFFFFFFFFFFFFFFF78
:10C4D400FFFFFFFFFFFFFFFFFFFFFFFFFF37FDA48D
:10C4E400FCE3FBA2D9E2B842B842B84250210000B2
:10C4F4000000000000000000000000000000000038
:10C504000000000000000000000000000000000027
:10C514000000B042B842C042B842FB62FB62FD84F4
:10C52400FDA4FFFFFFFFFFFFFFFFFFFFFFFFFFFF74
:10C53400FFFFFFFFFFFFFFFFFFFFFFFFFFFFFFDD29
:10C54400FF15FD84FCA3FB62D9C2B842B842B842CD
:10C554005000000000000000000000000000000087
:10C5640000000000000000000000000000000000C7
:10C5740000000000000000000000B842C042B842C1
:10C58400B842FBC2FBA2FFFFFFFFFFFFFFFFFFFF5D
:10C59400FFFFFFFFFFFFFFFFFFFFFFFFFFFFFFFFA7
:10C5A400FF57FDA4FD03FBA2E242C042C042B842D1
:10C5B40068210000000000000000000000000000EE
:10C5C4000000000000000000000000000000000067
:10C5D4000000000000000000000000000000A8426D
:10C5E400A842C042C042F302F322FF5BFF5BFFFF9D
:10C5F400FFFFFFFFFFFFFFFFFFFFFFFFFFFFFFFF47
:10C60400FFFFFF9BFEF4FD44FC83F302D9E2C0422A
:10C61400B842A842602100000000000000000000B1
:10C624000000000000000000000000000000000006
:10C6340000000000000000000000000000000000F6
:10C64400000000000000C042C042B842C042FBC229
:10C65400FBA2FFFFFFFFFFFFFFFFFFFFFFFFFFFF47
:10C66400FFFFFFFFFF79FDA4FD23FBA2EAA2B8426E
:10C67400B842C04288210000000000000000000011
:10C6840000000000000000000000000000000000A6
:10C694000000000000000000000000000000000096
:10C6A4000000000000000000000098429042984101
:10C6B4009041E242EA82E535E535E535E535E53593
:10C6C400E535E535E555E535E4F1E3A3E343E26219
:10C6D400D1A29841984190426821000000000000D6
:10C6E4000000000000000000000000000000000046
:10C6F4000000000000000000000000000000000036
:10C704000000000000000000000000000000000025
:10C71400000000000000C042B842B842B842B8422B
:10C72400B842B842B842B842B842B842C042C04225
:10C73400B842C042A8410000000000000000000010
:10C7440000000000000000000000000000000000E5
:10C7540000000000000000000000000000000000D5
:10C7640000000000000000000000000000000000C5
:10C7740000000000000000000000000000000000B5
:10C7840000000000000000000000000000000000A5
:10C794000000000000000000000100010001080189
:10C7A400080000000000000000000000000000007D
:10C7B40000200020000000000000000000200020F5
:10C7C4000000000000000000000000000000000065
:10C7D4000000000000000000000000000000000055
:10C7E4000000000000000000000000000000000045
:10C7F4000000000000000000000000000000000035
:10C804000000000000000000000100010000000022
:10C814000000000000000000000000000000000014
:10C824000000000000000000000000000000000004
:10C8340000000000000000000000000000000000F4
:10C8440000000000000000000000000000000000E4
:10C8540000000000000000000000000000000000D4
:10C8640000000000000000000000000000000000C4
:10C874000000000000000000000000000020002074
:10C8840000000000000000000000000000000000A4
:10C894000000000000000000000000000000000094
:10C8A4000000000000000000000000000000000084
:10C8B4000000000000000000000000000000000074
:10C8C4000000000000000000000000000000000064
:10C8D4000000000000000000000000000000000054
:10C8E40000000000000000000000002000200020E4
:10C8F40000200020000000000000000000000000F4
:10C904000000000000000000000000000000000023
:10C914000000000000000000000000000000000013
:10C924000000000000000000000000000000000003
:10C9340000000000000000000000000000000000F3
:10C9440000000000000000000000000000000000E3
:10C954000000000000000000002000400020002033
:10C9640000000000000000010000000000000000C2
:10C9740008000800000000000000000000000000A3
:10C9840000000000000000000000000000000000A3
:10C994000000000000000000000000000000000093
:10C9A4000000000000000000000000000020000063
:10C9B400084100000020000000000000000000000A
:10C9C4000000000000000000000000000020000043
:10C9D4000000000000000000000000000000000053
:10C9E4000800080000000000000000000000000033
:10C9F4000000000000000000000000000000000033
:10CA04000000000000000000000000000000000022
:10CA140000000000000000000000000000000020F2
:10CA240010A218C3210418E318E318E318E318E369
:10CA340018E318E318E318E3210518C318C420E425
:10CA440018E3210418C300000000000000000000E7
:10CA540000000800000000000000000000000000CA
:10CA640000000000000000000000000000000000C2
:10CA740000000000000000000000000000000000B2
:10CA8400000000000000000000000000000018C3C7
:10CA94002124420839E739E742084208420842089B
:10CAA400420842084208420841E841E84A2939C795
:10CAB40020E318C2210418C3000000000000000095
:10CAC4000000000000000000000000000000000062
:10CAD4000000000000000000000000000000000052
:10CAE4000000000000000000000000000000000042
:10CAF4000000000000000000000018C321042124ED
:10CB040039C7420839E74208420839E7420839E799
:10CB1400422839E7422839E7420839E73A0718C278
:10CB240020C349E7420718E318C3080000000000C7
:10CB3400000000210000002100010042000100006B
:10CB440000000000002000200000000000000000A1
:10CB540000000000000000000000000000000020B1
:10CB640000000000000018C318C3296531A631A6CF
:10CB74004228422839E7420839C74A4939C739E7C0
:10CB840039E7420839C7420839E721241103192338
:10CB94004A074A0839A620E320E320E318E318C330
:10CBA40028C3080008000800100010000800100145
:10CBB4000800000000000020000000000000000049
:10CBC4000000000000000000084100000000000018
:10CBD400000000002124210439C742084208420809
:10CBE4004208420842084208420839E742284208FB
:10CBF400422839E74A4939C7190310C23A2739E7A5
:10CC040041C741C7290420E318E31903ADB5C5B5ED
:10CC1400486158205861500050205020500048412D
:10CC240028A10000004000200000000000000000D7
:10CC340000000000000000000000084100000000A7
:10CC4400210418E310A239C742284208420839E7F0
:10CC540039E739E742084208422831A6420839C771
:10CC640039E742084228210418E33A073A084A49B6
:10CC740041E820C320A32904296510E2FFFEC5333F
:10CC8400A1C7B946B985B9A5B9A5C1A6B986A1E711
:10CC940038C1210110C10020000000000000000084
:10CCA400000000000000000000000000000021045B
:10CCB40018E339E74228420839E739E742084208CD
:10CCC400420839E7420839E739E74228420842086E
:10CCD400420818E318C318C341E841E839A739C723
:10CCE40018E4190421052945190418E3FFFED53376
:10CCF400C187E127E125E105D8E4D8E4E146B98616
:10CD040092A8732A21020020000000000000000005
:10CD1400000000000000000000200000210418E3CF
:10CD240018E318C318E318E3210418E318E32104F3
:10CD340018E318E3210418E318C32104210418C3D9
:10CD440018E32104210439E841A7524A18C42105F3
:10CD540018E419042966214529652103FFFED554E9
:10CD6400B188C927C126C146C986C145C146B1C7D4
:10CD74004840390220E200000000000000000000EA
:10CD84000000000000000000000018E32104AD755D
:10CD9400B596BDD7B596B5B6B5B6B5B6B596B5968E
:10CDA400B596B596B5B6B5B6B5B6AD75B5B6B5B6B0
:10CDB400B596210439C7420841E818E410C2216538
:10CDC4002144214519442124212510A3FFFFB575D1
:10CDD40050E4508340A348E348C348C340A348E415
:10CDE40038832862210300200000000000000000B6
:10CDF4000000000000000000210418C3BDD7B5B630
:10CE0400B5B6AD75B5B6B5B6B596B5B6B5B6B5B62F
:10CE1400B5B6B5B6B5B6B596B5B6B596B596BDD7ED
:10CE2400B5B6AD75212439E7210418C31964196412
:10CE34002144214421652145292520E4FFFFADB784
:10CE44002905290621671946214619262146212547
:10CE540072ED7B4E18E3002000000000000000008B
:10CE6400000000000000000018C3B5B6B5B62124C8
:10CE740021042945B5B6B5B6B596B596B5B6B5B6D9
:10CE8400B596B5B6B5B6B5B6B5B6B5B629452104A9
:10CE94002124B5B6B5B618E319231943194421441E
:10CEA400214521452144212421242104F7DFAD9784
:10CEB4002948210810E9192B190A192911291927B8
:10CEC400210518C311030020000000000000000029
:10CED400000000000000000018E3B5B6B59629452F
:10CEE40000002945B596B5B6B5B6B596BDD7AD75AE
:10CEF400B5B6B596B5B6B596B5B6B596294500009E
:10CF04002945B596B5B618E3212421442144214589
:10CF14002145212521242124294418C3FFFFB59844
:10CF240031CC3A0F31D031B031B03A1029EE320D54
:10CF3400188428E418E3002000000000000000002A
:10CF4400000000000000000018E3BDD7B5962124BE
:10CF540029452104BDD7B596B596B596B596BDD7E6
:10CF6400B5B6B5B6B596B5B6B596BDD721042945BF
:10CF74002124B596BDD718C3292529252125212586
:10CF84002925292421242124294420E4FFDFBD7AF2
:10CF9400298C31D0299129922992299129D0296C5F
:10CFA40083108B2E20A2000000000000000000006F
:10CFB400000000000000000018E3AD55BDD7BDD748
:10CFC400AD75AD75B5B629452965294521242104DA
:10CFD40029452124294521242945B5B6AD75AD75CA
:10CFE400BDD7BDD7AD5520E43105292521252125FF
:10CFF4002925292429242144292420E4FFDFAD58AC
:10D00400326D19EC226F224F224F1A0E226E3A6CA7
:10D014002864306228E300200000000000000000C3
:10D02400000000000000000018E3BDD7B596B5B6B7
:10D03400BDD7BDD72104949284309CD394B29CF381
:10D044008C719492949294B294922104BDD7BDD7DA
:10D05400B5B6B596BDD720E3312429242144214413
:10D06400292529052925214521241903FFFFA61572
:10D074004C8D3CCC350C352C352C34EC3CED4C8DA6
:10D08400210128A12103002000000000000000006D
:10D09400000000000000000018C3B596B5B6AD75D9
:10D0A400B59621049CD394B294B29CD3949294B236
:10D0B40094B294929CD3949294B29CD32104B59646
:10D0C400AD75B5B6B59618C3292429232144214446
:10D0D4002925290529252145214510E2F7FE9E131E
:10D0E40044EB45AC2D482D682D683569356B44AA51
:10D0F4006369738C10E2002000000000000000004F
:10D1040000000000000000002124B5B6B596BDD78C
:10D11400BDD7210494B2949294929CD394924208E1
:10D124004A494228949294B2949294B22104BDD76D
:10D13400BDD7B596B5B62104290429242144214438
:10D144002924292421442145218510E3F7FFA6350C
:10D1540054AD3CAB450C450B44CA450B3CCC54ADDB
:10D1640011221903090300610000000000000000FF
:10D17400000000000000000018C3B596B5B6B5B6AF
:10D18400B5962945949294B294B242284A49B5B6C8
:10D19400B5B64A49422894B294B294922945B596B8
:10D1A400B5B6B5B6B59618C3212521252145214428
:10D1B4002924292421442144214510E3B5D7A5D6A7
:10D1C40001630182016101A101A101810182018345
:10D1D40009030000004000400000000000000000BF
:10D1E40000000000000000002104B596B596B59635
:10D1F400BDD7212494B24A494228B5B6B5B6AD7517
:10D20400B5B6B596422894B294B294922124B596B8
:10D21400B5B6B5B6B5B618E3214521451924214460
:10D22400294429242123292420E418C318E42104AF
:10D2340010C20040002000400020002000200020F8
:10D2440000000000000000200000000000000000BA
:10D25400000000000000000018E3B5B6B5B6BDF745
:10D26400AD7542284A49B596BDD7B596BDD7B5B672
:10D27400B596BDD74A499492949294B22124BDD7CD
:10D28400B596AD75B5B618E419251945216521245F
:10D29400294429232924210318C30821000000005C
:10D2A400000000000000000000000000000000007A
:10D2B400000000000000000000000000000000006A
:10D2C400000000000000000018E3B5B6B596B5B63E
:10D2D4004208BDD7B596B5B6B596B596AD75B5B693
:10D2E4004228420894B2949294B294922945B596F5
:10D2F400B5B6BDD7BDD718C3192521662124294445
:10D304002903314420E218A200200000000000019B
:10D3140000210000000000000000000000000000E8
:10D3240000000000000008000000000000000000F1
:10D3340000000000000000002104B596B596B5B6C3
:10D344004A49B596BDD7B596B596B5B64A494A4940
:10D354008C71949294B29CD3949294922945B5B6CC
:10D36400B5B6AD75B596210421452125294520E39F
:10D37400314420E318A20000000000000021002135
:10D384000000000000000000000000000000000099
:10D394000000000008000800000000000000000079
:10D3A400000000000000000010A2B5B6AD75BDD7A6
:10D3B4004228B596AD55BDD74A4942288C719CF395
:10D3C400949294B294929492949294B22945AD75A5
:10D3D400B5B6BDD7B5B618C32925292521042945D5
:10D3E40020C318C30020000000200020000000001B
:10D3F4000000000000000000000000000000000029
:10D404000000000000000800000000000000000010
:10D4140000000000000000002124B5B6B5B6B596A2
:10D4240042284A4942284A498C7194B294B28C7178
:10D4340094B29CD39CD394929CD318E3B596B5B67E
:10D44400AD75B5B6B596210429252904294520E3EF
:10D4540018C30000000000000020000000000000CD
:10D464000020002000000000000000000000000078
:10D4740000000000000000000000000000000000A8
:10D48400000000000000000018C3B5B6B5B6B5B67C
:10D49400AD75BDD7B5962945296521242104296593
:10D4A400212418E3296521242945AD55BDF7B596F6
:10D4B400BDD7BDD7AD7518C329042125190410C3E0
:10D4C4000001000000000000000000000000000057
:10D4D4000000000000000000000000000000000048
:10D4E4000000000000000000000000000000000038
:10D4F40000000000000000002104B596B596212428
:10D5040029452104C618AD75B596B5B6B596B5B618
:10D51400B5B6B5B6B596B5B6B596BDD72124210432
:10D524002124B596BDD718E32925210410C3004052
:10D5340000000000000000000000000008000000DF
:10D5440000200000000000000001000000000000B6
:10D5540000000000000000000000000000000000C7
:10D56400000000000000000018C3B5B6B5B62104E1
:10D5740000002945B5B6B5B6B5B6B5B6B5B6B5B6B7
:10D58400B5B6B5B6B5B6B5B6B5B6B59629450000C7
:10D594002945B5B6B59618E3212410A20020000051
:10D5A4000000000000000000000000000000000077
:10D5B4000000000000000000000000000000000067
:10D5C4000000000000000000000000000000000057
:10D5D400000000000000000018E3B596BDD7212428
:10D5E40021242965AD55B5B6B5B6B5B6B5B6B5B64B
:10D5F400B5B6B5B6B5B6B5B6B5B6B5B621042965F2
:10D604002104BDD7BDD718E310A2084100000000D3
:10D614000000000000000000000000000000000006
:10D6240000000000000000000000000000000000F6
:10D6340000000000000000000000000000000000E6
:10D64400000000000000000000002104AD75B59644
:10D65400B5B6AD75BDF7B596B5B6B5B6B5B6B5B68E
:10D66400B5B6B5B6B5B6B5B6B596B596B5B6B5B69E
:10D67400B596B59618C321040020000000000000F0
:10D684000000000000000000000000000000000096
:10D694000000000000000000000000000000000086
:10D6A4000000000000000000000000000000000076
:10D6B4000000000000000000000000002104BDD7AD
:10D6C400B5B6B596B596B596B5B6B5B6B5B6B5B65E
:10D6D400B5B6B5B6B5B6B5B6BDD7B5B6B596B5B6E5
:10D6E400B5B6210421040000000000000000000081
:10D6F4000000000000000000000000000000000026
:10D704000000000000000000000000000000000015
:10D714000000000000000000000000000000000005
:10D72400000000000000000000000000000018C31A
:10D73400212418E318E3212418E318E318E318E379
:10D7440018E318E318E318E318E318E318C318E31D
:10D7540018E310A2002000200000000000000000D8
:10D7640000000000000000000000000000000000B5
:10D7740000000000000000000000000000000000A5
:10D784000000000000000000000000000000000095
:10D794000000000000000000000000000020000065
:10D7A4000000000000200000000000000000000055
:10D7B4000000000000000000000000000020000045
:10D7C4000000000000000000000000000000000055
:10D7D4000000000000000000000000000000000045
:10D7E4000000000000000000000000000000000035
:10D7F4000000000000000000000000000000000025
:10D804000000000000000000000000000000000014
:10D8140008410000000000000000000000000000BB
:10D8240000000000000000000000002000000000D4
:10D8340000000000000000000000000000000000E4
:10D8440000000000000000000000000000000000D4
:10D8540000000000000000000000000000000000C4
:10D8640000000000000000000000000000000000B4
:10D8740000000000000000000000000000000000A4
:10D884000000000000000000000000000000000094
:10D894000000000000000000000000000000000084
:10D8A4000000002000000000000000000000000054
:10D8B4000000000000000000000000000000000064
:10D8C4000000000000000000000000000000000054
:10D8D4000000000000000000000000000000000044
:10D8E4000000000000000000000000000000000034
:10D8F4000000000000000000000000000000000024
:10D904000000000000000000000000000000000013
:10D914000000000000000000000000000000000003
:10D9240000000000000000000000000000000000F3
:10D9340000000000000000000000000000000000E3
:10D9440000000000000000000000000000000000D3
:10D9540000000000000000000000000000000000C3
:10D9640000000000000000000000000000000000B3
:10D9740000000000000000000000000000000000A3
:10D984000000000000000000000000000000000093
:10D994000000000000000000000000000000000083
:10D9A4000000000000000000000000000000000073
:10D9B4000000000000000000000000000000000063
:10D9C4000000000000000000000000000000000053
:10D9D4000000000000000000000000000000000C37
:10D9E400000C000C000C000C000C000C000C000CD3
:10D9F400000C000C0000000C000C000000000000F3
:10DA04000000001B001B001B001B001B000000008B
:10DA14000000000000000000000000000000000002
:10DA24000000000000008019801980198019C07F4F
:10DA3400C07F80190033C07FC07F003300330033C0
:10DA440000330000000000000000001E003F80754D
:10DA540080650074003C001E0007800580658065B9
:10DA64008075003F001E00040004000000000070E8
:10DA740000D840D8C0D880D900730006000C801BA1
:10DA8400C036C066C046C006800300000000000027
:10DA94000000001E003F003300330033001E000C62
:10DAA400C03CC066806380618063C03E801C00000F
:10DAB400000000000000000C000C000C000C000C26
:10DAC4000000000000000000000000000000000052
:10DAD40000000000000000008000000100030006B8
:10DAE40000060004000C000C000C000C000C000CE0
:10DAF400000400060006000300018000002000105E
:10DB04000018000C000C00040006000600060006C5
:10DB1400000600060004000C000C00180010002091
:10DB24000000000C002D003F001E00330000000028
:10DB340000000000000000000000000000000000E1
:10DB440000000000000000000000000C000C000CAD
:10DB5400000CC0FFC0FF000C000C000C000C000007
:10DB640000000000000000000000000000000000B1
:10DB740000000000000000000000000000000000A1
:10DB84000000000C000C0004000400080000000069
:10DB94000000000000000000000000000000001E63
:10DBA400001E000000000000000000000000000053
:10DBB4000000000000000000000000000000000061
:10DBC40000000000000000000000000C000C000039
:10DBD400000000000000000300030003000600062C
:10DBE40000060006000C000C000C000C00180018C5
:10DBF40000180000000000000000001E003F003379
:10DC0400806180618061806D806D806180618061F0
:10DC14000033003F001E000000000000000000066A
:10DC2400000E001E00360026000600060006000650
:10DC340000060006000600060006000000000000C2
:10DC44000000001E003F807380618061800100033A
:10DC54000006000C001800300060807F807F000008
:10DC6400000000000000001C003E0063006300038D
:10DC7400000E000E00038001800180618073003F6C
:10DC8400001E00000000000000000006000E000E50
:10DC9400001E001E0016003600360066807F807F5E
:10DCA4000006000600060000000000000000007FDF
:10DCB400007F006000600060006E007F8063800170
:10DCC400800180618073003F001E0000000000009E
:10DCD4000000001E003F803380610060006E007F02
:10DCE40080738061806180618033003F001E00008A
:10DCF400000000000000807F807F8001000300039B
:10DD040000060006000C000C000C000800180018A7
:10DD140000180000000000000000001E003F8063A7
:10DD2400806180610021001E003F8061806180610C
:10DD34008061003F001E0000000000000000001E83
:10DD4400003F00738061806180618073803F801D2B
:10DD5400800180610073003F001E0000000000008D
:10DD640000000000000000000000000C000C000097
:10DD740000000000000000000000000C000C000087
:10DD8400000000000000000000000000000000008F
:10DD9400000C000C00000000000000000000000C5B
:10DDA400000C000400040008000000000000000053
:10DDB40080008003000E003800600038000E8003ED
:10DDC40080000000000000000000000000000000CF
:10DDD400000000000000807F807F00000000807F42
:10DDE400807F000000000000000000000000000030
:10DDF400000000000000000000400070001C00074C
:10DE040080010007001C00700040000000000000BA
:10DE1400000000000000001F803FC071C060C0000F
:10DE2400C00180030007000E000C000C0000000C71
:10DE3400000C0000000000000000001E003F8031C4
:10DE440080718063806F806D806D806F80670060FB
:10DE54000032003E001C0000000000000000000E24
:10DE6400000E001B001B001B001B80318031803F13
:10DE7400803F8031C060C060C060000000000000CE
:10DE84000000007C007E0063006300630063007E8A
:10DE9400007E0063806180618063007F007E0000FB
:10DEA400000000000000001E003F8031806100601F
:10DEB4000060006000600060006080618031003FAD
:10DEC400001E0000000000000000007C007F0063D2
:10DED40080638061806180618061806180610063B2
:10DEE4000063007E007C0000000000000000807FD2
:10DEF400807F0060006000600060007F007F006041
:10DF0400006000600060807F807F000000000000EF
:10DF14000000807F807F0060006000600060007F00
:10DF2400007F00600060006000600060006000002E
:10DF3400000000000000001E003F8031806100608E
:10DF44000060006080638063806180618031803F15
:10DF5400001E0000000000000000806180618061FC
:10DF6400806180618061807F807F80618061806169
:10DF74008061806180610000000000000000003FBB
:10DF8400003F000C000C000C000C000C000C000CFA
:10DF9400000C000C000C003F003F000000000000DB
:10DFA40000008001800180018001800180018001E6
:10DFB40080018001806180618073003F001E000049
:10DFC400000000000000C06080610063006600661D
:10DFD400006C0078007C00660066006380618061EC
:10DFE400C0600000000000000000006000600060ED
:10DFF400006000600060006000600060006000601D
:10E004000060807F807F0000000000000000C0717D
:10E01400C071C07BC07AC06AC06AC06EC064C06090
:10E02400C060C060C060C060C0600000000000004C
:10E03400000080718071807980798079806D806D35
:10E04400806D80658067806780678063806300007F
:10E05400000000000000001E003F0033806180616A
:10E064008061806180618061806180610033003FF4
:10E07400001E0000000000000000007E007F80639E
:10E084008061806180618063007F007E0060006049
:10E094000060006000600000000000000000001E3E
:10E0A400003F0033806180618061806180618061B4
:10E0B400806580670033803F401E00000000000040
:10E0C4000000007E007F8063806180618063007F48
:10E0D400007E00660063006380618061C0600000B0
:10E0E400000000000000000E001F8031803100306D
:10E0F4000038001E00078003806180618031003F8A
:10E10400001E0000000000000000C0FFC0FF000C63
:10E11400000C000C000C000C000C000C000C000C9B
:10E12400000C000C000C00000000000000008061E6
:10E1340080618061806180618061806180618061D3
:10E14400806180618073003F001E000000000000B9
:10E154000000C060C060C060803180318031001B2D
:10E16400001B001B001B000E000E000E000400002C
:10E17400000000000000C0C0C0C0C0C0C0C0C0C01B
:10E18400C0CC804C804C805E805280528073806111
:10E1940080610000000000000000C0C08060806159
:10E1A4000033003B001E000C000C001E001F003B4F
:10E1B40080718061C0C00000000000000000C0C089
:10E1C4008061806100330033001E001E000C000CCF
:10E1D400000C000C000C000C000C000000000000FF
:10E1E4000000803F803F8001000300030006000C14
:10E1F400000C0018001800300060807F807F000051
:10E2040000000000000F000F000C000C000C000CBC
:10E21400000C000C000C000C000C000C000C000C9A
:10E22400000C000C000F000F00000018001800186C
:10E23400000C000C000C000C000600060006000692
:10E24400000300030003000000000000001E001E85
:10E25400000600060006000600060006000600068A
:10E26400000600060006000600060006001E001E4A
:10E274000000000C000C001E00120033003380610B
:10E2840080610000000000000000000000000000A9
:10E29400000000000000000000000000000000007A
:10E2A400000000000000000000000000000000006A
:10E2B40000000000E0FF0000000000380018000C1F
:10E2C400000000000000000000000000000000004A
:10E2D400000000000000000000000000000000003A
:10E2E400000000000000001F803F80618001801F4B
:10E2F400803F80618063807FC038000000000000A0
:10E3040000000060006000600060006E007F8073A9
:10E3140080618061806180618073007F006E000095
:10E324000000000000000000000000000000001ECB
:10E33400003F807380610060006080618073003FF3
:10E34400001E000000000000000080018001800128
:10E354008001801D803F8073806180618061806165
:10E364008073803F801D000000000000000000005A
:10E37400000000000000001E003F00738061807FE9
:10E38400807F00608071003F001E000000000000DC
:10E394000000C007C00F000C000C807F807F000CC1
:10E3A400000C000C000C000C000C000C000C000015
:10E3B400000000000000000000000000801D803FFD
:10E3C400807380618061806180618073803F801D83
:10E3D40080018063007F003E0000006000600060F8
:10E3E4000060006F807F80718061806180618061E6
:10E3F4008061806180610000000000000000000670
:10E40400000600000000003E003E00060006000674
:10E4140000060006000600060006000000000000DA
:10E424000006000600000000003E003E0006000654
:10E434000006000600060006000600060006004668
:10E44400007E003C000000600060006000608061AD
:10E4540000630066006C007C0076006300638061EA
:10E46400C0600000000000000000003E003E000606
:10E474000006000600060006000600060006000668
:10E484000006000600060000000000000000000076
:10E4940000000000000080DDC0FFC0CEC0CCC0CCB6
:10E4A400C0CCC0CCC0CCC0CCC0CC000000000000AC
:10E4B40000000000000000000000006F807F8071F9
:10E4C4008061806180618061806180618061000021
:10E4D4000000000000000000000000000000001E1A
:10E4E400003F807380618061806180618073003F40
:10E4F400001E0000000000000000000000000000FA
:10E50400006E007F807380618061806180618073B0
:10E51400007F006E0060006000600060000000008A
:10E5240000000000801D803F8073806180618061F5
:10E5340080618073803F801D8001800180018001A3
:10E54400000000000000000000000067803F003968
:10E554000030003000300030003000300030000067
:10E564000000000000000000000000000000001E89
:10E57400803F80610060007F803F80018061007F78
:10E58400001E000000000000000000000008001849
:10E594000018007F007F00180018001800180018E9
:10E5A4000018801F800F0000000000000000000021
:10E5B40000000000000080618061806180618061F2
:10E5C400806180618063807F803D000000000000E6
:10E5D40000000000000000000000C06080318031B5
:10E5E4008031001B001B001B000E000E0006000003
:10E5F400000000000000000000000000000080DDBA
:10E6040080DD80DD0055005500550077007700223D
:10E6140000220000000000000000000000000000D4
:10E624000000806100330033001E000C000C001E4B
:10E63400003300338061000000000000000000008F
:10E644000000000080618061803100330033001BD2
:10E65400001B001B000E000E000E001C007C00704E
:10E6640000000000000000000000C07FC07F8001A7
:10E6740000030006000C00180030C07FC07F0000BB
:10E684000000000080038007000600060006000664
:10E694000006000E001C001C000E0006000600060A
:10E6A4000006000680078003000600060006000638
:10E6B4000006000600060006000600060006000626
:10E6C4000006000600060006000600060038003CAE
:10E6D400000C000C000C000C000C000E00070007DE
:10E6E400000E000C000C000C000C000C003C003868
:10E6F400000000000000000000000000000080385E
:10E70400807F0047000000000000000000000000BF
:10E7140000000000000000000000000000000000F5
:10E7240000000000000000000000000000000000E5
:10E7340000000000000000000000000000000000D5
:10E744000000000000000000E003E003E003E00339
:10E75400E003E003E003E003C003C003C001C00121
:10E76400C001C001C001000000000000E003E0039C
:10E77400E003000000000000000000003C1E3C1EFE
:10E784003C1E3C1E3C1E3C1E3C1E000000000000C3
:10E794000000000000000000000000000000000075
:10E7A4000000000000000000000000000000000065
:10E7B400CE01CE03DE039E039C039C07FF3FFF7F35
:10E7C4003807380F780F780F780EFFFFFFFFF01E21
:10E7D400F01CE01CE03CE03DE039000000000000DB
:10E7E40000000000FC03FE0FEE1FE01EE01EE01E12
:10E7F400E01EE01FE00FE007F003FC01FE01FE0154
:10E80400FE01FE01FE01FE01FE3DFC3FF00FE001B2
:10E81400E001000000000000033E07F78FE78EE7E9
:10E824009EE3BCE3B8E7F8E7F0F7E03FC001FF037D
:10E83400FF07F307F30FF31EF33CF338F3787FF08D
:10E844003FE000000000000000000000E007F80FB7
:10E85400780F781F781F781F780FF00FE00F801F54
:10E86400C37FC3FBE7F3F7F1F7F0FFF07FF03EF867
:10E874007F7CFF3FEF1F000000000000000000004D
:10E88400E003E003E003E003E003C003C001000091
:10E894000000000000000000000000000000000074
:10E8A4000000000000000000000000000000000064
:10E8B400000000003F007C00F001E001C003C0073D
:10E8C40080078007800F000F000F000F000F000F5C
:10E8D400000F800F80078007C007C003E001F0012C
:10E8E4007C003F000F000000007E001FC007C00333
:10E8F400E001F001F000F000F80078007800780002
:10E90400780078007800F800F000F000F001E001F1
:10E91400C003C007001F007E00780000E003C003AE
:10E92400C001CE39FF3F7F3F20037003F807780F03
:10E934003C1F38060000000000000000000000003A
:10E9440000000000000000000000000000000000C3
:10E95400000000000000000000000000C001C00131
:10E96400C001C001C001C001C001FFFFFFFFC00121
:10E97400C001C001C001C001C001000000000000CE
:10E984000000000000000000000000000000000083
:10E994000000000000000000000000000000000073
:10E9A400000000000000E003E003E003E003E001F6
:10E9B400E001E001C001800300000000000000004D
:10E9C4000000000000000000000000000000FE3F06
:10E9D400FE3F0000000000000000000000000000F6
:10E9E4000000000000000000000000000000000023
:10E9F4000000000000000000000000000000000013
:10EA04000000000000000000000000000000E0031F
:10EA1400E003E003E0030000000000000000000049
:10EA24000F000F001E001E003C003C007800780020
:10EA3400F000F000E001E001C003C003800780079C
:10EA4400000F000F001E001E003C003C0078007800
:10EA540000F00000F007F80F7C1F3E3E1E3C1F7CB8
:10EA64001F7C0F780F780F780F780F780F780F7856
:10EA74001F7C1F7C1E3C3E3E7C1FF80FF0070000ED
:10EA84000000000000000000F000F007F03FF03F3D
:10EA9400F001F001F001F001F001F001F001F001EA
:10EAA400F001F001F001F001F001F001F001FF3F8D
:10EAB400FF3F00000000000000000000E00FF83FEE
:10EAC4007C3C3C003E003E003E003C003C007C00A0
:10EAD400F800F001E003C0078007000F001E003EAD
:10EAE400003CFE3FFE3F000000000000000000006C
:10EAF400F00FF81F7C1C3E003E003E003C003C0032
:10EB0400F800F00FF80F7C003E001E001E001E00EF
:10EB14001E003E007C1CF81FE01F000000000000E7
:10EB2400000000007800F800F800F801F803F80786
:10EB3400F807780F781E781E783C78787878FFFF8D
:10EB4400FFFF7800780078007800780078000000F3
:10EB54000000000000000000FC1FFC1FFC1F001E42
:10EB6400001E001E001E001EE01FF81FFC007C009B
:10EB74003E003E001E003E003E003C007C1CF81F90
:10EB8400E01F00000000000000000000FC01FE0780
:10EB94008E0F001F001E003E003C003CF83DFC3F71
:10EBA4003E7F1F7E0F3C0F3C0F3C0F3C0F3E1F1E51
:10EBB4003E1FFC0FF00300000000000000000000F6
:10EBC400FF3FFF3FFF3F0F001E001E003C003800C8
:10EBD4007800F000F000E001E001C003C00380070A
:10EBE400800F800F000F001F001F000000000000B6
:10EBF40000000000F807FC0F3E1F1E1E1E3E1E3EB6
:10EC04001E1E3C1FF80FF007F80FFC1E3E3E1F3C73
:10EC14001F7C0F7C0F7C1F3C3E3FFC1FF007000055
:10EC24000000000000000000F007F80F7C1E3E3CCE
:10EC34001E3C1F7C1F7C1F7C1F7C1F3C3F3EFF1F14
:10EC4400EF071F001E001E003E003C00F838F03F96
:10EC5400E01F0000000000000000000000000000B1
:10EC64000000000000000000E003E003E003E00314
:10EC74000000000000000000000000000000E003AD
:10EC8400E003E003E00300000000000000000000D7
:10EC9400000000000000000000000000E003E003AA
:10ECA400E003E0030000000000000000000000009A
:10ECB4000000E003E003E003E003E001E001E00121
:10ECC400C0038003000000000000000000000000FA
:10ECD40003000F003F00FC00F003C00F003F00FEE4
:10ECE400003FC00FF003FC003F000F0003000000D2
:10ECF4000000000000000000000000000000000010
:10ED0400000000000000000000000000FFFFFFFF03
:10ED1400000000000000FFFFFFFF000000000000F3
:10ED240000000000000000000000000000000000DF
:10ED3400000000000000000000E000F8007E801FDA
:10ED4400E007F8017E001F007E00F801E007801F45
:10ED5400007E00F800E00000000000000000000059
:10ED6400F01FFC3F3E381F381F381E001E003C00B9
:10ED74007800F000E001C003C003C007C007000032
:10ED840000000000C007C007C0070000000000002A
:10ED940000000000F803FE0F1E1F0F3E7F3CFF78AB
:10EDA400EF79C773C7F38FF38FF38FF39FF39FF359
:10EDB400FF73FF7BF779003C1C1FFC0FF803000076
:10EDC4000000000000000000000000000000E0035C
:10EDD400E003F007F007F007780F780F7C0E3C1E75
:10EDE4003C1E3E3CFE3FFF3F1F780F780FF007F0BC
:10EDF40007F0000000000000000000000000000018
:10EE04000000F83FFC3F3E3C1E3C1E3C1E3C3E3C8A
:10EE14007C3CF03FF83F7E3C1F3C1F3C0F3C0F3CCA
:10EE24001F3CFE3FF83F000000000000000000000F
:10EE3400000000000000FF01FF07871F003E003CA8
:10EE4400007C00780078007800780078007C007CF2
:10EE5400003E003F831FFF07FF0100000000000089
:10EE640000000000000000000000F07FFC7F7E78BE
:10EE74001F781F780F780F780F780F780F780F7836
:10EE84000F780F781F781E787E78F87FE07F000077
:10EE94000000000000000000000000000000FF3F30
:10EEA400FF3F003E003E003E003E003E003EFE3F6F
:10EEB400FE3F003E003E003E003E003E003EFF3F5F
:10EEC400FF3F000000000000000000000000000000
:10EED4000000FF1FFF1F001E001E001E001E001E5C
:10EEE400001EFF1FFF1F001E001E001E001E001E2E
:10EEF400001E001E001E00000000000000000000B4
:10EF0400000000000000FE03FF0F871F003E007C8E
:10EF1400007C007800F800F87FF87FF80F780F7C09
:10EF24000F7C0F3E8F1FFF0FFE0300000000000048
:10EF3400000000000000000000001F7C1F7C1F7CFC
:10EF44001F7C1F7C1F7C1F7C1F7CFF7FFF7F1F7C1F
:10EF54001F7C1F7C1F7C1F7C1F7C1F7C1F7C000070
:10EF64000000000000000000000000000000FF3F5F
:10EF7400FF3FE003E003E003E003E003E003E0031A
:10EF8400E003E003E003E003E003E003E003FF3F0A
:10EF9400FF3F00000000000000000000000000002F
:10EFA4000000FC1FFC1F7C007C007C007C007C00BB
:10EFB4007C007C007C007C007C007C007800780075
:10EFC400F838F03FC03F00000000000000000000DF
:10EFD4000000000000001F3C1E3C3C3C783CF03C20
:10EFE400E03DE03FC03F803FC03FE03FF03DF03CAC
:10EFF400783C7C3C3E3C1F3C0F3C00000000000081
:10F0040000000000000000000000003E003E003E42
:10F01400003E003E003E003E003E003E003E003EFC
:10F02400003E003E003E003E003EFF3FFF3F00002A
:10F0340000000000000000000000000000001FF8B5
:10F044001FFC1FFC3FFE3FFE3FFE7FFF77FF77FF65
:10F05400F7F7E7F7E7F3E7F3C7F307F007F007F08D
:10F0640007F00000000000000000000000000000A5
:10F0740000000F7C0F7C0F7E0F7F0F7F8F7F8F7FB1
:10F08400CF7FEF7BEF79FF79FF78FF787F783F7848
:10F094003F781F781F780000000000000000000087
:10F0A400000000000000F007FC1F3E3E1F7C0F78AC
:10F0B4000F780FF80FF80FF80FF80FF80FF80F7814
:10F0C4000F781F7C3E3EFC1FF0070000000000008C
:10F0D40000000000000000000000FC3FFF3F1F3E56
:10F0E4000F3E0F3E0F3E0F3E1F3E3F3EFC3FF03FA4
:10F0F400003E003E003E003E003E003E003E00005A
:10F104000000000000000000000000000000F00704
:10F11400FC1F3E3E1F7C0F780F780FF80FF80FF896
:10F124000FF80FF80FF80F780F781F7C3E3EFC1F86
:10F13400F8077C003F000F000300000000000000FF
:10F144000000F03FFC3F7E3C3E3C1E3C1E3C3E3CEF
:10F154003C3CFC3CF03FE03FF03DF83C7C3C3E3C1A
:10F164001E3C1F3C0F3C000000000000000000009B
:10F17400000000000000FC07FE1F0E3E003C003CA7
:10F18400003C003EC01FF80FFE037F001F000F006D
:10F194000F001F203E3CFC3FF01F00000000000059
:10F1A40000000000000000000000FFFFFFFFE0037C
:10F1B400E003E003E003E003E003E003E003E00333
:10F1C400E003E003E003E003E003E003E003000006
:10F1D40000000000000000000000000000000F7CA0
:10F1E4000F7C0F7C0F7C0F7C0F7C0F7C0F7C0F7CC3
:10F1F4000F7C0F7C0F7C0F7C1E3C1E3C3E3EFC1F94
:10F20400F007000000000000000000000000000003
:10F21400000007F007F007F80F780F7C1E3C1E3C37
:10F224001E3E3C1E3C1F781F780FF80FF007F007B6
:10F23400F007E003E003000000000000000000000D
:10F2440000000000000003E003F003F007F0E7F320
:10F25400E7F3E7F3E773F77BF77FFF7F7F7F7F7F3A
:10F264007E7F7E3F3E3E3E3E3E3E0000000000006C
:10F274000000000000000000000007F80F7C1E3EA4
:10F284003E3E3C1FF80FF007E007E003E003F00701
:10F29400F80F7C0F7C1E3E3C1F780F780FF00000A7
:10F2A400000000000000000000000000000007F85B
:10F2B40007780F7C1E3C1E3E3C1F780FF80FF007AA
:10F2C400E003E003E003E003E003E003E003E00322
:10F2D400E003000000000000000000000000000047
:10F2E4000000FF7FFF7F0F001F003E007C00F8003E
:10F2F400F000E001E003C007800F000F001E003E95
:10F30400007CFF7FFF7F0000000000000000000081
:10F31400FF07800780078007800780078007800732
:10F3240080078007800780078007800780078007A1
:10F334008007800780078007800780078007FF0712
:10F34400FF07000000780078003C003C001E001E0F
:10F35400000F000F80078007C003C003E001E00135
:10F36400F000F000780078003C003C001E001E0015
:10F374000F000F0007000000F07FF000F000F00025
:10F38400F000F000F000F000F000F000F000F000F9
:10F39400F000F000F000F000F000F000F000F000E9
:10F3A400F000F000F000F07FF07F0000C000C0012A
:10F3B400C001E003E003F007F0077807780F380F87
:10F3C4003C1E3C1E1E3C1E3C0F380F780778000084
:10F3D4000000000000000000000000000000000029
:10F3E4000000000000000000000000000000000019
:10F3F4000000000000000000000000000000000009
:10F4040000000000000000000000FFFFFFFF0000FC
:10F4140000000000F00000000000000000000000F8
:10F4240000000000000000000000000000000000D8
:10F4340000000000000000000000000000000000C8
:10F4440000000000000000000000000000000000B8
:10F4540000000000F80FFC3F7C3C3E003E003E00F4
:10F46400FE07FE1F3E3E3E7C3E783E7C7E7CFF3F98
:10F47400CF1F00000000000000000000003C003C22
:10F48400003C003C003C003CF83DFE3F3E3F1F3E3C
:10F494000F3C0F3C0F3C0F3C0F3C0F3C1F3C1E3CF1
:10F4A4003E3FFC3FF03B0000000000000000000075
:10F4B400000000000000000000000000FE03FF0F39
:10F4C400871F003E003E003C007C007C007C003C2A
:10F4D400003E003E871FFF0FFE03000000000000F7
:10F4E400000000001F001F001F001F001F001F005E
:10F4F400FF07FF1F3F3E1F3C1F7C1F7C1F7C1F78A4
:10F504001F781F7C1F7C3F3C7F3EFF1FDF0F0000E6
:10F5140000000000000000000000000000000000E7
:10F5240000000000F803FC0F3E1F1E3E1F3C1F7C22
:10F53400FF7FFF7F007C007C003C003E071FFF0F25
:10F54400FE0300000000000000000000FF01E103D2
:10F55400C003C007C007C007FF7FFF7FC007C00705
:10F56400C007C007C007C007C007C007C007C0075F
:10F57400C007C007C0070000000000000000000032
:10F58400000000000000000000000000EF07FF1F63
:10F594007F3E1F3C1F7C1F7C1F781F781F781F7CB9
:10F5A4001F7C3F3C7F3EFF1FDF0F1E001E001E001E
:10F5B4007C38F83F003C003C003C003C003C003CF4
:10F5C400FC3DFE3F9E3F1F3F1F3E1F3C1F3C1F3C18
:10F5D4001F3C1F3C1F3C1F3C1F3C1F3C1F3C0000AA
:10F5E4000000000000000000F001F0010000000035
:10F5F40000000000E07FE07FE001E001E001E001C5
:10F60400E001E001E001E001E001E001E001E001EE
:10F61400E00100000000000000000000F800F80015
:10F624000000000000000000F83FF83FF800F80078
:10F63400F800F800F800F800F800F800F800F80006
:10F64400F800F800F800F800F800F000F071E07F2E
:10F65400003C003C003C003C003C003C1F3C3E3C69
:10F664007C3CF83CF03DE03DC03FC03FE03FF03D16
:10F67400F83C7C3C3E3C1F3C1F3C0000000000006A
:10F6840000000000F07FF001F001F001F001F00152
:10F69400F001F001F001F001F001F001F001F001DE
:10F6A400F001F001F001F001F001F001F0010000BF
:10F6B4000000000000000000000000000000000046
:10F6C400000000009EF7FFFFFFFFFFFFE7FBE7F9E5
:10F6D400C7F1C7F1C7F1C7F1C7F1C7F1C7F1C7F166
:10F6E400C7F100000000000000000000000000005E
:10F6F4000000000000000000FC3DFE3F9E3F1F3F55
:10F704001F3E1F3C1F3C1F3C1F3C1F3C1F3C1F3C1B
:10F714001F3C1F3C1F3C00000000000000000000D4
:10F72400000000000000000000000000F007FC1FC3
:10F734003E3E1F3C1F7C0F780F780F780F780F78B0
:10F744001F7C1F3C3E3EFC1FF00700000000000031
:10F7540000000000000000000000000000000000A5
:10F76400F83DFE3F3E3F1F3E0F3C0F3C0F3C0F3C1D
:10F774000F3C0F3C1F3C1E3E3E3FFC3FF83F003C0D
:10F78400003C003C003C003C000000000000000085
:10F7940000000000EE07FE1F7E3E1E3C1E7C1E780D
:10F7A4001E781E781E781E781E7C3E7C7E3EFE1FD0
:10F7B400DE0F1E001E001E001E001E0000000000C2
:10F7C40000000000000000007F1FFF1FE71FC71F8D
:10F7D400871F001F001F001F001F001F001F001FA6
:10F7E400001F001F001F00000000000000000000B8
:10F7F400000000000000000000000000FC07FE1FE5
:10F804000E1E003E003E003FE01FFC07FE003E00CF
:10F814001E001E003E3CFC3FF01F000000000000E4
:10F82400000000000000000000008007800780073F
:10F83400FF7FFF7F8007800780078007800780079E
:10F844008007800780078007C007FF03FF010000CF
:10F8540000000000000000000000000000000000A4
:10F86400000000001E3C1E3C1E3C1E3C1E3C1E3C78
:10F874001E3C1E3C1E3C1E3C3E3C7E3CFE3EFE1F8F
:10F88400DE0F000000000000000000000000000087
:10F89400000000000000000007F00F780F781E3C05
:10F8A4001E3C1E3E3C1E3C1E780F780FF00FF007E6
:10F8B400F007E003E0030000000000000000000087
:10F8C40000000000000000000000000003F0E3F16D
:10F8D400E3F3E7F3F7F3F7F3F77F777F7F7F7F7F38
:10F8E4007F7F3E3E3E3E3E3E3E3E00000000000026
:10F8F4000000000000000000000000000000000004
:10F904000F7C1E3E3C3E3C1FF80FF007F007E0035F
:10F91400F007F807F80F7C1E3E3E1F3C1F780000DE
:10F9240000000000000000000000000000000000D3
:10F934000000000007F80F780F7C1E3C1E3C3C1EA4
:10F944003C1E3C1F780FF80FF007F007E003E003BC
:10F95400C003C003C0038007800F007F00000000C5
:10F964000000000000000000FF3FFF3F1F003E00BA
:10F974007C00F800F001E003C007800F001F001EA8
:10F98400003CFF7FFF7F000000000000000000003B
:10F99400FE01E003C003C003C003C003E001E001B3
:10F9A400E001C001C003803F803FC003C001E0010B
:10F9B400E001E001C003C003C003C003E003FE0193
:10F9C4007E000000C001C001C001C001C001C0012F
:10F9D400C001C001C001C001C001C001C001C0011B
:10F9E400C001C001C001C001C001C001C001C0010B
:10F9F400C001C001C0010000C03FE003E001E0011C
:10FA0400E001E001C001C003C003C001E001FE0049
:10FA1400FE00E001C001C003C003C001E001E00139
:10FA2400E001E001E003C03F003F000000000000EF
:10FA340000000000000000000000000000000000C2
:10FA44000000073FC77FE773FFF17EF0000000006E
:10FA540000000000000000000000000000000000A2
:10FA6400000000000000000001020304060708096A
:10FA740002030405060708090A0B0C0D0E0F1010EB
:10FA84000102030405060708090A0B0C0D0E0F10EA
:10FA9400232D302B2000686C4C0065666745464773
:10FAA40000303132333435363738394142434445F6
:10FAB4004600303132333435363738396162636465
:04FAC4006566000073
:04FAC800E900000849
:04FACC00C10000086D
:10FAD0000B120000BCD90008101A000018E700083B
:10FAE000040132011000000000127A00040000003E
:10FAF000010000002800002000000000640C00202D
:10FB0000CC0C0020340D002000000000000000009C
:10FB100000000000000000000000000000000000E5
:10FB200000000000000000000000000000000000D5
:10FB300000000000000000000000000000000000C5
:04FB400000000000C1
:0400000508006B7113
:00000001FF
