Time_ms,Temp_C,Setpoint_C,Heater_Duty,Motor_Hz,Error_C
15976.0,62.39,150.0,100,400,87.61
16418.0,62.4,150.0,100,400,87.6
16860.0,62.37,150.0,100,400,87.63
17302.0,62.46,150.0,100,400,87.54
17744.0,62.38,150.0,100,400,87.62
18186.0,62.39,150.0,100,400,87.61
18628.0,62.47,150.0,100,400,87.53
19070.0,62.67,150.0,100,400,87.33
19512.0,62.59,150.0,100,400,87.41
19954.0,62.56,150.0,100,400,87.44
20396.0,62.6,150.0,100,400,87.4
20838.0,62.74,150.0,100,400,87.26
21280.0,62.61,150.0,100,400,87.39
21722.0,62.65,150.0,100,400,87.35
22164.0,62.57,150.0,100,400,87.43
22606.0,62.54,150.0,100,400,87.46
23048.0,62.31,150.0,100,400,87.69
23490.0,62.02,150.0,100,400,87.98
24007.0,62.04,150.0,100,400,87.96
24449.0,61.87,150.0,100,400,88.13
24891.0,61.77,150.0,100,400,88.23
25333.0,61.77,150.0,100,400,88.23
25775.0,61.66,150.0,100,400,88.34
26217.0,61.64,150.0,100,400,88.36
26659.0,61.41,150.0,100,400,88.59
27101.0,61.44,150.0,100,400,88.56
27543.0,61.5,150.0,100,400,88.5
27985.0,61.55,150.0,100,400,88.45
28427.0,61.66,150.0,100,400,88.34
28869.0,61.74,150.0,100,400,88.26
29311.0,62.02,150.0,100,400,87.98
29753.0,62.34,150.0,100,400,87.66
30195.0,62.93,150.0,100,400,87.07
30637.0,63.37,150.0,100,400,86.63
31079.0,63.68,150.0,100,400,86.32
31521.0,64.1,150.0,100,400,85.9
31963.0,64.3,150.0,100,400,85.7
32405.0,64.87,150.0,100,400,85.13
32847.0,65.24,150.0,100,400,84.76
33289.0,65.83,150.0,100,400,84.17
33731.0,66.37,150.0,100,400,83.63
34173.0,66.92,150.0,100,400,83.08
34615.0,67.44,150.0,100,400,82.56
35057.0,67.98,150.0,100,400,82.02
35499.0,68.55,150.0,100,400,81.45
35941.0,69.28,150.0,100,400,80.72
36383.0,70.05,150.0,100,400,79.95
36825.0,70.93,150.0,100,400,79.07
37267.0,71.64,150.0,100,400,78.36
2171.0,83.43,150.0,100,400,66.57
2270.0,83.51,150.0,100,400,66.49
2370.0,83.47,150.0,100,400,66.53
2470.0,83.46,150.0,100,400,66.54
2570.0,83.6,150.0,100,400,66.4
2670.0,83.63,150.0,100,400,66.37
2770.0,83.8,150.0,100,400,66.2
2870.0,83.96,150.0,100,400,66.04
2970.0,84.12,150.0,100,400,65.88
3070.0,84.11,150.0,100,400,65.89
3170.0,84.18,150.0,100,400,65.82
3270.0,84.26,150.0,100,400,65.74
3370.0,84.41,150.0,100,400,65.59
3470.0,84.65,150.0,100,400,65.35
3570.0,84.72,150.0,100,400,65.28
3670.0,84.79,150.0,100,400,65.21
3770.0,84.91,150.0,100,400,65.09
3870.0,85.07,150.0,100,400,64.93
3970.0,85.2,150.0,100,400,64.8
4070.0,85.32,150.0,100,400,64.68
4170.0,85.36,150.0,100,400,64.64
4270.0,85.51,150.0,100,400,64.49
4370.0,85.57,150.0,100,400,64.43
4470.0,85.78,150.0,100,400,64.22
4570.0,85.94,150.0,100,400,64.06
4670.0,86.06,150.0,100,400,63.94
4770.0,86.32,150.0,100,400,63.68
4870.0,86.42,150.0,100,400,63.58
4970.0,86.64,150.0,100,400,63.36
5070.0,86.71,150.0,100,400,63.29
5170.0,86.79,150.0,100,400,63.21
5270.0,86.83,150.0,100,400,63.17
5370.0,87.12,150.0,100,400,62.88
5470.0,87.26,150.0,100,400,62.74
5570.0,87.4,150.0,100,400,62.6
5670.0,87.54,150.0,100,400,62.46
5770.0,87.8,150.0,100,400,62.2
5870.0,87.89,150.0,100,400,62.11
5970.0,87.99,150.0,100,400,62.01
6070.0,88.14,150.0,100,400,61.86
6170.0,88.34,150.0,100,400,61.66
6270.0,88.52,150.0,100,400,61.48
6370.0,88.6,150.0,100,400,61.4
6470.0,88.79,150.0,100,400,61.21
6570.0,88.87,150.0,100,400,61.13
6670.0,89.13,150.0,100,400,60.87
6770.0,89.34,150.0,100,400,60.66
6870.0,89.51,150.0,100,400,60.49
6970.0,89.68,150.0,100,400,60.32
7070.0,89.94,150.0,100,400,60.06
7170.0,89.93,150.0,100,400,60.07
7270.0,90.16,150.0,100,400,59.84
7370.0,90.38,150.0,100,400,59.62
7470.0,90.6,150.0,100,400,59.4
7570.0,90.66,150.0,100,400,59.34
7670.0,90.75,150.0,100,400,59.25
7770.0,90.92,150.0,100,400,59.08
7870.0,90.99,150.0,100,400,59.01
7970.0,91.05,150.0,100,400,58.95
8070.0,91.27,150.0,100,400,58.73
8170.0,91.44,150.0,100,400,58.56
8270.0,91.55,150.0,100,400,58.45
8370.0,91.69,150.0,100,400,58.31
8470.0,91.83,150.0,100,400,58.17
8570.0,92.13,150.0,100,400,57.87
8670.0,92.4,150.0,100,400,57.6
8770.0,92.67,150.0,100,400,57.33
8870.0,92.75,150.0,100,400,57.25
8970.0,93.01,150.0,100,400,56.99
9070.0,93.14,150.0,100,400,56.86
9170.0,93.25,150.0,100,400,56.75
9270.0,93.51,150.0,100,400,56.49
9370.0,93.7,150.0,100,400,56.3
9470.0,93.82,150.0,100,400,56.18
9570.0,94.01,150.0,100,400,55.99
9670.0,94.12,150.0,100,400,55.88
9770.0,94.19,150.0,100,400,55.81
9870.0,94.45,150.0,100,400,55.55
9970.0,94.71,150.0,100,400,55.29
10070.0,94.84,150.0,100,400,55.16
10170.0,95.09,150.0,100,400,54.91
10270.0,95.3,150.0,100,400,54.7
10370.0,95.57,150.0,100,400,54.43
10470.0,95.69,150.0,100,400,54.31
10570.0,95.88,150.0,100,400,54.12
10670.0,96.17,150.0,100,400,53.83
10770.0,96.37,150.0,100,400,53.63
10870.0,96.54,150.0,100,400,53.46
10970.0,96.73,150.0,100,400,53.27
11070.0,96.99,150.0,100,400,53.01
11170.0,97.24,150.0,100,400,52.76
11270.0,97.4,150.0,100,400,52.6
11370.0,97.54,150.0,100,400,52.46
11470.0,97.77,150.0,100,400,52.23
11570.0,97.99,150.0,100,400,52.01
11670.0,98.23,150.0,100,400,51.77
11770.0,98.56,150.0,100,400,51.44
11870.0,98.78,150.0,100,400,51.22
11970.0,98.94,150.0,100,400,51.06
12070.0,99.11,150.0,100,400,50.89
12170.0,99.3,150.0,100,400,50.7
12270.0,99.51,150.0,100,400,50.49
12370.0,99.8,150.0,100,400,50.2
12470.0,100.1,150.0,100,400,49.9
12570.0,100.38,150.0,100,400,49.62
12670.0,100.68,150.0,100,400,49.32
12770.0,100.8,150.0,100,400,49.2
12870.0,101.01,150.0,100,400,48.99
12970.0,101.28,150.0,100,400,48.72
13070.0,101.6,150.0,100,400,48.4
13170.0,101.73,150.0,100,400,48.27
13270.0,101.84,150.0,100,400,48.16
13370.0,102.03,150.0,100,400,47.97
13470.0,102.32,150.0,100,400,47.68
13570.0,102.6,150.0,100,400,47.4
13670.0,102.79,150.0,100,400,47.21
13770.0,103.02,150.0,100,400,46.98
13870.0,103.26,150.0,100,400,46.74
13970.0,103.46,150.0,100,400,46.54
14070.0,103.63,150.0,100,400,46.37
14170.0,103.92,150.0,100,400,46.08
14270.0,104.19,150.0,100,400,45.81
14370.0,104.5,150.0,100,400,45.5
14470.0,104.7,150.0,100,400,45.3
14570.0,104.87,150.0,100,400,45.13
14670.0,105.1,150.0,100,400,44.9
14770.0,105.45,150.0,100,400,44.55
14870.0,105.62,150.0,100,400,44.38
14970.0,105.87,150.0,100,400,44.13
15070.0,106.06,150.0,100,400,43.94
15170.0,106.34,150.0,100,400,43.66
15270.0,106.62,150.0,100,400,43.38
15370.0,106.74,150.0,100,400,43.26
15470.0,106.96,150.0,100,400,43.04
15570.0,107.17,150.0,100,400,42.83
15670.0,107.47,150.0,100,400,42.53
15770.0,107.71,150.0,100,400,42.29
15870.0,107.93,150.0,100,400,42.07
15970.0,108.16,150.0,100,400,41.84
16070.0,108.46,150.0,100,400,41.54
16170.0,108.74,150.0,100,400,41.26
16270.0,109.0,150.0,100,400,41.0
16370.0,109.28,150.0,100,400,40.72
16470.0,109.55,150.0,100,400,40.45
16570.0,109.84,150.0,100,400,40.16
16670.0,110.13,150.0,100,400,39.87
16770.0,110.35,150.0,100,400,39.65
16870.0,110.56,150.0,100,400,39.44
16970.0,110.79,150.0,100,400,39.21
17070.0,110.97,150.0,100,400,39.03
17170.0,111.31,150.0,100,400,38.69
17270.0,111.56,150.0,100,400,38.44
17370.0,111.81,150.0,100,400,38.19
17470.0,112.14,150.0,100,400,37.86
17570.0,112.41,150.0,100,400,37.59
17670.0,112.69,150.0,100,400,37.31
17770.0,112.86,150.0,100,400,37.14
17870.0,113.13,150.0,100,400,36.87
17970.0,113.33,150.0,100,400,36.67
18070.0,113.7,150.0,100,400,36.3
18170.0,114.03,150.0,100,400,35.97
18270.0,114.3,150.0,100,400,35.7
18370.0,114.48,150.0,100,400,35.52
18470.0,114.72,150.0,100,400,35.28
18570.0,115.01,150.0,100,400,34.99
18670.0,115.21,150.0,100,400,34.79
18770.0,115.5,150.0,100,400,34.5
18870.0,115.83,150.0,100,400,34.17
18970.0,116.13,150.0,100,400,33.87
19070.0,116.33,150.0,100,400,33.67
19170.0,116.55,150.0,100,400,33.45
19270.0,116.89,150.0,100,400,33.11
19370.0,117.13,150.0,100,400,32.87
19470.0,117.52,150.0,100,400,32.48
19570.0,117.83,150.0,100,400,32.17
19670.0,118.09,150.0,100,400,31.91
19770.0,118.37,150.0,100,400,31.63
19870.0,118.54,150.0,100,400,31.46
19970.0,118.85,150.0,100,400,31.15
20070.0,119.04,150.0,100,400,30.96
20170.0,119.24,150.0,100,400,30.76
20270.0,119.48,150.0,100,400,30.52
20370.0,119.72,150.0,100,400,30.28
20470.0,119.97,150.0,100,400,30.03
20570.0,120.3,150.0,100,400,29.7
20670.0,120.52,150.0,100,400,29.48
20770.0,120.78,150.0,100,400,29.22
20870.0,121.05,150.0,100,400,28.95
20970.0,121.31,150.0,100,400,28.69
21070.0,121.63,150.0,100,400,28.37
21170.0,121.87,150.0,100,400,28.13
21270.0,122.13,150.0,100,400,27.87
21370.0,122.41,150.0,100,400,27.59
21470.0,122.74,150.0,100,400,27.26
21570.0,122.97,150.0,100,400,27.03
21670.0,123.18,150.0,100,400,26.82
21770.0,123.52,150.0,100,400,26.48
21870.0,123.85,150.0,100,400,26.15
21970.0,124.16,150.0,100,400,25.84
22070.0,124.36,150.0,100,400,25.64
22170.0,124.7,150.0,100,400,25.3
22270.0,125.09,150.0,100,400,24.91
22370.0,125.31,150.0,100,400,24.69
22470.0,125.62,150.0,100,400,24.38
22570.0,125.95,150.0,100,400,24.05
22670.0,126.12,150.0,100,400,23.88
22770.0,126.33,150.0,100,400,23.67
22870.0,126.63,150.0,100,400,23.37
22970.0,126.9,150.0,100,400,23.1
23070.0,127.26,150.0,100,400,22.74
23170.0,127.52,150.0,100,400,22.48
23270.0,127.7,150.0,100,400,22.3
23370.0,127.99,150.0,100,400,22.01
23470.0,128.24,150.0,100,400,21.76
23570.0,128.53,150.0,100,400,21.47
23670.0,128.82,150.0,100,400,21.18
23770.0,129.15,150.0,100,400,20.85
23870.0,129.4,150.0,100,400,20.6
23970.0,129.68,150.0,100,400,20.32
24070.0,129.89,150.0,100,400,20.11
24170.0,130.22,150.0,100,400,19.78
24270.0,130.58,150.0,100,400,19.42
24370.0,130.78,150.0,100,400,19.22
24470.0,131.13,150.0,100,400,18.87
24570.0,131.39,150.0,100,400,18.61
24670.0,131.67,150.0,100,400,18.33
24770.0,131.97,150.0,100,400,18.03
24870.0,132.29,150.0,100,400,17.71
24970.0,132.61,150.0,100,400,17.39
25070.0,132.9,150.0,100,400,17.1
25170.0,133.16,150.0,100,400,16.84
25270.0,133.46,150.0,100,400,16.54
25370.0,133.79,150.0,100,400,16.21
25470.0,134.05,150.0,100,400,15.95
25570.0,134.32,150.0,100,400,15.68
25670.0,134.54,150.0,100,400,15.46
25770.0,134.83,150.0,100,400,15.17
25870.0,135.11,150.0,100,400,14.89
25970.0,135.33,150.0,100,400,14.67
26070.0,135.66,150.0,100,400,14.34
26170.0,135.93,150.0,100,400,14.07
26270.0,136.15,150.0,100,400,13.85
26370.0,136.47,150.0,100,400,13.53
26470.0,136.67,150.0,100,400,13.33
26570.0,136.98,150.0,100,400,13.02
26670.0,137.3,150.0,100,400,12.7
26770.0,137.6,150.0,100,400,12.4
26870.0,137.89,150.0,100,400,12.11
26970.0,138.16,150.0,100,400,11.84
27070.0,138.4,150.0,100,400,11.6
27170.0,138.66,150.0,100,400,11.34
27270.0,138.96,150.0,100,400,11.04
27370.0,139.26,150.0,100,400,10.74
27470.0,139.55,150.0,100,400,10.45
27570.0,139.81,150.0,100,400,10.19
27670.0,140.12,150.0,100,400,9.88
27770.0,140.35,150.0,100,400,9.65
27870.0,140.66,150.0,100,400,9.34
27970.0,140.99,150.0,100,400,9.01
28070.0,141.3,150.0,100,400,8.7
28170.0,141.53,150.0,100,400,8.47
28270.0,141.84,150.0,100,400,8.16
28370.0,142.14,150.0,100,400,7.86
28470.0,142.47,150.0,100,400,7.53
28570.0,142.68,150.0,100,400,7.32
28670.0,142.99,150.0,100,400,7.01
28770.0,143.3,150.0,100,400,6.7
28870.0,143.49,150.0,100,400,6.51
28970.0,143.79,150.0,100,400,6.21
29070.0,144.06,150.0,100,400,5.94
29170.0,144.32,150.0,100,400,5.68
29270.0,144.64,150.0,100,400,5.36
29370.0,144.9,150.0,100,400,5.1
29470.0,145.22,150.0,100,400,4.78
29570.0,145.45,150.0,100,400,4.55
29670.0,145.77,150.0,100,400,4.23
29770.0,146.01,150.0,100,400,3.99
29870.0,146.32,150.0,100,400,3.68
29970.0,146.64,150.0,100,400,3.36
30070.0,146.95,150.0,100,400,3.05
30170.0,147.22,150.0,100,400,2.78
30270.0,147.54,150.0,100,400,2.46
30370.0,147.81,150.0,100,400,2.19
30470.0,148.02,150.0,100,400,1.98
30570.0,148.35,150.0,100,400,1.65
30670.0,148.57,150.0,100,400,1.43
30770.0,148.84,150.0,100,400,1.16
30870.0,149.19,150.0,100,400,0.81
30970.0,149.5,150.0,100,400,0.5
31070.0,149.72,150.0,100,400,0.28
31170.0,149.99,150.0,100,400,0.01
31270.0,150.23,150.0,0,400,-0.23
31370.0,150.54,150.0,0,400,-0.54
31470.0,150.82,150.0,0,400,-0.82
31570.0,151.1,150.0,0,400,-1.1
31670.0,151.32,150.0,0,400,-1.32
31770.0,151.69,150.0,0,400,-1.69
31870.0,152.03,150.0,0,400,-2.03
31970.0,152.26,150.0,0,400,-2.26
32070.0,152.52,150.0,0,400,-2.52
32170.0,152.82,150.0,0,400,-2.82
32270.0,153.07,150.0,0,400,-3.07
32370.0,153.4,150.0,0,400,-3.4
32470.0,153.67,150.0,0,400,-3.67
32570.0,153.92,150.0,0,400,-3.92
32670.0,154.23,150.0,0,400,-4.23
32770.0,154.48,150.0,0,400,-4.48
32870.0,154.75,150.0,0,400,-4.75
32970.0,155.1,150.0,0,400,-5.1
33070.0,155.43,150.0,0,400,-5.43
33170.0,155.72,150.0,0,400,-5.72
33270.0,155.97,150.0,0,400,-5.97
33370.0,156.21,150.0,0,400,-6.21
33470.0,156.44,150.0,0,400,-6.44
33570.0,156.7,150.0,0,400,-6.7
33670.0,157.02,150.0,0,400,-7.02
33770.0,157.35,150.0,0,400,-7.35
33870.0,157.58,150.0,0,400,-7.58
33970.0,157.84,150.0,0,400,-7.84
34070.0,158.18,150.0,0,400,-8.18
34170.0,158.45,150.0,0,400,-8.45
34270.0,158.69,150.0,0,400,-8.69
34370.0,158.92,150.0,0,400,-8.92
34470.0,159.22,150.0,0,400,-9.22
34570.0,159.51,150.0,0,400,-9.51
34670.0,159.84,150.0,0,400,-9.84
34770.0,160.1,150.0,0,400,-10.1
34870.0,160.36,150.0,0,400,-10.36
34970.0,160.63,150.0,0,400,-10.63
35070.0,160.88,150.0,0,400,-10.88
35170.0,161.1,150.0,0,400,-11.1
35270.0,161.29,150.0,0,400,-11.29
35370.0,161.56,150.0,0,400,-11.56
35470.0,161.76,150.0,0,400,-11.76
35570.0,161.97,150.0,0,400,-11.97
35670.0,162.18,150.0,0,400,-12.18
35770.0,162.37,150.0,0,400,-12.37
35870.0,162.57,150.0,0,400,-12.57
35970.0,162.8,150.0,0,400,-12.8
36070.0,162.96,150.0,0,400,-12.96
36170.0,163.24,150.0,0,400,-13.24
36270.0,163.44,150.0,0,400,-13.44
36370.0,163.7,150.0,0,400,-13.7
36470.0,163.87,150.0,0,400,-13.87
36570.0,164.12,150.0,0,400,-14.12
36670.0,164.32,150.0,0,400,-14.32
36770.0,164.6,150.0,0,400,-14.6
36870.0,164.75,150.0,0,400,-14.75
36970.0,164.93,150.0,0,400,-14.93
37070.0,165.17,150.0,0,400,-15.17
37170.0,165.39,150.0,0,400,-15.39
37270.0,165.58,150.0,0,400,-15.58
37370.0,165.69,150.0,0,400,-15.69
37470.0,165.81,150.0,0,400,-15.81
37570.0,166.0,150.0,0,400,-16.0
37670.0,166.18,150.0,0,400,-16.18
37770.0,166.29,150.0,0,400,-16.29
37870.0,166.48,150.0,0,400,-16.48
37970.0,166.62,150.0,0,400,-16.62
38070.0,166.83,150.0,0,400,-16.83
38170.0,166.97,150.0,0,400,-16.97
38270.0,167.12,150.0,0,400,-17.12
38370.0,167.21,150.0,0,400,-17.21
38470.0,167.31,150.0,0,400,-17.31
38570.0,167.42,150.0,0,400,-17.42
38670.0,167.51,150.0,0,400,-17.51
38770.0,167.61,150.0,0,400,-17.61
38870.0,167.73,150.0,0,400,-17.73
38970.0,167.93,150.0,0,400,-17.93
39070.0,168.02,150.0,0,400,-18.02
39170.0,168.17,150.0,0,400,-18.17
39270.0,168.34,150.0,0,400,-18.34
39370.0,168.5,150.0,0,400,-18.5
39470.0,168.67,150.0,0,400,-18.67
39570.0,168.8,150.0,0,400,-18.8
39670.0,168.93,150.0,0,400,-18.93
39770.0,168.99,150.0,0,400,-18.99
39870.0,169.09,150.0,0,400,-19.09
39970.0,169.22,150.0,0,400,-19.22
40070.0,169.31,150.0,0,400,-19.31
40170.0,169.36,150.0,0,400,-19.36
40270.0,169.42,150.0,0,400,-19.42
40370.0,169.54,150.0,0,400,-19.54
40470.0,169.59,150.0,0,400,-19.59
40570.0,169.7,150.0,0,400,-19.7
40670.0,169.74,150.0,0,400,-19.74
40770.0,169.82,150.0,0,400,-19.82
40870.0,169.86,150.0,0,400,-19.86
40970.0,169.91,150.0,0,400,-19.91
41070.0,170.0,150.0,0,400,-20.0
41170.0,170.13,150.0,0,400,-20.13
41270.0,170.23,150.0,0,400,-20.23
41370.0,170.33,150.0,0,400,-20.33
41470.0,170.43,150.0,0,400,-20.43
41570.0,170.5,150.0,0,400,-20.5
41670.0,170.54,150.0,0,400,-20.54
41770.0,170.59,150.0,0,400,-20.59
41870.0,170.63,150.0,0,400,-20.63
41970.0,170.71,150.0,0,400,-20.71
42070.0,170.73,150.0,0,400,-20.73
42170.0,170.76,150.0,0,400,-20.76
42270.0,170.77,150.0,0,400,-20.77
42370.0,170.8,150.0,0,400,-20.8
42470.0,170.83,150.0,0,400,-20.83
42570.0,170.92,150.0,0,400,-20.92
42670.0,171.0,150.0,0,400,-21.0
42770.0,170.99,150.0,0,400,-20.99
42870.0,171.11,150.0,0,400,-21.11
42970.0,171.13,150.0,0,400,-21.13
43070.0,171.15,150.0,0,400,-21.15
43170.0,171.27,150.0,0,400,-21.27
43270.0,171.24,150.0,0,400,-21.24
43370.0,171.33,150.0,0,400,-21.33
43470.0,171.39,150.0,0,400,-21.39
43570.0,171.46,150.0,0,400,-21.46
43670.0,171.46,150.0,0,400,-21.46
43770.0,171.49,150.0,0,400,-21.49
43870.0,171.49,150.0,0,400,-21.49
43970.0,171.5,150.0,0,400,-21.5
44070.0,171.53,150.0,0,400,-21.53
44170.0,171.61,150.0,0,400,-21.61
44270.0,171.6,150.0,0,400,-21.6
44370.0,171.58,150.0,0,400,-21.58
44470.0,171.58,150.0,0,400,-21.58
44570.0,171.65,150.0,0,400,-21.65
44670.0,171.75,150.0,0,400,-21.75
44770.0,171.71,150.0,0,400,-21.71
44870.0,171.72,150.0,0,400,-21.72
44970.0,171.69,150.0,0,400,-21.69
45070.0,171.69,150.0,0,400,-21.69
45170.0,171.79,150.0,0,400,-21.79
45270.0,171.75,150.0,0,400,-21.75
45370.0,171.76,150.0,0,400,-21.76
45470.0,171.73,150.0,0,400,-21.73
45570.0,171.74,150.0,0,400,-21.74
45670.0,171.8,150.0,0,400,-21.8
45770.0,171.87,150.0,0,400,-21.87
45870.0,171.88,150.0,0,400,-21.88
45970.0,171.82,150.0,0,400,-21.82
46070.0,171.79,150.0,0,400,-21.79
46170.0,171.89,150.0,0,400,-21.89
46270.0,171.87,150.0,0,400,-21.87
46370.0,171.97,150.0,0,400,-21.97
46470.0,171.96,150.0,0,400,-21.96
46570.0,171.96,150.0,0,400,-21.96
46670.0,171.99,150.0,0,400,-21.99
46770.0,172.06,150.0,0,400,-22.06
46870.0,172.05,150.0,0,400,-22.05
46970.0,172.08,150.0,0,400,-22.08
47070.0,172.03,150.0,0,400,-22.03
47170.0,171.98,150.0,0,400,-21.98
47270.0,171.93,150.0,0,400,-21.93
47370.0,171.92,150.0,0,400,-21.92
47470.0,171.99,150.0,0,400,-21.99
47570.0,172.03,150.0,0,400,-22.03
47670.0,172.0,150.0,0,400,-22.0
47770.0,172.02,150.0,0,400,-22.02
47870.0,171.98,150.0,0,400,-21.98
47970.0,171.93,150.0,0,400,-21.93
48070.0,171.88,150.0,0,400,-21.88
48170.0,171.87,150.0,0,400,-21.87
48270.0,171.88,150.0,0,400,-21.88
48370.0,171.91,150.0,0,400,-21.91
48470.0,171.97,150.0,0,400,-21.97
48570.0,171.91,150.0,0,400,-21.91
48670.0,171.89,150.0,0,400,-21.89
48770.0,171.86,150.0,0,400,-21.86
48870.0,171.9,150.0,0,400,-21.9
48970.0,171.84,150.0,0,400,-21.84
49070.0,171.79,150.0,0,400,-21.79
49170.0,171.83,150.0,0,400,-21.83
49270.0,171.84,150.0,0,400,-21.84
49370.0,171.77,150.0,0,400,-21.77
49470.0,171.76,150.0,0,400,-21.76
49570.0,171.78,150.0,0,400,-21.78
49670.0,171.81,150.0,0,400,-21.81
49770.0,171.8,150.0,0,400,-21.8
49870.0,171.74,150.0,0,400,-21.74
49970.0,171.72,150.0,0,400,-21.72
50070.0,171.73,150.0,0,400,-21.73
50170.0,171.64,150.0,0,400,-21.64
50270.0,171.61,150.0,0,400,-21.61
50370.0,171.65,150.0,0,400,-21.65
50470.0,171.66,150.0,0,400,-21.66
50570.0,171.59,150.0,0,400,-21.59
50670.0,171.55,150.0,0,400,-21.55
50770.0,171.5,150.0,0,400,-21.5
50870.0,171.53,150.0,0,400,-21.53
50970.0,171.49,150.0,0,400,-21.49
51070.0,171.55,150.0,0,400,-21.55
51170.0,171.47,150.0,0,400,-21.47
51270.0,171.53,150.0,0,400,-21.53
51370.0,171.51,150.0,0,400,-21.51
51470.0,171.43,150.0,0,400,-21.43
51570.0,171.48,150.0,0,400,-21.48
51670.0,171.43,150.0,0,400,-21.43
51770.0,171.44,150.0,0,400,-21.44
51870.0,171.4,150.0,0,400,-21.4
51970.0,171.43,150.0,0,400,-21.43
52070.0,171.34,150.0,0,400,-21.34
52170.0,171.34,150.0,0,400,-21.34
52270.0,171.28,150.0,0,400,-21.28
52370.0,171.22,150.0,0,400,-21.22
52470.0,171.19,150.0,0,400,-21.19
52570.0,171.12,150.0,0,400,-21.12
52670.0,171.06,150.0,0,400,-21.06
52770.0,171.1,150.0,0,400,-21.1
52870.0,171.08,150.0,0,400,-21.08
52970.0,171.12,150.0,0,400,-21.12
53070.0,171.14,150.0,0,400,-21.14
53170.0,171.07,150.0,0,400,-21.07
53270.0,171.09,150.0,0,400,-21.09
53370.0,171.04,150.0,0,400,-21.04
53470.0,171.05,150.0,0,400,-21.05
53570.0,171.02,150.0,0,400,-21.02
53670.0,170.96,150.0,0,400,-20.96
53770.0,171.0,150.0,0,400,-21.0
53870.0,170.93,150.0,0,400,-20.93
53970.0,170.91,150.0,0,400,-20.91
54070.0,170.89,150.0,0,400,-20.89
54170.0,170.87,150.0,0,400,-20.87
54270.0,170.87,150.0,0,400,-20.87
54370.0,170.84,150.0,0,400,-20.84
54470.0,170.84,150.0,0,400,-20.84
54570.0,170.86,150.0,0,400,-20.86
54670.0,170.84,150.0,0,400,-20.84
54770.0,170.84,150.0,0,400,-20.84
54870.0,170.8,150.0,0,400,-20.8
54970.0,170.76,150.0,0,400,-20.76
55070.0,170.78,150.0,0,400,-20.78
55170.0,170.72,150.0,0,400,-20.72
55270.0,170.7,150.0,0,400,-20.7
55370.0,170.66,150.0,0,400,-20.66
55470.0,170.62,150.0,0,400,-20.62
55570.0,170.59,150.0,0,400,-20.59
55670.0,170.59,150.0,0,400,-20.59
55770.0,170.6,150.0,0,400,-20.6
55870.0,170.6,150.0,0,400,-20.6
55970.0,170.53,150.0,0,400,-20.53
56070.0,170.53,150.0,0,400,-20.53
56170.0,170.51,150.0,0,400,-20.51
56270.0,170.5,150.0,0,400,-20.5
56370.0,170.45,150.0,0,400,-20.45
56470.0,170.44,150.0,0,400,-20.44
56570.0,170.34,150.0,0,400,-20.34
56670.0,170.28,150.0,0,400,-20.28
56770.0,170.23,150.0,0,400,-20.23
56870.0,170.23,150.0,0,400,-20.23
56970.0,170.17,150.0,0,400,-20.17
57070.0,170.18,150.0,0,400,-20.18
57170.0,170.1,150.0,0,400,-20.1
57270.0,170.14,150.0,0,400,-20.14
57370.0,170.13,150.0,0,400,-20.13
57470.0,170.04,150.0,0,400,-20.04
57570.0,170.04,150.0,0,400,-20.04
57670.0,170.03,150.0,0,400,-20.03
57770.0,170.03,150.0,0,400,-20.03
57870.0,170.04,150.0,0,400,-20.04
57970.0,169.99,150.0,0,400,-19.99
58070.0,169.91,150.0,0,400,-19.91
58170.0,169.88,150.0,0,400,-19.88
58270.0,169.87,150.0,0,400,-19.87
58370.0,169.8,150.0,0,400,-19.8
58470.0,169.74,150.0,0,400,-19.74
58570.0,169.67,150.0,0,400,-19.67
58670.0,169.67,150.0,0,400,-19.67
58770.0,169.64,150.0,0,400,-19.64
58870.0,169.67,150.0,0,400,-19.67
58970.0,169.67,150.0,0,400,-19.67
59070.0,169.65,150.0,0,400,-19.65
59170.0,169.66,150.0,0,400,-19.66
59270.0,169.66,150.0,0,400,-19.66
59370.0,169.57,150.0,0,400,-19.57
59470.0,169.56,150.0,0,400,-19.56
59570.0,169.56,150.0,0,400,-19.56
59670.0,169.58,150.0,0,400,-19.58
59770.0,169.57,150.0,0,400,-19.57
59870.0,169.55,150.0,0,400,-19.55
59970.0,169.5,150.0,0,400,-19.5
60070.0,169.43,150.0,0,400,-19.43
60170.0,169.43,150.0,0,400,-19.43
60270.0,169.38,150.0,0,400,-19.38
60370.0,169.37,150.0,0,400,-19.37
60470.0,169.36,150.0,0,400,-19.36
60570.0,169.36,150.0,0,400,-19.36
60670.0,169.35,150.0,0,400,-19.35
60770.0,169.29,150.0,0,400,-19.29
60870.0,169.2,150.0,0,400,-19.2
60970.0,169.19,150.0,0,400,-19.19
61070.0,169.12,150.0,0,400,-19.12
61170.0,169.06,150.0,0,400,-19.06
61270.0,169.03,150.0,0,400,-19.03
61370.0,168.99,150.0,0,400,-18.99
61470.0,169.01,150.0,0,400,-19.01
61570.0,168.98,150.0,0,400,-18.98
61670.0,168.98,150.0,0,400,-18.98
61770.0,169.0,150.0,0,400,-19.0
61870.0,168.95,150.0,0,400,-18.95
61970.0,168.98,150.0,0,400,-18.98
62070.0,168.98,150.0,0,400,-18.98
62170.0,168.97,150.0,0,400,-18.97
62270.0,168.95,150.0,0,400,-18.95
62370.0,168.95,150.0,0,400,-18.95
62470.0,168.83,150.0,0,400,-18.83
62570.0,168.83,150.0,0,400,-18.83
62670.0,168.81,150.0,0,400,-18.81
62770.0,168.78,150.0,0,400,-18.78
62870.0,168.68,150.0,0,400,-18.68
62970.0,168.6,150.0,0,400,-18.6
63070.0,168.54,150.0,0,400,-18.54
63170.0,168.45,150.0,0,400,-18.45
63270.0,168.42,150.0,0,400,-18.42
63370.0,168.45,150.0,0,400,-18.45
63470.0,168.45,150.0,0,400,-18.45
63570.0,168.45,150.0,0,400,-18.45
63670.0,168.37,150.0,0,400,-18.37
63770.0,168.36,150.0,0,400,-18.36
63870.0,168.32,150.0,0,400,-18.32
63970.0,168.31,150.0,0,400,-18.31
64070.0,168.27,150.0,0,400,-18.27
64170.0,168.28,150.0,0,400,-18.28
64270.0,168.19,150.0,0,400,-18.19
64370.0,168.12,150.0,0,400,-18.12
64470.0,168.12,150.0,0,400,-18.12
64570.0,168.03,150.0,0,400,-18.03
64670.0,168.03,150.0,0,400,-18.03
64770.0,167.99,150.0,0,400,-17.99
64870.0,167.99,150.0,0,400,-17.99
64970.0,167.94,150.0,0,400,-17.94
65070.0,167.94,150.0,0,400,-17.94
65170.0,167.95,150.0,0,400,-17.95
65270.0,167.94,150.0,0,400,-17.94
65370.0,167.86,150.0,0,400,-17.86
65470.0,167.81,150.0,0,400,-17.81
65570.0,167.78,150.0,0,400,-17.78
65670.0,167.73,150.0,0,400,-17.73
65770.0,167.68,150.0,0,400,-17.68
65870.0,167.72,150.0,0,400,-17.72
65970.0,167.72,150.0,0,400,-17.72
66070.0,167.72,150.0,0,400,-17.72
66170.0,167.74,150.0,0,400,-17.74
66270.0,167.7,150.0,0,400,-17.7
66370.0,167.67,150.0,0,400,-17.67
66470.0,167.69,150.0,0,400,-17.69
66570.0,167.61,150.0,0,400,-17.61
66670.0,167.6,150.0,0,400,-17.6
66770.0,167.54,150.0,0,400,-17.54
66870.0,167.53,150.0,0,400,-17.53
66970.0,167.45,150.0,0,400,-17.45
67070.0,167.39,150.0,0,400,-17.39
67170.0,167.37,150.0,0,400,-17.37
67270.0,167.33,150.0,0,400,-17.33
67370.0,167.27,150.0,0,400,-17.27
67470.0,167.19,150.0,0,400,-17.19
67570.0,167.24,150.0,0,400,-17.24
67670.0,167.26,150.0,0,400,-17.26
67770.0,167.14,150.0,0,400,-17.14
67870.0,167.13,150.0,0,400,-17.13
67970.0,167.1,150.0,0,400,-17.1
68070.0,167.1,150.0,0,400,-17.1
68170.0,166.97,150.0,0,400,-16.97
68270.0,166.92,150.0,0,400,-16.92
68370.0,166.94,150.0,0,400,-16.94
68470.0,166.94,150.0,0,400,-16.94
68570.0,166.84,150.0,0,400,-16.84
68670.0,166.84,150.0,0,400,-16.84
68770.0,166.73,150.0,0,400,-16.73
68870.0,166.66,150.0,0,400,-16.66
68970.0,166.65,150.0,0,400,-16.65
69070.0,166.58,150.0,0,400,-16.58
69170.0,166.54,150.0,0,400,-16.54
69270.0,166.5,150.0,0,400,-16.5
69370.0,166.47,150.0,0,400,-16.47
69470.0,166.42,150.0,0,400,-16.42
69570.0,166.44,150.0,0,400,-16.44
69670.0,166.47,150.0,0,400,-16.47
69770.0,166.43,150.0,0,400,-16.43
69870.0,166.37,150.0,0,400,-16.37
69970.0,166.38,150.0,0,400,-16.38
70070.0,166.3,150.0,0,400,-16.3
70170.0,166.33,150.0,0,400,-16.33
70270.0,166.33,150.0,0,400,-16.33
70370.0,166.29,150.0,0,400,-16.29
70470.0,166.26,150.0,0,400,-16.26
70570.0,166.26,150.0,0,400,-16.26
70670.0,166.21,150.0,0,400,-16.21
70770.0,166.21,150.0,0,400,-16.21
70870.0,166.19,150.0,0,400,-16.19
70970.0,166.13,150.0,0,400,-16.13
71070.0,166.13,150.0,0,400,-16.13
71170.0,166.07,150.0,0,400,-16.07
71270.0,166.03,150.0,0,400,-16.03
71370.0,165.97,150.0,0,400,-15.97
71470.0,165.99,150.0,0,400,-15.99
71570.0,165.95,150.0,0,400,-15.95
71670.0,165.94,150.0,0,400,-15.94
71770.0,165.96,150.0,0,400,-15.96
71870.0,165.96,150.0,0,400,-15.96
71970.0,165.86,150.0,0,400,-15.86
72070.0,165.82,150.0,0,400,-15.82
72170.0,165.83,150.0,0,400,-15.83
72270.0,165.84,150.0,0,400,-15.84
72370.0,165.75,150.0,0,400,-15.75
72470.0,165.67,150.0,0,400,-15.67
72570.0,165.69,150.0,0,400,-15.69
72670.0,165.72,150.0,0,400,-15.72
72770.0,165.68,150.0,0,400,-15.68
72870.0,165.68,150.0,0,400,-15.68
72970.0,165.69,150.0,0,400,-15.69
73070.0,165.58,150.0,0,400,-15.58
73170.0,165.45,150.0,0,400,-15.45
73270.0,165.4,150.0,0,400,-15.4
73370.0,165.34,150.0,0,400,-15.34
73470.0,165.28,150.0,0,400,-15.28
73570.0,165.22,150.0,0,400,-15.22
73670.0,165.21,150.0,0,400,-15.21
73770.0,165.21,150.0,0,400,-15.21
73870.0,165.19,150.0,0,400,-15.19
73970.0,165.23,150.0,0,400,-15.23
74070.0,165.23,150.0,0,400,-15.23
74170.0,165.21,150.0,0,400,-15.21
74270.0,165.11,150.0,0,400,-15.11
74370.0,165.06,150.0,0,400,-15.06
74470.0,164.98,150.0,0,400,-14.98
74570.0,164.89,150.0,0,400,-14.89
74670.0,164.84,150.0,0,400,-14.84
74770.0,164.81,150.0,0,400,-14.81
74870.0,164.77,150.0,0,400,-14.77
74970.0,164.81,150.0,0,400,-14.81
75070.0,164.83,150.0,0,400,-14.83
75170.0,164.78,150.0,0,400,-14.78
75270.0,164.79,150.0,0,400,-14.79
75370.0,164.73,150.0,0,400,-14.73
75470.0,164.72,150.0,0,400,-14.72
75570.0,164.67,150.0,0,400,-14.67
75670.0,164.67,150.0,0,400,-14.67
75770.0,164.68,150.0,0,400,-14.68
75870.0,164.66,150.0,0,400,-14.66
75970.0,164.67,150.0,0,400,-14.67
76070.0,164.67,150.0,0,400,-14.67
76170.0,164.62,150.0,0,400,-14.62
76270.0,164.6,150.0,0,400,-14.6
76370.0,164.52,150.0,0,400,-14.52
76470.0,164.52,150.0,0,400,-14.52
76570.0,164.44,150.0,0,400,-14.44
76670.0,164.42,150.0,0,400,-14.42
76770.0,164.35,150.0,0,400,-14.35
76870.0,164.28,150.0,0,400,-14.28
76970.0,164.23,150.0,0,400,-14.23
77070.0,164.17,150.0,0,400,-14.17
77170.0,164.17,150.0,0,400,-14.17
77270.0,164.14,150.0,0,400,-14.14
77370.0,164.15,150.0,0,400,-14.15
77470.0,164.15,150.0,0,400,-14.15
77570.0,164.15,150.0,0,400,-14.15
77670.0,164.07,150.0,0,400,-14.07
77770.0,164.0,150.0,0,400,-14.0
77870.0,163.94,150.0,0,400,-13.94
77970.0,163.88,150.0,0,400,-13.88
78070.0,163.93,150.0,0,400,-13.93
78170.0,163.88,150.0,0,400,-13.88
78270.0,163.83,150.0,0,400,-13.83
78370.0,163.77,150.0,0,400,-13.77
78470.0,163.7,150.0,0,400,-13.7
78570.0,163.68,150.0,0,400,-13.68
78670.0,163.68,150.0,0,400,-13.68
78770.0,163.6,150.0,0,400,-13.6
78870.0,163.65,150.0,0,400,-13.65
78970.0,163.66,150.0,0,400,-13.66
79070.0,163.58,150.0,0,400,-13.58
79170.0,163.59,150.0,0,400,-13.59
79270.0,163.59,150.0,0,400,-13.59
79370.0,163.55,150.0,0,400,-13.55
79470.0,163.54,150.0,0,400,-13.54
79570.0,163.54,150.0,0,400,-13.54
79670.0,163.44,150.0,0,400,-13.44
79770.0,163.43,150.0,0,400,-13.43
79870.0,163.38,150.0,0,400,-13.38
79970.0,163.31,150.0,0,400,-13.31
80070.0,163.25,150.0,0,400,-13.25
80170.0,163.2,150.0,0,400,-13.2
80270.0,163.25,150.0,0,400,-13.25
80370.0,163.27,150.0,0,400,-13.27
80470.0,163.28,150.0,0,400,-13.28
80570.0,163.28,150.0,0,400,-13.28
80670.0,163.23,150.0,0,400,-13.23
80770.0,163.16,150.0,0,400,-13.16
80870.0,163.18,150.0,0,400,-13.18
80970.0,163.2,150.0,0,400,-13.2
81070.0,163.11,150.0,0,400,-13.11
81170.0,163.08,150.0,0,400,-13.08
81270.0,163.02,150.0,0,400,-13.02
81370.0,163.03,150.0,0,400,-13.03
81470.0,162.99,150.0,0,400,-12.99
81570.0,162.92,150.0,0,400,-12.92
81670.0,162.88,150.0,0,400,-12.88
81770.0,162.89,150.0,0,400,-12.89
81870.0,162.83,150.0,0,400,-12.83
81970.0,162.81,150.0,0,400,-12.81
82070.0,162.74,150.0,0,400,-12.74
82170.0,162.71,150.0,0,400,-12.71
82270.0,162.76,150.0,0,400,-12.76
82370.0,162.73,150.0,0,400,-12.73
82470.0,162.66,150.0,0,400,-12.66
82570.0,162.68,150.0,0,400,-12.68
82670.0,162.68,150.0,0,400,-12.68
82770.0,162.64,150.0,0,400,-12.64
82870.0,162.54,150.0,0,400,-12.54
82970.0,162.56,150.0,0,400,-12.56
83070.0,162.59,150.0,0,400,-12.59
83170.0,162.59,150.0,0,400,-12.59
83270.0,162.47,150.0,0,400,-12.47
83370.0,162.43,150.0,0,400,-12.43
83470.0,162.35,150.0,0,400,-12.35
83570.0,162.3,150.0,0,400,-12.3
83670.0,162.21,150.0,0,400,-12.21
83770.0,162.18,150.0,0,400,-12.18
83870.0,162.23,150.0,0,400,-12.23
83970.0,162.17,150.0,0,400,-12.17
84070.0,162.17,150.0,0,400,-12.17
84170.0,162.08,150.0,0,400,-12.08
84270.0,162.0,150.0,0,400,-12.0
84370.0,162.05,150.0,0,400,-12.05
84470.0,161.99,150.0,0,400,-11.99
84570.0,162.02,150.0,0,400,-12.02
84670.0,161.94,150.0,0,400,-11.94
84770.0,161.9,150.0,0,400,-11.9
84870.0,161.83,150.0,0,400,-11.83
84970.0,161.82,150.0,0,400,-11.82
85070.0,161.77,150.0,0,400,-11.77
85170.0,161.73,150.0,0,400,-11.73
85270.0,161.71,150.0,0,400,-11.71
85370.0,161.67,150.0,0,400,-11.67
85470.0,161.69,150.0,0,400,-11.69
85570.0,161.7,150.0,0,400,-11.7
85670.0,161.71,150.0,0,400,-11.71
85770.0,161.66,150.0,0,400,-11.66
85870.0,161.61,150.0,0,400,-11.61
85970.0,161.56,150.0,0,400,-11.56
86070.0,161.52,150.0,0,400,-11.52
86170.0,161.53,150.0,0,400,-11.53
86270.0,161.56,150.0,0,400,-11.56
86370.0,161.56,150.0,0,400,-11.56
86470.0,161.54,150.0,0,400,-11.54
86570.0,161.51,150.0,0,400,-11.51
86670.0,161.48,150.0,0,400,-11.48
86770.0,161.5,150.0,0,400,-11.5
86870.0,161.47,150.0,0,400,-11.47
86970.0,161.39,150.0,0,400,-11.39
87070.0,161.31,150.0,0,400,-11.31
87170.0,161.28,150.0,0,400,-11.28
87270.0,161.31,150.0,0,400,-11.31
87370.0,161.21,150.0,0,400,-11.21
87470.0,161.24,150.0,0,400,-11.24
87570.0,161.28,150.0,0,400,-11.28
87670.0,161.29,150.0,0,400,-11.29
87770.0,161.26,150.0,0,400,-11.26
87870.0,161.18,150.0,0,400,-11.18
87970.0,161.17,150.0,0,400,-11.17
88070.0,161.09,150.0,0,400,-11.09
88170.0,161.08,150.0,0,400,-11.08
88270.0,161.07,150.0,0,400,-11.07
88370.0,160.96,150.0,0,400,-10.96
88470.0,160.98,150.0,0,400,-10.98
88570.0,160.99,150.0,0,400,-10.99
88670.0,160.91,150.0,0,400,-10.91
88770.0,160.83,150.0,0,400,-10.83
88870.0,160.76,150.0,0,400,-10.76
88970.0,160.8,150.0,0,400,-10.8
89070.0,160.75,150.0,0,400,-10.75
89170.0,160.73,150.0,0,400,-10.73
89270.0,160.77,150.0,0,400,-10.77
89370.0,160.71,150.0,0,400,-10.71
89470.0,160.7,150.0,0,400,-10.7
89570.0,160.67,150.0,0,400,-10.67
89670.0,160.58,150.0,0,400,-10.58
89770.0,160.59,150.0,0,400,-10.59
89870.0,160.52,150.0,0,400,-10.52
89970.0,160.5,150.0,0,400,-10.5
90070.0,160.51,150.0,0,400,-10.51
90170.0,160.5,150.0,0,400,-10.5
90270.0,160.41,150.0,0,400,-10.41
90370.0,160.35,150.0,0,400,-10.35
90470.0,160.26,150.0,0,400,-10.26
90570.0,160.26,150.0,0,400,-10.26
90670.0,160.22,150.0,0,400,-10.22
90770.0,160.17,150.0,0,400,-10.17
90870.0,160.19,150.0,0,400,-10.19
90970.0,160.15,150.0,0,400,-10.15
91070.0,160.12,150.0,0,400,-10.12
91170.0,160.15,150.0,0,400,-10.15
91270.0,160.06,150.0,0,400,-10.06
91370.0,160.02,150.0,0,400,-10.02
91470.0,159.99,150.0,0,400,-9.99
91570.0,160.02,150.0,0,400,-10.02
91670.0,160.04,150.0,0,400,-10.04
91770.0,160.05,150.0,0,400,-10.05
91870.0,160.05,150.0,0,400,-10.05
91970.0,160.03,150.0,0,400,-10.03
92070.0,159.96,150.0,0,400,-9.96
92170.0,159.92,150.0,0,400,-9.92
92270.0,159.91,150.0,0,400,-9.91
92370.0,159.83,150.0,0,400,-9.83
92470.0,159.88,150.0,0,400,-9.88
92570.0,159.81,150.0,0,400,-9.81
92670.0,159.79,150.0,0,400,-9.79
92770.0,159.81,150.0,0,400,-9.81
92870.0,159.77,150.0,0,400,-9.77
92970.0,159.7,150.0,0,400,-9.7
93070.0,159.64,150.0,0,400,-9.64
93170.0,159.57,150.0,0,400,-9.57
93270.0,159.57,150.0,0,400,-9.57
93370.0,159.47,150.0,0,400,-9.47
93470.0,159.43,150.0,0,400,-9.43
93570.0,159.37,150.0,0,400,-9.37
93670.0,159.4,150.0,0,400,-9.4
93770.0,159.37,150.0,0,400,-9.37
93870.0,159.33,150.0,0,400,-9.33
93970.0,159.26,150.0,0,400,-9.26
94070.0,159.31,150.0,0,400,-9.31
94170.0,159.24,150.0,0,400,-9.24
94270.0,159.2,150.0,0,400,-9.2
94370.0,159.18,150.0,0,400,-9.18
94470.0,159.14,150.0,0,400,-9.14
94570.0,159.09,150.0,0,400,-9.09
94670.0,159.04,150.0,0,400,-9.04
94770.0,159.01,150.0,0,400,-9.01
94870.0,159.06,150.0,0,400,-9.06
94970.0,159.03,150.0,0,400,-9.03
95070.0,158.99,150.0,0,400,-8.99
95170.0,158.97,150.0,0,400,-8.97
95270.0,158.93,150.0,0,400,-8.93
95370.0,158.89,150.0,0,400,-8.89
95470.0,158.89,150.0,0,400,-8.89
95570.0,158.83,150.0,0,400,-8.83
95670.0,158.84,150.0,0,400,-8.84
95770.0,158.85,150.0,0,400,-8.85
95870.0,158.78,150.0,0,400,-8.78
95970.0,158.73,150.0,0,400,-8.73
96070.0,158.75,150.0,0,400,-8.75
96170.0,158.73,150.0,0,400,-8.73
96270.0,158.68,150.0,0,400,-8.68
96370.0,158.69,150.0,0,400,-8.69
96470.0,158.62,150.0,0,400,-8.62
96570.0,158.61,150.0,0,400,-8.61
96670.0,158.58,150.0,0,400,-8.58
96770.0,158.58,150.0,0,400,-8.58
96870.0,158.53,150.0,0,400,-8.53
96970.0,158.55,150.0,0,400,-8.55
97070.0,158.55,150.0,0,400,-8.55
97170.0,158.51,150.0,0,400,-8.51
97270.0,158.43,150.0,0,400,-8.43
97370.0,158.46,150.0,0,400,-8.46
97470.0,158.4,150.0,0,400,-8.4
97570.0,158.41,150.0,0,400,-8.41
97670.0,158.37,150.0,0,400,-8.37
97770.0,158.38,150.0,0,400,-8.38
97870.0,158.29,150.0,0,400,-8.29
97970.0,158.24,150.0,0,400,-8.24
98070.0,158.22,150.0,0,400,-8.22
98170.0,158.26,150.0,0,400,-8.26
98270.0,158.2,150.0,0,400,-8.2
98370.0,158.22,150.0,0,400,-8.22
98470.0,158.14,150.0,0,400,-8.14
98570.0,158.07,150.0,0,400,-8.07
98670.0,158.09,150.0,0,400,-8.09
98770.0,158.09,150.0,0,400,-8.09
98870.0,158.03,150.0,0,400,-8.03
98970.0,157.95,150.0,0,400,-7.95
99070.0,157.89,150.0,0,400,-7.89
99170.0,157.93,150.0,0,400,-7.93
99270.0,157.93,150.0,0,400,-7.93
99370.0,157.95,150.0,0,400,-7.95
99470.0,157.88,150.0,0,400,-7.88
99570.0,157.9,150.0,0,400,-7.9
99670.0,157.88,150.0,0,400,-7.88
99770.0,157.89,150.0,0,400,-7.89
99870.0,157.83,150.0,0,400,-7.83
99970.0,157.68,150.0,0,400,-7.68
100070.0,157.69,150.0,0,400,-7.69
100170.0,157.6,150.0,0,400,-7.6
100270.0,157.56,150.0,0,400,-7.56
100370.0,157.5,150.0,0,400,-7.5
100470.0,157.42,150.0,0,400,-7.42
100570.0,157.45,150.0,0,400,-7.45
100670.0,157.4,150.0,0,400,-7.4
100770.0,157.4,150.0,0,400,-7.4
100870.0,157.34,150.0,0,400,-7.34
100970.0,157.34,150.0,0,400,-7.34
101070.0,157.28,150.0,0,400,-7.28
101170.0,157.3,150.0,0,400,-7.3
101270.0,157.26,150.0,0,400,-7.26
101370.0,157.21,150.0,0,400,-7.21
101470.0,157.19,150.0,0,400,-7.19
101570.0,157.18,150.0,0,400,-7.18
101670.0,157.21,150.0,0,400,-7.21
101770.0,157.2,150.0,0,400,-7.2
101870.0,157.18,150.0,0,400,-7.18
101970.0,157.2,150.0,0,400,-7.2
102070.0,157.12,150.0,0,400,-7.12
102170.0,157.12,150.0,0,400,-7.12
102270.0,157.13,150.0,0,400,-7.13
102370.0,157.03,150.0,0,400,-7.03
102470.0,157.03,150.0,0,400,-7.03
102570.0,156.95,150.0,0,400,-6.95
102670.0,156.97,150.0,0,400,-6.97
102770.0,156.91,150.0,0,400,-6.91
102870.0,156.85,150.0,0,400,-6.85
102970.0,156.88,150.0,0,400,-6.88
103070.0,156.89,150.0,0,400,-6.89
103170.0,156.87,150.0,0,400,-6.87
103270.0,156.8,150.0,0,400,-6.8
103370.0,156.77,150.0,0,400,-6.77
103470.0,156.72,150.0,0,400,-6.72
103570.0,156.68,150.0,0,400,-6.68
103670.0,156.7,150.0,0,400,-6.7
103770.0,156.72,150.0,0,400,-6.72
103870.0,156.7,150.0,0,400,-6.7
103970.0,156.71,150.0,0,400,-6.71
104070.0,156.69,150.0,0,400,-6.69
104170.0,156.67,150.0,0,400,-6.67
104270.0,156.61,150.0,0,400,-6.61
104370.0,156.63,150.0,0,400,-6.63
104470.0,156.61,150.0,0,400,-6.61
104570.0,156.53,150.0,0,400,-6.53
104670.0,156.51,150.0,0,400,-6.51
104770.0,156.49,150.0,0,400,-6.49
104870.0,156.47,150.0,0,400,-6.47
104970.0,156.47,150.0,0,400,-6.47
105070.0,156.45,150.0,0,400,-6.45
105170.0,156.34,150.0,0,400,-6.34
105270.0,156.32,150.0,0,400,-6.32
105370.0,156.33,150.0,0,400,-6.33
105470.0,156.32,150.0,0,400,-6.32
105570.0,156.24,150.0,0,400,-6.24
105670.0,156.15,150.0,0,400,-6.15
105770.0,156.12,150.0,0,400,-6.12
105870.0,156.16,150.0,0,400,-6.16
105970.0,156.16,150.0,0,400,-6.16
106070.0,156.08,150.0,0,400,-6.08
106170.0,156.05,150.0,0,400,-6.05
106270.0,156.05,150.0,0,400,-6.05
106370.0,156.03,150.0,0,400,-6.03
106470.0,155.97,150.0,0,400,-5.97
106570.0,155.93,150.0,0,400,-5.93
106670.0,155.86,150.0,0,400,-5.86
106770.0,155.79,150.0,0,400,-5.79
106870.0,155.8,150.0,0,400,-5.8
106970.0,155.71,150.0,0,400,-5.71
107070.0,155.63,150.0,0,400,-5.63
107170.0,155.66,150.0,0,400,-5.66
107270.0,155.64,150.0,0,400,-5.64
107370.0,155.6,150.0,0,400,-5.6
107470.0,155.6,150.0,0,400,-5.6
107570.0,155.56,150.0,0,400,-5.56
107670.0,155.51,150.0,0,400,-5.51
107770.0,155.51,150.0,0,400,-5.51
107870.0,155.51,150.0,0,400,-5.51
107970.0,155.52,150.0,0,400,-5.52
108070.0,155.49,150.0,0,400,-5.49
108170.0,155.39,150.0,0,400,-5.39
108270.0,155.43,150.0,0,400,-5.43
108370.0,155.42,150.0,0,400,-5.42
108470.0,155.41,150.0,0,400,-5.41
108570.0,155.39,150.0,0,400,-5.39
108670.0,155.42,150.0,0,400,-5.42
108770.0,155.41,150.0,0,400,-5.41
108870.0,155.37,150.0,0,400,-5.37
108970.0,155.35,150.0,0,400,-5.35
109070.0,155.33,150.0,0,400,-5.33
109170.0,155.31,150.0,0,400,-5.31
109270.0,155.2,150.0,0,400,-5.2
109370.0,155.21,150.0,0,400,-5.21
109470.0,155.19,150.0,0,400,-5.19
109570.0,155.21,150.0,0,400,-5.21
109670.0,155.12,150.0,0,400,-5.12
109770.0,155.11,150.0,0,400,-5.11
109870.0,155.04,150.0,0,400,-5.04
109970.0,155.01,150.0,0,400,-5.01
110070.0,155.0,150.0,0,400,-5.0
110170.0,154.98,150.0,0,400,-4.98
110270.0,154.97,150.0,0,400,-4.97
110370.0,154.9,150.0,0,400,-4.9
110470.0,154.85,150.0,0,400,-4.85
110570.0,154.86,150.0,0,400,-4.86
110670.0,154.77,150.0,0,400,-4.77
110770.0,154.78,150.0,0,400,-4.78
110870.0,154.77,150.0,0,400,-4.77
110970.0,154.67,150.0,0,400,-4.67
111070.0,154.61,150.0,0,400,-4.61
111170.0,154.53,150.0,0,400,-4.53
111270.0,154.56,150.0,0,400,-4.56
111370.0,154.48,150.0,0,400,-4.48
111470.0,154.5,150.0,0,400,-4.5
111570.0,154.48,150.0,0,400,-4.48
111670.0,154.51,150.0,0,400,-4.51
111770.0,154.42,150.0,0,400,-4.42
111870.0,154.38,150.0,0,400,-4.38
111970.0,154.38,150.0,0,400,-4.38
112070.0,154.39,150.0,0,400,-4.39
112170.0,154.29,150.0,0,400,-4.29
112270.0,154.28,150.0,0,400,-4.28
112370.0,154.29,150.0,0,400,-4.29
112470.0,154.19,150.0,0,400,-4.19
112570.0,154.23,150.0,0,400,-4.23
112670.0,154.24,150.0,0,400,-4.24
112770.0,154.12,150.0,0,400,-4.12
112870.0,154.03,150.0,0,400,-4.03
112970.0,153.98,150.0,0,400,-3.98
113070.0,153.92,150.0,0,400,-3.92
113170.0,153.95,150.0,0,400,-3.95
113270.0,153.88,150.0,0,400,-3.88
113370.0,153.88,150.0,0,400,-3.88
113470.0,153.84,150.0,0,400,-3.84
113570.0,153.76,150.0,0,400,-3.76
113670.0,153.74,150.0,0,400,-3.74
113770.0,153.69,150.0,0,400,-3.69
113870.0,153.64,150.0,0,400,-3.64
113970.0,153.63,150.0,0,400,-3.63
114070.0,153.68,150.0,0,400,-3.68
114170.0,153.71,150.0,0,400,-3.71
114270.0,153.67,150.0,0,400,-3.67
114370.0,153.64,150.0,0,400,-3.64
114470.0,153.66,150.0,0,400,-3.66
114570.0,153.61,150.0,0,400,-3.61
114670.0,153.58,150.0,0,400,-3.58
114770.0,153.52,150.0,0,400,-3.52
114870.0,153.56,150.0,0,400,-3.56
114970.0,153.57,150.0,0,400,-3.57
115070.0,153.52,150.0,0,400,-3.52
115170.0,153.47,150.0,0,400,-3.47
115270.0,153.37,150.0,0,400,-3.37
115370.0,153.39,150.0,0,400,-3.39
115470.0,153.33,150.0,0,400,-3.33
115570.0,153.36,150.0,0,400,-3.36
115670.0,153.37,150.0,0,400,-3.37
115770.0,153.34,150.0,0,400,-3.34
115870.0,153.24,150.0,0,400,-3.24
115970.0,153.16,150.0,0,400,-3.16
116070.0,153.18,150.0,0,400,-3.18
116170.0,153.1,150.0,0,400,-3.1
116270.0,153.04,150.0,0,400,-3.04
116370.0,153.08,150.0,0,400,-3.08
116470.0,152.97,150.0,0,400,-2.97
116570.0,152.98,150.0,0,400,-2.98
116670.0,152.87,150.0,0,400,-2.87
116770.0,152.87,150.0,0,400,-2.87
116870.0,152.77,150.0,0,400,-2.77
116970.0,152.79,150.0,0,400,-2.79
117070.0,152.74,150.0,0,400,-2.74
117170.0,152.64,150.0,0,400,-2.64
117270.0,152.55,150.0,0,400,-2.55
117370.0,152.48,150.0,0,400,-2.48
117470.0,152.47,150.0,0,400,-2.47
117570.0,152.49,150.0,0,400,-2.49
117670.0,152.5,150.0,0,400,-2.5
117770.0,152.48,150.0,0,400,-2.48
117870.0,152.4,150.0,0,400,-2.4
117970.0,152.32,150.0,0,400,-2.32
118070.0,152.31,150.0,0,400,-2.31
118170.0,152.22,150.0,0,400,-2.22
118270.0,152.18,150.0,0,400,-2.18
118370.0,152.11,150.0,0,400,-2.11
118470.0,152.12,150.0,0,400,-2.12
118570.0,152.1,150.0,0,400,-2.1
118670.0,152.11,150.0,0,400,-2.11
118770.0,152.03,150.0,0,400,-2.03
118870.0,152.04,150.0,0,400,-2.04
118970.0,152.02,150.0,0,400,-2.02
119070.0,151.96,150.0,0,400,-1.96
119170.0,151.83,150.0,0,400,-1.83
119270.0,151.77,150.0,0,400,-1.77
119370.0,151.77,150.0,0,400,-1.77
119470.0,151.66,150.0,0,400,-1.66
119570.0,151.64,150.0,0,400,-1.64
119670.0,151.63,150.0,0,400,-1.63
119770.0,151.61,150.0,0,400,-1.61
119870.0,151.5,150.0,0,400,-1.5
119970.0,151.44,150.0,0,400,-1.44
120070.0,151.4,150.0,0,400,-1.4
120170.0,151.39,150.0,0,400,-1.39
120270.0,151.3,150.0,0,400,-1.3
120370.0,151.18,150.0,0,400,-1.18
120470.0,151.18,150.0,0,400,-1.18
120570.0,151.07,150.0,0,400,-1.07
120670.0,150.97,150.0,0,400,-0.97
120770.0,150.9,150.0,0,400,-0.9
120870.0,150.82,150.0,0,400,-0.82
120970.0,150.79,150.0,0,400,-0.79
121070.0,150.82,150.0,0,400,-0.82
121170.0,150.83,150.0,0,400,-0.83
121270.0,150.85,150.0,0,400,-0.85
121370.0,150.76,150.0,0,400,-0.76
121470.0,150.75,150.0,0,400,-0.75
121570.0,150.68,150.0,0,400,-0.68
121670.0,150.62,150.0,0,400,-0.62
121770.0,150.62,150.0,0,400,-0.62
121870.0,150.52,150.0,0,400,-0.52
121970.0,150.48,150.0,0,400,-0.48
122070.0,150.41,150.0,0,400,-0.41
122170.0,150.37,150.0,0,400,-0.37
122270.0,150.3,150.0,0,400,-0.3
122370.0,150.27,150.0,0,400,-0.27
122470.0,150.23,150.0,0,400,-0.23
122570.0,150.2,150.0,0,400,-0.2
122670.0,150.15,150.0,0,400,-0.15
122770.0,150.13,150.0,0,400,-0.13
122870.0,150.13,150.0,0,400,-0.13
122970.0,150.12,150.0,0,400,-0.12
123070.0,150.13,150.0,0,400,-0.13
123170.0,150.12,150.0,0,400,-0.12
123270.0,150.08,150.0,0,400,-0.08
123370.0,150.05,150.0,0,400,-0.05
123470.0,149.96,150.0,100,400,0.04
123570.0,149.91,150.0,100,400,0.09
123670.0,149.85,150.0,100,400,0.15
123770.0,149.79,150.0,100,400,0.21
123870.0,149.71,150.0,100,400,0.29
123970.0,149.58,150.0,100,400,0.42
124070.0,149.54,150.0,100,400,0.46
124170.0,149.51,150.0,100,400,0.49
124270.0,149.41,150.0,100,400,0.59
124370.0,149.34,150.0,100,400,0.66
124470.0,149.33,150.0,100,400,0.67
124570.0,149.27,150.0,100,400,0.73
124670.0,149.25,150.0,100,400,0.75
124770.0,149.14,150.0,100,400,0.86
124870.0,149.05,150.0,100,400,0.95
124970.0,149.06,150.0,100,400,0.94
125070.0,149.07,150.0,100,400,0.93
125170.0,149.07,150.0,100,400,0.93
125270.0,149.07,150.0,100,400,0.93
125370.0,149.07,150.0,100,400,0.93
125470.0,148.97,150.0,100,400,1.03
125570.0,148.9,150.0,100,400,1.1
125670.0,148.82,150.0,100,400,1.18
125770.0,148.76,150.0,100,400,1.24
125870.0,148.78,150.0,100,400,1.22
125970.0,148.69,150.0,100,400,1.31
126070.0,148.69,150.0,100,400,1.31
126170.0,148.64,150.0,100,400,1.36
126270.0,148.67,150.0,100,400,1.33
126370.0,148.65,150.0,100,400,1.35
126470.0,148.69,150.0,100,400,1.31
126570.0,148.74,150.0,100,400,1.26
126670.0,148.67,150.0,100,400,1.33
126770.0,148.65,150.0,100,400,1.35
126870.0,148.63,150.0,100,400,1.37
126970.0,148.57,150.0,100,400,1.43
127070.0,148.56,150.0,100,400,1.44
127170.0,148.56,150.0,100,400,1.44
127270.0,148.55,150.0,100,400,1.45
127370.0,148.55,150.0,100,400,1.45
127470.0,148.55,150.0,100,400,1.45
127570.0,148.61,150.0,100,400,1.39
127670.0,148.66,150.0,100,400,1.34
127770.0,148.69,150.0,100,400,1.31
127870.0,148.66,150.0,100,400,1.34
127970.0,148.63,150.0,100,400,1.37
128070.0,148.68,150.0,100,400,1.32
128170.0,148.66,150.0,100,400,1.34
128270.0,148.71,150.0,100,400,1.29
128370.0,148.69,150.0,100,400,1.31
128470.0,148.68,150.0,100,400,1.32
128570.0,148.69,150.0,100,400,1.31
128670.0,148.78,150.0,100,400,1.22
128770.0,148.79,150.0,100,400,1.21
128870.0,148.86,150.0,100,400,1.14
128970.0,148.87,150.0,100,400,1.13
129070.0,148.94,150.0,100,400,1.06
129170.0,148.95,150.0,100,400,1.05
129270.0,148.98,150.0,100,400,1.02
129370.0,149.1,150.0,100,400,0.9
129470.0,149.22,150.0,100,400,0.78
129570.0,149.33,150.0,100,400,0.67
129670.0,149.46,150.0,100,400,0.54
129770.0,149.5,150.0,100,400,0.5
129870.0,149.54,150.0,100,400,0.46
129970.0,149.65,150.0,100,400,0.35
130070.0,149.78,150.0,100,400,0.22
130170.0,149.86,150.0,100,400,0.14
130270.0,149.92,150.0,100,400,0.08
130370.0,149.95,150.0,100,400,0.05
130470.0,150.02,150.0,0,400,-0.02
130570.0,150.18,150.0,0,400,-0.18
130670.0,150.23,150.0,0,400,-0.23
130770.0,150.37,150.0,0,400,-0.37
130870.0,150.41,150.0,0,400,-0.41
130970.0,150.48,150.0,0,400,-0.48
131070.0,150.67,150.0,0,400,-0.67
131170.0,150.73,150.0,0,400,-0.73
131270.0,150.88,150.0,0,400,-0.88
131370.0,151.04,150.0,0,400,-1.04
131470.0,151.23,150.0,0,400,-1.23
131570.0,151.41,150.0,0,400,-1.41
131670.0,151.55,150.0,0,400,-1.55
131770.0,151.65,150.0,0,400,-1.65
131870.0,151.79,150.0,0,400,-1.79
131970.0,151.96,150.0,0,400,-1.96
132070.0,152.15,150.0,0,400,-2.15
132170.0,152.31,150.0,0,400,-2.31
132270.0,152.46,150.0,0,400,-2.46
132370.0,152.63,150.0,0,400,-2.63
132470.0,152.78,150.0,0,400,-2.78
132570.0,152.89,150.0,0,400,-2.89
132670.0,153.06,150.0,0,400,-3.06
132770.0,153.14,150.0,0,400,-3.14
132870.0,153.32,150.0,0,400,-3.32
132970.0,153.5,150.0,0,400,-3.5
133070.0,153.68,150.0,0,400,-3.68
133170.0,153.87,150.0,0,400,-3.87
133270.0,154.06,150.0,0,400,-4.06
133370.0,154.25,150.0,0,400,-4.25
133470.0,154.38,150.0,0,400,-4.38
133570.0,154.49,150.0,0,400,-4.49
133670.0,154.58,150.0,0,400,-4.58
133770.0,154.75,150.0,0,400,-4.75
133870.0,154.9,150.0,0,400,-4.9
133970.0,155.06,150.0,0,400,-5.06
134070.0,155.25,150.0,0,400,-5.25
134170.0,155.37,150.0,0,400,-5.37
134270.0,155.55,150.0,0,400,-5.55
134370.0,155.71,150.0,0,400,-5.71
134470.0,155.77,150.0,0,400,-5.77
134570.0,155.95,150.0,0,400,-5.95
134670.0,156.07,150.0,0,400,-6.07
134770.0,156.24,150.0,0,400,-6.24
134870.0,156.37,150.0,0,400,-6.37
134970.0,156.54,150.0,0,400,-6.54
135070.0,156.64,150.0,0,400,-6.64
135170.0,156.74,150.0,0,400,-6.74
135270.0,156.91,150.0,0,400,-6.91
135370.0,157.09,150.0,0,400,-7.09
135470.0,157.15,150.0,0,400,-7.15
135570.0,157.31,150.0,0,400,-7.31
135670.0,157.51,150.0,0,400,-7.51
135770.0,157.63,150.0,0,400,-7.63
135870.0,157.71,150.0,0,400,-7.71
135970.0,157.88,150.0,0,400,-7.88
136070.0,158.04,150.0,0,400,-8.04
136170.0,158.16,150.0,0,400,-8.16
136270.0,158.23,150.0,0,400,-8.23
136370.0,158.33,150.0,0,400,-8.33
136470.0,158.43,150.0,0,400,-8.43
136570.0,158.55,150.0,0,400,-8.55
136670.0,158.67,150.0,0,400,-8.67
136770.0,158.81,150.0,0,400,-8.81
136870.0,158.95,150.0,0,400,-8.95
136970.0,159.03,150.0,0,400,-9.03
137070.0,159.16,150.0,0,400,-9.16
137170.0,159.26,150.0,0,400,-9.26
137270.0,159.39,150.0,0,400,-9.39
137370.0,159.51,150.0,0,400,-9.51
137470.0,159.6,150.0,0,400,-9.6
137570.0,159.72,150.0,0,400,-9.72
137670.0,159.73,150.0,0,400,-9.73
137770.0,159.83,150.0,0,400,-9.83
137870.0,159.93,150.0,0,400,-9.93
137970.0,159.92,150.0,0,400,-9.92
138070.0,159.93,150.0,0,400,-9.93
138170.0,159.99,150.0,0,400,-9.99
138270.0,160.13,150.0,0,400,-10.13
138370.0,160.24,150.0,0,400,-10.24
138470.0,160.35,150.0,0,400,-10.35
138570.0,160.34,150.0,0,400,-10.34
138670.0,160.47,150.0,0,400,-10.47
138770.0,160.52,150.0,0,400,-10.52
138870.0,160.66,150.0,0,400,-10.66
138970.0,160.77,150.0,0,400,-10.77
139070.0,160.87,150.0,0,400,-10.87
139170.0,160.9,150.0,0,400,-10.9
139270.0,160.92,150.0,0,400,-10.92
139370.0,160.96,150.0,0,400,-10.96
139470.0,161.08,150.0,0,400,-11.08
139570.0,161.16,150.0,0,400,-11.16
139670.0,161.25,150.0,0,400,-11.25
139770.0,161.25,150.0,0,400,-11.25
139870.0,161.32,150.0,0,400,-11.32
139970.0,161.32,150.0,0,400,-11.32
140070.0,161.36,150.0,0,400,-11.36
140170.0,161.44,150.0,0,400,-11.44
140270.0,161.51,150.0,0,400,-11.51
140370.0,161.56,150.0,0,400,-11.56
140470.0,161.56,150.0,0,400,-11.56
140570.0,161.55,150.0,0,400,-11.55
140670.0,161.64,150.0,0,400,-11.64
140770.0,161.65,150.0,0,400,-11.65
140870.0,161.63,150.0,0,400,-11.63
140970.0,161.67,150.0,0,400,-11.67
141070.0,161.77,150.0,0,400,-11.77
141170.0,161.85,150.0,0,400,-11.85
141270.0,161.91,150.0,0,400,-11.91
141370.0,161.94,150.0,0,400,-11.94
141470.0,161.91,150.0,0,400,-11.91
141570.0,161.91,150.0,0,400,-11.91
141670.0,161.88,150.0,0,400,-11.88
141770.0,161.97,150.0,0,400,-11.97
141870.0,161.96,150.0,0,400,-11.96
141970.0,162.04,150.0,0,400,-12.04
142070.0,162.05,150.0,0,400,-12.05
142170.0,162.13,150.0,0,400,-12.13
142270.0,162.17,150.0,0,400,-12.17
142370.0,162.17,150.0,0,400,-12.17
142470.0,162.14,150.0,0,400,-12.14
142570.0,162.19,150.0,0,400,-12.19
142670.0,162.28,150.0,0,400,-12.28
142770.0,162.34,150.0,0,400,-12.34
142870.0,162.31,150.0,0,400,-12.31
142970.0,162.3,150.0,0,400,-12.3
143070.0,162.28,150.0,0,400,-12.28
143170.0,162.28,150.0,0,400,-12.28
143270.0,162.36,150.0,0,400,-12.36
143370.0,162.41,150.0,0,400,-12.41
143470.0,162.45,150.0,0,400,-12.45
143570.0,162.44,150.0,0,400,-12.44
143670.0,162.48,150.0,0,400,-12.48
143770.0,162.5,150.0,0,400,-12.5
143870.0,162.56,150.0,0,400,-12.56
143970.0,162.58,150.0,0,400,-12.58
144070.0,162.55,150.0,0,400,-12.55
144170.0,162.49,150.0,0,400,-12.49
144270.0,162.44,150.0,0,400,-12.44
144370.0,162.44,150.0,0,400,-12.44
144470.0,162.47,150.0,0,400,-12.47
144570.0,162.47,150.0,0,400,-12.47
144670.0,162.46,150.0,0,400,-12.46
144770.0,162.45,150.0,0,400,-12.45
144870.0,162.47,150.0,0,400,-12.47
144970.0,162.44,150.0,0,400,-12.44
145070.0,162.46,150.0,0,400,-12.46
145170.0,162.43,150.0,0,400,-12.43
145270.0,162.43,150.0,0,400,-12.43
145370.0,162.44,150.0,0,400,-12.44
145470.0,162.47,150.0,0,400,-12.47
145570.0,162.5,150.0,0,400,-12.5
145670.0,162.53,150.0,0,400,-12.53
145770.0,162.57,150.0,0,400,-12.57
145870.0,162.54,150.0,0,400,-12.54
145970.0,162.51,150.0,0,400,-12.51
146070.0,162.55,150.0,0,400,-12.55
146170.0,162.45,150.0,0,400,-12.45
146270.0,162.4,150.0,0,400,-12.4
146370.0,162.46,150.0,0,400,-12.46
146470.0,162.48,150.0,0,400,-12.48
146570.0,162.45,150.0,0,400,-12.45
146670.0,162.47,150.0,0,400,-12.47
146770.0,162.39,150.0,0,400,-12.39
146870.0,162.42,150.0,0,400,-12.42
146970.0,162.43,150.0,0,400,-12.43
147070.0,162.39,150.0,0,400,-12.39
147170.0,162.42,150.0,0,400,-12.42
147270.0,162.36,150.0,0,400,-12.36
147370.0,162.39,150.0,0,400,-12.39
147470.0,162.38,150.0,0,400,-12.38
147570.0,162.29,150.0,0,400,-12.29
147670.0,162.33,150.0,0,400,-12.33
147770.0,162.26,150.0,0,400,-12.26
147870.0,162.32,150.0,0,400,-12.32
147970.0,162.36,150.0,0,400,-12.36
148070.0,162.35,150.0,0,400,-12.35
148170.0,162.35,150.0,0,400,-12.35
148270.0,162.3,150.0,0,400,-12.3
148370.0,162.35,150.0,0,400,-12.35
148470.0,162.34,150.0,0,400,-12.34
148570.0,162.24,150.0,0,400,-12.24
148670.0,162.25,150.0,0,400,-12.25
148770.0,162.18,150.0,0,400,-12.18
148870.0,162.21,150.0,0,400,-12.21
148970.0,162.16,150.0,0,400,-12.16
149070.0,162.08,150.0,0,400,-12.08
149170.0,162.03,150.0,0,400,-12.03
149270.0,161.97,150.0,0,400,-11.97
149370.0,161.94,150.0,0,400,-11.94
149470.0,161.9,150.0,0,400,-11.9
149570.0,161.88,150.0,0,400,-11.88
149670.0,161.84,150.0,0,400,-11.84
149770.0,161.88,150.0,0,400,-11.88
149870.0,161.91,150.0,0,400,-11.91
149970.0,161.94,150.0,0,400,-11.94
150070.0,161.87,150.0,0,400,-11.87
150170.0,161.9,150.0,0,400,-11.9
150270.0,161.94,150.0,0,400,-11.94
150370.0,161.89,150.0,0,400,-11.89
150470.0,161.82,150.0,0,400,-11.82
150570.0,161.84,150.0,0,400,-11.84
150670.0,161.82,150.0,0,400,-11.82
150770.0,161.8,150.0,0,400,-11.8
150870.0,161.79,150.0,0,400,-11.79
150970.0,161.73,150.0,0,400,-11.73
151070.0,161.7,150.0,0,400,-11.7
151170.0,161.67,150.0,0,400,-11.67
151270.0,161.72,150.0,0,400,-11.72
151370.0,161.67,150.0,0,400,-11.67
151470.0,161.68,150.0,0,400,-11.68
151570.0,161.64,150.0,0,400,-11.64
151670.0,161.59,150.0,0,400,-11.59
151770.0,161.55,150.0,0,400,-11.55
151870.0,161.58,150.0,0,400,-11.58
151970.0,161.52,150.0,0,400,-11.52
152070.0,161.52,150.0,0,400,-11.52
152170.0,161.45,150.0,0,400,-11.45
152270.0,161.42,150.0,0,400,-11.42
152370.0,161.49,150.0,0,400,-11.49
152470.0,161.49,150.0,0,400,-11.49
152570.0,161.46,150.0,0,400,-11.46
152670.0,161.49,150.0,0,400,-11.49
152770.0,161.43,150.0,0,400,-11.43
152870.0,161.4,150.0,0,400,-11.4
152970.0,161.37,150.0,0,400,-11.37
153070.0,161.39,150.0,0,400,-11.39
153170.0,161.35,150.0,0,400,-11.35
153270.0,161.31,150.0,0,400,-11.31
153370.0,161.31,150.0,0,400,-11.31
153470.0,161.26,150.0,0,400,-11.26
153570.0,161.23,150.0,0,400,-11.23
153670.0,161.25,150.0,0,400,-11.25
153770.0,161.21,150.0,0,400,-11.21
153870.0,161.24,150.0,0,400,-11.24
153970.0,161.17,150.0,0,400,-11.17
154070.0,161.13,150.0,0,400,-11.13
154170.0,161.12,150.0,0,400,-11.12
154270.0,161.15,150.0,0,400,-11.15
154370.0,161.18,150.0,0,400,-11.18
154470.0,161.09,150.0,0,400,-11.09
154570.0,161.02,150.0,0,400,-11.02
154670.0,160.96,150.0,0,400,-10.96
154770.0,160.89,150.0,0,400,-10.89
154870.0,160.93,150.0,0,400,-10.93
154970.0,160.96,150.0,0,400,-10.96
155070.0,160.92,150.0,0,400,-10.92
155170.0,160.96,150.0,0,400,-10.96
155270.0,160.96,150.0,0,400,-10.96
155370.0,160.87,150.0,0,400,-10.87
155470.0,160.8,150.0,0,400,-10.8
155570.0,160.71,150.0,0,400,-10.71
155670.0,160.67,150.0,0,400,-10.67
155770.0,160.65,150.0,0,400,-10.65
155870.0,160.68,150.0,0,400,-10.68
155970.0,160.61,150.0,0,400,-10.61
156070.0,160.66,150.0,0,400,-10.66
156170.0,160.69,150.0,0,400,-10.69
156270.0,160.65,150.0,0,400,-10.65
156370.0,160.57,150.0,0,400,-10.57
156470.0,160.51,150.0,0,400,-10.51
156570.0,160.53,150.0,0,400,-10.53
156670.0,160.48,150.0,0,400,-10.48
156770.0,160.53,150.0,0,400,-10.53
156870.0,160.49,150.0,0,400,-10.49
156970.0,160.4,150.0,0,400,-10.4
157070.0,160.42,150.0,0,400,-10.42
157170.0,160.4,150.0,0,400,-10.4
157270.0,160.39,150.0,0,400,-10.39
157370.0,160.33,150.0,0,400,-10.33
157470.0,160.35,150.0,0,400,-10.35
157570.0,160.37,150.0,0,400,-10.37
157670.0,160.26,150.0,0,400,-10.26
157770.0,160.19,150.0,0,400,-10.19
157870.0,160.19,150.0,0,400,-10.19
157970.0,160.13,150.0,0,400,-10.13
158070.0,160.07,150.0,0,400,-10.07
158170.0,160.01,150.0,0,400,-10.01
158270.0,159.98,150.0,0,400,-9.98
158370.0,159.98,150.0,0,400,-9.98
158470.0,159.9,150.0,0,400,-9.9
158570.0,159.96,150.0,0,400,-9.96
158670.0,160.0,150.0,0,400,-10.0
158770.0,160.0,150.0,0,400,-10.0
158870.0,159.98,150.0,0,400,-9.98
158970.0,159.99,150.0,0,400,-9.99
159070.0,159.98,150.0,0,400,-9.98
159170.0,159.96,150.0,0,400,-9.96
159270.0,159.89,150.0,0,400,-9.89
159370.0,159.91,150.0,0,400,-9.91
159470.0,159.91,150.0,0,400,-9.91
159570.0,159.89,150.0,0,400,-9.89
159670.0,159.82,150.0,0,400,-9.82
159770.0,159.78,150.0,0,400,-9.78
159870.0,159.77,150.0,0,400,-9.77
159970.0,159.78,150.0,0,400,-9.78
160070.0,159.74,150.0,0,400,-9.74
160170.0,159.65,150.0,0,400,-9.65
160270.0,159.6,150.0,0,400,-9.6
160370.0,159.54,150.0,0,400,-9.54
160470.0,159.56,150.0,0,400,-9.56
160570.0,159.55,150.0,0,400,-9.55
160670.0,159.57,150.0,0,400,-9.57
160770.0,159.54,150.0,0,400,-9.54
160870.0,159.56,150.0,0,400,-9.56
160970.0,159.57,150.0,0,400,-9.57
161070.0,159.57,150.0,0,400,-9.57
161170.0,159.45,150.0,0,400,-9.45
161270.0,159.48,150.0,0,400,-9.48
161370.0,159.39,150.0,0,400,-9.39
161470.0,159.28,150.0,0,400,-9.28
161570.0,159.3,150.0,0,400,-9.3
161670.0,159.28,150.0,0,400,-9.28
161770.0,159.24,150.0,0,400,-9.24
161870.0,159.24,150.0,0,400,-9.24
161970.0,159.22,150.0,0,400,-9.22
162070.0,159.14,150.0,0,400,-9.14
162170.0,159.15,150.0,0,400,-9.15
162270.0,159.16,150.0,0,400,-9.16
162370.0,159.15,150.0,0,400,-9.15
162470.0,159.12,150.0,0,400,-9.12
162570.0,159.08,150.0,0,400,-9.08
162670.0,159.04,150.0,0,400,-9.04
162770.0,159.04,150.0,0,400,-9.04
162870.0,159.03,150.0,0,400,-9.03
162970.0,158.99,150.0,0,400,-8.99
163070.0,158.93,150.0,0,400,-8.93
163170.0,158.89,150.0,0,400,-8.89
163270.0,158.8,150.0,0,400,-8.8
163370.0,158.79,150.0,0,400,-8.79
163470.0,158.79,150.0,0,400,-8.79
163570.0,158.68,150.0,0,400,-8.68
163670.0,158.66,150.0,0,400,-8.66
163770.0,158.6,150.0,0,400,-8.6
163870.0,158.57,150.0,0,400,-8.57
163970.0,158.48,150.0,0,400,-8.48
164070.0,158.43,150.0,0,400,-8.43
164170.0,158.41,150.0,0,400,-8.41
164270.0,158.37,150.0,0,400,-8.37
164370.0,158.4,150.0,0,400,-8.4
164470.0,158.37,150.0,0,400,-8.37
164570.0,158.41,150.0,0,400,-8.41
164670.0,158.34,150.0,0,400,-8.34
164770.0,158.31,150.0,0,400,-8.31
164870.0,158.38,150.0,0,400,-8.38
164970.0,158.32,150.0,0,400,-8.32
165070.0,158.35,150.0,0,400,-8.35
165170.0,158.33,150.0,0,400,-8.33
165270.0,158.25,150.0,0,400,-8.25
165370.0,158.21,150.0,0,400,-8.21
165470.0,158.22,150.0,0,400,-8.22
165570.0,158.22,150.0,0,400,-8.22
165670.0,158.26,150.0,0,400,-8.26
165770.0,158.27,150.0,0,400,-8.27
165870.0,158.26,150.0,0,400,-8.26
165970.0,158.17,150.0,0,400,-8.17
166070.0,158.09,150.0,0,400,-8.09
166170.0,158.02,150.0,0,400,-8.02
166270.0,158.03,150.0,0,400,-8.03
166370.0,157.96,150.0,0,400,-7.96
166470.0,157.89,150.0,0,400,-7.89
166570.0,157.91,150.0,0,400,-7.91
166670.0,157.9,150.0,0,400,-7.9
166770.0,157.92,150.0,0,400,-7.92
166870.0,157.92,150.0,0,400,-7.92
166970.0,157.81,150.0,0,400,-7.81
167070.0,157.74,150.0,0,400,-7.74
167170.0,157.72,150.0,0,400,-7.72
167270.0,157.72,150.0,0,400,-7.72
167370.0,157.71,150.0,0,400,-7.71
167470.0,157.69,150.0,0,400,-7.69
167570.0,157.6,150.0,0,400,-7.6
167670.0,157.5,150.0,0,400,-7.5
167770.0,157.41,150.0,0,400,-7.41
167870.0,157.34,150.0,0,400,-7.34
167970.0,157.37,150.0,0,400,-7.37
168070.0,157.36,150.0,0,400,-7.36
168170.0,157.37,150.0,0,400,-7.37
168270.0,157.37,150.0,0,400,-7.37
168370.0,157.32,150.0,0,400,-7.32
168470.0,157.24,150.0,0,400,-7.24
168570.0,157.26,150.0,0,400,-7.26
168670.0,157.25,150.0,0,400,-7.25
168770.0,157.21,150.0,0,400,-7.21
168870.0,157.2,150.0,0,400,-7.2
168970.0,157.14,150.0,0,400,-7.14
169070.0,157.16,150.0,0,400,-7.16
169170.0,157.11,150.0,0,400,-7.11
169270.0,157.09,150.0,0,400,-7.09
169370.0,157.1,150.0,0,400,-7.1
169470.0,157.03,150.0,0,400,-7.03
169570.0,157.04,150.0,0,400,-7.04
169670.0,156.97,150.0,0,400,-6.97
169770.0,156.96,150.0,0,400,-6.96
169870.0,156.91,150.0,0,400,-6.91
169970.0,156.92,150.0,0,400,-6.92
170070.0,156.85,150.0,0,400,-6.85
170170.0,156.89,150.0,0,400,-6.89
170270.0,156.84,150.0,0,400,-6.84
170370.0,156.83,150.0,0,400,-6.83
170470.0,156.85,150.0,0,400,-6.85
170570.0,156.77,150.0,0,400,-6.77
170670.0,156.7,150.0,0,400,-6.7
170770.0,156.68,150.0,0,400,-6.68
170870.0,156.7,150.0,0,400,-6.7
170970.0,156.73,150.0,0,400,-6.73
171070.0,156.65,150.0,0,400,-6.65
171170.0,156.67,150.0,0,400,-6.67
171270.0,156.66,150.0,0,400,-6.66
171370.0,156.7,150.0,0,400,-6.7
171470.0,156.7,150.0,0,400,-6.7
171570.0,156.69,150.0,0,400,-6.69
171670.0,156.57,150.0,0,400,-6.57
171770.0,156.59,150.0,0,400,-6.59
171870.0,156.53,150.0,0,400,-6.53
171970.0,156.55,150.0,0,400,-6.55
172070.0,156.54,150.0,0,400,-6.54
172170.0,156.5,150.0,0,400,-6.5
172270.0,156.5,150.0,0,400,-6.5
172370.0,156.41,150.0,0,400,-6.41
172470.0,156.37,150.0,0,400,-6.37
172570.0,156.35,150.0,0,400,-6.35
172670.0,156.28,150.0,0,400,-6.28
172770.0,156.23,150.0,0,400,-6.23
172870.0,156.19,150.0,0,400,-6.19
172970.0,156.1,150.0,0,400,-6.1
173070.0,156.12,150.0,0,400,-6.12
173170.0,156.14,150.0,0,400,-6.14
173270.0,156.05,150.0,0,400,-6.05
173370.0,156.06,150.0,0,400,-6.06
173470.0,156.09,150.0,0,400,-6.09
173570.0,156.1,150.0,0,400,-6.1
173670.0,156.1,150.0,0,400,-6.1
173770.0,156.08,150.0,0,400,-6.08
173870.0,156.01,150.0,0,400,-6.01
173970.0,155.89,150.0,0,400,-5.89
174070.0,155.87,150.0,0,400,-5.87
174170.0,155.89,150.0,0,400,-5.89
174270.0,155.79,150.0,0,400,-5.79
174370.0,155.73,150.0,0,400,-5.73
174470.0,155.65,150.0,0,400,-5.65
174570.0,155.59,150.0,0,400,-5.59
174670.0,155.55,150.0,0,400,-5.55
174770.0,155.5,150.0,0,400,-5.5
174870.0,155.46,150.0,0,400,-5.46
174970.0,155.5,150.0,0,400,-5.5
175070.0,155.42,150.0,0,400,-5.42
175170.0,155.46,150.0,0,400,-5.46
175270.0,155.47,150.0,0,400,-5.47
175370.0,155.39,150.0,0,400,-5.39
175470.0,155.32,150.0,0,400,-5.32
175570.0,155.34,150.0,0,400,-5.34
175670.0,155.3,150.0,0,400,-5.3
175770.0,155.33,150.0,0,400,-5.33
175870.0,155.29,150.0,0,400,-5.29
175970.0,155.26,150.0,0,400,-5.26
176070.0,155.2,150.0,0,400,-5.2
176170.0,155.24,150.0,0,400,-5.24
176270.0,155.19,150.0,0,400,-5.19
176370.0,155.23,150.0,0,400,-5.23
176470.0,155.17,150.0,0,400,-5.17
176570.0,155.19,150.0,0,400,-5.19
176670.0,155.2,150.0,0,400,-5.2
176770.0,155.14,150.0,0,400,-5.14
176870.0,155.09,150.0,0,400,-5.09
176970.0,155.07,150.0,0,400,-5.07
177070.0,155.09,150.0,0,400,-5.09
177170.0,155.04,150.0,0,400,-5.04
177270.0,155.08,150.0,0,400,-5.08
177370.0,155.0,150.0,0,400,-5.0
177470.0,154.97,150.0,0,400,-4.97
177570.0,154.99,150.0,0,400,-4.99
177670.0,154.91,150.0,0,400,-4.91
177770.0,154.94,150.0,0,400,-4.94
177870.0,154.97,150.0,0,400,-4.97
177970.0,154.89,150.0,0,400,-4.89
178070.0,154.84,150.0,0,400,-4.84
178170.0,154.83,150.0,0,400,-4.83
178270.0,154.81,150.0,0,400,-4.81
178370.0,154.77,150.0,0,400,-4.77
178470.0,154.72,150.0,0,400,-4.72
178570.0,154.77,150.0,0,400,-4.77
178670.0,154.75,150.0,0,400,-4.75
178770.0,154.66,150.0,0,400,-4.66
178870.0,154.59,150.0,0,400,-4.59
178970.0,154.56,150.0,0,400,-4.56
179070.0,154.58,150.0,0,400,-4.58
179170.0,154.49,150.0,0,400,-4.49
179270.0,154.42,150.0,0,400,-4.42
179370.0,154.4,150.0,0,400,-4.4
179470.0,154.37,150.0,0,400,-4.37
179570.0,154.39,150.0,0,400,-4.39
179670.0,154.41,150.0,0,400,-4.41
179770.0,154.3,150.0,0,400,-4.3
179870.0,154.22,150.0,0,400,-4.22
179970.0,154.19,150.0,0,400,-4.19
180070.0,154.15,150.0,0,400,-4.15
180170.0,154.14,150.0,0,400,-4.14
180270.0,154.16,150.0,0,400,-4.16
180370.0,154.07,150.0,0,400,-4.07
180470.0,153.98,150.0,0,400,-3.98
180570.0,154.02,150.0,0,400,-4.02
180670.0,154.05,150.0,0,400,-4.05
180770.0,154.0,150.0,0,400,-4.0
180870.0,153.94,150.0,0,400,-3.94
180970.0,153.98,150.0,0,400,-3.98
181070.0,153.92,150.0,0,400,-3.92
181170.0,153.95,150.0,0,400,-3.95
181270.0,153.88,150.0,0,400,-3.88
181370.0,153.91,150.0,0,400,-3.91
181470.0,153.84,150.0,0,400,-3.84
181570.0,153.84,150.0,0,400,-3.84
181670.0,153.82,150.0,0,400,-3.82
181770.0,153.82,150.0,0,400,-3.82
181870.0,153.82,150.0,0,400,-3.82
181970.0,153.82,150.0,0,400,-3.82
182070.0,153.82,150.0,0,400,-3.82
182170.0,153.73,150.0,0,400,-3.73
182270.0,153.68,150.0,0,400,-3.68
182370.0,153.62,150.0,0,400,-3.62
182470.0,153.56,150.0,0,400,-3.56
182570.0,153.57,150.0,0,400,-3.57
182670.0,153.54,150.0,0,400,-3.54
182770.0,153.58,150.0,0,400,-3.58
182870.0,153.58,150.0,0,400,-3.58
182970.0,153.57,150.0,0,400,-3.57
183070.0,153.54,150.0,0,400,-3.54
183170.0,153.53,150.0,0,400,-3.53
183270.0,153.5,150.0,0,400,-3.5
183370.0,153.52,150.0,0,400,-3.52
183470.0,153.45,150.0,0,400,-3.45
183570.0,153.46,150.0,0,400,-3.46
183670.0,153.4,150.0,0,400,-3.4
183770.0,153.37,150.0,0,400,-3.37
183870.0,153.4,150.0,0,400,-3.4
183970.0,153.36,150.0,0,400,-3.36
184070.0,153.39,150.0,0,400,-3.39
184170.0,153.39,150.0,0,400,-3.39
184270.0,153.38,150.0,0,400,-3.38
184370.0,153.28,150.0,0,400,-3.28
184470.0,153.21,150.0,0,400,-3.21
184570.0,153.22,150.0,0,400,-3.22
184670.0,153.13,150.0,0,400,-3.13
184770.0,153.14,150.0,0,400,-3.14
184870.0,153.04,150.0,0,400,-3.04
184970.0,153.08,150.0,0,400,-3.08
185070.0,153.03,150.0,0,400,-3.03
185170.0,152.97,150.0,0,400,-2.97
185270.0,152.98,150.0,0,400,-2.98
185370.0,152.94,150.0,0,400,-2.94
185470.0,152.95,150.0,0,400,-2.95
185570.0,152.9,150.0,0,400,-2.9
185670.0,152.92,150.0,0,400,-2.92
185770.0,152.92,150.0,0,400,-2.92
185870.0,152.85,150.0,0,400,-2.85
185970.0,152.86,150.0,0,400,-2.86
186070.0,152.83,150.0,0,400,-2.83
186170.0,152.74,150.0,0,400,-2.74
186270.0,152.72,150.0,0,400,-2.72
186370.0,152.73,150.0,0,400,-2.73
186470.0,152.68,150.0,0,400,-2.68
186570.0,152.59,150.0,0,400,-2.59
186670.0,152.6,150.0,0,400,-2.6
186770.0,152.5,150.0,0,400,-2.5
186870.0,152.44,150.0,0,400,-2.44
186970.0,152.47,150.0,0,400,-2.47
187070.0,152.42,150.0,0,400,-2.42
187170.0,152.37,150.0,0,400,-2.37
187270.0,152.34,150.0,0,400,-2.34
187370.0,152.36,150.0,0,400,-2.36
187470.0,152.3,150.0,0,400,-2.3
187570.0,152.28,150.0,0,400,-2.28
187670.0,152.28,150.0,0,400,-2.28
187770.0,152.3,150.0,0,400,-2.3
187870.0,152.2,150.0,0,400,-2.2
187970.0,152.24,150.0,0,400,-2.24
188070.0,152.2,150.0,0,400,-2.2
188170.0,152.21,150.0,0,400,-2.21
188270.0,152.24,150.0,0,400,-2.24
188370.0,152.15,150.0,0,400,-2.15
188470.0,152.14,150.0,0,400,-2.14
188570.0,152.09,150.0,0,400,-2.09
188670.0,152.1,150.0,0,400,-2.1
188770.0,152.09,150.0,0,400,-2.09
188870.0,152.06,150.0,0,400,-2.06
188970.0,152.06,150.0,0,400,-2.06
189070.0,152.0,150.0,0,400,-2.0
189170.0,152.03,150.0,0,400,-2.03
189270.0,151.99,150.0,0,400,-1.99
189370.0,151.93,150.0,0,400,-1.93
189470.0,151.87,150.0,0,400,-1.87
189570.0,151.87,150.0,0,400,-1.87
189670.0,151.87,150.0,0,400,-1.87
189770.0,151.86,150.0,0,400,-1.86
189870.0,151.78,150.0,0,400,-1.78
189970.0,151.72,150.0,0,400,-1.72
190070.0,151.69,150.0,0,400,-1.69
190170.0,151.61,150.0,0,400,-1.61
190270.0,151.57,150.0,0,400,-1.57
190370.0,151.62,150.0,0,400,-1.62
190470.0,151.57,150.0,0,400,-1.57
190570.0,151.52,150.0,0,400,-1.52
190670.0,151.53,150.0,0,400,-1.53
190770.0,151.49,150.0,0,400,-1.49
190870.0,151.47,150.0,0,400,-1.47
190970.0,151.44,150.0,0,400,-1.44
191070.0,151.45,150.0,0,400,-1.45
191170.0,151.47,150.0,0,400,-1.47
191270.0,151.39,150.0,0,400,-1.39
191370.0,151.31,150.0,0,400,-1.31
191470.0,151.37,150.0,0,400,-1.37
191570.0,151.32,150.0,0,400,-1.32
191670.0,151.34,150.0,0,400,-1.34
191770.0,151.34,150.0,0,400,-1.34
191870.0,151.25,150.0,0,400,-1.25
191970.0,151.22,150.0,0,400,-1.22
192070.0,151.22,150.0,0,400,-1.22
192170.0,151.21,150.0,0,400,-1.21
192270.0,151.13,150.0,0,400,-1.13
192370.0,151.04,150.0,0,400,-1.04
192470.0,151.07,150.0,0,400,-1.07
192570.0,151.02,150.0,0,400,-1.02
192670.0,150.96,150.0,0,400,-0.96
192770.0,150.97,150.0,0,400,-0.97
192870.0,150.99,150.0,0,400,-0.99
192970.0,151.0,150.0,0,400,-1.0
193070.0,150.99,150.0,0,400,-0.99
193170.0,150.96,150.0,0,400,-0.96
193270.0,150.97,150.0,0,400,-0.97
193370.0,150.94,150.0,0,400,-0.94
193470.0,150.87,150.0,0,400,-0.87
193570.0,150.87,150.0,0,400,-0.87
193670.0,150.8,150.0,0,400,-0.8
193770.0,150.75,150.0,0,400,-0.75
193870.0,150.75,150.0,0,400,-0.75
193970.0,150.76,150.0,0,400,-0.76
194070.0,150.77,150.0,0,400,-0.77
194170.0,150.75,150.0,0,400,-0.75
194270.0,150.65,150.0,0,400,-0.65
194370.0,150.59,150.0,0,400,-0.59
194470.0,150.58,150.0,0,400,-0.58
194570.0,150.6,150.0,0,400,-0.6
194670.0,150.52,150.0,0,400,-0.52
194770.0,150.45,150.0,0,400,-0.45
194870.0,150.44,150.0,0,400,-0.44
194970.0,150.46,150.0,0,400,-0.46
195070.0,150.47,150.0,0,400,-0.47
195170.0,150.4,150.0,0,400,-0.4
195270.0,150.42,150.0,0,400,-0.42
195370.0,150.43,150.0,0,400,-0.43
195470.0,150.42,150.0,0,400,-0.42
195570.0,150.42,150.0,0,400,-0.42
195670.0,150.36,150.0,0,400,-0.36
195770.0,150.36,150.0,0,400,-0.36
195870.0,150.38,150.0,0,400,-0.38
195970.0,150.31,150.0,0,400,-0.31
196070.0,150.24,150.0,0,400,-0.24
196170.0,150.27,150.0,0,400,-0.27
196270.0,150.21,150.0,0,400,-0.21
196370.0,150.24,150.0,0,400,-0.24
196470.0,150.23,150.0,0,400,-0.23
196570.0,150.23,150.0,0,400,-0.23
196670.0,150.15,150.0,0,400,-0.15
196770.0,150.15,150.0,0,400,-0.15
196870.0,150.06,150.0,0,400,-0.06
196970.0,150.04,150.0,0,400,-0.04
197070.0,149.98,150.0,100,400,0.02
197170.0,149.99,150.0,100,400,0.01
197270.0,149.98,150.0,100,400,0.02
197370.0,149.99,150.0,100,400,0.01
197470.0,149.97,150.0,100,400,0.03
197570.0,149.95,150.0,100,400,0.05
197670.0,149.93,150.0,100,400,0.07
197770.0,149.86,150.0,100,400,0.14
197870.0,149.83,150.0,100,400,0.17
197970.0,149.81,150.0,100,400,0.19
198070.0,149.73,150.0,100,400,0.27
198170.0,149.71,150.0,100,400,0.29
198270.0,149.62,150.0,100,400,0.38
198370.0,149.57,150.0,100,400,0.43
198470.0,149.54,150.0,100,400,0.46
198570.0,149.48,150.0,100,400,0.52
198670.0,149.51,150.0,100,400,0.49
198770.0,149.42,150.0,100,400,0.58
198870.0,149.46,150.0,100,400,0.54
198970.0,149.47,150.0,100,400,0.53
199070.0,149.48,150.0,100,400,0.52
199170.0,149.46,150.0,100,400,0.54
199270.0,149.38,150.0,100,400,0.62
199370.0,149.35,150.0,100,400,0.65
199470.0,149.37,150.0,100,400,0.63
199570.0,149.37,150.0,100,400,0.63
199670.0,149.36,150.0,100,400,0.64
199770.0,149.33,150.0,100,400,0.67
199870.0,149.37,150.0,100,400,0.63
199970.0,149.39,150.0,100,400,0.61
200070.0,149.33,150.0,100,400,0.67
200170.0,149.32,150.0,100,400,0.68
200270.0,149.26,150.0,100,400,0.74
200370.0,149.25,150.0,100,400,0.75
200470.0,149.22,150.0,100,400,0.78
200570.0,149.27,150.0,100,400,0.73
200670.0,149.29,150.0,100,400,0.71
200770.0,149.24,150.0,100,400,0.76
200870.0,149.19,150.0,100,400,0.81
200970.0,149.17,150.0,100,400,0.83
201070.0,149.22,150.0,100,400,0.78
201170.0,149.24,150.0,100,400,0.76
201270.0,149.26,150.0,100,400,0.74
201370.0,149.29,150.0,100,400,0.71
201470.0,149.33,150.0,100,400,0.67
201570.0,149.33,150.0,100,400,0.67
201670.0,149.46,150.0,100,400,0.54
201770.0,149.56,150.0,100,400,0.44
201870.0,149.58,150.0,100,400,0.42
201970.0,149.62,150.0,100,400,0.38
202070.0,149.65,150.0,100,400,0.35
202170.0,149.7,150.0,100,400,0.3
202270.0,149.8,150.0,100,400,0.2
202370.0,149.89,150.0,100,400,0.11
202470.0,149.92,150.0,100,400,0.08
202570.0,149.98,150.0,100,400,0.02
202670.0,150.02,150.0,0,400,-0.02
202770.0,150.1,150.0,0,400,-0.1
202870.0,150.21,150.0,0,400,-0.21
202970.0,150.24,150.0,0,400,-0.24
203070.0,150.3,150.0,0,400,-0.3
203170.0,150.35,150.0,0,400,-0.35
203270.0,150.43,150.0,0,400,-0.43
203370.0,150.59,150.0,0,400,-0.59
203470.0,150.73,150.0,0,400,-0.73
203570.0,150.88,150.0,0,400,-0.88
203670.0,150.99,150.0,0,400,-0.99
203770.0,151.12,150.0,0,400,-1.12
203870.0,151.19,150.0,0,400,-1.19
203970.0,151.25,150.0,0,400,-1.25
204070.0,151.32,150.0,0,400,-1.32
204170.0,151.49,150.0,0,400,-1.49
204270.0,151.56,150.0,0,400,-1.56
204370.0,151.63,150.0,0,400,-1.63
204470.0,151.75,150.0,0,400,-1.75
204570.0,151.84,150.0,0,400,-1.84
204670.0,152.04,150.0,0,400,-2.04
204770.0,152.15,150.0,0,400,-2.15
204870.0,152.33,150.0,0,400,-2.33
204970.0,152.43,150.0,0,400,-2.43
205070.0,152.56,150.0,0,400,-2.56
205170.0,152.7,150.0,0,400,-2.7
205270.0,152.87,150.0,0,400,-2.87
205370.0,152.98,150.0,0,400,-2.98
205470.0,153.12,150.0,0,400,-3.12
205570.0,153.26,150.0,0,400,-3.26
205670.0,153.39,150.0,0,400,-3.39
205770.0,153.49,150.0,0,400,-3.49
205870.0,153.65,150.0,0,400,-3.65
205970.0,153.78,150.0,0,400,-3.78
206070.0,153.96,150.0,0,400,-3.96
206170.0,154.13,150.0,0,400,-4.13
206270.0,154.28,150.0,0,400,-4.28
206370.0,154.45,150.0,0,400,-4.45
206470.0,154.61,150.0,0,400,-4.61
206570.0,154.74,150.0,0,400,-4.74
206670.0,154.8,150.0,0,400,-4.8
206770.0,154.86,150.0,0,400,-4.86
206870.0,154.93,150.0,0,400,-4.93
206970.0,155.08,150.0,0,400,-5.08
207070.0,155.24,150.0,0,400,-5.24
207170.0,155.32,150.0,0,400,-5.32
207270.0,155.41,150.0,0,400,-5.41
207370.0,155.58,150.0,0,400,-5.58
207470.0,155.68,150.0,0,400,-5.68
207570.0,155.78,150.0,0,400,-5.78
207670.0,155.95,150.0,0,400,-5.95
207770.0,156.11,150.0,0,400,-6.11
207870.0,156.24,150.0,0,400,-6.24
207970.0,156.32,150.0,0,400,-6.32
208070.0,156.45,150.0,0,400,-6.45
208170.0,156.53,150.0,0,400,-6.53
208270.0,156.66,150.0,0,400,-6.66
208370.0,156.72,150.0,0,400,-6.72
208470.0,156.84,150.0,0,400,-6.84
208570.0,156.88,150.0,0,400,-6.88
208670.0,156.99,150.0,0,400,-6.99
208770.0,157.05,150.0,0,400,-7.05
208870.0,157.22,150.0,0,400,-7.22
208970.0,157.37,150.0,0,400,-7.37
209070.0,157.53,150.0,0,400,-7.53
209170.0,157.68,150.0,0,400,-7.68
209270.0,157.73,150.0,0,400,-7.73
209370.0,157.87,150.0,0,400,-7.87
209470.0,157.99,150.0,0,400,-7.99
209570.0,158.03,150.0,0,400,-8.03
209670.0,158.13,150.0,0,400,-8.13
209770.0,158.16,150.0,0,400,-8.16
209870.0,158.26,150.0,0,400,-8.26
209970.0,158.3,150.0,0,400,-8.3
210070.0,158.39,150.0,0,400,-8.39
210170.0,158.42,150.0,0,400,-8.42
210270.0,158.52,150.0,0,400,-8.52
210370.0,158.56,150.0,0,400,-8.56
210470.0,158.67,150.0,0,400,-8.67
210570.0,158.8,150.0,0,400,-8.8
210670.0,158.81,150.0,0,400,-8.81
210770.0,158.89,150.0,0,400,-8.89
210870.0,159.0,150.0,0,400,-9.0
210970.0,159.07,150.0,0,400,-9.07
211070.0,159.08,150.0,0,400,-9.08
211170.0,159.11,150.0,0,400,-9.11
211270.0,159.14,150.0,0,400,-9.14
211370.0,159.23,150.0,0,400,-9.23
211470.0,159.31,150.0,0,400,-9.31
211570.0,159.4,150.0,0,400,-9.4
211670.0,159.46,150.0,0,400,-9.46
211770.0,159.51,150.0,0,400,-9.51
211870.0,159.52,150.0,0,400,-9.52
211970.0,159.55,150.0,0,400,-9.55
212070.0,159.65,150.0,0,400,-9.65
212170.0,159.73,150.0,0,400,-9.73
212270.0,159.72,150.0,0,400,-9.72
212370.0,159.75,150.0,0,400,-9.75
212470.0,159.75,150.0,0,400,-9.75
212570.0,159.82,150.0,0,400,-9.82
212670.0,159.9,150.0,0,400,-9.9
212770.0,159.9,150.0,0,400,-9.9
212870.0,159.97,150.0,0,400,-9.97
212970.0,160.03,150.0,0,400,-10.03
213070.0,160.07,150.0,0,400,-10.07
213170.0,160.05,150.0,0,400,-10.05
213270.0,160.1,150.0,0,400,-10.1
213370.0,160.05,150.0,0,400,-10.05
213470.0,160.04,150.0,0,400,-10.04
213570.0,160.05,150.0,0,400,-10.05
213670.0,160.02,150.0,0,400,-10.02
213770.0,160.05,150.0,0,400,-10.05
213870.0,160.14,150.0,0,400,-10.14
213970.0,160.18,150.0,0,400,-10.18
214070.0,160.26,150.0,0,400,-10.26
214170.0,160.23,150.0,0,400,-10.23
214270.0,160.26,150.0,0,400,-10.26
214370.0,160.22,150.0,0,400,-10.22
214470.0,160.26,150.0,0,400,-10.26
214570.0,160.23,150.0,0,400,-10.23
214670.0,160.22,150.0,0,400,-10.22
214770.0,160.33,150.0,0,400,-10.33
214870.0,160.3,150.0,0,400,-10.3
214970.0,160.36,150.0,0,400,-10.36
215070.0,160.44,150.0,0,400,-10.44
215170.0,160.46,150.0,0,400,-10.46
215270.0,160.53,150.0,0,400,-10.53
215370.0,160.61,150.0,0,400,-10.61
215470.0,160.61,150.0,0,400,-10.61
215570.0,160.54,150.0,0,400,-10.54
215670.0,160.6,150.0,0,400,-10.6
215770.0,160.52,150.0,0,400,-10.52
215870.0,160.56,150.0,0,400,-10.56
215970.0,160.51,150.0,0,400,-10.51
216070.0,160.49,150.0,0,400,-10.49
216170.0,160.46,150.0,0,400,-10.46
216270.0,160.51,150.0,0,400,-10.51
216370.0,160.57,150.0,0,400,-10.57
216470.0,160.53,150.0,0,400,-10.53
216570.0,160.49,150.0,0,400,-10.49
216670.0,160.54,150.0,0,400,-10.54
216770.0,160.52,150.0,0,400,-10.52
216870.0,160.48,150.0,0,400,-10.48
216970.0,160.54,150.0,0,400,-10.54
217070.0,160.57,150.0,0,400,-10.57
217170.0,160.56,150.0,0,400,-10.56
217270.0,160.48,150.0,0,400,-10.48
217370.0,160.45,150.0,0,400,-10.45
217470.0,160.43,150.0,0,400,-10.43
217570.0,160.4,150.0,0,400,-10.4
217670.0,160.38,150.0,0,400,-10.38
217770.0,160.43,150.0,0,400,-10.43
217870.0,160.48,150.0,0,400,-10.48
217970.0,160.54,150.0,0,400,-10.54
218070.0,160.48,150.0,0,400,-10.48
218170.0,160.45,150.0,0,400,-10.45
218270.0,160.41,150.0,0,400,-10.41
218370.0,160.46,150.0,0,400,-10.46
218470.0,160.48,150.0,0,400,-10.48
218570.0,160.43,150.0,0,400,-10.43
218670.0,160.41,150.0,0,400,-10.41
218770.0,160.4,150.0,0,400,-10.4
218870.0,160.39,150.0,0,400,-10.39
218970.0,160.37,150.0,0,400,-10.37
219070.0,160.36,150.0,0,400,-10.36
219170.0,160.31,150.0,0,400,-10.31
219270.0,160.36,150.0,0,400,-10.36
219370.0,160.36,150.0,0,400,-10.36
219470.0,160.42,150.0,0,400,-10.42
219570.0,160.45,150.0,0,400,-10.45
219670.0,160.5,150.0,0,400,-10.5
219770.0,160.5,150.0,0,400,-10.5
219870.0,160.43,150.0,0,400,-10.43
219970.0,160.34,150.0,0,400,-10.34
220070.0,160.36,150.0,0,400,-10.36
220170.0,160.36,150.0,0,400,-10.36
220270.0,160.35,150.0,0,400,-10.35
220370.0,160.37,150.0,0,400,-10.37
220470.0,160.3,150.0,0,400,-10.3
220570.0,160.23,150.0,0,400,-10.23
220670.0,160.25,150.0,0,400,-10.25
220770.0,160.27,150.0,0,400,-10.27
220870.0,160.29,150.0,0,400,-10.29
220970.0,160.27,150.0,0,400,-10.27
221070.0,160.26,150.0,0,400,-10.26
221170.0,160.21,150.0,0,400,-10.21
221270.0,160.24,150.0,0,400,-10.24
221370.0,160.24,150.0,0,400,-10.24
221470.0,160.14,150.0,0,400,-10.14
221570.0,160.17,150.0,0,400,-10.17
221670.0,160.14,150.0,0,400,-10.14
221770.0,160.05,150.0,0,400,-10.05
221870.0,160.02,150.0,0,400,-10.02
221970.0,160.0,150.0,0,400,-10.0
222070.0,160.04,150.0,0,400,-10.04
222170.0,160.0,150.0,0,400,-10.0
222270.0,160.02,150.0,0,400,-10.02
222370.0,160.02,150.0,0,400,-10.02
222470.0,159.98,150.0,0,400,-9.98
222570.0,159.99,150.0,0,400,-9.99
222670.0,159.99,150.0,0,400,-9.99
222770.0,159.98,150.0,0,400,-9.98
222870.0,159.96,150.0,0,400,-9.96
222970.0,159.93,150.0,0,400,-9.93
223070.0,159.93,150.0,0,400,-9.93
223170.0,159.88,150.0,0,400,-9.88
223270.0,159.89,150.0,0,400,-9.89
223370.0,159.82,150.0,0,400,-9.82
223470.0,159.84,150.0,0,400,-9.84
223570.0,159.83,150.0,0,400,-9.83
223670.0,159.83,150.0,0,400,-9.83
223770.0,159.78,150.0,0,400,-9.78
223870.0,159.79,150.0,0,400,-9.79
223970.0,159.71,150.0,0,400,-9.71
224070.0,159.66,150.0,0,400,-9.66
224170.0,159.69,150.0,0,400,-9.69
224270.0,159.69,150.0,0,400,-9.69
224370.0,159.65,150.0,0,400,-9.65
224470.0,159.59,150.0,0,400,-9.59
224570.0,159.62,150.0,0,400,-9.62
224670.0,159.62,150.0,0,400,-9.62
224770.0,159.52,150.0,0,400,-9.52
224870.0,159.53,150.0,0,400,-9.53
224970.0,159.55,150.0,0,400,-9.55
225070.0,159.46,150.0,0,400,-9.46
225170.0,159.51,150.0,0,400,-9.51
225270.0,159.45,150.0,0,400,-9.45
225370.0,159.46,150.0,0,400,-9.46
225470.0,159.36,150.0,0,400,-9.36
225570.0,159.38,150.0,0,400,-9.38
225670.0,159.35,150.0,0,400,-9.35
225770.0,159.39,150.0,0,400,-9.39
225870.0,159.3,150.0,0,400,-9.3
225970.0,159.32,150.0,0,400,-9.32
226070.0,159.3,150.0,0,400,-9.3
226170.0,159.28,150.0,0,400,-9.28
226270.0,159.17,150.0,0,400,-9.17
226370.0,159.11,150.0,0,400,-9.11
226470.0,159.13,150.0,0,400,-9.13
226570.0,159.06,150.0,0,400,-9.06
226670.0,159.07,150.0,0,400,-9.07
226770.0,159.06,150.0,0,400,-9.06
226870.0,159.0,150.0,0,400,-9.0
226970.0,158.98,150.0,0,400,-8.98
227070.0,158.96,150.0,0,400,-8.96
227170.0,158.97,150.0,0,400,-8.97
227270.0,158.96,150.0,0,400,-8.96
227370.0,158.9,150.0,0,400,-8.9
227470.0,158.88,150.0,0,400,-8.88
227570.0,158.86,150.0,0,400,-8.86
227670.0,158.86,150.0,0,400,-8.86
227770.0,158.84,150.0,0,400,-8.84
227870.0,158.75,150.0,0,400,-8.75
227970.0,158.77,150.0,0,400,-8.77
228070.0,158.71,150.0,0,400,-8.71
228170.0,158.73,150.0,0,400,-8.73
228270.0,158.73,150.0,0,400,-8.73
228370.0,158.68,150.0,0,400,-8.68
228470.0,158.67,150.0,0,400,-8.67
228570.0,158.68,150.0,0,400,-8.68
228670.0,158.58,150.0,0,400,-8.58
228770.0,158.58,150.0,0,400,-8.58
228870.0,158.58,150.0,0,400,-8.58
228970.0,158.59,150.0,0,400,-8.59
229070.0,158.57,150.0,0,400,-8.57
229170.0,158.48,150.0,0,400,-8.48
229270.0,158.49,150.0,0,400,-8.49
229370.0,158.48,150.0,0,400,-8.48
229470.0,158.4,150.0,0,400,-8.4
229570.0,158.42,150.0,0,400,-8.42
229670.0,158.42,150.0,0,400,-8.42
229770.0,158.35,150.0,0,400,-8.35
229870.0,158.3,150.0,0,400,-8.3
229970.0,158.26,150.0,0,400,-8.26
230070.0,158.26,150.0,0,400,-8.26
230170.0,158.16,150.0,0,400,-8.16
230270.0,158.19,150.0,0,400,-8.19
230370.0,158.14,150.0,0,400,-8.14
230470.0,158.07,150.0,0,400,-8.07
230570.0,158.09,150.0,0,400,-8.09
230670.0,158.1,150.0,0,400,-8.1
230770.0,158.09,150.0,0,400,-8.09
230870.0,158.05,150.0,0,400,-8.05
230970.0,158.04,150.0,0,400,-8.04
231070.0,157.97,150.0,0,400,-7.97
231170.0,157.9,150.0,0,400,-7.9
231270.0,157.83,150.0,0,400,-7.83
231370.0,157.86,150.0,0,400,-7.86
231470.0,157.83,150.0,0,400,-7.83
231570.0,157.84,150.0,0,400,-7.84
231670.0,157.86,150.0,0,400,-7.86
231770.0,157.79,150.0,0,400,-7.79
231870.0,157.78,150.0,0,400,-7.78
231970.0,157.71,150.0,0,400,-7.71
232070.0,157.64,150.0,0,400,-7.64
232170.0,157.56,150.0,0,400,-7.56
232270.0,157.53,150.0,0,400,-7.53
232370.0,157.48,150.0,0,400,-7.48
232470.0,157.44,150.0,0,400,-7.44
232570.0,157.46,150.0,0,400,-7.46
232670.0,157.46,150.0,0,400,-7.46
232770.0,157.45,150.0,0,400,-7.45
232870.0,157.46,150.0,0,400,-7.46
232970.0,157.45,150.0,0,400,-7.45
233070.0,157.37,150.0,0,400,-7.37
233170.0,157.37,150.0,0,400,-7.37
233270.0,157.29,150.0,0,400,-7.29
233370.0,157.28,150.0,0,400,-7.28
233470.0,157.27,150.0,0,400,-7.27
233570.0,157.2,150.0,0,400,-7.2
233670.0,157.22,150.0,0,400,-7.22
233770.0,157.21,150.0,0,400,-7.21
233870.0,157.12,150.0,0,400,-7.12
233970.0,157.13,150.0,0,400,-7.13
234070.0,157.12,150.0,0,400,-7.12
234170.0,157.13,150.0,0,400,-7.13
234270.0,157.14,150.0,0,400,-7.14
234370.0,157.15,150.0,0,400,-7.15
234470.0,157.05,150.0,0,400,-7.05
234570.0,157.0,150.0,0,400,-7.0
234670.0,157.01,150.0,0,400,-7.01
234770.0,156.96,150.0,0,400,-6.96
234870.0,156.95,150.0,0,400,-6.95
234970.0,156.89,150.0,0,400,-6.89
235070.0,156.9,150.0,0,400,-6.9
235170.0,156.9,150.0,0,400,-6.9
235270.0,156.89,150.0,0,400,-6.89
235370.0,156.83,150.0,0,400,-6.83
235470.0,156.78,150.0,0,400,-6.78
235570.0,156.77,150.0,0,400,-6.77
235670.0,156.77,150.0,0,400,-6.77
235770.0,156.7,150.0,0,400,-6.7
235870.0,156.63,150.0,0,400,-6.63
235970.0,156.63,150.0,0,400,-6.63
236070.0,156.63,150.0,0,400,-6.63
236170.0,156.63,150.0,0,400,-6.63
236270.0,156.61,150.0,0,400,-6.61
236370.0,156.61,150.0,0,400,-6.61
236470.0,156.57,150.0,0,400,-6.57
236570.0,156.55,150.0,0,400,-6.55
236670.0,156.51,150.0,0,400,-6.51
236770.0,156.49,150.0,0,400,-6.49
236870.0,156.45,150.0,0,400,-6.45
236970.0,156.38,150.0,0,400,-6.38
237070.0,156.37,150.0,0,400,-6.37
237170.0,156.36,150.0,0,400,-6.36
237270.0,156.26,150.0,0,400,-6.26
237370.0,156.27,150.0,0,400,-6.27
237470.0,156.28,150.0,0,400,-6.28
237570.0,156.26,150.0,0,400,-6.26
237670.0,156.2,150.0,0,400,-6.2
237770.0,156.22,150.0,0,400,-6.22
237870.0,156.15,150.0,0,400,-6.15
237970.0,156.15,150.0,0,400,-6.15
238070.0,156.04,150.0,0,400,-6.04
238170.0,155.96,150.0,0,400,-5.96
238270.0,155.89,150.0,0,400,-5.89
238370.0,155.92,150.0,0,400,-5.92
238470.0,155.91,150.0,0,400,-5.91
238570.0,155.9,150.0,0,400,-5.9
238670.0,155.89,150.0,0,400,-5.89
238770.0,155.87,150.0,0,400,-5.87
238870.0,155.8,150.0,0,400,-5.8
238970.0,155.76,150.0,0,400,-5.76
239070.0,155.68,150.0,0,400,-5.68
239170.0,155.64,150.0,0,400,-5.64
239270.0,155.65,150.0,0,400,-5.65
239370.0,155.54,150.0,0,400,-5.54
239470.0,155.49,150.0,0,400,-5.49
239570.0,155.46,150.0,0,400,-5.46
239670.0,155.48,150.0,0,400,-5.48
239770.0,155.44,150.0,0,400,-5.44
239870.0,155.4,150.0,0,400,-5.4
239970.0,155.42,150.0,0,400,-5.42
240070.0,155.37,150.0,0,400,-5.37
240170.0,155.34,150.0,0,400,-5.34
240270.0,155.38,150.0,0,400,-5.38
240370.0,155.41,150.0,0,400,-5.41
240470.0,155.35,150.0,0,400,-5.35
240570.0,155.34,150.0,0,400,-5.34
240670.0,155.27,150.0,0,400,-5.27
240770.0,155.25,150.0,0,400,-5.25
240870.0,155.24,150.0,0,400,-5.24
240970.0,155.18,150.0,0,400,-5.18
241070.0,155.15,150.0,0,400,-5.15
241170.0,155.16,150.0,0,400,-5.16
241270.0,155.13,150.0,0,400,-5.13
241370.0,155.17,150.0,0,400,-5.17
241470.0,155.12,150.0,0,400,-5.12
241570.0,155.11,150.0,0,400,-5.11
241670.0,155.05,150.0,0,400,-5.05
241770.0,155.0,150.0,0,400,-5.0
241870.0,155.04,150.0,0,400,-5.04
241970.0,155.0,150.0,0,400,-5.0
242070.0,154.96,150.0,0,400,-4.96
242170.0,154.95,150.0,0,400,-4.95
242270.0,154.99,150.0,0,400,-4.99
242370.0,154.92,150.0,0,400,-4.92
242470.0,154.93,150.0,0,400,-4.93
242570.0,154.92,150.0,0,400,-4.92
242670.0,154.95,150.0,0,400,-4.95
242770.0,154.85,150.0,0,400,-4.85
242870.0,154.84,150.0,0,400,-4.84
242970.0,154.87,150.0,0,400,-4.87
243070.0,154.88,150.0,0,400,-4.88
243170.0,154.79,150.0,0,400,-4.79
243270.0,154.78,150.0,0,400,-4.78
243370.0,154.77,150.0,0,400,-4.77
243470.0,154.75,150.0,0,400,-4.75
243570.0,154.75,150.0,0,400,-4.75
243670.0,154.71,150.0,0,400,-4.71
243770.0,154.61,150.0,0,400,-4.61
243870.0,154.61,150.0,0,400,-4.61
243970.0,154.61,150.0,0,400,-4.61
244070.0,154.48,150.0,0,400,-4.48
244170.0,154.39,150.0,0,400,-4.39
244270.0,154.4,150.0,0,400,-4.4
244370.0,154.41,150.0,0,400,-4.41
244470.0,154.34,150.0,0,400,-4.34
244570.0,154.31,150.0,0,400,-4.31
244670.0,154.32,150.0,0,400,-4.32
244770.0,154.32,150.0,0,400,-4.32
244870.0,154.33,150.0,0,400,-4.33
244970.0,154.25,150.0,0,400,-4.25
245070.0,154.16,150.0,0,400,-4.16
245170.0,154.06,150.0,0,400,-4.06
245270.0,154.09,150.0,0,400,-4.09
245370.0,154.01,150.0,0,400,-4.01
245470.0,154.03,150.0,0,400,-4.03
245570.0,153.97,150.0,0,400,-3.97
245670.0,153.93,150.0,0,400,-3.93
245770.0,153.85,150.0,0,400,-3.85
245870.0,153.86,150.0,0,400,-3.86
245970.0,153.89,150.0,0,400,-3.89
246070.0,153.9,150.0,0,400,-3.9
246170.0,153.9,150.0,0,400,-3.9
246270.0,153.82,150.0,0,400,-3.82
246370.0,153.75,150.0,0,400,-3.75
246470.0,153.76,150.0,0,400,-3.76
246570.0,153.68,150.0,0,400,-3.68
246670.0,153.69,150.0,0,400,-3.69
246770.0,153.69,150.0,0,400,-3.69
246870.0,153.64,150.0,0,400,-3.64
246970.0,153.57,150.0,0,400,-3.57
247070.0,153.59,150.0,0,400,-3.59
247170.0,153.54,150.0,0,400,-3.54
247270.0,153.49,150.0,0,400,-3.49
247370.0,153.53,150.0,0,400,-3.53
247470.0,153.56,150.0,0,400,-3.56
247570.0,153.56,150.0,0,400,-3.56
247670.0,153.51,150.0,0,400,-3.51
247770.0,153.49,150.0,0,400,-3.49
247870.0,153.43,150.0,0,400,-3.43
247970.0,153.44,150.0,0,400,-3.44
248070.0,153.4,150.0,0,400,-3.4
248170.0,153.34,150.0,0,400,-3.34
248270.0,153.36,150.0,0,400,-3.36
248370.0,153.32,150.0,0,400,-3.32
248470.0,153.33,150.0,0,400,-3.33
248570.0,153.28,150.0,0,400,-3.28
248670.0,153.32,150.0,0,400,-3.32
248770.0,153.25,150.0,0,400,-3.25
248870.0,153.2,150.0,0,400,-3.2
248970.0,153.16,150.0,0,400,-3.16
249070.0,153.21,150.0,0,400,-3.21
249170.0,153.12,150.0,0,400,-3.12
249270.0,153.05,150.0,0,400,-3.05
249370.0,152.98,150.0,0,400,-2.98
249470.0,152.95,150.0,0,400,-2.95
249570.0,152.91,150.0,0,400,-2.91
249670.0,152.94,150.0,0,400,-2.94
249770.0,152.93,150.0,0,400,-2.93
249870.0,152.88,150.0,0,400,-2.88
249970.0,152.89,150.0,0,400,-2.89
250070.0,152.82,150.0,0,400,-2.82
250170.0,152.78,150.0,0,400,-2.78
250270.0,152.82,150.0,0,400,-2.82
250370.0,152.85,150.0,0,400,-2.85
250470.0,152.76,150.0,0,400,-2.76
250570.0,152.74,150.0,0,400,-2.74
250670.0,152.68,150.0,0,400,-2.68
250770.0,152.68,150.0,0,400,-2.68
250870.0,152.66,150.0,0,400,-2.66
250970.0,152.65,150.0,0,400,-2.65
251070.0,152.64,150.0,0,400,-2.64
251170.0,152.66,150.0,0,400,-2.66
251270.0,152.57,150.0,0,400,-2.57
251370.0,152.56,150.0,0,400,-2.56
251470.0,152.48,150.0,0,400,-2.48
251570.0,152.47,150.0,0,400,-2.47
251670.0,152.47,150.0,0,400,-2.47
251770.0,152.39,150.0,0,400,-2.39
251870.0,152.38,150.0,0,400,-2.38
251970.0,152.31,150.0,0,400,-2.31
252070.0,152.24,150.0,0,400,-2.24
252170.0,152.19,150.0,0,400,-2.19
252270.0,152.22,150.0,0,400,-2.22
252370.0,152.19,150.0,0,400,-2.19
252470.0,152.18,150.0,0,400,-2.18
252570.0,152.12,150.0,0,400,-2.12
252670.0,152.16,150.0,0,400,-2.16
252770.0,152.09,150.0,0,400,-2.09
252870.0,152.12,150.0,0,400,-2.12
252970.0,152.13,150.0,0,400,-2.13
253070.0,152.13,150.0,0,400,-2.13
253170.0,152.12,150.0,0,400,-2.12
253270.0,152.14,150.0,0,400,-2.14
253370.0,152.07,150.0,0,400,-2.07
253470.0,152.09,150.0,0,400,-2.09
253570.0,152.11,150.0,0,400,-2.11
253670.0,152.06,150.0,0,400,-2.06
253770.0,152.04,150.0,0,400,-2.04
253870.0,151.95,150.0,0,400,-1.95
253970.0,151.92,150.0,0,400,-1.92
254070.0,151.87,150.0,0,400,-1.87
254170.0,151.89,150.0,0,400,-1.89
254270.0,151.85,150.0,0,400,-1.85
254370.0,151.8,150.0,0,400,-1.8
254470.0,151.81,150.0,0,400,-1.81
254570.0,151.78,150.0,0,400,-1.78
254670.0,151.78,150.0,0,400,-1.78
254770.0,151.79,150.0,0,400,-1.79
254870.0,151.69,150.0,0,400,-1.69
254970.0,151.6,150.0,0,400,-1.6
255070.0,151.5,150.0,0,400,-1.5
255170.0,151.46,150.0,0,400,-1.46
255270.0,151.52,150.0,0,400,-1.52
255370.0,151.55,150.0,0,400,-1.55
255470.0,151.55,150.0,0,400,-1.55
255570.0,151.57,150.0,0,400,-1.57
255670.0,151.51,150.0,0,400,-1.51
255770.0,151.49,150.0,0,400,-1.49
255870.0,151.5,150.0,0,400,-1.5
255970.0,151.48,150.0,0,400,-1.48
256070.0,151.38,150.0,0,400,-1.38
256170.0,151.38,150.0,0,400,-1.38
256270.0,151.29,150.0,0,400,-1.29
256370.0,151.23,150.0,0,400,-1.23
256470.0,151.15,150.0,0,400,-1.15
256570.0,151.13,150.0,0,400,-1.13
256670.0,151.08,150.0,0,400,-1.08
256770.0,151.12,150.0,0,400,-1.12
256870.0,151.03,150.0,0,400,-1.03
256970.0,151.04,150.0,0,400,-1.04
257070.0,150.98,150.0,0,400,-0.98
257170.0,150.91,150.0,0,400,-0.91
257270.0,150.95,150.0,0,400,-0.95
257370.0,150.92,150.0,0,400,-0.92
257470.0,150.94,150.0,0,400,-0.94
257570.0,150.88,150.0,0,400,-0.88
257670.0,150.91,150.0,0,400,-0.91
257770.0,150.84,150.0,0,400,-0.84
257870.0,150.8,150.0,0,400,-0.8
257970.0,150.75,150.0,0,400,-0.75
258070.0,150.78,150.0,0,400,-0.78
258170.0,150.72,150.0,0,400,-0.72
258270.0,150.67,150.0,0,400,-0.67
258370.0,150.7,150.0,0,400,-0.7
258470.0,150.61,150.0,0,400,-0.61
258570.0,150.62,150.0,0,400,-0.62
258670.0,150.64,150.0,0,400,-0.64
258770.0,150.6,150.0,0,400,-0.6
258870.0,150.55,150.0,0,400,-0.55
258970.0,150.58,150.0,0,400,-0.58
259070.0,150.6,150.0,0,400,-0.6
259170.0,150.59,150.0,0,400,-0.59
259270.0,150.57,150.0,0,400,-0.57
259370.0,150.49,150.0,0,400,-0.49
259470.0,150.48,150.0,0,400,-0.48
259570.0,150.42,150.0,0,400,-0.42
259670.0,150.44,150.0,0,400,-0.44
259770.0,150.45,150.0,0,400,-0.45
259870.0,150.45,150.0,0,400,-0.45
259970.0,150.41,150.0,0,400,-0.41
260070.0,150.39,150.0,0,400,-0.39
260170.0,150.33,150.0,0,400,-0.33
260270.0,150.3,150.0,0,400,-0.3
260370.0,150.3,150.0,0,400,-0.3
260470.0,150.29,150.0,0,400,-0.29
260570.0,150.23,150.0,0,400,-0.23
260670.0,150.2,150.0,0,400,-0.2
260770.0,150.23,150.0,0,400,-0.23
260870.0,150.16,150.0,0,400,-0.16
260970.0,150.18,150.0,0,400,-0.18
261070.0,150.12,150.0,0,400,-0.12
261170.0,150.12,150.0,0,400,-0.12
261270.0,150.15,150.0,0,400,-0.15
261370.0,150.14,150.0,0,400,-0.14
261470.0,150.14,150.0,0,400,-0.14
261570.0,150.1,150.0,0,400,-0.1
261670.0,150.04,150.0,0,400,-0.04
261770.0,149.99,150.0,100,400,0.01
261870.0,149.93,150.0,100,400,0.07
261970.0,149.85,150.0,100,400,0.15
262070.0,149.78,150.0,100,400,0.22
262170.0,149.7,150.0,100,400,0.3
262270.0,149.66,150.0,100,400,0.34
262370.0,149.63,150.0,100,400,0.37
262470.0,149.67,150.0,100,400,0.33
262570.0,149.62,150.0,100,400,0.38
262670.0,149.66,150.0,100,400,0.34
262770.0,149.58,150.0,100,400,0.42
262870.0,149.51,150.0,100,400,0.49
262970.0,149.47,150.0,100,400,0.53
263070.0,149.43,150.0,100,400,0.57
263170.0,149.44,150.0,100,400,0.56
263270.0,149.43,150.0,100,400,0.57
263370.0,149.38,150.0,100,400,0.62
263470.0,149.32,150.0,100,400,0.68
263570.0,149.34,150.0,100,400,0.66
263670.0,149.3,150.0,100,400,0.7
263770.0,149.32,150.0,100,400,0.68
263870.0,149.31,150.0,100,400,0.69
263970.0,149.32,150.0,100,400,0.68
264070.0,149.32,150.0,100,400,0.68
264170.0,149.29,150.0,100,400,0.71
264270.0,149.29,150.0,100,400,0.71
264370.0,149.22,150.0,100,400,0.78
264470.0,149.24,150.0,100,400,0.76
264570.0,149.26,150.0,100,400,0.74
264670.0,149.28,150.0,100,400,0.72
264770.0,149.2,150.0,100,400,0.8
264870.0,149.17,150.0,100,400,0.83
264970.0,149.14,150.0,100,400,0.86
265070.0,149.15,150.0,100,400,0.85
265170.0,149.18,150.0,100,400,0.82
265270.0,149.24,150.0,100,400,0.76
265370.0,149.3,150.0,100,400,0.7
265470.0,149.24,150.0,100,400,0.76
265570.0,149.19,150.0,100,400,0.81
265670.0,149.22,150.0,100,400,0.78
265770.0,149.21,150.0,100,400,0.79
265870.0,149.18,150.0,100,400,0.82
265970.0,149.28,150.0,100,400,0.72
266070.0,149.39,150.0,100,400,0.61
266170.0,149.45,150.0,100,400,0.55
266270.0,149.49,150.0,100,400,0.51
266370.0,149.55,150.0,100,400,0.45
266470.0,149.56,150.0,100,400,0.44
266570.0,149.55,150.0,100,400,0.45
266670.0,149.59,150.0,100,400,0.41
266770.0,149.61,150.0,100,400,0.39
266870.0,149.67,150.0,100,400,0.33
266970.0,149.77,150.0,100,400,0.23
267070.0,149.82,150.0,100,400,0.18
267170.0,149.93,150.0,100,400,0.07
267270.0,150.04,150.0,0,400,-0.04
267370.0,150.09,150.0,0,400,-0.09
267470.0,150.18,150.0,0,400,-0.18
267570.0,150.29,150.0,0,400,-0.29
267670.0,150.27,150.0,0,400,-0.27
267770.0,150.31,150.0,0,400,-0.31
267870.0,150.41,150.0,0,400,-0.41
267970.0,150.51,150.0,0,400,-0.51
268070.0,150.62,150.0,0,400,-0.62
268170.0,150.66,150.0,0,400,-0.66
268270.0,150.8,150.0,0,400,-0.8
268370.0,150.86,150.0,0,400,-0.86
268470.0,150.94,150.0,0,400,-0.94
268570.0,151.03,150.0,0,400,-1.03
268670.0,151.22,150.0,0,400,-1.22
268770.0,151.38,150.0,0,400,-1.38
268870.0,151.55,150.0,0,400,-1.55
268970.0,151.68,150.0,0,400,-1.68
269070.0,151.76,150.0,0,400,-1.76
269170.0,151.89,150.0,0,400,-1.89
269270.0,151.96,150.0,0,400,-1.96
269370.0,152.11,150.0,0,400,-2.11
269470.0,152.2,150.0,0,400,-2.2
269570.0,152.33,150.0,0,400,-2.33
269670.0,152.53,150.0,0,400,-2.53
269770.0,152.62,150.0,0,400,-2.62
269870.0,152.79,150.0,0,400,-2.79
269970.0,152.89,150.0,0,400,-2.89
270070.0,153.06,150.0,0,400,-3.06
270170.0,153.21,150.0,0,400,-3.21
270270.0,153.32,150.0,0,400,-3.32
270370.0,153.37,150.0,0,400,-3.37
270470.0,153.54,150.0,0,400,-3.54
270570.0,153.68,150.0,0,400,-3.68
270670.0,153.76,150.0,0,400,-3.76
270770.0,153.94,150.0,0,400,-3.94
270870.0,154.06,150.0,0,400,-4.06
270970.0,154.23,150.0,0,400,-4.23
271070.0,154.38,150.0,0,400,-4.38
271170.0,154.53,150.0,0,400,-4.53
271270.0,154.69,150.0,0,400,-4.69
271370.0,154.85,150.0,0,400,-4.85
271470.0,154.96,150.0,0,400,-4.96
271570.0,155.07,150.0,0,400,-5.07
271670.0,155.11,150.0,0,400,-5.11
271770.0,155.26,150.0,0,400,-5.26
271870.0,155.38,150.0,0,400,-5.38
271970.0,155.52,150.0,0,400,-5.52
272070.0,155.67,150.0,0,400,-5.67
272170.0,155.76,150.0,0,400,-5.76
272270.0,155.92,150.0,0,400,-5.92
272370.0,156.06,150.0,0,400,-6.06
272470.0,156.19,150.0,0,400,-6.19
272570.0,156.31,150.0,0,400,-6.31
272670.0,156.36,150.0,0,400,-6.36
272770.0,156.47,150.0,0,400,-6.47
272870.0,156.57,150.0,0,400,-6.57
272970.0,156.62,150.0,0,400,-6.62
273070.0,156.75,150.0,0,400,-6.75
273170.0,156.85,150.0,0,400,-6.85
273270.0,156.94,150.0,0,400,-6.94
273370.0,156.99,150.0,0,400,-6.99
273470.0,157.05,150.0,0,400,-7.05
273570.0,157.21,150.0,0,400,-7.21
273670.0,157.32,150.0,0,400,-7.32
273770.0,157.44,150.0,0,400,-7.44
273870.0,157.57,150.0,0,400,-7.57
273970.0,157.64,150.0,0,400,-7.64
274070.0,157.73,150.0,0,400,-7.73
274170.0,157.85,150.0,0,400,-7.85
274270.0,157.96,150.0,0,400,-7.96
274370.0,157.99,150.0,0,400,-7.99
274470.0,158.09,150.0,0,400,-8.09
274570.0,158.2,150.0,0,400,-8.2
274670.0,158.21,150.0,0,400,-8.21
274770.0,158.32,150.0,0,400,-8.32
274870.0,158.42,150.0,0,400,-8.42
274970.0,158.47,150.0,0,400,-8.47
275070.0,158.46,150.0,0,400,-8.46
275170.0,158.48,150.0,0,400,-8.48
275270.0,158.56,150.0,0,400,-8.56
275370.0,158.61,150.0,0,400,-8.61
275470.0,158.63,150.0,0,400,-8.63
275570.0,158.76,150.0,0,400,-8.76
275670.0,158.76,150.0,0,400,-8.76
275770.0,158.88,150.0,0,400,-8.88
275870.0,158.89,150.0,0,400,-8.89
275970.0,158.93,150.0,0,400,-8.93
276070.0,158.99,150.0,0,400,-8.99
276170.0,159.11,150.0,0,400,-9.11
276270.0,159.19,150.0,0,400,-9.19
276370.0,159.27,150.0,0,400,-9.27
276470.0,159.35,150.0,0,400,-9.35
276570.0,159.37,150.0,0,400,-9.37
276670.0,159.37,150.0,0,400,-9.37
276770.0,159.47,150.0,0,400,-9.47
276870.0,159.55,150.0,0,400,-9.55
276970.0,159.57,150.0,0,400,-9.57
277070.0,159.63,150.0,0,400,-9.63
277170.0,159.64,150.0,0,400,-9.64
277270.0,159.73,150.0,0,400,-9.73
277370.0,159.79,150.0,0,400,-9.79
277470.0,159.82,150.0,0,400,-9.82
277570.0,159.87,150.0,0,400,-9.87
277670.0,159.91,150.0,0,400,-9.91
277770.0,159.88,150.0,0,400,-9.88
277870.0,159.84,150.0,0,400,-9.84
277970.0,159.88,150.0,0,400,-9.88
278070.0,159.94,150.0,0,400,-9.94
278170.0,160.0,150.0,0,400,-10.0
278270.0,159.98,150.0,0,400,-9.98
278370.0,160.01,150.0,0,400,-10.01
278470.0,160.04,150.0,0,400,-10.04
278570.0,160.1,150.0,0,400,-10.1
278670.0,160.05,150.0,0,400,-10.05
278770.0,160.01,150.0,0,400,-10.01
278870.0,160.01,150.0,0,400,-10.01
278970.0,159.98,150.0,0,400,-9.98
279070.0,159.99,150.0,0,400,-9.99
279170.0,160.07,150.0,0,400,-10.07
279270.0,160.08,150.0,0,400,-10.08
279370.0,160.07,150.0,0,400,-10.07
279470.0,160.13,150.0,0,400,-10.13
279570.0,160.17,150.0,0,400,-10.17
279670.0,160.15,150.0,0,400,-10.15
279770.0,160.19,150.0,0,400,-10.19
279870.0,160.18,150.0,0,400,-10.18
279970.0,160.18,150.0,0,400,-10.18
280070.0,160.15,150.0,0,400,-10.15
280170.0,160.15,150.0,0,400,-10.15
280270.0,160.14,150.0,0,400,-10.14
280370.0,160.14,150.0,0,400,-10.14
280470.0,160.23,150.0,0,400,-10.23
280570.0,160.29,150.0,0,400,-10.29
280670.0,160.26,150.0,0,400,-10.26
280770.0,160.22,150.0,0,400,-10.22
280870.0,160.17,150.0,0,400,-10.17
280970.0,160.22,150.0,0,400,-10.22
281070.0,160.25,150.0,0,400,-10.25
281170.0,160.22,150.0,0,400,-10.22
281270.0,160.18,150.0,0,400,-10.18
281370.0,160.15,150.0,0,400,-10.15
281470.0,160.25,150.0,0,400,-10.25
281570.0,160.22,150.0,0,400,-10.22
281670.0,160.19,150.0,0,400,-10.19
281770.0,160.26,150.0,0,400,-10.26
281870.0,160.26,150.0,0,400,-10.26
281970.0,160.23,150.0,0,400,-10.23
282070.0,160.25,150.0,0,400,-10.25
282170.0,160.33,150.0,0,400,-10.33
282270.0,160.35,150.0,0,400,-10.35
282370.0,160.29,150.0,0,400,-10.29
282470.0,160.26,150.0,0,400,-10.26
282570.0,160.29,150.0,0,400,-10.29
282670.0,160.25,150.0,0,400,-10.25
282770.0,160.34,150.0,0,400,-10.34
282870.0,160.38,150.0,0,400,-10.38
282970.0,160.35,150.0,0,400,-10.35
283070.0,160.3,150.0,0,400,-10.3
283170.0,160.3,150.0,0,400,-10.3
283270.0,160.26,150.0,0,400,-10.26
283370.0,160.21,150.0,0,400,-10.21
283470.0,160.14,150.0,0,400,-10.14
283570.0,160.11,150.0,0,400,-10.11
283670.0,160.14,150.0,0,400,-10.14
283770.0,160.11,150.0,0,400,-10.11
283870.0,160.07,150.0,0,400,-10.07
283970.0,160.05,150.0,0,400,-10.05
284070.0,160.09,150.0,0,400,-10.09
284170.0,160.11,150.0,0,400,-10.11
284270.0,160.13,150.0,0,400,-10.13
284370.0,160.1,150.0,0,400,-10.1
284470.0,160.04,150.0,0,400,-10.04
284570.0,160.07,150.0,0,400,-10.07
284670.0,160.08,150.0,0,400,-10.08
284770.0,160.08,150.0,0,400,-10.08
284870.0,160.1,150.0,0,400,-10.1
284970.0,160.11,150.0,0,400,-10.11
285070.0,160.02,150.0,0,400,-10.02
285170.0,160.04,150.0,0,400,-10.04
285270.0,159.98,150.0,0,400,-9.98
285370.0,160.03,150.0,0,400,-10.03
285470.0,159.98,150.0,0,400,-9.98
285570.0,159.99,150.0,0,400,-9.99
285670.0,159.91,150.0,0,400,-9.91
285770.0,159.93,150.0,0,400,-9.93
285870.0,159.95,150.0,0,400,-9.95
285970.0,159.89,150.0,0,400,-9.89
286070.0,159.84,150.0,0,400,-9.84
286170.0,159.8,150.0,0,400,-9.8
286270.0,159.82,150.0,0,400,-9.82
286370.0,159.83,150.0,0,400,-9.83
286470.0,159.81,150.0,0,400,-9.81
286570.0,159.78,150.0,0,400,-9.78
286670.0,159.8,150.0,0,400,-9.8
286770.0,159.83,150.0,0,400,-9.83
286870.0,159.84,150.0,0,400,-9.84
286970.0,159.83,150.0,0,400,-9.83
287070.0,159.83,150.0,0,400,-9.83
287170.0,159.82,150.0,0,400,-9.82
287270.0,159.83,150.0,0,400,-9.83
287370.0,159.79,150.0,0,400,-9.79
287470.0,159.75,150.0,0,400,-9.75
287570.0,159.75,150.0,0,400,-9.75
287670.0,159.69,150.0,0,400,-9.69
287770.0,159.7,150.0,0,400,-9.7
287870.0,159.62,150.0,0,400,-9.62
287970.0,159.57,150.0,0,400,-9.57
288070.0,159.6,150.0,0,400,-9.6
288170.0,159.61,150.0,0,400,-9.61
288270.0,159.5,150.0,0,400,-9.5
288370.0,159.51,150.0,0,400,-9.51
288470.0,159.52,150.0,0,400,-9.52
288570.0,159.41,150.0,0,400,-9.41
288670.0,159.42,150.0,0,400,-9.42
288770.0,159.33,150.0,0,400,-9.33
288870.0,159.37,150.0,0,400,-9.37
288970.0,159.35,150.0,0,400,-9.35
289070.0,159.36,150.0,0,400,-9.36
289170.0,159.32,150.0,0,400,-9.32
289270.0,159.34,150.0,0,400,-9.34
289370.0,159.25,150.0,0,400,-9.25
289470.0,159.18,150.0,0,400,-9.18
289570.0,159.18,150.0,0,400,-9.18
289670.0,159.1,150.0,0,400,-9.1
289770.0,159.02,150.0,0,400,-9.02
289870.0,158.96,150.0,0,400,-8.96
289970.0,158.93,150.0,0,400,-8.93
290070.0,158.9,150.0,0,400,-8.9
290170.0,158.87,150.0,0,400,-8.87
290270.0,158.85,150.0,0,400,-8.85
290370.0,158.85,150.0,0,400,-8.85
290470.0,158.86,150.0,0,400,-8.86
290570.0,158.81,150.0,0,400,-8.81
290670.0,158.81,150.0,0,400,-8.81
290770.0,158.76,150.0,0,400,-8.76
290870.0,158.77,150.0,0,400,-8.77
290970.0,158.78,150.0,0,400,-8.78
291070.0,158.74,150.0,0,400,-8.74
291170.0,158.66,150.0,0,400,-8.66
291270.0,158.63,150.0,0,400,-8.63
291370.0,158.56,150.0,0,400,-8.56
291470.0,158.52,150.0,0,400,-8.52
291570.0,158.55,150.0,0,400,-8.55
291670.0,158.5,150.0,0,400,-8.5
291770.0,158.54,150.0,0,400,-8.54
291870.0,158.57,150.0,0,400,-8.57
291970.0,158.58,150.0,0,400,-8.58
292070.0,158.58,150.0,0,400,-8.58
292170.0,158.57,150.0,0,400,-8.57
292270.0,158.5,150.0,0,400,-8.5
292370.0,158.43,150.0,0,400,-8.43
292470.0,158.44,150.0,0,400,-8.44
292570.0,158.4,150.0,0,400,-8.4
292670.0,158.4,150.0,0,400,-8.4
292770.0,158.34,150.0,0,400,-8.34
292870.0,158.35,150.0,0,400,-8.35
292970.0,158.38,150.0,0,400,-8.38
293070.0,158.32,150.0,0,400,-8.32
293170.0,158.25,150.0,0,400,-8.25
293270.0,158.28,150.0,0,400,-8.28
293370.0,158.27,150.0,0,400,-8.27
293470.0,158.27,150.0,0,400,-8.27
293570.0,158.22,150.0,0,400,-8.22
293670.0,158.22,150.0,0,400,-8.22
293770.0,158.17,150.0,0,400,-8.17
293870.0,158.19,150.0,0,400,-8.19
293970.0,158.19,150.0,0,400,-8.19
294070.0,158.1,150.0,0,400,-8.1
294170.0,158.05,150.0,0,400,-8.05
294270.0,158.04,150.0,0,400,-8.04
294370.0,158.04,150.0,0,400,-8.04
294470.0,157.96,150.0,0,400,-7.96
294570.0,157.96,150.0,0,400,-7.96
294670.0,157.96,150.0,0,400,-7.96
294770.0,157.92,150.0,0,400,-7.92
294870.0,157.95,150.0,0,400,-7.95
294970.0,157.93,150.0,0,400,-7.93
295070.0,157.88,150.0,0,400,-7.88
295170.0,157.86,150.0,0,400,-7.86
295270.0,157.82,150.0,0,400,-7.82
295370.0,157.76,150.0,0,400,-7.76
295470.0,157.75,150.0,0,400,-7.75
295570.0,157.73,150.0,0,400,-7.73
295670.0,157.74,150.0,0,400,-7.74
295770.0,157.65,150.0,0,400,-7.65
295870.0,157.57,150.0,0,400,-7.57
295970.0,157.49,150.0,0,400,-7.49
296070.0,157.5,150.0,0,400,-7.5
296170.0,157.51,150.0,0,400,-7.51
296270.0,157.48,150.0,0,400,-7.48
296370.0,157.42,150.0,0,400,-7.42
296470.0,157.34,150.0,0,400,-7.34
296570.0,157.32,150.0,0,400,-7.32
296670.0,157.32,150.0,0,400,-7.32
296770.0,157.25,150.0,0,400,-7.25
296870.0,157.26,150.0,0,400,-7.26
296970.0,157.27,150.0,0,400,-7.27
297070.0,157.25,150.0,0,400,-7.25
297170.0,157.22,150.0,0,400,-7.22
297270.0,157.13,150.0,0,400,-7.13
297370.0,157.13,150.0,0,400,-7.13
297470.0,157.05,150.0,0,400,-7.05
297570.0,157.0,150.0,0,400,-7.0
297670.0,156.92,150.0,0,400,-6.92
297770.0,156.91,150.0,0,400,-6.91
297870.0,156.94,150.0,0,400,-6.94
297970.0,156.95,150.0,0,400,-6.95
298070.0,156.95,150.0,0,400,-6.95
298170.0,156.91,150.0,0,400,-6.91
298270.0,156.86,150.0,0,400,-6.86
298370.0,156.87,150.0,0,400,-6.87
298470.0,156.86,150.0,0,400,-6.86
298570.0,156.85,150.0,0,400,-6.85
298670.0,156.8,150.0,0,400,-6.8
298770.0,156.74,150.0,0,400,-6.74
298870.0,156.72,150.0,0,400,-6.72
298970.0,156.71,150.0,0,400,-6.71
299070.0,156.72,150.0,0,400,-6.72
299170.0,156.7,150.0,0,400,-6.7
299270.0,156.66,150.0,0,400,-6.66
299370.0,156.69,150.0,0,400,-6.69
299470.0,156.69,150.0,0,400,-6.69
299570.0,156.65,150.0,0,400,-6.65
299670.0,156.57,150.0,0,400,-6.57
299770.0,156.56,150.0,0,400,-6.56
299870.0,156.51,150.0,0,400,-6.51
299970.0,156.48,150.0,0,400,-6.48
300070.0,156.41,150.0,0,400,-6.41
300170.0,156.42,150.0,0,400,-6.42
300270.0,156.44,150.0,0,400,-6.44
300370.0,156.38,150.0,0,400,-6.38
300470.0,156.4,150.0,0,400,-6.4
300570.0,156.31,150.0,0,400,-6.31
300670.0,156.35,150.0,0,400,-6.35
300770.0,156.35,150.0,0,400,-6.35
300870.0,156.27,150.0,0,400,-6.27
300970.0,156.25,150.0,0,400,-6.25
301070.0,156.16,150.0,0,400,-6.16
301170.0,156.18,150.0,0,400,-6.18
301270.0,156.19,150.0,0,400,-6.19
301370.0,156.19,150.0,0,400,-6.19
301470.0,156.18,150.0,0,400,-6.18
301570.0,156.18,150.0,0,400,-6.18
301670.0,156.19,150.0,0,400,-6.19
301770.0,156.09,150.0,0,400,-6.09
301870.0,155.99,150.0,0,400,-5.99
301970.0,156.01,150.0,0,400,-6.01
302070.0,155.93,150.0,0,400,-5.93
302170.0,155.91,150.0,0,400,-5.91
302270.0,155.83,150.0,0,400,-5.83
302370.0,155.79,150.0,0,400,-5.79
302470.0,155.81,150.0,0,400,-5.81
302570.0,155.74,150.0,0,400,-5.74
302670.0,155.66,150.0,0,400,-5.66
302770.0,155.59,150.0,0,400,-5.59
302870.0,155.56,150.0,0,400,-5.56
302970.0,155.57,150.0,0,400,-5.57
303070.0,155.59,150.0,0,400,-5.59
303170.0,155.59,150.0,0,400,-5.59
303270.0,155.6,150.0,0,400,-5.6
303370.0,155.62,150.0,0,400,-5.62
303470.0,155.61,150.0,0,400,-5.61
303570.0,155.59,150.0,0,400,-5.59
303670.0,155.54,150.0,0,400,-5.54
303770.0,155.49,150.0,0,400,-5.49
303870.0,155.42,150.0,0,400,-5.42
303970.0,155.34,150.0,0,400,-5.34
304070.0,155.3,150.0,0,400,-5.3
304170.0,155.31,150.0,0,400,-5.31
304270.0,155.35,150.0,0,400,-5.35
304370.0,155.26,150.0,0,400,-5.26
304470.0,155.2,150.0,0,400,-5.2
304570.0,155.24,150.0,0,400,-5.24
304670.0,155.16,150.0,0,400,-5.16
304770.0,155.17,150.0,0,400,-5.17
304870.0,155.2,150.0,0,400,-5.2
304970.0,155.15,150.0,0,400,-5.15
305070.0,155.1,150.0,0,400,-5.1
305170.0,155.13,150.0,0,400,-5.13
305270.0,155.13,150.0,0,400,-5.13
305370.0,155.11,150.0,0,400,-5.11
305470.0,155.09,150.0,0,400,-5.09
305570.0,155.0,150.0,0,400,-5.0
305670.0,154.99,150.0,0,400,-4.99
305770.0,154.98,150.0,0,400,-4.98
305870.0,154.9,150.0,0,400,-4.9
305970.0,154.92,150.0,0,400,-4.92
306070.0,154.92,150.0,0,400,-4.92
306170.0,154.89,150.0,0,400,-4.89
306270.0,154.9,150.0,0,400,-4.9
306370.0,154.91,150.0,0,400,-4.91
306470.0,154.88,150.0,0,400,-4.88
306570.0,154.85,150.0,0,400,-4.85
306670.0,154.85,150.0,0,400,-4.85
306770.0,154.85,150.0,0,400,-4.85
306870.0,154.76,150.0,0,400,-4.76
306970.0,154.66,150.0,0,400,-4.66
307070.0,154.67,150.0,0,400,-4.67
307170.0,154.57,150.0,0,400,-4.57
307270.0,154.54,150.0,0,400,-4.54
307370.0,154.51,150.0,0,400,-4.51
307470.0,154.53,150.0,0,400,-4.53
307570.0,154.5,150.0,0,400,-4.5
307670.0,154.49,150.0,0,400,-4.49
307770.0,154.49,150.0,0,400,-4.49
307870.0,154.5,150.0,0,400,-4.5
307970.0,154.48,150.0,0,400,-4.48
308070.0,154.35,150.0,0,400,-4.35
308170.0,154.34,150.0,0,400,-4.34
308270.0,154.26,150.0,0,400,-4.26
308370.0,154.27,150.0,0,400,-4.27
308470.0,154.27,150.0,0,400,-4.27
308570.0,154.19,150.0,0,400,-4.19
308670.0,154.12,150.0,0,400,-4.12
308770.0,154.17,150.0,0,400,-4.17
308870.0,154.09,150.0,0,400,-4.09
308970.0,154.11,150.0,0,400,-4.11
309070.0,154.02,150.0,0,400,-4.02
309170.0,153.94,150.0,0,400,-3.94
309270.0,153.95,150.0,0,400,-3.95
309370.0,153.96,150.0,0,400,-3.96
309470.0,153.96,150.0,0,400,-3.96
309570.0,153.97,150.0,0,400,-3.97
309670.0,153.95,150.0,0,400,-3.95
309770.0,153.94,150.0,0,400,-3.94
309870.0,153.92,150.0,0,400,-3.92
309970.0,153.92,150.0,0,400,-3.92
310070.0,153.83,150.0,0,400,-3.83
310170.0,153.76,150.0,0,400,-3.76
310270.0,153.73,150.0,0,400,-3.73
310370.0,153.68,150.0,0,400,-3.68
310470.0,153.62,150.0,0,400,-3.62
310570.0,153.63,150.0,0,400,-3.63
310670.0,153.66,150.0,0,400,-3.66
310770.0,153.62,150.0,0,400,-3.62
310870.0,153.59,150.0,0,400,-3.59
310970.0,153.53,150.0,0,400,-3.53
311070.0,153.49,150.0,0,400,-3.49
311170.0,153.46,150.0,0,400,-3.46
311270.0,153.45,150.0,0,400,-3.45
311370.0,153.42,150.0,0,400,-3.42
311470.0,153.42,150.0,0,400,-3.42
311570.0,153.43,150.0,0,400,-3.43
311670.0,153.45,150.0,0,400,-3.45
311770.0,153.45,150.0,0,400,-3.45
311870.0,153.45,150.0,0,400,-3.45
311970.0,153.44,150.0,0,400,-3.44
312070.0,153.45,150.0,0,400,-3.45
312170.0,153.37,150.0,0,400,-3.37
312270.0,153.39,150.0,0,400,-3.39
312370.0,153.31,150.0,0,400,-3.31
312470.0,153.28,150.0,0,400,-3.28
312570.0,153.19,150.0,0,400,-3.19
312670.0,153.22,150.0,0,400,-3.22
312770.0,153.2,150.0,0,400,-3.2
312870.0,153.18,150.0,0,400,-3.18
312970.0,153.19,150.0,0,400,-3.19
313070.0,153.11,150.0,0,400,-3.11
313170.0,153.03,150.0,0,400,-3.03
313270.0,153.05,150.0,0,400,-3.05
313370.0,152.99,150.0,0,400,-2.99
313470.0,153.0,150.0,0,400,-3.0
313570.0,152.94,150.0,0,400,-2.94
313670.0,152.96,150.0,0,400,-2.96
313770.0,152.99,150.0,0,400,-2.99
313870.0,152.95,150.0,0,400,-2.95
313970.0,152.94,150.0,0,400,-2.94
314070.0,152.84,150.0,0,400,-2.84
314170.0,152.82,150.0,0,400,-2.82
314270.0,152.82,150.0,0,400,-2.82
314370.0,152.84,150.0,0,400,-2.84
314470.0,152.74,150.0,0,400,-2.74
314570.0,152.72,150.0,0,400,-2.72
314670.0,152.74,150.0,0,400,-2.74
314770.0,152.7,150.0,0,400,-2.7
314870.0,152.64,150.0,0,400,-2.64
314970.0,152.55,150.0,0,400,-2.55
315070.0,152.48,150.0,0,400,-2.48
315170.0,152.47,150.0,0,400,-2.47
315270.0,152.4,150.0,0,400,-2.4
315370.0,152.43,150.0,0,400,-2.43
315470.0,152.36,150.0,0,400,-2.36
315570.0,152.39,150.0,0,400,-2.39
315670.0,152.4,150.0,0,400,-2.4
315770.0,152.29,150.0,0,400,-2.29
315870.0,152.31,150.0,0,400,-2.31
315970.0,152.3,150.0,0,400,-2.3
316070.0,152.25,150.0,0,400,-2.25
316170.0,152.25,150.0,0,400,-2.25
316270.0,152.18,150.0,0,400,-2.18
316370.0,152.11,150.0,0,400,-2.11
316470.0,152.06,150.0,0,400,-2.06
316570.0,152.1,150.0,0,400,-2.1
316670.0,152.09,150.0,0,400,-2.09
316770.0,152.08,150.0,0,400,-2.08
316870.0,152.01,150.0,0,400,-2.01
316970.0,152.02,150.0,0,400,-2.02
317070.0,152.04,150.0,0,400,-2.04
317170.0,151.97,150.0,0,400,-1.97
317270.0,151.98,150.0,0,400,-1.98
317370.0,151.91,150.0,0,400,-1.91
317470.0,151.92,150.0,0,400,-1.92
317570.0,151.85,150.0,0,400,-1.85
317670.0,151.87,150.0,0,400,-1.87
317770.0,151.83,150.0,0,400,-1.83
317870.0,151.82,150.0,0,400,-1.82
317970.0,151.74,150.0,0,400,-1.74
318070.0,151.69,150.0,0,400,-1.69
318170.0,151.62,150.0,0,400,-1.62
318270.0,151.59,150.0,0,400,-1.59
318370.0,151.61,150.0,0,400,-1.61
318470.0,151.6,150.0,0,400,-1.6
318570.0,151.61,150.0,0,400,-1.61
318670.0,151.55,150.0,0,400,-1.55
318770.0,151.56,150.0,0,400,-1.56
318870.0,151.45,150.0,0,400,-1.45
318970.0,151.46,150.0,0,400,-1.46
319070.0,151.49,150.0,0,400,-1.49
319170.0,151.48,150.0,0,400,-1.48
319270.0,151.47,150.0,0,400,-1.47
319370.0,151.46,150.0,0,400,-1.46
319470.0,151.45,150.0,0,400,-1.45
319570.0,151.45,150.0,0,400,-1.45
319670.0,151.36,150.0,0,400,-1.36
319770.0,151.3,150.0,0,400,-1.3
319870.0,151.29,150.0,0,400,-1.29
319970.0,151.29,150.0,0,400,-1.29
320070.0,151.2,150.0,0,400,-1.2
320170.0,151.19,150.0,0,400,-1.19
320270.0,151.18,150.0,0,400,-1.18
320370.0,151.08,150.0,0,400,-1.08
320470.0,151.0,150.0,0,400,-1.0
320570.0,150.95,150.0,0,400,-0.95
320670.0,150.91,150.0,0,400,-0.91
320770.0,150.9,150.0,0,400,-0.9
320870.0,150.94,150.0,0,400,-0.94
320970.0,150.96,150.0,0,400,-0.96
321070.0,150.9,150.0,0,400,-0.9
321170.0,150.85,150.0,0,400,-0.85
321270.0,150.77,150.0,0,400,-0.77
321370.0,150.79,150.0,0,400,-0.79
321470.0,150.78,150.0,0,400,-0.78
321570.0,150.73,150.0,0,400,-0.73
321670.0,150.74,150.0,0,400,-0.74
321770.0,150.76,150.0,0,400,-0.76
321870.0,150.68,150.0,0,400,-0.68
321970.0,150.69,150.0,0,400,-0.69
322070.0,150.7,150.0,0,400,-0.7
322170.0,150.72,150.0,0,400,-0.72
322270.0,150.71,150.0,0,400,-0.71
322370.0,150.64,150.0,0,400,-0.64
322470.0,150.61,150.0,0,400,-0.61
322570.0,150.55,150.0,0,400,-0.55
322670.0,150.57,150.0,0,400,-0.57
322770.0,150.56,150.0,0,400,-0.56
322870.0,150.55,150.0,0,400,-0.55
322970.0,150.5,150.0,0,400,-0.5
323070.0,150.52,150.0,0,400,-0.52
323170.0,150.52,150.0,0,400,-0.52
323270.0,150.43,150.0,0,400,-0.43
323370.0,150.4,150.0,0,400,-0.4
323470.0,150.37,150.0,0,400,-0.37
323570.0,150.38,150.0,0,400,-0.38
323670.0,150.37,150.0,0,400,-0.37
323770.0,150.3,150.0,0,400,-0.3
323870.0,150.3,150.0,0,400,-0.3
323970.0,150.29,150.0,0,400,-0.29
324070.0,150.22,150.0,0,400,-0.22
324170.0,150.21,150.0,0,400,-0.21
324270.0,150.13,150.0,0,400,-0.13
324370.0,150.08,150.0,0,400,-0.08
324470.0,150.02,150.0,0,400,-0.02
324570.0,150.05,150.0,0,400,-0.05
324670.0,150.09,150.0,0,400,-0.09
324770.0,150.02,150.0,0,400,-0.02
324870.0,150.04,150.0,0,400,-0.04
324970.0,150.05,150.0,0,400,-0.05
325070.0,150.02,150.0,0,400,-0.02
325170.0,150.02,150.0,0,400,-0.02
325270.0,149.95,150.0,100,400,0.05
325370.0,149.95,150.0,100,400,0.05
325470.0,149.85,150.0,100,400,0.15
325570.0,149.88,150.0,100,400,0.12
325670.0,149.86,150.0,100,400,0.14
325770.0,149.77,150.0,100,400,0.23
325870.0,149.8,150.0,100,400,0.2
325970.0,149.74,150.0,100,400,0.26
326070.0,149.73,150.0,100,400,0.27
326170.0,149.69,150.0,100,400,0.31
326270.0,149.69,150.0,100,400,0.31
326370.0,149.6,150.0,100,400,0.4
326470.0,149.53,150.0,100,400,0.47
326570.0,149.47,150.0,100,400,0.53
326670.0,149.43,150.0,100,400,0.57
326770.0,149.44,150.0,100,400,0.56
326870.0,149.48,150.0,100,400,0.52
326970.0,149.4,150.0,100,400,0.6
327070.0,149.33,150.0,100,400,0.67
327170.0,149.37,150.0,100,400,0.63
327270.0,149.31,150.0,100,400,0.69
327370.0,149.33,150.0,100,400,0.67
327470.0,149.29,150.0,100,400,0.71
