Time_ms,Temp_C,Setpoint_C,Heater_Duty,Speed_mm_s,Error_C
25470,74.60,250.00,100,3.00,175.40
25570,74.81,250.00,100,3.00,175.19
25670,74.99,250.00,100,3.00,175.01
25770,75.16,250.00,100,3.00,174.84
25870,75.35,250.00,100,3.00,174.65
25970,75.53,250.00,100,3.00,174.47
26070,75.70,250.00,100,3.00,174.30
26170,75.89,250.00,100,3.00,174.11
26270,76.06,250.00,100,3.00,173.94
26370,76.28,250.00,100,3.00,173.72
26470,76.46,250.00,100,3.00,173.54
26570,76.62,250.00,100,3.00,173.38
26670,76.81,250.00,100,3.00,173.19
26770,77.01,250.00,100,3.00,172.99
26870,77.15,250.00,100,3.00,172.85
26970,77.30,250.00,100,3.00,172.70
27070,77.50,250.00,100,3.00,172.50
27170,77.63,250.00,100,3.00,172.37
27270,77.79,250.00,100,3.00,172.21
27370,77.96,250.00,100,3.00,172.04
27470,78.14,250.00,100,3.00,171.86
27570,78.33,250.00,100,3.00,171.67
27670,78.54,250.00,100,3.00,171.46
27770,78.71,250.00,100,3.00,171.29
27870,78.89,250.00,100,3.00,171.11
27970,79.09,250.00,100,3.00,170.91
28070,79.27,250.00,100,3.00,170.73
28170,79.47,250.00,100,3.00,170.53
28270,79.66,250.00,100,3.00,170.34
28370,79.86,250.00,100,3.00,170.14
28470,80.05,250.00,100,3.00,169.95
28570,80.24,250.00,100,3.00,169.76
28670,80.42,250.00,100,3.00,169.58
28770,80.59,250.00,100,3.00,169.41
28870,80.78,250.00,100,3.00,169.22
28970,80.94,250.00,100,3.00,169.06
29070,81.09,250.00,100,3.00,168.91
29170,81.31,250.00,100,3.00,168.69
29270,81.50,250.00,100,3.00,168.50
29370,81.70,250.00,100,3.00,168.30
29470,81.91,250.00,100,3.00,168.09
29570,82.11,250.00,100,3.00,167.89
29670,82.32,250.00,100,3.00,167.68
29770,82.52,250.00,100,3.00,167.48
29870,82.69,250.00,100,3.00,167.31
29970,82.88,250.00,100,3.00,167.12
30070,83.06,250.00,100,3.00,166.94
30170,83.23,250.00,100,3.00,166.77
30270,83.42,250.00,100,3.00,166.58
30370,83.62,250.00,100,3.00,166.38
30470,83.82,250.00,100,3.00,166.18
30570,84.01,250.00,100,3.00,165.99
30670,84.17,250.00,100,3.00,165.83
30770,84.33,250.00,100,3.00,165.67
30870,84.51,250.00,100,3.00,165.49
30970,84.70,250.00,100,3.00,165.30
31070,84.90,250.00,100,3.00,165.10
31170,85.07,250.00,100,3.00,164.93
31270,85.25,250.00,100,3.00,164.75
31370,85.41,250.00,100,3.00,164.59
31470,85.59,250.00,100,3.00,164.41
31570,85.76,250.00,100,3.00,164.24
31670,85.94,250.00,100,3.00,164.06
31770,86.14,250.00,100,3.00,163.86
31870,86.32,250.00,100,3.00,163.68
31970,86.51,250.00,100,3.00,163.49
32070,86.68,250.00,100,3.00,163.32
32170,86.88,250.00,100,3.00,163.12
32270,87.08,250.00,100,3.00,162.92
32370,87.27,250.00,100,3.00,162.73
32470,87.49,250.00,100,3.00,162.51
32570,87.71,250.00,100,3.00,162.29
32670,87.91,250.00,100,3.00,162.09
32770,88.11,250.00,100,3.00,161.89
32870,88.32,250.00,100,3.00,161.68
32970,88.53,250.00,100,3.00,161.47
33070,88.72,250.00,100,3.00,161.28
33170,88.93,250.00,100,3.00,161.07
33270,89.12,250.00,100,3.00,160.88
33370,89.33,250.00,100,3.00,160.67
33470,89.54,250.00,100,3.00,160.46
33570,89.70,250.00,100,3.00,160.30
33670,89.90,250.00,100,3.00,160.10
33770,90.09,250.00,100,3.00,159.91
33870,90.27,250.00,100,3.00,159.73
33970,90.44,250.00,100,3.00,159.56
34070,90.61,250.00,100,3.00,159.39
34170,90.78,250.00,100,3.00,159.22
34270,90.96,250.00,100,3.00,159.04
34370,91.15,250.00,100,3.00,158.85
34470,91.34,250.00,100,3.00,158.66
34570,91.54,250.00,100,3.00,158.46
34670,91.72,250.00,100,3.00,158.28
34770,91.90,250.00,100,3.00,158.10
34870,92.09,250.00,100,3.00,157.91
34970,92.29,250.00,100,3.00,157.71
35070,92.48,250.00,100,3.00,157.52
35170,92.67,250.00,100,3.00,157.33
35270,92.84,250.00,100,3.00,157.16
35370,93.01,250.00,100,3.00,156.99
35470,93.23,250.00,100,3.00,156.77
35570,93.40,250.00,100,3.00,156.60
35670,93.58,250.00,100,3.00,156.42
35770,93.78,250.00,100,3.00,156.22
35870,94.00,250.00,100,3.00,156.00
35970,94.21,250.00,100,3.00,155.79
36070,94.40,250.00,100,3.00,155.60
36170,94.58,250.00,100,3.00,155.42
36270,94.76,250.00,100,3.00,155.24
36370,94.95,250.00,100,3.00,155.05
36470,95.14,250.00,100,3.00,154.86
36570,95.32,250.00,100,3.00,154.68
36670,95.51,250.00,100,3.00,154.49
36770,95.71,250.00,100,3.00,154.29
36870,95.88,250.00,100,3.00,154.12
36970,96.07,250.00,100,3.00,153.93
37070,96.25,250.00,100,3.00,153.75
37170,96.44,250.00,100,3.00,153.56
37270,96.63,250.00,100,3.00,153.37
37370,96.82,250.00,100,3.00,153.18
37470,97.02,250.00,100,3.00,152.98
37570,97.22,250.00,100,3.00,152.78
37670,97.39,250.00,100,3.00,152.61
37770,97.58,250.00,100,3.00,152.42
37870,97.75,250.00,100,3.00,152.25
37970,97.94,250.00,100,3.00,152.06
38070,98.14,250.00,100,3.00,151.86
38170,98.33,250.00,100,3.00,151.67
38270,98.51,250.00,100,3.00,151.49
38370,98.70,250.00,100,3.00,151.30
38470,98.90,250.00,100,3.00,151.10
38570,99.12,250.00,100,3.00,150.88
38670,99.32,250.00,100,3.00,150.68
38770,99.50,250.00,100,3.00,150.50
38870,99.70,250.00,100,3.00,150.30
38970,99.89,250.00,100,3.00,150.11
39070,100.09,250.00,100,3.00,149.91
39170,100.26,250.00,100,3.00,149.74
39270,100.41,250.00,100,3.00,149.59
39370,100.59,250.00,100,3.00,149.41
39470,100.76,250.00,100,3.00,149.24
39570,100.95,250.00,100,3.00,149.05
39670,101.13,250.00,100,3.00,148.87
39770,101.33,250.00,100,3.00,148.67
39870,101.53,250.00,100,3.00,148.47
39970,101.73,250.00,100,3.00,148.27
40070,101.93,250.00,100,3.00,148.07
40170,102.12,250.00,100,3.00,147.88
40270,102.32,250.00,100,3.00,147.68
40370,102.51,250.00,100,3.00,147.49
40470,102.69,250.00,100,3.00,147.31
40570,102.87,250.00,100,3.00,147.13
40670,103.05,250.00,100,3.00,146.95
40770,103.20,250.00,100,3.00,146.80
40870,103.37,250.00,100,3.00,146.63
40970,103.55,250.00,100,3.00,146.45
41070,103.75,250.00,100,3.00,146.25
41170,103.95,250.00,100,3.00,146.05
41270,104.15,250.00,100,3.00,145.85
41370,104.35,250.00,100,3.00,145.65
41470,104.56,250.00,100,3.00,145.44
41570,104.76,250.00,100,3.00,145.24
41670,104.95,250.00,100,3.00,145.05
41770,105.12,250.00,100,3.00,144.88
41870,105.30,250.00,100,3.00,144.70
41970,105.48,250.00,100,3.00,144.52
42070,105.65,250.00,100,3.00,144.35
42170,105.85,250.00,100,3.00,144.15
42270,106.04,250.00,100,3.00,143.96
42370,106.24,250.00,100,3.00,143.76
42470,106.43,250.00,100,3.00,143.57
42570,106.60,250.00,100,3.00,143.40
42670,106.78,250.00,100,3.00,143.22
42770,106.98,250.00,100,3.00,143.02
42870,107.15,250.00,100,3.00,142.85
42970,107.33,250.00,100,3.00,142.67
43070,107.50,250.00,100,3.00,142.50
43170,107.67,250.00,100,3.00,142.33
43270,107.86,250.00,100,3.00,142.14
43370,108.04,250.00,100,3.00,141.96
43470,108.24,250.00,100,3.00,141.76
43570,108.46,250.00,100,3.00,141.54
43670,108.67,250.00,100,3.00,141.33
43770,108.88,250.00,100,3.00,141.12
43870,109.07,250.00,100,3.00,140.93
43970,109.26,250.00,100,3.00,140.74
44070,109.45,250.00,100,3.00,140.55
44170,109.61,250.00,100,3.00,140.39
44270,109.78,250.00,100,3.00,140.22
44370,109.94,250.00,100,3.00,140.06
44470,110.13,250.00,100,3.00,139.87
44570,110.31,250.00,100,3.00,139.69
44670,110.50,250.00,100,3.00,139.50
44770,110.67,250.00,100,3.00,139.33
44870,110.89,250.00,100,3.00,139.11
44970,111.07,250.00,100,3.00,138.93
45070,111.26,250.00,100,3.00,138.74
45170,111.42,250.00,100,3.00,138.58
45270,111.60,250.00,100,3.00,138.40
45370,111.77,250.00,100,3.00,138.23
45470,111.93,250.00,100,3.00,138.07
45570,112.09,250.00,100,3.00,137.91
45670,112.27,250.00,100,3.00,137.73
45770,112.46,250.00,100,3.00,137.54
45870,112.68,250.00,100,3.00,137.32
45970,112.86,250.00,100,3.00,137.14
46070,113.06,250.00,100,3.00,136.94
46170,113.25,250.00,100,3.00,136.75
46270,113.44,250.00,100,3.00,136.56
46370,113.62,250.00,100,3.00,136.38
46470,113.79,250.00,100,3.00,136.21
46570,113.98,250.00,100,3.00,136.02
46670,114.14,250.00,100,3.00,135.86
46770,114.31,250.00,100,3.00,135.69
46870,114.50,250.00,100,3.00,135.50
46970,114.70,250.00,100,3.00,135.30
47070,114.88,250.00,100,3.00,135.12
47170,115.06,250.00,100,3.00,134.94
47270,115.22,250.00,100,3.00,134.78
47370,115.39,250.00,100,3.00,134.61
47470,115.57,250.00,100,3.00,134.43
47570,115.75,250.00,100,3.00,134.25
47670,115.92,250.00,100,3.00,134.08
47770,116.11,250.00,100,3.00,133.89
47870,116.29,250.00,100,3.00,133.71
47970,116.49,250.00,100,3.00,133.51
48070,116.68,250.00,100,3.00,133.32
48170,116.87,250.00,100,3.00,133.13
48270,117.06,250.00,100,3.00,132.94
48370,117.24,250.00,100,3.00,132.76
48470,117.42,250.00,100,3.00,132.58
48570,117.60,250.00,100,3.00,132.40
48670,117.78,250.00,100,3.00,132.22
48770,117.94,250.00,100,3.00,132.06
48870,118.10,250.00,100,3.00,131.90
48970,118.26,250.00,100,3.00,131.74
49070,118.44,250.00,100,3.00,131.56
49170,118.61,250.00,100,3.00,131.39
49270,118.79,250.00,100,3.00,131.21
49370,118.95,250.00,100,3.00,131.05
49470,119.12,250.00,100,3.00,130.88
49570,119.31,250.00,100,3.00,130.69
49670,119.49,250.00,100,3.00,130.51
49770,119.65,250.00,100,3.00,130.35
49870,119.82,250.00,100,3.00,130.18
49970,119.98,250.00,100,3.00,130.02
50070,120.17,250.00,100,3.00,129.83
50170,120.34,250.00,100,3.00,129.66
50270,120.53,250.00,100,3.00,129.47
50370,120.72,250.00,100,3.00,129.28
50470,120.90,250.00,100,3.00,129.10
50570,121.09,250.00,100,3.00,128.91
50670,121.27,250.00,100,3.00,128.73
50770,121.46,250.00,100,3.00,128.54
50870,121.62,250.00,100,3.00,128.38
50970,121.79,250.00,100,3.00,128.21
51070,121.96,250.00,100,3.00,128.04
51170,122.14,250.00,100,3.00,127.86
51270,122.31,250.00,100,3.00,127.69
51370,122.48,250.00,100,3.00,127.52
51470,122.65,250.00,100,3.00,127.35
51570,122.82,250.00,100,3.00,127.18
51670,123.01,250.00,100,3.00,126.99
51770,123.18,250.00,100,3.00,126.82
51870,123.34,250.00,100,3.00,126.66
51970,123.52,250.00,100,3.00,126.48
52070,123.69,250.00,100,3.00,126.31
52170,123.88,250.00,100,3.00,126.12
52270,124.04,250.00,100,3.00,125.96
52370,124.23,250.00,100,3.00,125.77
52470,124.42,250.00,100,3.00,125.58
52570,124.61,250.00,100,3.00,125.39
52670,124.80,250.00,100,3.00,125.20
52770,124.98,250.00,100,3.00,125.02
52870,125.17,250.00,100,3.00,124.83
52970,125.33,250.00,100,3.00,124.67
53070,125.50,250.00,100,3.00,124.50
53170,125.66,250.00,100,3.00,124.34
53270,125.83,250.00,100,3.00,124.17
53370,126.00,250.00,100,3.00,124.00
53470,126.19,250.00,100,3.00,123.81
53570,126.35,250.00,100,3.00,123.65
53670,126.52,250.00,100,3.00,123.48
53770,126.71,250.00,100,3.00,123.29
53870,126.89,250.00,100,3.00,123.11
53970,127.04,250.00,100,3.00,122.96
54070,127.22,250.00,100,3.00,122.78
54170,127.38,250.00,100,3.00,122.62
54270,127.56,250.00,100,3.00,122.44
54370,127.73,250.00,100,3.00,122.27
54470,127.91,250.00,100,3.00,122.09
54570,128.10,250.00,100,3.00,121.90
54670,128.28,250.00,100,3.00,121.72
54770,128.47,250.00,100,3.00,121.53
54870,128.64,250.00,100,3.00,121.36
54970,128.83,250.00,100,3.00,121.17
55070,128.98,250.00,100,3.00,121.02
55170,129.15,250.00,100,3.00,120.85
55270,129.31,250.00,100,3.00,120.69
55370,129.50,250.00,100,3.00,120.50
55470,129.67,250.00,100,3.00,120.33
55570,129.85,250.00,100,3.00,120.15
55670,130.02,250.00,100,3.00,119.98
55770,130.19,250.00,100,3.00,119.81
55870,130.37,250.00,100,3.00,119.63
55970,130.55,250.00,100,3.00,119.45
56070,130.71,250.00,100,3.00,119.29
56170,130.88,250.00,100,3.00,119.12
56270,131.05,250.00,100,3.00,118.95
56370,131.24,250.00,100,3.00,118.76
56470,131.43,250.00,100,3.00,118.57
56570,131.61,250.00,100,3.00,118.39
56670,131.79,250.00,100,3.00,118.21
56770,131.98,250.00,100,3.00,118.02
56870,132.15,250.00,100,3.00,117.85
56970,132.32,250.00,100,3.00,117.68
57070,132.50,250.00,100,3.00,117.50
57170,132.66,250.00,100,3.00,117.34
57270,132.83,250.00,100,3.00,117.17
57370,132.99,250.00,100,3.00,117.01
57470,133.18,250.00,100,3.00,116.82
57570,133.35,250.00,100,3.00,116.65
57670,133.52,250.00,100,3.00,116.48
57770,133.69,250.00,100,3.00,116.31
57870,133.86,250.00,100,3.00,116.14
57970,134.03,250.00,100,3.00,115.97
58070,134.19,250.00,100,3.00,115.81
58170,134.34,250.00,100,3.00,115.66
58270,134.52,250.00,100,3.00,115.48
58370,134.69,250.00,100,3.00,115.31
58470,134.88,250.00,100,3.00,115.12
58570,135.05,250.00,100,3.00,114.95
58670,135.23,250.00,100,3.00,114.77
58770,135.41,250.00,100,3.00,114.59
58870,135.58,250.00,100,3.00,114.42
58970,135.75,250.00,100,3.00,114.25
59070,135.91,250.00,100,3.00,114.09
59170,136.09,250.00,100,3.00,113.91
59270,136.26,250.00,100,3.00,113.74
59370,136.42,250.00,100,3.00,113.58
59470,136.59,250.00,100,3.00,113.41
59570,136.77,250.00,100,3.00,113.23
59670,136.94,250.00,100,3.00,113.06
59770,137.11,250.00,100,3.00,112.89
59870,137.27,250.00,100,3.00,112.73
59970,137.43,250.00,100,3.00,112.57
60070,137.59,250.00,100,3.00,112.41
60170,137.76,250.00,100,3.00,112.24
60270,137.92,250.00,100,3.00,112.08
60370,138.11,250.00,100,3.00,111.89
60470,138.29,250.00,100,3.00,111.71
60570,138.47,250.00,100,3.00,111.53
60670,138.65,250.00,100,3.00,111.35
60770,138.83,250.00,100,3.00,111.17
60870,139.00,250.00,100,3.00,111.00
60970,139.16,250.00,100,3.00,110.84
61070,139.32,250.00,100,3.00,110.68
61170,139.47,250.00,100,3.00,110.53
61270,139.65,250.00,100,3.00,110.35
61370,139.82,250.00,100,3.00,110.18
61470,139.98,250.00,100,3.00,110.02
61570,140.15,250.00,100,3.00,109.85
61670,140.33,250.00,100,3.00,109.67
61770,140.50,250.00,100,3.00,109.50
61870,140.67,250.00,100,3.00,109.33
61970,140.83,250.00,100,3.00,109.17
62070,140.98,250.00,100,3.00,109.02
62170,141.13,250.00,100,3.00,108.87
62270,141.29,250.00,100,3.00,108.71
62370,141.46,250.00,100,3.00,108.54
62470,141.64,250.00,100,3.00,108.36
62570,141.81,250.00,100,3.00,108.19
62670,141.99,250.00,100,3.00,108.01
62770,142.16,250.00,100,3.00,107.84
62870,142.33,250.00,100,3.00,107.67
62970,142.49,250.00,100,3.00,107.51
63070,142.65,250.00,100,3.00,107.35
63170,142.81,250.00,100,3.00,107.19
63270,142.98,250.00,100,3.00,107.02
63370,143.16,250.00,100,3.00,106.84
63470,143.32,250.00,100,3.00,106.68
63570,143.49,250.00,100,3.00,106.51
63670,143.64,250.00,100,3.00,106.36
63770,143.82,250.00,100,3.00,106.18
63870,143.98,250.00,100,3.00,106.02
63970,144.16,250.00,100,3.00,105.84
64070,144.32,250.00,100,3.00,105.68
64170,144.48,250.00,100,3.00,105.52
64270,144.65,250.00,100,3.00,105.35
64370,144.82,250.00,100,3.00,105.18
64470,144.99,250.00,100,3.00,105.01
64570,145.17,250.00,100,3.00,104.83
64670,145.34,250.00,100,3.00,104.66
64770,145.52,250.00,100,3.00,104.48
64870,145.67,250.00,100,3.00,104.33
64970,145.83,250.00,100,3.00,104.17
65070,145.99,250.00,100,3.00,104.01
65170,146.15,250.00,100,3.00,103.85
65270,146.32,250.00,100,3.00,103.68
65370,146.48,250.00,100,3.00,103.52
65470,146.65,250.00,100,3.00,103.35
65570,146.81,250.00,100,3.00,103.19
65670,146.97,250.00,100,3.00,103.03
65770,147.13,250.00,100,3.00,102.87
65870,147.30,250.00,100,3.00,102.70
65970,147.45,250.00,100,3.00,102.55
66070,147.60,250.00,100,3.00,102.40
66170,147.76,250.00,100,3.00,102.24
66270,147.92,250.00,100,3.00,102.08
66370,148.09,250.00,100,3.00,101.91
66470,148.26,250.00,100,3.00,101.74
66570,148.42,250.00,100,3.00,101.58
66670,148.59,250.00,100,3.00,101.41
66770,148.76,250.00,100,3.00,101.24
66870,148.93,250.00,100,3.00,101.07
66970,149.08,250.00,100,3.00,100.92
67070,149.24,250.00,100,3.00,100.76
67170,149.40,250.00,100,3.00,100.60
67270,149.57,250.00,100,3.00,100.43
67370,149.73,250.00,100,3.00,100.27
67470,149.89,250.00,100,3.00,100.11
67570,150.06,250.00,100,3.00,99.94
67670,150.23,250.00,100,3.00,99.77
67770,150.38,250.00,100,3.00,99.62
67870,150.54,250.00,100,3.00,99.46
67970,150.70,250.00,100,3.00,99.30
68070,150.84,250.00,100,3.00,99.16
68170,151.00,250.00,100,3.00,99.00
68270,151.16,250.00,100,3.00,98.84
68370,151.33,250.00,100,3.00,98.67
68470,151.50,250.00,100,3.00,98.50
68570,151.66,250.00,100,3.00,98.34
68670,151.83,250.00,100,3.00,98.17
68770,152.00,250.00,100,3.00,98.00
68870,152.15,250.00,100,3.00,97.85
68970,152.31,250.00,100,3.00,97.69
69070,152.45,250.00,100,3.00,97.55
69170,152.62,250.00,100,3.00,97.38
69270,152.79,250.00,100,3.00,97.21
69370,152.94,250.00,100,3.00,97.06
69470,153.11,250.00,100,3.00,96.89
69570,153.27,250.00,100,3.00,96.73
69670,153.44,250.00,100,3.00,96.56
69770,153.59,250.00,100,3.00,96.41
69870,153.75,250.00,100,3.00,96.25
69970,153.90,250.00,100,3.00,96.10
70070,154.05,250.00,100,3.00,95.95
70170,154.18,250.00,100,3.00,95.82
70270,154.35,250.00,100,3.00,95.65
70370,154.50,250.00,100,3.00,95.50
70470,154.66,250.00,100,3.00,95.34
70570,154.82,250.00,100,3.00,95.18
70670,154.99,250.00,100,3.00,95.01
70770,155.15,250.00,100,3.00,94.85
70870,155.31,250.00,100,3.00,94.69
70970,155.46,250.00,100,3.00,94.54
71070,155.63,250.00,100,3.00,94.37
71170,155.78,250.00,100,3.00,94.22
71270,155.94,250.00,100,3.00,94.06
71370,156.10,250.00,100,3.00,93.90
71470,156.26,250.00,100,3.00,93.74
71570,156.42,250.00,100,3.00,93.58
71670,156.58,250.00,100,3.00,93.42
71770,156.75,250.00,100,3.00,93.25
71870,156.90,250.00,100,3.00,93.10
71970,157.05,250.00,100,3.00,92.95
72070,157.19,250.00,100,3.00,92.81
72170,157.36,250.00,100,3.00,92.64
72270,157.51,250.00,100,3.00,92.49
72370,157.67,250.00,100,3.00,92.33
72470,157.82,250.00,100,3.00,92.18
72570,157.98,250.00,100,3.00,92.02
72670,158.13,250.00,100,3.00,91.87
72770,158.28,250.00,100,3.00,91.72
72870,158.42,250.00,100,3.00,91.58
72970,158.58,250.00,100,3.00,91.42
73070,158.74,250.00,100,3.00,91.26
73170,158.90,250.00,100,3.00,91.10
73270,159.05,250.00,100,3.00,90.95
73370,159.22,250.00,100,3.00,90.78
73470,159.39,250.00,100,3.00,90.61
73570,159.54,250.00,100,3.00,90.46
73670,159.71,250.00,100,3.00,90.29
73770,159.86,250.00,100,3.00,90.14
73870,160.03,250.00,100,3.00,89.97
73970,160.17,250.00,100,3.00,89.83
74070,160.32,250.00,100,3.00,89.68
74170,160.47,250.00,100,3.00,89.53
74270,160.64,250.00,100,3.00,89.36
74370,160.78,250.00,100,3.00,89.22
74470,160.94,250.00,100,3.00,89.06
74570,161.09,250.00,100,3.00,88.91
74670,161.24,250.00,100,3.00,88.76
74770,161.41,250.00,100,3.00,88.59
74870,161.57,250.00,100,3.00,88.43
74970,161.71,250.00,100,3.00,88.29
75070,161.86,250.00,100,3.00,88.14
75170,162.01,250.00,100,3.00,87.99
75270,160.20,250.00,100,3.00,89.80
75370,158.56,250.00,100,3.00,91.44
75470,157.11,250.00,100,3.00,92.89
75570,155.82,250.00,100,3.00,94.18
75670,154.67,250.00,100,3.00,95.33
75770,153.64,250.00,100,3.00,96.36
75870,152.72,250.00,100,3.00,97.28
75970,151.92,250.00,100,3.00,98.08
76070,151.19,250.00,100,3.00,98.81
76170,150.56,250.00,100,3.00,99.44
76270,150.00,250.00,100,3.00,100.00
76370,149.53,250.00,100,3.00,100.47
76470,149.10,250.00,100,3.00,100.90
76570,148.73,250.00,100,3.00,101.27
76670,148.42,250.00,100,3.00,101.58
76770,148.14,250.00,100,3.00,101.86
76870,147.91,250.00,100,3.00,102.09
76970,147.71,250.00,100,3.00,102.29
77070,147.53,250.00,100,3.00,102.47
77170,147.40,250.00,100,3.00,102.60
77270,147.29,250.00,100,3.00,102.71
77370,147.21,250.00,100,3.00,102.79
77470,147.13,250.00,100,3.00,102.87
77570,147.09,250.00,100,3.00,102.91
77670,147.06,250.00,100,3.00,102.94
77770,147.05,250.00,100,3.00,102.95
77870,147.05,250.00,100,3.00,102.95
77970,147.06,250.00,100,3.00,102.94
78070,147.08,250.00,100,3.00,102.92
78170,147.11,250.00,100,3.00,102.89
78270,147.14,250.00,100,3.00,102.86
78370,147.19,250.00,100,3.00,102.81
78470,147.26,250.00,100,3.00,102.74
78570,147.32,250.00,100,3.00,102.68
78670,147.40,250.00,100,3.00,102.60
78770,147.47,250.00,100,3.00,102.53
78870,147.55,250.00,100,3.00,102.45
78970,147.64,250.00,100,3.00,102.36
79070,147.72,250.00,100,3.00,102.28
79170,147.81,250.00,100,3.00,102.19
79270,147.91,250.00,100,3.00,102.09
79370,148.01,250.00,100,3.00,101.99
79470,148.13,250.00,100,3.00,101.87
79570,148.22,250.00,100,3.00,101.78
79670,148.34,250.00,100,3.00,101.66
79770,148.45,250.00,100,3.00,101.55
79870,148.56,250.00,100,3.00,101.44
79970,148.67,250.00,100,3.00,101.33
80070,148.78,250.00,100,3.00,101.22
80170,148.89,250.00,100,3.00,101.11
80270,149.01,250.00,100,3.00,100.99
80370,149.13,250.00,100,3.00,100.87
80470,149.24,250.00,100,3.00,100.76
80570,149.37,250.00,100,3.00,100.63
80670,149.48,250.00,100,3.00,100.52
80770,149.60,250.00,100,3.00,100.40
80870,149.71,250.00,100,3.00,100.29
80970,149.83,250.00,100,3.00,100.17
81070,149.95,250.00,100,3.00,100.05
81170,150.06,250.00,100,3.00,99.94
81270,150.16,250.00,100,3.00,99.84
81370,150.28,250.00,100,3.00,99.72
81470,150.40,250.00,100,3.00,99.60
81570,150.53,250.00,100,3.00,99.47
81670,150.64,250.00,100,3.00,99.36
81770,150.76,250.00,100,3.00,99.24
81870,150.89,250.00,100,3.00,99.11
81970,151.01,250.00,100,3.00,98.99
82070,151.13,250.00,100,3.00,98.87
82170,151.24,250.00,100,3.00,98.76
82270,151.36,250.00,100,3.00,98.64
82370,151.47,250.00,100,3.00,98.53
82470,151.59,250.00,100,3.00,98.41
82570,151.70,250.00,100,3.00,98.30
82670,151.83,250.00,100,3.00,98.17
82770,151.94,250.00,100,3.00,98.06
82870,152.06,250.00,100,3.00,97.94
82970,152.18,250.00,100,3.00,97.82
83070,152.30,250.00,100,3.00,97.70
83170,152.42,250.00,100,3.00,97.58
83270,152.53,250.00,100,3.00,97.47
83370,152.64,250.00,100,3.00,97.36
83470,152.76,250.00,100,3.00,97.24
83570,152.88,250.00,100,3.00,97.12
83670,153.00,250.00,100,3.00,97.00
83770,153.12,250.00,100,3.00,96.88
83870,153.24,250.00,100,3.00,96.76
83970,153.36,250.00,100,3.00,96.64
84070,153.48,250.00,100,3.00,96.52
84170,153.60,250.00,100,3.00,96.40
84270,153.72,250.00,100,3.00,96.28
84370,153.84,250.00,100,3.00,96.16
84470,153.95,250.00,100,3.00,96.05
84570,154.06,250.00,100,3.00,95.94
84670,154.18,250.00,100,3.00,95.82
84770,154.30,250.00,100,3.00,95.70
84870,154.42,250.00,100,3.00,95.58
84970,154.54,250.00,100,3.00,95.46
85070,154.66,250.00,100,3.00,95.34
85170,154.78,250.00,100,3.00,95.22
85270,154.90,250.00,100,3.00,95.10
85370,155.01,250.00,100,3.00,94.99
85470,155.13,250.00,100,3.00,94.87
85570,155.25,250.00,100,3.00,94.75
85670,155.36,250.00,100,3.00,94.64
85770,155.47,250.00,100,3.00,94.53
85870,155.59,250.00,100,3.00,94.41
85970,155.71,250.00,100,3.00,94.29
86070,155.83,250.00,100,3.00,94.17
86170,155.95,250.00,100,3.00,94.05
86270,156.06,250.00,100,3.00,93.94
86370,156.18,250.00,100,3.00,93.82
86470,156.30,250.00,100,3.00,93.70
86570,156.42,250.00,100,3.00,93.58
86670,156.53,250.00,100,3.00,93.47
86770,156.64,250.00,100,3.00,93.36
86870,156.76,250.00,100,3.00,93.24
86970,156.85,250.00,100,3.00,93.15
87070,156.97,250.00,100,3.00,93.03
87170,157.08,250.00,100,3.00,92.92
87270,157.20,250.00,100,3.00,92.80
87370,157.32,250.00,100,3.00,92.68
87470,157.43,250.00,100,3.00,92.57
87570,157.55,250.00,100,3.00,92.45
87670,157.68,250.00,100,3.00,92.32
87770,157.79,250.00,100,3.00,92.21
87870,157.91,250.00,100,3.00,92.09
87970,158.01,250.00,100,3.00,91.99
88070,158.13,250.00,100,3.00,91.87
88170,158.25,250.00,100,3.00,91.75
88270,158.36,250.00,100,3.00,91.64
88370,158.48,250.00,100,3.00,91.52
88470,158.58,250.00,100,3.00,91.42
88570,158.71,250.00,100,3.00,91.29
88670,158.82,250.00,100,3.00,91.18
88770,158.94,250.00,100,3.00,91.06
88870,159.04,250.00,100,3.00,90.96
88970,159.16,250.00,100,3.00,90.84
89070,159.26,250.00,100,3.00,90.74
89170,159.37,250.00,100,3.00,90.63
89270,159.48,250.00,100,3.00,90.52
89370,159.59,250.00,100,3.00,90.41
89470,159.71,250.00,100,3.00,90.29
89570,159.82,250.00,100,3.00,90.18
89670,159.94,250.00,100,3.00,90.06
89770,160.07,250.00,100,3.00,89.93
89870,160.19,250.00,100,3.00,89.81
89970,160.32,250.00,100,3.00,89.68
90070,160.43,250.00,100,3.00,89.57
90170,160.54,250.00,100,3.00,89.46
90270,160.65,250.00,100,3.00,89.35
90370,160.76,250.00,100,3.00,89.24
90470,160.87,250.00,100,3.00,89.13
90570,160.98,250.00,100,3.00,89.02
90670,161.10,250.00,100,3.00,88.90
90770,161.21,250.00,100,3.00,88.79
90870,161.32,250.00,100,3.00,88.68
90970,161.42,250.00,100,3.00,88.58
91070,161.55,250.00,100,3.00,88.45
91170,161.66,250.00,100,3.00,88.34
91270,161.77,250.00,100,3.00,88.23
91370,161.88,250.00,100,3.00,88.12
91470,161.99,250.00,100,3.00,88.01
91570,162.09,250.00,100,3.00,87.91
91670,162.20,250.00,100,3.00,87.80
91770,162.31,250.00,100,3.00,87.69
91870,162.43,250.00,100,3.00,87.57
91970,162.54,250.00,100,3.00,87.46
92070,162.66,250.00,100,3.00,87.34
92170,162.77,250.00,100,3.00,87.23
92270,162.89,250.00,100,3.00,87.11
92370,163.01,250.00,100,3.00,86.99
92470,163.12,250.00,100,3.00,86.88
92570,163.22,250.00,100,3.00,86.78
92670,163.33,250.00,100,3.00,86.67
92770,163.44,250.00,100,3.00,86.56
92870,163.55,250.00,100,3.00,86.45
92970,163.65,250.00,100,3.00,86.35
93070,163.77,250.00,100,3.00,86.23
93170,163.88,250.00,100,3.00,86.12
93270,163.99,250.00,100,3.00,86.01
93370,164.10,250.00,100,3.00,85.90
93470,164.21,250.00,100,3.00,85.79
93570,164.31,250.00,100,3.00,85.69
93670,164.43,250.00,100,3.00,85.57
93770,164.54,250.00,100,3.00,85.46
93870,164.64,250.00,100,3.00,85.36
93970,164.76,250.00,100,3.00,85.24
94070,164.86,250.00,100,3.00,85.14
94170,164.98,250.00,100,3.00,85.02
94270,165.10,250.00,100,3.00,84.90
94370,165.22,250.00,100,3.00,84.78
94470,165.33,250.00,100,3.00,84.67
94570,165.45,250.00,100,3.00,84.55
94670,165.56,250.00,100,3.00,84.44
94770,165.67,250.00,100,3.00,84.33
94870,165.80,250.00,100,3.00,84.20
94970,165.91,250.00,100,3.00,84.09
95070,166.01,250.00,100,3.00,83.99
95170,166.12,250.00,100,3.00,83.88
95270,166.23,250.00,100,3.00,83.77
95370,166.33,250.00,100,3.00,83.67
95470,166.44,250.00,100,3.00,83.56
95570,166.55,250.00,100,3.00,83.45
95670,166.65,250.00,100,3.00,83.35
95770,166.77,250.00,100,3.00,83.23
95870,166.88,250.00,100,3.00,83.12
95970,166.98,250.00,100,3.00,83.02
96070,167.10,250.00,100,3.00,82.90
96170,167.21,250.00,100,3.00,82.79
96270,167.33,250.00,100,3.00,82.67
96370,167.43,250.00,100,3.00,82.57
96470,167.54,250.00,100,3.00,82.46
96570,167.65,250.00,100,3.00,82.35
96670,167.75,250.00,100,3.00,82.25
96770,167.86,250.00,100,3.00,82.14
96870,167.97,250.00,100,3.00,82.03
96970,168.09,250.00,100,3.00,81.91
97070,168.20,250.00,100,3.00,81.80
97170,168.31,250.00,100,3.00,81.69
97270,168.42,250.00,100,3.00,81.58
97370,168.55,250.00,100,3.00,81.45
97470,168.65,250.00,100,3.00,81.35
97570,168.76,250.00,100,3.00,81.24
97670,168.87,250.00,100,3.00,81.13
97770,168.97,250.00,100,3.00,81.03
97870,169.08,250.00,100,3.00,80.92
97970,169.19,250.00,100,3.00,80.81
98070,169.29,250.00,100,3.00,80.71
98170,169.42,250.00,100,3.00,80.58
98270,169.53,250.00,100,3.00,80.47
98370,169.65,250.00,100,3.00,80.35
98470,169.75,250.00,100,3.00,80.25
98570,169.87,250.00,100,3.00,80.13
98670,169.98,250.00,100,3.00,80.02
98770,170.09,250.00,100,3.00,79.91
98870,170.20,250.00,100,3.00,79.80
98970,170.31,250.00,100,3.00,79.69
99070,170.43,250.00,100,3.00,79.57
99170,170.54,250.00,100,3.00,79.46
99270,170.65,250.00,100,3.00,79.35
99370,170.77,250.00,100,3.00,79.23
99470,170.89,250.00,100,3.00,79.11
99570,170.99,250.00,100,3.00,79.01
99670,171.10,250.00,100,3.00,78.90
99770,171.21,250.00,100,3.00,78.79
99870,171.33,250.00,100,3.00,78.67
99970,171.44,250.00,100,3.00,78.56
100070,171.55,250.00,100,3.00,78.45
100170,171.65,250.00,100,3.00,78.35
100270,171.76,250.00,100,3.00,78.24
100370,171.86,250.00,100,3.00,78.14
100470,171.98,250.00,100,3.00,78.02
100570,172.08,250.00,100,3.00,77.92
100670,172.20,250.00,100,3.00,77.80
100770,172.31,250.00,100,3.00,77.69
100870,172.42,250.00,100,3.00,77.58
100970,172.53,250.00,100,3.00,77.47
101070,172.64,250.00,100,3.00,77.36
101170,172.76,250.00,100,3.00,77.24
101270,172.87,250.00,100,3.00,77.13
101370,172.98,250.00,100,3.00,77.02
101470,173.09,250.00,100,3.00,76.91
101570,173.20,250.00,100,3.00,76.80
101670,173.30,250.00,100,3.00,76.70
101770,173.41,250.00,100,3.00,76.59
101870,173.52,250.00,100,3.00,76.48
101970,173.64,250.00,100,3.00,76.36
102070,173.75,250.00,100,3.00,76.25
102170,173.86,250.00,100,3.00,76.14
102270,173.97,250.00,100,3.00,76.03
102370,174.09,250.00,100,3.00,75.91
102470,174.20,250.00,100,3.00,75.80
102570,174.33,250.00,100,3.00,75.67
102670,174.43,250.00,100,3.00,75.57
102770,174.55,250.00,100,3.00,75.45
102870,174.66,250.00,100,3.00,75.34
102970,174.75,250.00,100,3.00,75.25
103070,174.86,250.00,100,3.00,75.14
103170,174.96,250.00,100,3.00,75.04
103270,175.08,250.00,100,3.00,74.92
103370,175.20,250.00,100,3.00,74.80
103470,175.30,250.00,100,3.00,74.70
103570,175.40,250.00,100,3.00,74.60
103670,175.53,250.00,100,3.00,74.47
103770,175.62,250.00,100,3.00,74.38
103870,175.73,250.00,100,3.00,74.27
103970,175.83,250.00,100,3.00,74.17
104070,175.93,250.00,100,3.00,74.07
104170,176.04,250.00,100,3.00,73.96
104270,176.15,250.00,100,3.00,73.85
104370,176.25,250.00,100,3.00,73.75
104470,176.36,250.00,100,3.00,73.64
104570,176.46,250.00,100,3.00,73.54
104670,176.58,250.00,100,3.00,73.42
104770,176.69,250.00,100,3.00,73.31
104870,176.80,250.00,100,3.00,73.20
104970,176.92,250.00,100,3.00,73.08
105070,177.03,250.00,100,3.00,72.97
105170,177.14,250.00,100,3.00,72.86
105270,177.25,250.00,100,3.00,72.75
105370,177.37,250.00,100,3.00,72.63
105470,177.48,250.00,100,3.00,72.52
105570,177.58,250.00,100,3.00,72.42
105670,177.68,250.00,100,3.00,72.32
105770,177.78,250.00,100,3.00,72.22
105870,177.87,250.00,100,3.00,72.13
105970,177.97,250.00,100,3.00,72.03
106070,178.08,250.00,100,3.00,71.92
106170,178.18,250.00,100,3.00,71.82
106270,178.29,250.00,100,3.00,71.71
106371,178.39,250.00,100,3.00,71.61
106471,178.50,250.00,100,3.00,71.50
106571,178.61,250.00,100,3.00,71.39
106671,178.73,250.00,100,3.00,71.27
106771,178.83,250.00,100,3.00,71.17
106871,178.94,250.00,100,3.00,71.06
106971,179.05,250.00,100,3.00,70.95
107071,179.15,250.00,100,3.00,70.85
107171,179.24,250.00,100,3.00,70.76
107271,179.34,250.00,100,3.00,70.66
107371,179.45,250.00,100,3.00,70.55
107471,179.55,250.00,100,3.00,70.45
107571,179.66,250.00,100,3.00,70.34
107671,179.76,250.00,100,3.00,70.24
107771,179.86,250.00,100,3.00,70.14
107871,179.98,250.00,100,3.00,70.02
107971,180.09,250.00,100,3.00,69.91
108071,180.21,250.00,100,3.00,69.79
108171,180.30,250.00,100,3.00,69.70
108271,180.42,250.00,100,3.00,69.58
108371,180.53,250.00,100,3.00,69.47
108471,180.63,250.00,100,3.00,69.37
108571,180.73,250.00,100,3.00,69.27
108671,180.82,250.00,100,3.00,69.18
108771,180.93,250.00,100,3.00,69.07
108871,181.03,250.00,100,3.00,68.97
108971,181.14,250.00,100,3.00,68.86
109071,181.24,250.00,100,3.00,68.76
109171,181.36,250.00,100,3.00,68.64
109271,181.45,250.00,100,3.00,68.55
109371,181.55,250.00,100,3.00,68.45
109471,181.65,250.00,100,3.00,68.35
109571,181.76,250.00,100,3.00,68.24
109671,181.86,250.00,100,3.00,68.14
109771,181.97,250.00,100,3.00,68.03
109871,182.07,250.00,100,3.00,67.93
109971,182.18,250.00,100,3.00,67.82
110071,182.28,250.00,100,3.00,67.72
110171,182.38,250.00,100,3.00,67.62
110271,182.48,250.00,100,3.00,67.52
110371,182.59,250.00,100,3.00,67.41
110472,182.71,250.00,100,3.00,67.29
110572,182.81,250.00,100,3.00,67.19
110672,182.91,250.00,100,3.00,67.09
110772,183.02,250.00,100,3.00,66.98
110872,183.13,250.00,100,3.00,66.87
110972,183.25,250.00,100,3.00,66.75
111072,183.34,250.00,100,3.00,66.66
111172,183.45,250.00,100,3.00,66.55
111272,183.55,250.00,100,3.00,66.45
111372,183.64,250.00,100,3.00,66.36
111472,183.75,250.00,100,3.00,66.25
111572,183.86,250.00,100,3.00,66.14
111672,183.96,250.00,100,3.00,66.04
111772,184.07,250.00,100,3.00,65.93
111872,184.19,250.00,100,3.00,65.81
111972,184.30,250.00,100,3.00,65.70
112072,184.42,250.00,100,3.00,65.58
112172,184.53,250.00,100,3.00,65.47
112272,184.63,250.00,100,3.00,65.37
112372,184.73,250.00,100,3.00,65.27
112472,184.82,250.00,100,3.00,65.18
112572,184.92,250.00,100,3.00,65.08
112672,185.02,250.00,100,3.00,64.98
112772,185.14,250.00,100,3.00,64.86
112872,185.25,250.00,100,3.00,64.75
112972,185.35,250.00,100,3.00,64.65
113072,185.44,250.00,100,3.00,64.56
113172,185.55,250.00,100,3.00,64.45
113272,185.65,250.00,100,3.00,64.35
113372,185.75,250.00,100,3.00,64.25
113472,185.83,250.00,100,3.00,64.17
113572,185.94,250.00,100,3.00,64.06
113672,186.05,250.00,100,3.00,63.95
113772,186.16,250.00,100,3.00,63.84
113872,186.27,250.00,100,3.00,63.73
113972,186.36,250.00,100,3.00,63.64
114072,186.49,250.00,100,3.00,63.51
114172,186.59,250.00,100,3.00,63.41
114272,186.70,250.00,100,3.00,63.30
114372,186.79,250.00,100,3.00,63.21
114472,186.88,250.00,100,3.00,63.12
114572,186.98,250.00,100,3.00,63.02
114672,187.07,250.00,100,3.00,62.93
114772,187.16,250.00,100,3.00,62.84
114872,187.25,250.00,100,3.00,62.75
114972,187.35,250.00,100,3.00,62.65
115072,187.45,250.00,100,3.00,62.55
115172,187.54,250.00,100,3.00,62.46
115272,187.62,250.00,100,3.00,62.38
115372,187.73,250.00,100,3.00,62.27
115472,187.82,250.00,100,3.00,62.18
115572,187.92,250.00,100,3.00,62.08
115672,188.02,250.00,100,3.00,61.98
115772,188.11,250.00,100,3.00,61.89
115872,188.22,250.00,100,3.00,61.78
115972,188.32,250.00,100,3.00,61.68
116072,188.43,250.00,100,3.00,61.57
116172,188.53,250.00,100,3.00,61.47
116272,188.63,250.00,100,3.00,61.37
116372,188.74,250.00,100,3.00,61.26
116472,188.83,250.00,100,3.00,61.17
116572,188.92,250.00,100,3.00,61.08
116672,189.01,250.00,100,3.00,60.99
116772,189.12,250.00,100,3.00,60.88
116872,189.22,250.00,100,3.00,60.78
116972,189.33,250.00,100,3.00,60.67
117072,189.43,250.00,100,3.00,60.57
117172,189.55,250.00,100,3.00,60.45
117272,189.63,250.00,100,3.00,60.37
117372,189.73,250.00,100,3.00,60.27
117472,189.83,250.00,100,3.00,60.17
117572,189.93,250.00,100,3.00,60.07
117672,190.03,250.00,100,3.00,59.97
117772,190.14,250.00,100,3.00,59.86
117872,190.23,250.00,100,3.00,59.77
117972,190.34,250.00,100,3.00,59.66
118072,190.44,250.00,100,3.00,59.56
118172,190.55,250.00,100,3.00,59.45
118272,190.63,250.00,100,3.00,59.37
118372,190.72,250.00,100,3.00,59.28
118472,190.82,250.00,100,3.00,59.18
118572,190.91,250.00,100,3.00,59.09
118672,191.01,250.00,100,3.00,58.99
118772,191.11,250.00,100,3.00,58.89
118872,191.22,250.00,100,3.00,58.78
118972,191.32,250.00,100,3.00,58.68
119072,191.42,250.00,100,3.00,58.58
119172,191.51,250.00,100,3.00,58.49
119272,191.62,250.00,100,3.00,58.38
119372,191.71,250.00,100,3.00,58.29
119472,191.81,250.00,100,3.00,58.19
119572,191.91,250.00,100,3.00,58.09
119672,192.00,250.00,100,3.00,58.00
119772,192.10,250.00,100,3.00,57.90
119872,192.20,250.00,100,3.00,57.80
119972,192.29,250.00,100,3.00,57.71
120072,192.40,250.00,100,3.00,57.60
120172,192.49,250.00,100,3.00,57.51
120272,192.61,250.00,100,3.00,57.39
120372,192.69,250.00,100,3.00,57.31
120472,192.81,250.00,100,3.00,57.19
120572,192.92,250.00,100,3.00,57.08
120672,193.01,250.00,100,3.00,56.99
120772,193.11,250.00,100,3.00,56.89
120872,193.20,250.00,100,3.00,56.80
120972,193.31,250.00,100,3.00,56.69
121072,193.42,250.00,100,3.00,56.58
121172,193.51,250.00,100,3.00,56.49
121272,193.61,250.00,100,3.00,56.39
121372,193.73,250.00,100,3.00,56.27
121472,193.82,250.00,100,3.00,56.18
121572,193.92,250.00,100,3.00,56.08
121672,194.01,250.00,100,3.00,55.99
121772,194.11,250.00,100,3.00,55.89
121872,194.21,250.00,100,3.00,55.79
121972,194.32,250.00,100,3.00,55.68
122072,194.41,250.00,100,3.00,55.59
122172,194.53,250.00,100,3.00,55.47
122272,194.63,250.00,100,3.00,55.37
122372,194.75,250.00,100,3.00,55.25
122472,194.84,250.00,100,3.00,55.16
122572,194.95,250.00,100,3.00,55.05
122672,195.06,250.00,100,3.00,54.94
122772,195.16,250.00,100,3.00,54.84
122872,195.26,250.00,100,3.00,54.74
122972,195.36,250.00,100,3.00,54.64
123072,195.48,250.00,100,3.00,54.52
123172,195.57,250.00,100,3.00,54.43
123272,195.68,250.00,100,3.00,54.32
123372,195.78,250.00,100,3.00,54.22
123472,195.89,250.00,100,3.00,54.11
123572,195.98,250.00,100,3.00,54.02
123672,196.08,250.00,100,3.00,53.92
123772,196.17,250.00,100,3.00,53.83
123872,196.27,250.00,100,3.00,53.73
123972,196.37,250.00,100,3.00,53.63
124072,196.47,250.00,100,3.00,53.53
124172,196.56,250.00,100,3.00,53.44
124272,196.67,250.00,100,3.00,53.33
124372,196.77,250.00,100,3.00,53.23
124472,196.88,250.00,100,3.00,53.12
124572,196.97,250.00,100,3.00,53.03
124672,197.07,250.00,100,3.00,52.93
124772,197.17,250.00,100,3.00,52.83
124872,197.27,250.00,100,3.00,52.73
124972,197.36,250.00,100,3.00,52.64
125072,197.46,250.00,100,3.00,52.54
125172,197.57,250.00,100,3.00,52.43
125272,197.66,250.00,100,3.00,52.34
125372,197.76,250.00,100,3.00,52.24
125472,197.86,250.00,100,3.00,52.14
125572,197.97,250.00,100,3.00,52.03
125672,198.05,250.00,100,3.00,51.95
125772,198.15,250.00,100,3.00,51.85
125872,198.24,250.00,100,3.00,51.76
125972,198.33,250.00,100,3.00,51.67
126072,198.43,250.00,100,3.00,51.57
126172,198.53,250.00,100,3.00,51.47
126272,198.62,250.00,100,3.00,51.38
126372,198.72,250.00,100,3.00,51.28
126472,198.82,250.00,100,3.00,51.18
126572,198.93,250.00,100,3.00,51.07
126672,199.02,250.00,100,3.00,50.98
126772,199.13,250.00,100,3.00,50.87
126872,199.24,250.00,100,3.00,50.76
126972,199.33,250.00,100,3.00,50.67
127072,199.42,250.00,100,3.00,50.58
127172,199.52,250.00,100,3.00,50.48
127272,199.62,250.00,100,3.00,50.38
127372,199.71,250.00,100,3.00,50.29
127472,199.81,250.00,100,3.00,50.19
127572,199.90,250.00,100,3.00,50.10
127672,200.02,250.00,100,3.00,49.98
127772,200.10,250.00,100,3.00,49.90
127872,200.20,250.00,100,3.00,49.80
127972,200.30,250.00,100,3.00,49.70
128072,200.40,250.00,100,3.00,49.60
128172,200.49,250.00,100,3.00,49.51
128272,200.58,250.00,100,3.00,49.42
128372,200.68,250.00,100,3.00,49.32
128472,200.79,250.00,100,3.00,49.21
128572,200.88,250.00,100,3.00,49.12
128672,201.00,250.00,100,3.00,49.00
128772,201.09,250.00,100,3.00,48.91
128872,201.19,250.00,100,3.00,48.81
128972,201.30,250.00,100,3.00,48.70
129072,201.39,250.00,100,3.00,48.61
129172,201.48,250.00,100,3.00,48.52
129272,201.56,250.00,100,3.00,48.44
129372,201.67,250.00,100,3.00,48.33
129472,201.76,250.00,100,3.00,48.24
129572,201.85,250.00,100,3.00,48.15
129672,201.94,250.00,100,3.00,48.06
129772,202.06,250.00,100,3.00,47.94
129872,202.14,250.00,100,3.00,47.86
129972,202.24,250.00,100,3.00,47.76
130072,202.33,250.00,100,3.00,47.67
130172,202.41,250.00,100,3.00,47.59
130272,202.51,250.00,100,3.00,47.49
130372,202.61,250.00,100,3.00,47.39
130472,202.71,250.00,100,3.00,47.29
130572,202.82,250.00,100,3.00,47.18
130672,202.91,250.00,100,3.00,47.09
130772,203.02,250.00,100,3.00,46.98
130872,203.10,250.00,100,3.00,46.90
130972,203.20,250.00,100,3.00,46.80
131072,203.29,250.00,100,3.00,46.71
131172,203.38,250.00,100,3.00,46.62
131272,203.47,250.00,100,3.00,46.53
131372,203.56,250.00,100,3.00,46.44
131472,203.66,250.00,100,3.00,46.34
131572,203.75,250.00,100,3.00,46.25
131672,203.84,250.00,100,3.00,46.16
131772,203.93,250.00,100,3.00,46.07
131872,204.05,250.00,100,3.00,45.95
131972,204.13,250.00,100,3.00,45.87
132072,204.23,250.00,100,3.00,45.77
132172,204.31,250.00,100,3.00,45.69
132272,204.41,250.00,100,3.00,45.59
132372,204.53,250.00,100,3.00,45.47
132472,204.63,250.00,100,3.00,45.37
132572,204.73,250.00,100,3.00,45.27
132672,204.85,250.00,100,3.00,45.15
132772,204.95,250.00,100,3.00,45.05
132872,205.07,250.00,100,3.00,44.93
132972,205.16,250.00,100,3.00,44.84
133072,205.26,250.00,100,3.00,44.74
133172,205.37,250.00,100,3.00,44.63
133272,205.47,250.00,100,3.00,44.53
133372,205.55,250.00,100,3.00,44.45
133472,205.63,250.00,100,3.00,44.37
133572,205.74,250.00,100,3.00,44.26
133672,205.83,250.00,100,3.00,44.17
133772,205.92,250.00,100,3.00,44.08
133872,206.01,250.00,100,3.00,43.99
133972,206.12,250.00,100,3.00,43.88
134072,206.21,250.00,100,3.00,43.79
134172,206.30,250.00,100,3.00,43.70
134272,206.39,250.00,100,3.00,43.61
134372,206.48,250.00,100,3.00,43.52
134472,206.58,250.00,100,3.00,43.42
134572,206.67,250.00,100,3.00,43.33
134672,206.76,250.00,100,3.00,43.24
134772,206.87,250.00,100,3.00,43.13
134872,206.97,250.00,100,3.00,43.03
134972,207.08,250.00,100,3.00,42.92
135072,207.17,250.00,100,3.00,42.83
135172,207.27,250.00,100,3.00,42.73
135272,207.38,250.00,100,3.00,42.62
135372,207.47,250.00,100,3.00,42.53
135472,207.55,250.00,100,3.00,42.45
135572,207.64,250.00,100,3.00,42.36
135672,207.75,250.00,100,3.00,42.25
135772,207.84,250.00,100,3.00,42.16
135872,207.94,250.00,100,3.00,42.06
135972,208.02,250.00,100,3.00,41.98
136072,208.13,250.00,100,3.00,41.87
136172,208.20,250.00,100,3.00,41.80
136272,208.30,250.00,100,3.00,41.70
136372,208.40,250.00,100,3.00,41.60
136472,208.49,250.00,100,3.00,41.51
136572,208.58,250.00,100,3.00,41.42
136672,208.67,250.00,100,3.00,41.33
136772,208.76,250.00,100,3.00,41.24
136872,208.86,250.00,100,3.00,41.14
136972,208.95,250.00,100,3.00,41.05
137072,209.07,250.00,100,3.00,40.93
137172,209.15,250.00,100,3.00,40.85
137272,209.25,250.00,100,3.00,40.75
137372,209.36,250.00,100,3.00,40.64
137472,209.45,250.00,100,3.00,40.55
137572,209.54,250.00,100,3.00,40.46
137672,209.63,250.00,100,3.00,40.37
137772,209.74,250.00,100,3.00,40.26
137872,209.82,250.00,100,3.00,40.18
137972,209.90,250.00,100,3.00,40.10
138072,209.99,250.00,100,3.00,40.01
138172,210.09,250.00,100,3.00,39.91
138272,210.16,250.00,100,3.00,39.84
138372,210.25,250.00,100,3.00,39.75
138472,210.34,250.00,100,3.00,39.66
138572,210.43,250.00,100,3.00,39.57
138672,210.53,250.00,100,3.00,39.47
138772,210.62,250.00,100,3.00,39.38
138872,210.70,250.00,100,3.00,39.30
138972,210.80,250.00,100,3.00,39.20
139072,210.90,250.00,100,3.00,39.10
139172,211.01,250.00,100,3.00,38.99
139272,211.09,250.00,100,3.00,38.91
139372,211.19,250.00,100,3.00,38.81
139472,211.29,250.00,100,3.00,38.71
139572,211.38,250.00,100,3.00,38.62
139672,211.46,250.00,100,3.00,38.54
139772,211.55,250.00,100,3.00,38.45
139872,211.66,250.00,100,3.00,38.34
139972,211.75,250.00,100,3.00,38.25
140072,211.84,250.00,100,3.00,38.16
140172,211.93,250.00,100,3.00,38.07
140272,212.03,250.00,100,3.00,37.97
140372,212.10,250.00,100,3.00,37.90
140472,212.19,250.00,100,3.00,37.81
140572,212.27,250.00,100,3.00,37.73
140672,212.36,250.00,100,3.00,37.64
140772,212.46,250.00,100,3.00,37.54
140872,212.55,250.00,100,3.00,37.45
140972,212.64,250.00,100,3.00,37.36
141072,212.75,250.00,100,3.00,37.25
141172,212.85,250.00,100,3.00,37.15
141272,212.96,250.00,100,3.00,37.04
141372,213.05,250.00,100,3.00,36.95
141472,213.15,250.00,100,3.00,36.85
141572,213.26,250.00,100,3.00,36.74
141672,213.35,250.00,100,3.00,36.65
141772,213.43,250.00,100,3.00,36.57
141872,213.52,250.00,100,3.00,36.48
141972,213.63,250.00,100,3.00,36.37
142072,213.74,250.00,100,3.00,36.26
142172,213.84,250.00,100,3.00,36.16
142272,213.94,250.00,100,3.00,36.06
142372,214.05,250.00,100,3.00,35.95
142472,214.13,250.00,100,3.00,35.87
142572,214.23,250.00,100,3.00,35.77
142672,214.32,250.00,100,3.00,35.68
142772,214.41,250.00,100,3.00,35.59
142872,214.50,250.00,100,3.00,35.50
142972,214.59,250.00,100,3.00,35.41
143072,214.67,250.00,100,3.00,35.33
143172,214.78,250.00,100,3.00,35.22
143272,214.88,250.00,100,3.00,35.12
143372,214.99,250.00,100,3.00,35.01
143472,215.08,250.00,100,3.00,34.92
143572,215.18,250.00,100,3.00,34.82
143672,215.28,250.00,100,3.00,34.72
143772,215.36,250.00,100,3.00,34.64
143872,215.45,250.00,100,3.00,34.55
143972,215.53,250.00,100,3.00,34.47
144072,215.64,250.00,100,3.00,34.36
144172,215.73,250.00,100,3.00,34.27
144272,215.82,250.00,100,3.00,34.18
144372,215.90,250.00,100,3.00,34.10
144472,216.02,250.00,100,3.00,33.98
144572,216.09,250.00,100,3.00,33.91
144672,216.18,250.00,100,3.00,33.82
144772,216.27,250.00,100,3.00,33.73
144872,216.35,250.00,100,3.00,33.65
144972,216.44,250.00,100,3.00,33.56
145072,216.52,250.00,100,3.00,33.48
145172,216.60,250.00,100,3.00,33.40
145272,216.69,250.00,100,3.00,33.31
145372,216.78,250.00,100,3.00,33.22
145472,216.89,250.00,100,3.00,33.11
145572,216.97,250.00,100,3.00,33.03
145672,217.07,250.00,100,3.00,32.93
145772,217.16,250.00,100,3.00,32.84
145872,217.24,250.00,100,3.00,32.76
145972,217.33,250.00,100,3.00,32.67
146072,217.41,250.00,100,3.00,32.59
146172,217.52,250.00,100,3.00,32.48
146272,217.60,250.00,100,3.00,32.40
146372,217.68,250.00,100,3.00,32.32
146472,217.76,250.00,100,3.00,32.24
146572,217.87,250.00,100,3.00,32.13
146672,217.94,250.00,100,3.00,32.06
146772,218.03,250.00,100,3.00,31.97
146872,218.11,250.00,100,3.00,31.89
146972,218.19,250.00,100,3.00,31.81
147072,218.29,250.00,100,3.00,31.71
147172,218.37,250.00,100,3.00,31.63
147272,218.45,250.00,100,3.00,31.55
147372,218.55,250.00,100,3.00,31.45
147472,218.64,250.00,100,3.00,31.36
147572,218.75,250.00,100,3.00,31.25
147672,218.83,250.00,100,3.00,31.17
147772,218.93,250.00,100,3.00,31.07
147872,219.01,250.00,100,3.00,30.99
147972,219.09,250.00,100,3.00,30.91
148072,219.16,250.00,100,3.00,30.84
148172,219.23,250.00,100,3.00,30.77
148272,219.34,250.00,100,3.00,30.66
148372,219.42,250.00,100,3.00,30.58
148472,219.51,250.00,100,3.00,30.49
148572,219.59,250.00,100,3.00,30.41
148672,219.69,250.00,100,3.00,30.31
148772,219.76,250.00,100,3.00,30.24
148872,219.84,250.00,100,3.00,30.16
148972,219.93,250.00,100,3.00,30.07
149072,220.02,250.00,100,3.00,29.98
149172,220.12,250.00,100,3.00,29.88
149272,220.19,250.00,100,3.00,29.81
149372,220.27,250.00,100,3.00,29.73
149472,220.37,250.00,100,3.00,29.63
149572,220.46,250.00,100,3.00,29.54
149672,220.56,250.00,100,3.00,29.44
149772,220.64,250.00,100,3.00,29.36
149872,220.74,250.00,100,3.00,29.26
149972,220.84,250.00,100,3.00,29.16
150072,220.92,250.00,100,3.00,29.08
150172,221.00,250.00,100,3.00,29.00
150272,221.08,250.00,100,3.00,28.92
150372,221.19,250.00,100,3.00,28.81
150472,221.27,250.00,100,3.00,28.73
150572,221.36,250.00,100,3.00,28.64
150672,221.44,250.00,100,3.00,28.56
150772,221.54,250.00,100,3.00,28.46
150872,221.60,250.00,100,3.00,28.40
150972,221.68,250.00,100,3.00,28.32
151072,221.77,250.00,100,3.00,28.23
151172,221.84,250.00,100,3.00,28.16
151272,221.93,250.00,100,3.00,28.07
151372,222.02,250.00,100,3.00,27.98
151472,222.09,250.00,100,3.00,27.91
151572,222.20,250.00,100,3.00,27.80
151672,222.28,250.00,100,3.00,27.72
151772,222.39,250.00,99,3.00,27.61
151872,222.48,250.00,100,3.00,27.52
151972,222.58,250.00,100,3.00,27.42
152072,222.68,250.00,99,3.00,27.32
152172,222.77,250.00,99,3.00,27.23
152272,222.89,250.00,96,3.00,27.11
152372,222.97,250.00,99,3.00,27.03
152472,223.09,250.00,96,3.00,26.91
152572,223.23,250.00,93,3.00,26.77
152672,223.34,250.00,95,3.00,26.66
152772,223.42,250.00,98,3.00,26.58
152872,223.51,250.00,96,3.00,26.49
152972,223.60,250.00,96,3.00,26.40
153072,223.70,250.00,95,3.00,26.30
153172,223.78,250.00,96,3.00,26.22
153272,223.91,250.00,91,3.00,26.09
153372,224.01,250.00,93,3.00,25.99
153472,224.13,250.00,92,3.00,25.87
153572,224.22,250.00,93,3.00,25.78
153672,224.30,250.00,95,3.00,25.70
153772,224.39,250.00,93,3.00,25.61
153872,224.45,250.00,96,3.00,25.55
153972,224.52,250.00,94,3.00,25.48
154072,224.58,250.00,95,3.00,25.42
154172,224.71,250.00,88,3.00,25.29
154272,224.77,250.00,94,3.00,25.23
154372,224.86,250.00,91,3.00,25.14
154472,224.96,250.00,89,3.00,25.04
154572,225.05,250.00,91,3.00,24.95
154672,225.15,250.00,89,3.00,24.85
154772,225.23,250.00,90,3.00,24.77
154872,225.32,250.00,89,3.00,24.68
154972,225.40,250.00,90,3.00,24.60
155072,225.48,250.00,89,3.00,24.52
155172,225.58,250.00,87,3.00,24.42
155272,225.71,250.00,84,3.00,24.29
155372,225.79,250.00,88,3.00,24.21
155472,225.86,250.00,89,3.00,24.14
155572,225.96,250.00,86,3.00,24.04
155672,226.04,250.00,88,3.00,23.96
155772,226.11,250.00,88,3.00,23.89
155872,226.18,250.00,88,3.00,23.82
155972,226.26,250.00,86,3.00,23.74
156072,226.33,250.00,88,3.00,23.67
156172,226.42,250.00,85,3.00,23.58
156272,226.49,250.00,86,3.00,23.51
156372,226.57,250.00,86,3.00,23.43
156472,226.65,250.00,84,3.00,23.35
156572,226.73,250.00,85,3.00,23.27
156672,226.80,250.00,85,3.00,23.20
156772,226.90,250.00,82,3.00,23.10
156872,226.97,250.00,84,3.00,23.03
156972,227.05,250.00,83,3.00,22.95
157072,227.12,250.00,84,3.00,22.88
157172,227.17,250.00,86,3.00,22.83
157272,227.27,250.00,80,3.00,22.73
157372,227.36,250.00,82,3.00,22.64
157472,227.45,250.00,80,3.00,22.55
157572,227.52,250.00,82,3.00,22.48
157672,227.63,250.00,78,3.00,22.37
157772,227.72,250.00,80,3.00,22.28
157872,227.81,250.00,79,3.00,22.19
157972,227.87,250.00,82,3.00,22.13
158072,227.95,250.00,80,3.00,22.05
158172,228.02,250.00,80,3.00,21.98
158272,228.11,250.00,78,3.00,21.89
158372,228.19,250.00,79,3.00,21.81
158472,228.26,250.00,79,3.00,21.74
158572,228.33,250.00,79,3.00,21.67
158672,228.42,250.00,77,3.00,21.58
158772,228.48,250.00,79,3.00,21.52
158872,228.60,250.00,74,3.00,21.40
158972,228.68,250.00,77,3.00,21.32
159072,228.75,250.00,77,3.00,21.25
159172,228.82,250.00,78,3.00,21.18
159272,228.89,250.00,77,3.00,21.11
159372,228.96,250.00,77,3.00,21.04
159472,229.03,250.00,76,3.00,20.97
159572,229.11,250.00,75,3.00,20.89
159672,229.20,250.00,73,3.00,20.80
159772,229.30,250.00,72,3.00,20.70
159872,229.39,250.00,73,3.00,20.61
159972,229.48,250.00,73,3.00,20.52
160072,229.53,250.00,76,3.00,20.47
160172,229.62,250.00,72,3.00,20.38
160272,229.69,250.00,74,3.00,20.31
160372,229.72,250.00,77,3.00,20.28
160472,229.79,250.00,74,3.00,20.21
160572,229.84,250.00,75,3.00,20.16
160672,229.92,250.00,72,3.00,20.08
160772,230.01,250.00,70,3.00,19.99
160872,230.06,250.00,75,3.00,19.94
160972,230.11,250.00,74,3.00,19.89
161072,230.15,250.00,75,3.00,19.85
161172,230.21,250.00,73,3.00,19.79
161272,230.27,250.00,72,3.00,19.73
161372,230.33,250.00,73,3.00,19.67
161472,230.40,250.00,70,3.00,19.60
161572,230.46,250.00,72,3.00,19.54
161672,230.54,250.00,70,3.00,19.46
161772,230.60,250.00,71,3.00,19.40
161872,230.67,250.00,70,3.00,19.33
161972,230.72,250.00,71,3.00,19.28
162072,230.76,250.00,73,3.00,19.24
162172,230.81,250.00,71,3.00,19.19
162272,230.87,250.00,70,3.00,19.13
162372,230.93,250.00,70,3.00,19.07
162472,230.97,250.00,71,3.00,19.03
162572,231.08,250.00,65,3.00,18.92
162672,231.13,250.00,70,3.00,18.87
162772,231.16,250.00,71,3.00,18.84
162872,231.23,250.00,68,3.00,18.77
162972,231.28,250.00,69,3.00,18.72
163072,231.32,250.00,70,3.00,18.68
163172,231.38,250.00,69,3.00,18.62
163272,231.41,250.00,70,3.00,18.59
163372,231.46,250.00,69,3.00,18.54
163472,231.54,250.00,66,3.00,18.46
163572,231.61,250.00,66,3.00,18.39
163672,231.66,250.00,68,3.00,18.34
163772,231.71,250.00,67,3.00,18.29
163872,231.78,250.00,66,3.00,18.22
163972,231.83,250.00,67,3.00,18.17
164072,231.91,250.00,64,3.00,18.09
164172,231.99,250.00,64,3.00,18.01
164272,232.04,250.00,66,3.00,17.96
164372,232.08,250.00,68,3.00,17.92
164472,232.15,250.00,64,3.00,17.85
164572,232.18,250.00,68,3.00,17.82
164672,232.28,250.00,60,3.00,17.72
164772,232.33,250.00,66,3.00,17.67
164872,232.40,250.00,63,3.00,17.60
164972,232.46,250.00,63,3.00,17.54
165072,232.51,250.00,65,3.00,17.49
165172,232.57,250.00,63,3.00,17.43
165272,232.60,250.00,66,3.00,17.40
165372,232.65,250.00,64,3.00,17.35
165472,232.68,250.00,66,3.00,17.32
165572,232.72,250.00,64,3.00,17.28
165672,232.80,250.00,61,3.00,17.20
165772,232.84,250.00,64,3.00,17.16
165872,232.87,250.00,65,3.00,17.13
165972,232.93,250.00,62,3.00,17.07
166072,232.99,250.00,61,3.00,17.01
166172,233.02,250.00,64,3.00,16.98
166272,233.03,250.00,66,3.00,16.97
166372,233.05,250.00,66,3.00,16.95
166472,233.07,250.00,66,3.00,16.93
166572,233.10,250.00,64,3.00,16.90
166672,233.13,250.00,64,3.00,16.87
166772,233.17,250.00,63,3.00,16.83
166872,233.20,250.00,63,3.00,16.80
166972,233.24,250.00,63,3.00,16.76
167072,233.30,250.00,60,3.00,16.70
167172,233.34,250.00,62,3.00,16.66
167272,233.35,250.00,65,3.00,16.65
167372,233.37,250.00,65,3.00,16.63
167472,233.41,250.00,62,3.00,16.59
167572,233.42,250.00,64,3.00,16.58
167672,233.45,250.00,63,3.00,16.55
167772,233.47,250.00,63,3.00,16.53
167872,233.49,250.00,63,3.00,16.51
167972,233.53,250.00,62,3.00,16.47
168072,233.56,250.00,62,3.00,16.44
168172,233.62,250.00,59,3.00,16.38
168272,233.65,250.00,62,3.00,16.35
168372,233.68,250.00,63,3.00,16.32
168472,233.69,250.00,63,3.00,16.31
168572,233.73,250.00,61,3.00,16.27
168672,233.74,250.00,63,3.00,16.26
168772,233.77,250.00,61,3.00,16.23
168872,233.81,250.00,61,3.00,16.19
168972,233.83,250.00,63,3.00,16.17
169072,233.86,250.00,61,3.00,16.14
169172,233.90,250.00,60,3.00,16.10
169272,233.93,250.00,60,3.00,16.07
169372,233.94,250.00,63,3.00,16.06
169472,233.95,250.00,63,3.00,16.05
169572,233.97,250.00,62,3.00,16.03
169672,234.00,250.00,61,3.00,16.00
169772,234.00,250.00,63,3.00,16.00
169872,234.03,250.00,61,3.00,15.97
169972,234.04,250.00,62,3.00,15.96
170072,234.07,250.00,60,3.00,15.93
170172,234.09,250.00,61,3.00,15.91
170272,234.13,250.00,59,3.00,15.87
170372,234.14,250.00,62,3.00,15.86
170472,234.16,250.00,61,3.00,15.84
170572,234.18,250.00,61,3.00,15.82
170672,234.20,250.00,60,3.00,15.80
170772,234.22,250.00,61,3.00,15.78
170872,234.21,250.00,63,3.00,15.79
170972,234.19,250.00,64,3.00,15.81
171072,234.19,250.00,63,3.00,15.81
171172,234.18,250.00,63,3.00,15.82
171272,234.20,250.00,61,3.00,15.80
171372,234.21,250.00,61,3.00,15.79
171472,234.21,250.00,63,3.00,15.79
171572,234.19,250.00,64,3.00,15.81
171672,234.20,250.00,61,3.00,15.80
171772,234.22,250.00,61,3.00,15.78
171872,234.22,250.00,62,3.00,15.78
171972,234.23,250.00,61,3.00,15.77
172072,234.24,250.00,62,3.00,15.76
172172,234.26,250.00,61,3.00,15.74
172272,234.26,250.00,63,3.00,15.74
172372,234.26,250.00,63,3.00,15.74
172472,234.26,250.00,62,3.00,15.74
172572,234.26,250.00,63,3.00,15.74
172672,234.28,250.00,61,3.00,15.72
172772,234.28,250.00,62,3.00,15.72
172872,234.28,250.00,63,3.00,15.72
172972,234.27,250.00,64,3.00,15.73
173072,234.27,250.00,62,3.00,15.73
173172,234.27,250.00,63,3.00,15.73
173272,234.26,250.00,64,3.00,15.74
173372,234.26,250.00,63,3.00,15.74
173472,234.26,250.00,62,3.00,15.74
173572,234.26,250.00,63,3.00,15.74
173672,234.28,250.00,61,3.00,15.72
173772,234.25,250.00,66,3.00,15.75
173872,234.24,250.00,64,3.00,15.76
173972,234.21,250.00,65,3.00,15.79
174072,234.20,250.00,63,3.00,15.80
174172,234.20,250.00,63,3.00,15.80
174272,234.24,250.00,58,3.00,15.76
174372,234.22,250.00,64,3.00,15.78
174472,234.20,250.00,64,3.00,15.80
174572,234.21,250.00,62,3.00,15.79
174672,234.20,250.00,63,3.00,15.80
174772,234.21,250.00,61,3.00,15.79
174872,234.19,250.00,65,3.00,15.81
174972,234.19,250.00,62,3.00,15.81
175072,234.22,250.00,60,3.00,15.78
175172,234.23,250.00,61,3.00,15.77
175272,234.23,250.00,62,3.00,15.77
175372,234.24,250.00,61,3.00,15.76
175472,234.28,250.00,59,3.00,15.72
175572,234.27,250.00,63,3.00,15.73
175672,234.27,250.00,63,3.00,15.73
175772,234.28,250.00,62,3.00,15.72
175872,234.29,250.00,61,3.00,15.71
175972,234.30,250.00,62,3.00,15.70
176072,234.29,250.00,63,3.00,15.71
176172,234.29,250.00,63,3.00,15.71
176272,234.25,250.00,66,3.00,15.75
176372,234.27,250.00,61,3.00,15.73
176472,234.28,250.00,62,3.00,15.72
176572,234.28,250.00,62,3.00,15.72
176672,234.27,250.00,64,3.00,15.73
176772,234.28,250.00,62,3.00,15.72
176872,234.26,250.00,64,3.00,15.74
176972,234.25,250.00,64,3.00,15.75
177072,234.23,250.00,65,3.00,15.77
177172,234.19,250.00,66,3.00,15.81
177272,234.19,250.00,63,3.00,15.81
177372,234.17,250.00,65,3.00,15.83
177472,234.16,250.00,63,3.00,15.84
177572,234.18,250.00,61,3.00,15.82
177672,234.18,250.00,63,3.00,15.82
177772,234.16,250.00,65,3.00,15.84
177872,234.14,250.00,65,3.00,15.86
177972,234.13,250.00,64,3.00,15.87
178072,234.11,250.00,65,3.00,15.89
178172,234.09,250.00,65,3.00,15.91
178272,234.07,250.00,66,3.00,15.93
178372,234.06,250.00,64,3.00,15.94
178472,234.06,250.00,63,3.00,15.94
178572,234.04,250.00,65,3.00,15.96
178672,234.00,250.00,67,3.00,16.00
178772,233.98,250.00,66,3.00,16.02
178872,233.95,250.00,67,3.00,16.05
178972,233.94,250.00,65,3.00,16.06
179072,233.91,250.00,66,3.00,16.09
179172,233.90,250.00,65,3.00,16.10
179272,233.89,250.00,65,3.00,16.11
179372,233.88,250.00,64,3.00,16.12
179472,233.86,250.00,66,3.00,16.14
179572,233.85,250.00,65,3.00,16.15
179672,233.82,250.00,68,3.00,16.18
179772,233.79,250.00,67,3.00,16.21
179872,233.81,250.00,63,3.00,16.19
179972,233.79,250.00,67,3.00,16.21
180072,233.75,250.00,68,3.00,16.25
180172,233.73,250.00,66,3.00,16.27
180272,233.73,250.00,65,3.00,16.27
180372,233.73,250.00,64,3.00,16.27
180472,233.71,250.00,67,3.00,16.29
180572,233.71,250.00,64,3.00,16.29
180672,233.70,250.00,66,3.00,16.30
180772,233.72,250.00,63,3.00,16.28
180872,233.71,250.00,65,3.00,16.29
180972,233.71,250.00,65,3.00,16.29
181072,233.67,250.00,69,3.00,16.33
181172,233.65,250.00,67,3.00,16.35
181272,233.64,250.00,66,3.00,16.36
181372,233.64,250.00,66,3.00,16.36
181472,233.63,250.00,66,3.00,16.37
181572,233.63,250.00,65,3.00,16.37
181672,233.63,250.00,64,3.00,16.37
181772,233.64,250.00,65,3.00,16.36
181872,233.61,250.00,67,3.00,16.39
181972,233.62,250.00,64,3.00,16.38
182072,233.58,250.00,69,3.00,16.42
182172,233.57,250.00,66,3.00,16.43
182272,233.57,250.00,65,3.00,16.43
182372,233.55,250.00,67,3.00,16.45
182472,233.55,250.00,66,3.00,16.45
182572,233.51,250.00,69,3.00,16.49
182672,233.51,250.00,66,3.00,16.49
182772,233.50,250.00,67,3.00,16.50
182872,233.48,250.00,68,3.00,16.52
182972,233.49,250.00,65,3.00,16.51
183072,233.47,250.00,67,3.00,16.53
183172,233.46,250.00,66,3.00,16.54
183272,233.43,250.00,69,3.00,16.57
183372,233.43,250.00,66,3.00,16.57
183472,233.41,250.00,67,3.00,16.59
183572,233.40,250.00,67,3.00,16.60
183672,233.35,250.00,72,3.00,16.65
183772,233.30,250.00,70,3.00,16.70
183872,233.26,250.00,71,3.00,16.74
183972,233.23,250.00,69,3.00,16.77
184072,233.25,250.00,65,3.00,16.75
184172,233.21,250.00,71,3.00,16.79
184272,233.21,250.00,67,3.00,16.79
184372,233.20,250.00,68,3.00,16.80
184472,233.19,250.00,68,3.00,16.81
184572,233.19,250.00,67,3.00,16.81
184672,233.19,250.00,68,3.00,16.81
184772,233.19,250.00,67,3.00,16.81
184872,233.18,250.00,67,3.00,16.82
184972,233.19,250.00,66,3.00,16.81
185072,233.19,250.00,68,3.00,16.81
185172,233.16,250.00,69,3.00,16.84
185272,233.15,250.00,68,3.00,16.85
185372,233.13,250.00,69,3.00,16.87
185472,233.11,250.00,69,3.00,16.89
185572,233.10,250.00,68,3.00,16.90
185672,233.05,250.00,72,3.00,16.95
185772,233.03,250.00,70,3.00,16.97
185872,233.03,250.00,67,3.00,16.97
185972,233.05,250.00,66,3.00,16.95
186072,233.06,250.00,67,3.00,16.94
186172,233.08,250.00,65,3.00,16.92
186272,233.05,250.00,71,3.00,16.95
186372,233.02,250.00,70,3.00,16.98
186472,232.98,250.00,71,3.00,17.02
186572,232.97,250.00,69,3.00,17.03
186672,233.00,250.00,64,3.00,17.00
186772,233.00,250.00,67,3.00,17.00
186872,233.00,250.00,68,3.00,17.00
186972,232.99,250.00,68,3.00,17.01
187072,232.98,250.00,68,3.00,17.02
187172,232.98,250.00,68,3.00,17.02
187272,232.96,250.00,69,3.00,17.04
187372,232.99,250.00,65,3.00,17.01
187472,232.98,250.00,68,3.00,17.02
187572,232.96,250.00,70,3.00,17.04
187672,232.96,250.00,68,3.00,17.04
187772,232.97,250.00,66,3.00,17.03
187872,232.95,250.00,70,3.00,17.05
187972,232.94,250.00,69,3.00,17.06
188072,232.90,250.00,72,3.00,17.10
188172,232.89,250.00,70,3.00,17.11
188272,232.87,250.00,69,3.00,17.13
188372,232.86,250.00,69,3.00,17.14
188472,232.87,250.00,67,3.00,17.13
188572,232.85,250.00,70,3.00,17.15
188672,232.84,250.00,69,3.00,17.16
188772,232.83,250.00,69,3.00,17.17
188872,232.80,250.00,71,3.00,17.20
188972,232.80,250.00,68,3.00,17.20
189072,232.82,250.00,67,3.00,17.18
189172,232.81,250.00,69,3.00,17.19
189272,232.80,250.00,69,3.00,17.20
189372,232.80,250.00,69,3.00,17.20
189472,232.80,250.00,68,3.00,17.20
189572,232.78,250.00,71,3.00,17.22
189672,232.78,250.00,68,3.00,17.22
189772,232.77,250.00,70,3.00,17.23
189872,232.78,250.00,68,3.00,17.22
189972,232.77,250.00,69,3.00,17.23
190072,232.77,250.00,69,3.00,17.23
190172,232.76,250.00,70,3.00,17.24
190272,232.75,250.00,70,3.00,17.25
190372,232.75,250.00,69,3.00,17.25
190472,232.74,250.00,69,3.00,17.26
190572,232.74,250.00,68,3.00,17.26
190672,232.72,250.00,70,3.00,17.28
190772,232.73,250.00,68,3.00,17.27
190872,232.75,250.00,66,3.00,17.25
190972,232.72,250.00,71,3.00,17.28
191072,232.69,250.00,71,3.00,17.31
191172,232.71,250.00,67,3.00,17.29
191272,232.68,250.00,72,3.00,17.32
191372,232.66,250.00,70,3.00,17.34
191472,232.65,250.00,70,3.00,17.35
191572,232.64,250.00,70,3.00,17.36
191672,232.62,250.00,72,3.00,17.38
191772,232.61,250.00,70,3.00,17.39
191872,232.60,250.00,71,3.00,17.40
191972,232.60,250.00,69,3.00,17.40
192072,232.60,250.00,70,3.00,17.40
192172,232.61,250.00,69,3.00,17.39
192272,232.60,250.00,70,3.00,17.40
192372,232.60,250.00,69,3.00,17.40
192472,232.64,250.00,65,3.00,17.36
192572,232.63,250.00,70,3.00,17.37
192672,232.63,250.00,69,3.00,17.37
192772,232.62,250.00,71,3.00,17.38
192872,232.61,250.00,70,3.00,17.39
192971,232.60,250.00,71,3.00,17.40
193071,232.59,250.00,70,3.00,17.41
193171,232.58,250.00,69,3.00,17.42
193271,232.60,250.00,67,3.00,17.40
193371,232.60,250.00,69,3.00,17.40
193471,232.61,250.00,68,3.00,17.39
193571,232.62,250.00,69,3.00,17.38
193671,232.61,250.00,70,3.00,17.39
193771,232.63,250.00,67,3.00,17.37
193871,232.63,250.00,70,3.00,17.37
193971,232.63,250.00,69,3.00,17.37
194071,232.64,250.00,68,3.00,17.36
194171,232.64,250.00,69,3.00,17.36
194271,232.66,250.00,67,3.00,17.34
194371,232.68,250.00,67,3.00,17.32
194471,232.66,250.00,71,3.00,17.34
194571,232.68,250.00,67,3.00,17.32
194671,232.67,250.00,70,3.00,17.33
194771,232.67,250.00,68,3.00,17.33
194871,232.66,250.00,70,3.00,17.34
194971,232.65,250.00,70,3.00,17.35
195071,232.66,250.00,68,3.00,17.34
195171,232.65,250.00,70,3.00,17.35
195271,232.62,250.00,72,3.00,17.38
195371,232.64,250.00,68,3.00,17.36
195471,232.66,250.00,67,3.00,17.34
195571,232.65,250.00,70,3.00,17.35
195671,232.64,250.00,70,3.00,17.36
195771,232.64,250.00,69,3.00,17.36
195871,232.62,250.00,71,3.00,17.38
195971,232.63,250.00,69,3.00,17.37
196071,232.60,250.00,72,3.00,17.40
196171,232.60,250.00,70,3.00,17.40
196271,232.60,250.00,69,3.00,17.40
196371,232.62,250.00,68,3.00,17.38
196471,232.64,250.00,67,3.00,17.36
196571,232.64,250.00,69,3.00,17.36
196671,232.66,250.00,67,3.00,17.34
196771,232.65,250.00,70,3.00,17.35
196871,232.64,250.00,70,3.00,17.36
196971,232.66,250.00,67,3.00,17.34
197071,232.66,250.00,69,3.00,17.34
197171,232.67,250.00,68,3.00,17.33
197271,232.66,250.00,70,3.00,17.34
197371,232.68,250.00,67,3.00,17.32
197471,232.68,250.00,68,3.00,17.32
197571,232.69,250.00,68,3.00,17.31
197671,232.70,250.00,68,3.00,17.30
197771,232.68,250.00,70,3.00,17.32
197871,232.69,250.00,68,3.00,17.31
197971,232.69,250.00,68,3.00,17.31
198071,232.69,250.00,69,3.00,17.31
198171,232.71,250.00,66,3.00,17.29
198271,232.73,250.00,67,3.00,17.27
198371,232.70,250.00,71,3.00,17.30
198471,232.72,250.00,66,3.00,17.28
198571,232.76,250.00,65,3.00,17.24
198671,232.76,250.00,69,3.00,17.24
198771,232.78,250.00,67,3.00,17.22
198871,232.78,250.00,69,3.00,17.22
198971,232.77,250.00,69,3.00,17.23
199071,232.77,250.00,69,3.00,17.23
199171,232.75,250.00,71,3.00,17.25
199271,232.77,250.00,67,3.00,17.23
199371,232.74,250.00,72,3.00,17.26
199471,232.77,250.00,66,3.00,17.23
199571,232.78,250.00,67,3.00,17.22
199671,232.80,250.00,67,3.00,17.20
199771,232.81,250.00,67,3.00,17.19
199871,232.81,250.00,68,3.00,17.19
199971,232.80,250.00,70,3.00,17.20
200071,232.77,250.00,71,3.00,17.23
200171,232.74,250.00,72,3.00,17.26
200271,232.73,250.00,70,3.00,17.27
200371,232.73,250.00,68,3.00,17.27
200471,232.76,250.00,66,3.00,17.24
200571,232.74,250.00,71,3.00,17.26
200671,232.79,250.00,64,3.00,17.21
200771,232.81,250.00,66,3.00,17.19
200871,232.79,250.00,70,3.00,17.21
200971,232.81,250.00,67,3.00,17.19
201071,232.78,250.00,71,3.00,17.22
201171,232.78,250.00,69,3.00,17.22
201271,232.80,250.00,66,3.00,17.20
201371,232.82,250.00,67,3.00,17.18
201471,232.82,250.00,68,3.00,17.18
201571,232.85,250.00,65,3.00,17.15
201671,232.83,250.00,70,3.00,17.17
201771,232.81,250.00,70,3.00,17.19
201871,232.79,250.00,71,3.00,17.21
201971,232.80,250.00,67,3.00,17.20
202071,232.80,250.00,69,3.00,17.20
202171,232.79,250.00,69,3.00,17.21
202271,232.81,250.00,66,3.00,17.19
202371,232.83,250.00,67,3.00,17.17
202471,232.83,250.00,68,3.00,17.17
202571,232.79,250.00,72,3.00,17.21
202671,232.79,250.00,69,3.00,17.21
202771,232.82,250.00,65,3.00,17.18
202871,232.81,250.00,69,3.00,17.19
202971,232.81,250.00,69,3.00,17.19
203071,232.79,250.00,70,3.00,17.21
203171,232.81,250.00,67,3.00,17.19
203271,232.81,250.00,68,3.00,17.19
203371,232.78,250.00,71,3.00,17.22
203471,232.81,250.00,66,3.00,17.19
203571,232.86,250.00,63,3.00,17.14
203671,232.85,250.00,69,3.00,17.15
203771,232.83,250.00,70,3.00,17.17
203871,232.86,250.00,65,3.00,17.14
203971,232.85,250.00,68,3.00,17.15
204071,232.86,250.00,67,3.00,17.14
204171,232.88,250.00,66,3.00,17.12
204271,232.87,250.00,68,3.00,17.13
204371,232.87,250.00,68,3.00,17.13
204471,232.86,250.00,69,3.00,17.14
204571,232.86,250.00,68,3.00,17.14
204671,232.84,250.00,70,3.00,17.16
204771,232.85,250.00,67,3.00,17.15
204871,232.86,250.00,66,3.00,17.14
204971,232.85,250.00,69,3.00,17.15
205071,232.85,250.00,68,3.00,17.15
205171,232.85,250.00,68,3.00,17.15
205271,232.86,250.00,67,3.00,17.14
205371,232.86,250.00,68,3.00,17.14
205471,232.87,250.00,66,3.00,17.13
205571,232.88,250.00,67,3.00,17.12
205671,232.87,250.00,69,3.00,17.13
205771,232.91,250.00,63,3.00,17.09
205871,232.92,250.00,67,3.00,17.08
205971,232.96,250.00,64,3.00,17.04
206071,232.96,250.00,68,3.00,17.04
206171,232.94,250.00,69,3.00,17.06
206271,232.96,250.00,66,3.00,17.04
206371,232.96,250.00,68,3.00,17.04
206471,232.97,250.00,67,3.00,17.03
206571,232.95,250.00,69,3.00,17.05
206671,232.95,250.00,68,3.00,17.05
206771,232.94,250.00,69,3.00,17.06
206871,232.94,250.00,68,3.00,17.06
206971,232.94,250.00,68,3.00,17.06
207071,232.93,250.00,69,3.00,17.07
207171,232.95,250.00,66,3.00,17.05
207271,232.95,250.00,67,3.00,17.05
207371,232.96,250.00,67,3.00,17.04
207471,232.97,250.00,67,3.00,17.03
207571,232.97,250.00,67,3.00,17.03
207671,232.98,250.00,67,3.00,17.02
207771,232.96,250.00,70,3.00,17.04
207871,232.98,250.00,65,3.00,17.02
207971,233.00,250.00,65,3.00,17.00
208071,233.02,250.00,65,3.00,16.98
208171,233.04,250.00,65,3.00,16.96
208271,233.06,250.00,66,3.00,16.94
208371,233.09,250.00,64,3.00,16.91
208471,233.11,250.00,65,3.00,16.89
208571,233.12,250.00,66,3.00,16.88
208671,233.14,250.00,65,3.00,16.86
208771,233.19,250.00,62,3.00,16.81
208871,233.18,250.00,67,3.00,16.82
208971,233.20,250.00,65,3.00,16.80
209071,233.20,250.00,67,3.00,16.80
209171,233.20,250.00,67,3.00,16.80
209271,233.25,250.00,62,3.00,16.75
209371,233.25,250.00,67,3.00,16.75
209471,233.25,250.00,66,3.00,16.75
209571,233.25,250.00,67,3.00,16.75
209671,233.24,250.00,67,3.00,16.76
209771,233.24,250.00,67,3.00,16.76
209871,233.25,250.00,66,3.00,16.75
209971,233.27,250.00,64,3.00,16.73
210071,233.27,250.00,66,3.00,16.73
210171,233.27,250.00,67,3.00,16.73
210271,233.27,250.00,66,3.00,16.73
210371,233.29,250.00,64,3.00,16.71
210471,233.29,250.00,66,3.00,16.71
210571,233.31,250.00,64,3.00,16.69
210671,233.32,250.00,65,3.00,16.68
210771,233.29,250.00,69,3.00,16.71
210871,233.33,250.00,62,3.00,16.67
210971,233.32,250.00,67,3.00,16.68
211071,233.32,250.00,66,3.00,16.68
211171,233.32,250.00,66,3.00,16.68
211271,233.31,250.00,66,3.00,16.69
211371,233.30,250.00,67,3.00,16.70
211471,233.30,250.00,66,3.00,16.70
211571,233.28,250.00,68,3.00,16.72
211671,233.29,250.00,66,3.00,16.71
211771,233.29,250.00,66,3.00,16.71
211871,233.29,250.00,66,3.00,16.71
211971,233.28,250.00,67,3.00,16.72
212071,233.28,250.00,66,3.00,16.72
212171,233.30,250.00,64,3.00,16.70
212271,233.34,250.00,62,3.00,16.66
212371,233.36,250.00,65,3.00,16.64
212471,233.36,250.00,66,3.00,16.64
212571,233.37,250.00,65,3.00,16.63
212671,233.37,250.00,67,3.00,16.63
212771,233.38,250.00,65,3.00,16.62
212871,233.37,250.00,67,3.00,16.63
212971,233.38,250.00,65,3.00,16.62
213071,233.37,250.00,67,3.00,16.63
213171,233.38,250.00,66,3.00,16.62
213271,233.37,250.00,67,3.00,16.63
213371,233.37,250.00,66,3.00,16.63
213471,233.37,250.00,67,3.00,16.63
213571,233.36,250.00,67,3.00,16.64
213671,233.34,250.00,68,3.00,16.66
213771,233.34,250.00,67,3.00,16.66
213871,233.35,250.00,65,3.00,16.65
213971,233.39,250.00,63,3.00,16.61
214071,233.43,250.00,62,3.00,16.57
214171,233.42,250.00,66,3.00,16.58
214271,233.42,250.00,66,3.00,16.58
214371,233.43,250.00,65,3.00,16.57
214471,233.41,250.00,67,3.00,16.59
214571,233.42,250.00,65,3.00,16.58
214671,233.42,250.00,66,3.00,16.58
214771,233.44,250.00,64,3.00,16.56
214871,233.45,250.00,64,3.00,16.55
214971,233.43,250.00,68,3.00,16.57
215071,233.43,250.00,65,3.00,16.57
215171,233.43,250.00,66,3.00,16.57
215271,233.43,250.00,65,3.00,16.57
215371,233.45,250.00,64,3.00,16.55
215471,233.42,250.00,69,3.00,16.58
215571,233.41,250.00,66,3.00,16.59
215671,233.41,250.00,66,3.00,16.59
215771,233.42,250.00,65,3.00,16.58
215871,233.43,250.00,65,3.00,16.57
215971,233.43,250.00,65,3.00,16.57
216071,233.43,250.00,66,3.00,16.57
216171,233.44,250.00,65,3.00,16.56
216271,233.45,250.00,64,3.00,16.55
216371,233.45,250.00,65,3.00,16.55
216471,233.45,250.00,66,3.00,16.55
216571,233.47,250.00,63,3.00,16.53
216671,233.44,250.00,68,3.00,16.56
216771,233.44,250.00,66,3.00,16.56
216871,233.43,250.00,67,3.00,16.57
216971,233.42,250.00,66,3.00,16.58
217071,233.42,250.00,66,3.00,16.58
217171,233.43,250.00,65,3.00,16.57
217271,233.42,250.00,66,3.00,16.58
217371,233.42,250.00,66,3.00,16.58
217471,233.43,250.00,65,3.00,16.57
217571,233.43,250.00,66,3.00,16.57
217671,233.42,250.00,66,3.00,16.58
217771,233.42,250.00,66,3.00,16.58
217871,233.44,250.00,64,3.00,16.56
217971,233.43,250.00,66,3.00,16.57
218071,233.45,250.00,64,3.00,16.55
218171,233.50,250.00,60,3.00,16.50
218271,233.55,250.00,60,3.00,16.45
218371,233.57,250.00,63,3.00,16.43
218471,233.59,250.00,63,3.00,16.41
218571,233.61,250.00,63,3.00,16.39
218671,233.64,250.00,62,3.00,16.36
218771,233.65,250.00,64,3.00,16.35
218871,233.65,250.00,65,3.00,16.35
218971,233.66,250.00,65,3.00,16.34
219071,233.67,250.00,64,3.00,16.33
219171,233.67,250.00,65,3.00,16.33
219271,233.67,250.00,65,3.00,16.33
219371,233.66,250.00,66,3.00,16.34
219471,233.67,250.00,64,3.00,16.33
219571,233.67,250.00,65,3.00,16.33
219671,233.68,250.00,64,3.00,16.32
219771,233.67,250.00,66,3.00,16.33
219871,233.66,250.00,66,3.00,16.34
219971,233.67,250.00,64,3.00,16.33
220071,233.67,250.00,65,3.00,16.33
220171,233.67,250.00,65,3.00,16.33
220271,233.66,250.00,66,3.00,16.34
220371,233.70,250.00,61,3.00,16.30
220471,233.70,250.00,65,3.00,16.30
220571,233.70,250.00,65,3.00,16.30
220671,233.69,250.00,66,3.00,16.31
220771,233.69,250.00,65,3.00,16.31
220871,233.67,250.00,67,3.00,16.33
220971,233.68,250.00,64,3.00,16.32
221071,233.68,250.00,65,3.00,16.32
221171,233.68,250.00,65,3.00,16.32
221271,233.68,250.00,65,3.00,16.32
221371,233.69,250.00,64,3.00,16.31
221471,233.68,250.00,65,3.00,16.32
221571,233.70,250.00,63,3.00,16.30
221671,233.73,250.00,62,3.00,16.27
221771,233.73,250.00,64,3.00,16.27
221871,233.73,250.00,65,3.00,16.27
221971,233.70,250.00,67,3.00,16.30
222071,233.71,250.00,64,3.00,16.29
222171,233.71,250.00,65,3.00,16.29
222271,233.70,250.00,65,3.00,16.30
222371,233.71,250.00,64,3.00,16.29
222471,233.72,250.00,64,3.00,16.28
222571,233.73,250.00,63,3.00,16.27
222671,233.73,250.00,64,3.00,16.27
222771,233.76,250.00,62,3.00,16.24
222871,233.76,250.00,64,3.00,16.24
222971,233.75,250.00,65,3.00,16.25
223071,233.75,250.00,64,3.00,16.25
223171,233.76,250.00,63,3.00,16.24
223271,233.75,250.00,65,3.00,16.25
223371,233.75,250.00,65,3.00,16.25
223471,233.75,250.00,64,3.00,16.25
223571,233.74,250.00,65,3.00,16.26
223671,233.76,250.00,62,3.00,16.24
223771,233.79,250.00,61,3.00,16.21
223871,233.78,250.00,66,3.00,16.22
223971,233.81,250.00,62,3.00,16.19
224071,233.80,250.00,65,3.00,16.20
224171,233.80,250.00,65,3.00,16.20
224271,233.79,250.00,66,3.00,16.21
224371,233.79,250.00,65,3.00,16.21
224471,233.78,250.00,65,3.00,16.22
224571,233.77,250.00,65,3.00,16.23
224671,233.78,250.00,63,3.00,16.22
224771,233.78,250.00,63,3.00,16.22
224871,233.78,250.00,65,3.00,16.22
224971,233.78,250.00,65,3.00,16.22
225071,233.79,250.00,64,3.00,16.21
225171,233.80,250.00,64,3.00,16.20
225271,233.80,250.00,64,3.00,16.20
225371,233.81,250.00,64,3.00,16.19
225471,233.79,250.00,67,3.00,16.21
225571,233.82,250.00,61,3.00,16.18
225671,233.82,250.00,65,3.00,16.18
225771,233.82,250.00,64,3.00,16.18
225871,233.84,250.00,62,3.00,16.16
225971,233.83,250.00,66,3.00,16.17
226071,233.82,250.00,65,3.00,16.18
226171,233.82,250.00,65,3.00,16.18
226271,233.80,250.00,66,3.00,16.20
226371,233.81,250.00,64,3.00,16.19
226471,233.81,250.00,65,3.00,16.19
226571,233.80,250.00,65,3.00,16.20
226671,233.81,250.00,64,3.00,16.19
226771,233.82,250.00,63,3.00,16.18
226871,233.83,250.00,64,3.00,16.17
226971,233.83,250.00,64,3.00,16.17
227071,233.81,250.00,67,3.00,16.19
227171,233.82,250.00,63,3.00,16.18
227271,233.81,250.00,66,3.00,16.19
227371,233.81,250.00,64,3.00,16.19
227471,233.80,250.00,66,3.00,16.20
227571,233.80,250.00,65,3.00,16.20
227671,233.80,250.00,64,3.00,16.20
227771,233.81,250.00,64,3.00,16.19
227871,233.81,250.00,64,3.00,16.19
227971,233.84,250.00,62,3.00,16.16
228071,233.83,250.00,65,3.00,16.17
228171,233.85,250.00,62,3.00,16.15
228271,233.87,250.00,62,3.00,16.13
228371,233.90,250.00,61,3.00,16.10
228471,233.91,250.00,63,3.00,16.09
228571,233.92,250.00,62,3.00,16.08
228671,233.95,250.00,60,3.00,16.05
228771,233.96,250.00,63,3.00,16.04
228871,233.97,250.00,63,3.00,16.03
228971,233.99,250.00,62,3.00,16.01
229071,234.01,250.00,61,3.00,15.99
229171,234.02,250.00,63,3.00,15.98
229271,234.02,250.00,63,3.00,15.98
229371,234.04,250.00,61,3.00,15.96
229471,234.04,250.00,63,3.00,15.96
229571,234.04,250.00,63,3.00,15.96
229671,234.05,250.00,63,3.00,15.95
229771,234.06,250.00,62,3.00,15.94
229871,234.04,250.00,65,3.00,15.96
229971,234.06,250.00,61,3.00,15.94
230071,234.07,250.00,61,3.00,15.93
230171,234.08,250.00,62,3.00,15.92
230271,234.12,250.00,60,3.00,15.88
230371,234.11,250.00,64,3.00,15.89
230471,234.12,250.00,62,3.00,15.88
230571,234.13,250.00,62,3.00,15.87
230671,234.15,250.00,61,3.00,15.85
230771,234.18,250.00,60,3.00,15.82
230871,234.23,250.00,58,3.00,15.77
230971,234.23,250.00,62,3.00,15.77
231071,234.24,250.00,61,3.00,15.76
231171,234.22,250.00,64,3.00,15.78
231271,234.23,250.00,61,3.00,15.77
231371,234.24,250.00,62,3.00,15.76
231471,234.24,250.00,63,3.00,15.76
231571,234.26,250.00,61,3.00,15.74
231671,234.24,250.00,65,3.00,15.76
231771,234.23,250.00,64,3.00,15.77
231871,234.23,250.00,62,3.00,15.77
231971,234.22,250.00,63,3.00,15.78
232071,234.21,250.00,63,3.00,15.79
232171,234.25,250.00,59,3.00,15.75
232271,234.25,250.00,62,3.00,15.75
232371,234.24,250.00,64,3.00,15.76
232471,234.23,250.00,64,3.00,15.77
232571,234.23,250.00,63,3.00,15.77
232671,234.23,250.00,63,3.00,15.77
232771,234.24,250.00,62,3.00,15.76
232871,234.24,250.00,63,3.00,15.76
232971,234.24,250.00,63,3.00,15.76
233071,234.24,250.00,63,3.00,15.76
233171,234.24,250.00,63,3.00,15.76
233271,234.28,250.00,59,3.00,15.72
233371,234.29,250.00,62,3.00,15.71
233471,234.30,250.00,61,3.00,15.70
233571,234.30,250.00,62,3.00,15.70
233671,234.30,250.00,63,3.00,15.70
233771,234.28,250.00,64,3.00,15.72
233871,234.31,250.00,60,3.00,15.69
233971,234.29,250.00,64,3.00,15.71
234071,234.29,250.00,62,3.00,15.71
234171,234.31,250.00,61,3.00,15.69
234271,234.31,250.00,62,3.00,15.69
234371,234.30,250.00,63,3.00,15.70
234471,234.31,250.00,62,3.00,15.69
234571,234.30,250.00,63,3.00,15.70
234671,234.28,250.00,65,3.00,15.72
234771,234.28,250.00,62,3.00,15.72
234871,234.29,250.00,62,3.00,15.71
234971,234.30,250.00,61,3.00,15.70
235071,234.29,250.00,64,3.00,15.71
235171,234.30,250.00,61,3.00,15.70
235271,234.32,250.00,60,3.00,15.68
235371,234.30,250.00,64,3.00,15.70
235471,234.30,250.00,63,3.00,15.70
235571,234.31,250.00,61,3.00,15.69
235671,234.31,250.00,62,3.00,15.69
235771,234.32,250.00,62,3.00,15.68
235871,234.33,250.00,61,3.00,15.67
235971,234.33,250.00,62,3.00,15.67
236071,234.34,250.00,61,3.00,15.66
236171,234.34,250.00,62,3.00,15.66
236271,234.35,250.00,61,3.00,15.65
236371,234.39,250.00,57,3.00,15.61
236471,234.42,250.00,59,3.00,15.58
236571,234.44,250.00,60,3.00,15.56
236671,234.42,250.00,64,3.00,15.58
236771,234.40,250.00,65,3.00,15.60
236871,234.39,250.00,63,3.00,15.61
236971,234.40,250.00,61,3.00,15.60
237071,234.43,250.00,59,3.00,15.57
237171,234.42,250.00,63,3.00,15.58
237271,234.45,250.00,59,3.00,15.55
237371,234.47,250.00,60,3.00,15.53
237471,234.47,250.00,61,3.00,15.53
237571,234.48,250.00,61,3.00,15.52
237671,234.48,250.00,61,3.00,15.52
237771,234.49,250.00,61,3.00,15.51
237871,234.51,250.00,59,3.00,15.49
237971,234.49,250.00,63,3.00,15.51
238071,234.49,250.00,62,3.00,15.51
238171,234.49,250.00,61,3.00,15.51
238271,234.47,250.00,63,3.00,15.53
238371,234.48,250.00,61,3.00,15.52
238471,234.47,250.00,62,3.00,15.53
238571,234.48,250.00,61,3.00,15.52
238671,234.46,250.00,64,3.00,15.54
238771,234.43,250.00,64,3.00,15.57
238871,234.45,250.00,60,3.00,15.55
238971,234.43,250.00,64,3.00,15.57
239071,234.47,250.00,58,3.00,15.53
239171,234.49,250.00,59,3.00,15.51
239271,234.50,250.00,61,3.00,15.50
239371,234.53,250.00,58,3.00,15.47
239471,234.53,250.00,61,3.00,15.47
239571,234.57,250.00,56,3.00,15.43
239671,234.60,250.00,59,3.00,15.40
239771,234.59,250.00,62,3.00,15.41
239871,234.60,250.00,60,3.00,15.40
239971,234.65,250.00,56,3.00,15.35
240071,234.66,250.00,60,3.00,15.34
240171,234.64,250.00,62,3.00,15.36
240271,234.63,250.00,62,3.00,15.37
240371,234.63,250.00,61,3.00,15.37
240471,234.63,250.00,61,3.00,15.37
240571,234.67,250.00,57,3.00,15.33
240671,234.66,250.00,61,3.00,15.34
240771,234.65,250.00,62,3.00,15.35
240871,234.64,250.00,61,3.00,15.36
240971,234.66,250.00,59,3.00,15.34
241071,234.66,250.00,61,3.00,15.34
241171,234.66,250.00,60,3.00,15.34
241271,234.70,250.00,57,3.00,15.30
241371,234.67,250.00,63,3.00,15.33
241471,234.69,250.00,58,3.00,15.31
241571,234.69,250.00,62,3.00,15.31
241671,234.69,250.00,60,3.00,15.31
241771,234.70,250.00,59,3.00,15.30
241871,234.72,250.00,59,3.00,15.28
241971,234.71,250.00,62,3.00,15.29
242071,234.69,250.00,63,3.00,15.31
242171,234.68,250.00,61,3.00,15.32
242271,234.68,250.00,61,3.00,15.32
242371,234.66,250.00,62,3.00,15.34
242471,234.64,250.00,63,3.00,15.36
242571,234.65,250.00,60,3.00,15.35
242671,234.69,250.00,56,3.00,15.31
242771,234.68,250.00,61,3.00,15.32
242871,234.68,250.00,61,3.00,15.32
242971,234.66,250.00,62,3.00,15.34
243071,234.64,250.00,63,3.00,15.36
243171,234.66,250.00,59,3.00,15.34
243271,234.66,250.00,60,3.00,15.34
243371,234.68,250.00,59,3.00,15.32
243471,234.68,250.00,60,3.00,15.32
243571,234.67,250.00,61,3.00,15.33
243671,234.71,250.00,57,3.00,15.29
243771,234.72,250.00,60,3.00,15.28
243871,234.74,250.00,58,3.00,15.26
243971,234.76,250.00,59,3.00,15.24
244071,234.76,250.00,61,3.00,15.24
244171,234.77,250.00,59,3.00,15.23
244271,234.77,250.00,60,3.00,15.23
244371,234.75,250.00,63,3.00,15.25
244471,234.75,250.00,60,3.00,15.25
244571,234.74,250.00,62,3.00,15.26
244671,234.74,250.00,61,3.00,15.26
244771,234.78,250.00,56,3.00,15.22
244871,234.79,250.00,60,3.00,15.21
244971,234.78,250.00,61,3.00,15.22
245071,234.79,250.00,59,3.00,15.21
245171,234.80,250.00,59,3.00,15.20
245271,234.81,250.00,59,3.00,15.19
245371,234.81,250.00,60,3.00,15.19
245471,234.81,250.00,60,3.00,15.19
245571,234.86,250.00,55,3.00,15.14
245671,234.87,250.00,59,3.00,15.13
245771,234.86,250.00,62,3.00,15.14
245871,234.85,250.00,61,3.00,15.15
245971,234.85,250.00,61,3.00,15.15
246071,234.84,250.00,61,3.00,15.16
246171,234.83,250.00,61,3.00,15.17
246271,234.81,250.00,62,3.00,15.19
246371,234.80,250.00,61,3.00,15.20
246471,234.81,250.00,59,3.00,15.19
246571,234.78,250.00,63,3.00,15.22
246671,234.77,250.00,61,3.00,15.23
246771,234.77,250.00,61,3.00,15.23
246871,234.76,250.00,61,3.00,15.24
246971,234.76,250.00,61,3.00,15.24
247071,234.75,250.00,61,3.00,15.25
247171,234.73,250.00,63,3.00,15.27
247271,234.75,250.00,59,3.00,15.25
247371,234.75,250.00,60,3.00,15.25
247471,234.75,250.00,61,3.00,15.25
247571,234.75,250.00,61,3.00,15.25
247671,234.74,250.00,61,3.00,15.26
247771,234.76,250.00,59,3.00,15.24
247871,234.74,250.00,63,3.00,15.26
247971,234.74,250.00,60,3.00,15.26
248071,234.74,250.00,61,3.00,15.26
248171,234.74,250.00,61,3.00,15.26
248271,234.75,250.00,59,3.00,15.25
248371,234.75,250.00,61,3.00,15.25
248471,234.75,250.00,61,3.00,15.25
248571,234.76,250.00,59,3.00,15.24
248671,234.77,250.00,60,3.00,15.23
248771,234.75,250.00,62,3.00,15.25
248871,234.76,250.00,60,3.00,15.24
248971,234.75,250.00,61,3.00,15.25
249071,234.75,250.00,61,3.00,15.25
249171,234.75,250.00,61,3.00,15.25
249271,234.73,250.00,62,3.00,15.27
249371,234.70,250.00,64,3.00,15.30
249471,234.70,250.00,61,3.00,15.30
249571,234.71,250.00,60,3.00,15.29
249671,234.71,250.00,61,3.00,15.29
249771,234.73,250.00,59,3.00,15.27
249871,234.74,250.00,60,3.00,15.26
249971,234.76,250.00,59,3.00,15.24
250071,234.76,250.00,60,3.00,15.24
250171,234.75,250.00,62,3.00,15.25
250271,234.77,250.00,58,3.00,15.23
250371,234.79,250.00,59,3.00,15.21
250471,234.82,250.00,57,3.00,15.18
250571,234.83,250.00,58,3.00,15.17
250671,234.81,250.00,62,3.00,15.19
250771,234.82,250.00,59,3.00,15.18
250871,234.82,250.00,60,3.00,15.18
250971,234.81,250.00,61,3.00,15.19
251071,234.83,250.00,58,3.00,15.17
251171,234.84,250.00,59,3.00,15.16
251271,234.82,250.00,61,3.00,15.18
251371,234.82,250.00,60,3.00,15.18
251471,234.80,250.00,62,3.00,15.20
251571,234.80,250.00,60,3.00,15.20
251671,234.80,250.00,60,3.00,15.20
251771,234.81,250.00,59,3.00,15.19
251871,234.80,250.00,61,3.00,15.20
251971,234.81,250.00,59,3.00,15.19
252071,234.83,250.00,58,3.00,15.17
252171,234.88,250.00,55,3.00,15.12
252271,234.85,250.00,63,3.00,15.15
252371,234.85,250.00,61,3.00,15.15
252471,234.84,250.00,61,3.00,15.16
252571,234.82,250.00,62,3.00,15.18
252671,234.82,250.00,60,3.00,15.18
252771,234.81,250.00,61,3.00,15.19
252871,234.85,250.00,56,3.00,15.15
252971,234.84,250.00,61,3.00,15.16
253071,234.87,250.00,58,3.00,15.13
253171,234.86,250.00,61,3.00,15.14
253271,234.87,250.00,60,3.00,15.13
253371,234.87,250.00,60,3.00,15.13
253471,234.87,250.00,60,3.00,15.13
253571,234.85,250.00,63,3.00,15.15
253671,234.85,250.00,60,3.00,15.15
253771,234.86,250.00,60,3.00,15.14
253871,234.86,250.00,60,3.00,15.14
253971,234.86,250.00,61,3.00,15.14
254071,234.88,250.00,58,3.00,15.12
254171,234.87,250.00,61,3.00,15.13
254271,234.85,250.00,63,3.00,15.15
254371,234.82,250.00,63,3.00,15.18
254471,234.82,250.00,59,3.00,15.18
254571,234.82,250.00,60,3.00,15.18
254671,234.81,250.00,61,3.00,15.19
254771,234.83,250.00,58,3.00,15.17
254871,234.80,250.00,63,3.00,15.20
254971,234.81,250.00,59,3.00,15.19
255071,234.78,250.00,63,3.00,15.22
255171,234.79,250.00,59,3.00,15.21
255271,234.80,250.00,59,3.00,15.20
255371,234.81,250.00,59,3.00,15.19
255471,234.80,250.00,61,3.00,15.20
255571,234.81,250.00,59,3.00,15.19
255671,234.82,250.00,59,3.00,15.18
255771,234.82,250.00,60,3.00,15.18
255871,234.84,250.00,58,3.00,15.16
255971,234.86,250.00,57,3.00,15.14
256071,234.86,250.00,61,3.00,15.14
256171,234.87,250.00,59,3.00,15.13
256271,234.87,250.00,61,3.00,15.13
256371,234.84,250.00,63,3.00,15.16
256471,234.86,250.00,59,3.00,15.14
256571,234.87,250.00,59,3.00,15.13
256671,234.87,250.00,61,3.00,15.13
256771,234.91,250.00,56,3.00,15.09
256871,234.89,250.00,62,3.00,15.11
256971,234.90,250.00,59,3.00,15.10
257071,234.89,250.00,61,3.00,15.11
257171,234.88,250.00,61,3.00,15.12
257271,234.87,250.00,61,3.00,15.13
257371,234.88,250.00,60,3.00,15.12
257471,234.86,250.00,62,3.00,15.14
257571,234.85,250.00,62,3.00,15.15
257671,234.85,250.00,60,3.00,15.15
257771,234.82,250.00,64,3.00,15.18
257871,234.83,250.00,59,3.00,15.17
257971,234.83,250.00,60,3.00,15.17
258071,234.83,250.00,59,3.00,15.17
258171,234.88,250.00,55,3.00,15.12
258271,234.86,250.00,62,3.00,15.14
258371,234.86,250.00,61,3.00,15.14
258471,234.86,250.00,60,3.00,15.14
258571,234.86,250.00,61,3.00,15.14
258671,234.85,250.00,61,3.00,15.15
258771,234.87,250.00,59,3.00,15.13
258871,234.88,250.00,59,3.00,15.12
258971,234.85,250.00,63,3.00,15.15
259071,234.82,250.00,64,3.00,15.18
259171,234.82,250.00,60,3.00,15.18
259271,234.81,250.00,61,3.00,15.19
259371,234.83,250.00,58,3.00,15.17
259471,234.83,250.00,60,3.00,15.17
259571,234.82,250.00,60,3.00,15.18
259671,234.80,250.00,62,3.00,15.20
259771,234.81,250.00,59,3.00,15.19
259871,234.82,250.00,59,3.00,15.18
259971,234.82,250.00,60,3.00,15.18
260071,234.84,250.00,58,3.00,15.16
260171,234.87,250.00,56,3.00,15.13
260271,234.93,250.00,54,3.00,15.07
260371,234.92,250.00,61,3.00,15.08
260471,234.91,250.00,61,3.00,15.09
260571,234.92,250.00,59,3.00,15.08
260671,234.93,250.00,59,3.00,15.07
260771,234.93,250.00,59,3.00,15.07
260871,234.93,250.00,60,3.00,15.07
260971,234.91,250.00,62,3.00,15.09
261071,234.92,250.00,59,3.00,15.08
261171,234.91,250.00,61,3.00,15.09
261271,234.92,250.00,59,3.00,15.08
261371,234.92,250.00,60,3.00,15.08
261471,234.93,250.00,58,3.00,15.07
261571,234.92,250.00,61,3.00,15.08
261671,234.91,250.00,61,3.00,15.09
261771,234.94,250.00,57,3.00,15.06
261871,234.95,250.00,58,3.00,15.05
261971,234.97,250.00,58,3.00,15.03
262071,234.96,250.00,60,3.00,15.04
262171,234.94,250.00,62,3.00,15.06
262271,234.94,250.00,59,3.00,15.06
262371,234.99,250.00,55,3.00,15.01
262471,235.00,250.00,58,3.00,15.00
262571,234.99,250.00,60,3.00,15.01
262671,235.02,250.00,57,3.00,14.98
262771,235.01,250.00,61,3.00,14.99
262871,235.00,250.00,61,3.00,15.00
262971,234.99,250.00,60,3.00,15.01
263071,234.96,250.00,62,3.00,15.04
263171,234.95,250.00,60,3.00,15.05
263271,234.94,250.00,61,3.00,15.06
263371,234.94,250.00,60,3.00,15.06
263471,234.92,250.00,61,3.00,15.08
263571,234.91,250.00,61,3.00,15.09
263671,234.93,250.00,58,3.00,15.07
263771,234.93,250.00,60,3.00,15.07
263871,234.92,250.00,60,3.00,15.08
263971,234.91,250.00,61,3.00,15.09
264071,234.88,250.00,63,3.00,15.12
264171,234.88,250.00,61,3.00,15.12
264271,234.89,250.00,59,3.00,15.11
264371,234.90,250.00,59,3.00,15.10
264471,234.89,250.00,61,3.00,15.11
264571,234.88,250.00,61,3.00,15.12
264671,234.90,250.00,58,3.00,15.10
264771,234.94,250.00,56,3.00,15.06
264871,234.96,250.00,58,3.00,15.04
264971,234.96,250.00,59,3.00,15.04
265071,234.93,250.00,63,3.00,15.07
265171,234.93,250.00,59,3.00,15.07
265271,234.91,250.00,62,3.00,15.09
265371,234.91,250.00,60,3.00,15.09
265471,234.96,250.00,55,3.00,15.04
265571,234.94,250.00,61,3.00,15.06
265671,234.96,250.00,58,3.00,15.04
265771,234.94,250.00,61,3.00,15.06
265871,234.94,250.00,60,3.00,15.06
265971,234.96,250.00,57,3.00,15.04
266071,234.95,250.00,61,3.00,15.05
266171,234.96,250.00,58,3.00,15.04
266271,234.96,250.00,60,3.00,15.04
266371,234.96,250.00,59,3.00,15.04
266471,234.98,250.00,57,3.00,15.02
266571,235.02,250.00,56,3.00,14.98
266671,235.01,250.00,61,3.00,14.99
266771,235.00,250.00,61,3.00,15.00
266871,235.00,250.00,60,3.00,15.00
266971,235.00,250.00,61,3.00,15.00
267071,235.00,250.00,61,3.00,15.00
267171,234.97,250.00,62,3.00,15.03
267271,234.95,250.00,62,3.00,15.05
267371,234.93,250.00,61,3.00,15.07
267471,234.95,250.00,58,3.00,15.05
267571,234.95,250.00,59,3.00,15.05
267671,234.94,250.00,61,3.00,15.06
267771,234.95,250.00,58,3.00,15.05
267871,234.96,250.00,59,3.00,15.04
267971,234.95,250.00,60,3.00,15.05
268071,234.98,250.00,57,3.00,15.02
268171,234.96,250.00,61,3.00,15.04
268271,234.97,250.00,58,3.00,15.03
268371,234.98,250.00,59,3.00,15.02
268471,234.98,250.00,59,3.00,15.02
268571,235.00,250.00,57,3.00,15.00
268671,235.05,250.00,55,3.00,14.95
268771,235.04,250.00,60,3.00,14.96
268871,235.06,250.00,58,3.00,14.94
268971,235.04,250.00,62,3.00,14.96
269071,235.06,250.00,59,3.00,14.94
269171,235.06,250.00,60,3.00,14.94
269271,235.05,250.00,61,3.00,14.95
269371,235.06,250.00,61,3.00,14.94
269471,235.03,250.00,64,3.00,14.97
269571,235.02,250.00,63,3.00,14.98
269671,235.03,250.00,61,3.00,14.97
269771,235.02,250.00,62,3.00,14.98
269871,235.03,250.00,62,3.00,14.97
269971,235.07,250.00,59,3.00,14.93
270071,235.06,250.00,63,3.00,14.94
270171,235.08,250.00,61,3.00,14.92
270271,235.06,250.00,65,3.00,14.94
270371,235.04,250.00,66,3.00,14.96
270471,235.03,250.00,64,3.00,14.97
270571,235.04,250.00,63,3.00,14.96
270671,235.07,250.00,62,3.00,14.93
270771,235.06,250.00,65,3.00,14.94
270871,235.11,250.00,59,3.00,14.89
270971,235.15,250.00,61,3.00,14.85
271071,235.20,250.00,59,3.00,14.80
271171,235.22,250.00,63,3.00,14.78
271271,235.22,250.00,64,3.00,14.78
271371,235.24,250.00,63,3.00,14.76
271471,235.23,250.00,66,3.00,14.77
271571,235.23,250.00,66,3.00,14.77
271671,235.25,250.00,64,3.00,14.75
271771,235.28,250.00,62,3.00,14.72
271871,235.28,250.00,66,3.00,14.72
271971,235.27,250.00,67,3.00,14.73
272071,235.26,250.00,67,3.00,14.74
272171,235.25,250.00,67,3.00,14.75
272271,235.26,250.00,66,3.00,14.74
272371,235.25,250.00,68,3.00,14.75
272471,235.26,250.00,66,3.00,14.74
272571,235.28,250.00,66,3.00,14.72
272671,235.28,250.00,67,3.00,14.72
272771,235.27,250.00,69,3.00,14.73
272871,235.26,250.00,69,3.00,14.74
272971,235.26,250.00,68,3.00,14.74
273071,235.28,250.00,66,3.00,14.72
273171,235.28,250.00,69,3.00,14.72
273271,235.28,250.00,69,3.00,14.72
273371,235.30,250.00,67,3.00,14.70
273471,235.31,250.00,68,3.00,14.69
273571,235.34,250.00,67,3.00,14.66
273671,235.32,250.00,71,3.00,14.68
273771,235.31,250.00,71,3.00,14.69
273871,235.32,250.00,69,3.00,14.68
273971,235.31,250.00,71,3.00,14.69
274071,235.30,250.00,72,3.00,14.70
274171,235.34,250.00,67,3.00,14.66
274271,235.34,250.00,70,3.00,14.66
274371,235.37,250.00,69,3.00,14.63
274471,235.36,250.00,72,3.00,14.64
274571,235.33,250.00,74,3.00,14.67
274671,235.33,250.00,72,3.00,14.67
274771,235.33,250.00,71,3.00,14.67
274871,235.33,250.00,73,3.00,14.67
274971,235.32,250.00,73,3.00,14.68
275071,235.35,250.00,70,3.00,14.65
275171,235.37,250.00,70,3.00,14.63
275271,235.37,250.00,73,3.00,14.63
275371,235.37,250.00,73,3.00,14.63
275471,235.40,250.00,70,3.00,14.60
275571,235.40,250.00,74,3.00,14.60
275671,235.42,250.00,72,3.00,14.58
275771,235.42,250.00,73,3.00,14.58
275871,235.44,250.00,72,3.00,14.56
275971,235.44,250.00,74,3.00,14.56
276071,235.45,250.00,74,3.00,14.55
276171,235.46,250.00,73,3.00,14.54
276271,235.50,250.00,71,3.00,14.50
276371,235.49,250.00,76,3.00,14.51
276471,235.49,250.00,75,3.00,14.51
276571,235.50,250.00,74,3.00,14.50
276671,235.47,250.00,78,3.00,14.53
276771,235.46,250.00,77,3.00,14.54
276871,235.48,250.00,75,3.00,14.52
276971,235.49,250.00,75,3.00,14.51
277071,235.48,250.00,76,3.00,14.52
277171,235.48,250.00,77,3.00,14.52
277271,235.48,250.00,77,3.00,14.52
277371,235.52,250.00,73,3.00,14.48
277471,235.51,250.00,79,3.00,14.49
277571,235.50,250.00,78,3.00,14.50
277671,235.49,250.00,79,3.00,14.51
277771,235.52,250.00,75,3.00,14.48
277871,235.51,250.00,79,3.00,14.49
277971,235.51,250.00,78,3.00,14.49
278071,235.52,250.00,78,3.00,14.48
278171,235.51,250.00,79,3.00,14.49
278271,235.54,250.00,76,3.00,14.46
278371,235.56,250.00,77,3.00,14.44
278471,235.56,250.00,79,3.00,14.44
278571,235.60,250.00,75,3.00,14.40
278671,235.59,250.00,81,3.00,14.41
278771,235.60,250.00,79,3.00,14.40
278871,235.60,250.00,80,3.00,14.40
278971,235.60,250.00,79,3.00,14.40
279071,235.60,250.00,81,3.00,14.40
279171,235.61,250.00,80,3.00,14.39
279271,235.61,250.00,80,3.00,14.39
279371,235.64,250.00,78,3.00,14.36
279471,235.61,250.00,84,3.00,14.39
279571,235.64,250.00,79,3.00,14.36
279671,235.64,250.00,81,3.00,14.36
279771,235.66,250.00,79,3.00,14.34
279871,235.66,250.00,82,3.00,14.34
279971,235.66,250.00,82,3.00,14.34
280071,235.66,250.00,82,3.00,14.34
280171,235.68,250.00,80,3.00,14.32
280271,235.69,250.00,82,3.00,14.31
280371,235.70,250.00,82,3.00,14.30
280471,235.71,250.00,82,3.00,14.29
280571,235.72,250.00,81,3.00,14.28
280671,235.77,250.00,79,3.00,14.23
280771,235.78,250.00,81,3.00,14.22
280871,235.80,250.00,82,3.00,14.20
280971,235.82,250.00,82,3.00,14.18
281071,235.82,250.00,83,3.00,14.18
281171,235.86,250.00,80,3.00,14.14
281271,235.91,250.00,78,3.00,14.09
281371,235.93,250.00,82,3.00,14.07
281471,235.95,250.00,82,3.00,14.05
281571,235.93,250.00,86,3.00,14.07
281671,235.95,250.00,83,3.00,14.05
281771,235.96,250.00,83,3.00,14.04
281871,235.99,250.00,82,3.00,14.01
281971,236.04,250.00,79,3.00,13.96
282071,236.07,250.00,82,3.00,13.93
282171,236.08,250.00,84,3.00,13.92
282271,236.11,250.00,82,3.00,13.89
282371,236.11,250.00,85,3.00,13.89
282471,236.15,250.00,81,3.00,13.85
282571,236.21,250.00,79,3.00,13.79
282671,236.23,250.00,84,3.00,13.77
282771,236.29,250.00,79,3.00,13.71
282871,236.30,250.00,84,3.00,13.70
282971,236.33,250.00,83,3.00,13.67
283071,236.33,250.00,86,3.00,13.67
283171,236.36,250.00,83,3.00,13.64
283271,236.36,250.00,86,3.00,13.64
283371,236.37,250.00,85,3.00,13.63
283471,236.39,250.00,84,3.00,13.61
283571,236.43,250.00,83,3.00,13.57
283671,236.45,250.00,84,3.00,13.55
283771,236.46,250.00,86,3.00,13.54
283871,236.50,250.00,83,3.00,13.50
283971,236.53,250.00,83,3.00,13.47
284071,236.52,250.00,88,3.00,13.48
284171,236.53,250.00,86,3.00,13.47
284271,236.54,250.00,86,3.00,13.46
284371,236.61,250.00,80,3.00,13.39
284471,236.63,250.00,86,3.00,13.37
284571,236.65,250.00,85,3.00,13.35
284671,236.68,250.00,85,3.00,13.32
284771,236.70,250.00,85,3.00,13.30
284871,236.72,250.00,86,3.00,13.28
284971,236.75,250.00,86,3.00,13.25
285071,236.77,250.00,85,3.00,13.23
285171,236.82,250.00,84,3.00,13.18
285271,236.85,250.00,85,3.00,13.15
285371,236.92,250.00,81,3.00,13.08
285471,236.93,250.00,87,3.00,13.07
285571,236.96,250.00,85,3.00,13.04
285671,236.99,250.00,86,3.00,13.01
285771,237.05,250.00,82,3.00,12.95
285871,237.07,250.00,87,3.00,12.93
285971,237.10,250.00,85,3.00,12.90
286071,237.15,250.00,84,3.00,12.85
286171,237.19,250.00,84,3.00,12.81
286271,237.23,250.00,85,3.00,12.77
286371,237.22,250.00,90,3.00,12.78
286471,237.25,250.00,86,3.00,12.75
286571,237.26,250.00,88,3.00,12.74
286671,237.29,250.00,85,3.00,12.71
286771,237.37,250.00,82,3.00,12.63
286871,237.40,250.00,85,3.00,12.60
286971,237.41,250.00,88,3.00,12.59
287071,237.44,250.00,87,3.00,12.56
287171,237.48,250.00,84,3.00,12.52
287271,237.51,250.00,87,3.00,12.49
287371,237.55,250.00,85,3.00,12.45
287471,237.62,250.00,83,3.00,12.38
287571,237.70,250.00,81,3.00,12.30
287671,237.73,250.00,86,3.00,12.27
287771,237.74,250.00,88,3.00,12.26
287871,237.79,250.00,84,3.00,12.21
287971,237.79,250.00,89,3.00,12.21
288071,237.84,250.00,84,3.00,12.16
288171,237.89,250.00,85,3.00,12.11
288271,237.93,250.00,85,3.00,12.07
288371,237.95,250.00,88,3.00,12.05
288471,237.97,250.00,88,3.00,12.03
288571,238.01,250.00,86,3.00,11.99
288671,238.04,250.00,87,3.00,11.96
288771,238.08,250.00,86,3.00,11.92
288871,238.16,250.00,81,3.00,11.84
288971,238.20,250.00,86,3.00,11.80
289071,238.26,250.00,83,3.00,11.74
289171,238.28,250.00,88,3.00,11.72
289271,238.29,250.00,88,3.00,11.71
289371,238.33,250.00,85,3.00,11.67
289471,238.37,250.00,86,3.00,11.63
289571,238.41,250.00,86,3.00,11.59
289671,238.44,250.00,87,3.00,11.56
289771,238.49,250.00,85,3.00,11.51
289871,238.54,250.00,84,3.00,11.46
289971,238.61,250.00,83,3.00,11.39
290071,238.63,250.00,88,3.00,11.37
290171,238.67,250.00,86,3.00,11.33
290271,238.73,250.00,84,3.00,11.27
290371,238.76,250.00,87,3.00,11.24
290471,238.81,250.00,85,3.00,11.19
290571,238.85,250.00,86,3.00,11.15
290671,238.91,250.00,84,3.00,11.09
290771,238.95,250.00,85,3.00,11.05
290871,239.00,250.00,85,3.00,11.00
290971,239.06,250.00,83,3.00,10.94
291071,239.11,250.00,85,3.00,10.89
291171,239.18,250.00,82,3.00,10.82
291271,239.22,250.00,86,3.00,10.78
291371,239.27,250.00,84,3.00,10.73
291471,239.32,250.00,85,3.00,10.68
291571,239.35,250.00,86,3.00,10.65
291671,239.38,250.00,87,3.00,10.62
291771,239.47,250.00,81,3.00,10.53
291871,239.51,250.00,84,3.00,10.49
291971,239.57,250.00,84,3.00,10.43
292071,239.64,250.00,82,3.00,10.36
292171,239.68,250.00,85,3.00,10.32
292271,239.72,250.00,84,3.00,10.28
292371,239.78,250.00,84,3.00,10.22
292471,239.83,250.00,83,3.00,10.17
292571,239.89,250.00,84,3.00,10.11
292671,239.91,250.00,86,3.00,10.09
292771,239.96,250.00,84,3.00,10.04
292871,239.98,250.00,87,3.00,10.02
292971,240.03,250.00,84,3.00,9.97
293071,240.10,250.00,81,3.00,9.90
293171,240.16,250.00,83,3.00,9.84
293271,240.20,250.00,85,3.00,9.80
293371,240.22,250.00,86,3.00,9.78
293471,240.29,250.00,82,3.00,9.71
293571,240.34,250.00,84,3.00,9.66
293671,240.38,250.00,84,3.00,9.62
293771,240.43,250.00,83,3.00,9.57
293871,240.54,250.00,77,3.00,9.46
293971,240.59,250.00,83,3.00,9.41
294071,240.64,250.00,83,3.00,9.36
294171,240.70,250.00,82,3.00,9.30
294271,240.78,250.00,80,3.00,9.22
294371,240.86,250.00,79,3.00,9.14
294471,240.94,250.00,79,3.00,9.06
294571,241.02,250.00,80,3.00,8.98
294671,241.08,250.00,81,3.00,8.92
294771,241.12,250.00,83,3.00,8.88
294871,241.19,250.00,80,3.00,8.81
294971,241.25,250.00,81,3.00,8.75
295071,241.32,250.00,80,3.00,8.68
295171,241.40,250.00,78,3.00,8.60
295271,241.45,250.00,81,3.00,8.55
295371,241.51,250.00,81,3.00,8.49
295471,241.57,250.00,80,3.00,8.43
295571,241.65,250.00,78,3.00,8.35
295671,241.71,250.00,80,3.00,8.29
295771,241.76,250.00,80,3.00,8.24
295871,241.82,250.00,80,3.00,8.18
295971,241.94,250.00,74,3.00,8.06
296071,242.03,250.00,76,3.00,7.97
296171,242.11,250.00,77,3.00,7.89
296271,242.16,250.00,79,3.00,7.84
296371,242.21,250.00,80,3.00,7.79
296471,242.26,250.00,80,3.00,7.74
296571,242.29,250.00,82,3.00,7.71
296671,242.32,250.00,82,3.00,7.68
296771,242.36,250.00,80,3.00,7.64
296871,242.38,250.00,83,3.00,7.62
296971,242.44,250.00,78,3.00,7.56
297071,242.49,250.00,80,3.00,7.51
297171,242.56,250.00,77,3.00,7.44
297271,242.62,250.00,78,3.00,7.38
297371,242.67,250.00,79,3.00,7.33
297471,242.71,250.00,80,3.00,7.29
297571,242.76,250.00,79,3.00,7.24
297671,242.78,250.00,82,3.00,7.22
297771,242.84,250.00,78,3.00,7.16
297871,242.92,250.00,76,3.00,7.08
297971,242.98,250.00,77,3.00,7.02
298071,243.01,250.00,80,3.00,6.99
298171,243.11,250.00,74,3.00,6.89
298271,243.19,250.00,74,3.00,6.81
298371,243.28,250.00,74,3.00,6.72
298471,243.33,250.00,78,3.00,6.67
298571,243.38,250.00,77,3.00,6.62
298671,243.45,250.00,75,3.00,6.55
298771,243.50,250.00,77,3.00,6.50
298871,243.55,250.00,77,3.00,6.45
298971,243.59,250.00,78,3.00,6.41
299071,243.65,250.00,76,3.00,6.35
299171,243.69,250.00,77,3.00,6.31
299271,243.75,250.00,76,3.00,6.25
299371,243.83,250.00,74,3.00,6.17
299471,243.88,250.00,76,3.00,6.12
299571,243.99,250.00,70,3.00,6.01
299671,244.01,250.00,79,3.00,5.99
299771,244.03,250.00,79,3.00,5.97
299871,244.07,250.00,76,3.00,5.93
299971,244.14,250.00,74,3.00,5.86
300071,244.19,250.00,76,3.00,5.81
300171,244.22,250.00,77,3.00,5.78
300271,244.32,250.00,71,3.00,5.68
300371,244.35,250.00,77,3.00,5.65
300471,244.41,250.00,74,3.00,5.59
300571,244.44,250.00,77,3.00,5.56
300671,244.50,250.00,74,3.00,5.50
300771,244.55,250.00,75,3.00,5.45
300871,244.61,250.00,73,3.00,5.39
300971,244.64,250.00,76,3.00,5.36
301071,244.71,250.00,73,3.00,5.29
301171,244.76,250.00,73,3.00,5.24
301271,244.82,250.00,74,3.00,5.18
301371,244.89,250.00,72,3.00,5.11
301471,244.96,250.00,71,3.00,5.04
301571,245.00,250.00,74,3.00,5.00
301671,245.09,250.00,70,3.00,4.91
301771,245.14,250.00,73,3.00,4.86
301871,245.20,250.00,72,3.00,4.80
301971,245.24,250.00,74,3.00,4.76
302071,245.26,250.00,76,3.00,4.74
302171,245.29,250.00,74,3.00,4.71
302271,245.31,250.00,76,3.00,4.69
302371,245.37,250.00,72,3.00,4.63
302471,245.44,250.00,70,3.00,4.56
302571,245.53,250.00,67,3.00,4.47
302671,245.58,250.00,73,3.00,4.42
302771,245.64,250.00,71,3.00,4.36
302871,245.64,250.00,76,3.00,4.36
302971,245.72,250.00,69,3.00,4.28
303071,245.79,250.00,70,3.00,4.21
303171,245.85,250.00,70,3.00,4.15
303271,245.94,250.00,67,3.00,4.06
303371,245.98,250.00,72,3.00,4.02
303471,246.03,250.00,70,3.00,3.97
303571,246.07,250.00,72,3.00,3.93
303671,246.11,250.00,71,3.00,3.89
303771,246.14,250.00,72,3.00,3.86
303871,246.19,250.00,70,3.00,3.81
303971,246.20,250.00,74,3.00,3.80
304071,246.23,250.00,72,3.00,3.77
304171,246.28,250.00,70,3.00,3.72
304271,246.32,250.00,72,3.00,3.68
304371,246.41,250.00,66,3.00,3.59
304471,246.47,250.00,68,3.00,3.53
304571,246.54,250.00,68,3.00,3.46
304671,246.58,250.00,70,3.00,3.42
304771,246.63,250.00,69,3.00,3.37
304871,246.69,250.00,68,3.00,3.31
304971,246.74,250.00,69,3.00,3.26
305071,246.75,250.00,72,3.00,3.25
305171,246.80,250.00,69,3.00,3.20
305271,246.85,250.00,68,3.00,3.15
305371,246.88,250.00,70,3.00,3.12
305471,246.88,250.00,74,3.00,3.12
305571,246.95,250.00,66,3.00,3.05
305671,247.02,250.00,66,3.00,2.98
305771,247.05,250.00,70,3.00,2.95
305871,247.07,250.00,70,3.00,2.93
305971,247.11,250.00,69,3.00,2.89
306071,247.15,250.00,68,3.00,2.85
306171,247.20,250.00,67,3.00,2.80
306271,247.20,250.00,72,3.00,2.80
306371,247.24,250.00,69,3.00,2.76
306471,247.34,250.00,62,3.00,2.66
306571,247.38,250.00,67,3.00,2.62
306671,247.44,250.00,65,3.00,2.56
306771,247.51,250.00,65,3.00,2.49
306871,247.53,250.00,70,3.00,2.47
306971,247.60,250.00,64,3.00,2.40
307071,247.67,250.00,63,3.00,2.33
307171,247.70,250.00,69,3.00,2.30
307271,247.71,250.00,69,3.00,2.29
307371,247.73,250.00,69,3.00,2.27
307471,247.78,250.00,65,3.00,2.22
307571,247.83,250.00,66,3.00,2.17
307671,247.88,250.00,65,3.00,2.12
307771,247.92,250.00,66,3.00,2.08
307871,247.96,250.00,66,3.00,2.04
307971,248.06,250.00,60,3.00,1.94
308071,248.10,250.00,65,3.00,1.90
308171,248.16,250.00,63,3.00,1.84
308271,248.19,250.00,66,3.00,1.81
308371,248.18,250.00,70,3.00,1.82
308471,248.25,250.00,63,3.00,1.75
308571,248.33,250.00,61,3.00,1.67
308671,248.40,250.00,61,3.00,1.60
308771,248.41,250.00,68,3.00,1.59
308871,248.43,250.00,67,3.00,1.57
308971,248.43,250.00,68,3.00,1.57
309071,248.47,250.00,64,3.00,1.53
309171,248.51,250.00,65,3.00,1.49
309271,248.51,250.00,67,3.00,1.49
309371,248.53,250.00,66,3.00,1.47
309471,248.54,250.00,67,3.00,1.46
309571,248.58,250.00,64,3.00,1.42
309671,248.60,250.00,65,3.00,1.40
309771,248.65,250.00,63,3.00,1.35
309871,248.69,250.00,63,3.00,1.31
309971,248.71,250.00,65,3.00,1.29
310071,248.74,250.00,65,3.00,1.26
310171,248.74,250.00,66,3.00,1.26
310271,248.74,250.00,68,3.00,1.26
310371,248.76,250.00,65,3.00,1.24
310471,248.76,250.00,68,3.00,1.24
310571,248.81,250.00,62,3.00,1.19
310671,248.82,250.00,66,3.00,1.18
310771,248.88,250.00,61,3.00,1.12
310871,248.90,250.00,65,3.00,1.10
310971,248.91,250.00,65,3.00,1.09
311071,248.95,250.00,63,3.00,1.05
311171,249.00,250.00,62,3.00,1.00
311271,249.05,250.00,61,3.00,0.95
311371,249.07,250.00,64,3.00,0.93
311471,249.11,250.00,63,3.00,0.89
311571,249.10,250.00,67,3.00,0.90
311671,249.13,250.00,63,3.00,0.87
311771,249.15,250.00,64,3.00,0.85
311871,249.21,250.00,60,3.00,0.79
311971,249.24,250.00,62,3.00,0.76
312071,249.26,250.00,64,3.00,0.74
312171,249.28,250.00,64,3.00,0.72
312271,249.30,250.00,63,3.00,0.70
312371,249.34,250.00,62,3.00,0.66
312471,249.37,250.00,62,3.00,0.63
312571,249.41,250.00,61,3.00,0.59
312671,249.43,250.00,63,3.00,0.57
312771,249.45,250.00,63,3.00,0.55
312871,249.50,250.00,60,3.00,0.50
312971,249.53,250.00,61,3.00,0.47
313071,249.51,250.00,67,3.00,0.49
313171,249.50,250.00,66,3.00,0.50
313271,249.54,250.00,61,3.00,0.46
313371,249.53,250.00,66,3.00,0.47
313471,249.51,250.00,66,3.00,0.49
313571,249.52,250.00,65,3.00,0.48
313671,249.56,250.00,60,3.00,0.44
313771,249.64,250.00,56,3.00,0.36
313871,249.66,250.00,63,3.00,0.34
313971,249.67,250.00,63,3.00,0.33
314071,249.74,250.00,57,3.00,0.26
314171,249.74,250.00,63,3.00,0.26
314271,249.73,250.00,65,3.00,0.27
314371,249.72,250.00,65,3.00,0.28
314471,249.75,250.00,61,3.00,0.25
314571,249.76,250.00,62,3.00,0.24
314671,249.79,250.00,61,3.00,0.21
314771,249.83,250.00,59,3.00,0.17
314871,249.82,250.00,65,3.00,0.18
314971,249.81,250.00,64,3.00,0.19
315071,249.84,250.00,60,3.00,0.16
315171,249.85,250.00,63,3.00,0.15
315271,249.89,250.00,59,3.00,0.11
315371,249.91,250.00,61,3.00,0.09
315471,249.94,250.00,60,3.00,0.06
315571,249.93,250.00,65,3.00,0.07
315671,249.93,250.00,62,3.00,0.07
315771,249.93,250.00,64,3.00,0.07
315871,249.94,250.00,62,3.00,0.06
315971,249.93,250.00,64,3.00,0.07
316071,249.95,250.00,61,3.00,0.05
316171,249.98,250.00,60,3.00,0.02
316271,249.97,250.00,64,3.00,0.03
316371,249.97,250.00,63,3.00,0.03
316471,249.98,250.00,63,3.00,0.02
316571,250.00,250.00,60,3.00,-0.00
316671,250.03,250.00,60,3.00,-0.03
316771,250.03,250.00,63,3.00,-0.03
316871,250.06,250.00,59,3.00,-0.06
316971,250.14,250.00,54,3.00,-0.14
317071,250.20,250.00,56,3.00,-0.20
317171,250.21,250.00,60,3.00,-0.21
317271,250.22,250.00,62,3.00,-0.22
317371,250.22,250.00,62,3.00,-0.22
317471,250.25,250.00,59,3.00,-0.25
317571,250.26,250.00,61,3.00,-0.26
317671,250.26,250.00,62,3.00,-0.26
317771,250.25,250.00,62,3.00,-0.25
317871,250.28,250.00,59,3.00,-0.28
317971,250.32,250.00,57,3.00,-0.32
318071,250.30,250.00,64,3.00,-0.30
318171,250.32,250.00,60,3.00,-0.32
318271,250.34,250.00,60,3.00,-0.34
318371,250.32,250.00,64,3.00,-0.32
318471,250.37,250.00,56,3.00,-0.37
318571,250.36,250.00,63,3.00,-0.36
318671,250.32,250.00,65,3.00,-0.32
318771,250.33,250.00,61,3.00,-0.33
318871,250.33,250.00,61,3.00,-0.33
318971,250.31,250.00,64,3.00,-0.31
319071,250.30,250.00,62,3.00,-0.30
319171,250.31,250.00,61,3.00,-0.31
319271,250.30,250.00,62,3.00,-0.30
319371,250.30,250.00,62,3.00,-0.30
319471,250.29,250.00,62,3.00,-0.29
319571,250.31,250.00,60,3.00,-0.31
319671,250.33,250.00,60,3.00,-0.33
319771,250.32,250.00,62,3.00,-0.32
319871,250.32,250.00,61,3.00,-0.32
319971,250.30,250.00,63,3.00,-0.30
320071,250.31,250.00,61,3.00,-0.31
320171,250.30,250.00,62,3.00,-0.30
320271,250.30,250.00,62,3.00,-0.30
320371,250.34,250.00,57,3.00,-0.34
320471,250.32,250.00,64,3.00,-0.32
320571,250.36,250.00,57,3.00,-0.36
320671,250.35,250.00,62,3.00,-0.35
320771,250.35,250.00,61,3.00,-0.35
320871,250.35,250.00,61,3.00,-0.35
320971,250.30,250.00,66,3.00,-0.30
321071,250.31,250.00,61,3.00,-0.31
321171,250.27,250.00,66,3.00,-0.27
321271,250.24,250.00,64,3.00,-0.24
321371,250.27,250.00,59,3.00,-0.27
321471,250.25,250.00,63,3.00,-0.25
321571,250.24,250.00,63,3.00,-0.24
321671,250.26,250.00,59,3.00,-0.26
321771,250.27,250.00,60,3.00,-0.27
321871,250.27,250.00,62,3.00,-0.27
321971,250.24,250.00,64,3.00,-0.24
322071,250.22,250.00,64,3.00,-0.22
322171,250.21,250.00,63,3.00,-0.21
322271,250.20,250.00,63,3.00,-0.20
322371,250.23,250.00,59,3.00,-0.23
322471,250.24,250.00,60,3.00,-0.24
322571,250.23,250.00,63,3.00,-0.23
322671,250.27,250.00,58,3.00,-0.27
322771,250.25,250.00,63,3.00,-0.25
322871,250.21,250.00,67,3.00,-0.21
322971,250.21,250.00,61,3.00,-0.21
323071,250.20,250.00,63,3.00,-0.20
323171,250.19,250.00,63,3.00,-0.19
323271,250.19,250.00,62,3.00,-0.19
323371,250.18,250.00,62,3.00,-0.18
323471,250.16,250.00,64,3.00,-0.16
323571,250.19,250.00,59,3.00,-0.19
323671,250.18,250.00,64,3.00,-0.18
323771,250.18,250.00,61,3.00,-0.18
323871,250.15,250.00,65,3.00,-0.15
323971,250.11,250.00,66,3.00,-0.11
324071,250.09,250.00,64,3.00,-0.09
324171,250.06,250.00,66,3.00,-0.06
324271,250.07,250.00,62,3.00,-0.07
324371,250.05,250.00,64,3.00,-0.05
324471,250.04,250.00,63,3.00,-0.04
324571,250.07,250.00,59,3.00,-0.07
324671,250.07,250.00,63,3.00,-0.07
324771,250.12,250.00,57,3.00,-0.12
324871,250.11,250.00,63,3.00,-0.11
324971,250.12,250.00,61,3.00,-0.12
325071,250.12,250.00,62,3.00,-0.12
325171,250.12,250.00,62,3.00,-0.12
325271,250.14,250.00,61,3.00,-0.14
325371,250.12,250.00,63,3.00,-0.12
325471,250.12,250.00,62,3.00,-0.12
325571,250.13,250.00,61,3.00,-0.13
325671,250.11,250.00,65,3.00,-0.11
325771,250.06,250.00,67,3.00,-0.06
325871,250.07,250.00,62,3.00,-0.07
325971,250.05,250.00,64,3.00,-0.05
326071,250.03,250.00,64,3.00,-0.03
326171,250.04,250.00,61,3.00,-0.04
326271,250.05,250.00,61,3.00,-0.05
326371,250.05,250.00,63,3.00,-0.05
326471,250.02,250.00,65,3.00,-0.02
326571,250.04,250.00,60,3.00,-0.04
326671,250.07,250.00,59,3.00,-0.07
326771,250.05,250.00,64,3.00,-0.05
326871,250.09,250.00,59,3.00,-0.09
326971,250.07,250.00,64,3.00,-0.07
327071,250.01,250.00,68,3.00,-0.01
327171,250.01,250.00,62,3.00,-0.01
327271,249.95,250.00,69,3.00,0.05
327371,249.97,250.00,61,3.00,0.03
327471,249.97,250.00,62,3.00,0.03
327571,250.00,250.00,60,3.00,0.00
327671,250.02,250.00,60,3.00,-0.02
327771,250.07,250.00,58,3.00,-0.07
327871,250.06,250.00,63,3.00,-0.06
327971,250.08,250.00,60,3.00,-0.08
328071,250.03,250.00,68,3.00,-0.03
328171,250.05,250.00,60,3.00,-0.05
328271,250.01,250.00,66,3.00,-0.01
328371,250.00,250.00,64,3.00,0.00
328471,249.98,250.00,64,3.00,0.02
328571,249.97,250.00,64,3.00,0.03
328671,249.98,250.00,62,3.00,0.02
328771,249.99,250.00,61,3.00,0.01
328871,249.99,250.00,62,3.00,0.01
328971,250.03,250.00,59,3.00,-0.03
329071,250.02,250.00,64,3.00,-0.02
329171,250.03,250.00,61,3.00,-0.03
329271,250.02,250.00,63,3.00,-0.02
329371,250.02,250.00,63,3.00,-0.02
329471,250.01,250.00,64,3.00,-0.01
329571,250.06,250.00,57,3.00,-0.06
329671,250.05,250.00,63,3.00,-0.05
329771,250.03,250.00,64,3.00,-0.03
329871,250.01,250.00,65,3.00,-0.01
329971,249.98,250.00,65,3.00,0.02
330071,249.99,250.00,62,3.00,0.01
330171,249.99,250.00,62,3.00,0.01
330271,250.00,250.00,61,3.00,-0.00
330371,249.97,250.00,66,3.00,0.03
330471,249.97,250.00,62,3.00,0.03
330571,249.96,250.00,63,3.00,0.04
330671,249.93,250.00,66,3.00,0.07
330771,249.89,250.00,67,3.00,0.11
330871,249.88,250.00,64,3.00,0.12
330971,249.87,250.00,64,3.00,0.13
331071,249.84,250.00,65,3.00,0.16
331171,249.80,250.00,68,3.00,0.20
331271,249.76,250.00,67,3.00,0.24
331371,249.75,250.00,65,3.00,0.25
331471,249.74,250.00,65,3.00,0.26
331571,249.73,250.00,64,3.00,0.27
331671,249.72,250.00,64,3.00,0.28
331771,249.73,250.00,63,3.00,0.27
331871,249.75,250.00,61,3.00,0.25
331971,249.74,250.00,65,3.00,0.26
332071,249.71,250.00,67,3.00,0.29
332171,249.67,250.00,68,3.00,0.33
332271,249.68,250.00,63,3.00,0.32
332371,249.65,250.00,67,3.00,0.35
332471,249.63,250.00,66,3.00,0.37
332571,249.65,250.00,61,3.00,0.35
332671,249.66,250.00,63,3.00,0.34
332771,249.65,250.00,65,3.00,0.35
332871,249.63,250.00,66,3.00,0.37
332971,249.65,250.00,61,3.00,0.35
333071,249.65,250.00,64,3.00,0.35
333171,249.68,250.00,62,3.00,0.32
333271,249.66,250.00,65,3.00,0.34
333371,249.66,250.00,64,3.00,0.34
333471,249.65,250.00,65,3.00,0.35
333571,249.65,250.00,64,3.00,0.35
333671,249.67,250.00,62,3.00,0.33
333771,249.66,250.00,65,3.00,0.34
333871,249.66,250.00,64,3.00,0.34
333971,249.67,250.00,63,3.00,0.33
334071,249.62,250.00,69,3.00,0.38
334171,249.61,250.00,65,3.00,0.39
334271,249.60,250.00,65,3.00,0.40
334371,249.58,250.00,66,3.00,0.42
334471,249.55,250.00,67,3.00,0.45
334571,249.54,250.00,66,3.00,0.46
334671,249.50,250.00,68,3.00,0.50
334771,249.49,250.00,66,3.00,0.51
334871,249.48,250.00,66,3.00,0.52
334971,249.50,250.00,63,3.00,0.50
335071,249.53,250.00,62,3.00,0.47
335171,249.52,250.00,66,3.00,0.48
335271,249.51,250.00,66,3.00,0.49
335371,249.50,250.00,66,3.00,0.50
335471,249.51,250.00,63,3.00,0.49
335571,249.50,250.00,66,3.00,0.50
335671,249.52,250.00,63,3.00,0.48
335771,249.52,250.00,65,3.00,0.48
335871,249.52,250.00,65,3.00,0.48
335971,249.55,250.00,61,3.00,0.45
336071,249.56,250.00,64,3.00,0.44
336171,249.55,250.00,66,3.00,0.45
336271,249.51,250.00,68,3.00,0.49
336371,249.50,250.00,66,3.00,0.50
336471,249.48,250.00,67,3.00,0.52
336571,249.45,250.00,68,3.00,0.55
336671,249.46,250.00,64,3.00,0.54
336771,249.42,250.00,69,3.00,0.58
336871,249.40,250.00,66,3.00,0.60
336971,249.39,250.00,66,3.00,0.61
337071,249.40,250.00,65,3.00,0.60
337171,249.40,250.00,65,3.00,0.60
337271,249.39,250.00,66,3.00,0.61
337371,249.44,250.00,60,3.00,0.56
337471,249.42,250.00,67,3.00,0.58
337571,249.43,250.00,64,3.00,0.57
337671,249.43,250.00,65,3.00,0.57
337771,249.42,250.00,67,3.00,0.58
337871,249.44,250.00,63,3.00,0.56
337971,249.42,250.00,67,3.00,0.58
338071,249.46,250.00,62,3.00,0.54
338171,249.47,250.00,64,3.00,0.53
338271,249.48,250.00,63,3.00,0.52
338371,249.49,250.00,65,3.00,0.51
338471,249.49,250.00,65,3.00,0.51
338571,249.52,250.00,62,3.00,0.48
338671,249.52,250.00,65,3.00,0.48
338771,249.53,250.00,64,3.00,0.47
338871,249.50,250.00,69,3.00,0.50
338971,249.50,250.00,65,3.00,0.50
339071,249.50,250.00,65,3.00,0.50
339171,249.48,250.00,67,3.00,0.52
339271,249.51,250.00,62,3.00,0.49
339371,249.50,250.00,66,3.00,0.50
339471,249.53,250.00,62,3.00,0.47
339571,249.53,250.00,65,3.00,0.47
339671,249.49,250.00,69,3.00,0.51
339771,249.48,250.00,66,3.00,0.52
339871,249.45,250.00,68,3.00,0.55
339971,249.50,250.00,61,3.00,0.50
340071,249.48,250.00,67,3.00,0.52
340171,249.52,250.00,61,3.00,0.48
340271,249.54,250.00,62,3.00,0.46
340371,249.54,250.00,65,3.00,0.46
340471,249.50,250.00,69,3.00,0.50
340571,249.52,250.00,64,3.00,0.48
340671,249.47,250.00,70,3.00,0.53
340771,249.49,250.00,63,3.00,0.51
340871,249.48,250.00,66,3.00,0.52
340971,249.47,250.00,66,3.00,0.53
341071,249.53,250.00,60,3.00,0.47
341171,249.52,250.00,66,3.00,0.48
341271,249.53,250.00,64,3.00,0.47
341371,249.55,250.00,63,3.00,0.45
341471,249.54,250.00,66,3.00,0.46
341571,249.53,250.00,66,3.00,0.47
341671,249.53,250.00,65,3.00,0.47
341771,249.54,250.00,64,3.00,0.46
341871,249.53,250.00,66,3.00,0.47
341971,249.54,250.00,64,3.00,0.46
342071,249.57,250.00,61,3.00,0.43
342171,249.56,250.00,67,3.00,0.44
342271,249.58,250.00,63,3.00,0.42
342371,249.60,250.00,63,3.00,0.40
342471,249.58,250.00,67,3.00,0.42
342571,249.56,250.00,67,3.00,0.44
342671,249.56,250.00,65,3.00,0.44
342771,249.55,250.00,65,3.00,0.45
342871,249.61,250.00,59,3.00,0.39
342971,249.58,250.00,68,3.00,0.42
343071,249.56,250.00,67,3.00,0.44
343171,249.56,250.00,65,3.00,0.44
343271,249.54,250.00,67,3.00,0.46
343371,249.52,250.00,68,3.00,0.48
343471,249.54,250.00,63,3.00,0.46
343571,249.54,250.00,65,3.00,0.46
343671,249.52,250.00,68,3.00,0.48
343771,249.49,250.00,68,3.00,0.51
343871,249.50,250.00,65,3.00,0.50
343971,249.50,250.00,65,3.00,0.50
344071,249.49,250.00,66,3.00,0.51
344171,249.52,250.00,63,3.00,0.48
344271,249.59,250.00,58,3.00,0.41
344371,249.61,250.00,63,3.00,0.39
344471,249.63,250.00,63,3.00,0.37
344571,249.60,250.00,67,3.00,0.40
344671,249.62,250.00,63,3.00,0.38
344771,249.61,250.00,66,3.00,0.39
344871,249.61,250.00,65,3.00,0.39
344971,249.58,250.00,68,3.00,0.42
345071,249.55,250.00,68,3.00,0.45
345171,249.54,250.00,67,3.00,0.46
345271,249.55,250.00,64,3.00,0.45
345371,249.61,250.00,59,3.00,0.39
345471,249.61,250.00,65,3.00,0.39
345571,249.63,250.00,63,3.00,0.37
345671,249.62,250.00,66,3.00,0.38
345771,249.63,250.00,63,3.00,0.37
345871,249.59,250.00,70,3.00,0.41
345971,249.54,250.00,69,3.00,0.46
346071,249.54,250.00,65,3.00,0.46
346171,249.55,250.00,64,3.00,0.45
346271,249.55,250.00,66,3.00,0.45
346371,249.53,250.00,68,3.00,0.47
346471,249.57,250.00,60,3.00,0.43
346571,249.59,250.00,63,3.00,0.41
346671,249.59,250.00,66,3.00,0.41
346771,249.57,250.00,67,3.00,0.43
346871,249.58,250.00,64,3.00,0.42
346971,249.58,250.00,64,3.00,0.42
347071,249.55,250.00,68,3.00,0.45
347171,249.54,250.00,67,3.00,0.46
347271,249.52,250.00,68,3.00,0.48
347371,249.58,250.00,59,3.00,0.42
347471,249.57,250.00,66,3.00,0.43
347571,249.57,250.00,66,3.00,0.43
347671,249.58,250.00,64,3.00,0.42
347771,249.56,250.00,67,3.00,0.44
347871,249.60,250.00,61,3.00,0.40
347971,249.61,250.00,65,3.00,0.39
348071,249.64,250.00,62,3.00,0.36
348171,249.62,250.00,66,3.00,0.38
348271,249.66,250.00,61,3.00,0.34
348371,249.67,250.00,64,3.00,0.33
348471,249.68,250.00,64,3.00,0.32
348571,249.70,250.00,63,3.00,0.30
348671,249.73,250.00,62,3.00,0.27
348771,249.74,250.00,64,3.00,0.26
348871,249.74,250.00,64,3.00,0.26
348971,249.77,250.00,62,3.00,0.23
349071,249.78,250.00,63,3.00,0.22
349171,249.75,250.00,67,3.00,0.25
349271,249.74,250.00,66,3.00,0.26
349371,249.76,250.00,63,3.00,0.24
349471,249.77,250.00,63,3.00,0.23
349571,249.76,250.00,66,3.00,0.24
349671,249.76,250.00,65,3.00,0.24
349771,249.78,250.00,62,3.00,0.22
349871,249.78,250.00,65,3.00,0.22
349971,249.84,250.00,59,3.00,0.16
350071,249.82,250.00,66,3.00,0.18
350171,249.78,250.00,69,3.00,0.22
350271,249.77,250.00,66,3.00,0.23
350371,249.78,250.00,63,3.00,0.22
350471,249.76,250.00,66,3.00,0.24
350571,249.84,250.00,57,3.00,0.16
350671,249.84,250.00,64,3.00,0.16
350771,249.87,250.00,61,3.00,0.13
350871,249.86,250.00,65,3.00,0.14
350971,249.85,250.00,65,3.00,0.15
351071,249.87,250.00,63,3.00,0.13
351171,249.86,250.00,65,3.00,0.14
351271,249.83,250.00,66,3.00,0.17
351371,249.82,250.00,66,3.00,0.18
351471,249.79,250.00,67,3.00,0.21
351571,249.80,250.00,64,3.00,0.20
351671,249.79,250.00,65,3.00,0.21
351771,249.80,250.00,64,3.00,0.20
351871,249.84,250.00,61,3.00,0.16
351971,249.84,250.00,64,3.00,0.16
352071,249.87,250.00,61,3.00,0.13
352171,249.88,250.00,63,3.00,0.12
352271,249.89,250.00,63,3.00,0.11
352371,249.91,250.00,63,3.00,0.09
352471,249.92,250.00,63,3.00,0.08
352571,249.91,250.00,64,3.00,0.09
352671,249.91,250.00,64,3.00,0.09
352771,249.92,250.00,63,3.00,0.08
352871,249.94,250.00,62,3.00,0.06
352971,249.93,250.00,65,3.00,0.07
353071,249.95,250.00,62,3.00,0.05
353171,249.97,250.00,62,3.00,0.03
353271,249.99,250.00,62,3.00,0.01
353371,249.95,250.00,67,3.00,0.05
353471,249.93,250.00,66,3.00,0.07
353571,249.93,250.00,65,3.00,0.07
353671,249.95,250.00,62,3.00,0.05
353771,249.95,250.00,63,3.00,0.05
353871,249.97,250.00,62,3.00,0.03
353971,250.00,250.00,61,3.00,0.00
354071,250.00,250.00,64,3.00,0.00
354171,249.99,250.00,65,3.00,0.01
354271,249.98,250.00,65,3.00,0.02
354371,249.99,250.00,62,3.00,0.01
354471,249.98,250.00,65,3.00,0.02
354571,250.00,250.00,62,3.00,0.00
354671,250.03,250.00,60,3.00,-0.03
354771,250.03,250.00,64,3.00,-0.03
354871,250.05,250.00,61,3.00,-0.05
354971,250.05,250.00,64,3.00,-0.05
355071,250.05,250.00,63,3.00,-0.05
355171,250.06,250.00,63,3.00,-0.06
355271,250.09,250.00,60,3.00,-0.09
355371,250.05,250.00,68,3.00,-0.05
355471,250.08,250.00,60,3.00,-0.08
355571,250.07,250.00,64,3.00,-0.07
355671,250.04,250.00,67,3.00,-0.04
355771,250.05,250.00,63,3.00,-0.05
355871,250.04,250.00,64,3.00,-0.04
355971,250.05,250.00,63,3.00,-0.05
356071,250.06,250.00,63,3.00,-0.06
356171,250.05,250.00,64,3.00,-0.05
356271,250.08,250.00,60,3.00,-0.08
356371,250.09,250.00,63,3.00,-0.09
356471,250.12,250.00,61,3.00,-0.12
356571,250.09,250.00,66,3.00,-0.09
356671,250.10,250.00,63,3.00,-0.10
356771,250.10,250.00,63,3.00,-0.10
356871,250.08,250.00,66,3.00,-0.08
356971,250.13,250.00,58,3.00,-0.13
357071,250.17,250.00,60,3.00,-0.17
357171,250.19,250.00,61,3.00,-0.19
357271,250.18,250.00,64,3.00,-0.18
357371,250.21,250.00,60,3.00,-0.21
357471,250.24,250.00,60,3.00,-0.24
357571,250.26,250.00,60,3.00,-0.26
357671,250.25,250.00,64,3.00,-0.25
357771,250.27,250.00,60,3.00,-0.27
357871,250.28,250.00,62,3.00,-0.28
357971,250.26,250.00,64,3.00,-0.26
358071,250.27,250.00,62,3.00,-0.27
358171,250.30,250.00,60,3.00,-0.30
358271,250.30,250.00,62,3.00,-0.30
358371,250.34,250.00,58,3.00,-0.34
358471,250.33,250.00,63,3.00,-0.33
358571,250.30,250.00,66,3.00,-0.30
358671,250.32,250.00,61,3.00,-0.32
358771,250.34,250.00,61,3.00,-0.34
358871,250.33,250.00,63,3.00,-0.33
358971,250.33,250.00,62,3.00,-0.33
359071,250.35,250.00,61,3.00,-0.35
359171,250.38,250.00,58,3.00,-0.38
359271,250.41,250.00,60,3.00,-0.41
359371,250.45,250.00,57,3.00,-0.45
359471,250.49,250.00,58,3.00,-0.49
359571,250.52,250.00,58,3.00,-0.52
359671,250.53,250.00,61,3.00,-0.53
359771,250.53,250.00,62,3.00,-0.53
359871,250.56,250.00,58,3.00,-0.56
359971,250.61,250.00,56,3.00,-0.61
360071,250.61,250.00,61,3.00,-0.61
360171,250.61,250.00,61,3.00,-0.61
360271,250.63,250.00,59,3.00,-0.63
360371,250.63,250.00,61,3.00,-0.63
360471,250.68,250.00,56,3.00,-0.68
360571,250.68,250.00,60,3.00,-0.68
360671,250.70,250.00,59,3.00,-0.70
360771,250.71,250.00,59,3.00,-0.71
360871,250.73,250.00,59,3.00,-0.73
360971,250.74,250.00,59,3.00,-0.74
361071,250.72,250.00,62,3.00,-0.72
361171,250.76,250.00,57,3.00,-0.76
361271,250.78,250.00,58,3.00,-0.78
361371,250.78,250.00,61,3.00,-0.78
361471,250.77,250.00,61,3.00,-0.77
361571,250.77,250.00,61,3.00,-0.77
361671,250.80,250.00,57,3.00,-0.80
361771,250.81,250.00,58,3.00,-0.81
361871,250.79,250.00,62,3.00,-0.79
361971,250.82,250.00,57,3.00,-0.82
362071,250.83,250.00,60,3.00,-0.83
362171,250.80,250.00,62,3.00,-0.80
362271,250.81,250.00,60,3.00,-0.81
362371,250.80,250.00,61,3.00,-0.80
362471,250.80,250.00,60,3.00,-0.80
362571,250.84,250.00,56,3.00,-0.84
362671,250.81,250.00,64,3.00,-0.81
362771,250.82,250.00,58,3.00,-0.82
362871,250.83,250.00,60,3.00,-0.83
362971,250.84,250.00,58,3.00,-0.84
363071,250.84,250.00,60,3.00,-0.84
363171,250.90,250.00,53,3.00,-0.90
363271,250.93,250.00,56,3.00,-0.93
363371,250.95,250.00,58,3.00,-0.95
363471,250.94,250.00,60,3.00,-0.94
363571,250.93,250.00,60,3.00,-0.93
363671,250.94,250.00,58,3.00,-0.94
363771,250.96,250.00,58,3.00,-0.96
363871,250.95,250.00,60,3.00,-0.95
363971,250.94,250.00,60,3.00,-0.94
364071,250.90,250.00,63,3.00,-0.90
364171,250.91,250.00,59,3.00,-0.91
364271,250.90,250.00,60,3.00,-0.90
364371,250.92,250.00,58,3.00,-0.92
364471,250.94,250.00,58,3.00,-0.94
364571,250.93,250.00,60,3.00,-0.93
364671,250.98,250.00,54,3.00,-0.98
364771,250.96,250.00,62,3.00,-0.96
364871,250.97,250.00,58,3.00,-0.97
364971,250.97,250.00,59,3.00,-0.97
365071,250.96,250.00,60,3.00,-0.96
365171,250.96,250.00,59,3.00,-0.96
365271,251.01,250.00,54,3.00,-1.01
365371,250.99,250.00,61,3.00,-0.99
365471,251.00,250.00,58,3.00,-1.00
365571,250.98,250.00,60,3.00,-0.98
365671,250.97,250.00,60,3.00,-0.97
365771,250.98,250.00,58,3.00,-0.98
365871,250.99,250.00,58,3.00,-0.99
365971,250.95,250.00,63,3.00,-0.95
366071,250.93,250.00,61,3.00,-0.93
366171,250.91,250.00,61,3.00,-0.91
366271,250.92,250.00,59,3.00,-0.92
366371,250.97,250.00,54,3.00,-0.97
366471,250.96,250.00,60,3.00,-0.96
366571,250.96,250.00,59,3.00,-0.96
366671,250.95,250.00,60,3.00,-0.95
366771,250.97,250.00,56,3.00,-0.97
366871,250.96,250.00,60,3.00,-0.96
366971,250.92,250.00,63,3.00,-0.92
367071,250.90,250.00,61,3.00,-0.90
367171,250.90,250.00,60,3.00,-0.90
367271,250.89,250.00,60,3.00,-0.89
367371,250.89,250.00,60,3.00,-0.89
367471,250.88,250.00,59,3.00,-0.88
367571,250.90,250.00,57,3.00,-0.90
367671,250.89,250.00,61,3.00,-0.89
367771,250.88,250.00,59,3.00,-0.88
367871,250.87,250.00,61,3.00,-0.87
367971,250.88,250.00,58,3.00,-0.88
368071,250.89,250.00,58,3.00,-0.89
368171,250.88,250.00,59,3.00,-0.88
368271,250.85,250.00,62,3.00,-0.85
368371,250.85,250.00,59,3.00,-0.85
368471,250.84,250.00,60,3.00,-0.84
368571,250.84,250.00,59,3.00,-0.84
368671,250.85,250.00,58,3.00,-0.85
368771,250.84,250.00,60,3.00,-0.84
368871,250.88,250.00,55,3.00,-0.88
368971,250.86,250.00,60,3.00,-0.86
369071,250.81,250.00,64,3.00,-0.81
369171,250.80,250.00,60,3.00,-0.80
369271,250.81,250.00,59,3.00,-0.81
369371,250.79,250.00,61,3.00,-0.79
369471,250.84,250.00,54,3.00,-0.84
369571,250.83,250.00,60,3.00,-0.83
369671,250.86,250.00,56,3.00,-0.86
369771,250.92,250.00,53,3.00,-0.92
369871,250.92,250.00,58,3.00,-0.92
369971,250.95,250.00,56,3.00,-0.95
370071,250.97,250.00,56,3.00,-0.97
370171,250.95,250.00,61,3.00,-0.95
370271,250.96,250.00,57,3.00,-0.96
370371,250.99,250.00,56,3.00,-0.99
370471,251.03,250.00,53,3.00,-1.03
370571,251.03,250.00,59,3.00,-1.03
370671,251.03,250.00,57,3.00,-1.03
370771,251.06,250.00,55,3.00,-1.06
370871,251.05,250.00,59,3.00,-1.05
370971,251.09,250.00,54,3.00,-1.09
371071,251.08,250.00,59,3.00,-1.08
371171,251.08,250.00,58,3.00,-1.08
371271,251.06,250.00,60,3.00,-1.06
371371,251.05,250.00,59,3.00,-1.05
371471,251.03,250.00,60,3.00,-1.03
371571,251.07,250.00,54,3.00,-1.07
371671,251.07,250.00,58,3.00,-1.07
371771,251.09,250.00,56,3.00,-1.09
371871,251.09,250.00,58,3.00,-1.09
371971,251.07,250.00,59,3.00,-1.07
372071,251.08,250.00,58,3.00,-1.08
372171,251.08,250.00,58,3.00,-1.08
372271,251.07,250.00,59,3.00,-1.07
372371,251.07,250.00,57,3.00,-1.07
372471,251.03,250.00,61,3.00,-1.03
372571,251.03,250.00,58,3.00,-1.03
372671,251.01,250.00,60,3.00,-1.01
372771,251.00,250.00,58,3.00,-1.00
372871,251.01,250.00,57,3.00,-1.01
372971,251.01,250.00,58,3.00,-1.01
373071,251.03,250.00,56,3.00,-1.03
373171,251.02,250.00,58,3.00,-1.02
373271,251.03,250.00,57,3.00,-1.03
373371,251.01,250.00,60,3.00,-1.01
373471,251.01,250.00,58,3.00,-1.01
373571,250.98,250.00,61,3.00,-0.98
373671,250.96,250.00,59,3.00,-0.96
373771,250.98,250.00,57,3.00,-0.98
373871,250.99,250.00,57,3.00,-0.99
373971,251.00,250.00,57,3.00,-1.00
374071,250.99,250.00,58,3.00,-0.99
374171,250.96,250.00,62,3.00,-0.96
374271,250.96,250.00,58,3.00,-0.96
374371,250.95,250.00,59,3.00,-0.95
374471,250.95,250.00,58,3.00,-0.95
374571,250.95,250.00,58,3.00,-0.95
374671,250.95,250.00,58,3.00,-0.95
374771,250.93,250.00,60,3.00,-0.93
374871,250.92,250.00,59,3.00,-0.92
374971,250.90,250.00,60,3.00,-0.90
375071,250.89,250.00,58,3.00,-0.89
375171,250.88,250.00,60,3.00,-0.88
375271,250.86,250.00,60,3.00,-0.86
375371,250.82,250.00,62,3.00,-0.82
375471,250.81,250.00,59,3.00,-0.81
375571,250.82,250.00,58,3.00,-0.82
375671,250.82,250.00,58,3.00,-0.82
375771,250.81,250.00,59,3.00,-0.81
375871,250.83,250.00,57,3.00,-0.83
375971,250.82,250.00,59,3.00,-0.82
376071,250.81,250.00,59,3.00,-0.81
376171,250.82,250.00,56,3.00,-0.82
376271,250.83,250.00,58,3.00,-0.83
376371,250.83,250.00,58,3.00,-0.83
376471,250.83,250.00,58,3.00,-0.83
376571,250.79,250.00,62,3.00,-0.79
376671,250.78,250.00,60,3.00,-0.78
376771,250.81,250.00,55,3.00,-0.81
376871,250.79,250.00,60,3.00,-0.79
376971,250.78,250.00,59,3.00,-0.78
377071,250.77,250.00,59,3.00,-0.77
377171,250.76,250.00,60,3.00,-0.76
377271,250.79,250.00,55,3.00,-0.79
377371,250.77,250.00,60,3.00,-0.77
377471,250.72,250.00,64,3.00,-0.72
377571,250.70,250.00,61,3.00,-0.70
377671,250.69,250.00,59,3.00,-0.69
377771,250.68,250.00,59,3.00,-0.68
377871,250.73,250.00,53,3.00,-0.73
377971,250.71,250.00,61,3.00,-0.71
378071,250.70,250.00,59,3.00,-0.70
378171,250.69,250.00,59,3.00,-0.69
378271,250.69,250.00,58,3.00,-0.69
378371,250.67,250.00,61,3.00,-0.67
378471,250.66,250.00,59,3.00,-0.66
378571,250.62,250.00,63,3.00,-0.62
378671,250.60,250.00,61,3.00,-0.60
378771,250.61,250.00,57,3.00,-0.61
378871,250.64,250.00,55,3.00,-0.64
378971,250.62,250.00,61,3.00,-0.62
379071,250.63,250.00,57,3.00,-0.63
379171,250.65,250.00,56,3.00,-0.65
379271,250.62,250.00,61,3.00,-0.62
379371,250.64,250.00,56,3.00,-0.64
379471,250.60,250.00,63,3.00,-0.60
379571,250.60,250.00,59,3.00,-0.60
379671,250.59,250.00,60,3.00,-0.59
379771,250.58,250.00,60,3.00,-0.58
379871,250.58,250.00,58,3.00,-0.58
379971,250.57,250.00,60,3.00,-0.57
380071,250.59,250.00,57,3.00,-0.59
380171,250.59,250.00,58,3.00,-0.59
380271,250.60,250.00,57,3.00,-0.60
380371,250.57,250.00,62,3.00,-0.57
380471,250.55,250.00,61,3.00,-0.55
380571,250.52,250.00,62,3.00,-0.52
380671,250.50,250.00,60,3.00,-0.50
380771,250.46,250.00,63,3.00,-0.46
380871,250.47,250.00,59,3.00,-0.47
380971,250.49,250.00,56,3.00,-0.49
381071,250.43,250.00,65,3.00,-0.43
381171,250.38,250.00,65,3.00,-0.38
381271,250.36,250.00,61,3.00,-0.36
381371,250.34,250.00,62,3.00,-0.34
381471,250.37,250.00,57,3.00,-0.37
381571,250.34,250.00,62,3.00,-0.34
381671,250.34,250.00,59,3.00,-0.34
381771,250.35,250.00,59,3.00,-0.35
381871,250.32,250.00,62,3.00,-0.32
381971,250.36,250.00,55,3.00,-0.36
382071,250.36,250.00,59,3.00,-0.36
382171,250.36,250.00,59,3.00,-0.36
382271,250.36,250.00,59,3.00,-0.36
382371,250.35,250.00,61,3.00,-0.35
382471,250.36,250.00,58,3.00,-0.36
382571,250.35,250.00,61,3.00,-0.35
382671,250.35,250.00,59,3.00,-0.35
382771,250.31,250.00,64,3.00,-0.31
382871,250.31,250.00,59,3.00,-0.31
382971,250.28,250.00,63,3.00,-0.28
383071,250.31,250.00,56,3.00,-0.31
383171,250.28,250.00,63,3.00,-0.28
383271,250.28,250.00,60,3.00,-0.28
383371,250.26,250.00,61,3.00,-0.26
383471,250.25,250.00,61,3.00,-0.25
383571,250.26,250.00,59,3.00,-0.26
383671,250.25,250.00,61,3.00,-0.25
383771,250.20,250.00,65,3.00,-0.20
383871,250.18,250.00,62,3.00,-0.18
383971,250.17,250.00,61,3.00,-0.17
384071,250.16,250.00,62,3.00,-0.16
384171,250.14,250.00,62,3.00,-0.14
384271,250.15,250.00,59,3.00,-0.15
384371,250.16,250.00,59,3.00,-0.16
384471,250.15,250.00,62,3.00,-0.15
384571,250.12,250.00,63,3.00,-0.12
384671,250.12,250.00,60,3.00,-0.12
384771,250.13,250.00,59,3.00,-0.13
384871,250.11,250.00,63,3.00,-0.11
384971,250.11,250.00,60,3.00,-0.11
385071,250.11,250.00,60,3.00,-0.11
385171,250.10,250.00,61,3.00,-0.10
385271,250.08,250.00,63,3.00,-0.08
385371,250.08,250.00,60,3.00,-0.08
385471,250.06,250.00,62,3.00,-0.06
385571,250.05,250.00,62,3.00,-0.05
385671,250.02,250.00,63,3.00,-0.02
385771,249.98,250.00,65,3.00,0.02
385871,249.98,250.00,61,3.00,0.02
385971,249.96,250.00,63,3.00,0.04
386071,249.94,250.00,63,3.00,0.06
386171,249.92,250.00,63,3.00,0.08
386271,249.91,250.00,63,3.00,0.09
386371,249.89,250.00,63,3.00,0.11
386471,249.92,250.00,59,3.00,0.08
386571,249.95,250.00,58,3.00,0.05
386671,249.93,250.00,63,3.00,0.07
386771,249.94,250.00,60,3.00,0.06
386871,249.95,250.00,60,3.00,0.05
386971,249.90,250.00,65,3.00,0.10
387071,249.88,250.00,64,3.00,0.12
387171,249.85,250.00,64,3.00,0.15
387271,249.86,250.00,61,3.00,0.14
387371,249.83,250.00,65,3.00,0.17
387471,249.83,250.00,61,3.00,0.17
387571,249.85,250.00,60,3.00,0.15
387671,249.84,250.00,62,3.00,0.16
387771,249.88,250.00,57,3.00,0.12
387871,249.86,250.00,64,3.00,0.14
387971,249.80,250.00,67,3.00,0.20
388071,249.77,250.00,64,3.00,0.23
388171,249.77,250.00,62,3.00,0.23
388271,249.76,250.00,63,3.00,0.24
388371,249.73,250.00,65,3.00,0.27
388471,249.71,250.00,64,3.00,0.29
388571,249.72,250.00,60,3.00,0.28
388671,249.72,250.00,63,3.00,0.28
388771,249.71,250.00,63,3.00,0.29
388871,249.71,250.00,61,3.00,0.29
388971,249.73,250.00,60,3.00,0.27
389071,249.70,250.00,65,3.00,0.30
389171,249.67,250.00,65,3.00,0.33
389271,249.64,250.00,65,3.00,0.36
389371,249.69,250.00,57,3.00,0.31
389471,249.68,250.00,64,3.00,0.32
389571,249.69,250.00,61,3.00,0.31
389671,249.68,250.00,62,3.00,0.32
389771,249.68,250.00,62,3.00,0.32
389871,249.70,250.00,60,3.00,0.30
389971,249.69,250.00,63,3.00,0.31
390071,249.70,250.00,61,3.00,0.30
390171,249.70,250.00,63,3.00,0.30
390271,249.69,250.00,63,3.00,0.31
390371,249.69,250.00,63,3.00,0.31
390471,249.65,250.00,66,3.00,0.35
390571,249.68,250.00,59,3.00,0.32
390671,249.69,250.00,61,3.00,0.31
390771,249.67,250.00,64,3.00,0.33
390871,249.66,250.00,64,3.00,0.34
390971,249.61,250.00,67,3.00,0.39
391071,249.63,250.00,61,3.00,0.37
391171,249.62,250.00,63,3.00,0.38
391271,249.62,250.00,62,3.00,0.38
391371,249.62,250.00,62,3.00,0.38
391471,249.64,250.00,61,3.00,0.36
391571,249.64,250.00,62,3.00,0.36
391671,249.66,250.00,60,3.00,0.34
391771,249.69,250.00,60,3.00,0.31
391871,249.68,250.00,63,3.00,0.32
391971,249.71,250.00,59,3.00,0.29
392071,249.71,250.00,63,3.00,0.29
392171,249.67,250.00,66,3.00,0.33
392271,249.65,250.00,64,3.00,0.35
392371,249.66,250.00,61,3.00,0.34
392471,249.67,250.00,61,3.00,0.33
392571,249.65,250.00,65,3.00,0.35
392671,249.69,250.00,57,3.00,0.31
392771,249.71,250.00,60,3.00,0.29
392871,249.76,250.00,58,3.00,0.24
392971,249.74,250.00,63,3.00,0.26
393071,249.75,250.00,62,3.00,0.25
393171,249.76,250.00,61,3.00,0.24
393271,249.71,250.00,67,3.00,0.29
393371,249.70,250.00,64,3.00,0.30
393471,249.67,250.00,65,3.00,0.33
393571,249.71,250.00,58,3.00,0.29
393671,249.69,250.00,64,3.00,0.31
393771,249.69,250.00,63,3.00,0.31
393871,249.71,250.00,60,3.00,0.29
393971,249.70,250.00,63,3.00,0.30
394071,249.72,250.00,60,3.00,0.28
394171,249.71,250.00,63,3.00,0.29
394271,249.72,250.00,62,3.00,0.28
394371,249.70,250.00,64,3.00,0.30
394471,249.65,250.00,68,3.00,0.35
394571,249.65,250.00,62,3.00,0.35
394671,249.62,250.00,65,3.00,0.38
394771,249.66,250.00,59,3.00,0.34
394871,249.68,250.00,60,3.00,0.32
394971,249.72,250.00,59,3.00,0.28
395071,249.70,250.00,64,3.00,0.30
395171,249.70,250.00,62,3.00,0.30
395271,249.67,250.00,65,3.00,0.33
395371,249.65,250.00,65,3.00,0.35
395471,249.65,250.00,63,3.00,0.35
395571,249.62,250.00,65,3.00,0.38
395671,249.67,250.00,57,3.00,0.33
395771,249.66,250.00,64,3.00,0.34
395871,249.65,250.00,64,3.00,0.35
395971,249.66,250.00,61,3.00,0.34
396071,249.65,250.00,64,3.00,0.35
396171,249.62,250.00,65,3.00,0.38
396271,249.60,250.00,65,3.00,0.40
396371,249.56,250.00,67,3.00,0.44
396471,249.56,250.00,63,3.00,0.44
396571,249.56,250.00,62,3.00,0.44
396671,249.56,250.00,63,3.00,0.44
396771,249.55,250.00,65,3.00,0.45
396871,249.59,250.00,58,3.00,0.41
396971,249.61,250.00,61,3.00,0.39
397071,249.60,250.00,64,3.00,0.40
397171,249.57,250.00,66,3.00,0.43
397271,249.59,250.00,61,3.00,0.41
397371,249.61,250.00,61,3.00,0.39
397471,249.58,250.00,66,3.00,0.42
397571,249.57,250.00,63,3.00,0.43
397671,249.56,250.00,65,3.00,0.44
397771,249.56,250.00,62,3.00,0.44
397871,249.56,250.00,63,3.00,0.44
397971,249.57,250.00,62,3.00,0.43
398071,249.60,250.00,60,3.00,0.40
398171,249.59,250.00,64,3.00,0.41
398271,249.65,250.00,57,3.00,0.35
398371,249.64,250.00,64,3.00,0.36
398471,249.59,250.00,68,3.00,0.41
398571,249.57,250.00,65,3.00,0.43
398671,249.57,250.00,63,3.00,0.43
398771,249.57,250.00,62,3.00,0.43
398871,249.56,250.00,65,3.00,0.44
398971,249.60,250.00,58,3.00,0.40
399071,249.63,250.00,60,3.00,0.37
399171,249.62,250.00,64,3.00,0.38
399271,249.59,250.00,66,3.00,0.41
399371,249.56,250.00,66,3.00,0.44
399471,249.54,250.00,65,3.00,0.46
399571,249.52,250.00,66,3.00,0.48
399671,249.51,250.00,64,3.00,0.49
399771,249.50,250.00,64,3.00,0.50
399871,249.57,250.00,56,3.00,0.43
399971,249.57,250.00,64,3.00,0.43
400071,249.56,250.00,64,3.00,0.44
400171,249.58,250.00,61,3.00,0.42
400271,249.58,250.00,64,3.00,0.42
400371,249.63,250.00,57,3.00,0.37
400471,249.60,250.00,66,3.00,0.40
400571,249.62,250.00,61,3.00,0.38
400671,249.61,250.00,64,3.00,0.39
400771,249.61,250.00,63,3.00,0.39
400871,249.61,250.00,63,3.00,0.39
400971,249.61,250.00,64,3.00,0.39
401071,249.60,250.00,64,3.00,0.40
401171,249.59,250.00,64,3.00,0.41
401271,249.61,250.00,61,3.00,0.39
401371,249.62,250.00,61,3.00,0.38
401471,249.66,250.00,59,3.00,0.34
401571,249.67,250.00,62,3.00,0.33
401671,249.68,250.00,62,3.00,0.32
401771,249.67,250.00,64,3.00,0.33
401871,249.65,250.00,64,3.00,0.35
401971,249.68,250.00,60,3.00,0.32
402071,249.70,250.00,61,3.00,0.30
402171,249.74,250.00,58,3.00,0.26
402271,249.78,250.00,59,3.00,0.22
402371,249.79,250.00,61,3.00,0.21
402471,249.85,250.00,56,3.00,0.15
402571,249.84,250.00,63,3.00,0.16
402671,249.84,250.00,62,3.00,0.16
402771,249.84,250.00,63,3.00,0.16
402871,249.86,250.00,59,3.00,0.14
402971,249.87,250.00,62,3.00,0.13
403071,249.93,250.00,56,3.00,0.07
403171,249.95,250.00,60,3.00,0.05
403271,249.97,250.00,60,3.00,0.03
403371,249.96,250.00,63,3.00,0.04
403471,249.97,250.00,60,3.00,0.03
403571,249.99,250.00,60,3.00,0.01
403671,250.00,250.00,60,3.00,-0.00
403771,250.00,250.00,62,3.00,-0.00
403871,249.99,250.00,63,3.00,0.01
403971,250.00,250.00,60,3.00,-0.00
404071,250.05,250.00,57,3.00,-0.05
404171,250.04,250.00,63,3.00,-0.04
404271,250.03,250.00,62,3.00,-0.03
404371,250.02,250.00,63,3.00,-0.02
404471,250.02,250.00,62,3.00,-0.02
404571,250.00,250.00,63,3.00,-0.00
404671,250.00,250.00,62,3.00,-0.00
404771,250.03,250.00,59,3.00,-0.03
404871,250.01,250.00,63,3.00,-0.01
404971,250.02,250.00,60,3.00,-0.02
405071,250.06,250.00,58,3.00,-0.06
405171,250.11,250.00,56,3.00,-0.11
405271,250.10,250.00,62,3.00,-0.10
405371,250.13,250.00,58,3.00,-0.13
405471,250.13,250.00,61,3.00,-0.13
405571,250.13,250.00,61,3.00,-0.13
405671,250.14,250.00,60,3.00,-0.14
405771,250.11,250.00,64,3.00,-0.11
405871,250.11,250.00,61,3.00,-0.11
405971,250.09,250.00,63,3.00,-0.09
406071,250.11,250.00,60,3.00,-0.11
406171,250.16,250.00,56,3.00,-0.16
406271,250.14,250.00,62,3.00,-0.14
406371,250.16,250.00,59,3.00,-0.16
406471,250.18,250.00,59,3.00,-0.18
406571,250.17,250.00,63,3.00,-0.17
406671,250.21,250.00,56,3.00,-0.21
406771,250.20,250.00,62,3.00,-0.20
406871,250.21,250.00,60,3.00,-0.21
406971,250.21,250.00,60,3.00,-0.21
407071,250.21,250.00,60,3.00,-0.21
407171,250.20,250.00,62,3.00,-0.20
407271,250.18,250.00,63,3.00,-0.18
407371,250.23,250.00,56,3.00,-0.23
407471,250.24,250.00,59,3.00,-0.24
407571,250.19,250.00,65,3.00,-0.19
407671,250.21,250.00,59,3.00,-0.21
407771,250.22,250.00,59,3.00,-0.22
407871,250.25,250.00,58,3.00,-0.25
407971,250.25,250.00,61,3.00,-0.25
408071,250.24,250.00,62,3.00,-0.24
408171,250.21,250.00,63,3.00,-0.21
408271,250.23,250.00,59,3.00,-0.23
408371,250.22,250.00,62,3.00,-0.22
408471,250.22,250.00,60,3.00,-0.22
408571,250.26,250.00,57,3.00,-0.26
408671,250.26,250.00,61,3.00,-0.26
408771,250.28,250.00,58,3.00,-0.28
408871,250.28,250.00,61,3.00,-0.28
408971,250.27,250.00,61,3.00,-0.27
409071,250.26,250.00,62,3.00,-0.26
409171,250.26,250.00,61,3.00,-0.26
409271,250.26,250.00,61,3.00,-0.26
409371,250.31,250.00,54,3.00,-0.31
409471,250.32,250.00,60,3.00,-0.32
409571,250.31,250.00,61,3.00,-0.31
409671,250.30,250.00,61,3.00,-0.30
409771,250.29,250.00,62,3.00,-0.29
409871,250.29,250.00,59,3.00,-0.29
409971,250.29,250.00,61,3.00,-0.29
410071,250.30,250.00,59,3.00,-0.30
410171,250.29,250.00,61,3.00,-0.29
410271,250.25,250.00,64,3.00,-0.25
410371,250.26,250.00,59,3.00,-0.26
410471,250.25,250.00,62,3.00,-0.25
410571,250.25,250.00,60,3.00,-0.25
410671,250.27,250.00,58,3.00,-0.27
410771,250.27,250.00,61,3.00,-0.27
410871,250.29,250.00,58,3.00,-0.29
410971,250.30,250.00,59,3.00,-0.30
411071,250.32,250.00,58,3.00,-0.32
411171,250.30,250.00,62,3.00,-0.30
411271,250.29,250.00,61,3.00,-0.29
411371,250.30,250.00,59,3.00,-0.30
411471,250.35,250.00,54,3.00,-0.35
411571,250.37,250.00,59,3.00,-0.37
411671,250.37,250.00,60,3.00,-0.37
411771,250.38,250.00,59,3.00,-0.38
411871,250.36,250.00,61,3.00,-0.36
411971,250.39,250.00,57,3.00,-0.39
412071,250.41,250.00,57,3.00,-0.41
412171,250.39,250.00,61,3.00,-0.39
412271,250.41,250.00,57,3.00,-0.41
412371,250.41,250.00,60,3.00,-0.41
412471,250.42,250.00,59,3.00,-0.42
412571,250.41,250.00,60,3.00,-0.41
412671,250.43,250.00,58,3.00,-0.43
412771,250.46,250.00,56,3.00,-0.46
412871,250.46,250.00,59,3.00,-0.46
412971,250.49,250.00,57,3.00,-0.49
413071,250.50,250.00,58,3.00,-0.50
413171,250.51,250.00,58,3.00,-0.51
413271,250.50,250.00,61,3.00,-0.50
413371,250.49,250.00,59,3.00,-0.49
413471,250.49,250.00,59,3.00,-0.49
413571,250.54,250.00,54,3.00,-0.54
413671,250.53,250.00,60,3.00,-0.53
413771,250.54,250.00,58,3.00,-0.54
413871,250.54,250.00,60,3.00,-0.54
413971,250.52,250.00,61,3.00,-0.52
414071,250.53,250.00,58,3.00,-0.53
414171,250.55,250.00,57,3.00,-0.55
414271,250.56,250.00,57,3.00,-0.56
414371,250.56,250.00,60,3.00,-0.56
414471,250.53,250.00,62,3.00,-0.53
414571,250.53,250.00,58,3.00,-0.53
414671,250.52,250.00,61,3.00,-0.52
414771,250.51,250.00,59,3.00,-0.51
414871,250.55,250.00,56,3.00,-0.55
414971,250.54,250.00,60,3.00,-0.54
415071,250.58,250.00,54,3.00,-0.58
415171,250.56,250.00,61,3.00,-0.56
415271,250.52,250.00,63,3.00,-0.52
415371,250.50,250.00,61,3.00,-0.50
415471,250.51,250.00,58,3.00,-0.51
415571,250.53,250.00,57,3.00,-0.53
415671,250.58,250.00,54,3.00,-0.58
415771,250.58,250.00,58,3.00,-0.58
415871,250.57,250.00,60,3.00,-0.57
415971,250.60,250.00,56,3.00,-0.60
416071,250.59,250.00,60,3.00,-0.59
416171,250.60,250.00,57,3.00,-0.60
416271,250.61,250.00,57,3.00,-0.61
416371,250.58,250.00,62,3.00,-0.58
416471,250.58,250.00,58,3.00,-0.58
416571,250.53,250.00,63,3.00,-0.53
416671,250.58,250.00,54,3.00,-0.58
416771,250.57,250.00,60,3.00,-0.57
416871,250.57,250.00,58,3.00,-0.57
416971,250.57,250.00,58,3.00,-0.57
417071,250.56,250.00,60,3.00,-0.56
417171,250.60,250.00,54,3.00,-0.60
417271,250.59,250.00,60,3.00,-0.59
417371,250.55,250.00,63,3.00,-0.55
417471,250.54,250.00,59,3.00,-0.54
417571,250.55,250.00,58,3.00,-0.55
417671,250.54,250.00,59,3.00,-0.54
417771,250.53,250.00,59,3.00,-0.53
417871,250.53,250.00,59,3.00,-0.53
417971,250.54,250.00,58,3.00,-0.54
418071,250.56,250.00,57,3.00,-0.56
418171,250.54,250.00,61,3.00,-0.54
418271,250.54,250.00,58,3.00,-0.54
418371,250.56,250.00,57,3.00,-0.56
418471,250.54,250.00,61,3.00,-0.54
418571,250.54,250.00,59,3.00,-0.54
418671,250.51,250.00,62,3.00,-0.51
418771,250.54,250.00,55,3.00,-0.54
418871,250.51,250.00,62,3.00,-0.51
418971,250.51,250.00,59,3.00,-0.51
419071,250.49,250.00,60,3.00,-0.49
419171,250.48,250.00,60,3.00,-0.48
419271,250.49,250.00,57,3.00,-0.49
419371,250.48,250.00,60,3.00,-0.48
419471,250.48,250.00,59,3.00,-0.48
419571,250.47,250.00,60,3.00,-0.47
419671,250.46,250.00,60,3.00,-0.46
419771,250.47,250.00,57,3.00,-0.47
419871,250.44,250.00,62,3.00,-0.44
419971,250.43,250.00,60,3.00,-0.43
420071,250.45,250.00,57,3.00,-0.45
420171,250.46,250.00,57,3.00,-0.46
420271,250.47,250.00,59,3.00,-0.47
420371,250.47,250.00,59,3.00,-0.47
420471,250.47,250.00,59,3.00,-0.47
420571,250.46,250.00,60,3.00,-0.46
420671,250.45,250.00,60,3.00,-0.45
420771,250.45,250.00,58,3.00,-0.45
420871,250.44,250.00,60,3.00,-0.44
420971,250.41,250.00,62,3.00,-0.41
421071,250.42,250.00,58,3.00,-0.42
421171,250.45,250.00,56,3.00,-0.45
421271,250.43,250.00,61,3.00,-0.43
421371,250.43,250.00,58,3.00,-0.43
421471,250.39,250.00,63,3.00,-0.39
421571,250.34,250.00,64,3.00,-0.34
421671,250.33,250.00,60,3.00,-0.33
421771,250.32,250.00,60,3.00,-0.32
421871,250.34,250.00,58,3.00,-0.34
421971,250.32,250.00,61,3.00,-0.32
422071,250.32,250.00,59,3.00,-0.32
422171,250.35,250.00,56,3.00,-0.35
422271,250.34,250.00,60,3.00,-0.34
422371,250.33,250.00,60,3.00,-0.33
422471,250.34,250.00,58,3.00,-0.34
422571,250.36,250.00,58,3.00,-0.36
422671,250.35,250.00,60,3.00,-0.35
422771,250.35,250.00,59,3.00,-0.35
422871,250.33,250.00,61,3.00,-0.33
422971,250.33,250.00,59,3.00,-0.33
423071,250.32,250.00,60,3.00,-0.32
423171,250.34,250.00,57,3.00,-0.34
423271,250.36,250.00,56,3.00,-0.36
423371,250.34,250.00,62,3.00,-0.34
423471,250.38,250.00,55,3.00,-0.38
423571,250.35,250.00,62,3.00,-0.35
423671,250.34,250.00,60,3.00,-0.34
423771,250.33,250.00,60,3.00,-0.33
423871,250.32,250.00,60,3.00,-0.32
423971,250.30,250.00,61,3.00,-0.30
424071,250.29,250.00,61,3.00,-0.29
424171,250.27,250.00,61,3.00,-0.27
424271,250.28,250.00,58,3.00,-0.28
424371,250.26,250.00,61,3.00,-0.26
424471,250.24,250.00,62,3.00,-0.24
424571,250.24,250.00,59,3.00,-0.24
424671,250.25,250.00,58,3.00,-0.25
424771,250.20,250.00,64,3.00,-0.20
424871,250.17,250.00,63,3.00,-0.17
424971,250.18,250.00,59,3.00,-0.18
425071,250.16,250.00,61,3.00,-0.16
425171,250.14,250.00,61,3.00,-0.14
425271,250.15,250.00,59,3.00,-0.15
425371,250.16,250.00,59,3.00,-0.16
425471,250.15,250.00,61,3.00,-0.15
425571,250.18,250.00,56,3.00,-0.18
425671,250.16,250.00,61,3.00,-0.16
425771,250.16,250.00,60,3.00,-0.16
425871,250.13,250.00,63,3.00,-0.13
425971,250.12,250.00,61,3.00,-0.12
426071,250.10,250.00,62,3.00,-0.10
426171,250.15,250.00,55,3.00,-0.15
426271,250.13,250.00,61,3.00,-0.13
426371,250.14,250.00,59,3.00,-0.14
426471,250.12,250.00,62,3.00,-0.12
426571,250.09,250.00,62,3.00,-0.09
426671,250.07,250.00,62,3.00,-0.07
426771,250.08,250.00,60,3.00,-0.08
426871,250.04,250.00,65,3.00,-0.04
426971,250.03,250.00,61,3.00,-0.03
427071,250.03,250.00,61,3.00,-0.03
427171,249.99,250.00,64,3.00,0.01
427271,249.97,250.00,63,3.00,0.03
427371,249.98,250.00,59,3.00,0.02
427471,249.99,250.00,60,3.00,0.01
427571,249.96,250.00,63,3.00,0.04
427671,250.00,250.00,56,3.00,-0.00
427771,249.98,250.00,63,3.00,0.02
427871,249.97,250.00,61,3.00,0.03
427971,249.93,250.00,65,3.00,0.07
428071,249.91,250.00,62,3.00,0.09
428171,249.90,250.00,62,3.00,0.10
428271,249.87,250.00,63,3.00,0.13
428371,249.86,250.00,62,3.00,0.14
428471,249.86,250.00,61,3.00,0.14
428571,249.84,250.00,63,3.00,0.16
428671,249.82,250.00,63,3.00,0.18
428771,249.82,250.00,62,3.00,0.18
428871,249.82,250.00,60,3.00,0.18
428971,249.79,250.00,64,3.00,0.21
429071,249.79,250.00,61,3.00,0.21
429171,249.76,250.00,64,3.00,0.24
429271,249.77,250.00,61,3.00,0.23
429371,249.74,250.00,64,3.00,0.26
429471,249.74,250.00,61,3.00,0.26
429571,249.76,250.00,60,3.00,0.24
429671,249.75,250.00,63,3.00,0.25
429771,249.71,250.00,65,3.00,0.29
429871,249.69,250.00,63,3.00,0.31
429971,249.70,250.00,61,3.00,0.30
430071,249.68,250.00,63,3.00,0.32
430171,249.67,250.00,63,3.00,0.33
430271,249.70,250.00,58,3.00,0.30
430371,249.74,250.00,57,3.00,0.26
430471,249.75,250.00,61,3.00,0.25
430571,249.75,250.00,61,3.00,0.25
430671,249.73,250.00,64,3.00,0.27
430771,249.71,250.00,64,3.00,0.29
430871,249.71,250.00,61,3.00,0.29
430971,249.71,250.00,62,3.00,0.29
431071,249.69,250.00,63,3.00,0.31
431171,249.67,250.00,63,3.00,0.33
431271,249.67,250.00,62,3.00,0.33
431371,249.73,250.00,56,3.00,0.27
431471,249.72,250.00,62,3.00,0.28
431571,249.74,250.00,60,3.00,0.26
431671,249.76,250.00,59,3.00,0.24
431771,249.76,250.00,61,3.00,0.24
431871,249.80,250.00,58,3.00,0.20
431971,249.78,250.00,63,3.00,0.22
432071,249.79,250.00,60,3.00,0.21
432171,249.78,250.00,63,3.00,0.22
432271,249.78,250.00,62,3.00,0.22
432371,249.78,250.00,62,3.00,0.22
432471,249.84,250.00,55,3.00,0.16
432571,249.84,250.00,61,3.00,0.16
432671,249.85,250.00,61,3.00,0.15
432771,249.83,250.00,63,3.00,0.17
432871,249.76,250.00,68,3.00,0.24
432971,249.71,250.00,66,3.00,0.29
433071,249.73,250.00,60,3.00,0.27
433171,249.72,250.00,62,3.00,0.28
433271,249.69,250.00,65,3.00,0.31
433371,249.67,250.00,63,3.00,0.33
433471,249.72,250.00,57,3.00,0.28
433571,249.70,250.00,64,3.00,0.30
433671,249.67,250.00,65,3.00,0.33
433771,249.69,250.00,60,3.00,0.31
433871,249.69,250.00,62,3.00,0.31
433971,249.71,250.00,60,3.00,0.29
434071,249.70,250.00,62,3.00,0.30
434171,249.65,250.00,67,3.00,0.35
434271,249.64,250.00,63,3.00,0.36
434371,249.59,250.00,67,3.00,0.41
434471,249.60,250.00,62,3.00,0.40
434571,249.65,250.00,57,3.00,0.35
434671,249.64,250.00,63,3.00,0.36
434771,249.66,250.00,59,3.00,0.34
434871,249.70,250.00,58,3.00,0.30
434971,249.68,250.00,64,3.00,0.32
435071,249.66,250.00,63,3.00,0.34
435171,249.65,250.00,63,3.00,0.35
435271,249.60,250.00,67,3.00,0.40
435371,249.60,250.00,63,3.00,0.40
435471,249.58,250.00,64,3.00,0.42
435571,249.57,250.00,63,3.00,0.43
435671,249.57,250.00,63,3.00,0.43
435771,249.55,250.00,64,3.00,0.45
435871,249.57,250.00,60,3.00,0.43
435971,249.56,250.00,64,3.00,0.44
436071,249.58,250.00,60,3.00,0.42
436171,249.57,250.00,63,3.00,0.43
436271,249.58,250.00,62,3.00,0.42
436371,249.55,250.00,65,3.00,0.45
436471,249.54,250.00,64,3.00,0.46
436571,249.57,250.00,59,3.00,0.43
436671,249.57,250.00,63,3.00,0.43
436771,249.59,250.00,60,3.00,0.41
436871,249.61,250.00,61,3.00,0.39
436971,249.59,250.00,64,3.00,0.41
437071,249.57,250.00,64,3.00,0.43
437171,249.52,250.00,68,3.00,0.48
437271,249.51,250.00,64,3.00,0.49
437371,249.47,250.00,66,3.00,0.53
437471,249.46,250.00,65,3.00,0.54
437571,249.45,250.00,63,3.00,0.55
437671,249.51,250.00,57,3.00,0.49
437771,249.50,250.00,64,3.00,0.50
437871,249.51,250.00,61,3.00,0.49
437971,249.50,250.00,64,3.00,0.50
438071,249.49,250.00,64,3.00,0.51
438171,249.54,250.00,58,3.00,0.46
438271,249.52,250.00,65,3.00,0.48
438371,249.52,250.00,63,3.00,0.48
438471,249.51,250.00,64,3.00,0.49
438571,249.52,250.00,61,3.00,0.48
438671,249.55,250.00,60,3.00,0.45
438771,249.52,250.00,65,3.00,0.48
438871,249.56,250.00,59,3.00,0.44
438971,249.58,250.00,61,3.00,0.42
439071,249.56,250.00,64,3.00,0.44
439171,249.55,250.00,64,3.00,0.45
439271,249.53,250.00,64,3.00,0.47
439371,249.52,250.00,64,3.00,0.48
439471,249.49,250.00,66,3.00,0.51
439571,249.49,250.00,63,3.00,0.51
439671,249.48,250.00,64,3.00,0.52
439771,249.55,250.00,56,3.00,0.45
439871,249.53,250.00,64,3.00,0.47
439971,249.54,250.00,62,3.00,0.46
440071,249.55,250.00,62,3.00,0.45
440171,249.54,250.00,64,3.00,0.46
440271,249.53,250.00,64,3.00,0.47
440371,249.52,250.00,64,3.00,0.48
440471,249.47,250.00,68,3.00,0.53
440571,249.46,250.00,64,3.00,0.54
440671,249.45,250.00,65,3.00,0.55
440771,249.44,250.00,64,3.00,0.56
440871,249.40,250.00,67,3.00,0.60
440971,249.44,250.00,60,3.00,0.56
441071,249.46,250.00,61,3.00,0.54
441171,249.46,250.00,64,3.00,0.54
441271,249.42,250.00,67,3.00,0.58
441371,249.38,250.00,67,3.00,0.62
441471,249.37,250.00,64,3.00,0.63
441571,249.39,250.00,62,3.00,0.61
441671,249.43,250.00,60,3.00,0.57
441771,249.41,250.00,65,3.00,0.59
441871,249.48,250.00,56,3.00,0.52
441971,249.49,250.00,63,3.00,0.51
442071,249.50,250.00,62,3.00,0.50
442171,249.53,250.00,60,3.00,0.47
442271,249.53,250.00,63,3.00,0.47
442371,249.52,250.00,64,3.00,0.48
442471,249.51,250.00,64,3.00,0.49
442571,249.47,250.00,67,3.00,0.53
442671,249.48,250.00,63,3.00,0.52
442771,249.48,250.00,63,3.00,0.52
442871,249.49,250.00,63,3.00,0.51
442971,249.49,250.00,63,3.00,0.51
443071,249.51,250.00,62,3.00,0.49
443171,249.50,250.00,64,3.00,0.50
443271,249.50,250.00,63,3.00,0.50
443371,249.50,250.00,63,3.00,0.50
443471,249.53,250.00,61,3.00,0.47
443571,249.55,250.00,61,3.00,0.45
443671,249.54,250.00,65,3.00,0.46
443771,249.53,250.00,64,3.00,0.47
443871,249.49,250.00,67,3.00,0.51
443971,249.51,250.00,62,3.00,0.49
444071,249.50,250.00,64,3.00,0.50
444171,249.52,250.00,61,3.00,0.48
444271,249.55,250.00,61,3.00,0.45
444371,249.55,250.00,63,3.00,0.45
444471,249.53,250.00,65,3.00,0.47
444571,249.54,250.00,62,3.00,0.46
444671,249.52,250.00,66,3.00,0.48
444771,249.51,250.00,64,3.00,0.49
444871,249.52,250.00,62,3.00,0.48
444971,249.56,250.00,59,3.00,0.44
445071,249.62,250.00,57,3.00,0.38
445171,249.63,250.00,61,3.00,0.37
445271,249.66,250.00,60,3.00,0.34
445371,249.65,250.00,63,3.00,0.35
445471,249.64,250.00,64,3.00,0.36
445571,249.65,250.00,62,3.00,0.35
445671,249.65,250.00,63,3.00,0.35
445771,249.62,250.00,67,3.00,0.38
445871,249.61,250.00,64,3.00,0.39
445971,249.59,250.00,65,3.00,0.41
446071,249.65,250.00,56,3.00,0.35
446171,249.64,250.00,64,3.00,0.36
446271,249.65,250.00,62,3.00,0.35
446371,249.67,250.00,62,3.00,0.33
446471,249.65,250.00,64,3.00,0.35
446571,249.69,250.00,59,3.00,0.31
446671,249.69,250.00,62,3.00,0.31
446771,249.70,250.00,62,3.00,0.30
446871,249.68,250.00,64,3.00,0.32
446971,249.67,250.00,64,3.00,0.33
447071,249.67,250.00,63,3.00,0.33
447171,249.63,250.00,67,3.00,0.37
447271,249.61,250.00,65,3.00,0.39
447371,249.61,250.00,63,3.00,0.39
447471,249.60,250.00,64,3.00,0.40
447571,249.60,250.00,64,3.00,0.40
447671,249.61,250.00,61,3.00,0.39
447771,249.60,250.00,64,3.00,0.40
447871,249.60,250.00,64,3.00,0.40
447971,249.58,250.00,65,3.00,0.42
448071,249.54,250.00,67,3.00,0.46
448171,249.60,250.00,57,3.00,0.40
448271,249.59,250.00,64,3.00,0.41
448371,249.61,250.00,61,3.00,0.39
448471,249.62,250.00,61,3.00,0.38
448571,249.61,250.00,64,3.00,0.39
448671,249.64,250.00,60,3.00,0.36
448771,249.62,250.00,65,3.00,0.38
448871,249.57,250.00,68,3.00,0.43
448971,249.58,250.00,63,3.00,0.42
449071,249.60,250.00,61,3.00,0.40
449171,249.59,250.00,64,3.00,0.41
449271,249.57,250.00,65,3.00,0.43
449371,249.62,250.00,59,3.00,0.38
449471,249.64,250.00,60,3.00,0.36
449571,249.63,250.00,64,3.00,0.37
449671,249.60,250.00,67,3.00,0.40
449771,249.57,250.00,66,3.00,0.43
449871,249.59,250.00,61,3.00,0.41
449971,249.57,250.00,65,3.00,0.43
450071,249.59,250.00,61,3.00,0.41
450171,249.58,250.00,64,3.00,0.42
450271,249.55,250.00,66,3.00,0.45
450371,249.55,250.00,64,3.00,0.45
450471,249.56,250.00,62,3.00,0.44
450571,249.58,250.00,61,3.00,0.42
450671,249.59,250.00,63,3.00,0.41
450771,249.64,250.00,58,3.00,0.36
450871,249.63,250.00,64,3.00,0.37
450971,249.66,250.00,61,3.00,0.34
451071,249.64,250.00,64,3.00,0.36
451171,249.66,250.00,62,3.00,0.34
451271,249.69,250.00,59,3.00,0.31
451371,249.69,250.00,63,3.00,0.31
451471,249.71,250.00,61,3.00,0.29
451571,249.74,250.00,60,3.00,0.26
451671,249.80,250.00,56,3.00,0.20
451771,249.80,250.00,63,3.00,0.20
451871,249.83,250.00,59,3.00,0.17
451971,249.85,250.00,61,3.00,0.15
452071,249.81,250.00,66,3.00,0.19
452171,249.80,250.00,64,3.00,0.20
452271,249.82,250.00,60,3.00,0.18
452371,249.87,250.00,57,3.00,0.13
452471,249.86,250.00,63,3.00,0.14
452571,249.86,250.00,62,3.00,0.14
452671,249.89,250.00,60,3.00,0.11
452771,249.88,250.00,63,3.00,0.12
452871,249.93,250.00,57,3.00,0.07
452971,249.92,250.00,62,3.00,0.08
453071,249.93,250.00,61,3.00,0.07
453171,249.91,250.00,64,3.00,0.09
453271,249.92,250.00,61,3.00,0.08
453371,249.93,250.00,61,3.00,0.07
453471,249.91,250.00,64,3.00,0.09
453571,249.94,250.00,60,3.00,0.06
453671,249.95,250.00,60,3.00,0.05
453771,249.95,250.00,63,3.00,0.05
453871,249.94,250.00,63,3.00,0.06
453971,249.96,250.00,60,3.00,0.04
454071,249.96,250.00,61,3.00,0.04
454171,249.93,250.00,65,3.00,0.07
454271,249.94,250.00,61,3.00,0.06
454371,249.92,250.00,64,3.00,0.08
454471,249.92,250.00,62,3.00,0.08
454571,249.90,250.00,64,3.00,0.10
454671,249.90,250.00,62,3.00,0.10
454771,249.92,250.00,60,3.00,0.08
454871,249.92,250.00,62,3.00,0.08
454971,249.98,250.00,56,3.00,0.02
455071,249.97,250.00,63,3.00,0.03
455171,249.98,250.00,60,3.00,0.02
455271,249.97,250.00,63,3.00,0.03
455371,249.96,250.00,63,3.00,0.04
455471,249.97,250.00,62,3.00,0.03
455571,249.94,250.00,65,3.00,0.06
455671,249.98,250.00,58,3.00,0.02
455771,249.99,250.00,60,3.00,0.01
455871,250.03,250.00,58,3.00,-0.03
455971,250.02,250.00,63,3.00,-0.02
456071,250.03,250.00,61,3.00,-0.03
456171,250.04,250.00,61,3.00,-0.04
456271,250.02,250.00,63,3.00,-0.02
456371,249.98,250.00,66,3.00,0.02
456471,249.96,250.00,64,3.00,0.04
456571,250.01,250.00,57,3.00,-0.01
456671,250.00,250.00,63,3.00,-0.00
456771,249.99,250.00,63,3.00,0.01
456871,250.00,250.00,60,3.00,-0.00
456971,250.00,250.00,62,3.00,-0.00
457071,249.98,250.00,64,3.00,0.02
457171,249.95,250.00,65,3.00,0.05
457271,249.96,250.00,60,3.00,0.04
457371,249.96,250.00,63,3.00,0.04
457471,249.97,250.00,60,3.00,0.03
457571,249.98,250.00,62,3.00,0.02
457671,249.97,250.00,63,3.00,0.03
457771,249.96,250.00,63,3.00,0.04
457871,249.98,250.00,60,3.00,0.02
457971,249.97,250.00,63,3.00,0.03
458071,249.96,250.00,63,3.00,0.04
458171,249.97,250.00,60,3.00,0.03
458271,249.99,250.00,60,3.00,0.01
458371,250.02,250.00,59,3.00,-0.02
458471,250.03,250.00,61,3.00,-0.03
458571,250.04,250.00,61,3.00,-0.04
458671,250.03,250.00,62,3.00,-0.03
458771,250.01,250.00,64,3.00,-0.01
458871,250.01,250.00,62,3.00,-0.01
458971,249.99,250.00,63,3.00,0.01
459071,249.98,250.00,63,3.00,0.02
459171,249.96,250.00,64,3.00,0.04
459271,249.95,250.00,63,3.00,0.05
459371,249.97,250.00,60,3.00,0.03
459471,249.96,250.00,63,3.00,0.04
459571,249.98,250.00,60,3.00,0.02
459671,249.98,250.00,62,3.00,0.02
459771,249.97,250.00,63,3.00,0.03
459871,250.00,250.00,59,3.00,0.00
459971,250.00,250.00,62,3.00,0.00
460071,250.00,250.00,62,3.00,0.00
460171,250.00,250.00,62,3.00,-0.00
460271,250.02,250.00,59,3.00,-0.02
460371,250.05,250.00,59,3.00,-0.05
460471,250.04,250.00,62,3.00,-0.04
460571,250.04,250.00,62,3.00,-0.04
460671,250.02,250.00,63,3.00,-0.02
460771,250.03,250.00,61,3.00,-0.03
460871,250.03,250.00,62,3.00,-0.03
460971,250.04,250.00,61,3.00,-0.04
461071,250.04,250.00,62,3.00,-0.04
461171,250.04,250.00,61,3.00,-0.04
461271,250.09,250.00,57,3.00,-0.09
461371,250.09,250.00,61,3.00,-0.09
461471,250.11,250.00,60,3.00,-0.11
461571,250.11,250.00,61,3.00,-0.11
461671,250.11,250.00,61,3.00,-0.11
461771,250.15,250.00,57,3.00,-0.15
461871,250.13,250.00,63,3.00,-0.13
461971,250.17,250.00,58,3.00,-0.17
462071,250.19,250.00,59,3.00,-0.19
462171,250.21,250.00,59,3.00,-0.21
462271,250.21,250.00,61,3.00,-0.21
462371,250.21,250.00,61,3.00,-0.21
462471,250.24,250.00,58,3.00,-0.24
462571,250.24,250.00,61,3.00,-0.24
462671,250.23,250.00,62,3.00,-0.23
462771,250.23,250.00,61,3.00,-0.23
462871,250.23,250.00,61,3.00,-0.23
462971,250.23,250.00,61,3.00,-0.23
463071,250.23,250.00,61,3.00,-0.23
463171,250.26,250.00,58,3.00,-0.26
463271,250.26,250.00,61,3.00,-0.26
463371,250.29,250.00,57,3.00,-0.29
463471,250.29,250.00,61,3.00,-0.29
463571,250.29,250.00,60,3.00,-0.29
463671,250.30,250.00,60,3.00,-0.30
463771,250.30,250.00,61,3.00,-0.30
463871,250.30,250.00,60,3.00,-0.30
463971,250.30,250.00,61,3.00,-0.30
464071,250.32,250.00,59,3.00,-0.32
464171,250.32,250.00,60,3.00,-0.32
464271,250.31,250.00,61,3.00,-0.31
464371,250.31,250.00,61,3.00,-0.31
464471,250.32,250.00,59,3.00,-0.32
464571,250.34,250.00,59,3.00,-0.34
464671,250.33,250.00,61,3.00,-0.33
464771,250.32,250.00,61,3.00,-0.32
464871,250.34,250.00,59,3.00,-0.34
464971,250.38,250.00,56,3.00,-0.38
465071,250.36,250.00,62,3.00,-0.36
465171,250.36,250.00,60,3.00,-0.36
465271,250.39,250.00,58,3.00,-0.39
465371,250.38,250.00,60,3.00,-0.38
465471,250.41,250.00,58,3.00,-0.41
465571,250.40,250.00,60,3.00,-0.40
465671,250.41,250.00,59,3.00,-0.41
465771,250.39,250.00,62,3.00,-0.39
465871,250.40,250.00,59,3.00,-0.40
465971,250.40,250.00,60,3.00,-0.40
466071,250.38,250.00,62,3.00,-0.38
466171,250.42,250.00,56,3.00,-0.42
466271,250.41,250.00,60,3.00,-0.41
466371,250.40,250.00,62,3.00,-0.40
466471,250.38,250.00,62,3.00,-0.38
466571,250.39,250.00,59,3.00,-0.39
466671,250.40,250.00,59,3.00,-0.40
466771,250.41,250.00,59,3.00,-0.41
466871,250.39,250.00,62,3.00,-0.39
466971,250.40,250.00,59,3.00,-0.40
467071,250.40,250.00,60,3.00,-0.40
467171,250.38,250.00,62,3.00,-0.38
467271,250.39,250.00,59,3.00,-0.39
467371,250.41,250.00,58,3.00,-0.41
467471,250.40,250.00,62,3.00,-0.40
467571,250.43,250.00,56,3.00,-0.43
467671,250.41,250.00,62,3.00,-0.41
467771,250.37,250.00,64,3.00,-0.37
467871,250.38,250.00,59,3.00,-0.38
467971,250.39,250.00,59,3.00,-0.39
468071,250.39,250.00,60,3.00,-0.39
468171,250.43,250.00,55,3.00,-0.43
468271,250.40,250.00,63,3.00,-0.40
468371,250.41,250.00,59,3.00,-0.41
468471,250.41,250.00,60,3.00,-0.41
468571,250.39,250.00,61,3.00,-0.39
468671,250.40,250.00,59,3.00,-0.40
468771,250.42,250.00,58,3.00,-0.42
468871,250.40,250.00,62,3.00,-0.40
468971,250.40,250.00,60,3.00,-0.40
469071,250.41,250.00,59,3.00,-0.41
469171,250.39,250.00,61,3.00,-0.39
469271,250.38,250.00,61,3.00,-0.38
469371,250.36,250.00,61,3.00,-0.36
469471,250.37,250.00,59,3.00,-0.37
469571,250.36,250.00,61,3.00,-0.36
469671,250.40,250.00,56,3.00,-0.40
469771,250.37,250.00,63,3.00,-0.37
469871,250.33,250.00,64,3.00,-0.33
469971,250.34,250.00,60,3.00,-0.34
470071,250.33,250.00,61,3.00,-0.33
470171,250.32,250.00,61,3.00,-0.32
470271,250.37,250.00,55,3.00,-0.37
470371,250.38,250.00,59,3.00,-0.38
470471,250.39,250.00,59,3.00,-0.39
470571,250.38,250.00,61,3.00,-0.38
470671,250.36,250.00,61,3.00,-0.36
470771,250.38,250.00,59,3.00,-0.38
470871,250.40,250.00,57,3.00,-0.40
470971,250.41,250.00,59,3.00,-0.41
471071,250.42,250.00,59,3.00,-0.42
471171,250.43,250.00,58,3.00,-0.43
471271,250.48,250.00,55,3.00,-0.48
471371,250.45,250.00,62,3.00,-0.45
471471,250.47,250.00,58,3.00,-0.47
471571,250.46,250.00,60,3.00,-0.46
471671,250.46,250.00,59,3.00,-0.46
471771,250.49,250.00,57,3.00,-0.49
471871,250.47,250.00,61,3.00,-0.47
471971,250.43,250.00,64,3.00,-0.43
472071,250.41,250.00,61,3.00,-0.41
472171,250.40,250.00,60,3.00,-0.40
472271,250.39,250.00,61,3.00,-0.39
472371,250.37,250.00,61,3.00,-0.37
472471,250.37,250.00,60,3.00,-0.37
472571,250.38,250.00,59,3.00,-0.38
472671,250.37,250.00,61,3.00,-0.37
472771,250.36,250.00,61,3.00,-0.36
472871,250.37,250.00,58,3.00,-0.37
472971,250.38,250.00,59,3.00,-0.38
473071,250.37,250.00,61,3.00,-0.37
473171,250.37,250.00,60,3.00,-0.37
473271,250.32,250.00,65,3.00,-0.32
473371,250.32,250.00,59,3.00,-0.32
473471,250.32,250.00,61,3.00,-0.32
473571,250.32,250.00,59,3.00,-0.32
473671,250.34,250.00,58,3.00,-0.34
473771,250.33,250.00,61,3.00,-0.33
473871,250.34,250.00,58,3.00,-0.34
473971,250.32,250.00,62,3.00,-0.32
474071,250.33,250.00,59,3.00,-0.33
474171,250.32,250.00,61,3.00,-0.32
474271,250.31,250.00,61,3.00,-0.31
474371,250.34,250.00,57,3.00,-0.34
474471,250.31,250.00,63,3.00,-0.31
474571,250.29,250.00,62,3.00,-0.29
474671,250.27,250.00,62,3.00,-0.27
474771,250.26,250.00,62,3.00,-0.26
474871,250.26,250.00,60,3.00,-0.26
474971,250.27,250.00,59,3.00,-0.27
475071,250.28,250.00,59,3.00,-0.28
475171,250.26,250.00,62,3.00,-0.26
475271,250.26,250.00,60,3.00,-0.26
475371,250.21,250.00,65,3.00,-0.21
475471,250.20,250.00,61,3.00,-0.20
475571,250.18,250.00,62,3.00,-0.18
475671,250.19,250.00,60,3.00,-0.19
475771,250.18,250.00,61,3.00,-0.18
475871,250.18,250.00,61,3.00,-0.18
475971,250.22,250.00,56,3.00,-0.22
476071,250.20,250.00,62,3.00,-0.20
476171,250.20,250.00,60,3.00,-0.20
476271,250.18,250.00,62,3.00,-0.18
476371,250.19,250.00,60,3.00,-0.19
476471,250.17,250.00,62,3.00,-0.17
476571,250.17,250.00,61,3.00,-0.17
476671,250.15,250.00,62,3.00,-0.15
476771,250.13,250.00,62,3.00,-0.13
476871,250.17,250.00,57,3.00,-0.17
476971,250.15,250.00,62,3.00,-0.15
477071,250.14,250.00,62,3.00,-0.14
477171,250.15,250.00,59,3.00,-0.15
477271,250.16,250.00,59,3.00,-0.16
477371,250.17,250.00,59,3.00,-0.17
477471,250.11,250.00,66,3.00,-0.11
477571,250.15,250.00,57,3.00,-0.15
477671,250.12,250.00,63,3.00,-0.12
477771,250.10,250.00,63,3.00,-0.10
477871,250.13,250.00,58,3.00,-0.13
477971,250.11,250.00,62,3.00,-0.11
478071,250.15,250.00,57,3.00,-0.15
478171,250.13,250.00,63,3.00,-0.13
478271,250.11,250.00,62,3.00,-0.11
478371,250.09,250.00,63,3.00,-0.09
478471,250.08,250.00,62,3.00,-0.08
478571,250.06,250.00,63,3.00,-0.06
478671,250.04,250.00,63,3.00,-0.04
478771,250.03,250.00,62,3.00,-0.03
478871,249.99,250.00,65,3.00,0.01
478971,250.03,250.00,57,3.00,-0.03
479071,250.01,250.00,62,3.00,-0.01
479171,250.02,250.00,60,3.00,-0.02
479271,250.03,250.00,60,3.00,-0.03
479371,250.04,250.00,60,3.00,-0.04
479471,250.02,250.00,64,3.00,-0.02
479571,249.97,250.00,66,3.00,0.03
479671,250.01,250.00,57,3.00,-0.01
479771,249.96,250.00,66,3.00,0.04
479871,249.95,250.00,62,3.00,0.05
479971,249.99,250.00,57,3.00,0.01
480071,250.01,250.00,60,3.00,-0.01
480171,250.07,250.00,55,3.00,-0.07
480271,250.05,250.00,63,3.00,-0.05
480371,250.07,250.00,59,3.00,-0.07
480471,250.05,250.00,63,3.00,-0.05
480571,250.06,250.00,60,3.00,-0.06
480671,250.05,250.00,61,3.00,-0.05
480771,250.05,250.00,61,3.00,-0.05
480871,250.04,250.00,61,3.00,-0.04
480971,250.01,250.00,64,3.00,-0.01
481071,250.05,250.00,57,3.00,-0.05
481171,250.05,250.00,61,3.00,-0.05
481271,250.04,250.00,61,3.00,-0.04
481371,250.06,250.00,59,3.00,-0.06
481471,250.04,250.00,63,3.00,-0.04
481571,250.04,250.00,61,3.00,-0.04
481671,250.02,250.00,62,3.00,-0.02
481771,250.02,250.00,61,3.00,-0.02
481871,250.01,250.00,62,3.00,-0.01
481971,250.01,250.00,61,3.00,-0.01
482071,250.03,250.00,58,3.00,-0.03
482171,250.02,250.00,62,3.00,-0.02
482271,250.00,250.00,62,3.00,-0.00
482371,249.99,250.00,62,3.00,0.01
482471,250.01,250.00,60,3.00,-0.01
482571,249.98,250.00,63,3.00,0.02
482671,249.98,250.00,61,3.00,0.02
482771,249.97,250.00,62,3.00,0.03
482871,249.96,250.00,62,3.00,0.04
482971,250.00,250.00,57,3.00,-0.00
483071,250.03,250.00,58,3.00,-0.03
483171,250.06,250.00,57,3.00,-0.06
483271,250.06,250.00,61,3.00,-0.06
483371,250.06,250.00,60,3.00,-0.06
483471,250.07,250.00,60,3.00,-0.07
483571,250.07,250.00,60,3.00,-0.07
483671,250.07,250.00,61,3.00,-0.07
483771,250.07,250.00,60,3.00,-0.07
483871,250.05,250.00,63,3.00,-0.05
483971,250.03,250.00,64,3.00,-0.03
484071,250.02,250.00,61,3.00,-0.02
484171,250.00,250.00,64,3.00,0.00
484271,249.97,250.00,63,3.00,0.03
484371,249.99,250.00,60,3.00,0.01
484471,249.98,250.00,62,3.00,0.02
484571,249.98,250.00,61,3.00,0.02
484671,249.96,250.00,63,3.00,0.04
484771,249.96,250.00,61,3.00,0.04
484871,249.96,250.00,62,3.00,0.04
484971,249.94,250.00,63,3.00,0.06
485071,249.94,250.00,61,3.00,0.06
485171,249.96,250.00,59,3.00,0.04
485271,249.95,250.00,62,3.00,0.05
485371,249.94,250.00,63,3.00,0.06
485471,249.94,250.00,61,3.00,0.06
485571,249.92,250.00,63,3.00,0.08
485671,249.89,250.00,65,3.00,0.11
485771,249.86,250.00,64,3.00,0.14
485871,249.88,250.00,60,3.00,0.12
485971,249.92,250.00,56,3.00,0.08
486071,249.91,250.00,63,3.00,0.09
486171,249.89,250.00,63,3.00,0.11
486271,249.92,250.00,59,3.00,0.08
486371,249.90,250.00,63,3.00,0.10
486471,249.90,250.00,62,3.00,0.10
486571,249.89,250.00,63,3.00,0.11
486671,249.90,250.00,60,3.00,0.10
486771,249.90,250.00,62,3.00,0.10
486871,249.85,250.00,66,3.00,0.15
486971,249.84,250.00,62,3.00,0.16
487071,249.83,250.00,62,3.00,0.17
487171,249.83,250.00,62,3.00,0.17
487271,249.86,250.00,59,3.00,0.14
487371,249.85,250.00,63,3.00,0.15
487471,249.85,250.00,61,3.00,0.15
487571,249.87,250.00,60,3.00,0.13
487671,249.86,250.00,63,3.00,0.14
487771,249.82,250.00,65,3.00,0.18
487871,249.81,250.00,64,3.00,0.19
487971,249.79,250.00,63,3.00,0.21
488071,249.80,250.00,61,3.00,0.20
488171,249.78,250.00,63,3.00,0.22
488271,249.79,250.00,61,3.00,0.21
488371,249.85,250.00,56,3.00,0.15
488471,249.85,250.00,61,3.00,0.15
488571,249.91,250.00,56,3.00,0.09
488671,249.89,250.00,63,3.00,0.11
488771,249.89,250.00,62,3.00,0.11
488871,249.88,250.00,63,3.00,0.12
488971,249.89,250.00,60,3.00,0.11
489071,249.88,250.00,63,3.00,0.12
489171,249.88,250.00,61,3.00,0.12
489271,249.88,250.00,61,3.00,0.12
489371,249.90,250.00,59,3.00,0.10
489471,249.93,250.00,59,3.00,0.07
489571,249.93,250.00,61,3.00,0.07
489671,249.98,250.00,57,3.00,0.02
489771,250.00,250.00,58,3.00,-0.00
489871,250.00,250.00,61,3.00,-0.00
489971,250.02,250.00,60,3.00,-0.02
490071,250.04,250.00,59,3.00,-0.04
490171,250.04,250.00,61,3.00,-0.04
490271,250.00,250.00,65,3.00,0.00
490371,250.02,250.00,58,3.00,-0.02
490471,250.04,250.00,59,3.00,-0.04
490571,250.04,250.00,61,3.00,-0.04
490671,250.02,250.00,62,3.00,-0.02
490771,250.02,250.00,61,3.00,-0.02
490871,250.04,250.00,59,3.00,-0.04
490971,250.05,250.00,60,3.00,-0.05
491071,250.05,250.00,61,3.00,-0.05
491171,250.08,250.00,58,3.00,-0.08
491271,250.13,250.00,55,3.00,-0.13
491371,250.14,250.00,59,3.00,-0.14
491471,250.15,250.00,59,3.00,-0.15
491571,250.19,250.00,57,3.00,-0.19
491671,250.17,250.00,62,3.00,-0.17
491771,250.18,250.00,60,3.00,-0.18
491871,250.18,250.00,60,3.00,-0.18
491971,250.14,250.00,65,3.00,-0.14
492071,250.15,250.00,59,3.00,-0.15
492171,250.12,250.00,63,3.00,-0.12
492271,250.12,250.00,61,3.00,-0.12
492371,250.11,250.00,62,3.00,-0.11
492471,250.14,250.00,58,3.00,-0.14
492571,250.17,250.00,57,3.00,-0.17
492671,250.16,250.00,62,3.00,-0.16
492771,250.19,250.00,57,3.00,-0.19
492871,250.18,250.00,61,3.00,-0.18
492971,250.13,250.00,66,3.00,-0.13
493071,250.10,250.00,63,3.00,-0.10
493171,250.12,250.00,59,3.00,-0.12
493271,250.11,250.00,62,3.00,-0.11
493371,250.10,250.00,62,3.00,-0.10
493471,250.14,250.00,57,3.00,-0.14
493571,250.15,250.00,59,3.00,-0.15
493671,250.13,250.00,62,3.00,-0.13
493771,250.14,250.00,59,3.00,-0.14
493871,250.15,250.00,59,3.00,-0.15
493971,250.16,250.00,59,3.00,-0.16
494071,250.12,250.00,64,3.00,-0.12
494171,250.12,250.00,60,3.00,-0.12
494271,250.09,250.00,64,3.00,-0.09
494371,250.09,250.00,60,3.00,-0.09
494471,250.08,250.00,62,3.00,-0.08
494571,250.09,250.00,60,3.00,-0.09
494671,250.14,250.00,55,3.00,-0.14
494771,250.14,250.00,61,3.00,-0.14
494871,250.11,250.00,63,3.00,-0.11
494971,250.10,250.00,62,3.00,-0.10
495071,250.12,250.00,59,3.00,-0.12
495171,250.10,250.00,62,3.00,-0.10
495271,250.06,250.00,65,3.00,-0.06
495371,250.06,250.00,60,3.00,-0.06
495471,250.12,250.00,55,3.00,-0.12
495571,250.12,250.00,60,3.00,-0.12
495671,250.11,250.00,62,3.00,-0.11
495771,250.07,250.00,64,3.00,-0.07
495871,250.08,250.00,60,3.00,-0.08
495971,250.10,250.00,59,3.00,-0.10
496071,250.09,250.00,62,3.00,-0.09
496171,250.09,250.00,60,3.00,-0.09
496271,250.08,250.00,61,3.00,-0.08
496371,250.06,250.00,63,3.00,-0.06
496471,250.07,250.00,60,3.00,-0.07
496571,250.05,250.00,63,3.00,-0.05
496671,250.05,250.00,61,3.00,-0.05
496771,250.08,250.00,57,3.00,-0.08
496871,250.08,250.00,60,3.00,-0.08
496971,250.11,250.00,58,3.00,-0.11
497071,250.10,250.00,62,3.00,-0.10
497171,250.07,250.00,64,3.00,-0.07
497271,250.08,250.00,59,3.00,-0.08
497371,250.08,250.00,61,3.00,-0.08
497471,250.10,250.00,58,3.00,-0.10
497571,250.09,250.00,62,3.00,-0.09
497671,250.10,250.00,60,3.00,-0.10
497771,250.12,250.00,58,3.00,-0.12
497871,250.12,250.00,60,3.00,-0.12
497971,250.11,250.00,62,3.00,-0.11
498071,250.13,250.00,59,3.00,-0.13
498171,250.10,250.00,63,3.00,-0.10
498271,250.07,250.00,64,3.00,-0.07
498371,250.09,250.00,59,3.00,-0.09
498471,250.04,250.00,65,3.00,-0.04
498571,250.09,250.00,56,3.00,-0.09
498671,250.08,250.00,61,3.00,-0.08
498771,250.08,250.00,60,3.00,-0.08
498871,250.07,250.00,61,3.00,-0.07
498971,250.07,250.00,61,3.00,-0.07
499071,250.11,250.00,56,3.00,-0.11
499171,250.10,250.00,62,3.00,-0.10
499271,250.05,250.00,65,3.00,-0.05
499371,250.06,250.00,60,3.00,-0.06
499471,250.05,250.00,61,3.00,-0.05
499571,250.05,250.00,61,3.00,-0.05
499671,250.11,250.00,55,3.00,-0.11
499771,250.16,250.00,55,3.00,-0.16
499871,250.19,250.00,57,3.00,-0.19
499971,250.23,250.00,56,3.00,-0.23
500071,250.22,250.00,61,3.00,-0.22
500171,250.22,250.00,60,3.00,-0.22
500271,250.24,250.00,59,3.00,-0.24
500371,250.22,250.00,61,3.00,-0.22
500471,250.20,250.00,62,3.00,-0.20
500571,250.18,250.00,62,3.00,-0.18
500671,250.24,250.00,55,3.00,-0.24
500771,250.21,250.00,62,3.00,-0.21
500871,250.20,250.00,61,3.00,-0.20
500971,250.22,250.00,58,3.00,-0.22
501071,250.21,250.00,61,3.00,-0.21
501171,250.23,250.00,58,3.00,-0.23
501271,250.20,250.00,62,3.00,-0.20
501371,250.21,250.00,60,3.00,-0.21
501471,250.19,250.00,62,3.00,-0.19
501571,250.19,250.00,60,3.00,-0.19
501671,250.19,250.00,61,3.00,-0.19
501771,250.24,250.00,55,3.00,-0.24
501871,250.24,250.00,60,3.00,-0.24
501971,250.25,250.00,59,3.00,-0.25
502071,250.23,250.00,62,3.00,-0.23
502171,250.23,250.00,60,3.00,-0.23
502271,250.23,250.00,60,3.00,-0.23
502371,250.23,250.00,60,3.00,-0.23
502471,250.19,250.00,65,3.00,-0.19
502571,250.19,250.00,59,3.00,-0.19
502671,250.20,250.00,60,3.00,-0.20
502771,250.19,250.00,61,3.00,-0.19
502871,250.17,250.00,62,3.00,-0.17
502971,250.17,250.00,61,3.00,-0.17
503071,250.15,250.00,62,3.00,-0.15
503171,250.14,250.00,62,3.00,-0.14
503271,250.17,250.00,57,3.00,-0.17
503371,250.13,250.00,64,3.00,-0.13
503471,250.13,250.00,60,3.00,-0.13
503571,250.12,250.00,62,3.00,-0.12
503671,250.12,250.00,60,3.00,-0.12
503771,250.11,250.00,61,3.00,-0.11
503871,250.08,250.00,63,3.00,-0.08
503971,250.11,250.00,58,3.00,-0.11
504071,250.13,250.00,59,3.00,-0.13
504171,250.11,250.00,62,3.00,-0.11
504271,250.09,250.00,63,3.00,-0.09
504371,250.07,250.00,63,3.00,-0.07
504471,250.05,250.00,62,3.00,-0.05
504571,250.05,250.00,61,3.00,-0.05
504671,250.05,250.00,60,3.00,-0.05
504771,250.06,250.00,60,3.00,-0.06
504871,250.02,250.00,65,3.00,-0.02
504971,249.99,250.00,63,3.00,0.01
505071,250.00,250.00,61,3.00,0.00
505171,250.03,250.00,57,3.00,-0.03
505271,250.01,250.00,63,3.00,-0.01
505371,249.97,250.00,64,3.00,0.03
505471,249.96,250.00,62,3.00,0.04
505571,249.95,250.00,62,3.00,0.05
505671,249.94,250.00,63,3.00,0.06
505771,249.94,250.00,60,3.00,0.06
505871,249.94,250.00,62,3.00,0.06
505971,249.92,250.00,63,3.00,0.08
506071,249.90,250.00,63,3.00,0.10
506171,249.90,250.00,61,3.00,0.10
506271,249.89,250.00,63,3.00,0.11
506371,249.85,250.00,65,3.00,0.15
506471,249.87,250.00,60,3.00,0.13
506571,249.88,250.00,60,3.00,0.12
506671,249.85,250.00,65,3.00,0.15
506771,249.85,250.00,61,3.00,0.15
506871,249.81,250.00,66,3.00,0.19
506971,249.86,250.00,56,3.00,0.14
507071,249.84,250.00,64,3.00,0.16
507171,249.81,250.00,65,3.00,0.19
507271,249.83,250.00,60,3.00,0.17
507371,249.82,250.00,62,3.00,0.18
507471,249.86,250.00,57,3.00,0.14
507571,249.84,250.00,64,3.00,0.16
507671,249.80,250.00,66,3.00,0.20
507771,249.80,250.00,62,3.00,0.20
507871,249.81,250.00,61,3.00,0.19
507971,249.80,250.00,62,3.00,0.20
508071,249.77,250.00,64,3.00,0.23
508171,249.81,250.00,58,3.00,0.19
508271,249.83,250.00,60,3.00,0.17
508371,249.81,250.00,63,3.00,0.19
508471,249.83,250.00,60,3.00,0.17
508571,249.84,250.00,61,3.00,0.16
508671,249.84,250.00,61,3.00,0.16
508771,249.82,250.00,63,3.00,0.18
508871,249.78,250.00,66,3.00,0.22
508971,249.73,250.00,67,3.00,0.27
509071,249.77,250.00,58,3.00,0.23
509171,249.75,250.00,64,3.00,0.25
509271,249.74,250.00,63,3.00,0.26
509371,249.75,250.00,60,3.00,0.25
509471,249.74,250.00,63,3.00,0.26
509571,249.77,250.00,59,3.00,0.23
509671,249.77,250.00,62,3.00,0.23
509771,249.77,250.00,62,3.00,0.23
509871,249.76,250.00,63,3.00,0.24
509971,249.73,250.00,64,3.00,0.27
510071,249.71,250.00,64,3.00,0.29
510171,249.69,250.00,64,3.00,0.31
510271,249.69,250.00,63,3.00,0.31
510371,249.71,250.00,60,3.00,0.29
510471,249.69,250.00,64,3.00,0.31
510571,249.67,250.00,64,3.00,0.33
510671,249.66,250.00,64,3.00,0.34
510771,249.62,250.00,66,3.00,0.38
510871,249.63,250.00,62,3.00,0.37
510971,249.63,250.00,62,3.00,0.37
511071,249.63,250.00,62,3.00,0.37
511171,249.66,250.00,60,3.00,0.34
511271,249.65,250.00,62,3.00,0.35
511371,249.67,250.00,61,3.00,0.33
511471,249.72,250.00,56,3.00,0.28
511571,249.70,250.00,64,3.00,0.30
511671,249.69,250.00,64,3.00,0.31
511771,249.69,250.00,61,3.00,0.31
511871,249.70,250.00,61,3.00,0.30
511971,249.72,250.00,60,3.00,0.28
512071,249.74,250.00,60,3.00,0.26
512171,249.76,250.00,59,3.00,0.24
512271,249.82,250.00,56,3.00,0.18
512371,249.81,250.00,64,3.00,0.19
512471,249.83,250.00,60,3.00,0.17
512571,249.81,250.00,64,3.00,0.19
512671,249.79,250.00,63,3.00,0.21
512771,249.80,250.00,61,3.00,0.20
512871,249.79,250.00,63,3.00,0.21
512971,249.81,250.00,60,3.00,0.19
513071,249.78,250.00,65,3.00,0.22
513171,249.77,250.00,63,3.00,0.23
513271,249.80,250.00,58,3.00,0.20
513371,249.77,250.00,65,3.00,0.23
513471,249.77,250.00,62,3.00,0.23
513571,249.80,250.00,60,3.00,0.20
513671,249.78,250.00,63,3.00,0.22
513771,249.83,250.00,57,3.00,0.17
513871,249.80,250.00,65,3.00,0.20
513971,249.80,250.00,62,3.00,0.20
514071,249.78,250.00,63,3.00,0.22
514171,249.79,250.00,61,3.00,0.21
514271,249.81,250.00,60,3.00,0.19
514371,249.77,250.00,66,3.00,0.23
514471,249.81,250.00,58,3.00,0.19
514571,249.80,250.00,62,3.00,0.20
514671,249.80,250.00,62,3.00,0.20
514771,249.78,250.00,63,3.00,0.22
514871,249.77,250.00,63,3.00,0.23
514971,249.78,250.00,61,3.00,0.22
515071,249.74,250.00,66,3.00,0.26
515171,249.72,250.00,64,3.00,0.28
515271,249.70,250.00,64,3.00,0.30
515371,249.76,250.00,57,3.00,0.24
515471,249.73,250.00,64,3.00,0.27
515571,249.74,250.00,62,3.00,0.26
515671,249.76,250.00,59,3.00,0.24
515771,249.75,250.00,63,3.00,0.25
515871,249.81,250.00,56,3.00,0.19
515971,249.80,250.00,64,3.00,0.20
516071,249.79,250.00,62,3.00,0.21
516171,249.78,250.00,63,3.00,0.22
516271,249.79,250.00,61,3.00,0.21
516371,249.78,250.00,63,3.00,0.22
516471,249.83,250.00,56,3.00,0.17
516571,249.83,250.00,63,3.00,0.17
516671,249.85,250.00,60,3.00,0.15
516771,249.83,250.00,64,3.00,0.17
516871,249.78,250.00,66,3.00,0.22
516971,249.78,250.00,62,3.00,0.22
517071,249.78,250.00,62,3.00,0.22
517171,249.74,250.00,66,3.00,0.26
517271,249.72,250.00,64,3.00,0.28
517371,249.74,250.00,61,3.00,0.26
517471,249.73,250.00,63,3.00,0.27
517571,249.71,250.00,64,3.00,0.29
517671,249.72,250.00,62,3.00,0.28
517771,249.74,250.00,59,3.00,0.26
517871,249.73,250.00,63,3.00,0.27
517971,249.76,250.00,59,3.00,0.24
518071,249.76,250.00,62,3.00,0.24
518171,249.77,250.00,61,3.00,0.23
518271,249.77,250.00,62,3.00,0.23
518371,249.77,250.00,62,3.00,0.23
518471,249.77,250.00,62,3.00,0.23
518571,249.83,250.00,56,3.00,0.17
518671,249.85,250.00,60,3.00,0.15
518771,249.86,250.00,60,3.00,0.14
518871,249.85,250.00,63,3.00,0.15
518971,249.87,250.00,60,3.00,0.13
519071,249.86,250.00,63,3.00,0.14
519171,249.86,250.00,62,3.00,0.14
519271,249.82,250.00,66,3.00,0.18
519371,249.79,250.00,65,3.00,0.21
519471,249.76,250.00,65,3.00,0.24
519571,249.76,250.00,62,3.00,0.24
519671,249.74,250.00,65,3.00,0.26
519771,249.75,250.00,61,3.00,0.25
519871,249.80,250.00,57,3.00,0.20
519971,249.79,250.00,64,3.00,0.21
520071,249.82,250.00,59,3.00,0.18
520171,249.80,250.00,64,3.00,0.20
520271,249.80,250.00,62,3.00,0.20
520371,249.78,250.00,64,3.00,0.22
520471,249.79,250.00,61,3.00,0.21
520571,249.78,250.00,64,3.00,0.22
520671,249.74,250.00,66,3.00,0.26
520771,249.73,250.00,63,3.00,0.27
520871,249.75,250.00,61,3.00,0.25
520971,249.76,250.00,61,3.00,0.24
521071,249.77,250.00,61,3.00,0.23
521171,249.81,250.00,59,3.00,0.19
521271,249.84,250.00,59,3.00,0.16
521371,249.82,250.00,64,3.00,0.18
521471,249.84,250.00,60,3.00,0.16
521571,249.81,250.00,65,3.00,0.19
521671,249.79,250.00,64,3.00,0.21
521771,249.79,250.00,62,3.00,0.21
521871,249.79,250.00,62,3.00,0.21
521971,249.82,250.00,59,3.00,0.18
522071,249.80,250.00,64,3.00,0.20
522171,249.84,250.00,59,3.00,0.16
522271,249.83,250.00,63,3.00,0.17
522371,249.79,250.00,66,3.00,0.21
522471,249.78,250.00,62,3.00,0.22
522571,249.79,250.00,61,3.00,0.21
522671,249.80,250.00,61,3.00,0.20
522771,249.80,250.00,63,3.00,0.20
522871,249.80,250.00,62,3.00,0.20
522971,249.82,250.00,60,3.00,0.18
523071,249.81,250.00,63,3.00,0.19
523171,249.80,250.00,64,3.00,0.20
523271,249.82,250.00,60,3.00,0.18
523371,249.84,250.00,60,3.00,0.16
523471,249.80,250.00,65,3.00,0.20
523571,249.79,250.00,64,3.00,0.21
523671,249.76,250.00,65,3.00,0.24
523771,249.78,250.00,61,3.00,0.22
523871,249.77,250.00,62,3.00,0.23
523971,249.79,250.00,61,3.00,0.21
524071,249.83,250.00,57,3.00,0.17
524171,249.84,250.00,61,3.00,0.16
524271,249.88,250.00,58,3.00,0.12
524371,249.87,250.00,63,3.00,0.13
524471,249.88,250.00,60,3.00,0.12
524571,249.87,250.00,63,3.00,0.13
524671,249.86,250.00,63,3.00,0.14
524771,249.85,250.00,63,3.00,0.15
524871,249.84,250.00,63,3.00,0.16
524971,249.83,250.00,63,3.00,0.17
525071,249.85,250.00,60,3.00,0.15
525171,249.84,250.00,63,3.00,0.16
525271,249.83,250.00,63,3.00,0.17
525371,249.84,250.00,62,3.00,0.16
525471,249.86,250.00,60,3.00,0.14
525571,249.82,250.00,65,3.00,0.18
525671,249.79,250.00,65,3.00,0.21
525771,249.77,250.00,65,3.00,0.23
525871,249.77,250.00,62,3.00,0.23
525971,249.74,250.00,65,3.00,0.26
526071,249.75,250.00,62,3.00,0.25
526171,249.77,250.00,60,3.00,0.23
526271,249.76,250.00,64,3.00,0.24
526371,249.81,250.00,57,3.00,0.19
526471,249.80,250.00,63,3.00,0.20
526571,249.75,250.00,68,3.00,0.25
526671,249.75,250.00,62,3.00,0.25
526771,249.75,250.00,62,3.00,0.25
526871,249.78,250.00,60,3.00,0.22
526971,249.78,250.00,62,3.00,0.22
527071,249.79,250.00,61,3.00,0.21
527171,249.80,250.00,61,3.00,0.20
527271,249.78,250.00,64,3.00,0.22
527371,249.77,250.00,64,3.00,0.23
527471,249.77,250.00,62,3.00,0.23
527571,249.76,250.00,64,3.00,0.24
527671,249.72,250.00,66,3.00,0.28
527771,249.69,250.00,66,3.00,0.31
527871,249.68,250.00,64,3.00,0.32
527971,249.73,250.00,57,3.00,0.27
528071,249.71,250.00,65,3.00,0.29
528171,249.72,250.00,62,3.00,0.28
528271,249.73,250.00,61,3.00,0.27
528371,249.71,250.00,65,3.00,0.29
528471,249.69,250.00,65,3.00,0.31
528571,249.69,250.00,63,3.00,0.31
528671,249.71,250.00,61,3.00,0.29
528771,249.70,250.00,63,3.00,0.30
528871,249.72,250.00,61,3.00,0.28
528971,249.75,250.00,60,3.00,0.25
529071,249.80,250.00,57,3.00,0.20
529171,249.78,250.00,64,3.00,0.22
529271,249.81,250.00,60,3.00,0.19
529371,249.79,250.00,64,3.00,0.21
529471,249.76,250.00,65,3.00,0.24
529571,249.76,250.00,62,3.00,0.24
529671,249.76,250.00,62,3.00,0.24
529771,249.73,250.00,66,3.00,0.27
529871,249.70,250.00,66,3.00,0.30
529971,249.69,250.00,63,3.00,0.31
530071,249.68,250.00,65,3.00,0.32
530171,249.66,250.00,64,3.00,0.34
530271,249.67,250.00,62,3.00,0.33
530371,249.69,250.00,61,3.00,0.31
530471,249.69,250.00,63,3.00,0.31
530571,249.71,250.00,61,3.00,0.29
530671,249.69,250.00,65,3.00,0.31
530771,249.70,250.00,62,3.00,0.30
530871,249.68,250.00,65,3.00,0.32
530971,249.69,250.00,62,3.00,0.31
531071,249.69,250.00,63,3.00,0.31
531171,249.68,250.00,63,3.00,0.32
531271,249.73,250.00,58,3.00,0.27
531371,249.77,250.00,59,3.00,0.23
531471,249.77,250.00,63,3.00,0.23
531571,249.79,250.00,60,3.00,0.21
531671,249.81,250.00,60,3.00,0.19
531771,249.83,250.00,60,3.00,0.17
531871,249.86,250.00,59,3.00,0.14
531971,249.86,250.00,62,3.00,0.14
532071,249.88,250.00,61,3.00,0.12
532171,249.88,250.00,62,3.00,0.12
532271,249.87,250.00,63,3.00,0.13
532371,249.86,250.00,63,3.00,0.14
532471,249.88,250.00,59,3.00,0.12
532571,249.88,250.00,62,3.00,0.12
532671,249.93,250.00,57,3.00,0.07
532771,249.94,250.00,61,3.00,0.06
532871,249.90,250.00,66,3.00,0.10
532971,249.88,250.00,63,3.00,0.12
533071,249.88,250.00,62,3.00,0.12
533171,249.92,250.00,58,3.00,0.08
533271,249.92,250.00,62,3.00,0.08
533371,249.91,250.00,62,3.00,0.09
533471,249.92,250.00,61,3.00,0.08
533571,249.91,250.00,64,3.00,0.09
533671,249.89,250.00,64,3.00,0.11
533771,249.90,250.00,61,3.00,0.10
533871,249.91,250.00,61,3.00,0.09
533971,249.94,250.00,60,3.00,0.06
534071,249.92,250.00,64,3.00,0.08
534171,249.90,250.00,64,3.00,0.10
534271,249.90,250.00,62,3.00,0.10
534371,249.89,250.00,63,3.00,0.11
534471,249.89,250.00,62,3.00,0.11
534571,249.91,250.00,60,3.00,0.09
534671,249.91,250.00,62,3.00,0.09
534771,249.95,250.00,57,3.00,0.05
534871,249.94,250.00,64,3.00,0.06
534971,249.94,250.00,61,3.00,0.06
535071,249.94,250.00,63,3.00,0.06
535171,249.94,250.00,61,3.00,0.06
535271,249.95,250.00,61,3.00,0.05
535371,249.93,250.00,64,3.00,0.07
535471,249.93,250.00,62,3.00,0.07
535571,249.93,250.00,61,3.00,0.07
535671,249.97,250.00,59,3.00,0.03
535771,249.95,250.00,64,3.00,0.05
535871,249.89,250.00,67,3.00,0.11
535971,249.92,250.00,60,3.00,0.08
536071,249.90,250.00,64,3.00,0.10
536171,249.87,250.00,65,3.00,0.13
536271,249.84,250.00,66,3.00,0.16
536371,249.88,250.00,58,3.00,0.12
536471,249.87,250.00,63,3.00,0.13
536571,249.89,250.00,60,3.00,0.11
536671,249.94,250.00,57,3.00,0.06
536771,249.94,250.00,63,3.00,0.06
536871,249.98,250.00,58,3.00,0.02
536971,249.96,250.00,64,3.00,0.04
537071,249.96,250.00,61,3.00,0.04
537171,249.94,250.00,64,3.00,0.06
537271,249.92,250.00,64,3.00,0.08
537371,249.92,250.00,62,3.00,0.08
537471,249.91,250.00,64,3.00,0.09
537571,249.90,250.00,62,3.00,0.10
537671,249.89,250.00,64,3.00,0.11
537771,249.88,250.00,63,3.00,0.12
537871,249.87,250.00,63,3.00,0.13
537971,249.86,250.00,63,3.00,0.14
538071,249.88,250.00,60,3.00,0.12
538171,249.85,250.00,66,3.00,0.15
538271,249.85,250.00,62,3.00,0.15
538371,249.81,250.00,67,3.00,0.19
538471,249.80,250.00,63,3.00,0.20
538571,249.80,250.00,63,3.00,0.20
538671,249.81,250.00,62,3.00,0.19
538771,249.86,250.00,57,3.00,0.14
538871,249.87,250.00,62,3.00,0.13
538971,249.89,250.00,60,3.00,0.11
539071,249.88,250.00,64,3.00,0.12
539171,249.84,250.00,66,3.00,0.16
539271,249.84,250.00,63,3.00,0.16
539371,249.85,250.00,61,3.00,0.15
539471,249.88,250.00,60,3.00,0.12
539571,249.89,250.00,61,3.00,0.11
539671,249.92,250.00,60,3.00,0.08
539771,249.91,250.00,62,3.00,0.09
539871,249.92,250.00,61,3.00,0.08
539971,249.93,250.00,61,3.00,0.07
540071,249.96,250.00,59,3.00,0.04
540171,249.99,250.00,59,3.00,0.01
540271,250.00,250.00,60,3.00,-0.00
540371,249.99,250.00,63,3.00,0.01
540471,249.99,250.00,62,3.00,0.01
540571,250.01,250.00,60,3.00,-0.01
540671,250.02,250.00,61,3.00,-0.02
540771,250.04,250.00,59,3.00,-0.04
540871,250.07,250.00,58,3.00,-0.07
540971,250.02,250.00,67,3.00,-0.02
541071,250.00,250.00,63,3.00,-0.00
541171,250.00,250.00,62,3.00,-0.00
541271,250.03,250.00,59,3.00,-0.03
541371,250.05,250.00,59,3.00,-0.05
541471,250.06,250.00,61,3.00,-0.06
541571,250.06,250.00,61,3.00,-0.06
541671,250.13,250.00,55,3.00,-0.13
541771,250.15,250.00,59,3.00,-0.15
541871,250.17,250.00,59,3.00,-0.17
541971,250.17,250.00,62,3.00,-0.17
542071,250.19,250.00,59,3.00,-0.19
542171,250.21,250.00,59,3.00,-0.21
542271,250.22,250.00,59,3.00,-0.22
542371,250.19,250.00,64,3.00,-0.19
542471,250.21,250.00,59,3.00,-0.21
542571,250.17,250.00,64,3.00,-0.17
542671,250.18,250.00,60,3.00,-0.18
542771,250.18,250.00,62,3.00,-0.18
542871,250.18,250.00,60,3.00,-0.18
542971,250.21,250.00,58,3.00,-0.21
543071,250.20,250.00,62,3.00,-0.20
543171,250.26,250.00,55,3.00,-0.26
543271,250.24,250.00,62,3.00,-0.24
543371,250.19,250.00,66,3.00,-0.19
543471,250.21,250.00,59,3.00,-0.21
543571,250.23,250.00,59,3.00,-0.23
543671,250.23,250.00,61,3.00,-0.23
543771,250.29,250.00,54,3.00,-0.29
543871,250.29,250.00,61,3.00,-0.29
543971,250.28,250.00,61,3.00,-0.28
544071,250.28,250.00,61,3.00,-0.28
544171,250.29,250.00,60,3.00,-0.29
544271,250.31,250.00,58,3.00,-0.31
544371,250.32,250.00,59,3.00,-0.32
544471,250.29,250.00,64,3.00,-0.29
544571,250.27,250.00,62,3.00,-0.27
544671,250.27,250.00,61,3.00,-0.27
544771,250.32,250.00,56,3.00,-0.32
544871,250.31,250.00,61,3.00,-0.31
544971,250.32,250.00,60,3.00,-0.32
545071,250.31,250.00,61,3.00,-0.31
545171,250.31,250.00,60,3.00,-0.31
545271,250.33,250.00,59,3.00,-0.33
545371,250.32,250.00,61,3.00,-0.32
545471,250.34,250.00,59,3.00,-0.34
545571,250.33,250.00,61,3.00,-0.33
545671,250.33,250.00,60,3.00,-0.33
545771,250.36,250.00,57,3.00,-0.36
545871,250.34,250.00,63,3.00,-0.34
545971,250.34,250.00,60,3.00,-0.34
546071,250.35,250.00,59,3.00,-0.35
546171,250.34,250.00,61,3.00,-0.34
546271,250.33,250.00,61,3.00,-0.33
546371,250.35,250.00,59,3.00,-0.35
546471,250.36,250.00,59,3.00,-0.36
546571,250.34,250.00,63,3.00,-0.34
546671,250.32,250.00,62,3.00,-0.32
546771,250.32,250.00,60,3.00,-0.32
546871,250.32,250.00,60,3.00,-0.32
546971,250.30,250.00,62,3.00,-0.30
547071,250.32,250.00,58,3.00,-0.32
547171,250.35,250.00,57,3.00,-0.35
547271,250.35,250.00,60,3.00,-0.35
547371,250.38,250.00,58,3.00,-0.38
547471,250.38,250.00,60,3.00,-0.38
547571,250.34,250.00,64,3.00,-0.34
547671,250.35,250.00,59,3.00,-0.35
547771,250.35,250.00,60,3.00,-0.35
547871,250.37,250.00,59,3.00,-0.37
547971,250.41,250.00,55,3.00,-0.41
548071,250.43,250.00,58,3.00,-0.43
548171,250.45,250.00,58,3.00,-0.45
548271,250.48,250.00,57,3.00,-0.48
548371,250.47,250.00,61,3.00,-0.47
548471,250.50,250.00,56,3.00,-0.50
548571,250.54,250.00,56,3.00,-0.54
548671,250.57,250.00,56,3.00,-0.57
548771,250.58,250.00,58,3.00,-0.58
548871,250.59,250.00,59,3.00,-0.59
548971,250.59,250.00,59,3.00,-0.59
549071,250.59,250.00,59,3.00,-0.59
549171,250.60,250.00,58,3.00,-0.60
549271,250.63,250.00,56,3.00,-0.63
549371,250.58,250.00,64,3.00,-0.58
549471,250.63,250.00,54,3.00,-0.63
549571,250.63,250.00,59,3.00,-0.63
549671,250.64,250.00,58,3.00,-0.64
549771,250.63,250.00,59,3.00,-0.63
549871,250.65,250.00,57,3.00,-0.65
549971,250.66,250.00,58,3.00,-0.66
550071,250.67,250.00,58,3.00,-0.67
550171,250.67,250.00,58,3.00,-0.67
550271,250.68,250.00,58,3.00,-0.68
550371,250.71,250.00,56,3.00,-0.71
550471,250.73,250.00,56,3.00,-0.73
550571,250.76,250.00,56,3.00,-0.76
550671,250.76,250.00,57,3.00,-0.76
550771,250.74,250.00,61,3.00,-0.74
550871,250.72,250.00,60,3.00,-0.72
550971,250.71,250.00,60,3.00,-0.71
551071,250.71,250.00,58,3.00,-0.71
551171,250.70,250.00,59,3.00,-0.70
551271,250.70,250.00,58,3.00,-0.70
551371,250.72,250.00,57,3.00,-0.72
551471,250.71,250.00,59,3.00,-0.71
551571,250.74,250.00,54,3.00,-0.74
551671,250.72,250.00,61,3.00,-0.72
551771,250.73,250.00,57,3.00,-0.73
551871,250.72,250.00,60,3.00,-0.72
551971,250.72,250.00,58,3.00,-0.72
552071,250.74,250.00,56,3.00,-0.74
552171,250.79,250.00,53,3.00,-0.79
552271,250.78,250.00,59,3.00,-0.78
552371,250.75,250.00,61,3.00,-0.75
552471,250.75,250.00,58,3.00,-0.75
552571,250.72,250.00,61,3.00,-0.72
552671,250.74,250.00,57,3.00,-0.74
552771,250.75,250.00,57,3.00,-0.75
552871,250.74,250.00,58,3.00,-0.74
552971,250.72,250.00,61,3.00,-0.72
553071,250.73,250.00,57,3.00,-0.73
553171,250.74,250.00,57,3.00,-0.74
553271,250.73,250.00,59,3.00,-0.73
553371,250.75,250.00,56,3.00,-0.75
553471,250.76,250.00,57,3.00,-0.76
553571,250.75,250.00,60,3.00,-0.75
553671,250.79,250.00,53,3.00,-0.79
553771,250.77,250.00,60,3.00,-0.77
553871,250.73,250.00,62,3.00,-0.73
553971,250.72,250.00,59,3.00,-0.72
554071,250.73,250.00,57,3.00,-0.73
554171,250.76,250.00,56,3.00,-0.76
554271,250.74,250.00,59,3.00,-0.74
554371,250.74,250.00,58,3.00,-0.74
554471,250.73,250.00,59,3.00,-0.73
554571,250.71,250.00,59,3.00,-0.71
554671,250.71,250.00,58,3.00,-0.71
554771,250.73,250.00,57,3.00,-0.73
554871,250.74,250.00,57,3.00,-0.74
554971,250.74,250.00,58,3.00,-0.74
555071,250.71,250.00,60,3.00,-0.71
555171,250.71,250.00,58,3.00,-0.71
555271,250.70,250.00,59,3.00,-0.70
555371,250.68,250.00,60,3.00,-0.68
555471,250.66,250.00,60,3.00,-0.66
555571,250.67,250.00,57,3.00,-0.67
555671,250.65,250.00,60,3.00,-0.65
555771,250.68,250.00,55,3.00,-0.68
555871,250.67,250.00,59,3.00,-0.67
555971,250.63,250.00,62,3.00,-0.63
556071,250.63,250.00,58,3.00,-0.63
556171,250.64,250.00,57,3.00,-0.64
556271,250.62,250.00,60,3.00,-0.62
556371,250.60,250.00,61,3.00,-0.60
556471,250.58,250.00,59,3.00,-0.58
556571,250.60,250.00,57,3.00,-0.60
556671,250.60,250.00,58,3.00,-0.60
556771,250.59,250.00,59,3.00,-0.59
556871,250.60,250.00,57,3.00,-0.60
556971,250.60,250.00,58,3.00,-0.60
557071,250.59,250.00,59,3.00,-0.59
557171,250.59,250.00,58,3.00,-0.59
557271,250.57,250.00,61,3.00,-0.57
557371,250.57,250.00,58,3.00,-0.57
557471,250.54,250.00,62,3.00,-0.54
557571,250.53,250.00,59,3.00,-0.53
557671,250.54,250.00,58,3.00,-0.54
557771,250.53,250.00,59,3.00,-0.53
557871,250.51,250.00,61,3.00,-0.51
557971,250.49,250.00,60,3.00,-0.49
558071,250.45,250.00,62,3.00,-0.45
558171,250.46,250.00,58,3.00,-0.46
558271,250.45,250.00,60,3.00,-0.45
558371,250.44,250.00,60,3.00,-0.44
558471,250.48,250.00,54,3.00,-0.48
558571,250.52,250.00,55,3.00,-0.52
558671,250.50,250.00,60,3.00,-0.50
558771,250.49,250.00,60,3.00,-0.49
558871,250.49,250.00,59,3.00,-0.49
558971,250.49,250.00,59,3.00,-0.49
559071,250.49,250.00,59,3.00,-0.49
559171,250.46,250.00,61,3.00,-0.46
559271,250.43,250.00,62,3.00,-0.43
559371,250.43,250.00,58,3.00,-0.43
559471,250.48,250.00,54,3.00,-0.48
559571,250.48,250.00,58,3.00,-0.48
559671,250.48,250.00,58,3.00,-0.48
559771,250.48,250.00,58,3.00,-0.48
559871,250.48,250.00,58,3.00,-0.48
559971,250.47,250.00,60,3.00,-0.47
560071,250.46,250.00,60,3.00,-0.46
560171,250.47,250.00,57,3.00,-0.47
560271,250.47,250.00,58,3.00,-0.47
560371,250.49,250.00,57,3.00,-0.49
560471,250.47,250.00,60,3.00,-0.47
560571,250.46,250.00,60,3.00,-0.46
560671,250.50,250.00,54,3.00,-0.50
560771,250.51,250.00,57,3.00,-0.51
560871,250.50,250.00,60,3.00,-0.50
560971,250.47,250.00,61,3.00,-0.47
561071,250.46,250.00,60,3.00,-0.46
561171,250.46,250.00,58,3.00,-0.46
561271,250.43,250.00,62,3.00,-0.43
561371,250.42,250.00,59,3.00,-0.42
561471,250.40,250.00,60,3.00,-0.40
561571,250.45,250.00,54,3.00,-0.45
561671,250.44,250.00,59,3.00,-0.44
561771,250.44,250.00,58,3.00,-0.44
561871,250.45,250.00,58,3.00,-0.45
561971,250.43,250.00,61,3.00,-0.43
562071,250.43,250.00,58,3.00,-0.43
562171,250.40,250.00,62,3.00,-0.40
562271,250.41,250.00,58,3.00,-0.41
562371,250.38,250.00,62,3.00,-0.38
562471,250.38,250.00,59,3.00,-0.38
562571,250.38,250.00,59,3.00,-0.38
562671,250.42,250.00,54,3.00,-0.42
562771,250.43,250.00,58,3.00,-0.43
562871,250.44,250.00,58,3.00,-0.44
562971,250.42,250.00,60,3.00,-0.42
563071,250.39,250.00,62,3.00,-0.39
563171,250.40,250.00,58,3.00,-0.40
563271,250.41,250.00,58,3.00,-0.41
563371,250.39,250.00,60,3.00,-0.39
563471,250.39,250.00,59,3.00,-0.39
563571,250.34,250.00,64,3.00,-0.34
563671,250.33,250.00,60,3.00,-0.33
563771,250.30,250.00,62,3.00,-0.30
563871,250.28,250.00,61,3.00,-0.28
563971,250.26,250.00,61,3.00,-0.26
564071,250.25,250.00,61,3.00,-0.25
564171,250.28,250.00,55,3.00,-0.28
564271,250.27,250.00,61,3.00,-0.27
564371,250.27,250.00,59,3.00,-0.27
564471,250.24,250.00,62,3.00,-0.24
564571,250.24,250.00,59,3.00,-0.24
564671,250.23,250.00,60,3.00,-0.23
564771,250.27,250.00,55,3.00,-0.27
564871,250.25,250.00,60,3.00,-0.25
564971,250.25,250.00,59,3.00,-0.25
565071,250.27,250.00,57,3.00,-0.27
565171,250.28,250.00,58,3.00,-0.28
565271,250.26,250.00,62,3.00,-0.26
565371,250.25,250.00,59,3.00,-0.25
565471,250.21,250.00,64,3.00,-0.21
565571,250.23,250.00,56,3.00,-0.23
565671,250.20,250.00,63,3.00,-0.20
565771,250.23,250.00,56,3.00,-0.23
565871,250.19,250.00,63,3.00,-0.19
565971,250.19,250.00,60,3.00,-0.19
566071,250.19,250.00,59,3.00,-0.19
566171,250.17,250.00,61,3.00,-0.17
566271,250.18,250.00,59,3.00,-0.18
566371,250.17,250.00,60,3.00,-0.17
566471,250.11,250.00,66,3.00,-0.11
566571,250.08,250.00,63,3.00,-0.08
566671,250.08,250.00,59,3.00,-0.08
566771,250.06,250.00,62,3.00,-0.06
566871,250.04,250.00,62,3.00,-0.04
566971,250.03,250.00,61,3.00,-0.03
567071,250.01,250.00,61,3.00,-0.01
567171,250.01,250.00,60,3.00,-0.01
567271,250.00,250.00,61,3.00,0.00
567371,249.99,250.00,61,3.00,0.01
567471,250.00,250.00,59,3.00,-0.00
567571,249.99,250.00,61,3.00,0.01
567671,249.99,250.00,60,3.00,0.01
567771,249.93,250.00,66,3.00,0.07
567871,249.93,250.00,61,3.00,0.07
567971,249.91,250.00,62,3.00,0.09
568071,249.91,250.00,61,3.00,0.09
568171,249.93,250.00,58,3.00,0.07
568271,249.91,250.00,62,3.00,0.09
568371,249.89,250.00,63,3.00,0.11
568471,249.89,250.00,61,3.00,0.11
568571,249.84,250.00,65,3.00,0.16
568671,249.83,250.00,61,3.00,0.17
568771,249.83,250.00,61,3.00,0.17
568871,249.86,250.00,58,3.00,0.14
568971,249.91,250.00,55,3.00,0.09
569071,249.89,250.00,62,3.00,0.11
569171,249.88,250.00,62,3.00,0.12
569271,249.87,250.00,62,3.00,0.13
569371,249.88,250.00,59,3.00,0.12
569471,249.88,250.00,60,3.00,0.12
569571,249.88,250.00,60,3.00,0.12
569671,249.84,250.00,65,3.00,0.16
569771,249.80,250.00,64,3.00,0.20
569871,249.78,250.00,64,3.00,0.22
569971,249.80,250.00,59,3.00,0.20
570071,249.81,250.00,60,3.00,0.19
570171,249.83,250.00,59,3.00,0.17
570271,249.86,250.00,58,3.00,0.14
570371,249.86,250.00,60,3.00,0.14
570471,249.91,250.00,55,3.00,0.09
570571,249.92,250.00,59,3.00,0.08
570671,249.87,250.00,66,3.00,0.13
570771,249.85,250.00,63,3.00,0.15
570871,249.85,250.00,60,3.00,0.15
570971,249.84,250.00,62,3.00,0.16
571071,249.82,250.00,63,3.00,0.18
571171,249.82,250.00,61,3.00,0.18
571271,249.84,250.00,59,3.00,0.16
571371,249.83,250.00,61,3.00,0.17
571471,249.86,250.00,58,3.00,0.14
571571,249.87,250.00,59,3.00,0.13
571671,249.89,250.00,59,3.00,0.11
571771,249.85,250.00,64,3.00,0.15
571871,249.85,250.00,60,3.00,0.15
571971,249.83,250.00,63,3.00,0.17
572071,249.83,250.00,61,3.00,0.17
572171,249.81,250.00,63,3.00,0.19
572271,249.83,250.00,59,3.00,0.17
572371,249.85,250.00,59,3.00,0.15
572471,249.84,250.00,62,3.00,0.16
572571,249.85,250.00,59,3.00,0.15
572671,249.85,250.00,62,3.00,0.15
572771,249.84,250.00,62,3.00,0.16
572871,249.81,250.00,64,3.00,0.19
572971,249.81,250.00,60,3.00,0.19
573071,249.79,250.00,64,3.00,0.21
573171,249.84,250.00,55,3.00,0.16
573271,249.84,250.00,62,3.00,0.16
573371,249.85,250.00,59,3.00,0.15
573471,249.83,250.00,63,3.00,0.17
573571,249.85,250.00,59,3.00,0.15
573671,249.85,250.00,60,3.00,0.15
573771,249.86,250.00,60,3.00,0.14
573871,249.81,250.00,65,3.00,0.19
573971,249.81,250.00,61,3.00,0.19
574071,249.78,250.00,64,3.00,0.22
574171,249.78,250.00,61,3.00,0.22
574271,249.74,250.00,65,3.00,0.26
574371,249.74,250.00,61,3.00,0.26
574471,249.76,250.00,60,3.00,0.24
574571,249.75,250.00,62,3.00,0.25
574671,249.77,250.00,59,3.00,0.23
574771,249.75,250.00,64,3.00,0.25
574871,249.70,250.00,66,3.00,0.30
574971,249.69,250.00,63,3.00,0.31
575071,249.68,250.00,62,3.00,0.32
575171,249.69,250.00,61,3.00,0.31
575271,249.66,250.00,64,3.00,0.34
575371,249.71,250.00,57,3.00,0.29
575471,249.71,250.00,61,3.00,0.29
575571,249.75,250.00,57,3.00,0.25
575671,249.74,250.00,62,3.00,0.26
575771,249.76,250.00,60,3.00,0.24
575871,249.75,250.00,62,3.00,0.25
575971,249.71,250.00,65,3.00,0.29
576071,249.68,250.00,65,3.00,0.32
576171,249.64,250.00,66,3.00,0.36
576271,249.69,250.00,57,3.00,0.31
576371,249.69,250.00,62,3.00,0.31
576471,249.68,250.00,62,3.00,0.32
576571,249.70,250.00,59,3.00,0.30
576671,249.70,250.00,62,3.00,0.30
576771,249.74,250.00,57,3.00,0.26
576871,249.72,250.00,64,3.00,0.28
576971,249.68,250.00,66,3.00,0.32
577071,249.70,250.00,59,3.00,0.30
577171,249.69,250.00,62,3.00,0.31
577271,249.69,250.00,62,3.00,0.31
577371,249.66,250.00,64,3.00,0.34
577471,249.71,250.00,57,3.00,0.29
577571,249.72,250.00,60,3.00,0.28
577671,249.73,250.00,61,3.00,0.27
577771,249.74,250.00,60,3.00,0.26
577871,249.76,250.00,60,3.00,0.24
577971,249.77,250.00,60,3.00,0.23
578071,249.74,250.00,65,3.00,0.26
578171,249.70,250.00,65,3.00,0.30
578271,249.69,250.00,63,3.00,0.31
578371,249.69,250.00,61,3.00,0.31
578471,249.69,250.00,62,3.00,0.31
578571,249.71,250.00,60,3.00,0.29
578671,249.74,250.00,58,3.00,0.26
578771,249.73,250.00,62,3.00,0.27
578871,249.76,250.00,59,3.00,0.24
578971,249.77,250.00,60,3.00,0.23
579071,249.78,250.00,60,3.00,0.22
579171,249.79,250.00,60,3.00,0.21
579271,249.80,250.00,60,3.00,0.20
579371,249.80,250.00,62,3.00,0.20
579471,249.77,250.00,64,3.00,0.23
579571,249.81,250.00,58,3.00,0.19
579671,249.83,250.00,59,3.00,0.17
579771,249.82,250.00,62,3.00,0.18
579871,249.80,250.00,63,3.00,0.20
579971,249.80,250.00,62,3.00,0.20
580071,249.82,250.00,59,3.00,0.18
580171,249.78,250.00,65,3.00,0.22
580271,249.79,250.00,60,3.00,0.21
580371,249.77,250.00,63,3.00,0.23
580471,249.77,250.00,61,3.00,0.23
580571,249.76,250.00,63,3.00,0.24
580671,249.77,250.00,60,3.00,0.23
580771,249.82,250.00,56,3.00,0.18
580871,249.83,250.00,60,3.00,0.17
580971,249.83,250.00,61,3.00,0.17
581071,249.85,250.00,59,3.00,0.15
581171,249.82,250.00,64,3.00,0.18
581271,249.82,250.00,60,3.00,0.18
581371,249.85,250.00,58,3.00,0.15
581471,249.86,250.00,61,3.00,0.14
581571,249.92,250.00,55,3.00,0.08
581671,249.96,250.00,56,3.00,0.04
581771,249.98,250.00,59,3.00,0.02
581871,250.02,250.00,57,3.00,-0.02
581971,250.02,250.00,61,3.00,-0.02
582071,250.03,250.00,59,3.00,-0.03
582171,250.04,250.00,59,3.00,-0.04
582271,250.05,250.00,59,3.00,-0.05
582371,250.04,250.00,61,3.00,-0.04
582471,250.05,250.00,59,3.00,-0.05
582571,250.05,250.00,61,3.00,-0.05
582671,250.03,250.00,62,3.00,-0.03
582771,250.03,250.00,61,3.00,-0.03
582871,250.01,250.00,62,3.00,-0.01
582971,250.00,250.00,62,3.00,-0.00
583071,249.98,250.00,63,3.00,0.02
583171,249.97,250.00,61,3.00,0.03
583271,249.98,250.00,59,3.00,0.02
583371,249.97,250.00,62,3.00,0.03
583471,249.99,250.00,59,3.00,0.01
583571,249.99,250.00,60,3.00,0.01
583671,249.98,250.00,62,3.00,0.02
583771,249.98,250.00,60,3.00,0.02
583871,250.01,250.00,58,3.00,-0.01
583971,250.04,250.00,57,3.00,-0.04
584071,250.04,250.00,61,3.00,-0.04
584171,250.05,250.00,59,3.00,-0.05
584271,250.06,250.00,59,3.00,-0.06
584371,250.05,250.00,61,3.00,-0.05
584471,250.06,250.00,59,3.00,-0.06
584571,250.08,250.00,58,3.00,-0.08
584671,250.11,250.00,57,3.00,-0.11
584771,250.08,250.00,62,3.00,-0.08
584871,250.09,250.00,60,3.00,-0.09
584971,250.13,250.00,56,3.00,-0.13
585071,250.11,250.00,61,3.00,-0.11
585171,250.13,250.00,59,3.00,-0.13
585271,250.13,250.00,60,3.00,-0.13
585371,250.14,250.00,59,3.00,-0.14
585471,250.13,250.00,61,3.00,-0.13
585571,250.14,250.00,59,3.00,-0.14
585671,250.12,250.00,61,3.00,-0.12
585771,250.10,250.00,62,3.00,-0.10
585871,250.11,250.00,59,3.00,-0.11
585971,250.13,250.00,59,3.00,-0.13
586071,250.16,250.00,56,3.00,-0.16
586171,250.15,250.00,61,3.00,-0.15
586271,250.16,250.00,59,3.00,-0.16
586371,250.17,250.00,59,3.00,-0.17
586471,250.16,250.00,60,3.00,-0.16
586571,250.16,250.00,60,3.00,-0.16
586671,250.13,250.00,63,3.00,-0.13
586771,250.12,250.00,61,3.00,-0.12
586871,250.09,250.00,62,3.00,-0.09
586971,250.11,250.00,58,3.00,-0.11
587071,250.10,250.00,61,3.00,-0.10
587171,250.09,250.00,61,3.00,-0.09
587271,250.08,250.00,61,3.00,-0.08
587371,250.09,250.00,60,3.00,-0.09
587471,250.10,250.00,58,3.00,-0.10
587571,250.12,250.00,58,3.00,-0.12
587671,250.13,250.00,59,3.00,-0.13
587771,250.13,250.00,60,3.00,-0.13
587871,250.09,250.00,64,3.00,-0.09
587971,250.13,250.00,56,3.00,-0.13
588071,250.15,250.00,57,3.00,-0.15
588171,250.13,250.00,63,3.00,-0.13
588271,250.11,250.00,61,3.00,-0.11
588371,250.14,250.00,57,3.00,-0.14
588471,250.15,250.00,59,3.00,-0.15
588571,250.15,250.00,60,3.00,-0.15
588671,250.12,250.00,63,3.00,-0.12
588771,250.09,250.00,64,3.00,-0.09
588871,250.09,250.00,60,3.00,-0.09
588971,250.08,250.00,61,3.00,-0.08
589071,250.09,250.00,60,3.00,-0.09
589171,250.11,250.00,57,3.00,-0.11
589271,250.11,250.00,60,3.00,-0.11
589371,250.16,250.00,55,3.00,-0.16
589471,250.17,250.00,59,3.00,-0.17
589571,250.13,250.00,64,3.00,-0.13
589671,250.13,250.00,60,3.00,-0.13
589771,250.17,250.00,56,3.00,-0.17
589871,250.19,250.00,58,3.00,-0.19
589971,250.17,250.00,61,3.00,-0.17
590071,250.19,250.00,58,3.00,-0.19
590171,250.19,250.00,59,3.00,-0.19
590271,250.25,250.00,54,3.00,-0.25
590371,250.27,250.00,57,3.00,-0.27
590471,250.29,250.00,57,3.00,-0.29
590571,250.31,250.00,57,3.00,-0.31
590671,250.33,250.00,57,3.00,-0.33
590771,250.32,250.00,60,3.00,-0.32
590871,250.34,250.00,57,3.00,-0.34
590971,250.39,250.00,54,3.00,-0.39
591071,250.37,250.00,60,3.00,-0.37
591171,250.37,250.00,59,3.00,-0.37
591271,250.38,250.00,58,3.00,-0.38
591371,250.38,250.00,59,3.00,-0.38
591471,250.41,250.00,55,3.00,-0.41
591571,250.41,250.00,59,3.00,-0.41
591671,250.42,250.00,58,3.00,-0.42
591771,250.42,250.00,58,3.00,-0.42
591871,250.42,250.00,59,3.00,-0.42
591971,250.41,250.00,59,3.00,-0.41
592071,250.40,250.00,60,3.00,-0.40
592171,250.40,250.00,58,3.00,-0.40
592271,250.42,250.00,57,3.00,-0.42
592371,250.45,250.00,55,3.00,-0.45
592471,250.45,250.00,59,3.00,-0.45
592571,250.46,250.00,57,3.00,-0.46
592671,250.48,250.00,57,3.00,-0.48
592771,250.46,250.00,59,3.00,-0.46
592871,250.44,250.00,61,3.00,-0.44
592971,250.42,250.00,60,3.00,-0.42
593071,250.42,250.00,59,3.00,-0.42
593171,250.41,250.00,59,3.00,-0.41
593271,250.41,250.00,59,3.00,-0.41
593371,250.41,250.00,58,3.00,-0.41
593471,250.42,250.00,58,3.00,-0.42
593571,250.45,250.00,55,3.00,-0.45
593671,250.47,250.00,57,3.00,-0.47
593771,250.48,250.00,57,3.00,-0.48
593871,250.49,250.00,57,3.00,-0.49
593971,250.49,250.00,58,3.00,-0.49
594071,250.49,250.00,58,3.00,-0.49
594171,250.54,250.00,53,3.00,-0.54
594271,250.53,250.00,58,3.00,-0.53
594371,250.55,250.00,56,3.00,-0.55
594471,250.55,250.00,59,3.00,-0.55
594571,250.54,250.00,59,3.00,-0.54
594671,250.55,250.00,57,3.00,-0.55
594771,250.56,250.00,56,3.00,-0.56
594871,250.56,250.00,59,3.00,-0.56
594971,250.55,250.00,59,3.00,-0.55
595071,250.53,250.00,60,3.00,-0.53
595171,250.54,250.00,57,3.00,-0.54
595271,250.51,250.00,61,3.00,-0.51
595371,250.52,250.00,57,3.00,-0.52
595471,250.54,250.00,56,3.00,-0.54
595571,250.54,250.00,57,3.00,-0.54
595671,250.59,250.00,53,3.00,-0.59
595771,250.59,250.00,57,3.00,-0.59
595871,250.60,250.00,56,3.00,-0.60
595971,250.61,250.00,56,3.00,-0.61
596071,250.61,250.00,58,3.00,-0.61
596171,250.64,250.00,55,3.00,-0.64
596271,250.62,250.00,59,3.00,-0.62
596371,250.66,250.00,54,3.00,-0.66
596471,250.67,250.00,55,3.00,-0.67
596571,250.69,250.00,55,3.00,-0.69
596671,250.71,250.00,56,3.00,-0.71
596771,250.73,250.00,54,3.00,-0.73
596871,250.76,250.00,54,3.00,-0.76
596971,250.77,250.00,56,3.00,-0.77
597071,250.79,250.00,55,3.00,-0.79
597171,250.77,250.00,59,3.00,-0.77
597271,250.79,250.00,55,3.00,-0.79
597371,250.78,250.00,57,3.00,-0.78
597471,250.79,250.00,56,3.00,-0.79
597571,250.78,250.00,57,3.00,-0.78
597671,250.79,250.00,56,3.00,-0.79
597771,250.83,250.00,52,3.00,-0.83
597871,250.82,250.00,58,3.00,-0.82
597971,250.83,250.00,55,3.00,-0.83
598071,250.83,250.00,56,3.00,-0.83
598171,250.84,250.00,56,3.00,-0.84
598271,250.82,250.00,57,3.00,-0.82
598371,250.80,250.00,59,3.00,-0.80
598471,250.82,250.00,55,3.00,-0.82
598571,250.83,250.00,55,3.00,-0.83
598671,250.83,250.00,56,3.00,-0.83
598771,250.81,250.00,59,3.00,-0.81
598871,250.83,250.00,55,3.00,-0.83
598971,250.84,250.00,55,3.00,-0.84
599071,250.82,250.00,59,3.00,-0.82
599171,250.82,250.00,56,3.00,-0.82
599271,250.81,250.00,57,3.00,-0.81
599371,250.81,250.00,56,3.00,-0.81
599471,250.79,250.00,58,3.00,-0.79
599571,250.80,250.00,56,3.00,-0.80
599671,250.83,250.00,53,3.00,-0.83
599771,250.80,250.00,59,3.00,-0.80
599871,250.83,250.00,53,3.00,-0.83
599971,250.81,250.00,59,3.00,-0.81
600071,250.81,250.00,56,3.00,-0.81
600171,250.80,250.00,57,3.00,-0.80
600271,250.80,250.00,57,3.00,-0.80
600371,250.78,250.00,58,3.00,-0.78
600471,250.82,250.00,52,3.00,-0.82
600571,250.81,250.00,57,3.00,-0.81
600671,250.81,250.00,56,3.00,-0.81
600771,250.78,250.00,60,3.00,-0.78
600871,250.74,250.00,61,3.00,-0.74
600971,250.74,250.00,57,3.00,-0.74
601071,250.74,250.00,57,3.00,-0.74
601171,250.72,250.00,58,3.00,-0.72
601271,250.70,250.00,59,3.00,-0.70
601371,250.70,250.00,56,3.00,-0.70
601471,250.70,250.00,56,3.00,-0.70
601571,250.68,250.00,59,3.00,-0.68
601671,250.69,250.00,56,3.00,-0.69
601771,250.68,250.00,57,3.00,-0.68
601871,250.66,250.00,59,3.00,-0.66
601971,250.69,250.00,53,3.00,-0.69
602071,250.68,250.00,57,3.00,-0.68
602171,250.64,250.00,61,3.00,-0.64
602271,250.63,250.00,57,3.00,-0.63
602371,250.63,250.00,57,3.00,-0.63
602471,250.65,250.00,54,3.00,-0.65
602571,250.64,250.00,58,3.00,-0.64
602671,250.62,250.00,58,3.00,-0.62
602771,250.59,250.00,59,3.00,-0.59
602871,250.58,250.00,58,3.00,-0.58
602971,250.56,250.00,59,3.00,-0.56
603071,250.55,250.00,58,3.00,-0.55
603171,250.56,250.00,56,3.00,-0.56
603271,250.55,250.00,58,3.00,-0.55
603371,250.52,250.00,60,3.00,-0.52
603471,250.54,250.00,55,3.00,-0.54
603571,250.52,250.00,59,3.00,-0.52
603671,250.51,250.00,59,3.00,-0.51
603771,250.53,250.00,55,3.00,-0.53
603871,250.54,250.00,56,3.00,-0.54
603971,250.52,250.00,59,3.00,-0.52
604071,250.55,250.00,54,3.00,-0.55
604171,250.54,250.00,58,3.00,-0.54
604271,250.50,250.00,61,3.00,-0.50
604371,250.50,250.00,57,3.00,-0.50
604471,250.50,250.00,57,3.00,-0.50
604571,250.49,250.00,58,3.00,-0.49
604671,250.46,250.00,60,3.00,-0.46
604771,250.48,250.00,56,3.00,-0.48
604871,250.44,250.00,61,3.00,-0.44
604971,250.47,250.00,54,3.00,-0.47
605071,250.45,250.00,59,3.00,-0.45
605171,250.45,250.00,57,3.00,-0.45
605271,250.45,250.00,57,3.00,-0.45
605371,250.43,250.00,59,3.00,-0.43
605471,250.43,250.00,58,3.00,-0.43
605571,250.41,250.00,59,3.00,-0.41
605671,250.44,250.00,54,3.00,-0.44
605771,250.42,250.00,59,3.00,-0.42
605871,250.40,250.00,59,3.00,-0.40
605971,250.41,250.00,56,3.00,-0.41
606071,250.39,250.00,59,3.00,-0.39
606171,250.40,250.00,56,3.00,-0.40
606271,250.37,250.00,60,3.00,-0.37
606371,250.33,250.00,63,3.00,-0.33
606471,250.33,250.00,57,3.00,-0.33
606571,250.33,250.00,57,3.00,-0.33
606671,250.31,250.00,60,3.00,-0.31
606771,250.35,250.00,53,3.00,-0.35
606871,250.38,250.00,55,3.00,-0.38
606971,250.38,250.00,58,3.00,-0.38
607071,250.39,250.00,56,3.00,-0.39
607171,250.36,250.00,60,3.00,-0.36
607271,250.34,250.00,60,3.00,-0.34
607371,250.34,250.00,57,3.00,-0.34
607471,250.33,250.00,58,3.00,-0.33
607571,250.31,250.00,60,3.00,-0.31
607671,250.27,250.00,62,3.00,-0.27
607771,250.28,250.00,57,3.00,-0.28
607871,250.26,250.00,59,3.00,-0.26
607971,250.27,250.00,57,3.00,-0.27
608071,250.28,250.00,57,3.00,-0.28
608171,250.28,250.00,58,3.00,-0.28
608271,250.31,250.00,54,3.00,-0.31
608371,250.32,250.00,57,3.00,-0.32
608471,250.32,250.00,57,3.00,-0.32
608571,250.29,250.00,61,3.00,-0.29
608671,250.27,250.00,59,3.00,-0.27
608771,250.29,250.00,56,3.00,-0.29
608871,250.26,250.00,61,3.00,-0.26
608971,250.30,250.00,54,3.00,-0.30
609071,250.28,250.00,59,3.00,-0.28
609171,250.25,250.00,61,3.00,-0.25
609271,250.23,250.00,60,3.00,-0.23
609371,250.23,250.00,58,3.00,-0.23
609471,250.23,250.00,58,3.00,-0.23
609571,250.22,250.00,59,3.00,-0.22
609671,250.18,250.00,63,3.00,-0.18
609771,250.13,250.00,62,3.00,-0.13
609871,250.17,250.00,55,3.00,-0.17
609971,250.13,250.00,62,3.00,-0.13
610071,250.14,250.00,57,3.00,-0.14
610171,250.16,250.00,56,3.00,-0.16
610271,250.15,250.00,60,3.00,-0.15
610371,250.17,250.00,56,3.00,-0.17
610471,250.14,250.00,61,3.00,-0.14
610571,250.09,250.00,63,3.00,-0.09
610671,250.07,250.00,61,3.00,-0.07
610771,250.06,250.00,59,3.00,-0.06
610871,250.03,250.00,62,3.00,-0.03
610971,250.08,250.00,54,3.00,-0.08
611071,250.07,250.00,59,3.00,-0.07
611171,250.08,250.00,58,3.00,-0.08
611271,250.07,250.00,59,3.00,-0.07
611371,250.04,250.00,62,3.00,-0.04
611471,250.04,250.00,59,3.00,-0.04
611571,250.03,250.00,59,3.00,-0.03
611671,250.01,250.00,61,3.00,-0.01
611771,249.97,250.00,62,3.00,0.03
611871,249.94,250.00,62,3.00,0.06
611971,249.92,250.00,61,3.00,0.08
612071,249.89,250.00,62,3.00,0.11
612171,249.89,250.00,59,3.00,0.11
612271,249.90,250.00,58,3.00,0.10
612371,249.89,250.00,61,3.00,0.11
612471,249.93,250.00,56,3.00,0.07
612571,249.90,250.00,62,3.00,0.10
612671,249.88,250.00,61,3.00,0.12
612771,249.85,250.00,63,3.00,0.15
612871,249.84,250.00,60,3.00,0.16
612971,249.86,250.00,58,3.00,0.14
613071,249.81,250.00,64,3.00,0.19
613171,249.83,250.00,58,3.00,0.17
613271,249.84,250.00,59,3.00,0.16
613371,249.82,250.00,61,3.00,0.18
613471,249.79,250.00,63,3.00,0.21
613571,249.76,250.00,62,3.00,0.24
613671,249.76,250.00,60,3.00,0.24
613771,249.72,250.00,65,3.00,0.28
613871,249.67,250.00,64,3.00,0.33
613971,249.62,250.00,65,3.00,0.38
614071,249.59,250.00,64,3.00,0.41
614171,249.57,250.00,62,3.00,0.43
614271,249.57,250.00,61,3.00,0.43
614371,249.58,250.00,60,3.00,0.42
614471,249.56,250.00,62,3.00,0.44
614571,249.58,250.00,58,3.00,0.42
614671,249.56,250.00,62,3.00,0.44
614771,249.55,250.00,62,3.00,0.45
614871,249.52,250.00,63,3.00,0.48
614971,249.52,250.00,61,3.00,0.48
615071,249.55,250.00,58,3.00,0.45
615171,249.59,250.00,56,3.00,0.41
615271,249.57,250.00,62,3.00,0.43
615371,249.57,250.00,61,3.00,0.43
615471,249.54,250.00,64,3.00,0.46
615571,249.52,250.00,63,3.00,0.48
615671,249.52,250.00,61,3.00,0.48
615771,249.48,250.00,64,3.00,0.52
615871,249.44,250.00,65,3.00,0.56
615971,249.41,250.00,64,3.00,0.59
616071,249.37,250.00,66,3.00,0.63
616171,249.36,250.00,62,3.00,0.64
616271,249.34,250.00,63,3.00,0.66
616371,249.32,250.00,63,3.00,0.68
616471,249.33,250.00,61,3.00,0.67
616571,249.33,250.00,62,3.00,0.67
616671,249.34,250.00,61,3.00,0.66
616771,249.32,250.00,63,3.00,0.68
616871,249.32,250.00,62,3.00,0.68
616971,249.32,250.00,62,3.00,0.68
617071,249.32,250.00,61,3.00,0.68
617171,249.35,250.00,60,3.00,0.65
617271,249.39,250.00,57,3.00,0.61
617371,249.40,250.00,60,3.00,0.60
617471,249.40,250.00,61,3.00,0.60
617571,249.42,250.00,60,3.00,0.58
617671,249.39,250.00,64,3.00,0.61
617771,249.38,250.00,63,3.00,0.62
617871,249.36,250.00,64,3.00,0.64
617971,249.31,250.00,67,3.00,0.69
618071,249.31,250.00,62,3.00,0.69
618171,249.34,250.00,58,3.00,0.66
618271,249.35,250.00,61,3.00,0.65
618371,249.34,250.00,62,3.00,0.66
618471,249.36,250.00,60,3.00,0.64
618571,249.39,250.00,59,3.00,0.61
618671,249.38,250.00,63,3.00,0.62
618771,249.39,250.00,60,3.00,0.61
618871,249.37,250.00,64,3.00,0.63
618971,249.33,250.00,66,3.00,0.67
619071,249.31,250.00,64,3.00,0.69
619171,249.31,250.00,62,3.00,0.69
619271,249.31,250.00,62,3.00,0.69
619371,249.38,250.00,55,3.00,0.62
619471,249.39,250.00,60,3.00,0.61
619571,249.41,250.00,60,3.00,0.59
619671,249.40,250.00,63,3.00,0.60
619771,249.39,250.00,63,3.00,0.61
619871,249.38,250.00,63,3.00,0.62
619971,249.37,250.00,63,3.00,0.63
620071,249.38,250.00,60,3.00,0.62
620171,249.36,250.00,64,3.00,0.64
620271,249.34,250.00,64,3.00,0.66
620371,249.34,250.00,63,3.00,0.66
620471,249.32,250.00,64,3.00,0.68
620571,249.32,250.00,62,3.00,0.68
620671,249.33,250.00,61,3.00,0.67
620771,249.31,250.00,64,3.00,0.69
620871,249.30,250.00,64,3.00,0.70
620971,249.30,250.00,62,3.00,0.70
621071,249.31,250.00,61,3.00,0.69
621171,249.30,250.00,64,3.00,0.70
621271,249.32,250.00,60,3.00,0.68
621371,249.32,250.00,62,3.00,0.68
621471,249.31,250.00,62,3.00,0.69
621571,249.31,250.00,62,3.00,0.69
621671,249.33,250.00,60,3.00,0.67
621771,249.33,250.00,63,3.00,0.67
621871,249.33,250.00,63,3.00,0.67
621971,249.35,250.00,60,3.00,0.65
622071,249.36,250.00,60,3.00,0.64
622171,249.33,250.00,65,3.00,0.67
622271,249.34,250.00,61,3.00,0.66
622371,249.30,250.00,66,3.00,0.70
622471,249.31,250.00,61,3.00,0.69
622571,249.30,250.00,64,3.00,0.70
622671,249.32,250.00,60,3.00,0.68
622771,249.34,250.00,60,3.00,0.66
622871,249.34,250.00,63,3.00,0.66
622971,249.32,250.00,64,3.00,0.68
623071,249.32,250.00,63,3.00,0.68
623171,249.34,250.00,60,3.00,0.66
623271,249.32,250.00,64,3.00,0.68
623371,249.33,250.00,61,3.00,0.67
623471,249.36,250.00,59,3.00,0.64
623571,249.36,250.00,63,3.00,0.64
623671,249.36,250.00,62,3.00,0.64
623771,249.39,250.00,59,3.00,0.61
623871,249.38,250.00,63,3.00,0.62
623971,249.37,250.00,63,3.00,0.63
624071,249.36,250.00,63,3.00,0.64
624171,249.36,250.00,63,3.00,0.64
624271,249.37,250.00,61,3.00,0.63
624371,249.35,250.00,64,3.00,0.65
624471,249.34,250.00,64,3.00,0.66
624571,249.34,250.00,62,3.00,0.66
624671,249.40,250.00,57,3.00,0.60
624771,249.40,250.00,62,3.00,0.60
624871,249.44,250.00,58,3.00,0.56
624971,249.42,250.00,64,3.00,0.58
625071,249.42,250.00,62,3.00,0.58
625171,249.40,250.00,65,3.00,0.60
625271,249.41,250.00,61,3.00,0.59
625371,249.40,250.00,63,3.00,0.60
625471,249.40,250.00,62,3.00,0.60
625571,249.40,250.00,62,3.00,0.60
625671,249.39,250.00,63,3.00,0.61
625771,249.39,250.00,62,3.00,0.61
625871,249.37,250.00,65,3.00,0.63
625971,249.36,250.00,63,3.00,0.64
626071,249.35,250.00,63,3.00,0.65
626171,249.36,250.00,62,3.00,0.64
626271,249.38,250.00,61,3.00,0.62
626371,249.36,250.00,65,3.00,0.64
626471,249.35,250.00,63,3.00,0.65
626571,249.34,250.00,63,3.00,0.66
626671,249.33,250.00,64,3.00,0.67
626771,249.30,250.00,65,3.00,0.70
626871,249.32,250.00,60,3.00,0.68
626971,249.36,250.00,59,3.00,0.64
627071,249.36,250.00,62,3.00,0.64
627171,249.41,250.00,57,3.00,0.59
627271,249.41,250.00,62,3.00,0.59
627371,249.38,250.00,66,3.00,0.62
627471,249.37,250.00,63,3.00,0.63
627571,249.34,250.00,66,3.00,0.66
627671,249.35,250.00,62,3.00,0.65
627771,249.41,250.00,56,3.00,0.59
627871,249.43,250.00,60,3.00,0.57
627971,249.44,250.00,61,3.00,0.56
628071,249.44,250.00,63,3.00,0.56
628171,249.44,250.00,63,3.00,0.56
628271,249.47,250.00,59,3.00,0.53
628371,249.48,250.00,62,3.00,0.52
628471,249.51,250.00,59,3.00,0.49
628571,249.50,250.00,63,3.00,0.50
628671,249.51,250.00,61,3.00,0.49
628771,249.54,250.00,59,3.00,0.46
628871,249.55,250.00,61,3.00,0.45
628971,249.59,250.00,57,3.00,0.41
629071,249.66,250.00,55,3.00,0.34
629171,249.67,250.00,60,3.00,0.33
629271,249.73,250.00,56,3.00,0.27
629371,249.72,250.00,62,3.00,0.28
629471,249.69,250.00,65,3.00,0.31
629571,249.70,250.00,61,3.00,0.30
629671,249.71,250.00,59,3.00,0.29
629771,249.76,250.00,57,3.00,0.24
629871,249.76,250.00,61,3.00,0.24
629971,249.78,250.00,59,3.00,0.22
630071,249.82,250.00,58,3.00,0.18
630171,249.81,250.00,61,3.00,0.19
630271,249.81,250.00,61,3.00,0.19
630371,249.83,250.00,59,3.00,0.17
630471,249.84,250.00,59,3.00,0.16
630571,249.81,250.00,64,3.00,0.19
630671,249.81,250.00,61,3.00,0.19
630771,249.83,250.00,59,3.00,0.17
630871,249.83,250.00,60,3.00,0.17
630971,249.81,250.00,63,3.00,0.19
631071,249.82,250.00,60,3.00,0.18
631171,249.85,250.00,58,3.00,0.15
631271,249.84,250.00,62,3.00,0.16
631371,249.87,250.00,58,3.00,0.13
631471,249.88,250.00,59,3.00,0.12
631571,249.88,250.00,61,3.00,0.12
631671,249.87,250.00,62,3.00,0.13
631771,249.89,250.00,59,3.00,0.11
631871,249.87,250.00,62,3.00,0.13
631971,249.88,250.00,61,3.00,0.12
632071,249.88,250.00,61,3.00,0.12
632171,249.90,250.00,58,3.00,0.10
632271,249.90,250.00,61,3.00,0.10
632371,249.89,250.00,62,3.00,0.11
632471,249.90,250.00,59,3.00,0.10
632571,249.92,250.00,58,3.00,0.08
632671,249.89,250.00,63,3.00,0.11
632771,249.88,250.00,62,3.00,0.12
632871,249.87,250.00,62,3.00,0.13
632971,249.88,250.00,59,3.00,0.12
633071,249.88,250.00,61,3.00,0.12
633171,249.92,250.00,57,3.00,0.08
633271,249.94,250.00,58,3.00,0.06
633371,249.95,250.00,60,3.00,0.05
633471,249.99,250.00,56,3.00,0.01
633571,249.98,250.00,61,3.00,0.02
633671,249.99,250.00,59,3.00,0.01
633771,249.99,250.00,60,3.00,0.01
633871,249.99,250.00,60,3.00,0.01
633971,250.03,250.00,56,3.00,-0.03
634071,250.02,250.00,62,3.00,-0.02
634171,250.05,250.00,57,3.00,-0.05
634271,250.03,250.00,62,3.00,-0.03
634371,250.03,250.00,60,3.00,-0.03
634471,250.05,250.00,58,3.00,-0.05
634571,250.06,250.00,59,3.00,-0.06
634671,250.04,250.00,62,3.00,-0.04
634771,250.03,250.00,62,3.00,-0.03
634871,250.01,250.00,62,3.00,-0.01
634971,250.00,250.00,62,3.00,0.00
635071,250.00,250.00,60,3.00,-0.00
635171,250.00,250.00,60,3.00,-0.00
635271,250.00,250.00,60,3.00,-0.00
635371,250.00,250.00,60,3.00,-0.00
635471,250.00,250.00,60,3.00,-0.00
635571,249.99,250.00,61,3.00,0.01
635671,250.00,250.00,59,3.00,-0.00
635771,250.03,250.00,58,3.00,-0.03
635871,250.04,250.00,59,3.00,-0.04
635971,250.05,250.00,59,3.00,-0.05
636071,250.05,250.00,59,3.00,-0.05
636171,250.11,250.00,54,3.00,-0.11
636271,250.15,250.00,56,3.00,-0.15
636371,250.13,250.00,61,3.00,-0.13
636471,250.13,250.00,60,3.00,-0.13
636571,250.12,250.00,61,3.00,-0.12
636671,250.13,250.00,58,3.00,-0.13
636771,250.12,250.00,61,3.00,-0.12
636871,250.12,250.00,60,3.00,-0.12
636971,250.13,250.00,58,3.00,-0.13
637071,250.09,250.00,64,3.00,-0.09
637171,250.13,250.00,56,3.00,-0.13
637271,250.12,250.00,61,3.00,-0.12
637371,250.15,250.00,57,3.00,-0.15
637471,250.15,250.00,59,3.00,-0.15
637571,250.15,250.00,60,3.00,-0.15
637671,250.17,250.00,57,3.00,-0.17
637771,250.17,250.00,60,3.00,-0.17
637871,250.18,250.00,59,3.00,-0.18
637971,250.16,250.00,61,3.00,-0.16
638071,250.15,250.00,60,3.00,-0.15
638171,250.15,250.00,60,3.00,-0.15
638271,250.14,250.00,61,3.00,-0.14
638371,250.18,250.00,55,3.00,-0.18
638471,250.20,250.00,58,3.00,-0.20
638571,250.24,250.00,55,3.00,-0.24
638671,250.23,250.00,60,3.00,-0.23
638771,250.23,250.00,59,3.00,-0.23
638871,250.24,250.00,58,3.00,-0.24
638971,250.23,250.00,60,3.00,-0.23
639071,250.26,250.00,57,3.00,-0.26
639171,250.28,250.00,57,3.00,-0.28
639271,250.34,250.00,53,3.00,-0.34
639371,250.33,250.00,60,3.00,-0.33
639471,250.33,250.00,58,3.00,-0.33
639571,250.36,250.00,56,3.00,-0.36
639671,250.35,250.00,60,3.00,-0.35
639771,250.37,250.00,56,3.00,-0.37
639871,250.37,250.00,59,3.00,-0.37
639971,250.38,250.00,58,3.00,-0.38
640071,250.38,250.00,59,3.00,-0.38
640171,250.34,250.00,63,3.00,-0.34
640271,250.37,250.00,56,3.00,-0.37
640371,250.36,250.00,60,3.00,-0.36
640471,250.37,250.00,57,3.00,-0.37
640571,250.39,250.00,56,3.00,-0.39
640671,250.39,250.00,59,3.00,-0.39
640771,250.39,250.00,59,3.00,-0.39
640871,250.41,250.00,56,3.00,-0.41
640971,250.43,250.00,56,3.00,-0.43
641071,250.42,250.00,59,3.00,-0.42
641171,250.43,250.00,58,3.00,-0.43
641271,250.45,250.00,57,3.00,-0.45
641371,250.46,250.00,57,3.00,-0.46
641471,250.46,250.00,58,3.00,-0.46
641571,250.48,250.00,57,3.00,-0.48
641671,250.50,250.00,56,3.00,-0.50
641771,250.50,250.00,58,3.00,-0.50
641871,250.53,250.00,54,3.00,-0.53
641971,250.52,250.00,60,3.00,-0.52
642071,250.53,250.00,57,3.00,-0.53
642171,250.52,250.00,58,3.00,-0.52
642271,250.53,250.00,57,3.00,-0.53
642371,250.56,250.00,55,3.00,-0.56
642471,250.54,250.00,60,3.00,-0.54
642571,250.57,250.00,55,3.00,-0.57
642671,250.59,250.00,56,3.00,-0.59
642771,250.59,250.00,57,3.00,-0.59
642871,250.58,250.00,59,3.00,-0.58
642971,250.57,250.00,59,3.00,-0.57
643071,250.58,250.00,56,3.00,-0.58
643171,250.57,250.00,59,3.00,-0.57
643271,250.58,250.00,57,3.00,-0.58
643371,250.54,250.00,61,3.00,-0.54
643471,250.60,250.00,52,3.00,-0.60
643571,250.59,250.00,59,3.00,-0.59
643671,250.59,250.00,57,3.00,-0.59
643771,250.60,250.00,56,3.00,-0.60
643871,250.59,250.00,59,3.00,-0.59
643971,250.62,250.00,55,3.00,-0.62
644071,250.60,250.00,59,3.00,-0.60
644171,250.60,250.00,57,3.00,-0.60
644271,250.59,250.00,59,3.00,-0.59
644371,250.58,250.00,59,3.00,-0.58
644471,250.58,250.00,57,3.00,-0.58
644571,250.63,250.00,52,3.00,-0.63
644671,250.64,250.00,56,3.00,-0.64
644771,250.65,250.00,56,3.00,-0.65
644871,250.63,250.00,59,3.00,-0.63
644971,250.62,250.00,59,3.00,-0.62
645071,250.63,250.00,56,3.00,-0.63
645171,250.57,250.00,64,3.00,-0.57
645271,250.56,250.00,58,3.00,-0.56
645371,250.56,250.00,57,3.00,-0.56
645471,250.58,250.00,56,3.00,-0.58
645571,250.62,250.00,53,3.00,-0.62
645671,250.60,250.00,59,3.00,-0.60
645771,250.62,250.00,56,3.00,-0.62
645871,250.63,250.00,56,3.00,-0.63
645971,250.61,250.00,59,3.00,-0.61
646071,250.65,250.00,54,3.00,-0.65
646171,250.63,250.00,59,3.00,-0.63
646271,250.63,250.00,57,3.00,-0.63
646371,250.60,250.00,60,3.00,-0.60
646471,250.60,250.00,57,3.00,-0.60
646571,250.58,250.00,60,3.00,-0.58
646671,250.62,250.00,53,3.00,-0.62
646771,250.60,250.00,59,3.00,-0.60
646871,250.62,250.00,56,3.00,-0.62
646971,250.59,250.00,60,3.00,-0.59
647071,250.57,250.00,60,3.00,-0.57
647171,250.58,250.00,56,3.00,-0.58
647271,250.59,250.00,57,3.00,-0.59
647371,250.56,250.00,60,3.00,-0.56
647471,250.57,250.00,57,3.00,-0.57
647571,250.52,250.00,62,3.00,-0.52
647671,250.57,250.00,53,3.00,-0.57
647771,250.55,250.00,59,3.00,-0.55
647871,250.54,250.00,58,3.00,-0.54
647971,250.56,250.00,55,3.00,-0.56
648071,250.54,250.00,59,3.00,-0.54
648171,250.58,250.00,53,3.00,-0.58
648271,250.61,250.00,54,3.00,-0.61
648371,250.63,250.00,55,3.00,-0.63
648471,250.63,250.00,57,3.00,-0.63
648571,250.64,250.00,56,3.00,-0.64
648671,250.62,250.00,58,3.00,-0.62
648771,250.68,250.00,51,3.00,-0.68
648871,250.71,250.00,54,3.00,-0.71
648971,250.72,250.00,55,3.00,-0.72
649071,250.71,250.00,58,3.00,-0.71
649171,250.70,250.00,58,3.00,-0.70
649271,250.70,250.00,56,3.00,-0.70
649371,250.72,250.00,55,3.00,-0.72
649471,250.71,250.00,58,3.00,-0.71
649571,250.68,250.00,59,3.00,-0.68
649671,250.66,250.00,59,3.00,-0.66
649771,250.66,250.00,57,3.00,-0.66
649871,250.64,250.00,58,3.00,-0.64
649971,250.66,250.00,55,3.00,-0.66
650071,250.67,250.00,56,3.00,-0.67
650171,250.65,250.00,59,3.00,-0.65
650271,250.69,250.00,52,3.00,-0.69
650371,250.70,250.00,56,3.00,-0.70
650471,250.70,250.00,56,3.00,-0.70
650571,250.69,250.00,57,3.00,-0.69
650671,250.68,250.00,57,3.00,-0.68
650771,250.66,250.00,59,3.00,-0.66
650871,250.70,250.00,52,3.00,-0.70
650971,250.73,250.00,54,3.00,-0.73
651071,250.74,250.00,55,3.00,-0.74
651171,250.73,250.00,58,3.00,-0.73
651271,250.70,250.00,59,3.00,-0.70
651371,250.69,250.00,57,3.00,-0.69
651471,250.70,250.00,56,3.00,-0.70
651571,250.65,250.00,61,3.00,-0.65
651671,250.65,250.00,57,3.00,-0.65
651771,250.65,250.00,56,3.00,-0.65
651871,250.69,250.00,53,3.00,-0.69
651971,250.67,250.00,58,3.00,-0.67
652071,250.66,250.00,57,3.00,-0.66
652171,250.64,250.00,58,3.00,-0.64
652271,250.63,250.00,58,3.00,-0.63
652371,250.64,250.00,56,3.00,-0.64
652471,250.62,250.00,58,3.00,-0.62
652571,250.61,250.00,58,3.00,-0.61
652671,250.61,250.00,57,3.00,-0.61
652771,250.59,250.00,58,3.00,-0.59
652871,250.58,250.00,58,3.00,-0.58
652971,250.57,250.00,58,3.00,-0.57
653071,250.56,250.00,58,3.00,-0.56
653171,250.57,250.00,56,3.00,-0.57
653271,250.60,250.00,54,3.00,-0.60
653371,250.60,250.00,56,3.00,-0.60
653471,250.60,250.00,56,3.00,-0.60
653571,250.60,250.00,56,3.00,-0.60
653671,250.59,250.00,58,3.00,-0.59
653771,250.59,250.00,56,3.00,-0.59
653871,250.59,250.00,56,3.00,-0.59
653971,250.63,250.00,53,3.00,-0.63
654071,250.60,250.00,59,3.00,-0.60
654171,250.59,250.00,58,3.00,-0.59
654271,250.57,250.00,59,3.00,-0.57
654371,250.55,250.00,59,3.00,-0.55
654471,250.58,250.00,54,3.00,-0.58
654571,250.55,250.00,59,3.00,-0.55
654671,250.54,250.00,59,3.00,-0.54
654771,250.53,250.00,57,3.00,-0.53
654871,250.51,250.00,58,3.00,-0.51
654971,250.52,250.00,56,3.00,-0.52
655071,250.57,250.00,52,3.00,-0.57
655171,250.55,250.00,59,3.00,-0.55
655271,250.54,250.00,57,3.00,-0.54
655371,250.52,250.00,58,3.00,-0.52
655471,250.49,250.00,60,3.00,-0.49
655571,250.49,250.00,57,3.00,-0.49
655671,250.46,250.00,61,3.00,-0.46
655771,250.45,250.00,58,3.00,-0.45
655871,250.42,250.00,60,3.00,-0.42
655971,250.40,250.00,59,3.00,-0.40
656071,250.44,250.00,53,3.00,-0.44
656171,250.42,250.00,59,3.00,-0.42
656271,250.44,250.00,55,3.00,-0.44
656371,250.46,250.00,55,3.00,-0.46
656471,250.45,250.00,58,3.00,-0.45
656571,250.48,250.00,54,3.00,-0.48
656671,250.49,250.00,55,3.00,-0.49
656771,250.45,250.00,61,3.00,-0.45
656871,250.46,250.00,57,3.00,-0.46
656971,250.46,250.00,57,3.00,-0.46
657071,250.46,250.00,57,3.00,-0.46
657171,250.45,250.00,58,3.00,-0.45
657271,250.45,250.00,57,3.00,-0.45
657371,250.47,250.00,55,3.00,-0.47
657471,250.49,250.00,54,3.00,-0.49
657571,250.48,250.00,58,3.00,-0.48
657671,250.49,250.00,55,3.00,-0.49
657771,250.50,250.00,56,3.00,-0.50
657871,250.47,250.00,61,3.00,-0.47
657971,250.47,250.00,57,3.00,-0.47
658071,250.43,250.00,60,3.00,-0.43
658171,250.44,250.00,56,3.00,-0.44
658271,250.43,250.00,58,3.00,-0.43
658371,250.45,250.00,55,3.00,-0.45
658471,250.44,250.00,58,3.00,-0.44
658571,250.42,250.00,59,3.00,-0.42
658671,250.44,250.00,55,3.00,-0.44
658771,250.42,250.00,59,3.00,-0.42
658871,250.43,250.00,56,3.00,-0.43
658971,250.42,250.00,57,3.00,-0.42
659071,250.41,250.00,57,3.00,-0.41
659171,250.41,250.00,57,3.00,-0.41
659271,250.39,250.00,59,3.00,-0.39
659371,250.38,250.00,59,3.00,-0.38
659471,250.38,250.00,57,3.00,-0.38
659571,250.40,250.00,55,3.00,-0.40
659671,250.38,250.00,59,3.00,-0.38
659771,250.39,250.00,56,3.00,-0.39
659871,250.38,250.00,58,3.00,-0.38
659971,250.36,250.00,58,3.00,-0.36
660071,250.36,250.00,57,3.00,-0.36
660171,250.38,250.00,56,3.00,-0.38
660271,250.36,250.00,58,3.00,-0.36
660371,250.35,250.00,58,3.00,-0.35
660471,250.35,250.00,57,3.00,-0.35
660571,250.37,250.00,56,3.00,-0.37
660671,250.34,250.00,60,3.00,-0.34
660771,250.31,250.00,61,3.00,-0.31
660871,250.29,250.00,59,3.00,-0.29
660971,250.30,250.00,57,3.00,-0.30
661071,250.28,250.00,59,3.00,-0.28
661171,250.29,250.00,56,3.00,-0.29
661271,250.28,250.00,58,3.00,-0.28
661371,250.26,250.00,60,3.00,-0.26
661471,250.25,250.00,58,3.00,-0.25
661571,250.22,250.00,61,3.00,-0.22
661671,250.21,250.00,59,3.00,-0.21
661771,250.21,250.00,57,3.00,-0.21
661871,250.17,250.00,62,3.00,-0.17
661971,250.15,250.00,59,3.00,-0.15
662071,250.15,250.00,58,3.00,-0.15
662171,250.12,250.00,61,3.00,-0.12
662271,250.15,250.00,55,3.00,-0.15
662371,250.16,250.00,57,3.00,-0.16
662471,250.14,250.00,59,3.00,-0.14
662571,250.16,250.00,56,3.00,-0.16
662671,250.19,250.00,54,3.00,-0.19
662771,250.18,250.00,60,3.00,-0.18
662871,250.19,250.00,56,3.00,-0.19
662971,250.20,250.00,57,3.00,-0.20
663071,250.22,250.00,56,3.00,-0.22
663171,250.19,250.00,60,3.00,-0.19
663271,250.19,250.00,58,3.00,-0.19
663371,250.18,250.00,58,3.00,-0.18
663471,250.16,250.00,59,3.00,-0.16
663571,250.15,250.00,59,3.00,-0.15
663671,250.17,250.00,56,3.00,-0.17
663771,250.16,250.00,58,3.00,-0.16
663871,250.15,250.00,59,3.00,-0.15
663971,250.16,250.00,57,3.00,-0.16
664071,250.15,250.00,58,3.00,-0.15
664171,250.10,250.00,63,3.00,-0.10
664271,250.08,250.00,60,3.00,-0.08
664371,250.09,250.00,58,3.00,-0.09
664471,250.13,250.00,54,3.00,-0.13
664571,250.09,250.00,62,3.00,-0.09
664671,250.11,250.00,56,3.00,-0.11
664771,250.13,250.00,55,3.00,-0.13
664871,250.11,250.00,60,3.00,-0.11
664971,250.07,250.00,61,3.00,-0.07
665071,250.05,250.00,60,3.00,-0.05
665171,250.06,250.00,57,3.00,-0.06
665271,250.06,250.00,59,3.00,-0.06
665371,250.04,250.00,60,3.00,-0.04
665471,250.02,250.00,60,3.00,-0.02
665571,250.07,250.00,53,3.00,-0.07
665671,250.07,250.00,57,3.00,-0.07
665771,250.08,250.00,58,3.00,-0.08
665871,250.10,250.00,56,3.00,-0.10
665971,250.07,250.00,60,3.00,-0.07
666071,250.07,250.00,59,3.00,-0.07
666171,250.04,250.00,61,3.00,-0.04
666271,250.01,250.00,61,3.00,-0.01
666371,249.99,250.00,61,3.00,0.01
666471,249.98,250.00,59,3.00,0.02
666571,250.00,250.00,56,3.00,-0.00
666671,250.00,250.00,58,3.00,-0.00
666771,250.00,250.00,58,3.00,-0.00
666871,250.03,250.00,56,3.00,-0.03
666971,250.04,250.00,57,3.00,-0.04
667071,250.08,250.00,54,3.00,-0.08
667171,250.07,250.00,59,3.00,-0.07
667271,250.08,250.00,58,3.00,-0.08
667371,250.06,250.00,60,3.00,-0.06
667471,250.04,250.00,60,3.00,-0.04
667571,250.03,250.00,60,3.00,-0.03
667671,250.08,250.00,52,3.00,-0.08
667771,250.11,250.00,55,3.00,-0.11
667871,250.11,250.00,58,3.00,-0.11
667971,250.09,250.00,60,3.00,-0.09
668071,250.09,250.00,58,3.00,-0.09
668171,250.08,250.00,59,3.00,-0.08
668271,250.08,250.00,59,3.00,-0.08
668371,250.06,250.00,60,3.00,-0.06
668471,250.05,250.00,59,3.00,-0.05
668571,250.00,250.00,64,3.00,0.00
668671,250.00,250.00,58,3.00,-0.00
668771,249.97,250.00,62,3.00,0.03
668871,249.96,250.00,59,3.00,0.04
668971,249.97,250.00,57,3.00,0.03
669071,249.96,250.00,59,3.00,0.04
669171,249.95,250.00,61,3.00,0.05
669271,249.93,250.00,60,3.00,0.07
669371,249.88,250.00,64,3.00,0.12
669471,249.85,250.00,61,3.00,0.15
669571,249.84,250.00,60,3.00,0.16
669671,249.82,250.00,61,3.00,0.18
669771,249.82,250.00,60,3.00,0.18
669871,249.84,250.00,57,3.00,0.16
669971,249.85,250.00,57,3.00,0.15
670071,249.88,250.00,56,3.00,0.12
670171,249.86,250.00,61,3.00,0.14
670271,249.86,250.00,59,3.00,0.14
670371,249.86,250.00,59,3.00,0.14
670471,249.82,250.00,64,3.00,0.18
670571,249.79,250.00,62,3.00,0.21
670671,249.80,250.00,58,3.00,0.20
670771,249.84,250.00,55,3.00,0.16
670871,249.82,250.00,61,3.00,0.18
670971,249.82,250.00,60,3.00,0.18
671071,249.82,250.00,58,3.00,0.18
671171,249.79,250.00,62,3.00,0.21
671271,249.83,250.00,56,3.00,0.17
671371,249.80,250.00,62,3.00,0.20
671471,249.75,250.00,64,3.00,0.25
671571,249.73,250.00,62,3.00,0.27
671671,249.73,250.00,59,3.00,0.27
671771,249.72,250.00,60,3.00,0.28
671871,249.70,250.00,62,3.00,0.30
671971,249.70,250.00,60,3.00,0.30
672071,249.70,250.00,59,3.00,0.30
672171,249.69,250.00,61,3.00,0.31
672271,249.66,250.00,63,3.00,0.34
672371,249.65,250.00,61,3.00,0.35
672471,249.66,250.00,59,3.00,0.34
672571,249.62,250.00,64,3.00,0.38
672671,249.62,250.00,60,3.00,0.38
672771,249.58,250.00,65,3.00,0.42
672871,249.57,250.00,61,3.00,0.43
672971,249.56,250.00,62,3.00,0.44
673071,249.54,250.00,62,3.00,0.46
673171,249.57,250.00,58,3.00,0.43
673271,249.56,250.00,61,3.00,0.44
673371,249.59,250.00,57,3.00,0.41
673471,249.58,250.00,62,3.00,0.42
673571,249.57,250.00,61,3.00,0.43
673671,249.55,250.00,62,3.00,0.45
673771,249.55,250.00,61,3.00,0.45
673871,249.54,250.00,62,3.00,0.46
673971,249.53,250.00,62,3.00,0.47
674071,249.53,250.00,60,3.00,0.47
674171,249.55,250.00,58,3.00,0.45
674271,249.57,250.00,58,3.00,0.43
674371,249.56,250.00,62,3.00,0.44
674471,249.55,250.00,61,3.00,0.45
674571,249.55,250.00,61,3.00,0.45
674671,249.51,250.00,64,3.00,0.49
674771,249.51,250.00,60,3.00,0.49
674871,249.49,250.00,63,3.00,0.51
674971,249.48,250.00,61,3.00,0.52
675071,249.46,250.00,63,3.00,0.54
675171,249.47,250.00,60,3.00,0.53
675271,249.49,250.00,59,3.00,0.51
675371,249.48,250.00,61,3.00,0.52
675471,249.50,250.00,59,3.00,0.50
675571,249.48,250.00,63,3.00,0.52
675671,249.48,250.00,60,3.00,0.52
675771,249.46,250.00,63,3.00,0.54
675871,249.46,250.00,61,3.00,0.54
675971,249.45,250.00,61,3.00,0.55
676071,249.44,250.00,63,3.00,0.56
676171,249.48,250.00,56,3.00,0.52
676271,249.50,250.00,59,3.00,0.50
676371,249.49,250.00,62,3.00,0.51
676471,249.48,250.00,62,3.00,0.52
676571,249.49,250.00,60,3.00,0.51
676671,249.49,250.00,60,3.00,0.51
676771,249.48,250.00,62,3.00,0.52
676871,249.46,250.00,63,3.00,0.54
676971,249.43,250.00,64,3.00,0.57
677071,249.43,250.00,61,3.00,0.57
677171,249.42,250.00,62,3.00,0.58
677271,249.42,250.00,61,3.00,0.58
677371,249.44,250.00,59,3.00,0.56
677471,249.44,250.00,61,3.00,0.56
677571,249.42,250.00,63,3.00,0.58
677671,249.42,250.00,61,3.00,0.58
677771,249.41,250.00,62,3.00,0.59
677871,249.43,250.00,59,3.00,0.57
677971,249.48,250.00,56,3.00,0.52
678071,249.47,250.00,62,3.00,0.53
678171,249.47,250.00,62,3.00,0.53
678271,249.51,250.00,57,3.00,0.49
678371,249.54,250.00,57,3.00,0.46
678471,249.56,250.00,60,3.00,0.44
678571,249.55,250.00,61,3.00,0.45
678671,249.57,250.00,58,3.00,0.43
678771,249.59,250.00,59,3.00,0.41
678871,249.59,250.00,61,3.00,0.41
678971,249.60,250.00,59,3.00,0.40
679071,249.59,250.00,63,3.00,0.41
679171,249.59,250.00,60,3.00,0.41
679271,249.57,250.00,62,3.00,0.43
679371,249.59,250.00,59,3.00,0.41
679471,249.62,250.00,58,3.00,0.38
679571,249.61,250.00,61,3.00,0.39
679671,249.64,250.00,58,3.00,0.36
679771,249.63,250.00,62,3.00,0.37
679871,249.64,250.00,59,3.00,0.36
679971,249.63,250.00,62,3.00,0.37
680071,249.63,250.00,60,3.00,0.37
680171,249.62,250.00,62,3.00,0.38
680271,249.60,250.00,63,3.00,0.40
680371,249.65,250.00,55,3.00,0.35
680471,249.68,250.00,58,3.00,0.32
680571,249.64,250.00,64,3.00,0.36
680671,249.64,250.00,60,3.00,0.36
680771,249.65,250.00,59,3.00,0.35
680871,249.66,250.00,59,3.00,0.34
680971,249.64,250.00,63,3.00,0.36
681071,249.64,250.00,60,3.00,0.36
681171,249.65,250.00,59,3.00,0.35
681271,249.65,250.00,60,3.00,0.35
681371,249.64,250.00,62,3.00,0.36
681471,249.65,250.00,59,3.00,0.35
681571,249.65,250.00,60,3.00,0.35
681671,249.65,250.00,60,3.00,0.35
681771,249.69,250.00,57,3.00,0.31
681871,249.68,250.00,61,3.00,0.32
681971,249.64,250.00,64,3.00,0.36
682071,249.63,250.00,62,3.00,0.37
682171,249.66,250.00,58,3.00,0.34
682271,249.66,250.00,61,3.00,0.34
682371,249.71,250.00,54,3.00,0.29
682471,249.71,250.00,61,3.00,0.29
682571,249.73,250.00,58,3.00,0.27
682671,249.72,250.00,61,3.00,0.28
682771,249.72,250.00,60,3.00,0.28
682871,249.74,250.00,59,3.00,0.26
682971,249.73,250.00,61,3.00,0.27
683071,249.70,250.00,64,3.00,0.30
683171,249.69,250.00,61,3.00,0.31
683271,249.68,250.00,62,3.00,0.32
683371,249.73,250.00,55,3.00,0.27
683471,249.81,250.00,52,3.00,0.19
683571,249.82,250.00,59,3.00,0.18
683671,249.83,250.00,58,3.00,0.17
683771,249.82,250.00,62,3.00,0.18
683871,249.80,250.00,62,3.00,0.20
683971,249.80,250.00,60,3.00,0.20
684071,249.76,250.00,64,3.00,0.24
684171,249.76,250.00,60,3.00,0.24
684271,249.77,250.00,59,3.00,0.23
684371,249.77,250.00,60,3.00,0.23
684471,249.83,250.00,54,3.00,0.17
684571,249.82,250.00,60,3.00,0.18
684671,249.84,250.00,58,3.00,0.16
684771,249.83,250.00,61,3.00,0.17
684871,249.86,250.00,57,3.00,0.14
684971,249.85,250.00,61,3.00,0.15
685071,249.87,250.00,58,3.00,0.13
685171,249.85,250.00,62,3.00,0.15
685271,249.81,250.00,63,3.00,0.19
685371,249.77,250.00,64,3.00,0.23
685471,249.79,250.00,59,3.00,0.21
685571,249.77,250.00,61,3.00,0.23
685671,249.78,250.00,59,3.00,0.22
685771,249.84,250.00,54,3.00,0.16
685871,249.85,250.00,59,3.00,0.15
685971,249.90,250.00,54,3.00,0.10
686071,249.88,250.00,61,3.00,0.12
686171,249.90,250.00,58,3.00,0.10
686271,249.88,250.00,61,3.00,0.12
686371,249.90,250.00,58,3.00,0.10
686471,249.89,250.00,60,3.00,0.11
686571,249.87,250.00,62,3.00,0.13
686671,249.92,250.00,55,3.00,0.08
686771,249.95,250.00,56,3.00,0.05
686871,249.99,250.00,55,3.00,0.01
686971,249.98,250.00,60,3.00,0.02
687071,250.00,250.00,58,3.00,0.00
687171,250.02,250.00,57,3.00,-0.02
687271,250.01,250.00,61,3.00,-0.01
687371,249.98,250.00,62,3.00,0.02
687471,249.96,250.00,62,3.00,0.04
687571,249.98,250.00,58,3.00,0.02
687671,249.97,250.00,60,3.00,0.03
687771,249.97,250.00,59,3.00,0.03
687871,250.00,250.00,56,3.00,0.00
687971,250.02,250.00,57,3.00,-0.02
688071,250.09,250.00,52,3.00,-0.09
688171,250.10,250.00,59,3.00,-0.10
688271,250.08,250.00,61,3.00,-0.08
688371,250.09,250.00,57,3.00,-0.09
688471,250.11,250.00,57,3.00,-0.11
688571,250.12,250.00,57,3.00,-0.12
688671,250.12,250.00,59,3.00,-0.12
688771,250.15,250.00,56,3.00,-0.15
688871,250.17,250.00,56,3.00,-0.17
688971,250.21,250.00,54,3.00,-0.21
689071,250.20,250.00,59,3.00,-0.20
689171,250.22,250.00,57,3.00,-0.22
689271,250.23,250.00,57,3.00,-0.23
689371,250.20,250.00,62,3.00,-0.20
689471,250.19,250.00,59,3.00,-0.19
689571,250.18,250.00,59,3.00,-0.18
689671,250.23,250.00,54,3.00,-0.23
689771,250.22,250.00,59,3.00,-0.22
689871,250.22,250.00,58,3.00,-0.22
689971,250.21,250.00,59,3.00,-0.21
690071,250.21,250.00,58,3.00,-0.21
690171,250.26,250.00,53,3.00,-0.26
690271,250.26,250.00,58,3.00,-0.26
690371,250.22,250.00,62,3.00,-0.22
690471,250.23,250.00,58,3.00,-0.23
690571,250.24,250.00,57,3.00,-0.24
690671,250.23,250.00,59,3.00,-0.23
690771,250.22,250.00,59,3.00,-0.22
690871,250.26,250.00,54,3.00,-0.26
690971,250.26,250.00,58,3.00,-0.26
691071,250.29,250.00,54,3.00,-0.29
691171,250.30,250.00,57,3.00,-0.30
691271,250.28,250.00,60,3.00,-0.28
691371,250.29,250.00,57,3.00,-0.29
691471,250.27,250.00,60,3.00,-0.27
691571,250.23,250.00,62,3.00,-0.23
691671,250.20,250.00,62,3.00,-0.20
691771,250.24,250.00,54,3.00,-0.24
691871,250.22,250.00,61,3.00,-0.22
691971,250.23,250.00,57,3.00,-0.23
692071,250.24,250.00,57,3.00,-0.24
692171,250.24,250.00,58,3.00,-0.24
692271,250.27,250.00,56,3.00,-0.27
692371,250.25,250.00,59,3.00,-0.25
692471,250.20,250.00,63,3.00,-0.20
692571,250.20,250.00,59,3.00,-0.20
692671,250.19,250.00,59,3.00,-0.19
692771,250.18,250.00,59,3.00,-0.18
692871,250.18,250.00,59,3.00,-0.18
692971,250.21,250.00,55,3.00,-0.21
693071,250.20,250.00,59,3.00,-0.20
693171,250.23,250.00,55,3.00,-0.23
693271,250.24,250.00,57,3.00,-0.24
693371,250.19,250.00,63,3.00,-0.19
693471,250.20,250.00,58,3.00,-0.20
693571,250.22,250.00,57,3.00,-0.22
693671,250.22,250.00,58,3.00,-0.22
693771,250.20,250.00,60,3.00,-0.20
693871,250.24,250.00,54,3.00,-0.24
693971,250.21,250.00,60,3.00,-0.21
694071,250.22,250.00,58,3.00,-0.22
694171,250.23,250.00,57,3.00,-0.23
694271,250.21,250.00,60,3.00,-0.21
694371,250.21,250.00,58,3.00,-0.21
694471,250.18,250.00,62,3.00,-0.18
694571,250.14,250.00,63,3.00,-0.14
694671,250.11,250.00,61,3.00,-0.11
694771,250.13,250.00,57,3.00,-0.13
694871,250.09,250.00,62,3.00,-0.09
694971,250.15,250.00,52,3.00,-0.15
695071,250.15,250.00,59,3.00,-0.15
695171,250.17,250.00,56,3.00,-0.17
695271,250.16,250.00,60,3.00,-0.16
695371,250.14,250.00,60,3.00,-0.14
695471,250.15,250.00,57,3.00,-0.15
695571,250.17,250.00,56,3.00,-0.17
695671,250.21,250.00,54,3.00,-0.21
695771,250.19,250.00,60,3.00,-0.19
695871,250.16,250.00,61,3.00,-0.16
695971,250.16,250.00,59,3.00,-0.16
696071,250.14,250.00,60,3.00,-0.14
696171,250.13,250.00,60,3.00,-0.13
696271,250.14,250.00,57,3.00,-0.14
696371,250.13,250.00,60,3.00,-0.13
696471,250.16,250.00,55,3.00,-0.16
696571,250.16,250.00,59,3.00,-0.16
696671,250.17,250.00,57,3.00,-0.17
696771,250.16,250.00,59,3.00,-0.16
696871,250.17,250.00,57,3.00,-0.17
696971,250.17,250.00,59,3.00,-0.17
697071,250.14,250.00,61,3.00,-0.14
697171,250.18,250.00,54,3.00,-0.18
697271,250.19,250.00,58,3.00,-0.19
697371,250.17,250.00,60,3.00,-0.17
697471,250.16,250.00,60,3.00,-0.16
697571,250.18,250.00,56,3.00,-0.18
697671,250.18,250.00,58,3.00,-0.18
697771,250.14,250.00,63,3.00,-0.14
697871,250.12,250.00,61,3.00,-0.12
697971,250.09,250.00,61,3.00,-0.09
698071,250.13,250.00,54,3.00,-0.13
698171,250.11,250.00,61,3.00,-0.11
698271,250.14,250.00,55,3.00,-0.14
698371,250.19,250.00,54,3.00,-0.19
698471,250.20,250.00,58,3.00,-0.20
698571,250.25,250.00,53,3.00,-0.25
698671,250.25,250.00,58,3.00,-0.25
698771,250.27,250.00,55,3.00,-0.27
698871,250.28,250.00,57,3.00,-0.28
698971,250.29,250.00,57,3.00,-0.29
699071,250.27,250.00,59,3.00,-0.27
699171,250.27,250.00,58,3.00,-0.27
699271,250.27,250.00,58,3.00,-0.27
699371,250.25,250.00,59,3.00,-0.25
699471,250.28,250.00,55,3.00,-0.28
699571,250.26,250.00,59,3.00,-0.26
699671,250.26,250.00,58,3.00,-0.26
699771,250.21,250.00,63,3.00,-0.21
699871,250.19,250.00,60,3.00,-0.19
699971,250.21,250.00,56,3.00,-0.21
700071,250.16,250.00,63,3.00,-0.16
700171,250.17,250.00,57,3.00,-0.17
700271,250.15,250.00,60,3.00,-0.15
700371,250.19,250.00,55,3.00,-0.19
700471,250.19,250.00,58,3.00,-0.19
700571,250.19,250.00,59,3.00,-0.19
700671,250.24,250.00,52,3.00,-0.24
700771,250.24,250.00,58,3.00,-0.24
700871,250.24,250.00,58,3.00,-0.24
700971,250.23,250.00,59,3.00,-0.23
701071,250.23,250.00,58,3.00,-0.23
701171,250.23,250.00,58,3.00,-0.23
701271,250.21,250.00,60,3.00,-0.21
701371,250.21,250.00,58,3.00,-0.21
701471,250.24,250.00,55,3.00,-0.24
701571,250.23,250.00,59,3.00,-0.23
701671,250.25,250.00,55,3.00,-0.25
701771,250.24,250.00,59,3.00,-0.24
701871,250.26,250.00,55,3.00,-0.26
701971,250.24,250.00,60,3.00,-0.24
702071,250.23,250.00,59,3.00,-0.23
702171,250.22,250.00,59,3.00,-0.22
702271,250.27,250.00,53,3.00,-0.27
702371,250.27,250.00,58,3.00,-0.27
702471,250.28,250.00,57,3.00,-0.28
702571,250.30,250.00,55,3.00,-0.30
702671,250.29,250.00,58,3.00,-0.29
702771,250.33,250.00,53,3.00,-0.33
702871,250.31,250.00,60,3.00,-0.31
702971,250.32,250.00,57,3.00,-0.32
703071,250.32,250.00,57,3.00,-0.32
703171,250.28,250.00,62,3.00,-0.28
703271,250.29,250.00,57,3.00,-0.29
703371,250.28,250.00,58,3.00,-0.28
703471,250.29,250.00,57,3.00,-0.29
703571,250.31,250.00,56,3.00,-0.31
703671,250.28,250.00,61,3.00,-0.28
703771,250.26,250.00,59,3.00,-0.26
703871,250.25,250.00,59,3.00,-0.25
703971,250.23,250.00,60,3.00,-0.23
704071,250.23,250.00,58,3.00,-0.23
704171,250.22,250.00,59,3.00,-0.22
704271,250.22,250.00,58,3.00,-0.22
704371,250.23,250.00,56,3.00,-0.23
704471,250.22,250.00,59,3.00,-0.22
704571,250.24,250.00,56,3.00,-0.24
704671,250.26,250.00,55,3.00,-0.26
704771,250.26,250.00,58,3.00,-0.26
704871,250.29,250.00,54,3.00,-0.29
704971,250.29,250.00,58,3.00,-0.29
705071,250.31,250.00,55,3.00,-0.31
705171,250.30,250.00,58,3.00,-0.30
705271,250.31,250.00,57,3.00,-0.31
705371,250.30,250.00,58,3.00,-0.30
705471,250.30,250.00,58,3.00,-0.30
705571,250.31,250.00,56,3.00,-0.31
705671,250.33,250.00,56,3.00,-0.33
705771,250.32,250.00,58,3.00,-0.32
705871,250.31,250.00,58,3.00,-0.31
705971,250.33,250.00,56,3.00,-0.33
706071,250.36,250.00,54,3.00,-0.36
706171,250.32,250.00,61,3.00,-0.32
706271,250.30,250.00,59,3.00,-0.30
706371,250.32,250.00,56,3.00,-0.32
706471,250.33,250.00,57,3.00,-0.33
706571,250.32,250.00,58,3.00,-0.32
706671,250.32,250.00,57,3.00,-0.32
706771,250.34,250.00,56,3.00,-0.34
706871,250.33,250.00,58,3.00,-0.33
706971,250.38,250.00,52,3.00,-0.38
707071,250.37,250.00,58,3.00,-0.37
707171,250.37,250.00,57,3.00,-0.37
707271,250.38,250.00,56,3.00,-0.38
707371,250.36,250.00,58,3.00,-0.36
707471,250.36,250.00,57,3.00,-0.36
707571,250.42,250.00,51,3.00,-0.42
707671,250.43,250.00,56,3.00,-0.43
707771,250.40,250.00,60,3.00,-0.40
707871,250.41,250.00,56,3.00,-0.41
707971,250.42,250.00,56,3.00,-0.42
708071,250.42,250.00,56,3.00,-0.42
708171,250.42,250.00,57,3.00,-0.42
708271,250.41,250.00,57,3.00,-0.41
708371,250.42,250.00,56,3.00,-0.42
708471,250.40,250.00,59,3.00,-0.40
708571,250.45,250.00,52,3.00,-0.45
708671,250.43,250.00,59,3.00,-0.43
708771,250.41,250.00,59,3.00,-0.41
708871,250.39,250.00,59,3.00,-0.39
708971,250.38,250.00,58,3.00,-0.38
709071,250.41,250.00,53,3.00,-0.41
709171,250.39,250.00,59,3.00,-0.39
709271,250.40,250.00,56,3.00,-0.40
709371,250.39,250.00,58,3.00,-0.39
709471,250.40,250.00,56,3.00,-0.40
709571,250.43,250.00,53,3.00,-0.43
709671,250.48,250.00,51,3.00,-0.48
709771,250.52,250.00,53,3.00,-0.52
709871,250.50,250.00,58,3.00,-0.50
709971,250.50,250.00,57,3.00,-0.50
710071,250.50,250.00,57,3.00,-0.50
710171,250.50,250.00,57,3.00,-0.50
710271,250.52,250.00,54,3.00,-0.52
710371,250.49,250.00,59,3.00,-0.49
710471,250.48,250.00,58,3.00,-0.48
710571,250.47,250.00,58,3.00,-0.47
710671,250.47,250.00,56,3.00,-0.47
710771,250.46,250.00,58,3.00,-0.46
710871,250.47,250.00,55,3.00,-0.47
710971,250.49,250.00,55,3.00,-0.49
711071,250.49,250.00,56,3.00,-0.49
711171,250.53,250.00,51,3.00,-0.53
711271,250.52,250.00,58,3.00,-0.52
711371,250.53,250.00,55,3.00,-0.53
711471,250.52,250.00,57,3.00,-0.52
711571,250.53,250.00,55,3.00,-0.53
711671,250.51,250.00,58,3.00,-0.51
711771,250.50,250.00,58,3.00,-0.50
711871,250.48,250.00,58,3.00,-0.48
711971,250.50,250.00,55,3.00,-0.50
712071,250.51,250.00,55,3.00,-0.51
712171,250.49,250.00,58,3.00,-0.49
712271,250.50,250.00,55,3.00,-0.50
712371,250.51,250.00,55,3.00,-0.51
712471,250.49,250.00,59,3.00,-0.49
712571,250.49,250.00,56,3.00,-0.49
712671,250.50,250.00,55,3.00,-0.50
712771,250.50,250.00,56,3.00,-0.50
712871,250.48,250.00,58,3.00,-0.48
712971,250.50,250.00,55,3.00,-0.50
713071,250.48,250.00,58,3.00,-0.48
713171,250.47,250.00,57,3.00,-0.47
713271,250.48,250.00,55,3.00,-0.48
713371,250.48,250.00,56,3.00,-0.48
713471,250.44,250.00,61,3.00,-0.44
713571,250.44,250.00,56,3.00,-0.44
713671,250.43,250.00,57,3.00,-0.43
713771,250.43,250.00,57,3.00,-0.43
713871,250.48,250.00,51,3.00,-0.48
713971,250.48,250.00,56,3.00,-0.48
714071,250.49,250.00,55,3.00,-0.49
714171,250.48,250.00,57,3.00,-0.48
714271,250.47,250.00,57,3.00,-0.47
714371,250.47,250.00,56,3.00,-0.47
714471,250.47,250.00,56,3.00,-0.47
714571,250.44,250.00,60,3.00,-0.44
714671,250.44,250.00,56,3.00,-0.44
714771,250.42,250.00,58,3.00,-0.42
714871,250.42,250.00,57,3.00,-0.42
714971,250.40,250.00,58,3.00,-0.40
715071,250.41,250.00,56,3.00,-0.41
715171,250.40,250.00,57,3.00,-0.40
715271,250.40,250.00,57,3.00,-0.40
715371,250.43,250.00,53,3.00,-0.43
715471,250.41,250.00,58,3.00,-0.41
715571,250.36,250.00,62,3.00,-0.36
715671,250.36,250.00,57,3.00,-0.36
715771,250.31,250.00,61,3.00,-0.31
715871,250.34,250.00,54,3.00,-0.34
715971,250.39,250.00,51,3.00,-0.39
716071,250.39,250.00,57,3.00,-0.39
716171,250.37,250.00,58,3.00,-0.37
716271,250.37,250.00,57,3.00,-0.37
716371,250.36,250.00,58,3.00,-0.36
716471,250.35,250.00,58,3.00,-0.35
716571,250.30,250.00,61,3.00,-0.30
716671,250.27,250.00,60,3.00,-0.27
716771,250.28,250.00,56,3.00,-0.28
716871,250.27,250.00,58,3.00,-0.27
716971,250.32,250.00,51,3.00,-0.32
717071,250.30,250.00,59,3.00,-0.30
717171,250.31,250.00,56,3.00,-0.31
717271,250.29,250.00,59,3.00,-0.29
717371,250.27,250.00,58,3.00,-0.27
717471,250.32,250.00,52,3.00,-0.32
717571,250.30,250.00,59,3.00,-0.30
717671,250.31,250.00,56,3.00,-0.31
717771,250.31,250.00,56,3.00,-0.31
717871,250.31,250.00,57,3.00,-0.31
717971,250.32,250.00,55,3.00,-0.32
718071,250.36,250.00,52,3.00,-0.36
718171,250.36,250.00,56,3.00,-0.36
718271,250.39,250.00,54,3.00,-0.39
718371,250.42,250.00,53,3.00,-0.42
718471,250.42,250.00,57,3.00,-0.42
718571,250.41,250.00,57,3.00,-0.41
718671,250.43,250.00,54,3.00,-0.43
718771,250.43,250.00,56,3.00,-0.43
718871,250.40,250.00,59,3.00,-0.40
718971,250.41,250.00,55,3.00,-0.41
719071,250.46,250.00,52,3.00,-0.46
719171,250.43,250.00,58,3.00,-0.43
719271,250.44,250.00,56,3.00,-0.44
719371,250.47,250.00,53,3.00,-0.47
719471,250.45,250.00,58,3.00,-0.45
719571,250.46,250.00,54,3.00,-0.46
719671,250.44,250.00,58,3.00,-0.44
719771,250.44,250.00,56,3.00,-0.44
719871,250.44,250.00,57,3.00,-0.44
719971,250.44,250.00,56,3.00,-0.44
720071,250.46,250.00,54,3.00,-0.46
720171,250.44,250.00,58,3.00,-0.44
720271,250.42,250.00,58,3.00,-0.42
720371,250.40,250.00,58,3.00,-0.40
720471,250.40,250.00,56,3.00,-0.40
720571,250.38,250.00,58,3.00,-0.38
720671,250.39,250.00,55,3.00,-0.39
720771,250.39,250.00,56,3.00,-0.39
720871,250.37,250.00,58,3.00,-0.37
720971,250.36,250.00,58,3.00,-0.36
721071,250.34,250.00,59,3.00,-0.34
721171,250.33,250.00,57,3.00,-0.33
721271,250.31,250.00,58,3.00,-0.31
721371,250.29,250.00,58,3.00,-0.29
721471,250.27,250.00,58,3.00,-0.27
721571,250.26,250.00,58,3.00,-0.26
721671,250.24,250.00,58,3.00,-0.24
721771,250.23,250.00,58,3.00,-0.23
721871,250.23,250.00,57,3.00,-0.23
721971,250.22,250.00,58,3.00,-0.22
722071,250.22,250.00,57,3.00,-0.22
722171,250.20,250.00,59,3.00,-0.20
722271,250.19,250.00,58,3.00,-0.19
722371,250.21,250.00,55,3.00,-0.21
722471,250.23,250.00,55,3.00,-0.23
722571,250.20,250.00,59,3.00,-0.20
722671,250.18,250.00,59,3.00,-0.18
722771,250.17,250.00,59,3.00,-0.17
722871,250.17,250.00,56,3.00,-0.17
722971,250.16,250.00,59,3.00,-0.16
723071,250.15,250.00,57,3.00,-0.15
723171,250.13,250.00,60,3.00,-0.13
723271,250.11,250.00,58,3.00,-0.11
723371,250.09,250.00,60,3.00,-0.09
723471,250.08,250.00,58,3.00,-0.08
723571,250.04,250.00,62,3.00,-0.04
723671,250.04,250.00,58,3.00,-0.04
723771,250.02,250.00,59,3.00,-0.02
723871,250.02,250.00,58,3.00,-0.02
723971,250.03,250.00,56,3.00,-0.03
724071,250.02,250.00,59,3.00,-0.02
724171,250.03,250.00,56,3.00,-0.03
724271,250.01,250.00,59,3.00,-0.01
724371,250.01,250.00,58,3.00,-0.01
724471,250.01,250.00,58,3.00,-0.01
724571,250.02,250.00,56,3.00,-0.02
724671,250.01,250.00,59,3.00,-0.01
724771,250.01,250.00,58,3.00,-0.01
724871,250.01,250.00,58,3.00,-0.01
724971,249.98,250.00,60,3.00,0.02
725071,249.97,250.00,59,3.00,0.03
725171,249.96,250.00,59,3.00,0.04
725271,249.94,250.00,60,3.00,0.06
725371,249.94,250.00,58,3.00,0.06
725471,249.92,250.00,60,3.00,0.08
725571,249.92,250.00,58,3.00,0.08
725671,249.90,250.00,60,3.00,0.10
725771,249.90,250.00,58,3.00,0.10
725871,249.95,250.00,53,3.00,0.05
725971,249.94,250.00,58,3.00,0.06
726071,249.95,250.00,57,3.00,0.05
726171,249.93,250.00,60,3.00,0.07
726271,249.91,250.00,60,3.00,0.09
726371,249.90,250.00,59,3.00,0.10
726471,249.89,250.00,59,3.00,0.11
726571,249.87,250.00,59,3.00,0.13
726671,249.90,250.00,56,3.00,0.10
726771,249.89,250.00,59,3.00,0.11
726871,249.86,250.00,61,3.00,0.14
726971,249.88,250.00,57,3.00,0.12
727071,249.88,250.00,58,3.00,0.12
727171,249.84,250.00,62,3.00,0.16
727271,249.82,250.00,60,3.00,0.18
727371,249.78,250.00,63,3.00,0.22
727471,249.78,250.00,59,3.00,0.22
727571,249.75,250.00,61,3.00,0.25
727671,249.77,250.00,57,3.00,0.23
727771,249.79,250.00,56,3.00,0.21
727871,249.78,250.00,60,3.00,0.22
727971,249.82,250.00,54,3.00,0.18
728071,249.79,250.00,61,3.00,0.21
728171,249.80,250.00,58,3.00,0.20
728271,249.81,250.00,58,3.00,0.19
728371,249.83,250.00,56,3.00,0.17
728471,249.84,250.00,58,3.00,0.16
728571,249.83,250.00,59,3.00,0.17
728671,249.82,250.00,59,3.00,0.18
728771,249.84,250.00,56,3.00,0.16
728871,249.83,250.00,59,3.00,0.17
728971,249.84,250.00,58,3.00,0.16
729071,249.86,250.00,57,3.00,0.14
729171,249.85,250.00,59,3.00,0.15
729271,249.81,250.00,62,3.00,0.19
729371,249.81,250.00,59,3.00,0.19
729471,249.77,250.00,63,3.00,0.23
729571,249.78,250.00,57,3.00,0.22
729671,249.77,250.00,60,3.00,0.23
729771,249.77,250.00,59,3.00,0.23
729871,249.79,250.00,56,3.00,0.21
729971,249.78,250.00,60,3.00,0.22
730071,249.82,250.00,54,3.00,0.18
730171,249.81,250.00,60,3.00,0.19
730271,249.77,250.00,63,3.00,0.23
730371,249.75,250.00,60,3.00,0.25
730471,249.76,250.00,59,3.00,0.24
730571,249.79,250.00,55,3.00,0.21
730671,249.77,250.00,61,3.00,0.23
730771,249.79,250.00,56,3.00,0.21
730871,249.81,250.00,56,3.00,0.19
730971,249.84,250.00,55,3.00,0.16
731071,249.84,250.00,59,3.00,0.16
731171,249.84,250.00,58,3.00,0.16
731271,249.84,250.00,58,3.00,0.16
731371,249.80,250.00,63,3.00,0.20
731471,249.77,250.00,61,3.00,0.23
731571,249.73,250.00,64,3.00,0.27
731671,249.78,250.00,53,3.00,0.22
731771,249.75,250.00,61,3.00,0.25
731871,249.75,250.00,59,3.00,0.25
731971,249.79,250.00,55,3.00,0.21
732071,249.78,250.00,60,3.00,0.22
732171,249.81,250.00,55,3.00,0.19
732271,249.77,250.00,63,3.00,0.23
732371,249.72,250.00,64,3.00,0.28
732471,249.70,250.00,61,3.00,0.30
732571,249.71,250.00,58,3.00,0.29
732671,249.73,250.00,57,3.00,0.27
732771,249.70,250.00,62,3.00,0.30
732871,249.69,250.00,60,3.00,0.31
732971,249.71,250.00,57,3.00,0.29
733071,249.70,250.00,60,3.00,0.30
733171,249.70,250.00,60,3.00,0.30
733271,249.71,250.00,58,3.00,0.29
733371,249.71,250.00,58,3.00,0.29
733471,249.68,250.00,62,3.00,0.32
733571,249.69,250.00,58,3.00,0.31
733671,249.70,250.00,58,3.00,0.30
733771,249.69,250.00,60,3.00,0.31
733871,249.68,250.00,61,3.00,0.32
733971,249.67,250.00,59,3.00,0.33
734071,249.62,250.00,64,3.00,0.38
734171,249.57,250.00,65,3.00,0.43
734271,249.61,250.00,55,3.00,0.39
734371,249.59,250.00,62,3.00,0.41
734471,249.60,250.00,59,3.00,0.40
734571,249.58,250.00,61,3.00,0.42
734671,249.57,250.00,60,3.00,0.43
734771,249.58,250.00,59,3.00,0.42
734871,249.56,250.00,61,3.00,0.44
734971,249.57,250.00,59,3.00,0.43
735071,249.59,250.00,58,3.00,0.41
735171,249.58,250.00,60,3.00,0.42
735271,249.59,250.00,59,3.00,0.41
735371,249.57,250.00,61,3.00,0.43
735471,249.59,250.00,58,3.00,0.41
735571,249.57,250.00,61,3.00,0.43
735671,249.55,250.00,63,3.00,0.45
735771,249.52,250.00,62,3.00,0.48
735871,249.52,250.00,60,3.00,0.48
735971,249.50,250.00,62,3.00,0.50
736071,249.51,250.00,58,3.00,0.49
736171,249.54,250.00,57,3.00,0.46
736271,249.53,250.00,61,3.00,0.47
736371,249.51,250.00,61,3.00,0.49
736471,249.49,250.00,62,3.00,0.51
736571,249.51,250.00,58,3.00,0.49
736671,249.50,250.00,61,3.00,0.50
736771,249.51,250.00,59,3.00,0.49
736871,249.48,250.00,64,3.00,0.52
736971,249.46,250.00,62,3.00,0.54
737071,249.49,250.00,57,3.00,0.51
737171,249.54,250.00,55,3.00,0.46
737271,249.55,250.00,59,3.00,0.45
737371,249.56,250.00,59,3.00,0.44
737471,249.59,250.00,56,3.00,0.41
737571,249.62,250.00,57,3.00,0.38
737671,249.60,250.00,62,3.00,0.40
737771,249.59,250.00,60,3.00,0.41
737871,249.62,250.00,57,3.00,0.38
737971,249.64,250.00,58,3.00,0.36
738071,249.63,250.00,61,3.00,0.37
738171,249.63,250.00,59,3.00,0.37
738271,249.65,250.00,57,3.00,0.35
738371,249.65,250.00,60,3.00,0.35
738471,249.68,250.00,57,3.00,0.32
738571,249.67,250.00,60,3.00,0.33
738671,249.64,250.00,63,3.00,0.36
738771,249.63,250.00,61,3.00,0.37
738871,249.64,250.00,58,3.00,0.36
738971,249.64,250.00,60,3.00,0.36
739071,249.64,250.00,60,3.00,0.36
739171,249.64,250.00,60,3.00,0.36
739271,249.67,250.00,57,3.00,0.33
739371,249.70,250.00,56,3.00,0.30
739471,249.69,250.00,60,3.00,0.31
739571,249.70,250.00,59,3.00,0.30
739671,249.70,250.00,60,3.00,0.30
739771,249.67,250.00,62,3.00,0.33
739871,249.64,250.00,62,3.00,0.36
739971,249.61,250.00,63,3.00,0.39
740071,249.62,250.00,58,3.00,0.38
740171,249.63,250.00,59,3.00,0.37
740271,249.63,250.00,60,3.00,0.37
740371,249.67,250.00,56,3.00,0.33
740471,249.68,250.00,59,3.00,0.32
740571,249.65,250.00,62,3.00,0.35
740671,249.64,250.00,61,3.00,0.36
740771,249.65,250.00,58,3.00,0.35
740871,249.65,250.00,60,3.00,0.35
740971,249.66,250.00,58,3.00,0.34
741071,249.66,250.00,60,3.00,0.34
741171,249.66,250.00,60,3.00,0.34
741271,249.67,250.00,59,3.00,0.33
741371,249.70,250.00,56,3.00,0.30
741471,249.70,250.00,60,3.00,0.30
741571,249.69,250.00,60,3.00,0.31
741671,249.71,250.00,58,3.00,0.29
741771,249.73,250.00,58,3.00,0.27
741871,249.70,250.00,63,3.00,0.30
741971,249.68,250.00,61,3.00,0.32
742071,249.68,250.00,60,3.00,0.32
742171,249.73,250.00,54,3.00,0.27
742271,249.71,250.00,62,3.00,0.29
742371,249.72,250.00,59,3.00,0.28
742471,249.76,250.00,55,3.00,0.24
742571,249.75,250.00,60,3.00,0.25
742671,249.73,250.00,62,3.00,0.27
742771,249.72,250.00,60,3.00,0.28
742871,249.71,250.00,60,3.00,0.29
742971,249.69,250.00,61,3.00,0.31
743071,249.70,250.00,59,3.00,0.30
743171,249.71,250.00,59,3.00,0.29
743271,249.76,250.00,54,3.00,0.24
743371,249.77,250.00,58,3.00,0.23
743471,249.74,250.00,63,3.00,0.26
743571,249.73,250.00,60,3.00,0.27
743671,249.76,250.00,57,3.00,0.24
743771,249.76,250.00,59,3.00,0.24
743871,249.75,250.00,61,3.00,0.25
743971,249.70,250.00,64,3.00,0.30
744071,249.71,250.00,59,3.00,0.29
744171,249.68,250.00,63,3.00,0.32
744271,249.72,250.00,55,3.00,0.28
744371,249.77,250.00,54,3.00,0.23
744471,249.76,250.00,61,3.00,0.24
744571,249.80,250.00,56,3.00,0.20
744671,249.77,250.00,62,3.00,0.23
744771,249.73,250.00,63,3.00,0.27
744871,249.71,250.00,62,3.00,0.29
744971,249.67,250.00,64,3.00,0.33
745071,249.65,250.00,62,3.00,0.35
745171,249.66,250.00,59,3.00,0.34
745271,249.68,250.00,57,3.00,0.32
745371,249.72,250.00,55,3.00,0.28
745471,249.71,250.00,62,3.00,0.29
745571,249.71,250.00,59,3.00,0.29
745671,249.69,250.00,62,3.00,0.31
745771,249.66,250.00,63,3.00,0.34
745871,249.64,250.00,62,3.00,0.36
745971,249.64,250.00,60,3.00,0.36
746071,249.59,250.00,65,3.00,0.41
746171,249.59,250.00,61,3.00,0.41
746271,249.58,250.00,61,3.00,0.42
746371,249.59,250.00,60,3.00,0.41
746471,249.57,250.00,62,3.00,0.43
746571,249.58,250.00,59,3.00,0.42
746671,249.60,250.00,58,3.00,0.40
746771,249.59,250.00,61,3.00,0.41
746871,249.63,250.00,56,3.00,0.37
746971,249.62,250.00,61,3.00,0.38
747071,249.58,250.00,65,3.00,0.42
747171,249.58,250.00,60,3.00,0.42
747271,249.58,250.00,61,3.00,0.42
747371,249.60,250.00,58,3.00,0.40
747471,249.64,250.00,56,3.00,0.36
747571,249.61,250.00,62,3.00,0.39
747671,249.61,250.00,61,3.00,0.39
747771,249.55,250.00,66,3.00,0.45
747871,249.53,250.00,63,3.00,0.47
747971,249.50,250.00,63,3.00,0.50
748071,249.49,250.00,62,3.00,0.51
748171,249.45,250.00,65,3.00,0.55
748271,249.42,250.00,64,3.00,0.58
748371,249.42,250.00,61,3.00,0.58
748471,249.37,250.00,66,3.00,0.63
748571,249.33,250.00,66,3.00,0.67
748671,249.33,250.00,62,3.00,0.67
748771,249.35,250.00,59,3.00,0.65
748871,249.33,250.00,63,3.00,0.67
748971,249.31,250.00,63,3.00,0.69
749071,249.31,250.00,62,3.00,0.69
749171,249.26,250.00,67,3.00,0.74
749271,249.25,250.00,63,3.00,0.75
749371,249.27,250.00,60,3.00,0.73
749471,249.26,250.00,63,3.00,0.74
749571,249.24,250.00,64,3.00,0.76
749671,249.23,250.00,63,3.00,0.77
749771,249.24,250.00,61,3.00,0.76
749871,249.22,250.00,64,3.00,0.78
749971,249.20,250.00,64,3.00,0.80
750071,249.20,250.00,62,3.00,0.80
750171,249.19,250.00,64,3.00,0.81
750271,249.15,250.00,66,3.00,0.85
750371,249.15,250.00,62,3.00,0.85
750471,249.13,250.00,65,3.00,0.87
750571,249.12,250.00,63,3.00,0.88
750671,249.12,250.00,63,3.00,0.88
750771,249.15,250.00,59,3.00,0.85
750871,249.15,250.00,62,3.00,0.85
750971,249.13,250.00,65,3.00,0.87
751071,249.11,250.00,64,3.00,0.89
751171,249.12,250.00,62,3.00,0.88
751271,249.07,250.00,67,3.00,0.93
751371,249.08,250.00,62,3.00,0.92
751471,249.09,250.00,62,3.00,0.91
751571,249.10,250.00,62,3.00,0.90
751671,249.07,250.00,66,3.00,0.93
751771,249.07,250.00,63,3.00,0.93
751871,249.04,250.00,67,3.00,0.96
751971,249.03,250.00,64,3.00,0.97
752071,249.04,250.00,61,3.00,0.96
752171,249.03,250.00,64,3.00,0.97
752271,249.02,250.00,64,3.00,0.98
752371,249.00,250.00,65,3.00,1.00
752471,248.99,250.00,64,3.00,1.01
752571,248.99,250.00,64,3.00,1.01
752671,248.96,250.00,66,3.00,1.04
752771,248.96,250.00,64,3.00,1.04
752871,248.95,250.00,65,3.00,1.05
752971,248.97,250.00,61,3.00,1.03
753071,248.97,250.00,64,3.00,1.03
753171,249.02,250.00,58,3.00,0.98
753271,249.01,250.00,64,3.00,0.99
753371,249.02,250.00,63,3.00,0.98
753471,249.00,250.00,65,3.00,1.00
753571,249.02,250.00,62,3.00,0.98
753671,249.02,250.00,63,3.00,0.98
753771,249.02,250.00,63,3.00,0.98
753871,249.04,250.00,62,3.00,0.96
753971,249.05,250.00,62,3.00,0.95
754071,249.04,250.00,64,3.00,0.96
754171,249.03,250.00,64,3.00,0.97
754271,249.06,250.00,61,3.00,0.94
754371,249.08,250.00,61,3.00,0.92
754471,249.09,250.00,62,3.00,0.91
754571,249.10,250.00,62,3.00,0.90
754671,249.06,250.00,67,3.00,0.94
754771,249.07,250.00,62,3.00,0.93
754871,249.07,250.00,63,3.00,0.93
754971,249.07,250.00,63,3.00,0.93
755071,249.05,250.00,65,3.00,0.95
755171,249.04,250.00,65,3.00,0.96
755271,249.09,250.00,58,3.00,0.91
755371,249.09,250.00,64,3.00,0.91
755471,249.10,250.00,62,3.00,0.90
755571,249.08,250.00,65,3.00,0.92
755671,249.07,250.00,65,3.00,0.93
755771,249.08,250.00,62,3.00,0.92
755871,249.06,250.00,65,3.00,0.94
755971,249.09,250.00,61,3.00,0.91
756071,249.08,250.00,64,3.00,0.92
756171,249.12,250.00,60,3.00,0.88
756271,249.15,250.00,60,3.00,0.85
756371,249.18,250.00,59,3.00,0.82
756471,249.23,250.00,58,3.00,0.77
756571,249.25,250.00,61,3.00,0.75
756671,249.24,250.00,64,3.00,0.76
756771,249.25,250.00,62,3.00,0.75
756871,249.24,250.00,64,3.00,0.76
756971,249.24,250.00,62,3.00,0.76
757071,249.24,250.00,64,3.00,0.76
757171,249.28,250.00,59,3.00,0.72
757271,249.28,250.00,63,3.00,0.72
757371,249.33,250.00,58,3.00,0.67
757471,249.34,250.00,62,3.00,0.66
757571,249.32,250.00,64,3.00,0.68
757671,249.33,250.00,62,3.00,0.67
757771,249.36,250.00,59,3.00,0.64
757871,249.37,250.00,62,3.00,0.63
757971,249.37,250.00,62,3.00,0.63
758071,249.39,250.00,61,3.00,0.61
758171,249.42,250.00,58,3.00,0.58
758271,249.48,250.00,56,3.00,0.52
758371,249.48,250.00,63,3.00,0.52
758471,249.48,250.00,61,3.00,0.52
758571,249.49,250.00,62,3.00,0.51
758671,249.47,250.00,64,3.00,0.53
758771,249.46,250.00,63,3.00,0.54
758871,249.46,250.00,63,3.00,0.54
758971,249.51,250.00,56,3.00,0.49
759071,249.50,250.00,63,3.00,0.50
759171,249.53,250.00,59,3.00,0.47
759271,249.56,250.00,58,3.00,0.44
759371,249.55,250.00,63,3.00,0.45
759471,249.55,250.00,62,3.00,0.45
759571,249.54,250.00,62,3.00,0.46
759671,249.52,250.00,64,3.00,0.48
759771,249.52,250.00,62,3.00,0.48
759871,249.54,250.00,59,3.00,0.46
759971,249.58,250.00,58,3.00,0.42
760071,249.65,250.00,55,3.00,0.35
760171,249.65,250.00,61,3.00,0.35
760271,249.67,250.00,59,3.00,0.33
760371,249.69,250.00,59,3.00,0.31
760471,249.69,250.00,62,3.00,0.31
760571,249.71,250.00,59,3.00,0.29
760671,249.72,250.00,59,3.00,0.28
760771,249.69,250.00,64,3.00,0.31
760871,249.66,250.00,64,3.00,0.34
760971,249.67,250.00,60,3.00,0.33
761071,249.74,250.00,54,3.00,0.26
761171,249.70,250.00,66,3.00,0.30
761271,249.71,250.00,61,3.00,0.29
761371,249.75,250.00,57,3.00,0.25
761471,249.74,250.00,62,3.00,0.26
761571,249.76,250.00,58,3.00,0.24
761671,249.78,250.00,60,3.00,0.22
761771,249.74,250.00,65,3.00,0.26
761871,249.73,250.00,62,3.00,0.27
761971,249.75,250.00,60,3.00,0.25
762071,249.78,250.00,57,3.00,0.22
762171,249.77,250.00,62,3.00,0.23
762271,249.76,250.00,62,3.00,0.24
762371,249.78,250.00,59,3.00,0.22
762471,249.80,250.00,59,3.00,0.20
762571,249.79,250.00,63,3.00,0.21
762671,249.79,250.00,61,3.00,0.21
762771,249.78,250.00,61,3.00,0.22
762871,249.75,250.00,65,3.00,0.25
762971,249.73,250.00,63,3.00,0.27
763071,249.75,250.00,58,3.00,0.25
763171,249.77,250.00,60,3.00,0.23
763271,249.75,250.00,62,3.00,0.25
763371,249.78,250.00,59,3.00,0.22
763471,249.80,250.00,59,3.00,0.20
763571,249.80,250.00,61,3.00,0.20
763671,249.85,250.00,55,3.00,0.15
763771,249.83,250.00,63,3.00,0.17
763871,249.79,250.00,65,3.00,0.21
763971,249.79,250.00,61,3.00,0.21
764071,249.80,250.00,60,3.00,0.20
764171,249.84,250.00,56,3.00,0.16
764271,249.80,250.00,65,3.00,0.20
764371,249.84,250.00,56,3.00,0.16
764471,249.87,250.00,58,3.00,0.13
764571,249.86,250.00,62,3.00,0.14
764671,249.85,250.00,62,3.00,0.15
764771,249.87,250.00,59,3.00,0.13
764871,249.89,250.00,58,3.00,0.11
764971,249.92,250.00,58,3.00,0.08
765071,249.92,250.00,60,3.00,0.08
765171,249.90,250.00,63,3.00,0.10
765271,249.90,250.00,61,3.00,0.10
765371,249.88,250.00,62,3.00,0.12
765471,249.90,250.00,59,3.00,0.10
765571,249.91,250.00,60,3.00,0.09
765671,249.88,250.00,63,3.00,0.12
765771,249.93,250.00,56,3.00,0.07
765871,249.89,250.00,65,3.00,0.11
765971,249.85,250.00,64,3.00,0.15
766071,249.84,250.00,62,3.00,0.16
766171,249.86,250.00,59,3.00,0.14
766271,249.87,250.00,59,3.00,0.13
766371,249.90,250.00,58,3.00,0.10
766471,249.92,250.00,58,3.00,0.08
766571,249.95,250.00,57,3.00,0.05
766671,249.96,250.00,60,3.00,0.04
766771,249.99,250.00,57,3.00,0.01
766871,250.01,250.00,58,3.00,-0.01
766971,250.04,250.00,58,3.00,-0.04
767071,250.04,250.00,59,3.00,-0.04
767171,250.04,250.00,60,3.00,-0.04
767271,250.04,250.00,60,3.00,-0.04
767371,250.09,250.00,54,3.00,-0.09
767471,250.07,250.00,62,3.00,-0.07
767571,250.08,250.00,59,3.00,-0.08
767671,250.12,250.00,56,3.00,-0.12
767771,250.12,250.00,60,3.00,-0.12
767871,250.17,250.00,55,3.00,-0.17
767971,250.16,250.00,60,3.00,-0.16
768071,250.12,250.00,64,3.00,-0.12
768171,250.11,250.00,61,3.00,-0.11
768271,250.11,250.00,60,3.00,-0.11
768371,250.14,250.00,57,3.00,-0.14
768471,250.14,250.00,60,3.00,-0.14
768571,250.14,250.00,60,3.00,-0.14
768671,250.16,250.00,57,3.00,-0.16
768771,250.19,250.00,56,3.00,-0.19
768871,250.17,250.00,61,3.00,-0.17
768971,250.17,250.00,60,3.00,-0.17
769071,250.19,250.00,57,3.00,-0.19
769171,250.18,250.00,60,3.00,-0.18
769271,250.16,250.00,61,3.00,-0.16
769371,250.18,250.00,57,3.00,-0.18
769471,250.19,250.00,59,3.00,-0.19
769571,250.18,250.00,60,3.00,-0.18
769671,250.20,250.00,58,3.00,-0.20
769771,250.23,250.00,56,3.00,-0.23
769871,250.22,250.00,60,3.00,-0.22
769971,250.26,250.00,55,3.00,-0.26
770071,250.24,250.00,61,3.00,-0.24
770171,250.26,250.00,58,3.00,-0.26
770271,250.27,250.00,58,3.00,-0.27
770371,250.25,250.00,61,3.00,-0.25
770471,250.24,250.00,60,3.00,-0.24
770571,250.30,250.00,53,3.00,-0.30
770671,250.33,250.00,56,3.00,-0.33
770771,250.35,250.00,57,3.00,-0.35
770871,250.31,250.00,62,3.00,-0.31
770971,250.30,250.00,60,3.00,-0.30
771071,250.32,250.00,57,3.00,-0.32
771171,250.34,250.00,57,3.00,-0.34
771271,250.33,250.00,60,3.00,-0.33
771371,250.31,250.00,61,3.00,-0.31
771471,250.31,250.00,58,3.00,-0.31
771571,250.31,250.00,60,3.00,-0.31
771671,250.29,250.00,61,3.00,-0.29
771771,250.28,250.00,59,3.00,-0.28
771871,250.30,250.00,57,3.00,-0.30
771971,250.30,250.00,60,3.00,-0.30
772071,250.34,250.00,54,3.00,-0.34
772171,250.32,250.00,61,3.00,-0.32
772271,250.34,250.00,57,3.00,-0.34
772371,250.31,250.00,61,3.00,-0.31
772471,250.32,250.00,58,3.00,-0.32
772571,250.31,250.00,60,3.00,-0.31
772671,250.29,250.00,61,3.00,-0.29
772771,250.32,250.00,56,3.00,-0.32
772871,250.34,250.00,57,3.00,-0.34
772971,250.33,250.00,60,3.00,-0.33
773071,250.32,250.00,60,3.00,-0.32
773171,250.34,250.00,57,3.00,-0.34
773271,250.35,250.00,57,3.00,-0.35
773371,250.34,250.00,60,3.00,-0.34
773471,250.32,250.00,61,3.00,-0.32
773571,250.30,250.00,61,3.00,-0.30
773671,250.31,250.00,58,3.00,-0.31
773771,250.30,250.00,59,3.00,-0.30
773871,250.31,250.00,58,3.00,-0.31
773971,250.30,250.00,59,3.00,-0.30
774071,250.33,250.00,56,3.00,-0.33
774171,250.39,250.00,52,3.00,-0.39
774271,250.40,250.00,57,3.00,-0.40
774371,250.42,250.00,56,3.00,-0.42
774471,250.44,250.00,56,3.00,-0.44
774571,250.46,250.00,57,3.00,-0.46
774671,250.47,250.00,57,3.00,-0.47
774771,250.47,250.00,58,3.00,-0.47
774871,250.50,250.00,55,3.00,-0.50
774971,250.52,250.00,56,3.00,-0.52
775071,250.52,250.00,58,3.00,-0.52
775171,250.51,250.00,58,3.00,-0.51
775271,250.50,250.00,59,3.00,-0.50
775371,250.52,250.00,56,3.00,-0.52
775471,250.51,250.00,59,3.00,-0.51
775571,250.52,250.00,57,3.00,-0.52
775671,250.54,250.00,56,3.00,-0.54
775771,250.51,250.00,61,3.00,-0.51
775871,250.50,250.00,58,3.00,-0.50
775971,250.53,250.00,56,3.00,-0.53
776071,250.53,250.00,57,3.00,-0.53
776171,250.53,250.00,58,3.00,-0.53
776271,250.57,250.00,53,3.00,-0.57
776371,250.58,250.00,57,3.00,-0.58
776471,250.58,250.00,57,3.00,-0.58
776571,250.56,250.00,60,3.00,-0.56
776671,250.55,250.00,58,3.00,-0.55
776771,250.53,250.00,60,3.00,-0.53
776871,250.57,250.00,53,3.00,-0.57
776971,250.59,250.00,56,3.00,-0.59
777071,250.59,250.00,57,3.00,-0.59
777171,250.57,250.00,60,3.00,-0.57
777271,250.56,250.00,58,3.00,-0.56
777371,250.56,250.00,57,3.00,-0.56
777471,250.57,250.00,57,3.00,-0.57
777571,250.55,250.00,60,3.00,-0.55
777671,250.55,250.00,57,3.00,-0.55
777771,250.57,250.00,56,3.00,-0.57
777871,250.56,250.00,58,3.00,-0.56
777971,250.54,250.00,59,3.00,-0.54
778071,250.55,250.00,57,3.00,-0.55
778171,250.51,250.00,62,3.00,-0.51
778271,250.49,250.00,59,3.00,-0.49
778371,250.51,250.00,55,3.00,-0.51
778471,250.50,250.00,59,3.00,-0.50
778571,250.50,250.00,58,3.00,-0.50
778671,250.48,250.00,59,3.00,-0.48
778771,250.48,250.00,58,3.00,-0.48
778871,250.50,250.00,56,3.00,-0.50
778971,250.54,250.00,53,3.00,-0.54
779071,250.54,250.00,58,3.00,-0.54
779171,250.53,250.00,58,3.00,-0.53
779271,250.49,250.00,62,3.00,-0.49
779371,250.48,250.00,59,3.00,-0.48
779471,250.49,250.00,56,3.00,-0.49
779571,250.49,250.00,58,3.00,-0.49
779671,250.45,250.00,61,3.00,-0.45
779771,250.46,250.00,57,3.00,-0.46
779871,250.47,250.00,56,3.00,-0.47
779971,250.48,250.00,56,3.00,-0.48
780071,250.47,250.00,59,3.00,-0.47
780171,250.49,250.00,56,3.00,-0.49
780271,250.49,250.00,58,3.00,-0.49
780371,250.47,250.00,59,3.00,-0.47
780471,250.50,250.00,55,3.00,-0.50
780571,250.48,250.00,59,3.00,-0.48
780671,250.48,250.00,58,3.00,-0.48
780771,250.48,250.00,58,3.00,-0.48
780871,250.47,250.00,59,3.00,-0.47
780971,250.47,250.00,57,3.00,-0.47
781071,250.46,250.00,59,3.00,-0.46
781171,250.49,250.00,55,3.00,-0.49
781271,250.49,250.00,58,3.00,-0.49
781371,250.49,250.00,58,3.00,-0.49
781471,250.50,250.00,56,3.00,-0.50
781571,250.49,250.00,59,3.00,-0.49
781671,250.50,250.00,56,3.00,-0.50
781771,250.48,250.00,59,3.00,-0.48
781871,250.46,250.00,60,3.00,-0.46
781971,250.46,250.00,57,3.00,-0.46
782071,250.46,250.00,57,3.00,-0.46
782171,250.45,250.00,59,3.00,-0.45
782271,250.46,250.00,57,3.00,-0.46
782371,250.45,250.00,59,3.00,-0.45
782471,250.44,250.00,58,3.00,-0.44
782571,250.48,250.00,53,3.00,-0.48
782671,250.47,250.00,59,3.00,-0.47
782771,250.48,250.00,56,3.00,-0.48
782871,250.47,250.00,59,3.00,-0.47
782971,250.47,250.00,57,3.00,-0.47
783071,250.46,250.00,59,3.00,-0.46
783171,250.45,250.00,58,3.00,-0.45
783271,250.48,250.00,55,3.00,-0.48
783371,250.49,250.00,56,3.00,-0.49
783471,250.50,250.00,56,3.00,-0.50
783571,250.50,250.00,57,3.00,-0.50
783671,250.52,250.00,55,3.00,-0.52
783771,250.54,250.00,55,3.00,-0.54
783871,250.52,250.00,59,3.00,-0.52
783971,250.51,250.00,59,3.00,-0.51
784071,250.52,250.00,56,3.00,-0.52
784171,250.51,250.00,58,3.00,-0.51
784271,250.50,250.00,59,3.00,-0.50
784371,250.50,250.00,57,3.00,-0.50
784471,250.50,250.00,57,3.00,-0.50
784571,250.50,250.00,57,3.00,-0.50
784671,250.53,250.00,54,3.00,-0.53
784771,250.51,250.00,59,3.00,-0.51
784871,250.47,250.00,61,3.00,-0.47
784971,250.49,250.00,56,3.00,-0.49
785071,250.48,250.00,59,3.00,-0.48
785171,250.50,250.00,55,3.00,-0.50
785271,250.50,250.00,57,3.00,-0.50
785371,250.50,250.00,57,3.00,-0.50
785471,250.52,250.00,55,3.00,-0.52
785571,250.52,250.00,57,3.00,-0.52
785671,250.50,250.00,59,3.00,-0.50
785771,250.51,250.00,56,3.00,-0.51
785871,250.52,250.00,56,3.00,-0.52
785971,250.49,250.00,60,3.00,-0.49
786071,250.50,250.00,56,3.00,-0.50
786171,250.53,250.00,55,3.00,-0.53
786271,250.53,250.00,56,3.00,-0.53
786371,250.52,250.00,59,3.00,-0.52
786471,250.50,250.00,59,3.00,-0.50
786571,250.51,250.00,56,3.00,-0.51
786671,250.50,250.00,59,3.00,-0.50
786771,250.53,250.00,53,3.00,-0.53
786871,250.51,250.00,59,3.00,-0.51
786971,250.51,250.00,57,3.00,-0.51
787071,250.51,250.00,57,3.00,-0.51
787171,250.51,250.00,57,3.00,-0.51
787271,250.53,250.00,55,3.00,-0.53
787371,250.50,250.00,60,3.00,-0.50
787471,250.50,250.00,57,3.00,-0.50
787571,250.51,250.00,56,3.00,-0.51
787671,250.51,250.00,57,3.00,-0.51
787771,250.47,250.00,61,3.00,-0.47
787871,250.42,250.00,62,3.00,-0.42
787971,250.42,250.00,58,3.00,-0.42
788071,250.41,250.00,58,3.00,-0.41
788171,250.42,250.00,57,3.00,-0.42
788271,250.40,250.00,59,3.00,-0.40
788371,250.46,250.00,51,3.00,-0.46
788471,250.45,250.00,58,3.00,-0.45
788571,250.45,250.00,57,3.00,-0.45
788671,250.47,250.00,56,3.00,-0.47
788771,250.46,250.00,58,3.00,-0.46
788871,250.50,250.00,53,3.00,-0.50
788971,250.48,250.00,58,3.00,-0.48
789071,250.43,250.00,62,3.00,-0.43
789171,250.44,250.00,57,3.00,-0.44
789271,250.43,250.00,58,3.00,-0.43
789371,250.44,250.00,57,3.00,-0.44
789471,250.49,250.00,52,3.00,-0.49
789571,250.48,250.00,58,3.00,-0.48
789671,250.48,250.00,57,3.00,-0.48
789771,250.50,250.00,54,3.00,-0.50
789871,250.48,250.00,59,3.00,-0.48
789971,250.49,250.00,56,3.00,-0.49
790071,250.50,250.00,56,3.00,-0.50
790171,250.46,250.00,61,3.00,-0.46
790271,250.43,250.00,60,3.00,-0.43
790371,250.43,250.00,56,3.00,-0.43
790471,250.43,250.00,58,3.00,-0.43
790571,250.42,250.00,58,3.00,-0.42
790671,250.44,250.00,55,3.00,-0.44
790771,250.44,250.00,57,3.00,-0.44
790871,250.42,250.00,59,3.00,-0.42
790971,250.44,250.00,55,3.00,-0.44
791071,250.43,250.00,58,3.00,-0.43
791171,250.39,250.00,61,3.00,-0.39
791271,250.40,250.00,56,3.00,-0.40
791371,250.41,250.00,56,3.00,-0.41
791471,250.39,250.00,59,3.00,-0.39
791571,250.39,250.00,57,3.00,-0.39
791671,250.39,250.00,57,3.00,-0.39
791771,250.40,250.00,56,3.00,-0.40
791871,250.41,250.00,56,3.00,-0.41
791971,250.42,250.00,55,3.00,-0.42
792071,250.43,250.00,56,3.00,-0.43
792171,250.44,250.00,56,3.00,-0.44
792271,250.44,250.00,56,3.00,-0.44
792371,250.42,250.00,59,3.00,-0.42
792471,250.40,250.00,59,3.00,-0.40
792571,250.45,250.00,52,3.00,-0.45
792671,250.43,250.00,59,3.00,-0.43
792771,250.41,250.00,59,3.00,-0.41
792871,250.39,250.00,59,3.00,-0.39
792971,250.39,250.00,57,3.00,-0.39
793071,250.42,250.00,54,3.00,-0.42
793171,250.39,250.00,60,3.00,-0.39
793271,250.34,250.00,62,3.00,-0.34
793371,250.34,250.00,57,3.00,-0.34
793471,250.35,250.00,57,3.00,-0.35
793571,250.35,250.00,57,3.00,-0.35
793671,250.34,250.00,58,3.00,-0.34
793771,250.35,250.00,56,3.00,-0.35
793871,250.38,250.00,55,3.00,-0.38
793971,250.42,250.00,52,3.00,-0.42
794071,250.43,250.00,56,3.00,-0.43
794171,250.45,250.00,55,3.00,-0.45
794271,250.48,250.00,54,3.00,-0.48
794371,250.48,250.00,57,3.00,-0.48
794471,250.48,250.00,57,3.00,-0.48
794571,250.43,250.00,62,3.00,-0.43
794671,250.45,250.00,55,3.00,-0.45
794771,250.44,250.00,58,3.00,-0.44
794871,250.44,250.00,56,3.00,-0.44
794971,250.47,250.00,54,3.00,-0.47
795071,250.46,250.00,58,3.00,-0.46
795171,250.50,250.00,53,3.00,-0.50
795271,250.49,250.00,58,3.00,-0.49
795371,250.49,250.00,57,3.00,-0.49
795471,250.48,250.00,57,3.00,-0.48
795571,250.47,250.00,58,3.00,-0.47
795671,250.47,250.00,56,3.00,-0.47
795771,250.46,250.00,58,3.00,-0.46
795871,250.45,250.00,58,3.00,-0.45
795971,250.47,250.00,55,3.00,-0.47
796071,250.51,250.00,53,3.00,-0.51
796171,250.52,250.00,55,3.00,-0.52
796271,250.51,250.00,57,3.00,-0.51
796371,250.51,250.00,57,3.00,-0.51
796471,250.49,250.00,58,3.00,-0.49
796571,250.46,250.00,60,3.00,-0.46
796671,250.47,250.00,55,3.00,-0.47
796771,250.47,250.00,56,3.00,-0.47
796871,250.45,250.00,59,3.00,-0.45
796971,250.44,250.00,57,3.00,-0.44
797071,250.46,250.00,55,3.00,-0.46
797171,250.45,250.00,57,3.00,-0.45
797271,250.46,250.00,55,3.00,-0.46
797371,250.44,250.00,59,3.00,-0.44
797471,250.39,250.00,62,3.00,-0.39
797571,250.38,250.00,57,3.00,-0.38
797671,250.38,250.00,57,3.00,-0.38
797771,250.38,250.00,57,3.00,-0.38
797871,250.37,250.00,58,3.00,-0.37
797971,250.37,250.00,57,3.00,-0.37
798071,250.38,250.00,56,3.00,-0.38
798171,250.40,250.00,54,3.00,-0.40
798271,250.38,250.00,58,3.00,-0.38
798371,250.33,250.00,62,3.00,-0.33
798471,250.35,250.00,55,3.00,-0.35
798571,250.34,250.00,58,3.00,-0.34
798671,250.32,250.00,59,3.00,-0.32
798771,250.33,250.00,55,3.00,-0.33
798871,250.37,250.00,53,3.00,-0.37
798971,250.35,250.00,59,3.00,-0.35
799071,250.34,250.00,58,3.00,-0.34
799171,250.36,250.00,54,3.00,-0.36
799271,250.34,250.00,59,3.00,-0.34
799371,250.32,250.00,59,3.00,-0.32
799471,250.30,250.00,59,3.00,-0.30
799571,250.31,250.00,56,3.00,-0.31
799671,250.30,250.00,58,3.00,-0.30
799771,250.28,250.00,59,3.00,-0.28
799871,250.27,250.00,59,3.00,-0.27
799971,250.30,250.00,54,3.00,-0.30
800071,250.32,250.00,55,3.00,-0.32
800171,250.30,250.00,59,3.00,-0.30
800271,250.28,250.00,59,3.00,-0.28
800371,250.25,250.00,60,3.00,-0.25
800471,250.23,250.00,60,3.00,-0.23
800571,250.24,250.00,56,3.00,-0.24
800671,250.23,250.00,58,3.00,-0.23
800771,250.23,250.00,57,3.00,-0.23
800871,250.20,250.00,61,3.00,-0.20
800971,250.23,250.00,54,3.00,-0.23
801071,250.19,250.00,61,3.00,-0.19
801171,250.20,250.00,57,3.00,-0.20
801271,250.18,250.00,59,3.00,-0.18
801371,250.16,250.00,59,3.00,-0.16
801471,250.17,250.00,57,3.00,-0.17
801571,250.14,250.00,60,3.00,-0.14
801671,250.14,250.00,58,3.00,-0.14
801771,250.13,250.00,59,3.00,-0.13
801871,250.11,250.00,59,3.00,-0.11
801971,250.09,250.00,60,3.00,-0.09
802071,250.14,250.00,52,3.00,-0.14
802171,250.12,250.00,60,3.00,-0.12
802271,250.09,250.00,60,3.00,-0.09
802371,250.08,250.00,59,3.00,-0.08
802471,250.02,250.00,65,3.00,-0.02
802571,250.02,250.00,58,3.00,-0.02
802671,250.03,250.00,57,3.00,-0.03
802771,250.02,250.00,58,3.00,-0.02
802871,249.99,250.00,62,3.00,0.01
802971,249.99,250.00,58,3.00,0.01
803071,250.01,250.00,56,3.00,-0.01
803171,249.99,250.00,61,3.00,0.01
803271,249.98,250.00,59,3.00,0.02
803371,249.99,250.00,57,3.00,0.01
803471,249.97,250.00,61,3.00,0.03
803571,250.00,250.00,55,3.00,0.00
803671,249.99,250.00,59,3.00,0.01
803771,249.98,250.00,59,3.00,0.02
803871,249.94,250.00,62,3.00,0.06
803971,249.94,250.00,59,3.00,0.06
804071,249.94,250.00,58,3.00,0.06
804171,249.95,250.00,58,3.00,0.05
804271,249.96,250.00,58,3.00,0.04
804371,249.97,250.00,57,3.00,0.03
804471,250.00,250.00,55,3.00,0.00
804571,249.96,250.00,62,3.00,0.04
804671,249.98,250.00,57,3.00,0.02
804771,249.99,250.00,57,3.00,0.01
804871,249.98,250.00,59,3.00,0.02
804971,249.96,250.00,60,3.00,0.04
805071,249.94,250.00,60,3.00,0.06
805171,249.94,250.00,59,3.00,0.06
805271,249.93,250.00,59,3.00,0.07
805371,249.92,250.00,60,3.00,0.08
805471,249.94,250.00,56,3.00,0.06
805571,249.93,250.00,59,3.00,0.07
805671,249.97,250.00,54,3.00,0.03
805771,249.97,250.00,59,3.00,0.03
805871,249.97,250.00,58,3.00,0.03
805971,249.95,250.00,60,3.00,0.05
806071,249.95,250.00,58,3.00,0.05
806171,249.95,250.00,59,3.00,0.05
806271,249.94,250.00,59,3.00,0.06
806371,249.96,250.00,56,3.00,0.04
806471,249.98,250.00,57,3.00,0.02
806571,249.97,250.00,59,3.00,0.03
806671,249.95,250.00,60,3.00,0.05
806771,249.96,250.00,57,3.00,0.04
806871,249.98,250.00,57,3.00,0.02
806971,249.99,250.00,57,3.00,0.01
807071,249.96,250.00,62,3.00,0.04
807171,249.96,250.00,58,3.00,0.04
807271,249.97,250.00,58,3.00,0.03
807371,249.94,250.00,62,3.00,0.06
807471,249.94,250.00,58,3.00,0.06
807571,249.94,250.00,59,3.00,0.06
807671,249.92,250.00,60,3.00,0.08
807771,249.96,250.00,54,3.00,0.04
807871,249.96,250.00,59,3.00,0.04
807971,249.96,250.00,58,3.00,0.04
808071,249.94,250.00,60,3.00,0.06
808171,249.92,250.00,60,3.00,0.08
808271,249.92,250.00,59,3.00,0.08
808371,249.90,250.00,60,3.00,0.10
808471,249.89,250.00,60,3.00,0.11
808571,249.91,250.00,56,3.00,0.09
808671,249.90,250.00,60,3.00,0.10
808771,249.91,250.00,57,3.00,0.09
808871,249.92,250.00,58,3.00,0.08
808971,249.93,250.00,58,3.00,0.07
809071,249.96,250.00,55,3.00,0.04
809171,249.92,250.00,63,3.00,0.08
809271,249.89,250.00,61,3.00,0.11
809371,249.89,250.00,59,3.00,0.11
809471,249.86,250.00,61,3.00,0.14
809571,249.86,250.00,60,3.00,0.14
809671,249.87,250.00,57,3.00,0.13
809771,249.86,250.00,60,3.00,0.14
809871,249.87,250.00,57,3.00,0.13
809971,249.84,250.00,62,3.00,0.16
810071,249.84,250.00,58,3.00,0.16
810171,249.84,250.00,60,3.00,0.16
810271,249.83,250.00,60,3.00,0.17
810371,249.86,250.00,56,3.00,0.14
810471,249.83,250.00,62,3.00,0.17
810571,249.87,250.00,55,3.00,0.13
810671,249.88,250.00,57,3.00,0.12
810771,249.87,250.00,60,3.00,0.13
810871,249.86,250.00,60,3.00,0.14
810971,249.86,250.00,58,3.00,0.14
811071,249.84,250.00,61,3.00,0.16
811171,249.86,250.00,57,3.00,0.14
811271,249.84,250.00,61,3.00,0.16
811371,249.79,250.00,63,3.00,0.21
811471,249.79,250.00,59,3.00,0.21
811571,249.76,250.00,62,3.00,0.24
811671,249.79,250.00,57,3.00,0.21
811771,249.80,250.00,58,3.00,0.20
811871,249.79,250.00,59,3.00,0.21
811971,249.84,250.00,54,3.00,0.16
812071,249.81,250.00,62,3.00,0.19
812171,249.76,250.00,64,3.00,0.24
812271,249.76,250.00,59,3.00,0.24
812371,249.77,250.00,58,3.00,0.23
812471,249.76,250.00,60,3.00,0.24
812571,249.82,250.00,53,3.00,0.18
812671,249.79,250.00,62,3.00,0.21
812771,249.81,250.00,57,3.00,0.19
812871,249.79,250.00,61,3.00,0.21
812971,249.78,250.00,61,3.00,0.22
813071,249.77,250.00,61,3.00,0.23
813171,249.79,250.00,57,3.00,0.21
813271,249.75,250.00,63,3.00,0.25
813371,249.73,250.00,62,3.00,0.27
813471,249.75,250.00,58,3.00,0.25
813571,249.74,250.00,60,3.00,0.26
813671,249.73,250.00,60,3.00,0.27
813771,249.73,250.00,59,3.00,0.27
813871,249.78,250.00,54,3.00,0.22
813971,249.79,250.00,58,3.00,0.21
814071,249.85,250.00,53,3.00,0.15
814171,249.84,250.00,60,3.00,0.16
814271,249.86,250.00,57,3.00,0.14
814371,249.85,250.00,60,3.00,0.15
814471,249.86,250.00,57,3.00,0.14
814571,249.87,250.00,59,3.00,0.13
814671,249.87,250.00,59,3.00,0.13
814771,249.89,250.00,56,3.00,0.11
814871,249.90,250.00,58,3.00,0.10
814971,249.94,250.00,55,3.00,0.06
815071,249.93,250.00,59,3.00,0.07
815928,249.93,250.00,59,3.00,0.07
816710,249.90,250.00,62,3.00,0.10
817492,249.86,250.00,63,3.00,0.14
818274,249.83,250.00,62,3.00,0.17
819056,249.78,250.00,65,3.00,0.22
819838,249.67,250.00,70,3.00,0.33
820620,249.58,250.00,68,3.00,0.42
821402,249.50,250.00,69,3.00,0.50
822184,249.32,250.00,78,3.00,0.68
822966,249.15,250.00,80,3.00,0.85
823748,249.00,250.00,77,3.00,1.00
824530,248.77,250.00,86,3.00,1.23
