Time_ms,Temp_C,Setpoint_C,Heater_Duty,Speed_mm_s,Error_C
21671,5.23,250.00,100,3.00,244.77
21771,5.25,250.00,100,3.00,244.75
21871,5.29,250.00,100,3.00,244.71
21971,5.30,250.00,100,3.00,244.70
22071,5.33,250.00,100,3.00,244.67
22171,5.39,250.00,100,3.00,244.61
22271,5.37,250.00,100,3.00,244.63
22371,5.40,250.00,100,3.00,244.60
22471,5.42,250.00,100,3.00,244.58
22571,5.39,250.00,100,3.00,244.61
22671,5.34,250.00,100,3.00,244.66
22771,5.35,250.00,100,3.00,244.65
22871,5.30,250.00,100,3.00,244.70
22971,5.25,250.00,100,3.00,244.75
23071,5.29,250.00,100,3.00,244.71
23171,5.27,250.00,100,3.00,244.73
23271,5.39,250.00,100,3.00,244.61
23371,5.42,250.00,100,3.00,244.58
23471,5.47,250.00,100,3.00,244.53
23571,5.52,250.00,100,3.00,244.48
23671,5.58,250.00,100,3.00,244.42
23771,5.59,250.00,100,3.00,244.41
23871,5.57,250.00,100,3.00,244.43
23971,5.64,250.00,100,3.00,244.36
24071,5.64,250.00,100,3.00,244.36
24171,5.67,250.00,100,3.00,244.33
24271,5.75,250.00,100,3.00,244.25
24371,5.71,250.00,100,3.00,244.29
24471,5.73,250.00,100,3.00,244.27
24571,5.73,250.00,100,3.00,244.27
24671,5.69,250.00,100,3.00,244.31
24771,5.64,250.00,100,3.00,244.36
24871,5.64,250.00,100,3.00,244.36
24971,5.62,250.00,100,3.00,244.38
25071,5.57,250.00,100,3.00,244.43
25171,5.58,250.00,100,3.00,244.42
25271,5.69,250.00,100,3.00,244.31
25371,5.79,250.00,100,3.00,244.21
25471,5.70,250.00,100,3.00,244.30
25571,5.69,250.00,100,3.00,244.31
25671,5.79,250.00,100,3.00,244.21
25771,5.81,250.00,100,3.00,244.19
25871,5.82,250.00,100,3.00,244.18
25971,5.88,250.00,100,3.00,244.12
26071,5.91,250.00,100,3.00,244.09
26171,5.92,250.00,100,3.00,244.08
26271,5.89,250.00,100,3.00,244.11
26371,5.97,250.00,100,3.00,244.03
26471,6.05,250.00,100,3.00,243.95
26571,6.09,250.00,100,3.00,243.91
26671,6.07,250.00,100,3.00,243.93
26771,6.03,250.00,100,3.00,243.97
26871,6.12,250.00,100,3.00,243.88
26971,6.08,250.00,100,3.00,243.92
27071,6.09,250.00,100,3.00,243.91
27171,6.02,250.00,100,3.00,243.98
27271,6.01,250.00,100,3.00,243.99
27371,5.95,250.00,100,3.00,244.05
27471,6.03,250.00,100,3.00,243.97
27571,6.02,250.00,100,3.00,243.98
27671,6.03,250.00,100,3.00,243.97
27771,6.08,250.00,100,3.00,243.92
27871,6.11,250.00,100,3.00,243.89
27971,6.09,250.00,100,3.00,243.91
28071,6.13,250.00,100,3.00,243.87
28171,6.11,250.00,100,3.00,243.89
28271,6.09,250.00,100,3.00,243.91
28371,6.02,250.00,100,3.00,243.98
28471,6.09,250.00,100,3.00,243.91
28571,6.02,250.00,100,3.00,243.98
28671,6.04,250.00,100,3.00,243.96
28771,6.03,250.00,100,3.00,243.97
28871,5.97,250.00,100,3.00,244.03
28971,6.06,250.00,100,3.00,243.94
29071,6.02,250.00,100,3.00,243.98
29171,5.93,250.00,100,3.00,244.07
29271,5.91,250.00,100,3.00,244.09
29371,5.91,250.00,100,3.00,244.09
29471,5.86,250.00,100,3.00,244.14
29571,5.81,250.00,100,3.00,244.19
29671,5.82,250.00,100,3.00,244.18
29771,5.81,250.00,100,3.00,244.19
29871,5.90,250.00,100,3.00,244.10
29971,5.88,250.00,100,3.00,244.12
30071,5.88,250.00,100,3.00,244.12
30171,5.86,250.00,100,3.00,244.14
30271,5.89,250.00,100,3.00,244.11
30371,5.92,250.00,100,3.00,244.08
30471,5.98,250.00,100,3.00,244.02
30571,6.00,250.00,100,3.00,244.00
30671,5.94,250.00,100,3.00,244.06
30771,5.99,250.00,100,3.00,244.01
30871,5.98,250.00,100,3.00,244.02
30971,6.08,250.00,100,3.00,243.92
31071,6.09,250.00,100,3.00,243.91
31171,6.05,250.00,100,3.00,243.95
31271,6.09,250.00,100,3.00,243.91
31371,6.02,250.00,100,3.00,243.98
31471,5.96,250.00,100,3.00,244.04
31571,5.90,250.00,100,3.00,244.10
31671,6.01,250.00,100,3.00,243.99
31771,6.00,250.00,100,3.00,244.00
31871,6.04,250.00,100,3.00,243.96
31971,6.11,250.00,100,3.00,243.89
32071,6.07,250.00,100,3.00,243.93
32171,6.05,250.00,100,3.00,243.95
32271,5.96,250.00,100,3.00,244.04
32371,6.01,250.00,100,3.00,243.99
32471,5.97,250.00,100,3.00,244.03
32571,6.00,250.00,100,3.00,244.00
32671,6.04,250.00,100,3.00,243.96
32771,6.11,250.00,100,3.00,243.89
32871,6.14,250.00,100,3.00,243.86
32971,6.10,250.00,100,3.00,243.90
33071,6.21,250.00,100,3.00,243.79
33171,6.20,250.00,100,3.00,243.80
33271,6.18,250.00,100,3.00,243.82
33371,6.07,250.00,100,3.00,243.93
33471,6.06,250.00,100,3.00,243.94
33571,5.99,250.00,100,3.00,244.01
33671,5.90,250.00,100,3.00,244.10
33771,5.85,250.00,100,3.00,244.15
33871,5.78,250.00,100,3.00,244.22
33971,5.80,250.00,100,3.00,244.20
34071,5.86,250.00,100,3.00,244.14
34171,5.84,250.00,100,3.00,244.16
34271,5.85,250.00,100,3.00,244.15
34371,5.81,250.00,100,3.00,244.19
34471,5.87,250.00,100,3.00,244.13
34571,5.85,250.00,100,3.00,244.15
34671,5.88,250.00,100,3.00,244.12
34771,5.89,250.00,100,3.00,244.11
34871,5.87,250.00,100,3.00,244.13
34971,5.93,250.00,100,3.00,244.07
35071,5.93,250.00,100,3.00,244.07
35171,5.87,250.00,100,3.00,244.13
35271,5.90,250.00,100,3.00,244.10
35371,5.88,250.00,100,3.00,244.12
35471,5.83,250.00,100,3.00,244.17
35571,5.79,250.00,100,3.00,244.21
35671,5.80,250.00,100,3.00,244.20
35771,5.76,250.00,100,3.00,244.24
35871,5.86,250.00,100,3.00,244.14
35971,5.84,250.00,100,3.00,244.16
36071,5.85,250.00,100,3.00,244.15
36171,5.93,250.00,100,3.00,244.07
36271,5.93,250.00,100,3.00,244.07
36371,5.98,250.00,100,3.00,244.02
36471,5.93,250.00,100,3.00,244.07
36571,5.90,250.00,100,3.00,244.10
36671,5.93,250.00,100,3.00,244.07
36771,5.98,250.00,100,3.00,244.02
36871,6.05,250.00,100,3.00,243.95
36971,6.02,250.00,100,3.00,243.98
37071,6.06,250.00,100,3.00,243.94
37171,6.05,250.00,100,3.00,243.95
37271,6.01,250.00,100,3.00,243.99
37371,6.05,250.00,100,3.00,243.95
37471,6.04,250.00,100,3.00,243.96
37571,6.00,250.00,100,3.00,244.00
37671,6.02,250.00,100,3.00,243.98
37771,5.99,250.00,100,3.00,244.01
37871,5.90,250.00,100,3.00,244.10
37971,5.90,250.00,100,3.00,244.10
38071,5.85,250.00,100,3.00,244.15
38171,5.83,250.00,100,3.00,244.17
38271,5.92,250.00,100,3.00,244.08
38371,5.90,250.00,100,3.00,244.10
38471,5.93,250.00,100,3.00,244.07
38571,5.90,250.00,100,3.00,244.10
38671,5.93,250.00,100,3.00,244.07
38771,5.93,250.00,100,3.00,244.07
38871,5.98,250.00,100,3.00,244.02
38971,6.03,250.00,100,3.00,243.97
39071,6.10,250.00,100,3.00,243.90
39171,6.13,250.00,100,3.00,243.87
39271,6.11,250.00,100,3.00,243.89
39371,6.07,250.00,100,3.00,243.93
39471,6.03,250.00,100,3.00,243.97
39571,5.99,250.00,100,3.00,244.01
39671,5.93,250.00,100,3.00,244.07
39771,5.88,250.00,100,3.00,244.12
39871,5.83,250.00,100,3.00,244.17
39971,5.92,250.00,100,3.00,244.08
40071,6.02,250.00,100,3.00,243.98
40171,6.01,250.00,100,3.00,243.99
40271,6.03,250.00,100,3.00,243.97
40371,6.07,250.00,100,3.00,243.93
40471,6.03,250.00,100,3.00,243.97
40571,6.05,250.00,100,3.00,243.95
40671,6.01,250.00,100,3.00,243.99
40771,6.05,250.00,100,3.00,243.95
40871,6.07,250.00,100,3.00,243.93
40971,6.03,250.00,100,3.00,243.97
41071,6.10,250.00,100,3.00,243.90
41171,6.03,250.00,100,3.00,243.97
41271,6.07,250.00,100,3.00,243.93
41371,6.08,250.00,100,3.00,243.92
41471,6.07,250.00,100,3.00,243.93
41571,6.20,250.00,100,3.00,243.80
41671,6.18,250.00,100,3.00,243.82
41771,6.20,250.00,100,3.00,243.80
41871,6.20,250.00,100,3.00,243.80
41971,6.15,250.00,100,3.00,243.85
42071,6.23,250.00,100,3.00,243.77
42171,6.17,250.00,100,3.00,243.83
42271,6.07,250.00,100,3.00,243.93
42371,6.08,250.00,100,3.00,243.92
42471,6.14,250.00,100,3.00,243.86
42571,6.12,250.00,100,3.00,243.88
42671,6.10,250.00,100,3.00,243.90
42771,6.06,250.00,100,3.00,243.94
42871,6.10,250.00,100,3.00,243.90
42971,6.11,250.00,100,3.00,243.89
43071,6.17,250.00,100,3.00,243.83
43171,6.22,250.00,100,3.00,243.78
43271,6.17,250.00,100,3.00,243.83
43371,6.22,250.00,100,3.00,243.78
43471,6.22,250.00,100,3.00,243.78
43571,6.34,250.00,100,3.00,243.66
43671,6.38,250.00,100,3.00,243.62
43771,6.33,250.00,100,3.00,243.67
43871,6.24,250.00,100,3.00,243.76
43971,6.21,250.00,100,3.00,243.79
44071,6.21,250.00,100,3.00,243.79
44171,6.15,250.00,100,3.00,243.85
44271,6.10,250.00,100,3.00,243.90
44371,6.06,250.00,100,3.00,243.94
44471,6.07,250.00,100,3.00,243.93
44571,6.16,250.00,100,3.00,243.84
44671,6.14,250.00,100,3.00,243.86
44771,6.14,250.00,100,3.00,243.86
44871,6.12,250.00,100,3.00,243.88
44971,6.13,250.00,100,3.00,243.87
45071,6.14,250.00,100,3.00,243.86
45171,6.19,250.00,100,3.00,243.81
45271,6.24,250.00,100,3.00,243.76
45371,6.21,250.00,100,3.00,243.79
45471,6.26,250.00,100,3.00,243.74
45571,6.26,250.00,100,3.00,243.74
45671,6.37,250.00,100,3.00,243.63
45771,6.38,250.00,100,3.00,243.62
45871,6.36,250.00,100,3.00,243.64
45971,6.29,250.00,100,3.00,243.71
46071,6.28,250.00,100,3.00,243.72
46171,6.27,250.00,100,3.00,243.73
46271,6.21,250.00,100,3.00,243.79
46371,6.34,250.00,100,3.00,243.66
46471,6.37,250.00,100,3.00,243.63
46571,6.38,250.00,100,3.00,243.62
46671,6.44,250.00,100,3.00,243.56
46771,6.52,250.00,100,3.00,243.48
46871,6.51,250.00,100,3.00,243.49
46971,6.48,250.00,100,3.00,243.52
47071,6.45,250.00,100,3.00,243.55
47171,6.47,250.00,100,3.00,243.53
47271,6.45,250.00,100,3.00,243.55
47371,6.50,250.00,100,3.00,243.50
47471,6.41,250.00,100,3.00,243.59
47571,6.47,250.00,100,3.00,243.53
47671,6.47,250.00,100,3.00,243.53
47771,6.59,250.00,100,3.00,243.41
47871,6.52,250.00,100,3.00,243.48
47971,6.49,250.00,100,3.00,243.51
48071,6.51,250.00,100,3.00,243.49
48171,6.51,250.00,100,3.00,243.49
48271,6.45,250.00,100,3.00,243.55
48371,6.55,250.00,100,3.00,243.45
48471,6.64,250.00,100,3.00,243.36
48571,6.62,250.00,100,3.00,243.38
48671,6.60,250.00,100,3.00,243.40
48771,6.64,250.00,100,3.00,243.36
48871,6.69,250.00,100,3.00,243.31
48971,6.67,250.00,100,3.00,243.33
49071,6.62,250.00,100,3.00,243.38
49171,6.61,250.00,100,3.00,243.39
49271,6.59,250.00,100,3.00,243.41
49371,6.58,250.00,100,3.00,243.42
49471,6.61,250.00,100,3.00,243.39
49571,6.67,250.00,100,3.00,243.33
49671,6.65,250.00,100,3.00,243.35
49771,6.63,250.00,100,3.00,243.37
49871,6.59,250.00,100,3.00,243.41
49971,6.60,250.00,100,3.00,243.40
50071,6.61,250.00,100,3.00,243.39
50171,6.57,250.00,100,3.00,243.43
50271,6.50,250.00,100,3.00,243.50
50371,6.42,250.00,100,3.00,243.58
50471,6.52,250.00,100,3.00,243.48
50571,6.62,250.00,100,3.00,243.38
50671,6.60,250.00,100,3.00,243.40
50771,6.58,250.00,100,3.00,243.42
50871,6.67,250.00,100,3.00,243.33
50971,6.77,250.00,100,3.00,243.23
51071,6.74,250.00,100,3.00,243.26
51171,6.76,250.00,100,3.00,243.24
51271,6.71,250.00,100,3.00,243.29
51371,6.73,250.00,100,3.00,243.27
51471,6.75,250.00,100,3.00,243.25
51571,6.80,250.00,100,3.00,243.20
51671,6.84,250.00,100,3.00,243.16
51771,6.87,250.00,100,3.00,243.12
51871,6.86,250.00,100,3.00,243.14
51971,6.94,250.00,100,3.00,243.06
52071,6.84,250.00,100,3.00,243.16
52171,6.78,250.00,100,3.00,243.22
52271,6.79,250.00,100,3.00,243.21
52371,6.78,250.00,100,3.00,243.22
52471,6.70,250.00,100,3.00,243.30
52571,6.65,250.00,100,3.00,243.35
52671,6.73,250.00,100,3.00,243.27
52771,6.68,250.00,100,3.00,243.32
52871,6.70,250.00,100,3.00,243.30
52971,6.73,250.00,100,3.00,243.27
53071,6.73,250.00,100,3.00,243.27
53171,6.70,250.00,100,3.00,243.30
53271,6.65,250.00,100,3.00,243.35
53371,6.68,250.00,100,3.00,243.32
53471,6.68,250.00,100,3.00,243.32
53571,6.66,250.00,100,3.00,243.34
53671,6.71,250.00,100,3.00,243.29
53771,6.79,250.00,100,3.00,243.21
53871,6.80,250.00,100,3.00,243.20
53971,6.79,250.00,100,3.00,243.21
54071,6.76,250.00,100,3.00,243.24
54171,6.78,250.00,100,3.00,243.22
54271,6.72,250.00,100,3.00,243.28
54371,6.74,250.00,100,3.00,243.26
54471,6.66,250.00,100,3.00,243.34
54571,6.64,250.00,100,3.00,243.36
54671,6.75,250.00,100,3.00,243.25
54771,6.82,250.00,100,3.00,243.18
54871,6.73,250.00,100,3.00,243.27
54971,6.78,250.00,100,3.00,243.22
55071,6.82,250.00,100,3.00,243.18
55171,6.81,250.00,100,3.00,243.19
55271,6.85,250.00,100,3.00,243.15
55371,6.78,250.00,100,3.00,243.22
55471,6.77,250.00,100,3.00,243.23
55571,6.77,250.00,100,3.00,243.23
55671,6.71,250.00,100,3.00,243.29
55771,6.78,250.00,100,3.00,243.22
55871,6.85,250.00,100,3.00,243.15
55971,6.86,250.00,100,3.00,243.14
56071,6.87,250.00,100,3.00,243.13
56171,6.83,250.00,100,3.00,243.17
56271,6.76,250.00,100,3.00,243.24
56371,6.76,250.00,100,3.00,243.24
56471,6.68,250.00,100,3.00,243.32
56571,6.63,250.00,100,3.00,243.37
56671,6.56,250.00,100,3.00,243.44
56771,6.67,250.00,100,3.00,243.33
56871,6.62,250.00,100,3.00,243.38
56971,6.53,250.00,100,3.00,243.47
57071,6.57,250.00,100,3.00,243.43
57171,6.66,250.00,100,3.00,243.34
57271,6.64,250.00,100,3.00,243.36
57371,6.62,250.00,100,3.00,243.38
57471,6.58,250.00,100,3.00,243.42
57571,6.61,250.00,100,3.00,243.39
57671,6.67,250.00,100,3.00,243.33
57771,6.70,250.00,100,3.00,243.30
57871,6.75,250.00,100,3.00,243.25
57971,6.82,250.00,100,3.00,243.18
58071,6.86,250.00,100,3.00,243.14
58171,6.84,250.00,100,3.00,243.16
58271,6.80,250.00,100,3.00,243.20
58371,6.74,250.00,100,3.00,243.26
58471,6.69,250.00,100,3.00,243.31
58571,6.74,250.00,100,3.00,243.26
58671,6.71,250.00,100,3.00,243.29
58771,6.63,250.00,100,3.00,243.37
58871,6.76,250.00,100,3.00,243.24
58971,6.76,250.00,100,3.00,243.24
59071,6.73,250.00,100,3.00,243.27
59171,6.77,250.00,100,3.00,243.23
59271,6.82,250.00,100,3.00,243.18
59371,6.78,250.00,100,3.00,243.22
59471,6.77,250.00,100,3.00,243.23
59571,6.69,250.00,100,3.00,243.31
59671,6.69,250.00,100,3.00,243.31
59771,6.69,250.00,100,3.00,243.31
59871,6.77,250.00,100,3.00,243.23
59971,6.84,250.00,100,3.00,243.16
60071,6.77,250.00,100,3.00,243.23
60171,6.76,250.00,100,3.00,243.24
60271,6.73,250.00,100,3.00,243.27
60371,6.71,250.00,100,3.00,243.29
60471,6.80,250.00,100,3.00,243.20
60571,6.77,250.00,100,3.00,243.23
60671,6.79,250.00,100,3.00,243.21
60771,6.75,250.00,100,3.00,243.25
60871,6.70,250.00,100,3.00,243.30
60971,6.65,250.00,100,3.00,243.35
61071,6.75,250.00,100,3.00,243.25
61171,6.70,250.00,100,3.00,243.30
61271,6.77,250.00,100,3.00,243.23
61371,6.81,250.00,100,3.00,243.19
61471,6.75,250.00,100,3.00,243.25
61571,6.72,250.00,100,3.00,243.28
61671,6.69,250.00,100,3.00,243.31
61771,6.72,250.00,100,3.00,243.28
61871,6.72,250.00,100,3.00,243.28
61971,6.64,250.00,100,3.00,243.36
62071,6.70,250.00,100,3.00,243.30
62171,6.77,250.00,100,3.00,243.23
62271,6.77,250.00,100,3.00,243.23
62371,6.76,250.00,100,3.00,243.24
62471,6.73,250.00,100,3.00,243.27
62571,6.65,250.00,100,3.00,243.35
62671,6.65,250.00,100,3.00,243.35
62771,6.58,250.00,100,3.00,243.42
62871,6.54,250.00,100,3.00,243.46
62971,6.48,250.00,100,3.00,243.52
63071,6.45,250.00,100,3.00,243.55
63171,6.55,250.00,100,3.00,243.45
63271,6.52,250.00,100,3.00,243.48
63371,6.54,250.00,100,3.00,243.46
63471,6.60,250.00,100,3.00,243.40
63571,6.59,250.00,100,3.00,243.41
63671,6.57,250.00,100,3.00,243.43
63771,6.64,250.00,100,3.00,243.36
63871,6.64,250.00,100,3.00,243.36
63971,6.65,250.00,100,3.00,243.35
64071,6.68,250.00,100,3.00,243.32
64171,6.68,250.00,100,3.00,243.32
64271,6.61,250.00,100,3.00,243.39
64371,6.59,250.00,100,3.00,243.41
64471,6.60,250.00,100,3.00,243.40
64571,6.61,250.00,100,3.00,243.39
64671,6.74,250.00,100,3.00,243.26
64771,6.69,250.00,100,3.00,243.31
64871,6.59,250.00,100,3.00,243.41
64971,6.52,250.00,100,3.00,243.48
65071,6.46,250.00,100,3.00,243.54
65171,6.44,250.00,100,3.00,243.56
65271,6.39,250.00,100,3.00,243.61
65371,6.31,250.00,100,3.00,243.69
65471,6.43,250.00,100,3.00,243.57
65571,6.48,250.00,100,3.00,243.52
65671,6.48,250.00,100,3.00,243.52
65771,6.47,250.00,100,3.00,243.53
65871,6.45,250.00,100,3.00,243.55
65971,6.45,250.00,100,3.00,243.55
66071,6.47,250.00,100,3.00,243.53
66171,6.47,250.00,100,3.00,243.53
66271,6.54,250.00,100,3.00,243.46
66371,6.63,250.00,100,3.00,243.37
66471,6.69,250.00,100,3.00,243.31
66571,6.67,250.00,100,3.00,243.33
66671,6.65,250.00,100,3.00,243.35
66771,6.60,250.00,100,3.00,243.40
66871,6.59,250.00,100,3.00,243.41
66971,6.62,250.00,100,3.00,243.38
67071,6.55,250.00,100,3.00,243.45
67171,6.49,250.00,100,3.00,243.51
67271,6.61,250.00,100,3.00,243.39
67371,6.54,250.00,100,3.00,243.46
67471,6.56,250.00,100,3.00,243.44
67571,6.57,250.00,100,3.00,243.43
67671,6.64,250.00,100,3.00,243.36
67771,6.62,250.00,100,3.00,243.38
67871,6.63,250.00,100,3.00,243.37
67971,6.61,250.00,100,3.00,243.39
68071,6.64,250.00,100,3.00,243.36
68171,6.68,250.00,100,3.00,243.32
68271,6.73,250.00,100,3.00,243.27
68371,6.80,250.00,100,3.00,243.20
68471,6.89,250.00,100,3.00,243.11
68571,6.87,250.00,100,3.00,243.13
68671,6.83,250.00,100,3.00,243.17
68771,6.91,250.00,100,3.00,243.09
68871,6.84,250.00,100,3.00,243.16
68971,6.83,250.00,100,3.00,243.17
69071,6.74,250.00,100,3.00,243.26
69171,6.68,250.00,100,3.00,243.32
69271,6.61,250.00,100,3.00,243.39
69371,6.57,250.00,100,3.00,243.43
69471,6.68,250.00,100,3.00,243.32
69571,6.66,250.00,100,3.00,243.34
69671,6.71,250.00,100,3.00,243.29
69771,6.74,250.00,100,3.00,243.26
69871,6.81,250.00,100,3.00,243.19
69971,6.80,250.00,100,3.00,243.20
70071,6.84,250.00,100,3.00,243.16
70171,6.82,250.00,100,3.00,243.18
70271,6.81,250.00,100,3.00,243.19
70371,6.78,250.00,100,3.00,243.22
70471,6.84,250.00,100,3.00,243.16
70571,6.88,250.00,100,3.00,243.12
70671,6.86,250.00,100,3.00,243.14
70771,6.87,250.00,100,3.00,243.13
70871,6.78,250.00,100,3.00,243.22
70971,6.67,250.00,100,3.00,243.33
71071,6.57,250.00,100,3.00,243.43
71171,6.50,250.00,100,3.00,243.50
71271,6.42,250.00,100,3.00,243.58
71371,6.40,250.00,100,3.00,243.60
71471,6.35,250.00,100,3.00,243.65
71571,6.44,250.00,100,3.00,243.56
71671,6.41,250.00,100,3.00,243.59
71771,6.39,250.00,100,3.00,243.61
71871,6.45,250.00,100,3.00,243.55
71971,6.42,250.00,100,3.00,243.58
72071,6.40,250.00,100,3.00,243.60
72171,6.32,250.00,100,3.00,243.68
72271,6.34,250.00,100,3.00,243.66
72371,6.35,250.00,100,3.00,243.65
72471,6.38,250.00,100,3.00,243.62
72571,6.44,250.00,100,3.00,243.56
72671,6.39,250.00,100,3.00,243.61
72771,6.42,250.00,100,3.00,243.58
72871,6.40,250.00,100,3.00,243.60
72971,6.40,250.00,100,3.00,243.60
73071,6.36,250.00,100,3.00,243.64
73171,6.34,250.00,100,3.00,243.66
73271,6.25,250.00,100,3.00,243.75
73371,6.27,250.00,100,3.00,243.73
73471,6.26,250.00,100,3.00,243.74
73571,6.20,250.00,100,3.00,243.80
73671,6.28,250.00,100,3.00,243.72
73771,6.19,250.00,100,3.00,243.81
73871,6.24,250.00,100,3.00,243.76
73971,6.31,250.00,100,3.00,243.69
74071,6.38,250.00,100,3.00,243.62
74171,6.38,250.00,100,3.00,243.62
74271,6.31,250.00,100,3.00,243.69
74371,6.27,250.00,100,3.00,243.73
74471,6.32,250.00,100,3.00,243.68
74571,6.36,250.00,100,3.00,243.64
74671,6.39,250.00,100,3.00,243.61
74771,6.45,250.00,100,3.00,243.55
74871,6.45,250.00,100,3.00,243.55
74971,6.42,250.00,100,3.00,243.58
75071,6.37,250.00,100,3.00,243.63
75171,6.41,250.00,100,3.00,243.59
75271,6.36,250.00,100,3.00,243.64
75371,6.26,250.00,100,3.00,243.74
75471,6.20,250.00,100,3.00,243.80
75571,6.20,250.00,100,3.00,243.80
75671,6.30,250.00,100,3.00,243.70
75771,6.32,250.00,100,3.00,243.68
75871,6.30,250.00,100,3.00,243.70
75971,6.29,250.00,100,3.00,243.71
76071,6.36,250.00,100,3.00,243.64
76171,6.39,250.00,100,3.00,243.61
76271,6.37,250.00,100,3.00,243.63
76371,6.33,250.00,100,3.00,243.67
76471,6.37,250.00,100,3.00,243.63
76571,6.35,250.00,100,3.00,243.65
76671,6.33,250.00,100,3.00,243.67
76771,6.40,250.00,100,3.00,243.60
76871,6.45,250.00,100,3.00,243.55
76971,6.43,250.00,100,3.00,243.57
77071,6.43,250.00,100,3.00,243.57
77171,6.38,250.00,100,3.00,243.62
77271,6.39,250.00,100,3.00,243.61
77371,6.34,250.00,100,3.00,243.66
77471,6.35,250.00,100,3.00,243.65
77571,6.31,250.00,100,3.00,243.69
77671,6.30,250.00,100,3.00,243.70
77771,6.21,250.00,100,3.00,243.79
77871,6.31,250.00,100,3.00,243.69
77971,6.30,250.00,100,3.00,243.70
78071,6.34,250.00,100,3.00,243.66
78171,6.37,250.00,100,3.00,243.63
78271,6.46,250.00,100,3.00,243.54
78371,6.43,250.00,100,3.00,243.57
78471,6.35,250.00,100,3.00,243.65
78571,6.31,250.00,100,3.00,243.69
78671,6.33,250.00,100,3.00,243.67
78771,6.29,250.00,100,3.00,243.71
78871,6.35,250.00,100,3.00,243.65
78971,6.31,250.00,100,3.00,243.69
79071,6.35,250.00,100,3.00,243.65
79171,6.36,250.00,100,3.00,243.64
79271,6.34,250.00,100,3.00,243.66
79371,6.35,250.00,100,3.00,243.65
79471,6.31,250.00,100,3.00,243.69
79571,6.25,250.00,100,3.00,243.75
79671,6.27,250.00,100,3.00,243.73
79771,6.26,250.00,100,3.00,243.74
79871,6.20,250.00,100,3.00,243.80
79971,6.17,250.00,100,3.00,243.83
80071,6.12,250.00,100,3.00,243.88
80171,6.16,250.00,100,3.00,243.84
80271,6.21,250.00,100,3.00,243.79
80371,6.18,250.00,100,3.00,243.82
80471,6.18,250.00,100,3.00,243.82
80571,6.24,250.00,100,3.00,243.76
80671,6.28,250.00,100,3.00,243.72
80771,6.33,250.00,100,3.00,243.67
80871,6.26,250.00,100,3.00,243.74
80971,6.28,250.00,100,3.00,243.72
81071,6.22,250.00,100,3.00,243.78
81171,6.24,250.00,100,3.00,243.76
81271,6.24,250.00,100,3.00,243.76
81371,6.23,250.00,100,3.00,243.77
81471,6.28,250.00,100,3.00,243.72
81571,6.24,250.00,100,3.00,243.76
81671,6.21,250.00,100,3.00,243.79
81771,6.18,250.00,100,3.00,243.82
81871,6.19,250.00,100,3.00,243.81
81971,6.29,250.00,100,3.00,243.71
82071,6.35,250.00,100,3.00,243.65
82171,6.31,250.00,100,3.00,243.69
82271,6.35,250.00,100,3.00,243.65
82371,6.39,250.00,100,3.00,243.61
82471,6.44,250.00,100,3.00,243.56
82571,6.42,250.00,100,3.00,243.58
82671,6.45,250.00,100,3.00,243.55
82771,6.45,250.00,100,3.00,243.55
82871,6.45,250.00,100,3.00,243.55
82971,6.47,250.00,100,3.00,243.53
83071,6.52,250.00,100,3.00,243.48
83171,6.44,250.00,100,3.00,243.56
83271,6.49,250.00,100,3.00,243.51
83371,6.46,250.00,100,3.00,243.54
83471,6.56,250.00,100,3.00,243.44
83571,6.57,250.00,100,3.00,243.43
83671,6.51,250.00,100,3.00,243.49
83771,6.45,250.00,100,3.00,243.55
83871,6.37,250.00,100,3.00,243.63
83971,6.33,250.00,100,3.00,243.67
84071,6.42,250.00,100,3.00,243.58
84171,6.47,250.00,100,3.00,243.53
84271,6.34,250.00,100,3.00,243.66
84371,6.32,250.00,100,3.00,243.68
84471,6.33,250.00,100,3.00,243.67
84571,6.35,250.00,100,3.00,243.65
84671,6.33,250.00,100,3.00,243.67
84771,6.29,250.00,100,3.00,243.71
84871,6.31,250.00,100,3.00,243.69
84971,6.30,250.00,100,3.00,243.70
85071,6.31,250.00,100,3.00,243.69
85171,6.35,250.00,100,3.00,243.65
85271,6.44,250.00,100,3.00,243.56
85371,6.41,250.00,100,3.00,243.59
85471,6.39,250.00,100,3.00,243.61
85571,6.50,250.00,100,3.00,243.50
85671,6.52,250.00,100,3.00,243.48
85771,6.46,250.00,100,3.00,243.54
85871,6.38,250.00,100,3.00,243.62
85971,6.33,250.00,100,3.00,243.67
86071,6.27,250.00,100,3.00,243.73
86171,6.36,250.00,100,3.00,243.64
86271,6.34,250.00,100,3.00,243.66
86371,6.22,250.00,100,3.00,243.78
86471,6.24,250.00,100,3.00,243.76
86571,6.29,250.00,100,3.00,243.71
86671,6.26,250.00,100,3.00,243.74
86771,6.22,250.00,100,3.00,243.78
86871,6.27,250.00,100,3.00,243.73
86971,6.31,250.00,100,3.00,243.69
87071,6.33,250.00,100,3.00,243.67
87171,6.31,250.00,100,3.00,243.69
87271,6.38,250.00,100,3.00,243.62
87371,6.44,250.00,100,3.00,243.56
87471,6.44,250.00,100,3.00,243.56
87571,6.44,250.00,100,3.00,243.56
87671,6.39,250.00,100,3.00,243.61
87771,6.39,250.00,100,3.00,243.61
87871,6.37,250.00,100,3.00,243.63
87971,6.41,250.00,100,3.00,243.59
88071,6.41,250.00,100,3.00,243.59
88171,6.34,250.00,100,3.00,243.66
88271,6.45,250.00,100,3.00,243.55
88371,6.42,250.00,100,3.00,243.58
88471,6.40,250.00,100,3.00,243.60
88571,6.46,250.00,100,3.00,243.54
88671,6.51,250.00,100,3.00,243.49
88771,6.45,250.00,100,3.00,243.55
88871,6.45,250.00,100,3.00,243.55
88971,6.45,250.00,100,3.00,243.55
89071,6.42,250.00,100,3.00,243.58
89171,6.43,250.00,100,3.00,243.57
89271,6.40,250.00,100,3.00,243.60
89371,6.43,250.00,100,3.00,243.57
89471,6.51,250.00,100,3.00,243.49
89571,6.53,250.00,100,3.00,243.47
89671,6.50,250.00,100,3.00,243.50
89771,6.59,250.00,100,3.00,243.41
89871,6.60,250.00,100,3.00,243.40
89971,6.56,250.00,100,3.00,243.44
90071,6.60,250.00,100,3.00,243.40
90171,6.53,250.00,100,3.00,243.47
90271,6.45,250.00,100,3.00,243.55
90371,6.40,250.00,100,3.00,243.60
90471,6.35,250.00,100,3.00,243.65
90571,6.25,250.00,100,3.00,243.75
90671,6.30,250.00,100,3.00,243.70
90771,6.34,250.00,100,3.00,243.66
90871,6.30,250.00,100,3.00,243.70
90971,6.31,250.00,100,3.00,243.69
91071,6.25,250.00,100,3.00,243.75
91171,6.27,250.00,100,3.00,243.73
91271,6.26,250.00,100,3.00,243.74
91371,6.31,250.00,100,3.00,243.69
91471,6.35,250.00,100,3.00,243.65
91571,6.41,250.00,100,3.00,243.59
91671,6.44,250.00,100,3.00,243.56
91771,6.41,250.00,100,3.00,243.59
91871,6.49,250.00,100,3.00,243.51
91971,6.51,250.00,100,3.00,243.49
92071,6.48,250.00,100,3.00,243.52
92171,6.40,250.00,100,3.00,243.60
92271,6.33,250.00,100,3.00,243.67
92371,6.23,250.00,100,3.00,243.77
92471,6.33,250.00,100,3.00,243.67
92571,6.39,250.00,100,3.00,243.61
92671,6.29,250.00,100,3.00,243.71
92771,6.28,250.00,100,3.00,243.72
92871,6.33,250.00,100,3.00,243.67
92971,6.29,250.00,100,3.00,243.71
93071,6.28,250.00,100,3.00,243.72
93171,6.32,250.00,100,3.00,243.68
93271,6.33,250.00,100,3.00,243.67
93371,6.34,250.00,100,3.00,243.66
93471,6.30,250.00,100,3.00,243.70
93571,6.32,250.00,100,3.00,243.68
93671,6.25,250.00,100,3.00,243.75
93771,6.25,250.00,100,3.00,243.75
93871,6.24,250.00,100,3.00,243.76
93971,6.21,250.00,100,3.00,243.79
94071,6.33,250.00,100,3.00,243.67
94171,6.32,250.00,100,3.00,243.68
94271,6.23,250.00,100,3.00,243.77
94371,6.22,250.00,100,3.00,243.78
94471,6.14,250.00,100,3.00,243.86
94571,6.22,250.00,100,3.00,243.78
94671,6.30,250.00,100,3.00,243.70
94771,6.31,250.00,100,3.00,243.69
94871,6.35,250.00,100,3.00,243.65
94971,6.39,250.00,100,3.00,243.61
95071,6.44,250.00,100,3.00,243.56
95171,6.39,250.00,100,3.00,243.61
95271,6.35,250.00,100,3.00,243.65
95371,6.36,250.00,100,3.00,243.64
95471,6.34,250.00,100,3.00,243.66
95571,6.35,250.00,100,3.00,243.65
95671,6.41,250.00,100,3.00,243.59
95771,6.47,250.00,100,3.00,243.53
95871,6.46,250.00,100,3.00,243.54
95971,6.44,250.00,100,3.00,243.56
96071,6.51,250.00,100,3.00,243.49
96171,6.43,250.00,100,3.00,243.57
96271,6.38,250.00,100,3.00,243.62
96371,6.44,250.00,100,3.00,243.56
96471,6.36,250.00,100,3.00,243.64
96571,6.29,250.00,100,3.00,243.71
96671,6.38,250.00,100,3.00,243.62
96771,6.46,250.00,100,3.00,243.54
96871,6.36,250.00,100,3.00,243.64
96971,6.39,250.00,100,3.00,243.61
97071,6.45,250.00,100,3.00,243.55
97171,6.45,250.00,100,3.00,243.55
97271,6.42,250.00,100,3.00,243.58
97371,6.35,250.00,100,3.00,243.65
97471,6.38,250.00,100,3.00,243.62
97571,6.39,250.00,100,3.00,243.61
97671,6.42,250.00,100,3.00,243.58
97771,6.45,250.00,100,3.00,243.55
97871,6.37,250.00,100,3.00,243.63
97971,6.38,250.00,100,3.00,243.62
98071,6.36,250.00,100,3.00,243.64
98171,6.34,250.00,100,3.00,243.66
98271,6.35,250.00,100,3.00,243.65
98371,6.34,250.00,100,3.00,243.66
98471,6.27,250.00,100,3.00,243.73
98571,6.21,250.00,100,3.00,243.79
98671,6.16,250.00,100,3.00,243.84
98771,6.11,250.00,100,3.00,243.89
98871,6.22,250.00,100,3.00,243.78
98971,6.11,250.00,100,3.00,243.89
99071,6.14,250.00,100,3.00,243.86
99171,6.20,250.00,100,3.00,243.80
99271,6.17,250.00,100,3.00,243.83
99371,6.20,250.00,100,3.00,243.80
99471,6.22,250.00,100,3.00,243.78
99571,6.22,250.00,100,3.00,243.78
99671,6.24,250.00,100,3.00,243.76
99771,6.29,250.00,100,3.00,243.71
99871,6.31,250.00,100,3.00,243.69
99971,6.37,250.00,100,3.00,243.63
100071,6.38,250.00,100,3.00,243.62
100171,6.36,250.00,100,3.00,243.64
100271,6.29,250.00,100,3.00,243.71
100371,6.23,250.00,100,3.00,243.77
100471,6.25,250.00,100,3.00,243.75
100571,6.22,250.00,100,3.00,243.78
100671,6.16,250.00,100,3.00,243.84
100771,6.11,250.00,100,3.00,243.89
100871,6.07,250.00,100,3.00,243.93
100971,6.08,250.00,100,3.00,243.92
101071,6.09,250.00,100,3.00,243.91
101171,6.13,250.00,100,3.00,243.87
101271,6.21,250.00,100,3.00,243.79
101371,6.21,250.00,100,3.00,243.79
101471,6.21,250.00,100,3.00,243.79
101571,6.26,250.00,100,3.00,243.74
101671,6.28,250.00,100,3.00,243.72
101771,6.27,250.00,100,3.00,243.73
101871,6.24,250.00,100,3.00,243.76
101971,6.28,250.00,100,3.00,243.72
102071,6.35,250.00,100,3.00,243.65
102171,6.39,250.00,100,3.00,243.61
102271,6.34,250.00,100,3.00,243.66
102371,6.30,250.00,100,3.00,243.70
102471,6.31,250.00,100,3.00,243.69
102571,6.28,250.00,100,3.00,243.72
102671,6.21,250.00,100,3.00,243.79
102771,6.16,250.00,100,3.00,243.84
102871,6.14,250.00,100,3.00,243.86
102971,6.22,250.00,100,3.00,243.78
103071,6.16,250.00,100,3.00,243.84
103171,6.06,250.00,100,3.00,243.94
103271,6.10,250.00,100,3.00,243.90
103371,6.18,250.00,100,3.00,243.82
103471,6.19,250.00,100,3.00,243.81
103571,6.19,250.00,100,3.00,243.81
103671,6.13,250.00,100,3.00,243.87
103771,6.19,250.00,100,3.00,243.81
103871,6.22,250.00,100,3.00,243.78
103971,6.27,250.00,100,3.00,243.73
104071,6.34,250.00,100,3.00,243.66
104171,6.29,250.00,100,3.00,243.71
104271,6.31,250.00,100,3.00,243.69
104371,6.30,250.00,100,3.00,243.70
104471,6.26,250.00,100,3.00,243.74
104571,6.20,250.00,100,3.00,243.80
104671,6.18,250.00,100,3.00,243.82
104771,6.12,250.00,100,3.00,243.88
104871,6.11,250.00,100,3.00,243.89
104971,6.06,250.00,100,3.00,243.94
105071,6.05,250.00,100,3.00,243.95
105171,6.16,250.00,100,3.00,243.84
105271,6.11,250.00,100,3.00,243.89
105371,6.10,250.00,100,3.00,243.90
105471,6.16,250.00,100,3.00,243.84
105571,6.13,250.00,100,3.00,243.87
105671,6.11,250.00,100,3.00,243.89
105771,6.07,250.00,100,3.00,243.93
105871,6.06,250.00,100,3.00,243.94
105971,6.10,250.00,100,3.00,243.90
106071,6.10,250.00,100,3.00,243.90
106171,6.19,250.00,100,3.00,243.81
106271,6.14,250.00,100,3.00,243.86
106371,6.17,250.00,100,3.00,243.83
106471,6.17,250.00,100,3.00,243.83
106571,6.27,250.00,100,3.00,243.73
106671,6.39,250.00,100,3.00,243.61
106771,6.35,250.00,100,3.00,243.65
106871,6.30,250.00,100,3.00,243.70
106971,6.29,250.00,100,3.00,243.71
107071,6.26,250.00,100,3.00,243.74
107171,6.33,250.00,100,3.00,243.67
107271,6.41,250.00,100,3.00,243.59
107371,6.31,250.00,100,3.00,243.69
107471,6.27,250.00,100,3.00,243.73
107571,6.32,250.00,100,3.00,243.68
107671,6.28,250.00,100,3.00,243.72
107771,6.27,250.00,100,3.00,243.73
107871,6.24,250.00,100,3.00,243.76
107971,6.26,250.00,100,3.00,243.74
108071,6.25,250.00,100,3.00,243.75
108171,6.30,250.00,100,3.00,243.70
108271,6.34,250.00,100,3.00,243.66
108371,6.40,250.00,100,3.00,243.60
108471,6.38,250.00,100,3.00,243.62
108571,6.36,250.00,100,3.00,243.64
108671,6.34,250.00,100,3.00,243.66
108771,6.28,250.00,100,3.00,243.72
108871,6.27,250.00,100,3.00,243.73
108971,6.21,250.00,100,3.00,243.79
109071,6.15,250.00,100,3.00,243.85
109171,6.16,250.00,100,3.00,243.84
109271,6.24,250.00,100,3.00,243.76
109371,6.18,250.00,100,3.00,243.82
109471,6.13,250.00,100,3.00,243.87
109571,6.14,250.00,100,3.00,243.86
109671,6.19,250.00,100,3.00,243.81
109771,6.22,250.00,100,3.00,243.78
109871,6.27,250.00,100,3.00,243.73
109971,6.26,250.00,100,3.00,243.74
110071,6.30,250.00,100,3.00,243.70
110171,6.29,250.00,100,3.00,243.71
110271,6.31,250.00,100,3.00,243.69
110371,6.35,250.00,100,3.00,243.65
110471,6.41,250.00,100,3.00,243.59
110571,6.39,250.00,100,3.00,243.61
110671,6.39,250.00,100,3.00,243.61
110771,6.35,250.00,100,3.00,243.65
110871,6.36,250.00,100,3.00,243.64
110971,6.34,250.00,100,3.00,243.66
111071,6.27,250.00,100,3.00,243.73
111171,6.27,250.00,100,3.00,243.73
111271,6.26,250.00,100,3.00,243.74
111371,6.20,250.00,100,3.00,243.80
111471,6.15,250.00,100,3.00,243.85
111571,6.04,250.00,100,3.00,243.96
111671,6.03,250.00,100,3.00,243.97
111771,6.07,250.00,100,3.00,243.93
111871,6.09,250.00,100,3.00,243.91
111971,6.10,250.00,100,3.00,243.90
112071,6.05,250.00,100,3.00,243.95
112171,6.09,250.00,100,3.00,243.91
112271,6.10,250.00,100,3.00,243.90
112371,6.09,250.00,100,3.00,243.91
112471,6.15,250.00,100,3.00,243.85
112571,6.23,250.00,100,3.00,243.77
112671,6.28,250.00,100,3.00,243.72
112771,6.27,250.00,100,3.00,243.73
112871,6.26,250.00,100,3.00,243.74
112971,6.31,250.00,100,3.00,243.69
113071,6.27,250.00,100,3.00,243.73
113171,6.31,250.00,100,3.00,243.69
113271,6.30,250.00,100,3.00,243.70
113371,6.26,250.00,100,3.00,243.74
113471,6.36,250.00,100,3.00,243.64
113571,6.42,250.00,100,3.00,243.58
113671,6.37,250.00,100,3.00,243.63
113771,6.35,250.00,100,3.00,243.65
113871,6.41,250.00,100,3.00,243.59
113971,6.36,250.00,100,3.00,243.64
114071,6.37,250.00,100,3.00,243.63
114171,6.30,250.00,100,3.00,243.70
114271,6.29,250.00,100,3.00,243.71
114371,6.28,250.00,100,3.00,243.72
114471,6.30,250.00,100,3.00,243.70
114571,6.34,250.00,100,3.00,243.66
114671,6.40,250.00,100,3.00,243.60
114771,6.43,250.00,100,3.00,243.57
114871,6.41,250.00,100,3.00,243.59
114971,6.36,250.00,100,3.00,243.64
115071,6.29,250.00,100,3.00,243.71
115171,6.31,250.00,100,3.00,243.69
115271,6.27,250.00,100,3.00,243.73
115371,6.26,250.00,100,3.00,243.74
115471,6.20,250.00,100,3.00,243.80
115571,6.15,250.00,100,3.00,243.85
115671,6.13,250.00,100,3.00,243.87
115771,6.03,250.00,100,3.00,243.97
115871,6.04,250.00,100,3.00,243.96
115971,6.11,250.00,100,3.00,243.89
116071,6.19,250.00,100,3.00,243.81
116171,6.17,250.00,100,3.00,243.83
116271,6.12,250.00,100,3.00,243.88
116371,6.15,250.00,100,3.00,243.85
116471,6.18,250.00,100,3.00,243.82
116571,6.23,250.00,100,3.00,243.77
116671,6.28,250.00,100,3.00,243.72
116771,6.35,250.00,100,3.00,243.65
116871,6.36,250.00,100,3.00,243.64
116971,6.34,250.00,100,3.00,243.66
117071,6.43,250.00,100,3.00,243.57
117171,6.43,250.00,100,3.00,243.57
117271,6.41,250.00,100,3.00,243.59
117371,6.33,250.00,100,3.00,243.67
117471,6.29,250.00,100,3.00,243.71
117571,6.26,250.00,100,3.00,243.74
117671,6.33,250.00,100,3.00,243.67
117771,6.39,250.00,100,3.00,243.61
117871,6.34,250.00,100,3.00,243.66
117971,6.38,250.00,100,3.00,243.62
118071,6.41,250.00,100,3.00,243.59
118171,6.42,250.00,100,3.00,243.58
118271,6.39,250.00,100,3.00,243.61
118371,6.32,250.00,100,3.00,243.68
118471,6.33,250.00,100,3.00,243.67
118571,6.32,250.00,100,3.00,243.68
118671,6.33,250.00,100,3.00,243.67
118771,6.40,250.00,100,3.00,243.60
118871,6.45,250.00,100,3.00,243.55
118971,6.48,250.00,100,3.00,243.52
119071,6.45,250.00,100,3.00,243.55
119171,6.40,250.00,100,3.00,243.60
119271,6.32,250.00,100,3.00,243.68
119371,6.31,250.00,100,3.00,243.69
119471,6.35,250.00,100,3.00,243.65
119571,6.28,250.00,100,3.00,243.72
119671,6.27,250.00,100,3.00,243.73
119771,6.21,250.00,100,3.00,243.79
119871,6.34,250.00,100,3.00,243.66
119971,6.27,250.00,100,3.00,243.73
120071,6.24,250.00,100,3.00,243.76
120171,6.28,250.00,100,3.00,243.72
120271,6.30,250.00,100,3.00,243.70
120371,6.34,250.00,100,3.00,243.66
120471,6.27,250.00,100,3.00,243.73
120571,6.32,250.00,100,3.00,243.68
120671,6.33,250.00,100,3.00,243.67
120771,6.32,250.00,100,3.00,243.68
120871,6.30,250.00,100,3.00,243.70
120971,6.37,250.00,100,3.00,243.63
121071,6.35,250.00,100,3.00,243.65
121171,6.34,250.00,100,3.00,243.66
121271,6.29,250.00,100,3.00,243.71
121371,6.39,250.00,100,3.00,243.61
121471,6.34,250.00,100,3.00,243.66
121571,6.27,250.00,100,3.00,243.73
121671,6.29,250.00,100,3.00,243.71
121771,6.23,250.00,100,3.00,243.77
121871,6.17,250.00,100,3.00,243.83
121971,6.25,250.00,100,3.00,243.75
122071,6.22,250.00,100,3.00,243.78
122171,6.24,250.00,100,3.00,243.76
122271,6.31,250.00,100,3.00,243.69
122371,6.33,250.00,100,3.00,243.67
122471,6.31,250.00,100,3.00,243.69
122571,6.25,250.00,100,3.00,243.75
122671,6.27,250.00,100,3.00,243.73
122771,6.26,250.00,100,3.00,243.74
122871,6.25,250.00,100,3.00,243.75
122971,6.30,250.00,100,3.00,243.70
123071,6.37,250.00,100,3.00,243.63
123171,6.37,250.00,100,3.00,243.63
123271,6.38,250.00,100,3.00,243.62
123371,6.34,250.00,100,3.00,243.66
123471,6.27,250.00,100,3.00,243.73
123571,6.26,250.00,100,3.00,243.74
123671,6.23,250.00,100,3.00,243.77
123771,6.17,250.00,100,3.00,243.83
123871,6.12,250.00,100,3.00,243.88
123971,6.21,250.00,100,3.00,243.79
124071,6.31,250.00,100,3.00,243.69
124171,6.32,250.00,100,3.00,243.68
124271,6.28,250.00,100,3.00,243.72
124371,6.30,250.00,100,3.00,243.70
124471,6.26,250.00,100,3.00,243.74
124571,6.25,250.00,100,3.00,243.75
124671,6.22,250.00,100,3.00,243.78
124771,6.27,250.00,100,3.00,243.73
124871,6.26,250.00,100,3.00,243.74
124971,6.26,250.00,100,3.00,243.74
125071,6.33,250.00,100,3.00,243.67
125171,6.23,250.00,100,3.00,243.77
125271,6.31,250.00,100,3.00,243.69
125371,6.32,250.00,100,3.00,243.68
125471,6.25,250.00,100,3.00,243.75
125571,6.37,250.00,100,3.00,243.63
125671,6.38,250.00,100,3.00,243.62
125771,6.41,250.00,100,3.00,243.59
125871,6.37,250.00,100,3.00,243.63
125971,6.30,250.00,100,3.00,243.70
126071,6.26,250.00,100,3.00,243.74
126171,6.33,250.00,100,3.00,243.67
126271,6.26,250.00,100,3.00,243.74
126371,6.28,250.00,100,3.00,243.72
126471,6.32,250.00,100,3.00,243.68
126571,6.34,250.00,100,3.00,243.66
126671,6.32,250.00,100,3.00,243.68
126771,6.28,250.00,100,3.00,243.72
126871,6.30,250.00,100,3.00,243.70
126971,6.32,250.00,100,3.00,243.68
127071,6.33,250.00,100,3.00,243.67
127171,6.39,250.00,100,3.00,243.61
127271,6.45,250.00,100,3.00,243.55
127371,6.47,250.00,100,3.00,243.53
127471,6.42,250.00,100,3.00,243.58
127571,6.40,250.00,100,3.00,243.60
127671,6.40,250.00,100,3.00,243.60
127771,6.38,250.00,100,3.00,243.62
127871,6.39,250.00,100,3.00,243.61
127971,6.32,250.00,100,3.00,243.68
128071,6.28,250.00,100,3.00,243.72
128171,6.37,250.00,100,3.00,243.63
128271,6.30,250.00,100,3.00,243.70
128371,6.32,250.00,100,3.00,243.68
128471,6.28,250.00,100,3.00,243.72
128571,6.32,250.00,100,3.00,243.68
128671,6.31,250.00,100,3.00,243.69
128771,6.30,250.00,100,3.00,243.70
128871,6.31,250.00,100,3.00,243.69
128971,6.30,250.00,100,3.00,243.70
129071,6.26,250.00,100,3.00,243.74
129171,6.23,250.00,100,3.00,243.77
129271,6.30,250.00,100,3.00,243.70
129371,6.24,250.00,100,3.00,243.76
129471,6.29,250.00,100,3.00,243.71
129571,6.28,250.00,100,3.00,243.72
129671,6.24,250.00,100,3.00,243.76
129771,6.34,250.00,100,3.00,243.66
129871,6.30,250.00,100,3.00,243.70
129971,6.23,250.00,100,3.00,243.77
130071,6.26,250.00,100,3.00,243.74
130171,6.20,250.00,100,3.00,243.80
130271,6.12,250.00,100,3.00,243.88
130371,6.23,250.00,100,3.00,243.77
130471,6.14,250.00,100,3.00,243.86
130571,6.12,250.00,100,3.00,243.88
130671,6.18,250.00,100,3.00,243.82
130771,6.16,250.00,100,3.00,243.84
130871,6.16,250.00,100,3.00,243.84
130971,6.14,250.00,100,3.00,243.86
131071,6.12,250.00,100,3.00,243.88
131171,6.10,250.00,100,3.00,243.90
131271,6.05,250.00,100,3.00,243.95
131371,6.12,250.00,100,3.00,243.88
131471,6.07,250.00,100,3.00,243.93
131571,6.11,250.00,100,3.00,243.89
131671,6.09,250.00,100,3.00,243.91
131771,6.08,250.00,100,3.00,243.92
131871,6.19,250.00,100,3.00,243.81
131971,6.16,250.00,100,3.00,243.84
132071,6.11,250.00,100,3.00,243.89
132171,6.07,250.00,100,3.00,243.93
132271,6.08,250.00,100,3.00,243.92
132371,6.04,250.00,100,3.00,243.96
132471,6.13,250.00,100,3.00,243.87
132571,6.11,250.00,100,3.00,243.89
132671,6.09,250.00,100,3.00,243.91
132771,6.16,250.00,100,3.00,243.84
132871,6.16,250.00,100,3.00,243.84
132971,6.14,250.00,100,3.00,243.86
133071,6.06,250.00,100,3.00,243.94
133171,6.10,250.00,100,3.00,243.90
133271,6.11,250.00,100,3.00,243.89
133371,6.07,250.00,100,3.00,243.93
133471,6.10,250.00,100,3.00,243.90
133571,6.19,250.00,100,3.00,243.81
133671,6.19,250.00,100,3.00,243.81
133771,6.19,250.00,100,3.00,243.81
133871,6.14,250.00,100,3.00,243.86
133971,6.06,250.00,100,3.00,243.94
134071,6.05,250.00,100,3.00,243.95
134171,5.99,250.00,100,3.00,244.01
134271,5.95,250.00,100,3.00,244.05
134371,5.92,250.00,100,3.00,244.08
134471,6.05,250.00,100,3.00,243.95
134571,6.14,250.00,100,3.00,243.86
134671,6.04,250.00,100,3.00,243.96
134771,6.11,250.00,100,3.00,243.89
134871,6.14,250.00,100,3.00,243.86
134971,6.15,250.00,100,3.00,243.85
135071,6.15,250.00,100,3.00,243.85
135171,6.10,250.00,100,3.00,243.90
135271,6.16,250.00,100,3.00,243.84
135371,6.19,250.00,100,3.00,243.81
135471,6.22,250.00,100,3.00,243.78
135571,6.27,250.00,100,3.00,243.73
135671,6.34,250.00,100,3.00,243.66
135771,6.35,250.00,100,3.00,243.65
135871,6.33,250.00,100,3.00,243.67
135971,6.32,250.00,100,3.00,243.68
136071,6.28,250.00,100,3.00,243.72
136171,6.27,250.00,100,3.00,243.73
136271,6.24,250.00,100,3.00,243.76
136371,6.18,250.00,100,3.00,243.82
136471,6.15,250.00,100,3.00,243.85
136571,6.26,250.00,100,3.00,243.74
136671,6.35,250.00,100,3.00,243.65
136771,6.31,250.00,100,3.00,243.69
136871,6.33,250.00,100,3.00,243.67
136971,6.36,250.00,100,3.00,243.64
137071,6.32,250.00,100,3.00,243.68
137171,6.31,250.00,100,3.00,243.69
137271,6.32,250.00,100,3.00,243.68
137371,6.31,250.00,100,3.00,243.69
137471,6.30,250.00,100,3.00,243.70
137571,6.26,250.00,100,3.00,243.74
137671,6.31,250.00,100,3.00,243.69
137771,6.37,250.00,100,3.00,243.63
137871,6.35,250.00,100,3.00,243.65
137971,6.31,250.00,100,3.00,243.69
138071,6.30,250.00,100,3.00,243.70
138171,6.31,250.00,100,3.00,243.69
138271,6.28,250.00,100,3.00,243.72
138371,6.24,250.00,100,3.00,243.76
138471,6.18,250.00,100,3.00,243.82
138571,6.13,250.00,100,3.00,243.87
138671,6.11,250.00,100,3.00,243.89
138771,6.07,250.00,100,3.00,243.93
138871,6.08,250.00,100,3.00,243.92
138971,6.12,250.00,100,3.00,243.88
139071,6.20,250.00,100,3.00,243.80
139171,6.17,250.00,100,3.00,243.83
139271,6.20,250.00,100,3.00,243.80
139371,6.17,250.00,100,3.00,243.83
139471,6.23,250.00,100,3.00,243.77
139571,6.22,250.00,100,3.00,243.78
139671,6.27,250.00,100,3.00,243.73
139771,6.32,250.00,100,3.00,243.68
139871,6.38,250.00,100,3.00,243.62
139971,6.39,250.00,100,3.00,243.61
140071,6.37,250.00,100,3.00,243.63
140171,6.35,250.00,100,3.00,243.65
140271,6.36,250.00,100,3.00,243.64
140371,6.37,250.00,100,3.00,243.63
140471,6.33,250.00,100,3.00,243.67
140571,6.29,250.00,100,3.00,243.71
140671,6.28,250.00,100,3.00,243.72
140771,6.39,250.00,100,3.00,243.61
140871,6.47,250.00,100,3.00,243.53
140971,6.47,250.00,100,3.00,243.53
141071,6.44,250.00,100,3.00,243.56
141171,6.52,250.00,100,3.00,243.48
141271,6.49,250.00,100,3.00,243.51
141371,6.48,250.00,100,3.00,243.52
141471,6.43,250.00,100,3.00,243.57
141571,6.43,250.00,100,3.00,243.57
141671,6.46,250.00,100,3.00,243.54
141771,6.41,250.00,100,3.00,243.59
141871,6.46,250.00,100,3.00,243.54
141971,6.51,250.00,100,3.00,243.49
142071,6.56,250.00,100,3.00,243.44
142171,6.52,250.00,100,3.00,243.48
142271,6.49,250.00,100,3.00,243.51
142371,6.43,250.00,100,3.00,243.57
142471,6.43,250.00,100,3.00,243.57
142571,6.38,250.00,100,3.00,243.62
142671,6.36,250.00,100,3.00,243.64
142771,6.32,250.00,100,3.00,243.68
142871,6.41,250.00,100,3.00,243.59
142971,6.36,250.00,100,3.00,243.64
143071,6.26,250.00,100,3.00,243.74
143171,6.31,250.00,100,3.00,243.69
143271,6.40,250.00,100,3.00,243.60
143371,6.43,250.00,100,3.00,243.57
143471,6.41,250.00,100,3.00,243.59
143571,6.38,250.00,100,3.00,243.62
143671,6.39,250.00,100,3.00,243.61
143771,6.40,250.00,100,3.00,243.60
143871,6.32,250.00,100,3.00,243.68
143971,6.39,250.00,100,3.00,243.61
144071,6.34,250.00,100,3.00,243.66
144171,6.38,250.00,100,3.00,243.62
144271,6.36,250.00,100,3.00,243.64
144371,6.34,250.00,100,3.00,243.66
144471,6.30,250.00,100,3.00,243.70
144571,6.32,250.00,100,3.00,243.68
144671,6.28,250.00,100,3.00,243.72
144771,6.30,250.00,100,3.00,243.70
144871,6.29,250.00,100,3.00,243.71
144971,6.25,250.00,100,3.00,243.75
145071,6.32,250.00,100,3.00,243.68
145171,6.28,250.00,100,3.00,243.72
145271,6.27,250.00,100,3.00,243.73
145371,6.32,250.00,100,3.00,243.68
145471,6.33,250.00,100,3.00,243.67
145571,6.29,250.00,100,3.00,243.71
145671,6.23,250.00,100,3.00,243.77
145771,6.25,250.00,100,3.00,243.75
145871,6.27,250.00,100,3.00,243.73
145971,6.31,250.00,100,3.00,243.69
146071,6.40,250.00,100,3.00,243.60
146171,6.48,250.00,100,3.00,243.52
146271,6.50,250.00,100,3.00,243.50
146371,6.47,250.00,100,3.00,243.53
146471,6.45,250.00,100,3.00,243.55
146571,6.39,250.00,100,3.00,243.61
146671,6.40,250.00,100,3.00,243.60
146771,6.35,250.00,100,3.00,243.65
146871,6.36,250.00,100,3.00,243.64
146971,6.35,250.00,100,3.00,243.65
147071,6.28,250.00,100,3.00,243.72
147171,6.37,250.00,100,3.00,243.63
147271,6.35,250.00,100,3.00,243.65
147371,6.34,250.00,100,3.00,243.66
147471,6.35,250.00,100,3.00,243.65
147571,6.33,250.00,100,3.00,243.67
147671,6.34,250.00,100,3.00,243.66
147771,6.30,250.00,100,3.00,243.70
147871,6.34,250.00,100,3.00,243.66
147971,6.35,250.00,100,3.00,243.65
148071,6.34,250.00,100,3.00,243.66
148171,6.40,250.00,100,3.00,243.60
148271,6.46,250.00,100,3.00,243.54
148371,6.46,250.00,100,3.00,243.54
148471,6.43,250.00,100,3.00,243.57
148571,6.38,250.00,100,3.00,243.62
148671,6.33,250.00,100,3.00,243.67
148771,6.35,250.00,100,3.00,243.65
148871,6.30,250.00,100,3.00,243.70
148971,6.32,250.00,100,3.00,243.68
149071,6.31,250.00,100,3.00,243.69
149171,6.27,250.00,100,3.00,243.73
149271,6.39,250.00,100,3.00,243.61
149371,6.34,250.00,100,3.00,243.66
149471,6.40,250.00,100,3.00,243.60
149571,6.43,250.00,100,3.00,243.57
149671,6.51,250.00,100,3.00,243.49
149771,6.48,250.00,100,3.00,243.52
149871,6.45,250.00,100,3.00,243.55
149971,6.48,250.00,100,3.00,243.52
150071,6.47,250.00,100,3.00,243.53
150171,6.42,250.00,100,3.00,243.58
150271,6.47,250.00,100,3.00,243.53
150371,6.42,250.00,100,3.00,243.58
150471,6.45,250.00,100,3.00,243.55
150571,6.45,250.00,100,3.00,243.55
150671,6.42,250.00,100,3.00,243.58
150771,6.55,250.00,100,3.00,243.45
150871,6.51,250.00,100,3.00,243.49
150971,6.48,250.00,100,3.00,243.52
151071,6.50,250.00,100,3.00,243.50
151171,6.47,250.00,100,3.00,243.53
151271,6.42,250.00,100,3.00,243.58
151371,6.42,250.00,100,3.00,243.58
151471,6.32,250.00,100,3.00,243.68
151571,6.31,250.00,100,3.00,243.69
151671,6.35,250.00,100,3.00,243.65
151771,6.36,250.00,100,3.00,243.64
151871,6.34,250.00,100,3.00,243.66
151971,6.30,250.00,100,3.00,243.70
152071,6.31,250.00,100,3.00,243.69
152171,6.40,250.00,100,3.00,243.60
152271,6.38,250.00,100,3.00,243.62
152371,6.44,250.00,100,3.00,243.56
152471,6.36,250.00,100,3.00,243.64
152571,6.37,250.00,100,3.00,243.63
152671,6.35,250.00,100,3.00,243.65
152771,6.34,250.00,100,3.00,243.66
152871,6.27,250.00,100,3.00,243.73
152971,6.31,250.00,100,3.00,243.69
153071,6.30,250.00,100,3.00,243.70
153171,6.26,250.00,100,3.00,243.74
153271,6.26,250.00,100,3.00,243.74
153371,6.33,250.00,100,3.00,243.67
153471,6.39,250.00,100,3.00,243.61
153571,6.32,250.00,100,3.00,243.68
153671,6.31,250.00,100,3.00,243.69
153771,6.37,250.00,100,3.00,243.63
153871,6.35,250.00,100,3.00,243.65
153971,6.41,250.00,100,3.00,243.59
154071,6.39,250.00,100,3.00,243.61
154171,6.37,250.00,100,3.00,243.63
154271,6.40,250.00,100,3.00,243.60
154371,6.38,250.00,100,3.00,243.62
154471,6.44,250.00,100,3.00,243.56
154571,6.52,250.00,100,3.00,243.48
154671,6.56,250.00,100,3.00,243.44
154771,6.52,250.00,100,3.00,243.48
154871,6.47,250.00,100,3.00,243.53
154971,6.49,250.00,100,3.00,243.51
155071,6.43,250.00,100,3.00,243.57
155171,6.38,250.00,100,3.00,243.62
155271,6.39,250.00,100,3.00,243.61
155371,6.37,250.00,100,3.00,243.63
155471,6.45,250.00,100,3.00,243.55
155571,6.55,250.00,100,3.00,243.45
155671,6.52,250.00,100,3.00,243.48
155771,6.48,250.00,100,3.00,243.52
155871,6.51,250.00,100,3.00,243.49
155971,6.50,250.00,100,3.00,243.50
156071,6.47,250.00,100,3.00,243.53
156171,6.44,250.00,100,3.00,243.56
156271,6.39,250.00,100,3.00,243.61
156371,6.37,250.00,100,3.00,243.63
156471,6.33,250.00,100,3.00,243.67
156571,6.39,250.00,100,3.00,243.61
156671,6.34,250.00,100,3.00,243.66
156771,6.38,250.00,100,3.00,243.62
156871,6.36,250.00,100,3.00,243.64
156971,6.32,250.00,100,3.00,243.68
157071,6.46,250.00,100,3.00,243.54
157171,6.43,250.00,100,3.00,243.57
157271,6.35,250.00,100,3.00,243.65
157371,6.31,250.00,100,3.00,243.69
157471,6.27,250.00,100,3.00,243.73
157571,6.37,250.00,100,3.00,243.63
157671,6.43,250.00,100,3.00,243.57
157771,6.35,250.00,100,3.00,243.65
157871,6.38,250.00,100,3.00,243.62
157971,6.44,250.00,100,3.00,243.56
158071,6.42,250.00,100,3.00,243.58
158171,6.39,250.00,100,3.00,243.61
158271,6.32,250.00,100,3.00,243.68
158371,6.36,250.00,100,3.00,243.64
158471,6.37,250.00,100,3.00,243.63
158571,6.33,250.00,100,3.00,243.67
158671,6.36,250.00,100,3.00,243.64
158771,6.32,250.00,100,3.00,243.68
158871,6.33,250.00,100,3.00,243.67
158971,6.35,250.00,100,3.00,243.65
159071,6.43,250.00,100,3.00,243.57
159171,6.46,250.00,100,3.00,243.54
159271,6.43,250.00,100,3.00,243.57
159371,6.41,250.00,100,3.00,243.59
159471,6.39,250.00,100,3.00,243.61
159571,6.34,250.00,100,3.00,243.66
159671,6.43,250.00,100,3.00,243.57
159771,6.48,250.00,100,3.00,243.52
159871,6.48,250.00,100,3.00,243.52
159971,6.45,250.00,100,3.00,243.55
160071,6.50,250.00,100,3.00,243.50
160171,6.49,250.00,100,3.00,243.51
160271,6.49,250.00,100,3.00,243.51
160371,6.43,250.00,100,3.00,243.57
160471,6.44,250.00,100,3.00,243.56
160571,6.41,250.00,100,3.00,243.59
160671,6.39,250.00,100,3.00,243.61
160771,6.40,250.00,100,3.00,243.60
160871,6.45,250.00,100,3.00,243.55
160971,6.45,250.00,100,3.00,243.55
161071,6.45,250.00,100,3.00,243.55
161171,6.43,250.00,100,3.00,243.57
161271,6.38,250.00,100,3.00,243.62
161371,6.38,250.00,100,3.00,243.62
161471,6.42,250.00,100,3.00,243.58
161571,6.37,250.00,100,3.00,243.63
161671,6.30,250.00,100,3.00,243.70
161771,6.23,250.00,100,3.00,243.77
161871,6.31,250.00,100,3.00,243.69
161971,6.35,250.00,100,3.00,243.65
162071,6.38,250.00,100,3.00,243.62
162171,6.46,250.00,100,3.00,243.54
162271,6.44,250.00,100,3.00,243.56
162371,6.41,250.00,100,3.00,243.59
162471,6.36,250.00,100,3.00,243.64
162571,6.40,250.00,100,3.00,243.60
162671,6.40,250.00,100,3.00,243.60
162771,6.38,250.00,100,3.00,243.62
162871,6.47,250.00,100,3.00,243.53
162971,6.41,250.00,100,3.00,243.59
163071,6.44,250.00,100,3.00,243.56
163171,6.44,250.00,100,3.00,243.56
163271,6.42,250.00,100,3.00,243.58
163371,6.34,250.00,100,3.00,243.66
163471,6.35,250.00,100,3.00,243.65
163571,6.34,250.00,100,3.00,243.66
163671,6.27,250.00,100,3.00,243.73
163771,6.24,250.00,100,3.00,243.76
163871,6.36,250.00,100,3.00,243.64
163971,6.47,250.00,100,3.00,243.53
164071,6.41,250.00,100,3.00,243.59
164171,6.36,250.00,100,3.00,243.64
164271,6.42,250.00,100,3.00,243.58
164371,6.40,250.00,100,3.00,243.60
164471,6.38,250.00,100,3.00,243.62
164571,6.36,250.00,100,3.00,243.64
164671,6.40,250.00,100,3.00,243.60
164771,6.38,250.00,100,3.00,243.62
164871,6.36,250.00,100,3.00,243.64
164971,6.37,250.00,100,3.00,243.63
165071,6.32,250.00,100,3.00,243.68
165171,6.36,250.00,100,3.00,243.64
165271,6.34,250.00,100,3.00,243.66
165371,6.30,250.00,100,3.00,243.70
165471,6.32,250.00,100,3.00,243.68
165571,6.31,250.00,100,3.00,243.69
165671,6.24,250.00,100,3.00,243.76
165771,6.18,250.00,100,3.00,243.82
165871,6.13,250.00,100,3.00,243.87
165971,6.24,250.00,100,3.00,243.76
166071,6.21,250.00,100,3.00,243.79
166171,6.21,250.00,100,3.00,243.79
166271,6.26,250.00,100,3.00,243.74
166371,6.30,250.00,100,3.00,243.70
166471,6.32,250.00,100,3.00,243.68
166571,6.30,250.00,100,3.00,243.70
166671,6.27,250.00,100,3.00,243.73
166771,6.29,250.00,100,3.00,243.71
166871,6.33,250.00,100,3.00,243.67
166971,6.39,250.00,100,3.00,243.61
167071,6.45,250.00,100,3.00,243.55
167171,6.40,250.00,100,3.00,243.60
167271,6.43,250.00,100,3.00,243.57
167371,6.43,250.00,100,3.00,243.57
167471,6.53,250.00,100,3.00,243.47
167571,6.55,250.00,100,3.00,243.45
167671,6.54,250.00,100,3.00,243.46
167771,6.42,250.00,100,3.00,243.58
167871,6.38,250.00,100,3.00,243.62
167971,6.36,250.00,100,3.00,243.64
168071,6.29,250.00,100,3.00,243.71
168171,6.38,250.00,100,3.00,243.62
168271,6.33,250.00,100,3.00,243.67
168371,6.40,250.00,100,3.00,243.60
168471,6.43,250.00,100,3.00,243.57
168571,6.43,250.00,100,3.00,243.57
168671,6.43,250.00,100,3.00,243.57
168771,6.36,250.00,100,3.00,243.64
168871,6.37,250.00,100,3.00,243.63
168971,6.35,250.00,100,3.00,243.65
169071,6.38,250.00,100,3.00,243.62
169171,6.42,250.00,100,3.00,243.58
169271,6.37,250.00,100,3.00,243.63
169371,6.35,250.00,100,3.00,243.65
169471,6.31,250.00,100,3.00,243.69
169571,6.27,250.00,100,3.00,243.73
169671,6.21,250.00,100,3.00,243.79
169771,6.21,250.00,100,3.00,243.79
169871,6.15,250.00,100,3.00,243.85
169971,6.16,250.00,100,3.00,243.84
170071,6.16,250.00,100,3.00,243.84
170171,6.24,250.00,100,3.00,243.76
170271,6.21,250.00,100,3.00,243.79
170371,6.16,250.00,100,3.00,243.84
170471,6.16,250.00,100,3.00,243.84
170571,6.21,250.00,100,3.00,243.79
170671,6.19,250.00,100,3.00,243.81
170771,6.21,250.00,100,3.00,243.79
170871,6.16,250.00,100,3.00,243.84
170971,6.19,250.00,100,3.00,243.81
171071,6.21,250.00,100,3.00,243.79
171171,6.24,250.00,100,3.00,243.76
171271,6.28,250.00,100,3.00,243.72
171371,6.35,250.00,100,3.00,243.65
171471,6.36,250.00,100,3.00,243.64
171571,6.34,250.00,100,3.00,243.66
171671,6.33,250.00,100,3.00,243.67
171771,6.26,250.00,100,3.00,243.74
171871,6.26,250.00,100,3.00,243.74
171971,6.20,250.00,100,3.00,243.80
172071,6.17,250.00,100,3.00,243.83
172171,6.17,250.00,100,3.00,243.83
172271,6.28,250.00,100,3.00,243.72
172371,6.37,250.00,100,3.00,243.63
172471,6.32,250.00,100,3.00,243.68
172571,6.39,250.00,100,3.00,243.61
172671,6.42,250.00,100,3.00,243.58
172771,6.40,250.00,100,3.00,243.60
172871,6.38,250.00,100,3.00,243.62
172971,6.36,250.00,100,3.00,243.64
173071,6.37,250.00,100,3.00,243.63
173171,6.35,250.00,100,3.00,243.65
173271,6.28,250.00,100,3.00,243.72
173371,6.32,250.00,100,3.00,243.68
173471,6.39,250.00,100,3.00,243.61
173571,6.39,250.00,100,3.00,243.61
173671,6.37,250.00,100,3.00,243.63
173771,6.33,250.00,100,3.00,243.67
173871,6.29,250.00,100,3.00,243.71
173971,6.28,250.00,100,3.00,243.72
174071,6.30,250.00,100,3.00,243.70
174171,6.31,250.00,100,3.00,243.69
174271,6.25,250.00,100,3.00,243.75
174371,6.34,250.00,100,3.00,243.66
174471,6.40,250.00,100,3.00,243.60
174571,6.38,250.00,100,3.00,243.62
174671,6.34,250.00,100,3.00,243.66
174771,6.35,250.00,100,3.00,243.65
174871,6.31,250.00,100,3.00,243.69
174971,6.30,250.00,100,3.00,243.70
175071,6.34,250.00,100,3.00,243.66
175171,6.35,250.00,100,3.00,243.65
175271,6.36,250.00,100,3.00,243.64
175371,6.34,250.00,100,3.00,243.66
175471,6.38,250.00,100,3.00,243.62
175571,6.31,250.00,100,3.00,243.69
175671,6.35,250.00,100,3.00,243.65
175771,6.33,250.00,100,3.00,243.67
175871,6.29,250.00,100,3.00,243.71
175971,6.31,250.00,100,3.00,243.69
176071,6.30,250.00,100,3.00,243.70
176171,6.26,250.00,100,3.00,243.74
176271,6.28,250.00,100,3.00,243.72
176371,6.22,250.00,100,3.00,243.78
176471,6.16,250.00,100,3.00,243.84
176571,6.29,250.00,100,3.00,243.71
176671,6.17,250.00,100,3.00,243.83
176771,6.23,250.00,100,3.00,243.77
176871,6.28,250.00,100,3.00,243.72
176971,6.32,250.00,100,3.00,243.68
177071,6.31,250.00,100,3.00,243.69
177171,6.27,250.00,100,3.00,243.73
177271,6.29,250.00,100,3.00,243.71
177371,6.28,250.00,100,3.00,243.72
177471,6.24,250.00,100,3.00,243.76
177571,6.29,250.00,100,3.00,243.71
177671,6.33,250.00,100,3.00,243.67
177771,6.34,250.00,100,3.00,243.66
177871,6.30,250.00,100,3.00,243.70
177971,6.24,250.00,100,3.00,243.76
178071,6.26,250.00,100,3.00,243.74
178171,6.23,250.00,100,3.00,243.77
178271,6.17,250.00,100,3.00,243.83
178371,6.12,250.00,100,3.00,243.88
178471,6.05,250.00,100,3.00,243.95
178571,6.14,250.00,100,3.00,243.86
178671,6.22,250.00,100,3.00,243.78
178771,6.11,250.00,100,3.00,243.89
178871,6.09,250.00,100,3.00,243.91
178971,6.13,250.00,100,3.00,243.87
179071,6.14,250.00,100,3.00,243.86
179171,6.11,250.00,100,3.00,243.89
179271,6.04,250.00,100,3.00,243.96
179371,6.08,250.00,100,3.00,243.92
179471,6.09,250.00,100,3.00,243.91
179571,6.05,250.00,100,3.00,243.95
179671,6.12,250.00,100,3.00,243.88
179771,6.07,250.00,100,3.00,243.93
179871,6.11,250.00,100,3.00,243.89
179971,6.14,250.00,100,3.00,243.86
180071,6.12,250.00,100,3.00,243.88
180171,6.23,250.00,100,3.00,243.77
180271,6.23,250.00,100,3.00,243.77
180371,6.17,250.00,100,3.00,243.83
180471,6.17,250.00,100,3.00,243.83
180571,6.15,250.00,100,3.00,243.85
180671,6.25,250.00,100,3.00,243.75
180771,6.25,250.00,100,3.00,243.75
180871,6.22,250.00,100,3.00,243.78
180971,6.27,250.00,100,3.00,243.73
181071,6.31,250.00,100,3.00,243.69
181171,6.30,250.00,100,3.00,243.70
181271,6.29,250.00,100,3.00,243.71
181371,6.20,250.00,100,3.00,243.80
181471,6.20,250.00,100,3.00,243.80
181571,6.20,250.00,100,3.00,243.80
181671,6.22,250.00,100,3.00,243.78
182297,6.19,250.00,100,3.00,243.81
182922,6.34,250.00,100,3.00,243.66
183547,6.48,250.00,100,3.00,243.52
184172,6.45,250.00,100,3.00,243.55
184797,6.29,250.00,100,3.00,243.71
185422,6.38,250.00,100,3.00,243.62
186047,6.49,250.00,100,3.00,243.51
186672,6.53,250.00,100,3.00,243.47
187297,6.42,250.00,100,3.00,243.58
187922,6.37,250.00,100,3.00,243.63
188547,6.45,250.00,100,3.00,243.55
189172,6.58,250.00,100,3.00,243.42
189797,6.59,250.00,100,3.00,243.41
190422,6.44,250.00,100,3.00,243.56
191047,6.54,250.00,100,3.00,243.46
191672,6.68,250.00,100,3.00,243.32
192297,6.63,250.00,100,3.00,243.37
192922,6.54,250.00,100,3.00,243.46
193547,6.60,250.00,100,3.00,243.40
194172,6.69,250.00,100,3.00,243.31
194797,6.66,250.00,100,3.00,243.34
195422,6.56,250.00,100,3.00,243.44
196047,6.55,250.00,100,3.00,243.45
196672,6.71,250.00,100,3.00,243.29
197297,6.74,250.00,100,3.00,243.26
197922,6.63,250.00,100,3.00,243.37
198547,6.51,250.00,100,3.00,243.49
199172,6.53,250.00,100,3.00,243.47
199797,6.67,250.00,100,3.00,243.33
200422,6.70,250.00,100,3.00,243.30
201047,6.54,250.00,100,3.00,243.46
201672,6.48,250.00,100,3.00,243.52
202297,6.60,250.00,100,3.00,243.40
202922,6.71,250.00,100,3.00,243.29
203547,6.66,250.00,100,3.00,243.34
204172,6.50,250.00,100,3.00,243.50
204797,6.52,250.00,100,3.00,243.48
205422,6.64,250.00,100,3.00,243.36
206047,6.70,250.00,100,3.00,243.30
206672,6.59,250.00,100,3.00,243.41
207297,6.53,250.00,100,3.00,243.47
207922,6.62,250.00,100,3.00,243.38
208547,6.68,250.00,100,3.00,243.32
209172,6.66,250.00,100,3.00,243.34
209797,6.56,250.00,100,3.00,243.44
210422,6.62,250.00,100,3.00,243.38
211047,6.75,250.00,100,3.00,243.25
211672,6.72,250.00,100,3.00,243.28
212297,6.64,250.00,100,3.00,243.36
212922,6.62,250.00,100,3.00,243.38
213547,6.73,250.00,100,3.00,243.27
214172,6.73,250.00,100,3.00,243.27
214797,6.59,250.00,100,3.00,243.41
215422,6.47,250.00,100,3.00,243.53
216047,6.62,250.00,100,3.00,243.38
216672,6.70,250.00,100,3.00,243.30
217297,6.60,250.00,100,3.00,243.40
217922,6.40,250.00,100,3.00,243.60
218547,6.48,250.00,100,3.00,243.52
219172,6.57,250.00,100,3.00,243.43
219797,6.56,250.00,100,3.00,243.44
220422,6.44,250.00,100,3.00,243.56
221047,6.42,250.00,100,3.00,243.58
221672,6.55,250.00,100,3.00,243.45
222297,6.64,250.00,100,3.00,243.36
222922,6.62,250.00,100,3.00,243.38
223547,6.50,250.00,100,3.00,243.50
224172,6.66,250.00,100,3.00,243.34
224797,6.72,250.00,100,3.00,243.28
225422,6.72,250.00,100,3.00,243.28
226047,6.56,250.00,100,3.00,243.44
226672,6.60,250.00,100,3.00,243.40
227297,6.68,250.00,100,3.00,243.32
227922,6.68,250.00,100,3.00,243.32
228547,6.63,250.00,100,3.00,243.37
229172,6.56,250.00,100,3.00,243.44
229797,6.63,250.00,100,3.00,243.37
230422,6.69,250.00,100,3.00,243.31
231047,6.66,250.00,100,3.00,243.34
231672,6.48,250.00,100,3.00,243.52
232297,6.58,250.00,100,3.00,243.42
232922,6.64,250.00,100,3.00,243.36
233547,6.67,250.00,100,3.00,243.33
234172,6.62,250.00,100,3.00,243.38
234797,6.58,250.00,100,3.00,243.42
235422,6.72,250.00,100,3.00,243.28
236047,6.79,250.00,100,3.00,243.21
236672,6.73,250.00,100,3.00,243.27
237297,6.57,250.00,100,3.00,243.43
237922,6.66,250.00,100,3.00,243.34
238547,6.74,250.00,100,3.00,243.26
239172,6.73,250.00,100,3.00,243.27
239797,6.60,250.00,100,3.00,243.40
240422,6.66,250.00,100,3.00,243.34
241047,6.66,250.00,100,3.00,243.34
241672,6.69,250.00,100,3.00,243.31
242297,6.56,250.00,100,3.00,243.44
242922,6.58,250.00,100,3.00,243.42
243547,6.66,250.00,100,3.00,243.34
244172,6.74,250.00,100,3.00,243.26
244797,6.66,250.00,100,3.00,243.34
245422,6.64,250.00,100,3.00,243.36
246047,6.75,250.00,100,3.00,243.25
246672,6.82,250.00,100,3.00,243.18
247297,6.70,250.00,100,3.00,243.30
247922,6.60,250.00,100,3.00,243.40
248547,6.71,250.00,100,3.00,243.29
249172,6.85,250.00,100,3.00,243.15
249797,6.79,250.00,100,3.00,243.21
250422,6.59,250.00,100,3.00,243.41
251047,6.65,250.00,100,3.00,243.35
251672,6.76,250.00,100,3.00,243.24
252297,6.85,250.00,100,3.00,243.15
252922,6.78,250.00,100,3.00,243.22
253547,6.62,250.00,100,3.00,243.38
254172,6.73,250.00,100,3.00,243.27
254797,6.77,250.00,100,3.00,243.23
255422,6.77,250.00,100,3.00,243.23
256047,6.55,250.00,100,3.00,243.45
256672,6.61,250.00,100,3.00,243.39
257297,6.67,250.00,100,3.00,243.33
257922,6.70,250.00,100,3.00,243.30
258547,6.65,250.00,100,3.00,243.35
259172,6.55,250.00,100,3.00,243.45
259797,6.71,250.00,100,3.00,243.29
260422,6.76,250.00,100,3.00,243.24
261047,6.73,250.00,100,3.00,243.27
261672,6.60,250.00,100,3.00,243.40
262297,6.73,250.00,100,3.00,243.27
262922,6.78,250.00,100,3.00,243.22
263547,6.72,250.00,100,3.00,243.28
264172,6.59,250.00,100,3.00,243.41
264797,6.65,250.00,100,3.00,243.35
265422,6.85,250.00,100,3.00,243.15
266047,6.91,250.00,100,3.00,243.09
266672,6.75,250.00,100,3.00,243.25
267297,6.54,250.00,100,3.00,243.46
267922,6.63,250.00,100,3.00,243.37
268547,6.71,250.00,100,3.00,243.29
269172,6.71,250.00,100,3.00,243.29
269797,6.58,250.00,100,3.00,243.42
270422,6.46,250.00,100,3.00,243.54
271047,6.63,250.00,100,3.00,243.37
271672,6.69,250.00,100,3.00,243.31
272297,6.58,250.00,100,3.00,243.42
272922,6.49,250.00,100,3.00,243.51
273547,6.56,250.00,100,3.00,243.44
274172,6.68,250.00,100,3.00,243.32
274797,6.73,250.00,100,3.00,243.27
275422,6.68,250.00,100,3.00,243.32
276047,6.60,250.00,100,3.00,243.40
276672,6.80,250.00,100,3.00,243.20
277297,6.87,250.00,100,3.00,243.13
277922,6.85,250.00,100,3.00,243.15
278547,6.73,250.00,100,3.00,243.27
279172,6.80,250.00,100,3.00,243.20
279797,6.84,250.00,100,3.00,243.16
280422,6.81,250.00,100,3.00,243.19
281047,6.69,250.00,100,3.00,243.31
281672,6.64,250.00,100,3.00,243.36
282297,6.72,250.00,100,3.00,243.28
282922,6.77,250.00,100,3.00,243.23
283547,6.71,250.00,100,3.00,243.29
284172,6.61,250.00,100,3.00,243.39
284797,6.76,250.00,100,3.00,243.24
285422,6.78,250.00,100,3.00,243.22
286047,6.77,250.00,100,3.00,243.23
286672,6.69,250.00,100,3.00,243.31
287297,6.72,250.00,100,3.00,243.28
287922,6.84,250.00,100,3.00,243.16
288547,6.92,250.00,100,3.00,243.08
289172,6.85,250.00,100,3.00,243.15
289797,6.68,250.00,100,3.00,243.32
290422,6.78,250.00,100,3.00,243.22
291047,6.87,250.00,100,3.00,243.13
291672,6.88,250.00,100,3.00,243.12
292297,6.76,250.00,100,3.00,243.24
292922,6.75,250.00,100,3.00,243.25
293547,6.82,250.00,100,3.00,243.18
294172,6.91,250.00,100,3.00,243.09
294797,6.89,250.00,100,3.00,243.11
295422,6.74,250.00,100,3.00,243.26
296047,6.79,250.00,100,3.00,243.21
296672,6.90,250.00,100,3.00,243.10
297297,6.85,250.00,100,3.00,243.15
297922,6.76,250.00,100,3.00,243.24
298547,6.68,250.00,100,3.00,243.32
299172,6.85,250.00,100,3.00,243.15
299797,6.91,250.00,100,3.00,243.09
300422,6.86,250.00,100,3.00,243.14
301047,6.77,250.00,100,3.00,243.23
301672,6.91,250.00,100,3.00,243.09
302297,6.96,250.00,100,3.00,243.04
302922,6.96,250.00,100,3.00,243.04
303547,6.83,250.00,100,3.00,243.17
304172,6.69,250.00,100,3.00,243.31
304797,6.88,250.00,100,3.00,243.12
305422,6.94,250.00,100,3.00,243.06
306047,6.81,250.00,100,3.00,243.19
306672,6.72,250.00,100,3.00,243.28
307297,6.80,250.00,100,3.00,243.20
307922,6.89,250.00,100,3.00,243.11
308547,6.79,250.00,100,3.00,243.21
309172,6.65,250.00,100,3.00,243.35
309797,6.68,250.00,100,3.00,243.32
310422,6.76,250.00,100,3.00,243.24
311047,6.78,250.00,100,3.00,243.22
311672,6.58,250.00,100,3.00,243.42
312297,6.67,250.00,100,3.00,243.33
312922,6.72,250.00,100,3.00,243.28
313547,6.72,250.00,100,3.00,243.28
314172,6.62,250.00,100,3.00,243.38
314797,6.70,250.00,100,3.00,243.30
315422,6.80,250.00,100,3.00,243.20
316047,6.81,250.00,100,3.00,243.19
316672,6.70,250.00,100,3.00,243.30
317297,6.73,250.00,100,3.00,243.27
317922,6.91,250.00,100,3.00,243.09
318547,6.94,250.00,100,3.00,243.06
319172,6.76,250.00,100,3.00,243.24
319797,6.60,250.00,100,3.00,243.40
320422,6.68,250.00,100,3.00,243.32
321047,6.71,250.00,100,3.00,243.29
321672,6.63,250.00,100,3.00,243.37
322297,6.54,250.00,100,3.00,243.46
322922,6.60,250.00,100,3.00,243.40
323547,6.69,250.00,100,3.00,243.31
324172,6.66,250.00,100,3.00,243.34
324797,6.56,250.00,100,3.00,243.44
325422,6.65,250.00,100,3.00,243.35
326047,6.78,250.00,100,3.00,243.22
326672,6.82,250.00,100,3.00,243.18
327297,6.76,250.00,100,3.00,243.24
327922,6.73,250.00,100,3.00,243.27
328547,6.82,250.00,100,3.00,243.18
329172,6.93,250.00,100,3.00,243.07
329797,6.91,250.00,100,3.00,243.09
330422,6.76,250.00,100,3.00,243.24
331047,6.83,250.00,100,3.00,243.17
331672,6.99,250.00,100,3.00,243.01
332297,6.98,250.00,100,3.00,243.02
332922,6.82,250.00,100,3.00,243.18
333547,6.68,250.00,100,3.00,243.32
334172,6.78,250.00,100,3.00,243.22
334797,6.80,250.00,100,3.00,243.20
335422,6.74,250.00,100,3.00,243.26
336047,6.60,250.00,100,3.00,243.40
336672,6.66,250.00,100,3.00,243.34
337297,6.81,250.00,100,3.00,243.19
337922,6.78,250.00,100,3.00,243.22
338547,6.69,250.00,100,3.00,243.31
339172,6.64,250.00,100,3.00,243.36
339797,6.82,250.00,100,3.00,243.18
340422,6.88,250.00,100,3.00,243.12
341047,6.84,250.00,100,3.00,243.16
341672,6.75,250.00,100,3.00,243.25
342297,6.82,250.00,100,3.00,243.18
342922,6.86,250.00,100,3.00,243.14
343547,6.82,250.00,100,3.00,243.18
344172,6.67,250.00,100,3.00,243.33
344797,6.73,250.00,100,3.00,243.27
345422,6.77,250.00,100,3.00,243.23
346047,6.72,250.00,100,3.00,243.28
346672,6.66,250.00,100,3.00,243.34
347297,6.64,250.00,100,3.00,243.36
347922,6.77,250.00,100,3.00,243.23
348547,6.81,250.00,100,3.00,243.19
349172,6.80,250.00,100,3.00,243.20
349797,6.72,250.00,100,3.00,243.28
350422,6.84,250.00,100,3.00,243.16
351047,6.90,250.00,100,3.00,243.10
351672,6.88,250.00,100,3.00,243.12
352297,6.68,250.00,100,3.00,243.32
352922,6.75,250.00,100,3.00,243.25
353547,6.85,250.00,100,3.00,243.15
354172,6.88,250.00,100,3.00,243.12
354797,6.76,250.00,100,3.00,243.24
355422,6.65,250.00,100,3.00,243.35
356047,6.75,250.00,100,3.00,243.25
356672,6.75,250.00,100,3.00,243.25
357297,6.75,250.00,100,3.00,243.25
357922,6.66,250.00,100,3.00,243.34
358547,6.74,250.00,100,3.00,243.26
359172,6.79,250.00,100,3.00,243.21
359797,6.83,250.00,100,3.00,243.17
360422,6.74,250.00,100,3.00,243.26
361047,6.76,250.00,100,3.00,243.24
361672,6.83,250.00,100,3.00,243.17
362297,6.82,250.00,100,3.00,243.18
362922,6.73,250.00,100,3.00,243.27
363547,6.65,250.00,100,3.00,243.35
364172,6.73,250.00,100,3.00,243.27
364797,6.80,250.00,100,3.00,243.20
365422,6.71,250.00,100,3.00,243.29
366047,6.58,250.00,100,3.00,243.42
366672,6.67,250.00,100,3.00,243.33
367297,6.77,250.00,100,3.00,243.23
367922,6.76,250.00,100,3.00,243.24
368547,6.65,250.00,100,3.00,243.35
369172,6.58,250.00,100,3.00,243.42
369797,6.72,250.00,100,3.00,243.28
370422,6.81,250.00,100,3.00,243.19
371047,6.75,250.00,100,3.00,243.25
371672,6.56,250.00,100,3.00,243.44
372297,6.58,250.00,100,3.00,243.42
372922,6.64,250.00,100,3.00,243.36
373547,6.69,250.00,100,3.00,243.31
374172,6.57,250.00,100,3.00,243.43
374797,6.50,250.00,100,3.00,243.50
375422,6.60,250.00,100,3.00,243.40
376047,6.66,250.00,100,3.00,243.34
376672,6.58,250.00,100,3.00,243.42
377297,6.47,250.00,100,3.00,243.53
377922,6.59,250.00,100,3.00,243.41
378547,6.67,250.00,100,3.00,243.33
379172,6.65,250.00,100,3.00,243.35
379797,6.50,250.00,100,3.00,243.50
380422,6.59,250.00,100,3.00,243.41
381047,6.68,250.00,100,3.00,243.32
381672,6.76,250.00,100,3.00,243.24
382297,6.62,250.00,100,3.00,243.38
382922,6.63,250.00,100,3.00,243.37
383547,6.78,250.00,100,3.00,243.22
384172,6.80,250.00,100,3.00,243.20
384797,6.63,250.00,100,3.00,243.37
385422,6.51,250.00,100,3.00,243.49
386047,6.67,250.00,100,3.00,243.33
386672,6.73,250.00,100,3.00,243.27
387297,6.59,250.00,100,3.00,243.41
387922,6.53,250.00,100,3.00,243.47
388547,6.69,250.00,100,3.00,243.31
389172,6.77,250.00,100,3.00,243.23
389797,6.73,250.00,100,3.00,243.27
390422,6.60,250.00,100,3.00,243.40
391047,6.73,250.00,100,3.00,243.27
391672,6.78,250.00,100,3.00,243.22
392297,6.75,250.00,100,3.00,243.25
392922,6.59,250.00,100,3.00,243.41
393547,6.65,250.00,100,3.00,243.35
394172,6.75,250.00,100,3.00,243.25
394797,6.72,250.00,100,3.00,243.28
395422,6.59,250.00,100,3.00,243.41
396047,6.65,250.00,100,3.00,243.35
396672,6.78,250.00,100,3.00,243.22
397297,6.82,250.00,100,3.00,243.18
397922,6.71,250.00,100,3.00,243.29
398547,6.57,250.00,100,3.00,243.43
399172,6.71,250.00,100,3.00,243.29
399797,6.81,250.00,100,3.00,243.19
400422,6.72,250.00,100,3.00,243.28
401047,6.53,250.00,100,3.00,243.47
401672,6.70,250.00,100,3.00,243.30
402297,6.77,250.00,100,3.00,243.23
402922,6.81,250.00,100,3.00,243.19
403547,6.73,250.00,100,3.00,243.27
404172,6.67,250.00,100,3.00,243.33
404797,6.77,250.00,100,3.00,243.23
405422,6.84,250.00,100,3.00,243.16
406047,6.75,250.00,100,3.00,243.25
406672,6.67,250.00,100,3.00,243.33
407297,6.72,250.00,100,3.00,243.28
407922,6.77,250.00,100,3.00,243.23
408547,6.76,250.00,100,3.00,243.24
409172,6.57,250.00,100,3.00,243.43
409797,6.64,250.00,100,3.00,243.36
410422,6.72,250.00,100,3.00,243.28
411047,6.74,250.00,100,3.00,243.26
411672,6.69,250.00,100,3.00,243.31
412297,6.58,250.00,100,3.00,243.42
412922,6.74,250.00,100,3.00,243.26
413547,6.76,250.00,100,3.00,243.24
414172,6.71,250.00,100,3.00,243.29
414797,6.52,250.00,100,3.00,243.48
415422,6.61,250.00,100,3.00,243.39
416047,6.72,250.00,100,3.00,243.28
416672,6.72,250.00,100,3.00,243.28
417297,6.64,250.00,100,3.00,243.36
417922,6.57,250.00,100,3.00,243.43
418547,6.70,250.00,100,3.00,243.30
419172,6.78,250.00,100,3.00,243.22
419797,6.64,250.00,100,3.00,243.36
420422,6.54,250.00,100,3.00,243.46
421047,6.68,250.00,100,3.00,243.32
421672,6.71,250.00,100,3.00,243.29
422297,6.78,250.00,100,3.00,243.22
422922,6.70,250.00,100,3.00,243.30
423547,6.72,250.00,100,3.00,243.28
424172,6.77,250.00,100,3.00,243.23
424797,6.77,250.00,100,3.00,243.23
425422,6.71,250.00,100,3.00,243.29
426047,6.63,250.00,100,3.00,243.37
426672,6.74,250.00,100,3.00,243.26
427297,6.78,250.00,100,3.00,243.22
427922,6.70,250.00,100,3.00,243.30
428547,6.59,250.00,100,3.00,243.41
429172,6.66,250.00,100,3.00,243.34
429797,6.66,250.00,100,3.00,243.34
430422,6.71,250.00,100,3.00,243.29
431047,6.56,250.00,100,3.00,243.44
431672,6.62,250.00,100,3.00,243.38
432297,6.70,250.00,100,3.00,243.30
432922,6.75,250.00,100,3.00,243.25
433547,6.62,250.00,100,3.00,243.38
434172,6.63,250.00,100,3.00,243.37
434797,6.76,250.00,100,3.00,243.24
435422,6.83,250.00,100,3.00,243.17
436047,6.76,250.00,100,3.00,243.24
436672,6.76,250.00,100,3.00,243.24
437297,6.83,250.00,100,3.00,243.17
437922,6.81,250.00,100,3.00,243.19
438547,6.75,250.00,100,3.00,243.25
439172,6.70,250.00,100,3.00,243.30
439797,6.77,250.00,100,3.00,243.23
440422,6.81,250.00,100,3.00,243.19
441047,6.70,250.00,100,3.00,243.30
441672,6.62,250.00,100,3.00,243.38
442297,6.75,250.00,100,3.00,243.25
442922,6.75,250.00,100,3.00,243.25
443547,6.69,250.00,100,3.00,243.31
444172,6.64,250.00,100,3.00,243.36
444797,6.77,250.00,100,3.00,243.23
445422,6.81,250.00,100,3.00,243.19
446047,6.78,250.00,100,3.00,243.22
446672,6.64,250.00,100,3.00,243.36
447297,6.67,250.00,100,3.00,243.33
447922,6.77,250.00,100,3.00,243.23
448547,6.82,250.00,100,3.00,243.18
449172,6.78,250.00,100,3.00,243.22
449797,6.72,250.00,100,3.00,243.28
450422,6.77,250.00,100,3.00,243.23
451047,6.76,250.00,100,3.00,243.24
451672,6.73,250.00,100,3.00,243.27
452297,6.68,250.00,100,3.00,243.32
452922,6.75,250.00,100,3.00,243.25
453547,6.82,250.00,100,3.00,243.18
454172,6.86,250.00,100,3.00,243.14
454797,6.72,250.00,100,3.00,243.28
455422,6.74,250.00,100,3.00,243.26
456047,6.81,250.00,100,3.00,243.19
456672,6.85,250.00,100,3.00,243.15
457297,6.73,250.00,100,3.00,243.27
457922,6.68,250.00,100,3.00,243.32
458547,6.80,250.00,100,3.00,243.20
459172,6.89,250.00,100,3.00,243.11
459797,6.80,250.00,100,3.00,243.20
460422,6.63,250.00,100,3.00,243.37
461047,6.71,250.00,100,3.00,243.29
461672,6.71,250.00,100,3.00,243.29
462297,6.76,250.00,100,3.00,243.24
462922,6.68,250.00,100,3.00,243.32
463547,6.63,250.00,100,3.00,243.37
464172,6.69,250.00,100,3.00,243.31
464797,6.79,250.00,100,3.00,243.21
465422,6.78,250.00,100,3.00,243.22
466047,6.64,250.00,100,3.00,243.36
466672,6.70,250.00,100,3.00,243.30
467297,6.72,250.00,100,3.00,243.28
467922,6.69,250.00,100,3.00,243.31
468547,6.59,250.00,100,3.00,243.41
469172,6.65,250.00,100,3.00,243.35
469797,6.73,250.00,100,3.00,243.27
470422,6.70,250.00,100,3.00,243.30
471047,6.57,250.00,100,3.00,243.43
471672,6.59,250.00,100,3.00,243.41
472297,6.72,250.00,100,3.00,243.28
472922,6.72,250.00,100,3.00,243.28
473547,6.64,250.00,100,3.00,243.36
474172,6.57,250.00,100,3.00,243.43
474797,6.71,250.00,100,3.00,243.29
475422,6.78,250.00,100,3.00,243.22
476047,6.69,250.00,100,3.00,243.31
476672,6.54,250.00,100,3.00,243.46
477297,6.58,250.00,100,3.00,243.42
477922,6.62,250.00,100,3.00,243.38
478547,6.63,250.00,100,3.00,243.37
479172,6.50,250.00,100,3.00,243.50
479797,6.52,250.00,100,3.00,243.48
480422,6.54,250.00,100,3.00,243.46
481047,6.53,250.00,100,3.00,243.47
481672,6.42,250.00,100,3.00,243.58
482297,6.47,250.00,100,3.00,243.53
482922,6.57,250.00,100,3.00,243.43
483547,6.56,250.00,100,3.00,243.44
484172,6.47,250.00,100,3.00,243.53
484797,6.57,250.00,100,3.00,243.43
485422,6.68,250.00,100,3.00,243.32
486047,6.68,250.00,100,3.00,243.32
486672,6.63,250.00,100,3.00,243.37
487297,6.67,250.00,100,3.00,243.33
487922,6.77,250.00,100,3.00,243.23
488547,6.81,250.00,100,3.00,243.19
489172,6.78,250.00,100,3.00,243.22
489797,6.69,250.00,100,3.00,243.31
490422,6.72,250.00,100,3.00,243.28
491047,6.77,250.00,100,3.00,243.23
491672,6.68,250.00,100,3.00,243.32
492297,6.55,250.00,100,3.00,243.45
492922,6.64,250.00,100,3.00,243.36
493547,6.72,250.00,100,3.00,243.28
494172,6.67,250.00,100,3.00,243.33
494797,6.62,250.00,100,3.00,243.38
495422,6.63,250.00,100,3.00,243.37
496047,6.69,250.00,100,3.00,243.31
496672,6.72,250.00,100,3.00,243.28
497297,6.61,250.00,100,3.00,243.39
497922,6.57,250.00,100,3.00,243.43
498547,6.66,250.00,100,3.00,243.34
499172,6.71,250.00,100,3.00,243.29
499797,6.66,250.00,100,3.00,243.34
500422,6.56,250.00,100,3.00,243.44
501047,6.70,250.00,100,3.00,243.30
501672,6.80,250.00,100,3.00,243.20
502297,6.81,250.00,100,3.00,243.19
502922,6.64,250.00,100,3.00,243.36
503547,6.60,250.00,100,3.00,243.40
504172,6.73,250.00,100,3.00,243.27
504797,6.83,250.00,100,3.00,243.17
505422,6.74,250.00,100,3.00,243.26
506047,6.68,250.00,100,3.00,243.32
506672,6.83,250.00,100,3.00,243.17
507297,6.87,250.00,100,3.00,243.13
507922,6.88,250.00,100,3.00,243.12
508547,6.70,250.00,100,3.00,243.30
509172,6.78,250.00,100,3.00,243.22
509797,6.82,250.00,100,3.00,243.18
510422,6.86,250.00,100,3.00,243.14
511047,6.82,250.00,100,3.00,243.18
511672,6.86,250.00,100,3.00,243.14
512297,6.91,250.00,100,3.00,243.09
512922,6.92,250.00,100,3.00,243.08
513547,6.90,250.00,100,3.00,243.10
514172,6.83,250.00,100,3.00,243.17
514797,6.94,250.00,100,3.00,243.06
515422,6.99,250.00,100,3.00,243.01
516047,6.93,250.00,100,3.00,243.07
516672,6.83,250.00,100,3.00,243.17
517297,6.87,250.00,100,3.00,243.13
517922,6.98,250.00,100,3.00,243.02
518547,7.00,250.00,100,3.00,243.00
519172,6.92,250.00,100,3.00,243.08
519797,6.82,250.00,100,3.00,243.18
520422,6.88,250.00,100,3.00,243.12
521047,6.94,250.00,100,3.00,243.06
521672,6.92,250.00,100,3.00,243.08
522297,6.82,250.00,100,3.00,243.18
522922,6.81,250.00,100,3.00,243.19
523547,6.92,250.00,100,3.00,243.08
524172,6.95,250.00,100,3.00,243.05
524797,6.82,250.00,100,3.00,243.18
525422,6.73,250.00,100,3.00,243.27
526047,6.78,250.00,100,3.00,243.22
526672,6.80,250.00,100,3.00,243.20
527297,6.84,250.00,100,3.00,243.16
527922,6.77,250.00,100,3.00,243.23
528547,6.77,250.00,100,3.00,243.23
529172,6.78,250.00,100,3.00,243.22
529797,6.78,250.00,100,3.00,243.22
530422,6.69,250.00,100,3.00,243.31
531047,6.69,250.00,100,3.00,243.31
531672,6.74,250.00,100,3.00,243.26
532297,6.79,250.00,100,3.00,243.21
532922,6.73,250.00,100,3.00,243.27
533547,6.65,250.00,100,3.00,243.35
534172,6.71,250.00,100,3.00,243.29
534797,6.73,250.00,100,3.00,243.27
535422,6.70,250.00,100,3.00,243.30
536047,6.63,250.00,100,3.00,243.37
536672,6.71,250.00,100,3.00,243.29
537297,6.73,250.00,100,3.00,243.27
537922,6.76,250.00,100,3.00,243.24
538547,6.65,250.00,100,3.00,243.35
539172,6.77,250.00,100,3.00,243.23
539797,6.84,250.00,100,3.00,243.16
540422,6.85,250.00,100,3.00,243.15
541047,6.79,250.00,100,3.00,243.21
541672,6.90,250.00,100,3.00,243.10
542297,6.93,250.00,100,3.00,243.07
542922,6.80,250.00,100,3.00,243.20
543547,6.77,250.00,100,3.00,243.23
544172,6.84,250.00,100,3.00,243.16
544797,6.85,250.00,100,3.00,243.15
545422,6.83,250.00,100,3.00,243.17
546047,6.77,250.00,100,3.00,243.23
546672,6.86,250.00,100,3.00,243.14
547297,6.95,250.00,100,3.00,243.05
2172,nan,250.00,0,3.00,-nan
2271,nan,250.00,0,3.00,-nan
2371,nan,250.00,0,3.00,-nan
2471,nan,250.00,0,3.00,-nan
2571,nan,250.00,0,3.00,-nan
2671,nan,250.00,0,3.00,-nan
2771,nan,250.00,0,3.00,-nan
2871,nan,250.00,0,3.00,-nan
2971,nan,250.00,0,3.00,-nan
3071,4.00,250.00,100,3.00,246.00
3171,4.00,250.00,100,3.00,246.00
3271,4.00,250.00,100,3.00,246.00
3371,4.00,250.00,100,3.00,246.00
3471,4.00,250.00,100,3.00,246.00
3571,4.00,250.00,100,3.00,246.00
3671,4.00,250.00,100,3.00,246.00
3771,4.00,250.00,100,3.00,246.00
3871,4.00,250.00,100,3.00,246.00
3971,4.00,250.00,100,3.00,246.00
4071,4.00,250.00,100,3.00,246.00
4171,4.00,250.00,100,3.00,246.00
4271,4.00,250.00,100,3.00,246.00
4371,4.00,250.00,100,3.00,246.00
4471,4.00,250.00,100,3.00,246.00
4571,4.00,250.00,100,3.00,246.00
4671,4.00,250.00,100,3.00,246.00
4771,4.00,250.00,100,3.00,246.00
4871,4.00,250.00,100,3.00,246.00
4971,4.00,250.00,100,3.00,246.00
5071,4.00,250.00,100,3.00,246.00
5171,4.00,250.00,100,3.00,246.00
5271,4.00,250.00,100,3.00,246.00
5371,4.00,250.00,100,3.00,246.00
5471,4.00,250.00,100,3.00,246.00
5571,4.00,250.00,100,3.00,246.00
5671,4.00,250.00,100,3.00,246.00
5771,4.00,250.00,100,3.00,246.00
5871,3.97,250.00,100,3.00,246.03
5971,3.97,250.00,100,3.00,246.03
6071,3.97,250.00,100,3.00,246.03
6171,3.97,250.00,100,3.00,246.03
6271,3.97,250.00,100,3.00,246.03
6371,3.97,250.00,100,3.00,246.03
6471,3.97,250.00,100,3.00,246.03
6571,3.97,250.00,100,3.00,246.03
6671,3.97,250.00,100,3.00,246.03
6771,3.97,250.00,100,3.00,246.03
6871,3.97,250.00,100,3.00,246.03
6971,3.97,250.00,100,3.00,246.03
7071,3.97,250.00,100,3.00,246.03
7171,3.97,250.00,100,3.00,246.03
7271,3.97,250.00,100,3.00,246.03
7371,3.97,250.00,100,3.00,246.03
7471,3.97,250.00,100,3.00,246.03
7571,3.97,250.00,100,3.00,246.03
7671,3.97,250.00,100,3.00,246.03
7771,3.97,250.00,100,3.00,246.03
7871,3.95,250.00,100,3.00,246.05
7971,3.95,250.00,100,3.00,246.05
8071,3.95,250.00,100,3.00,246.05
8171,3.95,250.00,100,3.00,246.05
8271,3.95,250.00,100,3.00,246.05
8371,3.95,250.00,100,3.00,246.05
8471,3.95,250.00,100,3.00,246.05
8571,3.95,250.00,100,3.00,246.05
8671,3.95,250.00,100,3.00,246.05
8771,3.95,250.00,100,3.00,246.05
8871,3.95,250.00,100,3.00,246.05
8971,3.95,250.00,100,3.00,246.05
9071,3.95,250.00,100,3.00,246.05
9171,3.95,250.00,100,3.00,246.05
9271,3.95,250.00,100,3.00,246.05
9371,3.95,250.00,100,3.00,246.05
9471,3.95,250.00,100,3.00,246.05
9571,3.95,250.00,100,3.00,246.05
9671,3.95,250.00,100,3.00,246.05
9771,3.95,250.00,100,3.00,246.05
9871,3.95,250.00,100,3.00,246.05
9971,3.95,250.00,100,3.00,246.05
10071,3.95,250.00,100,3.00,246.05
10171,3.95,250.00,100,3.00,246.05
10271,3.95,250.00,100,3.00,246.05
10371,3.95,250.00,100,3.00,246.05
10471,3.95,250.00,100,3.00,246.05
10571,3.95,250.00,100,3.00,246.05
10671,3.95,250.00,100,3.00,246.05
10771,3.95,250.00,100,3.00,246.05
10871,3.95,250.00,100,3.00,246.05
10971,3.95,250.00,100,3.00,246.05
11071,3.95,250.00,100,3.00,246.05
11171,3.95,250.00,100,3.00,246.05
11271,3.95,250.00,100,3.00,246.05
11371,3.95,250.00,100,3.00,246.05
11471,3.95,250.00,100,3.00,246.05
11571,3.95,250.00,100,3.00,246.05
11671,3.95,250.00,100,3.00,246.05
11771,3.95,250.00,100,3.00,246.05
11871,3.95,250.00,100,3.00,246.05
11971,3.95,250.00,100,3.00,246.05
12071,3.95,250.00,100,3.00,246.05
12171,3.95,250.00,100,3.00,246.05
12271,3.95,250.00,100,3.00,246.05
12371,3.95,250.00,100,3.00,246.05
12471,3.95,250.00,100,3.00,246.05
12571,3.95,250.00,100,3.00,246.05
12671,3.95,250.00,100,3.00,246.05
12771,3.95,250.00,100,3.00,246.05
12871,3.95,250.00,100,3.00,246.05
12971,3.95,250.00,100,3.00,246.05
13071,3.95,250.00,100,3.00,246.05
13171,3.95,250.00,100,3.00,246.05
13271,3.95,250.00,100,3.00,246.05
13371,3.95,250.00,100,3.00,246.05
13471,3.95,250.00,100,3.00,246.05
13571,3.95,250.00,100,3.00,246.05
13671,3.95,250.00,100,3.00,246.05
13771,3.95,250.00,100,3.00,246.05
13871,3.95,250.00,100,3.00,246.05
13971,3.95,250.00,100,3.00,246.05
14071,3.95,250.00,100,3.00,246.05
14171,3.95,250.00,100,3.00,246.05
14271,3.95,250.00,100,3.00,246.05
14371,3.95,250.00,100,3.00,246.05
14471,3.95,250.00,100,3.00,246.05
14571,3.95,250.00,100,3.00,246.05
14671,3.95,250.00,100,3.00,246.05
14771,3.95,250.00,100,3.00,246.05
14871,3.95,250.00,100,3.00,246.05
14971,3.95,250.00,100,3.00,246.05
15071,3.95,250.00,100,3.00,246.05
15171,3.95,250.00,100,3.00,246.05
15271,3.95,250.00,100,3.00,246.05
15371,3.95,250.00,100,3.00,246.05
15471,3.95,250.00,100,3.00,246.05
15571,3.95,250.00,100,3.00,246.05
15671,3.95,250.00,100,3.00,246.05
15771,3.95,250.00,100,3.00,246.05
15871,3.95,250.00,100,3.00,246.05
15971,3.95,250.00,100,3.00,246.05
16071,3.95,250.00,100,3.00,246.05
16171,3.95,250.00,100,3.00,246.05
16271,3.95,250.00,100,3.00,246.05
16371,3.95,250.00,100,3.00,246.05
16471,3.95,250.00,100,3.00,246.05
16571,3.95,250.00,100,3.00,246.05
16671,3.95,250.00,100,3.00,246.05
16771,3.95,250.00,100,3.00,246.05
16871,3.95,250.00,100,3.00,246.05
16971,3.95,250.00,100,3.00,246.05
17071,3.95,250.00,100,3.00,246.05
17171,3.95,250.00,100,3.00,246.05
17271,3.95,250.00,100,3.00,246.05
17371,3.95,250.00,100,3.00,246.05
17471,3.95,250.00,100,3.00,246.05
17571,3.95,250.00,100,3.00,246.05
17671,3.95,250.00,100,3.00,246.05
17771,3.95,250.00,100,3.00,246.05
17871,3.95,250.00,100,3.00,246.05
17971,3.95,250.00,100,3.00,246.05
18071,3.95,250.00,100,3.00,246.05
18171,3.95,250.00,100,3.00,246.05
18271,3.95,250.00,100,3.00,246.05
18371,3.95,250.00,100,3.00,246.05
18471,3.95,250.00,100,3.00,246.05
18571,3.95,250.00,100,3.00,246.05
18671,3.95,250.00,100,3.00,246.05
18771,3.95,250.00,100,3.00,246.05
18871,3.95,250.00,100,3.00,246.05
18971,3.92,250.00,100,3.00,246.08
19071,3.92,250.00,100,3.00,246.08
19171,3.92,250.00,100,3.00,246.08
19271,3.92,250.00,100,3.00,246.08
19371,3.92,250.00,100,3.00,246.08
19471,3.92,250.00,100,3.00,246.08
19571,3.92,250.00,100,3.00,246.08
19671,3.92,250.00,100,3.00,246.08
19771,3.92,250.00,100,3.00,246.08
19871,3.92,250.00,100,3.00,246.08
19971,3.92,250.00,100,3.00,246.08
20071,3.92,250.00,100,3.00,246.08
20171,3.92,250.00,100,3.00,246.08
20271,3.92,250.00,100,3.00,246.08
20371,3.92,250.00,100,3.00,246.08
20471,3.93,250.00,100,3.00,246.07
20571,3.91,250.00,100,3.00,246.09
20671,3.91,250.00,100,3.00,246.09
20771,3.91,250.00,100,3.00,246.09
20871,3.91,250.00,100,3.00,246.09
20971,3.91,250.00,100,3.00,246.09
21071,3.91,250.00,100,3.00,246.09
21171,3.91,250.00,100,3.00,246.09
21271,3.91,250.00,100,3.00,246.09
21371,3.91,250.00,100,3.00,246.09
21471,3.91,250.00,100,3.00,246.09
21571,3.91,250.00,100,3.00,246.09
21671,3.91,250.00,100,3.00,246.09
21771,3.91,250.00,100,3.00,246.09
21871,3.91,250.00,100,3.00,246.09
21971,3.91,250.00,100,3.00,246.09
22071,3.91,250.00,100,3.00,246.09
22171,3.91,250.00,100,3.00,246.09
22271,3.91,250.00,100,3.00,246.09
22371,3.91,250.00,100,3.00,246.09
22471,3.91,250.00,100,3.00,246.09
22571,3.91,250.00,100,3.00,246.09
22671,3.91,250.00,100,3.00,246.09
22771,3.91,250.00,100,3.00,246.09
22871,3.91,250.00,100,3.00,246.09
22971,3.91,250.00,100,3.00,246.09
23071,3.91,250.00,100,3.00,246.09
23171,3.91,250.00,100,3.00,246.09
23271,3.91,250.00,100,3.00,246.09
23371,3.91,250.00,100,3.00,246.09
23471,3.91,250.00,100,3.00,246.09
23571,3.91,250.00,100,3.00,246.09
23671,3.91,250.00,100,3.00,246.09
23771,3.91,250.00,100,3.00,246.09
23871,3.91,250.00,100,3.00,246.09
23971,3.91,250.00,100,3.00,246.09
24071,3.91,250.00,100,3.00,246.09
24171,3.91,250.00,100,3.00,246.09
24271,3.91,250.00,100,3.00,246.09
24371,3.91,250.00,100,3.00,246.09
24471,3.91,250.00,100,3.00,246.09
24571,3.91,250.00,100,3.00,246.09
24671,3.91,250.00,100,3.00,246.09
24771,3.91,250.00,100,3.00,246.09
24871,3.91,250.00,100,3.00,246.09
24971,3.91,250.00,100,3.00,246.09
25071,3.91,250.00,100,3.00,246.09
25171,3.91,250.00,100,3.00,246.09
25271,3.91,250.00,100,3.00,246.09
25371,3.91,250.00,100,3.00,246.09
25471,3.91,250.00,100,3.00,246.09
25571,3.91,250.00,100,3.00,246.09
25671,3.91,250.00,100,3.00,246.09
25771,3.91,250.00,100,3.00,246.09
25871,3.91,250.00,100,3.00,246.09
25971,3.91,250.00,100,3.00,246.09
26071,3.91,250.00,100,3.00,246.09
26171,3.91,250.00,100,3.00,246.09
26271,3.91,250.00,100,3.00,246.09
26371,3.91,250.00,100,3.00,246.09
26471,3.91,250.00,100,3.00,246.09
26571,3.91,250.00,100,3.00,246.09
26671,3.91,250.00,100,3.00,246.09
26771,3.91,250.00,100,3.00,246.09
26871,3.91,250.00,100,3.00,246.09
26971,3.91,250.00,100,3.00,246.09
27071,3.91,250.00,100,3.00,246.09
27171,3.91,250.00,100,3.00,246.09
27271,3.91,250.00,100,3.00,246.09
27371,3.91,250.00,100,3.00,246.09
27471,3.91,250.00,100,3.00,246.09
27571,3.91,250.00,100,3.00,246.09
27671,3.91,250.00,100,3.00,246.09
27771,3.91,250.00,100,3.00,246.09
27871,3.91,250.00,100,3.00,246.09
27971,3.91,250.00,100,3.00,246.09
28071,3.91,250.00,100,3.00,246.09
28171,3.91,250.00,100,3.00,246.09
28271,3.91,250.00,100,3.00,246.09
28371,3.91,250.00,100,3.00,246.09
28471,3.91,250.00,100,3.00,246.09
28571,3.91,250.00,100,3.00,246.09
28671,3.91,250.00,100,3.00,246.09
28771,3.91,250.00,100,3.00,246.09
28871,3.91,250.00,100,3.00,246.09
28971,3.91,250.00,100,3.00,246.09
29071,3.91,250.00,100,3.00,246.09
29171,3.91,250.00,100,3.00,246.09
29271,3.91,250.00,100,3.00,246.09
29371,3.91,250.00,100,3.00,246.09
29471,3.91,250.00,100,3.00,246.09
29571,3.91,250.00,100,3.00,246.09
29671,3.91,250.00,100,3.00,246.09
29771,3.91,250.00,100,3.00,246.09
29871,3.91,250.00,100,3.00,246.09
29971,3.91,250.00,100,3.00,246.09
30071,3.91,250.00,100,3.00,246.09
30171,3.91,250.00,100,3.00,246.09
30271,3.91,250.00,100,3.00,246.09
30371,3.91,250.00,100,3.00,246.09
30471,3.91,250.00,100,3.00,246.09
30571,3.91,250.00,100,3.00,246.09
30671,3.91,250.00,100,3.00,246.09
30771,3.91,250.00,100,3.00,246.09
30871,3.91,250.00,100,3.00,246.09
30971,3.91,250.00,100,3.00,246.09
31071,3.91,250.00,100,3.00,246.09
31171,3.91,250.00,100,3.00,246.09
31271,3.91,250.00,100,3.00,246.09
31371,3.91,250.00,100,3.00,246.09
31471,3.91,250.00,100,3.00,246.09
31571,3.91,250.00,100,3.00,246.09
31671,3.91,250.00,100,3.00,246.09
31771,3.91,250.00,100,3.00,246.09
31871,3.91,250.00,100,3.00,246.09
31971,3.91,250.00,100,3.00,246.09
32071,3.91,250.00,100,3.00,246.09
32171,3.91,250.00,100,3.00,246.09
32271,3.91,250.00,100,3.00,246.09
32371,3.91,250.00,100,3.00,246.09
32471,3.91,250.00,100,3.00,246.09
32571,3.91,250.00,100,3.00,246.09
32671,3.91,250.00,100,3.00,246.09
32771,3.91,250.00,100,3.00,246.09
32871,3.91,250.00,100,3.00,246.09
32971,3.91,250.00,100,3.00,246.09
33071,3.91,250.00,100,3.00,246.09
33171,3.91,250.00,100,3.00,246.09
33271,3.91,250.00,100,3.00,246.09
33371,3.91,250.00,100,3.00,246.09
33471,3.91,250.00,100,3.00,246.09
33571,3.91,250.00,100,3.00,246.09
33671,3.91,250.00,100,3.00,246.09
33771,3.91,250.00,100,3.00,246.09
34472,3.91,250.00,100,3.00,246.09
35097,3.91,250.00,100,3.00,246.09
35722,3.91,250.00,100,3.00,246.09
36347,3.91,250.00,100,3.00,246.09
36972,3.97,250.00,100,3.00,246.03
37597,3.97,250.00,100,3.00,246.03
38222,3.97,250.00,100,3.00,246.03
38847,3.97,250.00,100,3.00,246.03
39472,4.09,250.00,100,3.00,245.91
40097,17.38,250.00,0,3.00,232.62
40748,29.40,250.00,0,3.00,220.60
41399,40.29,250.00,0,3.00,209.71
42050,50.13,250.00,0,3.00,199.87
42701,59.02,250.00,0,3.00,190.98
43352,67.06,250.00,0,3.00,182.94
44003,74.32,250.00,0,3.00,175.68
44654,80.86,250.00,0,3.00,169.14
45305,86.75,250.00,0,3.00,163.25
45956,92.05,250.00,0,3.00,157.95
46607,96.82,250.00,0,3.00,153.18
2172,139.15,250.00,100,3.00,110.85
2271,139.15,250.00,100,3.00,110.85
2371,139.13,250.00,100,3.00,110.87
2471,139.12,250.00,100,3.00,110.88
2571,139.11,250.00,100,3.00,110.89
2671,139.10,250.00,100,3.00,110.90
2771,139.08,250.00,100,3.00,110.92
2871,139.07,250.00,100,3.00,110.93
2971,139.04,250.00,100,3.00,110.96
3071,139.00,250.00,100,3.00,111.00
3171,138.96,250.00,100,3.00,111.04
3271,138.94,250.00,100,3.00,111.06
3371,138.92,250.00,100,3.00,111.08
3471,138.89,250.00,100,3.00,111.11
3571,138.84,250.00,100,3.00,111.16
3671,138.79,250.00,100,3.00,111.21
3771,138.77,250.00,100,3.00,111.23
3871,138.72,250.00,100,3.00,111.28
3971,138.67,250.00,100,3.00,111.33
4071,138.61,250.00,100,3.00,111.39
4171,138.57,250.00,100,3.00,111.43
4271,138.52,250.00,100,3.00,111.48
4371,138.49,250.00,100,3.00,111.51
4471,138.44,250.00,100,3.00,111.56
4571,138.39,250.00,100,3.00,111.61
4671,138.35,250.00,100,3.00,111.65
4771,138.29,250.00,100,3.00,111.71
4871,138.24,250.00,100,3.00,111.76
4971,138.18,250.00,100,3.00,111.82
5071,138.14,250.00,100,3.00,111.86
5171,138.09,250.00,100,3.00,111.91
5271,138.04,250.00,100,3.00,111.96
2172,137.01,250.00,100,3.00,112.99
2271,137.00,250.00,100,3.00,113.00
2371,136.98,250.00,100,3.00,113.02
2471,136.98,250.00,100,3.00,113.02
2571,136.99,250.00,100,3.00,113.01
2671,136.99,250.00,100,3.00,113.01
2771,136.98,250.00,100,3.00,113.02
2871,136.99,250.00,100,3.00,113.01
2971,136.98,250.00,100,3.00,113.02
3071,136.97,250.00,100,3.00,113.03
3171,136.95,250.00,100,3.00,113.05
3271,136.95,250.00,100,3.00,113.05
3371,136.96,250.00,100,3.00,113.04
3471,136.95,250.00,100,3.00,113.05
3571,136.93,250.00,100,3.00,113.07
3671,136.91,250.00,100,3.00,113.09
3771,136.91,250.00,100,3.00,113.09
3871,136.90,250.00,100,3.00,113.10
3971,136.91,250.00,100,3.00,113.09
4071,136.89,250.00,100,3.00,113.11
4171,136.88,250.00,100,3.00,113.12
4271,136.86,250.00,100,3.00,113.14
4371,136.86,250.00,100,3.00,113.14
4471,136.87,250.00,100,3.00,113.13
4571,136.86,250.00,100,3.00,113.14
4671,136.87,250.00,100,3.00,113.13
4771,136.88,250.00,100,3.00,113.12
4871,136.88,250.00,100,3.00,113.12
4971,136.86,250.00,100,3.00,113.14
5071,136.87,250.00,100,3.00,113.13
5171,136.87,250.00,100,3.00,113.13
5271,136.86,250.00,100,3.00,113.14
5371,136.88,250.00,100,3.00,113.12
5471,136.87,250.00,100,3.00,113.13
5571,136.88,250.00,100,3.00,113.12
5671,136.88,250.00,100,3.00,113.12
5771,136.91,250.00,100,3.00,113.09
5871,136.93,250.00,100,3.00,113.07
5971,136.93,250.00,100,3.00,113.07
6071,136.93,250.00,100,3.00,113.07
6171,136.94,250.00,100,3.00,113.06
6271,136.94,250.00,100,3.00,113.06
6371,136.95,250.00,100,3.00,113.05
6471,136.95,250.00,100,3.00,113.05
6571,136.96,250.00,100,3.00,113.04
6671,136.99,250.00,100,3.00,113.01
6771,137.02,250.00,100,3.00,112.98
6871,137.04,250.00,100,3.00,112.96
6971,137.05,250.00,100,3.00,112.95
7071,137.07,250.00,100,3.00,112.93
7171,137.09,250.00,100,3.00,112.91
7271,137.10,250.00,100,3.00,112.90
7371,137.13,250.00,100,3.00,112.87
7471,137.16,250.00,100,3.00,112.84
7571,137.18,250.00,100,3.00,112.82
7671,137.22,250.00,100,3.00,112.78
7771,137.25,250.00,100,3.00,112.75
7871,137.31,250.00,100,3.00,112.69
7971,137.36,250.00,100,3.00,112.64
8071,137.39,250.00,100,3.00,112.61
8171,137.41,250.00,100,3.00,112.59
8271,137.44,250.00,100,3.00,112.56
8371,137.47,250.00,100,3.00,112.53
8471,137.51,250.00,100,3.00,112.49
8571,137.57,250.00,100,3.00,112.43
8671,137.62,250.00,100,3.00,112.38
8771,137.68,250.00,100,3.00,112.32
8871,137.75,250.00,100,3.00,112.25
8971,137.81,250.00,100,3.00,112.19
9071,137.87,250.00,100,3.00,112.13
9171,137.93,250.00,100,3.00,112.07
9271,137.99,250.00,100,3.00,112.01
9371,138.04,250.00,100,3.00,111.96
9471,138.11,250.00,100,3.00,111.89
9571,138.18,250.00,100,3.00,111.82
9671,138.24,250.00,100,3.00,111.76
9771,138.32,250.00,100,3.00,111.68
9871,138.38,250.00,100,3.00,111.62
9971,138.44,250.00,100,3.00,111.56
10071,138.52,250.00,100,3.00,111.48
10171,138.58,250.00,100,3.00,111.42
10271,138.64,250.00,100,3.00,111.36
10371,138.70,250.00,100,3.00,111.30
10471,138.78,250.00,100,3.00,111.22
10571,138.84,250.00,100,3.00,111.16
10671,138.93,250.00,100,3.00,111.07
10771,139.01,250.00,100,3.00,110.99
10871,139.10,250.00,100,3.00,110.90
10971,139.20,250.00,100,3.00,110.80
11071,139.30,250.00,100,3.00,110.70
11171,139.38,250.00,100,3.00,110.62
11271,139.49,250.00,100,3.00,110.51
11371,139.59,250.00,100,3.00,110.41
11471,139.69,250.00,100,3.00,110.31
11571,139.78,250.00,100,3.00,110.22
11671,139.89,250.00,100,3.00,110.11
11771,139.97,250.00,100,3.00,110.03
11871,140.07,250.00,100,3.00,109.93
11971,140.17,250.00,100,3.00,109.83
12071,140.28,250.00,100,3.00,109.72
12171,140.38,250.00,100,3.00,109.62
12271,140.50,250.00,100,3.00,109.50
12371,140.61,250.00,100,3.00,109.39
12471,140.73,250.00,100,3.00,109.27
12571,140.86,250.00,100,3.00,109.14
12671,140.98,250.00,100,3.00,109.02
12771,141.09,250.00,100,3.00,108.91
12871,141.20,250.00,100,3.00,108.80
12971,141.32,250.00,100,3.00,108.68
13071,141.45,250.00,100,3.00,108.55
13171,141.55,250.00,100,3.00,108.45
13271,141.66,250.00,100,3.00,108.34
13371,141.77,250.00,100,3.00,108.23
13471,141.89,250.00,100,3.00,108.11
13571,142.02,250.00,100,3.00,107.98
13671,142.13,250.00,100,3.00,107.87
13771,142.27,250.00,100,3.00,107.73
13871,142.39,250.00,100,3.00,107.61
13971,142.51,250.00,100,3.00,107.49
14071,142.64,250.00,100,3.00,107.36
14171,142.76,250.00,100,3.00,107.24
14271,142.90,250.00,100,3.00,107.10
14371,143.05,250.00,100,3.00,106.95
14471,143.20,250.00,100,3.00,106.80
14571,143.34,250.00,100,3.00,106.66
14671,143.49,250.00,100,3.00,106.51
14771,143.64,250.00,100,3.00,106.36
14871,143.77,250.00,100,3.00,106.23
14971,143.93,250.00,100,3.00,106.07
15071,144.07,250.00,100,3.00,105.93
15171,144.20,250.00,100,3.00,105.80
15271,144.34,250.00,100,3.00,105.66
15371,144.47,250.00,100,3.00,105.53
15471,144.61,250.00,100,3.00,105.39
15571,144.75,250.00,100,3.00,105.25
15671,144.91,250.00,100,3.00,105.09
15771,145.06,250.00,100,3.00,104.94
15871,145.22,250.00,100,3.00,104.78
15971,145.38,250.00,100,3.00,104.62
16071,145.52,250.00,100,3.00,104.48
16171,145.67,250.00,100,3.00,104.33
16271,145.81,250.00,100,3.00,104.19
16371,145.98,250.00,100,3.00,104.02
16471,146.14,250.00,100,3.00,103.86
16571,146.29,250.00,100,3.00,103.71
16671,146.45,250.00,100,3.00,103.55
16771,146.63,250.00,100,3.00,103.37
16871,146.81,250.00,100,3.00,103.19
16971,146.98,250.00,100,3.00,103.02
17071,147.14,250.00,100,3.00,102.86
17171,147.31,250.00,100,3.00,102.69
17271,147.48,250.00,100,3.00,102.52
17371,147.62,250.00,100,3.00,102.38
17471,147.78,250.00,100,3.00,102.22
17571,147.96,250.00,100,3.00,102.04
17671,148.12,250.00,100,3.00,101.88
17771,148.30,250.00,100,3.00,101.70
17871,148.47,250.00,100,3.00,101.53
17971,148.63,250.00,100,3.00,101.37
18071,148.78,250.00,100,3.00,101.22
18171,148.94,250.00,100,3.00,101.06
18271,149.13,250.00,100,3.00,100.87
18371,149.29,250.00,100,3.00,100.71
18471,149.46,250.00,100,3.00,100.54
18571,149.63,250.00,100,3.00,100.37
18671,149.82,250.00,100,3.00,100.18
18771,149.99,250.00,100,3.00,100.01
18871,150.19,250.00,100,3.00,99.81
18971,150.36,250.00,100,3.00,99.64
19071,150.51,250.00,100,3.00,99.49
19171,150.71,250.00,100,3.00,99.29
19271,150.89,250.00,100,3.00,99.11
19371,151.05,250.00,100,3.00,98.95
19471,151.23,250.00,100,3.00,98.77
19571,151.38,250.00,100,3.00,98.62
19671,151.58,250.00,100,3.00,98.42
19771,151.74,250.00,100,3.00,98.26
19871,151.93,250.00,100,3.00,98.07
19971,152.12,250.00,100,3.00,97.88
20071,152.29,250.00,100,3.00,97.71
20171,152.48,250.00,100,3.00,97.52
20271,152.65,250.00,100,3.00,97.35
20371,152.83,250.00,100,3.00,97.17
20471,153.01,250.00,100,3.00,96.99
20571,153.18,250.00,100,3.00,96.82
20671,153.35,250.00,100,3.00,96.65
20771,149.94,250.00,100,3.00,100.06
20871,146.88,250.00,100,3.00,103.12
20971,144.14,250.00,100,3.00,105.86
21071,141.68,250.00,100,3.00,108.32
21171,139.47,250.00,100,3.00,110.53
21271,137.51,250.00,100,3.00,112.49
21371,135.76,250.00,100,3.00,114.24
21471,134.18,250.00,100,3.00,115.82
21571,132.78,250.00,100,3.00,117.22
21671,131.53,250.00,100,3.00,118.47
21771,130.42,250.00,100,3.00,119.58
21871,129.43,250.00,100,3.00,120.57
21971,128.55,250.00,100,3.00,121.45
22071,127.76,250.00,100,3.00,122.24
22171,127.08,250.00,100,3.00,122.92
22271,126.49,250.00,100,3.00,123.51
22371,125.97,250.00,100,3.00,124.03
22471,125.50,250.00,100,3.00,124.50
22571,125.08,250.00,100,3.00,124.92
22671,124.72,250.00,100,3.00,125.28
22771,124.42,250.00,100,3.00,125.58
22871,124.15,250.00,100,3.00,125.85
22971,123.92,250.00,100,3.00,126.08
23071,123.72,250.00,100,3.00,126.28
23171,123.55,250.00,100,3.00,126.45
23271,123.40,250.00,100,3.00,126.60
23371,123.30,250.00,100,3.00,126.70
23471,123.21,250.00,100,3.00,126.79
23571,123.16,250.00,100,3.00,126.84
23671,123.12,250.00,100,3.00,126.88
23771,123.09,250.00,100,3.00,126.91
23871,123.10,250.00,100,3.00,126.90
23971,123.10,250.00,100,3.00,126.90
24071,123.12,250.00,100,3.00,126.88
24171,123.13,250.00,100,3.00,126.87
24271,123.18,250.00,100,3.00,126.82
24371,123.24,250.00,100,3.00,126.76
24471,123.30,250.00,100,3.00,126.70
24571,123.36,250.00,100,3.00,126.64
24671,123.41,250.00,100,3.00,126.59
24771,123.49,250.00,100,3.00,126.51
24871,123.57,250.00,100,3.00,126.43
24971,123.63,250.00,100,3.00,126.37
25071,123.71,250.00,100,3.00,126.29
25171,123.80,250.00,100,3.00,126.20
25271,123.88,250.00,100,3.00,126.12
25371,123.96,250.00,100,3.00,126.04
25471,124.04,250.00,100,3.00,125.96
25571,124.14,250.00,100,3.00,125.86
25671,124.25,250.00,100,3.00,125.75
25771,124.36,250.00,100,3.00,125.64
25871,124.47,250.00,100,3.00,125.53
25971,124.59,250.00,100,3.00,125.41
26071,124.70,250.00,100,3.00,125.30
26171,124.81,250.00,100,3.00,125.19
26271,124.92,250.00,100,3.00,125.08
26371,125.04,250.00,100,3.00,124.96
26471,125.17,250.00,100,3.00,124.83
26571,125.29,250.00,100,3.00,124.71
26671,125.40,250.00,100,3.00,124.60
26771,125.51,250.00,100,3.00,124.49
26871,125.63,250.00,100,3.00,124.37
26971,125.75,250.00,100,3.00,124.25
27071,125.86,250.00,100,3.00,124.14
27171,125.97,250.00,100,3.00,124.03
27271,126.09,250.00,100,3.00,123.91
27371,126.20,250.00,100,3.00,123.80
27471,126.31,250.00,100,3.00,123.69
27571,126.42,250.00,100,3.00,123.58
27671,126.56,250.00,100,3.00,123.44
27771,126.70,250.00,100,3.00,123.30
27871,126.83,250.00,100,3.00,123.17
27971,126.96,250.00,100,3.00,123.04
28071,127.07,250.00,100,3.00,122.93
28171,127.20,250.00,100,3.00,122.80
28271,127.31,250.00,100,3.00,122.69
28371,127.43,250.00,100,3.00,122.57
28471,127.56,250.00,100,3.00,122.44
28571,127.70,250.00,100,3.00,122.30
28671,127.82,250.00,100,3.00,122.18
28771,127.94,250.00,100,3.00,122.06
28871,128.05,250.00,100,3.00,121.95
28971,128.18,250.00,100,3.00,121.82
29071,128.30,250.00,100,3.00,121.70
29171,128.41,250.00,100,3.00,121.59
29271,128.53,250.00,100,3.00,121.47
29371,128.65,250.00,100,3.00,121.35
29471,128.77,250.00,100,3.00,121.23
29571,128.88,250.00,100,3.00,121.12
29671,128.99,250.00,100,3.00,121.01
29771,129.11,250.00,100,3.00,120.89
29871,129.24,250.00,100,3.00,120.76
29971,129.37,250.00,100,3.00,120.63
30071,129.48,250.00,100,3.00,120.52
30171,129.59,250.00,100,3.00,120.41
30271,129.72,250.00,100,3.00,120.28
30371,129.84,250.00,100,3.00,120.16
30471,129.96,250.00,100,3.00,120.04
30571,130.08,250.00,100,3.00,119.92
30671,130.20,250.00,100,3.00,119.80
30771,130.33,250.00,100,3.00,119.67
30871,130.44,250.00,100,3.00,119.56
30971,130.55,250.00,100,3.00,119.45
31071,130.68,250.00,100,3.00,119.32
31171,130.81,250.00,100,3.00,119.19
31271,130.91,250.00,100,3.00,119.09
31371,131.04,250.00,100,3.00,118.96
31471,131.15,250.00,100,3.00,118.85
31571,131.26,250.00,100,3.00,118.74
31671,131.37,250.00,100,3.00,118.63
31771,131.51,250.00,100,3.00,118.49
31871,131.62,250.00,100,3.00,118.38
31971,131.75,250.00,100,3.00,118.25
32071,131.89,250.00,100,3.00,118.11
32171,132.01,250.00,100,3.00,117.99
32271,132.13,250.00,100,3.00,117.87
32371,132.26,250.00,100,3.00,117.74
32471,132.37,250.00,100,3.00,117.63
32571,132.48,250.00,100,3.00,117.52
32671,132.60,250.00,100,3.00,117.40
32771,132.72,250.00,100,3.00,117.28
32871,132.85,250.00,100,3.00,117.15
32971,132.97,250.00,100,3.00,117.03
33071,133.08,250.00,100,3.00,116.92
33171,133.21,250.00,100,3.00,116.79
33271,133.32,250.00,100,3.00,116.68
33371,133.44,250.00,100,3.00,116.56
33471,133.55,250.00,100,3.00,116.45
33571,133.67,250.00,100,3.00,116.33
33671,133.79,250.00,100,3.00,116.21
33771,133.93,250.00,100,3.00,116.07
33871,134.04,250.00,100,3.00,115.96
33971,134.17,250.00,100,3.00,115.83
34071,134.29,250.00,100,3.00,115.71
34171,134.41,250.00,100,3.00,115.59
34271,134.53,250.00,100,3.00,115.47
34371,134.64,250.00,100,3.00,115.36
34471,134.78,250.00,100,3.00,115.22
34571,134.91,250.00,100,3.00,115.09
34671,135.04,250.00,100,3.00,114.96
34771,135.18,250.00,100,3.00,114.82
34871,135.28,250.00,100,3.00,114.72
34971,135.41,250.00,100,3.00,114.59
35071,135.54,250.00,100,3.00,114.46
35171,135.64,250.00,100,3.00,114.36
35271,135.76,250.00,100,3.00,114.24
35371,135.87,250.00,100,3.00,114.13
35471,135.97,250.00,100,3.00,114.03
35571,136.08,250.00,100,3.00,113.92
35671,136.20,250.00,100,3.00,113.80
35771,136.30,250.00,100,3.00,113.70
35871,136.41,250.00,100,3.00,113.59
35971,136.52,250.00,100,3.00,113.48
36071,136.63,250.00,100,3.00,113.37
36171,136.76,250.00,100,3.00,113.24
36271,136.90,250.00,100,3.00,113.10
36371,137.02,250.00,100,3.00,112.98
36471,137.14,250.00,100,3.00,112.86
36571,137.27,250.00,100,3.00,112.73
36671,137.38,250.00,100,3.00,112.62
36771,137.49,250.00,100,3.00,112.51
36871,137.61,250.00,100,3.00,112.39
36971,137.73,250.00,100,3.00,112.27
37071,137.86,250.00,100,3.00,112.14
37171,137.97,250.00,100,3.00,112.03
37271,138.14,250.00,100,3.00,111.86
37371,138.27,250.00,100,3.00,111.73
37471,138.38,250.00,100,3.00,111.62
37571,138.51,250.00,100,3.00,111.49
37671,138.62,250.00,100,3.00,111.38
37771,138.73,250.00,100,3.00,111.27
37871,138.84,250.00,100,3.00,111.16
37971,138.95,250.00,100,3.00,111.05
38071,139.05,250.00,100,3.00,110.95
38171,139.16,250.00,100,3.00,110.84
38271,139.30,250.00,100,3.00,110.70
38371,139.42,250.00,100,3.00,110.58
38471,139.54,250.00,100,3.00,110.46
38571,139.64,250.00,100,3.00,110.36
38671,139.76,250.00,100,3.00,110.24
38771,139.89,250.00,100,3.00,110.11
38871,140.00,250.00,100,3.00,110.00
38971,140.14,250.00,100,3.00,109.86
39071,140.24,250.00,100,3.00,109.76
39171,140.36,250.00,100,3.00,109.64
39271,140.50,250.00,100,3.00,109.50
39371,140.60,250.00,100,3.00,109.40
39471,140.72,250.00,100,3.00,109.28
39571,140.85,250.00,100,3.00,109.15
39671,140.95,250.00,100,3.00,109.05
39771,141.07,250.00,100,3.00,108.93
39871,141.21,250.00,100,3.00,108.79
39971,141.34,250.00,100,3.00,108.66
40071,141.46,250.00,100,3.00,108.54
40171,141.60,250.00,100,3.00,108.40
40271,141.74,250.00,100,3.00,108.26
40371,141.84,250.00,100,3.00,108.16
40471,141.94,250.00,100,3.00,108.06
40571,142.05,250.00,100,3.00,107.95
40671,142.16,250.00,100,3.00,107.84
40771,142.28,250.00,100,3.00,107.72
40871,142.42,250.00,100,3.00,107.58
40971,142.51,250.00,100,3.00,107.49
41071,142.63,250.00,100,3.00,107.37
41171,142.74,250.00,100,3.00,107.26
41271,142.86,250.00,100,3.00,107.14
41371,143.00,250.00,100,3.00,107.00
41471,143.11,250.00,100,3.00,106.89
41571,143.22,250.00,100,3.00,106.78
41671,143.34,250.00,100,3.00,106.66
41771,143.48,250.00,100,3.00,106.52
41871,143.60,250.00,100,3.00,106.40
41971,143.75,250.00,100,3.00,106.25
42071,143.86,250.00,100,3.00,106.14
42171,143.98,250.00,100,3.00,106.02
42271,144.10,250.00,100,3.00,105.90
42371,144.23,250.00,100,3.00,105.77
42471,144.35,250.00,100,3.00,105.65
42571,144.47,250.00,100,3.00,105.53
42671,144.58,250.00,100,3.00,105.42
42771,144.68,250.00,100,3.00,105.32
42871,144.79,250.00,100,3.00,105.21
42971,144.92,250.00,100,3.00,105.08
43071,145.03,250.00,100,3.00,104.97
43171,145.14,250.00,100,3.00,104.86
43271,145.24,250.00,100,3.00,104.76
43371,145.36,250.00,100,3.00,104.64
43471,145.49,250.00,100,3.00,104.51
43571,145.57,250.00,100,3.00,104.43
43671,145.68,250.00,100,3.00,104.32
43771,145.78,250.00,100,3.00,104.22
43871,145.88,250.00,100,3.00,104.12
43971,145.99,250.00,100,3.00,104.01
44071,146.12,250.00,100,3.00,103.88
44171,146.25,250.00,100,3.00,103.75
44271,146.35,250.00,100,3.00,103.65
44371,146.49,250.00,100,3.00,103.51
44471,146.63,250.00,100,3.00,103.37
44571,146.74,250.00,100,3.00,103.26
44671,146.86,250.00,100,3.00,103.14
44771,146.97,250.00,100,3.00,103.03
44871,147.07,250.00,100,3.00,102.93
44971,147.19,250.00,100,3.00,102.81
45071,147.33,250.00,100,3.00,102.67
45171,147.47,250.00,100,3.00,102.53
45271,147.59,250.00,100,3.00,102.41
45371,147.67,250.00,100,3.00,102.33
45471,147.79,250.00,100,3.00,102.21
45571,147.91,250.00,100,3.00,102.09
45671,148.03,250.00,100,3.00,101.97
45771,148.13,250.00,100,3.00,101.87
45871,148.26,250.00,100,3.00,101.74
45971,148.36,250.00,100,3.00,101.64
46071,148.49,250.00,100,3.00,101.51
46171,148.64,250.00,100,3.00,101.36
46271,148.77,250.00,100,3.00,101.23
46371,148.86,250.00,100,3.00,101.14
46471,148.98,250.00,100,3.00,101.02
46571,149.09,250.00,100,3.00,100.91
46671,149.20,250.00,100,3.00,100.80
46771,149.32,250.00,100,3.00,100.68
46871,149.41,250.00,100,3.00,100.59
46971,149.51,250.00,100,3.00,100.49
47071,149.64,250.00,100,3.00,100.36
47171,149.77,250.00,100,3.00,100.23
47271,149.87,250.00,100,3.00,100.13
47371,149.99,250.00,100,3.00,100.01
47471,150.14,250.00,100,3.00,99.86
47571,150.24,250.00,100,3.00,99.76
47671,150.36,250.00,100,3.00,99.64
47771,150.47,250.00,100,3.00,99.53
47871,150.60,250.00,100,3.00,99.40
47971,150.72,250.00,100,3.00,99.28
48071,150.84,250.00,100,3.00,99.16
48171,150.95,250.00,100,3.00,99.05
48271,151.07,250.00,100,3.00,98.93
48371,151.20,250.00,100,3.00,98.80
48471,151.29,250.00,100,3.00,98.71
48571,151.42,250.00,100,3.00,98.58
48671,151.57,250.00,100,3.00,98.43
48771,151.67,250.00,100,3.00,98.33
48871,151.78,250.00,100,3.00,98.22
48971,151.89,250.00,100,3.00,98.11
49071,151.98,250.00,100,3.00,98.02
49171,152.09,250.00,100,3.00,97.91
49271,152.24,250.00,100,3.00,97.76
49371,152.33,250.00,100,3.00,97.67
49471,152.46,250.00,100,3.00,97.54
49571,152.57,250.00,100,3.00,97.43
49671,152.67,250.00,100,3.00,97.33
49771,152.82,250.00,100,3.00,97.18
49871,152.90,250.00,100,3.00,97.10
49971,153.01,250.00,100,3.00,96.99
50071,153.13,250.00,100,3.00,96.87
50171,153.25,250.00,100,3.00,96.75
50271,153.36,250.00,100,3.00,96.64
50371,153.51,250.00,100,3.00,96.49
50471,153.66,250.00,100,3.00,96.34
50571,153.79,250.00,100,3.00,96.21
50671,153.91,250.00,100,3.00,96.09
50771,154.02,250.00,100,3.00,95.98
50871,154.13,250.00,100,3.00,95.87
50971,154.24,250.00,100,3.00,95.76
51071,154.32,250.00,100,3.00,95.68
51171,154.41,250.00,100,3.00,95.59
51271,154.52,250.00,100,3.00,95.48
51371,154.65,250.00,100,3.00,95.35
51471,154.73,250.00,100,3.00,95.27
51571,154.85,250.00,100,3.00,95.15
51671,154.99,250.00,100,3.00,95.01
51771,155.09,250.00,100,3.00,94.91
51871,155.24,250.00,100,3.00,94.76
51971,155.35,250.00,100,3.00,94.65
52071,155.48,250.00,100,3.00,94.52
52171,155.59,250.00,100,3.00,94.41
52271,155.68,250.00,100,3.00,94.32
52371,155.81,250.00,100,3.00,94.19
52471,155.97,250.00,100,3.00,94.03
52571,156.07,250.00,100,3.00,93.93
52671,156.15,250.00,100,3.00,93.85
52771,156.30,250.00,100,3.00,93.70
52871,156.38,250.00,100,3.00,93.62
52971,156.49,250.00,100,3.00,93.51
53071,156.59,250.00,100,3.00,93.41
53171,156.67,250.00,100,3.00,93.33
53271,156.76,250.00,100,3.00,93.24
53371,156.87,250.00,100,3.00,93.13
53471,157.02,250.00,100,3.00,92.98
53571,157.09,250.00,100,3.00,92.91
53671,157.22,250.00,100,3.00,92.78
53771,157.37,250.00,100,3.00,92.63
53871,157.46,250.00,100,3.00,92.54
53971,157.61,250.00,100,3.00,92.39
54071,157.77,250.00,100,3.00,92.23
54171,157.89,250.00,100,3.00,92.11
54271,158.00,250.00,100,3.00,92.00
54371,158.10,250.00,100,3.00,91.90
54471,158.24,250.00,100,3.00,91.76
54571,158.41,250.00,100,3.00,91.59
54671,158.51,250.00,100,3.00,91.49
54771,158.59,250.00,100,3.00,91.41
54871,158.73,250.00,100,3.00,91.27
54971,158.88,250.00,100,3.00,91.12
55071,158.98,250.00,100,3.00,91.02
55171,159.09,250.00,100,3.00,90.91
55271,159.16,250.00,100,3.00,90.84
55371,159.25,250.00,100,3.00,90.75
55471,159.36,250.00,100,3.00,90.64
55571,159.52,250.00,100,3.00,90.48
55671,159.59,250.00,100,3.00,90.41
55771,159.71,250.00,100,3.00,90.29
55871,159.86,250.00,100,3.00,90.14
55971,159.96,250.00,100,3.00,90.04
56071,160.11,250.00,100,3.00,89.89
56171,160.19,250.00,100,3.00,89.81
56271,160.33,250.00,100,3.00,89.67
56371,160.47,250.00,100,3.00,89.53
56471,160.55,250.00,100,3.00,89.45
56571,160.69,250.00,100,3.00,89.31
56671,160.81,250.00,100,3.00,89.19
56771,160.97,250.00,100,3.00,89.03
56871,161.11,250.00,100,3.00,88.89
56971,161.28,250.00,100,3.00,88.72
57071,161.43,250.00,100,3.00,88.57
57171,161.57,250.00,100,3.00,88.43
57271,161.68,250.00,100,3.00,88.32
57371,161.81,250.00,100,3.00,88.19
57471,161.94,250.00,100,3.00,88.06
57571,162.01,250.00,100,3.00,87.99
57671,162.14,250.00,100,3.00,87.86
57771,162.24,250.00,100,3.00,87.76
57871,162.35,250.00,100,3.00,87.65
57971,162.42,250.00,100,3.00,87.58
58071,162.52,250.00,100,3.00,87.48
58171,162.66,250.00,100,3.00,87.34
58271,162.76,250.00,100,3.00,87.24
58371,162.84,250.00,100,3.00,87.16
58471,162.97,250.00,100,3.00,87.03
58571,163.10,250.00,100,3.00,86.90
58671,163.23,250.00,100,3.00,86.77
58771,163.35,250.00,100,3.00,86.65
58871,163.50,250.00,100,3.00,86.50
58971,163.62,250.00,100,3.00,86.38
59071,163.72,250.00,100,3.00,86.28
59171,163.80,250.00,100,3.00,86.20
59271,163.96,250.00,100,3.00,86.04
59371,164.06,250.00,100,3.00,85.94
59471,164.17,250.00,100,3.00,85.83
59571,164.25,250.00,100,3.00,85.75
59671,164.35,250.00,100,3.00,85.65
59771,164.50,250.00,100,3.00,85.50
59871,164.62,250.00,100,3.00,85.38
59971,164.76,250.00,100,3.00,85.24
60071,164.85,250.00,100,3.00,85.15
60171,164.95,250.00,100,3.00,85.05
60271,165.05,250.00,100,3.00,84.95
60371,165.22,250.00,100,3.00,84.78
60471,165.30,250.00,100,3.00,84.70
60571,165.42,250.00,100,3.00,84.58
60671,165.50,250.00,100,3.00,84.50
60771,165.64,250.00,100,3.00,84.36
60871,165.79,250.00,100,3.00,84.21
60971,165.94,250.00,100,3.00,84.06
61071,166.06,250.00,100,3.00,83.94
61171,166.18,250.00,100,3.00,83.82
61271,166.24,250.00,100,3.00,83.76
61371,166.36,250.00,100,3.00,83.64
61471,166.44,250.00,100,3.00,83.56
61571,166.52,250.00,100,3.00,83.48
61671,166.62,250.00,100,3.00,83.38
61771,166.74,250.00,100,3.00,83.26
61871,166.91,250.00,100,3.00,83.09
61971,167.03,250.00,100,3.00,82.97
62071,167.15,250.00,100,3.00,82.85
62171,167.30,250.00,100,3.00,82.70
62271,167.40,250.00,100,3.00,82.60
62371,167.51,250.00,100,3.00,82.49
62471,167.62,250.00,100,3.00,82.38
62571,167.77,250.00,100,3.00,82.23
62671,167.84,250.00,100,3.00,82.16
62771,167.97,250.00,100,3.00,82.03
62871,168.07,250.00,100,3.00,81.93
62971,168.22,250.00,100,3.00,81.78
63071,168.34,250.00,100,3.00,81.66
63171,168.47,250.00,100,3.00,81.53
63271,168.55,250.00,100,3.00,81.45
63371,168.70,250.00,100,3.00,81.30
63471,168.83,250.00,100,3.00,81.17
63571,168.89,250.00,100,3.00,81.11
63671,168.98,250.00,100,3.00,81.02
63771,169.07,250.00,100,3.00,80.93
63871,169.19,250.00,100,3.00,80.81
63971,169.33,250.00,100,3.00,80.67
64071,169.40,250.00,100,3.00,80.60
64171,169.52,250.00,100,3.00,80.48
64271,169.60,250.00,100,3.00,80.40
64371,169.71,250.00,100,3.00,80.29
64471,169.83,250.00,100,3.00,80.17
64571,169.94,250.00,100,3.00,80.06
64671,170.08,250.00,100,3.00,79.92
64771,170.19,250.00,100,3.00,79.81
64871,170.27,250.00,100,3.00,79.73
64971,170.42,250.00,100,3.00,79.58
65071,170.58,250.00,100,3.00,79.42
65171,170.70,250.00,100,3.00,79.30
65271,170.85,250.00,100,3.00,79.15
65371,170.99,250.00,100,3.00,79.01
65471,171.13,250.00,100,3.00,78.87
65571,171.21,250.00,100,3.00,78.79
65671,171.33,250.00,100,3.00,78.67
65771,171.45,250.00,100,3.00,78.55
65871,171.53,250.00,100,3.00,78.47
65971,171.61,250.00,100,3.00,78.39
66071,171.73,250.00,100,3.00,78.27
66171,171.78,250.00,100,3.00,78.22
66271,171.91,250.00,100,3.00,78.09
66371,172.00,250.00,100,3.00,78.00
66471,172.11,250.00,100,3.00,77.89
66571,172.22,250.00,100,3.00,77.78
66671,172.40,250.00,100,3.00,77.60
66771,172.50,250.00,100,3.00,77.50
66871,172.61,250.00,100,3.00,77.39
66971,172.68,250.00,100,3.00,77.32
67071,172.83,250.00,100,3.00,77.17
67171,173.03,250.00,100,3.00,76.97
67271,173.14,250.00,100,3.00,76.86
67371,173.24,250.00,100,3.00,76.76
67471,173.39,250.00,100,3.00,76.61
67571,173.51,250.00,100,3.00,76.49
67671,173.67,250.00,100,3.00,76.33
67771,173.78,250.00,100,3.00,76.22
67871,173.84,250.00,100,3.00,76.16
67971,173.99,250.00,100,3.00,76.01
68071,174.11,250.00,100,3.00,75.89
68171,174.28,250.00,100,3.00,75.72
68271,174.33,250.00,100,3.00,75.67
68371,174.48,250.00,100,3.00,75.52
68471,174.56,250.00,100,3.00,75.44
68571,174.67,250.00,100,3.00,75.33
68671,174.83,250.00,100,3.00,75.17
68771,175.00,250.00,100,3.00,75.00
68871,175.08,250.00,100,3.00,74.92
68971,175.16,250.00,100,3.00,74.84
69071,175.24,250.00,100,3.00,74.76
69171,175.35,250.00,100,3.00,74.65
69271,175.55,250.00,100,3.00,74.45
69371,175.71,250.00,100,3.00,74.29
69471,175.84,250.00,100,3.00,74.16
69571,175.94,250.00,100,3.00,74.06
69671,176.02,250.00,100,3.00,73.98
69771,176.15,250.00,100,3.00,73.85
69871,176.28,250.00,100,3.00,73.72
69971,176.45,250.00,100,3.00,73.55
70071,176.54,250.00,100,3.00,73.46
70171,176.66,250.00,100,3.00,73.34
70271,176.84,250.00,100,3.00,73.16
70371,176.89,250.00,100,3.00,73.11
70471,177.01,250.00,100,3.00,72.99
70571,177.09,250.00,100,3.00,72.91
70671,177.17,250.00,100,3.00,72.83
70771,177.35,250.00,100,3.00,72.65
70871,177.54,250.00,100,3.00,72.46
70971,177.67,250.00,100,3.00,72.33
71071,177.81,250.00,100,3.00,72.19
71171,177.94,250.00,100,3.00,72.06
71271,178.07,250.00,100,3.00,71.93
71371,178.27,250.00,100,3.00,71.73
71471,178.38,250.00,100,3.00,71.62
71571,178.53,250.00,100,3.00,71.47
71671,178.67,250.00,100,3.00,71.33
71771,178.74,250.00,100,3.00,71.26
71871,178.84,250.00,100,3.00,71.16
71971,178.94,250.00,100,3.00,71.06
72071,179.05,250.00,100,3.00,70.95
72171,179.12,250.00,100,3.00,70.88
72271,179.23,250.00,100,3.00,70.77
72371,179.40,250.00,100,3.00,70.60
72471,179.51,250.00,100,3.00,70.49
72571,179.63,250.00,100,3.00,70.37
72671,179.73,250.00,100,3.00,70.27
72771,179.83,250.00,100,3.00,70.17
72871,180.00,250.00,100,3.00,70.00
72971,180.13,250.00,100,3.00,69.87
73071,180.20,250.00,100,3.00,69.80
73171,180.32,250.00,100,3.00,69.68
73271,180.40,250.00,100,3.00,69.60
73371,180.55,250.00,100,3.00,69.45
73471,180.72,250.00,100,3.00,69.28
73571,180.84,250.00,100,3.00,69.16
73671,180.92,250.00,100,3.00,69.08
73771,181.07,250.00,100,3.00,68.93
73871,181.19,250.00,100,3.00,68.81
73971,181.28,250.00,100,3.00,68.72
74071,181.35,250.00,100,3.00,68.65
74171,181.42,250.00,100,3.00,68.58
74271,181.51,250.00,100,3.00,68.49
74371,181.60,250.00,100,3.00,68.40
74471,181.80,250.00,100,3.00,68.20
74571,181.84,250.00,100,3.00,68.16
74671,182.03,250.00,100,3.00,67.97
74771,182.11,250.00,100,3.00,67.89
74871,182.20,250.00,100,3.00,67.80
74971,182.33,250.00,100,3.00,67.67
75071,182.40,250.00,100,3.00,67.60
75171,182.51,250.00,100,3.00,67.49
75271,182.65,250.00,100,3.00,67.35
75371,182.74,250.00,100,3.00,67.26
75471,182.93,250.00,100,3.00,67.07
75571,183.08,250.00,100,3.00,66.92
75671,183.23,250.00,100,3.00,66.77
75771,183.41,250.00,100,3.00,66.59
75871,183.55,250.00,100,3.00,66.45
75971,183.62,250.00,100,3.00,66.38
76071,183.73,250.00,100,3.00,66.27
76171,183.84,250.00,100,3.00,66.16
76271,183.97,250.00,100,3.00,66.03
76371,184.06,250.00,100,3.00,65.94
76471,184.17,250.00,100,3.00,65.83
76571,184.37,250.00,100,3.00,65.63
76671,184.42,250.00,100,3.00,65.58
76771,184.61,250.00,100,3.00,65.39
76871,184.79,250.00,100,3.00,65.21
76971,184.86,250.00,100,3.00,65.14
77071,184.98,250.00,100,3.00,65.02
77171,185.17,250.00,100,3.00,64.83
77271,185.25,250.00,100,3.00,64.75
77371,185.38,250.00,100,3.00,64.62
77471,185.50,250.00,100,3.00,64.50
77571,185.64,250.00,100,3.00,64.36
77671,185.83,250.00,100,3.00,64.17
77771,185.93,250.00,100,3.00,64.07
77871,186.07,250.00,100,3.00,63.93
77971,186.22,250.00,100,3.00,63.78
78071,186.25,250.00,100,3.00,63.75
78171,186.34,250.00,100,3.00,63.66
78271,186.40,250.00,100,3.00,63.60
78371,186.45,250.00,100,3.00,63.55
78471,186.54,250.00,100,3.00,63.46
78571,186.66,250.00,100,3.00,63.34
78671,186.85,250.00,100,3.00,63.15
78771,186.90,250.00,100,3.00,63.10
78871,187.05,250.00,100,3.00,62.95
78971,187.14,250.00,100,3.00,62.86
79071,187.26,250.00,100,3.00,62.74
79171,187.45,250.00,100,3.00,62.55
79271,187.50,250.00,100,3.00,62.50
79371,187.67,250.00,100,3.00,62.33
79471,187.78,250.00,100,3.00,62.22
79571,187.97,250.00,100,3.00,62.03
79671,188.17,250.00,100,3.00,61.83
79771,188.34,250.00,100,3.00,61.66
79871,188.57,250.00,100,3.00,61.43
79971,188.74,250.00,100,3.00,61.26
80071,188.91,250.00,100,3.00,61.09
80171,188.96,250.00,100,3.00,61.04
80271,189.07,250.00,100,3.00,60.93
80371,189.15,250.00,100,3.00,60.85
80471,189.21,250.00,100,3.00,60.79
80571,189.41,250.00,100,3.00,60.59
80671,189.53,250.00,100,3.00,60.47
80771,189.74,250.00,100,3.00,60.26
80871,189.77,250.00,100,3.00,60.23
80971,189.90,250.00,100,3.00,60.10
81071,189.98,250.00,100,3.00,60.02
81171,190.07,250.00,100,3.00,59.93
81271,190.20,250.00,100,3.00,59.80
81371,190.25,250.00,100,3.00,59.75
81471,190.45,250.00,100,3.00,59.55
81571,190.58,250.00,100,3.00,59.42
81671,190.75,250.00,100,3.00,59.25
81771,190.92,250.00,100,3.00,59.08
81871,191.08,250.00,100,3.00,58.92
81971,191.19,250.00,100,3.00,58.81
82071,191.23,250.00,100,3.00,58.77
82171,191.35,250.00,100,3.00,58.65
82271,191.42,250.00,100,3.00,58.58
82371,191.53,250.00,100,3.00,58.47
82471,191.60,250.00,100,3.00,58.40
82571,191.73,250.00,100,3.00,58.27
82671,191.78,250.00,100,3.00,58.22
82771,191.90,250.00,100,3.00,58.10
82871,192.12,250.00,100,3.00,57.88
82971,192.15,250.00,100,3.00,57.85
83071,192.32,250.00,100,3.00,57.68
83171,192.41,250.00,100,3.00,57.59
83271,192.53,250.00,100,3.00,57.47
83371,192.66,250.00,100,3.00,57.34
83471,192.93,250.00,100,3.00,57.07
83571,193.02,250.00,100,3.00,56.98
83671,193.10,250.00,100,3.00,56.90
83771,193.25,250.00,100,3.00,56.75
83871,193.43,250.00,100,3.00,56.57
83971,193.69,250.00,100,3.00,56.31
84071,193.83,250.00,100,3.00,56.17
84171,193.88,250.00,100,3.00,56.12
84271,194.05,250.00,100,3.00,55.95
84371,194.10,250.00,100,3.00,55.90
84471,194.32,250.00,100,3.00,55.68
84571,194.44,250.00,100,3.00,55.56
84671,194.50,250.00,100,3.00,55.50
84771,194.61,250.00,100,3.00,55.39
84871,194.70,250.00,100,3.00,55.30
84971,194.91,250.00,100,3.00,55.09
85071,194.93,250.00,100,3.00,55.07
85171,195.14,250.00,100,3.00,54.86
85271,195.21,250.00,100,3.00,54.79
85371,195.34,250.00,100,3.00,54.66
85471,195.56,250.00,100,3.00,54.44
85571,195.69,250.00,100,3.00,54.31
85671,195.75,250.00,100,3.00,54.25
85771,195.80,250.00,100,3.00,54.20
85871,195.88,250.00,100,3.00,54.12
85971,196.07,250.00,100,3.00,53.93
86071,196.35,250.00,100,3.00,53.65
86171,196.47,250.00,100,3.00,53.53
86271,196.53,250.00,100,3.00,53.47
86371,196.69,250.00,100,3.00,53.31
86471,196.73,250.00,100,3.00,53.27
86571,196.86,250.00,100,3.00,53.14
86671,196.98,250.00,100,3.00,53.02
86771,197.12,250.00,100,3.00,52.88
86871,197.14,250.00,100,3.00,52.86
86971,197.26,250.00,100,3.00,52.74
87071,197.50,250.00,100,3.00,52.50
87171,197.54,250.00,100,3.00,52.46
87271,197.75,250.00,100,3.00,52.25
87371,197.81,250.00,100,3.00,52.19
87471,197.92,250.00,100,3.00,52.08
87571,198.07,250.00,100,3.00,51.93
87671,198.21,250.00,100,3.00,51.79
87771,198.30,250.00,100,3.00,51.70
87871,198.47,250.00,100,3.00,51.53
87971,198.54,250.00,100,3.00,51.46
88071,198.73,250.00,100,3.00,51.27
88171,199.00,250.00,100,3.00,51.00
88271,199.12,250.00,100,3.00,50.88
88371,199.35,250.00,100,3.00,50.65
88471,199.52,250.00,100,3.00,50.48
88571,199.62,250.00,100,3.00,50.38
88671,199.82,250.00,100,3.00,50.18
88771,199.95,250.00,100,3.00,50.05
88871,200.06,250.00,100,3.00,49.94
88971,200.08,250.00,100,3.00,49.92
89071,200.15,250.00,100,3.00,49.85
89171,200.36,250.00,100,3.00,49.64
89271,200.55,250.00,100,3.00,49.45
89371,200.66,250.00,100,3.00,49.34
89471,200.70,250.00,100,3.00,49.30
89571,200.80,250.00,100,3.00,49.20
89671,200.94,250.00,100,3.00,49.06
89771,201.10,250.00,100,3.00,48.90
89871,201.30,250.00,100,3.00,48.70
89971,201.42,250.00,100,3.00,48.58
90071,201.56,250.00,100,3.00,48.44
90171,201.69,250.00,100,3.00,48.31
90271,201.92,250.00,100,3.00,48.08
90371,202.04,250.00,100,3.00,47.96
90471,202.09,250.00,100,3.00,47.91
90571,202.25,250.00,100,3.00,47.75
90671,202.39,250.00,100,3.00,47.61
90771,202.47,250.00,100,3.00,47.53
90871,202.53,250.00,100,3.00,47.47
90971,202.62,250.00,100,3.00,47.38
91071,202.64,250.00,100,3.00,47.36
91171,202.74,250.00,100,3.00,47.26
91271,202.90,250.00,100,3.00,47.10
91371,203.07,250.00,100,3.00,46.93
91471,203.14,250.00,100,3.00,46.86
91571,203.25,250.00,100,3.00,46.75
91671,203.27,250.00,100,3.00,46.73
91771,203.31,250.00,100,3.00,46.69
91871,203.38,250.00,100,3.00,46.62
91971,203.36,250.00,100,3.00,46.64
92071,203.42,250.00,100,3.00,46.58
92171,203.57,250.00,100,3.00,46.43
92271,203.62,250.00,100,3.00,46.38
92371,203.69,250.00,100,3.00,46.31
92471,203.72,250.00,100,3.00,46.28
92571,203.69,250.00,100,3.00,46.31
92671,203.81,250.00,100,3.00,46.19
92771,203.89,250.00,100,3.00,46.11
92871,203.97,250.00,100,3.00,46.03
92971,204.06,250.00,100,3.00,45.94
93071,204.15,250.00,100,3.00,45.85
93171,204.14,250.00,100,3.00,45.86
93271,204.18,250.00,100,3.00,45.82
93371,204.35,250.00,100,3.00,45.65
93471,204.54,250.00,100,3.00,45.46
93571,204.61,250.00,100,3.00,45.39
93671,204.61,250.00,100,3.00,45.39
93771,204.67,250.00,100,3.00,45.33
93871,204.89,250.00,100,3.00,45.11
93971,204.86,250.00,100,3.00,45.14
94071,205.03,250.00,100,3.00,44.97
94171,205.18,250.00,100,3.00,44.82
94271,205.31,250.00,100,3.00,44.69
94371,205.49,250.00,100,3.00,44.51
94471,205.63,250.00,100,3.00,44.37
94571,205.75,250.00,100,3.00,44.25
94671,205.92,250.00,100,3.00,44.08
94771,206.08,250.00,100,3.00,43.92
94871,206.25,250.00,100,3.00,43.75
94971,206.28,250.00,100,3.00,43.72
95071,206.27,250.00,100,3.00,43.73
95171,206.26,250.00,100,3.00,43.74
95271,206.32,250.00,100,3.00,43.68
95371,206.41,250.00,100,3.00,43.59
95471,206.65,250.00,100,3.00,43.35
95571,206.87,250.00,100,3.00,43.13
95671,207.00,250.00,100,3.00,43.00
95771,207.05,250.00,100,3.00,42.95
95871,207.16,250.00,100,3.00,42.84
95971,207.26,250.00,100,3.00,42.74
96071,207.28,250.00,100,3.00,42.72
96171,207.40,250.00,100,3.00,42.60
96271,207.58,250.00,100,3.00,42.42
96371,207.77,250.00,100,3.00,42.23
96471,207.91,250.00,100,3.00,42.09
96571,208.11,250.00,100,3.00,41.89
96671,208.29,250.00,100,3.00,41.71
96771,208.31,250.00,100,3.00,41.69
96871,208.50,250.00,100,3.00,41.50
96971,208.60,250.00,100,3.00,41.40
97071,208.87,250.00,100,3.00,41.13
97171,208.90,250.00,100,3.00,41.10
97271,209.03,250.00,100,3.00,40.97
97371,209.08,250.00,100,3.00,40.92
97471,209.16,250.00,100,3.00,40.84
97571,209.45,250.00,100,3.00,40.55
97671,209.42,250.00,100,3.00,40.58
97771,209.57,250.00,100,3.00,40.43
97871,209.67,250.00,100,3.00,40.33
97971,209.76,250.00,100,3.00,40.24
98071,210.03,250.00,100,3.00,39.97
98171,210.19,250.00,100,3.00,39.81
98271,210.30,250.00,100,3.00,39.70
98371,210.51,250.00,100,3.00,39.49
98471,210.81,250.00,100,3.00,39.19
98571,211.08,250.00,100,3.00,38.92
98671,211.29,250.00,100,3.00,38.71
98771,211.63,250.00,100,3.00,38.37
98871,211.86,250.00,100,3.00,38.14
98971,211.99,250.00,100,3.00,38.01
99071,212.14,250.00,100,3.00,37.86
99171,212.32,250.00,100,3.00,37.68
99271,212.33,250.00,100,3.00,37.67
99371,212.60,250.00,100,3.00,37.40
99471,212.66,250.00,100,3.00,37.34
99571,212.82,250.00,100,3.00,37.18
99671,213.13,250.00,100,3.00,36.87
99771,213.24,250.00,100,3.00,36.76
99871,213.43,250.00,100,3.00,36.57
99971,213.51,250.00,100,3.00,36.49
100071,213.63,250.00,100,3.00,36.37
100171,213.94,250.00,100,3.00,36.06
100271,213.94,250.00,100,3.00,36.06
100371,214.05,250.00,100,3.00,35.95
100471,214.27,250.00,100,3.00,35.73
100571,214.56,250.00,100,3.00,35.44
100671,214.81,250.00,100,3.00,35.19
100771,215.13,250.00,100,3.00,34.87
100871,215.41,250.00,100,3.00,34.59
100971,215.58,250.00,100,3.00,34.42
101071,215.73,250.00,100,3.00,34.27
101171,215.83,250.00,100,3.00,34.17
101271,215.92,250.00,100,3.00,34.08
101371,216.04,250.00,100,3.00,33.96
101471,216.19,250.00,100,3.00,33.81
101571,216.24,250.00,100,3.00,33.76
101671,216.37,250.00,100,3.00,33.63
101771,216.66,250.00,100,3.00,33.34
101871,216.58,250.00,100,3.00,33.42
101971,216.72,250.00,100,3.00,33.28
102071,216.76,250.00,100,3.00,33.24
102171,216.79,250.00,100,3.00,33.21
102271,216.91,250.00,100,3.00,33.09
102371,216.89,250.00,100,3.00,33.11
102471,216.99,250.00,100,3.00,33.01
102571,217.05,250.00,100,3.00,32.95
102671,217.27,250.00,100,3.00,32.73
102771,217.51,250.00,100,3.00,32.49
102871,217.73,250.00,100,3.00,32.27
102971,218.06,250.00,67,3.00,31.94
103071,218.05,250.00,100,3.00,31.95
103171,218.26,250.00,100,3.00,31.74
103271,218.53,250.00,100,3.00,31.47
103371,218.61,250.00,100,3.00,31.39
103471,218.71,250.00,100,3.00,31.29
103571,218.72,250.00,100,3.00,31.28
103671,218.78,250.00,100,3.00,31.22
103771,218.91,250.00,100,3.00,31.09
103871,219.22,250.00,100,3.00,30.78
103971,219.40,250.00,100,3.00,30.60
104071,219.70,250.00,91,3.00,30.30
104171,219.74,250.00,100,3.00,30.26
104271,219.83,250.00,100,3.00,30.17
104371,220.13,250.00,68,3.00,29.87
104471,220.46,250.00,16,3.00,29.54
104571,220.85,250.00,0,3.00,29.15
104671,220.96,250.00,100,3.00,29.04
104771,220.92,250.00,100,3.00,29.08
104871,221.12,250.00,100,3.00,28.88
104971,221.25,250.00,100,3.00,28.75
105071,221.51,250.00,100,3.00,28.49
105171,221.56,250.00,100,3.00,28.44
105271,221.74,250.00,100,3.00,28.26
105371,221.71,250.00,100,3.00,28.29
105471,221.98,250.00,100,3.00,28.02
105571,222.12,250.00,100,3.00,27.88
105671,222.06,250.00,100,3.00,27.94
105771,222.05,250.00,100,3.00,27.95
105871,222.13,250.00,100,3.00,27.87
105971,222.45,250.00,0,3.00,27.55
106071,222.85,250.00,0,3.00,27.15
106171,223.10,250.00,100,3.00,26.90
106271,223.03,250.00,100,3.00,26.97
106371,223.06,250.00,100,3.00,26.94
106471,223.24,250.00,100,3.00,26.76
106571,223.66,250.00,0,3.00,26.34
106671,223.93,250.00,51,3.00,26.07
106771,223.97,250.00,100,3.00,26.03
106871,224.11,250.00,100,3.00,25.89
106971,224.34,250.00,100,3.00,25.66
107071,224.54,250.00,100,3.00,25.46
107171,224.83,250.00,0,3.00,25.17
107271,225.30,250.00,0,3.00,24.70
107371,225.52,250.00,100,3.00,24.48
107471,225.50,250.00,100,3.00,24.50
107571,225.59,250.00,100,3.00,24.41
107671,225.51,250.00,100,3.00,24.49
107771,225.60,250.00,100,3.00,24.40
107871,225.57,250.00,100,3.00,24.43
107971,225.71,250.00,100,3.00,24.29
108071,226.04,250.00,0,3.00,23.96
108171,226.34,250.00,0,3.00,23.66
108271,226.78,250.00,0,3.00,23.22
108371,226.84,250.00,100,3.00,23.16
108471,226.79,250.00,100,3.00,23.21
108571,227.07,250.00,0,3.00,22.93
108671,227.27,250.00,100,3.00,22.73
108771,227.23,250.00,100,3.00,22.77
108871,227.36,250.00,100,3.00,22.64
108971,227.64,250.00,0,3.00,22.36
109071,228.06,250.00,0,3.00,21.94
109171,228.62,250.00,0,3.00,21.38
109271,228.83,250.00,69,3.00,21.17
109371,228.85,250.00,100,3.00,21.15
109471,229.04,250.00,100,3.00,20.96
109571,229.09,250.00,100,3.00,20.91
109671,229.03,250.00,100,3.00,20.97
109771,229.09,250.00,100,3.00,20.91
109871,229.14,250.00,100,3.00,20.86
109971,229.35,250.00,40,3.00,20.65
110071,229.27,250.00,100,3.00,20.73
110171,229.59,250.00,0,3.00,20.41
110271,229.87,250.00,0,3.00,20.13
110371,230.13,250.00,0,3.00,19.87
110471,230.42,250.00,0,3.00,19.58
110571,230.75,250.00,0,3.00,19.25
110671,230.92,250.00,100,3.00,19.08
110771,230.90,250.00,100,3.00,19.10
110871,230.77,250.00,100,3.00,19.23
110971,230.65,250.00,100,3.00,19.35
111071,230.77,250.00,100,3.00,19.23
111171,230.77,250.00,100,3.00,19.23
111271,230.88,250.00,100,3.00,19.12
111371,231.16,250.00,0,3.00,18.84
111471,231.66,250.00,0,3.00,18.34
111571,231.74,250.00,100,3.00,18.26
111671,231.58,250.00,100,3.00,18.42
111771,231.55,250.00,100,3.00,18.45
111871,231.41,250.00,100,3.00,18.59
111971,231.23,250.00,100,3.00,18.77
112071,231.47,250.00,0,3.00,18.53
112171,231.63,250.00,100,3.00,18.37
112271,231.96,250.00,0,3.00,18.04
112371,232.44,250.00,0,3.00,17.56
112471,232.75,250.00,0,3.00,17.25
112571,232.78,250.00,100,3.00,17.22
112671,232.69,250.00,100,3.00,17.31
112771,232.91,250.00,0,3.00,17.09
112871,233.51,250.00,0,3.00,16.49
112971,233.71,250.00,0,3.00,16.29
113071,233.96,250.00,0,3.00,16.04
113171,234.24,250.00,0,3.00,15.76
113271,234.31,250.00,100,3.00,15.69
113371,234.43,250.00,100,3.00,15.57
113471,234.42,250.00,100,3.00,15.58
113571,234.22,250.00,100,3.00,15.78
113671,234.29,250.00,100,3.00,15.71
113771,234.23,250.00,100,3.00,15.77
113871,234.11,250.00,100,3.00,15.89
113971,234.00,250.00,100,3.00,16.00
114071,234.03,250.00,100,3.00,15.97
114171,233.93,250.00,100,3.00,16.07
114271,233.91,250.00,100,3.00,16.09
114371,234.13,250.00,0,3.00,15.87
114471,234.34,250.00,0,3.00,15.66
114571,234.59,250.00,0,3.00,15.41
114671,234.62,250.00,100,3.00,15.38
114771,234.58,250.00,100,3.00,15.42
114871,234.55,250.00,100,3.00,15.45
114971,234.34,250.00,100,3.00,15.66
115071,234.34,250.00,100,3.00,15.66
115171,234.52,250.00,0,3.00,15.48
115271,234.89,250.00,0,3.00,15.11
115371,235.15,250.00,0,3.00,14.85
115471,235.65,250.00,0,3.00,14.35
115571,235.77,250.00,100,3.00,14.23
115671,235.56,250.00,100,3.00,14.44
115771,235.69,250.00,84,3.00,14.31
115871,235.67,250.00,100,3.00,14.33
115971,235.66,250.00,100,3.00,14.34
116071,235.71,250.00,100,3.00,14.29
116171,235.76,250.00,100,3.00,14.24
116271,235.55,250.00,100,3.00,14.45
116371,235.55,250.00,100,3.00,14.45
116471,235.87,250.00,0,3.00,14.13
116571,236.24,250.00,0,3.00,13.76
116671,236.43,250.00,0,3.00,13.57
116771,236.60,250.00,0,3.00,13.40
116871,236.90,250.00,0,3.00,13.10
116971,237.02,250.00,48,3.00,12.98
117071,237.20,250.00,0,3.00,12.80
117171,237.44,250.00,0,3.00,12.56
117271,237.37,250.00,100,3.00,12.63
117371,237.39,250.00,100,3.00,12.61
117471,237.26,250.00,100,3.00,12.74
117571,237.56,250.00,0,3.00,12.44
117671,237.69,250.00,26,3.00,12.31
117771,237.87,250.00,0,3.00,12.13
117871,237.97,250.00,96,3.00,12.03
117971,237.79,250.00,100,3.00,12.21
118071,237.83,250.00,100,3.00,12.17
118171,237.73,250.00,100,3.00,12.27
118271,237.44,250.00,100,3.00,12.56
118371,237.25,250.00,100,3.00,12.75
118471,237.21,250.00,100,3.00,12.79
118571,237.44,250.00,0,3.00,12.56
118671,237.86,250.00,0,3.00,12.14
118771,238.10,250.00,0,3.00,11.90
118871,238.11,250.00,100,3.00,11.89
118971,237.91,250.00,100,3.00,12.09
119071,237.74,250.00,100,3.00,12.26
119171,237.65,250.00,100,3.00,12.35
119271,237.44,250.00,100,3.00,12.56
119371,237.37,250.00,100,3.00,12.63
119471,237.39,250.00,100,3.00,12.61
119571,237.33,250.00,100,3.00,12.67
119671,237.35,250.00,100,3.00,12.65
119771,237.56,250.00,0,3.00,12.44
119871,237.97,250.00,0,3.00,12.03
119971,238.06,250.00,100,3.00,11.94
120071,238.00,250.00,100,3.00,12.00
120171,237.88,250.00,100,3.00,12.12
120271,237.65,250.00,100,3.00,12.35
120371,237.77,250.00,46,3.00,12.23
120471,237.94,250.00,0,3.00,12.06
120571,238.10,250.00,0,3.00,11.90
120671,237.97,250.00,100,3.00,12.03
120771,238.13,250.00,0,3.00,11.87
120871,238.41,250.00,0,3.00,11.59
120971,238.32,250.00,100,3.00,11.68
121071,238.10,250.00,100,3.00,11.90
121171,237.98,250.00,100,3.00,12.02
121271,237.67,250.00,100,3.00,12.33
121371,237.52,250.00,100,3.00,12.48
121471,237.52,250.00,100,3.00,12.48
121571,237.32,250.00,100,3.00,12.68
121671,237.47,250.00,0,3.00,12.53
121771,237.96,250.00,0,3.00,12.04
121871,238.26,250.00,0,3.00,11.74
121971,238.67,250.00,0,3.00,11.33
122071,238.62,250.00,100,3.00,11.38
122171,238.64,250.00,100,3.00,11.36
122271,238.46,250.00,100,3.00,11.54
122371,238.36,250.00,100,3.00,11.64
122471,238.08,250.00,100,3.00,11.92
122571,237.83,250.00,100,3.00,12.17
122671,237.73,250.00,100,3.00,12.27
122771,237.91,250.00,0,3.00,12.09
122871,238.07,250.00,0,3.00,11.93
122971,238.43,250.00,0,3.00,11.57
123071,238.47,250.00,100,3.00,11.53
123171,238.30,250.00,100,3.00,11.70
123271,238.43,250.00,18,3.00,11.57
123371,238.61,250.00,0,3.00,11.39
123471,238.77,250.00,0,3.00,11.23
123571,238.84,250.00,100,3.00,11.16
123671,238.51,250.00,100,3.00,11.49
123771,238.55,250.00,100,3.00,11.45
123871,238.78,250.00,0,3.00,11.22
123971,238.86,250.00,100,3.00,11.14
124071,238.86,250.00,100,3.00,11.14
124171,238.79,250.00,100,3.00,11.21
124271,238.86,250.00,100,3.00,11.14
124371,238.59,250.00,100,3.00,11.41
124471,238.22,250.00,100,3.00,11.78
124571,237.89,250.00,100,3.00,12.11
124671,237.72,250.00,100,3.00,12.28
124771,237.63,250.00,100,3.00,12.37
124871,237.82,250.00,0,3.00,12.18
124971,237.99,250.00,0,3.00,12.01
125071,238.28,250.00,0,3.00,11.72
125171,238.27,250.00,100,3.00,11.73
125271,238.00,250.00,100,3.00,12.00
125371,238.15,250.00,0,3.00,11.85
125471,238.65,250.00,0,3.00,11.35
125571,238.81,250.00,0,3.00,11.19
125671,238.95,250.00,0,3.00,11.05
125771,239.01,250.00,100,3.00,10.99
125871,238.92,250.00,100,3.00,11.08
125971,239.20,250.00,0,3.00,10.80
126071,239.30,250.00,41,3.00,10.70
126171,239.25,250.00,100,3.00,10.75
126271,239.28,250.00,100,3.00,10.72
126371,239.37,250.00,60,3.00,10.63
126471,239.19,250.00,100,3.00,10.81
126571,239.08,250.00,100,3.00,10.92
126671,238.99,250.00,100,3.00,11.01
126771,238.71,250.00,100,3.00,11.29
126871,238.52,250.00,100,3.00,11.48
126971,238.69,250.00,0,3.00,11.31
127071,238.92,250.00,0,3.00,11.08
127171,239.19,250.00,0,3.00,10.81
127271,239.44,250.00,0,3.00,10.56
127371,239.45,250.00,100,3.00,10.55
127471,239.25,250.00,100,3.00,10.75
127571,238.82,250.00,100,3.00,11.18
127671,238.62,250.00,100,3.00,11.38
127771,238.50,250.00,100,3.00,11.50
127871,238.61,250.00,63,3.00,11.39
127971,238.49,250.00,100,3.00,11.51
128071,238.46,250.00,100,3.00,11.54
128171,238.64,250.00,0,3.00,11.36
128271,239.01,250.00,0,3.00,10.99
128371,239.06,250.00,100,3.00,10.94
128471,238.84,250.00,100,3.00,11.16
128571,238.91,250.00,100,3.00,11.09
128671,238.77,250.00,100,3.00,11.23
128771,238.64,250.00,100,3.00,11.36
128871,238.39,250.00,100,3.00,11.61
128971,238.30,250.00,100,3.00,11.70
129071,238.42,250.00,18,3.00,11.58
129171,238.20,250.00,100,3.00,11.80
129271,238.19,250.00,100,3.00,11.81
129371,237.99,250.00,100,3.00,12.01
129471,237.81,250.00,100,3.00,12.19
129571,237.98,250.00,0,3.00,12.02
129671,238.50,250.00,0,3.00,11.50
129771,238.74,250.00,0,3.00,11.26
129871,238.62,250.00,100,3.00,11.38
129971,238.31,250.00,100,3.00,11.69
130071,238.23,250.00,100,3.00,11.77
130171,238.22,250.00,100,3.00,11.78
130271,238.15,250.00,100,3.00,11.85
130371,238.01,250.00,100,3.00,11.99
130471,237.89,250.00,100,3.00,12.11
130571,237.66,250.00,100,3.00,12.34
130671,237.58,250.00,100,3.00,12.42
130771,237.37,250.00,100,3.00,12.63
130871,237.12,250.00,100,3.00,12.88
130971,237.03,250.00,100,3.00,12.97
131071,237.01,250.00,100,3.00,12.99
131171,237.33,250.00,0,3.00,12.67
131271,237.55,250.00,0,3.00,12.45
131371,237.75,250.00,0,3.00,12.25
131471,237.79,250.00,100,3.00,12.21
131571,237.69,250.00,100,3.00,12.31
131671,237.61,250.00,100,3.00,12.39
131771,237.34,250.00,100,3.00,12.66
131871,237.22,250.00,100,3.00,12.78
131971,237.38,250.00,0,3.00,12.62
132071,237.67,250.00,0,3.00,12.33
132171,237.99,250.00,0,3.00,12.01
132271,238.15,250.00,0,3.00,11.85
132371,238.21,250.00,100,3.00,11.79
132471,237.95,250.00,100,3.00,12.05
132571,238.25,250.00,0,3.00,11.75
132671,238.31,250.00,100,3.00,11.69
132771,238.16,250.00,100,3.00,11.84
132871,238.09,250.00,100,3.00,11.91
132971,238.23,250.00,0,3.00,11.77
133071,238.23,250.00,100,3.00,11.77
133171,238.09,250.00,100,3.00,11.91
133271,238.23,250.00,0,3.00,11.77
133371,238.57,250.00,0,3.00,11.43
133471,238.67,250.00,79,3.00,11.33
133571,238.75,250.00,100,3.00,11.25
133671,238.63,250.00,100,3.00,11.37
133771,238.51,250.00,100,3.00,11.49
133871,238.68,250.00,0,3.00,11.32
133971,238.84,250.00,0,3.00,11.16
134071,238.77,250.00,100,3.00,11.23
134171,238.45,250.00,100,3.00,11.55
134271,238.49,250.00,100,3.00,11.51
134371,238.45,250.00,100,3.00,11.55
134471,238.63,250.00,0,3.00,11.37
134571,238.93,250.00,0,3.00,11.07
134671,239.28,250.00,0,3.00,10.72
134771,239.59,250.00,0,3.00,10.41
134871,239.87,250.00,0,3.00,10.13
134971,239.91,250.00,100,3.00,10.09
135071,239.53,250.00,100,3.00,10.47
135171,239.33,250.00,100,3.00,10.67
135271,239.15,250.00,100,3.00,10.85
135371,239.32,250.00,0,3.00,10.68
135471,239.56,250.00,0,3.00,10.44
135571,239.63,250.00,100,3.00,10.37
135671,239.41,250.00,100,3.00,10.59
135771,239.22,250.00,100,3.00,10.78
135871,239.05,250.00,100,3.00,10.95
135971,239.02,250.00,100,3.00,10.98
136071,238.80,250.00,100,3.00,11.20
136171,238.81,250.00,100,3.00,11.19
136271,238.61,250.00,100,3.00,11.39
136371,238.77,250.00,0,3.00,11.23
136471,238.99,250.00,0,3.00,11.01
136571,239.26,250.00,0,3.00,10.74
136671,239.21,250.00,100,3.00,10.79
136771,239.24,250.00,100,3.00,10.76
136871,239.14,250.00,100,3.00,10.86
136971,239.04,250.00,100,3.00,10.96
137071,239.09,250.00,100,3.00,10.91
137171,238.99,250.00,100,3.00,11.01
137271,239.12,250.00,0,3.00,10.88
137371,239.30,250.00,0,3.00,10.70
137471,239.32,250.00,100,3.00,10.68
137571,239.48,250.00,0,3.00,10.52
137671,239.70,250.00,0,3.00,10.30
137771,239.97,250.00,0,3.00,10.03
137871,240.21,250.00,0,3.00,9.79
137971,240.22,250.00,100,3.00,9.78
138071,239.81,250.00,100,3.00,10.19
138171,239.65,250.00,100,3.00,10.35
138271,239.50,250.00,100,3.00,10.50
138371,239.23,250.00,100,3.00,10.77
138471,239.33,250.00,49,3.00,10.67
138571,239.14,250.00,100,3.00,10.86
138671,239.05,250.00,100,3.00,10.95
138771,238.82,250.00,100,3.00,11.18
138871,238.96,250.00,0,3.00,11.04
138971,239.38,250.00,0,3.00,10.62
139071,239.68,250.00,0,3.00,10.32
139171,239.74,250.00,100,3.00,10.26
139271,239.65,250.00,100,3.00,10.35
139371,239.43,250.00,100,3.00,10.57
139471,239.37,250.00,100,3.00,10.63
139571,239.46,250.00,81,3.00,10.54
139671,239.68,250.00,0,3.00,10.32
139771,239.95,250.00,0,3.00,10.05
139871,239.84,250.00,100,3.00,10.16
139971,239.67,250.00,100,3.00,10.33
140071,239.80,250.00,0,3.00,10.20
140171,240.29,250.00,0,3.00,9.71
140271,240.42,250.00,0,3.00,9.58
140371,240.55,250.00,0,3.00,9.45
140471,240.66,250.00,0,3.00,9.34
140571,240.76,250.00,7,3.00,9.24
140671,240.64,250.00,100,3.00,9.36
140771,240.39,250.00,100,3.00,9.61
140871,240.37,250.00,100,3.00,9.63
140971,240.29,250.00,100,3.00,9.71
141071,240.07,250.00,100,3.00,9.93
141171,239.88,250.00,100,3.00,10.12
141271,239.78,250.00,100,3.00,10.22
141371,239.68,250.00,100,3.00,10.32
141471,239.46,250.00,100,3.00,10.54
141571,239.33,250.00,100,3.00,10.67
141671,239.49,250.00,0,3.00,10.51
141771,239.86,250.00,0,3.00,10.14
141871,240.11,250.00,0,3.00,9.89
141971,239.98,250.00,100,3.00,10.02
142071,239.87,250.00,100,3.00,10.13
142171,239.70,250.00,100,3.00,10.30
142271,239.35,250.00,100,3.00,10.65
142371,239.16,250.00,100,3.00,10.84
142471,239.13,250.00,100,3.00,10.87
142571,238.90,250.00,100,3.00,11.10
142671,239.03,250.00,0,3.00,10.97
142771,239.60,250.00,0,3.00,10.40
142871,239.66,250.00,100,3.00,10.34
142971,239.51,250.00,100,3.00,10.49
143071,239.58,250.00,100,3.00,10.42
143171,239.37,250.00,100,3.00,10.63
143271,239.18,250.00,100,3.00,10.82
143371,239.15,250.00,100,3.00,10.85
143471,239.12,250.00,100,3.00,10.88
143571,239.30,250.00,0,3.00,10.70
143671,239.32,250.00,100,3.00,10.68
143771,239.27,250.00,100,3.00,10.73
143871,238.90,250.00,100,3.00,11.10
143971,238.89,250.00,100,3.00,11.11
144071,238.82,250.00,100,3.00,11.18
144171,238.75,250.00,100,3.00,11.25
144271,238.83,250.00,100,3.00,11.17
144371,238.90,250.00,100,3.00,11.10
144471,238.82,250.00,100,3.00,11.18
144571,238.83,250.00,100,3.00,11.17
144671,238.97,250.00,0,3.00,11.03
144771,239.24,250.00,0,3.00,10.76
144871,239.86,250.00,0,3.00,10.14
144971,239.97,250.00,10,3.00,10.03
145071,239.72,250.00,100,3.00,10.28
145171,239.63,250.00,100,3.00,10.37
145271,239.55,250.00,100,3.00,10.45
145371,239.48,250.00,100,3.00,10.52
145471,239.28,250.00,100,3.00,10.72
145571,239.30,250.00,100,3.00,10.70
145671,239.19,250.00,100,3.00,10.81
145771,239.15,250.00,100,3.00,10.85
145871,239.40,250.00,0,3.00,10.60
145971,239.70,250.00,0,3.00,10.30
146071,240.05,250.00,0,3.00,9.95
146171,240.36,250.00,0,3.00,9.64
146271,240.64,250.00,0,3.00,9.36
146371,240.67,250.00,100,3.00,9.33
146471,240.28,250.00,100,3.00,9.72
146571,240.00,250.00,100,3.00,10.00
146671,240.03,250.00,100,3.00,9.97
146771,240.05,250.00,100,3.00,9.95
146871,240.14,250.00,52,3.00,9.86
146971,240.14,250.00,100,3.00,9.86
147071,240.22,250.00,75,3.00,9.78
147171,240.37,250.00,0,3.00,9.63
147271,240.65,250.00,0,3.00,9.35
147371,240.75,250.00,4,3.00,9.25
147471,240.84,250.00,27,3.00,9.16
147571,240.85,250.00,100,3.00,9.15
147671,240.58,250.00,100,3.00,9.42
147771,240.41,250.00,100,3.00,9.59
147871,240.25,250.00,100,3.00,9.75
147971,240.39,250.00,0,3.00,9.61
148071,240.74,250.00,0,3.00,9.26
148171,240.91,250.00,0,3.00,9.09
148271,240.84,250.00,100,3.00,9.16
148371,240.71,250.00,100,3.00,9.29
148471,240.80,250.00,18,3.00,9.20
148571,240.82,250.00,100,3.00,9.18
148671,240.83,250.00,100,3.00,9.17
148771,240.77,250.00,100,3.00,9.23
148871,240.51,250.00,100,3.00,9.49
148971,240.48,250.00,100,3.00,9.52
149071,240.53,250.00,100,3.00,9.47
149171,240.57,250.00,100,3.00,9.43
149271,240.46,250.00,100,3.00,9.54
149371,240.58,250.00,0,3.00,9.42
149471,240.91,250.00,0,3.00,9.09
149571,241.21,250.00,0,3.00,8.79
149671,241.48,250.00,0,3.00,8.52
149771,241.36,250.00,100,3.00,8.64
149871,241.11,250.00,100,3.00,8.89
149971,240.95,250.00,100,3.00,9.05
150071,240.88,250.00,100,3.00,9.12
150171,240.54,250.00,100,3.00,9.46
150271,240.51,250.00,100,3.00,9.49
150371,240.69,250.00,0,3.00,9.31
150471,241.02,250.00,0,3.00,8.98
150571,241.23,250.00,0,3.00,8.77
150671,241.20,250.00,100,3.00,8.80
150771,241.03,250.00,100,3.00,8.97
150871,240.95,250.00,100,3.00,9.05
150971,240.95,250.00,100,3.00,9.05
151071,241.02,250.00,73,3.00,8.98
151171,240.74,250.00,100,3.00,9.26
151271,240.76,250.00,100,3.00,9.24
151371,240.63,250.00,100,3.00,9.37
151471,240.52,250.00,100,3.00,9.48
151571,240.49,250.00,100,3.00,9.51
151671,240.76,250.00,0,3.00,9.24
151771,241.07,250.00,0,3.00,8.93
151871,240.99,250.00,100,3.00,9.01
151971,240.77,250.00,100,3.00,9.23
152071,240.65,250.00,100,3.00,9.35
152171,240.90,250.00,0,3.00,9.10
152271,241.05,250.00,0,3.00,8.95
152371,241.41,250.00,0,3.00,8.59
152471,241.66,250.00,0,3.00,8.34
152571,241.66,250.00,100,3.00,8.34
152671,241.81,250.00,0,3.00,8.19
152771,241.79,250.00,100,3.00,8.21
152871,241.57,250.00,100,3.00,8.43
152971,241.29,250.00,100,3.00,8.71
153071,241.33,250.00,100,3.00,8.67
153171,241.44,250.00,0,3.00,8.56
153271,241.32,250.00,100,3.00,8.68
153371,241.21,250.00,100,3.00,8.79
153471,241.33,250.00,0,3.00,8.67
153571,241.51,250.00,0,3.00,8.49
153671,241.75,250.00,0,3.00,8.25
153771,241.75,250.00,100,3.00,8.25
153871,241.74,250.00,100,3.00,8.26
153971,241.52,250.00,100,3.00,8.48
154071,241.39,250.00,100,3.00,8.61
154171,241.34,250.00,100,3.00,8.66
154271,241.60,250.00,0,3.00,8.40
154371,241.83,250.00,0,3.00,8.17
154471,242.04,250.00,0,3.00,7.96
154571,242.00,250.00,100,3.00,8.00
154671,241.82,250.00,100,3.00,8.18
154771,242.03,250.00,0,3.00,7.97
154871,242.14,250.00,0,3.00,7.86
154971,242.40,250.00,0,3.00,7.60
155071,242.32,250.00,100,3.00,7.68
155171,242.11,250.00,100,3.00,7.89
155271,242.00,250.00,100,3.00,8.00
155371,242.34,250.00,0,3.00,7.66
155471,242.58,250.00,0,3.00,7.42
155571,242.49,250.00,100,3.00,7.51
155671,242.78,250.00,0,3.00,7.22
155771,242.82,250.00,100,3.00,7.18
155871,242.70,250.00,100,3.00,7.30
155971,242.60,250.00,100,3.00,7.40
156071,242.29,250.00,100,3.00,7.71
156171,242.09,250.00,100,3.00,7.91
156271,241.90,250.00,100,3.00,8.10
156371,242.10,250.00,0,3.00,7.90
156471,242.44,250.00,0,3.00,7.56
156571,242.58,250.00,0,3.00,7.42
156671,242.49,250.00,100,3.00,7.51
156771,242.34,250.00,100,3.00,7.66
156871,242.49,250.00,0,3.00,7.51
156971,242.49,250.00,100,3.00,7.51
157071,242.63,250.00,0,3.00,7.37
157171,242.92,250.00,0,3.00,7.08
157271,243.17,250.00,0,3.00,6.83
157371,243.32,250.00,0,3.00,6.68
157471,243.32,250.00,100,3.00,6.68
157571,243.54,250.00,0,3.00,6.46
157671,243.54,250.00,100,3.00,6.46
157771,243.35,250.00,100,3.00,6.65
157871,243.25,250.00,100,3.00,6.75
157971,243.02,250.00,100,3.00,6.98
158071,242.89,250.00,100,3.00,7.11
158171,242.48,250.00,100,3.00,7.52
158271,242.26,250.00,100,3.00,7.74
158371,242.12,250.00,100,3.00,7.88
158471,242.38,250.00,0,3.00,7.62
158571,242.77,250.00,0,3.00,7.23
158671,242.96,250.00,0,3.00,7.04
158771,243.21,250.00,0,3.00,6.79
158871,243.20,250.00,100,3.00,6.80
158971,242.98,250.00,100,3.00,7.02
159071,242.56,250.00,100,3.00,7.44
159171,242.62,250.00,60,3.00,7.38
159271,242.60,250.00,100,3.00,7.40
159371,242.65,250.00,68,3.00,7.35
159471,242.86,250.00,0,3.00,7.14
159571,242.96,250.00,0,3.00,7.04
159671,243.13,250.00,0,3.00,6.87
159771,243.13,250.00,100,3.00,6.87
159871,243.06,250.00,100,3.00,6.94
159971,242.99,250.00,100,3.00,7.01
160071,242.86,250.00,100,3.00,7.14
160171,242.74,250.00,100,3.00,7.26
160271,242.42,250.00,100,3.00,7.58
160371,242.20,250.00,100,3.00,7.80
160471,242.07,250.00,100,3.00,7.93
160571,242.26,250.00,0,3.00,7.74
160671,242.66,250.00,0,3.00,7.34
160771,242.86,250.00,0,3.00,7.14
160871,243.12,250.00,0,3.00,6.88
160971,243.05,250.00,100,3.00,6.95
161071,243.13,250.00,0,3.00,6.87
161171,243.13,250.00,100,3.00,6.87
161271,242.84,250.00,100,3.00,7.16
161371,242.73,250.00,100,3.00,7.27
161471,242.77,250.00,97,3.00,7.23
161571,242.88,250.00,0,3.00,7.12
161671,242.62,250.00,100,3.00,7.38
161771,242.45,250.00,100,3.00,7.55
161871,242.52,250.00,35,3.00,7.48
161971,242.73,250.00,0,3.00,7.27
162071,242.85,250.00,0,3.00,7.15
162171,243.11,250.00,0,3.00,6.89
162271,243.43,250.00,0,3.00,6.57
162371,243.25,250.00,100,3.00,6.75
162471,242.81,250.00,100,3.00,7.19
162571,242.62,250.00,100,3.00,7.38
162671,242.75,250.00,0,3.00,7.25
162771,242.79,250.00,100,3.00,7.21
162871,242.83,250.00,100,3.00,7.17
162971,242.57,250.00,100,3.00,7.43
163071,242.40,250.00,100,3.00,7.60
163171,242.33,250.00,100,3.00,7.67
163271,242.34,250.00,100,3.00,7.66
163371,242.20,250.00,100,3.00,7.80
163471,242.22,250.00,100,3.00,7.78
163571,242.02,250.00,100,3.00,7.98
163671,242.13,250.00,0,3.00,7.87
163771,242.01,250.00,100,3.00,7.99
163871,242.36,250.00,0,3.00,7.64
163971,242.36,250.00,100,3.00,7.64
164071,242.67,250.00,0,3.00,7.33
164171,242.87,250.00,0,3.00,7.13
164271,243.21,250.00,0,3.00,6.79
164371,243.28,250.00,14,3.00,6.72
164471,243.19,250.00,100,3.00,6.81
164571,242.90,250.00,100,3.00,7.10
164671,242.70,250.00,100,3.00,7.30
164771,242.60,250.00,100,3.00,7.40
164871,242.22,250.00,100,3.00,7.78
164971,242.16,250.00,100,3.00,7.84
165071,242.34,250.00,0,3.00,7.66
165171,242.65,250.00,0,3.00,7.35
165271,242.85,250.00,0,3.00,7.15
165371,242.88,250.00,100,3.00,7.12
165471,242.69,250.00,100,3.00,7.31
165571,242.37,250.00,100,3.00,7.63
165671,242.09,250.00,100,3.00,7.91
165771,242.19,250.00,0,3.00,7.81
165871,242.19,250.00,100,3.00,7.81
165971,242.52,250.00,0,3.00,7.48
166071,242.52,250.00,100,3.00,7.48
166171,242.36,250.00,100,3.00,7.64
166271,242.22,250.00,100,3.00,7.78
166371,242.09,250.00,100,3.00,7.91
166471,242.12,250.00,100,3.00,7.88
166571,241.79,250.00,100,3.00,8.21
166671,241.64,250.00,100,3.00,8.36
166771,241.50,250.00,100,3.00,8.50
166871,241.81,250.00,0,3.00,8.19
166971,242.26,250.00,0,3.00,7.74
167071,242.58,250.00,0,3.00,7.42
167171,242.87,250.00,0,3.00,7.13
167271,242.90,250.00,100,3.00,7.10
167371,242.70,250.00,100,3.00,7.30
167471,242.60,250.00,100,3.00,7.40
167571,242.58,250.00,100,3.00,7.42
167671,242.41,250.00,100,3.00,7.59
167771,242.12,250.00,100,3.00,7.88
167871,241.93,250.00,100,3.00,8.07
167971,241.91,250.00,100,3.00,8.09
168071,242.11,250.00,0,3.00,7.89
168171,242.52,250.00,0,3.00,7.48
168271,242.82,250.00,0,3.00,7.18
168371,242.93,250.00,0,3.00,7.07
168471,243.18,250.00,0,3.00,6.82
168571,243.41,250.00,0,3.00,6.59
168671,243.23,250.00,100,3.00,6.77
168771,242.93,250.00,100,3.00,7.07
168871,242.66,250.00,100,3.00,7.34
168971,242.79,250.00,0,3.00,7.21
169071,242.90,250.00,0,3.00,7.10
169171,242.92,250.00,100,3.00,7.08
169271,242.58,250.00,100,3.00,7.42
169371,242.42,250.00,100,3.00,7.58
169471,242.49,250.00,28,3.00,7.51
169571,242.63,250.00,0,3.00,7.37
169671,242.84,250.00,0,3.00,7.16
169771,242.65,250.00,100,3.00,7.35
169871,242.27,250.00,100,3.00,7.73
169971,242.35,250.00,0,3.00,7.65
170071,242.14,250.00,100,3.00,7.86
170171,242.02,250.00,100,3.00,7.98
170271,241.77,250.00,100,3.00,8.23
170371,242.14,250.00,0,3.00,7.86
170471,242.47,250.00,0,3.00,7.53
170571,242.69,250.00,0,3.00,7.31
170671,242.97,250.00,0,3.00,7.03
170771,242.84,250.00,100,3.00,7.16
170871,242.37,250.00,100,3.00,7.63
170971,242.16,250.00,100,3.00,7.84
171071,242.26,250.00,0,3.00,7.74
171171,242.35,250.00,0,3.00,7.65
171271,242.43,250.00,11,3.00,7.57
171371,242.21,250.00,100,3.00,7.79
171471,242.01,250.00,100,3.00,7.99
171571,241.90,250.00,100,3.00,8.10
171671,241.53,250.00,100,3.00,8.47
171771,241.40,250.00,100,3.00,8.60
171871,241.42,250.00,100,3.00,8.58
171971,241.30,250.00,100,3.00,8.70
172071,241.34,250.00,100,3.00,8.66
172171,241.67,250.00,0,3.00,8.33
172271,241.90,250.00,0,3.00,8.10
172371,241.95,250.00,100,3.00,8.05
172471,242.30,250.00,0,3.00,7.70
172571,242.54,250.00,0,3.00,7.46
172671,242.83,250.00,0,3.00,7.17
172771,243.17,250.00,0,3.00,6.83
172871,243.25,250.00,5,3.00,6.75
172971,242.94,250.00,100,3.00,7.06
173071,242.74,250.00,100,3.00,7.26
173171,242.94,250.00,0,3.00,7.06
173271,243.27,250.00,0,3.00,6.73
173371,243.41,250.00,0,3.00,6.59
173471,243.38,250.00,100,3.00,6.62
173571,243.21,250.00,100,3.00,6.79
173671,243.28,250.00,14,3.00,6.72
173771,243.19,250.00,100,3.00,6.81
173871,242.97,250.00,100,3.00,7.03
173971,242.84,250.00,100,3.00,7.16
174071,242.58,250.00,100,3.00,7.42
174171,242.63,250.00,63,3.00,7.37
174271,242.25,250.00,100,3.00,7.75
174371,242.12,250.00,100,3.00,7.88
174471,241.86,250.00,100,3.00,8.14
174571,242.30,250.00,0,3.00,7.70
174671,242.46,250.00,0,3.00,7.54
174771,242.76,250.00,0,3.00,7.24
174871,243.03,250.00,0,3.00,6.97
174971,243.36,250.00,0,3.00,6.64
175071,243.04,250.00,100,3.00,6.96
175171,242.83,250.00,100,3.00,7.17
175271,242.94,250.00,0,3.00,7.06
175371,243.27,250.00,0,3.00,6.73
175471,243.41,250.00,0,3.00,6.59
175571,243.62,250.00,0,3.00,6.38
175671,243.57,250.00,100,3.00,6.43
175771,243.45,250.00,100,3.00,6.55
175871,243.27,250.00,100,3.00,6.73
175971,243.04,250.00,100,3.00,6.96
176071,242.90,250.00,100,3.00,7.10
176171,242.93,250.00,100,3.00,7.07
176271,242.95,250.00,100,3.00,7.05
176371,243.05,250.00,0,3.00,6.95
176471,243.13,250.00,0,3.00,6.87
176571,242.98,250.00,100,3.00,7.02
176671,243.00,250.00,100,3.00,7.00
176771,243.09,250.00,0,3.00,6.91
176871,243.09,250.00,100,3.00,6.91
176971,242.95,250.00,100,3.00,7.05
177071,242.54,250.00,100,3.00,7.46
177171,242.17,250.00,100,3.00,7.83
177271,242.04,250.00,100,3.00,7.96
177371,242.15,250.00,0,3.00,7.85
177471,242.41,250.00,0,3.00,7.59
177571,242.71,250.00,0,3.00,7.29
177671,242.91,250.00,0,3.00,7.09
177771,243.09,250.00,0,3.00,6.91
177871,243.09,250.00,100,3.00,6.91
177971,242.67,250.00,100,3.00,7.33
178071,242.35,250.00,100,3.00,7.65
178171,242.28,250.00,100,3.00,7.72
178271,242.01,250.00,100,3.00,7.99
178371,242.05,250.00,100,3.00,7.95
178471,242.23,250.00,0,3.00,7.77
178571,242.40,250.00,0,3.00,7.60
178671,242.25,250.00,100,3.00,7.75
178771,242.42,250.00,0,3.00,7.58
178871,242.42,250.00,100,3.00,7.58
178971,242.20,250.00,100,3.00,7.80
179071,241.93,250.00,100,3.00,8.07
179171,242.05,250.00,0,3.00,7.95
179271,241.80,250.00,100,3.00,8.20
179371,241.57,250.00,100,3.00,8.43
179471,241.73,250.00,0,3.00,8.27
179571,242.02,250.00,0,3.00,7.98
179671,242.06,250.00,100,3.00,7.94
179771,241.74,250.00,100,3.00,8.26
179871,241.52,250.00,100,3.00,8.48
179971,241.68,250.00,0,3.00,8.32
180071,241.68,250.00,100,3.00,8.32
180171,241.46,250.00,100,3.00,8.54
180271,241.34,250.00,100,3.00,8.66
180371,241.23,250.00,100,3.00,8.77
180471,241.27,250.00,100,3.00,8.73
180571,241.61,250.00,0,3.00,8.39
180671,241.77,250.00,0,3.00,8.23
180771,241.61,250.00,100,3.00,8.39
180871,241.62,250.00,100,3.00,8.38
180971,241.77,250.00,0,3.00,8.23
181071,242.14,250.00,0,3.00,7.86
181171,242.39,250.00,0,3.00,7.61
181271,242.25,250.00,100,3.00,7.75
181371,241.98,250.00,100,3.00,8.02
181471,241.80,250.00,100,3.00,8.20
181571,241.94,250.00,0,3.00,8.06
181671,242.06,250.00,0,3.00,7.94
181771,242.24,250.00,0,3.00,7.76
181871,242.11,250.00,100,3.00,7.89
181971,241.85,250.00,100,3.00,8.15
182071,241.91,250.00,90,3.00,8.09
182171,242.03,250.00,0,3.00,7.97
182271,242.07,250.00,100,3.00,7.93
182371,241.95,250.00,100,3.00,8.05
182471,241.93,250.00,100,3.00,8.07
182571,241.97,250.00,100,3.00,8.03
182671,242.09,250.00,0,3.00,7.91
182771,242.27,250.00,0,3.00,7.73
182871,242.51,250.00,0,3.00,7.49
182971,242.50,250.00,100,3.00,7.50
183071,242.27,250.00,100,3.00,7.73
183171,242.00,250.00,100,3.00,8.00
183271,241.68,250.00,100,3.00,8.32
183371,241.54,250.00,100,3.00,8.46
183471,241.62,250.00,19,3.00,8.38
183571,241.55,250.00,100,3.00,8.45
183671,241.42,250.00,100,3.00,8.58
183771,241.52,250.00,0,3.00,8.48
183871,241.61,250.00,15,3.00,8.39
183971,241.69,250.00,35,3.00,8.31
184071,241.40,250.00,100,3.00,8.60
184171,241.50,250.00,0,3.00,8.50
184271,241.52,250.00,100,3.00,8.48
184371,241.25,250.00,100,3.00,8.75
184471,241.15,250.00,100,3.00,8.85
184571,241.20,250.00,100,3.00,8.80
184671,241.24,250.00,100,3.00,8.76
184771,241.51,250.00,0,3.00,8.49
184871,241.67,250.00,0,3.00,8.33
184971,241.53,250.00,100,3.00,8.47
185071,241.47,250.00,100,3.00,8.53
185171,241.35,250.00,100,3.00,8.65
185271,241.23,250.00,100,3.00,8.77
185371,241.13,250.00,100,3.00,8.87
185471,240.84,250.00,100,3.00,9.16
185571,240.64,250.00,100,3.00,9.36
185671,240.59,250.00,100,3.00,9.41
185771,240.78,250.00,0,3.00,9.22
185871,240.94,250.00,0,3.00,9.06
185971,241.31,250.00,0,3.00,8.69
186071,241.50,250.00,0,3.00,8.50
186171,241.66,250.00,0,3.00,8.34
186271,241.73,250.00,46,3.00,8.27
186371,241.88,250.00,0,3.00,8.12
186471,242.00,250.00,0,3.00,8.00
186571,241.82,250.00,100,3.00,8.18
186671,241.81,250.00,100,3.00,8.19
186771,241.72,250.00,100,3.00,8.28
186871,241.94,250.00,0,3.00,8.06
186971,241.99,250.00,100,3.00,8.01
187071,241.95,250.00,100,3.00,8.05
187171,241.85,250.00,100,3.00,8.15
187271,241.62,250.00,100,3.00,8.38
187371,241.41,250.00,100,3.00,8.59
187471,241.02,250.00,100,3.00,8.98
187571,240.94,250.00,100,3.00,9.06
187671,240.73,250.00,100,3.00,9.27
187771,240.61,250.00,100,3.00,9.39
187871,240.79,250.00,0,3.00,9.21
187971,241.10,250.00,0,3.00,8.90
188071,241.23,250.00,0,3.00,8.77
188171,241.27,250.00,100,3.00,8.73
188271,241.03,250.00,100,3.00,8.97
188371,240.95,250.00,100,3.00,9.05
188471,240.88,250.00,100,3.00,9.12
188571,240.67,250.00,100,3.00,9.33
188671,240.63,250.00,100,3.00,9.37
188771,240.38,250.00,100,3.00,9.62
188871,240.51,250.00,0,3.00,9.49
188971,241.00,250.00,0,3.00,9.00
189071,241.14,250.00,0,3.00,8.86
189171,241.05,250.00,100,3.00,8.95
189271,241.04,250.00,100,3.00,8.96
189371,240.89,250.00,100,3.00,9.11
189471,240.75,250.00,100,3.00,9.25
189571,240.49,250.00,100,3.00,9.51
189671,240.47,250.00,100,3.00,9.53
189771,240.30,250.00,100,3.00,9.70
189871,240.23,250.00,100,3.00,9.77
189971,240.44,250.00,0,3.00,9.56
190071,240.56,250.00,0,3.00,9.44
190171,240.82,250.00,0,3.00,9.18
190271,240.91,250.00,44,3.00,9.09
190371,240.84,250.00,100,3.00,9.16
190471,241.07,250.00,0,3.00,8.93
190571,241.51,250.00,0,3.00,8.49
190671,241.75,250.00,0,3.00,8.25
190771,241.81,250.00,66,3.00,8.19
190871,241.52,250.00,100,3.00,8.48
190971,241.60,250.00,14,3.00,8.40
191071,241.26,250.00,100,3.00,8.74
191171,241.16,250.00,100,3.00,8.84
191271,240.92,250.00,100,3.00,9.08
191371,241.07,250.00,0,3.00,8.93
191471,241.28,250.00,0,3.00,8.72
191571,241.70,250.00,0,3.00,8.30
191671,242.00,250.00,0,3.00,8.00
191771,242.34,250.00,0,3.00,7.66
191871,242.35,250.00,100,3.00,7.65
191971,242.21,250.00,100,3.00,7.79
192071,242.30,250.00,0,3.00,7.70
192171,242.62,250.00,0,3.00,7.38
192271,242.67,250.00,73,3.00,7.33
192371,242.36,250.00,100,3.00,7.64
192471,242.21,250.00,100,3.00,7.79
192571,242.31,250.00,0,3.00,7.69
192671,242.32,250.00,100,3.00,7.68
192771,242.11,250.00,100,3.00,7.89
192871,241.99,250.00,100,3.00,8.01
192971,241.74,250.00,100,3.00,8.26
193071,241.81,250.00,65,3.00,8.19
193171,241.87,250.00,80,3.00,8.13
193271,241.78,250.00,100,3.00,8.22
193371,241.55,250.00,100,3.00,8.45
193471,241.86,250.00,0,3.00,8.14
193571,242.07,250.00,0,3.00,7.93
193671,242.07,250.00,100,3.00,7.93
193771,242.03,250.00,100,3.00,7.97
193871,241.92,250.00,100,3.00,8.08
193971,241.75,250.00,100,3.00,8.25
194071,241.60,250.00,100,3.00,8.40
194171,241.83,250.00,0,3.00,8.17
194271,242.11,250.00,0,3.00,7.89
194371,242.37,250.00,0,3.00,7.63
194471,242.30,250.00,100,3.00,7.70
194571,242.09,250.00,100,3.00,7.91
194671,242.27,250.00,0,3.00,7.73
194771,242.51,250.00,0,3.00,7.49
194871,242.73,250.00,0,3.00,7.27
194971,242.92,250.00,0,3.00,7.08
195071,243.10,250.00,0,3.00,6.90
195171,243.18,250.00,0,3.00,6.82
195271,242.96,250.00,100,3.00,7.04
195371,242.90,250.00,100,3.00,7.10
195471,242.85,250.00,100,3.00,7.15
195571,243.11,250.00,0,3.00,6.89
195671,243.12,250.00,100,3.00,6.88
195771,242.90,250.00,100,3.00,7.10
195871,242.77,250.00,100,3.00,7.23
195971,242.74,250.00,100,3.00,7.26
196071,242.78,250.00,99,3.00,7.22
196171,242.38,250.00,100,3.00,7.62
196271,242.54,250.00,0,3.00,7.46
196371,242.91,250.00,0,3.00,7.09
196471,243.16,250.00,0,3.00,6.84
196571,243.39,250.00,0,3.00,6.61
196671,243.60,250.00,0,3.00,6.40
196771,243.56,250.00,100,3.00,6.44
196871,243.08,250.00,100,3.00,6.92
196971,242.80,250.00,100,3.00,7.20
197071,242.68,250.00,100,3.00,7.32
197171,242.37,250.00,100,3.00,7.63
197271,242.45,250.00,17,3.00,7.55
197371,242.09,250.00,100,3.00,7.91
197471,242.12,250.00,100,3.00,7.88
197571,242.22,250.00,0,3.00,7.78
197671,242.54,250.00,0,3.00,7.46
197771,242.60,250.00,56,3.00,7.40
197871,242.23,250.00,100,3.00,7.77
197971,241.96,250.00,100,3.00,8.04
198071,241.64,250.00,100,3.00,8.36
198171,241.43,250.00,100,3.00,8.57
198271,241.46,250.00,100,3.00,8.54
198371,241.70,250.00,0,3.00,8.30
198471,242.08,250.00,0,3.00,7.92
198571,242.34,250.00,0,3.00,7.66
198671,242.57,250.00,0,3.00,7.43
198771,242.78,250.00,0,3.00,7.22
198871,242.97,250.00,0,3.00,7.03
198971,242.97,250.00,100,3.00,7.03
199071,242.84,250.00,100,3.00,7.16
199171,242.80,250.00,100,3.00,7.20
199271,242.54,250.00,100,3.00,7.46
199371,242.45,250.00,100,3.00,7.55
199471,242.83,250.00,0,3.00,7.17
199571,243.02,250.00,0,3.00,6.98
199671,243.34,250.00,0,3.00,6.66
199771,243.63,250.00,0,3.00,6.37
199871,243.66,250.00,100,3.00,6.34
199971,243.39,250.00,100,3.00,6.61
200071,243.29,250.00,100,3.00,6.71
200171,242.91,250.00,100,3.00,7.09
200271,242.65,250.00,100,3.00,7.35
200371,242.62,250.00,100,3.00,7.38
200471,242.83,250.00,0,3.00,7.17
200571,242.93,250.00,0,3.00,7.07
200671,243.19,250.00,0,3.00,6.81
200771,243.11,250.00,100,3.00,6.89
200871,242.82,250.00,100,3.00,7.18
200971,242.70,250.00,100,3.00,7.30
201071,242.67,250.00,100,3.00,7.33
201171,242.50,250.00,100,3.00,7.50
201271,242.42,250.00,100,3.00,7.58
201371,242.57,250.00,0,3.00,7.43
201471,242.78,250.00,0,3.00,7.22
201571,242.89,250.00,0,3.00,7.11
201671,242.99,250.00,0,3.00,7.01
201771,242.93,250.00,100,3.00,7.07
201871,243.03,250.00,0,3.00,6.97
201971,243.04,250.00,100,3.00,6.96
202071,243.20,250.00,0,3.00,6.80
202171,243.43,250.00,0,3.00,6.57
202271,243.25,250.00,100,3.00,6.75
202371,242.95,250.00,100,3.00,7.05
202471,242.75,250.00,100,3.00,7.25
202571,242.94,250.00,0,3.00,7.06
202671,243.12,250.00,0,3.00,6.88
202771,243.20,250.00,0,3.00,6.80
202871,243.42,250.00,0,3.00,6.58
202971,243.55,250.00,0,3.00,6.45
203071,243.51,250.00,100,3.00,6.49
203171,243.32,250.00,100,3.00,6.68
203271,243.31,250.00,100,3.00,6.69
203371,243.07,250.00,100,3.00,6.93
203471,242.71,250.00,100,3.00,7.29
203571,242.83,250.00,0,3.00,7.17
203671,242.83,250.00,100,3.00,7.17
203771,243.02,250.00,0,3.00,6.98
203871,242.88,250.00,100,3.00,7.12
203971,242.91,250.00,100,3.00,7.09
204071,242.78,250.00,100,3.00,7.22
204171,242.60,250.00,100,3.00,7.40
204271,242.29,250.00,100,3.00,7.71
204371,241.95,250.00,100,3.00,8.05
204471,241.77,250.00,100,3.00,8.23
204571,241.76,250.00,100,3.00,8.24
204671,241.98,250.00,0,3.00,8.02
204771,242.17,250.00,0,3.00,7.83
204871,242.42,250.00,0,3.00,7.58
204971,242.49,250.00,29,3.00,7.51
205071,242.41,250.00,100,3.00,7.59
205171,242.56,250.00,0,3.00,7.44
205271,242.62,250.00,60,3.00,7.38
205371,242.90,250.00,0,3.00,7.10
205471,243.08,250.00,0,3.00,6.92
205571,243.24,250.00,0,3.00,6.76
205671,243.31,250.00,21,3.00,6.69
205771,243.22,250.00,100,3.00,6.78
205871,243.06,250.00,100,3.00,6.94
205971,243.07,250.00,100,3.00,6.93
206071,243.31,250.00,0,3.00,6.69
206171,243.37,250.00,36,3.00,6.63
206271,243.13,250.00,100,3.00,6.87
206371,242.98,250.00,100,3.00,7.02
206471,242.78,250.00,100,3.00,7.22
206571,242.52,250.00,100,3.00,7.48
206671,242.29,250.00,100,3.00,7.71
206771,242.23,250.00,100,3.00,7.77
206871,242.17,250.00,100,3.00,7.83
206971,242.27,250.00,0,3.00,7.73
207071,242.21,250.00,100,3.00,7.79
207171,242.01,250.00,100,3.00,7.99
207271,242.20,250.00,0,3.00,7.80
207371,242.20,250.00,100,3.00,7.80
207471,242.29,250.00,0,3.00,7.71
207571,242.16,250.00,100,3.00,7.84
207671,241.90,250.00,100,3.00,8.10
207771,241.95,250.00,99,3.00,8.05
207871,241.85,250.00,100,3.00,8.15
207971,241.83,250.00,100,3.00,8.17
208071,241.96,250.00,0,3.00,8.04
208171,242.31,250.00,0,3.00,7.69
208271,242.55,250.00,0,3.00,7.45
208371,242.84,250.00,0,3.00,7.16
208471,242.95,250.00,0,3.00,7.05
208571,242.89,250.00,100,3.00,7.11
208671,242.62,250.00,100,3.00,7.38
208771,242.46,250.00,100,3.00,7.54
208871,242.68,250.00,0,3.00,7.32
208971,242.88,250.00,0,3.00,7.12
209071,243.14,250.00,0,3.00,6.86
209171,243.37,250.00,0,3.00,6.63
209271,243.50,250.00,0,3.00,6.50
209371,243.46,250.00,100,3.00,6.54
209471,243.66,250.00,0,3.00,6.34
209571,243.84,250.00,0,3.00,6.16
209671,243.85,250.00,100,3.00,6.15
209771,243.71,250.00,100,3.00,6.29
209871,243.65,250.00,100,3.00,6.35
209971,243.68,250.00,100,3.00,6.32
210071,243.40,250.00,100,3.00,6.60
210171,243.45,250.00,57,3.00,6.55
210271,243.27,250.00,100,3.00,6.73
210371,243.04,250.00,100,3.00,6.96
210471,243.13,250.00,0,3.00,6.87
210571,243.36,250.00,0,3.00,6.64
210671,243.65,250.00,0,3.00,6.35
210771,243.53,250.00,100,3.00,6.47
210871,243.34,250.00,100,3.00,6.66
210971,243.47,250.00,0,3.00,6.53
211071,243.75,250.00,0,3.00,6.25
211171,243.77,250.00,100,3.00,6.23
211271,243.34,250.00,100,3.00,6.66
211371,243.10,250.00,100,3.00,6.90
211471,243.18,250.00,0,3.00,6.82
211571,243.18,250.00,100,3.00,6.82
211671,242.96,250.00,100,3.00,7.04
211771,242.83,250.00,100,3.00,7.17
211871,242.50,250.00,100,3.00,7.50
211971,242.56,250.00,45,3.00,7.44
212071,242.33,250.00,100,3.00,7.67
212171,242.26,250.00,100,3.00,7.74
212271,241.99,250.00,100,3.00,8.01
212371,242.10,250.00,0,3.00,7.90
212471,242.28,250.00,0,3.00,7.72
212571,242.28,250.00,100,3.00,7.72
212671,242.22,250.00,100,3.00,7.78
212771,242.17,250.00,100,3.00,7.83
212871,241.97,250.00,100,3.00,8.03
212971,241.87,250.00,100,3.00,8.13
213071,242.07,250.00,0,3.00,7.93
213171,242.41,250.00,0,3.00,7.59
213271,242.56,250.00,0,3.00,7.44
213371,242.85,250.00,0,3.00,7.15
213471,242.88,250.00,100,3.00,7.12
213571,242.69,250.00,100,3.00,7.31
213671,242.58,250.00,100,3.00,7.42
213771,242.42,250.00,100,3.00,7.58
213871,242.27,250.00,100,3.00,7.73
213971,242.00,250.00,100,3.00,8.00
214071,242.11,250.00,0,3.00,7.89
214171,242.11,250.00,100,3.00,7.89
214271,242.07,250.00,100,3.00,7.93
214371,242.17,250.00,0,3.00,7.83
214471,242.43,250.00,0,3.00,7.57
214571,242.50,250.00,29,3.00,7.50
214671,242.79,250.00,0,3.00,7.21
214771,243.06,250.00,0,3.00,6.94
214871,243.38,250.00,0,3.00,6.62
214971,243.21,250.00,100,3.00,6.79
215071,242.91,250.00,100,3.00,7.09
215171,243.01,250.00,0,3.00,6.99
215271,243.10,250.00,0,3.00,6.90
215371,243.10,250.00,100,3.00,6.90
215471,242.75,250.00,100,3.00,7.25
215571,242.49,250.00,100,3.00,7.51
215671,242.64,250.00,0,3.00,7.36
215771,242.92,250.00,0,3.00,7.08
215871,243.17,250.00,0,3.00,6.83
215971,243.02,250.00,100,3.00,6.98
216071,242.89,250.00,100,3.00,7.11
216171,242.76,250.00,100,3.00,7.24
216271,242.88,250.00,0,3.00,7.12
216371,243.06,250.00,0,3.00,6.94
216471,242.92,250.00,100,3.00,7.08
216571,243.17,250.00,0,3.00,6.83
216671,243.17,250.00,100,3.00,6.83
216771,243.09,250.00,100,3.00,6.91
216871,242.95,250.00,100,3.00,7.05
216971,242.75,250.00,100,3.00,7.25
217071,242.50,250.00,100,3.00,7.50
217171,242.27,250.00,100,3.00,7.73
217271,242.43,250.00,0,3.00,7.57
217371,242.58,250.00,0,3.00,7.42
217471,242.71,250.00,0,3.00,7.29
217571,242.61,250.00,100,3.00,7.39
217671,242.44,250.00,100,3.00,7.56
217771,242.59,250.00,0,3.00,7.41
217871,242.96,250.00,0,3.00,7.04
217971,243.13,250.00,0,3.00,6.87
218071,243.28,250.00,0,3.00,6.72
218171,243.58,250.00,0,3.00,6.42
218271,243.77,250.00,0,3.00,6.23
218371,243.77,250.00,100,3.00,6.23
218471,243.56,250.00,100,3.00,6.44
218571,243.23,250.00,100,3.00,6.77
218671,243.07,250.00,100,3.00,6.93
218771,243.08,250.00,100,3.00,6.92
218871,243.01,250.00,100,3.00,6.99
218971,242.66,250.00,100,3.00,7.34
219071,242.71,250.00,82,3.00,7.29
219171,242.46,250.00,100,3.00,7.54
219271,242.38,250.00,100,3.00,7.62
219371,242.61,250.00,0,3.00,7.39
219471,242.61,250.00,100,3.00,7.39
219571,242.66,250.00,71,3.00,7.34
219671,242.49,250.00,100,3.00,7.51
219771,242.48,250.00,100,3.00,7.52
219871,242.47,250.00,100,3.00,7.53
219971,242.54,250.00,40,3.00,7.46
220071,242.54,250.00,100,3.00,7.46
220171,242.60,250.00,56,3.00,7.40
220271,242.81,250.00,0,3.00,7.19
220371,243.00,250.00,0,3.00,7.00
220471,242.86,250.00,100,3.00,7.14
220571,242.89,250.00,100,3.00,7.11
220671,242.99,250.00,0,3.00,7.01
220771,243.24,250.00,0,3.00,6.76
220871,243.31,250.00,20,3.00,6.69
220971,243.00,250.00,100,3.00,7.00
221071,242.94,250.00,100,3.00,7.06
221171,242.67,250.00,100,3.00,7.33
221271,242.49,250.00,100,3.00,7.51
221371,242.34,250.00,100,3.00,7.66
221471,242.65,250.00,0,3.00,7.35
221571,242.65,250.00,100,3.00,7.35
221671,242.70,250.00,80,3.00,7.30
221771,242.60,250.00,100,3.00,7.40
221871,242.58,250.00,100,3.00,7.42
221971,242.79,250.00,0,3.00,7.21
222071,243.14,250.00,0,3.00,6.86
222171,243.37,250.00,0,3.00,6.63
222271,243.20,250.00,100,3.00,6.80
222371,242.97,250.00,100,3.00,7.03
222471,242.84,250.00,100,3.00,7.16
222571,243.10,250.00,0,3.00,6.90
222671,243.34,250.00,0,3.00,6.66
222771,243.34,250.00,100,3.00,6.66
222871,243.17,250.00,100,3.00,6.83
222971,243.32,250.00,0,3.00,6.68
223071,243.62,250.00,0,3.00,6.38
223171,243.80,250.00,0,3.00,6.20
223271,243.66,250.00,100,3.00,6.34
223371,243.39,250.00,100,3.00,6.61
223471,243.14,250.00,100,3.00,6.86
223571,243.38,250.00,0,3.00,6.62
223671,243.58,250.00,0,3.00,6.42
223771,243.85,250.00,0,3.00,6.15
223871,244.09,250.00,0,3.00,5.91
223971,244.31,250.00,0,3.00,5.69
224071,244.27,250.00,100,3.00,5.73
224171,244.39,250.00,0,3.00,5.61
224271,244.50,250.00,0,3.00,5.50
224371,244.52,250.00,100,3.00,5.48
224471,244.16,250.00,100,3.00,5.84
224571,244.13,250.00,100,3.00,5.87
224671,244.03,250.00,100,3.00,5.97
224771,243.95,250.00,100,3.00,6.05
224871,243.57,250.00,100,3.00,6.43
224971,243.53,250.00,100,3.00,6.47
225071,243.65,250.00,0,3.00,6.35
225171,243.65,250.00,100,3.00,6.35
225271,243.52,250.00,100,3.00,6.48
225371,243.19,250.00,100,3.00,6.81
225471,242.89,250.00,100,3.00,7.11
225571,242.70,250.00,100,3.00,7.30
225671,242.98,250.00,0,3.00,7.02
225771,243.15,250.00,0,3.00,6.85
225871,243.30,250.00,0,3.00,6.70
225971,243.36,250.00,34,3.00,6.64
226071,243.12,250.00,100,3.00,6.88
226171,243.35,250.00,0,3.00,6.65
226271,243.56,250.00,0,3.00,6.44
226371,243.56,250.00,100,3.00,6.44
226471,243.60,250.00,93,3.00,6.40
226571,243.33,250.00,100,3.00,6.67
226671,243.31,250.00,100,3.00,6.69
226771,243.61,250.00,0,3.00,6.39
226871,243.87,250.00,0,3.00,6.13
226971,243.87,250.00,100,3.00,6.13
227071,243.95,250.00,0,3.00,6.05
227171,244.19,250.00,0,3.00,5.81
227271,244.19,250.00,100,3.00,5.81
227371,244.16,250.00,100,3.00,5.84
227471,244.06,250.00,100,3.00,5.94
227571,243.82,250.00,100,3.00,6.18
227671,243.68,250.00,100,3.00,6.32
227771,243.85,250.00,0,3.00,6.15
227871,243.85,250.00,100,3.00,6.15
227971,243.78,250.00,100,3.00,6.22
228071,243.57,250.00,100,3.00,6.43
228171,243.53,250.00,100,3.00,6.47
228271,243.72,250.00,0,3.00,6.28
228371,243.72,250.00,100,3.00,6.28
228471,243.82,250.00,0,3.00,6.18
228571,243.75,250.00,100,3.00,6.25
228671,243.84,250.00,0,3.00,6.16
228771,243.84,250.00,100,3.00,6.16
228871,244.09,250.00,0,3.00,5.91
228971,244.09,250.00,100,3.00,5.91
229071,243.92,250.00,100,3.00,6.08
229171,243.92,250.00,100,3.00,6.08
229271,243.69,250.00,100,3.00,6.31
229371,243.87,250.00,0,3.00,6.13
229471,243.87,250.00,100,3.00,6.13
229571,243.87,250.00,100,3.00,6.13
229671,243.65,250.00,100,3.00,6.35
229771,243.60,250.00,100,3.00,6.40
229871,243.79,250.00,0,3.00,6.21
229971,243.79,250.00,100,3.00,6.21
230071,243.80,250.00,100,3.00,6.20
230171,243.97,250.00,0,3.00,6.03
230271,243.97,250.00,100,3.00,6.03
230371,243.88,250.00,100,3.00,6.12
230471,243.52,250.00,100,3.00,6.48
230571,243.41,250.00,100,3.00,6.59
230671,243.46,250.00,58,3.00,6.54
230771,243.20,250.00,100,3.00,6.80
230871,243.43,250.00,0,3.00,6.57
230971,243.43,250.00,100,3.00,6.57
231071,243.56,250.00,0,3.00,6.44
231171,243.59,250.00,91,3.00,6.41
231271,243.59,250.00,100,3.00,6.41
231371,243.40,250.00,100,3.00,6.60
231471,243.37,250.00,100,3.00,6.63
231571,243.13,250.00,100,3.00,6.87
231671,242.91,250.00,100,3.00,7.09
231771,242.79,250.00,100,3.00,7.21
231871,242.82,250.00,100,3.00,7.18
231971,243.17,250.00,0,3.00,6.83
232071,243.17,250.00,100,3.00,6.83
232171,243.24,250.00,4,3.00,6.76
232271,243.46,250.00,0,3.00,6.54
232371,243.66,250.00,0,3.00,6.34
232471,243.84,250.00,0,3.00,6.16
232571,243.84,250.00,100,3.00,6.16
232671,243.77,250.00,100,3.00,6.23
232771,243.56,250.00,100,3.00,6.44
232871,243.67,250.00,0,3.00,6.33
232971,243.93,250.00,0,3.00,6.07
233071,244.17,250.00,0,3.00,5.83
233171,244.17,250.00,100,3.00,5.83
233271,244.38,250.00,0,3.00,5.62
233371,244.38,250.00,100,3.00,5.62
233471,244.10,250.00,100,3.00,5.90
233571,244.01,250.00,100,3.00,5.99
233671,243.77,250.00,100,3.00,6.23
233771,243.49,250.00,100,3.00,6.51
233871,243.31,250.00,100,3.00,6.69
233971,243.37,250.00,36,3.00,6.63
234071,243.42,250.00,49,3.00,6.58
234171,243.42,250.00,100,3.00,6.58
234271,243.71,250.00,0,3.00,6.29
234371,243.96,250.00,0,3.00,6.04
234471,243.96,250.00,100,3.00,6.04
234571,244.03,250.00,0,3.00,5.97
234671,244.26,250.00,0,3.00,5.74
234771,244.26,250.00,100,3.00,5.74
234871,244.22,250.00,100,3.00,5.78
234971,244.35,250.00,0,3.00,5.65
235071,244.35,250.00,100,3.00,5.65
235171,244.46,250.00,0,3.00,5.54
235271,244.46,250.00,100,3.00,5.54
235371,244.64,250.00,0,3.00,5.36
235471,244.64,250.00,100,3.00,5.36
235571,244.57,250.00,100,3.00,5.43
235671,244.58,250.00,100,3.00,5.42
235771,244.67,250.00,0,3.00,5.33
235871,244.67,250.00,100,3.00,5.33
235971,244.44,250.00,100,3.00,5.56
236071,244.54,250.00,0,3.00,5.46
236171,244.63,250.00,0,3.00,5.37
236271,244.63,250.00,100,3.00,5.37
236371,244.64,250.00,100,3.00,5.36
236471,244.64,250.00,100,3.00,5.36
236571,244.64,250.00,100,3.00,5.36
236671,244.64,250.00,100,3.00,5.36
236771,244.72,250.00,0,3.00,5.28
236871,244.72,250.00,100,3.00,5.28
236971,244.57,250.00,100,3.00,5.43
237071,244.74,250.00,0,3.00,5.26
237171,244.74,250.00,100,3.00,5.26
237271,244.74,250.00,100,3.00,5.26
237371,244.73,250.00,100,3.00,5.27
237471,244.73,250.00,100,3.00,5.27
237571,244.73,250.00,100,3.00,5.27
237671,244.73,250.00,100,3.00,5.27
237771,244.73,250.00,100,3.00,5.27
237871,244.64,250.00,100,3.00,5.36
237971,244.81,250.00,0,3.00,5.19
238071,244.79,250.00,100,3.00,5.21
238171,244.86,250.00,0,3.00,5.14
238271,244.86,250.00,100,3.00,5.14
238371,244.86,250.00,100,3.00,5.14
238471,245.00,250.00,0,3.00,5.00
238571,245.00,250.00,100,3.00,5.00
238671,245.05,250.00,22,3.00,4.95
238771,245.17,250.00,0,3.00,4.83
238871,245.17,250.00,100,3.00,4.83
238971,245.12,250.00,100,3.00,4.88
239071,245.23,250.00,0,3.00,4.77
239171,245.23,250.00,100,3.00,4.77
239271,245.23,250.00,100,3.00,4.77
239371,245.23,250.00,100,3.00,4.77
239471,245.26,250.00,75,3.00,4.74
239571,245.26,250.00,100,3.00,4.74
239671,245.26,250.00,100,3.00,4.74
239771,245.36,250.00,0,3.00,4.64
239871,245.36,250.00,100,3.00,4.64
239971,245.45,250.00,0,3.00,4.55
240071,245.45,250.00,100,3.00,4.55
240171,245.45,250.00,100,3.00,4.55
240271,245.45,250.00,100,3.00,4.55
240371,245.45,250.00,100,3.00,4.55
240471,245.22,250.00,100,3.00,4.78
240571,245.32,250.00,0,3.00,4.68
240671,245.32,250.00,100,3.00,4.68
240771,245.42,250.00,0,3.00,4.58
240871,245.42,250.00,100,3.00,4.58
240971,245.19,250.00,100,3.00,4.81
241071,245.22,250.00,65,3.00,4.78
241171,245.22,250.00,100,3.00,4.78
241271,245.22,250.00,100,3.00,4.78
241371,245.22,250.00,100,3.00,4.78
241471,245.22,250.00,100,3.00,4.78
241571,245.22,250.00,100,3.00,4.78
241671,245.24,250.00,71,3.00,4.76
241771,245.35,250.00,0,3.00,4.65
241871,245.35,250.00,100,3.00,4.65
241971,245.44,250.00,0,3.00,4.56
242071,245.44,250.00,100,3.00,4.56
242171,245.28,250.00,100,3.00,4.72
242271,245.30,250.00,86,3.00,4.70
242371,245.40,250.00,0,3.00,4.60
242471,245.40,250.00,100,3.00,4.60
242571,245.49,250.00,0,3.00,4.51
242671,245.49,250.00,100,3.00,4.51
242771,245.49,250.00,100,3.00,4.51
242871,245.48,250.00,100,3.00,4.52
242971,245.48,250.00,100,3.00,4.52
243071,245.48,250.00,100,3.00,4.52
243171,245.56,250.00,0,3.00,4.44
243271,245.56,250.00,100,3.00,4.44
243371,245.55,250.00,100,3.00,4.45
243471,245.55,250.00,100,3.00,4.45
243571,245.55,250.00,100,3.00,4.45
243671,245.55,250.00,100,3.00,4.45
243771,245.55,250.00,100,3.00,4.45
243871,245.55,250.00,100,3.00,4.45
243971,245.55,250.00,100,3.00,4.45
244071,245.55,250.00,100,3.00,4.45
244171,245.54,250.00,100,3.00,4.46
244271,245.54,250.00,100,3.00,4.46
244371,245.62,250.00,0,3.00,4.38
244471,245.62,250.00,100,3.00,4.38
244571,245.62,250.00,100,3.00,4.38
244671,245.68,250.00,0,3.00,4.32
244771,245.68,250.00,100,3.00,4.32
244871,245.68,250.00,100,3.00,4.32
244971,245.68,250.00,100,3.00,4.32
245071,245.68,250.00,100,3.00,4.32
245171,245.74,250.00,0,3.00,4.26
245271,245.74,250.00,100,3.00,4.26
245371,245.74,250.00,100,3.00,4.26
245471,245.74,250.00,100,3.00,4.26
245571,245.74,250.00,100,3.00,4.26
245671,245.74,250.00,100,3.00,4.26
245771,245.74,250.00,100,3.00,4.26
245871,245.74,250.00,100,3.00,4.26
245971,245.74,250.00,100,3.00,4.26
246071,245.74,250.00,100,3.00,4.26
246171,245.74,250.00,100,3.00,4.26
246271,245.74,250.00,100,3.00,4.26
246371,245.74,250.00,100,3.00,4.26
246471,245.74,250.00,100,3.00,4.26
246571,245.74,250.00,100,3.00,4.26
246671,245.74,250.00,100,3.00,4.26
246771,245.79,250.00,0,3.00,4.21
246871,245.79,250.00,100,3.00,4.21
246971,245.84,250.00,0,3.00,4.16
247071,245.84,250.00,100,3.00,4.16
247171,245.84,250.00,100,3.00,4.16
247271,245.80,250.00,100,3.00,4.20
247371,245.80,250.00,100,3.00,4.20
247471,245.85,250.00,0,3.00,4.15
247571,245.85,250.00,100,3.00,4.15
247671,245.85,250.00,100,3.00,4.15
247771,245.85,250.00,100,3.00,4.15
247871,245.85,250.00,100,3.00,4.15
247971,245.81,250.00,100,3.00,4.19
248071,245.81,250.00,100,3.00,4.19
248171,245.81,250.00,100,3.00,4.19
248271,245.81,250.00,100,3.00,4.19
248371,245.81,250.00,100,3.00,4.19
248471,245.81,250.00,100,3.00,4.19
248571,245.85,250.00,2,3.00,4.15
248671,245.85,250.00,100,3.00,4.15
248771,245.85,250.00,100,3.00,4.15
248871,245.85,250.00,100,3.00,4.15
248971,245.85,250.00,100,3.00,4.15
249071,245.85,250.00,100,3.00,4.15
249171,245.85,250.00,100,3.00,4.15
249271,245.85,250.00,100,3.00,4.15
249371,245.85,250.00,100,3.00,4.15
249471,245.85,250.00,100,3.00,4.15
249571,245.85,250.00,100,3.00,4.15
249671,245.85,250.00,100,3.00,4.15
249771,245.85,250.00,100,3.00,4.15
249871,245.85,250.00,100,3.00,4.15
249971,245.85,250.00,100,3.00,4.15
250071,245.85,250.00,100,3.00,4.15
250171,245.85,250.00,100,3.00,4.15
250271,245.85,250.00,100,3.00,4.15
250371,245.85,250.00,100,3.00,4.15
250471,245.85,250.00,100,3.00,4.15
250571,245.85,250.00,100,3.00,4.15
250671,245.85,250.00,100,3.00,4.15
250771,245.85,250.00,100,3.00,4.15
250871,245.85,250.00,100,3.00,4.15
250971,245.85,250.00,100,3.00,4.15
251071,245.85,250.00,100,3.00,4.15
251171,245.85,250.00,100,3.00,4.15
251271,245.85,250.00,100,3.00,4.15
251371,245.85,250.00,100,3.00,4.15
251471,245.85,250.00,100,3.00,4.15
251571,245.85,250.00,100,3.00,4.15
251671,245.85,250.00,100,3.00,4.15
251771,245.85,250.00,100,3.00,4.15
251871,245.85,250.00,100,3.00,4.15
251971,245.85,250.00,100,3.00,4.15
252071,245.85,250.00,100,3.00,4.15
252171,245.85,250.00,100,3.00,4.15
252271,245.85,250.00,100,3.00,4.15
252371,245.85,250.00,100,3.00,4.15
252471,245.85,250.00,100,3.00,4.15
252571,245.85,250.00,100,3.00,4.15
252671,245.85,250.00,100,3.00,4.15
252771,245.85,250.00,100,3.00,4.15
252871,245.85,250.00,100,3.00,4.15
252971,245.85,250.00,100,3.00,4.15
253071,245.85,250.00,100,3.00,4.15
253171,245.85,250.00,100,3.00,4.15
253271,245.85,250.00,100,3.00,4.15
253371,245.85,250.00,100,3.00,4.15
253471,245.85,250.00,100,3.00,4.15
253571,245.85,250.00,100,3.00,4.15
253671,245.85,250.00,100,3.00,4.15
253771,245.85,250.00,100,3.00,4.15
253871,245.85,250.00,100,3.00,4.15
253971,245.85,250.00,100,3.00,4.15
254071,245.85,250.00,100,3.00,4.15
254171,245.85,250.00,100,3.00,4.15
254271,245.85,250.00,100,3.00,4.15
254371,245.85,250.00,100,3.00,4.15
254471,245.85,250.00,100,3.00,4.15
254571,245.85,250.00,100,3.00,4.15
254671,245.85,250.00,100,3.00,4.15
254771,245.85,250.00,100,3.00,4.15
254871,245.85,250.00,100,3.00,4.15
254971,245.85,250.00,100,3.00,4.15
255071,245.85,250.00,100,3.00,4.15
255171,245.85,250.00,100,3.00,4.15
255271,245.85,250.00,100,3.00,4.15
255371,245.85,250.00,100,3.00,4.15
255471,245.85,250.00,100,3.00,4.15
255571,245.85,250.00,100,3.00,4.15
255671,245.85,250.00,100,3.00,4.15
255771,245.85,250.00,100,3.00,4.15
255871,245.85,250.00,100,3.00,4.15
255971,245.85,250.00,100,3.00,4.15
256071,245.85,250.00,100,3.00,4.15
256171,245.85,250.00,100,3.00,4.15
256271,245.85,250.00,100,3.00,4.15
256371,245.85,250.00,100,3.00,4.15
256471,245.85,250.00,100,3.00,4.15
256571,245.85,250.00,100,3.00,4.15
256671,245.85,250.00,100,3.00,4.15
256771,245.85,250.00,100,3.00,4.15
256871,245.85,250.00,100,3.00,4.15
256971,245.85,250.00,100,3.00,4.15
257071,245.85,250.00,100,3.00,4.15
257171,245.85,250.00,100,3.00,4.15
257271,245.85,250.00,100,3.00,4.15
257371,245.85,250.00,100,3.00,4.15
257471,245.85,250.00,100,3.00,4.15
257571,245.85,250.00,100,3.00,4.15
257671,245.85,250.00,100,3.00,4.15
257771,245.85,250.00,100,3.00,4.15
257871,245.85,250.00,100,3.00,4.15
257971,245.85,250.00,100,3.00,4.15
258071,245.85,250.00,100,3.00,4.15
258171,245.85,250.00,100,3.00,4.15
258271,245.85,250.00,100,3.00,4.15
258371,245.85,250.00,100,3.00,4.15
258471,245.85,250.00,100,3.00,4.15
258571,245.85,250.00,100,3.00,4.15
258671,245.85,250.00,100,3.00,4.15
258771,245.85,250.00,100,3.00,4.15
258871,245.85,250.00,100,3.00,4.15
258971,245.85,250.00,100,3.00,4.15
259071,245.85,250.00,100,3.00,4.15
259171,245.85,250.00,100,3.00,4.15
259271,245.85,250.00,100,3.00,4.15
259371,245.85,250.00,100,3.00,4.15
259471,245.85,250.00,100,3.00,4.15
259571,245.85,250.00,100,3.00,4.15
259671,245.85,250.00,100,3.00,4.15
259771,245.85,250.00,100,3.00,4.15
259871,245.85,250.00,100,3.00,4.15
259971,245.85,250.00,100,3.00,4.15
260071,245.85,250.00,100,3.00,4.15
260171,245.85,250.00,100,3.00,4.15
260271,245.85,250.00,100,3.00,4.15
260371,245.85,250.00,100,3.00,4.15
260471,245.85,250.00,100,3.00,4.15
260571,245.85,250.00,100,3.00,4.15
260671,245.85,250.00,100,3.00,4.15
260771,245.85,250.00,100,3.00,4.15
260871,245.85,250.00,100,3.00,4.15
260971,245.85,250.00,100,3.00,4.15
261071,245.85,250.00,100,3.00,4.15
261171,245.85,250.00,100,3.00,4.15
261271,245.85,250.00,100,3.00,4.15
261371,245.85,250.00,100,3.00,4.15
261471,245.85,250.00,100,3.00,4.15
261571,245.85,250.00,100,3.00,4.15
261671,245.85,250.00,100,3.00,4.15
261771,245.85,250.00,100,3.00,4.15
261871,245.85,250.00,100,3.00,4.15
261971,245.85,250.00,100,3.00,4.15
262071,245.85,250.00,100,3.00,4.15
262171,245.85,250.00,100,3.00,4.15
262271,245.85,250.00,100,3.00,4.15
262371,245.85,250.00,100,3.00,4.15
262471,245.85,250.00,100,3.00,4.15
262571,245.85,250.00,100,3.00,4.15
262671,245.85,250.00,100,3.00,4.15
262771,245.85,250.00,100,3.00,4.15
262871,245.85,250.00,100,3.00,4.15
262971,245.85,250.00,100,3.00,4.15
263071,245.85,250.00,100,3.00,4.15
263171,245.85,250.00,100,3.00,4.15
263271,245.85,250.00,100,3.00,4.15
263371,245.85,250.00,100,3.00,4.15
263471,245.85,250.00,100,3.00,4.15
263571,245.85,250.00,100,3.00,4.15
263671,245.85,250.00,100,3.00,4.15
263771,245.85,250.00,100,3.00,4.15
263871,245.85,250.00,100,3.00,4.15
263971,245.85,250.00,100,3.00,4.15
264071,245.85,250.00,100,3.00,4.15
264171,245.85,250.00,100,3.00,4.15
264271,245.85,250.00,100,3.00,4.15
264371,245.85,250.00,100,3.00,4.15
264471,245.85,250.00,100,3.00,4.15
264571,245.85,250.00,100,3.00,4.15
264671,245.85,250.00,100,3.00,4.15
264771,245.85,250.00,100,3.00,4.15
264871,245.85,250.00,100,3.00,4.15
264971,245.85,250.00,100,3.00,4.15
265071,245.85,250.00,100,3.00,4.15
265171,245.85,250.00,100,3.00,4.15
265271,245.85,250.00,100,3.00,4.15
265371,245.85,250.00,100,3.00,4.15
265471,245.85,250.00,100,3.00,4.15
265571,245.85,250.00,100,3.00,4.15
265671,245.85,250.00,100,3.00,4.15
265771,245.85,250.00,100,3.00,4.15
265871,245.85,250.00,100,3.00,4.15
265971,245.85,250.00,100,3.00,4.15
266071,245.85,250.00,100,3.00,4.15
266171,245.85,250.00,100,3.00,4.15
266271,245.85,250.00,100,3.00,4.15
266371,245.85,250.00,100,3.00,4.15
266471,245.85,250.00,100,3.00,4.15
266571,245.85,250.00,100,3.00,4.15
266671,245.85,250.00,100,3.00,4.15
266771,245.85,250.00,100,3.00,4.15
266871,245.85,250.00,100,3.00,4.15
266971,245.85,250.00,100,3.00,4.15
267071,245.85,250.00,100,3.00,4.15
267171,245.85,250.00,100,3.00,4.15
267271,245.85,250.00,100,3.00,4.15
267371,245.85,250.00,100,3.00,4.15
267471,245.85,250.00,100,3.00,4.15
267571,245.85,250.00,100,3.00,4.15
267671,245.85,250.00,100,3.00,4.15
267771,245.85,250.00,100,3.00,4.15
267871,245.85,250.00,100,3.00,4.15
267971,245.85,250.00,100,3.00,4.15
268071,245.85,250.00,100,3.00,4.15
268171,245.85,250.00,100,3.00,4.15
268271,245.85,250.00,100,3.00,4.15
268371,245.85,250.00,100,3.00,4.15
268471,245.85,250.00,100,3.00,4.15
268571,245.85,250.00,100,3.00,4.15
268671,245.85,250.00,100,3.00,4.15
268771,245.85,250.00,100,3.00,4.15
268871,245.85,250.00,100,3.00,4.15
268971,245.85,250.00,100,3.00,4.15
269071,245.85,250.00,100,3.00,4.15
269171,245.85,250.00,100,3.00,4.15
269271,245.85,250.00,100,3.00,4.15
269371,245.85,250.00,100,3.00,4.15
269471,245.85,250.00,100,3.00,4.15
269571,245.85,250.00,100,3.00,4.15
269671,245.85,250.00,100,3.00,4.15
269771,245.85,250.00,100,3.00,4.15
269871,245.85,250.00,100,3.00,4.15
269971,245.85,250.00,100,3.00,4.15
270071,245.85,250.00,100,3.00,4.15
270171,245.85,250.00,100,3.00,4.15
270271,245.85,250.00,100,3.00,4.15
270371,245.85,250.00,100,3.00,4.15
270471,245.85,250.00,100,3.00,4.15
270571,245.85,250.00,100,3.00,4.15
270671,245.85,250.00,100,3.00,4.15
270771,245.85,250.00,100,3.00,4.15
270871,245.85,250.00,100,3.00,4.15
270971,245.85,250.00,100,3.00,4.15
271071,245.85,250.00,100,3.00,4.15
271171,245.85,250.00,100,3.00,4.15
271271,245.85,250.00,100,3.00,4.15
271371,245.85,250.00,100,3.00,4.15
271471,245.85,250.00,100,3.00,4.15
271571,245.85,250.00,100,3.00,4.15
271671,245.85,250.00,100,3.00,4.15
271771,245.85,250.00,100,3.00,4.15
271871,245.85,250.00,100,3.00,4.15
271971,245.85,250.00,100,3.00,4.15
272071,245.85,250.00,100,3.00,4.15
272171,245.85,250.00,100,3.00,4.15
272271,245.85,250.00,100,3.00,4.15
272371,245.85,250.00,100,3.00,4.15
272471,245.85,250.00,100,3.00,4.15
272571,245.85,250.00,100,3.00,4.15
272671,245.85,250.00,100,3.00,4.15
272771,245.85,250.00,100,3.00,4.15
272871,245.85,250.00,100,3.00,4.15
272971,245.85,250.00,100,3.00,4.15
273071,245.85,250.00,100,3.00,4.15
273171,245.85,250.00,100,3.00,4.15
273271,245.85,250.00,100,3.00,4.15
273371,245.85,250.00,100,3.00,4.15
273471,245.85,250.00,100,3.00,4.15
273571,245.85,250.00,100,3.00,4.15
273671,245.85,250.00,100,3.00,4.15
273771,245.85,250.00,100,3.00,4.15
273871,245.85,250.00,100,3.00,4.15
273971,245.85,250.00,100,3.00,4.15
274071,245.85,250.00,100,3.00,4.15
274171,245.85,250.00,100,3.00,4.15
274271,245.85,250.00,100,3.00,4.15
274371,245.85,250.00,100,3.00,4.15
274471,245.85,250.00,100,3.00,4.15
274571,245.85,250.00,100,3.00,4.15
274671,245.85,250.00,100,3.00,4.15
274771,245.85,250.00,100,3.00,4.15
274871,245.85,250.00,100,3.00,4.15
274971,245.85,250.00,100,3.00,4.15
275071,245.85,250.00,100,3.00,4.15
275171,245.85,250.00,100,3.00,4.15
275271,245.85,250.00,100,3.00,4.15
275371,245.85,250.00,100,3.00,4.15
275471,245.85,250.00,100,3.00,4.15
275571,245.85,250.00,100,3.00,4.15
275671,245.85,250.00,100,3.00,4.15
275771,245.85,250.00,100,3.00,4.15
275871,245.85,250.00,100,3.00,4.15
275971,245.85,250.00,100,3.00,4.15
276071,245.85,250.00,100,3.00,4.15
276171,245.85,250.00,100,3.00,4.15
276271,245.85,250.00,100,3.00,4.15
276371,245.85,250.00,100,3.00,4.15
276471,245.85,250.00,100,3.00,4.15
276571,245.85,250.00,100,3.00,4.15
276671,245.85,250.00,100,3.00,4.15
276771,245.85,250.00,100,3.00,4.15
276871,245.85,250.00,100,3.00,4.15
276971,245.85,250.00,100,3.00,4.15
277071,245.85,250.00,100,3.00,4.15
277171,245.85,250.00,100,3.00,4.15
277271,245.85,250.00,100,3.00,4.15
277371,245.85,250.00,100,3.00,4.15
277471,245.85,250.00,100,3.00,4.15
277571,245.85,250.00,100,3.00,4.15
277671,245.85,250.00,100,3.00,4.15
277771,245.85,250.00,100,3.00,4.15
277871,245.85,250.00,100,3.00,4.15
277971,245.85,250.00,100,3.00,4.15
278071,245.85,250.00,100,3.00,4.15
278171,245.85,250.00,100,3.00,4.15
278271,245.85,250.00,100,3.00,4.15
278371,245.85,250.00,100,3.00,4.15
278471,245.85,250.00,100,3.00,4.15
278571,245.85,250.00,100,3.00,4.15
278671,245.85,250.00,100,3.00,4.15
278771,245.85,250.00,100,3.00,4.15
278871,245.85,250.00,100,3.00,4.15
278971,245.85,250.00,100,3.00,4.15
279071,245.85,250.00,100,3.00,4.15
279171,245.85,250.00,100,3.00,4.15
279271,245.85,250.00,100,3.00,4.15
279371,245.85,250.00,100,3.00,4.15
279471,245.85,250.00,100,3.00,4.15
279571,245.85,250.00,100,3.00,4.15
279671,245.85,250.00,100,3.00,4.15
279771,245.85,250.00,100,3.00,4.15
279871,245.85,250.00,100,3.00,4.15
279971,245.85,250.00,100,3.00,4.15
280071,245.85,250.00,100,3.00,4.15
280171,245.85,250.00,100,3.00,4.15
280271,245.85,250.00,100,3.00,4.15
280371,245.85,250.00,100,3.00,4.15
280471,245.85,250.00,100,3.00,4.15
280571,245.85,250.00,100,3.00,4.15
280671,245.85,250.00,100,3.00,4.15
280771,245.85,250.00,100,3.00,4.15
280871,245.85,250.00,100,3.00,4.15
280971,245.85,250.00,100,3.00,4.15
281071,245.85,250.00,100,3.00,4.15
281171,245.85,250.00,100,3.00,4.15
281271,245.85,250.00,100,3.00,4.15
281371,245.85,250.00,100,3.00,4.15
281471,245.85,250.00,100,3.00,4.15
281571,245.85,250.00,100,3.00,4.15
281671,245.85,250.00,100,3.00,4.15
281771,245.85,250.00,100,3.00,4.15
281871,245.85,250.00,100,3.00,4.15
281971,245.85,250.00,100,3.00,4.15
282071,245.85,250.00,100,3.00,4.15
282171,245.85,250.00,100,3.00,4.15
282271,245.85,250.00,100,3.00,4.15
282371,245.85,250.00,100,3.00,4.15
282471,245.85,250.00,100,3.00,4.15
282571,245.85,250.00,100,3.00,4.15
282671,245.85,250.00,100,3.00,4.15
282771,245.85,250.00,100,3.00,4.15
282871,245.85,250.00,100,3.00,4.15
282971,245.85,250.00,100,3.00,4.15
283071,245.85,250.00,100,3.00,4.15
283171,245.85,250.00,100,3.00,4.15
283271,245.85,250.00,100,3.00,4.15
283371,245.85,250.00,100,3.00,4.15
283471,245.85,250.00,100,3.00,4.15
283571,245.85,250.00,100,3.00,4.15
283671,245.85,250.00,100,3.00,4.15
283771,245.85,250.00,100,3.00,4.15
283871,245.85,250.00,100,3.00,4.15
283971,245.85,250.00,100,3.00,4.15
284071,245.85,250.00,100,3.00,4.15
284171,245.85,250.00,100,3.00,4.15
284271,245.85,250.00,100,3.00,4.15
284371,245.85,250.00,100,3.00,4.15
284471,245.85,250.00,100,3.00,4.15
284571,245.85,250.00,100,3.00,4.15
284671,245.85,250.00,100,3.00,4.15
284771,245.85,250.00,100,3.00,4.15
284871,245.85,250.00,100,3.00,4.15
284971,245.85,250.00,100,3.00,4.15
285071,245.85,250.00,100,3.00,4.15
285171,245.85,250.00,100,3.00,4.15
285271,245.85,250.00,100,3.00,4.15
285371,245.85,250.00,100,3.00,4.15
285471,245.85,250.00,100,3.00,4.15
285571,245.85,250.00,100,3.00,4.15
285671,245.85,250.00,100,3.00,4.15
285771,245.85,250.00,100,3.00,4.15
285871,245.85,250.00,100,3.00,4.15
285971,245.85,250.00,100,3.00,4.15
286071,245.85,250.00,100,3.00,4.15
286171,245.85,250.00,100,3.00,4.15
286271,245.85,250.00,100,3.00,4.15
286371,245.85,250.00,100,3.00,4.15
286471,245.85,250.00,100,3.00,4.15
286571,245.85,250.00,100,3.00,4.15
286671,245.85,250.00,100,3.00,4.15
286771,245.85,250.00,100,3.00,4.15
286871,245.85,250.00,100,3.00,4.15
286971,245.85,250.00,100,3.00,4.15
287071,245.85,250.00,100,3.00,4.15
287171,245.85,250.00,100,3.00,4.15
287271,245.85,250.00,100,3.00,4.15
287371,245.85,250.00,100,3.00,4.15
287471,245.85,250.00,100,3.00,4.15
287571,245.85,250.00,100,3.00,4.15
287671,245.85,250.00,100,3.00,4.15
287771,245.85,250.00,100,3.00,4.15
287871,245.85,250.00,100,3.00,4.15
287971,245.85,250.00,100,3.00,4.15
288071,245.85,250.00,100,3.00,4.15
288171,245.85,250.00,100,3.00,4.15
288271,245.85,250.00,100,3.00,4.15
288371,245.85,250.00,100,3.00,4.15
288471,245.85,250.00,100,3.00,4.15
288571,245.85,250.00,100,3.00,4.15
288671,245.85,250.00,100,3.00,4.15
288771,245.85,250.00,100,3.00,4.15
288871,245.85,250.00,100,3.00,4.15
288971,245.85,250.00,100,3.00,4.15
289071,245.85,250.00,100,3.00,4.15
289171,245.85,250.00,100,3.00,4.15
289271,245.85,250.00,100,3.00,4.15
289371,245.85,250.00,100,3.00,4.15
289471,245.85,250.00,100,3.00,4.15
289571,245.85,250.00,100,3.00,4.15
289671,245.85,250.00,100,3.00,4.15
289771,245.85,250.00,100,3.00,4.15
289871,245.85,250.00,100,3.00,4.15
289971,245.85,250.00,100,3.00,4.15
290071,245.85,250.00,100,3.00,4.15
290171,245.85,250.00,100,3.00,4.15
290271,245.85,250.00,100,3.00,4.15
290371,245.85,250.00,100,3.00,4.15
290471,245.85,250.00,100,3.00,4.15
290571,245.85,250.00,100,3.00,4.15
290671,245.85,250.00,100,3.00,4.15
290771,245.85,250.00,100,3.00,4.15
290871,245.85,250.00,100,3.00,4.15
290971,245.85,250.00,100,3.00,4.15
291071,245.85,250.00,100,3.00,4.15
291171,245.85,250.00,100,3.00,4.15
291271,245.85,250.00,100,3.00,4.15
291371,245.85,250.00,100,3.00,4.15
291471,245.85,250.00,100,3.00,4.15
291571,245.85,250.00,100,3.00,4.15
291671,245.85,250.00,100,3.00,4.15
291771,245.85,250.00,100,3.00,4.15
291871,245.85,250.00,100,3.00,4.15
291971,245.85,250.00,100,3.00,4.15
292071,245.85,250.00,100,3.00,4.15
292171,245.85,250.00,100,3.00,4.15
292271,245.85,250.00,100,3.00,4.15
292371,245.85,250.00,100,3.00,4.15
292471,245.85,250.00,100,3.00,4.15
292571,245.85,250.00,100,3.00,4.15
292671,245.85,250.00,100,3.00,4.15
292771,245.85,250.00,100,3.00,4.15
292871,245.85,250.00,100,3.00,4.15
292971,245.85,250.00,100,3.00,4.15
293071,245.85,250.00,100,3.00,4.15
293171,245.85,250.00,100,3.00,4.15
293271,245.85,250.00,100,3.00,4.15
293371,245.85,250.00,100,3.00,4.15
293471,245.85,250.00,100,3.00,4.15
293571,245.85,250.00,100,3.00,4.15
293671,245.85,250.00,100,3.00,4.15
293771,245.85,250.00,100,3.00,4.15
293871,245.85,250.00,100,3.00,4.15
293971,245.85,250.00,100,3.00,4.15
294071,245.85,250.00,100,3.00,4.15
294171,245.85,250.00,100,3.00,4.15
294271,245.85,250.00,100,3.00,4.15
294371,245.85,250.00,100,3.00,4.15
294471,245.85,250.00,100,3.00,4.15
294571,245.85,250.00,100,3.00,4.15
294671,245.85,250.00,100,3.00,4.15
294771,245.85,250.00,100,3.00,4.15
294871,245.85,250.00,100,3.00,4.15
294971,245.85,250.00,100,3.00,4.15
295071,245.85,250.00,100,3.00,4.15
295171,245.85,250.00,100,3.00,4.15
295271,245.85,250.00,100,3.00,4.15
295371,245.85,250.00,100,3.00,4.15
295471,245.85,250.00,100,3.00,4.15
295571,245.85,250.00,100,3.00,4.15
295671,245.85,250.00,100,3.00,4.15
295771,245.85,250.00,100,3.00,4.15
295871,245.85,250.00,100,3.00,4.15
295971,245.85,250.00,100,3.00,4.15
296071,245.85,250.00,100,3.00,4.15
296171,245.85,250.00,100,3.00,4.15
296271,245.85,250.00,100,3.00,4.15
296371,245.85,250.00,100,3.00,4.15
296471,245.85,250.00,100,3.00,4.15
296571,245.85,250.00,100,3.00,4.15
296671,245.85,250.00,100,3.00,4.15
296771,245.85,250.00,100,3.00,4.15
296871,245.85,250.00,100,3.00,4.15
296971,245.85,250.00,100,3.00,4.15
297071,245.85,250.00,100,3.00,4.15
297171,245.85,250.00,100,3.00,4.15
297271,245.85,250.00,100,3.00,4.15
297371,245.85,250.00,100,3.00,4.15
297471,245.85,250.00,100,3.00,4.15
297571,245.85,250.00,100,3.00,4.15
297671,245.85,250.00,100,3.00,4.15
297771,245.85,250.00,100,3.00,4.15
297871,245.85,250.00,100,3.00,4.15
297971,245.85,250.00,100,3.00,4.15
298071,245.85,250.00,100,3.00,4.15
298171,245.85,250.00,100,3.00,4.15
298271,245.85,250.00,100,3.00,4.15
298371,245.85,250.00,100,3.00,4.15
298471,245.85,250.00,100,3.00,4.15
298571,245.85,250.00,100,3.00,4.15
298671,245.85,250.00,100,3.00,4.15
298771,245.85,250.00,100,3.00,4.15
298871,245.85,250.00,100,3.00,4.15
298971,245.85,250.00,100,3.00,4.15
299071,245.85,250.00,100,3.00,4.15
299171,245.85,250.00,100,3.00,4.15
299271,245.85,250.00,100,3.00,4.15
299371,245.85,250.00,100,3.00,4.15
299471,245.85,250.00,100,3.00,4.15
299571,245.85,250.00,100,3.00,4.15
299671,245.85,250.00,100,3.00,4.15
299771,245.85,250.00,100,3.00,4.15
299871,245.85,250.00,100,3.00,4.15
299971,245.85,250.00,100,3.00,4.15
300071,245.85,250.00,100,3.00,4.15
300171,245.85,250.00,100,3.00,4.15
300271,245.85,250.00,100,3.00,4.15
300371,245.85,250.00,100,3.00,4.15
300471,245.85,250.00,100,3.00,4.15
300571,245.85,250.00,100,3.00,4.15
300671,245.85,250.00,100,3.00,4.15
300771,245.85,250.00,100,3.00,4.15
300871,245.85,250.00,100,3.00,4.15
300971,245.85,250.00,100,3.00,4.15
301071,245.85,250.00,100,3.00,4.15
301171,245.85,250.00,100,3.00,4.15
301271,245.85,250.00,100,3.00,4.15
301371,245.85,250.00,100,3.00,4.15
301471,245.85,250.00,100,3.00,4.15
301571,245.85,250.00,100,3.00,4.15
301671,245.85,250.00,100,3.00,4.15
301771,245.85,250.00,100,3.00,4.15
301871,245.85,250.00,100,3.00,4.15
301971,245.85,250.00,100,3.00,4.15
302071,245.85,250.00,100,3.00,4.15
302171,245.85,250.00,100,3.00,4.15
302271,245.85,250.00,100,3.00,4.15
302371,245.85,250.00,100,3.00,4.15
302471,245.85,250.00,100,3.00,4.15
302571,245.85,250.00,100,3.00,4.15
302671,245.85,250.00,100,3.00,4.15
302771,245.85,250.00,100,3.00,4.15
302871,245.85,250.00,100,3.00,4.15
302971,245.85,250.00,100,3.00,4.15
303071,245.85,250.00,100,3.00,4.15
303171,245.85,250.00,100,3.00,4.15
303271,245.85,250.00,100,3.00,4.15
303371,245.85,250.00,100,3.00,4.15
303471,245.85,250.00,100,3.00,4.15
303571,245.85,250.00,100,3.00,4.15
303671,245.85,250.00,100,3.00,4.15
303771,245.85,250.00,100,3.00,4.15
303871,245.85,250.00,100,3.00,4.15
303971,245.85,250.00,100,3.00,4.15
304071,245.85,250.00,100,3.00,4.15
304171,245.85,250.00,100,3.00,4.15
304271,245.85,250.00,100,3.00,4.15
304371,245.85,250.00,100,3.00,4.15
304471,245.85,250.00,100,3.00,4.15
304571,245.85,250.00,100,3.00,4.15
304671,245.85,250.00,100,3.00,4.15
304771,245.85,250.00,100,3.00,4.15
304871,245.85,250.00,100,3.00,4.15
304971,245.85,250.00,100,3.00,4.15
305071,245.85,250.00,100,3.00,4.15
305171,245.85,250.00,100,3.00,4.15
305271,245.85,250.00,100,3.00,4.15
305371,245.85,250.00,100,3.00,4.15
306049,245.85,250.00,100,3.00,4.15
306726,245.85,250.00,100,3.00,4.15
307403,245.85,250.00,100,3.00,4.15
308080,245.85,250.00,100,3.00,4.15
308757,245.85,250.00,100,3.00,4.15
309434,245.85,250.00,100,3.00,4.15
310111,245.85,250.00,100,3.00,4.15
310788,245.85,250.00,100,3.00,4.15
311465,245.85,250.00,100,3.00,4.15
312142,245.85,250.00,100,3.00,4.15
312819,245.85,250.00,100,3.00,4.15
313496,245.85,250.00,100,3.00,4.15
