Time_ms,Temp_C,Setpoint_C,Heater_Duty,Speed_mm_s,Error_C
30671,153.06,250.00,100,3.00,96.94
30771,153.24,250.00,100,3.00,96.76
30871,153.42,250.00,100,3.00,96.58
30971,153.63,250.00,100,3.00,96.37
31071,153.82,250.00,100,3.00,96.18
31171,154.03,250.00,100,3.00,95.97
31271,154.23,250.00,100,3.00,95.77
31371,154.41,250.00,100,3.00,95.59
31471,154.62,250.00,100,3.00,95.38
31571,154.81,250.00,100,3.00,95.19
31671,155.02,250.00,100,3.00,94.98
31771,155.21,250.00,100,3.00,94.79
31871,155.40,250.00,100,3.00,94.60
31971,155.61,250.00,100,3.00,94.39
32071,155.80,250.00,100,3.00,94.20
32171,156.00,250.00,100,3.00,94.00
32271,156.20,250.00,100,3.00,93.80
32371,156.40,250.00,100,3.00,93.60
32471,156.60,250.00,100,3.00,93.40
32571,156.79,250.00,100,3.00,93.21
32671,156.99,250.00,100,3.00,93.01
32771,157.18,250.00,100,3.00,92.82
32871,157.39,250.00,100,3.00,92.61
32971,157.57,250.00,100,3.00,92.43
33071,157.76,250.00,100,3.00,92.24
33171,157.95,250.00,100,3.00,92.05
33271,158.15,250.00,100,3.00,91.85
33371,158.33,250.00,100,3.00,91.67
33471,158.52,250.00,100,3.00,91.48
33571,158.72,250.00,100,3.00,91.28
33671,158.91,250.00,100,3.00,91.09
33771,159.10,250.00,100,3.00,90.90
33871,159.30,250.00,100,3.00,90.70
33971,159.49,250.00,100,3.00,90.51
34071,159.69,250.00,100,3.00,90.31
34171,159.86,250.00,100,3.00,90.14
34271,160.05,250.00,100,3.00,89.95
34371,160.24,250.00,100,3.00,89.76
34471,160.44,250.00,100,3.00,89.56
34571,160.64,250.00,100,3.00,89.36
34671,160.84,250.00,100,3.00,89.16
34771,161.03,250.00,100,3.00,88.97
34871,161.21,250.00,100,3.00,88.79
34971,161.39,250.00,100,3.00,88.61
35071,161.56,250.00,100,3.00,88.44
35171,161.77,250.00,100,3.00,88.23
35271,159.62,250.00,100,3.00,90.38
35371,157.69,250.00,100,3.00,92.31
35471,155.97,250.00,100,3.00,94.03
35571,154.43,250.00,100,3.00,95.57
35671,153.06,250.00,100,3.00,96.94
35771,151.84,250.00,100,3.00,98.16
35871,150.77,250.00,100,3.00,99.23
35971,149.82,250.00,100,3.00,100.18
36071,148.97,250.00,100,3.00,101.03
36171,148.23,250.00,100,3.00,101.77
36271,147.58,250.00,100,3.00,102.42
36371,147.00,250.00,100,3.00,103.00
36471,146.50,250.00,100,3.00,103.50
36571,146.07,250.00,100,3.00,103.93
36671,145.68,250.00,100,3.00,104.32
36771,145.35,250.00,100,3.00,104.65
36871,145.07,250.00,100,3.00,104.93
36971,144.82,250.00,100,3.00,105.18
37071,144.63,250.00,100,3.00,105.37
37171,144.46,250.00,100,3.00,105.54
37271,144.33,250.00,100,3.00,105.67
37371,144.23,250.00,100,3.00,105.77
37471,144.15,250.00,100,3.00,105.85
37571,144.09,250.00,100,3.00,105.91
37671,144.05,250.00,100,3.00,105.95
37771,144.03,250.00,100,3.00,105.97
37871,144.03,250.00,100,3.00,105.97
37971,144.04,250.00,100,3.00,105.96
38071,144.07,250.00,100,3.00,105.93
38171,144.10,250.00,100,3.00,105.90
38271,144.15,250.00,100,3.00,105.85
38371,144.19,250.00,100,3.00,105.81
38471,144.26,250.00,100,3.00,105.74
38571,144.33,250.00,100,3.00,105.67
38671,144.42,250.00,100,3.00,105.58
38771,144.50,250.00,100,3.00,105.50
38871,144.59,250.00,100,3.00,105.41
38971,144.69,250.00,100,3.00,105.31
39071,144.78,250.00,100,3.00,105.22
39171,144.87,250.00,100,3.00,105.13
39271,144.98,250.00,100,3.00,105.02
39371,145.10,250.00,100,3.00,104.90
39471,145.21,250.00,100,3.00,104.79
39571,145.34,250.00,100,3.00,104.66
39671,145.46,250.00,100,3.00,104.54
39771,145.57,250.00,100,3.00,104.43
39871,145.70,250.00,100,3.00,104.30
39971,145.82,250.00,100,3.00,104.18
40071,145.95,250.00,100,3.00,104.05
40171,146.08,250.00,100,3.00,103.92
40271,146.21,250.00,100,3.00,103.79
40371,146.34,250.00,100,3.00,103.66
40471,146.47,250.00,100,3.00,103.53
40571,146.61,250.00,100,3.00,103.39
40671,146.74,250.00,100,3.00,103.26
40771,146.87,250.00,100,3.00,103.13
40871,147.00,250.00,100,3.00,103.00
40971,147.14,250.00,100,3.00,102.86
41071,147.28,250.00,100,3.00,102.72
41171,147.40,250.00,100,3.00,102.60
41271,147.53,250.00,100,3.00,102.47
41371,147.67,250.00,100,3.00,102.33
41471,147.81,250.00,100,3.00,102.19
41571,147.95,250.00,100,3.00,102.05
41671,148.09,250.00,100,3.00,101.91
41771,148.22,250.00,100,3.00,101.78
41871,148.35,250.00,100,3.00,101.65
41971,148.49,250.00,100,3.00,101.51
42071,148.63,250.00,100,3.00,101.37
42171,148.77,250.00,100,3.00,101.23
42271,148.91,250.00,100,3.00,101.09
42371,149.04,250.00,100,3.00,100.96
42471,149.18,250.00,100,3.00,100.82
42571,149.32,250.00,100,3.00,100.68
42671,149.46,250.00,100,3.00,100.54
42771,149.60,250.00,100,3.00,100.40
42871,149.76,250.00,100,3.00,100.24
42971,149.89,250.00,100,3.00,100.11
43071,150.02,250.00,100,3.00,99.98
43171,150.17,250.00,100,3.00,99.83
43271,150.30,250.00,100,3.00,99.70
43371,150.43,250.00,100,3.00,99.57
43471,150.56,250.00,100,3.00,99.44
43571,150.71,250.00,100,3.00,99.29
43671,150.84,250.00,100,3.00,99.16
43771,150.98,250.00,100,3.00,99.02
43871,151.11,250.00,100,3.00,98.89
43971,151.24,250.00,100,3.00,98.76
44071,151.37,250.00,100,3.00,98.63
44171,151.51,250.00,100,3.00,98.49
44271,151.66,250.00,100,3.00,98.34
44371,151.80,250.00,100,3.00,98.20
44471,151.93,250.00,100,3.00,98.07
44571,152.08,250.00,100,3.00,97.92
44671,152.22,250.00,100,3.00,97.78
44771,152.36,250.00,100,3.00,97.64
44871,152.50,250.00,100,3.00,97.50
44971,152.65,250.00,100,3.00,97.35
45071,152.79,250.00,100,3.00,97.21
45171,152.94,250.00,100,3.00,97.06
45271,153.06,250.00,100,3.00,96.94
45371,153.20,250.00,100,3.00,96.80
45471,153.36,250.00,100,3.00,96.64
45571,153.49,250.00,100,3.00,96.51
45671,153.64,250.00,100,3.00,96.36
45771,153.78,250.00,100,3.00,96.22
45871,153.92,250.00,100,3.00,96.08
45971,154.06,250.00,100,3.00,95.94
46071,154.20,250.00,100,3.00,95.80
46171,154.34,250.00,100,3.00,95.66
46271,154.47,250.00,100,3.00,95.53
46371,154.63,250.00,100,3.00,95.37
46471,154.77,250.00,100,3.00,95.23
46571,154.92,250.00,100,3.00,95.08
46671,155.06,250.00,100,3.00,94.94
46771,155.21,250.00,100,3.00,94.79
46871,155.36,250.00,100,3.00,94.64
46971,155.50,250.00,100,3.00,94.50
47071,155.63,250.00,100,3.00,94.37
47171,155.77,250.00,100,3.00,94.23
47271,155.90,250.00,100,3.00,94.10
47371,156.04,250.00,100,3.00,93.96
47471,156.19,250.00,100,3.00,93.81
47571,156.31,250.00,100,3.00,93.69
47671,156.44,250.00,100,3.00,93.56
47771,156.58,250.00,100,3.00,93.42
47871,156.73,250.00,100,3.00,93.27
47971,156.87,250.00,100,3.00,93.13
48071,157.01,250.00,100,3.00,92.99
48171,157.14,250.00,100,3.00,92.86
48271,157.28,250.00,100,3.00,92.72
48371,157.41,250.00,100,3.00,92.59
48471,157.54,250.00,100,3.00,92.46
48571,157.68,250.00,100,3.00,92.32
48671,157.83,250.00,100,3.00,92.17
48771,157.96,250.00,100,3.00,92.04
48871,158.10,250.00,100,3.00,91.90
48971,158.24,250.00,100,3.00,91.76
49071,158.38,250.00,100,3.00,91.62
49171,158.50,250.00,100,3.00,91.50
49271,158.63,250.00,100,3.00,91.37
49371,158.78,250.00,100,3.00,91.22
49471,158.92,250.00,100,3.00,91.08
49571,159.05,250.00,100,3.00,90.95
49671,159.19,250.00,100,3.00,90.81
49771,159.31,250.00,100,3.00,90.69
49871,159.45,250.00,100,3.00,90.55
49971,159.58,250.00,100,3.00,90.42
50071,159.71,250.00,100,3.00,90.29
50171,159.84,250.00,100,3.00,90.16
50271,159.97,250.00,100,3.00,90.03
50371,160.11,250.00,100,3.00,89.89
50471,160.24,250.00,100,3.00,89.76
50571,160.38,250.00,100,3.00,89.62
50671,160.52,250.00,100,3.00,89.48
50771,160.65,250.00,100,3.00,89.35
50871,160.79,250.00,100,3.00,89.21
50971,160.93,250.00,100,3.00,89.07
51071,161.07,250.00,100,3.00,88.93
51171,161.20,250.00,100,3.00,88.80
51271,161.32,250.00,100,3.00,88.68
51371,161.46,250.00,100,3.00,88.54
51471,161.59,250.00,100,3.00,88.41
51571,161.72,250.00,100,3.00,88.28
51671,161.86,250.00,100,3.00,88.14
51771,162.00,250.00,100,3.00,88.00
51871,162.14,250.00,100,3.00,87.86
51971,162.27,250.00,100,3.00,87.73
52071,162.40,250.00,100,3.00,87.60
52171,162.54,250.00,100,3.00,87.46
52271,162.67,250.00,100,3.00,87.33
52371,162.81,250.00,100,3.00,87.19
52471,162.95,250.00,100,3.00,87.05
52571,163.09,250.00,100,3.00,86.91
52671,163.24,250.00,100,3.00,86.76
52771,163.37,250.00,100,3.00,86.63
52871,163.51,250.00,100,3.00,86.49
52971,163.65,250.00,100,3.00,86.35
53071,163.78,250.00,100,3.00,86.22
53171,163.91,250.00,100,3.00,86.09
53271,164.04,250.00,100,3.00,85.96
53371,164.16,250.00,100,3.00,85.84
53471,164.30,250.00,100,3.00,85.70
53571,164.44,250.00,100,3.00,85.56
53671,164.59,250.00,100,3.00,85.41
53771,164.72,250.00,100,3.00,85.28
53871,164.85,250.00,100,3.00,85.15
53971,164.99,250.00,100,3.00,85.01
54071,165.13,250.00,100,3.00,84.87
54171,165.26,250.00,100,3.00,84.74
54271,165.40,250.00,100,3.00,84.60
54371,165.53,250.00,100,3.00,84.47
54471,165.67,250.00,100,3.00,84.33
54571,165.81,250.00,100,3.00,84.19
54671,165.94,250.00,100,3.00,84.06
54771,166.08,250.00,100,3.00,83.92
54871,166.22,250.00,100,3.00,83.78
54971,166.36,250.00,100,3.00,83.64
55071,166.48,250.00,100,3.00,83.52
55171,166.61,250.00,100,3.00,83.39
55271,166.74,250.00,100,3.00,83.26
55371,166.86,250.00,100,3.00,83.14
55471,167.01,250.00,100,3.00,82.99
55571,167.14,250.00,100,3.00,82.86
55671,167.28,250.00,100,3.00,82.72
55771,167.40,250.00,100,3.00,82.60
55871,167.53,250.00,100,3.00,82.47
55971,167.66,250.00,100,3.00,82.34
56071,167.78,250.00,100,3.00,82.22
56171,167.92,250.00,100,3.00,82.08
56271,168.04,250.00,100,3.00,81.96
56371,168.17,250.00,100,3.00,81.83
56471,168.30,250.00,100,3.00,81.70
56571,168.41,250.00,100,3.00,81.59
56671,168.54,250.00,100,3.00,81.46
56771,168.67,250.00,100,3.00,81.33
56871,168.80,250.00,100,3.00,81.20
56971,168.93,250.00,100,3.00,81.07
57071,169.06,250.00,100,3.00,80.94
57171,169.19,250.00,100,3.00,80.81
57271,169.31,250.00,100,3.00,80.69
57371,169.45,250.00,100,3.00,80.55
57471,169.57,250.00,100,3.00,80.43
57571,169.71,250.00,100,3.00,80.29
57671,169.83,250.00,100,3.00,80.17
57771,169.97,250.00,100,3.00,80.03
57871,170.08,250.00,100,3.00,79.92
57971,170.20,250.00,100,3.00,79.80
58071,170.32,250.00,100,3.00,79.68
58171,170.44,250.00,100,3.00,79.56
58271,170.57,250.00,100,3.00,79.43
58371,170.70,250.00,100,3.00,79.30
58471,170.83,250.00,100,3.00,79.17
58571,170.94,250.00,100,3.00,79.06
58671,171.07,250.00,100,3.00,78.93
58771,171.19,250.00,100,3.00,78.81
58871,171.31,250.00,100,3.00,78.69
58971,171.44,250.00,100,3.00,78.56
59071,171.57,250.00,100,3.00,78.43
59171,171.69,250.00,100,3.00,78.31
59271,171.82,250.00,100,3.00,78.18
59371,171.94,250.00,100,3.00,78.06
59471,172.06,250.00,100,3.00,77.94
59571,172.18,250.00,100,3.00,77.82
59671,172.29,250.00,100,3.00,77.71
59771,172.42,250.00,100,3.00,77.58
59871,172.54,250.00,100,3.00,77.46
59971,172.65,250.00,100,3.00,77.35
60071,172.76,250.00,100,3.00,77.24
60171,172.90,250.00,100,3.00,77.10
60271,173.00,250.00,100,3.00,77.00
60371,173.13,250.00,100,3.00,76.87
60471,173.26,250.00,100,3.00,76.74
60571,173.38,250.00,100,3.00,76.62
60671,173.50,250.00,100,3.00,76.50
60771,173.63,250.00,100,3.00,76.37
60871,173.76,250.00,100,3.00,76.24
60971,173.87,250.00,100,3.00,76.13
61071,173.99,250.00,100,3.00,76.01
61171,174.11,250.00,100,3.00,75.89
61271,174.24,250.00,100,3.00,75.76
61371,174.37,250.00,100,3.00,75.63
61471,174.49,250.00,100,3.00,75.51
61571,174.63,250.00,100,3.00,75.37
61671,174.75,250.00,100,3.00,75.25
61771,174.87,250.00,100,3.00,75.13
61871,174.99,250.00,100,3.00,75.01
61971,175.12,250.00,100,3.00,74.88
62071,175.24,250.00,100,3.00,74.76
62171,175.36,250.00,100,3.00,74.64
62271,175.47,250.00,100,3.00,74.53
62371,175.57,250.00,100,3.00,74.43
62471,175.70,250.00,100,3.00,74.30
62571,175.80,250.00,100,3.00,74.20
62671,175.92,250.00,100,3.00,74.08
62771,176.04,250.00,100,3.00,73.96
62871,176.15,250.00,100,3.00,73.85
62971,176.27,250.00,100,3.00,73.73
63071,176.38,250.00,100,3.00,73.62
63171,176.50,250.00,100,3.00,73.50
63271,176.62,250.00,100,3.00,73.38
63371,176.74,250.00,100,3.00,73.26
63471,176.86,250.00,100,3.00,73.14
63571,176.98,250.00,100,3.00,73.02
63671,177.11,250.00,100,3.00,72.89
63771,177.23,250.00,100,3.00,72.77
63871,177.33,250.00,100,3.00,72.67
63971,177.45,250.00,100,3.00,72.55
64071,177.57,250.00,100,3.00,72.43
64171,177.68,250.00,100,3.00,72.32
64271,177.79,250.00,100,3.00,72.21
64371,177.89,250.00,100,3.00,72.11
64471,178.01,250.00,100,3.00,71.99
64571,178.14,250.00,100,3.00,71.86
64671,178.26,250.00,100,3.00,71.74
64771,178.38,250.00,100,3.00,71.62
64871,178.50,250.00,100,3.00,71.50
64971,178.61,250.00,100,3.00,71.39
65071,178.73,250.00,100,3.00,71.27
65171,178.83,250.00,100,3.00,71.17
65271,178.95,250.00,100,3.00,71.05
65371,179.07,250.00,100,3.00,70.93
65471,179.20,250.00,100,3.00,70.80
65571,179.32,250.00,100,3.00,70.68
65671,179.44,250.00,100,3.00,70.56
65771,179.57,250.00,100,3.00,70.43
65871,179.70,250.00,100,3.00,70.30
65971,179.80,250.00,100,3.00,70.20
66071,179.92,250.00,100,3.00,70.08
66171,180.05,250.00,100,3.00,69.95
66271,180.15,250.00,100,3.00,69.85
66371,180.27,250.00,100,3.00,69.73
66471,180.40,250.00,100,3.00,69.60
66571,180.51,250.00,100,3.00,69.49
66671,180.63,250.00,100,3.00,69.37
66771,180.74,250.00,100,3.00,69.26
66871,180.86,250.00,100,3.00,69.14
66971,180.97,250.00,100,3.00,69.03
67071,181.10,250.00,100,3.00,68.90
67171,181.21,250.00,100,3.00,68.79
67271,181.32,250.00,100,3.00,68.68
67371,181.44,250.00,100,3.00,68.56
67471,181.56,250.00,100,3.00,68.44
67571,181.66,250.00,100,3.00,68.34
67671,181.78,250.00,100,3.00,68.22
67771,181.89,250.00,100,3.00,68.11
67871,182.00,250.00,100,3.00,68.00
67971,182.11,250.00,100,3.00,67.89
68071,182.24,250.00,100,3.00,67.76
68171,182.36,250.00,100,3.00,67.64
68271,182.48,250.00,100,3.00,67.52
68371,182.58,250.00,100,3.00,67.42
68471,182.70,250.00,100,3.00,67.30
68571,182.80,250.00,100,3.00,67.20
68671,182.92,250.00,100,3.00,67.08
68771,183.05,250.00,100,3.00,66.95
68871,183.16,250.00,100,3.00,66.84
68971,183.27,250.00,100,3.00,66.73
69071,183.39,250.00,100,3.00,66.61
69171,183.52,250.00,100,3.00,66.48
69271,183.63,250.00,100,3.00,66.37
69371,183.74,250.00,100,3.00,66.26
69471,183.85,250.00,100,3.00,66.15
69571,183.97,250.00,100,3.00,66.03
69671,184.10,250.00,100,3.00,65.90
69771,184.22,250.00,100,3.00,65.78
69871,184.33,250.00,100,3.00,65.67
69971,184.46,250.00,100,3.00,65.54
70071,184.57,250.00,100,3.00,65.43
70171,184.67,250.00,100,3.00,65.33
70271,184.79,250.00,100,3.00,65.21
70371,184.90,250.00,100,3.00,65.10
70471,185.02,250.00,100,3.00,64.98
70571,185.12,250.00,100,3.00,64.88
70671,185.23,250.00,100,3.00,64.77
70771,185.34,250.00,100,3.00,64.66
70871,185.46,250.00,100,3.00,64.54
70971,185.58,250.00,100,3.00,64.42
71071,185.70,250.00,100,3.00,64.30
71171,185.81,250.00,100,3.00,64.19
71271,185.92,250.00,100,3.00,64.08
71371,186.04,250.00,100,3.00,63.96
71471,186.16,250.00,100,3.00,63.84
71571,186.27,250.00,100,3.00,63.73
71671,186.40,250.00,100,3.00,63.60
71771,186.52,250.00,100,3.00,63.48
71871,186.64,250.00,100,3.00,63.36
71971,186.75,250.00,100,3.00,63.25
72071,186.89,250.00,100,3.00,63.11
72171,186.99,250.00,100,3.00,63.01
72271,187.13,250.00,100,3.00,62.87
72371,187.24,250.00,100,3.00,62.76
72471,187.35,250.00,100,3.00,62.65
72571,187.47,250.00,100,3.00,62.53
72671,187.57,250.00,100,3.00,62.43
72771,187.70,250.00,100,3.00,62.30
72871,187.81,250.00,100,3.00,62.19
72971,187.93,250.00,100,3.00,62.07
73071,188.04,250.00,100,3.00,61.96
73171,188.16,250.00,100,3.00,61.84
73271,188.28,250.00,100,3.00,61.72
73371,188.38,250.00,100,3.00,61.62
73471,188.50,250.00,100,3.00,61.50
73571,188.63,250.00,100,3.00,61.37
73671,188.74,250.00,100,3.00,61.26
73771,188.87,250.00,100,3.00,61.13
73871,188.98,250.00,100,3.00,61.02
73971,189.11,250.00,100,3.00,60.89
74071,189.23,250.00,100,3.00,60.77
74171,189.37,250.00,100,3.00,60.63
74271,189.48,250.00,100,3.00,60.52
74371,189.58,250.00,100,3.00,60.42
74471,189.70,250.00,100,3.00,60.30
74571,189.84,250.00,100,3.00,60.16
74671,189.95,250.00,100,3.00,60.05
74771,190.06,250.00,100,3.00,59.94
74871,190.19,250.00,100,3.00,59.81
74971,190.32,250.00,100,3.00,59.68
75071,190.46,250.00,100,3.00,59.54
75171,190.57,250.00,100,3.00,59.43
75271,190.69,250.00,100,3.00,59.31
75371,190.81,250.00,100,3.00,59.19
75471,190.93,250.00,100,3.00,59.07
75571,191.06,250.00,100,3.00,58.94
75671,191.18,250.00,100,3.00,58.82
75771,191.31,250.00,100,3.00,58.69
75871,191.43,250.00,100,3.00,58.57
75971,191.55,250.00,100,3.00,58.45
76071,191.67,250.00,100,3.00,58.33
76171,191.80,250.00,100,3.00,58.20
76271,191.93,250.00,100,3.00,58.07
76371,192.06,250.00,100,3.00,57.94
76471,192.20,250.00,100,3.00,57.80
76571,192.33,250.00,100,3.00,57.67
76671,192.45,250.00,100,3.00,57.55
76771,192.58,250.00,100,3.00,57.42
76871,192.70,250.00,100,3.00,57.30
76971,192.80,250.00,100,3.00,57.20
77071,192.90,250.00,100,3.00,57.10
77171,193.04,250.00,100,3.00,56.96
77271,193.17,250.00,100,3.00,56.83
77371,193.30,250.00,100,3.00,56.70
77471,193.42,250.00,100,3.00,56.58
77571,193.56,250.00,100,3.00,56.44
77671,193.67,250.00,100,3.00,56.33
77771,193.78,250.00,100,3.00,56.22
77871,193.91,250.00,100,3.00,56.09
77971,194.03,250.00,100,3.00,55.97
78071,194.16,250.00,100,3.00,55.84
78171,194.28,250.00,100,3.00,55.72
78271,194.40,250.00,100,3.00,55.60
78371,194.52,250.00,100,3.00,55.48
78471,194.63,250.00,100,3.00,55.37
78571,194.76,250.00,100,3.00,55.24
78671,194.88,250.00,100,3.00,55.12
78771,195.00,250.00,100,3.00,55.00
78871,195.09,250.00,100,3.00,54.91
78971,195.21,250.00,100,3.00,54.79
79071,195.30,250.00,100,3.00,54.70
79171,195.41,250.00,100,3.00,54.59
79271,195.53,250.00,100,3.00,54.47
79371,195.63,250.00,100,3.00,54.37
79471,195.75,250.00,100,3.00,54.25
79571,195.86,250.00,100,3.00,54.14
79671,195.96,250.00,100,3.00,54.04
79771,196.07,250.00,100,3.00,53.93
79871,196.19,250.00,100,3.00,53.81
79971,196.32,250.00,100,3.00,53.68
80071,196.43,250.00,100,3.00,53.57
80171,196.54,250.00,100,3.00,53.46
80271,196.67,250.00,100,3.00,53.33
80371,196.79,250.00,100,3.00,53.21
80471,196.92,250.00,100,3.00,53.08
80571,197.03,250.00,100,3.00,52.97
80671,197.13,250.00,100,3.00,52.87
80771,197.26,250.00,100,3.00,52.74
80871,197.40,250.00,100,3.00,52.60
80971,197.49,250.00,100,3.00,52.51
81071,197.62,250.00,100,3.00,52.38
81171,197.75,250.00,100,3.00,52.25
81271,197.87,250.00,100,3.00,52.13
81371,198.01,250.00,100,3.00,51.99
81471,198.14,250.00,100,3.00,51.86
81571,198.26,250.00,100,3.00,51.74
81671,198.37,250.00,100,3.00,51.63
81771,198.47,250.00,100,3.00,51.53
81871,198.59,250.00,100,3.00,51.41
81971,198.72,250.00,100,3.00,51.28
82071,198.86,250.00,100,3.00,51.14
82171,198.97,250.00,100,3.00,51.03
82271,199.08,250.00,100,3.00,50.92
82371,199.20,250.00,100,3.00,50.80
82471,199.33,250.00,100,3.00,50.67
82571,199.47,250.00,100,3.00,50.53
82671,199.58,250.00,100,3.00,50.42
82771,199.69,250.00,100,3.00,50.31
82871,199.82,250.00,100,3.00,50.18
82971,199.95,250.00,100,3.00,50.05
83071,200.08,250.00,100,3.00,49.92
83171,200.19,250.00,100,3.00,49.81
83271,200.32,250.00,100,3.00,49.68
83371,200.44,250.00,100,3.00,49.56
83471,200.57,250.00,100,3.00,49.43
83571,200.69,250.00,100,3.00,49.31
83671,200.82,250.00,100,3.00,49.18
83771,200.94,250.00,100,3.00,49.06
83871,201.08,250.00,100,3.00,48.92
83971,201.20,250.00,100,3.00,48.80
84071,201.33,250.00,100,3.00,48.67
84171,201.46,250.00,100,3.00,48.54
84271,201.60,250.00,100,3.00,48.40
84371,201.74,250.00,100,3.00,48.26
84471,201.88,250.00,100,3.00,48.12
84571,202.01,250.00,100,3.00,47.99
84671,202.13,250.00,100,3.00,47.87
84771,202.26,250.00,100,3.00,47.74
84871,202.37,250.00,100,3.00,47.63
84971,202.50,250.00,100,3.00,47.50
85071,202.64,250.00,100,3.00,47.36
85171,202.78,250.00,100,3.00,47.22
85271,202.89,250.00,100,3.00,47.11
85371,202.99,250.00,100,3.00,47.01
85471,203.10,250.00,100,3.00,46.90
85571,203.23,250.00,100,3.00,46.77
85671,203.35,250.00,100,3.00,46.65
85771,203.49,250.00,100,3.00,46.51
85871,203.62,250.00,100,3.00,46.38
85971,203.76,250.00,100,3.00,46.24
86071,203.90,250.00,100,3.00,46.10
86171,204.03,250.00,100,3.00,45.97
86271,204.16,250.00,100,3.00,45.84
86371,204.29,250.00,100,3.00,45.71
86471,204.43,250.00,100,3.00,45.57
86571,204.55,250.00,100,3.00,45.45
86671,204.68,250.00,100,3.00,45.32
86771,204.82,250.00,100,3.00,45.18
86871,204.93,250.00,100,3.00,45.07
86971,205.02,250.00,100,3.00,44.98
87071,205.16,250.00,100,3.00,44.84
87171,205.30,250.00,100,3.00,44.70
87271,205.40,250.00,100,3.00,44.60
87371,205.53,250.00,100,3.00,44.47
87471,205.66,250.00,100,3.00,44.34
87571,205.76,250.00,100,3.00,44.24
87671,205.90,250.00,100,3.00,44.10
87771,206.04,250.00,100,3.00,43.96
87871,206.16,250.00,100,3.00,43.84
87971,206.27,250.00,100,3.00,43.73
88071,206.38,250.00,100,3.00,43.62
88171,206.51,250.00,100,3.00,43.49
88271,206.62,250.00,100,3.00,43.38
88371,206.75,250.00,100,3.00,43.25
88471,206.89,250.00,100,3.00,43.11
88571,207.02,250.00,100,3.00,42.98
88671,207.15,250.00,100,3.00,42.85
88771,207.26,250.00,100,3.00,42.74
88871,207.39,250.00,100,3.00,42.61
88971,207.49,250.00,100,3.00,42.51
89071,207.62,250.00,100,3.00,42.38
89171,207.74,250.00,100,3.00,42.26
89271,207.85,250.00,100,3.00,42.15
89371,207.95,250.00,100,3.00,42.05
89471,208.05,250.00,100,3.00,41.95
89571,208.18,250.00,100,3.00,41.82
89671,208.27,250.00,100,3.00,41.73
89771,208.40,250.00,100,3.00,41.60
89871,208.52,250.00,100,3.00,41.48
89971,208.64,250.00,100,3.00,41.36
90071,208.75,250.00,100,3.00,41.25
90171,208.85,250.00,100,3.00,41.15
90271,208.97,250.00,100,3.00,41.03
90371,209.08,250.00,100,3.00,40.92
90471,209.19,250.00,100,3.00,40.81
90571,209.31,250.00,100,3.00,40.69
90671,209.44,250.00,100,3.00,40.56
90771,209.57,250.00,100,3.00,40.43
90871,209.68,250.00,100,3.00,40.32
90971,209.79,250.00,100,3.00,40.21
91071,209.93,250.00,100,3.00,40.07
91171,210.08,250.00,100,3.00,39.92
91271,210.21,250.00,100,3.00,39.79
91371,210.33,250.00,100,3.00,39.67
91471,210.44,250.00,100,3.00,39.56
91571,210.55,250.00,100,3.00,39.45
91671,210.68,250.00,100,3.00,39.32
91771,210.78,250.00,100,3.00,39.22
91871,210.91,250.00,100,3.00,39.09
91971,211.01,250.00,100,3.00,38.99
92071,211.14,250.00,100,3.00,38.86
92171,211.26,250.00,100,3.00,38.74
92271,211.37,250.00,100,3.00,38.63
92371,211.48,250.00,100,3.00,38.52
92471,211.62,250.00,100,3.00,38.38
92571,211.74,250.00,100,3.00,38.26
92671,211.86,250.00,100,3.00,38.14
92771,211.95,250.00,100,3.00,38.05
92871,212.07,250.00,100,3.00,37.93
92971,212.18,250.00,100,3.00,37.82
93071,212.29,250.00,100,3.00,37.71
93171,212.39,250.00,100,3.00,37.61
93271,212.48,250.00,100,3.00,37.52
93371,212.60,250.00,100,3.00,37.40
93471,212.72,250.00,100,3.00,37.28
93571,212.83,250.00,100,3.00,37.17
93671,212.95,250.00,100,3.00,37.05
93771,213.05,250.00,100,3.00,36.95
93871,213.14,250.00,100,3.00,36.86
93971,213.28,250.00,100,3.00,36.72
94071,213.38,250.00,100,3.00,36.62
94171,213.51,250.00,100,3.00,36.49
94271,213.62,250.00,100,3.00,36.38
94371,213.75,250.00,100,3.00,36.25
94471,213.87,250.00,100,3.00,36.13
94571,213.98,250.00,100,3.00,36.02
94671,214.09,250.00,100,3.00,35.91
94771,214.21,250.00,100,3.00,35.79
94871,214.31,250.00,100,3.00,35.69
94971,214.43,250.00,100,3.00,35.57
95071,214.55,250.00,100,3.00,35.45
95171,214.68,250.00,100,3.00,35.32
95271,214.79,250.00,100,3.00,35.21
95371,214.88,250.00,100,3.00,35.12
95471,215.01,250.00,100,3.00,34.99
95571,215.12,250.00,100,3.00,34.88
95671,215.25,250.00,100,3.00,34.75
95771,215.37,250.00,100,3.00,34.63
95871,215.50,250.00,100,3.00,34.50
95971,215.61,250.00,100,3.00,34.39
96071,215.76,250.00,100,3.00,34.24
96171,215.85,250.00,100,3.00,34.15
96271,215.97,250.00,100,3.00,34.03
96371,216.07,250.00,100,3.00,33.93
96471,216.15,250.00,100,3.00,33.85
96571,216.28,250.00,100,3.00,33.72
96671,216.37,250.00,100,3.00,33.63
96771,216.48,250.00,100,3.00,33.52
96871,216.57,250.00,100,3.00,33.43
96971,216.67,250.00,100,3.00,33.33
97071,216.80,250.00,100,3.00,33.20
97171,216.92,250.00,100,3.00,33.08
97271,217.05,250.00,100,3.00,32.95
97371,217.16,250.00,100,3.00,32.84
97471,217.29,250.00,100,3.00,32.71
97571,217.40,250.00,100,3.00,32.60
97671,217.50,250.00,100,3.00,32.50
97771,217.61,250.00,100,3.00,32.39
97871,217.70,250.00,100,3.00,32.30
97971,217.79,250.00,100,3.00,32.21
98071,217.89,250.00,100,3.00,32.11
98171,218.06,250.00,100,3.00,31.94
98271,218.19,250.00,100,3.00,31.81
98371,218.31,250.00,100,3.00,31.69
98471,218.42,250.00,100,3.00,31.58
98571,218.53,250.00,100,3.00,31.47
98671,218.64,250.00,100,3.00,31.36
98771,218.75,250.00,100,3.00,31.25
98871,218.89,250.00,100,3.00,31.11
98971,219.01,250.00,100,3.00,30.99
99071,219.15,250.00,100,3.00,30.85
99171,219.27,250.00,100,3.00,30.73
99271,219.39,250.00,100,3.00,30.61
99371,219.50,250.00,100,3.00,30.50
99471,219.63,250.00,100,3.00,30.37
99571,219.73,250.00,100,3.00,30.27
99671,219.87,250.00,100,3.00,30.13
99771,219.97,250.00,100,3.00,30.03
99871,220.11,250.00,100,3.00,29.89
99971,220.19,250.00,100,3.00,29.81
100071,220.29,250.00,100,3.00,29.71
100171,220.39,250.00,100,3.00,29.61
100271,220.52,250.00,100,3.00,29.48
100371,220.61,250.00,100,3.00,29.39
100471,220.74,250.00,100,3.00,29.26
100571,220.85,250.00,100,3.00,29.15
100671,220.99,250.00,100,3.00,29.01
100771,221.10,250.00,100,3.00,28.90
100871,221.24,250.00,100,3.00,28.76
100971,221.33,250.00,100,3.00,28.67
101071,221.46,250.00,100,3.00,28.54
101171,221.59,250.00,100,3.00,28.41
101271,221.70,250.00,100,3.00,28.30
101371,221.80,250.00,100,3.00,28.20
101471,221.92,250.00,100,3.00,28.08
101571,222.02,250.00,100,3.00,27.98
101671,222.09,250.00,100,3.00,27.91
101771,222.20,250.00,99,3.00,27.80
101871,222.28,250.00,100,3.00,27.72
101971,222.36,250.00,100,3.00,27.64
102071,222.44,250.00,100,3.00,27.56
102171,222.52,250.00,100,3.00,27.48
102271,222.61,250.00,100,3.00,27.39
102371,222.73,250.00,96,3.00,27.27
102471,222.81,250.00,100,3.00,27.19
102571,222.93,250.00,96,3.00,27.07
102671,223.02,250.00,99,3.00,26.98
102771,223.11,250.00,98,3.00,26.89
102871,223.20,250.00,98,3.00,26.80
102971,223.28,250.00,98,3.00,26.72
103071,223.37,250.00,96,3.00,26.63
103171,223.47,250.00,96,3.00,26.53
103271,223.56,250.00,96,3.00,26.44
103371,223.67,250.00,95,3.00,26.33
103471,223.79,250.00,92,3.00,26.21
103571,223.89,250.00,93,3.00,26.11
103671,223.99,250.00,94,3.00,26.01
103771,224.09,250.00,94,3.00,25.91
103871,224.22,250.00,90,3.00,25.78
103971,224.30,250.00,94,3.00,25.70
104071,224.41,250.00,90,3.00,25.59
104171,224.52,250.00,91,3.00,25.48
104271,224.64,250.00,89,3.00,25.36
104371,224.75,250.00,90,3.00,25.25
104471,224.85,250.00,90,3.00,25.15
104571,224.97,250.00,88,3.00,25.03
104671,225.06,250.00,90,3.00,24.94
104771,225.16,250.00,89,3.00,24.84
104871,225.24,250.00,91,3.00,24.76
104971,225.33,250.00,89,3.00,24.67
105071,225.45,250.00,86,3.00,24.55
105171,225.56,250.00,86,3.00,24.44
105271,225.65,250.00,88,3.00,24.35
105371,225.76,250.00,86,3.00,24.24
105471,225.85,250.00,86,3.00,24.15
105571,225.93,250.00,88,3.00,24.07
105671,226.03,250.00,86,3.00,23.97
105771,226.13,250.00,84,3.00,23.87
105871,226.24,250.00,83,3.00,23.76
105971,226.35,250.00,84,3.00,23.65
106071,226.43,250.00,86,3.00,23.57
106171,226.49,250.00,87,3.00,23.51
106271,226.59,250.00,84,3.00,23.41
106371,226.68,250.00,83,3.00,23.32
106471,226.78,250.00,83,3.00,23.22
106571,226.87,250.00,83,3.00,23.13
106671,227.00,250.00,78,3.00,23.00
106771,227.09,250.00,82,3.00,22.91
106871,227.17,250.00,83,3.00,22.83
106971,227.27,250.00,80,3.00,22.73
107071,227.34,250.00,83,3.00,22.66
107171,227.45,250.00,79,3.00,22.55
107271,227.56,250.00,78,3.00,22.44
107371,227.63,250.00,82,3.00,22.37
107471,227.72,250.00,80,3.00,22.28
107571,227.78,250.00,82,3.00,22.22
107671,227.87,250.00,80,3.00,22.13
107771,227.92,250.00,83,3.00,22.08
107871,228.02,250.00,78,3.00,21.98
107971,228.10,250.00,79,3.00,21.90
108071,228.20,250.00,77,3.00,21.80
108171,228.26,250.00,80,3.00,21.74
108271,228.34,250.00,78,3.00,21.66
108371,228.43,250.00,77,3.00,21.57
108471,228.49,250.00,79,3.00,21.51
108571,228.56,250.00,78,3.00,21.44
108671,228.63,250.00,79,3.00,21.37
108771,228.71,250.00,76,3.00,21.29
108871,228.76,250.00,80,3.00,21.24
108971,228.84,250.00,76,3.00,21.16
109071,228.90,250.00,78,3.00,21.10
109171,228.96,250.00,78,3.00,21.04
109271,229.05,250.00,74,3.00,20.95
109371,229.15,250.00,73,3.00,20.85
109471,229.23,250.00,74,3.00,20.77
109571,229.31,250.00,74,3.00,20.69
109671,229.38,250.00,76,3.00,20.62
109771,229.46,250.00,73,3.00,20.54
109871,229.54,250.00,74,3.00,20.46
109971,229.60,250.00,75,3.00,20.40
110071,229.67,250.00,74,3.00,20.33
110171,229.74,250.00,73,3.00,20.26
110271,229.79,250.00,76,3.00,20.21
110371,229.85,250.00,74,3.00,20.15
110471,229.91,250.00,74,3.00,20.09
110571,230.01,250.00,70,3.00,19.99
110671,230.08,250.00,72,3.00,19.92
110771,230.13,250.00,74,3.00,19.87
110871,230.18,250.00,74,3.00,19.82
110971,230.23,250.00,73,3.00,19.77
111071,230.28,250.00,74,3.00,19.72
111171,230.36,250.00,70,3.00,19.64
111271,230.42,250.00,72,3.00,19.58
111371,230.52,250.00,67,3.00,19.48
111471,230.61,250.00,69,3.00,19.39
111571,230.67,250.00,70,3.00,19.33
111671,230.75,250.00,69,3.00,19.25
111771,230.83,250.00,69,3.00,19.17
111871,230.91,250.00,68,3.00,19.09
111971,230.96,250.00,70,3.00,19.04
112071,231.01,250.00,70,3.00,18.99
112171,231.06,250.00,71,3.00,18.94
112271,231.12,250.00,69,3.00,18.88
112371,231.17,250.00,69,3.00,18.83
112471,231.21,250.00,71,3.00,18.79
112571,231.30,250.00,66,3.00,18.70
112671,231.38,250.00,65,3.00,18.62
112771,231.46,250.00,66,3.00,18.54
112871,231.52,250.00,68,3.00,18.48
112971,231.55,250.00,70,3.00,18.45
113071,231.61,250.00,67,3.00,18.39
113171,231.68,250.00,65,3.00,18.32
113271,231.73,250.00,68,3.00,18.27
113371,231.77,250.00,68,3.00,18.23
113471,231.79,250.00,71,3.00,18.21
113571,231.86,250.00,65,3.00,18.14
113671,231.94,250.00,64,3.00,18.06
113771,232.00,250.00,66,3.00,18.00
113871,232.06,250.00,65,3.00,17.94
113971,232.12,250.00,65,3.00,17.88
114071,232.16,250.00,67,3.00,17.84
114171,232.19,250.00,68,3.00,17.81
114271,232.26,250.00,64,3.00,17.74
114371,232.32,250.00,63,3.00,17.68
114471,232.34,250.00,68,3.00,17.66
114571,232.42,250.00,62,3.00,17.58
114671,232.44,250.00,68,3.00,17.56
114771,232.49,250.00,65,3.00,17.51
114871,232.53,250.00,66,3.00,17.47
114971,232.56,250.00,66,3.00,17.44
115071,232.63,250.00,62,3.00,17.37
115171,232.67,250.00,65,3.00,17.33
115271,232.70,250.00,65,3.00,17.30
115371,232.73,250.00,66,3.00,17.27
115471,232.74,250.00,67,3.00,17.26
115571,232.77,250.00,65,3.00,17.23
115671,232.81,250.00,64,3.00,17.19
115771,232.85,250.00,64,3.00,17.15
115871,232.88,250.00,65,3.00,17.12
115971,232.90,250.00,66,3.00,17.10
116071,232.93,250.00,64,3.00,17.07
116171,232.95,250.00,66,3.00,17.05
116271,233.00,250.00,63,3.00,17.00
116371,233.02,250.00,65,3.00,16.98
116471,233.04,250.00,65,3.00,16.96
116571,233.06,250.00,65,3.00,16.94
116671,233.08,250.00,65,3.00,16.92
116771,233.10,250.00,65,3.00,16.90
116871,233.13,250.00,65,3.00,16.87
116971,233.14,250.00,66,3.00,16.86
117071,233.14,250.00,67,3.00,16.86
117171,233.15,250.00,65,3.00,16.85
117271,233.16,250.00,66,3.00,16.84
117371,233.14,250.00,69,3.00,16.86
117471,233.13,250.00,68,3.00,16.87
117571,233.17,250.00,63,3.00,16.83
117671,233.21,250.00,62,3.00,16.79
117771,233.24,250.00,64,3.00,16.76
117871,233.25,250.00,66,3.00,16.75
117971,233.29,250.00,61,3.00,16.71
118071,233.31,250.00,65,3.00,16.69
118171,233.34,250.00,63,3.00,16.66
118271,233.34,250.00,66,3.00,16.66
118371,233.37,250.00,63,3.00,16.63
118471,233.34,250.00,68,3.00,16.66
118571,233.34,250.00,66,3.00,16.66
118671,233.33,250.00,67,3.00,16.67
118771,233.32,250.00,67,3.00,16.68
118871,233.31,250.00,67,3.00,16.69
118971,233.32,250.00,65,3.00,16.68
119071,233.34,250.00,64,3.00,16.66
119171,233.34,250.00,66,3.00,16.66
119271,233.35,250.00,65,3.00,16.65
119371,233.36,250.00,65,3.00,16.64
119471,233.36,250.00,66,3.00,16.64
119571,233.36,250.00,65,3.00,16.64
119671,233.36,250.00,66,3.00,16.64
119771,233.35,250.00,67,3.00,16.65
119871,233.36,250.00,65,3.00,16.64
119971,233.36,250.00,65,3.00,16.64
120071,233.37,250.00,65,3.00,16.63
120171,233.38,250.00,65,3.00,16.62
120271,233.39,250.00,64,3.00,16.61
120371,233.42,250.00,62,3.00,16.58
120471,233.40,250.00,68,3.00,16.60
120571,233.41,250.00,66,3.00,16.59
120671,233.39,250.00,68,3.00,16.61
120771,233.38,250.00,67,3.00,16.62
120871,233.36,250.00,69,3.00,16.64
120971,233.37,250.00,65,3.00,16.63
121071,233.37,250.00,65,3.00,16.63
121171,233.38,250.00,65,3.00,16.62
121271,233.37,250.00,66,3.00,16.63
121371,233.39,250.00,64,3.00,16.61
121471,233.37,250.00,68,3.00,16.63
121571,233.38,250.00,65,3.00,16.62
121671,233.38,250.00,65,3.00,16.62
121771,233.40,250.00,64,3.00,16.60
121871,233.40,250.00,66,3.00,16.60
121971,233.37,250.00,69,3.00,16.63
122071,233.36,250.00,68,3.00,16.64
122171,233.37,250.00,65,3.00,16.63
122271,233.36,250.00,66,3.00,16.64
122371,233.37,250.00,65,3.00,16.63
122471,233.36,250.00,67,3.00,16.64
122571,233.36,250.00,65,3.00,16.64
122671,233.33,250.00,69,3.00,16.67
122771,233.31,250.00,68,3.00,16.69
122871,233.30,250.00,67,3.00,16.70
122971,233.29,250.00,67,3.00,16.71
123071,233.30,250.00,66,3.00,16.70
123171,233.30,250.00,66,3.00,16.70
123271,233.31,250.00,65,3.00,16.69
123371,233.30,250.00,68,3.00,16.70
123471,233.31,250.00,65,3.00,16.69
123571,233.29,250.00,68,3.00,16.71
123671,233.28,250.00,68,3.00,16.72
123771,233.27,250.00,67,3.00,16.73
123871,233.27,250.00,67,3.00,16.73
123971,233.23,250.00,70,3.00,16.77
124071,233.24,250.00,66,3.00,16.76
124171,233.25,250.00,66,3.00,16.75
124271,233.25,250.00,67,3.00,16.75
124371,233.23,250.00,69,3.00,16.77
124471,233.22,250.00,68,3.00,16.78
124571,233.20,250.00,69,3.00,16.80
124671,233.17,250.00,69,3.00,16.83
124771,233.17,250.00,67,3.00,16.83
124871,233.15,250.00,68,3.00,16.85
124971,233.14,250.00,68,3.00,16.86
125071,233.15,250.00,66,3.00,16.85
125171,233.13,250.00,69,3.00,16.87
125271,233.12,250.00,68,3.00,16.88
125371,233.12,250.00,67,3.00,16.88
125471,233.10,250.00,69,3.00,16.90
125571,233.06,250.00,72,3.00,16.94
125671,233.04,250.00,69,3.00,16.96
125771,233.04,250.00,67,3.00,16.96
125871,233.03,250.00,68,3.00,16.97
125971,233.04,250.00,66,3.00,16.96
126071,233.01,250.00,71,3.00,16.99
126171,233.01,250.00,67,3.00,16.99
126271,233.00,250.00,68,3.00,17.00
126371,233.01,250.00,67,3.00,16.99
126471,233.00,250.00,68,3.00,17.00
126571,233.00,250.00,67,3.00,17.00
126671,233.00,250.00,68,3.00,17.00
126771,233.03,250.00,64,3.00,16.97
126871,232.98,250.00,72,3.00,17.02
126971,232.99,250.00,67,3.00,17.01
127071,232.96,250.00,70,3.00,17.04
127171,232.94,250.00,70,3.00,17.06
127271,232.93,250.00,69,3.00,17.07
127371,232.92,250.00,69,3.00,17.08
127471,232.94,250.00,66,3.00,17.06
127571,232.95,250.00,67,3.00,17.05
127671,232.98,250.00,65,3.00,17.02
127771,232.97,250.00,68,3.00,17.03
127871,232.97,250.00,68,3.00,17.03
127971,232.96,250.00,68,3.00,17.04
128071,232.98,250.00,66,3.00,17.02
128171,232.95,250.00,71,3.00,17.05
128271,232.97,250.00,66,3.00,17.03
128371,232.98,250.00,66,3.00,17.02
128471,233.00,250.00,66,3.00,17.00
128571,232.99,250.00,68,3.00,17.01
128671,232.95,250.00,71,3.00,17.05
128771,232.95,250.00,68,3.00,17.05
128871,232.93,250.00,70,3.00,17.07
128971,232.94,250.00,67,3.00,17.06
129071,232.96,250.00,66,3.00,17.04
129171,232.94,250.00,70,3.00,17.06
129271,232.93,250.00,69,3.00,17.07
129371,232.93,250.00,68,3.00,17.07
129471,232.92,250.00,69,3.00,17.08
129571,232.90,250.00,70,3.00,17.10
129671,232.89,250.00,69,3.00,17.11
129771,232.92,250.00,65,3.00,17.08
129871,232.90,250.00,70,3.00,17.10
129971,232.89,250.00,69,3.00,17.11
130071,232.85,250.00,73,3.00,17.15
130171,232.83,250.00,70,3.00,17.17
130271,232.84,250.00,67,3.00,17.16
130371,232.86,250.00,66,3.00,17.14
130471,232.85,250.00,68,3.00,17.15
130571,232.86,250.00,67,3.00,17.14
130671,232.84,250.00,70,3.00,17.16
130771,232.85,250.00,67,3.00,17.15
130871,232.83,250.00,70,3.00,17.17
130971,232.85,250.00,66,3.00,17.15
131071,232.85,250.00,68,3.00,17.15
131171,232.83,250.00,70,3.00,17.17
131271,232.82,250.00,69,3.00,17.18
131371,232.84,250.00,66,3.00,17.16
131471,232.83,250.00,69,3.00,17.17
131571,232.84,250.00,67,3.00,17.16
131671,232.79,250.00,73,3.00,17.21
131771,232.76,250.00,71,3.00,17.24
131871,232.75,250.00,70,3.00,17.25
131971,232.73,250.00,71,3.00,17.27
132071,232.71,250.00,71,3.00,17.29
132171,232.70,250.00,69,3.00,17.30
132271,232.68,250.00,71,3.00,17.32
132371,232.67,250.00,69,3.00,17.33
132471,232.68,250.00,68,3.00,17.32
132571,232.69,250.00,67,3.00,17.31
132671,232.70,250.00,68,3.00,17.30
132771,232.68,250.00,70,3.00,17.32
132871,232.69,250.00,68,3.00,17.31
132971,232.66,250.00,71,3.00,17.34
133071,232.64,250.00,71,3.00,17.36
133171,232.64,250.00,69,3.00,17.36
133271,232.61,250.00,72,3.00,17.39
133371,232.59,250.00,71,3.00,17.41
133471,232.58,250.00,71,3.00,17.42
133571,232.58,250.00,69,3.00,17.42
133671,232.60,250.00,68,3.00,17.40
133771,232.60,250.00,69,3.00,17.40
133871,232.59,250.00,71,3.00,17.41
133971,232.57,250.00,71,3.00,17.43
134071,232.53,250.00,74,3.00,17.47
134171,232.49,250.00,73,3.00,17.51
134271,232.49,250.00,70,3.00,17.51
134371,232.46,250.00,72,3.00,17.54
134471,232.44,250.00,72,3.00,17.56
134571,232.45,250.00,69,3.00,17.55
134671,232.44,250.00,71,3.00,17.56
134771,232.46,250.00,68,3.00,17.54
134871,232.45,250.00,71,3.00,17.55
134971,232.47,250.00,68,3.00,17.53
135071,232.45,250.00,71,3.00,17.55
135171,232.48,250.00,67,3.00,17.52
135271,232.49,250.00,69,3.00,17.51
135371,232.48,250.00,70,3.00,17.52
135471,232.46,250.00,72,3.00,17.54
135571,232.44,250.00,72,3.00,17.56
135671,232.45,250.00,69,3.00,17.55
135771,232.44,250.00,71,3.00,17.56
135871,232.45,250.00,69,3.00,17.55
135971,232.43,250.00,72,3.00,17.57
136071,232.41,250.00,72,3.00,17.59
136171,232.37,250.00,74,3.00,17.63
136271,232.37,250.00,70,3.00,17.63
136371,232.39,250.00,68,3.00,17.61
136471,232.40,250.00,68,3.00,17.60
136571,232.40,250.00,71,3.00,17.60
136671,232.40,250.00,69,3.00,17.60
136771,232.38,250.00,72,3.00,17.62
136871,232.38,250.00,70,3.00,17.62
136971,232.37,250.00,71,3.00,17.63
137071,232.34,250.00,72,3.00,17.66
137171,232.33,250.00,71,3.00,17.67
137271,232.32,250.00,72,3.00,17.68
137371,232.32,250.00,70,3.00,17.68
137471,232.33,250.00,69,3.00,17.67
137571,232.32,250.00,71,3.00,17.68
137671,232.29,250.00,74,3.00,17.71
137771,232.30,250.00,69,3.00,17.70
137871,232.30,250.00,70,3.00,17.70
137971,232.32,250.00,69,3.00,17.68
138071,232.31,250.00,71,3.00,17.69
138171,232.29,250.00,72,3.00,17.71
138271,232.27,250.00,73,3.00,17.73
138371,232.25,250.00,73,3.00,17.75
138471,232.24,250.00,72,3.00,17.76
138571,232.22,250.00,73,3.00,17.78
138671,232.20,250.00,72,3.00,17.80
138771,232.20,250.00,71,3.00,17.80
138871,232.18,250.00,72,3.00,17.82
138971,232.16,250.00,73,3.00,17.84
139071,232.10,250.00,77,3.00,17.90
139171,232.06,250.00,76,3.00,17.94
139271,232.01,250.00,76,3.00,17.99
139371,231.96,250.00,76,3.00,18.04
139471,231.91,250.00,77,3.00,18.09
139571,231.88,250.00,75,3.00,18.12
139671,231.80,250.00,80,3.00,18.20
139771,231.73,250.00,80,3.00,18.27
139871,231.67,250.00,78,3.00,18.33
139971,231.62,250.00,78,3.00,18.38
140071,231.60,250.00,76,3.00,18.40
140171,231.55,250.00,77,3.00,18.45
140271,231.51,250.00,78,3.00,18.49
140371,231.46,250.00,79,3.00,18.54
140471,231.41,250.00,79,3.00,18.59
140571,231.36,250.00,79,3.00,18.64
140671,231.32,250.00,78,3.00,18.68
140771,231.29,250.00,78,3.00,18.71
140871,231.26,250.00,77,3.00,18.74
140971,231.21,250.00,79,3.00,18.79
141071,231.20,250.00,76,3.00,18.80
141171,231.18,250.00,77,3.00,18.82
141271,231.18,250.00,75,3.00,18.82
141371,231.14,250.00,79,3.00,18.86
141471,231.15,250.00,74,3.00,18.85
141571,231.13,250.00,77,3.00,18.87
141671,231.13,250.00,76,3.00,18.87
141771,231.11,250.00,77,3.00,18.89
141871,231.08,250.00,77,3.00,18.92
141971,231.09,250.00,74,3.00,18.91
142071,231.09,250.00,75,3.00,18.91
142171,231.10,250.00,74,3.00,18.90
142271,231.08,250.00,77,3.00,18.92
142371,231.04,250.00,79,3.00,18.96
142471,231.05,250.00,75,3.00,18.95
142571,231.01,250.00,79,3.00,18.99
142671,231.04,250.00,73,3.00,18.96
142771,231.03,250.00,76,3.00,18.97
142871,231.05,250.00,74,3.00,18.95
142971,231.08,250.00,72,3.00,18.92
143071,231.08,250.00,75,3.00,18.92
143171,231.10,250.00,73,3.00,18.90
143271,231.12,250.00,73,3.00,18.88
143371,231.14,250.00,72,3.00,18.86
143471,231.15,250.00,74,3.00,18.85
143571,231.16,250.00,75,3.00,18.84
143671,231.21,250.00,70,3.00,18.79
143771,231.24,250.00,71,3.00,18.76
143871,231.27,250.00,72,3.00,18.73
143971,231.29,250.00,71,3.00,18.71
144071,231.33,250.00,71,3.00,18.67
144171,231.36,250.00,71,3.00,18.64
144271,231.39,250.00,71,3.00,18.61
144371,231.39,250.00,74,3.00,18.61
144471,231.38,250.00,75,3.00,18.62
144571,231.40,250.00,72,3.00,18.60
144671,231.40,250.00,74,3.00,18.60
144771,231.43,250.00,70,3.00,18.57
144871,231.44,250.00,72,3.00,18.56
144971,231.51,250.00,67,3.00,18.49
145071,231.54,250.00,70,3.00,18.46
145171,231.57,250.00,70,3.00,18.43
145271,231.61,250.00,69,3.00,18.39
145371,231.62,250.00,72,3.00,18.38
145471,231.65,250.00,71,3.00,18.35
145571,231.66,250.00,72,3.00,18.34
145671,231.70,250.00,69,3.00,18.30
145771,231.71,250.00,71,3.00,18.29
145871,231.73,250.00,71,3.00,18.27
145971,231.73,250.00,72,3.00,18.27
146071,231.73,250.00,72,3.00,18.27
146171,231.73,250.00,73,3.00,18.27
146271,231.75,250.00,70,3.00,18.25
146371,231.76,250.00,71,3.00,18.24
146471,231.75,250.00,73,3.00,18.25
146571,231.76,250.00,71,3.00,18.24
146671,231.76,250.00,72,3.00,18.24
146771,231.75,250.00,73,3.00,18.25
146871,231.75,250.00,72,3.00,18.25
146971,231.76,250.00,71,3.00,18.24
147071,231.77,250.00,71,3.00,18.23
147171,231.79,250.00,71,3.00,18.21
147271,231.79,250.00,72,3.00,18.21
147371,231.81,250.00,71,3.00,18.19
147471,231.81,250.00,73,3.00,18.19
147571,231.79,250.00,74,3.00,18.21
147671,231.78,250.00,74,3.00,18.22
147771,231.77,250.00,74,3.00,18.23
147871,231.79,250.00,69,3.00,18.21
147971,231.80,250.00,72,3.00,18.20
148071,231.80,250.00,73,3.00,18.20
148171,231.79,250.00,73,3.00,18.21
148271,231.82,250.00,70,3.00,18.18
148371,231.83,250.00,71,3.00,18.17
148471,231.84,250.00,71,3.00,18.16
148571,231.85,250.00,71,3.00,18.15
148671,231.87,250.00,70,3.00,18.13
148771,231.87,250.00,72,3.00,18.13
148871,231.88,250.00,71,3.00,18.12
148971,231.91,250.00,69,3.00,18.09
149071,231.95,250.00,67,3.00,18.05
149171,231.98,250.00,69,3.00,18.02
149271,232.02,250.00,68,3.00,17.98
149371,232.04,250.00,69,3.00,17.96
149471,232.08,250.00,67,3.00,17.92
149571,232.11,250.00,67,3.00,17.89
149671,232.17,250.00,66,3.00,17.83
149771,232.20,250.00,67,3.00,17.80
149871,232.20,250.00,71,3.00,17.80
149971,232.25,250.00,65,3.00,17.75
150071,232.29,250.00,66,3.00,17.71
150171,232.32,250.00,68,3.00,17.68
150271,232.33,250.00,69,3.00,17.67
150371,232.33,250.00,70,3.00,17.67
150471,232.39,250.00,64,3.00,17.61
150571,232.41,250.00,67,3.00,17.59
150671,232.45,250.00,67,3.00,17.55
150771,232.50,250.00,64,3.00,17.50
150871,232.52,250.00,68,3.00,17.48
150971,232.55,250.00,66,3.00,17.45
151071,232.59,250.00,65,3.00,17.41
151171,232.64,250.00,64,3.00,17.36
151271,232.72,250.00,61,3.00,17.28
151371,232.76,250.00,64,3.00,17.24
151471,232.79,250.00,66,3.00,17.21
151571,232.82,250.00,65,3.00,17.18
151671,232.84,250.00,66,3.00,17.16
151771,232.88,250.00,64,3.00,17.12
151871,232.92,250.00,64,3.00,17.08
151971,232.98,250.00,61,3.00,17.02
152071,233.01,250.00,64,3.00,16.99
152171,233.06,250.00,62,3.00,16.94
152271,233.08,250.00,66,3.00,16.92
152371,233.09,250.00,67,3.00,16.91
152471,233.11,250.00,65,3.00,16.89
152571,233.16,250.00,62,3.00,16.84
152671,233.19,250.00,64,3.00,16.81
152771,233.20,250.00,65,3.00,16.80
152871,233.24,250.00,63,3.00,16.76
152971,233.25,250.00,66,3.00,16.75
153071,233.22,250.00,69,3.00,16.78
153171,233.24,250.00,64,3.00,16.76
153271,233.24,250.00,67,3.00,16.76
153371,233.27,250.00,64,3.00,16.73
153471,233.30,250.00,64,3.00,16.70
153571,233.33,250.00,63,3.00,16.67
153671,233.35,250.00,64,3.00,16.65
153771,233.36,250.00,65,3.00,16.64
153871,233.38,250.00,64,3.00,16.62
153971,233.38,250.00,65,3.00,16.62
154071,233.42,250.00,62,3.00,16.58
154171,233.44,250.00,64,3.00,16.56
154271,233.48,250.00,62,3.00,16.52
154371,233.47,250.00,66,3.00,16.53
154471,233.48,250.00,65,3.00,16.52
154571,233.52,250.00,61,3.00,16.48
154671,233.54,250.00,63,3.00,16.46
154771,233.55,250.00,64,3.00,16.45
154871,233.56,250.00,64,3.00,16.44
154971,233.57,250.00,65,3.00,16.43
155071,233.58,250.00,64,3.00,16.42
155171,233.60,250.00,64,3.00,16.40
155271,233.63,250.00,62,3.00,16.37
155371,233.63,250.00,65,3.00,16.37
155471,233.64,250.00,64,3.00,16.36
155571,233.67,250.00,62,3.00,16.33
155671,233.68,250.00,63,3.00,16.32
155771,233.73,250.00,60,3.00,16.27
155871,233.75,250.00,63,3.00,16.25
155971,233.78,250.00,62,3.00,16.22
156071,233.78,250.00,64,3.00,16.22
156171,233.79,250.00,64,3.00,16.21
156271,233.81,250.00,62,3.00,16.19
156371,233.84,250.00,61,3.00,16.16
156471,233.84,250.00,64,3.00,16.16
156571,233.85,250.00,63,3.00,16.15
156671,233.88,250.00,61,3.00,16.12
156771,233.93,250.00,58,3.00,16.07
156871,233.98,250.00,59,3.00,16.02
156971,234.01,250.00,61,3.00,15.99
157071,234.06,250.00,58,3.00,15.94
157171,234.06,250.00,64,3.00,15.94
157271,234.06,250.00,64,3.00,15.94
157371,234.06,250.00,62,3.00,15.94
157471,234.11,250.00,58,3.00,15.89
157571,234.16,250.00,58,3.00,15.84
157671,234.14,250.00,65,3.00,15.86
157771,234.17,250.00,60,3.00,15.83
157871,234.20,250.00,59,3.00,15.80
157971,234.23,250.00,60,3.00,15.77
158071,234.24,250.00,62,3.00,15.76
158171,234.26,250.00,61,3.00,15.74
158271,234.32,250.00,56,3.00,15.68
158371,234.36,250.00,58,3.00,15.64
158471,234.35,250.00,63,3.00,15.65
158571,234.35,250.00,61,3.00,15.65
158671,234.37,250.00,60,3.00,15.63
158771,234.39,250.00,60,3.00,15.61
158871,234.41,250.00,59,3.00,15.59
158971,234.46,250.00,57,3.00,15.54
159071,234.46,250.00,61,3.00,15.54
159171,234.47,250.00,61,3.00,15.53
159271,234.49,250.00,60,3.00,15.51
159371,234.51,250.00,59,3.00,15.49
159471,234.54,250.00,58,3.00,15.46
159571,234.52,250.00,64,3.00,15.48
159671,234.56,250.00,58,3.00,15.44
159771,234.57,250.00,59,3.00,15.43
159871,234.59,250.00,60,3.00,15.41
159971,234.62,250.00,57,3.00,15.38
160071,234.63,250.00,61,3.00,15.37
160171,234.59,250.00,65,3.00,15.41
160271,234.59,250.00,61,3.00,15.41
160371,234.61,250.00,60,3.00,15.39
160471,234.62,250.00,60,3.00,15.38
160571,234.64,250.00,59,3.00,15.36
160671,234.63,250.00,62,3.00,15.37
160771,234.65,250.00,59,3.00,15.35
160871,234.65,250.00,61,3.00,15.35
160971,234.68,250.00,58,3.00,15.32
161071,234.69,250.00,59,3.00,15.31
161171,234.69,250.00,61,3.00,15.31
161271,234.71,250.00,58,3.00,15.29
161371,234.71,250.00,61,3.00,15.29
161471,234.71,250.00,60,3.00,15.29
161571,234.71,250.00,60,3.00,15.29
161671,234.72,250.00,59,3.00,15.28
161771,234.77,250.00,56,3.00,15.23
161871,234.72,250.00,65,3.00,15.28
161971,234.72,250.00,60,3.00,15.28
162071,234.74,250.00,59,3.00,15.26
162171,234.75,250.00,59,3.00,15.25
162271,234.77,250.00,58,3.00,15.23
162371,234.75,250.00,62,3.00,15.25
162471,234.78,250.00,57,3.00,15.22
162571,234.74,250.00,65,3.00,15.26
162671,234.71,250.00,64,3.00,15.29
162771,234.70,250.00,61,3.00,15.30
162871,234.69,250.00,61,3.00,15.31
162971,234.71,250.00,59,3.00,15.29
163071,234.73,250.00,58,3.00,15.27
163171,234.75,250.00,58,3.00,15.25
163271,234.76,250.00,60,3.00,15.24
163371,234.80,250.00,56,3.00,15.20
163471,234.78,250.00,62,3.00,15.22
163571,234.79,250.00,60,3.00,15.21
163671,234.78,250.00,61,3.00,15.22
163771,234.77,250.00,62,3.00,15.23
163871,234.81,250.00,57,3.00,15.19
163971,234.83,250.00,58,3.00,15.17
164071,234.85,250.00,58,3.00,15.15
164171,234.88,250.00,57,3.00,15.12
164271,234.87,250.00,61,3.00,15.13
164371,234.88,250.00,58,3.00,15.12
164471,234.88,250.00,60,3.00,15.12
164571,234.88,250.00,60,3.00,15.12
164671,234.89,250.00,58,3.00,15.11
164771,234.89,250.00,60,3.00,15.11
164871,234.89,250.00,59,3.00,15.11
164971,234.88,250.00,62,3.00,15.12
165071,234.91,250.00,56,3.00,15.09
165171,234.93,250.00,59,3.00,15.07
165271,234.94,250.00,59,3.00,15.06
165371,234.93,250.00,61,3.00,15.07
165471,234.95,250.00,58,3.00,15.05
165571,234.94,250.00,61,3.00,15.06
165671,234.93,250.00,61,3.00,15.07
165771,234.93,250.00,60,3.00,15.07
165871,234.91,250.00,62,3.00,15.09
165971,234.94,250.00,56,3.00,15.06
166071,234.96,250.00,58,3.00,15.04
166171,234.97,250.00,59,3.00,15.03
166271,234.94,250.00,63,3.00,15.06
166371,234.93,250.00,61,3.00,15.07
166471,234.94,250.00,59,3.00,15.06
166571,234.94,250.00,60,3.00,15.06
166671,234.92,250.00,62,3.00,15.08
166771,234.89,250.00,63,3.00,15.11
166871,234.91,250.00,58,3.00,15.09
166971,234.90,250.00,61,3.00,15.10
167071,234.87,250.00,63,3.00,15.13
167171,234.87,250.00,60,3.00,15.13
167271,234.90,250.00,57,3.00,15.10
167371,234.91,250.00,58,3.00,15.09
167471,234.90,250.00,61,3.00,15.10
167571,234.89,250.00,62,3.00,15.11
167671,234.86,250.00,63,3.00,15.14
167771,234.86,250.00,60,3.00,15.14
167871,234.87,250.00,59,3.00,15.13
167971,234.87,250.00,60,3.00,15.13
168071,234.89,250.00,57,3.00,15.11
168171,234.91,250.00,58,3.00,15.09
168271,234.91,250.00,60,3.00,15.09
168371,234.91,250.00,60,3.00,15.09
168471,234.92,250.00,60,3.00,15.08
168571,234.90,250.00,62,3.00,15.10
168671,234.89,250.00,61,3.00,15.11
168771,234.88,250.00,62,3.00,15.12
168871,234.88,250.00,59,3.00,15.12
168971,234.91,250.00,57,3.00,15.09
169071,234.88,250.00,63,3.00,15.12
169171,234.88,250.00,60,3.00,15.12
169271,234.87,250.00,60,3.00,15.13
169371,234.89,250.00,58,3.00,15.11
169471,234.92,250.00,57,3.00,15.08
169571,234.91,250.00,61,3.00,15.09
169671,234.93,250.00,57,3.00,15.07
169771,234.92,250.00,61,3.00,15.08
169871,234.90,250.00,62,3.00,15.10
169971,234.93,250.00,57,3.00,15.07
170071,234.90,250.00,63,3.00,15.10
170171,234.91,250.00,58,3.00,15.09
170271,234.93,250.00,59,3.00,15.07
170371,234.92,250.00,61,3.00,15.08
170471,234.94,250.00,57,3.00,15.06
170571,234.93,250.00,61,3.00,15.07
170671,234.92,250.00,61,3.00,15.08
170771,234.91,250.00,61,3.00,15.09
170871,234.94,250.00,57,3.00,15.06
170971,234.95,250.00,59,3.00,15.05
171071,234.96,250.00,59,3.00,15.04
171171,234.93,250.00,62,3.00,15.07
171271,234.94,250.00,60,3.00,15.06
171371,234.98,250.00,55,3.00,15.02
171471,234.98,250.00,59,3.00,15.02
171571,235.00,250.00,58,3.00,15.00
171671,234.98,250.00,61,3.00,15.02
171771,234.99,250.00,59,3.00,15.01
171871,234.95,250.00,63,3.00,15.05
171971,234.93,250.00,62,3.00,15.07
172071,234.93,250.00,60,3.00,15.07
172171,234.91,250.00,62,3.00,15.09
172271,234.91,250.00,61,3.00,15.09
172371,234.92,250.00,58,3.00,15.08
172471,234.92,250.00,60,3.00,15.08
172571,234.91,250.00,61,3.00,15.09
172671,234.89,250.00,63,3.00,15.11
172771,234.85,250.00,64,3.00,15.15
172871,234.83,250.00,62,3.00,15.17
172971,234.84,250.00,59,3.00,15.16
173071,234.83,250.00,61,3.00,15.17
173171,234.81,250.00,62,3.00,15.19
173271,234.77,250.00,64,3.00,15.23
173371,234.77,250.00,61,3.00,15.23
173471,234.73,250.00,65,3.00,15.27
173571,234.72,250.00,62,3.00,15.28
173671,234.72,250.00,60,3.00,15.28
173771,234.70,250.00,63,3.00,15.30
173871,234.69,250.00,61,3.00,15.31
173971,234.68,250.00,62,3.00,15.32
174071,234.67,250.00,61,3.00,15.33
174171,234.66,250.00,62,3.00,15.34
174271,234.63,250.00,64,3.00,15.37
174371,234.63,250.00,61,3.00,15.37
174471,234.63,250.00,61,3.00,15.37
174571,234.63,250.00,61,3.00,15.37
174671,234.63,250.00,61,3.00,15.37
174771,234.61,250.00,63,3.00,15.39
174871,234.61,250.00,61,3.00,15.39
174971,234.59,250.00,63,3.00,15.41
175071,234.56,250.00,65,3.00,15.44
175171,234.56,250.00,62,3.00,15.44
175271,234.52,250.00,65,3.00,15.48
175371,234.49,250.00,64,3.00,15.51
175471,234.48,250.00,63,3.00,15.52
175571,234.47,250.00,62,3.00,15.53
175671,234.48,250.00,61,3.00,15.52
175771,234.50,250.00,60,3.00,15.50
175871,234.50,250.00,61,3.00,15.50
175971,234.51,250.00,60,3.00,15.49
176071,234.50,250.00,62,3.00,15.50
176171,234.50,250.00,62,3.00,15.50
176271,234.49,250.00,62,3.00,15.51
176371,234.49,250.00,62,3.00,15.51
176471,234.51,250.00,59,3.00,15.49
176571,234.52,250.00,60,3.00,15.48
176671,234.54,250.00,59,3.00,15.46
176771,234.54,250.00,61,3.00,15.46
176871,234.52,250.00,64,3.00,15.48
176971,234.49,250.00,64,3.00,15.51
177071,234.48,250.00,63,3.00,15.52
177171,234.50,250.00,59,3.00,15.50
177271,234.51,250.00,61,3.00,15.49
177371,234.51,250.00,61,3.00,15.49
177471,234.49,250.00,63,3.00,15.51
177571,234.47,250.00,64,3.00,15.53
177671,234.45,250.00,63,3.00,15.55
177771,234.45,250.00,62,3.00,15.55
177871,234.44,250.00,63,3.00,15.56
177971,234.43,250.00,63,3.00,15.57
178071,234.45,250.00,60,3.00,15.55
178171,234.45,250.00,62,3.00,15.55
178271,234.48,250.00,59,3.00,15.52
178371,234.49,250.00,60,3.00,15.51
178471,234.48,250.00,63,3.00,15.52
178571,234.51,250.00,58,3.00,15.49
178671,234.51,250.00,61,3.00,15.49
178771,234.52,250.00,61,3.00,15.48
178871,234.51,250.00,62,3.00,15.49
178971,234.50,250.00,62,3.00,15.50
179071,234.50,250.00,61,3.00,15.50
179171,234.49,250.00,63,3.00,15.51
179271,234.51,250.00,59,3.00,15.49
179371,234.52,250.00,60,3.00,15.48
179471,234.55,250.00,59,3.00,15.45
179571,234.52,250.00,64,3.00,15.48
179671,234.51,250.00,62,3.00,15.49
179771,234.52,250.00,61,3.00,15.48
179871,234.52,250.00,61,3.00,15.48
179971,234.55,250.00,58,3.00,15.45
180071,234.55,250.00,61,3.00,15.45
180171,234.57,250.00,59,3.00,15.43
180271,234.55,250.00,63,3.00,15.45
180371,234.54,250.00,63,3.00,15.46
180471,234.54,250.00,61,3.00,15.46
180571,234.55,250.00,60,3.00,15.45
180671,234.58,250.00,58,3.00,15.42
180771,234.60,250.00,60,3.00,15.40
180871,234.59,250.00,62,3.00,15.41
180971,234.61,250.00,59,3.00,15.39
181071,234.61,250.00,62,3.00,15.39
181171,234.59,250.00,63,3.00,15.41
181271,234.58,250.00,62,3.00,15.42
181371,234.61,250.00,59,3.00,15.39
181471,234.61,250.00,61,3.00,15.39
181571,234.63,250.00,59,3.00,15.37
181671,234.61,250.00,63,3.00,15.39
181771,234.61,250.00,62,3.00,15.39
181871,234.62,250.00,60,3.00,15.38
181971,234.62,250.00,61,3.00,15.38
182071,234.62,250.00,61,3.00,15.38
182171,234.61,250.00,62,3.00,15.39
182271,234.62,250.00,61,3.00,15.38
182371,234.59,250.00,64,3.00,15.41
182471,234.57,250.00,63,3.00,15.43
182571,234.56,250.00,63,3.00,15.44
182671,234.56,250.00,62,3.00,15.44
182771,234.59,250.00,57,3.00,15.41
182871,234.61,250.00,60,3.00,15.39
182971,234.61,250.00,61,3.00,15.39
183071,234.62,250.00,60,3.00,15.38
183171,234.61,250.00,62,3.00,15.39
183271,234.61,250.00,62,3.00,15.39
183371,234.60,250.00,62,3.00,15.40
183471,234.63,250.00,58,3.00,15.37
183571,234.64,250.00,60,3.00,15.36
183671,234.66,250.00,59,3.00,15.34
183771,234.65,250.00,62,3.00,15.35
183871,234.64,250.00,62,3.00,15.36
183971,234.67,250.00,58,3.00,15.33
184071,234.70,250.00,58,3.00,15.30
184171,234.71,250.00,59,3.00,15.29
184271,234.70,250.00,61,3.00,15.30
184371,234.73,250.00,58,3.00,15.27
184471,234.72,250.00,62,3.00,15.28
184571,234.71,250.00,61,3.00,15.29
184671,234.72,250.00,59,3.00,15.28
184771,234.70,250.00,63,3.00,15.30
184871,234.72,250.00,59,3.00,15.28
184971,234.73,250.00,59,3.00,15.27
185071,234.75,250.00,58,3.00,15.25
185171,234.76,250.00,60,3.00,15.24
185271,234.76,250.00,61,3.00,15.24
185371,234.77,250.00,60,3.00,15.23
185471,234.76,250.00,61,3.00,15.24
185571,234.79,250.00,58,3.00,15.21
185671,234.75,250.00,64,3.00,15.25
185771,234.77,250.00,59,3.00,15.23
185871,234.76,250.00,62,3.00,15.24
185971,234.75,250.00,62,3.00,15.25
186071,234.75,250.00,61,3.00,15.25
186171,234.76,250.00,60,3.00,15.24
186271,234.75,250.00,61,3.00,15.25
186371,234.74,250.00,62,3.00,15.26
186471,234.74,250.00,61,3.00,15.26
186571,234.71,250.00,64,3.00,15.29
186671,234.73,250.00,58,3.00,15.27
186771,234.75,250.00,58,3.00,15.25
186871,234.73,250.00,63,3.00,15.27
186971,234.76,250.00,57,3.00,15.24
187071,234.77,250.00,60,3.00,15.23
187171,234.79,250.00,59,3.00,15.21
187271,234.83,250.00,56,3.00,15.17
187371,234.83,250.00,60,3.00,15.17
187471,234.86,250.00,58,3.00,15.14
187571,234.85,250.00,60,3.00,15.15
187671,234.88,250.00,57,3.00,15.12
187771,234.86,250.00,63,3.00,15.14
187871,234.85,250.00,61,3.00,15.15
187971,234.82,250.00,62,3.00,15.18
188071,234.82,250.00,61,3.00,15.18
188171,234.81,250.00,61,3.00,15.19
188271,234.84,250.00,57,3.00,15.16
188371,234.85,250.00,59,3.00,15.15
188471,234.84,250.00,61,3.00,15.16
188571,234.85,250.00,59,3.00,15.15
188671,234.84,250.00,61,3.00,15.16
188771,234.85,250.00,59,3.00,15.15
188871,234.83,250.00,62,3.00,15.17
188971,234.83,250.00,60,3.00,15.17
189071,234.86,250.00,57,3.00,15.14
189171,234.87,250.00,59,3.00,15.13
189271,234.86,250.00,61,3.00,15.14
189371,234.87,250.00,58,3.00,15.13
189471,234.87,250.00,60,3.00,15.13
189571,234.85,250.00,62,3.00,15.15
189671,234.88,250.00,57,3.00,15.12
189771,234.90,250.00,57,3.00,15.10
189871,234.87,250.00,64,3.00,15.13
189971,234.86,250.00,60,3.00,15.14
190071,234.83,250.00,63,3.00,15.17
190171,234.82,250.00,61,3.00,15.18
190271,234.84,250.00,58,3.00,15.16
190371,234.86,250.00,58,3.00,15.14
190471,234.88,250.00,58,3.00,15.12
190571,234.87,250.00,61,3.00,15.13
190671,234.90,250.00,57,3.00,15.10
190771,234.88,250.00,62,3.00,15.12
190871,234.87,250.00,61,3.00,15.13
190971,234.88,250.00,58,3.00,15.12
191071,234.87,250.00,61,3.00,15.13
191171,234.91,250.00,56,3.00,15.09
191271,234.92,250.00,58,3.00,15.08
191371,234.94,250.00,57,3.00,15.06
191471,234.94,250.00,60,3.00,15.06
191571,234.93,250.00,61,3.00,15.07
191671,234.93,250.00,60,3.00,15.07
191771,234.93,250.00,60,3.00,15.07
191871,234.95,250.00,58,3.00,15.05
191971,234.96,250.00,59,3.00,15.04
192071,234.98,250.00,58,3.00,15.02
192171,234.96,250.00,62,3.00,15.04
192271,234.96,250.00,60,3.00,15.04
192371,234.93,250.00,62,3.00,15.07
192471,234.94,250.00,59,3.00,15.06
192571,234.95,250.00,59,3.00,15.05
192671,234.93,250.00,62,3.00,15.07
192771,234.95,250.00,58,3.00,15.05
192871,234.93,250.00,62,3.00,15.07
192971,234.91,250.00,62,3.00,15.09
193071,234.92,250.00,60,3.00,15.08
193171,234.91,250.00,61,3.00,15.09
193271,234.89,250.00,62,3.00,15.11
193371,234.91,250.00,58,3.00,15.09
193471,234.92,250.00,58,3.00,15.08
193571,234.90,250.00,62,3.00,15.10
193671,234.89,250.00,62,3.00,15.11
193771,234.89,250.00,59,3.00,15.11
193871,234.90,250.00,59,3.00,15.10
193971,234.89,250.00,61,3.00,15.11
194071,234.90,250.00,59,3.00,15.10
194171,234.91,250.00,58,3.00,15.09
194271,234.90,250.00,61,3.00,15.10
194371,234.90,250.00,61,3.00,15.10
194471,234.92,250.00,57,3.00,15.08
194571,234.95,250.00,56,3.00,15.05
194671,234.98,250.00,57,3.00,15.02
194771,234.97,250.00,61,3.00,15.03
194871,235.00,250.00,57,3.00,15.00
194971,234.98,250.00,61,3.00,15.02
195071,234.95,250.00,63,3.00,15.05
195171,234.96,250.00,59,3.00,15.04
195271,234.93,250.00,62,3.00,15.07
195371,234.95,250.00,59,3.00,15.05
195471,234.95,250.00,59,3.00,15.05
195571,234.97,250.00,58,3.00,15.03
195671,234.96,250.00,61,3.00,15.04
195771,234.96,250.00,60,3.00,15.04
195871,234.98,250.00,58,3.00,15.02
195971,234.97,250.00,60,3.00,15.03
196071,234.97,250.00,60,3.00,15.03
196171,234.95,250.00,62,3.00,15.05
196271,234.94,250.00,61,3.00,15.06
196371,234.93,250.00,61,3.00,15.07
196471,234.93,250.00,60,3.00,15.07
196571,234.94,250.00,59,3.00,15.06
196671,234.97,250.00,57,3.00,15.03
196771,235.00,250.00,57,3.00,15.00
196871,235.00,250.00,59,3.00,15.00
196971,235.03,250.00,57,3.00,14.97
197071,235.03,250.00,60,3.00,14.97
197171,235.02,250.00,61,3.00,14.98
197271,235.04,250.00,58,3.00,14.96
197371,235.02,250.00,63,3.00,14.98
197471,234.99,250.00,62,3.00,15.01
197571,234.93,250.00,66,3.00,15.07
197671,234.86,250.00,67,3.00,15.14
197771,234.85,250.00,61,3.00,15.15
197871,234.78,250.00,67,3.00,15.22
197971,234.75,250.00,64,3.00,15.25
198071,234.72,250.00,64,3.00,15.28
198171,234.69,250.00,64,3.00,15.31
198271,234.68,250.00,61,3.00,15.32
198371,234.66,250.00,63,3.00,15.34
198471,234.63,250.00,64,3.00,15.37
198571,234.62,250.00,62,3.00,15.38
198671,234.62,250.00,61,3.00,15.38
198771,234.63,250.00,60,3.00,15.37
198871,234.61,250.00,63,3.00,15.39
198971,234.59,250.00,63,3.00,15.41
199071,234.62,250.00,59,3.00,15.38
199171,234.61,250.00,62,3.00,15.39
199271,234.61,250.00,61,3.00,15.39
199371,234.61,250.00,61,3.00,15.39
199471,234.63,250.00,60,3.00,15.37
199571,234.63,250.00,61,3.00,15.37
199671,234.65,250.00,59,3.00,15.35
199771,234.66,250.00,60,3.00,15.34
199871,234.68,250.00,59,3.00,15.32
199971,234.66,250.00,62,3.00,15.34
200071,234.64,250.00,63,3.00,15.36
200171,234.64,250.00,61,3.00,15.36
200271,234.68,250.00,57,3.00,15.32
200371,234.63,250.00,65,3.00,15.37
200471,234.59,250.00,65,3.00,15.41
200571,234.59,250.00,62,3.00,15.41
200671,234.58,250.00,62,3.00,15.42
200771,234.58,250.00,62,3.00,15.42
200871,234.60,250.00,58,3.00,15.40
200971,234.62,250.00,60,3.00,15.38
201071,234.61,250.00,62,3.00,15.39
201171,234.64,250.00,58,3.00,15.36
201271,234.63,250.00,62,3.00,15.37
201371,234.63,250.00,61,3.00,15.37
201471,234.64,250.00,60,3.00,15.36
201571,234.63,250.00,62,3.00,15.37
201671,234.64,250.00,60,3.00,15.36
201771,234.65,250.00,60,3.00,15.35
201871,234.67,250.00,59,3.00,15.33
201971,234.66,250.00,62,3.00,15.34
202071,234.65,250.00,61,3.00,15.35
202171,234.67,250.00,59,3.00,15.33
202271,234.67,250.00,61,3.00,15.33
202371,234.71,250.00,57,3.00,15.29
202471,234.69,250.00,62,3.00,15.31
202571,234.67,250.00,62,3.00,15.33
202671,234.68,250.00,60,3.00,15.32
202771,234.79,250.00,50,3.00,15.21
202871,234.85,250.00,53,3.00,15.15
202971,234.89,250.00,56,3.00,15.11
203071,234.93,250.00,56,3.00,15.07
203171,234.95,250.00,58,3.00,15.05
203271,234.98,250.00,57,3.00,15.02
203371,235.01,250.00,57,3.00,14.99
203471,235.02,250.00,58,3.00,14.98
203571,235.01,250.00,61,3.00,14.99
203671,235.05,250.00,57,3.00,14.95
203771,235.07,250.00,58,3.00,14.93
203871,235.10,250.00,58,3.00,14.90
203971,235.13,250.00,57,3.00,14.87
204071,235.16,250.00,57,3.00,14.84
204171,235.17,250.00,60,3.00,14.83
204271,235.20,250.00,58,3.00,14.80
204371,235.21,250.00,60,3.00,14.79
204471,235.22,250.00,61,3.00,14.78
204571,235.23,250.00,60,3.00,14.77
204671,235.25,250.00,59,3.00,14.75
204771,235.25,250.00,62,3.00,14.75
204871,235.24,250.00,63,3.00,14.76
204971,235.24,250.00,62,3.00,14.76
205071,235.26,250.00,60,3.00,14.74
205171,235.26,250.00,63,3.00,14.74
205271,235.25,250.00,64,3.00,14.75
205371,235.28,250.00,60,3.00,14.72
205471,235.29,250.00,63,3.00,14.71
205571,235.27,250.00,65,3.00,14.73
205671,235.26,250.00,65,3.00,14.74
205771,235.27,250.00,63,3.00,14.73
205871,235.26,250.00,65,3.00,14.74
205971,235.26,250.00,65,3.00,14.74
206071,235.25,250.00,66,3.00,14.75
206171,235.26,250.00,64,3.00,14.74
206271,235.41,250.00,49,3.00,14.59
206371,235.54,250.00,51,3.00,14.46
206471,235.64,250.00,53,3.00,14.36
206571,235.73,250.00,55,3.00,14.27
206671,235.83,250.00,54,3.00,14.17
206771,235.92,250.00,54,3.00,14.08
206871,235.97,250.00,59,3.00,14.03
206971,236.01,250.00,59,3.00,13.99
207071,236.09,250.00,56,3.00,13.91
207171,236.17,250.00,55,3.00,13.83
207271,236.24,250.00,57,3.00,13.76
207371,236.28,250.00,59,3.00,13.72
207471,236.32,250.00,59,3.00,13.68
207571,236.35,250.00,61,3.00,13.65
207671,236.39,250.00,60,3.00,13.61
207771,236.42,250.00,60,3.00,13.58
207871,236.41,250.00,64,3.00,13.59
207971,236.44,250.00,61,3.00,13.56
208071,236.44,250.00,65,3.00,13.56
208171,236.45,250.00,63,3.00,13.55
208271,236.48,250.00,62,3.00,13.52
208371,236.48,250.00,64,3.00,13.52
208471,236.50,250.00,63,3.00,13.50
208571,236.50,250.00,65,3.00,13.50
208671,236.53,250.00,62,3.00,13.47
208771,236.54,250.00,65,3.00,13.46
208871,236.57,250.00,62,3.00,13.43
208971,236.57,250.00,66,3.00,13.43
209071,236.56,250.00,66,3.00,13.44
209171,236.58,250.00,63,3.00,13.42
209271,236.59,250.00,65,3.00,13.41
209371,236.59,250.00,66,3.00,13.41
209471,236.58,250.00,67,3.00,13.42
209571,236.61,250.00,64,3.00,13.39
209671,236.60,250.00,67,3.00,13.40
209771,236.58,250.00,69,3.00,13.42
209871,236.57,250.00,68,3.00,13.43
209971,236.56,250.00,68,3.00,13.44
210071,236.57,250.00,67,3.00,13.43
210171,236.57,250.00,68,3.00,13.43
210271,236.56,250.00,69,3.00,13.44
210371,236.58,250.00,67,3.00,13.42
210471,236.58,250.00,68,3.00,13.42
210571,236.56,250.00,71,3.00,13.44
210671,236.55,250.00,70,3.00,13.45
210771,236.52,250.00,72,3.00,13.48
210871,236.53,250.00,69,3.00,13.47
210971,236.53,250.00,70,3.00,13.47
211071,236.50,250.00,72,3.00,13.50
211171,236.46,250.00,75,3.00,13.54
211271,236.46,250.00,70,3.00,13.54
211371,236.47,250.00,70,3.00,13.53
211471,236.49,250.00,68,3.00,13.51
211571,236.48,250.00,72,3.00,13.52
211671,236.51,250.00,68,3.00,13.49
211771,236.51,250.00,72,3.00,13.49
211871,236.50,250.00,73,3.00,13.50
211971,236.50,250.00,72,3.00,13.50
212071,236.48,250.00,73,3.00,13.52
212171,236.52,250.00,69,3.00,13.48
212271,236.52,250.00,72,3.00,13.48
212371,236.53,250.00,72,3.00,13.47
212471,236.55,250.00,71,3.00,13.45
212571,236.54,250.00,73,3.00,13.46
212671,236.55,250.00,72,3.00,13.45
212771,236.54,250.00,74,3.00,13.46
212871,236.53,250.00,75,3.00,13.47
212971,236.48,250.00,78,3.00,13.52
213071,236.53,250.00,69,3.00,13.47
213171,236.40,250.00,89,3.00,13.60
213271,236.61,250.00,53,3.00,13.39
213371,236.77,250.00,57,3.00,13.23
213471,236.95,250.00,56,3.00,13.05
213571,237.03,250.00,65,3.00,12.97
213671,236.86,250.00,91,3.00,13.14
213771,236.73,250.00,88,3.00,13.27
213871,236.59,250.00,89,3.00,13.41
213971,236.48,250.00,87,3.00,13.52
214071,236.37,250.00,88,3.00,13.63
214171,236.25,250.00,88,3.00,13.75
214271,236.17,250.00,86,3.00,13.83
214371,236.12,250.00,83,3.00,13.88
214471,236.09,250.00,82,3.00,13.91
214571,236.15,250.00,72,3.00,13.85
214671,236.03,250.00,91,3.00,13.97
214771,235.95,250.00,87,3.00,14.05
214871,235.86,250.00,89,3.00,14.14
214971,235.77,250.00,90,3.00,14.23
215071,235.74,250.00,84,3.00,14.26
215171,235.68,250.00,88,3.00,14.32
215271,235.71,250.00,79,3.00,14.29
215371,235.77,250.00,75,3.00,14.23
215471,235.85,250.00,74,3.00,14.15
215571,236.04,250.00,62,3.00,13.96
215671,236.12,250.00,72,3.00,13.88
215771,236.20,250.00,73,3.00,13.80
215871,236.20,250.00,81,3.00,13.80
215971,236.27,250.00,74,3.00,13.73
216071,236.24,250.00,84,3.00,13.76
216171,236.25,250.00,80,3.00,13.75
216271,236.25,250.00,82,3.00,13.75
216371,236.32,250.00,74,3.00,13.68
216471,236.36,250.00,78,3.00,13.64
216571,236.26,250.00,92,3.00,13.74
216671,236.26,250.00,82,3.00,13.74
216771,236.21,250.00,88,3.00,13.79
216871,236.20,250.00,84,3.00,13.80
216971,236.18,250.00,86,3.00,13.82
217071,236.21,250.00,80,3.00,13.79
217171,236.21,250.00,83,3.00,13.79
217271,236.25,250.00,80,3.00,13.75
217371,236.26,250.00,84,3.00,13.74
217471,236.26,250.00,84,3.00,13.74
217571,236.27,250.00,83,3.00,13.73
217671,236.29,250.00,82,3.00,13.71
217771,236.30,250.00,84,3.00,13.70
217871,236.30,250.00,85,3.00,13.70
217971,236.30,250.00,85,3.00,13.70
218071,236.28,250.00,87,3.00,13.72
218171,236.24,250.00,89,3.00,13.76
218271,236.23,250.00,88,3.00,13.77
218371,236.24,250.00,84,3.00,13.76
2172,221.94,250.00,100,3.00,28.06
2271,221.90,250.00,100,3.00,28.10
2371,221.72,250.00,100,3.00,28.28
2471,221.53,250.00,100,3.00,28.47
2571,221.37,250.00,100,3.00,28.63
2671,221.20,250.00,100,3.00,28.80
2771,221.07,250.00,100,3.00,28.93
2871,220.92,250.00,100,3.00,29.08
2971,220.79,250.00,100,3.00,29.21
3071,220.64,250.00,100,3.00,29.36
3171,220.49,250.00,100,3.00,29.51
3271,220.35,250.00,100,3.00,29.65
3371,220.19,250.00,100,3.00,29.81
3471,220.04,250.00,100,3.00,29.96
3571,219.90,250.00,100,3.00,30.10
3671,219.80,250.00,100,3.00,30.20
3771,219.69,250.00,100,3.00,30.31
3871,219.58,250.00,100,3.00,30.42
3971,219.45,250.00,100,3.00,30.55
4071,219.31,250.00,100,3.00,30.69
4171,219.19,250.00,100,3.00,30.81
4271,219.07,250.00,100,3.00,30.93
4371,218.95,250.00,100,3.00,31.05
4471,218.86,250.00,100,3.00,31.14
4571,218.79,250.00,100,3.00,31.21
4671,218.70,250.00,100,3.00,31.30
4771,218.59,250.00,100,3.00,31.41
4871,218.51,250.00,100,3.00,31.49
4971,218.43,250.00,100,3.00,31.57
5071,218.35,250.00,100,3.00,31.65
5171,218.26,250.00,100,3.00,31.74
5271,218.18,250.00,100,3.00,31.82
5371,218.09,250.00,100,3.00,31.91
5471,217.97,250.00,100,3.00,32.03
5571,217.84,250.00,100,3.00,32.16
5671,217.75,250.00,100,3.00,32.25
5771,217.66,250.00,100,3.00,32.34
5871,217.59,250.00,100,3.00,32.41
5971,217.50,250.00,100,3.00,32.50
6071,217.40,250.00,100,3.00,32.60
6171,217.30,250.00,100,3.00,32.70
6271,217.22,250.00,100,3.00,32.78
6371,217.15,250.00,100,3.00,32.85
6471,217.08,250.00,100,3.00,32.92
6571,216.98,250.00,100,3.00,33.02
6671,216.88,250.00,100,3.00,33.12
6771,216.81,250.00,100,3.00,33.19
6871,216.73,250.00,100,3.00,33.27
6971,216.67,250.00,100,3.00,33.33
7071,216.58,250.00,100,3.00,33.42
7171,216.47,250.00,100,3.00,33.53
7271,216.41,250.00,100,3.00,33.59
7371,216.36,250.00,100,3.00,33.64
7471,216.28,250.00,100,3.00,33.72
7571,216.21,250.00,100,3.00,33.79
7671,216.15,250.00,100,3.00,33.85
7771,216.06,250.00,100,3.00,33.94
7871,216.01,250.00,100,3.00,33.99
7971,215.96,250.00,100,3.00,34.04
8071,215.90,250.00,100,3.00,34.10
8171,215.83,250.00,100,3.00,34.17
8271,215.76,250.00,100,3.00,34.24
8371,215.69,250.00,100,3.00,34.31
8471,215.65,250.00,100,3.00,34.35
8571,215.60,250.00,100,3.00,34.40
8671,215.53,250.00,100,3.00,34.47
8771,215.46,250.00,100,3.00,34.54
8871,215.40,250.00,100,3.00,34.60
8971,215.35,250.00,100,3.00,34.65
9071,215.28,250.00,100,3.00,34.72
9171,215.24,250.00,100,3.00,34.76
9271,215.22,250.00,100,3.00,34.78
9371,215.18,250.00,100,3.00,34.82
9471,215.16,250.00,100,3.00,34.84
9571,215.13,250.00,100,3.00,34.87
9671,215.06,250.00,100,3.00,34.94
9771,215.01,250.00,100,3.00,34.99
9871,214.99,250.00,100,3.00,35.01
9971,214.97,250.00,100,3.00,35.03
10071,214.92,250.00,100,3.00,35.08
10171,214.90,250.00,100,3.00,35.10
10271,214.87,250.00,100,3.00,35.13
10371,214.84,250.00,100,3.00,35.16
10471,214.81,250.00,100,3.00,35.19
10571,214.77,250.00,100,3.00,35.23
10671,214.75,250.00,100,3.00,35.25
10771,214.73,250.00,100,3.00,35.27
10871,214.72,250.00,100,3.00,35.28
10971,214.70,250.00,100,3.00,35.30
11071,214.68,250.00,100,3.00,35.32
11171,214.67,250.00,100,3.00,35.33
11271,214.63,250.00,100,3.00,35.37
11371,214.63,250.00,100,3.00,35.37
11471,214.61,250.00,100,3.00,35.39
11571,214.59,250.00,100,3.00,35.41
11671,214.55,250.00,100,3.00,35.45
11771,214.51,250.00,100,3.00,35.49
11871,214.51,250.00,100,3.00,35.49
11971,214.47,250.00,100,3.00,35.53
12071,214.47,250.00,100,3.00,35.53
12171,214.45,250.00,100,3.00,35.55
12271,214.46,250.00,100,3.00,35.54
12371,214.45,250.00,100,3.00,35.55
12471,214.45,250.00,100,3.00,35.55
12571,214.46,250.00,100,3.00,35.54
12671,214.46,250.00,100,3.00,35.54
12771,214.47,250.00,100,3.00,35.53
12871,214.49,250.00,100,3.00,35.51
12971,214.48,250.00,100,3.00,35.52
13071,214.51,250.00,100,3.00,35.49
13171,214.52,250.00,100,3.00,35.48
13271,214.52,250.00,100,3.00,35.48
13371,214.56,250.00,100,3.00,35.44
13471,214.55,250.00,100,3.00,35.45
13571,214.58,250.00,100,3.00,35.42
13671,214.62,250.00,100,3.00,35.38
13771,214.63,250.00,100,3.00,35.37
13871,214.62,250.00,100,3.00,35.38
13971,214.62,250.00,100,3.00,35.38
14071,214.62,250.00,100,3.00,35.38
14171,214.66,250.00,100,3.00,35.34
14271,214.68,250.00,100,3.00,35.32
14371,214.73,250.00,100,3.00,35.27
14471,214.77,250.00,100,3.00,35.23
14571,214.82,250.00,100,3.00,35.18
14671,214.85,250.00,100,3.00,35.15
14771,214.91,250.00,100,3.00,35.09
14871,214.94,250.00,100,3.00,35.06
14971,215.00,250.00,100,3.00,35.00
15071,215.07,250.00,100,3.00,34.93
15171,215.11,250.00,100,3.00,34.89
15271,215.14,250.00,100,3.00,34.86
15371,215.22,250.00,100,3.00,34.78
15471,215.26,250.00,100,3.00,34.74
15571,215.29,250.00,100,3.00,34.71
15671,215.34,250.00,100,3.00,34.66
15771,215.41,250.00,100,3.00,34.59
15871,215.44,250.00,100,3.00,34.56
15971,215.49,250.00,100,3.00,34.51
16071,215.56,250.00,100,3.00,34.44
16171,215.62,250.00,100,3.00,34.38
16271,215.70,250.00,100,3.00,34.30
16371,215.75,250.00,100,3.00,34.25
16471,215.84,250.00,100,3.00,34.16
16571,215.91,250.00,100,3.00,34.09
16671,215.96,250.00,100,3.00,34.04
16771,216.03,250.00,100,3.00,33.97
16871,216.13,250.00,100,3.00,33.87
16971,216.20,250.00,100,3.00,33.80
17071,216.28,250.00,100,3.00,33.72
17171,216.34,250.00,100,3.00,33.66
17271,216.44,250.00,100,3.00,33.56
17371,216.52,250.00,100,3.00,33.48
17471,216.59,250.00,100,3.00,33.41
17571,216.65,250.00,100,3.00,33.35
17671,216.77,250.00,100,3.00,33.23
17771,216.85,250.00,100,3.00,33.15
17871,216.97,250.00,100,3.00,33.03
17971,217.07,250.00,100,3.00,32.93
18071,217.16,250.00,100,3.00,32.84
18171,217.22,250.00,100,3.00,32.78
18271,217.27,250.00,100,3.00,32.73
18371,217.39,250.00,100,3.00,32.61
18471,217.45,250.00,100,3.00,32.55
18571,217.57,250.00,100,3.00,32.43
18671,217.66,250.00,100,3.00,32.34
18771,217.74,250.00,100,3.00,32.26
18871,217.82,250.00,100,3.00,32.18
18971,217.90,250.00,100,3.00,32.10
19071,218.00,250.00,100,3.00,32.00
19171,218.12,250.00,100,3.00,31.88
19271,218.23,250.00,100,3.00,31.77
19371,218.34,250.00,100,3.00,31.66
19471,218.42,250.00,100,3.00,31.58
19571,218.55,250.00,100,3.00,31.45
19671,218.66,250.00,100,3.00,31.34
19771,218.78,250.00,100,3.00,31.22
19871,218.89,250.00,100,3.00,31.11
19971,218.96,250.00,100,3.00,31.04
20071,219.03,250.00,100,3.00,30.97
20171,219.08,250.00,100,3.00,30.92
20271,219.15,250.00,100,3.00,30.85
20371,219.24,250.00,100,3.00,30.76
20471,219.36,250.00,100,3.00,30.64
20571,219.43,250.00,100,3.00,30.57
20671,219.53,250.00,100,3.00,30.47
20771,219.61,250.00,100,3.00,30.39
20871,219.69,250.00,100,3.00,30.31
20971,219.79,250.00,100,3.00,30.21
21071,219.91,250.00,100,3.00,30.09
21171,220.03,250.00,100,3.00,29.97
21271,220.11,250.00,100,3.00,29.89
21371,220.19,250.00,100,3.00,29.81
21471,220.30,250.00,100,3.00,29.70
21571,220.40,250.00,100,3.00,29.60
21671,220.52,250.00,100,3.00,29.48
21771,220.65,250.00,100,3.00,29.35
21871,220.73,250.00,100,3.00,29.27
21971,220.83,250.00,100,3.00,29.17
22071,220.95,250.00,100,3.00,29.05
22171,221.03,250.00,100,3.00,28.97
22271,221.09,250.00,100,3.00,28.91
22371,221.17,250.00,100,3.00,28.83
22471,221.27,250.00,100,3.00,28.73
22571,221.38,250.00,100,3.00,28.62
22671,221.50,250.00,100,3.00,28.50
22771,221.60,250.00,100,3.00,28.40
22871,221.69,250.00,100,3.00,28.31
22971,221.78,250.00,100,3.00,28.22
23071,221.89,250.00,100,3.00,28.11
23171,221.98,250.00,100,3.00,28.02
23271,222.10,250.00,99,3.00,27.90
23371,222.18,250.00,100,3.00,27.82
23471,222.30,250.00,98,3.00,27.70
23571,222.38,250.00,100,3.00,27.62
23671,222.48,250.00,100,3.00,27.52
23771,222.62,250.00,95,3.00,27.38
23871,222.76,250.00,94,3.00,27.24
23971,222.88,250.00,96,3.00,27.12
24071,222.97,250.00,99,3.00,27.03
24171,223.06,250.00,98,3.00,26.94
24271,223.13,250.00,100,3.00,26.87
24371,223.21,250.00,98,3.00,26.79
24471,223.35,250.00,93,3.00,26.65
24571,223.48,250.00,93,3.00,26.52
24671,223.58,250.00,95,3.00,26.42
24771,223.66,250.00,96,3.00,26.34
24871,223.75,250.00,96,3.00,26.25
24971,223.85,250.00,94,3.00,26.15
25071,223.98,250.00,91,3.00,26.02
25171,224.09,250.00,92,3.00,25.91
25271,224.22,250.00,90,3.00,25.78
25371,224.34,250.00,90,3.00,25.66
25471,224.47,250.00,88,3.00,25.53
25571,224.58,250.00,90,3.00,25.42
25671,224.70,250.00,89,3.00,25.30
25771,224.83,250.00,88,3.00,25.17
25871,224.93,250.00,89,3.00,25.07
25971,225.05,250.00,87,3.00,24.95
26071,225.16,250.00,88,3.00,24.84
26171,225.28,250.00,86,3.00,24.72
26271,225.36,250.00,90,3.00,24.64
26371,225.47,250.00,87,3.00,24.53
26471,225.58,250.00,86,3.00,24.42
26571,225.70,250.00,85,3.00,24.30
26671,225.81,250.00,85,3.00,24.19
26771,225.89,250.00,88,3.00,24.11
26871,225.96,250.00,89,3.00,24.04
26971,226.06,250.00,85,3.00,23.94
27071,226.16,250.00,85,3.00,23.84
27171,226.28,250.00,83,3.00,23.72
27271,226.35,250.00,87,3.00,23.65
27371,226.47,250.00,81,3.00,23.53
27471,226.60,250.00,81,3.00,23.40
27571,226.70,250.00,83,3.00,23.30
27671,226.82,250.00,80,3.00,23.18
27771,226.92,250.00,82,3.00,23.08
27871,227.00,250.00,84,3.00,23.00
27971,227.12,250.00,80,3.00,22.88
28071,227.22,250.00,80,3.00,22.78
28171,227.33,250.00,79,3.00,22.67
28271,227.43,250.00,80,3.00,22.57
28371,227.52,250.00,80,3.00,22.48
28471,227.62,250.00,80,3.00,22.38
28571,227.73,250.00,77,3.00,22.27
28671,227.84,250.00,78,3.00,22.16
28771,227.91,250.00,81,3.00,22.09
28871,228.00,250.00,79,3.00,22.00
28971,228.07,250.00,79,3.00,21.93
29071,228.14,250.00,80,3.00,21.86
29171,228.20,250.00,81,3.00,21.80
29271,228.29,250.00,77,3.00,21.71
29371,228.38,250.00,77,3.00,21.62
29471,228.43,250.00,81,3.00,21.57
29571,228.45,250.00,83,3.00,21.55
29671,228.55,250.00,76,3.00,21.45
29771,228.63,250.00,77,3.00,21.37
29871,228.70,250.00,77,3.00,21.30
29971,228.79,250.00,76,3.00,21.21
30071,228.84,250.00,79,3.00,21.16
30171,228.88,250.00,80,3.00,21.12
30271,228.96,250.00,75,3.00,21.04
30371,229.05,250.00,74,3.00,20.95
30471,229.11,250.00,77,3.00,20.89
30571,229.21,250.00,73,3.00,20.79
30671,229.27,250.00,76,3.00,20.73
30771,229.36,250.00,73,3.00,20.64
30871,229.40,250.00,78,3.00,20.60
30971,229.48,250.00,74,3.00,20.52
31071,229.52,250.00,78,3.00,20.48
31171,229.59,250.00,73,3.00,20.41
31271,229.65,250.00,75,3.00,20.35
31371,229.74,250.00,72,3.00,20.26
31471,229.85,250.00,69,3.00,20.15
31571,229.92,250.00,72,3.00,20.08
31671,230.04,250.00,68,3.00,19.96
31771,230.13,250.00,70,3.00,19.87
31871,230.23,250.00,68,3.00,19.77
31971,230.32,250.00,70,3.00,19.68
32071,230.42,250.00,67,3.00,19.58
32171,230.50,250.00,70,3.00,19.50
32271,230.61,250.00,66,3.00,19.39
32371,230.70,250.00,68,3.00,19.30
32471,230.77,250.00,69,3.00,19.23
32571,230.85,250.00,68,3.00,19.15
32671,230.93,250.00,68,3.00,19.07
32771,231.00,250.00,69,3.00,19.00
32871,231.11,250.00,64,3.00,18.89
32971,231.19,250.00,66,3.00,18.81
33071,231.27,250.00,67,3.00,18.73
33171,231.38,250.00,63,3.00,18.62
33271,231.46,250.00,66,3.00,18.54
33371,231.56,250.00,64,3.00,18.44
33471,231.63,250.00,66,3.00,18.37
33571,231.70,250.00,66,3.00,18.30
33671,231.79,250.00,63,3.00,18.21
33771,231.88,250.00,64,3.00,18.12
33871,231.98,250.00,62,3.00,18.02
33971,232.05,250.00,64,3.00,17.95
34071,232.12,250.00,64,3.00,17.88
34171,232.21,250.00,62,3.00,17.79
34271,232.27,250.00,64,3.00,17.73
34371,232.34,250.00,63,3.00,17.66
34471,232.43,250.00,61,3.00,17.57
34571,232.50,250.00,63,3.00,17.50
34671,232.56,250.00,63,3.00,17.44
34771,232.62,250.00,62,3.00,17.38
34871,232.68,250.00,63,3.00,17.32
34971,232.77,250.00,60,3.00,17.23
35071,232.84,250.00,61,3.00,17.16
35171,232.90,250.00,62,3.00,17.10
35271,233.01,250.00,56,3.00,16.99
35371,233.08,250.00,61,3.00,16.92
35471,233.10,250.00,65,3.00,16.90
35571,233.17,250.00,60,3.00,16.83
35671,233.24,250.00,59,3.00,16.76
35771,233.35,250.00,56,3.00,16.65
35871,233.42,250.00,58,3.00,16.58
35971,233.50,250.00,58,3.00,16.50
36071,233.58,250.00,56,3.00,16.42
36171,233.64,250.00,59,3.00,16.36
36271,233.67,250.00,62,3.00,16.33
36371,233.73,250.00,59,3.00,16.27
36471,233.81,250.00,55,3.00,16.19
36571,233.89,250.00,56,3.00,16.11
36671,233.98,250.00,55,3.00,16.02
36771,234.01,250.00,61,3.00,15.99
36871,234.08,250.00,56,3.00,15.92
36971,234.15,250.00,55,3.00,15.85
37071,234.22,250.00,56,3.00,15.78
37171,234.30,250.00,55,3.00,15.70
37271,234.33,250.00,59,3.00,15.67
37371,234.39,250.00,56,3.00,15.61
37471,234.44,250.00,57,3.00,15.56
37571,234.48,250.00,57,3.00,15.52
37671,234.54,250.00,55,3.00,15.46
37771,234.56,250.00,59,3.00,15.44
37871,234.65,250.00,52,3.00,15.35
37971,234.72,250.00,54,3.00,15.28
38071,234.74,250.00,58,3.00,15.26
38171,234.81,250.00,53,3.00,15.19
38271,234.85,250.00,56,3.00,15.15
38371,234.89,250.00,56,3.00,15.11
38471,234.92,250.00,57,3.00,15.08
38571,234.92,250.00,59,3.00,15.08
38671,234.99,250.00,53,3.00,15.01
38771,235.00,250.00,59,3.00,15.00
38871,235.03,250.00,56,3.00,14.97
38971,235.08,250.00,54,3.00,14.92
39071,235.12,250.00,56,3.00,14.88
39171,235.19,250.00,53,3.00,14.81
39271,235.25,250.00,53,3.00,14.75
39371,235.29,250.00,55,3.00,14.71
39471,235.34,250.00,55,3.00,14.66
39571,235.38,250.00,56,3.00,14.62
39671,235.42,250.00,56,3.00,14.58
39771,235.47,250.00,55,3.00,14.53
39871,235.50,250.00,57,3.00,14.50
39971,235.55,250.00,56,3.00,14.45
40071,235.61,250.00,54,3.00,14.39
40171,235.66,250.00,54,3.00,14.34
40271,235.70,250.00,56,3.00,14.30
40371,235.74,250.00,57,3.00,14.26
40471,235.78,250.00,56,3.00,14.22
40571,235.79,250.00,59,3.00,14.21
40671,235.78,250.00,62,3.00,14.22
40771,235.83,250.00,55,3.00,14.17
40871,235.89,250.00,55,3.00,14.11
40971,235.90,250.00,60,3.00,14.10
41071,235.95,250.00,56,3.00,14.05
41171,235.97,250.00,59,3.00,14.03
41271,236.03,250.00,55,3.00,13.97
41371,236.08,250.00,56,3.00,13.92
41471,236.07,250.00,61,3.00,13.93
41571,236.06,250.00,63,3.00,13.94
41671,236.08,250.00,59,3.00,13.92
41771,236.08,250.00,62,3.00,13.92
41871,236.11,250.00,58,3.00,13.89
41971,236.13,250.00,60,3.00,13.87
42071,236.16,250.00,59,3.00,13.84
42171,236.19,250.00,58,3.00,13.81
42271,236.24,250.00,57,3.00,13.76
42371,236.29,250.00,57,3.00,13.71
42471,236.29,250.00,62,3.00,13.71
42571,236.33,250.00,59,3.00,13.67
42671,236.34,250.00,62,3.00,13.66
42771,236.38,250.00,58,3.00,13.62
42871,236.41,250.00,60,3.00,13.59
42971,236.43,250.00,60,3.00,13.57
43071,236.42,250.00,64,3.00,13.58
43171,236.41,250.00,65,3.00,13.59
43271,236.43,250.00,61,3.00,13.57
43371,236.47,250.00,60,3.00,13.53
43471,236.47,250.00,63,3.00,13.53
43571,236.48,250.00,63,3.00,13.52
43671,236.52,250.00,60,3.00,13.48
43771,236.51,250.00,65,3.00,13.49
43871,236.52,250.00,63,3.00,13.48
43971,236.55,250.00,62,3.00,13.45
44071,236.57,250.00,62,3.00,13.43
44171,236.61,250.00,61,3.00,13.39
44271,236.62,250.00,63,3.00,13.38
44371,236.63,250.00,64,3.00,13.37
44471,236.63,250.00,65,3.00,13.37
44571,236.62,250.00,66,3.00,13.38
44671,236.64,250.00,64,3.00,13.36
44771,236.63,250.00,67,3.00,13.37
44871,236.60,250.00,68,3.00,13.40
44971,236.61,250.00,66,3.00,13.39
45071,236.61,250.00,66,3.00,13.39
45171,236.59,250.00,69,3.00,13.41
45271,236.58,250.00,69,3.00,13.42
45371,236.57,250.00,67,3.00,13.43
45471,236.57,250.00,68,3.00,13.43
45571,236.55,250.00,69,3.00,13.45
45671,236.54,250.00,69,3.00,13.46
45771,236.57,250.00,64,3.00,13.43
45871,236.55,250.00,71,3.00,13.45
45971,236.53,250.00,70,3.00,13.47
46071,236.52,250.00,70,3.00,13.48
46171,236.55,250.00,66,3.00,13.45
46271,236.56,250.00,68,3.00,13.44
46371,236.57,250.00,68,3.00,13.43
46471,236.58,250.00,68,3.00,13.42
46571,236.57,250.00,70,3.00,13.43
46671,236.56,250.00,71,3.00,13.44
46771,236.57,250.00,69,3.00,13.43
46871,236.55,250.00,72,3.00,13.45
46971,236.52,250.00,73,3.00,13.48
47071,236.54,250.00,69,3.00,13.46
47171,236.50,250.00,75,3.00,13.50
47271,236.52,250.00,69,3.00,13.48
47371,236.51,250.00,72,3.00,13.49
47471,236.52,250.00,70,3.00,13.48
47571,236.55,250.00,69,3.00,13.45
47671,236.53,250.00,73,3.00,13.47
47771,236.52,250.00,73,3.00,13.48
47871,236.52,250.00,72,3.00,13.48
47971,236.51,250.00,74,3.00,13.49
48071,236.49,250.00,75,3.00,13.51
48171,236.48,250.00,74,3.00,13.52
48271,236.50,250.00,71,3.00,13.50
48371,236.49,250.00,74,3.00,13.51
48471,236.51,250.00,72,3.00,13.49
48571,236.52,250.00,72,3.00,13.48
48671,236.51,250.00,75,3.00,13.49
48771,236.50,250.00,75,3.00,13.50
48871,236.52,250.00,73,3.00,13.48
48971,236.49,250.00,77,3.00,13.51
49071,236.51,250.00,73,3.00,13.49
49171,236.45,250.00,81,3.00,13.55
49271,236.47,250.00,73,3.00,13.53
49371,236.43,250.00,80,3.00,13.57
49471,236.40,250.00,79,3.00,13.60
49571,236.39,250.00,77,3.00,13.61
49671,236.39,250.00,76,3.00,13.61
49771,236.38,250.00,78,3.00,13.62
49871,236.39,250.00,77,3.00,13.61
49971,236.40,250.00,76,3.00,13.60
50071,236.39,250.00,78,3.00,13.61
50171,236.39,250.00,77,3.00,13.61
50271,236.38,250.00,79,3.00,13.62
50371,236.36,250.00,80,3.00,13.64
50471,236.40,250.00,74,3.00,13.60
50571,236.41,250.00,77,3.00,13.59
50671,236.43,250.00,77,3.00,13.57
50771,236.43,250.00,79,3.00,13.57
50871,236.41,250.00,80,3.00,13.59
50971,236.44,250.00,76,3.00,13.56
51071,236.43,250.00,79,3.00,13.57
51171,236.46,250.00,77,3.00,13.54
51271,236.39,250.00,86,3.00,13.61
51371,236.40,250.00,78,3.00,13.60
51471,236.38,250.00,82,3.00,13.62
51571,236.38,250.00,80,3.00,13.62
51671,236.40,250.00,79,3.00,13.60
51771,236.42,250.00,78,3.00,13.58
51871,236.36,250.00,87,3.00,13.64
51971,236.36,250.00,82,3.00,13.64
52071,236.35,250.00,82,3.00,13.65
52171,236.33,250.00,84,3.00,13.67
52271,236.30,250.00,85,3.00,13.70
52371,236.31,250.00,81,3.00,13.69
52471,236.27,250.00,86,3.00,13.73
52571,236.29,250.00,81,3.00,13.71
52671,236.31,250.00,80,3.00,13.69
52771,236.33,250.00,81,3.00,13.67
52871,236.31,250.00,86,3.00,13.69
52971,236.29,250.00,85,3.00,13.71
53071,236.30,250.00,83,3.00,13.70
53171,236.30,250.00,84,3.00,13.70
53271,236.29,250.00,86,3.00,13.71
53371,236.31,250.00,82,3.00,13.69
53471,236.35,250.00,81,3.00,13.65
53571,236.32,250.00,88,3.00,13.68
53671,236.31,250.00,85,3.00,13.69
53771,236.34,250.00,83,3.00,13.66
53871,236.36,250.00,83,3.00,13.64
53971,236.40,250.00,81,3.00,13.60
54071,236.40,250.00,85,3.00,13.60
54171,236.40,250.00,85,3.00,13.60
54271,236.40,250.00,86,3.00,13.60
54371,236.39,250.00,87,3.00,13.61
54471,236.39,250.00,86,3.00,13.61
54571,236.38,250.00,87,3.00,13.62
54671,236.39,250.00,86,3.00,13.61
54771,236.41,250.00,84,3.00,13.59
54871,236.42,250.00,86,3.00,13.58
54971,236.44,250.00,86,3.00,13.56
55071,236.42,250.00,89,3.00,13.58
55171,236.46,250.00,84,3.00,13.54
55271,236.46,250.00,87,3.00,13.54
55371,236.45,250.00,90,3.00,13.55
55471,236.47,250.00,86,3.00,13.53
55571,236.46,250.00,89,3.00,13.54
55671,236.43,250.00,91,3.00,13.57
55771,236.43,250.00,89,3.00,13.57
55871,236.45,250.00,87,3.00,13.55
55971,236.49,250.00,86,3.00,13.51
56071,236.51,250.00,86,3.00,13.49
56171,236.50,250.00,90,3.00,13.50
56271,236.53,250.00,87,3.00,13.47
56371,236.53,250.00,89,3.00,13.47
56471,236.56,250.00,87,3.00,13.44
56571,236.57,250.00,89,3.00,13.43
56671,236.55,250.00,92,3.00,13.45
56771,236.56,250.00,89,3.00,13.44
56871,236.53,250.00,93,3.00,13.47
56971,236.57,250.00,87,3.00,13.43
57071,236.59,250.00,89,3.00,13.41
57171,236.59,250.00,91,3.00,13.41
57271,236.58,250.00,92,3.00,13.42
57371,236.59,250.00,91,3.00,13.41
57471,236.59,250.00,91,3.00,13.41
57571,236.63,250.00,88,3.00,13.37
57671,236.64,250.00,90,3.00,13.36
57771,236.64,250.00,92,3.00,13.36
57871,236.66,250.00,91,3.00,13.34
57971,236.67,250.00,91,3.00,13.33
58071,236.72,250.00,87,3.00,13.28
58171,236.72,250.00,92,3.00,13.28
58271,236.73,250.00,92,3.00,13.27
58371,236.76,250.00,90,3.00,13.24
58471,236.78,250.00,90,3.00,13.22
58571,236.80,250.00,92,3.00,13.20
58671,236.83,250.00,89,3.00,13.17
58771,236.83,250.00,94,3.00,13.17
58871,236.85,250.00,91,3.00,13.15
58971,236.84,250.00,94,3.00,13.16
59071,236.88,250.00,89,3.00,13.12
59171,236.88,250.00,94,3.00,13.12
59271,236.90,250.00,92,3.00,13.10
59371,236.93,250.00,90,3.00,13.07
59471,236.97,250.00,91,3.00,13.03
59571,236.99,250.00,92,3.00,13.01
59671,237.04,250.00,89,3.00,12.96
59771,237.06,250.00,92,3.00,12.94
59871,237.10,250.00,91,3.00,12.90
59971,237.14,250.00,90,3.00,12.86
60071,237.19,250.00,89,3.00,12.81
60171,237.26,250.00,87,3.00,12.74
60271,237.30,250.00,90,3.00,12.70
60371,237.31,250.00,93,3.00,12.69
60471,237.37,250.00,88,3.00,12.63
60571,237.41,250.00,90,3.00,12.59
60671,237.43,250.00,92,3.00,12.57
60771,237.48,250.00,90,3.00,12.52
60871,237.51,250.00,92,3.00,12.49
60971,237.54,250.00,91,3.00,12.46
61071,237.60,250.00,88,3.00,12.40
61171,237.65,250.00,90,3.00,12.35
61271,237.71,250.00,88,3.00,12.29
61371,237.73,250.00,93,3.00,12.27
61471,237.78,250.00,89,3.00,12.22
61571,237.80,250.00,92,3.00,12.20
61671,237.84,250.00,91,3.00,12.16
61771,237.88,250.00,90,3.00,12.12
61871,237.93,250.00,89,3.00,12.07
61971,237.97,250.00,91,3.00,12.03
62071,237.98,250.00,93,3.00,12.02
62171,238.01,250.00,92,3.00,11.99
62271,238.08,250.00,88,3.00,11.92
62371,238.10,250.00,93,3.00,11.90
62471,238.13,250.00,92,3.00,11.87
62571,238.18,250.00,90,3.00,11.82
62671,238.21,250.00,91,3.00,11.79
62771,238.24,250.00,92,3.00,11.76
62871,238.30,250.00,90,3.00,11.70
62971,238.32,250.00,93,3.00,11.68
63071,238.36,250.00,90,3.00,11.64
63171,238.42,250.00,90,3.00,11.58
63271,238.48,250.00,89,3.00,11.52
63371,238.52,250.00,91,3.00,11.48
63471,238.55,250.00,92,3.00,11.45
63571,238.60,250.00,90,3.00,11.40
63671,238.63,250.00,92,3.00,11.37
63771,238.65,250.00,92,3.00,11.35
63871,238.72,250.00,89,3.00,11.28
63971,238.75,250.00,92,3.00,11.25
64071,238.76,250.00,94,3.00,11.24
64171,238.80,250.00,91,3.00,11.20
64271,238.84,250.00,92,3.00,11.16
64371,238.92,250.00,87,3.00,11.08
64471,239.00,250.00,87,3.00,11.00
64571,239.03,250.00,92,3.00,10.97
64671,239.09,250.00,88,3.00,10.91
64771,239.14,250.00,90,3.00,10.86
64871,239.18,250.00,91,3.00,10.82
64971,239.24,250.00,88,3.00,10.76
65071,239.31,250.00,88,3.00,10.69
65171,239.37,250.00,88,3.00,10.63
65271,239.43,250.00,89,3.00,10.57
65371,239.49,250.00,88,3.00,10.51
65471,239.56,250.00,87,3.00,10.44
65571,239.58,250.00,92,3.00,10.42
65671,239.61,250.00,92,3.00,10.39
65771,239.64,250.00,91,3.00,10.36
65871,239.68,250.00,90,3.00,10.32
65971,239.76,250.00,86,3.00,10.24
66071,239.84,250.00,86,3.00,10.16
66171,239.85,250.00,93,3.00,10.15
66271,239.88,250.00,91,3.00,10.12
66371,239.91,250.00,91,3.00,10.09
66471,240.01,250.00,85,3.00,9.99
66571,240.08,250.00,87,3.00,9.92
66671,240.10,250.00,91,3.00,9.90
66771,240.16,250.00,88,3.00,9.84
66871,240.20,250.00,90,3.00,9.80
66971,240.24,250.00,90,3.00,9.76
67071,240.30,250.00,88,3.00,9.70
67171,240.37,250.00,87,3.00,9.63
67271,240.43,250.00,87,3.00,9.57
67371,240.50,250.00,87,3.00,9.50
67471,240.55,250.00,88,3.00,9.45
67571,240.59,250.00,89,3.00,9.41
67671,240.61,250.00,91,3.00,9.39
67771,240.68,250.00,87,3.00,9.32
67871,240.71,250.00,90,3.00,9.29
67971,240.75,250.00,89,3.00,9.25
68071,240.81,250.00,87,3.00,9.19
68171,240.88,250.00,86,3.00,9.12
68271,240.93,250.00,88,3.00,9.07
68371,240.97,250.00,88,3.00,9.03
68471,241.05,250.00,85,3.00,8.95
68571,241.14,250.00,84,3.00,8.86
68671,241.19,250.00,87,3.00,8.81
68771,241.23,250.00,88,3.00,8.77
68871,241.27,250.00,88,3.00,8.73
68971,241.30,250.00,90,3.00,8.70
69071,241.33,250.00,89,3.00,8.67
69171,241.38,250.00,88,3.00,8.62
69271,241.40,250.00,90,3.00,8.60
69371,241.47,250.00,86,3.00,8.53
69471,241.54,250.00,85,3.00,8.46
69571,241.62,250.00,84,3.00,8.38
69671,241.70,250.00,83,3.00,8.30
69771,241.75,250.00,87,3.00,8.25
69871,241.83,250.00,83,3.00,8.17
69971,241.88,250.00,86,3.00,8.12
70071,241.96,250.00,83,3.00,8.04
70171,242.02,250.00,85,3.00,7.98
70271,242.09,250.00,84,3.00,7.91
70371,242.10,250.00,90,3.00,7.90
70471,242.14,250.00,87,3.00,7.86
70571,242.18,250.00,86,3.00,7.82
70671,242.26,250.00,82,3.00,7.74
70771,242.25,250.00,92,3.00,7.75
70871,242.29,250.00,87,3.00,7.71
70971,242.38,250.00,81,3.00,7.62
71071,242.45,250.00,84,3.00,7.55
71171,242.47,250.00,88,3.00,7.53
71271,242.54,250.00,84,3.00,7.46
71371,242.57,250.00,87,3.00,7.43
71471,242.63,250.00,84,3.00,7.37
71571,242.70,250.00,82,3.00,7.30
71671,242.79,250.00,81,3.00,7.21
71771,242.85,250.00,83,3.00,7.15
71871,242.89,250.00,85,3.00,7.11
71971,242.96,250.00,83,3.00,7.04
72071,243.01,250.00,83,3.00,6.99
72171,243.07,250.00,84,3.00,6.93
72271,243.14,250.00,81,3.00,6.86
72371,243.22,250.00,80,3.00,6.78
72471,243.26,250.00,85,3.00,6.74
72571,243.30,250.00,84,3.00,6.70
72671,243.32,250.00,86,3.00,6.68
72771,243.39,250.00,82,3.00,6.61
72871,243.43,250.00,84,3.00,6.57
72971,243.45,250.00,86,3.00,6.55
73071,243.55,250.00,79,3.00,6.45
73171,243.57,250.00,85,3.00,6.43
73271,243.63,250.00,83,3.00,6.37
73371,243.63,250.00,87,3.00,6.37
73471,243.71,250.00,80,3.00,6.29
73571,243.76,250.00,82,3.00,6.24
73671,243.83,250.00,80,3.00,6.17
73771,243.87,250.00,83,3.00,6.13
73871,243.95,250.00,79,3.00,6.05
73971,243.99,250.00,83,3.00,6.01
74071,244.08,250.00,79,3.00,5.92
74171,244.11,250.00,84,3.00,5.89
74271,244.15,250.00,83,3.00,5.85
74371,244.21,250.00,80,3.00,5.79
74471,244.21,250.00,86,3.00,5.79
74571,244.27,250.00,81,3.00,5.73
74671,244.31,250.00,82,3.00,5.69
74771,244.35,250.00,83,3.00,5.65
74871,244.42,250.00,79,3.00,5.58
74971,244.47,250.00,81,3.00,5.53
75071,244.52,250.00,81,3.00,5.48
75171,244.59,250.00,79,3.00,5.41
75271,244.62,250.00,82,3.00,5.38
75371,244.67,250.00,81,3.00,5.33
75471,244.77,250.00,75,3.00,5.23
75571,244.81,250.00,81,3.00,5.19
75671,244.91,250.00,75,3.00,5.09
75771,245.00,250.00,76,3.00,5.00
75871,245.04,250.00,81,3.00,4.96
75971,245.11,250.00,77,3.00,4.89
76071,245.15,250.00,80,3.00,4.85
76171,245.22,250.00,77,3.00,4.78
76271,245.26,250.00,79,3.00,4.74
76371,245.34,250.00,75,3.00,4.66
76471,245.40,250.00,77,3.00,4.60
76571,245.44,250.00,79,3.00,4.56
76671,245.48,250.00,80,3.00,4.52
76771,245.55,250.00,75,3.00,4.45
76871,245.62,250.00,76,3.00,4.38
76971,245.66,250.00,78,3.00,4.34
77071,245.74,250.00,75,3.00,4.26
77171,245.78,250.00,77,3.00,4.22
77271,245.84,250.00,76,3.00,4.16
77371,245.85,250.00,81,3.00,4.15
77471,245.86,250.00,81,3.00,4.14
77571,245.91,250.00,77,3.00,4.09
77671,245.99,250.00,74,3.00,4.01
77771,246.01,250.00,79,3.00,3.99
77871,246.08,250.00,75,3.00,3.92
77971,246.15,250.00,74,3.00,3.85
78071,246.19,250.00,78,3.00,3.81
78171,246.23,250.00,76,3.00,3.77
78271,246.29,250.00,75,3.00,3.71
78371,246.33,250.00,77,3.00,3.67
78471,246.41,250.00,73,3.00,3.59
78571,246.46,250.00,75,3.00,3.54
78671,246.48,250.00,78,3.00,3.52
78771,246.50,250.00,79,3.00,3.50
78871,246.52,250.00,79,3.00,3.48
78971,246.56,250.00,76,3.00,3.44
79071,246.60,250.00,76,3.00,3.40
79171,246.62,250.00,78,3.00,3.38
79271,246.64,250.00,78,3.00,3.36
79371,246.67,250.00,77,3.00,3.33
79471,246.70,250.00,77,3.00,3.30
79571,246.75,250.00,74,3.00,3.25
79671,246.82,250.00,73,3.00,3.18
79771,246.83,250.00,78,3.00,3.17
79871,246.92,250.00,71,3.00,3.08
79971,246.98,250.00,73,3.00,3.02
80071,247.04,250.00,73,3.00,2.96
80171,247.09,250.00,74,3.00,2.91
80271,247.10,250.00,77,3.00,2.90
80371,247.12,250.00,77,3.00,2.88
80471,247.13,250.00,77,3.00,2.87
80571,247.16,250.00,76,3.00,2.84
80671,247.21,250.00,73,3.00,2.79
80771,247.27,250.00,72,3.00,2.73
80871,247.29,250.00,77,3.00,2.71
80971,247.31,250.00,76,3.00,2.69
81071,247.34,250.00,76,3.00,2.66
81171,247.37,250.00,74,3.00,2.63
81271,247.45,250.00,70,3.00,2.55
81371,247.46,250.00,77,3.00,2.54
81471,247.50,250.00,74,3.00,2.50
81571,247.50,250.00,77,3.00,2.50
81671,247.55,250.00,73,3.00,2.45
81771,247.58,250.00,74,3.00,2.42
81871,247.59,250.00,76,3.00,2.41
81971,247.66,250.00,70,3.00,2.34
82071,247.71,250.00,72,3.00,2.29
82171,247.77,250.00,71,3.00,2.23
82271,247.82,250.00,71,3.00,2.18
82371,247.85,250.00,73,3.00,2.15
82471,247.89,250.00,72,3.00,2.11
82571,247.93,250.00,72,3.00,2.07
82671,248.00,250.00,69,3.00,2.00
82771,248.01,250.00,75,3.00,1.99
82871,248.06,250.00,72,3.00,1.94
82971,248.08,250.00,73,3.00,1.92
83071,248.10,250.00,74,3.00,1.90
83171,248.13,250.00,72,3.00,1.87
83271,248.19,250.00,69,3.00,1.81
83371,248.23,250.00,71,3.00,1.77
83471,248.25,250.00,73,3.00,1.75
83571,248.30,250.00,70,3.00,1.70
83671,248.33,250.00,72,3.00,1.67
83771,248.34,250.00,74,3.00,1.66
83871,248.38,250.00,71,3.00,1.62
83971,248.39,250.00,74,3.00,1.61
84071,248.47,250.00,66,3.00,1.53
84171,248.53,250.00,68,3.00,1.47
84271,248.55,250.00,72,3.00,1.45
84371,248.60,250.00,69,3.00,1.40
84471,248.60,250.00,74,3.00,1.40
84571,248.66,250.00,68,3.00,1.34
84671,248.63,250.00,76,3.00,1.37
84771,248.71,250.00,67,3.00,1.29
84871,248.74,250.00,70,3.00,1.26
84971,248.77,250.00,70,3.00,1.23
85071,248.77,250.00,74,3.00,1.23
85171,248.81,250.00,69,3.00,1.19
85271,248.80,250.00,74,3.00,1.20
85371,248.81,250.00,72,3.00,1.19
85471,248.82,250.00,73,3.00,1.18
85571,248.83,250.00,73,3.00,1.17
85671,248.83,250.00,73,3.00,1.17
85771,248.85,250.00,71,3.00,1.15
85871,248.87,250.00,71,3.00,1.13
85971,248.92,250.00,68,3.00,1.08
86071,248.93,250.00,72,3.00,1.07
86171,249.01,250.00,65,3.00,0.99
86271,249.04,250.00,69,3.00,0.96
86371,249.09,250.00,68,3.00,0.91
86471,249.14,250.00,66,3.00,0.86
86571,249.15,250.00,72,3.00,0.85
86671,249.09,250.00,78,3.00,0.91
86771,249.09,250.00,73,3.00,0.91
86871,249.10,250.00,71,3.00,0.90
86971,249.12,250.00,70,3.00,0.88
87071,249.16,250.00,68,3.00,0.84
87171,249.16,250.00,72,3.00,0.84
87271,249.17,250.00,72,3.00,0.83
87371,249.17,250.00,72,3.00,0.83
87471,249.19,250.00,70,3.00,0.81
87571,249.19,250.00,72,3.00,0.81
87671,249.19,250.00,72,3.00,0.81
87771,249.21,250.00,71,3.00,0.79
87871,249.22,250.00,71,3.00,0.78
87971,249.20,250.00,74,3.00,0.80
88071,249.25,250.00,67,3.00,0.75
88171,249.27,250.00,69,3.00,0.73
88271,249.30,250.00,70,3.00,0.70
88371,249.33,250.00,68,3.00,0.67
88471,249.33,250.00,71,3.00,0.67
88571,249.38,250.00,67,3.00,0.62
88671,249.36,250.00,73,3.00,0.64
88771,249.39,250.00,69,3.00,0.61
88871,249.39,250.00,72,3.00,0.61
88971,249.43,250.00,67,3.00,0.57
89071,249.45,250.00,69,3.00,0.55
89171,249.47,250.00,69,3.00,0.53
89271,249.46,250.00,72,3.00,0.54
89371,249.45,250.00,72,3.00,0.55
89471,249.47,250.00,69,3.00,0.53
89571,249.50,250.00,68,3.00,0.50
89671,249.49,250.00,73,3.00,0.51
89771,249.49,250.00,71,3.00,0.51
89871,249.54,250.00,66,3.00,0.46
89971,249.49,250.00,76,3.00,0.51
90071,249.49,250.00,71,3.00,0.51
90171,249.52,250.00,68,3.00,0.48
90271,249.53,250.00,70,3.00,0.47
90371,249.53,250.00,71,3.00,0.47
90471,249.45,250.00,79,3.00,0.55
90571,249.47,250.00,69,3.00,0.53
90671,249.46,250.00,73,3.00,0.54
90771,249.43,250.00,74,3.00,0.57
90871,249.46,250.00,69,3.00,0.54
90971,249.40,250.00,77,3.00,0.60
91071,249.41,250.00,71,3.00,0.59
91171,249.45,250.00,67,3.00,0.55
91271,249.45,250.00,71,3.00,0.55
91371,249.44,250.00,73,3.00,0.56
91471,249.43,250.00,72,3.00,0.57
91571,249.44,250.00,71,3.00,0.56
91671,249.48,250.00,68,3.00,0.52
91771,249.48,250.00,71,3.00,0.52
91871,249.47,250.00,73,3.00,0.53
91971,249.50,250.00,68,3.00,0.50
92071,249.49,250.00,73,3.00,0.51
92171,249.44,250.00,76,3.00,0.56
92271,249.45,250.00,71,3.00,0.55
92371,249.41,250.00,76,3.00,0.59
92471,249.42,250.00,71,3.00,0.58
92571,249.44,250.00,69,3.00,0.56
92671,249.46,250.00,69,3.00,0.54
92771,249.51,250.00,66,3.00,0.49
92871,249.48,250.00,75,3.00,0.52
92971,249.50,250.00,70,3.00,0.50
93071,249.50,250.00,71,3.00,0.50
93171,249.47,250.00,75,3.00,0.53
93271,249.49,250.00,70,3.00,0.51
93371,249.52,250.00,68,3.00,0.48
93471,249.50,250.00,73,3.00,0.50
93571,249.47,250.00,75,3.00,0.53
93671,249.47,250.00,71,3.00,0.53
93771,249.51,250.00,68,3.00,0.49
93871,249.48,250.00,75,3.00,0.52
93971,249.45,250.00,74,3.00,0.55
94071,249.48,250.00,68,3.00,0.52
94171,249.46,250.00,75,3.00,0.54
94271,249.43,250.00,74,3.00,0.57
94371,249.44,250.00,71,3.00,0.56
94471,249.41,250.00,74,3.00,0.59
94571,249.45,250.00,68,3.00,0.55
94671,249.46,250.00,71,3.00,0.54
94771,249.43,250.00,74,3.00,0.57
94871,249.44,250.00,71,3.00,0.56
94971,249.41,250.00,74,3.00,0.59
95071,249.42,250.00,71,3.00,0.58
95171,249.39,250.00,76,3.00,0.61
95271,249.41,250.00,69,3.00,0.59
95371,249.41,250.00,73,3.00,0.59
95471,249.42,250.00,71,3.00,0.58
95571,249.38,250.00,76,3.00,0.62
95671,249.34,250.00,76,3.00,0.66
95771,249.33,250.00,74,3.00,0.67
95871,249.35,250.00,71,3.00,0.65
95971,249.36,250.00,71,3.00,0.64
96071,249.33,250.00,75,3.00,0.67
96171,249.36,250.00,69,3.00,0.64
96271,249.35,250.00,74,3.00,0.65
96371,249.33,250.00,74,3.00,0.67
96471,249.33,250.00,72,3.00,0.67
96571,249.29,250.00,77,3.00,0.71
96671,249.28,250.00,73,3.00,0.72
96771,249.20,250.00,81,3.00,0.80
96871,249.21,250.00,71,3.00,0.79
96971,249.24,250.00,70,3.00,0.76
97071,249.19,250.00,78,3.00,0.81
97171,249.15,250.00,78,3.00,0.85
97271,249.12,250.00,76,3.00,0.88
97371,249.14,250.00,71,3.00,0.86
97471,249.15,250.00,73,3.00,0.85
97571,249.17,250.00,71,3.00,0.83
97671,249.14,250.00,76,3.00,0.86
97771,249.13,250.00,74,3.00,0.87
97871,249.15,250.00,71,3.00,0.85
97971,249.16,250.00,73,3.00,0.84
98071,249.16,250.00,73,3.00,0.84
98171,249.13,250.00,76,3.00,0.87
98271,249.17,250.00,70,3.00,0.83
98371,249.13,250.00,78,3.00,0.87
98471,249.09,250.00,77,3.00,0.91
98571,249.05,250.00,77,3.00,0.95
98671,249.05,250.00,74,3.00,0.95
98771,249.05,250.00,74,3.00,0.95
98871,249.07,250.00,72,3.00,0.93
98971,249.05,250.00,76,3.00,0.95
99071,249.06,250.00,72,3.00,0.94
99171,249.05,250.00,76,3.00,0.95
99271,249.05,250.00,74,3.00,0.95
99371,249.02,250.00,77,3.00,0.98
99471,249.03,250.00,72,3.00,0.97
99571,249.05,250.00,72,3.00,0.95
99671,249.08,250.00,71,3.00,0.92
99771,249.06,250.00,76,3.00,0.94
99871,249.03,250.00,77,3.00,0.97
99971,249.00,250.00,77,3.00,1.00
100071,249.02,250.00,72,3.00,0.98
100171,249.01,250.00,75,3.00,0.99
100271,248.98,250.00,77,3.00,1.02
100371,249.00,250.00,72,3.00,1.00
100471,248.96,250.00,78,3.00,1.04
100571,248.92,250.00,78,3.00,1.08
100671,248.91,250.00,76,3.00,1.09
100771,248.92,250.00,73,3.00,1.08
100871,248.95,250.00,72,3.00,1.05
100971,248.96,250.00,73,3.00,1.04
101071,248.97,250.00,74,3.00,1.03
101171,248.99,250.00,72,3.00,1.01
101271,248.98,250.00,75,3.00,1.02
101371,248.99,250.00,74,3.00,1.01
101471,248.96,250.00,77,3.00,1.04
101571,248.98,250.00,72,3.00,1.02
101671,248.98,250.00,75,3.00,1.02
101771,248.98,250.00,74,3.00,1.02
101871,248.96,250.00,77,3.00,1.04
101971,248.92,250.00,78,3.00,1.08
102071,248.92,250.00,75,3.00,1.08
102171,248.90,250.00,77,3.00,1.10
102271,248.88,250.00,77,3.00,1.12
102371,248.86,250.00,78,3.00,1.14
102471,248.86,250.00,75,3.00,1.14
102571,248.85,250.00,76,3.00,1.15
102671,248.85,250.00,75,3.00,1.15
102771,248.87,250.00,73,3.00,1.13
102871,248.89,250.00,73,3.00,1.11
102971,248.90,250.00,73,3.00,1.10
103071,248.90,250.00,75,3.00,1.10
103171,248.87,250.00,78,3.00,1.13
103271,248.87,250.00,75,3.00,1.13
103371,248.85,250.00,78,3.00,1.15
103471,248.86,250.00,73,3.00,1.14
103571,248.85,250.00,77,3.00,1.15
103671,248.83,250.00,78,3.00,1.17
103771,248.83,250.00,75,3.00,1.17
103871,248.84,250.00,75,3.00,1.16
103971,248.80,250.00,80,3.00,1.20
104071,248.81,250.00,75,3.00,1.19
104171,248.82,250.00,75,3.00,1.18
104271,248.84,250.00,73,3.00,1.16
104371,248.81,250.00,78,3.00,1.19
104471,248.79,250.00,78,3.00,1.21
104571,248.82,250.00,73,3.00,1.18
104671,248.79,250.00,78,3.00,1.21
104771,248.80,250.00,75,3.00,1.20
104871,248.78,250.00,78,3.00,1.22
104971,248.76,250.00,78,3.00,1.24
105071,248.81,250.00,71,3.00,1.19
105171,248.75,250.00,81,3.00,1.25
105271,248.78,250.00,73,3.00,1.22
105371,248.79,250.00,75,3.00,1.21
105471,248.77,250.00,78,3.00,1.23
105571,248.80,250.00,73,3.00,1.20
105671,248.80,250.00,77,3.00,1.20
105771,248.82,250.00,73,3.00,1.18
105871,248.83,250.00,75,3.00,1.17
105971,248.82,250.00,77,3.00,1.18
106071,248.80,250.00,78,3.00,1.20
106171,248.78,250.00,78,3.00,1.22
106271,248.76,250.00,78,3.00,1.24
106371,248.77,250.00,75,3.00,1.23
106471,248.75,250.00,78,3.00,1.25
106571,248.75,250.00,76,3.00,1.25
106671,248.78,250.00,73,3.00,1.22
106771,248.78,250.00,77,3.00,1.22
106871,248.79,250.00,75,3.00,1.21
106971,248.78,250.00,77,3.00,1.22
107071,248.82,250.00,72,3.00,1.18
107171,248.83,250.00,75,3.00,1.17
107271,248.85,250.00,74,3.00,1.15
107371,248.87,250.00,74,3.00,1.13
107471,248.89,250.00,74,3.00,1.11
107571,248.87,250.00,77,3.00,1.13
107671,248.91,250.00,73,3.00,1.09
107771,248.90,250.00,76,3.00,1.10
107871,248.95,250.00,71,3.00,1.05
107971,248.94,250.00,76,3.00,1.06
108071,248.97,250.00,73,3.00,1.03
108171,248.95,250.00,78,3.00,1.05
108271,248.93,250.00,78,3.00,1.07
108371,248.94,250.00,75,3.00,1.06
108471,248.96,250.00,73,3.00,1.04
108571,248.94,250.00,78,3.00,1.06
108671,248.94,250.00,76,3.00,1.06
108771,248.87,250.00,83,3.00,1.13
108871,248.84,250.00,79,3.00,1.16
108971,248.86,250.00,74,3.00,1.14
109071,248.90,250.00,73,3.00,1.10
109171,248.93,250.00,73,3.00,1.07
109271,248.97,250.00,72,3.00,1.03
109371,248.99,250.00,73,3.00,1.01
109471,248.98,250.00,77,3.00,1.02
109571,248.97,250.00,77,3.00,1.03
109671,248.98,250.00,75,3.00,1.02
109771,249.00,250.00,74,3.00,1.00
109871,248.99,250.00,77,3.00,1.01
109971,249.04,250.00,71,3.00,0.96
110071,249.06,250.00,74,3.00,0.94
110171,249.10,250.00,71,3.00,0.90
110271,249.10,250.00,76,3.00,0.90
110371,249.12,250.00,73,3.00,0.88
110471,249.14,250.00,73,3.00,0.86
110571,249.16,250.00,73,3.00,0.84
110671,249.18,250.00,73,3.00,0.82
110771,249.18,250.00,75,3.00,0.82
110871,249.12,250.00,81,3.00,0.88
110971,249.13,250.00,75,3.00,0.87
111071,249.12,250.00,76,3.00,0.88
111171,249.12,250.00,76,3.00,0.88
111271,249.08,250.00,79,3.00,0.92
111371,249.14,250.00,70,3.00,0.86
111471,249.16,250.00,73,3.00,0.84
111571,249.19,250.00,72,3.00,0.81
111671,249.21,250.00,74,3.00,0.79
111771,249.21,250.00,75,3.00,0.79
111871,249.16,250.00,80,3.00,0.84
111971,249.15,250.00,77,3.00,0.85
112071,249.14,250.00,77,3.00,0.86
112171,249.16,250.00,73,3.00,0.84
112271,249.15,250.00,77,3.00,0.85
112371,249.14,250.00,77,3.00,0.86
112471,249.16,250.00,73,3.00,0.84
112571,249.19,250.00,72,3.00,0.81
112671,249.24,250.00,71,3.00,0.76
112771,249.23,250.00,76,3.00,0.77
112871,249.23,250.00,76,3.00,0.77
112971,249.29,250.00,69,3.00,0.71
113071,249.25,250.00,79,3.00,0.75
113171,249.26,250.00,74,3.00,0.74
113271,249.31,250.00,69,3.00,0.69
113371,249.32,250.00,75,3.00,0.68
113471,249.37,250.00,70,3.00,0.63
113571,249.40,250.00,72,3.00,0.60
113671,249.42,250.00,72,3.00,0.58
113771,249.48,250.00,69,3.00,0.52
113871,249.46,250.00,76,3.00,0.54
113971,249.50,250.00,71,3.00,0.50
114071,249.51,250.00,73,3.00,0.49
114171,249.56,250.00,70,3.00,0.44
114271,249.57,250.00,73,3.00,0.43
114371,249.59,250.00,72,3.00,0.41
114471,249.57,250.00,76,3.00,0.43
114571,249.56,250.00,75,3.00,0.44
114671,249.59,250.00,72,3.00,0.41
114771,249.62,250.00,70,3.00,0.38
114871,249.66,250.00,70,3.00,0.34
114971,249.66,250.00,74,3.00,0.34
115071,249.61,250.00,79,3.00,0.39
115171,249.60,250.00,75,3.00,0.40
115271,249.64,250.00,70,3.00,0.36
115371,249.67,250.00,70,3.00,0.33
115471,249.67,250.00,74,3.00,0.33
116224,249.67,250.00,74,3.00,0.33
116901,249.68,250.00,72,3.00,0.32
117578,249.76,250.00,66,3.00,0.24
118255,249.76,250.00,73,3.00,0.24
118932,249.77,250.00,73,3.00,0.23
119609,249.80,250.00,70,3.00,0.20
120286,249.83,250.00,70,3.00,0.17
120963,249.71,250.00,86,3.00,0.29
121640,249.55,250.00,90,3.00,0.45
122317,249.38,250.00,92,3.00,0.62
122994,249.11,250.00,100,3.00,0.89
123671,248.85,250.00,100,3.00,1.15
124348,248.50,250.00,100,3.00,1.50
125025,248.19,250.00,100,3.00,1.81
125702,247.83,250.00,100,3.00,2.17
126379,247.43,250.00,100,3.00,2.57
127056,246.93,250.00,100,3.00,3.07
127733,246.39,250.00,100,3.00,3.61
128410,245.84,250.00,100,3.00,4.16
129087,245.27,250.00,100,3.00,4.73
129764,244.65,250.00,100,3.00,5.35
130441,243.98,250.00,100,3.00,6.02
131118,243.33,250.00,100,3.00,6.67
131795,242.66,250.00,100,3.00,7.34
132472,241.94,250.00,100,3.00,8.06
133149,241.22,250.00,100,3.00,8.78
133826,240.46,250.00,100,3.00,9.54
134503,239.71,250.00,100,3.00,10.29
135180,238.89,250.00,100,3.00,11.11
135857,238.04,250.00,100,3.00,11.96
136534,237.25,250.00,100,3.00,12.75
137211,236.41,250.00,100,3.00,13.59
137888,235.54,250.00,100,3.00,14.46
138565,234.66,250.00,100,3.00,15.34
139242,233.77,250.00,100,3.00,16.23
139919,232.89,250.00,100,3.00,17.11
140596,231.98,250.00,100,3.00,18.02
141273,231.08,250.00,100,3.00,18.92
141950,230.16,250.00,100,3.00,19.84
142627,229.26,250.00,100,3.00,20.74
143304,228.36,250.00,100,3.00,21.64
143981,227.47,250.00,100,3.00,22.53
144658,226.62,250.00,100,3.00,23.38
145335,225.69,250.00,100,3.00,24.31
146012,224.81,250.00,100,3.00,25.19
146689,223.94,250.00,100,3.00,26.06
147366,223.09,250.00,100,3.00,26.91
148043,222.21,250.00,100,3.00,27.79
148720,221.33,250.00,100,3.00,28.67
149397,220.47,250.00,100,3.00,29.53
150074,219.62,250.00,100,3.00,30.38
150751,218.79,250.00,100,3.00,31.21
151428,217.95,250.00,100,3.00,32.05
152105,217.14,250.00,100,3.00,32.86
152782,216.34,250.00,100,3.00,33.66
153459,215.54,250.00,100,3.00,34.46
154136,214.76,250.00,100,3.00,35.24
154813,214.01,250.00,100,3.00,35.99
155490,213.23,250.00,100,3.00,36.77
156167,212.48,250.00,100,3.00,37.52
156844,211.72,250.00,100,3.00,38.28
157521,210.98,250.00,100,3.00,39.02
158198,210.25,250.00,100,3.00,39.75
158875,209.54,250.00,100,3.00,40.46
159552,208.82,250.00,100,3.00,41.18
160229,208.10,250.00,100,3.00,41.90
160906,207.39,250.00,100,3.00,42.61
161583,206.70,250.00,100,3.00,43.30
162260,206.02,250.00,100,3.00,43.98
162937,205.37,250.00,100,3.00,44.63
163614,204.77,250.00,100,3.00,45.23
164291,204.17,250.00,100,3.00,45.83
164968,203.59,250.00,100,3.00,46.41
165645,203.01,250.00,100,3.00,46.99
166322,202.40,250.00,100,3.00,47.60
166999,201.79,250.00,100,3.00,48.21
167676,201.19,250.00,100,3.00,48.81
168353,200.63,250.00,100,3.00,49.37
169030,200.07,250.00,100,3.00,49.93
169707,199.48,250.00,100,3.00,50.52
170384,198.89,250.00,100,3.00,51.11
171061,198.30,250.00,100,3.00,51.70
171738,197.71,250.00,100,3.00,52.29
172415,197.12,250.00,100,3.00,52.88
173092,196.53,250.00,100,3.00,53.47
173769,195.94,250.00,100,3.00,54.06
174446,195.38,250.00,100,3.00,54.62
175123,194.79,250.00,100,3.00,55.21
175800,194.23,250.00,100,3.00,55.77
176477,193.66,250.00,100,3.00,56.34
177154,193.08,250.00,100,3.00,56.92
177831,192.49,250.00,100,3.00,57.51
178508,191.91,250.00,100,3.00,58.09
179185,191.36,250.00,100,3.00,58.64
179862,190.80,250.00,100,3.00,59.20
180539,190.25,250.00,100,3.00,59.75
181216,189.71,250.00,100,3.00,60.29
181893,189.18,250.00,100,3.00,60.82
182570,188.66,250.00,100,3.00,61.34
183247,188.13,250.00,100,3.00,61.87
183924,187.61,250.00,100,3.00,62.39
184601,187.09,250.00,100,3.00,62.91
185278,186.58,250.00,100,3.00,63.42
185955,186.08,250.00,100,3.00,63.92
186632,185.58,250.00,100,3.00,64.42
187309,185.11,250.00,100,3.00,64.89
187986,184.61,250.00,100,3.00,65.39
188663,184.11,250.00,100,3.00,65.89
189340,183.62,250.00,100,3.00,66.38
190017,183.13,250.00,100,3.00,66.87
190694,182.64,250.00,100,3.00,67.36
191371,182.17,250.00,100,3.00,67.83
192048,181.72,250.00,100,3.00,68.28
192725,181.25,250.00,100,3.00,68.75
193402,180.78,250.00,100,3.00,69.22
194079,180.33,250.00,100,3.00,69.67
194756,179.86,250.00,100,3.00,70.14
195433,179.40,250.00,100,3.00,70.60
196110,178.96,250.00,100,3.00,71.04
196787,178.50,250.00,100,3.00,71.50
197464,178.05,250.00,100,3.00,71.95
198141,177.59,250.00,100,3.00,72.41
198818,177.14,250.00,100,3.00,72.86
199495,176.71,250.00,100,3.00,73.29
200172,176.27,250.00,100,3.00,73.73
200849,175.82,250.00,100,3.00,74.18
201526,175.40,250.00,100,3.00,74.60
202203,174.96,250.00,100,3.00,75.04
202880,174.52,250.00,100,3.00,75.48
203557,174.09,250.00,100,3.00,75.91
204234,173.65,250.00,100,3.00,76.35
204911,173.21,250.00,100,3.00,76.79
205588,172.79,250.00,100,3.00,77.21
206265,172.37,250.00,100,3.00,77.63
206942,171.93,250.00,100,3.00,78.07
207619,171.51,250.00,100,3.00,78.49
208296,171.09,250.00,100,3.00,78.91
208973,170.67,250.00,100,3.00,79.33
209650,170.25,250.00,100,3.00,79.75
210327,169.83,250.00,100,3.00,80.17
211004,169.42,250.00,100,3.00,80.58
211681,169.00,250.00,100,3.00,81.00
212358,168.61,250.00,100,3.00,81.39
213035,168.19,250.00,100,3.00,81.81
213712,167.78,250.00,100,3.00,82.22
214389,167.38,250.00,100,3.00,82.62
215066,166.97,250.00,100,3.00,83.03
215743,166.57,250.00,100,3.00,83.43
216420,166.17,250.00,100,3.00,83.83
217097,165.77,250.00,100,3.00,84.23
217774,165.37,250.00,100,3.00,84.63
218451,164.97,250.00,100,3.00,85.03
219128,164.56,250.00,100,3.00,85.44
219805,164.15,250.00,100,3.00,85.85
220482,163.77,250.00,100,3.00,86.23
221159,163.37,250.00,100,3.00,86.63
221836,162.99,250.00,100,3.00,87.01
222513,162.61,250.00,100,3.00,87.39
223190,162.23,250.00,100,3.00,87.77
223867,161.86,250.00,100,3.00,88.14
224544,161.49,250.00,100,3.00,88.51
225221,161.12,250.00,100,3.00,88.88
225898,160.80,250.00,100,3.00,89.20
226575,160.44,250.00,100,3.00,89.56
227252,160.10,250.00,100,3.00,89.90
227929,159.74,250.00,100,3.00,90.26
228606,159.38,250.00,100,3.00,90.62
229283,159.03,250.00,100,3.00,90.97
229960,158.69,250.00,100,3.00,91.31
230637,158.33,250.00,100,3.00,91.67
231314,157.98,250.00,100,3.00,92.02
231991,157.63,250.00,100,3.00,92.37
232668,157.28,250.00,100,3.00,92.72
233345,156.94,250.00,100,3.00,93.06
234022,156.61,250.00,100,3.00,93.39
234699,156.28,250.00,100,3.00,93.72
235376,155.92,250.00,100,3.00,94.08
236053,155.58,250.00,100,3.00,94.42
236730,155.24,250.00,100,3.00,94.76
237407,154.90,250.00,100,3.00,95.10
238084,154.57,250.00,100,3.00,95.43
238761,154.22,250.00,100,3.00,95.78
239438,153.89,250.00,100,3.00,96.11
240115,153.55,250.00,100,3.00,96.45
240792,153.22,250.00,100,3.00,96.78
241469,152.89,250.00,100,3.00,97.11
242146,152.56,250.00,100,3.00,97.44
242823,152.23,250.00,100,3.00,97.77
243500,151.90,250.00,100,3.00,98.10
244177,151.59,250.00,100,3.00,98.41
244854,151.25,250.00,100,3.00,98.75
245531,150.93,250.00,100,3.00,99.07
246208,150.60,250.00,100,3.00,99.40
246885,150.28,250.00,100,3.00,99.72
247562,149.97,250.00,100,3.00,100.03
248239,149.65,250.00,100,3.00,100.35
248916,149.34,250.00,100,3.00,100.66
249593,149.03,250.00,100,3.00,100.97
250270,148.71,250.00,100,3.00,101.29
250947,148.40,250.00,100,3.00,101.60
251624,148.08,250.00,100,3.00,101.92
252301,147.76,250.00,100,3.00,102.24
252978,147.45,250.00,100,3.00,102.55
253655,147.15,250.00,100,3.00,102.85
254332,146.84,250.00,100,3.00,103.16
255009,146.55,250.00,100,3.00,103.45
255686,146.24,250.00,100,3.00,103.76
256363,145.92,250.00,100,3.00,104.08
257040,145.62,250.00,100,3.00,104.38
257717,145.30,250.00,100,3.00,104.70
258394,145.00,250.00,100,3.00,105.00
259071,144.70,250.00,100,3.00,105.30
259748,144.41,250.00,100,3.00,105.59
260425,144.11,250.00,100,3.00,105.89
261102,143.81,250.00,100,3.00,106.19
261779,143.52,250.00,100,3.00,106.48
262456,143.23,250.00,100,3.00,106.77
263133,142.93,250.00,100,3.00,107.07
263810,142.63,250.00,100,3.00,107.37
264487,142.34,250.00,100,3.00,107.66
265164,142.05,250.00,100,3.00,107.95
265841,141.76,250.00,100,3.00,108.24
266518,141.47,250.00,100,3.00,108.53
267195,141.17,250.00,100,3.00,108.83
267872,140.89,250.00,100,3.00,109.11
268549,140.60,250.00,100,3.00,109.40
269226,140.30,250.00,100,3.00,109.70
269903,140.02,250.00,100,3.00,109.98
270580,139.73,250.00,100,3.00,110.27
271257,139.44,250.00,100,3.00,110.56
271934,139.16,250.00,100,3.00,110.84
272611,138.88,250.00,100,3.00,111.12
273288,138.60,250.00,100,3.00,111.40
273965,138.31,250.00,100,3.00,111.69
274642,138.04,250.00,100,3.00,111.96
275319,137.77,250.00,100,3.00,112.23
275996,137.49,250.00,100,3.00,112.51
276673,137.22,250.00,100,3.00,112.78
277350,136.96,250.00,100,3.00,113.04
278027,136.68,250.00,100,3.00,113.32
278704,136.42,250.00,100,3.00,113.58
279381,136.15,250.00,100,3.00,113.85
280058,135.90,250.00,100,3.00,114.10
280735,138.64,250.00,100,3.00,111.36
281412,141.07,250.00,100,3.00,108.93
282089,143.25,250.00,100,3.00,106.75
282766,145.19,250.00,100,3.00,104.81
283443,146.88,250.00,100,3.00,103.12
284120,148.36,250.00,100,3.00,101.64
284797,149.67,250.00,100,3.00,100.33
285474,150.82,250.00,100,3.00,99.18
286151,151.82,250.00,100,3.00,98.18
286828,152.67,250.00,100,3.00,97.33
287505,153.41,250.00,100,3.00,96.59
288182,154.06,250.00,100,3.00,95.94
288859,154.61,250.00,100,3.00,95.39
289536,155.06,250.00,100,3.00,94.94
290213,155.44,250.00,100,3.00,94.56
290890,155.74,250.00,100,3.00,94.26
291567,155.98,250.00,100,3.00,94.02
292244,156.17,250.00,100,3.00,93.83
292921,156.30,250.00,100,3.00,93.70
293598,156.39,250.00,100,3.00,93.61
294275,156.43,250.00,100,3.00,93.57
294952,156.44,250.00,100,3.00,93.56
295629,156.41,250.00,100,3.00,93.59
296306,156.35,250.00,100,3.00,93.65
296983,156.26,250.00,100,3.00,93.74
297660,156.16,250.00,100,3.00,93.84
298337,156.02,250.00,100,3.00,93.98
299014,155.86,250.00,100,3.00,94.14
299691,155.69,250.00,100,3.00,94.31
300368,155.50,250.00,100,3.00,94.50
301045,155.30,250.00,100,3.00,94.70
301722,155.09,250.00,100,3.00,94.91
302399,154.89,250.00,100,3.00,95.11
303076,154.65,250.00,100,3.00,95.35
303753,154.42,250.00,100,3.00,95.58
304430,154.17,250.00,100,3.00,95.83
305107,153.90,250.00,100,3.00,96.10
305784,153.66,250.00,100,3.00,96.34
306461,153.41,250.00,100,3.00,96.59
307138,153.15,250.00,100,3.00,96.85
307815,152.88,250.00,100,3.00,97.12
308492,152.62,250.00,100,3.00,97.38
309169,152.36,250.00,100,3.00,97.64
309846,152.09,250.00,100,3.00,97.91
310523,151.82,250.00,100,3.00,98.18
311200,151.57,250.00,100,3.00,98.43
311877,151.30,250.00,100,3.00,98.70
312554,151.03,250.00,100,3.00,98.97
313231,150.74,250.00,100,3.00,99.26
313908,150.47,250.00,100,3.00,99.53
314585,150.21,250.00,100,3.00,99.79
315262,149.95,250.00,100,3.00,100.05
315939,149.68,250.00,100,3.00,100.32
316616,149.42,250.00,100,3.00,100.58
317293,149.15,250.00,100,3.00,100.85
317970,148.89,250.00,100,3.00,101.11
318647,148.61,250.00,100,3.00,101.39
319324,148.35,250.00,100,3.00,101.65
320001,148.09,250.00,100,3.00,101.91
320678,147.81,250.00,100,3.00,102.19
321355,147.54,250.00,100,3.00,102.46
322032,147.27,250.00,100,3.00,102.73
322709,146.99,250.00,100,3.00,103.01
323386,146.71,250.00,100,3.00,103.29
324063,146.43,250.00,100,3.00,103.57
324740,146.17,250.00,100,3.00,103.83
325417,145.92,250.00,100,3.00,104.08
326094,145.65,250.00,100,3.00,104.35
326771,145.39,250.00,100,3.00,104.61
327448,145.12,250.00,100,3.00,104.88
328125,144.85,250.00,100,3.00,105.15
328802,144.58,250.00,100,3.00,105.42
329479,144.34,250.00,100,3.00,105.66
330156,144.07,250.00,100,3.00,105.93
330833,143.79,250.00,100,3.00,106.21
331510,143.52,250.00,100,3.00,106.48
332187,143.27,250.00,100,3.00,106.73
332864,143.00,250.00,100,3.00,107.00
333541,142.73,250.00,100,3.00,107.27
334218,142.50,250.00,100,3.00,107.50
334895,142.24,250.00,100,3.00,107.76
335572,142.00,250.00,100,3.00,108.00
336249,141.74,250.00,100,3.00,108.26
336926,141.47,250.00,100,3.00,108.53
337603,141.21,250.00,100,3.00,108.79
338280,140.95,250.00,100,3.00,109.05
338957,140.70,250.00,100,3.00,109.30
339634,140.47,250.00,100,3.00,109.53
340311,140.22,250.00,100,3.00,109.78
340988,139.97,250.00,100,3.00,110.03
341665,139.69,250.00,100,3.00,110.31
342342,139.44,250.00,100,3.00,110.56
343019,139.20,250.00,100,3.00,110.80
343696,138.94,250.00,100,3.00,111.06
344373,138.69,250.00,100,3.00,111.31
345050,138.43,250.00,100,3.00,111.57
345727,138.16,250.00,100,3.00,111.84
346404,137.92,250.00,100,3.00,112.08
347081,137.67,250.00,100,3.00,112.33
347758,137.44,250.00,100,3.00,112.56
348435,137.20,250.00,100,3.00,112.80
349112,136.97,250.00,100,3.00,113.03
349789,136.74,250.00,100,3.00,113.26
350466,136.48,250.00,100,3.00,113.52
351143,136.24,250.00,100,3.00,113.76
351820,135.99,250.00,100,3.00,114.01
352497,135.77,250.00,100,3.00,114.23
353174,135.54,250.00,100,3.00,114.46
353851,135.32,250.00,100,3.00,114.68
354528,135.09,250.00,100,3.00,114.91
355205,134.88,250.00,100,3.00,115.12
355882,134.62,250.00,100,3.00,115.38
356559,134.38,250.00,100,3.00,115.62
357236,134.16,250.00,100,3.00,115.84
357913,133.93,250.00,100,3.00,116.07
358590,133.69,250.00,100,3.00,116.31
359267,133.48,250.00,100,3.00,116.52
359944,133.25,250.00,100,3.00,116.75
360621,133.01,250.00,100,3.00,116.99
361298,132.76,250.00,100,3.00,117.24
361975,132.52,250.00,100,3.00,117.48
362652,132.28,250.00,100,3.00,117.72
363329,132.04,250.00,100,3.00,117.96
364006,131.82,250.00,100,3.00,118.18
364683,131.59,250.00,100,3.00,118.41
365360,131.39,250.00,100,3.00,118.61
366037,131.13,250.00,100,3.00,118.87
366714,130.88,250.00,100,3.00,119.12
367391,130.66,250.00,100,3.00,119.34
368068,130.43,250.00,100,3.00,119.57
368745,130.22,250.00,100,3.00,119.78
369422,130.00,250.00,100,3.00,120.00
370099,129.78,250.00,100,3.00,120.22
370776,129.55,250.00,100,3.00,120.45
371453,129.32,250.00,100,3.00,120.68
372130,129.08,250.00,100,3.00,120.92
372807,128.84,250.00,100,3.00,121.16
373484,128.63,250.00,100,3.00,121.37
374161,128.42,250.00,100,3.00,121.58
374838,128.21,250.00,100,3.00,121.79
375515,128.00,250.00,100,3.00,122.00
376192,127.78,250.00,100,3.00,122.22
376869,127.57,250.00,100,3.00,122.43
377546,127.35,250.00,100,3.00,122.65
378223,127.13,250.00,100,3.00,122.87
378900,126.90,250.00,100,3.00,123.10
379577,126.69,250.00,100,3.00,123.31
380254,126.49,250.00,100,3.00,123.51
380931,126.29,250.00,100,3.00,123.71
381608,126.09,250.00,100,3.00,123.91
382285,125.90,250.00,100,3.00,124.10
382962,125.70,250.00,100,3.00,124.30
383639,125.50,250.00,100,3.00,124.50
384316,125.27,250.00,100,3.00,124.73
384993,125.07,250.00,100,3.00,124.93
385670,124.87,250.00,100,3.00,125.13
386347,124.67,250.00,100,3.00,125.33
387024,124.48,250.00,100,3.00,125.52
387701,124.29,250.00,100,3.00,125.71
388378,124.10,250.00,100,3.00,125.90
389055,123.90,250.00,100,3.00,126.10
389732,123.67,250.00,100,3.00,126.33
390409,123.44,250.00,100,3.00,126.56
391086,123.22,250.00,100,3.00,126.78
391763,123.01,250.00,100,3.00,126.99
392440,122.81,250.00,100,3.00,127.19
393117,122.61,250.00,100,3.00,127.39
393794,122.43,250.00,100,3.00,127.57
394471,122.23,250.00,100,3.00,127.77
395148,122.06,250.00,100,3.00,127.94
395825,121.87,250.00,100,3.00,128.13
396502,121.67,250.00,100,3.00,128.33
397179,121.47,250.00,100,3.00,128.53
397856,121.27,250.00,100,3.00,128.73
398533,121.06,250.00,100,3.00,128.94
399210,120.86,250.00,100,3.00,129.14
399887,120.67,250.00,100,3.00,129.33
400564,120.49,250.00,100,3.00,129.51
401241,120.30,250.00,100,3.00,129.70
401918,120.12,250.00,100,3.00,129.88
402595,119.93,250.00,100,3.00,130.07
403272,119.75,250.00,100,3.00,130.25
403949,119.56,250.00,100,3.00,130.44
404626,119.37,250.00,100,3.00,130.63
405303,119.16,250.00,100,3.00,130.84
405980,118.96,250.00,100,3.00,131.04
406657,118.78,250.00,100,3.00,131.22
407334,118.58,250.00,100,3.00,131.42
408011,118.38,250.00,100,3.00,131.62
408688,118.19,250.00,100,3.00,131.81
409365,118.03,250.00,100,3.00,131.97
410042,117.84,250.00,100,3.00,132.16
410719,117.65,250.00,100,3.00,132.35
411396,117.45,250.00,100,3.00,132.55
412073,117.24,250.00,100,3.00,132.76
412750,117.03,250.00,100,3.00,132.97
413427,116.85,250.00,100,3.00,133.15
414104,116.68,250.00,100,3.00,133.32
414781,116.50,250.00,100,3.00,133.50
415458,116.31,250.00,100,3.00,133.69
416135,116.15,250.00,100,3.00,133.85
416812,115.99,250.00,100,3.00,134.01
417489,115.82,250.00,100,3.00,134.18
418166,115.60,250.00,100,3.00,134.40
418843,115.38,250.00,100,3.00,134.62
419520,115.18,250.00,100,3.00,134.82
420197,114.98,250.00,100,3.00,135.02
420874,114.81,250.00,100,3.00,135.19
421551,114.65,250.00,100,3.00,135.35
422228,114.47,250.00,100,3.00,135.53
422905,114.31,250.00,100,3.00,135.69
423582,114.14,250.00,100,3.00,135.86
424259,113.98,250.00,100,3.00,136.02
424936,113.82,250.00,100,3.00,136.18
425613,113.66,250.00,100,3.00,136.34
426290,113.48,250.00,100,3.00,136.52
426967,113.28,250.00,100,3.00,136.72
427644,113.10,250.00,100,3.00,136.90
428321,112.93,250.00,100,3.00,137.07
428998,112.75,250.00,100,3.00,137.25
429675,112.57,250.00,100,3.00,137.43
430352,112.41,250.00,100,3.00,137.59
431029,112.25,250.00,100,3.00,137.75
431706,112.14,250.00,100,3.00,137.86
432383,112.03,250.00,100,3.00,137.97
433060,111.91,250.00,100,3.00,138.09
433737,111.78,250.00,100,3.00,138.22
