Time_ms,Temp_C,Setpoint_C,Heater_Duty,Speed_mm_s,Error_C
8313,204.84,250.00,100,3.00,45.16
8861,204.66,250.00,100,3.00,45.34
9484,204.51,250.00,100,3.00,45.49
10032,204.28,250.00,100,3.00,45.72
10580,204.05,250.00,100,3.00,45.95
11128,203.79,250.00,100,3.00,46.21
11676,203.51,250.00,100,3.00,46.49
2171,199.16,250.00,100,3.00,50.84
2270,199.17,250.00,100,3.00,50.83
2370,199.16,250.00,100,3.00,50.84
2470,199.16,250.00,100,3.00,50.84
2570,199.16,250.00,100,3.00,50.84
2670,199.13,250.00,100,3.00,50.87
2770,199.10,250.00,100,3.00,50.90
2870,199.08,250.00,100,3.00,50.92
2970,199.05,250.00,100,3.00,50.95
3070,199.02,250.00,100,3.00,50.98
3170,198.99,250.00,100,3.00,51.01
3270,198.96,250.00,100,3.00,51.04
3370,198.93,250.00,100,3.00,51.07
3470,198.90,250.00,100,3.00,51.10
3570,198.86,250.00,100,3.00,51.14
3670,198.83,250.00,100,3.00,51.17
3770,198.81,250.00,100,3.00,51.19
3870,198.78,250.00,100,3.00,51.22
3970,198.75,250.00,100,3.00,51.25
4070,198.72,250.00,100,3.00,51.28
4170,198.69,250.00,100,3.00,51.31
4270,198.64,250.00,100,3.00,51.36
4370,198.60,250.00,100,3.00,51.40
4470,198.56,250.00,100,3.00,51.44
4570,198.53,250.00,100,3.00,51.47
4670,198.51,250.00,100,3.00,51.49
4770,198.46,250.00,100,3.00,51.54
4870,198.41,250.00,100,3.00,51.59
4970,198.38,250.00,100,3.00,51.62
5070,198.34,250.00,100,3.00,51.66
5170,198.30,250.00,100,3.00,51.70
5270,198.27,250.00,100,3.00,51.73
5370,198.22,250.00,100,3.00,51.78
5470,198.19,250.00,100,3.00,51.81
5570,198.16,250.00,100,3.00,51.84
5670,198.12,250.00,100,3.00,51.88
5770,198.09,250.00,100,3.00,51.91
5870,198.06,250.00,100,3.00,51.94
5970,198.04,250.00,100,3.00,51.96
6070,198.02,250.00,100,3.00,51.98
2171,197.60,250.00,100,3.00,52.40
2270,197.61,250.00,100,3.00,52.39
2370,197.62,250.00,100,3.00,52.38
2470,197.64,250.00,100,3.00,52.36
2570,197.67,250.00,100,3.00,52.33
2670,197.68,250.00,100,3.00,52.32
2770,197.67,250.00,100,3.00,52.33
2870,197.68,250.00,100,3.00,52.32
2970,197.70,250.00,100,3.00,52.30
3070,197.70,250.00,100,3.00,52.30
3170,197.72,250.00,100,3.00,52.28
3270,197.73,250.00,100,3.00,52.27
3370,197.74,250.00,100,3.00,52.26
3470,197.75,250.00,100,3.00,52.25
3570,197.76,250.00,100,3.00,52.24
3670,197.77,250.00,100,3.00,52.23
3770,197.80,250.00,100,3.00,52.20
3870,197.83,250.00,100,3.00,52.17
3970,197.84,250.00,100,3.00,52.16
4070,197.86,250.00,100,3.00,52.14
4170,197.88,250.00,100,3.00,52.12
4270,197.88,250.00,100,3.00,52.12
4370,197.91,250.00,100,3.00,52.09
4470,197.92,250.00,100,3.00,52.08
4570,197.94,250.00,100,3.00,52.06
4670,197.98,250.00,100,3.00,52.02
4770,198.00,250.00,100,3.00,52.00
4870,198.01,250.00,100,3.00,51.99
4970,198.02,250.00,100,3.00,51.98
5070,198.04,250.00,100,3.00,51.96
5170,198.06,250.00,100,3.00,51.94
5270,198.09,250.00,100,3.00,51.91
5370,198.10,250.00,100,3.00,51.90
5470,198.12,250.00,100,3.00,51.88
5570,198.16,250.00,100,3.00,51.84
5670,198.19,250.00,100,3.00,51.81
5770,198.22,250.00,100,3.00,51.78
5870,198.25,250.00,100,3.00,51.75
5970,198.29,250.00,100,3.00,51.71
6070,198.32,250.00,100,3.00,51.68
6170,198.36,250.00,100,3.00,51.64
6270,198.38,250.00,100,3.00,51.62
6370,198.40,250.00,100,3.00,51.60
6470,198.43,250.00,100,3.00,51.57
6570,198.45,250.00,100,3.00,51.55
6670,198.49,250.00,100,3.00,51.51
6770,198.53,250.00,100,3.00,51.47
6870,198.55,250.00,100,3.00,51.45
6970,198.57,250.00,100,3.00,51.43
7070,198.60,250.00,100,3.00,51.40
7170,198.64,250.00,100,3.00,51.36
7270,198.67,250.00,100,3.00,51.33
7370,198.70,250.00,100,3.00,51.30
7470,198.73,250.00,100,3.00,51.27
7570,198.77,250.00,100,3.00,51.23
7670,198.81,250.00,100,3.00,51.19
7770,198.84,250.00,100,3.00,51.16
7870,198.87,250.00,100,3.00,51.13
7970,198.93,250.00,100,3.00,51.07
8070,198.97,250.00,100,3.00,51.03
8170,199.02,250.00,100,3.00,50.98
8270,199.07,250.00,100,3.00,50.93
8370,199.12,250.00,100,3.00,50.88
8470,199.15,250.00,100,3.00,50.85
8570,199.20,250.00,100,3.00,50.80
8670,199.25,250.00,100,3.00,50.75
8770,199.30,250.00,100,3.00,50.70
8870,199.37,250.00,100,3.00,50.63
8970,199.42,250.00,100,3.00,50.58
9070,199.46,250.00,100,3.00,50.54
9170,199.50,250.00,100,3.00,50.50
9270,199.56,250.00,100,3.00,50.44
9370,199.61,250.00,100,3.00,50.39
9470,199.67,250.00,100,3.00,50.33
9570,199.72,250.00,100,3.00,50.28
9670,199.78,250.00,100,3.00,50.22
9770,199.85,250.00,100,3.00,50.15
9870,199.90,250.00,100,3.00,50.10
9970,199.96,250.00,100,3.00,50.04
10070,200.03,250.00,100,3.00,49.97
10170,200.11,250.00,100,3.00,49.89
10270,200.17,250.00,100,3.00,49.83
10370,200.24,250.00,100,3.00,49.76
10470,200.31,250.00,100,3.00,49.69
10570,200.36,250.00,100,3.00,49.64
10670,200.43,250.00,100,3.00,49.57
10770,200.50,250.00,100,3.00,49.50
10870,200.59,250.00,100,3.00,49.41
10970,200.69,250.00,100,3.00,49.31
11070,200.75,250.00,100,3.00,49.25
11170,200.81,250.00,100,3.00,49.19
11270,200.88,250.00,100,3.00,49.12
11370,200.97,250.00,100,3.00,49.03
11470,201.04,250.00,100,3.00,48.96
11570,201.12,250.00,100,3.00,48.88
11670,201.19,250.00,100,3.00,48.81
11770,201.27,250.00,100,3.00,48.73
11870,201.36,250.00,100,3.00,48.64
11970,201.44,250.00,100,3.00,48.56
12070,201.51,250.00,100,3.00,48.49
12170,201.60,250.00,100,3.00,48.40
12270,201.70,250.00,100,3.00,48.30
12370,201.79,250.00,100,3.00,48.21
12470,201.88,250.00,100,3.00,48.12
12570,201.96,250.00,100,3.00,48.04
12670,202.03,250.00,100,3.00,47.97
12770,202.12,250.00,100,3.00,47.88
12870,202.20,250.00,100,3.00,47.80
12970,202.30,250.00,100,3.00,47.70
13070,202.42,250.00,100,3.00,47.58
13170,202.50,250.00,100,3.00,47.50
13270,202.58,250.00,100,3.00,47.42
13370,202.67,250.00,100,3.00,47.33
13470,202.76,250.00,100,3.00,47.24
13570,202.86,250.00,100,3.00,47.14
13670,202.95,250.00,100,3.00,47.05
13770,203.03,250.00,100,3.00,46.97
13870,203.13,250.00,100,3.00,46.87
13970,203.23,250.00,100,3.00,46.77
14070,203.32,250.00,100,3.00,46.68
14170,203.42,250.00,100,3.00,46.58
14270,203.52,250.00,100,3.00,46.48
14370,203.64,250.00,100,3.00,46.36
14470,203.75,250.00,100,3.00,46.25
14570,203.85,250.00,100,3.00,46.15
14670,203.96,250.00,100,3.00,46.04
14770,204.05,250.00,100,3.00,45.95
14870,204.18,250.00,100,3.00,45.82
14970,204.30,250.00,100,3.00,45.70
15070,204.42,250.00,100,3.00,45.58
15170,204.56,250.00,100,3.00,45.44
15270,204.67,250.00,100,3.00,45.33
15370,204.81,250.00,100,3.00,45.19
15470,204.90,250.00,100,3.00,45.10
15570,205.02,250.00,100,3.00,44.98
15670,205.14,250.00,100,3.00,44.86
15770,205.24,250.00,100,3.00,44.76
15870,205.34,250.00,100,3.00,44.66
15970,205.44,250.00,100,3.00,44.56
16070,205.55,250.00,100,3.00,44.45
16170,205.66,250.00,100,3.00,44.34
16270,205.75,250.00,100,3.00,44.25
16370,205.85,250.00,100,3.00,44.15
16470,205.95,250.00,100,3.00,44.05
16570,206.04,250.00,100,3.00,43.96
16670,206.15,250.00,100,3.00,43.85
16770,206.27,250.00,100,3.00,43.73
16870,206.36,250.00,100,3.00,43.64
16970,206.48,250.00,100,3.00,43.52
17070,206.59,250.00,100,3.00,43.41
17170,206.71,250.00,100,3.00,43.29
17270,206.82,250.00,100,3.00,43.18
17370,206.94,250.00,100,3.00,43.06
17470,207.08,250.00,100,3.00,42.92
17570,207.19,250.00,100,3.00,42.81
17670,207.31,250.00,100,3.00,42.69
17770,207.44,250.00,100,3.00,42.56
17870,207.58,250.00,100,3.00,42.42
17970,207.70,250.00,100,3.00,42.30
18070,207.84,250.00,100,3.00,42.16
18170,207.96,250.00,100,3.00,42.04
18270,208.08,250.00,100,3.00,41.92
18370,208.21,250.00,100,3.00,41.79
18470,208.34,250.00,100,3.00,41.66
18570,208.47,250.00,100,3.00,41.53
18670,208.59,250.00,100,3.00,41.41
18770,208.71,250.00,100,3.00,41.29
18870,208.86,250.00,100,3.00,41.14
18970,209.00,250.00,100,3.00,41.00
19070,209.14,250.00,100,3.00,40.86
19170,209.28,250.00,100,3.00,40.72
19270,209.39,250.00,100,3.00,40.61
19370,209.52,250.00,100,3.00,40.48
19470,209.65,250.00,100,3.00,40.35
19570,209.77,250.00,100,3.00,40.23
19670,209.90,250.00,100,3.00,40.10
19770,210.01,250.00,100,3.00,39.99
19870,210.13,250.00,100,3.00,39.87
19970,210.27,250.00,100,3.00,39.73
20070,210.38,250.00,100,3.00,39.62
20170,210.53,250.00,100,3.00,39.47
20270,210.64,250.00,100,3.00,39.36
20370,210.77,250.00,100,3.00,39.23
20470,210.89,250.00,100,3.00,39.11
20570,211.00,250.00,100,3.00,39.00
20670,211.14,250.00,100,3.00,38.86
20770,211.27,250.00,100,3.00,38.73
20870,211.40,250.00,100,3.00,38.60
20970,211.56,250.00,100,3.00,38.44
21070,211.69,250.00,100,3.00,38.31
21170,211.84,250.00,100,3.00,38.16
21270,211.97,250.00,100,3.00,38.03
21370,212.08,250.00,100,3.00,37.92
21470,212.21,250.00,100,3.00,37.79
21570,212.36,250.00,100,3.00,37.64
21670,212.48,250.00,100,3.00,37.52
21770,212.63,250.00,100,3.00,37.37
21870,212.74,250.00,100,3.00,37.26
21970,212.87,250.00,100,3.00,37.13
22070,213.00,250.00,100,3.00,37.00
22170,213.12,250.00,100,3.00,36.88
22270,213.27,250.00,100,3.00,36.73
22370,213.38,250.00,100,3.00,36.62
22470,213.50,250.00,100,3.00,36.50
22570,213.64,250.00,100,3.00,36.36
22670,213.76,250.00,100,3.00,36.24
22770,213.87,250.00,100,3.00,36.13
22870,213.97,250.00,100,3.00,36.03
22970,214.09,250.00,100,3.00,35.91
23070,214.21,250.00,100,3.00,35.79
23170,214.34,250.00,100,3.00,35.66
23270,214.46,250.00,100,3.00,35.54
23370,214.56,250.00,100,3.00,35.44
23470,214.72,250.00,100,3.00,35.28
23570,214.88,250.00,100,3.00,35.12
23670,215.06,250.00,100,3.00,34.94
23770,215.18,250.00,100,3.00,34.82
23870,215.29,250.00,100,3.00,34.71
23970,215.44,250.00,100,3.00,34.56
24070,215.57,250.00,100,3.00,34.43
24170,215.68,250.00,100,3.00,34.32
24270,215.79,250.00,100,3.00,34.21
24370,215.90,250.00,100,3.00,34.10
24470,216.02,250.00,100,3.00,33.98
24570,216.14,250.00,100,3.00,33.86
24670,216.27,250.00,100,3.00,33.73
24770,216.41,250.00,100,3.00,33.59
24870,216.56,250.00,100,3.00,33.44
24970,216.70,250.00,100,3.00,33.30
25070,216.83,250.00,100,3.00,33.17
25170,216.98,250.00,100,3.00,33.02
25270,217.10,250.00,100,3.00,32.90
25370,217.25,250.00,100,3.00,32.75
25470,217.37,250.00,100,3.00,32.63
25570,217.52,250.00,100,3.00,32.48
25670,217.68,250.00,100,3.00,32.32
25770,217.80,250.00,100,3.00,32.20
25870,217.92,250.00,100,3.00,32.08
25970,218.04,250.00,100,3.00,31.96
26070,218.17,250.00,100,3.00,31.83
26170,218.30,250.00,100,3.00,31.70
26270,218.43,250.00,100,3.00,31.57
26370,218.55,250.00,100,3.00,31.45
26470,218.68,250.00,100,3.00,31.32
26570,218.81,250.00,100,3.00,31.19
26670,218.93,250.00,100,3.00,31.07
26770,219.05,250.00,100,3.00,30.95
26870,219.18,250.00,100,3.00,30.82
26970,219.31,250.00,100,3.00,30.69
27070,219.45,250.00,100,3.00,30.55
27170,219.56,250.00,100,3.00,30.44
27270,219.69,250.00,100,3.00,30.31
27370,219.80,250.00,100,3.00,30.20
27470,219.93,250.00,100,3.00,30.07
27570,220.05,250.00,100,3.00,29.95
27670,220.18,250.00,100,3.00,29.82
27770,220.34,250.00,100,3.00,29.66
27870,220.46,250.00,100,3.00,29.54
27970,220.57,250.00,100,3.00,29.43
28070,220.68,250.00,100,3.00,29.32
28170,220.80,250.00,100,3.00,29.20
28270,220.92,250.00,100,3.00,29.08
28370,221.04,250.00,100,3.00,28.96
28470,221.15,250.00,100,3.00,28.85
28570,221.27,250.00,100,3.00,28.73
28670,221.40,250.00,100,3.00,28.60
28770,221.52,250.00,100,3.00,28.48
28870,221.64,250.00,100,3.00,28.36
28970,221.78,250.00,98,3.00,28.22
29070,221.89,250.00,100,3.00,28.11
29170,221.99,250.00,100,3.00,28.01
29270,222.14,250.00,97,3.00,27.86
29370,222.30,250.00,94,3.00,27.70
29470,222.44,250.00,95,3.00,27.56
29570,222.55,250.00,99,3.00,27.45
29670,222.67,250.00,97,3.00,27.33
29770,222.81,250.00,95,3.00,27.19
29870,222.90,250.00,98,3.00,27.10
29970,223.03,250.00,95,3.00,26.97
30070,223.13,250.00,96,3.00,26.87
30170,223.27,250.00,93,3.00,26.73
30270,223.40,250.00,93,3.00,26.60
30370,223.54,250.00,91,3.00,26.46
30470,223.69,250.00,90,3.00,26.31
30570,223.77,250.00,96,3.00,26.23
30670,223.87,250.00,94,3.00,26.13
30770,224.00,250.00,91,3.00,26.00
30870,224.12,250.00,91,3.00,25.88
30970,224.23,250.00,91,3.00,25.77
31070,224.36,250.00,90,3.00,25.64
31170,224.49,250.00,89,3.00,25.51
31270,224.60,250.00,90,3.00,25.40
31370,224.75,250.00,85,3.00,25.25
31470,224.86,250.00,89,3.00,25.14
31570,225.03,250.00,82,3.00,24.97
31670,225.16,250.00,86,3.00,24.84
31770,225.27,250.00,87,3.00,24.73
31870,225.38,250.00,88,3.00,24.62
31970,225.50,250.00,86,3.00,24.50
32070,225.65,250.00,82,3.00,24.35
32170,225.78,250.00,83,3.00,24.22
32270,225.91,250.00,83,3.00,24.09
32370,226.02,250.00,85,3.00,23.98
32470,226.14,250.00,83,3.00,23.86
32570,226.25,250.00,83,3.00,23.75
32670,226.33,250.00,87,3.00,23.67
32770,226.49,250.00,77,3.00,23.51
32870,226.62,250.00,79,3.00,23.38
32970,226.76,250.00,79,3.00,23.24
33070,226.86,250.00,81,3.00,23.14
33170,227.01,250.00,77,3.00,22.99
33270,227.12,250.00,80,3.00,22.88
33370,227.27,250.00,75,3.00,22.73
33470,227.37,250.00,80,3.00,22.63
33570,227.47,250.00,80,3.00,22.53
33670,227.61,250.00,75,3.00,22.39
33770,227.71,250.00,78,3.00,22.29
33870,227.81,250.00,78,3.00,22.19
33970,227.93,250.00,76,3.00,22.07
34070,228.04,250.00,76,3.00,21.96
34170,228.17,250.00,74,3.00,21.83
34270,228.31,250.00,72,3.00,21.69
34370,228.44,250.00,73,3.00,21.56
34470,228.54,250.00,76,3.00,21.46
34570,228.64,250.00,74,3.00,21.36
34670,228.77,250.00,71,3.00,21.23
34770,228.90,250.00,71,3.00,21.10
34870,229.06,250.00,67,3.00,20.94
34970,229.18,250.00,70,3.00,20.82
35070,229.27,250.00,73,3.00,20.73
35170,229.36,250.00,74,3.00,20.64
35270,229.45,250.00,72,3.00,20.55
35370,229.55,250.00,72,3.00,20.45
35470,229.64,250.00,72,3.00,20.36
35570,229.74,250.00,70,3.00,20.26
35670,229.83,250.00,71,3.00,20.17
35770,229.95,250.00,68,3.00,20.05
35870,230.08,250.00,67,3.00,19.92
35970,230.21,250.00,66,3.00,19.79
36070,230.32,250.00,67,3.00,19.68
36170,230.45,250.00,65,3.00,19.55
36270,230.55,250.00,67,3.00,19.45
36370,230.64,250.00,68,3.00,19.36
36470,230.73,250.00,67,3.00,19.27
36570,230.84,250.00,65,3.00,19.16
36670,230.93,250.00,67,3.00,19.07
36770,231.05,250.00,64,3.00,18.95
36870,231.16,250.00,63,3.00,18.84
36970,231.31,250.00,59,3.00,18.69
37070,231.41,250.00,64,3.00,18.59
37170,231.50,250.00,65,3.00,18.50
37270,231.61,250.00,61,3.00,18.39
37370,231.71,250.00,63,3.00,18.29
37470,231.80,250.00,63,3.00,18.20
37570,231.90,250.00,62,3.00,18.10
37670,232.02,250.00,59,3.00,17.98
37770,232.11,250.00,62,3.00,17.89
37870,232.28,250.00,54,3.00,17.72
37970,232.36,250.00,62,3.00,17.64
38070,232.45,250.00,60,3.00,17.55
38170,232.53,250.00,62,3.00,17.47
38270,232.63,250.00,59,3.00,17.37
38370,232.71,250.00,60,3.00,17.29
38470,232.82,250.00,58,3.00,17.18
38570,232.89,250.00,60,3.00,17.11
38670,232.99,250.00,58,3.00,17.01
38770,233.07,250.00,59,3.00,16.93
38870,233.15,250.00,59,3.00,16.85
38970,233.25,250.00,57,3.00,16.75
39070,233.35,250.00,56,3.00,16.65
39170,233.45,250.00,56,3.00,16.55
39270,233.53,250.00,57,3.00,16.47
39370,233.61,250.00,57,3.00,16.39
39470,233.71,250.00,55,3.00,16.29
39570,233.79,250.00,56,3.00,16.21
39670,233.86,250.00,57,3.00,16.14
39770,233.95,250.00,55,3.00,16.05
39870,234.05,250.00,53,3.00,15.95
39970,234.14,250.00,54,3.00,15.86
40070,234.20,250.00,57,3.00,15.80
40170,234.29,250.00,52,3.00,15.71
40270,234.39,250.00,52,3.00,15.61
40370,234.48,250.00,53,3.00,15.52
40470,234.55,250.00,54,3.00,15.45
40570,234.65,250.00,52,3.00,15.35
40670,234.70,250.00,55,3.00,15.30
40770,234.80,250.00,51,3.00,15.20
40870,234.87,250.00,53,3.00,15.13
40970,234.95,250.00,52,3.00,15.05
41070,235.02,250.00,52,3.00,14.98
41170,235.09,250.00,52,3.00,14.91
41270,235.15,250.00,54,3.00,14.85
41370,235.25,250.00,49,3.00,14.75
41470,235.32,250.00,52,3.00,14.68
41570,235.40,250.00,52,3.00,14.60
41670,235.45,250.00,54,3.00,14.55
41770,235.51,250.00,53,3.00,14.49
41870,235.58,250.00,53,3.00,14.42
41970,235.66,250.00,50,3.00,14.34
42070,235.71,250.00,54,3.00,14.29
42170,235.77,250.00,54,3.00,14.23
42270,235.83,250.00,52,3.00,14.17
42370,235.92,250.00,50,3.00,14.08
42470,236.02,250.00,50,3.00,13.98
42570,236.11,250.00,49,3.00,13.89
42670,236.16,250.00,53,3.00,13.84
42770,236.24,250.00,51,3.00,13.76
42870,236.31,250.00,51,3.00,13.69
42970,236.36,250.00,53,3.00,13.64
43070,236.41,250.00,54,3.00,13.59
43170,236.44,250.00,55,3.00,13.56
43270,236.52,250.00,50,3.00,13.48
43370,236.57,250.00,53,3.00,13.43
43470,236.62,250.00,54,3.00,13.38
43570,236.67,250.00,53,3.00,13.33
43670,236.77,250.00,48,3.00,13.23
43770,236.81,250.00,55,3.00,13.19
43870,236.85,250.00,54,3.00,13.15
43970,236.90,250.00,53,3.00,13.10
44070,236.97,250.00,51,3.00,13.03
44170,237.05,250.00,50,3.00,12.95
44270,237.07,250.00,56,3.00,12.93
44370,237.11,250.00,54,3.00,12.89
44470,237.18,250.00,51,3.00,12.82
44570,237.23,250.00,54,3.00,12.77
44670,237.30,250.00,51,3.00,12.70
44770,237.33,250.00,55,3.00,12.67
44870,237.34,250.00,57,3.00,12.66
44970,237.37,250.00,55,3.00,12.63
45070,237.41,250.00,54,3.00,12.59
45170,237.46,250.00,53,3.00,12.54
45270,237.50,250.00,55,3.00,12.50
45370,237.54,250.00,54,3.00,12.46
45470,237.56,250.00,57,3.00,12.44
45570,237.61,250.00,54,3.00,12.39
45670,237.69,250.00,50,3.00,12.31
45770,237.73,250.00,54,3.00,12.27
45870,237.77,250.00,54,3.00,12.23
45970,237.85,250.00,51,3.00,12.15
46070,237.89,250.00,53,3.00,12.11
46170,237.96,250.00,52,3.00,12.04
46270,238.00,250.00,53,3.00,12.00
46370,238.05,250.00,54,3.00,11.95
46470,238.05,250.00,57,3.00,11.95
46570,238.07,250.00,57,3.00,11.93
46670,238.12,250.00,54,3.00,11.88
46770,238.12,250.00,58,3.00,11.88
46870,238.14,250.00,57,3.00,11.86
46970,238.19,250.00,54,3.00,11.81
47070,238.18,250.00,59,3.00,11.82
47170,238.19,250.00,58,3.00,11.81
47270,238.24,250.00,55,3.00,11.76
47370,238.26,250.00,56,3.00,11.74
47470,238.26,250.00,60,3.00,11.74
47570,238.31,250.00,55,3.00,11.69
47670,238.33,250.00,57,3.00,11.67
47770,238.39,250.00,53,3.00,11.61
47870,238.43,250.00,55,3.00,11.57
47970,238.46,250.00,56,3.00,11.54
48070,238.44,250.00,62,3.00,11.56
48170,238.43,250.00,61,3.00,11.57
48270,238.44,250.00,59,3.00,11.56
48370,238.44,250.00,59,3.00,11.56
48470,238.43,250.00,61,3.00,11.57
48570,238.44,250.00,59,3.00,11.56
48670,238.44,250.00,61,3.00,11.56
48770,238.44,250.00,61,3.00,11.56
48870,238.47,250.00,58,3.00,11.53
48970,238.48,250.00,59,3.00,11.52
49070,238.47,250.00,63,3.00,11.53
49170,238.50,250.00,58,3.00,11.50
49270,238.51,250.00,60,3.00,11.49
49370,238.52,250.00,61,3.00,11.48
49470,238.49,250.00,65,3.00,11.51
49570,238.47,250.00,64,3.00,11.53
49670,238.53,250.00,56,3.00,11.47
49770,238.54,250.00,61,3.00,11.46
49870,238.52,250.00,63,3.00,11.48
49970,238.52,250.00,62,3.00,11.48
50070,238.55,250.00,60,3.00,11.45
50170,238.56,250.00,62,3.00,11.44
50270,238.58,250.00,61,3.00,11.42
50370,238.59,250.00,61,3.00,11.41
50470,238.61,250.00,62,3.00,11.39
50570,238.61,250.00,63,3.00,11.39
50670,238.66,250.00,58,3.00,11.34
50770,238.67,250.00,63,3.00,11.33
50870,238.64,250.00,66,3.00,11.36
50970,238.62,250.00,66,3.00,11.38
51070,238.61,250.00,65,3.00,11.39
51170,238.59,250.00,66,3.00,11.41
51270,238.57,250.00,66,3.00,11.43
51370,238.56,250.00,66,3.00,11.44
51470,238.62,250.00,59,3.00,11.38
51570,238.60,250.00,67,3.00,11.40
51670,238.61,250.00,64,3.00,11.39
51770,238.63,250.00,63,3.00,11.37
51870,238.65,250.00,63,3.00,11.35
51970,238.64,250.00,67,3.00,11.36
52070,238.65,250.00,65,3.00,11.35
52170,238.66,250.00,64,3.00,11.34
52270,238.65,250.00,67,3.00,11.35
52370,238.67,250.00,64,3.00,11.33
52470,238.68,250.00,65,3.00,11.32
52570,238.69,250.00,66,3.00,11.31
52670,238.68,250.00,67,3.00,11.32
52770,238.68,250.00,67,3.00,11.32
52870,238.69,250.00,65,3.00,11.31
52970,238.67,250.00,69,3.00,11.33
53070,238.67,250.00,68,3.00,11.33
53170,238.67,250.00,67,3.00,11.33
53270,238.69,250.00,66,3.00,11.31
53370,238.69,250.00,67,3.00,11.31
53470,238.70,250.00,67,3.00,11.30
53570,238.66,250.00,72,3.00,11.34
53670,238.67,250.00,68,3.00,11.33
53770,238.65,250.00,70,3.00,11.35
53870,238.66,250.00,68,3.00,11.34
53970,238.64,250.00,70,3.00,11.36
54070,238.64,250.00,69,3.00,11.36
54170,238.69,250.00,64,3.00,11.31
54270,238.70,250.00,68,3.00,11.30
54370,238.71,250.00,69,3.00,11.29
54470,238.69,250.00,71,3.00,11.31
54570,238.67,250.00,71,3.00,11.33
54670,238.67,250.00,70,3.00,11.33
54770,238.69,250.00,67,3.00,11.31
54870,238.69,250.00,71,3.00,11.31
54970,238.70,250.00,69,3.00,11.30
55070,238.68,250.00,72,3.00,11.32
55170,238.68,250.00,71,3.00,11.32
55270,238.66,250.00,72,3.00,11.34
55370,238.64,250.00,74,3.00,11.36
55470,238.62,250.00,74,3.00,11.38
55570,238.67,250.00,66,3.00,11.33
55670,238.67,250.00,71,3.00,11.33
55770,238.68,250.00,71,3.00,11.32
55870,238.65,250.00,75,3.00,11.35
55970,238.67,250.00,70,3.00,11.33
56070,238.67,250.00,73,3.00,11.33
56170,238.68,250.00,71,3.00,11.32
56270,238.72,250.00,69,3.00,11.28
56370,238.73,250.00,71,3.00,11.27
56470,238.73,250.00,73,3.00,11.27
56570,238.74,250.00,72,3.00,11.26
56670,238.71,250.00,75,3.00,11.29
56770,238.73,250.00,72,3.00,11.27
56870,238.72,250.00,74,3.00,11.28
56970,238.73,250.00,72,3.00,11.27
57070,238.73,250.00,74,3.00,11.27
57170,238.75,250.00,72,3.00,11.25
57270,238.73,250.00,75,3.00,11.27
57370,238.71,250.00,76,3.00,11.29
57470,238.74,250.00,71,3.00,11.26
57570,238.73,250.00,76,3.00,11.27
57670,238.77,250.00,71,3.00,11.23
57770,238.77,250.00,75,3.00,11.23
57870,238.74,250.00,77,3.00,11.26
57970,238.71,250.00,79,3.00,11.29
58070,238.75,250.00,71,3.00,11.25
58170,238.75,250.00,76,3.00,11.25
58270,238.75,250.00,76,3.00,11.25
58370,238.76,250.00,75,3.00,11.24
58470,238.77,250.00,74,3.00,11.23
58570,238.75,250.00,79,3.00,11.25
58670,238.81,250.00,70,3.00,11.19
58770,238.83,250.00,74,3.00,11.17
58870,238.87,250.00,72,3.00,11.13
58970,238.89,250.00,74,3.00,11.11
59070,238.91,250.00,75,3.00,11.09
59170,238.92,250.00,75,3.00,11.08
59270,238.95,250.00,73,3.00,11.05
59370,238.95,250.00,77,3.00,11.05
59470,238.94,250.00,78,3.00,11.06
59570,238.91,250.00,79,3.00,11.09
59670,238.93,250.00,76,3.00,11.07
59770,238.93,250.00,77,3.00,11.07
59870,238.91,250.00,80,3.00,11.09
59970,238.93,250.00,76,3.00,11.07
60070,238.98,250.00,73,3.00,11.02
60170,238.99,250.00,76,3.00,11.01
60270,239.00,250.00,78,3.00,11.00
60370,238.99,250.00,79,3.00,11.01
60470,239.04,250.00,73,3.00,10.96
60570,239.04,250.00,79,3.00,10.96
60670,239.03,250.00,80,3.00,10.97
60770,239.07,250.00,75,3.00,10.93
60870,239.08,250.00,78,3.00,10.92
60970,239.08,250.00,78,3.00,10.92
61070,239.10,250.00,77,3.00,10.90
61170,239.07,250.00,82,3.00,10.93
61270,239.08,250.00,79,3.00,10.92
61370,239.11,250.00,76,3.00,10.89
61470,239.13,250.00,77,3.00,10.87
61570,239.13,250.00,80,3.00,10.87
61670,239.20,250.00,72,3.00,10.80
61770,239.20,250.00,80,3.00,10.80
61870,239.23,250.00,76,3.00,10.77
61970,239.22,250.00,81,3.00,10.78
62070,239.25,250.00,77,3.00,10.75
62170,239.30,250.00,75,3.00,10.70
62270,239.30,250.00,80,3.00,10.70
62370,239.31,250.00,80,3.00,10.69
62470,239.32,250.00,79,3.00,10.68
62570,239.35,250.00,77,3.00,10.65
62670,239.38,250.00,78,3.00,10.62
62770,239.39,250.00,80,3.00,10.61
62870,239.43,250.00,76,3.00,10.57
62970,239.44,250.00,80,3.00,10.56
63070,239.51,250.00,73,3.00,10.49
63170,239.51,250.00,80,3.00,10.49
63270,239.54,250.00,78,3.00,10.46
63370,239.54,250.00,81,3.00,10.46
63470,239.58,250.00,77,3.00,10.42
63570,239.55,250.00,84,3.00,10.45
63670,239.60,250.00,76,3.00,10.40
63770,239.58,250.00,84,3.00,10.42
63870,239.59,250.00,80,3.00,10.41
63970,239.64,250.00,77,3.00,10.36
64070,239.62,250.00,84,3.00,10.38
64170,239.65,250.00,78,3.00,10.35
64270,239.64,250.00,83,3.00,10.36
64370,239.65,250.00,81,3.00,10.35
64470,239.70,250.00,77,3.00,10.30
64570,239.70,250.00,82,3.00,10.30
64670,239.76,250.00,76,3.00,10.24
64770,239.82,250.00,76,3.00,10.18
64870,239.80,250.00,84,3.00,10.20
64970,239.86,250.00,77,3.00,10.14
65070,239.85,250.00,82,3.00,10.15
65170,239.87,250.00,80,3.00,10.13
65270,239.89,250.00,81,3.00,10.11
65370,239.95,250.00,77,3.00,10.05
65470,239.98,250.00,79,3.00,10.02
65570,240.01,250.00,80,3.00,9.99
65670,240.04,250.00,79,3.00,9.96
65770,240.05,250.00,81,3.00,9.95
65870,240.11,250.00,76,3.00,9.89
65970,240.13,250.00,81,3.00,9.87
66070,240.16,250.00,79,3.00,9.84
66170,240.15,250.00,84,3.00,9.85
66270,240.17,250.00,81,3.00,9.83
66370,240.23,250.00,77,3.00,9.77
66470,240.20,250.00,86,3.00,9.80
66570,240.26,250.00,77,3.00,9.74
66670,240.26,250.00,83,3.00,9.74
66770,240.33,250.00,76,3.00,9.67
66870,240.40,250.00,76,3.00,9.60
66970,240.44,250.00,78,3.00,9.56
67070,240.47,250.00,80,3.00,9.53
67170,240.50,250.00,80,3.00,9.50
67270,240.51,250.00,81,3.00,9.49
67370,240.56,250.00,78,3.00,9.44
67470,240.62,250.00,76,3.00,9.38
67570,240.63,250.00,82,3.00,9.37
67670,240.64,250.00,81,3.00,9.36
67770,240.65,250.00,82,3.00,9.35
67870,240.75,250.00,73,3.00,9.25
67970,240.81,250.00,76,3.00,9.19
68070,240.80,250.00,84,3.00,9.20
68170,240.88,250.00,75,3.00,9.12
68270,240.91,250.00,80,3.00,9.09
68370,240.92,250.00,82,3.00,9.08
68470,240.96,250.00,79,3.00,9.04
68570,240.99,250.00,79,3.00,9.01
68670,241.02,250.00,80,3.00,8.98
68770,241.02,250.00,83,3.00,8.98
68870,241.05,250.00,79,3.00,8.95
68970,241.09,250.00,79,3.00,8.91
69070,241.10,250.00,82,3.00,8.90
69170,241.18,250.00,75,3.00,8.82
69270,241.22,250.00,78,3.00,8.78
69370,241.24,250.00,81,3.00,8.76
69470,241.30,250.00,77,3.00,8.70
69570,241.37,250.00,75,3.00,8.63
69670,241.41,250.00,79,3.00,8.59
69770,241.47,250.00,76,3.00,8.53
69870,241.49,250.00,80,3.00,8.51
69970,241.56,250.00,76,3.00,8.44
70070,241.60,250.00,78,3.00,8.40
70170,241.65,250.00,78,3.00,8.35
70270,241.67,250.00,79,3.00,8.33
70370,241.72,250.00,78,3.00,8.28
70470,241.73,250.00,81,3.00,8.27
70570,241.80,250.00,75,3.00,8.20
70670,241.83,250.00,80,3.00,8.17
70770,241.91,250.00,73,3.00,8.09
70870,241.95,250.00,77,3.00,8.05
70970,241.96,250.00,81,3.00,8.04
71070,242.03,250.00,75,3.00,7.97
71170,242.05,250.00,80,3.00,7.95
71270,242.08,250.00,79,3.00,7.92
71370,242.09,250.00,81,3.00,7.91
71470,242.15,250.00,76,3.00,7.85
71570,242.16,250.00,81,3.00,7.84
71670,242.23,250.00,74,3.00,7.77
71770,242.26,250.00,78,3.00,7.74
71870,242.28,250.00,80,3.00,7.72
71970,242.31,250.00,79,3.00,7.69
72070,242.33,250.00,79,3.00,7.67
72170,242.36,250.00,79,3.00,7.64
72270,242.44,250.00,73,3.00,7.56
72370,242.49,250.00,77,3.00,7.51
72470,242.50,250.00,80,3.00,7.50
72570,242.56,250.00,75,3.00,7.44
72670,242.57,250.00,80,3.00,7.43
72770,242.67,250.00,72,3.00,7.33
72870,242.70,250.00,78,3.00,7.30
72970,242.71,250.00,80,3.00,7.29
73070,242.79,250.00,73,3.00,7.21
73170,242.85,250.00,75,3.00,7.15
73270,242.88,250.00,78,3.00,7.12
73370,242.92,250.00,76,3.00,7.08
73470,242.95,250.00,78,3.00,7.05
73570,242.96,250.00,79,3.00,7.04
73670,242.97,250.00,81,3.00,7.03
73770,243.00,250.00,77,3.00,7.00
73870,243.04,250.00,77,3.00,6.96
73970,243.06,250.00,79,3.00,6.94
74070,243.12,250.00,75,3.00,6.88
74170,243.17,250.00,75,3.00,6.83
74270,243.18,250.00,79,3.00,6.82
74370,243.24,250.00,75,3.00,6.76
74470,243.28,250.00,77,3.00,6.72
74570,243.36,250.00,72,3.00,6.64
74670,243.42,250.00,74,3.00,6.58
74770,243.48,250.00,73,3.00,6.52
74870,243.52,250.00,76,3.00,6.48
74970,243.60,250.00,72,3.00,6.40
75070,243.63,250.00,76,3.00,6.37
75170,243.73,250.00,70,3.00,6.27
75270,243.77,250.00,76,3.00,6.23
75370,243.79,250.00,77,3.00,6.21
75470,243.89,250.00,68,3.00,6.11
75570,243.95,250.00,73,3.00,6.05
75670,243.99,250.00,75,3.00,6.01
75770,244.00,250.00,78,3.00,6.00
75870,244.06,250.00,72,3.00,5.94
75970,244.13,250.00,72,3.00,5.87
76070,244.17,250.00,73,3.00,5.83
76170,244.20,250.00,76,3.00,5.80
76270,244.22,250.00,76,3.00,5.78
76370,244.24,250.00,77,3.00,5.76
76470,244.26,250.00,76,3.00,5.74
76570,244.31,250.00,74,3.00,5.69
76670,244.37,250.00,72,3.00,5.63
76770,244.42,250.00,73,3.00,5.58
76870,244.47,250.00,73,3.00,5.53
76970,244.51,250.00,74,3.00,5.49
77070,244.60,250.00,69,3.00,5.40
77170,244.65,250.00,73,3.00,5.35
77270,244.69,250.00,73,3.00,5.31
77370,244.72,250.00,74,3.00,5.28
77470,244.76,250.00,74,3.00,5.24
77570,244.86,250.00,67,3.00,5.14
77670,244.91,250.00,71,3.00,5.09
77770,244.95,250.00,73,3.00,5.05
77870,244.98,250.00,73,3.00,5.02
77970,245.02,250.00,72,3.00,4.98
78070,245.09,250.00,69,3.00,4.91
78170,245.13,250.00,72,3.00,4.87
78270,245.19,250.00,70,3.00,4.81
78370,245.26,250.00,69,3.00,4.74
78470,245.32,250.00,70,3.00,4.68
78570,245.36,250.00,72,3.00,4.64
78670,245.40,250.00,72,3.00,4.60
78770,245.44,250.00,71,3.00,4.56
78870,245.48,250.00,71,3.00,4.52
78970,245.53,250.00,71,3.00,4.47
79070,245.56,250.00,72,3.00,4.44
79170,245.63,250.00,68,3.00,4.37
79270,245.69,250.00,69,3.00,4.31
79370,245.76,250.00,67,3.00,4.24
79470,245.79,250.00,71,3.00,4.21
79570,245.84,250.00,69,3.00,4.16
79670,245.86,250.00,72,3.00,4.14
79770,245.93,250.00,68,3.00,4.07
79870,245.96,250.00,70,3.00,4.04
79970,246.00,250.00,71,3.00,4.00
80070,246.04,250.00,70,3.00,3.96
80170,246.09,250.00,69,3.00,3.91
80270,246.13,250.00,69,3.00,3.87
80370,246.19,250.00,67,3.00,3.81
80470,246.21,250.00,71,3.00,3.79
80570,246.27,250.00,68,3.00,3.73
80670,246.30,250.00,70,3.00,3.70
80770,246.35,250.00,69,3.00,3.65
80870,246.37,250.00,70,3.00,3.63
80970,246.42,250.00,68,3.00,3.58
81070,246.47,250.00,68,3.00,3.53
81170,246.48,250.00,71,3.00,3.52
81270,246.54,250.00,67,3.00,3.46
81370,246.59,250.00,68,3.00,3.41
81470,246.66,250.00,65,3.00,3.34
81570,246.69,250.00,69,3.00,3.31
81670,246.71,250.00,70,3.00,3.29
81770,246.80,250.00,62,3.00,3.20
81870,246.85,250.00,66,3.00,3.15
81970,246.96,250.00,61,3.00,3.04
82070,246.95,250.00,72,3.00,3.05
82170,246.98,250.00,68,3.00,3.02
82270,247.02,250.00,68,3.00,2.98
82370,247.02,250.00,70,3.00,2.98
82470,247.09,250.00,65,3.00,2.91
82570,247.09,250.00,71,3.00,2.91
82670,247.10,250.00,70,3.00,2.90
82770,247.15,250.00,65,3.00,2.85
82870,247.17,250.00,69,3.00,2.83
82970,247.23,250.00,65,3.00,2.77
83070,247.24,250.00,70,3.00,2.76
83170,247.29,250.00,65,3.00,2.71
83270,247.34,250.00,65,3.00,2.66
83370,247.36,250.00,68,3.00,2.64
83470,247.39,250.00,67,3.00,2.61
83570,247.44,250.00,65,3.00,2.56
83670,247.47,250.00,67,3.00,2.53
83770,247.49,250.00,68,3.00,2.51
83870,247.59,250.00,60,3.00,2.41
83970,247.67,250.00,62,3.00,2.33
84070,247.72,250.00,63,3.00,2.28
84170,247.79,250.00,62,3.00,2.21
84270,247.84,250.00,63,3.00,2.16
84370,247.90,250.00,63,3.00,2.10
84470,247.92,250.00,66,3.00,2.08
84570,247.98,250.00,61,3.00,2.02
84670,248.01,250.00,66,3.00,1.99
84770,248.04,250.00,65,3.00,1.96
84870,248.06,250.00,66,3.00,1.94
84970,248.15,250.00,59,3.00,1.85
85070,248.20,250.00,63,3.00,1.80
85170,248.25,250.00,62,3.00,1.75
85270,248.29,250.00,63,3.00,1.71
85370,248.32,250.00,64,3.00,1.68
85470,248.35,250.00,64,3.00,1.65
85570,248.40,250.00,62,3.00,1.60
85670,248.44,250.00,62,3.00,1.56
85770,248.45,250.00,65,3.00,1.55
85870,248.48,250.00,64,3.00,1.52
85970,248.57,250.00,57,3.00,1.43
86070,248.61,250.00,62,3.00,1.39
86170,248.64,250.00,63,3.00,1.36
86270,248.68,250.00,62,3.00,1.32
86370,248.71,250.00,63,3.00,1.29
86470,248.74,250.00,62,3.00,1.26
86570,248.75,250.00,65,3.00,1.25
86670,248.77,250.00,64,3.00,1.23
86770,248.78,250.00,65,3.00,1.22
86870,248.83,250.00,60,3.00,1.17
86970,248.87,250.00,60,3.00,1.13
87070,248.89,250.00,63,3.00,1.11
87170,248.94,250.00,60,3.00,1.06
87270,248.97,250.00,62,3.00,1.03
87370,248.99,250.00,63,3.00,1.01
87470,249.03,250.00,60,3.00,0.97
87570,249.03,250.00,64,3.00,0.97
87670,249.06,250.00,62,3.00,0.94
87770,249.09,250.00,61,3.00,0.91
87870,249.09,250.00,65,3.00,0.91
87970,249.10,250.00,64,3.00,0.90
88070,249.18,250.00,56,3.00,0.82
88170,249.22,250.00,59,3.00,0.78
88270,249.25,250.00,61,3.00,0.75
88370,249.23,250.00,66,3.00,0.77
88470,249.25,250.00,62,3.00,0.75
88570,249.26,250.00,63,3.00,0.74
88670,249.25,250.00,65,3.00,0.75
88770,249.30,250.00,58,3.00,0.70
88870,249.33,250.00,60,3.00,0.67
88970,249.33,250.00,64,3.00,0.67
89070,249.33,250.00,64,3.00,0.67
89170,249.33,250.00,63,3.00,0.67
89270,249.37,250.00,60,3.00,0.63
89370,249.38,250.00,62,3.00,0.62
89470,249.41,250.00,61,3.00,0.59
89570,249.42,250.00,62,3.00,0.58
89670,249.43,250.00,62,3.00,0.57
89770,249.47,250.00,60,3.00,0.53
89870,249.54,250.00,55,3.00,0.46
89970,249.53,250.00,64,3.00,0.47
90070,249.57,250.00,59,3.00,0.43
90170,249.57,250.00,62,3.00,0.43
90270,249.60,250.00,59,3.00,0.40
90370,249.62,250.00,61,3.00,0.38
90470,249.60,250.00,65,3.00,0.40
90570,249.63,250.00,60,3.00,0.37
90670,249.65,250.00,60,3.00,0.35
90770,249.69,250.00,59,3.00,0.31
90870,249.68,250.00,63,3.00,0.32
90970,249.68,250.00,63,3.00,0.32
91070,249.71,250.00,59,3.00,0.29
91170,249.71,250.00,63,3.00,0.29
91270,249.72,250.00,60,3.00,0.28
91370,249.73,250.00,62,3.00,0.27
91470,249.74,250.00,60,3.00,0.26
91570,249.77,250.00,59,3.00,0.23
91670,249.77,250.00,62,3.00,0.23
91770,249.78,250.00,61,3.00,0.22
91870,249.80,250.00,60,3.00,0.20
91970,249.86,250.00,56,3.00,0.14
92070,249.86,250.00,61,3.00,0.14
92170,249.85,250.00,63,3.00,0.15
92270,249.86,250.00,61,3.00,0.14
92370,249.88,250.00,59,3.00,0.12
92470,249.88,250.00,62,3.00,0.12
92570,249.91,250.00,59,3.00,0.09
92670,249.93,250.00,59,3.00,0.07
92770,249.96,250.00,58,3.00,0.04
92870,249.98,250.00,60,3.00,0.02
92970,250.00,250.00,58,3.00,-0.00
93070,250.03,250.00,59,3.00,-0.03
93170,250.05,250.00,59,3.00,-0.05
93270,250.07,250.00,59,3.00,-0.07
93370,250.05,250.00,63,3.00,-0.05
93470,250.06,250.00,60,3.00,-0.06
93570,250.10,250.00,56,3.00,-0.10
93670,250.16,250.00,54,3.00,-0.16
93770,250.15,250.00,62,3.00,-0.15
93870,250.13,250.00,62,3.00,-0.13
93970,250.12,250.00,62,3.00,-0.12
94070,250.18,250.00,54,3.00,-0.18
94170,250.17,250.00,61,3.00,-0.17
94270,250.16,250.00,62,3.00,-0.16
94370,250.15,250.00,61,3.00,-0.15
94470,250.18,250.00,58,3.00,-0.18
94570,250.21,250.00,57,3.00,-0.21
94670,250.21,250.00,60,3.00,-0.21
94770,250.20,250.00,61,3.00,-0.20
94870,250.22,250.00,59,3.00,-0.22
94970,250.18,250.00,64,3.00,-0.18
95070,250.17,250.00,62,3.00,-0.17
95170,250.15,250.00,62,3.00,-0.15
95270,250.18,250.00,57,3.00,-0.18
95370,250.19,250.00,60,3.00,-0.19
95470,250.18,250.00,61,3.00,-0.18
95570,250.20,250.00,58,3.00,-0.20
95670,250.21,250.00,60,3.00,-0.21
95770,250.21,250.00,60,3.00,-0.21
95870,250.19,250.00,62,3.00,-0.19
95970,250.16,250.00,63,3.00,-0.16
96070,250.18,250.00,58,3.00,-0.18
96170,250.23,250.00,55,3.00,-0.23
96270,250.22,250.00,61,3.00,-0.22
96370,250.19,250.00,64,3.00,-0.19
96470,250.21,250.00,58,3.00,-0.21
96570,250.22,250.00,59,3.00,-0.22
96670,250.24,250.00,59,3.00,-0.24
96770,250.20,250.00,64,3.00,-0.20
96870,250.19,250.00,61,3.00,-0.19
96970,250.21,250.00,58,3.00,-0.21
97070,250.18,250.00,63,3.00,-0.18
97170,250.16,250.00,62,3.00,-0.16
97270,250.14,250.00,62,3.00,-0.14
97370,250.17,250.00,58,3.00,-0.17
97470,250.14,250.00,63,3.00,-0.14
97570,250.14,250.00,61,3.00,-0.14
97670,250.15,250.00,59,3.00,-0.15
97770,250.12,250.00,63,3.00,-0.12
97870,250.18,250.00,54,3.00,-0.18
97970,250.18,250.00,61,3.00,-0.18
98070,250.16,250.00,62,3.00,-0.16
98170,250.13,250.00,63,3.00,-0.13
98270,250.13,250.00,60,3.00,-0.13
98370,250.12,250.00,62,3.00,-0.12
98470,250.08,250.00,64,3.00,-0.08
98570,250.06,250.00,63,3.00,-0.06
98670,250.08,250.00,59,3.00,-0.08
98770,250.06,250.00,63,3.00,-0.06
98870,250.02,250.00,65,3.00,-0.02
98970,250.03,250.00,60,3.00,-0.03
99070,250.04,250.00,60,3.00,-0.04
99170,250.04,250.00,61,3.00,-0.04
99270,250.01,250.00,64,3.00,-0.01
99370,249.97,250.00,65,3.00,0.03
99470,250.00,250.00,58,3.00,-0.00
99570,249.98,250.00,63,3.00,0.02
99670,249.97,250.00,62,3.00,0.03
99770,249.97,250.00,61,3.00,0.03
99870,249.95,250.00,63,3.00,0.05
99970,250.02,250.00,54,3.00,-0.02
100070,250.00,250.00,62,3.00,-0.00
100170,249.98,250.00,63,3.00,0.02
100270,250.01,250.00,58,3.00,-0.01
100370,250.07,250.00,55,3.00,-0.07
100470,250.05,250.00,63,3.00,-0.05
100570,250.04,250.00,61,3.00,-0.04
100670,250.04,250.00,61,3.00,-0.04
100770,250.02,250.00,62,3.00,-0.02
100870,250.06,250.00,57,3.00,-0.06
100970,250.08,250.00,59,3.00,-0.08
101070,250.08,250.00,60,3.00,-0.08
101170,250.10,250.00,59,3.00,-0.10
101270,250.09,250.00,61,3.00,-0.09
101370,250.10,250.00,59,3.00,-0.10
101470,250.08,250.00,63,3.00,-0.08
101570,250.05,250.00,64,3.00,-0.05
101670,250.06,250.00,60,3.00,-0.06
101770,250.03,250.00,64,3.00,-0.03
101870,250.01,250.00,62,3.00,-0.01
101970,250.03,250.00,60,3.00,-0.03
102070,250.02,250.00,61,3.00,-0.02
102170,250.01,250.00,62,3.00,-0.01
102270,249.97,250.00,65,3.00,0.03
102370,249.98,250.00,61,3.00,0.02
102470,250.03,250.00,56,3.00,-0.03
102570,250.00,250.00,64,3.00,-0.00
102670,249.97,250.00,65,3.00,0.03
102770,250.02,250.00,56,3.00,-0.02
102870,250.02,250.00,61,3.00,-0.02
102970,249.99,250.00,63,3.00,0.01
103070,249.94,250.00,66,3.00,0.06
103170,249.94,250.00,62,3.00,0.06
103270,249.95,250.00,60,3.00,0.05
103370,249.92,250.00,64,3.00,0.08
103470,249.92,250.00,60,3.00,0.08
103570,249.90,250.00,64,3.00,0.10
103670,249.93,250.00,58,3.00,0.07
103770,249.93,250.00,62,3.00,0.07
103870,249.89,250.00,65,3.00,0.11
103970,249.86,250.00,64,3.00,0.14
104070,249.85,250.00,62,3.00,0.15
104170,249.84,250.00,62,3.00,0.16
104271,249.82,250.00,64,3.00,0.18
104370,249.82,250.00,62,3.00,0.18
104470,249.87,250.00,56,3.00,0.13
104570,249.91,250.00,58,3.00,0.09
104670,249.92,250.00,60,3.00,0.08
104770,249.96,250.00,57,3.00,0.04
104870,249.96,250.00,62,3.00,0.04
104970,249.99,250.00,58,3.00,0.01
105070,249.95,250.00,65,3.00,0.05
105170,249.92,250.00,64,3.00,0.08
105270,249.87,250.00,67,3.00,0.13
105370,249.91,250.00,58,3.00,0.09
105470,249.85,250.00,68,3.00,0.15
105570,249.86,250.00,60,3.00,0.14
105670,249.89,250.00,59,3.00,0.11
105770,249.84,250.00,66,3.00,0.16
105870,249.82,250.00,64,3.00,0.18
105970,249.83,250.00,61,3.00,0.17
106070,249.86,250.00,59,3.00,0.14
106170,249.81,250.00,66,3.00,0.19
106270,249.78,250.00,65,3.00,0.22
106370,249.73,250.00,67,3.00,0.27
106470,249.68,250.00,68,3.00,0.32
106570,249.68,250.00,63,3.00,0.32
106670,249.72,250.00,58,3.00,0.28
106770,249.71,250.00,63,3.00,0.29
106870,249.72,250.00,62,3.00,0.28
106970,249.68,250.00,67,3.00,0.32
107070,249.66,250.00,64,3.00,0.34
107170,249.64,250.00,65,3.00,0.36
107270,249.59,250.00,67,3.00,0.41
107370,249.54,250.00,68,3.00,0.46
107470,249.55,250.00,62,3.00,0.45
107570,249.56,250.00,62,3.00,0.44
107670,249.53,250.00,66,3.00,0.47
107770,249.48,250.00,68,3.00,0.52
107870,249.51,250.00,60,3.00,0.49
107970,249.53,250.00,62,3.00,0.47
108070,249.50,250.00,65,3.00,0.50
108170,249.49,250.00,64,3.00,0.51
108270,249.52,250.00,60,3.00,0.48
108370,249.52,250.00,63,3.00,0.48
108470,249.57,250.00,58,3.00,0.43
108570,249.57,250.00,63,3.00,0.43
108670,249.53,250.00,67,3.00,0.47
108770,249.51,250.00,64,3.00,0.49
108870,249.50,250.00,64,3.00,0.50
108970,249.52,250.00,62,3.00,0.48
109070,249.52,250.00,63,3.00,0.48
109170,249.53,250.00,62,3.00,0.47
109270,249.56,250.00,61,3.00,0.44
109370,249.54,250.00,64,3.00,0.46
109470,249.61,250.00,56,3.00,0.39
109570,249.62,250.00,62,3.00,0.38
109670,249.67,250.00,57,3.00,0.33
109770,249.68,250.00,61,3.00,0.32
109870,249.63,250.00,68,3.00,0.37
109970,249.58,250.00,67,3.00,0.42
110070,249.61,250.00,60,3.00,0.39
110170,249.60,250.00,64,3.00,0.40
110270,249.60,250.00,64,3.00,0.40
110370,249.62,250.00,60,3.00,0.38
110470,249.63,250.00,62,3.00,0.37
110570,249.66,250.00,59,3.00,0.34
110670,249.64,250.00,65,3.00,0.36
110770,249.63,250.00,64,3.00,0.37
110870,249.68,250.00,58,3.00,0.32
110970,249.66,250.00,64,3.00,0.34
111070,249.66,250.00,63,3.00,0.34
111170,249.66,250.00,63,3.00,0.34
111270,249.65,250.00,64,3.00,0.35
111370,249.63,250.00,64,3.00,0.37
111470,249.60,250.00,66,3.00,0.40
111570,249.58,250.00,65,3.00,0.42
111670,249.58,250.00,64,3.00,0.42
111770,249.62,250.00,59,3.00,0.38
111870,249.59,250.00,66,3.00,0.41
111970,249.64,250.00,57,3.00,0.36
112070,249.61,250.00,66,3.00,0.39
112170,249.56,250.00,67,3.00,0.44
112270,249.55,250.00,65,3.00,0.45
112370,249.53,250.00,65,3.00,0.47
112470,249.56,250.00,61,3.00,0.44
112570,249.58,250.00,61,3.00,0.42
112670,249.55,250.00,66,3.00,0.45
112770,249.56,250.00,62,3.00,0.44
112870,249.56,250.00,63,3.00,0.44
112970,249.54,250.00,65,3.00,0.46
113070,249.56,250.00,61,3.00,0.44
113170,249.62,250.00,57,3.00,0.38
113270,249.59,250.00,66,3.00,0.41
113370,249.58,250.00,64,3.00,0.42
113470,249.60,250.00,61,3.00,0.40
113570,249.60,250.00,63,3.00,0.40
113670,249.66,250.00,58,3.00,0.34
113770,249.66,250.00,63,3.00,0.34
113870,249.69,250.00,59,3.00,0.31
113970,249.69,250.00,63,3.00,0.31
114070,249.72,250.00,59,3.00,0.28
114170,249.66,250.00,68,3.00,0.34
114269,249.61,250.00,68,3.00,0.39
114369,249.67,250.00,58,3.00,0.33
114469,249.60,250.00,69,3.00,0.40
114569,249.59,250.00,65,3.00,0.41
114669,249.53,250.00,69,3.00,0.47
114769,249.50,250.00,67,3.00,0.50
114869,249.52,250.00,61,3.00,0.48
114969,249.50,250.00,66,3.00,0.50
115069,249.52,250.00,62,3.00,0.48
115169,249.47,250.00,68,3.00,0.53
115269,249.46,250.00,64,3.00,0.54
115369,249.46,250.00,64,3.00,0.54
115469,249.50,250.00,59,3.00,0.50
115569,249.50,250.00,63,3.00,0.50
115669,249.49,250.00,65,3.00,0.51
115769,249.49,250.00,64,3.00,0.51
115869,249.45,250.00,67,3.00,0.55
115969,249.49,250.00,61,3.00,0.51
116069,249.44,250.00,68,3.00,0.56
116169,249.40,250.00,68,3.00,0.60
116269,249.42,250.00,63,3.00,0.58
116369,249.42,250.00,64,3.00,0.58
116469,249.38,250.00,68,3.00,0.62
116569,249.40,250.00,63,3.00,0.60
116669,249.42,250.00,61,3.00,0.58
116769,249.49,250.00,57,3.00,0.51
116869,249.48,250.00,65,3.00,0.52
116969,249.46,250.00,66,3.00,0.54
117069,249.45,250.00,66,3.00,0.55
117169,249.49,250.00,59,3.00,0.51
117269,249.46,250.00,67,3.00,0.54
117369,249.44,250.00,66,3.00,0.56
117469,249.43,250.00,65,3.00,0.57
117569,249.44,250.00,63,3.00,0.56
117669,249.43,250.00,64,3.00,0.57
117769,249.44,250.00,63,3.00,0.56
117869,249.44,250.00,64,3.00,0.56
117969,249.45,250.00,63,3.00,0.55
118069,249.46,250.00,63,3.00,0.54
118169,249.43,250.00,67,3.00,0.57
118269,249.45,250.00,62,3.00,0.55
118369,249.45,250.00,64,3.00,0.55
118469,249.42,250.00,67,3.00,0.58
118569,249.41,250.00,65,3.00,0.59
118669,249.40,250.00,65,3.00,0.60
118769,249.42,250.00,62,3.00,0.58
118869,249.48,250.00,58,3.00,0.52
118969,249.45,250.00,67,3.00,0.55
119069,249.42,250.00,67,3.00,0.58
119169,249.42,250.00,64,3.00,0.58
119269,249.41,250.00,65,3.00,0.59
119369,249.37,250.00,68,3.00,0.63
119469,249.36,250.00,65,3.00,0.64
119568,249.38,250.00,63,3.00,0.62
119668,249.35,250.00,68,3.00,0.65
119768,249.37,250.00,63,3.00,0.63
119868,249.42,250.00,59,3.00,0.58
119968,249.44,250.00,62,3.00,0.56
120068,249.45,250.00,63,3.00,0.55
120168,249.47,250.00,62,3.00,0.53
120268,249.45,250.00,66,3.00,0.55
120368,249.46,250.00,63,3.00,0.54
120468,249.49,250.00,61,3.00,0.51
120568,249.49,250.00,64,3.00,0.51
120668,249.47,250.00,66,3.00,0.53
120768,249.43,250.00,68,3.00,0.57
120868,249.39,250.00,68,3.00,0.61
120968,249.42,250.00,62,3.00,0.58
121068,249.44,250.00,62,3.00,0.56
121168,249.52,250.00,56,3.00,0.48
121268,249.52,250.00,64,3.00,0.48
121368,249.56,250.00,60,3.00,0.44
121468,249.59,250.00,60,3.00,0.41
121568,249.57,250.00,66,3.00,0.43
121668,249.58,250.00,63,3.00,0.42
121768,249.58,250.00,64,3.00,0.42
121868,249.56,250.00,65,3.00,0.44
121968,249.54,250.00,65,3.00,0.46
122068,249.53,250.00,65,3.00,0.47
122168,249.52,250.00,65,3.00,0.48
122268,249.47,250.00,69,3.00,0.53
122368,249.45,250.00,66,3.00,0.55
122468,249.45,250.00,65,3.00,0.55
122568,249.42,250.00,67,3.00,0.58
122668,249.45,250.00,62,3.00,0.55
122768,249.42,250.00,67,3.00,0.58
122868,249.48,250.00,58,3.00,0.52
122968,249.48,250.00,64,3.00,0.52
123068,249.49,250.00,64,3.00,0.51
123168,249.42,250.00,71,3.00,0.58
123268,249.42,250.00,65,3.00,0.58
123368,249.39,250.00,67,3.00,0.61
123468,249.43,250.00,61,3.00,0.57
123568,249.45,250.00,62,3.00,0.55
123668,249.46,250.00,64,3.00,0.54
123768,249.47,250.00,64,3.00,0.53
123868,249.46,250.00,65,3.00,0.54
123968,249.46,250.00,65,3.00,0.54
124068,249.44,250.00,66,3.00,0.56
124168,249.50,250.00,59,3.00,0.50
124268,249.49,250.00,65,3.00,0.51
124368,249.46,250.00,68,3.00,0.54
124468,249.49,250.00,61,3.00,0.51
124568,249.43,250.00,70,3.00,0.57
124668,249.47,250.00,61,3.00,0.53
124768,249.46,250.00,65,3.00,0.54
124868,249.46,250.00,65,3.00,0.54
124968,249.52,250.00,58,3.00,0.48
125068,249.53,250.00,63,3.00,0.47
125168,249.53,250.00,64,3.00,0.47
125268,249.52,250.00,65,3.00,0.48
125368,249.51,250.00,65,3.00,0.49
125468,249.49,250.00,67,3.00,0.51
125568,249.48,250.00,65,3.00,0.52
125668,249.47,250.00,65,3.00,0.53
125768,249.48,250.00,64,3.00,0.52
125868,249.51,250.00,61,3.00,0.49
125968,249.53,250.00,62,3.00,0.47
126068,249.55,250.00,63,3.00,0.45
126168,249.53,250.00,66,3.00,0.47
126268,249.51,250.00,67,3.00,0.49
126368,249.53,250.00,62,3.00,0.47
126468,249.50,250.00,68,3.00,0.50
126568,249.52,250.00,62,3.00,0.48
126668,249.54,250.00,63,3.00,0.46
126768,249.50,250.00,68,3.00,0.50
126868,249.47,250.00,68,3.00,0.53
126968,249.46,250.00,65,3.00,0.54
127068,249.45,250.00,66,3.00,0.55
127168,249.48,250.00,61,3.00,0.52
127268,249.49,250.00,63,3.00,0.51
127368,249.50,250.00,64,3.00,0.50
127468,249.50,250.00,64,3.00,0.50
127568,249.48,250.00,67,3.00,0.52
127668,249.50,250.00,63,3.00,0.50
127768,249.54,250.00,60,3.00,0.46
127868,249.55,250.00,63,3.00,0.45
127968,249.56,250.00,63,3.00,0.44
128068,249.57,250.00,63,3.00,0.43
128168,249.61,250.00,60,3.00,0.39
128268,249.59,250.00,66,3.00,0.41
128368,249.55,250.00,69,3.00,0.45
128468,249.57,250.00,62,3.00,0.43
128568,249.55,250.00,66,3.00,0.45
128668,249.54,250.00,66,3.00,0.46
128768,249.50,250.00,68,3.00,0.50
128868,249.55,250.00,59,3.00,0.45
128968,249.52,250.00,68,3.00,0.48
129068,249.53,250.00,63,3.00,0.47
129168,249.53,250.00,64,3.00,0.47
129268,249.56,250.00,61,3.00,0.44
129368,249.58,250.00,62,3.00,0.42
129468,249.65,250.00,57,3.00,0.35
129568,249.65,250.00,64,3.00,0.35
129668,249.66,250.00,63,3.00,0.34
129768,249.66,250.00,64,3.00,0.34
129868,249.66,250.00,64,3.00,0.34
129968,249.67,250.00,63,3.00,0.33
130068,249.66,250.00,65,3.00,0.34
130168,249.67,250.00,63,3.00,0.33
130268,249.68,250.00,63,3.00,0.32
130368,249.66,250.00,66,3.00,0.34
130468,249.62,250.00,68,3.00,0.38
130568,249.62,250.00,65,3.00,0.38
130668,249.68,250.00,58,3.00,0.32
130768,249.70,250.00,62,3.00,0.30
130868,249.77,250.00,57,3.00,0.23
130968,249.73,250.00,67,3.00,0.27
131068,249.76,250.00,61,3.00,0.24
131168,249.73,250.00,66,3.00,0.27
131268,249.74,250.00,63,3.00,0.26
131368,249.76,250.00,61,3.00,0.24
131468,249.79,250.00,61,3.00,0.21
131568,249.77,250.00,65,3.00,0.23
131668,249.77,250.00,64,3.00,0.23
131768,249.74,250.00,67,3.00,0.26
131868,249.74,250.00,63,3.00,0.26
131968,249.77,250.00,61,3.00,0.23
132068,249.73,250.00,67,3.00,0.27
132168,249.75,250.00,62,3.00,0.25
132268,249.76,250.00,62,3.00,0.24
132368,249.74,250.00,66,3.00,0.26
132468,249.72,250.00,66,3.00,0.28
132568,249.78,250.00,57,3.00,0.22
132668,249.79,250.00,63,3.00,0.21
132768,249.75,250.00,68,3.00,0.25
132868,249.79,250.00,60,3.00,0.21
132968,249.85,250.00,58,3.00,0.15
133068,249.83,250.00,65,3.00,0.17
133168,249.85,250.00,62,3.00,0.15
133268,249.85,250.00,63,3.00,0.15
133368,249.86,250.00,62,3.00,0.14
133468,249.91,250.00,58,3.00,0.09
133568,249.94,250.00,61,3.00,0.06
133668,249.94,250.00,62,3.00,0.06
133768,249.95,250.00,62,3.00,0.05
133868,249.93,250.00,65,3.00,0.07
133968,249.99,250.00,57,3.00,0.01
134068,250.01,250.00,60,3.00,-0.01
134168,250.01,250.00,63,3.00,-0.01
134268,250.03,250.00,60,3.00,-0.03
134368,250.04,250.00,62,3.00,-0.04
134468,250.08,250.00,59,3.00,-0.08
134568,250.04,250.00,66,3.00,-0.04
134668,250.02,250.00,65,3.00,-0.02
134768,250.03,250.00,62,3.00,-0.03
134868,250.07,250.00,58,3.00,-0.07
134968,250.10,250.00,59,3.00,-0.10
135068,250.09,250.00,63,3.00,-0.09
135168,250.08,250.00,63,3.00,-0.08
135268,250.05,250.00,66,3.00,-0.05
135368,250.07,250.00,61,3.00,-0.07
135468,250.06,250.00,63,3.00,-0.06
135568,250.08,250.00,61,3.00,-0.08
135668,250.05,250.00,66,3.00,-0.05
135768,250.06,250.00,62,3.00,-0.06
135868,250.08,250.00,61,3.00,-0.08
135968,250.07,250.00,63,3.00,-0.07
136068,250.07,250.00,62,3.00,-0.07
136168,250.10,250.00,59,3.00,-0.10
136268,250.12,250.00,61,3.00,-0.12
136368,250.13,250.00,61,3.00,-0.13
136468,250.13,250.00,62,3.00,-0.13
136568,250.12,250.00,64,3.00,-0.12
136668,250.12,250.00,62,3.00,-0.12
136768,250.08,250.00,66,3.00,-0.08
136868,250.10,250.00,61,3.00,-0.10
136968,250.15,250.00,57,3.00,-0.15
137068,250.17,250.00,60,3.00,-0.17
137168,250.23,250.00,56,3.00,-0.23
137268,250.20,250.00,64,3.00,-0.20
137368,250.21,250.00,62,3.00,-0.21
137468,250.18,250.00,65,3.00,-0.18
137568,250.23,250.00,56,3.00,-0.23
137668,250.21,250.00,64,3.00,-0.21
137768,250.22,250.00,60,3.00,-0.22
137868,250.19,250.00,65,3.00,-0.19
137968,250.18,250.00,63,3.00,-0.18
138068,250.15,250.00,65,3.00,-0.15
138168,250.22,250.00,55,3.00,-0.22
138268,250.21,250.00,63,3.00,-0.21
138368,250.26,250.00,57,3.00,-0.26
138468,250.27,250.00,61,3.00,-0.27
138568,250.27,250.00,62,3.00,-0.27
138668,250.24,250.00,64,3.00,-0.24
138768,250.26,250.00,60,3.00,-0.26
138868,250.21,250.00,67,3.00,-0.21
138968,250.22,250.00,60,3.00,-0.22
139067,250.25,250.00,59,3.00,-0.25
139167,250.28,250.00,58,3.00,-0.28
139267,250.29,250.00,61,3.00,-0.29
139367,250.25,250.00,66,3.00,-0.25
139467,250.21,250.00,65,3.00,-0.21
139567,250.23,250.00,60,3.00,-0.23
139667,250.18,250.00,67,3.00,-0.18
139767,250.14,250.00,66,3.00,-0.14
139867,250.16,250.00,60,3.00,-0.16
139967,250.21,250.00,57,3.00,-0.21
140067,250.24,250.00,59,3.00,-0.24
140167,250.21,250.00,64,3.00,-0.21
140267,250.24,250.00,59,3.00,-0.24
140367,250.29,250.00,57,3.00,-0.29
140467,250.27,250.00,63,3.00,-0.27
140567,250.28,250.00,61,3.00,-0.28
140667,250.33,250.00,57,3.00,-0.33
140767,250.33,250.00,61,3.00,-0.33
140867,250.32,250.00,62,3.00,-0.32
140967,250.35,250.00,58,3.00,-0.35
141067,250.36,250.00,60,3.00,-0.36
141167,250.37,250.00,60,3.00,-0.37
141267,250.34,250.00,65,3.00,-0.34
141367,250.34,250.00,61,3.00,-0.34
141467,250.29,250.00,66,3.00,-0.29
141567,250.29,250.00,62,3.00,-0.29
141667,250.30,250.00,61,3.00,-0.30
141767,250.29,250.00,62,3.00,-0.29
141867,250.30,250.00,61,3.00,-0.30
141967,250.32,250.00,59,3.00,-0.32
142067,250.33,250.00,60,3.00,-0.33
142167,250.36,250.00,58,3.00,-0.36
142267,250.37,250.00,60,3.00,-0.37
142367,250.38,250.00,60,3.00,-0.38
142467,250.37,250.00,62,3.00,-0.37
142567,250.35,250.00,64,3.00,-0.35
142667,250.37,250.00,58,3.00,-0.37
142767,250.39,250.00,59,3.00,-0.39
142867,250.40,250.00,60,3.00,-0.40
142967,250.41,250.00,60,3.00,-0.41
143067,250.42,250.00,60,3.00,-0.42
143167,250.43,250.00,60,3.00,-0.43
143267,250.44,250.00,59,3.00,-0.44
143367,250.46,250.00,59,3.00,-0.46
143467,250.45,250.00,62,3.00,-0.45
143567,250.43,250.00,63,3.00,-0.43
143667,250.41,250.00,63,3.00,-0.41
143767,250.42,250.00,60,3.00,-0.42
143867,250.41,250.00,61,3.00,-0.41
143967,250.42,250.00,60,3.00,-0.42
144067,250.43,250.00,60,3.00,-0.43
144167,250.42,250.00,61,3.00,-0.42
144267,250.45,250.00,58,3.00,-0.45
144367,250.45,250.00,60,3.00,-0.45
144467,250.47,250.00,59,3.00,-0.47
144567,250.46,250.00,62,3.00,-0.46
144667,250.44,250.00,63,3.00,-0.44
144767,250.44,250.00,60,3.00,-0.44
144867,250.46,250.00,59,3.00,-0.46
144967,250.48,250.00,58,3.00,-0.48
145067,250.47,250.00,62,3.00,-0.47
145167,250.49,250.00,59,3.00,-0.49
145267,250.50,250.00,59,3.00,-0.50
145367,250.47,250.00,63,3.00,-0.47
145467,250.50,250.00,58,3.00,-0.50
145567,250.51,250.00,59,3.00,-0.51
145667,250.48,250.00,63,3.00,-0.48
145767,250.49,250.00,59,3.00,-0.49
145867,250.49,250.00,60,3.00,-0.49
145967,250.50,250.00,59,3.00,-0.50
146067,250.50,250.00,60,3.00,-0.50
146167,250.51,250.00,59,3.00,-0.51
146267,250.51,250.00,61,3.00,-0.51
146367,250.51,250.00,61,3.00,-0.51
146467,250.52,250.00,59,3.00,-0.52
146567,250.56,250.00,56,3.00,-0.56
146667,250.54,250.00,62,3.00,-0.54
146767,250.51,250.00,63,3.00,-0.51
146867,250.51,250.00,60,3.00,-0.51
146967,250.49,250.00,62,3.00,-0.49
147067,250.52,250.00,58,3.00,-0.52
147167,250.53,250.00,59,3.00,-0.53
147267,250.55,250.00,58,3.00,-0.55
147367,250.56,250.00,58,3.00,-0.56
147467,250.56,250.00,61,3.00,-0.56
147567,250.54,250.00,62,3.00,-0.54
147667,250.52,250.00,62,3.00,-0.52
147767,250.49,250.00,63,3.00,-0.49
147867,250.50,250.00,59,3.00,-0.50
147967,250.50,250.00,60,3.00,-0.50
148067,250.51,250.00,59,3.00,-0.51
148167,250.53,250.00,58,3.00,-0.53
148267,250.54,250.00,59,3.00,-0.54
148367,250.53,250.00,61,3.00,-0.53
148467,250.52,250.00,62,3.00,-0.52
148567,250.53,250.00,59,3.00,-0.53
148667,250.53,250.00,59,3.00,-0.53
148767,250.52,250.00,62,3.00,-0.52
148867,250.51,250.00,60,3.00,-0.51
148967,250.56,250.00,55,3.00,-0.56
149067,250.54,250.00,62,3.00,-0.54
149167,250.56,250.00,58,3.00,-0.56
149267,250.54,250.00,62,3.00,-0.54
149367,250.54,250.00,59,3.00,-0.54
149467,250.56,250.00,58,3.00,-0.56
149567,250.55,250.00,61,3.00,-0.55
149667,250.57,250.00,58,3.00,-0.57
149767,250.56,250.00,61,3.00,-0.56
149867,250.54,250.00,62,3.00,-0.54
149967,250.56,250.00,58,3.00,-0.56
150067,250.58,250.00,58,3.00,-0.58
150167,250.60,250.00,57,3.00,-0.60
150267,250.63,250.00,57,3.00,-0.63
150367,250.64,250.00,58,3.00,-0.64
150467,250.63,250.00,60,3.00,-0.63
150567,250.63,250.00,60,3.00,-0.63
150667,250.65,250.00,57,3.00,-0.65
150767,250.67,250.00,57,3.00,-0.67
150867,250.69,250.00,57,3.00,-0.69
150967,250.67,250.00,61,3.00,-0.67
151067,250.66,250.00,60,3.00,-0.66
151167,250.69,250.00,56,3.00,-0.69
151267,250.78,250.00,50,3.00,-0.78
151367,250.75,250.00,62,3.00,-0.75
151467,250.75,250.00,59,3.00,-0.75
151567,250.77,250.00,57,3.00,-0.77
151667,250.78,250.00,58,3.00,-0.78
151767,250.76,250.00,60,3.00,-0.76
151867,250.73,250.00,62,3.00,-0.73
151967,250.72,250.00,60,3.00,-0.72
152067,250.71,250.00,60,3.00,-0.71
152167,250.69,250.00,61,3.00,-0.69
152267,250.70,250.00,57,3.00,-0.70
152367,250.70,250.00,59,3.00,-0.70
152467,250.71,250.00,59,3.00,-0.71
152567,250.70,250.00,60,3.00,-0.70
152667,250.73,250.00,55,3.00,-0.73
152767,250.75,250.00,58,3.00,-0.75
152867,250.80,250.00,53,3.00,-0.80
152967,250.78,250.00,61,3.00,-0.78
153067,250.77,250.00,60,3.00,-0.77
153167,250.80,250.00,55,3.00,-0.80
153267,250.82,250.00,57,3.00,-0.82
153367,250.82,250.00,58,3.00,-0.82
153467,250.78,250.00,62,3.00,-0.78
153567,250.78,250.00,59,3.00,-0.78
153667,250.80,250.00,57,3.00,-0.80
153767,250.80,250.00,58,3.00,-0.80
153867,250.79,250.00,59,3.00,-0.79
153967,250.76,250.00,62,3.00,-0.76
154067,250.74,250.00,61,3.00,-0.74
154167,250.72,250.00,60,3.00,-0.72
154267,250.72,250.00,59,3.00,-0.72
154367,250.73,250.00,57,3.00,-0.73
154467,250.71,250.00,61,3.00,-0.71
154567,250.71,250.00,58,3.00,-0.71
154667,250.72,250.00,57,3.00,-0.72
154767,250.71,250.00,60,3.00,-0.71
154867,250.71,250.00,58,3.00,-0.71
154967,250.73,250.00,57,3.00,-0.73
155067,250.71,250.00,60,3.00,-0.71
155167,250.69,250.00,61,3.00,-0.69
155267,250.74,250.00,53,3.00,-0.74
155367,250.75,250.00,57,3.00,-0.75
155467,250.75,250.00,59,3.00,-0.75
155567,250.72,250.00,61,3.00,-0.72
155667,250.72,250.00,58,3.00,-0.72
155767,250.74,250.00,57,3.00,-0.74
155867,250.73,250.00,59,3.00,-0.73
155967,250.71,250.00,61,3.00,-0.71
156067,250.74,250.00,56,3.00,-0.74
156167,250.73,250.00,58,3.00,-0.73
156267,250.76,250.00,56,3.00,-0.76
156367,250.73,250.00,61,3.00,-0.73
156467,250.75,250.00,56,3.00,-0.75
156567,250.73,250.00,61,3.00,-0.73
156667,250.73,250.00,58,3.00,-0.73
156767,250.71,250.00,60,3.00,-0.71
156867,250.70,250.00,60,3.00,-0.70
156967,250.72,250.00,57,3.00,-0.72
157067,250.72,250.00,58,3.00,-0.72
157167,250.69,250.00,61,3.00,-0.69
157267,250.69,250.00,59,3.00,-0.69
157367,250.71,250.00,56,3.00,-0.71
157467,250.71,250.00,58,3.00,-0.71
157567,250.75,250.00,54,3.00,-0.75
157667,250.76,250.00,57,3.00,-0.76
157767,250.77,250.00,57,3.00,-0.77
157867,250.80,250.00,55,3.00,-0.80
157967,250.82,250.00,56,3.00,-0.82
158067,250.84,250.00,55,3.00,-0.84
158167,250.86,250.00,56,3.00,-0.86
158267,250.83,250.00,60,3.00,-0.83
158367,250.81,250.00,60,3.00,-0.81
158467,250.80,250.00,59,3.00,-0.80
158567,250.82,250.00,56,3.00,-0.82
158667,250.84,250.00,55,3.00,-0.84
158767,250.86,250.00,56,3.00,-0.86
158867,250.87,250.00,56,3.00,-0.87
158967,250.86,250.00,58,3.00,-0.86
159067,250.88,250.00,56,3.00,-0.88
159167,250.86,250.00,59,3.00,-0.86
159267,250.83,250.00,60,3.00,-0.83
159367,250.81,250.00,60,3.00,-0.81
159467,250.84,250.00,55,3.00,-0.84
159567,250.85,250.00,56,3.00,-0.85
159667,250.84,250.00,59,3.00,-0.84
159767,250.82,250.00,60,3.00,-0.82
159867,250.82,250.00,57,3.00,-0.82
159967,250.83,250.00,56,3.00,-0.83
160067,250.83,250.00,57,3.00,-0.83
160167,250.82,250.00,59,3.00,-0.82
160267,250.80,250.00,60,3.00,-0.80
160367,250.83,250.00,55,3.00,-0.83
160467,250.81,250.00,60,3.00,-0.81
160567,250.81,250.00,57,3.00,-0.81
160667,250.81,250.00,57,3.00,-0.81
160767,250.78,250.00,61,3.00,-0.78
160867,250.79,250.00,57,3.00,-0.79
160967,250.78,250.00,58,3.00,-0.78
161067,250.82,250.00,53,3.00,-0.82
161167,250.83,250.00,57,3.00,-0.83
161267,250.83,250.00,57,3.00,-0.83
161367,250.82,250.00,58,3.00,-0.82
161467,250.78,250.00,61,3.00,-0.78
161567,250.84,250.00,52,3.00,-0.84
161667,250.82,250.00,60,3.00,-0.82
161767,250.81,250.00,58,3.00,-0.81
161867,250.77,250.00,61,3.00,-0.77
161967,250.77,250.00,58,3.00,-0.77
162067,250.79,250.00,55,3.00,-0.79
162167,250.81,250.00,56,3.00,-0.81
162267,250.77,250.00,61,3.00,-0.77
162367,250.76,250.00,59,3.00,-0.76
162467,250.78,250.00,55,3.00,-0.78
162567,250.77,250.00,58,3.00,-0.77
162667,250.77,250.00,58,3.00,-0.77
162767,250.79,250.00,55,3.00,-0.79
162867,250.78,250.00,58,3.00,-0.78
162967,250.78,250.00,58,3.00,-0.78
163067,250.78,250.00,57,3.00,-0.78
163167,250.78,250.00,58,3.00,-0.78
163267,250.77,250.00,58,3.00,-0.77
163367,250.78,250.00,57,3.00,-0.78
163467,250.76,250.00,59,3.00,-0.76
163567,250.75,250.00,59,3.00,-0.75
163667,250.78,250.00,54,3.00,-0.78
163767,250.80,250.00,55,3.00,-0.80
163867,250.83,250.00,54,3.00,-0.83
163967,250.80,250.00,59,3.00,-0.80
164067,250.81,250.00,57,3.00,-0.81
164167,250.82,250.00,55,3.00,-0.82
164267,250.83,250.00,57,3.00,-0.83
164367,250.83,250.00,57,3.00,-0.83
164467,250.87,250.00,53,3.00,-0.87
164567,250.90,250.00,53,3.00,-0.90
164667,250.88,250.00,59,3.00,-0.88
164767,250.87,250.00,58,3.00,-0.87
164867,250.87,250.00,57,3.00,-0.87
164967,250.88,250.00,56,3.00,-0.88
165067,250.87,250.00,57,3.00,-0.87
165167,250.88,250.00,56,3.00,-0.88
165267,250.88,250.00,57,3.00,-0.88
165367,250.90,250.00,55,3.00,-0.90
165467,250.91,250.00,56,3.00,-0.91
165567,250.89,250.00,58,3.00,-0.89
165667,250.87,250.00,58,3.00,-0.87
165767,250.88,250.00,56,3.00,-0.88
165867,250.86,250.00,58,3.00,-0.86
165967,250.86,250.00,57,4.00,-0.86
166067,250.87,250.00,56,4.00,-0.87
166167,250.87,250.00,57,4.00,-0.87
166267,250.84,250.00,59,4.00,-0.84
166367,250.83,250.00,58,4.00,-0.83
166467,250.81,250.00,59,4.00,-0.81
166567,250.79,250.00,59,4.00,-0.79
166667,250.81,250.00,55,4.00,-0.81
166767,250.85,250.00,53,4.00,-0.85
166867,250.82,250.00,59,4.00,-0.82
166967,250.81,250.00,58,4.00,-0.81
167067,250.83,250.00,55,4.00,-0.83
167167,250.82,250.00,58,4.00,-0.82
167267,250.83,250.00,55,4.00,-0.83
167367,250.81,250.00,59,4.00,-0.81
167467,250.79,250.00,59,4.00,-0.79
167567,250.78,250.00,57,4.00,-0.78
167667,250.75,250.00,60,4.00,-0.75
167767,250.74,250.00,58,4.00,-0.74
167867,250.71,250.00,60,4.00,-0.71
167967,250.69,250.00,59,4.00,-0.69
168068,250.68,250.00,58,4.00,-0.68
168168,250.76,250.00,49,4.00,-0.76
168268,250.78,250.00,55,4.00,-0.78
168368,250.83,250.00,51,4.00,-0.83
168468,250.85,250.00,55,4.00,-0.85
168568,250.83,250.00,58,4.00,-0.83
168668,250.81,250.00,59,4.00,-0.81
168768,250.85,250.00,52,4.00,-0.85
168868,250.85,250.00,56,4.00,-0.85
168968,250.83,250.00,59,4.00,-0.83
169068,250.83,250.00,56,4.00,-0.83
169168,250.79,250.00,60,4.00,-0.79
169268,250.77,250.00,59,4.00,-0.77
169368,250.82,250.00,52,4.00,-0.82
169468,250.83,250.00,55,4.00,-0.83
169568,250.85,250.00,55,4.00,-0.85
169668,250.87,250.00,54,4.00,-0.87
169768,250.81,250.00,63,4.00,-0.81
169868,250.82,250.00,55,4.00,-0.82
169968,250.81,250.00,57,4.00,-0.81
170068,250.88,250.00,50,4.00,-0.88
170168,250.81,250.00,63,4.00,-0.81
170268,250.82,250.00,56,4.00,-0.82
170368,250.80,250.00,59,4.00,-0.80
170468,250.75,250.00,61,4.00,-0.75
170568,250.79,250.00,53,4.00,-0.79
170668,250.80,250.00,55,4.00,-0.80
170768,250.75,250.00,62,4.00,-0.75
170868,250.77,250.00,54,4.00,-0.77
170968,250.75,250.00,58,4.00,-0.75
171068,250.77,250.00,54,4.00,-0.77
171168,250.79,250.00,54,4.00,-0.79
171268,250.80,250.00,56,4.00,-0.80
171368,250.82,250.00,55,4.00,-0.82
171468,250.79,250.00,58,4.00,-0.79
171568,250.80,250.00,56,4.00,-0.80
171668,250.77,250.00,60,4.00,-0.77
171768,250.79,250.00,54,4.00,-0.79
171868,250.76,250.00,59,4.00,-0.76
171968,250.78,250.00,54,4.00,-0.78
172068,250.78,250.00,56,4.00,-0.78
172168,250.74,250.00,61,4.00,-0.74
172268,250.72,250.00,59,4.00,-0.72
172368,250.68,250.00,60,4.00,-0.68
172468,250.70,250.00,55,4.00,-0.70
172568,250.66,250.00,60,4.00,-0.66
172668,250.66,250.00,57,4.00,-0.66
172768,250.68,250.00,55,4.00,-0.68
172868,250.63,250.00,61,4.00,-0.63
172968,250.65,250.00,55,4.00,-0.65
173067,250.63,250.00,60,4.00,-0.63
173167,250.60,250.00,60,4.00,-0.60
173267,250.58,250.00,59,4.00,-0.58
173367,250.59,250.00,55,4.00,-0.59
173467,250.57,250.00,59,4.00,-0.57
173567,250.52,250.00,62,4.00,-0.52
173667,250.50,250.00,60,4.00,-0.50
173767,250.54,250.00,52,4.00,-0.54
173867,250.52,250.00,59,4.00,-0.52
173967,250.54,250.00,55,4.00,-0.54
174067,250.59,250.00,53,4.00,-0.59
174167,250.54,250.00,62,4.00,-0.54
174267,250.52,250.00,59,4.00,-0.52
174367,250.49,250.00,60,4.00,-0.49
174467,250.52,250.00,55,4.00,-0.52
174567,250.56,250.00,52,4.00,-0.56
174667,250.53,250.00,60,4.00,-0.53
174767,250.50,250.00,60,4.00,-0.50
174867,250.49,250.00,59,4.00,-0.49
174967,250.45,250.00,61,4.00,-0.45
175067,250.42,250.00,61,4.00,-0.42
175167,250.40,250.00,59,4.00,-0.40
175267,250.40,250.00,58,4.00,-0.40
175367,250.38,250.00,59,4.00,-0.38
175467,250.38,250.00,58,4.00,-0.38
175567,250.35,250.00,60,4.00,-0.35
175667,250.31,250.00,63,4.00,-0.31
175767,250.30,250.00,59,4.00,-0.30
175867,250.30,250.00,58,4.00,-0.30
175967,250.25,250.00,62,4.00,-0.25
176067,250.22,250.00,62,4.00,-0.22
176167,250.22,250.00,58,4.00,-0.22
176267,250.20,250.00,60,4.00,-0.20
176367,250.18,250.00,60,4.00,-0.18
176467,250.16,250.00,60,4.00,-0.16
176567,250.12,250.00,63,4.00,-0.12
176667,250.10,250.00,61,4.00,-0.10
176767,250.08,250.00,61,4.00,-0.08
176867,250.07,250.00,60,4.00,-0.07
176967,250.04,250.00,62,4.00,-0.04
177067,250.02,250.00,61,4.00,-0.02
177167,250.03,250.00,58,4.00,-0.03
177267,250.02,250.00,60,4.00,-0.02
177367,250.07,250.00,54,4.00,-0.07
177467,250.04,250.00,62,4.00,-0.04
177567,250.06,250.00,57,4.00,-0.06
177667,250.06,250.00,58,4.00,-0.06
177767,250.06,250.00,59,4.00,-0.06
177867,250.03,250.00,62,4.00,-0.03
177967,249.99,250.00,63,4.00,0.01
178067,249.96,250.00,63,4.00,0.04
178167,249.97,250.00,57,4.00,0.03
178268,249.99,250.00,58,2.00,0.01
178368,249.97,250.00,61,2.00,0.03
178468,249.98,250.00,58,2.00,0.02
178568,250.00,250.00,58,2.00,0.00
178668,249.95,250.00,64,2.00,0.05
178768,249.97,250.00,57,2.00,0.03
178868,249.98,250.00,58,2.00,0.02
178968,249.95,250.00,63,2.00,0.05
179068,249.95,250.00,59,2.00,0.05
179168,249.92,250.00,62,2.00,0.08
179268,249.90,250.00,62,2.00,0.10
179368,249.88,250.00,61,2.00,0.12
179468,249.87,250.00,61,2.00,0.13
179568,249.86,250.00,61,2.00,0.14
179668,249.86,250.00,59,2.00,0.14
179768,249.90,250.00,56,2.00,0.10
179868,249.95,250.00,55,2.00,0.05
179968,249.93,250.00,61,2.00,0.07
180068,249.92,250.00,60,2.00,0.08
180168,249.94,250.00,57,2.00,0.06
180268,249.97,250.00,56,2.00,0.03
180368,249.97,250.00,60,2.00,0.03
180468,249.96,250.00,60,2.00,0.04
180568,249.97,250.00,58,2.00,0.03
180668,249.98,250.00,59,2.00,0.02
180768,249.98,250.00,59,2.00,0.02
180868,249.97,250.00,60,2.00,0.03
180968,249.95,250.00,61,2.00,0.05
181068,250.00,250.00,54,2.00,-0.00
181168,249.97,250.00,63,2.00,0.03
181268,249.95,250.00,61,2.00,0.05
181368,249.98,250.00,56,2.00,0.02
181468,250.03,250.00,54,2.00,-0.03
181568,250.04,250.00,58,2.00,-0.04
181668,250.05,250.00,58,2.00,-0.05
181768,250.07,250.00,57,2.00,-0.07
181868,250.04,250.00,62,2.00,-0.04
181968,250.02,250.00,61,2.00,-0.02
182068,250.07,250.00,54,2.00,-0.07
182168,250.05,250.00,61,2.00,-0.05
182268,250.07,250.00,57,2.00,-0.07
182368,250.06,250.00,59,2.00,-0.06
182468,250.09,250.00,56,2.00,-0.09
182568,250.10,250.00,58,2.00,-0.10
182668,250.06,250.00,62,2.00,-0.06
182768,250.08,250.00,57,2.00,-0.08
182868,250.08,250.00,58,2.00,-0.08
182968,250.06,250.00,61,2.00,-0.06
183068,250.02,250.00,63,2.00,-0.02
183168,250.00,250.00,62,2.00,0.00
183268,250.00,250.00,59,2.00,0.00
183368,250.03,250.00,55,2.00,-0.03
183468,250.04,250.00,58,2.00,-0.04
183568,250.00,250.00,63,2.00,-0.00
183668,249.99,250.00,60,2.00,0.01
183768,250.04,250.00,54,2.00,-0.04
183868,250.05,250.00,58,2.00,-0.05
183968,250.06,250.00,58,2.00,-0.06
184068,250.11,250.00,53,2.00,-0.11
184168,250.14,250.00,56,2.00,-0.14
184268,250.16,250.00,56,2.00,-0.16
184367,250.19,250.00,55,2.00,-0.19
184467,250.15,250.00,63,2.00,-0.15
184567,250.11,250.00,62,2.00,-0.11
184667,250.09,250.00,61,2.00,-0.09
184767,250.06,250.00,62,2.00,-0.06
184867,250.03,250.00,62,2.00,-0.03
184967,249.98,250.00,64,2.00,0.02
185067,249.99,250.00,58,2.00,0.01
185167,249.99,250.00,59,2.00,0.01
185267,250.02,250.00,56,2.00,-0.02
185367,249.97,250.00,64,2.00,0.03
185467,249.94,250.00,63,2.00,0.06
185567,249.91,250.00,62,2.00,0.09
185667,249.92,250.00,58,2.00,0.08
185767,249.91,250.00,60,2.00,0.09
185867,249.96,250.00,55,2.00,0.04
185967,249.96,250.00,59,2.00,0.04
186067,250.00,250.00,55,2.00,-0.00
186167,249.99,250.00,60,2.00,0.01
186267,250.02,250.00,56,2.00,-0.02
186367,249.96,250.00,65,2.00,0.04
186467,249.97,250.00,57,2.00,0.03
186567,249.95,250.00,61,2.00,0.05
186667,249.92,250.00,62,2.00,0.08
186767,249.88,250.00,63,2.00,0.12
186867,249.86,250.00,62,2.00,0.14
186967,249.85,250.00,61,2.00,0.15
187067,249.81,250.00,64,2.00,0.19
187167,249.79,250.00,61,2.00,0.21
187267,249.80,250.00,59,2.00,0.20
187367,249.77,250.00,63,2.00,0.23
187467,249.81,250.00,56,2.00,0.19
187567,249.80,250.00,60,2.00,0.20
187667,249.82,250.00,58,2.00,0.18
187767,249.83,250.00,59,2.00,0.17
187867,249.84,250.00,59,2.00,0.16
187967,249.82,250.00,62,2.00,0.18
188067,249.81,250.00,60,2.00,0.19
188167,249.81,250.00,60,2.00,0.19
188267,249.87,250.00,53,2.00,0.13
188367,249.85,250.00,62,2.00,0.15
188467,249.86,250.00,59,2.00,0.14
188567,249.88,250.00,57,2.00,0.12
188667,249.88,250.00,60,2.00,0.12
188767,249.89,250.00,58,2.00,0.11
188867,249.93,250.00,56,2.00,0.07
188967,249.94,250.00,59,2.00,0.06
189067,249.91,250.00,62,2.00,0.09
189167,249.88,250.00,62,2.00,0.12
189267,249.89,250.00,58,2.00,0.11
189367,249.88,250.00,61,2.00,0.12
189467,249.85,250.00,63,2.00,0.15
189567,249.85,250.00,59,2.00,0.15
189667,249.83,250.00,62,2.00,0.17
189767,249.81,250.00,62,2.00,0.19
189867,249.83,250.00,58,2.00,0.17
189967,249.82,250.00,60,2.00,0.18
190067,249.81,250.00,62,2.00,0.19
190167,249.79,250.00,62,2.00,0.21
190267,249.81,250.00,58,2.00,0.19
190367,249.83,250.00,58,2.00,0.17
190467,249.81,250.00,62,2.00,0.19
190567,249.80,250.00,62,2.00,0.20
190667,249.78,250.00,62,2.00,0.22
190767,249.82,250.00,56,2.00,0.18
190867,249.79,250.00,63,2.00,0.21
190967,249.82,250.00,57,2.00,0.18
191067,249.84,250.00,58,2.00,0.16
191167,249.81,250.00,63,2.00,0.19
191267,249.79,250.00,62,2.00,0.21
191367,249.77,250.00,63,2.00,0.23
191467,249.74,250.00,63,2.00,0.26
191567,249.74,250.00,60,2.00,0.26
191667,249.77,250.00,58,2.00,0.23
191767,249.83,250.00,54,2.00,0.17
191867,249.79,250.00,64,2.00,0.21
191967,249.77,250.00,62,2.00,0.23
192067,249.77,250.00,60,2.00,0.23
192167,249.78,250.00,59,2.00,0.22
192267,249.77,250.00,61,2.00,0.23
192367,249.79,250.00,58,2.00,0.21
192467,249.80,250.00,59,2.00,0.20
192567,249.80,250.00,60,2.00,0.20
192667,249.82,250.00,58,2.00,0.18
192767,249.84,250.00,58,2.00,0.16
192867,249.84,250.00,59,2.00,0.16
192967,249.82,250.00,62,2.00,0.18
193067,249.83,250.00,59,2.00,0.17
193167,249.87,250.00,56,2.00,0.13
193267,249.92,250.00,55,2.00,0.08
193367,249.88,250.00,64,2.00,0.12
193467,249.92,250.00,56,2.00,0.08
193567,249.95,250.00,56,2.00,0.05
193667,249.97,250.00,58,2.00,0.03
193767,249.97,250.00,59,2.00,0.03
193867,249.94,250.00,63,2.00,0.06
193967,249.93,250.00,60,2.00,0.07
194067,249.95,250.00,58,2.00,0.05
194167,250.01,250.00,54,2.00,-0.01
194267,250.03,250.00,57,2.00,-0.03
194367,250.05,250.00,57,2.00,-0.05
194467,250.03,250.00,61,2.00,-0.03
194566,250.01,250.00,62,2.00,-0.01
194666,249.97,250.00,63,2.00,0.03
194766,249.96,250.00,60,2.00,0.04
194866,249.98,250.00,58,2.00,0.02
194966,249.95,250.00,63,2.00,0.05
195066,249.93,250.00,61,2.00,0.07
195166,249.95,250.00,57,2.00,0.05
195266,249.99,250.00,55,2.00,0.01
195366,249.98,250.00,60,2.00,0.02
195466,250.03,250.00,54,2.00,-0.03
195566,250.06,250.00,56,2.00,-0.06
195666,250.03,250.00,62,2.00,-0.03
195766,250.02,250.00,61,2.00,-0.02
195866,249.98,250.00,63,2.00,0.02
195966,250.03,250.00,54,2.00,-0.03
196066,250.08,250.00,54,2.00,-0.08
196166,250.11,250.00,56,2.00,-0.11
196266,250.12,250.00,57,2.00,-0.12
196366,250.16,250.00,55,2.00,-0.16
196466,250.16,250.00,58,2.00,-0.16
196566,250.17,250.00,58,2.00,-0.17
196666,250.16,250.00,60,2.00,-0.16
196766,250.12,250.00,63,2.00,-0.12
196866,250.07,250.00,64,2.00,-0.07
196966,250.09,250.00,57,2.00,-0.09
197066,250.09,250.00,58,2.00,-0.09
197166,250.05,250.00,63,2.00,-0.05
197266,250.07,250.00,57,2.00,-0.07
197366,250.07,250.00,58,2.00,-0.07
197466,250.03,250.00,63,2.00,-0.03
197566,250.00,250.00,62,2.00,-0.00
197666,249.97,250.00,63,2.00,0.03
197766,249.96,250.00,60,2.00,0.04
197866,249.95,250.00,60,2.00,0.05
197966,249.96,250.00,59,2.00,0.04
198066,249.97,250.00,58,2.00,0.03
198166,249.95,250.00,61,2.00,0.05
198266,249.93,250.00,61,2.00,0.07
198366,249.98,250.00,55,2.00,0.02
198466,249.97,250.00,60,2.00,0.03
198566,249.96,250.00,60,2.00,0.04
198666,249.96,250.00,59,2.00,0.04
198766,249.99,250.00,56,2.00,0.01
198866,249.98,250.00,60,2.00,0.02
198966,249.96,250.00,62,2.00,0.04
199066,249.98,250.00,58,2.00,0.02
199167,250.02,250.00,55,2.00,-0.02
199267,250.00,250.00,61,2.00,-0.00
199367,250.03,250.00,57,2.00,-0.03
199467,250.05,250.00,57,2.00,-0.05
199567,250.13,250.00,51,2.00,-0.13
199667,250.12,250.00,60,2.00,-0.12
199767,250.15,250.00,55,2.00,-0.15
199867,250.16,250.00,58,2.00,-0.16
199967,250.16,250.00,59,2.00,-0.16
200067,250.13,250.00,61,2.00,-0.13
200167,250.13,250.00,59,2.00,-0.13
200267,250.11,250.00,61,2.00,-0.11
200367,250.11,250.00,59,2.00,-0.11
200467,250.06,250.00,64,2.00,-0.06
200567,250.08,250.00,57,2.00,-0.08
200667,250.08,250.00,58,2.00,-0.08
200767,250.09,250.00,58,2.00,-0.09
200867,250.07,250.00,61,2.00,-0.07
200967,250.06,250.00,60,2.00,-0.06
201067,250.04,250.00,61,2.00,-0.04
201167,250.04,250.00,59,2.00,-0.04
201267,250.00,250.00,63,2.00,-0.00
201367,249.98,250.00,62,2.00,0.02
201467,250.02,250.00,55,2.00,-0.02
201567,250.04,250.00,57,2.00,-0.04
201667,250.11,250.00,52,2.00,-0.11
201767,250.11,250.00,59,2.00,-0.11
201867,250.07,250.00,62,2.00,-0.07
201967,250.07,250.00,60,2.00,-0.07
202067,250.06,250.00,60,2.00,-0.06
202167,250.08,250.00,57,2.00,-0.08
202267,250.11,250.00,56,2.00,-0.11
202367,250.07,250.00,62,2.00,-0.07
202467,250.10,250.00,56,2.00,-0.10
202567,250.08,250.00,61,2.00,-0.08
202667,250.09,250.00,58,2.00,-0.09
202767,250.11,250.00,56,2.00,-0.11
202867,250.13,250.00,57,2.00,-0.13
202967,250.16,250.00,55,2.00,-0.16
203067,250.16,250.00,59,2.00,-0.16
203167,250.18,250.00,56,2.00,-0.18
203267,250.16,250.00,60,2.00,-0.16
203367,250.16,250.00,59,2.00,-0.16
203467,250.20,250.00,54,2.00,-0.20
203567,250.22,250.00,57,2.00,-0.22
203667,250.20,250.00,61,2.00,-0.20
203767,250.19,250.00,59,2.00,-0.19
203867,250.16,250.00,62,2.00,-0.16
203967,250.19,250.00,55,2.00,-0.19
204067,250.26,250.00,52,2.00,-0.26
204167,250.26,250.00,58,2.00,-0.26
204267,250.24,250.00,59,2.00,-0.24
204367,250.22,250.00,61,2.00,-0.22
204467,250.17,250.00,63,2.00,-0.17
204567,250.19,250.00,56,2.00,-0.19
204667,250.20,250.00,58,2.00,-0.20
204767,250.18,250.00,60,2.00,-0.18
204867,250.17,250.00,59,2.00,-0.17
204967,250.19,250.00,56,2.00,-0.19
205067,250.17,250.00,60,2.00,-0.17
205167,250.17,250.00,59,2.00,-0.17
205267,250.15,250.00,60,2.00,-0.15
205367,250.17,250.00,56,2.00,-0.17
205467,250.17,250.00,59,2.00,-0.17
205567,250.20,250.00,55,2.00,-0.20
205667,250.18,250.00,60,2.00,-0.18
205767,250.14,250.00,63,2.00,-0.14
205867,250.11,250.00,61,2.00,-0.11
205967,250.10,250.00,60,2.00,-0.10
206067,250.06,250.00,63,2.00,-0.06
206167,250.06,250.00,58,2.00,-0.06
206267,250.03,250.00,62,2.00,-0.03
206367,250.07,250.00,56,2.00,-0.07
206467,250.04,250.00,62,2.00,-0.04
206567,250.00,250.00,63,2.00,0.00
206667,250.01,250.00,58,2.00,-0.01
206767,249.99,250.00,62,2.00,0.01
206867,249.96,250.00,61,2.00,0.04
206967,249.93,250.00,63,2.00,0.07
207067,249.95,250.00,57,2.00,0.05
207167,249.96,250.00,59,2.00,0.04
207267,249.96,250.00,59,2.00,0.04
207367,249.94,250.00,61,2.00,0.06
207467,249.95,250.00,59,2.00,0.05
207567,249.92,250.00,62,2.00,0.08
207667,249.89,250.00,62,2.00,0.11
207767,249.90,250.00,58,2.00,0.10
207867,250.00,250.00,50,2.00,0.00
207967,249.95,250.00,64,2.00,0.05
208067,249.93,250.00,61,2.00,0.07
208167,249.90,250.00,62,2.00,0.10
208267,249.89,250.00,61,2.00,0.11
208367,249.90,250.00,58,2.00,0.10
208467,249.94,250.00,56,2.00,0.06
208567,249.89,250.00,64,2.00,0.11
208667,249.94,250.00,55,2.00,0.06
208767,249.95,250.00,59,2.00,0.05
208867,249.92,250.00,62,2.00,0.08
208967,249.89,250.00,62,2.00,0.11
209067,249.87,250.00,62,2.00,0.13
209167,249.89,250.00,57,2.00,0.11
209267,249.88,250.00,61,2.00,0.12
209367,249.84,250.00,63,2.00,0.16
209467,249.85,250.00,59,2.00,0.15
209567,249.83,250.00,62,2.00,0.17
209667,249.85,250.00,58,2.00,0.15
209767,249.81,250.00,63,2.00,0.19
209867,249.88,250.00,53,2.00,0.12
209967,249.89,250.00,58,2.00,0.11
210067,249.93,250.00,56,2.00,0.07
210167,249.94,250.00,59,2.00,0.06
210267,249.98,250.00,55,2.00,0.02
210367,249.99,250.00,58,2.00,0.01
210467,249.99,250.00,59,2.00,0.01
210567,250.03,250.00,55,2.00,-0.03
210667,250.04,250.00,58,2.00,-0.04
210767,250.03,250.00,61,2.00,-0.03
210867,250.02,250.00,59,2.00,-0.02
210967,250.01,250.00,60,2.00,-0.01
211067,250.03,250.00,57,2.00,-0.03
211167,249.99,250.00,63,2.00,0.01
211267,250.00,250.00,59,2.00,0.00
211367,249.98,250.00,60,2.00,0.02
211467,250.01,250.00,56,2.00,-0.01
211567,250.02,250.00,58,2.00,-0.02
211667,250.06,250.00,55,2.00,-0.06
211767,250.09,250.00,56,2.00,-0.09
211867,250.09,250.00,58,2.00,-0.09
211967,250.12,250.00,56,2.00,-0.12
212067,250.07,250.00,64,2.00,-0.07
212167,250.15,250.00,51,2.00,-0.15
212267,250.15,250.00,59,2.00,-0.15
212367,250.11,250.00,62,2.00,-0.11
212467,250.15,250.00,55,2.00,-0.15
212567,250.14,250.00,59,2.00,-0.14
212667,250.19,250.00,54,2.00,-0.19
212767,250.22,250.00,55,2.00,-0.22
212867,250.23,250.00,57,2.00,-0.23
212967,250.20,250.00,62,2.00,-0.20
213067,250.20,250.00,58,2.00,-0.20
213167,250.21,250.00,58,2.00,-0.21
213267,250.22,250.00,57,2.00,-0.22
213367,250.21,250.00,59,2.00,-0.21
213467,250.19,250.00,60,3.00,-0.19
213568,250.19,250.00,59,3.00,-0.19
213668,250.19,250.00,58,3.00,-0.19
213768,250.14,250.00,64,3.00,-0.14
213868,250.14,250.00,59,3.00,-0.14
213968,250.10,250.00,62,3.00,-0.10
214068,250.05,250.00,63,3.00,-0.05
214168,250.01,250.00,63,3.00,-0.01
214268,250.00,250.00,60,3.00,0.00
214368,250.00,250.00,59,3.00,-0.00
214468,249.95,250.00,64,3.00,0.05
214568,249.97,250.00,57,3.00,0.03
214668,249.97,250.00,59,3.00,0.03
214768,249.94,250.00,63,3.00,0.06
214868,249.97,250.00,56,3.00,0.03
214968,249.96,250.00,60,3.00,0.04
215068,249.95,250.00,60,3.00,0.05
215168,249.97,250.00,58,3.00,0.03
215268,249.93,250.00,64,3.00,0.07
215368,249.97,250.00,55,3.00,0.03
215468,249.96,250.00,60,3.00,0.04
215568,249.97,250.00,59,3.00,0.03
215668,249.99,250.00,56,3.00,0.01
215768,250.01,250.00,58,3.00,-0.01
215868,249.97,250.00,63,3.00,0.03
215968,249.97,250.00,59,3.00,0.03
216068,249.97,250.00,60,3.00,0.03
216168,249.97,250.00,59,3.00,0.03
216268,249.94,250.00,63,3.00,0.06
216368,249.99,250.00,54,3.00,0.01
216468,249.97,250.00,61,3.00,0.03
216568,249.94,250.00,63,3.00,0.06
216668,249.96,250.00,57,3.00,0.04
216768,249.93,250.00,62,3.00,0.07
216868,249.91,250.00,61,3.00,0.09
216968,249.93,250.00,57,3.00,0.07
217068,249.94,250.00,59,3.00,0.06
217168,249.94,250.00,59,3.00,0.06
217268,249.94,250.00,60,3.00,0.06
217368,249.92,250.00,61,3.00,0.08
217468,249.94,250.00,57,3.00,0.06
217568,249.96,250.00,57,3.00,0.04
217668,249.94,250.00,61,3.00,0.06
217768,249.95,250.00,59,3.00,0.05
217868,249.98,250.00,56,3.00,0.02
217968,249.98,250.00,59,3.00,0.02
218068,249.96,250.00,61,3.00,0.04
218168,249.96,250.00,59,3.00,0.04
218268,249.95,250.00,60,3.00,0.05
218368,249.96,250.00,59,3.00,0.04
218468,249.93,250.00,63,3.00,0.07
218568,249.96,250.00,56,3.00,0.04
218668,249.94,250.00,61,3.00,0.06
218768,249.94,250.00,60,3.00,0.06
218868,249.95,250.00,57,3.00,0.05
218968,249.94,250.00,61,3.00,0.06
219068,249.94,250.00,59,3.00,0.06
219168,249.95,250.00,59,3.00,0.05
219268,249.95,250.00,59,3.00,0.05
219368,249.95,250.00,60,3.00,0.05
219468,249.92,250.00,62,3.00,0.08
219568,249.90,250.00,61,3.00,0.10
219668,249.92,250.00,57,3.00,0.08
219768,249.92,250.00,60,2.00,0.08
219868,249.98,250.00,54,2.00,0.02
219969,250.03,250.00,54,2.00,-0.03
220069,250.07,250.00,54,2.00,-0.07
220169,250.07,250.00,60,2.00,-0.07
220269,250.11,250.00,55,2.00,-0.11
220369,250.11,250.00,59,2.00,-0.11
220469,250.13,250.00,56,2.00,-0.13
220569,250.10,250.00,62,2.00,-0.10
220669,250.06,250.00,62,2.00,-0.06
220769,250.05,250.00,61,2.00,-0.05
220869,250.10,250.00,53,2.00,-0.10
220969,250.10,250.00,58,2.00,-0.10
221069,250.11,250.00,58,2.00,-0.11
221169,250.14,250.00,55,2.00,-0.14
221269,250.18,250.00,55,2.00,-0.18
221369,250.21,250.00,55,2.00,-0.21
221469,250.25,250.00,54,2.00,-0.25
221569,250.24,250.00,59,2.00,-0.24
221669,250.27,250.00,54,2.00,-0.27
221769,250.29,250.00,56,2.00,-0.29
221869,250.29,250.00,58,2.00,-0.29
221969,250.30,250.00,57,2.00,-0.30
222069,250.27,250.00,61,2.00,-0.27
222169,250.30,250.00,54,2.00,-0.30
222269,250.33,250.00,55,2.00,-0.33
222369,250.36,250.00,55,2.00,-0.36
222469,250.37,250.00,56,2.00,-0.37
222569,250.32,250.00,63,2.00,-0.32
222669,250.27,250.00,64,2.00,-0.27
222769,250.32,250.00,52,2.00,-0.32
222869,250.32,250.00,59,2.00,-0.32
222969,250.33,250.00,56,2.00,-0.33
223069,250.34,250.00,57,2.00,-0.34
223169,250.29,250.00,62,2.00,-0.29
223269,250.29,250.00,58,2.00,-0.29
223369,250.31,250.00,56,2.00,-0.31
223469,250.34,250.00,55,2.00,-0.34
223569,250.35,250.00,56,2.00,-0.35
223669,250.33,250.00,60,2.00,-0.33
223769,250.34,250.00,56,4.00,-0.34
223869,250.36,250.00,56,4.00,-0.36
223969,250.30,250.00,64,4.00,-0.30
224069,250.35,250.00,52,4.00,-0.35
224169,250.38,250.00,55,4.00,-0.38
224269,250.33,250.00,63,4.00,-0.33
224369,250.31,250.00,60,4.00,-0.31
224469,250.31,250.00,57,4.00,-0.31
224569,250.35,250.00,53,4.00,-0.35
224669,250.36,250.00,57,4.00,-0.36
224769,250.33,250.00,60,4.00,-0.33
224869,250.36,250.00,55,4.00,-0.36
224969,250.37,250.00,56,4.00,-0.37
225069,250.37,250.00,58,4.00,-0.37
225169,250.33,250.00,61,4.00,-0.33
225269,250.35,250.00,56,4.00,-0.35
225369,250.36,250.00,56,4.00,-0.36
225469,250.36,250.00,57,4.00,-0.36
225569,250.40,250.00,54,4.00,-0.40
225669,250.43,250.00,54,4.00,-0.43
225769,250.45,250.00,55,4.00,-0.45
225869,250.45,250.00,57,4.00,-0.45
225969,250.47,250.00,55,4.00,-0.47
226069,250.47,250.00,57,4.00,-0.47
226169,250.52,250.00,52,4.00,-0.52
226269,250.53,250.00,56,4.00,-0.53
226369,250.46,250.00,63,4.00,-0.46
226469,250.48,250.00,56,4.00,-0.48
226569,250.43,250.00,62,4.00,-0.43
226669,250.41,250.00,59,4.00,-0.41
226769,250.43,250.00,55,4.00,-0.43
226869,250.45,250.00,55,4.00,-0.45
226969,250.42,250.00,60,4.00,-0.42
227069,250.39,250.00,60,4.00,-0.39
227169,250.37,250.00,59,4.00,-0.37
227269,250.35,250.00,60,4.00,-0.35
227369,250.35,250.00,57,4.00,-0.35
227469,250.33,250.00,60,1.00,-0.33
227569,250.33,250.00,57,1.00,-0.33
227669,250.36,250.00,55,1.00,-0.36
227769,250.38,250.00,55,1.00,-0.38
227869,250.38,250.00,57,1.00,-0.38
227969,250.39,250.00,56,1.00,-0.39
228069,250.39,250.00,57,1.00,-0.39
228169,250.41,250.00,55,1.00,-0.41
228269,250.40,250.00,58,1.00,-0.40
228369,250.38,250.00,60,1.00,-0.38
228469,250.36,250.00,59,1.00,-0.36
228569,250.34,250.00,60,1.00,-0.34
228669,250.35,250.00,56,1.00,-0.35
228769,250.33,250.00,60,1.00,-0.33
228869,250.35,250.00,56,1.00,-0.35
228969,250.32,250.00,60,1.00,-0.32
229069,250.34,250.00,56,1.00,-0.34
229169,250.38,250.00,53,1.00,-0.38
229269,250.36,250.00,59,1.00,-0.36
229369,250.38,250.00,56,1.00,-0.38
229469,250.36,250.00,59,1.00,-0.36
229569,250.42,250.00,51,1.00,-0.42
229669,250.37,250.00,63,1.00,-0.37
229769,250.38,250.00,56,1.00,-0.38
229869,250.34,250.00,61,1.00,-0.34
229969,250.33,250.00,58,1.00,-0.33
230069,250.34,250.00,57,1.00,-0.34
230169,250.35,250.00,56,1.00,-0.35
230269,250.36,250.00,56,1.00,-0.36
230369,250.39,250.00,55,1.00,-0.39
230469,250.37,250.00,59,1.00,-0.37
230569,250.37,250.00,57,1.00,-0.37
230669,250.38,250.00,56,1.00,-0.38
230769,250.37,250.00,59,1.00,-0.37
230869,250.38,250.00,56,1.00,-0.38
230969,250.38,250.00,57,1.00,-0.38
231069,250.34,250.00,61,1.00,-0.34
231169,250.36,250.00,56,1.00,-0.36
231269,250.36,250.00,57,1.00,-0.36
231369,250.36,250.00,57,1.00,-0.36
231469,250.30,250.00,63,1.00,-0.30
231569,250.30,250.00,57,1.00,-0.30
231669,250.36,250.00,52,1.00,-0.36
231769,250.31,250.00,62,1.00,-0.31
231869,250.33,250.00,55,1.00,-0.33
231970,250.30,250.00,61,4.00,-0.30
232070,250.28,250.00,59,4.00,-0.28
232169,250.24,250.00,61,4.00,-0.24
232269,250.26,250.00,55,4.00,-0.26
232369,250.24,250.00,60,4.00,-0.24
232469,250.29,250.00,52,4.00,-0.29
232569,250.33,250.00,53,4.00,-0.33
232669,250.32,250.00,58,4.00,-0.32
232769,250.35,250.00,54,4.00,-0.35
232869,250.35,250.00,57,4.00,-0.35
232969,250.41,250.00,51,4.00,-0.41
233069,250.41,250.00,57,4.00,-0.41
233169,250.42,250.00,56,4.00,-0.42
233269,250.37,250.00,61,4.00,-0.37
233369,250.37,250.00,57,4.00,-0.37
233469,250.41,250.00,53,4.00,-0.41
233569,250.43,250.00,55,4.00,-0.43
233669,250.43,250.00,56,4.00,-0.43
233769,250.46,250.00,54,4.00,-0.46
233869,250.48,250.00,55,4.00,-0.48
233969,250.49,250.00,55,4.00,-0.49
234069,250.50,250.00,55,4.00,-0.50
234169,250.45,250.00,62,4.00,-0.45
234269,250.43,250.00,59,4.00,-0.43
234369,250.44,250.00,56,4.00,-0.44
234469,250.42,250.00,59,4.00,-0.42
234569,250.39,250.00,60,4.00,-0.39
234669,250.41,250.00,55,4.00,-0.41
234769,250.38,250.00,60,4.00,-0.38
234869,250.38,250.00,57,4.00,-0.38
234969,250.39,250.00,56,4.00,-0.39
235069,250.43,250.00,52,4.00,-0.43
235169,250.42,250.00,59,4.00,-0.42
235269,250.35,250.00,63,4.00,-0.35
235369,250.35,250.00,57,4.00,-0.35
235469,250.29,250.00,63,4.00,-0.29
235569,250.34,250.00,53,4.00,-0.34
235669,250.35,250.00,55,4.00,-0.35
235769,250.32,250.00,61,4.00,-0.32
235869,250.31,250.00,58,4.00,-0.31
235969,250.29,250.00,59,4.00,-0.29
236069,250.29,250.00,58,4.00,-0.29
236169,250.26,250.00,60,1.00,-0.26
236269,250.29,250.00,54,1.00,-0.29
236369,250.25,250.00,61,1.00,-0.25
236469,250.24,250.00,59,1.00,-0.24
236569,250.26,250.00,55,1.00,-0.26
236669,250.21,250.00,62,1.00,-0.21
236769,250.20,250.00,58,1.00,-0.20
236869,250.22,250.00,56,1.00,-0.22
236969,250.21,250.00,58,1.00,-0.21
237069,250.17,250.00,62,1.00,-0.17
237169,250.20,250.00,54,1.00,-0.20
237269,250.21,250.00,56,1.00,-0.21
237369,250.22,250.00,57,1.00,-0.22
237469,250.23,250.00,56,1.00,-0.23
237569,250.23,250.00,57,1.00,-0.23
237669,250.26,250.00,55,1.00,-0.26
237769,250.21,250.00,62,1.00,-0.21
237869,250.22,250.00,56,1.00,-0.22
237969,250.18,250.00,62,1.00,-0.18
238069,250.20,250.00,56,1.00,-0.20
238169,250.18,250.00,59,1.00,-0.18
238269,250.12,250.00,63,1.00,-0.12
238369,250.08,250.00,63,1.00,-0.08
238469,250.03,250.00,62,1.00,-0.03
238569,250.06,250.00,56,1.00,-0.06
238669,250.00,250.00,63,1.00,-0.00
238769,250.03,250.00,56,1.00,-0.03
238869,250.04,250.00,57,1.00,-0.04
238969,250.06,250.00,56,1.00,-0.06
239069,250.08,250.00,56,1.00,-0.08
239169,250.04,250.00,61,1.00,-0.04
239269,250.03,250.00,60,1.00,-0.03
239369,250.05,250.00,56,1.00,-0.05
239469,250.06,250.00,57,1.00,-0.06
239569,250.05,250.00,59,1.00,-0.05
239669,250.06,250.00,57,1.00,-0.06
239769,250.07,250.00,57,1.00,-0.07
239869,250.06,250.00,59,1.00,-0.06
239969,250.08,250.00,56,1.00,-0.08
240069,250.06,250.00,60,1.00,-0.06
240169,250.07,250.00,57,1.00,-0.07
240269,250.01,250.00,64,1.00,-0.01
240369,250.01,250.00,58,1.00,-0.01
240469,250.03,250.00,56,1.00,-0.03
240569,250.12,250.00,50,1.00,-0.12
240669,250.09,250.00,60,1.00,-0.09
240769,250.13,250.00,54,1.00,-0.13
240869,250.15,250.00,55,1.00,-0.15
240969,250.15,250.00,58,1.00,-0.15
241069,250.16,250.00,57,1.00,-0.16
241169,250.12,250.00,62,1.00,-0.12
241269,250.15,250.00,55,1.00,-0.15
241369,250.18,250.00,54,1.00,-0.18
241469,250.15,250.00,61,1.00,-0.15
241569,250.10,250.00,63,1.00,-0.10
241669,250.13,250.00,55,1.00,-0.13
241769,250.10,250.00,60,1.00,-0.10
241869,250.09,250.00,59,1.00,-0.09
241969,250.11,250.00,56,1.00,-0.11
242069,250.10,250.00,59,1.00,-0.10
242169,250.12,250.00,55,1.00,-0.12
242269,250.14,250.00,56,1.00,-0.14
242369,250.13,250.00,58,1.00,-0.13
242469,250.13,250.00,58,1.00,-0.13
242569,250.12,250.00,59,1.00,-0.12
242669,250.10,250.00,60,4.50,-0.10
242769,250.14,250.00,54,4.50,-0.14
242869,250.18,250.00,53,4.50,-0.18
242969,250.16,250.00,59,4.50,-0.16
243069,250.12,250.00,62,4.50,-0.12
243169,250.10,250.00,60,4.50,-0.10
243269,250.09,250.00,59,4.50,-0.09
243369,250.08,250.00,59,4.50,-0.08
243469,250.06,250.00,60,4.50,-0.06
243569,250.01,250.00,63,4.50,-0.01
243669,250.01,250.00,58,4.50,-0.01
243769,249.97,250.00,62,4.50,0.03
243869,249.94,250.00,62,4.50,0.06
243969,249.95,250.00,58,4.50,0.05
244069,249.94,250.00,59,4.50,0.06
244169,249.88,250.00,65,4.50,0.12
244269,249.85,250.00,61,4.50,0.15
244369,249.82,250.00,62,4.50,0.18
244469,249.80,250.00,61,4.50,0.20
244569,249.79,250.00,61,4.50,0.21
244669,249.79,250.00,59,4.50,0.21
244769,249.75,250.00,63,4.50,0.25
244869,249.74,250.00,60,4.50,0.26
244969,249.73,250.00,60,4.50,0.27
245069,249.69,250.00,64,4.50,0.31
245169,249.73,250.00,55,4.50,0.27
245269,249.69,250.00,64,4.50,0.31
245369,249.72,250.00,56,4.50,0.28
245469,249.72,250.00,59,4.50,0.28
245569,249.71,250.00,60,4.50,0.29
245669,249.70,250.00,61,4.50,0.30
245769,249.64,250.00,65,4.50,0.36
245869,249.61,250.00,63,4.50,0.39
245969,249.60,250.00,61,4.50,0.40
246069,249.63,250.00,57,4.50,0.37
246169,249.63,250.00,60,4.50,0.37
246269,249.68,250.00,55,4.50,0.32
246369,249.67,250.00,61,4.50,0.33
246469,249.65,250.00,61,4.50,0.35
246569,249.70,250.00,55,4.50,0.30
246669,249.68,250.00,61,4.50,0.32
246769,249.73,250.00,55,4.50,0.27
246869,249.72,250.00,60,4.50,0.28
246969,249.70,250.00,61,4.50,0.30
247069,249.69,250.00,60,4.50,0.31
247169,249.65,250.00,64,4.50,0.35
247269,249.61,250.00,65,4.50,0.39
247369,249.62,250.00,58,4.50,0.38
247469,249.57,250.00,66,4.50,0.43
247569,249.55,250.00,62,4.50,0.45
247669,249.54,250.00,62,4.50,0.46
247769,249.52,250.00,61,4.50,0.48
247869,249.57,250.00,55,4.50,0.43
247969,249.56,250.00,62,4.50,0.44
248069,249.58,250.00,58,4.50,0.42
248169,249.62,250.00,56,4.50,0.38
248269,249.63,250.00,58,4.50,0.37
248369,249.61,250.00,62,4.50,0.39
248469,249.62,250.00,60,4.50,0.38
248569,249.59,250.00,62,4.50,0.41
248669,249.66,250.00,53,4.50,0.34
248769,249.67,250.00,59,4.50,0.33
248869,249.66,250.00,61,4.50,0.34
248969,249.68,250.00,57,4.50,0.32
249069,249.68,250.00,60,4.50,0.32
249169,249.67,250.00,60,4.50,0.33
249269,249.68,250.00,59,4.50,0.32
249369,249.64,250.00,64,4.50,0.36
249469,249.63,250.00,61,0.50,0.37
249568,249.63,250.00,60,0.50,0.37
249668,249.63,250.00,60,0.50,0.37
249768,249.60,250.00,63,0.50,0.40
249868,249.69,250.00,51,0.50,0.31
249968,249.73,250.00,55,0.50,0.27
250068,249.70,250.00,63,0.50,0.30
250168,249.69,250.00,60,0.50,0.31
250268,249.68,250.00,61,0.50,0.32
250368,249.70,250.00,58,0.50,0.30
250468,249.68,250.00,61,0.50,0.32
250568,249.75,250.00,53,0.50,0.25
250668,249.76,250.00,58,0.50,0.24
250768,249.74,250.00,62,0.50,0.26
250868,249.75,250.00,58,0.50,0.25
250968,249.79,250.00,56,0.50,0.21
251068,249.81,250.00,57,0.50,0.19
251168,249.78,250.00,62,0.50,0.22
251268,249.82,250.00,56,0.50,0.18
251368,249.84,250.00,57,0.50,0.16
251468,249.88,250.00,55,0.50,0.12
251568,249.82,250.00,65,0.50,0.18
251668,249.84,250.00,57,0.50,0.16
251768,249.85,250.00,57,0.50,0.15
251868,249.80,250.00,65,0.50,0.20
251968,249.87,250.00,52,0.50,0.13
252068,249.82,250.00,64,0.50,0.18
252168,249.85,250.00,56,0.50,0.15
252268,249.88,250.00,56,0.50,0.12
252368,249.84,250.00,63,0.50,0.16
252468,249.90,250.00,54,0.50,0.10
252568,249.92,250.00,57,0.50,0.08
252668,249.94,250.00,57,0.50,0.06
252768,249.97,250.00,56,0.50,0.03
252868,249.91,250.00,64,0.50,0.09
252968,249.91,250.00,59,0.50,0.09
253068,249.90,250.00,60,0.50,0.10
253168,249.91,250.00,58,0.50,0.09
253268,249.93,250.00,57,0.50,0.07
253368,249.91,250.00,61,0.50,0.09
253468,249.90,250.00,60,0.50,0.10
253568,249.93,250.00,55,0.50,0.07
253668,249.98,250.00,54,0.50,0.02
253768,249.95,250.00,61,0.50,0.05
253868,249.96,250.00,58,0.50,0.04
253968,249.89,250.00,66,0.50,0.11
254067,249.87,250.00,62,0.50,0.13
254167,249.83,250.00,63,0.50,0.17
254267,249.84,250.00,59,0.50,0.16
254367,249.82,250.00,61,0.50,0.18
254467,249.78,250.00,64,0.50,0.22
254567,249.77,250.00,61,0.50,0.23
254667,249.75,250.00,61,0.50,0.25
254767,249.78,250.00,57,0.50,0.22
254867,249.79,250.00,58,0.50,0.21
254967,249.75,250.00,63,0.50,0.25
255067,249.72,250.00,63,0.50,0.28
255167,249.68,250.00,64,0.50,0.32
255267,249.67,250.00,60,0.50,0.33
255367,249.69,250.00,58,0.50,0.31
255467,249.70,250.00,59,0.50,0.30
255567,249.67,250.00,63,0.50,0.33
255667,249.65,250.00,63,0.50,0.35
255767,249.62,250.00,62,0.50,0.38
255867,249.61,250.00,61,0.50,0.39
255967,249.57,250.00,65,0.50,0.43
256067,249.55,250.00,62,0.50,0.45
256167,249.55,250.00,61,0.50,0.45
256267,249.54,250.00,62,0.50,0.46
256367,249.54,250.00,61,0.50,0.46
256467,249.51,250.00,63,0.50,0.49
256567,249.48,250.00,64,0.50,0.52
256667,249.46,250.00,63,0.50,0.54
256767,249.44,250.00,63,0.50,0.56
256867,249.44,250.00,61,0.50,0.56
256967,249.46,250.00,59,0.50,0.54
257067,249.48,250.00,59,0.50,0.52
257167,249.48,250.00,60,0.50,0.52
257267,249.50,250.00,59,0.50,0.50
257367,249.54,250.00,57,0.50,0.46
257467,249.55,250.00,59,0.50,0.45
257567,249.54,250.00,62,0.50,0.46
257667,249.52,250.00,62,0.50,0.48
257767,249.51,250.00,62,0.50,0.49
257867,249.49,250.00,63,0.50,0.51
257967,249.48,250.00,62,0.50,0.52
258067,249.51,250.00,58,0.50,0.49
258167,249.50,250.00,62,0.50,0.50
258267,249.48,250.00,63,0.50,0.52
258367,249.50,250.00,59,0.50,0.50
258467,249.51,250.00,59,0.50,0.49
258567,249.50,250.00,62,0.50,0.50
258667,249.53,250.00,58,0.50,0.47
258767,249.54,250.00,59,0.50,0.46
258867,249.53,250.00,62,0.50,0.47
258967,249.53,250.00,61,0.50,0.47
259067,249.55,250.00,58,0.50,0.45
259167,249.54,250.00,62,0.50,0.46
259267,249.56,250.00,58,0.50,0.44
259367,249.54,250.00,62,0.50,0.46
259467,249.52,250.00,63,0.50,0.48
259567,249.52,250.00,61,0.50,0.48
259667,249.49,250.00,64,0.50,0.51
259767,249.51,250.00,58,0.50,0.49
259867,249.49,250.00,63,0.50,0.51
259967,249.47,250.00,63,0.50,0.53
260067,249.45,250.00,63,0.50,0.55
260167,249.47,250.00,59,0.50,0.53
260267,249.48,250.00,60,0.50,0.52
260367,249.45,250.00,64,0.50,0.55
260467,249.47,250.00,59,0.50,0.53
260567,249.45,250.00,63,0.50,0.55
260667,249.45,250.00,62,0.50,0.55
260767,249.48,250.00,58,0.50,0.52
260867,249.53,250.00,56,0.50,0.47
260967,249.51,250.00,63,0.50,0.49
261067,249.51,250.00,61,0.50,0.49
261167,249.52,250.00,60,0.50,0.48
261267,249.55,250.00,58,0.50,0.45
261367,249.52,250.00,63,0.50,0.48
261467,249.49,250.00,65,0.50,0.51
261567,249.46,250.00,64,0.50,0.54
261667,249.45,250.00,62,0.50,0.55
261767,249.46,250.00,60,0.50,0.54
261867,249.49,250.00,58,0.50,0.51
261967,249.45,250.00,66,0.50,0.55
262067,249.42,250.00,64,0.50,0.58
262167,249.39,250.00,64,0.50,0.61
262267,249.41,250.00,60,0.50,0.59
262367,249.42,250.00,60,0.50,0.58
262467,249.40,250.00,64,0.50,0.60
262567,249.42,250.00,59,0.50,0.58
262667,249.40,250.00,64,0.50,0.60
262767,249.39,250.00,63,0.50,0.61
262867,249.40,250.00,60,0.50,0.60
262967,249.40,250.00,61,0.50,0.60
263067,249.39,250.00,63,0.50,0.61
263167,249.39,250.00,61,0.50,0.61
263267,249.41,250.00,60,0.50,0.59
263367,249.39,250.00,63,0.50,0.61
263467,249.38,250.00,63,0.50,0.62
263567,249.35,250.00,65,0.50,0.65
263667,249.33,250.00,64,0.50,0.67
263767,249.37,250.00,59,0.50,0.63
263867,249.37,250.00,61,0.50,0.63
263967,249.40,250.00,59,0.50,0.60
264067,249.41,250.00,60,0.50,0.59
264167,249.39,250.00,64,0.50,0.61
264267,249.37,250.00,64,0.50,0.63
264367,249.38,250.00,60,0.50,0.62
264467,249.36,250.00,64,0.50,0.64
264567,249.33,250.00,65,0.50,0.67
264667,249.35,250.00,60,0.50,0.65
264767,249.32,250.00,65,0.50,0.68
264867,249.31,250.00,64,0.50,0.69
264967,249.33,250.00,60,0.50,0.67
265067,249.33,250.00,62,0.50,0.67
265167,249.30,250.00,65,0.50,0.70
265267,249.32,250.00,60,0.50,0.68
265367,249.33,250.00,61,0.50,0.67
265467,249.36,250.00,59,0.50,0.64
265567,249.34,250.00,64,0.50,0.66
265667,249.31,250.00,65,0.50,0.69
265767,249.35,250.00,59,0.50,0.65
265867,249.37,250.00,60,0.50,0.63
265967,249.37,250.00,62,0.50,0.63
266067,249.39,250.00,60,0.50,0.61
266167,249.40,250.00,60,0.50,0.60
266267,249.37,250.00,65,0.50,0.63
266367,249.42,250.00,57,0.50,0.58
266467,249.44,250.00,59,0.50,0.56
266567,249.44,250.00,62,0.50,0.56
266667,249.41,250.00,65,0.50,0.59
266767,249.44,250.00,59,0.50,0.56
266867,249.46,250.00,60,0.50,0.54
266967,249.45,250.00,62,0.50,0.55
267067,249.48,250.00,58,0.50,0.52
267167,249.49,250.00,61,0.50,0.51
267267,249.47,250.00,64,0.50,0.53
267367,249.47,250.00,61,0.50,0.53
267467,249.49,250.00,60,0.50,0.51
267567,249.47,250.00,64,0.50,0.53
267667,249.47,250.00,62,0.50,0.53
267767,249.45,250.00,64,0.50,0.55
267867,249.43,250.00,63,0.50,0.57
267967,249.44,250.00,61,0.50,0.56
268067,249.42,250.00,65,0.50,0.58
268167,249.41,250.00,62,0.50,0.59
268267,249.40,250.00,63,0.50,0.60
268367,249.39,250.00,63,0.50,0.61
268467,249.38,250.00,63,0.50,0.62
268567,249.38,250.00,62,0.50,0.62
268667,249.41,250.00,59,0.50,0.59
268767,249.40,250.00,63,0.50,0.60
268867,249.42,250.00,60,0.50,0.58
268967,249.41,250.00,63,0.50,0.59
269067,249.41,250.00,62,0.50,0.59
269167,249.41,250.00,62,0.50,0.59
269267,249.48,250.00,55,0.50,0.52
269367,249.49,250.00,61,0.50,0.51
269467,249.48,250.00,63,0.50,0.52
269567,249.52,250.00,58,0.50,0.48
269667,249.56,250.00,58,0.50,0.44
269767,249.59,250.00,58,0.50,0.41
269867,249.58,250.00,62,0.50,0.42
269967,249.61,250.00,58,0.50,0.39
270067,249.62,250.00,61,0.50,0.38
270167,249.63,250.00,60,0.50,0.37
270267,249.62,250.00,62,0.50,0.38
270367,249.60,250.00,64,0.50,0.40
270467,249.59,250.00,62,0.50,0.41
270567,249.62,250.00,58,0.50,0.38
270667,249.61,250.00,62,0.50,0.39
270767,249.63,250.00,60,0.50,0.37
270867,249.61,250.00,64,0.50,0.39
270967,249.63,250.00,59,0.50,0.37
271067,249.66,250.00,59,0.50,0.34
271167,249.66,250.00,61,0.50,0.34
271267,249.69,250.00,58,0.50,0.31
271367,249.70,250.00,60,0.50,0.30
271467,249.69,250.00,62,0.50,0.31
271567,249.69,250.00,62,0.50,0.31
271667,249.71,250.00,59,0.50,0.29
271767,249.72,250.00,60,0.50,0.28
271867,249.71,250.00,62,0.50,0.29
271967,249.69,250.00,63,0.50,0.31
272067,249.73,250.00,57,0.50,0.27
272167,249.76,250.00,58,0.50,0.24
272267,249.77,250.00,60,0.50,0.23
272367,249.76,250.00,62,0.50,0.24
272467,249.79,250.00,58,0.50,0.21
272567,249.77,250.00,62,0.50,0.23
272667,249.76,250.00,62,0.50,0.24
272767,249.75,250.00,62,0.50,0.25
272867,249.75,250.00,61,0.50,0.25
272967,249.74,250.00,62,0.50,0.26
273067,249.77,250.00,58,0.50,0.23
273167,249.79,250.00,58,0.50,0.21
273267,249.79,250.00,61,0.50,0.21
273367,249.79,250.00,61,0.50,0.21
273467,249.80,250.00,60,0.50,0.20
273567,249.78,250.00,62,0.50,0.22
273667,249.79,250.00,60,0.50,0.21
273767,249.81,250.00,59,0.50,0.19
273867,249.86,250.00,56,0.50,0.14
273967,249.92,250.00,54,0.50,0.08
274067,249.91,250.00,61,0.50,0.09
274167,249.90,250.00,62,0.50,0.10
274267,249.92,250.00,58,0.50,0.08
274367,249.95,250.00,57,0.50,0.05
274467,249.96,250.00,60,0.50,0.04
274567,249.99,250.00,57,0.50,0.01
274667,249.98,250.00,61,0.50,0.02
274767,249.97,250.00,61,0.50,0.03
274867,250.00,250.00,57,0.50,0.00
274967,250.01,250.00,59,0.50,-0.01
275067,249.98,250.00,62,0.50,0.02
275167,250.00,250.00,59,0.50,0.00
275267,250.03,250.00,56,0.50,-0.03
275367,250.03,250.00,60,0.50,-0.03
275467,250.03,250.00,60,0.50,-0.03
275567,250.09,250.00,54,0.50,-0.09
275667,250.08,250.00,60,0.50,-0.08
275767,250.08,250.00,59,0.50,-0.08
275867,250.11,250.00,57,0.50,-0.11
275967,250.14,250.00,57,0.50,-0.14
276067,250.15,250.00,58,0.50,-0.15
276167,250.13,250.00,61,0.50,-0.13
276267,250.12,250.00,61,0.50,-0.12
276367,250.14,250.00,57,0.50,-0.14
276467,250.13,250.00,61,0.50,-0.13
276567,250.12,250.00,61,0.50,-0.12
276667,250.14,250.00,57,0.50,-0.14
276767,250.13,250.00,61,0.50,-0.13
276867,250.12,250.00,61,0.50,-0.12
276967,250.14,250.00,57,0.50,-0.14
277067,250.13,250.00,61,0.50,-0.13
277167,250.14,250.00,58,0.50,-0.14
277267,250.15,250.00,58,0.50,-0.15
277367,250.13,250.00,61,0.50,-0.13
277467,250.12,250.00,61,0.50,-0.12
277567,250.12,250.00,59,0.50,-0.12
277667,250.18,250.00,53,0.50,-0.18
277767,250.18,250.00,60,0.50,-0.18
277867,250.18,250.00,59,0.50,-0.18
277967,250.21,250.00,56,0.50,-0.21
278067,250.24,250.00,56,0.50,-0.24
278167,250.29,250.00,54,0.50,-0.29
278267,250.27,250.00,60,0.50,-0.27
278367,250.31,250.00,55,0.50,-0.31
278467,250.32,250.00,57,0.50,-0.32
278567,250.33,250.00,58,0.50,-0.33
278667,250.34,250.00,57,0.50,-0.34
278767,250.34,250.00,58,0.50,-0.34
278867,250.31,250.00,62,0.50,-0.31
278967,250.33,250.00,57,0.50,-0.33
279067,250.31,250.00,61,0.50,-0.31
279167,250.30,250.00,59,0.50,-0.30
279267,250.34,250.00,54,0.50,-0.34
279367,250.35,250.00,58,0.50,-0.35
279467,250.31,250.00,62,0.50,-0.31
279567,250.30,250.00,59,0.50,-0.30
279667,250.30,250.00,59,0.50,-0.30
279767,250.29,250.00,59,0.50,-0.29
279867,250.29,250.00,59,0.50,-0.29
279967,250.27,250.00,60,0.50,-0.27
280067,250.29,250.00,57,0.50,-0.29
280167,250.32,250.00,55,0.50,-0.32
280267,250.34,250.00,57,0.50,-0.34
280367,250.33,250.00,59,0.50,-0.33
280467,250.31,250.00,61,0.50,-0.31
280567,250.33,250.00,57,0.50,-0.33
280667,250.32,250.00,59,0.50,-0.32
280767,250.30,250.00,61,0.50,-0.30
280867,250.31,250.00,58,0.50,-0.31
280967,250.29,250.00,60,0.50,-0.29
281067,250.32,250.00,55,0.50,-0.32
281167,250.34,250.00,57,0.50,-0.34
281267,250.33,250.00,59,0.50,-0.33
281367,250.29,250.00,62,0.50,-0.29
281467,250.30,250.00,58,0.50,-0.30
281567,250.28,250.00,60,0.50,-0.28
281667,250.28,250.00,59,0.50,-0.28
281767,250.26,250.00,60,0.50,-0.26
281867,250.27,250.00,58,0.50,-0.27
281967,250.27,250.00,59,0.50,-0.27
282067,250.28,250.00,58,0.50,-0.28
282167,250.29,250.00,58,0.50,-0.29
282267,250.28,250.00,59,0.50,-0.28
282367,250.28,250.00,59,0.50,-0.28
282467,250.28,250.00,59,0.50,-0.28
282567,250.31,250.00,55,0.50,-0.31
282667,250.34,250.00,55,0.50,-0.34
282767,250.31,250.00,62,0.50,-0.31
282867,250.33,250.00,55,0.50,-0.33
282967,250.34,250.00,58,0.50,-0.34
283067,250.34,250.00,58,0.50,-0.34
283167,250.38,250.00,54,0.50,-0.38
283267,250.41,250.00,55,0.50,-0.41
283367,250.42,250.00,57,0.50,-0.42
283467,250.40,250.00,60,0.50,-0.40
283567,250.42,250.00,56,0.50,-0.42
283667,250.44,250.00,56,0.50,-0.44
283767,250.45,250.00,57,0.50,-0.45
283867,250.47,250.00,55,0.50,-0.47
283967,250.52,250.00,53,0.50,-0.52
284067,250.51,250.00,59,0.50,-0.51
284167,250.49,250.00,59,0.50,-0.49
284267,250.52,250.00,55,0.50,-0.52
284367,250.51,250.00,58,0.50,-0.51
284467,250.53,250.00,55,0.50,-0.53
284567,250.53,250.00,58,0.50,-0.53
284667,250.56,250.00,54,0.50,-0.56
284767,250.58,250.00,56,0.50,-0.58
284867,250.58,250.00,57,0.50,-0.58
284967,250.61,250.00,54,0.50,-0.61
285067,250.57,250.00,61,0.50,-0.57
285167,250.54,250.00,61,0.50,-0.54
285267,250.52,250.00,59,0.50,-0.52
285367,250.53,250.00,57,0.50,-0.53
285467,250.54,250.00,57,0.50,-0.54
285567,250.53,250.00,58,0.50,-0.53
285667,250.55,250.00,55,0.50,-0.55
285767,250.53,250.00,59,0.50,-0.53
285867,250.53,250.00,58,0.50,-0.53
285967,250.52,250.00,58,0.50,-0.52
286067,250.57,250.00,53,0.50,-0.57
286167,250.53,250.00,61,0.50,-0.53
286267,250.53,250.00,58,0.50,-0.53
286367,250.55,250.00,55,0.50,-0.55
286467,250.54,250.00,58,0.50,-0.54
286567,250.54,250.00,58,0.50,-0.54
286667,250.52,250.00,59,0.50,-0.52
286767,250.50,250.00,59,0.50,-0.50
286867,250.51,250.00,56,0.50,-0.51
286967,250.52,250.00,56,0.50,-0.52
287067,250.55,250.00,54,0.50,-0.55
287167,250.52,250.00,60,0.50,-0.52
287267,250.51,250.00,59,0.50,-0.51
287367,250.52,250.00,56,0.50,-0.52
287467,250.50,250.00,59,0.50,-0.50
287567,250.49,250.00,59,0.50,-0.49
287667,250.52,250.00,54,0.50,-0.52
287767,250.53,250.00,56,0.50,-0.53
287867,250.50,250.00,60,0.50,-0.50
287967,250.49,250.00,59,0.50,-0.49
288067,250.48,250.00,59,0.50,-0.48
288167,250.48,250.00,57,0.50,-0.48
288267,250.45,250.00,60,0.50,-0.45
288367,250.46,250.00,57,0.50,-0.46
288467,250.47,250.00,56,0.50,-0.47
288567,250.50,250.00,55,0.50,-0.50
288667,250.52,250.00,55,0.50,-0.52
288767,250.50,250.00,59,0.50,-0.50
288867,250.49,250.00,59,0.50,-0.49
288967,250.51,250.00,55,0.50,-0.51
289067,250.52,250.00,56,0.50,-0.52
289167,250.54,250.00,55,0.50,-0.54
289267,250.55,250.00,56,0.50,-0.55
289367,250.53,250.00,59,0.50,-0.53
289467,250.51,250.00,59,0.50,-0.51
289567,250.52,250.00,56,0.50,-0.52
289667,250.53,250.00,56,0.50,-0.53
289767,250.53,250.00,58,0.50,-0.53
289867,250.52,250.00,57,0.50,-0.52
289967,250.53,250.00,56,0.50,-0.53
290067,250.51,250.00,59,0.50,-0.51
290167,250.50,250.00,59,0.50,-0.50
290267,250.55,250.00,52,0.50,-0.55
290367,250.53,250.00,59,0.50,-0.53
290467,250.51,250.00,59,0.50,-0.51
290567,250.52,250.00,56,0.50,-0.52
290667,250.52,250.00,57,0.50,-0.52
290767,250.54,250.00,55,0.50,-0.54
290867,250.52,250.00,59,0.50,-0.52
290967,250.50,250.00,59,0.50,-0.50
291067,250.50,250.00,57,0.50,-0.50
291167,250.50,250.00,57,0.50,-0.50
291267,250.49,250.00,58,0.50,-0.49
291367,250.49,250.00,57,0.50,-0.49
291467,250.50,250.00,56,0.50,-0.50
291567,250.50,250.00,57,0.50,-0.50
291667,250.50,250.00,57,0.50,-0.50
291767,250.51,250.00,56,0.50,-0.51
291867,250.49,250.00,58,0.50,-0.49
291967,250.52,250.00,55,0.50,-0.52
292067,250.54,250.00,55,0.50,-0.54
292167,250.53,250.00,57,0.50,-0.53
292267,250.56,250.00,54,0.50,-0.56
292367,250.57,250.00,56,0.50,-0.57
292467,250.55,250.00,59,0.50,-0.55
292567,250.53,250.00,59,0.50,-0.53
292667,250.54,250.00,56,0.50,-0.54
292767,250.57,250.00,54,0.50,-0.57
292867,250.58,250.00,55,0.50,-0.58
292967,250.56,250.00,59,0.50,-0.56
293067,250.55,250.00,57,0.50,-0.55
293167,250.56,250.00,56,0.50,-0.56
293267,250.54,250.00,59,0.50,-0.54
293367,250.53,250.00,57,0.50,-0.53
293467,250.52,250.00,58,0.50,-0.52
293567,250.50,250.00,58,0.50,-0.50
293667,250.49,250.00,58,0.50,-0.49
293767,250.47,250.00,58,0.50,-0.47
293867,250.48,250.00,57,0.50,-0.48
293967,250.48,250.00,57,0.50,-0.48
294067,250.49,250.00,56,0.50,-0.49
294167,250.50,250.00,56,0.50,-0.50
294267,250.50,250.00,57,0.50,-0.50
294367,250.52,250.00,54,0.50,-0.52
294467,250.52,250.00,57,0.50,-0.52
294567,250.50,250.00,58,0.50,-0.50
294667,250.50,250.00,57,0.50,-0.50
294767,250.50,250.00,57,0.50,-0.50
294867,250.49,250.00,58,0.50,-0.49
294967,250.50,250.00,56,0.50,-0.50
295067,250.48,250.00,58,0.50,-0.48
295167,250.46,250.00,59,0.50,-0.46
295267,250.47,250.00,55,0.50,-0.47
295367,250.47,250.00,57,0.50,-0.47
295467,250.49,250.00,55,0.50,-0.49
295567,250.50,250.00,56,0.50,-0.50
295667,250.47,250.00,59,0.50,-0.47
295767,250.47,250.00,57,0.50,-0.47
295867,250.44,250.00,60,0.50,-0.44
295967,250.42,250.00,59,0.50,-0.42
296067,250.39,250.00,60,0.50,-0.39
296167,250.39,250.00,57,0.50,-0.39
296267,250.40,250.00,56,0.50,-0.40
296367,250.38,250.00,59,0.50,-0.38
296467,250.40,250.00,55,0.50,-0.40
296567,250.40,250.00,57,0.50,-0.40
296667,250.37,250.00,60,0.50,-0.37
296767,250.36,250.00,58,0.50,-0.36
296867,250.36,250.00,57,0.50,-0.36
296967,250.35,250.00,58,0.50,-0.35
297067,250.39,250.00,53,0.50,-0.39
297167,250.35,250.00,61,0.50,-0.35
297267,250.34,250.00,58,0.50,-0.34
297367,250.33,250.00,58,0.50,-0.33
297467,250.30,250.00,61,0.50,-0.30
297567,250.31,250.00,55,0.50,-0.31
297667,250.28,250.00,61,0.50,-0.28
297767,250.26,250.00,60,0.50,-0.26
297867,250.29,250.00,54,0.50,-0.29
297967,250.30,250.00,57,0.50,-0.30
298067,250.29,250.00,58,0.50,-0.29
298167,250.26,250.00,60,0.50,-0.26
298267,250.26,250.00,58,0.50,-0.26
298367,250.28,250.00,55,0.50,-0.28
298467,250.27,250.00,59,0.50,-0.27
298567,250.25,250.00,59,0.50,-0.25
298667,250.30,250.00,53,0.50,-0.30
298767,250.27,250.00,60,0.50,-0.27
298867,250.24,250.00,60,0.50,-0.24
298967,250.27,250.00,55,0.50,-0.27
299067,250.29,250.00,55,0.50,-0.29
299167,250.29,250.00,58,0.50,-0.29
299267,250.26,250.00,60,0.50,-0.26
299367,250.30,250.00,53,0.50,-0.30
299467,250.35,250.00,53,0.50,-0.35
299567,250.34,250.00,58,0.50,-0.34
299667,250.37,250.00,53,0.50,-0.37
299767,250.35,250.00,60,0.50,-0.35
299867,250.33,250.00,59,0.50,-0.33
299967,250.31,250.00,59,0.50,-0.31
300067,250.30,250.00,58,0.50,-0.30
300167,250.32,250.00,55,0.50,-0.32
300267,250.32,250.00,57,0.50,-0.32
300367,250.34,250.00,56,0.50,-0.34
300467,250.35,250.00,56,0.50,-0.35
300567,250.34,250.00,58,0.50,-0.34
300667,250.37,250.00,54,0.50,-0.37
300767,250.42,250.00,52,0.50,-0.42
300867,250.40,250.00,59,0.50,-0.40
300967,250.37,250.00,60,0.50,-0.37
301067,250.38,250.00,56,0.50,-0.38
301167,250.38,250.00,57,0.50,-0.38
301267,250.37,250.00,58,0.50,-0.37
301367,250.34,250.00,59,0.50,-0.34
301467,250.32,250.00,59,0.50,-0.32
301567,250.31,250.00,58,0.50,-0.31
301667,250.32,250.00,57,0.50,-0.32
301767,250.35,250.00,54,0.50,-0.35
301867,250.36,250.00,56,0.50,-0.36
301967,250.34,250.00,59,0.50,-0.34
302067,250.35,250.00,56,0.50,-0.35
302167,250.33,250.00,59,0.50,-0.33
302267,250.33,250.00,57,0.50,-0.33
302367,250.30,250.00,60,0.50,-0.30
302467,250.29,250.00,58,0.50,-0.29
302567,250.31,250.00,55,0.50,-0.31
302667,250.29,250.00,59,0.50,-0.29
302767,250.31,250.00,55,0.50,-0.31
302867,250.35,250.00,53,0.50,-0.35
302967,250.37,250.00,56,0.50,-0.37
303067,250.34,250.00,59,0.50,-0.34
303167,250.34,250.00,57,0.50,-0.34
303267,250.33,250.00,58,0.50,-0.33
303367,250.35,250.00,55,0.50,-0.35
303467,250.34,250.00,58,0.50,-0.34
303567,250.35,250.00,55,0.50,-0.35
303667,250.37,250.00,56,0.50,-0.37
303767,250.37,250.00,57,0.50,-0.37
303867,250.34,250.00,59,0.50,-0.34
303967,250.36,250.00,55,0.50,-0.36
304067,250.32,250.00,61,0.50,-0.32
304167,250.33,250.00,57,0.50,-0.33
304267,250.29,250.00,60,0.50,-0.29
304367,250.29,250.00,58,0.50,-0.29
304467,250.25,250.00,61,0.50,-0.25
304567,250.26,250.00,56,0.50,-0.26
304667,250.27,250.00,56,0.50,-0.27
304767,250.26,250.00,59,0.50,-0.26
304867,250.24,250.00,59,0.50,-0.24
304967,250.29,250.00,52,0.50,-0.29
305067,250.26,250.00,60,0.50,-0.26
305167,250.25,250.00,59,0.50,-0.25
305267,250.26,250.00,56,0.50,-0.26
305367,250.25,250.00,59,0.50,-0.25
305467,250.26,250.00,56,0.50,-0.26
305567,250.23,250.00,60,0.50,-0.23
305667,250.21,250.00,60,0.50,-0.21
305767,250.22,250.00,56,0.50,-0.22
305867,250.19,250.00,61,0.50,-0.19
305967,250.21,250.00,56,0.50,-0.21
306067,250.18,250.00,61,0.50,-0.18
306167,250.16,250.00,59,0.50,-0.16
306267,250.18,250.00,55,0.50,-0.18
306367,250.16,250.00,59,0.50,-0.16
306467,250.15,250.00,59,0.50,-0.15
306567,250.16,250.00,57,0.50,-0.16
306667,250.16,250.00,57,0.50,-0.16
306767,250.18,250.00,55,0.50,-0.18
306867,250.17,250.00,59,0.50,-0.17
306967,250.15,250.00,59,0.50,-0.15
307067,250.15,250.00,58,0.50,-0.15
307167,250.11,250.00,62,0.50,-0.11
307267,250.11,250.00,58,0.50,-0.11
307367,250.14,250.00,55,0.50,-0.14
307467,250.12,250.00,59,0.50,-0.12
307567,250.11,250.00,59,0.50,-0.11
307667,250.09,250.00,60,0.50,-0.09
307767,250.12,250.00,55,0.50,-0.12
307867,250.18,250.00,51,0.50,-0.18
307967,250.17,250.00,58,0.50,-0.17
308067,250.21,250.00,53,0.50,-0.21
308167,250.24,250.00,55,0.50,-0.24
308267,250.22,250.00,60,0.50,-0.22
308367,250.20,250.00,59,0.50,-0.20
308467,250.19,250.00,58,0.50,-0.19
308567,250.19,250.00,57,0.50,-0.19
308667,250.18,250.00,59,0.50,-0.18
308767,250.19,250.00,55,0.50,-0.19
308867,250.18,250.00,59,0.50,-0.18
308967,250.17,250.00,58,0.50,-0.17
309067,250.20,250.00,54,0.50,-0.20
309167,250.21,250.00,57,0.50,-0.21
309267,250.19,250.00,59,0.50,-0.19
309367,250.18,250.00,58,0.50,-0.18
309467,250.20,250.00,55,0.50,-0.20
309567,250.23,250.00,54,0.50,-0.23
309667,250.25,250.00,55,0.50,-0.25
309767,250.23,250.00,60,0.50,-0.23
309867,250.25,250.00,55,0.50,-0.25
309967,250.28,250.00,55,0.50,-0.28
310067,250.24,250.00,61,0.50,-0.24
310167,250.21,250.00,60,0.50,-0.21
310267,250.18,250.00,61,0.50,-0.18
310367,250.15,250.00,60,0.50,-0.15
310467,250.16,250.00,57,0.50,-0.16
310567,250.18,250.00,55,0.50,-0.18
310667,250.18,250.00,58,0.50,-0.18
310767,250.17,250.00,58,0.50,-0.17
310867,250.18,250.00,57,0.50,-0.18
310967,250.18,250.00,57,0.50,-0.18
311067,250.17,250.00,59,0.50,-0.17
311167,250.15,250.00,59,0.50,-0.15
311267,250.15,250.00,58,0.50,-0.15
311367,250.13,250.00,59,0.50,-0.13
311467,250.12,250.00,59,0.50,-0.12
311567,250.13,250.00,56,0.50,-0.13
311667,250.12,250.00,59,0.50,-0.12
311767,250.12,250.00,58,0.50,-0.12
311867,250.11,250.00,59,0.50,-0.11
311967,250.10,250.00,59,0.50,-0.10
312067,250.12,250.00,55,0.50,-0.12
312167,250.14,250.00,56,0.50,-0.14
312267,250.17,250.00,54,0.50,-0.17
312367,250.14,250.00,60,0.50,-0.14
312467,250.13,250.00,59,0.50,-0.13
312567,250.12,250.00,59,0.50,-0.12
312667,250.13,250.00,56,0.50,-0.13
312767,250.14,250.00,56,0.50,-0.14
312867,250.15,250.00,56,0.50,-0.15
312967,250.15,250.00,58,0.50,-0.15
313067,250.12,250.00,60,0.50,-0.12
313167,250.11,250.00,59,0.50,-0.11
313267,250.10,250.00,59,0.50,-0.10
313367,250.10,250.00,57,0.50,-0.10
313467,250.09,250.00,59,0.50,-0.09
313567,250.10,250.00,57,0.50,-0.10
313667,250.13,250.00,54,0.50,-0.13
313767,250.12,250.00,59,0.50,-0.12
313867,250.11,250.00,59,0.50,-0.11
313967,250.10,250.00,59,0.50,-0.10
314067,250.14,250.00,54,0.50,-0.14
314167,250.14,250.00,58,0.50,-0.14
314267,250.15,250.00,56,0.50,-0.15
314367,250.17,250.00,55,0.50,-0.17
314467,250.14,250.00,60,0.50,-0.14
314567,250.11,250.00,60,0.50,-0.11
314667,250.13,250.00,56,0.50,-0.13
314767,250.14,250.00,56,0.50,-0.14
314867,250.25,250.00,46,0.50,-0.25
314967,250.20,250.00,62,0.50,-0.20
315067,250.19,250.00,58,0.50,-0.19
315167,250.16,250.00,60,0.50,-0.16
315267,250.13,250.00,60,0.50,-0.13
315367,250.14,250.00,56,0.50,-0.14
315467,250.19,250.00,53,0.50,-0.19
315567,250.16,250.00,60,0.50,-0.16
315667,250.14,250.00,59,0.50,-0.14
315767,250.17,250.00,55,0.50,-0.17
315867,250.19,250.00,55,0.50,-0.19
315967,250.17,250.00,59,0.50,-0.17
316067,250.15,250.00,59,0.50,-0.15
316167,250.12,250.00,60,0.50,-0.12
316267,250.12,250.00,57,0.50,-0.12
316367,250.16,250.00,54,0.50,-0.16
316467,250.20,250.00,53,0.50,-0.20
316567,250.18,250.00,59,0.50,-0.18
316667,250.17,250.00,59,0.50,-0.17
316767,250.19,250.00,55,0.50,-0.19
316867,250.20,250.00,55,0.50,-0.20
316967,250.20,250.00,58,0.50,-0.20
317067,250.20,250.00,57,0.50,-0.20
317167,250.22,250.00,55,0.50,-0.22
317267,250.23,250.00,56,0.50,-0.23
317367,250.22,250.00,58,0.50,-0.22
317467,250.24,250.00,56,0.50,-0.24
317567,250.22,250.00,58,0.50,-0.22
317667,250.20,250.00,59,0.50,-0.20
317767,250.21,250.00,57,0.50,-0.21
317867,250.22,250.00,55,0.50,-0.22
317967,250.25,250.00,54,0.50,-0.25
318067,250.26,250.00,56,0.50,-0.26
318167,250.23,250.00,60,0.50,-0.23
318267,250.26,250.00,54,0.50,-0.26
318367,250.27,250.00,56,0.50,-0.27
318467,250.25,250.00,58,0.50,-0.25
318567,250.28,250.00,54,0.50,-0.28
318667,250.27,250.00,57,0.50,-0.27
318767,250.25,250.00,60,0.50,-0.25
318867,250.25,250.00,57,0.50,-0.25
318967,250.25,250.00,57,0.50,-0.25
319067,250.25,250.00,57,0.50,-0.25
319167,250.21,250.00,61,0.50,-0.21
319267,250.21,250.00,57,0.50,-0.21
319367,250.18,250.00,60,0.50,-0.18
319467,250.15,250.00,60,0.50,-0.15
319567,250.17,250.00,55,0.50,-0.17
319667,250.20,250.00,54,0.50,-0.20
319767,250.18,250.00,59,0.50,-0.18
319867,250.18,250.00,58,0.50,-0.18
319967,250.17,250.00,58,0.50,-0.17
320067,250.19,250.00,55,0.50,-0.19
320167,250.17,250.00,59,0.50,-0.17
320267,250.16,250.00,59,0.50,-0.16
320367,250.13,250.00,60,0.50,-0.13
320467,250.14,250.00,56,0.50,-0.14
320567,250.14,250.00,57,0.50,-0.14
320667,250.11,250.00,60,0.50,-0.11
320767,250.13,250.00,56,0.50,-0.13
320867,250.10,250.00,60,0.50,-0.10
320967,250.07,250.00,61,0.50,-0.07
321067,250.05,250.00,59,0.50,-0.05
321167,250.05,250.00,58,0.50,-0.05
321267,250.02,250.00,61,0.50,-0.02
321367,250.03,250.00,57,0.50,-0.03
321467,250.05,250.00,55,0.50,-0.05
321567,250.03,250.00,59,0.50,-0.03
321667,250.05,250.00,55,0.50,-0.05
321767,250.05,250.00,58,0.50,-0.05
321867,250.02,250.00,61,0.50,-0.02
321967,250.01,250.00,59,0.50,-0.01
322067,250.02,250.00,57,0.50,-0.02
322167,250.04,250.00,55,0.50,-0.04
322267,250.06,250.00,56,0.50,-0.06
322367,250.04,250.00,59,0.50,-0.04
322467,250.08,250.00,54,0.50,-0.08
322567,250.09,250.00,56,0.50,-0.09
322667,250.10,250.00,57,0.50,-0.10
322767,250.12,250.00,55,0.50,-0.12
322867,250.13,250.00,56,0.50,-0.13
322967,250.10,250.00,61,0.50,-0.10
323067,250.11,250.00,56,0.50,-0.11
323167,250.08,250.00,61,0.50,-0.08
323267,250.08,250.00,57,0.50,-0.08
323367,250.06,250.00,60,0.50,-0.06
323467,250.07,250.00,57,0.50,-0.07
323567,250.07,250.00,57,0.50,-0.07
323667,250.06,250.00,59,0.50,-0.06
323767,250.03,250.00,61,0.50,-0.03
323867,250.01,250.00,59,0.50,-0.01
323967,249.99,250.00,60,0.50,0.01
324067,249.99,250.00,58,0.50,0.01
324167,250.00,250.00,56,0.50,-0.00
324267,249.99,250.00,59,0.50,0.01
324367,250.00,250.00,56,0.50,-0.00
324467,249.97,250.00,61,0.50,0.03
324567,250.02,250.00,53,0.50,-0.02
324667,250.03,250.00,57,0.50,-0.03
324767,250.00,250.00,60,0.50,-0.00
324867,249.99,250.00,59,0.50,0.01
324967,249.97,250.00,60,0.50,0.03
325067,249.96,250.00,59,0.50,0.04
325167,250.03,250.00,51,0.50,-0.03
325267,250.01,250.00,59,0.50,-0.01
325367,250.01,250.00,58,0.50,-0.01
325467,250.02,250.00,57,0.50,-0.02
325567,250.08,250.00,52,0.50,-0.08
325667,250.05,250.00,61,0.50,-0.05
325767,250.03,250.00,59,0.50,-0.03
325867,250.05,250.00,55,0.50,-0.05
325967,250.05,250.00,58,0.50,-0.05
326067,250.02,250.00,61,0.50,-0.02
326167,249.99,250.00,60,0.50,0.01
326267,250.02,250.00,55,0.50,-0.02
326367,250.05,250.00,54,0.50,-0.05
326467,250.04,250.00,59,0.50,-0.04
326567,250.01,250.00,60,0.50,-0.01
326667,249.99,250.00,60,0.50,0.01
326767,250.01,250.00,55,0.50,-0.01
326867,250.02,250.00,57,0.50,-0.02
326967,250.01,250.00,59,0.50,-0.01
327067,250.03,250.00,55,0.50,-0.03
327167,250.01,250.00,60,0.50,-0.01
327267,250.03,250.00,55,0.50,-0.03
327367,250.00,250.00,60,0.50,-0.00
327467,249.99,250.00,59,0.50,0.01
327567,249.96,250.00,61,0.50,0.04
327667,249.96,250.00,57,0.50,0.04
327767,249.98,250.00,56,0.50,0.02
327867,249.97,250.00,59,0.50,0.03
327967,249.95,250.00,60,0.50,0.05
328067,249.94,250.00,59,0.50,0.06
328167,249.92,250.00,60,0.50,0.08
328267,249.93,250.00,57,0.50,0.07
328367,249.94,250.00,57,0.50,0.06
328467,249.96,250.00,56,0.50,0.04
328567,249.97,250.00,56,0.50,0.03
328667,250.00,250.00,55,0.50,-0.00
328767,249.98,250.00,60,0.50,0.02
328867,249.99,250.00,56,0.50,0.01
328967,249.99,250.00,58,0.50,0.01
329067,249.97,250.00,60,0.50,0.03
329167,249.97,250.00,58,0.50,0.03
329267,249.94,250.00,61,0.50,0.06
329367,249.92,250.00,60,0.50,0.08
329467,249.93,250.00,57,0.50,0.07
329567,249.93,250.00,59,0.50,0.07
329667,249.97,250.00,54,0.50,0.03
329767,249.96,250.00,59,0.50,0.04
329867,249.97,250.00,58,0.50,0.03
329967,249.95,250.00,60,0.50,0.05
330067,249.95,250.00,57,0.50,0.05
330167,249.93,250.00,60,0.50,0.07
330267,249.91,250.00,61,0.50,0.09
330367,249.87,250.00,62,0.50,0.13
330467,249.87,250.00,58,0.50,0.13
330567,249.88,250.00,57,0.50,0.12
330667,249.89,250.00,57,0.50,0.11
330767,249.86,250.00,62,0.50,0.14
330867,249.84,250.00,61,0.50,0.16
330967,249.85,250.00,57,0.50,0.15
331067,249.85,250.00,59,0.50,0.15
331167,249.86,250.00,57,0.50,0.14
331267,249.86,250.00,58,0.50,0.14
331367,249.83,250.00,62,0.50,0.17
331467,249.80,250.00,62,0.50,0.20
331567,249.80,250.00,59,0.50,0.20
331667,249.79,250.00,59,0.50,0.21
331767,249.78,250.00,60,0.50,0.22
331867,249.79,250.00,58,0.50,0.21
331967,249.76,250.00,61,0.50,0.24
332067,249.75,250.00,60,0.50,0.25
332167,249.73,250.00,61,0.50,0.27
332267,249.72,250.00,60,0.50,0.28
332367,249.69,250.00,62,0.50,0.31
332467,249.66,250.00,62,0.50,0.34
332567,249.67,250.00,58,0.50,0.33
332667,249.66,250.00,61,0.50,0.34
332767,249.65,250.00,61,0.50,0.35
332867,249.62,250.00,62,0.50,0.38
332967,249.65,250.00,57,0.50,0.35
333067,249.64,250.00,61,0.50,0.36
333167,249.64,250.00,59,0.50,0.36
333267,249.63,250.00,60,0.50,0.37
333367,249.59,250.00,63,0.50,0.41
333467,249.57,250.00,61,0.50,0.43
333567,249.61,250.00,56,0.50,0.39
333667,249.62,250.00,58,0.50,0.38
333767,249.61,250.00,60,0.50,0.39
333867,249.65,250.00,55,0.50,0.35
333967,249.68,250.00,57,0.50,0.32
334067,249.66,250.00,61,0.50,0.34
334167,249.66,250.00,59,0.50,0.34
334267,249.69,250.00,56,0.50,0.31
334367,249.71,250.00,57,0.50,0.29
334467,249.69,250.00,61,0.50,0.31
334567,249.68,250.00,61,0.50,0.32
334667,249.70,250.00,57,0.50,0.30
334767,249.69,250.00,60,0.50,0.31
334867,249.69,250.00,60,0.50,0.31
334967,249.67,250.00,61,0.50,0.33
335067,249.71,250.00,56,0.50,0.29
335167,249.74,250.00,56,0.50,0.26
335267,249.75,250.00,58,0.50,0.25
335367,249.74,250.00,60,0.50,0.26
335467,249.77,250.00,56,0.50,0.23
335567,249.74,250.00,61,0.50,0.26
335667,249.77,250.00,56,0.50,0.23
335767,249.75,250.00,61,0.50,0.25
335867,249.76,250.00,58,0.50,0.24
335967,249.76,250.00,59,0.50,0.24
336067,249.77,250.00,58,0.50,0.23
336167,249.78,250.00,58,0.50,0.22
336267,249.77,250.00,60,0.50,0.23
336367,249.75,250.00,61,0.50,0.25
336467,249.80,250.00,54,0.50,0.20
336567,249.78,250.00,60,0.50,0.22
336667,249.83,250.00,54,0.50,0.17
336767,249.83,250.00,58,0.50,0.17
336867,249.81,250.00,61,0.50,0.19
336967,249.80,250.00,61,0.50,0.20
337067,249.76,250.00,63,0.50,0.24
337167,249.78,250.00,56,0.50,0.22
337267,249.79,250.00,58,0.50,0.21
337367,249.76,250.00,63,0.50,0.24
337467,249.78,250.00,56,0.50,0.22
337567,249.80,250.00,57,0.50,0.20
337667,249.76,250.00,63,0.50,0.24
337767,249.74,250.00,61,0.50,0.26
337867,249.74,250.00,59,0.50,0.26
337967,249.72,250.00,61,0.50,0.28
338067,249.69,250.00,62,0.50,0.31
338167,249.71,250.00,57,0.50,0.29
338267,249.73,250.00,57,0.50,0.27
338367,249.72,250.00,60,0.50,0.28
338467,249.70,250.00,61,0.50,0.30
338567,249.69,250.00,60,0.50,0.31
338667,249.69,250.00,60,0.50,0.31
338767,249.69,250.00,60,0.50,0.31
338867,249.69,250.00,59,0.50,0.31
338967,249.69,250.00,60,0.50,0.31
339067,249.72,250.00,56,0.50,0.28
339167,249.69,250.00,63,0.50,0.31
339267,249.71,250.00,57,0.50,0.29
339367,249.70,250.00,60,0.50,0.30
339467,249.72,250.00,57,0.50,0.28
339567,249.71,250.00,60,0.50,0.29
339667,249.73,250.00,58,0.50,0.27
339767,249.71,250.00,61,0.50,0.29
339867,249.69,250.00,61,0.50,0.31
339967,249.70,250.00,59,0.50,0.30
340067,249.68,250.00,61,0.50,0.32
340167,249.66,250.00,62,0.50,0.34
340267,249.65,250.00,60,0.50,0.35
340367,249.64,250.00,61,0.50,0.36
340467,249.63,250.00,61,0.50,0.37
340567,249.67,250.00,56,0.50,0.33
340667,249.67,250.00,60,0.50,0.33
340767,249.65,250.00,61,0.50,0.35
340867,249.63,250.00,62,0.50,0.37
340967,249.65,250.00,57,0.50,0.35
341067,249.65,250.00,60,0.50,0.35
341167,249.69,250.00,56,0.50,0.31
341267,249.67,250.00,61,0.50,0.33
341367,249.71,250.00,56,0.50,0.29
341467,249.74,250.00,56,0.50,0.26
341567,249.76,250.00,57,0.50,0.24
341667,249.74,250.00,62,0.50,0.26
341767,249.71,250.00,63,0.50,0.29
341867,249.69,250.00,61,0.50,0.31
341967,249.67,250.00,61,0.50,0.33
342067,249.66,250.00,61,0.50,0.34
342167,249.65,250.00,61,0.50,0.35
342267,249.65,250.00,60,0.50,0.35
342367,249.65,250.00,60,0.50,0.35
342467,249.63,250.00,61,0.50,0.37
342567,249.66,250.00,57,0.50,0.34
342667,249.72,250.00,54,0.50,0.28
342767,249.73,250.00,58,0.50,0.27
342867,249.74,250.00,59,0.50,0.26
342967,249.75,250.00,58,0.50,0.25
343067,249.79,250.00,55,0.50,0.21
343167,249.83,250.00,54,0.50,0.17
343267,249.83,250.00,60,0.50,0.17
343367,249.83,250.00,58,0.50,0.17
343467,249.83,250.00,60,0.50,0.17
343567,249.86,250.00,56,0.50,0.14
343667,249.87,250.00,57,0.50,0.13
343767,249.91,250.00,55,0.50,0.09
343867,249.92,250.00,58,0.50,0.08
343967,249.89,250.00,62,0.50,0.11
344067,249.88,250.00,60,0.50,0.12
344167,249.87,250.00,60,0.50,0.13
344267,249.88,250.00,57,0.50,0.12
344367,249.86,250.00,61,0.50,0.14
344467,249.87,250.00,57,0.50,0.13
344567,249.90,250.00,56,0.50,0.10
344667,249.90,250.00,59,0.50,0.10
344767,249.92,250.00,56,0.50,0.08
344867,249.98,250.00,53,0.50,0.02
344967,249.95,250.00,61,0.50,0.05
345067,249.95,250.00,59,0.50,0.05
345167,249.95,250.00,58,0.50,0.05
345267,249.98,250.00,56,0.50,0.02
345367,249.96,250.00,61,0.50,0.04
345467,249.95,250.00,59,0.50,0.05
345567,249.97,250.00,57,0.50,0.03
345667,249.99,250.00,57,0.50,0.01
345767,249.99,250.00,58,0.50,0.01
345867,250.01,250.00,56,0.50,-0.01
345967,249.99,250.00,61,4.00,0.01
346067,249.97,250.00,61,4.00,0.03
346167,249.96,250.00,59,4.00,0.04
346267,249.95,250.00,59,4.00,0.05
346367,249.94,250.00,59,4.00,0.06
346467,249.96,250.00,57,4.00,0.04
346567,249.99,250.00,56,4.00,0.01
346667,249.97,250.00,61,4.00,0.03
346767,249.96,250.00,59,4.00,0.04
346867,249.99,250.00,56,4.00,0.01
346967,250.00,250.00,57,4.00,-0.00
347067,249.97,250.00,62,4.00,0.03
347167,249.99,250.00,56,4.00,0.01
347267,250.01,250.00,57,4.00,-0.01
347367,249.97,250.00,62,4.00,0.03
347467,249.95,250.00,61,4.00,0.05
347567,249.97,250.00,57,4.00,0.03
347668,249.96,250.00,59,4.00,0.04
347768,249.94,250.00,61,4.00,0.06
347868,249.95,250.00,58,4.00,0.05
347968,250.00,250.00,53,4.00,-0.00
348068,250.00,250.00,58,4.00,-0.00
348168,250.05,250.00,53,4.00,-0.05
348268,250.02,250.00,61,4.00,-0.02
348368,250.04,250.00,56,4.00,-0.04
348468,250.00,250.00,62,4.00,-0.00
348568,250.02,250.00,57,4.00,-0.02
348668,250.00,250.00,60,4.00,-0.00
348768,250.03,250.00,56,4.00,-0.03
348868,250.02,250.00,59,4.00,-0.02
348968,250.03,250.00,57,4.00,-0.03
349068,250.01,250.00,61,4.00,-0.01
349168,250.03,250.00,56,4.00,-0.03
349268,250.05,250.00,56,4.00,-0.05
349368,250.08,250.00,55,4.00,-0.08
349468,250.10,250.00,56,4.00,-0.10
349568,250.11,250.00,56,4.00,-0.11
349668,250.16,250.00,53,4.00,-0.16
349768,250.17,250.00,57,4.00,-0.17
349868,250.18,250.00,57,4.00,-0.18
349968,250.17,250.00,58,4.00,-0.17
350068,250.19,250.00,56,4.00,-0.19
350168,250.23,250.00,53,4.00,-0.23
350268,250.25,250.00,56,4.00,-0.25
350368,250.28,250.00,54,4.00,-0.28
350468,250.31,250.00,54,4.00,-0.31
350568,250.34,250.00,54,4.00,-0.34
350668,250.41,250.00,50,4.00,-0.41
350768,250.40,250.00,57,4.00,-0.40
350868,250.39,250.00,58,4.00,-0.39
350968,250.43,250.00,52,4.00,-0.43
351068,250.42,250.00,57,4.00,-0.42
351168,250.47,250.00,52,4.00,-0.47
351268,250.46,250.00,58,4.00,-0.46
351368,250.48,250.00,54,4.00,-0.48
351468,250.44,250.00,61,4.00,-0.44
351568,250.45,250.00,55,4.00,-0.45
351668,250.44,250.00,57,4.00,-0.44
351768,250.47,250.00,54,4.00,-0.47
351868,250.48,250.00,55,4.00,-0.48
351967,250.48,250.00,56,4.00,-0.48
352067,250.45,250.00,60,4.00,-0.45
352167,250.43,250.00,59,4.00,-0.43
352267,250.40,250.00,60,4.00,-0.40
352367,250.43,250.00,53,4.00,-0.43
352467,250.41,250.00,58,4.00,-0.41
352567,250.39,250.00,58,4.00,-0.39
352667,250.38,250.00,58,4.00,-0.38
352767,250.39,250.00,56,4.00,-0.39
352867,250.36,250.00,59,4.00,-0.36
352967,250.32,250.00,62,4.00,-0.32
353067,250.33,250.00,55,4.00,-0.33
353167,250.34,250.00,57,4.00,-0.34
353267,250.34,250.00,57,4.00,-0.34
353367,250.32,250.00,59,4.00,-0.32
353467,250.33,250.00,55,4.00,-0.33
353567,250.30,250.00,60,4.00,-0.30
353667,250.29,250.00,58,4.00,-0.29
353767,250.28,250.00,59,4.00,-0.28
353867,250.31,250.00,54,4.00,-0.31
353967,250.30,250.00,58,4.00,-0.30
354067,250.27,250.00,60,4.00,-0.27
354167,250.27,250.00,57,4.00,-0.27
354267,250.22,250.00,62,4.00,-0.22
354367,250.19,250.00,61,4.00,-0.19
354467,250.19,250.00,57,4.00,-0.19
354567,250.21,250.00,56,4.00,-0.21
354667,250.21,250.00,57,4.00,-0.21
354767,250.18,250.00,61,4.00,-0.18
354867,250.20,250.00,55,4.00,-0.20
354967,250.20,250.00,57,4.00,-0.20
355067,250.22,250.00,56,4.00,-0.22
355167,250.23,250.00,56,4.00,-0.23
355267,250.17,250.00,63,4.00,-0.17
355367,250.13,250.00,62,4.00,-0.13
355467,250.13,250.00,58,4.00,-0.13
355567,250.13,250.00,58,4.00,-0.13
355667,250.10,250.00,61,4.00,-0.10
355767,250.06,250.00,61,4.00,-0.06
355867,250.07,250.00,57,4.00,-0.07
355967,250.04,250.00,61,4.00,-0.04
356067,250.01,250.00,61,4.00,-0.01
356167,250.02,250.00,57,4.00,-0.02
356267,250.01,250.00,59,4.00,-0.01
356367,249.97,250.00,62,4.00,0.03
356467,249.94,250.00,62,4.00,0.06
356567,249.95,250.00,58,4.00,0.05
356667,249.93,250.00,60,4.00,0.07
356767,249.95,250.00,56,4.00,0.05
356867,249.93,250.00,60,4.00,0.07
356967,249.95,250.00,56,4.00,0.05
357067,249.93,250.00,60,4.00,0.07
357167,249.93,250.00,59,4.00,0.07
357267,249.90,250.00,61,4.00,0.10
357367,249.91,250.00,57,4.00,0.09
357467,249.87,250.00,62,4.00,0.13
357567,249.88,250.00,57,4.00,0.12
357667,249.86,250.00,61,4.00,0.14
357767,249.85,250.00,60,4.00,0.15
357867,249.84,250.00,60,4.00,0.16
357967,249.84,250.00,60,4.00,0.16
358067,249.80,250.00,62,4.00,0.20
358167,249.79,250.00,61,4.00,0.21
358267,249.77,250.00,60,4.00,0.23
358367,249.77,250.00,59,4.00,0.23
358467,249.76,250.00,60,4.00,0.24
358567,249.74,250.00,62,4.00,0.26
358667,249.75,250.00,58,4.00,0.25
358767,249.74,250.00,60,4.00,0.26
358867,249.73,250.00,60,4.00,0.27
358967,249.71,250.00,61,4.00,0.29
359067,249.71,250.00,60,4.00,0.29
359167,249.70,250.00,60,4.00,0.30
359267,249.73,250.00,56,4.00,0.27
359367,249.78,250.00,54,4.00,0.22
359467,249.77,250.00,60,4.00,0.23
359567,249.76,250.00,60,4.00,0.24
359667,249.75,250.00,60,4.00,0.25
359767,249.74,250.00,60,4.00,0.26
359867,249.74,250.00,59,4.00,0.26
359967,249.75,250.00,58,4.00,0.25
360067,249.78,250.00,57,4.00,0.22
360167,249.81,250.00,55,4.00,0.19
360267,249.80,250.00,61,4.00,0.20
360367,249.78,250.00,61,4.00,0.22
360467,249.78,250.00,59,4.00,0.22
360567,249.77,250.00,60,4.00,0.23
360667,249.77,250.00,59,4.00,0.23
360767,249.79,250.00,57,4.00,0.21
360867,249.81,250.00,57,4.00,0.19
360967,249.81,250.00,59,4.00,0.19
361067,249.78,250.00,62,4.00,0.22
361167,249.77,250.00,60,4.00,0.23
361267,249.79,250.00,57,4.00,0.21
361367,249.79,250.00,59,4.00,0.21
361467,249.82,250.00,56,4.00,0.18
361567,249.79,250.00,62,4.00,0.21
361667,249.78,250.00,61,4.00,0.22
361767,249.75,250.00,62,4.00,0.25
361867,249.73,250.00,62,4.00,0.27
361967,249.75,250.00,58,4.00,0.25
362067,249.75,250.00,59,4.00,0.25
362167,249.76,250.00,58,4.00,0.24
362267,249.73,250.00,63,4.00,0.27
362367,249.72,250.00,60,4.00,0.28
362467,249.75,250.00,56,4.00,0.25
362567,249.80,250.00,54,4.00,0.20
362667,249.78,250.00,61,4.00,0.22
362767,249.78,250.00,59,4.00,0.22
362867,249.80,250.00,57,4.00,0.20
362967,249.82,250.00,57,4.00,0.18
363067,249.81,250.00,61,4.00,0.19
363167,249.78,250.00,62,4.00,0.22
363267,249.75,250.00,62,4.00,0.25
363367,249.77,250.00,58,4.00,0.23
363467,249.78,250.00,58,4.00,0.22
363567,249.76,250.00,61,4.00,0.24
363667,249.77,250.00,59,4.00,0.23
363767,249.74,250.00,62,4.00,0.26
363867,249.76,250.00,58,4.00,0.24
363967,249.73,250.00,62,4.00,0.27
364067,249.71,250.00,62,4.00,0.29
364167,249.72,250.00,59,4.00,0.28
364267,249.72,250.00,59,4.00,0.28
364367,249.74,250.00,58,4.00,0.26
364467,249.73,250.00,60,4.00,0.27
364567,249.76,250.00,57,4.00,0.24
364667,249.76,250.00,59,4.00,0.24
364767,249.75,250.00,60,4.00,0.25
364867,249.71,250.00,63,4.00,0.29
364967,249.73,250.00,58,4.00,0.27
365067,249.76,250.00,57,4.00,0.24
365167,249.75,250.00,60,4.00,0.25
365267,249.71,250.00,63,4.00,0.29
365367,249.69,250.00,61,4.00,0.31
365467,249.70,250.00,59,4.00,0.30
365567,249.67,250.00,63,4.00,0.33
365667,249.72,250.00,55,4.00,0.28
365767,249.75,250.00,57,4.00,0.25
365867,249.72,250.00,62,4.00,0.28
365967,249.75,250.00,57,4.00,0.25
366067,249.74,250.00,60,4.00,0.26
366167,249.73,250.00,60,4.00,0.27
366267,249.74,250.00,59,4.00,0.26
366367,249.74,250.00,59,4.00,0.26
366467,249.72,250.00,62,4.00,0.28
366567,249.71,250.00,60,4.00,0.29
366667,249.70,250.00,60,4.00,0.30
366767,249.76,250.00,54,4.00,0.24
366867,249.72,250.00,63,4.00,0.28
366967,249.73,250.00,59,4.00,0.27
367067,249.78,250.00,54,4.00,0.22
367167,249.83,250.00,55,4.00,0.17
367267,249.83,250.00,59,4.00,0.17
367367,249.84,250.00,59,4.00,0.16
367467,249.83,250.00,60,4.00,0.17
367567,249.86,250.00,56,4.00,0.14
367667,249.87,250.00,58,4.00,0.13
367767,249.91,250.00,55,4.00,0.09
367867,249.93,250.00,57,4.00,0.07
367967,249.90,250.00,62,4.00,0.10
368067,249.93,250.00,57,4.00,0.07
368167,249.91,250.00,60,4.00,0.09
368267,249.92,250.00,58,4.00,0.08
368367,249.89,250.00,62,4.00,0.11
368467,249.90,250.00,58,4.00,0.10
368567,249.88,250.00,62,4.00,0.12
368667,249.91,250.00,55,4.00,0.09
368767,249.94,250.00,57,4.00,0.06
368867,249.94,250.00,58,4.00,0.06
368967,249.94,250.00,59,4.00,0.06
369067,249.93,250.00,59,4.00,0.07
369167,249.95,250.00,57,4.00,0.05
369267,249.98,250.00,56,4.00,0.02
369367,249.97,250.00,60,4.00,0.03
369467,249.96,250.00,59,4.00,0.04
369567,250.00,250.00,54,4.00,-0.00
369667,250.03,250.00,56,4.00,-0.03
369767,250.00,250.00,61,4.00,-0.00
369867,249.98,250.00,61,4.00,0.02
369967,249.94,250.00,62,4.00,0.06
370067,249.93,250.00,61,4.00,0.07
370167,249.91,250.00,60,4.00,0.09
370267,249.93,250.00,57,4.00,0.07
370367,249.95,250.00,57,4.00,0.05
370467,249.96,250.00,58,4.00,0.04
370567,250.02,250.00,52,4.00,-0.02
370667,250.00,250.00,61,4.00,0.00
370767,249.98,250.00,60,4.00,0.02
370867,250.01,250.00,56,4.00,-0.01
370967,250.01,250.00,59,4.00,-0.01
371067,249.99,250.00,61,4.00,0.01
371167,249.96,250.00,61,4.00,0.04
371267,249.98,250.00,57,4.00,0.02
371367,250.02,250.00,55,4.00,-0.02
371467,250.03,250.00,57,4.00,-0.03
371567,250.00,250.00,61,4.00,-0.00
371667,249.99,250.00,60,4.00,0.01
371767,249.99,250.00,58,4.00,0.01
371867,249.97,250.00,61,4.00,0.03
371967,249.96,250.00,59,4.00,0.04
372067,249.98,250.00,57,4.00,0.02
372167,249.97,250.00,60,4.00,0.03
372267,250.00,250.00,56,4.00,0.00
372367,250.01,250.00,57,4.00,-0.01
372467,250.00,250.00,60,4.00,0.00
372567,250.00,250.00,58,4.00,0.00
372667,250.02,250.00,56,4.00,-0.02
372767,250.03,250.00,57,4.00,-0.03
372867,250.02,250.00,60,4.00,-0.02
372967,250.00,250.00,60,4.00,-0.00
373067,250.06,250.00,52,4.00,-0.06
373167,250.05,250.00,60,4.00,-0.05
373267,250.04,250.00,59,4.00,-0.04
373367,250.06,250.00,56,4.00,-0.06
373467,250.08,250.00,56,4.00,-0.08
373567,250.10,250.00,56,4.00,-0.10
373667,250.09,250.00,59,4.00,-0.09
373767,250.11,250.00,55,4.00,-0.11
373867,250.13,250.00,57,4.00,-0.13
373967,250.10,250.00,60,4.00,-0.10
374067,250.08,250.00,60,4.00,-0.08
374167,250.05,250.00,61,4.00,-0.05
374267,250.03,250.00,60,4.00,-0.03
374367,250.05,250.00,56,4.00,-0.05
374467,250.06,250.00,58,4.00,-0.06
374567,250.08,250.00,56,4.00,-0.08
374667,250.07,250.00,59,4.00,-0.07
374767,250.10,250.00,55,4.00,-0.10
374867,250.13,250.00,55,4.00,-0.13
374967,250.13,250.00,58,4.00,-0.13
375067,250.16,250.00,54,4.00,-0.16
375167,250.22,250.00,52,4.00,-0.22
375267,250.22,250.00,57,4.00,-0.22
375367,250.22,250.00,57,4.00,-0.22
375467,250.25,250.00,55,4.00,-0.25
375567,250.25,250.00,58,4.00,-0.25
375667,250.27,250.00,55,4.00,-0.27
375767,250.26,250.00,59,4.00,-0.26
375867,250.24,250.00,59,4.00,-0.24
375967,250.26,250.00,56,4.00,-0.26
376067,250.28,250.00,55,4.00,-0.28
376167,250.31,250.00,54,4.00,-0.31
376267,250.28,250.00,60,4.00,-0.28
376367,250.27,250.00,59,4.00,-0.27
376467,250.27,250.00,56,4.00,-0.27
376567,250.26,250.00,59,4.00,-0.26
376667,250.28,250.00,55,4.00,-0.28
376767,250.27,250.00,59,4.00,-0.27
376867,250.29,250.00,55,4.00,-0.29
376967,250.31,250.00,55,4.00,-0.31
377067,250.30,250.00,58,4.00,-0.30
377167,250.32,250.00,55,4.00,-0.32
377267,250.37,250.00,52,4.00,-0.37
377367,250.35,250.00,59,4.00,-0.35
377467,250.34,250.00,58,4.00,-0.34
377567,250.36,250.00,54,4.00,-0.36
377667,250.35,250.00,58,4.00,-0.35
377767,250.38,250.00,54,4.00,-0.38
377867,250.35,250.00,59,4.00,-0.35
377967,250.34,250.00,58,4.00,-0.34
378067,250.37,250.00,54,4.00,-0.37
378167,250.38,250.00,56,4.00,-0.38
378267,250.40,250.00,54,4.00,-0.40
378367,250.41,250.00,56,4.00,-0.41
378467,250.38,250.00,60,4.00,-0.38
378567,250.39,250.00,56,4.00,-0.39
378667,250.40,250.00,56,4.00,-0.40
378767,250.41,250.00,56,4.00,-0.41
378867,250.40,250.00,57,4.00,-0.40
378967,250.41,250.00,56,4.00,-0.41
379067,250.42,250.00,56,4.00,-0.42
379167,250.40,250.00,58,4.00,-0.40
379267,250.40,250.00,57,4.00,-0.40
379367,250.39,250.00,57,4.00,-0.39
379467,250.38,250.00,58,4.00,-0.38
379567,250.38,250.00,57,4.00,-0.38
379667,250.40,250.00,54,4.00,-0.40
379767,250.42,250.00,55,4.00,-0.42
379867,250.43,250.00,56,4.00,-0.43
379967,250.42,250.00,57,4.00,-0.42
380067,250.40,250.00,58,4.00,-0.40
380167,250.40,250.00,57,4.00,-0.40
380267,250.41,250.00,56,4.00,-0.41
380367,250.40,250.00,57,4.00,-0.40
380467,250.38,250.00,59,4.00,-0.38
380567,250.36,250.00,58,4.00,-0.36
380667,250.37,250.00,55,4.00,-0.37
380767,250.39,250.00,56,4.00,-0.39
380867,250.39,250.00,56,4.00,-0.39
380967,250.38,250.00,58,4.00,-0.38
381067,250.40,250.00,54,4.00,-0.40
381167,250.42,250.00,54,4.00,-0.42
381267,250.42,250.00,57,4.00,-0.42
381367,250.44,250.00,55,4.00,-0.44
381467,250.48,250.00,52,4.00,-0.48
381567,250.45,250.00,59,4.00,-0.45
381667,250.46,250.00,56,4.00,-0.46
381767,250.47,250.00,55,4.00,-0.47
381867,250.50,250.00,54,4.00,-0.50
381967,250.49,250.00,56,4.00,-0.49
382067,250.49,250.00,56,4.00,-0.49
382167,250.54,250.00,51,4.00,-0.54
382267,250.55,250.00,55,4.00,-0.55
382367,250.56,250.00,54,4.00,-0.56
382467,250.59,250.00,53,4.00,-0.59
382567,250.57,250.00,58,4.00,-0.57
382667,250.55,250.00,58,4.00,-0.55
382767,250.57,250.00,54,4.00,-0.57
382867,250.56,250.00,57,4.00,-0.56
382967,250.56,250.00,55,4.00,-0.56
383067,250.57,250.00,55,4.00,-0.57
383167,250.58,250.00,54,4.00,-0.58
383267,250.60,250.00,54,4.00,-0.60
383367,250.60,250.00,56,4.00,-0.60
383467,250.61,250.00,54,4.00,-0.61
383567,250.66,250.00,51,4.00,-0.66
383667,250.65,250.00,56,4.00,-0.65
383767,250.65,250.00,56,4.00,-0.65
383867,250.66,250.00,55,4.00,-0.66
383967,250.67,250.00,53,4.00,-0.67
384067,250.69,250.00,53,4.00,-0.69
384167,250.67,250.00,57,4.00,-0.67
384267,250.65,250.00,57,4.00,-0.65
384367,250.65,250.00,56,4.00,-0.65
384467,250.62,250.00,58,4.00,-0.62
384567,250.65,250.00,52,4.00,-0.65
384667,250.67,250.00,53,4.00,-0.67
384767,250.65,250.00,57,4.00,-0.65
384867,250.64,250.00,57,4.00,-0.64
384967,250.65,250.00,54,4.00,-0.65
385067,250.63,250.00,57,4.00,-0.63
385167,250.60,250.00,58,4.00,-0.60
385267,250.60,250.00,55,4.00,-0.60
385367,250.58,250.00,58,4.00,-0.58
385467,250.57,250.00,56,4.00,-0.57
385567,250.56,250.00,56,4.00,-0.56
385667,250.60,250.00,51,4.00,-0.60
385767,250.58,250.00,58,4.00,-0.58
385867,250.57,250.00,56,4.00,-0.57
385967,250.60,250.00,53,4.00,-0.60
386067,250.62,250.00,53,4.00,-0.62
386167,250.64,250.00,53,4.00,-0.64
386267,250.63,250.00,57,4.00,-0.63
386367,250.66,250.00,52,4.00,-0.66
386467,250.68,250.00,53,4.00,-0.68
386567,250.68,250.00,54,4.00,-0.68
386667,250.71,250.00,52,4.00,-0.71
386767,250.68,250.00,58,4.00,-0.68
386867,250.66,250.00,57,4.00,-0.66
386967,250.64,250.00,57,4.00,-0.64
387067,250.62,250.00,57,4.00,-0.62
387167,250.61,250.00,57,4.00,-0.61
387267,250.61,250.00,55,4.00,-0.61
387367,250.62,250.00,54,4.00,-0.62
387467,250.62,250.00,55,4.00,-0.62
387567,250.61,250.00,57,4.00,-0.61
387667,250.63,250.00,53,4.00,-0.63
387767,250.63,250.00,55,4.00,-0.63
387867,250.61,250.00,57,4.00,-0.61
387967,250.61,250.00,55,4.00,-0.61
388067,250.64,250.00,53,4.00,-0.64
388167,250.63,250.00,55,4.00,-0.63
388267,250.63,250.00,55,4.00,-0.63
388367,250.61,250.00,56,4.00,-0.61
388467,250.64,250.00,53,4.00,-0.64
388567,250.65,250.00,54,4.00,-0.65
388667,250.64,250.00,55,4.00,-0.64
388767,250.63,250.00,57,4.00,-0.63
388867,250.59,250.00,59,4.00,-0.59
388967,250.57,250.00,57,4.00,-0.57
389067,250.56,250.00,56,4.00,-0.56
389167,250.56,250.00,55,4.00,-0.56
389267,250.57,250.00,55,4.00,-0.57
389367,250.61,250.00,51,4.00,-0.61
389467,250.59,250.00,56,4.00,-0.59
389567,250.57,250.00,57,4.00,-0.57
389667,250.55,250.00,57,4.00,-0.55
389767,250.58,250.00,52,4.00,-0.58
389867,250.62,250.00,51,4.00,-0.62
389967,250.58,250.00,59,4.00,-0.58
390067,250.58,250.00,55,4.00,-0.58
390167,250.60,250.00,54,4.00,-0.60
390267,250.63,250.00,51,4.00,-0.63
390367,250.64,250.00,54,4.00,-0.64
390467,250.64,250.00,55,4.00,-0.64
390567,250.67,250.00,51,4.00,-0.67
390667,250.69,250.00,53,4.00,-0.69
390767,250.69,250.00,54,4.00,-0.69
390867,250.71,250.00,53,4.00,-0.71
390967,250.67,250.00,58,4.00,-0.67
391067,250.64,250.00,58,4.00,-0.64
391167,250.66,250.00,53,4.00,-0.66
391267,250.66,250.00,55,4.00,-0.66
391367,250.65,250.00,55,4.00,-0.65
391467,250.61,250.00,59,4.00,-0.61
391567,250.61,250.00,55,4.00,-0.61
391667,250.61,250.00,55,4.00,-0.61
391767,250.60,250.00,56,4.00,-0.60
391867,250.61,250.00,53,4.00,-0.61
391967,250.60,250.00,56,4.00,-0.60
392067,250.56,250.00,58,4.00,-0.56
392167,250.53,250.00,58,4.00,-0.53
392267,250.55,250.00,53,4.00,-0.55
392367,250.53,250.00,57,4.00,-0.53
392467,250.54,250.00,54,4.00,-0.54
392567,250.50,250.00,59,4.00,-0.50
392667,250.48,250.00,57,4.00,-0.48
392767,250.48,250.00,55,4.00,-0.48
392867,250.45,250.00,59,4.00,-0.45
392967,250.48,250.00,52,4.00,-0.48
393067,250.49,250.00,54,4.00,-0.49
393167,250.45,250.00,59,4.00,-0.45
393267,250.42,250.00,59,4.00,-0.42
393367,250.43,250.00,55,4.00,-0.43
393467,250.41,250.00,57,4.00,-0.41
393567,250.40,250.00,56,4.00,-0.40
393667,250.40,250.00,56,4.00,-0.40
393767,250.37,250.00,58,4.00,-0.37
393867,250.35,250.00,58,4.00,-0.35
393967,250.36,250.00,54,4.00,-0.36
394067,250.40,250.00,52,4.00,-0.40
394167,250.37,250.00,58,4.00,-0.37
394267,250.36,250.00,57,4.00,-0.36
394367,250.37,250.00,54,4.00,-0.37
394467,250.34,250.00,58,4.00,-0.34
394567,250.32,250.00,58,4.00,-0.32
394667,250.30,250.00,58,4.00,-0.30
394767,250.32,250.00,54,4.00,-0.32
394867,250.34,250.00,54,4.00,-0.34
394967,250.29,250.00,60,4.00,-0.29
395067,250.31,250.00,54,4.00,-0.31
395167,250.27,250.00,60,4.00,-0.27
395267,250.24,250.00,59,4.00,-0.24
395367,250.24,250.00,56,4.00,-0.24
395467,250.24,250.00,56,4.00,-0.24
395567,250.22,250.00,58,4.00,-0.22
395667,250.19,250.00,60,4.00,-0.19
395767,250.19,250.00,56,4.00,-0.19
395867,250.20,250.00,56,4.00,-0.20
395967,250.18,250.00,58,4.00,-0.18
396067,250.16,250.00,58,4.00,-0.16
396167,250.16,250.00,57,4.00,-0.16
396267,250.13,250.00,59,4.00,-0.13
396367,250.10,250.00,59,4.00,-0.10
396467,250.12,250.00,55,4.00,-0.12
396567,250.13,250.00,55,4.00,-0.13
396667,250.12,250.00,58,4.00,-0.12
396767,250.10,250.00,59,4.00,-0.10
396867,250.11,250.00,55,4.00,-0.11
396967,250.12,250.00,55,4.00,-0.12
397067,250.12,250.00,56,4.00,-0.12
397167,250.14,250.00,55,4.00,-0.14
397267,250.13,250.00,56,4.00,-0.13
397367,250.10,250.00,60,4.00,-0.10
397467,250.06,250.00,60,4.00,-0.06
397567,250.03,250.00,60,4.00,-0.03
397667,250.03,250.00,57,4.00,-0.03
397767,250.03,250.00,57,4.00,-0.03
397867,250.03,250.00,57,4.00,-0.03
397967,249.99,250.00,61,4.00,0.01
398067,249.97,250.00,59,4.00,0.03
398167,249.98,250.00,55,4.00,0.02
398267,250.00,250.00,56,4.00,0.00
398367,249.99,250.00,58,4.00,0.01
398467,249.99,250.00,57,4.00,0.01
398567,250.01,250.00,54,4.00,-0.01
398667,250.05,250.00,53,4.00,-0.05
398767,250.08,250.00,53,4.00,-0.08
398867,250.12,250.00,52,4.00,-0.12
398967,250.13,250.00,55,4.00,-0.13
399067,250.12,250.00,58,4.00,-0.12
399167,250.08,250.00,60,4.00,-0.08
399267,250.10,250.00,55,4.00,-0.10
399367,250.05,250.00,61,4.00,-0.05
399467,250.03,250.00,60,4.00,-0.03
399567,250.04,250.00,56,4.00,-0.04
399667,250.06,250.00,55,4.00,-0.06
399767,250.03,250.00,60,4.00,-0.03
399867,249.99,250.00,61,4.00,0.01
399967,250.00,250.00,56,4.00,-0.00
400067,249.98,250.00,59,4.00,0.02
400167,249.97,250.00,58,4.00,0.03
400267,249.95,250.00,59,4.00,0.05
400367,249.94,250.00,58,4.00,0.06
400467,249.93,250.00,59,4.00,0.07
400567,249.92,250.00,58,4.00,0.08
400667,249.94,250.00,55,4.00,0.06
400767,249.94,250.00,58,4.00,0.06
400867,249.94,250.00,56,4.00,0.06
400967,249.91,250.00,60,4.00,0.09
401067,249.93,250.00,55,4.00,0.07
401167,249.93,250.00,58,4.00,0.07
401267,249.92,250.00,58,4.00,0.08
401367,249.91,250.00,59,4.00,0.09
401467,249.92,250.00,56,4.00,0.08
401567,249.89,250.00,60,4.00,0.11
401667,249.87,250.00,60,4.00,0.13
401767,249.87,250.00,57,4.00,0.13
401867,249.87,250.00,57,4.00,0.13
401967,249.82,250.00,62,4.00,0.18
402067,249.82,250.00,58,4.00,0.18
402167,249.84,250.00,56,4.00,0.16
402267,249.82,250.00,60,4.00,0.18
402367,249.80,250.00,59,4.00,0.20
402467,249.80,250.00,58,4.00,0.20
402567,249.77,250.00,61,4.00,0.23
402667,249.77,250.00,58,4.00,0.23
402767,249.79,250.00,55,4.00,0.21
402867,249.81,250.00,56,4.00,0.19
402967,249.80,250.00,59,4.00,0.20
403067,249.78,250.00,59,4.00,0.22
403167,249.76,250.00,60,4.00,0.24
403267,249.77,250.00,57,4.00,0.23
403367,249.73,250.00,62,4.00,0.27
403467,249.71,250.00,60,4.00,0.29
403567,249.67,250.00,63,4.00,0.33
403667,249.66,250.00,60,4.00,0.34
403767,249.68,250.00,56,4.00,0.32
403867,249.65,250.00,61,4.00,0.35
403967,249.65,250.00,58,4.00,0.35
404067,249.62,250.00,62,4.00,0.38
404167,249.62,250.00,58,4.00,0.38
404267,249.60,250.00,61,4.00,0.40
404367,249.59,250.00,59,4.00,0.41
404467,249.62,250.00,56,4.00,0.38
404567,249.67,250.00,53,4.00,0.33
404667,249.66,250.00,60,4.00,0.34
404767,249.66,250.00,59,4.00,0.34
404867,249.68,250.00,56,4.00,0.32
404967,249.65,250.00,61,4.00,0.35
405067,249.66,250.00,57,4.00,0.34
405167,249.65,250.00,60,4.00,0.35
405267,249.63,250.00,61,4.00,0.37
405367,249.64,250.00,57,4.00,0.36
405467,249.61,250.00,62,4.00,0.39
405567,249.63,250.00,56,4.00,0.37
405667,249.60,250.00,62,4.00,0.40
405767,249.57,250.00,62,4.00,0.43
405867,249.66,250.00,49,4.00,0.34
405967,249.62,250.00,62,4.00,0.38
406067,249.63,250.00,58,4.00,0.37
406167,249.62,250.00,60,4.00,0.38
406267,249.61,250.00,60,4.00,0.39
406367,249.58,250.00,62,4.00,0.42
406467,249.59,250.00,57,4.00,0.41
406567,249.65,250.00,53,4.00,0.35
406667,249.72,250.00,51,4.00,0.28
406767,249.71,250.00,59,4.00,0.29
406867,249.72,250.00,58,4.00,0.28
406967,249.73,250.00,57,4.00,0.27
407067,249.73,250.00,59,4.00,0.27
407167,249.75,250.00,55,4.00,0.25
407267,249.73,250.00,60,4.00,0.27
407367,249.72,250.00,59,4.00,0.28
407467,249.76,250.00,54,4.00,0.24
407567,249.76,250.00,58,4.00,0.24
407667,249.80,250.00,54,4.00,0.20
407767,249.77,250.00,61,4.00,0.23
407867,249.75,250.00,61,4.00,0.25
407967,249.76,250.00,57,4.00,0.24
408067,249.73,250.00,62,4.00,0.27
408167,249.72,250.00,59,4.00,0.28
408267,249.71,250.00,59,4.00,0.29
408367,249.72,250.00,58,4.00,0.28
408467,249.70,250.00,60,4.00,0.30
408567,249.69,250.00,59,4.00,0.31
408667,249.69,250.00,59,4.00,0.31
408767,249.70,250.00,58,4.00,0.30
408867,249.69,250.00,59,4.00,0.31
408967,249.68,250.00,60,4.00,0.32
409067,249.71,250.00,55,4.00,0.29
409167,249.70,250.00,59,4.00,0.30
409267,249.73,250.00,55,4.00,0.27
409367,249.71,250.00,60,4.00,0.29
409467,249.69,250.00,60,4.00,0.31
409567,249.69,250.00,59,4.00,0.31
409667,249.70,250.00,58,4.00,0.30
409767,249.73,250.00,55,4.00,0.27
409867,249.70,250.00,62,4.00,0.30
409967,249.68,250.00,60,4.00,0.32
410067,249.70,250.00,56,4.00,0.30
410167,249.72,250.00,57,4.00,0.28
410267,249.71,250.00,59,4.00,0.29
410367,249.75,250.00,54,4.00,0.25
410467,249.77,250.00,57,4.00,0.23
410567,249.74,250.00,61,4.00,0.26
410667,249.73,250.00,59,4.00,0.27
410767,249.72,250.00,59,4.00,0.28
410867,249.78,250.00,53,4.00,0.22
410967,249.75,250.00,61,4.00,0.25
411067,249.75,250.00,58,4.00,0.25
411167,249.77,250.00,57,4.00,0.23
411267,249.79,250.00,56,4.00,0.21
411367,249.78,250.00,60,4.00,0.22
411467,249.76,250.00,60,4.00,0.24
411567,249.75,250.00,59,4.00,0.25
411667,249.78,250.00,56,4.00,0.22
411767,249.79,250.00,57,4.00,0.21
411867,249.82,250.00,55,4.00,0.18
411967,249.83,250.00,57,4.00,0.17
412067,249.80,250.00,61,4.00,0.20
412167,249.82,250.00,56,4.00,0.18
412267,249.79,250.00,61,4.00,0.21
412367,249.78,250.00,60,4.00,0.22
412467,249.77,250.00,58,4.00,0.23
412567,249.77,250.00,58,4.00,0.23
412667,249.75,250.00,61,4.00,0.25
412767,249.74,250.00,59,4.00,0.26
412867,249.73,250.00,59,4.00,0.27
412967,249.78,250.00,53,4.00,0.22
413067,249.76,250.00,61,4.00,0.24
413167,249.73,250.00,61,4.00,0.27
413267,249.75,250.00,57,4.00,0.25
413367,249.74,250.00,59,4.00,0.26
413467,249.73,250.00,59,4.00,0.27
413567,249.72,250.00,59,4.00,0.28
413667,249.71,250.00,59,4.00,0.29
413767,249.74,250.00,56,4.00,0.26
413867,249.76,250.00,57,4.00,0.24
413967,249.73,250.00,61,4.00,0.27
414067,249.71,250.00,61,4.00,0.29
414167,249.70,250.00,61,4.00,0.30
414267,249.68,250.00,60,4.00,0.32
414367,249.66,250.00,60,4.00,0.34
414467,249.66,250.00,59,4.00,0.34
414567,249.67,250.00,58,4.00,0.33
414667,249.74,250.00,52,4.00,0.26
414767,249.72,250.00,61,4.00,0.28
414867,249.70,250.00,61,4.00,0.30
414967,249.72,250.00,57,4.00,0.28
415067,249.76,250.00,54,4.00,0.24
415167,249.78,250.00,56,4.00,0.22
415267,249.77,250.00,60,4.00,0.23
415367,249.84,250.00,51,4.00,0.16
415467,249.86,250.00,56,4.00,0.14
415567,249.88,250.00,55,4.00,0.12
415667,249.86,250.00,60,4.00,0.14
415767,249.86,250.00,58,4.00,0.14
415867,249.85,250.00,59,4.00,0.15
415967,249.88,250.00,55,4.00,0.12
416067,249.91,250.00,55,4.00,0.09
416167,249.96,250.00,52,4.00,0.04
416267,250.00,250.00,53,4.00,-0.00
416367,249.97,250.00,61,4.00,0.03
416467,250.02,250.00,52,4.00,-0.02
416567,250.05,250.00,54,4.00,-0.05
416667,250.13,250.00,49,4.00,-0.13
416767,250.12,250.00,58,4.00,-0.12
416867,250.12,250.00,57,4.00,-0.12
416967,250.17,250.00,52,4.00,-0.17
417067,250.16,250.00,57,4.00,-0.16
417167,250.14,250.00,60,4.00,-0.14
417267,250.17,250.00,53,4.00,-0.17
417367,250.15,250.00,59,4.00,-0.15
417467,250.15,250.00,57,4.00,-0.15
417567,250.17,250.00,55,4.00,-0.17
417667,250.17,250.00,57,4.00,-0.17
417767,250.13,250.00,61,4.00,-0.13
417867,250.16,250.00,53,4.00,-0.16
417967,250.18,250.00,55,4.00,-0.18
418067,250.18,250.00,57,4.00,-0.18
418167,250.21,250.00,54,4.00,-0.21
418267,250.19,250.00,59,4.00,-0.19
418367,250.21,250.00,55,4.00,-0.21
418467,250.22,250.00,55,4.00,-0.22
418567,250.24,250.00,55,4.00,-0.24
418667,250.19,250.00,61,4.00,-0.19
418767,250.16,250.00,60,1.00,-0.16
418867,250.14,250.00,58,1.00,-0.14
418968,250.09,250.00,62,1.00,-0.09
419068,250.11,250.00,56,1.00,-0.11
419168,250.12,250.00,56,1.00,-0.12
419268,250.15,250.00,54,1.00,-0.15
419368,250.16,250.00,56,1.00,-0.16
419468,250.12,250.00,61,1.00,-0.12
419568,250.08,250.00,61,1.00,-0.08
419668,250.12,250.00,53,1.00,-0.12
419768,250.12,250.00,57,1.00,-0.12
419868,250.10,250.00,59,1.00,-0.10
419968,250.05,250.00,62,1.00,-0.05
420068,250.07,250.00,55,1.00,-0.07
420168,250.08,250.00,57,1.00,-0.08
420268,250.09,250.00,55,1.00,-0.09
420368,250.11,250.00,55,1.00,-0.11
420468,250.06,250.00,62,1.00,-0.06
420568,250.02,250.00,61,1.00,-0.02
420668,250.03,250.00,56,1.00,-0.03
420768,250.06,250.00,54,1.00,-0.06
420868,250.06,250.00,58,1.00,-0.06
420968,250.07,250.00,57,1.00,-0.07
421068,250.08,250.00,55,1.00,-0.08
421168,250.09,250.00,57,1.00,-0.09
421268,250.09,250.00,57,1.00,-0.09
421367,250.09,250.00,57,1.00,-0.09
421467,250.03,250.00,64,1.00,-0.03
421567,250.01,250.00,59,1.00,-0.01
421667,249.99,250.00,60,1.00,0.01
421767,249.97,250.00,60,1.00,0.03
421867,249.92,250.00,62,1.00,0.08
421967,249.88,250.00,62,1.00,0.12
422067,249.86,250.00,60,1.00,0.14
422167,249.84,250.00,60,1.00,0.16
422267,249.82,250.00,60,1.00,0.18
422367,249.80,250.00,60,1.00,0.20
422467,249.87,250.00,51,1.00,0.13
422567,249.90,250.00,55,1.00,0.10
422667,249.93,250.00,54,1.00,0.07
422767,249.90,250.00,61,1.00,0.10
422867,249.86,250.00,62,1.00,0.14
422967,249.81,250.00,64,1.00,0.19
423067,249.77,250.00,62,1.00,0.23
423167,249.78,250.00,57,1.00,0.22
423267,249.78,250.00,58,1.00,0.22
423367,249.82,250.00,53,1.00,0.18
423467,249.84,250.00,56,1.00,0.16
423567,249.87,250.00,55,1.00,0.13
423667,249.88,250.00,57,1.00,0.12
423767,249.84,250.00,63,1.00,0.16
423867,249.79,250.00,63,1.00,0.21
423967,249.79,250.00,59,1.00,0.21
424067,249.79,250.00,59,1.00,0.21
424167,249.77,250.00,60,1.00,0.23
424267,249.76,250.00,60,1.00,0.24
424367,249.76,250.00,58,1.00,0.24
424467,249.76,250.00,58,1.00,0.24
424567,249.74,250.00,61,1.00,0.26
424667,249.74,250.00,58,1.00,0.26
424767,249.72,250.00,61,1.00,0.28
424867,249.69,250.00,62,1.00,0.31
424967,249.67,250.00,60,1.00,0.33
425067,249.66,250.00,60,1.00,0.34
425167,249.62,250.00,63,1.00,0.38
425267,249.60,250.00,61,1.00,0.40
425367,249.57,250.00,62,1.00,0.43
425467,249.59,250.00,57,1.00,0.41
425567,249.60,250.00,59,1.00,0.40
425667,249.55,250.00,64,1.00,0.45
425767,249.57,250.00,57,1.00,0.43
425867,249.58,250.00,59,1.00,0.42
425967,249.55,250.00,62,1.00,0.45
426067,249.53,250.00,62,1.00,0.47
426167,249.49,250.00,63,1.00,0.51
426267,249.47,250.00,62,1.00,0.53
426367,249.47,250.00,60,1.00,0.53
426467,249.47,250.00,59,1.00,0.53
426567,249.48,250.00,59,1.00,0.52
426667,249.47,250.00,60,1.00,0.53
426767,249.45,250.00,62,1.00,0.55
426867,249.51,250.00,54,1.00,0.49
426967,249.49,250.00,62,1.00,0.51
427067,249.48,250.00,60,1.00,0.52
427167,249.48,250.00,59,1.00,0.52
427267,249.46,250.00,62,1.00,0.54
427367,249.47,250.00,59,1.00,0.53
427467,249.44,250.00,63,1.00,0.56
427567,249.41,250.00,63,1.00,0.59
427667,249.43,250.00,59,1.00,0.57
427767,249.39,250.00,64,1.00,0.61
427867,249.42,250.00,57,1.00,0.58
427967,249.38,250.00,64,1.00,0.62
428067,249.36,250.00,62,1.00,0.64
428167,249.38,250.00,59,1.00,0.62
428267,249.36,250.00,62,1.00,0.64
428367,249.34,250.00,62,1.00,0.66
428467,249.31,250.00,63,1.00,0.69
428567,249.32,250.00,59,1.00,0.68
428667,249.29,250.00,63,1.00,0.71
428767,249.28,250.00,62,1.00,0.72
428867,249.31,250.00,58,1.00,0.69
428967,249.30,250.00,61,1.00,0.70
429067,249.29,250.00,62,1.00,0.71
429167,249.28,250.00,62,1.00,0.72
429267,249.29,250.00,59,1.00,0.71
429367,249.28,250.00,62,1.00,0.72
429467,249.31,250.00,58,1.00,0.69
429567,249.29,250.00,62,1.00,0.71
429667,249.28,250.00,62,1.00,0.72
429767,249.31,250.00,58,1.00,0.69
429867,249.30,250.00,61,1.00,0.70
429967,249.33,250.00,58,1.00,0.67
430067,249.29,250.00,65,1.00,0.71
430167,249.26,250.00,63,1.00,0.74
430267,249.26,250.00,62,1.00,0.74
430367,249.25,250.00,62,1.00,0.75
430467,249.24,250.00,62,1.00,0.76
430567,249.21,250.00,64,1.00,0.79
430667,249.22,250.00,60,1.00,0.78
430767,249.20,250.00,63,1.00,0.80
430867,249.20,250.00,62,1.00,0.80
430967,249.23,250.00,58,1.00,0.77
431067,249.24,250.00,61,1.00,0.76
431167,249.22,250.00,63,1.00,0.78
431267,249.23,250.00,60,1.00,0.77
431367,249.25,250.00,59,1.00,0.75
431467,249.24,250.00,62,1.00,0.76
431567,249.26,250.00,59,1.00,0.74
431667,249.25,250.00,62,1.00,0.75
431767,249.31,250.00,55,1.00,0.69
431867,249.33,250.00,59,1.00,0.67
431967,249.36,250.00,58,1.00,0.64
432067,249.40,250.00,57,1.00,0.60
432167,249.38,250.00,63,1.00,0.62
432267,249.36,250.00,63,1.00,0.64
432367,249.40,250.00,57,1.00,0.60
432467,249.38,250.00,63,1.00,0.62
432567,249.38,250.00,60,1.00,0.62
432667,249.36,250.00,63,1.00,0.64
432767,249.39,250.00,58,1.00,0.61
432867,249.42,250.00,58,1.00,0.58
432967,249.40,250.00,62,1.00,0.60
433067,249.43,250.00,58,1.00,0.57
433167,249.44,250.00,60,1.00,0.56
433267,249.42,250.00,62,1.00,0.58
433367,249.41,250.00,62,1.00,0.59
433467,249.43,250.00,58,1.00,0.57
433567,249.43,250.00,61,1.00,0.57
433667,249.45,250.00,58,1.00,0.55
433767,249.43,250.00,63,1.00,0.57
433867,249.41,250.00,62,1.00,0.59
433967,249.42,250.00,59,1.00,0.58
434067,249.43,250.00,60,1.00,0.57
434167,249.47,250.00,57,1.00,0.53
434267,249.49,250.00,59,1.00,0.51
434367,249.47,250.00,62,1.00,0.53
434467,249.45,250.00,62,1.00,0.55
434567,249.47,250.00,59,1.00,0.53
434667,249.46,250.00,61,1.00,0.54
434767,249.43,250.00,64,1.00,0.57
434867,249.46,250.00,58,1.00,0.54
434967,249.44,250.00,62,1.00,0.56
435067,249.44,250.00,61,1.00,0.56
435167,249.47,250.00,57,1.00,0.53
435267,249.48,250.00,60,1.00,0.52
435367,249.46,250.00,62,1.00,0.54
435467,249.46,250.00,60,1.00,0.54
435567,249.48,250.00,59,1.00,0.52
435667,249.51,250.00,58,1.00,0.49
435767,249.50,250.00,61,1.00,0.50
435867,249.48,250.00,63,1.00,0.52
435967,249.51,250.00,58,1.00,0.49
436067,249.51,250.00,60,1.00,0.49
436167,249.52,250.00,59,1.00,0.48
436267,249.56,250.00,57,1.00,0.44
436367,249.58,250.00,58,1.00,0.42
436467,249.55,250.00,63,1.00,0.45
436567,249.54,250.00,62,1.00,0.46
436667,249.51,250.00,63,1.00,0.49
436767,249.50,250.00,62,1.00,0.50
436867,249.48,250.00,63,1.00,0.52
436967,249.49,250.00,60,1.00,0.51
437067,249.51,250.00,58,1.00,0.49
437167,249.50,250.00,62,1.00,0.50
437267,249.54,250.00,57,1.00,0.46
437367,249.59,250.00,56,1.00,0.41
437467,249.56,250.00,63,1.00,0.44
437567,249.53,250.00,63,1.00,0.47
437667,249.56,250.00,58,1.00,0.44
437767,249.55,250.00,61,1.00,0.45
437867,249.57,250.00,58,1.00,0.43
437967,249.56,250.00,62,1.00,0.44
438067,249.59,250.00,57,1.00,0.41
438167,249.62,250.00,57,1.00,0.38
438267,249.59,250.00,64,1.00,0.41
438367,249.62,250.00,57,1.00,0.38
438467,249.63,250.00,59,1.00,0.37
438567,249.61,250.00,62,1.00,0.39
438667,249.63,250.00,59,1.00,0.37
438767,249.63,250.00,60,1.00,0.37
438867,249.61,250.00,62,1.00,0.39
438967,249.57,250.00,64,1.00,0.43
439067,249.59,250.00,58,1.00,0.41
439167,249.58,250.00,62,1.00,0.42
439267,249.57,250.00,61,1.00,0.43
439367,249.57,250.00,61,1.00,0.43
439467,249.56,250.00,61,1.00,0.44
439567,249.55,250.00,62,1.00,0.45
439667,249.61,250.00,55,1.00,0.39
439767,249.61,250.00,60,1.00,0.39
439867,249.60,250.00,61,1.00,0.40
439967,249.63,250.00,57,1.00,0.37
440067,249.64,250.00,59,1.00,0.36
440167,249.69,250.00,55,1.00,0.31
440267,249.75,250.00,54,1.00,0.25
440367,249.74,250.00,61,1.00,0.26
440467,249.73,250.00,61,1.00,0.27
440567,249.71,250.00,62,1.00,0.29
440667,249.69,250.00,62,1.00,0.31
440767,249.69,250.00,60,1.00,0.31
440867,249.72,250.00,57,1.00,0.28
440967,249.71,250.00,61,1.00,0.29
441067,249.72,250.00,59,1.00,0.28
441167,249.74,250.00,57,1.00,0.26
441267,249.76,250.00,58,1.00,0.24
441367,249.76,250.00,60,1.00,0.24
441467,249.78,250.00,57,1.00,0.22
441567,249.78,250.00,60,1.00,0.22
441667,249.76,250.00,62,1.00,0.24
441767,249.82,250.00,53,1.00,0.18
441867,249.84,250.00,58,1.00,0.16
441967,249.85,250.00,58,1.00,0.15
442067,249.84,250.00,60,1.00,0.16
442167,249.81,250.00,63,1.00,0.19
442267,249.84,250.00,56,1.00,0.16
442367,249.84,250.00,60,1.00,0.16
442467,249.84,250.00,59,1.00,0.16
442567,249.86,250.00,58,1.00,0.14
442667,249.82,250.00,63,1.00,0.18
442767,249.79,250.00,63,1.00,0.21
442867,249.78,250.00,61,1.00,0.22
442967,249.76,250.00,62,1.00,0.24
443067,249.77,250.00,58,1.00,0.23
443167,249.76,250.00,61,1.00,0.24
443267,249.78,250.00,57,1.00,0.22
443367,249.80,250.00,57,1.00,0.20
443467,249.80,250.00,60,1.00,0.20
443567,249.78,250.00,61,1.00,0.22
443667,249.79,250.00,59,1.00,0.21
443767,249.77,250.00,62,1.00,0.23
443867,249.78,250.00,59,1.00,0.22
443967,249.80,250.00,57,1.00,0.20
444067,249.83,250.00,56,1.00,0.17
444167,249.86,250.00,57,1.00,0.14
444267,249.84,250.00,62,1.00,0.16
444367,249.87,250.00,57,1.00,0.13
444467,249.87,250.00,59,1.00,0.13
444567,249.84,250.00,63,1.00,0.16
444667,249.87,250.00,57,1.00,0.13
444767,249.88,250.00,58,1.00,0.12
444867,249.86,250.00,62,1.00,0.14
444967,249.85,250.00,60,1.00,0.15
445067,249.86,250.00,58,1.00,0.14
445167,249.88,250.00,58,1.00,0.12
445267,249.89,250.00,58,1.00,0.11
445367,249.89,250.00,59,1.00,0.11
445467,249.87,250.00,62,1.00,0.13
445567,249.88,250.00,58,1.00,0.12
445667,249.87,250.00,61,1.00,0.13
445767,249.87,250.00,59,1.00,0.13
445867,249.85,250.00,62,1.00,0.15
445967,249.85,250.00,59,1.00,0.15
446067,249.87,250.00,58,1.00,0.13
446167,249.89,250.00,57,1.00,0.11
446267,249.88,250.00,61,1.00,0.12
446367,249.87,250.00,61,1.00,0.13
446467,249.89,250.00,57,1.00,0.11
446567,249.92,250.00,57,1.00,0.08
446667,249.93,250.00,58,1.00,0.07
446767,249.96,250.00,56,1.00,0.04
446867,249.96,250.00,59,1.00,0.04
446967,249.93,250.00,62,1.00,0.07
447067,249.94,250.00,58,1.00,0.06
447167,249.91,250.00,62,1.00,0.09
447267,249.89,250.00,61,1.00,0.11
447367,249.87,250.00,62,1.00,0.13
447467,249.90,250.00,57,1.00,0.10
447567,249.91,250.00,58,1.00,0.09
447667,249.89,250.00,61,1.00,0.11
447767,249.88,250.00,61,1.00,0.12
447867,249.88,250.00,59,1.00,0.12
447967,249.86,250.00,62,1.00,0.14
448067,249.88,250.00,57,1.00,0.12
448167,249.94,250.00,53,1.00,0.06
448267,249.96,250.00,57,1.00,0.04
448367,249.97,250.00,59,1.00,0.03
448467,249.97,250.00,59,1.00,0.03
448567,249.96,250.00,60,1.00,0.04
448667,250.00,250.00,55,1.00,-0.00
448767,250.01,250.00,58,1.00,-0.01
448867,250.05,250.00,55,1.00,-0.05
448967,250.08,250.00,55,1.00,-0.08
449067,250.06,250.00,61,1.00,-0.06
449167,250.04,250.00,61,1.00,-0.04
449267,250.04,250.00,59,1.00,-0.04
449367,250.06,250.00,57,1.00,-0.06
449467,250.04,250.00,61,1.00,-0.04
449567,250.05,250.00,58,1.00,-0.05
449667,250.07,250.00,57,1.00,-0.07
449767,250.06,250.00,59,1.00,-0.06
449867,250.06,250.00,59,1.00,-0.06
449967,250.06,250.00,58,1.00,-0.06
450067,250.05,250.00,61,1.00,-0.05
450167,250.04,250.00,59,1.00,-0.04
450267,250.06,250.00,57,1.00,-0.06
450367,250.07,250.00,58,1.00,-0.07
450467,250.13,250.00,52,1.00,-0.13
450567,250.12,250.00,60,1.00,-0.12
450667,250.15,250.00,56,1.00,-0.15
450767,250.14,250.00,59,1.00,-0.14
450867,250.18,250.00,55,1.00,-0.18
450967,250.16,250.00,60,1.00,-0.16
451067,250.17,250.00,57,1.00,-0.17
451167,250.14,250.00,61,1.00,-0.14
451267,250.13,250.00,60,1.00,-0.13
451367,250.15,250.00,56,1.00,-0.15
451467,250.16,250.00,57,1.00,-0.16
451567,250.16,250.00,59,1.00,-0.16
451667,250.18,250.00,56,1.00,-0.18
451767,250.15,250.00,61,1.00,-0.15
451867,250.13,250.00,60,1.00,-0.13
451967,250.12,250.00,60,1.00,-0.12
452067,250.17,250.00,53,1.00,-0.17
452167,250.14,250.00,61,1.00,-0.14
452267,250.14,250.00,59,1.00,-0.14
452367,250.15,250.00,57,1.00,-0.15
452467,250.15,250.00,59,1.00,-0.15
452567,250.14,250.00,59,1.00,-0.14
452667,250.12,250.00,61,1.00,-0.12
452767,250.14,250.00,56,1.00,-0.14
452867,250.13,250.00,60,1.00,-0.13
452967,250.10,250.00,61,1.00,-0.10
453067,250.09,250.00,60,1.00,-0.09
453167,250.11,250.00,57,1.00,-0.11
453267,250.09,250.00,61,1.00,-0.09
453367,250.10,250.00,57,1.00,-0.10
453467,250.12,250.00,57,1.00,-0.12
453567,250.13,250.00,57,1.00,-0.13
453667,250.13,250.00,58,1.00,-0.13
453767,250.14,250.00,57,1.00,-0.14
453867,250.11,250.00,61,1.00,-0.11
453967,250.10,250.00,60,1.00,-0.10
454067,250.09,250.00,60,1.00,-0.09
454167,250.13,250.00,54,1.00,-0.13
454267,250.11,250.00,61,1.00,-0.11
454367,250.09,250.00,61,1.00,-0.09
454467,250.10,250.00,57,1.00,-0.10
454567,250.09,250.00,59,1.00,-0.09
454667,250.11,250.00,57,1.00,-0.11
454767,250.08,250.00,61,1.00,-0.08
454867,250.11,250.00,56,1.00,-0.11
454967,250.13,250.00,57,1.00,-0.13
455067,250.13,250.00,58,1.00,-0.13
455167,250.14,250.00,57,1.00,-0.14
455267,250.14,250.00,58,1.00,-0.14
455367,250.10,250.00,62,1.00,-0.10
455467,250.07,250.00,62,1.00,-0.07
455567,250.04,250.00,62,1.00,-0.04
455667,250.03,250.00,59,1.00,-0.03
455767,250.03,250.00,59,1.00,-0.03
455867,250.06,250.00,55,1.00,-0.06
455967,250.09,250.00,55,1.00,-0.09
456067,250.08,250.00,59,1.00,-0.08
456167,250.08,250.00,59,1.00,-0.08
456267,250.14,250.00,52,1.00,-0.14
456367,250.12,250.00,61,1.00,-0.12
456467,250.10,250.00,60,1.00,-0.10
456567,250.13,250.00,56,1.00,-0.13
456667,250.15,250.00,56,1.00,-0.15
456767,250.14,250.00,60,1.00,-0.14
456867,250.13,250.00,60,1.00,-0.13
456967,250.15,250.00,56,1.00,-0.15
457067,250.13,250.00,60,1.00,-0.13
457167,250.13,250.00,58,1.00,-0.13
457267,250.16,250.00,56,1.00,-0.16
457367,250.17,250.00,57,1.00,-0.17
457467,250.14,250.00,61,1.00,-0.14
457567,250.15,250.00,57,1.00,-0.15
457667,250.16,250.00,57,1.00,-0.16
457767,250.14,250.00,60,1.00,-0.14
457867,250.10,250.00,62,1.00,-0.10
457967,250.11,250.00,58,1.00,-0.11
458067,250.07,250.00,62,1.00,-0.07
458167,250.05,250.00,60,1.00,-0.05
458267,250.04,250.00,60,1.00,-0.04
458367,250.08,250.00,54,1.00,-0.08
458467,250.06,250.00,61,1.00,-0.06
458567,250.04,250.00,60,1.00,-0.04
458667,250.05,250.00,58,1.00,-0.05
458767,250.04,250.00,60,1.00,-0.04
458867,250.07,250.00,55,1.00,-0.07
458967,250.05,250.00,60,1.00,-0.05
459067,250.03,250.00,60,1.00,-0.03
459167,250.05,250.00,56,1.00,-0.05
459267,250.03,250.00,62,1.00,-0.03
459367,250.01,250.00,60,1.00,-0.01
459467,250.02,250.00,58,1.00,-0.02
459567,250.00,250.00,61,1.00,0.00
459667,249.97,250.00,61,1.00,0.03
459767,250.00,250.00,56,1.00,-0.00
459867,249.99,250.00,60,1.00,0.01
459967,249.97,250.00,61,1.00,0.03
460067,249.97,250.00,59,1.00,0.03
460167,249.99,250.00,57,1.00,0.01
460267,249.98,250.00,60,1.00,0.02
460367,250.00,250.00,56,1.00,-0.00
460467,249.99,250.00,60,1.00,0.01
460567,249.98,250.00,60,1.00,0.02
460667,249.96,250.00,61,1.00,0.04
460767,249.98,250.00,57,1.00,0.02
460867,249.97,250.00,60,1.00,0.03
460967,249.99,250.00,56,1.00,0.01
461067,249.97,250.00,61,1.00,0.03
461167,250.00,250.00,56,1.00,0.00
461267,250.02,250.00,56,1.00,-0.02
461367,249.99,250.00,63,1.00,0.01
461467,249.98,250.00,60,1.00,0.02
461567,249.99,250.00,57,1.00,0.01
461667,249.96,250.00,62,1.00,0.04
461767,249.97,250.00,57,1.00,0.03
461867,249.95,250.00,61,1.00,0.05
461967,249.93,250.00,61,1.00,0.07
462067,249.93,250.00,60,1.00,0.07
462167,249.94,250.00,58,1.00,0.06
462267,249.94,250.00,58,1.00,0.06
462367,249.93,250.00,61,1.00,0.07
462467,249.92,250.00,60,1.00,0.08
462567,249.92,250.00,60,1.00,0.08
462667,249.89,250.00,62,1.00,0.11
462767,249.89,250.00,59,1.00,0.11
462867,249.93,250.00,56,1.00,0.07
462967,249.92,250.00,60,1.00,0.08
463067,249.94,250.00,57,1.00,0.06
463167,249.94,250.00,60,1.00,0.06
463267,249.95,250.00,57,1.00,0.05
463367,249.97,250.00,57,1.00,0.03
463467,249.94,250.00,62,1.00,0.06
463567,249.97,250.00,56,1.00,0.03
463667,249.94,250.00,62,1.00,0.06
463767,249.94,250.00,58,1.00,0.06
463867,249.94,250.00,60,1.00,0.06
463967,249.97,250.00,56,1.00,0.03
464067,249.98,250.00,57,1.00,0.02
464167,250.00,250.00,57,1.00,0.00
464267,250.02,250.00,56,1.00,-0.02
464367,250.04,250.00,56,1.00,-0.04
464467,250.04,250.00,59,1.00,-0.04
464567,250.03,250.00,60,1.00,-0.03
464667,250.08,250.00,53,1.00,-0.08
464767,250.06,250.00,61,1.00,-0.06
464867,250.05,250.00,60,1.00,-0.05
464967,250.05,250.00,58,1.00,-0.05
465067,250.05,250.00,59,1.00,-0.05
465167,250.03,250.00,60,1.00,-0.03
465267,250.03,250.00,59,1.00,-0.03
465367,250.01,250.00,60,1.00,-0.01
465467,250.01,250.00,59,1.00,-0.01
465567,250.02,250.00,58,1.00,-0.02
465667,250.05,250.00,56,1.00,-0.05
465767,250.07,250.00,57,1.00,-0.07
465867,250.05,250.00,60,1.00,-0.05
465967,250.03,250.00,60,1.00,-0.03
466067,250.05,250.00,56,1.00,-0.05
466167,250.06,250.00,58,1.00,-0.06
466267,250.05,250.00,59,1.00,-0.05
466367,250.06,250.00,58,1.00,-0.06
466467,250.07,250.00,58,1.00,-0.07
466567,250.05,250.00,60,1.00,-0.05
466667,250.08,250.00,55,1.00,-0.08
466767,250.07,250.00,59,1.00,-0.07
466867,250.04,250.00,62,1.00,-0.04
466967,250.03,250.00,60,1.00,-0.03
467067,250.06,250.00,55,1.00,-0.06
467167,250.05,250.00,59,1.00,-0.05
467267,250.04,250.00,60,1.00,-0.04
467367,250.01,250.00,61,1.00,-0.01
467467,250.00,250.00,60,1.00,0.00
467567,250.02,250.00,56,1.00,-0.02
467667,250.00,250.00,61,1.00,0.00
467767,249.99,250.00,60,1.00,0.01
467867,250.01,250.00,56,1.00,-0.01
467967,249.99,250.00,61,1.00,0.01
468067,249.98,250.00,60,1.00,0.02
468167,249.99,250.00,57,1.00,0.01
468267,249.98,250.00,60,1.00,0.02
468367,249.98,250.00,59,1.00,0.02
468467,249.99,250.00,59,1.00,0.01
468567,250.01,250.00,56,1.00,-0.01
468667,250.00,250.00,60,1.00,0.00
468767,249.99,250.00,60,1.00,0.01
468867,250.01,250.00,56,1.00,-0.01
468967,249.99,250.00,61,1.00,0.01
469067,249.97,250.00,61,1.00,0.03
469167,249.98,250.00,57,1.00,0.02
469267,249.98,250.00,59,1.00,0.02
469367,250.01,250.00,56,1.00,-0.01
469467,249.99,250.00,61,1.00,0.01
469567,250.01,250.00,56,1.00,-0.01
469667,250.00,250.00,60,1.00,0.00
469767,250.00,250.00,59,1.00,0.00
469867,250.02,250.00,56,1.00,-0.02
469967,250.00,250.00,61,1.00,0.00
470067,249.97,250.00,61,1.00,0.03
470167,249.99,250.00,57,1.00,0.01
470267,249.97,250.00,61,1.00,0.03
470367,249.97,250.00,59,1.00,0.03
470467,249.95,250.00,61,1.00,0.05
470567,249.94,250.00,60,1.00,0.06
470667,249.93,250.00,61,1.00,0.07
470767,249.92,250.00,60,1.00,0.08
470867,249.91,250.00,61,1.00,0.09
470967,249.95,250.00,54,1.00,0.05
471067,249.93,250.00,61,1.00,0.07
471167,249.93,250.00,60,1.00,0.07
471267,249.94,250.00,58,1.00,0.06
471367,249.94,250.00,58,1.00,0.06
471467,249.96,250.00,57,1.00,0.04
471567,249.93,250.00,62,1.00,0.07
471667,249.94,250.00,58,1.00,0.06
471767,249.94,250.00,58,1.00,0.06
471867,249.89,250.00,65,1.00,0.11
471967,249.90,250.00,58,1.00,0.10
472067,249.86,250.00,63,1.00,0.14
472167,249.83,250.00,63,1.00,0.17
472267,249.80,250.00,63,1.00,0.20
472367,249.76,250.00,64,1.00,0.24
472467,249.74,250.00,62,1.00,0.26
472567,249.71,250.00,63,1.00,0.29
472667,249.71,250.00,59,1.00,0.29
472767,249.75,250.00,56,1.00,0.25
472867,249.75,250.00,60,1.00,0.25
472967,249.74,250.00,61,1.00,0.26
473067,249.75,250.00,60,1.00,0.25
473167,249.74,250.00,61,1.00,0.26
473267,249.74,250.00,60,1.00,0.26
473367,249.77,250.00,57,1.00,0.23
473467,249.78,250.00,59,1.00,0.22
473567,249.75,250.00,62,1.00,0.25
473667,249.72,250.00,63,1.00,0.28
473767,249.75,250.00,57,1.00,0.25
473867,249.77,250.00,57,1.00,0.23
473967,249.76,250.00,61,1.00,0.24
474067,249.77,250.00,59,1.00,0.23
474167,249.72,250.00,65,1.00,0.28
474267,249.69,250.00,63,1.00,0.31
474367,249.67,250.00,63,1.00,0.33
474467,249.68,250.00,59,1.00,0.32
474567,249.65,250.00,63,1.00,0.35
474667,249.64,250.00,62,1.00,0.36
474767,249.63,250.00,62,1.00,0.37
474867,249.63,250.00,60,1.00,0.37
474967,249.61,250.00,63,1.00,0.39
475067,249.62,250.00,59,1.00,0.38
475167,249.60,250.00,63,1.00,0.40
475267,249.57,250.00,64,1.00,0.43
475367,249.54,250.00,64,1.00,0.46
475467,249.55,250.00,60,1.00,0.45
475567,249.53,250.00,63,1.00,0.47
475667,249.54,250.00,60,1.00,0.46
475767,249.51,250.00,63,1.00,0.49
475867,249.48,250.00,64,1.00,0.52
475967,249.49,250.00,61,1.00,0.51
476067,249.44,250.00,66,1.00,0.56
476167,249.46,250.00,59,1.00,0.54
476267,249.42,250.00,65,1.00,0.58
476367,249.39,250.00,65,1.00,0.61
476467,249.40,250.00,60,1.00,0.60
476567,249.40,250.00,61,1.00,0.60
476667,249.37,250.00,65,1.00,0.63
476767,249.35,250.00,64,1.00,0.65
476867,249.33,250.00,64,1.00,0.67
476967,249.34,250.00,61,1.00,0.66
477067,249.32,250.00,63,1.00,0.68
477167,249.30,250.00,65,1.00,0.70
477267,249.32,250.00,60,1.00,0.68
477367,249.29,250.00,65,1.00,0.71
477467,249.26,250.00,66,1.00,0.74
477567,249.26,250.00,62,1.00,0.74
477667,249.28,250.00,61,1.00,0.72
477767,249.25,250.00,64,1.00,0.75
477867,249.22,250.00,65,1.00,0.78
477967,249.23,250.00,62,1.00,0.77
478067,249.22,250.00,63,1.00,0.78
478167,249.18,250.00,67,1.00,0.82
478267,249.21,250.00,60,1.00,0.79
478367,249.21,250.00,62,1.00,0.79
478467,249.19,250.00,65,1.00,0.81
478567,249.16,250.00,65,1.00,0.84
478667,249.16,250.00,63,1.00,0.84
478767,249.16,250.00,63,1.00,0.84
478867,249.15,250.00,64,1.00,0.85
478967,249.17,250.00,61,1.00,0.83
479067,249.13,250.00,66,1.00,0.87
479167,249.11,250.00,65,1.00,0.89
479267,249.13,250.00,61,1.00,0.87
479367,249.12,250.00,64,1.00,0.88
479467,249.12,250.00,64,1.00,0.88
479567,249.11,250.00,64,1.00,0.89
479667,249.11,250.00,64,1.00,0.89
479767,249.09,250.00,65,1.00,0.91
479867,249.09,250.00,63,1.00,0.91
479967,249.07,250.00,65,1.00,0.93
480067,249.09,250.00,61,1.00,0.91
480167,249.11,250.00,61,1.00,0.89
480267,249.08,250.00,66,1.00,0.92
480367,249.10,250.00,61,1.00,0.90
480467,249.06,250.00,67,1.00,0.94
480567,249.04,250.00,66,1.00,0.96
480667,249.04,250.00,63,1.00,0.96
480767,249.08,250.00,60,1.00,0.92
480867,249.11,250.00,60,1.00,0.89
480967,249.09,250.00,65,1.00,0.91
481067,249.11,250.00,61,1.00,0.89
481167,249.14,250.00,60,1.00,0.86
481267,249.14,250.00,64,1.00,0.86
481367,249.17,250.00,59,1.00,0.83
481467,249.19,250.00,62,1.00,0.81
481567,249.16,250.00,66,1.00,0.84
481667,249.14,250.00,65,1.00,0.86
481767,249.17,250.00,60,1.00,0.83
481867,249.17,250.00,63,1.00,0.83
481967,249.16,250.00,64,1.00,0.84
482067,249.17,250.00,62,1.00,0.83
482167,249.16,250.00,64,1.00,0.84
482267,249.18,250.00,61,1.00,0.82
482367,249.16,250.00,66,1.00,0.84
482467,249.15,250.00,64,1.00,0.85
482567,249.13,250.00,65,1.00,0.87
482667,249.11,250.00,65,1.00,0.89
482767,249.10,250.00,64,1.00,0.90
482867,249.13,250.00,60,1.00,0.87
482967,249.14,250.00,63,1.00,0.86
483067,249.15,250.00,62,1.00,0.85
483167,249.18,250.00,61,1.00,0.82
483267,249.20,250.00,61,1.00,0.80
483367,249.19,250.00,65,1.00,0.81
483467,249.19,250.00,63,1.00,0.81
483567,249.20,250.00,62,1.00,0.80
483667,249.18,250.00,65,1.00,0.82
483767,249.19,250.00,62,1.00,0.81
483867,249.22,250.00,61,1.00,0.78
483967,249.25,250.00,60,1.00,0.75
484067,249.28,250.00,60,1.00,0.72
484167,249.25,250.00,65,1.00,0.75
484267,249.29,250.00,59,1.00,0.71
484367,249.32,250.00,60,1.00,0.68
484467,249.33,250.00,62,1.00,0.67
484567,249.32,250.00,63,1.00,0.68
484667,249.31,250.00,64,1.00,0.69
484767,249.29,250.00,64,1.00,0.71
484867,249.28,250.00,64,1.00,0.72
484967,249.31,250.00,60,1.00,0.69
485067,249.31,250.00,63,1.00,0.69
485167,249.32,250.00,62,1.00,0.68
485267,249.34,250.00,61,1.00,0.66
485367,249.37,250.00,60,1.00,0.63
485467,249.36,250.00,63,1.00,0.64
485567,249.40,250.00,58,1.00,0.60
485667,249.41,250.00,61,1.00,0.59
485767,249.40,250.00,64,1.00,0.60
485867,249.39,250.00,64,1.00,0.61
485967,249.42,250.00,60,1.00,0.58
486067,249.44,250.00,60,1.00,0.56
486167,249.44,250.00,63,1.00,0.56
486267,249.42,250.00,64,1.00,0.58
486367,249.46,250.00,59,1.00,0.54
486467,249.46,250.00,62,1.00,0.54
486567,249.45,250.00,64,1.00,0.55
486667,249.44,250.00,63,1.00,0.56
486767,249.45,250.00,62,1.00,0.55
486867,249.44,250.00,64,1.00,0.56
486967,249.43,250.00,63,1.00,0.57
487067,249.43,250.00,63,1.00,0.57
487167,249.46,250.00,59,1.00,0.54
487267,249.48,250.00,61,1.00,0.52
487367,249.50,250.00,61,1.00,0.50
487467,249.53,250.00,60,1.00,0.47
487567,249.54,250.00,61,1.00,0.46
487667,249.57,250.00,59,1.00,0.43
487767,249.58,250.00,61,1.00,0.42
487867,249.58,250.00,63,1.00,0.42
487967,249.58,250.00,61,1.00,0.42
488067,249.65,250.00,55,1.00,0.35
488167,249.67,250.00,59,1.00,0.33
488267,249.73,250.00,56,1.00,0.27
488367,249.74,250.00,60,1.00,0.26
488467,249.75,250.00,61,1.00,0.25
488567,249.78,250.00,57,1.00,0.22
488667,249.78,250.00,61,1.00,0.22
488767,249.83,250.00,56,1.00,0.17
488867,249.86,250.00,58,1.00,0.14
488967,249.85,250.00,62,1.00,0.15
489067,249.84,250.00,62,1.00,0.16
489167,249.87,250.00,58,1.00,0.13
489267,249.89,250.00,58,1.00,0.11
489367,249.88,250.00,62,1.00,0.12
489467,249.92,250.00,57,1.00,0.08
489567,249.95,250.00,57,1.00,0.05
489667,249.96,250.00,60,1.00,0.04
489767,249.96,250.00,60,1.00,0.04
489867,249.98,250.00,59,1.00,0.02
489967,249.98,250.00,60,1.00,0.02
490067,249.97,250.00,61,1.00,0.03
490167,250.00,250.00,58,1.00,0.00
490267,250.03,250.00,57,1.00,-0.03
490367,250.03,250.00,61,1.00,-0.03
490467,250.02,250.00,62,1.00,-0.02
490567,250.06,250.00,55,1.00,-0.06
490667,250.07,250.00,60,1.00,-0.07
490767,250.05,250.00,62,1.00,-0.05
490867,250.09,250.00,56,1.00,-0.09
490967,250.12,250.00,57,1.00,-0.12
491067,250.11,250.00,61,1.00,-0.11
491167,250.10,250.00,61,1.00,-0.10
491267,250.13,250.00,57,1.00,-0.13
491367,250.14,250.00,59,1.00,-0.14
491467,250.15,250.00,59,1.00,-0.15
491567,250.17,250.00,58,1.00,-0.17
491667,250.20,250.00,56,1.00,-0.20
491767,250.19,250.00,60,1.00,-0.19
491867,250.23,250.00,55,1.00,-0.23
491967,250.25,250.00,58,1.00,-0.25
492067,250.23,250.00,61,1.00,-0.23
492167,250.30,250.00,53,1.00,-0.30
492267,250.31,250.00,57,1.00,-0.31
492367,250.34,250.00,56,1.00,-0.34
492467,250.35,250.00,59,1.00,-0.35
492567,250.34,250.00,60,1.00,-0.34
492667,250.37,250.00,55,1.00,-0.37
492767,250.41,250.00,55,1.00,-0.41
492867,250.39,250.00,60,1.00,-0.39
492967,250.43,250.00,55,1.00,-0.43
493067,250.44,250.00,57,1.00,-0.44
493167,250.44,250.00,59,1.00,-0.44
493267,250.45,250.00,57,1.00,-0.45
493367,250.46,250.00,58,1.00,-0.46
493467,250.46,250.00,58,1.00,-0.46
493567,250.46,250.00,58,1.00,-0.46
493667,250.48,250.00,57,1.00,-0.48
493767,250.46,250.00,60,1.00,-0.46
493867,250.47,250.00,58,1.00,-0.47
493967,250.49,250.00,56,1.00,-0.49
494067,250.50,250.00,57,1.00,-0.50
494167,250.48,250.00,61,1.00,-0.48
494267,250.49,250.00,57,1.00,-0.49
494367,250.51,250.00,56,1.00,-0.51
494467,250.55,250.00,55,1.00,-0.55
494567,250.58,250.00,55,1.00,-0.58
494667,250.55,250.00,60,1.00,-0.55
494767,250.55,250.00,59,1.00,-0.55
494867,250.58,250.00,55,1.00,-0.58
494967,250.56,250.00,60,1.00,-0.56
495067,250.55,250.00,59,1.00,-0.55
495167,250.53,250.00,60,1.00,-0.53
495267,250.51,250.00,60,1.00,-0.51
495367,250.51,250.00,58,1.00,-0.51
495467,250.51,250.00,58,1.00,-0.51
495567,250.53,250.00,56,1.00,-0.53
495667,250.59,250.00,52,1.00,-0.59
495767,250.60,250.00,56,1.00,-0.60
495867,250.59,250.00,59,1.00,-0.59
495967,250.59,250.00,58,1.00,-0.59
496067,250.59,250.00,58,1.00,-0.59
496167,250.65,250.00,51,1.00,-0.65
496267,250.68,250.00,54,1.00,-0.68
496367,250.69,250.00,57,1.00,-0.69
496467,250.70,250.00,56,1.00,-0.70
496567,250.73,250.00,54,1.00,-0.73
496667,250.75,250.00,55,1.00,-0.75
496767,250.77,250.00,55,1.00,-0.77
496867,250.82,250.00,52,1.00,-0.82
496967,250.86,250.00,53,1.00,-0.86
497067,250.88,250.00,54,1.00,-0.88
497167,250.93,250.00,52,1.00,-0.93
497267,250.95,250.00,53,1.00,-0.95
497367,250.93,250.00,58,1.00,-0.93
497467,250.96,250.00,53,1.00,-0.96
497567,250.97,250.00,55,1.00,-0.97
497667,250.96,250.00,57,1.00,-0.96
497767,250.95,250.00,57,1.00,-0.95
497867,250.96,250.00,55,1.00,-0.96
497967,250.97,250.00,55,1.00,-0.97
498067,250.96,250.00,57,1.00,-0.96
498167,251.00,250.00,52,1.00,-1.00
498267,251.06,250.00,50,1.00,-1.06
498367,251.05,250.00,56,1.00,-1.05
498467,251.03,250.00,58,1.00,-1.03
498567,251.04,250.00,54,1.00,-1.04
498667,251.04,250.00,56,1.00,-1.04
498767,251.03,250.00,56,1.00,-1.03
498867,251.02,250.00,56,1.00,-1.02
498967,251.01,250.00,57,1.00,-1.01
499067,251.01,250.00,55,1.00,-1.01
499167,251.00,250.00,57,1.00,-1.00
499267,250.99,250.00,56,1.00,-0.99
499367,251.02,250.00,53,1.00,-1.02
499467,251.00,250.00,57,1.00,-1.00
499567,251.00,250.00,56,1.00,-1.00
499667,251.02,250.00,53,1.00,-1.02
499767,251.04,250.00,53,1.00,-1.04
499867,251.04,250.00,55,1.00,-1.04
499967,251.05,250.00,55,1.00,-1.05
500067,251.06,250.00,54,1.00,-1.06
500167,251.05,250.00,56,1.00,-1.05
500267,251.09,250.00,51,1.00,-1.09
500367,251.15,250.00,49,1.00,-1.15
500467,251.12,250.00,58,1.00,-1.12
500567,251.09,250.00,58,1.00,-1.09
500667,251.11,250.00,54,1.00,-1.11
500767,251.14,250.00,51,1.00,-1.14
500867,251.14,250.00,55,1.00,-1.14
500967,251.11,250.00,58,1.00,-1.11
501067,251.08,250.00,58,1.00,-1.08
501167,251.09,250.00,54,1.00,-1.09
501267,251.07,250.00,58,1.00,-1.07
501367,251.11,250.00,51,1.00,-1.11
501467,251.13,250.00,53,1.00,-1.13
501567,251.10,250.00,58,1.00,-1.10
501667,251.09,250.00,56,1.00,-1.09
501767,251.06,250.00,57,1.00,-1.06
501867,251.08,250.00,53,1.00,-1.08
501967,251.08,250.00,55,1.00,-1.08
502067,251.08,250.00,55,1.00,-1.08
502167,251.10,250.00,52,1.00,-1.10
502267,251.09,250.00,56,1.00,-1.09
502367,251.13,250.00,51,1.00,-1.13
502467,251.18,250.00,49,1.00,-1.18
502567,251.15,250.00,58,1.00,-1.15
502667,251.12,250.00,58,1.00,-1.12
502767,251.13,250.00,54,1.00,-1.13
502867,251.11,250.00,56,1.00,-1.11
502967,251.10,250.00,56,1.00,-1.10
503067,251.08,250.00,56,1.00,-1.08
503167,251.06,250.00,57,1.00,-1.06
503267,251.06,250.00,54,1.00,-1.06
503367,251.07,250.00,54,1.00,-1.07
503467,251.08,250.00,53,1.00,-1.08
503567,251.08,250.00,55,1.00,-1.08
503667,251.08,250.00,55,1.00,-1.08
503767,251.08,250.00,55,1.00,-1.08
503867,251.12,250.00,51,1.00,-1.12
503967,251.14,250.00,52,1.00,-1.14
504067,251.15,250.00,54,1.00,-1.15
504167,251.17,250.00,52,1.00,-1.17
504267,251.18,250.00,52,1.00,-1.18
504367,251.17,250.00,55,1.00,-1.17
504467,251.15,250.00,56,1.00,-1.15
504567,251.16,250.00,54,1.00,-1.16
504667,251.13,250.00,57,1.00,-1.13
504767,251.12,250.00,55,1.00,-1.12
504867,251.14,250.00,52,1.00,-1.14
504967,251.14,250.00,55,1.00,-1.14
505067,251.17,250.00,51,1.00,-1.17
505167,251.15,250.00,56,1.00,-1.15
505267,251.13,250.00,56,1.00,-1.13
505367,251.13,250.00,55,1.00,-1.13
505467,251.13,250.00,53,1.00,-1.13
505567,251.17,250.00,51,1.00,-1.17
505667,251.18,250.00,52,1.00,-1.18
505767,251.15,250.00,57,1.00,-1.15
505867,251.12,250.00,57,1.00,-1.12
505967,251.09,250.00,57,1.00,-1.09
506067,251.07,250.00,57,1.00,-1.07
506167,251.03,250.00,58,1.00,-1.03
506267,251.05,250.00,53,1.00,-1.05
506367,251.07,250.00,53,1.00,-1.07
506467,251.04,250.00,56,1.00,-1.04
506567,251.06,250.00,53,1.00,-1.06
506667,251.08,250.00,53,1.00,-1.08
506767,251.04,250.00,58,1.00,-1.04
506867,251.03,250.00,55,1.00,-1.03
506967,251.04,250.00,54,1.00,-1.04
507067,251.06,250.00,52,1.00,-1.06
507167,251.07,250.00,53,1.00,-1.07
507267,251.04,250.00,58,1.00,-1.04
507367,251.00,250.00,57,1.00,-1.00
507467,250.99,250.00,56,1.00,-0.99
507567,250.95,250.00,58,1.00,-0.95
507667,250.93,250.00,57,1.00,-0.93
507767,250.94,250.00,53,1.00,-0.94
507867,250.91,250.00,58,1.00,-0.91
507967,250.92,250.00,54,1.00,-0.92
508067,250.88,250.00,58,1.00,-0.88
508167,250.88,250.00,55,1.00,-0.88
508267,250.88,250.00,55,1.00,-0.88
508367,250.89,250.00,54,1.00,-0.89
508467,250.85,250.00,59,1.00,-0.85
508567,250.82,250.00,57,1.00,-0.82
508667,250.84,250.00,53,1.00,-0.84
508767,250.87,250.00,51,1.00,-0.87
508867,250.85,250.00,57,1.00,-0.85
508967,250.81,250.00,58,1.00,-0.81
509067,250.81,250.00,54,1.00,-0.81
509167,250.83,250.00,53,1.00,-0.83
509267,250.81,250.00,57,1.00,-0.81
509367,250.77,250.00,58,1.00,-0.77
509467,250.79,250.00,53,1.00,-0.79
509567,250.80,250.00,54,1.00,-0.80
509667,250.75,250.00,59,1.00,-0.75
509767,250.75,250.00,55,1.00,-0.75
509867,250.75,250.00,55,1.00,-0.75
509967,250.71,250.00,59,1.00,-0.71
510067,250.68,250.00,59,1.00,-0.68
510167,250.66,250.00,57,1.00,-0.66
510267,250.64,250.00,57,1.00,-0.64
510367,250.60,250.00,59,1.00,-0.60
510467,250.60,250.00,55,1.00,-0.60
510567,250.60,250.00,55,1.00,-0.60
510667,250.58,250.00,58,1.00,-0.58
510767,250.56,250.00,58,1.00,-0.56
510867,250.54,250.00,58,1.00,-0.54
510967,250.51,250.00,59,1.00,-0.51
511067,250.52,250.00,55,1.00,-0.52
511167,250.55,250.00,52,1.00,-0.55
511267,250.54,250.00,56,1.00,-0.54
511367,250.54,250.00,56,1.00,-0.54
511467,250.52,250.00,57,1.00,-0.52
511567,250.55,250.00,52,1.00,-0.55
511667,250.57,250.00,54,1.00,-0.57
511767,250.56,250.00,56,1.00,-0.56
511867,250.58,250.00,54,1.00,-0.58
511967,250.58,250.00,55,1.00,-0.58
512067,250.56,250.00,58,1.00,-0.56
512167,250.59,250.00,53,1.00,-0.59
512267,250.55,250.00,59,1.00,-0.55
512367,250.53,250.00,58,1.00,-0.53
512467,250.49,250.00,60,1.00,-0.49
512567,250.48,250.00,57,1.00,-0.48
512667,250.46,250.00,58,1.00,-0.46
512767,250.43,250.00,58,1.00,-0.43
512867,250.45,250.00,54,1.00,-0.45
512967,250.43,250.00,58,1.00,-0.43
513067,250.41,250.00,58,1.00,-0.41
513167,250.40,250.00,58,1.00,-0.40
513267,250.40,250.00,55,1.00,-0.40
513367,250.42,250.00,54,1.00,-0.42
513467,250.42,250.00,57,1.00,-0.42
513567,250.38,250.00,60,1.00,-0.38
513667,250.35,250.00,59,1.00,-0.35
513767,250.36,250.00,55,1.00,-0.36
513867,250.36,250.00,56,1.00,-0.36
513967,250.38,250.00,55,1.00,-0.38
514067,250.38,250.00,56,1.00,-0.38
514167,250.34,250.00,60,1.00,-0.34
514267,250.34,250.00,56,1.00,-0.34
514367,250.31,250.00,60,1.00,-0.31
514467,250.28,250.00,60,1.00,-0.28
514567,250.24,250.00,61,1.00,-0.24
514667,250.24,250.00,57,1.00,-0.24
514767,250.20,250.00,60,1.00,-0.20
514867,250.18,250.00,59,1.00,-0.18
514967,250.20,250.00,55,1.00,-0.20
515067,250.18,250.00,59,1.00,-0.18
515167,250.14,250.00,61,1.00,-0.14
515267,250.19,250.00,52,1.00,-0.19
515367,250.18,250.00,58,1.00,-0.18
515467,250.16,250.00,59,1.00,-0.16
515567,250.15,250.00,59,1.00,-0.15
515667,250.12,250.00,60,1.00,-0.12
515767,250.13,250.00,56,1.00,-0.13
515867,250.12,250.00,58,1.00,-0.12
515967,250.07,250.00,62,1.00,-0.07
516067,250.09,250.00,56,1.00,-0.09
516167,250.05,250.00,62,1.00,-0.05
516267,250.02,250.00,60,1.00,-0.02
516367,250.02,250.00,58,1.00,-0.02
516467,250.02,250.00,58,1.00,-0.02
516567,249.99,250.00,60,1.00,0.01
516667,249.98,250.00,59,1.00,0.02
516767,249.97,250.00,59,1.00,0.03
516867,249.97,250.00,57,1.00,0.03
516967,249.95,250.00,60,1.00,0.05
517067,249.96,250.00,57,1.00,0.04
517167,250.00,250.00,54,1.00,0.00
517267,249.95,250.00,62,1.00,0.05
517367,249.93,250.00,60,1.00,0.07
517467,249.93,250.00,58,1.00,0.07
517567,249.90,250.00,61,1.00,0.10
517667,249.87,250.00,61,1.00,0.13
517767,249.85,250.00,60,1.00,0.15
517867,249.82,250.00,62,1.00,0.18
517967,249.83,250.00,58,1.00,0.17
518067,249.82,250.00,59,1.00,0.18
518167,249.79,250.00,61,1.00,0.21
518267,249.79,250.00,59,1.00,0.21
518367,249.74,250.00,64,1.00,0.26
518467,249.71,250.00,62,1.00,0.29
518567,249.74,250.00,56,1.00,0.26
518667,249.86,250.00,46,1.00,0.14
518767,249.86,250.00,58,1.00,0.14
518867,249.86,250.00,58,1.00,0.14
518967,249.88,250.00,57,1.00,0.12
519067,249.85,250.00,61,1.00,0.15
519167,249.83,250.00,60,1.00,0.17
519267,249.83,250.00,59,1.00,0.17
519367,249.80,250.00,61,1.00,0.20
519467,249.78,250.00,60,1.00,0.22
519567,249.79,250.00,57,1.00,0.21
519667,249.78,250.00,60,1.00,0.22
519767,249.80,250.00,56,1.00,0.20
519867,249.79,250.00,60,1.00,0.21
519967,249.80,250.00,57,1.00,0.20
520067,249.79,250.00,59,1.00,0.21
520167,249.79,250.00,59,1.00,0.21
520267,249.80,250.00,58,1.00,0.20
520367,249.80,250.00,59,1.00,0.20
520467,249.76,250.00,63,1.00,0.24
520567,249.76,250.00,59,1.00,0.24
520667,249.76,250.00,59,1.00,0.24
520767,249.75,250.00,60,1.00,0.25
520867,249.70,250.00,63,1.00,0.30
520967,249.71,250.00,58,1.00,0.29
521067,249.71,250.00,58,1.00,0.29
521167,249.68,250.00,62,1.00,0.32
521267,249.66,250.00,62,1.00,0.34
521367,249.69,250.00,55,1.00,0.31
521467,249.65,250.00,63,1.00,0.35
521567,249.64,250.00,60,1.00,0.36
521667,249.65,250.00,58,1.00,0.35
521767,249.63,250.00,62,1.00,0.37
521867,249.59,250.00,63,1.00,0.41
521967,249.58,250.00,61,1.00,0.42
522067,249.58,250.00,59,1.00,0.42
522167,249.59,250.00,59,1.00,0.41
522267,249.58,250.00,60,1.00,0.42
522367,249.55,250.00,62,1.00,0.45
522467,249.52,250.00,64,1.00,0.48
522567,249.48,250.00,63,1.00,0.52
522667,249.45,250.00,63,1.00,0.55
522767,249.46,250.00,59,1.00,0.54
522867,249.44,250.00,62,1.00,0.56
522967,249.43,250.00,62,1.00,0.57
523067,249.43,250.00,60,1.00,0.57
523167,249.44,250.00,59,1.00,0.56
523267,249.41,250.00,63,1.00,0.59
523367,249.43,250.00,58,1.00,0.57
523467,249.42,250.00,62,1.00,0.58
523567,249.39,250.00,63,1.00,0.61
523667,249.36,250.00,64,1.00,0.64
523767,249.37,250.00,60,1.00,0.63
523867,249.35,250.00,62,1.00,0.65
523967,249.33,250.00,62,1.00,0.67
524067,249.30,250.00,63,1.00,0.70
524167,249.34,250.00,57,1.00,0.66
524267,249.33,250.00,61,1.00,0.67
524367,249.34,250.00,60,1.00,0.66
524467,249.31,250.00,64,1.00,0.69
524567,249.27,250.00,65,1.00,0.73
524667,249.25,250.00,63,1.00,0.75
524767,249.28,250.00,58,1.00,0.72
524867,249.26,250.00,63,1.00,0.74
524967,249.25,250.00,62,1.00,0.75
525067,249.24,250.00,62,1.00,0.76
525167,249.24,250.00,62,1.00,0.76
525267,249.25,250.00,59,1.00,0.75
525367,249.24,250.00,62,1.00,0.76
525467,249.26,250.00,59,1.00,0.74
525567,249.25,250.00,62,1.00,0.75
525667,249.22,250.00,64,1.00,0.78
525767,249.23,250.00,61,1.00,0.77
525867,249.23,250.00,61,1.00,0.77
525967,249.25,250.00,59,1.00,0.75
526067,249.26,250.00,61,1.00,0.74
526167,249.22,250.00,64,1.00,0.78
526267,249.18,250.00,65,1.00,0.82
526367,249.21,250.00,59,1.00,0.79
526467,249.20,250.00,62,1.00,0.80
526567,249.22,250.00,59,1.00,0.78
526667,249.18,250.00,66,1.00,0.82
526767,249.15,250.00,65,1.00,0.85
526867,249.13,250.00,64,1.00,0.87
526967,249.16,250.00,59,1.00,0.84
527067,249.18,250.00,59,1.00,0.82
527167,249.19,250.00,60,1.00,0.81
527267,249.20,250.00,60,1.00,0.80
527367,249.16,250.00,65,1.00,0.84
527467,249.15,250.00,63,1.00,0.85
527567,249.16,250.00,62,1.00,0.84
527667,249.16,250.00,62,1.00,0.84
527767,249.14,250.00,64,1.00,0.86
527867,249.14,250.00,61,1.00,0.86
527967,249.17,250.00,59,1.00,0.83
528067,249.16,250.00,63,1.00,0.84
528167,249.15,250.00,63,1.00,0.85
528267,249.12,250.00,64,1.00,0.88
528367,249.15,250.00,59,1.00,0.85
528467,249.16,250.00,62,1.00,0.84
528567,249.17,250.00,60,1.00,0.83
528667,249.19,250.00,59,1.00,0.81
528767,249.20,250.00,61,1.00,0.80
528867,249.18,250.00,64,1.00,0.82
528967,249.20,250.00,59,1.00,0.80
529067,249.20,250.00,62,1.00,0.80
529167,249.18,250.00,63,1.00,0.82
529267,249.15,250.00,66,1.00,0.85
529367,249.15,250.00,62,1.00,0.85
529467,249.16,250.00,61,1.00,0.84
529567,249.14,250.00,64,1.00,0.86
529667,249.13,250.00,63,1.00,0.87
529767,249.13,250.00,63,1.00,0.87
529867,249.11,250.00,64,1.00,0.89
529967,249.10,250.00,63,1.00,0.90
530067,249.11,250.00,61,1.00,0.89
530167,249.09,250.00,64,1.00,0.91
530267,249.11,250.00,60,1.00,0.89
530367,249.09,250.00,64,1.00,0.91
530467,249.08,250.00,64,1.00,0.92
530567,249.10,250.00,60,1.00,0.90
530667,249.07,250.00,65,1.00,0.93
530767,249.11,250.00,59,1.00,0.89
530867,249.08,250.00,65,1.00,0.92
530967,249.06,250.00,64,1.00,0.94
531067,249.09,250.00,60,1.00,0.91
531167,249.07,250.00,64,1.00,0.93
531267,249.08,250.00,61,1.00,0.92
531367,249.09,250.00,62,1.00,0.91
531467,249.10,250.00,62,1.00,0.90
531567,249.07,250.00,65,1.00,0.93
531667,249.06,250.00,64,1.00,0.94
531767,249.05,250.00,64,1.00,0.95
531867,249.05,250.00,63,1.00,0.95
531967,249.03,250.00,65,1.00,0.97
532067,249.04,250.00,61,1.00,0.96
532167,249.05,250.00,61,1.00,0.95
532267,249.05,250.00,63,1.00,0.95
532367,249.09,250.00,59,1.00,0.91
532467,249.07,250.00,64,1.00,0.93
532567,249.11,250.00,59,1.00,0.89
532667,249.11,250.00,62,1.00,0.89
532767,249.12,250.00,62,1.00,0.88
532867,249.15,250.00,60,1.00,0.85
532967,249.12,250.00,66,1.00,0.88
533067,249.10,250.00,64,1.00,0.90
533167,249.08,250.00,64,1.00,0.92
533267,249.07,250.00,64,1.00,0.93
533367,249.09,250.00,61,1.00,0.91
533467,249.09,250.00,63,1.00,0.91
533567,249.10,250.00,62,1.00,0.90
533667,249.12,250.00,61,1.00,0.88
533767,249.11,250.00,63,1.00,0.89
533867,249.13,250.00,61,1.00,0.87
533967,249.13,250.00,62,1.00,0.87
534067,249.11,250.00,65,1.00,0.89
534167,249.12,250.00,62,1.00,0.88
534267,249.14,250.00,61,1.00,0.86
534367,249.13,250.00,64,1.00,0.87
534467,249.12,250.00,63,1.00,0.88
534567,249.10,250.00,65,1.00,0.90
534667,249.09,250.00,65,1.00,0.91
534767,249.10,250.00,62,1.00,0.90
534867,249.10,250.00,62,1.00,0.90
534967,249.13,250.00,60,1.00,0.87
535067,249.11,250.00,65,1.00,0.89
535167,249.10,250.00,65,1.00,0.90
535267,249.08,250.00,65,1.00,0.92
535367,249.14,250.00,57,1.00,0.86
535467,249.15,250.00,61,1.00,0.85
535567,249.18,250.00,60,1.00,0.82
535667,249.21,250.00,59,1.00,0.79
535767,249.25,250.00,59,1.00,0.75
535867,249.24,250.00,63,1.00,0.76
535967,249.27,250.00,59,1.00,0.73
536067,249.27,250.00,62,1.00,0.73
536167,249.25,250.00,65,1.00,0.75
536267,249.26,250.00,61,1.00,0.74
536367,249.29,250.00,60,1.00,0.71
536467,249.28,250.00,64,1.00,0.72
536567,249.32,250.00,59,1.00,0.68
536667,249.30,250.00,64,1.00,0.70
536767,249.34,250.00,59,1.00,0.66
536867,249.36,250.00,60,1.00,0.64
536967,249.33,250.00,65,1.00,0.67
537067,249.36,250.00,59,1.00,0.64
537167,249.38,250.00,60,1.00,0.62
537267,249.36,250.00,64,1.00,0.64
537367,249.34,250.00,64,1.00,0.66
537467,249.32,250.00,64,1.00,0.68
537567,249.32,250.00,63,1.00,0.68
537667,249.33,250.00,61,1.00,0.67
537767,249.34,250.00,61,1.00,0.66
537867,249.32,250.00,64,1.00,0.68
537967,249.32,250.00,63,1.00,0.68
538067,249.35,250.00,59,1.00,0.65
538167,249.36,250.00,62,1.00,0.64
538267,249.34,250.00,64,1.00,0.66
538367,249.40,250.00,55,1.00,0.60
538467,249.42,250.00,61,1.00,0.58
538567,249.45,250.00,58,1.00,0.55
538667,249.47,250.00,60,1.00,0.53
538767,249.45,250.00,64,1.00,0.55
538867,249.47,250.00,60,1.00,0.53
538967,249.47,250.00,62,1.00,0.53
539067,249.45,250.00,64,1.00,0.55
539167,249.48,250.00,59,1.00,0.52
539267,249.50,250.00,60,1.00,0.50
539367,249.48,250.00,64,1.00,0.52
539467,249.46,250.00,64,1.00,0.54
539567,249.44,250.00,64,1.00,0.56
539667,249.44,250.00,62,1.00,0.56
539767,249.41,250.00,65,1.00,0.59
539867,249.44,250.00,60,1.00,0.56
539967,249.47,250.00,59,1.00,0.53
540067,249.46,250.00,63,1.00,0.54
540167,249.51,250.00,58,1.00,0.49
540267,249.57,250.00,55,1.00,0.43
540367,249.55,250.00,63,1.00,0.45
540467,249.54,250.00,63,1.00,0.46
540567,249.56,250.00,59,1.00,0.44
540667,249.56,250.00,62,1.00,0.44
540767,249.60,250.00,57,1.00,0.40
540867,249.59,250.00,62,1.00,0.41
540967,249.64,250.00,57,1.00,0.36
541067,249.66,250.00,59,1.00,0.34
541167,249.62,250.00,65,1.00,0.38
541267,249.66,250.00,57,1.00,0.34
541367,249.68,250.00,59,1.00,0.32
541467,249.68,250.00,62,1.00,0.32
541567,249.68,250.00,62,1.00,0.32
541667,249.70,250.00,59,1.00,0.30
541767,249.69,250.00,62,1.00,0.31
541867,249.68,250.00,63,1.00,0.32
541967,249.69,250.00,60,1.00,0.31
542067,249.72,250.00,58,1.00,0.28
542167,249.71,250.00,62,1.00,0.29
542267,249.72,250.00,61,1.00,0.28
542367,249.73,250.00,59,1.00,0.27
542467,249.72,250.00,62,1.00,0.28
542567,249.76,250.00,57,1.00,0.24
542667,249.82,250.00,55,1.00,0.18
542767,249.88,250.00,55,1.00,0.12
542867,249.93,250.00,55,1.00,0.07
542967,249.92,250.00,61,1.00,0.08
543067,249.97,250.00,56,1.00,0.03
543167,249.99,250.00,57,1.00,0.01
543267,250.01,250.00,59,1.00,-0.01
543367,250.01,250.00,60,1.00,-0.01
543467,250.03,250.00,57,1.00,-0.03
543567,250.02,250.00,61,1.00,-0.02
543667,250.01,250.00,60,1.00,-0.01
543767,250.04,250.00,58,1.00,-0.04
543867,250.06,250.00,58,1.00,-0.06
543967,250.04,250.00,62,1.00,-0.04
544067,250.05,250.00,59,1.00,-0.05
544167,250.04,250.00,60,1.00,-0.04
544267,250.04,250.00,60,1.00,-0.04
544367,250.05,250.00,59,1.00,-0.05
544467,250.12,250.00,53,1.00,-0.12
544567,250.11,250.00,61,1.00,-0.11
544667,250.10,250.00,61,1.00,-0.10
544767,250.12,250.00,57,1.00,-0.12
544867,250.16,250.00,56,1.00,-0.16
544967,250.15,250.00,60,1.00,-0.15
545067,250.15,250.00,60,1.00,-0.15
545167,250.15,250.00,60,1.00,-0.15
545267,250.18,250.00,56,1.00,-0.18
545367,250.15,250.00,62,1.00,-0.15
545467,250.19,250.00,56,1.00,-0.19
545567,250.22,250.00,56,1.00,-0.22
545667,250.25,250.00,55,1.00,-0.25
545767,250.24,250.00,60,1.00,-0.24
545867,250.22,250.00,61,1.00,-0.22
545967,250.23,250.00,58,1.00,-0.23
546067,250.21,250.00,61,1.00,-0.21
546167,250.22,250.00,57,1.00,-0.22
546267,250.21,250.00,60,1.00,-0.21
546367,250.22,250.00,59,1.00,-0.22
546467,250.22,250.00,59,1.00,-0.22
546567,250.28,250.00,53,1.00,-0.28
546667,250.25,250.00,62,1.00,-0.25
546767,250.25,250.00,59,1.00,-0.25
546867,250.28,250.00,56,1.00,-0.28
546967,250.31,250.00,55,1.00,-0.31
547067,250.34,250.00,56,1.00,-0.34
547167,250.32,250.00,61,1.00,-0.32
547267,250.36,250.00,54,1.00,-0.36
547367,250.39,250.00,55,1.00,-0.39
547467,250.37,250.00,61,1.00,-0.37
547567,250.40,250.00,55,1.00,-0.40
547667,250.42,250.00,56,1.00,-0.42
547767,250.42,250.00,59,1.00,-0.42
547867,250.40,250.00,60,1.00,-0.40
547967,250.42,250.00,56,1.00,-0.42
548067,250.44,250.00,56,1.00,-0.44
548167,250.44,250.00,58,1.00,-0.44
548267,250.47,250.00,55,1.00,-0.47
548367,250.45,250.00,60,1.00,-0.45
548467,250.44,250.00,59,1.00,-0.44
548567,250.47,250.00,55,1.00,-0.47
548667,250.52,250.00,53,1.00,-0.52
548767,250.50,250.00,59,1.00,-0.50
548867,250.49,250.00,59,1.00,-0.49
548967,250.50,250.00,57,1.00,-0.50
549067,250.53,250.00,54,1.00,-0.53
549167,250.53,250.00,58,1.00,-0.53
549267,250.53,250.00,58,1.00,-0.53
549367,250.52,250.00,58,1.00,-0.52
549467,250.55,250.00,54,1.00,-0.55
549567,250.57,250.00,56,1.00,-0.57
549667,250.60,250.00,55,1.00,-0.60
549767,250.57,250.00,60,1.00,-0.57
549867,250.55,250.00,60,1.00,-0.55
549967,250.55,250.00,58,1.00,-0.55
550067,250.56,250.00,56,1.00,-0.56
550167,250.58,250.00,56,1.00,-0.58
550267,250.56,250.00,60,1.00,-0.56
550367,250.58,250.00,56,1.00,-0.58
550467,250.60,250.00,55,1.00,-0.60
550567,250.59,250.00,58,1.00,-0.59
550667,250.62,250.00,55,1.00,-0.62
550767,250.61,250.00,57,1.00,-0.61
550867,250.63,250.00,56,1.00,-0.63
550967,250.64,250.00,56,1.00,-0.64
551067,250.68,250.00,52,1.00,-0.68
551167,250.72,250.00,53,1.00,-0.72
551267,250.76,250.00,53,1.00,-0.76
551367,250.78,250.00,54,1.00,-0.78
551467,250.82,250.00,52,1.00,-0.82
551567,250.85,250.00,53,1.00,-0.85
551667,250.86,250.00,55,1.00,-0.86
551767,250.89,250.00,52,1.00,-0.89
551867,250.91,250.00,54,1.00,-0.91
551967,250.88,250.00,59,1.00,-0.88
552067,250.94,250.00,50,1.00,-0.94
552167,250.93,250.00,57,1.00,-0.93
552267,250.92,250.00,57,1.00,-0.92
552367,250.91,250.00,57,1.00,-0.91
552467,250.91,250.00,56,1.00,-0.91
552567,250.91,250.00,55,1.00,-0.91
552667,250.89,250.00,58,1.00,-0.89
552767,250.91,250.00,54,1.00,-0.91
552867,250.96,250.00,51,1.00,-0.96
552967,250.94,250.00,57,1.00,-0.94
553067,250.95,250.00,55,1.00,-0.95
553167,250.95,250.00,55,1.00,-0.95
553267,250.93,250.00,58,1.00,-0.93
553367,250.94,250.00,54,1.00,-0.94
553467,250.92,250.00,58,1.00,-0.92
553567,250.95,250.00,53,1.00,-0.95
553667,250.96,250.00,54,1.00,-0.96
553767,250.96,250.00,55,1.00,-0.96
553867,250.98,250.00,54,1.00,-0.98
553967,250.94,250.00,59,1.00,-0.94
554067,250.92,250.00,58,1.00,-0.92
554167,250.92,250.00,55,1.00,-0.92
554267,250.93,250.00,55,1.00,-0.93
554367,250.91,250.00,58,1.00,-0.91
554467,250.90,250.00,56,1.00,-0.90
554567,250.89,250.00,56,1.00,-0.89
554667,250.87,250.00,59,1.00,-0.87
554767,250.85,250.00,57,1.00,-0.85
554867,250.84,250.00,57,1.00,-0.84
554967,250.89,250.00,51,1.00,-0.89
555067,250.86,250.00,58,1.00,-0.86
555167,250.83,250.00,58,1.00,-0.83
555267,250.85,250.00,54,1.00,-0.85
555367,250.83,250.00,57,1.00,-0.83
555467,250.82,250.00,57,1.00,-0.82
555567,250.80,250.00,58,1.00,-0.80
555667,250.83,250.00,53,1.00,-0.83
555767,250.83,250.00,55,1.00,-0.83
555867,250.85,250.00,54,1.00,-0.85
555967,250.83,250.00,57,1.00,-0.83
556067,250.81,250.00,58,1.00,-0.81
556167,250.79,250.00,58,1.00,-0.79
556267,250.81,250.00,54,1.00,-0.81
556367,250.79,250.00,58,1.00,-0.79
556467,250.78,250.00,56,1.00,-0.78
556567,250.75,250.00,59,1.00,-0.75
556667,250.76,250.00,55,1.00,-0.76
556767,250.74,250.00,57,1.00,-0.74
556867,250.73,250.00,57,1.00,-0.73
556967,250.72,250.00,57,1.00,-0.72
557067,250.78,250.00,50,1.00,-0.78
557167,250.76,250.00,57,1.00,-0.76
557267,250.76,250.00,56,1.00,-0.76
557367,250.77,250.00,55,1.00,-0.77
557467,250.75,250.00,57,1.00,-0.75
557567,250.74,250.00,57,1.00,-0.74
557667,250.71,250.00,58,1.00,-0.71
557767,250.70,250.00,57,1.00,-0.70
557867,250.73,250.00,53,1.00,-0.73
557967,250.70,250.00,58,1.00,-0.70
558067,250.72,250.00,54,1.00,-0.72
558167,250.75,250.00,52,1.00,-0.75
558267,250.75,250.00,56,1.00,-0.75
558367,250.75,250.00,56,1.00,-0.75
558467,250.77,250.00,53,1.00,-0.77
558567,250.79,250.00,54,1.00,-0.79
558667,250.79,250.00,55,1.00,-0.79
558767,250.81,250.00,54,1.00,-0.81
558867,250.84,250.00,52,1.00,-0.84
558967,250.83,250.00,56,1.00,-0.83
559067,250.85,250.00,53,1.00,-0.85
559167,250.84,250.00,56,1.00,-0.84
559267,250.83,250.00,56,1.00,-0.83
559367,250.81,250.00,58,1.00,-0.81
559467,250.82,250.00,54,1.00,-0.82
559567,250.81,250.00,56,1.00,-0.81
559667,250.80,250.00,56,1.00,-0.80
559767,250.78,250.00,57,1.00,-0.78
559867,250.83,250.00,51,1.00,-0.83
559967,250.83,250.00,55,1.00,-0.83
560067,250.79,250.00,59,1.00,-0.79
560167,250.82,250.00,52,1.00,-0.82
560267,250.83,250.00,55,1.00,-0.83
560367,250.79,250.00,59,1.00,-0.79
560467,250.80,250.00,55,1.00,-0.80
560567,250.77,250.00,58,1.00,-0.77
560667,250.75,250.00,57,1.00,-0.75
560767,250.71,250.00,59,1.00,-0.71
560867,250.70,250.00,57,1.00,-0.70
560967,250.68,250.00,58,1.00,-0.68
561067,250.66,250.00,58,1.00,-0.66
561167,250.64,250.00,58,1.00,-0.64
561267,250.69,250.00,51,1.00,-0.69
561367,250.65,250.00,59,1.00,-0.65
561467,250.62,250.00,59,1.00,-0.62
561567,250.63,250.00,55,1.00,-0.63
561667,250.63,250.00,56,1.00,-0.63
561767,250.62,250.00,57,1.00,-0.62
561867,250.59,250.00,58,1.00,-0.59
561967,250.57,250.00,58,1.00,-0.57
562067,250.58,250.00,54,1.00,-0.58
562167,250.55,250.00,59,1.00,-0.55
562267,250.54,250.00,57,1.00,-0.54
562367,250.55,250.00,55,1.00,-0.55
562467,250.52,250.00,59,1.00,-0.52
562567,250.52,250.00,56,1.00,-0.52
562667,250.49,250.00,59,1.00,-0.49
562767,250.48,250.00,58,1.00,-0.48
562867,250.45,250.00,59,1.00,-0.45
562967,250.44,250.00,57,1.00,-0.44
563067,250.41,250.00,60,1.00,-0.41
563167,250.41,250.00,57,1.00,-0.41
563267,250.39,250.00,58,1.00,-0.39
563367,250.39,250.00,57,1.00,-0.39
563467,250.36,250.00,59,1.00,-0.36
563567,250.35,250.00,58,1.00,-0.35
563667,250.36,250.00,55,1.00,-0.36
563767,250.38,250.00,55,1.00,-0.38
563867,250.36,250.00,58,1.00,-0.36
563967,250.35,250.00,58,1.00,-0.35
564067,250.36,250.00,55,1.00,-0.36
564167,250.38,250.00,55,1.00,-0.38
564267,250.37,250.00,57,1.00,-0.37
564367,250.40,250.00,54,1.00,-0.40
564467,250.36,250.00,61,1.00,-0.36
564567,250.32,250.00,60,1.00,-0.32
564667,250.33,250.00,56,1.00,-0.33
564767,250.33,250.00,56,1.00,-0.33
564867,250.32,250.00,58,1.00,-0.32
564967,250.28,250.00,61,1.00,-0.28
565067,250.27,250.00,57,1.00,-0.27
565167,250.28,250.00,56,1.00,-0.28
565267,250.27,250.00,59,1.00,-0.27
565367,250.28,250.00,56,1.00,-0.28
565467,250.31,250.00,54,1.00,-0.31
565567,250.28,250.00,60,1.00,-0.28
565667,250.24,250.00,61,1.00,-0.24
565767,250.24,250.00,57,1.00,-0.24
565867,250.25,250.00,56,1.00,-0.25
565967,250.26,250.00,56,1.00,-0.26
566067,250.31,250.00,52,1.00,-0.31
566167,250.29,250.00,59,1.00,-0.29
566267,250.29,250.00,57,1.00,-0.29
566367,250.25,250.00,61,1.00,-0.25
566467,250.27,250.00,55,1.00,-0.27
566567,250.23,250.00,61,1.00,-0.23
566667,250.21,250.00,59,1.00,-0.21
566767,250.21,250.00,57,1.00,-0.21
566867,250.22,250.00,57,1.00,-0.22
566967,250.21,250.00,58,1.00,-0.21
567067,250.20,250.00,58,1.00,-0.20
567167,250.19,250.00,58,1.00,-0.19
567267,250.15,250.00,62,1.00,-0.15
567367,250.13,250.00,59,1.00,-0.13
567467,250.16,250.00,55,1.00,-0.16
567567,250.15,250.00,58,1.00,-0.15
567667,250.13,250.00,60,1.00,-0.13
567767,250.11,250.00,59,1.00,-0.11
567867,250.13,250.00,56,1.00,-0.13
567967,250.12,250.00,59,1.00,-0.12
568067,250.09,250.00,60,1.00,-0.09
568167,250.08,250.00,59,1.00,-0.08
568267,250.06,250.00,60,1.00,-0.06
568367,250.06,250.00,58,1.00,-0.06
568467,250.03,250.00,61,1.00,-0.03
568567,250.01,250.00,59,1.00,-0.01
568667,249.98,250.00,62,1.00,0.02
568767,249.96,250.00,60,1.00,0.04
568867,249.97,250.00,56,1.00,0.03
568967,249.95,250.00,60,1.00,0.05
569067,249.96,250.00,58,1.00,0.04
569167,249.95,250.00,59,1.00,0.05
569267,249.96,250.00,58,1.00,0.04
569367,249.96,250.00,58,1.00,0.04
569467,249.94,250.00,60,1.00,0.06
569567,249.95,250.00,58,1.00,0.05
569667,249.94,250.00,59,1.00,0.06
569767,249.91,250.00,61,1.00,0.09
569867,249.90,250.00,60,1.00,0.10
569967,249.91,250.00,57,1.00,0.09
570067,249.88,250.00,61,1.00,0.12
570167,249.89,250.00,57,1.00,0.11
570267,249.87,250.00,61,1.00,0.13
570367,249.88,250.00,57,1.00,0.12
570467,249.90,250.00,57,1.00,0.10
570567,249.89,250.00,59,1.00,0.11
570667,249.91,250.00,57,1.00,0.09
570767,249.90,250.00,59,1.00,0.10
570867,249.87,250.00,62,1.00,0.13
570967,249.87,250.00,58,1.00,0.13
571067,249.87,250.00,58,1.00,0.13
571167,249.86,250.00,60,1.00,0.14
571267,249.85,250.00,60,1.00,0.15
571367,249.85,250.00,58,1.00,0.15
571467,249.86,250.00,58,1.00,0.14
571567,249.87,250.00,57,1.00,0.13
571667,249.87,250.00,58,1.00,0.13
571767,249.84,250.00,62,1.00,0.16
571867,249.78,250.00,64,1.00,0.22
571967,249.82,250.00,55,1.00,0.18
572067,249.81,250.00,59,1.00,0.19
572167,249.82,250.00,58,1.00,0.18
572267,249.83,250.00,58,1.00,0.17
572367,249.78,250.00,63,1.00,0.22
572467,249.78,250.00,59,1.00,0.22
572567,249.76,250.00,62,1.00,0.24
572667,249.70,250.00,65,1.00,0.30
572767,249.71,250.00,59,1.00,0.29
572867,249.70,250.00,60,1.00,0.30
572967,249.66,250.00,63,1.00,0.34
573067,249.62,250.00,63,1.00,0.38
573167,249.58,250.00,64,1.00,0.42
573267,249.57,250.00,60,1.00,0.43
573367,249.57,250.00,60,1.00,0.43
573467,249.56,250.00,60,1.00,0.44
573567,249.53,250.00,64,1.00,0.47
573667,249.50,250.00,62,1.00,0.50
573767,249.53,250.00,57,1.00,0.47
573867,249.52,250.00,61,1.00,0.48
573967,249.49,250.00,62,1.00,0.51
574067,249.46,250.00,63,1.00,0.54
574167,249.46,250.00,61,1.00,0.54
574267,249.48,250.00,58,1.00,0.52
574367,249.49,250.00,58,1.00,0.51
574467,249.46,250.00,64,1.00,0.54
574567,249.43,250.00,63,1.00,0.57
574667,249.43,250.00,61,1.00,0.57
574767,249.39,250.00,64,1.00,0.61
574867,249.37,250.00,63,1.00,0.63
574967,249.39,250.00,59,1.00,0.61
575067,249.37,250.00,63,1.00,0.63
575167,249.42,250.00,55,1.00,0.58
575267,249.45,250.00,57,1.00,0.55
575367,249.45,250.00,61,1.00,0.55
575467,249.43,250.00,62,1.00,0.57
575567,249.44,250.00,60,1.00,0.56
575667,249.47,250.00,57,1.00,0.53
575767,249.47,250.00,61,1.00,0.53
575867,249.50,250.00,57,1.00,0.50
575967,249.50,250.00,60,1.00,0.50
576067,249.49,250.00,61,1.00,0.51
576167,249.47,250.00,62,1.00,0.53
576267,249.49,250.00,59,1.00,0.51
576367,249.48,250.00,61,1.00,0.52
576467,249.51,250.00,57,1.00,0.49
576567,249.48,250.00,64,1.00,0.52
576667,249.54,250.00,54,1.00,0.46
576767,249.54,250.00,60,1.00,0.46
576867,249.54,250.00,60,1.00,0.46
576967,249.56,250.00,58,1.00,0.44
577067,249.58,250.00,58,1.00,0.42
577167,249.55,250.00,63,1.00,0.45
577267,249.53,250.00,63,1.00,0.47
577367,249.50,250.00,63,1.00,0.50
577467,249.51,250.00,60,1.00,0.49
577567,249.51,250.00,60,1.00,0.49
577667,249.52,250.00,59,1.00,0.48
577767,249.53,250.00,59,1.00,0.47
577867,249.52,250.00,62,1.00,0.48
577967,249.53,250.00,59,1.00,0.47
578067,249.52,250.00,62,1.00,0.48
578167,249.50,250.00,63,1.00,0.50
578267,249.48,250.00,63,1.00,0.52
578367,249.48,250.00,60,1.00,0.52
578467,249.46,250.00,63,1.00,0.54
578567,249.49,250.00,57,1.00,0.51
578667,249.47,250.00,63,1.00,0.53
578767,249.49,250.00,59,1.00,0.51
578867,249.52,250.00,58,1.00,0.48
578967,249.51,250.00,62,1.00,0.49
579067,249.53,250.00,58,1.00,0.47
579167,249.50,250.00,64,1.00,0.50
579267,249.47,250.00,64,1.00,0.53
579367,249.47,250.00,60,1.00,0.53
579467,249.44,250.00,64,1.00,0.56
579567,249.43,250.00,62,1.00,0.57
579667,249.39,250.00,65,1.00,0.61
579767,249.40,250.00,60,1.00,0.60
579867,249.42,250.00,60,1.00,0.58
579967,249.40,250.00,62,1.00,0.60
580067,249.42,250.00,60,1.00,0.58
580167,249.46,250.00,56,1.00,0.54
580267,249.45,250.00,63,1.00,0.55
580367,249.43,250.00,62,1.00,0.57
580467,249.44,250.00,60,1.00,0.56
580567,249.46,250.00,59,1.00,0.54
580667,249.44,250.00,63,1.00,0.56
580767,249.43,250.00,62,1.00,0.57
580867,249.40,250.00,64,1.00,0.60
580967,249.42,250.00,60,1.00,0.58
581067,249.38,250.00,65,1.00,0.62
581167,249.40,250.00,60,1.00,0.60
581267,249.41,250.00,60,1.00,0.59
581367,249.39,250.00,64,1.00,0.61
581467,249.40,250.00,60,1.00,0.60
581567,249.37,250.00,65,1.00,0.63
581667,249.37,250.00,61,1.00,0.63
581767,249.33,250.00,66,1.00,0.67
581867,249.32,250.00,62,1.00,0.68
581967,249.33,250.00,61,1.00,0.67
582067,249.32,250.00,63,1.00,0.68
582167,249.35,250.00,58,1.00,0.65
582267,249.34,250.00,62,1.00,0.66
582367,249.31,250.00,64,1.00,0.69
582467,249.31,250.00,62,1.00,0.69
582567,249.32,250.00,61,1.00,0.68
582667,249.31,250.00,63,1.00,0.69
582767,249.29,250.00,63,1.00,0.71
582867,249.29,250.00,62,1.00,0.71
582967,249.28,250.00,63,1.00,0.72
583067,249.31,250.00,59,1.00,0.69
583167,249.32,250.00,61,1.00,0.68
583267,249.35,250.00,58,1.00,0.65
583367,249.37,250.00,60,1.00,0.63
583467,249.35,250.00,63,1.00,0.65
583567,249.33,250.00,63,1.00,0.67
583667,249.34,250.00,61,1.00,0.66
583767,249.33,250.00,62,1.00,0.67
583867,249.31,250.00,65,1.00,0.69
583967,249.33,250.00,59,1.00,0.67
584067,249.35,250.00,60,1.00,0.65
584167,249.33,250.00,63,1.00,0.67
584267,249.35,250.00,60,1.00,0.65
584367,249.39,250.00,57,1.00,0.61
584467,249.37,250.00,64,1.00,0.63
584567,249.39,250.00,60,1.00,0.61
584667,249.40,250.00,60,1.00,0.60
584767,249.45,250.00,56,1.00,0.55
584867,249.45,250.00,62,1.00,0.55
584967,249.43,250.00,63,1.00,0.57
585067,249.42,250.00,63,1.00,0.58
585167,249.43,250.00,60,1.00,0.57
585267,249.40,250.00,64,1.00,0.60
585367,249.44,250.00,58,1.00,0.56
585467,249.40,250.00,65,1.00,0.60
585567,249.39,250.00,63,1.00,0.61
585667,249.37,250.00,64,1.00,0.63
585767,249.36,250.00,62,1.00,0.64
585867,249.35,250.00,62,1.00,0.65
585967,249.36,250.00,61,1.00,0.64
586067,249.38,250.00,60,1.00,0.62
586167,249.40,250.00,59,1.00,0.60
586267,249.38,250.00,64,1.00,0.62
586367,249.41,250.00,59,1.00,0.59
586467,249.41,250.00,62,1.00,0.59
586567,249.38,250.00,64,1.00,0.62
586667,249.45,250.00,55,1.00,0.55
586767,249.45,250.00,61,1.00,0.55
586867,249.49,250.00,58,1.00,0.51
586967,249.47,250.00,63,1.00,0.53
587067,249.43,250.00,66,1.00,0.57
587167,249.40,250.00,64,1.00,0.60
587267,249.40,250.00,62,1.00,0.60
587367,249.38,250.00,64,1.00,0.62
587467,249.41,250.00,59,1.00,0.59
587567,249.37,250.00,65,1.00,0.63
587667,249.35,250.00,64,1.00,0.65
587767,249.38,250.00,59,1.00,0.62
587867,249.36,250.00,64,1.00,0.64
587967,249.35,250.00,63,1.00,0.65
588067,249.32,250.00,65,1.00,0.68
588167,249.32,250.00,62,1.00,0.68
588267,249.34,250.00,60,1.00,0.66
588367,249.32,250.00,64,1.00,0.68
588467,249.31,250.00,64,1.00,0.69
588567,249.31,250.00,62,1.00,0.69
588667,249.28,250.00,65,1.00,0.72
588767,249.30,250.00,61,1.00,0.70
588867,249.32,250.00,60,1.00,0.68
588967,249.30,250.00,64,1.00,0.70
589067,249.33,250.00,60,1.00,0.67
589167,249.31,250.00,64,1.00,0.69
589267,249.35,250.00,59,1.00,0.65
589367,249.34,250.00,63,1.00,0.66
589467,249.31,250.00,65,1.00,0.69
589567,249.33,250.00,60,1.00,0.67
589667,249.31,250.00,65,1.00,0.69
589767,249.28,250.00,65,1.00,0.72
589867,249.26,250.00,65,1.00,0.74
589967,249.24,250.00,65,1.00,0.76
590067,249.23,250.00,63,1.00,0.77
590167,249.24,250.00,62,1.00,0.76
590267,249.21,250.00,66,1.00,0.79
590367,249.19,250.00,64,1.00,0.81
590467,249.18,250.00,64,1.00,0.82
590567,249.21,250.00,59,1.00,0.79
590667,249.22,250.00,62,1.00,0.78
590767,249.22,250.00,63,1.00,0.78
590867,249.22,250.00,62,1.00,0.78
590967,249.24,250.00,61,1.00,0.76
591067,249.24,250.00,63,1.00,0.76
591167,249.23,250.00,63,1.00,0.77
591267,249.22,250.00,63,1.00,0.78
591367,249.25,250.00,60,1.00,0.75
591467,249.28,250.00,60,1.00,0.72
591567,249.26,250.00,65,1.00,0.74
591667,249.29,250.00,60,1.00,0.71
591767,249.25,250.00,66,1.00,0.75
591867,249.23,250.00,65,1.00,0.77
591967,249.21,250.00,65,1.00,0.79
592067,249.27,250.00,57,1.00,0.73
592167,249.28,250.00,61,1.00,0.72
592267,249.27,250.00,64,1.00,0.73
592367,249.31,250.00,59,1.00,0.69
592467,249.34,250.00,59,1.00,0.66
592567,249.35,250.00,62,1.00,0.65
592667,249.38,250.00,59,1.00,0.62
592767,249.40,250.00,61,1.00,0.60
592867,249.37,250.00,65,1.00,0.63
592967,249.39,250.00,61,1.00,0.61
593067,249.40,250.00,61,1.00,0.60
593167,249.44,250.00,58,1.00,0.56
593267,249.44,250.00,62,1.00,0.56
593367,249.43,250.00,62,1.00,0.57
593467,249.47,250.00,59,1.00,0.53
593567,249.47,250.00,61,1.00,0.53
593667,249.49,250.00,60,1.00,0.51
593767,249.48,250.00,63,1.00,0.52
593867,249.50,250.00,60,1.00,0.50
593967,249.48,250.00,64,1.00,0.52
594067,249.46,250.00,64,1.00,0.54
594167,249.49,250.00,59,1.00,0.51
594267,249.51,250.00,60,1.00,0.49
594367,249.51,250.00,62,1.00,0.49
594467,249.52,250.00,61,1.00,0.48
594567,249.55,250.00,59,1.00,0.45
594667,249.54,250.00,62,1.00,0.46
594767,249.57,250.00,60,1.00,0.43
594867,249.58,250.00,61,1.00,0.42
594967,249.55,250.00,65,1.00,0.45
595067,249.57,250.00,60,1.00,0.43
595167,249.59,250.00,60,1.00,0.41
595267,249.62,250.00,59,1.00,0.38
595367,249.61,250.00,63,1.00,0.39
595467,249.60,250.00,62,1.00,0.40
595567,249.63,250.00,59,1.00,0.37
595667,249.64,250.00,60,1.00,0.36
595767,249.62,250.00,64,1.00,0.38
595867,249.65,250.00,59,1.00,0.35
595967,249.66,250.00,60,1.00,0.34
596067,249.63,250.00,64,1.00,0.37
596167,249.66,250.00,59,1.00,0.34
596267,249.69,250.00,58,1.00,0.31
596367,249.70,250.00,61,1.00,0.30
596467,249.66,250.00,66,1.00,0.34
596567,249.68,250.00,59,1.00,0.32
596667,249.69,250.00,61,1.00,0.31
596767,249.67,250.00,63,1.00,0.33
596867,249.70,250.00,59,1.00,0.30
596967,249.75,250.00,56,1.00,0.25
597067,249.73,250.00,63,1.00,0.27
597167,249.73,250.00,61,1.00,0.27
597267,249.76,250.00,58,1.00,0.24
597367,249.75,250.00,62,1.00,0.25
597467,249.74,250.00,62,1.00,0.26
597567,249.73,250.00,62,1.00,0.27
597667,249.76,250.00,58,1.00,0.24
597767,249.77,250.00,60,1.00,0.23
597867,249.75,250.00,64,1.00,0.25
597967,249.77,250.00,58,1.00,0.23
598067,249.75,250.00,64,1.00,0.25
598167,249.73,250.00,63,1.00,0.27
598267,249.72,250.00,62,1.00,0.28
598367,249.71,250.00,62,1.00,0.29
598467,249.70,250.00,62,1.00,0.30
598567,249.69,250.00,63,1.00,0.31
598667,249.69,250.00,61,1.00,0.31
598767,249.73,250.00,58,1.00,0.27
598867,249.72,250.00,62,1.00,0.28
598967,249.76,250.00,57,1.00,0.24
599067,249.82,250.00,55,1.00,0.18
599167,249.80,250.00,63,1.00,0.20
599267,249.79,250.00,63,1.00,0.21
599367,249.82,250.00,58,1.00,0.18
599467,249.86,250.00,57,1.00,0.14
599567,249.85,250.00,62,1.00,0.15
599667,249.83,250.00,63,1.00,0.17
599767,249.87,250.00,57,1.00,0.13
599867,249.87,250.00,61,1.00,0.13
599967,249.89,250.00,59,1.00,0.11
600067,249.92,250.00,57,1.00,0.08
600167,249.90,250.00,63,1.00,0.10
600267,249.88,250.00,62,1.00,0.12
600367,249.88,250.00,61,1.00,0.12
600467,249.91,250.00,58,1.00,0.09
600567,249.94,250.00,57,1.00,0.06
600667,249.94,250.00,61,1.00,0.06
600767,249.98,250.00,56,1.00,0.02
600867,250.02,250.00,56,1.00,-0.02
600967,250.02,250.00,60,1.00,-0.02
601067,250.05,250.00,57,1.00,-0.05
601167,250.12,250.00,53,1.00,-0.12
601267,250.11,250.00,61,1.00,-0.11
601367,250.10,250.00,61,1.00,-0.10
601467,250.12,250.00,57,1.00,-0.12
601567,250.16,250.00,56,1.00,-0.16
601667,250.16,250.00,60,1.00,-0.16
601767,250.14,250.00,61,1.00,-0.14
601867,250.17,250.00,56,1.00,-0.17
601967,250.21,250.00,56,1.00,-0.21
602067,250.23,250.00,57,1.00,-0.23
602167,250.27,250.00,55,1.00,-0.27
602267,250.24,250.00,62,1.00,-0.24
602367,250.22,250.00,62,1.00,-0.22
602467,250.25,250.00,57,1.00,-0.25
602567,250.27,250.00,57,1.00,-0.27
602667,250.28,250.00,58,1.00,-0.28
602767,250.29,250.00,58,1.00,-0.29
602867,250.31,250.00,57,1.00,-0.31
602967,250.29,250.00,61,1.00,-0.29
603067,250.30,250.00,58,1.00,-0.30
603167,250.33,250.00,56,1.00,-0.33
603267,250.37,250.00,55,1.00,-0.37
603367,250.34,250.00,61,1.00,-0.34
603467,250.34,250.00,59,1.00,-0.34
603567,250.37,250.00,56,1.00,-0.37
603667,250.39,250.00,56,1.00,-0.39
603767,250.39,250.00,59,1.00,-0.39
603867,250.39,250.00,59,1.00,-0.39
603967,250.42,250.00,55,1.00,-0.42
604067,250.42,250.00,59,1.00,-0.42
604167,250.40,250.00,60,1.00,-0.40
604267,250.40,250.00,59,1.00,-0.40
604367,250.37,250.00,61,1.00,-0.37
604467,250.36,250.00,60,1.00,-0.36
604567,250.38,250.00,56,1.00,-0.38
604667,250.39,250.00,57,1.00,-0.39
604767,250.39,250.00,59,1.00,-0.39
604867,250.37,250.00,60,1.00,-0.37
604967,250.40,250.00,56,1.00,-0.40
605067,250.39,250.00,59,1.00,-0.39
605167,250.39,250.00,59,1.00,-0.39
605267,250.42,250.00,55,1.00,-0.42
605367,250.48,250.00,53,1.00,-0.48
605467,250.45,250.00,61,1.00,-0.45
605567,250.46,250.00,58,1.00,-0.46
605667,250.48,250.00,55,1.00,-0.48
605767,250.48,250.00,58,1.00,-0.48
605867,250.48,250.00,58,1.00,-0.48
605967,250.47,250.00,59,1.00,-0.47
606067,250.50,250.00,55,1.00,-0.50
606167,250.52,250.00,56,1.00,-0.52
606267,250.50,250.00,60,1.00,-0.50
606367,250.53,250.00,56,1.00,-0.53
606467,250.50,250.00,61,1.00,-0.50
606567,250.48,250.00,59,1.00,-0.48
606667,250.51,250.00,56,1.00,-0.51
606767,250.52,250.00,57,1.00,-0.52
606867,250.53,250.00,57,1.00,-0.53
606967,250.52,250.00,58,1.00,-0.52
607067,250.53,250.00,57,1.00,-0.53
607167,250.55,250.00,56,1.00,-0.55
607267,250.53,250.00,60,1.00,-0.53
607367,250.55,250.00,56,1.00,-0.55
607467,250.56,250.00,57,1.00,-0.56
607567,250.54,250.00,60,1.00,-0.54
607667,250.54,250.00,57,1.00,-0.54
607767,250.57,250.00,55,1.00,-0.57
607867,250.60,250.00,55,1.00,-0.60
607967,250.63,250.00,55,1.00,-0.63
608067,250.61,250.00,59,1.00,-0.61
608167,250.63,250.00,55,1.00,-0.63
608267,250.63,250.00,58,1.00,-0.63
608367,250.60,250.00,60,1.00,-0.60
608467,250.62,250.00,56,1.00,-0.62
608567,250.63,250.00,56,1.00,-0.63
608667,250.60,250.00,60,1.00,-0.60
608767,250.61,250.00,56,1.00,-0.61
608867,250.59,250.00,60,1.00,-0.59
608967,250.58,250.00,58,1.00,-0.58
609067,250.56,250.00,60,1.00,-0.56
609167,250.57,250.00,56,1.00,-0.57
609267,250.62,250.00,52,1.00,-0.62
609367,250.63,250.00,56,1.00,-0.63
609467,250.64,250.00,56,1.00,-0.64
609567,250.66,250.00,55,1.00,-0.66
609667,250.67,250.00,56,1.00,-0.67
609767,250.69,250.00,55,1.00,-0.69
609867,250.70,250.00,55,1.00,-0.70
609967,250.74,250.00,53,1.00,-0.74
610067,250.78,250.00,53,1.00,-0.78
610167,250.76,250.00,58,1.00,-0.76
610267,250.76,250.00,57,1.00,-0.76
610367,250.79,250.00,53,1.00,-0.79
610467,250.85,250.00,50,1.00,-0.85
610567,250.89,250.00,52,1.00,-0.89
610667,250.90,250.00,55,1.00,-0.90
610767,250.87,250.00,59,1.00,-0.87
610867,250.85,250.00,58,1.00,-0.85
610967,250.84,250.00,57,1.00,-0.84
611067,250.83,250.00,57,1.00,-0.83
611167,250.83,250.00,56,1.00,-0.83
611267,250.83,250.00,56,1.00,-0.83
611367,250.81,250.00,59,1.00,-0.81
611467,250.80,250.00,57,1.00,-0.80
611567,250.83,250.00,53,1.00,-0.83
611667,250.88,250.00,51,1.00,-0.88
611767,250.90,250.00,54,1.00,-0.90
611867,250.87,250.00,59,1.00,-0.87
611967,250.87,250.00,56,1.00,-0.87
612067,250.89,250.00,54,1.00,-0.89
612167,250.87,250.00,58,1.00,-0.87
612267,250.86,250.00,57,1.00,-0.86
612367,250.85,250.00,57,1.00,-0.85
612467,250.87,250.00,53,1.00,-0.87
612567,250.88,250.00,55,1.00,-0.88
612667,250.85,250.00,59,1.00,-0.85
612767,250.86,250.00,55,1.00,-0.86
612867,250.84,250.00,59,1.00,-0.84
612967,250.83,250.00,57,1.00,-0.83
613067,250.84,250.00,54,1.00,-0.84
613167,250.83,250.00,57,1.00,-0.83
613267,250.82,250.00,57,1.00,-0.82
613367,250.82,250.00,56,1.00,-0.82
613467,250.84,250.00,54,1.00,-0.84
613567,250.82,250.00,57,1.00,-0.82
613667,250.85,250.00,53,1.00,-0.85
613767,250.84,250.00,57,1.00,-0.84
613867,250.81,250.00,58,1.00,-0.81
613967,250.79,250.00,58,1.00,-0.79
614067,250.81,250.00,54,1.00,-0.81
614167,250.84,250.00,53,1.00,-0.84
614267,250.83,250.00,57,1.00,-0.83
614367,250.82,250.00,57,1.00,-0.82
614467,250.84,250.00,53,1.00,-0.84
614567,250.86,250.00,54,1.00,-0.86
614667,250.85,250.00,56,1.00,-0.85
614767,250.87,250.00,54,1.00,-0.87
614867,250.89,250.00,53,1.00,-0.89
614967,250.86,250.00,58,1.00,-0.86
615067,250.83,250.00,58,1.00,-0.83
615167,250.80,250.00,59,1.00,-0.80
615267,250.80,250.00,55,1.00,-0.80
615367,250.77,250.00,59,1.00,-0.77
615467,250.77,250.00,56,1.00,-0.77
615567,250.77,250.00,55,1.00,-0.77
615667,250.76,250.00,58,1.00,-0.76
615767,250.74,250.00,57,1.00,-0.74
615867,250.78,250.00,52,1.00,-0.78
615967,250.76,250.00,58,1.00,-0.76
616067,250.73,250.00,59,1.00,-0.73
616167,250.74,250.00,55,1.00,-0.74
616267,250.73,250.00,57,1.00,-0.73
616367,250.75,250.00,53,1.00,-0.75
616467,250.74,250.00,57,1.00,-0.74
616567,250.75,250.00,55,1.00,-0.75
616667,250.73,250.00,57,1.00,-0.73
616767,250.73,250.00,56,1.00,-0.73
616867,250.74,250.00,55,1.00,-0.74
616967,250.74,250.00,56,1.00,-0.74
617067,250.72,250.00,59,1.00,-0.72
617167,250.71,250.00,57,1.00,-0.71
617267,250.71,250.00,56,1.00,-0.71
617367,250.71,250.00,56,1.00,-0.71
617467,250.71,250.00,56,1.00,-0.71
617567,250.71,250.00,56,1.00,-0.71
617667,250.69,250.00,58,1.00,-0.69
617767,250.68,250.00,57,1.00,-0.68
617867,250.67,250.00,57,1.00,-0.67
617967,250.68,250.00,55,1.00,-0.68
618067,250.66,250.00,58,1.00,-0.66
618167,250.64,250.00,58,1.00,-0.64
618267,250.66,250.00,54,1.00,-0.66
618367,250.69,250.00,53,1.00,-0.69
618467,250.68,250.00,57,1.00,-0.68
618567,250.71,250.00,53,1.00,-0.71
618667,250.69,250.00,58,1.00,-0.69
618767,250.70,250.00,54,1.00,-0.70
618867,250.67,250.00,59,1.00,-0.67
618967,250.70,250.00,53,1.00,-0.70
619067,250.67,250.00,59,1.00,-0.67
619167,250.65,250.00,58,1.00,-0.65
619267,250.70,250.00,50,1.00,-0.70
619367,250.71,250.00,56,1.00,-0.71
619467,250.71,250.00,56,1.00,-0.71
619567,250.67,250.00,59,1.00,-0.67
619667,250.67,250.00,57,1.00,-0.67
619767,250.64,250.00,59,1.00,-0.64
619867,250.62,250.00,58,1.00,-0.62
619967,250.64,250.00,54,1.00,-0.64
620067,250.69,250.00,51,1.00,-0.69
620167,250.66,250.00,59,1.00,-0.66
620267,250.64,250.00,58,1.00,-0.64
620367,250.65,250.00,55,1.00,-0.65
620467,250.67,250.00,54,1.00,-0.67
620567,250.67,250.00,55,1.00,-0.67
620667,250.65,250.00,58,1.00,-0.65
620767,250.67,250.00,54,1.00,-0.67
620867,250.65,250.00,58,1.00,-0.65
620967,250.61,250.00,60,1.00,-0.61
621067,250.64,250.00,54,1.00,-0.64
621167,250.61,250.00,59,1.00,-0.61
621267,250.57,250.00,60,1.00,-0.57
621367,250.55,250.00,58,1.00,-0.55
621467,250.52,250.00,59,1.00,-0.52
621567,250.52,250.00,57,1.00,-0.52
621667,250.51,250.00,57,1.00,-0.51
621767,250.56,250.00,52,1.00,-0.56
621867,250.53,250.00,59,1.00,-0.53
621967,250.51,250.00,58,1.00,-0.51
622067,250.52,250.00,55,1.00,-0.52
622167,250.56,250.00,52,1.00,-0.56
622267,250.53,250.00,59,1.00,-0.53
622367,250.49,250.00,60,1.00,-0.49
622467,250.49,250.00,56,1.00,-0.49
622567,250.48,250.00,58,1.00,-0.48
622667,250.51,250.00,53,1.00,-0.51
622767,250.49,250.00,59,1.00,-0.49
622867,250.48,250.00,58,1.00,-0.48
622967,250.48,250.00,56,1.00,-0.48
623067,250.44,250.00,60,1.00,-0.44
623167,250.42,250.00,59,1.00,-0.42
623267,250.43,250.00,56,1.00,-0.43
623367,250.40,250.00,60,1.00,-0.40
623467,250.43,250.00,53,1.00,-0.43
623567,250.42,250.00,57,1.00,-0.42
623667,250.42,250.00,57,1.00,-0.42
623767,250.42,250.00,56,1.00,-0.42
623867,250.43,250.00,56,1.00,-0.43
623967,250.45,250.00,55,1.00,-0.45
624067,250.44,250.00,57,1.00,-0.44
624167,250.46,250.00,55,1.00,-0.46
624267,250.49,250.00,52,1.00,-0.49
624367,250.46,250.00,60,1.00,-0.46
624467,250.45,250.00,57,1.00,-0.45
624567,250.45,250.00,56,1.00,-0.45
624667,250.43,250.00,58,1.00,-0.43
624767,250.45,250.00,55,1.00,-0.45
624867,250.42,250.00,60,1.00,-0.42
624967,250.43,250.00,54,1.00,-0.43
625067,250.43,250.00,57,1.00,-0.43
625167,250.38,250.00,61,1.00,-0.38
625267,250.41,250.00,54,1.00,-0.41
625367,250.37,250.00,61,1.00,-0.37
625467,250.34,250.00,59,1.00,-0.34
625567,250.32,250.00,59,1.00,-0.32
625667,250.30,250.00,59,1.00,-0.30
625767,250.28,250.00,59,1.00,-0.28
625867,250.24,250.00,61,1.00,-0.24
625967,250.24,250.00,57,1.00,-0.24
626067,250.22,250.00,60,1.00,-0.22
626167,250.20,250.00,59,1.00,-0.20
626267,250.18,250.00,59,1.00,-0.18
626367,250.17,250.00,58,1.00,-0.17
626467,250.14,250.00,60,1.00,-0.14
626567,250.14,250.00,58,1.00,-0.14
626667,250.16,250.00,55,1.00,-0.16
626767,250.20,250.00,54,1.00,-0.20
626867,250.23,250.00,54,1.00,-0.23
626967,250.19,250.00,61,1.00,-0.19
627067,250.17,250.00,59,1.00,-0.17
627167,250.19,250.00,55,1.00,-0.19
627267,250.15,250.00,62,1.00,-0.15
627367,250.13,250.00,59,1.00,-0.13
627467,250.10,250.00,61,1.00,-0.10
627567,250.08,250.00,60,1.00,-0.08
627667,250.06,250.00,60,1.00,-0.06
627767,250.04,250.00,60,1.00,-0.04
627867,250.02,250.00,59,1.00,-0.02
627967,250.02,250.00,58,1.00,-0.02
628067,250.04,250.00,56,1.00,-0.04
628167,250.06,250.00,56,1.00,-0.06
628267,250.05,250.00,60,1.00,-0.05
628367,250.07,250.00,56,1.00,-0.07
628467,250.11,250.00,53,1.00,-0.11
628567,250.11,250.00,57,1.00,-0.11
628667,250.09,250.00,60,1.00,-0.09
628767,250.09,250.00,57,1.00,-0.09
628867,250.11,250.00,56,1.00,-0.11
628967,250.12,250.00,56,1.00,-0.12
629067,250.08,250.00,61,1.00,-0.08
629167,250.06,250.00,60,1.00,-0.06
629267,250.07,250.00,57,1.00,-0.07
629367,250.03,250.00,62,1.00,-0.03
629467,250.00,250.00,61,1.00,-0.00
629567,250.01,250.00,57,1.00,-0.01
629667,249.99,250.00,61,1.00,0.01
629767,250.00,250.00,57,1.00,-0.00
629867,249.98,250.00,60,1.00,0.02
629967,249.97,250.00,59,1.00,0.03
630067,249.96,250.00,59,1.00,0.04
630167,249.98,250.00,56,1.00,0.02
630267,249.99,250.00,57,1.00,0.01
630367,249.97,250.00,60,1.00,0.03
630467,249.95,250.00,60,1.00,0.05
630567,249.97,250.00,56,1.00,0.03
630667,249.96,250.00,59,1.00,0.04
630767,249.95,250.00,59,1.00,0.05
630867,249.98,250.00,55,1.00,0.02
630967,249.98,250.00,58,1.00,0.02
631067,250.01,250.00,55,1.00,-0.01
631167,250.06,250.00,53,1.00,-0.06
631267,250.09,250.00,55,1.00,-0.09
631367,250.08,250.00,59,1.00,-0.08
631467,250.05,250.00,61,1.00,-0.05
631567,250.02,250.00,61,1.00,-0.02
631667,249.99,250.00,61,1.00,0.01
631767,249.97,250.00,60,1.00,0.03
631867,249.99,250.00,57,1.00,0.01
631967,250.00,250.00,57,1.00,-0.00
632067,250.00,250.00,58,1.00,-0.00
632167,250.00,250.00,58,1.00,-0.00
632267,250.01,250.00,57,1.00,-0.01
632367,250.02,250.00,57,1.00,-0.02
632467,250.01,250.00,59,1.00,-0.01
632567,249.99,250.00,60,1.00,0.01
632667,250.04,250.00,53,1.00,-0.04
632767,250.00,250.00,62,1.00,0.00
632867,249.97,250.00,60,1.00,0.03
632967,249.98,250.00,58,1.00,0.02
633067,250.00,250.00,55,1.00,-0.00
633167,250.02,250.00,57,1.00,-0.02
633267,249.99,250.00,61,1.00,0.01
633367,249.97,250.00,60,1.00,0.03
633467,249.98,250.00,56,1.00,0.02
633567,249.95,250.00,62,1.00,0.05
633667,249.93,250.00,60,1.00,0.07
633767,249.94,250.00,58,1.00,0.06
633867,249.91,250.00,61,1.00,0.09
633967,249.88,250.00,61,1.00,0.12
634067,249.90,250.00,57,1.00,0.10
634167,249.89,250.00,59,1.00,0.11
634267,249.86,250.00,62,1.00,0.14
634367,249.87,250.00,57,1.00,0.13
634467,249.89,250.00,57,1.00,0.11
634567,249.86,250.00,61,1.00,0.14
634667,249.84,250.00,61,1.00,0.16
634767,249.85,250.00,58,1.00,0.15
634867,249.81,250.00,62,1.00,0.19
634967,249.82,250.00,58,1.00,0.18
635067,249.84,250.00,57,1.00,0.16
635167,249.87,250.00,56,1.00,0.13
635267,249.85,250.00,61,1.00,0.15
635367,249.81,250.00,62,1.00,0.19
635467,249.84,250.00,56,1.00,0.16
635567,249.84,250.00,59,1.00,0.16
635667,249.87,250.00,56,1.00,0.13
635767,249.86,250.00,60,1.00,0.14
635867,249.82,250.00,62,1.00,0.18
635967,249.81,250.00,61,1.00,0.19
636067,249.78,250.00,62,1.00,0.22
636167,249.79,250.00,58,1.00,0.21
636267,249.80,250.00,58,1.00,0.20
636367,249.82,250.00,57,1.00,0.18
636467,249.84,250.00,57,1.00,0.16
636567,249.84,250.00,58,1.00,0.16
636667,249.83,250.00,59,1.00,0.17
636767,249.82,250.00,61,1.00,0.18
636867,249.81,250.00,59,1.00,0.19
636967,249.79,250.00,61,1.00,0.21
637067,249.77,250.00,62,1.00,0.23
637167,249.78,250.00,58,1.00,0.22
637267,249.77,250.00,60,1.00,0.23
637367,249.74,250.00,61,1.00,0.26
637467,249.72,250.00,61,1.00,0.28
637567,249.75,250.00,56,1.00,0.25
637667,249.76,250.00,58,1.00,0.24
637767,249.76,250.00,59,1.00,0.24
637867,249.79,250.00,57,1.00,0.21
637967,249.75,250.00,63,1.00,0.25
638067,249.73,250.00,61,1.00,0.27
638167,249.73,250.00,59,1.00,0.27
638267,249.77,250.00,55,1.00,0.23
638367,249.79,250.00,57,1.00,0.21
638467,249.80,250.00,58,1.00,0.20
638567,249.81,250.00,58,1.00,0.19
638667,249.83,250.00,57,1.00,0.17
638767,249.82,250.00,59,1.00,0.18
638867,249.81,250.00,61,1.00,0.19
638967,249.81,250.00,58,1.00,0.19
639067,249.79,250.00,62,1.00,0.21
639167,249.80,250.00,58,1.00,0.20
639267,249.80,250.00,58,1.00,0.20
639367,249.84,250.00,56,1.00,0.16
639467,249.83,250.00,60,1.00,0.17
639567,249.81,250.00,61,1.00,0.19
639667,249.78,250.00,62,1.00,0.22
639767,249.81,250.00,57,1.00,0.19
639867,249.81,250.00,58,1.00,0.19
639967,249.84,250.00,56,1.00,0.16
640067,249.86,250.00,57,1.00,0.14
640167,249.84,250.00,61,1.00,0.16
640267,249.82,250.00,61,1.00,0.18
640367,249.79,250.00,62,1.00,0.21
640467,249.78,250.00,61,1.00,0.22
640567,249.75,250.00,62,1.00,0.25
640667,249.78,250.00,57,1.00,0.22
640767,249.80,250.00,57,1.00,0.20
640867,249.78,250.00,61,1.00,0.22
640967,249.81,250.00,57,1.00,0.19
641067,249.80,250.00,59,1.00,0.20
641167,249.78,250.00,62,1.00,0.22
641267,249.77,250.00,59,1.00,0.23
641367,249.80,250.00,57,1.00,0.20
641467,249.83,250.00,56,1.00,0.17
641567,249.88,250.00,53,1.00,0.12
641667,249.87,250.00,60,1.00,0.13
641767,249.86,250.00,60,1.00,0.14
641867,249.86,250.00,59,1.00,0.14
641967,249.87,250.00,59,1.00,0.13
642067,249.89,250.00,56,1.00,0.11
642167,249.90,250.00,57,1.00,0.10
642267,249.87,250.00,63,1.00,0.13
642367,249.88,250.00,57,1.00,0.12
642467,249.88,250.00,59,1.00,0.12
642567,249.88,250.00,59,1.00,0.12
642667,249.87,250.00,60,1.00,0.13
642767,249.87,250.00,59,1.00,0.13
642867,249.88,250.00,57,1.00,0.12
642967,249.86,250.00,61,1.00,0.14
643067,249.84,250.00,61,1.00,0.16
643167,249.83,250.00,60,1.00,0.17
643267,249.80,250.00,62,1.00,0.20
643367,249.80,250.00,59,1.00,0.20
643467,249.81,250.00,58,1.00,0.19
643567,249.83,250.00,57,1.00,0.17
643667,249.84,250.00,57,1.00,0.16
643767,249.82,250.00,61,1.00,0.18
643867,249.81,250.00,61,1.00,0.19
643967,249.83,250.00,57,1.00,0.17
644067,249.82,250.00,60,1.00,0.18
644167,249.84,250.00,57,1.00,0.16
644267,249.84,250.00,58,1.00,0.16
644367,249.81,250.00,62,1.00,0.19
644467,249.78,250.00,62,1.00,0.22
644567,249.76,250.00,62,1.00,0.24
644667,249.76,250.00,59,1.00,0.24
644767,249.76,250.00,59,1.00,0.24
644867,249.77,250.00,58,1.00,0.23
644967,249.78,250.00,58,1.00,0.22
645067,249.79,250.00,58,1.00,0.21
645167,249.80,250.00,58,1.00,0.20
645267,249.87,250.00,52,1.00,0.13
645367,249.86,250.00,60,1.00,0.14
645467,249.92,250.00,52,1.00,0.08
645567,249.93,250.00,58,1.00,0.07
645667,249.91,250.00,60,1.00,0.09
645767,249.94,250.00,56,1.00,0.06
645867,249.91,250.00,62,1.00,0.09
645967,249.89,250.00,60,1.00,0.11
646067,249.92,250.00,56,1.00,0.08
646167,249.89,250.00,61,1.00,0.11
646267,249.91,250.00,56,1.00,0.09
646367,249.92,250.00,58,1.00,0.08
646467,249.89,250.00,61,1.00,0.11
646567,249.92,250.00,56,1.00,0.08
646667,249.93,250.00,58,1.00,0.07
646767,249.93,250.00,58,1.00,0.07
646867,249.93,250.00,59,1.00,0.07
646967,249.94,250.00,58,1.00,0.06
647067,249.96,250.00,57,1.00,0.04
647167,249.94,250.00,60,1.00,0.06
647267,249.92,250.00,60,1.00,0.08
647367,249.92,250.00,59,1.00,0.08
647467,249.90,250.00,60,1.00,0.10
647567,249.89,250.00,60,1.00,0.11
647667,249.90,250.00,58,1.00,0.10
647767,249.89,250.00,60,1.00,0.11
647867,249.91,250.00,56,1.00,0.09
647967,249.88,250.00,61,1.00,0.12
648067,249.86,250.00,61,1.00,0.14
648167,249.86,250.00,59,1.00,0.14
648267,249.88,250.00,57,1.00,0.12
648367,249.91,250.00,55,1.00,0.09
648467,249.89,250.00,61,1.00,0.11
648567,249.86,250.00,61,1.00,0.14
648667,249.85,250.00,60,1.00,0.15
648767,249.83,250.00,61,1.00,0.17
648867,249.83,250.00,60,1.00,0.17
648967,249.81,250.00,61,1.00,0.19
649067,249.83,250.00,57,1.00,0.17
649167,249.85,250.00,57,1.00,0.15
649267,249.84,250.00,60,1.00,0.16
649367,249.83,250.00,60,1.00,0.17
649467,249.90,250.00,52,1.00,0.10
649567,249.88,250.00,60,1.00,0.12
649667,249.87,250.00,60,1.00,0.13
649767,249.87,250.00,59,1.00,0.13
649867,249.86,250.00,60,1.00,0.14
649967,249.89,250.00,56,1.00,0.11
650067,249.86,250.00,61,1.00,0.14
650167,249.89,250.00,56,1.00,0.11
650267,249.91,250.00,56,1.00,0.09
650367,249.89,250.00,61,1.00,0.11
650467,249.92,250.00,55,1.00,0.08
650567,249.89,250.00,62,1.00,0.11
650667,249.87,250.00,61,1.00,0.13
650767,249.85,250.00,61,1.00,0.15
650867,249.88,250.00,56,1.00,0.12
650967,249.86,250.00,60,1.00,0.14
651067,249.84,250.00,61,1.00,0.16
651167,249.85,250.00,59,1.00,0.15
651267,249.86,250.00,57,1.00,0.14
651367,249.87,250.00,59,1.00,0.13
651467,249.89,250.00,56,1.00,0.11
651567,249.94,250.00,54,1.00,0.06
651667,249.90,250.00,63,1.00,0.10
651767,249.90,250.00,59,1.00,0.10
651867,249.91,250.00,58,1.00,0.09
651967,249.89,250.00,60,1.00,0.11
652067,249.88,250.00,60,1.00,0.12
652167,249.87,250.00,60,1.00,0.13
652267,249.86,250.00,60,1.00,0.14
652367,249.86,250.00,59,1.00,0.14
652467,249.83,250.00,62,1.00,0.17
652567,249.82,250.00,60,1.00,0.18
652667,249.79,250.00,62,1.00,0.21
652767,249.78,250.00,61,1.00,0.22
652867,249.81,250.00,56,1.00,0.19
652967,249.80,250.00,61,1.00,0.20
653067,249.79,250.00,60,1.00,0.21
653167,249.80,250.00,58,1.00,0.20
653267,249.81,250.00,58,1.00,0.19
653367,249.83,250.00,57,1.00,0.17
653467,249.85,250.00,57,1.00,0.15
653567,249.89,250.00,55,1.00,0.11
653667,249.90,250.00,58,1.00,0.10
653767,249.90,250.00,59,1.00,0.10
654315,249.90,250.00,59,1.00,0.10
654863,249.90,250.00,59,1.00,0.10
655411,249.91,250.00,58,1.00,0.09
655959,249.93,250.00,57,1.00,0.07
656507,249.94,250.00,58,1.00,0.06
657055,249.95,250.00,57,1.00,0.05
657603,249.96,250.00,58,1.00,0.04
658151,249.90,250.00,64,1.00,0.10
658699,249.87,250.00,63,1.00,0.13
659247,249.81,250.00,65,1.00,0.19
659795,249.75,250.00,66,1.00,0.25
660343,249.67,250.00,68,1.00,0.33
660891,249.51,250.00,76,1.00,0.49
661439,249.36,250.00,76,1.00,0.64
661987,249.19,250.00,79,1.00,0.81
662535,248.98,250.00,84,1.00,1.02
663083,248.78,250.00,84,1.00,1.22
663631,248.54,250.00,88,1.00,1.46
664179,248.26,250.00,94,1.00,1.74
664727,247.99,250.00,94,1.00,2.01
665275,247.66,250.00,100,1.00,2.34
665823,247.31,250.00,100,1.00,2.69
666371,246.98,250.00,100,1.00,3.02
666919,246.60,250.00,100,1.00,3.40
667467,246.22,250.00,100,1.00,3.78
668015,245.79,250.00,100,1.00,4.21
668563,245.34,250.00,100,1.00,4.66
669111,244.87,250.00,100,1.00,5.13
