Time_ms,Temp_C,Setpoint_C,Heater_Duty,Speed_mm_s,Error_C
12871,193.35,250.00,100,3.00,56.65
12971,193.45,250.00,100,3.00,56.55
13071,193.45,250.00,100,3.00,56.55
13171,193.49,250.00,100,3.00,56.51
13271,193.57,250.00,100,3.00,56.43
13371,193.53,250.00,100,3.00,56.47
13471,193.54,250.00,100,3.00,56.46
13571,193.67,250.00,100,3.00,56.33
13671,193.59,250.00,100,3.00,56.41
13771,193.67,250.00,100,3.00,56.33
13871,193.66,250.00,100,3.00,56.34
13971,193.71,250.00,100,3.00,56.29
14071,193.79,250.00,100,3.00,56.21
14171,193.87,250.00,100,3.00,56.13
14271,193.90,250.00,100,3.00,56.10
14371,194.01,250.00,100,3.00,55.99
14471,194.12,250.00,100,3.00,55.88
14571,194.24,250.00,100,3.00,55.76
14671,194.44,250.00,100,3.00,55.56
14771,194.50,250.00,100,3.00,55.50
14871,194.63,250.00,100,3.00,55.37
14971,194.75,250.00,100,3.00,55.25
15071,194.78,250.00,100,3.00,55.22
15171,194.86,250.00,100,3.00,55.14
15271,194.88,250.00,100,3.00,55.12
15371,195.04,250.00,100,3.00,54.96
15471,195.05,250.00,100,3.00,54.95
15571,195.10,250.00,100,3.00,54.90
15671,195.29,250.00,100,3.00,54.71
15771,195.27,250.00,100,3.00,54.73
15871,195.37,250.00,100,3.00,54.63
15971,195.41,250.00,100,3.00,54.59
16071,195.48,250.00,100,3.00,54.52
16171,195.69,250.00,100,3.00,54.31
16271,195.90,250.00,100,3.00,54.10
16371,195.97,250.00,100,3.00,54.03
16471,196.00,250.00,100,3.00,54.00
16571,196.05,250.00,100,3.00,53.95
16671,196.18,250.00,100,3.00,53.82
16771,196.34,250.00,100,3.00,53.66
16871,196.47,250.00,100,3.00,53.53
16971,196.53,250.00,100,3.00,53.47
17071,196.71,250.00,100,3.00,53.29
17171,196.77,250.00,100,3.00,53.23
17271,196.98,250.00,100,3.00,53.02
17371,197.04,250.00,100,3.00,52.96
17471,197.22,250.00,100,3.00,52.78
17571,197.26,250.00,100,3.00,52.74
17671,197.37,250.00,100,3.00,52.63
17771,197.57,250.00,100,3.00,52.43
17871,197.62,250.00,100,3.00,52.38
17971,197.86,250.00,100,3.00,52.14
18071,197.96,250.00,100,3.00,52.04
18171,198.08,250.00,100,3.00,51.92
18271,198.24,250.00,100,3.00,51.76
18371,198.28,250.00,100,3.00,51.72
18471,198.48,250.00,100,3.00,51.52
18571,198.65,250.00,100,3.00,51.35
18671,198.76,250.00,100,3.00,51.24
18771,198.93,250.00,100,3.00,51.07
18871,199.23,250.00,100,3.00,50.77
18971,199.50,250.00,100,3.00,50.50
19071,199.58,250.00,100,3.00,50.42
19171,199.73,250.00,100,3.00,50.27
19271,199.84,250.00,100,3.00,50.16
19371,199.96,250.00,100,3.00,50.04
19471,200.13,250.00,100,3.00,49.87
19571,200.28,250.00,100,3.00,49.72
19671,200.36,250.00,100,3.00,49.64
19771,200.46,250.00,100,3.00,49.54
19871,200.70,250.00,100,3.00,49.30
19971,200.88,250.00,100,3.00,49.12
20071,201.10,250.00,100,3.00,48.90
20171,201.22,250.00,100,3.00,48.78
20271,201.35,250.00,100,3.00,48.65
20371,201.61,250.00,100,3.00,48.39
20471,201.91,250.00,100,3.00,48.09
20571,201.97,250.00,100,3.00,48.03
20671,202.03,250.00,100,3.00,47.97
20771,202.23,250.00,100,3.00,47.77
20871,202.44,250.00,100,3.00,47.56
20971,202.62,250.00,100,3.00,47.38
21071,202.76,250.00,100,3.00,47.24
21171,202.98,250.00,100,3.00,47.02
21271,203.21,250.00,100,3.00,46.79
21371,203.38,250.00,100,3.00,46.62
21471,203.50,250.00,100,3.00,46.50
21571,203.55,250.00,100,3.00,46.45
21671,203.72,250.00,100,3.00,46.28
21771,203.75,250.00,100,3.00,46.25
21871,203.93,250.00,100,3.00,46.07
21971,204.22,250.00,100,3.00,45.78
22071,204.48,250.00,100,3.00,45.52
22171,204.65,250.00,100,3.00,45.35
22271,204.91,250.00,100,3.00,45.09
22371,205.03,250.00,100,3.00,44.97
22471,205.15,250.00,100,3.00,44.85
22571,205.19,250.00,100,3.00,44.81
22671,205.32,250.00,100,3.00,44.68
22771,205.57,250.00,100,3.00,44.43
22871,205.80,250.00,100,3.00,44.20
22971,205.97,250.00,100,3.00,44.03
23071,206.19,250.00,100,3.00,43.81
23171,206.38,250.00,100,3.00,43.62
23271,206.63,250.00,100,3.00,43.37
23371,206.99,250.00,100,3.00,43.01
23471,207.17,250.00,100,3.00,42.83
23571,207.27,250.00,100,3.00,42.73
23671,207.33,250.00,100,3.00,42.67
23771,207.51,250.00,100,3.00,42.49
23871,207.64,250.00,100,3.00,42.36
23971,207.83,250.00,100,3.00,42.17
24071,208.00,250.00,100,3.00,42.00
24171,208.29,250.00,100,3.00,41.71
24271,208.49,250.00,100,3.00,41.51
24371,208.56,250.00,100,3.00,41.44
24471,208.69,250.00,100,3.00,41.31
24571,208.99,250.00,100,3.00,41.01
24671,209.00,250.00,100,3.00,41.00
24771,209.27,250.00,100,3.00,40.73
24871,209.51,250.00,100,3.00,40.49
24971,209.69,250.00,100,3.00,40.31
25071,209.88,250.00,100,3.00,40.12
25171,210.17,250.00,100,3.00,39.83
25271,210.43,250.00,100,3.00,39.57
25371,210.48,250.00,100,3.00,39.52
25471,210.75,250.00,100,3.00,39.25
25571,210.91,250.00,100,3.00,39.09
25671,211.03,250.00,100,3.00,38.97
25771,211.20,250.00,100,3.00,38.80
25871,211.39,250.00,100,3.00,38.61
25971,211.49,250.00,100,3.00,38.51
26071,211.66,250.00,100,3.00,38.34
26171,211.96,250.00,100,3.00,38.04
26271,211.97,250.00,100,3.00,38.03
26371,212.16,250.00,100,3.00,37.84
26471,212.30,250.00,100,3.00,37.70
26571,212.42,250.00,100,3.00,37.58
26671,212.61,250.00,100,3.00,37.39
26771,212.63,250.00,100,3.00,37.37
26871,212.75,250.00,100,3.00,37.25
26971,212.99,250.00,100,3.00,37.01
27071,213.28,250.00,100,3.00,36.72
27171,213.50,250.00,100,3.00,36.50
27271,213.74,250.00,100,3.00,36.26
27371,213.95,250.00,100,3.00,36.05
27471,213.99,250.00,100,3.00,36.01
27571,214.30,250.00,100,3.00,35.70
27671,214.50,250.00,100,3.00,35.50
27771,214.76,250.00,100,3.00,35.24
27871,214.91,250.00,100,3.00,35.09
27971,215.26,250.00,100,3.00,34.74
28071,215.40,250.00,100,3.00,34.60
28171,215.62,250.00,100,3.00,34.38
28271,215.85,250.00,100,3.00,34.15
28371,216.02,250.00,100,3.00,33.98
28471,216.21,250.00,100,3.00,33.79
28571,216.34,250.00,100,3.00,33.66
28671,216.51,250.00,100,3.00,33.49
28771,216.91,250.00,0,3.00,33.09
28871,217.56,250.00,0,3.00,32.44
28971,217.95,250.00,0,3.00,32.05
29071,218.31,250.00,2,3.00,31.69
29171,218.40,250.00,100,3.00,31.60
29271,218.66,250.00,100,3.00,31.34
29371,218.90,250.00,100,3.00,31.10
29471,219.11,250.00,100,3.00,30.89
29571,219.40,250.00,100,3.00,30.60
29671,219.61,250.00,100,3.00,30.39
29771,219.80,250.00,100,3.00,30.20
29871,220.01,250.00,100,3.00,29.99
29971,220.25,250.00,100,3.00,29.75
30071,220.57,250.00,42,3.00,29.43
30171,220.90,250.00,0,3.00,29.10
30271,221.24,250.00,0,3.00,28.76
30371,221.60,250.00,0,3.00,28.40
30471,222.03,250.00,0,3.00,27.97
30571,222.36,250.00,0,3.00,27.64
30671,222.46,250.00,100,3.00,27.54
30771,222.55,250.00,100,3.00,27.45
30871,222.83,250.00,61,3.00,27.17
30971,223.19,250.00,0,3.00,26.81
31071,223.51,250.00,0,3.00,26.49
31171,223.84,250.00,0,3.00,26.16
31271,224.15,250.00,0,3.00,25.85
31371,224.42,250.00,30,3.00,25.58
31471,224.52,250.00,100,3.00,25.48
31571,224.60,250.00,100,3.00,25.40
31671,224.78,250.00,100,3.00,25.22
31771,224.94,250.00,100,3.00,25.06
31871,225.08,250.00,100,3.00,24.92
31971,225.16,250.00,100,3.00,24.84
32071,225.18,250.00,100,3.00,24.82
32171,225.14,250.00,100,3.00,24.86
32271,225.22,250.00,100,3.00,24.78
32371,225.38,250.00,100,3.00,24.62
32471,225.69,250.00,0,3.00,24.31
32571,226.20,250.00,0,3.00,23.80
32671,226.59,250.00,0,3.00,23.41
32771,227.00,250.00,0,3.00,23.00
32871,227.21,250.00,100,3.00,22.79
32971,227.45,250.00,36,3.00,22.55
33071,227.60,250.00,100,3.00,22.40
33171,227.64,250.00,100,3.00,22.36
33271,227.72,250.00,100,3.00,22.28
33371,227.75,250.00,100,3.00,22.25
33471,227.99,250.00,16,3.00,22.01
33571,227.98,250.00,100,3.00,22.02
33671,228.43,250.00,0,3.00,21.57
33771,228.66,250.00,26,3.00,21.34
33871,228.81,250.00,100,3.00,21.19
33971,229.11,250.00,0,3.00,20.89
34071,229.76,250.00,0,3.00,20.24
34171,230.21,250.00,0,3.00,19.79
34271,230.68,250.00,0,3.00,19.32
34371,230.62,250.00,100,3.00,19.38
34471,230.69,250.00,100,3.00,19.31
34571,230.81,250.00,100,3.00,19.19
34671,230.69,250.00,100,3.00,19.31
34771,230.81,250.00,100,3.00,19.19
34871,230.80,250.00,100,3.00,19.20
34971,230.85,250.00,100,3.00,19.15
35071,231.19,250.00,0,3.00,18.81
35171,231.89,250.00,0,3.00,18.11
35271,232.25,250.00,0,3.00,17.75
35371,232.52,250.00,0,3.00,17.48
35471,232.88,250.00,0,3.00,17.12
35571,233.15,250.00,0,3.00,16.85
35671,233.39,250.00,0,3.00,16.61
35771,233.60,250.00,0,3.00,16.40
35871,233.67,250.00,100,3.00,16.33
35971,234.05,250.00,0,3.00,15.95
36071,234.39,250.00,0,3.00,15.61
36171,234.77,250.00,0,3.00,15.23
36271,234.91,250.00,71,3.00,15.09
36371,235.17,250.00,0,3.00,14.83
36471,235.02,250.00,100,3.00,14.98
36571,234.94,250.00,100,3.00,15.06
36671,235.20,250.00,0,3.00,14.80
36771,235.43,250.00,0,3.00,14.57
36871,235.77,250.00,0,3.00,14.23
36971,235.94,250.00,0,3.00,14.06
37071,236.37,250.00,0,3.00,13.63
37171,236.68,250.00,0,3.00,13.32
37271,236.83,250.00,0,3.00,13.17
37371,237.24,250.00,0,3.00,12.76
37471,237.47,250.00,0,3.00,12.53
37571,237.82,250.00,0,3.00,12.18
37671,237.99,250.00,0,3.00,12.01
37771,237.87,250.00,100,3.00,12.13
37871,237.77,250.00,100,3.00,12.23
37971,237.87,250.00,72,3.00,12.13
38071,238.11,250.00,0,3.00,11.89
38171,238.25,250.00,0,3.00,11.75
38271,238.59,250.00,0,3.00,11.41
38371,238.83,250.00,0,3.00,11.17
38471,238.76,250.00,100,3.00,11.24
38571,238.57,250.00,100,3.00,11.43
38671,238.53,250.00,100,3.00,11.47
38771,238.56,250.00,100,3.00,11.44
38871,238.72,250.00,0,3.00,11.28
38971,239.02,250.00,0,3.00,10.98
39071,239.00,250.00,100,3.00,11.00
39171,238.85,250.00,100,3.00,11.15
39271,239.06,250.00,0,3.00,10.94
39371,239.39,250.00,0,3.00,10.61
39471,239.69,250.00,0,3.00,10.31
39571,239.89,250.00,0,3.00,10.11
39671,240.21,250.00,0,3.00,9.79
39771,240.43,250.00,0,3.00,9.57
39871,240.94,250.00,0,3.00,9.06
39971,241.01,250.00,70,3.00,8.99
40071,240.93,250.00,100,3.00,9.07
40171,240.86,250.00,100,3.00,9.14
40271,241.01,250.00,0,3.00,8.99
40371,241.23,250.00,0,3.00,8.77
40471,241.50,250.00,0,3.00,8.50
40571,241.37,250.00,100,3.00,8.63
40671,241.40,250.00,100,3.00,8.60
40771,241.28,250.00,100,3.00,8.72
40871,241.39,250.00,0,3.00,8.61
40971,241.72,250.00,0,3.00,8.28
41071,241.86,250.00,0,3.00,8.14
41171,241.70,250.00,100,3.00,8.30
41271,241.48,250.00,100,3.00,8.52
41371,241.29,250.00,100,3.00,8.71
41471,240.91,250.00,100,3.00,9.09
41571,240.70,250.00,100,3.00,9.30
41671,240.58,250.00,100,3.00,9.42
41771,240.34,250.00,100,3.00,9.66
41871,240.33,250.00,100,3.00,9.67
41971,240.69,250.00,0,3.00,9.31
42071,240.86,250.00,0,3.00,9.14
42171,241.24,250.00,0,3.00,8.76
42271,241.51,250.00,0,3.00,8.49
42371,241.75,250.00,0,3.00,8.25
42471,242.20,250.00,0,3.00,7.80
42571,242.37,250.00,0,3.00,7.63
42671,242.15,250.00,100,3.00,7.85
42771,241.82,250.00,100,3.00,8.18
42871,241.59,250.00,100,3.00,8.41
42971,241.67,250.00,31,3.00,8.33
43071,241.82,250.00,0,3.00,8.18
43171,241.88,250.00,82,3.00,8.12
43271,241.93,250.00,95,3.00,8.07
43371,241.76,250.00,100,3.00,8.24
43471,241.54,250.00,100,3.00,8.46
43571,241.34,250.00,100,3.00,8.66
43671,241.09,250.00,100,3.00,8.91
43771,240.93,250.00,100,3.00,9.07
43871,240.65,250.00,100,3.00,9.35
43971,240.54,250.00,100,3.00,9.46
44071,240.80,250.00,0,3.00,9.20
44171,241.03,250.00,0,3.00,8.97
44271,241.32,250.00,0,3.00,8.68
44371,241.50,250.00,0,3.00,8.50
44471,241.59,250.00,11,3.00,8.41
44571,241.18,250.00,100,3.00,8.82
44671,240.81,250.00,100,3.00,9.19
44771,240.55,250.00,100,3.00,9.45
44871,240.24,250.00,100,3.00,9.76
44971,240.17,250.00,100,3.00,9.83
45071,240.11,250.00,100,3.00,9.89
45171,239.84,250.00,100,3.00,10.16
45271,239.88,250.00,100,3.00,10.12
45371,240.06,250.00,0,3.00,9.94
45471,240.37,250.00,0,3.00,9.63
45571,240.57,250.00,0,3.00,9.43
45671,241.06,250.00,0,3.00,8.94
45771,241.19,250.00,0,3.00,8.81
45871,240.96,250.00,100,3.00,9.04
45971,240.82,250.00,100,3.00,9.18
46071,240.76,250.00,100,3.00,9.24
46171,241.00,250.00,0,3.00,9.00
46271,241.21,250.00,0,3.00,8.79
46371,241.11,250.00,100,3.00,8.89
46471,241.09,250.00,100,3.00,8.91
46571,241.01,250.00,100,3.00,8.99
46671,241.00,250.00,100,3.00,9.00
46771,240.78,250.00,100,3.00,9.22
46871,240.80,250.00,100,3.00,9.20
46971,240.47,250.00,100,3.00,9.53
47071,240.37,250.00,100,3.00,9.63
47171,240.58,250.00,0,3.00,9.42
47271,240.69,250.00,0,3.00,9.31
47371,240.78,250.00,13,3.00,9.22
47471,240.59,250.00,100,3.00,9.41
47571,240.41,250.00,100,3.00,9.59
47671,240.32,250.00,100,3.00,9.68
47771,240.04,250.00,100,3.00,9.96
47871,239.85,250.00,100,3.00,10.15
47971,239.82,250.00,100,3.00,10.18
48071,239.59,250.00,100,3.00,10.41
48171,239.65,250.00,100,3.00,10.35
48271,240.00,250.00,0,3.00,10.00
48371,240.17,250.00,0,3.00,9.83
48471,240.62,250.00,0,3.00,9.38
48571,240.87,250.00,0,3.00,9.13
48671,240.95,250.00,55,3.00,9.05
48771,240.74,250.00,100,3.00,9.26
48871,240.41,250.00,100,3.00,9.59
48971,240.54,250.00,0,3.00,9.46
49071,240.37,250.00,100,3.00,9.63
49171,240.28,250.00,100,3.00,9.72
49271,240.35,250.00,100,3.00,9.65
49371,240.41,250.00,100,3.00,9.59
49471,240.32,250.00,100,3.00,9.68
49571,240.04,250.00,100,3.00,9.96
49671,239.92,250.00,100,3.00,10.08
49771,239.81,250.00,100,3.00,10.19
49871,239.71,250.00,100,3.00,10.29
49971,239.83,250.00,0,3.00,10.17
50071,239.80,250.00,100,3.00,10.20
50171,239.64,250.00,100,3.00,10.36
50271,239.70,250.00,100,3.00,10.30
50371,239.75,250.00,100,3.00,10.25
50471,239.59,250.00,100,3.00,10.41
50571,239.73,250.00,0,3.00,10.27
50671,239.71,250.00,100,3.00,10.29
50771,239.55,250.00,100,3.00,10.45
50871,239.76,250.00,0,3.00,10.24
50971,240.03,250.00,0,3.00,9.97
51071,239.98,250.00,100,3.00,10.02
51171,239.79,250.00,100,3.00,10.21
51271,239.77,250.00,100,3.00,10.23
51371,239.96,250.00,0,3.00,10.04
51471,240.35,250.00,0,3.00,9.65
51571,240.63,250.00,0,3.00,9.37
51671,240.81,250.00,0,3.00,9.19
51771,240.89,250.00,41,3.00,9.11
51871,240.76,250.00,100,3.00,9.24
51971,240.56,250.00,100,3.00,9.44
52071,240.39,250.00,100,3.00,9.61
52171,240.30,250.00,100,3.00,9.70
52271,240.23,250.00,100,3.00,9.77
52371,240.23,250.00,100,3.00,9.77
52471,240.16,250.00,100,3.00,9.84
52571,240.09,250.00,100,3.00,9.91
52671,239.83,250.00,100,3.00,10.17
52771,239.94,250.00,4,3.00,10.06
52871,240.12,250.00,0,3.00,9.88
52971,240.42,250.00,0,3.00,9.58
53071,240.47,250.00,100,3.00,9.53
53171,240.38,250.00,100,3.00,9.62
53271,240.09,250.00,100,3.00,9.91
53371,240.03,250.00,100,3.00,9.97
53471,240.19,250.00,0,3.00,9.81
53571,240.41,250.00,0,3.00,9.59
53671,240.54,250.00,0,3.00,9.46
53771,240.80,250.00,0,3.00,9.20
53871,241.03,250.00,0,3.00,8.97
53971,241.10,250.00,92,3.00,8.90
54071,241.15,250.00,100,3.00,8.85
54171,240.92,250.00,100,3.00,9.08
54271,240.78,250.00,100,3.00,9.22
54371,240.45,250.00,100,3.00,9.55
54471,240.36,250.00,100,3.00,9.64
54571,240.64,250.00,0,3.00,9.36
54671,240.81,250.00,0,3.00,9.19
54771,240.76,250.00,100,3.00,9.24
54871,240.77,250.00,100,3.00,9.23
54971,240.65,250.00,100,3.00,9.35
55071,240.54,250.00,100,3.00,9.46
55171,240.23,250.00,100,3.00,9.77
55271,240.30,250.00,94,3.00,9.70
55371,240.51,250.00,0,3.00,9.49
55471,240.70,250.00,0,3.00,9.30
55571,240.65,250.00,100,3.00,9.35
55671,240.27,250.00,100,3.00,9.73
55771,240.27,250.00,100,3.00,9.73
55871,240.19,250.00,100,3.00,9.81
55971,240.20,250.00,100,3.00,9.80
56071,240.20,250.00,100,3.00,9.80
56171,240.27,250.00,87,3.00,9.73
56271,240.27,250.00,100,3.00,9.73
56371,240.34,250.00,100,3.00,9.66
56471,240.47,250.00,0,3.00,9.53
56571,240.74,250.00,0,3.00,9.26
56671,240.68,250.00,100,3.00,9.32
56771,240.64,250.00,100,3.00,9.36
56871,240.46,250.00,100,3.00,9.54
56971,240.88,250.00,0,3.00,9.12
57071,241.03,250.00,0,3.00,8.97
57171,241.48,250.00,0,3.00,8.52
57271,241.72,250.00,0,3.00,8.28
57371,242.17,250.00,0,3.00,7.83
57471,242.12,250.00,100,3.00,7.88
57571,242.00,250.00,100,3.00,8.00
57671,242.19,250.00,0,3.00,7.81
57771,242.29,250.00,0,3.00,7.71
57871,242.61,250.00,0,3.00,7.39
57971,242.51,250.00,100,3.00,7.49
58071,242.28,250.00,100,3.00,7.72
58171,242.15,250.00,100,3.00,7.85
58271,241.82,250.00,100,3.00,8.18
58371,241.66,250.00,100,3.00,8.34
58471,241.66,250.00,100,3.00,8.34
58571,241.45,250.00,100,3.00,8.55
58671,241.47,250.00,100,3.00,8.53
58771,241.56,250.00,3,3.00,8.44
58871,241.72,250.00,0,3.00,8.28
58971,242.26,250.00,0,3.00,7.74
59071,242.58,250.00,0,3.00,7.42
59171,242.79,250.00,0,3.00,7.21
59271,243.05,250.00,0,3.00,6.95
59371,243.14,250.00,0,3.00,6.86
59471,243.07,250.00,100,3.00,6.93
59571,243.15,250.00,0,3.00,6.85
59671,243.15,250.00,100,3.00,6.85
59771,243.30,250.00,0,3.00,6.70
59871,243.36,250.00,34,3.00,6.64
59971,243.34,250.00,100,3.00,6.66
60071,243.03,250.00,100,3.00,6.97
60171,242.82,250.00,100,3.00,7.18
60271,242.78,250.00,100,3.00,7.22
60371,242.45,250.00,100,3.00,7.55
60471,242.30,250.00,100,3.00,7.70
60571,242.31,250.00,100,3.00,7.69
60671,242.10,250.00,100,3.00,7.90
60771,242.13,250.00,100,3.00,7.87
60871,242.39,250.00,0,3.00,7.61
60971,242.69,250.00,0,3.00,7.31
61071,243.13,250.00,0,3.00,6.87
61171,243.37,250.00,0,3.00,6.63
61271,243.42,250.00,49,3.00,6.58
61371,243.32,250.00,100,3.00,6.68
61471,243.01,250.00,100,3.00,6.99
61571,242.95,250.00,100,3.00,7.05
61671,242.75,250.00,100,3.00,7.25
61771,242.71,250.00,100,3.00,7.29
61871,242.99,250.00,0,3.00,7.01
61971,243.40,250.00,0,3.00,6.60
62071,243.76,250.00,0,3.00,6.24
62171,243.78,250.00,100,3.00,6.22
62271,243.57,250.00,100,3.00,6.43
62371,243.45,250.00,100,3.00,6.55
62471,243.35,250.00,100,3.00,6.65
62571,243.18,250.00,100,3.00,6.82
62671,243.17,250.00,100,3.00,6.83
62771,243.25,250.00,6,3.00,6.75
62871,243.31,250.00,22,3.00,6.69
62971,243.37,250.00,37,3.00,6.63
63071,243.27,250.00,100,3.00,6.73
63171,243.49,250.00,0,3.00,6.51
63271,243.69,250.00,0,3.00,6.31
63371,243.95,250.00,0,3.00,6.05
63471,244.10,250.00,0,3.00,5.90
63571,244.24,250.00,0,3.00,5.76
63671,244.60,250.00,0,3.00,5.40
63771,244.46,250.00,100,3.00,5.54
63871,244.33,250.00,100,3.00,5.67
63971,244.44,250.00,0,3.00,5.56
64071,244.79,250.00,0,3.00,5.21
64171,245.02,250.00,0,3.00,4.98
64271,244.98,250.00,100,3.00,5.02
64371,244.65,250.00,100,3.00,5.35
64471,244.50,250.00,100,3.00,5.50
64571,244.14,250.00,100,3.00,5.86
64671,243.97,250.00,100,3.00,6.03
64771,243.96,250.00,100,3.00,6.04
64871,244.11,250.00,0,3.00,5.89
64971,244.49,250.00,0,3.00,5.51
65071,244.49,250.00,100,3.00,5.51
65171,244.43,250.00,100,3.00,5.57
65271,244.31,250.00,100,3.00,5.69
65371,244.67,250.00,0,3.00,5.33
65471,244.99,250.00,0,3.00,5.01
65571,245.28,250.00,0,3.00,4.72
65671,245.46,250.00,0,3.00,4.54
65771,245.88,250.00,0,3.00,4.12
65871,245.60,250.00,100,3.00,4.40
65971,245.36,250.00,100,3.00,4.64
66071,245.45,250.00,0,3.00,4.55
66171,245.61,250.00,0,3.00,4.39
66271,245.84,250.00,0,3.00,4.16
66371,245.72,250.00,100,3.00,4.28
66471,245.54,250.00,100,3.00,4.46
66571,245.70,250.00,0,3.00,4.30
66671,245.83,250.00,0,3.00,4.17
66771,246.13,250.00,0,3.00,3.87
66871,245.98,250.00,100,3.00,4.02
66971,245.93,250.00,100,3.00,4.07
67071,245.88,250.00,100,3.00,4.12
67171,246.17,250.00,0,3.00,3.83
67271,246.18,250.00,85,3.00,3.82
67371,246.11,250.00,100,3.00,3.89
67471,246.12,250.00,72,3.00,3.88
67571,245.83,250.00,100,3.00,4.17
67671,245.71,250.00,100,3.00,4.29
67771,245.38,250.00,100,3.00,4.62
67871,245.08,250.00,100,3.00,4.92
67971,244.89,250.00,100,3.00,5.11
68071,244.79,250.00,100,3.00,5.21
68171,245.10,250.00,0,3.00,4.90
68271,245.38,250.00,0,3.00,4.62
68371,245.63,250.00,0,3.00,4.37
68471,245.95,250.00,0,3.00,4.05
68571,245.98,250.00,33,3.00,4.02
68671,245.85,250.00,100,3.00,4.15
68771,245.43,250.00,100,3.00,4.57
68871,245.28,250.00,100,3.00,4.72
68971,245.38,250.00,0,3.00,4.62
69071,245.71,250.00,0,3.00,4.29
69171,245.93,250.00,0,3.00,4.07
69271,245.81,250.00,100,3.00,4.19
69371,245.69,250.00,100,3.00,4.31
69471,245.75,250.00,0,3.00,4.25
69571,246.05,250.00,0,3.00,3.95
69671,246.24,250.00,0,3.00,3.76
69771,246.40,250.00,0,3.00,3.60
69871,246.47,250.00,0,3.00,3.53
69971,246.37,250.00,100,3.00,3.63
70071,246.05,250.00,100,3.00,3.95
70171,245.91,250.00,100,3.00,4.09
70271,245.95,250.00,25,3.00,4.05
70371,245.74,250.00,100,3.00,4.26
70471,245.71,250.00,100,3.00,4.29
70571,245.53,250.00,100,3.00,4.47
70671,245.37,250.00,100,3.00,4.63
70771,245.22,250.00,100,3.00,4.78
70871,244.87,250.00,100,3.00,5.13
70971,244.70,250.00,100,3.00,5.30
71071,244.62,250.00,100,3.00,5.38
71171,244.47,250.00,100,3.00,5.53
71271,244.57,250.00,0,3.00,5.43
71371,244.74,250.00,0,3.00,5.26
71471,244.97,250.00,0,3.00,5.03
71571,245.52,250.00,0,3.00,4.48
71671,245.76,250.00,0,3.00,4.24
71771,245.98,250.00,0,3.00,4.02
71871,246.17,250.00,0,3.00,3.83
71971,246.43,250.00,0,3.00,3.57
72071,246.41,250.00,100,3.00,3.59
72171,246.09,250.00,100,3.00,3.91
72271,245.79,250.00,100,3.00,4.21
72371,245.84,250.00,0,3.00,4.16
72471,245.96,250.00,0,3.00,4.04
72571,246.24,250.00,0,3.00,3.76
72671,246.09,250.00,100,3.00,3.91
72771,245.94,250.00,100,3.00,4.06
72871,245.82,250.00,100,3.00,4.18
72971,245.40,250.00,100,3.00,4.60
73071,245.25,250.00,100,3.00,4.75
73171,245.20,250.00,100,3.00,4.80
73271,245.14,250.00,100,3.00,4.86
73371,245.26,250.00,0,3.00,4.74
73471,245.20,250.00,100,3.00,4.80
73571,245.30,250.00,0,3.00,4.70
73671,245.30,250.00,100,3.00,4.70
73771,245.48,250.00,0,3.00,4.52
73871,245.72,250.00,0,3.00,4.28
73971,245.72,250.00,100,3.00,4.28
74071,245.70,250.00,100,3.00,4.30
74171,245.60,250.00,100,3.00,4.40
74271,245.43,250.00,100,3.00,4.57
74371,245.43,250.00,100,3.00,4.57
74471,245.60,250.00,0,3.00,4.40
74571,246.09,250.00,0,3.00,3.91
74671,246.35,250.00,0,3.00,3.65
74771,246.42,250.00,0,3.00,3.58
74871,246.49,250.00,0,3.00,3.51
74971,246.55,250.00,0,3.00,3.45
75071,246.60,250.00,0,3.00,3.40
75171,246.90,250.00,0,3.00,3.10
75271,246.76,250.00,100,3.00,3.24
75371,246.71,250.00,100,3.00,3.29
75471,246.67,250.00,100,3.00,3.33
75571,246.87,250.00,0,3.00,3.13
75671,247.06,250.00,0,3.00,2.94
75771,246.90,250.00,100,3.00,3.10
75871,246.84,250.00,100,3.00,3.16
75971,246.54,250.00,100,3.00,3.46
76071,246.36,250.00,100,3.00,3.64
76171,246.04,250.00,100,3.00,3.96
76271,245.98,250.00,100,3.00,4.02
76371,245.70,250.00,100,3.00,4.30
76471,245.59,250.00,100,3.00,4.41
76571,245.83,250.00,0,3.00,4.17
76671,246.03,250.00,0,3.00,3.97
76771,246.48,250.00,0,3.00,3.52
76871,246.88,250.00,0,3.00,3.12
76971,246.90,250.00,40,3.00,3.10
77071,246.76,250.00,100,3.00,3.24
77171,246.25,250.00,100,3.00,3.75
77271,246.01,250.00,100,3.00,3.99
77371,245.96,250.00,100,3.00,4.04
77471,245.99,250.00,35,3.00,4.01
77571,245.86,250.00,100,3.00,4.14
77671,245.90,250.00,13,3.00,4.10
77771,246.10,250.00,0,3.00,3.90
77871,246.10,250.00,100,3.00,3.90
77971,246.45,250.00,0,3.00,3.55
78071,246.85,250.00,0,3.00,3.15
78171,246.85,250.00,91,3.00,3.15
78271,246.88,250.00,35,3.00,3.12
78371,246.82,250.00,100,3.00,3.18
78471,246.52,250.00,100,3.00,3.48
78571,246.34,250.00,100,3.00,3.66
78671,246.33,250.00,100,3.00,3.67
78771,246.49,250.00,0,3.00,3.51
78871,246.80,250.00,0,3.00,3.20
78971,246.83,250.00,29,3.00,3.17
79071,246.54,250.00,100,3.00,3.46
79171,246.67,250.00,0,3.00,3.33
79271,246.71,250.00,2,3.00,3.29
79371,246.92,250.00,0,3.00,3.08
79471,246.77,250.00,100,3.00,3.23
79571,246.72,250.00,100,3.00,3.28
79671,246.76,250.00,16,3.00,3.24
79771,246.55,250.00,100,3.00,3.45
79871,246.69,250.00,0,3.00,3.31
79971,246.64,250.00,100,3.00,3.36
80071,246.85,250.00,0,3.00,3.15
80171,247.04,250.00,0,3.00,2.96
80271,247.04,250.00,100,3.00,2.96
80371,246.65,250.00,100,3.00,3.35
80471,246.23,250.00,100,3.00,3.77
80571,245.92,250.00,100,3.00,4.08
80671,245.80,250.00,100,3.00,4.20
80771,246.01,250.00,0,3.00,3.99
80871,246.28,250.00,0,3.00,3.72
80971,246.61,250.00,0,3.00,3.39
81071,247.00,250.00,0,3.00,3.00
81171,247.26,250.00,0,3.00,2.74
81271,247.41,250.00,0,3.00,2.59
81371,247.63,250.00,0,3.00,2.37
81471,247.74,250.00,0,3.00,2.26
81571,247.68,250.00,100,3.00,2.32
81671,247.22,250.00,100,3.00,2.78
81771,247.05,250.00,100,3.00,2.95
81871,247.22,250.00,0,3.00,2.78
81971,247.29,250.00,0,3.00,2.71
82071,247.11,250.00,100,3.00,2.89
82171,246.86,250.00,100,3.00,3.14
82271,246.57,250.00,100,3.00,3.43
82371,246.38,250.00,100,3.00,3.62
82471,246.13,250.00,100,3.00,3.87
82571,245.76,250.00,100,3.00,4.24
82671,245.50,250.00,100,3.00,4.50
82771,245.41,250.00,100,3.00,4.59
82871,245.58,250.00,0,3.00,4.42
82971,245.81,250.00,0,3.00,4.19
83071,246.02,250.00,0,3.00,3.98
83171,246.05,250.00,51,3.00,3.95
83271,245.99,250.00,100,3.00,4.01
83371,246.02,250.00,43,3.00,3.98
83471,246.38,250.00,0,3.00,3.62
83571,246.61,250.00,0,3.00,3.39
83671,246.91,250.00,0,3.00,3.09
83771,247.18,250.00,0,3.00,2.82
83871,247.34,250.00,0,3.00,2.66
83971,247.07,250.00,100,3.00,2.93
84071,246.91,250.00,100,3.00,3.09
84171,246.61,250.00,100,3.00,3.39
84271,246.91,250.00,0,3.00,3.09
84371,247.10,250.00,0,3.00,2.90
84471,247.44,250.00,0,3.00,2.56
84571,247.74,250.00,0,3.00,2.26
84671,247.67,250.00,100,3.00,2.33
84771,247.22,250.00,100,3.00,2.78
84871,247.05,250.00,100,3.00,2.95
84971,247.13,250.00,0,3.00,2.87
85071,247.38,250.00,0,3.00,2.62
85171,247.69,250.00,0,3.00,2.31
85271,247.63,250.00,100,3.00,2.37
85371,247.33,250.00,100,3.00,2.67
85471,247.39,250.00,0,3.00,2.61
85571,247.61,250.00,0,3.00,2.39
85671,247.64,250.00,7,3.00,2.36
85771,247.43,250.00,100,3.00,2.57
85871,247.31,250.00,100,3.00,2.69
85971,247.37,250.00,0,3.00,2.63
86071,247.10,250.00,100,3.00,2.90
86171,247.02,250.00,100,3.00,2.98
86271,247.02,250.00,86,3.00,2.98
86371,247.20,250.00,0,3.00,2.80
86471,247.27,250.00,0,3.00,2.73
86571,247.59,250.00,0,3.00,2.41
86671,247.62,250.00,7,3.00,2.38
86771,247.48,250.00,100,3.00,2.52
86871,247.44,250.00,100,3.00,2.56
86971,247.25,250.00,100,3.00,2.75
87071,247.07,250.00,100,3.00,2.93
87171,246.53,250.00,100,3.00,3.47
87271,246.42,250.00,100,3.00,3.58
87371,246.09,250.00,100,3.00,3.91
87471,245.88,250.00,100,3.00,4.12
87571,245.68,250.00,100,3.00,4.32
87671,245.58,250.00,100,3.00,4.42
87771,245.41,250.00,100,3.00,4.59
87871,245.34,250.00,100,3.00,4.66
87971,245.19,250.00,100,3.00,4.81
88071,245.30,250.00,0,3.00,4.70
88171,245.24,250.00,100,3.00,4.76
88271,245.18,250.00,100,3.00,4.82
88371,245.29,250.00,0,3.00,4.71
88471,245.64,250.00,0,3.00,4.36
88571,246.12,250.00,0,3.00,3.88
88671,246.47,250.00,0,3.00,3.53
88771,246.70,250.00,0,3.00,3.30
88871,246.58,250.00,100,3.00,3.42
88971,246.23,250.00,100,3.00,3.77
89071,246.00,250.00,100,3.00,4.00
89171,246.11,250.00,0,3.00,3.89
89271,246.55,250.00,0,3.00,3.45
89371,246.77,250.00,0,3.00,3.23
89471,246.72,250.00,100,3.00,3.28
89571,246.36,250.00,100,3.00,3.64
89671,246.35,250.00,100,3.00,3.65
89771,245.88,250.00,100,3.00,4.12
89871,245.61,250.00,100,3.00,4.39
89971,245.51,250.00,100,3.00,4.49
90071,245.51,250.00,100,3.00,4.49
90171,245.51,250.00,100,3.00,4.49
90271,245.42,250.00,100,3.00,4.58
90371,245.27,250.00,100,3.00,4.73
90471,244.98,250.00,100,3.00,5.02
90571,244.95,250.00,100,3.00,5.05
90671,244.93,250.00,100,3.00,5.07
90771,244.75,250.00,100,3.00,5.25
90871,244.44,250.00,100,3.00,5.56
90971,244.54,250.00,0,3.00,5.46
91071,244.40,250.00,100,3.00,5.60
91171,244.35,250.00,100,3.00,5.65
91271,244.46,250.00,0,3.00,5.54
91371,244.64,250.00,0,3.00,5.36
91471,244.97,250.00,0,3.00,5.03
91571,244.94,250.00,100,3.00,5.06
91671,244.61,250.00,100,3.00,5.39
91771,244.78,250.00,0,3.00,5.22
91871,245.35,250.00,0,3.00,4.65
91971,245.61,250.00,0,3.00,4.39
92071,245.44,250.00,100,3.00,4.56
92171,245.36,250.00,100,3.00,4.64
92271,245.29,250.00,100,3.00,4.71
92371,245.39,250.00,0,3.00,4.61
92471,245.64,250.00,0,3.00,4.36
92571,246.04,250.00,0,3.00,3.96
92671,245.98,250.00,100,3.00,4.02
92771,245.85,250.00,100,3.00,4.15
92871,245.66,250.00,100,3.00,4.34
92971,245.56,250.00,100,3.00,4.44
93071,245.55,250.00,100,3.00,4.45
93171,245.31,250.00,100,3.00,4.69
93271,245.17,250.00,100,3.00,4.83
93371,245.36,250.00,0,3.00,4.64
93471,245.78,250.00,0,3.00,4.22
93571,246.00,250.00,0,3.00,4.00
93671,246.02,250.00,45,3.00,3.98
93771,245.74,250.00,100,3.00,4.26
93871,245.87,250.00,0,3.00,4.13
93971,245.87,250.00,100,3.00,4.13
94071,245.67,250.00,100,3.00,4.33
94171,245.57,250.00,100,3.00,4.43
94271,245.56,250.00,100,3.00,4.44
94371,245.63,250.00,0,3.00,4.37
94471,245.46,250.00,100,3.00,4.54
94571,245.31,250.00,100,3.00,4.69
94671,245.40,250.00,0,3.00,4.60
94771,245.49,250.00,0,3.00,4.51
94871,245.73,250.00,0,3.00,4.27
94971,245.73,250.00,100,3.00,4.27
95071,245.55,250.00,100,3.00,4.45
95171,245.38,250.00,100,3.00,4.62
95271,245.08,250.00,100,3.00,4.92
95371,245.04,250.00,100,3.00,4.96
95471,245.25,250.00,0,3.00,4.75
95571,245.68,250.00,0,3.00,4.32
95671,245.91,250.00,0,3.00,4.09
95771,246.19,250.00,0,3.00,3.81
95871,246.53,250.00,0,3.00,3.47
95971,246.67,250.00,0,3.00,3.33
96071,246.63,250.00,100,3.00,3.37
96171,246.36,250.00,100,3.00,3.64
96271,246.27,250.00,100,3.00,3.73
96371,246.27,250.00,100,3.00,3.73
96471,246.19,250.00,100,3.00,3.81
96571,246.44,250.00,0,3.00,3.56
96671,246.67,250.00,0,3.00,3.33
96771,246.47,250.00,100,3.00,3.53
96871,246.45,250.00,100,3.00,3.55
96971,246.12,250.00,100,3.00,3.88
97071,245.83,250.00,100,3.00,4.17
97171,245.48,250.00,100,3.00,4.52
97271,245.10,250.00,100,3.00,4.90
97371,244.83,250.00,100,3.00,5.17
97471,244.74,250.00,100,3.00,5.26
97571,244.97,250.00,0,3.00,5.03
97671,245.18,250.00,0,3.00,4.82
97771,245.46,250.00,0,3.00,4.54
97871,245.46,250.00,100,3.00,4.54
97971,245.30,250.00,100,3.00,4.70
98071,245.16,250.00,100,3.00,4.84
98171,244.81,250.00,100,3.00,5.19
98271,244.65,250.00,100,3.00,5.35
98371,244.65,250.00,100,3.00,5.35
98471,244.81,250.00,0,3.00,5.19
98571,245.12,250.00,0,3.00,4.88
98671,245.12,250.00,100,3.00,4.88
98771,245.15,250.00,49,3.00,4.85
98871,244.88,250.00,100,3.00,5.12
98971,245.27,250.00,0,3.00,4.73
99071,245.45,250.00,0,3.00,4.55
99171,245.45,250.00,100,3.00,4.55
99271,245.45,250.00,100,3.00,4.55
99371,245.14,250.00,100,3.00,4.86
99471,244.94,250.00,100,3.00,5.06
99571,244.92,250.00,100,3.00,5.08
99671,245.22,250.00,0,3.00,4.78
99771,245.49,250.00,0,3.00,4.51
99871,245.99,250.00,0,3.00,4.01
99971,246.35,250.00,0,3.00,3.65
100071,246.42,250.00,0,3.00,3.58
100171,246.65,250.00,0,3.00,3.35
100271,246.65,250.00,96,3.00,3.35
100371,246.95,250.00,0,3.00,3.05
100471,246.80,250.00,100,3.00,3.20
100571,246.44,250.00,100,3.00,3.56
100671,246.50,250.00,0,3.00,3.50
100771,246.32,250.00,100,3.00,3.68
100871,246.23,250.00,100,3.00,3.77
100971,245.92,250.00,100,3.00,4.08
101071,246.29,250.00,0,3.00,3.71
101171,246.54,250.00,0,3.00,3.46
101271,246.85,250.00,0,3.00,3.15
101371,247.21,250.00,0,3.00,2.79
101471,247.12,250.00,100,3.00,2.88
101571,247.19,250.00,0,3.00,2.81
101671,247.35,250.00,0,3.00,2.65
101771,247.32,250.00,100,3.00,2.68
101871,247.38,250.00,0,3.00,2.62
101971,247.60,250.00,0,3.00,2.40
102071,247.89,250.00,0,3.00,2.11
102171,247.89,250.00,62,3.00,2.11
102271,247.73,250.00,100,3.00,2.27
102371,247.27,250.00,100,3.00,2.73
102471,247.09,250.00,100,3.00,2.91
102571,247.09,250.00,94,3.00,2.91
102671,246.70,250.00,100,3.00,3.30
102771,246.90,250.00,0,3.00,3.10
102871,246.76,250.00,100,3.00,3.24
102971,246.71,250.00,100,3.00,3.29
103071,246.43,250.00,100,3.00,3.57
103171,246.49,250.00,0,3.00,3.51
103271,246.49,250.00,100,3.00,3.51
103371,246.47,250.00,100,3.00,3.53
103471,246.45,250.00,100,3.00,3.55
103571,246.43,250.00,100,3.00,3.57
103671,246.26,250.00,100,3.00,3.74
103771,246.26,250.00,100,3.00,3.74
103871,246.59,250.00,0,3.00,3.41
103971,246.89,250.00,0,3.00,3.11
104071,246.89,250.00,100,3.00,3.11
104171,247.08,250.00,0,3.00,2.92
104271,247.42,250.00,0,3.00,2.58
104371,247.55,250.00,0,3.00,2.45
104471,247.55,250.00,91,3.00,2.45
104571,247.34,250.00,100,3.00,2.66
104671,247.24,250.00,100,3.00,2.76
104771,246.98,250.00,100,3.00,3.02
104871,247.07,250.00,0,3.00,2.93
104971,247.33,250.00,0,3.00,2.67
105071,247.64,250.00,0,3.00,2.36
105171,247.64,250.00,93,3.00,2.36
105271,247.51,250.00,100,3.00,2.49
105371,247.55,250.00,0,3.00,2.45
105471,247.75,250.00,0,3.00,2.25
105571,247.94,250.00,0,3.00,2.06
105671,247.85,250.00,100,3.00,2.15
105771,247.94,250.00,0,3.00,2.06
105871,248.11,250.00,0,3.00,1.89
105971,248.09,250.00,100,3.00,1.91
106071,247.67,250.00,100,3.00,2.33
106171,247.86,250.00,0,3.00,2.14
106271,247.86,250.00,92,3.00,2.14
106371,247.79,250.00,100,3.00,2.21
106471,247.97,250.00,0,3.00,2.03
106571,247.97,250.00,90,3.00,2.03
106671,247.80,250.00,100,3.00,2.20
106771,247.73,250.00,100,3.00,2.27
106871,247.83,250.00,0,3.00,2.17
106971,247.83,250.00,96,3.00,2.17
107071,247.44,250.00,100,3.00,2.56
107171,247.48,250.00,0,3.00,2.52
107271,247.48,250.00,100,3.00,2.52
107371,247.44,250.00,100,3.00,2.56
107471,247.33,250.00,100,3.00,2.67
107571,247.30,250.00,100,3.00,2.70
107671,247.28,250.00,100,3.00,2.72
107771,247.02,250.00,100,3.00,2.98
107871,246.86,250.00,100,3.00,3.14
107971,246.88,250.00,75,3.00,3.12
108071,246.82,250.00,100,3.00,3.18
108171,246.53,250.00,100,3.00,3.47
108271,246.67,250.00,0,3.00,3.33
108371,246.79,250.00,0,3.00,3.21
108471,246.79,250.00,100,3.00,3.21
108571,247.16,250.00,0,3.00,2.84
108671,247.16,250.00,100,3.00,2.84
108771,247.07,250.00,100,3.00,2.93
108871,247.16,250.00,0,3.00,2.84
108971,247.16,250.00,100,3.00,2.84
109071,247.40,250.00,0,3.00,2.60
109171,247.71,250.00,0,3.00,2.29
109271,247.90,250.00,0,3.00,2.10
109371,247.90,250.00,100,3.00,2.10
109471,247.82,250.00,100,3.00,2.18
109571,248.00,250.00,0,3.00,2.00
109671,248.00,250.00,100,3.00,2.00
109771,247.74,250.00,100,3.00,2.26
109871,247.93,250.00,0,3.00,2.07
109971,248.01,250.00,0,3.00,1.99
110071,248.26,250.00,0,3.00,1.74
110171,248.22,250.00,100,3.00,1.78
110271,248.45,250.00,0,3.00,1.55
110371,248.45,250.00,98,3.00,1.55
110471,248.23,250.00,100,3.00,1.77
110571,248.04,250.00,100,3.00,1.96
110671,247.94,250.00,100,3.00,2.06
110771,247.94,250.00,100,3.00,2.06
110871,247.77,250.00,100,3.00,2.23
110971,247.95,250.00,0,3.00,2.05
111071,247.95,250.00,100,3.00,2.05
111171,248.21,250.00,0,3.00,1.79
111271,248.21,250.00,100,3.00,1.79
111371,248.21,250.00,100,3.00,1.79
111471,248.43,250.00,0,3.00,1.57
111571,248.43,250.00,100,3.00,1.57
111671,248.43,250.00,100,3.00,1.57
111771,248.43,250.00,100,3.00,1.57
111871,248.22,250.00,100,3.00,1.78
111971,248.02,250.00,100,3.00,1.98
112071,247.85,250.00,100,3.00,2.15
112171,247.94,250.00,0,3.00,2.06
112271,247.94,250.00,100,3.00,2.06
112371,248.10,250.00,0,3.00,1.90
112471,248.10,250.00,100,3.00,1.90
112571,248.00,250.00,100,3.00,2.00
112671,247.99,250.00,100,3.00,2.01
112771,247.99,250.00,100,3.00,2.01
112871,248.07,250.00,0,3.00,1.93
112971,248.07,250.00,100,3.00,1.93
113071,248.14,250.00,0,3.00,1.86
113171,248.14,250.00,100,3.00,1.86
113271,248.20,250.00,0,3.00,1.80
113371,248.25,250.00,0,3.00,1.75
113471,248.25,250.00,100,3.00,1.75
113571,248.25,250.00,100,3.00,1.75
113671,248.25,250.00,100,3.00,1.75
113771,248.39,250.00,0,3.00,1.61
113871,248.39,250.00,100,3.00,1.61
113971,248.51,250.00,0,3.00,1.49
114071,248.62,250.00,0,3.00,1.38
114171,248.62,250.00,100,3.00,1.38
114271,248.72,250.00,0,3.00,1.28
114371,248.72,250.00,100,3.00,1.28
114471,248.72,250.00,100,3.00,1.28
114571,248.72,250.00,100,3.00,1.28
114671,248.64,250.00,100,3.00,1.36
114771,248.57,250.00,100,3.00,1.43
114871,248.57,250.00,100,3.00,1.43
114971,248.58,250.00,65,3.00,1.42
115071,248.58,250.00,100,3.00,1.42
115171,248.58,250.00,100,3.00,1.42
115271,248.77,250.00,0,3.00,1.23
115371,248.77,250.00,100,3.00,1.23
115471,248.95,250.00,0,3.00,1.05
115571,248.95,250.00,100,3.00,1.05
115671,248.95,250.00,100,3.00,1.05
115771,249.01,250.00,0,3.00,0.99
115871,249.01,250.00,100,3.00,0.99
115971,249.07,250.00,0,3.00,0.93
116071,249.07,250.00,100,3.00,0.93
116171,249.07,250.00,100,3.00,0.93
116271,249.07,250.00,100,3.00,0.93
116371,249.04,250.00,100,3.00,0.96
116471,249.04,250.00,100,3.00,0.96
116571,249.18,250.00,0,3.00,0.82
116671,249.18,250.00,99,3.00,0.82
116771,249.23,250.00,0,3.00,0.77
116871,249.23,250.00,98,3.00,0.77
116971,249.23,250.00,98,3.00,0.77
117071,249.23,250.00,98,3.00,0.77
117171,249.23,250.00,99,3.00,0.77
117271,249.27,250.00,2,3.00,0.73
117371,249.27,250.00,98,3.00,0.73
117471,249.30,250.00,11,3.00,0.70
117571,249.33,250.00,19,3.00,0.67
117671,249.33,250.00,96,3.00,0.67
117771,249.33,250.00,97,3.00,0.67
117871,249.33,250.00,97,3.00,0.67
117971,249.33,250.00,97,3.00,0.67
118071,249.45,250.00,0,3.00,0.55
118171,249.45,250.00,94,3.00,0.55
118271,249.45,250.00,94,3.00,0.55
118371,249.45,250.00,94,3.00,0.55
118471,249.38,250.00,100,3.00,0.62
118571,249.38,250.00,96,3.00,0.62
118671,249.49,250.00,0,3.00,0.51
118771,249.49,250.00,93,3.00,0.51
118871,249.49,250.00,94,3.00,0.51
118971,249.49,250.00,94,3.00,0.51
119071,249.49,250.00,94,3.00,0.51
119171,249.49,250.00,94,3.00,0.51
119271,249.49,250.00,94,3.00,0.51
119371,249.49,250.00,94,3.00,0.51
119471,249.49,250.00,94,3.00,0.51
119571,249.49,250.00,94,3.00,0.51
119671,249.41,250.00,100,3.00,0.59
119771,249.41,250.00,97,3.00,0.59
119871,249.52,250.00,0,3.00,0.48
119971,249.52,250.00,94,3.00,0.48
120071,249.52,250.00,94,3.00,0.48
120171,249.52,250.00,94,3.00,0.48
120271,249.52,250.00,94,3.00,0.48
120371,249.52,250.00,94,3.00,0.48
120471,249.52,250.00,94,3.00,0.48
120571,249.52,250.00,94,3.00,0.48
120671,249.52,250.00,95,3.00,0.48
120771,249.52,250.00,95,3.00,0.48
120871,249.52,250.00,95,3.00,0.48
120971,249.52,250.00,95,3.00,0.48
121071,249.52,250.00,95,3.00,0.48
121171,249.52,250.00,95,3.00,0.48
121271,249.52,250.00,95,3.00,0.48
121371,249.52,250.00,95,3.00,0.48
121471,249.52,250.00,95,3.00,0.48
121571,249.52,250.00,96,3.00,0.48
121671,249.52,250.00,96,3.00,0.48
121771,249.62,250.00,0,3.00,0.38
121871,249.62,250.00,93,3.00,0.38
121971,249.62,250.00,93,3.00,0.38
122071,249.62,250.00,93,3.00,0.38
122171,249.62,250.00,93,3.00,0.38
122271,249.62,250.00,93,3.00,0.38
122371,249.62,250.00,94,3.00,0.38
122471,249.62,250.00,94,3.00,0.38
122571,249.62,250.00,94,3.00,0.38
122671,249.62,250.00,94,3.00,0.38
122771,249.62,250.00,94,3.00,0.38
122871,249.62,250.00,94,3.00,0.38
122971,249.62,250.00,94,3.00,0.38
123071,249.62,250.00,94,3.00,0.38
123171,249.62,250.00,94,3.00,0.38
123271,249.62,250.00,94,3.00,0.38
123371,249.62,250.00,94,3.00,0.38
123471,249.62,250.00,94,3.00,0.38
123571,249.62,250.00,95,3.00,0.38
123671,249.62,250.00,95,3.00,0.38
123771,249.62,250.00,95,3.00,0.38
123871,249.62,250.00,95,3.00,0.38
123971,249.62,250.00,95,3.00,0.38
124071,249.62,250.00,95,3.00,0.38
124171,249.62,250.00,95,3.00,0.38
124271,249.62,250.00,95,3.00,0.38
124371,249.62,250.00,95,3.00,0.38
124471,249.62,250.00,95,3.00,0.38
124571,249.62,250.00,95,3.00,0.38
124671,249.62,250.00,95,3.00,0.38
124771,249.62,250.00,96,3.00,0.38
124871,249.62,250.00,96,3.00,0.38
124971,249.62,250.00,96,3.00,0.38
125071,249.62,250.00,96,3.00,0.38
125171,249.62,250.00,96,3.00,0.38
125271,249.62,250.00,96,3.00,0.38
125371,249.62,250.00,96,3.00,0.38
125471,249.62,250.00,96,3.00,0.38
125571,249.62,250.00,96,3.00,0.38
125671,249.62,250.00,96,3.00,0.38
125771,249.62,250.00,96,3.00,0.38
125871,249.62,250.00,96,3.00,0.38
125971,249.62,250.00,97,3.00,0.38
126071,249.62,250.00,97,3.00,0.38
126171,249.62,250.00,97,3.00,0.38
126271,249.62,250.00,97,3.00,0.38
126371,249.62,250.00,97,3.00,0.38
126471,249.62,250.00,97,3.00,0.38
126571,249.62,250.00,97,3.00,0.38
126671,249.62,250.00,97,3.00,0.38
126771,249.62,250.00,97,3.00,0.38
126871,249.62,250.00,97,3.00,0.38
126971,249.62,250.00,97,3.00,0.38
127071,249.62,250.00,97,3.00,0.38
127171,249.62,250.00,98,3.00,0.38
127271,249.62,250.00,98,3.00,0.38
127371,249.62,250.00,98,3.00,0.38
127471,249.62,250.00,98,3.00,0.38
127571,249.62,250.00,98,3.00,0.38
127671,249.62,250.00,98,3.00,0.38
127771,249.62,250.00,98,3.00,0.38
127871,249.62,250.00,98,3.00,0.38
127971,249.62,250.00,98,3.00,0.38
128071,249.62,250.00,98,3.00,0.38
128171,249.62,250.00,98,3.00,0.38
128271,249.62,250.00,98,3.00,0.38
128371,249.62,250.00,99,3.00,0.38
128471,249.62,250.00,99,3.00,0.38
128571,249.62,250.00,99,3.00,0.38
128671,249.62,250.00,99,3.00,0.38
128771,249.62,250.00,99,3.00,0.38
128871,249.62,250.00,99,3.00,0.38
128971,249.62,250.00,99,3.00,0.38
129071,249.62,250.00,99,3.00,0.38
129171,249.62,250.00,99,3.00,0.38
129271,249.62,250.00,99,3.00,0.38
129371,249.62,250.00,99,3.00,0.38
129471,249.62,250.00,99,3.00,0.38
129571,249.62,250.00,100,3.00,0.38
129671,249.62,250.00,100,3.00,0.38
129771,249.62,250.00,100,3.00,0.38
129871,249.62,250.00,100,3.00,0.38
129971,249.62,250.00,100,3.00,0.38
130071,249.62,250.00,100,3.00,0.38
130171,249.62,250.00,100,3.00,0.38
130271,249.62,250.00,100,3.00,0.38
130371,249.62,250.00,100,3.00,0.38
130471,249.62,250.00,100,3.00,0.38
130571,249.62,250.00,100,3.00,0.38
130671,249.62,250.00,100,3.00,0.38
130771,249.62,250.00,100,3.00,0.38
130871,249.62,250.00,100,3.00,0.38
130971,249.62,250.00,100,3.00,0.38
131071,249.62,250.00,100,3.00,0.38
131171,249.62,250.00,100,3.00,0.38
131271,249.62,250.00,100,3.00,0.38
131371,249.62,250.00,100,3.00,0.38
131471,249.62,250.00,100,3.00,0.38
131571,249.62,250.00,100,3.00,0.38
131671,249.62,250.00,100,3.00,0.38
131771,249.62,250.00,100,3.00,0.38
131871,249.62,250.00,100,3.00,0.38
131971,249.62,250.00,100,3.00,0.38
132071,249.62,250.00,100,3.00,0.38
132171,249.62,250.00,100,3.00,0.38
132271,249.62,250.00,100,3.00,0.38
132371,249.62,250.00,100,3.00,0.38
132471,249.62,250.00,100,3.00,0.38
132571,249.62,250.00,100,3.00,0.38
132671,249.62,250.00,100,3.00,0.38
132771,249.62,250.00,100,3.00,0.38
132871,249.62,250.00,100,3.00,0.38
132971,249.62,250.00,100,3.00,0.38
133071,249.62,250.00,100,3.00,0.38
133171,249.62,250.00,100,3.00,0.38
133271,249.62,250.00,100,3.00,0.38
133371,249.62,250.00,100,3.00,0.38
133471,249.62,250.00,100,3.00,0.38
133571,249.62,250.00,100,3.00,0.38
133671,249.62,250.00,100,3.00,0.38
133771,249.62,250.00,100,3.00,0.38
133871,249.62,250.00,100,3.00,0.38
133971,249.62,250.00,100,3.00,0.38
134071,249.62,250.00,100,3.00,0.38
134171,249.62,250.00,100,3.00,0.38
134271,249.62,250.00,100,3.00,0.38
134371,249.62,250.00,100,3.00,0.38
134471,249.62,250.00,100,3.00,0.38
134571,249.62,250.00,100,3.00,0.38
134671,249.62,250.00,100,3.00,0.38
134771,249.62,250.00,100,3.00,0.38
134871,249.62,250.00,100,3.00,0.38
134971,249.62,250.00,100,3.00,0.38
135071,249.62,250.00,100,3.00,0.38
135171,249.62,250.00,100,3.00,0.38
135271,249.62,250.00,100,3.00,0.38
135371,249.62,250.00,100,3.00,0.38
135471,249.62,250.00,100,3.00,0.38
135571,249.62,250.00,100,3.00,0.38
135671,249.62,250.00,100,3.00,0.38
135771,249.62,250.00,100,3.00,0.38
135871,249.62,250.00,100,3.00,0.38
135971,249.62,250.00,100,3.00,0.38
136071,249.62,250.00,100,3.00,0.38
136171,249.62,250.00,100,3.00,0.38
136271,249.62,250.00,100,3.00,0.38
136371,249.62,250.00,100,3.00,0.38
136471,249.62,250.00,100,3.00,0.38
136571,249.62,250.00,100,3.00,0.38
136671,249.62,250.00,100,3.00,0.38
136771,249.62,250.00,100,3.00,0.38
136871,249.62,250.00,100,3.00,0.38
136971,249.62,250.00,100,3.00,0.38
137071,249.62,250.00,100,3.00,0.38
137171,249.62,250.00,100,3.00,0.38
137271,249.62,250.00,100,3.00,0.38
137371,249.62,250.00,100,3.00,0.38
137471,249.62,250.00,100,3.00,0.38
137571,249.62,250.00,100,3.00,0.38
137671,249.62,250.00,100,3.00,0.38
137771,249.62,250.00,100,3.00,0.38
137871,249.62,250.00,100,3.00,0.38
137971,249.62,250.00,100,3.00,0.38
138071,249.62,250.00,100,3.00,0.38
138171,249.62,250.00,100,3.00,0.38
138271,249.62,250.00,100,3.00,0.38
138371,249.62,250.00,100,3.00,0.38
138471,249.62,250.00,100,3.00,0.38
138571,249.62,250.00,100,3.00,0.38
138671,249.62,250.00,100,3.00,0.38
138771,249.62,250.00,100,3.00,0.38
138871,249.62,250.00,100,3.00,0.38
138971,249.62,250.00,100,3.00,0.38
139071,249.62,250.00,100,3.00,0.38
139171,249.62,250.00,100,3.00,0.38
139271,249.62,250.00,100,3.00,0.38
139371,249.62,250.00,100,3.00,0.38
139471,249.62,250.00,100,3.00,0.38
139571,249.62,250.00,100,3.00,0.38
139671,249.62,250.00,100,3.00,0.38
139771,249.62,250.00,100,3.00,0.38
139871,249.62,250.00,100,3.00,0.38
139971,249.62,250.00,100,3.00,0.38
140071,249.62,250.00,100,3.00,0.38
140171,249.62,250.00,100,3.00,0.38
140271,249.62,250.00,100,3.00,0.38
140371,249.62,250.00,100,3.00,0.38
140471,249.62,250.00,100,3.00,0.38
140571,249.62,250.00,100,3.00,0.38
140671,249.62,250.00,100,3.00,0.38
140771,249.62,250.00,100,3.00,0.38
140871,249.62,250.00,100,3.00,0.38
140971,249.62,250.00,100,3.00,0.38
141071,249.62,250.00,100,3.00,0.38
141171,249.62,250.00,100,3.00,0.38
141271,249.62,250.00,100,3.00,0.38
141371,249.62,250.00,100,3.00,0.38
141471,249.62,250.00,100,3.00,0.38
141571,249.62,250.00,100,3.00,0.38
141671,249.62,250.00,100,3.00,0.38
141771,249.62,250.00,100,3.00,0.38
141871,249.62,250.00,100,3.00,0.38
141971,249.62,250.00,100,3.00,0.38
142071,249.62,250.00,100,3.00,0.38
142171,249.62,250.00,100,3.00,0.38
142271,249.62,250.00,100,3.00,0.38
142371,249.62,250.00,100,3.00,0.38
142471,249.62,250.00,100,3.00,0.38
142571,249.62,250.00,100,3.00,0.38
142671,249.62,250.00,100,3.00,0.38
142771,249.62,250.00,100,3.00,0.38
142871,249.62,250.00,100,3.00,0.38
142971,249.62,250.00,100,3.00,0.38
143071,249.62,250.00,100,3.00,0.38
143171,249.62,250.00,100,3.00,0.38
143271,249.62,250.00,100,3.00,0.38
143371,249.62,250.00,100,3.00,0.38
143471,249.62,250.00,100,3.00,0.38
143571,249.62,250.00,100,3.00,0.38
143671,249.62,250.00,100,3.00,0.38
143771,249.62,250.00,100,3.00,0.38
143871,249.62,250.00,100,3.00,0.38
143971,249.62,250.00,100,3.00,0.38
144071,249.62,250.00,100,3.00,0.38
144171,249.62,250.00,100,3.00,0.38
144271,249.62,250.00,100,3.00,0.38
144371,249.62,250.00,100,3.00,0.38
144471,249.62,250.00,100,3.00,0.38
144571,249.62,250.00,100,3.00,0.38
144671,249.62,250.00,100,3.00,0.38
144771,249.62,250.00,100,3.00,0.38
144871,249.62,250.00,100,3.00,0.38
144971,249.62,250.00,100,3.00,0.38
145071,249.62,250.00,100,3.00,0.38
145171,249.62,250.00,100,3.00,0.38
145271,249.62,250.00,100,3.00,0.38
145371,249.62,250.00,100,3.00,0.38
145471,249.62,250.00,100,3.00,0.38
145571,249.62,250.00,100,3.00,0.38
145671,249.62,250.00,100,3.00,0.38
145771,249.62,250.00,100,3.00,0.38
145871,249.62,250.00,100,3.00,0.38
145971,249.62,250.00,100,3.00,0.38
146071,249.62,250.00,100,3.00,0.38
146171,249.62,250.00,100,3.00,0.38
146271,249.62,250.00,100,3.00,0.38
146371,249.62,250.00,100,3.00,0.38
146471,249.62,250.00,100,3.00,0.38
146571,249.62,250.00,100,3.00,0.38
146671,249.62,250.00,100,3.00,0.38
146771,249.62,250.00,100,3.00,0.38
146871,249.62,250.00,100,3.00,0.38
146971,249.62,250.00,100,3.00,0.38
147071,249.62,250.00,100,3.00,0.38
147171,249.62,250.00,100,3.00,0.38
147271,249.62,250.00,100,3.00,0.38
147371,249.62,250.00,100,3.00,0.38
147471,249.62,250.00,100,3.00,0.38
147571,249.62,250.00,100,3.00,0.38
147671,249.62,250.00,100,3.00,0.38
147771,249.62,250.00,100,3.00,0.38
147871,249.62,250.00,100,3.00,0.38
147971,249.62,250.00,100,3.00,0.38
148071,249.62,250.00,100,3.00,0.38
148171,249.62,250.00,100,3.00,0.38
148271,249.62,250.00,100,3.00,0.38
148371,249.62,250.00,100,3.00,0.38
148471,249.62,250.00,100,3.00,0.38
148571,249.62,250.00,100,3.00,0.38
148671,249.62,250.00,100,3.00,0.38
148771,249.62,250.00,100,3.00,0.38
148871,249.62,250.00,100,3.00,0.38
148971,249.62,250.00,100,3.00,0.38
149071,249.62,250.00,100,3.00,0.38
149171,249.62,250.00,100,3.00,0.38
149271,249.62,250.00,100,3.00,0.38
149371,249.62,250.00,100,3.00,0.38
149471,249.62,250.00,100,3.00,0.38
149571,249.62,250.00,100,3.00,0.38
149671,249.62,250.00,100,3.00,0.38
149771,249.62,250.00,100,3.00,0.38
149871,249.62,250.00,100,3.00,0.38
149971,249.62,250.00,100,3.00,0.38
150071,249.62,250.00,100,3.00,0.38
150171,249.62,250.00,100,3.00,0.38
150271,249.62,250.00,100,3.00,0.38
150371,249.62,250.00,100,3.00,0.38
150471,249.62,250.00,100,3.00,0.38
150571,249.62,250.00,100,3.00,0.38
150671,249.62,250.00,100,3.00,0.38
150771,249.62,250.00,100,3.00,0.38
150871,249.62,250.00,100,3.00,0.38
150971,249.62,250.00,100,3.00,0.38
151071,249.62,250.00,100,3.00,0.38
151171,249.62,250.00,100,3.00,0.38
151271,249.62,250.00,100,3.00,0.38
151371,249.62,250.00,100,3.00,0.38
151471,249.62,250.00,100,3.00,0.38
151571,249.62,250.00,100,3.00,0.38
151671,249.62,250.00,100,3.00,0.38
151771,249.62,250.00,100,3.00,0.38
151871,249.62,250.00,100,3.00,0.38
151971,249.62,250.00,100,3.00,0.38
152071,249.62,250.00,100,3.00,0.38
152171,249.62,250.00,100,3.00,0.38
152271,249.62,250.00,100,3.00,0.38
152371,249.62,250.00,100,3.00,0.38
152471,249.62,250.00,100,3.00,0.38
152571,249.62,250.00,100,3.00,0.38
152671,249.62,250.00,100,3.00,0.38
152771,249.62,250.00,100,3.00,0.38
152871,249.62,250.00,100,3.00,0.38
152971,249.62,250.00,100,3.00,0.38
153071,249.62,250.00,100,3.00,0.38
153171,249.62,250.00,100,3.00,0.38
153271,249.62,250.00,100,3.00,0.38
153371,249.62,250.00,100,3.00,0.38
153471,249.62,250.00,100,3.00,0.38
153571,249.62,250.00,100,3.00,0.38
153671,249.62,250.00,100,3.00,0.38
153771,249.62,250.00,100,3.00,0.38
153871,249.62,250.00,100,3.00,0.38
153971,249.62,250.00,100,3.00,0.38
154071,249.62,250.00,100,3.00,0.38
154171,249.62,250.00,100,3.00,0.38
154271,249.62,250.00,100,3.00,0.38
154371,249.62,250.00,100,3.00,0.38
154471,249.62,250.00,100,3.00,0.38
154571,249.62,250.00,100,3.00,0.38
154671,249.62,250.00,100,3.00,0.38
154771,249.62,250.00,100,3.00,0.38
154871,249.62,250.00,100,3.00,0.38
154971,249.62,250.00,100,3.00,0.38
155071,249.62,250.00,100,3.00,0.38
155171,249.62,250.00,100,3.00,0.38
155271,249.62,250.00,100,3.00,0.38
155371,249.62,250.00,100,3.00,0.38
155471,249.62,250.00,100,3.00,0.38
155571,249.62,250.00,100,3.00,0.38
155671,249.62,250.00,100,3.00,0.38
155771,249.62,250.00,100,3.00,0.38
155871,249.62,250.00,100,3.00,0.38
155971,249.62,250.00,100,3.00,0.38
156071,249.62,250.00,100,3.00,0.38
156171,249.62,250.00,100,3.00,0.38
156271,249.62,250.00,100,3.00,0.38
156371,249.62,250.00,100,3.00,0.38
156471,249.62,250.00,100,3.00,0.38
156571,249.62,250.00,100,3.00,0.38
156671,249.62,250.00,100,3.00,0.38
156771,249.62,250.00,100,3.00,0.38
156871,249.62,250.00,100,3.00,0.38
156971,249.62,250.00,100,3.00,0.38
157071,249.62,250.00,100,3.00,0.38
157171,249.62,250.00,100,3.00,0.38
157271,249.62,250.00,100,3.00,0.38
157371,249.62,250.00,100,3.00,0.38
157471,249.62,250.00,100,3.00,0.38
157571,249.62,250.00,100,3.00,0.38
157671,249.62,250.00,100,3.00,0.38
157771,249.62,250.00,100,3.00,0.38
157871,249.62,250.00,100,3.00,0.38
157971,249.62,250.00,100,3.00,0.38
158071,249.62,250.00,100,3.00,0.38
158171,249.62,250.00,100,3.00,0.38
158271,249.62,250.00,100,3.00,0.38
158371,249.62,250.00,100,3.00,0.38
158471,249.62,250.00,100,3.00,0.38
158571,249.62,250.00,100,3.00,0.38
158671,249.62,250.00,100,3.00,0.38
158771,249.62,250.00,100,3.00,0.38
158871,249.62,250.00,100,3.00,0.38
158971,249.62,250.00,100,3.00,0.38
159071,249.62,250.00,100,3.00,0.38
159171,249.62,250.00,100,3.00,0.38
159271,249.62,250.00,100,3.00,0.38
159371,249.62,250.00,100,3.00,0.38
159471,249.62,250.00,100,3.00,0.38
159571,249.62,250.00,100,3.00,0.38
159671,249.62,250.00,100,3.00,0.38
159771,249.62,250.00,100,3.00,0.38
159871,249.62,250.00,100,3.00,0.38
159971,249.62,250.00,100,3.00,0.38
160071,249.62,250.00,100,3.00,0.38
160171,249.62,250.00,100,3.00,0.38
160271,249.62,250.00,100,3.00,0.38
160371,249.62,250.00,100,3.00,0.38
160471,249.62,250.00,100,3.00,0.38
160571,249.62,250.00,100,3.00,0.38
160671,249.62,250.00,100,3.00,0.38
160771,249.62,250.00,100,3.00,0.38
160871,249.62,250.00,100,3.00,0.38
160971,249.62,250.00,100,3.00,0.38
161071,249.62,250.00,100,3.00,0.38
161171,249.62,250.00,100,3.00,0.38
161271,249.62,250.00,100,3.00,0.38
161371,249.62,250.00,100,3.00,0.38
161471,249.62,250.00,100,3.00,0.38
161571,249.62,250.00,100,3.00,0.38
161671,249.62,250.00,100,3.00,0.38
161771,249.62,250.00,100,3.00,0.38
161871,249.62,250.00,100,3.00,0.38
161971,249.62,250.00,100,3.00,0.38
162071,249.62,250.00,100,3.00,0.38
162171,249.62,250.00,100,3.00,0.38
162271,249.62,250.00,100,3.00,0.38
162371,249.62,250.00,100,3.00,0.38
162471,249.62,250.00,100,3.00,0.38
162571,249.62,250.00,100,3.00,0.38
162671,249.62,250.00,100,3.00,0.38
162771,249.62,250.00,100,3.00,0.38
162871,249.62,250.00,100,3.00,0.38
162971,249.62,250.00,100,3.00,0.38
163071,249.62,250.00,100,3.00,0.38
163171,249.62,250.00,100,3.00,0.38
163271,249.62,250.00,100,3.00,0.38
163371,249.62,250.00,100,3.00,0.38
163471,249.62,250.00,100,3.00,0.38
163571,249.62,250.00,100,3.00,0.38
163671,249.62,250.00,100,3.00,0.38
163771,249.62,250.00,100,3.00,0.38
163871,249.62,250.00,100,3.00,0.38
163971,249.62,250.00,100,3.00,0.38
164071,249.62,250.00,100,3.00,0.38
164171,249.62,250.00,100,3.00,0.38
164271,249.62,250.00,100,3.00,0.38
164371,249.62,250.00,100,3.00,0.38
164471,249.62,250.00,100,3.00,0.38
164571,249.62,250.00,100,3.00,0.38
164671,249.62,250.00,100,3.00,0.38
164771,249.62,250.00,100,3.00,0.38
164871,249.62,250.00,100,3.00,0.38
164971,249.62,250.00,100,3.00,0.38
165071,249.62,250.00,100,3.00,0.38
165171,249.62,250.00,100,3.00,0.38
165271,249.62,250.00,100,3.00,0.38
165371,249.62,250.00,100,3.00,0.38
165471,249.62,250.00,100,3.00,0.38
165571,249.62,250.00,100,3.00,0.38
165671,249.62,250.00,100,3.00,0.38
165771,249.62,250.00,100,3.00,0.38
165871,249.62,250.00,100,3.00,0.38
165971,249.62,250.00,100,3.00,0.38
166071,249.62,250.00,100,3.00,0.38
166171,249.62,250.00,100,3.00,0.38
166271,249.62,250.00,100,3.00,0.38
166371,249.62,250.00,100,3.00,0.38
166471,249.62,250.00,100,3.00,0.38
166571,249.62,250.00,100,3.00,0.38
166671,249.62,250.00,100,3.00,0.38
166771,249.62,250.00,100,3.00,0.38
166871,249.62,250.00,100,3.00,0.38
166971,249.62,250.00,100,3.00,0.38
167071,249.62,250.00,100,3.00,0.38
167171,249.62,250.00,100,3.00,0.38
167271,249.62,250.00,100,3.00,0.38
167371,249.62,250.00,100,3.00,0.38
167471,249.62,250.00,100,3.00,0.38
167571,249.62,250.00,100,3.00,0.38
167671,249.62,250.00,100,3.00,0.38
167771,249.62,250.00,100,3.00,0.38
167871,249.62,250.00,100,3.00,0.38
167971,249.62,250.00,100,3.00,0.38
168071,249.62,250.00,100,3.00,0.38
168171,249.62,250.00,100,3.00,0.38
168271,249.62,250.00,100,3.00,0.38
168371,249.62,250.00,100,3.00,0.38
168471,249.62,250.00,100,3.00,0.38
168571,249.62,250.00,100,3.00,0.38
168671,249.62,250.00,100,3.00,0.38
168771,249.62,250.00,100,3.00,0.38
168871,249.62,250.00,100,3.00,0.38
168971,249.62,250.00,100,3.00,0.38
169071,249.62,250.00,100,3.00,0.38
169171,249.62,250.00,100,3.00,0.38
169271,249.62,250.00,100,3.00,0.38
169371,249.62,250.00,100,3.00,0.38
169471,249.62,250.00,100,3.00,0.38
169571,249.62,250.00,100,3.00,0.38
169671,249.62,250.00,100,3.00,0.38
169771,249.62,250.00,100,3.00,0.38
169871,249.62,250.00,100,3.00,0.38
169971,249.62,250.00,100,3.00,0.38
170071,249.62,250.00,100,3.00,0.38
170171,249.62,250.00,100,3.00,0.38
170271,249.62,250.00,100,3.00,0.38
170371,249.62,250.00,100,3.00,0.38
170471,249.62,250.00,100,3.00,0.38
170571,249.62,250.00,100,3.00,0.38
170671,249.62,250.00,100,3.00,0.38
170771,249.62,250.00,100,3.00,0.38
170871,249.62,250.00,100,3.00,0.38
170971,249.62,250.00,100,3.00,0.38
171071,249.62,250.00,100,3.00,0.38
171171,249.62,250.00,100,3.00,0.38
171271,249.62,250.00,100,3.00,0.38
171371,249.62,250.00,100,3.00,0.38
171471,249.62,250.00,100,3.00,0.38
171571,249.62,250.00,100,3.00,0.38
171671,249.62,250.00,100,3.00,0.38
171771,249.62,250.00,100,3.00,0.38
171871,249.62,250.00,100,3.00,0.38
171971,249.62,250.00,100,3.00,0.38
172071,249.62,250.00,100,3.00,0.38
172171,249.62,250.00,100,3.00,0.38
172271,249.62,250.00,100,3.00,0.38
172371,249.62,250.00,100,3.00,0.38
172471,249.62,250.00,100,3.00,0.38
172571,249.62,250.00,100,3.00,0.38
172671,249.62,250.00,100,3.00,0.38
172771,249.62,250.00,100,3.00,0.38
172871,249.62,250.00,100,3.00,0.38
172971,249.62,250.00,100,3.00,0.38
173071,249.62,250.00,100,3.00,0.38
173171,249.62,250.00,100,3.00,0.38
173271,249.62,250.00,100,3.00,0.38
173371,249.62,250.00,100,3.00,0.38
173471,249.62,250.00,100,3.00,0.38
173571,249.62,250.00,100,3.00,0.38
173671,249.62,250.00,100,3.00,0.38
173771,249.62,250.00,100,3.00,0.38
173871,249.62,250.00,100,3.00,0.38
173971,249.62,250.00,100,3.00,0.38
174071,249.62,250.00,100,3.00,0.38
174171,249.62,250.00,100,3.00,0.38
174271,249.62,250.00,100,3.00,0.38
174371,249.62,250.00,100,3.00,0.38
174471,249.62,250.00,100,3.00,0.38
174571,249.62,250.00,100,3.00,0.38
174671,249.62,250.00,100,3.00,0.38
174771,249.62,250.00,100,3.00,0.38
174871,249.62,250.00,100,3.00,0.38
174971,249.62,250.00,100,3.00,0.38
175071,249.62,250.00,100,3.00,0.38
175171,249.62,250.00,100,3.00,0.38
175271,249.62,250.00,100,3.00,0.38
175371,249.62,250.00,100,3.00,0.38
175471,249.62,250.00,100,3.00,0.38
175571,249.62,250.00,100,3.00,0.38
175671,249.62,250.00,100,3.00,0.38
175771,249.62,250.00,100,3.00,0.38
175871,249.62,250.00,100,3.00,0.38
175971,249.62,250.00,100,3.00,0.38
176071,249.62,250.00,100,3.00,0.38
176171,249.62,250.00,100,3.00,0.38
176271,249.62,250.00,100,3.00,0.38
176371,249.62,250.00,100,3.00,0.38
176471,249.62,250.00,100,3.00,0.38
176571,249.62,250.00,100,3.00,0.38
176671,249.62,250.00,100,3.00,0.38
176771,249.62,250.00,100,3.00,0.38
176871,249.62,250.00,100,3.00,0.38
176971,249.62,250.00,100,3.00,0.38
177071,249.62,250.00,100,3.00,0.38
177171,249.62,250.00,100,3.00,0.38
177271,249.62,250.00,100,3.00,0.38
177371,249.62,250.00,100,3.00,0.38
177471,249.62,250.00,100,3.00,0.38
177571,249.62,250.00,100,3.00,0.38
177671,249.62,250.00,100,3.00,0.38
177771,249.62,250.00,100,3.00,0.38
177871,249.62,250.00,100,3.00,0.38
177971,249.62,250.00,100,3.00,0.38
178071,249.62,250.00,100,3.00,0.38
178171,249.62,250.00,100,3.00,0.38
178271,249.62,250.00,100,3.00,0.38
178371,249.62,250.00,100,3.00,0.38
178471,249.62,250.00,100,3.00,0.38
178571,249.62,250.00,100,3.00,0.38
178671,249.62,250.00,100,3.00,0.38
178771,249.62,250.00,100,3.00,0.38
178871,249.62,250.00,100,3.00,0.38
178971,249.62,250.00,100,3.00,0.38
179071,249.62,250.00,100,3.00,0.38
179171,249.62,250.00,100,3.00,0.38
179271,249.62,250.00,100,3.00,0.38
179371,249.62,250.00,100,3.00,0.38
179471,249.62,250.00,100,3.00,0.38
179571,249.62,250.00,100,3.00,0.38
179671,249.62,250.00,100,3.00,0.38
179771,249.62,250.00,100,3.00,0.38
179871,249.62,250.00,100,3.00,0.38
179971,249.62,250.00,100,3.00,0.38
180071,249.62,250.00,100,3.00,0.38
180171,249.62,250.00,100,3.00,0.38
180271,249.62,250.00,100,3.00,0.38
180371,249.62,250.00,100,3.00,0.38
180471,249.62,250.00,100,3.00,0.38
180571,249.62,250.00,100,3.00,0.38
180671,249.62,250.00,100,3.00,0.38
180771,249.62,250.00,100,3.00,0.38
180871,249.62,250.00,100,3.00,0.38
180971,249.62,250.00,100,3.00,0.38
181071,249.62,250.00,100,3.00,0.38
181171,249.62,250.00,100,3.00,0.38
181271,249.62,250.00,100,3.00,0.38
181371,249.62,250.00,100,3.00,0.38
181471,249.62,250.00,100,3.00,0.38
181571,249.62,250.00,100,3.00,0.38
181671,249.62,250.00,100,3.00,0.38
181771,249.62,250.00,100,3.00,0.38
181871,249.62,250.00,100,3.00,0.38
181971,249.62,250.00,100,3.00,0.38
182071,249.62,250.00,100,3.00,0.38
182171,249.62,250.00,100,3.00,0.38
182271,249.62,250.00,100,3.00,0.38
182371,249.62,250.00,100,3.00,0.38
182471,249.62,250.00,100,3.00,0.38
182571,249.62,250.00,100,3.00,0.38
182671,249.62,250.00,100,3.00,0.38
182771,249.62,250.00,100,3.00,0.38
182871,249.62,250.00,100,3.00,0.38
182971,249.62,250.00,100,3.00,0.38
183071,249.62,250.00,100,3.00,0.38
183171,249.62,250.00,100,3.00,0.38
183271,249.62,250.00,100,3.00,0.38
183371,249.62,250.00,100,3.00,0.38
183471,249.62,250.00,100,3.00,0.38
183571,249.62,250.00,100,3.00,0.38
183671,249.62,250.00,100,3.00,0.38
183771,249.62,250.00,100,3.00,0.38
183871,249.62,250.00,100,3.00,0.38
183971,249.62,250.00,100,3.00,0.38
184071,249.62,250.00,100,3.00,0.38
184171,249.62,250.00,100,3.00,0.38
184271,249.62,250.00,100,3.00,0.38
184371,249.62,250.00,100,3.00,0.38
184471,249.62,250.00,100,3.00,0.38
184571,249.62,250.00,100,3.00,0.38
184671,249.62,250.00,100,3.00,0.38
184771,249.62,250.00,100,3.00,0.38
184871,249.62,250.00,100,3.00,0.38
184971,249.62,250.00,100,3.00,0.38
185071,249.62,250.00,100,3.00,0.38
185171,249.62,250.00,100,3.00,0.38
185271,249.62,250.00,100,3.00,0.38
185371,249.62,250.00,100,3.00,0.38
185471,249.62,250.00,100,3.00,0.38
185571,249.62,250.00,100,3.00,0.38
185671,249.62,250.00,100,3.00,0.38
185771,249.62,250.00,100,3.00,0.38
185871,249.62,250.00,100,3.00,0.38
185971,249.62,250.00,100,3.00,0.38
186071,249.62,250.00,100,3.00,0.38
186171,249.62,250.00,100,3.00,0.38
186271,249.62,250.00,100,3.00,0.38
186371,249.62,250.00,100,3.00,0.38
186471,249.62,250.00,100,3.00,0.38
186571,249.62,250.00,100,3.00,0.38
186671,249.62,250.00,100,3.00,0.38
186771,249.62,250.00,100,3.00,0.38
186871,249.62,250.00,100,3.00,0.38
186971,249.62,250.00,100,3.00,0.38
187071,249.62,250.00,100,3.00,0.38
187171,249.62,250.00,100,3.00,0.38
187271,249.62,250.00,100,3.00,0.38
187371,249.62,250.00,100,3.00,0.38
187471,249.62,250.00,100,3.00,0.38
187571,249.62,250.00,100,3.00,0.38
187671,249.62,250.00,100,3.00,0.38
187771,249.62,250.00,100,3.00,0.38
187871,249.62,250.00,100,3.00,0.38
187971,249.62,250.00,100,3.00,0.38
188071,249.62,250.00,100,3.00,0.38
188171,249.62,250.00,100,3.00,0.38
188271,249.62,250.00,100,3.00,0.38
188371,249.62,250.00,100,3.00,0.38
188471,249.62,250.00,100,3.00,0.38
188571,249.62,250.00,100,3.00,0.38
188671,249.62,250.00,100,3.00,0.38
188771,249.62,250.00,100,3.00,0.38
188871,249.62,250.00,100,3.00,0.38
188971,249.62,250.00,100,3.00,0.38
189071,249.62,250.00,100,3.00,0.38
189171,249.62,250.00,100,3.00,0.38
189271,249.62,250.00,100,3.00,0.38
189371,249.62,250.00,100,3.00,0.38
189471,249.62,250.00,100,3.00,0.38
189571,249.62,250.00,100,3.00,0.38
189671,249.62,250.00,100,3.00,0.38
189771,249.62,250.00,100,3.00,0.38
189871,249.62,250.00,100,3.00,0.38
189971,249.62,250.00,100,3.00,0.38
190071,249.62,250.00,100,3.00,0.38
190171,249.62,250.00,100,3.00,0.38
190271,249.62,250.00,100,3.00,0.38
190371,249.62,250.00,100,3.00,0.38
190471,249.62,250.00,100,3.00,0.38
190571,249.62,250.00,100,3.00,0.38
190671,249.62,250.00,100,3.00,0.38
190771,249.62,250.00,100,3.00,0.38
190871,249.62,250.00,100,3.00,0.38
190971,249.62,250.00,100,3.00,0.38
191071,249.62,250.00,100,3.00,0.38
191171,249.62,250.00,100,3.00,0.38
191271,249.62,250.00,100,3.00,0.38
191371,249.62,250.00,100,3.00,0.38
191471,249.62,250.00,100,3.00,0.38
191571,249.62,250.00,100,3.00,0.38
191671,249.62,250.00,100,3.00,0.38
191771,249.62,250.00,100,3.00,0.38
191871,249.62,250.00,100,3.00,0.38
191971,249.62,250.00,100,3.00,0.38
192071,249.62,250.00,100,3.00,0.38
192171,249.62,250.00,100,3.00,0.38
192271,249.62,250.00,100,3.00,0.38
192371,249.62,250.00,100,3.00,0.38
192471,249.62,250.00,100,3.00,0.38
192571,249.62,250.00,100,3.00,0.38
192671,249.62,250.00,100,3.00,0.38
192771,249.62,250.00,100,3.00,0.38
192871,249.62,250.00,100,3.00,0.38
192971,249.62,250.00,100,3.00,0.38
193071,249.62,250.00,100,3.00,0.38
193171,249.62,250.00,100,3.00,0.38
193271,249.62,250.00,100,3.00,0.38
193371,249.62,250.00,100,3.00,0.38
193471,249.62,250.00,100,3.00,0.38
193571,249.62,250.00,100,3.00,0.38
193671,249.62,250.00,100,3.00,0.38
193771,249.62,250.00,100,3.00,0.38
193871,249.62,250.00,100,3.00,0.38
193971,249.62,250.00,100,3.00,0.38
194071,249.62,250.00,100,3.00,0.38
194171,249.62,250.00,100,3.00,0.38
194271,249.62,250.00,100,3.00,0.38
194371,249.62,250.00,100,3.00,0.38
194471,249.62,250.00,100,3.00,0.38
194571,249.62,250.00,100,3.00,0.38
194671,249.62,250.00,100,3.00,0.38
194771,249.62,250.00,100,3.00,0.38
194871,249.62,250.00,100,3.00,0.38
194971,249.62,250.00,100,3.00,0.38
195071,249.62,250.00,100,3.00,0.38
195171,249.62,250.00,100,3.00,0.38
195271,249.62,250.00,100,3.00,0.38
195371,249.62,250.00,100,3.00,0.38
195471,249.62,250.00,100,3.00,0.38
195571,249.62,250.00,100,3.00,0.38
195671,249.62,250.00,100,3.00,0.38
195771,249.62,250.00,100,3.00,0.38
195871,249.62,250.00,100,3.00,0.38
195971,249.62,250.00,100,3.00,0.38
196071,249.62,250.00,100,3.00,0.38
196171,249.62,250.00,100,3.00,0.38
196271,249.62,250.00,100,3.00,0.38
196371,249.62,250.00,100,3.00,0.38
196471,249.62,250.00,100,3.00,0.38
196571,249.62,250.00,100,3.00,0.38
196671,249.62,250.00,100,3.00,0.38
196771,249.62,250.00,100,3.00,0.38
196871,249.62,250.00,100,3.00,0.38
196971,249.62,250.00,100,3.00,0.38
197071,249.62,250.00,100,3.00,0.38
197171,249.62,250.00,100,3.00,0.38
197271,249.62,250.00,100,3.00,0.38
197371,249.62,250.00,100,3.00,0.38
197471,249.62,250.00,100,3.00,0.38
197571,249.62,250.00,100,3.00,0.38
197671,249.62,250.00,100,3.00,0.38
197771,249.62,250.00,100,3.00,0.38
197871,249.62,250.00,100,3.00,0.38
197971,249.62,250.00,100,3.00,0.38
198071,249.62,250.00,100,3.00,0.38
198171,249.62,250.00,100,3.00,0.38
198271,249.62,250.00,100,3.00,0.38
198371,249.62,250.00,100,3.00,0.38
198471,249.62,250.00,100,3.00,0.38
198571,249.62,250.00,100,3.00,0.38
198671,249.62,250.00,100,3.00,0.38
198771,249.62,250.00,100,3.00,0.38
198871,249.62,250.00,100,3.00,0.38
198971,249.62,250.00,100,3.00,0.38
199071,249.62,250.00,100,3.00,0.38
199171,249.62,250.00,100,3.00,0.38
199271,249.62,250.00,100,3.00,0.38
199371,249.62,250.00,100,3.00,0.38
199471,249.62,250.00,100,3.00,0.38
199571,249.62,250.00,100,3.00,0.38
199671,249.62,250.00,100,3.00,0.38
199771,249.62,250.00,100,3.00,0.38
199871,249.62,250.00,100,3.00,0.38
199971,249.62,250.00,100,3.00,0.38
200071,249.62,250.00,100,3.00,0.38
200171,249.62,250.00,100,3.00,0.38
200271,249.62,250.00,100,3.00,0.38
200371,249.62,250.00,100,3.00,0.38
200471,249.62,250.00,100,3.00,0.38
200571,249.62,250.00,100,3.00,0.38
200671,249.62,250.00,100,3.00,0.38
200771,249.62,250.00,100,3.00,0.38
200871,249.62,250.00,100,3.00,0.38
200971,249.62,250.00,100,3.00,0.38
201071,249.62,250.00,100,3.00,0.38
201171,249.62,250.00,100,3.00,0.38
201271,249.62,250.00,100,3.00,0.38
201371,249.62,250.00,100,3.00,0.38
201471,249.62,250.00,100,3.00,0.38
201571,249.62,250.00,100,3.00,0.38
201671,249.62,250.00,100,3.00,0.38
201771,249.62,250.00,100,3.00,0.38
201871,249.62,250.00,100,3.00,0.38
201971,249.62,250.00,100,3.00,0.38
202071,249.62,250.00,100,3.00,0.38
202171,249.62,250.00,100,3.00,0.38
202271,249.62,250.00,100,3.00,0.38
202371,249.62,250.00,100,3.00,0.38
202471,249.62,250.00,100,3.00,0.38
202571,249.62,250.00,100,3.00,0.38
203324,249.62,250.00,100,3.00,0.38
204001,249.62,250.00,100,3.00,0.38
204678,249.62,250.00,100,3.00,0.38
205355,249.62,250.00,100,3.00,0.38
206032,249.62,250.00,100,3.00,0.38
206709,249.62,250.00,100,3.00,0.38
207386,249.62,250.00,100,3.00,0.38
208063,249.62,250.00,100,3.00,0.38
208740,249.62,250.00,100,3.00,0.38
209417,249.62,250.00,100,3.00,0.38
210094,249.62,250.00,100,3.00,0.38
210771,249.62,250.00,100,3.00,0.38
211448,249.62,250.00,100,3.00,0.38
212125,249.62,250.00,100,3.00,0.38
212802,249.62,250.00,100,3.00,0.38
213479,249.62,250.00,100,3.00,0.38
214156,249.62,250.00,100,3.00,0.38
214833,249.62,250.00,100,3.00,0.38
215510,249.62,250.00,100,3.00,0.38
216187,249.62,250.00,100,3.00,0.38
216864,249.62,250.00,100,3.00,0.38
217541,249.62,250.00,100,3.00,0.38
218218,249.62,250.00,100,3.00,0.38
218895,249.62,250.00,100,3.00,0.38
219572,249.62,250.00,100,3.00,0.38
220249,249.62,250.00,100,3.00,0.38
220926,249.62,250.00,100,3.00,0.38
221603,249.62,250.00,100,3.00,0.38
222280,249.62,250.00,100,3.00,0.38
222957,249.62,250.00,100,3.00,0.38
223634,249.62,250.00,100,3.00,0.38
224311,249.62,250.00,100,3.00,0.38
224988,249.62,250.00,100,3.00,0.38
225665,249.62,250.00,100,3.00,0.38
226342,249.62,250.00,100,3.00,0.38
227019,249.62,250.00,100,3.00,0.38
227696,249.62,250.00,100,3.00,0.38
228373,249.62,250.00,100,3.00,0.38
229050,249.62,250.00,100,3.00,0.38
229727,249.62,250.00,100,3.00,0.38
230404,249.62,250.00,100,3.00,0.38
231081,249.62,250.00,100,3.00,0.38
231758,249.62,250.00,100,3.00,0.38
232435,249.62,250.00,100,3.00,0.38
233112,249.62,250.00,100,3.00,0.38
233789,249.62,250.00,100,3.00,0.38
234466,249.62,250.00,100,3.00,0.38
235143,249.62,250.00,100,3.00,0.38
235820,249.62,250.00,100,3.00,0.38
236497,249.62,250.00,100,3.00,0.38
237174,249.62,250.00,100,3.00,0.38
237851,249.62,250.00,100,3.00,0.38
238528,249.62,250.00,100,3.00,0.38
239205,249.62,250.00,100,3.00,0.38
239882,249.62,250.00,100,3.00,0.38
240559,249.62,250.00,100,3.00,0.38
241236,249.62,250.00,100,3.00,0.38
241913,249.62,250.00,100,3.00,0.38
242590,249.62,250.00,100,3.00,0.38
243267,249.62,250.00,100,3.00,0.38
243944,249.62,250.00,100,3.00,0.38
244621,249.62,250.00,100,3.00,0.38
245298,249.62,250.00,100,3.00,0.38
245975,249.62,250.00,100,3.00,0.38
246652,249.62,250.00,100,3.00,0.38
247329,249.62,250.00,100,3.00,0.38
248006,249.62,250.00,100,3.00,0.38
248683,249.62,250.00,100,3.00,0.38
249360,249.62,250.00,100,3.00,0.38
250037,249.62,250.00,100,3.00,0.38
250714,249.62,250.00,100,3.00,0.38
251391,249.62,250.00,100,3.00,0.38
252068,249.62,250.00,100,3.00,0.38
252745,249.62,250.00,100,3.00,0.38
253422,249.62,250.00,100,3.00,0.38
254099,249.53,250.00,100,3.00,0.47
254776,249.20,250.00,100,3.00,0.80
255453,248.67,250.00,100,3.00,1.33
256130,248.12,250.00,100,3.00,1.88
256807,247.13,250.00,100,3.00,2.87
257484,246.44,250.00,100,3.00,3.56
258161,245.35,250.00,100,3.00,4.65
258838,244.18,250.00,100,3.00,5.82
259515,242.72,250.00,100,3.00,7.28
260192,241.52,250.00,100,3.00,8.48
260869,240.55,250.00,100,3.00,9.45
261546,239.24,250.00,100,3.00,10.76
262223,237.85,250.00,100,3.00,12.15
262900,236.50,250.00,100,3.00,13.50
263577,235.05,250.00,100,3.00,14.95
264254,233.93,250.00,100,3.00,16.07
264931,232.55,250.00,100,3.00,17.45
265608,231.35,250.00,100,3.00,18.65
266285,230.19,250.00,100,3.00,19.81
266962,228.88,250.00,100,3.00,21.12
267639,227.58,250.00,100,3.00,22.42
268316,226.33,250.00,100,3.00,23.67
268993,225.24,250.00,100,3.00,24.76
269670,224.15,250.00,100,3.00,25.85
270347,222.94,250.00,100,3.00,27.06
271024,221.74,250.00,100,3.00,28.26
271701,220.59,250.00,100,3.00,29.41
272378,219.38,250.00,100,3.00,30.62
273055,218.29,250.00,100,3.00,31.71
273732,217.18,250.00,100,3.00,32.82
274409,216.14,250.00,100,3.00,33.86
275086,215.02,250.00,100,3.00,34.98
275763,213.92,250.00,100,3.00,36.08
276440,212.84,250.00,100,3.00,37.16
277117,211.64,250.00,100,3.00,38.36
277794,210.52,250.00,100,3.00,39.48
278471,209.52,250.00,100,3.00,40.48
279148,208.43,250.00,100,3.00,41.57
279825,207.40,250.00,100,3.00,42.60
280502,206.44,250.00,100,3.00,43.56
281179,205.55,250.00,100,3.00,44.45
281856,204.65,250.00,100,3.00,45.35
282533,203.79,250.00,100,3.00,46.21
283210,202.85,250.00,100,3.00,47.15
283887,201.97,250.00,100,3.00,48.03
284564,201.05,250.00,100,3.00,48.95
285241,200.10,250.00,100,3.00,49.90
285918,199.27,250.00,100,3.00,50.73
286595,198.39,250.00,100,3.00,51.61
287272,197.60,250.00,100,3.00,52.40
287949,196.67,250.00,100,3.00,53.33
288626,195.78,250.00,100,3.00,54.22
289303,195.02,250.00,100,3.00,54.98
289980,194.25,250.00,100,3.00,55.75
290657,193.50,250.00,100,3.00,56.50
291334,192.77,250.00,100,3.00,57.23
292011,191.93,250.00,100,3.00,58.07
292688,191.20,250.00,100,3.00,58.80
293365,190.40,250.00,100,3.00,59.60
294042,189.66,250.00,100,3.00,60.34
294719,188.90,250.00,100,3.00,61.10
295396,188.28,250.00,100,3.00,61.72
296073,187.61,250.00,100,3.00,62.39
296750,186.95,250.00,100,3.00,63.05
297427,186.30,250.00,100,3.00,63.70
298104,185.64,250.00,100,3.00,64.36
298781,184.97,250.00,100,3.00,65.03
299458,184.25,250.00,100,3.00,65.75
300135,183.63,250.00,100,3.00,66.37
300812,183.02,250.00,100,3.00,66.98
301489,182.39,250.00,100,3.00,67.61
302166,181.69,250.00,100,3.00,68.31
302843,181.07,250.00,100,3.00,68.93
303520,180.45,250.00,100,3.00,69.55
304197,179.84,250.00,100,3.00,70.16
304874,179.21,250.00,100,3.00,70.79
305551,178.61,250.00,100,3.00,71.39
306228,177.98,250.00,100,3.00,72.02
306905,177.45,250.00,100,3.00,72.55
307582,176.86,250.00,100,3.00,73.14
308259,176.25,250.00,100,3.00,73.75
308936,175.63,250.00,100,3.00,74.37
309613,175.13,250.00,100,3.00,74.87
310290,174.55,250.00,100,3.00,75.45
310967,174.05,250.00,100,3.00,75.95
311644,173.49,250.00,100,3.00,76.51
312321,172.98,250.00,100,3.00,77.02
312998,172.42,250.00,100,3.00,77.58
313675,171.89,250.00,100,3.00,78.11
314352,171.37,250.00,100,3.00,78.63
315029,170.83,250.00,100,3.00,79.17
315706,170.32,250.00,100,3.00,79.68
316383,169.82,250.00,100,3.00,80.18
317060,169.28,250.00,100,3.00,80.72
317737,168.74,250.00,100,3.00,81.26
318414,168.24,250.00,100,3.00,81.76
319091,167.75,250.00,100,3.00,82.25
319768,167.22,250.00,100,3.00,82.78
320445,166.70,250.00,100,3.00,83.30
321122,166.27,250.00,100,3.00,83.73
321799,165.82,250.00,100,3.00,84.18
322476,165.37,250.00,100,3.00,84.63
323153,164.93,250.00,100,3.00,85.07
323830,164.49,250.00,100,3.00,85.51
324507,164.05,250.00,100,3.00,85.95
325184,163.60,250.00,100,3.00,86.40
325861,163.15,250.00,100,3.00,86.85
326538,162.74,250.00,100,3.00,87.26
327215,162.31,250.00,100,3.00,87.69
327892,161.87,250.00,100,3.00,88.13
328569,161.43,250.00,100,3.00,88.57
329246,160.96,250.00,100,3.00,89.04
329923,160.51,250.00,100,3.00,89.49
330600,160.06,250.00,100,3.00,89.94
331277,159.61,250.00,100,3.00,90.39
331954,159.20,250.00,100,3.00,90.80
332631,158.78,250.00,100,3.00,91.22
333308,158.40,250.00,100,3.00,91.60
333985,157.96,250.00,100,3.00,92.04
334662,157.54,250.00,100,3.00,92.46
335339,157.13,250.00,100,3.00,92.87
336016,156.74,250.00,100,3.00,93.26
336693,156.32,250.00,100,3.00,93.68
337370,155.89,250.00,100,3.00,94.11
338047,155.50,250.00,100,3.00,94.50
338724,155.11,250.00,100,3.00,94.89
339401,154.74,250.00,100,3.00,95.26
340078,154.34,250.00,100,3.00,95.66
340755,154.00,250.00,100,3.00,96.00
341432,153.65,250.00,100,3.00,96.35
342109,153.30,250.00,100,3.00,96.70
342786,152.93,250.00,100,3.00,97.07
343463,152.55,250.00,100,3.00,97.45
344140,152.16,250.00,100,3.00,97.84
344817,151.82,250.00,100,3.00,98.18
345494,151.47,250.00,100,3.00,98.53
346171,151.14,250.00,100,3.00,98.86
346848,150.77,250.00,100,3.00,99.23
347525,150.38,250.00,100,3.00,99.62
348202,149.98,250.00,100,3.00,100.02
348879,149.63,250.00,100,3.00,100.37
349556,149.29,250.00,100,3.00,100.71
350233,148.93,250.00,100,3.00,101.07
350910,148.56,250.00,100,3.00,101.44
351587,148.18,250.00,100,3.00,101.82
352264,147.82,250.00,100,3.00,102.18
352941,147.50,250.00,100,3.00,102.50
353618,147.14,250.00,100,3.00,102.86
354295,146.80,250.00,100,3.00,103.20
354972,146.49,250.00,100,3.00,103.51
355649,146.15,250.00,100,3.00,103.85
356326,145.81,250.00,100,3.00,104.19
357003,145.47,250.00,100,3.00,104.53
357680,145.14,250.00,100,3.00,104.86
358357,144.81,250.00,100,3.00,105.19
359034,144.47,250.00,100,3.00,105.53
359711,144.12,250.00,100,3.00,105.88
360388,143.82,250.00,100,3.00,106.18
361065,143.50,250.00,100,3.00,106.50
361742,143.17,250.00,100,3.00,106.83
362419,142.82,250.00,100,3.00,107.18
363096,142.51,250.00,100,3.00,107.49
363773,142.19,250.00,100,3.00,107.81
364450,141.85,250.00,100,3.00,108.15
365127,141.52,250.00,100,3.00,108.48
365804,141.22,250.00,100,3.00,108.78
366481,140.89,250.00,100,3.00,109.11
367158,140.61,250.00,100,3.00,109.39
367835,140.31,250.00,100,3.00,109.69
368512,140.00,250.00,100,3.00,110.00
369189,139.66,250.00,100,3.00,110.34
369866,139.32,250.00,100,3.00,110.68
370543,139.03,250.00,100,3.00,110.97
371220,138.72,250.00,100,3.00,111.28
371897,138.42,250.00,100,3.00,111.58
372574,138.12,250.00,100,3.00,111.88
373251,137.81,250.00,100,3.00,112.19
373928,137.51,250.00,100,3.00,112.49
374605,137.22,250.00,100,3.00,112.78
375282,136.93,250.00,100,3.00,113.07
375959,136.65,250.00,100,3.00,113.35
376636,136.35,250.00,100,3.00,113.65
377313,136.06,250.00,100,3.00,113.94
377990,135.77,250.00,100,3.00,114.23
378667,135.49,250.00,100,3.00,114.51
379344,135.20,250.00,100,3.00,114.80
380021,134.91,250.00,100,3.00,115.09
380698,134.62,250.00,100,3.00,115.38
381375,134.33,250.00,100,3.00,115.67
382052,134.05,250.00,100,3.00,115.95
382729,133.79,250.00,100,3.00,116.21
383406,133.50,250.00,100,3.00,116.50
384083,133.22,250.00,100,3.00,116.78
384760,132.94,250.00,100,3.00,117.06
385437,132.68,250.00,100,3.00,117.32
386114,132.41,250.00,100,3.00,117.59
386791,132.15,250.00,100,3.00,117.85
387468,131.91,250.00,100,3.00,118.09
388145,131.65,250.00,100,3.00,118.35
388822,131.39,250.00,100,3.00,118.61
389499,131.13,250.00,100,3.00,118.87
390176,130.87,250.00,100,3.00,119.13
390853,130.63,250.00,100,3.00,119.37
391530,130.38,250.00,100,3.00,119.62
392207,130.13,250.00,100,3.00,119.87
392884,129.88,250.00,100,3.00,120.12
393561,129.62,250.00,100,3.00,120.38
394238,129.36,250.00,100,3.00,120.64
394915,129.11,250.00,100,3.00,120.89
395592,128.86,250.00,100,3.00,121.14
396269,128.61,250.00,100,3.00,121.39
396946,128.37,250.00,100,3.00,121.63
397623,128.11,250.00,100,3.00,121.89
398300,127.85,250.00,100,3.00,122.15
398977,127.60,250.00,100,3.00,122.40
399654,127.36,250.00,100,3.00,122.64
400331,127.12,250.00,100,3.00,122.88
401008,126.89,250.00,100,3.00,123.11
401685,126.66,250.00,100,3.00,123.34
402362,126.43,250.00,100,3.00,123.57
403039,126.21,250.00,100,3.00,123.79
403716,125.98,250.00,100,3.00,124.02
404393,125.74,250.00,100,3.00,124.26
405070,125.51,250.00,100,3.00,124.49
405747,125.28,250.00,100,3.00,124.72
406424,125.04,250.00,100,3.00,124.96
407101,124.81,250.00,100,3.00,125.19
407778,124.57,250.00,100,3.00,125.43
408455,124.35,250.00,100,3.00,125.65
409132,124.10,250.00,100,3.00,125.90
409809,123.88,250.00,100,3.00,126.12
410486,123.65,250.00,100,3.00,126.35
411163,123.41,250.00,100,3.00,126.59
411840,123.19,250.00,100,3.00,126.81
412517,122.96,250.00,100,3.00,127.04
413194,122.73,250.00,100,3.00,127.27
413871,122.51,250.00,100,3.00,127.49
414548,122.30,250.00,100,3.00,127.70
415225,122.08,250.00,100,3.00,127.92
415902,121.86,250.00,100,3.00,128.14
416579,121.64,250.00,100,3.00,128.36
417256,121.42,250.00,100,3.00,128.58
417933,121.21,250.00,100,3.00,128.79
418610,124.58,250.00,0,3.00,125.42
419287,127.60,250.00,0,3.00,122.40
419964,130.30,250.00,0,3.00,119.70
420641,132.67,250.00,0,3.00,117.33
421318,134.79,250.00,0,3.00,115.21
421995,136.67,250.00,0,3.00,113.33
422672,138.34,250.00,0,3.00,111.66
423349,139.81,250.00,0,3.00,110.19
424026,141.09,250.00,0,3.00,108.91
424703,142.23,250.00,100,3.00,107.77
425380,143.22,250.00,100,3.00,106.78
426057,144.09,250.00,100,3.00,105.91
426734,144.81,250.00,100,3.00,105.19
427411,145.44,250.00,100,3.00,104.56
428088,145.99,250.00,100,3.00,104.01
428765,146.45,250.00,100,3.00,103.55
429442,146.84,250.00,100,3.00,103.16
430119,147.14,250.00,100,3.00,102.86
430796,147.41,250.00,100,3.00,102.59
431473,147.63,250.00,100,3.00,102.37
432150,147.78,250.00,100,3.00,102.22
432827,147.88,250.00,100,3.00,102.12
433504,147.93,250.00,100,3.00,102.07
434181,147.94,250.00,100,3.00,102.06
434858,147.96,250.00,100,3.00,102.04
435535,147.95,250.00,100,3.00,102.05
436212,147.89,250.00,100,3.00,102.11
2172,146.61,250.00,100,3.00,103.39
2271,146.59,250.00,100,3.00,103.41
2371,146.59,250.00,100,3.00,103.41
2471,146.59,250.00,100,3.00,103.41
2571,146.59,250.00,100,3.00,103.41
2671,146.58,250.00,100,3.00,103.42
2771,146.57,250.00,100,3.00,103.43
2871,146.54,250.00,100,3.00,103.46
2971,146.53,250.00,100,3.00,103.47
3071,146.54,250.00,100,3.00,103.46
3171,146.55,250.00,100,3.00,103.45
3271,146.54,250.00,100,3.00,103.46
3371,146.54,250.00,100,3.00,103.46
3471,146.54,250.00,100,3.00,103.46
3571,146.54,250.00,100,3.00,103.46
3671,146.53,250.00,100,3.00,103.47
3771,146.52,250.00,100,3.00,103.48
3871,146.51,250.00,100,3.00,103.49
3971,146.49,250.00,100,3.00,103.51
4071,146.50,250.00,100,3.00,103.50
4171,146.50,250.00,100,3.00,103.50
4271,146.50,250.00,100,3.00,103.50
4371,146.49,250.00,100,3.00,103.51
4471,146.51,250.00,100,3.00,103.49
4571,146.51,250.00,100,3.00,103.49
4671,146.52,250.00,100,3.00,103.48
4771,146.52,250.00,100,3.00,103.48
4871,146.52,250.00,100,3.00,103.48
4971,146.50,250.00,100,3.00,103.50
5071,146.52,250.00,100,3.00,103.48
5171,146.53,250.00,100,3.00,103.47
5271,146.54,250.00,100,3.00,103.46
5371,146.55,250.00,100,3.00,103.45
5471,146.56,250.00,100,3.00,103.44
5571,146.56,250.00,100,3.00,103.44
5671,146.59,250.00,100,3.00,103.41
5771,146.61,250.00,100,3.00,103.39
5871,146.63,250.00,100,3.00,103.37
5971,146.64,250.00,100,3.00,103.36
6071,146.68,250.00,100,3.00,103.32
6171,146.71,250.00,100,3.00,103.29
6271,146.73,250.00,100,3.00,103.27
6371,146.77,250.00,100,3.00,103.23
6471,146.80,250.00,100,3.00,103.20
6571,146.83,250.00,100,3.00,103.17
6671,146.84,250.00,100,3.00,103.16
6771,146.87,250.00,100,3.00,103.13
6871,146.91,250.00,100,3.00,103.09
6971,146.94,250.00,100,3.00,103.06
7071,146.97,250.00,100,3.00,103.03
7171,147.01,250.00,100,3.00,102.99
7271,147.06,250.00,100,3.00,102.94
7371,147.12,250.00,100,3.00,102.88
7471,147.16,250.00,100,3.00,102.84
7571,147.20,250.00,100,3.00,102.80
7671,147.24,250.00,100,3.00,102.76
7771,147.29,250.00,100,3.00,102.71
7871,147.34,250.00,100,3.00,102.66
7971,147.38,250.00,100,3.00,102.62
8071,147.43,250.00,100,3.00,102.57
8171,147.47,250.00,100,3.00,102.53
8271,147.54,250.00,100,3.00,102.46
8371,147.62,250.00,100,3.00,102.38
8471,147.70,250.00,100,3.00,102.30
8571,147.78,250.00,100,3.00,102.22
8671,147.86,250.00,100,3.00,102.14
8771,147.94,250.00,100,3.00,102.06
8871,148.02,250.00,100,3.00,101.98
8971,148.06,250.00,100,3.00,101.94
9071,148.11,250.00,100,3.00,101.89
9171,148.17,250.00,100,3.00,101.83
9271,148.24,250.00,100,3.00,101.76
9371,148.34,250.00,100,3.00,101.66
9471,148.42,250.00,100,3.00,101.58
9571,148.52,250.00,100,3.00,101.48
9671,148.59,250.00,100,3.00,101.41
9771,148.67,250.00,100,3.00,101.33
9871,148.77,250.00,100,3.00,101.23
9971,148.88,250.00,100,3.00,101.12
10071,148.97,250.00,100,3.00,101.03
10171,149.05,250.00,100,3.00,100.95
10271,149.14,250.00,100,3.00,100.86
10371,149.25,250.00,100,3.00,100.75
10471,149.35,250.00,100,3.00,100.65
10571,149.46,250.00,100,3.00,100.54
10671,149.54,250.00,100,3.00,100.46
10771,149.65,250.00,100,3.00,100.35
10871,149.75,250.00,100,3.00,100.25
10971,149.85,250.00,100,3.00,100.15
11071,149.96,250.00,100,3.00,100.04
11171,150.08,250.00,100,3.00,99.92
11271,150.18,250.00,100,3.00,99.82
11371,150.29,250.00,100,3.00,99.71
11471,150.43,250.00,100,3.00,99.57
11571,150.56,250.00,100,3.00,99.44
11671,150.68,250.00,100,3.00,99.32
11771,150.82,250.00,100,3.00,99.18
11871,150.94,250.00,100,3.00,99.06
11971,151.05,250.00,100,3.00,98.95
12071,151.20,250.00,100,3.00,98.80
12171,151.34,250.00,100,3.00,98.66
12271,151.45,250.00,100,3.00,98.55
12371,151.58,250.00,100,3.00,98.42
12471,151.72,250.00,100,3.00,98.28
12571,151.88,250.00,100,3.00,98.12
12671,152.02,250.00,100,3.00,97.98
12771,152.14,250.00,100,3.00,97.86
12871,152.29,250.00,100,3.00,97.71
12971,152.42,250.00,100,3.00,97.58
13071,152.58,250.00,100,3.00,97.42
13171,152.72,250.00,100,3.00,97.28
13271,152.89,250.00,100,3.00,97.11
13371,153.02,250.00,100,3.00,96.98
13471,153.17,250.00,100,3.00,96.83
13571,153.34,250.00,100,3.00,96.66
13671,153.49,250.00,100,3.00,96.51
13771,150.06,250.00,100,3.00,99.94
13871,146.97,250.00,100,3.00,103.03
13971,144.21,250.00,100,3.00,105.79
14071,141.73,250.00,100,3.00,108.27
14171,139.50,250.00,100,3.00,110.50
14271,137.53,250.00,100,3.00,112.47
14371,135.76,250.00,100,3.00,114.24
14471,134.16,250.00,100,3.00,115.84
14571,132.73,250.00,100,3.00,117.27
14671,131.47,250.00,100,3.00,118.53
14771,130.34,250.00,100,3.00,119.66
14871,129.34,250.00,100,3.00,120.66
14971,128.44,250.00,100,3.00,121.56
15071,127.66,250.00,100,3.00,122.34
15171,126.98,250.00,100,3.00,123.02
15271,126.36,250.00,100,3.00,123.64
15371,125.83,250.00,100,3.00,124.17
15471,125.35,250.00,100,3.00,124.65
15571,124.95,250.00,100,3.00,125.05
15671,124.59,250.00,100,3.00,125.41
15771,124.27,250.00,100,3.00,125.73
15871,124.02,250.00,100,3.00,125.98
15971,123.79,250.00,100,3.00,126.21
16071,123.61,250.00,100,3.00,126.39
16171,123.45,250.00,100,3.00,126.55
16271,123.35,250.00,100,3.00,126.65
16371,123.27,250.00,100,3.00,126.73
16471,123.18,250.00,100,3.00,126.82
16571,123.12,250.00,100,3.00,126.88
16671,123.07,250.00,100,3.00,126.93
16771,123.04,250.00,100,3.00,126.96
16871,123.02,250.00,100,3.00,126.98
16971,123.02,250.00,100,3.00,126.98
17071,123.05,250.00,100,3.00,126.95
17171,123.08,250.00,100,3.00,126.92
17271,123.12,250.00,100,3.00,126.88
17371,123.18,250.00,100,3.00,126.82
17471,123.24,250.00,100,3.00,126.76
17571,123.30,250.00,100,3.00,126.70
17671,123.38,250.00,100,3.00,126.62
17771,123.45,250.00,100,3.00,126.55
17871,123.53,250.00,100,3.00,126.47
17971,123.62,250.00,100,3.00,126.38
18071,123.71,250.00,100,3.00,126.29
18171,123.81,250.00,100,3.00,126.19
18271,123.91,250.00,100,3.00,126.09
18371,124.01,250.00,100,3.00,125.99
18471,124.13,250.00,100,3.00,125.87
18571,124.25,250.00,100,3.00,125.75
18671,124.36,250.00,100,3.00,125.64
18771,124.48,250.00,100,3.00,125.52
18871,124.60,250.00,100,3.00,125.40
18971,124.72,250.00,100,3.00,125.28
19071,124.85,250.00,100,3.00,125.15
19171,124.96,250.00,100,3.00,125.04
19271,125.10,250.00,100,3.00,124.90
19371,125.23,250.00,100,3.00,124.77
19471,125.38,250.00,100,3.00,124.62
19571,125.51,250.00,100,3.00,124.49
19671,125.65,250.00,100,3.00,124.35
19771,125.79,250.00,100,3.00,124.21
19871,125.92,250.00,100,3.00,124.08
19971,126.05,250.00,100,3.00,123.95
20071,126.19,250.00,100,3.00,123.81
20171,126.32,250.00,100,3.00,123.68
20271,126.47,250.00,100,3.00,123.53
20371,126.60,250.00,100,3.00,123.40
20471,126.73,250.00,100,3.00,123.27
20571,126.90,250.00,100,3.00,123.10
20671,127.05,250.00,100,3.00,122.95
20771,127.17,250.00,100,3.00,122.83
20871,127.30,250.00,100,3.00,122.70
20971,127.44,250.00,100,3.00,122.56
21071,127.58,250.00,100,3.00,122.42
21171,127.73,250.00,100,3.00,122.27
21271,127.88,250.00,100,3.00,122.12
21371,128.03,250.00,100,3.00,121.97
21471,128.20,250.00,100,3.00,121.80
21571,128.34,250.00,100,3.00,121.66
21671,128.49,250.00,100,3.00,121.51
21771,128.63,250.00,100,3.00,121.37
21871,128.78,250.00,100,3.00,121.22
21971,128.92,250.00,100,3.00,121.08
22071,129.05,250.00,100,3.00,120.95
22171,129.21,250.00,100,3.00,120.79
22271,129.34,250.00,100,3.00,120.66
22371,129.50,250.00,100,3.00,120.50
22471,129.64,250.00,100,3.00,120.36
22571,129.77,250.00,100,3.00,120.23
22671,129.93,250.00,100,3.00,120.07
22771,130.08,250.00,100,3.00,119.92
22871,130.21,250.00,100,3.00,119.79
22971,130.36,250.00,100,3.00,119.64
23071,130.50,250.00,100,3.00,119.50
23171,130.64,250.00,100,3.00,119.36
23271,130.79,250.00,100,3.00,119.21
23371,130.92,250.00,100,3.00,119.08
23471,131.08,250.00,100,3.00,118.92
23571,131.24,250.00,100,3.00,118.76
23671,131.40,250.00,100,3.00,118.60
23771,131.56,250.00,100,3.00,118.44
23871,131.70,250.00,100,3.00,118.30
23971,131.86,250.00,100,3.00,118.14
24071,132.00,250.00,100,3.00,118.00
24171,132.14,250.00,100,3.00,117.86
24271,132.30,250.00,100,3.00,117.70
24371,132.47,250.00,100,3.00,117.53
24471,132.63,250.00,100,3.00,117.37
24571,132.76,250.00,100,3.00,117.24
24671,132.91,250.00,100,3.00,117.09
24771,133.06,250.00,100,3.00,116.94
24871,133.21,250.00,100,3.00,116.79
24971,133.35,250.00,100,3.00,116.65
25071,133.49,250.00,100,3.00,116.51
25171,133.64,250.00,100,3.00,116.36
25271,133.78,250.00,100,3.00,116.22
25371,133.96,250.00,100,3.00,116.04
25471,134.12,250.00,100,3.00,115.88
25571,134.28,250.00,100,3.00,115.72
25671,134.44,250.00,100,3.00,115.56
25771,134.60,250.00,100,3.00,115.40
25871,134.75,250.00,100,3.00,115.25
25971,134.93,250.00,100,3.00,115.07
26071,135.08,250.00,100,3.00,114.92
26171,135.23,250.00,100,3.00,114.77
26271,135.37,250.00,100,3.00,114.63
26371,135.51,250.00,100,3.00,114.49
26471,135.66,250.00,100,3.00,114.34
26571,135.82,250.00,100,3.00,114.18
26671,135.95,250.00,100,3.00,114.05
26771,136.09,250.00,100,3.00,113.91
26871,136.24,250.00,100,3.00,113.76
26971,136.39,250.00,100,3.00,113.61
27071,136.53,250.00,100,3.00,113.47
27171,136.69,250.00,100,3.00,113.31
27271,136.82,250.00,100,3.00,113.18
27371,136.96,250.00,100,3.00,113.04
27471,137.14,250.00,100,3.00,112.86
27571,137.29,250.00,100,3.00,112.71
27671,137.43,250.00,100,3.00,112.57
27771,137.59,250.00,100,3.00,112.41
27871,137.75,250.00,100,3.00,112.25
27971,137.91,250.00,100,3.00,112.09
28071,138.05,250.00,100,3.00,111.95
28171,138.20,250.00,100,3.00,111.80
28271,138.35,250.00,100,3.00,111.65
28371,138.50,250.00,100,3.00,111.50
28471,138.67,250.00,100,3.00,111.33
28571,138.82,250.00,100,3.00,111.18
28671,138.98,250.00,100,3.00,111.02
28771,139.13,250.00,100,3.00,110.87
28871,139.27,250.00,100,3.00,110.73
28971,139.42,250.00,100,3.00,110.58
29071,139.56,250.00,100,3.00,110.44
29171,139.70,250.00,100,3.00,110.30
29271,139.83,250.00,100,3.00,110.17
29371,139.98,250.00,100,3.00,110.02
29471,140.12,250.00,100,3.00,109.88
29571,140.28,250.00,100,3.00,109.72
29671,140.44,250.00,100,3.00,109.56
29771,140.58,250.00,100,3.00,109.42
29871,140.72,250.00,100,3.00,109.28
29971,140.86,250.00,100,3.00,109.14
30071,140.99,250.00,100,3.00,109.01
30171,141.14,250.00,100,3.00,108.86
30271,141.30,250.00,100,3.00,108.70
30371,141.48,250.00,100,3.00,108.52
30471,141.65,250.00,100,3.00,108.35
30571,141.81,250.00,100,3.00,108.19
30671,141.95,250.00,100,3.00,108.05
30771,142.10,250.00,100,3.00,107.90
30871,142.24,250.00,100,3.00,107.76
30971,142.43,250.00,100,3.00,107.57
31071,142.58,250.00,100,3.00,107.42
31171,142.74,250.00,100,3.00,107.26
31271,142.87,250.00,100,3.00,107.13
31371,143.03,250.00,100,3.00,106.97
31471,143.18,250.00,100,3.00,106.82
31571,143.33,250.00,100,3.00,106.67
31671,143.49,250.00,100,3.00,106.51
31771,143.63,250.00,100,3.00,106.37
31871,143.75,250.00,100,3.00,106.25
31971,143.89,250.00,100,3.00,106.11
32071,144.02,250.00,100,3.00,105.98
32171,144.16,250.00,100,3.00,105.84
32271,144.32,250.00,100,3.00,105.68
32371,144.48,250.00,100,3.00,105.52
32471,144.64,250.00,100,3.00,105.36
32571,144.79,250.00,100,3.00,105.21
32671,144.93,250.00,100,3.00,105.07
32771,145.07,250.00,100,3.00,104.93
32871,145.21,250.00,100,3.00,104.79
32971,145.35,250.00,100,3.00,104.65
33071,145.48,250.00,100,3.00,104.52
33171,145.62,250.00,100,3.00,104.38
33271,145.76,250.00,100,3.00,104.24
33371,145.89,250.00,100,3.00,104.11
33471,146.04,250.00,100,3.00,103.96
33571,146.22,250.00,100,3.00,103.78
33671,146.39,250.00,100,3.00,103.61
33771,146.53,250.00,100,3.00,103.47
33871,146.68,250.00,100,3.00,103.32
33971,146.84,250.00,100,3.00,103.16
34071,147.02,250.00,100,3.00,102.98
34171,147.15,250.00,100,3.00,102.85
34271,147.32,250.00,100,3.00,102.68
34371,147.45,250.00,100,3.00,102.55
34471,147.60,250.00,100,3.00,102.40
34571,147.77,250.00,100,3.00,102.23
34671,147.92,250.00,100,3.00,102.08
34771,148.08,250.00,100,3.00,101.92
34871,148.21,250.00,100,3.00,101.79
34971,148.33,250.00,100,3.00,101.67
35071,148.47,250.00,100,3.00,101.53
35171,148.59,250.00,100,3.00,101.41
35271,148.75,250.00,100,3.00,101.25
35371,148.89,250.00,100,3.00,101.11
35471,149.01,250.00,100,3.00,100.99
35571,149.15,250.00,100,3.00,100.85
35671,149.30,250.00,100,3.00,100.70
35771,149.44,250.00,100,3.00,100.56
35871,149.53,250.00,100,3.00,100.47
35971,149.65,250.00,100,3.00,100.35
36071,149.79,250.00,100,3.00,100.21
36171,149.88,250.00,100,3.00,100.12
36271,149.97,250.00,100,3.00,100.03
36371,150.06,250.00,100,3.00,99.94
36471,150.16,250.00,100,3.00,99.84
36571,150.27,250.00,100,3.00,99.73
36671,150.41,250.00,100,3.00,99.59
36771,150.52,250.00,100,3.00,99.48
36871,150.64,250.00,100,3.00,99.36
36971,150.74,250.00,100,3.00,99.26
37071,150.84,250.00,100,3.00,99.16
37171,150.99,250.00,100,3.00,99.01
37271,151.10,250.00,100,3.00,98.90
37371,151.23,250.00,100,3.00,98.77
37471,151.36,250.00,100,3.00,98.64
37571,151.49,250.00,100,3.00,98.51
37671,151.61,250.00,100,3.00,98.39
37771,151.77,250.00,100,3.00,98.23
37871,151.93,250.00,100,3.00,98.07
37971,152.06,250.00,100,3.00,97.94
38071,152.20,250.00,100,3.00,97.80
38171,152.35,250.00,100,3.00,97.65
38271,152.46,250.00,100,3.00,97.54
38371,152.58,250.00,100,3.00,97.42
38471,152.72,250.00,100,3.00,97.28
38571,152.83,250.00,100,3.00,97.17
38671,152.95,250.00,100,3.00,97.05
38771,153.10,250.00,100,3.00,96.90
38871,153.23,250.00,100,3.00,96.77
38971,153.38,250.00,100,3.00,96.62
39071,153.50,250.00,100,3.00,96.50
39171,153.63,250.00,100,3.00,96.37
39271,153.76,250.00,100,3.00,96.24
39371,153.93,250.00,100,3.00,96.07
39471,154.05,250.00,100,3.00,95.95
39571,154.16,250.00,100,3.00,95.84
39671,154.27,250.00,100,3.00,95.73
39771,154.43,250.00,100,3.00,95.57
39871,154.58,250.00,100,3.00,95.42
39971,154.71,250.00,100,3.00,95.29
40071,154.87,250.00,100,3.00,95.13
40171,155.06,250.00,100,3.00,94.94
40271,155.17,250.00,100,3.00,94.83
40371,155.31,250.00,100,3.00,94.69
40471,155.45,250.00,100,3.00,94.55
40571,155.58,250.00,100,3.00,94.42
40671,155.70,250.00,100,3.00,94.30
40771,155.86,250.00,100,3.00,94.14
40871,156.02,250.00,100,3.00,93.98
40971,156.12,250.00,100,3.00,93.88
41071,156.28,250.00,100,3.00,93.72
41171,156.44,250.00,100,3.00,93.56
41271,156.57,250.00,100,3.00,93.43
41371,156.71,250.00,100,3.00,93.29
41471,156.85,250.00,100,3.00,93.15
41571,156.98,250.00,100,3.00,93.02
41671,157.12,250.00,100,3.00,92.88
41771,157.27,250.00,100,3.00,92.73
41871,157.44,250.00,100,3.00,92.56
41971,157.59,250.00,100,3.00,92.41
42071,157.73,250.00,100,3.00,92.27
42171,157.87,250.00,100,3.00,92.13
42271,158.02,250.00,100,3.00,91.98
42371,158.21,250.00,100,3.00,91.79
42471,158.40,250.00,100,3.00,91.60
42571,158.52,250.00,100,3.00,91.48
42671,158.64,250.00,100,3.00,91.36
42771,158.77,250.00,100,3.00,91.23
42871,158.91,250.00,100,3.00,91.09
42971,159.09,250.00,100,3.00,90.91
43071,159.27,250.00,100,3.00,90.73
43171,159.42,250.00,100,3.00,90.58
43271,159.59,250.00,100,3.00,90.41
43371,159.71,250.00,100,3.00,90.29
43471,159.89,250.00,100,3.00,90.11
43571,160.03,250.00,100,3.00,89.97
43671,160.16,250.00,100,3.00,89.84
43771,160.29,250.00,100,3.00,89.71
43871,160.46,250.00,100,3.00,89.54
43971,160.62,250.00,100,3.00,89.38
44071,160.78,250.00,100,3.00,89.22
44171,160.93,250.00,100,3.00,89.07
44271,161.03,250.00,100,3.00,88.97
44371,161.20,250.00,100,3.00,88.80
44471,161.37,250.00,100,3.00,88.63
44571,161.52,250.00,100,3.00,88.48
44671,161.67,250.00,100,3.00,88.33
44771,161.77,250.00,100,3.00,88.23
44871,161.93,250.00,100,3.00,88.07
44971,162.06,250.00,100,3.00,87.94
45071,162.22,250.00,100,3.00,87.78
45171,162.40,250.00,100,3.00,87.60
45271,162.53,250.00,100,3.00,87.47
45371,162.65,250.00,100,3.00,87.35
45471,162.79,250.00,100,3.00,87.21
45571,162.97,250.00,100,3.00,87.03
45671,163.11,250.00,100,3.00,86.89
45771,163.23,250.00,100,3.00,86.77
45871,163.38,250.00,100,3.00,86.62
45971,163.49,250.00,100,3.00,86.51
46071,163.64,250.00,100,3.00,86.36
46171,163.80,250.00,100,3.00,86.20
46271,163.95,250.00,100,3.00,86.05
46371,164.07,250.00,100,3.00,85.93
46471,164.25,250.00,100,3.00,85.75
46571,164.39,250.00,100,3.00,85.61
46671,164.55,250.00,100,3.00,85.45
46771,164.68,250.00,100,3.00,85.32
46871,164.83,250.00,100,3.00,85.17
46971,164.95,250.00,100,3.00,85.05
47071,165.10,250.00,100,3.00,84.90
47171,165.29,250.00,100,3.00,84.71
47271,165.48,250.00,100,3.00,84.52
47371,165.66,250.00,100,3.00,84.34
47471,165.77,250.00,100,3.00,84.23
47571,165.90,250.00,100,3.00,84.10
47671,166.03,250.00,100,3.00,83.97
47771,166.17,250.00,100,3.00,83.83
47871,166.29,250.00,100,3.00,83.71
47971,166.43,250.00,100,3.00,83.57
48071,166.58,250.00,100,3.00,83.42
48171,166.75,250.00,100,3.00,83.25
48271,166.93,250.00,100,3.00,83.07
48371,167.09,250.00,100,3.00,82.91
48471,167.25,250.00,100,3.00,82.75
48571,167.41,250.00,100,3.00,82.59
48671,167.60,250.00,100,3.00,82.40
48771,167.71,250.00,100,3.00,82.29
48871,167.81,250.00,100,3.00,82.19
48971,167.92,250.00,100,3.00,82.08
49071,168.04,250.00,100,3.00,81.96
49171,168.18,250.00,100,3.00,81.82
49271,168.36,250.00,100,3.00,81.64
49371,168.50,250.00,100,3.00,81.50
49471,168.65,250.00,100,3.00,81.35
49571,168.76,250.00,100,3.00,81.24
49671,168.91,250.00,100,3.00,81.09
49771,169.11,250.00,100,3.00,80.89
49871,169.26,250.00,100,3.00,80.74
49971,169.39,250.00,100,3.00,80.61
50071,169.54,250.00,100,3.00,80.46
50171,169.66,250.00,100,3.00,80.34
50271,169.81,250.00,100,3.00,80.19
50371,170.03,250.00,100,3.00,79.97
50471,170.20,250.00,100,3.00,79.80
50571,170.37,250.00,100,3.00,79.63
50671,170.53,250.00,100,3.00,79.47
50771,170.67,250.00,100,3.00,79.33
50871,170.80,250.00,100,3.00,79.20
50971,170.90,250.00,100,3.00,79.10
51071,171.09,250.00,100,3.00,78.91
51171,171.19,250.00,100,3.00,78.81
51271,171.34,250.00,100,3.00,78.66
51371,171.52,250.00,100,3.00,78.48
51471,171.60,250.00,100,3.00,78.40
51571,171.74,250.00,100,3.00,78.26
51671,171.86,250.00,100,3.00,78.14
51771,172.00,250.00,100,3.00,78.00
51871,172.17,250.00,100,3.00,77.83
51971,172.32,250.00,100,3.00,77.68
52071,172.44,250.00,100,3.00,77.56
52171,172.58,250.00,100,3.00,77.42
52271,172.76,250.00,100,3.00,77.24
52371,172.93,250.00,100,3.00,77.07
52471,173.15,250.00,100,3.00,76.85
52571,173.34,250.00,100,3.00,76.66
52671,173.42,250.00,100,3.00,76.58
52771,173.59,250.00,100,3.00,76.41
52871,173.69,250.00,100,3.00,76.31
52971,173.83,250.00,100,3.00,76.17
53071,173.97,250.00,100,3.00,76.03
53171,174.14,250.00,100,3.00,75.86
53271,174.21,250.00,100,3.00,75.79
53371,174.34,250.00,100,3.00,75.66
53471,174.53,250.00,100,3.00,75.47
53571,174.60,250.00,100,3.00,75.40
53671,174.75,250.00,100,3.00,75.25
53771,174.86,250.00,100,3.00,75.14
53871,174.97,250.00,100,3.00,75.03
53971,175.16,250.00,100,3.00,74.84
54071,175.24,250.00,100,3.00,74.76
54171,175.37,250.00,100,3.00,74.63
54271,175.50,250.00,100,3.00,74.50
54371,175.67,250.00,100,3.00,74.33
54471,175.85,250.00,100,3.00,74.15
54571,176.00,250.00,100,3.00,74.00
54671,176.16,250.00,100,3.00,73.84
54771,176.32,250.00,100,3.00,73.68
54871,176.49,250.00,100,3.00,73.51
54971,176.59,250.00,100,3.00,73.41
55071,176.72,250.00,100,3.00,73.28
55171,176.86,250.00,100,3.00,73.14
55271,177.00,250.00,100,3.00,73.00
55371,177.08,250.00,100,3.00,72.92
55471,177.23,250.00,100,3.00,72.77
55571,177.41,250.00,100,3.00,72.59
55671,177.61,250.00,100,3.00,72.39
55771,177.81,250.00,100,3.00,72.19
55871,177.98,250.00,100,3.00,72.02
55971,178.11,250.00,100,3.00,71.89
56071,178.24,250.00,100,3.00,71.76
56171,178.37,250.00,100,3.00,71.63
56271,178.47,250.00,100,3.00,71.53
56371,178.61,250.00,100,3.00,71.39
56471,178.79,250.00,100,3.00,71.21
56571,178.95,250.00,100,3.00,71.05
56671,179.09,250.00,100,3.00,70.91
56771,179.22,250.00,100,3.00,70.78
56871,179.41,250.00,100,3.00,70.59
56971,179.59,250.00,100,3.00,70.41
57071,179.70,250.00,100,3.00,70.30
57171,179.87,250.00,100,3.00,70.13
57271,180.04,250.00,100,3.00,69.96
57371,180.20,250.00,100,3.00,69.80
57471,180.30,250.00,100,3.00,69.70
57571,180.45,250.00,100,3.00,69.55
57671,180.60,250.00,100,3.00,69.40
57771,180.80,250.00,100,3.00,69.20
57871,180.95,250.00,100,3.00,69.05
57971,181.05,250.00,100,3.00,68.95
58071,181.19,250.00,100,3.00,68.81
58171,181.33,250.00,100,3.00,68.67
58271,181.48,250.00,100,3.00,68.52
58371,181.59,250.00,100,3.00,68.41
58471,181.75,250.00,100,3.00,68.25
58571,181.86,250.00,100,3.00,68.14
58671,182.04,250.00,100,3.00,67.96
58771,182.21,250.00,100,3.00,67.79
58871,182.34,250.00,100,3.00,67.66
58971,182.52,250.00,100,3.00,67.48
59071,182.69,250.00,100,3.00,67.31
59171,182.89,250.00,100,3.00,67.11
59271,183.00,250.00,100,3.00,67.00
59371,183.11,250.00,100,3.00,66.89
59471,183.26,250.00,100,3.00,66.74
59571,183.46,250.00,100,3.00,66.54
59671,183.60,250.00,100,3.00,66.40
59771,183.81,250.00,100,3.00,66.19
59871,183.86,250.00,100,3.00,66.14
59971,184.01,250.00,100,3.00,65.99
60071,184.13,250.00,100,3.00,65.87
60171,184.26,250.00,100,3.00,65.74
60271,184.47,250.00,100,3.00,65.53
60371,184.60,250.00,100,3.00,65.40
60471,184.75,250.00,100,3.00,65.25
60571,184.88,250.00,100,3.00,65.12
60671,185.04,250.00,100,3.00,64.96
60771,185.15,250.00,100,3.00,64.85
60871,185.33,250.00,100,3.00,64.67
60971,185.48,250.00,100,3.00,64.52
61071,185.56,250.00,100,3.00,64.44
61171,185.70,250.00,100,3.00,64.30
61271,185.91,250.00,100,3.00,64.09
61371,186.03,250.00,100,3.00,63.97
61471,186.12,250.00,100,3.00,63.88
61571,186.20,250.00,100,3.00,63.80
61671,186.32,250.00,100,3.00,63.68
61771,186.44,250.00,100,3.00,63.56
61871,186.65,250.00,100,3.00,63.35
61971,186.80,250.00,100,3.00,63.20
62071,186.96,250.00,100,3.00,63.04
62171,187.08,250.00,100,3.00,62.92
62271,187.21,250.00,100,3.00,62.79
62371,187.36,250.00,100,3.00,62.64
62471,187.50,250.00,100,3.00,62.50
62571,187.72,250.00,100,3.00,62.28
62671,187.86,250.00,100,3.00,62.14
62771,187.95,250.00,100,3.00,62.05
62871,188.14,250.00,100,3.00,61.86
62971,188.40,250.00,100,3.00,61.60
63071,188.52,250.00,100,3.00,61.48
63171,188.69,250.00,100,3.00,61.31
63271,188.80,250.00,100,3.00,61.20
63371,188.89,250.00,100,3.00,61.11
63471,189.00,250.00,100,3.00,61.00
63571,189.08,250.00,100,3.00,60.92
63671,189.29,250.00,100,3.00,60.71
63771,189.38,250.00,100,3.00,60.62
63871,189.54,250.00,100,3.00,60.46
63971,189.74,250.00,100,3.00,60.26
64071,189.81,250.00,100,3.00,60.19
64171,189.97,250.00,100,3.00,60.03
64271,190.06,250.00,100,3.00,59.94
64371,190.17,250.00,100,3.00,59.83
64471,190.33,250.00,100,3.00,59.67
64571,190.48,250.00,100,3.00,59.52
64671,190.68,250.00,100,3.00,59.32
64771,190.79,250.00,100,3.00,59.21
64871,190.93,250.00,100,3.00,59.07
64971,191.04,250.00,100,3.00,58.96
65071,191.21,250.00,100,3.00,58.79
65171,191.38,250.00,100,3.00,58.62
65271,191.60,250.00,100,3.00,58.40
65371,191.85,250.00,100,3.00,58.15
65471,192.08,250.00,100,3.00,57.92
65571,192.23,250.00,100,3.00,57.77
65671,192.37,250.00,100,3.00,57.63
65771,192.57,250.00,100,3.00,57.43
65871,192.77,250.00,100,3.00,57.23
65971,192.90,250.00,100,3.00,57.10
66071,193.02,250.00,100,3.00,56.98
66171,193.13,250.00,100,3.00,56.87
66271,193.32,250.00,100,3.00,56.68
66371,193.40,250.00,100,3.00,56.60
66471,193.52,250.00,100,3.00,56.48
66571,193.72,250.00,100,3.00,56.28
66671,193.98,250.00,100,3.00,56.02
66771,194.04,250.00,100,3.00,55.96
66871,194.09,250.00,100,3.00,55.91
66971,194.26,250.00,100,3.00,55.74
67071,194.37,250.00,100,3.00,55.63
67171,194.58,250.00,100,3.00,55.42
67271,194.71,250.00,100,3.00,55.29
67371,194.89,250.00,100,3.00,55.11
67471,195.06,250.00,100,3.00,54.94
67571,195.13,250.00,100,3.00,54.87
67671,195.35,250.00,100,3.00,54.65
67771,195.47,250.00,100,3.00,54.53
67871,195.50,250.00,100,3.00,54.50
67971,195.71,250.00,100,3.00,54.29
68071,195.79,250.00,100,3.00,54.21
68171,195.94,250.00,100,3.00,54.06
68271,196.16,250.00,100,3.00,53.84
68371,196.30,250.00,100,3.00,53.70
68471,196.37,250.00,100,3.00,53.63
68571,196.47,250.00,100,3.00,53.53
68671,196.68,250.00,100,3.00,53.32
68771,196.80,250.00,100,3.00,53.20
68871,196.87,250.00,100,3.00,53.13
68971,197.00,250.00,100,3.00,53.00
69071,197.19,250.00,100,3.00,52.81
69171,197.33,250.00,100,3.00,52.67
69271,197.51,250.00,100,3.00,52.49
69371,197.62,250.00,100,3.00,52.38
69471,197.83,250.00,100,3.00,52.17
69571,197.96,250.00,100,3.00,52.04
69671,198.11,250.00,100,3.00,51.89
69771,198.35,250.00,100,3.00,51.65
69871,198.43,250.00,100,3.00,51.57
69971,198.56,250.00,100,3.00,51.44
70071,198.75,250.00,100,3.00,51.25
70171,198.87,250.00,100,3.00,51.13
70271,199.01,250.00,100,3.00,50.99
70371,199.25,250.00,100,3.00,50.75
70471,199.40,250.00,100,3.00,50.60
70571,199.49,250.00,100,3.00,50.51
70671,199.56,250.00,100,3.00,50.44
70771,199.80,250.00,100,3.00,50.20
70871,199.82,250.00,100,3.00,50.18
70971,199.92,250.00,100,3.00,50.08
71071,199.98,250.00,100,3.00,50.02
71171,200.17,250.00,100,3.00,49.83
71271,200.29,250.00,100,3.00,49.71
71371,200.60,250.00,100,3.00,49.40
71471,200.71,250.00,100,3.00,49.29
71571,200.75,250.00,100,3.00,49.25
71671,200.95,250.00,100,3.00,49.05
71771,201.05,250.00,100,3.00,48.95
71871,201.17,250.00,100,3.00,48.83
71971,201.33,250.00,100,3.00,48.67
72071,201.48,250.00,100,3.00,48.52
72171,201.59,250.00,100,3.00,48.41
72271,201.71,250.00,100,3.00,48.29
72371,201.88,250.00,100,3.00,48.12
72471,202.00,250.00,100,3.00,48.00
72571,202.17,250.00,100,3.00,47.83
72671,202.27,250.00,100,3.00,47.73
72771,202.38,250.00,100,3.00,47.62
72871,202.54,250.00,100,3.00,47.46
72971,202.84,250.00,100,3.00,47.16
73071,202.93,250.00,100,3.00,47.07
73171,203.10,250.00,100,3.00,46.90
73271,203.31,250.00,100,3.00,46.69
73371,203.54,250.00,100,3.00,46.46
73471,203.71,250.00,100,3.00,46.29
73571,203.83,250.00,100,3.00,46.17
73671,203.88,250.00,100,3.00,46.12
73771,204.11,250.00,100,3.00,45.89
73871,204.26,250.00,100,3.00,45.74
73971,204.39,250.00,100,3.00,45.61
74071,204.53,250.00,100,3.00,45.47
74171,204.57,250.00,100,3.00,45.43
74271,204.67,250.00,100,3.00,45.33
74371,204.86,250.00,100,3.00,45.14
74471,205.19,250.00,100,3.00,44.81
74571,205.35,250.00,100,3.00,44.65
74671,205.57,250.00,100,3.00,44.43
74771,205.66,250.00,100,3.00,44.34
74871,205.81,250.00,100,3.00,44.19
74971,205.98,250.00,100,3.00,44.02
75071,206.13,250.00,100,3.00,43.87
75171,206.30,250.00,100,3.00,43.70
75271,206.52,250.00,100,3.00,43.48
75371,206.62,250.00,100,3.00,43.38
75471,206.87,250.00,100,3.00,43.13
75571,207.21,250.00,100,3.00,42.79
75671,207.37,250.00,100,3.00,42.63
75771,207.62,250.00,100,3.00,42.38
75871,207.95,250.00,100,3.00,42.05
75971,208.07,250.00,100,3.00,41.93
76071,208.18,250.00,100,3.00,41.82
76171,208.32,250.00,100,3.00,41.68
76271,208.58,250.00,100,3.00,41.42
76371,208.64,250.00,100,3.00,41.36
76471,208.76,250.00,100,3.00,41.24
76571,208.98,250.00,100,3.00,41.02
76671,208.97,250.00,100,3.00,41.03
76771,209.24,250.00,100,3.00,40.76
76871,209.26,250.00,100,3.00,40.74
76971,209.40,250.00,100,3.00,40.60
77071,209.51,250.00,100,3.00,40.49
77171,209.84,250.00,100,3.00,40.16
77271,209.91,250.00,100,3.00,40.09
77371,210.05,250.00,100,3.00,39.95
77471,210.21,250.00,100,3.00,39.79
77571,210.43,250.00,100,3.00,39.57
77671,210.59,250.00,100,3.00,39.41
77771,210.70,250.00,100,3.00,39.30
77871,210.72,250.00,100,3.00,39.28
77971,211.08,250.00,100,3.00,38.92
78071,211.10,250.00,100,3.00,38.90
78171,211.27,250.00,100,3.00,38.73
78271,211.42,250.00,100,3.00,38.58
78371,211.44,250.00,100,3.00,38.56
78471,211.54,250.00,100,3.00,38.46
78571,211.70,250.00,100,3.00,38.30
78671,212.00,250.00,100,3.00,38.00
78771,212.00,250.00,100,3.00,38.00
78871,212.19,250.00,100,3.00,37.81
78971,212.29,250.00,100,3.00,37.71
79071,212.49,250.00,100,3.00,37.51
79171,212.79,250.00,100,3.00,37.21
79271,212.98,250.00,100,3.00,37.02
79371,213.11,250.00,100,3.00,36.89
79471,213.27,250.00,100,3.00,36.73
79571,213.45,250.00,100,3.00,36.55
79671,213.69,250.00,100,3.00,36.31
79771,214.03,250.00,100,3.00,35.97
79871,214.22,250.00,100,3.00,35.78
79971,214.27,250.00,100,3.00,35.73
80071,214.59,250.00,100,3.00,35.41
80171,214.85,250.00,100,3.00,35.15
80271,214.91,250.00,100,3.00,35.09
80371,215.05,250.00,100,3.00,34.95
80471,215.21,250.00,100,3.00,34.79
80571,215.24,250.00,100,3.00,34.76
80671,215.34,250.00,100,3.00,34.66
80771,215.61,250.00,100,3.00,34.39
80871,215.88,250.00,100,3.00,34.12
80971,216.05,250.00,100,3.00,33.95
81071,216.11,250.00,100,3.00,33.89
81171,216.17,250.00,100,3.00,33.83
81271,216.44,250.00,100,3.00,33.56
81371,216.42,250.00,100,3.00,33.58
81471,216.53,250.00,100,3.00,33.47
81571,216.72,250.00,100,3.00,33.28
81671,216.76,250.00,100,3.00,33.24
81771,216.92,250.00,100,3.00,33.08
81871,217.11,250.00,100,3.00,32.89
81971,217.24,250.00,100,3.00,32.76
82071,217.35,250.00,100,3.00,32.65
82171,217.58,250.00,100,3.00,32.42
82271,217.98,250.00,0,3.00,32.02
82371,218.42,250.00,0,3.00,31.58
82471,218.87,250.00,0,3.00,31.13
82571,219.18,250.00,90,3.00,30.82
82671,219.55,250.00,0,3.00,30.45
82771,219.88,250.00,5,3.00,30.12
82871,220.14,250.00,100,3.00,29.86
82971,220.09,250.00,100,3.00,29.91
83071,220.28,250.00,100,3.00,29.72
83171,220.31,250.00,100,3.00,29.69
83271,220.38,250.00,100,3.00,29.62
83371,220.54,250.00,100,3.00,29.46
83471,220.54,250.00,100,3.00,29.46
83571,220.64,250.00,100,3.00,29.36
83671,220.91,250.00,100,3.00,29.09
83771,221.21,250.00,68,3.00,28.79
83871,221.47,250.00,100,3.00,28.53
83971,221.81,250.00,0,3.00,28.19
84071,222.12,250.00,21,3.00,27.88
84171,222.05,250.00,100,3.00,27.95
84271,222.28,250.00,100,3.00,27.72
84371,222.34,250.00,100,3.00,27.66
84471,222.45,250.00,100,3.00,27.55
84571,222.45,250.00,100,3.00,27.55
84671,222.40,250.00,100,3.00,27.60
84771,222.50,250.00,100,3.00,27.50
84871,222.68,250.00,100,3.00,27.32
84971,223.00,250.00,0,3.00,27.00
85071,223.39,250.00,0,3.00,26.61
85171,223.69,250.00,0,3.00,26.31
85271,223.85,250.00,100,3.00,26.15
85371,223.90,250.00,100,3.00,26.10
85471,224.20,250.00,0,3.00,25.80
85571,224.47,250.00,42,3.00,25.53
85671,224.87,250.00,0,3.00,25.13
85771,225.02,250.00,100,3.00,24.98
85871,225.01,250.00,100,3.00,24.99
85971,225.19,250.00,100,3.00,24.81
86071,225.31,250.00,100,3.00,24.69
86171,225.42,250.00,100,3.00,24.58
86271,225.67,250.00,48,3.00,24.33
86371,225.95,250.00,0,3.00,24.05
86471,226.15,250.00,100,3.00,23.85
86571,226.23,250.00,100,3.00,23.77
86671,226.35,250.00,100,3.00,23.65
86771,226.61,250.00,0,3.00,23.39
86871,226.80,250.00,100,3.00,23.20
86971,226.81,250.00,100,3.00,23.19
87071,227.09,250.00,0,3.00,22.91
87171,227.39,250.00,0,3.00,22.61
87271,227.73,250.00,0,3.00,22.27
87371,227.80,250.00,100,3.00,22.20
87471,227.87,250.00,100,3.00,22.13
87571,227.99,250.00,100,3.00,22.01
87671,228.04,250.00,100,3.00,21.96
87771,228.25,250.00,81,3.00,21.75
87871,228.38,250.00,100,3.00,21.62
87971,228.34,250.00,100,3.00,21.66
88071,228.58,250.00,6,3.00,21.42
88171,228.57,250.00,100,3.00,21.43
88271,228.67,250.00,100,3.00,21.33
88371,228.93,250.00,0,3.00,21.07
88471,229.35,250.00,0,3.00,20.65
88571,229.72,250.00,0,3.00,20.28
88671,230.11,250.00,0,3.00,19.89
88771,230.29,250.00,100,3.00,19.71
88871,230.27,250.00,100,3.00,19.73
88971,230.04,250.00,100,3.00,19.96
89071,230.05,250.00,100,3.00,19.95
89171,230.29,250.00,0,3.00,19.71
89271,230.57,250.00,0,3.00,19.43
89371,230.94,250.00,0,3.00,19.06
89471,231.09,250.00,100,3.00,18.91
89571,231.00,250.00,100,3.00,19.00
89671,230.97,250.00,100,3.00,19.03
89771,231.00,250.00,100,3.00,19.00
89871,230.92,250.00,100,3.00,19.08
89971,231.01,250.00,100,3.00,18.99
90071,230.93,250.00,100,3.00,19.07
90171,231.14,250.00,0,3.00,18.86
90271,231.15,250.00,100,3.00,18.85
90371,231.23,250.00,100,3.00,18.77
90471,231.41,250.00,62,3.00,18.59
90571,231.82,250.00,0,3.00,18.18
90671,232.32,250.00,0,3.00,17.68
90771,232.71,250.00,0,3.00,17.29
90871,233.12,250.00,0,3.00,16.88
90971,233.30,250.00,21,3.00,16.70
91071,233.52,250.00,0,3.00,16.48
91171,233.72,250.00,0,3.00,16.28
91271,234.03,250.00,0,3.00,15.97
91371,234.44,250.00,0,3.00,15.56
91471,234.75,250.00,0,3.00,15.25
91571,235.02,250.00,0,3.00,14.98
91671,235.01,250.00,100,3.00,14.99
91771,234.88,250.00,100,3.00,15.12
91871,234.75,250.00,100,3.00,15.25
91971,234.83,250.00,100,3.00,15.17
92071,234.78,250.00,100,3.00,15.22
92171,234.73,250.00,100,3.00,15.27
92271,234.68,250.00,100,3.00,15.32
92371,235.03,250.00,0,3.00,14.97
92471,235.28,250.00,0,3.00,14.72
92571,235.18,250.00,100,3.00,14.82
92671,235.28,250.00,100,3.00,14.72
92771,235.11,250.00,100,3.00,14.89
92871,234.97,250.00,100,3.00,15.03
92971,234.84,250.00,100,3.00,15.16
93071,234.66,250.00,100,3.00,15.34
93171,234.56,250.00,100,3.00,15.44
93271,234.60,250.00,100,3.00,15.40
93371,234.82,250.00,0,3.00,15.18
93471,235.29,250.00,0,3.00,14.71
93571,235.71,250.00,0,3.00,14.29
93671,235.82,250.00,100,3.00,14.18
93771,235.61,250.00,100,3.00,14.39
93871,235.60,250.00,100,3.00,14.40
93971,235.53,250.00,100,3.00,14.47
94071,235.47,250.00,100,3.00,14.53
94171,235.47,250.00,100,3.00,14.53
94271,235.61,250.00,65,3.00,14.39
94371,235.80,250.00,0,3.00,14.20
94471,235.71,250.00,100,3.00,14.29
94571,235.82,250.00,100,3.00,14.18
94671,235.92,250.00,100,3.00,14.08
94771,236.28,250.00,0,3.00,13.72
94871,236.61,250.00,0,3.00,13.39
94971,236.90,250.00,0,3.00,13.10
95071,237.09,250.00,0,3.00,12.91
95171,237.00,250.00,100,3.00,13.00
95271,236.73,250.00,100,3.00,13.27
95371,236.54,250.00,100,3.00,13.46
95471,236.71,250.00,0,3.00,13.29
95571,237.06,250.00,0,3.00,12.94
95671,237.17,250.00,85,3.00,12.83
95771,236.94,250.00,100,3.00,13.06
95871,236.67,250.00,100,3.00,13.33
95971,236.82,250.00,0,3.00,13.18
96071,237.09,250.00,0,3.00,12.91
96171,237.34,250.00,0,3.00,12.66
96271,237.22,250.00,100,3.00,12.78
96371,236.93,250.00,100,3.00,13.07
96471,236.98,250.00,100,3.00,13.02
96571,237.24,250.00,0,3.00,12.76
96671,237.47,250.00,0,3.00,12.53
96771,237.34,250.00,100,3.00,12.66
96871,237.63,250.00,0,3.00,12.37
96971,237.89,250.00,0,3.00,12.11
97071,238.05,250.00,0,3.00,11.95
97171,238.27,250.00,0,3.00,11.73
97271,238.12,250.00,100,3.00,11.88
97371,237.80,250.00,100,3.00,12.20
97471,237.64,250.00,100,3.00,12.36
97571,237.69,250.00,100,3.00,12.31
97671,237.60,250.00,100,3.00,12.40
97771,237.66,250.00,100,3.00,12.34
97871,237.78,250.00,48,3.00,12.22
97971,237.68,250.00,100,3.00,12.32
98071,237.60,250.00,100,3.00,12.40
98171,237.79,250.00,0,3.00,12.21
98271,238.03,250.00,0,3.00,11.97
98371,237.91,250.00,100,3.00,12.09
98471,237.87,250.00,100,3.00,12.13
98571,237.90,250.00,100,3.00,12.10
98671,238.06,250.00,0,3.00,11.94
98771,238.21,250.00,0,3.00,11.79
98871,238.07,250.00,100,3.00,11.93
98971,238.08,250.00,100,3.00,11.92
99071,238.22,250.00,0,3.00,11.78
99171,238.57,250.00,0,3.00,11.43
99271,238.66,250.00,77,3.00,11.34
99371,238.82,250.00,0,3.00,11.18
99471,238.62,250.00,100,3.00,11.38
99571,238.51,250.00,100,3.00,11.49
99671,238.61,250.00,64,3.00,11.39
99771,238.77,250.00,0,3.00,11.23
99871,238.92,250.00,0,3.00,11.08
99971,238.84,250.00,100,3.00,11.16
100071,238.57,250.00,100,3.00,11.43
100171,238.67,250.00,79,3.00,11.33
100271,238.82,250.00,0,3.00,11.18
100371,239.04,250.00,0,3.00,10.96
100471,238.95,250.00,100,3.00,11.05
100571,238.67,250.00,100,3.00,11.33
100671,238.69,250.00,100,3.00,11.31
100771,238.91,250.00,0,3.00,11.09
100871,239.11,250.00,0,3.00,10.89
100971,239.52,250.00,0,3.00,10.48
101071,239.52,250.00,100,3.00,10.48
101171,239.52,250.00,100,3.00,10.48
101271,239.25,250.00,100,3.00,10.75
101371,239.07,250.00,100,3.00,10.93
101471,238.72,250.00,100,3.00,11.28
101571,238.80,250.00,100,3.00,11.20
101671,238.60,250.00,100,3.00,11.40
101771,238.69,250.00,85,3.00,11.31
101871,238.51,250.00,100,3.00,11.49
101971,238.41,250.00,100,3.00,11.59
102071,238.18,250.00,100,3.00,11.82
102171,237.98,250.00,100,3.00,12.02
102271,237.87,250.00,100,3.00,12.13
102371,238.10,250.00,0,3.00,11.90
102471,238.24,250.00,0,3.00,11.76
102571,238.44,250.00,0,3.00,11.56
102671,238.76,250.00,0,3.00,11.24
102771,238.98,250.00,0,3.00,11.02
102871,238.77,250.00,100,3.00,11.23
102971,238.64,250.00,100,3.00,11.36
103071,238.39,250.00,100,3.00,11.61
103171,238.30,250.00,100,3.00,11.70
103271,238.09,250.00,100,3.00,11.91
103371,237.96,250.00,100,3.00,12.04
103471,237.66,250.00,100,3.00,12.34
103571,237.32,250.00,100,3.00,12.68
103671,237.14,250.00,100,3.00,12.86
103771,237.11,250.00,100,3.00,12.89
103871,237.35,250.00,0,3.00,12.65
103971,237.78,250.00,0,3.00,12.22
104071,238.17,250.00,0,3.00,11.83
104171,238.17,250.00,100,3.00,11.83
104271,237.90,250.00,100,3.00,12.10
104371,237.86,250.00,100,3.00,12.14
104471,238.10,250.00,0,3.00,11.90
104571,238.24,250.00,0,3.00,11.76
104671,238.30,250.00,100,3.00,11.70
104771,238.29,250.00,100,3.00,11.71
104871,238.27,250.00,100,3.00,11.73
104971,238.47,250.00,0,3.00,11.53
105071,238.51,250.00,100,3.00,11.49
105171,238.15,250.00,100,3.00,11.85
105271,238.15,250.00,100,3.00,11.85
105371,238.01,250.00,100,3.00,11.99
105471,237.83,250.00,100,3.00,12.17
105571,237.54,250.00,100,3.00,12.46
105671,237.67,250.00,20,3.00,12.33
105771,237.92,250.00,0,3.00,12.08
105871,237.95,250.00,100,3.00,12.05
105971,238.10,250.00,0,3.00,11.90
106071,238.39,250.00,0,3.00,11.61
106171,238.43,250.00,100,3.00,11.57
106271,238.08,250.00,100,3.00,11.92
106371,237.82,250.00,100,3.00,12.18
106471,237.93,250.00,85,3.00,12.07
106571,238.02,250.00,100,3.00,11.98
106671,237.83,250.00,100,3.00,12.17
106771,237.80,250.00,100,3.00,12.20
106871,237.51,250.00,100,3.00,12.49
106971,237.44,250.00,100,3.00,12.56
107071,237.58,250.00,0,3.00,12.42
107171,237.84,250.00,0,3.00,12.16
107271,238.23,250.00,0,3.00,11.77
107371,238.15,250.00,100,3.00,11.85
107471,237.83,250.00,100,3.00,12.17
107571,237.66,250.00,100,3.00,12.34
107671,237.32,250.00,100,3.00,12.68
107771,237.21,250.00,100,3.00,12.79
107871,236.98,250.00,100,3.00,13.02
107971,236.90,250.00,100,3.00,13.10
108071,237.16,250.00,0,3.00,12.84
108171,237.61,250.00,0,3.00,12.39
108271,237.80,250.00,0,3.00,12.20
108371,237.77,250.00,100,3.00,12.23
108471,237.68,250.00,100,3.00,12.32
108571,237.79,250.00,52,3.00,12.21
108671,237.97,250.00,0,3.00,12.03
108771,237.98,250.00,100,3.00,12.02
108871,237.87,250.00,100,3.00,12.13
108971,237.76,250.00,100,3.00,12.24
109071,237.74,250.00,100,3.00,12.26
109171,238.13,250.00,0,3.00,11.87
109271,238.34,250.00,0,3.00,11.66
109371,238.82,250.00,0,3.00,11.18
109471,238.82,250.00,100,3.00,11.18
109571,238.69,250.00,100,3.00,11.31
109671,238.57,250.00,100,3.00,11.43
109771,238.33,250.00,100,3.00,11.67
109871,238.31,250.00,100,3.00,11.69
109971,238.43,250.00,20,3.00,11.57
110071,238.61,250.00,0,3.00,11.39
110171,238.63,250.00,100,3.00,11.37
110271,238.52,250.00,100,3.00,11.48
110371,238.48,250.00,100,3.00,11.52
110471,238.25,250.00,100,3.00,11.75
110571,238.11,250.00,100,3.00,11.89
110671,238.39,250.00,0,3.00,11.61
110771,238.94,250.00,0,3.00,11.06
110871,239.07,250.00,0,3.00,10.93
110971,239.26,250.00,0,3.00,10.74
111071,239.43,250.00,0,3.00,10.57
111171,239.58,250.00,0,3.00,10.42
111271,239.64,250.00,100,3.00,10.36
111371,239.56,250.00,100,3.00,10.44
111471,239.56,250.00,100,3.00,10.44
111571,239.42,250.00,100,3.00,10.58
111671,239.50,250.00,91,3.00,10.50
111771,239.17,250.00,100,3.00,10.83
111871,239.07,250.00,100,3.00,10.93
111971,238.78,250.00,100,3.00,11.22
112071,238.45,250.00,100,3.00,11.55
112171,238.36,250.00,100,3.00,11.64
112271,238.54,250.00,0,3.00,11.46
112371,238.78,250.00,0,3.00,11.22
112471,239.14,250.00,0,3.00,10.86
112571,239.11,250.00,100,3.00,10.89
112671,239.02,250.00,100,3.00,10.98
112771,239.21,250.00,0,3.00,10.79
112871,239.76,250.00,0,3.00,10.24
112971,239.95,250.00,0,3.00,10.05
113071,239.97,250.00,100,3.00,10.03
113171,239.86,250.00,100,3.00,10.14
113271,239.90,250.00,100,3.00,10.10
113371,239.79,250.00,100,3.00,10.21
113471,239.63,250.00,100,3.00,10.37
113571,239.35,250.00,100,3.00,10.65
113671,239.44,250.00,75,3.00,10.56
113771,239.38,250.00,100,3.00,10.62
113871,239.19,250.00,100,3.00,10.81
113971,238.95,250.00,100,3.00,11.05
114071,238.94,250.00,100,3.00,11.06
114171,238.79,250.00,100,3.00,11.21
114271,238.73,250.00,100,3.00,11.27
114371,238.74,250.00,100,3.00,11.26
114471,238.96,250.00,0,3.00,11.04
114571,239.16,250.00,0,3.00,10.84
114671,239.26,250.00,33,3.00,10.74
114771,239.15,250.00,100,3.00,10.85
114871,239.05,250.00,100,3.00,10.95
114971,238.77,250.00,100,3.00,11.23
115071,238.64,250.00,100,3.00,11.36
115171,238.66,250.00,100,3.00,11.34
115271,238.81,250.00,0,3.00,11.19
115371,239.10,250.00,0,3.00,10.90
115471,239.28,250.00,0,3.00,10.72
115571,239.52,250.00,0,3.00,10.48
115671,239.88,250.00,0,3.00,10.12
115771,239.85,250.00,100,3.00,10.15
115871,239.96,250.00,8,3.00,10.04
115971,239.91,250.00,100,3.00,10.09
116071,239.81,250.00,100,3.00,10.19
116171,239.51,250.00,100,3.00,10.49
116271,239.37,250.00,100,3.00,10.63
116371,239.32,250.00,100,3.00,10.68
116471,239.55,250.00,0,3.00,10.45
116571,239.84,250.00,0,3.00,10.16
116671,240.02,250.00,0,3.00,9.98
116771,240.11,250.00,47,3.00,9.89
116871,239.92,250.00,100,3.00,10.08
116971,239.81,250.00,100,3.00,10.19
117071,239.71,250.00,100,3.00,10.29
117171,239.83,250.00,0,3.00,10.17
117271,240.09,250.00,0,3.00,9.91
117371,240.40,250.00,0,3.00,9.60
117471,240.60,250.00,0,3.00,9.40
117571,241.00,250.00,0,3.00,9.00
117671,241.07,250.00,85,3.00,8.93
117771,241.20,250.00,0,3.00,8.80
117871,241.47,250.00,0,3.00,8.53
117971,241.64,250.00,0,3.00,8.36
118071,241.94,250.00,0,3.00,8.06
118171,242.14,250.00,0,3.00,7.86
118271,242.39,250.00,0,3.00,7.61
118371,242.11,250.00,100,3.00,7.89
118471,241.85,250.00,100,3.00,8.15
118571,241.90,250.00,89,3.00,8.10
118671,241.74,250.00,100,3.00,8.26
118771,241.80,250.00,64,3.00,8.20
118871,241.57,250.00,100,3.00,8.43
118971,241.44,250.00,100,3.00,8.56
119071,241.54,250.00,0,3.00,8.46
119171,241.55,250.00,100,3.00,8.45
119271,241.35,250.00,100,3.00,8.65
119371,241.31,250.00,100,3.00,8.69
119471,241.06,250.00,100,3.00,8.94
119571,241.12,250.00,97,3.00,8.88
119671,241.17,250.00,100,3.00,8.83
119771,241.37,250.00,0,3.00,8.63
119871,241.70,250.00,0,3.00,8.30
119971,241.63,250.00,100,3.00,8.37
120071,241.56,250.00,100,3.00,8.44
120171,241.42,250.00,100,3.00,8.58
120271,241.30,250.00,100,3.00,8.70
120371,241.41,250.00,0,3.00,8.59
120471,241.22,250.00,100,3.00,8.78
120571,241.12,250.00,100,3.00,8.88
120671,241.33,250.00,0,3.00,8.67
120771,241.43,250.00,0,3.00,8.57
120871,241.61,250.00,0,3.00,8.39
120971,241.54,250.00,100,3.00,8.46
121071,241.34,250.00,100,3.00,8.66
121171,241.44,250.00,0,3.00,8.56
121271,241.54,250.00,0,3.00,8.46
121371,241.78,250.00,0,3.00,8.22
121471,241.91,250.00,0,3.00,8.09
121571,242.11,250.00,0,3.00,7.89
121671,242.29,250.00,0,3.00,7.71
121771,242.69,250.00,0,3.00,7.31
121871,242.81,250.00,0,3.00,7.19
121971,242.55,250.00,100,3.00,7.45
122071,242.76,250.00,0,3.00,7.24
122171,242.80,250.00,100,3.00,7.20
122271,242.55,250.00,100,3.00,7.45
122371,242.38,250.00,100,3.00,7.62
122471,242.39,250.00,100,3.00,7.61
122571,242.03,250.00,100,3.00,7.97
122671,241.78,250.00,100,3.00,8.22
122771,241.84,250.00,73,3.00,8.16
122871,241.54,250.00,100,3.00,8.46
122971,241.63,250.00,20,3.00,8.37
123071,241.42,250.00,100,3.00,8.58
123171,241.23,250.00,100,3.00,8.77
123271,241.13,250.00,100,3.00,8.87
123371,241.04,250.00,100,3.00,8.96
123471,241.10,250.00,92,3.00,8.90
123571,240.94,250.00,100,3.00,9.06
123671,241.09,250.00,0,3.00,8.91
123771,241.29,250.00,0,3.00,8.71
123871,241.12,250.00,100,3.00,8.88
123971,241.10,250.00,100,3.00,8.90
124071,241.16,250.00,100,3.00,8.84
124171,240.99,250.00,100,3.00,9.01
124271,240.85,250.00,100,3.00,9.15
124371,240.71,250.00,100,3.00,9.29
124471,240.53,250.00,100,3.00,9.47
124571,240.29,250.00,100,3.00,9.71
124671,240.14,250.00,100,3.00,9.86
124771,240.08,250.00,100,3.00,9.92
124871,240.31,250.00,0,3.00,9.69
124971,240.67,250.00,0,3.00,9.33
125071,241.00,250.00,0,3.00,9.00
125171,240.99,250.00,100,3.00,9.01
125271,240.84,250.00,100,3.00,9.16
125371,240.78,250.00,100,3.00,9.22
125471,241.02,250.00,0,3.00,8.98
125571,241.23,250.00,0,3.00,8.77
125671,241.13,250.00,100,3.00,8.87
125771,241.04,250.00,100,3.00,8.96
125871,240.89,250.00,100,3.00,9.11
125971,240.82,250.00,100,3.00,9.18
126071,240.69,250.00,100,3.00,9.31
126171,240.44,250.00,100,3.00,9.56
126271,240.28,250.00,100,3.00,9.72
126371,240.20,250.00,100,3.00,9.80
126471,240.07,250.00,100,3.00,9.93
126571,240.01,250.00,100,3.00,9.99
126671,239.96,250.00,100,3.00,10.04
126771,239.78,250.00,100,3.00,10.22
126871,239.69,250.00,100,3.00,10.31
126971,239.89,250.00,0,3.00,10.11
127071,240.14,250.00,0,3.00,9.86
127171,240.29,250.00,0,3.00,9.71
127271,240.35,250.00,100,3.00,9.65
127371,240.20,250.00,100,3.00,9.80
127471,240.50,250.00,0,3.00,9.50
127571,240.92,250.00,0,3.00,9.08
127671,241.29,250.00,0,3.00,8.71
127771,241.26,250.00,100,3.00,8.74
127871,241.37,250.00,0,3.00,8.63
127971,241.47,250.00,0,3.00,8.53
128071,241.28,250.00,100,3.00,8.72
128171,241.54,250.00,0,3.00,8.46
128271,242.01,250.00,0,3.00,7.99
128371,242.13,250.00,0,3.00,7.87
128471,242.15,250.00,100,3.00,7.85
128571,241.96,250.00,100,3.00,8.04
128671,241.65,250.00,100,3.00,8.35
128771,241.72,250.00,44,3.00,8.28
128871,241.94,250.00,0,3.00,8.06
128971,242.06,250.00,0,3.00,7.94
129071,242.25,250.00,0,3.00,7.75
129171,242.57,250.00,0,3.00,7.43
129271,242.70,250.00,0,3.00,7.30
129371,242.53,250.00,100,3.00,7.47
129471,242.30,250.00,100,3.00,7.70
129571,242.38,250.00,0,3.00,7.62
129671,242.69,250.00,0,3.00,7.31
129771,242.81,250.00,0,3.00,7.19
129871,242.62,250.00,100,3.00,7.38
129971,242.31,250.00,100,3.00,7.69
130071,242.18,250.00,100,3.00,7.82
130171,242.43,250.00,0,3.00,7.57
130271,242.50,250.00,30,3.00,7.50
130371,242.34,250.00,100,3.00,7.66
130471,242.27,250.00,100,3.00,7.73
130571,242.07,250.00,100,3.00,7.93
130671,241.89,250.00,100,3.00,8.11
130771,241.79,250.00,100,3.00,8.21
130871,241.71,250.00,100,3.00,8.29
130971,241.49,250.00,100,3.00,8.51
131071,241.36,250.00,100,3.00,8.64
131171,241.54,250.00,0,3.00,8.46
131271,241.85,250.00,0,3.00,8.15
131371,242.14,250.00,0,3.00,7.86
131471,242.39,250.00,0,3.00,7.61
131571,242.62,250.00,0,3.00,7.38
131671,242.75,250.00,0,3.00,7.25
131771,242.71,250.00,100,3.00,7.29
131871,242.46,250.00,100,3.00,7.54
131971,242.31,250.00,100,3.00,7.69
132071,242.03,250.00,100,3.00,7.97
132171,242.07,250.00,100,3.00,7.93
132271,242.33,250.00,0,3.00,7.67
132371,242.49,250.00,0,3.00,7.51
132471,242.33,250.00,100,3.00,7.67
132571,242.27,250.00,100,3.00,7.73
132671,242.06,250.00,100,3.00,7.94
132771,241.88,250.00,100,3.00,8.12
132871,241.57,250.00,100,3.00,8.43
132971,241.30,250.00,100,3.00,8.70
133071,241.12,250.00,100,3.00,8.88
133171,241.03,250.00,100,3.00,8.97
133271,241.24,250.00,0,3.00,8.76
133371,241.67,250.00,0,3.00,8.33
133471,241.89,250.00,0,3.00,8.11
133571,242.09,250.00,0,3.00,7.91
133671,242.12,250.00,100,3.00,7.88
133771,241.93,250.00,100,3.00,8.07
133871,241.56,250.00,100,3.00,8.44
133971,241.42,250.00,100,3.00,8.58
134071,241.16,250.00,100,3.00,8.84
134171,241.21,250.00,100,3.00,8.79
134271,241.26,250.00,100,3.00,8.74
134371,241.23,250.00,100,3.00,8.77
134471,241.13,250.00,100,3.00,8.87
134571,240.90,250.00,100,3.00,9.10
134671,240.90,250.00,100,3.00,9.10
134771,241.05,250.00,0,3.00,8.95
134871,241.26,250.00,0,3.00,8.74
134971,241.53,250.00,0,3.00,8.47
135071,241.47,250.00,100,3.00,8.53
135171,241.14,250.00,100,3.00,8.86
135271,240.97,250.00,100,3.00,9.03
135371,241.19,250.00,0,3.00,8.81
135471,241.46,250.00,0,3.00,8.54
135571,241.63,250.00,0,3.00,8.37
135671,241.94,250.00,0,3.00,8.06
135771,242.21,250.00,0,3.00,7.79
135871,242.30,250.00,0,3.00,7.70
135971,242.31,250.00,100,3.00,7.69
136071,242.03,250.00,100,3.00,7.97
136171,241.85,250.00,100,3.00,8.15
136271,241.62,250.00,100,3.00,8.38
136371,241.70,250.00,38,3.00,8.30
136471,241.77,250.00,55,3.00,8.23
136571,241.54,250.00,100,3.00,8.46
136671,241.63,250.00,20,3.00,8.37
136771,241.78,250.00,0,3.00,8.22
136871,241.84,250.00,74,3.00,8.16
136971,242.13,250.00,0,3.00,7.87
137071,242.38,250.00,0,3.00,7.62
137171,242.69,250.00,0,3.00,7.31
137271,242.66,250.00,100,3.00,7.34
137371,242.56,250.00,100,3.00,7.44
137471,242.77,250.00,0,3.00,7.23
137571,243.12,250.00,0,3.00,6.88
137671,243.36,250.00,0,3.00,6.64
137771,243.57,250.00,0,3.00,6.43
137871,243.76,250.00,0,3.00,6.24
137971,243.93,250.00,0,3.00,6.07
138071,243.85,250.00,100,3.00,6.15
138171,243.56,250.00,100,3.00,6.44
138271,243.37,250.00,100,3.00,6.63
138371,242.98,250.00,100,3.00,7.02
138471,243.00,250.00,100,3.00,7.00
138571,243.33,250.00,0,3.00,6.67
138671,243.46,250.00,0,3.00,6.54
138771,243.36,250.00,100,3.00,6.64
138871,243.57,250.00,0,3.00,6.43
138971,243.68,250.00,0,3.00,6.32
139071,243.78,250.00,0,3.00,6.22
139171,244.03,250.00,0,3.00,5.97
139271,243.86,250.00,100,3.00,6.14
139371,243.50,250.00,100,3.00,6.50
139471,243.32,250.00,100,3.00,6.68
139571,243.38,250.00,38,3.00,6.62
139671,243.06,250.00,100,3.00,6.94
139771,242.92,250.00,100,3.00,7.08
139871,242.65,250.00,100,3.00,7.35
139971,242.48,250.00,100,3.00,7.52
140071,242.33,250.00,100,3.00,7.67
140171,242.33,250.00,100,3.00,7.67
140271,242.41,250.00,9,3.00,7.59
140371,242.13,250.00,100,3.00,7.87
140471,241.94,250.00,100,3.00,8.06
140571,241.98,250.00,100,3.00,8.02
140671,242.33,250.00,0,3.00,7.67
140771,242.57,250.00,0,3.00,7.43
140871,242.94,250.00,0,3.00,7.06
140971,242.88,250.00,100,3.00,7.12
141071,242.98,250.00,0,3.00,7.02
141171,243.15,250.00,0,3.00,6.85
141271,243.46,250.00,0,3.00,6.54
141371,243.74,250.00,0,3.00,6.26
141471,243.61,250.00,100,3.00,6.39
141571,243.34,250.00,100,3.00,6.66
141671,243.48,250.00,0,3.00,6.52
141771,243.76,250.00,0,3.00,6.24
141871,243.77,250.00,100,3.00,6.23
141971,243.42,250.00,100,3.00,6.58
142071,243.10,250.00,100,3.00,6.90
142171,243.18,250.00,0,3.00,6.82
142271,243.65,250.00,0,3.00,6.35
142371,243.83,250.00,0,3.00,6.17
142471,243.62,250.00,100,3.00,6.38
142571,243.28,250.00,100,3.00,6.72
142671,243.26,250.00,100,3.00,6.74
142771,243.40,250.00,0,3.00,6.60
142871,243.53,250.00,0,3.00,6.47
142971,243.89,250.00,0,3.00,6.11
143071,243.81,250.00,100,3.00,6.19
143171,243.53,250.00,100,3.00,6.47
143271,243.27,250.00,100,3.00,6.73
143371,243.11,250.00,100,3.00,6.89
143471,243.19,250.00,0,3.00,6.81
143571,243.11,250.00,100,3.00,6.89
143671,242.89,250.00,100,3.00,7.11
143771,242.99,250.00,0,3.00,7.01
143871,243.08,250.00,0,3.00,6.92
143971,243.24,250.00,0,3.00,6.76
144071,243.47,250.00,0,3.00,6.53
144171,243.67,250.00,0,3.00,6.33
144271,243.61,250.00,100,3.00,6.39
144371,243.42,250.00,100,3.00,6.58
144471,243.39,250.00,100,3.00,6.61
144571,243.22,250.00,100,3.00,6.78
144671,242.92,250.00,100,3.00,7.08
144771,242.87,250.00,100,3.00,7.13
144871,243.13,250.00,0,3.00,6.87
144971,243.28,250.00,0,3.00,6.72
145071,243.12,250.00,100,3.00,6.88
145171,242.90,250.00,100,3.00,7.10
145271,242.78,250.00,100,3.00,7.22
145371,242.59,250.00,100,3.00,7.41
145471,242.29,250.00,100,3.00,7.71
145571,241.94,250.00,100,3.00,8.06
145671,241.77,250.00,100,3.00,8.23
145771,241.76,250.00,100,3.00,8.24
145871,241.97,250.00,0,3.00,8.03
145971,242.24,250.00,0,3.00,7.76
146071,242.41,250.00,0,3.00,7.59
146171,242.34,250.00,100,3.00,7.66
146271,242.13,250.00,100,3.00,7.87
146371,242.38,250.00,0,3.00,7.62
146471,243.10,250.00,0,3.00,6.90
146571,243.26,250.00,0,3.00,6.74
146671,243.17,250.00,100,3.00,6.83
146771,242.88,250.00,100,3.00,7.12
146871,242.98,250.00,0,3.00,7.02
146971,243.56,250.00,0,3.00,6.44
147071,243.67,250.00,0,3.00,6.33
147171,243.93,250.00,0,3.00,6.07
147271,243.85,250.00,100,3.00,6.15
147371,243.56,250.00,100,3.00,6.44
147471,243.37,250.00,100,3.00,6.63
147571,243.27,250.00,100,3.00,6.73
147671,242.90,250.00,100,3.00,7.10
147771,242.63,250.00,100,3.00,7.37
147871,242.53,250.00,100,3.00,7.47
147971,242.75,250.00,0,3.00,7.25
148071,243.10,250.00,0,3.00,6.90
148171,243.34,250.00,0,3.00,6.66
148271,243.55,250.00,0,3.00,6.45
148371,243.51,250.00,100,3.00,6.49
148471,243.32,250.00,100,3.00,6.68
148571,243.23,250.00,100,3.00,6.77
148671,243.22,250.00,100,3.00,6.78
148771,243.14,250.00,100,3.00,6.86
148871,242.85,250.00,100,3.00,7.15
148971,242.88,250.00,100,3.00,7.12
149071,243.06,250.00,0,3.00,6.94
149171,243.14,250.00,0,3.00,6.86
149271,243.46,250.00,0,3.00,6.54
149371,243.42,250.00,100,3.00,6.58
149471,243.18,250.00,100,3.00,6.82
149571,243.25,250.00,6,3.00,6.75
149671,243.09,250.00,100,3.00,6.91
149771,242.73,250.00,100,3.00,7.27
149871,242.85,250.00,0,3.00,7.15
149971,242.96,250.00,0,3.00,7.04
150071,242.90,250.00,100,3.00,7.10
150171,242.70,250.00,100,3.00,7.30
150271,242.67,250.00,100,3.00,7.33
150371,242.43,250.00,100,3.00,7.57
150471,242.28,250.00,100,3.00,7.72
150571,242.52,250.00,0,3.00,7.48
150671,243.14,250.00,0,3.00,6.86
150771,243.22,250.00,0,3.00,6.78
150871,243.29,250.00,16,3.00,6.71
150971,242.91,250.00,100,3.00,7.09
151071,242.94,250.00,100,3.00,7.06
151171,243.11,250.00,0,3.00,6.89
151271,243.19,250.00,0,3.00,6.81
151371,243.11,250.00,100,3.00,6.89
151471,243.11,250.00,100,3.00,6.89
151571,243.19,250.00,0,3.00,6.81
151671,243.66,250.00,0,3.00,6.34
151771,243.84,250.00,0,3.00,6.16
151871,244.09,250.00,0,3.00,5.91
151971,243.77,250.00,100,3.00,6.23
152071,243.49,250.00,100,3.00,6.51
152171,243.53,250.00,76,3.00,6.47
152271,243.65,250.00,0,3.00,6.35
152371,243.75,250.00,0,3.00,6.25
152471,243.92,250.00,0,3.00,6.08
152571,243.84,250.00,100,3.00,6.16
152671,243.85,250.00,100,3.00,6.15
152771,243.63,250.00,100,3.00,6.37
152871,243.58,250.00,100,3.00,6.42
152971,243.46,250.00,100,3.00,6.54
153071,243.07,250.00,100,3.00,6.93
153171,243.08,250.00,100,3.00,6.92
153271,243.32,250.00,0,3.00,6.68
153371,243.45,250.00,0,3.00,6.55
153471,243.35,250.00,100,3.00,6.65
153571,243.25,250.00,100,3.00,6.75
153671,242.95,250.00,100,3.00,7.05
153771,242.75,250.00,100,3.00,7.25
153871,242.43,250.00,100,3.00,7.57
153971,242.14,250.00,100,3.00,7.86
154071,241.95,250.00,100,3.00,8.05
154171,241.84,250.00,100,3.00,8.16
154271,242.05,250.00,0,3.00,7.95
154371,242.31,250.00,0,3.00,7.69
154471,242.71,250.00,0,3.00,7.29
154571,242.60,250.00,100,3.00,7.40
154671,242.37,250.00,100,3.00,7.63
154771,242.60,250.00,0,3.00,7.40
154871,242.96,250.00,0,3.00,7.04
154971,243.21,250.00,0,3.00,6.79
155071,243.13,250.00,100,3.00,6.87
155171,243.21,250.00,0,3.00,6.79
155271,243.44,250.00,0,3.00,6.56
155371,243.26,250.00,100,3.00,6.74
155471,243.48,250.00,0,3.00,6.52
155571,243.45,250.00,100,3.00,6.55
155671,243.42,250.00,100,3.00,6.58
155771,243.54,250.00,0,3.00,6.46
155871,243.81,250.00,0,3.00,6.19
155971,244.06,250.00,0,3.00,5.94
156071,244.36,250.00,0,3.00,5.64
156171,244.24,250.00,100,3.00,5.76
156271,244.06,250.00,100,3.00,5.94
156371,244.12,250.00,8,3.00,5.88
156471,243.87,250.00,100,3.00,6.13
156571,243.80,250.00,100,3.00,6.20
156671,243.44,250.00,100,3.00,6.56
156771,243.19,250.00,100,3.00,6.81
156871,243.34,250.00,0,3.00,6.66
156971,243.88,250.00,0,3.00,6.12
157071,244.04,250.00,0,3.00,5.96
157171,244.18,250.00,0,3.00,5.82
157271,244.31,250.00,0,3.00,5.69
157371,244.43,250.00,0,3.00,5.57
157471,244.77,250.00,0,3.00,5.23
157571,244.76,250.00,100,3.00,5.24
157671,244.31,250.00,100,3.00,5.69
157771,244.19,250.00,100,3.00,5.81
157871,243.87,250.00,100,3.00,6.13
157971,243.58,250.00,100,3.00,6.42
158071,243.38,250.00,100,3.00,6.62
158171,243.00,250.00,100,3.00,7.00
158271,242.72,250.00,100,3.00,7.28
158371,242.54,250.00,100,3.00,7.46
158471,242.76,250.00,0,3.00,7.24
158571,243.11,250.00,0,3.00,6.89
158671,243.34,250.00,0,3.00,6.66
158771,243.25,250.00,100,3.00,6.75
158871,243.02,250.00,100,3.00,6.98
158971,243.18,250.00,0,3.00,6.82
159071,243.74,250.00,0,3.00,6.26
159171,243.91,250.00,0,3.00,6.09
159271,244.07,250.00,0,3.00,5.93
159371,244.21,250.00,0,3.00,5.79
159471,244.26,250.00,43,3.00,5.74
159571,243.71,250.00,100,3.00,6.29
159671,243.44,250.00,100,3.00,6.56
159771,243.41,250.00,100,3.00,6.59
159871,243.46,250.00,58,3.00,6.54
159971,243.43,250.00,100,3.00,6.57
160071,243.25,250.00,100,3.00,6.75
160171,243.16,250.00,100,3.00,6.84
160271,243.01,250.00,100,3.00,6.99
160371,242.74,250.00,100,3.00,7.26
160471,242.56,250.00,100,3.00,7.44
160571,242.69,250.00,0,3.00,7.31
160671,242.89,250.00,0,3.00,7.11
160771,243.15,250.00,0,3.00,6.85
160871,243.38,250.00,0,3.00,6.62
160971,243.51,250.00,0,3.00,6.49
161071,243.63,250.00,0,3.00,6.37
161171,243.50,250.00,100,3.00,6.50
161271,243.25,250.00,100,3.00,6.75
161371,243.09,250.00,100,3.00,6.91
161471,243.02,250.00,100,3.00,6.98
161571,242.88,250.00,100,3.00,7.12
161671,243.14,250.00,0,3.00,6.86
161771,243.22,250.00,0,3.00,6.78
161871,243.60,250.00,0,3.00,6.40
161971,243.48,250.00,100,3.00,6.52
162071,243.23,250.00,100,3.00,6.77
162171,243.00,250.00,100,3.00,7.00
162271,242.87,250.00,100,3.00,7.13
162371,242.53,250.00,100,3.00,7.47
162471,242.16,250.00,100,3.00,7.84
162571,242.11,250.00,100,3.00,7.89
162671,242.29,250.00,0,3.00,7.71
162771,242.53,250.00,0,3.00,7.47
162871,242.82,250.00,0,3.00,7.18
162971,242.86,250.00,100,3.00,7.14
163071,242.66,250.00,100,3.00,7.34
163171,242.79,250.00,0,3.00,7.21
163271,242.75,250.00,100,3.00,7.25
163371,242.57,250.00,100,3.00,7.43
163471,242.26,250.00,100,3.00,7.74
163571,241.99,250.00,100,3.00,8.01
163671,241.89,250.00,100,3.00,8.11
163771,242.16,250.00,0,3.00,7.84
163871,242.34,250.00,0,3.00,7.66
163971,242.27,250.00,100,3.00,7.73
164071,242.21,250.00,100,3.00,7.79
164171,242.30,250.00,0,3.00,7.70
164271,242.62,250.00,0,3.00,7.38
164371,242.90,250.00,0,3.00,7.10
164471,242.78,250.00,100,3.00,7.22
164571,242.60,250.00,100,3.00,7.40
164671,242.50,250.00,100,3.00,7.50
164771,242.72,250.00,0,3.00,7.28
164871,243.07,250.00,0,3.00,6.93
164971,243.39,250.00,0,3.00,6.61
165071,243.60,250.00,0,3.00,6.40
165171,243.79,250.00,0,3.00,6.21
165271,243.88,250.00,0,3.00,6.12
165371,244.28,250.00,0,3.00,5.72
165471,244.40,250.00,0,3.00,5.60
165571,244.20,250.00,100,3.00,5.80
165671,243.80,250.00,100,3.00,6.20
165771,243.51,250.00,100,3.00,6.49
165871,243.63,250.00,0,3.00,6.37
165971,243.74,250.00,0,3.00,6.26
166071,244.07,250.00,0,3.00,5.93
166171,244.05,250.00,100,3.00,5.95
166271,243.74,250.00,100,3.00,6.26
166371,243.46,250.00,100,3.00,6.54
166471,243.07,250.00,100,3.00,6.93
166571,242.71,250.00,100,3.00,7.29
166671,242.33,250.00,100,3.00,7.67
166771,242.19,250.00,100,3.00,7.81
166871,242.44,250.00,0,3.00,7.56
166971,242.58,250.00,0,3.00,7.42
167071,242.79,250.00,0,3.00,7.21
167171,243.06,250.00,0,3.00,6.94
167271,243.07,250.00,100,3.00,6.93
167371,242.93,250.00,100,3.00,7.07
167471,242.52,250.00,100,3.00,7.48
167571,242.36,250.00,100,3.00,7.64
167671,242.36,250.00,100,3.00,7.64
167771,242.37,250.00,100,3.00,7.63
167871,242.45,250.00,17,3.00,7.55
167971,242.52,250.00,34,3.00,7.48
168071,242.65,250.00,0,3.00,7.35
168171,243.10,250.00,0,3.00,6.90
168271,243.18,250.00,0,3.00,6.82
168371,243.17,250.00,100,3.00,6.83
168471,242.95,250.00,100,3.00,7.05
168571,242.61,250.00,100,3.00,7.39
168671,242.30,250.00,100,3.00,7.70
168771,241.95,250.00,100,3.00,8.05
168871,241.85,250.00,100,3.00,8.15
168971,242.06,250.00,0,3.00,7.94
169071,242.32,250.00,0,3.00,7.68
169171,242.48,250.00,0,3.00,7.52
169271,242.40,250.00,100,3.00,7.60
169371,242.18,250.00,100,3.00,7.82
169471,242.06,250.00,100,3.00,7.94
169571,241.94,250.00,100,3.00,8.06
169671,241.84,250.00,100,3.00,8.16
169771,241.75,250.00,100,3.00,8.25
169871,241.53,250.00,100,3.00,8.47
169971,241.62,250.00,17,3.00,8.38
170071,241.77,250.00,0,3.00,8.23
170171,241.91,250.00,0,3.00,8.09
170271,242.34,250.00,0,3.00,7.66
170371,242.42,250.00,11,3.00,7.58
170471,242.06,250.00,100,3.00,7.94
170571,241.95,250.00,100,3.00,8.05
170671,241.64,250.00,100,3.00,8.36
170771,241.36,250.00,100,3.00,8.64
170871,241.18,250.00,100,3.00,8.82
170971,241.15,250.00,100,3.00,8.85
171071,241.35,250.00,0,3.00,8.65
171171,241.61,250.00,0,3.00,8.39
171271,241.76,250.00,0,3.00,8.24
171371,242.05,250.00,0,3.00,7.95
171471,242.09,250.00,100,3.00,7.91
171571,241.97,250.00,100,3.00,8.03
171671,241.73,250.00,100,3.00,8.27
171771,241.65,250.00,100,3.00,8.35
171871,241.65,250.00,100,3.00,8.35
171971,241.80,250.00,0,3.00,8.20
172071,242.01,250.00,0,3.00,7.99
172171,242.60,250.00,0,3.00,7.40
172271,242.89,250.00,0,3.00,7.11
172371,242.84,250.00,100,3.00,7.16
172471,242.79,250.00,100,3.00,7.21
172571,242.98,250.00,0,3.00,7.02
172671,243.47,250.00,0,3.00,6.53
172771,243.67,250.00,0,3.00,6.33
172871,243.62,250.00,100,3.00,6.38
172971,243.28,250.00,100,3.00,6.72
173071,243.05,250.00,100,3.00,6.95
173171,243.13,250.00,0,3.00,6.87
173271,243.21,250.00,0,3.00,6.79
173371,243.36,250.00,0,3.00,6.64
173471,243.57,250.00,0,3.00,6.43
173571,243.76,250.00,0,3.00,6.24
173671,243.85,250.00,0,3.00,6.15
173771,244.26,250.00,0,3.00,5.74
173871,244.38,250.00,0,3.00,5.62
173971,244.41,250.00,81,3.00,5.59
174071,243.85,250.00,100,3.00,6.15
174171,243.56,250.00,100,3.00,6.44
174271,243.75,250.00,0,3.00,6.25
174371,243.76,250.00,100,3.00,6.24
174471,243.34,250.00,100,3.00,6.66
174571,243.32,250.00,100,3.00,6.68
174671,243.16,250.00,100,3.00,6.84
174771,242.86,250.00,100,3.00,7.14
174871,242.74,250.00,100,3.00,7.26
174971,242.35,250.00,100,3.00,7.65
175071,242.00,250.00,100,3.00,8.00
175171,241.89,250.00,100,3.00,8.11
175271,242.02,250.00,0,3.00,7.98
175371,242.29,250.00,0,3.00,7.71
175471,242.60,250.00,0,3.00,7.40
175571,242.58,250.00,100,3.00,7.42
175671,242.42,250.00,100,3.00,7.58
175771,242.27,250.00,100,3.00,7.73
175871,242.21,250.00,100,3.00,7.79
175971,242.08,250.00,100,3.00,7.92
176071,241.97,250.00,100,3.00,8.03
176171,241.72,250.00,100,3.00,8.28
176271,241.87,250.00,0,3.00,8.13
176371,241.70,250.00,100,3.00,8.30
176471,242.00,250.00,0,3.00,8.00
176571,242.35,250.00,0,3.00,7.65
176671,242.43,250.00,12,3.00,7.57
176771,242.28,250.00,100,3.00,7.72
176871,242.14,250.00,100,3.00,7.86
176971,241.88,250.00,100,3.00,8.12
177071,241.58,250.00,100,3.00,8.42
177171,241.30,250.00,100,3.00,8.70
177271,241.20,250.00,100,3.00,8.80
177371,241.47,250.00,0,3.00,8.53
177471,241.79,250.00,0,3.00,8.21
177571,242.16,250.00,0,3.00,7.84
177671,242.18,250.00,100,3.00,7.82
177771,241.98,250.00,100,3.00,8.02
177871,242.18,250.00,0,3.00,7.82
177971,242.20,250.00,100,3.00,7.80
178071,242.00,250.00,100,3.00,8.00
178171,242.04,250.00,100,3.00,7.96
178271,242.00,250.00,100,3.00,8.00
178371,242.04,250.00,100,3.00,7.96
178471,242.23,250.00,0,3.00,7.77
178571,242.47,250.00,0,3.00,7.53
178671,242.85,250.00,0,3.00,7.15
178771,242.73,250.00,100,3.00,7.27
178871,242.55,250.00,100,3.00,7.45
178971,242.32,250.00,100,3.00,7.68
179071,241.97,250.00,100,3.00,8.03
179171,241.66,250.00,100,3.00,8.34
179271,241.45,250.00,100,3.00,8.55
179371,241.32,250.00,100,3.00,8.68
179471,241.58,250.00,0,3.00,8.42
179571,242.05,250.00,0,3.00,7.95
179671,242.24,250.00,0,3.00,7.76
179771,242.25,250.00,100,3.00,7.75
179871,242.19,250.00,100,3.00,7.81
179971,242.29,250.00,0,3.00,7.71
180071,242.61,250.00,0,3.00,7.39
180171,242.89,250.00,0,3.00,7.11
180271,242.92,250.00,100,3.00,7.08
180371,242.65,250.00,100,3.00,7.35
180471,242.77,250.00,0,3.00,7.23
180571,242.66,250.00,100,3.00,7.34
180671,242.64,250.00,100,3.00,7.36
180771,242.40,250.00,100,3.00,7.60
180871,242.47,250.00,23,3.00,7.53
180971,242.46,250.00,100,3.00,7.54
181071,242.31,250.00,100,3.00,7.69
181171,242.32,250.00,100,3.00,7.68
181271,242.04,250.00,100,3.00,7.96
181371,241.72,250.00,100,3.00,8.28
181471,241.64,250.00,100,3.00,8.36
181571,241.95,250.00,0,3.00,8.05
181671,242.30,250.00,0,3.00,7.70
181771,242.61,250.00,0,3.00,7.39
181871,242.98,250.00,0,3.00,7.02
181971,243.31,250.00,0,3.00,6.69
182071,243.37,250.00,36,3.00,6.63
182171,243.20,250.00,100,3.00,6.80
182271,243.04,250.00,100,3.00,6.96
182371,242.98,250.00,100,3.00,7.02
182471,242.70,250.00,100,3.00,7.30
182571,242.82,250.00,0,3.00,7.18
182671,243.42,250.00,0,3.00,6.58
182771,243.62,250.00,0,3.00,6.38
182871,244.05,250.00,0,3.00,5.95
182971,244.19,250.00,0,3.00,5.81
183071,244.32,250.00,0,3.00,5.68
183171,244.51,250.00,0,3.00,5.49
183271,244.69,250.00,0,3.00,5.31
183371,244.69,250.00,100,3.00,5.31
183471,244.31,250.00,100,3.00,5.69
183571,244.12,250.00,100,3.00,5.88
183671,244.18,250.00,23,3.00,5.82
183771,244.00,250.00,100,3.00,6.00
183871,244.07,250.00,0,3.00,5.93
183971,244.29,250.00,0,3.00,5.71
184071,244.48,250.00,0,3.00,5.52
184171,244.58,250.00,0,3.00,5.42
184271,245.09,250.00,0,3.00,4.91
184371,245.20,250.00,0,3.00,4.80
184471,244.92,250.00,100,3.00,5.08
184571,244.52,250.00,100,3.00,5.48
184671,244.46,250.00,100,3.00,5.54
184771,244.72,250.00,0,3.00,5.28
184871,244.80,250.00,0,3.00,5.20
184971,244.63,250.00,100,3.00,5.37
185071,244.80,250.00,0,3.00,5.20
185171,244.78,250.00,100,3.00,5.22
185271,244.55,250.00,100,3.00,5.45
185371,244.19,250.00,100,3.00,5.81
185471,243.86,250.00,100,3.00,6.14
185571,243.64,250.00,100,3.00,6.36
185671,243.44,250.00,100,3.00,6.56
185771,243.65,250.00,0,3.00,6.35
185871,243.99,250.00,0,3.00,6.01
185971,244.22,250.00,0,3.00,5.78
186071,244.26,250.00,45,3.00,5.74
186171,244.00,250.00,100,3.00,6.00
186271,244.15,250.00,0,3.00,5.85
186371,244.69,250.00,0,3.00,5.31
186471,244.69,250.00,100,3.00,5.31
186571,244.46,250.00,100,3.00,5.54
186671,244.33,250.00,100,3.00,5.67
186771,244.14,250.00,100,3.00,5.86
186871,244.35,250.00,0,3.00,5.65
186971,244.46,250.00,0,3.00,5.54
187071,244.33,250.00,100,3.00,5.67
187171,244.29,250.00,100,3.00,5.71
187271,244.03,250.00,100,3.00,5.97
187371,243.86,250.00,100,3.00,6.14
187471,243.79,250.00,100,3.00,6.21
187571,243.96,250.00,0,3.00,6.04
187671,243.80,250.00,100,3.00,6.20
187771,243.74,250.00,100,3.00,6.26
187871,243.91,250.00,0,3.00,6.09
187971,244.15,250.00,0,3.00,5.85
188071,244.44,250.00,0,3.00,5.56
188171,244.70,250.00,0,3.00,5.30
188271,244.70,250.00,100,3.00,5.30
188371,244.86,250.00,0,3.00,5.14
188471,244.92,250.00,0,3.00,5.08
188571,245.05,250.00,0,3.00,4.95
188671,244.94,250.00,100,3.00,5.06
188771,244.61,250.00,100,3.00,5.39
188871,244.70,250.00,0,3.00,5.30
188971,245.27,250.00,0,3.00,4.73
189071,245.46,250.00,0,3.00,4.54
189171,245.30,250.00,100,3.00,4.70
189271,245.24,250.00,100,3.00,4.76
189371,245.26,250.00,75,3.00,4.74
189471,245.44,250.00,0,3.00,4.56
189571,245.61,250.00,0,3.00,4.39
189671,245.44,250.00,100,3.00,4.56
189771,245.06,250.00,100,3.00,4.94
189871,244.94,250.00,100,3.00,5.06
189971,245.08,250.00,0,3.00,4.92
190071,245.19,250.00,0,3.00,4.81
190171,245.47,250.00,0,3.00,4.53
190271,245.23,250.00,100,3.00,4.77
190371,244.95,250.00,100,3.00,5.05
190471,244.77,250.00,100,3.00,5.23
190571,244.61,250.00,100,3.00,5.39
190671,244.39,250.00,100,3.00,5.61
190771,244.34,250.00,100,3.00,5.66
190871,244.07,250.00,100,3.00,5.93
190971,244.13,250.00,12,3.00,5.87
191071,243.81,250.00,100,3.00,6.19
191171,243.90,250.00,0,3.00,6.10
191271,244.38,250.00,0,3.00,5.62
191371,244.41,250.00,82,3.00,5.59
191471,244.21,250.00,100,3.00,5.79
191571,244.11,250.00,100,3.00,5.89
191671,244.01,250.00,100,3.00,5.99
191771,243.92,250.00,100,3.00,6.08
191871,243.70,250.00,100,3.00,6.30
191971,243.49,250.00,100,3.00,6.51
192071,243.69,250.00,0,3.00,6.31
192171,243.87,250.00,0,3.00,6.13
192271,244.11,250.00,0,3.00,5.89
192371,244.40,250.00,0,3.00,5.60
192471,244.67,250.00,0,3.00,5.33
192571,244.83,250.00,0,3.00,5.17
192671,244.82,250.00,100,3.00,5.18
192771,244.50,250.00,100,3.00,5.50
192871,244.37,250.00,100,3.00,5.63
192971,244.02,250.00,100,3.00,5.98
193071,244.09,250.00,1,3.00,5.91
193171,244.55,250.00,0,3.00,5.45
193271,244.65,250.00,0,3.00,5.35
193371,244.57,250.00,100,3.00,5.43
193471,244.82,250.00,0,3.00,5.18
193571,245.05,250.00,0,3.00,4.95
193671,245.25,250.00,0,3.00,4.75
193771,245.43,250.00,0,3.00,4.57
193871,245.28,250.00,100,3.00,4.72
193971,244.85,250.00,100,3.00,5.15
194071,244.60,250.00,100,3.00,5.40
194171,244.46,250.00,100,3.00,5.54
194271,244.33,250.00,100,3.00,5.67
194371,244.21,250.00,100,3.00,5.79
194471,243.88,250.00,100,3.00,6.12
194571,243.73,250.00,100,3.00,6.27
194671,243.91,250.00,0,3.00,6.09
194771,244.14,250.00,0,3.00,5.86
194871,244.44,250.00,0,3.00,5.56
194971,244.31,250.00,100,3.00,5.69
195071,244.27,250.00,100,3.00,5.73
195171,244.31,250.00,56,3.00,5.69
195271,244.04,250.00,100,3.00,5.96
195371,244.27,250.00,0,3.00,5.73
195471,244.55,250.00,0,3.00,5.45
195571,244.64,250.00,0,3.00,5.36
195671,244.64,250.00,100,3.00,5.36
195771,244.42,250.00,100,3.00,5.58
195871,244.29,250.00,100,3.00,5.71
195971,244.10,250.00,100,3.00,5.90
196071,243.79,250.00,100,3.00,6.21
196171,243.57,250.00,100,3.00,6.43
196271,243.68,250.00,0,3.00,6.32
196371,243.94,250.00,0,3.00,6.06
196471,244.09,250.00,0,3.00,5.91
196571,244.08,250.00,100,3.00,5.92
196671,244.06,250.00,100,3.00,5.94
196771,244.28,250.00,0,3.00,5.72
196871,244.40,250.00,0,3.00,5.60
196971,244.75,250.00,0,3.00,5.25
197071,245.06,250.00,0,3.00,4.94
197171,245.35,250.00,0,3.00,4.65
197271,245.44,250.00,0,3.00,4.56
197371,245.52,250.00,0,3.00,4.48
197471,245.76,250.00,0,3.00,4.24
197571,245.98,250.00,0,3.00,4.02
197671,245.85,250.00,100,3.00,4.15
197771,245.81,250.00,100,3.00,4.19
197871,245.54,250.00,100,3.00,4.46
197971,245.15,250.00,100,3.00,4.85
198071,244.73,250.00,100,3.00,5.27
198171,244.50,250.00,100,3.00,5.50
198271,244.36,250.00,100,3.00,5.64
198371,244.55,250.00,0,3.00,5.45
198471,244.97,250.00,0,3.00,5.03
198571,245.10,250.00,0,3.00,4.90
198671,244.98,250.00,100,3.00,5.02
198771,244.72,250.00,100,3.00,5.28
198871,244.80,250.00,0,3.00,5.20
198971,245.11,250.00,0,3.00,4.89
199071,245.31,250.00,0,3.00,4.69
199171,245.40,250.00,0,3.00,4.60
199271,245.57,250.00,0,3.00,4.43
199371,245.72,250.00,0,3.00,4.28
199471,245.46,250.00,100,3.00,4.54
199571,245.23,250.00,100,3.00,4.77
199671,245.25,250.00,74,3.00,4.75
199771,245.36,250.00,0,3.00,4.64
199871,245.45,250.00,0,3.00,4.55
199971,245.69,250.00,0,3.00,4.31
200071,245.75,250.00,0,3.00,4.25
200171,245.72,250.00,100,3.00,4.28
200271,245.78,250.00,0,3.00,4.22
200371,245.67,250.00,100,3.00,4.33
200471,245.73,250.00,0,3.00,4.27
200571,245.94,250.00,0,3.00,4.06
200671,246.14,250.00,0,3.00,3.86
200771,246.32,250.00,0,3.00,3.68
200871,246.23,250.00,100,3.00,3.77
200971,245.92,250.00,100,3.00,4.08
201071,245.35,250.00,100,3.00,4.65
201171,245.13,250.00,100,3.00,4.87
201271,244.93,250.00,100,3.00,5.07
201371,244.61,250.00,100,3.00,5.39
201471,244.61,250.00,100,3.00,5.39
201571,244.94,250.00,0,3.00,5.06
201671,245.08,250.00,0,3.00,4.92
201771,244.96,250.00,100,3.00,5.04
201871,244.93,250.00,100,3.00,5.07
201971,244.98,250.00,6,3.00,5.02
202071,244.80,250.00,100,3.00,5.20
202171,244.41,250.00,100,3.00,5.59
202271,244.00,250.00,100,3.00,6.00
202371,243.69,250.00,100,3.00,6.31
202471,243.56,250.00,100,3.00,6.44
202571,243.75,250.00,0,3.00,6.25
202671,243.92,250.00,0,3.00,6.08
202771,244.08,250.00,0,3.00,5.92
202871,244.30,250.00,0,3.00,5.70
202971,244.49,250.00,0,3.00,5.51
203071,244.59,250.00,0,3.00,5.41
203171,244.52,250.00,100,3.00,5.48
203271,244.24,250.00,100,3.00,5.76
203371,244.05,250.00,100,3.00,5.95
203471,243.89,250.00,100,3.00,6.11
203571,243.89,250.00,100,3.00,6.11
203671,244.05,250.00,0,3.00,5.95
203771,244.19,250.00,0,3.00,5.81
203871,244.01,250.00,100,3.00,5.99
203971,244.00,250.00,100,3.00,6.00
204071,243.69,250.00,100,3.00,6.31
204171,243.49,250.00,100,3.00,6.51
204271,243.16,250.00,100,3.00,6.84
204371,242.80,250.00,100,3.00,7.20
204471,242.54,250.00,100,3.00,7.46
204571,242.45,250.00,100,3.00,7.55
204671,242.60,250.00,0,3.00,7.40
204771,242.73,250.00,0,3.00,7.27
204871,242.85,250.00,0,3.00,7.15
204971,242.88,250.00,100,3.00,7.12
205071,242.76,250.00,100,3.00,7.24
205171,242.57,250.00,100,3.00,7.43
205271,242.20,250.00,100,3.00,7.80
205371,242.07,250.00,100,3.00,7.93
205471,242.03,250.00,100,3.00,7.97
205571,241.85,250.00,100,3.00,8.15
205671,241.91,250.00,90,3.00,8.09
205771,242.11,250.00,0,3.00,7.89
205871,242.44,250.00,0,3.00,7.56
205971,242.99,250.00,0,3.00,7.01
206071,243.16,250.00,0,3.00,6.84
206171,243.47,250.00,0,3.00,6.53
206271,243.83,250.00,0,3.00,6.17
206371,244.15,250.00,0,3.00,5.85
206471,244.21,250.00,31,3.00,5.79
206571,244.33,250.00,0,3.00,5.67
206671,244.37,250.00,71,3.00,5.63
206771,244.10,250.00,100,3.00,5.90
206871,244.00,250.00,100,3.00,6.00
206971,243.84,250.00,100,3.00,6.16
207071,243.93,250.00,0,3.00,6.07
207171,244.16,250.00,0,3.00,5.84
207271,244.21,250.00,32,3.00,5.79
207371,244.34,250.00,0,3.00,5.66
207471,244.37,250.00,72,3.00,5.63
207571,244.17,250.00,100,3.00,5.83
207671,244.07,250.00,100,3.00,5.93
207771,244.05,250.00,100,3.00,5.95
207871,244.28,250.00,0,3.00,5.72
207971,244.39,250.00,0,3.00,5.61
208071,244.75,250.00,0,3.00,5.25
208171,244.82,250.00,0,3.00,5.18
208271,244.80,250.00,100,3.00,5.20
208371,244.56,250.00,100,3.00,5.44
208471,244.35,250.00,100,3.00,5.65
208571,244.15,250.00,100,3.00,5.85
208671,244.20,250.00,30,3.00,5.80
208771,244.10,250.00,100,3.00,5.90
208871,244.16,250.00,18,3.00,5.84
208971,244.21,250.00,31,3.00,5.79
209071,244.26,250.00,43,3.00,5.74
209171,243.92,250.00,100,3.00,6.08
209271,243.70,250.00,100,3.00,6.30
209371,243.80,250.00,0,3.00,6.20
209471,244.04,250.00,0,3.00,5.96
209571,244.11,250.00,6,3.00,5.89
209671,243.86,250.00,100,3.00,6.14
209771,243.50,250.00,100,3.00,6.50
209871,243.54,250.00,79,3.00,6.46
209971,243.43,250.00,100,3.00,6.57
210071,243.25,250.00,100,3.00,6.75
210171,242.95,250.00,100,3.00,7.05
210271,243.04,250.00,0,3.00,6.96
210371,243.36,250.00,0,3.00,6.64
210471,243.57,250.00,0,3.00,6.43
210571,243.93,250.00,0,3.00,6.07
210671,243.77,250.00,100,3.00,6.23
210771,243.49,250.00,100,3.00,6.51
210871,243.31,250.00,100,3.00,6.69
210971,243.44,250.00,0,3.00,6.56
211071,243.81,250.00,0,3.00,6.19
211171,243.89,250.00,0,3.00,6.11
211271,243.90,250.00,100,3.00,6.10
211371,243.60,250.00,100,3.00,6.40
211471,243.71,250.00,0,3.00,6.29
211571,243.73,250.00,100,3.00,6.27
211671,243.52,250.00,100,3.00,6.48
211771,243.41,250.00,100,3.00,6.59
211871,243.31,250.00,100,3.00,6.69
211971,243.37,250.00,36,3.00,6.63
212071,243.12,250.00,100,3.00,6.88
212171,243.13,250.00,100,3.00,6.87
212271,242.84,250.00,100,3.00,7.16
212371,242.87,250.00,100,3.00,7.13
212471,242.75,250.00,100,3.00,7.25
212571,242.64,250.00,100,3.00,7.36
212671,242.40,250.00,100,3.00,7.60
212771,242.11,250.00,100,3.00,7.89
212871,241.99,250.00,100,3.00,8.01
212971,241.89,250.00,100,3.00,8.11
213071,242.17,250.00,0,3.00,7.83
213171,242.42,250.00,0,3.00,7.58
213271,242.80,250.00,0,3.00,7.20
213371,242.84,250.00,100,3.00,7.16
213471,242.58,250.00,100,3.00,7.42
213571,242.86,250.00,0,3.00,7.14
213671,243.05,250.00,0,3.00,6.95
213771,243.29,250.00,0,3.00,6.71
213871,243.51,250.00,0,3.00,6.49
213971,243.86,250.00,0,3.00,6.14
214071,244.02,250.00,0,3.00,5.98
214171,244.50,250.00,0,3.00,5.50
214271,244.59,250.00,0,3.00,5.41
214371,244.92,250.00,0,3.00,5.08
214471,244.82,250.00,100,3.00,5.18
214571,244.81,250.00,100,3.00,5.19
214671,244.49,250.00,100,3.00,5.51
214771,244.36,250.00,100,3.00,5.64
214871,244.39,250.00,77,3.00,5.61
214971,243.97,250.00,100,3.00,6.03
215071,243.82,250.00,100,3.00,6.18
215171,243.98,250.00,0,3.00,6.02
215271,244.21,250.00,0,3.00,5.79
215371,244.26,250.00,43,3.00,5.74
215471,243.93,250.00,100,3.00,6.07
215571,243.70,250.00,100,3.00,6.30
215671,243.80,250.00,0,3.00,6.20
215771,244.04,250.00,0,3.00,5.96
215871,244.27,250.00,0,3.00,5.73
215971,244.39,250.00,0,3.00,5.61
216071,244.65,250.00,0,3.00,5.35
216171,244.82,250.00,0,3.00,5.18
216271,244.50,250.00,100,3.00,5.50
216371,244.29,250.00,100,3.00,5.71
216471,244.25,250.00,100,3.00,5.75
216571,244.07,250.00,100,3.00,5.93
216671,243.90,250.00,100,3.00,6.10
216771,243.75,250.00,100,3.00,6.25
216871,243.40,250.00,100,3.00,6.60
216971,243.08,250.00,100,3.00,6.92
217071,242.87,250.00,100,3.00,7.13
217171,242.82,250.00,100,3.00,7.18
217271,243.08,250.00,0,3.00,6.92
217371,243.32,250.00,0,3.00,6.68
217471,243.46,250.00,0,3.00,6.54
217571,243.58,250.00,0,3.00,6.42
217671,243.61,250.00,97,3.00,6.39
217771,243.49,250.00,100,3.00,6.51
217871,243.77,250.00,0,3.00,6.23
217971,244.02,250.00,0,3.00,5.98
218071,243.93,250.00,100,3.00,6.07
218171,243.85,250.00,100,3.00,6.15
218271,243.78,250.00,100,3.00,6.22
218371,244.03,250.00,0,3.00,5.97
218471,244.17,250.00,0,3.00,5.83
218571,244.07,250.00,100,3.00,5.93
218671,244.29,250.00,0,3.00,5.71
218771,244.41,250.00,0,3.00,5.59
218871,244.84,250.00,0,3.00,5.16
218971,244.98,250.00,0,3.00,5.02
219071,244.80,250.00,100,3.00,5.20
219171,244.41,250.00,100,3.00,5.59
219271,244.14,250.00,100,3.00,5.86
219371,244.19,250.00,27,3.00,5.81
219471,243.87,250.00,100,3.00,6.13
219571,243.72,250.00,100,3.00,6.28
219671,243.37,250.00,100,3.00,6.63
219771,243.27,250.00,100,3.00,6.73
219871,243.19,250.00,100,3.00,6.81
219971,242.82,250.00,100,3.00,7.18
220071,242.70,250.00,100,3.00,7.30
220171,242.67,250.00,100,3.00,7.33
220271,242.50,250.00,100,3.00,7.50
220371,242.64,250.00,0,3.00,7.36
220471,242.62,250.00,100,3.00,7.38
220571,242.52,250.00,100,3.00,7.48
220671,242.29,250.00,100,3.00,7.71
220771,242.45,250.00,0,3.00,7.55
220871,242.75,250.00,0,3.00,7.25
220971,243.11,250.00,0,3.00,6.89
221071,243.42,250.00,0,3.00,6.58
221171,243.39,250.00,100,3.00,6.61
221271,243.15,250.00,100,3.00,6.85
221371,243.07,250.00,100,3.00,6.93
221471,243.23,250.00,0,3.00,6.77
221571,243.38,250.00,0,3.00,6.62
221671,243.59,250.00,0,3.00,6.41
221771,243.85,250.00,0,3.00,6.15
221871,244.18,250.00,0,3.00,5.82
221971,244.23,250.00,36,3.00,5.77
222071,244.35,250.00,0,3.00,5.65
222171,244.62,250.00,0,3.00,5.38
222271,244.63,250.00,100,3.00,5.37
222371,244.19,250.00,100,3.00,5.81
222471,244.24,250.00,38,3.00,5.76
222571,244.20,250.00,100,3.00,5.80
222671,244.33,250.00,0,3.00,5.67
222771,244.69,250.00,0,3.00,5.31
222871,245.01,250.00,0,3.00,4.99
222971,245.30,250.00,0,3.00,4.70
223071,245.48,250.00,0,3.00,4.52
223171,245.81,250.00,0,3.00,4.19
223271,245.62,250.00,100,3.00,4.38
223371,245.29,250.00,100,3.00,4.71
223471,245.00,250.00,100,3.00,5.00
223571,244.82,250.00,100,3.00,5.18
223671,244.88,250.00,0,3.00,5.12
223771,245.02,250.00,0,3.00,4.98
223871,245.31,250.00,0,3.00,4.69
223971,245.57,250.00,0,3.00,4.43
224071,245.64,250.00,0,3.00,4.36
224171,245.62,250.00,100,3.00,4.38
224271,245.23,250.00,100,3.00,4.77
224371,245.02,250.00,100,3.00,4.98
224471,244.68,250.00,100,3.00,5.32
224571,244.76,250.00,0,3.00,5.24
224671,244.60,250.00,100,3.00,5.40
224771,244.45,250.00,100,3.00,5.55
224871,244.17,250.00,100,3.00,5.83
224971,244.23,250.00,35,3.00,5.77
225071,244.19,250.00,100,3.00,5.81
225171,244.09,250.00,100,3.00,5.91
225271,243.85,250.00,100,3.00,6.15
225371,243.56,250.00,100,3.00,6.44
225471,243.37,250.00,100,3.00,6.63
225571,243.34,250.00,100,3.00,6.66
225671,243.64,250.00,0,3.00,6.36
225771,244.06,250.00,0,3.00,5.94
225871,244.28,250.00,0,3.00,5.72
225971,244.65,250.00,0,3.00,5.35
226071,244.97,250.00,0,3.00,5.03
226171,245.18,250.00,0,3.00,4.82
226271,245.46,250.00,0,3.00,4.54
226371,245.62,250.00,0,3.00,4.38
226471,245.76,250.00,0,3.00,4.24
226571,245.90,250.00,0,3.00,4.10
226671,246.01,250.00,0,3.00,3.99
226771,245.96,250.00,100,3.00,4.04
226871,245.68,250.00,100,3.00,4.32
226971,245.20,250.00,100,3.00,4.80
227071,245.15,250.00,100,3.00,4.85
227171,245.03,250.00,100,3.00,4.97
227271,244.91,250.00,100,3.00,5.09
227371,244.52,250.00,100,3.00,5.48
227471,244.09,250.00,100,3.00,5.91
227571,243.70,250.00,100,3.00,6.30
227671,243.57,250.00,100,3.00,6.43
227771,243.84,250.00,0,3.00,6.16
227871,244.25,250.00,0,3.00,5.75
227971,244.53,250.00,0,3.00,5.47
228071,244.87,250.00,0,3.00,5.13
228171,245.17,250.00,0,3.00,4.83
228271,245.28,250.00,0,3.00,4.72
228371,245.22,250.00,100,3.00,4.78
228471,244.94,250.00,100,3.00,5.06
228571,244.76,250.00,100,3.00,5.24
228671,244.45,250.00,100,3.00,5.55
228771,244.47,250.00,97,3.00,5.53
228871,244.49,250.00,100,3.00,5.51
228971,244.36,250.00,100,3.00,5.64
229071,244.02,250.00,100,3.00,5.98
229171,244.08,250.00,0,3.00,5.92
229271,244.14,250.00,15,3.00,5.86
229371,244.44,250.00,0,3.00,5.56
229471,244.78,250.00,0,3.00,5.22
229571,245.10,250.00,0,3.00,4.90
229671,244.90,250.00,100,3.00,5.10
229771,244.58,250.00,100,3.00,5.42
229871,244.67,250.00,0,3.00,5.33
229971,244.83,250.00,0,3.00,5.17
230071,244.89,250.00,0,3.00,5.11
230171,244.72,250.00,100,3.00,5.28
230271,244.41,250.00,100,3.00,5.59
230371,244.52,250.00,0,3.00,5.48
230471,244.53,250.00,100,3.00,5.47
230571,244.24,250.00,100,3.00,5.76
230671,244.06,250.00,100,3.00,5.94
230771,243.75,250.00,100,3.00,6.25
230871,243.84,250.00,0,3.00,6.16
230971,243.70,250.00,100,3.00,6.30
231071,243.64,250.00,100,3.00,6.36
231171,243.37,250.00,100,3.00,6.63
231271,243.74,250.00,0,3.00,6.26
231371,243.84,250.00,0,3.00,6.16
231471,244.16,250.00,0,3.00,5.84
231571,244.45,250.00,0,3.00,5.55
231671,244.71,250.00,0,3.00,5.29
231771,244.41,250.00,100,3.00,5.59
231871,244.13,250.00,100,3.00,5.87
231971,244.27,250.00,0,3.00,5.73
232071,244.72,250.00,0,3.00,5.28
232171,244.87,250.00,0,3.00,5.13
232271,244.93,250.00,0,3.00,5.07
232371,244.98,250.00,6,3.00,5.02
232471,244.95,250.00,100,3.00,5.05
232571,244.48,250.00,100,3.00,5.52
232671,244.27,250.00,100,3.00,5.73
232771,243.94,250.00,100,3.00,6.06
232871,243.71,250.00,100,3.00,6.29
232971,243.89,250.00,0,3.00,6.11
233071,243.81,250.00,100,3.00,6.19
233171,243.75,250.00,100,3.00,6.25
233271,243.47,250.00,100,3.00,6.53
233371,243.83,250.00,0,3.00,6.17
233471,244.23,250.00,0,3.00,5.77
233571,244.60,250.00,0,3.00,5.40
233671,244.93,250.00,0,3.00,5.07
233771,244.91,250.00,100,3.00,5.09
233871,244.44,250.00,100,3.00,5.56
233971,244.24,250.00,100,3.00,5.76
234071,244.36,250.00,0,3.00,5.64
234171,244.63,250.00,0,3.00,5.37
234271,244.71,250.00,0,3.00,5.29
234371,244.71,250.00,100,3.00,5.29
234471,244.48,250.00,100,3.00,5.52
234571,244.58,250.00,0,3.00,5.42
234671,244.83,250.00,0,3.00,5.17
234771,244.97,250.00,0,3.00,5.03
234871,244.86,250.00,100,3.00,5.14
234971,244.47,250.00,100,3.00,5.53
235071,244.49,250.00,100,3.00,5.51
235171,244.59,250.00,0,3.00,5.41
235271,244.68,250.00,0,3.00,5.32
235371,245.08,250.00,0,3.00,4.92
235471,245.20,250.00,0,3.00,4.80
235571,245.31,250.00,0,3.00,4.69
235671,245.57,250.00,0,3.00,4.43
235771,245.72,250.00,0,3.00,4.28
235871,245.54,250.00,100,3.00,4.46
235971,245.15,250.00,100,3.00,4.85
236071,244.88,250.00,100,3.00,5.12
236171,244.93,250.00,0,3.00,5.07
236271,245.07,250.00,0,3.00,4.93
236371,245.19,250.00,0,3.00,4.81
236471,245.06,250.00,100,3.00,4.94
236571,244.79,250.00,100,3.00,5.21
236671,244.55,250.00,100,3.00,5.45
236771,244.41,250.00,100,3.00,5.59
236871,244.36,250.00,100,3.00,5.64
236971,244.24,250.00,100,3.00,5.76
237071,243.91,250.00,100,3.00,6.09
237171,243.76,250.00,100,3.00,6.24
237271,243.77,250.00,100,3.00,6.23
237371,243.64,250.00,100,3.00,6.36
237471,243.74,250.00,0,3.00,6.26
237571,244.07,250.00,0,3.00,5.93
237671,244.37,250.00,0,3.00,5.63
237771,244.56,250.00,0,3.00,5.44
237871,244.73,250.00,0,3.00,5.27
237971,244.81,250.00,0,3.00,5.19
238071,244.49,250.00,100,3.00,5.51
238171,244.21,250.00,100,3.00,5.79
238271,244.34,250.00,0,3.00,5.66
238371,244.53,250.00,0,3.00,5.47
238471,244.70,250.00,0,3.00,5.30
238571,244.55,250.00,100,3.00,5.45
238671,244.26,250.00,100,3.00,5.74
238771,244.38,250.00,0,3.00,5.62
238871,244.57,250.00,0,3.00,5.43
238971,244.74,250.00,0,3.00,5.26
239071,244.73,250.00,100,3.00,5.27
239171,244.35,250.00,100,3.00,5.65
239271,244.31,250.00,100,3.00,5.69
239371,244.27,250.00,100,3.00,5.73
239471,244.15,250.00,100,3.00,5.85
239571,243.76,250.00,100,3.00,6.24
239671,243.70,250.00,100,3.00,6.30
239771,243.80,250.00,0,3.00,6.20
239871,244.29,250.00,0,3.00,5.71
239971,244.33,250.00,62,3.00,5.67
240071,244.53,250.00,0,3.00,5.47
240171,244.17,250.00,100,3.00,5.83
240271,243.92,250.00,100,3.00,6.08
240371,243.99,250.00,0,3.00,6.01
240471,244.06,250.00,0,3.00,5.94
240571,244.45,250.00,0,3.00,5.55
240671,244.71,250.00,0,3.00,5.29
240771,245.03,250.00,0,3.00,4.97
240871,245.15,250.00,0,3.00,4.85
240971,245.60,250.00,0,3.00,4.40
241071,245.75,250.00,0,3.00,4.25
241171,245.80,250.00,0,3.00,4.20
241271,245.84,250.00,0,3.00,4.16
241371,245.81,250.00,100,3.00,4.19
241471,245.62,250.00,100,3.00,4.38
241571,245.29,250.00,100,3.00,4.71
241671,244.86,250.00,100,3.00,5.14
241771,245.08,250.00,0,3.00,4.92
241871,245.20,250.00,0,3.00,4.80
241971,245.39,250.00,0,3.00,4.61
242071,245.56,250.00,0,3.00,4.44
242171,245.47,250.00,100,3.00,4.53
242271,245.02,250.00,100,3.00,4.98
242371,244.75,250.00,100,3.00,5.25
242471,244.83,250.00,0,3.00,5.17
242571,245.05,250.00,0,3.00,4.95
242671,245.09,250.00,33,3.00,4.91
242771,244.82,250.00,100,3.00,5.18
242871,244.43,250.00,100,3.00,5.57
242971,244.46,250.00,94,3.00,5.54
243071,244.64,250.00,0,3.00,5.36
243171,244.72,250.00,0,3.00,5.28
243271,244.72,250.00,100,3.00,5.28
243371,244.34,250.00,100,3.00,5.66
243471,244.30,250.00,100,3.00,5.70
243571,244.41,250.00,0,3.00,5.59
243671,244.52,250.00,0,3.00,5.48
243771,244.31,250.00,100,3.00,5.69
243871,244.27,250.00,100,3.00,5.73
243971,244.08,250.00,100,3.00,5.92
244071,243.91,250.00,100,3.00,6.09
244171,243.76,250.00,100,3.00,6.24
244271,243.34,250.00,100,3.00,6.66
244371,243.10,250.00,100,3.00,6.90
244471,242.95,250.00,100,3.00,7.05
244571,243.13,250.00,0,3.00,6.87
244671,243.52,250.00,0,3.00,6.48
244771,243.64,250.00,0,3.00,6.36
244871,243.90,250.00,0,3.00,6.10
244971,244.06,250.00,0,3.00,5.94
245071,244.20,250.00,0,3.00,5.80
245171,244.32,250.00,0,3.00,5.68
245271,244.44,250.00,0,3.00,5.56
245371,244.16,250.00,100,3.00,5.84
245471,243.98,250.00,100,3.00,6.02
245571,243.90,250.00,100,3.00,6.10
245671,243.98,250.00,0,3.00,6.02
245771,243.97,250.00,100,3.00,6.03
245871,243.96,250.00,100,3.00,6.04
245971,243.88,250.00,100,3.00,6.12
246071,243.73,250.00,100,3.00,6.27
246171,243.53,250.00,100,3.00,6.47
246271,243.13,250.00,100,3.00,6.87
246371,242.77,250.00,100,3.00,7.23
246471,242.51,250.00,100,3.00,7.49
246571,242.43,250.00,100,3.00,7.57
246671,242.35,250.00,100,3.00,7.65
246771,242.51,250.00,0,3.00,7.49
246871,242.80,250.00,0,3.00,7.20
246971,242.69,250.00,100,3.00,7.31
247071,242.51,250.00,100,3.00,7.49
247171,242.65,250.00,0,3.00,7.35
247271,242.70,250.00,81,3.00,7.30
247371,242.67,250.00,100,3.00,7.33
247471,242.50,250.00,100,3.00,7.50
247571,242.20,250.00,100,3.00,7.80
247671,242.22,250.00,100,3.00,7.78
247771,242.55,250.00,0,3.00,7.45
247871,242.68,250.00,0,3.00,7.32
247971,242.58,250.00,100,3.00,7.42
248071,242.79,250.00,0,3.00,7.21
248171,242.90,250.00,0,3.00,7.10
248271,243.32,250.00,0,3.00,6.68
248371,243.53,250.00,0,3.00,6.47
248471,243.49,250.00,100,3.00,6.51
248571,243.10,250.00,100,3.00,6.90
248671,242.81,250.00,100,3.00,7.19
248771,242.84,250.00,100,3.00,7.16
248871,242.73,250.00,100,3.00,7.27
248971,242.62,250.00,100,3.00,7.38
249071,242.45,250.00,100,3.00,7.55
249171,242.37,250.00,100,3.00,7.63
249271,242.53,250.00,0,3.00,7.47
249371,242.59,250.00,52,3.00,7.41
249471,242.50,250.00,100,3.00,7.50
249571,242.49,250.00,100,3.00,7.51
249671,242.26,250.00,100,3.00,7.74
249771,242.35,250.00,0,3.00,7.65
249871,242.90,250.00,0,3.00,7.10
249971,243.08,250.00,0,3.00,6.92
250071,243.01,250.00,100,3.00,6.99
250171,243.03,250.00,100,3.00,6.97
250271,242.89,250.00,100,3.00,7.11
250371,242.99,250.00,0,3.00,7.01
250471,243.24,250.00,0,3.00,6.76
250571,243.08,250.00,100,3.00,6.92
250671,242.80,250.00,100,3.00,7.20
250771,242.61,250.00,100,3.00,7.39
250871,242.74,250.00,0,3.00,7.26
250971,242.93,250.00,0,3.00,7.07
251071,243.11,250.00,0,3.00,6.89
251171,243.34,250.00,0,3.00,6.66
251271,243.56,250.00,0,3.00,6.44
251371,243.59,250.00,92,3.00,6.41
251471,243.55,250.00,100,3.00,6.45
251571,243.29,250.00,100,3.00,6.71
251671,243.12,250.00,100,3.00,6.88
251771,242.76,250.00,100,3.00,7.24
251871,242.88,250.00,0,3.00,7.12
251971,242.68,250.00,100,3.00,7.32
252071,242.88,250.00,0,3.00,7.12
252171,242.76,250.00,100,3.00,7.24
252271,242.73,250.00,100,3.00,7.27
252371,242.69,250.00,100,3.00,7.31
252471,242.52,250.00,100,3.00,7.48
252571,242.22,250.00,100,3.00,7.78
252671,241.95,250.00,100,3.00,8.05
252771,241.78,250.00,100,3.00,8.22
252871,241.77,250.00,100,3.00,8.23
252971,242.06,250.00,0,3.00,7.94
253071,242.24,250.00,0,3.00,7.76
253171,242.41,250.00,0,3.00,7.59
253271,242.41,250.00,100,3.00,7.59
253371,242.19,250.00,100,3.00,7.81
253471,242.06,250.00,100,3.00,7.94
253571,241.74,250.00,100,3.00,8.26
253671,241.66,250.00,100,3.00,8.34
253771,241.66,250.00,100,3.00,8.34
253871,241.52,250.00,100,3.00,8.48
253971,241.61,250.00,14,3.00,8.39
254071,241.40,250.00,100,3.00,8.60
254171,241.57,250.00,0,3.00,8.43
254271,242.12,250.00,0,3.00,7.88
254371,242.23,250.00,0,3.00,7.77
254471,242.39,250.00,0,3.00,7.61
254571,242.78,250.00,0,3.00,7.22
254671,243.13,250.00,0,3.00,6.87
254771,243.28,250.00,0,3.00,6.72
254871,243.27,250.00,100,3.00,6.73
254971,243.11,250.00,100,3.00,6.89
255071,243.27,250.00,0,3.00,6.73
255171,243.65,250.00,0,3.00,6.35
255271,243.75,250.00,0,3.00,6.25
255371,243.77,250.00,100,3.00,6.23
255471,243.63,250.00,100,3.00,6.37
255571,243.73,250.00,0,3.00,6.27
255671,244.24,250.00,0,3.00,5.76
255771,244.36,250.00,0,3.00,5.64
255871,244.55,250.00,0,3.00,5.45
255971,244.72,250.00,0,3.00,5.28
256071,244.88,250.00,0,3.00,5.12
256171,244.55,250.00,100,3.00,5.45
256271,244.65,250.00,0,3.00,5.35
256371,245.06,250.00,0,3.00,4.94
256471,245.10,250.00,35,3.00,4.90
256571,244.98,250.00,100,3.00,5.02
256671,244.79,250.00,100,3.00,5.21
256771,244.41,250.00,100,3.00,5.59
256871,244.06,250.00,100,3.00,5.94
256971,244.20,250.00,0,3.00,5.80
257071,244.25,250.00,41,3.00,5.75
257171,244.14,250.00,100,3.00,5.86
257271,243.82,250.00,100,3.00,6.18
257371,243.83,250.00,100,3.00,6.17
257471,243.61,250.00,100,3.00,6.39
257571,243.49,250.00,100,3.00,6.51
257671,243.85,250.00,0,3.00,6.15
257771,244.01,250.00,0,3.00,5.99
257871,244.32,250.00,0,3.00,5.68
257971,244.28,250.00,100,3.00,5.72
258071,244.24,250.00,100,3.00,5.76
258171,244.21,250.00,100,3.00,5.79
258271,244.25,250.00,42,3.00,5.75
258371,244.37,250.00,0,3.00,5.63
258471,244.90,250.00,0,3.00,5.10
258571,245.20,250.00,0,3.00,4.80
258671,245.31,250.00,0,3.00,4.69
258771,245.48,250.00,0,3.00,4.52
258871,245.64,250.00,0,3.00,4.36
258971,246.04,250.00,0,3.00,3.96
259071,245.75,250.00,100,3.00,4.25
259171,245.64,250.00,100,3.00,4.36
259271,245.79,250.00,0,3.00,4.21
259371,246.17,250.00,0,3.00,3.83
259471,246.26,250.00,0,3.00,3.74
259571,246.10,250.00,100,3.00,3.90
259671,245.73,250.00,100,3.00,4.27
259771,245.78,250.00,0,3.00,4.22
259871,245.78,250.00,100,3.00,4.22
259971,245.75,250.00,100,3.00,4.25
260071,245.72,250.00,100,3.00,4.28
260171,245.47,250.00,100,3.00,4.53
260271,245.47,250.00,100,3.00,4.53
260371,245.39,250.00,100,3.00,4.61
260471,245.40,250.00,100,3.00,4.60
260571,245.48,250.00,0,3.00,4.52
260671,245.64,250.00,0,3.00,4.36
260771,245.95,250.00,0,3.00,4.05
260871,245.95,250.00,100,3.00,4.05
260971,245.75,250.00,100,3.00,4.25
261071,245.64,250.00,100,3.00,4.36
261171,245.39,250.00,100,3.00,4.61
261271,245.17,250.00,100,3.00,4.83
261371,245.36,250.00,0,3.00,4.64
261471,245.53,250.00,0,3.00,4.47
261571,245.69,250.00,0,3.00,4.31
261671,246.08,250.00,0,3.00,3.92
261771,246.35,250.00,0,3.00,3.65
261871,246.50,250.00,0,3.00,3.50
261971,246.48,250.00,100,3.00,3.52
262071,246.38,250.00,100,3.00,3.62
262171,246.21,250.00,100,3.00,3.79
262271,245.90,250.00,100,3.00,4.10
262371,245.78,250.00,100,3.00,4.22
262471,245.91,250.00,0,3.00,4.09
262571,245.94,250.00,24,3.00,4.06
262671,245.52,250.00,100,3.00,4.48
262771,245.51,250.00,100,3.00,4.49
262871,245.59,250.00,0,3.00,4.41
262971,245.90,250.00,0,3.00,4.10
263071,246.10,250.00,0,3.00,3.90
263171,245.96,250.00,100,3.00,4.04
263271,245.60,250.00,100,3.00,4.40
263371,245.36,250.00,100,3.00,4.64
263471,245.53,250.00,0,3.00,4.47
263571,245.77,250.00,0,3.00,4.23
263671,246.07,250.00,0,3.00,3.93
263771,246.09,250.00,61,3.00,3.91
263871,245.87,250.00,100,3.00,4.13
263971,245.91,250.00,15,3.00,4.09
264071,246.19,250.00,0,3.00,3.81
264171,246.53,250.00,0,3.00,3.47
264271,246.43,250.00,100,3.00,3.57
264371,246.49,250.00,0,3.00,3.51
264471,246.72,250.00,0,3.00,3.28
264571,246.84,250.00,0,3.00,3.16
264671,246.94,250.00,0,3.00,3.06
264771,246.94,250.00,91,3.00,3.06
264871,247.04,250.00,0,3.00,2.96
264971,247.21,250.00,0,3.00,2.79
265071,247.45,250.00,0,3.00,2.55
265171,247.67,250.00,0,3.00,2.33
265271,247.67,250.00,74,3.00,2.33
265371,247.22,250.00,100,3.00,2.78
265471,246.96,250.00,100,3.00,3.04
265571,247.06,250.00,0,3.00,2.94
265671,247.40,250.00,0,3.00,2.60
265771,247.45,250.00,0,3.00,2.55
265871,247.33,250.00,100,3.00,2.67
265971,247.07,250.00,100,3.00,2.93
266071,247.15,250.00,0,3.00,2.85
266171,247.31,250.00,0,3.00,2.69
266271,247.37,250.00,0,3.00,2.63
266371,247.42,250.00,0,3.00,2.58
266471,247.64,250.00,0,3.00,2.36
266571,247.75,250.00,0,3.00,2.25
266671,247.45,250.00,100,3.00,2.55
266771,247.49,250.00,0,3.00,2.51
266871,247.79,250.00,0,3.00,2.21
266971,247.64,250.00,100,3.00,2.36
267071,247.67,250.00,17,3.00,2.33
267171,247.77,250.00,0,3.00,2.23
267271,247.96,250.00,0,3.00,2.04
267371,247.71,250.00,100,3.00,2.29
267471,247.65,250.00,100,3.00,2.35
267571,247.35,250.00,100,3.00,2.65
267671,247.32,250.00,100,3.00,2.68
267771,247.06,250.00,100,3.00,2.94
267871,247.06,250.00,100,3.00,2.94
267971,246.67,250.00,100,3.00,3.33
268071,246.39,250.00,100,3.00,3.61
268171,246.14,250.00,100,3.00,3.86
268271,245.70,250.00,100,3.00,4.30
268371,245.75,250.00,0,3.00,4.25
268471,245.65,250.00,100,3.00,4.35
268571,245.32,250.00,100,3.00,4.68
268671,245.33,250.00,94,3.00,4.67
268771,245.04,250.00,100,3.00,4.96
268871,245.24,250.00,0,3.00,4.76
268971,245.68,250.00,0,3.00,4.32
269071,245.58,250.00,100,3.00,4.42
269171,245.34,250.00,100,3.00,4.66
269271,245.19,250.00,100,3.00,4.81
269371,245.07,250.00,100,3.00,4.93
269471,244.65,250.00,100,3.00,5.35
269571,244.43,250.00,100,3.00,5.57
269671,244.30,250.00,100,3.00,5.70
269771,244.50,250.00,0,3.00,5.50
269871,244.75,250.00,0,3.00,5.25
269971,245.07,250.00,0,3.00,4.93
270071,245.11,250.00,38,3.00,4.89
270171,244.84,250.00,100,3.00,5.16
270271,244.59,250.00,100,3.00,5.41
270371,244.23,250.00,100,3.00,5.77
270471,243.97,250.00,100,3.00,6.03
270571,243.97,250.00,100,3.00,6.03
270671,243.74,250.00,100,3.00,6.26
270771,243.83,250.00,0,3.00,6.17
270871,243.76,250.00,100,3.00,6.24
270971,243.70,250.00,100,3.00,6.30
271071,243.80,250.00,0,3.00,6.20
271171,243.96,250.00,0,3.00,6.04
271271,244.11,250.00,0,3.00,5.89
271371,244.49,250.00,0,3.00,5.51
271471,244.75,250.00,0,3.00,5.25
271571,245.07,250.00,0,3.00,4.93
271671,244.73,250.00,100,3.00,5.27
271771,244.49,250.00,100,3.00,5.51
271871,244.59,250.00,0,3.00,5.41
271971,244.68,250.00,0,3.00,5.32
272071,244.84,250.00,0,3.00,5.16
272171,244.82,250.00,100,3.00,5.18
272271,244.51,250.00,100,3.00,5.49
272371,244.29,250.00,100,3.00,5.71
272471,244.41,250.00,0,3.00,5.59
272571,244.60,250.00,0,3.00,5.40
272671,244.68,250.00,0,3.00,5.32
272771,244.84,250.00,0,3.00,5.16
272871,244.90,250.00,0,3.00,5.10
272971,244.96,250.00,0,3.00,5.04
273071,245.51,250.00,0,3.00,4.49
273171,245.84,250.00,0,3.00,4.16
273271,246.04,250.00,0,3.00,3.96
273371,246.07,250.00,56,3.00,3.93
273471,245.55,250.00,100,3.00,4.45
273571,245.39,250.00,100,3.00,4.61
273671,244.94,250.00,100,3.00,5.06
273771,244.62,250.00,100,3.00,5.38
273871,244.47,250.00,100,3.00,5.53
273971,244.65,250.00,0,3.00,5.35
274071,244.73,250.00,0,3.00,5.27
274171,244.80,250.00,0,3.00,5.20
274271,244.71,250.00,100,3.00,5.29
274371,244.48,250.00,100,3.00,5.52
274471,244.27,250.00,100,3.00,5.73
274571,244.24,250.00,100,3.00,5.76
274671,244.28,250.00,49,3.00,5.72
274771,244.32,250.00,59,3.00,5.68
274871,244.44,250.00,0,3.00,5.56
274971,244.70,250.00,0,3.00,5.30
275071,244.47,250.00,100,3.00,5.53
275171,244.34,250.00,100,3.00,5.66
275271,244.37,250.00,72,3.00,5.63
275371,244.48,250.00,0,3.00,5.52
275471,244.50,250.00,100,3.00,5.50
275571,244.60,250.00,0,3.00,5.40
275671,244.85,250.00,0,3.00,5.15
275771,245.15,250.00,0,3.00,4.85
275871,245.03,250.00,100,3.00,4.97
275971,244.76,250.00,100,3.00,5.24
276071,244.83,250.00,0,3.00,5.17
276171,245.14,250.00,0,3.00,4.86
276271,245.34,250.00,0,3.00,4.66
276371,245.12,250.00,100,3.00,4.88
276471,244.77,250.00,100,3.00,5.23
276571,244.84,250.00,0,3.00,5.16
276671,244.98,250.00,0,3.00,5.02
276771,245.19,250.00,0,3.00,4.81
276871,244.99,250.00,100,3.00,5.01
276971,244.80,250.00,100,3.00,5.20
277071,244.56,250.00,100,3.00,5.44
277171,244.73,250.00,0,3.00,5.27
277271,244.89,250.00,0,3.00,5.11
277371,244.71,250.00,100,3.00,5.29
277471,244.63,250.00,100,3.00,5.37
277571,244.48,250.00,100,3.00,5.52
277671,244.27,250.00,100,3.00,5.73
277771,244.09,250.00,100,3.00,5.91
277871,243.70,250.00,100,3.00,6.30
277971,243.28,250.00,100,3.00,6.72
278071,243.12,250.00,100,3.00,6.88
278171,243.28,250.00,0,3.00,6.72
278271,243.50,250.00,0,3.00,6.50
278371,243.61,250.00,0,3.00,6.39
278471,243.88,250.00,0,3.00,6.12
278571,243.96,250.00,0,3.00,6.04
278671,244.11,250.00,0,3.00,5.89
278771,244.57,250.00,0,3.00,5.43
278871,244.74,250.00,0,3.00,5.26
278971,244.82,250.00,0,3.00,5.18
279071,244.96,250.00,0,3.00,5.04
279171,244.93,250.00,100,3.00,5.07
279271,244.75,250.00,100,3.00,5.25
279371,244.37,250.00,100,3.00,5.63
279471,243.96,250.00,100,3.00,6.04
279571,243.88,250.00,100,3.00,6.12
279671,243.65,250.00,100,3.00,6.35
279771,243.38,250.00,100,3.00,6.62
279871,243.07,250.00,100,3.00,6.93
279971,242.71,250.00,100,3.00,7.29
280071,242.39,250.00,100,3.00,7.61
280171,242.40,250.00,100,3.00,7.60
280271,242.62,250.00,0,3.00,7.38
280371,242.99,250.00,0,3.00,7.01
280471,243.32,250.00,0,3.00,6.68
280571,243.22,250.00,100,3.00,6.78
280671,243.00,250.00,100,3.00,7.00
280771,243.16,250.00,0,3.00,6.84
280871,243.72,250.00,0,3.00,6.28
280971,243.74,250.00,100,3.00,6.26
281071,243.61,250.00,100,3.00,6.39
281171,243.27,250.00,100,3.00,6.73
281271,243.26,250.00,100,3.00,6.74
281371,243.56,250.00,0,3.00,6.44
281471,243.75,250.00,0,3.00,6.25
281571,244.08,250.00,0,3.00,5.92
281671,243.91,250.00,100,3.00,6.09
281771,243.54,250.00,100,3.00,6.46
281871,243.36,250.00,100,3.00,6.64
281971,243.19,250.00,100,3.00,6.81
282071,242.82,250.00,100,3.00,7.18
282171,242.56,250.00,100,3.00,7.44
282271,242.40,250.00,100,3.00,7.60
282371,242.55,250.00,0,3.00,7.45
282471,242.84,250.00,0,3.00,7.16
282571,243.26,250.00,0,3.00,6.74
282671,243.25,250.00,100,3.00,6.75
282771,243.09,250.00,100,3.00,6.91
282871,243.25,250.00,0,3.00,6.75
282971,243.32,250.00,23,3.00,6.68
283071,243.53,250.00,0,3.00,6.47
283171,243.42,250.00,100,3.00,6.58
283271,243.10,250.00,100,3.00,6.90
283371,243.18,250.00,0,3.00,6.82
283471,243.03,250.00,100,3.00,6.97
283571,243.27,250.00,0,3.00,6.73
283671,243.57,250.00,0,3.00,6.43
283771,243.76,250.00,0,3.00,6.24
283871,243.93,250.00,0,3.00,6.07
283971,244.41,250.00,0,3.00,5.59
284071,244.60,250.00,0,3.00,5.40
284171,244.85,250.00,0,3.00,5.15
284271,244.46,250.00,100,3.00,5.54
284371,244.10,250.00,100,3.00,5.90
284471,243.93,250.00,100,3.00,6.07
284571,243.49,250.00,100,3.00,6.51
284671,243.38,250.00,100,3.00,6.62
284771,243.44,250.00,53,3.00,6.56
284871,243.19,250.00,100,3.00,6.81
284971,243.11,250.00,100,3.00,6.89
285071,243.34,250.00,0,3.00,6.66
285171,243.56,250.00,0,3.00,6.44
285271,243.44,250.00,100,3.00,6.56
285371,243.49,250.00,65,3.00,6.51
285471,243.23,250.00,100,3.00,6.77
285571,243.45,250.00,0,3.00,6.55
285671,243.58,250.00,0,3.00,6.42
285771,243.53,250.00,100,3.00,6.47
285871,243.65,250.00,0,3.00,6.35
285971,243.67,250.00,100,3.00,6.33
286071,243.47,250.00,100,3.00,6.53
286171,243.15,250.00,100,3.00,6.85
286271,242.86,250.00,100,3.00,7.14
286371,242.66,250.00,100,3.00,7.34
286471,242.64,250.00,100,3.00,7.36
286571,242.84,250.00,0,3.00,7.16
286671,243.18,250.00,0,3.00,6.82
286771,243.33,250.00,0,3.00,6.67
286871,243.63,250.00,0,3.00,6.37
286971,243.89,250.00,0,3.00,6.11
287071,244.05,250.00,0,3.00,5.95
287171,244.03,250.00,100,3.00,5.97
287271,243.80,250.00,100,3.00,6.20
287371,243.66,250.00,100,3.00,6.34
287471,243.31,250.00,100,3.00,6.69
287571,243.37,250.00,37,3.00,6.63
287671,243.13,250.00,100,3.00,6.87
287771,243.06,250.00,100,3.00,6.94
287871,242.77,250.00,100,3.00,7.23
287971,242.81,250.00,100,3.00,7.19
288071,243.00,250.00,0,3.00,7.00
288171,243.41,250.00,0,3.00,6.59
288271,243.77,250.00,0,3.00,6.23
288371,243.94,250.00,0,3.00,6.06
288471,243.71,250.00,100,3.00,6.29
288571,243.44,250.00,100,3.00,6.56
288671,243.64,250.00,0,3.00,6.36
288771,243.98,250.00,0,3.00,6.02
288871,244.21,250.00,0,3.00,5.79
288971,244.42,250.00,0,3.00,5.58
289071,244.37,250.00,100,3.00,5.63
289171,244.40,250.00,78,3.00,5.60
289271,244.58,250.00,0,3.00,5.42
289371,244.75,250.00,0,3.00,5.25
289471,244.59,250.00,100,3.00,5.41
289571,244.15,250.00,100,3.00,5.85
289671,244.13,250.00,100,3.00,5.87
289771,244.34,250.00,0,3.00,5.66
289871,244.46,250.00,0,3.00,5.54
289971,244.32,250.00,100,3.00,5.68
290071,244.28,250.00,100,3.00,5.72
290171,244.17,250.00,100,3.00,5.83
290271,243.92,250.00,100,3.00,6.08
290371,243.77,250.00,100,3.00,6.23
290471,243.70,250.00,100,3.00,6.30
290571,243.43,250.00,100,3.00,6.57
290671,243.40,250.00,100,3.00,6.60
290771,243.61,250.00,0,3.00,6.39
290871,243.87,250.00,0,3.00,6.13
290971,244.03,250.00,0,3.00,5.97
291071,244.10,250.00,3,3.00,5.90
291171,244.48,250.00,0,3.00,5.52
291271,244.66,250.00,0,3.00,5.34
291371,244.66,250.00,100,3.00,5.34
291471,244.36,250.00,100,3.00,5.64
291571,244.39,250.00,77,3.00,5.61
291671,244.05,250.00,100,3.00,5.95
291771,244.11,250.00,6,3.00,5.89
291871,244.24,250.00,0,3.00,5.76
291971,244.61,250.00,0,3.00,5.39
292071,245.11,250.00,0,3.00,4.89
292171,245.23,250.00,0,3.00,4.77
292271,245.49,250.00,0,3.00,4.51
292371,245.82,250.00,0,3.00,4.18
292471,246.03,250.00,0,3.00,3.97
292571,245.82,250.00,100,3.00,4.18
292671,245.47,250.00,100,3.00,4.53
292771,245.32,250.00,100,3.00,4.68
292871,245.41,250.00,0,3.00,4.59
292971,245.75,250.00,0,3.00,4.25
293071,245.88,250.00,0,3.00,4.12
293171,246.08,250.00,0,3.00,3.92
293271,246.35,250.00,0,3.00,3.65
293371,246.51,250.00,0,3.00,3.49
293471,246.40,250.00,100,3.00,3.60
293571,246.00,250.00,100,3.00,4.00
293671,245.79,250.00,100,3.00,4.21
293771,245.45,250.00,100,3.00,4.55
293871,245.45,250.00,100,3.00,4.55
293971,245.78,250.00,0,3.00,4.22
294071,246.00,250.00,0,3.00,4.00
294171,245.86,250.00,100,3.00,4.14
294271,246.07,250.00,0,3.00,3.93
294371,246.34,250.00,0,3.00,3.66
294471,246.58,250.00,0,3.00,3.42
294571,246.80,250.00,0,3.00,3.20
294671,246.99,250.00,0,3.00,3.01
294771,246.61,250.00,100,3.00,3.39
294871,246.26,250.00,100,3.00,3.74
294971,246.34,250.00,0,3.00,3.66
295071,246.42,250.00,0,3.00,3.58
295171,246.65,250.00,0,3.00,3.35
295271,246.61,250.00,100,3.00,3.39
295371,246.19,250.00,100,3.00,3.81
295471,246.28,250.00,0,3.00,3.72
295571,246.70,250.00,0,3.00,3.30
295671,246.82,250.00,0,3.00,3.18
295771,246.76,250.00,100,3.00,3.24
295871,246.33,250.00,100,3.00,3.67
295971,246.24,250.00,100,3.00,3.76
296071,246.41,250.00,0,3.00,3.59
296171,246.56,250.00,0,3.00,3.44
296271,246.78,250.00,0,3.00,3.22
296371,246.65,250.00,100,3.00,3.35
296471,246.61,250.00,100,3.00,3.39
296571,246.26,250.00,100,3.00,3.74
296671,246.03,250.00,100,3.00,3.97
296771,245.81,250.00,100,3.00,4.19
296871,245.47,250.00,100,3.00,4.53
296971,245.32,250.00,100,3.00,4.68
297071,245.41,250.00,0,3.00,4.59
297171,245.74,250.00,0,3.00,4.26
297271,245.88,250.00,0,3.00,4.12
297371,246.08,250.00,0,3.00,3.92
297471,246.26,250.00,0,3.00,3.74
297571,246.35,250.00,0,3.00,3.65
297671,246.76,250.00,0,3.00,3.24
297771,246.87,250.00,0,3.00,3.13
297871,246.58,250.00,100,3.00,3.42
297971,246.23,250.00,100,3.00,3.77
298071,246.16,250.00,100,3.00,3.84
298171,245.93,250.00,100,3.00,4.07
298271,246.05,250.00,0,3.00,3.95
298371,246.32,250.00,0,3.00,3.68
298471,246.15,250.00,100,3.00,3.85
298571,246.16,250.00,82,3.00,3.84
298671,245.71,250.00,100,3.00,4.29
298771,245.53,250.00,100,3.00,4.47
298871,245.07,250.00,100,3.00,4.93
298971,244.66,250.00,100,3.00,5.34
299071,244.51,250.00,100,3.00,5.49
299171,244.60,250.00,0,3.00,5.40
299271,244.77,250.00,0,3.00,5.23
299371,244.84,250.00,0,3.00,5.16
299471,244.90,250.00,0,3.00,5.10
299571,245.04,250.00,0,3.00,4.96
299671,245.16,250.00,0,3.00,4.84
299771,245.16,250.00,100,3.00,4.84
299871,244.96,250.00,100,3.00,5.04
299971,244.85,250.00,100,3.00,5.15
300071,244.54,250.00,100,3.00,5.46
300171,244.40,250.00,100,3.00,5.60
300271,244.58,250.00,0,3.00,5.42
300371,244.75,250.00,0,3.00,5.25
300471,244.67,250.00,100,3.00,5.33
300571,244.91,250.00,0,3.00,5.09
300671,245.21,250.00,0,3.00,4.79
300771,245.48,250.00,0,3.00,4.52
300871,245.72,250.00,0,3.00,4.28
300971,245.54,250.00,100,3.00,4.46
301071,245.15,250.00,100,3.00,4.85
301171,244.88,250.00,100,3.00,5.12
301271,245.02,250.00,0,3.00,4.98
301371,245.06,250.00,25,3.00,4.94
301471,245.18,250.00,0,3.00,4.82
301571,245.37,250.00,0,3.00,4.63
301671,245.46,250.00,0,3.00,4.54
301771,245.54,250.00,0,3.00,4.46
301871,245.95,250.00,0,3.00,4.05
301971,246.06,250.00,0,3.00,3.94
302071,245.77,250.00,100,3.00,4.23
302171,245.29,250.00,100,3.00,4.71
302271,245.23,250.00,100,3.00,4.77
302371,245.33,250.00,0,3.00,4.67
302471,245.42,250.00,0,3.00,4.58
302571,245.76,250.00,0,3.00,4.24
302671,245.81,250.00,0,3.00,4.19
302771,245.69,250.00,100,3.00,4.31
302871,245.59,250.00,100,3.00,4.41
302971,245.13,250.00,100,3.00,4.87
303071,244.93,250.00,100,3.00,5.07
303171,244.53,250.00,100,3.00,5.47
303271,244.32,250.00,100,3.00,5.68
303371,244.43,250.00,0,3.00,5.57
303471,244.61,250.00,0,3.00,5.39
303571,244.70,250.00,0,3.00,5.30
303671,244.70,250.00,100,3.00,5.30
303771,244.47,250.00,100,3.00,5.53
303871,244.49,250.00,100,3.00,5.51
303971,244.59,250.00,0,3.00,5.41
304071,244.75,250.00,0,3.00,5.25
304171,244.52,250.00,100,3.00,5.48
304271,244.16,250.00,100,3.00,5.84
304371,244.21,250.00,32,3.00,5.79
304471,244.18,250.00,100,3.00,5.82
304571,244.08,250.00,100,3.00,5.92
304671,243.69,250.00,100,3.00,6.31
304771,243.71,250.00,100,3.00,6.29
304871,243.58,250.00,100,3.00,6.42
304971,243.39,250.00,100,3.00,6.61
305071,243.00,250.00,100,3.00,7.00
305171,242.66,250.00,100,3.00,7.34
305271,242.41,250.00,100,3.00,7.59
305371,242.27,250.00,100,3.00,7.73
305471,242.51,250.00,0,3.00,7.49
305571,242.80,250.00,0,3.00,7.20
305671,243.07,250.00,0,3.00,6.93
305771,243.00,250.00,100,3.00,7.00
305871,242.94,250.00,100,3.00,7.06
305971,243.12,250.00,0,3.00,6.88
306071,243.19,250.00,0,3.00,6.81
306171,243.42,250.00,0,3.00,6.58
306271,243.25,250.00,100,3.00,6.75
306371,243.31,250.00,22,3.00,6.69
306471,243.37,250.00,37,3.00,6.63
306571,242.92,250.00,100,3.00,7.08
306671,242.79,250.00,100,3.00,7.21
306771,242.83,250.00,100,3.00,7.17
306871,242.78,250.00,100,3.00,7.22
306971,242.60,250.00,100,3.00,7.40
307071,242.43,250.00,100,3.00,7.57
307171,242.36,250.00,100,3.00,7.64
307271,242.07,250.00,100,3.00,7.93
307371,241.82,250.00,100,3.00,8.18
307471,241.80,250.00,100,3.00,8.20
307571,241.94,250.00,0,3.00,8.06
307671,242.21,250.00,0,3.00,7.79
307771,242.62,250.00,0,3.00,7.38
307871,242.90,250.00,0,3.00,7.10
307971,243.00,250.00,0,3.00,7.00
308071,243.33,250.00,0,3.00,6.67
308171,243.87,250.00,0,3.00,6.13
308271,244.11,250.00,0,3.00,5.89
308371,243.94,250.00,100,3.00,6.06
308471,243.57,250.00,100,3.00,6.43
308571,243.60,250.00,94,3.00,6.40
308671,243.41,250.00,100,3.00,6.59
308771,243.38,250.00,100,3.00,6.62
308871,243.07,250.00,100,3.00,6.93
308971,243.15,250.00,0,3.00,6.85
309071,243.23,250.00,0,3.00,6.77
309171,243.61,250.00,0,3.00,6.39
309271,243.88,250.00,0,3.00,6.12
309371,244.20,250.00,0,3.00,5.80
309471,243.87,250.00,100,3.00,6.13
309571,243.65,250.00,100,3.00,6.35
309671,243.83,250.00,0,3.00,6.17
309771,244.16,250.00,0,3.00,5.84
309871,244.37,250.00,0,3.00,5.63
309971,244.56,250.00,0,3.00,5.44
310071,244.49,250.00,100,3.00,5.51
310171,244.51,250.00,100,3.00,5.49
310271,244.30,250.00,100,3.00,5.70
310371,244.04,250.00,100,3.00,5.96
310471,243.87,250.00,100,3.00,6.13
310571,243.58,250.00,100,3.00,6.42
310671,243.61,250.00,97,3.00,6.39
310771,243.42,250.00,100,3.00,6.58
310871,243.24,250.00,100,3.00,6.76
310971,242.87,250.00,100,3.00,7.13
311071,242.97,250.00,0,3.00,7.03
311171,243.30,250.00,0,3.00,6.70
311271,243.60,250.00,0,3.00,6.40
311371,243.79,250.00,0,3.00,6.21
311471,243.72,250.00,100,3.00,6.28
311571,243.44,250.00,100,3.00,6.56
311671,243.27,250.00,100,3.00,6.73
311771,243.49,250.00,0,3.00,6.51
311871,243.68,250.00,0,3.00,6.32
311971,243.78,250.00,0,3.00,6.22
312071,243.87,250.00,0,3.00,6.13
312171,243.88,250.00,100,3.00,6.12
312271,243.65,250.00,100,3.00,6.35
312371,243.53,250.00,100,3.00,6.47
312471,243.57,250.00,85,3.00,6.43
312571,243.52,250.00,100,3.00,6.48
312671,243.49,250.00,100,3.00,6.51
312771,243.45,250.00,100,3.00,6.55
312871,243.73,250.00,0,3.00,6.27
312971,243.91,250.00,0,3.00,6.09
313071,244.22,250.00,0,3.00,5.78
313171,244.43,250.00,0,3.00,5.57
313271,244.38,250.00,100,3.00,5.62
313371,244.10,250.00,100,3.00,5.90
313471,243.93,250.00,100,3.00,6.07
313571,243.49,250.00,100,3.00,6.51
313671,243.24,250.00,100,3.00,6.76
313771,243.15,250.00,100,3.00,6.85
313871,243.31,250.00,0,3.00,6.69
313971,243.52,250.00,0,3.00,6.48
314071,243.64,250.00,0,3.00,6.36
314171,243.98,250.00,0,3.00,6.02
314271,244.21,250.00,0,3.00,5.79
314371,244.50,250.00,0,3.00,5.50
314471,244.84,250.00,0,3.00,5.16
314571,244.90,250.00,0,3.00,5.10
314671,245.04,250.00,0,3.00,4.96
314771,245.32,250.00,0,3.00,4.68
314871,245.34,250.00,95,3.00,4.66
314971,244.83,250.00,100,3.00,5.17
315071,244.66,250.00,100,3.00,5.34
315171,244.29,250.00,100,3.00,5.71
315271,244.25,250.00,100,3.00,5.75
315371,244.45,250.00,0,3.00,5.55
315471,244.80,250.00,0,3.00,5.20
315571,245.02,250.00,0,3.00,4.98
315671,244.91,250.00,100,3.00,5.09
315771,244.59,250.00,100,3.00,5.41
315871,244.37,250.00,100,3.00,5.63
315971,244.48,250.00,0,3.00,5.52
316071,244.66,250.00,0,3.00,5.34
316171,244.82,250.00,0,3.00,5.18
316271,244.88,250.00,0,3.00,5.12
316371,245.18,250.00,0,3.00,4.82
316471,245.29,250.00,0,3.00,4.71
316571,245.23,250.00,100,3.00,4.77
316671,244.95,250.00,100,3.00,5.05
316771,244.84,250.00,100,3.00,5.16
316871,244.91,250.00,0,3.00,5.09
316971,245.04,250.00,0,3.00,4.96
317071,244.85,250.00,100,3.00,5.15
317171,244.76,250.00,100,3.00,5.24
317271,244.83,250.00,0,3.00,5.17
317371,244.81,250.00,100,3.00,5.19
317471,244.88,250.00,0,3.00,5.12
317571,245.18,250.00,0,3.00,4.82
317671,245.54,250.00,0,3.00,4.46
317771,245.45,250.00,100,3.00,4.55
317871,245.07,250.00,100,3.00,4.93
317971,244.81,250.00,100,3.00,5.19
318071,244.95,250.00,0,3.00,5.05
318171,245.16,250.00,0,3.00,4.84
318271,245.36,250.00,0,3.00,4.64
318371,245.53,250.00,0,3.00,4.47
318471,245.68,250.00,0,3.00,4.32
318571,245.66,250.00,100,3.00,4.34
318671,245.12,250.00,100,3.00,4.88
318771,244.85,250.00,100,3.00,5.15
318871,244.83,250.00,100,3.00,5.17
318971,244.51,250.00,100,3.00,5.49
319071,244.53,250.00,100,3.00,5.47
319171,244.70,250.00,0,3.00,5.30
319271,244.86,250.00,0,3.00,5.14
319371,244.76,250.00,100,3.00,5.24
319471,245.08,250.00,0,3.00,4.92
319571,245.12,250.00,40,3.00,4.88
319671,244.70,250.00,100,3.00,5.30
319771,244.62,250.00,100,3.00,5.38
319871,244.25,250.00,100,3.00,5.75
319971,243.99,250.00,100,3.00,6.01
320071,243.83,250.00,100,3.00,6.17
320171,244.08,250.00,0,3.00,5.92
320271,244.54,250.00,0,3.00,5.46
320371,244.72,250.00,0,3.00,5.28
320471,244.71,250.00,100,3.00,5.29
320571,244.41,250.00,100,3.00,5.59
320671,244.21,250.00,100,3.00,5.79
320771,243.81,250.00,100,3.00,6.19
320871,243.82,250.00,100,3.00,6.18
320971,243.75,250.00,100,3.00,6.25
321071,243.54,250.00,100,3.00,6.46
321171,243.73,250.00,0,3.00,6.27
321271,244.32,250.00,0,3.00,5.68
321371,244.68,250.00,0,3.00,5.32
321471,244.60,250.00,100,3.00,5.40
321571,244.85,250.00,0,3.00,5.15
321671,244.91,250.00,0,3.00,5.09
321771,245.38,250.00,0,3.00,4.62
321871,245.55,250.00,0,3.00,4.45
321971,245.79,250.00,0,3.00,4.21
322071,245.68,250.00,100,3.00,4.32
322171,245.42,250.00,100,3.00,4.58
322271,245.43,250.00,100,3.00,4.57
322371,245.20,250.00,100,3.00,4.80
322471,244.99,250.00,100,3.00,5.01
322571,245.20,250.00,0,3.00,4.80
322671,245.56,250.00,0,3.00,4.44
322771,245.88,250.00,0,3.00,4.12
322871,245.92,250.00,17,3.00,4.08
322971,246.11,250.00,0,3.00,3.89
323071,246.21,250.00,0,3.00,3.79
323171,246.47,250.00,0,3.00,3.53
323271,246.53,250.00,0,3.00,3.47
323371,246.53,250.00,100,3.00,3.47
323471,246.19,250.00,100,3.00,3.81
323571,246.12,250.00,100,3.00,3.88
323671,246.30,250.00,0,3.00,3.70
323771,246.46,250.00,0,3.00,3.54
323871,246.69,250.00,0,3.00,3.31
323971,246.89,250.00,0,3.00,3.11
324071,246.67,250.00,100,3.00,3.33
324171,246.24,250.00,100,3.00,3.76
324271,245.93,250.00,100,3.00,4.07
324371,245.97,250.00,30,3.00,4.03
324471,246.08,250.00,0,3.00,3.92
324571,246.26,250.00,0,3.00,3.74
324671,246.26,250.00,100,3.00,3.74
324771,245.88,250.00,100,3.00,4.12
324871,245.60,250.00,100,3.00,4.40
324971,245.21,250.00,100,3.00,4.79
325071,245.00,250.00,100,3.00,5.00
325171,244.89,250.00,100,3.00,5.11
325271,244.64,250.00,100,3.00,5.36
325371,244.81,250.00,0,3.00,5.19
325471,244.64,250.00,100,3.00,5.36
325571,244.57,250.00,100,3.00,5.43
325671,244.20,250.00,100,3.00,5.80
325771,244.57,250.00,0,3.00,5.43
325871,244.82,250.00,0,3.00,5.18
325971,245.22,250.00,0,3.00,4.78
326071,245.49,250.00,0,3.00,4.51
326171,245.81,250.00,0,3.00,4.19
326271,245.55,250.00,100,3.00,4.45
326371,245.23,250.00,100,3.00,4.77
326471,245.33,250.00,0,3.00,4.67
326571,245.68,250.00,0,3.00,4.32
326671,245.74,250.00,0,3.00,4.26
326771,245.71,250.00,100,3.00,4.29
326871,245.38,250.00,100,3.00,4.62
326971,245.47,250.00,0,3.00,4.53
327071,245.47,250.00,100,3.00,4.53
327171,245.09,250.00,100,3.00,4.91
327271,244.97,250.00,100,3.00,5.03
327371,244.94,250.00,100,3.00,5.06
327471,244.76,250.00,100,3.00,5.24
327571,244.83,250.00,0,3.00,5.17
327671,245.05,250.00,0,3.00,4.95
327771,244.94,250.00,100,3.00,5.06
327871,245.15,250.00,0,3.00,4.85
327971,245.18,250.00,57,3.00,4.82
328071,244.76,250.00,100,3.00,5.24
328171,244.38,250.00,100,3.00,5.62
328271,243.96,250.00,100,3.00,6.04
328371,243.73,250.00,100,3.00,6.27
328471,243.60,250.00,100,3.00,6.40
328571,243.79,250.00,0,3.00,6.21
328671,244.03,250.00,0,3.00,5.97
328771,244.18,250.00,0,3.00,5.82
328871,244.15,250.00,100,3.00,5.85
328971,243.90,250.00,100,3.00,6.10
329071,244.06,250.00,0,3.00,5.94
329171,244.36,250.00,0,3.00,5.64
329271,244.55,250.00,0,3.00,5.45
329371,244.41,250.00,100,3.00,5.59
329471,244.06,250.00,100,3.00,5.94
329571,244.12,250.00,10,3.00,5.88
329671,243.73,250.00,100,3.00,6.27
329771,243.99,250.00,0,3.00,6.01
329871,244.38,250.00,0,3.00,5.62
329971,244.65,250.00,0,3.00,5.35
330071,244.73,250.00,0,3.00,5.27
330171,245.22,250.00,0,3.00,4.78
330271,245.41,250.00,0,3.00,4.59
330371,245.18,250.00,100,3.00,4.82
330471,244.76,250.00,100,3.00,5.24
330571,244.52,250.00,100,3.00,5.48
330671,244.61,250.00,0,3.00,5.39
330771,244.78,250.00,0,3.00,5.22
330871,245.01,250.00,0,3.00,4.99
330971,244.90,250.00,100,3.00,5.10
331071,244.58,250.00,100,3.00,5.42
331171,244.66,250.00,0,3.00,5.34
331271,244.82,250.00,0,3.00,5.18
331371,244.97,250.00,0,3.00,5.03
331471,245.10,250.00,0,3.00,4.90
331571,245.21,250.00,0,3.00,4.79
331671,245.16,250.00,100,3.00,4.84
331771,245.27,250.00,0,3.00,4.73
331871,245.53,250.00,0,3.00,4.47
331971,245.94,250.00,0,3.00,4.06
332071,245.97,250.00,32,3.00,4.03
332171,245.77,250.00,100,3.00,4.23
332271,245.51,250.00,100,3.00,4.49
332371,245.05,250.00,100,3.00,4.95
332471,244.64,250.00,100,3.00,5.36
332571,244.34,250.00,100,3.00,5.66
332671,244.30,250.00,100,3.00,5.70
332771,244.41,250.00,0,3.00,5.59
332871,244.60,250.00,0,3.00,5.40
332971,244.69,250.00,0,3.00,5.31
333071,244.92,250.00,0,3.00,5.08
333171,244.90,250.00,100,3.00,5.10
333271,244.72,250.00,100,3.00,5.28
333371,244.57,250.00,100,3.00,5.43
333471,244.35,250.00,100,3.00,5.65
333571,244.01,250.00,100,3.00,5.99
333671,244.00,250.00,100,3.00,6.00
333771,244.07,250.00,0,3.00,5.93
333871,243.97,250.00,100,3.00,6.03
333971,243.97,250.00,100,3.00,6.03
334071,243.66,250.00,100,3.00,6.34
334171,244.01,250.00,0,3.00,5.99
334271,244.23,250.00,0,3.00,5.77
334371,244.60,250.00,0,3.00,5.40
334471,244.93,250.00,0,3.00,5.07
334571,244.83,250.00,100,3.00,5.17
334671,244.58,250.00,100,3.00,5.42
334771,244.37,250.00,100,3.00,5.63
334871,244.48,250.00,0,3.00,5.52
334971,244.58,250.00,0,3.00,5.42
335071,244.74,250.00,0,3.00,5.26
335171,244.98,250.00,0,3.00,5.02
335271,245.19,250.00,0,3.00,4.81
335371,245.22,250.00,64,3.00,4.78
335471,245.32,250.00,0,3.00,4.68
335571,245.41,250.00,0,3.00,4.59
335671,245.42,250.00,100,3.00,4.58
335771,245.35,250.00,100,3.00,4.65
335871,245.05,250.00,100,3.00,4.95
335971,245.17,250.00,0,3.00,4.83
336071,245.28,250.00,0,3.00,4.72
336171,245.38,250.00,0,3.00,4.62
336271,245.16,250.00,100,3.00,4.84
336371,244.88,250.00,100,3.00,5.12
336471,244.56,250.00,100,3.00,5.44
336571,244.42,250.00,100,3.00,5.58
336671,244.22,250.00,100,3.00,5.78
336771,243.89,250.00,100,3.00,6.11
336871,243.67,250.00,100,3.00,6.33
336971,243.54,250.00,100,3.00,6.46
337071,243.50,250.00,100,3.00,6.50
337171,243.39,250.00,100,3.00,6.61
337271,243.07,250.00,100,3.00,6.93
337371,242.79,250.00,100,3.00,7.21
337471,242.90,250.00,0,3.00,7.10
337571,243.16,250.00,0,3.00,6.84
337671,243.39,250.00,0,3.00,6.61
337771,243.29,250.00,100,3.00,6.71
337871,242.98,250.00,100,3.00,7.02
337971,243.07,250.00,0,3.00,6.93
338071,243.64,250.00,0,3.00,6.36
338171,243.82,250.00,0,3.00,6.18
338271,243.68,250.00,100,3.00,6.32
338371,243.63,250.00,100,3.00,6.37
338471,243.36,250.00,100,3.00,6.64
338571,243.12,250.00,100,3.00,6.88
338671,242.76,250.00,100,3.00,7.24
338771,242.43,250.00,100,3.00,7.57
338871,242.21,250.00,100,3.00,7.79
338971,242.09,250.00,100,3.00,7.91
339071,242.35,250.00,0,3.00,7.65
339171,242.66,250.00,0,3.00,7.34
339271,242.78,250.00,0,3.00,7.22
339371,243.05,250.00,0,3.00,6.95
339471,243.06,250.00,100,3.00,6.94
339571,243.14,250.00,0,3.00,6.86
339671,243.62,250.00,0,3.00,6.38
339771,243.81,250.00,0,3.00,6.19
339871,243.89,250.00,0,3.00,6.11
339971,243.97,250.00,0,3.00,6.03
340071,243.89,250.00,100,3.00,6.11
340171,244.05,250.00,0,3.00,5.95
340271,244.11,250.00,6,3.00,5.89
340371,244.09,250.00,100,3.00,5.91
340471,244.39,250.00,0,3.00,5.61
340571,244.58,250.00,0,3.00,5.42
340671,244.83,250.00,0,3.00,5.17
340771,244.97,250.00,0,3.00,5.03
340871,244.71,250.00,100,3.00,5.29
340971,244.19,250.00,100,3.00,5.81
