Time_ms,Temp_C,Setpoint_C,Heater_Duty,Speed_mm_s,Error_C
143371,215.47,250.00,100,3.00,34.53
143471,215.59,250.00,100,3.00,34.41
143571,215.70,250.00,100,3.00,34.30
143671,215.79,250.00,100,3.00,34.21
143771,215.90,250.00,100,3.00,34.10
143871,216.00,250.00,100,3.00,34.00
143971,216.10,250.00,100,3.00,33.90
144071,216.19,250.00,100,3.00,33.81
144171,216.26,250.00,100,3.00,33.74
144271,216.36,250.00,100,3.00,33.64
144371,216.46,250.00,100,3.00,33.54
144471,216.54,250.00,100,3.00,33.46
144571,216.63,250.00,100,3.00,33.37
144671,216.72,250.00,100,3.00,33.28
144771,216.80,250.00,100,3.00,33.20
144871,216.88,250.00,100,3.00,33.12
144971,216.96,250.00,100,3.00,33.04
145071,217.04,250.00,100,3.00,32.96
145171,217.13,250.00,100,3.00,32.87
145271,217.23,250.00,100,3.00,32.77
145371,217.32,250.00,100,3.00,32.68
145471,217.40,250.00,100,3.00,32.60
145571,217.48,250.00,100,3.00,32.52
145671,217.57,250.00,100,3.00,32.43
145771,217.67,250.00,100,3.00,32.33
145871,217.75,250.00,100,3.00,32.25
145971,217.85,250.00,100,3.00,32.15
146071,217.95,250.00,100,3.00,32.05
146171,218.04,250.00,100,3.00,31.96
146271,218.13,250.00,100,3.00,31.87
146371,218.20,250.00,100,3.00,31.80
146471,218.29,250.00,100,3.00,31.71
146571,218.36,250.00,100,3.00,31.64
146671,218.45,250.00,100,3.00,31.55
146771,218.54,250.00,100,3.00,31.46
146871,218.62,250.00,100,3.00,31.38
146971,218.70,250.00,100,3.00,31.30
147071,218.80,250.00,100,3.00,31.20
147171,218.88,250.00,100,3.00,31.12
147271,218.97,250.00,100,3.00,31.03
147371,219.07,250.00,100,3.00,30.93
147471,219.16,250.00,100,3.00,30.84
147571,219.24,250.00,100,3.00,30.76
147671,219.34,250.00,100,3.00,30.66
147771,219.43,250.00,100,3.00,30.57
147871,219.49,250.00,100,3.00,30.51
147971,219.59,250.00,100,3.00,30.41
148071,219.68,250.00,100,3.00,30.32
148171,219.78,250.00,100,3.00,30.22
148271,219.86,250.00,100,3.00,30.14
148371,219.95,250.00,100,3.00,30.05
148471,220.02,250.00,100,3.00,29.98
148571,220.11,250.00,100,3.00,29.89
148671,220.20,250.00,100,3.00,29.80
148771,220.29,250.00,100,3.00,29.71
148871,220.37,250.00,100,3.00,29.63
148971,220.44,250.00,100,3.00,29.56
149071,220.52,250.00,100,3.00,29.48
149171,220.62,250.00,100,3.00,29.38
149271,220.70,250.00,100,3.00,29.30
149371,220.78,250.00,100,3.00,29.22
149471,220.85,250.00,100,3.00,29.15
149571,220.94,250.00,100,3.00,29.06
149671,221.01,250.00,100,3.00,28.99
149771,221.11,250.00,100,3.00,28.89
149871,221.18,250.00,100,3.00,28.82
149971,221.25,250.00,100,3.00,28.75
150071,221.34,250.00,100,3.00,28.66
150171,221.44,250.00,100,3.00,28.56
150271,221.53,250.00,100,3.00,28.47
150371,221.59,250.00,100,3.00,28.41
150471,221.65,250.00,100,3.00,28.35
150571,221.73,250.00,100,3.00,28.27
150671,221.82,250.00,100,3.00,28.18
150771,221.90,250.00,100,3.00,28.10
150871,221.98,250.00,100,3.00,28.02
150971,222.06,250.00,100,3.00,27.94
151071,222.13,250.00,100,3.00,27.87
151171,222.22,250.00,100,3.00,27.78
151271,222.33,250.00,100,3.00,27.67
151371,222.43,250.00,100,3.00,27.57
151471,222.51,250.00,100,3.00,27.49
151571,222.61,250.00,100,3.00,27.39
151671,222.70,250.00,100,3.00,27.30
151771,222.79,250.00,99,3.00,27.21
151871,222.84,250.00,100,3.00,27.16
151971,222.90,250.00,100,3.00,27.10
152071,222.97,250.00,100,3.00,27.03
152171,223.05,250.00,99,3.00,26.95
152271,223.12,250.00,100,3.00,26.88
152371,223.19,250.00,100,3.00,26.81
152471,223.25,250.00,100,3.00,26.75
152571,223.35,250.00,96,3.00,26.65
152671,223.43,250.00,98,3.00,26.57
152771,223.51,250.00,97,3.00,26.49
152871,223.59,250.00,98,3.00,26.41
152971,223.65,250.00,98,3.00,26.35
153071,223.72,250.00,98,3.00,26.28
153171,223.78,250.00,98,3.00,26.22
153271,223.88,250.00,94,3.00,26.12
153371,223.96,250.00,95,3.00,26.04
153471,224.03,250.00,96,3.00,25.97
153571,224.10,250.00,96,3.00,25.90
153671,224.17,250.00,96,3.00,25.83
153771,224.25,250.00,95,3.00,25.75
153871,224.32,250.00,95,3.00,25.68
153971,224.38,250.00,96,3.00,25.62
154071,224.45,250.00,95,3.00,25.55
154171,224.51,250.00,95,3.00,25.49
154271,224.58,250.00,94,3.00,25.42
154371,224.66,250.00,93,3.00,25.34
154471,224.75,250.00,92,3.00,25.25
154571,224.83,250.00,92,3.00,25.17
154671,224.93,250.00,90,3.00,25.07
154771,225.03,250.00,89,3.00,24.97
154871,225.12,250.00,90,3.00,24.88
154971,225.21,250.00,89,3.00,24.79
155071,225.30,250.00,90,3.00,24.70
155171,225.38,250.00,90,3.00,24.62
155271,225.46,250.00,89,3.00,24.54
155371,225.55,250.00,89,3.00,24.45
155471,225.63,250.00,88,3.00,24.37
155571,225.73,250.00,87,3.00,24.27
155671,225.79,250.00,90,3.00,24.21
155771,225.90,250.00,86,3.00,24.10
155871,225.99,250.00,86,3.00,24.01
155971,226.08,250.00,86,3.00,23.92
156071,226.16,250.00,87,3.00,23.84
156171,226.25,250.00,86,3.00,23.75
156271,226.34,250.00,85,3.00,23.66
156371,226.42,250.00,86,3.00,23.58
156471,226.50,250.00,85,3.00,23.50
156571,226.57,250.00,87,3.00,23.43
156671,226.66,250.00,84,3.00,23.34
156771,226.73,250.00,85,3.00,23.27
156871,226.81,250.00,85,3.00,23.19
156971,226.89,250.00,84,3.00,23.11
157071,226.96,250.00,85,3.00,23.04
157171,227.03,250.00,84,3.00,22.97
157271,227.09,250.00,86,3.00,22.91
157371,227.16,250.00,83,3.00,22.84
157471,227.22,250.00,85,3.00,22.78
157571,227.30,250.00,82,3.00,22.70
157671,227.36,250.00,85,3.00,22.64
157771,227.44,250.00,81,3.00,22.56
157871,227.51,250.00,83,3.00,22.49
157971,227.59,250.00,81,3.00,22.41
158071,227.64,250.00,84,3.00,22.36
158171,227.73,250.00,81,3.00,22.27
158271,227.82,250.00,78,3.00,22.18
158371,227.91,250.00,79,3.00,22.09
158471,227.98,250.00,80,3.00,22.02
158571,228.04,250.00,82,3.00,21.96
158671,228.13,250.00,79,3.00,21.87
158771,228.20,250.00,79,3.00,21.80
158871,228.28,250.00,79,3.00,21.72
158971,228.36,250.00,78,3.00,21.64
159071,228.42,250.00,80,3.00,21.58
159171,228.48,250.00,79,3.00,21.52
159271,228.56,250.00,78,3.00,21.44
159371,228.62,250.00,79,3.00,21.38
159471,228.70,250.00,77,3.00,21.30
159571,228.78,250.00,76,3.00,21.22
159671,228.83,250.00,79,3.00,21.17
159771,228.91,250.00,76,3.00,21.09
159871,228.99,250.00,75,3.00,21.01
159971,229.07,250.00,75,3.00,20.93
160071,229.13,250.00,77,3.00,20.87
160171,229.21,250.00,75,3.00,20.79
160271,229.28,250.00,76,3.00,20.72
160371,229.37,250.00,73,3.00,20.63
160471,229.44,250.00,75,3.00,20.56
160571,229.50,250.00,76,3.00,20.50
160671,229.55,250.00,76,3.00,20.45
160771,229.60,250.00,76,3.00,20.40
160871,229.66,250.00,75,3.00,20.34
160971,229.73,250.00,73,3.00,20.27
161071,229.79,250.00,75,3.00,20.21
161171,229.86,250.00,73,3.00,20.14
161271,229.91,250.00,75,3.00,20.09
161371,229.95,250.00,76,3.00,20.05
161471,230.00,250.00,74,3.00,20.00
161571,230.04,250.00,75,3.00,19.96
161671,230.08,250.00,75,3.00,19.92
161771,230.15,250.00,72,3.00,19.85
161871,230.22,250.00,72,3.00,19.78
161971,230.27,250.00,73,3.00,19.73
162071,230.35,250.00,71,3.00,19.65
162171,230.40,250.00,72,3.00,19.60
162271,230.47,250.00,72,3.00,19.53
162371,230.52,250.00,72,3.00,19.48
162471,230.57,250.00,72,3.00,19.43
162571,230.62,250.00,72,3.00,19.38
162671,230.70,250.00,69,3.00,19.30
162771,230.74,250.00,72,3.00,19.26
162871,230.78,250.00,72,3.00,19.22
162971,230.83,250.00,71,3.00,19.17
163071,230.90,250.00,70,3.00,19.10
163171,230.95,250.00,71,3.00,19.05
163271,231.00,250.00,70,3.00,19.00
163371,231.04,250.00,72,3.00,18.96
163471,231.10,250.00,69,3.00,18.90
163571,231.16,250.00,68,3.00,18.84
163671,231.22,250.00,69,3.00,18.78
163771,231.28,250.00,68,3.00,18.72
163871,231.31,250.00,71,3.00,18.69
163971,231.37,250.00,68,3.00,18.63
164071,231.42,250.00,68,3.00,18.58
164171,231.49,250.00,67,3.00,18.51
164271,231.55,250.00,67,3.00,18.45
164371,231.61,250.00,68,3.00,18.39
164471,231.66,250.00,68,3.00,18.34
164571,231.71,250.00,67,3.00,18.29
164671,231.72,250.00,71,3.00,18.28
164771,231.74,250.00,71,3.00,18.26
164871,231.79,250.00,68,3.00,18.21
164971,231.83,250.00,68,3.00,18.17
165071,231.87,250.00,67,3.00,18.13
165171,231.93,250.00,67,3.00,18.07
165271,231.97,250.00,67,3.00,18.03
165371,232.00,250.00,68,3.00,18.00
165471,232.06,250.00,66,3.00,17.94
165571,232.09,250.00,68,3.00,17.91
165671,232.13,250.00,67,3.00,17.87
165771,232.16,250.00,67,3.00,17.84
165871,232.18,250.00,69,3.00,17.82
165971,232.23,250.00,66,3.00,17.77
166071,232.26,250.00,67,3.00,17.74
166171,232.29,250.00,67,3.00,17.71
166271,232.33,250.00,67,3.00,17.67
166371,232.37,250.00,66,3.00,17.63
166471,232.41,250.00,66,3.00,17.59
166571,232.44,250.00,66,3.00,17.56
166671,232.49,250.00,65,3.00,17.51
166771,232.52,250.00,67,3.00,17.48
166871,232.55,250.00,66,3.00,17.45
166971,232.57,250.00,67,3.00,17.43
167071,232.59,250.00,67,3.00,17.41
167171,232.62,250.00,66,3.00,17.38
167271,232.64,250.00,67,3.00,17.36
167371,232.66,250.00,67,3.00,17.34
167471,232.69,250.00,66,3.00,17.31
167571,232.72,250.00,65,3.00,17.28
167671,232.74,250.00,66,3.00,17.26
167771,232.78,250.00,65,3.00,17.22
167871,232.81,250.00,66,3.00,17.19
167971,232.84,250.00,65,3.00,17.16
168071,232.87,250.00,64,3.00,17.13
168171,232.90,250.00,65,3.00,17.10
168271,232.91,250.00,67,3.00,17.09
168371,232.94,250.00,65,3.00,17.06
168471,232.96,250.00,66,3.00,17.04
168571,232.97,250.00,66,3.00,17.03
168671,232.99,250.00,66,3.00,17.01
168771,233.03,250.00,63,3.00,16.97
168871,233.05,250.00,66,3.00,16.95
168971,233.05,250.00,67,3.00,16.95
169071,233.07,250.00,66,3.00,16.93
169171,233.08,250.00,66,3.00,16.92
169271,233.12,250.00,64,3.00,16.88
169371,233.13,250.00,65,3.00,16.87
169471,233.16,250.00,64,3.00,16.84
169571,233.17,250.00,65,3.00,16.83
169671,233.19,250.00,65,3.00,16.81
169771,233.20,250.00,66,3.00,16.80
169871,233.22,250.00,65,3.00,16.78
169971,233.24,250.00,65,3.00,16.76
170071,233.26,250.00,64,3.00,16.74
170171,233.27,250.00,65,3.00,16.73
170271,233.27,250.00,67,3.00,16.73
170371,233.29,250.00,64,3.00,16.71
170471,233.28,250.00,67,3.00,16.72
170571,233.28,250.00,66,3.00,16.72
170671,233.31,250.00,63,3.00,16.69
170771,233.32,250.00,65,3.00,16.68
170871,233.36,250.00,63,3.00,16.64
170971,233.34,250.00,68,3.00,16.66
171071,233.37,250.00,64,3.00,16.63
171171,233.36,250.00,67,3.00,16.64
171271,233.36,250.00,66,3.00,16.64
171371,233.39,250.00,64,3.00,16.61
171471,233.41,250.00,63,3.00,16.59
171571,233.43,250.00,64,3.00,16.57
171671,233.46,250.00,63,3.00,16.54
171771,233.48,250.00,63,3.00,16.52
171871,233.49,250.00,65,3.00,16.51
171971,233.51,250.00,64,3.00,16.49
172071,233.52,250.00,64,3.00,16.48
172171,233.53,250.00,65,3.00,16.47
172271,233.55,250.00,63,3.00,16.45
172371,233.58,250.00,63,3.00,16.42
172471,233.59,250.00,64,3.00,16.41
172571,233.59,250.00,64,3.00,16.41
172671,233.60,250.00,64,3.00,16.40
172771,233.62,250.00,63,3.00,16.38
172871,233.61,250.00,66,3.00,16.39
172971,233.63,250.00,62,3.00,16.37
173071,233.64,250.00,65,3.00,16.36
173171,233.65,250.00,64,3.00,16.35
173271,233.66,250.00,64,3.00,16.34
173371,233.67,250.00,64,3.00,16.33
173471,233.68,250.00,64,3.00,16.32
173571,233.69,250.00,64,3.00,16.31
173671,233.69,250.00,65,3.00,16.31
173771,233.69,250.00,65,3.00,16.31
173871,233.69,250.00,65,3.00,16.31
173971,233.70,250.00,64,3.00,16.30
174071,233.70,250.00,64,3.00,16.30
174171,233.70,250.00,65,3.00,16.30
174271,233.71,250.00,64,3.00,16.29
174371,233.73,250.00,62,3.00,16.27
174471,233.74,250.00,64,3.00,16.26
174571,233.74,250.00,64,3.00,16.26
174671,233.75,250.00,63,3.00,16.25
174771,233.74,250.00,65,3.00,16.26
174871,233.76,250.00,63,3.00,16.24
174971,233.75,250.00,65,3.00,16.25
175071,233.77,250.00,62,3.00,16.23
175171,233.78,250.00,63,3.00,16.22
175271,233.79,250.00,64,3.00,16.21
175371,233.78,250.00,66,3.00,16.22
175471,233.77,250.00,65,3.00,16.23
175571,233.76,250.00,65,3.00,16.24
175671,233.77,250.00,63,3.00,16.23
175771,233.78,250.00,63,3.00,16.22
175871,233.77,250.00,65,3.00,16.23
175971,233.79,250.00,62,3.00,16.21
176071,233.78,250.00,65,3.00,16.22
176171,233.78,250.00,65,3.00,16.22
176271,233.78,250.00,65,3.00,16.22
176371,233.78,250.00,64,3.00,16.22
176471,233.80,250.00,63,3.00,16.20
176571,233.80,250.00,65,3.00,16.20
176671,233.80,250.00,64,3.00,16.20
176771,233.79,250.00,66,3.00,16.21
176871,233.77,250.00,66,3.00,16.23
176971,233.76,250.00,65,3.00,16.24
177071,233.75,250.00,65,3.00,16.25
177171,233.72,250.00,68,3.00,16.28
177271,233.72,250.00,64,3.00,16.28
177371,233.74,250.00,63,3.00,16.26
177471,233.73,250.00,65,3.00,16.27
177571,233.72,250.00,65,3.00,16.28
177671,233.73,250.00,64,3.00,16.27
177771,233.72,250.00,65,3.00,16.28
177871,233.73,250.00,64,3.00,16.27
177971,233.72,250.00,65,3.00,16.28
178071,233.72,250.00,65,3.00,16.28
178171,233.69,250.00,68,3.00,16.31
178271,233.68,250.00,65,3.00,16.32
178371,233.67,250.00,66,3.00,16.33
178471,233.67,250.00,66,3.00,16.33
178571,233.67,250.00,65,3.00,16.33
178671,233.67,250.00,65,3.00,16.33
178771,233.67,250.00,65,3.00,16.33
178871,233.67,250.00,65,3.00,16.33
178971,233.65,250.00,67,3.00,16.35
179071,233.65,250.00,65,3.00,16.35
179171,233.63,250.00,68,3.00,16.37
179271,233.63,250.00,64,3.00,16.37
179371,233.63,250.00,65,3.00,16.37
179471,233.61,250.00,66,3.00,16.39
179571,233.60,250.00,66,3.00,16.40
179671,233.58,250.00,67,3.00,16.42
179771,233.59,250.00,64,3.00,16.41
179871,233.60,250.00,64,3.00,16.40
179971,233.62,250.00,63,3.00,16.38
180071,233.60,250.00,66,3.00,16.40
180171,233.60,250.00,65,3.00,16.40
180271,233.59,250.00,66,3.00,16.41
180371,233.56,250.00,68,3.00,16.44
180471,233.54,250.00,68,3.00,16.46
180571,233.52,250.00,67,3.00,16.48
180671,233.53,250.00,65,3.00,16.47
180771,233.53,250.00,65,3.00,16.47
180871,233.52,250.00,67,3.00,16.48
180971,233.54,250.00,64,3.00,16.46
181071,233.54,250.00,65,3.00,16.46
181171,233.54,250.00,65,3.00,16.46
181271,233.54,250.00,66,3.00,16.46
181371,233.54,250.00,65,3.00,16.46
181471,233.54,250.00,66,3.00,16.46
181571,233.51,250.00,68,3.00,16.49
181671,233.50,250.00,67,3.00,16.50
181771,233.49,250.00,67,3.00,16.51
181871,233.49,250.00,66,3.00,16.51
181971,233.48,250.00,67,3.00,16.52
182071,233.48,250.00,65,3.00,16.52
182171,233.46,250.00,68,3.00,16.54
182271,233.42,250.00,69,3.00,16.58
182371,233.41,250.00,67,3.00,16.59
182471,233.38,250.00,69,3.00,16.62
182571,233.38,250.00,66,3.00,16.62
182671,233.37,250.00,67,3.00,16.63
182771,233.38,250.00,66,3.00,16.62
182871,233.35,250.00,69,3.00,16.65
182971,233.34,250.00,68,3.00,16.66
183071,233.34,250.00,66,3.00,16.66
183171,233.34,250.00,67,3.00,16.66
183271,233.34,250.00,66,3.00,16.66
183371,233.33,250.00,68,3.00,16.67
183471,233.34,250.00,65,3.00,16.66
183571,233.33,250.00,67,3.00,16.67
183671,233.32,250.00,67,3.00,16.68
183771,233.30,250.00,68,3.00,16.70
183871,233.29,250.00,67,3.00,16.71
183971,233.27,250.00,69,3.00,16.73
184071,233.27,250.00,66,3.00,16.73
184171,233.27,250.00,66,3.00,16.73
184271,233.27,250.00,67,3.00,16.73
184371,233.28,250.00,65,3.00,16.72
184471,233.26,250.00,68,3.00,16.74
184571,233.26,250.00,67,3.00,16.74
184671,233.24,250.00,68,3.00,16.76
184771,233.23,250.00,68,3.00,16.77
184871,233.22,250.00,68,3.00,16.78
184971,233.23,250.00,66,3.00,16.77
185071,233.23,250.00,67,3.00,16.77
185171,233.22,250.00,67,3.00,16.78
185271,233.20,250.00,69,3.00,16.80
185371,233.20,250.00,67,3.00,16.80
185471,233.20,250.00,68,3.00,16.80
185571,233.18,250.00,69,3.00,16.82
185671,233.17,250.00,67,3.00,16.83
185771,233.18,250.00,66,3.00,16.82
185871,233.16,250.00,68,3.00,16.84
185971,233.15,250.00,68,3.00,16.85
186071,233.15,250.00,66,3.00,16.85
186171,233.16,250.00,66,3.00,16.84
186271,233.16,250.00,66,3.00,16.84
186371,233.16,250.00,67,3.00,16.84
186471,233.16,250.00,66,3.00,16.84
186571,233.15,250.00,68,3.00,16.85
186671,233.15,250.00,67,3.00,16.85
186771,233.14,250.00,67,3.00,16.86
186871,233.14,250.00,67,3.00,16.86
186971,233.14,250.00,67,3.00,16.86
187071,233.15,250.00,66,3.00,16.85
187171,233.14,250.00,67,3.00,16.86
187271,233.15,250.00,66,3.00,16.85
187371,233.14,250.00,68,3.00,16.86
187471,233.14,250.00,66,3.00,16.86
187571,233.13,250.00,68,3.00,16.87
187671,233.15,250.00,65,3.00,16.85
187771,233.15,250.00,67,3.00,16.85
187871,233.15,250.00,66,3.00,16.85
187971,233.14,250.00,68,3.00,16.86
188071,233.12,250.00,69,3.00,16.88
188171,233.12,250.00,67,3.00,16.88
188271,233.12,250.00,67,3.00,16.88
188371,233.13,250.00,66,3.00,16.87
188471,233.13,250.00,67,3.00,16.87
188571,233.16,250.00,63,3.00,16.84
188671,233.16,250.00,67,3.00,16.84
188771,233.16,250.00,66,3.00,16.84
188871,233.16,250.00,67,3.00,16.84
188971,233.16,250.00,66,3.00,16.84
189071,233.17,250.00,66,3.00,16.83
189171,233.17,250.00,66,3.00,16.83
189271,233.18,250.00,66,3.00,16.82
189371,233.19,250.00,65,3.00,16.81
189471,233.19,250.00,67,3.00,16.81
189571,233.20,250.00,66,3.00,16.80
189671,233.19,250.00,68,3.00,16.81
189771,233.21,250.00,65,3.00,16.79
189871,233.22,250.00,66,3.00,16.78
189971,233.23,250.00,66,3.00,16.77
190071,233.22,250.00,68,3.00,16.78
190171,233.21,250.00,68,3.00,16.79
190271,233.20,250.00,68,3.00,16.80
190371,233.20,250.00,67,3.00,16.80
190471,233.20,250.00,67,3.00,16.80
190571,233.21,250.00,66,3.00,16.79
190671,233.24,250.00,64,3.00,16.76
190771,233.24,250.00,67,3.00,16.76
190871,233.24,250.00,66,3.00,16.76
190971,233.24,250.00,67,3.00,16.76
191071,233.26,250.00,65,3.00,16.74
191171,233.26,250.00,66,3.00,16.74
191271,233.26,250.00,66,3.00,16.74
191371,233.26,250.00,67,3.00,16.74
191471,233.24,250.00,68,3.00,16.76
191571,233.24,250.00,67,3.00,16.76
191671,233.23,250.00,68,3.00,16.77
191771,233.23,250.00,67,3.00,16.77
191871,233.21,250.00,69,3.00,16.79
191971,233.22,250.00,66,3.00,16.78
192071,233.24,250.00,64,3.00,16.76
192171,233.24,250.00,67,3.00,16.76
192271,233.23,250.00,68,3.00,16.77
192371,233.23,250.00,67,3.00,16.77
192471,233.24,250.00,65,3.00,16.76
192571,233.26,250.00,65,3.00,16.74
192671,233.25,250.00,67,3.00,16.75
192771,233.26,250.00,66,3.00,16.74
192871,233.26,250.00,66,3.00,16.74
192971,233.27,250.00,66,3.00,16.73
193071,233.27,250.00,66,3.00,16.73
193171,233.28,250.00,65,3.00,16.72
193271,233.28,250.00,67,3.00,16.72
193371,233.30,250.00,64,3.00,16.70
193471,233.33,250.00,63,3.00,16.67
193571,233.33,250.00,65,3.00,16.67
193671,233.33,250.00,66,3.00,16.67
193771,233.35,250.00,65,3.00,16.65
193871,233.34,250.00,67,3.00,16.66
193971,233.36,250.00,65,3.00,16.64
194071,233.32,250.00,70,3.00,16.68
194171,233.31,250.00,67,3.00,16.69
194271,233.31,250.00,66,3.00,16.69
194371,233.31,250.00,66,3.00,16.69
194471,233.33,250.00,64,3.00,16.67
194571,233.34,250.00,65,3.00,16.66
194671,233.34,250.00,67,3.00,16.66
194771,233.34,250.00,67,3.00,16.66
194871,233.35,250.00,65,3.00,16.65
194971,233.36,250.00,66,3.00,16.64
195071,233.34,250.00,68,3.00,16.66
195171,233.35,250.00,66,3.00,16.65
195271,233.34,250.00,67,3.00,16.66
195371,233.36,250.00,65,3.00,16.64
195471,233.38,250.00,64,3.00,16.62
195571,233.39,250.00,65,3.00,16.61
195671,233.41,250.00,64,3.00,16.59
195771,233.43,250.00,64,3.00,16.57
195871,233.44,250.00,64,3.00,16.56
195971,233.45,250.00,65,3.00,16.55
196071,233.46,250.00,64,3.00,16.54
196171,233.47,250.00,64,3.00,16.53
196271,233.47,250.00,66,3.00,16.53
196371,233.46,250.00,66,3.00,16.54
196471,233.46,250.00,65,3.00,16.54
196571,233.47,250.00,64,3.00,16.53
196671,233.49,250.00,64,3.00,16.51
196771,233.52,250.00,63,3.00,16.48
196871,233.53,250.00,65,3.00,16.47
196971,233.55,250.00,63,3.00,16.45
197071,233.55,250.00,65,3.00,16.45
197171,233.56,250.00,65,3.00,16.44
197271,233.56,250.00,65,3.00,16.44
197371,233.56,250.00,65,3.00,16.44
197471,233.57,250.00,64,3.00,16.43
197571,233.57,250.00,65,3.00,16.43
197671,233.59,250.00,63,3.00,16.41
197771,233.61,250.00,63,3.00,16.39
197871,233.62,250.00,64,3.00,16.38
197971,233.63,250.00,63,3.00,16.37
198071,233.63,250.00,65,3.00,16.37
198171,233.65,250.00,63,3.00,16.35
198271,233.65,250.00,65,3.00,16.35
198371,233.65,250.00,66,3.00,16.35
198471,233.64,250.00,66,3.00,16.36
198571,233.63,250.00,66,3.00,16.37
198671,233.64,250.00,65,3.00,16.36
198771,233.66,250.00,63,3.00,16.34
198871,233.68,250.00,63,3.00,16.32
198971,233.68,250.00,65,3.00,16.32
199071,233.68,250.00,65,3.00,16.32
199171,233.69,250.00,64,3.00,16.31
199271,233.70,250.00,64,3.00,16.30
199371,233.70,250.00,64,3.00,16.30
199471,233.70,250.00,65,3.00,16.30
199571,233.70,250.00,65,3.00,16.30
199671,233.72,250.00,63,3.00,16.28
199771,233.71,250.00,65,3.00,16.29
199871,233.72,250.00,64,3.00,16.28
199971,233.72,250.00,64,3.00,16.28
200071,233.74,250.00,63,3.00,16.26
200171,233.73,250.00,65,3.00,16.27
200271,233.76,250.00,61,3.00,16.24
200371,233.77,250.00,63,3.00,16.23
200471,233.77,250.00,64,3.00,16.23
200571,233.76,250.00,65,3.00,16.24
200671,233.76,250.00,64,3.00,16.24
200771,233.77,250.00,63,3.00,16.23
200871,233.79,250.00,62,3.00,16.21
200971,233.80,250.00,64,3.00,16.20
201071,233.80,250.00,65,3.00,16.20
201171,233.82,250.00,62,3.00,16.18
201271,233.81,250.00,66,3.00,16.19
201371,233.80,250.00,65,3.00,16.20
201471,233.82,250.00,63,3.00,16.18
201571,233.84,250.00,62,3.00,16.16
201671,233.87,250.00,61,3.00,16.13
201771,233.88,250.00,63,3.00,16.12
201871,233.89,250.00,63,3.00,16.11
201971,233.90,250.00,62,3.00,16.10
202071,233.90,250.00,64,3.00,16.10
202171,233.92,250.00,62,3.00,16.08
202271,233.92,250.00,63,3.00,16.08
202371,233.94,250.00,61,3.00,16.06
202471,233.95,250.00,63,3.00,16.05
202571,233.96,250.00,63,3.00,16.04
202671,233.96,250.00,64,3.00,16.04
202771,233.95,250.00,65,3.00,16.05
202871,233.97,250.00,62,3.00,16.03
202971,233.99,250.00,62,3.00,16.01
203071,233.99,250.00,64,3.00,16.01
203171,233.99,250.00,63,3.00,16.01
203271,234.01,250.00,62,3.00,15.99
203371,234.02,250.00,62,3.00,15.98
203471,234.02,250.00,63,3.00,15.98
203571,234.02,250.00,64,3.00,15.98
203671,234.01,250.00,64,3.00,15.99
203771,234.03,250.00,62,3.00,15.97
203871,234.04,250.00,62,3.00,15.96
203971,234.07,250.00,60,3.00,15.93
204071,234.08,250.00,61,3.00,15.92
204171,234.09,250.00,63,3.00,15.91
204271,234.11,250.00,62,3.00,15.89
204371,234.10,250.00,64,3.00,15.90
204471,234.13,250.00,60,3.00,15.87
204571,234.14,250.00,62,3.00,15.86
204671,234.14,250.00,63,3.00,15.86
204771,234.13,250.00,64,3.00,15.87
204871,234.13,250.00,64,3.00,15.87
204971,234.16,250.00,60,3.00,15.84
205071,234.16,250.00,62,3.00,15.84
205171,234.17,250.00,62,3.00,15.83
205271,234.17,250.00,63,3.00,15.83
205371,234.19,250.00,61,3.00,15.81
205471,234.19,250.00,62,3.00,15.81
205571,234.20,250.00,62,3.00,15.80
205671,234.19,250.00,63,3.00,15.81
205771,234.19,250.00,63,3.00,15.81
205871,234.22,250.00,59,3.00,15.78
205971,234.24,250.00,60,3.00,15.76
206071,234.25,250.00,62,3.00,15.75
206171,234.28,250.00,60,3.00,15.72
206271,234.27,250.00,63,3.00,15.73
206371,234.29,250.00,61,3.00,15.71
206471,234.29,250.00,62,3.00,15.71
206571,234.32,250.00,60,3.00,15.68
206671,234.29,250.00,65,3.00,15.71
206771,234.27,250.00,65,3.00,15.73
206871,234.26,250.00,63,3.00,15.74
206971,234.26,250.00,63,3.00,15.74
207071,234.28,250.00,61,3.00,15.72
207171,234.29,250.00,61,3.00,15.71
207271,234.31,250.00,61,3.00,15.69
207371,234.31,250.00,62,3.00,15.69
207471,234.33,250.00,60,3.00,15.67
207571,234.33,250.00,62,3.00,15.67
207671,234.36,250.00,59,3.00,15.64
207771,234.36,250.00,62,3.00,15.64
207871,234.37,250.00,60,3.00,15.63
207971,234.40,250.00,59,3.00,15.60
208071,234.40,250.00,62,3.00,15.60
208171,234.39,250.00,63,3.00,15.61
208271,234.40,250.00,62,3.00,15.60
208371,234.40,250.00,62,3.00,15.60
208471,234.40,250.00,62,3.00,15.60
208571,234.40,250.00,63,3.00,15.60
208671,234.37,250.00,65,3.00,15.63
208771,234.38,250.00,61,3.00,15.62
208871,234.37,250.00,62,3.00,15.63
208971,234.35,250.00,64,3.00,15.65
209071,234.36,250.00,61,3.00,15.64
209171,234.36,250.00,62,3.00,15.64
209271,234.36,250.00,61,3.00,15.64
209371,234.36,250.00,62,3.00,15.64
209471,234.38,250.00,60,3.00,15.62
209571,234.41,250.00,58,3.00,15.59
209671,234.41,250.00,62,3.00,15.59
209771,234.40,250.00,63,3.00,15.60
209871,234.40,250.00,63,3.00,15.60
209971,234.39,250.00,63,3.00,15.61
210071,234.39,250.00,62,3.00,15.61
210171,234.41,250.00,61,3.00,15.59
210271,234.41,250.00,62,3.00,15.59
210371,234.41,250.00,62,3.00,15.59
210471,234.40,250.00,63,3.00,15.60
210571,234.40,250.00,63,3.00,15.60
210671,234.39,250.00,63,3.00,15.61
210771,234.39,250.00,63,3.00,15.61
210871,234.40,250.00,61,3.00,15.60
210971,234.41,250.00,61,3.00,15.59
211071,234.38,250.00,65,3.00,15.62
211171,234.39,250.00,62,3.00,15.61
211271,234.40,250.00,61,3.00,15.60
211371,234.41,250.00,62,3.00,15.59
211471,234.42,250.00,61,3.00,15.58
211571,234.42,250.00,62,3.00,15.58
211671,234.42,250.00,62,3.00,15.58
211771,234.41,250.00,63,3.00,15.59
211871,234.41,250.00,62,3.00,15.59
211971,234.41,250.00,62,3.00,15.59
212071,234.40,250.00,64,3.00,15.60
212171,234.40,250.00,62,3.00,15.60
212271,234.37,250.00,65,3.00,15.63
212371,234.38,250.00,61,3.00,15.62
212471,234.38,250.00,61,3.00,15.62
212571,234.38,250.00,62,3.00,15.62
212671,234.38,250.00,61,3.00,15.62
212771,234.38,250.00,62,3.00,15.62
212871,234.37,250.00,63,3.00,15.63
212971,234.35,250.00,63,3.00,15.65
213071,234.34,250.00,63,3.00,15.66
213171,234.32,250.00,64,3.00,15.68
213271,234.32,250.00,62,3.00,15.68
213371,234.33,250.00,61,3.00,15.67
213471,234.33,250.00,62,3.00,15.67
213571,234.33,250.00,62,3.00,15.67
213671,234.32,250.00,63,3.00,15.68
213771,234.31,250.00,64,3.00,15.69
213871,234.31,250.00,62,3.00,15.69
213971,234.32,250.00,61,3.00,15.68
214071,234.32,250.00,62,3.00,15.68
214171,234.31,250.00,63,3.00,15.69
214271,234.32,250.00,62,3.00,15.68
214371,234.32,250.00,62,3.00,15.68
214471,234.31,250.00,63,3.00,15.69
214571,234.32,250.00,61,3.00,15.68
214671,234.31,250.00,63,3.00,15.69
214771,234.33,250.00,60,3.00,15.67
214871,234.33,250.00,62,3.00,15.67
214971,234.35,250.00,60,3.00,15.65
215071,234.35,250.00,62,3.00,15.65
215171,234.34,250.00,63,3.00,15.66
215271,234.32,250.00,64,3.00,15.68
215371,234.31,250.00,63,3.00,15.69
215471,234.31,250.00,63,3.00,15.69
215571,234.32,250.00,61,3.00,15.68
215671,234.31,250.00,63,3.00,15.69
215771,234.31,250.00,62,3.00,15.69
215871,234.35,250.00,58,3.00,15.65
215971,234.36,250.00,61,3.00,15.64
216071,234.39,250.00,59,3.00,15.61
216171,234.36,250.00,64,3.00,15.64
216271,234.37,250.00,61,3.00,15.63
216371,234.38,250.00,60,3.00,15.62
216471,234.39,250.00,61,3.00,15.61
216571,234.41,250.00,60,3.00,15.59
216671,234.39,250.00,64,3.00,15.61
216771,234.39,250.00,63,3.00,15.61
216871,234.38,250.00,63,3.00,15.62
216971,234.41,250.00,60,3.00,15.59
217071,234.40,250.00,63,3.00,15.60
217171,234.41,250.00,61,3.00,15.59
217271,234.43,250.00,60,3.00,15.57
217371,234.42,250.00,63,3.00,15.58
217471,234.41,250.00,63,3.00,15.59
217571,234.42,250.00,61,3.00,15.58
217671,234.44,250.00,60,3.00,15.56
217771,234.44,250.00,62,3.00,15.56
217871,234.44,250.00,62,3.00,15.56
217971,234.47,250.00,59,3.00,15.53
218071,234.45,250.00,63,3.00,15.55
218171,234.45,250.00,62,3.00,15.55
218271,234.46,250.00,61,3.00,15.54
218371,234.45,250.00,63,3.00,15.55
218471,234.46,250.00,60,3.00,15.54
218571,234.49,250.00,59,3.00,15.51
218671,234.49,250.00,61,3.00,15.51
218771,234.50,250.00,60,3.00,15.50
218871,234.51,250.00,61,3.00,15.49
218971,234.52,250.00,60,3.00,15.48
219071,234.52,250.00,61,3.00,15.48
219171,234.52,250.00,61,3.00,15.48
219271,234.50,250.00,63,3.00,15.50
219371,234.52,250.00,59,3.00,15.48
219471,234.52,250.00,61,3.00,15.48
219571,234.53,250.00,60,3.00,15.47
219671,234.54,250.00,60,3.00,15.46
219771,234.57,250.00,59,3.00,15.43
219871,234.58,250.00,60,3.00,15.42
219971,234.59,250.00,61,3.00,15.41
220071,234.61,250.00,59,3.00,15.39
220171,234.61,250.00,61,3.00,15.39
220271,234.60,250.00,62,3.00,15.40
220371,234.60,250.00,61,3.00,15.40
220471,234.60,250.00,61,3.00,15.40
220571,234.61,250.00,61,3.00,15.39
220671,234.62,250.00,60,3.00,15.38
220771,234.64,250.00,59,3.00,15.36
220871,234.65,250.00,59,3.00,15.35
220971,234.67,250.00,59,3.00,15.33
221071,234.69,250.00,58,3.00,15.31
221171,234.69,250.00,61,3.00,15.31
221271,234.69,250.00,62,3.00,15.31
221371,234.70,250.00,59,3.00,15.30
221471,234.73,250.00,58,3.00,15.27
221571,234.72,250.00,62,3.00,15.28
221671,234.72,250.00,61,3.00,15.28
221771,234.74,250.00,59,3.00,15.26
221871,234.76,250.00,58,3.00,15.24
221971,234.78,250.00,59,3.00,15.22
222071,234.77,250.00,61,3.00,15.23
222171,234.78,250.00,59,3.00,15.22
222271,234.79,250.00,60,3.00,15.21
222371,234.79,250.00,60,3.00,15.21
222471,234.79,250.00,60,3.00,15.21
222571,234.81,250.00,58,3.00,15.19
222671,234.84,250.00,57,3.00,15.16
222771,234.83,250.00,61,3.00,15.17
222871,234.83,250.00,59,3.00,15.17
222971,234.85,250.00,58,3.00,15.15
223071,234.86,250.00,60,3.00,15.14
223171,234.87,250.00,59,3.00,15.13
223271,234.88,250.00,59,3.00,15.12
223371,234.88,250.00,61,3.00,15.12
223471,234.90,250.00,58,3.00,15.10
223571,234.93,250.00,57,3.00,15.07
223671,234.92,250.00,60,3.00,15.08
223771,234.92,250.00,60,3.00,15.08
223871,234.93,250.00,59,3.00,15.07
223971,234.95,250.00,58,3.00,15.05
224071,234.96,250.00,58,3.00,15.04
224171,234.96,250.00,60,3.00,15.04
224271,234.96,250.00,59,3.00,15.04
224371,234.96,250.00,59,3.00,15.04
224471,234.96,250.00,60,3.00,15.04
224571,234.97,250.00,58,3.00,15.03
224671,234.97,250.00,59,3.00,15.03
224771,234.98,250.00,59,3.00,15.02
224871,234.99,250.00,58,3.00,15.01
224971,234.98,250.00,60,3.00,15.02
225071,234.99,250.00,58,3.00,15.01
225171,234.98,250.00,60,3.00,15.02
225271,234.99,250.00,58,3.00,15.01
225371,234.99,250.00,59,3.00,15.01
225471,234.97,250.00,62,3.00,15.03
225571,234.98,250.00,58,3.00,15.02
225671,235.00,250.00,57,3.00,15.00
225771,235.00,250.00,60,3.00,15.00
225871,235.01,250.00,59,3.00,14.99
225971,235.04,250.00,57,3.00,14.96
226071,235.06,250.00,57,3.00,14.94
226171,235.07,250.00,59,3.00,14.93
226271,235.09,250.00,59,3.00,14.91
226371,235.09,250.00,60,3.00,14.91
226471,235.07,250.00,63,3.00,14.93
226571,235.05,250.00,63,3.00,14.95
226671,235.06,250.00,61,3.00,14.94
226771,235.07,250.00,60,3.00,14.93
226871,235.08,250.00,60,3.00,14.92
226971,235.08,250.00,62,3.00,14.92
227071,235.08,250.00,62,3.00,14.92
227171,235.09,250.00,61,3.00,14.91
227271,235.09,250.00,62,3.00,14.91
227371,235.11,250.00,61,3.00,14.89
227471,235.13,250.00,61,3.00,14.87
227571,235.14,250.00,62,3.00,14.86
227671,235.14,250.00,63,3.00,14.86
227771,235.16,250.00,62,3.00,14.84
227871,235.14,250.00,65,3.00,14.86
227971,235.13,250.00,65,3.00,14.87
228071,235.12,250.00,64,3.00,14.88
228171,235.14,250.00,63,3.00,14.86
228271,235.13,250.00,65,3.00,14.87
228371,235.13,250.00,65,3.00,14.87
228471,235.14,250.00,64,3.00,14.86
228571,235.11,250.00,68,3.00,14.89
228671,235.12,250.00,65,3.00,14.88
228771,235.13,250.00,65,3.00,14.87
228871,235.15,250.00,63,3.00,14.85
228971,235.17,250.00,65,3.00,14.83
229071,235.17,250.00,66,3.00,14.83
229171,235.17,250.00,66,3.00,14.83
229271,235.19,250.00,64,3.00,14.81
229371,235.20,250.00,66,3.00,14.80
229471,235.23,250.00,64,3.00,14.77
229571,235.22,250.00,67,3.00,14.78
229671,235.24,250.00,66,3.00,14.76
229771,235.25,250.00,66,3.00,14.75
229871,235.26,250.00,67,3.00,14.74
229971,235.26,250.00,68,3.00,14.74
230071,235.25,250.00,69,3.00,14.75
230171,235.27,250.00,67,3.00,14.73
230271,235.29,250.00,66,3.00,14.71
230371,235.30,250.00,68,3.00,14.70
230471,235.30,250.00,69,3.00,14.70
230571,235.33,250.00,65,3.00,14.67
230671,235.35,250.00,68,3.00,14.65
230771,235.36,250.00,68,3.00,14.64
230871,235.36,250.00,69,3.00,14.64
230971,235.38,250.00,67,3.00,14.62
231071,235.38,250.00,70,3.00,14.62
231171,235.39,250.00,69,3.00,14.61
231271,235.39,250.00,70,3.00,14.61
231371,235.39,250.00,70,3.00,14.61
231471,235.39,250.00,71,3.00,14.61
231571,235.39,250.00,71,3.00,14.61
231671,235.40,250.00,70,3.00,14.60
231771,235.40,250.00,71,3.00,14.60
231871,235.39,250.00,72,3.00,14.61
231971,235.42,250.00,69,3.00,14.58
232071,235.43,250.00,71,3.00,14.57
232171,235.41,250.00,73,3.00,14.59
232271,235.43,250.00,71,3.00,14.57
232371,235.44,250.00,71,3.00,14.56
232471,235.46,250.00,71,3.00,14.54
232571,235.46,250.00,73,3.00,14.54
232671,235.45,250.00,74,3.00,14.55
232771,235.44,250.00,74,3.00,14.56
232871,235.43,250.00,75,3.00,14.57
232971,235.42,250.00,74,3.00,14.58
233071,235.41,250.00,75,3.00,14.59
233171,235.42,250.00,74,3.00,14.58
233271,235.42,250.00,74,3.00,14.58
233371,235.44,250.00,73,3.00,14.56
233471,235.45,250.00,73,3.00,14.55
233571,235.46,250.00,74,3.00,14.54
233671,235.47,250.00,74,3.00,14.53
233771,235.48,250.00,74,3.00,14.52
233871,235.48,250.00,76,3.00,14.52
233971,235.49,250.00,75,3.00,14.51
234071,235.50,250.00,75,3.00,14.50
234171,235.50,250.00,76,3.00,14.50
234271,235.50,250.00,77,3.00,14.50
234371,235.51,250.00,75,3.00,14.49
234471,235.53,250.00,75,3.00,14.47
234571,235.53,250.00,76,3.00,14.47
234671,235.53,250.00,78,3.00,14.47
234771,235.50,250.00,80,3.00,14.50
234871,235.51,250.00,77,3.00,14.49
234971,235.51,250.00,78,3.00,14.49
235071,235.52,250.00,76,3.00,14.48
235171,235.52,250.00,79,3.00,14.48
235271,235.55,250.00,75,3.00,14.45
235371,235.57,250.00,76,3.00,14.43
235471,235.58,250.00,78,3.00,14.42
235571,235.61,250.00,76,3.00,14.39
235671,235.61,250.00,79,3.00,14.39
235771,235.62,250.00,77,3.00,14.38
235871,235.62,250.00,80,3.00,14.38
235971,235.61,250.00,80,3.00,14.39
236071,235.63,250.00,78,3.00,14.37
236171,235.63,250.00,79,3.00,14.37
236271,235.64,250.00,80,3.00,14.36
236371,235.64,250.00,80,3.00,14.36
236471,235.67,250.00,77,3.00,14.33
236571,235.69,250.00,79,3.00,14.31
236671,235.72,250.00,78,3.00,14.28
236771,235.72,250.00,80,3.00,14.28
236871,235.74,250.00,80,3.00,14.26
236971,235.72,250.00,83,3.00,14.28
237071,235.73,250.00,80,3.00,14.27
237171,235.76,250.00,79,3.00,14.24
237271,235.80,250.00,78,3.00,14.20
237371,235.82,250.00,79,3.00,14.18
237471,235.86,250.00,78,3.00,14.14
237571,235.87,250.00,81,3.00,14.13
237671,235.90,250.00,78,3.00,14.10
237771,235.93,250.00,80,3.00,14.07
237871,235.96,250.00,79,3.00,14.04
237971,235.98,250.00,80,3.00,14.02
238071,236.01,250.00,80,3.00,13.99
238171,235.99,250.00,84,3.00,14.01
238271,236.00,250.00,82,3.00,14.00
238371,236.01,250.00,82,3.00,13.99
238471,236.03,250.00,81,3.00,13.97
238571,236.07,250.00,79,3.00,13.93
238671,236.10,250.00,81,3.00,13.90
238771,236.12,250.00,81,3.00,13.88
238871,236.14,250.00,82,3.00,13.86
238971,236.15,250.00,83,3.00,13.85
239071,236.14,250.00,85,3.00,13.86
239171,236.15,250.00,83,3.00,13.85
239271,236.17,250.00,82,3.00,13.83
239371,236.19,250.00,83,3.00,13.81
239471,236.23,250.00,80,3.00,13.77
239571,236.22,250.00,85,3.00,13.78
239671,236.25,250.00,83,3.00,13.75
239771,236.29,250.00,81,3.00,13.71
239871,236.31,250.00,82,3.00,13.69
239971,236.34,250.00,82,3.00,13.66
240071,236.36,250.00,83,3.00,13.64
240171,236.40,250.00,81,3.00,13.60
240271,236.43,250.00,83,3.00,13.57
240371,236.45,250.00,83,3.00,13.55
240471,236.45,250.00,86,3.00,13.55
240571,236.45,250.00,86,3.00,13.55
240671,236.49,250.00,82,3.00,13.51
240771,236.52,250.00,82,3.00,13.48
240871,236.55,250.00,83,3.00,13.45
240971,236.58,250.00,83,3.00,13.42
241071,236.61,250.00,84,3.00,13.39
241171,236.64,250.00,83,3.00,13.36
241271,236.65,250.00,85,3.00,13.35
241371,236.68,250.00,84,3.00,13.32
241471,236.68,250.00,86,3.00,13.32
241571,236.72,250.00,83,3.00,13.28
241671,236.75,250.00,84,3.00,13.25
241771,236.78,250.00,84,3.00,13.22
241871,236.80,250.00,84,3.00,13.20
241971,236.83,250.00,85,3.00,13.17
242071,236.87,250.00,83,3.00,13.13
242171,236.89,250.00,85,3.00,13.11
242271,236.93,250.00,84,3.00,13.07
242371,236.96,250.00,84,3.00,13.04
242471,237.00,250.00,83,3.00,13.00
242571,237.02,250.00,86,3.00,12.98
242671,237.05,250.00,84,3.00,12.95
242771,237.11,250.00,82,3.00,12.89
242871,237.15,250.00,83,3.00,12.85
242971,237.15,250.00,88,3.00,12.85
243071,237.18,250.00,84,3.00,12.82
243171,237.22,250.00,84,3.00,12.78
243271,237.24,250.00,86,3.00,12.76
243371,237.27,250.00,85,3.00,12.73
243471,237.30,250.00,85,3.00,12.70
243571,237.33,250.00,86,3.00,12.67
243671,237.37,250.00,84,3.00,12.63
243771,237.40,250.00,85,3.00,12.60
243871,237.44,250.00,84,3.00,12.56
243971,237.50,250.00,82,3.00,12.50
244071,237.53,250.00,85,3.00,12.47
244171,237.59,250.00,82,3.00,12.41
244271,237.64,250.00,84,3.00,12.36
244371,237.68,250.00,83,3.00,12.32
244471,237.74,250.00,83,3.00,12.26
244571,237.80,250.00,82,3.00,12.20
244671,237.82,250.00,86,3.00,12.18
244771,237.85,250.00,85,3.00,12.15
244871,237.90,250.00,84,3.00,12.10
244971,237.95,250.00,83,3.00,12.05
245071,237.99,250.00,85,3.00,12.01
245171,238.01,250.00,86,3.00,11.99
245271,238.06,250.00,83,3.00,11.94
245371,238.09,250.00,86,3.00,11.91
245471,238.13,250.00,84,3.00,11.87
245571,238.17,250.00,85,3.00,11.83
245671,238.20,250.00,86,3.00,11.80
245771,238.23,250.00,85,3.00,11.77
245871,238.27,250.00,85,3.00,11.73
245971,238.30,250.00,85,3.00,11.70
246071,238.36,250.00,83,3.00,11.64
246171,238.39,250.00,85,3.00,11.61
246271,238.45,250.00,83,3.00,11.55
246371,238.48,250.00,85,3.00,11.52
246471,238.51,250.00,86,3.00,11.49
246571,238.55,250.00,85,3.00,11.45
246671,238.59,250.00,85,3.00,11.41
246771,238.62,250.00,85,3.00,11.38
246871,238.66,250.00,85,3.00,11.34
246971,238.71,250.00,84,3.00,11.29
247071,238.77,250.00,82,3.00,11.23
247171,238.82,250.00,84,3.00,11.18
247271,238.86,250.00,85,3.00,11.14
247371,238.92,250.00,83,3.00,11.08
247471,238.93,250.00,88,3.00,11.07
247571,238.95,250.00,87,3.00,11.05
247671,239.00,250.00,84,3.00,11.00
247771,239.03,250.00,85,3.00,10.97
247871,239.07,250.00,85,3.00,10.93
247971,239.12,250.00,84,3.00,10.88
248071,239.17,250.00,84,3.00,10.83
248171,239.23,250.00,83,3.00,10.77
248271,239.27,250.00,85,3.00,10.73
248371,239.30,250.00,85,3.00,10.70
248471,239.34,250.00,85,3.00,10.66
248571,239.40,250.00,83,3.00,10.60
248671,239.44,250.00,84,3.00,10.56
248771,239.48,250.00,85,3.00,10.52
248871,239.52,250.00,85,3.00,10.48
248971,239.55,250.00,85,3.00,10.45
249071,239.59,250.00,85,3.00,10.41
249171,239.64,250.00,84,3.00,10.36
249271,239.68,250.00,84,3.00,10.32
249371,239.69,250.00,87,3.00,10.31
249471,239.75,250.00,83,3.00,10.25
249571,239.77,250.00,87,3.00,10.23
249671,239.82,250.00,84,3.00,10.18
249771,239.87,250.00,83,3.00,10.13
249871,239.89,250.00,87,3.00,10.11
249971,239.93,250.00,85,3.00,10.07
250071,239.98,250.00,83,3.00,10.02
250171,240.02,250.00,85,3.00,9.98
250271,240.06,250.00,84,3.00,9.94
250371,240.09,250.00,86,3.00,9.91
250471,240.14,250.00,84,3.00,9.86
250571,240.17,250.00,85,3.00,9.83
250671,240.23,250.00,82,3.00,9.77
250771,240.27,250.00,84,3.00,9.73
250871,240.33,250.00,82,3.00,9.67
250971,240.36,250.00,86,3.00,9.64
251071,240.38,250.00,86,3.00,9.62
251171,240.43,250.00,83,3.00,9.57
251271,240.46,250.00,85,3.00,9.54
251371,240.52,250.00,82,3.00,9.48
251471,240.57,250.00,84,3.00,9.43
251571,240.63,250.00,82,3.00,9.37
251671,240.66,250.00,86,3.00,9.34
251771,240.70,250.00,84,3.00,9.30
251871,240.75,250.00,83,3.00,9.25
251971,240.77,250.00,86,3.00,9.23
252071,240.84,250.00,81,3.00,9.16
252171,240.90,250.00,82,3.00,9.10
252271,240.95,250.00,83,3.00,9.05
252371,241.00,250.00,82,3.00,9.00
252471,241.04,250.00,84,3.00,8.96
252571,241.09,250.00,83,3.00,8.91
252671,241.13,250.00,84,3.00,8.87
252771,241.17,250.00,84,3.00,8.83
252871,241.19,250.00,85,3.00,8.81
252971,241.23,250.00,84,3.00,8.77
253071,241.26,250.00,85,3.00,8.74
253171,241.30,250.00,83,3.00,8.70
253271,241.36,250.00,82,3.00,8.64
253371,241.41,250.00,82,3.00,8.59
253471,241.43,250.00,86,3.00,8.57
253571,241.48,250.00,83,3.00,8.52
253671,241.53,250.00,83,3.00,8.47
253771,241.57,250.00,83,3.00,8.43
253871,241.59,250.00,85,3.00,8.41
253971,241.66,250.00,81,3.00,8.34
254071,241.69,250.00,84,3.00,8.31
254171,241.74,250.00,83,3.00,8.26
254271,241.80,250.00,81,3.00,8.20
254371,241.86,250.00,80,3.00,8.14
254471,241.91,250.00,82,3.00,8.09
254571,241.96,250.00,82,3.00,8.04
254671,242.02,250.00,81,3.00,7.98
254771,242.06,250.00,82,3.00,7.94
254871,242.12,250.00,80,3.00,7.88
254971,242.16,250.00,82,3.00,7.84
255071,242.23,250.00,80,3.00,7.77
255171,242.26,250.00,83,3.00,7.74
255271,242.30,250.00,82,3.00,7.70
255371,242.36,250.00,80,3.00,7.64
255471,242.41,250.00,81,3.00,7.59
255571,242.45,250.00,82,3.00,7.55
255671,242.49,250.00,82,3.00,7.51
255771,242.53,250.00,82,3.00,7.47
255871,242.56,250.00,82,3.00,7.44
255971,242.60,250.00,83,3.00,7.40
256071,242.61,250.00,84,3.00,7.39
256171,242.63,250.00,84,3.00,7.37
256271,242.70,250.00,79,3.00,7.30
256371,242.75,250.00,81,3.00,7.25
256471,242.78,250.00,82,3.00,7.22
256571,242.84,250.00,80,3.00,7.16
256671,242.87,250.00,82,3.00,7.13
256771,242.92,250.00,81,3.00,7.08
256871,242.96,250.00,81,3.00,7.04
256971,242.98,250.00,83,3.00,7.02
257071,243.03,250.00,81,3.00,6.97
257171,243.09,250.00,79,3.00,6.91
257271,243.13,250.00,81,3.00,6.87
257371,243.17,250.00,81,3.00,6.83
257471,243.22,250.00,80,3.00,6.78
257571,243.27,250.00,80,3.00,6.73
257671,243.33,250.00,79,3.00,6.67
257771,243.36,250.00,82,3.00,6.64
257871,243.39,250.00,82,3.00,6.61
257971,243.41,250.00,82,3.00,6.59
258071,243.46,250.00,80,3.00,6.54
258171,243.50,250.00,81,3.00,6.50
258271,243.51,250.00,83,3.00,6.49
258371,243.58,250.00,78,3.00,6.42
258471,243.63,250.00,79,3.00,6.37
258571,243.68,250.00,79,3.00,6.32
258671,243.73,250.00,79,3.00,6.27
258771,243.76,250.00,82,3.00,6.24
258871,243.81,250.00,79,3.00,6.19
258971,243.83,250.00,81,3.00,6.17
259071,243.88,250.00,79,3.00,6.12
259171,243.92,250.00,80,3.00,6.08
259271,243.98,250.00,78,3.00,6.02
259371,244.00,250.00,82,3.00,6.00
259471,244.02,250.00,82,3.00,5.98
259571,244.05,250.00,81,3.00,5.95
259671,244.09,250.00,79,3.00,5.91
259771,244.14,250.00,78,3.00,5.86
259871,244.19,250.00,79,3.00,5.81
259971,244.24,250.00,79,3.00,5.76
260071,244.24,250.00,83,3.00,5.76
260171,244.26,250.00,82,3.00,5.74
260271,244.32,250.00,77,3.00,5.68
260371,244.33,250.00,81,3.00,5.67
260471,244.40,250.00,77,3.00,5.60
260571,244.45,250.00,77,3.00,5.55
260671,244.50,250.00,78,3.00,5.50
260771,244.57,250.00,76,3.00,5.43
260871,244.61,250.00,79,3.00,5.39
260971,244.66,250.00,77,3.00,5.34
261071,244.70,250.00,78,3.00,5.30
261171,244.74,250.00,79,3.00,5.26
261271,244.76,250.00,80,3.00,5.24
261371,244.78,250.00,80,3.00,5.22
261471,244.82,250.00,78,3.00,5.18
261571,244.87,250.00,77,3.00,5.13
261671,244.92,250.00,77,3.00,5.08
261771,244.97,250.00,77,3.00,5.03
261871,245.01,250.00,77,3.00,4.99
261971,245.06,250.00,77,3.00,4.94
262071,245.14,250.00,73,3.00,4.86
262171,245.14,250.00,81,3.00,4.86
262271,245.15,250.00,80,3.00,4.85
262371,245.19,250.00,78,3.00,4.81
262471,245.22,250.00,78,3.00,4.78
262571,245.28,250.00,75,3.00,4.72
262671,245.33,250.00,77,3.00,4.67
262771,245.36,250.00,78,3.00,4.64
262871,245.39,250.00,77,3.00,4.61
262971,245.43,250.00,77,3.00,4.57
263071,245.47,250.00,77,3.00,4.53
263171,245.50,250.00,78,3.00,4.50
263271,245.52,250.00,78,3.00,4.48
263371,245.56,250.00,76,3.00,4.44
263471,245.61,250.00,75,3.00,4.39
263571,245.64,250.00,78,3.00,4.36
263671,245.68,250.00,76,3.00,4.32
263771,245.72,250.00,76,3.00,4.28
263871,245.75,250.00,77,3.00,4.25
263971,245.76,250.00,79,3.00,4.24
264071,245.78,250.00,78,3.00,4.22
264171,245.82,250.00,76,3.00,4.18
264271,245.86,250.00,76,3.00,4.14
264371,245.89,250.00,77,3.00,4.11
264471,245.92,250.00,77,3.00,4.08
264571,245.93,250.00,78,3.00,4.07
264671,245.97,250.00,76,3.00,4.03
264771,246.01,250.00,75,3.00,3.99
264871,246.03,250.00,78,3.00,3.97
264971,246.08,250.00,75,3.00,3.92
265071,246.09,250.00,78,3.00,3.91
265171,246.13,250.00,75,3.00,3.87
265271,246.15,250.00,78,3.00,3.85
265371,246.20,250.00,74,3.00,3.80
265471,246.23,250.00,76,3.00,3.77
265571,246.27,250.00,75,3.00,3.73
265671,246.27,250.00,79,3.00,3.73
265771,246.27,250.00,79,3.00,3.73
265871,246.29,250.00,78,3.00,3.71
265971,246.32,250.00,76,3.00,3.68
266071,246.32,250.00,79,3.00,3.68
266171,246.34,250.00,77,3.00,3.66
266271,246.39,250.00,74,3.00,3.61
266371,246.40,250.00,78,3.00,3.60
266471,246.44,250.00,75,3.00,3.56
266571,246.47,250.00,76,3.00,3.53
266671,246.49,250.00,76,3.00,3.51
266771,246.53,250.00,75,3.00,3.47
266871,246.58,250.00,74,3.00,3.42
266971,246.59,250.00,77,3.00,3.41
267071,246.63,250.00,75,3.00,3.37
267171,246.65,250.00,76,3.00,3.35
267271,246.70,250.00,74,3.00,3.30
267371,246.74,250.00,74,3.00,3.26
267471,246.76,250.00,76,3.00,3.24
267571,246.80,250.00,74,3.00,3.20
267671,246.84,250.00,74,3.00,3.16
267771,246.86,250.00,77,3.00,3.14
267871,246.87,250.00,77,3.00,3.13
267971,246.91,250.00,73,3.00,3.09
268071,246.95,250.00,74,3.00,3.05
268171,246.99,250.00,74,3.00,3.01
268271,247.01,250.00,75,3.00,2.99
268371,247.04,250.00,74,3.00,2.96
268471,247.07,250.00,75,3.00,2.93
268571,247.06,250.00,78,3.00,2.94
268671,247.10,250.00,74,3.00,2.90
268771,247.12,250.00,75,3.00,2.88
268871,247.16,250.00,73,3.00,2.84
268971,247.21,250.00,72,3.00,2.79
269071,247.23,250.00,75,3.00,2.77
269171,247.30,250.00,70,3.00,2.70
269271,247.33,250.00,73,3.00,2.67
269371,247.37,250.00,73,3.00,2.63
269471,247.40,250.00,73,3.00,2.60
269571,247.42,250.00,74,3.00,2.58
269671,247.46,250.00,73,3.00,2.54
269771,247.48,250.00,74,3.00,2.52
269871,247.51,250.00,73,3.00,2.49
269971,247.53,250.00,73,3.00,2.47
270071,247.58,250.00,71,3.00,2.42
270171,247.62,250.00,72,3.00,2.38
270271,247.65,250.00,73,3.00,2.35
270371,247.67,250.00,73,3.00,2.33
270471,247.68,250.00,75,3.00,2.32
270571,247.69,250.00,75,3.00,2.31
270671,247.71,250.00,74,3.00,2.29
270771,247.74,250.00,73,3.00,2.26
270871,247.73,250.00,76,3.00,2.27
270971,247.77,250.00,72,3.00,2.23
271071,247.82,250.00,71,3.00,2.18
271171,247.85,250.00,72,3.00,2.15
271271,247.89,250.00,71,3.00,2.11
271371,247.90,250.00,74,3.00,2.10
271471,247.93,250.00,72,3.00,2.07
271571,247.96,250.00,72,3.00,2.04
271671,248.02,250.00,70,3.00,1.98
271771,248.04,250.00,72,3.00,1.96
271871,248.08,250.00,70,3.00,1.92
271971,248.08,250.00,74,3.00,1.92
272071,248.11,250.00,72,3.00,1.89
272171,248.16,250.00,69,3.00,1.84
272271,248.19,250.00,71,3.00,1.81
272371,248.22,250.00,71,3.00,1.78
272471,248.23,250.00,73,3.00,1.77
272571,248.23,250.00,74,3.00,1.77
272671,248.22,250.00,75,3.00,1.78
272771,248.24,250.00,73,3.00,1.76
272871,248.25,250.00,73,3.00,1.75
272971,248.28,250.00,71,3.00,1.72
273071,248.31,250.00,71,3.00,1.69
273171,248.33,250.00,72,3.00,1.67
273271,248.34,250.00,72,3.00,1.66
273371,248.38,250.00,70,3.00,1.62
273471,248.39,250.00,73,3.00,1.61
273571,248.40,250.00,73,3.00,1.60
273671,248.39,250.00,74,3.00,1.61
273771,248.39,250.00,74,3.00,1.61
273871,248.41,250.00,72,3.00,1.59
273971,248.44,250.00,71,3.00,1.56
274071,248.43,250.00,74,3.00,1.57
274171,248.43,250.00,73,3.00,1.57
274271,248.45,250.00,72,3.00,1.55
274371,248.49,250.00,70,3.00,1.51
274471,248.50,250.00,72,3.00,1.50
274571,248.52,250.00,71,3.00,1.48
274671,248.52,250.00,73,3.00,1.48
274771,248.52,250.00,74,3.00,1.48
274871,248.51,250.00,74,3.00,1.49
274971,248.52,250.00,73,3.00,1.48
275071,248.50,250.00,75,3.00,1.50
275171,248.52,250.00,72,3.00,1.48
275271,248.54,250.00,72,3.00,1.46
275371,248.56,250.00,72,3.00,1.44
275471,248.60,250.00,69,3.00,1.40
275571,248.61,250.00,72,3.00,1.39
275671,248.61,250.00,73,3.00,1.39
275771,248.62,250.00,72,3.00,1.38
275871,248.66,250.00,69,3.00,1.34
275971,248.69,250.00,70,3.00,1.31
276071,248.71,250.00,70,3.00,1.29
276171,248.70,250.00,74,3.00,1.30
276271,248.71,250.00,72,3.00,1.29
276371,248.75,250.00,69,3.00,1.25
276471,248.78,250.00,70,3.00,1.22
276571,248.81,250.00,70,3.00,1.19
276671,248.82,250.00,71,3.00,1.18
276771,248.84,250.00,70,3.00,1.16
276871,248.83,250.00,74,3.00,1.17
276971,248.84,250.00,72,3.00,1.16
277071,248.85,250.00,72,3.00,1.15
277171,248.85,250.00,73,3.00,1.15
277271,248.83,250.00,74,3.00,1.17
277371,248.86,250.00,70,3.00,1.14
277471,248.88,250.00,71,3.00,1.12
277571,248.92,250.00,68,3.00,1.08
277671,248.93,250.00,71,3.00,1.07
277771,248.97,250.00,69,3.00,1.03
277871,248.98,250.00,71,3.00,1.02
277971,248.96,250.00,74,3.00,1.04
278071,248.97,250.00,71,3.00,1.03
278171,248.98,250.00,71,3.00,1.02
278271,248.99,250.00,71,3.00,1.01
278371,248.98,250.00,73,3.00,1.02
278471,248.99,250.00,72,3.00,1.01
278571,249.03,250.00,68,3.00,0.97
278671,249.03,250.00,72,3.00,0.97
278771,249.05,250.00,71,3.00,0.95
278871,249.06,250.00,71,3.00,0.94
278971,249.04,250.00,75,3.00,0.96
279071,249.04,250.00,72,3.00,0.96
279171,249.08,250.00,68,3.00,0.92
279271,249.10,250.00,70,3.00,0.90
279371,249.11,250.00,71,3.00,0.89
279471,249.11,250.00,71,3.00,0.89
279571,249.13,250.00,70,3.00,0.87
279671,249.16,250.00,69,3.00,0.84
279771,249.15,250.00,73,3.00,0.85
279871,249.16,250.00,70,3.00,0.84
279971,249.16,250.00,72,3.00,0.84
280071,249.19,250.00,69,3.00,0.81
280171,249.19,250.00,72,3.00,0.81
280271,249.20,250.00,71,3.00,0.80
280371,249.20,250.00,72,3.00,0.80
280471,249.20,250.00,71,3.00,0.80
280571,249.21,250.00,71,3.00,0.79
280671,249.25,250.00,68,3.00,0.75
280771,249.24,250.00,72,3.00,0.76
280871,249.24,250.00,71,3.00,0.76
280971,249.25,250.00,71,3.00,0.75
281071,249.23,250.00,74,3.00,0.77
281171,249.22,250.00,72,3.00,0.78
281271,249.23,250.00,71,3.00,0.77
281371,249.22,250.00,72,3.00,0.78
281471,249.23,250.00,71,3.00,0.77
281571,249.25,250.00,70,3.00,0.75
281671,249.28,250.00,69,3.00,0.72
281771,249.30,250.00,69,3.00,0.70
281871,249.30,250.00,72,3.00,0.70
281971,249.34,250.00,68,3.00,0.66
282071,249.32,250.00,73,3.00,0.68
282171,249.35,250.00,68,3.00,0.65
282271,249.37,250.00,69,3.00,0.63
282371,249.36,250.00,72,3.00,0.64
282471,249.37,250.00,71,3.00,0.63
282571,249.36,250.00,72,3.00,0.64
282671,249.39,250.00,68,3.00,0.61
282771,249.41,250.00,68,3.00,0.59
282871,249.43,250.00,70,3.00,0.57
282971,249.42,250.00,71,3.00,0.58
283071,249.45,250.00,69,3.00,0.55
283171,249.45,250.00,70,3.00,0.55
283271,249.45,250.00,71,3.00,0.55
283371,249.48,250.00,68,3.00,0.52
283471,249.51,250.00,68,3.00,0.49
283571,249.52,250.00,69,3.00,0.48
283671,249.52,250.00,71,3.00,0.48
283771,249.54,250.00,69,3.00,0.46
283871,249.58,250.00,66,3.00,0.42
283971,249.58,250.00,71,3.00,0.42
284071,249.61,250.00,67,3.00,0.39
284171,249.60,250.00,71,3.00,0.40
284271,249.61,250.00,70,3.00,0.39
284371,249.63,250.00,67,3.00,0.37
284471,249.62,250.00,71,3.00,0.38
284571,249.60,250.00,73,3.00,0.40
284671,249.59,250.00,71,3.00,0.41
284771,249.61,250.00,69,3.00,0.39
284871,249.64,250.00,68,3.00,0.36
284971,249.66,250.00,68,3.00,0.34
285071,249.65,250.00,72,3.00,0.35
285171,249.66,250.00,69,3.00,0.34
285271,249.66,250.00,70,3.00,0.34
285371,249.66,250.00,70,3.00,0.34
285471,249.67,250.00,69,3.00,0.33
285571,249.67,250.00,70,3.00,0.33
285671,249.69,250.00,68,3.00,0.31
285771,249.71,250.00,68,3.00,0.29
285871,249.73,250.00,68,3.00,0.27
285971,249.75,250.00,67,3.00,0.25
286071,249.76,250.00,70,3.00,0.24
286171,249.78,250.00,67,3.00,0.22
286271,249.78,250.00,70,3.00,0.22
286371,249.78,250.00,70,3.00,0.22
286471,249.74,250.00,74,3.00,0.26
286571,249.77,250.00,67,3.00,0.23
286671,249.76,250.00,71,3.00,0.24
286771,249.74,250.00,71,3.00,0.26
286871,249.77,250.00,67,3.00,0.23
286971,249.79,250.00,67,3.00,0.21
287071,249.80,250.00,69,3.00,0.20
287171,249.81,250.00,69,3.00,0.19
287271,249.85,250.00,65,3.00,0.15
287371,249.82,250.00,73,3.00,0.18
287471,249.82,250.00,70,3.00,0.18
287571,249.82,250.00,69,3.00,0.18
287671,249.84,250.00,68,3.00,0.16
287771,249.83,250.00,70,3.00,0.17
287871,249.85,250.00,68,3.00,0.15
287971,249.85,250.00,69,3.00,0.15
288071,249.88,250.00,67,3.00,0.12
288171,249.88,250.00,69,3.00,0.12
288271,249.89,250.00,68,3.00,0.11
288371,249.89,250.00,69,3.00,0.11
288471,249.88,250.00,71,3.00,0.12
288571,249.86,250.00,72,3.00,0.14
288671,249.86,250.00,69,3.00,0.14
288771,249.86,250.00,69,3.00,0.14
288871,249.85,250.00,71,3.00,0.15
288971,249.86,250.00,69,3.00,0.14
289071,249.87,250.00,68,3.00,0.13
289171,249.88,250.00,68,3.00,0.12
289271,249.87,250.00,71,3.00,0.13
289371,249.87,250.00,69,3.00,0.13
289471,249.87,250.00,69,3.00,0.13
289571,249.89,250.00,68,3.00,0.11
289671,249.90,250.00,68,3.00,0.10
289771,249.92,250.00,67,3.00,0.08
289871,249.92,250.00,70,3.00,0.08
289971,249.89,250.00,72,3.00,0.11
290071,249.89,250.00,70,3.00,0.11
290171,249.93,250.00,66,3.00,0.07
290271,249.93,250.00,68,3.00,0.07
290371,249.95,250.00,67,3.00,0.05
290471,249.96,250.00,69,3.00,0.04
290571,249.97,250.00,67,3.00,0.03
290671,249.99,250.00,68,3.00,0.01
290771,249.99,250.00,69,3.00,0.01
290871,249.99,250.00,69,3.00,0.01
290971,249.99,250.00,69,3.00,0.01
291071,249.99,250.00,69,3.00,0.01
291171,250.02,250.00,66,3.00,-0.02
291271,250.04,250.00,67,3.00,-0.04
291371,250.04,250.00,69,3.00,-0.04
291471,250.07,250.00,65,3.00,-0.07
291571,250.06,250.00,69,3.00,-0.06
291671,250.06,250.00,69,3.00,-0.06
291771,250.06,250.00,68,3.00,-0.06
291871,250.08,250.00,67,3.00,-0.08
291971,250.09,250.00,68,3.00,-0.09
292071,250.09,250.00,68,3.00,-0.09
292171,250.11,250.00,67,3.00,-0.11
292271,250.12,250.00,67,3.00,-0.12
292371,250.11,250.00,70,3.00,-0.11
292471,250.12,250.00,67,3.00,-0.12
292571,250.11,250.00,70,3.00,-0.11
292671,250.12,250.00,67,3.00,-0.12
292771,250.12,250.00,68,3.00,-0.12
292871,250.11,250.00,70,3.00,-0.11
292971,250.09,250.00,71,3.00,-0.09
293071,250.08,250.00,70,3.00,-0.08
293171,250.10,250.00,67,3.00,-0.10
293271,250.11,250.00,67,3.00,-0.11
293371,250.10,250.00,70,3.00,-0.10
293471,250.08,250.00,71,3.00,-0.08
293571,250.10,250.00,67,3.00,-0.10
293671,250.07,250.00,71,3.00,-0.07
293771,250.07,250.00,69,3.00,-0.07
293871,250.06,250.00,69,3.00,-0.06
293971,250.07,250.00,68,3.00,-0.07
294071,250.06,250.00,69,3.00,-0.06
294171,250.07,250.00,68,3.00,-0.07
294271,250.07,250.00,68,3.00,-0.07
294371,250.08,250.00,68,3.00,-0.08
294471,250.06,250.00,71,3.00,-0.06
294571,250.08,250.00,67,3.00,-0.08
294671,250.06,250.00,71,3.00,-0.06
294771,250.08,250.00,67,3.00,-0.08
294871,250.07,250.00,69,3.00,-0.07
294971,250.07,250.00,68,3.00,-0.07
295071,250.06,250.00,71,3.00,-0.06
295171,250.04,250.00,71,3.00,-0.04
295271,250.06,250.00,67,3.00,-0.06
295371,250.08,250.00,67,3.00,-0.08
295471,250.08,250.00,68,3.00,-0.08
295571,250.06,250.00,71,3.00,-0.06
295671,250.07,250.00,68,3.00,-0.07
295771,250.06,250.00,69,3.00,-0.06
295871,250.03,250.00,72,3.00,-0.03
295971,250.03,250.00,69,3.00,-0.03
296071,250.02,250.00,70,3.00,-0.02
296171,249.97,250.00,74,3.00,0.03
296271,249.98,250.00,67,3.00,0.02
296371,249.98,250.00,69,3.00,0.02
296471,250.01,250.00,66,3.00,-0.01
296571,250.01,250.00,69,3.00,-0.01
296671,250.02,250.00,68,3.00,-0.02
296771,250.01,250.00,70,3.00,-0.01
296871,250.03,250.00,66,3.00,-0.03
296971,250.04,250.00,68,3.00,-0.04
297071,250.03,250.00,70,3.00,-0.03
297171,250.00,250.00,72,3.00,0.00
297271,249.99,250.00,70,3.00,0.01
297371,249.99,250.00,69,3.00,0.01
297471,250.01,250.00,66,3.00,-0.01
297571,250.00,250.00,70,3.00,-0.00
297671,249.99,250.00,70,3.00,0.01
297771,250.00,250.00,68,3.00,-0.00
297871,249.99,250.00,70,3.00,0.01
297971,249.96,250.00,73,3.00,0.04
298071,249.97,250.00,67,3.00,0.03
298171,249.97,250.00,70,3.00,0.03
298271,249.96,250.00,70,3.00,0.04
298371,249.96,250.00,69,3.00,0.04
298471,249.98,250.00,67,3.00,0.02
298571,249.96,250.00,71,3.00,0.04
298671,249.96,250.00,69,3.00,0.04
298771,249.97,250.00,69,3.00,0.03
298871,249.96,250.00,70,3.00,0.04
298971,249.93,250.00,72,3.00,0.07
299071,249.93,250.00,68,3.00,0.07
299171,249.92,250.00,71,3.00,0.08
299271,249.89,250.00,72,3.00,0.11
299371,249.85,250.00,73,3.00,0.15
299471,249.85,250.00,70,3.00,0.15
299571,249.86,250.00,68,3.00,0.14
299671,249.88,250.00,68,3.00,0.12
299771,249.85,250.00,72,3.00,0.15
299871,249.87,250.00,68,3.00,0.13
299971,249.86,250.00,71,3.00,0.14
300071,249.84,250.00,72,3.00,0.16
300171,249.83,250.00,70,3.00,0.17
300271,249.80,250.00,73,3.00,0.20
300371,249.81,250.00,69,3.00,0.19
300471,249.82,250.00,69,3.00,0.18
300571,249.81,250.00,70,3.00,0.19
300671,249.83,250.00,68,3.00,0.17
300771,249.81,250.00,72,3.00,0.19
300871,249.82,250.00,69,3.00,0.18
300971,249.80,250.00,72,3.00,0.20
301071,249.83,250.00,66,3.00,0.17
301171,249.83,250.00,70,3.00,0.17
301271,249.80,250.00,73,3.00,0.20
301371,249.78,250.00,71,3.00,0.22
301471,249.78,250.00,70,3.00,0.22
301571,249.80,250.00,68,3.00,0.20
301671,249.81,250.00,69,3.00,0.19
301771,249.81,250.00,70,3.00,0.19
301871,249.78,250.00,73,3.00,0.22
301971,249.79,250.00,69,3.00,0.21
302071,249.79,250.00,70,3.00,0.21
302171,249.76,250.00,73,3.00,0.24
302271,249.75,250.00,71,3.00,0.25
302371,249.74,250.00,71,3.00,0.26
302471,249.72,250.00,72,3.00,0.28
302571,249.71,250.00,71,3.00,0.29
302671,249.71,250.00,71,3.00,0.29
302771,249.72,250.00,68,3.00,0.28
302871,249.72,250.00,71,3.00,0.28
302971,249.73,250.00,68,3.00,0.27
303071,249.72,250.00,71,3.00,0.28
303171,249.75,250.00,67,3.00,0.25
303271,249.75,250.00,70,3.00,0.25
303371,249.77,250.00,69,3.00,0.23
303471,249.75,250.00,71,3.00,0.25
303571,249.76,250.00,70,3.00,0.24
303671,249.73,250.00,72,3.00,0.27
303771,249.74,250.00,70,3.00,0.26
303871,249.74,250.00,70,3.00,0.26
303971,249.71,250.00,74,3.00,0.29
304071,249.67,250.00,75,3.00,0.33
304171,249.64,250.00,73,3.00,0.36
304271,249.62,250.00,73,3.00,0.38
304371,249.63,250.00,69,3.00,0.37
304471,249.62,250.00,72,3.00,0.38
304571,249.62,250.00,70,3.00,0.38
304671,249.64,250.00,69,3.00,0.36
304771,249.63,250.00,72,3.00,0.37
304871,249.63,250.00,70,3.00,0.37
304971,249.62,250.00,72,3.00,0.38
305071,249.63,250.00,69,3.00,0.37
305171,249.61,250.00,73,3.00,0.39
305271,249.63,250.00,69,3.00,0.37
305371,249.63,250.00,70,3.00,0.37
305471,249.63,250.00,70,3.00,0.37
305571,249.61,250.00,73,3.00,0.39
305671,249.60,250.00,72,3.00,0.40
305771,249.58,250.00,73,3.00,0.42
305871,249.59,250.00,70,3.00,0.41
305971,249.57,250.00,73,3.00,0.43
306071,249.55,250.00,73,3.00,0.45
306171,249.55,250.00,71,3.00,0.45
306271,249.53,250.00,74,3.00,0.47
306371,249.49,250.00,75,3.00,0.51
306471,249.49,250.00,71,3.00,0.51
306571,249.51,250.00,70,3.00,0.49
306671,249.51,250.00,71,3.00,0.49
306771,249.53,250.00,70,3.00,0.47
306871,249.53,250.00,71,3.00,0.47
306971,249.53,250.00,71,3.00,0.47
307071,249.50,250.00,74,3.00,0.50
307171,249.51,250.00,71,3.00,0.49
307271,249.48,250.00,74,3.00,0.52
307371,249.50,250.00,70,3.00,0.50
307471,249.50,250.00,71,3.00,0.50
307571,249.52,250.00,70,3.00,0.48
307671,249.50,250.00,74,3.00,0.50
307771,249.46,250.00,75,3.00,0.54
307871,249.47,250.00,71,3.00,0.53
307971,249.46,250.00,72,3.00,0.54
308071,249.46,250.00,72,3.00,0.54
308171,249.44,250.00,73,3.00,0.56
308271,249.45,250.00,71,3.00,0.55
308371,249.41,250.00,76,3.00,0.59
308471,249.41,250.00,72,3.00,0.59
308571,249.41,250.00,72,3.00,0.59
308671,249.38,250.00,75,3.00,0.62
308771,249.40,250.00,69,3.00,0.60
308871,249.37,250.00,75,3.00,0.63
308971,249.36,250.00,73,3.00,0.64
309071,249.39,250.00,69,3.00,0.61
309171,249.38,250.00,73,3.00,0.62
309271,249.41,250.00,69,3.00,0.59
309371,249.41,250.00,72,3.00,0.59
309471,249.44,250.00,68,3.00,0.56
309571,249.42,250.00,75,3.00,0.58
309671,249.43,250.00,71,3.00,0.57
309771,249.41,250.00,73,3.00,0.59
309871,249.40,250.00,73,3.00,0.60
309971,249.40,250.00,72,3.00,0.60
310071,249.43,250.00,69,3.00,0.57
310171,249.39,250.00,76,3.00,0.61
310271,249.38,250.00,73,3.00,0.62
310371,249.42,250.00,68,3.00,0.58
310471,249.42,250.00,72,3.00,0.58
310571,249.41,250.00,73,3.00,0.59
310671,249.41,250.00,72,3.00,0.59
310771,249.41,250.00,72,3.00,0.59
310871,249.43,250.00,70,3.00,0.57
310971,249.45,250.00,70,3.00,0.55
311071,249.46,250.00,71,3.00,0.54
311171,249.47,250.00,71,3.00,0.53
311271,249.46,250.00,72,3.00,0.54
311371,249.47,250.00,71,3.00,0.53
311471,249.46,250.00,72,3.00,0.54
311571,249.46,250.00,72,3.00,0.54
311671,249.48,250.00,70,3.00,0.52
311771,249.51,250.00,69,3.00,0.49
311871,249.51,250.00,71,3.00,0.49
311971,249.50,250.00,73,3.00,0.50
312071,249.49,250.00,73,3.00,0.51
312171,249.49,250.00,71,3.00,0.51
312271,249.46,250.00,75,3.00,0.54
312371,249.46,250.00,72,3.00,0.54
312471,249.48,250.00,70,3.00,0.52
312571,249.46,250.00,74,3.00,0.54
312671,249.46,250.00,71,3.00,0.54
312771,249.48,250.00,70,3.00,0.52
312871,249.48,250.00,73,3.00,0.52
312971,249.48,250.00,71,3.00,0.52
313071,249.51,250.00,69,3.00,0.49
313171,249.53,250.00,69,3.00,0.47
313271,249.57,250.00,68,3.00,0.43
313371,249.57,250.00,72,3.00,0.43
313471,249.59,250.00,69,3.00,0.41
313571,249.58,250.00,72,3.00,0.42
313671,249.61,250.00,68,3.00,0.39
313771,249.61,250.00,71,3.00,0.39
313871,249.63,250.00,70,3.00,0.37
313971,249.61,250.00,74,3.00,0.39
314071,249.62,250.00,70,3.00,0.38
314171,249.63,250.00,71,3.00,0.37
314271,249.64,250.00,70,3.00,0.36
314371,249.66,250.00,69,3.00,0.34
314471,249.66,250.00,71,3.00,0.34
314571,249.68,250.00,69,3.00,0.32
314671,249.68,250.00,72,3.00,0.32
314771,249.69,250.00,70,3.00,0.31
314871,249.71,250.00,69,3.00,0.29
314971,249.68,250.00,74,3.00,0.32
315071,249.68,250.00,72,3.00,0.32
315171,249.70,250.00,69,3.00,0.30
315271,249.70,250.00,70,3.00,0.30
315371,249.73,250.00,68,3.00,0.27
315471,249.74,250.00,71,3.00,0.26
315571,249.76,250.00,68,3.00,0.24
315671,249.76,250.00,71,3.00,0.24
315771,249.79,250.00,68,3.00,0.21
315871,249.80,250.00,70,3.00,0.20
315971,249.83,250.00,67,3.00,0.17
316071,249.82,250.00,71,3.00,0.18
316171,249.82,250.00,71,3.00,0.18
316271,249.84,250.00,69,3.00,0.16
316371,249.87,250.00,68,3.00,0.13
316471,249.87,250.00,70,3.00,0.13
316571,249.87,250.00,70,3.00,0.13
316671,249.88,250.00,69,3.00,0.12
316771,249.88,250.00,70,3.00,0.12
316871,249.90,250.00,69,3.00,0.10
316971,249.89,250.00,70,3.00,0.11
317071,249.88,250.00,72,3.00,0.12
317171,249.89,250.00,69,3.00,0.11
317271,249.90,250.00,69,3.00,0.10
317371,249.93,250.00,68,3.00,0.07
317471,249.95,250.00,68,3.00,0.05
317571,249.94,250.00,71,3.00,0.06
317671,249.96,250.00,68,3.00,0.04
317771,249.95,250.00,71,3.00,0.05
317871,249.97,250.00,68,3.00,0.03
317971,249.97,250.00,70,3.00,0.03
318071,249.99,250.00,69,3.00,0.01
318171,249.97,250.00,72,3.00,0.03
318271,249.96,250.00,71,3.00,0.04
318371,249.97,250.00,68,3.00,0.03
318471,249.98,250.00,70,3.00,0.02
318571,249.99,250.00,69,3.00,0.01
318671,249.98,250.00,71,3.00,0.02
318771,249.97,250.00,71,3.00,0.03
318871,249.96,250.00,71,3.00,0.04
318971,249.97,250.00,70,3.00,0.03
319071,249.96,250.00,71,3.00,0.04
319171,249.95,250.00,71,3.00,0.05
319271,249.96,250.00,70,3.00,0.04
319371,249.97,250.00,68,3.00,0.03
319471,249.98,250.00,70,3.00,0.02
319571,250.00,250.00,67,3.00,-0.00
319671,249.99,250.00,71,3.00,0.01
319771,250.00,250.00,69,3.00,-0.00
319871,249.99,250.00,71,3.00,0.01
319971,250.03,250.00,66,3.00,-0.03
320071,249.99,250.00,74,3.00,0.01
320171,250.02,250.00,67,3.00,-0.02
320271,250.02,250.00,70,3.00,-0.02
320371,250.01,250.00,70,3.00,-0.01
320471,250.03,250.00,69,3.00,-0.03
320571,250.04,250.00,69,3.00,-0.04
320671,250.04,250.00,69,3.00,-0.04
320771,250.05,250.00,69,3.00,-0.05
320871,250.10,250.00,65,3.00,-0.10
320971,250.10,250.00,69,3.00,-0.10
321071,250.09,250.00,71,3.00,-0.09
321171,250.08,250.00,71,3.00,-0.08
321271,250.07,250.00,70,3.00,-0.07
321371,250.11,250.00,65,3.00,-0.11
321471,250.13,250.00,68,3.00,-0.13
321571,250.13,250.00,69,3.00,-0.13
321671,250.16,250.00,66,3.00,-0.16
321771,250.17,250.00,68,3.00,-0.17
321871,250.19,250.00,67,3.00,-0.19
321971,250.20,250.00,69,3.00,-0.20
322071,250.24,250.00,65,3.00,-0.24
322171,250.25,250.00,68,3.00,-0.25
322271,250.26,250.00,68,3.00,-0.26
322371,250.26,250.00,69,3.00,-0.26
322471,250.26,250.00,69,3.00,-0.26
322571,250.27,250.00,68,3.00,-0.27
322671,250.28,250.00,68,3.00,-0.28
322771,250.30,250.00,67,3.00,-0.30
322871,250.29,250.00,69,3.00,-0.29
322971,250.32,250.00,66,3.00,-0.32
323071,250.33,250.00,68,3.00,-0.33
323171,250.34,250.00,67,3.00,-0.34
323271,250.35,250.00,68,3.00,-0.35
323371,250.35,250.00,68,3.00,-0.35
323471,250.36,250.00,67,3.00,-0.36
323571,250.37,250.00,67,3.00,-0.37
323671,250.36,250.00,70,3.00,-0.36
323771,250.37,250.00,67,3.00,-0.37
323871,250.35,250.00,71,3.00,-0.35
323971,250.36,250.00,67,3.00,-0.36
324071,250.36,250.00,68,3.00,-0.36
324171,250.35,250.00,70,3.00,-0.35
324271,250.36,250.00,67,3.00,-0.36
324371,250.38,250.00,67,3.00,-0.38
324471,250.36,250.00,70,3.00,-0.36
324571,250.34,250.00,71,3.00,-0.34
324671,250.35,250.00,67,3.00,-0.35
324771,250.35,250.00,68,3.00,-0.35
324871,250.38,250.00,66,3.00,-0.38
324971,250.38,250.00,68,3.00,-0.38
325071,250.39,250.00,67,3.00,-0.39
325171,250.40,250.00,67,3.00,-0.40
325271,250.39,250.00,69,3.00,-0.39
325371,250.39,250.00,69,3.00,-0.39
325471,250.40,250.00,67,3.00,-0.40
325571,250.41,250.00,67,3.00,-0.41
325671,250.37,250.00,72,3.00,-0.37
325771,250.37,250.00,68,3.00,-0.37
325871,250.39,250.00,66,3.00,-0.39
325971,250.40,250.00,67,3.00,-0.40
326071,250.42,250.00,66,3.00,-0.42
326171,250.42,250.00,69,3.00,-0.42
326271,250.41,250.00,69,3.00,-0.41
326371,250.42,250.00,67,3.00,-0.42
326471,250.41,250.00,69,3.00,-0.41
326571,250.42,250.00,67,3.00,-0.42
326671,250.43,250.00,67,3.00,-0.43
326771,250.43,250.00,67,3.00,-0.43
326871,250.45,250.00,66,3.00,-0.45
326971,250.45,250.00,68,3.00,-0.45
327071,250.46,250.00,68,3.00,-0.46
327171,250.48,250.00,65,3.00,-0.48
327271,250.48,250.00,68,3.00,-0.48
327371,250.49,250.00,66,3.00,-0.49
327471,250.51,250.00,67,3.00,-0.51
327571,250.52,250.00,67,3.00,-0.52
327671,250.54,250.00,65,3.00,-0.54
327771,250.55,250.00,66,3.00,-0.55
327871,250.57,250.00,66,3.00,-0.57
327971,250.59,250.00,66,3.00,-0.59
328071,250.59,250.00,67,3.00,-0.59
328171,250.60,250.00,66,3.00,-0.60
328271,250.61,250.00,66,3.00,-0.61
328371,250.65,250.00,63,3.00,-0.65
328471,250.66,250.00,66,3.00,-0.66
328571,250.63,250.00,70,3.00,-0.63
328671,250.61,250.00,69,3.00,-0.61
328771,250.59,250.00,70,3.00,-0.59
328871,250.60,250.00,66,3.00,-0.60
328971,250.61,250.00,66,3.00,-0.61
329071,250.61,250.00,67,3.00,-0.61
329171,250.60,250.00,68,3.00,-0.60
329271,250.62,250.00,65,3.00,-0.62
329371,250.61,250.00,68,3.00,-0.61
329471,250.61,250.00,67,3.00,-0.61
329571,250.61,250.00,67,3.00,-0.61
329671,250.62,250.00,66,3.00,-0.62
329771,250.63,250.00,66,3.00,-0.63
329871,250.64,250.00,66,3.00,-0.64
329971,250.64,250.00,67,3.00,-0.64
330071,250.66,250.00,65,3.00,-0.66
330171,250.66,250.00,66,3.00,-0.66
330271,250.69,250.00,64,3.00,-0.69
330371,250.70,250.00,66,3.00,-0.70
330471,250.70,250.00,66,3.00,-0.70
330571,250.71,250.00,65,3.00,-0.71
330671,250.73,250.00,65,3.00,-0.73
330771,250.73,250.00,66,3.00,-0.73
330871,250.71,250.00,68,3.00,-0.71
330971,250.72,250.00,66,3.00,-0.72
331071,250.72,250.00,66,3.00,-0.72
331171,250.71,250.00,68,3.00,-0.71
331271,250.70,250.00,68,3.00,-0.70
331371,250.72,250.00,64,3.00,-0.72
331471,250.71,250.00,68,3.00,-0.71
331571,250.69,250.00,69,3.00,-0.69
331671,250.69,250.00,66,3.00,-0.69
331771,250.69,250.00,66,3.00,-0.69
331871,250.69,250.00,67,3.00,-0.69
331971,250.64,250.00,71,3.00,-0.64
332071,250.65,250.00,66,3.00,-0.65
332171,250.67,250.00,65,3.00,-0.67
332271,250.66,250.00,67,3.00,-0.66
332371,250.67,250.00,66,3.00,-0.67
332471,250.65,250.00,68,3.00,-0.65
332571,250.62,250.00,70,3.00,-0.62
332671,250.61,250.00,68,3.00,-0.61
332771,250.61,250.00,67,3.00,-0.61
332871,250.61,250.00,67,3.00,-0.61
332971,250.59,250.00,68,3.00,-0.59
333071,250.61,250.00,65,3.00,-0.61
333171,250.61,250.00,67,3.00,-0.61
333271,250.62,250.00,65,3.00,-0.62
333371,250.61,250.00,68,3.00,-0.61
333471,250.62,250.00,65,3.00,-0.62
333571,250.62,250.00,67,3.00,-0.62
333671,250.61,250.00,67,3.00,-0.61
333771,250.61,250.00,67,3.00,-0.61
333871,250.61,250.00,67,3.00,-0.61
333971,250.61,250.00,67,3.00,-0.61
334071,250.62,250.00,65,3.00,-0.62
334171,250.62,250.00,67,3.00,-0.62
334271,250.60,250.00,69,3.00,-0.60
334371,250.58,250.00,68,3.00,-0.58
334471,250.60,250.00,65,3.00,-0.60
334571,250.59,250.00,68,3.00,-0.59
334671,250.56,250.00,69,3.00,-0.56
334771,250.57,250.00,66,3.00,-0.57
334871,250.55,250.00,69,3.00,-0.55
334971,250.54,250.00,67,3.00,-0.54
335071,250.51,250.00,70,3.00,-0.51
335171,250.52,250.00,66,3.00,-0.52
335271,250.53,250.00,66,3.00,-0.53
335371,250.51,250.00,69,3.00,-0.51
335471,250.50,250.00,68,3.00,-0.50
335571,250.46,250.00,71,3.00,-0.46
335671,250.46,250.00,67,3.00,-0.46
335771,250.48,250.00,66,3.00,-0.48
335871,250.48,250.00,67,3.00,-0.48
335971,250.48,250.00,67,3.00,-0.48
336071,250.49,250.00,66,3.00,-0.49
336171,250.50,250.00,66,3.00,-0.50
336271,250.50,250.00,67,3.00,-0.50
336371,250.51,250.00,66,3.00,-0.51
336471,250.50,250.00,68,3.00,-0.50
336571,250.49,250.00,67,3.00,-0.49
336671,250.48,250.00,68,3.00,-0.48
336771,250.49,250.00,66,3.00,-0.49
336871,250.49,250.00,67,3.00,-0.49
336971,250.50,250.00,66,3.00,-0.50
337071,250.50,250.00,67,3.00,-0.50
337171,250.50,250.00,67,3.00,-0.50
337271,250.50,250.00,67,3.00,-0.50
337371,250.52,250.00,64,3.00,-0.52
337471,250.54,250.00,65,3.00,-0.54
337571,250.54,250.00,67,3.00,-0.54
337671,250.55,250.00,65,3.00,-0.55
337771,250.54,250.00,69,3.00,-0.54
337871,250.53,250.00,67,3.00,-0.53
337971,250.53,250.00,67,3.00,-0.53
338071,250.52,250.00,67,3.00,-0.52
338171,250.51,250.00,68,3.00,-0.51
338271,250.49,250.00,68,3.00,-0.49
338371,250.48,250.00,68,3.00,-0.48
338471,250.50,250.00,64,3.00,-0.50
338571,250.49,250.00,68,3.00,-0.49
338671,250.50,250.00,66,3.00,-0.50
338771,250.49,250.00,68,3.00,-0.49
338871,250.47,250.00,68,3.00,-0.47
338971,250.44,250.00,70,3.00,-0.44
339071,250.41,250.00,70,3.00,-0.41
339171,250.39,250.00,69,3.00,-0.39
339271,250.39,250.00,67,3.00,-0.39
339371,250.37,250.00,69,3.00,-0.37
339471,250.39,250.00,66,3.00,-0.39
339571,250.35,250.00,71,3.00,-0.35
339671,250.34,250.00,68,3.00,-0.34
339771,250.34,250.00,67,3.00,-0.34
339871,250.33,250.00,68,3.00,-0.33
339971,250.30,250.00,71,3.00,-0.30
340071,250.30,250.00,67,3.00,-0.30
340171,250.31,250.00,67,3.00,-0.31
340271,250.32,250.00,67,3.00,-0.32
340371,250.33,250.00,66,3.00,-0.33
340471,250.34,250.00,67,3.00,-0.34
340571,250.34,250.00,67,3.00,-0.34
340671,250.34,250.00,67,3.00,-0.34
340771,250.33,250.00,68,3.00,-0.33
340871,250.33,250.00,67,3.00,-0.33
340971,250.31,250.00,69,3.00,-0.31
341071,250.33,250.00,66,3.00,-0.33
341171,250.32,250.00,68,3.00,-0.32
341271,250.31,250.00,68,3.00,-0.31
341371,250.31,250.00,68,3.00,-0.31
341471,250.29,250.00,69,3.00,-0.29
341571,250.31,250.00,65,3.00,-0.31
341671,250.34,250.00,64,3.00,-0.34
341771,250.34,250.00,67,3.00,-0.34
341871,250.37,250.00,64,3.00,-0.37
341971,250.37,250.00,67,3.00,-0.37
342071,250.37,250.00,67,3.00,-0.37
342171,250.37,250.00,67,3.00,-0.37
342271,250.38,250.00,66,3.00,-0.38
342371,250.34,250.00,71,3.00,-0.34
342471,250.35,250.00,66,3.00,-0.35
342571,250.37,250.00,66,3.00,-0.37
342671,250.38,250.00,66,3.00,-0.38
342771,250.37,250.00,68,3.00,-0.37
342871,250.38,250.00,66,3.00,-0.38
342971,250.38,250.00,67,3.00,-0.38
343071,250.36,250.00,68,3.00,-0.36
343171,250.36,250.00,67,3.00,-0.36
343271,250.35,250.00,68,3.00,-0.35
343371,250.34,250.00,68,3.00,-0.34
343471,250.32,250.00,69,3.00,-0.32
343571,250.32,250.00,67,3.00,-0.32
343671,250.33,250.00,67,3.00,-0.33
343771,250.32,250.00,68,3.00,-0.32
343871,250.31,250.00,68,3.00,-0.31
343971,250.34,250.00,64,3.00,-0.34
344071,250.33,250.00,68,3.00,-0.33
344171,250.32,250.00,68,3.00,-0.32
344271,250.31,250.00,68,3.00,-0.31
344371,250.30,250.00,69,3.00,-0.30
344471,250.29,250.00,68,3.00,-0.29
344571,250.30,250.00,66,3.00,-0.30
344671,250.30,250.00,66,3.00,-0.30
344771,250.32,250.00,65,3.00,-0.32
344871,250.31,250.00,68,3.00,-0.31
344971,250.33,250.00,65,3.00,-0.33
345071,250.33,250.00,67,3.00,-0.33
345171,250.35,250.00,65,3.00,-0.35
345271,250.31,250.00,71,3.00,-0.31
345371,250.32,250.00,67,3.00,-0.32
345471,250.30,250.00,69,3.00,-0.30
345571,250.28,250.00,69,3.00,-0.28
345671,250.28,250.00,68,3.00,-0.28
345771,250.30,250.00,65,3.00,-0.30
345871,250.29,250.00,68,3.00,-0.29
345971,250.29,250.00,68,3.00,-0.29
346071,250.30,250.00,66,3.00,-0.30
346171,250.29,250.00,68,3.00,-0.29
346271,250.30,250.00,66,3.00,-0.30
346371,250.28,250.00,69,3.00,-0.28
346471,250.30,250.00,65,3.00,-0.30
346571,250.31,250.00,66,3.00,-0.31
346671,250.31,250.00,66,3.00,-0.31
346771,250.32,250.00,66,3.00,-0.32
346871,250.31,250.00,68,3.00,-0.31
346971,250.29,250.00,69,3.00,-0.29
347071,250.30,250.00,66,3.00,-0.30
347171,250.29,250.00,68,3.00,-0.29
347271,250.28,250.00,69,3.00,-0.28
347371,250.27,250.00,67,3.00,-0.27
347471,250.25,250.00,70,3.00,-0.25
347571,250.23,250.00,69,3.00,-0.23
347671,250.21,250.00,70,3.00,-0.21
347771,250.20,250.00,68,3.00,-0.20
347871,250.23,250.00,64,3.00,-0.23
347971,250.22,250.00,68,3.00,-0.22
348071,250.21,250.00,68,3.00,-0.21
348171,250.21,250.00,67,3.00,-0.21
348271,250.19,250.00,70,3.00,-0.19
348371,250.19,250.00,68,3.00,-0.19
348471,250.19,250.00,67,3.00,-0.19
348571,250.21,250.00,66,3.00,-0.21
348671,250.20,250.00,68,3.00,-0.20
348771,250.20,250.00,67,3.00,-0.20
348871,250.20,250.00,68,3.00,-0.20
348971,250.20,250.00,67,3.00,-0.20
349071,250.18,250.00,69,3.00,-0.18
349171,250.19,250.00,67,3.00,-0.19
349271,250.18,250.00,68,3.00,-0.18
349371,250.18,250.00,68,3.00,-0.18
349471,250.18,250.00,67,3.00,-0.18
349571,250.19,250.00,67,3.00,-0.19
349671,250.18,250.00,68,3.00,-0.18
349771,250.16,250.00,69,3.00,-0.16
349871,250.15,250.00,69,3.00,-0.15
349971,250.17,250.00,65,3.00,-0.17
350071,250.18,250.00,67,3.00,-0.18
350171,250.16,250.00,69,3.00,-0.16
350271,250.17,250.00,67,3.00,-0.17
350371,250.15,250.00,69,3.00,-0.15
350471,250.16,250.00,67,3.00,-0.16
350571,250.16,250.00,68,3.00,-0.16
350671,250.14,250.00,69,3.00,-0.14
350771,250.13,250.00,69,3.00,-0.13
350871,250.14,250.00,66,3.00,-0.14
350971,250.15,250.00,66,3.00,-0.15
351071,250.16,250.00,67,3.00,-0.16
351171,250.14,250.00,69,3.00,-0.14
351271,250.15,250.00,67,3.00,-0.15
351371,250.14,250.00,69,3.00,-0.14
351471,250.16,250.00,65,3.00,-0.16
351571,250.16,250.00,68,3.00,-0.16
351671,250.15,250.00,68,3.00,-0.15
351771,250.13,250.00,70,3.00,-0.13
351871,250.13,250.00,68,3.00,-0.13
351971,250.14,250.00,66,3.00,-0.14
352071,250.14,250.00,68,3.00,-0.14
352171,250.12,250.00,69,3.00,-0.12
352271,250.11,250.00,69,3.00,-0.11
352371,250.14,250.00,65,3.00,-0.14
352471,250.09,250.00,73,3.00,-0.09
352571,250.09,250.00,67,3.00,-0.09
352671,250.09,250.00,67,3.00,-0.09
352771,250.09,250.00,69,3.00,-0.09
352871,250.10,250.00,66,3.00,-0.10
352971,250.12,250.00,66,3.00,-0.12
353071,250.10,250.00,69,3.00,-0.10
353171,250.12,250.00,66,3.00,-0.12
353271,250.12,250.00,68,3.00,-0.12
353371,250.11,250.00,69,3.00,-0.11
353471,250.10,250.00,69,3.00,-0.10
353571,250.09,250.00,69,3.00,-0.09
353671,250.12,250.00,65,3.00,-0.12
353771,250.12,250.00,68,3.00,-0.12
353871,250.09,250.00,70,3.00,-0.09
353971,250.10,250.00,67,3.00,-0.10
354071,250.10,250.00,67,3.00,-0.10
354171,250.13,250.00,65,3.00,-0.13
354271,250.11,250.00,69,3.00,-0.11
354371,250.11,250.00,68,3.00,-0.11
354471,250.14,250.00,65,3.00,-0.14
354571,250.10,250.00,71,3.00,-0.10
354671,250.08,250.00,70,3.00,-0.08
354771,250.07,250.00,69,3.00,-0.07
354871,250.08,250.00,67,3.00,-0.08
354971,250.05,250.00,71,3.00,-0.05
355071,250.04,250.00,68,3.00,-0.04
355171,250.05,250.00,67,3.00,-0.05
355271,250.06,250.00,67,3.00,-0.06
355371,250.03,250.00,71,3.00,-0.03
355471,250.04,250.00,67,3.00,-0.04
355571,250.02,250.00,69,3.00,-0.02
355671,250.02,250.00,68,3.00,-0.02
355771,250.01,250.00,69,3.00,-0.01
355871,249.97,250.00,72,3.00,0.03
355971,249.93,250.00,73,3.00,0.07
356071,249.91,250.00,70,3.00,0.09
356171,249.90,250.00,70,3.00,0.10
356271,249.91,250.00,67,3.00,0.09
356371,249.92,250.00,67,3.00,0.08
356471,249.90,250.00,70,3.00,0.10
356571,249.92,250.00,66,3.00,0.08
356671,249.91,250.00,70,3.00,0.09
356771,249.87,250.00,72,3.00,0.13
356871,249.85,250.00,71,3.00,0.15
356971,249.85,250.00,68,3.00,0.15
357071,249.80,250.00,74,3.00,0.20
357171,249.70,250.00,79,3.00,0.30
357271,249.65,250.00,75,3.00,0.35
357371,249.61,250.00,73,3.00,0.39
357471,249.57,250.00,74,3.00,0.43
357571,249.55,250.00,71,3.00,0.45
357671,249.51,250.00,74,3.00,0.49
357771,249.50,250.00,71,3.00,0.50
357871,249.49,250.00,71,3.00,0.51
357971,249.50,250.00,70,3.00,0.50
358071,249.47,250.00,74,3.00,0.53
358171,249.44,250.00,73,3.00,0.56
358271,249.43,250.00,71,3.00,0.57
358371,249.43,250.00,71,3.00,0.57
358471,249.44,250.00,69,3.00,0.56
358571,249.41,250.00,73,3.00,0.59
358671,249.40,250.00,72,3.00,0.60
358771,249.39,250.00,72,3.00,0.61
358871,249.38,250.00,72,3.00,0.62
358971,249.41,250.00,68,3.00,0.59
359071,249.42,250.00,69,3.00,0.58
359171,249.42,250.00,71,3.00,0.58
359271,249.43,250.00,69,3.00,0.57
359371,249.42,250.00,72,3.00,0.58
359471,249.45,250.00,67,3.00,0.55
359571,249.45,250.00,71,3.00,0.55
359671,249.48,250.00,67,3.00,0.52
359771,249.48,250.00,70,3.00,0.52
359871,249.48,250.00,71,3.00,0.52
359971,249.49,250.00,69,3.00,0.51
360071,249.50,250.00,70,3.00,0.50
360171,249.50,250.00,70,3.00,0.50
360271,249.49,250.00,71,3.00,0.51
360371,249.50,250.00,70,3.00,0.50
360471,249.52,250.00,68,3.00,0.48
360571,249.53,250.00,69,3.00,0.47
360671,249.52,250.00,72,3.00,0.48
360771,249.53,250.00,69,3.00,0.47
360871,249.53,250.00,70,3.00,0.47
360971,249.52,250.00,72,3.00,0.48
361071,249.52,250.00,70,3.00,0.48
361171,249.50,250.00,73,3.00,0.50
361271,249.50,250.00,70,3.00,0.50
361371,249.53,250.00,68,3.00,0.47
361471,249.54,250.00,69,3.00,0.46
361571,249.56,250.00,68,3.00,0.44
361671,249.56,250.00,71,3.00,0.44
361771,249.57,250.00,69,3.00,0.43
361871,249.56,250.00,71,3.00,0.44
361971,249.61,250.00,66,3.00,0.39
362071,249.62,250.00,68,3.00,0.38
362171,249.64,250.00,68,3.00,0.36
362271,249.63,250.00,71,3.00,0.37
362371,249.62,250.00,71,3.00,0.38
362471,249.61,250.00,71,3.00,0.39
362571,249.64,250.00,67,3.00,0.36
362671,249.66,250.00,67,3.00,0.34
362771,249.65,250.00,71,3.00,0.35
362871,249.66,250.00,69,3.00,0.34
362971,249.65,250.00,71,3.00,0.35
363071,249.63,250.00,71,3.00,0.37
363171,249.66,250.00,67,3.00,0.34
363271,249.68,250.00,68,3.00,0.32
363371,249.69,250.00,69,3.00,0.31
363471,249.70,250.00,69,3.00,0.30
363571,249.69,250.00,70,3.00,0.31
363671,249.70,250.00,69,3.00,0.30
363771,249.70,250.00,70,3.00,0.30
363871,249.71,250.00,68,3.00,0.29
363971,249.71,250.00,70,3.00,0.29
364071,249.74,250.00,67,3.00,0.26
364171,249.74,250.00,69,3.00,0.26
364271,249.73,250.00,71,3.00,0.27
364371,249.72,250.00,71,3.00,0.28
364471,249.72,250.00,70,3.00,0.28
364571,249.74,250.00,67,3.00,0.26
364671,249.76,250.00,68,3.00,0.24
364771,249.79,250.00,66,3.00,0.21
364871,249.78,250.00,71,3.00,0.22
364971,249.81,250.00,66,3.00,0.19
365071,249.82,250.00,69,3.00,0.18
365171,249.83,250.00,69,3.00,0.17
365271,249.82,250.00,70,3.00,0.18
365371,249.84,250.00,67,3.00,0.16
365471,249.82,250.00,71,3.00,0.18
365571,249.84,250.00,67,3.00,0.16
365671,249.84,250.00,69,3.00,0.16
365771,249.88,250.00,65,3.00,0.12
365871,249.88,250.00,69,3.00,0.12
365971,249.91,250.00,67,3.00,0.09
366071,249.91,250.00,69,3.00,0.09
366171,249.90,250.00,69,3.00,0.10
366271,249.93,250.00,67,3.00,0.07
366371,249.95,250.00,67,3.00,0.05
366471,249.95,250.00,68,3.00,0.05
366571,249.94,250.00,69,3.00,0.06
366671,249.94,250.00,69,3.00,0.06
366771,249.96,250.00,67,3.00,0.04
366871,249.96,250.00,68,3.00,0.04
366971,249.97,250.00,68,3.00,0.03
367071,249.99,250.00,66,3.00,0.01
367171,250.01,250.00,67,3.00,-0.01
367271,250.03,250.00,66,3.00,-0.03
367371,250.04,250.00,68,3.00,-0.04
367471,250.07,250.00,65,3.00,-0.07
367571,250.07,250.00,69,3.00,-0.07
367671,250.08,250.00,66,3.00,-0.08
367771,250.08,250.00,69,3.00,-0.08
367871,250.09,250.00,67,3.00,-0.09
367971,250.11,250.00,67,3.00,-0.11
368071,250.12,250.00,67,3.00,-0.12
368171,250.13,250.00,67,3.00,-0.13
368271,250.13,250.00,68,3.00,-0.13
368371,250.16,250.00,66,3.00,-0.16
368471,250.19,250.00,65,3.00,-0.19
368571,250.21,250.00,66,3.00,-0.21
368671,250.21,250.00,67,3.00,-0.21
368771,250.20,250.00,69,3.00,-0.20
368871,250.22,250.00,66,3.00,-0.22
368971,250.22,250.00,67,3.00,-0.22
369071,250.22,250.00,67,3.00,-0.22
369171,250.26,250.00,64,3.00,-0.26
369271,250.26,250.00,68,3.00,-0.26
369371,250.27,250.00,66,3.00,-0.27
369471,250.28,250.00,67,3.00,-0.28
369571,250.28,250.00,68,3.00,-0.28
369671,250.28,250.00,67,3.00,-0.28
369771,250.30,250.00,65,3.00,-0.30
369871,250.30,250.00,68,3.00,-0.30
369971,250.32,250.00,65,3.00,-0.32
370071,250.31,250.00,68,3.00,-0.31
370171,250.33,250.00,65,3.00,-0.33
370271,250.33,250.00,67,3.00,-0.33
370371,250.37,250.00,63,3.00,-0.37
370471,250.38,250.00,66,3.00,-0.38
370571,250.38,250.00,67,3.00,-0.38
370671,250.39,250.00,66,3.00,-0.39
370771,250.38,250.00,68,3.00,-0.38
370871,250.39,250.00,66,3.00,-0.39
370971,250.41,250.00,65,3.00,-0.41
371071,250.42,250.00,66,3.00,-0.42
371171,250.42,250.00,66,3.00,-0.42
371271,250.44,250.00,65,3.00,-0.44
371371,250.43,250.00,67,3.00,-0.43
371471,250.43,250.00,67,3.00,-0.43
371571,250.43,250.00,66,3.00,-0.43
371671,250.45,250.00,65,3.00,-0.45
371771,250.46,250.00,65,3.00,-0.46
371871,250.49,250.00,64,3.00,-0.49
371971,250.50,250.00,65,3.00,-0.50
372071,250.52,250.00,64,3.00,-0.52
372171,250.53,250.00,65,3.00,-0.53
372271,250.55,250.00,64,3.00,-0.55
372371,250.56,250.00,66,3.00,-0.56
372471,250.54,250.00,68,3.00,-0.54
372571,250.56,250.00,64,3.00,-0.56
372671,250.57,250.00,64,3.00,-0.57
372771,250.55,250.00,68,3.00,-0.55
372871,250.56,250.00,66,3.00,-0.56
372971,250.55,250.00,67,3.00,-0.55
373071,250.57,250.00,64,3.00,-0.57
373171,250.58,250.00,64,3.00,-0.58
373271,250.58,250.00,66,3.00,-0.58
373371,250.60,250.00,65,3.00,-0.60
373471,250.59,250.00,67,3.00,-0.59
373571,250.59,250.00,66,3.00,-0.59
373671,250.59,250.00,66,3.00,-0.59
373771,250.57,250.00,68,3.00,-0.57
373871,250.57,250.00,66,3.00,-0.57
373971,250.57,250.00,66,3.00,-0.57
374071,250.57,250.00,67,3.00,-0.57
374171,250.58,250.00,64,3.00,-0.58
374271,250.60,250.00,64,3.00,-0.60
374371,250.62,250.00,63,3.00,-0.62
374471,250.62,250.00,66,3.00,-0.62
374571,250.64,250.00,63,3.00,-0.64
374671,250.65,250.00,65,3.00,-0.65
374771,250.66,250.00,65,3.00,-0.66
374871,250.64,250.00,67,3.00,-0.64
374971,250.61,250.00,68,3.00,-0.61
375071,250.60,250.00,67,3.00,-0.60
375171,250.60,250.00,66,3.00,-0.60
375271,250.59,250.00,67,3.00,-0.59
375371,250.57,250.00,68,3.00,-0.57
375471,250.61,250.00,62,3.00,-0.61
375571,250.59,250.00,67,3.00,-0.59
375671,250.59,250.00,66,3.00,-0.59
375771,250.58,250.00,67,3.00,-0.58
375871,250.60,250.00,64,3.00,-0.60
375971,250.61,250.00,64,3.00,-0.61
376071,250.61,250.00,66,3.00,-0.61
376171,250.61,250.00,66,3.00,-0.61
376271,250.61,250.00,66,3.00,-0.61
376371,250.60,250.00,67,3.00,-0.60
376471,250.61,250.00,64,3.00,-0.61
376571,250.60,250.00,67,3.00,-0.60
376671,250.59,250.00,67,3.00,-0.59
376771,250.57,250.00,67,3.00,-0.57
376871,250.55,250.00,68,3.00,-0.55
376971,250.53,250.00,68,3.00,-0.53
377071,250.52,250.00,68,3.00,-0.52
377171,250.53,250.00,65,3.00,-0.53
377271,250.52,250.00,66,3.00,-0.52
377371,250.53,250.00,65,3.00,-0.53
377471,250.51,250.00,68,3.00,-0.51
377571,250.52,250.00,65,3.00,-0.52
377671,250.52,250.00,66,3.00,-0.52
377771,250.48,250.00,70,3.00,-0.48
377871,250.47,250.00,67,3.00,-0.47
377971,250.47,250.00,66,3.00,-0.47
378071,250.47,250.00,66,3.00,-0.47
378171,250.47,250.00,66,3.00,-0.47
378271,250.47,250.00,66,3.00,-0.47
378371,250.49,250.00,65,3.00,-0.49
378471,250.46,250.00,68,3.00,-0.46
378571,250.45,250.00,67,3.00,-0.45
378671,250.44,250.00,67,3.00,-0.44
378771,250.44,250.00,67,3.00,-0.44
378871,250.44,250.00,66,3.00,-0.44
378971,250.44,250.00,66,3.00,-0.44
379071,250.42,250.00,68,3.00,-0.42
379171,250.39,250.00,69,3.00,-0.39
379271,250.38,250.00,68,3.00,-0.38
379371,250.38,250.00,66,3.00,-0.38
379471,250.39,250.00,65,3.00,-0.39
379571,250.37,250.00,68,3.00,-0.37
379671,250.40,250.00,64,3.00,-0.40
379771,250.37,250.00,69,3.00,-0.37
379871,250.36,250.00,68,3.00,-0.36
379971,250.36,250.00,66,3.00,-0.36
380071,250.37,250.00,65,3.00,-0.37
380171,250.36,250.00,68,3.00,-0.36
380271,250.35,250.00,68,3.00,-0.35
380371,250.34,250.00,67,3.00,-0.34
380471,250.34,250.00,66,3.00,-0.34
380571,250.34,250.00,66,3.00,-0.34
380671,250.36,250.00,65,3.00,-0.36
380771,250.36,250.00,66,3.00,-0.36
380871,250.38,250.00,64,3.00,-0.38
380971,250.38,250.00,66,3.00,-0.38
381071,250.37,250.00,68,3.00,-0.37
381171,250.34,250.00,69,3.00,-0.34
381271,250.32,250.00,69,3.00,-0.32
381371,250.32,250.00,66,3.00,-0.32
381471,250.34,250.00,65,3.00,-0.34
381571,250.33,250.00,67,3.00,-0.33
381671,250.31,250.00,69,3.00,-0.31
381771,250.33,250.00,65,3.00,-0.33
381871,250.32,250.00,67,3.00,-0.32
381971,250.30,250.00,68,3.00,-0.30
382071,250.29,250.00,67,3.00,-0.29
382171,250.29,250.00,67,3.00,-0.29
382271,250.28,250.00,67,3.00,-0.28
382371,250.26,250.00,69,3.00,-0.26
382471,250.27,250.00,66,3.00,-0.27
382571,250.29,250.00,64,3.00,-0.29
382671,250.30,250.00,66,3.00,-0.30
382771,250.30,250.00,66,3.00,-0.30
382871,250.30,250.00,67,3.00,-0.30
382971,250.33,250.00,63,3.00,-0.33
383071,250.33,250.00,66,3.00,-0.33
383171,250.33,250.00,66,3.00,-0.33
383271,250.33,250.00,67,3.00,-0.33
383371,250.31,250.00,68,3.00,-0.31
383471,250.30,250.00,67,3.00,-0.30
383571,250.31,250.00,66,3.00,-0.31
383671,250.30,250.00,67,3.00,-0.30
383771,250.29,250.00,67,3.00,-0.29
383871,250.29,250.00,67,3.00,-0.29
383971,250.28,250.00,67,3.00,-0.28
384071,250.24,250.00,71,3.00,-0.24
384171,250.21,250.00,70,3.00,-0.21
384271,250.20,250.00,68,3.00,-0.20
384371,250.22,250.00,65,3.00,-0.22
384471,250.24,250.00,64,3.00,-0.24
384571,250.26,250.00,65,3.00,-0.26
384671,250.27,250.00,65,3.00,-0.27
384771,250.25,250.00,68,3.00,-0.25
384871,250.26,250.00,65,3.00,-0.26
384971,250.26,250.00,67,3.00,-0.26
385071,250.28,250.00,64,3.00,-0.28
385171,250.28,250.00,67,3.00,-0.28
385271,250.26,250.00,68,3.00,-0.26
385371,250.25,250.00,68,3.00,-0.25
385471,250.21,250.00,70,3.00,-0.21
385571,250.22,250.00,66,3.00,-0.22
385671,250.22,250.00,66,3.00,-0.22
385771,250.23,250.00,65,3.00,-0.23
385871,250.21,250.00,69,3.00,-0.21
385971,250.23,250.00,65,3.00,-0.23
386071,250.20,250.00,69,3.00,-0.20
386171,250.21,250.00,66,3.00,-0.21
386271,250.19,250.00,69,3.00,-0.19
386371,250.19,250.00,66,3.00,-0.19
386471,250.17,250.00,69,3.00,-0.17
386571,250.17,250.00,67,3.00,-0.17
386671,250.20,250.00,64,3.00,-0.20
386771,250.19,250.00,67,3.00,-0.19
386871,250.17,250.00,69,3.00,-0.17
386971,250.18,250.00,66,3.00,-0.18
387071,250.15,250.00,70,3.00,-0.15
387171,250.17,250.00,65,3.00,-0.17
387271,250.12,250.00,72,3.00,-0.12
387371,250.10,250.00,69,3.00,-0.10
387471,250.09,250.00,68,3.00,-0.09
387571,250.07,250.00,69,3.00,-0.07
387671,250.05,250.00,69,3.00,-0.05
387771,250.07,250.00,65,3.00,-0.07
387871,250.07,250.00,67,3.00,-0.07
387971,250.04,250.00,70,3.00,-0.04
388071,250.03,250.00,69,3.00,-0.03
388171,250.03,250.00,68,3.00,-0.03
388271,250.01,250.00,69,3.00,-0.01
388371,250.01,250.00,67,3.00,-0.01
388471,250.00,250.00,69,3.00,0.00
388571,250.01,250.00,66,3.00,-0.01
388671,250.02,250.00,66,3.00,-0.02
388771,250.03,250.00,66,3.00,-0.03
388871,250.04,250.00,66,3.00,-0.04
388971,250.03,250.00,69,3.00,-0.03
389071,250.04,250.00,66,3.00,-0.04
389171,250.02,250.00,69,3.00,-0.02
389271,250.01,250.00,69,3.00,-0.01
389371,249.99,250.00,69,3.00,0.01
389471,250.01,250.00,66,3.00,-0.01
389571,249.97,250.00,71,3.00,0.03
389671,249.95,250.00,70,3.00,0.05
389771,249.96,250.00,67,3.00,0.04
389871,249.96,250.00,67,3.00,0.04
389971,249.94,250.00,70,3.00,0.06
390071,249.94,250.00,68,3.00,0.06
390171,249.97,250.00,65,3.00,0.03
390271,249.95,250.00,70,3.00,0.05
390371,249.92,250.00,71,3.00,0.08
390471,249.90,250.00,69,3.00,0.10
390571,249.89,250.00,69,3.00,0.11
390671,249.88,250.00,69,3.00,0.12
390771,249.83,250.00,73,3.00,0.17
390871,249.85,250.00,66,3.00,0.15
390971,249.86,250.00,66,3.00,0.14
391071,249.84,250.00,70,3.00,0.16
391171,249.86,250.00,66,3.00,0.14
391271,249.85,250.00,69,3.00,0.15
391371,249.86,250.00,66,3.00,0.14
391471,249.87,250.00,68,3.00,0.13
391571,249.84,250.00,70,3.00,0.16
391671,249.81,250.00,71,3.00,0.19
391771,249.80,250.00,70,3.00,0.20
391871,249.79,250.00,69,3.00,0.21
391971,249.79,250.00,69,3.00,0.21
392071,249.79,250.00,69,3.00,0.21
392171,249.77,250.00,70,3.00,0.23
392271,249.79,250.00,67,3.00,0.21
392371,249.78,250.00,69,3.00,0.22
392471,249.78,250.00,69,3.00,0.22
392571,249.78,250.00,69,3.00,0.22
392671,249.79,250.00,67,3.00,0.21
392771,249.80,250.00,67,3.00,0.20
392871,249.81,250.00,67,3.00,0.19
392971,249.79,250.00,70,3.00,0.21
393071,249.79,250.00,69,3.00,0.21
393171,249.78,250.00,70,3.00,0.22
393271,249.79,250.00,67,3.00,0.21
393371,249.77,250.00,70,3.00,0.23
393471,249.80,250.00,66,3.00,0.20
393571,249.79,250.00,69,3.00,0.21
393671,249.79,250.00,69,3.00,0.21
393771,249.76,250.00,71,3.00,0.24
393871,249.74,250.00,71,3.00,0.26
393971,249.75,250.00,67,3.00,0.25
394071,249.77,250.00,67,3.00,0.23
394171,249.77,250.00,69,3.00,0.23
394271,249.76,250.00,70,3.00,0.24
394371,249.78,250.00,66,3.00,0.22
394471,249.77,250.00,70,3.00,0.23
394571,249.77,250.00,69,3.00,0.23
394671,249.76,250.00,70,3.00,0.24
394771,249.77,250.00,67,3.00,0.23
394871,249.77,250.00,69,3.00,0.23
394971,249.76,250.00,70,3.00,0.24
395071,249.76,250.00,68,3.00,0.24
395171,249.78,250.00,66,3.00,0.22
395271,249.77,250.00,70,3.00,0.23
395371,249.77,250.00,69,3.00,0.23
395471,249.76,250.00,70,3.00,0.24
395571,249.78,250.00,66,3.00,0.22
395671,249.79,250.00,67,3.00,0.21
395771,249.80,250.00,67,3.00,0.20
395871,249.79,250.00,70,3.00,0.21
395971,249.78,250.00,69,3.00,0.22
396071,249.78,250.00,69,3.00,0.22
396171,249.78,250.00,69,3.00,0.22
396271,249.79,250.00,67,3.00,0.21
396371,249.78,250.00,70,3.00,0.22
396471,249.79,250.00,67,3.00,0.21
396571,249.80,250.00,67,3.00,0.20
396671,249.79,250.00,69,3.00,0.21
396771,249.79,250.00,69,3.00,0.21
396871,249.79,250.00,69,3.00,0.21
396971,249.79,250.00,69,3.00,0.21
397071,249.78,250.00,69,3.00,0.22
397171,249.77,250.00,70,3.00,0.23
397271,249.77,250.00,69,3.00,0.23
397371,249.76,250.00,70,3.00,0.24
397471,249.77,250.00,67,3.00,0.23
397571,249.76,250.00,70,3.00,0.24
397671,249.78,250.00,66,3.00,0.22
397771,249.78,250.00,69,3.00,0.22
397871,249.77,250.00,70,3.00,0.23
397971,249.74,250.00,71,3.00,0.26
398071,249.72,250.00,71,3.00,0.28
398171,249.74,250.00,67,3.00,0.26
398271,249.75,250.00,67,3.00,0.25
398371,249.74,250.00,70,3.00,0.26
398471,249.73,250.00,70,3.00,0.27
398571,249.72,250.00,70,3.00,0.28
398671,249.72,250.00,70,3.00,0.28
398771,249.72,250.00,68,3.00,0.28
398871,249.73,250.00,68,3.00,0.27
398971,249.74,250.00,67,3.00,0.26
399071,249.76,250.00,67,3.00,0.24
399171,249.76,250.00,69,3.00,0.24
399271,249.76,250.00,69,3.00,0.24
399371,249.76,250.00,69,3.00,0.24
399471,249.75,250.00,70,3.00,0.25
399571,249.76,250.00,67,3.00,0.24
399671,249.75,250.00,70,3.00,0.25
399771,249.72,250.00,72,3.00,0.28
399871,249.73,250.00,67,3.00,0.27
399971,249.72,250.00,70,3.00,0.28
400071,249.71,250.00,71,3.00,0.29
400171,249.72,250.00,67,3.00,0.28
400271,249.72,250.00,70,3.00,0.28
400371,249.72,250.00,68,3.00,0.28
400471,249.73,250.00,68,3.00,0.27
400571,249.72,250.00,70,3.00,0.28
400671,249.69,250.00,72,3.00,0.31
400771,249.67,250.00,71,3.00,0.33
400871,249.66,250.00,71,3.00,0.34
400971,249.67,250.00,68,3.00,0.33
401071,249.70,250.00,66,3.00,0.30
401171,249.72,250.00,67,3.00,0.28
401271,249.75,250.00,66,3.00,0.25
401371,249.76,250.00,67,3.00,0.24
401471,249.80,250.00,65,3.00,0.20
401571,249.81,250.00,68,3.00,0.19
401671,249.80,250.00,69,3.00,0.20
401771,249.80,250.00,69,3.00,0.20
401871,249.84,250.00,64,3.00,0.16
401971,249.86,250.00,67,3.00,0.14
402071,249.86,250.00,68,3.00,0.14
402171,249.86,250.00,68,3.00,0.14
402271,249.85,250.00,69,3.00,0.15
402371,249.88,250.00,66,3.00,0.12
402471,249.89,250.00,67,3.00,0.11
402571,249.89,250.00,68,3.00,0.11
402671,249.88,250.00,70,3.00,0.12
402771,249.90,250.00,66,3.00,0.10
402871,249.90,250.00,68,3.00,0.10
402971,249.89,250.00,70,3.00,0.11
403071,249.89,250.00,68,3.00,0.11
403171,249.91,250.00,66,3.00,0.09
403271,249.92,250.00,67,3.00,0.08
403371,249.95,250.00,65,3.00,0.05
403471,249.97,250.00,66,3.00,0.03
403571,249.99,250.00,66,3.00,0.01
403671,249.99,250.00,68,3.00,0.01
403771,250.00,250.00,67,3.00,-0.00
403871,249.99,250.00,69,3.00,0.01
403971,249.98,250.00,69,3.00,0.02
404071,249.98,250.00,68,3.00,0.02
404171,249.98,250.00,68,3.00,0.02
404271,249.96,250.00,70,3.00,0.04
404371,249.95,250.00,69,3.00,0.05
404471,249.98,250.00,65,3.00,0.02
404571,250.01,250.00,65,3.00,-0.01
404671,250.03,250.00,65,3.00,-0.03
404771,250.03,250.00,68,3.00,-0.03
404871,250.06,250.00,64,3.00,-0.06
404971,250.03,250.00,71,3.00,-0.03
405071,250.02,250.00,69,3.00,-0.02
405171,250.02,250.00,68,3.00,-0.02
405271,250.03,250.00,67,3.00,-0.03
405371,250.04,250.00,67,3.00,-0.04
405471,250.05,250.00,67,3.00,-0.05
405571,250.05,250.00,67,3.00,-0.05
405671,250.08,250.00,64,3.00,-0.08
405771,250.08,250.00,68,3.00,-0.08
405871,250.06,250.00,70,3.00,-0.06
405971,250.05,250.00,68,3.00,-0.05
406071,250.04,250.00,69,3.00,-0.04
406171,250.01,250.00,71,3.00,-0.01
406271,250.00,250.00,69,3.00,0.00
406371,250.00,250.00,68,3.00,0.00
406471,250.00,250.00,68,3.00,0.00
406571,250.00,250.00,68,3.00,0.00
406671,250.04,250.00,64,3.00,-0.04
406771,250.07,250.00,64,3.00,-0.07
406871,250.07,250.00,67,3.00,-0.07
406971,250.11,250.00,63,3.00,-0.11
407071,250.12,250.00,67,3.00,-0.12
407171,250.10,250.00,69,3.00,-0.10
407271,250.11,250.00,67,3.00,-0.11
407371,250.10,250.00,69,3.00,-0.10
407471,250.11,250.00,66,3.00,-0.11
407571,250.12,250.00,66,3.00,-0.12
407671,250.14,250.00,66,3.00,-0.14
407771,250.15,250.00,66,3.00,-0.15
407871,250.14,250.00,68,3.00,-0.14
407971,250.15,250.00,66,3.00,-0.15
408071,250.15,250.00,68,3.00,-0.15
408171,250.17,250.00,65,3.00,-0.17
408271,250.17,250.00,68,3.00,-0.17
408371,250.16,250.00,68,3.00,-0.16
408471,250.16,250.00,68,3.00,-0.16
408571,250.14,250.00,69,3.00,-0.14
408671,250.14,250.00,67,3.00,-0.14
408771,250.15,250.00,66,3.00,-0.15
408871,250.17,250.00,65,3.00,-0.17
408971,250.17,250.00,68,3.00,-0.17
409071,250.14,250.00,70,3.00,-0.14
409171,250.13,250.00,69,3.00,-0.13
409271,250.13,250.00,67,3.00,-0.13
409371,250.13,250.00,67,3.00,-0.13
409471,250.15,250.00,65,3.00,-0.15
409571,250.16,250.00,66,3.00,-0.16
409671,250.18,250.00,65,3.00,-0.18
409771,250.19,250.00,66,3.00,-0.19
409871,250.22,250.00,64,3.00,-0.22
409971,250.22,250.00,67,3.00,-0.22
410071,250.20,250.00,69,3.00,-0.20
410171,250.20,250.00,67,3.00,-0.20
410271,250.19,250.00,68,3.00,-0.19
410371,250.21,250.00,65,3.00,-0.21
410471,250.23,250.00,65,3.00,-0.23
410571,250.22,250.00,68,3.00,-0.22
410671,250.21,250.00,68,3.00,-0.21
410771,250.21,250.00,67,3.00,-0.21
410871,250.23,250.00,65,3.00,-0.23
410971,250.23,250.00,67,3.00,-0.23
411071,250.22,250.00,68,3.00,-0.22
411171,250.24,250.00,64,3.00,-0.24
411271,250.24,250.00,67,3.00,-0.24
411371,250.24,250.00,67,3.00,-0.24
411471,250.26,250.00,66,3.00,-0.26
411571,250.28,250.00,64,3.00,-0.28
411671,250.28,250.00,67,3.00,-0.28
411771,250.28,250.00,66,3.00,-0.28
411871,250.28,250.00,67,3.00,-0.28
411971,250.29,250.00,66,3.00,-0.29
412071,250.30,250.00,66,3.00,-0.30
412171,250.30,250.00,66,3.00,-0.30
412271,250.30,250.00,67,3.00,-0.30
412371,250.32,250.00,65,3.00,-0.32
412471,250.32,250.00,66,3.00,-0.32
412571,250.31,250.00,67,3.00,-0.31
412671,250.31,250.00,67,3.00,-0.31
412771,250.29,250.00,68,3.00,-0.29
412871,250.27,250.00,68,3.00,-0.27
412971,250.28,250.00,66,3.00,-0.28
413071,250.31,250.00,63,3.00,-0.31
413171,250.29,250.00,68,3.00,-0.29
413271,250.30,250.00,66,3.00,-0.30
413371,250.28,250.00,68,3.00,-0.28
413471,250.28,250.00,67,3.00,-0.28
413571,250.25,250.00,69,3.00,-0.25
413671,250.27,250.00,64,3.00,-0.27
413771,250.28,250.00,66,3.00,-0.28
413871,250.29,250.00,66,3.00,-0.29
413971,250.30,250.00,66,3.00,-0.30
414071,250.32,250.00,65,3.00,-0.32
414171,250.30,250.00,68,3.00,-0.30
414271,250.30,250.00,66,3.00,-0.30
414371,250.30,250.00,67,3.00,-0.30
414471,250.27,250.00,69,3.00,-0.27
414571,250.28,250.00,66,3.00,-0.28
414671,250.29,250.00,66,3.00,-0.29
414771,250.28,250.00,67,3.00,-0.28
414871,250.28,250.00,67,3.00,-0.28
414971,250.28,250.00,67,3.00,-0.28
415071,250.31,250.00,63,3.00,-0.31
415171,250.33,250.00,65,3.00,-0.33
415271,250.32,250.00,67,3.00,-0.32
415371,250.32,250.00,66,3.00,-0.32
415471,250.33,250.00,66,3.00,-0.33
415571,250.31,250.00,68,3.00,-0.31
415671,250.31,250.00,66,3.00,-0.31
415771,250.33,250.00,65,3.00,-0.33
415871,250.34,250.00,65,3.00,-0.34
415971,250.36,250.00,65,3.00,-0.36
416071,250.37,250.00,65,3.00,-0.37
416171,250.39,250.00,64,3.00,-0.39
416271,250.40,250.00,65,3.00,-0.40
416371,250.41,250.00,65,3.00,-0.41
416471,250.41,250.00,66,3.00,-0.41
416571,250.43,250.00,64,3.00,-0.43
416671,250.43,250.00,65,3.00,-0.43
416771,250.44,250.00,65,3.00,-0.44
416871,250.43,250.00,67,3.00,-0.43
416971,250.41,250.00,68,3.00,-0.41
417071,250.42,250.00,65,3.00,-0.42
417171,250.44,250.00,64,3.00,-0.44
417271,250.44,250.00,65,3.00,-0.44
417371,250.43,250.00,67,3.00,-0.43
417471,250.44,250.00,65,3.00,-0.44
417571,250.43,250.00,66,3.00,-0.43
417671,250.42,250.00,66,3.00,-0.42
417771,250.43,250.00,65,3.00,-0.43
417871,250.45,250.00,64,3.00,-0.45
417971,250.46,250.00,64,3.00,-0.46
418071,250.47,250.00,65,3.00,-0.47
418171,250.47,250.00,65,3.00,-0.47
418271,250.49,250.00,63,3.00,-0.49
418371,250.49,250.00,66,3.00,-0.49
418471,250.50,250.00,64,3.00,-0.50
418571,250.50,250.00,66,3.00,-0.50
418671,250.49,250.00,67,3.00,-0.49
418771,250.49,250.00,65,3.00,-0.49
418871,250.49,250.00,65,3.00,-0.49
418971,250.47,250.00,67,3.00,-0.47
419071,250.45,250.00,68,3.00,-0.45
419171,250.45,250.00,65,3.00,-0.45
419271,250.46,250.00,65,3.00,-0.46
419371,250.47,250.00,64,3.00,-0.47
419471,250.47,250.00,65,3.00,-0.47
419571,250.50,250.00,63,3.00,-0.50
419671,250.47,250.00,68,3.00,-0.47
419771,250.46,250.00,67,3.00,-0.46
419871,250.46,250.00,65,3.00,-0.46
419971,250.49,250.00,63,3.00,-0.49
420071,250.51,250.00,63,3.00,-0.51
420171,250.51,250.00,66,3.00,-0.51
420271,250.51,250.00,66,3.00,-0.51
420371,250.52,250.00,64,3.00,-0.52
420471,250.50,250.00,67,3.00,-0.50
420571,250.50,250.00,65,3.00,-0.50
420671,250.49,250.00,67,3.00,-0.49
420771,250.51,250.00,63,3.00,-0.51
420871,250.52,250.00,64,3.00,-0.52
420971,250.50,250.00,67,3.00,-0.50
421071,250.49,250.00,67,3.00,-0.49
421171,250.48,250.00,67,3.00,-0.48
421271,250.48,250.00,65,3.00,-0.48
421371,250.49,250.00,64,3.00,-0.49
421471,250.50,250.00,64,3.00,-0.50
421571,250.50,250.00,65,3.00,-0.50
421671,250.52,250.00,63,3.00,-0.52
421771,250.51,250.00,67,3.00,-0.51
421871,250.49,250.00,67,3.00,-0.49
421971,250.49,250.00,65,3.00,-0.49
422071,250.50,250.00,64,3.00,-0.50
422171,250.48,250.00,68,3.00,-0.48
422271,250.48,250.00,65,3.00,-0.48
422371,250.47,250.00,66,3.00,-0.47
422471,250.48,250.00,64,3.00,-0.48
422571,250.47,250.00,66,3.00,-0.47
422671,250.47,250.00,65,3.00,-0.47
422771,250.46,250.00,66,3.00,-0.46
422871,250.45,250.00,66,3.00,-0.45
422971,250.45,250.00,65,3.00,-0.45
423071,250.46,250.00,65,3.00,-0.46
423171,250.45,250.00,66,3.00,-0.45
423271,250.43,250.00,67,3.00,-0.43
423371,250.42,250.00,66,3.00,-0.42
423471,250.43,250.00,65,3.00,-0.43
423571,250.42,250.00,66,3.00,-0.42
423671,250.41,250.00,66,3.00,-0.41
423771,250.37,250.00,70,3.00,-0.37
423871,250.37,250.00,66,3.00,-0.37
423971,250.38,250.00,64,3.00,-0.38
424071,250.38,250.00,66,3.00,-0.38
424171,250.39,250.00,64,3.00,-0.39
424271,250.39,250.00,66,3.00,-0.39
424371,250.40,250.00,64,3.00,-0.40
424471,250.39,250.00,66,3.00,-0.39
424571,250.40,250.00,64,3.00,-0.40
424671,250.39,250.00,67,3.00,-0.39
424771,250.40,250.00,64,3.00,-0.40
424871,250.38,250.00,67,3.00,-0.38
424971,250.37,250.00,67,3.00,-0.37
425071,250.37,250.00,66,3.00,-0.37
425171,250.36,250.00,67,3.00,-0.36
425271,250.34,250.00,67,3.00,-0.34
425371,250.35,250.00,65,3.00,-0.35
425471,250.35,250.00,65,3.00,-0.35
425571,250.36,250.00,64,3.00,-0.36
425671,250.36,250.00,65,3.00,-0.36
425771,250.35,250.00,67,3.00,-0.35
425871,250.33,250.00,68,3.00,-0.33
425971,250.32,250.00,66,3.00,-0.32
426071,250.31,250.00,66,3.00,-0.31
426171,250.30,250.00,66,3.00,-0.30
426271,250.30,250.00,66,3.00,-0.30
426371,250.32,250.00,64,3.00,-0.32
426471,250.32,250.00,65,3.00,-0.32
426571,250.33,250.00,65,3.00,-0.33
426671,250.34,250.00,64,3.00,-0.34
426771,250.33,250.00,67,3.00,-0.33
426871,250.33,250.00,65,3.00,-0.33
426971,250.31,250.00,68,3.00,-0.31
427071,250.34,250.00,63,3.00,-0.34
427171,250.34,250.00,65,3.00,-0.34
427271,250.33,250.00,67,3.00,-0.33
427371,250.33,250.00,66,3.00,-0.33
427471,250.31,250.00,68,3.00,-0.31
427571,250.30,250.00,66,3.00,-0.30
427671,250.32,250.00,64,3.00,-0.32
427771,250.31,250.00,66,3.00,-0.31
427871,250.29,250.00,68,3.00,-0.29
427971,250.30,250.00,65,3.00,-0.30
428071,250.29,250.00,66,3.00,-0.29
428171,250.29,250.00,66,3.00,-0.29
428271,250.28,250.00,66,3.00,-0.28
428371,250.29,250.00,65,3.00,-0.29
428471,250.30,250.00,65,3.00,-0.30
428571,250.31,250.00,65,3.00,-0.31
428671,250.30,250.00,66,3.00,-0.30
428771,250.31,250.00,65,3.00,-0.31
428871,250.31,250.00,65,3.00,-0.31
428971,250.32,250.00,65,3.00,-0.32
429071,250.30,250.00,67,3.00,-0.30
429171,250.28,250.00,67,3.00,-0.28
429271,250.23,250.00,71,3.00,-0.23
429371,250.24,250.00,64,3.00,-0.24
429471,250.23,250.00,67,3.00,-0.23
429571,250.21,250.00,68,3.00,-0.21
429671,250.22,250.00,64,3.00,-0.22
429771,250.25,250.00,63,3.00,-0.25
429871,250.26,250.00,65,3.00,-0.26
429971,250.25,250.00,67,3.00,-0.25
430071,250.21,250.00,69,3.00,-0.21
430171,250.20,250.00,67,3.00,-0.20
430271,250.21,250.00,65,3.00,-0.21
430371,250.21,250.00,65,3.00,-0.21
430471,250.20,250.00,67,3.00,-0.20
430571,250.21,250.00,65,3.00,-0.21
430671,250.22,250.00,64,3.00,-0.22
430771,250.21,250.00,67,3.00,-0.21
430871,250.21,250.00,66,3.00,-0.21
430971,250.22,250.00,66,3.00,-0.22
431071,250.22,250.00,66,3.00,-0.22
431171,250.20,250.00,68,3.00,-0.20
431271,250.18,250.00,68,3.00,-0.18
431371,250.20,250.00,64,3.00,-0.20
431471,250.19,250.00,67,3.00,-0.19
431571,250.18,250.00,67,3.00,-0.18
431671,250.17,250.00,68,3.00,-0.17
431771,250.15,250.00,68,3.00,-0.15
431871,250.15,250.00,66,3.00,-0.15
431971,250.14,250.00,66,3.00,-0.14
432071,250.14,250.00,66,3.00,-0.14
432171,250.10,250.00,70,3.00,-0.10
432271,250.08,250.00,69,3.00,-0.08
432371,250.08,250.00,67,3.00,-0.08
432471,250.07,250.00,67,3.00,-0.07
432571,250.06,250.00,67,3.00,-0.06
432671,250.08,250.00,65,3.00,-0.08
432771,250.10,250.00,65,3.00,-0.10
432871,250.11,250.00,65,3.00,-0.11
432971,250.15,250.00,62,3.00,-0.15
433071,250.16,250.00,65,3.00,-0.16
433171,250.17,250.00,65,3.00,-0.17
433271,250.17,250.00,65,3.00,-0.17
433371,250.21,250.00,63,3.00,-0.21
433471,250.21,250.00,65,3.00,-0.21
433571,250.22,250.00,64,3.00,-0.22
433671,250.20,250.00,68,3.00,-0.20
433771,250.18,250.00,68,3.00,-0.18
433871,250.18,250.00,67,3.00,-0.18
433971,250.18,250.00,65,3.00,-0.18
434071,250.18,250.00,67,3.00,-0.18
434171,250.17,250.00,66,3.00,-0.17
434271,250.18,250.00,65,3.00,-0.18
434371,250.19,250.00,65,3.00,-0.19
434471,250.14,250.00,70,3.00,-0.14
434571,250.13,250.00,67,3.00,-0.13
434671,250.12,250.00,67,3.00,-0.12
434771,250.13,250.00,65,3.00,-0.13
434871,250.14,250.00,65,3.00,-0.14
434971,250.15,250.00,65,3.00,-0.15
435071,250.15,250.00,66,3.00,-0.15
435171,250.13,250.00,67,3.00,-0.13
435271,250.15,250.00,65,3.00,-0.15
435371,250.13,250.00,67,3.00,-0.13
435471,250.14,250.00,65,3.00,-0.14
435571,250.14,250.00,66,3.00,-0.14
435671,250.14,250.00,66,3.00,-0.14
435771,250.11,250.00,69,3.00,-0.11
435871,250.10,250.00,67,3.00,-0.10
435971,250.10,250.00,66,3.00,-0.10
436071,250.11,250.00,66,3.00,-0.11
436171,250.11,250.00,66,3.00,-0.11
436271,250.10,250.00,67,3.00,-0.10
436371,250.10,250.00,66,3.00,-0.10
436471,250.08,250.00,68,3.00,-0.08
436571,250.07,250.00,67,3.00,-0.07
436671,250.08,250.00,66,3.00,-0.08
436771,250.08,250.00,66,3.00,-0.08
436871,250.07,250.00,67,3.00,-0.07
436971,250.07,250.00,67,3.00,-0.07
437071,250.05,250.00,68,3.00,-0.05
437171,250.04,250.00,67,3.00,-0.04
437271,250.03,250.00,68,3.00,-0.03
437371,250.03,250.00,67,3.00,-0.03
437471,250.01,250.00,68,3.00,-0.01
437571,249.99,250.00,69,3.00,0.01
437671,249.98,250.00,68,3.00,0.02
437771,249.97,250.00,68,3.00,0.03
437871,249.96,250.00,68,3.00,0.04
437971,249.98,250.00,65,3.00,0.02
438071,249.98,250.00,66,3.00,0.02
438171,249.97,250.00,68,3.00,0.03
438271,249.96,250.00,68,3.00,0.04
438371,249.94,250.00,69,3.00,0.06
438471,249.95,250.00,66,3.00,0.05
438571,249.94,250.00,67,3.00,0.06
438671,249.92,250.00,69,3.00,0.08
438771,249.88,250.00,71,3.00,0.12
438871,249.86,250.00,69,3.00,0.14
438971,249.84,250.00,69,3.00,0.16
439071,249.84,250.00,67,3.00,0.16
439171,249.86,250.00,66,3.00,0.14
439271,249.87,250.00,66,3.00,0.13
439371,249.85,250.00,69,3.00,0.15
439471,249.86,250.00,67,3.00,0.14
439571,249.82,250.00,71,3.00,0.18
439671,249.81,250.00,69,3.00,0.19
439771,249.81,250.00,67,3.00,0.19
439871,249.81,250.00,68,3.00,0.19
439971,249.80,250.00,68,3.00,0.20
440071,249.79,250.00,69,3.00,0.21
440171,249.82,250.00,64,3.00,0.18
440271,249.85,250.00,64,3.00,0.15
440371,249.88,250.00,64,3.00,0.12
440471,249.88,250.00,67,3.00,0.12
440571,249.89,250.00,66,3.00,0.11
440671,249.89,250.00,67,3.00,0.11
440771,249.87,250.00,70,3.00,0.13
440871,249.87,250.00,67,3.00,0.13
440971,249.89,250.00,64,3.00,0.11
441071,249.91,250.00,66,3.00,0.09
441171,249.92,250.00,66,3.00,0.08
441271,249.90,250.00,69,3.00,0.10
441371,249.93,250.00,63,3.00,0.07
441471,249.92,250.00,69,3.00,0.08
441571,249.91,250.00,67,3.00,0.09
441671,249.90,250.00,69,3.00,0.10
441771,249.92,250.00,65,3.00,0.08
441871,249.93,250.00,66,3.00,0.07
441971,249.91,250.00,69,3.00,0.09
442071,249.90,250.00,69,3.00,0.10
442171,249.89,250.00,68,3.00,0.11
442271,249.90,250.00,66,3.00,0.10
442371,249.91,250.00,66,3.00,0.09
442471,249.89,250.00,68,3.00,0.11
442571,249.87,250.00,70,3.00,0.13
442671,249.87,250.00,67,3.00,0.13
442771,249.86,250.00,68,3.00,0.14
442871,249.86,250.00,67,3.00,0.14
442971,249.85,250.00,68,3.00,0.15
443071,249.87,250.00,66,3.00,0.13
443171,249.87,250.00,67,3.00,0.13
443271,249.87,250.00,67,3.00,0.13
443371,249.86,250.00,68,3.00,0.14
443471,249.86,250.00,67,3.00,0.14
443571,249.87,250.00,67,3.00,0.13
443671,249.87,250.00,67,3.00,0.13
443771,249.85,250.00,69,3.00,0.15
443871,249.83,250.00,69,3.00,0.17
443971,249.83,250.00,67,3.00,0.17
444071,249.81,250.00,69,3.00,0.19
444171,249.81,250.00,68,3.00,0.19
444271,249.78,250.00,70,3.00,0.22
444371,249.79,250.00,66,3.00,0.21
444471,249.81,250.00,65,3.00,0.19
444571,249.82,250.00,67,3.00,0.18
444671,249.80,250.00,69,3.00,0.20
444771,249.82,250.00,65,3.00,0.18
444871,249.79,250.00,70,3.00,0.21
444971,249.79,250.00,68,3.00,0.21
445071,249.74,250.00,73,3.00,0.26
445171,249.71,250.00,71,3.00,0.29
445271,249.71,250.00,67,3.00,0.29
445371,249.72,250.00,67,3.00,0.28
445471,249.71,250.00,69,3.00,0.29
445571,249.72,250.00,67,3.00,0.28
445671,249.72,250.00,67,3.00,0.28
445771,249.73,250.00,67,3.00,0.27
445871,249.71,250.00,70,3.00,0.29
445971,249.69,250.00,70,3.00,0.31
446071,249.70,250.00,67,3.00,0.30
446171,249.69,250.00,68,3.00,0.31
446271,249.68,250.00,70,3.00,0.32
446371,249.65,250.00,71,3.00,0.35
446471,249.67,250.00,66,3.00,0.33
446571,249.68,250.00,67,3.00,0.32
446671,249.67,250.00,70,3.00,0.33
446771,249.66,250.00,68,3.00,0.34
446871,249.66,250.00,68,3.00,0.34
446971,249.66,250.00,68,3.00,0.34
447071,249.65,250.00,70,3.00,0.35
447171,249.65,250.00,68,3.00,0.35
447271,249.62,250.00,71,3.00,0.38
447371,249.61,250.00,69,3.00,0.39
447471,249.62,250.00,68,3.00,0.38
447571,249.60,250.00,71,3.00,0.40
447671,249.61,250.00,67,3.00,0.39
447771,249.61,250.00,69,3.00,0.39
447871,249.60,250.00,69,3.00,0.40
447971,249.59,250.00,69,3.00,0.41
448071,249.61,250.00,67,3.00,0.39
448171,249.61,250.00,68,3.00,0.39
448271,249.63,250.00,67,3.00,0.37
448371,249.63,250.00,68,3.00,0.37
448471,249.61,250.00,71,3.00,0.39
448571,249.59,250.00,71,3.00,0.41
448671,249.61,250.00,67,3.00,0.39
448771,249.62,250.00,67,3.00,0.38
448871,249.60,250.00,71,3.00,0.40
448971,249.59,250.00,69,3.00,0.41
449071,249.59,250.00,69,3.00,0.41
449171,249.59,250.00,68,3.00,0.41
449271,249.59,250.00,69,3.00,0.41
449371,249.60,250.00,67,3.00,0.40
449471,249.62,250.00,67,3.00,0.38
449571,249.64,250.00,67,3.00,0.36
449671,249.62,250.00,70,3.00,0.38
449771,249.65,250.00,66,3.00,0.35
449871,249.65,250.00,68,3.00,0.35
449971,249.66,250.00,67,3.00,0.34
450071,249.65,250.00,70,3.00,0.35
450171,249.68,250.00,65,3.00,0.32
450271,249.68,250.00,69,3.00,0.32
450371,249.67,250.00,70,3.00,0.33
450471,249.66,250.00,69,3.00,0.34
450571,249.66,250.00,69,3.00,0.34
450671,249.67,250.00,67,3.00,0.33
450771,249.67,250.00,69,3.00,0.33
450871,249.66,250.00,70,3.00,0.34
450971,249.64,250.00,70,3.00,0.36
451071,249.64,250.00,68,3.00,0.36
451171,249.63,250.00,70,3.00,0.37
451271,249.62,250.00,70,3.00,0.38
451371,249.64,250.00,67,3.00,0.36
451471,249.61,250.00,71,3.00,0.39
451571,249.61,250.00,69,3.00,0.39
451671,249.62,250.00,67,3.00,0.38
451771,249.62,250.00,68,3.00,0.38
451871,249.64,250.00,67,3.00,0.36
451971,249.64,250.00,68,3.00,0.36
452071,249.65,250.00,67,3.00,0.35
452171,249.65,250.00,69,3.00,0.35
452271,249.69,250.00,65,3.00,0.31
452371,249.69,250.00,68,3.00,0.31
452471,249.69,250.00,69,3.00,0.31
452571,249.66,250.00,71,3.00,0.34
452671,249.64,250.00,71,3.00,0.36
452771,249.64,250.00,68,3.00,0.36
452871,249.64,250.00,68,3.00,0.36
452971,249.65,250.00,67,3.00,0.35
453071,249.63,250.00,71,3.00,0.37
453171,249.64,250.00,67,3.00,0.36
453271,249.64,250.00,69,3.00,0.36
453371,249.63,250.00,70,3.00,0.37
454124,249.69,250.00,62,3.00,0.31
454801,249.76,250.00,61,3.00,0.24
455478,249.81,250.00,63,3.00,0.19
456155,249.86,250.00,62,3.00,0.14
456832,249.88,250.00,66,3.00,0.12
457509,249.90,250.00,65,3.00,0.10
458186,249.95,250.00,63,3.00,0.05
458863,249.94,250.00,68,3.00,0.06
459540,249.89,250.00,73,3.00,0.11
460217,249.78,250.00,79,3.00,0.22
460894,249.65,250.00,82,3.00,0.35
461571,249.52,250.00,82,3.00,0.48
462248,249.37,250.00,85,3.00,0.63
462925,249.14,250.00,93,3.00,0.86
463602,248.92,250.00,93,3.00,1.08
464279,248.62,250.00,100,3.00,1.38
464956,248.27,250.00,100,3.00,1.73
465633,247.91,250.00,100,3.00,2.09
466310,247.49,250.00,100,3.00,2.51
466987,247.03,250.00,100,3.00,2.97
467664,246.59,250.00,100,3.00,3.41
468341,246.08,250.00,100,3.00,3.92
469018,245.52,250.00,100,3.00,4.48
469695,244.96,250.00,100,3.00,5.04
470372,244.38,250.00,100,3.00,5.62
471049,243.75,250.00,100,3.00,6.25
471726,243.17,250.00,100,3.00,6.83
472403,242.49,250.00,100,3.00,7.51
473080,241.83,250.00,100,3.00,8.17
473757,241.11,250.00,100,3.00,8.89
474434,240.41,250.00,100,3.00,9.59
475111,239.72,250.00,100,3.00,10.28
475788,238.98,250.00,100,3.00,11.02
476465,238.24,250.00,100,3.00,11.76
477142,237.47,250.00,100,3.00,12.53
477819,236.69,250.00,100,3.00,13.31
478496,235.91,250.00,100,3.00,14.09
479173,235.12,250.00,100,3.00,14.88
479850,234.35,250.00,100,3.00,15.65
480527,233.55,250.00,100,3.00,16.45
481204,232.73,250.00,100,3.00,17.27
481881,231.91,250.00,100,3.00,18.09
482558,231.15,250.00,100,3.00,18.85
483235,230.34,250.00,100,3.00,19.66
483912,229.54,250.00,100,3.00,20.46
484589,228.75,250.00,100,3.00,21.25
485266,227.95,250.00,100,3.00,22.05
485943,227.16,250.00,100,3.00,22.84
486620,226.37,250.00,100,3.00,23.63
487297,225.58,250.00,100,3.00,24.42
487974,224.79,250.00,100,3.00,25.21
488651,224.00,250.00,100,3.00,26.00
489328,223.23,250.00,100,3.00,26.77
490005,222.48,250.00,100,3.00,27.52
490682,221.72,250.00,100,3.00,28.28
491359,220.94,250.00,100,3.00,29.06
492036,220.16,250.00,100,3.00,29.84
492713,219.41,250.00,100,3.00,30.59
493390,218.67,250.00,100,3.00,31.33
494067,217.94,250.00,100,3.00,32.06
494744,217.21,250.00,100,3.00,32.79
495421,216.48,250.00,100,3.00,33.52
496098,215.76,250.00,100,3.00,34.24
496775,215.07,250.00,100,3.00,34.93
497452,214.37,250.00,100,3.00,35.63
498129,213.66,250.00,100,3.00,36.34
498806,212.96,250.00,100,3.00,37.04
499483,212.29,250.00,100,3.00,37.71
500160,211.62,250.00,100,3.00,38.38
500837,210.93,250.00,100,3.00,39.07
501514,210.24,250.00,100,3.00,39.76
502191,209.55,250.00,100,3.00,40.45
502868,208.88,250.00,100,3.00,41.12
503545,208.22,250.00,100,3.00,41.78
504222,207.55,250.00,100,3.00,42.45
504899,206.92,250.00,100,3.00,43.08
505576,206.26,250.00,100,3.00,43.74
506253,205.63,250.00,100,3.00,44.37
506930,204.99,250.00,100,3.00,45.01
507607,204.34,250.00,100,3.00,45.66
508284,203.71,250.00,100,3.00,46.29
508961,203.07,250.00,100,3.00,46.93
509638,202.44,250.00,100,3.00,47.56
510315,201.80,250.00,100,3.00,48.20
510992,201.17,250.00,100,3.00,48.83
