Time_ms,Temp_C,Setpoint_C,Heater_Duty,Speed_mm_s,Error_C
67971,147.63,250.00,80,3.00,102.37
68071,147.78,250.00,80,3.00,102.22
68171,147.92,250.00,80,3.00,102.08
68271,148.08,250.00,80,3.00,101.92
68371,148.23,250.00,80,3.00,101.77
68471,148.37,250.00,80,3.00,101.63
68571,148.51,250.00,80,3.00,101.49
68671,148.65,250.00,80,3.00,101.35
68771,148.81,250.00,79,3.00,101.19
68871,148.95,250.00,79,3.00,101.05
68971,149.07,250.00,79,3.00,100.93
69071,149.23,250.00,79,3.00,100.77
69171,149.35,250.00,79,3.00,100.65
69271,149.49,250.00,79,3.00,100.51
69371,149.63,250.00,79,3.00,100.37
69471,149.78,250.00,79,3.00,100.22
69571,149.91,250.00,79,3.00,100.09
69671,150.04,250.00,79,3.00,99.96
69771,150.17,250.00,78,3.00,99.83
69871,150.32,250.00,78,3.00,99.68
69971,150.46,250.00,78,3.00,99.54
70071,150.61,250.00,78,3.00,99.39
70171,150.75,250.00,78,3.00,99.25
70271,150.87,250.00,78,3.00,99.13
70371,151.01,250.00,78,3.00,98.99
70471,151.15,250.00,78,3.00,98.85
70571,151.28,250.00,78,3.00,98.72
70671,151.40,250.00,77,3.00,98.60
70771,151.53,250.00,77,3.00,98.47
70871,151.68,250.00,77,3.00,98.32
70971,151.82,250.00,77,3.00,98.18
71071,151.96,250.00,77,3.00,98.04
71171,152.11,250.00,77,3.00,97.89
71271,152.24,250.00,77,3.00,97.76
71371,152.37,250.00,77,3.00,97.63
71471,152.50,250.00,77,3.00,97.50
71571,152.64,250.00,76,3.00,97.36
71671,152.78,250.00,76,3.00,97.22
71771,152.90,250.00,76,3.00,97.10
71871,153.03,250.00,76,3.00,96.97
71971,153.17,250.00,76,3.00,96.83
72071,153.30,250.00,76,3.00,96.70
72171,153.45,250.00,76,3.00,96.55
72271,153.58,250.00,76,3.00,96.42
72371,153.70,250.00,76,3.00,96.30
72471,150.63,250.00,100,3.00,99.37
72571,147.87,250.00,100,3.00,102.13
72671,145.40,250.00,100,3.00,104.60
72771,143.20,250.00,100,3.00,106.80
72871,141.21,250.00,100,3.00,108.79
72971,139.42,250.00,100,3.00,110.58
73071,137.82,250.00,100,3.00,112.18
73171,136.40,250.00,100,3.00,113.60
73271,135.12,250.00,100,3.00,114.88
73371,133.97,250.00,100,3.00,116.03
73471,132.95,250.00,100,3.00,117.05
73571,132.04,250.00,100,3.00,117.96
73671,131.24,250.00,100,3.00,118.76
73771,130.51,250.00,100,3.00,119.49
73871,129.86,250.00,100,3.00,120.14
73971,129.30,250.00,100,3.00,120.70
74071,128.80,250.00,100,3.00,121.20
74171,128.35,250.00,100,3.00,121.65
74271,127.96,250.00,100,3.00,122.04
74371,127.61,250.00,100,3.00,122.39
74471,127.31,250.00,100,3.00,122.69
74571,127.05,250.00,100,3.00,122.95
74671,126.82,250.00,100,3.00,123.18
74771,126.62,250.00,100,3.00,123.38
74871,126.46,250.00,100,3.00,123.54
74971,126.31,250.00,99,3.00,123.69
75071,126.20,250.00,99,3.00,123.80
75171,126.11,250.00,99,3.00,123.89
75271,126.04,250.00,99,3.00,123.96
75371,125.98,250.00,99,3.00,124.02
75471,125.93,250.00,99,3.00,124.07
75571,125.88,250.00,99,3.00,124.12
75671,125.86,250.00,99,3.00,124.14
75771,125.86,250.00,99,3.00,124.14
75871,125.85,250.00,99,3.00,124.15
75971,125.87,250.00,99,3.00,124.13
76071,125.87,250.00,99,3.00,124.13
76171,125.90,250.00,99,3.00,124.10
76271,125.92,250.00,99,3.00,124.08
76371,125.96,250.00,98,3.00,124.04
76471,125.99,250.00,98,3.00,124.01
76571,126.03,250.00,98,3.00,123.97
76671,126.08,250.00,98,3.00,123.92
76771,126.13,250.00,98,3.00,123.87
76871,126.17,250.00,98,3.00,123.83
76971,126.24,250.00,98,3.00,123.76
77071,126.30,250.00,98,3.00,123.70
77171,126.36,250.00,98,3.00,123.64
77271,126.43,250.00,98,3.00,123.57
77371,126.49,250.00,98,3.00,123.51
77471,126.56,250.00,98,3.00,123.44
77571,126.62,250.00,98,3.00,123.38
77671,126.68,250.00,98,3.00,123.32
77771,126.74,250.00,98,3.00,123.26
77871,126.81,250.00,98,3.00,123.19
77971,126.88,250.00,98,3.00,123.12
78071,126.95,250.00,97,3.00,123.05
78171,127.03,250.00,97,3.00,122.97
78271,127.12,250.00,97,3.00,122.88
78371,127.20,250.00,97,3.00,122.80
78471,127.29,250.00,97,3.00,122.71
78571,127.37,250.00,97,3.00,122.63
78671,127.45,250.00,97,3.00,122.55
78771,127.54,250.00,97,3.00,122.46
78871,127.62,250.00,97,3.00,122.38
78971,127.70,250.00,97,3.00,122.30
79071,127.77,250.00,97,3.00,122.23
79171,127.86,250.00,97,3.00,122.14
79271,127.95,250.00,97,3.00,122.05
79371,128.04,250.00,96,3.00,121.96
79471,128.12,250.00,96,3.00,121.88
79571,128.21,250.00,96,3.00,121.79
79671,128.30,250.00,96,3.00,121.70
79771,128.38,250.00,96,3.00,121.62
79871,128.46,250.00,96,3.00,121.54
79971,128.55,250.00,96,3.00,121.45
80071,128.64,250.00,96,3.00,121.36
80171,128.74,250.00,96,3.00,121.26
80271,128.82,250.00,96,3.00,121.18
80371,128.91,250.00,96,3.00,121.09
80471,128.99,250.00,96,3.00,121.01
80571,129.09,250.00,96,3.00,120.91
80671,129.18,250.00,96,3.00,120.82
80771,129.26,250.00,96,3.00,120.74
80871,129.35,250.00,95,3.00,120.65
80971,129.44,250.00,95,3.00,120.56
81071,129.52,250.00,95,3.00,120.48
81171,129.62,250.00,95,3.00,120.38
81271,129.71,250.00,95,3.00,120.29
81371,129.79,250.00,95,3.00,120.21
81471,129.90,250.00,95,3.00,120.10
81571,129.99,250.00,95,3.00,120.01
81671,130.09,250.00,95,3.00,119.91
81771,130.18,250.00,95,3.00,119.82
81871,130.26,250.00,95,3.00,119.74
81971,130.36,250.00,94,3.00,119.64
82071,130.45,250.00,94,3.00,119.55
82171,130.57,250.00,94,3.00,119.43
82271,130.68,250.00,94,3.00,119.32
82371,130.77,250.00,94,3.00,119.23
82471,130.87,250.00,94,3.00,119.13
82571,130.93,250.00,94,3.00,119.07
82671,131.03,250.00,94,3.00,118.97
82771,131.13,250.00,94,3.00,118.87
82871,131.21,250.00,94,3.00,118.79
82971,131.31,250.00,94,3.00,118.69
83071,131.42,250.00,94,3.00,118.58
83171,131.51,250.00,94,3.00,118.49
83271,131.60,250.00,94,3.00,118.40
83371,131.70,250.00,93,3.00,118.30
83471,131.79,250.00,93,3.00,118.21
83571,131.90,250.00,93,3.00,118.10
83671,131.99,250.00,93,3.00,118.01
83771,132.09,250.00,93,3.00,117.91
83871,132.19,250.00,93,3.00,117.81
83971,132.27,250.00,93,3.00,117.73
84071,132.37,250.00,93,3.00,117.63
84171,132.47,250.00,93,3.00,117.53
84271,132.57,250.00,93,3.00,117.43
84371,132.66,250.00,93,3.00,117.34
84471,132.74,250.00,93,3.00,117.26
84571,132.84,250.00,93,3.00,117.16
84671,132.94,250.00,92,3.00,117.06
84771,133.04,250.00,92,3.00,116.96
84871,133.14,250.00,92,3.00,116.86
84971,133.22,250.00,92,3.00,116.78
85071,133.32,250.00,92,3.00,116.68
85171,133.44,250.00,92,3.00,116.56
85271,133.53,250.00,92,3.00,116.47
85371,133.63,250.00,92,3.00,116.37
85471,133.73,250.00,92,3.00,116.27
85571,133.82,250.00,92,3.00,116.18
85671,133.91,250.00,92,3.00,116.09
85771,134.00,250.00,92,3.00,116.00
85871,134.10,250.00,92,3.00,115.90
85971,134.18,250.00,92,3.00,115.82
86071,134.27,250.00,91,3.00,115.73
86171,134.38,250.00,91,3.00,115.62
86271,134.49,250.00,91,3.00,115.51
86371,134.61,250.00,91,3.00,115.39
86471,134.71,250.00,91,3.00,115.29
86571,134.81,250.00,91,3.00,115.19
86671,134.91,250.00,91,3.00,115.09
86771,135.01,250.00,91,3.00,114.99
86871,135.11,250.00,91,3.00,114.89
86971,135.21,250.00,91,3.00,114.79
87071,135.30,250.00,91,3.00,114.70
87171,135.40,250.00,91,3.00,114.60
87271,135.49,250.00,90,3.00,114.51
87371,135.58,250.00,90,3.00,114.42
87471,135.67,250.00,90,3.00,114.33
87571,135.76,250.00,90,3.00,114.24
87671,135.85,250.00,90,3.00,114.15
87771,135.96,250.00,90,3.00,114.04
87871,136.06,250.00,90,3.00,113.94
87971,136.17,250.00,90,3.00,113.83
88071,136.28,250.00,90,3.00,113.72
88171,136.35,250.00,90,3.00,113.65
88271,136.44,250.00,90,3.00,113.56
88371,136.52,250.00,90,3.00,113.48
88471,136.64,250.00,89,3.00,113.36
88571,136.75,250.00,89,3.00,113.25
88671,136.85,250.00,89,3.00,113.15
88771,136.95,250.00,89,3.00,113.05
88871,137.06,250.00,89,3.00,112.94
88971,137.16,250.00,89,3.00,112.84
89071,137.24,250.00,89,3.00,112.76
89171,137.33,250.00,89,3.00,112.67
89271,137.41,250.00,89,3.00,112.59
89371,137.50,250.00,89,3.00,112.50
89471,137.57,250.00,89,3.00,112.43
89571,137.66,250.00,89,3.00,112.34
89671,137.76,250.00,89,3.00,112.24
89771,137.86,250.00,88,3.00,112.14
89871,137.96,250.00,88,3.00,112.04
89971,138.05,250.00,88,3.00,111.95
90071,138.17,250.00,88,3.00,111.83
90171,138.25,250.00,88,3.00,111.75
90271,138.33,250.00,88,3.00,111.67
90371,138.43,250.00,88,3.00,111.57
90471,138.53,250.00,88,3.00,111.47
90571,138.62,250.00,88,3.00,111.38
90671,138.74,250.00,88,3.00,111.26
90771,138.83,250.00,88,3.00,111.17
90871,138.93,250.00,88,3.00,111.07
90971,139.02,250.00,88,3.00,110.98
91071,139.12,250.00,87,3.00,110.88
91171,139.21,250.00,87,3.00,110.79
91271,139.29,250.00,87,3.00,110.71
91371,139.38,250.00,87,3.00,110.62
91471,139.48,250.00,87,3.00,110.52
91571,139.57,250.00,87,3.00,110.43
91671,139.65,250.00,87,3.00,110.35
91771,139.76,250.00,87,3.00,110.24
91871,139.87,250.00,87,3.00,110.13
91971,139.99,250.00,87,3.00,110.01
92071,140.09,250.00,87,3.00,109.91
92171,140.18,250.00,87,3.00,109.82
92271,140.27,250.00,87,3.00,109.73
92371,140.35,250.00,87,3.00,109.65
92471,140.45,250.00,86,3.00,109.55
92571,140.55,250.00,86,3.00,109.45
92671,140.65,250.00,86,3.00,109.35
92771,140.76,250.00,86,3.00,109.24
92871,140.84,250.00,86,3.00,109.16
92971,140.94,250.00,86,3.00,109.06
93071,141.02,250.00,86,3.00,108.98
93171,141.13,250.00,86,3.00,108.87
93271,141.20,250.00,86,3.00,108.80
93371,141.28,250.00,86,3.00,108.72
93471,141.37,250.00,86,3.00,108.63
93571,141.47,250.00,86,3.00,108.53
93671,141.55,250.00,86,3.00,108.45
93771,141.66,250.00,85,3.00,108.34
93871,141.74,250.00,86,3.00,108.26
93971,141.84,250.00,85,3.00,108.16
94071,141.95,250.00,85,3.00,108.05
94171,142.04,250.00,85,3.00,107.96
94271,142.13,250.00,85,3.00,107.87
94371,142.24,250.00,85,3.00,107.76
94471,142.35,250.00,85,3.00,107.65
94571,142.43,250.00,85,3.00,107.57
94671,142.53,250.00,85,3.00,107.47
94771,142.61,250.00,85,3.00,107.39
94871,142.71,250.00,85,3.00,107.29
94971,142.78,250.00,85,3.00,107.22
95071,142.88,250.00,84,3.00,107.12
95171,142.99,250.00,84,3.00,107.01
95271,143.09,250.00,84,3.00,106.91
95371,143.19,250.00,84,3.00,106.81
95471,143.29,250.00,84,3.00,106.71
95571,143.41,250.00,84,3.00,106.59
95671,143.51,250.00,84,3.00,106.49
95771,143.61,250.00,84,3.00,106.39
95871,143.70,250.00,84,3.00,106.30
95971,143.80,250.00,84,3.00,106.20
96071,143.90,250.00,84,3.00,106.10
96171,143.99,250.00,84,3.00,106.01
96271,144.08,250.00,84,3.00,105.92
96371,144.17,250.00,83,3.00,105.83
96471,144.25,250.00,84,3.00,105.75
96571,144.33,250.00,83,3.00,105.67
96671,144.43,250.00,83,3.00,105.57
96771,144.53,250.00,83,3.00,105.47
96871,144.62,250.00,83,3.00,105.38
96971,144.70,250.00,83,3.00,105.30
97071,144.79,250.00,83,3.00,105.21
97171,144.88,250.00,83,3.00,105.12
97271,144.97,250.00,83,3.00,105.03
97371,145.06,250.00,83,3.00,104.94
97471,145.15,250.00,83,3.00,104.85
97571,145.23,250.00,83,3.00,104.77
97671,145.33,250.00,83,3.00,104.67
97771,145.42,250.00,83,3.00,104.58
97871,145.51,250.00,83,3.00,104.49
97971,145.59,250.00,82,3.00,104.41
98071,145.67,250.00,82,3.00,104.33
98171,145.76,250.00,82,3.00,104.24
98271,145.85,250.00,82,3.00,104.15
98371,145.93,250.00,82,3.00,104.07
98471,146.02,250.00,82,3.00,103.98
98571,146.11,250.00,82,3.00,103.89
98671,146.22,250.00,82,3.00,103.78
98771,146.31,250.00,82,3.00,103.69
98871,146.40,250.00,82,3.00,103.60
98971,146.48,250.00,82,3.00,103.52
99071,146.56,250.00,82,3.00,103.44
99171,146.64,250.00,82,3.00,103.36
99271,146.73,250.00,82,3.00,103.27
99371,146.80,250.00,82,3.00,103.20
99471,146.88,250.00,81,3.00,103.12
99571,146.96,250.00,81,3.00,103.04
99671,147.04,250.00,81,3.00,102.96
99771,147.13,250.00,81,3.00,102.87
99871,147.23,250.00,81,3.00,102.77
99971,147.33,250.00,81,3.00,102.67
100071,147.41,250.00,81,3.00,102.59
100171,147.49,250.00,81,3.00,102.51
100271,147.58,250.00,81,3.00,102.42
100371,147.67,250.00,81,3.00,102.33
100471,147.75,250.00,81,3.00,102.25
100571,147.83,250.00,81,3.00,102.17
100671,147.94,250.00,80,3.00,102.06
100771,148.04,250.00,80,3.00,101.96
100871,148.12,250.00,80,3.00,101.88
100971,148.21,250.00,80,3.00,101.79
101071,148.28,250.00,80,3.00,101.72
101171,148.36,250.00,80,3.00,101.64
101271,148.44,250.00,80,3.00,101.56
101371,148.53,250.00,80,3.00,101.47
101471,148.62,250.00,80,3.00,101.38
101571,148.71,250.00,80,3.00,101.29
101671,148.78,250.00,80,3.00,101.22
101771,148.83,250.00,80,3.00,101.17
101871,148.93,250.00,80,3.00,101.07
101971,149.02,250.00,80,3.00,100.98
102071,149.09,250.00,80,3.00,100.91
102171,149.17,250.00,80,3.00,100.83
102271,149.24,250.00,80,3.00,100.76
102371,149.34,250.00,79,3.00,100.66
102471,149.42,250.00,79,3.00,100.58
102571,149.48,250.00,80,3.00,100.52
102671,149.55,250.00,79,3.00,100.45
102771,149.61,250.00,79,3.00,100.39
102871,149.68,250.00,79,3.00,100.32
102971,149.76,250.00,79,3.00,100.24
103071,149.84,250.00,79,3.00,100.16
103171,149.91,250.00,79,3.00,100.09
103271,149.97,250.00,79,3.00,100.03
103371,150.03,250.00,79,3.00,99.97
103471,150.12,250.00,79,3.00,99.88
103571,150.21,250.00,79,3.00,99.79
103671,150.31,250.00,79,3.00,99.69
103771,150.37,250.00,79,3.00,99.63
103871,150.43,250.00,79,3.00,99.57
103971,150.51,250.00,79,3.00,99.49
104071,150.60,250.00,78,3.00,99.40
104171,150.68,250.00,78,3.00,99.32
104271,150.75,250.00,78,3.00,99.25
104371,150.82,250.00,78,3.00,99.18
104471,150.91,250.00,78,3.00,99.09
104571,151.00,250.00,78,3.00,99.00
104671,151.07,250.00,78,3.00,98.93
104771,151.17,250.00,78,3.00,98.83
104871,151.24,250.00,78,3.00,98.76
104971,151.32,250.00,78,3.00,98.68
105071,151.40,250.00,78,3.00,98.60
105171,151.48,250.00,78,3.00,98.52
105271,151.55,250.00,78,3.00,98.45
105371,151.61,250.00,78,3.00,98.39
105471,151.68,250.00,78,3.00,98.32
105571,151.77,250.00,77,3.00,98.23
105671,151.84,250.00,78,3.00,98.16
105771,151.95,250.00,77,3.00,98.05
105871,152.01,250.00,77,3.00,97.99
105971,152.06,250.00,77,3.00,97.94
106071,152.14,250.00,77,3.00,97.86
106171,152.24,250.00,77,3.00,97.76
106271,152.30,250.00,77,3.00,97.70
106371,152.37,250.00,77,3.00,97.63
106471,152.43,250.00,77,3.00,97.57
106571,152.51,250.00,77,3.00,97.49
106671,152.59,250.00,77,3.00,97.41
106771,152.65,250.00,77,3.00,97.35
106871,152.74,250.00,77,3.00,97.26
106971,152.81,250.00,77,3.00,97.19
107071,152.87,250.00,77,3.00,97.13
107171,152.95,250.00,77,3.00,97.05
107271,153.04,250.00,76,3.00,96.96
107371,153.11,250.00,76,3.00,96.89
107471,153.16,250.00,77,3.00,96.84
107571,153.23,250.00,76,3.00,96.77
107671,153.32,250.00,76,3.00,96.68
107771,153.40,250.00,76,3.00,96.60
107871,153.49,250.00,76,3.00,96.51
107971,153.55,250.00,76,3.00,96.45
108071,153.60,250.00,76,3.00,96.40
108171,153.67,250.00,76,3.00,96.33
108271,153.75,250.00,76,3.00,96.25
108371,153.81,250.00,76,3.00,96.19
108471,153.87,250.00,76,3.00,96.13
108571,153.93,250.00,76,3.00,96.07
108671,154.00,250.00,76,3.00,96.00
108771,154.08,250.00,76,3.00,95.92
108871,154.13,250.00,76,3.00,95.87
108971,154.23,250.00,75,3.00,95.77
109071,154.29,250.00,76,3.00,95.71
109171,154.36,250.00,76,3.00,95.64
109271,154.42,250.00,76,3.00,95.58
109371,154.49,250.00,75,3.00,95.51
109471,154.56,250.00,75,3.00,95.44
109571,154.59,250.00,76,3.00,95.41
109671,154.65,250.00,75,3.00,95.35
109771,154.73,250.00,75,3.00,95.27
109871,154.81,250.00,75,3.00,95.19
109971,154.91,250.00,75,3.00,95.09
110071,154.97,250.00,75,3.00,95.03
110171,155.02,250.00,75,3.00,94.98
110271,155.09,250.00,75,3.00,94.91
110371,155.16,250.00,75,3.00,94.84
110471,155.21,250.00,75,3.00,94.79
110571,155.28,250.00,75,3.00,94.72
110671,155.34,250.00,75,3.00,94.66
110771,155.41,250.00,75,3.00,94.59
110871,155.47,250.00,75,3.00,94.53
110971,155.53,250.00,75,3.00,94.47
111071,155.62,250.00,74,3.00,94.38
111171,155.68,250.00,74,3.00,94.32
111271,155.75,250.00,74,3.00,94.25
111371,155.82,250.00,74,3.00,94.18
111471,155.88,250.00,74,3.00,94.12
111571,155.93,250.00,74,3.00,94.07
111671,155.98,250.00,74,3.00,94.02
111771,156.03,250.00,74,3.00,93.97
111871,156.11,250.00,74,3.00,93.89
111971,156.17,250.00,74,3.00,93.83
112071,156.25,250.00,74,3.00,93.75
112171,156.30,250.00,74,3.00,93.70
112271,156.35,250.00,74,3.00,93.65
112371,156.42,250.00,74,3.00,93.58
112471,156.51,250.00,74,3.00,93.49
112571,156.56,250.00,74,3.00,93.44
112671,156.60,250.00,74,3.00,93.40
112771,156.65,250.00,74,3.00,93.35
112871,156.71,250.00,74,3.00,93.29
112971,156.79,250.00,74,3.00,93.21
113071,156.85,250.00,74,3.00,93.15
113171,156.93,250.00,73,3.00,93.07
113271,156.99,250.00,73,3.00,93.01
113371,157.06,250.00,73,3.00,92.94
113471,157.12,250.00,73,3.00,92.88
113571,157.19,250.00,73,3.00,92.81
113671,157.26,250.00,73,3.00,92.74
113771,157.30,250.00,73,3.00,92.70
113871,157.35,250.00,73,3.00,92.65
113971,157.43,250.00,73,3.00,92.57
114071,157.50,250.00,73,3.00,92.50
114171,157.59,250.00,73,3.00,92.41
114271,157.64,250.00,73,3.00,92.36
114371,157.68,250.00,73,3.00,92.32
114471,157.76,250.00,73,3.00,92.24
114571,157.85,250.00,73,3.00,92.15
114671,157.91,250.00,73,3.00,92.09
114771,157.96,250.00,73,3.00,92.04
114871,158.01,250.00,73,3.00,91.99
114971,158.08,250.00,73,3.00,91.92
115071,158.16,250.00,72,3.00,91.84
115171,158.21,250.00,73,3.00,91.79
115271,158.30,250.00,72,3.00,91.70
115371,158.34,250.00,73,3.00,91.66
115471,158.40,250.00,72,3.00,91.60
115571,158.44,250.00,72,3.00,91.56
115671,158.49,250.00,72,3.00,91.51
115771,158.56,250.00,72,3.00,91.44
115871,158.60,250.00,72,3.00,91.40
115971,158.66,250.00,72,3.00,91.34
116071,158.73,250.00,72,3.00,91.27
116171,158.81,250.00,72,3.00,91.19
116271,158.91,250.00,72,3.00,91.09
116371,158.98,250.00,72,3.00,91.02
116471,159.02,250.00,72,3.00,90.98
116571,159.09,250.00,72,3.00,90.91
116671,159.17,250.00,72,3.00,90.83
116771,159.22,250.00,72,3.00,90.78
116871,159.25,250.00,72,3.00,90.75
116971,159.30,250.00,72,3.00,90.70
117071,159.36,250.00,72,3.00,90.64
117171,159.42,250.00,72,3.00,90.58
117271,159.47,250.00,72,3.00,90.53
117371,159.56,250.00,71,3.00,90.44
117471,159.61,250.00,71,3.00,90.39
117571,159.66,250.00,71,3.00,90.34
117671,159.71,250.00,71,3.00,90.29
117771,159.76,250.00,71,3.00,90.24
117871,159.82,250.00,71,3.00,90.18
117971,159.85,250.00,71,3.00,90.15
118071,159.90,250.00,71,3.00,90.10
118171,159.97,250.00,71,3.00,90.03
118271,160.03,250.00,71,3.00,89.97
118371,160.12,250.00,71,3.00,89.88
118471,160.16,250.00,71,3.00,89.84
118571,160.20,250.00,71,3.00,89.80
118671,160.25,250.00,71,3.00,89.75
118771,160.33,250.00,71,3.00,89.67
118871,160.37,250.00,71,3.00,89.63
118971,160.40,250.00,71,3.00,89.60
119071,160.45,250.00,71,3.00,89.55
119171,160.50,250.00,71,3.00,89.50
119271,160.57,250.00,71,3.00,89.43
119371,160.61,250.00,71,3.00,89.39
119471,160.70,250.00,70,3.00,89.30
119571,160.73,250.00,71,3.00,89.27
119671,160.78,250.00,71,3.00,89.22
119771,160.84,250.00,70,3.00,89.16
119871,160.91,250.00,70,3.00,89.09
119971,160.97,250.00,70,3.00,89.03
120071,161.00,250.00,70,3.00,89.00
120171,161.05,250.00,70,3.00,88.95
120271,161.12,250.00,70,3.00,88.88
120371,161.17,250.00,70,3.00,88.83
120471,161.25,250.00,70,3.00,88.75
120571,161.29,250.00,70,3.00,88.71
120671,161.33,250.00,70,3.00,88.67
120771,161.40,250.00,70,3.00,88.60
120871,161.47,250.00,70,3.00,88.53
120971,161.52,250.00,70,3.00,88.48
121071,161.56,250.00,70,3.00,88.44
121171,161.61,250.00,70,3.00,88.39
121271,161.66,250.00,70,3.00,88.34
121371,161.73,250.00,70,3.00,88.27
121471,161.77,250.00,70,3.00,88.23
121571,161.83,250.00,70,3.00,88.17
121671,161.87,250.00,70,3.00,88.13
121771,161.91,250.00,70,3.00,88.09
121871,161.95,250.00,70,3.00,88.05
121971,162.02,250.00,69,3.00,87.98
122071,162.07,250.00,69,3.00,87.93
122171,162.12,250.00,69,3.00,87.88
122271,162.20,250.00,69,3.00,87.80
122371,162.27,250.00,69,3.00,87.73
122471,162.34,250.00,69,3.00,87.66
122571,162.38,250.00,69,3.00,87.62
122671,162.41,250.00,69,3.00,87.59
122771,162.46,250.00,69,3.00,87.54
122871,162.52,250.00,69,3.00,87.48
122971,162.56,250.00,69,3.00,87.44
123071,162.61,250.00,69,3.00,87.39
123171,162.66,250.00,69,3.00,87.34
123271,162.69,250.00,69,3.00,87.31
123371,162.74,250.00,69,3.00,87.26
123471,162.78,250.00,69,3.00,87.22
123571,162.83,250.00,69,3.00,87.17
123671,162.90,250.00,69,3.00,87.10
123771,162.96,250.00,69,3.00,87.04
123871,163.02,250.00,69,3.00,86.98
123971,163.08,250.00,69,3.00,86.92
124071,163.12,250.00,69,3.00,86.88
124171,163.17,250.00,69,3.00,86.83
124271,163.21,250.00,69,3.00,86.79
124371,163.25,250.00,69,3.00,86.75
124471,163.33,250.00,68,3.00,86.67
124571,163.37,250.00,68,3.00,86.63
124671,163.44,250.00,68,3.00,86.56
124771,163.48,250.00,68,3.00,86.52
124871,163.51,250.00,68,3.00,86.49
124971,163.58,250.00,68,3.00,86.42
125071,163.61,250.00,68,3.00,86.39
125171,163.67,250.00,68,3.00,86.33
125271,163.70,250.00,68,3.00,86.30
125371,163.75,250.00,68,3.00,86.25
125471,163.80,250.00,68,3.00,86.20
125571,163.86,250.00,68,3.00,86.14
125671,163.88,250.00,68,3.00,86.12
125771,163.93,250.00,68,3.00,86.07
125871,164.01,250.00,68,3.00,85.99
125971,164.06,250.00,68,3.00,85.94
126071,164.14,250.00,68,3.00,85.86
126171,164.21,250.00,68,3.00,85.79
126271,164.26,250.00,68,3.00,85.74
126371,164.33,250.00,68,3.00,85.67
126471,164.36,250.00,68,3.00,85.64
126571,164.42,250.00,68,3.00,85.58
126671,164.45,250.00,68,3.00,85.55
126771,164.49,250.00,68,3.00,85.51
126871,164.54,250.00,68,3.00,85.46
126971,164.61,250.00,67,3.00,85.39
127071,164.68,250.00,67,3.00,85.32
127171,164.70,250.00,68,3.00,85.30
127271,164.75,250.00,67,3.00,85.25
127371,164.80,250.00,67,3.00,85.20
127471,164.85,250.00,67,3.00,85.15
127571,164.91,250.00,67,3.00,85.09
127671,164.96,250.00,67,3.00,85.04
127771,164.97,250.00,67,3.00,85.03
127871,165.02,250.00,67,3.00,84.98
127971,165.11,250.00,67,3.00,84.89
128071,165.17,250.00,67,3.00,84.83
128171,165.23,250.00,67,3.00,84.77
128271,165.28,250.00,67,3.00,84.72
128371,165.33,250.00,67,3.00,84.67
128471,165.37,250.00,67,3.00,84.63
128571,165.39,250.00,67,3.00,84.61
128671,165.44,250.00,67,3.00,84.56
128771,165.47,250.00,67,3.00,84.53
128871,165.54,250.00,67,3.00,84.46
128971,165.60,250.00,67,3.00,84.40
129071,165.65,250.00,67,3.00,84.35
129171,165.71,250.00,67,3.00,84.29
129271,165.71,250.00,67,3.00,84.29
129371,165.77,250.00,66,3.00,84.23
129471,165.79,250.00,67,3.00,84.21
129571,165.86,250.00,66,3.00,84.14
129671,165.88,250.00,67,3.00,84.12
129771,165.91,250.00,67,3.00,84.09
129871,165.95,250.00,66,3.00,84.05
129971,165.98,250.00,67,3.00,84.02
130071,166.01,250.00,67,3.00,83.99
130171,166.05,250.00,66,3.00,83.95
130271,166.12,250.00,66,3.00,83.88
130371,166.16,250.00,66,3.00,83.84
130471,166.21,250.00,66,3.00,83.79
130571,166.22,250.00,66,3.00,83.78
130671,166.26,250.00,66,3.00,83.74
130771,166.32,250.00,66,3.00,83.68
130871,166.39,250.00,66,3.00,83.61
130971,166.41,250.00,66,3.00,83.59
131071,166.47,250.00,66,3.00,83.53
131171,166.51,250.00,66,3.00,83.49
131271,166.57,250.00,66,3.00,83.43
131371,166.58,250.00,66,3.00,83.42
131471,166.62,250.00,66,3.00,83.38
131571,166.64,250.00,66,3.00,83.36
131671,166.68,250.00,66,3.00,83.32
131771,166.71,250.00,66,3.00,83.29
131871,166.76,250.00,66,3.00,83.24
131971,166.80,250.00,66,3.00,83.20
132071,166.86,250.00,66,3.00,83.14
132171,166.94,250.00,65,3.00,83.06
132271,167.04,250.00,65,3.00,82.96
132371,167.06,250.00,66,3.00,82.94
132471,167.13,250.00,65,3.00,82.87
132571,167.17,250.00,65,3.00,82.83
132671,167.21,250.00,65,3.00,82.79
132771,167.25,250.00,65,3.00,82.75
132871,167.29,250.00,65,3.00,82.71
132971,167.34,250.00,65,3.00,82.66
133071,167.36,250.00,65,3.00,82.64
133171,167.39,250.00,65,3.00,82.61
133271,167.44,250.00,65,3.00,82.56
133371,167.51,250.00,65,3.00,82.49
133471,167.52,250.00,65,3.00,82.48
133571,167.57,250.00,65,3.00,82.43
133671,167.62,250.00,65,3.00,82.38
133771,167.71,250.00,65,3.00,82.29
133871,167.74,250.00,65,3.00,82.26
133971,167.79,250.00,65,3.00,82.21
134071,167.81,250.00,65,3.00,82.19
134171,167.86,250.00,65,3.00,82.14
134271,167.87,250.00,65,3.00,82.13
134371,167.95,250.00,65,3.00,82.05
134471,168.00,250.00,65,3.00,82.00
134571,168.03,250.00,65,3.00,81.97
134671,168.07,250.00,65,3.00,81.93
134771,168.11,250.00,65,3.00,81.89
134871,168.15,250.00,65,3.00,81.85
134971,168.20,250.00,65,3.00,81.80
135071,168.25,250.00,65,3.00,81.75
135171,168.29,250.00,65,3.00,81.71
135271,168.33,250.00,65,3.00,81.67
135371,168.34,250.00,65,3.00,81.66
135471,168.43,250.00,64,3.00,81.57
135571,168.48,250.00,64,3.00,81.52
135671,168.54,250.00,64,3.00,81.46
135771,168.57,250.00,64,3.00,81.43
135871,168.60,250.00,64,3.00,81.40
135971,168.66,250.00,64,3.00,81.34
136071,168.69,250.00,64,3.00,81.31
136171,168.73,250.00,64,3.00,81.27
136271,168.78,250.00,64,3.00,81.22
136371,168.79,250.00,64,3.00,81.21
136471,168.83,250.00,64,3.00,81.17
136571,168.88,250.00,64,3.00,81.12
136671,168.92,250.00,64,3.00,81.08
136771,168.95,250.00,64,3.00,81.05
136871,168.97,250.00,64,3.00,81.03
136971,169.00,250.00,64,3.00,81.00
137071,169.04,250.00,64,3.00,80.96
137171,169.10,250.00,64,3.00,80.90
137271,169.15,250.00,64,3.00,80.85
137371,169.20,250.00,64,3.00,80.80
137471,169.23,250.00,64,3.00,80.77
137571,169.30,250.00,64,3.00,80.70
137671,169.34,250.00,64,3.00,80.66
137771,169.39,250.00,64,3.00,80.61
137871,169.42,250.00,64,3.00,80.58
137971,169.43,250.00,64,3.00,80.57
138071,169.48,250.00,64,3.00,80.52
138171,169.52,250.00,64,3.00,80.48
138271,169.56,250.00,64,3.00,80.44
138371,169.58,250.00,64,3.00,80.42
138471,169.63,250.00,63,3.00,80.37
138571,169.67,250.00,64,3.00,80.33
138671,169.74,250.00,63,3.00,80.26
138771,169.78,250.00,63,3.00,80.22
138871,169.82,250.00,63,3.00,80.18
138971,169.87,250.00,63,3.00,80.13
139071,169.90,250.00,63,3.00,80.10
139171,169.96,250.00,63,3.00,80.04
139271,170.02,250.00,63,3.00,79.98
139371,170.05,250.00,63,3.00,79.95
139471,170.09,250.00,63,3.00,79.91
139571,170.11,250.00,63,3.00,79.89
139671,170.17,250.00,63,3.00,79.83
139771,170.21,250.00,63,3.00,79.79
139871,170.24,250.00,63,3.00,79.76
139971,170.24,250.00,63,3.00,79.76
140071,170.26,250.00,63,3.00,79.74
140171,170.32,250.00,63,3.00,79.68
140271,170.38,250.00,63,3.00,79.62
140371,170.41,250.00,63,3.00,79.59
140471,170.45,250.00,63,3.00,79.55
140571,170.47,250.00,63,3.00,79.53
140671,170.51,250.00,63,3.00,79.49
140771,170.55,250.00,63,3.00,79.45
140871,170.59,250.00,63,3.00,79.41
140971,170.62,250.00,63,3.00,79.38
141071,170.64,250.00,63,3.00,79.36
141171,170.67,250.00,63,3.00,79.33
141271,170.71,250.00,63,3.00,79.29
141371,170.76,250.00,62,3.00,79.24
141471,170.79,250.00,63,3.00,79.21
141571,170.84,250.00,62,3.00,79.16
141671,170.85,250.00,63,3.00,79.15
141771,170.93,250.00,62,3.00,79.07
141871,170.98,250.00,62,3.00,79.02
141971,171.03,250.00,62,3.00,78.97
142071,171.07,250.00,62,3.00,78.93
142171,171.09,250.00,62,3.00,78.91
142271,171.15,250.00,62,3.00,78.85
142371,171.16,250.00,62,3.00,78.84
142471,171.20,250.00,62,3.00,78.80
142571,171.22,250.00,62,3.00,78.78
142671,171.21,250.00,63,3.00,78.79
142771,171.21,250.00,63,3.00,78.79
142871,171.27,250.00,62,3.00,78.73
142971,171.31,250.00,62,3.00,78.69
143071,171.34,250.00,62,3.00,78.66
143171,171.37,250.00,62,3.00,78.63
143271,171.41,250.00,62,3.00,78.59
143371,171.46,250.00,62,3.00,78.54
143471,171.48,250.00,62,3.00,78.52
143571,171.52,250.00,62,3.00,78.48
143671,171.57,250.00,62,3.00,78.43
143771,171.56,250.00,62,3.00,78.44
143871,171.58,250.00,62,3.00,78.42
143971,171.64,250.00,62,3.00,78.36
144071,171.69,250.00,62,3.00,78.31
144171,171.71,250.00,62,3.00,78.29
144271,171.74,250.00,62,3.00,78.26
144371,171.79,250.00,62,3.00,78.21
144471,171.82,250.00,62,3.00,78.18
144571,171.85,250.00,62,3.00,78.15
144671,171.87,250.00,62,3.00,78.13
144771,171.87,250.00,62,3.00,78.13
144871,171.87,250.00,62,3.00,78.13
144971,171.93,250.00,62,3.00,78.07
145071,171.99,250.00,62,3.00,78.01
145171,172.03,250.00,62,3.00,77.97
145271,172.06,250.00,62,3.00,77.94
145371,172.08,250.00,62,3.00,77.92
145471,172.13,250.00,61,3.00,77.87
145571,172.19,250.00,61,3.00,77.81
145671,172.24,250.00,61,3.00,77.76
145771,172.30,250.00,61,3.00,77.70
145871,172.32,250.00,62,3.00,77.68
145971,172.34,250.00,62,3.00,77.66
146071,172.36,250.00,61,3.00,77.64
146171,172.41,250.00,61,3.00,77.59
146271,172.45,250.00,61,3.00,77.55
146371,172.48,250.00,61,3.00,77.52
146471,172.53,250.00,61,3.00,77.47
146571,172.54,250.00,61,3.00,77.46
146671,172.57,250.00,61,3.00,77.43
146771,172.61,250.00,61,3.00,77.39
146871,172.62,250.00,61,3.00,77.38
146971,172.61,250.00,62,3.00,77.39
147071,172.66,250.00,61,3.00,77.34
147171,172.71,250.00,61,3.00,77.29
147271,172.73,250.00,61,3.00,77.27
147371,172.76,250.00,61,3.00,77.24
147471,172.80,250.00,61,3.00,77.20
147571,172.84,250.00,61,3.00,77.16
147671,172.84,250.00,61,3.00,77.16
147771,172.88,250.00,61,3.00,77.12
147871,172.93,250.00,61,3.00,77.07
147971,172.95,250.00,61,3.00,77.05
148071,173.03,250.00,61,3.00,76.97
148171,173.07,250.00,61,3.00,76.93
148271,173.07,250.00,61,3.00,76.93
148371,173.08,250.00,61,3.00,76.92
148471,173.11,250.00,61,3.00,76.89
148571,173.16,250.00,61,3.00,76.84
148671,173.18,250.00,61,3.00,76.82
148771,173.21,250.00,61,3.00,76.79
148871,173.24,250.00,61,3.00,76.76
148971,173.26,250.00,61,3.00,76.74
149071,173.25,250.00,61,3.00,76.75
149171,173.30,250.00,61,3.00,76.70
149271,173.34,250.00,61,3.00,76.66
149371,173.37,250.00,61,3.00,76.63
149471,173.37,250.00,61,3.00,76.63
149571,173.41,250.00,61,3.00,76.59
149671,173.45,250.00,60,3.00,76.55
149771,173.46,250.00,61,3.00,76.54
149871,173.50,250.00,60,3.00,76.50
149971,173.56,250.00,60,3.00,76.44
150071,173.58,250.00,61,3.00,76.42
150171,173.65,250.00,60,3.00,76.35
150271,173.68,250.00,60,3.00,76.32
150371,173.69,250.00,61,3.00,76.31
150471,173.70,250.00,60,3.00,76.30
150571,173.72,250.00,60,3.00,76.28
150671,173.77,250.00,60,3.00,76.23
150771,173.80,250.00,60,3.00,76.20
150871,173.83,250.00,60,3.00,76.17
150971,173.86,250.00,60,3.00,76.14
151071,173.89,250.00,60,3.00,76.11
151171,173.88,250.00,60,3.00,76.12
151271,173.93,250.00,60,3.00,76.07
151371,173.98,250.00,60,3.00,76.02
151471,174.01,250.00,60,3.00,75.99
151571,174.03,250.00,60,3.00,75.97
151671,174.06,250.00,60,3.00,75.94
151771,174.11,250.00,60,3.00,75.89
151871,174.12,250.00,60,3.00,75.88
151971,174.17,250.00,60,3.00,75.83
152071,174.20,250.00,60,3.00,75.80
152171,174.21,250.00,60,3.00,75.79
152271,174.28,250.00,60,3.00,75.72
152371,174.32,250.00,60,3.00,75.68
152471,174.35,250.00,60,3.00,75.65
152571,174.38,250.00,60,3.00,75.62
152671,174.40,250.00,60,3.00,75.60
152771,174.45,250.00,60,3.00,75.55
152871,174.47,250.00,60,3.00,75.53
152971,174.50,250.00,60,3.00,75.50
153071,174.53,250.00,60,3.00,75.47
153171,174.57,250.00,60,3.00,75.43
153271,174.60,250.00,60,3.00,75.40
153371,174.63,250.00,60,3.00,75.37
153471,174.67,250.00,59,3.00,75.33
153571,174.68,250.00,60,3.00,75.32
153671,174.69,250.00,60,3.00,75.31
153771,174.72,250.00,59,3.00,75.28
153871,174.75,250.00,59,3.00,75.25
153971,174.78,250.00,59,3.00,75.22
154071,174.83,250.00,59,3.00,75.17
154171,174.88,250.00,59,3.00,75.12
154271,174.91,250.00,59,3.00,75.09
154371,174.93,250.00,59,3.00,75.07
154471,174.94,250.00,59,3.00,75.06
154571,174.94,250.00,60,3.00,75.06
154671,174.96,250.00,59,3.00,75.04
154771,175.00,250.00,59,3.00,75.00
154871,175.02,250.00,59,3.00,74.98
154971,175.05,250.00,59,3.00,74.95
155071,175.05,250.00,59,3.00,74.95
155171,175.06,250.00,59,3.00,74.94
155271,175.13,250.00,59,3.00,74.87
155371,175.19,250.00,59,3.00,74.81
155471,175.23,250.00,59,3.00,74.77
155571,175.27,250.00,59,3.00,74.73
155671,175.30,250.00,59,3.00,74.70
155771,175.27,250.00,59,3.00,74.73
155871,175.30,250.00,59,3.00,74.70
155971,175.34,250.00,59,3.00,74.66
156071,175.36,250.00,59,3.00,74.64
156171,175.38,250.00,59,3.00,74.62
156271,175.38,250.00,59,3.00,74.62
156371,175.42,250.00,59,3.00,74.58
156471,175.48,250.00,59,3.00,74.52
156571,175.50,250.00,59,3.00,74.50
156671,175.49,250.00,59,3.00,74.51
156771,175.53,250.00,59,3.00,74.47
156871,175.58,250.00,59,3.00,74.42
156971,175.59,250.00,59,3.00,74.41
157071,175.62,250.00,59,3.00,74.38
157171,175.60,250.00,59,3.00,74.40
157271,175.61,250.00,59,3.00,74.39
157371,175.68,250.00,58,3.00,74.32
157471,175.68,250.00,59,3.00,74.32
157571,175.70,250.00,59,3.00,74.30
157671,175.74,250.00,59,3.00,74.26
157771,175.77,250.00,59,3.00,74.23
157871,175.80,250.00,59,3.00,74.20
157971,175.82,250.00,59,3.00,74.18
158071,175.86,250.00,59,3.00,74.14
158171,175.87,250.00,59,3.00,74.13
158271,175.90,250.00,59,3.00,74.10
158371,175.95,250.00,58,3.00,74.05
158471,175.98,250.00,59,3.00,74.02
158571,176.03,250.00,58,3.00,73.97
158671,176.07,250.00,58,3.00,73.93
158771,176.10,250.00,58,3.00,73.90
158871,176.14,250.00,58,3.00,73.86
158971,176.20,250.00,58,3.00,73.80
159071,176.23,250.00,58,3.00,73.77
159171,176.25,250.00,58,3.00,73.75
159271,176.26,250.00,58,3.00,73.74
159371,176.28,250.00,58,3.00,73.72
159471,176.34,250.00,58,3.00,73.66
159571,176.41,250.00,58,3.00,73.59
159671,176.43,250.00,58,3.00,73.57
159771,176.47,250.00,58,3.00,73.53
159871,176.47,250.00,58,3.00,73.53
159971,176.49,250.00,58,3.00,73.51
160071,176.50,250.00,58,3.00,73.50
160171,176.53,250.00,58,3.00,73.47
160271,176.56,250.00,58,3.00,73.44
160371,176.57,250.00,58,3.00,73.43
160471,176.56,250.00,58,3.00,73.44
160571,176.56,250.00,58,3.00,73.44
160671,176.60,250.00,58,3.00,73.40
160771,176.61,250.00,58,3.00,73.39
160871,176.62,250.00,58,3.00,73.38
160971,176.64,250.00,58,3.00,73.36
161071,176.69,250.00,58,3.00,73.31
161171,176.73,250.00,58,3.00,73.27
161271,176.73,250.00,58,3.00,73.27
161371,176.72,250.00,58,3.00,73.28
161471,176.74,250.00,58,3.00,73.26
161571,176.74,250.00,58,3.00,73.26
161671,176.74,250.00,58,3.00,73.26
161771,176.74,250.00,58,3.00,73.26
161871,176.79,250.00,58,3.00,73.21
161971,176.80,250.00,58,3.00,73.20
162071,176.77,250.00,58,3.00,73.23
162171,176.81,250.00,58,3.00,73.19
162271,176.86,250.00,58,3.00,73.14
162371,176.91,250.00,58,3.00,73.09
162471,176.92,250.00,58,3.00,73.08
162571,176.92,250.00,58,3.00,73.08
162671,176.90,250.00,58,3.00,73.10
162771,176.94,250.00,58,3.00,73.06
162871,176.97,250.00,58,3.00,73.03
162971,176.96,250.00,58,3.00,73.04
163071,176.98,250.00,58,3.00,73.02
163171,177.03,250.00,58,3.00,72.97
163271,177.03,250.00,58,3.00,72.97
163371,177.07,250.00,58,3.00,72.93
163471,177.05,250.00,58,3.00,72.95
163571,177.08,250.00,58,3.00,72.92
163671,177.06,250.00,58,3.00,72.94
163771,177.06,250.00,58,3.00,72.94
163871,177.07,250.00,58,3.00,72.93
163971,177.11,250.00,58,3.00,72.89
164071,177.12,250.00,58,3.00,72.88
164171,177.15,250.00,58,3.00,72.85
164271,177.15,250.00,58,3.00,72.85
164371,177.18,250.00,58,3.00,72.82
164471,177.24,250.00,57,3.00,72.76
164571,177.29,250.00,57,3.00,72.71
164671,177.30,250.00,58,3.00,72.70
164771,177.26,250.00,58,3.00,72.74
164871,177.27,250.00,58,3.00,72.73
164971,177.29,250.00,58,3.00,72.71
165071,177.29,250.00,58,3.00,72.71
165171,177.29,250.00,58,3.00,72.71
165271,177.32,250.00,57,3.00,72.68
165371,177.32,250.00,58,3.00,72.68
165471,177.33,250.00,58,3.00,72.67
165571,177.33,250.00,58,3.00,72.67
165671,177.37,250.00,57,3.00,72.63
165771,177.35,250.00,58,3.00,72.65
165871,177.40,250.00,57,3.00,72.60
165971,177.40,250.00,58,3.00,72.60
166071,177.41,250.00,57,3.00,72.59
166171,177.43,250.00,57,3.00,72.57
166271,177.45,250.00,57,3.00,72.55
166371,177.44,250.00,58,3.00,72.56
166471,177.45,250.00,57,3.00,72.55
166571,177.45,250.00,58,3.00,72.55
166671,177.48,250.00,57,3.00,72.52
166771,177.46,250.00,58,3.00,72.54
166871,177.43,250.00,58,3.00,72.57
166971,177.46,250.00,57,3.00,72.54
167071,177.49,250.00,57,3.00,72.51
167171,177.40,250.00,58,3.00,72.60
167271,177.29,250.00,58,3.00,72.71
167371,177.09,250.00,59,3.00,72.91
167471,176.92,250.00,59,3.00,73.08
167571,176.92,250.00,58,3.00,73.08
167671,176.99,250.00,57,3.00,73.01
167771,177.05,250.00,57,3.00,72.95
167871,177.10,250.00,57,3.00,72.90
167971,177.16,250.00,57,3.00,72.84
168071,177.26,250.00,57,3.00,72.74
168171,177.35,250.00,57,3.00,72.65
168271,177.40,250.00,57,3.00,72.60
168371,177.42,250.00,57,3.00,72.58
168471,177.48,250.00,57,3.00,72.52
168571,177.53,250.00,57,3.00,72.47
168671,177.62,250.00,57,3.00,72.38
168771,177.66,250.00,57,3.00,72.34
168871,177.73,250.00,57,3.00,72.27
168971,177.78,250.00,57,3.00,72.22
169071,177.86,250.00,57,3.00,72.14
169171,177.91,250.00,57,3.00,72.09
169271,177.90,250.00,57,3.00,72.10
169371,177.93,250.00,57,3.00,72.07
169471,177.98,250.00,57,3.00,72.02
169571,178.01,250.00,57,3.00,71.99
169671,178.02,250.00,57,3.00,71.98
169771,178.02,250.00,57,3.00,71.98
169871,178.02,250.00,57,3.00,71.98
169971,178.02,250.00,57,3.00,71.98
170071,178.05,250.00,57,3.00,71.95
170171,178.04,250.00,57,3.00,71.96
170271,178.07,250.00,57,3.00,71.93
170371,178.09,250.00,57,3.00,71.91
170471,178.07,250.00,57,3.00,71.93
170571,178.08,250.00,57,3.00,71.92
170671,178.11,250.00,57,3.00,71.89
170771,178.16,250.00,57,3.00,71.84
170871,178.17,250.00,57,3.00,71.83
170971,178.21,250.00,57,3.00,71.79
171071,178.19,250.00,57,3.00,71.81
171171,178.25,250.00,57,3.00,71.75
171271,178.24,250.00,57,3.00,71.76
171371,178.23,250.00,57,3.00,71.77
171471,178.22,250.00,57,3.00,71.78
171571,178.26,250.00,57,3.00,71.74
171671,178.26,250.00,57,3.00,71.74
171771,178.29,250.00,57,3.00,71.71
171871,178.28,250.00,57,3.00,71.72
171971,178.27,250.00,57,3.00,71.73
172071,178.27,250.00,57,3.00,71.73
172171,178.29,250.00,57,3.00,71.71
172271,178.31,250.00,57,3.00,71.69
172371,178.34,250.00,57,3.00,71.66
172471,178.35,250.00,57,3.00,71.65
172571,178.32,250.00,57,3.00,71.68
172671,178.34,250.00,57,3.00,71.66
172771,178.37,250.00,57,3.00,71.63
172871,178.39,250.00,57,3.00,71.61
172971,178.42,250.00,57,3.00,71.58
173071,178.46,250.00,56,3.00,71.54
173171,178.55,250.00,56,3.00,71.45
173271,178.57,250.00,57,3.00,71.43
173371,178.60,250.00,56,3.00,71.40
173471,178.62,250.00,56,3.00,71.38
173571,178.59,250.00,57,3.00,71.41
173671,178.59,250.00,57,3.00,71.41
173771,178.59,250.00,57,3.00,71.41
173871,178.60,250.00,57,3.00,71.40
173971,178.60,250.00,57,3.00,71.40
174071,178.60,250.00,57,3.00,71.40
174171,178.59,250.00,57,3.00,71.41
174271,178.64,250.00,56,3.00,71.36
174371,178.67,250.00,56,3.00,71.33
174471,178.69,250.00,56,3.00,71.31
174571,178.71,250.00,56,3.00,71.29
174671,178.72,250.00,56,3.00,71.28
174771,178.72,250.00,57,3.00,71.28
174871,178.75,250.00,56,3.00,71.25
174971,178.76,250.00,56,3.00,71.24
175071,178.77,250.00,56,3.00,71.23
175171,178.75,250.00,57,3.00,71.25
175271,178.77,250.00,56,3.00,71.23
175371,178.80,250.00,56,3.00,71.20
175471,178.81,250.00,56,3.00,71.19
175571,178.84,250.00,56,3.00,71.16
175671,178.89,250.00,56,3.00,71.11
175771,178.92,250.00,56,3.00,71.08
175871,178.94,250.00,56,3.00,71.06
175971,178.96,250.00,56,3.00,71.04
176071,178.97,250.00,56,3.00,71.03
176171,178.98,250.00,56,3.00,71.02
176271,179.06,250.00,56,3.00,70.94
176371,179.07,250.00,56,3.00,70.93
176471,179.11,250.00,56,3.00,70.89
176571,179.14,250.00,56,3.00,70.86
176671,179.14,250.00,56,3.00,70.86
176771,179.10,250.00,57,3.00,70.90
176871,179.10,250.00,56,3.00,70.90
176971,179.14,250.00,56,3.00,70.86
177071,179.18,250.00,56,3.00,70.82
177171,179.19,250.00,56,3.00,70.81
177271,179.23,250.00,56,3.00,70.77
177371,179.21,250.00,56,3.00,70.79
177471,179.28,250.00,56,3.00,70.72
177571,179.28,250.00,56,3.00,70.72
177671,179.25,250.00,56,3.00,70.75
177771,179.26,250.00,56,3.00,70.74
177871,179.32,250.00,56,3.00,70.68
177971,179.32,250.00,56,3.00,70.68
178071,179.34,250.00,56,3.00,70.66
178171,179.34,250.00,56,3.00,70.66
178271,179.36,250.00,56,3.00,70.64
178371,179.36,250.00,56,3.00,70.64
178471,179.35,250.00,56,3.00,70.65
178571,179.36,250.00,56,3.00,70.64
178671,179.37,250.00,56,3.00,70.63
178771,179.38,250.00,56,3.00,70.62
178871,179.40,250.00,56,3.00,70.60
178971,179.39,250.00,56,3.00,70.61
179071,179.39,250.00,56,3.00,70.61
179171,179.40,250.00,56,3.00,70.60
179271,179.40,250.00,56,3.00,70.60
179371,179.44,250.00,56,3.00,70.56
179471,179.42,250.00,56,3.00,70.58
179571,179.45,250.00,56,3.00,70.55
179671,179.50,250.00,56,3.00,70.50
179771,179.53,250.00,56,3.00,70.47
179871,179.50,250.00,56,3.00,70.50
179971,179.56,250.00,55,3.00,70.44
180071,179.61,250.00,55,3.00,70.39
180171,179.62,250.00,56,3.00,70.38
180271,179.61,250.00,56,3.00,70.39
180371,179.65,250.00,55,3.00,70.35
180471,179.64,250.00,56,3.00,70.36
180571,179.67,250.00,56,3.00,70.33
180671,179.67,250.00,56,3.00,70.33
180771,179.72,250.00,55,3.00,70.28
180871,179.72,250.00,56,3.00,70.28
180971,179.74,250.00,56,3.00,70.26
181071,179.73,250.00,56,3.00,70.27
181171,179.76,250.00,55,3.00,70.24
181271,179.80,250.00,55,3.00,70.20
181371,179.81,250.00,56,3.00,70.19
181471,179.84,250.00,55,3.00,70.16
181571,179.88,250.00,55,3.00,70.12
181671,179.92,250.00,55,3.00,70.08
181771,179.95,250.00,55,3.00,70.05
181871,179.94,250.00,56,3.00,70.06
181971,179.91,250.00,56,3.00,70.09
182071,179.89,250.00,56,3.00,70.11
182171,179.93,250.00,55,3.00,70.07
182271,179.94,250.00,55,3.00,70.06
182371,179.94,250.00,56,3.00,70.06
182471,179.98,250.00,55,3.00,70.02
182571,179.97,250.00,56,3.00,70.03
182671,180.00,250.00,55,3.00,70.00
182771,180.00,250.00,55,3.00,70.00
182871,180.02,250.00,55,3.00,69.98
182971,180.04,250.00,55,3.00,69.96
183071,180.01,250.00,56,3.00,69.99
183171,180.02,250.00,55,3.00,69.98
183271,180.07,250.00,55,3.00,69.93
183371,180.08,250.00,55,3.00,69.92
183471,180.13,250.00,55,3.00,69.87
183571,180.17,250.00,55,3.00,69.83
183671,180.24,250.00,55,3.00,69.76
183771,180.25,250.00,55,3.00,69.75
183871,180.26,250.00,55,3.00,69.74
183971,180.30,250.00,55,3.00,69.70
184071,180.30,250.00,55,3.00,69.70
184171,180.29,250.00,55,3.00,69.71
184271,180.34,250.00,55,3.00,69.66
184371,180.35,250.00,55,3.00,69.65
184471,180.38,250.00,55,3.00,69.62
184571,180.39,250.00,55,3.00,69.61
184671,180.44,250.00,55,3.00,69.56
184771,180.50,250.00,55,3.00,69.50
184871,180.50,250.00,55,3.00,69.50
184971,180.53,250.00,55,3.00,69.47
185071,180.55,250.00,55,3.00,69.45
185171,180.56,250.00,55,3.00,69.44
185271,180.63,250.00,55,3.00,69.37
185371,180.66,250.00,55,3.00,69.34
185471,180.71,250.00,55,3.00,69.29
185571,180.75,250.00,55,3.00,69.25
185671,180.80,250.00,55,3.00,69.20
185771,180.80,250.00,55,3.00,69.20
185871,180.82,250.00,55,3.00,69.18
185971,180.85,250.00,55,3.00,69.15
186071,180.87,250.00,55,3.00,69.13
186171,180.88,250.00,55,3.00,69.12
186271,180.93,250.00,54,3.00,69.07
186371,180.94,250.00,55,3.00,69.06
186471,180.97,250.00,55,3.00,69.03
186571,180.97,250.00,55,3.00,69.03
186671,180.99,250.00,55,3.00,69.01
186771,180.99,250.00,55,3.00,69.01
186871,180.98,250.00,55,3.00,69.02
186971,180.99,250.00,55,3.00,69.01
187071,181.03,250.00,54,3.00,68.97
187171,181.03,250.00,55,3.00,68.97
187271,181.07,250.00,54,3.00,68.93
187371,181.09,250.00,55,3.00,68.91
187471,181.11,250.00,54,3.00,68.89
187571,181.13,250.00,55,3.00,68.87
187671,181.15,250.00,54,3.00,68.85
187771,181.16,250.00,55,3.00,68.84
187871,181.18,250.00,54,3.00,68.82
187971,181.23,250.00,54,3.00,68.77
188071,181.26,250.00,54,3.00,68.74
188171,181.24,250.00,55,3.00,68.76
188271,181.26,250.00,54,3.00,68.74
188371,181.26,250.00,55,3.00,68.74
188471,181.27,250.00,54,3.00,68.73
188571,181.31,250.00,54,3.00,68.69
188671,181.33,250.00,54,3.00,68.67
188771,181.37,250.00,54,3.00,68.63
188871,181.38,250.00,54,3.00,68.62
188971,181.38,250.00,54,3.00,68.62
189071,181.43,250.00,54,3.00,68.57
189171,181.47,250.00,54,3.00,68.53
189271,181.49,250.00,54,3.00,68.51
189371,181.45,250.00,55,3.00,68.55
189471,181.54,250.00,54,3.00,68.46
189571,181.57,250.00,54,3.00,68.43
189671,181.56,250.00,54,3.00,68.44
189771,181.59,250.00,54,3.00,68.41
189871,181.57,250.00,54,3.00,68.43
189971,181.54,250.00,55,3.00,68.46
190071,181.57,250.00,54,3.00,68.43
190171,181.60,250.00,54,3.00,68.40
190271,181.59,250.00,54,3.00,68.41
190371,181.57,250.00,54,3.00,68.43
190471,181.55,250.00,54,3.00,68.45
190571,181.58,250.00,54,3.00,68.42
190671,181.64,250.00,54,3.00,68.36
190771,181.66,250.00,54,3.00,68.34
190871,181.69,250.00,54,3.00,68.31
190971,181.69,250.00,54,3.00,68.31
191071,181.68,250.00,54,3.00,68.32
191171,181.71,250.00,54,3.00,68.29
191271,181.72,250.00,54,3.00,68.28
191371,181.73,250.00,54,3.00,68.27
191471,181.70,250.00,54,3.00,68.30
191571,181.71,250.00,54,3.00,68.29
191671,181.76,250.00,54,3.00,68.24
191771,181.77,250.00,54,3.00,68.23
191871,181.80,250.00,54,3.00,68.20
191971,181.81,250.00,54,3.00,68.19
192071,181.83,250.00,54,3.00,68.17
192171,181.87,250.00,54,3.00,68.13
192271,181.92,250.00,54,3.00,68.08
192371,181.91,250.00,54,3.00,68.09
192471,181.89,250.00,54,3.00,68.11
192571,181.88,250.00,54,3.00,68.12
192671,181.94,250.00,54,3.00,68.06
192771,181.99,250.00,54,3.00,68.01
192871,182.01,250.00,54,3.00,67.99
192971,182.02,250.00,54,3.00,67.98
193071,182.02,250.00,54,3.00,67.98
193171,181.99,250.00,54,3.00,68.01
193271,182.02,250.00,54,3.00,67.98
193371,182.05,250.00,54,3.00,67.95
193471,182.08,250.00,54,3.00,67.92
193571,182.10,250.00,54,3.00,67.90
193671,182.12,250.00,54,3.00,67.88
193771,182.15,250.00,54,3.00,67.85
193871,182.15,250.00,54,3.00,67.85
193971,182.20,250.00,53,3.00,67.80
194071,182.24,250.00,53,3.00,67.76
194171,182.25,250.00,54,3.00,67.75
194271,182.30,250.00,53,3.00,67.70
194371,182.32,250.00,54,3.00,67.68
194471,182.35,250.00,53,3.00,67.65
194571,182.33,250.00,54,3.00,67.67
194671,182.34,250.00,54,3.00,67.66
194771,182.37,250.00,53,3.00,67.63
194871,182.33,250.00,54,3.00,67.67
194971,182.36,250.00,53,3.00,67.64
195071,182.40,250.00,53,3.00,67.60
195171,182.41,250.00,54,3.00,67.59
195271,182.40,250.00,54,3.00,67.60
195371,182.44,250.00,53,3.00,67.56
195471,182.46,250.00,53,3.00,67.54
195571,182.47,250.00,53,3.00,67.53
195671,182.43,250.00,54,3.00,67.57
195771,182.43,250.00,54,3.00,67.57
195871,182.46,250.00,53,3.00,67.54
195971,182.48,250.00,53,3.00,67.52
196071,182.53,250.00,53,3.00,67.47
196171,182.52,250.00,54,3.00,67.48
196271,182.48,250.00,54,3.00,67.52
196371,182.54,250.00,53,3.00,67.46
196471,182.58,250.00,53,3.00,67.42
196571,182.57,250.00,54,3.00,67.43
196671,182.55,250.00,54,3.00,67.45
196771,182.54,250.00,54,3.00,67.46
196871,182.56,250.00,53,3.00,67.44
196971,182.62,250.00,53,3.00,67.38
197071,182.63,250.00,53,3.00,67.37
197171,182.65,250.00,53,3.00,67.35
197271,182.66,250.00,53,3.00,67.34
197371,182.66,250.00,53,3.00,67.34
197471,182.67,250.00,53,3.00,67.33
197571,182.70,250.00,53,3.00,67.30
197671,182.70,250.00,53,3.00,67.30
197771,182.70,250.00,53,3.00,67.30
197871,182.70,250.00,53,3.00,67.30
197971,182.73,250.00,53,3.00,67.27
198071,182.73,250.00,53,3.00,67.27
198171,182.77,250.00,53,3.00,67.23
198271,182.80,250.00,53,3.00,67.20
198371,182.77,250.00,54,3.00,67.23
198471,182.80,250.00,53,3.00,67.20
198571,182.83,250.00,53,3.00,67.17
198671,182.79,250.00,54,3.00,67.21
198771,182.81,250.00,53,3.00,67.19
198871,182.79,250.00,53,3.00,67.21
198971,182.82,250.00,53,3.00,67.18
199071,182.86,250.00,53,3.00,67.14
199171,182.87,250.00,53,3.00,67.13
199271,182.88,250.00,53,3.00,67.12
199371,182.87,250.00,53,3.00,67.13
199471,182.89,250.00,53,3.00,67.11
199571,182.91,250.00,53,3.00,67.09
199671,182.91,250.00,53,3.00,67.09
199771,182.90,250.00,53,3.00,67.10
199871,182.86,250.00,54,3.00,67.14
199971,182.85,250.00,53,3.00,67.15
200071,182.87,250.00,53,3.00,67.13
200171,182.87,250.00,53,3.00,67.13
200271,182.90,250.00,53,3.00,67.10
200371,182.91,250.00,53,3.00,67.09
200471,182.88,250.00,53,3.00,67.12
200571,182.95,250.00,53,3.00,67.05
200671,182.98,250.00,53,3.00,67.02
200771,182.98,250.00,53,3.00,67.02
200871,182.94,250.00,53,3.00,67.06
200971,182.92,250.00,53,3.00,67.08
201071,182.94,250.00,53,3.00,67.06
201171,182.94,250.00,53,3.00,67.06
201271,182.96,250.00,53,3.00,67.04
201371,182.97,250.00,53,3.00,67.03
201471,182.97,250.00,53,3.00,67.03
201571,182.95,250.00,53,3.00,67.05
201671,182.96,250.00,53,3.00,67.04
201771,182.99,250.00,53,3.00,67.01
201871,183.00,250.00,53,3.00,67.00
201971,182.97,250.00,53,3.00,67.03
202071,182.96,250.00,53,3.00,67.04
202171,182.99,250.00,53,3.00,67.01
202271,183.00,250.00,53,3.00,67.00
202371,183.04,250.00,53,3.00,66.96
202471,183.03,250.00,53,3.00,66.97
202571,182.99,250.00,53,3.00,67.01
202671,183.04,250.00,53,3.00,66.96
202771,183.09,250.00,53,3.00,66.91
202871,183.09,250.00,53,3.00,66.91
202971,183.11,250.00,53,3.00,66.89
203071,183.11,250.00,53,3.00,66.89
203171,183.15,250.00,53,3.00,66.85
203271,183.20,250.00,53,3.00,66.80
203371,183.20,250.00,53,3.00,66.80
203471,183.21,250.00,53,3.00,66.79
203571,183.18,250.00,53,3.00,66.82
203671,183.20,250.00,53,3.00,66.80
203771,183.23,250.00,53,3.00,66.77
203871,183.24,250.00,53,3.00,66.76
203971,183.25,250.00,53,3.00,66.75
204071,183.20,250.00,53,3.00,66.80
204171,183.21,250.00,53,3.00,66.79
204271,183.24,250.00,53,3.00,66.76
204371,183.24,250.00,53,3.00,66.76
204471,183.29,250.00,53,3.00,66.71
204571,183.34,250.00,53,3.00,66.66
204671,183.33,250.00,53,3.00,66.67
204771,183.37,250.00,53,3.00,66.63
204871,183.39,250.00,53,3.00,66.61
204971,183.38,250.00,53,3.00,66.62
205071,183.35,250.00,53,3.00,66.65
205171,183.34,250.00,53,3.00,66.66
205271,183.36,250.00,53,3.00,66.64
205371,183.40,250.00,53,3.00,66.60
205471,183.44,250.00,53,3.00,66.56
205571,183.45,250.00,53,3.00,66.55
205671,183.45,250.00,53,3.00,66.55
205771,183.44,250.00,53,3.00,66.56
205871,183.47,250.00,53,3.00,66.53
205971,183.50,250.00,53,3.00,66.50
206071,183.51,250.00,53,3.00,66.49
206171,183.47,250.00,53,3.00,66.53
206271,183.46,250.00,53,3.00,66.54
206371,183.49,250.00,53,3.00,66.51
206471,183.50,250.00,53,3.00,66.50
206571,183.52,250.00,53,3.00,66.48
206671,183.56,250.00,52,3.00,66.44
206771,183.51,250.00,53,3.00,66.49
206871,183.54,250.00,53,3.00,66.46
206971,183.56,250.00,53,3.00,66.44
207071,183.53,250.00,53,3.00,66.47
207171,183.50,250.00,53,3.00,66.50
207271,183.49,250.00,53,3.00,66.51
207371,183.52,250.00,53,3.00,66.48
207471,183.47,250.00,53,3.00,66.53
207571,183.50,250.00,53,3.00,66.50
207671,183.54,250.00,52,3.00,66.46
207771,183.54,250.00,53,3.00,66.46
207871,183.53,250.00,53,3.00,66.47
207971,183.55,250.00,53,3.00,66.45
208071,183.59,250.00,52,3.00,66.41
208171,183.59,250.00,53,3.00,66.41
208271,183.55,250.00,53,3.00,66.45
208371,183.56,250.00,53,3.00,66.44
208471,183.61,250.00,52,3.00,66.39
208571,183.62,250.00,53,3.00,66.38
208671,183.65,250.00,52,3.00,66.35
208771,183.66,250.00,53,3.00,66.34
208871,183.63,250.00,53,3.00,66.37
208971,183.66,250.00,52,3.00,66.34
209071,183.68,250.00,52,3.00,66.32
209171,183.66,250.00,53,3.00,66.34
209271,183.67,250.00,53,3.00,66.33
209371,183.66,250.00,53,3.00,66.34
209471,183.68,250.00,52,3.00,66.32
209571,183.72,250.00,52,3.00,66.28
209671,183.74,250.00,52,3.00,66.26
209771,183.74,250.00,53,3.00,66.26
209871,183.74,250.00,53,3.00,66.26
209971,183.72,250.00,53,3.00,66.28
210071,183.76,250.00,52,3.00,66.24
210171,183.79,250.00,52,3.00,66.21
210271,183.78,250.00,53,3.00,66.22
210371,183.75,250.00,53,3.00,66.25
210471,183.75,250.00,53,3.00,66.25
210571,183.78,250.00,52,3.00,66.22
210671,183.79,250.00,52,3.00,66.21
210771,183.82,250.00,52,3.00,66.18
210871,183.84,250.00,52,3.00,66.16
210971,183.82,250.00,53,3.00,66.18
211071,183.86,250.00,52,3.00,66.14
211171,183.81,250.00,53,3.00,66.19
211271,183.79,250.00,53,3.00,66.21
211371,183.77,250.00,53,3.00,66.23
211471,183.75,250.00,53,3.00,66.25
211571,183.80,250.00,52,3.00,66.20
211671,183.86,250.00,52,3.00,66.14
211771,183.89,250.00,52,3.00,66.11
211871,183.91,250.00,52,3.00,66.09
211971,183.89,250.00,53,3.00,66.11
212071,183.88,250.00,53,3.00,66.12
212171,183.90,250.00,52,3.00,66.10
212271,183.91,250.00,52,3.00,66.09
212371,183.95,250.00,52,3.00,66.05
212471,183.91,250.00,53,3.00,66.09
212571,183.92,250.00,52,3.00,66.08
212671,183.97,250.00,52,3.00,66.03
212771,184.00,250.00,52,3.00,66.00
212871,184.05,250.00,52,3.00,65.95
212971,184.10,250.00,52,3.00,65.90
213071,184.08,250.00,52,3.00,65.92
213171,184.13,250.00,52,3.00,65.87
213271,184.16,250.00,52,3.00,65.84
213371,184.20,250.00,52,3.00,65.80
213471,184.17,250.00,52,3.00,65.83
213571,184.16,250.00,52,3.00,65.84
213671,184.20,250.00,52,3.00,65.80
213771,184.23,250.00,52,3.00,65.77
213871,184.28,250.00,52,3.00,65.72
213971,184.38,250.00,51,3.00,65.62
214071,184.36,250.00,52,3.00,65.64
214171,184.33,250.00,52,3.00,65.67
214271,184.34,250.00,52,3.00,65.66
214371,184.34,250.00,52,3.00,65.66
214471,184.35,250.00,52,3.00,65.65
214571,184.35,250.00,52,3.00,65.65
214671,184.39,250.00,52,3.00,65.61
214771,184.39,250.00,52,3.00,65.61
214871,184.37,250.00,52,3.00,65.63
214971,184.41,250.00,52,3.00,65.59
215071,184.39,250.00,52,3.00,65.61
215171,184.36,250.00,52,3.00,65.64
215271,184.43,250.00,51,3.00,65.57
215371,184.46,250.00,52,3.00,65.54
215471,184.42,250.00,52,3.00,65.58
215571,184.38,250.00,52,3.00,65.62
215671,184.37,250.00,52,3.00,65.63
215771,184.40,250.00,52,3.00,65.60
215871,184.45,250.00,52,3.00,65.55
215971,184.48,250.00,52,3.00,65.52
216071,184.49,250.00,52,3.00,65.51
216171,184.48,250.00,52,3.00,65.52
216271,184.50,250.00,52,3.00,65.50
216371,184.52,250.00,52,3.00,65.48
216471,184.54,250.00,52,3.00,65.46
216571,184.54,250.00,52,3.00,65.46
216671,184.48,250.00,52,3.00,65.52
216771,184.47,250.00,52,3.00,65.53
216871,184.50,250.00,52,3.00,65.50
216971,184.50,250.00,52,3.00,65.50
217071,184.54,250.00,52,3.00,65.46
217171,184.54,250.00,52,3.00,65.46
217271,184.51,250.00,52,3.00,65.49
217371,184.60,250.00,51,3.00,65.40
217471,184.64,250.00,51,3.00,65.36
217571,184.62,250.00,52,3.00,65.38
217671,184.58,250.00,52,3.00,65.42
217771,184.59,250.00,52,3.00,65.41
217871,184.64,250.00,51,3.00,65.36
217971,184.70,250.00,51,3.00,65.30
218071,184.73,250.00,51,3.00,65.27
218171,184.75,250.00,52,3.00,65.25
218271,184.75,250.00,52,3.00,65.25
218371,184.78,250.00,51,3.00,65.22
218471,184.81,250.00,51,3.00,65.19
218571,184.83,250.00,51,3.00,65.17
218671,184.82,250.00,52,3.00,65.18
218771,184.78,250.00,52,3.00,65.22
218871,184.77,250.00,52,3.00,65.23
218971,184.82,250.00,51,3.00,65.18
219071,184.87,250.00,51,3.00,65.13
219171,184.91,250.00,51,3.00,65.09
219271,184.91,250.00,52,3.00,65.09
219371,184.87,250.00,52,3.00,65.13
219471,184.91,250.00,51,3.00,65.09
219571,184.92,250.00,51,3.00,65.08
219671,184.88,250.00,52,3.00,65.12
219771,184.85,250.00,52,3.00,65.15
219871,184.86,250.00,52,3.00,65.14
219971,184.89,250.00,51,3.00,65.11
220071,184.94,250.00,51,3.00,65.06
220171,184.97,250.00,51,3.00,65.03
220271,185.00,250.00,51,3.00,65.00
220371,184.97,250.00,52,3.00,65.03
220471,184.99,250.00,51,3.00,65.01
220571,185.05,250.00,51,3.00,64.95
220671,185.07,250.00,51,3.00,64.93
220771,185.07,250.00,51,3.00,64.93
220871,185.02,250.00,52,3.00,64.98
220971,185.04,250.00,51,3.00,64.96
221071,185.07,250.00,51,3.00,64.93
221171,185.09,250.00,51,3.00,64.91
221271,185.13,250.00,51,3.00,64.87
221371,185.11,250.00,52,3.00,64.89
221471,185.12,250.00,51,3.00,64.88
221571,185.18,250.00,51,3.00,64.82
221671,185.24,250.00,51,3.00,64.76
221771,185.25,250.00,51,3.00,64.75
221871,185.23,250.00,51,3.00,64.77
221971,185.23,250.00,51,3.00,64.77
222071,185.28,250.00,51,3.00,64.72
222171,185.33,250.00,51,3.00,64.67
222271,185.37,250.00,51,3.00,64.63
222371,185.39,250.00,51,3.00,64.61
222471,185.39,250.00,51,3.00,64.61
222571,185.37,250.00,51,3.00,64.63
222671,185.39,250.00,51,3.00,64.61
222771,185.42,250.00,51,3.00,64.58
222871,185.42,250.00,51,3.00,64.58
222971,185.37,250.00,52,3.00,64.63
223071,185.37,250.00,51,3.00,64.63
223171,185.40,250.00,51,3.00,64.60
223271,185.40,250.00,51,3.00,64.60
223371,185.44,250.00,51,3.00,64.56
223471,185.43,250.00,51,3.00,64.57
223571,185.39,250.00,51,3.00,64.61
223671,185.43,250.00,51,3.00,64.57
223771,185.46,250.00,51,3.00,64.54
223871,185.43,250.00,51,3.00,64.57
223971,185.41,250.00,51,3.00,64.59
224071,185.41,250.00,51,3.00,64.59
224171,185.46,250.00,51,3.00,64.54
224271,185.50,250.00,51,3.00,64.50
224371,185.54,250.00,51,3.00,64.46
224471,185.58,250.00,51,3.00,64.42
224571,185.58,250.00,51,3.00,64.42
224671,185.56,250.00,51,3.00,64.44
224771,185.61,250.00,51,3.00,64.39
224871,185.62,250.00,51,3.00,64.38
224971,185.61,250.00,51,3.00,64.39
225071,185.56,250.00,51,3.00,64.44
225171,185.56,250.00,51,3.00,64.44
225271,185.59,250.00,51,3.00,64.41
225371,185.59,250.00,51,3.00,64.41
225471,185.62,250.00,51,3.00,64.38
225571,185.63,250.00,51,3.00,64.37
225671,185.61,250.00,51,3.00,64.39
225771,185.65,250.00,51,3.00,64.35
225871,185.69,250.00,51,3.00,64.31
225971,185.68,250.00,51,3.00,64.32
226071,185.67,250.00,51,3.00,64.33
226171,185.68,250.00,51,3.00,64.32
226271,185.70,250.00,51,3.00,64.30
226371,185.75,250.00,51,3.00,64.25
226471,185.77,250.00,51,3.00,64.23
226571,185.78,250.00,51,3.00,64.22
226671,185.77,250.00,51,3.00,64.23
226771,185.77,250.00,51,3.00,64.23
226871,185.80,250.00,51,3.00,64.20
226971,185.81,250.00,51,3.00,64.19
227071,185.82,250.00,51,3.00,64.18
227171,185.79,250.00,51,3.00,64.21
227271,185.80,250.00,51,3.00,64.20
227371,185.85,250.00,51,3.00,64.15
227471,185.87,250.00,51,3.00,64.13
227571,185.91,250.00,51,3.00,64.09
227671,185.91,250.00,51,3.00,64.09
227771,185.87,250.00,51,3.00,64.13
227871,185.91,250.00,51,3.00,64.09
227971,185.92,250.00,51,3.00,64.08
228071,185.90,250.00,51,3.00,64.10
228171,185.89,250.00,51,3.00,64.11
228271,185.91,250.00,51,3.00,64.09
228371,185.94,250.00,51,3.00,64.06
228471,185.99,250.00,50,3.00,64.01
228571,185.99,250.00,51,3.00,64.01
228671,186.02,250.00,51,3.00,63.98
228771,186.02,250.00,51,3.00,63.98
228871,186.06,250.00,50,3.00,63.94
228971,186.10,250.00,50,3.00,63.90
229071,186.11,250.00,51,3.00,63.89
229171,186.11,250.00,51,3.00,63.89
229271,186.07,250.00,51,3.00,63.93
229371,186.09,250.00,51,3.00,63.91
229471,186.14,250.00,50,3.00,63.86
229571,186.16,250.00,50,3.00,63.84
229671,186.19,250.00,50,3.00,63.81
229771,186.19,250.00,51,3.00,63.81
229871,186.17,250.00,51,3.00,63.83
229971,186.24,250.00,50,3.00,63.76
230071,186.28,250.00,50,3.00,63.72
230171,186.26,250.00,51,3.00,63.74
230271,186.24,250.00,51,3.00,63.76
230371,186.24,250.00,51,3.00,63.76
230471,186.27,250.00,50,3.00,63.73
230571,186.30,250.00,50,3.00,63.70
230671,186.31,250.00,50,3.00,63.69
230771,186.36,250.00,50,3.00,63.64
230871,186.38,250.00,50,3.00,63.62
230971,186.39,250.00,50,3.00,63.61
231071,186.44,250.00,50,3.00,63.56
231171,186.51,250.00,50,3.00,63.49
231271,186.52,250.00,50,3.00,63.48
231371,186.47,250.00,51,3.00,63.53
231471,186.50,250.00,50,3.00,63.50
231571,186.54,250.00,50,3.00,63.46
231671,186.56,250.00,50,3.00,63.44
231771,186.60,250.00,50,3.00,63.40
231871,186.64,250.00,50,3.00,63.36
231971,186.61,250.00,50,3.00,63.39
232071,186.65,250.00,50,3.00,63.35
232171,186.69,250.00,50,3.00,63.31
232271,186.68,250.00,50,3.00,63.32
232371,186.65,250.00,50,3.00,63.35
232471,186.65,250.00,50,3.00,63.35
232571,186.68,250.00,50,3.00,63.32
232671,186.74,250.00,50,3.00,63.26
232771,186.70,250.00,50,3.00,63.30
232871,186.75,250.00,50,3.00,63.25
232971,186.75,250.00,50,3.00,63.25
233071,186.73,250.00,50,3.00,63.27
233171,186.75,250.00,50,3.00,63.25
233271,186.77,250.00,50,3.00,63.23
233371,186.79,250.00,50,3.00,63.21
233471,186.75,250.00,50,3.00,63.25
233571,186.75,250.00,50,3.00,63.25
233671,186.80,250.00,50,3.00,63.20
233771,186.82,250.00,50,3.00,63.18
233871,186.86,250.00,50,3.00,63.14
233971,186.92,250.00,50,3.00,63.08
234071,186.89,250.00,50,3.00,63.11
234171,186.95,250.00,50,3.00,63.05
234271,186.98,250.00,50,3.00,63.02
234371,186.96,250.00,50,3.00,63.04
234471,186.92,250.00,50,3.00,63.08
234571,186.92,250.00,50,3.00,63.08
234671,186.96,250.00,50,3.00,63.04
234771,187.01,250.00,50,3.00,62.99
234871,187.02,250.00,50,3.00,62.98
234971,187.12,250.00,49,3.00,62.88
235071,187.06,250.00,50,3.00,62.94
235171,187.07,250.00,50,3.00,62.93
235271,187.09,250.00,50,3.00,62.91
235371,187.15,250.00,49,3.00,62.85
235471,187.16,250.00,50,3.00,62.84
235571,187.10,250.00,50,3.00,62.90
235671,187.10,250.00,50,3.00,62.90
235771,187.14,250.00,50,3.00,62.86
235871,187.15,250.00,50,3.00,62.85
235971,187.20,250.00,49,3.00,62.80
236071,187.19,250.00,50,3.00,62.81
236171,187.20,250.00,50,3.00,62.80
236271,187.30,250.00,49,3.00,62.70
236371,187.33,250.00,49,3.00,62.67
236471,187.29,250.00,50,3.00,62.71
236571,187.26,250.00,50,3.00,62.74
236671,187.26,250.00,50,3.00,62.74
236771,187.32,250.00,49,3.00,62.68
236871,187.31,250.00,50,3.00,62.69
236971,187.35,250.00,49,3.00,62.65
237071,187.34,250.00,50,3.00,62.66
237171,187.33,250.00,50,3.00,62.67
237271,187.33,250.00,50,3.00,62.67
237371,187.36,250.00,49,3.00,62.64
237471,187.35,250.00,50,3.00,62.65
237571,187.36,250.00,50,3.00,62.64
237671,187.30,250.00,50,3.00,62.70
237771,187.32,250.00,50,3.00,62.68
237871,187.37,250.00,49,3.00,62.63
237971,187.38,250.00,50,3.00,62.62
238071,187.44,250.00,49,3.00,62.56
238171,187.44,250.00,50,3.00,62.56
238271,187.43,250.00,50,3.00,62.57
238371,187.48,250.00,49,3.00,62.52
238471,187.54,250.00,49,3.00,62.46
238571,187.51,250.00,50,3.00,62.49
238671,187.49,250.00,50,3.00,62.51
238771,187.47,250.00,50,3.00,62.53
238871,187.52,250.00,49,3.00,62.48
238971,187.50,250.00,50,3.00,62.50
239071,187.55,250.00,49,3.00,62.45
239171,187.56,250.00,49,3.00,62.44
239271,187.55,250.00,50,3.00,62.45
239371,187.61,250.00,49,3.00,62.39
239471,187.65,250.00,49,3.00,62.35
239571,187.65,250.00,49,3.00,62.35
239671,187.68,250.00,49,3.00,62.32
239771,187.66,250.00,50,3.00,62.34
239871,187.71,250.00,49,3.00,62.29
239971,187.78,250.00,49,3.00,62.22
240071,187.80,250.00,49,3.00,62.20
240171,187.84,250.00,49,3.00,62.16
240271,187.87,250.00,49,3.00,62.13
240371,187.87,250.00,49,3.00,62.13
240471,187.90,250.00,49,3.00,62.10
240571,187.89,250.00,49,3.00,62.11
240671,187.90,250.00,49,3.00,62.10
240771,187.91,250.00,49,3.00,62.09
240871,187.92,250.00,49,3.00,62.08
240971,187.93,250.00,49,3.00,62.07
241071,187.95,250.00,49,3.00,62.05
241171,187.94,250.00,49,3.00,62.06
241271,187.94,250.00,49,3.00,62.06
241371,187.95,250.00,49,3.00,62.05
241471,187.95,250.00,49,3.00,62.05
241571,188.01,250.00,49,3.00,61.99
241671,188.01,250.00,49,3.00,61.99
241771,188.06,250.00,49,3.00,61.94
241871,188.08,250.00,49,3.00,61.92
241971,188.09,250.00,49,3.00,61.91
242071,188.13,250.00,49,3.00,61.87
242171,188.14,250.00,49,3.00,61.86
242271,188.14,250.00,49,3.00,61.86
242371,188.16,250.00,49,3.00,61.84
242471,188.16,250.00,49,3.00,61.84
242571,188.24,250.00,48,3.00,61.76
242671,188.30,250.00,48,3.00,61.70
242771,188.29,250.00,49,3.00,61.71
242871,188.30,250.00,49,3.00,61.70
242971,188.32,250.00,49,3.00,61.68
243071,188.33,250.00,49,3.00,61.67
243171,188.35,250.00,49,3.00,61.65
243271,188.35,250.00,49,3.00,61.65
243371,188.37,250.00,49,3.00,61.63
243471,188.35,250.00,49,3.00,61.65
243571,188.35,250.00,49,3.00,61.65
243671,188.42,250.00,48,3.00,61.58
243771,188.42,250.00,49,3.00,61.58
243871,188.45,250.00,49,3.00,61.55
243971,188.42,250.00,49,3.00,61.58
244071,188.43,250.00,49,3.00,61.57
244171,188.46,250.00,49,3.00,61.54
244271,188.47,250.00,49,3.00,61.53
244371,188.49,250.00,49,3.00,61.51
244471,188.50,250.00,49,3.00,61.50
244571,188.48,250.00,49,3.00,61.52
244671,188.51,250.00,49,3.00,61.49
244771,188.51,250.00,49,3.00,61.49
244871,188.51,250.00,49,3.00,61.49
244971,188.50,250.00,49,3.00,61.50
245071,188.50,250.00,49,3.00,61.50
245171,188.51,250.00,49,3.00,61.49
245271,188.53,250.00,49,3.00,61.47
245371,188.51,250.00,49,3.00,61.49
245471,188.53,250.00,49,3.00,61.47
245571,188.51,250.00,49,3.00,61.49
245671,188.50,250.00,49,3.00,61.50
245771,188.56,250.00,48,3.00,61.44
245871,188.56,250.00,49,3.00,61.44
245971,188.59,250.00,48,3.00,61.41
246071,188.55,250.00,49,3.00,61.45
246171,188.55,250.00,49,3.00,61.45
246271,188.58,250.00,48,3.00,61.42
246371,188.60,250.00,49,3.00,61.40
246471,188.63,250.00,48,3.00,61.37
246571,188.66,250.00,48,3.00,61.34
246671,188.64,250.00,49,3.00,61.36
246771,188.67,250.00,48,3.00,61.33
246871,188.73,250.00,48,3.00,61.27
246971,188.69,250.00,49,3.00,61.31
247071,188.68,250.00,49,3.00,61.32
247171,188.66,250.00,49,3.00,61.34
247271,188.67,250.00,49,3.00,61.33
247371,188.68,250.00,49,3.00,61.32
247471,188.70,250.00,48,3.00,61.30
247571,188.70,250.00,49,3.00,61.30
247671,188.67,250.00,49,3.00,61.33
247771,188.69,250.00,48,3.00,61.31
247871,188.75,250.00,48,3.00,61.25
247971,188.75,250.00,49,3.00,61.25
248071,188.76,250.00,48,3.00,61.24
248171,188.74,250.00,49,3.00,61.26
248271,188.74,250.00,49,3.00,61.26
248371,188.79,250.00,48,3.00,61.21
248471,188.80,250.00,48,3.00,61.20
248571,188.81,250.00,48,3.00,61.19
248671,188.82,250.00,48,3.00,61.18
248771,188.78,250.00,49,3.00,61.22
248871,188.86,250.00,48,3.00,61.14
248971,188.85,250.00,49,3.00,61.15
249071,188.84,250.00,49,3.00,61.16
249171,188.84,250.00,48,3.00,61.16
249271,188.85,250.00,48,3.00,61.15
249371,188.85,250.00,48,3.00,61.15
249471,188.88,250.00,48,3.00,61.12
249571,188.90,250.00,48,3.00,61.10
249671,188.92,250.00,48,3.00,61.08
249771,188.90,250.00,49,3.00,61.10
249871,188.88,250.00,49,3.00,61.12
249971,188.94,250.00,48,3.00,61.06
250071,188.93,250.00,48,3.00,61.07
250171,188.97,250.00,48,3.00,61.03
250271,188.94,250.00,49,3.00,61.06
250371,188.96,250.00,48,3.00,61.04
250471,188.99,250.00,48,3.00,61.01
250571,189.00,250.00,48,3.00,61.00
250671,189.01,250.00,48,3.00,60.99
250771,189.02,250.00,48,3.00,60.98
250871,189.01,250.00,48,3.00,60.99
250971,189.01,250.00,48,3.00,60.99
251071,188.98,250.00,49,3.00,61.02
251171,188.99,250.00,48,3.00,61.01
251271,188.99,250.00,48,3.00,61.01
251371,188.98,250.00,48,3.00,61.02
251471,188.99,250.00,48,3.00,61.01
251571,189.00,250.00,48,3.00,61.00
251671,189.01,250.00,48,3.00,60.99
251771,189.02,250.00,48,3.00,60.98
251871,189.00,250.00,48,3.00,61.00
251971,188.98,250.00,49,3.00,61.02
252071,189.02,250.00,48,3.00,60.98
252171,189.01,250.00,48,3.00,60.99
252271,189.06,250.00,48,3.00,60.94
252371,189.02,250.00,49,3.00,60.98
252471,189.03,250.00,48,3.00,60.97
252571,189.09,250.00,48,3.00,60.91
252671,189.09,250.00,48,3.00,60.91
252771,189.09,250.00,48,3.00,60.91
252871,189.09,250.00,48,3.00,60.91
252971,189.09,250.00,48,3.00,60.91
253071,189.11,250.00,48,3.00,60.89
253171,189.16,250.00,48,3.00,60.84
253271,189.14,250.00,48,3.00,60.86
253371,189.11,250.00,48,3.00,60.89
253471,189.09,250.00,48,3.00,60.91
253571,189.11,250.00,48,3.00,60.89
253671,189.11,250.00,48,3.00,60.89
253771,189.12,250.00,48,3.00,60.88
253871,189.14,250.00,48,3.00,60.86
253971,189.10,250.00,49,3.00,60.90
254071,189.08,250.00,48,3.00,60.92
254171,189.12,250.00,48,3.00,60.88
254271,189.11,250.00,48,3.00,60.89
254371,189.15,250.00,48,3.00,60.85
254471,189.12,250.00,48,3.00,60.88
254571,189.12,250.00,48,3.00,60.88
254671,189.15,250.00,48,3.00,60.85
254771,189.15,250.00,48,3.00,60.85
254871,189.16,250.00,48,3.00,60.84
254971,189.17,250.00,48,3.00,60.83
255071,189.14,250.00,48,3.00,60.86
255171,189.16,250.00,48,3.00,60.84
255271,189.13,250.00,48,3.00,60.87
255371,189.11,250.00,48,3.00,60.89
255471,189.09,250.00,48,3.00,60.91
255571,189.09,250.00,48,3.00,60.91
255671,189.11,250.00,48,3.00,60.89
255771,189.12,250.00,48,3.00,60.88
255871,189.12,250.00,48,3.00,60.88
255971,189.12,250.00,48,3.00,60.88
256071,189.10,250.00,48,3.00,60.90
256171,189.08,250.00,48,3.00,60.92
256271,189.11,250.00,48,3.00,60.89
256371,189.11,250.00,48,3.00,60.89
256471,189.15,250.00,48,3.00,60.85
256571,189.12,250.00,48,3.00,60.88
256671,189.12,250.00,48,3.00,60.88
256771,189.17,250.00,48,3.00,60.83
256871,189.16,250.00,48,3.00,60.84
256971,189.19,250.00,48,3.00,60.81
257071,189.20,250.00,48,3.00,60.80
257171,189.17,250.00,48,3.00,60.83
257271,189.24,250.00,48,3.00,60.76
257371,189.20,250.00,48,3.00,60.80
257471,189.17,250.00,48,3.00,60.83
257571,189.18,250.00,48,3.00,60.82
257671,189.19,250.00,48,3.00,60.81
257771,189.22,250.00,48,3.00,60.78
257871,189.22,250.00,48,3.00,60.78
257971,189.25,250.00,48,3.00,60.75
258071,189.27,250.00,48,3.00,60.73
258171,189.25,250.00,48,3.00,60.75
258271,189.22,250.00,48,3.00,60.78
258371,189.28,250.00,48,3.00,60.72
258471,189.28,250.00,48,3.00,60.72
258571,189.31,250.00,48,3.00,60.69
258671,189.29,250.00,48,3.00,60.71
258771,189.31,250.00,48,3.00,60.69
258871,189.32,250.00,48,3.00,60.68
258971,189.32,250.00,48,3.00,60.68
259071,189.33,250.00,48,3.00,60.67
259171,189.35,250.00,48,3.00,60.65
259271,189.32,250.00,48,3.00,60.68
259371,189.33,250.00,48,3.00,60.67
259471,189.31,250.00,48,3.00,60.69
259571,189.29,250.00,48,3.00,60.71
259671,189.27,250.00,48,3.00,60.73
259771,189.25,250.00,48,3.00,60.75
259871,189.27,250.00,48,3.00,60.73
259971,189.27,250.00,48,3.00,60.73
260071,189.25,250.00,48,3.00,60.75
260171,189.25,250.00,48,3.00,60.75
260271,189.24,250.00,48,3.00,60.76
260371,189.26,250.00,48,3.00,60.74
260471,189.32,250.00,48,3.00,60.68
260571,189.31,250.00,48,3.00,60.69
260671,189.35,250.00,48,3.00,60.65
260771,189.32,250.00,48,3.00,60.68
260871,189.33,250.00,48,3.00,60.67
260971,189.38,250.00,48,3.00,60.62
261071,189.39,250.00,48,3.00,60.61
261171,189.42,250.00,48,3.00,60.58
261271,189.42,250.00,48,3.00,60.58
261371,189.39,250.00,48,3.00,60.61
261471,189.45,250.00,47,3.00,60.55
261571,189.51,250.00,47,3.00,60.49
261671,189.50,250.00,48,3.00,60.50
261771,189.48,250.00,48,3.00,60.52
261871,189.44,250.00,48,3.00,60.56
261971,189.44,250.00,48,3.00,60.56
262071,189.44,250.00,48,3.00,60.56
262171,189.46,250.00,48,3.00,60.54
262271,189.46,250.00,48,3.00,60.54
262371,189.43,250.00,48,3.00,60.57
262471,189.43,250.00,48,3.00,60.57
262571,189.49,250.00,47,3.00,60.51
262671,189.49,250.00,48,3.00,60.51
262771,189.52,250.00,48,3.00,60.48
262871,189.48,250.00,48,3.00,60.52
262971,189.48,250.00,48,3.00,60.52
263071,189.51,250.00,48,3.00,60.49
263171,189.51,250.00,48,3.00,60.49
263271,189.52,250.00,48,3.00,60.48
263371,189.51,250.00,48,3.00,60.49
263471,189.49,250.00,48,3.00,60.51
263571,189.54,250.00,47,3.00,60.46
263671,189.59,250.00,47,3.00,60.41
263771,189.60,250.00,48,3.00,60.40
263871,189.54,250.00,48,3.00,60.46
263971,189.52,250.00,48,3.00,60.48
264071,189.51,250.00,48,3.00,60.49
264171,189.51,250.00,48,3.00,60.49
264271,189.52,250.00,48,3.00,60.48
264371,189.51,250.00,48,3.00,60.49
264471,189.47,250.00,48,3.00,60.53
264571,189.43,250.00,48,3.00,60.57
264671,189.53,250.00,47,3.00,60.47
264771,189.50,250.00,48,3.00,60.50
264871,189.54,250.00,48,3.00,60.46
264971,189.49,250.00,48,3.00,60.51
265071,189.47,250.00,48,3.00,60.53
265171,189.51,250.00,48,3.00,60.49
265271,189.50,250.00,48,3.00,60.50
265371,189.52,250.00,48,3.00,60.48
265471,189.51,250.00,48,3.00,60.49
265571,189.49,250.00,48,3.00,60.51
265671,189.50,250.00,48,3.00,60.50
265771,189.55,250.00,47,3.00,60.45
265871,189.56,250.00,48,3.00,60.44
265971,189.52,250.00,48,3.00,60.48
266071,189.49,250.00,48,3.00,60.51
266171,189.47,250.00,48,3.00,60.53
266271,189.47,250.00,48,3.00,60.53
266371,189.49,250.00,48,3.00,60.51
266471,189.48,250.00,48,3.00,60.52
266571,189.44,250.00,48,3.00,60.56
266671,189.46,250.00,48,3.00,60.54
266771,189.54,250.00,47,3.00,60.46
266871,189.53,250.00,48,3.00,60.47
266971,189.56,250.00,48,3.00,60.44
267071,189.51,250.00,48,3.00,60.49
267171,189.56,250.00,47,3.00,60.44
267271,189.61,250.00,47,3.00,60.39
267371,189.61,250.00,48,3.00,60.39
267471,189.64,250.00,48,3.00,60.36
267571,189.64,250.00,48,3.00,60.36
267671,189.60,250.00,48,3.00,60.40
267771,189.60,250.00,48,3.00,60.40
267871,189.57,250.00,48,3.00,60.43
267971,189.54,250.00,48,3.00,60.46
268071,189.53,250.00,48,3.00,60.47
268171,189.53,250.00,48,3.00,60.47
268271,189.52,250.00,48,3.00,60.48
268371,189.49,250.00,48,3.00,60.51
268471,189.53,250.00,48,3.00,60.47
268571,189.54,250.00,48,3.00,60.46
268671,189.51,250.00,48,3.00,60.49
268771,189.54,250.00,48,3.00,60.46
268871,189.59,250.00,47,3.00,60.41
268971,189.58,250.00,48,3.00,60.42
269071,189.60,250.00,48,3.00,60.40
269171,189.59,250.00,48,3.00,60.41
269271,189.60,250.00,48,3.00,60.40
269371,189.64,250.00,47,3.00,60.36
269471,189.64,250.00,48,3.00,60.36
269571,189.66,250.00,48,3.00,60.34
269671,189.66,250.00,48,3.00,60.34
269771,189.62,250.00,48,3.00,60.38
269871,189.68,250.00,47,3.00,60.32
269971,189.64,250.00,48,3.00,60.36
270071,189.60,250.00,48,3.00,60.40
270171,189.57,250.00,48,3.00,60.43
270271,189.58,250.00,48,3.00,60.42
270371,189.58,250.00,48,3.00,60.42
270471,189.59,250.00,48,3.00,60.41
270571,189.61,250.00,48,3.00,60.39
270671,189.62,250.00,48,3.00,60.38
270771,189.58,250.00,48,3.00,60.42
270871,189.55,250.00,48,3.00,60.45
270971,189.64,250.00,47,3.00,60.36
271071,189.64,250.00,48,3.00,60.36
271171,189.66,250.00,48,3.00,60.34
271271,189.64,250.00,48,3.00,60.36
271371,189.64,250.00,48,3.00,60.36
271471,189.68,250.00,47,3.00,60.32
271571,189.67,250.00,48,3.00,60.33
271671,189.67,250.00,48,3.00,60.33
271771,189.67,250.00,48,3.00,60.33
271871,189.65,250.00,48,3.00,60.35
271971,189.70,250.00,47,3.00,60.30
272071,189.75,250.00,47,3.00,60.25
272171,189.72,250.00,48,3.00,60.28
272271,189.70,250.00,48,3.00,60.30
272371,189.67,250.00,48,3.00,60.33
272471,189.73,250.00,47,3.00,60.27
272571,189.72,250.00,48,3.00,60.28
272671,189.73,250.00,48,3.00,60.27
272771,189.72,250.00,48,3.00,60.28
272871,189.68,250.00,48,3.00,60.32
272971,189.64,250.00,48,3.00,60.36
273071,189.71,250.00,47,3.00,60.29
273171,189.71,250.00,48,3.00,60.29
273271,189.74,250.00,47,3.00,60.26
273371,189.69,250.00,48,3.00,60.31
273471,189.69,250.00,48,3.00,60.31
273571,189.72,250.00,47,3.00,60.28
273671,189.71,250.00,48,3.00,60.29
273771,189.72,250.00,48,3.00,60.28
273871,189.73,250.00,48,3.00,60.27
273971,189.71,250.00,48,3.00,60.29
274071,189.78,250.00,47,3.00,60.22
274171,189.73,250.00,48,3.00,60.27
274271,189.70,250.00,48,3.00,60.30
274371,189.68,250.00,48,3.00,60.32
274471,189.65,250.00,48,3.00,60.35
274571,189.67,250.00,48,3.00,60.33
274671,189.67,250.00,48,3.00,60.33
274771,189.65,250.00,48,3.00,60.35
274871,189.65,250.00,48,3.00,60.35
274971,189.61,250.00,48,3.00,60.39
275071,189.59,250.00,48,3.00,60.41
275171,189.71,250.00,47,3.00,60.29
275271,189.74,250.00,47,3.00,60.26
275371,189.81,250.00,47,3.00,60.19
275471,189.79,250.00,48,3.00,60.21
275571,189.83,250.00,47,3.00,60.17
275671,189.89,250.00,47,3.00,60.11
275771,189.89,250.00,48,3.00,60.11
275871,189.92,250.00,47,3.00,60.08
275971,189.91,250.00,48,3.00,60.09
276071,189.90,250.00,48,3.00,60.10
276171,189.99,250.00,47,3.00,60.01
276271,190.05,250.00,47,3.00,59.95
276371,190.01,250.00,48,3.00,59.99
276471,189.97,250.00,48,3.00,60.03
276571,189.94,250.00,48,3.00,60.06
276671,189.93,250.00,48,3.00,60.07
276771,189.94,250.00,47,3.00,60.06
276871,189.97,250.00,47,3.00,60.03
276971,189.97,250.00,47,3.00,60.03
277071,189.92,250.00,48,3.00,60.08
277171,189.95,250.00,47,3.00,60.05
277271,189.99,250.00,47,3.00,60.01
277371,189.98,250.00,48,3.00,60.02
277471,190.04,250.00,47,3.00,59.96
277571,189.98,250.00,48,3.00,60.02
277671,189.97,250.00,48,3.00,60.03
277771,190.01,250.00,47,3.00,59.99
277871,190.01,250.00,47,3.00,59.99
277971,190.03,250.00,47,3.00,59.97
278071,190.03,250.00,47,3.00,59.97
278171,190.01,250.00,48,3.00,59.99
278271,190.01,250.00,47,3.00,59.99
278371,189.97,250.00,48,3.00,60.03
278471,189.94,250.00,48,3.00,60.06
278571,189.91,250.00,48,3.00,60.09
278671,189.90,250.00,48,3.00,60.10
278771,189.90,250.00,48,3.00,60.10
278871,189.91,250.00,47,3.00,60.09
278971,189.92,250.00,47,3.00,60.08
279071,189.93,250.00,47,3.00,60.07
279171,189.90,250.00,48,3.00,60.10
279271,189.93,250.00,47,3.00,60.07
279371,190.00,250.00,47,3.00,60.00
279471,190.00,250.00,47,3.00,60.00
279571,190.04,250.00,47,3.00,59.96
279671,190.00,250.00,48,3.00,60.00
279771,189.98,250.00,48,3.00,60.02
279871,190.03,250.00,47,3.00,59.97
279971,190.01,250.00,48,3.00,59.99
280071,190.03,250.00,47,3.00,59.97
280171,190.04,250.00,47,3.00,59.96
280271,190.02,250.00,48,3.00,59.98
280371,190.02,250.00,47,3.00,59.98
280471,189.98,250.00,48,3.00,60.02
280571,189.97,250.00,48,3.00,60.03
280671,189.94,250.00,48,3.00,60.06
280771,189.93,250.00,48,3.00,60.07
280871,189.94,250.00,47,3.00,60.06
280971,189.96,250.00,47,3.00,60.04
281071,189.97,250.00,47,3.00,60.03
281171,189.99,250.00,47,3.00,60.01
281271,189.94,250.00,48,3.00,60.06
281371,189.99,250.00,47,3.00,60.01
281471,190.06,250.00,47,3.00,59.94
281571,190.06,250.00,47,3.00,59.94
281671,190.09,250.00,47,3.00,59.91
281771,190.07,250.00,48,3.00,59.93
281871,190.06,250.00,47,3.00,59.94
281971,190.12,250.00,47,3.00,59.88
282071,190.20,250.00,47,3.00,59.80
282171,190.18,250.00,47,3.00,59.82
282271,190.17,250.00,47,3.00,59.83
282371,190.13,250.00,48,3.00,59.87
282471,190.20,250.00,47,3.00,59.80
282571,190.26,250.00,47,3.00,59.74
282671,190.25,250.00,47,3.00,59.75
282771,190.19,250.00,48,3.00,59.81
282871,190.19,250.00,47,3.00,59.81
282971,190.18,250.00,47,3.00,59.82
283071,190.18,250.00,47,3.00,59.82
283171,190.20,250.00,47,3.00,59.80
283271,190.20,250.00,47,3.00,59.80
283371,190.16,250.00,48,3.00,59.84
283471,190.11,250.00,48,3.00,59.89
283571,190.20,250.00,47,3.00,59.80
283671,190.16,250.00,48,3.00,59.84
283771,190.22,250.00,47,3.00,59.78
283871,190.18,250.00,48,3.00,59.82
283971,190.23,250.00,47,3.00,59.77
284071,190.28,250.00,47,3.00,59.72
284171,190.31,250.00,47,3.00,59.69
284271,190.34,250.00,47,3.00,59.66
284371,190.35,250.00,47,3.00,59.65
284471,190.33,250.00,47,3.00,59.67
284571,190.34,250.00,47,3.00,59.66
284671,190.42,250.00,47,3.00,59.58
284771,190.44,250.00,47,3.00,59.56
284871,190.40,250.00,47,3.00,59.60
284971,190.38,250.00,47,3.00,59.62
285071,190.38,250.00,47,3.00,59.62
285171,190.38,250.00,47,3.00,59.62
285271,190.40,250.00,47,3.00,59.60
285371,190.40,250.00,47,3.00,59.60
285471,190.36,250.00,47,3.00,59.64
285571,190.37,250.00,47,3.00,59.63
285671,190.43,250.00,47,3.00,59.57
285771,190.41,250.00,47,3.00,59.59
285871,190.44,250.00,47,3.00,59.56
285971,190.42,250.00,47,3.00,59.58
286071,190.42,250.00,47,3.00,59.58
286171,190.45,250.00,47,3.00,59.55
286271,190.47,250.00,47,3.00,59.53
286371,190.50,250.00,47,3.00,59.50
286471,190.51,250.00,47,3.00,59.49
286571,190.48,250.00,47,3.00,59.52
286671,190.49,250.00,47,3.00,59.51
286771,190.56,250.00,47,3.00,59.44
286871,190.56,250.00,47,3.00,59.44
286971,190.56,250.00,47,3.00,59.44
287071,190.53,250.00,47,3.00,59.47
287171,190.61,250.00,46,3.00,59.39
287271,190.61,250.00,47,3.00,59.39
287371,190.63,250.00,47,3.00,59.37
287471,190.62,250.00,47,3.00,59.38
287571,190.58,250.00,47,3.00,59.42
287671,190.54,250.00,47,3.00,59.46
287771,190.59,250.00,47,3.00,59.41
287871,190.59,250.00,47,3.00,59.41
287971,190.63,250.00,47,3.00,59.37
288071,190.60,250.00,47,3.00,59.40
288171,190.60,250.00,47,3.00,59.40
288271,190.64,250.00,47,3.00,59.36
288371,190.63,250.00,47,3.00,59.37
288471,190.63,250.00,47,3.00,59.37
288571,190.63,250.00,47,3.00,59.37
288671,190.60,250.00,47,3.00,59.40
288771,190.68,250.00,46,3.00,59.32
288871,190.73,250.00,47,3.00,59.27
288971,190.73,250.00,47,3.00,59.27
289071,190.68,250.00,47,3.00,59.32
289171,190.65,250.00,47,3.00,59.35
289271,190.65,250.00,47,3.00,59.35
289371,190.64,250.00,47,3.00,59.36
289471,190.65,250.00,47,3.00,59.35
289571,190.65,250.00,47,3.00,59.35
289671,190.62,250.00,47,3.00,59.38
289771,190.58,250.00,47,3.00,59.42
289871,190.62,250.00,47,3.00,59.38
289971,190.60,250.00,47,3.00,59.40
290071,190.64,250.00,47,3.00,59.36
290171,190.61,250.00,47,3.00,59.39
290271,190.61,250.00,47,3.00,59.39
290371,190.65,250.00,47,3.00,59.35
290471,190.64,250.00,47,3.00,59.36
290571,190.67,250.00,47,3.00,59.33
290671,190.68,250.00,47,3.00,59.32
290771,190.64,250.00,47,3.00,59.36
290871,190.65,250.00,47,3.00,59.35
290971,190.72,250.00,46,3.00,59.28
291071,190.69,250.00,47,3.00,59.31
291171,190.66,250.00,47,3.00,59.34
291271,190.63,250.00,47,3.00,59.37
291371,190.63,250.00,47,3.00,59.37
291471,190.65,250.00,47,3.00,59.35
291571,190.66,250.00,47,3.00,59.34
291671,190.67,250.00,47,3.00,59.33
291771,190.64,250.00,47,3.00,59.36
291871,190.64,250.00,47,3.00,59.36
291971,190.75,250.00,46,3.00,59.25
292071,190.77,250.00,47,3.00,59.23
292171,190.81,250.00,47,3.00,59.19
292271,190.79,250.00,47,3.00,59.21
292371,190.79,250.00,47,3.00,59.21
292471,190.85,250.00,46,3.00,59.15
292571,190.84,250.00,47,3.00,59.16
292671,190.87,250.00,47,3.00,59.13
292771,190.86,250.00,47,3.00,59.14
292871,190.84,250.00,47,3.00,59.16
292971,190.85,250.00,47,3.00,59.15
293071,190.82,250.00,47,3.00,59.18
293171,190.80,250.00,47,3.00,59.20
293271,190.78,250.00,47,3.00,59.22
293371,190.76,250.00,47,3.00,59.24
293471,190.76,250.00,47,3.00,59.24
293571,190.78,250.00,47,3.00,59.22
293671,190.80,250.00,47,3.00,59.20
293771,190.82,250.00,47,3.00,59.18
293871,190.78,250.00,47,3.00,59.22
293971,190.76,250.00,47,3.00,59.24
294071,190.84,250.00,46,3.00,59.16
294171,190.83,250.00,47,3.00,59.17
294271,190.89,250.00,46,3.00,59.11
294371,190.86,250.00,47,3.00,59.14
294471,190.87,250.00,47,3.00,59.13
294571,190.92,250.00,46,3.00,59.08
294671,190.92,250.00,47,3.00,59.08
294771,190.95,250.00,47,3.00,59.05
294871,190.95,250.00,47,3.00,59.05
294971,190.93,250.00,47,3.00,59.07
295071,190.99,250.00,46,3.00,59.01
295171,191.05,250.00,46,3.00,58.95
295271,191.00,250.00,47,3.00,59.00
295371,190.96,250.00,47,3.00,59.04
295471,190.93,250.00,47,3.00,59.07
295571,190.93,250.00,47,3.00,59.07
295671,190.93,250.00,47,3.00,59.07
295771,190.96,250.00,47,3.00,59.04
295871,190.96,250.00,47,3.00,59.04
295971,190.92,250.00,47,3.00,59.08
296071,190.95,250.00,47,3.00,59.05
296171,191.03,250.00,46,3.00,58.97
296271,191.04,250.00,47,3.00,58.96
296371,191.07,250.00,46,3.00,58.93
296471,191.04,250.00,47,3.00,58.96
296571,191.04,250.00,47,3.00,58.96
296671,191.07,250.00,46,3.00,58.93
296771,191.06,250.00,47,3.00,58.94
296871,191.09,250.00,46,3.00,58.91
296971,191.10,250.00,47,3.00,58.90
297071,191.07,250.00,47,3.00,58.93
297171,191.13,250.00,46,3.00,58.87
297271,191.18,250.00,46,3.00,58.82
297371,191.14,250.00,47,3.00,58.86
297471,191.10,250.00,47,3.00,58.90
297571,191.07,250.00,47,3.00,58.93
297671,191.08,250.00,47,3.00,58.92
297771,191.07,250.00,47,3.00,58.93
297871,191.08,250.00,47,3.00,58.92
297971,191.09,250.00,47,3.00,58.91
298071,191.06,250.00,47,3.00,58.94
298171,191.03,250.00,47,3.00,58.97
298271,191.08,250.00,46,3.00,58.92
298371,191.05,250.00,47,3.00,58.95
298471,191.08,250.00,46,3.00,58.92
298571,191.05,250.00,47,3.00,58.95
298671,191.06,250.00,47,3.00,58.94
298771,191.11,250.00,46,3.00,58.89
298871,191.10,250.00,47,3.00,58.90
298971,191.09,250.00,47,3.00,58.91
299071,191.09,250.00,47,3.00,58.91
299171,191.06,250.00,47,3.00,58.94
299271,191.07,250.00,47,3.00,58.93
299371,191.14,250.00,46,3.00,58.86
299471,191.10,250.00,47,3.00,58.90
299571,191.11,250.00,47,3.00,58.89
299671,191.12,250.00,47,3.00,58.88
299771,191.14,250.00,46,3.00,58.86
299871,191.16,250.00,46,3.00,58.84
299971,191.16,250.00,47,3.00,58.84
300071,191.18,250.00,46,3.00,58.82
300171,191.16,250.00,47,3.00,58.84
300271,191.14,250.00,47,3.00,58.86
300371,191.20,250.00,46,3.00,58.80
300471,191.22,250.00,46,3.00,58.78
300571,191.27,250.00,46,3.00,58.73
300671,191.24,250.00,47,3.00,58.76
300771,191.25,250.00,46,3.00,58.75
300871,191.30,250.00,46,3.00,58.70
300971,191.31,250.00,46,3.00,58.69
301071,191.33,250.00,46,3.00,58.67
301171,191.34,250.00,46,3.00,58.66
301271,191.32,250.00,47,3.00,58.68
301371,191.32,250.00,46,3.00,58.68
301471,191.29,250.00,47,3.00,58.71
301571,191.28,250.00,47,3.00,58.72
301671,191.27,250.00,47,3.00,58.73
301771,191.26,250.00,47,3.00,58.74
301871,191.27,250.00,46,3.00,58.73
301971,191.28,250.00,46,3.00,58.72
302071,191.28,250.00,46,3.00,58.72
302171,191.29,250.00,46,3.00,58.71
302271,191.28,250.00,47,3.00,58.72
302371,191.29,250.00,46,3.00,58.71
302471,191.35,250.00,46,3.00,58.65
302571,191.35,250.00,46,3.00,58.65
302671,191.39,250.00,46,3.00,58.61
302771,191.37,250.00,47,3.00,58.63
302871,191.37,250.00,46,3.00,58.63
302971,191.43,250.00,46,3.00,58.57
303071,191.44,250.00,46,3.00,58.56
303171,191.45,250.00,46,3.00,58.55
303271,191.46,250.00,46,3.00,58.54
303371,191.45,250.00,46,3.00,58.55
303471,191.52,250.00,46,3.00,58.48
303571,191.49,250.00,47,3.00,58.51
303671,191.47,250.00,46,3.00,58.53
303771,191.46,250.00,46,3.00,58.54
303871,191.47,250.00,46,3.00,58.53
303971,191.48,250.00,46,3.00,58.52
304071,191.49,250.00,46,3.00,58.51
304171,191.46,250.00,47,3.00,58.54
304271,191.49,250.00,46,3.00,58.51
304371,191.45,250.00,47,3.00,58.55
304471,191.44,250.00,46,3.00,58.56
304571,191.51,250.00,46,3.00,58.49
304671,191.52,250.00,46,3.00,58.48
304771,191.58,250.00,46,3.00,58.42
304871,191.54,250.00,47,3.00,58.46
304971,191.54,250.00,46,3.00,58.46
305071,191.60,250.00,46,3.00,58.40
305171,191.60,250.00,46,3.00,58.40
305271,191.63,250.00,46,3.00,58.37
305371,191.64,250.00,46,3.00,58.36
305471,191.62,250.00,46,3.00,58.38
305571,191.63,250.00,46,3.00,58.37
305671,191.68,250.00,46,3.00,58.32
305771,191.67,250.00,46,3.00,58.33
305871,191.66,250.00,46,3.00,58.34
305971,191.61,250.00,47,3.00,58.39
306071,191.62,250.00,46,3.00,58.38
306171,191.60,250.00,46,3.00,58.40
306271,191.57,250.00,46,3.00,58.43
306371,191.59,250.00,46,3.00,58.41
306471,191.57,250.00,46,3.00,58.43
306571,191.55,250.00,46,3.00,58.45
306671,191.61,250.00,46,3.00,58.39
306771,191.58,250.00,46,3.00,58.42
306871,191.60,250.00,46,3.00,58.40
306971,191.58,250.00,46,3.00,58.42
307071,191.59,250.00,46,3.00,58.41
307171,191.63,250.00,46,3.00,58.37
307271,191.62,250.00,46,3.00,58.38
307371,191.63,250.00,46,3.00,58.37
307471,191.65,250.00,46,3.00,58.35
307571,191.62,250.00,46,3.00,58.38
307671,191.63,250.00,46,3.00,58.37
307771,191.60,250.00,46,3.00,58.40
307871,191.60,250.00,46,3.00,58.40
307971,191.59,250.00,46,3.00,58.41
308071,191.61,250.00,46,3.00,58.39
308171,191.62,250.00,46,3.00,58.38
308271,191.66,250.00,46,3.00,58.34
308371,191.69,250.00,46,3.00,58.31
308471,191.71,250.00,46,3.00,58.29
308571,191.70,250.00,46,3.00,58.30
308671,191.74,250.00,46,3.00,58.26
308771,191.80,250.00,46,3.00,58.20
308871,191.78,250.00,46,3.00,58.22
308971,191.81,250.00,46,3.00,58.19
309071,191.81,250.00,46,3.00,58.19
309171,191.80,250.00,46,3.00,58.20
309271,191.84,250.00,46,3.00,58.16
309371,191.85,250.00,46,3.00,58.15
309471,191.84,250.00,46,3.00,58.16
309571,191.87,250.00,46,3.00,58.13
309671,191.86,250.00,46,3.00,58.14
309771,191.93,250.00,45,3.00,58.07
309871,191.99,250.00,45,3.00,58.01
309971,191.94,250.00,46,3.00,58.06
310071,191.91,250.00,46,3.00,58.09
310171,191.89,250.00,46,3.00,58.11
310271,191.88,250.00,46,3.00,58.12
310371,191.88,250.00,46,3.00,58.12
310471,191.89,250.00,46,3.00,58.11
310571,191.90,250.00,46,3.00,58.10
310671,191.86,250.00,46,3.00,58.14
310771,191.89,250.00,46,3.00,58.11
310871,191.94,250.00,46,3.00,58.06
310971,191.94,250.00,46,3.00,58.06
311071,191.96,250.00,46,3.00,58.04
311171,191.94,250.00,46,3.00,58.06
311271,191.94,250.00,46,3.00,58.06
311371,191.98,250.00,46,3.00,58.02
311471,191.94,250.00,46,3.00,58.06
311571,191.96,250.00,46,3.00,58.04
311671,191.98,250.00,46,3.00,58.02
311771,191.95,250.00,46,3.00,58.05
311871,191.97,250.00,46,3.00,58.03
311971,192.03,250.00,45,3.00,57.97
312071,192.00,250.00,46,3.00,58.00
312171,191.98,250.00,46,3.00,58.02
312271,191.97,250.00,46,3.00,58.03
312371,191.97,250.00,46,3.00,58.03
312471,191.99,250.00,46,3.00,58.01
312571,192.01,250.00,46,3.00,57.99
312671,192.02,250.00,46,3.00,57.98
312771,191.97,250.00,46,3.00,58.03
312871,191.95,250.00,46,3.00,58.05
312971,192.01,250.00,45,3.00,57.99
313071,192.00,250.00,46,3.00,58.00
313171,192.04,250.00,46,3.00,57.96
313271,192.03,250.00,46,3.00,57.97
313371,192.04,250.00,46,3.00,57.96
313471,192.07,250.00,46,3.00,57.93
313571,192.06,250.00,46,3.00,57.94
313671,192.07,250.00,46,3.00,57.93
313771,192.08,250.00,46,3.00,57.92
313871,192.04,250.00,46,3.00,57.96
313971,192.05,250.00,46,3.00,57.95
314071,192.02,250.00,46,3.00,57.98
314171,192.04,250.00,46,3.00,57.96
314271,192.01,250.00,46,3.00,57.99
314371,192.00,250.00,46,3.00,58.00
314471,192.00,250.00,46,3.00,58.00
314571,192.01,250.00,46,3.00,57.99
314671,192.02,250.00,46,3.00,57.98
314771,192.04,250.00,46,3.00,57.96
314871,192.01,250.00,46,3.00,57.99
314971,192.00,250.00,46,3.00,58.00
315071,192.06,250.00,45,3.00,57.94
315171,192.09,250.00,46,3.00,57.91
315271,192.13,250.00,45,3.00,57.87
315371,192.11,250.00,46,3.00,57.89
315471,192.12,250.00,46,3.00,57.88
315571,192.16,250.00,45,3.00,57.84
315671,192.14,250.00,46,3.00,57.86
315771,192.16,250.00,46,3.00,57.84
315871,192.18,250.00,46,3.00,57.82
315971,192.15,250.00,46,3.00,57.85
316071,192.21,250.00,45,3.00,57.79
316171,192.27,250.00,45,3.00,57.73
316271,192.24,250.00,46,3.00,57.76
316371,192.21,250.00,46,3.00,57.79
316471,192.18,250.00,46,3.00,57.82
316571,192.18,250.00,46,3.00,57.82
316671,192.17,250.00,46,3.00,57.83
316771,192.19,250.00,46,3.00,57.81
316871,192.21,250.00,46,3.00,57.79
316971,192.18,250.00,46,3.00,57.82
317071,192.24,250.00,45,3.00,57.76
317171,192.35,250.00,45,3.00,57.65
317271,192.37,250.00,45,3.00,57.63
317371,192.41,250.00,45,3.00,57.59
317471,192.38,250.00,46,3.00,57.62
317571,192.38,250.00,46,3.00,57.62
317671,192.43,250.00,45,3.00,57.57
317771,192.42,250.00,46,3.00,57.58
317871,192.46,250.00,45,3.00,57.54
317971,192.47,250.00,45,3.00,57.53
318071,192.45,250.00,46,3.00,57.55
318171,192.46,250.00,45,3.00,57.54
318271,192.43,250.00,46,3.00,57.57
318371,192.40,250.00,46,3.00,57.60
318471,192.38,250.00,46,3.00,57.62
318571,192.35,250.00,46,3.00,57.65
318671,192.35,250.00,46,3.00,57.65
318771,192.37,250.00,45,3.00,57.63
318871,192.39,250.00,45,3.00,57.61
318971,192.41,250.00,45,3.00,57.59
319071,192.38,250.00,46,3.00,57.62
319171,192.36,250.00,46,3.00,57.64
319271,192.44,250.00,45,3.00,57.56
319371,192.45,250.00,45,3.00,57.55
319471,192.50,250.00,45,3.00,57.50
319571,192.46,250.00,46,3.00,57.54
319671,192.45,250.00,46,3.00,57.55
319771,192.48,250.00,45,3.00,57.52
319871,192.49,250.00,45,3.00,57.51
319971,192.51,250.00,45,3.00,57.49
320071,192.52,250.00,45,3.00,57.48
320171,192.48,250.00,46,3.00,57.52
320271,192.55,250.00,45,3.00,57.45
320371,192.61,250.00,45,3.00,57.39
320471,192.58,250.00,46,3.00,57.42
320571,192.54,250.00,46,3.00,57.46
320671,192.52,250.00,46,3.00,57.48
320771,192.50,250.00,46,3.00,57.50
320871,192.50,250.00,45,3.00,57.50
320971,192.53,250.00,45,3.00,57.47
321071,192.55,250.00,45,3.00,57.45
321171,192.51,250.00,46,3.00,57.49
321271,192.49,250.00,46,3.00,57.51
321371,192.58,250.00,45,3.00,57.42
321471,192.58,250.00,45,3.00,57.42
321571,192.61,250.00,45,3.00,57.39
321671,192.57,250.00,46,3.00,57.43
321771,192.56,250.00,45,3.00,57.44
321871,192.62,250.00,45,3.00,57.38
321971,192.62,250.00,45,3.00,57.38
322071,192.63,250.00,45,3.00,57.37
322171,192.62,250.00,45,3.00,57.38
322271,192.59,250.00,46,3.00,57.41
322371,192.61,250.00,45,3.00,57.39
322471,192.58,250.00,46,3.00,57.42
322571,192.56,250.00,46,3.00,57.44
322671,192.52,250.00,46,3.00,57.48
322771,192.50,250.00,46,3.00,57.50
322871,192.50,250.00,45,3.00,57.50
322971,192.51,250.00,45,3.00,57.49
323071,192.51,250.00,45,3.00,57.49
323171,192.58,250.00,45,3.00,57.42
323271,192.55,250.00,46,3.00,57.45
323371,192.59,250.00,45,3.00,57.41
323471,192.69,250.00,45,3.00,57.31
323571,192.67,250.00,45,3.00,57.33
323671,192.70,250.00,45,3.00,57.30
323771,192.71,250.00,45,3.00,57.29
323871,192.69,250.00,45,3.00,57.31
323971,192.74,250.00,45,3.00,57.26
324071,192.74,250.00,45,3.00,57.26
324171,192.74,250.00,45,3.00,57.26
324271,192.74,250.00,45,3.00,57.26
324371,192.72,250.00,45,3.00,57.28
324471,192.72,250.00,45,3.00,57.28
324571,192.79,250.00,45,3.00,57.21
324671,192.80,250.00,45,3.00,57.20
324771,192.78,250.00,45,3.00,57.22
324871,192.73,250.00,46,3.00,57.27
324971,192.73,250.00,45,3.00,57.27
325071,192.74,250.00,45,3.00,57.26
325171,192.70,250.00,46,3.00,57.30
325271,192.70,250.00,45,3.00,57.30
325371,192.67,250.00,46,3.00,57.33
325471,192.63,250.00,46,3.00,57.37
325571,192.69,250.00,45,3.00,57.31
325671,192.67,250.00,45,3.00,57.33
325771,192.72,250.00,45,3.00,57.28
325871,192.68,250.00,46,3.00,57.32
325971,192.71,250.00,45,3.00,57.29
326071,192.79,250.00,45,3.00,57.21
326171,192.81,250.00,45,3.00,57.19
326271,192.86,250.00,45,3.00,57.14
326371,192.87,250.00,45,3.00,57.13
326471,192.86,250.00,45,3.00,57.14
326571,192.95,250.00,45,3.00,57.05
326671,192.91,250.00,45,3.00,57.09
326771,192.87,250.00,45,3.00,57.13
326871,192.84,250.00,45,3.00,57.16
326971,192.81,250.00,45,3.00,57.19
327071,192.80,250.00,45,3.00,57.20
327171,192.84,250.00,45,3.00,57.16
327271,192.83,250.00,45,3.00,57.17
327371,192.84,250.00,45,3.00,57.16
327471,192.81,250.00,45,3.00,57.19
327571,192.78,250.00,45,3.00,57.22
327671,192.86,250.00,45,3.00,57.14
327771,192.89,250.00,45,3.00,57.11
327871,192.94,250.00,45,3.00,57.06
327971,192.90,250.00,45,3.00,57.10
328071,192.90,250.00,45,3.00,57.10
328171,192.99,250.00,45,3.00,57.01
328271,193.01,250.00,45,3.00,56.99
328371,193.02,250.00,45,3.00,56.98
328471,193.01,250.00,45,3.00,56.99
328571,192.99,250.00,45,3.00,57.01
328671,193.04,250.00,45,3.00,56.96
328771,193.01,250.00,45,3.00,56.99
328871,192.99,250.00,45,3.00,57.01
328971,192.96,250.00,45,3.00,57.04
329071,192.98,250.00,45,3.00,57.02
329171,192.98,250.00,45,3.00,57.02
329271,193.00,250.00,45,3.00,57.00
329371,193.01,250.00,45,3.00,56.99
329471,193.02,250.00,45,3.00,56.98
329571,193.00,250.00,45,3.00,57.00
329671,192.95,250.00,45,3.00,57.05
329771,193.05,250.00,44,3.00,56.95
329871,193.10,250.00,45,3.00,56.90
329971,193.13,250.00,45,3.00,56.87
330071,193.09,250.00,45,3.00,56.91
330171,193.10,250.00,45,3.00,56.90
330271,193.14,250.00,45,3.00,56.86
330371,193.14,250.00,45,3.00,56.86
330471,193.19,250.00,45,3.00,56.81
330571,193.20,250.00,45,3.00,56.80
330671,193.16,250.00,45,3.00,56.84
330771,193.24,250.00,44,3.00,56.76
330871,193.33,250.00,44,3.00,56.67
330971,193.31,250.00,45,3.00,56.69
331071,193.26,250.00,45,3.00,56.74
331171,193.21,250.00,45,3.00,56.79
331271,193.20,250.00,45,3.00,56.80
331371,193.20,250.00,45,3.00,56.80
331471,193.19,250.00,45,3.00,56.81
331571,193.19,250.00,45,3.00,56.81
331671,193.12,250.00,45,3.00,56.88
331771,193.06,250.00,45,3.00,56.94
331871,193.18,250.00,44,3.00,56.82
331971,193.15,250.00,45,3.00,56.85
332071,193.21,250.00,45,3.00,56.79
332171,193.17,250.00,45,3.00,56.83
332271,193.17,250.00,45,3.00,56.83
332371,193.23,250.00,45,3.00,56.77
332471,193.22,250.00,45,3.00,56.78
332571,193.25,250.00,45,3.00,56.75
332671,193.26,250.00,45,3.00,56.74
332771,193.21,250.00,45,3.00,56.79
332871,193.22,250.00,45,3.00,56.78
332971,193.30,250.00,44,3.00,56.70
333071,193.31,250.00,45,3.00,56.69
333171,193.27,250.00,45,3.00,56.73
333271,193.24,250.00,45,3.00,56.76
333371,193.29,250.00,44,3.00,56.71
333471,193.28,250.00,45,3.00,56.72
333571,193.24,250.00,45,3.00,56.76
333671,193.25,250.00,45,3.00,56.75
333771,193.18,250.00,45,3.00,56.82
333871,193.20,250.00,45,3.00,56.80
333971,193.30,250.00,44,3.00,56.70
334071,193.28,250.00,45,3.00,56.72
334171,193.31,250.00,45,3.00,56.69
334271,193.25,250.00,45,3.00,56.75
334371,193.28,250.00,45,3.00,56.72
334471,193.35,250.00,44,3.00,56.65
334571,193.37,250.00,45,3.00,56.63
334671,193.41,250.00,44,3.00,56.59
334771,193.41,250.00,45,3.00,56.59
334871,193.40,250.00,45,3.00,56.60
334971,193.48,250.00,44,3.00,56.52
335071,193.59,250.00,44,3.00,56.41
335171,193.59,250.00,45,3.00,56.41
335271,193.54,250.00,45,3.00,56.46
335371,193.53,250.00,45,3.00,56.47
335471,193.51,250.00,45,3.00,56.49
335571,193.49,250.00,45,3.00,56.51
335671,193.50,250.00,45,3.00,56.50
335771,193.51,250.00,45,3.00,56.49
335871,193.47,250.00,45,3.00,56.53
335971,193.42,250.00,45,3.00,56.58
336071,193.49,250.00,44,3.00,56.51
336171,193.50,250.00,45,3.00,56.50
336271,193.53,250.00,44,3.00,56.47
336371,193.49,250.00,45,3.00,56.51
336471,193.50,250.00,45,3.00,56.50
336571,193.56,250.00,44,3.00,56.44
336671,193.58,250.00,44,3.00,56.42
336771,193.58,250.00,45,3.00,56.42
336871,193.58,250.00,45,3.00,56.42
336971,193.54,250.00,45,3.00,56.46
337071,193.54,250.00,45,3.00,56.46
337171,193.58,250.00,44,3.00,56.42
337271,193.60,250.00,44,3.00,56.40
337371,193.56,250.00,45,3.00,56.44
337471,193.51,250.00,45,3.00,56.49
337571,193.50,250.00,45,3.00,56.50
337671,193.50,250.00,45,3.00,56.50
337771,193.53,250.00,44,3.00,56.47
337871,193.53,250.00,45,3.00,56.47
337971,193.49,250.00,45,3.00,56.51
338071,193.46,250.00,45,3.00,56.54
338171,193.51,250.00,44,3.00,56.49
338271,193.50,250.00,45,3.00,56.50
338371,193.52,250.00,44,3.00,56.48
338471,193.49,250.00,45,3.00,56.51
338571,193.49,250.00,45,3.00,56.51
338671,193.52,250.00,44,3.00,56.48
338771,193.52,250.00,45,3.00,56.48
338871,193.53,250.00,45,3.00,56.47
338971,193.53,250.00,45,3.00,56.47
339071,193.51,250.00,45,3.00,56.49
339171,193.52,250.00,45,3.00,56.48
339271,193.48,250.00,45,3.00,56.52
339371,193.53,250.00,44,3.00,56.47
339471,193.51,250.00,45,3.00,56.49
339571,193.50,250.00,45,3.00,56.50
339671,193.50,250.00,45,3.00,56.50
339771,193.51,250.00,45,3.00,56.49
339871,193.53,250.00,44,3.00,56.47
339971,193.54,250.00,45,3.00,56.46
340071,193.50,250.00,45,3.00,56.50
340171,193.52,250.00,44,3.00,56.48
340271,193.55,250.00,44,3.00,56.45
340371,193.55,250.00,45,3.00,56.45
340471,193.59,250.00,44,3.00,56.41
340571,193.55,250.00,45,3.00,56.45
340671,193.55,250.00,45,3.00,56.45
340771,193.61,250.00,44,3.00,56.39
340871,193.61,250.00,45,3.00,56.39
340971,193.62,250.00,44,3.00,56.38
341071,193.62,250.00,45,3.00,56.38
341171,193.59,250.00,45,3.00,56.41
341271,193.69,250.00,44,3.00,56.31
341371,193.66,250.00,45,3.00,56.34
341471,193.63,250.00,45,3.00,56.37
341571,193.60,250.00,45,3.00,56.40
341671,193.55,250.00,45,3.00,56.45
341771,193.55,250.00,45,3.00,56.45
341871,193.58,250.00,44,3.00,56.42
341971,193.57,250.00,45,3.00,56.43
342071,193.57,250.00,45,3.00,56.43
342171,193.53,250.00,45,3.00,56.47
342271,193.49,250.00,45,3.00,56.51
342371,193.58,250.00,44,3.00,56.42
342471,193.56,250.00,45,3.00,56.44
342571,193.60,250.00,44,3.00,56.40
342671,193.56,250.00,45,3.00,56.44
342771,193.58,250.00,44,3.00,56.42
342871,193.64,250.00,44,3.00,56.36
342971,193.65,250.00,44,3.00,56.35
343071,193.68,250.00,44,3.00,56.32
343171,193.73,250.00,44,3.00,56.27
343271,193.69,250.00,45,3.00,56.31
343371,193.72,250.00,44,3.00,56.28
343471,193.81,250.00,44,3.00,56.19
343571,193.82,250.00,44,3.00,56.18
343671,193.80,250.00,45,3.00,56.20
343771,193.75,250.00,45,3.00,56.25
343871,193.75,250.00,44,3.00,56.25
343971,193.76,250.00,44,3.00,56.24
344071,193.72,250.00,45,3.00,56.28
344171,193.80,250.00,44,3.00,56.20
344271,193.76,250.00,45,3.00,56.24
344371,193.72,250.00,45,3.00,56.28
344471,193.79,250.00,44,3.00,56.21
344571,193.78,250.00,44,3.00,56.22
344671,193.82,250.00,44,3.00,56.18
344771,193.80,250.00,45,3.00,56.20
344871,193.79,250.00,44,3.00,56.21
344971,193.83,250.00,44,3.00,56.17
345071,193.82,250.00,44,3.00,56.18
345171,193.82,250.00,44,3.00,56.18
345271,193.81,250.00,44,3.00,56.19
345371,193.77,250.00,45,3.00,56.23
345471,193.85,250.00,44,3.00,56.15
345571,193.93,250.00,44,3.00,56.07
345671,193.93,250.00,44,3.00,56.07
345771,193.87,250.00,45,3.00,56.13
345871,193.84,250.00,45,3.00,56.16
345971,193.90,250.00,44,3.00,56.10
346071,193.92,250.00,44,3.00,56.08
346171,193.89,250.00,45,3.00,56.11
346271,193.88,250.00,44,3.00,56.12
346371,193.80,250.00,45,3.00,56.20
346471,193.84,250.00,44,3.00,56.16
346571,193.83,250.00,44,3.00,56.17
346671,193.83,250.00,44,3.00,56.17
346771,193.86,250.00,44,3.00,56.14
346871,193.81,250.00,45,3.00,56.19
346971,193.81,250.00,44,3.00,56.19
347071,193.84,250.00,44,3.00,56.16
347171,193.84,250.00,44,3.00,56.16
347271,193.83,250.00,44,3.00,56.17
347371,193.82,250.00,44,3.00,56.18
347471,193.77,250.00,45,3.00,56.23
347571,193.77,250.00,44,3.00,56.23
347671,193.86,250.00,44,3.00,56.14
347771,193.87,250.00,44,3.00,56.13
347871,193.82,250.00,45,3.00,56.18
347971,193.79,250.00,45,3.00,56.21
348071,193.79,250.00,44,3.00,56.21
348171,193.79,250.00,44,3.00,56.21
348271,193.78,250.00,44,3.00,56.22
348371,193.80,250.00,44,3.00,56.20
348471,193.76,250.00,45,3.00,56.24
348571,193.72,250.00,45,3.00,56.28
348671,193.78,250.00,44,3.00,56.22
348771,193.78,250.00,44,3.00,56.22
348871,193.82,250.00,44,3.00,56.18
348971,193.80,250.00,45,3.00,56.20
349071,193.79,250.00,44,3.00,56.21
349171,193.83,250.00,44,3.00,56.17
349271,193.82,250.00,44,3.00,56.18
349371,193.84,250.00,44,3.00,56.16
349471,193.83,250.00,44,3.00,56.17
349571,193.78,250.00,45,3.00,56.22
349671,193.87,250.00,44,3.00,56.13
349771,193.92,250.00,44,3.00,56.08
349871,193.90,250.00,44,3.00,56.10
349971,193.85,250.00,45,3.00,56.15
350071,193.82,250.00,45,3.00,56.18
350171,193.88,250.00,44,3.00,56.12
350271,193.86,250.00,44,3.00,56.14
350371,193.83,250.00,45,3.00,56.17
350471,193.83,250.00,44,3.00,56.17
350571,193.76,250.00,45,3.00,56.24
350671,193.78,250.00,44,3.00,56.22
350771,193.80,250.00,44,3.00,56.20
350871,193.80,250.00,44,3.00,56.20
350971,193.81,250.00,44,3.00,56.19
351071,193.77,250.00,45,3.00,56.23
351171,193.79,250.00,44,3.00,56.21
351271,193.85,250.00,44,3.00,56.15
351371,193.88,250.00,44,3.00,56.12
351471,193.93,250.00,44,3.00,56.07
351571,193.94,250.00,44,3.00,56.06
351671,193.92,250.00,44,3.00,56.08
351771,193.94,250.00,44,3.00,56.06
351871,194.03,250.00,44,3.00,55.97
351971,194.02,250.00,44,3.00,55.98
352071,194.00,250.00,44,3.00,56.00
352171,193.95,250.00,45,3.00,56.05
352271,193.94,250.00,44,3.00,56.06
352371,193.90,250.00,45,3.00,56.10
352471,193.93,250.00,44,3.00,56.07
352571,193.93,250.00,44,3.00,56.07
352671,193.87,250.00,45,3.00,56.13
352771,193.84,250.00,45,3.00,56.16
352871,193.90,250.00,44,3.00,56.10
352971,193.95,250.00,44,3.00,56.05
353071,193.97,250.00,44,3.00,56.03
353171,193.91,250.00,45,3.00,56.09
353271,193.89,250.00,44,3.00,56.11
353371,193.92,250.00,44,3.00,56.08
353471,193.91,250.00,44,3.00,56.09
353571,193.91,250.00,44,3.00,56.09
353671,193.90,250.00,44,3.00,56.10
353771,193.84,250.00,45,3.00,56.16
353871,193.92,250.00,44,3.00,56.08
353971,194.01,250.00,44,3.00,55.99
354071,194.00,250.00,44,3.00,56.00
354171,193.96,250.00,45,3.00,56.04
354271,193.92,250.00,45,3.00,56.08
354371,193.88,250.00,45,3.00,56.12
354471,193.87,250.00,44,3.00,56.13
354571,193.84,250.00,45,3.00,56.16
354671,193.83,250.00,44,3.00,56.17
354771,193.76,250.00,45,3.00,56.24
354871,193.74,250.00,45,3.00,56.26
354971,193.79,250.00,44,3.00,56.21
355071,193.76,250.00,45,3.00,56.24
355171,193.81,250.00,44,3.00,56.19
355271,193.76,250.00,45,3.00,56.24
355371,193.74,250.00,45,3.00,56.26
355471,193.78,250.00,44,3.00,56.22
355571,193.78,250.00,44,3.00,56.22
355671,193.78,250.00,44,3.00,56.22
355771,193.82,250.00,44,3.00,56.18
355871,193.79,250.00,45,3.00,56.21
355971,193.79,250.00,44,3.00,56.21
356071,193.85,250.00,44,3.00,56.15
356171,193.84,250.00,44,3.00,56.16
356271,193.79,250.00,45,3.00,56.21
356371,193.77,250.00,45,3.00,56.23
356471,193.75,250.00,45,3.00,56.25
356571,193.75,250.00,44,3.00,56.25
356671,193.73,250.00,45,3.00,56.27
356771,193.73,250.00,44,3.00,56.27
356871,193.68,250.00,45,3.00,56.32
356971,193.62,250.00,45,3.00,56.38
357071,193.64,250.00,44,3.00,56.36
357171,193.63,250.00,45,3.00,56.37
357271,193.66,250.00,44,3.00,56.34
357371,193.61,250.00,45,3.00,56.39
357471,193.61,250.00,45,3.00,56.39
357571,193.64,250.00,44,3.00,56.36
357671,193.66,250.00,44,3.00,56.34
357771,193.65,250.00,45,3.00,56.35
357871,193.64,250.00,45,3.00,56.36
357971,193.61,250.00,45,3.00,56.39
358071,193.60,250.00,45,3.00,56.40
358171,193.56,250.00,45,3.00,56.44
358271,193.58,250.00,44,3.00,56.42
358371,193.54,250.00,45,3.00,56.46
358471,193.50,250.00,45,3.00,56.50
358571,193.48,250.00,45,3.00,56.52
358671,193.49,250.00,45,3.00,56.51
358771,193.46,250.00,45,3.00,56.54
358871,193.47,250.00,45,3.00,56.53
358971,193.41,250.00,45,3.00,56.59
359071,193.39,250.00,45,3.00,56.61
359171,193.43,250.00,44,3.00,56.57
359271,193.44,250.00,45,3.00,56.56
359371,193.49,250.00,44,3.00,56.51
359471,193.48,250.00,45,3.00,56.52
359571,193.49,250.00,45,3.00,56.51
359671,193.56,250.00,44,3.00,56.44
359771,193.60,250.00,44,3.00,56.40
359871,193.59,250.00,45,3.00,56.41
359971,193.57,250.00,45,3.00,56.43
360071,193.55,250.00,45,3.00,56.45
360171,193.55,250.00,45,3.00,56.45
360271,193.61,250.00,44,3.00,56.39
360371,193.61,250.00,45,3.00,56.39
360471,193.58,250.00,45,3.00,56.42
360571,193.54,250.00,45,3.00,56.46
360671,193.52,250.00,45,3.00,56.48
360771,193.52,250.00,45,3.00,56.48
360871,193.49,250.00,45,3.00,56.51
360971,193.49,250.00,45,3.00,56.51
361071,193.46,250.00,45,3.00,56.54
361171,193.41,250.00,45,3.00,56.59
361271,193.51,250.00,44,3.00,56.49
361371,193.49,250.00,45,3.00,56.51
361471,193.52,250.00,44,3.00,56.48
361571,193.48,250.00,45,3.00,56.52
361671,193.49,250.00,45,3.00,56.51
361771,193.54,250.00,44,3.00,56.46
361871,193.54,250.00,45,3.00,56.46
361971,193.56,250.00,44,3.00,56.44
362071,193.56,250.00,45,3.00,56.44
362171,193.52,250.00,45,3.00,56.48
362271,193.52,250.00,45,3.00,56.48
362371,193.59,250.00,44,3.00,56.41
362471,193.59,250.00,45,3.00,56.41
362571,193.54,250.00,45,3.00,56.46
362671,193.50,250.00,45,3.00,56.50
362771,193.49,250.00,45,3.00,56.51
362871,193.50,250.00,45,3.00,56.50
362971,193.52,250.00,44,3.00,56.48
363071,193.53,250.00,45,3.00,56.47
363171,193.49,250.00,45,3.00,56.51
363271,193.45,250.00,45,3.00,56.55
363371,193.53,250.00,44,3.00,56.47
363471,193.51,250.00,45,3.00,56.49
363571,193.54,250.00,44,3.00,56.46
363671,193.52,250.00,45,3.00,56.48
363771,193.56,250.00,44,3.00,56.44
363871,193.60,250.00,44,3.00,56.40
363971,193.58,250.00,45,3.00,56.42
364071,193.60,250.00,44,3.00,56.40
364171,193.57,250.00,45,3.00,56.43
364271,193.51,250.00,45,3.00,56.49
364371,193.58,250.00,44,3.00,56.42
364471,193.66,250.00,44,3.00,56.34
364571,193.65,250.00,45,3.00,56.35
364671,193.60,250.00,45,3.00,56.40
364771,193.68,250.00,44,3.00,56.32
364871,193.69,250.00,44,3.00,56.31
364971,193.67,250.00,45,3.00,56.33
365071,193.68,250.00,44,3.00,56.32
365171,193.67,250.00,45,3.00,56.33
365271,193.62,250.00,45,3.00,56.38
365371,193.63,250.00,44,3.00,56.37
365471,193.63,250.00,45,3.00,56.37
365571,193.60,250.00,45,3.00,56.40
365671,193.61,250.00,44,3.00,56.39
365771,193.53,250.00,45,3.00,56.47
365871,193.51,250.00,45,3.00,56.49
365971,193.56,250.00,44,3.00,56.44
366071,193.54,250.00,45,3.00,56.46
366171,193.52,250.00,45,3.00,56.48
366271,193.50,250.00,45,3.00,56.50
366371,193.47,250.00,45,3.00,56.53
366471,193.50,250.00,44,3.00,56.50
366571,193.56,250.00,44,3.00,56.44
366671,193.56,250.00,45,3.00,56.44
366771,193.50,250.00,45,3.00,56.50
366871,193.47,250.00,45,3.00,56.53
366971,193.44,250.00,45,3.00,56.56
367071,193.43,250.00,45,3.00,56.57
367171,193.42,250.00,45,3.00,56.58
367271,193.41,250.00,45,3.00,56.59
367371,193.37,250.00,45,3.00,56.63
367471,193.39,250.00,45,3.00,56.61
367571,193.44,250.00,44,3.00,56.56
367671,193.44,250.00,45,3.00,56.56
367771,193.47,250.00,44,3.00,56.53
367871,193.40,250.00,45,3.00,56.60
367971,193.43,250.00,44,3.00,56.57
368071,193.51,250.00,44,3.00,56.49
368171,193.51,250.00,45,3.00,56.49
368271,193.54,250.00,44,3.00,56.46
368371,193.54,250.00,45,3.00,56.46
368471,193.50,250.00,45,3.00,56.50
368571,193.57,250.00,44,3.00,56.43
368671,193.65,250.00,44,3.00,56.35
368771,193.64,250.00,45,3.00,56.36
368871,193.59,250.00,45,3.00,56.41
368971,193.55,250.00,45,3.00,56.45
369071,193.53,250.00,45,3.00,56.47
369171,193.51,250.00,45,3.00,56.49
369271,193.54,250.00,44,3.00,56.46
369371,193.56,250.00,44,3.00,56.44
369471,193.48,250.00,45,3.00,56.52
369571,193.49,250.00,45,3.00,56.51
369671,193.58,250.00,44,3.00,56.42
369771,193.53,250.00,45,3.00,56.47
369871,193.54,250.00,45,3.00,56.46
369971,193.48,250.00,45,3.00,56.52
370071,193.46,250.00,45,3.00,56.54
370171,193.49,250.00,44,3.00,56.51
370271,193.52,250.00,44,3.00,56.48
370371,193.59,250.00,44,3.00,56.41
370471,193.56,250.00,45,3.00,56.44
370571,193.50,250.00,45,3.00,56.50
370671,193.51,250.00,45,3.00,56.49
370771,193.45,250.00,45,3.00,56.55
370871,193.42,250.00,45,3.00,56.58
370971,193.37,250.00,45,3.00,56.63
371071,193.33,250.00,45,3.00,56.67
371171,193.31,250.00,45,3.00,56.69
371271,193.32,250.00,45,3.00,56.68
371371,193.28,250.00,45,3.00,56.72
371471,193.27,250.00,45,3.00,56.73
371571,193.22,250.00,45,3.00,56.78
371671,193.17,250.00,45,3.00,56.83
371771,193.23,250.00,45,3.00,56.77
371871,193.22,250.00,45,3.00,56.78
371971,193.25,250.00,45,3.00,56.75
372071,193.20,250.00,45,3.00,56.80
372171,193.24,250.00,45,3.00,56.76
372271,193.27,250.00,45,3.00,56.73
372371,193.28,250.00,45,3.00,56.72
372471,193.29,250.00,45,3.00,56.71
372571,193.29,250.00,45,3.00,56.71
372671,193.26,250.00,45,3.00,56.74
372771,193.25,250.00,45,3.00,56.75
372871,193.32,250.00,44,3.00,56.68
372971,193.32,250.00,45,3.00,56.68
373071,193.27,250.00,45,3.00,56.73
373171,193.21,250.00,45,3.00,56.79
373271,193.19,250.00,45,3.00,56.81
373371,193.18,250.00,45,3.00,56.82
373471,193.18,250.00,45,3.00,56.82
373571,193.18,250.00,45,3.00,56.82
373671,193.11,250.00,45,3.00,56.89
373771,193.14,250.00,45,3.00,56.86
373871,193.18,250.00,45,3.00,56.82
373971,193.18,250.00,45,3.00,56.82
374071,193.19,250.00,45,3.00,56.81
374171,193.13,250.00,45,3.00,56.87
374271,193.11,250.00,45,3.00,56.89
374371,193.16,250.00,45,3.00,56.84
374471,193.16,250.00,45,3.00,56.84
374571,193.18,250.00,45,3.00,56.82
374671,193.15,250.00,45,3.00,56.85
374771,193.09,250.00,45,3.00,56.91
374871,193.08,250.00,45,3.00,56.92
374971,193.02,250.00,45,3.00,56.98
375071,193.00,250.00,45,3.00,57.00
375171,192.97,250.00,45,3.00,57.03
375271,192.97,250.00,45,3.00,57.03
375371,192.97,250.00,45,3.00,57.03
375471,192.96,250.00,45,3.00,57.04
375571,192.98,250.00,45,3.00,57.02
375671,193.00,250.00,45,3.00,57.00
375771,192.93,250.00,46,3.00,57.07
375871,192.90,250.00,45,3.00,57.10
375971,192.98,250.00,45,3.00,57.02
376071,192.94,250.00,45,3.00,57.06
376171,192.96,250.00,45,3.00,57.04
376271,192.92,250.00,45,3.00,57.08
376371,192.90,250.00,45,3.00,57.10
376471,192.95,250.00,45,3.00,57.05
376571,192.93,250.00,45,3.00,57.07
376671,192.95,250.00,45,3.00,57.05
376771,192.95,250.00,45,3.00,57.05
376871,192.91,250.00,45,3.00,57.09
376971,192.91,250.00,45,3.00,57.09
377071,192.98,250.00,45,3.00,57.02
377171,192.99,250.00,45,3.00,57.01
377271,192.97,250.00,45,3.00,57.03
377371,192.95,250.00,45,3.00,57.05
377471,192.95,250.00,45,3.00,57.05
377571,192.97,250.00,45,3.00,57.03
377671,193.01,250.00,45,3.00,56.99
377771,193.02,250.00,45,3.00,56.98
377871,192.97,250.00,45,3.00,57.03
377971,193.01,250.00,45,3.00,56.99
378071,193.07,250.00,45,3.00,56.93
378171,193.03,250.00,45,3.00,56.97
378271,193.09,250.00,45,3.00,56.91
378371,193.05,250.00,45,3.00,56.95
378471,193.10,250.00,45,3.00,56.90
378571,193.17,250.00,45,3.00,56.83
378671,193.17,250.00,45,3.00,56.83
378771,193.19,250.00,45,3.00,56.81
378871,193.16,250.00,45,3.00,56.84
378971,193.12,250.00,45,3.00,56.88
379071,193.12,250.00,45,3.00,56.88
379171,193.17,250.00,45,3.00,56.83
379271,193.12,250.00,45,3.00,56.88
379371,193.11,250.00,45,3.00,56.89
379471,193.07,250.00,45,3.00,56.93
379571,193.06,250.00,45,3.00,56.94
379671,193.07,250.00,45,3.00,56.93
379771,193.08,250.00,45,3.00,56.92
379871,193.06,250.00,45,3.00,56.94
379971,193.01,250.00,45,3.00,56.99
380071,192.96,250.00,45,3.00,57.04
380171,193.02,250.00,45,3.00,56.98
380271,193.02,250.00,45,3.00,56.98
380371,193.05,250.00,45,3.00,56.95
380471,193.00,250.00,45,3.00,57.00
380571,192.99,250.00,45,3.00,57.01
380671,193.01,250.00,45,3.00,56.99
380771,193.00,250.00,45,3.00,57.00
380871,193.02,250.00,45,3.00,56.98
380971,193.03,250.00,45,3.00,56.97
381071,193.00,250.00,45,3.00,57.00
381171,193.02,250.00,45,3.00,56.98
381271,192.97,250.00,45,3.00,57.03
381371,192.95,250.00,45,3.00,57.05
381471,192.93,250.00,45,3.00,57.07
381571,192.91,250.00,45,3.00,57.09
381671,192.91,250.00,45,3.00,57.09
381771,192.94,250.00,45,3.00,57.06
381871,192.96,250.00,45,3.00,57.04
381971,192.96,250.00,45,3.00,57.04
382071,192.92,250.00,45,3.00,57.08
382171,192.88,250.00,45,3.00,57.12
382271,192.99,250.00,44,3.00,57.01
382371,192.96,250.00,45,3.00,57.04
382471,193.00,250.00,45,3.00,57.00
382571,192.96,250.00,45,3.00,57.04
382671,192.96,250.00,45,3.00,57.04
382771,193.00,250.00,45,3.00,57.00
382871,193.01,250.00,45,3.00,56.99
382971,193.05,250.00,45,3.00,56.95
383071,193.04,250.00,45,3.00,56.96
383171,193.01,250.00,45,3.00,56.99
383271,193.02,250.00,45,3.00,56.98
383371,193.10,250.00,45,3.00,56.90
383471,193.06,250.00,45,3.00,56.94
383571,193.03,250.00,45,3.00,56.97
383671,193.00,250.00,45,3.00,57.00
383771,193.00,250.00,45,3.00,57.00
383871,193.01,250.00,45,3.00,56.99
383971,193.05,250.00,45,3.00,56.95
384071,193.12,250.00,45,3.00,56.88
384171,193.06,250.00,45,3.00,56.94
384271,193.01,250.00,45,3.00,56.99
384371,193.06,250.00,45,3.00,56.94
384471,193.05,250.00,45,3.00,56.95
384571,193.08,250.00,45,3.00,56.92
384671,193.05,250.00,45,3.00,56.95
384771,193.06,250.00,45,3.00,56.94
384871,193.13,250.00,45,3.00,56.87
384971,193.13,250.00,45,3.00,56.87
385071,193.11,250.00,45,3.00,56.89
385171,193.12,250.00,45,3.00,56.88
385271,193.10,250.00,45,3.00,56.90
385371,193.10,250.00,45,3.00,56.90
385471,193.17,250.00,45,3.00,56.83
385571,193.13,250.00,45,3.00,56.87
385671,193.09,250.00,45,3.00,56.91
385771,193.06,250.00,45,3.00,56.94
385871,193.04,250.00,45,3.00,56.96
385971,193.06,250.00,45,3.00,56.94
386071,193.09,250.00,45,3.00,56.91
386171,193.09,250.00,45,3.00,56.91
386271,193.04,250.00,45,3.00,56.96
386371,193.03,250.00,45,3.00,56.97
386471,193.16,250.00,44,3.00,56.84
386571,193.16,250.00,45,3.00,56.84
386671,193.22,250.00,45,3.00,56.78
386771,193.20,250.00,45,3.00,56.80
386871,193.19,250.00,45,3.00,56.81
386971,193.27,250.00,44,3.00,56.73
387071,193.28,250.00,45,3.00,56.72
387171,193.28,250.00,45,3.00,56.72
387271,193.29,250.00,45,3.00,56.71
387371,193.24,250.00,45,3.00,56.76
387471,193.21,250.00,45,3.00,56.79
387571,193.24,250.00,45,3.00,56.76
387671,193.21,250.00,45,3.00,56.79
387771,193.15,250.00,45,3.00,56.85
387871,193.09,250.00,45,3.00,56.91
387971,193.05,250.00,45,3.00,56.95
388071,193.04,250.00,45,3.00,56.96
388171,193.01,250.00,45,3.00,56.99
388271,192.99,250.00,45,3.00,57.01
388371,192.90,250.00,46,3.00,57.10
388471,192.89,250.00,45,3.00,57.11
388571,192.95,250.00,45,3.00,57.05
388671,192.89,250.00,46,3.00,57.11
388771,192.90,250.00,45,3.00,57.10
388871,192.82,250.00,46,3.00,57.18
388971,192.78,250.00,46,3.00,57.22
389071,192.77,250.00,45,3.00,57.23
389171,192.73,250.00,46,3.00,57.27
389271,192.69,250.00,46,3.00,57.31
389371,192.66,250.00,46,3.00,57.34
389471,192.61,250.00,46,3.00,57.39
389571,192.64,250.00,45,3.00,57.36
389671,192.55,250.00,46,3.00,57.45
389771,192.49,250.00,46,3.00,57.51
389871,192.42,250.00,46,3.00,57.58
389971,192.35,250.00,46,3.00,57.65
390071,192.33,250.00,46,3.00,57.67
390171,192.31,250.00,46,3.00,57.69
390271,192.26,250.00,46,3.00,57.74
390371,192.24,250.00,46,3.00,57.76
390471,192.18,250.00,46,3.00,57.82
390571,192.11,250.00,46,3.00,57.89
390671,192.12,250.00,46,3.00,57.88
390771,192.08,250.00,46,3.00,57.92
390871,192.09,250.00,46,3.00,57.91
390971,192.03,250.00,46,3.00,57.97
391071,192.03,250.00,46,3.00,57.97
391171,192.06,250.00,46,3.00,57.94
391271,192.03,250.00,46,3.00,57.97
391371,192.04,250.00,46,3.00,57.96
391471,192.03,250.00,46,3.00,57.97
391571,191.98,250.00,46,3.00,58.02
391671,192.02,250.00,46,3.00,57.98
391771,191.95,250.00,46,3.00,58.05
391871,191.89,250.00,46,3.00,58.11
391971,191.86,250.00,46,3.00,58.14
392071,191.83,250.00,46,3.00,58.17
392171,191.82,250.00,46,3.00,58.18
392271,191.79,250.00,46,3.00,58.21
392371,191.79,250.00,46,3.00,58.21
392471,191.79,250.00,46,3.00,58.21
392571,191.74,250.00,46,3.00,58.26
392671,191.71,250.00,46,3.00,58.29
392771,191.79,250.00,45,3.00,58.21
392871,191.77,250.00,46,3.00,58.23
392971,191.80,250.00,46,3.00,58.20
393071,191.78,250.00,46,3.00,58.22
393171,191.76,250.00,46,3.00,58.24
393271,191.80,250.00,46,3.00,58.20
393371,191.77,250.00,46,3.00,58.23
393471,191.79,250.00,46,3.00,58.21
393571,191.83,250.00,46,3.00,58.17
393671,191.78,250.00,46,3.00,58.22
393771,191.86,250.00,45,3.00,58.14
393871,191.83,250.00,46,3.00,58.17
393971,191.80,250.00,46,3.00,58.20
394071,191.77,250.00,46,3.00,58.23
394171,191.77,250.00,46,3.00,58.23
394271,191.77,250.00,46,3.00,58.23
394371,191.77,250.00,46,3.00,58.23
394471,191.79,250.00,46,3.00,58.21
394571,191.80,250.00,46,3.00,58.20
394671,191.78,250.00,46,3.00,58.22
394771,191.78,250.00,46,3.00,58.22
394871,191.87,250.00,45,3.00,58.13
394971,191.86,250.00,46,3.00,58.14
395071,191.91,250.00,46,3.00,58.09
395171,191.89,250.00,46,3.00,58.11
395271,191.90,250.00,46,3.00,58.10
395371,191.94,250.00,46,3.00,58.06
395471,191.96,250.00,46,3.00,58.04
395571,192.00,250.00,46,3.00,58.00
395671,192.02,250.00,46,3.00,57.98
395771,191.99,250.00,46,3.00,58.01
395871,192.05,250.00,45,3.00,57.95
395971,192.12,250.00,45,3.00,57.88
396071,192.10,250.00,46,3.00,57.90
396171,192.06,250.00,46,3.00,57.94
396271,192.03,250.00,46,3.00,57.97
396371,192.02,250.00,46,3.00,57.98
396471,192.04,250.00,46,3.00,57.96
396571,192.01,250.00,46,3.00,57.99
396671,192.02,250.00,46,3.00,57.98
396771,191.99,250.00,46,3.00,58.01
396871,191.97,250.00,46,3.00,58.03
396971,192.05,250.00,45,3.00,57.95
397071,192.02,250.00,46,3.00,57.98
397171,192.05,250.00,46,3.00,57.95
397271,192.04,250.00,46,3.00,57.96
397371,192.05,250.00,46,3.00,57.95
397471,192.10,250.00,45,3.00,57.90
397571,192.11,250.00,46,3.00,57.89
397671,192.13,250.00,46,3.00,57.87
397771,192.13,250.00,46,3.00,57.87
397871,192.11,250.00,46,3.00,57.89
397971,192.18,250.00,45,3.00,57.82
398071,192.25,250.00,45,3.00,57.75
398171,192.20,250.00,46,3.00,57.80
398271,192.16,250.00,46,3.00,57.84
398371,192.14,250.00,46,3.00,57.86
398471,192.12,250.00,46,3.00,57.88
398571,192.08,250.00,46,3.00,57.92
398671,192.09,250.00,46,3.00,57.91
398771,192.09,250.00,46,3.00,57.91
398871,192.08,250.00,46,3.00,57.92
398971,192.05,250.00,46,3.00,57.95
399071,192.14,250.00,45,3.00,57.86
399171,192.14,250.00,46,3.00,57.86
399271,192.18,250.00,45,3.00,57.82
399371,192.16,250.00,46,3.00,57.84
399471,192.19,250.00,45,3.00,57.81
399571,192.23,250.00,45,3.00,57.77
399671,192.22,250.00,46,3.00,57.78
399771,192.21,250.00,46,3.00,57.79
399871,192.21,250.00,46,3.00,57.79
399971,192.18,250.00,46,3.00,57.82
400071,192.20,250.00,46,3.00,57.80
400171,192.25,250.00,45,3.00,57.75
400271,192.26,250.00,46,3.00,57.74
400371,192.23,250.00,46,3.00,57.77
400471,192.20,250.00,46,3.00,57.80
400571,192.26,250.00,45,3.00,57.74
400671,192.25,250.00,46,3.00,57.75
400771,192.22,250.00,46,3.00,57.78
400871,192.21,250.00,46,3.00,57.79
400971,192.16,250.00,46,3.00,57.84
401071,192.14,250.00,46,3.00,57.86
401171,192.22,250.00,45,3.00,57.78
401271,192.23,250.00,46,3.00,57.77
401371,192.27,250.00,45,3.00,57.73
401471,192.23,250.00,46,3.00,57.77
401571,192.23,250.00,46,3.00,57.77
401671,192.26,250.00,45,3.00,57.74
401771,192.25,250.00,46,3.00,57.75
401871,192.24,250.00,46,3.00,57.76
401971,192.25,250.00,46,3.00,57.75
402071,192.22,250.00,46,3.00,57.78
402171,192.23,250.00,46,3.00,57.77
402271,192.30,250.00,45,3.00,57.70
402371,192.27,250.00,46,3.00,57.73
402471,192.25,250.00,46,3.00,57.75
402571,192.22,250.00,46,3.00,57.78
402671,192.22,250.00,46,3.00,57.78
402771,192.21,250.00,46,3.00,57.79
402871,192.18,250.00,46,3.00,57.82
402971,192.18,250.00,46,3.00,57.82
403071,192.16,250.00,46,3.00,57.84
403171,192.14,250.00,46,3.00,57.86
403271,192.24,250.00,45,3.00,57.76
403371,192.23,250.00,46,3.00,57.77
403471,192.26,250.00,45,3.00,57.74
403571,192.23,250.00,46,3.00,57.77
403671,192.26,250.00,45,3.00,57.74
403771,192.31,250.00,45,3.00,57.69
403871,192.31,250.00,46,3.00,57.69
403971,192.32,250.00,46,3.00,57.68
404071,192.34,250.00,45,3.00,57.66
404171,192.32,250.00,46,3.00,57.68
404271,192.40,250.00,45,3.00,57.60
404371,192.46,250.00,45,3.00,57.54
404471,192.43,250.00,46,3.00,57.57
404571,192.40,250.00,46,3.00,57.60
404671,192.37,250.00,46,3.00,57.63
404771,192.37,250.00,46,3.00,57.63
404871,192.39,250.00,45,3.00,57.61
404971,192.34,250.00,46,3.00,57.66
405071,192.36,250.00,45,3.00,57.64
405171,192.32,250.00,46,3.00,57.68
405271,192.28,250.00,46,3.00,57.72
405371,192.37,250.00,45,3.00,57.63
405471,192.39,250.00,45,3.00,57.61
405571,192.42,250.00,45,3.00,57.58
405671,192.40,250.00,46,3.00,57.60
405771,192.39,250.00,46,3.00,57.61
405871,192.43,250.00,45,3.00,57.57
405971,192.44,250.00,45,3.00,57.56
406071,192.45,250.00,45,3.00,57.55
406171,192.46,250.00,45,3.00,57.54
406271,192.43,250.00,46,3.00,57.57
406371,192.50,250.00,45,3.00,57.50
406471,192.44,250.00,46,3.00,57.56
406571,192.40,250.00,46,3.00,57.60
406671,192.37,250.00,46,3.00,57.63
406771,192.35,250.00,46,3.00,57.65
406871,192.35,250.00,46,3.00,57.65
406971,192.35,250.00,46,3.00,57.65
407071,192.31,250.00,46,3.00,57.69
407171,192.31,250.00,46,3.00,57.69
407271,192.29,250.00,46,3.00,57.71
407371,192.28,250.00,46,3.00,57.72
407471,192.33,250.00,45,3.00,57.67
407571,192.33,250.00,46,3.00,57.67
407671,192.35,250.00,45,3.00,57.65
407771,192.33,250.00,46,3.00,57.67
407871,192.33,250.00,46,3.00,57.67
407971,192.33,250.00,46,3.00,57.67
408071,192.33,250.00,46,3.00,57.67
408171,192.38,250.00,45,3.00,57.62
408271,192.39,250.00,45,3.00,57.61
408371,192.37,250.00,46,3.00,57.63
408471,192.43,250.00,45,3.00,57.57
408571,192.48,250.00,45,3.00,57.52
408671,192.44,250.00,46,3.00,57.56
408771,192.41,250.00,46,3.00,57.59
408871,192.39,250.00,46,3.00,57.61
408971,192.38,250.00,46,3.00,57.62
409071,192.38,250.00,46,3.00,57.62
409171,192.40,250.00,45,3.00,57.60
409271,192.39,250.00,46,3.00,57.61
409371,192.35,250.00,46,3.00,57.65
409471,192.35,250.00,46,3.00,57.65
409571,192.39,250.00,45,3.00,57.61
409671,192.38,250.00,46,3.00,57.62
409771,192.40,250.00,45,3.00,57.60
409871,192.35,250.00,46,3.00,57.65
409971,192.33,250.00,46,3.00,57.67
410071,192.33,250.00,46,3.00,57.67
410171,192.32,250.00,46,3.00,57.68
410271,192.34,250.00,45,3.00,57.66
410371,192.36,250.00,45,3.00,57.64
410471,192.34,250.00,46,3.00,57.66
410571,192.36,250.00,45,3.00,57.64
410671,192.32,250.00,46,3.00,57.68
410771,192.30,250.00,46,3.00,57.70
410871,192.28,250.00,46,3.00,57.72
410971,192.27,250.00,46,3.00,57.73
411071,192.26,250.00,46,3.00,57.74
411171,192.27,250.00,46,3.00,57.73
411271,192.30,250.00,45,3.00,57.70
411371,192.28,250.00,46,3.00,57.72
411471,192.25,250.00,46,3.00,57.75
411571,192.22,250.00,46,3.00,57.78
411671,192.31,250.00,45,3.00,57.69
411771,192.29,250.00,46,3.00,57.71
411871,192.32,250.00,45,3.00,57.68
411971,192.30,250.00,46,3.00,57.70
412071,192.33,250.00,45,3.00,57.67
412171,192.39,250.00,45,3.00,57.61
412271,192.40,250.00,45,3.00,57.60
412371,192.40,250.00,46,3.00,57.60
412471,192.41,250.00,45,3.00,57.59
412571,192.39,250.00,46,3.00,57.61
412671,192.46,250.00,45,3.00,57.54
412771,192.43,250.00,46,3.00,57.57
412871,192.40,250.00,46,3.00,57.60
412971,192.38,250.00,46,3.00,57.62
413071,192.37,250.00,46,3.00,57.63
413171,192.37,250.00,46,3.00,57.63
413271,192.39,250.00,45,3.00,57.61
413371,192.42,250.00,45,3.00,57.58
413471,192.42,250.00,46,3.00,57.58
413571,192.37,250.00,46,3.00,57.63
413671,192.35,250.00,46,3.00,57.65
413771,192.39,250.00,45,3.00,57.61
413871,192.38,250.00,46,3.00,57.62
413971,192.40,250.00,45,3.00,57.60
414071,192.37,250.00,46,3.00,57.63
414171,192.37,250.00,46,3.00,57.63
414271,192.41,250.00,45,3.00,57.59
414371,192.40,250.00,46,3.00,57.60
414471,192.42,250.00,45,3.00,57.58
414571,192.43,250.00,45,3.00,57.57
414671,192.40,250.00,46,3.00,57.60
414771,192.46,250.00,45,3.00,57.54
414871,192.40,250.00,46,3.00,57.60
414971,192.38,250.00,46,3.00,57.62
415071,192.36,250.00,46,3.00,57.64
415171,192.33,250.00,46,3.00,57.67
415271,192.32,250.00,46,3.00,57.68
415371,192.32,250.00,46,3.00,57.68
415471,192.28,250.00,46,3.00,57.72
415571,192.29,250.00,46,3.00,57.71
415671,192.25,250.00,46,3.00,57.75
415771,192.28,250.00,45,3.00,57.72
415871,192.35,250.00,45,3.00,57.65
415971,192.35,250.00,46,3.00,57.65
416071,192.37,250.00,45,3.00,57.63
416171,192.33,250.00,46,3.00,57.67
416271,192.33,250.00,46,3.00,57.67
416371,192.37,250.00,45,3.00,57.63
416471,192.37,250.00,46,3.00,57.63
416571,192.39,250.00,45,3.00,57.61
416671,192.40,250.00,45,3.00,57.60
416771,192.38,250.00,46,3.00,57.62
416871,192.39,250.00,45,3.00,57.61
416971,192.45,250.00,45,3.00,57.55
417071,192.42,250.00,46,3.00,57.58
417171,192.39,250.00,46,3.00,57.61
417271,192.41,250.00,45,3.00,57.59
417371,192.40,250.00,46,3.00,57.60
417471,192.39,250.00,46,3.00,57.61
417571,192.41,250.00,45,3.00,57.59
417671,192.40,250.00,46,3.00,57.60
417771,192.36,250.00,46,3.00,57.64
417871,192.34,250.00,46,3.00,57.66
417971,192.44,250.00,45,3.00,57.56
418071,192.45,250.00,45,3.00,57.55
418171,192.48,250.00,45,3.00,57.52
418271,192.45,250.00,46,3.00,57.55
418371,192.46,250.00,45,3.00,57.54
418471,192.50,250.00,45,3.00,57.50
418571,192.51,250.00,45,3.00,57.49
418671,192.53,250.00,45,3.00,57.47
418771,192.53,250.00,45,3.00,57.47
418871,192.51,250.00,46,3.00,57.49
418971,192.52,250.00,45,3.00,57.48
419071,192.58,250.00,45,3.00,57.42
419171,192.56,250.00,46,3.00,57.44
419271,192.52,250.00,46,3.00,57.48
419371,192.50,250.00,46,3.00,57.50
419471,192.56,250.00,45,3.00,57.44
419571,192.56,250.00,45,3.00,57.44
419671,192.58,250.00,45,3.00,57.42
419771,192.58,250.00,45,3.00,57.42
419871,192.53,250.00,46,3.00,57.47
419971,192.56,250.00,45,3.00,57.44
420071,192.64,250.00,45,3.00,57.36
420171,192.63,250.00,45,3.00,57.37
420271,192.64,250.00,45,3.00,57.36
420371,192.61,250.00,46,3.00,57.39
420471,192.62,250.00,45,3.00,57.38
420571,192.70,250.00,45,3.00,57.30
420671,192.70,250.00,45,3.00,57.30
420771,192.71,250.00,45,3.00,57.29
420871,192.71,250.00,45,3.00,57.29
420971,192.67,250.00,46,3.00,57.33
421071,192.76,250.00,45,3.00,57.24
421171,192.82,250.00,45,3.00,57.18
421271,192.81,250.00,45,3.00,57.19
421371,192.79,250.00,45,3.00,57.21
421471,192.74,250.00,46,3.00,57.26
421571,192.74,250.00,45,3.00,57.26
421671,192.76,250.00,45,3.00,57.24
421771,192.78,250.00,45,3.00,57.22
421871,192.80,250.00,45,3.00,57.20
421971,192.75,250.00,46,3.00,57.25
422071,192.71,250.00,46,3.00,57.29
422171,192.78,250.00,45,3.00,57.22
422271,192.75,250.00,45,3.00,57.25
422371,192.79,250.00,45,3.00,57.21
422471,192.75,250.00,46,3.00,57.25
422571,192.75,250.00,45,3.00,57.25
422671,192.81,250.00,45,3.00,57.19
422771,192.84,250.00,45,3.00,57.16
422871,192.83,250.00,45,3.00,57.17
422971,192.84,250.00,45,3.00,57.16
423071,192.81,250.00,45,3.00,57.19
423171,192.83,250.00,45,3.00,57.17
423271,192.92,250.00,45,3.00,57.08
423371,192.90,250.00,45,3.00,57.10
423471,192.87,250.00,45,3.00,57.13
423571,192.86,250.00,45,3.00,57.14
423671,192.84,250.00,45,3.00,57.16
423771,192.85,250.00,45,3.00,57.15
423871,192.88,250.00,45,3.00,57.12
423971,192.89,250.00,45,3.00,57.11
424071,192.86,250.00,45,3.00,57.14
424171,192.83,250.00,45,3.00,57.17
424271,192.92,250.00,45,3.00,57.08
424371,192.90,250.00,45,3.00,57.10
424471,192.93,250.00,45,3.00,57.07
424571,192.89,250.00,45,3.00,57.11
424671,192.87,250.00,45,3.00,57.13
424771,192.92,250.00,45,3.00,57.08
424871,192.92,250.00,45,3.00,57.08
424971,192.95,250.00,45,3.00,57.05
425071,192.97,250.00,45,3.00,57.03
425171,192.95,250.00,45,3.00,57.05
425271,193.01,250.00,45,3.00,56.99
425371,193.06,250.00,45,3.00,56.94
425471,193.01,250.00,45,3.00,56.99
425571,192.96,250.00,45,3.00,57.04
425671,192.92,250.00,45,3.00,57.08
425771,192.90,250.00,45,3.00,57.10
425871,192.91,250.00,45,3.00,57.09
425971,192.85,250.00,46,3.00,57.15
426071,192.84,250.00,45,3.00,57.16
426171,192.79,250.00,46,3.00,57.21
426271,192.81,250.00,45,3.00,57.19
426371,192.86,250.00,45,3.00,57.14
426471,192.83,250.00,45,3.00,57.17
426571,192.86,250.00,45,3.00,57.14
426671,192.81,250.00,46,3.00,57.19
426771,192.80,250.00,45,3.00,57.20
426871,192.86,250.00,45,3.00,57.14
426971,192.85,250.00,45,3.00,57.15
427071,192.86,250.00,45,3.00,57.14
427171,192.85,250.00,45,3.00,57.15
427271,192.82,250.00,45,3.00,57.18
427371,192.87,250.00,45,3.00,57.13
427471,192.82,250.00,46,3.00,57.18
427571,192.79,250.00,45,3.00,57.21
427671,192.77,250.00,45,3.00,57.23
427771,192.72,250.00,46,3.00,57.28
427871,192.71,250.00,45,3.00,57.29
427971,192.71,250.00,45,3.00,57.29
428071,192.73,250.00,45,3.00,57.27
428171,192.73,250.00,45,3.00,57.27
428271,192.70,250.00,46,3.00,57.30
428371,192.66,250.00,46,3.00,57.34
428471,192.63,250.00,46,3.00,57.37
428571,192.64,250.00,45,3.00,57.36
428671,192.67,250.00,45,3.00,57.33
428771,192.66,250.00,45,3.00,57.34
428871,192.65,250.00,45,3.00,57.35
428971,192.70,250.00,45,3.00,57.30
429071,192.70,250.00,45,3.00,57.30
429171,192.73,250.00,45,3.00,57.27
429271,192.73,250.00,45,3.00,57.27
429371,192.69,250.00,46,3.00,57.31
429471,192.74,250.00,45,3.00,57.26
429571,192.84,250.00,45,3.00,57.16
429671,192.81,250.00,45,3.00,57.19
429771,192.78,250.00,45,3.00,57.22
429871,192.76,250.00,45,3.00,57.24
429971,192.76,250.00,45,3.00,57.24
430071,192.78,250.00,45,3.00,57.22
430171,192.81,250.00,45,3.00,57.19
430271,192.85,250.00,45,3.00,57.15
430371,192.80,250.00,46,3.00,57.20
430471,192.77,250.00,45,3.00,57.23
430571,192.87,250.00,45,3.00,57.13
430671,192.90,250.00,45,3.00,57.10
430771,192.94,250.00,45,3.00,57.06
430871,192.92,250.00,45,3.00,57.08
430971,192.91,250.00,45,3.00,57.09
431071,192.97,250.00,45,3.00,57.03
431171,192.99,250.00,45,3.00,57.01
431271,193.01,250.00,45,3.00,56.99
431371,193.02,250.00,45,3.00,56.98
431471,192.97,250.00,45,3.00,57.03
431571,192.97,250.00,45,3.00,57.03
431671,193.03,250.00,45,3.00,56.97
431771,192.98,250.00,45,3.00,57.02
431871,192.96,250.00,45,3.00,57.04
431971,192.92,250.00,45,3.00,57.08
432071,192.90,250.00,45,3.00,57.10
432171,192.92,250.00,45,3.00,57.08
432271,192.95,250.00,45,3.00,57.05
432371,192.95,250.00,45,3.00,57.05
432471,192.91,250.00,45,3.00,57.09
432571,192.87,250.00,45,3.00,57.13
432671,192.94,250.00,45,3.00,57.06
432771,192.94,250.00,45,3.00,57.06
432871,192.98,250.00,45,3.00,57.02
432971,192.94,250.00,45,3.00,57.06
433071,192.94,250.00,45,3.00,57.06
433171,193.00,250.00,45,3.00,57.00
433271,193.00,250.00,45,3.00,57.00
433371,193.01,250.00,45,3.00,56.99
433471,193.00,250.00,45,3.00,57.00
433571,192.98,250.00,45,3.00,57.02
433671,192.98,250.00,45,3.00,57.02
433771,193.05,250.00,45,3.00,56.95
433871,193.04,250.00,45,3.00,56.96
433971,193.01,250.00,45,3.00,56.99
434071,192.99,250.00,45,3.00,57.01
434171,192.98,250.00,45,3.00,57.02
434271,192.98,250.00,45,3.00,57.02
434371,192.94,250.00,45,3.00,57.06
434471,192.96,250.00,45,3.00,57.04
434571,192.92,250.00,45,3.00,57.08
434671,192.96,250.00,45,3.00,57.04
434771,193.06,250.00,44,3.00,56.94
434871,193.05,250.00,45,3.00,56.95
434971,193.08,250.00,45,3.00,56.92
435071,193.03,250.00,45,3.00,56.97
435171,193.02,250.00,45,3.00,56.98
435271,193.07,250.00,45,3.00,56.93
435371,193.08,250.00,45,3.00,56.92
435471,193.13,250.00,45,3.00,56.87
435571,193.13,250.00,45,3.00,56.87
435671,193.11,250.00,45,3.00,56.89
435771,193.18,250.00,45,3.00,56.82
435871,193.11,250.00,45,3.00,56.89
435971,193.08,250.00,45,3.00,56.92
436071,193.04,250.00,45,3.00,56.96
436171,193.01,250.00,45,3.00,56.99
436271,193.01,250.00,45,3.00,56.99
436371,193.02,250.00,45,3.00,56.98
436471,193.03,250.00,45,3.00,56.97
436571,193.05,250.00,45,3.00,56.95
436671,193.00,250.00,45,3.00,57.00
436771,193.03,250.00,45,3.00,56.97
436871,193.13,250.00,44,3.00,56.87
436971,193.09,250.00,45,3.00,56.91
437071,193.11,250.00,45,3.00,56.89
437171,193.08,250.00,45,3.00,56.92
437271,193.11,250.00,45,3.00,56.89
437371,193.15,250.00,45,3.00,56.85
437471,193.15,250.00,45,3.00,56.85
437571,193.17,250.00,45,3.00,56.83
437671,193.17,250.00,45,3.00,56.83
437771,193.15,250.00,45,3.00,56.85
437871,193.17,250.00,45,3.00,56.83
437971,193.25,250.00,44,3.00,56.75
438071,193.28,250.00,45,3.00,56.72
438171,193.25,250.00,45,3.00,56.75
438271,193.22,250.00,45,3.00,56.78
438371,193.19,250.00,45,3.00,56.81
438471,193.16,250.00,45,3.00,56.84
438571,193.18,250.00,45,3.00,56.82
438671,193.18,250.00,45,3.00,56.82
438771,193.12,250.00,45,3.00,56.88
438871,193.16,250.00,45,3.00,56.84
438971,193.26,250.00,44,3.00,56.74
439071,193.25,250.00,45,3.00,56.75
439171,193.28,250.00,45,3.00,56.72
439271,193.21,250.00,45,3.00,56.79
439371,193.20,250.00,45,3.00,56.80
439471,193.24,250.00,45,3.00,56.76
439571,193.23,250.00,45,3.00,56.77
439671,193.24,250.00,45,3.00,56.76
439771,193.27,250.00,45,3.00,56.73
439871,193.24,250.00,45,3.00,56.76
439971,193.25,250.00,45,3.00,56.75
440071,193.32,250.00,44,3.00,56.68
440171,193.33,250.00,45,3.00,56.67
440271,193.29,250.00,45,3.00,56.71
440371,193.23,250.00,45,3.00,56.77
440471,193.21,250.00,45,3.00,56.79
440571,193.20,250.00,45,3.00,56.80
440671,193.22,250.00,45,3.00,56.78
440771,193.23,250.00,45,3.00,56.77
440871,193.18,250.00,45,3.00,56.82
440971,193.22,250.00,45,3.00,56.78
441071,193.27,250.00,44,3.00,56.73
441171,193.26,250.00,45,3.00,56.74
441271,193.29,250.00,45,3.00,56.71
441371,193.24,250.00,45,3.00,56.76
441471,193.23,250.00,45,3.00,56.77
441571,193.28,250.00,44,3.00,56.72
441671,193.27,250.00,45,3.00,56.73
441771,193.28,250.00,45,3.00,56.72
441871,193.28,250.00,45,3.00,56.72
441971,193.25,250.00,45,3.00,56.75
442071,193.24,250.00,45,3.00,56.76
442171,193.29,250.00,44,3.00,56.71
442271,193.30,250.00,45,3.00,56.70
442371,193.26,250.00,45,3.00,56.74
442471,193.23,250.00,45,3.00,56.77
442571,193.22,250.00,45,3.00,56.78
442671,193.22,250.00,45,3.00,56.78
442771,193.17,250.00,45,3.00,56.83
442871,193.17,250.00,45,3.00,56.83
442971,193.13,250.00,45,3.00,56.87
443071,193.09,250.00,45,3.00,56.91
443171,193.16,250.00,45,3.00,56.84
443271,193.15,250.00,45,3.00,56.85
443371,193.17,250.00,45,3.00,56.83
443471,193.15,250.00,45,3.00,56.85
443571,193.15,250.00,45,3.00,56.85
443671,193.21,250.00,45,3.00,56.79
443771,193.21,250.00,45,3.00,56.79
443871,193.22,250.00,45,3.00,56.78
443971,193.23,250.00,45,3.00,56.77
444071,193.19,250.00,45,3.00,56.81
444171,193.18,250.00,45,3.00,56.82
444271,193.26,250.00,44,3.00,56.74
444371,193.27,250.00,45,3.00,56.73
444471,193.20,250.00,45,3.00,56.80
444571,193.15,250.00,45,3.00,56.85
444671,193.15,250.00,45,3.00,56.85
444771,193.15,250.00,45,3.00,56.85
444871,193.15,250.00,45,3.00,56.85
444971,193.15,250.00,45,3.00,56.85
445071,193.09,250.00,45,3.00,56.91
445171,193.12,250.00,45,3.00,56.88
445271,193.16,250.00,45,3.00,56.84
445371,193.14,250.00,45,3.00,56.86
445471,193.18,250.00,45,3.00,56.82
445571,193.14,250.00,45,3.00,56.86
445671,193.16,250.00,45,3.00,56.84
445771,193.24,250.00,44,3.00,56.76
445871,193.25,250.00,45,3.00,56.75
445971,193.28,250.00,45,3.00,56.72
446071,193.29,250.00,45,3.00,56.71
446171,193.28,250.00,45,3.00,56.72
446271,193.35,250.00,44,3.00,56.65
446371,193.45,250.00,44,3.00,56.55
446471,193.44,250.00,45,3.00,56.56
446571,193.39,250.00,45,3.00,56.61
446671,193.39,250.00,45,3.00,56.61
446771,193.38,250.00,45,3.00,56.62
446871,193.38,250.00,45,3.00,56.62
446971,193.38,250.00,45,3.00,56.62
447071,193.38,250.00,45,3.00,56.62
447171,193.33,250.00,45,3.00,56.67
447271,193.27,250.00,45,3.00,56.73
447371,193.34,250.00,44,3.00,56.66
447471,193.32,250.00,45,3.00,56.68
447571,193.35,250.00,45,3.00,56.65
447671,193.31,250.00,45,3.00,56.69
447771,193.31,250.00,45,3.00,56.69
447871,193.36,250.00,44,3.00,56.64
447971,193.32,250.00,45,3.00,56.68
448071,193.30,250.00,45,3.00,56.70
448171,193.31,250.00,45,3.00,56.69
448271,193.27,250.00,45,3.00,56.73
448371,193.36,250.00,44,3.00,56.64
448471,193.44,250.00,44,3.00,56.56
448571,193.43,250.00,45,3.00,56.57
448671,193.38,250.00,45,3.00,56.62
448771,193.34,250.00,45,3.00,56.66
448871,193.32,250.00,45,3.00,56.68
448971,193.33,250.00,45,3.00,56.67
449071,193.33,250.00,45,3.00,56.67
449171,193.31,250.00,45,3.00,56.69
449271,193.27,250.00,45,3.00,56.73
449371,193.22,250.00,45,3.00,56.78
449471,193.28,250.00,44,3.00,56.72
449571,193.28,250.00,45,3.00,56.72
449671,193.31,250.00,45,3.00,56.69
449771,193.25,250.00,45,3.00,56.75
449871,193.22,250.00,45,3.00,56.78
449971,193.28,250.00,44,3.00,56.72
450071,193.29,250.00,45,3.00,56.71
450171,193.29,250.00,45,3.00,56.71
450271,193.30,250.00,45,3.00,56.70
450371,193.26,250.00,45,3.00,56.74
450471,193.27,250.00,45,3.00,56.73
450571,193.22,250.00,45,3.00,56.78
450671,193.19,250.00,45,3.00,56.81
450771,193.17,250.00,45,3.00,56.83
450871,193.17,250.00,45,3.00,56.83
450971,193.16,250.00,45,3.00,56.84
451071,193.18,250.00,45,3.00,56.82
451171,193.20,250.00,45,3.00,56.80
451271,193.22,250.00,45,3.00,56.78
451371,193.17,250.00,45,3.00,56.83
451471,193.21,250.00,45,3.00,56.79
451571,193.30,250.00,44,3.00,56.70
451671,193.35,250.00,44,3.00,56.65
451771,193.37,250.00,45,3.00,56.63
451871,193.31,250.00,45,3.00,56.69
451971,193.29,250.00,45,3.00,56.71
452071,193.34,250.00,44,3.00,56.66
452171,193.32,250.00,45,3.00,56.68
452271,193.30,250.00,45,3.00,56.70
452371,193.33,250.00,45,3.00,56.67
452471,193.29,250.00,45,3.00,56.71
452571,193.30,250.00,45,3.00,56.70
452671,193.34,250.00,44,3.00,56.66
452771,193.35,250.00,45,3.00,56.65
452871,193.31,250.00,45,3.00,56.69
452971,193.27,250.00,45,3.00,56.73
453071,193.26,250.00,45,3.00,56.74
453171,193.27,250.00,45,3.00,56.73
453271,193.28,250.00,45,3.00,56.72
453371,193.28,250.00,45,3.00,56.72
453471,193.21,250.00,45,3.00,56.79
453571,193.24,250.00,45,3.00,56.76
453671,193.30,250.00,44,3.00,56.70
453771,193.28,250.00,45,3.00,56.72
453871,193.31,250.00,45,3.00,56.69
453971,193.25,250.00,45,3.00,56.75
454071,193.28,250.00,45,3.00,56.72
454171,193.35,250.00,44,3.00,56.65
454271,193.37,250.00,45,3.00,56.63
454371,193.41,250.00,44,3.00,56.59
454471,193.43,250.00,45,3.00,56.57
454571,193.42,250.00,45,3.00,56.58
454671,193.50,250.00,44,3.00,56.50
454771,193.54,250.00,44,3.00,56.46
454871,193.54,250.00,45,3.00,56.46
454971,193.48,250.00,45,3.00,56.52
455071,193.45,250.00,45,3.00,56.55
455171,193.44,250.00,45,3.00,56.56
455271,193.45,250.00,45,3.00,56.55
455371,193.46,250.00,45,3.00,56.54
455471,193.47,250.00,45,3.00,56.53
455571,193.42,250.00,45,3.00,56.58
455671,193.37,250.00,45,3.00,56.63
455771,193.45,250.00,44,3.00,56.55
455871,193.44,250.00,45,3.00,56.56
455971,193.48,250.00,44,3.00,56.52
456071,193.42,250.00,45,3.00,56.58
456171,193.42,250.00,45,3.00,56.58
456271,193.47,250.00,44,3.00,56.53
456371,193.46,250.00,45,3.00,56.54
456471,193.47,250.00,45,3.00,56.53
456571,193.48,250.00,45,3.00,56.52
456671,193.45,250.00,45,3.00,56.55
456771,193.46,250.00,45,3.00,56.54
456871,193.41,250.00,45,3.00,56.59
456971,193.36,250.00,45,3.00,56.64
457071,193.32,250.00,45,3.00,56.68
457171,193.30,250.00,45,3.00,56.70
457271,193.31,250.00,45,3.00,56.69
457371,193.31,250.00,45,3.00,56.69
457471,193.36,250.00,44,3.00,56.64
457571,193.36,250.00,45,3.00,56.64
457671,193.32,250.00,45,3.00,56.68
457771,193.28,250.00,45,3.00,56.72
457871,193.39,250.00,44,3.00,56.61
457971,193.39,250.00,45,3.00,56.61
458071,193.40,250.00,45,3.00,56.60
458171,193.36,250.00,45,3.00,56.64
458271,193.36,250.00,45,3.00,56.64
458371,193.42,250.00,44,3.00,56.58
458471,193.41,250.00,45,3.00,56.59
458571,193.43,250.00,45,3.00,56.57
458671,193.44,250.00,45,3.00,56.56
458771,193.39,250.00,45,3.00,56.61
458871,193.47,250.00,44,3.00,56.53
458971,193.54,250.00,44,3.00,56.46
459071,193.50,250.00,45,3.00,56.50
459171,193.45,250.00,45,3.00,56.55
459271,193.40,250.00,45,3.00,56.60
459371,193.37,250.00,45,3.00,56.63
459471,193.37,250.00,45,3.00,56.63
459571,193.39,250.00,45,3.00,56.61
459671,193.39,250.00,45,3.00,56.61
459771,193.32,250.00,45,3.00,56.68
459871,193.35,250.00,45,3.00,56.65
459971,193.41,250.00,44,3.00,56.59
460071,193.38,250.00,45,3.00,56.62
460171,193.40,250.00,45,3.00,56.60
460271,193.35,250.00,45,3.00,56.65
460371,193.35,250.00,45,3.00,56.65
460471,193.40,250.00,44,3.00,56.60
460571,193.39,250.00,45,3.00,56.61
460671,193.41,250.00,45,3.00,56.59
460771,193.40,250.00,45,3.00,56.60
460871,193.38,250.00,45,3.00,56.62
460971,193.44,250.00,44,3.00,56.56
461071,193.39,250.00,45,3.00,56.61
461171,193.36,250.00,45,3.00,56.64
461271,193.32,250.00,45,3.00,56.68
461371,193.33,250.00,45,3.00,56.67
461471,193.33,250.00,45,3.00,56.67
461571,193.35,250.00,45,3.00,56.65
461671,193.37,250.00,45,3.00,56.63
461771,193.37,250.00,45,3.00,56.63
461871,193.31,250.00,45,3.00,56.69
461971,193.37,250.00,44,3.00,56.63
462071,193.37,250.00,45,3.00,56.63
462171,193.35,250.00,45,3.00,56.65
462271,193.39,250.00,44,3.00,56.61
462371,193.35,250.00,45,3.00,56.65
462471,193.43,250.00,44,3.00,56.57
462571,193.48,250.00,44,3.00,56.52
462671,193.51,250.00,44,3.00,56.49
462771,193.52,250.00,45,3.00,56.48
462871,193.52,250.00,45,3.00,56.48
462971,193.48,250.00,45,3.00,56.52
463071,193.49,250.00,45,3.00,56.51
463171,193.56,250.00,44,3.00,56.44
463271,193.58,250.00,44,3.00,56.42
463371,193.54,250.00,45,3.00,56.46
463471,193.54,250.00,45,3.00,56.46
463571,193.52,250.00,45,3.00,56.48
