Time_ms,Temp_C,Setpoint_C,Heater_Duty,Speed_mm_s,Error_C
7471,143.70,250.00,100,3.00,106.30
7571,143.68,250.00,100,3.00,106.32
7671,143.67,250.00,100,3.00,106.33
7771,143.66,250.00,100,3.00,106.34
7871,143.67,250.00,100,3.00,106.33
7971,143.68,250.00,100,3.00,106.32
8071,143.69,250.00,100,3.00,106.31
8171,143.69,250.00,100,3.00,106.31
8271,143.70,250.00,100,3.00,106.30
8371,143.70,250.00,100,3.00,106.30
8471,143.71,250.00,100,3.00,106.29
8571,143.74,250.00,100,3.00,106.26
8671,143.77,250.00,100,3.00,106.23
8771,143.77,250.00,100,3.00,106.23
8871,143.80,250.00,100,3.00,106.20
8971,143.80,250.00,100,3.00,106.20
9071,143.84,250.00,100,3.00,106.16
9171,143.87,250.00,100,3.00,106.13
9271,143.88,250.00,100,3.00,106.12
9371,143.92,250.00,100,3.00,106.08
9471,143.96,250.00,100,3.00,106.04
9571,143.99,250.00,100,3.00,106.01
9671,144.01,250.00,100,3.00,105.99
9771,144.06,250.00,100,3.00,105.94
9871,144.08,250.00,100,3.00,105.92
9971,144.14,250.00,100,3.00,105.86
10071,144.17,250.00,100,3.00,105.83
10171,144.21,250.00,100,3.00,105.79
10271,144.26,250.00,100,3.00,105.74
10371,144.31,250.00,100,3.00,105.69
10471,144.36,250.00,100,3.00,105.64
10571,144.44,250.00,100,3.00,105.56
10671,144.51,250.00,100,3.00,105.49
10771,144.57,250.00,100,3.00,105.43
10871,144.65,250.00,100,3.00,105.35
10971,144.72,250.00,100,3.00,105.28
11071,144.78,250.00,100,3.00,105.22
11171,144.85,250.00,100,3.00,105.15
11271,144.91,250.00,100,3.00,105.09
11371,144.96,250.00,100,3.00,105.04
11471,145.04,250.00,100,3.00,104.96
11571,145.11,250.00,100,3.00,104.89
11671,145.18,250.00,100,3.00,104.82
11771,145.25,250.00,100,3.00,104.75
11871,145.33,250.00,100,3.00,104.67
11971,145.41,250.00,100,3.00,104.59
12071,145.52,250.00,100,3.00,104.48
12171,145.62,250.00,100,3.00,104.38
12271,145.72,250.00,100,3.00,104.28
12371,145.82,250.00,100,3.00,104.18
12471,145.94,250.00,100,3.00,104.06
12571,146.03,250.00,100,3.00,103.97
12671,146.12,250.00,100,3.00,103.88
12771,146.23,250.00,100,3.00,103.77
12871,146.34,250.00,100,3.00,103.66
12971,146.43,250.00,100,3.00,103.57
13071,146.55,250.00,100,3.00,103.45
13171,146.66,250.00,100,3.00,103.34
13271,146.77,250.00,100,3.00,103.23
13371,146.90,250.00,100,3.00,103.10
13471,147.00,250.00,100,3.00,103.00
13571,147.14,250.00,100,3.00,102.86
13671,147.27,250.00,100,3.00,102.73
13771,147.41,250.00,100,3.00,102.59
13871,147.52,250.00,100,3.00,102.48
13971,147.63,250.00,100,3.00,102.37
14071,147.74,250.00,100,3.00,102.26
14171,147.88,250.00,100,3.00,102.12
14271,148.00,250.00,100,3.00,102.00
14371,148.14,250.00,100,3.00,101.86
14471,148.28,250.00,100,3.00,101.72
14571,148.42,250.00,100,3.00,101.58
14671,148.57,250.00,100,3.00,101.43
14771,148.71,250.00,100,3.00,101.29
14871,148.86,250.00,100,3.00,101.14
14971,149.02,250.00,100,3.00,100.98
15071,149.15,250.00,100,3.00,100.85
15171,149.30,250.00,100,3.00,100.70
15271,149.45,250.00,100,3.00,100.55
15371,149.62,250.00,100,3.00,100.38
15471,149.77,250.00,100,3.00,100.23
15571,149.91,250.00,100,3.00,100.09
15671,150.06,250.00,100,3.00,99.94
15771,150.23,250.00,100,3.00,99.77
15871,150.37,250.00,100,3.00,99.63
15971,150.53,250.00,100,3.00,99.47
16071,150.69,250.00,100,3.00,99.31
16171,150.84,250.00,100,3.00,99.16
16271,151.02,250.00,100,3.00,98.98
16371,151.20,250.00,100,3.00,98.80
16471,151.36,250.00,100,3.00,98.64
16571,151.53,250.00,100,3.00,98.47
16671,151.69,250.00,100,3.00,98.31
16771,151.86,250.00,100,3.00,98.14
16871,152.04,250.00,100,3.00,97.96
16971,152.21,250.00,100,3.00,97.79
17071,152.38,250.00,100,3.00,97.62
17171,152.57,250.00,100,3.00,97.43
17271,152.75,250.00,100,3.00,97.25
17371,152.91,250.00,100,3.00,97.09
17471,153.09,250.00,100,3.00,96.91
17571,153.27,250.00,100,3.00,96.73
17671,153.43,250.00,100,3.00,96.57
17771,153.63,250.00,100,3.00,96.37
17871,153.80,250.00,100,3.00,96.20
17971,153.96,250.00,100,3.00,96.04
18071,154.12,250.00,100,3.00,95.88
18171,154.31,250.00,100,3.00,95.69
18271,154.49,250.00,100,3.00,95.51
18371,154.69,250.00,100,3.00,95.31
18471,154.86,250.00,100,3.00,95.14
18571,155.05,250.00,100,3.00,94.95
18671,155.24,250.00,100,3.00,94.76
18771,155.44,250.00,100,3.00,94.56
18871,155.63,250.00,100,3.00,94.37
18971,155.81,250.00,100,3.00,94.19
19071,155.99,250.00,100,3.00,94.01
19171,156.20,250.00,100,3.00,93.80
19271,156.41,250.00,100,3.00,93.59
19371,156.61,250.00,100,3.00,93.39
19471,156.81,250.00,100,3.00,93.19
19571,157.02,250.00,100,3.00,92.98
19671,157.21,250.00,100,3.00,92.79
19771,157.43,250.00,100,3.00,92.57
19871,157.63,250.00,100,3.00,92.37
19971,157.85,250.00,100,3.00,92.15
20071,158.03,250.00,100,3.00,91.97
20171,158.21,250.00,100,3.00,91.79
20271,158.42,250.00,100,3.00,91.58
20371,158.62,250.00,100,3.00,91.38
20471,158.83,250.00,100,3.00,91.17
20571,159.02,250.00,100,3.00,90.98
20671,159.24,250.00,100,3.00,90.76
20771,159.44,250.00,100,3.00,90.56
20871,159.66,250.00,100,3.00,90.34
20971,159.86,250.00,100,3.00,90.14
21071,160.05,250.00,100,3.00,89.95
21171,160.28,250.00,100,3.00,89.72
21271,160.49,250.00,100,3.00,89.51
21371,160.71,250.00,100,3.00,89.29
21471,160.92,250.00,100,3.00,89.08
21571,161.13,250.00,100,3.00,88.87
21671,161.36,250.00,100,3.00,88.64
21771,161.56,250.00,100,3.00,88.44
21871,161.75,250.00,100,3.00,88.25
21971,158.63,250.00,100,3.00,91.37
22071,155.85,250.00,100,3.00,94.15
22171,153.36,250.00,100,3.00,96.64
22271,151.13,250.00,100,3.00,98.87
22371,149.12,250.00,100,3.00,100.88
22471,147.32,250.00,100,3.00,102.68
22571,145.75,250.00,100,3.00,104.25
22671,144.33,250.00,100,3.00,105.67
22771,143.07,250.00,100,3.00,106.93
22871,141.96,250.00,100,3.00,108.04
22971,140.96,250.00,100,3.00,109.04
23071,140.09,250.00,100,3.00,109.91
23171,139.32,250.00,100,3.00,110.68
23271,138.65,250.00,100,3.00,111.35
23371,138.08,250.00,100,3.00,111.92
23471,137.58,250.00,100,3.00,112.42
23571,137.13,250.00,100,3.00,112.87
23671,136.74,250.00,100,3.00,113.26
23771,136.40,250.00,100,3.00,113.60
23871,136.12,250.00,100,3.00,113.88
23971,135.88,250.00,100,3.00,114.12
24071,135.67,250.00,100,3.00,114.33
24171,135.53,250.00,100,3.00,114.47
24271,135.41,250.00,100,3.00,114.59
24371,135.31,250.00,100,3.00,114.69
24471,135.25,250.00,100,3.00,114.75
24571,135.19,250.00,100,3.00,114.81
24671,135.13,250.00,100,3.00,114.87
24771,135.13,250.00,100,3.00,114.87
24871,135.11,250.00,100,3.00,114.89
24971,135.14,250.00,100,3.00,114.86
25071,135.15,250.00,100,3.00,114.85
25171,135.18,250.00,100,3.00,114.82
25271,135.25,250.00,100,3.00,114.75
25371,135.32,250.00,100,3.00,114.68
25471,135.41,250.00,100,3.00,114.59
25571,135.50,250.00,100,3.00,114.50
25671,135.58,250.00,100,3.00,114.42
25771,135.69,250.00,100,3.00,114.31
25871,135.79,250.00,100,3.00,114.21
25971,135.90,250.00,100,3.00,114.10
26071,136.01,250.00,100,3.00,113.99
26171,136.11,250.00,100,3.00,113.89
26271,136.25,250.00,100,3.00,113.75
26371,136.39,250.00,100,3.00,113.61
26471,136.52,250.00,100,3.00,113.48
26571,136.67,250.00,100,3.00,113.33
26671,136.79,250.00,100,3.00,113.21
26771,136.91,250.00,100,3.00,113.09
26871,137.05,250.00,100,3.00,112.95
26971,137.17,250.00,100,3.00,112.83
27071,137.32,250.00,100,3.00,112.68
27171,137.44,250.00,100,3.00,112.56
27271,137.56,250.00,100,3.00,112.44
27371,137.72,250.00,100,3.00,112.28
27471,137.87,250.00,100,3.00,112.13
27571,138.04,250.00,100,3.00,111.96
27671,138.19,250.00,100,3.00,111.81
27771,138.34,250.00,100,3.00,111.66
27871,138.50,250.00,100,3.00,111.50
27971,138.64,250.00,100,3.00,111.36
28071,138.79,250.00,100,3.00,111.21
28171,138.95,250.00,100,3.00,111.05
28271,139.08,250.00,100,3.00,110.92
28371,139.26,250.00,100,3.00,110.74
28471,139.43,250.00,100,3.00,110.57
28571,139.59,250.00,100,3.00,110.41
28671,139.75,250.00,100,3.00,110.25
28771,139.91,250.00,100,3.00,110.09
28871,140.04,250.00,100,3.00,109.96
28971,140.19,250.00,100,3.00,109.81
29071,140.35,250.00,100,3.00,109.65
29171,140.49,250.00,100,3.00,109.51
29271,140.62,250.00,100,3.00,109.38
29371,140.78,250.00,100,3.00,109.22
29471,140.95,250.00,100,3.00,109.05
29571,141.12,250.00,100,3.00,108.88
29671,141.27,250.00,100,3.00,108.73
29771,141.42,250.00,100,3.00,108.58
29871,141.57,250.00,100,3.00,108.43
29971,141.72,250.00,100,3.00,108.28
30071,141.89,250.00,100,3.00,108.11
30171,142.06,250.00,100,3.00,107.94
30271,142.23,250.00,100,3.00,107.77
30371,142.38,250.00,100,3.00,107.62
30471,142.53,250.00,100,3.00,107.47
30571,142.67,250.00,100,3.00,107.33
30671,142.82,250.00,100,3.00,107.18
30771,142.95,250.00,100,3.00,107.05
30871,143.09,250.00,100,3.00,106.91
30971,143.25,250.00,100,3.00,106.75
31071,143.39,250.00,100,3.00,106.61
31171,143.56,250.00,100,3.00,106.44
31271,143.71,250.00,100,3.00,106.29
31371,143.89,250.00,100,3.00,106.11
31471,144.04,250.00,100,3.00,105.96
31571,144.20,250.00,100,3.00,105.80
31671,144.36,250.00,100,3.00,105.64
31771,144.53,250.00,100,3.00,105.47
31871,144.67,250.00,100,3.00,105.33
31971,144.82,250.00,100,3.00,105.18
32071,144.96,250.00,100,3.00,105.04
32171,145.12,250.00,100,3.00,104.88
32271,145.27,250.00,100,3.00,104.73
32371,145.41,250.00,100,3.00,104.59
32471,145.56,250.00,100,3.00,104.44
32571,145.73,250.00,100,3.00,104.27
32671,145.89,250.00,100,3.00,104.11
32771,146.05,250.00,100,3.00,103.95
32871,146.21,250.00,100,3.00,103.79
32971,146.37,250.00,100,3.00,103.63
33071,146.53,250.00,100,3.00,103.47
33171,146.70,250.00,100,3.00,103.30
33271,146.87,250.00,100,3.00,103.13
33371,147.02,250.00,100,3.00,102.98
33471,147.16,250.00,100,3.00,102.84
33571,147.31,250.00,100,3.00,102.69
33671,147.46,250.00,100,3.00,102.54
33771,147.61,250.00,100,3.00,102.39
33871,147.76,250.00,100,3.00,102.24
33971,147.90,250.00,100,3.00,102.10
34071,148.05,250.00,100,3.00,101.95
34171,148.21,250.00,100,3.00,101.79
34271,148.35,250.00,100,3.00,101.65
34371,148.50,250.00,100,3.00,101.50
34471,148.64,250.00,100,3.00,101.36
34571,148.82,250.00,100,3.00,101.18
34671,148.96,250.00,100,3.00,101.04
34771,149.13,250.00,100,3.00,100.87
34871,149.27,250.00,100,3.00,100.73
34971,149.44,250.00,100,3.00,100.56
35071,149.58,250.00,100,3.00,100.42
35171,149.76,250.00,100,3.00,100.24
35271,149.89,250.00,100,3.00,100.11
35371,150.06,250.00,100,3.00,99.94
35471,150.21,250.00,100,3.00,99.79
35571,150.36,250.00,100,3.00,99.64
35671,150.51,250.00,100,3.00,99.49
35771,150.66,250.00,100,3.00,99.34
35871,150.83,250.00,100,3.00,99.17
35971,151.00,250.00,100,3.00,99.00
36071,151.14,250.00,100,3.00,98.86
36171,151.30,250.00,100,3.00,98.70
36271,151.46,250.00,100,3.00,98.54
36371,151.61,250.00,100,3.00,98.39
36471,151.76,250.00,100,3.00,98.24
36571,151.93,250.00,100,3.00,98.07
36671,152.09,250.00,100,3.00,97.91
36771,152.22,250.00,100,3.00,97.78
36871,152.38,250.00,100,3.00,97.62
36971,152.53,250.00,100,3.00,97.47
37071,152.66,250.00,100,3.00,97.34
37171,152.78,250.00,100,3.00,97.22
37271,152.96,250.00,100,3.00,97.04
37371,153.14,250.00,100,3.00,96.86
37471,153.31,250.00,100,3.00,96.69
37571,153.47,250.00,100,3.00,96.53
37671,153.62,250.00,100,3.00,96.38
37771,153.79,250.00,100,3.00,96.21
37871,153.96,250.00,100,3.00,96.04
37971,154.13,250.00,100,3.00,95.87
38071,154.29,250.00,100,3.00,95.71
38171,154.45,250.00,100,3.00,95.55
38271,154.61,250.00,100,3.00,95.39
38371,154.75,250.00,100,3.00,95.25
38471,154.89,250.00,100,3.00,95.11
38571,155.03,250.00,100,3.00,94.97
38671,155.17,250.00,100,3.00,94.83
38771,155.33,250.00,100,3.00,94.67
38871,155.50,250.00,100,3.00,94.50
38971,155.64,250.00,100,3.00,94.36
39071,155.77,250.00,100,3.00,94.23
39171,155.89,250.00,100,3.00,94.11
39271,156.02,250.00,100,3.00,93.98
39371,156.19,250.00,100,3.00,93.81
39471,156.36,250.00,100,3.00,93.64
39571,156.53,250.00,100,3.00,93.47
39671,156.68,250.00,100,3.00,93.32
39771,156.82,250.00,100,3.00,93.18
39871,156.98,250.00,100,3.00,93.02
39971,157.13,250.00,100,3.00,92.87
40071,157.27,250.00,100,3.00,92.73
40171,157.42,250.00,100,3.00,92.58
40271,157.59,250.00,100,3.00,92.41
40371,157.74,250.00,100,3.00,92.26
40471,157.88,250.00,100,3.00,92.12
40571,158.03,250.00,100,3.00,91.97
40671,158.17,250.00,100,3.00,91.83
40771,158.30,250.00,100,3.00,91.70
40871,158.46,250.00,100,3.00,91.54
40971,158.60,250.00,100,3.00,91.40
41071,158.76,250.00,100,3.00,91.24
41171,158.92,250.00,100,3.00,91.08
41271,159.04,250.00,100,3.00,90.96
41371,159.20,250.00,100,3.00,90.80
41471,159.36,250.00,100,3.00,90.64
41571,159.50,250.00,100,3.00,90.50
41671,159.67,250.00,100,3.00,90.33
41771,159.82,250.00,100,3.00,90.18
41871,159.97,250.00,100,3.00,90.03
41971,160.11,250.00,100,3.00,89.89
42071,160.30,250.00,100,3.00,89.70
42171,160.44,250.00,100,3.00,89.56
42271,160.60,250.00,100,3.00,89.40
42371,160.73,250.00,100,3.00,89.27
42471,160.90,250.00,100,3.00,89.10
42571,161.05,250.00,100,3.00,88.95
42671,161.23,250.00,100,3.00,88.77
42771,161.39,250.00,100,3.00,88.61
42871,161.58,250.00,100,3.00,88.42
42971,161.73,250.00,100,3.00,88.27
43071,161.87,250.00,100,3.00,88.13
43171,162.03,250.00,100,3.00,87.97
43271,162.18,250.00,100,3.00,87.82
43371,162.30,250.00,100,3.00,87.70
43471,162.45,250.00,100,3.00,87.55
43571,162.63,250.00,100,3.00,87.37
43671,162.77,250.00,100,3.00,87.23
43771,162.95,250.00,100,3.00,87.05
43871,163.11,250.00,100,3.00,86.89
43971,163.28,250.00,100,3.00,86.72
44071,163.42,250.00,100,3.00,86.58
44171,163.59,250.00,100,3.00,86.41
44271,163.72,250.00,100,3.00,86.28
44371,163.86,250.00,100,3.00,86.14
44471,163.98,250.00,100,3.00,86.02
44571,164.16,250.00,100,3.00,85.84
44671,164.30,250.00,100,3.00,85.70
44771,164.48,250.00,100,3.00,85.52
44871,164.66,250.00,100,3.00,85.34
44971,164.85,250.00,100,3.00,85.15
45071,164.99,250.00,100,3.00,85.01
45171,165.17,250.00,100,3.00,84.83
45271,165.27,250.00,100,3.00,84.73
45371,165.38,250.00,100,3.00,84.62
45471,165.54,250.00,100,3.00,84.46
45571,165.66,250.00,100,3.00,84.34
45671,165.83,250.00,100,3.00,84.17
45771,166.01,250.00,100,3.00,83.99
45871,166.17,250.00,100,3.00,83.83
45971,166.30,250.00,100,3.00,83.70
46071,166.44,250.00,100,3.00,83.56
46171,166.60,250.00,100,3.00,83.40
46271,166.71,250.00,100,3.00,83.29
46371,166.88,250.00,100,3.00,83.12
46471,167.03,250.00,100,3.00,82.97
46571,167.15,250.00,100,3.00,82.85
46671,167.31,250.00,100,3.00,82.69
46771,167.46,250.00,100,3.00,82.54
46871,167.63,250.00,100,3.00,82.37
46971,167.80,250.00,100,3.00,82.20
47071,167.93,250.00,100,3.00,82.07
47171,168.07,250.00,100,3.00,81.93
47271,168.25,250.00,100,3.00,81.75
47371,168.41,250.00,100,3.00,81.59
47471,168.55,250.00,100,3.00,81.45
47571,168.67,250.00,100,3.00,81.33
47671,168.81,250.00,100,3.00,81.19
47771,168.97,250.00,100,3.00,81.03
47871,169.15,250.00,100,3.00,80.85
47971,169.31,250.00,100,3.00,80.69
48071,169.44,250.00,100,3.00,80.56
48171,169.56,250.00,100,3.00,80.44
48271,169.69,250.00,100,3.00,80.31
48371,169.82,250.00,100,3.00,80.18
48471,169.95,250.00,100,3.00,80.05
48571,170.10,250.00,100,3.00,79.90
48671,170.28,250.00,100,3.00,79.72
48771,170.45,250.00,100,3.00,79.55
48871,170.60,250.00,100,3.00,79.40
48971,170.76,250.00,100,3.00,79.24
49071,170.90,250.00,100,3.00,79.10
49171,171.02,250.00,100,3.00,78.98
49271,171.18,250.00,100,3.00,78.82
49371,171.36,250.00,100,3.00,78.64
49471,171.47,250.00,100,3.00,78.53
49571,171.59,250.00,100,3.00,78.41
49671,171.70,250.00,100,3.00,78.30
49771,171.83,250.00,100,3.00,78.17
49871,172.00,250.00,100,3.00,78.00
49971,172.11,250.00,100,3.00,77.89
50071,172.27,250.00,100,3.00,77.73
50171,172.41,250.00,100,3.00,77.59
50271,172.59,250.00,100,3.00,77.41
50371,172.72,250.00,100,3.00,77.28
50471,172.89,250.00,100,3.00,77.11
50571,173.03,250.00,100,3.00,76.97
50671,173.23,250.00,100,3.00,76.77
50771,173.44,250.00,100,3.00,76.56
50871,173.60,250.00,100,3.00,76.40
50971,173.76,250.00,100,3.00,76.24
51071,173.94,250.00,100,3.00,76.06
51171,174.08,250.00,100,3.00,75.92
51271,174.18,250.00,100,3.00,75.82
51371,174.37,250.00,100,3.00,75.63
51471,174.52,250.00,100,3.00,75.48
51571,174.69,250.00,100,3.00,75.31
51671,174.83,250.00,100,3.00,75.17
51771,174.99,250.00,100,3.00,75.01
51871,175.10,250.00,100,3.00,74.90
51971,175.26,250.00,100,3.00,74.74
52071,175.38,250.00,100,3.00,74.62
52171,175.55,250.00,100,3.00,74.45
52271,175.69,250.00,100,3.00,74.31
52371,175.87,250.00,100,3.00,74.13
52471,176.00,250.00,100,3.00,74.00
52571,176.14,250.00,100,3.00,73.86
52671,176.32,250.00,100,3.00,73.68
52771,176.45,250.00,100,3.00,73.55
52871,176.63,250.00,100,3.00,73.37
52971,176.77,250.00,100,3.00,73.23
53071,176.91,250.00,100,3.00,73.09
53171,177.04,250.00,100,3.00,72.96
53271,177.17,250.00,100,3.00,72.83
53371,177.29,250.00,100,3.00,72.71
53471,177.45,250.00,100,3.00,72.55
53571,177.62,250.00,100,3.00,72.38
53671,177.76,250.00,100,3.00,72.24
53771,177.90,250.00,100,3.00,72.10
53871,178.00,250.00,100,3.00,72.00
53971,178.14,250.00,100,3.00,71.86
54071,178.31,250.00,100,3.00,71.69
54171,178.41,250.00,100,3.00,71.59
54271,178.57,250.00,100,3.00,71.43
54371,178.72,250.00,100,3.00,71.28
54471,178.85,250.00,100,3.00,71.15
54571,178.98,250.00,100,3.00,71.02
54671,179.11,250.00,100,3.00,70.89
54771,179.24,250.00,100,3.00,70.76
54871,179.39,250.00,100,3.00,70.61
54971,179.51,250.00,100,3.00,70.49
55071,179.67,250.00,100,3.00,70.33
55171,179.82,250.00,100,3.00,70.18
55271,180.00,250.00,100,3.00,70.00
55371,180.15,250.00,100,3.00,69.85
55471,180.25,250.00,100,3.00,69.75
55571,180.40,250.00,100,3.00,69.60
55671,180.59,250.00,100,3.00,69.41
55771,180.69,250.00,100,3.00,69.31
55871,180.84,250.00,100,3.00,69.16
55971,180.95,250.00,100,3.00,69.05
56071,181.10,250.00,100,3.00,68.90
56171,181.27,250.00,100,3.00,68.73
56271,181.38,250.00,100,3.00,68.62
56371,181.54,250.00,100,3.00,68.46
56471,181.68,250.00,100,3.00,68.32
56571,181.81,250.00,100,3.00,68.19
56671,181.97,250.00,100,3.00,68.03
56771,182.10,250.00,100,3.00,67.90
56871,182.24,250.00,100,3.00,67.76
56971,182.39,250.00,100,3.00,67.61
57071,182.59,250.00,100,3.00,67.41
57171,182.76,250.00,100,3.00,67.24
57271,182.92,250.00,100,3.00,67.08
57371,183.10,250.00,100,3.00,66.90
57471,183.27,250.00,100,3.00,66.73
57571,183.35,250.00,100,3.00,66.65
57671,183.49,250.00,100,3.00,66.51
57771,183.64,250.00,100,3.00,66.36
57871,183.81,250.00,100,3.00,66.19
57971,183.94,250.00,100,3.00,66.06
58071,184.03,250.00,100,3.00,65.97
58171,184.14,250.00,100,3.00,65.86
58271,184.32,250.00,100,3.00,65.68
58371,184.50,250.00,100,3.00,65.50
58471,184.68,250.00,100,3.00,65.32
58571,184.83,250.00,100,3.00,65.17
58671,184.94,250.00,100,3.00,65.06
58771,185.12,250.00,100,3.00,64.88
58871,185.24,250.00,100,3.00,64.76
58971,185.38,250.00,100,3.00,64.62
59071,185.52,250.00,100,3.00,64.48
59171,185.70,250.00,100,3.00,64.30
59271,185.84,250.00,100,3.00,64.16
59371,186.02,250.00,100,3.00,63.98
59471,186.21,250.00,100,3.00,63.79
59571,186.34,250.00,100,3.00,63.66
59671,186.42,250.00,100,3.00,63.58
59771,186.57,250.00,100,3.00,63.43
59871,186.73,250.00,100,3.00,63.27
59971,186.92,250.00,100,3.00,63.08
60071,187.08,250.00,100,3.00,62.92
60171,187.17,250.00,100,3.00,62.83
60271,187.34,250.00,100,3.00,62.66
60371,187.52,250.00,100,3.00,62.48
60471,187.64,250.00,100,3.00,62.36
60571,187.83,250.00,100,3.00,62.17
60671,187.98,250.00,100,3.00,62.02
60771,188.05,250.00,100,3.00,61.95
60871,188.17,250.00,100,3.00,61.83
60971,188.29,250.00,100,3.00,61.71
61071,188.40,250.00,100,3.00,61.60
61171,188.53,250.00,100,3.00,61.47
61271,188.70,250.00,100,3.00,61.30
61371,188.84,250.00,100,3.00,61.16
61471,188.97,250.00,100,3.00,61.03
61571,189.15,250.00,100,3.00,60.85
61671,189.27,250.00,100,3.00,60.73
61771,189.35,250.00,100,3.00,60.65
61871,189.53,250.00,100,3.00,60.47
61971,189.62,250.00,100,3.00,60.38
62071,189.71,250.00,100,3.00,60.29
62171,189.82,250.00,100,3.00,60.18
62271,189.99,250.00,100,3.00,60.01
62371,190.08,250.00,100,3.00,59.92
62471,190.24,250.00,100,3.00,59.76
62571,190.41,250.00,100,3.00,59.59
62671,190.57,250.00,100,3.00,59.43
62771,190.70,250.00,100,3.00,59.30
62871,190.79,250.00,100,3.00,59.21
62971,190.96,250.00,100,3.00,59.04
63071,191.08,250.00,100,3.00,58.92
63171,191.20,250.00,100,3.00,58.80
63271,191.32,250.00,100,3.00,58.68
63371,191.51,250.00,100,3.00,58.49
63471,191.69,250.00,100,3.00,58.31
63571,191.83,250.00,100,3.00,58.17
63671,191.98,250.00,100,3.00,58.02
63771,192.09,250.00,100,3.00,57.91
63871,192.17,250.00,100,3.00,57.83
63971,192.34,250.00,100,3.00,57.66
64071,192.55,250.00,100,3.00,57.45
64171,192.73,250.00,100,3.00,57.27
64271,192.86,250.00,100,3.00,57.14
64371,193.04,250.00,100,3.00,56.96
64471,193.11,250.00,100,3.00,56.89
64571,193.30,250.00,100,3.00,56.70
64671,193.40,250.00,100,3.00,56.60
64771,193.55,250.00,100,3.00,56.45
64871,193.70,250.00,100,3.00,56.30
64971,193.82,250.00,100,3.00,56.18
65071,193.95,250.00,100,3.00,56.05
65171,194.16,250.00,100,3.00,55.84
65271,194.42,250.00,100,3.00,55.58
65371,194.67,250.00,100,3.00,55.33
65471,194.92,250.00,100,3.00,55.08
65571,195.13,250.00,100,3.00,54.87
65671,195.31,250.00,100,3.00,54.69
65771,195.52,250.00,100,3.00,54.48
65871,195.64,250.00,100,3.00,54.36
65971,195.86,250.00,100,3.00,54.14
66071,196.05,250.00,100,3.00,53.95
66171,196.21,250.00,100,3.00,53.79
66271,196.41,250.00,100,3.00,53.59
66371,196.47,250.00,100,3.00,53.53
66471,196.54,250.00,100,3.00,53.46
66571,196.67,250.00,100,3.00,53.33
66671,196.89,250.00,100,3.00,53.11
66771,197.01,250.00,100,3.00,52.99
66871,197.22,250.00,100,3.00,52.78
66971,197.37,250.00,100,3.00,52.63
67071,197.48,250.00,100,3.00,52.52
67171,197.64,250.00,100,3.00,52.36
67271,197.79,250.00,100,3.00,52.21
67371,197.91,250.00,100,3.00,52.09
67471,198.12,250.00,100,3.00,51.88
67571,198.34,250.00,100,3.00,51.66
67671,198.53,250.00,100,3.00,51.47
67771,198.66,250.00,100,3.00,51.34
67871,198.89,250.00,100,3.00,51.11
67971,199.01,250.00,100,3.00,50.99
68071,199.09,250.00,100,3.00,50.91
68171,199.28,250.00,100,3.00,50.72
68271,199.45,250.00,100,3.00,50.55
68371,199.58,250.00,100,3.00,50.42
68471,199.65,250.00,100,3.00,50.35
68571,199.73,250.00,100,3.00,50.27
68671,199.83,250.00,100,3.00,50.17
68771,200.04,250.00,100,3.00,49.96
68871,200.16,250.00,100,3.00,49.84
68971,200.36,250.00,100,3.00,49.64
69071,200.52,250.00,100,3.00,49.48
69171,200.73,250.00,100,3.00,49.27
69271,200.92,250.00,100,3.00,49.08
69371,201.07,250.00,100,3.00,48.93
69471,201.20,250.00,100,3.00,48.80
69571,201.42,250.00,100,3.00,48.58
69671,201.62,250.00,100,3.00,48.38
69771,201.79,250.00,100,3.00,48.21
69871,201.93,250.00,100,3.00,48.07
69971,202.12,250.00,100,3.00,47.88
70071,202.32,250.00,100,3.00,47.68
70171,202.38,250.00,100,3.00,47.62
70271,202.55,250.00,100,3.00,47.45
70371,202.64,250.00,100,3.00,47.36
70471,202.76,250.00,100,3.00,47.24
70571,202.82,250.00,100,3.00,47.18
70671,202.90,250.00,100,3.00,47.10
70771,202.98,250.00,100,3.00,47.02
70871,203.19,250.00,100,3.00,46.81
70971,203.42,250.00,100,3.00,46.58
71071,203.61,250.00,100,3.00,46.39
71171,203.77,250.00,100,3.00,46.23
71271,203.83,250.00,100,3.00,46.17
71371,203.96,250.00,100,3.00,46.04
71471,204.18,250.00,100,3.00,45.82
71571,204.33,250.00,100,3.00,45.67
71671,204.55,250.00,100,3.00,45.45
71771,204.66,250.00,100,3.00,45.34
71871,204.84,250.00,100,3.00,45.16
71971,205.00,250.00,100,3.00,45.00
72071,205.15,250.00,100,3.00,44.85
72171,205.28,250.00,100,3.00,44.72
72271,205.50,250.00,100,3.00,44.50
72371,205.68,250.00,100,3.00,44.32
72471,205.84,250.00,100,3.00,44.16
72571,205.90,250.00,100,3.00,44.10
72671,205.96,250.00,100,3.00,44.04
72771,206.14,250.00,100,3.00,43.86
72871,206.20,250.00,100,3.00,43.80
72971,206.39,250.00,100,3.00,43.61
73071,206.61,250.00,100,3.00,43.39
73171,206.79,250.00,100,3.00,43.21
73271,206.94,250.00,100,3.00,43.06
73371,207.00,250.00,100,3.00,43.00
73471,207.14,250.00,100,3.00,42.86
73571,207.26,250.00,100,3.00,42.74
73671,207.48,250.00,100,3.00,42.52
73771,207.60,250.00,100,3.00,42.40
73871,207.82,250.00,100,3.00,42.18
73971,207.98,250.00,100,3.00,42.02
74071,208.13,250.00,100,3.00,41.87
74171,208.36,250.00,100,3.00,41.64
74271,208.50,250.00,100,3.00,41.50
74371,208.62,250.00,100,3.00,41.38
74471,208.86,250.00,100,3.00,41.14
74571,209.12,250.00,100,3.00,40.88
74671,209.19,250.00,100,3.00,40.81
74771,209.33,250.00,100,3.00,40.67
74871,209.38,250.00,100,3.00,40.62
74971,209.47,250.00,100,3.00,40.53
75071,209.71,250.00,100,3.00,40.29
75171,209.80,250.00,100,3.00,40.20
75271,210.04,250.00,100,3.00,39.96
75371,210.21,250.00,100,3.00,39.79
75471,210.29,250.00,100,3.00,39.71
75571,210.44,250.00,100,3.00,39.56
75671,210.70,250.00,100,3.00,39.30
75771,210.94,250.00,100,3.00,39.06
75871,211.15,250.00,100,3.00,38.85
75971,211.40,250.00,100,3.00,38.60
76071,211.60,250.00,100,3.00,38.40
76171,211.71,250.00,100,3.00,38.29
76271,211.94,250.00,100,3.00,38.06
76371,212.05,250.00,100,3.00,37.95
76471,212.27,250.00,100,3.00,37.73
76571,212.48,250.00,100,3.00,37.52
76671,212.56,250.00,100,3.00,37.44
76771,212.77,250.00,100,3.00,37.23
76871,212.80,250.00,100,3.00,37.20
76971,213.01,250.00,100,3.00,36.99
77071,213.17,250.00,100,3.00,36.83
77171,213.38,250.00,100,3.00,36.62
77271,213.44,250.00,100,3.00,36.56
77371,213.63,250.00,100,3.00,36.37
77471,213.76,250.00,100,3.00,36.24
77571,213.84,250.00,100,3.00,36.16
77671,214.05,250.00,100,3.00,35.95
77771,214.17,250.00,100,3.00,35.83
77871,214.32,250.00,100,3.00,35.68
77971,214.54,250.00,100,3.00,35.46
78071,214.65,250.00,100,3.00,35.35
78171,214.84,250.00,100,3.00,35.16
78271,215.02,250.00,100,3.00,34.98
78371,215.27,250.00,100,3.00,34.73
78471,215.37,250.00,100,3.00,34.63
78571,215.43,250.00,100,3.00,34.57
78671,215.65,250.00,100,3.00,34.35
78771,215.91,250.00,100,3.00,34.09
78871,216.01,250.00,100,3.00,33.99
78971,216.14,250.00,100,3.00,33.86
79071,216.18,250.00,100,3.00,33.82
79171,216.22,250.00,100,3.00,33.78
79271,216.46,250.00,100,3.00,33.54
79371,216.58,250.00,100,3.00,33.42
79471,216.79,250.00,100,3.00,33.21
79571,216.94,250.00,100,3.00,33.06
79671,217.07,250.00,100,3.00,32.93
79771,217.23,250.00,100,3.00,32.77
79871,217.48,250.00,100,3.00,32.52
79971,217.59,250.00,100,3.00,32.41
80071,217.73,250.00,100,3.00,32.27
80171,218.00,250.00,100,3.00,32.00
80271,218.17,250.00,100,3.00,31.83
80371,218.33,250.00,100,3.00,31.67
80471,218.61,250.00,97,3.00,31.39
80571,218.69,250.00,100,3.00,31.31
80671,219.01,250.00,91,3.00,30.99
80771,219.26,250.00,97,3.00,30.74
80871,219.31,250.00,100,3.00,30.69
80971,219.38,250.00,100,3.00,30.62
81071,219.56,250.00,100,3.00,30.44
81171,219.61,250.00,100,3.00,30.39
81271,219.81,250.00,100,3.00,30.19
81371,220.02,250.00,98,3.00,29.98
81471,220.10,250.00,100,3.00,29.90
81571,220.32,250.00,96,3.00,29.68
81671,220.44,250.00,100,3.00,29.56
81771,220.59,250.00,100,3.00,29.41
81871,220.72,250.00,100,3.00,29.28
81971,220.88,250.00,100,3.00,29.12
82071,221.02,250.00,100,3.00,28.98
82171,221.19,250.00,98,3.00,28.81
82271,221.34,250.00,99,3.00,28.66
82371,221.59,250.00,88,3.00,28.41
82471,221.89,250.00,81,3.00,28.11
82571,222.13,250.00,87,3.00,27.87
82671,222.30,250.00,93,3.00,27.70
82771,222.54,250.00,86,3.00,27.46
82871,222.79,250.00,83,3.00,27.21
82971,222.89,250.00,97,3.00,27.11
83071,222.99,250.00,98,3.00,27.01
83171,223.28,250.00,78,3.00,26.72
83271,223.49,250.00,84,3.00,26.51
83371,223.77,250.00,77,3.00,26.23
83471,223.90,250.00,91,3.00,26.10
83571,224.14,250.00,79,3.00,25.86
83671,224.27,250.00,89,3.00,25.73
83771,224.51,250.00,77,3.00,25.49
83871,224.77,250.00,74,3.00,25.23
83971,224.88,250.00,89,3.00,25.12
84071,225.19,250.00,68,3.00,24.81
84171,225.43,250.00,74,3.00,24.57
84271,225.64,250.00,76,3.00,24.36
84371,225.87,250.00,73,3.00,24.13
84471,226.00,250.00,83,3.00,24.00
84571,226.24,250.00,70,3.00,23.76
84671,226.37,250.00,81,3.00,23.63
84771,226.40,250.00,91,3.00,23.60
84871,226.65,250.00,68,3.00,23.35
84971,226.91,250.00,65,3.00,23.09
85071,227.06,250.00,76,3.00,22.94
85171,227.15,250.00,82,3.00,22.85
85271,227.23,250.00,82,3.00,22.77
85371,227.48,250.00,65,3.00,22.52
85471,227.66,250.00,71,3.00,22.34
85571,227.78,250.00,77,3.00,22.22
85671,227.93,250.00,73,3.00,22.07
85771,228.11,250.00,69,3.00,21.89
85871,228.32,250.00,65,3.00,21.68
85971,228.46,250.00,72,3.00,21.54
86071,228.63,250.00,68,3.00,21.37
86171,228.79,250.00,69,3.00,21.21
86271,229.02,250.00,60,3.00,20.98
86371,229.27,250.00,57,3.00,20.73
86471,229.55,250.00,54,3.00,20.45
86571,229.71,250.00,65,3.00,20.29
86671,229.89,250.00,61,3.00,20.11
86771,230.01,250.00,67,3.00,19.99
86871,230.26,250.00,53,3.00,19.74
86971,230.49,250.00,55,3.00,19.51
87071,230.69,250.00,57,3.00,19.31
87171,230.73,250.00,72,3.00,19.27
87271,230.91,250.00,58,3.00,19.09
87371,231.16,250.00,49,3.00,18.84
87471,231.39,250.00,51,3.00,18.61
87571,231.60,250.00,52,3.00,18.40
87671,231.74,250.00,59,3.00,18.26
87771,231.91,250.00,55,3.00,18.09
87871,232.07,250.00,56,3.00,17.93
87971,232.11,250.00,67,3.00,17.89
88071,232.30,250.00,52,3.00,17.70
88171,232.32,250.00,68,3.00,17.68
88271,232.39,250.00,63,3.00,17.61
88371,232.64,250.00,43,3.00,17.36
88471,232.82,250.00,50,3.00,17.18
88571,233.09,250.00,41,3.00,16.91
88671,233.22,250.00,53,3.00,16.78
88771,233.50,250.00,38,3.00,16.50
88871,233.64,250.00,50,3.00,16.36
88971,233.93,250.00,35,3.00,16.07
89071,234.13,250.00,43,3.00,15.87
89171,234.22,250.00,54,3.00,15.78
89271,234.29,250.00,55,3.00,15.71
89371,234.41,250.00,50,3.00,15.59
89471,234.67,250.00,35,3.00,15.33
89571,234.95,250.00,31,3.00,15.05
89671,235.16,250.00,39,3.00,14.84
89771,235.24,250.00,51,3.00,14.76
89871,235.31,250.00,52,3.00,14.69
89971,235.43,250.00,47,3.00,14.57
90071,235.54,250.00,48,3.00,14.46
90171,235.74,250.00,38,3.00,14.26
90271,235.81,250.00,50,3.00,14.19
90371,235.98,250.00,40,3.00,14.02
90471,236.19,250.00,36,3.00,13.81
90571,236.38,250.00,37,3.00,13.62
90671,236.60,250.00,33,3.00,13.40
90771,236.70,250.00,46,3.00,13.30
90871,236.83,250.00,41,3.00,13.17
90971,236.85,250.00,53,3.00,13.15
91071,237.14,250.00,25,3.00,12.86
91171,237.29,250.00,39,3.00,12.71
91271,237.15,250.00,68,3.00,12.85
91371,237.19,250.00,51,3.00,12.81
91471,237.33,250.00,40,3.00,12.67
91571,237.52,250.00,35,3.00,12.48
91671,237.74,250.00,31,3.00,12.26
91771,237.93,250.00,32,3.00,12.07
91871,238.00,250.00,45,3.00,12.00
91971,238.06,250.00,46,3.00,11.94
92071,238.06,250.00,52,3.00,11.94
92171,238.17,250.00,41,3.00,11.83
92271,238.22,250.00,48,3.00,11.78
92371,238.15,250.00,59,3.00,11.85
92471,238.25,250.00,42,3.00,11.75
92571,238.13,250.00,65,3.00,11.87
92671,238.17,250.00,48,3.00,11.83
92771,238.27,250.00,43,3.00,11.73
92871,238.31,250.00,49,3.00,11.69
92971,238.50,250.00,32,3.00,11.50
93071,238.62,250.00,40,3.00,11.38
93171,238.52,250.00,63,3.00,11.48
93271,238.42,250.00,63,3.00,11.58
93371,238.66,250.00,28,3.00,11.34
93471,238.65,250.00,53,3.00,11.35
93571,238.70,250.00,47,3.00,11.30
93671,238.70,250.00,53,3.00,11.30
93771,238.85,250.00,36,3.00,11.15
93871,238.88,250.00,49,3.00,11.12
93971,238.91,250.00,49,3.00,11.09
94071,239.10,250.00,32,3.00,10.90
94171,239.05,250.00,57,3.00,10.95
94271,239.01,250.00,57,3.00,10.99
94371,239.19,250.00,33,3.00,10.81
94471,239.13,250.00,58,3.00,10.87
94571,239.42,250.00,23,3.00,10.58
94671,239.62,250.00,31,3.00,10.38
94771,239.74,250.00,38,3.00,10.26
94871,239.79,250.00,45,3.00,10.21
94971,239.79,250.00,51,3.00,10.21
95071,239.89,250.00,39,3.00,10.11
95171,239.99,250.00,40,3.00,10.01
95271,240.24,250.00,23,3.00,9.76
95371,240.36,250.00,37,3.00,9.64
95471,240.35,250.00,50,3.00,9.65
95571,240.29,250.00,56,3.00,9.71
95671,240.29,250.00,49,3.00,9.71
95771,240.34,250.00,44,3.00,9.66
95871,240.51,250.00,32,3.00,9.49
95971,240.65,250.00,33,3.00,9.35
96071,240.67,250.00,46,3.00,9.33
96171,240.63,250.00,53,3.00,9.37
96271,240.60,250.00,52,3.00,9.40
96371,240.62,250.00,46,3.00,9.38
96471,240.70,250.00,41,3.00,9.30
96571,240.71,250.00,47,3.00,9.29
96671,240.61,250.00,59,3.00,9.39
96771,240.69,250.00,41,3.00,9.31
96871,240.65,250.00,54,3.00,9.35
96971,240.78,250.00,36,3.00,9.22
97071,240.73,250.00,55,3.00,9.27
97171,240.80,250.00,43,3.00,9.20
97271,240.75,250.00,55,3.00,9.25
97371,240.87,250.00,37,3.00,9.13
97471,240.93,250.00,44,3.00,9.07
97571,241.03,250.00,38,3.00,8.97
97671,240.90,250.00,63,3.00,9.10
97771,240.84,250.00,56,3.00,9.16
97871,240.78,250.00,56,3.00,9.22
97971,240.90,250.00,38,3.00,9.10
98071,240.95,250.00,45,3.00,9.05
98171,240.83,250.00,63,3.00,9.17
98271,240.77,250.00,56,3.00,9.23
98371,240.67,250.00,62,3.00,9.33
98471,240.68,250.00,50,3.00,9.32
98571,240.70,250.00,50,3.00,9.30
98671,240.71,250.00,50,3.00,9.29
98771,240.84,250.00,39,3.00,9.16
98871,240.84,250.00,52,3.00,9.16
98971,240.84,250.00,52,3.00,9.16
99071,240.78,250.00,58,3.00,9.22
99171,240.62,250.00,69,3.00,9.38
99271,240.70,250.00,45,3.00,9.30
99371,240.49,250.00,74,3.00,9.51
99471,240.30,250.00,73,3.00,9.70
99571,240.41,250.00,43,3.00,9.59
99671,240.46,250.00,50,3.00,9.54
99771,240.33,250.00,68,3.00,9.67
99871,240.21,250.00,67,3.00,9.79
99971,240.00,250.00,78,3.00,10.00
100071,240.08,250.00,48,3.00,9.92
100171,240.16,250.00,49,3.00,9.84
100271,240.06,250.00,67,3.00,9.94
100371,240.13,250.00,49,3.00,9.87
100471,240.04,250.00,67,3.00,9.96
100571,240.00,250.00,61,3.00,10.00
100671,239.97,250.00,60,3.00,10.03
100771,239.78,250.00,78,3.00,10.22
100871,239.72,250.00,65,3.00,10.28
100971,239.45,250.00,87,3.00,10.55
101071,239.37,250.00,69,3.00,10.63
101171,239.51,250.00,45,3.00,10.49
101271,239.42,250.00,70,3.00,10.58
101371,239.45,250.00,58,3.00,10.55
101471,239.37,250.00,70,3.00,10.63
101571,239.24,250.00,75,3.00,10.76
101671,239.29,250.00,57,3.00,10.71
101771,239.38,250.00,52,3.00,10.62
101871,239.31,250.00,70,3.00,10.69
101971,239.35,250.00,58,3.00,10.65
102071,239.27,250.00,70,3.00,10.73
102171,239.32,250.00,58,3.00,10.68
102271,239.03,250.00,92,3.00,10.97
102371,238.99,250.00,68,3.00,11.01
102471,239.06,250.00,57,3.00,10.94
102571,238.86,250.00,86,3.00,11.14
102671,238.73,250.00,79,3.00,11.27
102771,238.77,250.00,61,3.00,11.23
102871,238.81,250.00,62,3.00,11.19
102971,238.95,250.00,51,3.00,11.05
103071,238.98,250.00,63,3.00,11.02
103171,238.78,250.00,86,3.00,11.22
103271,238.82,250.00,63,3.00,11.18
103371,238.85,250.00,63,3.00,11.15
103471,238.72,250.00,80,3.00,11.28
103571,238.60,250.00,80,3.00,11.40
103671,238.71,250.00,56,3.00,11.29
103771,238.70,250.00,69,3.00,11.30
103871,238.59,250.00,80,3.00,11.41
103971,238.48,250.00,79,3.00,11.52
104071,238.39,250.00,79,3.00,11.61
104171,238.25,250.00,84,3.00,11.75
104271,238.29,250.00,67,3.00,11.71
104371,238.21,250.00,78,3.00,11.79
104471,238.14,250.00,78,3.00,11.86
104571,238.03,250.00,83,3.00,11.97
104671,237.98,250.00,77,3.00,12.02
104771,237.99,250.00,71,3.00,12.01
104871,237.94,250.00,77,3.00,12.06
104971,237.80,250.00,88,3.00,12.20
105071,237.83,250.00,71,3.00,12.17
105171,237.90,250.00,66,3.00,12.10
105271,237.81,250.00,83,3.00,12.19
105371,237.84,250.00,71,3.00,12.16
105471,237.71,250.00,88,3.00,12.29
105571,237.74,250.00,71,3.00,12.26
105671,237.67,250.00,83,3.00,12.33
105771,237.76,250.00,66,3.00,12.24
105871,237.74,250.00,78,3.00,12.26
105971,237.62,250.00,89,3.00,12.38
106071,237.40,250.00,99,3.00,12.60
106171,237.21,250.00,97,3.00,12.79
106271,237.08,250.00,91,3.00,12.92
106371,237.18,250.00,69,3.00,12.82
106471,237.27,250.00,69,3.00,12.73
106571,237.14,250.00,92,3.00,12.86
106671,237.18,250.00,75,3.00,12.82
106771,237.06,250.00,92,3.00,12.94
106871,237.00,250.00,86,3.00,13.00
106971,237.00,250.00,80,3.00,13.00
107071,236.75,250.00,100,3.00,13.25
107171,236.83,250.00,74,3.00,13.17
107271,236.90,250.00,74,3.00,13.10
107371,236.91,250.00,80,3.00,13.09
107471,236.97,250.00,75,3.00,13.03
107571,236.87,250.00,92,3.00,13.13
107671,236.94,250.00,75,3.00,13.06
107771,236.84,250.00,92,3.00,13.16
107871,236.70,250.00,97,3.00,13.30
107971,236.58,250.00,97,3.00,13.42
108071,236.62,250.00,80,3.00,13.38
108171,236.56,250.00,91,3.00,13.44
108271,236.50,250.00,91,3.00,13.50
108371,236.45,250.00,91,3.00,13.55
108471,236.61,250.00,69,3.00,13.39
108571,236.60,250.00,86,3.00,13.40
108671,236.64,250.00,81,3.00,13.36
108771,236.62,250.00,87,3.00,13.38
108871,236.61,250.00,87,3.00,13.39
108971,236.49,250.00,98,3.00,13.51
109071,236.39,250.00,97,3.00,13.61
109171,236.25,250.00,100,3.00,13.75
109271,236.38,250.00,75,3.00,13.62
109371,236.18,250.00,100,3.00,13.82
109471,236.16,250.00,91,3.00,13.84
109571,236.35,250.00,69,3.00,13.65
109671,236.37,250.00,87,3.00,13.63
109771,236.48,250.00,76,3.00,13.52
109871,236.43,250.00,94,3.00,13.57
109971,236.39,250.00,94,3.00,13.61
110071,236.45,250.00,83,3.00,13.55
110171,236.56,250.00,78,3.00,13.44
110271,236.55,250.00,90,3.00,13.45
110371,236.54,250.00,90,3.00,13.46
110471,236.54,250.00,90,3.00,13.46
110571,236.69,250.00,74,3.00,13.31
110671,236.83,250.00,75,3.00,13.17
110771,236.74,250.00,98,3.00,13.26
110871,236.56,250.00,100,3.00,13.44
110971,236.61,250.00,86,3.00,13.39
111071,236.60,250.00,91,3.00,13.40
111171,236.69,250.00,81,3.00,13.31
111271,236.62,250.00,98,3.00,13.38
111371,236.45,250.00,100,3.00,13.55
111471,236.40,250.00,97,3.00,13.60
111571,236.41,250.00,91,3.00,13.59
111671,236.63,250.00,69,3.00,13.37
111771,236.62,250.00,93,3.00,13.38
111871,236.76,250.00,77,3.00,13.24
111971,236.79,250.00,89,3.00,13.21
112071,236.76,250.00,95,3.00,13.24
112171,236.84,250.00,84,3.00,13.16
112271,236.65,250.00,100,3.00,13.35
112371,236.68,250.00,89,3.00,13.32
112471,236.72,250.00,89,3.00,13.28
112571,236.91,250.00,73,3.00,13.09
112671,237.08,250.00,74,3.00,12.92
112771,236.91,250.00,100,3.00,13.09
112871,237.03,250.00,81,3.00,12.97
112971,237.03,250.00,93,3.00,12.97
113071,237.08,250.00,87,3.00,12.92
113171,237.18,250.00,82,3.00,12.82
113271,237.32,250.00,77,3.00,12.68
113371,237.29,250.00,95,3.00,12.71
113471,237.11,250.00,100,3.00,12.89
113571,237.31,250.00,72,3.00,12.69
113671,237.34,250.00,90,3.00,12.66
113771,237.52,250.00,74,3.00,12.48
113871,237.52,250.00,92,3.00,12.48
113971,237.68,250.00,75,3.00,12.32
114071,237.67,250.00,93,3.00,12.33
114171,237.66,250.00,93,3.00,12.34
114271,237.75,250.00,82,3.00,12.25
114371,237.89,250.00,77,3.00,12.11
114471,237.86,250.00,95,3.00,12.14
114571,237.72,250.00,100,3.00,12.28
114671,237.75,250.00,89,3.00,12.25
114771,237.95,250.00,72,3.00,12.05
114871,238.13,250.00,74,3.00,11.87
114971,238.17,250.00,87,3.00,11.83
115071,238.33,250.00,76,3.00,11.67
115171,238.25,250.00,99,3.00,11.75
115271,238.18,250.00,99,3.00,11.82
115371,238.11,250.00,99,3.00,11.89
115471,238.22,250.00,82,3.00,11.78
115571,238.37,250.00,77,3.00,11.63
115671,238.61,250.00,66,3.00,11.39
115771,238.67,250.00,85,3.00,11.33
115871,238.89,250.00,69,3.00,11.11
115971,238.91,250.00,88,3.00,11.09
116071,239.11,250.00,70,3.00,10.89
116171,239.17,250.00,83,3.00,10.83
116271,239.45,250.00,60,3.00,10.55
116371,239.59,250.00,74,3.00,10.41
116471,239.54,250.00,93,3.00,10.46
116571,239.56,250.00,87,3.00,10.44
116671,239.58,250.00,87,3.00,10.42
116771,239.70,250.00,76,3.00,10.30
116871,239.87,250.00,71,3.00,10.13
116971,240.08,250.00,66,3.00,9.92
117071,240.16,250.00,79,3.00,9.84
117171,240.29,250.00,74,3.00,9.71
117271,240.23,250.00,93,3.00,9.77
117371,240.23,250.00,87,3.00,9.77
117471,240.35,250.00,75,3.00,9.65
117571,240.34,250.00,88,3.00,9.66
117671,240.45,250.00,76,3.00,9.55
117771,240.66,250.00,65,3.00,9.34
117871,240.85,250.00,66,3.00,9.15
117971,240.97,250.00,74,3.00,9.03
118071,241.01,250.00,81,3.00,8.99
118171,241.17,250.00,69,3.00,8.83
118271,241.19,250.00,82,3.00,8.81
118371,241.21,250.00,82,3.00,8.79
118471,241.47,250.00,58,3.00,8.53
118571,241.70,250.00,60,3.00,8.30
118671,241.67,250.00,86,3.00,8.33
118771,241.70,250.00,80,3.00,8.30
118871,241.91,250.00,62,3.00,8.09
118971,242.10,250.00,63,3.00,7.90
119071,242.33,250.00,58,3.00,7.67
119171,242.35,250.00,78,3.00,7.65
119271,242.49,250.00,66,3.00,7.51
119371,242.56,250.00,74,3.00,7.44
119471,242.56,250.00,80,3.00,7.44
119571,242.68,250.00,68,3.00,7.32
119671,242.85,250.00,63,3.00,7.15
119771,243.01,250.00,64,3.00,6.99
119871,243.15,250.00,65,3.00,6.85
119971,243.21,250.00,72,3.00,6.79
120071,243.20,250.00,79,3.00,6.80
120171,243.26,250.00,73,3.00,6.74
120271,243.25,250.00,79,3.00,6.75
120371,243.24,250.00,79,3.00,6.76
120471,243.55,250.00,47,3.00,6.45
120571,243.63,250.00,69,3.00,6.37
120671,243.71,250.00,70,3.00,6.29
120771,243.77,250.00,70,3.00,6.23
120871,243.83,250.00,71,3.00,6.17
120971,244.14,250.00,45,3.00,5.86
121071,244.29,250.00,60,3.00,5.71
121171,244.55,250.00,48,3.00,5.45
121271,244.60,250.00,70,3.00,5.40
121371,244.76,250.00,57,3.00,5.24
121471,244.85,250.00,65,3.00,5.15
121571,244.87,250.00,72,3.00,5.13
121671,244.94,250.00,65,3.00,5.06
121771,244.95,250.00,72,3.00,5.05
121871,245.08,250.00,59,3.00,4.92
121971,245.26,250.00,54,3.00,4.74
122071,245.36,250.00,62,3.00,4.64
122171,245.52,250.00,56,3.00,4.48
122271,245.59,250.00,63,3.00,4.41
122371,245.79,250.00,50,3.00,4.21
122471,245.77,250.00,72,3.00,4.23
122571,246.02,250.00,45,3.00,3.98
122671,246.11,250.00,60,3.00,3.89
122771,246.06,250.00,74,3.00,3.94
122871,246.02,250.00,74,3.00,3.98
122971,246.04,250.00,67,3.00,3.96
123071,246.19,250.00,54,3.00,3.81
123171,246.39,250.00,48,3.00,3.61
123271,246.64,250.00,42,3.00,3.36
123371,246.67,250.00,65,3.00,3.33
123471,246.89,250.00,44,3.00,3.11
123571,246.89,250.00,66,3.00,3.11
123671,246.96,250.00,59,3.00,3.04
123771,246.76,250.00,87,3.00,3.24
123871,246.98,250.00,45,3.00,3.02
123971,246.78,250.00,87,3.00,3.22
124071,246.92,250.00,52,3.00,3.08
124171,246.99,250.00,60,3.00,3.01
124271,247.24,250.00,39,3.00,2.76
124371,247.28,250.00,62,3.00,2.72
124471,247.50,250.00,41,3.00,2.50
124571,247.64,250.00,50,3.00,2.36
124671,247.90,250.00,37,3.00,2.10
124771,248.00,250.00,53,3.00,2.00
124871,247.96,250.00,67,3.00,2.04
124971,247.98,250.00,60,3.00,2.02
125071,248.07,250.00,53,3.00,1.93
125171,248.22,250.00,47,3.00,1.78
125271,248.43,250.00,41,3.00,1.57
125371,248.41,250.00,63,3.00,1.59
125471,248.39,250.00,63,3.00,1.61
125571,248.44,250.00,56,3.00,1.56
125671,248.48,250.00,56,3.00,1.52
125771,248.39,250.00,70,3.00,1.61
125871,248.58,250.00,42,3.00,1.42
125971,248.61,250.00,57,3.00,1.39
126071,248.70,250.00,50,3.00,1.30
126171,248.52,250.00,79,3.00,1.48
126271,248.56,250.00,57,3.00,1.44
126371,248.80,250.00,36,3.00,1.20
126471,248.81,250.00,59,3.00,1.19
126571,248.95,250.00,45,3.00,1.05
126671,248.95,250.00,60,3.00,1.05
126771,248.94,250.00,60,3.00,1.06
126871,249.07,250.00,45,3.00,0.93
126971,249.26,250.00,39,3.00,0.74
127071,249.16,250.00,69,3.00,0.84
127171,249.00,250.00,75,3.00,1.00
127271,248.99,250.00,60,3.00,1.01
127371,249.18,250.00,39,3.00,0.82
127471,249.15,250.00,61,3.00,0.85
127571,249.19,250.00,54,3.00,0.81
127671,249.37,250.00,40,3.00,0.63
127771,249.39,250.00,55,3.00,0.61
127871,249.41,250.00,56,3.00,0.59
127971,249.56,250.00,41,3.00,0.44
128071,249.49,250.00,64,3.00,0.51
128171,249.43,250.00,63,3.00,0.57
128271,249.59,250.00,41,3.00,0.41
128371,249.58,250.00,57,3.00,0.42
128471,249.79,250.00,35,3.00,0.21
128571,249.84,250.00,51,3.00,0.16
128671,249.95,250.00,44,3.00,0.05
128771,249.98,250.00,52,3.00,0.02
128871,250.22,250.00,30,3.00,-0.22
128971,250.29,250.00,47,3.00,-0.29
129071,250.50,250.00,32,3.00,-0.50
129171,250.55,250.00,48,3.00,-0.55
129271,250.52,250.00,56,3.00,-0.52
129371,250.78,250.00,26,3.00,-0.78
129471,250.94,250.00,35,3.00,-0.94
129571,250.94,250.00,51,3.00,-0.94
129671,250.87,250.00,58,3.00,-0.87
129771,250.95,250.00,43,3.00,-0.95
129871,250.81,250.00,66,3.00,-0.81
129971,250.76,250.00,57,3.00,-0.76
130071,250.85,250.00,42,3.00,-0.85
130171,250.72,250.00,65,3.00,-0.72
130271,250.89,250.00,35,3.00,-0.89
130371,251.04,250.00,36,3.00,-1.04
130471,251.17,250.00,37,3.00,-1.17
130571,251.29,250.00,38,3.00,-1.29
130671,251.19,250.00,60,3.00,-1.19
130771,251.31,250.00,38,3.00,-1.31
130871,251.34,250.00,46,3.00,-1.34
130971,251.23,250.00,61,3.00,-1.23
131071,251.28,250.00,45,3.00,-1.28
131171,251.46,250.00,31,3.00,-1.46
131271,251.27,250.00,69,3.00,-1.27
131371,251.17,250.00,60,3.00,-1.17
131471,251.36,250.00,30,3.00,-1.36
131571,251.47,250.00,39,3.00,-1.47
131671,251.56,250.00,39,3.00,-1.56
131771,251.43,250.00,62,3.00,-1.43
131871,251.38,250.00,54,3.00,-1.38
131971,251.20,250.00,68,3.00,-1.20
132071,251.25,250.00,45,3.00,-1.25
132171,251.36,250.00,38,3.00,-1.36
132271,251.18,250.00,68,3.00,-1.18
132371,251.23,250.00,45,3.00,-1.23
132471,251.34,250.00,38,3.00,-1.34
132571,251.23,250.00,60,3.00,-1.23
132671,251.35,250.00,38,3.00,-1.35
132771,251.31,250.00,53,3.00,-1.31
132871,251.42,250.00,38,3.00,-1.42
132971,251.37,250.00,54,3.00,-1.37
133071,251.55,250.00,31,3.00,-1.55
133171,251.63,250.00,39,3.00,-1.63
133271,251.56,250.00,55,3.00,-1.56
133371,251.36,250.00,69,3.00,-1.36
133471,251.25,250.00,60,3.00,-1.25
133571,251.22,250.00,52,3.00,-1.22
133671,251.27,250.00,45,3.00,-1.27
133771,251.45,250.00,30,3.00,-1.45
133871,251.33,250.00,61,3.00,-1.33
133971,251.51,250.00,30,3.00,-1.51
134071,251.32,250.00,68,3.00,-1.32
134171,251.21,250.00,60,3.00,-1.21
134271,251.25,250.00,45,3.00,-1.25
134371,251.09,250.00,67,3.00,-1.09
134471,251.07,250.00,51,3.00,-1.07
134571,251.13,250.00,44,3.00,-1.13
134671,251.18,250.00,44,3.00,-1.18
134771,250.96,250.00,73,3.00,-0.96
134871,250.96,250.00,50,3.00,-0.96
134971,251.17,250.00,28,3.00,-1.17
135071,251.15,250.00,52,3.00,-1.15
135171,251.35,250.00,29,3.00,-1.35
135271,251.45,250.00,38,3.00,-1.45
135371,251.40,250.00,53,3.00,-1.40
135471,251.29,250.00,60,3.00,-1.29
135571,251.32,250.00,45,3.00,-1.32
135671,251.22,250.00,60,3.00,-1.22
135771,251.26,250.00,44,3.00,-1.26
135871,251.37,250.00,37,3.00,-1.37
135971,251.19,250.00,67,3.00,-1.19
136071,251.10,250.00,59,3.00,-1.10
136171,251.01,250.00,58,3.00,-1.01
136271,250.87,250.00,65,3.00,-0.87
136371,250.88,250.00,49,3.00,-0.88
136471,250.68,250.00,71,3.00,-0.68
136571,250.64,250.00,55,3.00,-0.64
136671,250.74,250.00,40,3.00,-0.74
136771,250.76,250.00,48,3.00,-0.76
136871,250.71,250.00,56,3.00,-0.71
136971,250.60,250.00,63,3.00,-0.60
137071,250.70,250.00,40,3.00,-0.70
137171,250.59,250.00,63,3.00,-0.59
137271,250.42,250.00,69,3.00,-0.42
137371,250.40,250.00,54,3.00,-0.40
137471,250.05,250.00,88,3.00,-0.05
137571,249.94,250.00,66,3.00,0.06
137671,249.83,250.00,65,3.00,0.17
137771,249.87,250.00,50,3.00,0.13
137871,249.98,250.00,43,3.00,0.02
137971,250.08,250.00,44,3.00,-0.08
138071,249.96,250.00,66,3.00,0.04
138171,250.06,250.00,43,3.00,-0.06
138271,249.81,250.00,79,3.00,0.19
138371,249.58,250.00,78,3.00,0.42
138471,249.65,250.00,48,3.00,0.35
138571,249.38,250.00,84,3.00,0.62
138671,249.40,250.00,54,3.00,0.60
138771,249.48,250.00,47,3.00,0.52
138871,249.56,250.00,48,3.00,0.44
138971,249.56,250.00,55,3.00,0.44
139071,249.43,250.00,69,3.00,0.57
139171,249.51,250.00,47,3.00,0.49
139271,249.45,250.00,62,3.00,0.55
139371,249.60,250.00,40,3.00,0.40
139471,249.66,250.00,48,3.00,0.34
139571,249.72,250.00,49,3.00,0.28
139671,249.64,250.00,64,3.00,0.36
139771,249.63,250.00,56,3.00,0.37
139871,249.49,250.00,70,3.00,0.51
139971,249.57,250.00,48,3.00,0.43
140071,249.64,250.00,48,3.00,0.36
140171,249.49,250.00,70,3.00,0.51
140271,249.43,250.00,62,3.00,0.57
140371,249.31,250.00,69,3.00,0.69
140471,249.27,250.00,61,3.00,0.73
140571,249.10,250.00,75,3.00,0.90
140671,249.15,250.00,53,3.00,0.85
140771,249.05,250.00,67,3.00,0.95
140871,249.04,250.00,59,3.00,0.96
140971,249.02,250.00,59,3.00,0.98
141071,248.94,250.00,66,3.00,1.06
141171,248.80,250.00,73,3.00,1.20
141271,248.74,250.00,65,3.00,1.26
141371,248.56,250.00,78,3.00,1.44
141471,248.59,250.00,56,3.00,1.41
141571,248.56,250.00,64,3.00,1.44
141671,248.39,250.00,77,3.00,1.61
141771,248.05,250.00,96,3.00,1.95
141871,247.75,250.00,94,3.00,2.25
141971,247.73,250.00,65,3.00,2.27
142071,247.84,250.00,51,3.00,2.16
142171,248.02,250.00,45,3.00,1.98
142271,247.97,250.00,67,3.00,2.03
142371,247.80,250.00,80,3.00,2.20
142471,247.71,250.00,72,3.00,2.29
142571,247.63,250.00,72,3.00,2.37
142671,247.76,250.00,51,3.00,2.24
142771,247.87,250.00,52,3.00,2.13
142871,247.84,250.00,66,3.00,2.16
142971,247.88,250.00,59,3.00,2.12
143071,247.98,250.00,52,3.00,2.02
143171,248.00,250.00,60,3.00,2.00
143271,247.89,250.00,74,3.00,2.11
143371,247.92,250.00,60,3.00,2.08
143471,247.82,250.00,73,3.00,2.18
143571,247.73,250.00,73,3.00,2.27
143671,247.78,250.00,59,3.00,2.22
143771,247.89,250.00,52,3.00,2.11
143871,247.79,250.00,73,3.00,2.21
143971,247.70,250.00,73,3.00,2.30
144071,247.56,250.00,79,3.00,2.44
144171,247.49,250.00,71,3.00,2.51
144271,247.50,250.00,64,3.00,2.50
144371,247.51,250.00,64,3.00,2.49
144471,247.38,250.00,78,3.00,2.62
144571,247.27,250.00,77,3.00,2.73
144671,247.17,250.00,76,3.00,2.83
144771,247.21,250.00,62,3.00,2.79
144871,246.99,250.00,89,3.00,3.01
144971,247.18,250.00,47,3.00,2.82
145071,247.15,250.00,69,3.00,2.85
145171,247.19,250.00,62,3.00,2.81
145271,247.23,250.00,63,3.00,2.77
145371,247.13,250.00,76,3.00,2.87
145471,246.98,250.00,82,3.00,3.02
145571,246.85,250.00,82,3.00,3.15
145671,246.72,250.00,81,3.00,3.28
145771,246.43,250.00,99,3.00,3.57
145871,246.22,250.00,91,3.00,3.78
145971,246.17,250.00,77,3.00,3.83
146071,246.11,250.00,77,3.00,3.89
146171,246.19,250.00,63,3.00,3.81
146271,246.33,250.00,57,3.00,3.67
146371,246.39,250.00,65,3.00,3.61
146471,246.25,250.00,85,3.00,3.75
146571,246.38,250.00,57,3.00,3.62
146671,246.30,250.00,78,3.00,3.70
146771,246.30,250.00,71,3.00,3.70
146871,246.23,250.00,78,3.00,3.77
146971,246.30,250.00,64,3.00,3.70
147071,246.49,250.00,51,3.00,3.51
147171,246.53,250.00,66,3.00,3.47
147271,246.57,250.00,66,3.00,3.43
147371,246.67,250.00,60,3.00,3.33
147471,246.57,250.00,81,3.00,3.43
147571,246.53,250.00,73,3.00,3.47
147671,246.38,250.00,86,3.00,3.62
147771,246.50,250.00,59,3.00,3.50
147871,246.48,250.00,73,3.00,3.52
147971,246.21,250.00,99,3.00,3.79
148071,245.90,250.00,100,3.00,4.10
148171,246.00,250.00,63,3.00,4.00
148271,246.09,250.00,63,3.00,3.91
148371,246.17,250.00,64,3.00,3.83
148471,246.25,250.00,65,3.00,3.75
148571,246.12,250.00,85,3.00,3.88
148671,246.01,250.00,84,3.00,3.99
148771,245.97,250.00,77,3.00,4.03
148871,245.88,250.00,83,3.00,4.12
148971,245.98,250.00,63,3.00,4.02
149071,246.07,250.00,64,3.00,3.93
149171,246.22,250.00,58,3.00,3.78
149271,246.04,250.00,92,3.00,3.96
149371,246.06,250.00,71,3.00,3.94
149471,246.08,250.00,71,3.00,3.92
149571,245.97,250.00,85,3.00,4.03
149671,246.00,250.00,71,3.00,4.00
149771,245.90,250.00,84,3.00,4.10
149871,245.81,250.00,84,3.00,4.19
149971,245.86,250.00,70,3.00,4.14
150071,245.59,250.00,100,3.00,4.41
150171,245.59,250.00,75,3.00,4.41
150271,245.53,250.00,82,3.00,4.47
150371,245.48,250.00,82,3.00,4.52
150471,245.62,250.00,61,3.00,4.38
150571,245.69,250.00,69,3.00,4.31
150671,245.68,250.00,76,3.00,4.32
150771,246.00,250.00,42,3.00,4.00
150871,246.03,250.00,72,3.00,3.97
150971,245.99,250.00,79,3.00,4.01
151071,245.83,250.00,91,3.00,4.17
151171,245.87,250.00,71,3.00,4.13
151271,245.97,250.00,64,3.00,4.03
151371,246.13,250.00,58,3.00,3.87
151471,246.28,250.00,60,3.00,3.72
151571,246.34,250.00,67,3.00,3.66
151671,246.33,250.00,74,3.00,3.67
151771,246.45,250.00,61,3.00,3.55
151871,246.50,250.00,69,3.00,3.50
151971,246.67,250.00,55,3.00,3.33
152071,246.76,250.00,63,3.00,3.24
152171,246.84,250.00,64,3.00,3.16
152271,246.85,250.00,71,3.00,3.15
152371,246.79,250.00,78,3.00,3.21
152471,246.67,250.00,84,3.00,3.33
152571,246.83,250.00,57,3.00,3.17
152671,246.58,250.00,98,3.00,3.42
152771,246.75,250.00,56,3.00,3.25
152871,246.83,250.00,64,3.00,3.17
152971,246.84,250.00,71,3.00,3.16
153071,246.91,250.00,65,3.00,3.09
153171,246.97,250.00,65,3.00,3.03
153271,247.10,250.00,59,3.00,2.90
153371,247.28,250.00,53,3.00,2.72
153471,247.37,250.00,61,3.00,2.63
153571,247.46,250.00,62,3.00,2.54
153671,247.53,250.00,62,3.00,2.47
153771,247.47,250.00,76,3.00,2.53
153871,247.22,250.00,96,3.00,2.78
153971,247.00,250.00,94,3.00,3.00
154071,247.06,250.00,66,3.00,2.94
154171,247.11,250.00,67,3.00,2.89
154271,247.22,250.00,60,3.00,2.78
154371,247.12,250.00,81,3.00,2.88
154471,247.10,250.00,74,3.00,2.90
154571,247.08,250.00,74,3.00,2.92
154671,247.26,250.00,53,3.00,2.74
154771,247.29,250.00,68,3.00,2.71
154871,247.25,250.00,75,3.00,2.75
154971,247.48,250.00,47,3.00,2.52
155071,247.49,250.00,70,3.00,2.51
155171,247.56,250.00,63,3.00,2.44
155271,247.56,250.00,70,3.00,2.44
155371,247.56,250.00,70,3.00,2.44
155471,247.70,250.00,57,3.00,2.30
155571,247.81,250.00,57,3.00,2.19
155671,247.92,250.00,58,3.00,2.08
155771,248.09,250.00,52,3.00,1.91
155871,248.10,250.00,67,3.00,1.90
155971,248.25,250.00,53,3.00,1.75
156071,248.31,250.00,61,3.00,1.69
156171,248.24,250.00,75,3.00,1.76
156271,248.30,250.00,61,3.00,1.70
156371,248.43,250.00,54,3.00,1.57
156471,248.41,250.00,69,3.00,1.59
156571,248.39,250.00,69,3.00,1.61
156671,248.44,250.00,62,3.00,1.56
156771,248.62,250.00,48,3.00,1.38
156871,248.65,250.00,64,3.00,1.35
156971,248.67,250.00,64,3.00,1.33
157071,248.69,250.00,64,3.00,1.31
157171,248.78,250.00,57,3.00,1.22
157271,248.66,250.00,79,3.00,1.34
157371,248.75,250.00,57,3.00,1.25
157471,248.70,250.00,72,3.00,1.30
157571,248.92,250.00,43,3.00,1.08
157671,249.12,250.00,44,3.00,0.88
157771,249.10,250.00,67,3.00,0.90
157871,249.29,250.00,45,3.00,0.71
157971,249.18,250.00,75,3.00,0.82
158071,249.29,250.00,53,3.00,0.71
158171,249.25,250.00,68,3.00,0.75
158271,249.21,250.00,68,3.00,0.79
158371,249.25,250.00,61,3.00,0.75
158471,249.35,250.00,54,3.00,0.65
158571,249.23,250.00,76,3.00,0.77
158671,249.13,250.00,75,3.00,0.87
158771,249.04,250.00,74,3.00,0.96
158871,249.16,250.00,52,3.00,0.84
158971,249.07,250.00,74,3.00,0.93
159071,248.98,250.00,74,3.00,1.02
159171,249.04,250.00,59,3.00,0.96
159271,248.89,250.00,81,3.00,1.11
159371,248.76,250.00,80,3.00,1.24
159471,248.71,250.00,72,3.00,1.29
159571,248.46,250.00,92,3.00,1.54
159671,248.44,250.00,70,3.00,1.56
159771,248.48,250.00,63,3.00,1.52
159871,248.52,250.00,63,3.00,1.48
159971,248.63,250.00,57,3.00,1.37
160071,248.52,250.00,78,3.00,1.48
160171,248.49,250.00,71,3.00,1.51
160271,248.46,250.00,70,3.00,1.54
160371,248.57,250.00,56,3.00,1.43
160471,248.22,250.00,100,3.00,1.78
160571,248.15,250.00,76,3.00,1.85
160671,248.03,250.00,82,3.00,1.97
160771,248.05,250.00,68,3.00,1.95
160871,248.00,250.00,75,3.00,2.00
160971,248.15,250.00,53,3.00,1.85
161071,248.29,250.00,54,3.00,1.71
161171,248.29,250.00,69,3.00,1.71
161271,248.21,250.00,76,3.00,1.79
161371,248.02,250.00,89,3.00,1.98
161471,247.91,250.00,81,3.00,2.09
161571,247.74,250.00,87,3.00,2.26
161671,247.60,250.00,86,3.00,2.40
161771,247.72,250.00,58,3.00,2.28
161871,247.98,250.00,45,3.00,2.02
161971,248.14,250.00,54,3.00,1.86
162071,248.21,250.00,62,3.00,1.79
162171,248.28,250.00,62,3.00,1.72
162271,248.48,250.00,48,3.00,1.52
162371,248.52,250.00,64,3.00,1.48
162471,248.56,250.00,64,3.00,1.44
162571,248.80,250.00,43,3.00,1.20
162671,248.80,250.00,66,3.00,1.20
162771,248.88,250.00,59,3.00,1.12
162871,248.81,250.00,74,3.00,1.19
162971,249.03,250.00,45,3.00,0.97
163071,249.22,250.00,46,3.00,0.78
163171,249.47,250.00,40,3.00,0.53
163271,249.41,250.00,70,3.00,0.59
163371,249.56,250.00,49,3.00,0.44
163471,249.56,250.00,64,3.00,0.44
163571,249.43,250.00,78,3.00,0.57
163671,249.58,250.00,49,3.00,0.42
163771,249.79,250.00,42,3.00,0.21
163871,249.84,250.00,58,3.00,0.16
163971,249.95,250.00,51,3.00,0.05
164071,250.12,250.00,45,3.00,-0.12
164171,250.27,250.00,46,3.00,-0.27
164271,250.27,250.00,61,3.00,-0.27
164371,250.41,250.00,47,3.00,-0.41
164471,250.47,250.00,55,3.00,-0.47
164571,250.44,250.00,63,3.00,-0.44
164671,250.50,250.00,55,3.00,-0.50
164771,250.61,250.00,48,3.00,-0.61
164871,250.51,250.00,71,3.00,-0.51
164971,250.41,250.00,70,3.00,-0.41
165071,250.61,250.00,40,3.00,-0.61
165171,250.72,250.00,49,3.00,-0.72
165271,250.88,250.00,42,3.00,-0.88
165371,250.89,250.00,58,3.00,-0.89
165471,250.90,250.00,58,3.00,-0.90
165571,250.70,250.00,79,3.00,-0.70
165671,250.72,250.00,57,3.00,-0.72
165771,250.89,250.00,42,3.00,-0.89
165871,250.82,250.00,65,3.00,-0.82
165971,250.91,250.00,50,3.00,-0.91
166071,251.13,250.00,36,3.00,-1.13
166171,251.18,250.00,52,3.00,-1.18
166271,251.38,250.00,37,3.00,-1.38
166371,251.40,250.00,54,3.00,-1.40
166471,251.57,250.00,39,3.00,-1.57
166571,251.66,250.00,47,3.00,-1.66
166671,251.66,250.00,55,3.00,-1.66
166771,251.73,250.00,48,3.00,-1.73
166871,251.72,250.00,56,3.00,-1.72
166971,251.72,250.00,56,3.00,-1.72
167071,251.71,250.00,56,3.00,-1.71
167171,251.71,250.00,56,3.00,-1.71
167271,251.92,250.00,33,3.00,-1.92
167371,252.11,250.00,34,3.00,-2.11
167471,252.14,250.00,51,3.00,-2.14
167571,252.31,250.00,35,3.00,-2.31
167671,252.39,250.00,44,3.00,-2.39
167771,252.32,250.00,60,3.00,-2.32
167871,252.47,250.00,36,3.00,-2.47
167971,252.61,250.00,37,3.00,-2.61
168071,252.45,250.00,68,3.00,-2.45
168171,252.59,250.00,37,3.00,-2.59
168271,252.71,250.00,38,3.00,-2.71
168371,252.83,250.00,39,3.00,-2.83
168471,252.71,250.00,62,3.00,-2.71
168571,252.68,250.00,54,3.00,-2.68
168671,252.65,250.00,54,3.00,-2.65
168771,252.92,250.00,22,3.00,-2.92
168871,252.94,250.00,48,3.00,-2.94
168971,253.03,250.00,40,3.00,-3.03
169071,252.97,250.00,56,3.00,-2.97
169171,253.13,250.00,32,3.00,-3.13
169271,253.20,250.00,41,3.00,-3.20
169371,253.42,250.00,26,3.00,-3.42
169471,253.61,250.00,27,3.00,-3.61
169571,253.64,250.00,44,3.00,-3.64
169671,253.66,250.00,44,3.00,-3.66
169771,253.53,250.00,59,3.00,-3.53
169871,253.42,250.00,59,3.00,-3.42
169971,253.61,250.00,27,3.00,-3.61
170071,253.79,250.00,28,3.00,-3.79
170171,253.80,250.00,45,3.00,-3.80
170271,253.95,250.00,29,3.00,-3.95
170371,254.17,250.00,22,3.00,-4.17
170471,253.99,250.00,62,3.00,-3.99
170571,253.98,250.00,46,3.00,-3.98
170671,254.12,250.00,30,3.00,-4.12
170771,254.17,250.00,39,3.00,-4.17
170871,254.37,250.00,23,3.00,-4.37
170971,254.39,250.00,40,3.00,-4.39
171071,254.34,250.00,48,3.00,-4.34
171171,254.29,250.00,48,3.00,-4.29
171271,254.32,250.00,39,3.00,-4.32
171371,254.27,250.00,47,3.00,-4.27
171471,254.46,250.00,23,3.00,-4.46
171571,254.48,250.00,40,3.00,-4.48
171671,254.41,250.00,48,3.00,-4.41
171771,254.51,250.00,32,3.00,-4.51
171871,254.52,250.00,40,3.00,-4.52
171971,254.45,250.00,48,3.00,-4.45
172071,254.39,250.00,48,3.00,-4.39
172171,254.34,250.00,47,3.00,-4.34
172271,254.44,250.00,31,3.00,-4.44
172371,254.53,250.00,32,3.00,-4.53
172471,254.54,250.00,40,3.00,-4.54
172571,254.62,250.00,32,3.00,-4.62
172671,254.55,250.00,48,3.00,-4.55
172771,254.63,250.00,32,3.00,-4.63
172871,254.86,250.00,16,3.00,-4.86
172971,254.69,250.00,57,3.00,-4.69
173071,254.68,250.00,41,3.00,-4.68
173171,254.60,250.00,48,3.00,-4.60
173271,254.45,250.00,56,3.00,-4.45
173371,254.39,250.00,47,3.00,-4.39
173471,254.26,250.00,54,3.00,-4.26
173571,254.37,250.00,30,3.00,-4.37
173671,254.47,250.00,30,3.00,-4.47
173771,254.48,250.00,39,3.00,-4.48
173871,254.42,250.00,47,3.00,-4.42
173971,254.22,250.00,62,3.00,-4.22
174071,254.11,250.00,53,3.00,-4.11
174171,254.08,250.00,44,3.00,-4.08
174271,253.84,250.00,67,3.00,-3.84
174371,253.84,250.00,42,3.00,-3.84
174471,253.99,250.00,26,3.00,-3.99
174571,254.13,250.00,27,3.00,-4.13
174671,254.18,250.00,36,3.00,-4.18
174771,254.07,250.00,52,3.00,-4.07
174871,254.20,250.00,28,3.00,-4.20
174971,254.17,250.00,44,3.00,-4.17
175071,254.29,250.00,28,3.00,-4.29
175171,254.32,250.00,37,3.00,-4.32
175271,254.35,250.00,37,3.00,-4.35
175371,254.23,250.00,53,3.00,-4.23
175471,254.34,250.00,28,3.00,-4.34
175571,254.52,250.00,21,3.00,-4.52
175671,254.45,250.00,46,3.00,-4.45
175771,254.39,250.00,45,3.00,-4.39
175871,254.27,250.00,53,3.00,-4.27
175971,254.38,250.00,28,3.00,-4.38
176071,254.32,250.00,45,3.00,-4.32
176171,254.35,250.00,36,3.00,-4.35
176271,254.30,250.00,44,3.00,-4.30
176371,254.41,250.00,28,3.00,-4.41
176471,254.35,250.00,45,3.00,-4.35
176571,254.38,250.00,36,3.00,-4.38
176671,254.25,250.00,52,3.00,-4.25
176771,254.29,250.00,36,3.00,-4.29
176871,254.17,250.00,51,3.00,-4.17
176971,254.29,250.00,27,3.00,-4.29
177071,254.17,250.00,51,3.00,-4.17
177171,254.29,250.00,27,3.00,-4.29
177271,254.32,250.00,35,3.00,-4.32
177371,254.35,250.00,36,3.00,-4.35
177471,254.16,250.00,59,3.00,-4.16
177571,254.05,250.00,50,3.00,-4.05
177671,253.81,250.00,64,3.00,-3.81
177771,253.82,250.00,40,3.00,-3.82
177871,253.82,250.00,40,3.00,-3.82
177971,253.68,250.00,55,3.00,-3.68
178071,253.62,250.00,47,3.00,-3.62
178171,253.35,250.00,69,3.00,-3.35
178271,253.18,250.00,60,3.00,-3.18
178371,253.10,250.00,51,3.00,-3.10
178471,253.03,250.00,50,3.00,-3.03
178571,252.97,250.00,50,3.00,-2.97
178671,252.98,250.00,42,3.00,-2.98
178771,253.07,250.00,34,3.00,-3.07
178871,253.07,250.00,42,3.00,-3.07
178971,252.93,250.00,57,3.00,-2.93
179071,252.95,250.00,41,3.00,-2.95
179171,252.82,250.00,57,3.00,-2.82
179271,252.71,250.00,56,3.00,-2.71
179371,252.75,250.00,40,3.00,-2.75
179471,252.64,250.00,55,3.00,-2.64
179571,252.40,250.00,69,3.00,-2.40
179671,252.33,250.00,53,3.00,-2.33
179771,252.40,250.00,37,3.00,-2.40
179871,252.33,250.00,53,3.00,-2.33
179971,252.41,250.00,37,3.00,-2.41
180071,252.33,250.00,53,3.00,-2.33
180171,252.41,250.00,37,3.00,-2.41
180271,252.13,250.00,74,3.00,-2.13
180371,251.94,250.00,65,3.00,-1.94
180471,251.64,250.00,78,3.00,-1.64
180571,251.43,250.00,69,3.00,-1.43
180671,251.38,250.00,54,3.00,-1.38
180771,251.48,250.00,38,3.00,-1.48
180871,251.43,250.00,54,3.00,-1.43
180971,251.52,250.00,39,3.00,-1.52
181071,251.47,250.00,54,3.00,-1.47
181171,251.49,250.00,46,3.00,-1.49
181271,251.36,250.00,61,3.00,-1.36
181371,251.54,250.00,31,3.00,-1.54
181471,251.48,250.00,54,3.00,-1.48
181571,251.29,250.00,68,3.00,-1.29
181671,251.12,250.00,67,3.00,-1.12
181771,250.89,250.00,73,3.00,-0.89
181871,250.90,250.00,50,3.00,-0.90
181971,250.84,250.00,57,3.00,-0.84
182071,250.85,250.00,50,3.00,-0.85
182171,250.72,250.00,64,3.00,-0.72
182271,250.81,250.00,41,3.00,-0.81
182371,250.55,250.00,78,3.00,-0.55
182471,250.46,250.00,62,3.00,-0.46
182571,250.37,250.00,62,3.00,-0.37
182671,250.15,250.00,75,3.00,-0.15
182771,250.03,250.00,67,3.00,-0.03
182871,250.05,250.00,52,3.00,-0.05
182971,249.93,250.00,66,3.00,0.07
183071,250.03,250.00,44,3.00,-0.03
183171,249.92,250.00,66,3.00,0.08
183271,249.88,250.00,58,3.00,0.12
183371,249.92,250.00,51,3.00,0.08
183471,250.02,250.00,44,3.00,-0.02
183571,249.78,250.00,80,3.00,0.22
183671,249.90,250.00,43,3.00,0.10
183771,249.73,250.00,72,3.00,0.27
183871,249.58,250.00,71,3.00,0.42
183971,249.44,250.00,70,3.00,0.56
184071,249.32,250.00,69,3.00,0.68
184171,249.41,250.00,47,3.00,0.59
184271,249.29,250.00,69,3.00,0.71
184371,249.32,250.00,54,3.00,0.68
184471,249.14,250.00,75,3.00,0.86
184571,248.99,250.00,74,3.00,1.01
184671,248.84,250.00,73,3.00,1.16
184771,248.71,250.00,72,3.00,1.29
184871,248.73,250.00,58,3.00,1.27
184971,248.82,250.00,51,3.00,1.18
185071,248.89,250.00,51,3.00,1.11
185171,249.03,250.00,45,3.00,0.97
185271,248.88,250.00,74,3.00,1.12
185371,248.88,250.00,59,3.00,1.12
185471,248.75,250.00,73,3.00,1.25
185571,248.83,250.00,51,3.00,1.17
185671,248.77,250.00,65,3.00,1.23
185771,248.65,250.00,72,3.00,1.35
185871,248.47,250.00,78,3.00,1.53
185971,248.32,250.00,77,3.00,1.68
186071,248.18,250.00,76,3.00,1.82
186171,248.11,250.00,68,3.00,1.89
186271,247.99,250.00,75,3.00,2.01
186371,247.95,250.00,67,3.00,2.05
186471,247.98,250.00,60,3.00,2.02
186571,247.81,250.00,81,3.00,2.19
186671,247.65,250.00,80,3.00,2.35
186771,247.71,250.00,58,3.00,2.29
186871,247.56,250.00,79,3.00,2.44
186971,247.56,250.00,65,3.00,2.44
187071,247.31,250.00,91,3.00,2.69
187171,247.46,250.00,49,3.00,2.54
187271,247.47,250.00,64,3.00,2.53
187371,247.42,250.00,71,3.00,2.58
187471,247.50,250.00,57,3.00,2.50
187571,247.50,250.00,64,3.00,2.50
187671,247.38,250.00,78,3.00,2.62
187771,247.46,250.00,57,3.00,2.54
187871,247.61,250.00,51,3.00,2.39
187971,247.47,250.00,79,3.00,2.53
188071,247.55,250.00,58,3.00,2.45
188171,247.68,250.00,51,3.00,2.32
188271,247.80,250.00,52,3.00,2.20
188371,247.71,250.00,73,3.00,2.29
188471,247.63,250.00,73,3.00,2.37
188571,247.56,250.00,72,3.00,2.44
188671,247.43,250.00,79,3.00,2.57
188771,247.31,250.00,78,3.00,2.69
188871,247.21,250.00,77,3.00,2.79
188971,247.18,250.00,70,3.00,2.82
189071,247.28,250.00,56,3.00,2.72
189171,247.38,250.00,57,3.00,2.62
189271,247.53,250.00,50,3.00,2.47
189371,247.34,250.00,85,3.00,2.66
189471,247.29,250.00,71,3.00,2.71
189571,247.39,250.00,57,3.00,2.61
189671,247.40,250.00,65,3.00,2.60
189771,247.29,250.00,78,3.00,2.71
189871,247.45,250.00,50,3.00,2.55
189971,247.53,250.00,58,3.00,2.47
190071,247.46,250.00,72,3.00,2.54
190171,247.28,250.00,85,3.00,2.72
190271,247.44,250.00,50,3.00,2.56
190371,247.52,250.00,58,3.00,2.48
190471,247.72,250.00,45,3.00,2.28
190571,247.77,250.00,60,3.00,2.23
190671,247.82,250.00,61,3.00,2.18
190771,247.79,250.00,68,3.00,2.21
190871,247.83,250.00,61,3.00,2.17
190971,247.94,250.00,54,3.00,2.06
191071,248.10,250.00,48,3.00,1.90
191171,248.25,250.00,49,3.00,1.75
191271,248.25,250.00,64,3.00,1.75
191371,248.45,250.00,43,3.00,1.55
191471,248.49,250.00,58,3.00,1.51
191571,248.33,250.00,79,3.00,1.67
191671,248.39,250.00,57,3.00,1.61
191771,248.37,250.00,65,3.00,1.63
191871,248.49,250.00,51,3.00,1.51
191971,248.53,250.00,58,3.00,1.47
192071,248.63,250.00,52,3.00,1.37
192171,248.46,250.00,80,3.00,1.54
192271,248.31,250.00,79,3.00,1.69
192371,248.10,250.00,85,3.00,1.90
192471,248.25,250.00,49,3.00,1.75
192571,248.38,250.00,50,3.00,1.62
192671,248.23,250.00,79,3.00,1.77
192771,248.30,250.00,57,3.00,1.70
192871,248.29,250.00,64,3.00,1.71
192971,248.22,250.00,71,3.00,1.78
193071,248.28,250.00,57,3.00,1.72
193171,248.21,250.00,71,3.00,1.79
193271,248.21,250.00,64,3.00,1.79
193371,248.28,250.00,57,3.00,1.72
193471,248.41,250.00,50,3.00,1.59
193571,248.52,250.00,51,3.00,1.48
193671,248.43,250.00,73,3.00,1.57
193771,248.47,250.00,59,3.00,1.53
193871,248.38,250.00,73,3.00,1.62
193971,248.57,250.00,44,3.00,1.43
194071,248.60,250.00,59,3.00,1.40
194171,248.70,250.00,53,3.00,1.30
194271,248.65,250.00,67,3.00,1.35
194371,248.54,250.00,74,3.00,1.46
194471,248.64,250.00,52,3.00,1.36
194571,248.74,250.00,53,3.00,1.26
194671,248.82,250.00,54,3.00,1.18
194771,248.69,250.00,75,3.00,1.31
194871,248.71,250.00,60,3.00,1.29
194971,248.66,250.00,68,3.00,1.34
195071,248.49,250.00,81,3.00,1.51
195171,248.26,250.00,86,3.00,1.74
195271,248.19,250.00,72,3.00,1.81
195371,248.33,250.00,50,3.00,1.67
195471,248.45,250.00,51,3.00,1.55
195571,248.37,250.00,73,3.00,1.63
195671,248.42,250.00,59,3.00,1.58
195771,248.40,250.00,66,3.00,1.60
195871,248.51,250.00,52,3.00,1.49
195971,248.55,250.00,60,3.00,1.45
196071,248.52,250.00,67,3.00,1.48
196171,248.56,250.00,60,3.00,1.44
196271,248.52,250.00,67,3.00,1.48
196371,248.63,250.00,53,3.00,1.37
196471,248.52,250.00,74,3.00,1.48
196571,248.69,250.00,45,3.00,1.31
196671,248.78,250.00,54,3.00,1.22
196771,248.93,250.00,47,3.00,1.07
196871,248.79,250.00,76,3.00,1.21
196971,249.01,250.00,40,3.00,0.99
197071,249.00,250.00,63,3.00,1.00
197171,249.05,250.00,56,3.00,0.95
197271,249.17,250.00,49,3.00,0.83
197371,249.08,250.00,71,3.00,0.92
197471,248.93,250.00,77,3.00,1.07
197571,249.13,250.00,41,3.00,0.87
197671,249.31,250.00,42,3.00,0.69
197771,249.55,250.00,36,3.00,0.45
197871,249.48,250.00,66,3.00,0.52
197971,249.63,250.00,45,3.00,0.37
198071,249.69,250.00,53,3.00,0.31
198171,249.96,250.00,31,3.00,0.04
198271,250.06,250.00,48,3.00,-0.06
198371,250.22,250.00,41,3.00,-0.22
198471,250.15,250.00,64,3.00,-0.15
198571,250.03,250.00,70,3.00,-0.03
198671,249.85,250.00,77,3.00,0.15
198771,249.89,250.00,54,3.00,0.11
198871,250.07,250.00,40,3.00,-0.07
198971,249.95,250.00,70,3.00,0.05
199071,250.05,250.00,48,3.00,-0.05
199171,250.00,250.00,63,3.00,-0.00
199271,249.76,250.00,83,3.00,0.24
199371,249.88,250.00,46,3.00,0.12
199471,249.78,250.00,69,3.00,0.22
199571,249.82,250.00,54,3.00,0.18
199671,250.01,250.00,39,3.00,-0.01
199771,250.10,250.00,48,3.00,-0.10
199871,250.19,250.00,49,3.00,-0.19
199971,250.13,250.00,64,3.00,-0.13
200071,250.21,250.00,49,3.00,-0.21
200171,250.28,250.00,49,3.00,-0.28
200271,250.21,250.00,64,3.00,-0.21
200371,249.95,250.00,85,3.00,0.05
200471,250.12,250.00,40,3.00,-0.12
200571,250.13,250.00,56,3.00,-0.13
200671,250.29,250.00,41,3.00,-0.29
200771,250.42,250.00,42,3.00,-0.42
200871,250.55,250.00,43,3.00,-0.55
200971,250.52,250.00,59,3.00,-0.52
201071,250.35,250.00,73,3.00,-0.35
201171,250.34,250.00,57,3.00,-0.34
201271,250.34,250.00,57,3.00,-0.34
201371,250.33,250.00,57,3.00,-0.33
201471,250.46,250.00,43,3.00,-0.46
201571,250.37,250.00,65,3.00,-0.37
201671,250.50,250.00,43,3.00,-0.50
201771,250.62,250.00,44,3.00,-0.62
201871,250.72,250.00,44,3.00,-0.72
201971,250.75,250.00,52,3.00,-0.75
202071,250.77,250.00,53,3.00,-0.77
202171,250.93,250.00,38,3.00,-0.93
202271,250.93,250.00,54,3.00,-0.93
202371,250.86,250.00,61,3.00,-0.86
202471,250.94,250.00,46,3.00,-0.94
202571,251.09,250.00,39,3.00,-1.09
202671,250.93,250.00,69,3.00,-0.93
202771,250.87,250.00,61,3.00,-0.87
202871,251.02,250.00,38,3.00,-1.02
202971,251.08,250.00,47,3.00,-1.08
203071,251.21,250.00,40,3.00,-1.21
203171,251.12,250.00,63,3.00,-1.12
203271,251.03,250.00,62,3.00,-1.03
203371,250.82,250.00,76,3.00,-0.82
203471,250.62,250.00,74,3.00,-0.62
203571,250.73,250.00,44,3.00,-0.73
203671,250.82,250.00,45,3.00,-0.82
203771,251.05,250.00,30,3.00,-1.05
203871,250.97,250.00,62,3.00,-0.97
203971,251.04,250.00,46,3.00,-1.04
204071,251.17,250.00,39,3.00,-1.17
204171,251.22,250.00,48,3.00,-1.22
204271,251.41,250.00,33,3.00,-1.41
204371,251.37,250.00,56,3.00,-1.37
204471,251.33,250.00,56,3.00,-1.33
204571,251.43,250.00,41,3.00,-1.43
204671,251.38,250.00,57,3.00,-1.38
204771,251.27,250.00,63,3.00,-1.27
204871,251.38,250.00,41,3.00,-1.38
204971,251.34,250.00,56,3.00,-1.34
205071,251.30,250.00,56,3.00,-1.30
205171,251.48,250.00,33,3.00,-1.48
205271,251.43,250.00,57,3.00,-1.43
205371,251.52,250.00,42,3.00,-1.52
205471,251.54,250.00,50,3.00,-1.54
205571,251.62,250.00,42,3.00,-1.62
205671,251.70,250.00,43,3.00,-1.70
205771,251.62,250.00,58,3.00,-1.62
205871,251.70,250.00,43,3.00,-1.70
205971,251.84,250.00,35,3.00,-1.84
206071,251.82,250.00,51,3.00,-1.82
206171,251.95,250.00,36,3.00,-1.95
206271,251.85,250.00,59,3.00,-1.85
206371,251.98,250.00,36,3.00,-1.98
206471,251.95,250.00,52,3.00,-1.95
206571,252.06,250.00,37,3.00,-2.06
206671,252.10,250.00,45,3.00,-2.10
206771,252.05,250.00,53,3.00,-2.05
206871,251.94,250.00,60,3.00,-1.94
206971,251.84,250.00,59,3.00,-1.84
207071,252.12,250.00,21,3.00,-2.12
207171,252.22,250.00,38,3.00,-2.22
207271,252.31,250.00,38,3.00,-2.31
207371,252.24,250.00,54,3.00,-2.24
207471,252.26,250.00,46,3.00,-2.26
207571,252.06,250.00,68,3.00,-2.06
207671,251.95,250.00,60,3.00,-1.95
207771,251.99,250.00,44,3.00,-1.99
207871,251.82,250.00,66,3.00,-1.82
207971,251.87,250.00,43,3.00,-1.87
208071,251.92,250.00,44,3.00,-1.92
208171,251.97,250.00,44,3.00,-1.97
208271,252.08,250.00,37,3.00,-2.08
208371,251.97,250.00,60,3.00,-1.97
208471,252.01,250.00,44,3.00,-2.01
208571,251.91,250.00,59,3.00,-1.91
208671,251.74,250.00,66,3.00,-1.74
208771,251.81,250.00,43,3.00,-1.81
208871,251.72,250.00,58,3.00,-1.72
208971,251.57,250.00,64,3.00,-1.57
209071,251.51,250.00,56,3.00,-1.51
209171,251.46,250.00,56,3.00,-1.46
209271,251.62,250.00,33,3.00,-1.62
209371,251.70,250.00,42,3.00,-1.70
209471,251.69,250.00,50,3.00,-1.69
209571,251.84,250.00,34,3.00,-1.84
209671,251.61,250.00,72,3.00,-1.61
209771,251.47,250.00,64,3.00,-1.47
209871,251.42,250.00,55,3.00,-1.42
209971,251.31,250.00,62,3.00,-1.31
210071,251.56,250.00,24,3.00,-1.56
210171,251.57,250.00,49,3.00,-1.57
210271,251.58,250.00,49,3.00,-1.58
210371,251.66,250.00,41,3.00,-1.66
210471,251.45,250.00,71,3.00,-1.45
210571,251.54,250.00,40,3.00,-1.54
210671,251.42,250.00,63,3.00,-1.42
210771,251.30,250.00,62,3.00,-1.30
210871,251.34,250.00,47,3.00,-1.34
210971,251.44,250.00,39,3.00,-1.44
211071,251.25,250.00,69,3.00,-1.25
211171,251.15,250.00,61,3.00,-1.15
211271,251.20,250.00,46,3.00,-1.20
211371,251.11,250.00,61,3.00,-1.11
211471,251.31,250.00,30,3.00,-1.31
211571,251.35,250.00,47,3.00,-1.35
211671,251.45,250.00,39,3.00,-1.45
211771,251.47,250.00,47,3.00,-1.47
211871,251.28,250.00,69,3.00,-1.28
211971,251.32,250.00,46,3.00,-1.32
212071,251.21,250.00,61,3.00,-1.21
212171,251.33,250.00,38,3.00,-1.33
212271,251.36,250.00,47,3.00,-1.36
212371,251.32,250.00,54,3.00,-1.32
212471,251.36,250.00,47,3.00,-1.36
212571,251.25,250.00,61,3.00,-1.25
212671,251.36,250.00,39,3.00,-1.36
212771,251.25,250.00,61,3.00,-1.25
212871,251.15,250.00,61,3.00,-1.15
212971,251.20,250.00,45,3.00,-1.20
213071,251.18,250.00,53,3.00,-1.18
213171,251.08,250.00,60,3.00,-1.08
213271,251.00,250.00,59,3.00,-1.00
213371,251.14,250.00,37,3.00,-1.14
213471,251.19,250.00,45,3.00,-1.19
213571,251.10,250.00,60,3.00,-1.10
213671,250.95,250.00,67,3.00,-0.95
213771,251.16,250.00,29,3.00,-1.16
213871,251.07,250.00,60,3.00,-1.07
213971,250.85,250.00,74,3.00,-0.85
214071,250.79,250.00,58,3.00,-0.79
214171,250.67,250.00,65,3.00,-0.67
214271,250.63,250.00,57,3.00,-0.63
214371,250.73,250.00,42,3.00,-0.73
214471,250.83,250.00,42,3.00,-0.83
214571,250.77,250.00,58,3.00,-0.77
214671,250.65,250.00,64,3.00,-0.65
214771,250.75,250.00,42,3.00,-0.75
214871,250.70,250.00,57,3.00,-0.70
214971,250.59,250.00,64,3.00,-0.59
215071,250.62,250.00,49,3.00,-0.62
215171,250.73,250.00,42,3.00,-0.73
215271,250.54,250.00,71,3.00,-0.54
215371,250.66,250.00,41,3.00,-0.66
215471,250.76,250.00,42,3.00,-0.76
215571,250.85,250.00,42,3.00,-0.85
215671,250.86,250.00,50,3.00,-0.86
215771,250.73,250.00,65,3.00,-0.73
215871,250.35,250.00,92,3.00,-0.35
215971,250.34,250.00,54,3.00,-0.34
216071,250.26,250.00,62,3.00,-0.26
216171,250.33,250.00,47,3.00,-0.33
216271,250.19,250.00,69,3.00,-0.19
216371,250.19,250.00,53,3.00,-0.19
216471,250.27,250.00,46,3.00,-0.27
216571,250.13,250.00,68,3.00,-0.13
216671,250.14,250.00,53,3.00,-0.14
216771,250.09,250.00,60,3.00,-0.09
216871,250.17,250.00,45,3.00,-0.17
216971,250.18,250.00,53,3.00,-0.18
217071,250.33,250.00,39,3.00,-0.33
217171,250.32,250.00,54,3.00,-0.32
217271,250.18,250.00,68,3.00,-0.18
217371,250.05,250.00,68,3.00,-0.05
217471,250.00,250.00,60,3.00,-0.00
217571,250.24,250.00,30,3.00,-0.24
217671,250.38,250.00,39,3.00,-0.38
217771,250.30,250.00,62,3.00,-0.30
217871,250.16,250.00,68,3.00,-0.16
217971,250.24,250.00,46,3.00,-0.24
218071,250.10,250.00,68,3.00,-0.10
218171,250.05,250.00,60,3.00,-0.05
218271,250.00,250.00,60,3.00,-0.00
218371,249.96,250.00,59,3.00,0.04
218471,249.99,250.00,52,3.00,0.01
218571,250.08,250.00,45,3.00,-0.08
218671,250.03,250.00,60,3.00,-0.03
218771,250.06,250.00,52,3.00,-0.06
218871,249.94,250.00,67,3.00,0.06
218971,250.04,250.00,45,3.00,-0.04
219071,250.06,250.00,52,3.00,-0.06
219171,250.22,250.00,38,3.00,-0.22
219271,250.29,250.00,46,3.00,-0.29
219371,250.36,250.00,47,3.00,-0.36
219471,250.15,250.00,76,3.00,-0.15
219571,250.02,250.00,67,3.00,-0.02
219671,249.91,250.00,67,3.00,0.09
219771,250.01,250.00,44,3.00,-0.01
219871,249.90,250.00,66,3.00,0.10
219971,249.80,250.00,66,3.00,0.20
220071,249.84,250.00,51,3.00,0.16
220171,249.75,250.00,65,3.00,0.25
220271,249.73,250.00,58,3.00,0.27
220371,249.78,250.00,50,3.00,0.22
220471,249.50,250.00,86,3.00,0.50
220571,249.57,250.00,49,3.00,0.43
220671,249.71,250.00,42,3.00,0.29
220771,249.76,250.00,50,3.00,0.24
220871,249.81,250.00,51,3.00,0.19
220971,249.72,250.00,65,3.00,0.28
221071,249.64,250.00,65,3.00,0.36
221171,249.56,250.00,64,3.00,0.44
221271,249.70,250.00,42,3.00,0.30
221371,249.76,250.00,50,3.00,0.24
221471,249.81,250.00,51,3.00,0.19
221571,249.72,250.00,65,3.00,0.28
221671,249.57,250.00,72,3.00,0.43
221771,249.50,250.00,64,3.00,0.50
221871,249.44,250.00,63,3.00,0.56
221971,249.52,250.00,49,3.00,0.48
222071,249.39,250.00,70,3.00,0.61
222171,249.41,250.00,56,3.00,0.59
222271,249.29,250.00,70,3.00,0.71
222371,249.11,250.00,76,3.00,0.89
222471,249.16,250.00,54,3.00,0.84
222571,249.20,250.00,54,3.00,0.80
222671,249.24,250.00,54,3.00,0.76
222771,249.27,250.00,55,3.00,0.73
222871,249.37,250.00,48,3.00,0.63
222971,249.39,250.00,55,3.00,0.61
223071,249.27,250.00,70,3.00,0.73
223171,249.37,250.00,48,3.00,0.63
223271,249.25,250.00,70,3.00,0.75
223371,249.15,250.00,69,3.00,0.85
223471,249.19,250.00,54,3.00,0.81
223571,249.10,250.00,68,3.00,0.90
223671,248.88,250.00,82,3.00,1.12
223771,248.81,250.00,66,3.00,1.19
223871,248.75,250.00,66,3.00,1.25
223971,248.76,250.00,59,3.00,1.24
224071,248.85,250.00,52,3.00,1.15
224171,248.78,250.00,66,3.00,1.22
224271,248.86,250.00,52,3.00,1.14
224371,248.80,250.00,66,3.00,1.20
224471,248.81,250.00,59,3.00,1.19
224571,248.88,250.00,52,3.00,1.12
224671,248.68,250.00,80,3.00,1.32
224771,248.70,250.00,58,3.00,1.30
224871,248.86,250.00,44,3.00,1.14
224971,248.86,250.00,60,3.00,1.14
225071,248.87,250.00,60,3.00,1.13
225171,248.80,250.00,67,3.00,1.20
225271,248.88,250.00,52,3.00,1.12
225371,248.81,250.00,67,3.00,1.19
225471,248.96,250.00,45,3.00,1.04
225571,248.95,250.00,60,3.00,1.05
225671,248.94,250.00,60,3.00,1.06
225771,248.87,250.00,67,3.00,1.13
225871,248.67,250.00,80,3.00,1.33
225971,248.83,250.00,44,3.00,1.17
226071,248.97,250.00,45,3.00,1.03
226171,249.10,250.00,46,3.00,0.90
226271,249.22,250.00,47,3.00,0.78
226371,249.18,250.00,62,3.00,0.82
226471,249.16,250.00,62,3.00,0.84
226571,249.06,250.00,69,3.00,0.94
226671,249.11,250.00,54,3.00,0.89
226771,248.96,250.00,75,3.00,1.04
226871,249.16,250.00,39,3.00,0.84
226971,249.27,250.00,48,3.00,0.73
227071,249.23,250.00,63,3.00,0.77
227171,249.40,250.00,41,3.00,0.60
227271,249.28,250.00,70,3.00,0.72
227371,249.31,250.00,56,3.00,0.69
227471,249.27,250.00,63,3.00,0.73
227571,249.44,250.00,41,3.00,0.56
227671,249.45,250.00,57,3.00,0.55
227771,249.46,250.00,57,3.00,0.54
227871,249.27,250.00,78,3.00,0.73
227971,249.17,250.00,70,3.00,0.83
228071,249.14,250.00,62,3.00,0.86
228171,249.18,250.00,55,3.00,0.82
228271,249.22,250.00,55,3.00,0.78
228371,249.05,250.00,76,3.00,0.95
228471,248.97,250.00,68,3.00,1.03
228571,248.70,250.00,88,3.00,1.30
228671,248.72,250.00,59,3.00,1.28
228771,248.80,250.00,52,3.00,1.20
228871,248.68,250.00,74,3.00,1.32
228971,248.57,250.00,73,3.00,1.43
229071,248.74,250.00,44,3.00,1.26
229171,248.68,250.00,66,3.00,1.32
229271,248.84,250.00,45,3.00,1.16
229371,248.78,250.00,67,3.00,1.22
229471,248.86,250.00,53,3.00,1.14
229571,248.79,250.00,67,3.00,1.21
229671,248.67,250.00,74,3.00,1.33
229771,248.69,250.00,59,3.00,1.31
229871,248.78,250.00,52,3.00,1.22
229971,248.72,250.00,67,3.00,1.28
230071,248.61,250.00,73,3.00,1.39
230171,248.50,250.00,73,3.00,1.50
230271,248.61,250.00,51,3.00,1.39
230371,248.77,250.00,45,3.00,1.23
230471,248.72,250.00,67,3.00,1.28
230571,248.87,250.00,45,3.00,1.13
230671,248.81,250.00,68,3.00,1.19
230771,248.81,250.00,60,3.00,1.19
230871,248.75,250.00,67,3.00,1.25
230971,248.84,250.00,53,3.00,1.16
231071,248.77,250.00,67,3.00,1.23
231171,248.85,250.00,53,3.00,1.15
231271,248.92,250.00,54,3.00,1.08
231371,249.06,250.00,47,3.00,0.94
231471,248.91,250.00,76,3.00,1.09
231571,248.97,250.00,54,3.00,1.03
231671,248.90,250.00,68,3.00,1.10
231771,249.03,250.00,47,3.00,0.97
231871,249.02,250.00,62,3.00,0.98
231971,248.94,250.00,69,3.00,1.06
232071,248.80,250.00,75,3.00,1.20
232171,248.81,250.00,60,3.00,1.19
232271,248.89,250.00,53,3.00,1.11
232371,248.95,250.00,54,3.00,1.05
232471,249.02,250.00,54,3.00,0.98
232571,248.87,250.00,76,3.00,1.13
232671,248.61,250.00,88,3.00,1.39
232771,248.57,250.00,66,3.00,1.43
232871,248.60,250.00,59,3.00,1.40
232971,248.77,250.00,45,3.00,1.23
233071,248.92,250.00,46,3.00,1.08
233171,248.98,250.00,54,3.00,1.02
233271,249.04,250.00,55,3.00,0.96
233371,249.09,250.00,55,3.00,0.91
233471,249.07,250.00,62,3.00,0.93
233571,248.92,250.00,76,3.00,1.08
233671,248.78,250.00,75,3.00,1.22
233771,248.47,250.00,94,3.00,1.53
233871,248.31,250.00,79,3.00,1.69
233971,248.24,250.00,71,3.00,1.76
234071,247.85,250.00,100,3.00,2.15
234171,247.82,250.00,69,3.00,2.18
234271,247.60,250.00,88,3.00,2.40
234371,247.66,250.00,60,3.00,2.34
234471,247.65,250.00,67,3.00,2.35
234571,247.71,250.00,61,3.00,2.29
234671,247.57,250.00,81,3.00,2.43
234771,247.44,250.00,80,3.00,2.56
234871,247.25,250.00,86,3.00,2.75
234971,247.03,250.00,92,3.00,2.97
235071,247.02,250.00,70,3.00,2.98
235171,246.82,250.00,90,3.00,3.18
235271,246.76,250.00,76,3.00,3.24
235371,246.78,250.00,69,3.00,3.22
235471,246.66,250.00,82,3.00,3.34
235571,246.62,250.00,75,3.00,3.38
235671,246.52,250.00,81,3.00,3.48
235771,246.56,250.00,67,3.00,3.44
235871,246.47,250.00,81,3.00,3.53
235971,246.32,250.00,87,3.00,3.68
236071,246.38,250.00,66,3.00,3.62
236171,246.30,250.00,80,3.00,3.70
236271,246.11,250.00,93,3.00,3.89
236371,246.00,250.00,85,3.00,4.00
236471,246.03,250.00,71,3.00,3.97
236571,246.05,250.00,71,3.00,3.95
236671,245.95,250.00,85,3.00,4.05
236771,245.85,250.00,84,3.00,4.15
236871,245.83,250.00,77,3.00,4.17
236971,245.81,250.00,77,3.00,4.19
237071,245.85,250.00,70,3.00,4.15
237171,245.83,250.00,77,3.00,4.17
237271,246.00,250.00,57,3.00,4.00
237371,245.97,250.00,78,3.00,4.03
237471,246.13,250.00,58,3.00,3.87
237571,246.27,250.00,59,3.00,3.73
237671,246.40,250.00,60,3.00,3.60
237771,246.32,250.00,81,3.00,3.68
237871,246.13,250.00,94,3.00,3.87
237971,246.08,250.00,80,3.00,3.92
238071,246.03,250.00,79,3.00,3.97
238171,246.12,250.00,66,3.00,3.88
238271,246.26,250.00,60,3.00,3.74
238371,246.26,250.00,74,3.00,3.74
238471,246.26,250.00,74,3.00,3.74
238571,246.46,250.00,54,3.00,3.54
238671,246.44,250.00,75,3.00,3.56
238771,246.30,250.00,88,3.00,3.70
238871,246.36,250.00,68,3.00,3.64
238971,246.28,250.00,82,3.00,3.72
239071,246.28,250.00,75,3.00,3.72
239171,246.34,250.00,68,3.00,3.66
239271,246.53,250.00,55,3.00,3.47
239371,246.51,250.00,76,3.00,3.49
239471,246.81,250.00,42,3.00,3.19
239571,246.95,250.00,58,3.00,3.05
239671,247.08,250.00,59,3.00,2.92
239771,247.40,250.00,38,3.00,2.60
239871,247.48,250.00,62,3.00,2.52
239971,247.55,250.00,62,3.00,2.45
240071,247.69,250.00,56,3.00,2.31
240171,247.67,250.00,71,3.00,2.33
240271,247.86,250.00,50,3.00,2.14
240371,248.10,250.00,44,3.00,1.90
240471,248.05,250.00,73,3.00,1.95
240571,248.13,250.00,59,3.00,1.87
240671,248.14,250.00,67,3.00,1.86
240771,248.42,250.00,38,3.00,1.58
240871,248.67,250.00,40,3.00,1.33
240971,248.76,250.00,56,3.00,1.24
241071,248.84,250.00,57,3.00,1.16
241171,248.85,250.00,64,3.00,1.15
241271,248.99,250.00,50,3.00,1.01
241371,249.12,250.00,51,3.00,0.88
241471,249.09,250.00,66,3.00,0.91
241571,249.14,250.00,59,3.00,0.86
241671,249.25,250.00,52,3.00,0.75
241771,249.35,250.00,53,3.00,0.65
241871,249.51,250.00,46,3.00,0.49
241971,249.45,250.00,69,3.00,0.55
242071,249.60,250.00,47,3.00,0.40
242171,249.53,250.00,69,3.00,0.47
242271,249.47,250.00,69,3.00,0.53
242371,249.54,250.00,54,3.00,0.46
242471,249.55,250.00,62,3.00,0.45
242571,249.48,250.00,69,3.00,0.52
242671,249.49,250.00,62,3.00,0.51
242771,249.64,250.00,47,3.00,0.36
242871,249.70,250.00,55,3.00,0.30
242971,249.82,250.00,48,3.00,0.18
243071,249.87,250.00,57,3.00,0.13
243171,249.98,250.00,50,3.00,0.02
243271,250.00,250.00,58,3.00,-0.00
243371,249.96,250.00,65,3.00,0.04
243471,249.92,250.00,65,3.00,0.08
243571,249.89,250.00,64,3.00,0.11
243671,249.99,250.00,50,3.00,0.01
243771,250.16,250.00,43,3.00,-0.16
243871,250.17,250.00,59,3.00,-0.17
243971,250.39,250.00,37,3.00,-0.39
244071,250.38,250.00,60,3.00,-0.38
244171,250.58,250.00,38,3.00,-0.58
244271,250.62,250.00,54,3.00,-0.62
244371,250.86,250.00,32,3.00,-0.86
244471,250.94,250.00,49,3.00,-0.94
244571,251.16,250.00,34,3.00,-1.16
244671,251.07,250.00,65,3.00,-1.07
244771,250.99,250.00,64,3.00,-0.99
244871,251.06,250.00,49,3.00,-1.06
244971,251.26,250.00,35,3.00,-1.26
245071,251.30,250.00,51,3.00,-1.30
245171,251.34,250.00,51,3.00,-1.34
245271,251.37,250.00,51,3.00,-1.37
245371,251.40,250.00,52,3.00,-1.40
245471,251.43,250.00,52,3.00,-1.43
245571,251.52,250.00,44,3.00,-1.52
245671,251.47,250.00,60,3.00,-1.47
245771,251.56,250.00,45,3.00,-1.56
245871,251.79,250.00,30,3.00,-1.79
245971,251.92,250.00,39,3.00,-1.92
246071,252.11,250.00,32,3.00,-2.11
246171,252.14,250.00,49,3.00,-2.14
246271,252.31,250.00,34,3.00,-2.31
246371,252.39,250.00,42,3.00,-2.39
246471,252.54,250.00,35,3.00,-2.54
246571,252.67,250.00,36,3.00,-2.67
246671,252.86,250.00,29,3.00,-2.86
246771,252.81,250.00,53,3.00,-2.81
246871,252.70,250.00,60,3.00,-2.70
246971,252.67,250.00,52,3.00,-2.67
247071,252.86,250.00,29,3.00,-2.86
247171,252.81,250.00,53,3.00,-2.81
247271,252.70,250.00,60,3.00,-2.70
247371,252.67,250.00,52,3.00,-2.67
247471,252.50,250.00,67,3.00,-2.50
247571,252.71,250.00,27,3.00,-2.71
247671,252.82,250.00,37,3.00,-2.82
247771,252.78,250.00,53,3.00,-2.78
247871,252.89,250.00,37,3.00,-2.89
247971,252.98,250.00,38,3.00,-2.98
248071,253.14,250.00,30,3.00,-3.14
248171,253.37,250.00,23,3.00,-3.37
248271,253.34,250.00,48,3.00,-3.34
248371,253.47,250.00,32,3.00,-3.47
248471,253.58,250.00,33,3.00,-3.58
248571,253.61,250.00,42,3.00,-3.61
248671,253.71,250.00,34,3.00,-3.71
248771,253.72,250.00,42,3.00,-3.72
248871,253.66,250.00,50,3.00,-3.66
248971,253.83,250.00,26,3.00,-3.83
249071,253.99,250.00,27,3.00,-3.99
249171,254.13,250.00,28,3.00,-4.13
249271,254.25,250.00,29,3.00,-4.25
249371,254.29,250.00,38,3.00,-4.29
249471,254.32,250.00,38,3.00,-4.32
249571,254.35,250.00,38,3.00,-4.35
249671,254.15,250.00,61,3.00,-4.15
249771,254.27,250.00,29,3.00,-4.27
249871,254.16,250.00,53,3.00,-4.16
249971,254.20,250.00,37,3.00,-4.20
250071,254.24,250.00,37,3.00,-4.24
250171,254.20,250.00,45,3.00,-4.20
250271,254.24,250.00,37,3.00,-4.24
250371,254.28,250.00,37,3.00,-4.28
250471,254.24,250.00,45,3.00,-4.24
250571,254.12,250.00,52,3.00,-4.12
250671,254.25,250.00,28,3.00,-4.25
250771,254.29,250.00,37,3.00,-4.29
250871,254.47,250.00,21,3.00,-4.47
250971,254.41,250.00,46,3.00,-4.41
251071,254.43,250.00,38,3.00,-4.43
251171,254.45,250.00,38,3.00,-4.45
251271,254.54,250.00,30,3.00,-4.54
251371,254.62,250.00,30,3.00,-4.62
251471,254.47,250.00,54,3.00,-4.47
251571,254.72,250.00,13,3.00,-4.72
251671,254.48,250.00,62,3.00,-4.48
251771,254.50,250.00,38,3.00,-4.50
251871,254.51,250.00,38,3.00,-4.51
251971,254.67,250.00,22,3.00,-4.67
252071,254.90,250.00,14,3.00,-4.90
252171,254.95,250.00,32,3.00,-4.95
252271,254.99,250.00,32,3.00,-4.99
252371,255.10,250.00,24,3.00,-5.10
252471,255.05,250.00,41,3.00,-5.05
252571,255.24,250.00,16,3.00,-5.24
252671,255.18,250.00,42,3.00,-5.18
252771,255.35,250.00,17,3.00,-5.35
252871,255.36,250.00,34,3.00,-5.36
252971,255.36,250.00,34,3.00,-5.36
253071,255.06,250.00,65,3.00,-5.06
253171,254.94,250.00,48,3.00,-4.94
253271,254.83,250.00,47,3.00,-4.83
253371,254.96,250.00,23,3.00,-4.96
253471,254.93,250.00,39,3.00,-4.93
253571,254.82,250.00,47,3.00,-4.82
253671,254.95,250.00,22,3.00,-4.95
253771,254.77,250.00,55,3.00,-4.77
253871,254.53,250.00,61,3.00,-4.53
253971,254.46,250.00,44,3.00,-4.46
254071,254.33,250.00,51,3.00,-4.33
254171,254.28,250.00,43,3.00,-4.28
254271,254.39,250.00,27,3.00,-4.39
254371,254.34,250.00,43,3.00,-4.34
254471,254.36,250.00,35,3.00,-4.36
254571,254.31,250.00,43,3.00,-4.31
254671,254.34,250.00,34,3.00,-4.34
254771,254.29,250.00,42,3.00,-4.29
254871,254.40,250.00,26,3.00,-4.40
254971,254.35,250.00,43,3.00,-4.35
255071,254.53,250.00,18,3.00,-4.53
255171,254.46,250.00,43,3.00,-4.46
255271,254.32,250.00,51,3.00,-4.32
255371,254.20,250.00,50,3.00,-4.20
255471,254.17,250.00,41,3.00,-4.17
255571,254.06,250.00,48,3.00,-4.06
255671,254.04,250.00,40,3.00,-4.04
255771,254.17,250.00,24,3.00,-4.17
255871,254.07,250.00,48,3.00,-4.07
255971,253.83,250.00,63,3.00,-3.83
256071,253.76,250.00,46,3.00,-3.76
256171,253.69,250.00,45,3.00,-3.69
256271,253.71,250.00,37,3.00,-3.71
256371,253.80,250.00,30,3.00,-3.80
256471,253.80,250.00,38,3.00,-3.80
256571,253.73,250.00,46,3.00,-3.73
256671,253.53,250.00,60,3.00,-3.53
256771,253.56,250.00,36,3.00,-3.56
256871,253.44,250.00,51,3.00,-3.44
256971,253.56,250.00,28,3.00,-3.56
257071,253.23,250.00,73,3.00,-3.23
257171,253.07,250.00,57,3.00,-3.07
257271,252.72,250.00,77,3.00,-2.72
257371,252.62,250.00,53,3.00,-2.62
257471,252.52,250.00,53,3.00,-2.52
257571,252.51,250.00,44,3.00,-2.51
257671,252.57,250.00,37,3.00,-2.57
257771,252.48,250.00,52,3.00,-2.48
257871,252.54,250.00,37,3.00,-2.54
257971,252.31,250.00,67,3.00,-2.31
258071,252.11,250.00,65,3.00,-2.11
258171,252.06,250.00,49,3.00,-2.06
258271,251.88,250.00,63,3.00,-1.88
258371,251.86,250.00,48,3.00,-1.86
258471,251.91,250.00,40,3.00,-1.91
258571,251.96,250.00,40,3.00,-1.96
258671,252.07,250.00,33,3.00,-2.07
258771,251.89,250.00,63,3.00,-1.89
258871,251.87,250.00,48,3.00,-1.87
258971,251.78,250.00,55,3.00,-1.78
259071,251.63,250.00,61,3.00,-1.63
259171,251.56,250.00,53,3.00,-1.56
259271,251.43,250.00,60,3.00,-1.43
259371,251.24,250.00,66,3.00,-1.24
259471,251.07,250.00,65,3.00,-1.07
259571,250.79,250.00,78,3.00,-0.79
259671,250.81,250.00,48,3.00,-0.81
259771,250.82,250.00,48,3.00,-0.82
259871,250.63,250.00,69,3.00,-0.63
259971,250.32,250.00,82,3.00,-0.32
260071,250.18,250.00,66,3.00,-0.18
260171,250.05,250.00,65,3.00,-0.05
260271,250.07,250.00,50,3.00,-0.07
260371,250.16,250.00,43,3.00,-0.16
260471,250.38,250.00,29,3.00,-0.38
260571,250.44,250.00,45,3.00,-0.44
260671,250.49,250.00,45,3.00,-0.49
260771,250.40,250.00,60,3.00,-0.40
260871,250.25,250.00,67,3.00,-0.25
260971,250.25,250.00,51,3.00,-0.25
261071,250.11,250.00,66,3.00,-0.11
261171,250.27,250.00,36,3.00,-0.27
261271,250.20,250.00,59,3.00,-0.20
261371,250.20,250.00,51,3.00,-0.20
261471,250.00,250.00,72,3.00,-0.00
261571,249.96,250.00,57,3.00,0.04
261671,250.06,250.00,42,3.00,-0.06
261771,250.08,250.00,50,3.00,-0.08
261871,249.89,250.00,72,3.00,0.11
261971,249.66,250.00,77,3.00,0.34
262071,249.79,250.00,40,3.00,0.21
262171,249.70,250.00,63,3.00,0.30
262271,249.42,250.00,83,3.00,0.58
262371,249.30,250.00,67,3.00,0.70
262471,249.06,250.00,80,3.00,0.94
262571,248.98,250.00,65,3.00,1.02
262671,248.97,250.00,58,3.00,1.03
262771,248.89,250.00,65,3.00,1.11
262871,248.76,250.00,71,3.00,1.24
262971,248.64,250.00,70,3.00,1.36
263071,248.53,250.00,69,3.00,1.47
263171,248.30,250.00,82,3.00,1.70
263271,248.23,250.00,67,3.00,1.77
263371,248.03,250.00,80,3.00,1.97
263471,247.92,250.00,72,3.00,2.08
263571,247.63,250.00,91,3.00,2.37
263671,247.37,250.00,90,3.00,2.63
263771,247.13,250.00,88,3.00,2.87
263871,246.92,250.00,87,3.00,3.08
263971,246.73,250.00,85,3.00,3.27
264071,246.49,250.00,90,3.00,3.51
264171,246.41,250.00,76,3.00,3.59
264271,246.08,250.00,100,3.00,3.92
264371,245.91,250.00,87,3.00,4.09
264471,245.76,250.00,86,3.00,4.24
264571,245.68,250.00,78,3.00,4.32
264671,245.74,250.00,65,3.00,4.26
264771,245.67,250.00,78,3.00,4.33
264871,245.60,250.00,78,3.00,4.40
264971,245.54,250.00,77,3.00,4.46
265071,245.36,250.00,90,3.00,4.64
265171,245.27,250.00,82,3.00,4.73
265271,245.06,250.00,95,3.00,4.94
265371,245.05,250.00,74,3.00,4.95
265471,244.75,250.00,100,3.00,5.25
265571,244.65,250.00,85,3.00,5.35
265671,244.50,250.00,91,3.00,5.50
265771,244.31,250.00,96,3.00,5.69
265871,244.20,250.00,89,3.00,5.80
265971,244.09,250.00,88,3.00,5.91
266071,244.18,250.00,69,3.00,5.82
266171,244.02,250.00,95,3.00,5.98
266271,243.82,250.00,100,3.00,6.18
266371,243.76,250.00,86,3.00,6.24
266471,243.76,250.00,80,3.00,6.24
266571,243.70,250.00,86,3.00,6.30
266671,243.53,250.00,98,3.00,6.47
266771,243.32,250.00,100,3.00,6.68
266871,243.36,250.00,77,3.00,6.64
266971,243.46,250.00,71,3.00,6.54
267071,243.44,250.00,85,3.00,6.56
267171,243.41,250.00,85,3.00,6.59
267271,243.57,250.00,65,3.00,6.43
267371,243.53,250.00,86,3.00,6.47
267471,243.49,250.00,85,3.00,6.51
267571,243.58,250.00,73,3.00,6.42
267671,243.72,250.00,67,3.00,6.28
267771,243.73,250.00,81,3.00,6.27
267871,243.80,250.00,74,3.00,6.20
267971,243.79,250.00,81,3.00,6.21
268071,243.85,250.00,75,3.00,6.15
268171,243.97,250.00,69,3.00,6.03
268271,243.89,250.00,89,3.00,6.11
268371,244.06,250.00,63,3.00,5.94
268471,243.91,250.00,96,3.00,6.09
268571,243.72,250.00,100,3.00,6.28
268671,243.55,250.00,100,3.00,6.45
268771,243.51,250.00,87,3.00,6.49
268871,243.60,250.00,74,3.00,6.40
268971,243.50,250.00,93,3.00,6.50
269071,243.65,250.00,68,3.00,6.35
269171,243.84,250.00,62,3.00,6.16
269271,243.84,250.00,83,3.00,6.16
269371,243.95,250.00,70,3.00,6.05
269471,243.94,250.00,84,3.00,6.06
269571,244.17,250.00,58,3.00,5.83
269671,244.25,250.00,73,3.00,5.75
269771,244.45,250.00,60,3.00,5.55
269871,244.45,250.00,81,3.00,5.55
269971,244.57,250.00,68,3.00,5.43
270071,244.61,250.00,75,3.00,5.39
270171,244.71,250.00,69,3.00,5.29
270271,244.68,250.00,83,3.00,5.32
270371,244.71,250.00,76,3.00,5.29
270471,244.93,250.00,57,3.00,5.07
270571,244.94,250.00,78,3.00,5.06
270671,244.94,250.00,78,3.00,5.06
270771,244.95,250.00,78,3.00,5.05
270871,244.89,250.00,85,3.00,5.11
270971,245.09,250.00,58,3.00,4.91
271071,245.21,250.00,66,3.00,4.79
271171,245.25,250.00,74,3.00,4.75
271271,245.35,250.00,68,3.00,4.65
271371,245.45,250.00,68,3.00,4.55
271471,245.34,250.00,88,3.00,4.66
271571,245.37,250.00,75,3.00,4.63
271671,245.46,250.00,69,3.00,4.54
271771,245.47,250.00,76,3.00,4.53
271871,245.62,250.00,63,3.00,4.38
271971,245.49,250.00,90,3.00,4.51
272071,245.45,250.00,83,3.00,4.55
272171,245.53,250.00,69,3.00,4.47
272271,245.73,250.00,57,3.00,4.27
272371,245.91,250.00,58,3.00,4.09
272471,245.82,250.00,86,3.00,4.18
272571,245.87,250.00,72,3.00,4.13
272671,245.91,250.00,72,3.00,4.09
272771,245.94,250.00,73,3.00,4.06
272871,245.97,250.00,73,3.00,4.03
272971,245.94,250.00,80,3.00,4.06
273071,246.23,250.00,46,3.00,3.77
273171,246.37,250.00,62,3.00,3.63
273271,246.62,250.00,49,3.00,3.38
273371,246.65,250.00,71,3.00,3.35
273471,246.61,250.00,78,3.00,3.39
273571,246.77,250.00,57,3.00,3.23
273671,246.72,250.00,79,3.00,3.28
273771,246.61,250.00,85,3.00,3.39
273871,246.84,250.00,51,3.00,3.16
273971,247.04,250.00,52,3.00,2.96
274071,246.97,250.00,81,3.00,3.03
274171,246.96,250.00,74,3.00,3.04
274271,246.89,250.00,80,3.00,3.11
274371,246.96,250.00,66,3.00,3.04
274471,247.15,250.00,53,3.00,2.85
274571,247.13,250.00,75,3.00,2.87
274671,247.37,250.00,47,3.00,2.63
274771,247.45,250.00,63,3.00,2.55
274871,247.53,250.00,63,3.00,2.47
274971,247.73,250.00,50,3.00,2.27
275071,247.59,250.00,86,3.00,2.41
275171,247.85,250.00,43,3.00,2.15
275271,248.16,250.00,38,3.00,1.84
275371,248.37,250.00,47,3.00,1.63
275471,248.56,250.00,48,3.00,1.44
275571,248.66,250.00,57,3.00,1.34
275671,248.89,250.00,43,3.00,1.11
275771,248.89,250.00,66,3.00,1.11
275871,248.89,250.00,66,3.00,1.11
275971,249.03,250.00,52,3.00,0.97
276071,249.08,250.00,60,3.00,0.92
276171,249.06,250.00,67,3.00,0.94
276271,249.11,250.00,60,3.00,0.89
276371,249.16,250.00,60,3.00,0.84
276471,249.34,250.00,46,3.00,0.66
276571,249.43,250.00,55,3.00,0.57
276671,249.44,250.00,62,3.00,0.56
276771,249.32,250.00,76,3.00,0.68
276871,249.21,250.00,76,3.00,0.79
276971,249.38,250.00,46,3.00,0.62
277071,249.54,250.00,48,3.00,0.46
277171,249.75,250.00,41,3.00,0.25
277271,249.87,250.00,50,3.00,0.13
277371,250.05,250.00,43,3.00,-0.05
277471,250.29,250.00,37,3.00,-0.29
277571,250.57,250.00,31,3.00,-0.57
277671,250.68,250.00,48,3.00,-0.68
277771,250.78,250.00,48,3.00,-0.78
277871,250.87,250.00,49,3.00,-0.87
277971,250.87,250.00,57,3.00,-0.87
278071,251.02,250.00,42,3.00,-1.02
278171,251.23,250.00,36,3.00,-1.23
278271,251.07,250.00,74,3.00,-1.07
278371,251.06,250.00,58,3.00,-1.06
278471,251.05,250.00,58,3.00,-1.05
278571,251.25,250.00,36,3.00,-1.25
278671,251.51,250.00,29,3.00,-1.51
278771,251.60,250.00,46,3.00,-1.60
278871,251.75,250.00,39,3.00,-1.75
278971,251.67,250.00,62,3.00,-1.67
279071,251.74,250.00,47,3.00,-1.74
279171,251.88,250.00,40,3.00,-1.88
279271,251.86,250.00,56,3.00,-1.86
279371,251.91,250.00,48,3.00,-1.91
279471,252.03,250.00,41,3.00,-2.03
279571,252.14,250.00,42,3.00,-2.14
279671,252.31,250.00,35,3.00,-2.31
279771,252.32,250.00,51,3.00,-2.32
279871,252.47,250.00,36,3.00,-2.47
279971,252.54,250.00,44,3.00,-2.54
280071,252.59,250.00,45,3.00,-2.59
280171,252.65,250.00,45,3.00,-2.65
280271,252.84,250.00,30,3.00,-2.84
280371,252.72,250.00,62,3.00,-2.72
280471,252.84,250.00,38,3.00,-2.84
280571,252.79,250.00,54,3.00,-2.79
280671,252.97,250.00,31,3.00,-2.97
280771,253.06,250.00,40,3.00,-3.06
280871,253.07,250.00,48,3.00,-3.07
280971,253.07,250.00,48,3.00,-3.07
281071,253.07,250.00,48,3.00,-3.07
281171,253.01,250.00,55,3.00,-3.01
281271,253.09,250.00,39,3.00,-3.09
281371,253.02,250.00,55,3.00,-3.02
281471,253.03,250.00,47,3.00,-3.03
281571,253.19,250.00,32,3.00,-3.19
281671,253.41,250.00,25,3.00,-3.41
281771,253.76,250.00,10,3.00,-3.76
281871,253.92,250.00,28,3.00,-3.92
281971,254.14,250.00,21,3.00,-4.14
282071,254.19,250.00,39,3.00,-4.19
282171,254.46,250.00,15,3.00,-4.46
282271,254.55,250.00,32,3.00,-4.55
282371,254.79,250.00,17,3.00,-4.79
282471,254.70,250.00,50,3.00,-4.70
282571,254.77,250.00,34,3.00,-4.77
282671,254.83,250.00,34,3.00,-4.83
282771,255.04,250.00,18,3.00,-5.04
282871,254.99,250.00,44,3.00,-4.99
282971,254.96,250.00,43,3.00,-4.96
283071,254.92,250.00,43,3.00,-4.92
283171,254.81,250.00,51,3.00,-4.81
283271,254.79,250.00,42,3.00,-4.79
283371,254.93,250.00,26,3.00,-4.93
283471,255.05,250.00,26,3.00,-5.05
283571,255.08,250.00,35,3.00,-5.08
283671,255.19,250.00,27,3.00,-5.19
283771,255.36,250.00,20,3.00,-5.36
283871,255.52,250.00,21,3.00,-5.52
283971,255.51,250.00,38,3.00,-5.51
284071,255.57,250.00,30,3.00,-5.57
284171,255.55,250.00,38,3.00,-5.55
284271,255.77,250.00,13,3.00,-5.77
284371,255.89,250.00,23,3.00,-5.89
284471,255.61,250.00,63,3.00,-5.61
284571,255.58,250.00,38,3.00,-5.58
284671,255.49,250.00,46,3.00,-5.49
284771,255.55,250.00,29,3.00,-5.55
284871,255.69,250.00,21,3.00,-5.69
284971,255.66,250.00,38,3.00,-5.66
285071,255.63,250.00,38,3.00,-5.63
285171,255.84,250.00,13,3.00,-5.84
285271,255.64,250.00,55,3.00,-5.64
285371,255.62,250.00,38,3.00,-5.62
285471,255.67,250.00,29,3.00,-5.67
285571,255.64,250.00,38,3.00,-5.64
285671,255.69,250.00,29,3.00,-5.69
285771,255.81,250.00,21,3.00,-5.81
285871,255.77,250.00,38,3.00,-5.77
285971,255.89,250.00,22,3.00,-5.89
286071,255.83,250.00,39,3.00,-5.83
286171,255.71,250.00,46,3.00,-5.71
286271,255.76,250.00,29,3.00,-5.76
286371,255.95,250.00,13,3.00,-5.95
286471,255.97,250.00,31,3.00,-5.97
286571,256.07,250.00,22,3.00,-6.07
286671,256.00,250.00,39,3.00,-6.00
286771,256.09,250.00,22,3.00,-6.09
286871,256.10,250.00,31,3.00,-6.10
286971,256.18,250.00,23,3.00,-6.18
287071,256.02,250.00,47,3.00,-6.02
287171,255.96,250.00,38,3.00,-5.96
287271,256.14,250.00,13,3.00,-6.14
287371,255.91,250.00,55,3.00,-5.91
287471,255.70,250.00,53,3.00,-5.70
287571,255.59,250.00,44,3.00,-5.59
287671,255.49,250.00,43,3.00,-5.49
287771,255.72,250.00,10,3.00,-5.72
287871,255.76,250.00,28,3.00,-5.76
287971,255.80,250.00,28,3.00,-5.80
288071,255.84,250.00,28,3.00,-5.84
288171,255.71,250.00,44,3.00,-5.71
288271,255.76,250.00,27,3.00,-5.76
288371,255.57,250.00,51,3.00,-5.57
288471,255.62,250.00,26,3.00,-5.62
288571,255.60,250.00,35,3.00,-5.60
288671,255.65,250.00,26,3.00,-5.65
288771,255.33,250.00,66,3.00,-5.33
288871,255.18,250.00,48,3.00,-5.18
288971,255.28,250.00,23,3.00,-5.28
289071,255.21,250.00,40,3.00,-5.21
289171,255.30,250.00,23,3.00,-5.30
289271,255.16,250.00,48,3.00,-5.16
289371,255.03,250.00,47,3.00,-5.03
289471,254.91,250.00,46,3.00,-4.91
289571,254.88,250.00,37,3.00,-4.88
289671,254.93,250.00,29,3.00,-4.93
289771,254.82,250.00,45,3.00,-4.82
289871,254.88,250.00,29,3.00,-4.88
289971,254.93,250.00,29,3.00,-4.93
290071,254.82,250.00,45,3.00,-4.82
290171,254.95,250.00,20,3.00,-4.95
290271,254.84,250.00,45,3.00,-4.84
290371,254.82,250.00,36,3.00,-4.82
290471,254.80,250.00,36,3.00,-4.80
290571,254.93,250.00,20,3.00,-4.93
290671,254.82,250.00,44,3.00,-4.82
290771,254.88,250.00,28,3.00,-4.88
290871,254.70,250.00,52,3.00,-4.70
290971,254.69,250.00,35,3.00,-4.69
291071,254.61,250.00,43,3.00,-4.61
291171,254.53,250.00,42,3.00,-4.53
291271,254.47,250.00,41,3.00,-4.47
291371,254.19,250.00,64,3.00,-4.19
291471,254.08,250.00,47,3.00,-4.08
291571,253.98,250.00,46,3.00,-3.98
291671,253.75,250.00,60,3.00,-3.75
291771,253.76,250.00,36,3.00,-3.76
291871,253.55,250.00,59,3.00,-3.55
291971,253.43,250.00,50,3.00,-3.43
292071,253.48,250.00,34,3.00,-3.48
292171,253.51,250.00,34,3.00,-3.51
292271,253.55,250.00,34,3.00,-3.55
292371,253.43,250.00,50,3.00,-3.43
292471,253.40,250.00,41,3.00,-3.40
292571,253.23,250.00,56,3.00,-3.23
292671,253.29,250.00,32,3.00,-3.29
292771,253.35,250.00,33,3.00,-3.35
292871,253.32,250.00,41,3.00,-3.32
292971,253.16,250.00,56,3.00,-3.16
293071,252.94,250.00,62,3.00,-2.94
293171,252.95,250.00,38,3.00,-2.95
293271,252.90,250.00,46,3.00,-2.90
293371,252.85,250.00,45,3.00,-2.85
293471,252.66,250.00,60,3.00,-2.66
293571,252.49,250.00,58,3.00,-2.49
293671,252.33,250.00,57,3.00,-2.33
293771,252.12,250.00,64,3.00,-2.12
293871,252.08,250.00,48,3.00,-2.08
293971,251.83,250.00,69,3.00,-1.83
294071,251.81,250.00,46,3.00,-1.81
294171,251.87,250.00,38,3.00,-1.87
294271,251.71,250.00,60,3.00,-1.71
294371,251.70,250.00,45,3.00,-1.70
294471,251.49,250.00,66,3.00,-1.49
294571,251.51,250.00,43,3.00,-1.51
294671,251.38,250.00,58,3.00,-1.38
294771,251.20,250.00,64,3.00,-1.20
294871,250.97,250.00,70,3.00,-0.97
294971,250.63,250.00,83,3.00,-0.63
295071,250.39,250.00,74,3.00,-0.39
295171,250.24,250.00,65,3.00,-0.24
295271,250.10,250.00,64,3.00,-0.10
295371,250.05,250.00,56,3.00,-0.05
295471,250.21,250.00,34,3.00,-0.21
295571,250.08,250.00,64,3.00,-0.08
295671,249.96,250.00,63,3.00,0.04
295771,249.85,250.00,62,3.00,0.15
295871,249.62,250.00,75,3.00,0.38
295971,249.62,250.00,53,3.00,0.38
296071,249.48,250.00,67,3.00,0.52
296171,249.49,250.00,52,3.00,0.51
296271,249.56,250.00,45,3.00,0.44
296371,249.43,250.00,67,3.00,0.57
296471,249.51,250.00,45,3.00,0.49
296571,249.52,250.00,52,3.00,0.48
296671,249.59,250.00,45,3.00,0.41
296771,249.59,250.00,53,3.00,0.41
296871,249.72,250.00,39,3.00,0.28
296971,249.71,250.00,54,3.00,0.29
297071,249.56,250.00,68,3.00,0.44
297171,249.43,250.00,67,3.00,0.57
297271,249.11,250.00,86,3.00,0.89
297371,248.95,250.00,71,3.00,1.05
297471,248.95,250.00,56,3.00,1.05
297571,249.01,250.00,49,3.00,0.99
297671,248.86,250.00,70,3.00,1.14
297771,248.87,250.00,55,3.00,1.13
297871,248.67,250.00,76,3.00,1.33
297971,248.56,250.00,68,3.00,1.44
298071,248.53,250.00,61,3.00,1.47
298171,248.56,250.00,53,3.00,1.44
298271,248.59,250.00,54,3.00,1.41
298371,248.56,250.00,61,3.00,1.44
298471,248.46,250.00,67,3.00,1.54
298571,248.43,250.00,60,3.00,1.57
298671,248.28,250.00,74,3.00,1.72
298771,248.34,250.00,52,3.00,1.66
298871,248.20,250.00,73,3.00,1.80
298971,248.13,250.00,65,3.00,1.87
299071,247.88,250.00,85,3.00,2.12
299171,247.98,250.00,50,3.00,2.02
299271,247.81,250.00,78,3.00,2.19
299371,247.79,250.00,63,3.00,2.21
299471,247.70,250.00,70,3.00,2.30
299571,247.62,250.00,69,3.00,2.38
299671,247.55,250.00,69,3.00,2.45
299771,247.42,250.00,75,3.00,2.58
299871,247.43,250.00,61,3.00,2.57
299971,247.32,250.00,74,3.00,2.68
300071,247.21,250.00,74,3.00,2.79
300171,247.25,250.00,59,3.00,2.75
300271,247.08,250.00,80,3.00,2.92
300371,247.20,250.00,52,3.00,2.80
300471,247.23,250.00,59,3.00,2.77
300571,247.33,250.00,53,3.00,2.67
300671,247.35,250.00,60,3.00,2.65
300771,247.31,250.00,67,3.00,2.69
300871,247.33,250.00,60,3.00,2.67
300971,247.23,250.00,74,3.00,2.77
301071,247.07,250.00,80,3.00,2.93
301171,247.05,250.00,66,3.00,2.95
301271,246.97,250.00,72,3.00,3.03
301371,246.84,250.00,78,3.00,3.16
301471,246.85,250.00,64,3.00,3.15
301571,246.92,250.00,58,3.00,3.08
301671,246.92,250.00,65,3.00,3.08
301771,246.79,250.00,78,3.00,3.21
301871,246.67,250.00,78,3.00,3.33
301971,246.57,250.00,77,3.00,3.43
302071,246.54,250.00,70,3.00,3.46
302171,246.32,250.00,89,3.00,3.68
302271,246.38,250.00,61,3.00,3.62
302371,246.24,250.00,82,3.00,3.76
302471,246.31,250.00,61,3.00,3.69
302571,246.30,250.00,68,3.00,3.70
302671,246.36,250.00,62,3.00,3.64
302771,246.29,250.00,75,3.00,3.71
302871,246.22,250.00,75,3.00,3.78
302971,246.23,250.00,68,3.00,3.77
303071,246.17,250.00,75,3.00,3.83
303171,246.24,250.00,61,3.00,3.76
303271,246.31,250.00,62,3.00,3.69
303371,246.18,250.00,82,3.00,3.82
303471,246.06,250.00,81,3.00,3.94
303571,245.95,250.00,80,3.00,4.05
303671,246.05,250.00,60,3.00,3.95
303771,246.14,250.00,61,3.00,3.86
303871,246.21,250.00,61,3.00,3.79
303971,246.15,250.00,75,3.00,3.85
304071,246.29,250.00,55,3.00,3.71
304171,246.23,250.00,76,3.00,3.77
304271,246.11,250.00,82,3.00,3.89
304371,246.12,250.00,68,3.00,3.88
304471,246.26,250.00,55,3.00,3.74
304571,246.39,250.00,56,3.00,3.61
304671,246.58,250.00,50,3.00,3.42
304771,246.55,250.00,71,3.00,3.45
304871,246.52,250.00,71,3.00,3.48
304971,246.49,250.00,71,3.00,3.51
305071,246.53,250.00,64,3.00,3.47
305171,246.44,250.00,78,3.00,3.56
305271,246.30,250.00,84,3.00,3.70
305371,246.30,250.00,70,3.00,3.70
305471,246.36,250.00,63,3.00,3.64
305571,246.22,250.00,83,3.00,3.78
305671,246.23,250.00,69,3.00,3.77
305771,246.17,250.00,76,3.00,3.83
305871,246.05,250.00,82,3.00,3.95
305971,245.94,250.00,82,3.00,4.06
306071,245.91,250.00,75,3.00,4.09
306171,245.64,250.00,100,3.00,4.36
306271,245.64,250.00,73,3.00,4.36
306371,245.76,250.00,59,3.00,4.24
306471,245.81,250.00,67,3.00,4.19
306571,245.86,250.00,67,3.00,4.14
306671,245.65,250.00,94,3.00,4.35
306771,245.84,250.00,53,3.00,4.16
306871,245.76,250.00,81,3.00,4.24
306971,245.81,250.00,67,3.00,4.19
307071,245.73,250.00,81,3.00,4.27
307171,245.78,250.00,67,3.00,4.22
307271,245.83,250.00,68,3.00,4.17
307371,245.62,250.00,94,3.00,4.38
307471,245.69,250.00,67,3.00,4.31
307571,245.68,250.00,74,3.00,4.32
307671,245.61,250.00,80,3.00,4.39
307771,245.68,250.00,67,3.00,4.32
307871,245.67,250.00,74,3.00,4.33
307971,245.93,250.00,47,3.00,4.07
308071,246.09,250.00,56,3.00,3.91
308171,246.11,250.00,70,3.00,3.89
308271,246.19,250.00,64,3.00,3.81
308371,246.20,250.00,71,3.00,3.80
308471,246.08,250.00,84,3.00,3.92
308571,246.10,250.00,70,3.00,3.90
308671,246.05,250.00,77,3.00,3.95
308771,245.88,250.00,90,3.00,4.12
308871,245.92,250.00,69,3.00,4.08
308971,246.02,250.00,63,3.00,3.98
309071,246.17,250.00,57,3.00,3.83
309171,246.06,250.00,84,3.00,3.94
309271,246.21,250.00,57,3.00,3.79
309371,246.21,250.00,72,3.00,3.79
309471,246.35,250.00,58,3.00,3.65
309571,246.40,250.00,66,3.00,3.60
309671,246.52,250.00,60,3.00,3.48
309771,246.43,250.00,80,3.00,3.57
309871,246.48,250.00,67,3.00,3.52
309971,246.39,250.00,80,3.00,3.61
310071,246.44,250.00,66,3.00,3.56
310171,246.36,250.00,80,3.00,3.64
310271,246.29,250.00,80,3.00,3.71
310371,246.48,250.00,52,3.00,3.52
310471,246.40,250.00,81,3.00,3.60
310571,246.32,250.00,80,3.00,3.68
310671,246.38,250.00,66,3.00,3.62
310771,246.18,250.00,93,3.00,3.82
310871,246.19,250.00,72,3.00,3.81
310971,246.26,250.00,66,3.00,3.74
311071,246.32,250.00,66,3.00,3.68
311171,246.38,250.00,67,3.00,3.62
311271,246.37,250.00,74,3.00,3.63
311371,246.56,250.00,53,3.00,3.44
311471,246.59,250.00,68,3.00,3.41
311571,246.82,250.00,48,3.00,3.18
311671,246.89,250.00,63,3.00,3.11
311771,247.03,250.00,57,3.00,2.97
311871,246.95,250.00,78,3.00,3.05
311971,247.14,250.00,50,3.00,2.86
312071,247.06,250.00,79,3.00,2.94
312171,247.11,250.00,65,3.00,2.89
312271,247.09,250.00,72,3.00,2.91
312371,247.00,250.00,79,3.00,3.00
312471,247.26,250.00,44,3.00,2.74
312571,247.22,250.00,73,3.00,2.78
312671,247.13,250.00,80,3.00,2.87
312771,247.30,250.00,52,3.00,2.70
312871,247.46,250.00,53,3.00,2.54
312971,247.61,250.00,54,3.00,2.39
313071,247.41,250.00,89,3.00,2.59
313171,247.56,250.00,54,3.00,2.44
313271,247.62,250.00,62,3.00,2.38
313371,247.68,250.00,62,3.00,2.32
313471,247.80,250.00,56,3.00,2.20
313571,247.84,250.00,63,3.00,2.16
313671,247.82,250.00,71,3.00,2.18
313771,247.92,250.00,57,3.00,2.08
313871,247.95,250.00,64,3.00,2.05
313971,247.98,250.00,65,3.00,2.02
314071,247.94,250.00,72,3.00,2.06
314171,248.10,250.00,51,3.00,1.90
314271,248.25,250.00,52,3.00,1.75
314371,248.24,250.00,67,3.00,1.76
314471,248.24,250.00,67,3.00,1.76
314571,248.51,250.00,38,3.00,1.49
314671,248.55,250.00,61,3.00,1.45
314771,248.65,250.00,55,3.00,1.35
314871,248.61,250.00,69,3.00,1.39
314971,248.77,250.00,48,3.00,1.23
315071,248.92,250.00,49,3.00,1.08
315171,248.66,250.00,91,3.00,1.34
315271,248.75,250.00,55,3.00,1.25
315371,248.90,250.00,49,3.00,1.10
315471,248.90,250.00,64,3.00,1.10
315571,249.03,250.00,50,3.00,0.97
315671,248.95,250.00,72,3.00,1.05
315771,248.88,250.00,71,3.00,1.12
315871,248.95,250.00,57,3.00,1.05
315971,249.08,250.00,50,3.00,0.92
316071,248.99,250.00,72,3.00,1.01
316171,248.91,250.00,72,3.00,1.09
316271,248.91,250.00,64,3.00,1.09
316371,249.12,250.00,43,3.00,0.88
316471,249.23,250.00,51,3.00,0.77
316571,249.26,250.00,59,3.00,0.74
316671,249.43,250.00,45,3.00,0.57
316771,249.45,250.00,61,3.00,0.55
316871,249.53,250.00,53,3.00,0.47
316971,249.67,250.00,47,3.00,0.33
317071,249.52,250.00,76,3.00,0.48
317749,249.67,250.00,47,3.00,0.33
318426,250.09,250.00,17,3.00,-0.09
