Time_ms,Temp_C,Setpoint_C,Heater_Duty,Speed_mm_s,Error_C
8025,49.20,250.00,100,3.00,200.80
8703,49.32,250.00,100,3.00,200.68
9381,49.40,250.00,100,3.00,200.60
10059,49.42,250.00,100,3.00,200.58
10737,49.44,250.00,100,3.00,200.56
11415,49.49,250.00,100,3.00,200.51
12093,49.55,250.00,100,3.00,200.45
12771,49.56,250.00,100,3.00,200.44
13449,49.49,250.00,100,3.00,200.51
14127,49.58,250.00,100,3.00,200.42
14805,49.58,250.00,100,3.00,200.42
15483,49.59,250.00,100,3.00,200.41
16161,49.59,250.00,100,3.00,200.41
16839,49.65,250.00,100,3.00,200.35
17517,49.74,250.00,100,3.00,200.26
18195,49.71,250.00,100,3.00,200.29
18873,49.70,250.00,100,3.00,200.30
19551,49.69,250.00,100,3.00,200.31
20229,49.71,250.00,100,3.00,200.29
20907,49.65,250.00,100,3.00,200.35
21585,49.67,250.00,100,3.00,200.33
22263,49.65,250.00,100,3.00,200.35
22941,49.64,250.00,100,3.00,200.36
23619,49.69,250.00,100,3.00,200.31
24297,49.69,250.00,100,3.00,200.31
24975,49.68,250.00,100,3.00,200.32
25653,49.65,250.00,100,3.00,200.35
26331,49.65,250.00,100,3.00,200.35
27009,49.60,250.00,100,3.00,200.40
27687,49.65,250.00,100,3.00,200.35
28365,49.62,250.00,100,3.00,200.38
29043,49.65,250.00,100,3.00,200.35
29721,49.62,250.00,100,3.00,200.38
2171,49.38,250.00,100,3.00,200.62
2270,49.46,250.00,100,3.00,200.54
2370,49.47,250.00,100,3.00,200.53
2470,49.46,250.00,100,3.00,200.54
2570,49.55,250.00,100,3.00,200.45
2670,49.51,250.00,100,3.00,200.49
2770,49.60,250.00,100,3.00,200.40
2870,49.60,250.00,100,3.00,200.40
2970,49.60,250.00,100,3.00,200.40
3070,49.53,250.00,100,3.00,200.47
3170,49.47,250.00,100,3.00,200.53
3270,49.51,250.00,100,3.00,200.49
3370,49.54,250.00,100,3.00,200.46
3470,49.60,250.00,100,3.00,200.40
3570,49.65,250.00,100,3.00,200.35
3670,49.70,250.00,100,3.00,200.30
3770,49.77,250.00,100,3.00,200.23
3870,49.80,250.00,100,3.00,200.20
3970,49.81,250.00,100,3.00,200.19
4070,49.87,250.00,100,3.00,200.13
4170,49.97,250.00,100,3.00,200.03
4270,50.03,250.00,100,3.00,199.97
4370,50.01,250.00,100,3.00,199.99
4470,49.98,250.00,100,3.00,200.02
4570,50.04,250.00,100,3.00,199.96
4670,50.07,250.00,100,3.00,199.93
4770,50.05,250.00,100,3.00,199.95
4870,50.13,250.00,100,3.00,199.87
4970,50.13,250.00,100,3.00,199.87
5070,50.18,250.00,100,3.00,199.82
5170,50.17,250.00,100,3.00,199.83
5270,50.22,250.00,100,3.00,199.78
5370,50.23,250.00,100,3.00,199.77
5470,50.27,250.00,100,3.00,199.73
5570,50.28,250.00,100,3.00,199.72
5670,50.24,250.00,100,3.00,199.76
5770,50.30,250.00,100,3.00,199.70
5870,50.36,250.00,100,3.00,199.64
5970,50.38,250.00,100,3.00,199.62
6070,50.40,250.00,100,3.00,199.60
6170,50.47,250.00,100,3.00,199.53
6270,50.56,250.00,100,3.00,199.44
6370,50.54,250.00,100,3.00,199.46
6470,50.59,250.00,100,3.00,199.40
6570,50.62,250.00,100,3.00,199.38
6670,50.67,250.00,100,3.00,199.33
6770,50.64,250.00,100,3.00,199.36
6870,50.68,250.00,100,3.00,199.32
6970,50.75,250.00,100,3.00,199.25
7070,50.85,250.00,100,3.00,199.15
7170,50.88,250.00,100,3.00,199.12
7270,50.90,250.00,100,3.00,199.10
7370,50.89,250.00,100,3.00,199.11
7470,50.89,250.00,100,3.00,199.11
7570,50.91,250.00,100,3.00,199.09
7670,50.95,250.00,100,3.00,199.05
7770,50.99,250.00,100,3.00,199.01
7870,51.02,250.00,100,3.00,198.98
7970,51.10,250.00,100,3.00,198.90
8070,51.12,250.00,100,3.00,198.88
8170,51.14,250.00,100,3.00,198.86
8270,51.23,250.00,100,3.00,198.77
8370,51.33,250.00,100,3.00,198.67
8470,51.40,250.00,100,3.00,198.60
8570,51.44,250.00,100,3.00,198.56
8670,51.48,250.00,100,3.00,198.52
8770,51.56,250.00,100,3.00,198.44
8870,51.53,250.00,100,3.00,198.47
8970,51.58,250.00,100,3.00,198.42
9070,51.61,250.00,100,3.00,198.39
9170,51.60,250.00,100,3.00,198.40
9270,51.64,250.00,100,3.00,198.36
9370,51.66,250.00,100,3.00,198.34
9470,51.70,250.00,100,3.00,198.30
9570,51.75,250.00,100,3.00,198.25
9670,51.78,250.00,100,3.00,198.22
9770,51.83,250.00,100,3.00,198.17
9870,51.87,250.00,100,3.00,198.13
9970,51.98,250.00,100,3.00,198.02
10070,52.10,250.00,100,3.00,197.90
10170,52.14,250.00,100,3.00,197.86
10270,52.20,250.00,100,3.00,197.80
10370,52.32,250.00,100,3.00,197.68
10470,52.47,250.00,100,3.00,197.53
10570,52.52,250.00,100,3.00,197.48
10670,52.60,250.00,100,3.00,197.40
10770,52.70,250.00,100,3.00,197.30
10870,52.80,250.00,100,3.00,197.20
10970,52.92,250.00,100,3.00,197.08
11070,52.97,250.00,100,3.00,197.03
11170,53.14,250.00,100,3.00,196.86
11270,53.17,250.00,100,3.00,196.83
11370,53.32,250.00,100,3.00,196.68
11470,53.44,250.00,100,3.00,196.56
11570,53.50,250.00,100,3.00,196.50
11670,53.58,250.00,100,3.00,196.42
11770,53.60,250.00,100,3.00,196.40
11870,53.67,250.00,100,3.00,196.33
11970,53.75,250.00,100,3.00,196.25
12070,53.85,250.00,100,3.00,196.15
12170,54.02,250.00,100,3.00,195.98
12270,54.15,250.00,100,3.00,195.85
12370,54.27,250.00,100,3.00,195.73
12470,54.46,250.00,100,3.00,195.54
12570,54.63,250.00,100,3.00,195.37
12670,54.79,250.00,100,3.00,195.21
12770,54.93,250.00,100,3.00,195.07
12870,55.05,250.00,100,3.00,194.95
12970,55.16,250.00,100,3.00,194.84
13070,55.20,250.00,100,3.00,194.80
13170,55.28,250.00,100,3.00,194.72
13270,55.43,250.00,100,3.00,194.57
13370,55.50,250.00,100,3.00,194.50
13470,55.61,250.00,100,3.00,194.39
13570,55.73,250.00,100,3.00,194.27
13670,55.82,250.00,100,3.00,194.18
13770,55.91,250.00,100,3.00,194.09
13870,56.02,250.00,100,3.00,193.98
13970,56.14,250.00,100,3.00,193.86
14070,56.20,250.00,100,3.00,193.80
14170,56.32,250.00,100,3.00,193.68
14270,56.51,250.00,100,3.00,193.49
14370,56.58,250.00,100,3.00,193.42
14470,56.68,250.00,100,3.00,193.32
14570,56.81,250.00,100,3.00,193.19
14670,56.91,250.00,100,3.00,193.09
14770,57.01,250.00,100,3.00,192.99
14870,57.11,250.00,100,3.00,192.89
14970,57.24,250.00,100,3.00,192.76
15070,57.37,250.00,100,3.00,192.63
15170,57.49,250.00,100,3.00,192.51
15270,57.60,250.00,100,3.00,192.40
15370,57.69,250.00,100,3.00,192.31
15470,57.76,250.00,100,3.00,192.24
15570,57.86,250.00,100,3.00,192.14
15670,57.95,250.00,100,3.00,192.05
15770,58.05,250.00,100,3.00,191.95
15870,58.12,250.00,100,3.00,191.88
15970,58.17,250.00,100,3.00,191.83
16070,58.23,250.00,100,3.00,191.77
16170,58.30,250.00,100,3.00,191.70
16270,58.40,250.00,100,3.00,191.60
16370,58.61,250.00,100,3.00,191.39
16470,58.64,250.00,100,3.00,191.36
16570,58.71,250.00,100,3.00,191.29
16670,58.83,250.00,100,3.00,191.17
16770,58.99,250.00,100,3.00,191.01
16870,59.06,250.00,100,3.00,190.94
16970,59.20,250.00,100,3.00,190.80
17070,59.29,250.00,100,3.00,190.71
17170,59.44,250.00,100,3.00,190.56
17270,59.59,250.00,100,3.00,190.41
17370,59.73,250.00,100,3.00,190.27
17470,59.91,250.00,100,3.00,190.09
17570,60.06,250.00,100,3.00,189.94
17670,60.22,250.00,100,3.00,189.78
17770,60.37,250.00,100,3.00,189.63
17870,60.52,250.00,100,3.00,189.48
17970,60.68,250.00,100,3.00,189.32
18070,60.81,250.00,100,3.00,189.19
18170,60.94,250.00,100,3.00,189.06
18270,61.09,250.00,100,3.00,188.91
18370,61.25,250.00,100,3.00,188.75
18470,61.44,250.00,100,3.00,188.56
18570,61.55,250.00,100,3.00,188.45
18670,61.67,250.00,100,3.00,188.33
18770,61.85,250.00,100,3.00,188.15
18870,62.04,250.00,100,3.00,187.96
18970,62.23,250.00,100,3.00,187.77
19070,62.35,250.00,100,3.00,187.65
19170,62.48,250.00,100,3.00,187.52
19270,62.62,250.00,100,3.00,187.38
19370,62.76,250.00,100,3.00,187.24
19470,62.89,250.00,100,3.00,187.11
19570,63.05,250.00,100,3.00,186.95
19670,63.22,250.00,100,3.00,186.78
19770,63.34,250.00,100,3.00,186.66
19870,63.48,250.00,100,3.00,186.52
19970,63.63,250.00,100,3.00,186.37
20070,63.74,250.00,100,3.00,186.26
20170,63.93,250.00,100,3.00,186.07
20270,64.03,250.00,100,3.00,185.97
20370,64.18,250.00,100,3.00,185.82
20470,64.27,250.00,100,3.00,185.73
20570,64.52,250.00,100,3.00,185.48
20670,64.64,250.00,100,3.00,185.36
20770,64.76,250.00,100,3.00,185.24
20870,64.96,250.00,100,3.00,185.04
20970,65.16,250.00,100,3.00,184.84
21070,65.28,250.00,100,3.00,184.72
21170,65.39,250.00,100,3.00,184.61
21270,65.57,250.00,100,3.00,184.43
21370,65.74,250.00,100,3.00,184.26
21470,65.93,250.00,100,3.00,184.07
21570,66.10,250.00,100,3.00,183.90
21670,66.31,250.00,100,3.00,183.69
21770,66.45,250.00,100,3.00,183.55
21870,66.65,250.00,100,3.00,183.35
21970,66.80,250.00,100,3.00,183.20
22070,66.94,250.00,100,3.00,183.06
22170,67.12,250.00,100,3.00,182.88
22270,67.24,250.00,100,3.00,182.76
22370,67.40,250.00,100,3.00,182.60
22470,67.57,250.00,100,3.00,182.43
22570,67.74,250.00,100,3.00,182.26
22670,67.93,250.00,100,3.00,182.07
22770,68.09,250.00,100,3.00,181.91
22870,68.24,250.00,100,3.00,181.76
22970,68.43,250.00,100,3.00,181.57
23070,68.63,250.00,100,3.00,181.37
23170,68.78,250.00,100,3.00,181.22
23270,68.94,250.00,100,3.00,181.06
23370,69.10,250.00,100,3.00,180.90
23470,69.27,250.00,100,3.00,180.73
23570,69.40,250.00,100,3.00,180.60
23670,69.56,250.00,100,3.00,180.44
23770,69.76,250.00,100,3.00,180.24
23870,69.92,250.00,100,3.00,180.08
23970,70.11,250.00,100,3.00,179.89
24070,70.26,250.00,100,3.00,179.74
24170,70.45,250.00,100,3.00,179.55
24270,70.61,250.00,100,3.00,179.39
24370,70.77,250.00,100,3.00,179.23
24470,70.93,250.00,100,3.00,179.07
24570,71.09,250.00,100,3.00,178.91
24670,71.28,250.00,100,3.00,178.72
24770,71.52,250.00,100,3.00,178.48
24870,71.69,250.00,100,3.00,178.31
24970,71.83,250.00,100,3.00,178.17
25070,72.02,250.00,100,3.00,177.98
25170,72.21,250.00,100,3.00,177.79
25270,72.40,250.00,100,3.00,177.60
25370,72.57,250.00,100,3.00,177.43
25470,72.72,250.00,100,3.00,177.28
25570,72.91,250.00,100,3.00,177.09
25670,73.08,250.00,100,3.00,176.92
25770,73.28,250.00,100,3.00,176.72
25870,73.49,250.00,100,3.00,176.51
25970,73.68,250.00,100,3.00,176.32
26070,73.89,250.00,100,3.00,176.11
26170,74.10,250.00,100,3.00,175.90
26270,74.28,250.00,100,3.00,175.72
26370,74.46,250.00,100,3.00,175.54
26470,74.64,250.00,100,3.00,175.36
26570,74.81,250.00,100,3.00,175.19
26670,75.01,250.00,100,3.00,174.99
26770,75.19,250.00,100,3.00,174.81
26870,75.40,250.00,100,3.00,174.60
26970,75.58,250.00,100,3.00,174.42
27070,75.76,250.00,100,3.00,174.24
27170,75.97,250.00,100,3.00,174.03
27270,76.15,250.00,100,3.00,173.85
27370,76.32,250.00,100,3.00,173.68
27470,76.50,250.00,100,3.00,173.50
27570,76.66,250.00,100,3.00,173.34
27670,76.80,250.00,100,3.00,173.20
27770,76.96,250.00,100,3.00,173.04
27870,77.11,250.00,100,3.00,172.89
27970,77.26,250.00,100,3.00,172.74
28070,77.42,250.00,100,3.00,172.58
28170,77.60,250.00,100,3.00,172.40
28270,77.79,250.00,100,3.00,172.21
28370,77.99,250.00,100,3.00,172.01
28470,78.18,250.00,100,3.00,171.82
28570,78.35,250.00,100,3.00,171.65
28670,78.51,250.00,100,3.00,171.49
28770,78.68,250.00,100,3.00,171.32
28870,78.88,250.00,100,3.00,171.12
28970,79.11,250.00,100,3.00,170.89
29070,79.29,250.00,100,3.00,170.71
29170,79.48,250.00,100,3.00,170.52
29270,79.69,250.00,100,3.00,170.31
29370,79.88,250.00,100,3.00,170.12
29470,80.06,250.00,100,3.00,169.94
29570,80.20,250.00,100,3.00,169.80
29670,80.36,250.00,100,3.00,169.64
29770,80.53,250.00,100,3.00,169.47
29870,80.71,250.00,100,3.00,169.29
29970,80.89,250.00,100,3.00,169.11
30070,81.10,250.00,100,3.00,168.90
30170,81.28,250.00,100,3.00,168.72
30270,81.48,250.00,100,3.00,168.52
30370,81.68,250.00,100,3.00,168.32
30470,81.86,250.00,100,3.00,168.14
30570,82.03,250.00,100,3.00,167.97
30670,82.23,250.00,100,3.00,167.77
30770,82.41,250.00,100,3.00,167.59
30870,82.61,250.00,100,3.00,167.39
30970,82.78,250.00,100,3.00,167.22
31070,83.00,250.00,100,3.00,167.00
31170,83.19,250.00,100,3.00,166.81
31270,83.37,250.00,100,3.00,166.63
31370,83.57,250.00,100,3.00,166.43
31470,83.78,250.00,100,3.00,166.22
31570,83.95,250.00,100,3.00,166.05
31670,84.14,250.00,100,3.00,165.86
31770,84.31,250.00,100,3.00,165.69
31870,84.48,250.00,100,3.00,165.52
31970,84.64,250.00,100,3.00,165.36
32070,84.84,250.00,100,3.00,165.16
32170,85.03,250.00,100,3.00,164.97
32270,85.21,250.00,100,3.00,164.79
32370,85.41,250.00,100,3.00,164.59
32470,85.56,250.00,100,3.00,164.44
32570,85.75,250.00,100,3.00,164.25
32670,85.92,250.00,100,3.00,164.08
32770,86.11,250.00,100,3.00,163.89
32870,86.30,250.00,100,3.00,163.70
32970,86.49,250.00,100,3.00,163.51
33070,86.68,250.00,100,3.00,163.32
33170,86.88,250.00,100,3.00,163.12
33270,87.05,250.00,100,3.00,162.95
33370,87.22,250.00,100,3.00,162.78
33470,87.42,250.00,100,3.00,162.58
33570,87.64,250.00,100,3.00,162.36
33670,87.84,250.00,100,3.00,162.16
33770,88.05,250.00,100,3.00,161.95
33870,88.26,250.00,100,3.00,161.74
33970,88.47,250.00,100,3.00,161.53
34070,88.65,250.00,100,3.00,161.35
34170,88.85,250.00,100,3.00,161.15
34270,89.05,250.00,100,3.00,160.95
34370,89.25,250.00,100,3.00,160.75
34470,89.43,250.00,100,3.00,160.57
34570,89.60,250.00,100,3.00,160.40
34670,89.78,250.00,100,3.00,160.22
34770,89.93,250.00,100,3.00,160.07
34870,90.11,250.00,100,3.00,159.89
34970,90.26,250.00,100,3.00,159.74
35070,90.46,250.00,100,3.00,159.54
35170,90.66,250.00,100,3.00,159.34
35270,90.86,250.00,100,3.00,159.14
35370,91.06,250.00,100,3.00,158.94
35470,91.23,250.00,100,3.00,158.77
35570,91.43,250.00,100,3.00,158.57
35670,91.63,250.00,100,3.00,158.37
35770,91.83,250.00,100,3.00,158.17
35870,92.04,250.00,100,3.00,157.96
35970,92.22,250.00,100,3.00,157.78
36070,92.41,250.00,100,3.00,157.59
36170,92.58,250.00,100,3.00,157.42
36270,92.74,250.00,100,3.00,157.26
36370,92.93,250.00,100,3.00,157.07
36470,93.10,250.00,100,3.00,156.90
36570,93.26,250.00,100,3.00,156.74
36670,93.45,250.00,100,3.00,156.55
36770,93.64,250.00,100,3.00,156.36
36870,93.81,250.00,100,3.00,156.19
36970,94.00,250.00,100,3.00,156.00
37070,94.19,250.00,100,3.00,155.81
37170,94.37,250.00,100,3.00,155.63
37270,94.56,250.00,100,3.00,155.44
37370,94.76,250.00,100,3.00,155.24
37470,94.95,250.00,100,3.00,155.05
37570,95.13,250.00,100,3.00,154.87
37670,95.32,250.00,100,3.00,154.68
37770,95.52,250.00,100,3.00,154.48
37870,95.71,250.00,100,3.00,154.29
37970,95.90,250.00,100,3.00,154.10
38070,96.09,250.00,100,3.00,153.91
38170,96.29,250.00,100,3.00,153.71
38270,96.47,250.00,100,3.00,153.53
38370,96.67,250.00,100,3.00,153.33
38470,96.87,250.00,100,3.00,153.13
38570,97.04,250.00,100,3.00,152.96
38670,97.23,250.00,100,3.00,152.77
38770,97.40,250.00,100,3.00,152.60
38870,97.58,250.00,100,3.00,152.42
38970,97.76,250.00,100,3.00,152.24
39070,97.96,250.00,100,3.00,152.04
39170,98.13,250.00,100,3.00,151.87
39270,98.32,250.00,100,3.00,151.68
39370,98.51,250.00,100,3.00,151.49
39470,98.74,250.00,100,3.00,151.26
39570,98.93,250.00,100,3.00,151.07
39670,99.10,250.00,100,3.00,150.90
39770,99.30,250.00,100,3.00,150.70
39870,99.49,250.00,100,3.00,150.51
39970,99.68,250.00,100,3.00,150.32
40070,99.87,250.00,100,3.00,150.13
40170,100.04,250.00,100,3.00,149.96
40270,100.24,250.00,100,3.00,149.76
40370,100.42,250.00,100,3.00,149.58
40470,100.59,250.00,100,3.00,149.41
40570,100.76,250.00,100,3.00,149.24
40670,100.94,250.00,100,3.00,149.06
40770,101.13,250.00,100,3.00,148.87
40870,101.33,250.00,100,3.00,148.67
40970,101.51,250.00,100,3.00,148.49
41070,101.70,250.00,100,3.00,148.30
41170,101.92,250.00,100,3.00,148.08
41270,102.10,250.00,100,3.00,147.90
41370,102.30,250.00,100,3.00,147.70
41470,102.49,250.00,100,3.00,147.51
41570,102.68,250.00,100,3.00,147.32
41670,102.86,250.00,100,3.00,147.14
41770,103.05,250.00,100,3.00,146.95
41870,103.25,250.00,100,3.00,146.75
41970,103.44,250.00,100,3.00,146.56
42070,103.62,250.00,100,3.00,146.38
42170,103.79,250.00,100,3.00,146.21
42270,103.97,250.00,100,3.00,146.03
42370,104.17,250.00,100,3.00,145.83
42470,104.37,250.00,100,3.00,145.63
42570,104.55,250.00,100,3.00,145.45
42670,104.73,250.00,100,3.00,145.27
42770,104.91,250.00,100,3.00,145.09
42870,105.09,250.00,100,3.00,144.91
42970,105.27,250.00,100,3.00,144.73
43069,105.44,250.00,100,3.00,144.56
43170,105.63,250.00,100,3.00,144.37
43270,105.81,250.00,100,3.00,144.19
43369,105.99,250.00,100,3.00,144.01
43469,106.18,250.00,100,3.00,143.82
43570,106.35,250.00,100,3.00,143.65
43669,106.53,250.00,100,3.00,143.47
43769,106.71,250.00,100,3.00,143.29
43869,106.90,250.00,100,3.00,143.10
43970,107.08,250.00,100,3.00,142.92
44070,107.27,250.00,100,3.00,142.73
44170,107.44,250.00,100,3.00,142.56
44270,107.62,250.00,100,3.00,142.38
44369,107.80,250.00,100,3.00,142.20
44469,107.98,250.00,100,3.00,142.02
44569,108.16,250.00,100,3.00,141.84
44670,108.36,250.00,100,3.00,141.64
44769,108.56,250.00,100,3.00,141.44
44872,108.77,250.00,100,3.00,141.23
44969,108.95,250.00,100,3.00,141.05
45069,109.15,250.00,100,3.00,140.85
45169,109.32,250.00,100,3.00,140.68
45269,109.49,250.00,100,3.00,140.51
45369,109.68,250.00,100,3.00,140.32
45469,109.85,250.00,100,3.00,140.15
45569,110.03,250.00,100,3.00,139.97
45669,110.20,250.00,100,3.00,139.80
45769,110.38,250.00,100,3.00,139.62
45869,110.53,250.00,100,3.00,139.47
45969,110.74,250.00,100,3.00,139.26
46069,110.91,250.00,100,3.00,139.09
46169,111.10,250.00,100,3.00,138.90
46269,111.29,250.00,100,3.00,138.71
46369,111.47,250.00,100,3.00,138.53
46469,111.67,250.00,100,3.00,138.33
46569,111.84,250.00,100,3.00,138.16
46669,112.02,250.00,100,3.00,137.98
46769,112.20,250.00,100,3.00,137.80
46869,112.38,250.00,100,3.00,137.62
46969,112.57,250.00,100,3.00,137.43
47069,112.75,250.00,100,3.00,137.25
47169,112.94,250.00,100,3.00,137.06
47269,113.12,250.00,100,3.00,136.88
47369,113.30,250.00,100,3.00,136.70
47469,113.49,250.00,100,3.00,136.51
47569,113.67,250.00,100,3.00,136.33
47669,113.84,250.00,100,3.00,136.16
47769,114.02,250.00,100,3.00,135.98
47869,114.20,250.00,100,3.00,135.80
47969,114.38,250.00,100,3.00,135.62
48069,114.55,250.00,100,3.00,135.45
48169,114.73,250.00,100,3.00,135.27
48269,114.92,250.00,100,3.00,135.08
48369,115.11,250.00,100,3.00,134.89
48469,115.31,250.00,100,3.00,134.69
48569,115.49,250.00,100,3.00,134.51
48669,115.67,250.00,100,3.00,134.33
48769,115.85,250.00,100,3.00,134.15
48869,116.03,250.00,100,3.00,133.97
48969,116.23,250.00,100,3.00,133.77
49069,116.42,250.00,100,3.00,133.58
49169,116.59,250.00,100,3.00,133.41
49269,116.77,250.00,100,3.00,133.23
49369,116.97,250.00,100,3.00,133.03
49469,117.14,250.00,100,3.00,132.86
49569,117.34,250.00,100,3.00,132.66
49669,117.52,250.00,100,3.00,132.48
49769,117.69,250.00,100,3.00,132.31
49869,117.86,250.00,100,3.00,132.14
49969,118.04,250.00,100,3.00,131.96
50069,118.21,250.00,100,3.00,131.79
50169,118.38,250.00,100,3.00,131.62
50269,118.58,250.00,100,3.00,131.42
50369,118.76,250.00,100,3.00,131.24
50469,118.97,250.00,100,3.00,131.03
50569,119.13,250.00,100,3.00,130.87
50669,119.31,250.00,100,3.00,130.69
50768,119.49,250.00,100,3.00,130.51
50869,119.65,250.00,100,3.00,130.35
50969,119.82,250.00,100,3.00,130.18
51069,119.99,250.00,100,3.00,130.01
51168,120.14,250.00,100,3.00,129.86
51269,120.31,250.00,100,3.00,129.69
51369,120.49,250.00,100,3.00,129.51
51469,120.66,250.00,100,3.00,129.34
51569,120.86,250.00,100,3.00,129.14
51668,121.04,250.00,100,3.00,128.96
51768,121.22,250.00,100,3.00,128.78
51868,121.40,250.00,100,3.00,128.60
51969,121.58,250.00,100,3.00,128.42
52069,121.75,250.00,100,3.00,128.25
52169,121.90,250.00,100,3.00,128.10
52269,122.07,250.00,100,3.00,127.93
52369,122.24,250.00,100,3.00,127.76
52469,122.42,250.00,100,3.00,127.58
52569,122.60,250.00,100,3.00,127.40
52669,122.77,250.00,100,3.00,127.23
52769,122.95,250.00,100,3.00,127.05
52869,123.12,250.00,100,3.00,126.88
52968,123.29,250.00,100,3.00,126.71
53068,123.47,250.00,100,3.00,126.53
53168,123.63,250.00,100,3.00,126.37
53268,123.82,250.00,100,3.00,126.18
53368,123.99,250.00,100,3.00,126.01
53468,124.18,250.00,100,3.00,125.82
53568,124.36,250.00,100,3.00,125.64
53668,124.54,250.00,100,3.00,125.46
53768,124.71,250.00,100,3.00,125.29
53868,124.89,250.00,100,3.00,125.11
53968,125.07,250.00,100,3.00,124.93
54068,125.25,250.00,100,3.00,124.75
54168,125.42,250.00,100,3.00,124.58
54268,125.59,250.00,100,3.00,124.41
54368,125.76,250.00,100,3.00,124.24
54468,125.94,250.00,100,3.00,124.06
54568,126.13,250.00,100,3.00,123.87
54668,126.29,250.00,100,3.00,123.71
54768,126.46,250.00,100,3.00,123.54
54868,126.64,250.00,100,3.00,123.36
54968,126.81,250.00,100,3.00,123.19
55068,126.99,250.00,100,3.00,123.01
55168,127.15,250.00,100,3.00,122.85
55268,127.34,250.00,100,3.00,122.66
55368,127.50,250.00,100,3.00,122.50
55468,127.67,250.00,100,3.00,122.33
55568,127.85,250.00,100,3.00,122.15
55668,128.03,250.00,100,3.00,121.97
55768,128.20,250.00,100,3.00,121.80
55868,128.39,250.00,100,3.00,121.61
55968,128.56,250.00,100,3.00,121.44
56068,128.74,250.00,100,3.00,121.26
56168,128.91,250.00,100,3.00,121.09
56268,129.07,250.00,100,3.00,120.93
56368,129.23,250.00,100,3.00,120.77
56468,129.42,250.00,100,3.00,120.58
56568,129.60,250.00,100,3.00,120.40
56668,129.78,250.00,100,3.00,120.22
56768,129.95,250.00,100,3.00,120.05
56868,130.12,250.00,100,3.00,119.88
56968,130.28,250.00,100,3.00,119.72
57068,130.45,250.00,100,3.00,119.55
57168,130.64,250.00,100,3.00,119.36
57268,130.79,250.00,100,3.00,119.21
57368,130.95,250.00,100,3.00,119.05
57468,131.14,250.00,100,3.00,118.86
57568,131.32,250.00,100,3.00,118.68
57668,131.50,250.00,100,3.00,118.50
57768,131.67,250.00,100,3.00,118.33
57868,131.84,250.00,100,3.00,118.16
57968,132.02,250.00,100,3.00,117.98
58068,132.19,250.00,100,3.00,117.81
58168,132.37,250.00,100,3.00,117.63
58268,132.55,250.00,100,3.00,117.45
58368,132.72,250.00,100,3.00,117.28
58468,132.88,250.00,100,3.00,117.12
58568,133.05,250.00,100,3.00,116.95
58668,133.23,250.00,100,3.00,116.77
58768,133.40,250.00,100,3.00,116.60
58868,133.57,250.00,100,3.00,116.43
58968,133.74,250.00,100,3.00,116.26
59068,133.91,250.00,100,3.00,116.09
59168,134.08,250.00,100,3.00,115.92
59268,134.25,250.00,100,3.00,115.75
59368,134.41,250.00,100,3.00,115.59
59468,134.57,250.00,100,3.00,115.43
59568,134.74,250.00,100,3.00,115.26
59668,134.92,250.00,100,3.00,115.08
59768,135.09,250.00,100,3.00,114.91
59868,135.26,250.00,100,3.00,114.74
59968,135.43,250.00,100,3.00,114.57
60068,135.60,250.00,100,3.00,114.40
60168,135.76,250.00,100,3.00,114.24
60268,135.93,250.00,100,3.00,114.07
60368,136.10,250.00,100,3.00,113.90
60468,136.27,250.00,100,3.00,113.73
60568,136.45,250.00,100,3.00,113.55
60668,136.62,250.00,100,3.00,113.38
60768,136.80,250.00,100,3.00,113.20
60868,136.98,250.00,100,3.00,113.02
60968,137.15,250.00,100,3.00,112.85
61068,137.31,250.00,100,3.00,112.69
61168,137.47,250.00,100,3.00,112.53
61268,137.64,250.00,100,3.00,112.36
61368,137.82,250.00,100,3.00,112.18
61468,137.98,250.00,100,3.00,112.02
61568,138.15,250.00,100,3.00,111.85
61668,138.32,250.00,100,3.00,111.68
61768,138.49,250.00,100,3.00,111.51
61868,138.66,250.00,100,3.00,111.34
61968,138.82,250.00,100,3.00,111.18
62068,138.99,250.00,100,3.00,111.01
62168,139.14,250.00,100,3.00,110.86
62268,139.30,250.00,100,3.00,110.70
62368,139.46,250.00,100,3.00,110.54
62468,139.63,250.00,100,3.00,110.37
62568,139.80,250.00,100,3.00,110.20
62668,139.97,250.00,100,3.00,110.03
62768,140.13,250.00,100,3.00,109.87
62868,140.30,250.00,100,3.00,109.70
62968,140.47,250.00,100,3.00,109.53
63068,140.64,250.00,100,3.00,109.36
63168,140.80,250.00,100,3.00,109.20
63268,140.94,250.00,100,3.00,109.06
63368,141.10,250.00,100,3.00,108.90
63468,141.27,250.00,100,3.00,108.73
63568,141.45,250.00,100,3.00,108.55
63668,141.60,250.00,100,3.00,108.40
63768,141.79,250.00,100,3.00,108.21
63868,141.94,250.00,100,3.00,108.06
63968,142.11,250.00,100,3.00,107.89
64068,142.27,250.00,100,3.00,107.73
64168,142.43,250.00,100,3.00,107.57
64268,142.60,250.00,100,3.00,107.40
64368,142.76,250.00,100,3.00,107.24
64468,142.92,250.00,100,3.00,107.08
64568,143.07,250.00,100,3.00,106.93
64668,143.25,250.00,100,3.00,106.75
64768,143.43,250.00,100,3.00,106.57
64869,143.58,250.00,100,3.00,106.42
64969,143.76,250.00,100,3.00,106.24
65068,143.92,250.00,100,3.00,106.08
65169,144.08,250.00,100,3.00,105.92
65269,144.23,250.00,100,3.00,105.77
65369,144.38,250.00,100,3.00,105.62
65468,144.55,250.00,100,3.00,105.45
65569,144.72,250.00,100,3.00,105.28
65669,144.90,250.00,100,3.00,105.10
65769,145.05,250.00,100,3.00,104.95
65869,145.20,250.00,100,3.00,104.80
65968,145.36,250.00,100,3.00,104.64
66068,145.52,250.00,100,3.00,104.48
66168,145.69,250.00,100,3.00,104.31
66268,145.84,250.00,100,3.00,104.16
66369,145.99,250.00,100,3.00,104.01
66469,146.14,250.00,100,3.00,103.86
66569,146.30,250.00,100,3.00,103.70
66669,146.47,250.00,100,3.00,103.53
66769,146.65,250.00,100,3.00,103.35
66868,146.81,250.00,100,3.00,103.19
66968,146.97,250.00,100,3.00,103.03
67068,147.13,250.00,100,3.00,102.87
67168,147.29,250.00,100,3.00,102.71
67268,147.44,250.00,100,3.00,102.56
67368,147.60,250.00,100,3.00,102.40
67468,147.74,250.00,100,3.00,102.26
67568,147.89,250.00,100,3.00,102.11
67668,148.05,250.00,100,3.00,101.95
67768,148.22,250.00,100,3.00,101.78
67868,148.39,250.00,100,3.00,101.61
67968,148.55,250.00,100,3.00,101.45
68068,148.71,250.00,100,3.00,101.29
68168,148.87,250.00,100,3.00,101.13
68268,149.03,250.00,100,3.00,100.97
68368,149.17,250.00,100,3.00,100.83
68468,149.32,250.00,100,3.00,100.68
68568,149.47,250.00,100,3.00,100.53
68668,149.64,250.00,100,3.00,100.36
68768,149.78,250.00,100,3.00,100.22
68868,149.93,250.00,100,3.00,100.07
68968,150.10,250.00,100,3.00,99.90
69068,150.27,250.00,100,3.00,99.73
69168,150.42,250.00,100,3.00,99.58
69268,150.58,250.00,100,3.00,99.42
69368,150.74,250.00,100,3.00,99.26
69468,150.89,250.00,100,3.00,99.11
69568,151.07,250.00,100,3.00,98.93
69668,151.22,250.00,100,3.00,98.78
69768,151.37,250.00,100,3.00,98.63
69868,151.53,250.00,100,3.00,98.47
69968,151.70,250.00,100,3.00,98.30
70068,151.87,250.00,100,3.00,98.13
70168,152.02,250.00,100,3.00,97.98
70268,152.18,250.00,100,3.00,97.82
70368,152.34,250.00,100,3.00,97.66
70468,152.48,250.00,100,3.00,97.52
70568,152.64,250.00,100,3.00,97.36
70668,152.78,250.00,100,3.00,97.22
70768,152.94,250.00,100,3.00,97.06
70868,153.09,250.00,100,3.00,96.91
70968,153.24,250.00,100,3.00,96.76
71068,153.41,250.00,100,3.00,96.59
71168,153.57,250.00,100,3.00,96.43
71268,153.73,250.00,100,3.00,96.27
71368,153.88,250.00,100,3.00,96.12
71468,154.05,250.00,100,3.00,95.95
71568,154.21,250.00,100,3.00,95.79
71668,154.35,250.00,100,3.00,95.65
71768,154.52,250.00,100,3.00,95.48
71868,154.68,250.00,100,3.00,95.32
71968,154.84,250.00,100,3.00,95.16
72068,155.00,250.00,100,3.00,95.00
72168,155.16,250.00,100,3.00,94.84
72268,155.32,250.00,100,3.00,94.68
72368,155.47,250.00,100,3.00,94.53
72468,155.63,250.00,100,3.00,94.37
72568,155.79,250.00,100,3.00,94.21
72668,155.94,250.00,100,3.00,94.06
72768,156.10,250.00,100,3.00,93.90
72868,156.25,250.00,100,3.00,93.75
72969,156.39,250.00,100,3.00,93.61
73068,156.55,250.00,100,3.00,93.45
73168,156.71,250.00,100,3.00,93.29
73271,156.86,250.00,100,3.00,93.14
73369,157.02,250.00,100,3.00,92.98
73469,157.17,250.00,100,3.00,92.83
73568,157.32,250.00,100,3.00,92.68
73669,157.49,250.00,100,3.00,92.51
73769,157.65,250.00,100,3.00,92.35
73868,157.81,250.00,100,3.00,92.19
73969,157.95,250.00,100,3.00,92.05
74069,158.10,250.00,100,3.00,91.90
74168,158.24,250.00,100,3.00,91.76
74269,158.40,250.00,100,3.00,91.60
74369,158.53,250.00,100,3.00,91.47
74469,158.68,250.00,100,3.00,91.32
74568,158.84,250.00,100,3.00,91.16
74669,158.98,250.00,100,3.00,91.02
74768,159.14,250.00,100,3.00,90.86
74869,159.29,250.00,100,3.00,90.71
74969,159.44,250.00,100,3.00,90.56
75069,159.57,250.00,100,3.00,90.43
75168,159.74,250.00,100,3.00,90.26
75268,159.90,250.00,100,3.00,90.10
75368,160.05,250.00,100,3.00,89.95
75468,160.19,250.00,100,3.00,89.81
75568,160.34,250.00,100,3.00,89.66
75668,160.49,250.00,100,3.00,89.51
75768,160.62,250.00,100,3.00,89.38
75868,160.80,250.00,100,3.00,89.20
75968,160.95,250.00,100,3.00,89.05
76068,161.11,250.00,100,3.00,88.89
76168,161.26,250.00,100,3.00,88.74
76268,161.41,250.00,100,3.00,88.59
76368,161.57,250.00,100,3.00,88.43
76468,161.73,250.00,100,3.00,88.27
76568,161.87,250.00,100,3.00,88.13
76668,162.01,250.00,100,3.00,87.99
76768,162.15,250.00,100,3.00,87.85
76868,162.29,250.00,100,3.00,87.71
76968,160.45,250.00,100,3.00,89.55
77068,158.80,250.00,100,3.00,91.20
77168,157.35,250.00,100,3.00,92.65
77268,156.04,250.00,100,3.00,93.96
77368,154.88,250.00,100,3.00,95.12
77468,153.84,250.00,100,3.00,96.16
77568,152.93,250.00,100,3.00,97.07
77668,152.12,250.00,100,3.00,97.88
77768,151.40,250.00,100,3.00,98.60
77868,150.77,250.00,100,3.00,99.23
77968,150.20,250.00,100,3.00,99.80
78068,149.71,250.00,100,3.00,100.29
78168,149.29,250.00,100,3.00,100.71
78268,148.93,250.00,100,3.00,101.07
78368,148.61,250.00,100,3.00,101.39
78468,148.33,250.00,100,3.00,101.67
78568,148.08,250.00,100,3.00,101.92
78668,147.87,250.00,100,3.00,102.13
78768,147.68,250.00,100,3.00,102.32
78868,147.53,250.00,100,3.00,102.47
78968,147.41,250.00,100,3.00,102.59
79068,147.31,250.00,100,3.00,102.69
79168,147.24,250.00,100,3.00,102.76
79268,147.20,250.00,100,3.00,102.80
79368,147.16,250.00,100,3.00,102.84
79468,147.14,250.00,100,3.00,102.86
79568,147.13,250.00,100,3.00,102.87
79668,147.15,250.00,100,3.00,102.85
79768,147.17,250.00,100,3.00,102.83
79868,147.20,250.00,100,3.00,102.80
79968,147.23,250.00,100,3.00,102.77
80068,147.28,250.00,100,3.00,102.72
80168,147.34,250.00,100,3.00,102.66
80268,147.41,250.00,100,3.00,102.59
80368,147.48,250.00,100,3.00,102.52
80468,147.56,250.00,100,3.00,102.44
80568,147.64,250.00,100,3.00,102.36
80668,147.72,250.00,100,3.00,102.28
80768,147.79,250.00,100,3.00,102.21
80868,147.87,250.00,100,3.00,102.13
80968,147.96,250.00,100,3.00,102.04
81068,148.07,250.00,100,3.00,101.93
81168,148.15,250.00,100,3.00,101.85
81268,148.26,250.00,100,3.00,101.74
81368,148.36,250.00,100,3.00,101.64
81468,148.48,250.00,100,3.00,101.52
81568,148.59,250.00,100,3.00,101.41
81668,148.70,250.00,100,3.00,101.30
81768,148.81,250.00,100,3.00,101.19
81868,148.92,250.00,100,3.00,101.08
81968,149.04,250.00,100,3.00,100.96
82068,149.15,250.00,100,3.00,100.85
82168,149.28,250.00,100,3.00,100.72
82268,149.39,250.00,100,3.00,100.61
82368,149.50,250.00,100,3.00,100.50
82468,149.62,250.00,100,3.00,100.38
82568,149.73,250.00,100,3.00,100.27
82668,149.84,250.00,100,3.00,100.16
82768,149.96,250.00,100,3.00,100.04
82868,150.06,250.00,100,3.00,99.94
82968,150.17,250.00,100,3.00,99.83
83068,150.28,250.00,100,3.00,99.72
83168,150.39,250.00,100,3.00,99.61
83268,150.50,250.00,100,3.00,99.50
83368,150.62,250.00,100,3.00,99.38
83468,150.74,250.00,100,3.00,99.26
83568,150.85,250.00,100,3.00,99.15
83668,150.97,250.00,100,3.00,99.03
83768,151.10,250.00,100,3.00,98.90
83868,151.22,250.00,100,3.00,98.78
83968,151.34,250.00,100,3.00,98.66
84068,151.46,250.00,100,3.00,98.54
84168,151.57,250.00,100,3.00,98.43
84268,151.71,250.00,100,3.00,98.29
84368,151.83,250.00,100,3.00,98.17
84468,151.97,250.00,100,3.00,98.03
84568,152.08,250.00,100,3.00,97.92
84668,152.20,250.00,100,3.00,97.80
84768,152.32,250.00,100,3.00,97.68
84868,152.44,250.00,100,3.00,97.56
84968,152.56,250.00,100,3.00,97.44
85068,152.68,250.00,100,3.00,97.32
85168,152.79,250.00,100,3.00,97.21
85268,152.91,250.00,100,3.00,97.09
85368,153.03,250.00,100,3.00,96.97
85468,153.15,250.00,100,3.00,96.85
85568,153.27,250.00,100,3.00,96.73
85668,153.39,250.00,100,3.00,96.61
85768,153.51,250.00,100,3.00,96.49
85868,153.63,250.00,100,3.00,96.37
85968,153.76,250.00,100,3.00,96.24
86068,153.87,250.00,100,3.00,96.13
86168,153.98,250.00,100,3.00,96.02
86268,154.08,250.00,100,3.00,95.92
86368,154.21,250.00,100,3.00,95.79
86468,154.32,250.00,100,3.00,95.68
86568,154.45,250.00,100,3.00,95.55
86668,154.58,250.00,100,3.00,95.42
86768,154.70,250.00,100,3.00,95.30
86868,154.82,250.00,100,3.00,95.18
86968,154.93,250.00,100,3.00,95.07
87068,155.05,250.00,100,3.00,94.95
87168,155.17,250.00,100,3.00,94.83
87268,155.29,250.00,100,3.00,94.71
87368,155.41,250.00,100,3.00,94.59
87468,155.51,250.00,100,3.00,94.49
87568,155.63,250.00,100,3.00,94.37
87668,155.75,250.00,100,3.00,94.25
87768,155.87,250.00,100,3.00,94.13
87868,155.98,250.00,100,3.00,94.02
87968,156.10,250.00,100,3.00,93.90
88068,156.22,250.00,100,3.00,93.78
88168,156.35,250.00,100,3.00,93.65
88268,156.46,250.00,100,3.00,93.54
88368,156.57,250.00,100,3.00,93.43
88468,156.67,250.00,100,3.00,93.33
88568,156.79,250.00,100,3.00,93.21
88668,156.92,250.00,100,3.00,93.08
88768,157.03,250.00,100,3.00,92.97
88868,157.14,250.00,100,3.00,92.86
88968,157.27,250.00,100,3.00,92.73
89068,157.39,250.00,100,3.00,92.61
89168,157.51,250.00,100,3.00,92.49
89268,157.62,250.00,100,3.00,92.38
89368,157.74,250.00,100,3.00,92.26
89468,157.87,250.00,100,3.00,92.13
89568,157.98,250.00,100,3.00,92.02
89668,158.09,250.00,100,3.00,91.91
89768,158.21,250.00,100,3.00,91.79
89868,158.32,250.00,100,3.00,91.68
89968,158.44,250.00,100,3.00,91.56
90068,158.56,250.00,100,3.00,91.44
90168,158.68,250.00,100,3.00,91.32
90268,158.80,250.00,100,3.00,91.20
90368,158.92,250.00,100,3.00,91.08
90468,159.04,250.00,100,3.00,90.96
90568,159.15,250.00,100,3.00,90.85
90668,159.27,250.00,100,3.00,90.73
90768,159.38,250.00,100,3.00,90.62
90868,159.48,250.00,100,3.00,90.52
90968,159.60,250.00,100,3.00,90.40
91068,159.73,250.00,100,3.00,90.27
91168,159.83,250.00,100,3.00,90.17
91268,159.96,250.00,100,3.00,90.04
91368,160.06,250.00,100,3.00,89.94
91468,160.18,250.00,100,3.00,89.82
91568,160.30,250.00,100,3.00,89.70
91668,160.41,250.00,100,3.00,89.59
91768,160.53,250.00,100,3.00,89.47
91868,160.64,250.00,100,3.00,89.36
91968,160.75,250.00,100,3.00,89.25
92068,160.86,250.00,100,3.00,89.14
92168,160.98,250.00,100,3.00,89.02
92268,161.09,250.00,100,3.00,88.91
92368,161.22,250.00,100,3.00,88.78
92468,161.33,250.00,100,3.00,88.67
92568,161.43,250.00,100,3.00,88.57
92668,161.56,250.00,100,3.00,88.44
92768,161.67,250.00,100,3.00,88.33
92868,161.79,250.00,100,3.00,88.21
92968,161.91,250.00,100,3.00,88.09
93068,162.03,250.00,100,3.00,87.97
93168,162.14,250.00,100,3.00,87.86
93268,162.25,250.00,100,3.00,87.75
93368,162.36,250.00,100,3.00,87.64
93468,162.47,250.00,100,3.00,87.53
93568,162.58,250.00,100,3.00,87.42
93668,162.71,250.00,100,3.00,87.29
93768,162.80,250.00,100,3.00,87.20
93868,162.91,250.00,100,3.00,87.09
93968,163.03,250.00,100,3.00,86.97
94068,163.15,250.00,100,3.00,86.85
94168,163.27,250.00,100,3.00,86.73
94268,163.38,250.00,100,3.00,86.62
94368,163.47,250.00,100,3.00,86.53
94468,163.57,250.00,100,3.00,86.43
94568,163.69,250.00,100,3.00,86.31
94668,163.79,250.00,100,3.00,86.21
94768,163.91,250.00,100,3.00,86.09
94868,164.03,250.00,100,3.00,85.97
94968,164.15,250.00,100,3.00,85.85
95068,164.27,250.00,100,3.00,85.73
95168,164.38,250.00,100,3.00,85.62
95268,164.48,250.00,100,3.00,85.52
95368,164.58,250.00,100,3.00,85.42
95468,164.69,250.00,100,3.00,85.31
95568,164.79,250.00,100,3.00,85.21
95668,164.90,250.00,100,3.00,85.10
95768,165.00,250.00,100,3.00,85.00
95868,165.12,250.00,100,3.00,84.88
95968,165.24,250.00,100,3.00,84.76
96068,165.36,250.00,100,3.00,84.64
96168,165.49,250.00,100,3.00,84.51
96268,165.61,250.00,100,3.00,84.39
96368,165.72,250.00,100,3.00,84.28
96468,165.85,250.00,100,3.00,84.15
96568,165.96,250.00,100,3.00,84.04
96668,166.09,250.00,100,3.00,83.91
96768,166.19,250.00,100,3.00,83.81
96868,166.31,250.00,100,3.00,83.69
96968,166.42,250.00,100,3.00,83.58
97068,166.53,250.00,100,3.00,83.47
97168,166.64,250.00,100,3.00,83.36
97268,166.74,250.00,100,3.00,83.26
97368,166.84,250.00,100,3.00,83.16
97468,166.94,250.00,100,3.00,83.06
97568,167.06,250.00,100,3.00,82.94
97668,167.16,250.00,100,3.00,82.84
97768,167.28,250.00,100,3.00,82.72
97868,167.40,250.00,100,3.00,82.60
97968,167.50,250.00,100,3.00,82.50
98068,167.61,250.00,100,3.00,82.39
98168,167.72,250.00,100,3.00,82.28
98268,167.82,250.00,100,3.00,82.18
98368,167.94,250.00,100,3.00,82.06
98468,168.06,250.00,100,3.00,81.94
98568,168.18,250.00,100,3.00,81.82
98668,168.30,250.00,100,3.00,81.70
98768,168.41,250.00,100,3.00,81.59
98868,168.52,250.00,100,3.00,81.48
98968,168.64,250.00,100,3.00,81.36
99068,168.75,250.00,100,3.00,81.25
99168,168.88,250.00,100,3.00,81.12
99268,168.99,250.00,100,3.00,81.01
99368,169.09,250.00,100,3.00,80.91
99468,169.20,250.00,100,3.00,80.80
99568,169.30,250.00,100,3.00,80.70
99668,169.42,250.00,100,3.00,80.58
99768,169.51,250.00,100,3.00,80.49
99868,169.62,250.00,100,3.00,80.38
99968,169.72,250.00,100,3.00,80.28
100068,169.83,250.00,100,3.00,80.17
100168,169.94,250.00,100,3.00,80.06
100268,170.06,250.00,100,3.00,79.94
100368,170.18,250.00,100,3.00,79.82
100468,170.30,250.00,100,3.00,79.70
100568,170.41,250.00,100,3.00,79.59
100668,170.51,250.00,100,3.00,79.49
100768,170.62,250.00,100,3.00,79.38
100868,170.74,250.00,100,3.00,79.26
100968,170.85,250.00,100,3.00,79.15
101068,170.96,250.00,100,3.00,79.04
101168,171.08,250.00,100,3.00,78.92
101268,171.19,250.00,100,3.00,78.81
101368,171.31,250.00,100,3.00,78.69
101468,171.42,250.00,100,3.00,78.58
101568,171.53,250.00,100,3.00,78.47
101668,171.63,250.00,100,3.00,78.37
101768,171.74,250.00,100,3.00,78.26
101868,171.83,250.00,100,3.00,78.17
101968,171.94,250.00,100,3.00,78.06
102068,172.06,250.00,100,3.00,77.94
102168,172.18,250.00,100,3.00,77.82
102268,172.29,250.00,100,3.00,77.71
102368,172.40,250.00,100,3.00,77.60
102468,172.51,250.00,100,3.00,77.49
102568,172.62,250.00,100,3.00,77.38
102668,172.73,250.00,100,3.00,77.27
102768,172.85,250.00,100,3.00,77.15
102868,172.96,250.00,100,3.00,77.04
102968,173.07,250.00,100,3.00,76.93
103068,173.16,250.00,100,3.00,76.84
103168,173.27,250.00,100,3.00,76.73
103268,173.38,250.00,100,3.00,76.62
103368,173.49,250.00,100,3.00,76.51
103468,173.61,250.00,100,3.00,76.39
103568,173.72,250.00,100,3.00,76.28
103668,173.85,250.00,100,3.00,76.15
103768,173.95,250.00,100,3.00,76.05
103868,174.06,250.00,100,3.00,75.94
103968,174.16,250.00,100,3.00,75.84
104068,174.28,250.00,100,3.00,75.72
104168,174.40,250.00,100,3.00,75.60
104268,174.49,250.00,100,3.00,75.51
104368,174.60,250.00,100,3.00,75.40
104468,174.71,250.00,100,3.00,75.29
104568,174.81,250.00,100,3.00,75.19
104668,174.92,250.00,100,3.00,75.08
104768,175.03,250.00,100,3.00,74.97
104868,175.14,250.00,100,3.00,74.86
104968,175.26,250.00,100,3.00,74.74
105068,175.38,250.00,100,3.00,74.62
105168,175.48,250.00,100,3.00,74.52
105268,175.59,250.00,100,3.00,74.41
105368,175.70,250.00,100,3.00,74.30
105468,175.81,250.00,100,3.00,74.19
105568,175.91,250.00,100,3.00,74.09
105668,176.01,250.00,100,3.00,73.99
105768,176.13,250.00,100,3.00,73.87
105868,176.23,250.00,100,3.00,73.77
105968,176.33,250.00,100,3.00,73.67
106068,176.42,250.00,100,3.00,73.58
106168,176.53,250.00,100,3.00,73.47
106268,176.62,250.00,100,3.00,73.38
106368,176.74,250.00,100,3.00,73.26
106468,176.85,250.00,100,3.00,73.15
106568,176.96,250.00,100,3.00,73.04
106668,177.08,250.00,100,3.00,72.92
106768,177.19,250.00,100,3.00,72.81
106868,177.31,250.00,100,3.00,72.69
106968,177.42,250.00,100,3.00,72.58
107068,177.53,250.00,100,3.00,72.47
107168,177.63,250.00,100,3.00,72.37
107268,177.73,250.00,100,3.00,72.27
107368,177.84,250.00,100,3.00,72.16
107468,177.93,250.00,100,3.00,72.07
107568,178.03,250.00,100,3.00,71.97
107668,178.13,250.00,100,3.00,71.87
107768,178.24,250.00,100,3.00,71.76
107868,178.36,250.00,100,3.00,71.64
107968,178.46,250.00,100,3.00,71.54
108068,178.56,250.00,100,3.00,71.44
108168,178.66,250.00,100,3.00,71.34
108268,178.76,250.00,100,3.00,71.24
108368,178.88,250.00,100,3.00,71.12
108468,178.99,250.00,100,3.00,71.01
108568,179.10,250.00,100,3.00,70.90
108668,179.20,250.00,100,3.00,70.80
108768,179.29,250.00,100,3.00,70.71
108868,179.39,250.00,100,3.00,70.61
108968,179.49,250.00,100,3.00,70.51
109068,179.59,250.00,100,3.00,70.41
109168,179.69,250.00,100,3.00,70.31
109268,179.82,250.00,100,3.00,70.18
109368,179.93,250.00,100,3.00,70.07
109468,180.04,250.00,100,3.00,69.96
109568,180.15,250.00,100,3.00,69.85
109668,180.25,250.00,100,3.00,69.75
109768,180.35,250.00,100,3.00,69.65
109868,180.44,250.00,100,3.00,69.56
109968,180.56,250.00,100,3.00,69.44
110068,180.65,250.00,100,3.00,69.35
110168,180.76,250.00,100,3.00,69.24
110268,180.84,250.00,100,3.00,69.16
110368,180.94,250.00,100,3.00,69.06
110468,181.05,250.00,100,3.00,68.95
110568,181.14,250.00,100,3.00,68.86
110668,181.24,250.00,100,3.00,68.76
110768,181.35,250.00,100,3.00,68.65
110868,181.45,250.00,100,3.00,68.55
110968,181.55,250.00,100,3.00,68.45
111068,181.66,250.00,100,3.00,68.34
111168,181.77,250.00,100,3.00,68.23
111268,181.89,250.00,100,3.00,68.11
111368,181.98,250.00,100,3.00,68.02
111468,182.09,250.00,100,3.00,67.91
111568,182.17,250.00,100,3.00,67.83
111668,182.28,250.00,100,3.00,67.72
111768,182.39,250.00,100,3.00,67.61
111868,182.48,250.00,100,3.00,67.52
111968,182.58,250.00,100,3.00,67.42
112068,182.69,250.00,100,3.00,67.31
112168,182.80,250.00,100,3.00,67.20
112268,182.91,250.00,100,3.00,67.09
112368,183.00,250.00,100,3.00,67.00
112468,183.11,250.00,100,3.00,66.89
112568,183.23,250.00,100,3.00,66.77
112668,183.34,250.00,100,3.00,66.66
112768,183.44,250.00,100,3.00,66.56
112868,183.54,250.00,100,3.00,66.46
112968,183.65,250.00,100,3.00,66.35
113068,183.77,250.00,100,3.00,66.23
113168,183.87,250.00,100,3.00,66.13
113268,183.98,250.00,100,3.00,66.02
113368,184.09,250.00,100,3.00,65.91
113468,184.20,250.00,100,3.00,65.80
113568,184.30,250.00,100,3.00,65.70
113668,184.40,250.00,100,3.00,65.60
113768,184.51,250.00,100,3.00,65.49
113868,184.63,250.00,100,3.00,65.37
113968,184.73,250.00,100,3.00,65.27
114068,184.82,250.00,100,3.00,65.18
114168,184.92,250.00,100,3.00,65.08
114268,185.01,250.00,100,3.00,64.99
114368,185.12,250.00,100,3.00,64.88
114468,185.22,250.00,100,3.00,64.78
114568,185.32,250.00,100,3.00,64.68
114668,185.41,250.00,100,3.00,64.59
114768,185.51,250.00,100,3.00,64.49
114868,185.62,250.00,100,3.00,64.38
114968,185.72,250.00,100,3.00,64.28
115068,185.83,250.00,100,3.00,64.17
115168,185.93,250.00,100,3.00,64.07
115268,186.03,250.00,100,3.00,63.97
115368,186.13,250.00,100,3.00,63.87
115468,186.24,250.00,100,3.00,63.76
115568,186.34,250.00,100,3.00,63.66
115668,186.42,250.00,100,3.00,63.58
115768,186.54,250.00,100,3.00,63.46
115868,186.65,250.00,100,3.00,63.35
115968,186.76,250.00,100,3.00,63.24
116068,186.86,250.00,100,3.00,63.14
116168,186.97,250.00,100,3.00,63.03
116268,187.07,250.00,100,3.00,62.93
116368,187.17,250.00,100,3.00,62.83
116468,187.27,250.00,100,3.00,62.73
116568,187.36,250.00,100,3.00,62.64
116668,187.46,250.00,100,3.00,62.54
116768,187.55,250.00,100,3.00,62.45
116868,187.65,250.00,100,3.00,62.35
116968,187.76,250.00,100,3.00,62.24
117068,187.87,250.00,100,3.00,62.13
117168,187.96,250.00,100,3.00,62.04
117268,188.06,250.00,100,3.00,61.94
117368,188.16,250.00,100,3.00,61.84
117468,188.27,250.00,100,3.00,61.73
117568,188.38,250.00,100,3.00,61.62
117668,188.47,250.00,100,3.00,61.53
117768,188.56,250.00,100,3.00,61.44
117868,188.68,250.00,100,3.00,61.32
117968,188.78,250.00,100,3.00,61.22
118068,188.88,250.00,100,3.00,61.12
118168,188.96,250.00,100,3.00,61.04
118268,189.05,250.00,100,3.00,60.95
118368,189.14,250.00,100,3.00,60.86
118468,189.21,250.00,100,3.00,60.79
118568,189.32,250.00,100,3.00,60.68
118668,189.41,250.00,100,3.00,60.59
118768,189.51,250.00,100,3.00,60.49
118868,189.64,250.00,100,3.00,60.36
118968,189.72,250.00,100,3.00,60.28
119068,189.82,250.00,100,3.00,60.18
119168,189.92,250.00,100,3.00,60.08
119268,190.01,250.00,100,3.00,59.99
119368,190.11,250.00,100,3.00,59.89
119468,190.21,250.00,100,3.00,59.79
119568,190.32,250.00,100,3.00,59.68
119668,190.43,250.00,100,3.00,59.57
119768,190.54,250.00,100,3.00,59.46
119868,190.63,250.00,100,3.00,59.37
119968,190.73,250.00,100,3.00,59.27
120068,190.82,250.00,100,3.00,59.18
120168,190.92,250.00,100,3.00,59.08
120268,191.00,250.00,100,3.00,59.00
120368,191.09,250.00,100,3.00,58.91
120468,191.21,250.00,100,3.00,58.79
120568,191.30,250.00,100,3.00,58.70
120668,191.39,250.00,100,3.00,58.61
120768,191.48,250.00,100,3.00,58.52
120868,191.57,250.00,100,3.00,58.43
120968,191.68,250.00,100,3.00,58.32
121068,191.76,250.00,100,3.00,58.24
121168,191.86,250.00,100,3.00,58.14
121268,191.95,250.00,100,3.00,58.05
121368,192.05,250.00,100,3.00,57.95
121468,192.15,250.00,100,3.00,57.85
121568,192.26,250.00,100,3.00,57.74
121668,192.36,250.00,100,3.00,57.64
121768,192.46,250.00,100,3.00,57.54
121868,192.55,250.00,100,3.00,57.45
121968,192.65,250.00,100,3.00,57.35
122068,192.73,250.00,100,3.00,57.27
122168,192.84,250.00,100,3.00,57.16
122268,192.92,250.00,100,3.00,57.08
122368,193.02,250.00,100,3.00,56.98
122468,193.13,250.00,100,3.00,56.87
122568,193.23,250.00,100,3.00,56.77
122668,193.30,250.00,100,3.00,56.70
122768,193.40,250.00,100,3.00,56.60
122868,193.49,250.00,100,3.00,56.51
122968,193.59,250.00,100,3.00,56.41
123068,193.67,250.00,100,3.00,56.33
123168,193.78,250.00,100,3.00,56.22
123268,193.89,250.00,100,3.00,56.11
123368,194.00,250.00,100,3.00,56.00
123468,194.11,250.00,100,3.00,55.89
123568,194.21,250.00,100,3.00,55.79
123668,194.31,250.00,100,3.00,55.69
123768,194.41,250.00,100,3.00,55.59
123868,194.51,250.00,100,3.00,55.49
123968,194.59,250.00,100,3.00,55.41
124068,194.68,250.00,100,3.00,55.32
124168,194.79,250.00,100,3.00,55.21
124268,194.89,250.00,100,3.00,55.11
124368,194.99,250.00,100,3.00,55.01
124468,195.08,250.00,100,3.00,54.92
124568,195.17,250.00,100,3.00,54.83
124668,195.26,250.00,100,3.00,54.74
124768,195.35,250.00,100,3.00,54.65
124868,195.45,250.00,100,3.00,54.55
124968,195.52,250.00,100,3.00,54.48
125068,195.62,250.00,100,3.00,54.38
125168,195.73,250.00,100,3.00,54.27
125268,195.83,250.00,100,3.00,54.17
125368,195.93,250.00,100,3.00,54.07
125468,196.02,250.00,100,3.00,53.98
125568,196.11,250.00,100,3.00,53.89
125668,196.20,250.00,100,3.00,53.80
125768,196.29,250.00,100,3.00,53.71
125868,196.39,250.00,100,3.00,53.61
125968,196.50,250.00,100,3.00,53.50
126068,196.61,250.00,100,3.00,53.39
126168,196.68,250.00,100,3.00,53.32
126268,196.77,250.00,100,3.00,53.23
126368,196.87,250.00,100,3.00,53.13
126468,196.97,250.00,100,3.00,53.03
126568,197.07,250.00,100,3.00,52.93
126668,197.15,250.00,100,3.00,52.85
126768,197.24,250.00,100,3.00,52.76
126868,197.31,250.00,100,3.00,52.69
126968,197.41,250.00,100,3.00,52.59
127068,197.50,250.00,100,3.00,52.50
127168,197.61,250.00,100,3.00,52.39
127268,197.72,250.00,100,3.00,52.28
127368,197.80,250.00,100,3.00,52.20
127468,197.88,250.00,100,3.00,52.12
127568,197.98,250.00,100,3.00,52.02
127668,198.06,250.00,100,3.00,51.94
127768,198.15,250.00,100,3.00,51.85
127868,198.24,250.00,100,3.00,51.76
127968,198.35,250.00,100,3.00,51.65
128068,198.46,250.00,100,3.00,51.54
128168,198.55,250.00,100,3.00,51.45
128268,198.64,250.00,100,3.00,51.36
128368,198.75,250.00,100,3.00,51.25
128468,198.85,250.00,100,3.00,51.15
128568,198.96,250.00,100,3.00,51.04
128668,199.04,250.00,100,3.00,50.96
128768,199.12,250.00,100,3.00,50.88
128868,199.20,250.00,100,3.00,50.80
128968,199.29,250.00,100,3.00,50.71
129068,199.38,250.00,100,3.00,50.62
129168,199.50,250.00,100,3.00,50.50
129268,199.60,250.00,100,3.00,50.40
129368,199.70,250.00,100,3.00,50.30
129468,199.79,250.00,100,3.00,50.21
129568,199.88,250.00,100,3.00,50.12
129668,199.97,250.00,100,3.00,50.03
129768,200.05,250.00,100,3.00,49.95
129868,200.14,250.00,100,3.00,49.86
129968,200.24,250.00,100,3.00,49.76
130068,200.35,250.00,100,3.00,49.65
130168,200.46,250.00,100,3.00,49.54
130268,200.55,250.00,100,3.00,49.45
130368,200.64,250.00,100,3.00,49.36
130468,200.75,250.00,100,3.00,49.25
130568,200.84,250.00,100,3.00,49.16
130668,200.95,250.00,100,3.00,49.05
130768,201.05,250.00,100,3.00,48.95
130868,201.15,250.00,100,3.00,48.85
130968,201.24,250.00,100,3.00,48.76
131068,201.31,250.00,100,3.00,48.69
131168,201.41,250.00,100,3.00,48.59
131268,201.49,250.00,100,3.00,48.51
131368,201.58,250.00,100,3.00,48.42
131468,201.70,250.00,100,3.00,48.30
131568,201.77,250.00,100,3.00,48.23
131668,201.86,250.00,100,3.00,48.14
131768,201.95,250.00,100,3.00,48.05
131868,202.03,250.00,100,3.00,47.97
131968,202.12,250.00,100,3.00,47.88
132068,202.22,250.00,100,3.00,47.78
132168,202.33,250.00,100,3.00,47.67
132268,202.43,250.00,100,3.00,47.57
132368,202.54,250.00,100,3.00,47.46
132468,202.60,250.00,100,3.00,47.40
132568,202.70,250.00,100,3.00,47.30
132668,202.79,250.00,100,3.00,47.21
132768,202.88,250.00,100,3.00,47.12
132868,202.97,250.00,100,3.00,47.03
132968,203.06,250.00,100,3.00,46.94
133068,203.14,250.00,100,3.00,46.86
133168,203.23,250.00,100,3.00,46.77
133268,203.33,250.00,100,3.00,46.67
133368,203.42,250.00,100,3.00,46.58
133468,203.52,250.00,100,3.00,46.48
133568,203.61,250.00,100,3.00,46.39
133668,203.70,250.00,100,3.00,46.30
133768,203.79,250.00,100,3.00,46.21
133868,203.87,250.00,100,3.00,46.13
133968,203.95,250.00,100,3.00,46.05
134068,204.04,250.00,100,3.00,45.96
134168,204.13,250.00,100,3.00,45.87
134268,204.25,250.00,100,3.00,45.75
134368,204.35,250.00,100,3.00,45.65
134468,204.43,250.00,100,3.00,45.57
134568,204.52,250.00,100,3.00,45.48
134668,204.58,250.00,100,3.00,45.42
134768,204.68,250.00,100,3.00,45.32
134868,204.79,250.00,100,3.00,45.21
134968,204.87,250.00,100,3.00,45.13
135068,204.97,250.00,100,3.00,45.03
135168,205.08,250.00,100,3.00,44.92
135268,205.17,250.00,100,3.00,44.83
135368,205.25,250.00,100,3.00,44.75
135468,205.33,250.00,100,3.00,44.67
135568,205.42,250.00,100,3.00,44.58
135668,205.52,250.00,100,3.00,44.48
135768,205.61,250.00,100,3.00,44.39
135868,205.70,250.00,100,3.00,44.30
135968,205.80,250.00,100,3.00,44.20
136068,205.88,250.00,100,3.00,44.12
136168,205.97,250.00,100,3.00,44.03
136268,206.05,250.00,100,3.00,43.95
136368,206.15,250.00,100,3.00,43.85
136468,206.25,250.00,100,3.00,43.75
136568,206.35,250.00,100,3.00,43.65
136668,206.44,250.00,100,3.00,43.56
136768,206.54,250.00,100,3.00,43.46
136868,206.63,250.00,100,3.00,43.37
136968,206.73,250.00,100,3.00,43.27
137068,206.80,250.00,100,3.00,43.20
137168,206.89,250.00,100,3.00,43.11
137268,206.96,250.00,100,3.00,43.04
137368,207.04,250.00,100,3.00,42.96
137468,207.12,250.00,100,3.00,42.88
137568,207.18,250.00,100,3.00,42.82
137668,207.26,250.00,100,3.00,42.74
137768,207.36,250.00,100,3.00,42.64
137868,207.45,250.00,100,3.00,42.55
137968,207.54,250.00,100,3.00,42.46
138068,207.64,250.00,100,3.00,42.36
138168,207.71,250.00,100,3.00,42.29
138268,207.80,250.00,100,3.00,42.20
138368,207.89,250.00,100,3.00,42.11
138468,207.99,250.00,100,3.00,42.01
138568,208.07,250.00,100,3.00,41.93
138668,208.14,250.00,100,3.00,41.86
138768,208.24,250.00,100,3.00,41.76
138868,208.36,250.00,100,3.00,41.64
138968,208.45,250.00,100,3.00,41.55
139068,208.54,250.00,100,3.00,41.46
139168,208.61,250.00,100,3.00,41.39
139268,208.68,250.00,100,3.00,41.32
139368,208.76,250.00,100,3.00,41.24
139469,208.84,250.00,100,3.00,41.16
139568,208.94,250.00,100,3.00,41.06
139669,209.03,250.00,100,3.00,40.97
139769,209.10,250.00,100,3.00,40.90
139869,209.17,250.00,100,3.00,40.83
139968,209.24,250.00,100,3.00,40.76
140069,209.33,250.00,100,3.00,40.67
140169,209.42,250.00,100,3.00,40.58
140268,209.52,250.00,100,3.00,40.48
140369,209.60,250.00,100,3.00,40.40
140469,209.69,250.00,100,3.00,40.31
140569,209.78,250.00,100,3.00,40.22
140669,209.87,250.00,100,3.00,40.13
140769,209.95,250.00,100,3.00,40.05
140869,210.02,250.00,100,3.00,39.98
140969,210.08,250.00,100,3.00,39.92
141069,210.17,250.00,100,3.00,39.83
141168,210.26,250.00,100,3.00,39.74
141268,210.34,250.00,100,3.00,39.66
141368,210.45,250.00,100,3.00,39.55
141468,210.54,250.00,100,3.00,39.46
141568,210.65,250.00,100,3.00,39.35
141668,210.75,250.00,100,3.00,39.25
141768,210.83,250.00,100,3.00,39.17
141868,210.91,250.00,100,3.00,39.09
141968,211.01,250.00,100,3.00,38.99
142068,211.07,250.00,100,3.00,38.93
142168,211.16,250.00,100,3.00,38.84
142268,211.27,250.00,100,3.00,38.73
142368,211.34,250.00,100,3.00,38.66
142468,211.45,250.00,100,3.00,38.55
142568,211.52,250.00,100,3.00,38.48
142669,211.60,250.00,100,3.00,38.40
142769,211.68,250.00,100,3.00,38.32
142868,211.79,250.00,100,3.00,38.21
142969,211.90,250.00,100,3.00,38.10
143069,212.00,250.00,100,3.00,38.00
143169,212.10,250.00,100,3.00,37.90
143269,212.14,250.00,100,3.00,37.86
143369,212.23,250.00,100,3.00,37.77
143469,212.31,250.00,100,3.00,37.69
143568,212.37,250.00,100,3.00,37.63
143668,212.44,250.00,100,3.00,37.56
143769,212.54,250.00,100,3.00,37.46
143869,212.60,250.00,100,3.00,37.40
143969,212.67,250.00,100,3.00,37.33
144069,212.74,250.00,100,3.00,37.26
144168,212.81,250.00,100,3.00,37.19
144269,212.90,250.00,100,3.00,37.10
144369,213.00,250.00,100,3.00,37.00
144469,213.09,250.00,100,3.00,36.91
144569,213.16,250.00,100,3.00,36.84
144669,213.24,250.00,100,3.00,36.76
144769,213.33,250.00,100,3.00,36.67
144869,213.42,250.00,100,3.00,36.58
144968,213.51,250.00,100,3.00,36.49
145068,213.57,250.00,100,3.00,36.43
145168,213.65,250.00,100,3.00,36.35
145268,213.74,250.00,100,3.00,36.26
145368,213.83,250.00,100,3.00,36.17
145468,213.93,250.00,100,3.00,36.07
145568,214.04,250.00,100,3.00,35.96
145668,214.12,250.00,100,3.00,35.88
145768,214.20,250.00,100,3.00,35.80
145868,214.29,250.00,100,3.00,35.71
145968,214.37,250.00,100,3.00,35.63
146068,214.46,250.00,100,3.00,35.54
146168,214.56,250.00,100,3.00,35.44
146268,214.65,250.00,100,3.00,35.35
146368,214.73,250.00,100,3.00,35.27
146468,214.81,250.00,100,3.00,35.19
146568,214.91,250.00,100,3.00,35.09
146668,215.00,250.00,100,3.00,35.00
146768,215.09,250.00,100,3.00,34.91
146868,215.19,250.00,100,3.00,34.81
146968,215.26,250.00,100,3.00,34.74
147068,215.34,250.00,100,3.00,34.66
147168,215.40,250.00,100,3.00,34.60
147268,215.49,250.00,100,3.00,34.51
147368,215.57,250.00,100,3.00,34.43
147468,215.67,250.00,100,3.00,34.33
147568,215.75,250.00,100,3.00,34.25
147668,215.83,250.00,100,3.00,34.17
147768,215.91,250.00,100,3.00,34.09
147868,215.97,250.00,100,3.00,34.03
147968,216.07,250.00,100,3.00,33.93
148068,216.15,250.00,100,3.00,33.85
148168,216.24,250.00,100,3.00,33.76
148268,216.31,250.00,100,3.00,33.69
148368,216.41,250.00,100,3.00,33.59
148468,216.51,250.00,100,3.00,33.49
148568,216.62,250.00,100,3.00,33.38
148668,216.69,250.00,100,3.00,33.31
148768,216.80,250.00,100,3.00,33.20
148868,216.89,250.00,100,3.00,33.11
148968,216.96,250.00,100,3.00,33.04
149068,217.06,250.00,100,3.00,32.94
149168,217.16,250.00,100,3.00,32.84
149268,217.24,250.00,100,3.00,32.76
149368,217.30,250.00,100,3.00,32.70
149468,217.40,250.00,100,3.00,32.60
149568,217.51,250.00,100,3.00,32.49
149668,217.57,250.00,100,3.00,32.43
149768,217.68,250.00,100,3.00,32.32
149868,217.80,250.00,100,3.00,32.20
149968,217.88,250.00,100,3.00,32.12
150068,217.96,250.00,100,3.00,32.04
150168,218.03,250.00,100,3.00,31.97
150268,218.12,250.00,100,3.00,31.88
150368,218.18,250.00,100,3.00,31.82
150468,218.26,250.00,100,3.00,31.74
150568,218.34,250.00,100,3.00,31.66
150668,218.44,250.00,100,3.00,31.56
150768,218.51,250.00,100,3.00,31.49
150868,218.60,250.00,100,3.00,31.40
150968,218.70,250.00,100,3.00,31.30
151068,218.77,250.00,100,3.00,31.23
151168,218.87,250.00,100,3.00,31.13
151268,218.95,250.00,100,3.00,31.05
151368,218.99,250.00,100,3.00,31.01
151468,219.10,250.00,100,3.00,30.90
151568,219.19,250.00,100,3.00,30.81
151668,219.28,250.00,100,3.00,30.72
151768,219.37,250.00,100,3.00,30.63
151868,219.44,250.00,100,3.00,30.56
151968,219.51,250.00,100,3.00,30.49
152068,219.59,250.00,100,3.00,30.41
152168,219.68,250.00,100,3.00,30.32
152268,219.75,250.00,100,3.00,30.25
152368,219.84,250.00,100,3.00,30.16
152468,219.90,250.00,100,3.00,30.10
152568,219.96,250.00,100,3.00,30.04
152668,220.05,250.00,100,3.00,29.95
152768,220.15,250.00,100,3.00,29.85
152868,220.23,250.00,100,3.00,29.77
152968,220.33,250.00,100,3.00,29.67
153068,220.43,250.00,100,3.00,29.57
153168,220.53,250.00,100,3.00,29.47
153268,220.63,250.00,100,3.00,29.37
153368,220.70,250.00,100,3.00,29.30
153468,220.79,250.00,100,3.00,29.21
153568,220.88,250.00,100,3.00,29.12
153668,220.97,250.00,100,3.00,29.03
153768,221.06,250.00,100,3.00,28.94
153868,221.13,250.00,100,3.00,28.87
153968,221.24,250.00,100,3.00,28.76
154068,221.31,250.00,100,3.00,28.69
154168,221.40,250.00,100,3.00,28.60
154268,221.49,250.00,100,3.00,28.51
154368,221.57,250.00,100,3.00,28.43
154468,221.64,250.00,100,3.00,28.36
154568,221.75,250.00,100,3.00,28.25
154668,221.83,250.00,100,3.00,28.17
154768,221.92,250.00,100,3.00,28.08
154868,222.01,250.00,100,3.00,27.99
154968,222.10,250.00,100,3.00,27.90
155068,222.19,250.00,100,3.00,27.81
155168,222.28,250.00,100,3.00,27.72
155268,222.35,250.00,100,3.00,27.65
155368,222.44,250.00,100,3.00,27.56
155468,222.55,250.00,99,3.00,27.45
155568,222.62,250.00,100,3.00,27.38
155668,222.67,250.00,100,3.00,27.33
155768,222.75,250.00,100,3.00,27.25
155868,222.85,250.00,98,3.00,27.15
155968,222.91,250.00,100,3.00,27.09
156068,222.98,250.00,100,3.00,27.02
156168,223.10,250.00,95,3.00,26.90
156268,223.16,250.00,100,3.00,26.84
156368,223.24,250.00,98,3.00,26.76
156468,223.30,250.00,100,3.00,26.70
156568,223.39,250.00,97,3.00,26.61
156668,223.49,250.00,95,3.00,26.51
156768,223.57,250.00,98,3.00,26.43
156868,223.64,250.00,97,3.00,26.36
156968,223.71,250.00,98,3.00,26.29
157068,223.84,250.00,91,3.00,26.16
157168,223.94,250.00,93,3.00,26.06
157268,224.02,250.00,95,3.00,25.98
157368,224.10,250.00,95,3.00,25.90
157468,224.17,250.00,96,3.00,25.83
157568,224.24,250.00,95,3.00,25.76
157668,224.32,250.00,95,3.00,25.68
157768,224.37,250.00,96,3.00,25.63
157868,224.45,250.00,94,3.00,25.55
157968,224.54,250.00,93,3.00,25.46
158068,224.64,250.00,91,3.00,25.36
158168,224.74,250.00,90,3.00,25.26
158268,224.84,250.00,90,3.00,25.16
158368,224.94,250.00,90,3.00,25.06
158468,225.02,250.00,91,3.00,24.98
158568,225.06,250.00,95,3.00,24.94
158668,225.13,250.00,92,3.00,24.87
158768,225.24,250.00,88,3.00,24.76
158868,225.31,250.00,92,3.00,24.69
158968,225.38,250.00,90,3.00,24.62
159068,225.48,250.00,88,3.00,24.52
159168,225.56,250.00,89,3.00,24.44
159268,225.62,250.00,91,3.00,24.38
159368,225.70,250.00,89,3.00,24.30
159468,225.78,250.00,89,3.00,24.22
159568,225.85,250.00,89,3.00,24.15
159668,225.94,250.00,87,3.00,24.06
159768,226.02,250.00,87,3.00,23.98
159868,226.08,250.00,89,3.00,23.92
159968,226.16,250.00,87,3.00,23.84
160068,226.23,250.00,88,3.00,23.77
160168,226.30,250.00,88,3.00,23.70
160268,226.36,250.00,88,3.00,23.64
160368,226.44,250.00,86,3.00,23.56
160468,226.50,250.00,87,3.00,23.50
160568,226.58,250.00,86,3.00,23.42
160668,226.68,250.00,83,3.00,23.32
160768,226.75,250.00,85,3.00,23.25
160868,226.82,250.00,86,3.00,23.18
160968,226.90,250.00,84,3.00,23.10
161068,226.98,250.00,83,3.00,23.02
161168,227.07,250.00,83,3.00,22.93
161268,227.17,250.00,80,3.00,22.83
161368,227.23,250.00,85,3.00,22.77
161468,227.33,250.00,81,3.00,22.67
161568,227.41,250.00,82,3.00,22.59
161668,227.47,250.00,83,3.00,22.53
161768,227.56,250.00,80,3.00,22.44
161868,227.66,250.00,79,3.00,22.34
161968,227.71,250.00,83,3.00,22.29
162068,227.79,250.00,80,3.00,22.21
162168,227.88,250.00,80,3.00,22.12
162268,227.94,250.00,81,3.00,22.06
162368,228.03,250.00,79,3.00,21.97
162468,228.11,250.00,78,3.00,21.89
162568,228.18,250.00,80,3.00,21.82
162668,228.28,250.00,77,3.00,21.72
162768,228.34,250.00,80,3.00,21.66
162868,228.44,250.00,76,3.00,21.56
162968,228.55,250.00,75,3.00,21.45
163068,228.61,250.00,78,3.00,21.39
163168,228.69,250.00,77,3.00,21.31
163268,228.78,250.00,75,3.00,21.22
163368,228.86,250.00,76,3.00,21.14
163468,228.92,250.00,78,3.00,21.08
163568,229.01,250.00,74,3.00,20.99
163668,229.08,250.00,77,3.00,20.92
163768,229.14,250.00,77,3.00,20.86
163868,229.20,250.00,76,3.00,20.80
163968,229.28,250.00,75,3.00,20.72
164068,229.33,250.00,76,3.00,20.67
164168,229.42,250.00,73,3.00,20.58
164268,229.51,250.00,73,3.00,20.49
164368,229.58,250.00,74,3.00,20.42
164468,229.67,250.00,72,3.00,20.33
164568,229.76,250.00,71,3.00,20.24
164668,229.80,250.00,76,3.00,20.20
164768,229.86,250.00,74,3.00,20.14
164868,229.92,250.00,74,3.00,20.08
164968,229.98,250.00,74,3.00,20.02
165068,230.06,250.00,72,3.00,19.94
165168,230.11,250.00,74,3.00,19.89
165268,230.17,250.00,72,3.00,19.83
165368,230.23,250.00,73,3.00,19.77
165468,230.30,250.00,71,3.00,19.70
165568,230.34,250.00,74,3.00,19.66
165668,230.38,250.00,74,3.00,19.62
165768,230.45,250.00,71,3.00,19.55
165868,230.49,250.00,74,3.00,19.51
165968,230.56,250.00,70,3.00,19.44
166068,230.64,250.00,69,3.00,19.36
166168,230.70,250.00,70,3.00,19.30
166268,230.78,250.00,69,3.00,19.22
166368,230.83,250.00,71,3.00,19.17
166468,230.90,250.00,69,3.00,19.10
166568,230.94,250.00,72,3.00,19.06
166668,231.02,250.00,67,3.00,18.98
166768,231.06,250.00,72,3.00,18.94
166868,231.12,250.00,68,3.00,18.88
166968,231.19,250.00,69,3.00,18.81
167068,231.23,250.00,70,3.00,18.77
167168,231.30,250.00,67,3.00,18.70
167268,231.37,250.00,67,3.00,18.63
167368,231.42,250.00,69,3.00,18.58
167468,231.45,250.00,70,3.00,18.55
167568,231.52,250.00,67,3.00,18.48
167668,231.56,250.00,69,3.00,18.44
167768,231.59,250.00,69,3.00,18.41
167868,231.65,250.00,67,3.00,18.35
167968,231.70,250.00,68,3.00,18.30
168068,231.75,250.00,68,3.00,18.25
168168,231.81,250.00,66,3.00,18.19
168268,231.85,250.00,68,3.00,18.15
168368,231.90,250.00,67,3.00,18.10
168468,231.94,250.00,68,3.00,18.06
168568,231.98,250.00,67,3.00,18.02
168668,232.01,250.00,68,3.00,17.99
168768,232.08,250.00,65,3.00,17.92
168868,232.11,250.00,68,3.00,17.89
168968,232.15,250.00,66,3.00,17.85
169068,232.18,250.00,69,3.00,17.82
169168,232.25,250.00,63,3.00,17.75
169268,232.32,250.00,63,3.00,17.68
169368,232.39,250.00,63,3.00,17.61
169468,232.44,250.00,65,3.00,17.56
169568,232.46,250.00,67,3.00,17.54
169668,232.51,250.00,64,3.00,17.49
169768,232.58,250.00,62,3.00,17.42
169868,232.60,250.00,67,3.00,17.40
169968,232.64,250.00,65,3.00,17.36
170068,232.67,250.00,66,3.00,17.33
170168,232.75,250.00,60,3.00,17.25
170268,232.81,250.00,63,3.00,17.19
170368,232.84,250.00,65,3.00,17.16
170468,232.89,250.00,63,3.00,17.11
170568,232.91,250.00,66,3.00,17.09
170668,232.95,250.00,64,3.00,17.05
170768,233.00,250.00,62,3.00,17.00
170868,233.05,250.00,62,3.00,16.95
170968,233.09,250.00,63,3.00,16.91
171068,233.13,250.00,63,3.00,16.87
171168,233.15,250.00,65,3.00,16.85
171268,233.18,250.00,63,3.00,16.82
171368,233.24,250.00,61,3.00,16.76
171468,233.30,250.00,61,3.00,16.70
171568,233.34,250.00,61,3.00,16.66
171668,233.36,250.00,65,3.00,16.64
171768,233.41,250.00,61,3.00,16.59
171868,233.46,250.00,60,3.00,16.54
171968,233.48,250.00,64,3.00,16.52
172068,233.50,250.00,63,3.00,16.50
172168,233.53,250.00,63,3.00,16.47
172268,233.57,250.00,61,3.00,16.43
172368,233.61,250.00,61,3.00,16.39
172468,233.62,250.00,64,3.00,16.38
172568,233.64,250.00,62,3.00,16.36
172668,233.66,250.00,64,3.00,16.34
172768,233.69,250.00,62,3.00,16.31
172868,233.70,250.00,63,3.00,16.30
172968,233.74,250.00,61,3.00,16.26
173068,233.74,250.00,64,3.00,16.26
173168,233.77,250.00,61,3.00,16.23
173268,233.77,250.00,64,3.00,16.23
173368,233.81,250.00,61,3.00,16.19
173468,233.84,250.00,61,3.00,16.16
173568,233.86,250.00,62,3.00,16.14
173668,233.90,250.00,60,3.00,16.10
173768,233.90,250.00,64,3.00,16.10
173868,233.93,250.00,60,3.00,16.07
173968,233.94,250.00,63,3.00,16.06
174068,233.95,250.00,63,3.00,16.05
174168,233.98,250.00,61,3.00,16.02
174268,234.00,250.00,62,3.00,16.00
174368,234.03,250.00,60,3.00,15.97
174468,234.07,250.00,59,3.00,15.93
174568,234.09,250.00,61,3.00,15.91
174668,234.10,250.00,62,3.00,15.90
174768,234.15,250.00,59,3.00,15.85
174868,234.16,250.00,62,3.00,15.84
174968,234.18,250.00,60,3.00,15.82
175068,234.21,250.00,60,3.00,15.79
175168,234.20,250.00,63,3.00,15.80
175268,234.22,250.00,60,3.00,15.78
175368,234.21,250.00,64,3.00,15.79
175468,234.25,250.00,58,3.00,15.75
175568,234.24,250.00,64,3.00,15.76
175668,234.26,250.00,61,3.00,15.74
175768,234.28,250.00,60,3.00,15.72
175868,234.32,250.00,59,3.00,15.68
175968,234.35,250.00,59,3.00,15.65
176068,234.34,250.00,63,3.00,15.66
176168,234.32,250.00,64,3.00,15.68
176268,234.36,250.00,58,3.00,15.64
176367,234.39,250.00,58,3.00,15.61
176468,234.40,250.00,62,3.00,15.60
176568,234.40,250.00,62,3.00,15.60
176668,234.38,250.00,64,3.00,15.62
176768,234.40,250.00,61,3.00,15.60
176868,234.39,250.00,63,3.00,15.61
176967,234.45,250.00,56,3.00,15.55
177068,234.45,250.00,62,3.00,15.55
177167,234.46,250.00,61,3.00,15.54
177267,234.50,250.00,57,3.00,15.50
177368,234.48,250.00,63,3.00,15.52
177467,234.47,250.00,63,3.00,15.53
177568,234.50,250.00,58,3.00,15.50
177667,234.51,250.00,61,3.00,15.49
177767,234.50,250.00,62,3.00,15.50
177867,234.52,250.00,59,3.00,15.48
177968,234.53,250.00,60,3.00,15.47
178068,234.57,250.00,57,3.00,15.43
178168,234.58,250.00,60,3.00,15.42
178268,234.57,250.00,63,3.00,15.43
178368,234.57,250.00,61,3.00,15.43
178467,234.59,250.00,60,3.00,15.41
178568,234.58,250.00,62,3.00,15.42
178667,234.56,250.00,63,3.00,15.44
178767,234.55,250.00,63,3.00,15.45
178867,234.55,250.00,62,3.00,15.45
178967,234.55,250.00,62,3.00,15.45
179067,234.58,250.00,58,3.00,15.42
179167,234.59,250.00,60,3.00,15.41
179267,234.59,250.00,62,3.00,15.41
179367,234.58,250.00,62,3.00,15.42
179467,234.62,250.00,57,3.00,15.38
179567,234.63,250.00,60,3.00,15.37
179667,234.61,250.00,63,3.00,15.39
179767,234.59,250.00,63,3.00,15.41
179867,234.59,250.00,62,3.00,15.41
179967,234.64,250.00,56,3.00,15.36
180067,234.65,250.00,59,3.00,15.35
180167,234.67,250.00,59,3.00,15.33
180267,234.68,250.00,59,3.00,15.32
180367,234.69,250.00,60,3.00,15.31
180467,234.67,250.00,62,3.00,15.33
180567,234.66,250.00,62,3.00,15.34
180667,234.67,250.00,59,3.00,15.33
180767,234.67,250.00,60,3.00,15.33
180867,234.65,250.00,63,3.00,15.35
180967,234.64,250.00,62,3.00,15.36
181067,234.61,250.00,64,3.00,15.39
181167,234.62,250.00,60,3.00,15.38
181267,234.61,250.00,62,3.00,15.39
181367,234.64,250.00,58,3.00,15.36
181467,234.64,250.00,61,3.00,15.36
181567,234.62,250.00,62,3.00,15.38
181667,234.63,250.00,60,3.00,15.37
181767,234.61,250.00,63,3.00,15.39
181867,234.59,250.00,63,3.00,15.41
181967,234.61,250.00,60,3.00,15.39
182067,234.65,250.00,57,3.00,15.35
182167,234.62,250.00,63,3.00,15.38
182267,234.63,250.00,60,3.00,15.37
182367,234.64,250.00,60,3.00,15.36
182467,234.62,250.00,63,3.00,15.38
182567,234.65,250.00,58,3.00,15.35
182668,234.66,250.00,59,3.00,15.34
182767,234.67,250.00,60,3.00,15.33
182868,234.67,250.00,60,3.00,15.33
182967,234.62,250.00,66,3.00,15.38
183068,234.61,250.00,62,3.00,15.39
183168,234.58,250.00,64,3.00,15.42
183268,234.59,250.00,61,3.00,15.41
183368,234.59,250.00,61,3.00,15.41
183468,234.56,250.00,64,3.00,15.44
183568,234.58,250.00,60,3.00,15.42
183668,234.55,250.00,65,3.00,15.45
183767,234.55,250.00,61,3.00,15.45
183868,234.54,250.00,63,3.00,15.46
183968,234.56,250.00,60,3.00,15.44
184068,234.57,250.00,60,3.00,15.43
184168,234.54,250.00,65,3.00,15.46
184268,234.54,250.00,62,3.00,15.46
184367,234.53,250.00,62,3.00,15.47
184468,234.48,250.00,66,3.00,15.52
184568,234.47,250.00,63,3.00,15.53
184668,234.43,250.00,65,3.00,15.57
184767,234.41,250.00,64,3.00,15.59
184868,234.42,250.00,62,3.00,15.58
184967,234.40,250.00,64,3.00,15.60
185067,234.35,250.00,66,3.00,15.65
185167,234.34,250.00,63,3.00,15.66
185267,234.35,250.00,61,3.00,15.65
185367,234.36,250.00,61,3.00,15.64
185467,234.33,250.00,65,3.00,15.67
185567,234.32,250.00,63,3.00,15.68
185667,234.30,250.00,64,3.00,15.70
185767,234.30,250.00,63,3.00,15.70
185867,234.26,250.00,66,3.00,15.74
185967,234.27,250.00,62,3.00,15.73
186067,234.28,250.00,62,3.00,15.72
186167,234.26,250.00,64,3.00,15.74
186267,234.24,250.00,65,3.00,15.76
186367,234.24,250.00,63,3.00,15.76
186467,234.24,250.00,63,3.00,15.76
186567,234.25,250.00,62,3.00,15.75
186667,234.24,250.00,64,3.00,15.76
186767,234.22,250.00,65,3.00,15.78
186867,234.19,250.00,65,3.00,15.81
186967,234.17,250.00,65,3.00,15.83
187067,234.16,250.00,64,3.00,15.84
187167,234.13,250.00,66,3.00,15.87
187267,234.13,250.00,63,3.00,15.87
187367,234.10,250.00,66,3.00,15.90
187467,234.09,250.00,65,3.00,15.91
187567,234.10,250.00,63,3.00,15.90
187667,234.10,250.00,63,3.00,15.90
187767,234.09,250.00,65,3.00,15.91
187867,234.08,250.00,64,3.00,15.92
187967,234.04,250.00,67,3.00,15.96
188067,234.01,250.00,66,3.00,15.99
188167,234.03,250.00,62,3.00,15.97
188267,234.02,250.00,64,3.00,15.98
188367,234.00,250.00,65,3.00,16.00
188467,233.97,250.00,67,3.00,16.03
188567,233.98,250.00,63,3.00,16.02
188667,234.00,250.00,62,3.00,16.00
188767,233.99,250.00,64,3.00,16.01
188867,233.99,250.00,64,3.00,16.01
188967,233.98,250.00,65,3.00,16.02
189067,233.97,250.00,65,3.00,16.03
189167,233.96,250.00,65,3.00,16.04
189267,233.94,250.00,66,3.00,16.06
189367,233.96,250.00,62,3.00,16.04
189467,234.00,250.00,60,3.00,16.00
189567,234.02,250.00,61,3.00,15.98
189667,234.00,250.00,65,3.00,16.00
189767,234.01,250.00,63,3.00,15.99
189867,234.00,250.00,64,3.00,16.00
189967,233.99,250.00,65,3.00,16.01
190067,233.96,250.00,67,3.00,16.04
190167,233.93,250.00,67,3.00,16.07
190267,233.95,250.00,62,3.00,16.05
190367,233.94,250.00,65,3.00,16.06
190467,233.93,250.00,65,3.00,16.07
190567,233.94,250.00,64,3.00,16.06
190667,233.94,250.00,64,3.00,16.06
190767,233.96,250.00,62,3.00,16.04
190867,233.93,250.00,67,3.00,16.07
190967,233.93,250.00,64,3.00,16.07
191067,233.92,250.00,65,3.00,16.08
191167,233.94,250.00,61,3.00,16.06
191267,233.92,250.00,66,3.00,16.08
191367,233.92,250.00,64,3.00,16.08
191467,233.91,250.00,64,3.00,16.09
191567,233.92,250.00,63,3.00,16.08
191667,233.92,250.00,63,3.00,16.08
191767,233.91,250.00,65,3.00,16.09
191867,233.90,250.00,64,3.00,16.10
191967,233.88,250.00,66,3.00,16.12
192067,233.86,250.00,66,3.00,16.14
192167,233.84,250.00,66,3.00,16.16
192267,233.85,250.00,63,3.00,16.15
192367,233.85,250.00,64,3.00,16.15
192467,233.84,250.00,66,3.00,16.16
192567,233.83,250.00,65,3.00,16.17
192667,233.80,250.00,67,3.00,16.20
192767,233.81,250.00,64,3.00,16.19
192867,233.79,250.00,67,3.00,16.21
192967,233.76,250.00,67,3.00,16.24
193067,233.75,250.00,65,3.00,16.25
193167,233.73,250.00,66,3.00,16.27
193267,233.72,250.00,66,3.00,16.28
193367,233.72,250.00,64,3.00,16.28
193467,233.70,250.00,67,3.00,16.30
193567,233.71,250.00,64,3.00,16.29
193667,233.68,250.00,67,3.00,16.32
193767,233.70,250.00,63,3.00,16.30
193867,233.71,250.00,64,3.00,16.29
193967,233.71,250.00,65,3.00,16.29
194067,233.68,250.00,67,3.00,16.32
194167,233.69,250.00,64,3.00,16.31
194267,233.70,250.00,64,3.00,16.30
194367,233.70,250.00,65,3.00,16.30
194467,233.70,250.00,65,3.00,16.30
194567,233.68,250.00,67,3.00,16.32
194667,233.67,250.00,66,3.00,16.33
194767,233.67,250.00,65,3.00,16.33
194867,233.67,250.00,65,3.00,16.33
194967,233.64,250.00,68,3.00,16.36
195067,233.62,250.00,67,3.00,16.38
195167,233.62,250.00,64,3.00,16.38
195267,233.60,250.00,67,3.00,16.40
195367,233.59,250.00,66,3.00,16.41
195467,233.61,250.00,63,3.00,16.39
195567,233.59,250.00,66,3.00,16.41
195667,233.59,250.00,65,3.00,16.41
195767,233.57,250.00,67,3.00,16.43
195867,233.56,250.00,67,3.00,16.44
195967,233.51,250.00,70,3.00,16.49
196067,233.53,250.00,64,3.00,16.47
196167,233.52,250.00,66,3.00,16.48
196267,233.51,250.00,67,3.00,16.49
196367,233.47,250.00,70,3.00,16.53
196467,233.48,250.00,64,3.00,16.52
196567,233.48,250.00,66,3.00,16.52
196667,233.48,250.00,66,3.00,16.52
196767,233.46,250.00,67,3.00,16.54
196867,233.43,250.00,68,3.00,16.57
196967,233.44,250.00,65,3.00,16.56
197067,233.43,250.00,67,3.00,16.57
197167,233.40,250.00,68,3.00,16.60
197267,233.40,250.00,66,3.00,16.60
197367,233.39,250.00,67,3.00,16.61
197467,233.39,250.00,66,3.00,16.61
197567,233.42,250.00,63,3.00,16.58
197667,233.42,250.00,66,3.00,16.58
197767,233.43,250.00,65,3.00,16.57
197867,233.40,250.00,68,3.00,16.60
197967,233.39,250.00,67,3.00,16.61
198067,233.38,250.00,68,3.00,16.62
198167,233.38,250.00,66,3.00,16.62
198267,233.35,250.00,69,3.00,16.65
198367,233.37,250.00,65,3.00,16.63
198467,233.34,250.00,69,3.00,16.66
198567,233.32,250.00,68,3.00,16.68
198667,233.35,250.00,63,3.00,16.65
198767,233.36,250.00,66,3.00,16.64
198867,233.39,250.00,63,3.00,16.61
198967,233.38,250.00,67,3.00,16.62
199067,233.40,250.00,64,3.00,16.60
199167,233.41,250.00,65,3.00,16.59
199267,233.40,250.00,67,3.00,16.60
199367,233.41,250.00,65,3.00,16.59
199467,233.40,250.00,67,3.00,16.60
199567,233.40,250.00,66,3.00,16.60
199667,233.41,250.00,65,3.00,16.59
199767,233.40,250.00,67,3.00,16.60
199867,233.42,250.00,64,3.00,16.58
199967,233.45,250.00,62,3.00,16.55
200067,233.49,250.00,61,3.00,16.51
200167,233.47,250.00,67,3.00,16.53
200267,233.47,250.00,65,3.00,16.53
200367,233.44,250.00,69,3.00,16.56
200467,233.43,250.00,66,3.00,16.57
200567,233.41,250.00,68,3.00,16.59
200667,233.43,250.00,64,3.00,16.57
200767,233.41,250.00,68,3.00,16.59
200867,233.40,250.00,67,3.00,16.60
200967,233.40,250.00,66,3.00,16.60
201067,233.42,250.00,64,3.00,16.58
201167,233.42,250.00,65,3.00,16.58
201267,233.40,250.00,68,3.00,16.60
201367,233.41,250.00,65,3.00,16.59
201467,233.41,250.00,66,3.00,16.59
201567,233.40,250.00,67,3.00,16.60
201667,233.39,250.00,67,3.00,16.61
201767,233.39,250.00,66,3.00,16.61
201867,233.38,250.00,67,3.00,16.62
201967,233.39,250.00,65,3.00,16.61
202067,233.37,250.00,68,3.00,16.63
202167,233.39,250.00,64,3.00,16.61
202267,233.36,250.00,70,3.00,16.64
202367,233.38,250.00,64,3.00,16.62
202467,233.35,250.00,69,3.00,16.65
202567,233.35,250.00,67,3.00,16.65
202667,233.33,250.00,69,3.00,16.67
202767,233.30,250.00,68,3.00,16.70
202867,233.32,250.00,64,3.00,16.68
202967,233.33,250.00,65,3.00,16.67
203067,233.33,250.00,66,3.00,16.67
203167,233.32,250.00,67,3.00,16.68
203267,233.33,250.00,64,3.00,16.67
203367,233.37,250.00,63,3.00,16.63
203467,233.37,250.00,66,3.00,16.63
203567,233.37,250.00,66,3.00,16.63
203667,233.36,250.00,68,3.00,16.64
203767,233.37,250.00,65,3.00,16.63
203867,233.37,250.00,66,3.00,16.63
203967,233.36,250.00,68,3.00,16.64
204067,233.37,250.00,65,3.00,16.63
204167,233.35,250.00,68,3.00,16.65
204267,233.35,250.00,67,3.00,16.65
204367,233.33,250.00,68,3.00,16.67
204467,233.34,250.00,66,3.00,16.66
204567,233.32,250.00,68,3.00,16.68
204667,233.32,250.00,66,3.00,16.68
204767,233.34,250.00,63,3.00,16.66
204867,233.35,250.00,66,3.00,16.65
204967,233.37,250.00,64,3.00,16.63
205067,233.37,250.00,67,3.00,16.63
205167,233.38,250.00,65,3.00,16.62
205267,233.36,250.00,68,3.00,16.64
205367,233.38,250.00,64,3.00,16.62
205467,233.37,250.00,67,3.00,16.63
205567,233.35,250.00,69,3.00,16.65
205667,233.37,250.00,64,3.00,16.63
205767,233.37,250.00,66,3.00,16.63
205867,233.38,250.00,66,3.00,16.62
205967,233.41,250.00,63,3.00,16.59
206067,233.41,250.00,66,3.00,16.59
206167,233.42,250.00,64,3.00,16.58
206267,233.44,250.00,64,3.00,16.56
206367,233.44,250.00,66,3.00,16.56
206467,233.42,250.00,67,3.00,16.58
206567,233.43,250.00,65,3.00,16.57
206667,233.42,250.00,67,3.00,16.58
206767,233.43,250.00,64,3.00,16.57
206867,233.41,250.00,68,3.00,16.59
206967,233.41,250.00,66,3.00,16.59
207067,233.44,250.00,63,3.00,16.56
207167,233.43,250.00,66,3.00,16.57
207267,233.44,250.00,65,3.00,16.56
207367,233.46,250.00,63,3.00,16.54
207467,233.49,250.00,62,3.00,16.51
207567,233.52,250.00,63,3.00,16.48
207667,233.50,250.00,68,3.00,16.50
207767,233.50,250.00,66,3.00,16.50
207867,233.50,250.00,66,3.00,16.50
207967,233.50,250.00,66,3.00,16.50
208067,233.50,250.00,65,3.00,16.50
208167,233.49,250.00,67,3.00,16.51
208267,233.50,250.00,65,3.00,16.50
208367,233.53,250.00,63,3.00,16.47
208467,233.55,250.00,63,3.00,16.45
208567,233.55,250.00,66,3.00,16.45
208667,233.55,250.00,65,3.00,16.45
208767,233.53,250.00,67,3.00,16.47
208867,233.53,250.00,66,3.00,16.47
208967,233.51,250.00,68,3.00,16.49
209067,233.52,250.00,65,3.00,16.48
209167,233.54,250.00,63,3.00,16.46
209267,233.57,250.00,62,3.00,16.43
209367,233.59,250.00,63,3.00,16.41
209467,233.60,250.00,64,3.00,16.40
209567,233.63,250.00,62,3.00,16.37
209667,233.67,250.00,61,3.00,16.33
209767,233.67,250.00,65,3.00,16.33
209867,233.69,250.00,63,3.00,16.31
209967,233.69,250.00,65,3.00,16.31
210067,233.70,250.00,64,3.00,16.30
210167,233.71,250.00,63,3.00,16.29
210267,233.71,250.00,65,3.00,16.29
210367,233.73,250.00,62,3.00,16.27
210467,233.73,250.00,65,3.00,16.27
210567,233.76,250.00,61,3.00,16.24
210667,233.78,250.00,62,3.00,16.22
210767,233.81,250.00,62,3.00,16.19
210867,233.79,250.00,66,3.00,16.21
210967,233.80,250.00,64,3.00,16.20
211067,233.82,250.00,63,3.00,16.18
211167,233.82,250.00,64,3.00,16.18
211267,233.82,250.00,65,3.00,16.18
211367,233.85,250.00,61,3.00,16.15
211467,233.85,250.00,64,3.00,16.15
211567,233.86,250.00,63,3.00,16.14
211667,233.89,250.00,61,3.00,16.11
211767,233.92,250.00,60,3.00,16.08
211867,233.91,250.00,65,3.00,16.09
211967,233.91,250.00,63,3.00,16.09
212067,233.91,250.00,64,3.00,16.09
212167,233.94,250.00,60,3.00,16.06
212267,233.95,250.00,63,3.00,16.05
212367,233.96,250.00,63,3.00,16.04
212467,233.97,250.00,63,3.00,16.03
212567,233.97,250.00,64,3.00,16.03
212667,233.97,250.00,64,3.00,16.03
212767,233.99,250.00,62,3.00,16.01
212867,234.02,250.00,60,3.00,15.98
212967,234.01,250.00,65,3.00,15.99
213067,234.02,250.00,62,3.00,15.98
213167,233.99,250.00,66,3.00,16.01
213267,233.99,250.00,64,3.00,16.01
213367,234.01,250.00,62,3.00,15.99
213467,234.01,250.00,63,3.00,15.99
213567,234.01,250.00,63,3.00,15.99
213667,234.03,250.00,62,3.00,15.97
213767,234.05,250.00,61,3.00,15.95
213867,234.09,250.00,59,3.00,15.91
213967,234.07,250.00,65,3.00,15.93
214067,234.08,250.00,62,3.00,15.92
214167,234.08,250.00,63,3.00,15.92
214267,234.10,250.00,61,3.00,15.90
214367,234.14,250.00,60,3.00,15.86
214467,234.12,250.00,65,3.00,15.88
214567,234.13,250.00,62,3.00,15.87
214667,234.12,250.00,64,3.00,15.88
214767,234.12,250.00,63,3.00,15.88
214867,234.12,250.00,64,3.00,15.88
214967,234.11,250.00,64,3.00,15.89
215067,234.10,250.00,64,3.00,15.90
215167,234.13,250.00,61,3.00,15.87
215267,234.15,250.00,61,3.00,15.85
215367,234.15,250.00,63,3.00,15.85
215467,234.14,250.00,64,3.00,15.86
215567,234.15,250.00,62,3.00,15.85
215667,234.17,250.00,61,3.00,15.83
215767,234.16,250.00,64,3.00,15.84
215867,234.20,250.00,58,3.00,15.80
215967,234.20,250.00,63,3.00,15.80
216067,234.21,250.00,61,3.00,15.79
216167,234.24,250.00,59,3.00,15.76
216267,234.23,250.00,64,3.00,15.77
216367,234.26,250.00,60,3.00,15.74
216467,234.29,250.00,60,3.00,15.71
216567,234.29,250.00,62,3.00,15.71
216667,234.31,250.00,61,3.00,15.69
216767,234.30,250.00,63,3.00,15.70
216867,234.36,250.00,56,3.00,15.64
216967,234.34,250.00,64,3.00,15.66
217067,234.33,250.00,63,3.00,15.67
217167,234.31,250.00,64,3.00,15.69
217267,234.32,250.00,61,3.00,15.68
217367,234.29,250.00,65,3.00,15.71
217467,234.34,250.00,58,3.00,15.66
217567,234.36,250.00,59,3.00,15.64
217667,234.36,250.00,62,3.00,15.64
217767,234.37,250.00,61,3.00,15.63
217867,234.35,250.00,64,3.00,15.65
217967,234.37,250.00,59,3.00,15.63
218067,234.39,250.00,60,3.00,15.61
218167,234.40,250.00,61,3.00,15.60
218267,234.43,250.00,59,3.00,15.57
218367,234.45,250.00,60,3.00,15.55
218467,234.48,250.00,59,3.00,15.52
218567,234.50,250.00,59,3.00,15.50
218667,234.49,250.00,62,3.00,15.51
218767,234.53,250.00,58,3.00,15.47
218867,234.53,250.00,61,3.00,15.47
218967,234.53,250.00,60,3.00,15.47
219067,234.53,250.00,61,3.00,15.47
219167,234.55,250.00,59,3.00,15.45
219267,234.55,250.00,62,3.00,15.45
219367,234.57,250.00,60,3.00,15.43
219467,234.59,250.00,59,3.00,15.41
219567,234.58,250.00,62,3.00,15.42
219667,234.61,250.00,58,3.00,15.39
219767,234.62,250.00,61,3.00,15.38
219867,234.64,250.00,58,3.00,15.36
219967,234.67,250.00,58,3.00,15.33
220067,234.69,250.00,58,3.00,15.31
220167,234.69,250.00,62,3.00,15.31
220267,234.70,250.00,59,3.00,15.30
220367,234.73,250.00,58,3.00,15.27
220467,234.72,250.00,62,3.00,15.28
220567,234.74,250.00,59,3.00,15.26
220667,234.76,250.00,58,3.00,15.24
220767,234.75,250.00,62,3.00,15.25
220867,234.76,250.00,59,3.00,15.24
220967,234.81,250.00,56,3.00,15.19
221067,234.80,250.00,61,3.00,15.20
221167,234.78,250.00,62,3.00,15.22
221267,234.79,250.00,59,3.00,15.21
221367,234.79,250.00,60,3.00,15.21
221467,234.78,250.00,61,3.00,15.22
221567,234.76,250.00,63,3.00,15.24
221667,234.80,250.00,56,3.00,15.20
221767,234.85,250.00,55,3.00,15.15
221867,234.85,250.00,61,3.00,15.15
221967,234.86,250.00,59,3.00,15.14
222067,234.84,250.00,63,3.00,15.16
222167,234.86,250.00,57,3.00,15.14
222267,234.85,250.00,62,3.00,15.15
222367,234.83,250.00,62,3.00,15.17
222467,234.83,250.00,60,3.00,15.17
222567,234.84,250.00,59,3.00,15.16
222667,234.84,250.00,60,3.00,15.16
222767,234.84,250.00,59,3.00,15.16
222867,234.83,250.00,61,3.00,15.17
222967,234.85,250.00,58,3.00,15.15
223067,234.87,250.00,58,3.00,15.13
223167,234.86,250.00,61,3.00,15.14
223267,234.85,250.00,62,3.00,15.15
223367,234.86,250.00,60,3.00,15.14
223467,234.84,250.00,62,3.00,15.16
223567,234.85,250.00,59,3.00,15.15
223667,234.81,250.00,63,3.00,15.19
223767,234.81,250.00,60,3.00,15.19
223867,234.83,250.00,58,3.00,15.17
223967,234.83,250.00,60,3.00,15.17
224067,234.84,250.00,59,3.00,15.16
224167,234.83,250.00,61,3.00,15.17
224267,234.86,250.00,56,3.00,15.14
224367,234.85,250.00,62,3.00,15.15
224467,234.82,250.00,62,3.00,15.18
224567,234.83,250.00,59,3.00,15.17
224667,234.82,250.00,61,3.00,15.18
224767,234.82,250.00,60,3.00,15.18
224867,234.83,250.00,59,3.00,15.17
224967,234.81,250.00,62,3.00,15.19
225067,234.83,250.00,58,3.00,15.17
225167,234.86,250.00,56,3.00,15.14
225267,234.88,250.00,59,3.00,15.12
225367,234.86,250.00,62,3.00,15.14
225467,234.86,250.00,60,3.00,15.14
225567,234.86,250.00,61,3.00,15.14
225667,234.86,250.00,60,3.00,15.14
225767,234.87,250.00,60,3.00,15.13
225867,234.89,250.00,58,3.00,15.11
225967,234.90,250.00,59,3.00,15.10
226067,234.90,250.00,60,3.00,15.10
226167,234.91,250.00,59,3.00,15.09
226267,234.89,250.00,62,3.00,15.11
226367,234.93,250.00,56,3.00,15.07
226467,234.92,250.00,61,3.00,15.08
226567,234.91,250.00,61,3.00,15.09
226667,234.92,250.00,59,3.00,15.08
226767,234.91,250.00,60,3.00,15.09
226867,234.93,250.00,58,3.00,15.07
226967,234.94,250.00,59,3.00,15.06
227067,234.93,250.00,61,3.00,15.07
227167,234.94,250.00,58,3.00,15.06
227267,234.93,250.00,61,3.00,15.07
227367,234.95,250.00,58,3.00,15.05
227467,234.98,250.00,56,3.00,15.02
227567,235.00,250.00,58,3.00,15.00
227667,234.97,250.00,62,3.00,15.03
227767,234.97,250.00,59,3.00,15.03
227867,234.94,250.00,63,3.00,15.06
227967,234.94,250.00,60,3.00,15.06
228067,234.96,250.00,57,3.00,15.04
228167,234.96,250.00,60,3.00,15.04
228267,234.95,250.00,60,3.00,15.05
228367,234.95,250.00,60,3.00,15.05
228467,234.97,250.00,57,3.00,15.03
228567,234.94,250.00,62,3.00,15.06
228667,234.91,250.00,63,3.00,15.09
228767,234.91,250.00,60,3.00,15.09
228867,234.91,250.00,60,3.00,15.09
228967,234.91,250.00,60,3.00,15.09
229067,234.91,250.00,60,3.00,15.09
229167,234.90,250.00,61,3.00,15.10
229267,234.92,250.00,58,3.00,15.08
229367,234.91,250.00,61,3.00,15.09
229467,234.90,250.00,61,3.00,15.10
229567,234.92,250.00,58,3.00,15.08
229667,234.93,250.00,59,3.00,15.07
229767,234.89,250.00,63,3.00,15.11
229867,234.91,250.00,58,3.00,15.09
229967,234.88,250.00,63,3.00,15.12
230067,234.91,250.00,58,3.00,15.09
230167,234.92,250.00,58,3.00,15.08
230267,234.91,250.00,61,3.00,15.09
230367,234.92,250.00,59,3.00,15.08
230467,234.89,250.00,63,3.00,15.11
230567,234.90,250.00,59,3.00,15.10
230667,234.93,250.00,57,3.00,15.07
230767,234.91,250.00,62,3.00,15.09
230869,234.95,250.00,56,3.00,15.05
230969,234.92,250.00,62,3.00,15.08
231068,234.90,250.00,62,3.00,15.10
231168,234.90,250.00,60,3.00,15.10
231269,234.89,250.00,61,3.00,15.11
231368,234.88,250.00,61,3.00,15.12
231468,234.91,250.00,58,3.00,15.09
231569,234.93,250.00,57,3.00,15.07
231668,234.94,250.00,59,3.00,15.06
231768,234.95,250.00,59,3.00,15.05
231868,234.98,250.00,56,3.00,15.02
231968,234.97,250.00,60,3.00,15.03
232069,234.99,250.00,57,3.00,15.01
232169,234.97,250.00,62,3.00,15.03
232269,234.96,250.00,60,3.00,15.04
232368,234.94,250.00,61,3.00,15.06
232468,234.91,250.00,63,3.00,15.09
232568,234.94,250.00,57,3.00,15.06
232669,234.93,250.00,61,3.00,15.07
232769,234.92,250.00,60,3.00,15.08
232869,234.89,250.00,63,3.00,15.11
232969,234.90,250.00,59,3.00,15.10
233068,234.93,250.00,57,3.00,15.07
233169,234.95,250.00,58,3.00,15.05
233268,234.92,250.00,63,3.00,15.08
233368,234.91,250.00,60,3.00,15.09
233468,234.88,250.00,63,3.00,15.12
233568,234.89,250.00,60,3.00,15.11
233668,234.93,250.00,56,3.00,15.07
233768,234.95,250.00,57,3.00,15.05
233868,234.96,250.00,59,3.00,15.04
233968,234.97,250.00,58,3.00,15.03
234068,234.98,250.00,58,3.00,15.02
234168,234.99,250.00,59,3.00,15.01
234268,235.00,250.00,58,3.00,15.00
234368,235.01,250.00,59,3.00,14.99
234468,234.99,250.00,62,3.00,15.01
234568,235.00,250.00,58,3.00,15.00
234668,234.99,250.00,60,3.00,15.01
234768,234.98,250.00,60,3.00,15.02
234868,234.99,250.00,58,3.00,15.01
234968,234.96,250.00,62,3.00,15.04
235068,234.96,250.00,60,3.00,15.04
235168,235.02,250.00,53,3.00,14.98
235268,235.02,250.00,60,3.00,14.98
235368,235.01,250.00,60,3.00,14.99
235468,235.01,250.00,61,3.00,14.99
235568,234.97,250.00,64,3.00,15.03
235668,234.96,250.00,61,3.00,15.04
235768,234.95,250.00,60,3.00,15.05
235868,234.95,250.00,60,3.00,15.05
235968,234.95,250.00,59,3.00,15.05
236068,234.93,250.00,62,3.00,15.07
236168,234.94,250.00,58,3.00,15.06
236268,234.94,250.00,60,3.00,15.06
236368,234.93,250.00,61,3.00,15.07
236468,234.94,250.00,58,3.00,15.06
236568,234.91,250.00,63,3.00,15.09
236668,234.90,250.00,61,3.00,15.10
236768,234.92,250.00,58,3.00,15.08
236868,234.93,250.00,59,3.00,15.07
236968,234.94,250.00,59,3.00,15.06
237068,234.91,250.00,62,3.00,15.09
237168,234.90,250.00,61,3.00,15.10
237268,234.88,250.00,62,3.00,15.12
237368,234.85,250.00,64,3.00,15.15
237468,234.89,250.00,56,3.00,15.11
237568,234.91,250.00,58,3.00,15.09
237668,234.91,250.00,60,3.00,15.09
237768,234.94,250.00,57,3.00,15.06
237867,234.92,250.00,62,3.00,15.08
237967,234.93,250.00,58,3.00,15.07
238068,234.91,250.00,62,3.00,15.09
238168,234.89,250.00,62,3.00,15.11
238268,234.86,250.00,63,3.00,15.14
238368,234.85,250.00,62,3.00,15.15
238467,234.85,250.00,60,3.00,15.15
238568,234.85,250.00,61,3.00,15.15
238668,234.87,250.00,59,3.00,15.13
238768,234.88,250.00,59,3.00,15.12
238868,234.89,250.00,59,3.00,15.11
238967,234.89,250.00,60,3.00,15.11
239068,234.89,250.00,60,3.00,15.11
239168,234.91,250.00,58,3.00,15.09
239267,234.89,250.00,62,3.00,15.11
239368,234.90,250.00,59,3.00,15.10
239467,234.88,250.00,63,3.00,15.12
239567,234.90,250.00,58,3.00,15.10
239668,234.90,250.00,60,3.00,15.10
239768,234.92,250.00,58,3.00,15.08
239868,234.89,250.00,63,3.00,15.11
239968,234.86,250.00,63,3.00,15.14
240067,234.83,250.00,64,3.00,15.17
240167,234.82,250.00,61,3.00,15.18
240267,234.82,250.00,59,3.00,15.18
240367,234.81,250.00,61,3.00,15.19
240467,234.81,250.00,60,3.00,15.19
240567,234.81,250.00,60,3.00,15.19
240667,234.84,250.00,57,3.00,15.16
240767,234.82,250.00,62,3.00,15.18
240867,234.82,250.00,60,3.00,15.18
240967,234.82,250.00,60,3.00,15.18
241067,234.82,250.00,60,3.00,15.18
241167,234.81,250.00,61,3.00,15.19
241267,234.81,250.00,60,3.00,15.19
241367,234.81,250.00,60,3.00,15.19
241467,234.81,250.00,60,3.00,15.19
241567,234.83,250.00,57,3.00,15.17
241667,234.82,250.00,61,3.00,15.18
241767,234.80,250.00,62,3.00,15.20
241867,234.77,250.00,63,3.00,15.23
241967,234.75,250.00,63,3.00,15.25
242067,234.75,250.00,61,3.00,15.25
242167,234.75,250.00,60,3.00,15.25
242267,234.78,250.00,58,3.00,15.22
242367,234.75,250.00,63,3.00,15.25
242467,234.75,250.00,61,3.00,15.25
242567,234.74,250.00,61,3.00,15.26
242667,234.75,250.00,60,3.00,15.25
242767,234.78,250.00,57,3.00,15.22
242867,234.76,250.00,63,3.00,15.24
242967,234.74,250.00,62,3.00,15.26
243067,234.75,250.00,60,3.00,15.25
243167,234.74,250.00,62,3.00,15.26
243267,234.75,250.00,59,3.00,15.25
243367,234.76,250.00,60,3.00,15.24
243467,234.74,250.00,63,3.00,15.26
243567,234.75,250.00,59,3.00,15.25
243667,234.74,250.00,62,3.00,15.26
243767,234.77,250.00,58,3.00,15.23
243867,234.75,250.00,62,3.00,15.25
243967,234.74,250.00,62,3.00,15.26
244067,234.73,250.00,61,3.00,15.27
244167,234.75,250.00,59,3.00,15.25
244267,234.76,250.00,60,3.00,15.24
244367,234.75,250.00,61,3.00,15.25
244467,234.78,250.00,58,3.00,15.22
244567,234.77,250.00,61,3.00,15.23
244667,234.77,250.00,60,3.00,15.23
244767,234.79,250.00,59,3.00,15.21
244867,234.80,250.00,59,3.00,15.20
244967,234.77,250.00,63,3.00,15.23
245067,234.78,250.00,60,3.00,15.22
245167,234.78,250.00,60,3.00,15.22
245267,234.76,250.00,62,3.00,15.24
245367,234.75,250.00,62,3.00,15.25
245467,234.75,250.00,60,3.00,15.25
245567,234.74,250.00,62,3.00,15.26
245667,234.77,250.00,58,3.00,15.23
245767,234.77,250.00,60,3.00,15.23
245867,234.78,250.00,59,3.00,15.22
245967,234.78,250.00,61,3.00,15.22
246067,234.79,250.00,59,3.00,15.21
246167,234.77,250.00,62,3.00,15.23
246267,234.79,250.00,58,3.00,15.21
246367,234.78,250.00,62,3.00,15.22
246467,234.80,250.00,58,3.00,15.20
246567,234.83,250.00,57,3.00,15.17
246667,234.86,250.00,56,3.00,15.14
246767,234.86,250.00,61,3.00,15.14
246867,234.86,250.00,60,3.00,15.14
246967,234.88,250.00,59,3.00,15.12
247067,234.86,250.00,62,3.00,15.14
247167,234.87,250.00,60,3.00,15.13
247267,234.89,250.00,58,3.00,15.11
247367,234.87,250.00,62,3.00,15.13
247467,234.88,250.00,59,3.00,15.12
247567,234.88,250.00,61,3.00,15.12
247667,234.85,250.00,63,3.00,15.15
247767,234.86,250.00,59,3.00,15.14
247867,234.85,250.00,62,3.00,15.15
247967,234.84,250.00,62,3.00,15.16
248067,234.82,250.00,61,3.00,15.18
248167,234.85,250.00,57,3.00,15.15
248267,234.83,250.00,63,3.00,15.17
248367,234.83,250.00,60,3.00,15.17
248467,234.81,250.00,61,3.00,15.19
248567,234.80,250.00,61,3.00,15.20
248667,234.82,250.00,58,3.00,15.18
248767,234.81,250.00,61,3.00,15.19
248867,234.81,250.00,60,3.00,15.19
248967,234.83,250.00,58,3.00,15.17
249067,234.84,250.00,59,3.00,15.16
249167,234.83,250.00,61,3.00,15.17
249267,234.80,250.00,62,3.00,15.20
249367,234.83,250.00,57,3.00,15.17
249467,234.82,250.00,61,3.00,15.18
249567,234.83,250.00,59,3.00,15.17
249667,234.81,250.00,62,3.00,15.19
249767,234.79,250.00,62,3.00,15.21
249867,234.79,250.00,60,3.00,15.21
249967,234.81,250.00,58,3.00,15.19
250067,234.80,250.00,61,3.00,15.20
250167,234.82,250.00,58,3.00,15.18
250267,234.80,250.00,62,3.00,15.20
250367,234.79,250.00,61,3.00,15.21
250467,234.81,250.00,58,3.00,15.19
250567,234.80,250.00,61,3.00,15.20
250667,234.79,250.00,61,3.00,15.21
250767,234.81,250.00,59,3.00,15.19
250867,234.80,250.00,61,3.00,15.20
250967,234.80,250.00,60,3.00,15.20
251067,234.80,250.00,60,3.00,15.20
251167,234.81,250.00,59,3.00,15.19
251267,234.85,250.00,56,3.00,15.15
251367,234.81,250.00,63,3.00,15.19
251467,234.81,250.00,60,3.00,15.19
251567,234.79,250.00,62,3.00,15.21
251667,234.81,250.00,58,3.00,15.19
251767,234.81,250.00,60,3.00,15.19
251867,234.79,250.00,62,3.00,15.21
251967,234.81,250.00,59,3.00,15.19
252067,234.82,250.00,58,3.00,15.18
252167,234.81,250.00,61,3.00,15.19
252267,234.83,250.00,58,3.00,15.17
252367,234.81,250.00,62,3.00,15.19
252467,234.78,250.00,63,3.00,15.22
252567,234.79,250.00,59,3.00,15.21
252667,234.76,250.00,64,3.00,15.24
252767,234.77,250.00,59,3.00,15.23
252867,234.79,250.00,58,3.00,15.21
252967,234.78,250.00,62,3.00,15.22
253067,234.78,250.00,60,3.00,15.22
253167,234.77,250.00,61,3.00,15.23
253267,234.79,250.00,59,3.00,15.21
253367,234.76,250.00,63,3.00,15.24
253467,234.74,250.00,63,3.00,15.26
253567,234.73,250.00,61,3.00,15.27
253667,234.72,250.00,62,3.00,15.28
253767,234.74,250.00,59,3.00,15.26
253867,234.74,250.00,61,3.00,15.26
253967,234.72,250.00,63,3.00,15.28
254067,234.72,250.00,61,3.00,15.28
254167,234.73,250.00,59,3.00,15.27
254267,234.75,250.00,59,3.00,15.25
254367,234.77,250.00,59,3.00,15.23
254467,234.74,250.00,63,3.00,15.26
254567,234.71,250.00,64,3.00,15.29
254667,234.71,250.00,61,3.00,15.29
254767,234.72,250.00,60,3.00,15.28
254867,234.71,250.00,62,3.00,15.29
254967,234.73,250.00,59,3.00,15.27
255067,234.75,250.00,59,3.00,15.25
255167,234.74,250.00,61,3.00,15.26
255267,234.71,250.00,64,3.00,15.29
255367,234.72,250.00,60,3.00,15.28
255467,234.70,250.00,63,3.00,15.30
255567,234.71,250.00,60,3.00,15.29
255667,234.72,250.00,60,3.00,15.28
255767,234.71,250.00,62,3.00,15.29
255867,234.72,250.00,60,3.00,15.28
255967,234.74,250.00,59,3.00,15.26
256067,234.73,250.00,62,3.00,15.27
256167,234.75,250.00,58,3.00,15.25
256267,234.81,250.00,55,3.00,15.19
256367,234.80,250.00,61,3.00,15.20
256467,234.78,250.00,62,3.00,15.22
256567,234.81,250.00,57,3.00,15.19
256667,234.81,250.00,60,3.00,15.19
256767,234.81,250.00,60,3.00,15.19
256867,234.79,250.00,62,3.00,15.21
256967,234.78,250.00,61,3.00,15.22
257067,234.81,250.00,57,3.00,15.19
257167,234.81,250.00,60,3.00,15.19
257267,234.82,250.00,59,3.00,15.18
257367,234.81,250.00,61,3.00,15.19
257467,234.85,250.00,56,3.00,15.15
257567,234.83,250.00,63,3.00,15.17
257667,234.81,250.00,62,3.00,15.19
257767,234.83,250.00,58,3.00,15.17
257867,234.81,250.00,61,3.00,15.19
257967,234.83,250.00,58,3.00,15.17
258067,234.84,250.00,59,3.00,15.16
258167,234.82,250.00,62,3.00,15.18
258267,234.84,250.00,58,3.00,15.16
258367,234.87,250.00,56,3.00,15.13
258467,234.86,250.00,61,3.00,15.14
258567,234.84,250.00,63,3.00,15.16
258667,234.87,250.00,57,3.00,15.13
258767,234.85,250.00,63,3.00,15.15
258867,234.86,250.00,59,3.00,15.14
258967,234.87,250.00,60,3.00,15.13
259067,234.86,250.00,61,3.00,15.14
259167,234.88,250.00,59,3.00,15.12
259267,234.87,250.00,61,3.00,15.13
259367,234.86,250.00,61,3.00,15.14
259467,234.85,250.00,62,3.00,15.15
259567,234.86,250.00,59,3.00,15.14
259667,234.86,250.00,61,3.00,15.14
259767,234.86,250.00,60,3.00,15.14
259867,234.89,250.00,58,3.00,15.11
259967,234.88,250.00,61,3.00,15.12
260067,234.90,250.00,58,3.00,15.10
260167,234.90,250.00,60,3.00,15.10
260267,234.90,250.00,60,3.00,15.10
260367,234.91,250.00,59,3.00,15.09
260467,234.92,250.00,59,3.00,15.08
260567,234.91,250.00,61,3.00,15.09
260667,234.92,250.00,59,3.00,15.08
260767,234.93,250.00,59,3.00,15.07
260867,234.90,250.00,62,3.00,15.10
260967,234.90,250.00,60,3.00,15.10
261067,234.91,250.00,59,3.00,15.09
261167,234.90,250.00,61,3.00,15.10
261267,234.93,250.00,57,3.00,15.07
261367,234.92,250.00,61,3.00,15.08
261467,234.91,250.00,61,3.00,15.09
261567,234.88,250.00,63,3.00,15.12
261667,234.91,250.00,57,3.00,15.09
261767,234.89,250.00,62,3.00,15.11
261867,234.90,250.00,59,3.00,15.10
261967,234.90,250.00,60,3.00,15.10
262067,234.89,250.00,61,3.00,15.11
262167,234.91,250.00,58,3.00,15.09
262267,234.91,250.00,60,3.00,15.09
262367,234.95,250.00,56,3.00,15.05
262467,234.96,250.00,58,3.00,15.04
262567,234.95,250.00,61,3.00,15.05
262667,234.94,250.00,60,3.00,15.06
262767,234.91,250.00,63,3.00,15.09
262867,234.94,250.00,57,3.00,15.06
262967,234.92,250.00,62,3.00,15.08
263067,234.93,250.00,58,3.00,15.07
263167,234.90,250.00,63,3.00,15.10
263267,234.90,250.00,60,3.00,15.10
263367,234.92,250.00,58,3.00,15.08
263467,234.95,250.00,57,3.00,15.05
263567,234.96,250.00,58,3.00,15.04
263667,234.94,250.00,62,3.00,15.06
263767,234.96,250.00,57,3.00,15.04
263867,234.94,250.00,62,3.00,15.06
263967,234.91,250.00,63,3.00,15.09
264067,234.92,250.00,59,3.00,15.08
264167,234.90,250.00,61,3.00,15.10
264267,234.92,250.00,58,3.00,15.08
264367,234.95,250.00,57,3.00,15.05
264467,234.94,250.00,61,3.00,15.06
264567,234.95,250.00,58,3.00,15.05
264667,234.94,250.00,61,3.00,15.06
264767,234.93,250.00,60,3.00,15.07
264867,234.93,250.00,60,3.00,15.07
264967,234.95,250.00,58,3.00,15.05
265067,234.95,250.00,59,3.00,15.05
265167,234.98,250.00,57,3.00,15.02
265267,234.97,250.00,60,3.00,15.03
265367,234.96,250.00,60,3.00,15.04
265467,234.99,250.00,56,3.00,15.01
265567,235.00,250.00,59,3.00,15.00
265667,235.00,250.00,59,3.00,15.00
265767,234.98,250.00,61,3.00,15.02
265867,234.99,250.00,58,3.00,15.01
265967,234.97,250.00,61,3.00,15.03
266067,234.98,250.00,58,3.00,15.02
266167,234.99,250.00,58,3.00,15.01
266267,234.98,250.00,60,3.00,15.02
266367,234.99,250.00,59,3.00,15.01
266467,234.99,250.00,59,3.00,15.01
266567,234.97,250.00,61,3.00,15.03
266667,235.01,250.00,56,3.00,14.99
266767,235.06,250.00,55,3.00,14.94
266867,235.07,250.00,59,3.00,14.93
266967,235.06,250.00,61,3.00,14.94
267067,235.09,250.00,58,3.00,14.91
267167,235.08,250.00,61,3.00,14.92
267267,235.09,250.00,60,3.00,14.91
267367,235.08,250.00,62,3.00,14.92
267467,235.09,250.00,60,3.00,14.91
267567,235.13,250.00,57,3.00,14.87
267667,235.13,250.00,62,3.00,14.87
267767,235.13,250.00,61,3.00,14.87
267867,235.15,250.00,60,3.00,14.85
267967,235.16,250.00,61,3.00,14.84
268067,235.16,250.00,62,3.00,14.84
268167,235.20,250.00,59,3.00,14.80
268267,235.20,250.00,62,3.00,14.80
268367,235.20,250.00,63,3.00,14.80
268467,235.22,250.00,61,3.00,14.78
268567,235.25,250.00,60,3.00,14.75
268667,235.25,250.00,63,3.00,14.75
268767,235.26,250.00,62,3.00,14.74
268867,235.28,250.00,62,3.00,14.72
268967,235.27,250.00,65,3.00,14.73
269067,235.25,250.00,66,3.00,14.75
269167,235.25,250.00,64,3.00,14.75
269267,235.24,250.00,66,3.00,14.76
269367,235.24,250.00,64,3.00,14.76
269467,235.23,250.00,67,3.00,14.77
269567,235.22,250.00,66,3.00,14.78
269667,235.24,250.00,64,3.00,14.76
269767,235.24,250.00,65,3.00,14.76
269867,235.26,250.00,64,3.00,14.74
269967,235.27,250.00,65,3.00,14.73
270067,235.28,250.00,65,3.00,14.72
270167,235.27,250.00,67,3.00,14.73
270267,235.25,250.00,68,3.00,14.75
270367,235.26,250.00,67,3.00,14.74
270467,235.25,250.00,68,3.00,14.75
270567,235.25,250.00,67,3.00,14.75
270667,235.27,250.00,66,3.00,14.73
270767,235.25,250.00,70,3.00,14.75
270867,235.25,250.00,68,3.00,14.75
270967,235.25,250.00,69,3.00,14.75
271067,235.25,250.00,68,3.00,14.75
271167,235.24,250.00,69,3.00,14.76
271267,235.28,250.00,66,3.00,14.72
271367,235.26,250.00,71,3.00,14.74
271467,235.26,250.00,69,3.00,14.74
271567,235.24,250.00,71,3.00,14.76
271667,235.25,250.00,69,3.00,14.75
271767,235.28,250.00,67,3.00,14.72
271867,235.28,250.00,70,3.00,14.72
271967,235.29,250.00,69,3.00,14.71
272067,235.30,250.00,70,3.00,14.70
272167,235.33,250.00,68,3.00,14.67
272267,235.32,250.00,71,3.00,14.68
272367,235.31,250.00,72,3.00,14.69
272467,235.32,250.00,71,3.00,14.68
272567,235.31,250.00,72,3.00,14.69
272667,235.32,250.00,71,3.00,14.68
272767,235.36,250.00,68,3.00,14.64
272867,235.34,250.00,74,3.00,14.66
272967,235.35,250.00,71,3.00,14.65
273067,235.38,250.00,70,3.00,14.62
273167,235.39,250.00,71,3.00,14.61
273267,235.41,250.00,71,3.00,14.59
273367,235.44,250.00,70,3.00,14.56
273467,235.42,250.00,75,3.00,14.58
273567,235.42,250.00,74,3.00,14.58
273667,235.41,250.00,75,3.00,14.59
273767,235.40,250.00,74,3.00,14.60
273867,235.43,250.00,71,3.00,14.57
273967,235.46,250.00,71,3.00,14.54
274067,235.47,250.00,73,3.00,14.53
274167,235.48,250.00,73,3.00,14.52
274267,235.57,250.00,66,3.00,14.43
274367,235.60,250.00,71,3.00,14.40
274467,235.58,250.00,77,3.00,14.42
274567,235.58,250.00,75,3.00,14.42
274667,235.56,250.00,77,3.00,14.44
274767,235.57,250.00,74,3.00,14.43
274867,235.57,250.00,75,3.00,14.43
274967,235.55,250.00,78,3.00,14.45
275067,235.55,250.00,76,3.00,14.45
275167,235.55,250.00,77,3.00,14.45
275267,235.54,250.00,77,3.00,14.46
275367,235.52,250.00,78,3.00,14.48
275467,235.54,250.00,76,3.00,14.46
275567,235.52,250.00,79,3.00,14.48
275667,235.53,250.00,77,3.00,14.47
275767,235.54,250.00,76,3.00,14.46
275867,235.56,250.00,75,3.00,14.44
275967,235.59,250.00,75,3.00,14.41
276067,235.59,250.00,78,3.00,14.41
276167,235.60,250.00,77,3.00,14.40
276267,235.59,250.00,80,3.00,14.41
276367,235.62,250.00,75,3.00,14.38
276467,235.62,250.00,79,3.00,14.38
276567,235.61,250.00,80,3.00,14.39
276667,235.62,250.00,78,3.00,14.38
276767,235.62,250.00,80,3.00,14.38
276867,235.64,250.00,77,3.00,14.36
276967,235.65,250.00,78,3.00,14.35
277067,235.65,250.00,81,3.00,14.35
277167,235.68,250.00,77,3.00,14.32
277267,235.70,250.00,78,3.00,14.30
277367,235.71,250.00,79,3.00,14.29
277467,235.72,250.00,80,3.00,14.28
277567,235.77,250.00,75,3.00,14.23
277667,235.77,250.00,81,3.00,14.23
277767,235.80,250.00,78,3.00,14.20
277867,235.78,250.00,83,3.00,14.22
277967,235.79,250.00,79,3.00,14.21
278067,235.84,250.00,77,3.00,14.16
278167,235.85,250.00,80,3.00,14.15
278267,235.88,250.00,79,3.00,14.12
278367,235.88,250.00,82,3.00,14.12
278467,235.91,250.00,79,3.00,14.09
278567,235.91,250.00,82,3.00,14.09
278667,235.94,250.00,80,3.00,14.06
278767,235.96,250.00,80,3.00,14.04
278867,235.97,250.00,82,3.00,14.03
278967,236.00,250.00,80,3.00,14.00
279067,236.01,250.00,81,3.00,13.99
279167,236.03,250.00,82,3.00,13.97
279267,236.05,250.00,81,3.00,13.95
279367,236.10,250.00,78,3.00,13.90
279467,236.10,250.00,83,3.00,13.90
279567,236.10,250.00,84,3.00,13.90
279667,236.14,250.00,79,3.00,13.86
279767,236.14,250.00,84,3.00,13.86
279867,236.17,250.00,81,3.00,13.83
279967,236.15,250.00,86,3.00,13.85
280067,236.15,250.00,84,3.00,13.85
280167,236.20,250.00,79,3.00,13.80
280267,236.22,250.00,83,3.00,13.78
280367,236.23,250.00,83,3.00,13.77
280467,236.22,250.00,86,3.00,13.78
280567,236.24,250.00,83,3.00,13.76
280667,236.29,250.00,80,3.00,13.71
280767,236.29,250.00,86,3.00,13.71
280867,236.30,250.00,84,3.00,13.70
280967,236.32,250.00,84,3.00,13.68
281067,236.36,250.00,81,3.00,13.64
281167,236.37,250.00,85,3.00,13.63
281267,236.38,250.00,85,3.00,13.62
281367,236.40,250.00,83,3.00,13.60
281467,236.44,250.00,83,3.00,13.56
281567,236.48,250.00,82,3.00,13.52
281667,236.51,250.00,83,3.00,13.49
281767,236.54,250.00,83,3.00,13.46
281867,236.53,250.00,87,3.00,13.47
281967,236.55,250.00,86,3.00,13.45
282067,236.57,250.00,84,3.00,13.43
282167,236.60,250.00,84,3.00,13.40
282267,236.63,250.00,84,3.00,13.37
282367,236.67,250.00,83,3.00,13.33
282467,236.69,250.00,85,3.00,13.31
282567,236.68,250.00,88,3.00,13.32
282667,236.72,250.00,84,3.00,13.28
282767,236.77,250.00,82,3.00,13.23
282867,236.79,250.00,86,3.00,13.21
282967,236.81,250.00,85,3.00,13.19
283067,236.81,250.00,87,3.00,13.19
283167,236.86,250.00,84,3.00,13.14
283267,236.90,250.00,83,3.00,13.10
283367,236.92,250.00,87,3.00,13.08
283467,236.95,250.00,85,3.00,13.05
283567,236.96,250.00,87,3.00,13.04
283667,236.96,250.00,88,3.00,13.04
283767,236.97,250.00,88,3.00,13.03
283867,237.00,250.00,86,3.00,13.00
283967,237.00,250.00,88,3.00,13.00
284067,237.03,250.00,86,3.00,12.97
284167,237.03,250.00,89,3.00,12.97
284267,237.09,250.00,83,3.00,12.91
284367,237.15,250.00,83,3.00,12.85
284467,237.17,250.00,87,3.00,12.83
284567,237.20,250.00,87,3.00,12.80
284667,237.25,250.00,84,3.00,12.75
284767,237.31,250.00,83,3.00,12.69
284867,237.32,250.00,88,3.00,12.68
284967,237.32,250.00,89,3.00,12.68
285067,237.35,250.00,86,3.00,12.65
285167,237.38,250.00,87,3.00,12.62
285267,237.42,250.00,85,3.00,12.58
285367,237.47,250.00,85,3.00,12.53
285467,237.50,250.00,87,3.00,12.50
285567,237.56,250.00,83,3.00,12.44
285667,237.62,250.00,84,3.00,12.38
285767,237.68,250.00,83,3.00,12.32
285867,237.73,250.00,84,3.00,12.27
285967,237.78,250.00,85,3.00,12.22
286067,237.79,250.00,88,3.00,12.21
286167,237.82,250.00,87,3.00,12.18
286267,237.88,250.00,84,3.00,12.12
286367,237.92,250.00,85,3.00,12.08
286467,237.98,250.00,84,3.00,12.02
286567,238.01,250.00,87,3.00,11.99
286667,238.05,250.00,85,3.00,11.95
286767,238.08,250.00,87,3.00,11.92
286867,238.12,250.00,85,3.00,11.88
286967,238.14,250.00,88,3.00,11.86
287067,238.17,250.00,87,3.00,11.83
287167,238.21,250.00,85,3.00,11.79
287267,238.25,250.00,87,3.00,11.75
287367,238.31,250.00,83,3.00,11.69
287467,238.33,250.00,88,3.00,11.67
287567,238.36,250.00,87,3.00,11.64
287667,238.41,250.00,85,3.00,11.59
287767,238.44,250.00,87,3.00,11.56
287867,238.48,250.00,86,3.00,11.52
287967,238.50,250.00,88,3.00,11.50
288067,238.56,250.00,85,3.00,11.44
288167,238.58,250.00,87,3.00,11.42
288267,238.63,250.00,86,3.00,11.37
288367,238.65,250.00,88,3.00,11.35
288467,238.70,250.00,85,3.00,11.30
288567,238.77,250.00,83,3.00,11.23
288667,238.86,250.00,81,3.00,11.14
288767,238.91,250.00,84,3.00,11.09
288867,238.97,250.00,85,3.00,11.03
288967,239.03,250.00,83,3.00,10.97
289067,239.11,250.00,81,3.00,10.89
289167,239.14,250.00,87,3.00,10.86
289267,239.18,250.00,86,3.00,10.82
289367,239.21,250.00,86,3.00,10.79
289467,239.27,250.00,83,3.00,10.73
289567,239.31,250.00,86,3.00,10.69
289667,239.35,250.00,85,3.00,10.65
289767,239.40,250.00,85,3.00,10.60
289867,239.43,250.00,87,3.00,10.57
289967,239.46,250.00,86,3.00,10.54
290067,239.49,250.00,87,3.00,10.51
290167,239.52,250.00,86,3.00,10.48
290267,239.54,250.00,87,3.00,10.46
290367,239.58,250.00,86,3.00,10.42
290467,239.65,250.00,83,3.00,10.35
290567,239.69,250.00,86,3.00,10.31
290667,239.73,250.00,86,3.00,10.27
290767,239.77,250.00,85,3.00,10.23
290867,239.81,250.00,86,3.00,10.19
290967,239.83,250.00,87,3.00,10.17
291067,239.90,250.00,82,3.00,10.10
291167,239.94,250.00,86,3.00,10.06
291267,239.97,250.00,86,3.00,10.03
291367,240.02,250.00,85,3.00,9.98
291467,240.06,250.00,85,3.00,9.94
291567,240.13,250.00,82,3.00,9.87
291667,240.19,250.00,84,3.00,9.81
291767,240.24,250.00,84,3.00,9.76
291867,240.30,250.00,83,3.00,9.70
291967,240.37,250.00,82,3.00,9.63
292067,240.44,250.00,82,3.00,9.56
292167,240.47,250.00,85,3.00,9.53
292267,240.52,250.00,84,3.00,9.48
292367,240.57,250.00,84,3.00,9.43
292467,240.63,250.00,82,3.00,9.37
292567,240.69,250.00,83,3.00,9.31
292667,240.76,250.00,81,3.00,9.24
292767,240.82,250.00,82,3.00,9.18
292867,240.86,250.00,85,3.00,9.14
292967,240.89,250.00,85,3.00,9.11
293067,240.91,250.00,86,3.00,9.09
293167,240.97,250.00,82,3.00,9.03
293267,241.04,250.00,81,3.00,8.96
293367,241.09,250.00,83,3.00,8.91
293467,241.13,250.00,84,3.00,8.87
293567,241.17,250.00,84,3.00,8.83
293667,241.22,250.00,82,3.00,8.78
293767,241.29,250.00,81,3.00,8.71
293867,241.31,250.00,86,3.00,8.69
293967,241.37,250.00,82,3.00,8.63
294067,241.43,250.00,82,3.00,8.57
294167,241.49,250.00,81,3.00,8.51
294267,241.52,250.00,84,3.00,8.48
294367,241.57,250.00,82,3.00,8.43
294467,241.60,250.00,85,3.00,8.40
294567,241.64,250.00,83,3.00,8.36
294667,241.68,250.00,83,3.00,8.32
294767,241.75,250.00,80,3.00,8.25
294867,241.82,250.00,80,3.00,8.18
294967,241.89,250.00,79,3.00,8.11
295067,241.95,250.00,81,3.00,8.05
295167,241.97,250.00,85,3.00,8.03
295267,242.03,250.00,81,3.00,7.97
295367,242.07,250.00,82,3.00,7.93
295467,242.10,250.00,84,3.00,7.90
295567,242.18,250.00,79,3.00,7.82
295667,242.22,250.00,81,3.00,7.78
295767,242.28,250.00,81,3.00,7.72
295867,242.34,250.00,80,3.00,7.66
295967,242.37,250.00,83,3.00,7.63
296067,242.45,250.00,79,3.00,7.55
296167,242.48,250.00,83,3.00,7.52
296267,242.52,250.00,82,3.00,7.48
296367,242.59,250.00,79,3.00,7.41
296467,242.63,250.00,82,3.00,7.37
296567,242.67,250.00,81,3.00,7.33
296667,242.72,250.00,81,3.00,7.28
296767,242.78,250.00,79,3.00,7.22
296867,242.82,250.00,81,3.00,7.18
296967,242.89,250.00,78,3.00,7.11
297067,242.93,250.00,81,3.00,7.07
297167,242.99,250.00,79,3.00,7.01
297267,243.01,250.00,83,3.00,6.99
297367,243.10,250.00,76,3.00,6.90
297467,243.12,250.00,83,3.00,6.88
297567,243.15,250.00,82,3.00,6.85
297667,243.20,250.00,80,3.00,6.80
297767,243.24,250.00,80,3.00,6.76
297867,243.28,250.00,81,3.00,6.72
297967,243.34,250.00,79,3.00,6.66
298067,243.37,250.00,81,3.00,6.63
298167,243.43,250.00,78,3.00,6.57
298267,243.52,250.00,74,3.00,6.48
298367,243.59,250.00,77,3.00,6.41
298467,243.62,250.00,81,3.00,6.38
298567,243.67,250.00,78,3.00,6.33
298667,243.69,250.00,82,3.00,6.31
298767,243.74,250.00,79,3.00,6.26
298867,243.80,250.00,78,3.00,6.20
298967,243.83,250.00,79,3.00,6.17
299067,243.91,250.00,75,3.00,6.09
299167,243.95,250.00,79,3.00,6.05
299267,244.00,250.00,78,3.00,6.00
299367,244.01,250.00,81,3.00,5.99
299467,244.09,250.00,76,3.00,5.91
299567,244.12,250.00,80,3.00,5.88
299667,244.18,250.00,76,3.00,5.82
299767,244.22,250.00,78,3.00,5.78
299867,244.25,250.00,80,3.00,5.75
299967,244.29,250.00,79,3.00,5.71
300067,244.34,250.00,77,3.00,5.66
300167,244.37,250.00,79,3.00,5.63
300267,244.44,250.00,75,3.00,5.56
300367,244.47,250.00,79,3.00,5.53
300467,244.52,250.00,77,3.00,5.48
300567,244.55,250.00,79,3.00,5.45
300667,244.62,250.00,74,3.00,5.38
300767,244.67,250.00,77,3.00,5.33
300867,244.72,250.00,76,3.00,5.28
300967,244.74,250.00,79,3.00,5.26
301067,244.78,250.00,77,3.00,5.22
301167,244.87,250.00,73,3.00,5.13
301267,244.94,250.00,73,3.00,5.06
301367,244.99,250.00,76,3.00,5.01
301467,245.01,250.00,79,3.00,4.99
301567,245.07,250.00,74,3.00,4.93
301667,245.09,250.00,78,3.00,4.91
301767,245.11,250.00,79,3.00,4.89
301867,245.15,250.00,76,3.00,4.85
301967,245.20,250.00,76,3.00,4.80
302067,245.25,250.00,75,3.00,4.75
302167,245.29,250.00,76,3.00,4.71
302267,245.32,250.00,77,3.00,4.68
302367,245.37,250.00,75,3.00,4.63
302467,245.40,250.00,77,3.00,4.60
302567,245.44,250.00,75,3.00,4.56
302667,245.47,250.00,77,3.00,4.53
302767,245.53,250.00,74,3.00,4.47
302867,245.55,250.00,78,3.00,4.45
302967,245.59,250.00,75,3.00,4.41
303067,245.60,250.00,78,3.00,4.40
303167,245.64,250.00,76,3.00,4.36
303267,245.72,250.00,71,3.00,4.28
303367,245.76,250.00,74,3.00,4.24
303467,245.80,250.00,75,3.00,4.20
303567,245.82,250.00,77,3.00,4.18
303667,245.88,250.00,73,3.00,4.12
303767,245.91,250.00,76,3.00,4.09
303867,245.95,250.00,75,3.00,4.05
303967,245.99,250.00,74,3.00,4.01
304067,246.03,250.00,74,3.00,3.97
304167,246.10,250.00,71,3.00,3.90
304267,246.18,250.00,70,3.00,3.82
304367,246.19,250.00,77,3.00,3.81
304467,246.25,250.00,72,3.00,3.75
304567,246.26,250.00,76,3.00,3.74
304667,246.30,250.00,74,3.00,3.70
304767,246.37,250.00,71,3.00,3.63
304867,246.44,250.00,70,3.00,3.56
304967,246.48,250.00,73,3.00,3.52
305067,246.53,250.00,72,3.00,3.47
305167,246.60,250.00,70,3.00,3.40
305267,246.62,250.00,74,3.00,3.38
305367,246.71,250.00,67,3.00,3.29
305467,246.75,250.00,73,3.00,3.25
305567,246.81,250.00,70,3.00,3.19
305667,246.82,250.00,74,3.00,3.18
305767,246.89,250.00,70,3.00,3.11
305867,246.96,250.00,68,3.00,3.04
305967,246.97,250.00,74,3.00,3.03
306067,247.02,250.00,71,3.00,2.98
306167,247.05,250.00,72,3.00,2.95
306267,247.09,250.00,71,3.00,2.91
306367,247.17,250.00,67,3.00,2.83
306467,247.18,250.00,73,3.00,2.82
306567,247.23,250.00,70,3.00,2.77
306667,247.30,250.00,68,3.00,2.70
306767,247.32,250.00,72,3.00,2.68
306867,247.34,250.00,72,3.00,2.66
306967,247.39,250.00,70,3.00,2.61
307067,247.43,250.00,70,3.00,2.57
307167,247.46,250.00,71,3.00,2.54
307267,247.52,250.00,68,3.00,2.48
307367,247.52,250.00,74,3.00,2.48
307467,247.59,250.00,67,3.00,2.41
307567,247.62,250.00,71,3.00,2.38
307667,247.65,250.00,71,3.00,2.35
307767,247.69,250.00,69,3.00,2.31
307867,247.75,250.00,68,3.00,2.25
307967,247.77,250.00,71,3.00,2.23
308067,247.80,250.00,71,3.00,2.20
308167,247.84,250.00,69,3.00,2.16
308267,247.86,250.00,71,3.00,2.14
308367,247.88,250.00,70,3.00,2.12
308467,247.95,250.00,66,3.00,2.05
308567,247.98,250.00,70,3.00,2.02
308667,248.03,250.00,67,3.00,1.97
308767,248.05,250.00,70,3.00,1.95
308867,248.11,250.00,67,3.00,1.89
308967,248.17,250.00,66,3.00,1.83
309067,248.21,250.00,68,3.00,1.79
309167,248.21,250.00,71,3.00,1.79
309267,248.25,250.00,68,3.00,1.75
309367,248.26,250.00,71,3.00,1.74
309467,248.27,250.00,71,3.00,1.73
309567,248.32,250.00,66,3.00,1.68
309667,248.40,250.00,64,3.00,1.60
309767,248.44,250.00,67,3.00,1.56
309867,248.44,250.00,71,3.00,1.56
309967,248.49,250.00,66,3.00,1.51
310067,248.51,250.00,69,3.00,1.49
310167,248.52,250.00,70,3.00,1.48
310267,248.56,250.00,66,3.00,1.44
310367,248.58,250.00,69,3.00,1.42
310467,248.63,250.00,66,3.00,1.37
310567,248.67,250.00,66,3.00,1.33
310667,248.67,250.00,70,3.00,1.33
310767,248.72,250.00,65,3.00,1.28
310867,248.74,250.00,68,3.00,1.26
310967,248.76,250.00,68,3.00,1.24
311067,248.78,250.00,68,3.00,1.22
311167,248.82,250.00,66,3.00,1.18
311267,248.84,250.00,67,3.00,1.16
311367,248.88,250.00,66,3.00,1.12
311467,248.87,250.00,70,3.00,1.13
311567,248.93,250.00,64,3.00,1.07
311667,248.99,250.00,63,3.00,1.01
311767,249.05,250.00,62,3.00,0.95
311867,249.09,250.00,65,3.00,0.91
311967,249.08,250.00,69,3.00,0.92
312067,249.15,250.00,62,3.00,0.85
312167,249.21,250.00,62,3.00,0.79
312267,249.23,250.00,66,3.00,0.77
312367,249.26,250.00,65,3.00,0.74
312467,249.27,250.00,68,3.00,0.73
312567,249.27,250.00,68,3.00,0.73
312667,249.29,250.00,65,3.00,0.71
312767,249.29,250.00,68,3.00,0.71
312867,249.34,250.00,63,3.00,0.66
312967,249.38,250.00,64,3.00,0.62
313067,249.39,250.00,67,3.00,0.61
313167,249.39,250.00,68,3.00,0.61
313267,249.41,250.00,65,3.00,0.59
313367,249.40,250.00,69,3.00,0.60
313467,249.45,250.00,63,3.00,0.55
313567,249.48,250.00,64,3.00,0.52
313667,249.53,250.00,62,3.00,0.47
313767,249.59,250.00,61,3.00,0.41
313867,249.65,250.00,61,3.00,0.35
313967,249.66,250.00,66,3.00,0.34
314067,249.65,250.00,68,3.00,0.35
314167,249.68,250.00,63,3.00,0.32
314267,249.74,250.00,61,3.00,0.26
314367,249.73,250.00,67,3.00,0.27
314467,249.77,250.00,62,3.00,0.23
314567,249.79,250.00,64,3.00,0.21
314667,249.84,250.00,62,3.00,0.16
314767,249.89,250.00,61,3.00,0.11
314867,249.89,250.00,66,3.00,0.11
314967,249.94,250.00,61,3.00,0.06
315067,249.98,250.00,61,3.00,0.02
315167,250.02,250.00,61,3.00,-0.02
315267,250.02,250.00,65,3.00,-0.02
315367,250.04,250.00,63,3.00,-0.04
315467,250.02,250.00,67,3.00,-0.02
315567,250.05,250.00,63,3.00,-0.05
315667,250.09,250.00,61,3.00,-0.09
315767,250.10,250.00,63,3.00,-0.10
315867,250.09,250.00,66,3.00,-0.09
315967,250.11,250.00,63,3.00,-0.11
316067,250.14,250.00,62,3.00,-0.14
316167,250.12,250.00,66,3.00,-0.12
316267,250.16,250.00,61,3.00,-0.16
316367,250.17,250.00,64,3.00,-0.17
316467,250.17,250.00,64,3.00,-0.17
316567,250.19,250.00,63,3.00,-0.19
316667,250.21,250.00,63,3.00,-0.21
316767,250.25,250.00,60,3.00,-0.25
316867,250.30,250.00,59,3.00,-0.30
316967,250.29,250.00,65,3.00,-0.29
317067,250.34,250.00,60,3.00,-0.34
317167,250.37,250.00,60,3.00,-0.37
317267,250.38,250.00,63,3.00,-0.38
317367,250.38,250.00,64,3.00,-0.38
317467,250.40,250.00,61,3.00,-0.40
317567,250.40,250.00,64,3.00,-0.40
317667,250.45,250.00,59,3.00,-0.45
317767,250.43,250.00,66,3.00,-0.43
317867,250.44,250.00,62,3.00,-0.44
317967,250.48,250.00,59,3.00,-0.48
318067,250.50,250.00,62,3.00,-0.50
318167,250.53,250.00,60,3.00,-0.53
318267,250.55,250.00,61,3.00,-0.55
318367,250.60,250.00,57,3.00,-0.60
318467,250.59,250.00,64,3.00,-0.59
318567,250.58,250.00,64,3.00,-0.58
318667,250.59,250.00,61,3.00,-0.59
318767,250.61,250.00,61,3.00,-0.61
318867,250.62,250.00,62,3.00,-0.62
318967,250.67,250.00,58,3.00,-0.67
319067,250.65,250.00,64,3.00,-0.65
319167,250.68,250.00,59,3.00,-0.68
319267,250.67,250.00,63,3.00,-0.67
319367,250.71,250.00,58,3.00,-0.71
319467,250.69,250.00,65,3.00,-0.69
319567,250.71,250.00,61,3.00,-0.71
319667,250.72,250.00,61,3.00,-0.72
319767,250.73,250.00,61,3.00,-0.73
319867,250.71,250.00,65,3.00,-0.71
319967,250.71,250.00,62,3.00,-0.71
320067,250.74,250.00,60,3.00,-0.74
320167,250.73,250.00,62,3.00,-0.73
320267,250.77,250.00,58,3.00,-0.77
320367,250.75,250.00,64,3.00,-0.75
320467,250.80,250.00,57,3.00,-0.80
320567,250.79,250.00,63,3.00,-0.79
320667,250.81,250.00,60,3.00,-0.81
320767,250.82,250.00,60,3.00,-0.82
320867,250.83,250.00,61,3.00,-0.83
320967,250.83,250.00,61,3.00,-0.83
321067,250.87,250.00,58,3.00,-0.87
321167,250.85,250.00,63,3.00,-0.85
321267,250.88,250.00,59,3.00,-0.88
321367,250.87,250.00,62,3.00,-0.87
321467,250.88,250.00,60,3.00,-0.88
321567,250.88,250.00,62,3.00,-0.88
321667,250.92,250.00,57,3.00,-0.92
321767,250.92,250.00,62,3.00,-0.92
321867,250.94,250.00,58,3.00,-0.94
321967,250.92,250.00,63,3.00,-0.92
322067,250.93,250.00,61,3.00,-0.93
322167,250.98,250.00,56,3.00,-0.98
322267,250.98,250.00,61,3.00,-0.98
322367,250.99,250.00,60,3.00,-0.99
322467,251.00,250.00,60,3.00,-1.00
322567,251.02,250.00,59,3.00,-1.02
322667,251.00,250.00,62,3.00,-1.00
322767,250.99,250.00,62,3.00,-0.99
322867,251.00,250.00,60,3.00,-1.00
322967,250.98,250.00,62,3.00,-0.98
323067,251.02,250.00,57,3.00,-1.02
323167,251.02,250.00,60,3.00,-1.02
323267,250.99,250.00,64,3.00,-0.99
323367,251.00,250.00,60,3.00,-1.00
323467,251.00,250.00,61,3.00,-1.00
323567,251.02,250.00,58,3.00,-1.02
323667,251.00,250.00,62,3.00,-1.00
323767,251.05,250.00,56,3.00,-1.05
323867,251.03,250.00,62,3.00,-1.03
323967,251.05,250.00,59,3.00,-1.05
324067,251.01,250.00,64,3.00,-1.01
324167,251.01,250.00,61,3.00,-1.01
324267,251.04,250.00,57,3.00,-1.04
324367,251.07,250.00,57,3.00,-1.07
324467,251.07,250.00,60,3.00,-1.07
324567,251.07,250.00,60,3.00,-1.07
324667,251.14,250.00,54,3.00,-1.14
324767,251.19,250.00,54,3.00,-1.19
324867,251.18,250.00,61,3.00,-1.18
324967,251.20,250.00,58,3.00,-1.20
325067,251.20,250.00,59,3.00,-1.20
325167,251.21,250.00,58,3.00,-1.21
325267,251.22,250.00,58,3.00,-1.22
325367,251.20,250.00,62,3.00,-1.20
325467,251.22,250.00,57,3.00,-1.22
325567,251.21,250.00,61,3.00,-1.21
325667,251.25,250.00,56,3.00,-1.25
325767,251.23,250.00,61,3.00,-1.23
325867,251.25,250.00,57,3.00,-1.25
325967,251.22,250.00,62,3.00,-1.22
326067,251.25,250.00,57,3.00,-1.25
326167,251.21,250.00,63,3.00,-1.21
326267,251.21,250.00,59,3.00,-1.21
326367,251.24,250.00,55,3.00,-1.24
326467,251.24,250.00,59,3.00,-1.24
326567,251.24,250.00,59,3.00,-1.24
326667,251.25,250.00,58,3.00,-1.25
326767,251.27,250.00,57,3.00,-1.27
326867,251.25,250.00,61,3.00,-1.25
326967,251.23,250.00,61,3.00,-1.23
327067,251.24,250.00,58,3.00,-1.24
327167,251.23,250.00,61,3.00,-1.23
327267,251.25,250.00,57,3.00,-1.25
327367,251.27,250.00,57,3.00,-1.27
327467,251.24,250.00,62,3.00,-1.24
327567,251.25,250.00,58,3.00,-1.25
327667,251.24,250.00,59,3.00,-1.24
327767,251.23,250.00,61,3.00,-1.23
327867,251.20,250.00,62,3.00,-1.20
327967,251.22,250.00,58,3.00,-1.22
328067,251.19,250.00,62,3.00,-1.19
328167,251.22,250.00,56,3.00,-1.22
328267,251.18,250.00,63,3.00,-1.18
328367,251.17,250.00,60,3.00,-1.17
328467,251.20,250.00,56,3.00,-1.20
328567,251.19,250.00,60,3.00,-1.19
328667,251.20,250.00,57,3.00,-1.20
328767,251.17,250.00,63,3.00,-1.17
328867,251.18,250.00,57,3.00,-1.18
328967,251.22,250.00,55,3.00,-1.22
329067,251.20,250.00,61,3.00,-1.20
329167,251.21,250.00,57,3.00,-1.21
329267,251.20,250.00,60,3.00,-1.20
329367,251.21,250.00,57,3.00,-1.21
329467,251.21,250.00,59,3.00,-1.21
329567,251.17,250.00,62,3.00,-1.17
329667,251.18,250.00,58,3.00,-1.18
329767,251.17,250.00,60,3.00,-1.17
329867,251.16,250.00,60,3.00,-1.16
329967,251.19,250.00,56,3.00,-1.19
330067,251.19,250.00,58,3.00,-1.19
330167,251.16,250.00,62,3.00,-1.16
330267,251.17,250.00,57,3.00,-1.17
330367,251.13,250.00,63,3.00,-1.13
330467,251.12,250.00,59,3.00,-1.12
330567,251.15,250.00,57,3.00,-1.15
330667,251.13,250.00,61,3.00,-1.13
330767,251.12,250.00,59,3.00,-1.12
330867,251.10,250.00,62,3.00,-1.10
330967,251.11,250.00,58,3.00,-1.11
331067,251.09,250.00,60,3.00,-1.09
331167,251.10,250.00,58,3.00,-1.10
331267,251.10,250.00,59,3.00,-1.10
331367,251.08,250.00,62,3.00,-1.08
331467,251.07,250.00,60,3.00,-1.07
331567,251.09,250.00,56,3.00,-1.09
331667,251.07,250.00,61,3.00,-1.07
331767,251.08,250.00,57,3.00,-1.08
331867,251.06,250.00,61,3.00,-1.06
331967,251.07,250.00,57,3.00,-1.07
332067,251.09,250.00,57,3.00,-1.09
332167,251.09,250.00,59,3.00,-1.09
332267,251.04,250.00,64,3.00,-1.04
332367,251.02,250.00,61,3.00,-1.02
332467,250.99,250.00,62,3.00,-0.99
332567,250.98,250.00,61,3.00,-0.98
332667,250.99,250.00,58,3.00,-0.99
332767,250.97,250.00,61,3.00,-0.97
332867,250.96,250.00,60,3.00,-0.96
332967,250.92,250.00,63,3.00,-0.92
333067,250.96,250.00,55,3.00,-0.96
333167,250.94,250.00,62,3.00,-0.94
333267,250.93,250.00,60,3.00,-0.93
333367,250.93,250.00,59,3.00,-0.93
333467,250.93,250.00,60,3.00,-0.93
333567,250.92,250.00,60,3.00,-0.92
333667,250.91,250.00,60,3.00,-0.91
333767,250.88,250.00,62,3.00,-0.88
333867,250.88,250.00,60,3.00,-0.88
333967,250.90,250.00,57,3.00,-0.90
334067,250.89,250.00,60,3.00,-0.89
334167,250.90,250.00,58,3.00,-0.90
334267,250.92,250.00,57,3.00,-0.92
334367,250.91,250.00,60,3.00,-0.91
334467,250.90,250.00,60,3.00,-0.90
334567,250.86,250.00,64,3.00,-0.86
334667,250.87,250.00,58,3.00,-0.87
334767,250.92,250.00,54,3.00,-0.92
334867,250.97,250.00,54,3.00,-0.97
334967,250.97,250.00,59,3.00,-0.97
335067,250.97,250.00,59,3.00,-0.97
335167,250.98,250.00,58,3.00,-0.98
335267,250.96,250.00,61,3.00,-0.96
335367,250.96,250.00,59,3.00,-0.96
335467,250.96,250.00,59,3.00,-0.96
335567,250.93,250.00,61,3.00,-0.93
335667,250.93,250.00,60,3.00,-0.93
335767,250.93,250.00,58,3.00,-0.93
335867,250.92,250.00,60,3.00,-0.92
335967,250.94,250.00,57,3.00,-0.94
336067,250.92,250.00,61,3.00,-0.92
336167,250.93,250.00,57,3.00,-0.93
336267,250.90,250.00,62,3.00,-0.90
336367,250.92,250.00,57,3.00,-0.92
336467,250.88,250.00,63,3.00,-0.88
336567,250.90,250.00,57,3.00,-0.90
336667,250.90,250.00,58,3.00,-0.90
336767,250.89,250.00,61,3.00,-0.89
336867,250.91,250.00,57,3.00,-0.91
336967,250.89,250.00,61,3.00,-0.89
337068,250.90,250.00,58,3.00,-0.90
337169,250.89,250.00,59,3.00,-0.89
337269,250.85,250.00,63,3.00,-0.85
337369,250.83,250.00,62,3.00,-0.83
337469,250.82,250.00,60,3.00,-0.82
337568,250.83,250.00,58,3.00,-0.83
337669,250.82,250.00,60,3.00,-0.82
337769,250.83,250.00,58,3.00,-0.83
337869,250.86,250.00,56,3.00,-0.86
337969,250.86,250.00,59,3.00,-0.86
338068,250.83,250.00,62,3.00,-0.83
338168,250.86,250.00,56,3.00,-0.86
338269,250.84,250.00,60,3.00,-0.84
338368,250.84,250.00,59,3.00,-0.84
338469,250.82,250.00,61,3.00,-0.82
338568,250.85,250.00,56,3.00,-0.85
338668,250.88,250.00,55,3.00,-0.88
338768,250.90,250.00,57,3.00,-0.90
338869,250.86,250.00,63,3.00,-0.86
338969,250.82,250.00,63,3.00,-0.82
339069,250.83,250.00,59,3.00,-0.83
339169,250.82,250.00,60,3.00,-0.82
339268,250.79,250.00,61,3.00,-0.79
339368,250.79,250.00,60,3.00,-0.79
339468,250.78,250.00,60,3.00,-0.78
339568,250.78,250.00,60,3.00,-0.78
339668,250.78,250.00,58,3.00,-0.78
339768,250.80,250.00,57,3.00,-0.80
339868,250.79,250.00,60,3.00,-0.79
339968,250.79,250.00,60,3.00,-0.79
340068,250.77,250.00,61,3.00,-0.77
340168,250.79,250.00,57,3.00,-0.79
340268,250.78,250.00,60,3.00,-0.78
340368,250.80,250.00,57,3.00,-0.80
340468,250.83,250.00,56,3.00,-0.83
340568,250.82,250.00,60,3.00,-0.82
340668,250.81,250.00,60,3.00,-0.81
340768,250.79,250.00,61,3.00,-0.79
340868,250.79,250.00,58,3.00,-0.79
340968,250.74,250.00,64,3.00,-0.74
341068,250.74,250.00,59,3.00,-0.74
341168,250.69,250.00,64,3.00,-0.69
341268,250.67,250.00,61,3.00,-0.67
341368,250.65,250.00,61,3.00,-0.65
341468,250.62,250.00,62,3.00,-0.62
341568,250.62,250.00,60,3.00,-0.62
341668,250.59,250.00,62,3.00,-0.59
341768,250.61,250.00,58,3.00,-0.61
341868,250.63,250.00,57,3.00,-0.63
341968,250.58,250.00,65,3.00,-0.58
342068,250.53,250.00,64,3.00,-0.53
342168,250.53,250.00,60,3.00,-0.53
342268,250.56,250.00,56,3.00,-0.56
342368,250.55,250.00,60,3.00,-0.55
342468,250.53,250.00,62,3.00,-0.53
342568,250.52,250.00,61,3.00,-0.52
342668,250.49,250.00,63,3.00,-0.49
342768,250.53,250.00,56,3.00,-0.53
342868,250.50,250.00,63,3.00,-0.50
342968,250.54,250.00,55,3.00,-0.54
343068,250.51,250.00,63,3.00,-0.51
343168,250.52,250.00,59,3.00,-0.52
343268,250.48,250.00,64,3.00,-0.48
343368,250.48,250.00,60,3.00,-0.48
343468,250.47,250.00,61,3.00,-0.47
343568,250.45,250.00,62,3.00,-0.45
343668,250.46,250.00,58,3.00,-0.46
343768,250.42,250.00,65,3.00,-0.42
343868,250.42,250.00,59,3.00,-0.42
343968,250.48,250.00,54,3.00,-0.48
344068,250.49,250.00,58,3.00,-0.49
344168,250.47,250.00,62,3.00,-0.47
344268,250.49,250.00,57,3.00,-0.49
344368,250.46,250.00,64,3.00,-0.46
344468,250.46,250.00,60,3.00,-0.46
344568,250.47,250.00,58,3.00,-0.47
344668,250.52,250.00,55,3.00,-0.52
344768,250.51,250.00,61,3.00,-0.51
344868,250.54,250.00,56,3.00,-0.54
344968,250.51,250.00,63,3.00,-0.51
345068,250.51,250.00,60,3.00,-0.51
345168,250.54,250.00,56,3.00,-0.54
345268,250.56,250.00,58,3.00,-0.56
345368,250.52,250.00,64,3.00,-0.52
345468,250.49,250.00,62,3.00,-0.49
345568,250.49,250.00,60,3.00,-0.49
345668,250.49,250.00,60,3.00,-0.49
345768,250.49,250.00,60,3.00,-0.49
345868,250.48,250.00,61,3.00,-0.48
345968,250.49,250.00,58,3.00,-0.49
346068,250.50,250.00,58,3.00,-0.50
346168,250.51,250.00,58,3.00,-0.51
346268,250.51,250.00,60,3.00,-0.51
346368,250.52,250.00,58,3.00,-0.52
346468,250.47,250.00,65,3.00,-0.47
346568,250.46,250.00,61,3.00,-0.46
346668,250.47,250.00,58,3.00,-0.47
346768,250.51,250.00,56,3.00,-0.51
346868,250.47,250.00,63,3.00,-0.47
346968,250.47,250.00,59,3.00,-0.47
347068,250.42,250.00,64,3.00,-0.42
347168,250.48,250.00,54,3.00,-0.48
347268,250.43,250.00,64,3.00,-0.43
347368,250.45,250.00,58,3.00,-0.45
347468,250.45,250.00,59,3.00,-0.45
347568,250.45,250.00,59,3.00,-0.45
347668,250.46,250.00,59,3.00,-0.46
347768,250.42,250.00,63,3.00,-0.42
347868,250.43,250.00,59,3.00,-0.43
347968,250.40,250.00,63,3.00,-0.40
348068,250.41,250.00,59,3.00,-0.41
348168,250.42,250.00,59,3.00,-0.42
348268,250.39,250.00,63,3.00,-0.39
348368,250.40,250.00,59,3.00,-0.40
348468,250.36,250.00,64,3.00,-0.36
348568,250.37,250.00,59,3.00,-0.37
348668,250.35,250.00,62,3.00,-0.35
348768,250.32,250.00,62,3.00,-0.32
348868,250.34,250.00,58,3.00,-0.34
348968,250.34,250.00,60,3.00,-0.34
349068,250.34,250.00,60,3.00,-0.34
349168,250.35,250.00,60,3.00,-0.35
349268,250.34,250.00,61,3.00,-0.34
349368,250.31,250.00,62,3.00,-0.31
349468,250.33,250.00,58,3.00,-0.33
349568,250.29,250.00,65,3.00,-0.29
349668,250.27,250.00,62,3.00,-0.27
349768,250.26,250.00,62,3.00,-0.26
349868,250.24,250.00,62,3.00,-0.24
349968,250.24,250.00,60,3.00,-0.24
350068,250.23,250.00,62,3.00,-0.23
350168,250.21,250.00,63,3.00,-0.21
350268,250.27,250.00,54,3.00,-0.27
350368,250.27,250.00,61,3.00,-0.27
350468,250.29,250.00,58,3.00,-0.29
350568,250.30,250.00,59,3.00,-0.30
350668,250.23,250.00,67,3.00,-0.23
350768,250.25,250.00,59,3.00,-0.25
350868,250.22,250.00,63,3.00,-0.22
350968,250.24,250.00,59,3.00,-0.24
351068,250.20,250.00,64,3.00,-0.20
351168,250.19,250.00,61,3.00,-0.19
351268,250.19,250.00,61,3.00,-0.19
351368,250.17,250.00,62,3.00,-0.17
351468,250.19,250.00,59,3.00,-0.19
351568,250.19,250.00,60,3.00,-0.19
351668,250.15,250.00,65,3.00,-0.15
351768,250.09,250.00,67,3.00,-0.09
351868,250.07,250.00,63,3.00,-0.07
351968,250.06,250.00,62,3.00,-0.06
352068,250.06,250.00,62,3.00,-0.06
352168,250.07,250.00,59,3.00,-0.07
352268,250.04,250.00,64,3.00,-0.04
352368,250.05,250.00,60,3.00,-0.05
352468,250.06,250.00,60,3.00,-0.06
352568,250.09,250.00,58,3.00,-0.09
352668,250.03,250.00,67,3.00,-0.03
352768,249.97,250.00,68,3.00,0.03
352868,249.94,250.00,65,3.00,0.06
352968,249.95,250.00,61,3.00,0.05
353068,249.96,250.00,60,3.00,0.04
353168,249.93,250.00,65,3.00,0.07
353268,249.96,250.00,58,3.00,0.04
353368,249.94,250.00,63,3.00,0.06
353468,249.94,250.00,62,3.00,0.06
353568,249.93,250.00,62,3.00,0.07
353668,249.98,250.00,57,3.00,0.02
353768,249.95,250.00,64,3.00,0.05
353868,249.95,250.00,62,3.00,0.05
353968,249.94,250.00,62,3.00,0.06
354068,249.95,250.00,61,3.00,0.05
354168,249.95,250.00,61,3.00,0.05
354268,249.97,250.00,60,3.00,0.03
354368,249.96,250.00,62,3.00,0.04
354468,249.98,250.00,60,3.00,0.02
354568,249.99,250.00,60,3.00,0.01
354668,250.02,250.00,59,3.00,-0.02
354768,250.03,250.00,60,3.00,-0.03
354868,250.00,250.00,64,3.00,-0.00
354968,249.98,250.00,64,3.00,0.02
355068,249.98,250.00,61,3.00,0.02
355168,249.97,250.00,62,3.00,0.03
355268,249.96,250.00,62,3.00,0.04
355368,249.99,250.00,58,3.00,0.01
355468,249.93,250.00,67,3.00,0.07
355568,249.95,250.00,60,3.00,0.05
355668,249.93,250.00,63,3.00,0.07
355768,249.96,250.00,58,3.00,0.04
355868,249.91,250.00,67,3.00,0.09
355968,249.89,250.00,63,3.00,0.11
356068,249.89,250.00,62,3.00,0.11
356168,249.87,250.00,64,3.00,0.13
356268,249.87,250.00,62,3.00,0.13
356368,249.90,250.00,59,3.00,0.10
356468,249.87,250.00,64,3.00,0.13
356568,249.87,250.00,62,3.00,0.13
356668,249.89,250.00,60,3.00,0.11
356768,249.90,250.00,61,3.00,0.10
356868,249.91,250.00,61,3.00,0.09
356968,249.88,250.00,64,3.00,0.12
357068,249.92,250.00,58,3.00,0.08
357168,249.90,250.00,63,3.00,0.10
357268,249.94,250.00,58,3.00,0.06
357368,249.94,250.00,61,3.00,0.06
357468,249.94,250.00,62,3.00,0.06
357568,249.94,250.00,61,3.00,0.06
357668,249.93,250.00,63,3.00,0.07
357768,249.91,250.00,63,3.00,0.09
357868,249.92,250.00,61,3.00,0.08
357968,249.94,250.00,59,3.00,0.06
358068,249.90,250.00,66,3.00,0.10
358168,249.87,250.00,64,3.00,0.13
358268,249.85,250.00,64,3.00,0.15
358368,249.84,250.00,63,3.00,0.16
358468,249.86,250.00,60,3.00,0.14
358568,249.84,250.00,64,3.00,0.16
358668,249.82,250.00,64,3.00,0.18
358768,249.80,250.00,64,3.00,0.20
358868,249.81,250.00,61,3.00,0.19
358968,249.82,250.00,61,3.00,0.18
359068,249.80,250.00,64,3.00,0.20
359168,249.80,250.00,62,3.00,0.20
359268,249.79,250.00,62,3.00,0.21
359368,249.83,250.00,59,3.00,0.17
359468,249.79,250.00,66,3.00,0.21
359568,249.80,250.00,61,3.00,0.20
359668,249.79,250.00,62,3.00,0.21
359768,249.78,250.00,64,3.00,0.22
359868,249.81,250.00,59,3.00,0.19
359968,249.83,250.00,60,3.00,0.17
360068,249.85,250.00,60,3.00,0.15
360168,249.83,250.00,64,3.00,0.17
360270,249.82,250.00,63,3.00,0.18
360369,249.82,250.00,63,3.00,0.18
360468,249.82,250.00,61,3.00,0.18
360569,249.78,250.00,66,3.00,0.22
360668,249.77,250.00,64,3.00,0.23
360768,249.78,250.00,61,3.00,0.22
360869,249.79,250.00,61,3.00,0.21
360968,249.81,250.00,60,3.00,0.19
361068,249.78,250.00,65,3.00,0.22
361168,249.79,250.00,61,3.00,0.21
361269,249.74,250.00,67,3.00,0.26
361368,249.78,250.00,58,3.00,0.22
361468,249.84,250.00,56,3.00,0.16
361569,249.82,250.00,64,3.00,0.18
361669,249.83,250.00,61,3.00,0.17
361769,249.83,250.00,61,3.00,0.17
361869,249.83,250.00,63,3.00,0.17
361969,249.83,250.00,61,3.00,0.17
362068,249.84,250.00,62,3.00,0.16
362168,249.88,250.00,58,3.00,0.12
362269,249.87,250.00,63,3.00,0.13
362369,249.87,250.00,62,3.00,0.13
362469,249.86,250.00,63,3.00,0.14
362569,249.86,250.00,62,3.00,0.14
362668,249.85,250.00,63,3.00,0.15
362768,249.81,250.00,67,3.00,0.19
362868,249.80,250.00,63,3.00,0.20
362968,249.81,250.00,61,3.00,0.19
363068,249.82,250.00,61,3.00,0.18
363168,249.83,250.00,61,3.00,0.17
363268,249.86,250.00,59,3.00,0.14
363368,249.81,250.00,67,3.00,0.19
363468,249.82,250.00,61,3.00,0.18
363568,249.77,250.00,68,3.00,0.23
363668,249.74,250.00,65,3.00,0.26
363768,249.77,250.00,60,3.00,0.23
363868,249.79,250.00,60,3.00,0.21
363970,249.75,250.00,66,3.00,0.25
364069,249.80,250.00,57,3.00,0.20
364170,249.78,250.00,65,3.00,0.22
364270,249.75,250.00,65,3.00,0.25
364370,249.81,250.00,56,3.00,0.19
364470,249.81,250.00,63,3.00,0.19
364570,249.77,250.00,66,3.00,0.23
364669,249.74,250.00,65,3.00,0.26
364769,249.76,250.00,61,3.00,0.24
364870,249.75,250.00,64,3.00,0.25
364970,249.75,250.00,62,3.00,0.25
365070,249.80,250.00,57,3.00,0.20
365170,249.78,250.00,64,3.00,0.22
365270,249.76,250.00,65,3.00,0.24
365369,249.75,250.00,64,3.00,0.25
365470,249.78,250.00,59,3.00,0.22
365570,249.79,250.00,61,3.00,0.21
365670,249.79,250.00,63,3.00,0.21
365769,249.78,250.00,64,3.00,0.22
365870,249.79,250.00,61,3.00,0.21
365969,249.82,250.00,59,3.00,0.18
366069,249.86,250.00,58,3.00,0.14
366169,249.88,250.00,61,3.00,0.12
366269,249.87,250.00,63,3.00,0.13
366369,249.87,250.00,62,3.00,0.13
366469,249.81,250.00,68,3.00,0.19
366569,249.81,250.00,63,3.00,0.19
366669,249.79,250.00,64,3.00,0.21
366769,249.75,250.00,66,3.00,0.25
366869,249.77,250.00,61,3.00,0.23
366969,249.78,250.00,61,3.00,0.22
367069,249.78,250.00,63,3.00,0.22
367169,249.81,250.00,59,3.00,0.19
367269,249.81,250.00,63,3.00,0.19
367369,249.83,250.00,60,3.00,0.17
367469,249.80,250.00,65,3.00,0.20
367569,249.81,250.00,61,3.00,0.19
367671,249.80,250.00,63,3.00,0.20
367771,249.82,250.00,60,3.00,0.18
367871,249.80,250.00,64,3.00,0.20
367971,249.79,250.00,64,3.00,0.21
368071,249.80,250.00,61,3.00,0.20
368170,249.83,250.00,59,3.00,0.17
368271,249.85,250.00,60,3.00,0.15
368371,249.82,250.00,66,3.00,0.18
368470,249.81,250.00,63,3.00,0.19
368571,249.76,250.00,68,3.00,0.24
368671,249.77,250.00,61,3.00,0.23
368771,249.76,250.00,64,3.00,0.24
368871,249.77,250.00,61,3.00,0.23
368971,249.78,250.00,61,3.00,0.22
369071,249.77,250.00,64,3.00,0.23
369171,249.78,250.00,61,3.00,0.22
369272,249.77,250.00,64,3.00,0.23
369371,249.76,250.00,64,3.00,0.24
369471,249.79,250.00,59,3.00,0.21
369571,249.78,250.00,64,3.00,0.22
369671,249.78,250.00,63,3.00,0.22
369771,249.79,250.00,61,3.00,0.21
369870,249.79,250.00,63,3.00,0.21
369970,249.77,250.00,64,3.00,0.23
370070,249.75,250.00,65,3.00,0.25
370170,249.74,250.00,64,3.00,0.26
370270,249.74,250.00,62,3.00,0.26
370370,249.72,250.00,65,3.00,0.28
370470,249.74,250.00,61,3.00,0.26
370570,249.72,250.00,65,3.00,0.28
370670,249.71,250.00,64,3.00,0.29
370770,249.74,250.00,60,3.00,0.26
370870,249.78,250.00,59,3.00,0.22
370970,249.74,250.00,66,3.00,0.26
371070,249.74,250.00,62,3.00,0.26
371170,249.70,250.00,67,3.00,0.30
371270,249.67,250.00,66,3.00,0.33
371370,249.69,250.00,61,3.00,0.31
371470,249.69,250.00,63,3.00,0.31
371570,249.68,250.00,63,3.00,0.32
371670,249.70,250.00,61,3.00,0.30
371770,249.74,250.00,59,3.00,0.26
371870,249.72,250.00,65,3.00,0.28
371970,249.70,250.00,65,3.00,0.30
372070,249.71,250.00,62,3.00,0.29
372170,249.69,250.00,65,3.00,0.31
372270,249.72,250.00,60,3.00,0.28
372370,249.75,250.00,60,3.00,0.25
372470,249.75,250.00,63,3.00,0.25
372570,249.75,250.00,63,3.00,0.25
372670,249.73,250.00,65,3.00,0.27
372770,249.71,250.00,65,3.00,0.29
372870,249.69,250.00,65,3.00,0.31
372970,249.72,250.00,60,3.00,0.28
373070,249.74,250.00,61,3.00,0.26
373170,249.75,250.00,61,3.00,0.25
373270,249.73,250.00,65,3.00,0.27
373370,249.75,250.00,61,3.00,0.25
373470,249.79,250.00,59,3.00,0.21
373570,249.80,250.00,62,3.00,0.20
373670,249.80,250.00,62,3.00,0.20
373770,249.79,250.00,64,3.00,0.21
373870,249.82,250.00,59,3.00,0.18
373970,249.82,250.00,63,3.00,0.18
374070,249.80,250.00,64,3.00,0.20
374170,249.84,250.00,58,3.00,0.16
374270,249.85,250.00,62,3.00,0.15
374370,249.85,250.00,62,3.00,0.15
374470,249.89,250.00,58,3.00,0.11
374570,249.89,250.00,62,3.00,0.11
374670,249.91,250.00,60,3.00,0.09
374770,249.90,250.00,64,3.00,0.10
374870,249.90,250.00,62,3.00,0.10
374970,249.93,250.00,59,3.00,0.07
375070,249.94,250.00,61,3.00,0.06
375170,249.91,250.00,65,3.00,0.09
375270,249.91,250.00,62,3.00,0.09
375370,249.88,250.00,65,3.00,0.12
375470,249.88,250.00,62,3.00,0.12
375570,249.92,250.00,59,3.00,0.08
375670,249.91,250.00,63,3.00,0.09
375770,249.94,250.00,60,3.00,0.06
375870,249.95,250.00,60,3.00,0.05
375970,249.97,250.00,60,3.00,0.03
376070,250.02,250.00,57,3.00,-0.02
376170,250.00,250.00,64,3.00,0.00
376270,250.00,250.00,62,3.00,0.00
376370,249.99,250.00,63,3.00,0.01
376470,250.01,250.00,59,3.00,-0.01
376570,250.01,250.00,62,3.00,-0.01
376670,249.99,250.00,64,3.00,0.01
376770,250.00,250.00,60,3.00,-0.00
376870,250.02,250.00,59,3.00,-0.02
376970,250.01,250.00,63,3.00,-0.01
377070,249.99,250.00,64,3.00,0.01
377170,250.02,250.00,58,3.00,-0.02
377270,250.00,250.00,64,3.00,0.00
377370,249.99,250.00,63,3.00,0.01
377470,249.99,250.00,62,3.00,0.01
377570,249.98,250.00,63,3.00,0.02
377670,250.00,250.00,59,3.00,-0.00
377770,250.00,250.00,62,3.00,-0.00
377870,249.99,250.00,63,3.00,0.01
377970,249.97,250.00,64,3.00,0.03
378070,249.99,250.00,60,3.00,0.01
378170,249.96,250.00,64,3.00,0.04
378270,249.96,250.00,63,3.00,0.04
378370,249.97,250.00,60,3.00,0.03
378470,249.95,250.00,64,3.00,0.05
378570,249.98,250.00,59,3.00,0.02
378670,250.00,250.00,60,3.00,0.00
378770,249.97,250.00,64,3.00,0.03
378870,249.99,250.00,60,3.00,0.01
378970,249.97,250.00,64,3.00,0.03
379070,249.99,250.00,59,3.00,0.01
379170,250.02,250.00,59,3.00,-0.02
379270,250.02,250.00,62,3.00,-0.02
379370,250.02,250.00,62,3.00,-0.02
379470,250.04,250.00,59,3.00,-0.04
379570,250.00,250.00,66,3.00,0.00
379670,250.01,250.00,61,3.00,-0.01
379770,250.04,250.00,59,3.00,-0.04
379870,250.03,250.00,62,3.00,-0.03
379970,250.02,250.00,63,3.00,-0.02
380070,250.03,250.00,61,3.00,-0.03
380170,250.06,250.00,58,3.00,-0.06
380270,250.04,250.00,63,3.00,-0.04
380370,250.02,250.00,65,3.00,-0.02
380470,250.03,250.00,61,3.00,-0.03
380570,250.01,250.00,63,3.00,-0.01
380670,250.01,250.00,62,3.00,-0.01
380770,250.01,250.00,62,3.00,-0.01
380870,249.99,250.00,64,3.00,0.01
380970,250.00,250.00,60,3.00,-0.00
381070,250.02,250.00,59,3.00,-0.02
381170,250.01,250.00,63,3.00,-0.01
381270,250.03,250.00,59,3.00,-0.03
381370,250.08,250.00,57,3.00,-0.08
381470,250.08,250.00,61,3.00,-0.08
381570,250.09,250.00,61,3.00,-0.09
381670,250.06,250.00,65,3.00,-0.06
381770,250.03,250.00,65,3.00,-0.03
381870,250.06,250.00,58,3.00,-0.06
381970,250.05,250.00,62,3.00,-0.05
382070,250.07,250.00,60,3.00,-0.07
382170,250.05,250.00,63,3.00,-0.05
382270,250.07,250.00,60,3.00,-0.07
382370,250.07,250.00,62,3.00,-0.07
382470,250.05,250.00,63,3.00,-0.05
382570,250.07,250.00,60,3.00,-0.07
382670,250.06,250.00,62,3.00,-0.06
382770,250.09,250.00,58,3.00,-0.09
382870,250.10,250.00,61,3.00,-0.10
382970,250.10,250.00,61,3.00,-0.10
383070,250.10,250.00,61,3.00,-0.10
383170,250.13,250.00,59,3.00,-0.13
383270,250.11,250.00,63,3.00,-0.11
383370,250.10,250.00,62,3.00,-0.10
383470,250.14,250.00,57,3.00,-0.14
383570,250.12,250.00,64,3.00,-0.12
383670,250.13,250.00,60,3.00,-0.13
383770,250.12,250.00,63,3.00,-0.12
383870,250.14,250.00,59,3.00,-0.14
383970,250.16,250.00,59,3.00,-0.16
384070,250.16,250.00,62,3.00,-0.16
384170,250.17,250.00,60,3.00,-0.17
384270,250.13,250.00,65,3.00,-0.13
384370,250.14,250.00,60,3.00,-0.14
384470,250.11,250.00,64,3.00,-0.11
384570,250.10,250.00,62,3.00,-0.10
384670,250.12,250.00,60,3.00,-0.12
384770,250.11,250.00,62,3.00,-0.11
384870,250.13,250.00,59,3.00,-0.13
384970,250.13,250.00,61,3.00,-0.13
385070,250.13,250.00,61,3.00,-0.13
385170,250.14,250.00,60,3.00,-0.14
385270,250.15,250.00,60,3.00,-0.15
385370,250.17,250.00,59,3.00,-0.17
385470,250.14,250.00,64,3.00,-0.14
385570,250.17,250.00,59,3.00,-0.17
385670,250.14,250.00,64,3.00,-0.14
385770,250.17,250.00,58,3.00,-0.17
385870,250.13,250.00,65,3.00,-0.13
385970,250.12,250.00,63,3.00,-0.12
386070,250.14,250.00,59,3.00,-0.14
386170,250.13,250.00,63,3.00,-0.13
386270,250.12,250.00,63,3.00,-0.12
386370,250.12,250.00,61,3.00,-0.12
386470,250.15,250.00,57,3.00,-0.15
386570,250.12,250.00,65,3.00,-0.12
386670,250.09,250.00,64,3.00,-0.09
386770,250.10,250.00,61,3.00,-0.10
386870,250.07,250.00,64,3.00,-0.07
386970,250.07,250.00,62,3.00,-0.07
387070,250.07,250.00,61,3.00,-0.07
387170,250.07,250.00,62,3.00,-0.07
387270,250.07,250.00,61,3.00,-0.07
387370,250.05,250.00,63,3.00,-0.05
387470,250.04,250.00,63,3.00,-0.04
387570,250.02,250.00,63,3.00,-0.02
387670,250.02,250.00,62,3.00,-0.02
387770,249.99,250.00,64,3.00,0.01
387870,250.00,250.00,62,3.00,0.00
387970,249.96,250.00,65,3.00,0.04
388070,249.95,250.00,63,3.00,0.05
388170,249.98,250.00,59,3.00,0.02
388270,249.98,250.00,62,3.00,0.02
388370,250.00,250.00,60,3.00,0.00
388470,250.01,250.00,60,3.00,-0.01
388570,250.05,250.00,58,3.00,-0.05
388670,250.03,250.00,63,3.00,-0.03
388770,250.00,250.00,64,3.00,-0.00
388870,250.00,250.00,62,3.00,-0.00
388970,249.99,250.00,63,3.00,0.01
389070,250.02,250.00,59,3.00,-0.02
389170,250.04,250.00,59,3.00,-0.04
389270,250.00,250.00,66,3.00,-0.00
389370,250.00,250.00,62,3.00,-0.00
389470,249.98,250.00,64,3.00,0.02
389570,250.00,250.00,59,3.00,-0.00
389670,249.97,250.00,65,3.00,0.03
389770,249.97,250.00,61,3.00,0.03
389870,249.94,250.00,65,3.00,0.06
389970,249.97,250.00,59,3.00,0.03
390070,249.95,250.00,64,3.00,0.05
390170,249.93,250.00,64,3.00,0.07
390270,249.96,250.00,59,3.00,0.04
390370,249.95,250.00,63,3.00,0.05
390470,249.97,250.00,60,3.00,0.03
390570,250.00,250.00,59,3.00,0.00
390670,250.01,250.00,60,3.00,-0.01
390770,250.00,250.00,63,3.00,0.00
390870,249.99,250.00,63,3.00,0.01
390970,249.99,250.00,62,3.00,0.01
391070,249.98,250.00,63,3.00,0.02
391170,249.98,250.00,62,3.00,0.02
391270,250.01,250.00,59,3.00,-0.01
391370,250.01,250.00,62,3.00,-0.01
391470,250.01,250.00,62,3.00,-0.01
391570,249.98,250.00,64,3.00,0.02
391670,250.01,250.00,59,3.00,-0.01
391770,249.98,250.00,64,3.00,0.02
391870,250.01,250.00,59,3.00,-0.01
391970,249.97,250.00,65,3.00,0.03
392070,249.97,250.00,63,3.00,0.03
392170,249.97,250.00,61,3.00,0.03
392270,249.96,250.00,63,3.00,0.04
392370,249.98,250.00,60,3.00,0.02
392470,249.97,250.00,63,3.00,0.03
392570,249.98,250.00,60,3.00,0.02
392670,249.95,250.00,65,3.00,0.05
392770,249.96,250.00,61,3.00,0.04
392870,249.98,250.00,59,3.00,0.02
392970,249.97,250.00,63,3.00,0.03
393070,249.97,250.00,63,3.00,0.03
393170,249.93,250.00,65,3.00,0.07
393270,249.92,250.00,64,3.00,0.08
393370,249.91,250.00,62,3.00,0.09
393470,249.88,250.00,66,3.00,0.12
393570,249.88,250.00,62,3.00,0.12
393670,249.85,250.00,65,3.00,0.15
393770,249.87,250.00,61,3.00,0.13
393870,249.88,250.00,61,3.00,0.12
393970,249.87,250.00,63,3.00,0.13
394070,249.86,250.00,63,3.00,0.14
394170,249.86,250.00,62,3.00,0.14
394270,249.82,250.00,67,3.00,0.18
394370,249.78,250.00,67,3.00,0.22
394470,249.80,250.00,60,3.00,0.20
394570,249.78,250.00,64,3.00,0.22
394670,249.79,250.00,62,3.00,0.21
394770,249.79,250.00,63,3.00,0.21
394870,249.82,250.00,59,3.00,0.18
394970,249.80,250.00,66,3.00,0.20
395070,249.76,250.00,67,3.00,0.24
395170,249.75,250.00,64,3.00,0.25
395270,249.72,250.00,65,3.00,0.28
395370,249.74,250.00,61,3.00,0.26
395470,249.77,250.00,60,3.00,0.23
395570,249.75,250.00,64,3.00,0.25
395670,249.74,250.00,64,3.00,0.26
395770,249.76,250.00,61,3.00,0.24
395870,249.77,250.00,61,3.00,0.23
395970,249.75,250.00,65,3.00,0.25
396070,249.74,250.00,64,3.00,0.26
396170,249.73,250.00,64,3.00,0.27
396270,249.73,250.00,63,3.00,0.27
396370,249.74,250.00,63,3.00,0.26
396470,249.70,250.00,66,3.00,0.30
396570,249.73,250.00,60,3.00,0.27
396670,249.75,250.00,61,3.00,0.25
396770,249.73,250.00,65,3.00,0.27
396870,249.72,250.00,64,3.00,0.28
396970,249.78,250.00,56,3.00,0.22
397070,249.73,250.00,68,3.00,0.27
397170,249.69,250.00,68,3.00,0.31
397270,249.67,250.00,65,3.00,0.33
397370,249.64,250.00,67,3.00,0.36
397470,249.61,250.00,66,3.00,0.39
397570,249.58,250.00,67,3.00,0.42
397670,249.56,250.00,65,3.00,0.44
397770,249.57,250.00,63,3.00,0.43
397870,249.59,250.00,62,3.00,0.41
397970,249.60,250.00,63,3.00,0.40
398070,249.57,250.00,67,3.00,0.43
398170,249.55,250.00,65,3.00,0.45
398270,249.50,250.00,69,3.00,0.50
398370,249.53,250.00,61,3.00,0.47
398470,249.48,250.00,69,3.00,0.52
398570,249.47,250.00,65,3.00,0.53
398670,249.49,250.00,62,3.00,0.51
398770,249.52,250.00,61,3.00,0.48
398870,249.52,250.00,64,3.00,0.48
398970,249.53,250.00,63,3.00,0.47
399070,249.53,250.00,64,3.00,0.47
399170,249.56,250.00,61,3.00,0.44
399270,249.55,250.00,64,3.00,0.45
399370,249.54,250.00,65,3.00,0.46
399470,249.53,250.00,65,3.00,0.47
399570,249.53,250.00,64,3.00,0.47
399670,249.54,250.00,63,3.00,0.46
399770,249.53,250.00,65,3.00,0.47
399870,249.55,250.00,61,3.00,0.45
399970,249.56,250.00,63,3.00,0.44
400070,249.58,250.00,62,3.00,0.42
400170,249.60,250.00,62,3.00,0.40
400270,249.63,250.00,61,3.00,0.37
400370,249.59,250.00,67,3.00,0.41
400470,249.58,250.00,66,3.00,0.42
400570,249.56,250.00,66,3.00,0.44
400670,249.54,250.00,65,3.00,0.46
400770,249.57,250.00,62,3.00,0.43
400870,249.55,250.00,65,3.00,0.45
400970,249.55,250.00,64,3.00,0.45
401070,249.55,250.00,64,3.00,0.45
401170,249.56,250.00,63,3.00,0.44
401270,249.53,250.00,67,3.00,0.47
401370,249.53,250.00,64,3.00,0.47
401470,249.53,250.00,64,3.00,0.47
401570,249.52,250.00,65,3.00,0.48
401670,249.51,250.00,65,3.00,0.49
401770,249.51,250.00,64,3.00,0.49
401870,249.51,250.00,64,3.00,0.49
401970,249.51,250.00,64,3.00,0.49
402070,249.49,250.00,66,3.00,0.51
402170,249.48,250.00,65,3.00,0.52
402270,249.51,250.00,61,3.00,0.49
402370,249.54,250.00,62,3.00,0.46
402470,249.51,250.00,67,3.00,0.49
402570,249.50,250.00,65,3.00,0.50
402670,249.46,250.00,69,3.00,0.54
402770,249.45,250.00,65,3.00,0.55
402870,249.48,250.00,61,3.00,0.52
402970,249.52,250.00,60,3.00,0.48
403070,249.49,250.00,68,3.00,0.51
403170,249.52,250.00,61,3.00,0.48
403270,249.53,250.00,63,3.00,0.47
403370,249.51,250.00,67,3.00,0.49
403470,249.48,250.00,67,3.00,0.52
403570,249.48,250.00,65,3.00,0.52
403670,249.46,250.00,66,3.00,0.54
403770,249.48,250.00,63,3.00,0.52
403870,249.51,250.00,61,3.00,0.49
403970,249.51,250.00,64,3.00,0.49
404070,249.52,250.00,63,3.00,0.48
404170,249.55,250.00,62,3.00,0.45
404270,249.57,250.00,62,3.00,0.43
404370,249.54,250.00,67,3.00,0.46
404470,249.54,250.00,64,3.00,0.46
404570,249.54,250.00,64,3.00,0.46
404670,249.55,250.00,63,3.00,0.45
404770,249.54,250.00,66,3.00,0.46
404870,249.52,250.00,66,3.00,0.48
404970,249.56,250.00,61,3.00,0.44
405070,249.58,250.00,62,3.00,0.42
405170,249.59,250.00,63,3.00,0.41
405270,249.59,250.00,63,3.00,0.41
405370,249.60,250.00,64,3.00,0.40
405470,249.58,250.00,66,3.00,0.42
405570,249.55,250.00,67,3.00,0.45
405670,249.55,250.00,64,3.00,0.45
405770,249.55,250.00,64,3.00,0.45
405870,249.53,250.00,66,3.00,0.47
405970,249.53,250.00,64,3.00,0.47
406070,249.57,250.00,61,3.00,0.43
406170,249.58,250.00,63,3.00,0.42
406270,249.56,250.00,66,3.00,0.44
406370,249.54,250.00,66,3.00,0.46
406470,249.52,250.00,67,3.00,0.48
406570,249.53,250.00,63,3.00,0.47
406670,249.51,250.00,67,3.00,0.49
406770,249.53,250.00,62,3.00,0.47
406870,249.50,250.00,68,3.00,0.50
406970,249.49,250.00,65,3.00,0.51
407070,249.53,250.00,60,3.00,0.47
407170,249.53,250.00,64,3.00,0.47
407270,249.54,250.00,63,3.00,0.46
407370,249.50,250.00,68,3.00,0.50
407470,249.53,250.00,62,3.00,0.47
407570,249.60,250.00,57,3.00,0.40
407670,249.62,250.00,62,3.00,0.38
407770,249.66,250.00,60,3.00,0.34
407870,249.66,250.00,64,3.00,0.34
407970,249.69,250.00,60,3.00,0.31
408070,249.73,250.00,59,3.00,0.27
408170,249.71,250.00,66,3.00,0.29
408270,249.73,250.00,62,3.00,0.27
408370,249.78,250.00,58,3.00,0.22
408470,249.77,250.00,65,3.00,0.23
408570,249.74,250.00,66,3.00,0.26
408670,249.76,250.00,62,3.00,0.24
408770,249.74,250.00,66,3.00,0.26
408870,249.73,250.00,65,3.00,0.27
408970,249.70,250.00,67,3.00,0.30
409070,249.67,250.00,67,3.00,0.33
409170,249.69,250.00,62,3.00,0.31
409270,249.68,250.00,64,3.00,0.32
409370,249.68,250.00,64,3.00,0.32
409470,249.69,250.00,63,3.00,0.31
409570,249.73,250.00,59,3.00,0.27
409670,249.75,250.00,62,3.00,0.25
409770,249.75,250.00,64,3.00,0.25
409870,249.75,250.00,64,3.00,0.25
409970,249.74,250.00,65,3.00,0.26
410070,249.73,250.00,65,3.00,0.27
410170,249.74,250.00,63,3.00,0.26
410270,249.73,250.00,65,3.00,0.27
410370,249.75,250.00,61,3.00,0.25
410470,249.74,250.00,65,3.00,0.26
410570,249.73,250.00,65,3.00,0.27
410670,249.71,250.00,66,3.00,0.29
410770,249.72,250.00,63,3.00,0.28
410870,249.69,250.00,67,3.00,0.31
410970,249.70,250.00,63,3.00,0.30
411070,249.71,250.00,62,3.00,0.29
411170,249.72,250.00,63,3.00,0.28
411270,249.70,250.00,66,3.00,0.30
411370,249.74,250.00,60,3.00,0.26
411470,249.77,250.00,61,3.00,0.23
411570,249.75,250.00,66,3.00,0.25
411670,249.77,250.00,61,3.00,0.23
411770,249.81,250.00,60,3.00,0.19
411870,249.77,250.00,68,3.00,0.23
411970,249.78,250.00,62,3.00,0.22
412070,249.77,250.00,65,3.00,0.23
412170,249.79,250.00,61,3.00,0.21
412270,249.82,250.00,60,3.00,0.18
412370,249.79,250.00,67,3.00,0.21
412470,249.81,250.00,61,3.00,0.19
412570,249.85,250.00,60,3.00,0.15
412670,249.89,250.00,59,3.00,0.11
412770,249.86,250.00,66,3.00,0.14
412870,249.86,250.00,63,3.00,0.14
412970,249.87,250.00,63,3.00,0.13
413070,249.88,250.00,62,3.00,0.12
413170,249.89,250.00,62,3.00,0.11
413270,249.88,250.00,65,3.00,0.12
413370,249.90,250.00,61,3.00,0.10
413470,249.90,250.00,63,3.00,0.10
413570,249.91,250.00,62,3.00,0.09
413670,249.92,250.00,62,3.00,0.08
413770,249.95,250.00,60,3.00,0.05
413870,249.94,250.00,65,3.00,0.06
413970,249.91,250.00,66,3.00,0.09
414070,249.93,250.00,61,3.00,0.07
414170,249.91,250.00,65,3.00,0.09
414270,249.90,250.00,65,3.00,0.10
414370,249.90,250.00,63,3.00,0.10
414470,249.89,250.00,63,3.00,0.11
414570,249.91,250.00,62,3.00,0.09
414670,249.89,250.00,65,3.00,0.11
414770,249.89,250.00,63,3.00,0.11
414870,249.93,250.00,60,3.00,0.07
414970,249.93,250.00,62,3.00,0.07
415070,249.91,250.00,66,3.00,0.09
415170,249.93,250.00,61,3.00,0.07
415270,249.94,250.00,62,3.00,0.06
415370,249.92,250.00,65,3.00,0.08
415470,249.95,250.00,60,3.00,0.05
415570,249.94,250.00,64,3.00,0.06
415670,249.96,250.00,61,3.00,0.04
415770,249.98,250.00,61,3.00,0.02
415870,250.02,250.00,59,3.00,-0.02
415970,249.99,250.00,65,3.00,0.01
416070,249.97,250.00,65,3.00,0.03
416170,249.97,250.00,63,3.00,0.03
416270,249.95,250.00,65,3.00,0.05
416370,249.96,250.00,62,3.00,0.04
416470,249.97,250.00,61,3.00,0.03
416570,249.95,250.00,65,3.00,0.05
416670,249.97,250.00,61,3.00,0.03
416770,249.95,250.00,65,3.00,0.05
416870,250.00,250.00,57,3.00,-0.00
416970,250.00,250.00,63,3.00,-0.00
417070,250.03,250.00,60,3.00,-0.03
417170,250.04,250.00,62,3.00,-0.04
417270,250.03,250.00,63,3.00,-0.03
417370,250.01,250.00,65,3.00,-0.01
417470,250.01,250.00,63,3.00,-0.01
417570,250.04,250.00,59,3.00,-0.04
417670,250.06,250.00,61,3.00,-0.06
417770,250.07,250.00,62,3.00,-0.07
417870,250.10,250.00,59,3.00,-0.10
417970,250.11,250.00,61,3.00,-0.11
418070,250.16,250.00,57,3.00,-0.16
418170,250.13,250.00,65,3.00,-0.13
418270,250.15,250.00,61,3.00,-0.15
418370,250.13,250.00,64,3.00,-0.13
418470,250.15,250.00,60,3.00,-0.15
418570,250.16,250.00,61,3.00,-0.16
418670,250.16,250.00,63,3.00,-0.16
418770,250.17,250.00,61,3.00,-0.17
418870,250.15,250.00,64,3.00,-0.15
418970,250.18,250.00,59,3.00,-0.18
419070,250.17,250.00,64,3.00,-0.17
419170,250.21,250.00,58,3.00,-0.21
419270,250.18,250.00,65,3.00,-0.18
419370,250.17,250.00,63,3.00,-0.17
419470,250.14,250.00,65,3.00,-0.14
419570,250.11,250.00,66,3.00,-0.11
419670,250.14,250.00,58,3.00,-0.14
419770,250.14,250.00,62,3.00,-0.14
419870,250.15,250.00,61,3.00,-0.15
419970,250.17,250.00,60,3.00,-0.17
420070,250.19,250.00,60,3.00,-0.19
420170,250.23,250.00,58,3.00,-0.23
420270,250.21,250.00,64,3.00,-0.21
420370,250.21,250.00,62,3.00,-0.21
420470,250.20,250.00,63,3.00,-0.20
420570,250.22,250.00,60,3.00,-0.22
420670,250.26,250.00,58,3.00,-0.26
420770,250.23,250.00,64,3.00,-0.23
420870,250.25,250.00,60,3.00,-0.25
420970,250.23,250.00,63,3.00,-0.23
421070,250.26,250.00,59,3.00,-0.26
421170,250.25,250.00,63,3.00,-0.25
421270,250.29,250.00,57,3.00,-0.29
421370,250.29,250.00,62,3.00,-0.29
421470,250.31,250.00,60,3.00,-0.31
421570,250.27,250.00,66,3.00,-0.27
421670,250.24,250.00,64,3.00,-0.24
421770,250.26,250.00,59,3.00,-0.26
421870,250.26,250.00,62,3.00,-0.26
421970,250.28,250.00,59,3.00,-0.28
422070,250.26,250.00,64,3.00,-0.26
422170,250.28,250.00,59,3.00,-0.28
422270,250.32,250.00,57,3.00,-0.32
422370,250.30,250.00,63,3.00,-0.30
422470,250.31,250.00,61,3.00,-0.31
422570,250.30,250.00,62,3.00,-0.30
422670,250.33,250.00,58,3.00,-0.33
422770,250.34,250.00,61,3.00,-0.34
422870,250.31,250.00,64,3.00,-0.31
422970,250.34,250.00,58,3.00,-0.34
423070,250.33,250.00,62,3.00,-0.33
423170,250.34,250.00,61,3.00,-0.34
423270,250.38,250.00,57,3.00,-0.38
423370,250.39,250.00,60,3.00,-0.39
423470,250.40,250.00,60,3.00,-0.40
423570,250.42,250.00,59,3.00,-0.42
423670,250.38,250.00,65,3.00,-0.38
423770,250.40,250.00,59,3.00,-0.40
423870,250.43,250.00,58,3.00,-0.43
423970,250.42,250.00,62,3.00,-0.42
424070,250.42,250.00,62,3.00,-0.42
424170,250.39,250.00,64,3.00,-0.39
424270,250.41,250.00,59,3.00,-0.41
424370,250.39,250.00,63,3.00,-0.39
424470,250.38,250.00,63,3.00,-0.38
424570,250.39,250.00,60,3.00,-0.39
424670,250.37,250.00,63,3.00,-0.37
424770,250.41,250.00,57,3.00,-0.41
424870,250.42,250.00,60,3.00,-0.42
424970,250.40,250.00,63,3.00,-0.40
425070,250.42,250.00,59,3.00,-0.42
425170,250.40,250.00,63,3.00,-0.40
425270,250.43,250.00,58,3.00,-0.43
425370,250.43,250.00,62,3.00,-0.43
425470,250.47,250.00,56,3.00,-0.47
425570,250.45,250.00,63,3.00,-0.45
425670,250.47,250.00,58,3.00,-0.47
425770,250.44,250.00,64,3.00,-0.44
425870,250.46,250.00,59,3.00,-0.46
425970,250.51,250.00,55,3.00,-0.51
426070,250.52,250.00,59,3.00,-0.52
426170,250.55,250.00,57,3.00,-0.55
426270,250.54,250.00,61,3.00,-0.54
426370,250.59,250.00,56,3.00,-0.59
426470,250.59,250.00,60,3.00,-0.59
426570,250.58,250.00,61,3.00,-0.58
426670,250.59,250.00,59,3.00,-0.59
426770,250.59,250.00,60,3.00,-0.59
426870,250.62,250.00,57,3.00,-0.62
426970,250.63,250.00,59,3.00,-0.63
427070,250.61,250.00,61,3.00,-0.61
427170,250.64,250.00,58,3.00,-0.64
427270,250.62,250.00,61,3.00,-0.62
427370,250.62,250.00,60,3.00,-0.62
427470,250.61,250.00,61,3.00,-0.61
427570,250.62,250.00,59,3.00,-0.62
427670,250.62,250.00,60,3.00,-0.62
427770,250.63,250.00,59,3.00,-0.63
427870,250.60,250.00,63,3.00,-0.60
427970,250.63,250.00,57,3.00,-0.63
428070,250.66,250.00,56,3.00,-0.66
428170,250.67,250.00,59,3.00,-0.67
428270,250.67,250.00,59,3.00,-0.67
428370,250.68,250.00,59,3.00,-0.68
428470,250.69,250.00,58,3.00,-0.69
428570,250.67,250.00,62,3.00,-0.67
428670,250.65,250.00,62,3.00,-0.65
428770,250.66,250.00,59,3.00,-0.66
428870,250.66,250.00,60,3.00,-0.66
428970,250.66,250.00,59,3.00,-0.66
429070,250.67,250.00,59,3.00,-0.67
429170,250.67,250.00,59,3.00,-0.67
429270,250.69,250.00,58,3.00,-0.69
429370,250.72,250.00,57,3.00,-0.72
429470,250.72,250.00,59,3.00,-0.72
429570,250.70,250.00,62,3.00,-0.70
429670,250.72,250.00,57,3.00,-0.72
429770,250.70,250.00,62,3.00,-0.70
429870,250.71,250.00,58,3.00,-0.71
429970,250.71,250.00,59,3.00,-0.71
430070,250.70,250.00,60,3.00,-0.70
430170,250.72,250.00,58,3.00,-0.72
430270,250.71,250.00,60,3.00,-0.71
430370,250.71,250.00,59,3.00,-0.71
430470,250.69,250.00,62,3.00,-0.69
430570,250.70,250.00,58,3.00,-0.70
430670,250.68,250.00,61,3.00,-0.68
430770,250.68,250.00,59,3.00,-0.68
430870,250.69,250.00,59,3.00,-0.69
430970,250.67,250.00,61,3.00,-0.67
431070,250.66,250.00,60,3.00,-0.66
431170,250.68,250.00,57,3.00,-0.68
431270,250.66,250.00,61,3.00,-0.66
431370,250.67,250.00,59,3.00,-0.67
431470,250.67,250.00,59,3.00,-0.67
431570,250.65,250.00,61,3.00,-0.65
431670,250.62,250.00,62,3.00,-0.62
431770,250.65,250.00,57,3.00,-0.65
431870,250.62,250.00,62,3.00,-0.62
431970,250.63,250.00,58,3.00,-0.63
432070,250.61,250.00,61,3.00,-0.61
432170,250.61,250.00,60,3.00,-0.61
432270,250.64,250.00,57,3.00,-0.64
432370,250.62,250.00,61,3.00,-0.62
432470,250.63,250.00,58,3.00,-0.63
432570,250.60,250.00,62,3.00,-0.60
432670,250.64,250.00,56,3.00,-0.64
432770,250.63,250.00,61,3.00,-0.63
432870,250.62,250.00,60,3.00,-0.62
432970,250.62,250.00,60,3.00,-0.62
433070,250.61,250.00,61,3.00,-0.61
433170,250.61,250.00,59,3.00,-0.61
433270,250.61,250.00,59,3.00,-0.61
433370,250.58,250.00,62,3.00,-0.58
433470,250.58,250.00,59,3.00,-0.58
433570,250.56,250.00,62,3.00,-0.56
433670,250.55,250.00,60,3.00,-0.55
433770,250.58,250.00,56,3.00,-0.58
433870,250.59,250.00,59,3.00,-0.59
433970,250.56,250.00,62,3.00,-0.56
434070,250.58,250.00,58,3.00,-0.58
434170,250.53,250.00,64,3.00,-0.53
434270,250.53,250.00,60,3.00,-0.53
434370,250.56,250.00,56,3.00,-0.56
434470,250.56,250.00,59,3.00,-0.56
434570,250.57,250.00,59,3.00,-0.57
434670,250.55,250.00,62,3.00,-0.55
434770,250.57,250.00,58,3.00,-0.57
434870,250.55,250.00,61,3.00,-0.55
434970,250.55,250.00,59,3.00,-0.55
435070,250.54,250.00,60,3.00,-0.54
435170,250.53,250.00,61,3.00,-0.53
435270,250.55,250.00,57,3.00,-0.55
435370,250.56,250.00,58,3.00,-0.56
435470,250.53,250.00,63,3.00,-0.53
435570,250.54,250.00,59,3.00,-0.54
435670,250.51,250.00,62,3.00,-0.51
435770,250.51,250.00,60,3.00,-0.51
435870,250.53,250.00,57,3.00,-0.53
435970,250.55,250.00,57,3.00,-0.55
436070,250.53,250.00,61,3.00,-0.53
436170,250.56,250.00,56,3.00,-0.56
436270,250.54,250.00,61,3.00,-0.54
436370,250.56,250.00,57,3.00,-0.56
436470,250.59,250.00,56,3.00,-0.59
436570,250.58,250.00,60,3.00,-0.58
436670,250.58,250.00,59,3.00,-0.58
436770,250.58,250.00,59,3.00,-0.58
436870,250.62,250.00,55,3.00,-0.62
436970,250.61,250.00,60,3.00,-0.61
437070,250.61,250.00,59,3.00,-0.61
437170,250.61,250.00,59,3.00,-0.61
437270,250.59,250.00,60,3.00,-0.59
437370,250.58,250.00,60,3.00,-0.58
437470,250.61,250.00,56,3.00,-0.61
437570,250.60,250.00,60,3.00,-0.60
437670,250.61,250.00,58,3.00,-0.61
437770,250.57,250.00,63,3.00,-0.57
437870,250.59,250.00,58,3.00,-0.59
437970,250.57,250.00,61,3.00,-0.57
438070,250.59,250.00,56,3.00,-0.59
438170,250.55,250.00,64,3.00,-0.55
438270,250.54,250.00,60,3.00,-0.54
438370,250.50,250.00,64,3.00,-0.50
438470,250.51,250.00,58,3.00,-0.51
438570,250.52,250.00,58,3.00,-0.52
438670,250.52,250.00,60,3.00,-0.52
438770,250.52,250.00,58,3.00,-0.52
438870,250.48,250.00,63,3.00,-0.48
438970,250.52,250.00,56,3.00,-0.52
439070,250.50,250.00,61,3.00,-0.50
439170,250.48,250.00,62,3.00,-0.48
439270,250.48,250.00,59,3.00,-0.48
439370,250.46,250.00,62,3.00,-0.46
439470,250.45,250.00,60,3.00,-0.45
439570,250.47,250.00,57,3.00,-0.47
439670,250.45,250.00,62,3.00,-0.45
439770,250.45,250.00,59,3.00,-0.45
439870,250.43,250.00,62,3.00,-0.43
439970,250.45,250.00,58,3.00,-0.45
440070,250.43,250.00,62,3.00,-0.43
440170,250.46,250.00,56,3.00,-0.46
440270,250.41,250.00,64,3.00,-0.41
440370,250.41,250.00,60,3.00,-0.41
440470,250.42,250.00,59,3.00,-0.42
440570,250.40,250.00,61,3.00,-0.40
440670,250.42,250.00,57,3.00,-0.42
440770,250.40,250.00,61,3.00,-0.40
440870,250.39,250.00,61,3.00,-0.39
440970,250.35,250.00,64,3.00,-0.35
441070,250.39,250.00,56,3.00,-0.39
441170,250.36,250.00,62,3.00,-0.36
441270,250.34,250.00,62,3.00,-0.34
441370,250.33,250.00,61,3.00,-0.33
441470,250.31,250.00,62,3.00,-0.31
441570,250.29,250.00,62,3.00,-0.29
441670,250.32,250.00,57,3.00,-0.32
441770,250.29,250.00,63,3.00,-0.29
441870,250.28,250.00,60,3.00,-0.28
441970,250.30,250.00,58,3.00,-0.30
442070,250.29,250.00,62,3.00,-0.29
442170,250.26,250.00,63,3.00,-0.26
442270,250.29,250.00,56,3.00,-0.29
442370,250.25,250.00,64,3.00,-0.25
442470,250.24,250.00,61,3.00,-0.24
442570,250.19,250.00,65,3.00,-0.19
442670,250.18,250.00,61,3.00,-0.18
442770,250.21,250.00,57,3.00,-0.21
442870,250.22,250.00,60,3.00,-0.22
442970,250.21,250.00,61,3.00,-0.21
443070,250.18,250.00,64,3.00,-0.18
443170,250.21,250.00,57,3.00,-0.21
443270,250.17,250.00,64,3.00,-0.17
443370,250.15,250.00,63,3.00,-0.15
443470,250.17,250.00,58,3.00,-0.17
443570,250.15,250.00,62,3.00,-0.15
443670,250.15,250.00,61,3.00,-0.15
443770,250.16,250.00,59,3.00,-0.16
443870,250.14,250.00,62,3.00,-0.14
443970,250.15,250.00,59,3.00,-0.15
444070,250.20,250.00,56,3.00,-0.20
444170,250.19,250.00,61,3.00,-0.19
444270,250.21,250.00,58,3.00,-0.21
444370,250.21,250.00,60,3.00,-0.21
444470,250.21,250.00,60,3.00,-0.21
444570,250.21,250.00,61,3.00,-0.21
444670,250.16,250.00,65,3.00,-0.16
444770,250.15,250.00,62,3.00,-0.15
444870,250.12,250.00,63,3.00,-0.12
444970,250.12,250.00,61,3.00,-0.12
445070,250.13,250.00,59,3.00,-0.13
445170,250.11,250.00,63,3.00,-0.11
445270,250.13,250.00,58,3.00,-0.13
445370,250.12,250.00,62,3.00,-0.12
445470,250.14,250.00,58,3.00,-0.14
445570,250.15,250.00,59,3.00,-0.15
445670,250.14,250.00,62,3.00,-0.14
445770,250.17,250.00,57,3.00,-0.17
445870,250.18,250.00,60,3.00,-0.18
445970,250.16,250.00,62,3.00,-0.16
446070,250.18,250.00,58,3.00,-0.18
446170,250.17,250.00,62,3.00,-0.17
446270,250.16,250.00,61,3.00,-0.16
446370,250.15,250.00,62,3.00,-0.15
446470,250.19,250.00,56,3.00,-0.19
446570,250.16,250.00,63,3.00,-0.16
446670,250.18,250.00,58,3.00,-0.18
446770,250.19,250.00,60,3.00,-0.19
446870,250.20,250.00,58,3.00,-0.20
446970,250.22,250.00,59,3.00,-0.22
447070,250.21,250.00,61,3.00,-0.21
447170,250.19,250.00,62,3.00,-0.19
447270,250.16,250.00,63,3.00,-0.16
447370,250.17,250.00,59,3.00,-0.17
447470,250.15,250.00,62,3.00,-0.15
447570,250.11,250.00,64,3.00,-0.11
447670,250.11,250.00,60,3.00,-0.11
447770,250.10,250.00,62,3.00,-0.10
447870,250.14,250.00,57,3.00,-0.14
447970,250.14,250.00,61,3.00,-0.14
448070,250.11,250.00,63,3.00,-0.11
448170,250.13,250.00,59,3.00,-0.13
448270,250.11,250.00,62,3.00,-0.11
448370,250.14,250.00,58,3.00,-0.14
448470,250.11,250.00,63,3.00,-0.11
448570,250.12,250.00,60,3.00,-0.12
448670,250.12,250.00,60,3.00,-0.12
448770,250.10,250.00,62,3.00,-0.10
448870,250.07,250.00,64,3.00,-0.07
448970,250.06,250.00,61,3.00,-0.06
449070,250.09,250.00,58,3.00,-0.09
449170,250.12,250.00,58,3.00,-0.12
449270,250.11,250.00,62,3.00,-0.11
449370,250.12,250.00,59,3.00,-0.12
449470,250.13,250.00,59,3.00,-0.13
449570,250.11,250.00,63,3.00,-0.11
449670,250.12,250.00,59,3.00,-0.12
449770,250.12,250.00,60,3.00,-0.12
449870,250.11,250.00,62,3.00,-0.11
449970,250.10,250.00,62,3.00,-0.10
450070,250.09,250.00,62,3.00,-0.09
450170,250.08,250.00,61,3.00,-0.08
450270,250.10,250.00,59,3.00,-0.10
450370,250.08,250.00,63,3.00,-0.08
450470,250.06,250.00,63,3.00,-0.06
450570,250.09,250.00,58,3.00,-0.09
450670,250.09,250.00,60,3.00,-0.09
450770,250.06,250.00,64,3.00,-0.06
450870,250.04,250.00,62,3.00,-0.04
450970,250.05,250.00,60,3.00,-0.05
451070,250.03,250.00,62,3.00,-0.03
451170,250.05,250.00,59,3.00,-0.05
451270,250.04,250.00,62,3.00,-0.04
451370,250.02,250.00,62,3.00,-0.02
451470,249.99,250.00,65,3.00,0.01
451570,250.00,250.00,60,3.00,0.00
451670,250.04,250.00,57,3.00,-0.04
451770,250.01,250.00,64,3.00,-0.01
451870,250.00,250.00,62,3.00,0.00
451970,249.99,250.00,62,3.00,0.01
452070,250.00,250.00,60,3.00,0.00
452170,249.99,250.00,62,3.00,0.01
452270,249.95,250.00,64,3.00,0.05
452370,249.97,250.00,59,3.00,0.03
452470,249.94,250.00,64,3.00,0.06
452570,249.96,250.00,59,3.00,0.04
452670,249.93,250.00,64,3.00,0.07
452770,249.92,250.00,62,3.00,0.08
452870,249.88,250.00,65,3.00,0.12
452970,249.89,250.00,60,3.00,0.11
453070,249.85,250.00,66,3.00,0.15
453170,249.83,250.00,64,3.00,0.17
453270,249.86,250.00,59,3.00,0.14
453370,249.85,250.00,62,3.00,0.15
453470,249.85,250.00,61,3.00,0.15
453570,249.85,250.00,61,3.00,0.15
453670,249.88,250.00,59,3.00,0.12
453770,249.92,250.00,58,3.00,0.08
453870,249.88,250.00,65,3.00,0.12
453970,249.88,250.00,61,3.00,0.12
454070,249.86,250.00,64,3.00,0.14
454170,249.85,250.00,62,3.00,0.15
454270,249.85,250.00,61,3.00,0.15
454370,249.84,250.00,62,3.00,0.16
454470,249.85,250.00,61,3.00,0.15
454570,249.86,250.00,60,3.00,0.14
454670,249.84,250.00,64,3.00,0.16
454770,249.81,250.00,65,3.00,0.19
454870,249.81,250.00,62,3.00,0.19
454970,249.80,250.00,62,3.00,0.20
455070,249.80,250.00,62,3.00,0.20
455170,249.78,250.00,63,3.00,0.22
455270,249.79,250.00,61,3.00,0.21
455370,249.85,250.00,56,3.00,0.15
455470,249.87,250.00,60,3.00,0.13
455570,249.87,250.00,61,3.00,0.13
455670,249.88,250.00,60,3.00,0.12
455770,249.92,250.00,58,3.00,0.08
455870,249.89,250.00,64,3.00,0.11
455970,249.90,250.00,60,3.00,0.10
456070,249.89,250.00,63,3.00,0.11
456170,249.86,250.00,64,3.00,0.14
456270,249.88,250.00,60,3.00,0.12
456370,249.90,250.00,59,3.00,0.10
456470,249.88,250.00,64,3.00,0.12
456570,249.89,250.00,60,3.00,0.11
456670,249.87,250.00,64,3.00,0.13
456770,249.89,250.00,59,3.00,0.11
456870,249.90,250.00,60,3.00,0.10
456970,249.92,250.00,59,3.00,0.08
457070,249.89,250.00,65,3.00,0.11
457170,249.86,250.00,64,3.00,0.14
457270,249.84,250.00,64,3.00,0.16
457370,249.82,250.00,64,3.00,0.18
457470,249.83,250.00,61,3.00,0.17
457570,249.86,250.00,59,3.00,0.14
457670,249.85,250.00,63,3.00,0.15
457770,249.84,250.00,62,3.00,0.16
457870,249.84,250.00,61,3.00,0.16
457970,249.86,250.00,60,3.00,0.14
458070,249.85,250.00,63,3.00,0.15
458170,249.84,250.00,63,3.00,0.16
458270,249.81,250.00,65,3.00,0.19
458370,249.82,250.00,61,3.00,0.18
458470,249.84,250.00,60,3.00,0.16
458570,249.79,250.00,66,3.00,0.21
458670,249.79,250.00,62,3.00,0.21
458770,249.77,250.00,65,3.00,0.23
458870,249.75,250.00,63,3.00,0.25
458970,249.72,250.00,66,3.00,0.28
459070,249.71,250.00,63,3.00,0.29
459170,249.71,250.00,63,3.00,0.29
459270,249.69,250.00,64,3.00,0.31
459370,249.64,250.00,68,3.00,0.36
459470,249.63,250.00,64,3.00,0.37
459570,249.64,250.00,61,3.00,0.36
459670,249.66,250.00,60,3.00,0.34
459770,249.67,250.00,61,3.00,0.33
459870,249.67,250.00,63,3.00,0.33
459970,249.69,250.00,60,3.00,0.31
460070,249.65,250.00,67,3.00,0.35
460170,249.63,250.00,65,3.00,0.37
460270,249.65,250.00,60,3.00,0.35
460370,249.63,250.00,65,3.00,0.37
460470,249.61,250.00,65,3.00,0.39
460570,249.61,250.00,62,3.00,0.39
460670,249.59,250.00,65,3.00,0.41
460770,249.59,250.00,63,3.00,0.41
460870,249.57,250.00,65,3.00,0.43
460970,249.55,250.00,65,3.00,0.45
461070,249.53,250.00,66,3.00,0.47
461170,249.54,250.00,62,3.00,0.46
461270,249.53,250.00,64,3.00,0.47
461370,249.51,250.00,64,3.00,0.49
461470,249.50,250.00,64,3.00,0.50
461570,249.53,250.00,60,3.00,0.47
461670,249.54,250.00,62,3.00,0.46
461770,249.56,250.00,61,3.00,0.44
461870,249.57,250.00,62,3.00,0.43
461970,249.53,250.00,67,3.00,0.47
462070,249.54,250.00,62,3.00,0.46
462170,249.57,250.00,61,3.00,0.43
462270,249.56,250.00,63,3.00,0.44
462370,249.56,250.00,63,3.00,0.44
462470,249.53,250.00,66,3.00,0.47
462570,249.52,250.00,64,3.00,0.48
462670,249.52,250.00,63,3.00,0.48
462770,249.51,250.00,64,3.00,0.49
462870,249.50,250.00,64,3.00,0.50
462970,249.51,250.00,62,3.00,0.49
463070,249.50,250.00,64,3.00,0.50
463170,249.46,250.00,68,3.00,0.54
463270,249.47,250.00,63,3.00,0.53
463370,249.44,250.00,67,3.00,0.56
463470,249.43,250.00,64,3.00,0.57
463570,249.40,250.00,68,3.00,0.60
463670,249.40,250.00,64,3.00,0.60
463770,249.43,250.00,60,3.00,0.57
463870,249.44,250.00,63,3.00,0.56
463970,249.45,250.00,63,3.00,0.55
464070,249.47,250.00,62,3.00,0.53
464170,249.51,250.00,59,3.00,0.49
464270,249.49,250.00,66,3.00,0.51
464370,249.45,250.00,68,3.00,0.55
464470,249.46,250.00,63,3.00,0.54
464570,249.44,250.00,65,3.00,0.56
464670,249.47,250.00,60,3.00,0.53
464770,249.48,250.00,63,3.00,0.52
464870,249.47,250.00,64,3.00,0.53
464970,249.49,250.00,62,3.00,0.51
465070,249.47,250.00,66,3.00,0.53
465170,249.49,250.00,62,3.00,0.51
465270,249.49,250.00,63,3.00,0.51
465370,249.51,250.00,62,3.00,0.49
465470,249.50,250.00,64,3.00,0.50
465570,249.51,250.00,62,3.00,0.49
465670,249.49,250.00,66,3.00,0.51
465770,249.51,250.00,62,3.00,0.49
465870,249.50,250.00,65,3.00,0.50
465970,249.51,250.00,62,3.00,0.49
466070,249.55,250.00,60,3.00,0.45
466170,249.55,250.00,64,3.00,0.45
466270,249.58,250.00,60,3.00,0.42
466370,249.58,250.00,64,3.00,0.42
466470,249.59,250.00,61,3.00,0.41
466570,249.62,250.00,60,3.00,0.38
466670,249.61,250.00,64,3.00,0.39
466770,249.62,250.00,63,3.00,0.38
466870,249.63,250.00,62,3.00,0.37
466970,249.61,250.00,65,3.00,0.39
467070,249.63,250.00,62,3.00,0.37
467170,249.65,250.00,60,3.00,0.35
467270,249.65,250.00,63,3.00,0.35
467370,249.64,250.00,64,3.00,0.36
467470,249.63,250.00,64,3.00,0.37
467570,249.63,250.00,63,3.00,0.37
467670,249.64,250.00,62,3.00,0.36
467770,249.66,250.00,62,3.00,0.34
467870,249.69,250.00,59,3.00,0.31
467970,249.73,250.00,58,3.00,0.27
468070,249.74,250.00,62,3.00,0.26
468170,249.75,250.00,61,3.00,0.25
468270,249.77,250.00,61,3.00,0.23
468370,249.80,250.00,59,3.00,0.20
468470,249.79,250.00,64,3.00,0.21
468570,249.80,250.00,61,3.00,0.20
468670,249.80,250.00,62,3.00,0.20
468770,249.79,250.00,64,3.00,0.21
468870,249.82,250.00,59,3.00,0.18
468970,249.84,250.00,61,3.00,0.16
469070,249.82,250.00,64,3.00,0.18
469170,249.84,250.00,61,3.00,0.16
469270,249.82,250.00,64,3.00,0.18
469370,249.82,250.00,63,3.00,0.18
469470,249.85,250.00,59,3.00,0.15
469570,249.86,250.00,61,3.00,0.14
469670,249.86,250.00,62,3.00,0.14
469770,249.89,250.00,60,3.00,0.11
469870,249.90,250.00,61,3.00,0.10
469970,249.90,250.00,62,3.00,0.10
470070,249.92,250.00,60,3.00,0.08
470170,249.95,250.00,59,3.00,0.05
470270,249.95,250.00,63,3.00,0.05
470370,249.94,250.00,63,3.00,0.06
470470,249.98,250.00,58,3.00,0.02
470570,249.96,250.00,64,3.00,0.04
470670,249.94,250.00,64,3.00,0.06
470770,249.95,250.00,61,3.00,0.05
470870,249.93,250.00,64,3.00,0.07
470970,249.93,250.00,62,3.00,0.07
471070,249.95,250.00,60,3.00,0.05
471170,249.93,250.00,64,3.00,0.07
471270,249.95,250.00,60,3.00,0.05
471370,249.93,250.00,64,3.00,0.07
471470,249.92,250.00,62,3.00,0.08
471570,249.92,250.00,62,3.00,0.08
471670,249.97,250.00,57,3.00,0.03
471770,249.95,250.00,64,3.00,0.05
471870,249.97,250.00,59,3.00,0.03
471970,249.94,250.00,65,3.00,0.06
472070,249.95,250.00,61,3.00,0.05
472170,249.99,250.00,58,3.00,0.01
472270,250.03,250.00,58,3.00,-0.03
472370,250.03,250.00,62,3.00,-0.03
472470,250.00,250.00,64,3.00,0.00
472570,250.04,250.00,58,3.00,-0.04
472670,250.02,250.00,63,3.00,-0.02
472770,250.01,250.00,63,3.00,-0.01
472870,250.02,250.00,60,3.00,-0.02
472970,250.02,250.00,62,3.00,-0.02
473070,250.04,250.00,59,3.00,-0.04
473170,250.05,250.00,61,3.00,-0.05
473270,250.03,250.00,63,3.00,-0.03
473370,250.05,250.00,59,3.00,-0.05
473470,250.04,250.00,63,3.00,-0.04
473570,250.07,250.00,58,3.00,-0.07
473670,250.05,250.00,63,3.00,-0.05
473770,250.06,250.00,61,3.00,-0.06
473870,250.06,250.00,61,3.00,-0.06
473970,250.06,250.00,62,3.00,-0.06
474070,250.08,250.00,60,3.00,-0.08
474170,250.11,250.00,58,3.00,-0.11
474270,250.13,250.00,59,3.00,-0.13
474370,250.12,250.00,63,3.00,-0.12
474470,250.12,250.00,61,3.00,-0.12
474570,250.10,250.00,64,3.00,-0.10
474670,250.11,250.00,60,3.00,-0.11
474770,250.16,250.00,56,3.00,-0.16
474870,250.13,250.00,64,3.00,-0.13
474970,250.13,250.00,61,3.00,-0.13
475070,250.12,250.00,62,3.00,-0.12
475170,250.12,250.00,61,3.00,-0.12
475270,250.16,250.00,57,3.00,-0.16
475370,250.14,250.00,63,3.00,-0.14
475470,250.15,250.00,60,3.00,-0.15
475570,250.17,250.00,59,3.00,-0.17
475670,250.18,250.00,60,3.00,-0.18
475770,250.22,250.00,57,3.00,-0.22
475870,250.24,250.00,59,3.00,-0.24
475970,250.21,250.00,63,3.00,-0.21
476070,250.24,250.00,58,3.00,-0.24
476170,250.20,250.00,64,3.00,-0.20
476270,250.23,250.00,58,3.00,-0.23
476370,250.26,250.00,58,3.00,-0.26
476470,250.26,250.00,61,3.00,-0.26
476570,250.25,250.00,61,3.00,-0.25
476670,250.27,250.00,59,3.00,-0.27
476770,250.31,250.00,56,3.00,-0.31
476870,250.34,250.00,57,3.00,-0.34
476970,250.32,250.00,63,3.00,-0.32
477070,250.32,250.00,60,3.00,-0.32
477170,250.30,250.00,62,3.00,-0.30
477270,250.32,250.00,59,3.00,-0.32
477370,250.33,250.00,60,3.00,-0.33
477470,250.33,250.00,60,3.00,-0.33
477570,250.34,250.00,59,3.00,-0.34
477670,250.32,250.00,63,3.00,-0.32
477770,250.31,250.00,61,3.00,-0.31
477870,250.33,250.00,59,3.00,-0.33
477970,250.32,250.00,61,3.00,-0.32
478070,250.31,250.00,61,3.00,-0.31
478170,250.32,250.00,60,3.00,-0.32
478270,250.30,250.00,62,3.00,-0.30
478370,250.31,250.00,60,3.00,-0.31
478470,250.32,250.00,58,3.00,-0.32
478570,250.34,250.00,59,3.00,-0.34
478670,250.32,250.00,62,3.00,-0.32
478770,250.28,250.00,65,3.00,-0.28
478870,250.28,250.00,60,3.00,-0.28
478970,250.32,250.00,57,3.00,-0.32
479070,250.27,250.00,65,3.00,-0.27
479170,250.27,250.00,61,3.00,-0.27
479270,250.24,250.00,63,3.00,-0.24
479370,250.26,250.00,59,3.00,-0.26
479470,250.25,250.00,61,3.00,-0.25
479570,250.23,250.00,63,3.00,-0.23
479670,250.24,250.00,59,3.00,-0.24
479770,250.22,250.00,63,3.00,-0.22
479870,250.23,250.00,59,3.00,-0.23
479970,250.25,250.00,59,3.00,-0.25
480070,250.23,250.00,62,3.00,-0.23
480170,250.22,250.00,62,3.00,-0.22
480270,250.24,250.00,59,3.00,-0.24
480370,250.19,250.00,65,3.00,-0.19
480470,250.15,250.00,65,3.00,-0.15
480570,250.18,250.00,57,3.00,-0.18
480670,250.18,250.00,61,3.00,-0.18
480770,250.17,250.00,61,3.00,-0.17
480870,250.13,250.00,65,3.00,-0.13
480970,250.15,250.00,59,3.00,-0.15
481070,250.13,250.00,64,3.00,-0.13
481170,250.14,250.00,60,3.00,-0.14
481270,250.14,250.00,61,3.00,-0.14
481370,250.11,250.00,64,3.00,-0.11
481470,250.12,250.00,60,3.00,-0.12
481570,250.15,250.00,58,3.00,-0.15
481670,250.12,250.00,64,3.00,-0.12
481770,250.13,250.00,60,3.00,-0.13
481870,250.16,250.00,59,3.00,-0.16
481970,250.14,250.00,62,3.00,-0.14
482070,250.13,250.00,62,3.00,-0.13
482170,250.15,250.00,58,3.00,-0.15
482270,250.14,250.00,62,3.00,-0.14
482370,250.15,250.00,60,3.00,-0.15
482470,250.10,250.00,66,3.00,-0.10
482570,250.09,250.00,62,3.00,-0.09
482670,250.10,250.00,59,3.00,-0.10
482770,250.08,250.00,63,3.00,-0.08
482870,250.10,250.00,59,3.00,-0.10
482970,250.11,250.00,60,3.00,-0.11
483070,250.14,250.00,58,3.00,-0.14
483170,250.10,250.00,65,3.00,-0.10
483270,250.06,250.00,66,3.00,-0.06
483370,250.05,250.00,62,3.00,-0.05
483470,250.02,250.00,64,3.00,-0.02
483570,250.03,250.00,60,3.00,-0.03
483670,250.04,250.00,60,3.00,-0.04
483770,250.01,250.00,64,3.00,-0.01
483870,250.02,250.00,60,3.00,-0.02
483970,250.05,250.00,59,3.00,-0.05
484070,250.03,250.00,63,3.00,-0.03
484170,250.00,250.00,64,3.00,-0.00
484270,250.03,250.00,59,3.00,-0.03
484370,250.00,250.00,64,3.00,-0.00
484470,249.99,250.00,63,3.00,0.01
484570,249.96,250.00,65,3.00,0.04
484670,249.97,250.00,60,3.00,0.03
484770,250.02,250.00,56,3.00,-0.02
484870,250.03,250.00,60,3.00,-0.03
484970,250.05,250.00,59,3.00,-0.05
485070,250.03,250.00,64,3.00,-0.03
485170,250.05,250.00,59,3.00,-0.05
485270,250.03,250.00,63,3.00,-0.03
485370,250.02,250.00,63,3.00,-0.02
485470,250.04,250.00,59,3.00,-0.04
485570,250.02,250.00,63,3.00,-0.02
485670,250.02,250.00,62,3.00,-0.02
485770,250.06,250.00,58,3.00,-0.06
485870,250.03,250.00,64,3.00,-0.03
485970,250.04,250.00,60,3.00,-0.04
486070,250.06,250.00,59,3.00,-0.06
486170,250.04,250.00,63,3.00,-0.04
486270,250.02,250.00,63,3.00,-0.02
486370,250.06,250.00,58,3.00,-0.06
486470,250.03,250.00,64,3.00,-0.03
486570,250.03,250.00,62,3.00,-0.03
486670,250.04,250.00,60,3.00,-0.04
486770,250.06,250.00,59,3.00,-0.06
486870,250.08,250.00,59,3.00,-0.08
486970,250.06,250.00,63,3.00,-0.06
487070,250.06,250.00,60,3.00,-0.06
487170,250.08,250.00,59,3.00,-0.08
487270,250.09,250.00,61,3.00,-0.09
487370,250.05,250.00,64,3.00,-0.05
487470,250.01,250.00,65,3.00,-0.01
487570,250.02,250.00,60,3.00,-0.02
487670,250.02,250.00,62,3.00,-0.02
487770,250.01,250.00,63,3.00,-0.01
487870,250.01,250.00,61,3.00,-0.01
487970,249.97,250.00,65,3.00,0.03
488070,249.99,250.00,60,3.00,0.01
488170,250.00,250.00,60,3.00,-0.00
488270,249.99,250.00,63,3.00,0.01
488370,249.98,250.00,63,3.00,0.02
488470,250.02,250.00,57,3.00,-0.02
488570,249.98,250.00,65,3.00,0.02
488670,249.96,250.00,64,3.00,0.04
488770,249.96,250.00,61,3.00,0.04
488870,249.98,250.00,60,3.00,0.02
488970,249.99,250.00,60,3.00,0.01
489070,249.97,250.00,64,3.00,0.03
489170,249.97,250.00,61,3.00,0.03
489270,249.98,250.00,61,3.00,0.02
489370,249.99,250.00,60,3.00,0.01
489470,250.02,250.00,59,3.00,-0.02
489570,249.98,250.00,65,3.00,0.02
489670,249.97,250.00,62,3.00,0.03
489770,249.94,250.00,65,3.00,0.06
489870,249.93,250.00,62,3.00,0.07
489970,249.94,250.00,61,3.00,0.06
490070,249.93,250.00,62,3.00,0.07
490170,249.94,250.00,61,3.00,0.06
490270,249.92,250.00,63,3.00,0.08
490370,249.94,250.00,60,3.00,0.06
490470,249.97,250.00,59,3.00,0.03
490570,249.98,250.00,61,3.00,0.02
490670,249.94,250.00,65,3.00,0.06
490770,249.95,250.00,61,3.00,0.05
490870,249.91,250.00,66,3.00,0.09
490970,249.91,250.00,62,3.00,0.09
491070,249.93,250.00,60,3.00,0.07
491170,249.96,250.00,58,3.00,0.04
491270,249.95,250.00,62,3.00,0.05
491370,249.92,250.00,65,3.00,0.08
491470,249.94,250.00,60,3.00,0.06
491570,249.98,250.00,57,3.00,0.02
491670,249.95,250.00,65,3.00,0.05
491770,249.94,250.00,62,3.00,0.06
491870,249.93,250.00,64,3.00,0.07
491970,249.95,250.00,60,3.00,0.05
492070,249.95,250.00,61,3.00,0.05
492170,249.94,250.00,62,3.00,0.06
492270,249.95,250.00,61,3.00,0.05
492370,249.97,250.00,60,3.00,0.03
492470,249.95,250.00,64,3.00,0.05
492570,249.97,250.00,60,3.00,0.03
492670,249.99,250.00,59,3.00,0.01
492770,249.96,250.00,65,3.00,0.04
492870,249.95,250.00,62,3.00,0.05
492970,249.91,250.00,66,3.00,0.09
493070,249.89,250.00,63,3.00,0.11
493170,249.92,250.00,59,3.00,0.08
493270,249.90,250.00,63,3.00,0.10
493370,249.90,250.00,62,3.00,0.10
493470,249.91,250.00,61,3.00,0.09
493570,249.92,250.00,61,3.00,0.08
493670,249.96,250.00,57,3.00,0.04
493770,249.97,250.00,61,3.00,0.03
493870,249.96,250.00,62,3.00,0.04
493970,249.93,250.00,65,3.00,0.07
494070,249.92,250.00,62,3.00,0.08
494170,249.94,250.00,60,3.00,0.06
494270,249.94,250.00,62,3.00,0.06
494370,249.96,250.00,60,3.00,0.04
494470,250.00,250.00,57,3.00,0.00
494570,250.03,250.00,58,3.00,-0.03
494670,250.02,250.00,63,3.00,-0.02
494770,250.07,250.00,57,3.00,-0.07
494870,250.04,250.00,64,3.00,-0.04
494970,250.06,250.00,59,3.00,-0.06
495070,250.03,250.00,64,3.00,-0.03
495170,250.00,250.00,64,3.00,-0.00
495270,249.99,250.00,63,3.00,0.01
495370,249.99,250.00,61,3.00,0.01
495470,250.00,250.00,60,3.00,-0.00
495570,250.03,250.00,59,3.00,-0.03
495670,250.05,250.00,59,3.00,-0.05
495770,250.03,250.00,63,3.00,-0.03
495870,250.05,250.00,59,3.00,-0.05
495970,250.06,250.00,61,3.00,-0.06
496070,250.08,250.00,59,3.00,-0.08
496170,250.08,250.00,61,3.00,-0.08
496270,250.09,250.00,61,3.00,-0.09
496370,250.09,250.00,61,3.00,-0.09
496470,250.11,250.00,59,3.00,-0.11
496570,250.10,250.00,62,3.00,-0.10
496670,250.12,250.00,58,3.00,-0.12
496770,250.15,250.00,58,3.00,-0.15
496870,250.19,250.00,56,3.00,-0.19
496970,250.16,250.00,64,3.00,-0.16
497070,250.18,250.00,59,3.00,-0.18
497170,250.14,250.00,65,3.00,-0.14
497270,250.14,250.00,61,3.00,-0.14
497370,250.17,250.00,57,3.00,-0.17
497470,250.18,250.00,60,3.00,-0.18
497570,250.17,250.00,61,3.00,-0.17
497670,250.16,250.00,62,3.00,-0.16
497770,250.20,250.00,56,3.00,-0.20
497870,250.18,250.00,63,3.00,-0.18
497970,250.20,250.00,59,3.00,-0.20
498070,250.20,250.00,60,3.00,-0.20
498170,250.20,250.00,61,3.00,-0.20
498270,250.23,250.00,58,3.00,-0.23
498370,250.26,250.00,57,3.00,-0.26
498470,250.25,250.00,62,3.00,-0.25
498570,250.26,250.00,59,3.00,-0.26
498670,250.24,250.00,63,3.00,-0.24
498770,250.26,250.00,58,3.00,-0.26
498870,250.25,250.00,62,3.00,-0.25
498970,250.28,250.00,57,3.00,-0.28
499070,250.25,250.00,63,3.00,-0.25
499170,250.28,250.00,58,3.00,-0.28
499270,250.24,250.00,64,3.00,-0.24
499370,250.24,250.00,60,3.00,-0.24
499470,250.26,250.00,58,3.00,-0.26
499570,250.26,250.00,60,3.00,-0.26
499670,250.28,250.00,58,3.00,-0.28
499770,250.27,250.00,62,3.00,-0.27
499870,250.31,250.00,56,3.00,-0.31
499970,250.37,250.00,55,3.00,-0.37
500070,250.37,250.00,60,3.00,-0.37
500170,250.39,250.00,57,3.00,-0.39
500270,250.40,250.00,59,3.00,-0.40
500370,250.41,250.00,59,3.00,-0.41
500470,250.42,250.00,59,3.00,-0.42
500570,250.41,250.00,60,3.00,-0.41
500670,250.44,250.00,56,3.00,-0.44
500770,250.45,250.00,59,3.00,-0.45
500870,250.46,250.00,58,3.00,-0.46
500970,250.46,250.00,59,3.00,-0.46
501070,250.49,250.00,57,3.00,-0.49
501170,250.48,250.00,61,3.00,-0.48
501270,250.51,250.00,56,3.00,-0.51
501370,250.53,250.00,57,3.00,-0.53
501470,250.58,250.00,55,3.00,-0.58
501570,250.62,250.00,55,3.00,-0.62
501670,250.63,250.00,58,3.00,-0.63
501770,250.64,250.00,58,3.00,-0.64
501870,250.62,250.00,60,3.00,-0.62
501970,250.68,250.00,53,3.00,-0.68
502070,250.72,250.00,54,3.00,-0.72
502170,250.73,250.00,57,3.00,-0.73
502270,250.74,250.00,57,3.00,-0.74
502370,250.74,250.00,58,3.00,-0.74
502470,250.74,250.00,58,3.00,-0.74
502570,250.75,250.00,57,3.00,-0.75
502670,250.74,250.00,60,3.00,-0.74
502770,250.76,250.00,56,3.00,-0.76
502870,250.74,250.00,60,3.00,-0.74
502970,250.78,250.00,55,3.00,-0.78
503070,250.76,250.00,60,3.00,-0.76
503170,250.79,250.00,55,3.00,-0.79
503270,250.76,250.00,61,3.00,-0.76
503370,250.76,250.00,58,3.00,-0.76
503470,250.73,250.00,61,3.00,-0.73
503570,250.73,250.00,58,3.00,-0.73
503670,250.77,250.00,54,3.00,-0.77
503770,250.76,250.00,58,3.00,-0.76
503870,250.77,250.00,57,3.00,-0.77
503970,250.75,250.00,60,3.00,-0.75
504070,250.77,250.00,56,3.00,-0.77
504170,250.78,250.00,57,3.00,-0.78
504270,250.79,250.00,57,3.00,-0.79
504370,250.82,250.00,55,3.00,-0.82
504470,250.82,250.00,57,3.00,-0.82
504570,250.86,250.00,54,3.00,-0.86
504670,250.88,250.00,55,3.00,-0.88
504770,250.89,250.00,56,3.00,-0.89
504870,250.92,250.00,54,3.00,-0.92
504970,250.96,250.00,53,3.00,-0.96
505070,250.96,250.00,57,3.00,-0.96
505170,250.95,250.00,58,3.00,-0.95
505270,250.98,250.00,54,3.00,-0.98
505370,250.96,250.00,58,3.00,-0.96
505470,250.96,250.00,57,3.00,-0.96
505570,250.94,250.00,59,3.00,-0.94
505670,250.94,250.00,57,3.00,-0.94
505770,250.93,250.00,58,3.00,-0.93
505870,250.94,250.00,57,3.00,-0.94
505970,250.94,250.00,57,3.00,-0.94
506070,250.93,250.00,58,3.00,-0.93
506170,250.96,250.00,54,3.00,-0.96
506270,251.01,250.00,52,3.00,-1.01
506370,251.03,250.00,54,3.00,-1.03
506470,251.03,250.00,56,3.00,-1.03
506570,251.03,250.00,57,3.00,-1.03
506670,251.02,250.00,57,3.00,-1.02
506770,251.06,250.00,52,3.00,-1.06
506870,251.04,250.00,59,3.00,-1.04
506970,251.06,250.00,55,3.00,-1.06
507070,251.05,250.00,57,3.00,-1.05
507170,251.04,250.00,57,3.00,-1.04
507270,251.02,250.00,58,3.00,-1.02
507370,251.03,250.00,56,3.00,-1.03
507470,251.01,250.00,58,3.00,-1.01
507570,251.03,250.00,54,3.00,-1.03
507670,251.01,250.00,58,3.00,-1.01
507770,251.01,250.00,57,3.00,-1.01
507870,251.04,250.00,53,3.00,-1.04
507970,251.03,250.00,57,3.00,-1.03
508070,251.04,250.00,56,3.00,-1.04
508170,251.02,250.00,58,3.00,-1.02
508270,251.04,250.00,54,3.00,-1.04
508370,251.08,250.00,52,3.00,-1.08
508470,251.06,250.00,58,3.00,-1.06
508570,251.06,250.00,56,3.00,-1.06
508670,251.04,250.00,58,3.00,-1.04
508770,251.03,250.00,57,3.00,-1.03
508870,251.04,250.00,56,3.00,-1.04
508970,251.02,250.00,58,3.00,-1.02
509070,251.04,250.00,54,3.00,-1.04
509170,251.03,250.00,57,3.00,-1.03
509270,251.02,250.00,57,3.00,-1.02
509370,251.00,250.00,58,3.00,-1.00
509470,251.01,250.00,55,3.00,-1.01
509570,250.98,250.00,59,3.00,-0.98
509670,250.98,250.00,56,3.00,-0.98
509770,250.96,250.00,59,3.00,-0.96
509870,250.96,250.00,56,3.00,-0.96
509970,250.98,250.00,54,3.00,-0.98
510070,250.98,250.00,56,3.00,-0.98
510170,250.98,250.00,56,3.00,-0.98
510270,250.95,250.00,59,3.00,-0.95
510370,250.97,250.00,55,3.00,-0.97
510470,250.94,250.00,59,3.00,-0.94
510570,250.92,250.00,58,3.00,-0.92
510670,250.93,250.00,56,3.00,-0.93
510770,250.92,250.00,57,3.00,-0.92
510870,250.91,250.00,57,3.00,-0.91
510970,250.90,250.00,57,3.00,-0.90
511070,250.87,250.00,59,3.00,-0.87
511170,250.90,250.00,54,3.00,-0.90
511270,250.88,250.00,58,3.00,-0.88
511370,250.90,250.00,54,3.00,-0.90
511470,250.88,250.00,58,3.00,-0.88
511570,250.89,250.00,55,3.00,-0.89
511670,250.89,250.00,57,3.00,-0.89
511770,250.91,250.00,54,3.00,-0.91
511870,250.89,250.00,58,3.00,-0.89
511970,250.90,250.00,55,3.00,-0.90
512070,250.94,250.00,52,3.00,-0.94
512170,250.94,250.00,56,3.00,-0.94
512270,250.96,250.00,54,3.00,-0.96
512370,250.93,250.00,58,3.00,-0.93
512470,250.95,250.00,54,3.00,-0.95
512570,250.99,250.00,52,3.00,-0.99
512670,251.00,250.00,55,3.00,-1.00
512770,251.01,250.00,55,3.00,-1.01
512870,250.99,250.00,57,3.00,-0.99
512970,251.01,250.00,53,3.00,-1.01
513070,251.04,250.00,52,3.00,-1.04
513170,251.01,250.00,59,3.00,-1.01
513270,251.01,250.00,56,3.00,-1.01
513370,250.98,250.00,59,3.00,-0.98
513470,250.97,250.00,57,3.00,-0.97
513570,250.94,250.00,58,3.00,-0.94
513670,250.94,250.00,56,3.00,-0.94
513770,250.93,250.00,57,3.00,-0.93
513870,250.93,250.00,57,3.00,-0.93
513970,250.88,250.00,60,3.00,-0.88
514070,250.87,250.00,58,3.00,-0.87
514170,250.89,250.00,54,3.00,-0.89
514270,250.92,250.00,53,3.00,-0.92
514370,250.91,250.00,57,3.00,-0.91
514470,250.88,250.00,59,3.00,-0.88
514570,250.91,250.00,52,3.00,-0.91
514670,250.88,250.00,59,3.00,-0.88
514770,250.86,250.00,59,3.00,-0.86
514870,250.85,250.00,56,3.00,-0.85
514970,250.83,250.00,59,3.00,-0.83
515070,250.82,250.00,57,3.00,-0.82
515170,250.81,250.00,57,3.00,-0.81
515270,250.78,250.00,59,3.00,-0.78
515370,250.80,250.00,54,3.00,-0.80
515470,250.80,250.00,56,3.00,-0.80
515570,250.78,250.00,58,3.00,-0.78
515670,250.76,250.00,58,3.00,-0.76
515770,250.76,250.00,57,3.00,-0.76
515870,250.72,250.00,60,3.00,-0.72
515970,250.73,250.00,55,3.00,-0.73
516070,250.68,250.00,61,3.00,-0.68
516170,250.69,250.00,56,3.00,-0.69
516270,250.70,250.00,55,3.00,-0.70
516370,250.68,250.00,59,3.00,-0.68
516470,250.66,250.00,59,3.00,-0.66
516570,250.63,250.00,60,3.00,-0.63
516670,250.65,250.00,54,3.00,-0.65
516770,250.64,250.00,58,3.00,-0.64
516870,250.63,250.00,57,3.00,-0.63
516970,250.65,250.00,54,3.00,-0.65
517070,250.62,250.00,60,3.00,-0.62
517170,250.61,250.00,58,3.00,-0.61
517270,250.60,250.00,58,3.00,-0.60
517370,250.56,250.00,60,3.00,-0.56
517470,250.55,250.00,58,3.00,-0.55
517570,250.56,250.00,56,3.00,-0.56
517670,250.56,250.00,56,3.00,-0.56
517770,250.52,250.00,61,3.00,-0.52
517870,250.54,250.00,55,3.00,-0.54
517970,250.50,250.00,61,3.00,-0.50
518070,250.51,250.00,56,3.00,-0.51
518170,250.46,250.00,62,3.00,-0.46
518270,250.46,250.00,57,3.00,-0.46
518370,250.46,250.00,57,3.00,-0.46
518470,250.44,250.00,59,3.00,-0.44
518570,250.42,250.00,59,3.00,-0.42
518670,250.38,250.00,62,3.00,-0.38
518770,250.40,250.00,55,3.00,-0.40
518870,250.37,250.00,60,3.00,-0.37
518970,250.34,250.00,61,3.00,-0.34
519070,250.34,250.00,57,3.00,-0.34
519170,250.32,250.00,60,3.00,-0.32
519270,250.31,250.00,58,3.00,-0.31
519370,250.30,250.00,58,3.00,-0.30
519470,250.27,250.00,61,3.00,-0.27
519570,250.28,250.00,57,3.00,-0.28
519670,250.26,250.00,61,3.00,-0.26
519770,250.28,250.00,56,3.00,-0.28
519870,250.26,250.00,59,3.00,-0.26
519970,250.28,250.00,56,3.00,-0.28
520070,250.24,250.00,62,3.00,-0.24
520170,250.26,250.00,57,3.00,-0.26
520270,250.21,250.00,63,3.00,-0.21
520370,250.22,250.00,56,3.00,-0.22
520470,250.25,250.00,55,3.00,-0.25
520570,250.24,250.00,59,3.00,-0.24
520670,250.23,250.00,59,3.00,-0.23
520770,250.19,250.00,62,3.00,-0.19
520870,250.20,250.00,58,3.00,-0.20
520970,250.17,250.00,61,3.00,-0.17
521070,250.16,250.00,59,3.00,-0.16
521170,250.19,250.00,55,3.00,-0.19
521270,250.17,250.00,60,3.00,-0.17
521370,250.16,250.00,60,3.00,-0.16
521470,250.18,250.00,56,3.00,-0.18
521570,250.14,250.00,62,3.00,-0.14
521670,250.14,250.00,59,3.00,-0.14
521770,250.11,250.00,61,3.00,-0.11
521870,250.15,250.00,55,3.00,-0.15
521970,250.13,250.00,60,3.00,-0.13
522070,250.13,250.00,58,3.00,-0.13
522170,250.14,250.00,57,3.00,-0.14
522270,250.17,250.00,56,3.00,-0.17
522370,250.11,250.00,64,3.00,-0.11
522470,250.14,250.00,56,3.00,-0.14
522570,250.16,250.00,56,3.00,-0.16
522670,250.15,250.00,60,3.00,-0.15
522770,250.13,250.00,60,3.00,-0.13
522870,250.09,250.00,62,3.00,-0.09
522970,250.13,250.00,54,3.00,-0.13
523070,250.16,250.00,56,3.00,-0.16
523170,250.13,250.00,61,3.00,-0.13
523270,250.12,250.00,60,3.00,-0.12
523370,250.09,250.00,61,3.00,-0.09
523470,250.11,250.00,57,3.00,-0.11
523570,250.11,250.00,58,3.00,-0.11
523670,250.08,250.00,62,3.00,-0.08
523770,250.09,250.00,57,3.00,-0.09
523870,250.07,250.00,61,3.00,-0.07
523970,250.09,250.00,57,3.00,-0.09
524070,250.06,250.00,62,3.00,-0.06
524170,250.08,250.00,57,3.00,-0.08
524270,250.03,250.00,63,3.00,-0.03
524370,250.02,250.00,60,3.00,-0.02
524470,250.02,250.00,59,3.00,-0.02
524570,250.04,250.00,56,3.00,-0.04
524670,250.05,250.00,58,3.00,-0.05
524770,250.03,250.00,60,3.00,-0.03
524870,250.02,250.00,60,3.00,-0.02
524970,249.98,250.00,63,3.00,0.02
525070,249.98,250.00,59,3.00,0.02
525170,249.95,250.00,62,3.00,0.05
525270,249.91,250.00,63,3.00,0.09
525370,249.90,250.00,59,3.00,0.10
525470,249.89,250.00,61,3.00,0.11
525570,249.90,250.00,58,3.00,0.10
525670,249.90,250.00,59,3.00,0.10
525770,249.86,250.00,63,3.00,0.14
525870,249.88,250.00,58,3.00,0.12
525970,249.85,250.00,62,3.00,0.15
526070,249.87,250.00,58,3.00,0.13
526170,249.84,250.00,63,3.00,0.16
526270,249.83,250.00,60,3.00,0.17
526370,249.79,250.00,64,3.00,0.21
526470,249.80,250.00,59,3.00,0.20
526570,249.76,250.00,64,3.00,0.24
526670,249.75,250.00,61,3.00,0.25
526770,249.76,250.00,58,3.00,0.24
526870,249.79,250.00,57,3.00,0.21
526970,249.77,250.00,61,3.00,0.23
527070,249.76,250.00,61,3.00,0.24
527170,249.77,250.00,59,3.00,0.23
527270,249.74,250.00,64,3.00,0.26
527370,249.70,250.00,63,3.00,0.30
527470,249.70,250.00,61,3.00,0.30
527570,249.67,250.00,63,3.00,0.33
527670,249.65,250.00,62,3.00,0.35
527770,249.68,250.00,58,3.00,0.32
527870,249.64,250.00,64,3.00,0.36
527970,249.65,250.00,59,3.00,0.35
528070,249.63,250.00,63,3.00,0.37
528170,249.61,250.00,63,3.00,0.39
528270,249.59,250.00,63,3.00,0.41
528370,249.59,250.00,60,3.00,0.41
528470,249.59,250.00,61,3.00,0.41
528570,249.59,250.00,60,3.00,0.41
528670,249.54,250.00,66,3.00,0.46
528770,249.53,250.00,62,3.00,0.47
528870,249.50,250.00,63,3.00,0.50
528970,249.53,250.00,58,3.00,0.47
529070,249.53,250.00,61,3.00,0.47
529170,249.53,250.00,61,3.00,0.47
529270,249.54,250.00,60,3.00,0.46
529370,249.52,250.00,63,3.00,0.48
529470,249.49,250.00,63,3.00,0.51
529570,249.50,250.00,61,3.00,0.50
529670,249.46,250.00,64,3.00,0.54
529770,249.46,250.00,62,3.00,0.54
529870,249.45,250.00,62,3.00,0.55
529970,249.43,250.00,64,3.00,0.57
530070,249.42,250.00,62,3.00,0.58
530170,249.45,250.00,59,3.00,0.55
530270,249.43,250.00,63,3.00,0.57
530370,249.45,250.00,59,3.00,0.55
530470,249.45,250.00,62,3.00,0.55
530570,249.41,250.00,65,3.00,0.59
530670,249.40,250.00,63,3.00,0.60
530770,249.35,250.00,66,3.00,0.65
530870,249.35,250.00,62,3.00,0.65
530970,249.36,250.00,60,3.00,0.64
531070,249.35,250.00,64,3.00,0.65
531170,249.35,250.00,61,3.00,0.65
531270,249.36,250.00,61,3.00,0.64
531370,249.36,250.00,61,3.00,0.64
531470,249.33,250.00,65,3.00,0.67
531570,249.32,250.00,64,3.00,0.68
531670,249.31,250.00,62,3.00,0.69
531770,249.30,250.00,63,3.00,0.70
531870,249.30,250.00,62,3.00,0.70
531970,249.31,250.00,61,3.00,0.69
532070,249.29,250.00,65,3.00,0.71
532170,249.29,250.00,62,3.00,0.71
532270,249.26,250.00,65,3.00,0.74
532370,249.27,250.00,62,3.00,0.73
532470,249.26,250.00,63,3.00,0.74
532570,249.25,250.00,63,3.00,0.75
532670,249.26,250.00,61,3.00,0.74
532770,249.29,250.00,60,3.00,0.71
532870,249.27,250.00,65,3.00,0.73
532970,249.25,250.00,65,3.00,0.75
533070,249.29,250.00,58,3.00,0.71
533170,249.29,250.00,62,3.00,0.71
533270,249.30,250.00,61,3.00,0.70
533370,249.28,250.00,65,3.00,0.72
533470,249.30,250.00,60,3.00,0.70
533570,249.35,250.00,57,3.00,0.65
533670,249.33,250.00,64,3.00,0.67
533770,249.33,250.00,63,3.00,0.67
533870,249.32,250.00,63,3.00,0.68
533970,249.34,250.00,60,3.00,0.66
534070,249.35,250.00,61,3.00,0.65
534170,249.34,250.00,63,3.00,0.66
534270,249.35,250.00,61,3.00,0.65
534370,249.32,250.00,65,3.00,0.68
534470,249.32,250.00,63,3.00,0.68
534570,249.34,250.00,60,3.00,0.66
534670,249.35,250.00,61,3.00,0.65
534770,249.31,250.00,66,3.00,0.69
534870,249.29,250.00,64,3.00,0.71
534970,249.25,250.00,67,3.00,0.75
535070,249.24,250.00,63,3.00,0.76
535170,249.26,250.00,61,3.00,0.74
535270,249.28,250.00,60,3.00,0.72
535370,249.27,250.00,64,3.00,0.73
535470,249.29,250.00,61,3.00,0.71
535570,249.32,250.00,59,3.00,0.68
535670,249.30,250.00,65,3.00,0.70
535770,249.26,250.00,66,3.00,0.74
535870,249.26,250.00,62,3.00,0.74
535970,249.25,250.00,64,3.00,0.75
536070,249.28,250.00,60,3.00,0.72
536170,249.28,250.00,62,3.00,0.72
536270,249.25,250.00,66,3.00,0.75
536370,249.26,250.00,61,3.00,0.74
536470,249.29,250.00,60,3.00,0.71
536570,249.31,250.00,60,3.00,0.69
536670,249.32,250.00,62,3.00,0.68
536770,249.32,250.00,63,3.00,0.68
536870,249.31,250.00,64,3.00,0.69
536970,249.29,250.00,64,3.00,0.71
537070,249.26,250.00,66,3.00,0.74
537170,249.24,250.00,65,3.00,0.76
537270,249.21,250.00,66,3.00,0.79
537370,249.20,250.00,63,3.00,0.80
537470,249.21,250.00,62,3.00,0.79
537570,249.21,250.00,63,3.00,0.79
537670,249.23,250.00,61,3.00,0.77
537770,249.21,250.00,65,3.00,0.79
537870,249.20,250.00,65,3.00,0.80
537970,249.21,250.00,62,3.00,0.79
538070,249.19,250.00,65,3.00,0.81
538170,249.20,250.00,62,3.00,0.80
538270,249.21,250.00,62,3.00,0.79
538370,249.21,250.00,64,3.00,0.79
538470,249.22,250.00,62,3.00,0.78
538570,249.26,250.00,59,3.00,0.74
538670,249.25,250.00,64,3.00,0.75
538770,249.28,250.00,60,3.00,0.72
538870,249.30,250.00,60,3.00,0.70
538970,249.30,250.00,63,3.00,0.70
539070,249.29,250.00,64,3.00,0.71
539170,249.24,250.00,68,3.00,0.76
539270,249.25,250.00,63,3.00,0.75
539370,249.29,250.00,59,3.00,0.71
539470,249.28,250.00,64,3.00,0.72
539570,249.29,250.00,62,3.00,0.71
539670,249.30,250.00,62,3.00,0.70
539770,249.31,250.00,62,3.00,0.69
539870,249.30,250.00,64,3.00,0.70
539970,249.29,250.00,64,3.00,0.71
540070,249.32,250.00,59,3.00,0.68
540170,249.31,250.00,64,3.00,0.69
540270,249.31,250.00,63,3.00,0.69
540370,249.30,250.00,63,3.00,0.70
540470,249.29,250.00,64,3.00,0.71
540570,249.32,250.00,61,3.00,0.68
540670,249.30,250.00,64,3.00,0.70
540770,249.30,250.00,63,3.00,0.70
540870,249.29,250.00,64,3.00,0.71
540970,249.29,250.00,63,3.00,0.71
541070,249.28,250.00,64,3.00,0.72
541170,249.28,250.00,63,3.00,0.72
541270,249.30,250.00,61,3.00,0.70
541370,249.30,250.00,63,3.00,0.70
541470,249.34,250.00,60,3.00,0.66
541570,249.33,250.00,63,3.00,0.67
541670,249.32,250.00,65,3.00,0.68
541770,249.35,250.00,60,3.00,0.65
541870,249.36,250.00,62,3.00,0.64
541970,249.34,250.00,65,3.00,0.66
542070,249.32,250.00,65,3.00,0.68
542170,249.38,250.00,57,3.00,0.62
542270,249.39,250.00,61,3.00,0.61
542370,249.44,250.00,58,3.00,0.56
542470,249.46,250.00,61,3.00,0.54
542570,249.48,250.00,61,3.00,0.52
542670,249.51,250.00,60,3.00,0.49
542770,249.50,250.00,63,3.00,0.50
542870,249.54,250.00,58,3.00,0.46
542970,249.57,250.00,59,3.00,0.43
543070,249.58,250.00,61,3.00,0.42
543170,249.55,250.00,65,3.00,0.45
543270,249.56,250.00,61,3.00,0.44
543370,249.53,250.00,65,3.00,0.47
543470,249.53,250.00,62,3.00,0.47
543570,249.57,250.00,59,3.00,0.43
543670,249.56,250.00,63,3.00,0.44
543770,249.58,250.00,60,3.00,0.42
543870,249.57,250.00,64,3.00,0.43
543970,249.60,250.00,59,3.00,0.40
544070,249.59,250.00,63,3.00,0.41
544170,249.61,250.00,60,3.00,0.39
544270,249.63,250.00,60,3.00,0.37
544370,249.62,250.00,63,3.00,0.38
544470,249.62,250.00,62,3.00,0.38
544570,249.63,250.00,61,3.00,0.37
544670,249.61,250.00,64,3.00,0.39
544770,249.64,250.00,59,3.00,0.36
544870,249.63,250.00,63,3.00,0.37
544970,249.63,250.00,62,3.00,0.37
545070,249.67,250.00,58,3.00,0.33
545170,249.68,250.00,61,3.00,0.32
545270,249.65,250.00,65,3.00,0.35
545370,249.69,250.00,58,3.00,0.31
545470,249.66,250.00,65,3.00,0.34
545570,249.66,250.00,62,3.00,0.34
545670,249.69,250.00,58,3.00,0.31
545770,249.70,250.00,61,3.00,0.30
545870,249.73,250.00,59,3.00,0.27
545970,249.70,250.00,65,3.00,0.30
546070,249.73,250.00,59,3.00,0.27
546170,249.72,250.00,63,3.00,0.28
546270,249.71,250.00,63,3.00,0.29
546370,249.73,250.00,60,3.00,0.27
546470,249.72,250.00,63,3.00,0.28
546570,249.73,250.00,61,3.00,0.27
546670,249.74,250.00,60,3.00,0.26
546770,249.73,250.00,63,3.00,0.27
546870,249.75,250.00,60,3.00,0.25
546970,249.74,250.00,63,3.00,0.26
547070,249.78,250.00,58,3.00,0.22
547170,249.76,250.00,63,3.00,0.24
547270,249.78,250.00,60,3.00,0.22
547370,249.75,250.00,64,3.00,0.25
547470,249.78,250.00,59,3.00,0.22
547570,249.80,250.00,59,3.00,0.20
547670,249.82,250.00,59,3.00,0.18
547770,249.85,250.00,58,3.00,0.15
547870,249.84,250.00,62,3.00,0.16
547970,249.85,250.00,61,3.00,0.15
548070,249.83,250.00,63,3.00,0.17
548170,249.87,250.00,57,3.00,0.13
548270,249.85,250.00,64,3.00,0.15
548370,249.83,250.00,63,3.00,0.17
548470,249.84,250.00,60,3.00,0.16
548570,249.84,250.00,62,3.00,0.16
548670,249.84,250.00,61,3.00,0.16
548770,249.85,250.00,61,3.00,0.15
548870,249.84,250.00,62,3.00,0.16
548970,249.84,250.00,61,3.00,0.16
549070,249.87,250.00,58,3.00,0.13
549170,249.90,250.00,59,3.00,0.10
549270,249.88,250.00,62,3.00,0.12
549370,249.89,250.00,60,3.00,0.11
549470,249.87,250.00,64,3.00,0.13
549570,249.88,250.00,60,3.00,0.12
549670,249.90,250.00,60,3.00,0.10
549770,249.89,250.00,61,3.00,0.11
549870,249.92,250.00,59,3.00,0.08
549970,249.95,250.00,58,3.00,0.05
550070,249.94,250.00,62,3.00,0.06
550170,249.95,250.00,60,3.00,0.05
550270,249.99,250.00,57,3.00,0.01
550370,249.97,250.00,63,3.00,0.03
550470,249.94,250.00,64,3.00,0.06
550570,249.94,250.00,60,3.00,0.06
550670,249.94,250.00,62,3.00,0.06
550770,249.93,250.00,62,3.00,0.07
550870,249.96,250.00,58,3.00,0.04
550970,249.94,250.00,63,3.00,0.06
551070,249.96,250.00,59,3.00,0.04
551170,249.95,250.00,62,3.00,0.05
551270,249.98,250.00,58,3.00,0.02
551370,250.02,250.00,57,3.00,-0.02
551470,250.06,250.00,57,3.00,-0.06
551570,250.03,250.00,64,3.00,-0.03
551670,250.06,250.00,57,3.00,-0.06
551770,250.01,250.00,66,3.00,-0.01
551870,249.97,250.00,64,3.00,0.03
551970,250.02,250.00,56,3.00,-0.02
552070,250.03,250.00,60,3.00,-0.03
552170,250.07,250.00,57,3.00,-0.07
552270,250.08,250.00,59,3.00,-0.08
552370,250.10,250.00,59,3.00,-0.10
552470,250.09,250.00,61,3.00,-0.09
552570,250.06,250.00,64,3.00,-0.06
552670,250.08,250.00,59,3.00,-0.08
552770,250.07,250.00,61,3.00,-0.07
552870,250.10,250.00,57,3.00,-0.10
552970,250.14,250.00,56,3.00,-0.14
553070,250.11,250.00,63,3.00,-0.11
553170,250.12,250.00,59,3.00,-0.12
553270,250.11,250.00,61,3.00,-0.11
553370,250.11,250.00,60,3.00,-0.11
553470,250.10,250.00,61,3.00,-0.10
553570,250.12,250.00,59,3.00,-0.12
553670,250.09,250.00,63,3.00,-0.09
553770,250.12,250.00,58,3.00,-0.12
553870,250.10,250.00,63,3.00,-0.10
553970,250.14,250.00,56,3.00,-0.14
554070,250.17,250.00,57,3.00,-0.17
554170,250.17,250.00,61,3.00,-0.17
554270,250.16,250.00,60,3.00,-0.16
554370,250.17,250.00,59,3.00,-0.17
554470,250.19,250.00,58,3.00,-0.19
554570,250.24,250.00,54,3.00,-0.24
554670,250.24,250.00,60,3.00,-0.24
554770,250.25,250.00,58,3.00,-0.25
554870,250.23,250.00,62,3.00,-0.23
554970,250.23,250.00,60,3.00,-0.23
555070,250.23,250.00,60,3.00,-0.23
555170,250.21,250.00,62,3.00,-0.21
555270,250.23,250.00,58,3.00,-0.23
555370,250.20,250.00,62,3.00,-0.20
555470,250.23,250.00,57,3.00,-0.23
555570,250.21,250.00,62,3.00,-0.21
555670,250.25,250.00,56,3.00,-0.25
555770,250.21,250.00,63,3.00,-0.21
555870,250.24,250.00,57,3.00,-0.24
555970,250.20,250.00,63,3.00,-0.20
556070,250.22,250.00,58,3.00,-0.22
556170,250.25,250.00,57,3.00,-0.25
556270,250.25,250.00,60,3.00,-0.25
556370,250.26,250.00,58,3.00,-0.26
556470,250.22,250.00,63,3.00,-0.22
556570,250.26,250.00,56,3.00,-0.26
556670,250.23,250.00,62,3.00,-0.23
556770,250.21,250.00,62,3.00,-0.21
556870,250.21,250.00,59,3.00,-0.21
556970,250.19,250.00,62,3.00,-0.19
557070,250.19,250.00,61,3.00,-0.19
557170,250.20,250.00,58,3.00,-0.20
557270,250.18,250.00,62,3.00,-0.18
557370,250.20,250.00,58,3.00,-0.20
557470,250.18,250.00,62,3.00,-0.18
557570,250.20,250.00,58,3.00,-0.20
557670,250.19,250.00,61,3.00,-0.19
557770,250.23,250.00,56,3.00,-0.23
557870,250.21,250.00,62,3.00,-0.21
557970,250.20,250.00,61,3.00,-0.20
558070,250.21,250.00,59,3.00,-0.21
558170,250.20,250.00,61,3.00,-0.20
558270,250.21,250.00,58,3.00,-0.21
558370,250.25,250.00,56,3.00,-0.25
558470,250.23,250.00,62,3.00,-0.23
558570,250.19,250.00,63,3.00,-0.19
558670,250.21,250.00,58,3.00,-0.21
558770,250.19,250.00,62,3.00,-0.19
558870,250.17,250.00,62,3.00,-0.17
558970,250.18,250.00,59,3.00,-0.18
559070,250.17,250.00,60,3.00,-0.17
559170,250.17,250.00,60,3.00,-0.17
559270,250.18,250.00,59,3.00,-0.18
559370,250.15,250.00,63,3.00,-0.15
559470,250.16,250.00,59,3.00,-0.16
559570,250.14,250.00,61,3.00,-0.14
559670,250.16,250.00,58,3.00,-0.16
559770,250.15,250.00,62,3.00,-0.15
559870,250.18,250.00,56,3.00,-0.18
559970,250.18,250.00,60,3.00,-0.18
560070,250.17,250.00,60,3.00,-0.17
560170,250.18,250.00,59,3.00,-0.18
560270,250.16,250.00,62,3.00,-0.16
560370,250.18,250.00,58,3.00,-0.18
560470,250.17,250.00,60,3.00,-0.17
560570,250.18,250.00,59,3.00,-0.18
560670,250.15,250.00,63,3.00,-0.15
560770,250.16,250.00,59,3.00,-0.16
560870,250.15,250.00,61,3.00,-0.15
560970,250.12,250.00,63,3.00,-0.12
561070,250.13,250.00,59,3.00,-0.13
561170,250.12,250.00,61,3.00,-0.12
561270,250.11,250.00,61,3.00,-0.11
561370,250.11,250.00,60,3.00,-0.11
561470,250.11,250.00,60,3.00,-0.11
561570,250.12,250.00,59,3.00,-0.12
561670,250.11,250.00,61,3.00,-0.11
561770,250.14,250.00,57,3.00,-0.14
561870,250.12,250.00,61,3.00,-0.12
561970,250.16,250.00,56,3.00,-0.16
562070,250.12,250.00,64,3.00,-0.12
562170,250.11,250.00,61,3.00,-0.11
562270,250.12,250.00,59,3.00,-0.12
562370,250.11,250.00,61,3.00,-0.11
562470,250.14,250.00,57,3.00,-0.14
562570,250.15,250.00,59,3.00,-0.15
562670,250.14,250.00,60,3.00,-0.14
562770,250.17,250.00,58,3.00,-0.17
562870,250.19,250.00,58,3.00,-0.19
562970,250.23,250.00,55,3.00,-0.23
563070,250.19,250.00,63,3.00,-0.19
563170,250.20,250.00,59,3.00,-0.20
563270,250.18,250.00,62,3.00,-0.18
563370,250.17,250.00,60,3.00,-0.17
563470,250.20,250.00,57,3.00,-0.20
563570,250.17,250.00,63,3.00,-0.17
563670,250.18,250.00,59,3.00,-0.18
563770,250.20,250.00,58,3.00,-0.20
563870,250.19,250.00,60,3.00,-0.19
563970,250.17,250.00,62,3.00,-0.17
564070,250.18,250.00,59,3.00,-0.18
564170,250.15,250.00,63,3.00,-0.15
564270,250.17,250.00,58,3.00,-0.17
564370,250.13,250.00,64,3.00,-0.13
564470,250.15,250.00,57,3.00,-0.15
564570,250.17,250.00,58,3.00,-0.17
564670,250.17,250.00,60,3.00,-0.17
564770,250.19,250.00,58,3.00,-0.19
564870,250.16,250.00,63,3.00,-0.16
564970,250.18,250.00,58,3.00,-0.18
565070,250.15,250.00,63,3.00,-0.15
565170,250.16,250.00,59,3.00,-0.16
565270,250.16,250.00,60,3.00,-0.16
565370,250.15,250.00,60,3.00,-0.15
565470,250.16,250.00,59,3.00,-0.16
565570,250.16,250.00,60,3.00,-0.16
565670,250.15,250.00,60,3.00,-0.15
565770,250.16,250.00,59,3.00,-0.16
565870,250.15,250.00,61,3.00,-0.15
565970,250.17,250.00,58,3.00,-0.17
566070,250.15,250.00,61,3.00,-0.15
566170,250.19,250.00,56,3.00,-0.19
566270,250.16,250.00,63,3.00,-0.16
566370,250.18,250.00,58,3.00,-0.18
566470,250.14,250.00,64,3.00,-0.14
566570,250.16,250.00,57,3.00,-0.16
566670,250.18,250.00,58,3.00,-0.18
566770,250.20,250.00,58,3.00,-0.20
566870,250.20,250.00,59,3.00,-0.20
566970,250.17,250.00,63,3.00,-0.17
567070,250.18,250.00,59,3.00,-0.18
567170,250.15,250.00,63,3.00,-0.15
567270,250.15,250.00,60,3.00,-0.15
567370,250.17,250.00,57,3.00,-0.17
567470,250.15,250.00,61,3.00,-0.15
567570,250.14,250.00,61,3.00,-0.14
567670,250.14,250.00,60,3.00,-0.14
567770,250.13,250.00,60,3.00,-0.13
567870,250.16,250.00,57,3.00,-0.16
567970,250.19,250.00,56,3.00,-0.19
568070,250.17,250.00,61,3.00,-0.17
568170,250.19,250.00,58,3.00,-0.19
568270,250.20,250.00,59,3.00,-0.20
568370,250.19,250.00,60,3.00,-0.19
568470,250.18,250.00,60,3.00,-0.18
568570,250.19,250.00,59,3.00,-0.19
568670,250.17,250.00,61,3.00,-0.17
568770,250.19,250.00,58,3.00,-0.19
568870,250.17,250.00,61,3.00,-0.17
568970,250.18,250.00,59,3.00,-0.18
569070,250.14,250.00,64,3.00,-0.14
569170,250.15,250.00,59,3.00,-0.15
569270,250.12,250.00,62,3.00,-0.12
569370,250.10,250.00,62,3.00,-0.10
569470,250.10,250.00,60,3.00,-0.10
569570,250.09,250.00,61,3.00,-0.09
569670,250.11,250.00,58,3.00,-0.11
569770,250.11,250.00,60,3.00,-0.11
569870,250.11,250.00,60,3.00,-0.11
569970,250.11,250.00,60,3.00,-0.11
570070,250.09,250.00,62,3.00,-0.09
570170,250.10,250.00,58,3.00,-0.10
570270,250.08,250.00,62,3.00,-0.08
570370,250.09,250.00,60,3.00,-0.09
570470,250.09,250.00,60,3.00,-0.09
570570,250.08,250.00,61,3.00,-0.08
570670,250.09,250.00,60,3.00,-0.09
570770,250.08,250.00,61,3.00,-0.08
570870,250.11,250.00,57,3.00,-0.11
570970,250.10,250.00,61,3.00,-0.10
571070,250.11,250.00,58,3.00,-0.11
571170,250.08,250.00,63,3.00,-0.08
571270,250.12,250.00,56,3.00,-0.12
571370,250.15,250.00,56,3.00,-0.15
571470,250.16,250.00,59,3.00,-0.16
571570,250.17,250.00,59,3.00,-0.17
571670,250.15,250.00,61,3.00,-0.15
571770,250.19,250.00,56,3.00,-0.19
571870,250.19,250.00,59,3.00,-0.19
571970,250.17,250.00,61,3.00,-0.17
572070,250.19,250.00,58,3.00,-0.19
572170,250.21,250.00,58,3.00,-0.21
572270,250.23,250.00,58,3.00,-0.23
572370,250.20,250.00,62,3.00,-0.20
572470,250.23,250.00,57,3.00,-0.23
572570,250.20,250.00,63,3.00,-0.20
572670,250.21,250.00,58,3.00,-0.21
572770,250.18,250.00,63,3.00,-0.18
572870,250.20,250.00,58,3.00,-0.20
572970,250.22,250.00,58,3.00,-0.22
573070,250.19,250.00,62,3.00,-0.19
573170,250.19,250.00,60,3.00,-0.19
573270,250.16,250.00,63,3.00,-0.16
573370,250.18,250.00,57,3.00,-0.18
573470,250.16,250.00,61,3.00,-0.16
573570,250.17,250.00,59,3.00,-0.17
573670,250.16,250.00,60,3.00,-0.16
573770,250.16,250.00,60,3.00,-0.16
573870,250.16,250.00,60,3.00,-0.16
573970,250.17,250.00,59,3.00,-0.17
574070,250.15,250.00,61,3.00,-0.15
574170,250.16,250.00,59,3.00,-0.16
574270,250.14,250.00,61,3.00,-0.14
574370,250.18,250.00,56,3.00,-0.18
574470,250.16,250.00,61,3.00,-0.16
574570,250.14,250.00,61,3.00,-0.14
574670,250.12,250.00,62,3.00,-0.12
574770,250.12,250.00,60,3.00,-0.12
574870,250.10,250.00,62,3.00,-0.10
574970,250.12,250.00,57,3.00,-0.12
575070,250.16,250.00,56,3.00,-0.16
575170,250.17,250.00,59,3.00,-0.17
575270,250.16,250.00,60,3.00,-0.16
575370,250.13,250.00,62,3.00,-0.13
575470,250.16,250.00,57,3.00,-0.16
575570,250.14,250.00,61,3.00,-0.14
575670,250.13,250.00,61,3.00,-0.13
575770,250.15,250.00,57,3.00,-0.15
575870,250.14,250.00,61,3.00,-0.14
575970,250.16,250.00,57,3.00,-0.16
576070,250.17,250.00,59,3.00,-0.17
576170,250.16,250.00,60,3.00,-0.16
576270,250.18,250.00,57,3.00,-0.18
576370,250.17,250.00,61,3.00,-0.17
576470,250.17,250.00,59,3.00,-0.17
576570,250.16,250.00,61,3.00,-0.16
576670,250.21,250.00,54,3.00,-0.21
576770,250.19,250.00,61,3.00,-0.19
576870,250.22,250.00,56,3.00,-0.22
576970,250.19,250.00,63,3.00,-0.19
577070,250.22,250.00,56,3.00,-0.22
577170,250.24,250.00,56,3.00,-0.24
577270,250.24,250.00,59,3.00,-0.24
577370,250.24,250.00,59,3.00,-0.24
577470,250.27,250.00,57,3.00,-0.27
577570,250.31,250.00,54,3.00,-0.31
577670,250.28,250.00,62,3.00,-0.28
577770,250.30,250.00,57,3.00,-0.30
577870,250.31,250.00,58,3.00,-0.31
577970,250.29,250.00,61,3.00,-0.29
578070,250.29,250.00,59,3.00,-0.29
578170,250.27,250.00,61,3.00,-0.27
578270,250.27,250.00,59,3.00,-0.27
578370,250.28,250.00,58,3.00,-0.28
578470,250.26,250.00,61,3.00,-0.26
578570,250.26,250.00,59,3.00,-0.26
578670,250.26,250.00,59,3.00,-0.26
578770,250.27,250.00,58,3.00,-0.27
578870,250.25,250.00,60,3.00,-0.25
578970,250.29,250.00,55,3.00,-0.29
579070,250.26,250.00,62,3.00,-0.26
579170,250.27,250.00,58,3.00,-0.27
579270,250.30,250.00,55,3.00,-0.30
579370,250.31,250.00,58,3.00,-0.31
579470,250.32,250.00,58,3.00,-0.32
579570,250.30,250.00,61,3.00,-0.30
579670,250.31,250.00,57,3.00,-0.31
579770,250.31,250.00,59,3.00,-0.31
579870,250.30,250.00,59,3.00,-0.30
579970,250.33,250.00,56,3.00,-0.33
580070,250.33,250.00,58,3.00,-0.33
580170,250.34,250.00,58,3.00,-0.34
580270,250.35,250.00,57,3.00,-0.35
580370,250.35,250.00,58,3.00,-0.35
580470,250.38,250.00,56,3.00,-0.38
580570,250.38,250.00,59,3.00,-0.38
580670,250.39,250.00,57,3.00,-0.39
580770,250.39,250.00,59,3.00,-0.39
580870,250.41,250.00,56,3.00,-0.41
580970,250.41,250.00,58,3.00,-0.41
581070,250.43,250.00,56,3.00,-0.43
581170,250.43,250.00,59,3.00,-0.43
581270,250.44,250.00,56,3.00,-0.44
581370,250.50,250.00,53,3.00,-0.50
581470,250.51,250.00,57,3.00,-0.51
581570,250.53,250.00,56,3.00,-0.53
581670,250.56,250.00,54,3.00,-0.56
581770,250.59,250.00,55,3.00,-0.59
581870,250.59,250.00,57,3.00,-0.59
581970,250.58,250.00,59,3.00,-0.58
582070,250.59,250.00,56,3.00,-0.59
582170,250.62,250.00,55,3.00,-0.62
582270,250.67,250.00,52,3.00,-0.67
582370,250.71,250.00,53,3.00,-0.71
582470,250.72,250.00,56,3.00,-0.72
582570,250.75,250.00,54,3.00,-0.75
582670,250.73,250.00,58,3.00,-0.73
582770,250.73,250.00,57,3.00,-0.73
582870,250.73,250.00,57,3.00,-0.73
582970,250.78,250.00,52,3.00,-0.78
583070,250.76,250.00,58,3.00,-0.76
583170,250.76,250.00,57,3.00,-0.76
583270,250.73,250.00,60,3.00,-0.73
583370,250.73,250.00,57,3.00,-0.73
583470,250.77,250.00,53,3.00,-0.77
583570,250.77,250.00,56,3.00,-0.77
583670,250.78,250.00,56,3.00,-0.78
583770,250.79,250.00,56,3.00,-0.79
583870,250.80,250.00,55,3.00,-0.80
583970,250.80,250.00,57,3.00,-0.80
584070,250.78,250.00,58,3.00,-0.78
584170,250.78,250.00,56,3.00,-0.78
584270,250.78,250.00,57,3.00,-0.78
584370,250.78,250.00,56,3.00,-0.78
584470,250.79,250.00,56,3.00,-0.79
584570,250.80,250.00,56,3.00,-0.80
584670,250.81,250.00,55,3.00,-0.81
584770,250.79,250.00,58,3.00,-0.79
584870,250.80,250.00,56,3.00,-0.80
584970,250.79,250.00,57,3.00,-0.79
585070,250.80,250.00,56,3.00,-0.80
585170,250.78,250.00,58,3.00,-0.78
585270,250.78,250.00,56,3.00,-0.78
585370,250.75,250.00,59,3.00,-0.75
585470,250.75,250.00,57,3.00,-0.75
585570,250.78,250.00,53,3.00,-0.78
585670,250.81,250.00,53,3.00,-0.81
585770,250.82,250.00,56,3.00,-0.82
585870,250.80,250.00,58,3.00,-0.80
585970,250.81,250.00,54,3.00,-0.81
586070,250.85,250.00,52,3.00,-0.85
586170,250.83,250.00,59,3.00,-0.83
586270,250.83,250.00,56,3.00,-0.83
586370,250.81,250.00,58,3.00,-0.81
586470,250.82,250.00,54,3.00,-0.82
586570,250.83,250.00,56,3.00,-0.83
586670,250.80,250.00,58,3.00,-0.80
586770,250.81,250.00,56,3.00,-0.81
586870,250.82,250.00,54,3.00,-0.82
586970,250.84,250.00,55,3.00,-0.84
587070,250.83,250.00,57,3.00,-0.83
587170,250.83,250.00,56,3.00,-0.83
587270,250.79,250.00,60,3.00,-0.79
587370,250.79,250.00,57,3.00,-0.79
587470,250.74,250.00,60,3.00,-0.74
587570,250.74,250.00,56,3.00,-0.74
587670,250.76,250.00,54,3.00,-0.76
587770,250.76,250.00,57,3.00,-0.76
587870,250.76,250.00,57,3.00,-0.76
587970,250.73,250.00,59,3.00,-0.73
588070,250.74,250.00,55,3.00,-0.74
588170,250.73,250.00,58,3.00,-0.73
588270,250.72,250.00,58,3.00,-0.72
588370,250.73,250.00,55,3.00,-0.73
588470,250.72,250.00,57,3.00,-0.72
588570,250.72,250.00,56,3.00,-0.72
588670,250.72,250.00,56,3.00,-0.72
588770,250.68,250.00,60,3.00,-0.68
588870,250.69,250.00,56,3.00,-0.69
588970,250.67,250.00,58,3.00,-0.67
589070,250.66,250.00,57,3.00,-0.66
589170,250.63,250.00,59,3.00,-0.63
589270,250.64,250.00,56,3.00,-0.64
589370,250.61,250.00,59,3.00,-0.61
589470,250.61,250.00,57,3.00,-0.61
589570,250.57,250.00,60,3.00,-0.57
589670,250.57,250.00,58,3.00,-0.57
589770,250.59,250.00,54,3.00,-0.59
589870,250.62,250.00,54,3.00,-0.62
589970,250.63,250.00,55,3.00,-0.63
590070,250.59,250.00,60,3.00,-0.59
590170,250.60,250.00,55,3.00,-0.60
590270,250.58,250.00,59,3.00,-0.58
590370,250.58,250.00,56,3.00,-0.58
590470,250.60,250.00,55,3.00,-0.60
590570,250.59,250.00,58,3.00,-0.59
590670,250.59,250.00,56,3.00,-0.59
590770,250.60,250.00,55,3.00,-0.60
590870,250.59,250.00,58,3.00,-0.59
590970,250.60,250.00,55,3.00,-0.60
591070,250.58,250.00,59,3.00,-0.58
591170,250.58,250.00,56,3.00,-0.58
591270,250.57,250.00,58,3.00,-0.57
591370,250.60,250.00,54,3.00,-0.60
591470,250.56,250.00,60,3.00,-0.56
591570,250.54,250.00,59,3.00,-0.54
591670,250.51,250.00,60,3.00,-0.51
591770,250.52,250.00,56,3.00,-0.52
591870,250.54,250.00,55,3.00,-0.54
591970,250.54,250.00,57,3.00,-0.54
592070,250.52,250.00,58,3.00,-0.52
592170,250.54,250.00,55,3.00,-0.54
592270,250.57,250.00,53,3.00,-0.57
592370,250.55,250.00,59,3.00,-0.55
592470,250.52,250.00,60,3.00,-0.52
592570,250.54,250.00,55,3.00,-0.54
592670,250.52,250.00,58,3.00,-0.52
592770,250.51,250.00,58,3.00,-0.51
592870,250.50,250.00,57,3.00,-0.50
592970,250.49,250.00,58,3.00,-0.49
593070,250.49,250.00,57,3.00,-0.49
593170,250.45,250.00,61,3.00,-0.45
593270,250.44,250.00,58,3.00,-0.44
593370,250.41,250.00,60,3.00,-0.41
593470,250.41,250.00,58,3.00,-0.41
593570,250.37,250.00,61,3.00,-0.37
593670,250.38,250.00,56,3.00,-0.38
593770,250.38,250.00,57,3.00,-0.38
593870,250.36,250.00,59,3.00,-0.36
593970,250.39,250.00,55,3.00,-0.39
594070,250.37,250.00,59,3.00,-0.37
594170,250.36,250.00,58,3.00,-0.36
594270,250.31,250.00,62,3.00,-0.31
594370,250.34,250.00,54,3.00,-0.34
594470,250.31,250.00,61,3.00,-0.31
594570,250.28,250.00,61,3.00,-0.28
594670,250.27,250.00,58,3.00,-0.27
594770,250.25,250.00,60,3.00,-0.25
594870,250.27,250.00,55,3.00,-0.27
594970,250.27,250.00,58,3.00,-0.27
595070,250.23,250.00,62,3.00,-0.23
595170,250.24,250.00,56,3.00,-0.24
595270,250.22,250.00,60,3.00,-0.22
595370,250.19,250.00,61,3.00,-0.19
595470,250.17,250.00,60,3.00,-0.17
595570,250.20,250.00,55,3.00,-0.20
595670,250.17,250.00,61,3.00,-0.17
595770,250.19,250.00,56,3.00,-0.19
595870,250.15,250.00,62,3.00,-0.15
595970,250.13,250.00,59,3.00,-0.13
596070,250.15,250.00,56,3.00,-0.15
596170,250.14,250.00,60,3.00,-0.14
596270,250.13,250.00,59,3.00,-0.13
596370,250.09,250.00,62,3.00,-0.09
596470,250.13,250.00,54,3.00,-0.13
596570,250.16,250.00,54,3.00,-0.16
596670,250.18,250.00,56,3.00,-0.18
596770,250.18,250.00,58,3.00,-0.18
596870,250.16,250.00,60,3.00,-0.16
596970,250.15,250.00,60,3.00,-0.15
597070,250.13,250.00,59,3.00,-0.13
597170,250.09,250.00,62,3.00,-0.09
597270,250.10,250.00,58,3.00,-0.10
597370,250.08,250.00,60,3.00,-0.08
597470,250.08,250.00,58,3.00,-0.08
597570,250.10,250.00,57,3.00,-0.10
597670,250.10,250.00,58,3.00,-0.10
597770,250.08,250.00,60,3.00,-0.08
597870,250.08,250.00,58,3.00,-0.08
597970,250.04,250.00,63,3.00,-0.04
598070,250.07,250.00,55,3.00,-0.07
598170,250.10,250.00,55,3.00,-0.10
598270,250.09,250.00,59,3.00,-0.09
598370,250.11,250.00,57,3.00,-0.11
598470,250.07,250.00,62,3.00,-0.07
598570,250.09,250.00,56,3.00,-0.09
598670,250.07,250.00,60,3.00,-0.07
598770,250.07,250.00,58,3.00,-0.07
598870,250.07,250.00,59,3.00,-0.07
598970,250.04,250.00,61,3.00,-0.04
599070,250.05,250.00,57,3.00,-0.05
599170,250.07,250.00,56,3.00,-0.07
599270,250.04,250.00,61,3.00,-0.04
599370,250.04,250.00,57,3.00,-0.04
599470,250.02,250.00,61,3.00,-0.02
599570,250.04,250.00,56,3.00,-0.04
599670,250.01,250.00,61,3.00,-0.01
599770,250.04,250.00,56,3.00,-0.04
599870,250.00,250.00,62,3.00,0.00
599970,250.01,250.00,57,3.00,-0.01
600070,249.96,250.00,63,3.00,0.04
600170,249.98,250.00,57,3.00,0.02
600270,250.00,250.00,56,3.00,-0.00
600370,249.99,250.00,60,3.00,0.01
600470,249.97,250.00,61,3.00,0.03
600570,249.97,250.00,58,3.00,0.03
600670,249.99,250.00,57,3.00,0.01
600770,249.95,250.00,62,3.00,0.05
600870,249.96,250.00,58,3.00,0.04
600970,249.95,250.00,59,3.00,0.05
601070,249.93,250.00,61,3.00,0.07
601170,249.93,250.00,59,3.00,0.07
601270,249.91,250.00,61,3.00,0.09
601370,249.89,250.00,62,3.00,0.11
601470,249.89,250.00,59,3.00,0.11
601570,249.87,250.00,60,3.00,0.13
601670,249.86,250.00,60,3.00,0.14
601770,249.89,250.00,56,3.00,0.11
601870,249.89,250.00,59,3.00,0.11
601970,249.94,250.00,54,3.00,0.06
602070,249.94,250.00,58,3.00,0.06
602170,249.95,250.00,58,3.00,0.05
602270,249.90,250.00,64,3.00,0.10
602370,249.91,250.00,58,3.00,0.09
602470,249.89,250.00,60,3.00,0.11
602570,249.89,250.00,59,3.00,0.11
602670,249.90,250.00,58,3.00,0.10
602770,249.90,250.00,59,3.00,0.10
602870,249.88,250.00,62,3.00,0.12
602970,249.88,250.00,59,3.00,0.12
603070,249.88,250.00,59,3.00,0.12
603170,249.84,250.00,63,3.00,0.16
603270,249.83,250.00,60,3.00,0.17
603370,249.84,250.00,59,3.00,0.16
603470,249.81,250.00,62,3.00,0.19
603570,249.80,250.00,60,3.00,0.20
603670,249.78,250.00,62,3.00,0.22
603770,249.76,250.00,61,3.00,0.24
603870,249.78,250.00,58,3.00,0.22
603970,249.78,250.00,60,3.00,0.22
604070,249.77,250.00,60,3.00,0.23
604170,249.79,250.00,58,3.00,0.21
604270,249.74,250.00,65,3.00,0.26
604370,249.69,250.00,64,3.00,0.31
604470,249.66,250.00,63,3.00,0.34
604570,249.71,250.00,55,3.00,0.29
604670,249.69,250.00,62,3.00,0.31
604770,249.66,250.00,63,3.00,0.34
604870,249.71,250.00,55,3.00,0.29
604970,249.69,250.00,62,3.00,0.31
605070,249.68,250.00,62,3.00,0.32
605170,249.68,250.00,59,3.00,0.32
605270,249.66,250.00,63,3.00,0.34
605370,249.67,250.00,59,3.00,0.33
605470,249.68,250.00,59,3.00,0.32
605570,249.65,250.00,63,3.00,0.35
605670,249.66,250.00,59,3.00,0.34
605770,249.71,250.00,55,3.00,0.29
605870,249.70,250.00,60,3.00,0.30
605970,249.69,250.00,62,3.00,0.31
606070,249.72,250.00,57,3.00,0.28
606170,249.70,250.00,62,3.00,0.30
606270,249.69,250.00,60,3.00,0.31
606370,249.65,250.00,64,3.00,0.35
606470,249.65,250.00,60,3.00,0.35
606570,249.68,250.00,58,3.00,0.32
606670,249.70,250.00,58,3.00,0.30
606770,249.73,250.00,57,3.00,0.27
606870,249.77,250.00,56,3.00,0.23
606970,249.79,250.00,57,3.00,0.21
607070,249.78,250.00,61,3.00,0.22
607170,249.76,250.00,61,3.00,0.24
607270,249.79,250.00,57,3.00,0.21
607370,249.77,250.00,61,3.00,0.23
607470,249.77,250.00,60,3.00,0.23
607570,249.81,250.00,56,3.00,0.19
607670,249.80,250.00,60,3.00,0.20
607770,249.82,250.00,57,3.00,0.18
607870,249.82,250.00,60,3.00,0.18
607970,249.84,250.00,58,3.00,0.16
608070,249.82,250.00,61,3.00,0.18
608170,249.82,250.00,59,3.00,0.18
608270,249.79,250.00,63,3.00,0.21
608370,249.79,250.00,60,3.00,0.21
608470,249.77,250.00,62,3.00,0.23
608570,249.79,250.00,57,3.00,0.21
608670,249.82,250.00,56,3.00,0.18
608770,249.82,250.00,60,3.00,0.18
608870,249.82,250.00,59,3.00,0.18
608970,249.81,250.00,61,3.00,0.19
609070,249.85,250.00,55,3.00,0.15
609170,249.90,250.00,54,3.00,0.10
609270,249.91,250.00,58,3.00,0.09
609370,249.91,250.00,59,3.00,0.09
609470,249.89,250.00,61,3.00,0.11
609570,249.89,250.00,59,3.00,0.11
609670,249.89,250.00,59,3.00,0.11
609770,249.87,250.00,62,3.00,0.13
609870,249.88,250.00,58,3.00,0.12
609970,249.91,250.00,57,3.00,0.09
610070,249.90,250.00,59,3.00,0.10
610170,249.89,250.00,61,3.00,0.11
610270,249.93,250.00,56,3.00,0.07
610370,249.90,250.00,62,3.00,0.10
610470,249.90,250.00,59,3.00,0.10
610570,249.86,250.00,63,3.00,0.14
610670,249.85,250.00,60,3.00,0.15
610770,249.89,250.00,55,3.00,0.11
610870,249.89,250.00,59,3.00,0.11
610970,249.90,250.00,58,3.00,0.10
611070,249.88,250.00,62,3.00,0.12
611170,249.91,250.00,55,3.00,0.09
611270,249.90,250.00,61,3.00,0.10
611370,249.88,250.00,61,3.00,0.12
611470,249.88,250.00,59,3.00,0.12
611570,249.87,250.00,61,3.00,0.13
611670,249.87,250.00,59,3.00,0.13
611770,249.89,250.00,58,3.00,0.11
611870,249.86,250.00,62,3.00,0.14
611970,249.88,250.00,58,3.00,0.12
612070,249.87,250.00,60,3.00,0.13
612170,249.90,250.00,55,3.00,0.10
612270,249.93,250.00,57,3.00,0.07
612370,249.93,250.00,58,3.00,0.07
612470,249.91,250.00,62,3.00,0.09
612570,249.93,250.00,57,3.00,0.07
612670,249.90,250.00,62,3.00,0.10
612770,249.92,250.00,57,3.00,0.08
612870,249.95,250.00,56,3.00,0.05
612970,249.98,250.00,56,3.00,0.02
613070,249.95,250.00,62,3.00,0.05
613170,249.93,250.00,61,3.00,0.07
613270,249.95,250.00,57,3.00,0.05
613370,249.93,250.00,61,3.00,0.07
613470,249.95,250.00,57,3.00,0.05
613570,249.96,250.00,58,3.00,0.04
613670,249.94,250.00,61,3.00,0.06
613770,249.93,250.00,60,3.00,0.07
613870,249.95,250.00,57,3.00,0.05
613970,249.93,250.00,61,3.00,0.07
614070,249.96,250.00,56,3.00,0.04
614170,249.96,250.00,60,3.00,0.04
614270,249.98,250.00,56,3.00,0.02
614370,249.96,250.00,61,3.00,0.04
614470,250.00,250.00,55,3.00,-0.00
614570,250.00,250.00,59,3.00,-0.00
614670,249.99,250.00,60,3.00,0.01
614770,249.96,250.00,62,3.00,0.04
614870,249.95,250.00,60,3.00,0.05
614970,249.99,250.00,55,3.00,0.01
615070,249.99,250.00,59,3.00,0.01
615170,249.99,250.00,59,3.00,0.01
615270,249.97,250.00,61,3.00,0.03
615370,249.99,250.00,57,3.00,0.01
615470,249.98,250.00,60,3.00,0.02
615570,249.99,250.00,57,3.00,0.01
615670,249.99,250.00,59,3.00,0.01
615770,249.98,250.00,60,3.00,0.02
615870,250.01,250.00,56,3.00,-0.01
615970,250.02,250.00,58,3.00,-0.02
616070,249.99,250.00,61,3.00,0.01
616170,250.02,250.00,56,3.00,-0.02
616270,250.02,250.00,59,3.00,-0.02
616370,250.03,250.00,58,3.00,-0.03
616470,250.03,250.00,59,3.00,-0.03
616570,250.04,250.00,58,3.00,-0.04
616670,250.02,250.00,60,3.00,-0.02
616770,250.07,250.00,54,3.00,-0.07
616870,250.08,250.00,57,3.00,-0.08
616970,250.08,250.00,59,3.00,-0.08
617070,250.11,250.00,56,3.00,-0.11
617170,250.10,250.00,59,3.00,-0.10
617270,250.10,250.00,58,3.00,-0.10
617370,250.08,250.00,61,3.00,-0.08
617470,250.13,250.00,53,3.00,-0.13
617570,250.18,250.00,53,3.00,-0.18
617670,250.16,250.00,60,3.00,-0.16
617770,250.18,250.00,56,3.00,-0.18
617870,250.16,250.00,60,3.00,-0.16
617970,250.18,250.00,56,3.00,-0.18
618070,250.19,250.00,57,3.00,-0.19
618170,250.16,250.00,61,3.00,-0.16
618270,250.17,250.00,57,3.00,-0.17
618370,250.19,250.00,56,3.00,-0.19
618470,250.18,250.00,59,3.00,-0.18
618570,250.16,250.00,60,3.00,-0.16
618670,250.21,250.00,54,3.00,-0.21
618770,250.17,250.00,61,3.00,-0.17
618870,250.19,250.00,56,3.00,-0.19
618970,250.15,250.00,62,3.00,-0.15
619070,250.15,250.00,58,3.00,-0.15
619170,250.17,250.00,56,3.00,-0.17
619270,250.15,250.00,60,3.00,-0.15
619370,250.15,250.00,58,3.00,-0.15
619470,250.17,250.00,56,3.00,-0.17
619570,250.18,250.00,57,3.00,-0.18
619670,250.15,250.00,61,3.00,-0.15
619770,250.16,250.00,57,3.00,-0.16
619870,250.17,250.00,57,3.00,-0.17
619970,250.15,250.00,60,3.00,-0.15
620070,250.17,250.00,56,3.00,-0.17
620170,250.18,250.00,57,3.00,-0.18
620270,250.16,250.00,60,3.00,-0.16
620370,250.17,250.00,57,3.00,-0.17
620470,250.14,250.00,61,3.00,-0.14
620570,250.16,250.00,56,3.00,-0.16
620670,250.15,250.00,60,3.00,-0.15
620770,250.15,250.00,58,3.00,-0.15
620870,250.11,250.00,62,3.00,-0.11
620970,250.11,250.00,58,3.00,-0.11
621070,250.09,250.00,61,3.00,-0.09
621170,250.11,250.00,56,3.00,-0.11
621270,250.14,250.00,56,3.00,-0.14
621370,250.17,250.00,55,3.00,-0.17
621470,250.18,250.00,57,3.00,-0.18
621570,250.14,250.00,62,3.00,-0.14
621670,250.17,250.00,55,3.00,-0.17
621770,250.14,250.00,61,3.00,-0.14
621870,250.12,250.00,61,3.00,-0.12
621970,250.12,250.00,58,3.00,-0.12
622070,250.10,250.00,61,3.00,-0.10
622170,250.09,250.00,59,3.00,-0.09
622270,250.11,250.00,56,3.00,-0.11
622370,250.08,250.00,62,3.00,-0.08
622470,250.10,250.00,57,3.00,-0.10
622570,250.07,250.00,61,3.00,-0.07
622670,250.10,250.00,55,3.00,-0.10
622770,250.08,250.00,61,3.00,-0.08
622870,250.09,250.00,58,3.00,-0.09
622970,250.08,250.00,59,3.00,-0.08
623070,250.06,250.00,60,3.00,-0.06
623170,250.02,250.00,63,3.00,-0.02
623270,250.02,250.00,59,3.00,-0.02
623370,250.04,250.00,56,3.00,-0.04
623470,250.04,250.00,59,3.00,-0.04
623570,250.03,250.00,59,3.00,-0.03
623670,250.01,250.00,61,3.00,-0.01
623770,250.04,250.00,55,3.00,-0.04
623870,250.01,250.00,61,3.00,-0.01
623970,249.99,250.00,61,3.00,0.01
624070,250.01,250.00,56,3.00,-0.01
624170,250.01,250.00,59,3.00,-0.01
624270,250.04,250.00,56,3.00,-0.04
624370,250.05,250.00,58,3.00,-0.05
624470,250.03,250.00,60,3.00,-0.03
624570,250.04,250.00,58,3.00,-0.04
624670,250.04,250.00,59,3.00,-0.04
624770,250.03,250.00,59,3.00,-0.03
624870,250.02,250.00,60,3.00,-0.02
624970,250.03,250.00,58,3.00,-0.03
625070,250.01,250.00,60,3.00,-0.01
625170,250.01,250.00,59,3.00,-0.01
625270,249.99,250.00,61,3.00,0.01
625370,249.97,250.00,61,3.00,0.03
625470,250.01,250.00,55,3.00,-0.01
625570,250.01,250.00,59,3.00,-0.01
625670,250.01,250.00,59,3.00,-0.01
625770,249.98,250.00,61,3.00,0.02
625870,250.03,250.00,54,3.00,-0.03
625970,250.08,250.00,54,3.00,-0.08
626070,250.03,250.00,63,3.00,-0.03
626170,250.03,250.00,59,3.00,-0.03
626270,250.02,250.00,60,3.00,-0.02
626370,250.02,250.00,59,3.00,-0.02
626470,250.03,250.00,58,3.00,-0.03
626570,250.01,250.00,60,3.00,-0.01
626670,250.02,250.00,58,3.00,-0.02
626770,250.05,250.00,56,3.00,-0.05
626870,250.08,250.00,55,3.00,-0.08
626970,250.06,250.00,60,3.00,-0.06
627070,250.06,250.00,58,3.00,-0.06
627170,250.03,250.00,62,3.00,-0.03
627270,250.03,250.00,59,3.00,-0.03
627370,249.99,250.00,63,3.00,0.01
627470,250.02,250.00,56,3.00,-0.02
627570,250.04,250.00,56,3.00,-0.04
627670,250.04,250.00,59,3.00,-0.04
627770,250.03,250.00,59,3.00,-0.03
627870,250.01,250.00,61,3.00,-0.01
627970,250.03,250.00,56,3.00,-0.03
628070,250.00,250.00,61,3.00,-0.00
628170,249.98,250.00,61,3.00,0.02
628270,249.99,250.00,57,3.00,0.01
628370,249.98,250.00,60,3.00,0.02
628470,250.01,250.00,56,3.00,-0.01
628570,250.02,250.00,57,3.00,-0.02
628670,250.00,250.00,61,3.00,0.00
628770,250.01,250.00,57,3.00,-0.01
628870,250.00,250.00,60,3.00,0.00
628970,250.02,250.00,56,3.00,-0.02
629070,250.01,250.00,60,3.00,-0.01
629170,250.04,250.00,55,3.00,-0.04
629270,250.00,250.00,63,3.00,-0.00
629370,250.03,250.00,56,3.00,-0.03
629470,249.99,250.00,63,3.00,0.01
629570,249.98,250.00,60,3.00,0.02
629670,250.01,250.00,56,3.00,-0.01
629770,250.01,250.00,59,3.00,-0.01
629870,249.99,250.00,60,3.00,0.01
629970,249.97,250.00,61,3.00,0.03
630070,249.99,250.00,57,3.00,0.01
630170,249.98,250.00,60,3.00,0.02
630270,249.94,250.00,62,3.00,0.06
630370,249.95,250.00,58,3.00,0.05
630470,249.93,250.00,61,3.00,0.07
630570,249.96,250.00,56,3.00,0.04
630670,249.95,250.00,60,3.00,0.05
630770,249.95,250.00,60,3.00,0.05
630870,249.95,250.00,58,3.00,0.05
630970,249.92,250.00,62,3.00,0.08
631070,249.94,250.00,57,3.00,0.06
631170,249.93,250.00,61,3.00,0.07
631270,249.96,250.00,56,3.00,0.04
631370,249.95,250.00,60,3.00,0.05
631470,249.97,250.00,57,3.00,0.03
631570,249.91,250.00,65,3.00,0.09
631670,249.90,250.00,61,3.00,0.10
631770,249.92,250.00,57,3.00,0.08
631870,249.90,250.00,61,3.00,0.10
631970,249.91,250.00,58,3.00,0.09
632070,249.88,250.00,63,3.00,0.12
632170,249.91,250.00,55,3.00,0.09
632270,249.93,250.00,57,3.00,0.07
632370,249.89,250.00,63,3.00,0.11
632470,249.88,250.00,60,3.00,0.12
632570,249.86,250.00,62,3.00,0.14
632670,249.87,250.00,58,3.00,0.13
632770,249.86,250.00,60,3.00,0.14
632870,249.85,250.00,60,3.00,0.15
632970,249.84,250.00,60,3.00,0.16
633070,249.81,250.00,63,3.00,0.19
633170,249.83,250.00,58,3.00,0.17
633270,249.79,250.00,64,3.00,0.21
633370,249.75,250.00,64,3.00,0.25
633470,249.75,250.00,60,3.00,0.25
633570,249.74,250.00,61,3.00,0.26
633670,249.70,250.00,64,3.00,0.30
633770,249.68,250.00,62,3.00,0.32
633870,249.72,250.00,55,3.00,0.28
633970,249.73,250.00,59,3.00,0.27
634070,249.73,250.00,59,3.00,0.27
634170,249.71,250.00,62,3.00,0.29
634270,249.73,250.00,58,3.00,0.27
634370,249.72,250.00,61,3.00,0.28
634470,249.73,250.00,59,3.00,0.27
634570,249.73,250.00,59,3.00,0.27
634670,249.71,250.00,62,3.00,0.29
634770,249.73,250.00,58,3.00,0.27
634870,249.73,250.00,60,3.00,0.27
634970,249.72,250.00,61,3.00,0.28
635070,249.73,250.00,59,3.00,0.27
635170,249.71,250.00,62,3.00,0.29
635270,249.69,250.00,62,3.00,0.31
635370,249.66,250.00,63,3.00,0.34
635470,249.66,250.00,60,3.00,0.34
635570,249.65,250.00,62,3.00,0.35
635670,249.64,250.00,62,3.00,0.36
635770,249.59,250.00,65,3.00,0.41
635870,249.58,250.00,61,3.00,0.42
635970,249.60,250.00,59,3.00,0.40
636070,249.59,250.00,61,3.00,0.41
636170,249.58,250.00,62,3.00,0.42
636270,249.54,250.00,65,3.00,0.46
636370,249.55,250.00,60,3.00,0.45
636470,249.52,250.00,63,3.00,0.48
636570,249.52,250.00,61,3.00,0.48
636670,249.56,250.00,57,3.00,0.44
636770,249.54,250.00,62,3.00,0.46
636870,249.53,250.00,62,3.00,0.47
636970,249.57,250.00,57,3.00,0.43
637070,249.53,250.00,65,3.00,0.47
637170,249.53,250.00,61,3.00,0.47
637270,249.50,250.00,63,3.00,0.50
637370,249.48,250.00,63,3.00,0.52
637470,249.50,250.00,59,3.00,0.50
637570,249.47,250.00,64,3.00,0.53
637670,249.45,250.00,63,3.00,0.55
637770,249.47,250.00,59,3.00,0.53
637870,249.43,250.00,65,3.00,0.57
637970,249.41,250.00,63,3.00,0.59
638070,249.44,250.00,59,3.00,0.56
638170,249.42,250.00,63,3.00,0.58
638270,249.42,250.00,61,3.00,0.58
638370,249.43,250.00,60,3.00,0.57
638470,249.45,250.00,59,3.00,0.55
638570,249.44,250.00,63,3.00,0.56
638670,249.41,250.00,64,3.00,0.59
638770,249.41,250.00,61,3.00,0.59
638870,249.40,250.00,63,3.00,0.60
638970,249.40,250.00,61,3.00,0.60
639070,249.41,250.00,60,3.00,0.59
639170,249.39,250.00,64,3.00,0.61
639270,249.37,250.00,64,3.00,0.63
639370,249.36,250.00,62,3.00,0.64
639470,249.39,250.00,59,3.00,0.61
639570,249.37,250.00,64,3.00,0.63
639670,249.41,250.00,58,3.00,0.59
639770,249.38,250.00,64,3.00,0.62
639870,249.39,250.00,61,3.00,0.61
639970,249.40,250.00,60,3.00,0.60
640070,249.43,250.00,59,3.00,0.57
640170,249.46,250.00,58,3.00,0.54
640270,249.44,250.00,63,3.00,0.56
640370,249.44,250.00,62,3.00,0.56
640470,249.45,250.00,61,3.00,0.55
640570,249.46,250.00,61,3.00,0.54
640670,249.44,250.00,63,3.00,0.56
640770,249.41,250.00,64,3.00,0.59
640870,249.43,250.00,60,3.00,0.57
640970,249.41,250.00,63,3.00,0.59
641070,249.40,250.00,63,3.00,0.60
641170,249.42,250.00,59,3.00,0.58
641270,249.40,250.00,64,3.00,0.60
641370,249.41,250.00,60,3.00,0.59
641470,249.44,250.00,59,3.00,0.56
641570,249.42,250.00,63,3.00,0.58
641670,249.40,250.00,64,3.00,0.60
641770,249.45,250.00,57,3.00,0.55
641870,249.42,250.00,64,3.00,0.58
641970,249.47,250.00,57,3.00,0.53
642070,249.42,250.00,66,3.00,0.58
642170,249.41,250.00,63,3.00,0.59
642270,249.46,250.00,57,3.00,0.54
642370,249.48,250.00,60,3.00,0.52
642470,249.51,250.00,59,3.00,0.49
642570,249.48,250.00,64,3.00,0.52
642670,249.58,250.00,51,3.00,0.42
642770,249.63,250.00,57,3.00,0.37
642870,249.62,250.00,62,3.00,0.38
642970,249.66,250.00,57,3.00,0.34
643070,249.65,250.00,61,3.00,0.35
643170,249.68,250.00,58,3.00,0.32
643270,249.71,250.00,57,3.00,0.29
643370,249.73,250.00,59,3.00,0.27
643470,249.77,250.00,56,3.00,0.23
643570,249.74,250.00,63,3.00,0.26
643670,249.72,250.00,63,3.00,0.28
643770,249.75,250.00,58,3.00,0.25
643870,249.75,250.00,60,3.00,0.25
643970,249.73,250.00,63,3.00,0.27
644070,249.73,250.00,60,3.00,0.27
644170,249.70,250.00,64,3.00,0.30
644270,249.72,250.00,59,3.00,0.28
644370,249.75,250.00,58,3.00,0.25
644470,249.74,250.00,62,3.00,0.26
644570,249.74,250.00,60,3.00,0.26
644670,249.72,250.00,63,3.00,0.28
644770,249.72,250.00,60,3.00,0.28
644870,249.76,250.00,56,3.00,0.24
644970,249.74,250.00,63,3.00,0.26
645070,249.74,250.00,60,3.00,0.26
645170,249.72,250.00,63,3.00,0.28
645270,249.73,250.00,60,3.00,0.27
645370,249.71,250.00,63,3.00,0.29
645470,249.69,250.00,63,3.00,0.31
645570,249.70,250.00,60,3.00,0.30
645670,249.72,250.00,59,3.00,0.28
645770,249.71,250.00,61,3.00,0.29
645870,249.74,250.00,58,3.00,0.26
645970,249.75,250.00,59,3.00,0.25
646070,249.73,250.00,63,3.00,0.27
646170,249.76,250.00,58,3.00,0.24
646270,249.72,250.00,64,3.00,0.28
646370,249.76,250.00,57,3.00,0.24
646470,249.80,250.00,57,3.00,0.20
646570,249.80,250.00,61,3.00,0.20
646670,249.79,250.00,61,3.00,0.21
646770,249.81,250.00,58,3.00,0.19
646870,249.86,250.00,56,3.00,0.14
646970,249.84,250.00,62,3.00,0.16
647070,249.82,250.00,62,3.00,0.18
647170,249.82,250.00,60,3.00,0.18
647270,249.81,250.00,62,3.00,0.19
647370,249.80,250.00,61,3.00,0.20
647470,249.81,250.00,60,3.00,0.19
647570,249.82,250.00,60,3.00,0.18
647670,249.85,250.00,57,3.00,0.15
647770,249.83,250.00,62,3.00,0.17
647870,249.83,250.00,60,3.00,0.17
647970,249.85,250.00,59,3.00,0.15
648070,249.87,250.00,59,3.00,0.13
648170,249.84,250.00,62,3.00,0.16
648270,249.85,250.00,60,3.00,0.15
648370,249.86,250.00,59,3.00,0.14
648470,249.87,250.00,60,3.00,0.13
648570,249.89,250.00,57,3.00,0.11
648670,249.90,250.00,59,3.00,0.10
648770,249.90,250.00,60,3.00,0.10
648870,249.91,250.00,59,3.00,0.09
648970,249.93,250.00,58,3.00,0.07
649070,249.92,250.00,62,3.00,0.08
649170,249.88,250.00,64,3.00,0.12
649270,249.91,250.00,56,3.00,0.09
649370,249.90,250.00,62,3.00,0.10
649470,249.90,250.00,60,3.00,0.10
649570,249.91,250.00,59,3.00,0.09
649670,249.89,250.00,61,3.00,0.11
649770,249.91,250.00,59,3.00,0.09
649870,249.89,250.00,61,3.00,0.11
649970,249.93,250.00,56,3.00,0.07
650070,249.92,250.00,60,3.00,0.08
650170,249.95,250.00,57,3.00,0.05
650270,249.94,250.00,62,3.00,0.06
650370,249.93,250.00,60,3.00,0.07
650470,249.90,250.00,63,3.00,0.10
650570,249.94,250.00,57,3.00,0.06
650670,249.98,250.00,55,3.00,0.02
650770,249.98,250.00,59,3.00,0.02
650870,249.98,250.00,60,3.00,0.02
650970,249.96,250.00,62,3.00,0.04
651070,250.00,250.00,56,3.00,-0.00
651170,249.98,250.00,62,3.00,0.02
651270,249.99,250.00,58,3.00,0.01
651370,250.01,250.00,58,3.00,-0.01
651470,249.99,250.00,61,3.00,0.01
651570,250.02,250.00,57,3.00,-0.02
651670,250.04,250.00,57,3.00,-0.04
651770,250.04,250.00,60,3.00,-0.04
651870,250.07,250.00,56,3.00,-0.07
651970,250.06,250.00,60,3.00,-0.06
652070,250.07,250.00,59,3.00,-0.07
652170,250.10,250.00,56,3.00,-0.10
652270,250.14,250.00,55,3.00,-0.14
652370,250.11,250.00,62,3.00,-0.11
652470,250.11,250.00,59,3.00,-0.11
652570,250.08,250.00,63,3.00,-0.08
652670,250.11,250.00,56,3.00,-0.11
652770,250.14,250.00,55,3.00,-0.14
652870,250.15,250.00,58,3.00,-0.15
652970,250.18,250.00,57,3.00,-0.18
653070,250.16,250.00,61,3.00,-0.16
653170,250.20,250.00,54,3.00,-0.20
653270,250.18,250.00,61,3.00,-0.18
653370,250.17,250.00,61,3.00,-0.17
653470,250.17,250.00,58,3.00,-0.17
653570,250.17,250.00,59,3.00,-0.17
653670,250.18,250.00,58,3.00,-0.18
653770,250.22,250.00,54,3.00,-0.22
653870,250.22,250.00,58,3.00,-0.22
653970,250.25,250.00,56,3.00,-0.25
654070,250.23,250.00,60,3.00,-0.23
654170,250.26,250.00,56,3.00,-0.26
654270,250.22,250.00,62,3.00,-0.22
654370,250.26,250.00,55,3.00,-0.26
654470,250.23,250.00,61,3.00,-0.23
654570,250.26,250.00,56,3.00,-0.26
654670,250.22,250.00,62,3.00,-0.22
654770,250.25,250.00,56,3.00,-0.25
654870,250.27,250.00,56,3.00,-0.27
654970,250.27,250.00,59,3.00,-0.27
655070,250.27,250.00,59,3.00,-0.27
655170,250.24,250.00,61,3.00,-0.24
655270,250.26,250.00,56,3.00,-0.26
655370,250.25,250.00,60,3.00,-0.25
655470,250.21,250.00,62,3.00,-0.21
655570,250.23,250.00,57,3.00,-0.23
655670,250.23,250.00,58,3.00,-0.23
655770,250.23,250.00,58,3.00,-0.23
655870,250.24,250.00,57,3.00,-0.24
655970,250.23,250.00,60,3.00,-0.23
656070,250.26,250.00,56,3.00,-0.26
656170,250.24,250.00,60,3.00,-0.24
656270,250.24,250.00,59,3.00,-0.24
656370,250.23,250.00,60,3.00,-0.23
656470,250.28,250.00,53,3.00,-0.28
656570,250.25,250.00,61,3.00,-0.25
656670,250.28,250.00,56,3.00,-0.28
656770,250.30,250.00,56,3.00,-0.30
656870,250.32,250.00,56,3.00,-0.32
656970,250.33,250.00,56,3.00,-0.33
657070,250.32,250.00,59,3.00,-0.32
657170,250.32,250.00,59,3.00,-0.32
657270,250.28,250.00,61,3.00,-0.28
657370,250.30,250.00,56,3.00,-0.30
657470,250.29,250.00,60,3.00,-0.29
657570,250.31,250.00,56,3.00,-0.31
657670,250.30,250.00,59,3.00,-0.30
657770,250.28,250.00,60,3.00,-0.28
657870,250.30,250.00,56,3.00,-0.30
657970,250.31,250.00,58,3.00,-0.31
658070,250.29,250.00,60,3.00,-0.29
658170,250.31,250.00,56,3.00,-0.31
658270,250.29,250.00,60,3.00,-0.29
658370,250.31,250.00,56,3.00,-0.31
658470,250.29,250.00,60,3.00,-0.29
658570,250.33,250.00,54,3.00,-0.33
658670,250.31,250.00,60,3.00,-0.31
658770,250.31,250.00,59,3.00,-0.31
658870,250.28,250.00,61,3.00,-0.28
658970,250.27,250.00,59,3.00,-0.27
659070,250.29,250.00,56,3.00,-0.29
659170,250.33,250.00,55,3.00,-0.33
659270,250.32,250.00,59,3.00,-0.32
659370,250.29,250.00,61,3.00,-0.29
659470,250.31,250.00,56,3.00,-0.31
659570,250.29,250.00,60,3.00,-0.29
659670,250.29,250.00,57,3.00,-0.29
659770,250.29,250.00,59,3.00,-0.29
659870,250.29,250.00,59,3.00,-0.29
659970,250.32,250.00,55,3.00,-0.32
660070,250.31,250.00,59,3.00,-0.31
660170,250.28,250.00,61,3.00,-0.28
660270,250.29,250.00,57,3.00,-0.29
660370,250.26,250.00,61,3.00,-0.26
660470,250.28,250.00,56,3.00,-0.28
660570,250.27,250.00,60,3.00,-0.27
660670,250.30,250.00,55,3.00,-0.30
660770,250.26,250.00,62,3.00,-0.26
660870,250.24,250.00,60,3.00,-0.24
660970,250.26,250.00,57,3.00,-0.26
661070,250.24,250.00,60,3.00,-0.24
661170,250.27,250.00,56,3.00,-0.27
661270,250.27,250.00,58,3.00,-0.27
661370,250.27,250.00,57,3.00,-0.27
661470,250.28,250.00,57,3.00,-0.28
661570,250.30,250.00,56,3.00,-0.30
661670,250.27,250.00,61,3.00,-0.27
661770,250.29,250.00,56,3.00,-0.29
661870,250.31,250.00,56,3.00,-0.31
661970,250.31,250.00,59,3.00,-0.31
662070,250.32,250.00,56,3.00,-0.32
662170,250.35,250.00,55,3.00,-0.35
662270,250.34,250.00,59,3.00,-0.34
662370,250.36,250.00,56,3.00,-0.36
662470,250.32,250.00,61,3.00,-0.32
662570,250.35,250.00,55,3.00,-0.35
662670,250.33,250.00,60,3.00,-0.33
662770,250.35,250.00,55,3.00,-0.35
662870,250.32,250.00,61,3.00,-0.32
662970,250.34,250.00,56,3.00,-0.34
663070,250.29,250.00,63,3.00,-0.29
663170,250.30,250.00,57,3.00,-0.30
663270,250.32,250.00,56,3.00,-0.32
663370,250.31,250.00,59,3.00,-0.31
663470,250.30,250.00,59,3.00,-0.30
663570,250.26,250.00,62,3.00,-0.26
663670,250.28,250.00,56,3.00,-0.28
663770,250.32,250.00,55,3.00,-0.32
663870,250.28,250.00,61,3.00,-0.28
663970,250.28,250.00,58,3.00,-0.28
664070,250.25,250.00,61,3.00,-0.25
664170,250.26,250.00,57,3.00,-0.26
664270,250.26,250.00,58,3.00,-0.26
664370,250.22,250.00,62,3.00,-0.22
664470,250.23,250.00,58,3.00,-0.23
664570,250.24,250.00,57,3.00,-0.24
664670,250.23,250.00,59,3.00,-0.23
664770,250.21,250.00,61,3.00,-0.21
664870,250.20,250.00,59,3.00,-0.20
664970,250.17,250.00,62,3.00,-0.17
665070,250.19,250.00,56,3.00,-0.19
665170,250.14,250.00,63,3.00,-0.14
665270,250.14,250.00,59,3.00,-0.14
665370,250.18,250.00,55,3.00,-0.18
665470,250.17,250.00,59,3.00,-0.17
665570,250.17,250.00,59,3.00,-0.17
665670,250.14,250.00,61,3.00,-0.14
665770,250.17,250.00,55,3.00,-0.17
665870,250.14,250.00,61,3.00,-0.14
665970,250.13,250.00,60,3.00,-0.13
666070,250.13,250.00,59,3.00,-0.13
666170,250.10,250.00,61,3.00,-0.10
666270,250.09,250.00,60,3.00,-0.09
666370,250.11,250.00,57,3.00,-0.11
666470,250.09,250.00,61,3.00,-0.09
666570,250.10,250.00,57,3.00,-0.10
666670,250.08,250.00,61,3.00,-0.08
666770,250.07,250.00,60,3.00,-0.07
666870,250.05,250.00,61,3.00,-0.05
666970,250.06,250.00,58,3.00,-0.06
667070,250.03,250.00,62,3.00,-0.03
667170,250.03,250.00,59,3.00,-0.03
667270,249.99,250.00,63,3.00,0.01
667370,249.99,250.00,59,3.00,0.01
667470,250.03,250.00,55,3.00,-0.03
667570,250.06,250.00,56,3.00,-0.06
667670,250.06,250.00,59,3.00,-0.06
667770,250.03,250.00,62,3.00,-0.03
667870,250.05,250.00,57,3.00,-0.05
667970,250.03,250.00,61,3.00,-0.03
668070,250.04,250.00,58,3.00,-0.04
668170,250.04,250.00,59,3.00,-0.04
668270,250.02,250.00,61,3.00,-0.02
668370,250.05,250.00,57,3.00,-0.05
668470,250.05,250.00,58,3.00,-0.05
668570,250.02,250.00,62,3.00,-0.02
668670,250.05,250.00,57,3.00,-0.05
668770,250.02,250.00,62,3.00,-0.02
668870,250.04,250.00,57,3.00,-0.04
668970,250.01,250.00,62,3.00,-0.01
669070,250.05,250.00,55,3.00,-0.05
669170,250.04,250.00,59,3.00,-0.04
669270,250.03,250.00,61,3.00,-0.03
669370,249.98,250.00,64,3.00,0.02
669470,249.97,250.00,60,3.00,0.03
669570,250.00,250.00,56,3.00,0.00
669670,250.00,250.00,59,3.00,0.00
669770,249.99,250.00,60,3.00,0.01
669870,249.99,250.00,59,3.00,0.01
669970,250.04,250.00,54,3.00,-0.04
670070,250.02,250.00,61,3.00,-0.02
670170,250.01,250.00,60,3.00,-0.01
670270,250.02,250.00,58,3.00,-0.02
670370,250.01,250.00,60,3.00,-0.01
670470,250.03,250.00,57,3.00,-0.03
670570,250.04,250.00,58,3.00,-0.04
670670,250.01,250.00,62,3.00,-0.01
670770,250.02,250.00,58,3.00,-0.02
670870,250.01,250.00,60,3.00,-0.01
670970,250.01,250.00,59,3.00,-0.01
671070,250.00,250.00,60,3.00,0.00
671170,250.01,250.00,58,3.00,-0.01
671270,249.99,250.00,62,3.00,0.01
671370,249.98,250.00,60,3.00,0.02
671470,249.98,250.00,59,3.00,0.02
671570,249.97,250.00,60,3.00,0.03
671670,250.00,250.00,56,3.00,0.00
671770,249.99,250.00,60,3.00,0.01
671870,249.98,250.00,60,3.00,0.02
671970,249.98,250.00,59,3.00,0.02
672070,249.99,250.00,58,3.00,0.01
672170,250.03,250.00,55,3.00,-0.03
672270,250.03,250.00,59,3.00,-0.03
672370,250.02,250.00,59,3.00,-0.02
672470,250.00,250.00,62,3.00,0.00
672570,250.01,250.00,58,3.00,-0.01
672670,250.00,250.00,60,3.00,0.00
672770,249.99,250.00,60,3.00,0.01
672870,249.99,250.00,59,3.00,0.01
672970,250.00,250.00,58,3.00,-0.00
673070,249.99,250.00,60,3.00,0.01
673170,249.96,250.00,63,3.00,0.04
673270,249.97,250.00,58,3.00,0.03
673370,249.94,250.00,63,3.00,0.06
673470,249.92,250.00,61,3.00,0.08
673570,249.87,250.00,65,3.00,0.13
673670,249.86,250.00,61,3.00,0.14
673770,249.89,250.00,57,3.00,0.11
673870,249.88,250.00,61,3.00,0.12
673970,249.86,250.00,61,3.00,0.14
674070,249.87,250.00,59,3.00,0.13
674170,249.87,250.00,59,3.00,0.13
674270,249.83,250.00,63,3.00,0.17
674370,249.80,250.00,63,3.00,0.20
674470,249.81,250.00,59,3.00,0.19
674570,249.81,250.00,60,3.00,0.19
674670,249.82,250.00,59,3.00,0.18
674770,249.81,250.00,60,3.00,0.19
674870,249.81,250.00,60,3.00,0.19
674970,249.81,250.00,59,3.00,0.19
675070,249.80,250.00,62,3.00,0.20
675170,249.82,250.00,58,3.00,0.18
675270,249.79,250.00,63,3.00,0.21
675370,249.79,250.00,60,3.00,0.21
675470,249.78,250.00,60,3.00,0.22
675570,249.78,250.00,60,3.00,0.22
675670,249.73,250.00,65,3.00,0.27
675770,249.73,250.00,61,3.00,0.27
675870,249.74,250.00,59,3.00,0.26
675970,249.73,250.00,61,3.00,0.27
676070,249.75,250.00,59,3.00,0.25
676170,249.71,250.00,64,3.00,0.29
676270,249.73,250.00,59,3.00,0.27
676370,249.71,250.00,62,3.00,0.29
676470,249.70,250.00,61,3.00,0.30
676570,249.70,250.00,61,3.00,0.30
676670,249.69,250.00,61,3.00,0.31
676770,249.71,250.00,58,3.00,0.29
676870,249.73,250.00,59,3.00,0.27
676970,249.70,250.00,64,3.00,0.30
677070,249.69,250.00,61,3.00,0.31
677170,249.71,250.00,58,3.00,0.29
677270,249.69,250.00,62,3.00,0.31
677370,249.67,250.00,63,3.00,0.33
677470,249.64,250.00,63,3.00,0.36
677570,249.64,250.00,61,3.00,0.36
677670,249.63,250.00,62,3.00,0.37
677770,249.64,250.00,59,3.00,0.36
677870,249.63,250.00,62,3.00,0.37
677970,249.66,250.00,58,3.00,0.34
678070,249.64,250.00,62,3.00,0.36
678170,249.63,250.00,62,3.00,0.37
678270,249.63,250.00,61,3.00,0.37
678370,249.67,250.00,57,3.00,0.33
678470,249.65,250.00,63,3.00,0.35
678570,249.65,250.00,61,3.00,0.35
678670,249.65,250.00,61,3.00,0.35
678770,249.62,250.00,63,3.00,0.38
678870,249.61,250.00,62,3.00,0.39
678970,249.62,250.00,61,3.00,0.38
679070,249.61,250.00,62,3.00,0.39
679170,249.61,250.00,60,3.00,0.39
679270,249.59,250.00,63,3.00,0.41
679370,249.57,250.00,63,3.00,0.43
679470,249.59,250.00,59,3.00,0.41
679570,249.62,250.00,58,3.00,0.38
679670,249.59,250.00,64,3.00,0.41
679770,249.57,250.00,63,3.00,0.43
679870,249.60,250.00,58,3.00,0.40
679970,249.64,250.00,57,3.00,0.36
680070,249.68,250.00,57,3.00,0.32
680170,249.68,250.00,61,3.00,0.32
680270,249.70,250.00,59,3.00,0.30
680370,249.67,250.00,64,3.00,0.33
680470,249.71,250.00,56,3.00,0.29
680570,249.70,250.00,62,3.00,0.30
680670,249.69,250.00,61,3.00,0.31
680770,249.69,250.00,61,3.00,0.31
680870,249.67,250.00,62,3.00,0.33
680970,249.67,250.00,61,3.00,0.33
681070,249.67,250.00,61,3.00,0.33
681170,249.66,250.00,61,3.00,0.34
681270,249.67,250.00,60,3.00,0.33
681370,249.66,250.00,62,3.00,0.34
681470,249.65,250.00,62,3.00,0.35
681570,249.62,250.00,63,3.00,0.38
681670,249.64,250.00,59,3.00,0.36
681770,249.63,250.00,62,3.00,0.37
681870,249.63,250.00,61,3.00,0.37
681970,249.70,250.00,53,3.00,0.30
682070,249.72,250.00,59,3.00,0.28
682170,249.74,250.00,59,3.00,0.26
682270,249.76,250.00,58,3.00,0.24
682370,249.75,250.00,62,3.00,0.25
682470,249.75,250.00,60,3.00,0.25
682570,249.78,250.00,58,3.00,0.22
682670,249.75,250.00,63,3.00,0.25
682770,249.75,250.00,60,3.00,0.25
682870,249.76,250.00,60,3.00,0.24
682970,249.73,250.00,63,3.00,0.27
683070,249.75,250.00,59,3.00,0.25
683170,249.75,250.00,60,3.00,0.25
683270,249.74,250.00,62,3.00,0.26
683370,249.75,250.00,59,3.00,0.25
683470,249.79,250.00,57,3.00,0.21
683570,249.78,250.00,62,3.00,0.22
683670,249.76,250.00,62,3.00,0.24
683770,249.76,250.00,60,3.00,0.24
683870,249.75,250.00,62,3.00,0.25
683970,249.77,250.00,59,3.00,0.23
684070,249.73,250.00,64,3.00,0.27
684170,249.72,250.00,62,3.00,0.28
684270,249.75,250.00,58,3.00,0.25
684370,249.74,250.00,62,3.00,0.26
684470,249.74,250.00,60,3.00,0.26
684570,249.72,250.00,63,3.00,0.28
684670,249.74,250.00,59,3.00,0.26
684770,249.72,250.00,63,3.00,0.28
684870,249.73,250.00,59,3.00,0.27
684970,249.74,250.00,60,3.00,0.26
685070,249.70,250.00,64,3.00,0.30
685170,249.70,250.00,61,3.00,0.30
685270,249.72,250.00,59,3.00,0.28
685370,249.70,250.00,63,3.00,0.30
685470,249.72,250.00,59,3.00,0.28
685570,249.71,250.00,61,3.00,0.29
685670,249.74,250.00,58,3.00,0.26
685770,249.72,250.00,63,3.00,0.28
685870,249.76,250.00,57,3.00,0.24
685970,249.72,250.00,64,3.00,0.28
686070,249.75,250.00,58,3.00,0.25
686170,249.72,250.00,64,3.00,0.28
686270,249.75,250.00,58,3.00,0.25
686370,249.78,250.00,57,3.00,0.22
686470,249.78,250.00,61,3.00,0.22
686570,249.78,250.00,61,3.00,0.22
686670,249.76,250.00,63,3.00,0.24
686770,249.80,250.00,56,3.00,0.20
686870,249.85,250.00,56,3.00,0.15
686970,249.82,250.00,64,3.00,0.18
687070,249.82,250.00,60,3.00,0.18
687170,249.81,250.00,62,3.00,0.19
687270,249.80,250.00,61,3.00,0.20
687370,249.81,250.00,60,3.00,0.19
687470,249.79,250.00,62,3.00,0.21
687570,249.81,250.00,58,3.00,0.19
687670,249.81,250.00,61,3.00,0.19
687770,249.84,250.00,57,3.00,0.16
687870,249.82,250.00,62,3.00,0.18
687970,249.86,250.00,56,3.00,0.14
688070,249.84,250.00,63,3.00,0.16
688170,249.83,250.00,61,3.00,0.17
688270,249.85,250.00,59,3.00,0.15
688370,249.88,250.00,57,3.00,0.12
688470,249.92,250.00,56,3.00,0.08
688570,249.91,250.00,60,3.00,0.09
688670,249.93,250.00,58,3.00,0.07
688770,249.92,250.00,62,3.00,0.08
688870,249.96,250.00,55,3.00,0.04
688970,249.95,250.00,61,3.00,0.05
689070,249.97,250.00,58,3.00,0.03
689170,249.99,250.00,58,3.00,0.01
689270,249.98,250.00,61,3.00,0.02
689370,250.00,250.00,57,3.00,-0.00
689470,250.00,250.00,60,3.00,-0.00
689570,250.00,250.00,60,3.00,-0.00
689670,250.02,250.00,58,3.00,-0.02
689770,249.99,250.00,62,3.00,0.01
689870,249.99,250.00,60,3.00,0.01
689970,250.03,250.00,56,3.00,-0.03
690070,250.04,250.00,59,3.00,-0.04
690170,250.01,250.00,62,3.00,-0.01
690270,250.01,250.00,60,3.00,-0.01
690370,249.97,250.00,63,3.00,0.03
690470,250.00,250.00,57,3.00,-0.00
690570,250.03,250.00,57,3.00,-0.03
690670,250.02,250.00,60,3.00,-0.02
690770,250.05,250.00,57,3.00,-0.05
690870,250.02,250.00,62,3.00,-0.02
690970,250.05,250.00,56,3.00,-0.05
691070,250.04,250.00,61,3.00,-0.04
691170,250.04,250.00,59,3.00,-0.04
691270,250.05,250.00,59,3.00,-0.05
691370,250.05,250.00,60,3.00,-0.05
691470,250.07,250.00,57,3.00,-0.07
691570,250.07,250.00,59,3.00,-0.07
691670,250.04,250.00,63,3.00,-0.04
691770,250.05,250.00,59,3.00,-0.05
691870,250.03,250.00,61,3.00,-0.03
691970,250.07,250.00,56,3.00,-0.07
692070,250.05,250.00,61,3.00,-0.05
692170,250.06,250.00,59,3.00,-0.06
692270,250.05,250.00,60,3.00,-0.05
692370,250.05,250.00,60,3.00,-0.05
692470,250.05,250.00,59,3.00,-0.05
692570,250.03,250.00,62,3.00,-0.03
692670,250.06,250.00,56,3.00,-0.06
692770,250.05,250.00,60,3.00,-0.05
692870,250.05,250.00,60,3.00,-0.05
692970,250.02,250.00,62,3.00,-0.02
693070,250.05,250.00,56,3.00,-0.05
693170,250.04,250.00,61,3.00,-0.04
693270,250.05,250.00,59,3.00,-0.05
693370,250.05,250.00,59,3.00,-0.05
693470,250.05,250.00,60,3.00,-0.05
693570,250.07,250.00,57,3.00,-0.07
693670,250.07,250.00,59,3.00,-0.07
693770,250.08,250.00,59,3.00,-0.08
693870,250.10,250.00,58,3.00,-0.10
693970,250.07,250.00,61,3.00,-0.07
694070,250.07,250.00,60,3.00,-0.07
694170,250.05,250.00,61,3.00,-0.05
694270,250.06,250.00,59,3.00,-0.06
694370,250.03,250.00,62,3.00,-0.03
694470,250.05,250.00,57,3.00,-0.05
694570,250.06,250.00,59,3.00,-0.06
694670,250.05,250.00,60,3.00,-0.05
694770,250.08,250.00,56,3.00,-0.08
694870,250.07,250.00,60,3.00,-0.07
694970,250.09,250.00,58,3.00,-0.09
695070,250.06,250.00,63,3.00,-0.06
695170,250.10,250.00,55,3.00,-0.10
695270,250.08,250.00,62,3.00,-0.08
695370,250.06,250.00,61,3.00,-0.06
695470,250.07,250.00,59,3.00,-0.07
695570,250.05,250.00,61,3.00,-0.05
695670,250.08,250.00,56,3.00,-0.08
695770,250.08,250.00,59,3.00,-0.08
695870,250.06,250.00,61,3.00,-0.06
695970,250.08,250.00,58,3.00,-0.08
696070,250.06,250.00,61,3.00,-0.06
696170,250.09,250.00,56,3.00,-0.09
696270,250.07,250.00,61,3.00,-0.07
696370,250.13,250.00,54,3.00,-0.13
696470,250.11,250.00,60,3.00,-0.11
696570,250.13,250.00,58,3.00,-0.13
696670,250.10,250.00,62,3.00,-0.10
696770,250.10,250.00,59,3.00,-0.10
696870,250.14,250.00,55,3.00,-0.14
696970,250.14,250.00,59,3.00,-0.14
697070,250.15,250.00,58,3.00,-0.15
697170,250.12,250.00,62,3.00,-0.12
697270,250.17,250.00,54,3.00,-0.17
697370,250.16,250.00,61,3.00,-0.16
697470,250.13,250.00,62,3.00,-0.13
697570,250.14,250.00,58,3.00,-0.14
697670,250.14,250.00,59,3.00,-0.14
697770,250.15,250.00,58,3.00,-0.15
697870,250.16,250.00,58,3.00,-0.16
697970,250.14,250.00,61,3.00,-0.14
698070,250.15,250.00,58,3.00,-0.15
698170,250.14,250.00,61,3.00,-0.14
698270,250.17,250.00,55,3.00,-0.17
698370,250.20,250.00,56,3.00,-0.20
698470,250.21,250.00,58,3.00,-0.21
698570,250.18,250.00,62,3.00,-0.18
698670,250.21,250.00,56,3.00,-0.21
698770,250.17,250.00,62,3.00,-0.17
698870,250.15,250.00,62,3.00,-0.15
698970,250.18,250.00,56,3.00,-0.18
699070,250.17,250.00,59,3.00,-0.17
699170,250.19,250.00,57,3.00,-0.19
699270,250.16,250.00,62,3.00,-0.16
699370,250.18,250.00,57,3.00,-0.18
699470,250.16,250.00,61,3.00,-0.16
699570,250.12,250.00,63,3.00,-0.12
699670,250.12,250.00,59,3.00,-0.12
699770,250.12,250.00,59,3.00,-0.12
699870,250.12,250.00,59,3.00,-0.12
699970,250.16,250.00,55,3.00,-0.16
700070,250.13,250.00,62,3.00,-0.13
700170,250.16,250.00,57,3.00,-0.16
700270,250.13,250.00,62,3.00,-0.13
700370,250.15,250.00,57,3.00,-0.15
700470,250.13,250.00,62,3.00,-0.13
700570,250.16,250.00,55,3.00,-0.16
700670,250.15,250.00,61,3.00,-0.15
700770,250.17,250.00,57,3.00,-0.17
700870,250.13,250.00,63,3.00,-0.13
700970,250.15,250.00,57,3.00,-0.15
701070,250.17,250.00,57,3.00,-0.17
701170,250.17,250.00,59,3.00,-0.17
701270,250.16,250.00,59,3.00,-0.16
701370,250.17,250.00,58,3.00,-0.17
701470,250.20,250.00,56,3.00,-0.20
701570,250.17,250.00,62,3.00,-0.17
701670,250.18,250.00,58,3.00,-0.18
701770,250.17,250.00,59,3.00,-0.17
701870,250.16,250.00,61,3.00,-0.16
701970,250.14,250.00,60,3.00,-0.14
702070,250.14,250.00,59,3.00,-0.14
702170,250.14,250.00,59,3.00,-0.14
702270,250.15,250.00,58,3.00,-0.15
702370,250.12,250.00,62,3.00,-0.12
702470,250.11,250.00,60,3.00,-0.11
702570,250.14,250.00,56,3.00,-0.14
702670,250.13,250.00,59,3.00,-0.13
702770,250.10,250.00,63,3.00,-0.10
702870,250.09,250.00,60,3.00,-0.09
702970,250.06,250.00,63,3.00,-0.06
703070,250.05,250.00,60,3.00,-0.05
703170,250.08,250.00,56,3.00,-0.08
703270,250.07,250.00,60,3.00,-0.07
703370,250.08,250.00,59,3.00,-0.08
703470,250.05,250.00,62,3.00,-0.05
703570,250.06,250.00,59,3.00,-0.06
703670,250.04,250.00,61,3.00,-0.04
703770,250.02,250.00,61,3.00,-0.02
703870,250.02,250.00,60,3.00,-0.02
703970,250.01,250.00,61,3.00,-0.01
704070,250.01,250.00,60,3.00,-0.01
704170,250.02,250.00,58,3.00,-0.02
704270,249.99,250.00,62,3.00,0.01
704370,250.02,250.00,57,3.00,-0.02
704470,249.99,250.00,62,3.00,0.01
704570,249.98,250.00,61,3.00,0.02
704670,249.97,250.00,61,3.00,0.03
704770,250.01,250.00,56,3.00,-0.01
704870,249.98,250.00,63,3.00,0.02
704970,250.00,250.00,57,3.00,-0.00
705070,249.97,250.00,63,3.00,0.03
705170,249.97,250.00,59,3.00,0.03
705270,250.01,250.00,56,3.00,-0.01
705370,250.01,250.00,60,3.00,-0.01
705470,250.01,250.00,60,3.00,-0.01
705570,250.02,250.00,58,3.00,-0.02
705670,250.03,250.00,58,3.00,-0.03
705770,250.00,250.00,62,3.00,-0.00
705870,250.00,250.00,59,3.00,-0.00
705970,250.00,250.00,59,3.00,-0.00
706070,249.99,250.00,61,3.00,0.01
706170,249.99,250.00,59,3.00,0.01
706270,250.01,250.00,58,3.00,-0.01
706370,250.01,250.00,60,3.00,-0.01
706470,250.04,250.00,56,3.00,-0.04
706570,250.04,250.00,60,3.00,-0.04
706670,250.07,250.00,56,3.00,-0.07
706770,250.11,250.00,55,3.00,-0.11
706870,250.15,250.00,55,3.00,-0.15
706970,250.12,250.00,62,3.00,-0.12
707070,250.11,250.00,60,3.00,-0.11
707170,250.12,250.00,58,3.00,-0.12
707270,250.11,250.00,60,3.00,-0.11
707370,250.14,250.00,56,3.00,-0.14
707470,250.14,250.00,59,3.00,-0.14
707570,250.16,250.00,57,3.00,-0.16
707670,250.13,250.00,62,3.00,-0.13
707770,250.17,250.00,55,3.00,-0.17
707870,250.15,250.00,61,3.00,-0.15
707970,250.12,250.00,62,3.00,-0.12
708070,250.14,250.00,58,3.00,-0.14
708170,250.11,250.00,62,3.00,-0.11
708270,250.10,250.00,60,3.00,-0.10
708370,250.10,250.00,59,3.00,-0.10
708470,250.08,250.00,61,3.00,-0.08
708570,250.10,250.00,57,3.00,-0.10
708670,250.08,250.00,61,3.00,-0.08
708770,250.07,250.00,60,3.00,-0.07
708870,250.05,250.00,61,3.00,-0.05
708970,250.09,250.00,55,3.00,-0.09
709070,250.07,250.00,61,3.00,-0.07
709170,250.10,250.00,56,3.00,-0.10
709270,250.07,250.00,63,3.00,-0.07
709370,250.06,250.00,60,3.00,-0.06
709470,250.04,250.00,61,3.00,-0.04
709570,250.04,250.00,60,3.00,-0.04
709670,250.04,250.00,60,3.00,-0.04
709770,250.06,250.00,57,3.00,-0.06
709870,250.08,250.00,57,3.00,-0.08
709970,250.12,250.00,55,3.00,-0.12
710070,250.09,250.00,61,3.00,-0.09
710170,250.10,250.00,59,3.00,-0.10
710270,250.09,250.00,60,3.00,-0.09
710370,250.11,250.00,56,3.00,-0.11
710470,250.12,250.00,59,3.00,-0.12
710570,250.09,250.00,61,3.00,-0.09
710670,250.11,250.00,58,3.00,-0.11
710770,250.09,250.00,61,3.00,-0.09
710870,250.08,250.00,60,3.00,-0.08
710970,250.11,250.00,56,3.00,-0.11
711070,250.11,250.00,59,3.00,-0.11
711170,250.07,250.00,63,3.00,-0.07
711270,250.09,250.00,57,3.00,-0.09
711370,250.11,250.00,57,3.00,-0.11
711470,250.13,250.00,56,3.00,-0.13
711570,250.15,250.00,56,3.00,-0.15
711670,250.14,250.00,60,3.00,-0.14
711770,250.13,250.00,60,3.00,-0.13
711870,250.09,250.00,63,3.00,-0.09
711970,250.12,250.00,56,3.00,-0.12
712070,250.09,250.00,61,3.00,-0.09
712170,250.07,250.00,61,3.00,-0.07
712270,250.08,250.00,59,3.00,-0.08
712370,250.06,250.00,61,3.00,-0.06
712470,250.09,250.00,56,3.00,-0.09
712570,250.09,250.00,59,3.00,-0.09
712670,250.07,250.00,61,3.00,-0.07
712770,250.09,250.00,57,3.00,-0.09
712870,250.07,250.00,61,3.00,-0.07
712970,250.06,250.00,60,3.00,-0.06
713070,250.09,250.00,56,3.00,-0.09
713170,250.10,250.00,59,3.00,-0.10
713270,250.07,250.00,61,3.00,-0.07
713370,250.07,250.00,60,3.00,-0.07
713470,250.09,250.00,57,3.00,-0.09
713570,250.08,250.00,60,3.00,-0.08
713670,250.11,250.00,56,3.00,-0.11
713770,250.13,250.00,56,3.00,-0.13
713870,250.12,250.00,60,3.00,-0.12
713970,250.13,250.00,58,3.00,-0.13
714070,250.14,250.00,58,3.00,-0.14
714170,250.12,250.00,62,3.00,-0.12
714270,250.13,250.00,58,3.00,-0.13
714370,250.13,250.00,59,3.00,-0.13
714470,250.10,250.00,61,3.00,-0.10
714570,250.13,250.00,56,3.00,-0.13
714670,250.14,250.00,58,3.00,-0.14
714770,250.12,250.00,61,3.00,-0.12
714870,250.12,250.00,59,3.00,-0.12
714970,250.09,250.00,61,3.00,-0.09
715070,250.08,250.00,60,3.00,-0.08
715170,250.06,250.00,61,3.00,-0.06
715270,250.08,250.00,57,3.00,-0.08
715370,250.07,250.00,60,3.00,-0.07
715470,250.08,250.00,59,3.00,-0.08
715570,250.06,250.00,61,3.00,-0.06
715670,250.07,250.00,58,3.00,-0.07
715770,250.11,250.00,55,3.00,-0.11
715870,250.11,250.00,59,3.00,-0.11
715970,250.12,250.00,58,3.00,-0.12
716070,250.10,250.00,61,3.00,-0.10
716170,250.13,250.00,56,3.00,-0.13
716270,250.11,250.00,60,3.00,-0.11
716370,250.13,250.00,58,3.00,-0.13
716470,250.14,250.00,58,3.00,-0.14
716570,250.12,250.00,60,3.00,-0.12
716670,250.14,250.00,58,3.00,-0.14
716770,250.18,250.00,54,3.00,-0.18
716870,250.15,250.00,62,3.00,-0.15
716970,250.16,250.00,58,3.00,-0.16
717070,250.15,250.00,60,3.00,-0.15
717170,250.18,250.00,55,3.00,-0.18
717270,250.16,250.00,60,3.00,-0.16
717370,250.17,250.00,58,3.00,-0.17
717470,250.14,250.00,62,3.00,-0.14
717570,250.18,250.00,55,3.00,-0.18
717670,250.15,250.00,62,3.00,-0.15
717770,250.18,250.00,55,3.00,-0.18
717870,250.21,250.00,55,3.00,-0.21
717970,250.21,250.00,58,3.00,-0.21
718070,250.22,250.00,58,3.00,-0.22
718170,250.18,250.00,62,3.00,-0.18
718270,250.20,250.00,57,3.00,-0.20
718370,250.25,250.00,53,3.00,-0.25
718470,250.27,250.00,57,3.00,-0.27
718570,250.26,250.00,58,3.00,-0.26
718670,250.25,250.00,60,3.00,-0.25
718770,250.27,250.00,56,3.00,-0.27
718870,250.27,250.00,59,3.00,-0.27
718970,250.24,250.00,61,3.00,-0.24
719070,250.26,250.00,57,3.00,-0.26
719170,250.27,250.00,57,3.00,-0.27
719270,250.25,250.00,60,3.00,-0.25
719370,250.23,250.00,61,3.00,-0.23
719470,250.23,250.00,58,3.00,-0.23
719570,250.19,250.00,62,3.00,-0.19
719670,250.22,250.00,55,3.00,-0.22
719770,250.19,250.00,62,3.00,-0.19
719870,250.19,250.00,58,3.00,-0.19
719970,250.22,250.00,55,3.00,-0.22
720070,250.21,250.00,59,3.00,-0.21
720170,250.22,250.00,58,3.00,-0.22
720270,250.18,250.00,62,3.00,-0.18
720370,250.23,250.00,54,3.00,-0.23
720470,250.20,250.00,61,3.00,-0.20
720570,250.22,250.00,57,3.00,-0.22
720670,250.22,250.00,58,3.00,-0.22
720770,250.21,250.00,59,3.00,-0.21
720870,250.20,250.00,59,3.00,-0.20
720970,250.22,250.00,57,3.00,-0.22
721070,250.20,250.00,61,3.00,-0.20
721170,250.20,250.00,58,3.00,-0.20
721270,250.19,250.00,59,3.00,-0.19
721370,250.22,250.00,55,3.00,-0.22
721470,250.25,250.00,56,3.00,-0.25
721570,250.25,250.00,58,3.00,-0.25
721670,250.22,250.00,61,3.00,-0.22
721770,250.25,250.00,56,3.00,-0.25
721870,250.20,250.00,63,3.00,-0.20
721970,250.23,250.00,55,3.00,-0.23
722070,250.26,250.00,56,3.00,-0.26
722170,250.29,250.00,55,3.00,-0.29
722270,250.31,250.00,56,3.00,-0.31
722370,250.28,250.00,61,3.00,-0.28
722470,250.31,250.00,55,3.00,-0.31
722570,250.28,250.00,61,3.00,-0.28
722670,250.25,250.00,61,3.00,-0.25
722770,250.26,250.00,57,3.00,-0.26
722870,250.24,250.00,61,3.00,-0.24
722970,250.26,250.00,56,3.00,-0.26
723070,250.27,250.00,57,3.00,-0.27
723170,250.26,250.00,60,3.00,-0.26
723270,250.28,250.00,56,3.00,-0.28
723370,250.28,250.00,58,3.00,-0.28
723470,250.29,250.00,57,3.00,-0.29
723570,250.28,250.00,58,3.00,-0.28
723670,250.30,250.00,56,3.00,-0.30
723770,250.31,250.00,57,3.00,-0.31
723870,250.30,250.00,59,3.00,-0.30
723970,250.27,250.00,61,3.00,-0.27
724070,250.28,250.00,57,3.00,-0.28
724170,250.31,250.00,55,3.00,-0.31
724270,250.31,250.00,59,3.00,-0.31
724370,250.30,250.00,59,3.00,-0.30
724470,250.28,250.00,60,3.00,-0.28
724570,250.33,250.00,53,3.00,-0.33
724670,250.31,250.00,60,3.00,-0.31
724770,250.32,250.00,56,3.00,-0.32
724870,250.36,250.00,54,3.00,-0.36
724970,250.35,250.00,59,3.00,-0.35
725070,250.35,250.00,58,3.00,-0.35
725170,250.35,250.00,58,3.00,-0.35
725270,250.33,250.00,60,3.00,-0.33
725370,250.35,250.00,56,3.00,-0.35
725470,250.32,250.00,60,3.00,-0.32
725570,250.33,250.00,57,3.00,-0.33
725670,250.32,250.00,59,3.00,-0.32
725770,250.30,250.00,60,3.00,-0.30
725870,250.27,250.00,61,3.00,-0.27
725970,250.30,250.00,54,3.00,-0.30
726070,250.27,250.00,61,3.00,-0.27
726170,250.29,250.00,56,3.00,-0.29
726270,250.33,250.00,55,3.00,-0.33
726370,250.32,250.00,59,3.00,-0.32
726470,250.31,250.00,58,3.00,-0.31
726570,250.29,250.00,60,3.00,-0.29
726670,250.33,250.00,53,3.00,-0.33
726770,250.37,250.00,54,3.00,-0.37
726870,250.37,250.00,58,3.00,-0.37
726970,250.36,250.00,59,3.00,-0.36
727070,250.34,250.00,60,3.00,-0.34
727170,250.33,250.00,59,3.00,-0.33
727270,250.31,250.00,60,3.00,-0.31
727370,250.29,250.00,60,3.00,-0.29
727470,250.30,250.00,57,3.00,-0.30
727570,250.31,250.00,56,3.00,-0.31
727670,250.33,250.00,56,3.00,-0.33
727770,250.31,250.00,60,3.00,-0.31
727870,250.30,250.00,58,3.00,-0.30
727970,250.26,250.00,62,3.00,-0.26
728070,250.28,250.00,56,3.00,-0.28
728170,250.24,250.00,62,3.00,-0.24
728270,250.27,250.00,55,3.00,-0.27
728370,250.29,250.00,56,3.00,-0.29
728470,250.27,250.00,59,3.00,-0.27
728570,250.26,250.00,59,3.00,-0.26
728670,250.23,250.00,60,3.00,-0.23
728770,250.25,250.00,57,3.00,-0.25
728870,250.22,250.00,60,3.00,-0.22
728970,250.19,250.00,61,3.00,-0.19
729070,250.19,250.00,58,3.00,-0.19
729170,250.17,250.00,60,3.00,-0.17
729270,250.17,250.00,59,3.00,-0.17
729370,250.18,250.00,57,3.00,-0.18
729470,250.15,250.00,61,3.00,-0.15
729570,250.17,250.00,56,3.00,-0.17
729670,250.15,250.00,60,3.00,-0.15
729770,250.19,250.00,55,3.00,-0.19
729870,250.17,250.00,60,3.00,-0.17
729970,250.20,250.00,55,3.00,-0.20
730070,250.16,250.00,63,3.00,-0.16
730170,250.16,250.00,57,3.00,-0.16
730270,250.12,250.00,62,3.00,-0.12
730370,250.11,250.00,60,3.00,-0.11
730470,250.14,250.00,56,3.00,-0.14
730570,250.14,250.00,58,3.00,-0.14
730670,250.12,250.00,60,3.00,-0.12
730770,250.09,250.00,62,3.00,-0.09
730870,250.12,250.00,56,3.00,-0.12
730970,250.09,250.00,61,3.00,-0.09
731070,250.10,250.00,58,3.00,-0.10
731170,250.10,250.00,58,3.00,-0.10
731270,250.08,250.00,61,3.00,-0.08
731370,250.07,250.00,59,3.00,-0.07
731470,250.10,250.00,55,3.00,-0.10
731570,250.07,250.00,62,3.00,-0.07
731670,250.07,250.00,58,3.00,-0.07
731770,250.05,250.00,60,3.00,-0.05
731870,250.04,250.00,60,3.00,-0.04
731970,250.01,250.00,61,3.00,-0.01
732070,250.01,250.00,59,3.00,-0.01
732170,250.01,250.00,59,3.00,-0.01
732270,250.04,250.00,55,3.00,-0.04
732370,250.02,250.00,62,3.00,-0.02
732470,249.99,250.00,61,3.00,0.01
732570,250.03,250.00,55,3.00,-0.03
732670,250.03,250.00,59,3.00,-0.03
732770,250.02,250.00,59,3.00,-0.02
732870,250.00,250.00,61,3.00,0.00
732970,250.05,250.00,54,3.00,-0.05
733070,250.08,250.00,55,3.00,-0.08
733170,250.06,250.00,61,3.00,-0.06
733270,250.05,250.00,59,3.00,-0.05
733370,250.04,250.00,60,3.00,-0.04
733470,250.06,250.00,57,3.00,-0.06
733570,250.06,250.00,58,3.00,-0.06
733670,250.03,250.00,62,3.00,-0.03
733770,250.04,250.00,58,3.00,-0.04
733870,250.03,250.00,60,3.00,-0.03
733970,250.06,250.00,55,3.00,-0.06
734070,250.04,250.00,60,3.00,-0.04
734170,250.08,250.00,55,3.00,-0.08
734270,250.04,250.00,62,3.00,-0.04
734370,250.06,250.00,57,3.00,-0.06
734470,250.02,250.00,63,3.00,-0.02
734570,250.04,250.00,56,3.00,-0.04
734670,250.06,250.00,57,3.00,-0.06
734770,250.06,250.00,59,3.00,-0.06
734870,250.05,250.00,59,3.00,-0.05
734970,250.01,250.00,63,3.00,-0.01
735070,250.02,250.00,58,3.00,-0.02
735170,250.00,250.00,61,3.00,0.00
735270,250.01,250.00,58,3.00,-0.01
735370,250.01,250.00,59,3.00,-0.01
735470,249.99,250.00,61,3.00,0.01
735570,249.98,250.00,60,3.00,0.02
735670,250.01,250.00,55,3.00,-0.01
735770,249.98,250.00,63,3.00,0.02
735870,249.98,250.00,59,3.00,0.02
735970,249.96,250.00,61,3.00,0.04
736070,249.99,250.00,56,3.00,0.01
736170,249.97,250.00,61,3.00,0.03
736270,249.99,250.00,56,3.00,0.01
736370,249.96,250.00,62,3.00,0.04
736470,249.99,250.00,56,3.00,0.01
736570,249.94,250.00,64,3.00,0.06
736670,249.96,250.00,57,3.00,0.04
736770,249.98,250.00,57,3.00,0.02
736870,249.99,250.00,57,3.00,0.01
736970,249.98,250.00,60,3.00,0.02
737070,249.95,250.00,62,3.00,0.05
737170,249.95,250.00,58,3.00,0.05
737270,249.92,250.00,62,3.00,0.08
737370,249.88,250.00,63,3.00,0.12
737470,249.88,250.00,59,3.00,0.12
737570,249.88,250.00,59,3.00,0.12
737670,249.92,250.00,56,3.00,0.08
737770,249.92,250.00,59,3.00,0.08
737870,249.89,250.00,62,3.00,0.11
737970,249.89,250.00,59,3.00,0.11
738070,249.88,250.00,61,3.00,0.12
738170,249.89,250.00,58,3.00,0.11
738270,249.87,250.00,62,3.00,0.13
738370,249.86,250.00,60,3.00,0.14
738470,249.86,250.00,59,3.00,0.14
738570,249.85,250.00,60,3.00,0.15
738670,249.82,250.00,63,3.00,0.18
738770,249.81,250.00,60,3.00,0.19
738870,249.84,250.00,56,3.00,0.16
738970,249.84,250.00,60,3.00,0.16
739070,249.83,250.00,60,3.00,0.17
739170,249.80,250.00,63,3.00,0.20
739270,249.82,250.00,58,3.00,0.18
739370,249.80,250.00,61,3.00,0.20
739470,249.76,250.00,64,3.00,0.24
739570,249.78,250.00,59,3.00,0.22
739670,249.76,250.00,61,3.00,0.24
739770,249.76,250.00,60,3.00,0.24
739870,249.80,250.00,56,3.00,0.20
739970,249.80,250.00,60,3.00,0.20
740070,249.82,250.00,58,3.00,0.18
740170,249.79,250.00,63,3.00,0.21
740270,249.77,250.00,61,3.00,0.23
740370,249.80,250.00,57,3.00,0.20
740470,249.79,250.00,60,3.00,0.21
740570,249.80,250.00,59,3.00,0.20
740670,249.80,250.00,60,3.00,0.20
740770,249.77,250.00,63,3.00,0.23
740870,249.74,250.00,64,3.00,0.26
740970,249.77,250.00,56,3.00,0.23
741070,249.77,250.00,60,3.00,0.23
741170,249.82,250.00,55,3.00,0.18
741270,249.80,250.00,61,3.00,0.20
741370,249.84,250.00,56,3.00,0.16
741470,249.90,250.00,53,3.00,0.10
741570,249.92,250.00,57,3.00,0.08
741670,249.93,250.00,58,3.00,0.07
741770,249.91,250.00,61,3.00,0.09
741870,249.91,250.00,60,3.00,0.09
741970,249.92,250.00,58,3.00,0.08
742070,249.91,250.00,61,3.00,0.09
742170,249.93,250.00,57,3.00,0.07
742270,249.95,250.00,57,3.00,0.05
742370,249.94,250.00,60,3.00,0.06
742470,249.97,250.00,56,3.00,0.03
742570,249.97,250.00,59,3.00,0.03
742670,249.94,250.00,62,3.00,0.06
742770,249.94,250.00,60,3.00,0.06
742870,249.91,250.00,62,3.00,0.09
742970,249.93,250.00,57,3.00,0.07
743070,249.96,250.00,56,3.00,0.04
743170,249.95,250.00,60,3.00,0.05
743270,249.95,250.00,60,3.00,0.05
743370,249.92,250.00,62,3.00,0.08
743470,249.95,250.00,56,3.00,0.05
743570,249.93,250.00,61,3.00,0.07
743670,249.94,250.00,58,3.00,0.06
743770,249.97,250.00,56,3.00,0.03
743870,249.95,250.00,61,3.00,0.05
743970,249.95,250.00,59,3.00,0.05
744070,249.96,250.00,59,3.00,0.04
744170,249.93,250.00,62,3.00,0.07
744270,249.95,250.00,57,3.00,0.05
744370,249.93,250.00,61,3.00,0.07
744470,249.96,250.00,56,3.00,0.04
744570,249.98,250.00,57,3.00,0.02
744670,249.97,250.00,60,3.00,0.03
744770,249.94,250.00,62,3.00,0.06
744870,249.93,250.00,60,3.00,0.07
744970,249.90,250.00,62,3.00,0.10
745070,249.92,250.00,57,3.00,0.08
745170,249.94,250.00,57,3.00,0.06
745270,249.94,250.00,60,3.00,0.06
745370,249.93,250.00,60,3.00,0.07
745470,249.90,250.00,62,3.00,0.10
745570,249.93,250.00,57,3.00,0.07
745670,249.91,250.00,61,3.00,0.09
745770,249.91,250.00,60,3.00,0.09
745870,249.92,250.00,58,3.00,0.08
745970,249.90,250.00,61,3.00,0.10
746070,249.92,250.00,57,3.00,0.08
746170,249.92,250.00,60,3.00,0.08
746270,249.89,250.00,62,3.00,0.11
746370,249.90,250.00,58,3.00,0.10
746470,249.88,250.00,62,3.00,0.12
746570,249.90,250.00,57,3.00,0.10
746670,249.88,250.00,62,3.00,0.12
746770,249.88,250.00,59,3.00,0.12
746870,249.88,250.00,59,3.00,0.12
746970,249.90,250.00,57,3.00,0.10
747070,249.87,250.00,63,3.00,0.13
747170,249.86,250.00,61,3.00,0.14
747270,249.87,250.00,58,3.00,0.13
747370,249.86,250.00,61,3.00,0.14
747470,249.87,250.00,58,3.00,0.13
747570,249.88,250.00,59,3.00,0.12
747670,249.89,250.00,58,3.00,0.11
747770,249.86,250.00,62,3.00,0.14
747870,249.83,250.00,63,3.00,0.17
747970,249.82,250.00,60,3.00,0.18
748070,249.79,250.00,63,3.00,0.21
748170,249.79,250.00,60,3.00,0.21
748270,249.80,250.00,59,3.00,0.20
748370,249.80,250.00,60,3.00,0.20
748470,249.82,250.00,58,3.00,0.18
748570,249.79,250.00,63,3.00,0.21
748670,249.81,250.00,58,3.00,0.19
748770,249.77,250.00,64,3.00,0.23
748870,249.78,250.00,59,3.00,0.22
748970,249.75,250.00,64,3.00,0.25
749070,249.76,250.00,59,3.00,0.24
749170,249.76,250.00,60,3.00,0.24
749270,249.77,250.00,59,3.00,0.23
749370,249.80,250.00,58,3.00,0.20
749470,249.78,250.00,61,3.00,0.22
749570,249.78,250.00,60,3.00,0.22
749670,249.78,250.00,60,3.00,0.22
749770,249.81,250.00,56,3.00,0.19
749870,249.78,250.00,63,3.00,0.22
749970,249.75,250.00,64,3.00,0.25
750070,249.74,250.00,61,3.00,0.26
750170,249.72,250.00,62,3.00,0.28
750270,249.70,250.00,62,3.00,0.30
750370,249.72,250.00,58,3.00,0.28
750470,249.67,250.00,65,3.00,0.33
750570,249.68,250.00,59,3.00,0.32
750670,249.66,250.00,63,3.00,0.34
750770,249.63,250.00,63,3.00,0.37
750870,249.66,250.00,58,3.00,0.34
750970,249.64,250.00,62,3.00,0.36
751070,249.63,250.00,62,3.00,0.37
751170,249.62,250.00,62,3.00,0.38
751270,249.58,250.00,65,3.00,0.42
751370,249.55,250.00,64,3.00,0.45
751470,249.57,250.00,59,3.00,0.43
751570,249.55,250.00,63,3.00,0.45
751670,249.54,250.00,62,3.00,0.46
751770,249.55,250.00,60,3.00,0.45
751870,249.61,250.00,55,3.00,0.39
751970,249.60,250.00,62,3.00,0.40
752070,249.59,250.00,62,3.00,0.41
752170,249.61,250.00,59,3.00,0.39
752270,249.60,250.00,62,3.00,0.40
752370,249.63,250.00,58,3.00,0.37
752470,249.63,250.00,61,3.00,0.37
752570,249.62,250.00,62,3.00,0.38
752670,249.62,250.00,60,3.00,0.38
752770,249.60,250.00,63,3.00,0.40
752870,249.60,250.00,62,3.00,0.40
752970,249.62,250.00,58,3.00,0.38
753070,249.63,250.00,61,3.00,0.37
753170,249.59,250.00,64,3.00,0.41
753270,249.62,250.00,58,3.00,0.38
753370,249.58,250.00,65,3.00,0.42
753470,249.57,250.00,61,3.00,0.43
753570,249.60,250.00,58,3.00,0.40
753670,249.60,250.00,62,3.00,0.40
753770,249.60,250.00,60,3.00,0.40
753870,249.61,250.00,60,3.00,0.39
753970,249.63,250.00,58,3.00,0.37
754070,249.61,250.00,63,3.00,0.39
754170,249.62,250.00,60,3.00,0.38
754270,249.62,250.00,61,3.00,0.38
754370,249.59,250.00,64,3.00,0.41
754470,249.57,250.00,63,3.00,0.43
754570,249.58,250.00,60,3.00,0.42
754670,249.57,250.00,62,3.00,0.43
754770,249.58,250.00,60,3.00,0.42
754870,249.60,250.00,59,3.00,0.40
754970,249.58,250.00,63,3.00,0.42
755070,249.60,250.00,59,3.00,0.40
755170,249.59,250.00,62,3.00,0.41
755270,249.56,250.00,64,3.00,0.44
755370,249.53,250.00,64,3.00,0.47
755470,249.56,250.00,59,3.00,0.44
755570,249.54,250.00,63,3.00,0.46
755670,249.55,250.00,60,3.00,0.45
755770,249.59,250.00,58,3.00,0.41
755870,249.57,250.00,63,3.00,0.43
755970,249.56,250.00,62,3.00,0.44
756070,249.60,250.00,58,3.00,0.40
756170,249.57,250.00,64,3.00,0.43
756270,249.54,250.00,64,3.00,0.46
756370,249.54,250.00,61,3.00,0.46
756470,249.51,250.00,64,3.00,0.49
756570,249.53,250.00,60,3.00,0.47
756670,249.53,250.00,61,3.00,0.47
756770,249.53,250.00,61,3.00,0.47
756870,249.54,250.00,60,3.00,0.46
756970,249.56,250.00,59,3.00,0.44
757070,249.55,250.00,63,3.00,0.45
757170,249.53,250.00,63,3.00,0.47
757270,249.53,250.00,61,3.00,0.47
757370,249.50,250.00,65,3.00,0.50
757470,249.49,250.00,62,3.00,0.51
757570,249.50,250.00,60,3.00,0.50
757670,249.49,250.00,62,3.00,0.51
757770,249.53,250.00,58,3.00,0.47
757870,249.52,250.00,63,3.00,0.48
757970,249.51,250.00,63,3.00,0.49
758070,249.52,250.00,60,3.00,0.48
758170,249.56,250.00,58,3.00,0.44
758270,249.52,250.00,65,3.00,0.48
758370,249.52,250.00,61,3.00,0.48
758470,249.52,250.00,61,3.00,0.48
758570,249.50,250.00,64,3.00,0.50
758670,249.49,250.00,63,3.00,0.51
758770,249.49,250.00,61,3.00,0.51
758870,249.47,250.00,64,3.00,0.53
758970,249.48,250.00,61,3.00,0.52
759070,249.50,250.00,60,3.00,0.50
759170,249.49,250.00,63,3.00,0.51
759270,249.52,250.00,59,3.00,0.48
759370,249.52,250.00,61,3.00,0.48
759470,249.52,250.00,61,3.00,0.48
759570,249.52,250.00,61,3.00,0.48
759670,249.47,250.00,66,3.00,0.53
759770,249.48,250.00,61,3.00,0.52
759870,249.51,250.00,59,3.00,0.49
759970,249.56,250.00,57,3.00,0.44
760070,249.57,250.00,61,3.00,0.43
760170,249.59,250.00,59,3.00,0.41
760270,249.60,250.00,60,3.00,0.40
760370,249.64,250.00,57,3.00,0.36
760470,249.62,250.00,64,3.00,0.38
760570,249.62,250.00,61,3.00,0.38
760670,249.61,250.00,62,3.00,0.39
760770,249.64,250.00,58,3.00,0.36
760870,249.65,250.00,60,3.00,0.35
760970,249.64,250.00,62,3.00,0.36
761070,249.65,250.00,60,3.00,0.35
761170,249.68,250.00,59,3.00,0.32
761270,249.66,250.00,63,3.00,0.34
761370,249.65,250.00,63,3.00,0.35
761470,249.68,250.00,57,3.00,0.32
761570,249.66,250.00,64,3.00,0.34
761670,249.66,250.00,61,3.00,0.34
761770,249.67,250.00,60,3.00,0.33
761870,249.67,250.00,61,3.00,0.33
761970,249.69,250.00,59,3.00,0.31
762070,249.68,250.00,61,3.00,0.32
762170,249.70,250.00,59,3.00,0.30
762270,249.71,250.00,60,3.00,0.29
762370,249.73,250.00,59,3.00,0.27
762470,249.71,250.00,63,3.00,0.29
762570,249.71,250.00,60,3.00,0.29
762670,249.72,250.00,60,3.00,0.28
762770,249.70,250.00,63,3.00,0.30
762870,249.69,250.00,62,3.00,0.31
762970,249.70,250.00,60,3.00,0.30
763070,249.70,250.00,62,3.00,0.30
763170,249.72,250.00,59,3.00,0.28
763270,249.71,250.00,62,3.00,0.29
763370,249.70,250.00,62,3.00,0.30
763470,249.73,250.00,58,3.00,0.27
763570,249.74,250.00,61,3.00,0.26
763670,249.70,250.00,64,3.00,0.30
763770,249.70,250.00,62,3.00,0.30
763870,249.70,250.00,60,3.00,0.30
763970,249.73,250.00,58,3.00,0.27
764070,249.77,250.00,57,3.00,0.23
764170,249.77,250.00,61,3.00,0.23
764270,249.77,250.00,61,3.00,0.23
764370,249.80,250.00,58,3.00,0.20
764470,249.82,250.00,59,3.00,0.18
764570,249.86,250.00,56,3.00,0.14
764670,249.84,250.00,63,3.00,0.16
764770,249.84,250.00,60,3.00,0.16
764870,249.83,250.00,61,3.00,0.17
764970,249.84,250.00,60,3.00,0.16
765070,249.86,250.00,59,3.00,0.14
765170,249.85,250.00,61,3.00,0.15
765270,249.86,250.00,59,3.00,0.14
765370,249.85,250.00,61,3.00,0.15
765470,249.86,250.00,60,3.00,0.14
765570,249.90,250.00,56,3.00,0.10
765670,249.91,250.00,59,3.00,0.09
765770,249.88,250.00,63,3.00,0.12
765870,249.88,250.00,60,3.00,0.12
765970,249.86,250.00,63,3.00,0.14
766070,249.94,250.00,52,3.00,0.06
766170,249.97,250.00,57,3.00,0.03
766270,249.97,250.00,61,3.00,0.03
766370,249.98,250.00,58,3.00,0.02
766470,249.96,250.00,62,3.00,0.04
766570,250.00,250.00,56,3.00,0.00
766670,249.99,250.00,61,3.00,0.01
766770,250.01,250.00,57,3.00,-0.01
766870,250.02,250.00,59,3.00,-0.02
766970,250.01,250.00,61,3.00,-0.01
767070,250.03,250.00,57,3.00,-0.03
767170,250.04,250.00,59,3.00,-0.04
767270,250.03,250.00,61,3.00,-0.03
767370,250.05,250.00,58,3.00,-0.05
767470,250.03,250.00,61,3.00,-0.03
767570,250.07,250.00,56,3.00,-0.07
767670,250.06,250.00,60,3.00,-0.06
767770,250.10,250.00,55,3.00,-0.10
767870,250.07,250.00,63,3.00,-0.07
767970,250.06,250.00,60,3.00,-0.06
768070,250.08,250.00,58,3.00,-0.08
768170,250.08,250.00,59,3.00,-0.08
768270,250.11,250.00,57,3.00,-0.11
768370,250.15,250.00,56,3.00,-0.15
768470,250.14,250.00,61,3.00,-0.14
768570,250.13,250.00,60,3.00,-0.13
768670,250.17,250.00,56,3.00,-0.17
768770,250.14,250.00,62,3.00,-0.14
768870,250.14,250.00,60,3.00,-0.14
768970,250.16,250.00,57,3.00,-0.16
769070,250.16,250.00,60,3.00,-0.16
769170,250.19,250.00,56,3.00,-0.19
769270,250.20,250.00,59,3.00,-0.20
769370,250.19,250.00,60,3.00,-0.19
769470,250.22,250.00,56,3.00,-0.22
769570,250.20,250.00,61,3.00,-0.20
769670,250.19,250.00,60,3.00,-0.19
769770,250.18,250.00,60,3.00,-0.18
769870,250.22,250.00,55,3.00,-0.22
769970,250.23,250.00,59,3.00,-0.23
770070,250.23,250.00,59,3.00,-0.23
770170,250.19,250.00,63,3.00,-0.19
770270,250.22,250.00,56,3.00,-0.22
770370,250.25,250.00,56,3.00,-0.25
770470,250.25,250.00,59,3.00,-0.25
770570,250.25,250.00,59,3.00,-0.25
770670,250.22,250.00,61,3.00,-0.22
770770,250.25,250.00,56,3.00,-0.25
770870,250.24,250.00,60,3.00,-0.24
770970,250.25,250.00,58,3.00,-0.25
771070,250.26,250.00,58,3.00,-0.26
771170,250.25,250.00,60,3.00,-0.25
771270,250.25,250.00,59,3.00,-0.25
771370,250.28,250.00,55,3.00,-0.28
771470,250.29,250.00,58,3.00,-0.29
771570,250.31,250.00,57,3.00,-0.31
771670,250.29,250.00,61,3.00,-0.29
771770,250.32,250.00,55,3.00,-0.32
771870,250.28,250.00,63,3.00,-0.28
771970,250.32,250.00,54,3.00,-0.32
772070,250.29,250.00,62,3.00,-0.29
772170,250.31,250.00,57,3.00,-0.31
772270,250.33,250.00,57,3.00,-0.33
772370,250.32,250.00,59,3.00,-0.32
772470,250.35,250.00,56,3.00,-0.35
772570,250.34,250.00,59,3.00,-0.34
772670,250.33,250.00,59,3.00,-0.33
772770,250.30,250.00,62,3.00,-0.30
772870,250.31,250.00,57,3.00,-0.31
772970,250.36,250.00,54,3.00,-0.36
773070,250.37,250.00,57,3.00,-0.37
773170,250.37,250.00,58,3.00,-0.37
773270,250.36,250.00,60,3.00,-0.36
773370,250.36,250.00,58,3.00,-0.36
773470,250.36,250.00,58,3.00,-0.36
773570,250.33,250.00,61,3.00,-0.33
773670,250.35,250.00,57,3.00,-0.35
773770,250.36,250.00,57,3.00,-0.36
773870,250.36,250.00,58,3.00,-0.36
773970,250.34,250.00,61,3.00,-0.34
774070,250.34,250.00,58,3.00,-0.34
774170,250.31,250.00,62,3.00,-0.31
774270,250.34,250.00,55,3.00,-0.34
774370,250.30,250.00,62,3.00,-0.30
774470,250.32,250.00,57,3.00,-0.32
774570,250.35,250.00,55,3.00,-0.35
774670,250.34,250.00,59,3.00,-0.34
774770,250.33,250.00,59,3.00,-0.33
774870,250.30,250.00,62,3.00,-0.30
774970,250.32,250.00,57,3.00,-0.32
775070,250.30,250.00,60,3.00,-0.30
775170,250.30,250.00,58,3.00,-0.30
775270,250.31,250.00,58,3.00,-0.31
775370,250.29,250.00,60,3.00,-0.29
775470,250.31,250.00,56,3.00,-0.31
775570,250.30,250.00,59,3.00,-0.30
775670,250.27,250.00,62,3.00,-0.27
775770,250.28,250.00,58,3.00,-0.28
775870,250.27,250.00,60,3.00,-0.27
775970,250.29,250.00,56,3.00,-0.29
776070,250.27,250.00,60,3.00,-0.27
776170,250.27,250.00,59,3.00,-0.27
776270,250.24,250.00,61,3.00,-0.24
776370,250.27,250.00,56,3.00,-0.27
776470,250.25,250.00,60,3.00,-0.25
776570,250.26,250.00,57,3.00,-0.26
776670,250.30,250.00,55,3.00,-0.30
776770,250.34,250.00,54,3.00,-0.34
776870,250.37,250.00,55,3.00,-0.37
776970,250.34,250.00,61,3.00,-0.34
777070,250.38,250.00,54,3.00,-0.38
777170,250.35,250.00,61,3.00,-0.35
777270,250.33,250.00,61,3.00,-0.33
777370,250.35,250.00,57,3.00,-0.35
777470,250.34,250.00,59,3.00,-0.34
777570,250.36,250.00,55,3.00,-0.36
777670,250.36,250.00,58,3.00,-0.36
777770,250.34,250.00,61,3.00,-0.34
777870,250.35,250.00,57,3.00,-0.35
777970,250.33,250.00,61,3.00,-0.33
778070,250.35,250.00,57,3.00,-0.35
778170,250.32,250.00,60,3.00,-0.32
778270,250.36,250.00,54,3.00,-0.36
778370,250.34,250.00,61,3.00,-0.34
778470,250.33,250.00,59,3.00,-0.33
778570,250.30,250.00,62,3.00,-0.30
778670,250.29,250.00,59,3.00,-0.29
778770,250.32,250.00,55,3.00,-0.32
778870,250.32,250.00,59,3.00,-0.32
778970,250.32,250.00,58,3.00,-0.32
779070,250.29,250.00,61,3.00,-0.29
779170,250.31,250.00,56,3.00,-0.31
779270,250.29,250.00,60,3.00,-0.29
779370,250.29,250.00,59,3.00,-0.29
779470,250.29,250.00,58,3.00,-0.29
779570,250.29,250.00,59,3.00,-0.29
779670,250.33,250.00,54,3.00,-0.33
779770,250.37,250.00,54,3.00,-0.37
779870,250.37,250.00,58,3.00,-0.37
779970,250.38,250.00,57,3.00,-0.38
780070,250.36,250.00,61,3.00,-0.36
780170,250.38,250.00,55,3.00,-0.38
780270,250.35,250.00,61,3.00,-0.35
780370,250.39,250.00,54,3.00,-0.39
780470,250.37,250.00,61,3.00,-0.37
780570,250.39,250.00,55,3.00,-0.39
780670,250.35,250.00,62,3.00,-0.35
780770,250.38,250.00,55,3.00,-0.38
780870,250.40,250.00,56,3.00,-0.40
780970,250.38,250.00,59,3.00,-0.38
781070,250.37,250.00,59,3.00,-0.37
781170,250.33,250.00,62,3.00,-0.33
781270,250.37,250.00,54,3.00,-0.37
781370,250.35,250.00,60,3.00,-0.35
781470,250.36,250.00,57,3.00,-0.36
781570,250.36,250.00,58,3.00,-0.36
781670,250.35,250.00,59,3.00,-0.35
