Time_ms,Temp_C,Setpoint_C,Heater_Duty,Speed_mm_s,Error_C
4570,233.55,250.00,74,0.00,16.45
4670,233.46,250.00,76,0.00,16.54
4770,233.37,250.00,75,0.00,16.63
4870,233.26,250.00,77,0.00,16.74
4970,233.15,250.00,78,0.00,16.85
5070,233.03,250.00,80,0.00,16.97
5170,232.92,250.00,79,0.00,17.08
5270,232.80,250.00,80,0.00,17.20
5370,232.68,250.00,80,0.00,17.32
5470,232.58,250.00,80,0.00,17.42
5570,232.51,250.00,77,0.00,17.49
5670,232.43,250.00,77,0.00,17.57
5770,232.37,250.00,76,0.00,17.63
5870,232.29,250.00,78,0.00,17.71
5970,232.22,250.00,78,0.00,17.78
6070,232.12,250.00,80,0.00,17.88
6170,232.06,250.00,78,0.00,17.94
6270,231.96,250.00,81,0.00,18.04
6370,231.86,250.00,82,0.00,18.14
6470,231.76,250.00,83,0.00,18.24
6570,231.65,250.00,83,0.00,18.35
6670,231.56,250.00,82,0.00,18.44
6770,231.49,250.00,81,0.00,18.51
6870,231.42,250.00,81,0.00,18.58
6970,231.35,250.00,81,0.00,18.65
7070,231.30,250.00,79,0.00,18.70
7170,231.22,250.00,82,0.00,18.78
7270,231.16,250.00,81,0.00,18.84
7370,231.10,250.00,81,0.00,18.90
7470,231.05,250.00,81,0.00,18.95
7570,231.00,250.00,80,0.00,19.00
7670,230.96,250.00,79,0.00,19.04
7770,230.87,250.00,85,0.00,19.13
7870,230.78,250.00,86,0.00,19.22
7970,230.69,250.00,85,0.00,19.31
8070,230.60,250.00,86,0.00,19.40
8170,230.50,250.00,88,0.00,19.50
8270,230.42,250.00,86,0.00,19.58
8370,230.33,250.00,87,0.00,19.67
8470,230.24,250.00,87,0.00,19.76
8570,230.14,250.00,89,0.00,19.86
8670,230.08,250.00,86,0.00,19.92
8770,230.00,250.00,87,0.00,20.00
8870,229.94,250.00,87,0.00,20.06
8970,229.86,250.00,88,0.00,20.14
9070,229.79,250.00,87,0.00,20.21
9170,229.74,250.00,85,0.00,20.26
9270,229.68,250.00,87,0.00,20.32
9370,229.60,250.00,89,0.00,20.40
9470,229.57,250.00,85,0.00,20.43
9570,229.51,250.00,87,0.00,20.49
9670,229.43,250.00,90,0.00,20.57
9770,229.33,250.00,92,0.00,20.67
9870,229.23,250.00,92,0.00,20.77
9970,229.16,250.00,91,0.00,20.84
10070,229.05,250.00,94,0.00,20.95
10170,228.95,250.00,94,0.00,21.05
10270,228.86,250.00,93,0.00,21.14
10370,228.77,250.00,93,0.00,21.23
10470,228.71,250.00,91,0.00,21.29
10570,228.65,250.00,90,0.00,21.35
10670,228.62,250.00,89,0.00,21.38
10770,228.58,250.00,89,0.00,21.42
10870,228.53,250.00,91,0.00,21.47
10970,228.49,250.00,90,0.00,21.51
11070,228.46,250.00,88,0.00,21.54
11170,228.43,250.00,89,0.00,21.57
11270,228.41,250.00,87,0.00,21.59
11370,228.40,250.00,87,0.00,21.60
11470,228.36,250.00,90,0.00,21.64
11570,228.35,250.00,87,0.00,21.65
11670,228.39,250.00,82,0.00,21.61
11770,228.37,250.00,88,0.00,21.63
11870,228.39,250.00,84,0.00,21.61
11970,228.39,250.00,85,0.00,21.61
12070,228.39,250.00,86,0.00,21.61
12170,228.38,250.00,87,0.00,21.62
12270,228.37,250.00,87,0.00,21.63
12370,228.35,250.00,88,0.00,21.65
12470,228.35,250.00,87,0.00,21.65
12570,228.34,250.00,87,0.00,21.66
12670,228.36,250.00,84,0.00,21.64
12770,228.39,250.00,83,0.00,21.61
12870,228.43,250.00,82,0.00,21.57
12970,228.49,250.00,79,0.00,21.51
13070,228.53,250.00,81,0.00,21.47
13170,228.57,250.00,82,0.00,21.43
13270,228.60,250.00,82,0.00,21.40
13370,228.64,250.00,81,0.00,21.36
13470,228.65,250.00,83,0.00,21.35
13570,228.69,250.00,81,0.00,21.31
13670,228.73,250.00,81,0.00,21.27
13770,228.77,250.00,80,0.00,21.23
13870,228.81,250.00,80,0.00,21.19
13970,228.84,250.00,81,0.00,21.16
14070,228.88,250.00,80,0.00,21.12
14170,228.93,250.00,79,0.00,21.07
14270,228.95,250.00,81,0.00,21.05
14370,228.98,250.00,81,0.00,21.02
14470,228.99,250.00,83,0.00,21.01
14570,229.05,250.00,77,0.00,20.95
14670,229.07,250.00,81,0.00,20.93
14770,229.08,250.00,81,0.00,20.92
14870,229.13,250.00,79,0.00,20.87
14970,229.13,250.00,83,0.00,20.87
15070,229.13,250.00,83,0.00,20.87
15170,229.16,250.00,80,0.00,20.84
15270,229.16,250.00,83,0.00,20.84
15370,229.16,250.00,83,0.00,20.84
15470,229.14,250.00,85,0.00,20.86
15570,229.09,250.00,88,0.00,20.91
15670,229.08,250.00,84,0.00,20.92
15770,229.05,250.00,86,0.00,20.95
15870,229.02,250.00,86,0.00,20.98
15970,228.98,250.00,88,0.00,21.02
16070,228.94,250.00,88,0.00,21.06
16170,228.91,250.00,87,0.00,21.09
16270,228.89,250.00,86,0.00,21.11
16370,228.86,250.00,87,0.00,21.14
16470,228.83,250.00,87,0.00,21.17
16570,228.80,250.00,87,0.00,21.20
16670,228.78,250.00,86,0.00,21.22
16770,228.75,250.00,88,0.00,21.25
16870,228.76,250.00,84,0.00,21.24
16970,228.77,250.00,83,0.00,21.23
17070,228.80,250.00,81,0.00,21.20
17170,228.84,250.00,80,0.00,21.16
17270,228.87,250.00,81,0.00,21.13
17370,228.91,250.00,80,0.00,21.09
17470,228.93,250.00,81,0.00,21.07
17570,228.96,250.00,81,0.00,21.04
17670,228.99,250.00,81,0.00,21.01
17770,229.03,250.00,80,0.00,20.97
17870,229.09,250.00,77,0.00,20.91
17970,229.18,250.00,73,0.00,20.82
18070,229.25,250.00,76,0.00,20.75
18170,229.32,250.00,75,0.00,20.68
18270,229.40,250.00,74,0.00,20.60
18370,229.46,250.00,75,0.00,20.54
18470,229.55,250.00,73,0.00,20.45
18570,229.65,250.00,71,0.00,20.35
18670,229.72,250.00,73,0.00,20.28
18770,229.81,250.00,72,0.00,20.19
18870,229.89,250.00,71,0.00,20.11
18970,229.96,250.00,73,0.00,20.04
19070,230.04,250.00,71,0.00,19.96
19170,230.12,250.00,71,0.00,19.88
19270,230.21,250.00,70,0.00,19.79
19370,230.29,250.00,70,0.00,19.71
19470,230.36,250.00,71,0.00,19.64
19570,230.41,250.00,73,0.00,19.59
19670,230.47,250.00,72,0.00,19.53
19770,230.54,250.00,70,0.00,19.46
19870,230.62,250.00,70,0.00,19.38
19970,230.67,250.00,72,0.00,19.33
20070,230.76,250.00,67,0.00,19.24
20170,230.82,250.00,71,0.00,19.18
20270,230.87,250.00,70,0.00,19.13
20370,230.92,250.00,71,0.00,19.08
20470,230.93,250.00,75,0.00,19.07
20570,230.95,250.00,74,0.00,19.05
20670,230.96,250.00,74,0.00,19.04
20770,230.97,250.00,75,0.00,19.03
20870,230.97,250.00,75,0.00,19.03
20970,231.01,250.00,72,0.00,18.99
21070,231.02,250.00,74,0.00,18.98
21170,231.09,250.00,69,0.00,18.91
21270,231.12,250.00,71,0.00,18.88
21370,231.14,250.00,73,0.00,18.86
21470,231.15,250.00,74,0.00,18.85
21570,231.19,250.00,71,0.00,18.81
21670,231.23,250.00,70,0.00,18.77
21770,231.28,250.00,69,0.00,18.72
21870,231.33,250.00,70,0.00,18.67
21970,231.40,250.00,67,0.00,18.60
22070,231.46,250.00,68,0.00,18.54
22170,231.52,250.00,67,0.00,18.48
22270,231.58,250.00,67,0.00,18.42
22370,231.66,250.00,65,0.00,18.34
22470,231.72,250.00,66,0.00,18.28
22570,231.80,250.00,65,0.00,18.20
22670,231.84,250.00,68,0.00,18.16
22770,231.89,250.00,67,0.00,18.11
22870,231.96,250.00,65,0.00,18.04
22970,232.05,250.00,63,0.00,17.95
23070,232.12,250.00,64,0.00,17.88
23170,232.20,250.00,63,0.00,17.80
23270,232.28,250.00,62,0.00,17.72
23370,232.38,250.00,60,0.00,17.62
23470,232.48,250.00,59,0.00,17.52
23570,232.58,250.00,60,0.00,17.42
23670,232.67,250.00,60,0.00,17.33
23770,232.75,250.00,60,0.00,17.25
23870,232.84,250.00,59,0.00,17.16
23970,232.93,250.00,59,0.00,17.07
24070,233.02,250.00,58,0.00,16.98
24170,233.08,250.00,61,0.00,16.92
24270,233.14,250.00,61,0.00,16.86
24370,233.22,250.00,59,0.00,16.78
24470,233.31,250.00,57,0.00,16.69
24570,233.42,250.00,55,0.00,16.58
24670,233.52,250.00,55,0.00,16.48
24770,233.61,250.00,56,0.00,16.39
24870,233.69,250.00,57,0.00,16.31
24970,233.77,250.00,57,0.00,16.23
25070,233.84,250.00,57,0.00,16.16
25170,233.93,250.00,55,0.00,16.07
25270,234.02,250.00,55,0.00,15.98
25370,234.14,250.00,51,0.00,15.86
25470,234.23,250.00,53,0.00,15.77
25570,234.32,250.00,54,0.00,15.68
25670,234.39,250.00,54,0.00,15.61
25770,234.48,250.00,53,0.00,15.52
25870,234.58,250.00,51,0.00,15.42
25970,234.69,250.00,50,0.00,15.31
26070,234.77,250.00,53,0.00,15.23
26170,234.83,250.00,54,0.00,15.17
26270,234.91,250.00,52,0.00,15.09
26370,234.98,250.00,52,0.00,15.02
26470,235.05,250.00,53,0.00,14.95
26570,235.12,250.00,52,0.00,14.88
26670,235.21,250.00,51,0.00,14.79
26770,235.29,250.00,51,0.00,14.71
26870,235.38,250.00,50,0.00,14.62
26970,235.43,250.00,54,0.00,14.57
27070,235.49,250.00,53,0.00,14.51
27170,235.58,250.00,49,0.00,14.42
27270,235.64,250.00,53,0.00,14.36
27370,235.70,250.00,53,0.00,14.30
27470,235.80,250.00,49,0.00,14.20
27570,235.87,250.00,51,0.00,14.13
27670,235.94,250.00,52,0.00,14.06
27770,236.01,250.00,51,0.00,13.99
27870,236.08,250.00,51,0.00,13.92
27970,236.15,250.00,52,0.00,13.85
28070,236.20,250.00,53,0.00,13.80
28170,236.30,250.00,48,0.00,13.70
28270,236.34,250.00,54,0.00,13.66
28370,236.40,250.00,52,0.00,13.60
28470,236.49,250.00,49,0.00,13.51
28570,236.53,250.00,55,0.00,13.47
28670,236.58,250.00,53,0.00,13.42
28770,236.61,250.00,55,0.00,13.39
28870,236.66,250.00,54,0.00,13.34
28970,236.69,250.00,54,0.00,13.31
29070,236.73,250.00,55,0.00,13.27
29170,236.79,250.00,52,0.00,13.21
29270,236.82,250.00,55,0.00,13.18
29370,236.86,250.00,54,0.00,13.14
29470,236.92,250.00,53,0.00,13.08
29570,236.99,250.00,51,0.00,13.01
29673,237.07,250.00,50,0.03,12.93
29771,237.16,250.00,49,0.06,12.84
29871,237.22,250.00,51,0.12,12.78
29971,237.30,250.00,50,0.20,12.70
30071,237.39,250.00,49,0.30,12.61
30170,237.43,250.00,53,0.42,12.57
30272,237.52,250.00,48,0.56,12.48
30371,237.59,250.00,50,0.71,12.41
30471,237.62,250.00,54,0.88,12.38
30571,237.66,250.00,53,1.06,12.34
30671,237.70,250.00,54,1.24,12.30
30771,237.72,250.00,55,1.43,12.28
30871,237.77,250.00,53,1.63,12.23
30970,237.80,250.00,55,1.82,12.20
31071,237.84,250.00,53,2.00,12.16
31171,237.88,250.00,54,2.18,12.12
31271,237.92,250.00,53,2.34,12.08
31370,237.94,250.00,56,2.49,12.06
31470,237.98,250.00,54,2.63,12.02
31571,238.01,250.00,54,2.75,11.99
31671,238.06,250.00,53,2.84,11.94
31771,238.10,250.00,54,2.92,11.90
31871,238.14,250.00,54,2.97,11.86
31970,238.20,250.00,52,3.00,11.80
32070,238.24,250.00,54,3.00,11.76
32170,238.30,250.00,52,3.00,11.70
32270,238.33,250.00,55,3.00,11.67
32370,238.39,250.00,52,3.00,11.61
32470,238.45,250.00,52,3.00,11.55
32570,238.46,250.00,56,3.00,11.54
32670,238.51,250.00,53,3.00,11.49
32770,238.58,250.00,50,3.00,11.42
32870,238.62,250.00,54,3.00,11.38
32970,238.63,250.00,57,3.00,11.37
33070,238.68,250.00,53,3.00,11.32
33170,238.67,250.00,59,3.00,11.33
33270,238.69,250.00,57,3.00,11.31
33370,238.69,250.00,58,3.00,11.31
33470,238.73,250.00,54,3.00,11.27
33570,238.75,250.00,56,3.00,11.25
33670,238.79,250.00,55,3.00,11.21
33770,238.83,250.00,55,3.00,11.17
33870,238.85,250.00,56,3.00,11.15
33970,238.85,250.00,58,3.00,11.15
34070,238.87,250.00,57,3.00,11.13
34170,238.87,250.00,59,3.00,11.13
34270,238.89,250.00,56,3.00,11.11
34370,238.90,250.00,59,3.00,11.10
34470,238.93,250.00,56,3.00,11.07
34570,238.95,250.00,57,3.00,11.05
34670,238.96,250.00,59,3.00,11.04
34770,238.95,250.00,60,3.00,11.05
34870,238.94,250.00,61,3.00,11.06
34970,238.96,250.00,58,3.00,11.04
35070,238.95,250.00,61,3.00,11.05
35170,238.93,250.00,61,3.00,11.07
35270,238.91,250.00,63,3.00,11.09
35370,238.89,250.00,63,3.00,11.11
35470,238.90,250.00,61,3.00,11.10
35570,238.90,250.00,61,3.00,11.10
35670,238.90,250.00,61,3.00,11.10
35770,238.89,250.00,63,3.00,11.11
35870,238.87,250.00,63,3.00,11.13
35970,238.87,250.00,61,3.00,11.13
36070,238.90,250.00,59,3.00,11.10
36170,238.93,250.00,59,3.00,11.07
36270,238.93,250.00,62,3.00,11.07
36370,238.94,250.00,61,3.00,11.06
36470,238.94,250.00,63,3.00,11.06
36570,238.99,250.00,57,3.00,11.01
36670,238.99,250.00,62,3.00,11.01
36770,239.01,250.00,61,3.00,10.99
36871,238.99,250.00,65,2.99,11.01
36971,238.99,250.00,63,2.96,11.01
37071,238.99,250.00,64,2.90,11.01
37171,239.01,250.00,61,2.82,10.99
37270,239.01,250.00,63,2.72,10.99
37370,239.01,250.00,63,2.60,10.99
37471,238.99,250.00,66,2.46,11.01
37571,239.01,250.00,63,2.30,10.99
37670,239.00,250.00,65,2.13,11.00
37772,239.00,250.00,64,1.95,11.00
37871,239.00,250.00,65,1.77,11.00
37971,239.01,250.00,63,1.58,10.99
38071,239.00,250.00,66,1.39,11.00
38170,239.05,250.00,59,1.20,10.95
38271,239.05,250.00,65,1.01,10.95
38371,239.05,250.00,65,0.84,10.95
38470,239.09,250.00,61,0.67,10.91
38571,239.09,250.00,65,0.52,10.91
38671,239.12,250.00,63,0.39,10.88
38771,239.11,250.00,66,0.27,10.89
38870,239.13,250.00,63,0.18,10.87
38971,239.11,250.00,68,0.10,10.89
39071,239.13,250.00,64,0.05,10.87
39170,239.12,250.00,67,0.03,10.88
39270,239.12,250.00,66,0.00,10.88
39370,239.10,250.00,68,0.00,10.90
39470,239.10,250.00,66,0.00,10.90
39570,239.11,250.00,67,0.00,10.89
39670,239.15,250.00,63,0.00,10.85
39770,239.16,250.00,66,0.00,10.84
39870,239.15,250.00,67,0.00,10.85
39970,239.17,250.00,65,0.00,10.83
40070,239.19,250.00,66,0.00,10.81
40170,239.20,250.00,66,0.00,10.80
40270,239.23,250.00,65,0.00,10.77
40370,239.21,250.00,70,0.00,10.79
40470,239.23,250.00,66,0.00,10.77
40570,239.23,250.00,68,0.00,10.77
40670,239.23,250.00,68,0.00,10.77
40770,239.22,250.00,69,0.00,10.78
40870,239.21,250.00,69,0.00,10.79
40970,239.18,250.00,72,0.00,10.82
41070,239.18,250.00,70,0.00,10.82
41170,239.20,250.00,66,0.00,10.80
41270,239.20,250.00,69,0.00,10.80
41370,239.20,250.00,70,0.00,10.80
41470,239.22,250.00,67,0.00,10.78
41570,239.26,250.00,65,0.00,10.74
41670,239.25,250.00,71,0.00,10.75
41770,239.26,250.00,69,0.00,10.74
41870,239.29,250.00,67,0.00,10.71
41970,239.32,250.00,66,0.00,10.68
42070,239.35,250.00,67,0.00,10.65
42170,239.37,250.00,68,0.00,10.63
42270,239.38,250.00,69,0.00,10.62
42370,239.40,250.00,68,0.00,10.60
42470,239.39,250.00,72,0.00,10.61
42570,239.36,250.00,73,0.00,10.64
42670,239.37,250.00,70,0.00,10.63
42770,239.34,250.00,73,0.00,10.66
42870,239.33,250.00,72,0.00,10.67
42970,239.32,250.00,72,0.00,10.68
43070,239.32,250.00,72,0.00,10.68
43170,239.30,250.00,74,0.00,10.70
43270,239.30,250.00,73,0.00,10.70
43370,239.29,250.00,73,0.00,10.71
43470,239.26,250.00,75,0.00,10.74
43570,239.24,250.00,75,0.00,10.76
43670,239.24,250.00,73,0.00,10.76
43770,239.24,250.00,73,0.00,10.76
43870,239.24,250.00,73,0.00,10.76
43970,239.24,250.00,73,0.00,10.76
44070,239.22,250.00,76,0.00,10.78
44170,239.24,250.00,72,0.00,10.76
44270,239.24,250.00,74,0.00,10.76
44370,239.25,250.00,73,0.00,10.75
44470,239.24,250.00,74,0.00,10.76
44570,239.24,250.00,74,0.00,10.76
44670,239.27,250.00,71,0.00,10.73
44770,239.34,250.00,68,0.00,10.66
44870,239.35,250.00,73,0.00,10.65
44970,239.37,250.00,73,0.00,10.63
45070,239.37,250.00,74,0.00,10.63
45170,239.38,250.00,74,0.00,10.62
45270,239.42,250.00,71,0.00,10.58
45370,239.43,250.00,74,0.00,10.57
45470,239.45,250.00,73,0.00,10.55
45570,239.46,250.00,74,0.00,10.54
45670,239.50,250.00,71,0.00,10.50
45770,239.52,250.00,73,0.00,10.48
45870,239.55,250.00,72,0.00,10.45
45970,239.56,250.00,74,0.00,10.44
46070,239.60,250.00,71,0.00,10.40
46170,239.64,250.00,71,0.00,10.36
46270,239.65,250.00,74,0.00,10.35
46370,239.69,250.00,71,0.00,10.31
46470,239.74,250.00,71,0.00,10.26
46570,239.78,250.00,71,0.00,10.22
46670,239.79,250.00,75,0.00,10.21
46770,239.82,250.00,72,0.00,10.18
46870,239.90,250.00,68,0.00,10.10
46970,239.91,250.00,74,0.00,10.09
47070,239.95,250.00,72,0.00,10.05
47170,239.97,250.00,73,0.00,10.03
47270,240.02,250.00,71,0.00,9.98
47370,240.04,250.00,73,0.00,9.96
47470,240.06,250.00,73,0.00,9.94
47570,240.10,250.00,72,0.00,9.90
47670,240.13,250.00,73,0.00,9.87
47770,240.14,250.00,74,0.00,9.86
47870,240.14,250.00,76,0.00,9.86
47970,240.16,250.00,74,0.00,9.84
48070,240.18,250.00,74,0.00,9.82
48170,240.21,250.00,73,0.00,9.79
48270,240.23,250.00,74,0.00,9.77
48370,240.28,250.00,72,0.00,9.72
48470,240.30,250.00,74,0.00,9.70
48570,240.32,250.00,73,0.00,9.68
48670,240.34,250.00,75,0.00,9.66
48770,240.33,250.00,77,0.00,9.67
48870,240.32,250.00,77,0.00,9.68
48970,240.33,250.00,75,0.00,9.67
49070,240.36,250.00,74,0.00,9.64
49170,240.35,250.00,78,0.00,9.65
49270,240.34,250.00,78,0.00,9.66
49370,240.34,250.00,77,0.00,9.66
49470,240.32,250.00,79,0.00,9.68
49570,240.31,250.00,78,0.00,9.69
49670,240.32,250.00,77,0.00,9.68
49770,240.32,250.00,78,0.00,9.68
49870,240.34,250.00,77,0.00,9.66
49970,240.34,250.00,78,0.00,9.66
50070,240.34,250.00,78,0.00,9.66
50170,240.36,250.00,76,0.00,9.64
50270,240.37,250.00,77,0.00,9.63
50370,240.40,250.00,75,0.00,9.60
50470,240.46,250.00,73,0.00,9.54
50570,240.50,250.00,74,0.00,9.50
50670,240.54,250.00,75,0.00,9.46
50770,240.57,250.00,75,0.00,9.43
50870,240.59,250.00,76,0.00,9.41
50970,240.62,250.00,76,0.00,9.38
51070,240.65,250.00,76,0.00,9.35
51170,240.70,250.00,73,0.00,9.30
51270,240.76,250.00,72,0.00,9.24
51370,240.82,250.00,72,0.00,9.18
51470,240.87,250.00,73,0.00,9.13
51570,240.93,250.00,72,0.00,9.07
51670,240.96,250.00,75,0.00,9.04
51770,241.01,250.00,73,0.00,8.99
51870,241.04,250.00,75,0.00,8.96
51970,241.07,250.00,75,0.00,8.93
52070,241.11,250.00,74,0.00,8.89
52170,241.15,250.00,74,0.00,8.85
52270,241.22,250.00,71,0.00,8.78
52370,241.23,250.00,76,0.00,8.77
52470,241.28,250.00,73,0.00,8.72
52570,241.32,250.00,73,0.00,8.68
52670,241.35,250.00,75,0.00,8.65
52770,241.39,250.00,74,0.00,8.61
52870,241.44,250.00,72,0.00,8.56
52970,241.47,250.00,75,0.00,8.53
53070,241.50,250.00,74,0.00,8.50
53170,241.56,250.00,72,0.00,8.44
53270,241.58,250.00,75,0.00,8.42
53370,241.63,250.00,73,0.00,8.37
53470,241.71,250.00,69,0.00,8.29
53570,241.78,250.00,70,0.00,8.22
53670,241.84,250.00,71,0.00,8.16
53770,241.89,250.00,72,0.00,8.11
53870,241.91,250.00,76,0.00,8.09
53970,241.94,250.00,74,0.00,8.06
54070,241.97,250.00,74,0.00,8.03
54170,241.98,250.00,77,0.00,8.02
54270,242.00,250.00,75,0.00,8.00
54370,242.05,250.00,73,0.00,7.95
54470,242.07,250.00,75,0.00,7.93
54570,242.12,250.00,72,0.00,7.88
54670,242.18,250.00,70,0.00,7.82
54770,242.23,250.00,72,0.00,7.77
54870,242.30,250.00,70,0.00,7.70
54970,242.39,250.00,67,0.00,7.61
55070,242.41,250.00,74,0.00,7.59
55170,242.50,250.00,67,0.00,7.50
55270,242.57,250.00,69,0.00,7.43
55370,242.63,250.00,71,0.00,7.37
55470,242.70,250.00,69,0.00,7.30
55570,242.79,250.00,66,0.00,7.21
55670,242.82,250.00,72,0.00,7.18
55770,242.91,250.00,66,0.00,7.09
55870,243.02,250.00,64,0.00,6.98
55970,243.07,250.00,70,0.00,6.93
56070,243.11,250.00,70,0.00,6.89
56170,243.19,250.00,67,0.00,6.81
56270,243.29,250.00,64,0.00,6.71
56370,243.36,250.00,67,0.00,6.64
56470,243.42,250.00,68,0.00,6.58
56570,243.47,250.00,68,0.00,6.53
56670,243.53,250.00,68,0.00,6.47
56770,243.57,250.00,69,0.00,6.43
56870,243.63,250.00,67,0.00,6.37
56970,243.70,250.00,67,0.00,6.30
57070,243.78,250.00,65,0.00,6.22
57170,243.82,250.00,69,0.00,6.18
57270,243.87,250.00,68,0.00,6.13
57370,243.90,250.00,70,0.00,6.10
57470,243.98,250.00,64,0.00,6.02
57570,244.04,250.00,67,0.00,5.96
57670,244.04,250.00,72,0.00,5.96
57770,244.09,250.00,68,0.00,5.91
57870,244.12,250.00,69,0.00,5.88
57970,244.13,250.00,71,0.00,5.87
58070,244.15,250.00,71,0.00,5.85
58170,244.14,250.00,73,0.00,5.86
58270,244.16,250.00,71,0.00,5.84
58370,244.16,250.00,72,0.00,5.84
58470,244.15,250.00,74,0.00,5.85
58570,244.20,250.00,68,0.00,5.80
58670,244.23,250.00,70,0.00,5.77
58770,244.22,250.00,73,0.00,5.78
58870,244.24,250.00,71,0.00,5.76
58970,244.25,250.00,72,0.00,5.75
59070,244.23,250.00,75,0.00,5.77
59170,244.25,250.00,71,0.00,5.75
59270,244.24,250.00,74,0.00,5.76
59370,244.26,250.00,72,0.00,5.74
59470,244.27,250.00,72,0.00,5.73
59570,244.31,250.00,70,0.00,5.69
59670,244.31,250.00,72,0.00,5.69
59770,244.33,250.00,71,0.00,5.67
59870,244.38,250.00,68,0.00,5.62
59970,244.46,250.00,65,0.00,5.54
60070,244.50,250.00,69,0.00,5.50
60170,244.51,250.00,72,0.00,5.49
60270,244.51,250.00,73,0.00,5.49
60370,244.55,250.00,70,0.00,5.45
60470,244.55,250.00,72,0.00,5.45
60570,244.58,250.00,70,0.00,5.42
60670,244.61,250.00,70,0.00,5.39
60770,244.64,250.00,69,0.00,5.36
60870,244.66,250.00,71,0.00,5.34
60970,244.68,250.00,71,0.00,5.32
61070,244.72,250.00,69,0.00,5.28
61170,244.74,250.00,70,0.00,5.26
61270,244.80,250.00,67,0.00,5.20
61370,244.84,250.00,68,0.00,5.16
61470,244.88,250.00,69,0.00,5.12
61570,244.92,250.00,68,0.00,5.08
61670,244.94,250.00,70,0.00,5.06
61770,244.98,250.00,69,0.00,5.02
61870,245.06,250.00,63,0.00,4.94
61970,245.14,250.00,64,0.00,4.86
62070,245.18,250.00,68,0.00,4.82
62170,245.24,250.00,65,0.00,4.76
62270,245.28,250.00,68,0.00,4.72
62370,245.34,250.00,66,0.00,4.66
62470,245.38,250.00,67,0.00,4.62
62570,245.48,250.00,61,0.00,4.52
62670,245.54,250.00,65,0.00,4.46
62770,245.64,250.00,60,0.00,4.36
62870,245.68,250.00,66,0.00,4.32
62970,245.77,250.00,60,0.00,4.23
63070,245.87,250.00,60,0.00,4.13
63170,245.95,250.00,62,0.00,4.05
63270,246.02,250.00,62,0.00,3.98
63370,246.09,250.00,62,0.00,3.91
63470,246.15,250.00,62,0.00,3.85
63570,246.22,250.00,61,0.00,3.78
63670,246.28,250.00,63,0.00,3.72
63770,246.37,250.00,59,0.00,3.63
63870,246.46,250.00,58,0.00,3.54
63970,246.51,250.00,62,0.00,3.49
64070,246.56,250.00,63,0.00,3.44
64170,246.65,250.00,58,0.00,3.35
64270,246.71,250.00,60,0.00,3.29
64370,246.79,250.00,59,0.00,3.21
64470,246.84,250.00,61,0.00,3.16
64570,246.89,250.00,62,0.00,3.11
64670,246.94,250.00,61,0.00,3.06
64770,246.98,250.00,62,0.00,3.02
64870,247.06,250.00,58,0.00,2.94
64970,247.13,250.00,58,0.00,2.87
65070,247.17,250.00,61,0.00,2.83
65170,247.25,250.00,57,0.00,2.75
65270,247.31,250.00,60,0.00,2.69
65370,247.38,250.00,58,0.00,2.62
65470,247.42,250.00,61,0.00,2.58
65570,247.49,250.00,57,0.00,2.51
65670,247.54,250.00,59,0.00,2.46
65770,247.57,250.00,61,0.00,2.43
65870,247.64,250.00,57,0.00,2.36
65970,247.69,250.00,59,0.00,2.31
66070,247.72,250.00,60,0.00,2.28
66170,247.74,250.00,62,0.00,2.26
66270,247.78,250.00,60,0.00,2.22
66370,247.81,250.00,60,0.00,2.19
66470,247.83,250.00,61,0.00,2.17
66570,247.85,250.00,61,0.00,2.15
66670,247.88,250.00,60,0.00,2.12
66770,247.91,250.00,59,0.00,2.09
66870,247.94,250.00,60,0.00,2.06
66970,248.06,250.00,51,0.00,1.94
67070,248.10,250.00,58,0.00,1.90
67170,248.15,250.00,57,0.00,1.85
67270,248.18,250.00,59,0.00,1.82
67370,248.23,250.00,57,0.00,1.77
67470,248.26,250.00,59,0.00,1.74
67570,248.32,250.00,55,0.00,1.68
67670,248.37,250.00,56,0.00,1.63
67770,248.38,250.00,60,0.00,1.62
67870,248.40,250.00,59,0.00,1.60
67970,248.50,250.00,51,0.00,1.50
68070,248.61,250.00,50,0.00,1.39
68170,248.68,250.00,53,0.00,1.32
68270,248.73,250.00,55,0.00,1.27
68370,248.73,250.00,59,0.00,1.27
68470,248.78,250.00,56,0.00,1.22
68570,248.79,250.00,58,0.00,1.21
68670,248.80,250.00,60,0.00,1.20
68770,248.84,250.00,56,0.00,1.16
68870,248.86,250.00,57,0.00,1.14
68970,248.88,250.00,58,0.00,1.12
69070,248.90,250.00,58,0.00,1.10
69170,248.95,250.00,54,0.00,1.05
69270,248.97,250.00,57,0.00,1.03
69370,249.01,250.00,55,0.00,0.99
69470,249.04,250.00,56,0.00,0.96
69570,249.05,250.00,58,0.00,0.95
69670,249.11,250.00,53,0.00,0.89
69770,249.14,250.00,56,0.00,0.86
69870,249.17,250.00,56,0.00,0.83
69970,249.18,250.00,57,0.00,0.82
70070,249.22,250.00,55,0.00,0.78
70170,249.22,250.00,58,0.00,0.78
70270,249.22,250.00,59,0.00,0.78
70370,249.24,250.00,56,0.00,0.76
70470,249.28,250.00,54,0.00,0.72
70570,249.32,250.00,54,0.00,0.68
70670,249.31,250.00,58,0.00,0.69
70770,249.32,250.00,57,0.00,0.68
70870,249.33,250.00,57,0.00,0.67
70970,249.32,250.00,60,0.00,0.68
71070,249.30,250.00,60,0.00,0.70
71170,249.34,250.00,55,0.00,0.66
71270,249.34,250.00,57,0.00,0.66
71370,249.39,250.00,54,0.00,0.61
71470,249.42,250.00,54,0.00,0.58
71570,249.46,250.00,54,0.00,0.54
71670,249.47,250.00,57,0.00,0.53
71770,249.50,250.00,54,0.00,0.50
71870,249.48,250.00,60,0.00,0.52
71970,249.48,250.00,57,0.00,0.52
72070,249.52,250.00,53,0.00,0.48
72170,249.51,250.00,59,0.00,0.49
72270,249.52,250.00,56,0.00,0.48
72370,249.51,250.00,59,0.00,0.49
72470,249.51,250.00,57,0.00,0.49
72570,249.53,250.00,56,0.00,0.47
72670,249.54,250.00,56,0.00,0.46
72770,249.54,250.00,57,0.00,0.46
72870,249.53,250.00,59,0.00,0.47
72970,249.53,250.00,57,0.00,0.47
73070,249.50,250.00,60,0.00,0.50
73170,249.48,250.00,60,0.00,0.52
73270,249.51,250.00,55,0.00,0.49
73370,249.51,250.00,57,0.00,0.49
73470,249.54,250.00,55,0.00,0.46
73570,249.56,250.00,55,0.00,0.44
73670,249.57,250.00,56,0.00,0.43
73770,249.54,250.00,60,0.00,0.46
73870,249.58,250.00,54,0.00,0.42
73970,249.55,250.00,60,0.00,0.45
74070,249.55,250.00,58,0.00,0.45
74170,249.58,250.00,54,0.00,0.42
74270,249.56,250.00,59,0.00,0.44
74370,249.59,250.00,54,0.00,0.41
74470,249.59,250.00,58,0.00,0.41
74570,249.59,250.00,57,0.00,0.41
74670,249.58,250.00,59,0.00,0.42
74770,249.58,250.00,57,0.00,0.42
74870,249.58,250.00,58,0.00,0.42
74970,249.58,250.00,57,0.00,0.42
75070,249.59,250.00,57,0.00,0.41
75170,249.58,250.00,58,0.00,0.42
75270,249.58,250.00,58,0.00,0.42
75370,249.57,250.00,58,0.00,0.43
75470,249.58,250.00,57,0.00,0.42
75570,249.58,250.00,58,0.00,0.42
75670,249.57,250.00,58,0.00,0.43
75770,249.58,250.00,57,0.00,0.42
75870,249.57,250.00,58,0.00,0.43
75970,249.61,250.00,54,0.00,0.39
76070,249.59,250.00,59,0.00,0.41
76170,249.57,250.00,59,0.00,0.43
76270,249.56,250.00,58,0.00,0.44
76370,249.61,250.00,53,0.00,0.39
76470,249.61,250.00,57,0.00,0.39
76570,249.60,250.00,58,0.00,0.40
76670,249.61,250.00,57,0.00,0.39
76770,249.64,250.00,54,0.00,0.36
76870,249.63,250.00,58,0.00,0.37
76970,249.62,250.00,58,0.00,0.38
77070,249.61,250.00,58,0.00,0.39
77170,249.60,250.00,58,0.00,0.40
77270,249.58,250.00,59,0.00,0.42
77370,249.59,250.00,57,0.00,0.41
77470,249.60,250.00,56,0.00,0.40
77570,249.63,250.00,55,0.00,0.37
77670,249.68,250.00,52,0.00,0.32
77770,249.74,250.00,51,0.00,0.26
77870,249.79,250.00,52,0.00,0.21
77970,249.82,250.00,53,0.00,0.18
78070,249.83,250.00,56,0.00,0.17
78170,249.81,250.00,58,0.00,0.19
78270,249.82,250.00,56,0.00,0.18
78370,249.82,250.00,56,0.00,0.18
78470,249.85,250.00,53,0.00,0.15
78570,249.89,250.00,52,0.00,0.11
78670,249.89,250.00,56,0.00,0.11
78770,249.90,250.00,55,0.00,0.10
78870,249.89,250.00,58,0.00,0.11
78970,249.91,250.00,54,0.00,0.09
79070,249.92,250.00,55,0.00,0.08
79170,249.90,250.00,59,0.00,0.10
79270,249.91,250.00,55,0.00,0.09
79370,249.90,250.00,56,0.00,0.10
79470,249.90,250.00,56,0.00,0.10
79570,249.89,250.00,58,0.00,0.11
79670,249.91,250.00,54,0.00,0.09
79770,249.91,250.00,57,0.00,0.09
79870,249.93,250.00,54,0.00,0.07
79970,249.94,250.00,55,0.00,0.06
80070,249.96,250.00,54,0.00,0.04
80170,249.94,250.00,58,0.00,0.06
80270,249.90,250.00,60,0.00,0.10
80370,249.88,250.00,58,0.00,0.12
80470,249.87,250.00,58,0.00,0.13
80570,249.93,250.00,50,0.00,0.07
80670,249.99,250.00,50,0.00,0.01
80770,249.97,250.00,58,0.00,0.03
80870,249.96,250.00,57,0.00,0.04
80970,249.97,250.00,54,0.00,0.03
81070,249.98,250.00,56,0.00,0.02
81170,249.96,250.00,58,0.00,0.04
81270,249.91,250.00,61,0.00,0.09
81370,249.88,250.00,60,0.00,0.12
81470,249.84,250.00,60,0.00,0.16
81570,249.83,250.00,57,0.00,0.17
81670,249.80,250.00,60,0.00,0.20
81770,249.78,250.00,60,0.00,0.22
81870,249.79,250.00,56,0.00,0.21
81970,249.77,250.00,58,0.00,0.23
82070,249.77,250.00,57,0.00,0.23
82170,249.78,250.00,56,0.00,0.22
82270,249.78,250.00,57,0.00,0.22
82370,249.77,250.00,58,0.00,0.23
82470,249.78,250.00,56,0.00,0.22
82570,249.80,250.00,54,0.00,0.20
82670,249.80,250.00,57,0.00,0.20
82770,249.77,250.00,60,0.00,0.23
82870,249.75,250.00,59,0.00,0.25
82970,249.75,250.00,57,0.00,0.25
83070,249.75,250.00,57,0.00,0.25
83170,249.74,250.00,58,0.00,0.26
83270,249.74,250.00,57,0.00,0.26
83370,249.71,250.00,60,0.00,0.29
83470,249.67,250.00,61,0.00,0.33
83570,249.65,250.00,59,0.00,0.35
83670,249.63,250.00,60,0.00,0.37
83770,249.63,250.00,57,0.00,0.37
83870,249.61,250.00,60,0.00,0.39
83970,249.60,250.00,58,0.00,0.40
84070,249.62,250.00,56,0.00,0.38
84170,249.62,250.00,57,0.00,0.38
84270,249.59,250.00,61,0.00,0.41
84370,249.59,250.00,57,0.00,0.41
84470,249.58,250.00,60,0.00,0.42
84570,249.56,250.00,59,0.00,0.44
84670,249.59,250.00,54,0.00,0.41
84770,249.59,250.00,58,0.00,0.41
84870,249.59,250.00,57,0.00,0.41
84970,249.57,250.00,60,0.00,0.43
85070,249.56,250.00,59,0.00,0.44
85170,249.54,250.00,59,0.00,0.46
85270,249.53,250.00,59,0.00,0.47
85370,249.53,250.00,58,0.00,0.47
85470,249.52,250.00,59,0.00,0.48
85570,249.53,250.00,57,0.00,0.47
85670,249.52,250.00,59,0.00,0.48
85770,249.52,250.00,58,0.00,0.48
85870,249.52,250.00,58,0.00,0.48
85970,249.53,250.00,57,0.00,0.47
86070,249.54,250.00,57,0.00,0.46
86170,249.52,250.00,61,0.00,0.48
86270,249.50,250.00,60,0.00,0.50
86370,249.50,250.00,58,0.00,0.50
86470,249.51,250.00,57,0.00,0.49
86570,249.49,250.00,60,0.00,0.51
86670,249.48,250.00,59,0.00,0.52
86770,249.52,250.00,54,0.00,0.48
86870,249.51,250.00,59,0.00,0.49
86970,249.50,250.00,59,0.00,0.50
87070,249.48,250.00,60,0.00,0.52
87170,249.47,250.00,59,0.00,0.53
87270,249.44,250.00,61,0.00,0.56
87370,249.44,250.00,59,0.00,0.56
87470,249.45,250.00,58,0.00,0.55
87570,249.45,250.00,59,0.00,0.55
87670,249.45,250.00,58,0.00,0.55
87770,249.41,250.00,63,0.00,0.59
87870,249.43,250.00,57,0.00,0.57
87970,249.42,250.00,59,0.00,0.58
88070,249.42,250.00,59,0.00,0.58
88170,249.45,250.00,56,0.00,0.55
88270,249.43,250.00,60,0.00,0.57
88370,249.43,250.00,59,0.00,0.57
88470,249.45,250.00,56,0.00,0.55
88570,249.48,250.00,55,0.00,0.52
88670,249.53,250.00,53,0.00,0.47
88770,249.53,250.00,58,0.00,0.47
88870,249.58,250.00,53,0.00,0.42
88970,249.61,250.00,55,0.00,0.39
89070,249.61,250.00,58,0.00,0.39
89170,249.62,250.00,58,0.00,0.38
89270,249.66,250.00,54,0.00,0.34
89370,249.68,250.00,55,0.00,0.32
89470,249.66,250.00,59,0.00,0.34
89570,249.67,250.00,57,0.00,0.33
89670,249.66,250.00,59,0.00,0.34
89770,249.67,250.00,57,0.00,0.33
89870,249.68,250.00,57,0.00,0.32
89970,249.67,250.00,59,0.00,0.33
90070,249.71,250.00,53,0.00,0.29
90170,249.69,250.00,59,0.00,0.31
90270,249.70,250.00,57,0.00,0.30
90370,249.71,250.00,57,0.00,0.29
90470,249.71,250.00,57,0.00,0.29
90570,249.68,250.00,61,0.00,0.32
90670,249.68,250.00,58,0.00,0.32
90770,249.69,250.00,57,0.00,0.31
90870,249.70,250.00,57,0.00,0.30
90970,249.69,250.00,58,0.00,0.31
91070,249.71,250.00,56,0.00,0.29
91170,249.73,250.00,56,0.00,0.27
91270,249.71,250.00,60,0.00,0.29
91370,249.70,250.00,58,0.00,0.30
91470,249.72,250.00,56,0.00,0.28
91570,249.72,250.00,57,0.00,0.28
91670,249.72,250.00,58,0.00,0.28
91770,249.69,250.00,61,0.00,0.31
91870,249.68,250.00,58,0.00,0.32
91970,249.67,250.00,59,0.00,0.33
92070,249.68,250.00,57,0.00,0.32
92170,249.66,250.00,59,0.00,0.34
92270,249.68,250.00,56,0.00,0.32
92370,249.69,250.00,57,0.00,0.31
92470,249.71,250.00,56,0.00,0.29
92570,249.69,250.00,60,0.00,0.31
92670,249.69,250.00,58,0.00,0.31
92770,249.70,250.00,57,0.00,0.30
92870,249.66,250.00,62,0.00,0.34
92970,249.63,250.00,60,0.00,0.37
93070,249.66,250.00,55,0.00,0.34
93170,249.70,250.00,53,0.00,0.30
93270,249.69,250.00,60,0.00,0.31
93370,249.67,250.00,59,0.00,0.33
93470,249.68,250.00,57,0.00,0.32
93570,249.70,250.00,56,0.00,0.30
93670,249.68,250.00,60,0.00,0.32
93770,249.68,250.00,58,0.00,0.32
93870,249.65,250.00,61,0.00,0.35
93970,249.62,250.00,62,0.00,0.38
94070,249.61,250.00,59,0.00,0.39
94170,249.61,250.00,58,0.00,0.39
94270,249.59,250.00,60,0.00,0.41
94370,249.59,250.00,59,0.00,0.41
94470,249.59,250.00,58,0.00,0.41
94570,249.56,250.00,61,0.00,0.44
94670,249.56,250.00,59,0.00,0.44
94770,249.54,250.00,60,0.00,0.46
94870,249.54,250.00,59,0.00,0.46
94970,249.51,250.00,62,0.00,0.49
95070,249.51,250.00,58,0.00,0.49
95170,249.55,250.00,55,0.00,0.45
95270,249.59,250.00,54,0.00,0.41
95370,249.57,250.00,60,0.00,0.43
95470,249.56,250.00,60,0.00,0.44
95570,249.53,250.00,61,0.00,0.47
95670,249.55,250.00,56,0.00,0.45
95770,249.55,250.00,59,0.00,0.45
95870,249.55,250.00,59,0.00,0.45
95970,249.52,250.00,61,0.00,0.48
96070,249.50,250.00,61,0.00,0.50
96170,249.48,250.00,61,0.00,0.52
96270,249.46,250.00,61,0.00,0.54
96370,249.50,250.00,55,0.00,0.50
96470,249.48,250.00,61,0.00,0.52
96570,249.49,250.00,58,0.00,0.51
96670,249.49,250.00,58,0.00,0.51
96770,249.49,250.00,58,0.00,0.51
96870,249.51,250.00,57,0.00,0.49
96970,249.50,250.00,60,0.00,0.50
97070,249.51,250.00,57,0.00,0.49
97170,249.48,250.00,62,0.00,0.52
97270,249.47,250.00,60,0.00,0.53
97370,249.44,250.00,62,0.00,0.56
97470,249.45,250.00,58,0.00,0.55
97570,249.44,250.00,61,0.00,0.56
97670,249.46,250.00,57,0.00,0.54
97770,249.48,250.00,57,0.00,0.52
97870,249.48,250.00,58,0.00,0.52
97970,249.49,250.00,58,0.00,0.51
98070,249.47,250.00,61,0.00,0.53
98170,249.45,250.00,61,0.00,0.55
98270,249.43,250.00,61,0.00,0.57
98370,249.41,250.00,62,0.00,0.59
98470,249.42,250.00,58,0.00,0.58
98570,249.41,250.00,61,0.00,0.59
98670,249.42,250.00,58,0.00,0.58
98770,249.44,250.00,57,0.00,0.56
98870,249.44,250.00,60,0.00,0.56
98970,249.45,250.00,58,0.00,0.55
99070,249.48,250.00,56,0.00,0.52
99170,249.50,250.00,57,0.00,0.50
99270,249.50,250.00,59,0.00,0.50
99370,249.48,250.00,61,0.00,0.52
99470,249.47,250.00,60,0.00,0.53
99570,249.45,250.00,61,0.00,0.55
99670,249.45,250.00,60,0.00,0.55
99770,249.43,250.00,61,0.00,0.57
99870,249.46,250.00,57,0.00,0.54
99970,249.50,250.00,55,0.00,0.50
100070,249.53,250.00,56,0.00,0.47
100170,249.53,250.00,59,0.00,0.47
100270,249.55,250.00,56,0.00,0.45
100370,249.57,250.00,57,0.00,0.43
100470,249.58,250.00,58,0.00,0.42
100570,249.59,250.00,58,0.00,0.41
100670,249.59,250.00,58,0.00,0.41
100770,249.62,250.00,56,0.00,0.38
100870,249.65,250.00,56,0.00,0.35
100970,249.65,250.00,59,0.00,0.35
101070,249.67,250.00,56,0.00,0.33
101170,249.68,250.00,57,0.00,0.32
101270,249.65,250.00,61,0.00,0.35
101370,249.67,250.00,57,0.00,0.33
101470,249.68,250.00,57,0.00,0.32
101570,249.73,250.00,53,0.00,0.27
101670,249.72,250.00,59,0.00,0.28
101770,249.76,250.00,54,0.00,0.24
101870,249.78,250.00,57,0.00,0.22
101970,249.76,250.00,59,0.00,0.24
102070,249.75,250.00,59,0.00,0.25
102170,249.75,250.00,58,0.00,0.25
102270,249.73,250.00,61,0.00,0.27
102370,249.71,250.00,60,0.00,0.29
102470,249.70,250.00,59,0.00,0.30
102570,249.70,250.00,59,0.00,0.30
102670,249.71,250.00,58,0.00,0.29
102770,249.70,250.00,59,0.00,0.30
102870,249.72,250.00,56,0.00,0.28
102970,249.73,250.00,57,0.00,0.27
103070,249.73,250.00,59,0.00,0.27
103170,249.69,250.00,62,0.00,0.31
103270,249.70,250.00,58,0.00,0.30
103370,249.67,250.00,61,0.00,0.33
103470,249.67,250.00,59,0.00,0.33
103570,249.67,250.00,59,0.00,0.33
103670,249.65,250.00,60,0.00,0.35
103770,249.69,250.00,55,0.00,0.31
103870,249.67,250.00,60,0.00,0.33
103970,249.68,250.00,58,0.00,0.32
104070,249.70,250.00,56,0.00,0.30
104170,249.71,250.00,58,0.00,0.29
104270,249.71,250.00,58,0.00,0.29
104370,249.70,250.00,60,0.00,0.30
104470,249.68,250.00,60,0.00,0.32
104570,249.68,250.00,59,0.00,0.32
104670,249.70,250.00,56,0.00,0.30
104770,249.74,250.00,54,0.00,0.26
104870,249.75,250.00,57,0.00,0.25
104970,249.77,250.00,57,0.00,0.23
105070,249.77,250.00,58,0.00,0.23
105170,249.78,250.00,57,0.00,0.22
105270,249.75,250.00,61,0.00,0.25
105370,249.76,250.00,58,0.00,0.24
105470,249.77,250.00,57,0.00,0.23
105570,249.79,250.00,56,0.00,0.21
105670,249.83,250.00,55,0.00,0.17
105770,249.80,250.00,61,0.00,0.20
105870,249.78,250.00,60,0.00,0.22
105970,249.76,250.00,61,0.00,0.24
106070,249.74,250.00,59,0.00,0.26
106170,249.77,250.00,56,0.00,0.23
106270,249.76,250.00,60,0.00,0.24
106370,249.75,250.00,59,0.00,0.25
106470,249.74,250.00,59,0.00,0.26
106570,249.73,250.00,59,0.00,0.27
106670,249.73,250.00,58,0.00,0.27
106770,249.72,250.00,59,0.00,0.28
106870,249.73,250.00,58,0.00,0.27
106970,249.72,250.00,59,0.00,0.28
107070,249.71,250.00,59,0.00,0.29
107170,249.74,250.00,56,0.00,0.26
107270,249.74,250.00,58,0.00,0.26
107370,249.73,250.00,59,0.00,0.27
107470,249.75,250.00,57,0.00,0.25
107570,249.73,250.00,61,0.00,0.27
107670,249.72,250.00,59,0.00,0.28
107770,249.71,250.00,59,0.00,0.29
107870,249.69,250.00,60,0.00,0.31
107970,249.69,250.00,59,0.00,0.31
108070,249.69,250.00,59,0.00,0.31
108170,249.67,250.00,60,0.00,0.33
108270,249.67,250.00,59,0.00,0.33
108370,249.69,250.00,57,0.00,0.31
108470,249.70,250.00,58,0.00,0.30
108570,249.68,250.00,60,0.00,0.32
108670,249.66,250.00,60,0.00,0.34
108770,249.67,250.00,58,0.00,0.33
108870,249.68,250.00,58,0.00,0.32
108970,249.69,250.00,58,0.00,0.31
109070,249.69,250.00,59,0.00,0.31
109170,249.68,250.00,59,0.00,0.32
109270,249.67,250.00,60,0.00,0.33
109370,249.67,250.00,59,0.00,0.33
109470,249.69,250.00,57,0.00,0.31
109570,249.70,250.00,58,0.00,0.30
109670,249.73,250.00,56,0.00,0.27
109770,249.75,250.00,56,0.00,0.25
109870,249.76,250.00,58,0.00,0.24
109970,249.78,250.00,56,0.00,0.22
110070,249.81,250.00,55,0.00,0.19
110170,249.81,250.00,59,0.00,0.19
110270,249.81,250.00,59,0.00,0.19
110370,249.86,250.00,52,0.00,0.14
110470,249.91,250.00,53,0.00,0.09
110570,249.92,250.00,57,0.00,0.08
110670,249.93,250.00,57,0.00,0.07
110770,249.94,250.00,57,0.00,0.06
110870,249.91,250.00,61,0.00,0.09
110970,249.89,250.00,59,0.00,0.11
111070,249.90,250.00,57,0.00,0.10
111170,249.89,250.00,59,0.00,0.11
111270,249.91,250.00,56,0.00,0.09
111370,249.94,250.00,56,0.00,0.06
111470,249.95,250.00,56,0.00,0.05
111570,249.92,250.00,61,0.00,0.08
111670,249.92,250.00,58,0.00,0.08
111770,249.95,250.00,54,0.00,0.05
111870,249.96,250.00,57,0.00,0.04
111970,249.97,250.00,56,0.00,0.03
112070,249.98,250.00,57,0.00,0.02
112170,249.98,250.00,57,0.00,0.02
112270,250.03,250.00,52,0.00,-0.03
112370,250.04,250.00,56,0.00,-0.04
112470,250.05,250.00,57,0.00,-0.05
112570,250.04,250.00,58,0.00,-0.04
112670,250.03,250.00,59,0.00,-0.03
112770,250.00,250.00,60,0.00,-0.00
112870,249.97,250.00,61,0.00,0.03
112970,249.96,250.00,59,0.00,0.04
113070,249.95,250.00,58,0.00,0.05
113170,249.94,250.00,58,0.00,0.06
113270,249.94,250.00,58,0.00,0.06
113370,249.94,250.00,57,0.00,0.06
113470,249.94,250.00,58,0.00,0.06
113570,249.93,250.00,58,0.00,0.07
113670,249.89,250.00,62,0.00,0.11
113770,249.90,250.00,57,0.00,0.10
113870,249.89,250.00,59,0.00,0.11
113970,249.85,250.00,62,0.00,0.15
114070,249.83,250.00,60,0.00,0.17
114170,249.80,250.00,61,0.00,0.20
114270,249.79,250.00,60,0.00,0.21
114370,249.77,250.00,60,0.00,0.23
114470,249.76,250.00,60,0.00,0.24
114570,249.76,250.00,58,0.00,0.24
114670,249.75,250.00,60,0.00,0.25
114770,249.72,250.00,62,0.00,0.28
114870,249.69,250.00,62,0.00,0.31
114970,249.69,250.00,58,0.00,0.31
115070,249.69,250.00,59,0.00,0.31
115170,249.66,250.00,62,0.00,0.34
115270,249.68,250.00,57,0.00,0.32
115370,249.67,250.00,60,0.00,0.33
115470,249.67,250.00,59,0.00,0.33
115570,249.63,250.00,63,0.00,0.37
115670,249.63,250.00,59,0.00,0.37
115770,249.63,250.00,59,0.00,0.37
115870,249.65,250.00,58,0.00,0.35
115970,249.65,250.00,59,0.00,0.35
116070,249.66,250.00,58,0.00,0.34
116170,249.64,250.00,60,0.00,0.36
116270,249.66,250.00,58,0.00,0.34
116370,249.66,250.00,59,0.00,0.34
116470,249.62,250.00,63,0.00,0.38
116570,249.59,250.00,63,0.00,0.41
116670,249.59,250.00,59,0.00,0.41
116770,249.57,250.00,61,0.00,0.43
116870,249.53,250.00,64,0.00,0.47
116970,249.51,250.00,62,0.00,0.49
117070,249.47,250.00,64,0.00,0.53
117170,249.44,250.00,63,0.00,0.56
117270,249.41,250.00,63,0.00,0.59
117370,249.40,250.00,61,0.00,0.60
117470,249.36,250.00,64,0.00,0.64
117570,249.34,250.00,62,0.00,0.66
117670,249.34,250.00,61,0.00,0.66
117770,249.31,250.00,63,0.00,0.69
117870,249.31,250.00,61,0.00,0.69
117970,249.28,250.00,63,0.00,0.72
118070,249.24,250.00,65,0.00,0.76
118170,249.22,250.00,63,0.00,0.78
118270,249.26,250.00,56,0.00,0.74
118370,249.25,250.00,62,0.00,0.75
118470,249.25,250.00,62,0.00,0.75
118570,249.20,250.00,65,0.00,0.80
118670,249.20,250.00,61,0.00,0.80
118770,249.17,250.00,64,0.00,0.83
118870,249.19,250.00,60,0.00,0.81
118970,249.15,250.00,65,0.00,0.85
119070,249.13,250.00,64,0.00,0.87
119170,249.10,250.00,65,0.00,0.90
119270,249.12,250.00,60,0.00,0.88
119370,249.09,250.00,65,0.00,0.91
119470,249.12,250.00,58,0.00,0.88
119570,249.10,250.00,63,0.00,0.90
119670,249.09,250.00,63,0.00,0.91
119770,249.07,250.00,63,0.00,0.93
119870,249.05,250.00,64,0.00,0.95
119970,249.05,250.00,62,0.00,0.95
120070,249.02,250.00,64,0.00,0.98
120170,248.98,250.00,67,0.00,1.02
120270,248.98,250.00,63,0.00,1.02
120370,248.98,250.00,61,0.00,1.02
120470,248.94,250.00,66,0.00,1.06
120570,248.93,250.00,64,0.00,1.07
120670,248.93,250.00,62,0.00,1.07
120770,248.92,250.00,64,0.00,1.08
120870,248.95,250.00,60,0.00,1.05
120970,248.93,250.00,64,0.00,1.07
121070,248.92,250.00,64,0.00,1.08
121170,248.90,250.00,65,0.00,1.10
121270,248.93,250.00,60,0.00,1.07
121370,248.97,250.00,59,0.00,1.03
121470,248.95,250.00,64,0.00,1.05
121570,248.96,250.00,61,0.00,1.04
121670,248.92,250.00,66,0.00,1.08
121770,248.93,250.00,62,0.00,1.07
121870,248.93,250.00,63,0.00,1.07
121970,248.94,250.00,61,0.00,1.06
122070,248.95,250.00,61,0.00,1.05
122170,248.95,250.00,63,0.00,1.05
122270,248.95,250.00,63,0.00,1.05
122370,248.92,250.00,65,0.00,1.08
122470,248.90,250.00,65,0.00,1.10
122570,248.89,250.00,64,0.00,1.11
122670,248.86,250.00,66,0.00,1.14
122770,248.84,250.00,66,0.00,1.16
122870,248.82,250.00,65,0.00,1.18
122970,248.79,250.00,67,0.00,1.21
123070,248.76,250.00,67,0.00,1.24
123170,248.73,250.00,67,0.00,1.27
123270,248.71,250.00,65,0.00,1.29
123370,248.68,250.00,67,0.00,1.32
123470,248.70,250.00,61,0.00,1.30
123570,248.69,250.00,65,0.00,1.31
123670,248.68,250.00,65,0.00,1.32
123770,248.67,250.00,65,0.00,1.33
123870,248.64,250.00,67,0.00,1.36
123970,248.62,250.00,66,0.00,1.38
124070,248.63,250.00,63,0.00,1.37
124170,248.64,250.00,63,0.00,1.36
124270,248.62,250.00,66,0.00,1.38
124370,248.62,250.00,65,0.00,1.38
124470,248.63,250.00,63,0.00,1.37
124570,248.64,250.00,64,0.00,1.36
124670,248.61,250.00,67,0.00,1.39
124770,248.63,250.00,62,0.00,1.37
124870,248.60,250.00,67,0.00,1.40
124970,248.63,250.00,61,0.00,1.37
125070,248.64,250.00,64,0.00,1.36
125170,248.62,250.00,66,0.00,1.38
125270,248.60,250.00,67,0.00,1.40
125370,248.56,250.00,68,0.00,1.44
125470,248.54,250.00,67,0.00,1.46
125570,248.57,250.00,62,0.00,1.43
125670,248.57,250.00,65,0.00,1.43
125770,248.56,250.00,66,0.00,1.44
125870,248.55,250.00,66,0.00,1.45
125970,248.59,250.00,61,0.00,1.41
126070,248.57,250.00,67,0.00,1.43
126170,248.58,250.00,63,0.00,1.42
126270,248.59,250.00,64,0.00,1.41
126370,248.62,250.00,62,0.00,1.38
126470,248.61,250.00,65,0.00,1.39
126570,248.59,250.00,68,0.00,1.41
126670,248.58,250.00,66,0.00,1.42
126770,248.57,250.00,66,0.00,1.43
126870,248.59,250.00,62,0.00,1.41
126970,248.63,250.00,61,0.00,1.37
127070,248.61,250.00,66,0.00,1.39
127170,248.64,250.00,62,0.00,1.36
127270,248.61,250.00,68,0.00,1.39
127370,248.59,250.00,68,0.00,1.41
127470,248.56,250.00,68,0.00,1.44
127570,248.60,250.00,61,0.00,1.40
127670,248.59,250.00,66,0.00,1.41
127770,248.58,250.00,66,0.00,1.42
127870,248.63,250.00,60,0.00,1.37
127970,248.60,250.00,68,0.00,1.40
128070,248.60,250.00,65,0.00,1.40
128170,248.61,250.00,64,0.00,1.39
128270,248.61,250.00,65,0.00,1.39
128370,248.63,250.00,63,0.00,1.37
128470,248.64,250.00,64,0.00,1.36
128570,248.62,250.00,67,0.00,1.38
128670,248.63,250.00,64,0.00,1.37
128770,248.65,250.00,63,0.00,1.35
128870,248.65,250.00,65,0.00,1.35
128970,248.68,250.00,62,0.00,1.32
129070,248.67,250.00,66,0.00,1.33
129170,248.64,250.00,68,0.00,1.36
129270,248.67,250.00,62,0.00,1.33
129370,248.66,250.00,66,0.00,1.34
129470,248.67,250.00,65,0.00,1.33
129570,248.65,250.00,67,0.00,1.35
129670,248.63,250.00,67,0.00,1.37
129770,248.64,250.00,65,0.00,1.36
129870,248.63,250.00,66,0.00,1.37
129970,248.71,250.00,57,0.00,1.29
130070,248.74,250.00,62,0.00,1.26
130170,248.78,250.00,62,0.00,1.22
130270,248.83,250.00,60,0.00,1.17
130370,248.86,250.00,61,0.00,1.14
130470,248.88,250.00,63,0.00,1.12
130570,248.90,250.00,63,0.00,1.10
130670,248.93,250.00,62,0.00,1.07
130770,248.97,250.00,59,0.00,1.03
130870,248.98,250.00,63,0.00,1.02
130970,248.97,250.00,66,0.00,1.03
131070,248.98,250.00,63,0.00,1.02
131170,248.97,250.00,65,0.00,1.03
131270,248.99,250.00,62,0.00,1.01
131370,249.03,250.00,60,0.00,0.97
131470,249.04,250.00,64,0.00,0.96
131570,249.04,250.00,64,0.00,0.96
131670,249.03,250.00,65,0.00,0.97
131770,249.07,250.00,60,0.00,0.93
131870,249.05,250.00,65,0.00,0.95
131970,249.07,250.00,63,0.00,0.93
132070,249.10,250.00,60,0.00,0.90
132170,249.12,250.00,62,0.00,0.88
132270,249.14,250.00,62,0.00,0.86
132370,249.16,250.00,61,0.00,0.84
132470,249.15,250.00,65,0.00,0.85
132570,249.18,250.00,61,0.00,0.82
132670,249.21,250.00,60,0.00,0.79
132770,249.23,250.00,61,0.00,0.77
132870,249.25,250.00,62,0.00,0.75
132970,249.24,250.00,64,0.00,0.76
133070,249.22,250.00,65,0.00,0.78
133170,249.27,250.00,59,0.00,0.73
133270,249.28,250.00,62,0.00,0.72
133370,249.28,250.00,63,0.00,0.72
133470,249.28,250.00,63,0.00,0.72
133570,249.30,250.00,62,0.00,0.70
133670,249.30,250.00,63,0.00,0.70
133770,249.32,250.00,61,0.00,0.68
133870,249.33,250.00,62,0.00,0.67
133970,249.34,250.00,62,0.00,0.66
134070,249.36,250.00,61,0.00,0.64
134170,249.40,250.00,59,0.00,0.60
134270,249.41,250.00,62,0.00,0.59
134370,249.45,250.00,59,0.00,0.55
134470,249.47,250.00,61,0.00,0.53
134570,249.48,250.00,61,0.00,0.52
134670,249.51,250.00,60,0.00,0.49
134770,249.55,250.00,59,0.00,0.45
134870,249.57,250.00,60,0.00,0.43
134970,249.57,250.00,63,0.00,0.43
135070,249.57,250.00,61,0.00,0.43
135170,249.57,250.00,63,0.00,0.43
135270,249.58,250.00,62,0.00,0.42
135370,249.59,250.00,62,0.00,0.41
135470,249.60,250.00,60,0.00,0.40
135570,249.64,250.00,58,0.00,0.36
135670,249.66,250.00,61,0.00,0.34
135770,249.65,250.00,62,0.00,0.35
135870,249.67,250.00,61,0.00,0.33
135970,249.68,250.00,61,0.00,0.32
136070,249.70,250.00,60,0.00,0.30
136170,249.73,250.00,59,0.00,0.27
136270,249.76,250.00,59,0.00,0.24
136370,249.80,250.00,57,0.00,0.20
136470,249.82,250.00,59,0.00,0.18
136570,249.83,250.00,61,0.00,0.17
136670,249.86,250.00,58,0.00,0.14
136770,249.91,250.00,56,0.00,0.09
136870,249.96,250.00,56,0.00,0.04
136970,249.96,250.00,60,0.00,0.04
137070,249.99,250.00,58,0.00,0.01
137170,250.00,250.00,59,0.00,-0.00
137270,250.03,250.00,58,0.00,-0.03
137370,250.06,250.00,57,0.00,-0.06
137470,250.05,250.00,61,0.00,-0.05
137570,250.06,250.00,60,0.00,-0.06
137670,250.08,250.00,59,0.00,-0.08
137770,250.10,250.00,59,0.00,-0.10
137870,250.10,250.00,60,0.00,-0.10
137970,250.09,250.00,61,0.00,-0.09
138070,250.09,250.00,60,0.00,-0.09
138170,250.11,250.00,59,0.00,-0.11
138270,250.12,250.00,59,0.00,-0.12
138370,250.15,250.00,58,0.00,-0.15
138470,250.19,250.00,55,0.00,-0.19
138570,250.22,250.00,57,0.00,-0.22
138670,250.26,250.00,56,0.00,-0.26
138770,250.28,250.00,57,0.00,-0.28
138870,250.27,250.00,61,0.00,-0.27
138970,250.29,250.00,57,0.00,-0.29
139070,250.33,250.00,55,0.00,-0.33
139170,250.35,250.00,58,0.00,-0.35
139270,250.40,250.00,54,0.00,-0.40
139370,250.42,250.00,57,0.00,-0.42
139470,250.41,250.00,59,0.00,-0.41
139570,250.41,250.00,59,0.00,-0.41
139670,250.44,250.00,56,0.00,-0.44
139770,250.47,250.00,56,0.00,-0.47
139870,250.47,250.00,59,0.00,-0.47
139970,250.48,250.00,57,0.00,-0.48
140070,250.48,250.00,59,0.00,-0.48
140170,250.48,250.00,59,0.00,-0.48
140270,250.49,250.00,57,0.00,-0.49
140370,250.49,250.00,59,0.00,-0.49
140470,250.50,250.00,57,0.00,-0.50
140570,250.53,250.00,56,0.00,-0.53
140670,250.55,250.00,56,0.00,-0.55
140770,250.59,250.00,54,0.00,-0.59
140870,250.61,250.00,55,0.00,-0.61
140970,250.61,250.00,58,0.00,-0.61
141070,250.64,250.00,56,0.00,-0.64
141170,250.66,250.00,56,0.00,-0.66
141270,250.64,250.00,60,0.00,-0.64
141370,250.64,250.00,58,0.00,-0.64
141470,250.62,250.00,59,0.00,-0.62
141570,250.62,250.00,58,0.00,-0.62
141670,250.65,250.00,54,0.00,-0.65
141770,250.71,250.00,52,0.00,-0.71
141870,250.76,250.00,52,0.00,-0.76
141970,250.77,250.00,56,0.00,-0.77
142070,250.80,250.00,54,0.00,-0.80
142170,250.82,250.00,55,0.00,-0.82
142270,250.84,250.00,54,0.00,-0.84
142370,250.89,250.00,52,0.00,-0.89
142470,250.88,250.00,59,0.00,-0.88
142570,250.92,250.00,52,0.00,-0.92
142670,250.95,250.00,54,0.00,-0.95
142770,250.95,250.00,56,0.00,-0.95
142870,250.98,250.00,54,0.00,-0.98
142970,250.99,250.00,55,0.00,-0.99
143070,250.97,250.00,58,0.00,-0.97
143170,250.99,250.00,55,0.00,-0.99
143270,250.97,250.00,58,0.00,-0.97
143370,250.95,250.00,59,0.00,-0.95
143470,250.94,250.00,57,0.00,-0.94
143570,250.95,250.00,55,0.00,-0.95
143670,250.96,250.00,55,0.00,-0.96
143770,250.94,250.00,59,0.00,-0.94
143870,250.92,250.00,59,0.00,-0.92
143970,250.90,250.00,58,0.00,-0.90
144070,250.92,250.00,55,0.00,-0.92
144170,250.91,250.00,57,0.00,-0.91
144270,250.89,250.00,58,0.00,-0.89
144370,250.90,250.00,56,0.00,-0.90
144470,250.89,250.00,57,0.00,-0.89
144570,250.89,250.00,57,0.00,-0.89
144670,250.90,250.00,56,0.00,-0.90
144770,250.93,250.00,53,0.00,-0.93
144870,250.96,250.00,53,0.00,-0.96
144970,250.95,250.00,57,0.00,-0.95
145070,250.95,250.00,56,0.00,-0.95
145170,250.97,250.00,53,0.00,-0.97
145270,251.00,250.00,54,0.00,-1.00
145370,250.97,250.00,59,0.00,-0.97
145470,250.97,250.00,56,0.00,-0.97
145570,250.96,250.00,57,0.00,-0.96
145670,251.02,250.00,50,0.00,-1.02
145770,251.00,250.00,58,0.00,-1.00
145870,250.97,250.00,59,0.00,-0.97
145970,251.00,250.00,53,0.00,-1.00
146070,251.02,250.00,54,0.00,-1.02
146170,250.99,250.00,59,0.00,-0.99
146270,250.97,250.00,57,0.00,-0.97
146370,250.96,250.00,57,0.00,-0.96
146470,250.96,250.00,56,0.00,-0.96
146570,250.95,250.00,57,0.00,-0.95
146670,250.94,250.00,57,0.00,-0.94
146770,250.92,250.00,58,0.00,-0.92
146870,250.90,250.00,58,0.00,-0.90
146970,250.89,250.00,57,0.00,-0.89
147070,250.90,250.00,55,0.00,-0.90
147170,250.91,250.00,55,0.00,-0.91
147270,250.91,250.00,55,0.00,-0.91
147370,250.93,250.00,54,0.00,-0.93
147470,250.91,250.00,58,0.00,-0.91
147570,250.88,250.00,59,0.00,-0.88
147670,250.88,250.00,56,0.00,-0.88
147770,250.93,250.00,50,0.00,-0.93
147870,250.95,250.00,54,0.00,-0.95
147970,250.97,250.00,53,0.00,-0.97
148070,250.94,250.00,59,0.00,-0.94
148170,250.90,250.00,59,0.00,-0.90
148270,250.91,250.00,55,0.00,-0.91
148370,250.92,250.00,55,0.00,-0.92
148470,250.90,250.00,58,0.00,-0.90
148570,250.88,250.00,58,0.00,-0.88
148670,250.85,250.00,59,0.00,-0.85
148770,250.85,250.00,56,0.00,-0.85
148870,250.86,250.00,55,0.00,-0.86
148970,250.89,250.00,54,0.00,-0.89
149070,250.92,250.00,53,0.00,-0.92
149170,250.93,250.00,54,0.00,-0.93
149270,250.94,250.00,55,0.00,-0.94
149370,250.90,250.00,59,0.00,-0.90
149470,250.91,250.00,55,0.00,-0.91
149570,250.92,250.00,55,0.00,-0.92
149670,250.91,250.00,56,0.00,-0.91
149770,250.95,250.00,51,0.00,-0.95
149870,250.96,250.00,54,0.00,-0.96
149970,251.03,250.00,49,0.00,-1.03
150070,251.03,250.00,55,0.00,-1.03
150170,251.04,250.00,55,0.00,-1.04
150270,251.07,250.00,52,0.00,-1.07
150370,251.09,250.00,52,0.00,-1.09
150470,251.08,250.00,56,0.00,-1.08
150570,251.06,250.00,57,0.00,-1.06
150670,251.06,250.00,55,0.00,-1.06
150770,251.06,250.00,55,0.00,-1.06
150870,251.07,250.00,55,0.00,-1.07
150970,251.12,250.00,50,0.00,-1.12
151070,251.14,250.00,52,0.00,-1.14
151170,251.14,250.00,54,0.00,-1.14
151270,251.16,250.00,53,0.00,-1.16
151370,251.18,250.00,53,0.00,-1.18
151470,251.17,250.00,55,0.00,-1.17
151570,251.20,250.00,51,0.00,-1.20
151670,251.18,250.00,57,0.00,-1.18
151770,251.19,250.00,53,0.00,-1.19
151870,251.19,250.00,54,0.00,-1.19
151970,251.18,250.00,55,0.00,-1.18
152070,251.21,250.00,51,0.00,-1.21
152170,251.20,250.00,55,0.00,-1.20
152270,251.22,250.00,51,0.00,-1.22
152370,251.25,250.00,52,0.00,-1.25
152470,251.27,250.00,52,0.00,-1.27
152570,251.24,250.00,57,0.00,-1.24
152670,251.22,250.00,55,0.00,-1.22
152770,251.20,250.00,57,0.00,-1.20
152870,251.16,250.00,58,0.00,-1.16
152970,251.17,250.00,54,0.00,-1.17
153070,251.21,250.00,50,0.00,-1.21
153170,251.19,250.00,55,0.00,-1.19
153270,251.20,250.00,54,0.00,-1.20
153370,251.21,250.00,53,0.00,-1.21
153470,251.21,250.00,54,0.00,-1.21
153570,251.18,250.00,56,0.00,-1.18
153670,251.20,250.00,52,0.00,-1.20
153770,251.18,250.00,56,0.00,-1.18
153870,251.18,250.00,54,0.00,-1.18
153970,251.17,250.00,55,0.00,-1.17
154070,251.22,250.00,48,0.00,-1.22
154170,251.23,250.00,53,0.00,-1.23
154270,251.26,250.00,51,0.00,-1.26
154370,251.28,250.00,51,0.00,-1.28
154470,251.28,250.00,53,0.00,-1.28
154570,251.27,250.00,54,0.00,-1.27
154670,251.25,250.00,55,0.00,-1.25
154770,251.21,250.00,58,0.00,-1.21
154870,251.18,250.00,57,0.00,-1.18
154970,251.13,250.00,58,0.00,-1.13
155070,251.10,250.00,57,0.00,-1.10
155170,251.08,250.00,57,0.00,-1.08
155270,251.05,250.00,56,0.00,-1.05
155370,251.03,250.00,56,0.00,-1.03
155470,251.01,250.00,56,0.00,-1.01
155570,251.02,250.00,53,0.00,-1.02
155670,251.03,250.00,54,0.00,-1.03
155770,251.05,250.00,52,0.00,-1.05
155870,251.00,250.00,59,0.00,-1.00
155970,251.01,250.00,53,0.00,-1.01
156070,250.99,250.00,56,0.00,-0.99
156170,250.95,250.00,58,0.00,-0.95
156270,250.93,250.00,57,0.00,-0.93
156370,250.96,250.00,52,0.00,-0.96
156470,250.95,250.00,56,0.00,-0.95
156570,250.91,250.00,58,0.00,-0.91
156670,250.89,250.00,56,0.00,-0.89
156770,250.89,250.00,55,0.00,-0.89
156870,250.87,250.00,56,0.00,-0.87
156970,250.85,250.00,57,0.00,-0.85
157070,250.83,250.00,56,0.00,-0.83
157170,250.84,250.00,55,0.00,-0.84
157270,250.81,250.00,57,0.00,-0.81
157370,250.82,250.00,54,0.00,-0.82
157470,250.84,250.00,52,0.00,-0.84
157570,250.82,250.00,57,0.00,-0.82
157670,250.81,250.00,56,0.00,-0.81
157770,250.81,250.00,54,0.00,-0.81
157870,250.83,250.00,53,0.00,-0.83
157970,250.81,250.00,57,0.00,-0.81
158070,250.77,250.00,58,0.00,-0.77
158170,250.76,250.00,57,0.00,-0.76
158270,250.72,250.00,59,0.00,-0.72
158370,250.71,250.00,56,0.00,-0.71
158470,250.70,250.00,56,0.00,-0.70
158570,250.69,250.00,56,0.00,-0.69
158670,250.70,250.00,54,0.00,-0.70
158770,250.70,250.00,55,0.00,-0.70
158870,250.69,250.00,56,0.00,-0.69
158970,250.67,250.00,57,0.00,-0.67
159070,250.67,250.00,56,0.00,-0.67
159170,250.64,250.00,58,0.00,-0.64
159270,250.62,250.00,57,0.00,-0.62
159370,250.61,250.00,57,0.00,-0.61
159470,250.57,250.00,59,0.00,-0.57
159570,250.59,250.00,54,0.00,-0.59
159670,250.59,250.00,55,0.00,-0.59
159770,250.57,250.00,58,0.00,-0.57
159870,250.56,250.00,56,0.00,-0.56
159970,250.55,250.00,56,0.00,-0.55
160070,250.56,250.00,55,0.00,-0.56
160170,250.57,250.00,54,0.00,-0.57
160270,250.55,250.00,58,0.00,-0.55
160370,250.60,250.00,50,0.00,-0.60
160470,250.58,250.00,58,0.00,-0.58
160570,250.64,250.00,49,0.00,-0.64
160670,250.62,250.00,58,0.00,-0.62
160770,250.63,250.00,54,0.00,-0.63
160870,250.61,250.00,57,0.00,-0.61
160970,250.60,250.00,57,0.00,-0.60
161070,250.58,250.00,58,0.00,-0.58
161170,250.58,250.00,55,0.00,-0.58
161270,250.57,250.00,56,0.00,-0.57
161370,250.52,250.00,60,0.00,-0.52
161470,250.54,250.00,53,0.00,-0.54
161570,250.56,250.00,54,0.00,-0.56
161670,250.54,250.00,57,0.00,-0.54
161770,250.51,250.00,59,0.00,-0.51
161870,250.52,250.00,55,0.00,-0.52
161970,250.53,250.00,55,0.00,-0.53
162070,250.54,250.00,55,0.00,-0.54
162170,250.56,250.00,54,0.00,-0.56
162270,250.54,250.00,57,0.00,-0.54
162370,250.58,250.00,51,0.00,-0.58
162470,250.58,250.00,55,0.00,-0.58
162570,250.58,250.00,55,0.00,-0.58
162670,250.59,250.00,55,0.00,-0.59
162770,250.60,250.00,54,0.00,-0.60
162870,250.64,250.00,51,0.00,-0.64
162970,250.66,250.00,53,0.00,-0.66
163070,250.63,250.00,58,0.00,-0.63
163170,250.61,250.00,56,0.00,-0.61
163270,250.62,250.00,54,0.00,-0.62
163370,250.62,250.00,55,0.00,-0.62
163470,250.61,250.00,56,0.00,-0.61
163570,250.66,250.00,50,0.00,-0.66
163670,250.68,250.00,53,0.00,-0.68
163770,250.72,250.00,50,0.00,-0.72
163870,250.69,250.00,57,0.00,-0.69
163970,250.68,250.00,56,0.00,-0.68
164070,250.68,250.00,56,0.00,-0.68
164170,250.71,250.00,52,0.00,-0.71
164270,250.71,250.00,54,0.00,-0.71
164370,250.70,250.00,56,0.00,-0.70
164470,250.69,250.00,56,0.00,-0.69
164570,250.68,250.00,55,0.00,-0.68
164670,250.70,250.00,53,0.00,-0.70
164770,250.73,250.00,50,0.00,-0.73
164870,250.75,250.00,53,0.00,-0.75
164970,250.80,250.00,48,0.00,-0.80
165070,250.83,250.00,51,0.00,-0.83
165170,250.80,250.00,58,0.00,-0.80
165270,250.79,250.00,55,0.00,-0.79
165370,250.81,250.00,52,0.00,-0.81
165470,250.85,250.00,50,0.00,-0.85
165570,250.84,250.00,55,0.00,-0.84
165670,250.82,250.00,55,0.00,-0.82
165770,250.83,250.00,54,0.00,-0.83
165870,250.86,250.00,50,0.00,-0.86
165970,250.89,250.00,51,0.00,-0.89
166070,250.89,250.00,53,0.00,-0.89
166170,250.91,250.00,52,0.00,-0.91
166270,250.94,250.00,50,0.00,-0.94
166370,250.91,250.00,57,0.00,-0.91
166470,250.92,250.00,53,0.00,-0.92
166570,250.90,250.00,55,0.00,-0.90
166670,250.90,250.00,53,0.00,-0.90
166770,250.92,250.00,52,0.00,-0.92
166870,250.94,250.00,52,0.00,-0.94
166970,250.89,250.00,58,0.00,-0.89
167070,250.86,250.00,56,0.00,-0.86
167170,250.85,250.00,55,0.00,-0.85
167270,250.85,250.00,54,0.00,-0.85
167370,250.82,250.00,56,0.00,-0.82
167470,250.83,250.00,53,0.00,-0.83
167570,250.82,250.00,55,0.00,-0.82
167670,250.81,250.00,55,0.00,-0.81
167770,250.80,250.00,55,0.00,-0.80
167870,250.83,250.00,51,0.00,-0.83
167970,250.87,250.00,50,0.00,-0.87
168070,250.88,250.00,52,0.00,-0.88
168170,250.87,250.00,54,0.00,-0.87
168270,250.89,250.00,51,0.00,-0.89
168370,250.91,250.00,51,0.00,-0.91
168470,250.88,250.00,56,0.00,-0.88
168570,250.90,250.00,51,0.00,-0.90
168670,250.90,250.00,54,0.00,-0.90
168770,250.90,250.00,53,0.00,-0.90
168870,250.92,250.00,51,0.00,-0.92
168970,250.94,250.00,51,0.00,-0.94
169070,250.95,250.00,51,0.00,-0.95
169170,250.97,250.00,52,0.00,-0.97
169270,250.97,250.00,53,0.00,-0.97
169370,250.93,250.00,57,0.00,-0.93
169470,250.89,250.00,58,0.00,-0.89
169570,250.88,250.00,54,0.00,-0.88
169670,250.85,250.00,56,0.00,-0.85
169770,250.83,250.00,56,0.00,-0.83
169870,250.82,250.00,54,0.00,-0.82
169970,250.79,250.00,57,0.00,-0.79
170070,250.77,250.00,55,0.00,-0.77
170170,250.75,250.00,55,0.00,-0.75
170270,250.74,250.00,55,0.00,-0.74
170370,250.75,250.00,53,0.00,-0.75
170470,250.78,250.00,50,0.00,-0.78
170570,250.75,250.00,57,0.00,-0.75
170670,250.77,250.00,51,0.00,-0.77
170770,250.78,250.00,53,0.00,-0.78
170870,250.77,250.00,54,0.00,-0.77
170970,250.78,250.00,53,0.00,-0.78
171070,250.82,250.00,49,0.00,-0.82
171170,250.81,250.00,54,0.00,-0.81
171270,250.87,250.00,48,0.00,-0.87
171370,250.89,250.00,51,0.00,-0.89
171470,250.86,250.00,56,0.00,-0.86
171570,250.83,250.00,56,0.00,-0.83
171670,250.84,250.00,53,0.00,-0.84
171770,250.87,250.00,49,0.00,-0.87
171870,250.86,250.00,54,0.00,-0.86
171970,250.84,250.00,54,0.00,-0.84
172070,250.84,250.00,53,0.00,-0.84
172170,250.84,250.00,53,0.00,-0.84
172270,250.83,250.00,54,0.00,-0.83
172370,250.83,250.00,53,0.00,-0.83
172470,250.80,250.00,57,0.00,-0.80
172570,250.80,250.00,53,0.00,-0.80
172670,250.76,250.00,58,0.00,-0.76
172770,250.73,250.00,56,0.00,-0.73
172870,250.72,250.00,55,0.00,-0.72
172970,250.68,250.00,57,0.00,-0.68
173070,250.66,250.00,56,0.00,-0.66
173170,250.71,250.00,49,0.00,-0.71
173270,250.68,250.00,56,0.00,-0.68
173370,250.69,250.00,53,0.00,-0.69
173470,250.68,250.00,54,0.00,-0.68
173570,250.67,250.00,54,0.00,-0.67
173670,250.65,250.00,56,0.00,-0.65
173770,250.62,250.00,57,0.00,-0.62
173870,250.65,250.00,51,0.00,-0.65
173970,250.62,250.00,57,0.00,-0.62
174070,250.65,250.00,50,0.00,-0.65
174170,250.65,250.00,54,0.00,-0.65
174270,250.67,250.00,52,0.00,-0.67
174370,250.66,250.00,54,0.00,-0.66
174470,250.62,250.00,58,0.00,-0.62
174570,250.57,250.00,59,0.00,-0.57
174670,250.56,250.00,55,0.00,-0.56
174770,250.57,250.00,53,0.00,-0.57
174870,250.52,250.00,58,0.00,-0.52
174970,250.51,250.00,56,0.00,-0.51
175070,250.55,250.00,49,0.00,-0.55
175170,250.56,250.00,53,0.00,-0.56
175270,250.57,250.00,52,0.00,-0.57
175370,250.55,250.00,56,0.00,-0.55
175470,250.51,250.00,58,0.00,-0.51
175570,250.51,250.00,54,0.00,-0.51
175670,250.47,250.00,58,0.00,-0.47
175770,250.43,250.00,58,0.00,-0.43
175870,250.42,250.00,56,0.00,-0.42
175970,250.39,250.00,57,0.00,-0.39
176070,250.36,250.00,57,0.00,-0.36
176170,250.34,250.00,57,0.00,-0.34
176270,250.35,250.00,53,0.00,-0.35
176370,250.35,250.00,54,0.00,-0.35
176470,250.35,250.00,54,0.00,-0.35
176570,250.34,250.00,56,0.00,-0.34
176670,250.30,250.00,59,0.00,-0.30
176770,250.30,250.00,54,0.00,-0.30
176870,250.25,250.00,60,0.00,-0.25
176970,250.25,250.00,55,0.00,-0.25
177070,250.24,250.00,56,0.00,-0.24
177170,250.27,250.00,51,0.00,-0.27
177270,250.31,250.00,51,0.00,-0.31
177370,250.30,250.00,55,0.00,-0.30
177470,250.27,250.00,58,0.00,-0.27
177570,250.22,250.00,60,0.00,-0.22
177670,250.20,250.00,57,0.00,-0.20
177770,250.18,250.00,57,0.00,-0.18
177870,250.14,250.00,60,0.00,-0.14
177970,250.09,250.00,61,0.00,-0.09
178070,250.06,250.00,59,0.00,-0.06
178170,250.03,250.00,59,0.00,-0.03
178270,250.03,250.00,56,0.00,-0.03
178370,250.04,250.00,55,0.00,-0.04
178470,250.02,250.00,57,0.00,-0.02
178570,249.97,250.00,61,0.00,0.03
178670,249.95,250.00,58,0.00,0.05
178770,249.91,250.00,61,0.00,0.09
178870,249.92,250.00,55,0.00,0.08
178970,249.87,250.00,62,0.00,0.13
179070,249.86,250.00,58,0.00,0.14
179170,249.82,250.00,60,0.00,0.18
179270,249.78,250.00,61,0.00,0.22
179370,249.77,250.00,58,0.00,0.23
179470,249.76,250.00,58,0.00,0.24
179570,249.75,250.00,58,0.00,0.25
179670,249.75,250.00,57,0.00,0.25
179770,249.75,250.00,57,0.00,0.25
179870,249.73,250.00,59,0.00,0.27
179970,249.71,250.00,59,0.00,0.29
180070,249.68,250.00,60,0.00,0.32
180170,249.66,250.00,59,0.00,0.34
180270,249.65,250.00,59,0.00,0.35
180370,249.63,250.00,60,0.00,0.37
180470,249.59,250.00,61,0.00,0.41
180570,249.57,250.00,60,0.00,0.43
180670,249.58,250.00,57,0.00,0.42
180770,249.59,250.00,57,0.00,0.41
180870,249.56,250.00,61,0.00,0.44
180970,249.54,250.00,59,0.00,0.46
181070,249.50,250.00,63,0.00,0.50
181170,249.46,250.00,61,0.00,0.54
181270,249.47,250.00,58,0.00,0.53
181370,249.44,250.00,61,0.00,0.56
181470,249.41,250.00,61,0.00,0.59
181570,249.39,250.00,61,0.00,0.61
181670,249.37,250.00,61,0.00,0.63
181770,249.38,250.00,57,0.00,0.62
181870,249.39,250.00,58,0.00,0.61
181970,249.39,250.00,58,0.00,0.61
182070,249.39,250.00,58,0.00,0.61
182170,249.40,250.00,57,0.00,0.60
182270,249.39,250.00,60,0.00,0.61
182370,249.41,250.00,57,0.00,0.59
182470,249.40,250.00,60,0.00,0.60
182570,249.36,250.00,62,0.00,0.64
182670,249.37,250.00,58,0.00,0.63
182770,249.38,250.00,57,0.00,0.62
182870,249.37,250.00,60,0.00,0.63
182970,249.37,250.00,60,0.00,0.63
183070,249.36,250.00,60,0.00,0.64
183170,249.34,250.00,61,0.00,0.66
183270,249.37,250.00,56,0.00,0.63
183370,249.35,250.00,61,0.00,0.65
183470,249.37,250.00,57,0.00,0.63
183570,249.34,250.00,62,0.00,0.66
183670,249.31,250.00,62,0.00,0.69
183770,249.31,250.00,59,0.00,0.69
183870,249.28,250.00,62,0.00,0.72
183970,249.27,250.00,60,0.00,0.73
184070,249.25,250.00,62,0.00,0.75
184170,249.22,250.00,63,0.00,0.78
184270,249.18,250.00,64,0.00,0.82
184370,249.16,250.00,62,0.00,0.84
184470,249.16,250.00,60,0.00,0.84
184570,249.16,250.00,60,0.00,0.84
184670,249.13,250.00,63,0.00,0.87
184770,249.14,250.00,58,0.00,0.86
184870,249.13,250.00,61,0.00,0.87
184970,249.10,250.00,63,0.00,0.90
185070,249.10,250.00,61,0.00,0.90
185170,249.09,250.00,61,0.00,0.91
185270,249.10,250.00,59,0.00,0.90
185370,249.12,250.00,58,0.00,0.88
185470,249.14,250.00,58,0.00,0.86
185570,249.14,250.00,60,0.00,0.86
185670,249.10,250.00,65,0.00,0.90
185770,249.08,250.00,62,0.00,0.92
185870,249.06,250.00,63,0.00,0.94
185970,249.04,250.00,62,0.00,0.96
186070,249.02,250.00,63,0.00,0.98
186170,248.98,250.00,65,0.00,1.02
186270,248.96,250.00,62,0.00,1.04
186370,248.98,250.00,59,0.00,1.02
186470,248.93,250.00,66,0.00,1.07
186570,248.90,250.00,65,0.00,1.10
186670,248.93,250.00,58,0.00,1.07
186770,248.92,250.00,62,0.00,1.08
186870,248.93,250.00,60,0.00,1.07
186970,248.93,250.00,61,0.00,1.07
187070,248.93,250.00,61,0.00,1.07
187170,248.92,250.00,62,0.00,1.08
187270,248.92,250.00,61,0.00,1.08
187370,248.89,250.00,65,0.00,1.11
187470,248.85,250.00,66,0.00,1.15
187570,248.83,250.00,63,0.00,1.17
187670,248.80,250.00,65,0.00,1.20
187770,248.79,250.00,63,0.00,1.21
187870,248.77,250.00,64,0.00,1.23
187970,248.75,250.00,64,0.00,1.25
188070,248.77,250.00,60,0.00,1.23
188170,248.76,250.00,63,0.00,1.24
188270,248.72,250.00,66,0.00,1.28
188370,248.72,250.00,62,0.00,1.28
188470,248.69,250.00,65,0.00,1.31
188570,248.73,250.00,59,0.00,1.27
188670,248.72,250.00,64,0.00,1.28
188770,248.74,250.00,60,0.00,1.26
188870,248.71,250.00,65,0.00,1.29
188970,248.71,250.00,62,0.00,1.29
189070,248.73,250.00,60,0.00,1.27
189170,248.73,250.00,63,0.00,1.27
189270,248.73,250.00,63,0.00,1.27
189370,248.73,250.00,63,0.00,1.27
189470,248.72,250.00,63,0.00,1.28
189570,248.71,250.00,64,0.00,1.29
189670,248.70,250.00,64,0.00,1.30
189770,248.72,250.00,60,0.00,1.28
189870,248.71,250.00,64,0.00,1.29
189970,248.70,250.00,64,0.00,1.30
190070,248.67,250.00,65,0.00,1.33
190170,248.65,250.00,65,0.00,1.35
190270,248.65,250.00,63,0.00,1.35
190370,248.63,250.00,65,0.00,1.37
190470,248.64,250.00,62,0.00,1.36
190570,248.62,250.00,65,0.00,1.38
190670,248.66,250.00,58,0.00,1.34
190770,248.66,250.00,64,0.00,1.34
190870,248.67,250.00,61,0.00,1.33
190970,248.65,250.00,65,0.00,1.35
191070,248.69,250.00,59,0.00,1.31
191170,248.71,250.00,61,0.00,1.29
191270,248.68,250.00,65,0.00,1.32
191370,248.65,250.00,66,0.00,1.35
191470,248.67,250.00,61,0.00,1.33
191570,248.65,250.00,65,0.00,1.35
191670,248.63,250.00,65,0.00,1.37
191770,248.64,250.00,62,0.00,1.36
191870,248.66,250.00,61,0.00,1.34
191970,248.65,250.00,64,0.00,1.35
192070,248.63,250.00,65,0.00,1.37
192170,248.64,250.00,62,0.00,1.36
192270,248.67,250.00,60,0.00,1.33
192370,248.70,250.00,60,0.00,1.30
192470,248.74,250.00,58,0.00,1.26
192570,248.76,250.00,61,0.00,1.24
192670,248.77,250.00,62,0.00,1.23
192770,248.79,250.00,61,0.00,1.21
192870,248.78,250.00,64,0.00,1.22
192970,248.81,250.00,60,0.00,1.19
193070,248.80,250.00,64,0.00,1.20
193170,248.83,250.00,59,0.00,1.17
193270,248.87,250.00,59,0.00,1.13
193370,248.87,250.00,62,0.00,1.13
193470,248.90,250.00,59,0.00,1.10
193570,248.93,250.00,60,0.00,1.07
193670,248.92,250.00,63,0.00,1.08
193770,248.92,250.00,62,0.00,1.08
193870,248.94,250.00,61,0.00,1.06
193970,248.97,250.00,59,0.00,1.03
194070,249.00,250.00,59,0.00,1.00
194170,249.04,250.00,58,0.00,0.96
194270,249.01,250.00,65,0.00,0.99
194370,249.04,250.00,59,0.00,0.96
194470,249.03,250.00,63,0.00,0.97
194570,249.00,250.00,65,0.00,1.00
194670,249.00,250.00,62,0.00,1.00
194770,248.98,250.00,64,0.00,1.02
194870,248.99,250.00,62,0.00,1.01
194970,248.99,250.00,63,0.00,1.01
195070,249.02,250.00,59,0.00,0.98
195170,249.01,250.00,63,0.00,0.99
195270,249.01,250.00,62,0.00,0.99
195370,249.02,250.00,62,0.00,0.98
195470,249.03,250.00,61,0.00,0.97
195570,249.05,250.00,61,0.00,0.95
195670,249.05,250.00,62,0.00,0.95
195770,249.06,250.00,61,0.00,0.94
195870,249.05,250.00,63,0.00,0.95
195970,249.09,250.00,58,0.00,0.91
196070,249.11,250.00,60,0.00,0.89
196170,249.09,250.00,64,0.00,0.91
196270,249.09,250.00,62,0.00,0.91
196370,249.11,250.00,60,0.00,0.89
196470,249.13,250.00,60,0.00,0.87
196570,249.13,250.00,61,0.00,0.87
196670,249.11,250.00,64,0.00,0.89
196770,249.09,250.00,64,0.00,0.91
196870,249.10,250.00,61,0.00,0.90
196970,249.14,250.00,58,0.00,0.86
197070,249.14,250.00,63,0.00,0.86
197170,249.16,250.00,59,0.00,0.84
197270,249.16,250.00,62,0.00,0.84
197370,249.17,250.00,62,0.00,0.83
197470,249.19,250.00,59,0.00,0.81
197570,249.19,250.00,62,0.00,0.81
197670,249.21,250.00,60,0.00,0.79
197770,249.22,250.00,61,0.00,0.78
197870,249.19,250.00,65,0.00,0.81
197970,249.17,250.00,64,0.00,0.83
198070,249.19,250.00,59,0.00,0.81
198170,249.21,250.00,60,0.00,0.79
198270,249.23,250.00,60,0.00,0.77
198370,249.23,250.00,62,0.00,0.77
198470,249.21,250.00,64,0.00,0.79
198570,249.18,250.00,65,0.00,0.82
198670,249.18,250.00,62,0.00,0.82
198770,249.17,250.00,63,0.00,0.83
198870,249.17,250.00,62,0.00,0.83
198970,249.16,250.00,63,0.00,0.84
199070,249.16,250.00,62,0.00,0.84
199170,249.16,250.00,62,0.00,0.84
199270,249.19,250.00,60,0.00,0.81
199370,249.18,250.00,62,0.00,0.82
199470,249.22,250.00,58,0.00,0.78
199570,249.23,250.00,61,0.00,0.77
199670,249.23,250.00,61,0.00,0.77
199770,249.25,250.00,60,0.00,0.75
199870,249.26,250.00,61,0.00,0.74
199970,249.24,250.00,64,0.00,0.76
200070,249.23,250.00,63,0.00,0.77
200170,249.21,250.00,64,0.00,0.79
200270,249.20,250.00,64,0.00,0.80
200370,249.19,250.00,62,0.00,0.81
200470,249.19,250.00,62,0.00,0.81
200570,249.18,250.00,64,0.00,0.82
200670,249.21,250.00,59,0.00,0.79
200770,249.22,250.00,61,0.00,0.78
200870,249.19,250.00,65,0.00,0.81
200970,249.20,250.00,61,0.00,0.80
201070,249.19,250.00,64,0.00,0.81
201170,249.20,250.00,61,0.00,0.80
201270,249.18,250.00,64,0.00,0.82
201370,249.23,250.00,57,0.00,0.77
201470,249.23,250.00,63,0.00,0.77
201570,249.23,250.00,61,0.00,0.77
201670,249.26,250.00,59,0.00,0.74
201770,249.28,250.00,60,0.00,0.72
201870,249.29,250.00,61,0.00,0.71
201970,249.31,250.00,59,0.00,0.69
202070,249.29,250.00,65,0.00,0.71
202170,249.26,250.00,64,0.00,0.74
202270,249.28,250.00,61,0.00,0.72
202370,249.26,250.00,64,0.00,0.74
202470,249.26,250.00,62,0.00,0.74
202570,249.25,250.00,63,0.00,0.75
202670,249.24,250.00,63,0.00,0.76
202770,249.27,250.00,59,0.00,0.73
202870,249.31,250.00,58,0.00,0.69
202970,249.33,250.00,60,0.00,0.67
203070,249.34,250.00,61,0.00,0.66
203170,249.34,250.00,62,0.00,0.66
203270,249.34,250.00,61,0.00,0.66
203370,249.36,250.00,60,0.00,0.64
203470,249.39,250.00,59,0.00,0.61
203570,249.39,250.00,61,0.00,0.61
203670,249.42,250.00,59,0.00,0.58
203770,249.44,250.00,59,0.00,0.56
203870,249.46,250.00,59,0.00,0.54
203970,249.46,250.00,62,0.00,0.54
204070,249.48,250.00,59,0.00,0.52
204170,249.46,250.00,63,0.00,0.54
204270,249.46,250.00,61,0.00,0.54
204370,249.48,250.00,60,0.00,0.52
204470,249.49,250.00,61,0.00,0.51
204570,249.48,250.00,62,0.00,0.52
204670,249.51,250.00,58,0.00,0.49
204770,249.52,250.00,60,0.00,0.48
204870,249.56,250.00,57,0.00,0.44
204970,249.56,250.00,61,0.00,0.44
205070,249.53,250.00,64,0.00,0.47
205170,249.52,250.00,63,0.00,0.48
205270,249.51,250.00,62,0.00,0.49
205370,249.50,250.00,62,0.00,0.50
205470,249.50,250.00,61,0.00,0.50
205570,249.53,250.00,59,0.00,0.47
205670,249.52,250.00,63,0.00,0.48
205770,249.53,250.00,60,0.00,0.47
205870,249.58,250.00,56,0.00,0.42
205970,249.59,250.00,59,0.00,0.41
206070,249.58,250.00,63,0.00,0.42
206170,249.60,250.00,59,0.00,0.40
206270,249.58,250.00,63,0.00,0.42
206370,249.60,250.00,59,0.00,0.40
206470,249.59,250.00,62,0.00,0.41
206570,249.63,250.00,57,0.00,0.37
206670,249.67,250.00,57,0.00,0.33
206770,249.71,250.00,56,0.00,0.29
206870,249.72,250.00,60,0.00,0.28
206970,249.74,250.00,59,0.00,0.26
207070,249.75,250.00,59,0.00,0.25
207170,249.74,250.00,62,0.00,0.26
207270,249.72,250.00,63,0.00,0.28
207370,249.70,250.00,63,0.00,0.30
207470,249.71,250.00,60,0.00,0.29
207570,249.72,250.00,59,0.00,0.28
207670,249.76,250.00,56,0.00,0.24
207770,249.79,250.00,58,0.00,0.21
207870,249.81,250.00,58,0.00,0.19
207970,249.84,250.00,57,0.00,0.16
208070,249.85,250.00,60,0.00,0.15
208170,249.85,250.00,60,0.00,0.15
208270,249.85,250.00,60,0.00,0.15
208370,249.83,250.00,62,0.00,0.17
208470,249.84,250.00,60,0.00,0.16
208570,249.83,250.00,61,0.00,0.17
208670,249.81,250.00,62,0.00,0.19
208770,249.82,250.00,60,0.00,0.18
208870,249.85,250.00,57,0.00,0.15
208970,249.84,250.00,61,0.00,0.16
209070,249.87,250.00,57,0.00,0.13
209170,249.87,250.00,60,0.00,0.13
209270,249.86,250.00,61,0.00,0.14
209370,249.86,250.00,60,0.00,0.14
209470,249.89,250.00,57,0.00,0.11
209570,249.87,250.00,63,0.00,0.13
209670,249.88,250.00,59,0.00,0.12
209770,249.88,250.00,60,0.00,0.12
209870,249.87,250.00,61,0.00,0.13
209970,249.91,250.00,56,0.00,0.09
210070,249.93,250.00,58,0.00,0.07
210170,249.94,250.00,59,0.00,0.06
210270,249.93,250.00,60,0.00,0.07
210370,249.95,250.00,58,0.00,0.05
210470,249.93,250.00,62,0.00,0.07
210570,249.95,250.00,58,0.00,0.05
210670,249.96,250.00,59,0.00,0.04
210770,249.94,250.00,62,0.00,0.06
210870,249.93,250.00,60,0.00,0.07
210970,249.94,250.00,59,0.00,0.06
211070,249.95,250.00,59,0.00,0.05
211170,249.99,250.00,55,0.00,0.01
211270,249.99,250.00,59,0.00,0.01
211370,249.98,250.00,61,0.00,0.02
211470,249.98,250.00,59,0.00,0.02
211570,249.98,250.00,59,0.00,0.02
211670,250.00,250.00,58,0.00,0.00
211770,250.02,250.00,57,0.00,-0.02
211870,250.03,250.00,58,0.00,-0.03
211970,250.04,250.00,59,0.00,-0.04
212070,250.05,250.00,59,0.00,-0.05
212170,250.05,250.00,60,0.00,-0.05
212270,250.05,250.00,59,0.00,-0.05
212370,250.10,250.00,55,0.00,-0.10
212470,250.12,250.00,56,0.00,-0.12
212570,250.16,250.00,55,0.00,-0.16
212670,250.13,250.00,62,0.00,-0.13
212770,250.12,250.00,60,0.00,-0.12
212870,250.17,250.00,54,0.00,-0.17
212970,250.21,250.00,54,0.00,-0.21
213070,250.27,250.00,52,0.00,-0.27
213170,250.32,250.00,54,0.00,-0.32
213270,250.35,250.00,55,0.00,-0.35
213370,250.35,250.00,58,0.00,-0.35
213470,250.36,250.00,57,0.00,-0.36
213570,250.36,250.00,58,0.00,-0.36
213670,250.37,250.00,57,0.00,-0.37
213770,250.35,250.00,61,0.00,-0.35
213870,250.36,250.00,57,0.00,-0.36
213970,250.42,250.00,52,0.00,-0.42
214070,250.45,250.00,55,0.00,-0.45
214170,250.44,250.00,59,0.00,-0.44
214270,250.42,250.00,60,0.00,-0.42
214370,250.44,250.00,56,0.00,-0.44
214470,250.45,250.00,57,0.00,-0.45
214570,250.49,250.00,54,0.00,-0.49
214670,250.45,250.00,61,0.00,-0.45
214770,250.44,250.00,59,0.00,-0.44
214870,250.49,250.00,52,0.00,-0.49
214970,250.49,250.00,58,0.00,-0.49
215070,250.53,250.00,54,0.00,-0.53
215170,250.56,250.00,54,0.00,-0.56
215270,250.58,250.00,55,0.00,-0.58
215370,250.54,250.00,61,0.00,-0.54
215470,250.54,250.00,58,0.00,-0.54
215570,250.52,250.00,59,0.00,-0.52
215670,250.50,250.00,59,0.00,-0.50
215770,250.48,250.00,60,0.00,-0.48
215870,250.45,250.00,60,0.00,-0.45
215970,250.42,250.00,61,0.00,-0.42
216070,250.44,250.00,56,0.00,-0.44
216170,250.43,250.00,58,0.00,-0.43
216270,250.46,250.00,55,0.00,-0.46
216370,250.49,250.00,55,0.00,-0.49
216470,250.49,250.00,57,0.00,-0.49
216570,250.45,250.00,61,0.00,-0.45
216670,250.47,250.00,56,0.00,-0.47
216770,250.49,250.00,55,0.00,-0.49
216870,250.47,250.00,60,0.00,-0.47
216970,250.47,250.00,57,0.00,-0.47
217070,250.45,250.00,60,0.00,-0.45
217170,250.43,250.00,60,0.00,-0.43
217270,250.41,250.00,59,0.00,-0.41
217370,250.44,250.00,54,0.00,-0.44
217470,250.47,250.00,55,0.00,-0.47
217570,250.46,250.00,58,0.00,-0.46
217670,250.45,250.00,58,0.00,-0.45
217770,250.44,250.00,58,0.00,-0.44
217870,250.44,250.00,57,0.00,-0.44
217970,250.44,250.00,58,0.00,-0.44
218070,250.44,250.00,57,0.00,-0.44
218170,250.48,250.00,53,0.00,-0.48
218270,250.49,250.00,56,0.00,-0.49
218370,250.50,250.00,56,0.00,-0.50
218470,250.51,250.00,56,0.00,-0.51
218570,250.51,250.00,57,0.00,-0.51
218670,250.52,250.00,56,0.00,-0.52
218770,250.50,250.00,59,0.00,-0.50
218870,250.51,250.00,56,0.00,-0.51
218970,250.50,250.00,59,0.00,-0.50
219070,250.49,250.00,59,0.00,-0.49
219170,250.45,250.00,61,0.00,-0.45
219270,250.42,250.00,61,0.00,-0.42
219370,250.41,250.00,58,0.00,-0.41
219470,250.38,250.00,60,0.00,-0.38
219570,250.39,250.00,57,0.00,-0.39
219670,250.40,250.00,57,0.00,-0.40
219770,250.40,250.00,58,0.00,-0.40
219870,250.37,250.00,60,0.00,-0.37
219970,250.35,250.00,60,0.00,-0.35
220070,250.34,250.00,59,0.00,-0.34
220170,250.31,250.00,60,0.00,-0.31
220270,250.32,250.00,57,0.00,-0.32
220370,250.35,250.00,55,0.00,-0.35
220470,250.34,250.00,59,0.00,-0.34
220570,250.32,250.00,60,0.00,-0.32
220670,250.32,250.00,57,0.00,-0.32
220770,250.34,250.00,56,0.00,-0.34
220870,250.34,250.00,57,0.00,-0.34
220970,250.34,250.00,57,0.00,-0.34
221070,250.37,250.00,55,0.00,-0.37
221170,250.37,250.00,58,0.00,-0.37
221270,250.33,250.00,61,0.00,-0.33
221370,250.32,250.00,59,0.00,-0.32
221470,250.31,250.00,59,0.00,-0.31
221570,250.32,250.00,57,0.00,-0.32
221670,250.35,250.00,55,0.00,-0.35
221770,250.36,250.00,56,0.00,-0.36
221870,250.36,250.00,58,0.00,-0.36
221970,250.33,250.00,61,0.00,-0.33
222070,250.31,250.00,60,0.00,-0.31
222170,250.30,250.00,58,0.00,-0.30
222270,250.32,250.00,56,0.00,-0.32
222370,250.36,250.00,53,0.00,-0.36
222470,250.36,250.00,57,0.00,-0.36
222570,250.37,250.00,56,0.00,-0.37
222670,250.37,250.00,58,0.00,-0.37
222770,250.38,250.00,56,0.00,-0.38
222870,250.34,250.00,61,0.00,-0.34
222970,250.38,250.00,54,0.00,-0.38
223070,250.38,250.00,58,0.00,-0.38
223170,250.40,250.00,55,0.00,-0.40
223270,250.39,250.00,59,0.00,-0.39
223370,250.40,250.00,56,0.00,-0.40
223470,250.41,250.00,56,0.00,-0.41
223570,250.38,250.00,60,0.00,-0.38
223670,250.36,250.00,59,0.00,-0.36
223770,250.34,250.00,60,0.00,-0.34
223870,250.39,250.00,52,0.00,-0.39
223970,250.39,250.00,58,0.00,-0.39
224070,250.40,250.00,56,0.00,-0.40
224170,250.42,250.00,55,0.00,-0.42
224270,250.42,250.00,57,0.00,-0.42
224370,250.45,250.00,54,0.00,-0.45
224470,250.47,250.00,55,0.00,-0.47
224570,250.49,250.00,54,0.00,-0.49
224670,250.54,250.00,52,0.00,-0.54
224770,250.56,250.00,55,0.00,-0.56
224870,250.58,250.00,55,0.00,-0.58
224970,250.56,250.00,59,0.00,-0.56
225070,250.57,250.00,55,0.00,-0.57
225170,250.55,250.00,59,0.00,-0.55
225270,250.53,250.00,59,0.00,-0.53
225370,250.54,250.00,56,0.00,-0.54
225470,250.52,250.00,58,0.00,-0.52
225570,250.53,250.00,56,0.00,-0.53
225670,250.51,250.00,58,0.00,-0.51
225770,250.51,250.00,57,0.00,-0.51
225870,250.56,250.00,52,0.00,-0.56
225970,250.55,250.00,57,0.00,-0.55
226070,250.55,250.00,56,0.00,-0.55
226170,250.56,250.00,56,0.00,-0.56
226270,250.55,250.00,57,0.00,-0.55
226370,250.56,250.00,56,0.00,-0.56
226470,250.55,250.00,57,0.00,-0.55
226570,250.60,250.00,51,0.00,-0.60
226670,250.63,250.00,54,0.00,-0.63
226770,250.67,250.00,51,0.00,-0.67
226870,250.69,250.00,54,0.00,-0.69
226970,250.71,250.00,54,0.00,-0.71
227070,250.71,250.00,56,0.00,-0.71
227170,250.72,250.00,54,0.00,-0.72
227270,250.69,250.00,59,0.00,-0.69
227370,250.71,250.00,53,0.00,-0.71
227470,250.71,250.00,56,0.00,-0.71
227570,250.72,250.00,56,0.00,-0.72
227670,250.72,250.00,56,0.00,-0.72
227770,250.69,250.00,58,0.00,-0.69
227870,250.70,250.00,55,0.00,-0.70
227970,250.66,250.00,59,0.00,-0.66
228070,250.67,250.00,55,0.00,-0.67
228170,250.66,250.00,57,0.00,-0.66
228270,250.66,250.00,56,0.00,-0.66
228370,250.64,250.00,58,0.00,-0.64
228470,250.60,250.00,60,0.00,-0.60
228570,250.59,250.00,57,0.00,-0.59
228670,250.58,250.00,57,0.00,-0.58
228770,250.56,250.00,58,0.00,-0.56
228870,250.60,250.00,52,0.00,-0.60
228970,250.61,250.00,55,0.00,-0.61
229070,250.60,250.00,57,0.00,-0.60
229170,250.56,250.00,60,0.00,-0.56
229270,250.55,250.00,57,0.00,-0.55
229370,250.57,250.00,54,0.00,-0.57
229470,250.57,250.00,56,0.00,-0.57
229570,250.57,250.00,57,0.00,-0.57
229670,250.58,250.00,54,0.00,-0.58
229770,250.61,250.00,53,0.00,-0.61
229870,250.60,250.00,57,0.00,-0.60
229970,250.60,250.00,56,0.00,-0.60
230070,250.62,250.00,53,0.00,-0.62
230170,250.63,250.00,55,0.00,-0.63
230270,250.62,250.00,57,0.00,-0.62
230370,250.59,250.00,58,0.00,-0.59
230470,250.59,250.00,56,0.00,-0.59
230570,250.55,250.00,61,0.00,-0.55
230670,250.55,250.00,56,0.00,-0.55
230770,250.56,250.00,56,0.00,-0.56
230870,250.59,250.00,53,0.00,-0.59
230970,250.62,250.00,52,0.00,-0.62
231070,250.62,250.00,56,0.00,-0.62
231170,250.63,250.00,55,0.00,-0.63
231270,250.62,250.00,57,0.00,-0.62
231370,250.64,250.00,53,0.00,-0.64
231470,250.60,250.00,60,0.00,-0.60
231570,250.58,250.00,58,0.00,-0.58
231670,250.57,250.00,57,0.00,-0.57
231770,250.55,250.00,58,0.00,-0.55
231870,250.56,250.00,54,0.00,-0.56
231970,250.56,250.00,57,0.00,-0.56
232070,250.55,250.00,57,0.00,-0.55
232170,250.54,250.00,57,0.00,-0.54
232270,250.55,250.00,55,0.00,-0.55
232370,250.55,250.00,55,0.00,-0.55
232470,250.55,250.00,57,0.00,-0.55
232570,250.55,250.00,55,0.00,-0.55
232670,250.52,250.00,59,0.00,-0.52
232770,250.53,250.00,55,0.00,-0.53
232870,250.53,250.00,56,0.00,-0.53
232970,250.53,250.00,55,0.00,-0.53
233070,250.52,250.00,58,0.00,-0.52
233170,250.50,250.00,58,0.00,-0.50
233270,250.51,250.00,55,0.00,-0.51
233370,250.51,250.00,56,0.00,-0.51
233470,250.51,250.00,56,0.00,-0.51
233570,250.52,250.00,55,0.00,-0.52
233670,250.54,250.00,54,0.00,-0.54
233770,250.57,250.00,53,0.00,-0.57
233870,250.57,250.00,55,0.00,-0.57
233970,250.59,250.00,54,0.00,-0.59
234070,250.64,250.00,50,0.00,-0.64
234170,250.66,250.00,53,0.00,-0.66
234270,250.71,250.00,50,0.00,-0.71
234370,250.69,250.00,58,0.00,-0.69
234470,250.67,250.00,57,0.00,-0.67
234570,250.65,250.00,57,0.00,-0.65
234670,250.65,250.00,56,0.00,-0.65
234770,250.63,250.00,57,0.00,-0.63
234870,250.63,250.00,56,0.00,-0.63
234970,250.69,250.00,49,0.00,-0.69
235070,250.66,250.00,57,0.00,-0.66
235170,250.68,250.00,53,0.00,-0.68
235270,250.71,250.00,52,0.00,-0.71
235370,250.74,250.00,52,0.00,-0.74
235470,250.72,250.00,56,0.00,-0.72
235570,250.72,250.00,55,0.00,-0.72
235670,250.75,250.00,52,0.00,-0.75
235770,250.72,250.00,58,0.00,-0.72
235870,250.72,250.00,55,0.00,-0.72
235970,250.78,250.00,49,0.00,-0.78
236070,250.80,250.00,53,0.00,-0.80
236170,250.83,250.00,52,0.00,-0.83
236270,250.82,250.00,56,0.00,-0.82
236370,250.79,250.00,58,0.00,-0.79
236470,250.77,250.00,56,0.00,-0.77
236570,250.75,250.00,56,0.00,-0.75
236670,250.72,250.00,58,0.00,-0.72
236770,250.72,250.00,55,0.00,-0.72
236870,250.69,250.00,59,0.00,-0.69
236970,250.66,250.00,58,0.00,-0.66
237070,250.65,250.00,56,0.00,-0.65
237170,250.63,250.00,57,0.00,-0.63
237270,250.64,250.00,54,0.00,-0.64
237370,250.66,250.00,53,0.00,-0.66
237470,250.68,250.00,53,0.00,-0.68
237570,250.70,250.00,53,0.00,-0.70
237670,250.72,250.00,52,0.00,-0.72
237770,250.71,250.00,56,0.00,-0.71
237870,250.70,250.00,56,0.00,-0.70
237970,250.68,250.00,57,0.00,-0.68
238070,250.65,250.00,58,0.00,-0.65
238170,250.66,250.00,54,0.00,-0.66
238270,250.69,250.00,52,0.00,-0.69
238370,250.71,250.00,52,0.00,-0.71
238470,250.73,250.00,53,0.00,-0.73
238570,250.69,250.00,58,0.00,-0.69
238670,250.68,250.00,56,0.00,-0.68
238770,250.65,250.00,58,0.00,-0.65
238870,250.62,250.00,58,0.00,-0.62
238970,250.57,250.00,60,0.00,-0.57
239070,250.54,250.00,59,0.00,-0.54
239170,250.57,250.00,52,0.00,-0.57
239270,250.57,250.00,55,0.00,-0.57
239370,250.59,250.00,54,0.00,-0.59
239470,250.59,250.00,55,0.00,-0.59
239570,250.57,250.00,57,0.00,-0.57
239670,250.55,250.00,57,0.00,-0.55
239770,250.54,250.00,56,0.00,-0.54
239870,250.55,250.00,55,0.00,-0.55
239970,250.52,250.00,58,0.00,-0.52
240070,250.50,250.00,57,0.00,-0.50
240170,250.46,250.00,59,0.00,-0.46
240270,250.48,250.00,54,0.00,-0.48
240370,250.44,250.00,59,0.00,-0.44
240470,250.47,250.00,53,0.00,-0.47
240570,250.48,250.00,54,0.00,-0.48
240670,250.45,250.00,59,0.00,-0.45
240770,250.45,250.00,55,0.00,-0.45
240870,250.43,250.00,58,0.00,-0.43
240970,250.41,250.00,58,0.00,-0.41
241070,250.37,250.00,60,0.00,-0.37
241170,250.36,250.00,57,0.00,-0.36
241270,250.35,250.00,57,0.00,-0.35
241370,250.32,250.00,58,0.00,-0.32
241470,250.33,250.00,56,0.00,-0.33
241570,250.30,250.00,59,0.00,-0.30
241670,250.29,250.00,57,0.00,-0.29
241770,250.30,250.00,55,0.00,-0.30
241870,250.32,250.00,54,0.00,-0.32
241970,250.29,250.00,59,0.00,-0.29
242070,250.25,250.00,60,0.00,-0.25
242170,250.26,250.00,55,0.00,-0.26
242270,250.30,250.00,51,0.00,-0.30
242370,250.27,250.00,59,0.00,-0.27
242470,250.25,250.00,59,0.00,-0.25
242570,250.22,250.00,59,0.00,-0.22
242670,250.18,250.00,61,0.00,-0.18
242770,250.15,250.00,60,0.00,-0.15
242870,250.12,250.00,59,0.00,-0.12
242970,250.10,250.00,59,0.00,-0.10
243070,250.08,250.00,59,0.00,-0.08
243170,250.05,250.00,60,0.00,-0.05
243270,249.99,250.00,62,0.00,0.01
243370,249.99,250.00,57,0.00,0.01
243470,250.00,250.00,57,0.00,0.00
243570,249.98,250.00,58,0.00,0.02
243670,250.00,250.00,56,0.00,0.00
243770,249.98,250.00,60,0.00,0.02
243870,249.97,250.00,58,0.00,0.03
243970,249.96,250.00,58,0.00,0.04
244070,249.95,250.00,58,0.00,0.05
244170,249.91,250.00,62,0.00,0.09
244270,249.88,250.00,60,0.00,0.12
244370,249.89,250.00,56,0.00,0.11
244470,249.89,250.00,58,0.00,0.11
244570,249.86,250.00,61,0.00,0.14
244670,249.86,250.00,58,0.00,0.14
244770,249.89,250.00,55,0.00,0.11
244870,249.90,250.00,57,0.00,0.10
244970,249.90,250.00,58,0.00,0.10
245070,249.88,250.00,59,0.00,0.12
245170,249.88,250.00,58,0.00,0.12
245270,249.87,250.00,59,0.00,0.13
245370,249.86,250.00,59,0.00,0.14
245470,249.84,250.00,60,0.00,0.16
245570,249.82,250.00,60,0.00,0.18
245670,249.82,250.00,59,0.00,0.18
245770,249.82,250.00,57,0.00,0.18
245870,249.82,250.00,59,0.00,0.18
245970,249.82,250.00,57,0.00,0.18
246070,249.82,250.00,59,0.00,0.18
246170,249.77,250.00,64,0.00,0.23
246270,249.75,250.00,59,0.00,0.25
246370,249.73,250.00,61,0.00,0.27
246470,249.70,250.00,62,0.00,0.30
246570,249.67,250.00,62,0.00,0.33
246670,249.66,250.00,60,0.00,0.34
246770,249.63,250.00,61,0.00,0.37
246870,249.62,250.00,60,0.00,0.38
246970,249.60,250.00,61,0.00,0.40
247070,249.57,250.00,62,0.00,0.43
247170,249.54,250.00,62,0.00,0.46
247270,249.53,250.00,61,0.00,0.47
247370,249.53,250.00,59,0.00,0.47
247470,249.52,250.00,60,0.00,0.48
247570,249.54,250.00,57,0.00,0.46
247670,249.52,250.00,62,0.00,0.48
247770,249.52,250.00,59,0.00,0.48
247870,249.53,250.00,58,0.00,0.47
247970,249.52,250.00,61,0.00,0.48
248070,249.52,250.00,59,0.00,0.48
248170,249.52,250.00,59,0.00,0.48
248270,249.50,250.00,62,0.00,0.50
248370,249.48,250.00,62,0.00,0.52
248470,249.49,250.00,58,0.00,0.51
248570,249.53,250.00,55,0.00,0.47
248670,249.52,250.00,61,0.00,0.48
248770,249.50,250.00,62,0.00,0.50
248870,249.50,250.00,59,0.00,0.50
248970,249.50,250.00,59,0.00,0.50
249070,249.47,250.00,63,0.00,0.53
249170,249.43,250.00,64,0.00,0.57
249270,249.39,250.00,64,0.00,0.61
249370,249.39,250.00,60,0.00,0.61
249470,249.43,250.00,56,0.00,0.57
249570,249.41,250.00,62,0.00,0.59
249670,249.41,250.00,60,0.00,0.59
249770,249.37,250.00,64,0.00,0.63
249870,249.36,250.00,61,0.00,0.64
249970,249.37,250.00,60,0.00,0.63
250070,249.37,250.00,60,0.00,0.63
250170,249.39,250.00,58,0.00,0.61
250270,249.38,250.00,61,0.00,0.62
250370,249.35,250.00,63,0.00,0.65
250470,249.33,250.00,62,0.00,0.67
250570,249.31,250.00,62,0.00,0.69
250670,249.28,250.00,64,0.00,0.72
250770,249.29,250.00,59,0.00,0.71
250870,249.28,250.00,62,0.00,0.72
250970,249.26,250.00,63,0.00,0.74
251070,249.25,250.00,62,0.00,0.75
251170,249.24,250.00,61,0.00,0.76
251270,249.26,250.00,59,0.00,0.74
251370,249.24,250.00,63,0.00,0.76
251470,249.22,250.00,63,0.00,0.78
251570,249.21,250.00,61,0.00,0.79
251670,249.21,250.00,61,0.00,0.79
251770,249.23,250.00,59,0.00,0.77
251870,249.25,250.00,59,0.00,0.75
251970,249.24,250.00,62,0.00,0.76
252070,249.27,250.00,58,0.00,0.73
252170,249.26,250.00,62,0.00,0.74
252270,249.28,250.00,59,0.00,0.72
252370,249.30,250.00,58,0.00,0.70
252470,249.30,250.00,61,0.00,0.70
252570,249.29,250.00,62,0.00,0.71
252670,249.28,250.00,62,0.00,0.72
252770,249.25,250.00,63,0.00,0.75
252870,249.28,250.00,58,0.00,0.72
252970,249.33,250.00,56,0.00,0.67
253070,249.33,250.00,61,0.00,0.67
253170,249.35,250.00,59,0.00,0.65
253270,249.33,250.00,62,0.00,0.67
253370,249.29,250.00,65,0.00,0.71
253470,249.28,250.00,62,0.00,0.72
253570,249.26,250.00,63,0.00,0.74
253670,249.25,250.00,62,0.00,0.75
253770,249.23,250.00,63,0.00,0.77
253870,249.27,250.00,57,0.00,0.73
253970,249.25,250.00,63,0.00,0.75
254070,249.27,250.00,59,0.00,0.73
254170,249.27,250.00,61,0.00,0.73
254270,249.27,250.00,61,0.00,0.73
254370,249.26,250.00,62,0.00,0.74
254470,249.29,250.00,58,0.00,0.71
254570,249.32,250.00,57,0.00,0.68
254670,249.31,250.00,62,0.00,0.69
254770,249.35,250.00,56,0.00,0.65
254870,249.38,250.00,58,0.00,0.62
254970,249.39,250.00,60,0.00,0.61
255070,249.39,250.00,60,0.00,0.61
255170,249.39,250.00,60,0.00,0.61
255270,249.42,250.00,58,0.00,0.58
255370,249.42,250.00,61,0.00,0.58
255470,249.39,250.00,63,0.00,0.61
255570,249.38,250.00,62,0.00,0.62
255670,249.37,250.00,62,0.00,0.63
255770,249.38,250.00,60,0.00,0.62
255870,249.39,250.00,59,0.00,0.61
255970,249.44,250.00,56,0.00,0.56
256070,249.45,250.00,60,0.00,0.55
256170,249.47,250.00,58,0.00,0.53
256270,249.50,250.00,57,0.00,0.50
256370,249.50,250.00,60,0.00,0.50
256470,249.50,250.00,60,0.00,0.50
256570,249.51,250.00,60,0.00,0.49
256670,249.52,250.00,59,0.00,0.48
256770,249.50,250.00,63,0.00,0.50
256870,249.51,250.00,59,0.00,0.49
256970,249.54,250.00,58,0.00,0.46
257070,249.56,250.00,58,0.00,0.44
257170,249.61,250.00,55,0.00,0.39
257270,249.57,250.00,63,0.00,0.43
257370,249.58,250.00,59,0.00,0.42
257470,249.56,250.00,62,0.00,0.44
257570,249.54,250.00,63,0.00,0.46
257670,249.51,250.00,63,0.00,0.49
257770,249.49,250.00,63,0.00,0.51
257870,249.49,250.00,60,0.00,0.51
257970,249.51,250.00,59,0.00,0.49
258070,249.51,250.00,60,0.00,0.49
258170,249.49,250.00,63,0.00,0.51
258270,249.49,250.00,60,0.00,0.51
258370,249.49,250.00,61,0.00,0.51
258470,249.49,250.00,60,0.00,0.51
258570,249.49,250.00,60,0.00,0.51
258670,249.50,250.00,60,0.00,0.50
258770,249.52,250.00,58,0.00,0.48
258870,249.52,250.00,60,0.00,0.48
258970,249.51,250.00,62,0.00,0.49
259070,249.49,250.00,63,0.00,0.51
259170,249.48,250.00,61,0.00,0.52
259270,249.49,250.00,60,0.00,0.51
259370,249.50,250.00,59,0.00,0.50
259470,249.51,250.00,60,0.00,0.49
259570,249.50,250.00,61,0.00,0.50
259670,249.49,250.00,61,0.00,0.51
259770,249.47,250.00,63,0.00,0.53
259870,249.46,250.00,61,0.00,0.54
259970,249.48,250.00,59,0.00,0.52
260070,249.49,250.00,60,0.00,0.51
260170,249.51,250.00,58,0.00,0.49
260270,249.50,250.00,62,0.00,0.50
260370,249.51,250.00,60,0.00,0.49
260470,249.54,250.00,57,0.00,0.46
260570,249.54,250.00,61,0.00,0.46
260670,249.56,250.00,58,0.00,0.44
260770,249.58,250.00,58,0.00,0.42
260870,249.57,250.00,62,0.00,0.43
260970,249.59,250.00,58,0.00,0.41
261070,249.61,250.00,58,0.00,0.39
261170,249.62,250.00,58,0.00,0.38
261270,249.61,250.00,61,0.00,0.39
261370,249.64,250.00,57,0.00,0.36
261470,249.68,250.00,56,0.00,0.32
261570,249.66,250.00,61,0.00,0.34
261670,249.66,250.00,60,0.00,0.34
261770,249.63,250.00,63,0.00,0.37
261870,249.64,250.00,60,0.00,0.36
261970,249.66,250.00,57,0.00,0.34
262070,249.67,250.00,59,0.00,0.33
262170,249.67,250.00,60,0.00,0.33
262270,249.69,250.00,58,0.00,0.31
262370,249.71,250.00,58,0.00,0.29
262470,249.72,250.00,59,0.00,0.28
262570,249.72,250.00,59,0.00,0.28
262670,249.73,250.00,59,0.00,0.27
262770,249.71,250.00,62,0.00,0.29
262870,249.71,250.00,59,0.00,0.29
262970,249.73,250.00,58,0.00,0.27
263070,249.76,250.00,57,0.00,0.24
263170,249.81,250.00,55,0.00,0.19
263270,249.78,250.00,62,0.00,0.22
263370,249.78,250.00,60,0.00,0.22
263470,249.76,250.00,61,0.00,0.24
263570,249.75,250.00,61,0.00,0.25
263670,249.75,250.00,60,0.00,0.25
263770,249.75,250.00,60,0.00,0.25
263870,249.74,250.00,61,0.00,0.26
263970,249.73,250.00,61,0.00,0.27
264070,249.73,250.00,61,0.00,0.27
264170,249.73,250.00,59,0.00,0.27
264270,249.73,250.00,59,0.00,0.27
264370,249.75,250.00,58,0.00,0.25
264470,249.75,250.00,60,0.00,0.25
264570,249.78,250.00,57,0.00,0.22
264670,249.76,250.00,61,0.00,0.24
264770,249.79,250.00,57,0.00,0.21
264870,249.77,250.00,61,0.00,0.23
264970,249.81,250.00,56,0.00,0.19
265070,249.83,250.00,57,0.00,0.17
265170,249.87,250.00,55,0.00,0.13
265270,249.91,250.00,55,0.00,0.09
265370,249.96,250.00,53,0.00,0.04
265470,249.99,250.00,56,0.00,0.01
265570,250.02,250.00,56,0.00,-0.02
265670,250.06,250.00,54,0.00,-0.06
265770,250.09,250.00,55,0.00,-0.09
265870,250.12,250.00,56,0.00,-0.12
265970,250.13,250.00,57,0.00,-0.13
266070,250.13,250.00,58,0.00,-0.13
266170,250.13,250.00,58,0.00,-0.13
266270,250.14,250.00,57,0.00,-0.14
266370,250.16,250.00,56,0.00,-0.16
266470,250.22,250.00,52,0.00,-0.22
266570,250.25,250.00,55,0.00,-0.25
266670,250.27,250.00,55,0.00,-0.27
266770,250.26,250.00,59,0.00,-0.26
266870,250.25,250.00,58,0.00,-0.25
266970,250.25,250.00,58,0.00,-0.25
267070,250.29,250.00,54,0.00,-0.29
267170,250.26,250.00,61,0.00,-0.26
267270,250.26,250.00,58,0.00,-0.26
267370,250.27,250.00,57,0.00,-0.27
267470,250.25,250.00,59,0.00,-0.25
267570,250.29,250.00,54,0.00,-0.29
267670,250.33,250.00,53,0.00,-0.33
267770,250.37,250.00,53,0.00,-0.37
267870,250.40,250.00,55,0.00,-0.40
267970,250.40,250.00,56,0.00,-0.40
268070,250.41,250.00,56,0.00,-0.41
268170,250.40,250.00,59,0.00,-0.40
268270,250.38,250.00,59,0.00,-0.38
268370,250.34,250.00,61,0.00,-0.34
268470,250.31,250.00,61,0.00,-0.31
268570,250.34,250.00,54,0.00,-0.34
268670,250.36,250.00,55,0.00,-0.36
268770,250.38,250.00,56,0.00,-0.38
268870,250.40,250.00,55,0.00,-0.40
268970,250.41,250.00,56,0.00,-0.41
269070,250.37,250.00,61,0.00,-0.37
269170,250.39,250.00,55,0.00,-0.39
269270,250.36,250.00,60,0.00,-0.36
269370,250.36,250.00,57,0.00,-0.36
269470,250.39,250.00,55,0.00,-0.39
269570,250.45,250.00,51,0.00,-0.45
269670,250.44,250.00,58,0.00,-0.44
269770,250.43,250.00,58,0.00,-0.43
269870,250.45,250.00,55,0.00,-0.45
269970,250.46,250.00,55,0.00,-0.46
270070,250.48,250.00,55,0.00,-0.48
270170,250.48,250.00,57,0.00,-0.48
270270,250.45,250.00,59,0.00,-0.45
270370,250.42,250.00,60,0.00,-0.42
270470,250.40,250.00,59,0.00,-0.40
270570,250.39,250.00,59,0.00,-0.39
270670,250.42,250.00,53,0.00,-0.42
270770,250.43,250.00,56,0.00,-0.43
270870,250.43,250.00,56,0.00,-0.43
270970,250.43,250.00,57,0.00,-0.43
271070,250.41,250.00,59,0.00,-0.41
271170,250.37,250.00,61,0.00,-0.37
271270,250.38,250.00,56,0.00,-0.38
271370,250.35,250.00,60,0.00,-0.35
271470,250.35,250.00,57,0.00,-0.35
271570,250.34,250.00,58,0.00,-0.34
271670,250.41,250.00,51,0.00,-0.41
271770,250.47,250.00,50,0.00,-0.47
271870,250.50,250.00,54,0.00,-0.50
271970,250.47,250.00,59,0.00,-0.47
272070,250.47,250.00,56,0.00,-0.47
272170,250.44,250.00,60,0.00,-0.44
272270,250.41,250.00,60,0.00,-0.41
272370,250.38,250.00,60,0.00,-0.38
272470,250.38,250.00,57,0.00,-0.38
272570,250.36,250.00,58,0.00,-0.36
272670,250.34,250.00,59,0.00,-0.34
272770,250.33,250.00,58,0.00,-0.33
272870,250.35,250.00,55,0.00,-0.35
272970,250.34,250.00,58,0.00,-0.34
273070,250.31,250.00,59,0.00,-0.31
273170,250.33,250.00,55,0.00,-0.33
273270,250.33,250.00,57,0.00,-0.33
273370,250.36,250.00,54,0.00,-0.36
273470,250.33,250.00,61,0.00,-0.33
273570,250.31,250.00,59,0.00,-0.31
273670,250.35,250.00,53,0.00,-0.35
273770,250.34,250.00,58,0.00,-0.34
273870,250.33,250.00,58,0.00,-0.33
273970,250.30,250.00,60,0.00,-0.30
274070,250.27,250.00,60,0.00,-0.27
274170,250.29,250.00,55,0.00,-0.29
274270,250.30,250.00,56,0.00,-0.30
274370,250.29,250.00,58,0.00,-0.29
274470,250.26,250.00,60,0.00,-0.26
274570,250.24,250.00,60,0.00,-0.24
274670,250.21,250.00,60,0.00,-0.21
274770,250.18,250.00,61,0.00,-0.18
274870,250.20,250.00,56,0.00,-0.20
274970,250.19,250.00,58,0.00,-0.19
275070,250.21,250.00,56,0.00,-0.21
275170,250.24,250.00,55,0.00,-0.24
275270,250.25,250.00,56,0.00,-0.25
275370,250.26,250.00,56,0.00,-0.26
275470,250.29,250.00,54,0.00,-0.29
275570,250.29,250.00,58,0.00,-0.29
275670,250.28,250.00,58,0.00,-0.28
275770,250.28,250.00,58,0.00,-0.28
275870,250.31,250.00,54,0.00,-0.31
275970,250.35,250.00,53,0.00,-0.35
276070,250.39,250.00,53,0.00,-0.39
276170,250.40,250.00,56,0.00,-0.40
276270,250.37,250.00,59,0.00,-0.37
276370,250.37,250.00,57,0.00,-0.37
276470,250.37,250.00,57,0.00,-0.37
276570,250.35,250.00,59,0.00,-0.35
276670,250.36,250.00,55,0.00,-0.36
276770,250.36,250.00,57,0.00,-0.36
276870,250.35,250.00,58,0.00,-0.35
276970,250.36,250.00,55,0.00,-0.36
277070,250.36,250.00,57,0.00,-0.36
277170,250.37,250.00,55,0.00,-0.37
277270,250.35,250.00,59,0.00,-0.35
277370,250.34,250.00,58,0.00,-0.34
277470,250.31,250.00,60,0.00,-0.31
277570,250.30,250.00,58,0.00,-0.30
277670,250.27,250.00,60,0.00,-0.27
277770,250.28,250.00,56,0.00,-0.28
277870,250.28,250.00,57,0.00,-0.28
277970,250.33,250.00,51,0.00,-0.33
278070,250.35,250.00,55,0.00,-0.35
278170,250.39,250.00,53,0.00,-0.39
278270,250.40,250.00,56,0.00,-0.40
278370,250.39,250.00,57,0.00,-0.39
278470,250.39,250.00,57,0.00,-0.39
278570,250.37,250.00,58,0.00,-0.37
278670,250.34,250.00,60,0.00,-0.34
278770,250.33,250.00,58,0.00,-0.33
278870,250.32,250.00,58,0.00,-0.32
278970,250.32,250.00,56,0.00,-0.32
279070,250.32,250.00,58,0.00,-0.32
279170,250.30,250.00,59,0.00,-0.30
279270,250.30,250.00,56,0.00,-0.30
279370,250.27,250.00,60,0.00,-0.27
279470,250.28,250.00,56,0.00,-0.28
279570,250.24,250.00,61,0.00,-0.24
279670,250.24,250.00,57,0.00,-0.24
279770,250.25,250.00,56,0.00,-0.25
279870,250.28,250.00,55,0.00,-0.28
279970,250.27,250.00,57,0.00,-0.27
280070,250.25,250.00,60,0.00,-0.25
280170,250.22,250.00,60,0.00,-0.22
280270,250.21,250.00,58,0.00,-0.21
280370,250.24,250.00,54,0.00,-0.24
280470,250.26,250.00,55,0.00,-0.26
280570,250.27,250.00,56,0.00,-0.27
280670,250.27,250.00,57,0.00,-0.27
280770,250.27,250.00,57,0.00,-0.27
280870,250.24,250.00,60,0.00,-0.24
280970,250.23,250.00,58,0.00,-0.23
281070,250.22,250.00,58,0.00,-0.22
281170,250.22,250.00,57,0.00,-0.22
281270,250.20,250.00,59,0.00,-0.20
281370,250.22,250.00,55,0.00,-0.22
281470,250.20,250.00,59,0.00,-0.20
281570,250.20,250.00,57,0.00,-0.20
281670,250.23,250.00,54,0.00,-0.23
281770,250.23,250.00,57,0.00,-0.23
281870,250.24,250.00,56,0.00,-0.24
281970,250.24,250.00,57,0.00,-0.24
282070,250.28,250.00,53,0.00,-0.28
282170,250.26,250.00,58,0.00,-0.26
282270,250.27,250.00,56,0.00,-0.27
282370,250.25,250.00,60,0.00,-0.25
282470,250.26,250.00,56,0.00,-0.26
282570,250.25,250.00,58,0.00,-0.25
282670,250.27,250.00,54,0.00,-0.27
282770,250.28,250.00,56,0.00,-0.28
282870,250.26,250.00,58,0.00,-0.26
282970,250.27,250.00,56,0.00,-0.27
283070,250.27,250.00,57,0.00,-0.27
283170,250.26,250.00,58,0.00,-0.26
283270,250.27,250.00,56,0.00,-0.27
283370,250.26,250.00,57,0.00,-0.26
283470,250.25,250.00,58,0.00,-0.25
283570,250.27,250.00,54,0.00,-0.27
283670,250.28,250.00,56,0.00,-0.28
283770,250.24,250.00,61,0.00,-0.24
283870,250.27,250.00,54,0.00,-0.27
283970,250.24,250.00,60,0.00,-0.24
284070,250.23,250.00,58,0.00,-0.23
284170,250.28,250.00,52,0.00,-0.28
284270,250.30,250.00,55,0.00,-0.30
284370,250.31,250.00,56,0.00,-0.31
284470,250.30,250.00,57,0.00,-0.30
284570,250.28,250.00,58,0.00,-0.28
284670,250.25,250.00,60,0.00,-0.25
284770,250.23,250.00,59,0.00,-0.23
284870,250.24,250.00,56,0.00,-0.24
284970,250.23,250.00,58,0.00,-0.23
285070,250.23,250.00,57,0.00,-0.23
285170,250.26,250.00,54,0.00,-0.26
285270,250.26,250.00,57,0.00,-0.26
285370,250.27,250.00,56,0.00,-0.27
285470,250.29,250.00,55,0.00,-0.29
285570,250.32,250.00,53,0.00,-0.32
285670,250.34,250.00,55,0.00,-0.34
285770,250.34,250.00,56,0.00,-0.34
285870,250.37,250.00,54,0.00,-0.37
285970,250.37,250.00,56,0.00,-0.37
286070,250.39,250.00,54,0.00,-0.39
286170,250.40,250.00,55,0.00,-0.40
286270,250.41,250.00,55,0.00,-0.41
286370,250.38,250.00,59,0.00,-0.38
286470,250.39,250.00,55,0.00,-0.39
286570,250.43,250.00,51,0.00,-0.43
286670,250.44,250.00,56,0.00,-0.44
286770,250.46,250.00,54,0.00,-0.46
286870,250.43,250.00,58,0.00,-0.43
286970,250.45,250.00,54,0.00,-0.45
287070,250.44,250.00,57,0.00,-0.44
287170,250.43,250.00,57,0.00,-0.43
287270,250.42,250.00,58,0.00,-0.42
287370,250.43,250.00,54,0.00,-0.43
287470,250.43,250.00,57,0.00,-0.43
287570,250.41,250.00,58,0.00,-0.41
287670,250.42,250.00,55,0.00,-0.42
287770,250.42,250.00,55,0.00,-0.42
287870,250.43,250.00,55,0.00,-0.43
287970,250.45,250.00,54,0.00,-0.45
288070,250.46,250.00,54,0.00,-0.46
288170,250.45,250.00,57,0.00,-0.45
288270,250.47,250.00,54,0.00,-0.47
288370,250.45,250.00,58,0.00,-0.45
288470,250.46,250.00,54,0.00,-0.46
288570,250.44,250.00,58,0.00,-0.44
288670,250.41,250.00,59,0.00,-0.41
288770,250.39,250.00,58,0.00,-0.39
288870,250.36,250.00,59,0.00,-0.36
288970,250.36,250.00,56,0.00,-0.36
289070,250.36,250.00,56,0.00,-0.36
289170,250.33,250.00,60,0.00,-0.33
289270,250.31,250.00,58,0.00,-0.31
289370,250.28,250.00,60,0.00,-0.28
289470,250.29,250.00,56,0.00,-0.29
289570,250.28,250.00,57,0.00,-0.28
289670,250.27,250.00,58,0.00,-0.27
289770,250.25,250.00,58,0.00,-0.25
289870,250.24,250.00,58,0.00,-0.24
289970,250.24,250.00,57,0.00,-0.24
290070,250.26,250.00,54,0.00,-0.26
290170,250.30,250.00,53,0.00,-0.30
290270,250.27,250.00,59,0.00,-0.27
290370,250.29,250.00,54,0.00,-0.29
290470,250.29,250.00,57,0.00,-0.29
290570,250.31,250.00,54,0.00,-0.31
290670,250.32,250.00,54,0.00,-0.32
290770,250.34,250.00,55,0.00,-0.34
290870,250.34,250.00,56,0.00,-0.34
290970,250.36,250.00,55,0.00,-0.36
291070,250.34,250.00,57,0.00,-0.34
291170,250.33,250.00,57,0.00,-0.33
291270,250.31,250.00,58,0.00,-0.31
291370,250.28,250.00,59,0.00,-0.28
291470,250.27,250.00,58,0.00,-0.27
291570,250.24,250.00,59,0.00,-0.24
291670,250.23,250.00,58,0.00,-0.23
291770,250.21,250.00,59,0.00,-0.21
291870,250.22,250.00,55,0.00,-0.22
291970,250.22,250.00,56,0.00,-0.22
292070,250.21,250.00,58,0.00,-0.21
292170,250.23,250.00,55,0.00,-0.23
292270,250.24,250.00,55,0.00,-0.24
292370,250.23,250.00,58,0.00,-0.23
292470,250.20,250.00,60,0.00,-0.20
292570,250.16,250.00,60,0.00,-0.16
292670,250.18,250.00,55,0.00,-0.18
292770,250.19,250.00,56,0.00,-0.19
292870,250.22,250.00,54,0.00,-0.22
292970,250.21,250.00,58,0.00,-0.21
293070,250.21,250.00,56,0.00,-0.21
293170,250.22,250.00,56,0.00,-0.22
293270,250.17,250.00,61,0.00,-0.17
293370,250.12,250.00,62,0.00,-0.12
293470,250.08,250.00,61,0.00,-0.08
293570,250.06,250.00,59,0.00,-0.06
293670,250.07,250.00,57,0.00,-0.07
293770,250.05,250.00,59,0.00,-0.05
293870,250.06,250.00,56,0.00,-0.06
293970,250.03,250.00,60,0.00,-0.03
294070,250.05,250.00,55,0.00,-0.05
294170,250.05,250.00,58,0.00,-0.05
294270,250.05,250.00,56,0.00,-0.05
294370,250.04,250.00,59,0.00,-0.04
294470,250.01,250.00,60,0.00,-0.01
294570,249.99,250.00,60,0.00,0.01
294670,249.96,250.00,60,0.00,0.04
294770,249.98,250.00,56,0.00,0.02
294870,249.96,250.00,60,0.00,0.04
294970,249.97,250.00,56,0.00,0.03
295070,250.03,250.00,52,0.00,-0.03
295170,250.08,250.00,51,0.00,-0.08
295270,250.08,250.00,58,0.00,-0.08
295370,250.08,250.00,57,0.00,-0.08
295470,250.06,250.00,59,0.00,-0.06
295570,250.04,250.00,59,0.00,-0.04
295670,250.04,250.00,58,0.00,-0.04
295770,250.04,250.00,58,0.00,-0.04
295870,250.02,250.00,59,0.00,-0.02
295970,250.02,250.00,58,0.00,-0.02
296070,250.03,250.00,56,0.00,-0.03
296170,250.00,250.00,60,0.00,-0.00
296270,250.00,250.00,57,0.00,-0.00
296370,249.97,250.00,61,0.00,0.03
296470,249.97,250.00,57,0.00,0.03
296570,249.99,250.00,56,0.00,0.01
296670,249.98,250.00,59,0.00,0.02
296770,250.02,250.00,54,0.00,-0.02
296870,250.00,250.00,59,0.00,-0.00
296970,249.98,250.00,60,0.00,0.02
297070,249.96,250.00,60,0.00,0.04
297170,249.94,250.00,60,0.00,0.06
297270,249.92,250.00,59,0.00,0.08
297370,249.93,250.00,57,0.00,0.07
297470,249.91,250.00,59,0.00,0.09
297570,249.89,250.00,61,0.00,0.11
297670,249.85,250.00,62,0.00,0.15
297770,249.84,250.00,59,0.00,0.16
297870,249.83,250.00,59,0.00,0.17
297970,249.83,250.00,59,0.00,0.17
298070,249.82,250.00,59,0.00,0.18
298170,249.80,250.00,60,0.00,0.20
298270,249.79,250.00,60,0.00,0.21
298370,249.80,250.00,57,0.00,0.20
298470,249.78,250.00,60,0.00,0.22
298570,249.77,250.00,60,0.00,0.23
298670,249.75,250.00,61,0.00,0.25
298770,249.72,250.00,61,0.00,0.28
298870,249.73,250.00,58,0.00,0.27
298970,249.73,250.00,58,0.00,0.27
299070,249.76,250.00,56,0.00,0.24
299170,249.75,250.00,60,0.00,0.25
299270,249.71,250.00,62,0.00,0.29
299370,249.70,250.00,61,0.00,0.30
299470,249.68,250.00,60,0.00,0.32
299570,249.66,250.00,60,0.00,0.34
299670,249.64,250.00,61,0.00,0.36
299770,249.62,250.00,61,0.00,0.38
299870,249.62,250.00,59,0.00,0.38
299970,249.62,250.00,59,0.00,0.38
300070,249.66,250.00,55,0.00,0.34
300170,249.65,250.00,60,0.00,0.35
300270,249.64,250.00,60,0.00,0.36
300370,249.66,250.00,56,0.00,0.34
300470,249.66,250.00,59,0.00,0.34
300570,249.62,250.00,63,0.00,0.38
300670,249.62,250.00,59,0.00,0.38
300770,249.64,250.00,58,0.00,0.36
300870,249.65,250.00,58,0.00,0.35
300970,249.64,250.00,60,0.00,0.36
301070,249.60,250.00,63,0.00,0.40
301170,249.60,250.00,60,0.00,0.40
301270,249.59,250.00,60,0.00,0.41
301370,249.58,250.00,60,0.00,0.42
301470,249.58,250.00,60,0.00,0.42
301570,249.57,250.00,60,0.00,0.43
301670,249.55,250.00,62,0.00,0.45
301770,249.53,250.00,61,0.00,0.47
301870,249.53,250.00,60,0.00,0.47
301970,249.57,250.00,56,0.00,0.43
302070,249.56,250.00,60,0.00,0.44
302170,249.57,250.00,59,0.00,0.43
302270,249.57,250.00,60,0.00,0.43
302370,249.56,250.00,60,0.00,0.44
302470,249.57,250.00,59,0.00,0.43
302570,249.56,250.00,61,0.00,0.44
302670,249.55,250.00,60,0.00,0.45
302770,249.56,250.00,59,0.00,0.44
302870,249.57,250.00,59,0.00,0.43
302970,249.58,250.00,59,0.00,0.42
303070,249.59,250.00,59,0.00,0.41
303170,249.54,250.00,64,0.00,0.46
303270,249.55,250.00,58,0.00,0.45
303370,249.58,250.00,57,0.00,0.42
303470,249.57,250.00,60,0.00,0.43
303570,249.58,250.00,59,0.00,0.42
303670,249.57,250.00,60,0.00,0.43
303770,249.55,250.00,62,0.00,0.45
303870,249.53,250.00,61,0.00,0.47
303970,249.51,250.00,62,0.00,0.49
304070,249.49,250.00,62,0.00,0.51
304170,249.48,250.00,61,0.00,0.52
304270,249.50,250.00,58,0.00,0.50
304370,249.48,250.00,62,0.00,0.52
304470,249.50,250.00,57,0.00,0.50
304570,249.52,250.00,58,0.00,0.48
304670,249.51,250.00,61,0.00,0.49
304770,249.52,250.00,58,0.00,0.48
304870,249.52,250.00,60,0.00,0.48
304970,249.50,250.00,62,0.00,0.50
305070,249.48,250.00,62,0.00,0.52
305170,249.46,250.00,62,0.00,0.54
305270,249.43,250.00,63,0.00,0.57
305370,249.45,250.00,58,0.00,0.55
305470,249.44,250.00,62,0.00,0.56
305570,249.41,250.00,63,0.00,0.59
305670,249.40,250.00,62,0.00,0.60
305770,249.39,250.00,61,0.00,0.61
305870,249.37,250.00,63,0.00,0.63
305970,249.35,250.00,62,0.00,0.65
306070,249.33,250.00,62,0.00,0.67
306170,249.33,250.00,61,0.00,0.67
306270,249.31,250.00,62,0.00,0.69
306370,249.36,250.00,56,0.00,0.64
306470,249.34,250.00,62,0.00,0.66
306570,249.37,250.00,57,0.00,0.63
306670,249.37,250.00,60,0.00,0.63
306770,249.40,250.00,58,0.00,0.60
306870,249.39,250.00,62,0.00,0.61
306970,249.43,250.00,57,0.00,0.57
307070,249.44,250.00,59,0.00,0.56
307170,249.45,250.00,59,0.00,0.55
307270,249.49,250.00,56,0.00,0.51
307370,249.55,250.00,54,0.00,0.45
307470,249.56,250.00,59,0.00,0.44
307570,249.61,250.00,55,0.00,0.39
307670,249.62,250.00,58,0.00,0.38
307770,249.60,250.00,62,0.00,0.40
307870,249.57,250.00,63,0.00,0.43
307970,249.53,250.00,64,0.00,0.47
308070,249.50,250.00,64,0.00,0.50
308170,249.48,250.00,62,0.00,0.52
308270,249.47,250.00,61,0.00,0.53
308370,249.46,250.00,61,0.00,0.54
308470,249.47,250.00,60,0.00,0.53
308570,249.44,250.00,63,0.00,0.56
308670,249.45,250.00,59,0.00,0.55
308770,249.45,250.00,61,0.00,0.55
308870,249.45,250.00,60,0.00,0.55
308970,249.45,250.00,61,0.00,0.55
309070,249.45,250.00,61,0.00,0.55
309170,249.42,250.00,63,0.00,0.58
309270,249.41,250.00,62,0.00,0.59
309370,249.42,250.00,59,0.00,0.58
309470,249.44,250.00,58,0.00,0.56
309570,249.45,250.00,60,0.00,0.55
309670,249.42,250.00,63,0.00,0.58
309770,249.41,250.00,62,0.00,0.59
309870,249.42,250.00,59,0.00,0.58
309970,249.41,250.00,62,0.00,0.59
310070,249.37,250.00,64,0.00,0.63
310170,249.34,250.00,64,0.00,0.66
310270,249.32,250.00,63,0.00,0.68
310370,249.31,250.00,63,0.00,0.69
310470,249.31,250.00,61,0.00,0.69
310570,249.33,250.00,59,0.00,0.67
310670,249.33,250.00,61,0.00,0.67
310770,249.36,250.00,58,0.00,0.64
310870,249.35,250.00,62,0.00,0.65
310970,249.36,250.00,60,0.00,0.64
311070,249.35,250.00,62,0.00,0.65
311170,249.35,250.00,62,0.00,0.65
311270,249.33,250.00,63,0.00,0.67
311370,249.32,250.00,61,0.00,0.68
311470,249.31,250.00,63,0.00,0.69
311570,249.28,250.00,64,0.00,0.72
311670,249.31,250.00,59,0.00,0.69
311770,249.35,250.00,56,0.00,0.65
311870,249.34,250.00,63,0.00,0.66
311970,249.36,250.00,59,0.00,0.64
312070,249.34,250.00,63,0.00,0.66
312170,249.31,250.00,64,0.00,0.69
312270,249.28,250.00,64,0.00,0.72
312370,249.26,250.00,64,0.00,0.74
312470,249.26,250.00,61,0.00,0.74
312570,249.26,250.00,62,0.00,0.74
312670,249.27,250.00,60,0.00,0.73
312770,249.25,250.00,64,0.00,0.75
312870,249.24,250.00,62,0.00,0.76
312970,249.26,250.00,60,0.00,0.74
313070,249.26,250.00,61,0.00,0.74
313170,249.27,250.00,61,0.00,0.73
313270,249.26,250.00,63,0.00,0.74
313370,249.24,250.00,64,0.00,0.76
313470,249.22,250.00,64,0.00,0.78
313570,249.20,250.00,63,0.00,0.80
313670,249.23,250.00,58,0.00,0.77
313770,249.24,250.00,61,0.00,0.76
313870,249.27,250.00,59,0.00,0.73
313970,249.27,250.00,61,0.00,0.73
314070,249.26,250.00,63,0.00,0.74
314170,249.24,250.00,64,0.00,0.76
314270,249.22,250.00,64,0.00,0.78
314370,249.22,250.00,62,0.00,0.78
314470,249.24,250.00,60,0.00,0.76
314570,249.22,250.00,64,0.00,0.78
314670,249.21,250.00,62,0.00,0.79
314770,249.23,250.00,60,0.00,0.77
314870,249.20,250.00,65,0.00,0.80
314970,249.20,250.00,62,0.00,0.80
315070,249.21,250.00,61,0.00,0.79
315170,249.21,250.00,62,0.00,0.79
315270,249.22,250.00,61,0.00,0.78
315370,249.22,250.00,61,0.00,0.78
315470,249.21,250.00,64,0.00,0.79
315570,249.19,250.00,64,0.00,0.81
315670,249.18,250.00,64,0.00,0.82
315770,249.19,250.00,61,0.00,0.81
315870,249.18,250.00,64,0.00,0.82
315970,249.15,250.00,65,0.00,0.85
316070,249.19,250.00,58,0.00,0.81
316170,249.18,250.00,64,0.00,0.82
316270,249.15,250.00,65,0.00,0.85
316370,249.16,250.00,62,0.00,0.84
316470,249.13,250.00,65,0.00,0.87
316570,249.11,250.00,64,0.00,0.89
316670,249.13,250.00,61,0.00,0.87
316770,249.16,250.00,60,0.00,0.84
316870,249.18,250.00,60,0.00,0.82
316970,249.17,250.00,64,0.00,0.83
317070,249.21,250.00,59,0.00,0.79
317170,249.19,250.00,64,0.00,0.81
317270,249.21,250.00,60,0.00,0.79
317370,249.22,250.00,61,0.00,0.78
317470,249.24,250.00,60,0.00,0.76
317570,249.22,250.00,64,0.00,0.78
317670,249.22,250.00,63,0.00,0.78
317770,249.21,250.00,63,0.00,0.79
317870,249.19,250.00,65,0.00,0.81
317970,249.18,250.00,63,0.00,0.82
318070,249.17,250.00,64,0.00,0.83
318170,249.17,250.00,62,0.00,0.83
318270,249.17,250.00,63,0.00,0.83
318370,249.17,250.00,63,0.00,0.83
318470,249.15,250.00,65,0.00,0.85
318570,249.14,250.00,64,0.00,0.86
318670,249.13,250.00,64,0.00,0.87
318770,249.14,250.00,62,0.00,0.86
318870,249.15,250.00,61,0.00,0.85
318970,249.19,250.00,59,0.00,0.81
319070,249.20,250.00,61,0.00,0.80
319170,249.21,250.00,62,0.00,0.79
319270,249.24,250.00,59,0.00,0.76
319370,249.25,250.00,62,0.00,0.75
319470,249.25,250.00,62,0.00,0.75
319570,249.27,250.00,61,0.00,0.73
319670,249.28,250.00,61,0.00,0.72
319770,249.28,250.00,62,0.00,0.72
319870,249.28,250.00,62,0.00,0.72
319970,249.31,250.00,60,0.00,0.69
320070,249.29,250.00,64,0.00,0.71
320170,249.29,250.00,62,0.00,0.71
320270,249.29,250.00,62,0.00,0.71
320370,249.33,250.00,59,0.00,0.67
320470,249.35,250.00,60,0.00,0.65
320570,249.33,250.00,64,0.00,0.67
320670,249.32,250.00,64,0.00,0.68
320770,249.30,250.00,64,0.00,0.70
320870,249.31,250.00,61,0.00,0.69
320970,249.30,250.00,64,0.00,0.70
321070,249.30,250.00,62,0.00,0.70
321170,249.29,250.00,64,0.00,0.71
321270,249.32,250.00,59,0.00,0.68
321370,249.33,250.00,61,0.00,0.67
321470,249.34,250.00,61,0.00,0.66
321570,249.35,250.00,61,0.00,0.65
321670,249.35,250.00,62,0.00,0.65
321770,249.35,250.00,63,0.00,0.65
321870,249.35,250.00,62,0.00,0.65
321970,249.38,250.00,59,0.00,0.62
322070,249.37,250.00,63,0.00,0.63
322170,249.38,250.00,62,0.00,0.62
322270,249.38,250.00,62,0.00,0.62
322370,249.38,250.00,62,0.00,0.62
322470,249.40,250.00,61,0.00,0.60
322570,249.41,250.00,61,0.00,0.59
322670,249.41,250.00,62,0.00,0.59
322770,249.40,250.00,63,0.00,0.60
322870,249.40,250.00,62,0.00,0.60
322970,249.41,250.00,61,0.00,0.59
323070,249.42,250.00,61,0.00,0.58
323170,249.47,250.00,57,0.00,0.53
323270,249.48,250.00,61,0.00,0.52
323370,249.49,250.00,60,0.00,0.51
323470,249.51,250.00,60,0.00,0.49
323570,249.52,250.00,60,0.00,0.48
323670,249.54,250.00,60,0.00,0.46
323770,249.56,250.00,59,0.00,0.44
323870,249.59,250.00,58,0.00,0.41
323970,249.60,250.00,61,0.00,0.40
324070,249.59,250.00,62,0.00,0.41
324170,249.63,250.00,57,0.00,0.37
324270,249.64,250.00,60,0.00,0.36
324370,249.63,250.00,62,0.00,0.37
324470,249.65,250.00,60,0.00,0.35
324570,249.68,250.00,58,0.00,0.32
324670,249.68,250.00,61,0.00,0.32
324770,249.66,250.00,63,0.00,0.34
324870,249.65,250.00,63,0.00,0.35
324970,249.67,250.00,59,0.00,0.33
325070,249.67,250.00,61,0.00,0.33
325170,249.68,250.00,60,0.00,0.32
325270,249.71,250.00,58,0.00,0.29
325370,249.71,250.00,62,0.00,0.29
325470,249.71,250.00,60,0.00,0.29
325570,249.74,250.00,58,0.00,0.26
325670,249.74,250.00,61,0.00,0.26
325770,249.73,250.00,62,0.00,0.27
325870,249.74,250.00,61,0.00,0.26
325970,249.76,250.00,58,0.00,0.24
326070,249.79,250.00,58,0.00,0.21
326170,249.79,250.00,61,0.00,0.21
326270,249.86,250.00,53,0.00,0.14
326370,249.91,250.00,55,0.00,0.09
326470,249.96,250.00,54,0.00,0.04
326570,249.99,250.00,57,0.00,0.01
326670,250.02,250.00,57,0.00,-0.02
326770,250.03,250.00,59,0.00,-0.03
326870,250.03,250.00,60,0.00,-0.03
326970,250.04,250.00,59,0.00,-0.04
327070,250.04,250.00,59,0.00,-0.04
327170,250.00,250.00,64,0.00,-0.00
327270,249.97,250.00,64,0.00,0.03
327370,249.98,250.00,58,0.00,0.02
327470,250.01,250.00,57,0.00,-0.01
327570,250.00,250.00,61,0.00,0.00
327670,250.00,250.00,60,0.00,0.00
327770,250.01,250.00,59,0.00,-0.01
327870,250.00,250.00,61,0.00,0.00
327970,250.03,250.00,56,0.00,-0.03
328070,250.04,250.00,59,0.00,-0.04
328170,250.05,250.00,59,0.00,-0.05
328270,250.05,250.00,60,0.00,-0.05
328370,250.01,250.00,64,0.00,-0.01
328470,250.03,250.00,57,0.00,-0.03
328570,250.00,250.00,63,0.00,-0.00
328670,249.99,250.00,61,0.00,0.01
328770,249.99,250.00,60,0.00,0.01
328870,249.98,250.00,61,0.00,0.02
328970,249.97,250.00,61,0.00,0.03
329070,249.95,250.00,62,0.00,0.05
329170,249.95,250.00,61,0.00,0.05
329270,249.94,250.00,61,0.00,0.06
329370,249.95,250.00,59,0.00,0.05
329470,249.96,250.00,58,0.00,0.04
329570,249.99,250.00,57,0.00,0.01
329670,250.01,250.00,59,0.00,-0.01
329770,250.03,250.00,57,0.00,-0.03
329870,250.04,250.00,59,0.00,-0.04
329970,250.02,250.00,61,0.00,-0.02
330070,250.02,250.00,60,0.00,-0.02
330170,250.00,250.00,62,0.00,0.00
330270,250.01,250.00,59,0.00,-0.01
330370,250.03,250.00,57,0.00,-0.03
330470,250.01,250.00,63,0.00,-0.01
330570,249.99,250.00,61,0.00,0.01
330670,249.99,250.00,60,0.00,0.01
330770,249.97,250.00,62,0.00,0.03
330870,250.00,250.00,57,0.00,0.00
330970,250.02,250.00,57,0.00,-0.02
331070,250.02,250.00,60,0.00,-0.02
331170,250.01,250.00,61,0.00,-0.01
331270,250.00,250.00,61,0.00,0.00
331370,249.97,250.00,62,0.00,0.03
331470,249.98,250.00,60,0.00,0.02
331570,250.00,250.00,57,0.00,-0.00
331670,250.04,250.00,56,0.00,-0.04
331770,250.02,250.00,61,0.00,-0.02
331870,250.05,250.00,57,0.00,-0.05
331970,250.04,250.00,60,0.00,-0.04
332070,250.05,250.00,59,0.00,-0.05
332170,250.07,250.00,58,0.00,-0.07
332270,250.09,250.00,58,0.00,-0.09
332370,250.05,250.00,63,0.00,-0.05
332470,250.09,250.00,56,0.00,-0.09
332570,250.10,250.00,58,0.00,-0.10
332670,250.12,250.00,58,0.00,-0.12
332770,250.15,250.00,56,0.00,-0.15
332870,250.19,250.00,56,0.00,-0.19
332970,250.19,250.00,59,0.00,-0.19
333070,250.20,250.00,59,0.00,-0.20
333170,250.19,250.00,60,0.00,-0.19
333270,250.16,250.00,62,0.00,-0.16
333370,250.13,250.00,62,0.00,-0.13
333470,250.11,250.00,62,0.00,-0.11
333570,250.07,250.00,63,0.00,-0.07
333670,250.09,250.00,58,0.00,-0.09
333770,250.12,250.00,57,0.00,-0.12
333870,250.13,250.00,58,0.00,-0.13
333970,250.11,250.00,62,0.00,-0.11
334070,250.11,250.00,59,0.00,-0.11
334170,250.12,250.00,58,0.00,-0.12
334270,250.15,250.00,57,0.00,-0.15
334370,250.11,250.00,63,0.00,-0.11
334470,250.09,250.00,62,0.00,-0.09
334570,250.08,250.00,60,0.00,-0.08
334670,250.05,250.00,63,0.00,-0.05
334770,250.08,250.00,56,0.00,-0.08
334870,250.13,250.00,54,0.00,-0.13
334970,250.14,250.00,58,0.00,-0.14
335070,250.16,250.00,57,0.00,-0.16
335170,250.17,250.00,58,0.00,-0.17
335270,250.17,250.00,60,0.00,-0.17
335370,250.14,250.00,62,0.00,-0.14
335470,250.11,250.00,62,0.00,-0.11
335570,250.10,250.00,60,0.00,-0.10
335670,250.09,250.00,60,0.00,-0.09
335770,250.12,250.00,57,0.00,-0.12
335870,250.14,250.00,57,0.00,-0.14
335970,250.12,250.00,62,0.00,-0.12
336070,250.14,250.00,57,0.00,-0.14
336170,250.14,250.00,59,0.00,-0.14
336270,250.13,250.00,61,0.00,-0.13
336370,250.15,250.00,57,0.00,-0.15
336470,250.11,250.00,63,0.00,-0.11
336570,250.10,250.00,60,0.00,-0.10
336670,250.08,250.00,62,0.00,-0.08
336770,250.05,250.00,63,0.00,-0.05
336870,250.07,250.00,58,0.00,-0.07
336970,250.06,250.00,60,0.00,-0.06
337070,250.06,250.00,60,0.00,-0.06
337170,250.07,250.00,58,0.00,-0.07
337270,250.08,250.00,59,0.00,-0.08
337370,250.08,250.00,59,0.00,-0.08
337470,250.06,250.00,62,0.00,-0.06
337570,250.07,250.00,59,0.00,-0.07
337670,250.10,250.00,56,0.00,-0.10
337770,250.11,250.00,58,0.00,-0.11
337870,250.17,250.00,53,0.00,-0.17
337970,250.21,250.00,56,0.00,-0.21
338070,250.23,250.00,56,0.00,-0.23
338170,250.22,250.00,60,0.00,-0.22
338270,250.21,250.00,60,0.00,-0.21
338370,250.22,250.00,59,0.00,-0.22
338470,250.25,250.00,55,0.00,-0.25
338570,250.28,250.00,56,0.00,-0.28
338670,250.31,250.00,55,0.00,-0.31
338770,250.30,250.00,59,0.00,-0.30
338870,250.31,250.00,58,0.00,-0.31
338970,250.29,250.00,60,0.00,-0.29
339070,250.27,250.00,60,0.00,-0.27
339170,250.26,250.00,60,0.00,-0.26
339270,250.28,250.00,56,0.00,-0.28
339370,250.28,250.00,59,0.00,-0.28
339470,250.25,250.00,61,0.00,-0.25
339570,250.24,250.00,60,0.00,-0.24
339670,250.21,250.00,61,0.00,-0.21
339770,250.21,250.00,60,0.00,-0.21
339870,250.21,250.00,58,0.00,-0.21
339970,250.26,250.00,54,0.00,-0.26
340070,250.26,250.00,59,0.00,-0.26
340170,250.27,250.00,58,0.00,-0.27
340270,250.24,250.00,61,0.00,-0.24
340370,250.25,250.00,57,0.00,-0.25
340470,250.28,250.00,56,0.00,-0.28
340570,250.29,250.00,58,0.00,-0.29
340670,250.25,250.00,63,0.00,-0.25
340770,250.23,250.00,60,0.00,-0.23
340870,250.21,250.00,61,0.00,-0.21
340970,250.24,250.00,56,0.00,-0.24
341070,250.24,250.00,59,0.00,-0.24
341170,250.22,250.00,61,0.00,-0.22
341270,250.19,250.00,61,0.00,-0.19
341370,250.24,250.00,55,0.00,-0.24
341470,250.25,250.00,57,0.00,-0.25
341570,250.26,250.00,57,0.00,-0.26
341670,250.25,250.00,60,0.00,-0.25
341770,250.22,250.00,61,0.00,-0.22
341870,250.24,250.00,57,0.00,-0.24
341970,250.20,250.00,62,0.00,-0.20
342070,250.22,250.00,57,0.00,-0.22
342170,250.20,250.00,61,0.00,-0.20
342270,250.20,250.00,58,0.00,-0.20
342370,250.18,250.00,61,0.00,-0.18
342470,250.18,250.00,59,0.00,-0.18
342570,250.21,250.00,56,0.00,-0.21
342670,250.23,250.00,56,0.00,-0.23
342770,250.25,250.00,57,0.00,-0.25
342870,250.27,250.00,56,0.00,-0.27
342970,250.30,250.00,55,0.00,-0.30
343070,250.36,250.00,53,0.00,-0.36
343170,250.41,250.00,53,0.00,-0.41
343270,250.39,250.00,60,0.00,-0.39
343370,250.36,250.00,61,0.00,-0.36
343470,250.34,250.00,61,0.00,-0.34
343570,250.32,250.00,60,0.00,-0.32
343670,250.29,250.00,62,0.00,-0.29
343770,250.27,250.00,60,0.00,-0.27
343870,250.29,250.00,56,0.00,-0.29
343970,250.27,250.00,60,0.00,-0.27
344070,250.26,250.00,60,0.00,-0.26
344170,250.27,250.00,57,0.00,-0.27
344270,250.28,250.00,57,0.00,-0.28
344370,250.25,250.00,61,0.00,-0.25
344470,250.26,250.00,57,0.00,-0.26
344570,250.26,250.00,59,0.00,-0.26
344670,250.22,250.00,62,0.00,-0.22
344770,250.21,250.00,60,0.00,-0.21
344870,250.18,250.00,62,0.00,-0.18
344970,250.18,250.00,59,0.00,-0.18
345070,250.21,250.00,56,0.00,-0.21
345170,250.17,250.00,62,0.00,-0.17
345270,250.16,250.00,61,0.00,-0.16
345370,250.13,250.00,62,0.00,-0.13
345470,250.17,250.00,55,0.00,-0.17
345570,250.18,250.00,57,0.00,-0.18
345670,250.17,250.00,61,0.00,-0.17
345770,250.13,250.00,63,0.00,-0.13
345870,250.10,250.00,61,0.00,-0.10
345970,250.08,250.00,61,0.00,-0.08
346070,250.06,250.00,61,0.00,-0.06
346170,250.03,250.00,62,0.00,-0.03
346270,250.05,250.00,57,0.00,-0.05
346370,250.07,250.00,57,0.00,-0.07
346470,250.07,250.00,60,0.00,-0.07
346570,250.10,250.00,56,0.00,-0.10
346670,250.10,250.00,59,0.00,-0.10
346770,250.12,250.00,56,0.00,-0.12
346870,250.15,250.00,56,0.00,-0.15
346970,250.12,250.00,62,0.00,-0.12
347070,250.12,250.00,59,0.00,-0.12
347170,250.16,250.00,55,0.00,-0.16
347270,250.15,250.00,59,0.00,-0.15
347370,250.18,250.00,57,0.00,-0.18
347470,250.16,250.00,61,0.00,-0.16
347570,250.14,250.00,60,0.00,-0.14
347670,250.11,250.00,63,0.00,-0.11
347770,250.11,250.00,59,0.00,-0.11
347870,250.10,250.00,60,0.00,-0.10
347970,250.08,250.00,61,0.00,-0.08
348070,250.04,250.00,62,0.00,-0.04
348170,250.03,250.00,61,0.00,-0.03
348270,250.00,250.00,62,0.00,-0.00
348370,250.01,250.00,58,0.00,-0.01
348470,250.05,250.00,56,0.00,-0.05
348570,250.07,250.00,57,0.00,-0.07
348670,250.07,250.00,59,0.00,-0.07
348770,250.09,250.00,57,0.00,-0.09
348870,250.13,250.00,55,0.00,-0.13
348970,250.17,250.00,55,0.00,-0.17
349070,250.15,250.00,60,0.00,-0.15
349170,250.17,250.00,57,0.00,-0.17
349270,250.18,250.00,58,0.00,-0.18
349370,250.26,250.00,51,0.00,-0.26
349470,250.27,250.00,57,0.00,-0.27
349570,250.25,250.00,60,0.00,-0.25
349670,250.24,250.00,60,0.00,-0.24
349770,250.24,250.00,58,0.00,-0.24
349870,250.25,250.00,57,0.00,-0.25
349970,250.25,250.00,58,0.00,-0.25
350070,250.25,250.00,58,0.00,-0.25
350170,250.27,250.00,56,0.00,-0.27
350270,250.27,250.00,59,0.00,-0.27
350370,250.27,250.00,59,0.00,-0.27
350470,250.27,250.00,59,0.00,-0.27
350570,250.30,250.00,55,0.00,-0.30
350670,250.29,250.00,59,0.00,-0.29
350770,250.33,250.00,55,0.00,-0.33
350870,250.32,250.00,59,0.00,-0.32
350970,250.31,250.00,59,0.00,-0.31
351070,250.34,250.00,55,0.00,-0.34
351170,250.35,250.00,57,0.00,-0.35
351270,250.39,250.00,54,0.00,-0.39
351370,250.40,250.00,57,0.00,-0.40
351470,250.41,250.00,57,0.00,-0.41
351570,250.42,250.00,57,0.00,-0.42
351670,250.47,250.00,52,0.00,-0.47
351770,250.51,250.00,54,0.00,-0.51
351870,250.54,250.00,54,0.00,-0.54
351970,250.51,250.00,60,0.00,-0.51
352070,250.47,250.00,61,0.00,-0.47
352170,250.43,250.00,62,0.00,-0.43
352270,250.40,250.00,61,0.00,-0.40
352370,250.39,250.00,58,0.00,-0.39
352470,250.38,250.00,59,0.00,-0.38
352570,250.38,250.00,58,0.00,-0.38
352670,250.40,250.00,55,0.00,-0.40
352770,250.42,250.00,56,0.00,-0.42
352870,250.44,250.00,56,0.00,-0.44
352970,250.45,250.00,56,0.00,-0.45
353070,250.47,250.00,56,0.00,-0.47
353170,250.47,250.00,57,0.00,-0.47
353270,250.47,250.00,57,0.00,-0.47
353370,250.47,250.00,57,0.00,-0.47
353470,250.46,250.00,58,0.00,-0.46
353570,250.46,250.00,57,0.00,-0.46
353670,250.47,250.00,57,0.00,-0.47
353770,250.44,250.00,60,0.00,-0.44
353870,250.45,250.00,57,0.00,-0.45
353970,250.43,250.00,60,0.00,-0.43
354070,250.40,250.00,61,0.00,-0.40
354170,250.37,250.00,60,0.00,-0.37
354270,250.36,250.00,59,0.00,-0.36
354370,250.35,250.00,59,0.00,-0.35
354470,250.36,250.00,56,0.00,-0.36
354570,250.35,250.00,59,0.00,-0.35
354670,250.35,250.00,58,0.00,-0.35
354770,250.39,250.00,54,0.00,-0.39
354870,250.43,250.00,53,0.00,-0.43
354970,250.46,250.00,54,0.00,-0.46
355070,250.48,250.00,56,0.00,-0.48
355170,250.44,250.00,61,0.00,-0.44
355270,250.46,250.00,56,0.00,-0.46
355370,250.50,250.00,53,0.00,-0.50
355470,250.49,250.00,57,0.00,-0.49
355570,250.48,250.00,58,0.00,-0.48
355670,250.46,250.00,60,0.00,-0.46
355770,250.48,250.00,54,0.00,-0.48
355870,250.47,250.00,58,0.00,-0.47
355970,250.49,250.00,56,0.00,-0.49
356070,250.51,250.00,55,0.00,-0.51
356170,250.52,250.00,56,0.00,-0.52
356270,250.52,250.00,57,0.00,-0.52
356370,250.48,250.00,61,0.00,-0.48
356470,250.45,250.00,60,0.00,-0.45
356570,250.46,250.00,57,0.00,-0.46
356670,250.47,250.00,56,0.00,-0.47
356770,250.46,250.00,58,0.00,-0.46
356870,250.45,250.00,58,0.00,-0.45
356970,250.48,250.00,54,0.00,-0.48
357070,250.50,250.00,54,0.00,-0.50
357170,250.51,250.00,56,0.00,-0.51
357270,250.51,250.00,57,0.00,-0.51
357370,250.54,250.00,53,0.00,-0.54
357470,250.53,250.00,59,0.00,-0.53
357570,250.49,250.00,61,0.00,-0.49
357670,250.46,250.00,59,0.00,-0.46
357770,250.49,250.00,54,0.00,-0.49
357870,250.51,250.00,54,0.00,-0.51
357970,250.54,250.00,53,0.00,-0.54
358070,250.55,250.00,56,0.00,-0.55
358170,250.57,250.00,55,0.00,-0.57
358270,250.55,250.00,59,0.00,-0.55
358370,250.54,250.00,57,0.00,-0.54
358470,250.51,250.00,60,0.00,-0.51
358570,250.48,250.00,60,0.00,-0.48
358670,250.47,250.00,58,0.00,-0.47
358770,250.46,250.00,58,0.00,-0.46
358870,250.50,250.00,53,0.00,-0.50
358970,250.50,250.00,57,0.00,-0.50
359070,250.54,250.00,52,0.00,-0.54
359170,250.60,250.00,51,0.00,-0.60
359270,250.62,250.00,54,0.00,-0.62
359370,250.63,250.00,55,0.00,-0.63
359470,250.65,250.00,54,0.00,-0.65
359570,250.64,250.00,58,0.00,-0.64
359670,250.66,250.00,54,0.00,-0.66
359770,250.67,250.00,55,0.00,-0.67
359870,250.68,250.00,54,0.00,-0.68
359970,250.72,250.00,52,0.00,-0.72
360070,250.77,250.00,51,0.00,-0.77
360170,250.77,250.00,56,0.00,-0.77
360270,250.79,250.00,54,0.00,-0.79
360370,250.77,250.00,57,0.00,-0.77
360470,250.76,250.00,56,0.00,-0.76
360570,250.75,250.00,57,0.00,-0.75
360670,250.73,250.00,57,0.00,-0.73
360770,250.72,250.00,57,0.00,-0.72
360870,250.72,250.00,56,0.00,-0.72
360970,250.71,250.00,57,0.00,-0.71
361070,250.69,250.00,58,0.00,-0.69
361170,250.70,250.00,54,0.00,-0.70
361270,250.70,250.00,56,0.00,-0.70
361370,250.72,250.00,54,0.00,-0.72
361470,250.71,250.00,57,0.00,-0.71
361570,250.71,250.00,56,0.00,-0.71
361670,250.72,250.00,54,0.00,-0.72
361770,250.69,250.00,59,0.00,-0.69
361870,250.73,250.00,52,0.00,-0.73
361970,250.75,250.00,53,0.00,-0.75
362070,250.77,250.00,53,0.00,-0.77
362170,250.79,250.00,53,0.00,-0.79
362270,250.77,250.00,57,0.00,-0.77
362370,250.78,250.00,55,0.00,-0.78
362470,250.77,250.00,56,0.00,-0.77
362570,250.77,250.00,56,0.00,-0.77
362670,250.74,250.00,58,0.00,-0.74
362770,250.74,250.00,56,0.00,-0.74
362870,250.69,250.00,61,0.00,-0.69
362970,250.68,250.00,57,0.00,-0.68
363070,250.72,250.00,51,0.00,-0.72
363170,250.73,250.00,54,0.00,-0.73
363270,250.73,250.00,56,0.00,-0.73
363370,250.70,250.00,59,0.00,-0.70
363470,250.67,250.00,58,0.00,-0.67
363570,250.68,250.00,55,0.00,-0.68
363670,250.68,250.00,55,0.00,-0.68
363770,250.63,250.00,61,0.00,-0.63
363870,250.59,250.00,60,0.00,-0.59
363970,250.57,250.00,58,0.00,-0.57
364070,250.53,250.00,59,0.00,-0.53
364170,250.54,250.00,55,0.00,-0.54
364270,250.51,250.00,59,0.00,-0.51
364370,250.53,250.00,54,0.00,-0.53
364470,250.55,250.00,54,0.00,-0.55
364570,250.52,250.00,59,0.00,-0.52
364670,250.52,250.00,57,0.00,-0.52
364770,250.48,250.00,60,0.00,-0.48
364870,250.45,250.00,59,0.00,-0.45
364970,250.45,250.00,57,0.00,-0.45
365070,250.46,250.00,55,0.00,-0.46
365170,250.45,250.00,57,0.00,-0.45
365270,250.44,250.00,57,0.00,-0.44
365370,250.45,250.00,56,0.00,-0.45
365470,250.41,250.00,60,0.00,-0.41
365570,250.41,250.00,57,0.00,-0.41
365670,250.37,250.00,61,0.00,-0.37
365770,250.36,250.00,58,0.00,-0.36
365870,250.38,250.00,54,0.00,-0.38
365970,250.38,250.00,57,0.00,-0.38
366070,250.41,250.00,53,0.00,-0.41
366170,250.42,250.00,56,0.00,-0.42
366270,250.40,250.00,58,0.00,-0.40
366370,250.42,250.00,54,0.00,-0.42
366470,250.43,250.00,56,0.00,-0.43
366570,250.40,250.00,60,0.00,-0.40
366670,250.38,250.00,58,0.00,-0.38
366770,250.37,250.00,58,0.00,-0.37
366870,250.34,250.00,59,0.00,-0.34
366970,250.31,250.00,60,0.00,-0.31
367070,250.29,250.00,59,0.00,-0.29
367170,250.28,250.00,59,0.00,-0.28
367270,250.32,250.00,52,0.00,-0.32
367370,250.34,250.00,55,0.00,-0.34
367470,250.34,250.00,56,0.00,-0.34
367570,250.31,250.00,60,0.00,-0.31
367670,250.30,250.00,57,0.00,-0.30
367770,250.26,250.00,61,0.00,-0.26
367870,250.27,250.00,56,0.00,-0.27
367970,250.24,250.00,60,0.00,-0.24
368070,250.23,250.00,58,0.00,-0.23
368170,250.27,250.00,53,0.00,-0.27
368270,250.29,250.00,55,0.00,-0.29
368370,250.27,250.00,59,0.00,-0.27
368470,250.32,250.00,52,0.00,-0.32
368570,250.32,250.00,56,0.00,-0.32
368670,250.29,250.00,60,0.00,-0.29
368770,250.26,250.00,60,0.00,-0.26
368870,250.25,250.00,58,0.00,-0.25
368970,250.26,250.00,56,0.00,-0.26
369070,250.26,250.00,57,0.00,-0.26
369170,250.27,250.00,56,0.00,-0.27
369270,250.30,250.00,53,0.00,-0.30
369370,250.31,250.00,56,0.00,-0.31
369470,250.30,250.00,57,0.00,-0.30
369570,250.33,250.00,54,0.00,-0.33
369670,250.36,250.00,54,0.00,-0.36
369770,250.38,250.00,54,0.00,-0.38
369870,250.38,250.00,57,0.00,-0.38
369970,250.39,250.00,55,0.00,-0.39
370070,250.41,250.00,54,0.00,-0.41
370170,250.38,250.00,59,0.00,-0.38
370270,250.42,250.00,53,0.00,-0.42
370370,250.40,250.00,58,0.00,-0.40
370470,250.42,250.00,54,0.00,-0.42
370570,250.45,250.00,53,0.00,-0.45
370670,250.42,250.00,60,0.00,-0.42
370770,250.41,250.00,57,0.00,-0.41
370870,250.40,250.00,58,0.00,-0.40
370970,250.40,250.00,55,0.00,-0.40
371070,250.40,250.00,57,0.00,-0.40
371170,250.41,250.00,55,0.00,-0.41
371270,250.37,250.00,60,0.00,-0.37
371370,250.38,250.00,55,0.00,-0.38
371470,250.37,250.00,58,0.00,-0.37
371570,250.37,250.00,56,0.00,-0.37
371670,250.35,250.00,58,0.00,-0.35
371770,250.33,250.00,59,0.00,-0.33
371870,250.35,250.00,55,0.00,-0.35
371970,250.35,250.00,56,0.00,-0.35
372070,250.36,250.00,55,0.00,-0.36
372170,250.37,250.00,55,0.00,-0.37
372270,250.36,250.00,58,0.00,-0.36
372370,250.35,250.00,58,0.00,-0.35
372470,250.35,250.00,56,0.00,-0.35
372570,250.36,250.00,55,0.00,-0.36
372670,250.34,250.00,59,0.00,-0.34
372770,250.37,250.00,54,0.00,-0.37
372870,250.39,250.00,54,0.00,-0.39
372970,250.40,250.00,55,0.00,-0.40
373070,250.40,250.00,57,0.00,-0.40
373170,250.37,250.00,59,0.00,-0.37
373270,250.34,250.00,59,0.00,-0.34
373370,250.33,250.00,57,0.00,-0.33
373470,250.31,250.00,59,0.00,-0.31
373570,250.35,250.00,52,0.00,-0.35
373670,250.37,250.00,55,0.00,-0.37
373770,250.37,250.00,56,0.00,-0.37
373870,250.37,250.00,56,0.00,-0.37
373970,250.34,250.00,59,0.00,-0.34
374070,250.36,250.00,55,0.00,-0.36
374170,250.36,250.00,56,0.00,-0.36
374270,250.32,250.00,60,0.00,-0.32
374370,250.31,250.00,57,0.00,-0.31
374470,250.33,250.00,55,0.00,-0.33
374570,250.30,250.00,60,0.00,-0.30
374670,250.32,250.00,55,0.00,-0.32
374770,250.30,250.00,58,0.00,-0.30
374870,250.29,250.00,57,0.00,-0.29
374970,250.28,250.00,58,0.00,-0.28
375070,250.26,250.00,58,0.00,-0.26
375170,250.23,250.00,59,0.00,-0.23
375270,250.21,250.00,59,0.00,-0.21
375370,250.21,250.00,56,0.00,-0.21
375470,250.21,250.00,58,0.00,-0.21
375570,250.19,250.00,59,0.00,-0.19
375670,250.18,250.00,58,0.00,-0.18
375770,250.15,250.00,60,0.00,-0.15
375870,250.15,250.00,57,0.00,-0.15
375970,250.11,250.00,61,0.00,-0.11
376070,250.11,250.00,57,0.00,-0.11
376170,250.12,250.00,56,0.00,-0.12
376270,250.12,250.00,57,0.00,-0.12
376370,250.09,250.00,61,0.00,-0.09
376470,250.09,250.00,57,0.00,-0.09
376570,250.12,250.00,54,0.00,-0.12
376670,250.10,250.00,60,0.00,-0.10
376770,250.07,250.00,59,0.00,-0.07
376870,250.12,250.00,53,0.00,-0.12
376970,250.10,250.00,58,0.00,-0.10
377070,250.11,250.00,57,0.00,-0.11
377170,250.08,250.00,60,0.00,-0.08
377270,250.06,250.00,59,0.00,-0.06
377370,250.05,250.00,59,0.00,-0.05
377470,250.04,250.00,58,0.00,-0.04
377570,250.03,250.00,59,0.00,-0.03
377670,250.02,250.00,58,0.00,-0.02
377770,250.02,250.00,58,0.00,-0.02
377870,250.00,250.00,60,0.00,0.00
377970,250.00,250.00,58,0.00,0.00
378070,250.00,250.00,58,0.00,0.00
378170,249.99,250.00,59,0.00,0.01
378270,249.99,250.00,58,0.00,0.01
378370,249.99,250.00,58,0.00,0.01
378470,250.00,250.00,56,0.00,-0.00
378570,249.97,250.00,61,0.00,0.03
378670,249.96,250.00,59,0.00,0.04
378770,249.98,250.00,56,0.00,0.02
378870,249.97,250.00,59,0.00,0.03
378970,250.01,250.00,54,0.00,-0.01
379070,250.03,250.00,55,0.00,-0.03
379170,250.04,250.00,57,0.00,-0.04
379270,250.04,250.00,58,0.00,-0.04
379370,250.07,250.00,54,0.00,-0.07
379470,250.09,250.00,56,0.00,-0.09
379570,250.11,250.00,54,0.00,-0.11
379670,250.16,250.00,52,0.00,-0.16
379770,250.14,250.00,60,0.00,-0.14
379870,250.13,250.00,57,0.00,-0.13
379970,250.16,250.00,55,0.00,-0.16
380070,250.18,250.00,55,0.00,-0.18
380170,250.16,250.00,59,0.00,-0.16
380270,250.16,250.00,57,0.00,-0.16
380370,250.13,250.00,60,0.00,-0.13
380470,250.12,250.00,58,0.00,-0.12
380570,250.14,250.00,55,0.00,-0.14
380670,250.18,250.00,53,0.00,-0.18
380770,250.16,250.00,59,0.00,-0.16
380870,250.23,250.00,50,0.00,-0.23
380970,250.24,250.00,55,0.00,-0.24
381070,250.28,250.00,53,0.00,-0.28
381170,250.24,250.00,61,0.00,-0.24
381270,250.23,250.00,58,0.00,-0.23
381370,250.20,250.00,59,0.00,-0.20
381470,250.20,250.00,58,0.00,-0.20
381570,250.19,250.00,58,0.00,-0.19
381670,250.19,250.00,56,0.00,-0.19
381770,250.19,250.00,58,0.00,-0.19
381870,250.17,250.00,59,0.00,-0.17
381970,250.19,250.00,55,0.00,-0.19
382070,250.17,250.00,59,0.00,-0.17
382170,250.18,250.00,56,0.00,-0.18
382270,250.18,250.00,56,0.00,-0.18
382370,250.19,250.00,56,0.00,-0.19
382470,250.16,250.00,60,0.00,-0.16
382570,250.16,250.00,57,0.00,-0.16
382670,250.18,250.00,55,0.00,-0.18
382770,250.15,250.00,60,0.00,-0.15
382870,250.16,250.00,56,0.00,-0.16
382970,250.23,250.00,50,0.00,-0.23
383070,250.25,250.00,54,0.00,-0.25
383170,250.29,250.00,53,0.00,-0.29
383270,250.27,250.00,58,0.00,-0.27
383370,250.24,250.00,59,0.00,-0.24
383470,250.24,250.00,57,0.00,-0.24
383570,250.24,250.00,57,0.00,-0.24
383670,250.22,250.00,59,0.00,-0.22
383770,250.20,250.00,59,0.00,-0.20
383870,250.19,250.00,57,0.00,-0.19
383970,250.17,250.00,59,0.00,-0.17
384070,250.22,250.00,52,0.00,-0.22
384170,250.21,250.00,58,0.00,-0.21
384270,250.17,250.00,60,0.00,-0.17
384370,250.18,250.00,56,0.00,-0.18
384470,250.19,250.00,56,0.00,-0.19
384570,250.16,250.00,60,0.00,-0.16
384670,250.14,250.00,58,0.00,-0.14
384770,250.14,250.00,57,0.00,-0.14
384870,250.10,250.00,61,0.00,-0.10
384970,250.13,250.00,54,0.00,-0.13
385070,250.19,250.00,51,0.00,-0.19
385170,250.24,250.00,51,0.00,-0.24
385270,250.25,250.00,55,0.00,-0.25
385370,250.27,250.00,55,0.00,-0.27
385470,250.26,250.00,57,0.00,-0.26
385570,250.24,250.00,59,0.00,-0.24
385670,250.23,250.00,58,0.00,-0.23
385770,250.19,250.00,60,0.00,-0.19
385870,250.15,250.00,61,0.00,-0.15
385970,250.12,250.00,60,0.00,-0.12
386070,250.11,250.00,58,0.00,-0.11
386170,250.10,250.00,58,0.00,-0.10
386270,250.08,250.00,59,0.00,-0.08
386370,250.10,250.00,55,0.00,-0.10
386470,250.09,250.00,58,0.00,-0.09
386570,250.08,250.00,58,0.00,-0.08
386670,250.06,250.00,59,0.00,-0.06
386770,250.08,250.00,55,0.00,-0.08
386870,250.07,250.00,58,0.00,-0.07
386970,250.05,250.00,59,0.00,-0.05
387070,250.05,250.00,58,0.00,-0.05
387170,250.08,250.00,54,0.00,-0.08
387270,250.16,250.00,49,0.00,-0.16
387370,250.16,250.00,56,0.00,-0.16
387470,250.15,250.00,58,0.00,-0.15
387570,250.12,250.00,60,0.00,-0.12
387670,250.10,250.00,59,0.00,-0.10
387770,250.08,250.00,59,0.00,-0.08
387870,250.03,250.00,62,0.00,-0.03
387970,250.00,250.00,61,0.00,0.00
388070,249.97,250.00,60,0.00,0.03
388170,249.93,250.00,62,0.00,0.07
388270,249.94,250.00,57,0.00,0.06
388370,249.91,250.00,61,0.00,0.09
388470,249.90,250.00,58,0.00,0.10
388570,249.88,250.00,60,0.00,0.12
388670,249.87,250.00,59,0.00,0.13
388770,249.85,250.00,60,0.00,0.15
388870,249.90,250.00,53,0.00,0.10
388970,249.90,250.00,58,0.00,0.10
389070,249.91,250.00,57,0.00,0.09
389170,249.92,250.00,57,0.00,0.08
389270,249.97,250.00,52,0.00,0.03
389370,249.95,250.00,60,0.00,0.05
389470,249.97,250.00,56,0.00,0.03
389570,249.99,250.00,56,0.00,0.01
389670,249.95,250.00,61,0.00,0.05
389770,249.92,250.00,61,0.00,0.08
389870,249.88,250.00,62,0.00,0.12
389970,249.87,250.00,59,0.00,0.13
390070,249.85,250.00,60,0.00,0.15
390170,249.83,250.00,60,0.00,0.17
390270,249.81,250.00,60,0.00,0.19
390370,249.82,250.00,57,0.00,0.18
390470,249.80,250.00,60,0.00,0.20
390570,249.81,250.00,57,0.00,0.19
390670,249.82,250.00,57,0.00,0.18
390770,249.81,250.00,59,0.00,0.19
390870,249.81,250.00,59,0.00,0.19
390970,249.83,250.00,56,0.00,0.17
391070,249.79,250.00,63,0.00,0.21
391170,249.76,250.00,61,0.00,0.24
391270,249.76,250.00,58,0.00,0.24
391370,249.74,250.00,61,0.00,0.26
391470,249.72,250.00,61,0.00,0.28
391570,249.70,250.00,61,0.00,0.30
391670,249.67,250.00,62,0.00,0.33
391770,249.68,250.00,58,0.00,0.32
391870,249.69,250.00,58,0.00,0.31
391970,249.66,250.00,62,0.00,0.34
392070,249.63,250.00,61,0.00,0.37
392170,249.61,250.00,61,0.00,0.39
392270,249.58,250.00,62,0.00,0.42
392370,249.59,250.00,59,0.00,0.41
392470,249.58,250.00,60,0.00,0.42
392570,249.56,250.00,61,0.00,0.44
392670,249.56,250.00,60,0.00,0.44
392770,249.58,250.00,57,0.00,0.42
392870,249.58,250.00,60,0.00,0.42
392970,249.59,250.00,57,0.00,0.41
393070,249.60,250.00,59,0.00,0.40
393170,249.57,250.00,62,0.00,0.43
393270,249.55,250.00,61,0.00,0.45
393370,249.54,250.00,61,0.00,0.46
393470,249.51,250.00,62,0.00,0.49
393570,249.50,250.00,61,0.00,0.50
393670,249.49,250.00,61,0.00,0.51
393770,249.47,250.00,62,0.00,0.53
393870,249.50,250.00,57,0.00,0.50
393970,249.52,250.00,58,0.00,0.48
394070,249.51,250.00,61,0.00,0.49
394170,249.49,250.00,62,0.00,0.51
394270,249.47,250.00,62,0.00,0.53
394370,249.48,250.00,58,0.00,0.52
394470,249.49,250.00,59,0.00,0.51
394570,249.53,250.00,56,0.00,0.47
394670,249.50,250.00,62,0.00,0.50
394770,249.51,250.00,59,0.00,0.49
394870,249.51,250.00,59,0.00,0.49
394970,249.50,250.00,61,0.00,0.50
395070,249.51,250.00,58,0.00,0.49
395170,249.53,250.00,58,0.00,0.47
395270,249.49,250.00,63,0.00,0.51
395370,249.50,250.00,59,0.00,0.50
395470,249.53,250.00,56,0.00,0.47
395570,249.50,250.00,63,0.00,0.50
395670,249.48,250.00,62,0.00,0.52
395770,249.46,250.00,62,0.00,0.54
395870,249.45,250.00,60,0.00,0.55
395970,249.44,250.00,62,0.00,0.56
396070,249.44,250.00,60,0.00,0.56
396170,249.41,250.00,63,0.00,0.59
396270,249.41,250.00,60,0.00,0.59
396370,249.43,250.00,58,0.00,0.57
396470,249.43,250.00,60,0.00,0.57
396570,249.42,250.00,62,0.00,0.58
396670,249.42,250.00,60,0.00,0.58
396770,249.39,250.00,63,0.00,0.61
396870,249.39,250.00,60,0.00,0.61
396970,249.41,250.00,59,0.00,0.59
397070,249.40,250.00,61,0.00,0.60
397170,249.39,250.00,61,0.00,0.61
397270,249.39,250.00,60,0.00,0.61
397370,249.37,250.00,63,0.00,0.63
397470,249.35,250.00,62,0.00,0.65
397570,249.37,250.00,59,0.00,0.63
397670,249.37,250.00,60,0.00,0.63
397770,249.37,250.00,60,0.00,0.63
397870,249.35,250.00,63,0.00,0.65
397970,249.36,250.00,60,0.00,0.64
398070,249.39,250.00,58,0.00,0.61
398170,249.40,250.00,59,0.00,0.60
398270,249.39,250.00,62,0.00,0.61
398370,249.37,250.00,63,0.00,0.63
398470,249.35,250.00,63,0.00,0.65
398570,249.36,250.00,60,0.00,0.64
398670,249.36,250.00,60,0.00,0.64
398770,249.38,250.00,59,0.00,0.62
398870,249.37,250.00,61,0.00,0.63
398970,249.39,250.00,59,0.00,0.61
399070,249.41,250.00,58,0.00,0.59
399170,249.40,250.00,62,0.00,0.60
399270,249.40,250.00,60,0.00,0.60
399370,249.41,250.00,59,0.00,0.59
399470,249.39,250.00,63,0.00,0.61
399570,249.38,250.00,62,0.00,0.62
399670,249.42,250.00,57,0.00,0.58
399770,249.43,250.00,59,0.00,0.57
399870,249.45,250.00,58,0.00,0.55
399970,249.45,250.00,61,0.00,0.55
400070,249.43,250.00,62,0.00,0.57
400170,249.45,250.00,58,0.00,0.55
400270,249.45,250.00,61,0.00,0.55
400370,249.43,250.00,62,0.00,0.57
400470,249.43,250.00,61,0.00,0.57
400570,249.42,250.00,62,0.00,0.58
400670,249.42,250.00,61,0.00,0.58
400770,249.39,250.00,63,0.00,0.61
400870,249.43,250.00,57,0.00,0.57
400970,249.45,250.00,58,0.00,0.55
401070,249.46,250.00,60,0.00,0.54
401170,249.49,250.00,57,0.00,0.51
401270,249.49,250.00,60,0.00,0.51
401370,249.51,250.00,59,0.00,0.49
401470,249.52,250.00,59,0.00,0.48
401570,249.50,250.00,63,0.00,0.50
401670,249.50,250.00,60,0.00,0.50
401770,249.49,250.00,61,0.00,0.51
401870,249.52,250.00,58,0.00,0.48
401970,249.52,250.00,60,0.00,0.48
402070,249.52,250.00,60,0.00,0.48
402170,249.51,250.00,61,0.00,0.49
402270,249.51,250.00,60,0.00,0.49
402370,249.51,250.00,60,0.00,0.49
402470,249.54,250.00,58,0.00,0.46
402570,249.54,250.00,60,0.00,0.46
402670,249.53,250.00,62,0.00,0.47
402770,249.51,250.00,61,0.00,0.49
402870,249.53,250.00,59,0.00,0.47
402970,249.53,250.00,60,0.00,0.47
403070,249.52,250.00,62,0.00,0.48
403170,249.54,250.00,58,0.00,0.46
403270,249.56,250.00,58,0.00,0.44
403370,249.58,250.00,58,0.00,0.42
403470,249.58,250.00,61,0.00,0.42
403570,249.59,250.00,59,0.00,0.41
403670,249.60,250.00,58,0.00,0.40
403770,249.63,250.00,57,0.00,0.37
403870,249.64,250.00,59,0.00,0.36
403970,249.63,250.00,61,0.00,0.37
404070,249.63,250.00,60,0.00,0.37
404170,249.64,250.00,60,0.00,0.36
404270,249.64,250.00,60,0.00,0.36
404370,249.64,250.00,60,0.00,0.36
404470,249.63,250.00,61,0.00,0.37
404570,249.62,250.00,61,0.00,0.38
404670,249.61,250.00,61,0.00,0.39
404770,249.61,250.00,60,0.00,0.39
404870,249.63,250.00,58,0.00,0.37
404970,249.64,250.00,59,0.00,0.36
405070,249.65,250.00,59,0.00,0.35
405170,249.65,250.00,60,0.00,0.35
405270,249.66,250.00,59,0.00,0.34
405370,249.65,250.00,61,0.00,0.35
405470,249.67,250.00,58,0.00,0.33
405570,249.67,250.00,60,0.00,0.33
405670,249.69,250.00,58,0.00,0.31
405770,249.71,250.00,58,0.00,0.29
405870,249.74,250.00,57,0.00,0.26
405970,249.78,250.00,56,0.00,0.22
406070,249.75,250.00,62,0.00,0.25
406170,249.76,250.00,59,0.00,0.24
406270,249.75,250.00,61,0.00,0.25
406370,249.76,250.00,58,0.00,0.24
406470,249.78,250.00,57,0.00,0.22
406570,249.78,250.00,60,0.00,0.22
406670,249.77,250.00,61,0.00,0.23
406770,249.76,250.00,61,0.00,0.24
406870,249.77,250.00,58,0.00,0.23
406970,249.78,250.00,58,0.00,0.22
407070,249.78,250.00,60,0.00,0.22
407170,249.81,250.00,56,0.00,0.19
407270,249.84,250.00,56,0.00,0.16
407370,249.86,250.00,58,0.00,0.14
407470,249.88,250.00,58,0.00,0.12
407570,249.89,250.00,58,0.00,0.11
407670,249.89,250.00,59,0.00,0.11
407770,249.92,250.00,55,0.00,0.08
407870,249.94,250.00,57,0.00,0.06
407970,249.96,250.00,57,0.00,0.04
408070,249.95,250.00,60,0.00,0.05
408170,249.92,250.00,62,0.00,0.08
408270,249.94,250.00,57,0.00,0.06
408370,250.00,250.00,53,0.00,0.00
408470,250.00,250.00,59,0.00,0.00
408570,250.05,250.00,54,0.00,-0.05
408670,250.05,250.00,58,0.00,-0.05
408770,250.07,250.00,56,0.00,-0.07
408870,250.09,250.00,57,0.00,-0.09
408970,250.12,250.00,55,0.00,-0.12
409070,250.09,250.00,61,0.00,-0.09
409170,250.11,250.00,57,0.00,-0.11
409270,250.11,250.00,58,0.00,-0.11
409370,250.11,250.00,58,0.00,-0.11
409470,250.14,250.00,56,0.00,-0.14
409570,250.14,250.00,58,0.00,-0.14
409670,250.15,250.00,57,0.00,-0.15
409770,250.16,250.00,57,0.00,-0.16
409870,250.20,250.00,53,0.00,-0.20
409970,250.22,250.00,56,0.00,-0.22
410070,250.23,250.00,56,0.00,-0.23
410170,250.25,250.00,56,0.00,-0.25
410270,250.23,250.00,59,0.00,-0.23
410370,250.26,250.00,55,0.00,-0.26
410470,250.32,250.00,51,0.00,-0.32
410570,250.32,250.00,57,0.00,-0.32
410670,250.35,250.00,54,0.00,-0.35
410770,250.36,250.00,56,0.00,-0.36
410870,250.36,250.00,57,0.00,-0.36
410970,250.35,250.00,58,0.00,-0.35
411070,250.36,250.00,56,0.00,-0.36
411170,250.36,250.00,57,0.00,-0.36
411270,250.36,250.00,57,0.00,-0.36
411370,250.41,250.00,52,0.00,-0.41
411470,250.43,250.00,55,0.00,-0.43
411570,250.45,250.00,55,0.00,-0.45
411670,250.43,250.00,59,0.00,-0.43
411770,250.43,250.00,56,0.00,-0.43
411870,250.46,250.00,54,0.00,-0.46
411970,250.46,250.00,56,0.00,-0.46
412070,250.49,250.00,54,0.00,-0.49
412170,250.49,250.00,57,0.00,-0.49
412270,250.50,250.00,55,0.00,-0.50
412370,250.56,250.00,50,0.00,-0.56
412470,250.54,250.00,58,0.00,-0.54
412570,250.52,250.00,58,0.00,-0.52
412670,250.53,250.00,55,0.00,-0.53
412770,250.55,250.00,54,0.00,-0.55
412870,250.56,250.00,56,0.00,-0.56
412970,250.56,250.00,56,0.00,-0.56
413070,250.53,250.00,59,0.00,-0.53
413170,250.54,250.00,55,0.00,-0.54
413270,250.53,250.00,57,0.00,-0.53
413370,250.53,250.00,57,0.00,-0.53
413470,250.52,250.00,57,0.00,-0.52
413570,250.54,250.00,54,0.00,-0.54
413670,250.55,250.00,56,0.00,-0.55
413770,250.55,250.00,56,0.00,-0.55
413870,250.57,250.00,54,0.00,-0.57
413970,250.56,250.00,57,0.00,-0.56
414070,250.59,250.00,53,0.00,-0.59
414170,250.59,250.00,56,0.00,-0.59
414270,250.59,250.00,56,0.00,-0.59
414370,250.58,250.00,57,0.00,-0.58
414470,250.56,250.00,58,0.00,-0.56
414570,250.58,250.00,54,0.00,-0.58
414670,250.60,250.00,53,0.00,-0.60
414770,250.64,250.00,52,0.00,-0.64
414870,250.67,250.00,52,0.00,-0.67
414970,250.70,250.00,52,0.00,-0.70
415070,250.70,250.00,55,0.00,-0.70
415170,250.67,250.00,59,0.00,-0.67
415270,250.64,250.00,59,0.00,-0.64
415370,250.64,250.00,56,0.00,-0.64
415470,250.63,250.00,56,0.00,-0.63
415570,250.68,250.00,51,0.00,-0.68
415670,250.69,250.00,54,0.00,-0.69
415770,250.72,250.00,53,0.00,-0.72
415870,250.73,250.00,54,0.00,-0.73
415970,250.73,250.00,55,0.00,-0.73
416070,250.76,250.00,53,0.00,-0.76
416170,250.74,250.00,57,0.00,-0.74
416270,250.70,250.00,59,0.00,-0.70
416370,250.71,250.00,55,0.00,-0.71
416470,250.74,250.00,51,0.00,-0.74
416570,250.74,250.00,55,0.00,-0.74
416670,250.76,250.00,53,0.00,-0.76
416770,250.80,250.00,52,0.00,-0.80
416870,250.83,250.00,52,0.00,-0.83
416970,250.84,250.00,53,0.00,-0.84
417070,250.82,250.00,57,0.00,-0.82
417170,250.82,250.00,54,0.00,-0.82
417270,250.81,250.00,56,0.00,-0.81
417370,250.80,250.00,56,0.00,-0.80
417470,250.79,250.00,56,0.00,-0.79
417570,250.79,250.00,55,0.00,-0.79
417670,250.77,250.00,57,0.00,-0.77
417770,250.79,250.00,53,0.00,-0.79
417870,250.82,250.00,52,0.00,-0.82
417970,250.82,250.00,54,0.00,-0.82
418070,250.82,250.00,54,0.00,-0.82
418170,250.81,250.00,56,0.00,-0.81
418270,250.80,250.00,56,0.00,-0.80
418370,250.77,250.00,58,0.00,-0.77
418470,250.78,250.00,54,0.00,-0.78
418570,250.80,250.00,53,0.00,-0.80
418670,250.83,250.00,52,0.00,-0.83
418770,250.87,250.00,51,0.00,-0.87
418870,250.92,250.00,48,0.00,-0.92
418970,250.92,250.00,55,0.00,-0.92
419070,250.91,250.00,55,0.00,-0.91
419170,250.91,250.00,54,0.00,-0.91
419270,250.90,250.00,56,0.00,-0.90
419370,250.89,250.00,55,0.00,-0.89
419470,250.87,250.00,56,0.00,-0.87
419570,250.88,250.00,53,0.00,-0.88
419670,250.89,250.00,53,0.00,-0.89
419770,250.90,250.00,53,0.00,-0.90
419870,250.91,250.00,53,0.00,-0.91
419970,250.91,250.00,53,0.00,-0.91
420070,250.89,250.00,56,0.00,-0.89
420170,250.92,250.00,51,0.00,-0.92
420270,250.92,250.00,55,0.00,-0.92
420370,250.95,250.00,51,0.00,-0.95
420470,250.91,250.00,57,0.00,-0.91
420570,250.92,250.00,53,0.00,-0.92
420670,250.93,250.00,52,0.00,-0.93
420770,250.91,250.00,56,0.00,-0.91
420870,250.94,250.00,51,0.00,-0.94
420970,250.97,250.00,51,0.00,-0.97
421070,251.02,250.00,49,0.00,-1.02
421170,251.00,250.00,55,0.00,-1.00
421270,251.01,250.00,53,0.00,-1.01
421370,251.00,250.00,54,0.00,-1.00
421470,250.96,250.00,58,0.00,-0.96
421570,250.94,250.00,56,0.00,-0.94
421670,250.91,250.00,57,0.00,-0.91
421770,250.90,250.00,54,0.00,-0.90
421870,250.96,250.00,48,0.00,-0.96
421970,250.93,250.00,56,0.00,-0.93
422070,250.91,250.00,56,0.00,-0.91
422170,250.89,250.00,56,0.00,-0.89
422270,250.90,250.00,53,0.00,-0.90
422370,250.92,250.00,52,0.00,-0.92
422470,250.91,250.00,54,0.00,-0.91
422570,250.88,250.00,57,0.00,-0.88
422670,250.85,250.00,57,0.00,-0.85
422770,250.86,250.00,53,0.00,-0.86
422870,250.89,250.00,51,0.00,-0.89
422970,250.89,250.00,53,0.00,-0.89
423070,250.89,250.00,54,0.00,-0.89
423170,250.91,250.00,52,0.00,-0.91
423270,250.93,250.00,52,0.00,-0.93
423370,250.91,250.00,56,0.00,-0.91
423470,250.91,250.00,53,0.00,-0.91
423570,250.88,250.00,57,0.00,-0.88
423670,250.87,250.00,55,0.00,-0.87
423770,250.86,250.00,54,0.00,-0.86
423870,250.85,250.00,55,0.00,-0.85
423970,250.85,250.00,54,0.00,-0.85
424070,250.87,250.00,51,0.00,-0.87
424170,250.87,250.00,54,0.00,-0.87
424270,250.89,250.00,51,0.00,-0.89
424370,250.90,250.00,53,0.00,-0.90
424470,250.88,250.00,55,0.00,-0.88
424570,250.89,250.00,53,0.00,-0.89
424670,250.85,250.00,58,0.00,-0.85
424770,250.87,250.00,51,0.00,-0.87
424870,250.86,250.00,55,0.00,-0.86
424970,250.86,250.00,54,0.00,-0.86
425070,250.92,250.00,47,0.00,-0.92
425170,250.89,250.00,57,0.00,-0.89
425270,250.91,250.00,51,0.00,-0.91
425370,250.92,250.00,51,0.00,-0.92
425470,250.94,250.00,51,0.00,-0.94
425570,250.92,250.00,55,0.00,-0.92
425670,250.89,250.00,56,0.00,-0.89
425770,250.88,250.00,54,0.00,-0.88
425870,250.86,250.00,56,0.00,-0.86
425970,250.85,250.00,54,0.00,-0.85
426070,250.84,250.00,55,0.00,-0.84
426170,250.84,250.00,53,0.00,-0.84
426270,250.83,250.00,55,0.00,-0.83
426370,250.84,250.00,52,0.00,-0.84
426470,250.84,250.00,53,0.00,-0.84
426570,250.82,250.00,56,0.00,-0.82
426670,250.82,250.00,53,0.00,-0.82
426770,250.79,250.00,57,0.00,-0.79
426870,250.81,250.00,52,0.00,-0.81
426970,250.81,250.00,53,0.00,-0.81
427070,250.80,250.00,54,0.00,-0.80
427170,250.85,250.00,48,0.00,-0.85
427270,250.82,250.00,57,0.00,-0.82
427370,250.83,250.00,52,0.00,-0.83
427470,250.83,250.00,53,0.00,-0.83
427570,250.85,250.00,52,0.00,-0.85
427670,250.83,250.00,54,0.00,-0.83
427770,250.79,250.00,58,0.00,-0.79
427870,250.76,250.00,57,0.00,-0.76
427970,250.74,250.00,55,0.00,-0.74
428070,250.72,250.00,56,0.00,-0.72
428170,250.74,250.00,51,0.00,-0.74
428270,250.74,250.00,54,0.00,-0.74
428370,250.73,250.00,55,0.00,-0.73
428470,250.68,250.00,59,0.00,-0.68
428570,250.66,250.00,56,0.00,-0.66
428670,250.64,250.00,56,0.00,-0.64
428770,250.64,250.00,54,0.00,-0.64
428870,250.65,250.00,53,0.00,-0.65
428970,250.63,250.00,56,0.00,-0.63
429070,250.61,250.00,55,0.00,-0.61
429170,250.67,250.00,48,0.00,-0.67
429270,250.68,250.00,53,0.00,-0.68
429370,250.70,250.00,52,0.00,-0.70
429470,250.67,250.00,56,0.00,-0.67
429570,250.64,250.00,57,0.00,-0.64
429670,250.63,250.00,55,0.00,-0.63
429770,250.61,250.00,55,0.00,-0.61
429870,250.61,250.00,54,0.00,-0.61
429970,250.65,250.00,50,0.00,-0.65
430070,250.62,250.00,57,0.00,-0.62
430170,250.63,250.00,53,0.00,-0.63
430270,250.66,250.00,50,0.00,-0.66
430370,250.68,250.00,52,0.00,-0.68
430470,250.66,250.00,56,0.00,-0.66
430570,250.67,250.00,53,0.00,-0.67
430670,250.67,250.00,53,0.00,-0.67
430770,250.63,250.00,58,0.00,-0.63
430870,250.65,250.00,52,0.00,-0.65
430970,250.62,250.00,57,0.00,-0.62
431070,250.61,250.00,55,0.00,-0.61
431170,250.60,250.00,55,0.00,-0.60
431270,250.56,250.00,58,0.00,-0.56
431370,250.54,250.00,56,0.00,-0.54
431470,250.52,250.00,56,0.00,-0.52
431570,250.52,250.00,55,0.00,-0.52
431670,250.50,250.00,56,0.00,-0.50
431770,250.51,250.00,53,0.00,-0.51
431870,250.49,250.00,57,0.00,-0.49
431970,250.45,250.00,58,0.00,-0.45
432070,250.43,250.00,57,0.00,-0.43
432170,250.40,250.00,58,0.00,-0.40
432270,250.40,250.00,55,0.00,-0.40
432370,250.44,250.00,50,0.00,-0.44
432470,250.46,250.00,53,0.00,-0.46
432570,250.44,250.00,57,0.00,-0.44
432670,250.42,250.00,56,0.00,-0.42
432770,250.44,250.00,53,0.00,-0.44
432870,250.45,250.00,53,0.00,-0.45
432970,250.44,250.00,55,0.00,-0.44
433070,250.46,250.00,53,0.00,-0.46
433170,250.45,250.00,55,0.00,-0.45
433270,250.42,250.00,58,0.00,-0.42
433370,250.39,250.00,57,0.00,-0.39
433470,250.40,250.00,54,0.00,-0.40
433570,250.43,250.00,51,0.00,-0.43
433670,250.40,250.00,58,0.00,-0.40
433770,250.38,250.00,56,0.00,-0.38
433870,250.37,250.00,56,0.00,-0.37
433970,250.37,250.00,55,0.00,-0.37
434070,250.36,250.00,56,0.00,-0.36
434170,250.36,250.00,55,0.00,-0.36
434270,250.36,250.00,55,0.00,-0.36
434370,250.35,250.00,56,0.00,-0.35
434470,250.37,250.00,52,0.00,-0.37
434570,250.41,250.00,51,0.00,-0.41
434670,250.39,250.00,56,0.00,-0.39
434770,250.40,250.00,54,0.00,-0.40
434870,250.41,250.00,54,0.00,-0.41
434970,250.42,250.00,54,0.00,-0.42
435070,250.45,250.00,51,0.00,-0.45
435170,250.41,250.00,58,0.00,-0.41
435270,250.45,250.00,51,0.00,-0.45
435370,250.44,250.00,55,0.00,-0.44
435470,250.50,250.00,47,0.00,-0.50
435570,250.48,250.00,57,0.00,-0.48
435670,250.51,250.00,50,0.00,-0.51
435770,250.50,250.00,55,0.00,-0.50
435870,250.51,250.00,53,0.00,-0.51
435970,250.48,250.00,57,0.00,-0.48
436070,250.47,250.00,55,0.00,-0.47
436170,250.45,250.00,56,0.00,-0.45
436270,250.45,250.00,54,0.00,-0.45
436370,250.44,250.00,55,0.00,-0.44
436470,250.45,250.00,54,0.00,-0.45
436570,250.44,250.00,55,0.00,-0.44
436670,250.42,250.00,56,0.00,-0.42
436770,250.44,250.00,52,0.00,-0.44
436870,250.45,250.00,52,0.00,-0.45
436970,250.44,250.00,55,0.00,-0.44
437070,250.46,250.00,52,0.00,-0.46
437170,250.49,250.00,51,0.00,-0.49
437270,250.46,250.00,56,0.00,-0.46
437370,250.49,250.00,51,0.00,-0.49
437470,250.49,250.00,54,0.00,-0.49
437570,250.46,250.00,56,0.00,-0.46
437670,250.47,250.00,54,0.00,-0.47
437770,250.44,250.00,56,0.00,-0.44
437870,250.45,250.00,54,0.00,-0.45
437970,250.46,250.00,52,0.00,-0.46
438070,250.47,250.00,54,0.00,-0.47
438170,250.44,250.00,56,0.00,-0.44
438270,250.42,250.00,56,0.00,-0.42
438370,250.43,250.00,53,0.00,-0.43
438470,250.41,250.00,56,0.00,-0.41
438570,250.41,250.00,55,0.00,-0.41
438670,250.40,250.00,55,0.00,-0.40
438770,250.40,250.00,55,0.00,-0.40
438870,250.44,250.00,50,0.00,-0.44
438970,250.47,250.00,51,0.00,-0.47
439070,250.48,250.00,52,0.00,-0.48
439170,250.51,250.00,51,0.00,-0.51
439270,250.55,250.00,49,0.00,-0.55
439370,250.56,250.00,53,0.00,-0.56
439470,250.56,250.00,53,0.00,-0.56
439570,250.59,250.00,51,0.00,-0.59
439670,250.60,250.00,52,0.00,-0.60
439770,250.60,250.00,53,0.00,-0.60
439870,250.64,250.00,49,0.00,-0.64
439970,250.65,250.00,52,0.00,-0.65
440070,250.68,250.00,50,0.00,-0.68
440170,250.72,250.00,49,0.00,-0.72
440270,250.71,250.00,54,0.00,-0.71
440370,250.71,250.00,53,0.00,-0.71
440470,250.74,250.00,50,0.00,-0.74
440570,250.72,250.00,54,0.00,-0.72
440670,250.74,250.00,51,0.00,-0.74
440770,250.75,250.00,51,0.00,-0.75
440870,250.77,250.00,50,0.00,-0.77
440970,250.76,250.00,53,0.00,-0.76
441070,250.78,250.00,50,0.00,-0.78
441170,250.79,250.00,52,0.00,-0.79
441270,250.80,250.00,52,0.00,-0.80
441370,250.81,250.00,51,0.00,-0.81
441470,250.80,250.00,53,0.00,-0.80
441570,250.81,250.00,52,0.00,-0.81
441670,250.81,250.00,52,0.00,-0.81
441770,250.82,250.00,52,0.00,-0.82
441870,250.84,250.00,49,0.00,-0.84
441970,250.83,250.00,53,0.00,-0.83
442070,250.88,250.00,47,0.00,-0.88
442170,250.89,250.00,51,0.00,-0.89
442270,250.90,250.00,51,0.00,-0.90
442370,250.90,250.00,51,0.00,-0.90
442470,250.92,250.00,50,0.00,-0.92
442570,250.94,250.00,50,0.00,-0.94
442670,250.99,250.00,46,0.00,-0.99
442770,250.96,250.00,54,0.00,-0.96
442870,251.00,250.00,48,0.00,-1.00
442970,251.01,250.00,50,0.00,-1.01
443070,251.00,250.00,52,0.00,-1.00
443170,251.02,250.00,49,0.00,-1.02
443270,251.03,250.00,50,0.00,-1.03
443370,251.02,250.00,52,0.00,-1.02
443470,251.06,250.00,48,0.00,-1.06
443570,251.06,250.00,51,0.00,-1.06
443670,251.05,250.00,52,0.00,-1.05
443770,251.05,250.00,51,0.00,-1.05
443870,251.02,250.00,54,0.00,-1.02
443970,251.01,250.00,52,0.00,-1.01
444070,251.05,250.00,48,0.00,-1.05
444170,251.03,250.00,53,0.00,-1.03
444270,251.06,250.00,48,0.00,-1.06
444370,251.05,250.00,52,0.00,-1.05
444470,251.03,250.00,53,0.00,-1.03
444570,251.03,250.00,50,0.00,-1.03
444670,251.00,250.00,54,0.00,-1.00
444770,250.99,250.00,53,0.00,-0.99
444870,250.97,250.00,53,0.00,-0.97
444970,251.02,250.00,46,0.00,-1.02
445070,250.99,250.00,54,0.00,-0.99
445170,250.98,250.00,53,0.00,-0.98
445270,250.99,250.00,50,0.00,-0.99
445370,250.99,250.00,51,0.00,-0.99
445470,250.98,250.00,51,0.00,-0.98
445570,251.01,250.00,49,0.00,-1.01
445670,251.03,250.00,49,0.00,-1.03
445770,251.01,250.00,53,0.00,-1.01
445870,251.00,250.00,51,0.00,-1.00
445970,251.01,250.00,50,0.00,-1.01
446070,251.00,250.00,53,0.00,-1.00
446170,250.98,250.00,52,0.00,-0.98
446270,250.99,250.00,50,0.00,-0.99
446370,250.95,250.00,55,0.00,-0.95
446470,250.94,250.00,52,0.00,-0.94
446570,250.92,250.00,53,0.00,-0.92
446670,250.89,250.00,54,0.00,-0.89
446770,250.86,250.00,54,0.00,-0.86
446870,250.89,250.00,48,0.00,-0.89
446970,250.87,250.00,54,0.00,-0.87
447070,250.90,250.00,48,0.00,-0.90
447170,250.89,250.00,52,0.00,-0.89
447270,250.93,250.00,48,0.00,-0.93
447370,250.91,250.00,53,0.00,-0.91
447470,250.90,250.00,52,0.00,-0.90
447570,250.87,250.00,54,0.00,-0.87
447670,250.89,250.00,49,0.00,-0.89
447770,250.89,250.00,51,0.00,-0.89
447870,250.87,250.00,53,0.00,-0.87
447970,250.87,250.00,51,0.00,-0.87
448070,250.87,250.00,51,0.00,-0.87
448170,250.84,250.00,54,0.00,-0.84
448270,250.86,250.00,49,0.00,-0.86
448370,250.83,250.00,55,0.00,-0.83
448470,250.84,250.00,50,0.00,-0.84
448570,250.85,250.00,50,0.00,-0.85
448670,250.82,250.00,55,0.00,-0.82
448770,250.78,250.00,55,0.00,-0.78
448870,250.75,250.00,54,0.00,-0.75
448970,250.77,250.00,49,0.00,-0.77
449070,250.73,250.00,56,0.00,-0.73
449170,250.77,250.00,48,0.00,-0.77
449270,250.75,250.00,53,0.00,-0.75
449370,250.74,250.00,53,0.00,-0.74
449470,250.75,250.00,50,0.00,-0.75
449570,250.75,250.00,52,0.00,-0.75
449670,250.73,250.00,53,0.00,-0.73
449770,250.74,250.00,50,0.00,-0.74
449870,250.69,250.00,57,0.00,-0.69
449970,250.65,250.00,56,0.00,-0.65
450070,250.67,250.00,50,0.00,-0.67
450170,250.67,250.00,51,0.00,-0.67
450270,250.65,250.00,54,0.00,-0.65
450370,250.66,250.00,51,0.00,-0.66
450470,250.64,250.00,53,0.00,-0.64
450570,250.65,250.00,51,0.00,-0.65
450670,250.62,250.00,55,0.00,-0.62
450770,250.57,250.00,57,0.00,-0.57
450870,250.54,250.00,55,0.00,-0.54
450970,250.53,250.00,53,0.00,-0.53
451070,250.51,250.00,55,0.00,-0.51
451170,250.48,250.00,55,0.00,-0.48
451270,250.47,250.00,53,0.00,-0.47
451370,250.46,250.00,53,0.00,-0.46
451470,250.45,250.00,53,0.00,-0.45
451570,250.46,250.00,51,0.00,-0.46
451670,250.47,250.00,52,0.00,-0.47
451770,250.44,250.00,55,0.00,-0.44
451870,250.44,250.00,53,0.00,-0.44
451970,250.39,250.00,57,0.00,-0.39
452070,250.35,250.00,57,0.00,-0.35
452170,250.34,250.00,54,0.00,-0.34
452270,250.33,250.00,54,0.00,-0.33
452370,250.35,250.00,51,0.00,-0.35
452470,250.40,250.00,48,0.00,-0.40
452570,250.42,250.00,50,0.00,-0.42
452670,250.47,250.00,47,0.00,-0.47
452770,250.45,250.00,55,0.00,-0.45
452870,250.44,250.00,53,0.00,-0.44
452970,250.45,250.00,52,0.00,-0.45
453070,250.46,250.00,51,0.00,-0.46
453170,250.49,250.00,50,0.00,-0.49
453270,250.50,250.00,51,0.00,-0.50
453370,250.49,250.00,53,0.00,-0.49
453470,250.47,250.00,53,0.00,-0.47
453570,250.46,250.00,53,0.00,-0.46
453670,250.46,250.00,52,0.00,-0.46
453770,250.45,250.00,53,0.00,-0.45
453870,250.42,250.00,56,0.00,-0.42
453970,250.40,250.00,54,0.00,-0.40
454070,250.39,250.00,54,0.00,-0.39
454170,250.39,250.00,53,0.00,-0.39
454270,250.37,250.00,54,0.00,-0.37
454370,250.37,250.00,53,0.00,-0.37
454470,250.37,250.00,53,0.00,-0.37
454570,250.38,250.00,51,0.00,-0.38
454670,250.36,250.00,55,0.00,-0.36
454770,250.36,250.00,52,0.00,-0.36
454870,250.32,250.00,56,0.00,-0.32
454970,250.29,250.00,56,0.00,-0.29
455070,250.26,250.00,56,0.00,-0.26
455170,250.22,250.00,57,0.00,-0.22
455270,250.18,250.00,58,0.00,-0.18
455370,250.15,250.00,56,0.00,-0.15
455470,250.13,250.00,55,0.00,-0.13
455570,250.12,250.00,55,0.00,-0.12
455670,250.10,250.00,56,0.00,-0.10
455770,250.10,250.00,53,0.00,-0.10
455870,250.10,250.00,53,0.00,-0.10
455970,250.08,250.00,56,0.00,-0.08
456070,250.07,250.00,54,0.00,-0.07
456170,250.07,250.00,54,0.00,-0.07
456270,250.05,250.00,56,0.00,-0.05
456370,250.07,250.00,52,0.00,-0.07
456470,250.05,250.00,56,0.00,-0.05
456570,250.02,250.00,57,0.00,-0.02
456670,249.98,250.00,58,0.00,0.02
456770,250.00,250.00,53,0.00,0.00
456870,250.01,250.00,53,0.00,-0.01
456970,249.99,250.00,56,0.00,0.01
457070,249.98,250.00,55,0.00,0.02
457170,249.94,250.00,57,0.00,0.06
457270,249.93,250.00,56,0.00,0.07
457370,249.89,250.00,58,0.00,0.11
457470,249.86,250.00,57,0.00,0.14
457570,249.89,250.00,52,0.00,0.11
457670,249.90,250.00,53,0.00,0.10
457770,249.87,250.00,57,0.00,0.13
457870,249.86,250.00,56,0.00,0.14
457970,249.84,250.00,57,0.00,0.16
458070,249.85,250.00,54,0.00,0.15
458170,249.86,250.00,53,0.00,0.14
458270,249.86,250.00,54,0.00,0.14
458370,249.87,250.00,54,0.00,0.13
458470,249.84,250.00,57,0.00,0.16
458570,249.84,250.00,55,0.00,0.16
458670,249.81,250.00,58,0.00,0.19
458770,249.78,250.00,58,0.00,0.22
458870,249.74,250.00,59,0.00,0.26
458970,249.74,250.00,55,0.00,0.26
459070,249.72,250.00,57,0.00,0.28
459170,249.71,250.00,56,0.00,0.29
459270,249.68,250.00,58,0.00,0.32
459370,249.68,250.00,56,0.00,0.32
459470,249.67,250.00,57,0.00,0.33
459570,249.65,250.00,57,0.00,0.35
459670,249.68,250.00,53,0.00,0.32
459770,249.64,250.00,59,0.00,0.36
459870,249.63,250.00,57,0.00,0.37
459970,249.64,250.00,54,0.00,0.36
460070,249.63,250.00,57,0.00,0.37
460170,249.60,250.00,59,0.00,0.40
460270,249.60,250.00,55,0.00,0.40
460370,249.56,250.00,60,0.00,0.44
460470,249.53,250.00,59,0.00,0.47
460570,249.52,250.00,57,0.00,0.48
460670,249.53,250.00,55,0.00,0.47
460770,249.54,250.00,55,0.00,0.46
460870,249.52,250.00,59,0.00,0.48
460970,249.52,250.00,56,0.00,0.48
461070,249.52,250.00,56,0.00,0.48
461170,249.52,250.00,56,0.00,0.48
461270,249.51,250.00,57,0.00,0.49
461370,249.49,250.00,58,0.00,0.51
461470,249.47,250.00,58,0.00,0.53
461570,249.45,250.00,58,0.00,0.55
461670,249.42,250.00,59,0.00,0.58
461770,249.41,250.00,58,0.00,0.59
461870,249.40,250.00,58,0.00,0.60
461970,249.40,250.00,56,0.00,0.60
462070,249.40,250.00,56,0.00,0.60
462170,249.39,250.00,58,0.00,0.61
462270,249.38,250.00,58,0.00,0.62
462370,249.41,250.00,54,0.00,0.59
462470,249.38,250.00,59,0.00,0.62
462570,249.35,250.00,60,0.00,0.65
462670,249.37,250.00,55,0.00,0.63
462770,249.37,250.00,56,0.00,0.63
462870,249.35,250.00,59,0.00,0.65
462970,249.39,250.00,53,0.00,0.61
463070,249.38,250.00,58,0.00,0.62
463170,249.36,250.00,59,0.00,0.64
463270,249.36,250.00,58,0.00,0.64
463370,249.34,250.00,59,0.00,0.66
463470,249.31,250.00,60,0.00,0.69
463570,249.31,250.00,57,0.00,0.69
463670,249.33,250.00,55,0.00,0.67
463770,249.34,250.00,56,0.00,0.66
463870,249.36,250.00,55,0.00,0.64
463970,249.35,250.00,58,0.00,0.65
464070,249.37,250.00,55,0.00,0.63
464170,249.35,250.00,59,0.00,0.65
464270,249.37,250.00,55,0.00,0.63
464370,249.36,250.00,58,0.00,0.64
464470,249.35,250.00,58,0.00,0.65
464570,249.37,250.00,55,0.00,0.63
464670,249.40,250.00,54,0.00,0.60
464770,249.41,250.00,56,0.00,0.59
464870,249.39,250.00,59,0.00,0.61
464970,249.38,250.00,58,0.00,0.62
465070,249.37,250.00,58,0.00,0.63
465170,249.40,250.00,54,0.00,0.60
465270,249.45,250.00,52,0.00,0.55
465370,249.45,250.00,56,0.00,0.55
465470,249.44,250.00,58,0.00,0.56
465570,249.41,250.00,60,0.00,0.59
465670,249.39,250.00,59,0.00,0.61
465770,249.38,250.00,58,0.00,0.62
465870,249.37,250.00,58,0.00,0.63
465970,249.41,250.00,53,0.00,0.59
466070,249.42,250.00,56,0.00,0.58
466170,249.43,250.00,56,0.00,0.57
466270,249.44,250.00,56,0.00,0.56
466370,249.43,250.00,58,0.00,0.57
466470,249.40,250.00,60,0.00,0.60
466570,249.40,250.00,57,0.00,0.60
466670,249.42,250.00,56,0.00,0.58
466770,249.38,250.00,61,0.00,0.62
466870,249.41,250.00,54,0.00,0.59
466970,249.37,250.00,61,0.00,0.63
467070,249.36,250.00,58,0.00,0.64
467170,249.34,250.00,59,0.00,0.66
467270,249.35,250.00,57,0.00,0.65
467370,249.37,250.00,55,0.00,0.63
467470,249.35,250.00,59,0.00,0.65
467570,249.36,250.00,57,0.00,0.64
467670,249.34,250.00,59,0.00,0.66
467770,249.34,250.00,57,0.00,0.66
467870,249.34,250.00,58,0.00,0.66
467970,249.33,250.00,58,0.00,0.67
468070,249.34,250.00,57,0.00,0.66
468170,249.35,250.00,57,0.00,0.65
468270,249.36,250.00,57,0.00,0.64
468370,249.36,250.00,57,0.00,0.64
468470,249.35,250.00,58,0.00,0.65
468570,249.34,250.00,59,0.00,0.66
468670,249.34,250.00,57,0.00,0.66
468770,249.31,250.00,60,0.00,0.69
468870,249.34,250.00,55,0.00,0.66
468970,249.34,250.00,57,0.00,0.66
469070,249.33,250.00,59,0.00,0.67
469170,249.32,250.00,58,0.00,0.68
469270,249.38,250.00,52,0.00,0.62
469370,249.38,250.00,57,0.00,0.62
469470,249.40,250.00,56,0.00,0.60
469570,249.39,250.00,58,0.00,0.61
469670,249.38,250.00,58,0.00,0.62
469770,249.36,250.00,60,0.00,0.64
469870,249.34,250.00,59,0.00,0.66
469970,249.35,250.00,57,0.00,0.65
470070,249.35,250.00,57,0.00,0.65
470170,249.39,250.00,53,0.00,0.61
470270,249.40,250.00,57,0.00,0.60
470370,249.41,250.00,56,0.00,0.59
470470,249.39,250.00,60,0.00,0.61
470570,249.39,250.00,57,0.00,0.61
470670,249.39,250.00,57,0.00,0.61
470770,249.39,250.00,57,0.00,0.61
470870,249.41,250.00,56,0.00,0.59
470970,249.42,250.00,56,0.00,0.58
471070,249.42,250.00,57,0.00,0.58
471170,249.44,250.00,55,0.00,0.56
471270,249.44,250.00,58,0.00,0.56
471370,249.42,250.00,59,0.00,0.58
471470,249.47,250.00,53,0.00,0.53
471570,249.49,250.00,55,0.00,0.51
471670,249.50,250.00,55,0.00,0.50
471770,249.51,250.00,57,0.00,0.49
471870,249.48,250.00,59,0.00,0.52
471970,249.48,250.00,58,0.00,0.52
472070,249.48,250.00,57,0.00,0.52
472170,249.49,250.00,57,0.00,0.51
472270,249.48,250.00,58,0.00,0.52
472370,249.51,250.00,54,0.00,0.49
472470,249.53,250.00,54,0.00,0.47
472570,249.54,250.00,56,0.00,0.46
472670,249.54,250.00,57,0.00,0.46
472770,249.52,250.00,60,0.00,0.48
472870,249.54,250.00,55,0.00,0.46
472970,249.55,250.00,56,0.00,0.45
473070,249.53,250.00,60,0.00,0.47
473170,249.52,250.00,58,0.00,0.48
473270,249.49,250.00,59,0.00,0.51
473370,249.50,250.00,57,0.00,0.50
473470,249.60,250.00,47,0.00,0.40
473570,249.61,250.00,55,0.00,0.39
473670,249.63,250.00,55,0.00,0.37
473770,249.64,250.00,55,0.00,0.36
473870,249.67,250.00,54,0.00,0.33
473970,249.69,250.00,54,0.00,0.31
474070,249.74,250.00,51,0.00,0.26
474170,249.81,250.00,50,0.00,0.19
474270,249.80,250.00,56,0.00,0.20
474370,249.81,250.00,55,0.00,0.19
474470,249.81,250.00,56,0.00,0.19
474570,249.80,250.00,56,0.00,0.20
474670,249.79,250.00,58,0.00,0.21
474770,249.80,250.00,55,0.00,0.20
474870,249.83,250.00,53,0.00,0.17
474970,249.86,250.00,53,0.00,0.14
475070,249.83,250.00,59,0.00,0.17
475170,249.83,250.00,55,0.00,0.17
475270,249.84,250.00,55,0.00,0.16
475370,249.90,250.00,49,0.00,0.10
475470,249.92,250.00,53,0.00,0.08
475570,249.96,250.00,52,0.00,0.04
475670,249.97,250.00,54,0.00,0.03
475770,249.99,250.00,54,0.00,0.01
475870,249.98,250.00,56,0.00,0.02
475970,249.98,250.00,55,0.00,0.02
476070,249.97,250.00,56,0.00,0.03
476170,249.96,250.00,56,0.00,0.04
476270,249.97,250.00,55,0.00,0.03
476370,249.96,250.00,56,0.00,0.04
476470,249.95,250.00,56,0.00,0.05
476570,249.94,250.00,56,0.00,0.06
476670,249.94,250.00,56,0.00,0.06
476770,249.92,250.00,57,0.00,0.08
476870,249.93,250.00,55,0.00,0.07
476970,249.94,250.00,55,0.00,0.06
477070,249.96,250.00,54,0.00,0.04
477170,249.94,250.00,57,0.00,0.06
477270,249.94,250.00,55,0.00,0.06
477370,249.95,250.00,55,0.00,0.05
477470,249.98,250.00,52,0.00,0.02
477570,249.97,250.00,56,0.00,0.03
477670,249.96,250.00,56,0.00,0.04
477770,249.99,250.00,53,0.00,0.01
477870,250.03,250.00,51,0.00,-0.03
477970,250.01,250.00,57,0.00,-0.01
478070,250.02,250.00,54,0.00,-0.02
478170,250.02,250.00,55,0.00,-0.02
478270,250.02,250.00,55,0.00,-0.02
478370,249.99,250.00,58,0.00,0.01
478470,249.98,250.00,56,0.00,0.02
478570,249.99,250.00,55,0.00,0.01
478670,249.98,250.00,56,0.00,0.02
478770,249.99,250.00,54,0.00,0.01
478870,249.98,250.00,56,0.00,0.02
478970,249.98,250.00,55,0.00,0.02
479070,249.96,250.00,58,0.00,0.04
479170,249.98,250.00,54,0.00,0.02
479270,249.96,250.00,58,0.00,0.04
479370,249.97,250.00,54,0.00,0.03
479470,249.99,250.00,54,0.00,0.01
479570,249.99,250.00,55,0.00,0.01
479670,249.98,250.00,56,0.00,0.02
479770,250.03,250.00,50,0.00,-0.03
479870,250.05,250.00,53,0.00,-0.05
479970,250.11,250.00,49,0.00,-0.11
480070,250.12,250.00,53,0.00,-0.12
480170,250.08,250.00,59,0.00,-0.08
480270,250.06,250.00,57,0.00,-0.06
480370,250.05,250.00,57,0.00,-0.05
480470,250.04,250.00,56,0.00,-0.04
480570,250.04,250.00,56,0.00,-0.04
480670,250.08,250.00,51,0.00,-0.08
480770,250.04,250.00,59,0.00,-0.04
480870,250.05,250.00,54,0.00,-0.05
480970,250.04,250.00,56,0.00,-0.04
481070,250.04,250.00,56,0.00,-0.04
481170,250.05,250.00,54,0.00,-0.05
481270,250.03,250.00,57,0.00,-0.03
481370,250.05,250.00,53,0.00,-0.05
481470,250.04,250.00,57,0.00,-0.04
481570,250.02,250.00,57,0.00,-0.02
481670,250.08,250.00,49,0.00,-0.08
481770,250.07,250.00,56,0.00,-0.07
481870,250.10,250.00,52,0.00,-0.10
481970,250.09,250.00,56,0.00,-0.09
482070,250.09,250.00,55,0.00,-0.09
482170,250.10,250.00,55,0.00,-0.10
482270,250.09,250.00,56,0.00,-0.09
482370,250.06,250.00,58,0.00,-0.06
482470,250.03,250.00,58,0.00,-0.03
482570,250.00,250.00,58,0.00,-0.00
482670,249.98,250.00,58,0.00,0.02
482770,249.97,250.00,56,0.00,0.03
482870,249.96,250.00,56,0.00,0.04
482970,249.93,250.00,59,0.00,0.07
483070,249.89,250.00,60,0.00,0.11
483170,249.89,250.00,56,0.00,0.11
483270,249.88,250.00,57,0.00,0.12
483370,249.88,250.00,56,0.00,0.12
483470,249.88,250.00,56,0.00,0.12
483570,249.84,250.00,59,0.00,0.16
483670,249.84,250.00,57,0.00,0.16
483770,249.84,250.00,55,0.00,0.16
483870,249.86,250.00,54,0.00,0.14
483970,249.87,250.00,54,0.00,0.13
484070,249.86,250.00,57,0.00,0.14
484170,249.86,250.00,56,0.00,0.14
484270,249.84,250.00,58,0.00,0.16
484370,249.83,250.00,57,0.00,0.17
484470,249.79,250.00,60,0.00,0.21
484570,249.75,250.00,60,0.00,0.25
484670,249.74,250.00,57,0.00,0.26
484770,249.75,250.00,56,0.00,0.25
484870,249.82,250.00,49,0.00,0.18
484970,249.80,250.00,58,0.00,0.20
485070,249.83,250.00,53,0.00,0.17
485170,249.86,250.00,53,0.00,0.14
485270,249.88,250.00,54,0.00,0.12
485370,249.85,250.00,58,0.00,0.15
485470,249.87,250.00,54,0.00,0.13
485570,249.84,250.00,59,0.00,0.16
485670,249.80,250.00,59,0.00,0.20
485770,249.79,250.00,58,0.00,0.21
485870,249.81,250.00,54,0.00,0.19
485970,249.83,250.00,54,0.00,0.17
486070,249.86,250.00,53,0.00,0.14
486170,249.87,250.00,54,0.00,0.13
486270,249.87,250.00,56,0.00,0.13
486370,249.85,250.00,58,0.00,0.15
486470,249.84,250.00,57,0.00,0.16
486570,249.82,250.00,58,0.00,0.18
486670,249.81,250.00,58,0.00,0.19
486770,249.79,250.00,58,0.00,0.21
486870,249.76,250.00,59,0.00,0.24
486970,249.78,250.00,55,0.00,0.22
487070,249.75,250.00,59,0.00,0.25
487170,249.76,250.00,55,0.00,0.24
487270,249.77,250.00,56,0.00,0.23
487370,249.77,250.00,56,0.00,0.23
487470,249.73,250.00,60,0.00,0.27
487570,249.72,250.00,57,0.00,0.28
487670,249.71,250.00,57,0.00,0.29
487770,249.73,250.00,55,0.00,0.27
487870,249.76,250.00,54,0.00,0.24
487970,249.76,250.00,56,0.00,0.24
488070,249.74,250.00,59,0.00,0.26
488170,249.72,250.00,59,0.00,0.28
488270,249.70,250.00,59,0.00,0.30
488370,249.70,250.00,56,0.00,0.30
488470,249.70,250.00,57,0.00,0.30
488570,249.68,250.00,58,0.00,0.32
488670,249.65,250.00,60,0.00,0.35
488770,249.64,250.00,58,0.00,0.36
488870,249.63,250.00,58,0.00,0.37
488970,249.61,250.00,59,0.00,0.39
489070,249.60,250.00,58,0.00,0.40
489170,249.58,250.00,59,0.00,0.42
489270,249.59,250.00,56,0.00,0.41
489370,249.56,250.00,60,0.00,0.44
489470,249.57,250.00,56,0.00,0.43
489570,249.54,250.00,60,0.00,0.46
489670,249.54,250.00,57,0.00,0.46
489770,249.55,250.00,56,0.00,0.45
489870,249.57,250.00,55,0.00,0.43
489970,249.57,250.00,58,0.00,0.43
490070,249.58,250.00,56,0.00,0.42
490170,249.57,250.00,58,0.00,0.43
490270,249.55,250.00,59,0.00,0.45
490370,249.55,250.00,58,0.00,0.45
490470,249.56,250.00,56,0.00,0.44
490570,249.56,250.00,58,0.00,0.44
490670,249.54,250.00,59,0.00,0.46
490770,249.52,250.00,60,0.00,0.48
490870,249.48,250.00,61,0.00,0.52
490970,249.45,250.00,61,0.00,0.55
491070,249.43,250.00,61,0.00,0.57
491170,249.44,250.00,57,0.00,0.56
491270,249.46,250.00,56,0.00,0.54
491370,249.48,250.00,56,0.00,0.52
491470,249.48,250.00,57,0.00,0.52
491570,249.47,250.00,58,0.00,0.53
491670,249.46,250.00,60,0.00,0.54
491770,249.44,250.00,60,0.00,0.56
491870,249.42,250.00,59,0.00,0.58
491970,249.41,250.00,59,0.00,0.59
492070,249.45,250.00,54,0.00,0.55
492170,249.46,250.00,57,0.00,0.54
492270,249.46,250.00,57,0.00,0.54
492370,249.48,250.00,56,0.00,0.52
492470,249.46,250.00,60,0.00,0.54
492570,249.45,250.00,60,0.00,0.55
492670,249.42,250.00,61,0.00,0.58
492770,249.39,250.00,61,0.00,0.61
492870,249.37,250.00,60,0.00,0.63
492970,249.35,250.00,60,0.00,0.65
493070,249.35,250.00,59,0.00,0.65
493170,249.34,250.00,59,0.00,0.66
493270,249.36,250.00,56,0.00,0.64
493370,249.39,250.00,55,0.00,0.61
493470,249.39,250.00,58,0.00,0.61
493570,249.40,250.00,57,0.00,0.60
493670,249.39,250.00,59,0.00,0.61
493770,249.36,250.00,62,0.00,0.64
493870,249.38,250.00,57,0.00,0.62
493970,249.38,250.00,58,0.00,0.62
494070,249.39,250.00,57,0.00,0.61
494170,249.38,250.00,59,0.00,0.62
494270,249.35,250.00,62,0.00,0.65
494370,249.35,250.00,59,0.00,0.65
494470,249.33,250.00,60,0.00,0.67
494570,249.31,250.00,60,0.00,0.69
494670,249.33,250.00,56,0.00,0.67
494770,249.34,250.00,58,0.00,0.66
494870,249.34,250.00,59,0.00,0.66
494970,249.32,250.00,60,0.00,0.68
495070,249.29,250.00,61,0.00,0.71
495170,249.27,250.00,61,0.00,0.73
495270,249.26,250.00,60,0.00,0.74
495370,249.28,250.00,57,0.00,0.72
495470,249.29,250.00,58,0.00,0.71
495570,249.33,250.00,55,0.00,0.67
495670,249.35,250.00,57,0.00,0.65
495770,249.38,250.00,56,0.00,0.62
495870,249.37,250.00,59,0.00,0.63
495970,249.38,250.00,57,0.00,0.62
496070,249.40,250.00,57,0.00,0.60
496170,249.40,250.00,58,0.00,0.60
496270,249.40,250.00,58,0.00,0.60
496370,249.40,250.00,58,0.00,0.60
496470,249.39,250.00,60,0.00,0.61
496570,249.37,250.00,61,0.00,0.63
496670,249.37,250.00,58,0.00,0.63
496770,249.40,250.00,56,0.00,0.60
496870,249.41,250.00,57,0.00,0.59
496970,249.39,250.00,61,0.00,0.61
497070,249.38,250.00,60,0.00,0.62
497170,249.36,250.00,61,0.00,0.64
497270,249.34,250.00,61,0.00,0.66
497370,249.35,250.00,58,0.00,0.65
497470,249.35,250.00,58,0.00,0.65
497570,249.35,250.00,59,0.00,0.65
497670,249.34,250.00,59,0.00,0.66
497770,249.34,250.00,59,0.00,0.66
497870,249.33,250.00,59,0.00,0.67
497970,249.32,250.00,61,0.00,0.68
498070,249.31,250.00,59,0.00,0.69
498170,249.29,250.00,62,0.00,0.71
498270,249.32,250.00,55,0.00,0.68
498370,249.32,250.00,59,0.00,0.68
498470,249.34,250.00,57,0.00,0.66
498570,249.36,250.00,57,0.00,0.64
498670,249.34,250.00,61,0.00,0.66
498770,249.34,250.00,59,0.00,0.66
498870,249.37,250.00,56,0.00,0.63
498970,249.37,250.00,58,0.00,0.63
499070,249.38,250.00,58,0.00,0.62
499170,249.37,250.00,60,0.00,0.63
499270,249.35,250.00,61,0.00,0.65
499370,249.35,250.00,58,0.00,0.65
499470,249.36,250.00,58,0.00,0.64
499570,249.37,250.00,58,0.00,0.63
499670,249.35,250.00,61,0.00,0.65
499770,249.35,250.00,58,0.00,0.65
499870,249.33,250.00,61,0.00,0.67
499970,249.32,250.00,61,0.00,0.68
500070,249.32,250.00,59,0.00,0.68
500170,249.33,250.00,58,0.00,0.67
500270,249.36,250.00,56,0.00,0.64
500370,249.39,250.00,56,0.00,0.61
500470,249.38,250.00,60,0.00,0.62
500570,249.35,250.00,62,0.00,0.65
500670,249.34,250.00,60,0.00,0.66
500770,249.35,250.00,58,0.00,0.65
500870,249.38,250.00,56,0.00,0.62
500970,249.40,250.00,56,0.00,0.60
501070,249.39,250.00,60,0.00,0.61
501170,249.36,250.00,62,0.00,0.64
501270,249.33,250.00,62,0.00,0.67
501370,249.35,250.00,57,0.00,0.65
501470,249.36,250.00,59,0.00,0.64
501570,249.34,250.00,61,0.00,0.66
501670,249.36,250.00,57,0.00,0.64
501770,249.35,250.00,60,0.00,0.65
501870,249.37,250.00,57,0.00,0.63
501970,249.38,250.00,58,0.00,0.62
502070,249.37,250.00,60,0.00,0.63
502170,249.38,250.00,59,0.00,0.62
502270,249.38,250.00,59,0.00,0.62
502370,249.38,250.00,59,0.00,0.62
502470,249.36,250.00,61,0.00,0.64
502570,249.38,250.00,58,0.00,0.62
502670,249.39,250.00,58,0.00,0.61
502770,249.38,250.00,60,0.00,0.62
502870,249.35,250.00,63,0.00,0.65
502970,249.35,250.00,60,0.00,0.65
503070,249.36,250.00,57,0.00,0.64
503170,249.37,250.00,59,0.00,0.63
503270,249.35,250.00,61,0.00,0.65
503370,249.32,250.00,62,0.00,0.68
503470,249.31,250.00,61,0.00,0.69
503570,249.30,250.00,60,0.00,0.70
503670,249.28,250.00,62,0.00,0.72
503770,249.29,250.00,58,0.00,0.71
503870,249.28,250.00,61,0.00,0.72
503970,249.29,250.00,58,0.00,0.71
504070,249.28,250.00,61,0.00,0.72
504170,249.29,250.00,58,0.00,0.71
504270,249.27,250.00,62,0.00,0.73
504370,249.28,250.00,58,0.00,0.72
504470,249.26,250.00,62,0.00,0.74
504570,249.25,250.00,61,0.00,0.75
504670,249.28,250.00,57,0.00,0.72
504770,249.29,250.00,58,0.00,0.71
504870,249.29,250.00,60,0.00,0.71
504970,249.29,250.00,60,0.00,0.71
505070,249.28,250.00,61,0.00,0.72
505170,249.31,250.00,57,0.00,0.69
505270,249.30,250.00,60,0.00,0.70
505370,249.29,250.00,61,0.00,0.71
505470,249.27,250.00,62,0.00,0.73
505570,249.25,250.00,62,0.00,0.75
505670,249.25,250.00,60,0.00,0.75
505770,249.22,250.00,63,0.00,0.78
505870,249.25,250.00,57,0.00,0.75
505970,249.28,250.00,57,0.00,0.72
506070,249.29,250.00,59,0.00,0.71
506170,249.32,250.00,57,0.00,0.68
506270,249.31,250.00,60,0.00,0.69
506370,249.33,250.00,58,0.00,0.67
506470,249.38,250.00,55,0.00,0.62
506570,249.39,250.00,58,0.00,0.61
506670,249.38,250.00,61,0.00,0.62
506770,249.39,250.00,59,0.00,0.61
506870,249.41,250.00,57,0.00,0.59
506970,249.42,250.00,58,0.00,0.58
507070,249.41,250.00,61,0.00,0.59
507170,249.42,250.00,58,0.00,0.58
507270,249.44,250.00,57,0.00,0.56
507370,249.44,250.00,60,0.00,0.56
507470,249.46,250.00,57,0.00,0.54
507570,249.46,250.00,60,0.00,0.54
507670,249.44,250.00,61,0.00,0.56
507770,249.44,250.00,60,0.00,0.56
507870,249.45,250.00,59,0.00,0.55
507970,249.44,250.00,60,0.00,0.56
508070,249.43,250.00,61,0.00,0.57
508170,249.44,250.00,58,0.00,0.56
508270,249.45,250.00,59,0.00,0.55
508370,249.44,250.00,60,0.00,0.56
508470,249.46,250.00,57,0.00,0.54
508570,249.47,250.00,59,0.00,0.53
508670,249.49,250.00,58,0.00,0.51
508770,249.48,250.00,60,0.00,0.52
508870,249.49,250.00,59,0.00,0.51
508970,249.47,250.00,61,0.00,0.53
509070,249.46,250.00,60,0.00,0.54
509170,249.46,250.00,60,0.00,0.54
509270,249.45,250.00,60,0.00,0.55
509370,249.46,250.00,59,0.00,0.54
509470,249.44,250.00,61,0.00,0.56
509570,249.43,250.00,61,0.00,0.57
509670,249.41,250.00,61,0.00,0.59
509770,249.40,250.00,61,0.00,0.60
509870,249.40,250.00,60,0.00,0.60
509970,249.38,250.00,62,0.00,0.62
510070,249.41,250.00,57,0.00,0.59
510170,249.42,250.00,59,0.00,0.58
510270,249.43,250.00,59,0.00,0.57
510370,249.42,250.00,61,0.00,0.58
510470,249.42,250.00,60,0.00,0.58
510570,249.44,250.00,57,0.00,0.56
510670,249.46,250.00,58,0.00,0.54
510770,249.47,250.00,59,0.00,0.53
510870,249.44,250.00,63,0.00,0.56
510970,249.47,250.00,56,0.00,0.53
511070,249.49,250.00,58,0.00,0.51
511170,249.48,250.00,60,0.00,0.52
511270,249.47,250.00,60,0.00,0.53
511370,249.48,250.00,59,0.00,0.52
511470,249.46,250.00,62,0.00,0.54
511570,249.46,250.00,60,0.00,0.54
511670,249.44,250.00,61,0.00,0.56
511770,249.42,250.00,61,0.00,0.58
511870,249.41,250.00,61,0.00,0.59
511970,249.45,250.00,56,0.00,0.55
512070,249.43,250.00,61,0.00,0.57
512170,249.45,250.00,58,0.00,0.55
512270,249.47,250.00,58,0.00,0.53
512370,249.49,250.00,58,0.00,0.51
512470,249.51,250.00,58,0.00,0.49
512570,249.50,250.00,61,0.00,0.50
512670,249.50,250.00,59,0.00,0.50
512770,249.50,250.00,59,0.00,0.50
512870,249.47,250.00,63,0.00,0.53
512970,249.46,250.00,60,0.00,0.54
513070,249.46,250.00,60,0.00,0.54
513170,249.44,250.00,62,0.00,0.56
513270,249.46,250.00,58,0.00,0.54
513370,249.50,250.00,55,0.00,0.50
513470,249.54,250.00,56,0.00,0.46
513570,249.55,250.00,58,0.00,0.45
513670,249.56,250.00,59,0.00,0.44
513770,249.55,250.00,61,0.00,0.45
513870,249.55,250.00,60,0.00,0.45
513970,249.52,250.00,62,0.00,0.48
514070,249.51,250.00,61,0.00,0.49
514170,249.51,250.00,59,0.00,0.49
514270,249.51,250.00,60,0.00,0.49
514370,249.50,250.00,61,0.00,0.50
514470,249.53,250.00,57,0.00,0.47
514570,249.53,250.00,60,0.00,0.47
514670,249.53,250.00,60,0.00,0.47
514770,249.54,250.00,58,0.00,0.46
514870,249.55,250.00,59,0.00,0.45
514970,249.51,250.00,64,0.00,0.49
515070,249.53,250.00,58,0.00,0.47
515170,249.52,250.00,61,0.00,0.48
515270,249.48,250.00,63,0.00,0.52
515370,249.50,250.00,58,0.00,0.50
515470,249.54,250.00,56,0.00,0.46
515570,249.52,250.00,61,0.00,0.48
515670,249.54,250.00,58,0.00,0.46
515770,249.52,250.00,61,0.00,0.48
515870,249.49,250.00,63,0.00,0.51
515970,249.47,250.00,62,0.00,0.53
516070,249.44,250.00,63,0.00,0.56
516170,249.44,250.00,60,0.00,0.56
516270,249.42,250.00,62,0.00,0.58
516370,249.46,250.00,57,0.00,0.54
516470,249.44,250.00,62,0.00,0.56
516570,249.45,250.00,59,0.00,0.55
516670,249.43,250.00,62,0.00,0.57
516770,249.45,250.00,58,0.00,0.55
516870,249.46,250.00,59,0.00,0.54
516970,249.48,250.00,58,0.00,0.52
517070,249.50,250.00,58,0.00,0.50
517170,249.51,250.00,58,0.00,0.49
517270,249.53,250.00,59,0.00,0.47
517370,249.50,250.00,62,0.00,0.50
517470,249.52,250.00,58,0.00,0.48
517570,249.51,250.00,61,0.00,0.49
517670,249.51,250.00,60,0.00,0.49
517770,249.53,250.00,57,0.00,0.47
517870,249.52,250.00,61,0.00,0.48
517970,249.50,250.00,62,0.00,0.50
518070,249.48,250.00,62,0.00,0.52
518170,249.47,250.00,61,0.00,0.53
518270,249.48,250.00,60,0.00,0.52
518370,249.48,250.00,60,0.00,0.52
518470,249.51,250.00,57,0.00,0.49
518570,249.50,250.00,61,0.00,0.50
518670,249.50,250.00,60,0.00,0.50
518770,249.51,250.00,60,0.00,0.49
518870,249.52,250.00,59,0.00,0.48
518970,249.49,250.00,64,0.00,0.51
519070,249.49,250.00,60,0.00,0.51
519170,249.47,250.00,62,0.00,0.53
519270,249.45,250.00,62,0.00,0.55
519370,249.47,250.00,58,0.00,0.53
519470,249.49,250.00,58,0.00,0.51
519570,249.52,250.00,57,0.00,0.48
519670,249.55,250.00,56,0.00,0.45
519770,249.55,250.00,60,0.00,0.45
519870,249.56,250.00,59,0.00,0.44
519970,249.56,250.00,60,0.00,0.44
520070,249.52,250.00,64,0.00,0.48
520170,249.48,250.00,64,0.00,0.52
520270,249.45,250.00,63,0.00,0.55
520370,249.44,250.00,62,0.00,0.56
520470,249.43,250.00,61,0.00,0.57
520570,249.46,250.00,58,0.00,0.54
520670,249.44,250.00,62,0.00,0.56
520770,249.47,250.00,57,0.00,0.53
520870,249.47,250.00,61,0.00,0.53
520970,249.47,250.00,60,0.00,0.53
521070,249.47,250.00,61,0.00,0.53
521170,249.46,250.00,61,0.00,0.54
521270,249.44,250.00,62,0.00,0.56
521370,249.44,250.00,61,0.00,0.56
521470,249.43,250.00,62,0.00,0.57
521570,249.40,250.00,63,0.00,0.60
521670,249.39,250.00,62,0.00,0.61
521770,249.38,250.00,62,0.00,0.62
521870,249.38,250.00,60,0.00,0.62
521970,249.41,250.00,58,0.00,0.59
522070,249.41,250.00,61,0.00,0.59
522170,249.39,250.00,63,0.00,0.61
522270,249.35,250.00,64,0.00,0.65
522370,249.32,250.00,64,0.00,0.68
522470,249.32,250.00,61,0.00,0.68
522570,249.29,250.00,64,0.00,0.71
522670,249.32,250.00,59,0.00,0.68
522770,249.30,250.00,63,0.00,0.70
522870,249.31,250.00,60,0.00,0.69
522970,249.34,250.00,59,0.00,0.66
523070,249.33,250.00,62,0.00,0.67
523170,249.34,250.00,60,0.00,0.66
523270,249.35,250.00,60,0.00,0.65
523370,249.32,250.00,64,0.00,0.68
523470,249.31,250.00,61,0.00,0.69
523570,249.30,250.00,63,0.00,0.70
523670,249.26,250.00,65,0.00,0.74
523770,249.26,250.00,62,0.00,0.74
523870,249.27,250.00,60,0.00,0.73
523970,249.26,250.00,62,0.00,0.74
524070,249.24,250.00,64,0.00,0.76
524170,249.23,250.00,62,0.00,0.77
524270,249.20,250.00,65,0.00,0.80
524370,249.21,250.00,61,0.00,0.79
524470,249.23,250.00,60,0.00,0.77
524570,249.23,250.00,62,0.00,0.77
524670,249.23,250.00,61,0.00,0.77
524770,249.24,250.00,61,0.00,0.76
524870,249.21,250.00,65,0.00,0.79
524970,249.21,250.00,62,0.00,0.79
525070,249.20,250.00,62,0.00,0.80
525170,249.20,250.00,62,0.00,0.80
525270,249.20,250.00,62,0.00,0.80
525370,249.21,250.00,61,0.00,0.79
525470,249.18,250.00,65,0.00,0.82
525570,249.16,250.00,65,0.00,0.84
525670,249.16,250.00,62,0.00,0.84
525770,249.15,250.00,63,0.00,0.85
525870,249.14,250.00,63,0.00,0.86
525970,249.13,250.00,63,0.00,0.87
526070,249.13,250.00,62,0.00,0.87
526170,249.16,250.00,59,0.00,0.84
526270,249.15,250.00,63,0.00,0.85
526370,249.14,250.00,63,0.00,0.86
526470,249.11,250.00,66,0.00,0.89
526570,249.09,250.00,64,0.00,0.91
526670,249.11,250.00,60,0.00,0.89
526770,249.14,250.00,59,0.00,0.86
526870,249.18,250.00,58,0.00,0.82
526970,249.18,250.00,62,0.00,0.82
527070,249.20,250.00,60,0.00,0.80
527170,249.25,250.00,58,0.00,0.75
527270,249.28,250.00,59,0.00,0.72
527370,249.28,250.00,62,0.00,0.72
527470,249.30,250.00,59,0.00,0.70
527570,249.33,250.00,59,0.00,0.67
527670,249.31,250.00,63,0.00,0.69
527770,249.31,250.00,62,0.00,0.69
527870,249.28,250.00,64,0.00,0.72
527970,249.28,250.00,62,0.00,0.72
528070,249.29,250.00,62,0.00,0.71
528170,249.27,250.00,63,0.00,0.73
528270,249.29,250.00,61,0.00,0.71
528370,249.29,250.00,62,0.00,0.71
528470,249.29,250.00,62,0.00,0.71
528570,249.28,250.00,63,0.00,0.72
528670,249.28,250.00,62,0.00,0.72
528770,249.29,250.00,61,0.00,0.71
528870,249.30,250.00,61,0.00,0.70
528970,249.33,250.00,60,0.00,0.67
529070,249.31,250.00,63,0.00,0.69
529170,249.32,250.00,61,0.00,0.68
529270,249.35,250.00,58,0.00,0.65
529370,249.36,250.00,61,0.00,0.64
529470,249.38,250.00,60,0.00,0.62
529570,249.39,250.00,60,0.00,0.61
529670,249.37,250.00,64,0.00,0.63
529770,249.39,250.00,60,0.00,0.61
529870,249.39,250.00,61,0.00,0.61
529970,249.41,250.00,59,0.00,0.59
530070,249.44,250.00,59,0.00,0.56
530170,249.42,250.00,63,0.00,0.58
530270,249.41,250.00,63,0.00,0.59
530370,249.43,250.00,59,0.00,0.57
530470,249.43,250.00,62,0.00,0.57
530570,249.42,250.00,63,0.00,0.58
530670,249.39,250.00,64,0.00,0.61
530770,249.41,250.00,60,0.00,0.59
530870,249.41,250.00,62,0.00,0.59
530970,249.41,250.00,62,0.00,0.59
531070,249.43,250.00,59,0.00,0.57
531170,249.42,250.00,63,0.00,0.58
531270,249.43,250.00,61,0.00,0.57
531370,249.45,250.00,59,0.00,0.55
531470,249.45,250.00,62,0.00,0.55
531570,249.47,250.00,59,0.00,0.53
531670,249.48,250.00,60,0.00,0.52
531770,249.47,250.00,63,0.00,0.53
531870,249.46,250.00,62,0.00,0.54
531970,249.45,250.00,62,0.00,0.55
532070,249.44,250.00,63,0.00,0.56
532170,249.42,250.00,63,0.00,0.58
532270,249.42,250.00,62,0.00,0.58
532370,249.42,250.00,62,0.00,0.58
532470,249.43,250.00,61,0.00,0.57
532570,249.43,250.00,62,0.00,0.57
532670,249.42,250.00,63,0.00,0.58
532770,249.40,250.00,63,0.00,0.60
532870,249.39,250.00,63,0.00,0.61
532970,249.39,250.00,62,0.00,0.61
533070,249.40,250.00,62,0.00,0.60
533170,249.42,250.00,59,0.00,0.58
533270,249.44,250.00,59,0.00,0.56
533370,249.46,250.00,60,0.00,0.54
533470,249.51,250.00,57,0.00,0.49
533570,249.51,250.00,61,0.00,0.49
533670,249.52,250.00,60,0.00,0.48
533770,249.53,250.00,60,0.00,0.47
533870,249.53,250.00,61,0.00,0.47
533970,249.53,250.00,61,0.00,0.47
534070,249.53,250.00,61,0.00,0.47
534170,249.51,250.00,64,0.00,0.49
534270,249.50,250.00,63,0.00,0.50
534370,249.50,250.00,61,0.00,0.50
534470,249.52,250.00,60,0.00,0.48
534570,249.53,250.00,60,0.00,0.47
534670,249.52,250.00,63,0.00,0.48
534770,249.51,250.00,63,0.00,0.49
534870,249.49,250.00,64,0.00,0.51
534970,249.50,250.00,60,0.00,0.50
535070,249.52,250.00,60,0.00,0.48
535170,249.49,250.00,64,0.00,0.51
535270,249.49,250.00,63,0.00,0.51
535370,249.51,250.00,59,0.00,0.49
535470,249.52,250.00,61,0.00,0.48
535570,249.53,250.00,60,0.00,0.47
535670,249.54,250.00,60,0.00,0.46
535770,249.54,250.00,62,0.00,0.46
535870,249.55,250.00,60,0.00,0.45
535970,249.57,250.00,59,0.00,0.43
536070,249.60,250.00,58,0.00,0.40
536170,249.60,250.00,62,0.00,0.40
536270,249.62,250.00,58,0.00,0.38
536370,249.61,250.00,62,0.00,0.39
536470,249.64,250.00,58,0.00,0.36
536570,249.68,250.00,57,0.00,0.32
536670,249.73,250.00,55,0.00,0.27
536770,249.75,250.00,59,0.00,0.25
536870,249.78,250.00,58,0.00,0.22
536970,249.77,250.00,61,0.00,0.23
537070,249.77,250.00,61,0.00,0.23
537170,249.78,250.00,60,0.00,0.22
537270,249.81,250.00,58,0.00,0.19
537370,249.83,250.00,58,0.00,0.17
537470,249.87,250.00,56,0.00,0.13
537570,249.89,250.00,58,0.00,0.11
537670,249.88,250.00,62,0.00,0.12
537770,249.91,250.00,58,0.00,0.09
537870,249.89,250.00,62,0.00,0.11
537970,249.90,250.00,59,0.00,0.10
538070,249.94,250.00,57,0.00,0.06
538170,249.96,250.00,58,0.00,0.04
538270,249.96,250.00,59,0.00,0.04
538370,249.94,250.00,62,0.00,0.06
538470,249.98,250.00,56,0.00,0.02
538570,250.05,250.00,53,0.00,-0.05
538670,250.07,250.00,58,0.00,-0.07
538770,250.05,250.00,61,0.00,-0.05
538870,250.03,250.00,61,0.00,-0.03
538970,250.00,250.00,62,0.00,-0.00
539070,249.99,250.00,61,0.00,0.01
539170,249.98,250.00,61,0.00,0.02
539270,250.00,250.00,58,0.00,0.00
539370,250.00,250.00,60,0.00,0.00
539470,250.06,250.00,53,0.00,-0.06
539570,250.06,250.00,59,0.00,-0.06
539670,250.07,250.00,59,0.00,-0.07
539770,250.09,250.00,58,0.00,-0.09
539870,250.12,250.00,57,0.00,-0.12
539970,250.12,250.00,59,0.00,-0.12
540070,250.14,250.00,57,0.00,-0.14
540170,250.17,250.00,56,0.00,-0.17
540270,250.22,250.00,55,0.00,-0.22
540370,250.22,250.00,59,0.00,-0.22
540470,250.28,250.00,52,0.00,-0.28
540570,250.30,250.00,57,0.00,-0.30
540670,250.30,250.00,59,0.00,-0.30
540770,250.30,250.00,58,0.00,-0.30
540870,250.32,250.00,57,0.00,-0.32
540970,250.30,250.00,60,0.00,-0.30
541070,250.27,250.00,62,0.00,-0.27
541170,250.26,250.00,60,0.00,-0.26
541270,250.24,250.00,60,0.00,-0.24
541370,250.24,250.00,59,0.00,-0.24
541470,250.23,250.00,60,0.00,-0.23
541570,250.26,250.00,56,0.00,-0.26
541670,250.27,250.00,58,0.00,-0.27
541770,250.29,250.00,56,0.00,-0.29
541870,250.32,250.00,55,0.00,-0.32
541970,250.34,250.00,57,0.00,-0.34
542070,250.36,250.00,56,0.00,-0.36
542170,250.38,250.00,57,0.00,-0.38
542270,250.39,250.00,57,0.00,-0.39
542370,250.41,250.00,56,0.00,-0.41
542470,250.40,250.00,58,0.00,-0.40
542570,250.47,250.00,51,0.00,-0.47
542670,250.45,250.00,60,0.00,-0.45
542770,250.42,250.00,61,0.00,-0.42
542870,250.40,250.00,60,0.00,-0.40
542970,250.43,250.00,55,0.00,-0.43
543070,250.44,250.00,57,0.00,-0.44
543170,250.44,250.00,57,0.00,-0.44
543270,250.42,250.00,60,0.00,-0.42
543370,250.40,250.00,60,0.00,-0.40
543470,250.39,250.00,60,0.00,-0.39
543570,250.36,250.00,61,0.00,-0.36
543670,250.37,250.00,57,0.00,-0.37
543770,250.41,250.00,54,0.00,-0.41
543870,250.43,250.00,56,0.00,-0.43
543970,250.45,250.00,56,0.00,-0.45
544070,250.44,250.00,59,0.00,-0.44
544170,250.41,250.00,61,0.00,-0.41
544270,250.40,250.00,58,0.00,-0.40
544370,250.43,250.00,55,0.00,-0.43
544470,250.44,250.00,57,0.00,-0.44
544570,250.48,250.00,54,0.00,-0.48
544670,250.47,250.00,59,0.00,-0.47
544770,250.47,250.00,57,0.00,-0.47
544870,250.45,250.00,60,0.00,-0.45
544970,250.46,250.00,56,0.00,-0.46
545070,250.44,250.00,60,0.00,-0.44
545170,250.42,250.00,60,0.00,-0.42
545270,250.40,250.00,60,0.00,-0.40
545370,250.38,250.00,61,0.00,-0.38
545470,250.36,250.00,59,0.00,-0.36
545570,250.36,250.00,58,0.00,-0.36
545670,250.36,250.00,58,0.00,-0.36
545770,250.37,250.00,57,0.00,-0.37
545870,250.39,250.00,57,0.00,-0.39
545970,250.38,250.00,58,0.00,-0.38
546070,250.41,250.00,56,0.00,-0.41
546170,250.43,250.00,56,0.00,-0.43
546270,250.41,250.00,60,0.00,-0.41
546370,250.44,250.00,54,0.00,-0.44
546470,250.42,250.00,60,0.00,-0.42
546570,250.43,250.00,57,0.00,-0.43
546670,250.44,250.00,56,0.00,-0.44
546770,250.51,250.00,51,0.00,-0.51
546870,250.49,250.00,59,0.00,-0.49
546970,250.49,250.00,58,0.00,-0.49
547070,250.54,250.00,52,0.00,-0.54
547170,250.62,250.00,49,0.00,-0.62
547270,250.61,250.00,58,0.00,-0.61
547370,250.62,250.00,56,0.00,-0.62
547470,250.62,250.00,57,0.00,-0.62
547570,250.63,250.00,56,0.00,-0.63
547670,250.62,250.00,57,0.00,-0.62
547770,250.65,250.00,55,0.00,-0.65
547870,250.64,250.00,57,0.00,-0.64
547970,250.65,250.00,56,0.00,-0.65
548070,250.67,250.00,55,0.00,-0.67
548170,250.68,250.00,56,0.00,-0.68
548270,250.68,250.00,56,0.00,-0.68
548370,250.71,250.00,54,0.00,-0.71
548470,250.71,250.00,56,0.00,-0.71
548570,250.74,250.00,54,0.00,-0.74
548670,250.71,250.00,59,0.00,-0.71
548770,250.71,250.00,56,0.00,-0.71
548870,250.70,250.00,57,0.00,-0.70
548970,250.72,250.00,55,0.00,-0.72
549070,250.76,250.00,51,0.00,-0.76
549170,250.76,250.00,57,0.00,-0.76
549270,250.78,250.00,54,0.00,-0.78
549370,250.79,250.00,55,0.00,-0.79
549470,250.76,250.00,59,0.00,-0.76
549570,250.74,250.00,58,0.00,-0.74
549670,250.72,250.00,59,0.00,-0.72
549770,250.72,250.00,56,0.00,-0.72
549870,250.73,250.00,55,0.00,-0.73
549970,250.77,250.00,52,0.00,-0.77
550070,250.76,250.00,56,0.00,-0.76
550170,250.77,250.00,55,0.00,-0.77
550270,250.75,250.00,58,0.00,-0.75
550370,250.75,250.00,56,0.00,-0.75
550470,250.72,250.00,59,0.00,-0.72
550570,250.76,250.00,52,0.00,-0.76
550670,250.73,250.00,59,0.00,-0.73
550770,250.72,250.00,57,0.00,-0.72
550870,250.76,250.00,52,0.00,-0.76
550970,250.77,250.00,55,0.00,-0.77
551070,250.75,250.00,58,0.00,-0.75
551170,250.73,250.00,57,0.00,-0.73
551270,250.75,250.00,55,0.00,-0.75
551370,250.74,250.00,56,0.00,-0.74
551470,250.74,250.00,56,0.00,-0.74
551570,250.74,250.00,56,0.00,-0.74
551670,250.73,250.00,57,0.00,-0.73
551770,250.74,250.00,55,0.00,-0.74
551870,250.74,250.00,56,0.00,-0.74
551970,250.70,250.00,60,0.00,-0.70
552070,250.71,250.00,55,0.00,-0.71
552170,250.71,250.00,56,0.00,-0.71
552270,250.72,250.00,56,0.00,-0.72
552370,250.72,250.00,56,0.00,-0.72
552470,250.71,250.00,57,0.00,-0.71
552570,250.72,250.00,55,0.00,-0.72
552670,250.74,250.00,53,0.00,-0.74
552770,250.71,250.00,60,0.00,-0.71
552870,250.68,250.00,58,0.00,-0.68
552970,250.72,250.00,52,0.00,-0.72
553070,250.71,250.00,57,0.00,-0.71
553170,250.74,250.00,53,0.00,-0.74
553270,250.76,250.00,53,0.00,-0.76
553370,250.76,250.00,56,0.00,-0.76
553470,250.77,250.00,55,0.00,-0.77
553570,250.75,250.00,57,0.00,-0.75
553670,250.75,250.00,56,0.00,-0.75
553770,250.71,250.00,60,0.00,-0.71
553870,250.73,250.00,53,0.00,-0.73
553970,250.70,250.00,60,0.00,-0.70
554070,250.66,250.00,59,0.00,-0.66
554170,250.69,250.00,53,0.00,-0.69
554270,250.71,250.00,54,0.00,-0.71
554370,250.73,250.00,53,0.00,-0.73
554470,250.73,250.00,56,0.00,-0.73
554570,250.72,250.00,57,0.00,-0.72
554670,250.72,250.00,56,0.00,-0.72
554770,250.72,250.00,56,0.00,-0.72
554870,250.71,250.00,57,0.00,-0.71
554970,250.66,250.00,61,0.00,-0.66
555070,250.63,250.00,59,0.00,-0.63
555170,250.64,250.00,55,0.00,-0.64
555270,250.63,250.00,58,0.00,-0.63
555370,250.60,250.00,59,0.00,-0.60
555470,250.61,250.00,55,0.00,-0.61
555570,250.62,250.00,55,0.00,-0.62
555670,250.62,250.00,56,0.00,-0.62
555770,250.62,250.00,56,0.00,-0.62
555870,250.57,250.00,61,0.00,-0.57
555970,250.54,250.00,60,0.00,-0.54
556070,250.52,250.00,58,0.00,-0.52
556170,250.50,250.00,58,0.00,-0.50
556270,250.49,250.00,58,0.00,-0.49
556370,250.47,250.00,59,0.00,-0.47
556470,250.46,250.00,58,0.00,-0.46
556570,250.46,250.00,56,0.00,-0.46
556670,250.45,250.00,58,0.00,-0.45
556770,250.46,250.00,55,0.00,-0.46
556870,250.47,250.00,56,0.00,-0.47
556970,250.44,250.00,59,0.00,-0.44
557070,250.47,250.00,54,0.00,-0.47
557170,250.46,250.00,58,0.00,-0.46
557270,250.46,250.00,56,0.00,-0.46
557370,250.44,250.00,59,0.00,-0.44
557470,250.41,250.00,60,0.00,-0.41
557570,250.39,250.00,58,0.00,-0.39
557670,250.40,250.00,56,0.00,-0.40
557770,250.40,250.00,57,0.00,-0.40
557870,250.39,250.00,57,0.00,-0.39
557970,250.38,250.00,58,0.00,-0.38
558070,250.38,250.00,57,0.00,-0.38
558170,250.40,250.00,54,0.00,-0.40
558270,250.42,250.00,55,0.00,-0.42
558370,250.48,250.00,51,0.00,-0.48
558470,250.45,250.00,59,0.00,-0.45
558570,250.47,250.00,55,0.00,-0.47
558670,250.49,250.00,54,0.00,-0.49
558770,250.49,250.00,56,0.00,-0.49
558870,250.46,250.00,60,0.00,-0.46
558970,250.45,250.00,57,0.00,-0.45
559070,250.41,250.00,60,0.00,-0.41
559170,250.41,250.00,57,0.00,-0.41
559270,250.45,250.00,52,0.00,-0.45
559370,250.46,250.00,56,0.00,-0.46
559470,250.42,250.00,60,0.00,-0.42
559570,250.39,250.00,60,0.00,-0.39
559670,250.38,250.00,58,0.00,-0.38
559770,250.39,250.00,56,0.00,-0.39
559870,250.40,250.00,56,0.00,-0.40
559970,250.38,250.00,58,0.00,-0.38
560070,250.36,250.00,59,0.00,-0.36
560170,250.36,250.00,57,0.00,-0.36
560270,250.35,250.00,58,0.00,-0.35
560370,250.32,250.00,59,0.00,-0.32
560470,250.30,250.00,59,0.00,-0.30
560570,250.30,250.00,58,0.00,-0.30
560670,250.30,250.00,56,0.00,-0.30
560770,250.29,250.00,59,0.00,-0.29
560870,250.27,250.00,59,0.00,-0.27
560970,250.24,250.00,60,0.00,-0.24
561070,250.23,250.00,58,0.00,-0.23
561170,250.26,250.00,55,0.00,-0.26
561270,250.23,250.00,60,0.00,-0.23
561370,250.23,250.00,57,0.00,-0.23
561470,250.23,250.00,57,0.00,-0.23
561570,250.22,250.00,58,0.00,-0.22
561670,250.26,250.00,53,0.00,-0.26
561770,250.26,250.00,57,0.00,-0.26
561870,250.27,250.00,56,0.00,-0.27
561970,250.23,250.00,61,0.00,-0.23
562070,250.20,250.00,61,0.00,-0.20
562170,250.15,250.00,62,0.00,-0.15
562270,250.13,250.00,60,0.00,-0.13
562370,250.11,250.00,59,0.00,-0.11
562470,250.10,250.00,59,0.00,-0.10
562570,250.09,250.00,59,0.00,-0.09
562670,250.11,250.00,56,0.00,-0.11
562770,250.12,250.00,56,0.00,-0.12
562870,250.13,250.00,56,0.00,-0.13
562970,250.12,250.00,59,0.00,-0.12
563070,250.09,250.00,61,0.00,-0.09
563170,250.08,250.00,59,0.00,-0.08
563270,250.09,250.00,56,0.00,-0.09
563370,250.09,250.00,59,0.00,-0.09
563470,250.09,250.00,57,0.00,-0.09
563570,250.08,250.00,59,0.00,-0.08
563670,250.07,250.00,59,0.00,-0.07
563770,250.04,250.00,61,0.00,-0.04
563870,250.03,250.00,60,0.00,-0.03
563970,250.00,250.00,61,0.00,-0.00
564070,249.99,250.00,59,0.00,0.01
564170,249.98,250.00,59,0.00,0.02
564270,249.96,250.00,60,0.00,0.04
564370,249.95,250.00,59,0.00,0.05
564470,249.94,250.00,59,0.00,0.06
564570,249.94,250.00,59,0.00,0.06
564670,249.92,250.00,60,0.00,0.08
564770,249.92,250.00,59,0.00,0.08
564870,249.90,250.00,60,0.00,0.10
564970,249.91,250.00,57,0.00,0.09
565070,249.90,250.00,60,0.00,0.10
565170,249.91,250.00,57,0.00,0.09
565270,249.91,250.00,59,0.00,0.09
565370,249.90,250.00,59,0.00,0.10
565470,249.90,250.00,59,0.00,0.10
565570,249.89,250.00,60,0.00,0.11
565670,249.85,250.00,62,0.00,0.15
565770,249.87,250.00,57,0.00,0.13
565870,249.85,250.00,61,0.00,0.15
565970,249.83,250.00,61,0.00,0.17
566070,249.81,250.00,61,0.00,0.19
566170,249.79,250.00,61,0.00,0.21
566270,249.78,250.00,60,0.00,0.22
566370,249.78,250.00,59,0.00,0.22
566470,249.78,250.00,59,0.00,0.22
566570,249.79,250.00,58,0.00,0.21
566670,249.77,250.00,60,0.00,0.23
566770,249.78,250.00,58,0.00,0.22
566870,249.81,250.00,57,0.00,0.19
566970,249.81,250.00,58,0.00,0.19
567070,249.83,250.00,57,0.00,0.17
567170,249.83,250.00,59,0.00,0.17
567270,249.81,250.00,61,0.00,0.19
567370,249.79,250.00,61,0.00,0.21
567470,249.77,250.00,62,0.00,0.23
567570,249.75,250.00,60,0.00,0.25
567670,249.73,250.00,61,0.00,0.27
567770,249.71,250.00,61,0.00,0.29
567870,249.72,250.00,59,0.00,0.28
567970,249.76,250.00,55,0.00,0.24
568070,249.76,250.00,59,0.00,0.24
568170,249.77,250.00,58,0.00,0.23
568270,249.77,250.00,59,0.00,0.23
568370,249.76,250.00,60,0.00,0.24
568470,249.72,250.00,63,0.00,0.28
568570,249.69,250.00,63,0.00,0.31
568670,249.69,250.00,60,0.00,0.31
568770,249.68,250.00,60,0.00,0.32
568870,249.69,250.00,59,0.00,0.31
568970,249.71,250.00,57,0.00,0.29
569070,249.70,250.00,60,0.00,0.30
569170,249.72,250.00,57,0.00,0.28
569270,249.72,250.00,60,0.00,0.28
569370,249.70,250.00,61,0.00,0.30
569470,249.72,250.00,57,0.00,0.28
569570,249.71,250.00,60,0.00,0.29
569670,249.74,250.00,56,0.00,0.26
569770,249.75,250.00,58,0.00,0.25
569870,249.79,250.00,55,0.00,0.21
569970,249.80,250.00,58,0.00,0.20
570070,249.81,250.00,58,0.00,0.19
570170,249.82,250.00,58,0.00,0.18
570270,249.80,250.00,61,0.00,0.20
570370,249.80,250.00,59,0.00,0.20
570470,249.80,250.00,58,0.00,0.20
570570,249.80,250.00,59,0.00,0.20
570670,249.79,250.00,61,0.00,0.21
570770,249.78,250.00,59,0.00,0.22
570870,249.79,250.00,58,0.00,0.21
570970,249.85,250.00,53,0.00,0.15
571070,249.82,250.00,62,0.00,0.18
571170,249.85,250.00,56,0.00,0.15
571270,249.88,250.00,56,0.00,0.12
571370,249.89,250.00,57,0.00,0.11
571470,249.88,250.00,60,0.00,0.12
571570,249.88,250.00,59,0.00,0.12
571670,249.85,250.00,61,0.00,0.15
571770,249.85,250.00,60,0.00,0.15
571870,249.89,250.00,55,0.00,0.11
571970,249.91,250.00,56,0.00,0.09
572070,249.90,250.00,60,0.00,0.10
572170,249.89,250.00,59,0.00,0.11
572270,249.92,250.00,56,0.00,0.08
572370,249.89,250.00,61,0.00,0.11
572470,249.88,250.00,60,0.00,0.12
572570,249.84,250.00,62,0.00,0.16
572670,249.82,250.00,61,0.00,0.18
572770,249.79,250.00,62,0.00,0.21
572870,249.78,250.00,61,0.00,0.22
572970,249.79,250.00,58,0.00,0.21
573070,249.84,250.00,54,0.00,0.16
573170,249.85,250.00,57,0.00,0.15
573270,249.87,250.00,57,0.00,0.13
573370,249.87,250.00,59,0.00,0.13
573470,249.87,250.00,59,0.00,0.13
573570,249.86,250.00,60,0.00,0.14
573670,249.85,250.00,60,0.00,0.15
573770,249.84,250.00,60,0.00,0.16
573870,249.86,250.00,57,0.00,0.14
573970,249.86,250.00,59,0.00,0.14
574070,249.84,250.00,61,0.00,0.16
574170,249.83,250.00,60,0.00,0.17
574270,249.83,250.00,60,0.00,0.17
574370,249.84,250.00,57,0.00,0.16
574470,249.87,250.00,56,0.00,0.13
574570,249.87,250.00,59,0.00,0.13
574670,249.87,250.00,59,0.00,0.13
574770,249.86,250.00,60,0.00,0.14
574870,249.84,250.00,61,0.00,0.16
574970,249.85,250.00,59,0.00,0.15
575070,249.86,250.00,57,0.00,0.14
575170,249.86,250.00,59,0.00,0.14
575270,249.85,250.00,60,0.00,0.15
575370,249.88,250.00,56,0.00,0.12
575470,249.86,250.00,61,0.00,0.14
575570,249.86,250.00,59,0.00,0.14
575670,249.85,250.00,60,0.00,0.15
575770,249.85,250.00,59,0.00,0.15
575870,249.83,250.00,61,0.00,0.17
575970,249.85,250.00,57,0.00,0.15
576070,249.85,250.00,59,0.00,0.15
576170,249.92,250.00,52,0.00,0.08
576270,249.91,250.00,59,0.00,0.09
576370,249.90,250.00,60,0.00,0.10
576470,249.89,250.00,60,0.00,0.11
576570,249.89,250.00,59,0.00,0.11
576670,249.91,250.00,56,0.00,0.09
576770,249.91,250.00,59,0.00,0.09
576870,249.89,250.00,60,0.00,0.11
576970,249.93,250.00,55,0.00,0.07
577070,249.92,250.00,59,0.00,0.08
577170,249.93,250.00,58,0.00,0.07
577270,249.93,250.00,59,0.00,0.07
577370,249.95,250.00,57,0.00,0.05
577470,249.98,250.00,56,0.00,0.02
577570,249.96,250.00,61,0.00,0.04
577670,249.97,250.00,57,0.00,0.03
577770,249.95,250.00,61,0.00,0.05
577870,249.99,250.00,54,0.00,0.01
577970,249.96,250.00,62,0.00,0.04
578070,249.97,250.00,57,0.00,0.03
578170,249.98,250.00,58,0.00,0.02
578270,249.99,250.00,57,0.00,0.01
578370,250.03,250.00,55,0.00,-0.03
578470,250.02,250.00,60,0.00,-0.02
578570,250.00,250.00,60,0.00,-0.00
578670,250.03,250.00,56,0.00,-0.03
578770,250.01,250.00,60,0.00,-0.01
578870,250.00,250.00,60,0.00,0.00
578970,250.00,250.00,58,0.00,0.00
579070,250.01,250.00,57,0.00,-0.01
579170,249.99,250.00,61,0.00,0.01
579270,249.99,250.00,58,0.00,0.01
579370,250.00,250.00,57,0.00,-0.00
579470,249.99,250.00,60,0.00,0.01
579570,249.99,250.00,58,0.00,0.01
579670,250.05,250.00,52,0.00,-0.05
579770,250.10,250.00,54,0.00,-0.10
579870,250.12,250.00,55,0.00,-0.12
579970,250.16,250.00,54,0.00,-0.16
580070,250.16,250.00,58,0.00,-0.16
580170,250.18,250.00,56,0.00,-0.18
580270,250.20,250.00,56,0.00,-0.20
580370,250.19,250.00,58,0.00,-0.19
580470,250.23,250.00,53,0.00,-0.23
580570,250.28,250.00,52,0.00,-0.28
580670,250.29,250.00,56,0.00,-0.29
580770,250.31,250.00,55,0.00,-0.31
580870,250.30,250.00,58,0.00,-0.30
580970,250.32,250.00,55,0.00,-0.32
581070,250.31,250.00,58,0.00,-0.31
581170,250.33,250.00,55,0.00,-0.33
581270,250.30,250.00,60,0.00,-0.30
581370,250.31,250.00,55,0.00,-0.31
581470,250.31,250.00,58,0.00,-0.31
581570,250.30,250.00,58,0.00,-0.30
581670,250.30,250.00,58,0.00,-0.30
581770,250.29,250.00,58,0.00,-0.29
581870,250.30,250.00,56,0.00,-0.30
581970,250.29,250.00,58,0.00,-0.29
582070,250.30,250.00,56,0.00,-0.30
582170,250.34,250.00,53,0.00,-0.34
582270,250.36,250.00,55,0.00,-0.36
582370,250.36,250.00,57,0.00,-0.36
582470,250.33,250.00,59,0.00,-0.33
582570,250.34,250.00,57,0.00,-0.34
582670,250.40,250.00,50,0.00,-0.40
582770,250.37,250.00,60,0.00,-0.37
582870,250.37,250.00,57,0.00,-0.37
582970,250.38,250.00,56,0.00,-0.38
583070,250.38,250.00,57,0.00,-0.38
583170,250.38,250.00,57,0.00,-0.38
583270,250.37,250.00,58,0.00,-0.37
583370,250.37,250.00,57,0.00,-0.37
583470,250.35,250.00,58,0.00,-0.35
583570,250.34,250.00,58,0.00,-0.34
583670,250.36,250.00,55,0.00,-0.36
583770,250.37,250.00,55,0.00,-0.37
583870,250.39,250.00,54,0.00,-0.39
583970,250.40,250.00,56,0.00,-0.40
584070,250.42,250.00,54,0.00,-0.42
584170,250.42,250.00,57,0.00,-0.42
584270,250.39,250.00,60,0.00,-0.39
584370,250.40,250.00,56,0.00,-0.40
584470,250.42,250.00,54,0.00,-0.42
584570,250.41,250.00,57,0.00,-0.41
584670,250.42,250.00,56,0.00,-0.42
584770,250.41,250.00,57,0.00,-0.41
584870,250.44,250.00,53,0.00,-0.44
584970,250.46,250.00,55,0.00,-0.46
585070,250.45,250.00,57,0.00,-0.45
585170,250.45,250.00,56,0.00,-0.45
585270,250.42,250.00,60,0.00,-0.42
585370,250.40,250.00,58,0.00,-0.40
585470,250.40,250.00,57,0.00,-0.40
585570,250.38,250.00,58,0.00,-0.38
585670,250.38,250.00,57,0.00,-0.38
585770,250.38,250.00,57,0.00,-0.38
585870,250.40,250.00,54,0.00,-0.40
585970,250.42,250.00,54,0.00,-0.42
586070,250.44,250.00,54,0.00,-0.44
586170,250.43,250.00,57,0.00,-0.43
586270,250.45,250.00,55,0.00,-0.45
586370,250.42,250.00,60,0.00,-0.42
586470,250.40,250.00,58,0.00,-0.40
586570,250.44,250.00,52,0.00,-0.44
586670,250.44,250.00,57,0.00,-0.44
586770,250.45,250.00,55,0.00,-0.45
586870,250.44,250.00,57,0.00,-0.44
586970,250.45,250.00,56,0.00,-0.45
587070,250.43,250.00,58,0.00,-0.43
587170,250.43,250.00,56,0.00,-0.43
587270,250.44,250.00,56,0.00,-0.44
587370,250.41,250.00,59,0.00,-0.41
587470,250.41,250.00,56,0.00,-0.41
587570,250.41,250.00,57,0.00,-0.41
587670,250.43,250.00,54,0.00,-0.43
587770,250.47,250.00,52,0.00,-0.47
587870,250.48,250.00,55,0.00,-0.48
587970,250.46,250.00,58,0.00,-0.46
588070,250.44,250.00,58,0.00,-0.44
588170,250.43,250.00,57,0.00,-0.43
588270,250.42,250.00,57,0.00,-0.42
588370,250.45,250.00,53,0.00,-0.45
588470,250.44,250.00,57,0.00,-0.44
588570,250.47,250.00,53,0.00,-0.47
588670,250.49,250.00,55,0.00,-0.49
588770,250.45,250.00,60,0.00,-0.45
588870,250.44,250.00,57,0.00,-0.44
588970,250.42,250.00,58,0.00,-0.42
589070,250.43,250.00,56,0.00,-0.43
589170,250.40,250.00,59,0.00,-0.40
589270,250.41,250.00,55,0.00,-0.41
589370,250.41,250.00,55,0.00,-0.41
589470,250.38,250.00,59,0.00,-0.38
589570,250.37,250.00,58,0.00,-0.37
589670,250.37,250.00,56,0.00,-0.37
589770,250.38,250.00,55,0.00,-0.38
589870,250.40,250.00,54,0.00,-0.40
589970,250.45,250.00,52,0.00,-0.45
590070,250.44,250.00,57,0.00,-0.44
590170,250.43,250.00,57,0.00,-0.43
590270,250.44,250.00,56,0.00,-0.44
590370,250.47,250.00,53,0.00,-0.47
590470,250.49,250.00,53,0.00,-0.49
590570,250.47,250.00,58,0.00,-0.47
590670,250.44,250.00,58,0.00,-0.44
590770,250.50,250.00,51,0.00,-0.50
590870,250.50,250.00,56,0.00,-0.50
590970,250.51,250.00,55,0.00,-0.51
591070,250.49,250.00,57,0.00,-0.49
591170,250.52,250.00,53,0.00,-0.52
591270,250.55,250.00,52,0.00,-0.55
591370,250.55,250.00,55,0.00,-0.55
591470,250.55,250.00,56,0.00,-0.55
591570,250.52,250.00,59,0.00,-0.52
591670,250.50,250.00,57,0.00,-0.50
591770,250.50,250.00,56,0.00,-0.50
591870,250.50,250.00,56,0.00,-0.50
591970,250.52,250.00,53,0.00,-0.52
592070,250.53,250.00,55,0.00,-0.53
592170,250.54,250.00,55,0.00,-0.54
592270,250.51,250.00,59,0.00,-0.51
592370,250.50,250.00,56,0.00,-0.50
592470,250.49,250.00,57,0.00,-0.49
592570,250.49,250.00,56,0.00,-0.49
592670,250.50,250.00,54,0.00,-0.50
592770,250.50,250.00,56,0.00,-0.50
592870,250.50,250.00,56,0.00,-0.50
592970,250.56,250.00,49,0.00,-0.56
593070,250.53,250.00,59,0.00,-0.53
593170,250.50,250.00,58,0.00,-0.50
593270,250.47,250.00,58,0.00,-0.47
593370,250.45,250.00,58,0.00,-0.45
593470,250.46,250.00,54,0.00,-0.46
593570,250.44,250.00,58,0.00,-0.44
593670,250.43,250.00,57,0.00,-0.43
593770,250.40,250.00,59,0.00,-0.40
593870,250.39,250.00,58,0.00,-0.39
593970,250.37,250.00,57,0.00,-0.37
594070,250.42,250.00,51,0.00,-0.42
594170,250.41,250.00,56,0.00,-0.41
594270,250.40,250.00,58,0.00,-0.40
594370,250.39,250.00,56,0.00,-0.39
594470,250.38,250.00,57,0.00,-0.38
594570,250.34,250.00,60,0.00,-0.34
594670,250.34,250.00,56,0.00,-0.34
594770,250.36,250.00,55,0.00,-0.36
594870,250.39,250.00,52,0.00,-0.39
594970,250.39,250.00,56,0.00,-0.39
595070,250.45,250.00,50,0.00,-0.45
595170,250.50,250.00,50,0.00,-0.50
595270,250.52,250.00,53,0.00,-0.52
595370,250.51,250.00,57,0.00,-0.51
595470,250.52,250.00,54,0.00,-0.52
595570,250.49,250.00,58,0.00,-0.49
595670,250.46,250.00,58,0.00,-0.46
595770,250.45,250.00,57,0.00,-0.45
595870,250.45,250.00,57,0.00,-0.45
595970,250.40,250.00,60,0.00,-0.40
596070,250.39,250.00,57,0.00,-0.39
596170,250.42,250.00,52,0.00,-0.42
596270,250.43,250.00,55,0.00,-0.43
596370,250.42,250.00,56,0.00,-0.42
596470,250.38,250.00,60,0.00,-0.38
596570,250.36,250.00,57,0.00,-0.36
596670,250.35,250.00,57,0.00,-0.35
596770,250.38,250.00,53,0.00,-0.38
596870,250.33,250.00,61,0.00,-0.33
596970,250.30,250.00,59,0.00,-0.30
597070,250.29,250.00,57,0.00,-0.29
597170,250.26,250.00,59,0.00,-0.26
597270,250.27,250.00,55,0.00,-0.27
597370,250.26,250.00,58,0.00,-0.26
597470,250.27,250.00,55,0.00,-0.27
597570,250.29,250.00,54,0.00,-0.29
597670,250.30,250.00,55,0.00,-0.30
597770,250.29,250.00,57,0.00,-0.29
597870,250.27,250.00,58,0.00,-0.27
597970,250.28,250.00,55,0.00,-0.28
598070,250.27,250.00,58,0.00,-0.27
598170,250.25,250.00,58,0.00,-0.25
598270,250.25,250.00,56,0.00,-0.25
598370,250.25,250.00,56,0.00,-0.25
598470,250.26,250.00,55,0.00,-0.26
598570,250.28,250.00,54,0.00,-0.28
598670,250.29,250.00,55,0.00,-0.29
598770,250.25,250.00,60,0.00,-0.25
598870,250.28,250.00,54,0.00,-0.28
598970,250.24,250.00,60,0.00,-0.24
599070,250.22,250.00,57,0.00,-0.22
599170,250.24,250.00,55,0.00,-0.24
599270,250.20,250.00,60,0.00,-0.20
599370,250.21,250.00,56,0.00,-0.21
599470,250.19,250.00,59,0.00,-0.19
599570,250.22,250.00,53,0.00,-0.22
599670,250.24,250.00,54,0.00,-0.24
599770,250.24,250.00,56,0.00,-0.24
599870,250.23,250.00,57,0.00,-0.23
599970,250.21,250.00,59,0.00,-0.21
600070,250.19,250.00,59,0.00,-0.19
600170,250.19,250.00,56,0.00,-0.19
600270,250.17,250.00,58,0.00,-0.17
600370,250.17,250.00,57,0.00,-0.17
600470,250.17,250.00,57,0.00,-0.17
600570,250.17,250.00,56,0.00,-0.17
600670,250.19,250.00,55,0.00,-0.19
600770,250.19,250.00,57,0.00,-0.19
600870,250.20,250.00,55,0.00,-0.20
600970,250.23,250.00,53,0.00,-0.23
601070,250.26,250.00,54,0.00,-0.26
601170,250.26,250.00,56,0.00,-0.26
601270,250.27,250.00,55,0.00,-0.27
601370,250.25,250.00,58,0.00,-0.25
601470,250.25,250.00,56,0.00,-0.25
601570,250.31,250.00,50,0.00,-0.31
601670,250.32,250.00,55,0.00,-0.32
601770,250.34,250.00,53,0.00,-0.34
601870,250.37,250.00,53,0.00,-0.37
601970,250.36,250.00,57,0.00,-0.36
602070,250.35,250.00,57,0.00,-0.35
602170,250.36,250.00,54,0.00,-0.36
602270,250.34,250.00,58,0.00,-0.34
602370,250.33,250.00,57,0.00,-0.33
602470,250.32,250.00,57,0.00,-0.32
602570,250.32,250.00,55,0.00,-0.32
602670,250.32,250.00,57,0.00,-0.32
602770,250.30,250.00,58,0.00,-0.30
602870,250.30,250.00,55,0.00,-0.30
602970,250.33,250.00,53,0.00,-0.33
603070,250.36,250.00,53,0.00,-0.36
603170,250.32,250.00,59,0.00,-0.32
603270,250.32,250.00,57,0.00,-0.32
603370,250.36,250.00,52,0.00,-0.36
603470,250.36,250.00,56,0.00,-0.36
603570,250.38,250.00,53,0.00,-0.38
603670,250.40,250.00,53,0.00,-0.40
603770,250.40,250.00,56,0.00,-0.40
603870,250.37,250.00,58,0.00,-0.37
603970,250.38,250.00,54,0.00,-0.38
604070,250.37,250.00,57,0.00,-0.37
604170,250.36,250.00,57,0.00,-0.36
604270,250.36,250.00,56,0.00,-0.36
604370,250.35,250.00,57,0.00,-0.35
604470,250.31,250.00,59,0.00,-0.31
604570,250.31,250.00,56,0.00,-0.31
604670,250.29,250.00,58,0.00,-0.29
604770,250.31,250.00,54,0.00,-0.31
604870,250.32,250.00,54,0.00,-0.32
604970,250.33,250.00,55,0.00,-0.33
605070,250.36,250.00,53,0.00,-0.36
605170,250.34,250.00,57,0.00,-0.34
605270,250.31,250.00,59,0.00,-0.31
605370,250.32,250.00,55,0.00,-0.32
605470,250.34,250.00,53,0.00,-0.34
605570,250.36,250.00,54,0.00,-0.36
605670,250.42,250.00,49,0.00,-0.42
605770,250.39,250.00,58,0.00,-0.39
605870,250.41,250.00,53,0.00,-0.41
605970,250.42,250.00,55,0.00,-0.42
606070,250.39,250.00,58,0.00,-0.39
606170,250.37,250.00,57,0.00,-0.37
606270,250.35,250.00,58,0.00,-0.35
606370,250.31,250.00,59,0.00,-0.31
606470,250.30,250.00,58,0.00,-0.30
606570,250.28,250.00,58,0.00,-0.28
606670,250.31,250.00,52,0.00,-0.31
606770,250.33,250.00,54,0.00,-0.33
606870,250.32,250.00,56,0.00,-0.32
606970,250.32,250.00,55,0.00,-0.32
607070,250.33,250.00,55,0.00,-0.33
607170,250.34,250.00,54,0.00,-0.34
607270,250.32,250.00,58,0.00,-0.32
607370,250.33,250.00,55,0.00,-0.33
607470,250.28,250.00,60,0.00,-0.28
607570,250.27,250.00,57,0.00,-0.27
607670,250.23,250.00,60,0.00,-0.23
607770,250.21,250.00,58,0.00,-0.21
607870,250.19,250.00,58,0.00,-0.19
607970,250.23,250.00,52,0.00,-0.23
608070,250.28,250.00,51,0.00,-0.28
608170,250.26,250.00,57,0.00,-0.26
608270,250.25,250.00,57,0.00,-0.25
608370,250.24,250.00,57,0.00,-0.24
608470,250.24,250.00,56,0.00,-0.24
608570,250.20,250.00,60,0.00,-0.20
608670,250.19,250.00,57,0.00,-0.19
608770,250.23,250.00,52,0.00,-0.23
608870,250.21,250.00,58,0.00,-0.21
608970,250.19,250.00,58,0.00,-0.19
609070,250.20,250.00,55,0.00,-0.20
609170,250.20,250.00,56,0.00,-0.20
609270,250.22,250.00,54,0.00,-0.22
609370,250.24,250.00,53,0.00,-0.24
609470,250.21,250.00,60,0.00,-0.21
609570,250.19,250.00,58,0.00,-0.19
609670,250.22,250.00,53,0.00,-0.22
609770,250.21,250.00,57,0.00,-0.21
609870,250.22,250.00,54,0.00,-0.22
609970,250.24,250.00,54,0.00,-0.24
610070,250.26,250.00,53,0.00,-0.26
610170,250.27,250.00,55,0.00,-0.27
610270,250.25,250.00,58,0.00,-0.25
610370,250.22,250.00,58,0.00,-0.22
610470,250.19,250.00,59,0.00,-0.19
610570,250.16,250.00,59,0.00,-0.16
610670,250.14,250.00,58,0.00,-0.14
610770,250.10,250.00,60,0.00,-0.10
610870,250.11,250.00,56,0.00,-0.11
610970,250.12,250.00,55,0.00,-0.12
611070,250.12,250.00,56,0.00,-0.12
611170,250.09,250.00,60,0.00,-0.09
611270,250.09,250.00,56,0.00,-0.09
611370,250.10,250.00,55,0.00,-0.10
611470,250.12,250.00,55,0.00,-0.12
611570,250.12,250.00,56,0.00,-0.12
611670,250.11,250.00,57,0.00,-0.11
611770,250.13,250.00,54,0.00,-0.13
611870,250.11,250.00,59,0.00,-0.11
611970,250.10,250.00,57,0.00,-0.10
612070,250.06,250.00,60,0.00,-0.06
612170,250.03,250.00,60,0.00,-0.03
612270,250.00,250.00,61,0.00,0.00
612370,249.99,250.00,58,0.00,0.01
612470,249.98,250.00,58,0.00,0.02
612570,249.99,250.00,55,0.00,0.01
612670,250.02,250.00,54,0.00,-0.02
612770,250.00,250.00,58,0.00,-0.00
612870,250.00,250.00,57,0.00,-0.00
612970,250.00,250.00,57,0.00,-0.00
613070,250.04,250.00,53,0.00,-0.04
613170,250.07,250.00,53,0.00,-0.07
613270,250.10,250.00,53,0.00,-0.10
613370,250.10,250.00,56,0.00,-0.10
613470,250.09,250.00,57,0.00,-0.09
613570,250.10,250.00,56,0.00,-0.10
613670,250.10,250.00,56,0.00,-0.10
613770,250.07,250.00,60,0.00,-0.07
613870,250.06,250.00,57,0.00,-0.06
613970,250.03,250.00,60,0.00,-0.03
614070,250.02,250.00,58,0.00,-0.02
614170,250.00,250.00,58,0.00,-0.00
614270,250.00,250.00,57,0.00,-0.00
614370,249.98,250.00,59,0.00,0.02
614470,249.96,250.00,59,0.00,0.04
614570,249.96,250.00,56,0.00,0.04
614670,249.95,250.00,58,0.00,0.05
614770,249.97,250.00,55,0.00,0.03
614870,249.97,250.00,56,0.00,0.03
614970,249.95,250.00,59,0.00,0.05
615070,249.95,250.00,58,0.00,0.05
615170,249.96,250.00,55,0.00,0.04
615270,249.94,250.00,59,0.00,0.06
615370,249.96,250.00,55,0.00,0.04
615470,249.97,250.00,56,0.00,0.03
615570,249.94,250.00,60,0.00,0.06
615670,249.93,250.00,58,0.00,0.07
615770,249.90,250.00,60,0.00,0.10
615870,249.91,250.00,56,0.00,0.09
615970,249.92,250.00,56,0.00,0.08
616070,249.89,250.00,60,0.00,0.11
616170,249.88,250.00,58,0.00,0.12
616270,249.88,250.00,57,0.00,0.12
616370,249.88,250.00,57,0.00,0.12
616470,249.91,250.00,55,0.00,0.09
616570,249.92,250.00,56,0.00,0.08
616670,249.92,250.00,56,0.00,0.08
616770,249.89,250.00,61,0.00,0.11
616870,249.87,250.00,58,0.00,0.13
616970,249.87,250.00,57,0.00,0.13
617070,249.89,250.00,56,0.00,0.11
617170,249.89,250.00,57,0.00,0.11
617270,249.88,250.00,58,0.00,0.12
617370,249.89,250.00,56,0.00,0.11
617470,249.90,250.00,56,0.00,0.10
617570,249.89,250.00,59,0.00,0.11
617670,249.90,250.00,56,0.00,0.10
617770,249.91,250.00,56,0.00,0.09
617870,249.91,250.00,57,0.00,0.09
617970,249.90,250.00,57,0.00,0.10
618070,249.89,250.00,59,0.00,0.11
618170,249.85,250.00,61,0.00,0.15
618270,249.85,250.00,58,0.00,0.15
618370,249.90,250.00,52,0.00,0.10
618470,249.91,250.00,56,0.00,0.09
618570,249.88,250.00,60,0.00,0.12
618670,249.88,250.00,57,0.00,0.12
618770,249.88,250.00,57,0.00,0.12
618870,249.87,250.00,58,0.00,0.13
618970,249.85,250.00,60,0.00,0.15
619070,249.84,250.00,58,0.00,0.16
619170,249.83,250.00,58,0.00,0.17
619270,249.83,250.00,58,0.00,0.17
619370,249.83,250.00,57,0.00,0.17
619470,249.84,250.00,57,0.00,0.16
619570,249.85,250.00,56,0.00,0.15
619670,249.85,250.00,58,0.00,0.15
619770,249.86,250.00,56,0.00,0.14
619870,249.88,250.00,56,0.00,0.12
619970,249.84,250.00,61,0.00,0.16
620070,249.82,250.00,59,0.00,0.18
620170,249.86,250.00,53,0.00,0.14
620270,249.85,250.00,58,0.00,0.15
620370,249.87,250.00,56,0.00,0.13
620470,249.91,250.00,53,0.00,0.09
620570,249.90,250.00,57,0.00,0.10
620670,249.91,250.00,56,0.00,0.09
620770,249.91,250.00,57,0.00,0.09
620870,249.90,250.00,59,0.00,0.10
620970,249.86,250.00,61,0.00,0.14
621070,249.83,250.00,61,0.00,0.17
621170,249.82,250.00,58,0.00,0.18
621270,249.82,250.00,58,0.00,0.18
621370,249.81,250.00,58,0.00,0.19
621470,249.79,250.00,59,0.00,0.21
621570,249.80,250.00,57,0.00,0.20
621670,249.82,250.00,56,0.00,0.18
621770,249.83,250.00,57,0.00,0.17
621870,249.81,250.00,59,0.00,0.19
621970,249.82,250.00,57,0.00,0.18
622070,249.79,250.00,61,0.00,0.21
622170,249.78,250.00,59,0.00,0.22
622270,249.77,250.00,58,0.00,0.23
622370,249.83,250.00,52,0.00,0.17
622470,249.81,250.00,59,0.00,0.19
622570,249.79,250.00,61,0.00,0.21
622670,249.81,250.00,55,0.00,0.19
622770,249.78,250.00,61,0.00,0.22
622870,249.77,250.00,59,0.00,0.23
622970,249.77,250.00,58,0.00,0.23
623070,249.75,250.00,59,0.00,0.25
623170,249.76,250.00,58,0.00,0.24
623270,249.77,250.00,57,0.00,0.23
623370,249.80,250.00,54,0.00,0.20
623470,249.82,250.00,56,0.00,0.18
623570,249.84,250.00,56,0.00,0.16
623670,249.85,250.00,57,0.00,0.15
623770,249.86,250.00,56,0.00,0.14
623870,249.88,250.00,56,0.00,0.12
623970,249.85,250.00,60,0.00,0.15
624070,249.86,250.00,57,0.00,0.14
624170,249.84,250.00,60,0.00,0.16
624270,249.84,250.00,57,0.00,0.16
624370,249.85,250.00,57,0.00,0.15
624470,249.87,250.00,55,0.00,0.13
624570,249.86,250.00,59,0.00,0.14
624670,249.84,250.00,60,0.00,0.16
624770,249.83,250.00,58,0.00,0.17
624870,249.86,250.00,55,0.00,0.14
624970,249.85,250.00,58,0.00,0.15
625070,249.86,250.00,57,0.00,0.14
625170,249.85,250.00,58,0.00,0.15
625270,249.84,250.00,58,0.00,0.16
625370,249.84,250.00,57,0.00,0.16
625470,249.84,250.00,58,0.00,0.16
625570,249.82,250.00,60,0.00,0.18
625670,249.80,250.00,59,0.00,0.20
625770,249.82,250.00,56,0.00,0.18
625870,249.83,250.00,57,0.00,0.17
625970,249.83,250.00,57,0.00,0.17
626070,249.81,250.00,60,0.00,0.19
626170,249.82,250.00,57,0.00,0.18
626270,249.79,250.00,61,0.00,0.21
626370,249.80,250.00,57,0.00,0.20
626470,249.82,250.00,56,0.00,0.18
626570,249.79,250.00,61,0.00,0.21
626670,249.78,250.00,59,0.00,0.22
626770,249.76,250.00,59,0.00,0.24
626870,249.77,250.00,58,0.00,0.23
626970,249.77,250.00,58,0.00,0.23
627070,249.75,250.00,59,0.00,0.25
627170,249.75,250.00,58,0.00,0.25
627270,249.74,250.00,59,0.00,0.26
627370,249.73,250.00,59,0.00,0.27
627470,249.74,250.00,58,0.00,0.26
627570,249.72,250.00,60,0.00,0.28
627670,249.73,250.00,56,0.00,0.27
627770,249.75,250.00,57,0.00,0.25
627870,249.73,250.00,60,0.00,0.27
627970,249.75,250.00,55,0.00,0.25
628070,249.74,250.00,59,0.00,0.26
628170,249.72,250.00,60,0.00,0.28
628270,249.73,250.00,58,0.00,0.27
628370,249.73,250.00,58,0.00,0.27
628470,249.75,250.00,57,0.00,0.25
628570,249.78,250.00,54,0.00,0.22
628670,249.78,250.00,58,0.00,0.22
628770,249.76,250.00,61,0.00,0.24
628870,249.73,250.00,60,0.00,0.27
628970,249.71,250.00,60,0.00,0.29
629070,249.73,250.00,56,0.00,0.27
629170,249.73,250.00,58,0.00,0.27
629270,249.73,250.00,59,0.00,0.27
629370,249.69,250.00,61,0.00,0.31
629470,249.67,250.00,61,0.00,0.33
629570,249.66,250.00,59,0.00,0.34
629670,249.65,250.00,60,0.00,0.35
629770,249.65,250.00,59,0.00,0.35
629870,249.63,250.00,61,0.00,0.37
629970,249.64,250.00,57,0.00,0.36
630070,249.65,250.00,57,0.00,0.35
630170,249.65,250.00,59,0.00,0.35
630270,249.63,250.00,61,0.00,0.37
630370,249.64,250.00,57,0.00,0.36
630470,249.65,250.00,57,0.00,0.35
630570,249.63,250.00,61,0.00,0.37
630670,249.62,250.00,60,0.00,0.38
630770,249.61,250.00,60,0.00,0.39
630870,249.59,250.00,61,0.00,0.41
630970,249.58,250.00,59,0.00,0.42
631070,249.59,250.00,58,0.00,0.41
631170,249.56,250.00,62,0.00,0.44
631270,249.56,250.00,59,0.00,0.44
631370,249.55,250.00,59,0.00,0.45
631470,249.53,250.00,62,0.00,0.47
631570,249.52,250.00,60,0.00,0.48
631670,249.52,250.00,59,0.00,0.48
631770,249.52,250.00,59,0.00,0.48
631870,249.56,250.00,55,0.00,0.44
631970,249.54,250.00,61,0.00,0.46
632070,249.56,250.00,57,0.00,0.44
632170,249.58,250.00,57,0.00,0.42
632270,249.58,250.00,59,0.00,0.42
632370,249.55,250.00,62,0.00,0.45
632470,249.57,250.00,57,0.00,0.43
632570,249.58,250.00,58,0.00,0.42
632670,249.55,250.00,62,0.00,0.45
632770,249.54,250.00,61,0.00,0.46
632870,249.54,250.00,59,0.00,0.46
632970,249.56,250.00,57,0.00,0.44
633070,249.57,250.00,58,0.00,0.43
633170,249.64,250.00,52,0.00,0.36
633270,249.64,250.00,59,0.00,0.36
633370,249.65,250.00,57,0.00,0.35
633470,249.66,250.00,58,0.00,0.34
633570,249.66,250.00,59,0.00,0.34
633670,249.66,250.00,59,0.00,0.34
633770,249.68,250.00,56,0.00,0.32
633870,249.69,250.00,58,0.00,0.31
633970,249.73,250.00,54,0.00,0.27
634070,249.76,250.00,56,0.00,0.24
634170,249.77,250.00,57,0.00,0.23
634270,249.76,250.00,60,0.00,0.24
634370,249.75,250.00,60,0.00,0.25
634470,249.77,250.00,56,0.00,0.23
634570,249.79,250.00,57,0.00,0.21
634670,249.80,250.00,57,0.00,0.20
634770,249.82,250.00,56,0.00,0.18
634870,249.81,250.00,59,0.00,0.19
634970,249.78,250.00,61,0.00,0.22
635070,249.77,250.00,60,0.00,0.23
635170,249.75,250.00,61,0.00,0.25
635270,249.74,250.00,59,0.00,0.26
635370,249.76,250.00,56,0.00,0.24
635470,249.77,250.00,57,0.00,0.23
635570,249.77,250.00,58,0.00,0.23
635670,249.76,250.00,60,0.00,0.24
635770,249.76,250.00,58,0.00,0.24
635870,249.74,250.00,61,0.00,0.26
635970,249.74,250.00,58,0.00,0.26
636070,249.74,250.00,58,0.00,0.26
636170,249.75,250.00,58,0.00,0.25
636270,249.76,250.00,57,0.00,0.24
636370,249.77,250.00,57,0.00,0.23
636470,249.77,250.00,58,0.00,0.23
636570,249.75,250.00,61,0.00,0.25
636670,249.75,250.00,58,0.00,0.25
636770,249.72,250.00,62,0.00,0.28
636870,249.71,250.00,59,0.00,0.29
636970,249.71,250.00,58,0.00,0.29
637070,249.70,250.00,61,0.00,0.30
637170,249.69,250.00,59,0.00,0.31
637270,249.70,250.00,58,0.00,0.30
637370,249.72,250.00,57,0.00,0.28
637470,249.71,250.00,59,0.00,0.29
637570,249.72,250.00,58,0.00,0.28
637670,249.72,250.00,58,0.00,0.28
637770,249.70,250.00,61,0.00,0.30
637870,249.70,250.00,59,0.00,0.30
637970,249.70,250.00,58,0.00,0.30
638070,249.70,250.00,59,0.00,0.30
638170,249.72,250.00,57,0.00,0.28
638270,249.71,250.00,59,0.00,0.29
638370,249.74,250.00,56,0.00,0.26
638470,249.75,250.00,57,0.00,0.25
638570,249.75,250.00,58,0.00,0.25
638670,249.74,250.00,60,0.00,0.26
638770,249.77,250.00,56,0.00,0.23
638870,249.79,250.00,56,0.00,0.21
638970,249.80,250.00,57,0.00,0.20
639070,249.80,250.00,59,0.00,0.20
639170,249.78,250.00,60,0.00,0.22
639270,249.78,250.00,59,0.00,0.22
639370,249.77,250.00,60,0.00,0.23
639470,249.79,250.00,56,0.00,0.21
639570,249.81,250.00,56,0.00,0.19
639670,249.81,250.00,59,0.00,0.19
639770,249.82,250.00,58,0.00,0.18
639870,249.81,250.00,59,0.00,0.19
639970,249.81,250.00,59,0.00,0.19
640070,249.81,250.00,58,0.00,0.19
640170,249.80,250.00,60,0.00,0.20
640270,249.82,250.00,56,0.00,0.18
640370,249.81,250.00,59,0.00,0.19
640470,249.81,250.00,59,0.00,0.19
640570,249.84,250.00,55,0.00,0.16
640670,249.83,250.00,59,0.00,0.17
640770,249.84,250.00,58,0.00,0.16
640870,249.87,250.00,55,0.00,0.13
640970,249.88,250.00,57,0.00,0.12
641070,249.89,250.00,57,0.00,0.11
641170,249.90,250.00,57,0.00,0.10
641270,249.88,250.00,61,0.00,0.12
641370,249.91,250.00,54,0.00,0.09
641470,249.91,250.00,58,0.00,0.09
641570,249.95,250.00,55,0.00,0.05
641670,249.96,250.00,56,0.00,0.04
641770,249.98,250.00,56,0.00,0.02
641870,249.98,250.00,57,0.00,0.02
641970,249.95,250.00,61,0.00,0.05
642070,249.93,250.00,60,0.00,0.07
642170,249.91,250.00,60,0.00,0.09
642270,249.89,250.00,61,0.00,0.11
642370,249.91,250.00,56,0.00,0.09
642470,249.91,250.00,58,0.00,0.09
642570,249.89,250.00,59,0.00,0.11
642670,249.88,250.00,59,0.00,0.12
642770,249.89,250.00,57,0.00,0.11
642870,249.89,250.00,58,0.00,0.11
642970,249.92,250.00,56,0.00,0.08
643070,249.90,250.00,60,0.00,0.10
643170,249.92,250.00,56,0.00,0.08
643270,249.92,250.00,58,0.00,0.08
643370,249.94,250.00,56,0.00,0.06
643470,249.97,250.00,55,0.00,0.03
643570,250.02,250.00,52,0.00,-0.02
643670,250.02,250.00,58,0.00,-0.02
643770,250.08,250.00,51,0.00,-0.08
643870,250.11,250.00,54,0.00,-0.11
643970,250.11,250.00,57,0.00,-0.11
644070,250.11,250.00,57,0.00,-0.11
644170,250.14,250.00,55,0.00,-0.14
644270,250.15,250.00,56,0.00,-0.15
644370,250.14,250.00,57,0.00,-0.14
644470,250.18,250.00,54,0.00,-0.18
644570,250.21,250.00,54,0.00,-0.21
644670,250.21,250.00,56,0.00,-0.21
644770,250.19,250.00,59,0.00,-0.19
644870,250.20,250.00,56,0.00,-0.20
644970,250.23,250.00,54,0.00,-0.23
645070,250.26,250.00,53,0.00,-0.26
645170,250.23,250.00,60,0.00,-0.23
645270,250.22,250.00,58,0.00,-0.22
645370,250.27,250.00,51,0.00,-0.27
645470,250.25,250.00,58,0.00,-0.25
645570,250.25,250.00,57,0.00,-0.25
645670,250.30,250.00,52,0.00,-0.30
645770,250.29,250.00,57,0.00,-0.29
645870,250.28,250.00,58,0.00,-0.28
645970,250.28,250.00,56,0.00,-0.28
646070,250.29,250.00,56,0.00,-0.29
646170,250.29,250.00,57,0.00,-0.29
646270,250.28,250.00,57,0.00,-0.28
646370,250.33,250.00,52,0.00,-0.33
646470,250.31,250.00,58,0.00,-0.31
646570,250.30,250.00,57,0.00,-0.30
646670,250.31,250.00,56,0.00,-0.31
646770,250.29,250.00,58,0.00,-0.29
646870,250.30,250.00,56,0.00,-0.30
646970,250.28,250.00,58,0.00,-0.28
647070,250.30,250.00,54,0.00,-0.30
647170,250.32,250.00,54,0.00,-0.32
647270,250.29,250.00,59,0.00,-0.29
647370,250.26,250.00,59,0.00,-0.26
647470,250.26,250.00,57,0.00,-0.26
647570,250.33,250.00,49,0.00,-0.33
647670,250.36,250.00,53,0.00,-0.36
647770,250.38,250.00,53,0.00,-0.38
647870,250.39,250.00,55,0.00,-0.39
647970,250.39,250.00,56,0.00,-0.39
648070,250.40,250.00,55,0.00,-0.40
648170,250.39,250.00,56,0.00,-0.39
648270,250.39,250.00,56,0.00,-0.39
648370,250.40,250.00,55,0.00,-0.40
648470,250.36,250.00,60,0.00,-0.36
648570,250.36,250.00,56,0.00,-0.36
648670,250.34,250.00,58,0.00,-0.34
648770,250.32,250.00,58,0.00,-0.32
648870,250.34,250.00,53,0.00,-0.34
648970,250.36,250.00,55,0.00,-0.36
649070,250.35,250.00,57,0.00,-0.35
649170,250.36,250.00,55,0.00,-0.36
649270,250.39,250.00,53,0.00,-0.39
649370,250.35,250.00,60,0.00,-0.35
649470,250.36,250.00,55,0.00,-0.36
649570,250.36,250.00,56,0.00,-0.36
649670,250.34,250.00,58,0.00,-0.34
649770,250.35,250.00,55,0.00,-0.35
649870,250.33,250.00,58,0.00,-0.33
649970,250.32,250.00,57,0.00,-0.32
650070,250.34,250.00,54,0.00,-0.34
650170,250.33,250.00,57,0.00,-0.33
650270,250.34,250.00,54,0.00,-0.34
650370,250.35,250.00,56,0.00,-0.35
650470,250.32,250.00,58,0.00,-0.32
650570,250.32,250.00,57,0.00,-0.32
650670,250.32,250.00,56,0.00,-0.32
650770,250.34,250.00,54,0.00,-0.34
650870,250.35,250.00,54,0.00,-0.35
650970,250.34,250.00,57,0.00,-0.34
651070,250.37,250.00,53,0.00,-0.37
651170,250.37,250.00,56,0.00,-0.37
651270,250.33,250.00,60,0.00,-0.33
651370,250.36,250.00,53,0.00,-0.36
651470,250.32,250.00,60,0.00,-0.32
651570,250.31,250.00,57,0.00,-0.31
651670,250.31,250.00,57,0.00,-0.31
651770,250.29,250.00,58,0.00,-0.29
651870,250.31,250.00,54,0.00,-0.31
651970,250.34,250.00,53,0.00,-0.34
652070,250.34,250.00,56,0.00,-0.34
652170,250.32,250.00,58,0.00,-0.32
652270,250.32,250.00,56,0.00,-0.32
652370,250.33,250.00,56,0.00,-0.33
652470,250.31,250.00,58,0.00,-0.31
652570,250.31,250.00,55,0.00,-0.31
652670,250.29,250.00,58,0.00,-0.29
652770,250.28,250.00,58,0.00,-0.28
652870,250.27,250.00,56,0.00,-0.27
652970,250.27,250.00,56,0.00,-0.27
653070,250.28,250.00,55,0.00,-0.28
653170,250.29,250.00,55,0.00,-0.29
653270,250.28,250.00,57,0.00,-0.28
653370,250.26,250.00,59,0.00,-0.26
653470,250.25,250.00,56,0.00,-0.25
653570,250.27,250.00,55,0.00,-0.27
653670,250.29,250.00,54,0.00,-0.29
653770,250.27,250.00,58,0.00,-0.27
653870,250.26,250.00,58,0.00,-0.26
653970,250.27,250.00,55,0.00,-0.27
654070,250.24,250.00,59,0.00,-0.24
654170,250.26,250.00,54,0.00,-0.26
654270,250.27,250.00,55,0.00,-0.27
654370,250.28,250.00,55,0.00,-0.28
654470,250.28,250.00,56,0.00,-0.28
654570,250.25,250.00,59,0.00,-0.25
654670,250.25,250.00,56,0.00,-0.25
654770,250.26,250.00,55,0.00,-0.26
654870,250.27,250.00,55,0.00,-0.27
654970,250.28,250.00,55,0.00,-0.28
655070,250.28,250.00,56,0.00,-0.28
655170,250.27,250.00,56,0.00,-0.27
655270,250.30,250.00,54,0.00,-0.30
655370,250.31,250.00,54,0.00,-0.31
655470,250.31,250.00,57,0.00,-0.31
655570,250.34,250.00,53,0.00,-0.34
655670,250.30,250.00,59,0.00,-0.30
655770,250.32,250.00,54,0.00,-0.32
655870,250.31,250.00,57,0.00,-0.31
655970,250.32,250.00,55,0.00,-0.32
656070,250.34,250.00,54,0.00,-0.34
656170,250.36,250.00,53,0.00,-0.36
656270,250.37,250.00,54,0.00,-0.37
656370,250.39,250.00,54,0.00,-0.39
656470,250.39,250.00,54,0.00,-0.39
656570,250.39,250.00,56,0.00,-0.39
656670,250.35,250.00,60,0.00,-0.35
656770,250.32,250.00,59,0.00,-0.32
656870,250.31,250.00,57,0.00,-0.31
656970,250.29,250.00,58,0.00,-0.29
657070,250.32,250.00,53,0.00,-0.32
657170,250.33,250.00,55,0.00,-0.33
657270,250.31,250.00,58,0.00,-0.31
657370,250.28,250.00,59,0.00,-0.28
657470,250.26,250.00,57,0.00,-0.26
657570,250.27,250.00,55,0.00,-0.27
657670,250.27,250.00,56,0.00,-0.27
657770,250.28,250.00,55,0.00,-0.28
657870,250.24,250.00,60,0.00,-0.24
657970,250.22,250.00,58,0.00,-0.22
658070,250.27,250.00,51,0.00,-0.27
658170,250.31,250.00,51,0.00,-0.31
658270,250.32,250.00,55,0.00,-0.32
658370,250.30,250.00,58,0.00,-0.30
658470,250.29,250.00,56,0.00,-0.29
658570,250.28,250.00,58,0.00,-0.28
658670,250.25,250.00,59,0.00,-0.25
658770,250.21,250.00,60,0.00,-0.21
658870,250.23,250.00,55,0.00,-0.23
658970,250.21,250.00,58,0.00,-0.21
659070,250.18,250.00,58,0.00,-0.18
659170,250.21,250.00,53,0.00,-0.21
659270,250.22,250.00,56,0.00,-0.22
659370,250.21,250.00,57,0.00,-0.21
659470,250.19,250.00,58,0.00,-0.19
659570,250.16,250.00,59,0.00,-0.16
659670,250.11,250.00,62,0.00,-0.11
659770,250.10,250.00,58,0.00,-0.10
659870,250.10,250.00,56,0.00,-0.10
659970,250.05,250.00,61,0.00,-0.05
660070,250.03,250.00,60,0.00,-0.03
660170,250.02,250.00,57,0.00,-0.02
660270,250.03,250.00,56,0.00,-0.03
660370,250.01,250.00,60,0.00,-0.01
660470,249.98,250.00,59,0.00,0.02
660570,249.98,250.00,57,0.00,0.02
660670,249.99,250.00,57,0.00,0.01
660770,249.95,250.00,61,0.00,0.05
660870,249.92,250.00,60,0.00,0.08
660970,249.88,250.00,61,0.00,0.12
661070,249.87,250.00,59,0.00,0.13
661170,249.86,250.00,59,0.00,0.14
661270,249.85,250.00,58,0.00,0.15
661370,249.87,250.00,56,0.00,0.13
661470,249.84,250.00,60,0.00,0.16
661570,249.84,250.00,58,0.00,0.16
661670,249.83,250.00,58,0.00,0.17
661770,249.80,250.00,61,0.00,0.20
661870,249.81,250.00,57,0.00,0.19
661970,249.79,250.00,59,0.00,0.21
662070,249.81,250.00,56,0.00,0.19
662170,249.80,250.00,59,0.00,0.20
662270,249.81,250.00,57,0.00,0.19
662370,249.83,250.00,56,0.00,0.17
662470,249.82,250.00,58,0.00,0.18
662570,249.84,250.00,56,0.00,0.16
662670,249.84,250.00,57,0.00,0.16
662770,249.82,250.00,60,0.00,0.18
662870,249.78,250.00,62,0.00,0.22
662970,249.76,250.00,60,0.00,0.24
663070,249.72,250.00,62,0.00,0.28
663170,249.71,250.00,59,0.00,0.29
663270,249.71,250.00,59,0.00,0.29
663370,249.70,250.00,59,0.00,0.30
663470,249.70,250.00,59,0.00,0.30
663570,249.69,250.00,59,0.00,0.31
663670,249.71,250.00,56,0.00,0.29
663770,249.70,250.00,59,0.00,0.30
663870,249.68,250.00,61,0.00,0.32
663970,249.66,250.00,60,0.00,0.34
664070,249.64,250.00,61,0.00,0.36
664170,249.64,250.00,58,0.00,0.36
664270,249.63,250.00,60,0.00,0.37
664370,249.65,250.00,56,0.00,0.35
664470,249.64,250.00,60,0.00,0.36
664570,249.63,250.00,60,0.00,0.37
664670,249.61,250.00,61,0.00,0.39
664770,249.62,250.00,57,0.00,0.38
664870,249.64,250.00,57,0.00,0.36
664970,249.63,250.00,60,0.00,0.37
665070,249.60,250.00,61,0.00,0.40
665170,249.59,250.00,61,0.00,0.41
665270,249.57,250.00,61,0.00,0.43
665370,249.54,250.00,62,0.00,0.46
665470,249.60,250.00,53,0.00,0.40
665570,249.60,250.00,58,0.00,0.40
665670,249.63,250.00,56,0.00,0.37
665770,249.67,250.00,55,0.00,0.33
665870,249.69,250.00,56,0.00,0.31
665970,249.69,250.00,59,0.00,0.31
666070,249.71,250.00,56,0.00,0.29
666170,249.69,250.00,60,0.00,0.31
666270,249.68,250.00,59,0.00,0.32
666370,249.69,250.00,58,0.00,0.31
666470,249.72,250.00,55,0.00,0.28
666570,249.72,250.00,59,0.00,0.28
666670,249.71,250.00,59,0.00,0.29
666770,249.75,250.00,54,0.00,0.25
666870,249.80,250.00,53,0.00,0.20
666970,249.80,250.00,58,0.00,0.20
667070,249.79,250.00,58,0.00,0.21
667170,249.79,250.00,58,0.00,0.21
667270,249.79,250.00,58,0.00,0.21
667370,249.75,250.00,62,0.00,0.25
667470,249.74,250.00,59,0.00,0.26
667570,249.74,250.00,58,0.00,0.26
667670,249.75,250.00,58,0.00,0.25
667770,249.76,250.00,57,0.00,0.24
667870,249.74,250.00,61,0.00,0.26
667970,249.74,250.00,58,0.00,0.26
668070,249.77,250.00,56,0.00,0.23
668170,249.78,250.00,57,0.00,0.22
668270,249.75,250.00,61,0.00,0.25
668370,249.74,250.00,59,0.00,0.26
668470,249.78,250.00,54,0.00,0.22
668570,249.78,250.00,58,0.00,0.22
668670,249.80,250.00,56,0.00,0.20
668770,249.80,250.00,58,0.00,0.20
668870,249.78,250.00,60,0.00,0.22
668970,249.77,250.00,60,0.00,0.23
669070,249.76,250.00,59,0.00,0.24
669170,249.75,250.00,59,0.00,0.25
669270,249.74,250.00,59,0.00,0.26
669370,249.73,250.00,59,0.00,0.27
669470,249.73,250.00,58,0.00,0.27
669570,249.72,250.00,59,0.00,0.28
669670,249.72,250.00,59,0.00,0.28
669770,249.72,250.00,58,0.00,0.28
669870,249.74,250.00,57,0.00,0.26
669970,249.75,250.00,57,0.00,0.25
670070,249.75,250.00,58,0.00,0.25
670170,249.73,250.00,61,0.00,0.27
670270,249.72,250.00,59,0.00,0.28
670370,249.69,250.00,62,0.00,0.31
670470,249.69,250.00,59,0.00,0.31
670570,249.69,250.00,58,0.00,0.31
670670,249.68,250.00,60,0.00,0.32
670770,249.70,250.00,56,0.00,0.30
670870,249.68,250.00,60,0.00,0.32
670970,249.69,250.00,58,0.00,0.31
671070,249.67,250.00,60,0.00,0.33
671170,249.67,250.00,59,0.00,0.33
671270,249.67,250.00,59,0.00,0.33
671370,249.66,250.00,60,0.00,0.34
671470,249.64,250.00,60,0.00,0.36
671570,249.63,250.00,60,0.00,0.37
671670,249.64,250.00,57,0.00,0.36
671770,249.63,250.00,60,0.00,0.37
671870,249.63,250.00,59,0.00,0.37
671970,249.65,250.00,57,0.00,0.35
672070,249.66,250.00,58,0.00,0.34
672170,249.66,250.00,59,0.00,0.34
672270,249.65,250.00,60,0.00,0.35
672370,249.65,250.00,59,0.00,0.35
672470,249.62,250.00,61,0.00,0.38
672570,249.64,250.00,57,0.00,0.36
672670,249.65,250.00,58,0.00,0.35
672770,249.64,250.00,60,0.00,0.36
672870,249.66,250.00,56,0.00,0.34
672970,249.71,250.00,54,0.00,0.29
673070,249.70,250.00,59,0.00,0.30
673170,249.68,250.00,60,0.00,0.32
673270,249.67,250.00,60,0.00,0.33
673370,249.64,250.00,61,0.00,0.36
673470,249.62,250.00,61,0.00,0.38
673570,249.60,250.00,61,0.00,0.40
673670,249.60,250.00,59,0.00,0.40
673770,249.61,250.00,59,0.00,0.39
673870,249.61,250.00,59,0.00,0.39
673970,249.60,250.00,60,0.00,0.40
674070,249.62,250.00,57,0.00,0.38
674170,249.62,250.00,59,0.00,0.38
674270,249.63,250.00,59,0.00,0.37
674370,249.60,250.00,61,0.00,0.40
674470,249.63,250.00,56,0.00,0.37
674570,249.65,250.00,58,0.00,0.35
674670,249.62,250.00,61,0.00,0.38
674770,249.66,250.00,55,0.00,0.34
674870,249.72,250.00,53,0.00,0.28
674970,249.71,250.00,59,0.00,0.29
675070,249.74,250.00,56,0.00,0.26
675170,249.72,250.00,61,0.00,0.28
675270,249.71,250.00,59,0.00,0.29
675370,249.72,250.00,58,0.00,0.28
675470,249.71,250.00,59,0.00,0.29
675570,249.69,250.00,61,0.00,0.31
675670,249.68,250.00,61,0.00,0.32
675770,249.67,250.00,59,0.00,0.33
675870,249.68,250.00,58,0.00,0.32
675970,249.67,250.00,60,0.00,0.33
676070,249.64,250.00,62,0.00,0.36
676170,249.64,250.00,59,0.00,0.36
676270,249.67,250.00,57,0.00,0.33
676370,249.66,250.00,59,0.00,0.34
676470,249.65,250.00,60,0.00,0.35
676570,249.65,250.00,59,0.00,0.35
676670,249.66,250.00,58,0.00,0.34
676770,249.64,250.00,62,0.00,0.36
676870,249.69,250.00,54,0.00,0.31
676970,249.71,250.00,57,0.00,0.29
677070,249.74,250.00,56,0.00,0.26
677170,249.73,250.00,60,0.00,0.27
677270,249.74,250.00,57,0.00,0.26
677370,249.78,250.00,55,0.00,0.22
677470,249.79,250.00,57,0.00,0.21
677570,249.80,250.00,58,0.00,0.20
677670,249.80,250.00,59,0.00,0.20
677770,249.79,250.00,59,0.00,0.21
677870,249.79,250.00,59,0.00,0.21
677970,249.81,250.00,56,0.00,0.19
678070,249.82,250.00,58,0.00,0.18
678170,249.81,250.00,59,0.00,0.19
678270,249.85,250.00,55,0.00,0.15
678370,249.85,250.00,58,0.00,0.15
678470,249.86,250.00,57,0.00,0.14
678570,249.84,250.00,61,0.00,0.16
678670,249.85,250.00,58,0.00,0.15
678770,249.86,250.00,57,0.00,0.14
678870,249.87,250.00,58,0.00,0.13
678970,249.92,250.00,53,0.00,0.08
679070,249.94,250.00,56,0.00,0.06
679170,249.97,250.00,55,0.00,0.03
679270,250.01,250.00,54,0.00,-0.01
679370,250.01,250.00,58,0.00,-0.01
679470,249.99,250.00,59,0.00,0.01
679570,250.01,250.00,56,0.00,-0.01
679670,249.99,250.00,59,0.00,0.01
679770,249.96,250.00,61,0.00,0.04
679870,249.93,250.00,61,0.00,0.07
679970,249.94,250.00,57,0.00,0.06
680070,249.93,250.00,58,0.00,0.07
680170,249.94,250.00,57,0.00,0.06
680270,249.96,250.00,56,0.00,0.04
680370,249.96,250.00,57,0.00,0.04
680470,249.93,250.00,61,0.00,0.07
680570,249.94,250.00,57,0.00,0.06
680670,249.91,250.00,61,0.00,0.09
680770,249.92,250.00,57,0.00,0.08
680870,249.93,250.00,57,0.00,0.07
680970,249.93,250.00,57,0.00,0.07
681070,249.98,250.00,54,0.00,0.02
681170,249.97,250.00,59,0.00,0.03
681270,249.96,250.00,59,0.00,0.04
681370,249.94,250.00,60,0.00,0.06
681470,249.98,250.00,54,0.00,0.02
681570,250.01,250.00,55,0.00,-0.01
681670,250.02,250.00,56,0.00,-0.02
681770,250.02,250.00,58,0.00,-0.02
681870,250.01,250.00,59,0.00,-0.01
681970,249.98,250.00,60,0.00,0.02
682070,249.98,250.00,58,0.00,0.02
682170,249.97,250.00,59,0.00,0.03
682270,250.02,250.00,53,0.00,-0.02
682370,250.03,250.00,57,0.00,-0.03
682470,250.04,250.00,57,0.00,-0.04
682570,250.02,250.00,60,0.00,-0.02
682670,250.01,250.00,58,0.00,-0.01
682770,250.04,250.00,55,0.00,-0.04
682870,250.06,250.00,55,0.00,-0.06
682970,250.02,250.00,62,0.00,-0.02
683070,250.03,250.00,57,0.00,-0.03
683170,250.06,250.00,54,0.00,-0.06
683270,250.04,250.00,59,0.00,-0.04
683370,250.03,250.00,59,0.00,-0.03
683470,250.05,250.00,55,0.00,-0.05
683570,250.06,250.00,57,0.00,-0.06
683670,250.06,250.00,57,0.00,-0.06
683770,250.07,250.00,57,0.00,-0.07
683870,250.06,250.00,58,0.00,-0.06
683970,250.03,250.00,61,0.00,-0.03
684070,250.01,250.00,60,0.00,-0.01
684170,249.99,250.00,59,0.00,0.01
684270,250.00,250.00,58,0.00,0.00
684370,250.03,250.00,54,0.00,-0.03
684470,250.05,250.00,55,0.00,-0.05
684570,250.04,250.00,59,0.00,-0.04
684670,250.03,250.00,58,0.00,-0.03
684770,250.04,250.00,57,0.00,-0.04
684870,250.03,250.00,59,0.00,-0.03
684970,250.04,250.00,57,0.00,-0.04
685070,250.00,250.00,62,0.00,0.00
685170,250.00,250.00,58,0.00,0.00
685270,250.00,250.00,58,0.00,0.00
685370,249.98,250.00,60,0.00,0.02
685470,249.97,250.00,59,0.00,0.03
685570,249.96,250.00,59,0.00,0.04
685670,250.00,250.00,54,0.00,0.00
685770,250.00,250.00,58,0.00,0.00
685870,250.01,250.00,56,0.00,-0.01
685970,250.01,250.00,58,0.00,-0.01
686070,250.01,250.00,58,0.00,-0.01
686170,250.02,250.00,56,0.00,-0.02
686270,250.02,250.00,58,0.00,-0.02
686370,250.02,250.00,58,0.00,-0.02
686470,250.05,250.00,54,0.00,-0.05
686570,250.05,250.00,58,0.00,-0.05
686670,250.04,250.00,58,0.00,-0.04
686770,250.03,250.00,59,0.00,-0.03
686870,250.04,250.00,57,0.00,-0.04
686970,250.06,250.00,55,0.00,-0.06
687070,250.09,250.00,54,0.00,-0.09
687170,250.07,250.00,59,0.00,-0.07
687270,250.07,250.00,57,0.00,-0.07
687370,250.09,250.00,56,0.00,-0.09
687470,250.07,250.00,59,0.00,-0.07
687570,250.06,250.00,58,0.00,-0.06
687670,250.11,250.00,53,0.00,-0.11
687770,250.14,250.00,53,0.00,-0.14
687870,250.19,250.00,52,0.00,-0.19
687970,250.23,250.00,53,0.00,-0.23
688070,250.21,250.00,59,0.00,-0.21
688170,250.21,250.00,56,0.00,-0.21
688270,250.19,250.00,59,0.00,-0.19
688370,250.20,250.00,56,0.00,-0.20
688470,250.19,250.00,58,0.00,-0.19
688570,250.21,250.00,55,0.00,-0.21
688670,250.23,250.00,54,0.00,-0.23
688770,250.24,250.00,57,0.00,-0.24
688870,250.26,250.00,54,0.00,-0.26
688970,250.27,250.00,56,0.00,-0.27
689070,250.27,250.00,57,0.00,-0.27
689170,250.29,250.00,54,0.00,-0.29
689270,250.27,250.00,58,0.00,-0.27
689370,250.26,250.00,58,0.00,-0.26
689470,250.29,250.00,53,0.00,-0.29
689570,250.29,250.00,57,0.00,-0.29
689670,250.31,250.00,54,0.00,-0.31
689770,250.35,250.00,52,0.00,-0.35
689870,250.35,250.00,56,0.00,-0.35
689970,250.34,250.00,57,0.00,-0.34
690070,250.35,250.00,55,0.00,-0.35
690170,250.35,250.00,56,0.00,-0.35
690270,250.33,250.00,59,0.00,-0.33
690370,250.35,250.00,55,0.00,-0.35
690470,250.35,250.00,56,0.00,-0.35
690570,250.34,250.00,57,0.00,-0.34
690670,250.38,250.00,52,0.00,-0.38
690770,250.35,250.00,59,0.00,-0.35
690870,250.36,250.00,55,0.00,-0.36
690970,250.34,250.00,59,0.00,-0.34
691070,250.37,250.00,53,0.00,-0.37
691170,250.37,250.00,56,0.00,-0.37
691270,250.38,250.00,55,0.00,-0.38
691370,250.34,250.00,60,0.00,-0.34
691470,250.33,250.00,57,0.00,-0.33
691570,250.33,250.00,56,0.00,-0.33
691670,250.31,250.00,58,0.00,-0.31
691770,250.34,250.00,53,0.00,-0.34
691870,250.38,250.00,52,0.00,-0.38
691970,250.39,250.00,55,0.00,-0.39
692070,250.41,250.00,54,0.00,-0.41
692170,250.44,250.00,53,0.00,-0.44
692270,250.45,250.00,55,0.00,-0.45
692370,250.43,250.00,58,0.00,-0.43
692470,250.41,250.00,58,0.00,-0.41
692570,250.40,250.00,56,0.00,-0.40
692670,250.41,250.00,55,0.00,-0.41
692770,250.41,250.00,56,0.00,-0.41
692870,250.40,250.00,56,0.00,-0.40
692970,250.39,250.00,57,0.00,-0.39
693070,250.37,250.00,57,0.00,-0.37
693170,250.38,250.00,55,0.00,-0.38
693270,250.37,250.00,57,0.00,-0.37
693370,250.37,250.00,56,0.00,-0.37
693470,250.39,250.00,53,0.00,-0.39
693570,250.40,250.00,55,0.00,-0.40
693670,250.41,250.00,55,0.00,-0.41
693770,250.42,250.00,55,0.00,-0.42
693870,250.40,250.00,58,0.00,-0.40
693970,250.44,250.00,51,0.00,-0.44
694070,250.45,250.00,55,0.00,-0.45
694170,250.42,250.00,59,0.00,-0.42
694270,250.42,250.00,55,0.00,-0.42
694370,250.43,250.00,55,0.00,-0.43
694470,250.41,250.00,58,0.00,-0.41
694570,250.42,250.00,55,0.00,-0.42
694670,250.40,250.00,57,0.00,-0.40
694770,250.38,250.00,57,0.00,-0.38
694870,250.37,250.00,57,0.00,-0.37
694970,250.39,250.00,53,0.00,-0.39
695070,250.38,250.00,57,0.00,-0.38
695170,250.35,250.00,58,0.00,-0.35
695270,250.34,250.00,57,0.00,-0.34
695370,250.36,250.00,54,0.00,-0.36
695470,250.35,250.00,57,0.00,-0.35
695570,250.36,250.00,54,0.00,-0.36
695670,250.35,250.00,57,0.00,-0.35
695770,250.39,250.00,52,0.00,-0.39
695870,250.38,250.00,56,0.00,-0.38
695970,250.38,250.00,56,0.00,-0.38
696070,250.36,250.00,58,0.00,-0.36
696170,250.37,250.00,55,0.00,-0.37
696270,250.38,250.00,55,0.00,-0.38
696370,250.39,250.00,55,0.00,-0.39
696470,250.41,250.00,53,0.00,-0.41
696570,250.43,250.00,54,0.00,-0.43
696670,250.42,250.00,56,0.00,-0.42
696770,250.43,250.00,55,0.00,-0.43
696870,250.45,250.00,54,0.00,-0.45
696970,250.46,250.00,54,0.00,-0.46
697070,250.44,250.00,58,0.00,-0.44
697170,250.43,250.00,56,0.00,-0.43
697270,250.45,250.00,54,0.00,-0.45
697370,250.47,250.00,54,0.00,-0.47
697470,250.48,250.00,54,0.00,-0.48
697570,250.52,250.00,51,0.00,-0.52
697670,250.48,250.00,59,0.00,-0.48
697770,250.48,250.00,55,0.00,-0.48
697870,250.47,250.00,56,0.00,-0.47
697970,250.54,250.00,48,0.00,-0.54
698070,250.53,250.00,56,0.00,-0.53
698170,250.51,250.00,58,0.00,-0.51
698270,250.52,250.00,54,0.00,-0.52
698370,250.56,250.00,50,0.00,-0.56
698470,250.59,250.00,52,0.00,-0.59
698570,250.54,250.00,60,0.00,-0.54
698670,250.51,250.00,58,0.00,-0.51
698770,250.51,250.00,55,0.00,-0.51
698870,250.50,250.00,57,0.00,-0.50
698970,250.47,250.00,58,0.00,-0.47
699070,250.46,250.00,56,0.00,-0.46
699170,250.49,250.00,52,0.00,-0.49
699270,250.49,250.00,55,0.00,-0.49
699370,250.51,250.00,53,0.00,-0.51
699470,250.52,250.00,54,0.00,-0.52
699570,250.53,250.00,54,0.00,-0.53
699670,250.56,250.00,52,0.00,-0.56
699770,250.55,250.00,56,0.00,-0.55
699870,250.52,250.00,58,0.00,-0.52
699970,250.52,250.00,55,0.00,-0.52
700070,250.53,250.00,54,0.00,-0.53
700170,250.55,250.00,53,0.00,-0.55
700270,250.58,250.00,52,0.00,-0.58
700370,250.60,250.00,52,0.00,-0.60
700470,250.61,250.00,53,0.00,-0.61
700570,250.63,250.00,53,0.00,-0.63
700670,250.62,250.00,55,0.00,-0.62
700770,250.61,250.00,56,0.00,-0.61
700870,250.61,250.00,55,0.00,-0.61
700970,250.58,250.00,57,0.00,-0.58
701070,250.59,250.00,54,0.00,-0.59
701170,250.56,250.00,57,0.00,-0.56
701270,250.57,250.00,54,0.00,-0.57
701370,250.57,250.00,54,0.00,-0.57
701470,250.56,250.00,55,0.00,-0.56
701570,250.54,250.00,57,0.00,-0.54
701670,250.55,250.00,54,0.00,-0.55
701770,250.57,250.00,53,0.00,-0.57
701870,250.52,250.00,59,0.00,-0.52
701970,250.52,250.00,55,0.00,-0.52
702070,250.50,250.00,56,0.00,-0.50
702170,250.56,250.00,49,0.00,-0.56
702270,250.58,250.00,53,0.00,-0.58
702370,250.59,250.00,53,0.00,-0.59
702470,250.59,250.00,54,0.00,-0.59
702570,250.59,250.00,54,0.00,-0.59
702670,250.61,250.00,53,0.00,-0.61
702770,250.60,250.00,56,0.00,-0.60
702870,250.56,250.00,58,0.00,-0.56
702970,250.54,250.00,57,0.00,-0.54
703070,250.53,250.00,55,0.00,-0.53
703170,250.51,250.00,58,0.00,-0.51
703270,250.52,250.00,54,0.00,-0.52
703370,250.52,250.00,54,0.00,-0.52
703470,250.51,250.00,56,0.00,-0.51
703570,250.52,250.00,54,0.00,-0.52
703670,250.53,250.00,54,0.00,-0.53
703770,250.50,250.00,57,0.00,-0.50
703870,250.50,250.00,55,0.00,-0.50
703970,250.51,250.00,54,0.00,-0.51
704070,250.49,250.00,56,0.00,-0.49
704170,250.53,250.00,51,0.00,-0.53
704270,250.52,250.00,55,0.00,-0.52
704370,250.50,250.00,57,0.00,-0.50
704470,250.46,250.00,58,0.00,-0.46
704570,250.47,250.00,53,0.00,-0.47
704670,250.49,250.00,53,0.00,-0.49
704770,250.51,250.00,52,0.00,-0.51
704870,250.48,250.00,57,0.00,-0.48
704970,250.47,250.00,56,0.00,-0.47
705070,250.46,250.00,56,0.00,-0.46
705170,250.44,250.00,57,0.00,-0.44
705270,250.42,250.00,57,0.00,-0.42
705370,250.45,250.00,52,0.00,-0.45
705470,250.45,250.00,54,0.00,-0.45
705570,250.43,250.00,57,0.00,-0.43
705670,250.44,250.00,54,0.00,-0.44
705770,250.45,250.00,53,0.00,-0.45
705870,250.42,250.00,58,0.00,-0.42
705970,250.42,250.00,55,0.00,-0.42
706070,250.41,250.00,55,0.00,-0.41
706170,250.42,250.00,54,0.00,-0.42
706270,250.40,250.00,57,0.00,-0.40
706370,250.38,250.00,57,0.00,-0.38
706470,250.38,250.00,55,0.00,-0.38
706570,250.42,250.00,51,0.00,-0.42
706670,250.44,250.00,53,0.00,-0.44
706770,250.44,250.00,54,0.00,-0.44
706870,250.41,250.00,58,0.00,-0.41
706970,250.40,250.00,55,0.00,-0.40
707070,250.36,250.00,59,0.00,-0.36
707170,250.35,250.00,56,0.00,-0.35
707270,250.35,250.00,55,0.00,-0.35
707370,250.35,250.00,55,0.00,-0.35
707470,250.36,250.00,55,0.00,-0.36
707570,250.37,250.00,54,0.00,-0.37
707670,250.36,250.00,56,0.00,-0.36
707770,250.36,250.00,55,0.00,-0.36
707870,250.37,250.00,54,0.00,-0.37
707970,250.38,250.00,54,0.00,-0.38
708070,250.40,250.00,53,0.00,-0.40
708170,250.40,250.00,55,0.00,-0.40
708270,250.38,250.00,56,0.00,-0.38
708370,250.37,250.00,56,0.00,-0.37
708470,250.37,250.00,55,0.00,-0.37
708570,250.37,250.00,55,0.00,-0.37
708670,250.33,250.00,59,0.00,-0.33
708770,250.35,250.00,53,0.00,-0.35
708870,250.36,250.00,54,0.00,-0.36
708970,250.34,250.00,57,0.00,-0.34
709070,250.34,250.00,55,0.00,-0.34
709170,250.32,250.00,57,0.00,-0.32
709270,250.32,250.00,55,0.00,-0.32
709370,250.29,250.00,58,0.00,-0.29
709470,250.26,250.00,58,0.00,-0.26
709570,250.31,250.00,50,0.00,-0.31
709670,250.33,250.00,53,0.00,-0.33
709770,250.35,250.00,52,0.00,-0.35
709870,250.32,250.00,59,0.00,-0.32
709970,250.30,250.00,57,0.00,-0.30
710070,250.26,250.00,59,0.00,-0.26
710170,250.26,250.00,55,0.00,-0.26
710270,250.26,250.00,55,0.00,-0.26
710370,250.25,250.00,55,0.00,-0.25
710470,250.29,250.00,52,0.00,-0.29
710570,250.26,250.00,58,0.00,-0.26
710670,250.23,250.00,58,0.00,-0.23
710770,250.21,250.00,58,0.00,-0.21
710870,250.24,250.00,53,0.00,-0.24
710970,250.26,250.00,53,0.00,-0.26
711070,250.27,250.00,54,0.00,-0.27
711170,250.27,250.00,55,0.00,-0.27
711270,250.24,250.00,58,0.00,-0.24
711370,250.26,250.00,54,0.00,-0.26
711470,250.22,250.00,59,0.00,-0.22
711570,250.19,250.00,59,0.00,-0.19
711670,250.16,250.00,59,0.00,-0.16
711770,250.14,250.00,57,0.00,-0.14
711870,250.11,250.00,58,0.00,-0.11
711970,250.12,250.00,56,0.00,-0.12
712070,250.10,250.00,57,0.00,-0.10
712170,250.12,250.00,54,0.00,-0.12
712270,250.13,250.00,54,0.00,-0.13
712370,250.11,250.00,58,0.00,-0.11
712470,250.12,250.00,54,0.00,-0.12
712570,250.14,250.00,53,0.00,-0.14
712670,250.12,250.00,58,0.00,-0.12
712770,250.11,250.00,57,0.00,-0.11
712870,250.08,250.00,58,0.00,-0.08
712970,250.06,250.00,58,0.00,-0.06
713070,250.07,250.00,55,0.00,-0.07
713170,250.08,250.00,55,0.00,-0.08
713270,250.05,250.00,59,0.00,-0.05
713370,250.01,250.00,60,0.00,-0.01
713470,249.98,250.00,59,0.00,0.02
713570,249.96,250.00,59,0.00,0.04
713670,249.95,250.00,57,0.00,0.05
713770,249.95,250.00,57,0.00,0.05
713870,249.95,250.00,56,0.00,0.05
713970,249.96,250.00,56,0.00,0.04
714070,249.97,250.00,55,0.00,0.03
714170,249.98,250.00,56,0.00,0.02
714270,249.99,250.00,55,0.00,0.01
714370,249.99,250.00,56,0.00,0.01
714470,249.95,250.00,61,0.00,0.05
714570,249.93,250.00,58,0.00,0.07
714670,249.92,250.00,57,0.00,0.08
714770,249.92,250.00,57,0.00,0.08
714870,249.92,250.00,57,0.00,0.08
714970,249.89,250.00,59,0.00,0.11
715070,249.91,250.00,54,0.00,0.09
715170,249.92,250.00,56,0.00,0.08
715270,249.92,250.00,57,0.00,0.08
715370,249.90,250.00,58,0.00,0.10
715470,249.89,250.00,58,0.00,0.11
715570,249.89,250.00,57,0.00,0.11
715670,249.88,250.00,58,0.00,0.12
715770,249.85,250.00,59,0.00,0.15
715870,249.85,250.00,58,0.00,0.15
715970,249.86,250.00,55,0.00,0.14
716070,249.85,250.00,58,0.00,0.15
716170,249.84,250.00,58,0.00,0.16
716270,249.82,250.00,59,0.00,0.18
716370,249.83,250.00,56,0.00,0.17
716470,249.85,250.00,55,0.00,0.15
716570,249.85,250.00,56,0.00,0.15
716670,249.87,250.00,55,0.00,0.13
716770,249.84,250.00,59,0.00,0.16
716870,249.81,250.00,60,0.00,0.19
716970,249.83,250.00,55,0.00,0.17
717070,249.90,250.00,50,0.00,0.10
717170,249.91,250.00,56,0.00,0.09
717270,249.94,250.00,53,0.00,0.06
717370,249.97,250.00,53,0.00,0.03
717470,249.95,250.00,59,0.00,0.05
717570,249.93,250.00,58,0.00,0.07
717670,249.94,250.00,56,0.00,0.06
717770,249.95,250.00,56,0.00,0.05
717870,249.93,250.00,58,0.00,0.07
717970,249.91,250.00,58,0.00,0.09
718070,249.90,250.00,58,0.00,0.10
718170,249.91,250.00,56,0.00,0.09
718270,249.91,250.00,57,0.00,0.09
718370,249.92,250.00,56,0.00,0.08
718470,249.95,250.00,53,0.00,0.05
718570,249.94,250.00,57,0.00,0.06
718670,249.96,250.00,55,0.00,0.04
718770,249.94,250.00,58,0.00,0.06
718870,249.94,250.00,57,0.00,0.06
718970,249.94,250.00,56,0.00,0.06
719070,249.96,250.00,55,0.00,0.04
719170,250.00,250.00,52,0.00,-0.00
719270,250.04,250.00,52,0.00,-0.04
719370,250.08,250.00,51,0.00,-0.08
719470,250.06,250.00,58,0.00,-0.06
719570,250.04,250.00,58,0.00,-0.04
719670,250.03,250.00,58,0.00,-0.03
719770,250.03,250.00,56,0.00,-0.03
719870,250.01,250.00,58,0.00,-0.01
719970,250.00,250.00,58,0.00,0.00
720070,249.98,250.00,59,0.00,0.02
720170,249.95,250.00,59,0.00,0.05
720270,249.96,250.00,56,0.00,0.04
720370,249.93,250.00,60,0.00,0.07
720470,249.91,250.00,58,0.00,0.09
720570,249.92,250.00,56,0.00,0.08
720670,249.92,250.00,57,0.00,0.08
720770,249.89,250.00,59,0.00,0.11
720870,249.85,250.00,60,0.00,0.15
720970,249.87,250.00,55,0.00,0.13
721070,249.84,250.00,60,0.00,0.16
721170,249.82,250.00,59,0.00,0.18
721270,249.80,250.00,59,0.00,0.20
721370,249.80,250.00,57,0.00,0.20
721470,249.77,250.00,60,0.00,0.23
721570,249.77,250.00,57,0.00,0.23
721670,249.77,250.00,57,0.00,0.23
721770,249.74,250.00,60,0.00,0.26
721870,249.75,250.00,57,0.00,0.25
721970,249.75,250.00,57,0.00,0.25
722070,249.74,250.00,58,0.00,0.26
722170,249.73,250.00,58,0.00,0.27
722270,249.75,250.00,56,0.00,0.25
722370,249.72,250.00,60,0.00,0.28
722470,249.73,250.00,57,0.00,0.27
722570,249.72,250.00,58,0.00,0.28
722670,249.74,250.00,56,0.00,0.26
722770,249.74,250.00,57,0.00,0.26
722870,249.73,250.00,58,0.00,0.27
722970,249.72,250.00,58,0.00,0.28
723070,249.70,250.00,59,0.00,0.30
723170,249.76,250.00,52,0.00,0.24
723270,249.73,250.00,60,0.00,0.27
723370,249.71,250.00,60,0.00,0.29
723470,249.69,250.00,59,0.00,0.31
723570,249.70,250.00,57,0.00,0.30
723670,249.70,250.00,58,0.00,0.30
723770,249.68,250.00,59,0.00,0.32
723870,249.66,250.00,59,0.00,0.34
723970,249.64,250.00,60,0.00,0.36
724070,249.63,250.00,59,0.00,0.37
724170,249.62,250.00,59,0.00,0.38
724270,249.61,250.00,59,0.00,0.39
724370,249.60,250.00,59,0.00,0.40
724470,249.61,250.00,58,0.00,0.39
724570,249.57,250.00,61,0.00,0.43
724670,249.57,250.00,59,0.00,0.43
724770,249.55,250.00,60,0.00,0.45
724870,249.54,250.00,60,0.00,0.46
724970,249.53,250.00,60,0.00,0.47
725070,249.52,250.00,60,0.00,0.48
725170,249.49,250.00,61,0.00,0.51
725270,249.47,250.00,61,0.00,0.53
725370,249.50,250.00,56,0.00,0.50
725470,249.54,250.00,55,0.00,0.46
725570,249.54,250.00,58,0.00,0.46
725670,249.55,250.00,57,0.00,0.45
725770,249.54,250.00,60,0.00,0.46
725870,249.50,250.00,62,0.00,0.50
725970,249.48,250.00,61,0.00,0.52
726070,249.45,250.00,62,0.00,0.55
726170,249.44,250.00,59,0.00,0.56
726270,249.44,250.00,59,0.00,0.56
726370,249.44,250.00,59,0.00,0.56
726470,249.42,250.00,60,0.00,0.58
726570,249.43,250.00,58,0.00,0.57
726670,249.44,250.00,58,0.00,0.56
726770,249.43,250.00,60,0.00,0.57
726870,249.44,250.00,58,0.00,0.56
726970,249.46,250.00,57,0.00,0.54
727070,249.45,250.00,59,0.00,0.55
727170,249.44,250.00,61,0.00,0.56
727270,249.48,250.00,54,0.00,0.52
727370,249.49,250.00,58,0.00,0.51
727470,249.49,250.00,58,0.00,0.51
727570,249.48,250.00,60,0.00,0.52
727670,249.48,250.00,59,0.00,0.52
727770,249.47,250.00,59,0.00,0.53
727870,249.49,250.00,57,0.00,0.51
727970,249.49,250.00,58,0.00,0.51
728070,249.48,250.00,60,0.00,0.52
728170,249.46,250.00,61,0.00,0.54
728270,249.46,250.00,59,0.00,0.54
728370,249.47,250.00,58,0.00,0.53
728470,249.52,250.00,53,0.00,0.48
728570,249.54,250.00,56,0.00,0.46
728670,249.52,250.00,61,0.00,0.48
728770,249.52,250.00,59,0.00,0.48
728870,249.51,250.00,60,0.00,0.49
728970,249.52,250.00,57,0.00,0.48
729070,249.54,250.00,57,0.00,0.46
729170,249.50,250.00,62,0.00,0.50
729270,249.49,250.00,60,0.00,0.51
729370,249.52,250.00,56,0.00,0.48
729470,249.48,250.00,62,0.00,0.52
729570,249.46,250.00,61,0.00,0.54
729670,249.46,250.00,60,0.00,0.54
729770,249.44,250.00,61,0.00,0.56
729870,249.46,250.00,57,0.00,0.54
729970,249.46,250.00,60,0.00,0.54
730070,249.44,250.00,61,0.00,0.56
730170,249.43,250.00,61,0.00,0.57
730270,249.40,250.00,62,0.00,0.60
730370,249.38,250.00,62,0.00,0.62
730470,249.38,250.00,59,0.00,0.62
730570,249.42,250.00,55,0.00,0.58
730670,249.40,250.00,62,0.00,0.60
730770,249.40,250.00,59,0.00,0.60
730870,249.42,250.00,57,0.00,0.58
730970,249.42,250.00,59,0.00,0.58
731070,249.44,250.00,57,0.00,0.56
731170,249.45,250.00,58,0.00,0.55
731270,249.41,250.00,63,0.00,0.59
731370,249.41,250.00,59,0.00,0.59
731470,249.40,250.00,61,0.00,0.60
731570,249.38,250.00,62,0.00,0.62
731670,249.36,250.00,62,0.00,0.64
731770,249.35,250.00,60,0.00,0.65
731870,249.36,250.00,59,0.00,0.64
731970,249.36,250.00,59,0.00,0.64
732070,249.37,250.00,59,0.00,0.63
732170,249.36,250.00,60,0.00,0.64
732270,249.33,250.00,63,0.00,0.67
732370,249.30,250.00,63,0.00,0.70
732470,249.31,250.00,59,0.00,0.69
732570,249.31,250.00,60,0.00,0.69
732670,249.33,250.00,58,0.00,0.67
732770,249.35,250.00,58,0.00,0.65
732870,249.36,250.00,59,0.00,0.64
732970,249.34,250.00,62,0.00,0.66
733070,249.35,250.00,59,0.00,0.65
733170,249.33,250.00,62,0.00,0.67
733270,249.34,250.00,59,0.00,0.66
733370,249.34,250.00,59,0.00,0.66
733470,249.38,250.00,57,0.00,0.62
733570,249.36,250.00,62,0.00,0.64
733670,249.33,250.00,63,0.00,0.67
733770,249.32,250.00,60,0.00,0.68
733870,249.35,250.00,57,0.00,0.65
733970,249.35,250.00,60,0.00,0.65
734070,249.37,250.00,58,0.00,0.63
734170,249.36,250.00,61,0.00,0.64
734270,249.33,250.00,63,0.00,0.67
734370,249.32,250.00,60,0.00,0.68
734470,249.35,250.00,58,0.00,0.65
734570,249.30,250.00,64,0.00,0.70
734670,249.30,250.00,60,0.00,0.70
734770,249.31,250.00,59,0.00,0.69
734870,249.29,250.00,63,0.00,0.71
734970,249.30,250.00,59,0.00,0.70
735070,249.28,250.00,63,0.00,0.72
735170,249.28,250.00,60,0.00,0.72
735270,249.27,250.00,61,0.00,0.73
735370,249.27,250.00,60,0.00,0.73
735470,249.25,250.00,63,0.00,0.75
735570,249.23,250.00,62,0.00,0.77
735670,249.22,250.00,61,0.00,0.78
735770,249.22,250.00,61,0.00,0.78
735870,249.20,250.00,62,0.00,0.80
735970,249.18,250.00,63,0.00,0.82
736070,249.18,250.00,61,0.00,0.82
736170,249.20,250.00,58,0.00,0.80
736270,249.20,250.00,61,0.00,0.80
736370,249.17,250.00,63,0.00,0.83
736470,249.16,250.00,62,0.00,0.84
736570,249.14,250.00,63,0.00,0.86
736670,249.14,250.00,61,0.00,0.86
736770,249.13,250.00,62,0.00,0.87
736870,249.15,250.00,59,0.00,0.85
736970,249.14,250.00,62,0.00,0.86
737070,249.15,250.00,59,0.00,0.85
737170,249.17,250.00,60,0.00,0.83
737270,249.17,250.00,61,0.00,0.83
737370,249.17,250.00,61,0.00,0.83
737470,249.18,250.00,60,0.00,0.82
737570,249.16,250.00,63,0.00,0.84
737670,249.17,250.00,60,0.00,0.83
737770,249.16,250.00,62,0.00,0.84
737870,249.18,250.00,58,0.00,0.82
737970,249.20,250.00,60,0.00,0.80
738070,249.19,250.00,61,0.00,0.81
738170,249.20,250.00,60,0.00,0.80
738270,249.24,250.00,58,0.00,0.76
738370,249.24,250.00,60,0.00,0.76
738470,249.23,250.00,61,0.00,0.77
738570,249.23,250.00,61,0.00,0.77
738670,249.21,250.00,63,0.00,0.79
738770,249.21,250.00,61,0.00,0.79
738870,249.22,250.00,60,0.00,0.78
738970,249.25,250.00,58,0.00,0.75
739070,249.24,250.00,62,0.00,0.76
739170,249.26,250.00,59,0.00,0.74
739270,249.24,250.00,63,0.00,0.76
739370,249.23,250.00,62,0.00,0.77
739470,249.24,250.00,60,0.00,0.76
739570,249.24,250.00,60,0.00,0.76
739670,249.22,250.00,63,0.00,0.78
739770,249.22,250.00,62,0.00,0.78
739870,249.21,250.00,62,0.00,0.79
739970,249.25,250.00,58,0.00,0.75
740070,249.27,250.00,58,0.00,0.73
740170,249.25,250.00,63,0.00,0.75
740270,249.24,250.00,62,0.00,0.76
740370,249.26,250.00,59,0.00,0.74
740470,249.28,250.00,59,0.00,0.72
740570,249.28,250.00,61,0.00,0.72
740670,249.26,250.00,63,0.00,0.74
740770,249.26,250.00,61,0.00,0.74
740870,249.25,250.00,62,0.00,0.75
740970,249.24,250.00,62,0.00,0.76
741070,249.26,250.00,59,0.00,0.74
741170,249.25,250.00,62,0.00,0.75
741270,249.27,250.00,59,0.00,0.73
741370,249.27,250.00,61,0.00,0.73
741470,249.28,250.00,60,0.00,0.72
741570,249.28,250.00,61,0.00,0.72
741670,249.29,250.00,61,0.00,0.71
741770,249.26,250.00,63,0.00,0.74
741870,249.25,250.00,62,0.00,0.75
741970,249.26,250.00,61,0.00,0.74
742070,249.24,250.00,63,0.00,0.76
742170,249.23,250.00,62,0.00,0.77
742270,249.23,250.00,62,0.00,0.77
742370,249.23,250.00,61,0.00,0.77
742470,249.23,250.00,62,0.00,0.77
742570,249.23,250.00,61,0.00,0.77
742670,249.25,250.00,59,0.00,0.75
742770,249.24,250.00,62,0.00,0.76
742870,249.22,250.00,63,0.00,0.78
742970,249.22,250.00,62,0.00,0.78
743070,249.19,250.00,64,0.00,0.81
743170,249.20,250.00,60,0.00,0.80
743270,249.20,250.00,62,0.00,0.80
743370,249.21,250.00,61,0.00,0.79
743470,249.24,250.00,58,0.00,0.76
743570,249.23,250.00,62,0.00,0.77
743670,249.24,250.00,61,0.00,0.76
743770,249.26,250.00,60,0.00,0.74
743870,249.26,250.00,61,0.00,0.74
743970,249.25,250.00,62,0.00,0.75
744070,249.28,250.00,58,0.00,0.72
744170,249.34,250.00,55,0.00,0.66
744270,249.36,250.00,59,0.00,0.64
744370,249.34,250.00,63,0.00,0.66
744470,249.37,250.00,58,0.00,0.63
744570,249.39,250.00,59,0.00,0.61
744670,249.39,250.00,61,0.00,0.61
744770,249.36,250.00,64,0.00,0.64
744870,249.34,250.00,63,0.00,0.66
744970,249.35,250.00,60,0.00,0.65
745070,249.34,250.00,62,0.00,0.66
745170,249.31,250.00,64,0.00,0.69
745270,249.33,250.00,59,0.00,0.67
745370,249.32,250.00,63,0.00,0.68
745470,249.31,250.00,62,0.00,0.69
745570,249.34,250.00,59,0.00,0.66
745670,249.33,250.00,62,0.00,0.67
745770,249.33,250.00,62,0.00,0.67
745870,249.32,250.00,62,0.00,0.68
745970,249.31,250.00,63,0.00,0.69
746070,249.31,250.00,62,0.00,0.69
746170,249.33,250.00,59,0.00,0.67
746270,249.31,250.00,63,0.00,0.69
746370,249.34,250.00,59,0.00,0.66
746470,249.38,250.00,57,0.00,0.62
746570,249.37,250.00,62,0.00,0.63
746670,249.36,250.00,62,0.00,0.64
746770,249.36,250.00,62,0.00,0.64
746870,249.36,250.00,61,0.00,0.64
746970,249.37,250.00,61,0.00,0.63
747070,249.35,250.00,63,0.00,0.65
747170,249.34,250.00,62,0.00,0.66
747270,249.35,250.00,61,0.00,0.65
747370,249.37,250.00,59,0.00,0.63
747470,249.36,250.00,62,0.00,0.64
747570,249.36,250.00,61,0.00,0.64
747670,249.38,250.00,60,0.00,0.62
747770,249.38,250.00,61,0.00,0.62
747870,249.40,250.00,60,0.00,0.60
747970,249.39,250.00,62,0.00,0.61
748070,249.38,250.00,62,0.00,0.62
748170,249.36,250.00,63,0.00,0.64
748270,249.35,250.00,62,0.00,0.65
748370,249.33,250.00,63,0.00,0.67
748470,249.36,250.00,58,0.00,0.64
748570,249.36,250.00,62,0.00,0.64
748670,249.34,250.00,63,0.00,0.66
748770,249.35,250.00,61,0.00,0.65
748870,249.36,250.00,60,0.00,0.64
748970,249.37,250.00,61,0.00,0.63
749070,249.37,250.00,61,0.00,0.63
749170,249.38,250.00,61,0.00,0.62
749270,249.40,250.00,59,0.00,0.60
749370,249.42,250.00,60,0.00,0.58
749470,249.48,250.00,55,0.00,0.52
749570,249.50,250.00,58,0.00,0.50
749670,249.51,250.00,61,0.00,0.49
749770,249.56,250.00,56,0.00,0.44
749870,249.57,250.00,60,0.00,0.43
749970,249.57,250.00,60,0.00,0.43
750070,249.58,250.00,60,0.00,0.42
750170,249.58,250.00,61,0.00,0.42
750270,249.58,250.00,60,0.00,0.42
750370,249.59,250.00,60,0.00,0.41
750470,249.57,250.00,62,0.00,0.43
750570,249.57,250.00,61,0.00,0.43
750670,249.58,250.00,60,0.00,0.42
750770,249.57,250.00,61,0.00,0.43
750870,249.61,250.00,56,0.00,0.39
750970,249.64,250.00,58,0.00,0.36
751070,249.65,250.00,59,0.00,0.35
751170,249.64,250.00,62,0.00,0.36
751270,249.65,250.00,59,0.00,0.35
751370,249.70,250.00,56,0.00,0.30
751470,249.71,250.00,60,0.00,0.29
751570,249.73,250.00,58,0.00,0.27
751670,249.73,250.00,60,0.00,0.27
751770,249.74,250.00,59,0.00,0.26
751870,249.77,250.00,57,0.00,0.23
751970,249.78,250.00,59,0.00,0.22
752070,249.77,250.00,61,0.00,0.23
752170,249.77,250.00,60,0.00,0.23
752270,249.76,250.00,61,0.00,0.24
752370,249.77,250.00,59,0.00,0.23
752470,249.77,250.00,60,0.00,0.23
752570,249.76,250.00,61,0.00,0.24
752670,249.75,250.00,61,0.00,0.25
752770,249.74,250.00,61,0.00,0.26
752870,249.74,250.00,60,0.00,0.26
752970,249.78,250.00,56,0.00,0.22
753070,249.79,250.00,59,0.00,0.21
753170,249.80,250.00,59,0.00,0.20
753270,249.81,250.00,59,0.00,0.19
753370,249.80,250.00,60,0.00,0.20
753470,249.80,250.00,60,0.00,0.20
753570,249.81,250.00,59,0.00,0.19
753670,249.82,250.00,59,0.00,0.18
753770,249.86,250.00,55,0.00,0.14
753870,249.88,250.00,57,0.00,0.12
753970,249.90,250.00,58,0.00,0.10
754070,249.91,250.00,58,0.00,0.09
754170,249.89,250.00,61,0.00,0.11
754270,249.90,250.00,58,0.00,0.10
754370,249.89,250.00,61,0.00,0.11
754470,249.91,250.00,57,0.00,0.09
754570,249.92,250.00,59,0.00,0.08
754670,249.96,250.00,56,0.00,0.04
754770,249.98,250.00,56,0.00,0.02
754870,250.05,250.00,53,0.00,-0.05
754970,250.07,250.00,57,0.00,-0.07
755070,250.10,250.00,56,0.00,-0.10
755170,250.11,250.00,57,0.00,-0.11
755270,250.10,250.00,60,0.00,-0.10
755370,250.07,250.00,62,0.00,-0.07
755470,250.05,250.00,61,0.00,-0.05
755570,250.04,250.00,59,0.00,-0.04
755670,250.05,250.00,58,0.00,-0.05
755770,250.08,250.00,56,0.00,-0.08
755870,250.12,250.00,55,0.00,-0.12
755970,250.15,250.00,56,0.00,-0.15
756070,250.13,250.00,60,0.00,-0.13
756170,250.16,250.00,56,0.00,-0.16
756270,250.14,250.00,60,0.00,-0.14
756370,250.17,250.00,55,0.00,-0.17
756470,250.16,250.00,60,0.00,-0.16
756570,250.15,250.00,59,0.00,-0.15
756670,250.16,250.00,58,0.00,-0.16
756770,250.24,250.00,50,0.00,-0.24
756870,250.23,250.00,59,0.00,-0.23
756970,250.22,250.00,59,0.00,-0.22
757070,250.26,250.00,54,0.00,-0.26
757170,250.28,250.00,56,0.00,-0.28
757270,250.29,250.00,57,0.00,-0.29
757370,250.30,250.00,57,0.00,-0.30
757470,250.29,250.00,58,0.00,-0.29
757570,250.28,250.00,60,0.00,-0.28
757670,250.27,250.00,58,0.00,-0.27
757770,250.27,250.00,58,0.00,-0.27
757870,250.28,250.00,57,0.00,-0.28
757970,250.26,250.00,60,0.00,-0.26
758070,250.27,250.00,57,0.00,-0.27
758170,250.29,250.00,56,0.00,-0.29
758270,250.30,250.00,57,0.00,-0.30
758370,250.33,250.00,55,0.00,-0.33
758470,250.33,250.00,57,0.00,-0.33
758570,250.35,250.00,56,0.00,-0.35
758670,250.35,250.00,57,0.00,-0.35
758770,250.36,250.00,56,0.00,-0.36
758870,250.35,250.00,59,0.00,-0.35
758970,250.39,250.00,54,0.00,-0.39
759070,250.43,250.00,53,0.00,-0.43
759170,250.43,250.00,58,0.00,-0.43
759270,250.46,250.00,54,0.00,-0.46
759370,250.45,250.00,58,0.00,-0.45
759470,250.49,250.00,53,0.00,-0.49
759570,250.50,250.00,56,0.00,-0.50
759670,250.50,250.00,57,0.00,-0.50
759770,250.48,250.00,58,0.00,-0.48
759870,250.51,250.00,54,0.00,-0.51
759970,250.53,250.00,55,0.00,-0.53
760070,250.55,250.00,55,0.00,-0.55
760170,250.54,250.00,57,0.00,-0.54
760270,250.59,250.00,52,0.00,-0.59
760370,250.61,250.00,54,0.00,-0.61
760470,250.62,250.00,55,0.00,-0.62
760570,250.67,250.00,52,0.00,-0.67
760670,250.64,250.00,59,0.00,-0.64
760770,250.66,250.00,54,0.00,-0.66
760870,250.67,250.00,56,0.00,-0.67
760970,250.74,250.00,48,0.00,-0.74
761070,250.74,250.00,56,0.00,-0.74
761170,250.74,250.00,56,0.00,-0.74
761270,250.75,250.00,55,0.00,-0.75
761370,250.74,250.00,57,0.00,-0.74
761470,250.75,250.00,55,0.00,-0.75
761570,250.74,250.00,56,0.00,-0.74
761670,250.73,250.00,57,0.00,-0.73
761770,250.72,250.00,57,0.00,-0.72
761870,250.72,250.00,56,0.00,-0.72
761970,250.71,250.00,57,0.00,-0.71
762070,250.76,250.00,51,0.00,-0.76
762170,250.78,250.00,53,0.00,-0.78
762270,250.77,250.00,56,0.00,-0.77
762370,250.76,250.00,57,0.00,-0.76
762470,250.75,250.00,56,0.00,-0.75
762570,250.77,250.00,53,0.00,-0.77
762670,250.81,250.00,52,0.00,-0.81
762770,250.79,250.00,57,0.00,-0.79
762870,250.82,250.00,52,0.00,-0.82
762970,250.81,250.00,56,0.00,-0.81
763070,250.82,250.00,54,0.00,-0.82
763170,250.84,250.00,54,0.00,-0.84
763270,250.86,250.00,53,0.00,-0.86
763370,250.86,250.00,55,0.00,-0.86
763470,250.87,250.00,54,0.00,-0.87
763570,250.87,250.00,55,0.00,-0.87
763670,250.87,250.00,55,0.00,-0.87
763770,250.85,250.00,57,0.00,-0.85
763870,250.88,250.00,53,0.00,-0.88
763970,250.85,250.00,58,0.00,-0.85
764070,250.82,250.00,58,0.00,-0.82
764170,250.83,250.00,55,0.00,-0.83
764270,250.82,250.00,56,0.00,-0.82
764370,250.82,250.00,55,0.00,-0.82
764470,250.85,250.00,52,0.00,-0.85
764570,250.86,250.00,54,0.00,-0.86
764670,250.87,250.00,54,0.00,-0.87
764770,250.89,250.00,53,0.00,-0.89
764870,250.85,250.00,59,0.00,-0.85
764970,250.87,250.00,52,0.00,-0.87
765070,250.86,250.00,56,0.00,-0.86
765170,250.83,250.00,58,0.00,-0.83
765270,250.86,250.00,52,0.00,-0.86
765370,250.88,250.00,52,0.00,-0.88
765470,250.91,250.00,51,0.00,-0.91
765570,250.94,250.00,52,0.00,-0.94
765670,250.95,250.00,54,0.00,-0.95
765770,250.91,250.00,58,0.00,-0.91
765870,250.88,250.00,58,0.00,-0.88
765970,250.88,250.00,55,0.00,-0.88
766070,250.86,250.00,56,0.00,-0.86
766170,250.84,250.00,57,0.00,-0.84
766270,250.84,250.00,55,0.00,-0.84
766370,250.85,250.00,53,0.00,-0.85
766470,250.85,250.00,55,0.00,-0.85
766570,250.86,250.00,54,0.00,-0.86
766670,250.87,250.00,54,0.00,-0.87
766770,250.86,250.00,56,0.00,-0.86
766870,250.87,250.00,54,0.00,-0.87
766970,250.85,250.00,56,0.00,-0.85
767070,250.85,250.00,55,0.00,-0.85
767170,250.84,250.00,56,0.00,-0.84
767270,250.84,250.00,55,0.00,-0.84
767370,250.83,250.00,56,0.00,-0.83
767470,250.81,250.00,57,0.00,-0.81
767570,250.80,250.00,56,0.00,-0.80
767670,250.78,250.00,57,0.00,-0.78
767770,250.76,250.00,57,0.00,-0.76
767870,250.76,250.00,55,0.00,-0.76
767970,250.75,250.00,55,0.00,-0.75
768070,250.76,250.00,54,0.00,-0.76
768170,250.74,250.00,58,0.00,-0.74
768270,250.72,250.00,56,0.00,-0.72
768370,250.70,250.00,58,0.00,-0.70
768470,250.73,250.00,52,0.00,-0.73
768570,250.71,250.00,56,0.00,-0.71
768670,250.73,250.00,54,0.00,-0.73
768770,250.73,250.00,55,0.00,-0.73
768870,250.73,250.00,55,0.00,-0.73
768970,250.73,250.00,55,0.00,-0.73
769070,250.74,250.00,54,0.00,-0.74
769170,250.71,250.00,58,0.00,-0.71
769270,250.70,250.00,56,0.00,-0.70
769370,250.79,250.00,46,0.00,-0.79
769470,250.79,250.00,54,0.00,-0.79
769570,250.84,250.00,50,0.00,-0.84
769670,250.84,250.00,54,0.00,-0.84
769770,250.89,250.00,49,0.00,-0.89
769870,250.87,250.00,56,0.00,-0.87
769970,250.86,250.00,56,0.00,-0.86
770070,250.83,250.00,57,0.00,-0.83
770170,250.83,250.00,54,0.00,-0.83
770270,250.80,250.00,58,0.00,-0.80
770370,250.81,250.00,53,0.00,-0.81
770470,250.87,250.00,49,0.00,-0.87
770570,250.83,250.00,58,0.00,-0.83
770670,250.83,250.00,54,0.00,-0.83
770770,250.84,250.00,53,0.00,-0.84
770870,250.84,250.00,54,0.00,-0.84
770970,250.83,250.00,55,0.00,-0.83
771070,250.83,250.00,54,0.00,-0.83
771170,250.82,250.00,55,0.00,-0.82
771270,250.84,250.00,53,0.00,-0.84
771370,250.86,250.00,52,0.00,-0.86
771470,250.84,250.00,57,0.00,-0.84
771570,250.82,250.00,55,0.00,-0.82
771670,250.79,250.00,58,0.00,-0.79
771770,250.78,250.00,55,0.00,-0.78
771870,250.74,250.00,59,0.00,-0.74
771970,250.73,250.00,56,0.00,-0.73
772070,250.73,250.00,55,0.00,-0.73
772170,250.70,250.00,57,0.00,-0.70
772270,250.69,250.00,56,0.00,-0.69
772370,250.68,250.00,56,0.00,-0.68
772470,250.69,250.00,54,0.00,-0.69
772570,250.68,250.00,56,0.00,-0.68
772670,250.67,250.00,55,0.00,-0.67
772770,250.68,250.00,54,0.00,-0.68
772870,250.69,250.00,53,0.00,-0.69
772970,250.70,250.00,54,0.00,-0.70
773070,250.71,250.00,53,0.00,-0.71
773170,250.74,250.00,52,0.00,-0.74
773270,250.70,250.00,58,0.00,-0.70
773370,250.69,250.00,56,0.00,-0.69
773470,250.73,250.00,50,0.00,-0.73
773570,250.72,250.00,56,0.00,-0.72
773670,250.71,250.00,56,0.00,-0.71
773770,250.68,250.00,57,0.00,-0.68
773870,250.66,250.00,57,0.00,-0.66
773970,250.65,250.00,56,0.00,-0.65
774070,250.64,250.00,55,0.00,-0.64
774170,250.63,250.00,56,0.00,-0.63
774270,250.61,250.00,56,0.00,-0.61
774370,250.62,250.00,54,0.00,-0.62
774470,250.62,250.00,55,0.00,-0.62
774570,250.62,250.00,55,0.00,-0.62
774670,250.65,250.00,51,0.00,-0.65
774770,250.66,250.00,54,0.00,-0.66
774870,250.64,250.00,56,0.00,-0.64
774970,250.64,250.00,55,0.00,-0.64
775070,250.62,250.00,56,0.00,-0.62
775170,250.63,250.00,54,0.00,-0.63
775270,250.65,250.00,52,0.00,-0.65
775370,250.63,250.00,58,0.00,-0.63
775470,250.62,250.00,55,0.00,-0.62
775570,250.61,250.00,56,0.00,-0.61
775670,250.67,250.00,48,0.00,-0.67
775770,250.64,250.00,58,0.00,-0.64
775870,250.61,250.00,57,0.00,-0.61
775970,250.61,250.00,55,0.00,-0.61
776070,250.62,250.00,53,0.00,-0.62
776170,250.64,250.00,52,0.00,-0.64
776270,250.62,250.00,57,0.00,-0.62
776370,250.60,250.00,56,0.00,-0.60
776470,250.60,250.00,55,0.00,-0.60
776570,250.56,250.00,60,0.00,-0.56
776670,250.55,250.00,56,0.00,-0.55
776770,250.54,250.00,55,0.00,-0.54
776870,250.54,250.00,55,0.00,-0.54
776970,250.54,250.00,54,0.00,-0.54
777070,250.56,250.00,53,0.00,-0.56
777170,250.57,250.00,54,0.00,-0.57
777270,250.58,250.00,53,0.00,-0.58
777370,250.60,250.00,53,0.00,-0.60
777470,250.58,250.00,56,0.00,-0.58
777570,250.55,250.00,58,0.00,-0.55
777670,250.54,250.00,55,0.00,-0.54
777770,250.55,250.00,54,0.00,-0.55
777870,250.57,250.00,53,0.00,-0.57
777970,250.59,250.00,52,0.00,-0.59
778070,250.56,250.00,58,0.00,-0.56
778170,250.58,250.00,53,0.00,-0.58
778270,250.57,250.00,56,0.00,-0.57
778370,250.56,250.00,55,0.00,-0.56
778470,250.54,250.00,57,0.00,-0.54
778570,250.55,250.00,54,0.00,-0.55
778670,250.58,250.00,52,0.00,-0.58
778770,250.53,250.00,59,0.00,-0.53
778870,250.53,250.00,55,0.00,-0.53
778970,250.55,250.00,53,0.00,-0.55
779070,250.59,250.00,50,0.00,-0.59
779170,250.59,250.00,54,0.00,-0.59
779270,250.60,250.00,53,0.00,-0.60
779370,250.60,250.00,54,0.00,-0.60
779470,250.63,250.00,52,0.00,-0.63
779570,250.60,250.00,57,0.00,-0.60
779670,250.63,250.00,52,0.00,-0.63
779770,250.61,250.00,56,0.00,-0.61
779870,250.67,250.00,48,0.00,-0.67
779970,250.64,250.00,57,0.00,-0.64
780070,250.61,250.00,57,0.00,-0.61
780170,250.60,250.00,56,0.00,-0.60
780270,250.58,250.00,57,0.00,-0.58
780370,250.58,250.00,54,0.00,-0.58
780470,250.55,250.00,58,0.00,-0.55
780570,250.53,250.00,56,0.00,-0.53
780670,250.53,250.00,54,0.00,-0.53
780770,250.53,250.00,55,0.00,-0.53
780870,250.54,250.00,54,0.00,-0.54
780970,250.53,250.00,55,0.00,-0.53
781070,250.53,250.00,55,0.00,-0.53
781170,250.53,250.00,54,0.00,-0.53
781270,250.53,250.00,55,0.00,-0.53
781370,250.54,250.00,54,0.00,-0.54
781470,250.52,250.00,56,0.00,-0.52
781570,250.52,250.00,55,0.00,-0.52
781670,250.49,250.00,57,0.00,-0.49
781770,250.46,250.00,57,0.00,-0.46
781870,250.45,250.00,56,0.00,-0.45
781970,250.47,250.00,53,0.00,-0.47
782070,250.49,250.00,52,0.00,-0.49
782170,250.47,250.00,57,0.00,-0.47
782270,250.47,250.00,55,0.00,-0.47
782370,250.44,250.00,58,0.00,-0.44
782470,250.42,250.00,57,0.00,-0.42
782570,250.42,250.00,54,0.00,-0.42
782670,250.42,250.00,55,0.00,-0.42
782770,250.42,250.00,54,0.00,-0.42
782870,250.39,250.00,58,0.00,-0.39
782970,250.38,250.00,56,0.00,-0.38
783070,250.38,250.00,55,0.00,-0.38
783170,250.35,250.00,58,0.00,-0.35
783270,250.35,250.00,55,0.00,-0.35
783370,250.37,250.00,54,0.00,-0.37
783470,250.37,250.00,55,0.00,-0.37
783570,250.33,250.00,59,0.00,-0.33
783670,250.33,250.00,55,0.00,-0.33
783770,250.30,250.00,59,0.00,-0.30
783870,250.31,250.00,55,0.00,-0.31
783970,250.35,250.00,51,0.00,-0.35
784070,250.34,250.00,56,0.00,-0.34
784170,250.33,250.00,56,0.00,-0.33
784270,250.31,250.00,57,0.00,-0.31
784370,250.31,250.00,55,0.00,-0.31
784470,250.32,250.00,55,0.00,-0.32
784570,250.32,250.00,55,0.00,-0.32
784670,250.32,250.00,56,0.00,-0.32
784770,250.28,250.00,58,0.00,-0.28
784870,250.28,250.00,56,0.00,-0.28
784970,250.26,250.00,57,0.00,-0.26
785070,250.24,250.00,58,0.00,-0.24
785170,250.27,250.00,52,0.00,-0.27
785270,250.28,250.00,54,0.00,-0.28
785370,250.27,250.00,57,0.00,-0.27
785470,250.25,250.00,57,0.00,-0.25
785570,250.23,250.00,58,0.00,-0.23
785670,250.24,250.00,54,0.00,-0.24
785770,250.27,250.00,53,0.00,-0.27
785870,250.23,250.00,59,0.00,-0.23
785970,250.24,250.00,54,0.00,-0.24
786070,250.25,250.00,54,0.00,-0.25
786170,250.24,250.00,57,0.00,-0.24
786270,250.25,250.00,54,0.00,-0.25
786370,250.30,250.00,50,0.00,-0.30
786470,250.29,250.00,56,0.00,-0.29
786570,250.27,250.00,58,0.00,-0.27
786670,250.28,250.00,54,0.00,-0.28
786770,250.24,250.00,59,0.00,-0.24
786870,250.21,250.00,58,0.00,-0.21
786970,250.19,250.00,58,0.00,-0.19
787070,250.16,250.00,59,0.00,-0.16
787170,250.15,250.00,57,0.00,-0.15
787270,250.19,250.00,51,0.00,-0.19
787370,250.18,250.00,56,0.00,-0.18
787470,250.21,250.00,52,0.00,-0.21
787570,250.23,250.00,54,0.00,-0.23
787670,250.23,250.00,55,0.00,-0.23
787770,250.23,250.00,55,0.00,-0.23
787870,250.22,250.00,57,0.00,-0.22
787970,250.18,250.00,60,0.00,-0.18
788070,250.17,250.00,56,0.00,-0.17
788170,250.15,250.00,57,0.00,-0.15
788270,250.12,250.00,60,0.00,-0.12
788370,250.08,250.00,59,0.00,-0.08
788470,250.12,250.00,52,0.00,-0.12
788570,250.11,250.00,57,0.00,-0.11
788670,250.12,250.00,54,0.00,-0.12
788770,250.12,250.00,56,0.00,-0.12
788870,250.08,250.00,61,0.00,-0.08
788970,250.04,250.00,59,0.00,-0.04
789070,250.02,250.00,59,0.00,-0.02
789170,249.99,250.00,59,0.00,0.01
789270,249.99,250.00,56,0.00,0.01
789370,249.97,250.00,59,0.00,0.03
789470,249.94,250.00,60,0.00,0.06
789570,249.93,250.00,57,0.00,0.07
789670,249.90,250.00,60,0.00,0.10
789770,249.90,250.00,57,0.00,0.10
789870,249.86,250.00,61,0.00,0.14
789970,249.87,250.00,57,0.00,0.13
790070,249.83,250.00,60,0.00,0.17
790170,249.81,250.00,59,0.00,0.19
790270,249.80,250.00,59,0.00,0.20
790370,249.81,250.00,56,0.00,0.19
790470,249.83,250.00,55,0.00,0.17
790570,249.87,250.00,53,0.00,0.13
790670,249.89,250.00,54,0.00,0.11
790770,249.86,250.00,61,0.00,0.14
790870,249.84,250.00,59,0.00,0.16
790970,249.83,250.00,58,0.00,0.17
791070,249.80,250.00,60,0.00,0.20
791170,249.77,250.00,60,0.00,0.23
791270,249.74,250.00,61,0.00,0.26
791370,249.73,250.00,58,0.00,0.27
791470,249.75,250.00,55,0.00,0.25
791570,249.77,250.00,56,0.00,0.23
791670,249.77,250.00,57,0.00,0.23
791770,249.78,250.00,56,0.00,0.22
791870,249.75,250.00,60,0.00,0.25
791970,249.73,250.00,60,0.00,0.27
792070,249.71,250.00,60,0.00,0.29
792170,249.68,250.00,61,0.00,0.32
792270,249.67,250.00,59,0.00,0.33
792370,249.66,250.00,58,0.00,0.34
792470,249.64,250.00,60,0.00,0.36
792570,249.62,250.00,60,0.00,0.38
792670,249.61,250.00,59,0.00,0.39
792770,249.61,250.00,58,0.00,0.39
792870,249.59,250.00,60,0.00,0.41
792970,249.58,250.00,59,0.00,0.42
793070,249.58,250.00,59,0.00,0.42
793170,249.56,250.00,60,0.00,0.44
793270,249.54,250.00,61,0.00,0.46
793370,249.51,250.00,61,0.00,0.49
793470,249.51,250.00,58,0.00,0.49
793570,249.50,250.00,59,0.00,0.50
793670,249.49,250.00,59,0.00,0.51
793770,249.51,250.00,57,0.00,0.49
793870,249.52,250.00,57,0.00,0.48
793970,249.52,250.00,58,0.00,0.48
794070,249.51,250.00,60,0.00,0.49
794170,249.51,250.00,58,0.00,0.49
794270,249.53,250.00,57,0.00,0.47
794370,249.55,250.00,56,0.00,0.45
794470,249.56,250.00,57,0.00,0.44
794570,249.62,250.00,52,0.00,0.38
794670,249.60,250.00,60,0.00,0.40
794770,249.58,250.00,60,0.00,0.42
794870,249.56,250.00,60,0.00,0.44
794970,249.55,250.00,60,0.00,0.45
795070,249.53,250.00,60,0.00,0.47
795170,249.50,250.00,62,0.00,0.50
795270,249.46,250.00,62,0.00,0.54
795370,249.44,250.00,62,0.00,0.56
795470,249.43,250.00,59,0.00,0.57
795570,249.43,250.00,59,0.00,0.57
795670,249.43,250.00,59,0.00,0.57
795770,249.43,250.00,59,0.00,0.57
795870,249.45,250.00,57,0.00,0.55
795970,249.46,250.00,58,0.00,0.54
796070,249.45,250.00,59,0.00,0.55
796170,249.44,250.00,61,0.00,0.56
796270,249.46,250.00,57,0.00,0.54
796370,249.43,250.00,62,0.00,0.57
796470,249.44,250.00,58,0.00,0.56
796570,249.44,250.00,59,0.00,0.56
796670,249.49,250.00,53,0.00,0.51
796770,249.48,250.00,60,0.00,0.52
796870,249.48,250.00,60,0.00,0.52
796970,249.48,250.00,58,0.00,0.52
797070,249.49,250.00,58,0.00,0.51
797170,249.49,250.00,58,0.00,0.51
797270,249.52,250.00,56,0.00,0.48
797370,249.53,250.00,57,0.00,0.47
797470,249.53,250.00,59,0.00,0.47
797570,249.51,250.00,61,0.00,0.49
797670,249.52,250.00,57,0.00,0.48
797770,249.53,250.00,57,0.00,0.47
797870,249.52,250.00,60,0.00,0.48
797970,249.53,250.00,57,0.00,0.47
798070,249.56,250.00,56,0.00,0.44
798170,249.57,250.00,58,0.00,0.43
798270,249.56,250.00,59,0.00,0.44
798370,249.58,250.00,56,0.00,0.42
798470,249.61,250.00,55,0.00,0.39
798570,249.64,250.00,56,0.00,0.36
798670,249.63,250.00,59,0.00,0.37
798770,249.61,250.00,61,0.00,0.39
798870,249.64,250.00,56,0.00,0.36
798970,249.67,250.00,54,0.00,0.33
799070,249.67,250.00,58,0.00,0.33
799170,249.66,250.00,60,0.00,0.34
799270,249.65,250.00,58,0.00,0.35
799370,249.65,250.00,58,0.00,0.35
799470,249.65,250.00,58,0.00,0.35
799570,249.65,250.00,58,0.00,0.35
799670,249.66,250.00,57,0.00,0.34
799770,249.65,250.00,60,0.00,0.35
799870,249.67,250.00,56,0.00,0.33
799970,249.66,250.00,60,0.00,0.34
800070,249.67,250.00,57,0.00,0.33
800170,249.67,250.00,58,0.00,0.33
800270,249.65,250.00,60,0.00,0.35
800370,249.67,250.00,57,0.00,0.33
800470,249.69,250.00,56,0.00,0.31
800570,249.66,250.00,61,0.00,0.34
800670,249.66,250.00,58,0.00,0.34
800770,249.70,250.00,53,0.00,0.30
800870,249.71,250.00,57,0.00,0.29
800970,249.72,250.00,58,0.00,0.28
801070,249.70,250.00,60,0.00,0.30
801170,249.69,250.00,59,0.00,0.31
801270,249.68,250.00,60,0.00,0.32
801370,249.66,250.00,60,0.00,0.34
801470,249.65,250.00,60,0.00,0.35
801570,249.64,250.00,60,0.00,0.36
801670,249.63,250.00,60,0.00,0.37
801770,249.64,250.00,57,0.00,0.36
801870,249.65,250.00,57,0.00,0.35
801970,249.68,250.00,56,0.00,0.32
802070,249.66,250.00,60,0.00,0.34
802170,249.67,250.00,57,0.00,0.33
802270,249.66,250.00,60,0.00,0.34
802370,249.67,250.00,57,0.00,0.33
802470,249.65,250.00,60,0.00,0.35
802570,249.67,250.00,57,0.00,0.33
802670,249.65,250.00,60,0.00,0.35
802770,249.65,250.00,58,0.00,0.35
802870,249.70,250.00,54,0.00,0.30
802970,249.71,250.00,58,0.00,0.29
803070,249.70,250.00,59,0.00,0.30
803170,249.69,250.00,59,0.00,0.31
803270,249.70,250.00,58,0.00,0.30
803370,249.73,250.00,55,0.00,0.27
803470,249.75,250.00,57,0.00,0.25
803570,249.75,250.00,58,0.00,0.25
803670,249.74,250.00,59,0.00,0.26
803770,249.73,250.00,59,0.00,0.27
803870,249.72,250.00,59,0.00,0.28
803970,249.73,250.00,58,0.00,0.27
804070,249.74,250.00,57,0.00,0.26
804170,249.74,250.00,58,0.00,0.26
804270,249.75,250.00,58,0.00,0.25
804370,249.74,250.00,59,0.00,0.26
804470,249.76,250.00,55,0.00,0.24
804570,249.76,250.00,58,0.00,0.24
804670,249.81,250.00,53,0.00,0.19
804770,249.80,250.00,60,0.00,0.20
804870,249.79,250.00,58,0.00,0.21
804970,249.80,250.00,57,0.00,0.20
805070,249.79,250.00,60,0.00,0.21
805170,249.78,250.00,58,0.00,0.22
805270,249.78,250.00,58,0.00,0.22
805370,249.82,250.00,54,0.00,0.18
805470,249.88,250.00,51,0.00,0.12
805570,249.92,250.00,54,0.00,0.08
805670,249.89,250.00,60,0.00,0.11
805770,249.88,250.00,59,0.00,0.12
805870,249.87,250.00,59,0.00,0.13
805970,249.87,250.00,57,0.00,0.13
806070,249.87,250.00,58,0.00,0.13
806170,249.92,250.00,53,0.00,0.08
806270,249.95,250.00,54,0.00,0.05
806370,249.97,250.00,56,0.00,0.03
806470,249.95,250.00,59,0.00,0.05
806570,249.97,250.00,56,0.00,0.03
806670,249.95,250.00,59,0.00,0.05
806770,249.99,250.00,53,0.00,0.01
806870,249.97,250.00,60,0.00,0.03
806970,249.98,250.00,56,0.00,0.02
807070,250.03,250.00,52,0.00,-0.03
807170,250.04,250.00,56,0.00,-0.04
807270,250.06,250.00,55,0.00,-0.06
807370,250.06,250.00,57,0.00,-0.06
807470,250.05,250.00,57,0.00,-0.05
807570,250.03,250.00,59,0.00,-0.03
807670,250.06,250.00,55,0.00,-0.06
807770,250.07,250.00,55,0.00,-0.07
807870,250.07,250.00,58,0.00,-0.07
807970,250.11,250.00,53,0.00,-0.11
808070,250.17,250.00,50,0.00,-0.17
808170,250.15,250.00,58,0.00,-0.15
808270,250.17,250.00,54,0.00,-0.17
808370,250.22,250.00,52,0.00,-0.22
808470,250.23,250.00,55,0.00,-0.23
808570,250.22,250.00,57,0.00,-0.22
808670,250.22,250.00,56,0.00,-0.22
808770,250.20,250.00,59,0.00,-0.20
808870,250.23,250.00,53,0.00,-0.23
808970,250.24,250.00,55,0.00,-0.24
809070,250.23,250.00,57,0.00,-0.23
809170,250.28,250.00,51,0.00,-0.28
809270,250.28,250.00,56,0.00,-0.28
809370,250.31,250.00,53,0.00,-0.31
809470,250.35,250.00,52,0.00,-0.35
809570,250.38,250.00,53,0.00,-0.38
809670,250.41,250.00,52,0.00,-0.41
809770,250.39,250.00,57,0.00,-0.39
809870,250.39,250.00,56,0.00,-0.39
809970,250.38,250.00,57,0.00,-0.38
810070,250.35,250.00,58,0.00,-0.35
810170,250.35,250.00,56,0.00,-0.35
810270,250.34,250.00,57,0.00,-0.34
810370,250.34,250.00,55,0.00,-0.34
810470,250.35,250.00,55,0.00,-0.35
810570,250.36,250.00,54,0.00,-0.36
810670,250.38,250.00,53,0.00,-0.38
810770,250.38,250.00,56,0.00,-0.38
810870,250.34,250.00,59,0.00,-0.34
810970,250.35,250.00,55,0.00,-0.35
811070,250.36,250.00,54,0.00,-0.36
811170,250.36,250.00,56,0.00,-0.36
811270,250.36,250.00,56,0.00,-0.36
811370,250.40,250.00,52,0.00,-0.40
811470,250.47,250.00,48,0.00,-0.47
811570,250.43,250.00,59,0.00,-0.43
811670,250.46,250.00,52,0.00,-0.46
811770,250.49,250.00,52,0.00,-0.49
811870,250.50,250.00,54,0.00,-0.50
811970,250.51,250.00,54,0.00,-0.51
812070,250.49,250.00,56,0.00,-0.49
812170,250.48,250.00,56,0.00,-0.48
812270,250.45,250.00,59,0.00,-0.45
812370,250.43,250.00,57,0.00,-0.43
812470,250.42,250.00,56,0.00,-0.42
812570,250.40,250.00,57,0.00,-0.40
812670,250.39,250.00,57,0.00,-0.39
812770,250.40,250.00,54,0.00,-0.40
812870,250.42,250.00,53,0.00,-0.42
812970,250.44,250.00,53,0.00,-0.44
813070,250.43,250.00,56,0.00,-0.43
813170,250.40,250.00,58,0.00,-0.40
813270,250.41,250.00,54,0.00,-0.41
813370,250.41,250.00,54,0.00,-0.41
813470,250.41,250.00,56,0.00,-0.41
813570,250.43,250.00,53,0.00,-0.43
813670,250.47,250.00,51,0.00,-0.47
813770,250.47,250.00,55,0.00,-0.47
813870,250.44,250.00,59,0.00,-0.44
813970,250.42,250.00,57,0.00,-0.42
814070,250.41,250.00,56,0.00,-0.41
814170,250.40,250.00,57,0.00,-0.40
814270,250.40,250.00,54,0.00,-0.40
814370,250.38,250.00,58,0.00,-0.38
814470,250.34,250.00,59,0.00,-0.34
814570,250.33,250.00,56,0.00,-0.33
814670,250.33,250.00,55,0.00,-0.33
814770,250.36,250.00,53,0.00,-0.36
814870,250.36,250.00,55,0.00,-0.36
814970,250.36,250.00,55,0.00,-0.36
815070,250.36,250.00,55,0.00,-0.36
815170,250.39,250.00,53,0.00,-0.39
815270,250.35,250.00,59,0.00,-0.35
815370,250.35,250.00,55,0.00,-0.35
815470,250.39,250.00,51,0.00,-0.39
815570,250.41,250.00,53,0.00,-0.41
815670,250.39,250.00,57,0.00,-0.39
815770,250.42,250.00,52,0.00,-0.42
815870,250.44,250.00,53,0.00,-0.44
815970,250.46,250.00,53,0.00,-0.46
816070,250.46,250.00,55,0.00,-0.46
816170,250.46,250.00,55,0.00,-0.46
816270,250.44,250.00,57,0.00,-0.44
816370,250.41,250.00,58,0.00,-0.41
816470,250.39,250.00,57,0.00,-0.39
816570,250.40,250.00,54,0.00,-0.40
816670,250.39,250.00,57,0.00,-0.39
816770,250.38,250.00,55,0.00,-0.38
816870,250.38,250.00,55,0.00,-0.38
816970,250.40,250.00,53,0.00,-0.40
817070,250.41,250.00,54,0.00,-0.41
817170,250.40,250.00,57,0.00,-0.40
817270,250.39,250.00,55,0.00,-0.39
817370,250.41,250.00,53,0.00,-0.41
817470,250.40,250.00,57,0.00,-0.40
817570,250.39,250.00,55,0.00,-0.39
817670,250.40,250.00,54,0.00,-0.40
817770,250.46,250.00,49,0.00,-0.46
817870,250.44,250.00,57,0.00,-0.44
817970,250.47,250.00,52,0.00,-0.47
818070,250.49,250.00,52,0.00,-0.49
818170,250.50,250.00,53,0.00,-0.50
818270,250.49,250.00,56,0.00,-0.49
818370,250.45,250.00,58,0.00,-0.45
818470,250.46,250.00,54,0.00,-0.46
818570,250.42,250.00,58,0.00,-0.42
818670,250.40,250.00,57,0.00,-0.40
818770,250.40,250.00,55,0.00,-0.40
818870,250.41,250.00,54,0.00,-0.41
818970,250.45,250.00,50,0.00,-0.45
819070,250.47,250.00,53,0.00,-0.47
819170,250.47,250.00,54,0.00,-0.47
819270,250.46,250.00,56,0.00,-0.46
819370,250.45,250.00,56,0.00,-0.45
819470,250.43,250.00,57,0.00,-0.43
819570,250.43,250.00,54,0.00,-0.43
819670,250.44,250.00,54,0.00,-0.44
819770,250.43,250.00,55,0.00,-0.43
819870,250.44,250.00,54,0.00,-0.44
819970,250.47,250.00,52,0.00,-0.47
820070,250.48,250.00,53,0.00,-0.48
820170,250.49,250.00,53,0.00,-0.49
820270,250.49,250.00,55,0.00,-0.49
820370,250.48,250.00,56,0.00,-0.48
820470,250.45,250.00,57,0.00,-0.45
820570,250.43,250.00,57,0.00,-0.43
820670,250.39,250.00,59,0.00,-0.39
820770,250.39,250.00,55,0.00,-0.39
820870,250.37,250.00,56,0.00,-0.37
820970,250.40,250.00,52,0.00,-0.40
821070,250.38,250.00,56,0.00,-0.38
821170,250.36,250.00,58,0.00,-0.36
821270,250.34,250.00,56,0.00,-0.34
821370,250.36,250.00,54,0.00,-0.36
821470,250.35,250.00,56,0.00,-0.35
821570,250.31,250.00,59,0.00,-0.31
821670,250.31,250.00,56,0.00,-0.31
821770,250.35,250.00,51,0.00,-0.35
821870,250.34,250.00,56,0.00,-0.34
821970,250.36,250.00,52,0.00,-0.36
822070,250.39,250.00,52,0.00,-0.39
822170,250.39,250.00,55,0.00,-0.39
822270,250.40,250.00,54,0.00,-0.40
822370,250.38,250.00,56,0.00,-0.38
822470,250.35,250.00,57,0.00,-0.35
822570,250.33,250.00,57,0.00,-0.33
822670,250.33,250.00,55,0.00,-0.33
822770,250.33,250.00,56,0.00,-0.33
822870,250.31,250.00,57,0.00,-0.31
822970,250.30,250.00,56,0.00,-0.30
823070,250.28,250.00,57,0.00,-0.28
823170,250.29,250.00,54,0.00,-0.29
823270,250.31,250.00,53,0.00,-0.31
823370,250.33,250.00,53,0.00,-0.33
823470,250.31,250.00,57,0.00,-0.31
823570,250.30,250.00,56,0.00,-0.30
823670,250.31,250.00,54,0.00,-0.31
823770,250.31,250.00,54,0.00,-0.31
823870,250.29,250.00,57,0.00,-0.29
823970,250.30,250.00,54,0.00,-0.30
824070,250.32,250.00,53,0.00,-0.32
824170,250.34,250.00,53,0.00,-0.34
824270,250.33,250.00,56,0.00,-0.33
824370,250.29,250.00,58,0.00,-0.29
824470,250.25,250.00,59,0.00,-0.25
824570,250.23,250.00,58,0.00,-0.23
824670,250.22,250.00,56,0.00,-0.22
824770,250.21,250.00,56,0.00,-0.21
824870,250.20,250.00,56,0.00,-0.20
824970,250.19,250.00,56,0.00,-0.19
825070,250.19,250.00,56,0.00,-0.19
825170,250.22,250.00,52,0.00,-0.22
825270,250.24,250.00,53,0.00,-0.24
825370,250.25,250.00,54,0.00,-0.25
825470,250.25,250.00,55,0.00,-0.25
825570,250.22,250.00,59,0.00,-0.22
825670,250.22,250.00,55,0.00,-0.22
825770,250.22,250.00,55,0.00,-0.22
825870,250.24,250.00,54,0.00,-0.24
825970,250.22,250.00,56,0.00,-0.22
826070,250.27,250.00,50,0.00,-0.27
826170,250.33,250.00,49,0.00,-0.33
826270,250.30,250.00,58,0.00,-0.30
826370,250.26,250.00,59,0.00,-0.26
826470,250.27,250.00,54,0.00,-0.27
826570,250.24,250.00,58,0.00,-0.24
826670,250.22,250.00,58,0.00,-0.22
826770,250.20,250.00,57,0.00,-0.20
826870,250.19,250.00,56,0.00,-0.19
826970,250.16,250.00,59,0.00,-0.16
827070,250.13,250.00,58,0.00,-0.13
827170,250.12,250.00,57,0.00,-0.12
827270,250.12,250.00,56,0.00,-0.12
827370,250.10,250.00,58,0.00,-0.10
827470,250.10,250.00,55,0.00,-0.10
827570,250.10,250.00,55,0.00,-0.10
827670,250.07,250.00,59,0.00,-0.07
827770,250.07,250.00,55,0.00,-0.07
827870,250.11,250.00,52,0.00,-0.11
827970,250.14,250.00,53,0.00,-0.14
828070,250.15,250.00,54,0.00,-0.15
828170,250.15,250.00,56,0.00,-0.15
828270,250.13,250.00,57,0.00,-0.13
828370,250.12,250.00,57,0.00,-0.12
828470,250.16,250.00,52,0.00,-0.16
828570,250.19,250.00,52,0.00,-0.19
828670,250.21,250.00,54,0.00,-0.21
828770,250.17,250.00,59,0.00,-0.17
828870,250.13,250.00,60,0.00,-0.13
828970,250.11,250.00,58,0.00,-0.11
829070,250.11,250.00,55,0.00,-0.11
829170,250.12,250.00,54,0.00,-0.12
829270,250.12,250.00,56,0.00,-0.12
829370,250.11,250.00,57,0.00,-0.11
829470,250.11,250.00,55,0.00,-0.11
829570,250.14,250.00,53,0.00,-0.14
829670,250.15,250.00,54,0.00,-0.15
829770,250.13,250.00,57,0.00,-0.13
829870,250.13,250.00,56,0.00,-0.13
829970,250.10,250.00,59,0.00,-0.10
830070,250.06,250.00,59,0.00,-0.06
830170,250.06,250.00,56,0.00,-0.06
830270,250.03,250.00,59,0.00,-0.03
830370,250.06,250.00,52,0.00,-0.06
830470,250.09,250.00,53,0.00,-0.09
830570,250.06,250.00,59,0.00,-0.06
830670,250.08,250.00,54,0.00,-0.08
830770,250.09,250.00,54,0.00,-0.09
830870,250.06,250.00,59,0.00,-0.06
830970,250.03,250.00,59,0.00,-0.03
831070,250.03,250.00,56,0.00,-0.03
831170,249.99,250.00,60,0.00,0.01
831270,249.96,250.00,60,0.00,0.04
831370,250.00,250.00,52,0.00,0.00
831470,250.01,250.00,55,0.00,-0.01
831570,250.00,250.00,57,0.00,0.00
831670,250.00,250.00,56,0.00,0.00
831770,250.00,250.00,56,0.00,0.00
831870,250.01,250.00,55,0.00,-0.01
831970,250.01,250.00,56,0.00,-0.01
832070,250.01,250.00,56,0.00,-0.01
832170,250.02,250.00,55,0.00,-0.02
832270,250.06,250.00,52,0.00,-0.06
832370,250.05,250.00,56,0.00,-0.05
832470,250.05,250.00,56,0.00,-0.05
832570,250.02,250.00,59,0.00,-0.02
832670,250.02,250.00,56,0.00,-0.02
832770,250.02,250.00,56,0.00,-0.02
832870,250.01,250.00,56,0.00,-0.01
832970,249.98,250.00,60,0.00,0.02
833070,249.94,250.00,60,0.00,0.06
833170,249.91,250.00,59,0.00,0.09
833270,249.90,250.00,58,0.00,0.10
833370,249.90,250.00,57,0.00,0.10
833470,249.93,250.00,53,0.00,0.07
833570,249.94,250.00,56,0.00,0.06
833670,249.95,250.00,56,0.00,0.05
833770,249.94,250.00,57,0.00,0.06
833870,249.92,250.00,58,0.00,0.08
833970,249.93,250.00,56,0.00,0.07
834070,249.95,250.00,54,0.00,0.05
834170,249.92,250.00,59,0.00,0.08
834270,249.92,250.00,57,0.00,0.08
834370,249.89,250.00,59,0.00,0.11
834470,249.85,250.00,60,0.00,0.15
834570,249.87,250.00,55,0.00,0.13
834670,249.85,250.00,59,0.00,0.15
834770,249.85,250.00,56,0.00,0.15
834870,249.85,250.00,56,0.00,0.15
834970,249.83,250.00,59,0.00,0.17
835070,249.83,250.00,57,0.00,0.17
835170,249.82,250.00,57,0.00,0.18
835270,249.80,250.00,59,0.00,0.20
835370,249.76,250.00,61,0.00,0.24
835470,249.76,250.00,57,0.00,0.24
835570,249.80,250.00,53,0.00,0.20
835670,249.80,250.00,57,0.00,0.20
835770,249.79,250.00,57,0.00,0.21
835870,249.80,250.00,56,0.00,0.20
835970,249.79,250.00,59,0.00,0.21
836070,249.80,250.00,56,0.00,0.20
836170,249.82,250.00,55,0.00,0.18
836270,249.78,250.00,61,0.00,0.22
836370,249.78,250.00,57,0.00,0.22
836470,249.76,250.00,58,0.00,0.24
836570,249.73,250.00,61,0.00,0.27
836670,249.71,250.00,59,0.00,0.29
836770,249.74,250.00,54,0.00,0.26
836870,249.74,250.00,57,0.00,0.26
836970,249.74,250.00,57,0.00,0.26
837070,249.73,250.00,58,0.00,0.27
837170,249.71,250.00,59,0.00,0.29
837270,249.68,250.00,60,0.00,0.32
837370,249.64,250.00,61,0.00,0.36
837470,249.63,250.00,59,0.00,0.37
837570,249.61,250.00,60,0.00,0.39
837670,249.61,250.00,57,0.00,0.39
837770,249.62,250.00,57,0.00,0.38
837870,249.62,250.00,57,0.00,0.38
837970,249.62,250.00,57,0.00,0.38
838070,249.60,250.00,60,0.00,0.40
838170,249.62,250.00,56,0.00,0.38
838270,249.63,250.00,56,0.00,0.37
838370,249.65,250.00,56,0.00,0.35
838470,249.66,250.00,56,0.00,0.34
838570,249.65,250.00,59,0.00,0.35
838670,249.65,250.00,58,0.00,0.35
838770,249.65,250.00,58,0.00,0.35
838870,249.62,250.00,60,0.00,0.38
838970,249.61,250.00,59,0.00,0.39
839070,249.62,250.00,57,0.00,0.38
839170,249.62,250.00,57,0.00,0.38
839270,249.61,250.00,59,0.00,0.39
839370,249.58,250.00,61,0.00,0.42
839470,249.59,250.00,57,0.00,0.41
839570,249.54,250.00,62,0.00,0.46
839670,249.53,250.00,60,0.00,0.47
839770,249.54,250.00,57,0.00,0.46
839870,249.52,250.00,61,0.00,0.48
839970,249.52,250.00,58,0.00,0.48
840070,249.52,250.00,58,0.00,0.48
840170,249.50,250.00,61,0.00,0.50
840270,249.50,250.00,58,0.00,0.50
840370,249.50,250.00,58,0.00,0.50
840470,249.51,250.00,58,0.00,0.49
840570,249.52,250.00,57,0.00,0.48
840670,249.49,250.00,62,0.00,0.51
840770,249.47,250.00,60,0.00,0.53
840870,249.47,250.00,58,0.00,0.53
840970,249.45,250.00,60,0.00,0.55
841070,249.43,250.00,61,0.00,0.57
841170,249.44,250.00,58,0.00,0.56
841270,249.42,250.00,60,0.00,0.58
841370,249.40,250.00,61,0.00,0.60
841470,249.35,250.00,64,0.00,0.65
841570,249.32,250.00,62,0.00,0.68
841670,249.32,250.00,59,0.00,0.68
841770,249.32,250.00,59,0.00,0.68
841870,249.34,250.00,57,0.00,0.66
841970,249.32,250.00,61,0.00,0.68
842070,249.32,250.00,60,0.00,0.68
842170,249.33,250.00,58,0.00,0.67
842270,249.30,250.00,62,0.00,0.70
842370,249.29,250.00,61,0.00,0.71
842470,249.29,250.00,59,0.00,0.71
842570,249.29,250.00,59,0.00,0.71
842670,249.25,250.00,63,0.00,0.75
842770,249.22,250.00,63,0.00,0.78
842870,249.18,250.00,64,0.00,0.82
842970,249.16,250.00,62,0.00,0.84
843070,249.14,250.00,62,0.00,0.86
843170,249.12,250.00,62,0.00,0.88
843270,249.12,250.00,60,0.00,0.88
843370,249.10,250.00,62,0.00,0.90
843470,249.09,250.00,62,0.00,0.91
843570,249.06,250.00,63,0.00,0.94
843670,249.03,250.00,64,0.00,0.97
843770,249.03,250.00,60,0.00,0.97
843870,249.03,250.00,60,0.00,0.97
843970,249.05,250.00,59,0.00,0.95
844070,249.02,250.00,63,0.00,0.98
844170,249.01,250.00,62,0.00,0.99
844270,249.03,250.00,59,0.00,0.97
844370,249.02,250.00,62,0.00,0.98
844470,249.04,250.00,59,0.00,0.96
844570,249.04,250.00,60,0.00,0.96
844670,249.04,250.00,60,0.00,0.96
844770,249.01,250.00,64,0.00,0.99
844870,248.98,250.00,64,0.00,1.02
844970,248.98,250.00,60,0.00,1.02
845070,249.00,250.00,59,0.00,1.00
845170,248.97,250.00,64,0.00,1.03
845270,248.95,250.00,64,0.00,1.05
845370,248.93,250.00,62,0.00,1.07
845470,248.91,250.00,64,0.00,1.09
845570,248.89,250.00,63,0.00,1.11
845670,248.86,250.00,65,0.00,1.14
845770,248.88,250.00,60,0.00,1.12
845870,248.86,250.00,63,0.00,1.14
845970,248.81,250.00,67,0.00,1.19
846070,248.84,250.00,59,0.00,1.16
846170,248.82,250.00,63,0.00,1.18
846270,248.81,250.00,63,0.00,1.19
846370,248.80,250.00,63,0.00,1.20
846470,248.78,250.00,64,0.00,1.22
846570,248.78,250.00,62,0.00,1.22
846670,248.75,250.00,65,0.00,1.25
846770,248.70,250.00,68,0.00,1.30
846870,248.68,250.00,65,0.00,1.32
846970,248.66,250.00,65,0.00,1.34
847070,248.64,250.00,65,0.00,1.36
847170,248.68,250.00,58,0.00,1.32
847270,248.72,250.00,59,0.00,1.28
847370,248.70,250.00,64,0.00,1.30
847470,248.69,250.00,64,0.00,1.31
847570,248.67,250.00,65,0.00,1.33
847670,248.64,250.00,66,0.00,1.36
847770,248.61,250.00,66,0.00,1.39
847870,248.62,250.00,62,0.00,1.38
847970,248.58,250.00,67,0.00,1.42
848070,248.55,250.00,67,0.00,1.45
848170,248.55,250.00,63,0.00,1.45
848270,248.50,250.00,69,0.00,1.50
848370,248.45,250.00,69,0.00,1.55
848470,248.42,250.00,67,0.00,1.58
848570,248.37,250.00,68,0.00,1.63
848670,248.31,250.00,70,0.00,1.69
848770,248.28,250.00,68,0.00,1.72
848870,248.21,250.00,72,0.00,1.79
848970,248.17,250.00,69,0.00,1.83
849070,248.13,250.00,69,0.00,1.87
849170,248.10,250.00,68,0.00,1.90
849270,248.07,250.00,69,0.00,1.93
849370,248.03,250.00,70,0.00,1.97
849470,248.02,250.00,67,0.00,1.98
849570,248.04,250.00,63,0.00,1.96
849670,248.00,250.00,70,0.00,2.00
849770,247.98,250.00,68,0.00,2.02
849870,247.93,250.00,71,0.00,2.07
849970,247.92,250.00,68,0.00,2.08
850070,247.90,250.00,68,0.00,2.10
850170,247.88,250.00,69,0.00,2.12
850270,247.90,250.00,64,0.00,2.10
850370,247.88,250.00,69,0.00,2.12
850470,247.87,250.00,68,0.00,2.13
850570,247.88,250.00,65,0.00,2.12
850670,247.88,250.00,67,0.00,2.12
850770,247.90,250.00,65,0.00,2.10
850870,247.92,250.00,64,0.00,2.08
850970,247.93,250.00,66,0.00,2.07
851070,247.91,250.00,68,0.00,2.09
851170,247.91,250.00,67,0.00,2.09
851270,247.92,250.00,66,0.00,2.08
851370,247.92,250.00,67,0.00,2.08
851470,247.94,250.00,65,0.00,2.06
851570,247.97,250.00,64,0.00,2.03
851670,247.97,250.00,66,0.00,2.03
851770,247.94,250.00,70,0.00,2.06
851870,247.93,250.00,67,0.00,2.07
851970,247.92,250.00,69,0.00,2.08
852070,247.88,250.00,71,0.00,2.12
852170,247.87,250.00,68,0.00,2.13
852270,247.86,250.00,68,0.00,2.14
852370,247.85,250.00,68,0.00,2.15
852470,247.87,250.00,66,0.00,2.13
852570,247.86,250.00,68,0.00,2.14
852670,247.87,250.00,66,0.00,2.13
852770,247.88,250.00,67,0.00,2.12
852870,247.90,250.00,65,0.00,2.10
852970,247.92,250.00,65,0.00,2.08
853070,247.90,250.00,70,0.00,2.10
853170,247.88,250.00,69,0.00,2.12
853270,247.91,250.00,65,0.00,2.09
853370,247.94,250.00,64,0.00,2.06
853470,247.95,250.00,67,0.00,2.05
853570,247.99,250.00,63,0.00,2.01
853670,247.99,250.00,67,0.00,2.01
853770,248.03,250.00,63,0.00,1.97
853870,248.02,250.00,67,0.00,1.98
853970,248.06,250.00,64,0.00,1.94
854070,248.06,250.00,66,0.00,1.94
854170,248.10,250.00,63,0.00,1.90
854270,248.12,250.00,66,0.00,1.88
854370,248.12,250.00,67,0.00,1.88
854470,248.14,250.00,64,0.00,1.86
854570,248.14,250.00,67,0.00,1.86
854670,248.16,250.00,65,0.00,1.84
854770,248.20,250.00,62,0.00,1.80
854870,248.22,250.00,65,0.00,1.78
854970,248.26,250.00,63,0.00,1.74
855070,248.28,250.00,64,0.00,1.72
855170,248.30,250.00,64,0.00,1.70
855270,248.33,250.00,63,0.00,1.67
855370,248.35,250.00,64,0.00,1.65
855470,248.35,250.00,66,0.00,1.65
855570,248.38,250.00,64,0.00,1.62
855670,248.39,250.00,65,0.00,1.61
855770,248.42,250.00,63,0.00,1.58
855870,248.46,250.00,62,0.00,1.54
855970,248.46,250.00,66,0.00,1.54
856070,248.50,250.00,62,0.00,1.50
856170,248.48,250.00,67,0.00,1.52
856270,248.48,250.00,66,0.00,1.52
856370,248.51,250.00,62,0.00,1.49
856470,248.56,250.00,61,0.00,1.44
856570,248.62,250.00,59,0.00,1.38
856670,248.66,250.00,61,0.00,1.34
856770,248.70,250.00,61,0.00,1.30
856870,248.71,250.00,64,0.00,1.29
856970,248.76,250.00,60,0.00,1.24
857070,248.79,250.00,62,0.00,1.21
857170,248.83,250.00,61,0.00,1.17
857270,248.83,250.00,65,0.00,1.17
857370,248.84,250.00,64,0.00,1.16
857470,248.88,250.00,60,0.00,1.12
857570,248.94,250.00,59,0.00,1.06
857670,248.98,250.00,59,0.00,1.02
857770,249.05,250.00,57,0.00,0.95
857870,249.10,250.00,59,0.00,0.90
857970,249.13,250.00,60,0.00,0.87
858070,249.15,250.00,62,0.00,0.85
858170,249.14,250.00,64,0.00,0.86
858270,249.13,250.00,64,0.00,0.87
858370,249.13,250.00,63,0.00,0.87
858470,249.16,250.00,61,0.00,0.84
858570,249.17,250.00,62,0.00,0.83
858670,249.22,250.00,59,0.00,0.78
858770,249.26,250.00,59,0.00,0.74
858870,249.30,250.00,59,0.00,0.70
858970,249.30,250.00,63,0.00,0.70
859070,249.34,250.00,59,0.00,0.66
859170,249.34,250.00,62,0.00,0.66
859270,249.36,250.00,61,0.00,0.64
859370,249.40,250.00,59,0.00,0.60
859470,249.43,250.00,60,0.00,0.57
859570,249.46,250.00,59,0.00,0.54
859670,249.49,250.00,59,0.00,0.51
859770,249.53,250.00,58,0.00,0.47
859870,249.59,250.00,56,0.00,0.41
859970,249.58,250.00,63,0.00,0.42
860070,249.59,250.00,61,0.00,0.41
860170,249.60,250.00,61,0.00,0.40
860270,249.59,250.00,63,0.00,0.41
860370,249.58,250.00,63,0.00,0.42
860470,249.59,250.00,61,0.00,0.41
860570,249.60,250.00,61,0.00,0.40
860670,249.62,250.00,59,0.00,0.38
860770,249.66,250.00,58,0.00,0.34
860870,249.67,250.00,61,0.00,0.33
860970,249.71,250.00,58,0.00,0.29
861070,249.71,250.00,61,0.00,0.29
861170,249.75,250.00,57,0.00,0.25
861270,249.75,250.00,61,0.00,0.25
861370,249.82,250.00,55,0.00,0.18
861470,249.85,250.00,58,0.00,0.15
861570,249.90,250.00,56,0.00,0.10
861670,249.93,250.00,57,0.00,0.07
861770,249.93,250.00,61,0.00,0.07
861870,249.96,250.00,57,0.00,0.04
861970,249.96,250.00,60,0.00,0.04
862070,249.98,250.00,59,0.00,0.02
862170,249.98,250.00,60,0.00,0.02
862270,249.98,250.00,60,0.00,0.02
862370,249.97,250.00,61,0.00,0.03
862470,249.98,250.00,60,0.00,0.02
862570,249.98,250.00,60,0.00,0.02
862670,249.99,250.00,59,0.00,0.01
862770,250.02,250.00,58,0.00,-0.02
862870,250.04,250.00,58,0.00,-0.04
862970,250.09,250.00,56,0.00,-0.09
863070,250.10,250.00,58,0.00,-0.10
863170,250.12,250.00,59,0.00,-0.12
863270,250.14,250.00,57,0.00,-0.14
863370,250.19,250.00,55,0.00,-0.19
863470,250.22,250.00,57,0.00,-0.22
863570,250.22,250.00,59,0.00,-0.22
863670,250.25,250.00,57,0.00,-0.25
863770,250.27,250.00,57,0.00,-0.27
863870,250.28,250.00,58,0.00,-0.28
863970,250.31,250.00,56,0.00,-0.31
864070,250.32,250.00,59,0.00,-0.32
864170,250.37,250.00,54,0.00,-0.37
864270,250.44,250.00,51,0.00,-0.44
864370,250.45,250.00,58,0.00,-0.45
864470,250.47,250.00,56,0.00,-0.47
864570,250.49,250.00,57,0.00,-0.49
864670,250.50,250.00,57,0.00,-0.50
864770,250.48,250.00,60,0.00,-0.48
864870,250.50,250.00,57,0.00,-0.50
864970,250.52,250.00,56,0.00,-0.52
865070,250.52,250.00,59,0.00,-0.52
865170,250.55,250.00,55,0.00,-0.55
865270,250.54,250.00,59,0.00,-0.54
865370,250.57,250.00,55,0.00,-0.57
865470,250.61,250.00,54,0.00,-0.61
865570,250.65,250.00,54,0.00,-0.65
865670,250.64,250.00,58,0.00,-0.64
865770,250.62,250.00,61,0.00,-0.62
865870,250.61,250.00,58,0.00,-0.61
865970,250.64,250.00,55,0.00,-0.64
866070,250.65,250.00,57,0.00,-0.65
866170,250.65,250.00,57,0.00,-0.65
866270,250.67,250.00,56,0.00,-0.67
866370,250.67,250.00,58,0.00,-0.67
866470,250.67,250.00,57,0.00,-0.67
866570,250.69,250.00,56,0.00,-0.69
866670,250.69,250.00,57,0.00,-0.69
866770,250.72,250.00,55,0.00,-0.72
866870,250.72,250.00,57,0.00,-0.72
866970,250.72,250.00,57,0.00,-0.72
867070,250.76,250.00,53,0.00,-0.76
867170,250.79,250.00,54,0.00,-0.79
867270,250.82,250.00,54,0.00,-0.82
867370,250.87,250.00,51,0.00,-0.87
867470,250.90,250.00,53,0.00,-0.90
867570,250.92,250.00,55,0.00,-0.92
867670,250.96,250.00,52,0.00,-0.96
867770,250.95,250.00,57,0.00,-0.95
867870,250.97,250.00,55,0.00,-0.97
867970,250.97,250.00,56,0.00,-0.97
868070,250.95,250.00,57,0.00,-0.95
868170,251.00,250.00,51,0.00,-1.00
868270,251.04,250.00,53,0.00,-1.04
868370,251.09,250.00,50,0.00,-1.09
868470,251.13,250.00,52,0.00,-1.13
868570,251.15,250.00,53,0.00,-1.15
868670,251.13,250.00,57,0.00,-1.13
868770,251.12,250.00,56,0.00,-1.12
868870,251.10,250.00,58,0.00,-1.10
868970,251.10,250.00,56,0.00,-1.10
869070,251.09,250.00,55,0.00,-1.09
869170,251.11,250.00,54,0.00,-1.11
869270,251.09,250.00,57,0.00,-1.09
869370,251.08,250.00,57,0.00,-1.08
869470,251.10,250.00,53,0.00,-1.10
869570,251.13,250.00,53,0.00,-1.13
869670,251.11,250.00,57,0.00,-1.11
869770,251.12,250.00,54,0.00,-1.12
869870,251.12,250.00,56,0.00,-1.12
869970,251.10,250.00,57,0.00,-1.10
870070,251.10,250.00,55,0.00,-1.10
870170,251.08,250.00,58,0.00,-1.08
870270,251.10,250.00,53,0.00,-1.10
870370,251.10,250.00,55,0.00,-1.10
870470,251.15,250.00,50,0.00,-1.15
870570,251.18,250.00,52,0.00,-1.18
870670,251.17,250.00,56,0.00,-1.17
870770,251.15,250.00,57,0.00,-1.15
870870,251.14,250.00,56,0.00,-1.14
870970,251.15,250.00,54,0.00,-1.15
871070,251.13,250.00,57,0.00,-1.13
871170,251.14,250.00,54,0.00,-1.14
871270,251.15,250.00,54,0.00,-1.15
871370,251.15,250.00,54,0.00,-1.15
871470,251.19,250.00,50,0.00,-1.19
871570,251.21,250.00,53,0.00,-1.21
871670,251.22,250.00,53,0.00,-1.22
871770,251.23,250.00,53,0.00,-1.23
871870,251.24,250.00,53,0.00,-1.24
871970,251.21,250.00,57,0.00,-1.21
872070,251.19,250.00,57,0.00,-1.19
872170,251.18,250.00,56,0.00,-1.18
872270,251.19,250.00,53,0.00,-1.19
872370,251.26,250.00,48,0.00,-1.26
872470,251.24,250.00,56,0.00,-1.24
872570,251.21,250.00,57,0.00,-1.21
872670,251.24,250.00,52,0.00,-1.24
872770,251.25,250.00,53,0.00,-1.25
872870,251.23,250.00,56,0.00,-1.23
872970,251.22,250.00,56,0.00,-1.22
873070,251.21,250.00,54,0.00,-1.21
873170,251.19,250.00,57,0.00,-1.19
873270,251.19,250.00,54,0.00,-1.19
873370,251.23,250.00,50,0.00,-1.23
873470,251.24,250.00,53,0.00,-1.24
873570,251.22,250.00,56,0.00,-1.22
873670,251.21,250.00,56,0.00,-1.21
873770,251.20,250.00,55,0.00,-1.20
873870,251.16,250.00,58,0.00,-1.16
873970,251.19,250.00,51,0.00,-1.19
874070,251.16,250.00,58,0.00,-1.16
874170,251.16,250.00,54,0.00,-1.16
874270,251.16,250.00,55,0.00,-1.16
874370,251.16,250.00,54,0.00,-1.16
874470,251.18,250.00,52,0.00,-1.18
874570,251.17,250.00,55,0.00,-1.17
874670,251.20,250.00,51,0.00,-1.20
874770,251.22,250.00,51,0.00,-1.22
874870,251.23,250.00,53,0.00,-1.23
874970,251.19,250.00,58,0.00,-1.19
875070,251.17,250.00,56,0.00,-1.17
875170,251.16,250.00,55,0.00,-1.16
875270,251.16,250.00,55,0.00,-1.16
875370,251.14,250.00,56,0.00,-1.14
875470,251.12,250.00,56,0.00,-1.12
875570,251.12,250.00,55,0.00,-1.12
875670,251.13,250.00,53,0.00,-1.13
875770,251.13,250.00,53,0.00,-1.13
875870,251.14,250.00,53,0.00,-1.14
875970,251.14,250.00,55,0.00,-1.14
876070,251.14,250.00,53,0.00,-1.14
876170,251.11,250.00,57,0.00,-1.11
876270,251.14,250.00,52,0.00,-1.14
876370,251.17,250.00,51,0.00,-1.17
876470,251.15,250.00,56,0.00,-1.15
876570,251.13,250.00,56,0.00,-1.13
876670,251.10,250.00,57,0.00,-1.10
876770,251.09,250.00,55,0.00,-1.09
876870,251.06,250.00,57,0.00,-1.06
876970,251.05,250.00,55,0.00,-1.05
877070,251.06,250.00,54,0.00,-1.06
877170,251.06,250.00,54,0.00,-1.06
877270,251.10,250.00,50,0.00,-1.10
877370,251.12,250.00,52,0.00,-1.12
877470,251.09,250.00,57,0.00,-1.09
877570,251.12,250.00,51,0.00,-1.12
877670,251.13,250.00,53,0.00,-1.13
877770,251.11,250.00,55,0.00,-1.11
877870,251.10,250.00,55,0.00,-1.10
877970,251.10,250.00,54,0.00,-1.10
878070,251.09,250.00,54,0.00,-1.09
878170,251.11,250.00,53,0.00,-1.11
878270,251.13,250.00,51,0.00,-1.13
878370,251.11,250.00,55,0.00,-1.11
878470,251.12,250.00,53,0.00,-1.12
878570,251.12,250.00,54,0.00,-1.12
878670,251.12,250.00,54,0.00,-1.12
878770,251.15,250.00,50,0.00,-1.15
878870,251.12,250.00,57,0.00,-1.12
878970,251.10,250.00,55,0.00,-1.10
879070,251.10,250.00,54,0.00,-1.10
879170,251.06,250.00,58,0.00,-1.06
879270,251.04,250.00,56,0.00,-1.04
879370,251.05,250.00,53,0.00,-1.05
879470,251.07,250.00,51,0.00,-1.07
879570,251.04,250.00,57,0.00,-1.04
879670,251.02,250.00,56,0.00,-1.02
879770,251.04,250.00,52,0.00,-1.04
879870,251.07,250.00,51,0.00,-1.07
879970,251.08,250.00,52,0.00,-1.08
880070,251.08,250.00,54,0.00,-1.08
880170,251.08,250.00,54,0.00,-1.08
880270,251.10,250.00,52,0.00,-1.10
880370,251.07,250.00,56,0.00,-1.07
880470,251.06,250.00,55,0.00,-1.06
880570,251.04,250.00,56,0.00,-1.04
880670,251.00,250.00,58,0.00,-1.00
880770,251.02,250.00,52,0.00,-1.02
880870,251.04,250.00,52,0.00,-1.04
880970,251.07,250.00,51,0.00,-1.07
881070,251.07,250.00,53,0.00,-1.07
881170,251.03,250.00,57,0.00,-1.03
881270,251.01,250.00,56,0.00,-1.01
881370,250.96,250.00,59,0.00,-0.96
881470,250.93,250.00,58,0.00,-0.93
881570,250.92,250.00,55,0.00,-0.92
881670,250.91,250.00,55,0.00,-0.91
881770,250.90,250.00,55,0.00,-0.90
881870,250.89,250.00,56,0.00,-0.89
881970,250.88,250.00,55,0.00,-0.88
882070,250.89,250.00,53,0.00,-0.89
882170,250.90,250.00,53,0.00,-0.90
882270,250.90,250.00,53,0.00,-0.90
882370,250.91,250.00,53,0.00,-0.91
882470,250.89,250.00,56,0.00,-0.89
882570,250.85,250.00,58,0.00,-0.85
882670,250.83,250.00,57,0.00,-0.83
882770,250.88,250.00,49,0.00,-0.88
882870,250.89,250.00,53,0.00,-0.89
882970,250.89,250.00,53,0.00,-0.89
883070,250.89,250.00,54,0.00,-0.89
883170,250.90,250.00,53,0.00,-0.90
883270,250.88,250.00,56,0.00,-0.88
883370,250.85,250.00,57,0.00,-0.85
883470,250.82,250.00,58,0.00,-0.82
883570,250.81,250.00,55,0.00,-0.81
883670,250.77,250.00,58,0.00,-0.77
883770,250.74,250.00,57,0.00,-0.74
883870,250.74,250.00,55,0.00,-0.74
883970,250.70,250.00,58,0.00,-0.70
884070,250.69,250.00,56,0.00,-0.69
884170,250.66,250.00,58,0.00,-0.66
884270,250.64,250.00,57,0.00,-0.64
884370,250.64,250.00,55,0.00,-0.64
884470,250.62,250.00,56,0.00,-0.62
884570,250.62,250.00,55,0.00,-0.62
884670,250.58,250.00,59,0.00,-0.58
884770,250.61,250.00,52,0.00,-0.61
884870,250.60,250.00,56,0.00,-0.60
884970,250.57,250.00,57,0.00,-0.57
885070,250.55,250.00,57,0.00,-0.55
885170,250.57,250.00,53,0.00,-0.57
885270,250.59,250.00,53,0.00,-0.59
885370,250.59,250.00,55,0.00,-0.59
885470,250.57,250.00,57,0.00,-0.57
885570,250.53,250.00,58,0.00,-0.53
885670,250.53,250.00,56,0.00,-0.53
885770,250.51,250.00,57,0.00,-0.51
885870,250.48,250.00,58,0.00,-0.48
885970,250.51,250.00,53,0.00,-0.51
886070,250.47,250.00,59,0.00,-0.47
886170,250.48,250.00,54,0.00,-0.48
886270,250.50,250.00,54,0.00,-0.50
886370,250.47,250.00,58,0.00,-0.47
886470,250.42,250.00,60,0.00,-0.42
886570,250.42,250.00,56,0.00,-0.42
886670,250.42,250.00,55,0.00,-0.42
886770,250.38,250.00,60,0.00,-0.38
886870,250.40,250.00,53,0.00,-0.40
886970,250.36,250.00,60,0.00,-0.36
887070,250.34,250.00,58,0.00,-0.34
887170,250.38,250.00,52,0.00,-0.38
887270,250.37,250.00,57,0.00,-0.37
887370,250.38,250.00,54,0.00,-0.38
887470,250.34,250.00,59,0.00,-0.34
887570,250.33,250.00,57,0.00,-0.33
887670,250.30,250.00,59,0.00,-0.30
887770,250.28,250.00,58,0.00,-0.28
887870,250.29,250.00,55,0.00,-0.29
887970,250.31,250.00,54,0.00,-0.31
888070,250.30,250.00,57,0.00,-0.30
888170,250.31,250.00,55,0.00,-0.31
888270,250.33,250.00,54,0.00,-0.33
888370,250.33,250.00,55,0.00,-0.33
888470,250.32,250.00,57,0.00,-0.32
888570,250.34,250.00,54,0.00,-0.34
888670,250.35,250.00,54,0.00,-0.35
888770,250.32,250.00,59,0.00,-0.32
888870,250.31,250.00,57,0.00,-0.31
888970,250.29,250.00,58,0.00,-0.29
889070,250.25,250.00,60,0.00,-0.25
889170,250.23,250.00,59,0.00,-0.23
889270,250.26,250.00,52,0.00,-0.26
889370,250.29,250.00,54,0.00,-0.29
889470,250.31,250.00,54,0.00,-0.31
889570,250.26,250.00,60,0.00,-0.26
889670,250.23,250.00,60,0.00,-0.23
889770,250.18,250.00,61,0.00,-0.18
889870,250.14,250.00,61,0.00,-0.14
889970,250.14,250.00,57,0.00,-0.14
890070,250.11,250.00,59,0.00,-0.11
890170,250.10,250.00,58,0.00,-0.10
890270,250.13,250.00,54,0.00,-0.13
890370,250.11,250.00,58,0.00,-0.11
890470,250.09,250.00,59,0.00,-0.09
890570,250.08,250.00,58,0.00,-0.08
890670,250.09,250.00,56,0.00,-0.09
890770,250.09,250.00,56,0.00,-0.09
890870,250.09,250.00,56,0.00,-0.09
890970,250.11,250.00,55,0.00,-0.11
891070,250.11,250.00,56,0.00,-0.11
891170,250.16,250.00,51,0.00,-0.16
891270,250.20,250.00,52,0.00,-0.20
891370,250.23,250.00,53,0.00,-0.23
891470,250.21,250.00,58,0.00,-0.21
891570,250.17,250.00,61,0.00,-0.17
891670,250.14,250.00,59,0.00,-0.14
891770,250.12,250.00,58,0.00,-0.12
891870,250.10,250.00,59,0.00,-0.10
891970,250.09,250.00,58,0.00,-0.09
892070,250.08,250.00,57,0.00,-0.08
892170,250.09,250.00,56,0.00,-0.09
892270,250.07,250.00,59,0.00,-0.07
892370,250.08,250.00,55,0.00,-0.08
892470,250.09,250.00,56,0.00,-0.09
892570,250.10,250.00,55,0.00,-0.10
892670,250.08,250.00,59,0.00,-0.08
892770,250.05,250.00,60,0.00,-0.05
892870,250.03,250.00,58,0.00,-0.03
892970,249.99,250.00,61,0.00,0.01
893070,249.97,250.00,59,0.00,0.03
893170,250.00,250.00,54,0.00,0.00
893270,249.96,250.00,61,0.00,0.04
893370,249.94,250.00,59,0.00,0.06
893470,249.93,250.00,59,0.00,0.07
893570,249.95,250.00,55,0.00,0.05
893670,249.93,250.00,59,0.00,0.07
893770,249.91,250.00,59,0.00,0.09
893870,249.89,250.00,60,0.00,0.11
893970,249.85,250.00,61,0.00,0.15
894070,249.82,250.00,61,0.00,0.18
894170,249.81,250.00,58,0.00,0.19
894270,249.81,250.00,58,0.00,0.19
894370,249.85,250.00,53,0.00,0.15
894470,249.83,250.00,60,0.00,0.17
894570,249.82,250.00,58,0.00,0.18
894670,249.81,250.00,60,0.00,0.19
894770,249.81,250.00,57,0.00,0.19
894870,249.83,250.00,56,0.00,0.17
894970,249.84,250.00,57,0.00,0.16
895070,249.81,250.00,61,0.00,0.19
895170,249.79,250.00,59,0.00,0.21
895270,249.79,250.00,58,0.00,0.21
895370,249.83,250.00,53,0.00,0.17
895470,249.82,250.00,60,0.00,0.18
895570,249.80,250.00,59,0.00,0.20
895670,249.80,250.00,58,0.00,0.20
895770,249.79,250.00,58,0.00,0.21
895870,249.78,250.00,59,0.00,0.22
895970,249.78,250.00,58,0.00,0.22
896070,249.75,250.00,60,0.00,0.25
896170,249.74,250.00,59,0.00,0.26
896270,249.73,250.00,59,0.00,0.27
896370,249.70,250.00,61,0.00,0.30
896470,249.72,250.00,56,0.00,0.28
896570,249.70,250.00,60,0.00,0.30
896670,249.69,250.00,59,0.00,0.31
896770,249.68,250.00,60,0.00,0.32
896870,249.66,250.00,60,0.00,0.34
896970,249.67,250.00,57,0.00,0.33
897070,249.68,250.00,57,0.00,0.32
897170,249.69,250.00,57,0.00,0.31
897270,249.71,250.00,56,0.00,0.29
897370,249.74,250.00,55,0.00,0.26
897470,249.71,250.00,62,0.00,0.29
897570,249.69,250.00,60,0.00,0.31
897670,249.66,250.00,61,0.00,0.34
897770,249.64,250.00,61,0.00,0.36
897870,249.63,250.00,60,0.00,0.37
897970,249.63,250.00,58,0.00,0.37
898070,249.62,250.00,60,0.00,0.38
898170,249.61,250.00,60,0.00,0.39
898270,249.59,250.00,61,0.00,0.41
898370,249.58,250.00,59,0.00,0.42
898470,249.57,250.00,61,0.00,0.43
898570,249.61,250.00,54,0.00,0.39
898670,249.60,250.00,60,0.00,0.40
898770,249.63,250.00,56,0.00,0.37
898870,249.68,250.00,54,0.00,0.32
898970,249.70,250.00,56,0.00,0.30
899070,249.69,250.00,59,0.00,0.31
899170,249.73,250.00,55,0.00,0.27
899270,249.69,250.00,62,0.00,0.31
899370,249.68,250.00,60,0.00,0.32
899470,249.69,250.00,58,0.00,0.31
899570,249.69,250.00,58,0.00,0.31
899670,249.68,250.00,60,0.00,0.32
899770,249.65,250.00,61,0.00,0.35
899870,249.64,250.00,60,0.00,0.36
899970,249.64,250.00,59,0.00,0.36
900070,249.63,250.00,60,0.00,0.37
900170,249.61,250.00,61,0.00,0.39
900270,249.58,250.00,62,0.00,0.42
900370,249.57,250.00,59,0.00,0.43
900470,249.59,250.00,57,0.00,0.41
900570,249.61,250.00,57,0.00,0.39
900670,249.65,250.00,55,0.00,0.35
900770,249.64,250.00,60,0.00,0.36
900870,249.64,250.00,59,0.00,0.36
900970,249.63,250.00,60,0.00,0.37
901070,249.63,250.00,59,0.00,0.37
901170,249.62,250.00,60,0.00,0.38
901270,249.63,250.00,57,0.00,0.37
901370,249.61,250.00,61,0.00,0.39
901470,249.60,250.00,60,0.00,0.40
901570,249.60,250.00,60,0.00,0.40
901670,249.56,250.00,62,0.00,0.44
901770,249.55,250.00,61,0.00,0.45
901870,249.55,250.00,59,0.00,0.45
901970,249.59,250.00,54,0.00,0.41
902070,249.61,250.00,57,0.00,0.39
902170,249.60,250.00,60,0.00,0.40
902270,249.58,250.00,61,0.00,0.42
902370,249.57,250.00,61,0.00,0.43
902470,249.57,250.00,58,0.00,0.43
902570,249.56,250.00,61,0.00,0.44
902670,249.55,250.00,59,0.00,0.45
902770,249.59,250.00,56,0.00,0.41
902870,249.57,250.00,61,0.00,0.43
902970,249.57,250.00,60,0.00,0.43
903070,249.59,250.00,57,0.00,0.41
903170,249.58,250.00,60,0.00,0.42
903270,249.58,250.00,60,0.00,0.42
903370,249.57,250.00,60,0.00,0.43
903470,249.59,250.00,57,0.00,0.41
903570,249.58,250.00,60,0.00,0.42
903670,249.58,250.00,60,0.00,0.42
903770,249.60,250.00,57,0.00,0.40
903870,249.58,250.00,61,0.00,0.42
903970,249.57,250.00,60,0.00,0.43
904070,249.57,250.00,60,0.00,0.43
904170,249.59,250.00,57,0.00,0.41
904270,249.59,250.00,59,0.00,0.41
904370,249.59,250.00,60,0.00,0.41
904470,249.58,250.00,60,0.00,0.42
904570,249.55,250.00,62,0.00,0.45
904670,249.55,250.00,60,0.00,0.45
904770,249.56,250.00,58,0.00,0.44
904870,249.56,250.00,60,0.00,0.44
904970,249.55,250.00,60,0.00,0.45
905070,249.56,250.00,58,0.00,0.44
905170,249.58,250.00,57,0.00,0.42
905270,249.58,250.00,60,0.00,0.42
905370,249.60,250.00,57,0.00,0.40
905470,249.61,250.00,57,0.00,0.39
905570,249.59,250.00,61,0.00,0.41
905670,249.60,250.00,59,0.00,0.40
905770,249.59,250.00,60,0.00,0.41
905870,249.57,250.00,61,0.00,0.43
905970,249.57,250.00,60,0.00,0.43
906070,249.58,250.00,59,0.00,0.42
906170,249.57,250.00,60,0.00,0.43
906270,249.58,250.00,59,0.00,0.42
906370,249.59,250.00,59,0.00,0.41
906470,249.59,250.00,59,0.00,0.41
906570,249.57,250.00,61,0.00,0.43
906670,249.57,250.00,60,0.00,0.43
906770,249.58,250.00,59,0.00,0.42
906870,249.58,250.00,59,0.00,0.42
906970,249.60,250.00,57,0.00,0.40
907070,249.60,250.00,60,0.00,0.40
907170,249.61,250.00,58,0.00,0.39
907270,249.59,250.00,61,0.00,0.41
907370,249.60,250.00,59,0.00,0.40
907470,249.59,250.00,60,0.00,0.41
907570,249.60,250.00,59,0.00,0.40
907670,249.61,250.00,58,0.00,0.39
907770,249.59,250.00,61,0.00,0.41
907870,249.60,250.00,59,0.00,0.40
907970,249.64,250.00,55,0.00,0.36
908070,249.66,250.00,57,0.00,0.34
908170,249.65,250.00,60,0.00,0.35
908270,249.69,250.00,55,0.00,0.31
908370,249.67,250.00,61,0.00,0.33
908470,249.67,250.00,59,0.00,0.33
908570,249.68,250.00,58,0.00,0.32
908670,249.69,250.00,58,0.00,0.31
908770,249.68,250.00,59,0.00,0.32
908870,249.69,250.00,58,0.00,0.31
908970,249.70,250.00,58,0.00,0.30
909070,249.78,250.00,51,0.00,0.22
909170,249.82,250.00,54,0.00,0.18
909270,249.88,250.00,53,0.00,0.12
909370,249.89,250.00,57,0.00,0.11
909470,249.90,250.00,57,0.00,0.10
909570,249.89,250.00,60,0.00,0.11
909670,249.91,250.00,56,0.00,0.09
909770,249.94,250.00,55,0.00,0.06
909870,249.93,250.00,60,0.00,0.07
909970,249.95,250.00,56,0.00,0.05
910070,249.98,250.00,55,0.00,0.02
910170,249.98,250.00,58,0.00,0.02
910270,249.97,250.00,59,0.00,0.03
910370,249.97,250.00,58,0.00,0.03
910470,250.00,250.00,55,0.00,-0.00
910570,250.00,250.00,58,0.00,-0.00
910670,250.03,250.00,55,0.00,-0.03
910770,250.01,250.00,59,0.00,-0.01
910870,250.02,250.00,57,0.00,-0.02
910970,250.02,250.00,58,0.00,-0.02
911070,250.01,250.00,59,0.00,-0.01
911170,250.01,250.00,58,0.00,-0.01
911270,250.04,250.00,54,0.00,-0.04
911370,250.04,250.00,58,0.00,-0.04
911470,250.05,250.00,57,0.00,-0.05
911570,250.05,250.00,57,0.00,-0.05
911670,250.04,250.00,59,0.00,-0.04
911770,250.08,250.00,53,0.00,-0.08
911870,250.09,250.00,57,0.00,-0.09
911970,250.08,250.00,58,0.00,-0.08
912070,250.08,250.00,57,0.00,-0.08
912170,250.11,250.00,55,0.00,-0.11
912270,250.12,250.00,56,0.00,-0.12
912370,250.10,250.00,60,0.00,-0.10
912470,250.09,250.00,58,0.00,-0.09
912570,250.12,250.00,55,0.00,-0.12
912670,250.14,250.00,55,0.00,-0.14
912770,250.15,250.00,56,0.00,-0.15
912870,250.14,250.00,59,0.00,-0.14
912970,250.11,250.00,60,0.00,-0.11
913070,250.11,250.00,57,0.00,-0.11
913170,250.14,250.00,55,0.00,-0.14
913270,250.16,250.00,55,0.00,-0.16
913370,250.17,250.00,56,0.00,-0.17
913470,250.18,250.00,56,0.00,-0.18
913570,250.21,250.00,54,0.00,-0.21
913670,250.22,250.00,55,0.00,-0.22
913770,250.19,250.00,60,0.00,-0.19
913870,250.22,250.00,54,0.00,-0.22
913970,250.22,250.00,57,0.00,-0.22
914070,250.26,250.00,53,0.00,-0.26
914170,250.27,250.00,56,0.00,-0.27
914270,250.33,250.00,51,0.00,-0.33
914370,250.31,250.00,59,0.00,-0.31
914470,250.29,250.00,58,0.00,-0.29
914570,250.31,250.00,55,0.00,-0.31
914670,250.33,250.00,55,0.00,-0.33
914770,250.34,250.00,55,0.00,-0.34
914870,250.33,250.00,57,0.00,-0.33
914970,250.31,250.00,59,0.00,-0.31
915070,250.33,250.00,55,0.00,-0.33
915170,250.32,250.00,57,0.00,-0.32
915270,250.32,250.00,56,0.00,-0.32
915370,250.32,250.00,57,0.00,-0.32
915470,250.32,250.00,56,0.00,-0.32
915570,250.34,250.00,55,0.00,-0.34
915670,250.35,250.00,55,0.00,-0.35
915770,250.35,250.00,56,0.00,-0.35
915870,250.32,250.00,60,0.00,-0.32
915970,250.32,250.00,56,0.00,-0.32
916070,250.33,250.00,56,0.00,-0.33
916170,250.29,250.00,60,0.00,-0.29
916270,250.33,250.00,53,0.00,-0.33
916370,250.31,250.00,58,0.00,-0.31
916470,250.32,250.00,55,0.00,-0.32
916570,250.38,250.00,51,0.00,-0.38
916670,250.36,250.00,57,0.00,-0.36
916770,250.37,250.00,55,0.00,-0.37
916870,250.37,250.00,56,0.00,-0.37
916970,250.35,250.00,59,0.00,-0.35
917070,250.33,250.00,59,0.00,-0.33
917170,250.33,250.00,56,0.00,-0.33
917270,250.30,250.00,60,0.00,-0.30
917370,250.29,250.00,57,0.00,-0.29
917470,250.29,250.00,57,0.00,-0.29
917570,250.27,250.00,58,0.00,-0.27
917670,250.29,250.00,54,0.00,-0.29
917770,250.31,250.00,54,0.00,-0.31
917870,250.33,250.00,55,0.00,-0.33
917970,250.34,250.00,55,0.00,-0.34
918070,250.37,250.00,53,0.00,-0.37
918170,250.33,250.00,60,0.00,-0.33
918270,250.31,250.00,58,0.00,-0.31
918370,250.31,250.00,57,0.00,-0.31
918470,250.31,250.00,56,0.00,-0.31
918570,250.33,250.00,54,0.00,-0.33
918670,250.36,250.00,53,0.00,-0.36
918770,250.37,250.00,55,0.00,-0.37
918870,250.34,250.00,59,0.00,-0.34
918970,250.35,250.00,56,0.00,-0.35
919070,250.37,250.00,53,0.00,-0.37
919170,250.37,250.00,56,0.00,-0.37
919270,250.36,250.00,57,0.00,-0.36
919370,250.37,250.00,55,0.00,-0.37
919470,250.38,250.00,55,0.00,-0.38
919570,250.37,250.00,57,0.00,-0.37
919670,250.36,250.00,57,0.00,-0.36
919770,250.38,250.00,53,0.00,-0.38
919870,250.40,250.00,54,0.00,-0.40
919970,250.42,250.00,54,0.00,-0.42
920070,250.43,250.00,55,0.00,-0.43
920170,250.46,250.00,53,0.00,-0.46
920270,250.46,250.00,55,0.00,-0.46
920370,250.46,250.00,55,0.00,-0.46
920470,250.47,250.00,55,0.00,-0.47
920570,250.43,250.00,59,0.00,-0.43
920670,250.46,250.00,53,0.00,-0.46
920770,250.44,250.00,58,0.00,-0.44
920870,250.47,250.00,53,0.00,-0.47
920970,250.47,250.00,55,0.00,-0.47
921070,250.47,250.00,55,0.00,-0.47
921170,250.46,250.00,57,0.00,-0.46
921270,250.43,250.00,59,0.00,-0.43
921370,250.44,250.00,54,0.00,-0.44
921470,250.41,250.00,59,0.00,-0.41
921570,250.38,250.00,59,0.00,-0.38
921670,250.43,250.00,51,0.00,-0.43
921770,250.45,250.00,54,0.00,-0.45
921870,250.47,250.00,53,0.00,-0.47
921970,250.48,250.00,55,0.00,-0.48
922070,250.46,250.00,57,0.00,-0.46
922170,250.48,250.00,54,0.00,-0.48
922270,250.48,250.00,55,0.00,-0.48
922370,250.49,250.00,54,0.00,-0.49
922470,250.48,250.00,57,0.00,-0.48
922570,250.47,250.00,57,0.00,-0.47
922670,250.43,250.00,59,0.00,-0.43
922770,250.45,250.00,54,0.00,-0.45
922870,250.48,250.00,53,0.00,-0.48
922970,250.44,250.00,59,0.00,-0.44
923070,250.47,250.00,53,0.00,-0.47
923170,250.50,250.00,53,0.00,-0.50
923270,250.47,250.00,58,0.00,-0.47
923370,250.45,250.00,58,0.00,-0.45
923470,250.45,250.00,55,0.00,-0.45
923570,250.42,250.00,59,0.00,-0.42
923670,250.39,250.00,59,0.00,-0.39
923770,250.39,250.00,56,0.00,-0.39
923870,250.38,250.00,56,0.00,-0.38
923970,250.41,250.00,53,0.00,-0.41
924070,250.41,250.00,55,0.00,-0.41
924170,250.42,250.00,55,0.00,-0.42
924270,250.44,250.00,54,0.00,-0.44
924370,250.46,250.00,54,0.00,-0.46
924470,250.45,250.00,56,0.00,-0.45
924570,250.44,250.00,56,0.00,-0.44
924670,250.47,250.00,52,0.00,-0.47
924770,250.44,250.00,58,0.00,-0.44
924870,250.42,250.00,57,0.00,-0.42
924970,250.41,250.00,57,0.00,-0.41
925070,250.41,250.00,55,0.00,-0.41
925170,250.43,250.00,53,0.00,-0.43
925270,250.41,250.00,57,0.00,-0.41
925370,250.42,250.00,55,0.00,-0.42
925470,250.40,250.00,57,0.00,-0.40
925570,250.41,250.00,55,0.00,-0.41
925670,250.41,250.00,56,0.00,-0.41
925770,250.38,250.00,58,0.00,-0.38
925870,250.41,250.00,52,0.00,-0.41
925970,250.42,250.00,55,0.00,-0.42
926070,250.43,250.00,55,0.00,-0.43
926170,250.44,250.00,53,0.00,-0.44
926270,250.45,250.00,55,0.00,-0.45
926370,250.40,250.00,60,0.00,-0.40
926470,250.40,250.00,56,0.00,-0.40
926570,250.37,250.00,58,0.00,-0.37
926670,250.37,250.00,56,0.00,-0.37
926770,250.41,250.00,52,0.00,-0.41
926870,250.39,250.00,57,0.00,-0.39
926970,250.40,250.00,54,0.00,-0.40
927070,250.42,250.00,53,0.00,-0.42
927170,250.41,250.00,56,0.00,-0.41
927270,250.42,250.00,55,0.00,-0.42
927370,250.43,250.00,55,0.00,-0.43
927470,250.42,250.00,56,0.00,-0.42
927570,250.39,250.00,58,0.00,-0.39
927670,250.39,250.00,56,0.00,-0.39
927770,250.37,250.00,57,0.00,-0.37
927870,250.38,250.00,54,0.00,-0.38
927970,250.41,250.00,53,0.00,-0.41
928070,250.40,250.00,56,0.00,-0.40
928170,250.40,250.00,56,0.00,-0.40
928270,250.40,250.00,56,0.00,-0.40
928370,250.40,250.00,54,0.00,-0.40
928470,250.38,250.00,58,0.00,-0.38
928570,250.37,250.00,55,0.00,-0.37
928670,250.37,250.00,55,0.00,-0.37
928770,250.34,250.00,59,0.00,-0.34
928870,250.33,250.00,56,0.00,-0.33
928970,250.38,250.00,50,0.00,-0.38
929070,250.43,250.00,50,0.00,-0.43
929170,250.47,250.00,51,0.00,-0.47
929270,250.48,250.00,54,0.00,-0.48
929370,250.49,250.00,54,0.00,-0.49
929470,250.47,250.00,57,0.00,-0.47
929570,250.46,250.00,56,0.00,-0.46
929670,250.44,250.00,57,0.00,-0.44
929770,250.44,250.00,55,0.00,-0.44
929870,250.42,250.00,57,0.00,-0.42
929970,250.40,250.00,57,0.00,-0.40
930070,250.39,250.00,57,0.00,-0.39
930170,250.37,250.00,57,0.00,-0.37
930270,250.38,250.00,54,0.00,-0.38
930370,250.38,250.00,55,0.00,-0.38
930470,250.39,250.00,54,0.00,-0.39
930570,250.40,250.00,54,0.00,-0.40
930670,250.42,250.00,53,0.00,-0.42
930770,250.37,250.00,61,0.00,-0.37
930870,250.34,250.00,58,0.00,-0.34
930970,250.33,250.00,56,0.00,-0.33
931070,250.40,250.00,49,0.00,-0.40
931170,250.41,250.00,54,0.00,-0.41
931270,250.43,250.00,53,0.00,-0.43
931370,250.44,250.00,53,0.00,-0.44
931470,250.47,250.00,52,0.00,-0.47
931570,250.47,250.00,55,0.00,-0.47
931670,250.45,250.00,57,0.00,-0.45
931770,250.42,250.00,58,0.00,-0.42
931870,250.38,250.00,59,0.00,-0.38
931970,250.35,250.00,58,0.00,-0.35
932070,250.33,250.00,58,0.00,-0.33
932170,250.31,250.00,57,0.00,-0.31
932270,250.29,250.00,57,0.00,-0.29
932370,250.28,250.00,56,0.00,-0.28
932470,250.28,250.00,56,0.00,-0.28
932570,250.28,250.00,56,0.00,-0.28
932670,250.24,250.00,60,0.00,-0.24
932770,250.23,250.00,57,0.00,-0.23
932870,250.19,250.00,59,0.00,-0.19
932970,250.16,250.00,59,0.00,-0.16
933070,250.16,250.00,56,0.00,-0.16
933170,250.17,250.00,55,0.00,-0.17
933270,250.19,250.00,54,0.00,-0.19
933370,250.20,250.00,54,0.00,-0.20
933470,250.20,250.00,57,0.00,-0.20
933570,250.16,250.00,59,0.00,-0.16
933670,250.16,250.00,56,0.00,-0.16
933770,250.16,250.00,56,0.00,-0.16
933870,250.14,250.00,58,0.00,-0.14
933970,250.14,250.00,56,0.00,-0.14
934070,250.10,250.00,60,0.00,-0.10
934170,250.09,250.00,57,0.00,-0.09
934270,250.08,250.00,57,0.00,-0.08
934370,250.10,250.00,55,0.00,-0.10
934470,250.10,250.00,56,0.00,-0.10
934570,250.08,250.00,58,0.00,-0.08
934670,250.07,250.00,57,0.00,-0.07
934770,250.05,250.00,58,0.00,-0.05
934870,250.06,250.00,56,0.00,-0.06
934970,250.07,250.00,56,0.00,-0.07
935070,250.04,250.00,59,0.00,-0.04
935170,250.07,250.00,53,0.00,-0.07
935270,250.06,250.00,57,0.00,-0.06
935370,250.07,250.00,56,0.00,-0.07
935470,250.11,250.00,52,0.00,-0.11
935570,250.10,250.00,57,0.00,-0.10
935670,250.07,250.00,60,0.00,-0.07
935770,250.05,250.00,58,0.00,-0.05
935870,250.03,250.00,58,0.00,-0.03
935970,249.99,250.00,60,0.00,0.01
936070,249.96,250.00,60,0.00,0.04
936170,249.94,250.00,59,0.00,0.06
936270,249.93,250.00,57,0.00,0.07
936370,249.93,250.00,57,0.00,0.07
936470,249.91,250.00,59,0.00,0.09
936570,249.89,250.00,60,0.00,0.11
936670,249.86,250.00,60,0.00,0.14
936770,249.86,250.00,57,0.00,0.14
936870,249.84,250.00,59,0.00,0.16
936970,249.85,250.00,57,0.00,0.15
937070,249.82,250.00,61,0.00,0.18
937170,249.80,250.00,59,0.00,0.20
937270,249.80,250.00,58,0.00,0.20
937370,249.77,250.00,60,0.00,0.23
937470,249.79,250.00,55,0.00,0.21
937570,249.77,250.00,60,0.00,0.23
937670,249.75,250.00,59,0.00,0.25
937770,249.77,250.00,56,0.00,0.23
937870,249.76,250.00,59,0.00,0.24
937970,249.74,250.00,59,0.00,0.26
938070,249.72,250.00,60,0.00,0.28
938170,249.70,250.00,60,0.00,0.30
938270,249.70,250.00,58,0.00,0.30
938370,249.69,250.00,58,0.00,0.31
938470,249.72,250.00,55,0.00,0.28
938570,249.72,250.00,59,0.00,0.28
938670,249.72,250.00,57,0.00,0.28
938770,249.70,250.00,60,0.00,0.30
938870,249.71,250.00,57,0.00,0.29
938970,249.68,250.00,61,0.00,0.32
939070,249.69,250.00,57,0.00,0.31
939170,249.71,250.00,56,0.00,0.29
939270,249.70,250.00,58,0.00,0.30
939370,249.70,250.00,58,0.00,0.30
939470,249.71,250.00,56,0.00,0.29
939570,249.73,250.00,56,0.00,0.27
939670,249.77,250.00,54,0.00,0.23
939770,249.79,250.00,55,0.00,0.21
939870,249.80,250.00,57,0.00,0.20
939970,249.80,250.00,58,0.00,0.20
940070,249.77,250.00,60,0.00,0.23
940170,249.75,250.00,60,0.00,0.25
940270,249.71,250.00,61,0.00,0.29
940370,249.71,250.00,59,0.00,0.29
940470,249.71,250.00,57,0.00,0.29
940570,249.77,250.00,52,0.00,0.23
940670,249.79,250.00,55,0.00,0.21
940770,249.81,250.00,55,0.00,0.19
940870,249.83,250.00,55,0.00,0.17
940970,249.82,250.00,58,0.00,0.18
941070,249.81,250.00,59,0.00,0.19
941170,249.83,250.00,55,0.00,0.17
941270,249.82,250.00,58,0.00,0.18
941370,249.78,250.00,62,0.00,0.22
941470,249.78,250.00,58,0.00,0.22
941570,249.75,250.00,60,0.00,0.25
941670,249.74,250.00,59,0.00,0.26
941770,249.71,250.00,61,0.00,0.29
941870,249.69,250.00,60,0.00,0.31
941970,249.71,250.00,56,0.00,0.29
942070,249.70,250.00,59,0.00,0.30
942170,249.71,250.00,57,0.00,0.29
942270,249.69,250.00,60,0.00,0.31
942370,249.66,250.00,61,0.00,0.34
942470,249.67,250.00,57,0.00,0.33
942570,249.68,250.00,57,0.00,0.32
942670,249.68,250.00,58,0.00,0.32
942770,249.66,250.00,60,0.00,0.34
942870,249.66,250.00,58,0.00,0.34
942970,249.64,250.00,61,0.00,0.36
943070,249.64,250.00,58,0.00,0.36
943170,249.62,250.00,61,0.00,0.38
943270,249.63,250.00,57,0.00,0.37
943370,249.64,250.00,57,0.00,0.36
943470,249.67,250.00,56,0.00,0.33
943570,249.67,250.00,58,0.00,0.33
943670,249.64,250.00,61,0.00,0.36
943770,249.64,250.00,58,0.00,0.36
943870,249.63,250.00,59,0.00,0.37
943970,249.64,250.00,57,0.00,0.36
944070,249.66,250.00,57,0.00,0.34
944170,249.64,250.00,60,0.00,0.36
944270,249.62,250.00,61,0.00,0.38
944370,249.62,250.00,58,0.00,0.38
944470,249.60,250.00,61,0.00,0.40
944570,249.61,250.00,58,0.00,0.39
944670,249.60,250.00,59,0.00,0.40
944770,249.64,250.00,54,0.00,0.36
944870,249.65,250.00,57,0.00,0.35
944970,249.66,250.00,57,0.00,0.34
945070,249.69,250.00,56,0.00,0.31
945170,249.67,250.00,60,0.00,0.33
945270,249.67,250.00,59,0.00,0.33
945370,249.67,250.00,58,0.00,0.33
945470,249.68,250.00,57,0.00,0.32
945570,249.65,250.00,61,0.00,0.35
945670,249.64,250.00,60,0.00,0.36
945770,249.63,250.00,60,0.00,0.37
945870,249.62,250.00,59,0.00,0.38
945970,249.61,250.00,59,0.00,0.39
946070,249.64,250.00,56,0.00,0.36
946170,249.62,250.00,60,0.00,0.38
946270,249.60,250.00,61,0.00,0.40
946370,249.58,250.00,61,0.00,0.42
946470,249.57,250.00,60,0.00,0.43
946570,249.55,250.00,60,0.00,0.45
946670,249.55,250.00,59,0.00,0.45
946770,249.56,250.00,58,0.00,0.44
946870,249.56,250.00,59,0.00,0.44
946970,249.53,250.00,62,0.00,0.47
947070,249.53,250.00,59,0.00,0.47
947170,249.55,250.00,56,0.00,0.45
947270,249.56,250.00,58,0.00,0.44
947370,249.57,250.00,58,0.00,0.43
947470,249.58,250.00,58,0.00,0.42
947570,249.54,250.00,63,0.00,0.46
947670,249.56,250.00,57,0.00,0.44
947770,249.59,250.00,55,0.00,0.41
947870,249.56,250.00,62,0.00,0.44
947970,249.55,250.00,60,0.00,0.45
948070,249.53,250.00,60,0.00,0.47
948170,249.52,250.00,60,0.00,0.48
948270,249.53,250.00,58,0.00,0.47
948370,249.52,250.00,60,0.00,0.48
948470,249.51,250.00,60,0.00,0.49
948570,249.49,250.00,61,0.00,0.51
948670,249.47,250.00,61,0.00,0.53
948770,249.48,250.00,59,0.00,0.52
948870,249.48,250.00,59,0.00,0.52
948970,249.49,250.00,59,0.00,0.51
949070,249.50,250.00,58,0.00,0.50
949170,249.49,250.00,60,0.00,0.51
949270,249.52,250.00,56,0.00,0.48
949370,249.49,250.00,63,0.00,0.51
949470,249.50,250.00,58,0.00,0.50
949570,249.53,250.00,56,0.00,0.47
949670,249.52,250.00,60,0.00,0.48
949770,249.54,250.00,57,0.00,0.46
949870,249.56,250.00,57,0.00,0.44
949970,249.60,250.00,56,0.00,0.40
950070,249.62,250.00,56,0.00,0.38
950170,249.62,250.00,60,0.00,0.38
950270,249.61,250.00,60,0.00,0.39
950370,249.61,250.00,58,0.00,0.39
950470,249.64,250.00,56,0.00,0.36
950570,249.64,250.00,59,0.00,0.36
950670,249.63,250.00,60,0.00,0.37
950770,249.64,250.00,57,0.00,0.36
950870,249.62,250.00,61,0.00,0.38
950970,249.63,250.00,57,0.00,0.37
951070,249.63,250.00,59,0.00,0.37
951170,249.65,250.00,57,0.00,0.35
951270,249.67,250.00,56,0.00,0.33
951370,249.70,250.00,55,0.00,0.30
951470,249.70,250.00,59,0.00,0.30
951570,249.68,250.00,60,0.00,0.32
951670,249.68,250.00,59,0.00,0.32
951770,249.70,250.00,56,0.00,0.30
951870,249.73,250.00,55,0.00,0.27
951970,249.76,250.00,56,0.00,0.24
952070,249.73,250.00,61,0.00,0.27
952170,249.73,250.00,59,0.00,0.27
952270,249.72,250.00,59,0.00,0.28
952370,249.76,250.00,54,0.00,0.24
952470,249.81,250.00,53,0.00,0.19
952570,249.83,250.00,56,0.00,0.17
952670,249.82,250.00,59,0.00,0.18
952770,249.79,250.00,61,0.00,0.21
952870,249.78,250.00,60,0.00,0.22
952970,249.78,250.00,58,0.00,0.22
953070,249.76,250.00,60,0.00,0.24
953170,249.79,250.00,56,0.00,0.21
953270,249.79,250.00,58,0.00,0.21
953370,249.81,250.00,56,0.00,0.19
953470,249.79,250.00,60,0.00,0.21
953570,249.80,250.00,57,0.00,0.20
953670,249.79,250.00,60,0.00,0.21
953770,249.81,250.00,56,0.00,0.19
953870,249.80,250.00,59,0.00,0.20
953970,249.84,250.00,55,0.00,0.16
954070,249.83,250.00,59,0.00,0.17
954170,249.85,250.00,56,0.00,0.15
954270,249.87,250.00,55,0.00,0.13
954370,249.85,250.00,60,0.00,0.15
954470,249.87,250.00,56,0.00,0.13
954570,249.88,250.00,57,0.00,0.12
954670,249.89,250.00,57,0.00,0.11
954770,249.90,250.00,57,0.00,0.10
954870,249.88,250.00,61,0.00,0.12
954970,249.89,250.00,57,0.00,0.11
955070,249.88,250.00,59,0.00,0.12
955170,249.88,250.00,58,0.00,0.12
955270,249.88,250.00,58,0.00,0.12
955370,249.87,250.00,59,0.00,0.13
955470,249.86,250.00,59,0.00,0.14
955570,249.87,250.00,57,0.00,0.13
955670,249.89,250.00,57,0.00,0.11
955770,249.89,250.00,58,0.00,0.11
955870,249.92,250.00,54,0.00,0.08
955970,249.93,250.00,57,0.00,0.07
956070,249.94,250.00,57,0.00,0.06
956170,249.98,250.00,53,0.00,0.02
956270,249.98,250.00,57,0.00,0.02
956370,249.97,250.00,59,0.00,0.03
956470,249.95,250.00,60,0.00,0.05
956570,249.95,250.00,58,0.00,0.05
956670,249.93,250.00,60,0.00,0.07
956770,249.92,250.00,58,0.00,0.08
956870,249.93,250.00,57,0.00,0.07
956970,249.91,250.00,59,0.00,0.09
957070,249.90,250.00,59,0.00,0.10
957170,249.87,250.00,61,0.00,0.13
957270,249.89,250.00,57,0.00,0.11
957370,249.94,250.00,53,0.00,0.06
957470,249.95,250.00,56,0.00,0.05
957570,249.94,250.00,60,0.00,0.06
957670,249.97,250.00,55,0.00,0.03
957770,249.97,250.00,57,0.00,0.03
957870,249.94,250.00,61,0.00,0.06
957970,249.94,250.00,57,0.00,0.06
958070,249.91,250.00,61,0.00,0.09
958170,249.91,250.00,58,0.00,0.09
958270,249.91,250.00,58,0.00,0.09
958370,249.92,250.00,57,0.00,0.08
958470,249.95,250.00,54,0.00,0.05
958570,249.98,250.00,55,0.00,0.02
958670,250.01,250.00,55,0.00,-0.01
958770,249.98,250.00,60,0.00,0.02
958870,250.00,250.00,56,0.00,0.00
958970,249.99,250.00,59,0.00,0.01
959070,249.96,250.00,60,0.00,0.04
959170,249.94,250.00,60,0.00,0.06
959270,249.94,250.00,58,0.00,0.06
959370,249.93,250.00,58,0.00,0.07
959470,249.95,250.00,56,0.00,0.05
959570,249.95,250.00,58,0.00,0.05
959670,249.96,250.00,56,0.00,0.04
959770,249.97,250.00,57,0.00,0.03
959870,249.98,250.00,56,0.00,0.02
959970,249.95,250.00,61,0.00,0.05
960070,249.97,250.00,56,0.00,0.03
960170,249.93,250.00,61,0.00,0.07
960270,249.94,250.00,57,0.00,0.06
960370,250.01,250.00,51,0.00,-0.01
960470,250.04,250.00,54,0.00,-0.04
960570,250.05,250.00,56,0.00,-0.05
960670,250.12,250.00,50,0.00,-0.12
960770,250.14,250.00,54,0.00,-0.14
960870,250.17,250.00,55,0.00,-0.17
960970,250.19,250.00,55,0.00,-0.19
961070,250.18,250.00,57,0.00,-0.18
961170,250.16,250.00,59,0.00,-0.16
961270,250.16,250.00,57,0.00,-0.16
961370,250.19,250.00,53,0.00,-0.19
961470,250.17,250.00,59,0.00,-0.17
961570,250.21,250.00,52,0.00,-0.21
961670,250.23,250.00,55,0.00,-0.23
961770,250.21,250.00,59,0.00,-0.21
961870,250.18,250.00,60,0.00,-0.18
961970,250.19,250.00,55,0.00,-0.19
962070,250.16,250.00,60,0.00,-0.16
962170,250.17,250.00,56,0.00,-0.17
962270,250.19,250.00,55,0.00,-0.19
962370,250.16,250.00,60,0.00,-0.16
962470,250.19,250.00,53,0.00,-0.19
962570,250.25,250.00,51,0.00,-0.25
962670,250.23,250.00,58,0.00,-0.23
962770,250.22,250.00,58,0.00,-0.22
962870,250.25,250.00,54,0.00,-0.25
962970,250.28,250.00,53,0.00,-0.28
963070,250.28,250.00,57,0.00,-0.28
963170,250.26,250.00,58,0.00,-0.26
963270,250.24,250.00,59,0.00,-0.24
963370,250.24,250.00,56,0.00,-0.24
963470,250.19,250.00,61,0.00,-0.19
963570,250.18,250.00,57,0.00,-0.18
963670,250.23,250.00,52,0.00,-0.23
963770,250.24,250.00,55,0.00,-0.24
963870,250.26,250.00,54,0.00,-0.26
963970,250.27,250.00,55,0.00,-0.27
964070,250.26,250.00,58,0.00,-0.26
964170,250.26,250.00,57,0.00,-0.26
964270,250.27,250.00,55,0.00,-0.27
964370,250.23,250.00,60,0.00,-0.23
964470,250.23,250.00,56,0.00,-0.23
964570,250.26,250.00,54,0.00,-0.26
964670,250.23,250.00,59,0.00,-0.23
964770,250.22,250.00,58,0.00,-0.22
964870,250.19,250.00,60,0.00,-0.19
964970,250.19,250.00,56,0.00,-0.19
965070,250.16,250.00,60,0.00,-0.16
965170,250.13,250.00,60,0.00,-0.13
965270,250.11,250.00,59,0.00,-0.11
965370,250.10,250.00,58,0.00,-0.10
965470,250.10,250.00,57,0.00,-0.10
965570,250.10,250.00,57,0.00,-0.10
965670,250.08,250.00,59,0.00,-0.08
965770,250.11,250.00,54,0.00,-0.11
965870,250.12,250.00,56,0.00,-0.12
965970,250.14,250.00,56,0.00,-0.14
966070,250.13,250.00,57,0.00,-0.13
966170,250.13,250.00,57,0.00,-0.13
966270,250.11,250.00,59,0.00,-0.11
966370,250.12,250.00,55,0.00,-0.12
966470,250.13,250.00,56,0.00,-0.13
966570,250.13,250.00,57,0.00,-0.13
966670,250.11,250.00,59,0.00,-0.11
966770,250.17,250.00,50,0.00,-0.17
966870,250.18,250.00,56,0.00,-0.18
966970,250.15,250.00,60,0.00,-0.15
967070,250.13,250.00,58,0.00,-0.13
967170,250.14,250.00,56,0.00,-0.14
967270,250.14,250.00,57,0.00,-0.14
967370,250.13,250.00,58,0.00,-0.13
967470,250.12,250.00,58,0.00,-0.12
967570,250.12,250.00,57,0.00,-0.12
967670,250.11,250.00,58,0.00,-0.11
967770,250.11,250.00,57,0.00,-0.11
967870,250.10,250.00,58,0.00,-0.10
967970,250.09,250.00,58,0.00,-0.09
968070,250.07,250.00,59,0.00,-0.07
968170,250.07,250.00,56,0.00,-0.07
968270,250.08,250.00,56,0.00,-0.08
968370,250.06,250.00,59,0.00,-0.06
968470,250.05,250.00,58,0.00,-0.05
968570,250.06,250.00,56,0.00,-0.06
968670,250.05,250.00,58,0.00,-0.05
968770,250.04,250.00,59,0.00,-0.04
968870,250.02,250.00,59,0.00,-0.02
968970,250.01,250.00,59,0.00,-0.01
969070,249.98,250.00,60,0.00,0.02
969170,249.97,250.00,58,0.00,0.03
969270,249.99,250.00,56,0.00,0.01
969370,249.98,250.00,58,0.00,0.02
969470,249.97,250.00,58,0.00,0.03
969570,249.95,250.00,60,0.00,0.05
969670,249.92,250.00,61,0.00,0.08
969770,249.92,250.00,58,0.00,0.08
969870,249.90,250.00,59,0.00,0.10
969970,249.95,250.00,53,0.00,0.05
970070,249.95,250.00,57,0.00,0.05
970170,249.93,250.00,59,0.00,0.07
970270,249.91,250.00,61,0.00,0.09
970370,249.90,250.00,58,0.00,0.10
970470,249.93,250.00,55,0.00,0.07
970570,249.93,250.00,57,0.00,0.07
970670,249.89,250.00,62,0.00,0.11
970770,249.93,250.00,54,0.00,0.07
970870,249.92,250.00,58,0.00,0.08
970970,249.93,250.00,57,0.00,0.07
971070,249.97,250.00,53,0.00,0.03
971170,250.01,250.00,53,0.00,-0.01
971270,250.02,250.00,56,0.00,-0.02
971370,250.01,250.00,59,0.00,-0.01
971470,250.02,250.00,56,0.00,-0.02
971570,250.02,250.00,57,0.00,-0.02
971670,250.01,250.00,59,0.00,-0.01
971770,250.02,250.00,56,0.00,-0.02
971870,249.98,250.00,61,0.00,0.02
971970,250.00,250.00,56,0.00,0.00
972070,250.00,250.00,57,0.00,0.00
972170,249.99,250.00,58,0.00,0.01
972270,250.00,250.00,56,0.00,0.00
972370,249.99,250.00,59,0.00,0.01
972470,249.99,250.00,57,0.00,0.01
972570,249.99,250.00,57,0.00,0.01
972670,250.02,250.00,55,0.00,-0.02
972770,250.03,250.00,56,0.00,-0.03
972870,250.05,250.00,55,0.00,-0.05
972970,250.04,250.00,58,0.00,-0.04
973070,250.02,250.00,60,0.00,-0.02
973170,250.00,250.00,59,0.00,-0.00
973270,249.99,250.00,59,0.00,0.01
973370,249.98,250.00,58,0.00,0.02
973470,250.01,250.00,55,0.00,-0.01
973570,250.01,250.00,57,0.00,-0.01
973670,250.01,250.00,57,0.00,-0.01
973770,249.98,250.00,60,0.00,0.02
973870,250.00,250.00,56,0.00,0.00
973970,249.96,250.00,61,0.00,0.04
974070,249.95,250.00,58,0.00,0.05
974170,249.96,250.00,57,0.00,0.04
974270,249.96,250.00,57,0.00,0.04
974370,249.98,250.00,56,0.00,0.02
974470,249.97,250.00,58,0.00,0.03
974570,249.97,250.00,57,0.00,0.03
974670,249.94,250.00,61,0.00,0.06
974770,249.95,250.00,57,0.00,0.05
974870,249.97,250.00,56,0.00,0.03
974970,249.93,250.00,61,0.00,0.07
975070,249.94,250.00,57,0.00,0.06
975170,249.95,250.00,57,0.00,0.05
975270,249.94,250.00,58,0.00,0.06
975370,249.98,250.00,53,0.00,0.02
975470,249.97,250.00,58,0.00,0.03
975570,249.94,250.00,61,0.00,0.06
975670,249.92,250.00,59,0.00,0.08
975770,249.90,250.00,61,0.00,0.10
975870,249.87,250.00,60,0.00,0.13
975970,249.85,250.00,60,0.00,0.15
976070,249.84,250.00,59,0.00,0.16
976170,249.82,250.00,60,0.00,0.18
976270,249.83,250.00,57,0.00,0.17
976370,249.85,250.00,56,0.00,0.15
976470,249.83,250.00,60,0.00,0.17
976570,249.86,250.00,55,0.00,0.14
976670,249.86,250.00,58,0.00,0.14
976770,249.87,250.00,56,0.00,0.13
976870,249.87,250.00,58,0.00,0.13
976970,249.89,250.00,57,0.00,0.11
977070,249.89,250.00,58,0.00,0.11
977170,249.87,250.00,59,0.00,0.13
977270,249.92,250.00,53,0.00,0.08
977370,249.90,250.00,61,0.00,0.10
977470,249.87,250.00,60,0.00,0.13
977570,249.84,250.00,61,0.00,0.16
977670,249.82,250.00,60,0.00,0.18
977770,249.80,250.00,60,0.00,0.20
977870,249.77,250.00,61,0.00,0.23
977970,249.75,250.00,61,0.00,0.25
978070,249.72,250.00,62,0.00,0.28
978170,249.70,250.00,60,0.00,0.30
978270,249.67,250.00,62,0.00,0.33
978370,249.65,250.00,60,0.00,0.35
978470,249.67,250.00,58,0.00,0.33
978570,249.66,250.00,59,0.00,0.34
978670,249.64,250.00,61,0.00,0.36
978770,249.65,250.00,58,0.00,0.35
978870,249.66,250.00,58,0.00,0.34
978970,249.67,250.00,58,0.00,0.33
979070,249.68,250.00,58,0.00,0.32
979170,249.66,250.00,62,0.00,0.34
979270,249.64,250.00,60,0.00,0.36
979370,249.65,250.00,58,0.00,0.35
979470,249.67,250.00,58,0.00,0.33
979570,249.65,250.00,60,0.00,0.35
979670,249.64,250.00,60,0.00,0.36
979770,249.63,250.00,60,0.00,0.37
979870,249.62,250.00,60,0.00,0.38
979970,249.62,250.00,59,0.00,0.38
980070,249.61,250.00,60,0.00,0.39
980170,249.59,250.00,61,0.00,0.41
980270,249.61,250.00,57,0.00,0.39
980370,249.63,250.00,57,0.00,0.37
980470,249.63,250.00,59,0.00,0.37
980570,249.64,250.00,58,0.00,0.36
980670,249.67,250.00,56,0.00,0.33
980770,249.70,250.00,55,0.00,0.30
980870,249.71,250.00,58,0.00,0.29
980970,249.72,250.00,57,0.00,0.28
981070,249.75,250.00,56,0.00,0.25
981170,249.72,250.00,62,0.00,0.28
981270,249.72,250.00,58,0.00,0.28
981370,249.75,250.00,56,0.00,0.25
981470,249.73,250.00,61,0.00,0.27
981570,249.72,250.00,59,0.00,0.28
981670,249.70,250.00,61,0.00,0.30
981770,249.70,250.00,59,0.00,0.30
981870,249.71,250.00,57,0.00,0.29
981970,249.71,250.00,59,0.00,0.29
982070,249.70,250.00,59,0.00,0.30
982170,249.70,250.00,59,0.00,0.30
982270,249.70,250.00,58,0.00,0.30
982370,249.71,250.00,58,0.00,0.29
982470,249.69,250.00,61,0.00,0.31
982570,249.70,250.00,58,0.00,0.30
982670,249.72,250.00,57,0.00,0.28
982770,249.72,250.00,58,0.00,0.28
982870,249.74,250.00,57,0.00,0.26
982970,249.74,250.00,58,0.00,0.26
983070,249.76,250.00,57,0.00,0.24
983170,249.77,250.00,57,0.00,0.23
983270,249.78,250.00,57,0.00,0.22
983370,249.79,250.00,57,0.00,0.21
983470,249.81,250.00,56,0.00,0.19
983570,249.77,250.00,63,0.00,0.23
983670,249.80,250.00,56,0.00,0.20
983770,249.77,250.00,61,0.00,0.23
983870,249.73,250.00,62,0.00,0.27
983970,249.72,250.00,60,0.00,0.28
984070,249.72,250.00,60,0.00,0.28
984170,249.69,250.00,62,0.00,0.31
984270,249.66,250.00,62,0.00,0.34
984370,249.66,250.00,59,0.00,0.34
984470,249.66,250.00,59,0.00,0.34
984570,249.64,250.00,60,0.00,0.36
984670,249.66,250.00,58,0.00,0.34
984770,249.64,250.00,60,0.00,0.36
984870,249.64,250.00,59,0.00,0.36
984970,249.67,250.00,57,0.00,0.33
985070,249.67,250.00,59,0.00,0.33
985170,249.68,250.00,58,0.00,0.32
985270,249.67,250.00,59,0.00,0.33
985370,249.68,250.00,58,0.00,0.32
985470,249.68,250.00,59,0.00,0.32
985570,249.66,250.00,61,0.00,0.34
985670,249.64,250.00,62,0.00,0.36
985770,249.65,250.00,58,0.00,0.35
985870,249.63,250.00,62,0.00,0.37
985970,249.61,250.00,62,0.00,0.39
986070,249.63,250.00,56,0.00,0.37
986170,249.65,250.00,58,0.00,0.35
986270,249.65,250.00,59,0.00,0.35
986370,249.63,250.00,60,0.00,0.37
986470,249.61,250.00,62,0.00,0.39
986570,249.60,250.00,60,0.00,0.40
986670,249.60,250.00,60,0.00,0.40
986770,249.61,250.00,58,0.00,0.39
986870,249.59,250.00,61,0.00,0.41
986970,249.62,250.00,56,0.00,0.38
987070,249.60,250.00,62,0.00,0.40
987170,249.61,250.00,59,0.00,0.39
987270,249.62,250.00,58,0.00,0.38
987370,249.64,250.00,58,0.00,0.36
987470,249.65,250.00,58,0.00,0.35
987570,249.61,250.00,63,0.00,0.39
987670,249.61,250.00,60,0.00,0.39
987770,249.59,250.00,61,0.00,0.41
987870,249.58,250.00,60,0.00,0.42
987970,249.57,250.00,60,0.00,0.43
988070,249.57,250.00,60,0.00,0.43
988170,249.59,250.00,58,0.00,0.41
988270,249.60,250.00,59,0.00,0.40
988370,249.60,250.00,59,0.00,0.40
988470,249.58,250.00,61,0.00,0.42
988570,249.56,250.00,61,0.00,0.44
988670,249.56,250.00,60,0.00,0.44
988770,249.55,250.00,61,0.00,0.45
988870,249.58,250.00,56,0.00,0.42
988970,249.59,250.00,59,0.00,0.41
989070,249.57,250.00,61,0.00,0.43
989170,249.57,250.00,60,0.00,0.43
989270,249.56,250.00,60,0.00,0.44
989370,249.55,250.00,61,0.00,0.45
989470,249.57,250.00,57,0.00,0.43
989570,249.60,250.00,56,0.00,0.40
989670,249.64,250.00,55,0.00,0.36
989770,249.65,250.00,58,0.00,0.35
989870,249.64,250.00,61,0.00,0.36
989970,249.65,250.00,58,0.00,0.35
990070,249.64,250.00,61,0.00,0.36
990170,249.64,250.00,59,0.00,0.36
990270,249.64,250.00,59,0.00,0.36
990370,249.64,250.00,59,0.00,0.36
990470,249.65,250.00,58,0.00,0.35
990570,249.64,250.00,61,0.00,0.36
990670,249.63,250.00,61,0.00,0.37
990770,249.64,250.00,58,0.00,0.36
990870,249.66,250.00,58,0.00,0.34
990970,249.67,250.00,58,0.00,0.33
991070,249.67,250.00,60,0.00,0.33
991170,249.68,250.00,58,0.00,0.32
991270,249.71,250.00,56,0.00,0.29
991370,249.73,250.00,57,0.00,0.27
991470,249.71,250.00,61,0.00,0.29
991570,249.71,250.00,59,0.00,0.29
991670,249.69,250.00,61,0.00,0.31
991770,249.69,250.00,60,0.00,0.31
991870,249.73,250.00,55,0.00,0.27
991970,249.76,250.00,56,0.00,0.24
992070,249.75,250.00,60,0.00,0.25
992170,249.74,250.00,60,0.00,0.26
992270,249.72,250.00,61,0.00,0.28
992370,249.75,250.00,56,0.00,0.25
992470,249.74,250.00,60,0.00,0.26
992570,249.72,250.00,61,0.00,0.28
992670,249.70,250.00,61,0.00,0.30
992770,249.69,250.00,60,0.00,0.31
992870,249.69,250.00,60,0.00,0.31
992970,249.70,250.00,59,0.00,0.30
993070,249.75,250.00,54,0.00,0.25
993170,249.78,250.00,56,0.00,0.22
993270,249.80,250.00,57,0.00,0.20
993370,249.80,250.00,59,0.00,0.20
993470,249.78,250.00,61,0.00,0.22
993570,249.79,250.00,58,0.00,0.21
993670,249.80,250.00,58,0.00,0.20
993770,249.77,250.00,62,0.00,0.23
993870,249.78,250.00,58,0.00,0.22
993970,249.77,250.00,60,0.00,0.23
994070,249.79,250.00,57,0.00,0.21
994170,249.78,250.00,61,0.00,0.22
994270,249.78,250.00,59,0.00,0.22
994370,249.78,250.00,59,0.00,0.22
994470,249.76,250.00,60,0.00,0.24
994570,249.75,250.00,60,0.00,0.25
994670,249.73,250.00,62,0.00,0.27
994770,249.71,250.00,61,0.00,0.29
994870,249.69,250.00,61,0.00,0.31
994970,249.70,250.00,59,0.00,0.30
995070,249.71,250.00,59,0.00,0.29
995170,249.75,250.00,55,0.00,0.25
995270,249.75,250.00,59,0.00,0.25
995370,249.76,250.00,58,0.00,0.24
995470,249.79,250.00,57,0.00,0.21
995570,249.79,250.00,59,0.00,0.21
995670,249.76,250.00,62,0.00,0.24
995770,249.76,250.00,59,0.00,0.24
995870,249.76,250.00,59,0.00,0.24
995970,249.76,250.00,59,0.00,0.24
996070,249.76,250.00,59,0.00,0.24
996170,249.79,250.00,57,0.00,0.21
996270,249.77,250.00,61,0.00,0.23
996370,249.78,250.00,58,0.00,0.22
996470,249.78,250.00,59,0.00,0.22
996570,249.76,250.00,62,0.00,0.24
996670,249.75,250.00,60,0.00,0.25
996770,249.71,250.00,63,0.00,0.29
996870,249.72,250.00,59,0.00,0.28
996970,249.70,250.00,61,0.00,0.30
997070,249.69,250.00,60,0.00,0.31
997170,249.70,250.00,59,0.00,0.30
997270,249.74,250.00,55,0.00,0.26
997370,249.73,250.00,60,0.00,0.27
997470,249.74,250.00,59,0.00,0.26
997570,249.72,250.00,62,0.00,0.28
997670,249.71,250.00,60,0.00,0.29
997770,249.71,250.00,59,0.00,0.29
997870,249.73,250.00,58,0.00,0.27
997970,249.75,250.00,58,0.00,0.25
998070,249.71,250.00,63,0.00,0.29
998170,249.70,250.00,61,0.00,0.30
998270,249.68,250.00,61,0.00,0.32
998370,249.70,250.00,57,0.00,0.30
998470,249.69,250.00,60,0.00,0.31
998570,249.69,250.00,60,0.00,0.31
998670,249.69,250.00,60,0.00,0.31
998770,249.68,250.00,60,0.00,0.32
998870,249.65,250.00,62,0.00,0.35
998970,249.63,250.00,62,0.00,0.37
999070,249.62,250.00,61,0.00,0.38
999170,249.62,250.00,60,0.00,0.38
999270,249.63,250.00,60,0.00,0.37
999370,249.64,250.00,58,0.00,0.36
999470,249.64,250.00,60,0.00,0.36
999570,249.65,250.00,59,0.00,0.35
999670,249.64,250.00,61,0.00,0.36
999770,249.65,250.00,59,0.00,0.35
999870,249.68,250.00,57,0.00,0.32
999970,249.69,250.00,59,0.00,0.31
1000070,249.74,250.00,54,0.00,0.26
1000170,249.73,250.00,60,0.00,0.27
1000270,249.74,250.00,59,0.00,0.26
1000370,249.75,250.00,58,0.00,0.25
1000470,249.79,250.00,56,0.00,0.21
1000570,249.85,250.00,53,0.00,0.15
1000670,249.88,250.00,55,0.00,0.12
1000770,249.91,250.00,56,0.00,0.09
1000870,249.89,250.00,60,0.00,0.11
1000970,249.87,250.00,61,0.00,0.13
1001070,249.85,250.00,61,0.00,0.15
1001170,249.82,250.00,62,0.00,0.18
1001270,249.80,250.00,61,0.00,0.20
1001370,249.81,250.00,58,0.00,0.19
1001470,249.86,250.00,53,0.00,0.14
1001570,249.88,250.00,58,0.00,0.12
1001670,249.85,250.00,61,0.00,0.15
1001770,249.88,250.00,56,0.00,0.12
1001870,249.87,250.00,60,0.00,0.13
1001970,249.88,250.00,58,0.00,0.12
1002070,249.88,250.00,59,0.00,0.12
1002170,249.90,250.00,58,0.00,0.10
1002270,249.89,250.00,59,0.00,0.11
1002370,249.93,250.00,55,0.00,0.07
1002470,249.89,250.00,63,0.00,0.11
1002570,249.87,250.00,61,0.00,0.13
1002670,249.84,250.00,61,0.00,0.16
1002770,249.82,250.00,61,0.00,0.18
1002870,249.84,250.00,57,0.00,0.16
1002970,249.82,250.00,61,0.00,0.18
1003070,249.79,250.00,62,0.00,0.21
1003170,249.77,250.00,62,0.00,0.23
1003270,249.78,250.00,58,0.00,0.22
1003370,249.77,250.00,61,0.00,0.23
1003470,249.77,250.00,59,0.00,0.23
1003570,249.81,250.00,54,0.00,0.19
1003670,249.83,250.00,57,0.00,0.17
1003770,249.84,250.00,59,0.00,0.16
1003870,249.85,250.00,57,0.00,0.15
1003970,249.83,250.00,61,0.00,0.17
1004070,249.84,250.00,59,0.00,0.16
1004170,249.84,250.00,59,0.00,0.16
1004270,249.85,250.00,59,0.00,0.15
1004370,249.82,250.00,62,0.00,0.18
1004470,249.81,250.00,60,0.00,0.19
1004570,249.83,250.00,57,0.00,0.17
1004670,249.81,250.00,61,0.00,0.19
1004770,249.78,250.00,62,0.00,0.22
1004870,249.77,250.00,61,0.00,0.23
1004970,249.77,250.00,60,0.00,0.23
1005070,249.77,250.00,60,0.00,0.23
1005170,249.76,250.00,61,0.00,0.24
1005270,249.73,250.00,62,0.00,0.27
1005370,249.73,250.00,61,0.00,0.27
1005470,249.72,250.00,60,0.00,0.28
1005570,249.72,250.00,59,0.00,0.28
1005670,249.70,250.00,62,0.00,0.30
1005770,249.70,250.00,60,0.00,0.30
1005870,249.72,250.00,58,0.00,0.28
1005970,249.72,250.00,59,0.00,0.28
1006070,249.73,250.00,59,0.00,0.27
1006170,249.72,250.00,61,0.00,0.28
1006270,249.72,250.00,59,0.00,0.28
1006370,249.74,250.00,58,0.00,0.26
1006470,249.77,250.00,57,0.00,0.23
1006570,249.80,250.00,56,0.00,0.20
1006670,249.82,250.00,57,0.00,0.18
1006770,249.84,250.00,57,0.00,0.16
1006870,249.88,250.00,55,0.00,0.12
1006970,249.85,250.00,63,0.00,0.15
1007070,249.85,250.00,59,0.00,0.15
1007170,249.84,250.00,60,0.00,0.16
1007270,249.81,250.00,63,0.00,0.19
1007370,249.79,250.00,61,0.00,0.21
1007470,249.79,250.00,60,0.00,0.21
1007570,249.79,250.00,60,0.00,0.21
1007670,249.79,250.00,60,0.00,0.21
1007770,249.78,250.00,60,0.00,0.22
1007870,249.77,250.00,61,0.00,0.23
1007970,249.77,250.00,60,0.00,0.23
1008070,249.81,250.00,56,0.00,0.19
1008170,249.80,250.00,60,0.00,0.20
1008270,249.79,250.00,61,0.00,0.21
1008370,249.78,250.00,60,0.00,0.22
1008470,249.76,250.00,62,0.00,0.24
1008570,249.76,250.00,60,0.00,0.24
1008670,249.75,250.00,61,0.00,0.25
1008770,249.77,250.00,57,0.00,0.23
1008870,249.76,250.00,61,0.00,0.24
1008970,249.75,250.00,61,0.00,0.25
1009070,249.74,250.00,61,0.00,0.26
1009170,249.73,250.00,61,0.00,0.27
1009270,249.73,250.00,59,0.00,0.27
1009370,249.74,250.00,59,0.00,0.26
1009470,249.72,250.00,62,0.00,0.28
1009570,249.70,250.00,62,0.00,0.30
1009670,249.70,250.00,59,0.00,0.30
1009770,249.71,250.00,59,0.00,0.29
1009870,249.76,250.00,54,0.00,0.24
1009970,249.76,250.00,60,0.00,0.24
1010070,249.78,250.00,58,0.00,0.22
1010170,249.79,250.00,58,0.00,0.21
1010270,249.79,250.00,60,0.00,0.21
1010370,249.81,250.00,57,0.00,0.19
1010470,249.83,250.00,57,0.00,0.17
1010570,249.80,250.00,63,0.00,0.20
1010670,249.83,250.00,56,0.00,0.17
1010770,249.84,250.00,59,0.00,0.16
1010870,249.92,250.00,50,0.00,0.08
1010970,249.92,250.00,59,0.00,0.08
1011070,249.99,250.00,52,0.00,0.01
1011170,250.03,250.00,55,0.00,-0.03
1011270,250.00,250.00,61,0.00,-0.00
1011370,249.99,250.00,60,0.00,0.01
1011470,249.95,250.00,62,0.00,0.05
1011570,249.95,250.00,60,0.00,0.05
1011670,249.94,250.00,60,0.00,0.06
1011770,249.94,250.00,60,0.00,0.06
1011870,249.93,250.00,60,0.00,0.07
1011970,249.99,250.00,53,0.00,0.01
1012070,250.01,250.00,56,0.00,-0.01
1012170,250.00,250.00,60,0.00,0.00
1012270,250.00,250.00,59,0.00,0.00
1012370,250.00,250.00,59,0.00,-0.00
1012470,250.00,250.00,59,0.00,-0.00
1012570,250.01,250.00,57,0.00,-0.01
1012670,250.02,250.00,58,0.00,-0.02
1012770,250.03,250.00,58,0.00,-0.03
1012870,250.04,250.00,58,0.00,-0.04
1012970,250.03,250.00,60,0.00,-0.03
1013070,250.01,250.00,60,0.00,-0.01
1013170,250.01,250.00,59,0.00,-0.01
1013270,250.04,250.00,56,0.00,-0.04
1013370,250.02,250.00,60,0.00,-0.02
1013470,250.02,250.00,59,0.00,-0.02
1013570,250.02,250.00,59,0.00,-0.02
1013670,250.00,250.00,60,0.00,-0.00
1013770,250.00,250.00,59,0.00,-0.00
1013870,250.00,250.00,59,0.00,-0.00
1013970,250.03,250.00,56,0.00,-0.03
1014070,250.03,250.00,59,0.00,-0.03
1014170,250.01,250.00,60,0.00,-0.01
1014270,250.02,250.00,58,0.00,-0.02
1014370,250.06,250.00,55,0.00,-0.06
1014470,250.06,250.00,58,0.00,-0.06
1014570,250.09,250.00,55,0.00,-0.09
1014670,250.13,250.00,54,0.00,-0.13
1014770,250.13,250.00,58,0.00,-0.13
1014870,250.13,250.00,58,0.00,-0.13
1014970,250.13,250.00,58,0.00,-0.13
1015070,250.19,250.00,52,0.00,-0.19
1015170,250.18,250.00,59,0.00,-0.18
1015270,250.17,250.00,60,0.00,-0.17
1015370,250.15,250.00,60,0.00,-0.15
1015470,250.17,250.00,56,0.00,-0.17
1015570,250.17,250.00,59,0.00,-0.17
1015670,250.17,250.00,57,0.00,-0.17
1015770,250.16,250.00,60,0.00,-0.16
1015870,250.14,250.00,60,0.00,-0.14
1015970,250.13,250.00,60,0.00,-0.13
1016070,250.13,250.00,58,0.00,-0.13
1016170,250.18,250.00,53,0.00,-0.18
1016270,250.15,250.00,61,0.00,-0.15
1016370,250.19,250.00,53,0.00,-0.19
1016470,250.21,250.00,56,0.00,-0.21
1016570,250.20,250.00,59,0.00,-0.20
1016670,250.23,250.00,55,0.00,-0.23
1016770,250.24,250.00,56,0.00,-0.24
1016870,250.21,250.00,61,0.00,-0.21
1016970,250.22,250.00,56,0.00,-0.22
1017070,250.22,250.00,58,0.00,-0.22
1017170,250.29,250.00,51,0.00,-0.29
1017270,250.35,250.00,50,0.00,-0.35
1017370,250.33,250.00,60,0.00,-0.33
1017470,250.33,250.00,57,0.00,-0.33
1017570,250.35,250.00,56,0.00,-0.35
1017670,250.35,250.00,57,0.00,-0.35
1017770,250.33,250.00,60,0.00,-0.33
1017870,250.30,250.00,61,0.00,-0.30
1017970,250.28,250.00,59,0.00,-0.28
1018070,250.28,250.00,58,0.00,-0.28
1018170,250.27,250.00,58,0.00,-0.27
1018270,250.27,250.00,58,0.00,-0.27
1018370,250.27,250.00,58,0.00,-0.27
1018470,250.25,250.00,59,0.00,-0.25
1018570,250.23,250.00,60,0.00,-0.23
1018670,250.24,250.00,56,0.00,-0.24
1018770,250.21,250.00,61,0.00,-0.21
1018870,250.23,250.00,55,0.00,-0.23
1018970,250.21,250.00,60,0.00,-0.21
1019070,250.20,250.00,59,0.00,-0.20
1019170,250.21,250.00,57,0.00,-0.21
1019270,250.19,250.00,60,0.00,-0.19
1019370,250.19,250.00,57,0.00,-0.19
1019470,250.20,250.00,57,0.00,-0.20
1019570,250.23,250.00,55,0.00,-0.23
1019670,250.24,250.00,56,0.00,-0.24
1019770,250.25,250.00,56,0.00,-0.25
1019870,250.25,250.00,58,0.00,-0.25
1019970,250.24,250.00,59,0.00,-0.24
1020070,250.24,250.00,58,0.00,-0.24
1020170,250.24,250.00,58,0.00,-0.24
1020270,250.22,250.00,60,0.00,-0.22
1020370,250.23,250.00,56,0.00,-0.23
1020470,250.23,250.00,57,0.00,-0.23
1020570,250.26,250.00,55,0.00,-0.26
1020670,250.24,250.00,59,0.00,-0.24
1020770,250.24,250.00,58,0.00,-0.24
1020870,250.27,250.00,55,0.00,-0.27
1020970,250.28,250.00,56,0.00,-0.28
1021070,250.29,250.00,57,0.00,-0.29
1021170,250.26,250.00,60,0.00,-0.26
1021270,250.28,250.00,55,0.00,-0.28
1021370,250.30,250.00,55,0.00,-0.30
1021470,250.31,250.00,57,0.00,-0.31
1021570,250.31,250.00,57,0.00,-0.31
1021670,250.32,250.00,57,0.00,-0.32
1021770,250.36,250.00,53,0.00,-0.36
1021870,250.39,250.00,53,0.00,-0.39
1021970,250.42,250.00,55,0.00,-0.42
1022070,250.41,250.00,57,0.00,-0.41
1022170,250.41,250.00,57,0.00,-0.41
1022270,250.40,250.00,57,0.00,-0.40
1022370,250.39,250.00,58,0.00,-0.39
1022470,250.44,250.00,51,0.00,-0.44
1022570,250.45,250.00,56,0.00,-0.45
1022670,250.46,250.00,55,0.00,-0.46
1022770,250.44,250.00,59,0.00,-0.44
1022870,250.43,250.00,57,0.00,-0.43
1022970,250.45,250.00,55,0.00,-0.45
1023070,250.45,250.00,56,0.00,-0.45
1023170,250.46,250.00,56,0.00,-0.46
1023270,250.44,250.00,59,0.00,-0.44
1023370,250.48,250.00,52,0.00,-0.48
1023470,250.48,250.00,56,0.00,-0.48
1023570,250.45,250.00,59,0.00,-0.45
1023670,250.43,250.00,59,0.00,-0.43
1023770,250.40,250.00,60,0.00,-0.40
1023870,250.37,250.00,60,0.00,-0.37
1023970,250.37,250.00,57,0.00,-0.37
1024070,250.37,250.00,57,0.00,-0.37
1024170,250.36,250.00,58,0.00,-0.36
1024270,250.37,250.00,56,0.00,-0.37
1024370,250.37,250.00,57,0.00,-0.37
1024470,250.37,250.00,57,0.00,-0.37
1024570,250.41,250.00,53,0.00,-0.41
1024670,250.43,250.00,55,0.00,-0.43
1024770,250.42,250.00,57,0.00,-0.42
1024870,250.40,250.00,58,0.00,-0.40
1024970,250.40,250.00,57,0.00,-0.40
1025070,250.42,250.00,55,0.00,-0.42
1025170,250.44,250.00,55,0.00,-0.44
1025270,250.43,250.00,57,0.00,-0.43
1025370,250.42,250.00,57,0.00,-0.42
1025470,250.45,250.00,53,0.00,-0.45
1025570,250.44,250.00,57,0.00,-0.44
1025670,250.44,250.00,57,0.00,-0.44
1025770,250.46,250.00,54,0.00,-0.46
1025870,250.47,250.00,56,0.00,-0.47
1025970,250.47,250.00,56,0.00,-0.47
1026070,250.43,250.00,60,0.00,-0.43
1026170,250.40,250.00,60,0.00,-0.40
1026270,250.35,250.00,62,0.00,-0.35
1026370,250.38,250.00,54,0.00,-0.38
1026470,250.34,250.00,61,0.00,-0.34
1026570,250.33,250.00,58,0.00,-0.33
1026670,250.32,250.00,58,0.00,-0.32
1026770,250.33,250.00,56,0.00,-0.33
1026870,250.32,250.00,58,0.00,-0.32
1026970,250.33,250.00,55,0.00,-0.33
1027070,250.32,250.00,58,0.00,-0.32
1027170,250.32,250.00,58,0.00,-0.32
1027270,250.35,250.00,54,0.00,-0.35
1027370,250.31,250.00,60,0.00,-0.31
1027470,250.32,250.00,56,0.00,-0.32
1027570,250.31,250.00,58,0.00,-0.31
1027670,250.37,250.00,50,0.00,-0.37
1027770,250.39,250.00,56,0.00,-0.39
1027870,250.42,250.00,53,0.00,-0.42
1027970,250.43,250.00,56,0.00,-0.43
1028070,250.43,250.00,56,0.00,-0.43
1028170,250.42,250.00,57,0.00,-0.42
1028270,250.43,250.00,56,0.00,-0.43
1028370,250.40,250.00,60,0.00,-0.40
1028470,250.36,250.00,61,0.00,-0.36
1028570,250.34,250.00,59,0.00,-0.34
1028670,250.32,250.00,59,0.00,-0.32
1028770,250.31,250.00,58,0.00,-0.31
1028870,250.31,250.00,56,0.00,-0.31
1028970,250.32,250.00,56,0.00,-0.32
1029070,250.30,250.00,59,0.00,-0.30
1029170,250.28,250.00,59,0.00,-0.28
1029270,250.30,250.00,55,0.00,-0.30
1029370,250.30,250.00,57,0.00,-0.30
1029470,250.27,250.00,60,0.00,-0.27
1029570,250.25,250.00,58,0.00,-0.25
1029670,250.29,250.00,53,0.00,-0.29
1029770,250.30,250.00,56,0.00,-0.30
1029870,250.30,250.00,56,0.00,-0.30
1029970,250.28,250.00,59,0.00,-0.28
1030070,250.30,250.00,55,0.00,-0.30
1030170,250.31,250.00,56,0.00,-0.31
1030270,250.28,250.00,60,0.00,-0.28
1030370,250.24,250.00,61,0.00,-0.24
1030470,250.22,250.00,59,0.00,-0.22
1030570,250.22,250.00,57,0.00,-0.22
1030670,250.21,250.00,58,0.00,-0.21
1030770,250.19,250.00,59,0.00,-0.19
1030870,250.18,250.00,58,0.00,-0.18
1030970,250.21,250.00,54,0.00,-0.21
1031070,250.20,250.00,58,0.00,-0.20
1031170,250.17,250.00,60,0.00,-0.17
1031270,250.18,250.00,57,0.00,-0.18
1031370,250.20,250.00,55,0.00,-0.20
1031470,250.20,250.00,57,0.00,-0.20
1031570,250.23,250.00,54,0.00,-0.23
1031670,250.20,250.00,61,0.00,-0.20
1031770,250.18,250.00,59,0.00,-0.18
1031870,250.18,250.00,57,0.00,-0.18
1031970,250.20,250.00,55,0.00,-0.20
1032070,250.25,250.00,52,0.00,-0.25
1032170,250.29,250.00,53,0.00,-0.29
1032270,250.27,250.00,59,0.00,-0.27
1032370,250.29,250.00,55,0.00,-0.29
1032470,250.30,250.00,56,0.00,-0.30
1032570,250.29,250.00,57,0.00,-0.29
1032670,250.31,250.00,55,0.00,-0.31
1032770,250.28,250.00,60,0.00,-0.28
1032870,250.28,250.00,57,0.00,-0.28
1032970,250.28,250.00,57,0.00,-0.28
1033070,250.28,250.00,56,0.00,-0.28
1033170,250.30,250.00,55,0.00,-0.30
1033270,250.30,250.00,57,0.00,-0.30
1033370,250.29,250.00,57,0.00,-0.29
1033470,250.29,250.00,57,0.00,-0.29
1033570,250.32,250.00,53,0.00,-0.32
1033670,250.29,250.00,60,0.00,-0.29
1033770,250.30,250.00,56,0.00,-0.30
1033870,250.29,250.00,57,0.00,-0.29
1033970,250.30,250.00,56,0.00,-0.30
1034070,250.32,250.00,55,0.00,-0.32
1034170,250.30,250.00,59,0.00,-0.30
1034270,250.34,250.00,52,0.00,-0.34
1034370,250.38,250.00,52,0.00,-0.38
1034470,250.35,250.00,59,0.00,-0.35
1034570,250.37,250.00,55,0.00,-0.37
1034670,250.35,250.00,58,0.00,-0.35
1034770,250.35,250.00,56,0.00,-0.35
1034870,250.32,250.00,60,0.00,-0.32
1034970,250.30,250.00,59,0.00,-0.30
1035070,250.31,250.00,56,0.00,-0.31
1035170,250.29,250.00,58,0.00,-0.29
1035270,250.27,250.00,58,0.00,-0.27
1035370,250.29,250.00,55,0.00,-0.29
1035470,250.31,250.00,55,0.00,-0.31
1035570,250.31,250.00,57,0.00,-0.31
1035670,250.31,250.00,56,0.00,-0.31
1035770,250.33,250.00,55,0.00,-0.33
1035870,250.33,250.00,56,0.00,-0.33
1035970,250.32,250.00,57,0.00,-0.32
1036070,250.39,250.00,50,0.00,-0.39
1036170,250.45,250.00,50,0.00,-0.45
1036270,250.46,250.00,54,0.00,-0.46
1036370,250.44,250.00,58,0.00,-0.44
1036470,250.46,250.00,54,0.00,-0.46
1036570,250.43,250.00,58,0.00,-0.43
1036670,250.43,250.00,57,0.00,-0.43
1036770,250.41,250.00,58,0.00,-0.41
1036870,250.38,250.00,59,0.00,-0.38
1036970,250.38,250.00,56,0.00,-0.38
1037070,250.37,250.00,58,0.00,-0.37
1037170,250.40,250.00,53,0.00,-0.40
1037270,250.41,250.00,55,0.00,-0.41
1037370,250.40,250.00,57,0.00,-0.40
1037470,250.40,250.00,56,0.00,-0.40
1037570,250.38,250.00,58,0.00,-0.38
1037670,250.41,250.00,54,0.00,-0.41
1037770,250.39,250.00,58,0.00,-0.39
1037870,250.39,250.00,56,0.00,-0.39
1037970,250.36,250.00,59,0.00,-0.36
1038070,250.35,250.00,57,0.00,-0.35
1038170,250.35,250.00,56,0.00,-0.35
1038270,250.36,250.00,55,0.00,-0.36
1038370,250.41,250.00,51,0.00,-0.41
1038470,250.44,250.00,53,0.00,-0.44
1038570,250.48,250.00,52,0.00,-0.48
1038670,250.48,250.00,56,0.00,-0.48
1038770,250.46,250.00,58,0.00,-0.46
1038870,250.43,250.00,59,0.00,-0.43
1038970,250.42,250.00,57,0.00,-0.42
1039070,250.38,250.00,60,0.00,-0.38
1039170,250.34,250.00,60,0.00,-0.34
1039270,250.36,250.00,55,0.00,-0.36
1039370,250.34,250.00,57,0.00,-0.34
1039470,250.36,250.00,55,0.00,-0.36
1039570,250.37,250.00,55,0.00,-0.37
1039670,250.38,250.00,55,0.00,-0.38
1039770,250.37,250.00,57,0.00,-0.37
1039870,250.38,250.00,55,0.00,-0.38
1039970,250.38,250.00,56,0.00,-0.38
1040070,250.35,250.00,59,0.00,-0.35
1040170,250.34,250.00,57,0.00,-0.34
1040270,250.34,250.00,56,0.00,-0.34
1040370,250.33,250.00,57,0.00,-0.33
1040470,250.31,250.00,58,0.00,-0.31
1040570,250.34,250.00,53,0.00,-0.34
1040670,250.36,250.00,55,0.00,-0.36
1040770,250.36,250.00,56,0.00,-0.36
1040870,250.36,250.00,56,0.00,-0.36
1040970,250.33,250.00,58,0.00,-0.33
1041070,250.34,250.00,56,0.00,-0.34
1041170,250.30,250.00,60,0.00,-0.30
1041270,250.30,250.00,57,0.00,-0.30
1041370,250.28,250.00,58,0.00,-0.28
1041470,250.28,250.00,57,0.00,-0.28
1041570,250.26,250.00,58,0.00,-0.26
1041670,250.25,250.00,58,0.00,-0.25
1041770,250.25,250.00,57,0.00,-0.25
1041870,250.23,250.00,58,0.00,-0.23
1041970,250.25,250.00,55,0.00,-0.25
1042070,250.21,250.00,60,0.00,-0.21
1042170,250.20,250.00,58,0.00,-0.20
1042270,250.21,250.00,56,0.00,-0.21
1042370,250.22,250.00,55,0.00,-0.22
1042470,250.24,250.00,55,0.00,-0.24
1042570,250.24,250.00,56,0.00,-0.24
1042670,250.27,250.00,53,0.00,-0.27
1042770,250.33,250.00,50,0.00,-0.33
1042870,250.39,250.00,49,0.00,-0.39
1042970,250.44,250.00,51,0.00,-0.44
1043070,250.46,250.00,54,0.00,-0.46
1043170,250.43,250.00,58,0.00,-0.43
1043270,250.43,250.00,56,0.00,-0.43
1043370,250.41,250.00,58,0.00,-0.41
1043470,250.45,250.00,51,0.00,-0.45
1043570,250.47,250.00,54,0.00,-0.47
1043670,250.46,250.00,57,0.00,-0.46
1043770,250.47,250.00,54,0.00,-0.47
1043870,250.47,250.00,55,0.00,-0.47
1043970,250.49,250.00,54,0.00,-0.49
1044070,250.50,250.00,54,0.00,-0.50
1044170,250.48,250.00,57,0.00,-0.48
1044270,250.45,250.00,59,0.00,-0.45
1044370,250.43,250.00,58,0.00,-0.43
1044470,250.40,250.00,59,0.00,-0.40
1044570,250.41,250.00,55,0.00,-0.41
1044670,250.45,250.00,51,0.00,-0.45
1044770,250.44,250.00,56,0.00,-0.44
1044870,250.46,250.00,54,0.00,-0.46
1044970,250.44,250.00,58,0.00,-0.44
1045070,250.42,250.00,58,0.00,-0.42
1045170,250.40,250.00,57,0.00,-0.40
1045270,250.37,250.00,59,0.00,-0.37
1045370,250.34,250.00,60,0.00,-0.34
1045470,250.35,250.00,54,0.00,-0.35
1045570,250.39,250.00,52,0.00,-0.39
1045670,250.36,250.00,58,0.00,-0.36
1045770,250.39,250.00,53,0.00,-0.39
1045870,250.40,250.00,55,0.00,-0.40
1045970,250.38,250.00,57,0.00,-0.38
1046070,250.39,250.00,55,0.00,-0.39
1046170,250.42,250.00,52,0.00,-0.42
1046270,250.38,250.00,60,0.00,-0.38
1046370,250.37,250.00,57,0.00,-0.37
1046470,250.34,250.00,58,0.00,-0.34
1046570,250.35,250.00,56,0.00,-0.35
1046670,250.32,250.00,58,0.00,-0.32
1046770,250.29,250.00,59,0.00,-0.29
1046870,250.31,250.00,54,0.00,-0.31
1046970,250.29,250.00,58,0.00,-0.29
1047070,250.26,250.00,59,0.00,-0.26
1047170,250.26,250.00,56,0.00,-0.26
1047270,250.24,250.00,59,0.00,-0.24
1047370,250.24,250.00,56,0.00,-0.24
1047470,250.19,250.00,61,0.00,-0.19
1047570,250.16,250.00,60,0.00,-0.16
1047670,250.18,250.00,54,0.00,-0.18
1047770,250.15,250.00,59,0.00,-0.15
1047870,250.14,250.00,58,0.00,-0.14
1047970,250.12,250.00,58,0.00,-0.12
1048070,250.12,250.00,57,0.00,-0.12
1048170,250.09,250.00,60,0.00,-0.09
1048270,250.09,250.00,56,0.00,-0.09
1048370,250.11,250.00,55,0.00,-0.11
1048470,250.13,250.00,54,0.00,-0.13
1048570,250.12,250.00,58,0.00,-0.12
1048670,250.08,250.00,60,0.00,-0.08
1048770,250.09,250.00,56,0.00,-0.09
1048870,250.07,250.00,59,0.00,-0.07
1048970,250.07,250.00,56,0.00,-0.07
1049070,250.05,250.00,59,0.00,-0.05
1049170,250.07,250.00,55,0.00,-0.07
1049270,250.07,250.00,58,0.00,-0.07
1049370,250.05,250.00,59,0.00,-0.05
1049470,250.04,250.00,57,0.00,-0.04
1049570,250.00,250.00,61,0.00,-0.00
1049670,250.00,250.00,57,0.00,-0.00
1049770,250.04,250.00,53,0.00,-0.04
1049870,250.04,250.00,57,0.00,-0.04
1049970,250.06,250.00,55,0.00,-0.06
1050070,250.06,250.00,56,0.00,-0.06
1050170,250.06,250.00,57,0.00,-0.06
1050270,250.08,250.00,55,0.00,-0.08
1050370,250.09,250.00,55,0.00,-0.09
1050470,250.10,250.00,56,0.00,-0.10
1050570,250.11,250.00,55,0.00,-0.11
1050670,250.14,250.00,54,0.00,-0.14
1050770,250.15,250.00,55,0.00,-0.15
1050870,250.16,250.00,56,0.00,-0.16
1050970,250.18,250.00,54,0.00,-0.18
1051070,250.15,250.00,59,0.00,-0.15
1051170,250.15,250.00,57,0.00,-0.15
1051270,250.12,250.00,59,0.00,-0.12
1051370,250.10,250.00,59,0.00,-0.10
1051470,250.06,250.00,60,0.00,-0.06
1051570,250.02,250.00,61,0.00,-0.02
1051670,250.00,250.00,60,0.00,0.00
1051770,249.98,250.00,58,0.00,0.02
1051870,249.96,250.00,59,0.00,0.04
1051970,249.93,250.00,61,0.00,0.07
1052070,249.93,250.00,58,0.00,0.07
1052170,249.93,250.00,57,0.00,0.07
1052270,249.93,250.00,58,0.00,0.07
1052370,249.89,250.00,62,0.00,0.11
1052470,249.89,250.00,58,0.00,0.11
1052570,249.85,250.00,61,0.00,0.15
1052670,249.84,250.00,59,0.00,0.16
1052770,249.82,250.00,60,0.00,0.18
1052870,249.84,250.00,56,0.00,0.16
1052970,249.87,250.00,55,0.00,0.13
1053070,249.90,250.00,55,0.00,0.10
1053170,249.92,250.00,55,0.00,0.08
1053270,249.90,250.00,59,0.00,0.10
1053370,249.89,250.00,59,0.00,0.11
1053470,249.87,250.00,60,0.00,0.13
1053570,249.83,250.00,61,0.00,0.17
1053670,249.80,250.00,61,0.00,0.20
1053770,249.77,250.00,61,0.00,0.23
1053870,249.77,250.00,58,0.00,0.23
1053970,249.76,250.00,59,0.00,0.24
1054070,249.75,250.00,59,0.00,0.25
1054170,249.76,250.00,57,0.00,0.24
1054270,249.78,250.00,57,0.00,0.22
1054370,249.76,250.00,59,0.00,0.24
1054470,249.77,250.00,57,0.00,0.23
1054570,249.81,250.00,54,0.00,0.19
1054670,249.79,250.00,60,0.00,0.21
1054770,249.80,250.00,57,0.00,0.20
1054870,249.81,250.00,57,0.00,0.19
1054970,249.83,250.00,56,0.00,0.17
1055070,249.82,250.00,59,0.00,0.18
1055170,249.88,250.00,52,0.00,0.12
1055270,249.88,250.00,58,0.00,0.12
1055370,249.89,250.00,56,0.00,0.11
1055470,249.90,250.00,56,0.00,0.10
1055570,249.88,250.00,60,0.00,0.12
1055670,249.84,250.00,61,0.00,0.16
1055770,249.81,250.00,61,0.00,0.19
1055870,249.81,250.00,58,0.00,0.19
1055970,249.83,250.00,56,0.00,0.17
1056070,249.86,250.00,55,0.00,0.14
1056170,249.87,250.00,56,0.00,0.13
1056270,249.86,250.00,59,0.00,0.14
1056370,249.85,250.00,59,0.00,0.15
1056470,249.84,250.00,59,0.00,0.16
1056570,249.82,250.00,60,0.00,0.18
1056670,249.83,250.00,57,0.00,0.17
1056770,249.83,250.00,57,0.00,0.17
1056870,249.86,250.00,55,0.00,0.14
1056970,249.84,250.00,60,0.00,0.16
1057070,249.81,250.00,61,0.00,0.19
1057170,249.79,250.00,60,0.00,0.21
1057270,249.77,250.00,61,0.00,0.23
1057370,249.77,250.00,58,0.00,0.23
1057470,249.74,250.00,61,0.00,0.26
1057570,249.72,250.00,60,0.00,0.28
1057670,249.70,250.00,60,0.00,0.30
1057770,249.69,250.00,60,0.00,0.31
1057870,249.67,250.00,60,0.00,0.33
1057970,249.68,250.00,58,0.00,0.32
1058070,249.66,250.00,60,0.00,0.34
1058170,249.67,250.00,58,0.00,0.33
1058270,249.67,250.00,59,0.00,0.33
1058370,249.67,250.00,59,0.00,0.33
1058470,249.69,250.00,56,0.00,0.31
1058570,249.70,250.00,58,0.00,0.30
1059326,249.72,250.00,57,0.00,0.28
1060059,249.65,250.00,65,0.00,0.35
1060792,249.63,250.00,61,0.00,0.37
1061525,249.62,250.00,60,0.00,0.38
1062258,249.55,250.00,66,0.00,0.45
1062991,249.51,250.00,63,0.00,0.49
1063724,249.48,250.00,63,0.00,0.52
1064457,249.40,250.00,67,0.00,0.60
1065190,249.32,250.00,68,0.00,0.68
1065923,249.20,250.00,73,0.00,0.80
1066656,249.05,250.00,77,0.00,0.95
1067389,248.90,250.00,77,0.00,1.10
1068122,248.64,250.00,89,0.00,1.36
1068855,248.38,250.00,90,0.00,1.62
1069588,248.05,250.00,98,0.00,1.95
1070321,247.70,250.00,100,0.00,2.30
1071054,247.30,250.00,100,0.00,2.70
1071787,246.86,250.00,100,0.00,3.14
1072520,246.42,250.00,100,0.00,3.58
1073253,245.89,250.00,100,0.00,4.11
1073986,245.37,250.00,100,0.00,4.63
1074719,244.86,250.00,100,0.00,5.14
1075452,244.29,250.00,100,0.00,5.71
1076185,243.69,250.00,100,0.00,6.31
1076918,243.07,250.00,100,0.00,6.93
1077651,242.45,250.00,100,0.00,7.55
1078384,241.81,250.00,100,0.00,8.19
1079117,241.14,250.00,100,0.00,8.86
1079850,240.44,250.00,100,0.00,9.56
1080583,239.73,250.00,100,0.00,10.27
1081316,239.00,250.00,100,0.00,11.00
1082049,238.26,250.00,100,0.00,11.74
1082782,237.54,250.00,100,0.00,12.46
1083515,236.79,250.00,100,0.00,13.21
1084248,236.04,250.00,100,0.00,13.96
1084981,235.28,250.00,100,0.00,14.72
1085714,234.54,250.00,100,0.00,15.46
1086447,233.75,250.00,100,0.00,16.25
1087180,232.99,250.00,100,0.00,17.01
1087913,232.22,250.00,100,0.00,17.78
1088646,231.46,250.00,100,0.00,18.54
1089379,230.69,250.00,100,0.00,19.31
1090112,229.93,250.00,100,0.00,20.07
1090845,229.15,250.00,100,0.00,20.85
1091578,228.38,250.00,100,0.00,21.62
1092311,227.62,250.00,100,0.00,22.38
1093044,226.85,250.00,100,0.00,23.15
1093777,226.08,250.00,100,0.00,23.92
1094510,225.32,250.00,100,0.00,24.68
1095243,224.57,250.00,100,0.00,25.43
1095976,223.83,250.00,100,0.00,26.17
1096709,223.10,250.00,100,0.00,26.90
1097442,222.40,250.00,100,0.00,27.60
1098175,221.72,250.00,100,0.00,28.28
1098908,221.04,250.00,100,0.00,28.96
1099641,220.36,250.00,100,0.00,29.64
1100374,219.68,250.00,100,0.00,30.32
1101107,219.01,250.00,100,0.00,30.99
1101840,218.32,250.00,100,0.00,31.68
1102573,217.64,250.00,100,0.00,32.36
1103306,216.97,250.00,100,0.00,33.03
1104039,216.28,250.00,100,0.00,33.72
1104772,215.61,250.00,100,0.00,34.39
1105505,214.94,250.00,100,0.00,35.06
1106238,214.26,250.00,100,0.00,35.74
1106971,213.58,250.00,100,0.00,36.42
1107704,212.90,250.00,100,0.00,37.10
1108437,212.24,250.00,100,0.00,37.76
1109170,211.58,250.00,100,0.00,38.42
1109903,210.91,250.00,100,0.00,39.09
1110636,210.23,250.00,100,0.00,39.77
1111369,209.57,250.00,100,0.00,40.43
1112102,208.90,250.00,100,0.00,41.10
1112835,208.24,250.00,100,0.00,41.76
1113568,207.59,250.00,100,0.00,42.41
1114301,206.94,250.00,100,0.00,43.06
1115034,206.30,250.00,100,0.00,43.70
1115767,205.66,250.00,100,0.00,44.34
1116500,205.03,250.00,100,0.00,44.97
1117233,204.41,250.00,100,0.00,45.59
1117966,203.79,250.00,100,0.00,46.21
1118699,203.17,250.00,100,0.00,46.83
1119432,202.57,250.00,100,0.00,47.43
1120165,201.95,250.00,100,0.00,48.05
1120898,201.34,250.00,100,0.00,48.66
1121631,200.76,250.00,100,0.00,49.24
1122364,200.15,250.00,100,0.00,49.85
1123097,199.56,250.00,100,0.00,50.44
1123830,198.96,250.00,100,0.00,51.04
1124563,198.36,250.00,100,0.00,51.64
1125296,197.76,250.00,100,0.00,52.24
1126029,197.18,250.00,100,0.00,52.82
1126762,196.60,250.00,100,0.00,53.40
1127495,196.03,250.00,100,0.00,53.97
1128228,195.46,250.00,100,0.00,54.54
1128961,194.90,250.00,100,0.00,55.10
1129694,194.34,250.00,100,0.00,55.66
1130427,193.78,250.00,100,0.00,56.22
1131160,193.23,250.00,100,0.00,56.77
1131893,192.66,250.00,100,0.00,57.34
1132626,192.12,250.00,100,0.00,57.88
1133359,191.57,250.00,100,0.00,58.43
1134092,191.02,250.00,100,0.00,58.98
1134825,190.47,250.00,100,0.00,59.53
1135558,189.94,250.00,100,0.00,60.06
1136291,189.40,250.00,100,0.00,60.60
1137024,188.88,250.00,100,0.00,61.12
1137757,188.35,250.00,100,0.00,61.65
1138490,187.84,250.00,100,0.00,62.16
1139223,187.33,250.00,100,0.00,62.67
1139956,186.84,250.00,100,0.00,63.16
1140689,186.35,250.00,100,0.00,63.65
1141422,185.86,250.00,100,0.00,64.14
1142155,185.38,250.00,100,0.00,64.62
1142888,184.90,250.00,100,0.00,65.10
1143621,184.42,250.00,100,0.00,65.58
1144354,183.94,250.00,100,0.00,66.06
1145087,183.45,250.00,100,0.00,66.55
1145820,182.98,250.00,100,0.00,67.02
1146553,182.51,250.00,100,0.00,67.49
1147286,182.04,250.00,100,0.00,67.96
1148019,181.57,250.00,100,0.00,68.43
1148752,181.10,250.00,100,0.00,68.90
1149485,180.64,250.00,100,0.00,69.36
1150218,180.17,250.00,100,0.00,69.83
1150951,179.73,250.00,100,0.00,70.27
1151684,179.29,250.00,100,0.00,70.71
1152417,178.85,250.00,100,0.00,71.15
1153150,178.42,250.00,100,0.00,71.58
1153883,178.00,250.00,100,0.00,72.00
1154616,177.57,250.00,100,0.00,72.43
1155349,177.13,250.00,100,0.00,72.87
1156082,176.70,250.00,100,0.00,73.30
1156815,176.26,250.00,100,0.00,73.74
1157548,175.83,250.00,100,0.00,74.17
1158281,175.41,250.00,100,0.00,74.59
1159014,174.99,250.00,100,0.00,75.01
1159747,174.57,250.00,100,0.00,75.43
1160480,174.16,250.00,100,0.00,75.84
1161213,173.74,250.00,100,0.00,76.26
1161946,173.35,250.00,100,0.00,76.65
1162679,172.94,250.00,100,0.00,77.06
1163412,172.54,250.00,100,0.00,77.46
1164145,172.13,250.00,100,0.00,77.87
1164878,171.73,250.00,100,0.00,78.27
1165611,171.33,250.00,100,0.00,78.67
1166344,170.93,250.00,100,0.00,79.07
1167077,170.53,250.00,100,0.00,79.47
1167810,170.14,250.00,100,0.00,79.86
1168543,169.74,250.00,100,0.00,80.26
1169276,169.35,250.00,100,0.00,80.65
1170009,168.95,250.00,100,0.00,81.05
1170742,168.57,250.00,100,0.00,81.43
1171475,168.18,250.00,100,0.00,81.82
1172208,167.80,250.00,100,0.00,82.20
1172941,167.41,250.00,100,0.00,82.59
1173674,167.02,250.00,100,0.00,82.98
1174407,166.64,250.00,100,0.00,83.36
1175140,166.25,250.00,100,0.00,83.75
1175873,165.88,250.00,100,0.00,84.12
1176606,165.52,250.00,100,0.00,84.48
1177339,165.15,250.00,100,0.00,84.85
1178072,164.78,250.00,100,0.00,85.22
1178805,164.41,250.00,100,0.00,85.59
1179538,164.04,250.00,100,0.00,85.96
1180271,163.67,250.00,100,0.00,86.33
1181004,163.30,250.00,100,0.00,86.70
1181737,162.94,250.00,100,0.00,87.06
1182470,162.60,250.00,100,0.00,87.40
1183203,162.24,250.00,100,0.00,87.76
1183936,161.88,250.00,100,0.00,88.12
1184669,161.54,250.00,100,0.00,88.46
1185402,161.18,250.00,100,0.00,88.82
1186135,160.82,250.00,100,0.00,89.18
1186868,160.47,250.00,100,0.00,89.53
1187601,160.12,250.00,100,0.00,89.88
1188334,159.78,250.00,100,0.00,90.22
1189067,159.44,250.00,100,0.00,90.56
1189800,159.09,250.00,100,0.00,90.91
1190533,158.75,250.00,100,0.00,91.25
1191266,158.40,250.00,100,0.00,91.60
1191999,158.06,250.00,100,0.00,91.94
1192732,157.71,250.00,100,0.00,92.29
1193465,157.37,250.00,100,0.00,92.63
1194198,157.02,250.00,100,0.00,92.98
1194931,156.67,250.00,100,0.00,93.33
1195664,156.33,250.00,100,0.00,93.67
1196397,155.99,250.00,100,0.00,94.01
1197130,155.64,250.00,100,0.00,94.36
1197863,155.30,250.00,100,0.00,94.70
1198596,154.96,250.00,100,0.00,95.04
1199329,154.62,250.00,100,0.00,95.38
1200062,154.28,250.00,100,0.00,95.72
1200795,153.96,250.00,100,0.00,96.04
1201528,153.64,250.00,100,0.00,96.36
1202261,153.31,250.00,100,0.00,96.69
1202994,152.98,250.00,100,0.00,97.02
1203727,152.64,250.00,100,0.00,97.36
1204460,152.32,250.00,100,0.00,97.68
1205193,152.00,250.00,100,0.00,98.00
1205926,151.68,250.00,100,0.00,98.32
1206659,151.36,250.00,100,0.00,98.64
1207392,151.05,250.00,100,0.00,98.95
1208125,150.74,250.00,100,0.00,99.26
1208858,150.42,250.00,100,0.00,99.58
1209591,150.10,250.00,100,0.00,99.90
1210324,149.79,250.00,100,0.00,100.21
1211057,149.48,250.00,100,0.00,100.52
1211790,149.18,250.00,100,0.00,100.82
1212523,148.88,250.00,100,0.00,101.12
1213256,148.57,250.00,100,0.00,101.43
1213989,148.27,250.00,100,0.00,101.73
1214722,147.97,250.00,100,0.00,102.03
1215455,147.67,250.00,100,0.00,102.33
1216188,147.36,250.00,100,0.00,102.64
1216921,147.06,250.00,100,0.00,102.94
1217654,146.77,250.00,100,0.00,103.23
1218387,148.45,250.00,100,0.00,101.55
1219120,149.93,250.00,100,0.00,100.07
1219853,151.22,250.00,100,0.00,98.78
1220586,152.36,250.00,100,0.00,97.64
1221319,153.36,250.00,100,0.00,96.64
1222052,154.22,250.00,100,0.00,95.78
1222785,154.96,250.00,100,0.00,95.04
1223518,155.59,250.00,100,0.00,94.41
1224251,156.13,250.00,100,0.00,93.87
1224984,156.58,250.00,100,0.00,93.42
1225717,156.96,250.00,100,0.00,93.04
1226450,157.28,250.00,100,0.00,92.72
1227183,157.52,250.00,100,0.00,92.48
1227916,157.70,250.00,100,0.00,92.30
1228649,157.83,250.00,100,0.00,92.17
1229382,157.93,250.00,100,0.00,92.07
1230115,157.98,250.00,100,0.00,92.02
1230848,158.02,250.00,100,0.00,91.98
1231581,158.00,250.00,100,0.00,92.00
1232314,157.97,250.00,100,0.00,92.03
1233047,157.90,250.00,100,0.00,92.10
1233780,157.81,250.00,100,0.00,92.19
1234513,157.69,250.00,100,0.00,92.31
1235246,157.55,250.00,100,0.00,92.45
1235979,157.40,250.00,100,0.00,92.60
1236712,157.23,250.00,100,0.00,92.77
1237445,157.04,250.00,100,0.00,92.96
1238178,156.84,250.00,100,0.00,93.16
1238911,156.64,250.00,100,0.00,93.36
1239644,156.43,250.00,100,0.00,93.57
1240377,156.20,250.00,100,0.00,93.80
1241110,155.96,250.00,100,0.00,94.04
1241843,155.70,250.00,100,0.00,94.30
1242576,155.45,250.00,100,0.00,94.55
1243309,155.18,250.00,100,0.00,94.82
1244042,154.91,250.00,100,0.00,95.09
1244775,154.62,250.00,100,0.00,95.38
1245508,154.33,250.00,100,0.00,95.67
1246241,154.04,250.00,100,0.00,95.96
1246974,153.76,250.00,100,0.00,96.24
1247707,153.48,250.00,100,0.00,96.52
1248440,153.18,250.00,100,0.00,96.82
1249173,152.89,250.00,100,0.00,97.11
1249906,152.59,250.00,100,0.00,97.41
1250639,152.30,250.00,100,0.00,97.70
1251372,152.01,250.00,100,0.00,97.99
1252105,151.71,250.00,100,0.00,98.29
1252838,151.40,250.00,100,0.00,98.60
1253571,151.10,250.00,100,0.00,98.90
1254304,150.80,250.00,100,0.00,99.20
1255037,150.50,250.00,100,0.00,99.50
1255770,150.19,250.00,100,0.00,99.81
1256503,149.89,250.00,100,0.00,100.11
1257236,149.59,250.00,100,0.00,100.41
1257969,149.28,250.00,100,0.00,100.72
1258702,148.97,250.00,100,0.00,101.03
1259435,148.66,250.00,100,0.00,101.34
1260168,148.35,250.00,100,0.00,101.65
1260901,148.05,250.00,100,0.00,101.95
1261634,147.75,250.00,100,0.00,102.25
1262367,147.45,250.00,100,0.00,102.55
1263100,147.16,250.00,100,0.00,102.84
1263833,146.87,250.00,100,0.00,103.13
1264566,146.57,250.00,100,0.00,103.43
1265299,146.28,250.00,100,0.00,103.72
1266032,145.99,250.00,100,0.00,104.01
1266765,145.71,250.00,100,0.00,104.29
1267498,145.42,250.00,100,0.00,104.58
1268231,145.13,250.00,100,0.00,104.87
1268964,144.85,250.00,100,0.00,105.15
1269697,144.60,250.00,100,0.00,105.40
1270430,144.31,250.00,100,0.00,105.69
1271163,144.06,250.00,100,0.00,105.94
1271896,143.80,250.00,100,0.00,106.20
1272629,143.52,250.00,100,0.00,106.48
1273362,143.23,250.00,100,0.00,106.77
1274095,142.96,250.00,100,0.00,107.04
1274828,142.70,250.00,100,0.00,107.30
1275561,142.44,250.00,100,0.00,107.56
1276294,142.18,250.00,100,0.00,107.82
1277027,141.91,250.00,100,0.00,108.09
1277760,141.65,250.00,100,0.00,108.35
1278493,141.39,250.00,100,0.00,108.61
1279226,141.12,250.00,100,0.00,108.88
1279959,140.86,250.00,100,0.00,109.14
1280692,140.60,250.00,100,0.00,109.40
1281425,140.34,250.00,100,0.00,109.66
1282158,140.09,250.00,100,0.00,109.91
1282891,139.84,250.00,100,0.00,110.16
1283624,139.58,250.00,100,0.00,110.42
1284357,139.32,250.00,100,0.00,110.68
1285090,139.07,250.00,100,0.00,110.93
1285823,138.84,250.00,100,0.00,111.16
1286556,138.58,250.00,100,0.00,111.42
1287289,138.33,250.00,100,0.00,111.67
1288022,138.09,250.00,100,0.00,111.91
1288755,137.86,250.00,100,0.00,112.14
1289488,137.60,250.00,100,0.00,112.40
1290221,137.36,250.00,100,0.00,112.64
1290954,137.11,250.00,100,0.00,112.89
1291687,136.86,250.00,100,0.00,113.14
1292420,136.63,250.00,100,0.00,113.37
1293153,136.40,250.00,100,0.00,113.60
1293886,136.17,250.00,100,0.00,113.83
1294619,135.93,250.00,100,0.00,114.07
1295352,135.70,250.00,100,0.00,114.30
1296085,135.46,250.00,100,0.00,114.54
1296818,135.22,250.00,100,0.00,114.78
1297551,134.99,250.00,100,0.00,115.01
1298284,134.75,250.00,100,0.00,115.25
1299017,134.52,250.00,100,0.00,115.48
1299750,134.30,250.00,100,0.00,115.70
1300483,134.08,250.00,100,0.00,115.92
1301216,133.85,250.00,100,0.00,116.15
1301949,133.63,250.00,100,0.00,116.37
1302682,133.41,250.00,100,0.00,116.59
1303415,133.19,250.00,100,0.00,116.81
1304148,132.95,250.00,100,0.00,117.05
1304881,132.72,250.00,100,0.00,117.28
1305614,132.50,250.00,100,0.00,117.50
1306347,132.27,250.00,100,0.00,117.73
1307080,132.05,250.00,100,0.00,117.95
1307813,131.85,250.00,100,0.00,118.15
1308546,131.64,250.00,100,0.00,118.36
1309279,131.41,250.00,100,0.00,118.59
1310012,131.20,250.00,100,0.00,118.80
1310745,130.97,250.00,100,0.00,119.03
1311478,130.75,250.00,100,0.00,119.25
1312211,130.52,250.00,100,0.00,119.48
1312944,130.28,250.00,100,0.00,119.72
1313677,130.05,250.00,100,0.00,119.95
1314410,129.80,250.00,100,0.00,120.20
1315143,129.57,250.00,100,0.00,120.43
1315876,129.34,250.00,100,0.00,120.66
1316609,129.09,250.00,100,0.00,120.91
1317342,128.84,250.00,100,0.00,121.16
1318075,128.60,250.00,100,0.00,121.40
1318808,128.39,250.00,100,0.00,121.61
1319541,128.16,250.00,100,0.00,121.84
1320274,127.93,250.00,100,0.00,122.07
1321007,127.69,250.00,100,0.00,122.31
1321740,127.45,250.00,100,0.00,122.55
1322473,127.22,250.00,100,0.00,122.78
1323206,126.99,250.00,100,0.00,123.01
1323939,126.76,250.00,100,0.00,123.24
1324672,126.54,250.00,100,0.00,123.46
1325405,126.32,250.00,100,0.00,123.68
1326138,126.10,250.00,100,0.00,123.90
1326871,125.88,250.00,100,0.00,124.12
1327604,125.66,250.00,100,0.00,124.34
1328337,125.43,250.00,100,0.00,124.57
1329070,125.22,250.00,100,0.00,124.78
1329803,125.01,250.00,100,0.00,124.99
1330536,124.80,250.00,100,0.00,125.20
1331269,124.60,250.00,100,0.00,125.40
1332002,124.39,250.00,100,0.00,125.61
1332735,124.19,250.00,100,0.00,125.81
1333468,123.99,250.00,100,0.00,126.01
1334201,123.80,250.00,100,0.00,126.20
1334934,123.60,250.00,100,0.00,126.40
1335667,123.39,250.00,100,0.00,126.61
1336400,123.18,250.00,100,0.00,126.82
1337133,122.98,250.00,100,0.00,127.02
1337866,122.79,250.00,100,0.00,127.21
1338599,122.59,250.00,100,0.00,127.41
1339332,122.38,250.00,100,0.00,127.62
1340065,122.21,250.00,100,0.00,127.79
1340798,122.00,250.00,100,0.00,128.00
1341531,121.81,250.00,100,0.00,128.19
1342264,121.62,250.00,100,0.00,128.38
1342997,121.44,250.00,100,0.00,128.56
1343730,121.22,250.00,100,0.00,128.78
1344463,121.02,250.00,100,0.00,128.98
1345196,120.81,250.00,100,0.00,129.19
1345929,120.60,250.00,100,0.00,129.40
1346662,120.40,250.00,100,0.00,129.60
1347395,120.20,250.00,100,0.00,129.80
1348128,120.01,250.00,100,0.00,129.99
1348861,119.80,250.00,100,0.00,130.20
1349594,119.59,250.00,100,0.00,130.41
1350327,119.41,250.00,100,0.00,130.59
1351060,119.20,250.00,100,0.00,130.80
1351793,118.99,250.00,100,0.00,131.01
1352526,118.79,250.00,100,0.00,131.21
1353259,118.59,250.00,100,0.00,131.41
1353992,118.38,250.00,100,0.00,131.62
1354725,118.19,250.00,100,0.00,131.81
1355458,117.99,250.00,100,0.00,132.01
1356191,117.79,250.00,100,0.00,132.21
1356924,117.58,250.00,100,0.00,132.42
1357657,117.38,250.00,100,0.00,132.62
1358390,117.20,250.00,100,0.00,132.80
1359123,117.00,250.00,100,0.00,133.00
1359856,116.80,250.00,100,0.00,133.20
1360589,116.62,250.00,100,0.00,133.38
1361322,116.44,250.00,100,0.00,133.56
1362055,116.25,250.00,100,0.00,133.75
1362788,116.06,250.00,100,0.00,133.94
1363521,115.87,250.00,100,0.00,134.13
1364254,115.67,250.00,100,0.00,134.33
1364987,115.48,250.00,100,0.00,134.52
1365720,115.29,250.00,100,0.00,134.71
1366453,115.10,250.00,100,0.00,134.90
1367186,114.91,250.00,100,0.00,135.09
1367919,114.73,250.00,100,0.00,135.27
1368652,114.54,250.00,100,0.00,135.46
1369385,114.37,250.00,100,0.00,135.63
1370118,114.20,250.00,100,0.00,135.80
1370851,114.02,250.00,100,0.00,135.98
1371584,113.83,250.00,100,0.00,136.17
1372317,113.64,250.00,100,0.00,136.36
1373050,113.47,250.00,100,0.00,136.53
1373783,113.30,250.00,100,0.00,136.70
1374516,113.13,250.00,100,0.00,136.87
1375249,112.95,250.00,100,0.00,137.05
1375982,112.77,250.00,100,0.00,137.23
1376715,112.60,250.00,100,0.00,137.40
1377448,112.42,250.00,100,0.00,137.58
1378181,112.24,250.00,100,0.00,137.76
1378914,112.07,250.00,100,0.00,137.93
1379647,111.90,250.00,100,0.00,138.10
1380380,111.73,250.00,100,0.00,138.27
1381113,111.57,250.00,100,0.00,138.43
1381846,111.39,250.00,100,0.00,138.61
1382579,111.23,250.00,100,0.00,138.77
1383312,111.03,250.00,100,0.00,138.97
1384045,110.84,250.00,100,0.00,139.16
1384778,110.65,250.00,100,0.00,139.35
1385511,110.49,250.00,100,0.00,139.51
1386244,110.32,250.00,100,0.00,139.68
1386977,110.16,250.00,100,0.00,139.84
1387710,109.96,250.00,100,0.00,140.04
1388443,109.81,250.00,100,0.00,140.19
1389176,109.63,250.00,100,0.00,140.37
1389909,109.46,250.00,100,0.00,140.54
1390642,109.28,250.00,100,0.00,140.72
1391375,109.13,250.00,100,0.00,140.87
1392108,108.99,250.00,100,0.00,141.01
1392841,108.83,250.00,100,0.00,141.17
1393574,108.67,250.00,100,0.00,141.33
1394307,108.51,250.00,100,0.00,141.49
1395040,108.35,250.00,100,0.00,141.65
1395773,108.20,250.00,100,0.00,141.80
1396506,108.02,250.00,100,0.00,141.98
1397239,107.87,250.00,100,0.00,142.13
1397972,107.72,250.00,100,0.00,142.28
1398705,107.58,250.00,100,0.00,142.42
1399438,107.43,250.00,100,0.00,142.57
1400171,107.32,250.00,100,0.00,142.68
1400904,107.17,250.00,100,0.00,142.83
1401637,107.03,250.00,100,0.00,142.97
1402370,106.89,250.00,100,0.00,143.11
1403103,106.75,250.00,100,0.00,143.25
1403836,106.61,250.00,100,0.00,143.39
1404569,106.47,250.00,100,0.00,143.53
1405302,106.33,250.00,100,0.00,143.67
1406035,106.18,250.00,100,0.00,143.82
1406768,106.06,250.00,100,0.00,143.94
1407501,105.91,250.00,100,0.00,144.09
1408234,105.77,250.00,100,0.00,144.23
1408967,105.64,250.00,100,0.00,144.36
1409700,105.50,250.00,100,0.00,144.50
1410433,105.36,250.00,100,0.00,144.64
1411166,105.23,250.00,100,0.00,144.77
1411899,105.07,250.00,100,0.00,144.93
1412632,104.92,250.00,100,0.00,145.08
1413365,104.80,250.00,100,0.00,145.20
1414098,104.66,250.00,100,0.00,145.34
1414831,104.53,250.00,100,0.00,145.47
1415564,104.38,250.00,100,0.00,145.62
1416297,104.23,250.00,100,0.00,145.77
1417030,104.10,250.00,100,0.00,145.90
1417763,103.97,250.00,100,0.00,146.03
1418496,103.81,250.00,100,0.00,146.19
1419229,103.67,250.00,100,0.00,146.33
1419962,103.52,250.00,100,0.00,146.48
1420695,103.38,250.00,100,0.00,146.62
1421428,103.25,250.00,100,0.00,146.75
1422161,103.07,250.00,100,0.00,146.93
1422894,102.94,250.00,100,0.00,147.06
1423627,102.80,250.00,100,0.00,147.20
1424360,102.66,250.00,100,0.00,147.34
1425093,102.52,250.00,100,0.00,147.48
1425826,102.39,250.00,100,0.00,147.61
1426559,102.27,250.00,100,0.00,147.73
1427292,102.13,250.00,100,0.00,147.87
1428025,101.98,250.00,100,0.00,148.02
1428758,101.83,250.00,100,0.00,148.17
1429491,101.69,250.00,100,0.00,148.31
1430224,101.55,250.00,100,0.00,148.45
1430957,101.43,250.00,100,0.00,148.57
1431690,101.29,250.00,100,0.00,148.71
1432423,101.15,250.00,100,0.00,148.85
1433156,101.03,250.00,100,0.00,148.97
1433889,100.88,250.00,100,0.00,149.12
1434622,100.76,250.00,100,0.00,149.24
1435355,100.61,250.00,100,0.00,149.39
1436088,100.48,250.00,100,0.00,149.52
1436821,100.34,250.00,100,0.00,149.66
1437554,100.22,250.00,100,0.00,149.78
1438287,100.10,250.00,100,0.00,149.90
1439020,99.97,250.00,100,0.00,150.03
1439727,99.85,250.00,100,0.00,150.15
1440408,99.71,250.00,100,0.00,150.29
1441089,99.58,250.00,100,0.00,150.42
1441770,99.47,250.00,100,0.00,150.53
1442451,99.35,250.00,100,0.00,150.65
1443132,99.21,250.00,100,0.00,150.79
1443813,99.11,250.00,100,0.00,150.89
1444494,98.99,250.00,100,0.00,151.01
1445175,98.86,250.00,100,0.00,151.14
1445856,98.73,250.00,100,0.00,151.27
1446537,98.61,250.00,100,0.00,151.39
1447218,98.47,250.00,100,0.00,151.53
1447899,98.34,250.00,100,0.00,151.66
1448580,98.23,250.00,100,0.00,151.77
1449261,98.11,250.00,100,0.00,151.89
1449942,97.98,250.00,100,0.00,152.02
1450623,97.85,250.00,100,0.00,152.15
1451304,97.73,250.00,100,0.00,152.27
1451985,97.60,250.00,100,0.00,152.40
1452666,97.49,250.00,100,0.00,152.51
1453347,97.36,250.00,100,0.00,152.64
1454028,97.27,250.00,100,0.00,152.73
1454709,97.17,250.00,100,0.00,152.83
1455390,97.09,250.00,100,0.00,152.91
1456071,96.98,250.00,100,0.00,153.02
1456752,96.88,250.00,100,0.00,153.12
1457433,96.76,250.00,100,0.00,153.24
1458114,96.65,250.00,100,0.00,153.35
1458795,96.51,250.00,100,0.00,153.49
1459476,96.40,250.00,100,0.00,153.60
1460157,96.29,250.00,100,0.00,153.71
1460838,96.17,250.00,100,0.00,153.83
1461519,96.05,250.00,100,0.00,153.95
1462200,95.93,250.00,100,0.00,154.07
1462881,95.81,250.00,100,0.00,154.19
1463562,95.70,250.00,100,0.00,154.30
1464243,95.59,250.00,100,0.00,154.41
1464924,95.47,250.00,100,0.00,154.53
1465605,95.35,250.00,100,0.00,154.65
1466286,95.22,250.00,100,0.00,154.78
1466967,95.12,250.00,100,0.00,154.88
1467648,95.02,250.00,100,0.00,154.98
1468329,94.90,250.00,100,0.00,155.10
1469010,94.78,250.00,100,0.00,155.22
1469691,94.66,250.00,100,0.00,155.34
1470372,94.54,250.00,100,0.00,155.46
1471053,94.41,250.00,100,0.00,155.59
1471734,94.32,250.00,100,0.00,155.68
1472415,94.21,250.00,100,0.00,155.79
1473096,94.10,250.00,100,0.00,155.90
1473777,94.00,250.00,100,0.00,156.00
1474458,93.89,250.00,100,0.00,156.11
1475139,93.78,250.00,100,0.00,156.22
1475820,93.68,250.00,100,0.00,156.32
1476501,93.56,250.00,100,0.00,156.44
1477182,93.44,250.00,100,0.00,156.56
1477863,93.34,250.00,100,0.00,156.66
1478544,93.21,250.00,100,0.00,156.79
1479225,93.11,250.00,100,0.00,156.89
1479906,93.00,250.00,100,0.00,157.00
1480587,92.88,250.00,100,0.00,157.12
1481268,92.78,250.00,100,0.00,157.22
1481949,92.69,250.00,100,0.00,157.31
1482630,92.58,250.00,100,0.00,157.42
1483311,92.48,250.00,100,0.00,157.52
1483992,92.37,250.00,100,0.00,157.63
1484673,92.27,250.00,100,0.00,157.73
1485354,92.17,250.00,100,0.00,157.83
1486035,92.07,250.00,100,0.00,157.93
1486716,91.95,250.00,100,0.00,158.05
1487397,91.86,250.00,100,0.00,158.14
1488078,91.77,250.00,100,0.00,158.23
1488759,91.70,250.00,100,0.00,158.30
1489440,91.61,250.00,100,0.00,158.39
1490121,91.53,250.00,100,0.00,158.47
1490802,91.45,250.00,100,0.00,158.55
1491483,91.40,250.00,100,0.00,158.60
1492164,91.32,250.00,100,0.00,158.68
1492845,91.23,250.00,100,0.00,158.77
1493526,91.16,250.00,100,0.00,158.84
1494207,91.09,250.00,100,0.00,158.91
1494888,91.00,250.00,100,0.00,159.00
1495569,90.91,250.00,100,0.00,159.09
1496250,90.82,250.00,100,0.00,159.18
1496931,90.75,250.00,100,0.00,159.25
1497612,90.67,250.00,100,0.00,159.33
1498293,90.59,250.00,100,0.00,159.41
1498974,90.51,250.00,100,0.00,159.49
1499655,90.42,250.00,100,0.00,159.58
1500336,90.34,250.00,100,0.00,159.66
1501017,90.23,250.00,100,0.00,159.77
1501698,90.14,250.00,100,0.00,159.86
1502379,90.03,250.00,100,0.00,159.97
1503060,89.92,250.00,100,0.00,160.08
1503741,89.81,250.00,100,0.00,160.19
1504422,89.72,250.00,100,0.00,160.28
1505103,89.60,250.00,100,0.00,160.40
1505784,89.48,250.00,100,0.00,160.52
1506465,89.38,250.00,100,0.00,160.62
1507146,89.29,250.00,100,0.00,160.71
1507827,89.18,250.00,100,0.00,160.82
1508508,89.07,250.00,100,0.00,160.93
1509189,88.97,250.00,100,0.00,161.03
1509870,88.87,250.00,100,0.00,161.13
1510551,88.77,250.00,100,0.00,161.23
1511232,88.67,250.00,100,0.00,161.33
1511913,88.58,250.00,100,0.00,161.42
1512594,88.49,250.00,100,0.00,161.51
1513275,88.40,250.00,100,0.00,161.60
1513956,88.31,250.00,100,0.00,161.69
1514637,88.22,250.00,100,0.00,161.78
1515318,88.11,250.00,100,0.00,161.89
1515999,88.04,250.00,100,0.00,161.96
1516680,87.94,250.00,100,0.00,162.06
1517361,87.86,250.00,100,0.00,162.14
1518042,87.76,250.00,100,0.00,162.24
1518723,87.69,250.00,100,0.00,162.31
1519404,87.60,250.00,100,0.00,162.40
1520085,87.50,250.00,100,0.00,162.50
1520766,87.41,250.00,100,0.00,162.59
1521447,87.32,250.00,100,0.00,162.68
1522128,87.23,250.00,100,0.00,162.77
1522809,87.16,250.00,100,0.00,162.84
1523490,87.07,250.00,100,0.00,162.93
1524171,86.98,250.00,100,0.00,163.02
1524852,86.90,250.00,100,0.00,163.10
1525533,86.82,250.00,100,0.00,163.18
1526214,86.71,250.00,100,0.00,163.29
1526895,86.65,250.00,100,0.00,163.35
1527576,86.56,250.00,100,0.00,163.44
1528257,86.45,250.00,100,0.00,163.55
1528938,86.37,250.00,100,0.00,163.63
1529619,86.27,250.00,100,0.00,163.73
1530300,86.19,250.00,100,0.00,163.81
1530981,86.11,250.00,100,0.00,163.89
1531662,86.02,250.00,100,0.00,163.98
1532343,85.94,250.00,100,0.00,164.06
1533024,85.87,250.00,100,0.00,164.13
1533705,85.79,250.00,100,0.00,164.21
1534386,85.69,250.00,100,0.00,164.31
1535067,85.60,250.00,100,0.00,164.40
1535748,85.53,250.00,100,0.00,164.47
1536429,85.45,250.00,100,0.00,164.55
1537110,85.39,250.00,100,0.00,164.61
1537791,85.31,250.00,100,0.00,164.69
1538472,85.26,250.00,100,0.00,164.74
1539153,85.16,250.00,100,0.00,164.84
1539834,85.10,250.00,100,0.00,164.90
1540515,85.04,250.00,100,0.00,164.96
1541196,85.00,250.00,100,0.00,165.00
1541877,84.96,250.00,100,0.00,165.04
1542558,84.86,250.00,100,0.00,165.14
1543239,84.80,250.00,100,0.00,165.20
1543920,84.74,250.00,100,0.00,165.26
1544601,84.67,250.00,100,0.00,165.33
1545282,84.58,250.00,100,0.00,165.42
1545963,84.50,250.00,100,0.00,165.50
1546644,84.43,250.00,100,0.00,165.57
1547325,84.34,250.00,100,0.00,165.66
1548006,84.25,250.00,100,0.00,165.75
1548687,84.14,250.00,100,0.00,165.86
1549368,84.06,250.00,100,0.00,165.94
1550049,83.97,250.00,100,0.00,166.03
1550730,83.90,250.00,100,0.00,166.10
1551411,83.84,250.00,100,0.00,166.16
1552092,83.76,250.00,100,0.00,166.24
1552773,83.70,250.00,100,0.00,166.30
1553454,83.61,250.00,100,0.00,166.39
1554135,83.55,250.00,100,0.00,166.45
1554816,83.47,250.00,100,0.00,166.53
1555497,83.40,250.00,100,0.00,166.60
1556178,83.32,250.00,100,0.00,166.68
1556859,83.24,250.00,100,0.00,166.76
1557540,83.19,250.00,100,0.00,166.81
1558221,83.16,250.00,100,0.00,166.84
1558902,83.10,250.00,100,0.00,166.90
1559583,83.03,250.00,100,0.00,166.97
1560264,82.96,250.00,100,0.00,167.04
1560945,82.88,250.00,100,0.00,167.12
1561626,82.81,250.00,100,0.00,167.19
1562307,82.72,250.00,100,0.00,167.28
1562988,82.64,250.00,100,0.00,167.36
1563669,82.56,250.00,100,0.00,167.44
1564350,82.49,250.00,100,0.00,167.51
1565031,82.40,250.00,100,0.00,167.60
1565712,82.31,250.00,100,0.00,167.69
1566393,82.23,250.00,100,0.00,167.77
1567074,82.14,250.00,100,0.00,167.86
1567755,82.09,250.00,100,0.00,167.91
1568436,82.02,250.00,100,0.00,167.98
1569117,81.94,250.00,100,0.00,168.06
1569798,81.87,250.00,100,0.00,168.13
1570479,81.81,250.00,100,0.00,168.19
1571160,81.74,250.00,100,0.00,168.26
1571841,81.67,250.00,100,0.00,168.33
1572522,81.62,250.00,100,0.00,168.38
1573203,81.55,250.00,100,0.00,168.45
1573884,81.47,250.00,100,0.00,168.53
1574565,81.41,250.00,100,0.00,168.59
1575246,81.33,250.00,100,0.00,168.67
1575927,81.27,250.00,100,0.00,168.73
1576608,81.18,250.00,100,0.00,168.82
1577289,81.12,250.00,100,0.00,168.88
1577970,81.07,250.00,100,0.00,168.93
1578651,80.99,250.00,100,0.00,169.01
1579332,80.93,250.00,100,0.00,169.07
1580013,80.88,250.00,100,0.00,169.12
1580694,80.81,250.00,100,0.00,169.19
1581375,80.76,250.00,100,0.00,169.24
1582056,80.71,250.00,100,0.00,169.29
1582737,80.65,250.00,100,0.00,169.35
1583418,80.57,250.00,100,0.00,169.43
1584099,80.50,250.00,100,0.00,169.50
1584780,80.44,250.00,100,0.00,169.56
1585461,80.36,250.00,100,0.00,169.64
1586142,80.29,250.00,100,0.00,169.71
1586823,80.25,250.00,100,0.00,169.75
1587504,80.19,250.00,100,0.00,169.81
1588185,80.12,250.00,100,0.00,169.88
1588866,80.04,250.00,100,0.00,169.96
1589547,79.97,250.00,100,0.00,170.03
1590228,79.88,250.00,100,0.00,170.12
1590909,79.81,250.00,100,0.00,170.19
1591590,79.75,250.00,100,0.00,170.25
1592271,79.69,250.00,100,0.00,170.31
1592952,79.61,250.00,100,0.00,170.39
1593633,79.57,250.00,100,0.00,170.43
1594314,79.50,250.00,100,0.00,170.50
1594995,79.40,250.00,100,0.00,170.60
1595676,79.35,250.00,100,0.00,170.65
1596357,79.32,250.00,100,0.00,170.68
1597038,79.26,250.00,100,0.00,170.74
1597719,79.17,250.00,100,0.00,170.83
1598400,79.10,250.00,100,0.00,170.90
1599081,79.01,250.00,100,0.00,170.99
1599762,78.95,250.00,100,0.00,171.05
1600443,78.88,250.00,100,0.00,171.12
1601124,78.81,250.00,100,0.00,171.19
1601805,78.74,250.00,100,0.00,171.26
1602486,78.65,250.00,100,0.00,171.35
1603167,78.56,250.00,100,0.00,171.44
1603848,78.49,250.00,100,0.00,171.51
1604529,78.41,250.00,100,0.00,171.59
1605210,78.32,250.00,100,0.00,171.68
1605891,78.30,250.00,100,0.00,171.70
1606572,78.25,250.00,100,0.00,171.75
1607253,78.19,250.00,100,0.00,171.81
1607934,78.11,250.00,100,0.00,171.89
1608615,78.05,250.00,100,0.00,171.95
1609296,77.98,250.00,100,0.00,172.02
1609977,77.93,250.00,100,0.00,172.07
1610658,77.86,250.00,100,0.00,172.14
1611339,77.82,250.00,100,0.00,172.18
1612020,77.79,250.00,100,0.00,172.21
1612701,77.70,250.00,100,0.00,172.30
1613382,77.64,250.00,100,0.00,172.36
1614063,77.58,250.00,100,0.00,172.42
1614744,77.54,250.00,100,0.00,172.46
1615425,77.48,250.00,100,0.00,172.52
1616106,77.43,250.00,100,0.00,172.57
1616787,77.36,250.00,100,0.00,172.64
1617468,77.32,250.00,100,0.00,172.68
1618149,77.25,250.00,100,0.00,172.75
1618830,77.18,250.00,100,0.00,172.82
1619511,77.13,250.00,100,0.00,172.87
1620192,77.05,250.00,100,0.00,172.95
1620873,77.01,250.00,100,0.00,172.99
1621554,76.96,250.00,100,0.00,173.04
1622235,76.89,250.00,100,0.00,173.11
1622916,76.82,250.00,100,0.00,173.18
1623597,76.78,250.00,100,0.00,173.22
1624278,76.74,250.00,100,0.00,173.26
1624959,76.64,250.00,100,0.00,173.36
1625640,76.60,250.00,100,0.00,173.40
1626321,76.55,250.00,100,0.00,173.45
1627002,76.51,250.00,100,0.00,173.49
1627683,76.46,250.00,100,0.00,173.54
1628364,76.41,250.00,100,0.00,173.59
1629045,76.33,250.00,100,0.00,173.67
1629726,76.29,250.00,100,0.00,173.71
1630407,76.24,250.00,100,0.00,173.76
1631088,76.17,250.00,100,0.00,173.83
1631769,76.13,250.00,100,0.00,173.87
1632450,76.08,250.00,100,0.00,173.92
1633131,76.04,250.00,100,0.00,173.96
1633812,75.98,250.00,100,0.00,174.02
1634493,75.95,250.00,100,0.00,174.05
1635174,75.88,250.00,100,0.00,174.12
1635855,75.83,250.00,100,0.00,174.17
1636536,75.77,250.00,100,0.00,174.23
1637217,75.69,250.00,100,0.00,174.31
1637898,75.62,250.00,100,0.00,174.38
1638579,75.56,250.00,100,0.00,174.44
1639260,75.49,250.00,100,0.00,174.51
1639941,75.44,250.00,100,0.00,174.56
1640622,75.37,250.00,100,0.00,174.63
1641303,75.33,250.00,100,0.00,174.67
1641984,75.27,250.00,100,0.00,174.73
1642665,75.19,250.00,100,0.00,174.81
1643346,75.15,250.00,100,0.00,174.85
1644027,75.09,250.00,100,0.00,174.91
1644708,75.06,250.00,100,0.00,174.94
1645389,75.01,250.00,100,0.00,174.99
1646070,74.98,250.00,100,0.00,175.02
1646751,74.91,250.00,100,0.00,175.09
1647432,74.84,250.00,100,0.00,175.16
1648113,74.79,250.00,100,0.00,175.21
1648794,74.74,250.00,100,0.00,175.26
1649475,74.68,250.00,100,0.00,175.32
1650156,74.63,250.00,100,0.00,175.37
1650837,74.58,250.00,100,0.00,175.42
1651518,74.50,250.00,100,0.00,175.50
1652199,74.45,250.00,100,0.00,175.55
1652880,74.40,250.00,100,0.00,175.60
1653561,74.38,250.00,100,0.00,175.62
1654242,74.34,250.00,100,0.00,175.66
1654923,74.29,250.00,100,0.00,175.71
1655604,74.24,250.00,100,0.00,175.76
1656285,74.17,250.00,100,0.00,175.83
1656966,74.14,250.00,100,0.00,175.86
1657647,74.08,250.00,100,0.00,175.92
1658328,74.04,250.00,100,0.00,175.96
1659009,74.01,250.00,100,0.00,175.99
1659690,73.95,250.00,100,0.00,176.05
1660371,73.91,250.00,100,0.00,176.09
1661052,73.86,250.00,100,0.00,176.14
1661733,73.83,250.00,100,0.00,176.17
1662414,73.79,250.00,100,0.00,176.21
1663095,73.75,250.00,100,0.00,176.25
1663776,73.71,250.00,100,0.00,176.29
1664457,73.67,250.00,100,0.00,176.33
1665138,73.62,250.00,100,0.00,176.38
1665819,73.56,250.00,100,0.00,176.44
1666500,73.48,250.00,100,0.00,176.52
1667181,73.43,250.00,100,0.00,176.57
1667862,73.37,250.00,100,0.00,176.63
1668543,73.32,250.00,100,0.00,176.68
1669224,73.26,250.00,100,0.00,176.74
1669905,73.23,250.00,100,0.00,176.77
1670586,73.17,250.00,100,0.00,176.83
1671267,73.15,250.00,100,0.00,176.85
1671948,73.13,250.00,100,0.00,176.87
1672629,73.10,250.00,100,0.00,176.90
1673310,73.07,250.00,100,0.00,176.93
1673991,73.04,250.00,100,0.00,176.96
1674672,73.01,250.00,100,0.00,176.99
1675353,72.96,250.00,100,0.00,177.04
1676034,72.93,250.00,100,0.00,177.07
1676715,72.90,250.00,100,0.00,177.10
1677396,72.81,250.00,100,0.00,177.19
1678077,72.77,250.00,100,0.00,177.23
1678758,72.70,250.00,100,0.00,177.30
1679439,72.64,250.00,100,0.00,177.36
1680120,72.57,250.00,100,0.00,177.43
1680801,72.53,250.00,100,0.00,177.47
1681482,72.46,250.00,100,0.00,177.54
1682163,72.42,250.00,100,0.00,177.58
1682844,72.36,250.00,100,0.00,177.64
1683525,72.29,250.00,100,0.00,177.71
1684206,72.24,250.00,100,0.00,177.76
1684887,72.17,250.00,100,0.00,177.83
1685568,72.11,250.00,100,0.00,177.89
1686249,72.08,250.00,100,0.00,177.92
1686930,72.04,250.00,100,0.00,177.96
1687611,72.00,250.00,100,0.00,178.00
1688292,71.95,250.00,100,0.00,178.05
1688973,71.93,250.00,100,0.00,178.07
1689654,71.89,250.00,100,0.00,178.11
1690335,71.84,250.00,100,0.00,178.16
1691016,71.76,250.00,100,0.00,178.24
1691697,71.71,250.00,100,0.00,178.29
1692378,71.67,250.00,100,0.00,178.33
1693059,71.61,250.00,100,0.00,178.39
1693740,71.56,250.00,100,0.00,178.44
1694421,71.53,250.00,100,0.00,178.47
1695102,71.52,250.00,100,0.00,178.48
1695783,71.46,250.00,100,0.00,178.54
1696464,71.43,250.00,100,0.00,178.57
1697145,71.37,250.00,100,0.00,178.63
1697826,71.30,250.00,100,0.00,178.70
1698507,71.27,250.00,100,0.00,178.73
1699188,71.22,250.00,100,0.00,178.78
1699869,71.16,250.00,100,0.00,178.84
1700550,71.10,250.00,100,0.00,178.90
1701231,71.03,250.00,100,0.00,178.97
1701912,70.98,250.00,100,0.00,179.02
1702593,70.94,250.00,100,0.00,179.06
1703274,70.88,250.00,100,0.00,179.12
1703955,70.88,250.00,100,0.00,179.12
1704636,70.85,250.00,100,0.00,179.15
1705317,70.79,250.00,100,0.00,179.21
1705998,70.71,250.00,100,0.00,179.29
1706679,70.69,250.00,100,0.00,179.31
1707360,70.63,250.00,100,0.00,179.37
1708041,70.58,250.00,100,0.00,179.42
1708722,70.54,250.00,100,0.00,179.46
1709403,70.48,250.00,100,0.00,179.52
1710084,70.42,250.00,100,0.00,179.58
1710765,70.33,250.00,100,0.00,179.67
1711446,70.29,250.00,100,0.00,179.71
1712127,70.29,250.00,100,0.00,179.71
1712808,70.26,250.00,100,0.00,179.74
1713489,70.23,250.00,100,0.00,179.77
1714170,70.21,250.00,100,0.00,179.79
1714851,70.17,250.00,100,0.00,179.83
1715532,70.09,250.00,100,0.00,179.91
1716213,70.07,250.00,100,0.00,179.93
1716894,70.02,250.00,100,0.00,179.98
1717575,69.98,250.00,100,0.00,180.02
1718256,69.92,250.00,100,0.00,180.08
1718937,69.89,250.00,100,0.00,180.11
1719618,69.82,250.00,100,0.00,180.18
1720299,69.75,250.00,100,0.00,180.25
1720980,69.72,250.00,100,0.00,180.28
1721661,69.68,250.00,100,0.00,180.32
1722342,69.67,250.00,100,0.00,180.33
1723023,69.66,250.00,100,0.00,180.34
1723704,69.59,250.00,100,0.00,180.41
1724385,69.53,250.00,100,0.00,180.47
1725066,69.48,250.00,100,0.00,180.52
1725747,69.48,250.00,100,0.00,180.52
1726428,69.44,250.00,100,0.00,180.56
1727109,69.41,250.00,100,0.00,180.59
1727790,69.35,250.00,100,0.00,180.65
1728471,69.32,250.00,100,0.00,180.68
1729152,69.30,250.00,100,0.00,180.70
1729833,69.24,250.00,100,0.00,180.76
1730514,69.21,250.00,100,0.00,180.79
1731195,69.18,250.00,100,0.00,180.82
1731876,69.15,250.00,100,0.00,180.85
1732557,69.13,250.00,100,0.00,180.87
1733238,69.13,250.00,100,0.00,180.87
1733919,69.08,250.00,100,0.00,180.92
1734600,69.02,250.00,100,0.00,180.98
1735281,69.02,250.00,100,0.00,180.98
1735962,68.98,250.00,100,0.00,181.02
1736643,68.95,250.00,100,0.00,181.05
1737324,68.94,250.00,100,0.00,181.06
1738005,68.88,250.00,100,0.00,181.12
1738686,68.84,250.00,100,0.00,181.16
1739367,68.84,250.00,100,0.00,181.16
1740048,68.84,250.00,100,0.00,181.16
1740729,68.81,250.00,100,0.00,181.19
1741410,68.79,250.00,100,0.00,181.21
1742091,68.79,250.00,100,0.00,181.21
1742772,68.75,250.00,100,0.00,181.25
1743453,68.70,250.00,100,0.00,181.30
1744134,68.68,250.00,100,0.00,181.32
1744815,68.63,250.00,100,0.00,181.37
1745496,68.59,250.00,100,0.00,181.41
1746177,68.55,250.00,100,0.00,181.45
1746858,68.47,250.00,100,0.00,181.53
1747539,68.42,250.00,100,0.00,181.58
1748220,68.38,250.00,100,0.00,181.62
1748901,68.35,250.00,100,0.00,181.65
1749582,68.31,250.00,100,0.00,181.69
1750263,68.25,250.00,100,0.00,181.75
1750944,68.23,250.00,100,0.00,181.77
1751625,68.19,250.00,100,0.00,181.81
1752306,68.13,250.00,100,0.00,181.87
1752987,68.08,250.00,100,0.00,181.92
1753668,68.05,250.00,100,0.00,181.95
1754349,68.02,250.00,100,0.00,181.98
1755030,67.98,250.00,100,0.00,182.02
1755711,67.94,250.00,100,0.00,182.06
1756392,67.88,250.00,100,0.00,182.12
1757073,67.82,250.00,100,0.00,182.18
1757754,67.75,250.00,100,0.00,182.25
1758435,67.72,250.00,100,0.00,182.28
1759116,67.68,250.00,100,0.00,182.32
1759797,67.64,250.00,100,0.00,182.36
1760478,67.63,250.00,100,0.00,182.37
1761159,67.53,250.00,100,0.00,182.47
1761840,67.49,250.00,100,0.00,182.51
1762521,67.44,250.00,100,0.00,182.56
1763202,67.42,250.00,100,0.00,182.58
1763883,67.39,250.00,100,0.00,182.61
1764564,67.37,250.00,100,0.00,182.63
1765245,67.34,250.00,100,0.00,182.66
1765926,67.31,250.00,100,0.00,182.69
1766607,67.25,250.00,100,0.00,182.75
1767288,67.19,250.00,100,0.00,182.81
1767969,67.12,250.00,100,0.00,182.88
1768650,67.05,250.00,100,0.00,182.95
1769331,67.06,250.00,100,0.00,182.94
1770012,67.05,250.00,100,0.00,182.95
1770693,67.03,250.00,100,0.00,182.97
1771374,66.98,250.00,100,0.00,183.02
1772055,66.94,250.00,100,0.00,183.06
1772736,66.93,250.00,100,0.00,183.07
1773417,66.90,250.00,100,0.00,183.10
1774098,66.87,250.00,100,0.00,183.13
1774779,66.85,250.00,100,0.00,183.15
1775460,66.80,250.00,100,0.00,183.20
1776141,66.81,250.00,100,0.00,183.19
1776822,66.78,250.00,100,0.00,183.22
1777503,66.77,250.00,100,0.00,183.23
1778184,66.73,250.00,100,0.00,183.27
1778865,66.69,250.00,100,0.00,183.31
1779546,66.66,250.00,100,0.00,183.34
1780227,66.63,250.00,100,0.00,183.37
1780908,66.58,250.00,100,0.00,183.42
1781589,66.54,250.00,100,0.00,183.46
1782270,66.52,250.00,100,0.00,183.48
1782951,66.48,250.00,100,0.00,183.52
1783632,66.45,250.00,100,0.00,183.55
1784313,66.43,250.00,100,0.00,183.57
1784994,66.42,250.00,100,0.00,183.58
1785675,66.42,250.00,100,0.00,183.58
1786356,66.40,250.00,100,0.00,183.60
1787037,66.39,250.00,100,0.00,183.61
1787718,66.36,250.00,100,0.00,183.64
1788399,66.33,250.00,100,0.00,183.67
1789080,66.30,250.00,100,0.00,183.70
1789761,66.28,250.00,100,0.00,183.72
1790442,66.27,250.00,100,0.00,183.73
1791123,66.22,250.00,100,0.00,183.78
1791804,66.17,250.00,100,0.00,183.83
1792485,66.13,250.00,100,0.00,183.87
1793166,66.12,250.00,100,0.00,183.88
1793847,66.10,250.00,100,0.00,183.90
1794528,66.03,250.00,100,0.00,183.97
1795209,65.99,250.00,100,0.00,184.01
1795890,65.96,250.00,100,0.00,184.04
1796571,65.96,250.00,100,0.00,184.04
1797252,65.90,250.00,100,0.00,184.10
1797933,65.84,250.00,100,0.00,184.16
1798614,65.80,250.00,100,0.00,184.20
1799295,65.74,250.00,100,0.00,184.26
1799976,65.66,250.00,100,0.00,184.34
1800657,65.62,250.00,100,0.00,184.38
1801338,65.58,250.00,100,0.00,184.42
1802019,65.54,250.00,100,0.00,184.46
1802700,65.48,250.00,100,0.00,184.52
1803381,65.45,250.00,100,0.00,184.55
1804062,65.40,250.00,100,0.00,184.60
1804743,65.39,250.00,100,0.00,184.61
1805424,65.36,250.00,100,0.00,184.64
1806105,65.33,250.00,100,0.00,184.67
1806786,65.29,250.00,100,0.00,184.71
1807467,65.24,250.00,100,0.00,184.76
1808148,65.19,250.00,100,0.00,184.81
1808829,65.13,250.00,100,0.00,184.87
1809510,65.08,250.00,100,0.00,184.92
1810191,65.05,250.00,100,0.00,184.95
1810872,65.01,250.00,100,0.00,184.99
1811553,64.98,250.00,100,0.00,185.02
1812234,64.94,250.00,100,0.00,185.06
1812915,64.94,250.00,100,0.00,185.06
1813596,64.89,250.00,100,0.00,185.11
1814277,64.86,250.00,100,0.00,185.14
1814958,64.81,250.00,100,0.00,185.19
1815639,64.80,250.00,100,0.00,185.20
1816320,64.80,250.00,100,0.00,185.20
1817001,64.76,250.00,100,0.00,185.24
1817682,64.75,250.00,100,0.00,185.25
1818363,64.72,250.00,100,0.00,185.28
1819044,64.71,250.00,100,0.00,185.29
1819725,64.66,250.00,100,0.00,185.34
1820406,64.59,250.00,100,0.00,185.41
1821087,64.56,250.00,100,0.00,185.44
1821768,64.55,250.00,100,0.00,185.45
1822449,64.52,250.00,100,0.00,185.48
1823130,64.51,250.00,100,0.00,185.49
1823811,64.49,250.00,100,0.00,185.51
1824492,64.43,250.00,100,0.00,185.57
1825173,64.40,250.00,100,0.00,185.60
1825854,64.39,250.00,100,0.00,185.61
1826535,64.36,250.00,100,0.00,185.64
1827216,64.35,250.00,100,0.00,185.65
1827897,64.35,250.00,100,0.00,185.65
1828578,64.34,250.00,100,0.00,185.66
1829259,64.28,250.00,100,0.00,185.72
1829940,64.28,250.00,100,0.00,185.72
1830621,64.25,250.00,100,0.00,185.75
1831302,64.20,250.00,100,0.00,185.80
1831983,64.17,250.00,100,0.00,185.83
1832664,64.15,250.00,100,0.00,185.85
1833345,64.10,250.00,100,0.00,185.90
1834026,64.08,250.00,100,0.00,185.92
1834707,64.03,250.00,100,0.00,185.97
1835388,64.04,250.00,100,0.00,185.96
1836069,64.02,250.00,100,0.00,185.98
1836750,64.02,250.00,100,0.00,185.98
1837431,64.00,250.00,100,0.00,186.00
1838112,63.99,250.00,100,0.00,186.01
1838793,63.96,250.00,100,0.00,186.04
1839474,63.95,250.00,100,0.00,186.05
1840155,63.92,250.00,100,0.00,186.08
1840836,63.87,250.00,100,0.00,186.13
1841517,63.86,250.00,100,0.00,186.14
1842198,63.79,250.00,100,0.00,186.21
1842879,63.75,250.00,100,0.00,186.25
1843560,63.70,250.00,100,0.00,186.30
1844241,63.71,250.00,100,0.00,186.29
1844922,63.68,250.00,100,0.00,186.32
1845603,63.66,250.00,100,0.00,186.34
1846284,63.65,250.00,100,0.00,186.35
1846965,63.60,250.00,100,0.00,186.40
1847646,63.58,250.00,100,0.00,186.42
1848327,63.55,250.00,100,0.00,186.45
1849008,63.49,250.00,100,0.00,186.51
1849689,63.48,250.00,100,0.00,186.52
1850370,63.50,250.00,100,0.00,186.50
1851051,63.49,250.00,100,0.00,186.51
1851732,63.43,250.00,100,0.00,186.57
1852413,63.42,250.00,100,0.00,186.58
1853094,63.40,250.00,100,0.00,186.60
1853775,63.41,250.00,100,0.00,186.59
1854456,63.38,250.00,100,0.00,186.62
1855137,63.36,250.00,100,0.00,186.64
1855818,63.34,250.00,100,0.00,186.66
1856499,63.28,250.00,100,0.00,186.72
1857180,63.28,250.00,100,0.00,186.72
1857861,63.24,250.00,100,0.00,186.76
1858542,63.18,250.00,100,0.00,186.82
1859223,63.15,250.00,100,0.00,186.85
1859904,63.13,250.00,100,0.00,186.87
1860585,63.11,250.00,100,0.00,186.89
1861266,63.07,250.00,100,0.00,186.93
1861947,63.02,250.00,100,0.00,186.98
1862628,63.02,250.00,100,0.00,186.98
1863309,63.02,250.00,100,0.00,186.98
1863990,62.94,250.00,100,0.00,187.06
1864671,62.94,250.00,100,0.00,187.06
1865352,62.92,250.00,100,0.00,187.08
1866033,62.91,250.00,100,0.00,187.09
1866714,62.91,250.00,100,0.00,187.09
1867395,62.91,250.00,100,0.00,187.09
1868076,62.91,250.00,100,0.00,187.09
1868757,62.90,250.00,100,0.00,187.10
1869438,62.85,250.00,100,0.00,187.15
1870119,62.84,250.00,100,0.00,187.16
1870800,62.81,250.00,100,0.00,187.19
1871481,62.74,250.00,100,0.00,187.26
1872162,62.74,250.00,100,0.00,187.26
1872843,62.74,250.00,100,0.00,187.26
1873524,62.73,250.00,100,0.00,187.27
1874205,62.71,250.00,100,0.00,187.29
1874886,62.70,250.00,100,0.00,187.30
1875567,62.67,250.00,100,0.00,187.33
1876248,62.63,250.00,100,0.00,187.37
1876929,62.62,250.00,100,0.00,187.38
1877610,62.60,250.00,100,0.00,187.40
1878291,62.60,250.00,100,0.00,187.40
1878972,62.53,250.00,100,0.00,187.47
1879653,62.51,250.00,100,0.00,187.49
1880334,62.49,250.00,100,0.00,187.51
1881015,62.41,250.00,100,0.00,187.59
1881696,62.39,250.00,100,0.00,187.61
1882377,62.41,250.00,100,0.00,187.59
1883058,62.38,250.00,100,0.00,187.62
1883739,62.34,250.00,100,0.00,187.66
1884420,62.32,250.00,100,0.00,187.68
1885101,62.27,250.00,100,0.00,187.73
1885782,62.23,250.00,100,0.00,187.77
1886463,62.22,250.00,100,0.00,187.78
1887144,62.20,250.00,100,0.00,187.80
1887825,62.17,250.00,100,0.00,187.83
1888506,62.12,250.00,100,0.00,187.88
1889187,62.13,250.00,100,0.00,187.87
1889868,62.11,250.00,100,0.00,187.89
1890549,62.07,250.00,100,0.00,187.93
1891230,62.01,250.00,100,0.00,187.99
1891911,62.04,250.00,100,0.00,187.96
1892592,62.04,250.00,100,0.00,187.96
1893273,62.02,250.00,100,0.00,187.98
1893954,61.99,250.00,100,0.00,188.01
1894635,62.00,250.00,100,0.00,188.00
1895316,61.93,250.00,100,0.00,188.07
1895997,61.91,250.00,100,0.00,188.09
1896678,61.89,250.00,100,0.00,188.11
1897359,61.87,250.00,100,0.00,188.13
1898040,61.84,250.00,100,0.00,188.16
1898721,61.81,250.00,100,0.00,188.19
1899402,61.78,250.00,100,0.00,188.22
1900083,61.75,250.00,100,0.00,188.25
1900764,61.75,250.00,100,0.00,188.25
1901445,61.69,250.00,100,0.00,188.31
1902126,61.69,250.00,100,0.00,188.31
1902807,61.68,250.00,100,0.00,188.32
1903488,61.66,250.00,100,0.00,188.34
1904169,61.59,250.00,100,0.00,188.41
1904850,61.59,250.00,100,0.00,188.41
1905531,61.55,250.00,100,0.00,188.45
1906212,61.54,250.00,100,0.00,188.46
1906893,61.54,250.00,100,0.00,188.46
1907574,61.51,250.00,100,0.00,188.49
1908255,61.49,250.00,100,0.00,188.51
1908936,61.46,250.00,100,0.00,188.54
1909617,61.39,250.00,100,0.00,188.61
1910298,61.35,250.00,100,0.00,188.65
1910979,61.39,250.00,100,0.00,188.61
1911660,61.37,250.00,100,0.00,188.63
1912341,61.33,250.00,100,0.00,188.67
1913022,61.35,250.00,100,0.00,188.65
1913703,61.35,250.00,100,0.00,188.65
1914384,61.30,250.00,100,0.00,188.70
1915065,61.26,250.00,100,0.00,188.74
1915746,61.22,250.00,100,0.00,188.78
1916427,61.20,250.00,100,0.00,188.80
1917108,61.18,250.00,100,0.00,188.82
1917789,61.16,250.00,100,0.00,188.84
1918470,61.18,250.00,100,0.00,188.82
1919151,61.19,250.00,100,0.00,188.81
1919832,61.16,250.00,100,0.00,188.84
1920513,61.18,250.00,100,0.00,188.82
1921194,61.16,250.00,100,0.00,188.84
1921875,61.10,250.00,100,0.00,188.90
1922556,61.09,250.00,100,0.00,188.91
1923237,61.05,250.00,100,0.00,188.95
1923918,60.99,250.00,100,0.00,189.01
1924599,60.95,250.00,100,0.00,189.05
1925280,60.95,250.00,100,0.00,189.05
1925961,60.96,250.00,100,0.00,189.04
1926642,60.91,250.00,100,0.00,189.09
1927323,60.90,250.00,100,0.00,189.10
1928004,60.87,250.00,100,0.00,189.13
1928685,60.83,250.00,100,0.00,189.17
1929366,60.79,250.00,100,0.00,189.21
1930047,60.75,250.00,100,0.00,189.25
1930728,60.76,250.00,100,0.00,189.24
1931409,60.75,250.00,100,0.00,189.25
1932090,60.79,250.00,100,0.00,189.21
1932771,60.81,250.00,100,0.00,189.19
1933452,60.81,250.00,100,0.00,189.19
1934133,60.79,250.00,100,0.00,189.21
1934814,60.79,250.00,100,0.00,189.21
1935495,60.79,250.00,100,0.00,189.21
1936176,60.76,250.00,100,0.00,189.24
1936857,60.76,250.00,100,0.00,189.24
1937538,60.71,250.00,100,0.00,189.29
1938219,60.65,250.00,100,0.00,189.35
1938900,60.65,250.00,100,0.00,189.35
1939581,60.61,250.00,100,0.00,189.39
1940262,60.59,250.00,100,0.00,189.41
1940943,60.54,250.00,100,0.00,189.46
1941624,60.51,250.00,100,0.00,189.49
1942305,60.47,250.00,100,0.00,189.53
1942986,60.41,250.00,100,0.00,189.59
1943667,60.42,250.00,100,0.00,189.58
1944348,60.44,250.00,100,0.00,189.56
1945029,60.44,250.00,100,0.00,189.56
1945710,60.40,250.00,100,0.00,189.60
1946391,60.39,250.00,100,0.00,189.61
1947072,60.34,250.00,100,0.00,189.66
1947753,60.29,250.00,100,0.00,189.71
1948434,60.31,250.00,100,0.00,189.69
1949115,60.29,250.00,100,0.00,189.71
1949796,60.26,250.00,100,0.00,189.74
1950477,60.26,250.00,100,0.00,189.74
1951158,60.26,250.00,100,0.00,189.74
1951839,60.25,250.00,100,0.00,189.75
1952520,60.23,250.00,100,0.00,189.77
1953201,60.18,250.00,100,0.00,189.82
1953882,60.09,250.00,100,0.00,189.91
1954563,60.07,250.00,100,0.00,189.93
1955244,60.03,250.00,100,0.00,189.97
1955925,60.02,250.00,100,0.00,189.98
1956606,60.01,250.00,100,0.00,189.99
1957287,59.98,250.00,100,0.00,190.02
1957968,59.99,250.00,100,0.00,190.01
1958649,60.00,250.00,100,0.00,190.00
1959330,60.00,250.00,100,0.00,190.00
1960011,59.97,250.00,100,0.00,190.03
1960692,59.97,250.00,100,0.00,190.03
1961373,59.94,250.00,100,0.00,190.06
1962054,59.93,250.00,100,0.00,190.07
1962735,59.89,250.00,100,0.00,190.11
1963416,59.82,250.00,100,0.00,190.18
1964097,59.79,250.00,100,0.00,190.21
1964778,59.74,250.00,100,0.00,190.26
1965459,59.76,250.00,100,0.00,190.24
1966140,59.71,250.00,100,0.00,190.29
1966821,59.71,250.00,100,0.00,190.29
1967502,59.69,250.00,100,0.00,190.31
1968183,59.73,250.00,100,0.00,190.27
1968864,59.71,250.00,100,0.00,190.29
1969545,59.65,250.00,100,0.00,190.35
1970226,59.62,250.00,100,0.00,190.38
1970907,59.59,250.00,100,0.00,190.41
1971588,59.57,250.00,100,0.00,190.43
1972269,59.54,250.00,100,0.00,190.46
1972950,59.56,250.00,100,0.00,190.44
1973631,59.55,250.00,100,0.00,190.45
1974312,59.53,250.00,100,0.00,190.47
1974993,59.53,250.00,100,0.00,190.47
1975674,59.51,250.00,100,0.00,190.49
1976355,59.47,250.00,100,0.00,190.53
1977036,59.48,250.00,100,0.00,190.52
1977717,59.41,250.00,100,0.00,190.59
1978398,59.40,250.00,100,0.00,190.60
1979079,59.41,250.00,100,0.00,190.59
1979760,59.38,250.00,100,0.00,190.62
1980441,59.38,250.00,100,0.00,190.62
1981122,59.33,250.00,100,0.00,190.67
1981803,59.32,250.00,100,0.00,190.68
1982484,59.26,250.00,100,0.00,190.74
1983165,59.25,250.00,100,0.00,190.75
1983846,59.29,250.00,100,0.00,190.71
1984527,59.28,250.00,100,0.00,190.72
1985208,59.25,250.00,100,0.00,190.75
1985889,59.22,250.00,100,0.00,190.78
1986570,59.19,250.00,100,0.00,190.81
1987251,59.18,250.00,100,0.00,190.82
1987932,59.20,250.00,100,0.00,190.80
1988613,59.19,250.00,100,0.00,190.81
1989294,59.19,250.00,100,0.00,190.81
1989975,59.20,250.00,100,0.00,190.80
1990656,59.21,250.00,100,0.00,190.79
1991337,59.19,250.00,100,0.00,190.81
1992018,59.14,250.00,100,0.00,190.86
1992699,59.14,250.00,100,0.00,190.86
1993380,59.11,250.00,100,0.00,190.89
1994061,59.11,250.00,100,0.00,190.89
1994742,59.07,250.00,100,0.00,190.93
1995423,59.10,250.00,100,0.00,190.90
1996104,59.05,250.00,100,0.00,190.95
1996785,59.00,250.00,100,0.00,191.00
1997466,59.01,250.00,100,0.00,190.99
1998147,59.01,250.00,100,0.00,190.99
1998828,58.98,250.00,100,0.00,191.02
1999509,59.02,250.00,100,0.00,190.98
2000190,58.99,250.00,100,0.00,191.01
2000871,58.99,250.00,100,0.00,191.01
2001552,59.00,250.00,100,0.00,191.00
2002233,59.00,250.00,100,0.00,191.00
2002914,58.95,250.00,100,0.00,191.05
2003595,58.97,250.00,100,0.00,191.03
2004276,58.95,250.00,100,0.00,191.05
2004957,58.87,250.00,100,0.00,191.13
2005638,58.86,250.00,100,0.00,191.14
2006319,58.81,250.00,100,0.00,191.19
2007000,58.83,250.00,100,0.00,191.17
2007681,58.82,250.00,100,0.00,191.18
2008362,58.81,250.00,100,0.00,191.19
2009043,58.79,250.00,100,0.00,191.21
2009724,58.80,250.00,100,0.00,191.20
2010405,58.80,250.00,100,0.00,191.20
2011086,58.76,250.00,100,0.00,191.24
2011767,58.76,250.00,100,0.00,191.24
2012448,58.74,250.00,100,0.00,191.26
2013129,58.74,250.00,100,0.00,191.26
2013810,58.74,250.00,100,0.00,191.26
2014491,58.72,250.00,100,0.00,191.28
2015172,58.69,250.00,100,0.00,191.31
2015853,58.66,250.00,100,0.00,191.34
2016534,58.67,250.00,100,0.00,191.33
2017215,58.66,250.00,100,0.00,191.34
2017896,58.65,250.00,100,0.00,191.35
2018577,58.68,250.00,100,0.00,191.32
2019258,58.65,250.00,100,0.00,191.35
2019939,58.66,250.00,100,0.00,191.34
2020620,58.67,250.00,100,0.00,191.33
2021301,58.64,250.00,100,0.00,191.36
2021982,58.63,250.00,100,0.00,191.37
2022663,58.63,250.00,100,0.00,191.37
2023344,58.62,250.00,100,0.00,191.38
2024025,58.63,250.00,100,0.00,191.37
2024706,58.63,250.00,100,0.00,191.37
2025387,58.58,250.00,100,0.00,191.42
2026068,58.60,250.00,100,0.00,191.40
2026749,58.60,250.00,100,0.00,191.40
2027430,58.57,250.00,100,0.00,191.43
2028111,58.53,250.00,100,0.00,191.47
2028792,58.50,250.00,100,0.00,191.50
2029473,58.51,250.00,100,0.00,191.49
2030154,58.47,250.00,100,0.00,191.53
2030835,58.48,250.00,100,0.00,191.52
2031516,58.47,250.00,100,0.00,191.53
2032197,58.44,250.00,100,0.00,191.56
2032878,58.43,250.00,100,0.00,191.57
2033559,58.41,250.00,100,0.00,191.59
2034240,58.42,250.00,100,0.00,191.58
2034921,58.50,250.00,100,0.00,191.50
2035602,58.50,250.00,100,0.00,191.50
2036283,58.49,250.00,100,0.00,191.51
2036964,58.46,250.00,100,0.00,191.54
2037645,58.45,250.00,100,0.00,191.55
2038326,58.46,250.00,100,0.00,191.54
2039007,58.43,250.00,100,0.00,191.57
2039688,58.45,250.00,100,0.00,191.55
2040369,58.46,250.00,100,0.00,191.54
2041050,58.45,250.00,100,0.00,191.55
2041731,58.38,250.00,100,0.00,191.62
2042412,58.36,250.00,100,0.00,191.64
2043093,58.34,250.00,100,0.00,191.66
2043774,58.33,250.00,100,0.00,191.67
2044455,58.39,250.00,100,0.00,191.61
2045136,58.39,250.00,100,0.00,191.61
2045817,58.39,250.00,100,0.00,191.61
2046498,58.42,250.00,100,0.00,191.58
2047179,58.46,250.00,100,0.00,191.54
2047860,58.47,250.00,100,0.00,191.53
2048541,58.44,250.00,100,0.00,191.56
2049222,58.39,250.00,100,0.00,191.61
2049903,58.41,250.00,100,0.00,191.59
2050584,58.39,250.00,100,0.00,191.61
2051265,58.39,250.00,100,0.00,191.61
2051946,58.37,250.00,100,0.00,191.63
2052627,58.35,250.00,100,0.00,191.65
2053308,58.31,250.00,100,0.00,191.69
2053989,58.36,250.00,100,0.00,191.64
2054670,58.40,250.00,100,0.00,191.60
2055351,58.35,250.00,100,0.00,191.65
2056032,58.34,250.00,100,0.00,191.66
2056713,58.36,250.00,100,0.00,191.64
2057394,58.32,250.00,100,0.00,191.68
2058075,58.31,250.00,100,0.00,191.69
2058756,58.31,250.00,100,0.00,191.69
2059437,58.32,250.00,100,0.00,191.68
2060118,58.29,250.00,100,0.00,191.71
2060799,58.29,250.00,100,0.00,191.71
2061480,58.28,250.00,100,0.00,191.72
2062161,58.25,250.00,100,0.00,191.75
2062842,58.23,250.00,100,0.00,191.77
2063523,58.22,250.00,100,0.00,191.78
2064204,58.22,250.00,100,0.00,191.78
2064885,58.19,250.00,100,0.00,191.81
2065566,58.17,250.00,100,0.00,191.83
2066247,58.15,250.00,100,0.00,191.85
2066928,58.16,250.00,100,0.00,191.84
2067609,58.14,250.00,100,0.00,191.86
2068290,58.14,250.00,100,0.00,191.86
2068971,58.17,250.00,100,0.00,191.83
2069652,58.13,250.00,100,0.00,191.87
2070333,58.11,250.00,100,0.00,191.89
2071014,58.10,250.00,100,0.00,191.90
2071695,58.05,250.00,100,0.00,191.95
2072376,58.06,250.00,100,0.00,191.94
2073057,58.05,250.00,100,0.00,191.95
2073738,58.05,250.00,100,0.00,191.95
2074419,58.04,250.00,100,0.00,191.96
2075100,58.02,250.00,100,0.00,191.98
2075781,58.01,250.00,100,0.00,191.99
2076462,58.05,250.00,100,0.00,191.95
2077143,58.04,250.00,100,0.00,191.96
2077824,58.06,250.00,100,0.00,191.94
2078505,58.05,250.00,100,0.00,191.95
2079186,58.02,250.00,100,0.00,191.98
2079867,58.00,250.00,100,0.00,192.00
2080548,57.98,250.00,100,0.00,192.02
2081229,57.96,250.00,100,0.00,192.04
2081910,57.96,250.00,100,0.00,192.04
2082591,58.00,250.00,100,0.00,192.00
2083272,58.00,250.00,100,0.00,192.00
2083953,57.98,250.00,100,0.00,192.02
2084634,57.96,250.00,100,0.00,192.04
2085315,57.94,250.00,100,0.00,192.06
2085996,57.93,250.00,100,0.00,192.07
2086677,57.91,250.00,100,0.00,192.09
2087358,57.88,250.00,100,0.00,192.12
2088039,57.89,250.00,100,0.00,192.11
2088720,57.88,250.00,100,0.00,192.12
2089401,57.83,250.00,100,0.00,192.17
2090082,57.77,250.00,100,0.00,192.23
2090763,57.79,250.00,100,0.00,192.21
2091444,57.79,250.00,100,0.00,192.21
2092125,57.77,250.00,100,0.00,192.23
2092806,57.75,250.00,100,0.00,192.25
2093487,57.73,250.00,100,0.00,192.27
2094168,57.74,250.00,100,0.00,192.26
2094849,57.70,250.00,100,0.00,192.30
2095530,57.69,250.00,100,0.00,192.31
2096211,57.68,250.00,100,0.00,192.32
2096892,57.63,250.00,100,0.00,192.37
2097573,57.61,250.00,100,0.00,192.39
2098254,57.63,250.00,100,0.00,192.37
2098935,57.60,250.00,100,0.00,192.40
2099616,57.56,250.00,100,0.00,192.44
2100297,57.56,250.00,100,0.00,192.44
2100978,57.59,250.00,100,0.00,192.41
2101659,57.53,250.00,100,0.00,192.47
2102340,57.53,250.00,100,0.00,192.47
2103021,57.54,250.00,100,0.00,192.46
2103702,57.52,250.00,100,0.00,192.48
2104383,57.53,250.00,100,0.00,192.47
2105064,57.54,250.00,100,0.00,192.46
2105745,57.48,250.00,100,0.00,192.52
2106426,57.49,250.00,100,0.00,192.51
2107107,57.48,250.00,100,0.00,192.52
2107788,57.47,250.00,100,0.00,192.53
2108469,57.47,250.00,100,0.00,192.53
2109150,57.40,250.00,100,0.00,192.60
2109831,57.38,250.00,100,0.00,192.62
2110512,57.34,250.00,100,0.00,192.66
2111193,57.36,250.00,100,0.00,192.64
2111874,57.35,250.00,100,0.00,192.65
2112555,57.33,250.00,100,0.00,192.67
2113236,57.34,250.00,100,0.00,192.66
2113917,57.28,250.00,100,0.00,192.72
2114598,57.25,250.00,100,0.00,192.75
2115279,57.23,250.00,100,0.00,192.77
2115960,57.18,250.00,100,0.00,192.82
2116641,57.18,250.00,100,0.00,192.82
2117322,57.16,250.00,100,0.00,192.84
2118003,57.17,250.00,100,0.00,192.83
2118684,57.13,250.00,100,0.00,192.87
2119365,57.09,250.00,100,0.00,192.91
2120046,57.10,250.00,100,0.00,192.90
2120727,57.09,250.00,100,0.00,192.91
2121408,57.08,250.00,100,0.00,192.92
2122089,57.07,250.00,100,0.00,192.93
2122770,57.11,250.00,100,0.00,192.89
2123451,57.05,250.00,100,0.00,192.95
2124132,57.03,250.00,100,0.00,192.97
2124813,57.02,250.00,100,0.00,192.98
2125494,57.04,250.00,100,0.00,192.96
2126175,57.03,250.00,100,0.00,192.97
2126856,57.01,250.00,100,0.00,192.99
2127537,56.99,250.00,100,0.00,193.01
2128218,56.97,250.00,100,0.00,193.03
2128899,56.93,250.00,100,0.00,193.07
2129580,56.94,250.00,100,0.00,193.06
2130261,56.94,250.00,100,0.00,193.06
2130942,56.95,250.00,100,0.00,193.05
2131623,56.91,250.00,100,0.00,193.09
2132304,56.92,250.00,100,0.00,193.08
2132985,56.91,250.00,100,0.00,193.09
2133666,56.89,250.00,100,0.00,193.11
2134347,56.86,250.00,100,0.00,193.14
2135028,56.88,250.00,100,0.00,193.12
2135709,56.87,250.00,100,0.00,193.13
2136390,56.86,250.00,100,0.00,193.14
2137071,56.85,250.00,100,0.00,193.15
2137752,56.85,250.00,100,0.00,193.15
2138433,56.84,250.00,100,0.00,193.16
2139114,56.83,250.00,100,0.00,193.17
2139795,56.81,250.00,100,0.00,193.19
2140476,56.81,250.00,100,0.00,193.19
2141157,56.81,250.00,100,0.00,193.19
2141838,56.78,250.00,100,0.00,193.22
2142519,56.76,250.00,100,0.00,193.24
2143200,56.73,250.00,100,0.00,193.27
2143881,56.73,250.00,100,0.00,193.27
2144562,56.74,250.00,100,0.00,193.26
2145243,56.72,250.00,100,0.00,193.28
2145924,56.71,250.00,100,0.00,193.29
2146605,56.72,250.00,100,0.00,193.28
2147286,56.68,250.00,100,0.00,193.32
2147967,56.67,250.00,100,0.00,193.33
2148648,56.66,250.00,100,0.00,193.34
2149329,56.66,250.00,100,0.00,193.34
2150010,56.65,250.00,100,0.00,193.35
2150691,56.64,250.00,100,0.00,193.36
2151372,56.64,250.00,100,0.00,193.36
2152053,56.59,250.00,100,0.00,193.41
2152734,56.59,250.00,100,0.00,193.41
2153415,56.59,250.00,100,0.00,193.41
2154096,56.55,250.00,100,0.00,193.45
2154777,56.57,250.00,100,0.00,193.43
2155458,56.53,250.00,100,0.00,193.47
2156139,56.52,250.00,100,0.00,193.48
2156820,56.50,250.00,100,0.00,193.50
2157501,56.51,250.00,100,0.00,193.49
2158182,56.48,250.00,100,0.00,193.52
2158863,56.49,250.00,100,0.00,193.51
2159544,56.48,250.00,100,0.00,193.52
2160225,56.43,250.00,100,0.00,193.57
2160906,56.44,250.00,100,0.00,193.56
2161587,56.42,250.00,100,0.00,193.58
2162268,56.41,250.00,100,0.00,193.59
2162949,56.41,250.00,100,0.00,193.59
2163630,56.45,250.00,100,0.00,193.55
2164311,56.44,250.00,100,0.00,193.56
2164992,56.41,250.00,100,0.00,193.59
2165673,56.43,250.00,100,0.00,193.57
2166354,56.41,250.00,100,0.00,193.59
2167035,56.40,250.00,100,0.00,193.60
2167716,56.36,250.00,100,0.00,193.64
2168397,56.38,250.00,100,0.00,193.62
2169078,56.34,250.00,100,0.00,193.66
2169759,56.30,250.00,100,0.00,193.70
2170440,56.29,250.00,100,0.00,193.71
2171121,56.28,250.00,100,0.00,193.72
2171802,56.29,250.00,100,0.00,193.71
2172483,56.26,250.00,100,0.00,193.74
2173164,56.27,250.00,100,0.00,193.73
2173845,56.22,250.00,100,0.00,193.78
2174526,56.22,250.00,100,0.00,193.78
2175207,56.21,250.00,100,0.00,193.79
2175888,56.23,250.00,100,0.00,193.77
2176569,56.20,250.00,100,0.00,193.80
2177250,56.16,250.00,100,0.00,193.84
2177931,56.12,250.00,100,0.00,193.88
2178612,56.10,250.00,100,0.00,193.90
2179293,56.11,250.00,100,0.00,193.89
2179974,56.14,250.00,100,0.00,193.86
2180655,56.14,250.00,100,0.00,193.86
2181336,56.15,250.00,100,0.00,193.85
2182017,56.11,250.00,100,0.00,193.89
2182698,56.07,250.00,100,0.00,193.93
2183379,56.08,250.00,100,0.00,193.92
2184060,56.05,250.00,100,0.00,193.95
2184741,56.06,250.00,100,0.00,193.94
2185422,56.05,250.00,100,0.00,193.95
2186103,56.05,250.00,100,0.00,193.95
2186784,56.04,250.00,100,0.00,193.96
2187465,55.99,250.00,100,0.00,194.01
2188146,55.99,250.00,100,0.00,194.01
2188827,55.99,250.00,100,0.00,194.01
2189508,56.00,250.00,100,0.00,194.00
2190189,56.00,250.00,100,0.00,194.00
2190870,56.02,250.00,100,0.00,193.98
2191551,56.01,250.00,100,0.00,193.99
2192232,55.99,250.00,100,0.00,194.01
2192913,55.99,250.00,100,0.00,194.01
2193594,55.96,250.00,100,0.00,194.04
2194275,55.96,250.00,100,0.00,194.04
2194956,55.94,250.00,100,0.00,194.06
2195637,55.91,250.00,100,0.00,194.09
2196318,55.89,250.00,100,0.00,194.11
2196999,55.86,250.00,100,0.00,194.14
2197680,55.85,250.00,100,0.00,194.15
2198361,55.84,250.00,100,0.00,194.16
2199042,55.85,250.00,100,0.00,194.15
2199723,55.88,250.00,100,0.00,194.12
2200404,55.85,250.00,100,0.00,194.15
2201085,55.82,250.00,100,0.00,194.18
2201766,55.77,250.00,100,0.00,194.23
2202447,55.77,250.00,100,0.00,194.23
2203128,55.79,250.00,100,0.00,194.21
2203809,55.79,250.00,100,0.00,194.21
2204490,55.74,250.00,100,0.00,194.26
2205171,55.73,250.00,100,0.00,194.27
2205852,55.71,250.00,100,0.00,194.29
2206533,55.71,250.00,100,0.00,194.29
2207214,55.70,250.00,100,0.00,194.30
2207895,55.68,250.00,100,0.00,194.32
2208576,55.69,250.00,100,0.00,194.31
2209257,55.70,250.00,100,0.00,194.30
2209938,55.70,250.00,100,0.00,194.30
2210619,55.69,250.00,100,0.00,194.31
2211300,55.68,250.00,100,0.00,194.32
2211981,55.68,250.00,100,0.00,194.32
2212662,55.67,250.00,100,0.00,194.33
2213343,55.66,250.00,100,0.00,194.34
2214024,55.65,250.00,100,0.00,194.35
2214705,55.64,250.00,100,0.00,194.36
2215386,55.61,250.00,100,0.00,194.39
2216067,55.60,250.00,100,0.00,194.40
2216748,55.64,250.00,100,0.00,194.36
2217429,55.65,250.00,100,0.00,194.35
2218110,55.62,250.00,100,0.00,194.38
2218791,55.61,250.00,100,0.00,194.39
2219472,55.59,250.00,100,0.00,194.41
2220153,55.58,250.00,100,0.00,194.42
2220834,55.60,250.00,100,0.00,194.40
2221515,55.60,250.00,100,0.00,194.40
2222196,55.59,250.00,100,0.00,194.41
2222877,55.59,250.00,100,0.00,194.41
2223558,55.58,250.00,100,0.00,194.42
2224239,55.58,250.00,100,0.00,194.42
2224920,55.58,250.00,100,0.00,194.42
2225601,55.60,250.00,100,0.00,194.40
2226282,55.59,250.00,100,0.00,194.41
2226963,55.59,250.00,100,0.00,194.41
2227644,55.59,250.00,100,0.00,194.41
2228325,55.56,250.00,100,0.00,194.44
2229006,55.50,250.00,100,0.00,194.50
2229687,55.46,250.00,100,0.00,194.54
2230368,55.47,250.00,100,0.00,194.53
2231049,55.50,250.00,100,0.00,194.50
2231730,55.48,250.00,100,0.00,194.52
2232411,55.47,250.00,100,0.00,194.53
2233092,55.46,250.00,100,0.00,194.54
2233773,55.40,250.00,100,0.00,194.60
2234454,55.38,250.00,100,0.00,194.62
2235135,55.39,250.00,100,0.00,194.61
2235816,55.43,250.00,100,0.00,194.57
2236497,55.42,250.00,100,0.00,194.58
2237178,55.41,250.00,100,0.00,194.59
2237859,55.41,250.00,100,0.00,194.59
2238540,55.38,250.00,100,0.00,194.62
2239221,55.35,250.00,100,0.00,194.65
2239902,55.35,250.00,100,0.00,194.65
2240583,55.35,250.00,100,0.00,194.65
2241264,55.35,250.00,100,0.00,194.65
2241945,55.37,250.00,100,0.00,194.63
2242626,55.35,250.00,100,0.00,194.65
2243307,55.30,250.00,100,0.00,194.70
2243988,55.29,250.00,100,0.00,194.71
2244669,55.25,250.00,100,0.00,194.75
2245350,55.28,250.00,100,0.00,194.72
2246031,55.31,250.00,100,0.00,194.69
2246712,55.31,250.00,100,0.00,194.69
2247393,55.31,250.00,100,0.00,194.69
2248074,55.30,250.00,100,0.00,194.70
2248755,55.26,250.00,100,0.00,194.74
2249436,55.25,250.00,100,0.00,194.75
2250117,55.23,250.00,100,0.00,194.77
2250798,55.20,250.00,100,0.00,194.80
2251479,55.20,250.00,100,0.00,194.80
2252160,55.15,250.00,100,0.00,194.85
2252841,55.14,250.00,100,0.00,194.86
2253522,55.14,250.00,100,0.00,194.86
2254203,55.18,250.00,100,0.00,194.82
2254884,55.18,250.00,100,0.00,194.82
2255565,55.13,250.00,100,0.00,194.87
2256246,55.13,250.00,100,0.00,194.87
2256927,55.11,250.00,100,0.00,194.89
2257608,55.07,250.00,100,0.00,194.93
2258289,55.05,250.00,100,0.00,194.95
2258970,55.02,250.00,100,0.00,194.98
2259651,54.99,250.00,100,0.00,195.01
2260332,54.96,250.00,100,0.00,195.04
2261013,54.96,250.00,100,0.00,195.04
2261694,54.95,250.00,100,0.00,195.05
2262375,54.97,250.00,100,0.00,195.03
2263056,54.96,250.00,100,0.00,195.04
2263737,54.98,250.00,100,0.00,195.02
2264418,55.00,250.00,100,0.00,195.00
2265099,54.99,250.00,100,0.00,195.01
2265780,54.98,250.00,100,0.00,195.02
2266461,54.98,250.00,100,0.00,195.02
2267142,54.95,250.00,100,0.00,195.05
2267823,54.92,250.00,100,0.00,195.08
2268504,54.90,250.00,100,0.00,195.10
2269185,54.93,250.00,100,0.00,195.07
2269866,54.95,250.00,100,0.00,195.05
2270547,54.94,250.00,100,0.00,195.06
2271228,54.92,250.00,100,0.00,195.08
2271909,54.90,250.00,100,0.00,195.10
2272590,54.88,250.00,100,0.00,195.12
2273271,54.90,250.00,100,0.00,195.10
2273952,54.88,250.00,100,0.00,195.12
2274633,54.87,250.00,100,0.00,195.13
2275314,54.83,250.00,100,0.00,195.17
2275995,54.79,250.00,100,0.00,195.21
2276676,54.74,250.00,100,0.00,195.26
2277357,54.76,250.00,100,0.00,195.24
2278038,54.73,250.00,100,0.00,195.27
2278719,54.75,250.00,100,0.00,195.25
2279400,54.73,250.00,100,0.00,195.27
2280081,54.74,250.00,100,0.00,195.26
2280762,54.74,250.00,100,0.00,195.26
2281443,54.74,250.00,100,0.00,195.26
2282124,54.71,250.00,100,0.00,195.29
2282805,54.69,250.00,100,0.00,195.31
2283486,54.69,250.00,100,0.00,195.31
2284167,54.69,250.00,100,0.00,195.31
2284848,54.67,250.00,100,0.00,195.33
2285529,54.65,250.00,100,0.00,195.35
2286210,54.64,250.00,100,0.00,195.36
2286891,54.62,250.00,100,0.00,195.38
2287572,54.59,250.00,100,0.00,195.41
2288253,54.60,250.00,100,0.00,195.40
2288934,54.59,250.00,100,0.00,195.41
2289615,54.60,250.00,100,0.00,195.40
2290296,54.59,250.00,100,0.00,195.41
2290977,54.56,250.00,100,0.00,195.44
2291658,54.53,250.00,100,0.00,195.47
2292339,54.53,250.00,100,0.00,195.47
2293020,54.52,250.00,100,0.00,195.48
2293701,54.52,250.00,100,0.00,195.48
2294382,54.52,250.00,100,0.00,195.48
2295063,54.53,250.00,100,0.00,195.47
2295744,54.55,250.00,100,0.00,195.45
2296425,54.50,250.00,100,0.00,195.50
2297106,54.48,250.00,100,0.00,195.52
2297787,54.48,250.00,100,0.00,195.52
2298468,54.46,250.00,100,0.00,195.54
2299149,54.42,250.00,100,0.00,195.58
2299830,54.40,250.00,100,0.00,195.60
2300511,54.41,250.00,100,0.00,195.59
2301192,54.38,250.00,100,0.00,195.62
2301873,54.37,250.00,100,0.00,195.63
2302554,54.38,250.00,100,0.00,195.62
