:020000040800F2
:100000000050002011210008311D0008391D000892
:10001000411D0008491D0008511D00080000000096
:10002000000000000000000000000000591D000852
:10003000651D000800000000711D00087D1D0008FE
:1000400059210008592100085921000859210008A8
:100050005921000859210008592100085921000898
:10006000592100085921000859210008891D00085C
:100070005921000859210008592100085921000878
:100080005921000859210008592100085921000868
:100090005921000859210008592100085921000858
:1000A0005921000859210008592100085921000848
:1000B000592100089D1D00085921000859210008F8
:1000C0005921000859210008592100085921000828
:1000D0005921000859210008592100085921000818
:1000E000592100085921000859210008000000008A
:1000F0000000000000000000000000000000000000
:0C01000000000000000000005FF808F1A3
:1001100010B5054C237833B9044B13B10448AFF341
:1001200000800123237010BDDC01002000000000CE
:10013000109C000808B5034B1BB103490348AFF3FB
:10014000008008BD00000000E0010020109C0008B5
:10015000034613F8012B002AFBD1181A0138704707
:1001600081F0004102E000BF83F0004330B54FEA68
:1001700041044FEA430594EA050F08BF90EA020FD5
:100180001FBF54EA000C55EA020C7FEA645C7FEA68
:10019000655C00F0E2804FEA5454D4EB5555B8BF8B
:1001A0006D420CDD2C4480EA020281EA030382EAFC
:1001B000000083EA010180EA020281EA0303362D8E
:1001C00088BF30BD11F0004F4FEA01314FF4801C61
:1001D0004CEA113102D0404261EB410113F0004F73
:1001E0004FEA03334CEA133302D0524263EB43032A
:1001F00094EA050F00F0A780A4F10104D5F1200EC8
:100200000DDB02FA0EFC22FA05F2801841F1000122
:1002100003FA0EF2801843FA05F359410EE0A5F1F6
:1002200020050EF1200E012A03FA0EFC28BF4CF027
:10023000020C43FA05F3C01851EBE37101F00045DD
:1002400007D54FF0000EDCF1000C7EEB00006EEBEA
:100250000101B1F5801F1BD3B1F5001F0CD3490874
:100260005FEA30004FEA3C0C04F101044FEA4452CB
:1002700012F5800F80F09A80BCF1004F08BF5FEA52
:10028000500C50F1000041EB045141EA050130BD32
:100290005FEA4C0C404141EB0101013C28BFB1F544
:1002A000801FE9D291F0000F04BF01460020B1FA8F
:1002B00081F308BF2033A3F10B03B3F120020CDA62
:1002C0000C3208DD02F1140CC2F10C0201FA0CF040
:1002D00021FA02F10CE002F11402D8BFC2F1200CA5
:1002E00001FA02F120FA0CFCDCBF41EA0C0190405B
:1002F000E41AA2BF01EB0451294330BD6FEA0404A4
:100300001F3C1CDA0C340EDC04F11404C4F120028E
:1003100020FA04F001FA02F340EA030021FA04F3A0
:1003200045EA030130BDC4F10C04C4F1200220FAF7
:1003300002F001FA04F340EA0300294630BD21FA35
:1003400004F0294630BD94F0000F83F4801306BFFB
:1003500081F480110134013D4EE77FEA645C18BFEF
:100360007FEA655C29D094EA050F08BF90EA020F86
:1003700005D054EA000C04BF1946104630BD91EA7E
:10038000030F1EBF0021002030BD5FEA545C05D181
:100390004000494128BF41F0004130BD14F58004C0
:1003A0003CBF01F5801130BD01F0004545F0FE4134
:1003B00041F470014FF0000030BD7FEA645C1ABF69
:1003C000194610467FEA655C1CBF0B46024650EAA0
:1003D000013406BF52EA033591EA030F41F40021CC
:1003E00030BD00BF90F0000F04BF0021704730B552
:1003F0004FF4806404F132044FF000054FF0000127
:1004000050E700BF90F0000F04BF0021704730B5E7
:100410004FF4806404F1320410F0004548BF4042BC
:100420004FF000013EE700BF42004FEAE2014FEA11
:1004300031014FEA02701FBF12F07F4393F07F4FEC
:1004400081F06051704732F07F4208BF704793F0EF
:100450007F4F04BF41F40021704730B54FF4607402
:1004600001F0004521F000411CE700BF50EA010205
:1004700008BF704730B54FF000050AE050EA0102AE
:1004800008BF704730B511F0004502D5404261EB1E
:1004900041014FF4806404F132045FEA915C3FF45F
:1004A000D8AE4FF003025FEADC0C18BF03325FEAFC
:1004B000DC0C18BF033202EBDC02C2F1200300FAAD
:1004C00003FC20FA02F001FA03FE40EA0E0021FAD2
:1004D00002F11444BDE600BF70B54FF0FF0C4CF4C0
:1004E000E06C1CEA11541DBF1CEA135594EA0C0F72
:1004F00095EA0C0F00F0DEF82C4481EA030621EAAD
:100500004C5123EA4C5350EA013518BF52EA0335E7
:1005100041F4801143F4801338D0A0FB02CE4FF099
:100520000005E1FB02E506F00042E0FB03E54FF0C9
:100530000006E1FB03569CF0000F18BF4EF0010EC1
:10054000A4F1FF04B6F5007F64F5407404D25FEABD
:100550004E0E6D4146EB060642EAC62141EA555170
:100560004FEAC52040EA5E504FEACE2EB4F1FD0CB2
:1005700088BFBCF5E06F1ED8BEF1004F08BF5FEA30
:10058000500E50F1000041EB045170BD06F00046E2
:1005900046EA010140EA020081EA0301B4EB5C048F
:1005A000C2BFD4EB0C0541EA045170BD41F4801187
:1005B0004FF0000E013C00F3AB8014F1360FDEBFAC
:1005C000002001F0004170BDC4F10004203C35DA88
:1005D0000C341BDC04F11404C4F1200500FA05F30B
:1005E00020FA04F001FA05F240EA020001F00042AC
:1005F00021F0004110EBD37021FA04F642EB060122
:100600005EEA430E08BF20EAD37070BDC4F10C044B
:10061000C4F1200500FA04F320FA05F001FA04F20F
:1006200040EA020001F0004110EBD37041F10001FB
:100630005EEA430E08BF20EAD37070BDC4F1200506
:1006400000FA05F24EEA020E20FA04F301FA05F26E
:1006500043EA020321FA04F001F0004121FA04F216
:1006600020EA020000EBD3705EEA430E08BF20EAE6
:10067000D37070BD94F0000F0FD101F00046400020
:1006800041EB010111F4801F08BF013CF7D041EAA2
:10069000060195F0000F18BF704703F000465200A6
:1006A00043EB030313F4801F08BF013DF7D043EA77
:1006B0000603704794EA0C0F0CEA135518BF95EA2D
:1006C0000C0F0CD050EA410618BF52EA4306D1D1B4
:1006D00081EA030101F000414FF0000070BD50EAD3
:1006E000410606BF1046194652EA430619D094EA5D
:1006F0000C0F02D150EA013613D195EA0C0F05D147
:1007000052EA03361CBF104619460AD181EA03019A
:1007100001F0004141F0FE4141F470014FF0000052
:1007200070BD41F0FE4141F4780170BD70B54FF0ED
:10073000FF0C4CF4E06C1CEA11541DBF1CEA13556D
:1007400094EA0C0F95EA0C0F00F0A7F8A4EB05044F
:1007500081EA030E52EA03354FEA013100F0888046
:100760004FEA03334FF0805545EA131343EA12630F
:100770004FEA022245EA111545EA10654FEA0026C4
:100780000EF000419D4208BF964244F1FD0404F57D
:10079000407402D25B084FEA3202B61A65EB0305D9
:1007A0005B084FEA32024FF480104FF4002CB6EB96
:1007B000020E75EB030E22BFB61A754640EA0C0016
:1007C0005B084FEA3202B6EB020E75EB030E22BF56
:1007D000B61A754640EA5C005B084FEA3202B6EB97
:1007E000020E75EB030E22BFB61A754640EA9C0056
:1007F0005B084FEA3202B6EB020E75EB030E22BF26
:10080000B61A754640EADC0055EA060E18D04FEAE3
:10081000051545EA16754FEA06164FEAC30343EA83
:1008200052734FEAC2025FEA1C1CC0D111F4801F50
:100830000BD141EA00014FF000004FF0004CB6E749
:1008400011F4801F04BF01430020B4F1FD0C88BFE8
:10085000BCF5E06F3FF6AFAEB5EB030C04BFB6EBF3
:10086000020C5FEA500C50F1000041EB045170BDE6
:100870000EF0004E4EEA113114EB5C04C2BFD4EB13
:100880000C0541EA045170BD41F480114FF0000E97
:10089000013C90E645EA060E8DE60CEA135594EA13
:1008A0000C0F08BF95EA0C0F3FF43BAF94EA0C0F16
:1008B0000AD150EA01347FF434AF95EA0C0F7FF48B
:1008C00025AF104619462CE795EA0C0F06D152EADF
:1008D00003353FF4FDAE1046194622E750EA4106C3
:1008E00018BF52EA43067FF4C5AE50EA41047FF4D4
:1008F0000DAF52EA43057FF4EBAE12E74FF0FF3C39
:1009000006E000BF4FF0010C02E000BF4FF0010C09
:100910004DF804CD4FEA410C7FEA6C5C4FEA430C82
:1009200018BF7FEA6C5C1BD001B050EA410C0CBFD1
:1009300052EA430C91EA030F02BF90EA020F002033
:10094000704710F1000F91EA030F58BF994208BF9A
:1009500090422CBFD8176FEAE37040F00100704757
:100960004FEA410C7FEA6C5C02D150EA013C07D1AE
:100970004FEA430C7FEA6C5CD6D152EA033CD3D0F9
:100980005DF8040B704700BF8446104662468C46F3
:100990001946634600E000BF01B5FFF7B7FF002826
:1009A00048BF10F1000F01BD4DF808EDFFF7F4FF4F
:1009B0000CBF012000205DF808FB00BF4DF808EDDA
:1009C000FFF7EAFF34BF012000205DF808FB00BFFD
:1009D0004DF808EDFFF7E0FF94BF012000205DF81F
:1009E00008FB00BF4DF808EDFFF7CEFF94BF0120D4
:1009F00000205DF808FB00BF4DF808EDFFF7C4FFCD
:100A000034BF012000205DF808FB00BF4FEA410C15
:100A10007FEA6C5C02D150EA013C0AD14FEA430CF8
:100A20007FEA6C5C02D152EA033C02D14FF0000035
:100A300070474FF0010070474FEA410212F5001273
:100A400015D211D56FF47873B3EB625212D94FEA15
:100A5000C12343F0004343EA505311F0004F23FAFF
:100A600002F018BF404270474FF00000704750EA54
:100A7000013005D111F0004008BF6FF00040704711
:100A80004FF00000704700BF4A0011D212F500126B
:100A900011D20DD56FF47873B3EB62520ED44FEAD6
:100AA000C12343F0004343EA505323FA02F0704756
:100AB0004FF00000704750EA013002D14FF0FF3094
:100AC00070474FF0000070474FEA4102B2F1E04337
:100AD00024BFB3F5001CDCF1FE5C0DD901F0004C25
:100AE0004FEAC0024CEA5070B2F1004F40EB830075
:100AF00008BF20F00100704711F0804F21D113F1A1
:100B00003872BCBF01F00040704741F480114FEAD9
:100B10005252C2F11802C2F1200C10FA0CF320FA62
:100B200002F018BF40F001004FEAC1234FEAD3237F
:100B300003FA0CFC40EA0C0023FA02F34FEA4303E9
:100B4000CCE77FEA625307D150EA01331EBF4FF072
:100B5000FE4040F44000704701F0004040F0FE408D
:100B600040F40000704700BF80F0004002E000BF8A
:100B700081F0004142001FBF5FEA410392EA030F88
:100B80007FEA226C7FEA236C6AD04FEA1262D2EBD2
:100B90001363C1BFD218414048404140B8BF5B42D7
:100BA000192B88BF704710F0004F40F4000020F070
:100BB0007F4018BF404211F0004F41F4000121F086
:100BC0007F4118BF494292EA030F3FD0A2F10102D0
:100BD00041FA03FC10EB0C00C3F1200301FA03F10E
:100BE00000F0004302D5494260EB4000B0F5000F31
:100BF00013D3B0F1807F06D340084FEA310102F1F0
:100C00000102FE2A51D2B1F1004F40EBC25008BFA1
:100C100020F0010040EA03007047490040EB00006B
:100C2000013A28BFB0F5000FEDD2B0FA80FCACF16C
:100C3000080CB2EB0C0200FA0CF0AABF00EBC25099
:100C400052421843BCBFD0401843704792F0000F87
:100C500081F4000106BF80F400000132013BB5E7DA
:100C60004FEA41037FEA226C18BF7FEA236C21D050
:100C700092EA030F04D092F0000F08BF08467047B5
:100C800090EA010F1CBF0020704712F07F4F04D183
:100C9000400028BF40F00040704712F100723CBF96
:100CA00000F50000704700F0004343F0FE4040F4C0
:100CB000000070477FEA226216BF08467FEA23637E
:100CC0000146420206BF5FEA412390EA010F40F469
:100CD000800070474FF0000304E000BF10F00043B5
:100CE00048BF40425FEA000C08BF704743F096439C
:100CF00001464FF000001CE050EA010208BF7047B7
:100D00004FF000030AE000BF50EA010208BF70473D
:100D100011F0004302D5404261EB41015FEA010C52
:100D200002BF84460146002043F0B64308BFA3F14A
:100D30008053A3F50003BCFA8CF2083AA3EBC2532C
:100D400010DB01FA02FC634400FA02FCC2F120024B
:100D5000BCF1004F20FA02F243EB020008BF20F082
:100D60000100704702F1200201FA02FCC2F12002E8
:100D700050EA4C0021FA02F243EB020008BF20EADD
:100D8000DC7070474FF0FF0C1CEAD0521EBF1CEA0B
:100D9000D15392EA0C0F93EA0C0F6FD01A4480EAF9
:100DA000010C400218BF5FEA41211ED04FF00063E2
:100DB00043EA501043EA5111A0FB01310CF000400E
:100DC000B1F5000F3EBF490041EAD3715B0040EA34
:100DD000010062F17F02FD2A1DD8B3F1004F40EB04
:100DE000C25008BF20F00100704790F0000F0CF0D7
:100DF000004C08BF49024CEA502040EA51207F3A9B
:100E0000C2BFD2F1FF0340EAC250704740F4000075
:100E10004FF00003013A5DDC12F1190FDCBF00F066
:100E200000407047C2F10002410021FA02F1C2F114
:100E3000200200FA02FC5FEA310040F1000053EAB0
:100E40004C0308BF20EADC70704792F0000F00F0FE
:100E5000004C02BF400010F4000F013AF9D040EA04
:100E60000C0093F0000F01F0004C02BF490011F498
:100E7000000F013BF9D041EA0C018FE70CEAD15396
:100E800092EA0C0F18BF93EA0C0F0AD030F0004C16
:100E900018BF31F0004CD8D180EA010000F00040CA
:100EA000704790F0000F17BF90F0004F084691F088
:100EB000000F91F0004F14D092EA0C0F01D14202C2
:100EC0000FD193EA0C0F03D14B0218BF084608D18B
:100ED00080EA010000F0004040F0FE4040F40000D5
:100EE000704740F0FE4040F4400070474FF0FF0C68
:100EF0001CEAD0521EBF1CEAD15392EA0C0F93EAAF
:100F00000C0F69D0A2EB030280EA010C49024FEA00
:100F1000402037D04FF0805343EA111143EA1013B9
:100F20000CF000408B4238BF5B0042F17D024FF471
:100F3000000C8B4224BF5B1A40EA0C00B3EB510F4C
:100F400024BFA3EB510340EA5C00B3EB910F24BF35
:100F5000A3EB910340EA9C00B3EBD10F24BFA3EBBA
:100F6000D10340EADC001B0118BF5FEA1C1CE0D182
:100F7000FD2A3FF650AF8B4240EBC25008BF20F035
:100F8000010070470CF0004C4CEA50207F32C2BF89
:100F9000D2F1FF0340EAC250704740F400004FF026
:100FA0000003013A37E792F0000F00F0004C02BF57
:100FB000400010F4000F013AF9D040EA0C0093F021
:100FC000000F01F0004C02BF490011F4000F013B7B
:100FD000F9D041EA0C0195E70CEAD15392EA0C0FE3
:100FE00008D142027FF47DAF93EA0C0F7FF470AF1B
:100FF000084676E793EA0C0F04D14B023FF44CAF5E
:1010000008466EE730F0004C18BF31F0004CCAD1F2
:1010100030F000427FF45CAF31F000437FF43CAF2E
:101020005FE700BF4FF0FF3C06E000BF4FF0010C50
:1010300002E000BF4FF0010C4DF804CD4FEA400232
:101040004FEA41037FEA226C18BF7FEA236C11D07C
:1010500001B052EA530C18BF90EA010F58BFB2EB2F
:10106000030088BFC81738BF6FEAE17018BF40F0AF
:10107000010070477FEA226C02D15FEA402C05D163
:101080007FEA236CE4D15FEA412CE1D05DF8040BE8
:10109000704700BF844608466146FFE70FB5FFF77B
:1010A000C9FF002848BF10F1000F0FBD4DF808ED33
:1010B000FFF7F4FF0CBF012000205DF808FB00BF24
:1010C0004DF808EDFFF7EAFF34BF012000205DF87E
:1010D00008FB00BF4DF808EDFFF7E0FF94BF0120CB
:1010E00000205DF808FB00BF4DF808EDFFF7D2FFC8
:1010F00094BF012000205DF808FB00BF4DF808ED0B
:10110000FFF7C8FF34BF012000205DF808FB00BFD7
:101110004FEA40024FEA41037FEA226C02D15FEAC4
:10112000402C08D17FEA236C02D15FEA412C02D126
:101130004FF0000070474FF00100704738B50022B3
:10114000002304460D46FFF739FC28B920462946FE
:10115000BDE8384000F00AB8204605F1004100F033
:1011600005F8404261EB410138BD00BFD0B5002217
:101170000B4B06460F46FFF7AFF9FFF785FC044619
:10118000FFF730F90022074BFFF7A6F902460B469E
:1011900030463946FEF7E8FFFFF776FC2146D0BD22
:1011A0000000F03D0000F04180B584B000AF3B1D71
:1011B00000221A605A609A60184B194A1A60174B3D
:1011C00000229A60154B01221A73144B00221A75E3
:1011D000124B4FF46022DA61104B00225A600F4B21
:1011E00001221A610D4801F03FF80346002B01D09F
:1011F00000F066FD00237B600123BB600723FB60DA
:101200003B1D1946054801F0F7F90346002B01D0B4
:1012100000F056FD00BF1037BD4680BDF80100202C
:101220000024014080B588B000AF786007F110035A
:1012300000221A605A609A60DA607B681B68284A4C
:10124000934249D1274B9B69264A43F4007393612B
:10125000244B9B6903F40073FB60FB68214B9B6983
:10126000204A43F0040393611E4B9B6903F004037F
:10127000BB60BB6801233B6103237B6107F1100363
:101280001946194801F05CFF184B194A1A60174BB0
:1012900000225A60154B00229A60144B8022DA60BB
:1012A000124B4FF480721A61104B4FF480625A61F6
:1012B0000E4B00229A610D4B0022DA610B4801F0BF
:1012C00051FD0346002B01D000F0FAFC7B68074A71
:1012D0001A62064A7B68536200BF2037BD4680BD54
:1012E00000240140001002400008014028020020B4
:1012F0000800024080B582B000AF0C4B5B690B4A1E
:1013000043F001035361094B5B6903F001037B6008
:101310007B68002200210B2001F0EDFC0B2001F086
:1013200006FD00BF0837BD4680BD00BF001002406B
:1013300080B588B000AF07F1100300221A605A6030
:101340009A60DA602D4B9B692C4A43F0100393613D
:101350002A4B9B6903F01003FB60FB68274B9B69DA
:10136000264A43F020039361244B9B6903F020033A
:10137000BB60BB68214B9B69204A43F00403936127
:101380001E4B9B6903F004037B607B681B4B9B69CE
:101390001A4A43F008039361184B9B6903F0080352
:1013A0003B603B6800224FF40051154802F04CF8B6
:1013B00000222021134802F047F84FF400533B610C
:1013C00001237B610023BB610223FB6107F1100352
:1013D00019460B4801F0B4FE20233B6101237B61D9
:1013E0000023BB610223FB6107F110031946054886
:1013F00001F0A6FE00BF2037BD4680BD00100240B0
:1014000000100140000C014080B586B002AF0346D9
:10141000FB71FB7923F00F03FB73FB791B01BB739B
:10142000FB7B43F00C03DBB23B72FB7B43F0080316
:10143000DBB27B72BB7B43F00C03DBB2BB72BB7BCA
:1014400043F00803DBB2FB7207F108026423009348
:1014500004234E21034802F053F900BF1037BD4664
:1014600080BD00BF6C02002080B586B002AF03468D
:10147000FB71FB7923F00F03FB73FB791B01BB733B
:10148000FB7B43F00D03DBB23B72FB7B43F00903B4
:10149000DBB27B72BB7B43F00D03DBB2BB72BB7B69
:1014A00043F00903DBB2FB7207F1080264230093E7
:1014B00004234E21034802F023F900BF1037BD4634
:1014C00080BD00BF6C02002080B582B000AF8020DC
:1014D000FFF79AFF00237B6005E02020FFF7C4FFA1
:1014E0007B6801337B607B68452BF6DD00BF00BF66
:1014F0000837BD4680BD80B582B000AF78603960E6
:101500007B68002B03D07B68012B05D009E03B688A
:1015100043F080033B6004E03B6843F0C0033B6062
:1015200000BF3B68DBB21846FFF76EFF00BF08370D
:10153000BD4680BD80B500AF322000F071FE302086
:10154000FFF762FF052000F06BFE3020FFF75CFF25
:10155000012000F065FE3020FFF756FF0A2000F062
:101560005FFE2020FFF750FF0A2000F059FE2820E0
:10157000FFF74AFF012000F053FE0820FFF744FF69
:10158000012000F04DFE0120FFF73EFF012000F09A
:1015900047FE012000F044FE0620FFF735FF012042
:1015A00000F03EFE0C20FFF72FFF00BF80BD80B58E
:1015B00082B000AF786006E07B685A1C7A601B78C6
:1015C0001846FFF751FF7B681B78002BF4D100BF52
:1015D00000BF0837BD4680BD80B500AF124B134A2F
:1015E0001A60114B124A5A600F4B00229A600E4B40
:1015F0000022DA600C4B4FF480421A610A4B002241
:101600005A61094B00229A61074B0022DA61064BAE
:1016100000221A62044801F02FFF0346002B01D07C
:1016200000F04EFB00BF80BD6C0200200054004063
:10163000A086010080B588B000AF786007F1100384
:1016400000221A605A609A60DA607B681B68154A4B
:10165000934223D1144B9B69134A43F008039361CF
:10166000114B9B6903F00803FB60FB68C0233B61DF
:1016700012237B610323FB6107F1100319460B481A
:1016800001F05EFD084BDB69074A43F40013D361A8
:10169000054BDB6903F40013BB60BB6800BF203758
:1016A000BD4680BD0054004000100240000C0140C7
:1016B00080B582B000AF0346FB80FB881846FFF779
:1016C0000DFB034606491846FFF75CFB0346054938
:1016D0001846FFF70BFC034618460837BD4680BD89
:1016E0003333534000F07F4580B582B000AF0346EE
:1016F000FB71FB791A462021034801F0A5FE00BFCB
:101700000837BD4680BD00BF000C014080B483B0E7
:1017100000AF78607B681B68054A934202D1054B95
:1017200001221A7000BF0C37BD4680BC704700BF55
:10173000002401400803002080B485B000AF0023DE
:10174000FB604FF6FF737B8100233B810023FB711D
:1017500017E0FB79154A32F81330BB80BA887B89D1
:101760009A4201D2BB887B81BA883B899A4201D9CF
:10177000BB883B81BB88FA681344FB60FB7901336B
:10178000FB71FB791F2BE4D97A893B8913441A46F4
:10179000FB689B1AFB60FB68054AA2FB03231B093D
:1017A0009BB218461437BD4680BC7047C802002063
:1017B0008988888880B586B000AF0346FB80FB88A7
:1017C0001846FFF775FF78614FF000017869FFF761
:1017D00081FC0346002B06D11E497869FFF784FC83
:1017E0000346002B01D01C4B2FE079691948FFF705
:1017F000BFF9034619467869FFF778FB0346174996
:101800001846FFF7BFFA03463B6115493869FFF7F1
:101810006DFB0346184608F0A5F803461149184623
:10182000FFF7B0FA034610491846FFF7A3F903463D
:10183000FB60F9684FF07E50FFF758FB0346BB6032
:101840000A49B868FFF794F9034618461837BD46A9
:1018500080BD00BF333353400000C07F00007A4496
:101860000050C3472CBB84390FCF5B3B3393884375
:1018700090B597B004AF00F071FC00F0A1F9FFF74C
:1018800057FDFFF737FDFFF78FFCFFF7A5FE00F0D0
:1018900057FB00F0C7FBA84801F0A8F8FFF74AFE85
:1018A000FFF712FE00210020FFF725FEA348FFF7F7
:1018B0007EFE00210120FFF71EFEA148FFF777FE04
:1018C0004FF4487000F0ACFCFFF7FEFD9D4803F0BC
:1018D0003BF89D4B4FF000021A609C4B1B78DBB22B
:1018E000002B07D0994B00221A7020229849924869
:1018F00000F092FD974B1B78DBB2002BEDD0954B9F
:1019000000221A70FFF718FF0346A7F84630B7F811
:1019100046301846FFF7CCFE38648F4BFB63F96BFB
:101920004FF07E50FFF724F903461A46864B1B689A
:1019300019461046FFF726FA03461C46396CF86B29
:10194000FFF720FA034619462046FFF713F903462E
:101950001A467D4B1A60B7F846301846FFF72AFF43
:10196000B8637D4B7B637D4B1B6819461846FFF7B8
:10197000CFFB0346002B03D0784ABB6B136016E005
:10198000764B1B681946B86BFFF7F2F80346796B84
:101990001846FFF7F7F903461A46704B1B681946BD
:1019A0001046FFF7E7F803461A466C4B1A606B4B7C
:1019B0001B680022144619461846FFF7A9FB034688
:1019C000002B01D101231C4687F8334097F83330B0
:1019D000002B0AD0614B1B6861491846FFF78EFB4C
:1019E0000346002B01D0012300E0002387F83230AA
:1019F00097F8323003F0010387F8323097F833302C
:101A000083F00103DBB2002B03D197F83230002BB7
:101A100003D0544B00221A7023E0524B1B7883F002
:101A20000103DBB2002B0CD04C4B1B684E4918460F
:101A3000FFF750FB0346002B03D04A4B01221A70DC
:101A40000FE0484B1B78002B0BD0444B1B684749D9
:101A50001846FFF749FB0346002B02D0414B0022FA
:101A60001A70404B1B781846FFF73EFE00F0CEFB85
:101A7000F8623F4B1B6819461846FFF749FB0346BF
:101A8000002B18D1354B1B68394A1268114618468D
:101A9000FFF76EF8034623F000432F491846FFF77F
:101AA00023FB0346002B06D1324B1B68FA6AD31A7C
:101AB000B3F57A7F01D3012300E0002387F82B30B0
:101AC00097F82B3003F0010387F82B3097F82B3071
:101AD000002B3FF402AF214B1B68254A1360254AB7
:101AE000FB6A1360224B1B6819461846FFF710FB70
:101AF0000346002B07D007F11800F5231E4A1121D9
:101B000004F0C8FA10E01A4B1B681846FEF78CFC6C
:101B100002460B4607F11800F5210291CDE900239A
:101B2000164A112104F0B6FAB7F846200D4B1B787F
:101B3000002B27D0124B26E0F8010020289C00083B
:101B4000389C000818030020C4020020C0020020B6
:101B5000C802002008030020CDCCCC3D00000020AE
:101B6000000087430903002000007343000077430F
:101B7000040000200C030020409C0008509C00083A
:101B8000609C00080C4B381D009313460B4A112132
:101B900004F080FA00210020FFF7ADFC07F11803E4
:101BA0001846FFF704FD00210120FFF7A4FC3B1DB0
:101BB0001846FFF7FCFC90E6649C0008689C00084F
:101BC00080B594B000AF07F1280328220021184601
:101BD00004F0FBFA07F1140300221A605A609A60BD
:101BE000DA601A613B1D00221A605A609A60DA605E
:101BF0000123BB624FF48033FB6200233B6301236C
:101C0000BB6302237B644FF48033BB644FF4E01367
:101C1000FB6407F12803184602F0CAF80346002BBC
:101C200001D000F04DF80F237B610223BB6100233C
:101C3000FB614FF480633B6200237B6207F1140376
:101C40000221184602F036FB0346002B01D000F0BB
:101C500037F802237B604FF40043FB603B1D1846BE
:101C600002F0B6FC0346002B01D000F029F800BFBB
:101C70005037BD4680BD000080B483B000AF7860AF
:101C80007B681B680B4A93420FD10B4B1B880133B7
:101C90009AB2094B1A80084B1B88632B05D9064B57
:101CA00000221A80054B01221A7000BF0C37BD4676
:101CB00080BC70470004004010030020C0020020D8
:101CC00080B400AF72B600BF00BFFDE780B485B03E
:101CD00000AF154B9B69144A43F001039361124B0B
:101CE0009B6903F00103BB60BB680F4BDB690E4AC5
:101CF00043F08053D3610C4BDB6903F080537B606E
:101D00007B680A4B5B68FB60FB6823F0E063FB6069
:101D1000FB6843F00073FB60044AFB68536000BF3C
:101D20001437BD4680BC70470010024000000140DF
:101D300080B400AF00BFFDE780B400AF00BFFDE797
:101D400080B400AF00BFFDE780B400AF00BFFDE787
:101D500080B400AF00BFFDE780B400AF00BFBD4658
:101D600080BC704780B400AF00BFBD4680BC7047E8
:101D700080B400AF00BFBD4680BC704780B500AFE7
:101D800000F032FA00BF80BD80B500AF024801F01C
:101D9000A3F800BF80BD00BF2802002080B500AFBF
:101DA000024802F023FE00BF80BD00BF18030020E0
:101DB00080B400AF01231846BD4680BC704780B593
:101DC00082B000AF7860396004F052FA0346162200
:101DD0001A604FF0FF3318460837BD4680BD80B506
:101DE00082B000AF78604FF0FF317868FFF7E7FF0F
:101DF00000BFFDE780B586B000AFF860B9607A60DB
:101E000000237B610AE0AFF300800146BB685A1CE7
:101E1000BA60CAB21A707B6901337B617A697B68E8
:101E20009A42F0DB7B6818461837BD4680BD80B506
:101E300086B000AFF860B9607A6000237B6109E08A
:101E4000BB685A1CBA601B781846AFF300807B69E8
:101E500001337B617A697B689A42F1DB7B681846C3
:101E60001837BD4680BD80B483B000AF78604FF0B6
:101E7000FF3318460C37BD4680BC704780B483B032
:101E800000AF786039603B684FF400525A6000231D
:101E900018460C37BD4680BC704780B483B000AF95
:101EA0007860012318460C37BD4680BC704780B46B
:101EB00085B000AFF860B9607A6000231846143727
:101EC000BD4680BC7047000080B586B000AF78602A
:101ED000144A154BD31A7B617B693B61134B1B681A
:101EE000002B02D1114B124A1A60104B1A687B6802
:101EF00013443A699A4207D204F0BAF903460C2215
:101F00001A604FF0FF3309E0084B1B68FB60074B7A
:101F10001A687B681344054A1360FB681846183733
:101F2000BD4680BD005000200004000014030020C6
:101F3000F804002080B400AF00BFBD4680BC7047ED
:101F400080B586B000AF07F1080300221A605A601E
:101F50009A60DA603B4600221A605A601C4B1D4AA8
:101F60001A601B4B47225A60194B00229A60184B8B
:101F70006322DA60164B00221A61154B00229A6127
:101F8000134802F091FC0346002B01D0FFF798FEA6
:101F90004FF48053BB6007F1080319460C4802F068
:101FA00015FE0346002B01D0FFF78AFE00233B609D
:101FB00000237B603B461946054802F0F7FF0346C5
:101FC000002B01D0FFF77CFE00BF1837BD4680BD57
:101FD000180300200004004080B584B000AF786092
:101FE0007B681B680D4A934213D10D4BDB690C4A89
:101FF00043F00203D3610A4BDB6903F00203FB6089
:10200000FB68002200211D2000F075FE1D2000F05D
:102010008EFE00BF1037BD4680BD00BF00040040EB
:102020000010024080B500AF114B124A1A60104BED
:102030004FF4E1325A600E4B00229A600C4B0022A2
:10204000DA600B4B00221A61094B0C225A61084BD3
:1020500000229A61064B0022DA61054803F016F867
:102060000346002B01D0FFF72BFE00BF80BD00BF51
:10207000600300200038014080B588B000AF786070
:1020800007F1100300221A605A609A60DA607B68D8
:102090001B681C4A934231D11B4B9B691A4A43F47B
:1020A00080439361184B9B6903F48043FB60FB689A
:1020B000154B9B69144A43F004039361124B9B69CF
:1020C00003F00403BB60BB684FF400733B61022361
:1020D0007B610323FB6107F1100319460B4801F0F4
:1020E0002FF84FF480633B6100237B610023BB61C9
:1020F00007F110031946054801F022F800BF203708
:10210000BD4680BD0038014000100240000801407B
:10211000FFF710FF0B480C490C4A002302E0D4588B
:10212000C4500433C4188C42F9D3094A094C002323
:1021300001E013600432A242FBD304F09FF8FFF7E2
:1021400097FB704700000020DC010020ECA0000895
:10215000DC010020F8040020FEE7000080B500AF9D
:10216000084B1B68074A43F010031360032000F07C
:10217000B7FD0F2000F008F8FFF7A8FD0023184670
:1021800080BD00BF0020024080B582B000AF786003
:10219000124B1A68124B1B7819464FF47A73B3FB33
:1021A000F1F3B2FBF3F3184600F0CFFD0346002B2A
:1021B00001D001230EE07B680F2B0AD8002279683A
:1021C0004FF0FF3000F097FD064A7B681360002354
:1021D00000E0012318460837BD4680BD08000020F6
:1021E000100000200C00002080B400AF054B1B78CD
:1021F0001A46054B1B681344034A136000BFBD46D3
:1022000080BC704710000020A803002080B400AFFD
:10221000024B1B681846BD4680BC7047A8030020CF
:1022200080B584B000AF7860FFF7F0FFB8607B68DE
:10223000FB60FB68B3F1FF3F05D00A4B1B781A46E1
:10224000FB681344FB6000BFFFF7E0FF0246BB687A
:10225000D31AFA689A42F7D800BF00BF1037BD46BC
:1022600080BD00BF1000002080B586B000AF786050
:102270000023FB7500233B610023BB600023FB6050
:102280007B68002B01D10123BEE07B689B68002B9B
:102290007B689B6A002B09D17B680022DA627B682D
:1022A000002283F824207868FEF7BCFF786800F0ED
:1022B000F5FA0346FB757B689B6A03F01003002B5D
:1022C00040F09980FB7D002B40F095807B689B6AF5
:1022D00023F4885323F0020343F002027B689A62DE
:1022E0007B685A687B68DB691A437B681B7B5B00F1
:1022F0001343BA681343BB607B689B68B3F5807F68
:1023000003D07B689B68012B02D14FF4807300E0FF
:1023100000233A6913433B617B681B7D012B19D174
:102320007B681B7B002B09D17B689B69013B5A03AF
:102330003B69134343F400633B610BE07B689B6A9A
:1023400043F020027B689A627B68DB6A43F00102FB
:102350007B68DA627B681B685B6823F469417B6891
:102360001B683A690A435A607B681B689A68284B65
:1023700013407A681268B9680B4393607B689B6866
:10238000B3F5807F03D07B689B68012B04D17B6809
:102390001B69013B1B05FB607B681B68DB6A23F440
:1023A00070017B681B68FA680A43DA627B681B6805
:1023B0009A68184B1340BA689A420BD17B68002286
:1023C000DA627B689B6A23F0030343F001027B68B7
:1023D0009A6218E07B689B6A23F0120343F01002B4
:1023E0007B689A627B68DB6A43F001027B68DA6291
:1023F0000123FB7507E07B689B6A43F010027B6852
:102400009A620123FB75FB7D18461837BD4680BDD7
:10241000FDF7E1FFFE0E1FFF80B586B000AFF8604C
:10242000B9607A600023FB75FB681B68644A9342BD
:1024300004D0FB681B68634A934206D1604B5B681B
:1024400003F47023002B40F0B380FB6893F8243032
:10245000012B01D10223AEE0FB68012283F8242086
:10246000F86800F0C1F90346FB75FB7D002B40F0D6
:102470009A80FB689B6A23F4706323F0010343F4A2
:102480008072FB689A62FB681B684E4A934205D1D2
:102490004B4B5B6803F47023002B15D1FB689B6AE0
:1024A00023F48012FB689A62FB681B685B6803F484
:1024B0008063002B26D0FB689B6A23F4405343F4CF
:1024C0008052FB689A621DE0FB689B6A43F48012AD
:1024D000FB689A62FB681B68394A934204D0FB6828
:1024E0001B68384A93420DD1354B5B6803F4806317
:1024F000002B07D0FB689B6A23F4405343F48052BF
:10250000FB689A62FB689B6A03F48053002B06D039
:10251000FB68DB6A23F00602FB68DA6202E0FB6814
:102520000022DA62FB68002283F82420FB681B6A21
:10253000254A9A62FB681B6A244ADA62FB681B6AB6
:10254000234A1A63FB681B686FF002021A60FB687B
:102550001B689A68FB681B6842F480729A60FB688B
:10256000186AFB681B684C331946BA687B6800F030
:1025700053FCFB681B689B6803F46023B3F5602F72
:1025800008D1FB681B689A68FB681B6842F4A002CC
:102590009A600FE0FB681B689A68FB681B6842F44E
:1025A00080129A6006E0FB68002283F8242001E094
:1025B0000123FB75FB7D18461837BD4680BD00BF63
:1025C00000240140002801401F2900089B29000821
:1025D000B729000880B483B000AF786000BF0C3723
:1025E000BD4680BC704780B483B000AF786000BF48
:1025F0000C37BD4680BC704780B485B000AF7860B2
:1026000039600023FB730023BB607B6893F82430A0
:10261000012B01D10223DCE07B68012283F8242016
:102620003B685B68062B1CD87B681B68596B3B6852
:102630005A6813469B001344053B1F2202FA03F31A
:10264000DB4319403B6818683B685A6813469B0097
:102650001344053B00FA03F27B681B680A435A6384
:102660003CE03B685B680C2B1CD87B681B68196BD3
:102670003B685A6813469B001344233B1F2202FA0F
:1026800003F3DB4319403B6818683B685A681346FC
:102690009B001344233B00FA03F27B681B680A4348
:1026A0001A631BE07B681B68D96A3B685A6813464B
:1026B0009B001344413B1F2202FA03F3DB43194002
:1026C0003B6818683B685A6813469B001344413BBB
:1026D00000FA03F27B681B680A43DA623B681B68F6
:1026E000092B1CD97B681B68D9683B681A6813469C
:1026F0005B0013441E3B072202FA03F3DB4319403D
:102700003B6898683B681A6813465B0013441E3B9D
:1027100000FA03F27B681B680A43DA6019E07B6801
:102720001B6819693B681A6813465B00134407224B
:1027300002FA03F3DB4319403B6898683B681A6868
:1027400013465B00134400FA03F27B681B680A43DC
:102750001A613B681B68102B03D03B681B68112B68
:1027600032D17B681B681D4A934225D17B681B6868
:102770009B6803F40003002B26D17B681B689A68D2
:102780007B681B6842F400029A603B681B68102B50
:102790001AD1134B1B68134AA2FB03239A0C13464E
:1027A0009B0013445B00BB6002E0BB68013BBB6065
:1027B000BB68002BF9D107E07B689B6A43F02002DD
:1027C0007B689A620123FB737B68002283F82420D4
:1027D000FB7B18461437BD4680BC7047002401407F
:1027E0000800002083DE1B4380B584B000AF786012
:1027F0000023FB600023BB607B681B689B6803F0C1
:102800000103012B40D07B681B689A687B681B68BA
:1028100042F001029A601F4B1B681F4AA2FB032370
:102820009B0CBB6002E0BB68013BBB60BB68002B3C
:10283000F9D1FFF7EBFCF8601FE0FFF7E7FC024679
:10284000FB68D31A022B18D97B681B689B6803F0BE
:102850000103012B11D07B689B6A43F010027B6857
:102860009A627B68DB6A43F001027B68DA627B680C
:10287000002283F82420012307E07B681B689B6803
:1028800003F00103012BD8D1002318461037BD46B1
:1028900080BD00BF0800002083DE1B4380B584B0EC
:1028A00000AF78600023FB607B681B689B6803F0C7
:1028B0000103012B2ED17B681B689A687B681B681B
:1028C00022F001029A60FFF7A1FCF8601BE0FFF71D
:1028D0009DFC0246FB68D31A022B14D97B681B6847
:1028E0009B6803F00103012B0DD17B689B6A43F0C9
:1028F00010027B689A627B68DB6A43F001027B68A6
:10290000DA62012307E07B681B689B6803F0010320
:10291000012BDCD0002318461037BD4680BD80B5A2
:1029200084B000AF78607B685B6AFB60FB689B6A81
:1029300003F05003002B27D1FB689B6A43F400721D
:10294000FB689A62FB681B689B6803F46023B3F51D
:10295000602F15D1FB681B7B002B11D1FB689B6A94
:1029600023F48072FB689A62FB689B6A03F48053CD
:10297000002B05D1FB689B6A43F00102FB689A6259
:10298000F868FEF7C3FE04E0FB681B6A1B6B7868FF
:10299000984700BF1037BD4680BD80B584B000AFFA
:1029A00078607B685B6AFB60F868FFF713FE00BF26
:1029B0001037BD4680BD80B584B000AF78607B68BD
:1029C0005B6AFB60FB689B6A43F04002FB689A62AB
:1029D000FB68DB6A43F00402FB68DA62F868FFF721
:1029E00002FE00BF1037BD4680BD000090B587B025
:1029F00000AF78600023FB750023FB607B6893F8D1
:102A00002430012B01D1022397E07B68012283F857
:102A100024207868FFF742FF0346FB757868FFF7CC
:102A2000E3FE0346FB75FB7D002B40F081807B6855
:102A30009B6A23F4885323F0020343F002027B686D
:102A40009A62404B1C68022001F078FE0346B4FBFA
:102A5000F3F35B00FB6002E0FB68013BFB60FB689B
:102A6000002BF9D17B681B689A687B681B6842F071
:102A700008029A60FFF7CAFB38611BE0FFF7C6FB4C
:102A800002463B69D31A0A2B14D97B681B689B68E2
:102A900003F00803002B0DD07B689B6A23F0120320
:102AA00043F010027B689A627B68002283F824203E
:102AB000012342E07B681B689B6803F00803002B3E
:102AC000DCD17B681B689A687B681B6842F0040253
:102AD0009A60FFF79BFB38611BE0FFF797FB02460C
:102AE0003B69D31A0A2B14D97B681B689B6803F0D7
:102AF0000403002B0DD07B689B6A23F0120343F084
:102B000010027B689A627B68002283F824200123EC
:102B100013E07B681B689B6803F00403002BDCD187
:102B20007B689B6A23F0030343F001027B689A628F
:102B30007B68002283F82420FB7D18461C37BD46A5
:102B400090BD00BF0800002080B485B000AF786061
:102B50007B6803F00703FB600C4BDB68BB60BA6863
:102B60004FF6FF031340BB60FB681A02BB681343B8
:102B700043F0BF6343F40033BB60044ABB68D360D7
:102B800000BF1437BD4680BC704700BF00ED00E0B9
:102B900080B400AF044BDB681B0A03F00703184640
:102BA000BD4680BC704700BF00ED00E080B483B03C
:102BB00000AF0346FB7197F90730002B0BDBFB7965
:102BC00003F01F02064997F907305B09012000FA5C
:102BD00002F241F8232000BF0C37BD4680BC70478D
:102BE00000E100E080B483B000AF03463960FB71C0
:102BF00097F90730002B0ADB3B68DAB20C4997F9EA
:102C000007301201D2B20B4483F800230AE03B687C
:102C1000DAB20849FB7903F00F03043B1201D2B288
:102C20000B441A7600BF0C37BD4680BC704700BF0E
:102C300000E100E000ED00E080B489B000AFF86092
:102C4000B9607A60FB6803F00703FB61FB69C3F1BD
:102C50000703042B28BF0423BB61FB690433062B45
:102C600002D9FB69033B00E000237B614FF0FF3298
:102C7000BB6902FA03F3DA43BB681A407B699A40E6
:102C80004FF0FF317B6901FA03F3D9437B680B40B6
:102C9000134318462437BD4680BC704780B582B0C8
:102CA00000AF78607B68013BB3F1807F01D30123E3
:102CB0000FE00A4A7B68013B53600F214FF0FF3061
:102CC000FFF790FF054B00229A60044B07221A6021
:102CD000002318460837BD4680BD00BF10E000E065
:102CE00080B582B000AF78607868FFF72DFF00BF35
:102CF0000837BD4680BD80B586B000AF0346B960D9
:102D00007A60FB7300237B61FFF742FF78617A688A
:102D1000B9687869FFF790FF024697F90F301146BE
:102D20001846FFF75FFF00BF1837BD4680BD80B56E
:102D300082B000AF0346FB7197F907301846FFF7E2
:102D400035FF00BF0837BD4680BD80B582B000AFFB
:102D500078607868FFF7A2FF034618460837BD463B
:102D600080BD000080B485B000AF78600023FB60B8
:102D70007B68002B01D1012343E07B681B681A4666
:102D8000224B1344224AA2FB03231B099A007B68AF
:102D90001A647B681F4ADA637B68022283F8212069
:102DA0007B681B681B68FB60FB6823F47F5323F080
:102DB0003003FB607B685A687B689B681A437B68BA
:102DC000DB681A437B681B691A437B685B691A439B
:102DD0007B689B691A437B68DB691343FA6813437A
:102DE000FB607B681B68FA681A607B6800229A6344
:102DF0007B68012283F821207B68002283F8202051
:102E0000002318461437BD4680BC7047F8FFFDBF4D
:102E1000CDCCCCCC0000024080B586B000AFF860CD
:102E2000B9607A603B600023FB75FB6893F8203043
:102E3000012B01D102234BE0FB68012283F8202003
:102E4000FB6893F82130DBB2012B3AD1FB680222F8
:102E500083F82120FB6800229A63FB681B681A68CC
:102E6000FB681B6822F001021A603B687A68B96847
:102E7000F86800F037F9FB68DB6A002B08D0FB68C4
:102E80001B681A68FB681B6842F00E021A600FE0AC
:102E9000FB681B681A68FB681B6822F004021A6052
:102EA000FB681B681A68FB681B6842F00A021A601C
:102EB000FB681B681A68FB681B6842F001021A6015
:102EC00005E0FB68002283F820200223FB75FB7DD0
:102ED00018461837BD4680BD80B584B000AF786015
:102EE0007B68DB6B1B68FB607B681B681B68BB60D7
:102EF0007B681B6C04229A40FB681340002B4FD068
:102F0000BB6803F00403002B4AD07B681B681B6876
:102F100003F02003002B07D17B681B681A687B68CD
:102F20001B6822F004021A607B681B68664A9342A1
:102F300029D07B681B68654A934222D07B681B6856
:102F4000634A93421AD07B681B68624A934212D04C
:102F50007B681B68604A93420AD07B681B685F4AA3
:102F6000934202D14FF480030EE04FF080630BE0F8
:102F70004FF4802308E04FF4804305E04FF4806372
:102F800002E0402300E00423554A53607B68DB6A7B
:102F9000002B00F094807B68DB6A786898478EE0AD
:102FA0007B681B6C02229A40FB681340002B56D0B2
:102FB000BB6803F00203002B51D07B681B681B68C1
:102FC00003F02003002B0BD17B681B681A687B6819
:102FD0001B6822F00A021A607B68012283F8212014
:102FE0007B681B68384A934229D07B681B68374A44
:102FF000934222D07B681B68354A93421AD07B6883
:103000001B68344A934212D07B681B68324A934251
:103010000AD07B681B68314A934202D14FF40013F7
:103020000EE04FF000730BE04FF4003308E04FF474
:10303000005305E04FF4007302E0202300E0022378
:10304000274A53607B68002283F820207B689B6AB4
:10305000002B34D07B689B6A786898472FE07B68A8
:103060001B6C08229A40FB681340002B28D0BB68D9
:1030700003F00803002B23D07B681B681A687B6869
:103080001B6822F00E021A607B681A6C7B68DB6B8F
:10309000012101FA02F25A607B6801229A637B687F
:1030A000012283F821207B68002283F820207B689E
:1030B0001B6B002B04D07B681B6B7868984700BFA4
:1030C00000BF1037BD4680BD080002401C00024012
:1030D0003000024044000240580002406C000240B0
:1030E0000000024080B485B000AFF860B9607A603B
:1030F0003B60FB681A6CFB68DB6B012101FA02F292
:103100005A60FB681B683A685A60FB685B68102B62
:1031100008D1FB681B687A689A60FB681B68BA680C
:10312000DA6007E0FB681B68BA689A60FB681B6896
:103130007A68DA6000BF1437BD4680BC7047000073
:1031400080B48BB000AF7860396000237B620023CD
:103150003B6269E101227B6A02FA03F3FB613B688F
:103160001B68FA691340BB61BA69FB699A4240F077
:1031700058813B685B689A4A93425ED0984A934272
:1031800075D8984A934258D0964A93426FD8964A37
:10319000934252D0944A934269D8944A93424CD075
:1031A000924A934263D8924A934246D0904A9342BD
:1031B0005DD8122B2AD8122B59D801A252F823F02D
:1031C0003B32000815320008273200086932000837
:1031D0006F3200086F3200086F3200086F3200084B
:1031E0006F3200086F3200086F3200086F3200083B
:1031F0006F3200086F3200086F3200086F3200082B
:103200006F3200081D32000831320008794A9342BB
:1032100013D02CE03B68DB683B6229E03B68DB684D
:1032200004333B6224E03B68DB6808333B621FE009
:103230003B68DB680C333B621AE03B689B68002B01
:1032400002D104233B6213E03B689B68012B05D14C
:1032500008233B627B68FA691A6109E008233B6234
:103260007B68FA695A6103E000233B6200E000BF1B
:10327000BB69FF2B01D87B6801E07B6804337B616D
:10328000BB69FF2B02D87B6A9B0002E07B6A083B8C
:103290009B003B617B691A680F213B6901FA03F3CC
:1032A000DB431A40396A3B6901FA03F31A437B692D
:1032B0001A603B685B6803F08053002B00F0B1801C
:1032C0004D4B9B694C4A43F0010393614A4B9B6908
:1032D00003F00103BB60BB68484A7B6A9B0802336A
:1032E00052F82330FB607B6A03F003039B000F223C
:1032F00002FA03F3DB43FA681340FB607B68404A41
:10330000934213D07B683F4A93420DD07B683E4A7C
:10331000934207D07B683D4A934201D1032306E0E4
:10332000042304E0022302E0012300E000237A6A80
:1033300002F0030292009340FA681343FB602F49A6
:103340007B6A9B080233FA6841F823203B685B687C
:1033500003F48013002B06D02D4B9A682C49BB69CF
:1033600013438B6006E02A4B9A68BB69DB4328490C
:1033700013408B603B685B6803F40013002B06D09E
:10338000234BDA682249BB691343CB6006E0204B2C
:10339000DA68BB69DB431E491340CB603B685B685E
:1033A00003F40033002B06D0194B5A681849BB6947
:1033B00013434B6006E0164B5A68BB69DB43144964
:1033C00013404B603B685B6803F48033002B21D0D3
:1033D0000F4B1A680E49BB6913430B6021E000BF15
:1033E00000003210000031100000221000002110F7
:1033F00000001210000011100010024000000140F7
:1034000000080140000C0140001001400014014080
:10341000000401400B4B1A68BB69DB4309491340A8
:103420000B607B6A01337B623B681A687B6A22FA15
:1034300003F3002B7FF48EAE00BF00BF2C37BD46D8
:1034400080BC70470004014080B483B000AF786056
:103450000B467B8013467B707B78002B03D07A88E9
:103460007B681A6103E07B881A047B681A6100BFDD
:103470000C37BD4680BC704780B584B000AF786023
:103480007B68002B01D101232BE17B6893F83D3051
:10349000DBB2002B06D17B68002283F83C207868E1
:1034A000FEF7C8F87B68242283F83D207B681B6800
:1034B0001A687B681B6822F001021A607B681B682F
:1034C0001A687B681B6842F400421A607B681B68BC
:1034D0001A687B681B6822F400421A6001F032F817
:1034E000F8607B685B68814A934207D8FB68804A32
:1034F000934294BF01230023DBB206E0FB687D4AC0
:10350000934294BF01230023DBB2002B01D001239F
:10351000E7E0FB68784AA2FB03239B0CBB607B6857
:103520001B685B6823F03F017B681B68BA680A432D
:103530005A607B681B681B6A23F03F017B685B68ED
:103540006A4A934202D8BB68013309E0BB684FF472
:10355000967202FB03F3694AA2FB03239B09013322
:103560007A6812680B4313627B681B68DB6923F47B
:103570004F4222F0FF027B685B685C498B4219D89E
:10358000FB68591E7B685B685B00B1FBF3F3591C59
:1035900040F6FC730B40002B0AD0FB68591E7B6879
:1035A0005B685B00B1FBF3F30133C3F30B0351E042
:1035B00004234FE07B689B68002B11D1FB68581EE9
:1035C0007B6859680B465B000B44B0FBF3F3013397
:1035D000C3F30B03002B0CBF01230023DBB212E06B
:1035E000FB68581E7B6859680B469B000B4499008A
:1035F0000B44B0FBF3F30133C3F30B03002B0CBFFD
:1036000001230023DBB2002B01D0012322E07B68E1
:103610009B68002B0ED1FB68581E7B6859680B46CF
:103620005B000B44B0FBF3F30133C3F30B0343F430
:1036300000430FE0FB68581E7B6859680B469B00EF
:103640000B4499000B44B0FBF3F30133C3F30B03BA
:1036500043F44043796809681343CB617B681B6876
:103660001B6823F0C0017B68DA697B681B6A1A4318
:103670007B681B680A431A607B681B689B6823F49D
:10368000034323F0FF037A6811697A68D268114313
:103690007A6812680B4393607B681B68DB6823F0D1
:1036A000FF017B685A697B689B691A437B681B68CA
:1036B0000A43DA607B681B681A687B681B6842F003
:1036C00001021A607B6800221A647B68202283F85A
:1036D0003D207B6800221A637B68002283F83E202D
:1036E000002318461037BD4680BD00BFA0860100EC
:1036F0007F841E00FF083D0083DE1B43D34D621014
:1037000080B588B002AFF8607A601A460B467B81BC
:1037100013463B81FEF77AFD7861FB6893F83D30F4
:10372000DBB2202B40F0E0807B690093192301225B
:103730007049F86800F064F90346002B01D00223B9
:10374000D3E0FB6893F83C30012B01D10223CCE09D
:10375000FB68012283F83C20FB681B681B6803F0B0
:103760000103012B07D0FB681B681A68FB681B6804
:1037700042F001021A60FB681B681A68FB681B684C
:1037800022F400621A60FB68212283F83D20FB6866
:10379000102283F83E20FB6800221A64FB687A68D6
:1037A0005A62FB683A895A85FB685B8D9AB2FB685E
:1037B0001A85FB68504ADA6279897B693A6AF86847
:1037C00000F09CF80346002B01D001238DE000237C
:1037D0003B61FB681B685B693B61FB681B689B691D
:1037E0003B613B6966E07A69396AF86800F022FA61
:1037F0000346002B0DD0FB681B6C042B07D1FB6824
:103800001B681A68FB681B6842F400721A60012387
:103810006BE0FB685B6A1A78FB681B681A61FB68DF
:103820005B6A5A1CFB685A62FB685B8D9BB2013B6A
:103830009AB2FB685A85FB681B8D013B9AB2FB6804
:103840001A85FB681B685B6903F00403042B1BD11A
:10385000FB681B8D002B17D0FB685B6A1A78FB682E
:103860001B681A61FB685B6A5A1CFB685A62FB683A
:103870005B8D9BB2013B9AB2FB685A85FB681B8D3E
:10388000013B9AB2FB681A857A69396AF86800F0D8
:1038900019FA0346002B0DD0FB681B6C042B07D1D3
:1038A000FB681B681A68FB681B6842F400721A60A8
:1038B00001231AE0FB681B8D002B94D1FB681B6869
:1038C0001A68FB681B6842F400721A60FB682022C9
:1038D00083F83D20FB68002283F83E20FB6800222D
:1038E00083F83C20002300E0022318461837BD4629
:1038F00080BD00BF020010000000FFFF80B588B04F
:1039000002AFF8607A603B600B467B81FB68DB6A44
:103910007B617B69082B06D07B69012B03D07B6917
:1039200013F5803F08D1FB681B681A68FB681B68A9
:1039300042F480721A600BE0FB681B6B122B07D1FC
:10394000FB681B681A68FB681B6842F480721A6087
:103950003B6800937B6800224FF00111F86800F08B
:103960004FF80346002B0DD0FB681B681B6803F45F
:103970008073B3F5807F03D1FB684FF400721A6443
:10398000032335E0FB681B69B3F5804F08D17B89C1
:10399000DBB21A46FB681B6802F0FE021A611BE0EC
:1039A0007B89DB11DBB203F00603DBB263F00F03AC
:1039B000DAB2FB681B681A613B687A680E49F868DE
:1039C00000F098F80346002B01D0012310E07B891A
:1039D000DAB2FB681B681A613B687A680749F868C5
:1039E00000F088F80346002B01D0012300E00023FB
:1039F00018461837BD4680BD0800010002000100CE
:103A000080B584B000AFF860B9603B601346FB71CD
:103A100048E03B68B3F1FF3F44D0FEF7F7FB0246B6
:103A2000BB69D31A3A689A4202D33B68002B39D15A
:103A3000BB681B0CDBB2012B0DD1FB681B685B69FB
:103A4000DA43BB6813409BB2002B0CBF0123002359
:103A5000DBB21A460CE0FB681B689B69DA43BB6863
:103A600013409BB2002B0CBF01230023DBB21A468C
:103A7000FB799A4216D1FB6800221A63FB68202268
:103A800083F83D20FB68002283F83E20FB681B6C16
:103A900043F02002FB681A64FB68002283F83C2094
:103AA000012323E0BB681B0CDBB2012B0DD1FB68AB
:103AB0001B685B69DA43BB6813409BB2002B0CBFE9
:103AC00001230023DBB21A460CE0FB681B689B69EC
:103AD000DA43BB6813409BB2002B0CBF01230023C9
:103AE000DBB21A46FB799A4293D00023184610376E
:103AF000BD4680BD80B584B000AFF860B9607A6023
:103B00003B6071E0FB681B685B6903F48063B3F59D
:103B1000806F23D1FB681B681A68FB681B6842F43E
:103B200000721A60FB681B686FF480625A61FB6860
:103B300000221A63FB68202283F83D20FB680022E4
:103B400083F83E20FB681B6C43F00402FB681A6498
:103B5000FB68002283F83C20012367E07B68B3F117
:103B6000FF3F41D0FEF752FB02463B68D31A7A680A
:103B70009A4202D37B68002B36D1BB681B0CDBB2A8
:103B8000012B0CD1FB681B685B69DA43BB681340EF
:103B90009BB2002B14BF01230023DBB20BE0FB68B8
:103BA0001B689B69DA43BB6813409BB2002B14BFB0
:103BB00001230023DBB2002B16D0FB6800221A631E
:103BC000FB68202283F83D20FB68002283F83E201A
:103BD000FB681B6C43F02002FB681A64FB68002240
:103BE00083F83C20012321E0BB681B0CDBB2012BD6
:103BF0000CD1FB681B685B69DA43BB6813409BB25E
:103C0000002B14BF01230023DBB20BE0FB681B6811
:103C10009B69DA43BB6813409BB2002B14BF01239E
:103C20000023DBB2002B7FF46DAF00231846103762
:103C3000BD4680BD80B584B000AFF860B9607A60E1
:103C400034E0F86800F086F80346002B01D0012329
:103C500034E0BB68B3F1FF3F28D0FEF7D7FA024645
:103C60007B68D31ABA689A4202D3BB68002B1DD175
:103C7000FB681B685B6903F08003802B16D0FB6830
:103C800000221A63FB68202283F83D20FB68002293
:103C900083F83E20FB681B6C43F02002FB681A642B
:103CA000FB68002283F83C20012307E0FB681B68C7
:103CB0005B6903F08003802BC3D1002318461037C3
:103CC000BD4680BD80B584B000AFF860B9607A6051
:103CD00034E0F86800F03EF80346002B01D00123E1
:103CE00034E0BB68B3F1FF3F28D0FEF78FFA0246FD
:103CF0007B68D31ABA689A4202D3BB68002B1DD1E5
:103D0000FB681B685B6903F00403042B16D0FB6897
:103D100000221A63FB68202283F83D20FB68002202
:103D200083F83E20FB681B6C43F02002FB681A649A
:103D3000FB68002283F83C20012307E0FB681B6836
:103D40005B6903F00403042BC3D10023184610372A
:103D5000BD4680BD80B483B000AF78607B681B68CF
:103D60005B6903F48063B3F5806F1BD17B681B68CC
:103D70006FF480625A617B6800221A637B6820229C
:103D800083F83D207B68002283F83E207B681B6C13
:103D900043F004027B681A647B68002283F83C20AD
:103DA000012300E0002318460C37BD4680BC704755
:103DB00080B586B000AF78607B68002B01D101230D
:103DC00072E27B681B6803F00103002B00F0878020
:103DD000924B5B6803F00C03042B0CD08F4B5B6899
:103DE00003F00C03082B12D18C4B5B6803F4803377
:103DF000B3F5803F0BD1894B1B6803F40033002BD4
:103E00006CD07B685B68002B68D101234CE27B6837
:103E10005B68B3F5803F06D1804B1B687F4A43F453
:103E2000803313602EE07B685B68002B0CD17B4BEA
:103E30001B687A4A23F480331360784B1B68774AF7
:103E400023F4802313601DE07B685B68B3F5A02F2B
:103E50000CD1724B1B68714A43F4802313606F4B83
:103E60001B686E4A43F4803313600BE06B4B1B6896
:103E70006A4A23F480331360684B1B68674A23F453
:103E8000802313607B685B68002B13D0FEF7BEF9BC
:103E9000386108E0FEF7BAF902463B69D31A642B91
:103EA00001D9032300E25D4B1B6803F40033002BB0
:103EB000F0D014E0FEF7AAF9386108E0FEF7A6F9A1
:103EC00002463B69D31A642B01D90323ECE1534B1F
:103ED0001B6803F40033002BF0D100E000BF7B68C7
:103EE0001B6803F00203002B63D04C4B5B6803F0AC
:103EF0000C03002B0BD0494B5B6803F00C03082B21
:103F00001CD1464B5B6803F48033002B16D1434B26
:103F10001B6803F00203002B05D07B681B69012B93
:103F200001D00123C0E13D4B1B6823F0F8027B6800
:103F30005B69DB00394913430B603AE07B681B691E
:103F4000002B20D0364B01221A60FEF75FF9386152
:103F500008E0FEF75BF902463B69D31A022B01D950
:103F60000323A1E12D4B1B6803F00203002BF0D0CB
:103F70002A4B1B6823F0F8027B685B69DB0027494A
:103F800013430B6015E0264B00221A60FEF73EF942
:103F9000386108E0FEF73AF902463B69D31A022B72
:103FA00001D9032380E11D4B1B6803F00203002BA2
:103FB000F0D17B681B6803F00803002B3AD07B68C4
:103FC0009B69002B19D0174B01221A60FEF71EF9CE
:103FD000386108E0FEF71AF902463B69D31A022B52
:103FE00001D9032360E10D4B5B6A03F00203002B50
:103FF000F0D0012000F0CEFA1CE00A4B00221A603B
:10400000FEF704F938610FE0FEF700F902463B695C
:10401000D31A022B08D9032346E100BF0010024047
:104020000000424280044242924B5B6A03F002036A
:10403000002BE9D17B681B6803F00403002B00F020
:10404000A6800023FB758B4BDB6903F08053002BAC
:104050000DD1884BDB69874A43F08053D361854B90
:10406000DB6903F08053BB60BB680123FB75824BA7
:104070001B6803F48073002B18D17F4B1B687E4AAA
:1040800043F480731360FEF7C1F8386108E0FEF76F
:10409000BDF802463B69D31A642B01D9032303E11F
:1040A000754B1B6803F48073002BF0D07B68DB68D2
:1040B000012B06D16F4B1B6A6E4A43F0010313625A
:1040C0002DE07B68DB68002B0CD16A4B1B6A694AC8
:1040D00023F001031362674B1B6A664A23F0040353
:1040E00013621CE07B68DB68052B0CD1614B1B6AFB
:1040F000604A43F0040313625E4B1B6A5D4A43F05F
:10410000010313620BE05B4B1B6A5A4A23F0010365
:104110001362584B1B6A574A23F0040313627B68EF
:10412000DB68002B15D0FEF771F838610AE0FEF766
:104130006DF802463B69D31A41F28832934201D9A5
:104140000323B1E04B4B1B6A03F00203002BEED0BC
:1041500014E0FEF75BF838610AE0FEF757F8024614
:104160003B69D31A41F28832934201D903239BE081
:10417000404B1B6A03F00203002BEED1FB7D012BA9
:1041800005D13C4BDB693B4A23F08053D3617B680C
:10419000DB69002B00F08780364B5B6803F00C0373
:1041A000082B61D07B68DB69022B46D1334B0022A0
:1041B0001A60FEF72BF8386108E0FEF727F8024690
:1041C0003B69D31A022B01D903236DE0294B1B68ED
:1041D00003F00073002BF0D17B681B6AB3F5803FBE
:1041E00008D1244B5B6823F400327B689B6821492B
:1041F00013434B601F4B5B6823F474127B68196A8E
:104200007B685B6A0B431B4913434B601B4B0122CA
:104210001A60FDF7FBFF386108E0FDF7F7FF024683
:104220003B69D31A022B01D903233DE0114B1B68D4
:1042300003F00073002BF0D035E0104B00221A6021
:10424000FDF7E4FF386108E0FDF7E0FF02463B6957
:10425000D31A022B01D9032326E0064B1B6803F077
:104260000073002BF0D11EE07B68DB69012B07D1C6
:10427000012319E00010024000700040600042423B
:104280000B4B5B68FB60FB6803F480327B681B6A46
:104290009A4206D1FB6803F470127B685B6A9A420B
:1042A00001D0012300E0002318461837BD4680BD29
:1042B0000010024080B584B000AF786039607B6840
:1042C000002B01D10123D0E06A4B1B6803F00703E8
:1042D0003A689A4210D9674B1B6823F00702654978
:1042E0003B6813430B60634B1B6803F007033A689A
:1042F0009A4201D00123B8E07B681B6803F00203F7
:10430000002B20D07B681B6803F00403002B05D032
:10431000594B5B68584A43F4E06353607B681B6801
:1043200003F00803002B05D0534B5B68524A43F45B
:1043300060535360504B5B6823F0F0027B689B68CE
:104340004D4913434B607B681B6803F00103002B4E
:1043500040D07B685B68012B07D1474B1B6803F497
:104360000033002B15D101237FE07B685B68022BB3
:1043700007D1414B1B6803F00073002B09D10123C7
:1043800073E03D4B1B6803F00203002B01D10123B6
:104390006BE0394B5B6823F003027B685B6836494E
:1043A00013434B60FDF732FFF8600AE0FDF72EFF84
:1043B0000246FB68D31A41F28832934201D90323A3
:1043C00053E02D4B5B6803F00C027B685B689B003D
:1043D0009A42EBD1274B1B6803F007033A689A42D5
:1043E00010D2244B1B6823F0070222493B68134379
:1043F0000B60204B1B6803F007033A689A4201D018
:10440000012332E07B681B6803F00403002B08D013
:10441000194B5B6823F4E0627B68DB681649134341
:104420004B607B681B6803F00803002B09D0124B1C
:104430005B6823F460527B681B69DB000E49134301
:104440004B6000F021F802460B4B5B681B0903F040
:104450000F030A49CB5C22FA03F3094A1360094BA4
:104460001B681846FDF790FE002318461037BD461E
:1044700080BD00BF0020024000100240789C000870
:10448000080000200C00002080B487B000AF00239B
:10449000FB600023BB6000237B6100237B60002363
:1044A0003B611E4B5B68FB60FB6803F00C03042B55
:1044B00002D0082B03D027E0194B3B6127E0FB68B3
:1044C0009B0C03F00F03174AD35C7B60FB6803F47B
:1044D0008033002B10D0114B5B685B0C03F00103A1
:1044E000114AD35CBB607B680D4A03FB02F2BB68D8
:1044F000B2FBF3F37B6104E07B680C4A02FB03F33D
:104500007B617B693B6102E0054B3B6100BF3B691E
:1045100018461C37BD4680BC704700BF00100240E3
:1045200000127A00909C0008A09C000800093D0041
:1045300080B400AF024B1B681846BD4680BC704774
:104540000800002080B500AFFFF7F2FF0246054BE0
:104550005B681B0A03F007030349CB5C22FA03F3F1
:10456000184680BD00100240889C000880B500AF4E
:10457000FFF7DEFF0246054B5B68DB0A03F007032B
:104580000349CB5C22FA03F3184680BD00100240B9
:10459000889C000880B485B000AF78600A4B1B6827
:1045A0000A4AA2FB03235B0A7A6802FB03F3FB605F
:1045B00000BFFB685A1EFA60002BF9D100BF00BF94
:1045C0001437BD4680BC704708000020D34D6210F0
:1045D00080B586B000AF786000233B610023FB60AC
:1045E0007B681B6803F00103002B7DD00023FB7563
:1045F0004F4BDB6903F08053002B0DD14C4BDB6933
:104600004B4A43F08053D361494BDB6903F080533D
:10461000BB60BB680123FB75464B1B6803F48073CA
:10462000002B18D1434B1B68424A43F4807313603C
:10463000FDF7ECFD386108E0FDF7E8FD02463B6957
:10464000D31A642B01D903236DE03A4B1B6803F4A2
:104650008073002BF0D0364B1B6A03F44073FB6071
:10466000FB68002B2ED07B685B6803F44073FA680C
:104670009A4227D02E4B1B6A23F44073FB602E4BCB
:1046800001221A602C4B00221A60294AFB6813622F
:10469000FB6803F00103002B14D0FDF7B7FD386170
:1046A0000AE0FDF7B3FD02463B69D31A41F28832B6
:1046B000934201D9032336E01D4B1B6A03F002032A
:1046C000002BEED01A4B1B6A23F440727B685B68A8
:1046D000174913430B62FB7D012B05D1144BDB699A
:1046E000134A23F08053D3617B681B6803F00203F5
:1046F000002B08D00E4B5B6823F440427B689B681C
:104700000B4913434B607B681B6803F01003002BBD
:1047100008D0074B5B6823F480027B68DB680449A0
:1047200013434B60002318461837BD4680BD00BFB9
:1047300000100240007000404004424280B588B042
:1047400000AF786000237B610023FB6100233B61A5
:104750000023FB600023BB617B68102B0AD07B68C1
:10476000102B00F28A807B68012B45D07B68022BDE
:1047700075D082E0464B5B68FB60454B1B6803F0DD
:104780008073002B7BD0FB689B0C03F00F03414A26
:10479000D35C3B61FB6803F48033002B15D03C4BAA
:1047A0005B685B0C03F001033B4AD35C7B61FB68F5
:1047B00003F48033002B0DD0384A7B69B2FBF3F24F
:1047C0003B6902FB03F3FB6104E03B69344A02FBF3
:1047D00003F3FB612E4B5B6803F48003B3F5800F9A
:1047E00002D1FB69BB614AE0FB695B002D4AA2FB79
:1047F00003235B08BB6142E0254B1B6AFB60FB683F
:1048000003F44073B3F5807F08D1FB6803F0020323
:10481000002B03D04FF40043BB611FE0FB6803F49F
:104820004073B3F5007F09D1194B5B6A03F00203B3
:10483000002B03D049F64043BB610FE0FB6803F453
:104840004073B3F5407F1CD1114B1B6803F4003358
:10485000002B16D04FF22443BB6112E011E0FFF7AA
:1048600085FE02460A4B5B689B0B03F00303013392
:104870005B00B2FBF3F3BB6104E000BF02E000BFEA
:1048800000E000BFBB6918462037BD4680BD00BFB1
:1048900000100240A49C0008B49C000800127A009A
:1048A00000093D00ABAAAAAA80B582B000AF78602B
:1048B0007B68002B01D1012341E07B6893F83D30F8
:1048C000DBB2002B06D17B68002283F83C2078689D
:1048D000FDF782FB7B68022283F83D207B681A6823
:1048E0007B6804331946104600F05CFA7B680122AD
:1048F00083F846207B68012283F83E207B680122F2
:1049000083F83F207B68012283F840207B680122E6
:1049100083F841207B68012283F842207B680122D2
:1049200083F843207B68012283F844207B680122BE
:1049300083F845207B68012283F83D200023184638
:104940000837BD4680BD000080B485B000AF7860F8
:104950007B6893F83D30DBB2012B01D001233AE0B4
:104960007B68022283F83D207B681B68DA687B68DD
:104970001B6842F00102DA607B681B68184A9342A8
:104980000ED07B681B68B3F1804F09D07B681B6831
:10499000144A934204D07B681B68134A934211D196
:1049A0007B681B689B6803F00703FB60FB68062BB2
:1049B00010D07B681B681A687B681B6842F0010294
:1049C0001A6007E07B681B681A687B681B6842F006
:1049D00001021A60002318461437BD4680BC704798
:1049E000002C0140000400400008004080B584B065
:1049F00000AF78607B681B68DB68FB607B681B68C6
:104A00001B69BB60BB6803F00203002B20D0FB686E
:104A100003F00203002B1BD07B681B686FF00202BF
:104A20001A617B6801221A777B681B689B6903F017
:104A30000303002B03D0786800F098F905E078684C
:104A400000F08BF9786800F09AF97B6800221A77F9
:104A5000BB6803F00403002B20D0FB6803F00403C1
:104A6000002B1BD07B681B686FF004021A617B6807
:104A700002221A777B681B689B6903F44073002B42
:104A800003D0786800F072F905E0786800F065F905
:104A9000786800F074F97B6800221A77BB6803F02D
:104AA0000803002B20D0FB6803F00803002B1BD069
:104AB0007B681B686FF008021A617B6804221A7712
:104AC0007B681B68DB6903F00303002B03D0786865
:104AD00000F04CF905E0786800F03FF9786800F0E4
:104AE0004EF97B6800221A77BB6803F01003002B95
:104AF00020D0FB6803F01003002B1BD07B681B68E1
:104B00006FF010021A617B6808221A777B681B68B5
:104B1000DB6903F44073002B03D0786800F026F9BA
:104B200005E0786800F019F9786800F028F97B68EA
:104B300000221A77BB6803F00103002B0CD0FB683E
:104B400003F00103002B07D07B681B686FF00102A4
:104B50001A617868FDF790F8BB6803F08003002BBA
:104B60000CD0FB6803F08003002B07D07B681B6828
:104B70006FF080021A61786800F07FFABB6803F07A
:104B80004003002B0CD0FB6803F04003002B07D040
:104B90007B681B686FF040021A61786800F0F8F8D3
:104BA000BB6803F02003002B0CD0FB6803F020034C
:104BB000002B07D07B681B686FF020021A617868B1
:104BC00000F052FA00BF1037BD4680BD80B584B0FA
:104BD00000AF786039600023FB737B6893F83C304A
:104BE000012B01D10223B4E07B68012283F83C2031
:104BF0007B68022283F83D207B681B689B68BB6052
:104C0000BB6823F07703BB60BB6823F47F43BB60C2
:104C10007B681B68BA689A603B681B68B3F5005FE5
:104C20003ED0B3F5005F00F28780B3F5805F00F0FF
:104C30008680B3F5805F7FD8702B1AD0702B7BD81D
:104C4000602B50D0602B77D8502B3CD0502B73D892
:104C5000402B58D0402B6FD8302B64D0302B6BD8E2
:104C6000202B60D0202B67D8002B5CD0102B5AD083
:104C700062E07B6818683B6899683B685A683B68E3
:104C8000DB6800F074F97B681B689B68BB60BB68DD
:104C900043F07703BB607B681B68BA689A604FE09B
:104CA0007B6818683B6899683B685A683B68DB68B2
:104CB00000F05DF97B681B689A687B681B6842F4AA
:104CC00080429A603CE07B6818683B6859683B68A2
:104CD000DB681A4600F0D4F87B681B685021184640
:104CE00000F02BF92CE07B6818683B6859683B683A
:104CF000DB681A4600F0F2F87B681B6860211846F2
:104D000000F01BF91CE07B6818683B6859683B6839
:104D1000DB681A4600F0B4F87B681B68402118462F
:104D200000F00BF90CE07B681A683B681B681946B9
:104D3000104600F002F903E00123FB7300E000BF1E
:104D40007B68012283F83D207B68002283F83C20A9
:104D5000FB7B18461037BD4680BD80B483B000AFE2
:104D6000786000BF0C37BD4680BC704780B483B00C
:104D700000AF786000BF0C37BD4680BC704780B480
:104D800083B000AF786000BF0C37BD4680BC704771
:104D900080B483B000AF786000BF0C37BD4680BCE4
:104DA0007047000080B485B000AF786039607B68E0
:104DB0001B68FB607B682F4A93420BD07B68B3F182
:104DC000804F07D07B682C4A934203D07B682B4AE4
:104DD000934208D1FB6823F07003FB603B685B687B
:104DE000FA681343FB607B68224A93420BD07B68CE
:104DF000B3F1804F07D07B681F4A934203D07B6892
:104E00001E4A934208D1FB6823F44073FB603B6861
:104E1000DB68FA681343FB60FB6823F080023B68A1
:104E20005B691343FB607B68FA681A603B689A68A9
:104E30007B68DA623B681A687B689A627B680D4A15
:104E4000934203D13B681A697B681A637B6801222D
:104E50005A617B681B6903F00103002B05D07B6856
:104E60001B6923F001027B681A6100BF1437BD463D
:104E700080BC7047002C0140000400400008004046
:104E800080B487B000AFF860B9607A60FB681B6AD5
:104E90007B61FB681B6A23F00102FB681A62FB68F6
:104EA0009B693B613B6923F0F0033B617B681B011D
:104EB0003A6913433B617B6923F00A037B617A699A
:104EC000BB6813437B61FB683A699A61FB687A6946
:104ED0001A6200BF1C37BD4680BC704780B487B0E3
:104EE00000AFF860B9607A60FB681B6A7B61FB68A1
:104EF0001B6A23F01002FB681A62FB689B693B6126
:104F00003B6923F470433B617B681B033A6913439D
:104F10003B617B6923F0A0037B61BB681B017A695D
:104F200013437B61FB683A699A61FB687A691A628C
:104F300000BF1C37BD4680BC704780B485B000AF51
:104F4000786039607B689B68FB60FB6823F07003C6
:104F5000FB603A68FB68134343F00703FB607B6820
:104F6000FA689A6000BF1437BD4680BC704780B4B1
:104F700087B000AFF860B9607A603B60FB689B68FF
:104F80007B617B6923F47F437B613B681A027B680A
:104F90001A43BB6813437A6913437B61FB687A69E0
:104FA0009A6000BF1C37BD4680BC704780B485B096
:104FB00000AF786039607B6893F83C30012B01D1F9
:104FC000022346E07B68012283F83C207B680222B2
:104FD00083F83D207B681B685B68FB607B681B680F
:104FE0009B68BB60FB6823F07003FB603B681B6839
:104FF000FA681343FB607B681B68FA685A607B6839
:105000001B68164A93420ED07B681B68B3F1804F31
:1050100009D07B681B68124A934204D07B681B68E6
:10502000104A93420CD1BB6823F08003BB603B68FD
:105030005B68BA681343BB607B681B68BA689A6098
:105040007B68012283F83D207B68002283F83C20A6
:10505000002318461437BD4680BC7047002C014021
:10506000000400400008004080B483B000AF7860C6
:1050700000BF0C37BD4680BC704780B483B000AF22
:10508000786000BF0C37BD4680BC704780B582B0E9
:1050900000AF78607B68002B01D1012342E07B6880
:1050A00093F84130DBB2002B06D17B68002283F8F5
:1050B00040207868FCF7E0FF7B68242283F84120D9
:1050C0007B681B68DA687B681B6822F40052DA6030
:1050D000786800F02BF87B681B681A697B681B688E
:1050E00022F490421A617B681B685A697B681B68CE
:1050F00022F02A025A617B681B68DA687B681B68A9
:1051000042F40052DA607B6800225A647B682022F5
:1051100083F841207B68202283F842207B680022AC
:105120005A63002318460837BD4680BD80B584B059
:1051300000AF78607B681B681B6923F440517B6873
:10514000DA687B681B680A431A617B689A687B6827
:105150001B691A437B685B691343BB607B681B68F0
:10516000DB6823F4B05323F00C037A681268B96843
:105170000B43D3607B681B685B6923F440717B68D9
:105180009A697B681B680A435A617B681B682C4AD2
:10519000934203D1FFF7EAF9F86002E0FFF7D2F992
:1051A000F860FA6813469B0013449A001A447B681F
:1051B0005B689B00B2FBF3F3224AA2FB03235B096B
:1051C0001901FA6813469B0013449A001A447B683D
:1051D0005B689B00B2FBF3F21A4BA3FB02035B0973
:1051E000642000FB03F3D31A1B013233154AA2FBE0
:1051F00003235B0903F0F0031944FA6813469B008C
:1052000013449A001A447B685B689B00B2FBF3F27C
:105210000C4BA3FB02035B09642000FB03F3D31ACE
:105220001B013233074AA2FB03235B0903F00F0281
:105230007B681B680A449A6000BF1037BD4680BD7A
:10524000003801401F85EB51002B2DE9F0471D462A
:10525000BBBF03F100431D4600232D2388B0144635
:10526000B8BF1446129A109E1370149BDDF84CA020
:1052700023F02008B8F1460F05D0B8F1450F00D152
:105280000136022300E0032307AA049206AACDE90F
:1052900002A2CDE9003622462B4601F0B1F8B8F162
:1052A000470F074619D1119BDB070ED500EB060906
:1052B0000022002320462946FBF776FB08B1CDF8F3
:1052C0001C903022079B4B451ED33846079B159AEE
:1052D000DB1B136008B0BDE8F087B8F1460F00EBA8
:1052E0000609E5D10378302B0AD10022002320469D
:1052F0002946FBF759FB18B9C6F10106CAF8006048
:10530000DAF800309944D3E7591C07911A70D9E7AD
:10531000F7B50029B6BF2D232B2349420929027076
:10532000437029DD0DF107031D460A27B1FBF7F68F
:105330001A4607FB1614303402F8014C0C46632C55
:10534000314603F1FF33F1DC3031941E03F8011CC8
:105350002346411CAB420AD30DF109039B1AAC4210
:1053600088BF002302330344181A03B0F0BD13F8BA
:10537000016B01F8016FEDE7302330318370C170AC
:10538000031DF1E72DE9F04F91B00C46DDF8688080
:1053900016461F46054600F021FF0368184608938D
:1053A000FAF7D6FE00230E93D8F8003009900733A1
:1053B00023F0070303F1080294F818A0D4F800B012
:1053C000C8F80020D3E9008929F000430B93CDF8F9
:1053D00028804FF0FF32DDE90A01C4E912899C4BB5
:1053E000FBF714FB70BBDDE90A014FF0FF32984B6D
:1053F000FBF7EEFA30BB0022002340464946FBF79C
:10540000DDFA10B12D2384F84330924A924BBAF161
:10541000470F8CBF9046984603234FF00009236145
:105420002BF00403236033462146284600970FAA39
:1054300000F0D4F9013040F090804FF0FF3011B00F
:10544000BDE8F08F42464B4640464946FBF7DEFA40
:1054500048B14B46002BB8BF2D23804AB8BF84F813
:1054600043307F4BD3E763680AF0DF015A1C3FD11A
:105470000623636000224BF48063236006920EAA29
:10548000CDE904A20DAA03920DF13302CDE9013258
:1054900063684246009328464B460A91FFF7D4FEC4
:1054A0000A99804647290D9928D1C81C02DB6368F8
:1054B000994240DDAAF1020A5FFA8AFA524601399E
:1054C00004F150000D91FFF723FF0E9A8146131847
:1054D000012A236102DC2268D20701D5013323614E
:1054E0009DF83330002B9ED02D2384F843309AE76B
:1054F0004729BFD1002BBDD10123BAE7BAF1650F0F
:10550000DCD9BAF1660F18D1002963680BDD21617F
:1055100013B92268D00702D501330B4423614FF041
:105520000009A165DCE713B92268D20701D502336F
:10553000F4E70123F2E74FF0670A0E9B994205DB7F
:1055400023682161D807EAD54B1CE7E70029CCBFC7
:105550000122C1F102021344E0E723685A0507D48F
:105560002369424631462846B84701302BD164E7CB
:10557000BAF1650F40F2DC80D4E912010022002369
:10558000FBF712FA002833D0012331462846354A6A
:10559000B84701303FF451AFDDE90D38434502DB38
:1055A0002368D8070FD5DDE9082331462846B847D8
:1055B00001303FF442AF4FF0000908F1FF3804F129
:1055C0001A0AC84509DC23689B0700F10281E068DC
:1055D0000F9B9842B8BF184631E701235246314627
:1055E0002846B84701303FF428AF09F10109E8E740
:1055F0000D9B002B38DC012331462846194AB84759
:1056000001303FF41AAFDDE90D3959EA030302D145
:105610002368D907D7D5DDE9082331462846B8479E
:1056200001303FF40AAF4FF0000A04F11A0B0D9B52
:105630005B42534501DC4B4693E701235A46314612
:105640002846B84701303FF4F8AE0AF1010AEEE708
:10565000FFFFEF7FBA9C0008B69C0008C29C0008C0
:10566000BE9C0008C69C0008A36DDDF838A0534519
:10567000A8BF5346002B994636DC4FF0000B29EAB1
:10568000E97904F11A02A36D0A93A3EB09035B45C0
:1056900031DC0D9B9A453ADC2368DA0737D40D9B41
:1056A000AAEB03090A9BAAEB03039945A8BF9946F5
:1056B000B9F1000F33DC4FF0000829EAE97904F171
:1056C0001A0B0D9BAAEB0303A3EB090343457FF7DA
:1056D0007AAF01235A4631462846B84701303FF495
:1056E000ACAE08F10108ECE7424631462846B8471F
:1056F0000130C2D1A1E60123314628460A92B847BB
:1057000001303FF49AAE0A9A0BF1010BBBE7314628
:10571000DDE908232846B8470130C0D18DE60A9A52
:105720004B46314628464244B8470130C3D184E64F
:10573000DDF838A0BAF1010F01DCDB0736D5012313
:10574000424631462846B84701303FF476AEDDE99F
:10575000082331462846B84701303FF46EAED4E9FD
:105760001201002200230AF1FF3AFBF71DF9C0B92C
:10577000534608F1010231462846B84701300CD1A2
:105780005BE601235A4631462846B84701303FF4CC
:1057900054AE08F10108D045F3DB4B4604F150024A
:1057A000E0E64FF0000804F11A0BF4E7012342464B
:1057B000E1E701234A4631462846B84701303FF425
:1057C0003CAE08F10108E3680F995B1A4345F0DC31
:1057D000FDE64FF0000804F11909F4E72DE9F04760
:1057E000164698468A680B6907469342B8BF134627
:1057F000336091F843200C46DDF820900AB1013364
:1058000033602368990642BF3368023333602568EA
:1058100015F0060506D104F1190AE36832689B1AEF
:10582000AB422BDC94F843302268003B18BF0123C5
:10583000920630D44146384604F14302C84701304D
:1058400023D02368226903F00603042B14BF00252C
:1058500033684FF0000608BFE56804F11A0408BF7A
:10586000ED1A54F8123C08BF25EAE5759342C4BF0F
:105870009B1AED18B5421AD1002008E001235246C8
:1058800041463846C847013003D14FF0FF30BDE8EC
:10589000F0870135C1E73020E11881F843005A1C38
:1058A00094F845102244023382F84310C2E70123E2
:1058B000224641463846C8470130E6D00136D9E78E
:1058C0002DE9FF470F7E9146782F80460C469A4679
:1058D0000C9E01F1430207D8622F0AD8002F00F076
:1058E000D180582F00F0B88004F1420684F842704D
:1058F0003AE0A7F16303152BF6D801A151F823F084
:10590000595900086D590008E9580008E95800087D
:10591000E9580008E95800086D590008E9580008DE
:10592000E9580008E9580008E95800086B5A0008CF
:1059300097590008255A0008E9580008E958000856
:105940008D5A0008E958000897590008E9580008DE
:10595000E95800082D5A000833681A1D1B68326088
:1059600004F1420684F8423001239CE03368206849
:10597000191D3160060601D51D6803E04506FBD5FB
:10598000B3F90050002D03DA2D236D4284F8433023
:105990000A23584811E021683368080653F8045B6D
:1059A00002D4490648BFADB26F2F336014BF0A233B
:1059B00008235048002184F843106668002EA66032
:1059C00005DB21682E4321F0040121604BD01646EF
:1059D000B5FBF3F103FB1157C75D06F8017D2F46B8
:1059E000BB420D46F4D9082B0BD12368DF0708D53D
:1059F000236961689942DEBF302306F8013C06F155
:105A0000FF36921B22614B4621464046CDF800A04E
:105A100003AAFFF7E3FE01304AD14FF0FF3004B094
:105A2000BDE8F087236843F02003236078273248DD
:105A300084F84570236831681F0651F8045B02D46E
:105A40005F0648BFADB23160D90744BF43F02003C1
:105A500023601DB11023ADE72648E9E7236823F052
:105A600020032360F6E71646BDE733682568181D56
:105A7000616930602E061B6801D5196002E0680676
:105A8000FBD51980002316462361BCE7336800214B
:105A90001A1D32601E686268304600F016FC08B1BC
:105AA000801B606063682361002384F84330AAE7A9
:105AB0003246494640462369D0470130ADD023687D
:105AC0009B0713D4E068039B9842B8BF1846A6E72B
:105AD0000123324649464046D04701309DD001352A
:105AE000E36803995B1AAB42F2DCEBE7002504F1B3
:105AF0001906F5E7C89C0008D99C00082DE9F04F6D
:105B000087B003938B6891465A1EB2F5AE7F82BF71
:105B10006FF4AE7503EB050B40F25D130A464FF0D0
:105B2000000588BF8B600B68804643F4F06342F841
:105B30001C3B0C4698BF4FF0000B1646AA462F465A
:105B4000CDE9045501920295A2685AB1D9F8003006
:105B50001B784E2B62D8402B3AD8A3F12B01C8B248
:105B60000E2838D91FB1236823F4807323600AF10B
:105B7000FF3ABAF1010F00F21481019B9E4200F23C
:105B80000581012007B0BDE8F08FA3F161020D2A65
:105B9000E8D801A151F822F0E15C0008655B00083B
:105BA000655B0008655B00083D5D0008175D000847
:105BB000655B0008655B0008EF5C0008655B00083A
:105BC000655B0008655B0008655B0008AB5C00086E
:105BD000A3F14102DBE70E29C4D801A050F821F05F
:105BE0009B5C0008655B00089B5C00082B5D00085F
:105BF000655B00083D5C0008815C0008815C000872
:105C0000815C0008815C0008815C0008815C000800
:105C1000815C0008815C0008815C00086E2B09D85B
:105C2000602BB2D8542B7BD0592B9BD1072D99D107
:105C300008252FE0742B73D0792BF6E72168C8056F
:105C40001ED521F0800121600137BBF1000F03D088
:105C500001320BF1FF3BA260A368013BA360236903
:105C600001332361D9F80430013B002BC9F804301B
:105C700040F38380D9F800300133C9F8003063E77E
:105C80001AEB05017FF46EAF0D468A46226822F4B6
:105C9000C072226006F8013BDEE7226810067FF53D
:105CA00061AF22F080022260F4E7BAF1000F0CD15C
:105CB00077B9226802F4E061B1F5E06F08D122F40F
:105CC000F0624FF0010A2260E4E7BAF1020F51D00E
:105CD000012D02D0042D7FF445AF0135EDB2D9E797
:105CE000BAF1010F7FF43EAF4FF0020AD2E775B967
:105CF000002F7FF438AF226802F4E061B1F5E06F65
:105D000040F0FF8022F4F06201252260C2E7032DFB
:105D1000E3D0052DDFE7022D7FF424AF0325B9E79B
:105D2000062D7FF41FAF0725B4E7226891057FF5A4
:105D300019AF22F4207222600297ABE7226802F4C6
:105D4000A061B1F5806F05D050057FF50BAF002F36
:105D500000F0D780910558BF029922F4F06258BF35
:105D6000791A42F4C0724FF0000758BFCDE904160B
:105D700022608FE74FF0030A8CE749464046D4F88B
:105D80008031984700283FF4DFAEEBE6D4F87C3151
:105D90004A46404616F8011D98472369013B236196
:105DA000EBE66B1E062B24D8022D36D8019B9E42B3
:105DB0007FF6E7AED4F87C314A46404616F8011D1E
:105DC00098472369013B2361F0E7D4F87C314A46C8
:105DD00040461BF8011D98472369013B23610AF1E6
:105DE000FF3A5FFA8AFABAF1020FEED1033DEDB243
:105DF000761B2368DA0530D55B0511D5019B9E42E1
:105E00007FF6BFAED4F87C314A46404616F8011DF5
:105E100098472369013B2361F0E7AA46B346DEE7D2
:105E200016F8011C2369652903F1FF3306F1FF35DC
:105E300023610CD045290AD0D4F87C314A4640462B
:105E40009847236916F8021C013BB51E23614A4698
:105E50004046D4F87C3198472E46226812F0100252
:105E600001D000208EE63270236803F4C063B3F5DE
:105E7000806F25D1029B9F420AD0DA1B04F26F1378
:105E80009E4228BF04F5B77630461F4900F038F926
:105E900000224046019902F01FFC039B25681B6805
:105EA00015F0020F06460F4603F1040215D00399C0
:105EB0000A601B68C3E90067E3680133E360D0E769
:105EC000049B002BE4D005990A234046013102F0DF
:105ED00083FC049B059EC21AD0E76D07E7D4039D9F
:105EE0002A601D6802460B46FAF790FD20B107486C
:105EF00000F0FAF92860DFE730463946FAF7E4FDAA
:105F0000F8E7002733E600BFEA9C00082B9E000854
:105F1000002310B50446C0E90033C0E904338360B0
:105F200081814366C2818361194608225C3000F09A
:105F30004CF90D4B246263620C4BA3620C4BE36281
:105F40000C4B23630C4B9C4206D003F16802944235
:105F500002D0D0339C4205D104F15800BDE8104076
:105F600000F0B0B910BD00BF4561000867610008CE
:105F70009F610008C3610008AC030020024A034986
:105F8000034800F069B800BF140000208D8B0008A2
:105F90002400002041680C4B10B59942044601D002
:105FA00002F0F4FDA168094B994202D0204602F0AC
:105FB000EDFDE168064B994204D02046BDE8104053
:105FC00002F0E4BD10BD00BFAC03002014040020AB
:105FD0007C04002010B50B4B0B4C0C4A20461A6079
:105FE00004210022FFF794FF04F168000122092137
:105FF000FFF78EFF04F1D0000222BDE8104012210D
:10600000FFF786BFE4040020AC0300207D5F00089A
:10601000014800F058B900BFED040020014800F02D
:1060200053B900BFED04002010B50446FFF7F0FFA0
:10603000236A1BB1BDE81040FFF7F0BF044B236299
:10604000044B1B68002BF5D1FFF7C4FFF2E700BF3C
:10605000955F0008E40400202DE9F84307468846D0
:1060600014460026D4E90195B9F1010905D5246843
:10607000002CF7D13046BDE8F883AB89012B07D956
:10608000B5F90E30013303D029463846C0470643E0
:106090006835E9E70CB430B5184B0C1E1D689DB08F
:1060A00008DA8B234FF0FF302B601DB0BDE8304085
:1060B00002B070474FF40273ADF814304FF0000394
:1060C0001B930CBF234604F1FF33049307934FF651
:1060D000FF7302900690ADF81630284621AB209A47
:1060E00002A9019302F0D6FB431CBCBF8B232B609B
:1060F000002CDAD00022029B1A70D6E72000002084
:106100000EB46FF0004110B500249DB01FAB02909B
:106110000690079104910948094953F8042B059109
:10612000006802A901931B9402F0B4FB029B1C704F
:106130001DB0BDE8104003B0704700BF2000002034
:106140000802FFFF10B50C46B1F90E1000F06CF814
:106150000028ABBF636DA3891B1823F48053ACBF29
:106160006365A38110BD2DE9F0411F468B8905466B
:10617000DB050C46164605D502230022B1F90E10A8
:1061800000F040F8A389324623F48053A3812846C7
:106190003B46B4F90E10BDE8F04100F057B810B519
:1061A0000C46B1F90E1000F02DF8431CA38915BF61
:1061B000606523F4805343F48053A38118BFA38107
:1061C00010BDB1F90E1000F00DB803460244934221
:1061D00000D1704703F8011BF9E700000048704741
:1061E0006001002038B50023054D044608462B60A9
:1061F000FBF739FE431C02D12B6803B1236038BD85
:10620000E804002038B50446084611460022054D32
:106210002A601A46FBF74BFE431C02D12B6803B1E0
:10622000236038BDE804002038B50446084611460E
:106230000022054D2A601A46FBF7DCFD431C02D103
:106240002B6803B1236038BDE804002038B504464C
:10625000084611460022054D2A601A46FBF7E7FD65
:10626000431C02D12B6803B1236038BDE804002031
:10627000014B1868704700BF2000002070B5002651
:106280000C4D0D4C641BA410A64209D103F0C0FCB8
:1062900000260A4D0A4C641BA410A64205D170BD0D
:1062A00055F8043B98470136EEE755F8043B98470C
:1062B0000136F2E7E4A00008E4A00008E4A000082A
:1062C000E8A00008704770477047034610B5C9B290
:1062D00002449342184601D1002003E004780133C0
:1062E0008C42F6D110BD0000004870470000C07F0E
:1062F0002DE9F74F03690C690746A3427EDB013C99
:10630000A30000F1140501F11408009305EB8403C8
:10631000019358F8243055F8242001339A42B2FBF7
:10632000F3F608EB84092ED34FF0000AC446AE46BC
:10633000D3465CF8043B98B206FB00A01B0C020C91
:1063400006FB0323DEF8002080B292B2121A5A44F0
:10635000DEF800004FEA134A9BB2C3EB224303EB83
:10636000104392B242EA0342E1454FEA234B4EF812
:10637000042BDED2009BEB582BB9019B043B9D42C2
:106380001A462FD33C61384601F0C8F9002825DBB6
:106390002946002058F8042BD1F800C01FFA82FECD
:1063A0001FFA8CF3A3EB0E030344120CC2EB23423F
:1063B00002EB1C429BB243EA0243C1454FEA224032
:1063C00041F8043BE6D255F8242005EB840322B9BA
:1063D000043B9D421A460BD33C610136304603B064
:1063E000BDE8F08F1268043B002ACBD1013CC6E720
:1063F0001268043B002AEFD1013CEAE70020EEE7F7
:106400002DE9F04F14461D46C76997B08146CDE986
:106410000645239E7FB9102000F00EFE0246C9F803
:106420001C0020B9EF21AC4BAC4802F027FCC0E9BE
:1064300001770760C760D9F81C30196859B15A68EC
:10644000012393404A608B60484600F0EBFE002237
:10645000D9F81C301A602B1EAFBF0023012223F095
:1064600000430793A8BF3360DDF81C809C4BB8BF86
:10647000326033EA080312D142F20F73229A13609A
:10648000C8F31303234300F05E85249BDFF854A276
:10649000002B00F060850AF1030300F05ABDDDE92E
:1064A0000623CDE90C23DDE90C0100220023FAF7D5
:1064B0007BFA074658B10123229A1360249B13B13B
:1064C000894B249A1360DFF824A200F044BD14AB7A
:1064D000019315AB00934846DDE90C2301F036FA31
:1064E000C8F30A560390002E78D0DDE90C010D9B0D
:1064F000A6F2FF36C3F3130343F07F5343F4401374
:106500001297194600227A4BF9F72EFE6CA3D3E9B5
:106510000023F9F7E1FF6CA3D3E90023F9F726FE86
:10652000044630460D46F9F76DFF69A3D3E9002311
:10653000F9F7D2FF02460B4620462946F9F716FE28
:1065400004460D46FAF778FA002207460023204653
:106550002946FAF733FA40B13846F9F753FF224695
:106560002B46FAF721FA00B9013F162F54D8DDE97E
:106570000C01604B03EBC703D3E90023FAF71EFAC3
:1065800000284BD00023013F0F93149B9B1B5A1EE6
:1065900049BFC3F10103002304930023099254BFB0
:1065A00004930993002F3BDB099B0E973B4409930F
:1065B00000230A93209B092B65D8052BC4BF043BFD
:1065C0002093209BC8BF0024A3F10203D8BF01245D
:1065D000032B64D8DFE803F05355382CDDE914634E
:1065E0001E4406F23243202BC1BFC3F1400308FA18
:1065F00003F806F2124324FA03F3D6BFC3F12003D3
:1066000048EA030004FA03F0F9F7ECFE0122A1F1D5
:10661000F873013E129274E70123B5E70F90B4E7D7
:10662000049BDB1B04937B420A9300230E93C1E778
:1066300001230B93219B07EB030B0BF10103012BB0
:106640000893B8BF012306E001230B93219B002B85
:1066500028DD9B46089300210422D9F81C0002F192
:1066600014059D4226D94160484600F09BFD8246B4
:10667000002843D1024640F2AF111F4BD4E600235D
:10668000E3E70023D5E7012400230B9420934FF088
:10669000FF3B00221223CDF820B02192DBE701233B
:1066A0000B93F4E74FF0010B5B46CDF820B0CDF82B
:1066B00084B0D0E701315200D1E700BFAFF30080D2
:1066C00061436F63A787D23FB3C8608B288AC63FF8
:1066D000FB799F501344D33FFC9C0008139D000896
:1066E0000000F07FF89C0008C79C0008C69C0008CA
:1066F0000000F83FC09E00086B9D0008D9F81C30D0
:106700001860089B0E2B00F2A180002C00F09E80E8
:10671000002F33DD9C4B07F00F0203EBC203F8059B
:10672000D3E90034CDE910344FEA271416D5DDE95A
:106730000C01964B0326D3E90823F9F7F7FFCDE9BF
:10674000060104F00F04914D54B9DDE91023DDE991
:106750000601F9F7EBFFCDE9060128E00226F2E792
:10676000E10708D5DDE91001D5E90023F9F7B4FE0A
:10677000CDE91001013664100835E5E700F0AF807F
:10678000DDE90C017C42804B04F00F0203EBC203F5
:10679000D3E90023F9F7A0FE02260023CDE9060184
:1067A0007A4D2411002C40F08F80002BD3D1DDE9ED
:1067B00006450F9B002B00F09480002220462946BE
:1067C000734BFAF7FBF8002800F08B80089B002B36
:1067D00000F08780BBF1000F34DD204600222946FF
:1067E0006C4BF9F779FE5C46CDE9060107F1FF38FD
:1067F00001363046F9F706FEDDE90623F9F76CFEAF
:106800000022654BF9F7B2FC0546A1F15076002C49
:106810006AD1DDE906010022604BF9F7A5FC0246CA
:106820000B46CDE906232A463346FAF7E5F8002859
:1068300040F09882DDE906012A4606F10043FAF7A6
:10684000BDF838BBDDE90C34CDE90634159B002BCF
:10685000C0F257810E2F00F354814B4B03EBC7035B
:10686000D3E90034CDE90434219B002B80F2E5808C
:10687000089B002B00F3E1800CD1DDE9040100222C
:10688000464BF9F729FEDDE90623FAF7ABF80028B5
:1068900000F0668200242546219B56466FEA0308D5
:1068A00000272146484600F0BDFC002D00F0BD80C9
:1068B0002FB1AF4203D03946484600F0B3FC294619
:1068C000484600F0AFFCB0E0E20705D5D5E900236B
:1068D000F9F702FE012301366410083562E702264B
:1068E00065E7B846089C84E7274B0B9903EBC40384
:1068F00053E902235444002954D000202849F9F7D1
:1069000015FF33462A46F9F72FFC5646CDE910010C
:10691000DDE90601FAF790F80546F9F773FD02463E
:106920000B46DDE90601F9F71FFC02460B46303540
:10693000CDE90623DDE9102306F8015BFAF73EF8FE
:10694000002872D1DDE9062300201149F9F70CFC7B
:10695000DDE91023FAF732F8002840F0B480A642AF
:106960003FF470AFDDE9100100220A4BF9F7B4FDE6
:106970000022CDE91001DDE90601064BF9F7ACFD77
:10698000CDE90601C4E700BFC09E0008989E00083C
:106990000000F03F0000244000001C4000001440B4
:1069A0000000E03F31462846F9F796FD5646CDE90E
:1069B00010011394DDE90601FAF73EF80546F9F7F0
:1069C00021FD02460B46DDE90601F9F7CDFB024643
:1069D0000B46303506F8015BA642CDE906234FF0A1
:1069E000000224D1DDE91001AE4BF9F7BFFB0246EE
:1069F0000B46DDE90601F9F7FFFF002863D1DDE969
:106A000010230020A749F9F7AFFB02460B46DDE94A
:106A10000601F9F7D3FF00283FF414AF139E731E4D
:106A2000139316F8013C302BF8D047463BE09E4BC1
:106A3000F9F752FDCDE90601BCE75646DDE906450A
:106A4000DDE9042320462946F9F770FEF9F7F4FF43
:106A50008046F9F7D7FCDDE90423F9F73DFD02464E
:106A60000B4620462946F9F77FFB08F13004089DC4
:106A700006F8014BA6EB0A04A54202460B4633D1A9
:106A8000F9F774FBDDE9042304460D46F9F7B4FF7A
:106A9000C0B9DDE9042320462946F9F785FF10B186
:106AA00018F0010F0ED14846039900F0BBFB0023FC
:106AB0003370229B01371F60249B002B00F04B8218
:106AC0001E6048E2B84633461E4613F8012D392AA7
:106AD00006D19A45F8D1302208F101088AF8002041
:106AE0001A7801321A70A0E700226F4BF9F7F4FC14
:106AF0000022002304460D46F9F756FF00289FD0D8
:106B0000D1E70B9A002A00F0EA80209A012A00F3CC
:106B1000CD80129A002A00F0C18003F233430A9C10
:106B2000049E049A01211A440492099A48461A4480
:106B3000099200F075FC054666B1099B002B09DD42
:106B4000B342A8BF3346049AF61AD21A0492099A9D
:106B5000D31A09930A9B0BB30B9B002B00F0C68042
:106B6000002C00F0C08029462246484600F010FD67
:106B7000039A01460546484600F068FC03998046A2
:106B8000484600F04FFB0A9B1B1B0A9300F0B180A4
:106B900041460A9A484600F0FBFC03900121484612
:106BA00000F03EFC0E9B0446002B00F0D8811A46F4
:106BB0000146484600F0ECFC209B0446012B00F304
:106BC0009F80069B002B40F09780079BC3F3130325
:106BD000002B40F09380079B23F000431B0D1B0507
:106BE00033B1049B01330493099B013309930123BF
:106BF0000A930E9B002B00F0B881236904EB8303FA
:106C0000186900F0C1FBC0F12000099B184410F086
:106C10001F0000F08280C0F12003042B73DD049B71
:106C2000C0F11C0003440493099B064403440993E8
:106C3000049B002B05DD1A464846039900F002FD2F
:106C40000390099B002B05DD21461A46484600F0BB
:106C5000F9FC04460F9B002B61D02146039800F0FD
:106C60005DFD00285BDA00230A224846039900F004
:106C7000FBFA0B9B07F1FF380390002B00F07781A4
:106C8000294600230A22484600F0EEFABBF1000F25
:106C900005466FDC209B022B49DC6BE0149BC3F1A3
:106CA00036033CE70000E03F00002440089B5C1EE8
:106CB0000A9BA34209DB1C1B089B002BBFF630AFCD
:106CC000049B089A9E1A00232BE70A9B0E9AE31A4C
:106CD0001A440A94049E0024089B0E9221E70A9C01
:106CE000049E0B9D28E7DDF80C8051E70A9A039972
:106CF00050E7CDF80C8051E7002379E7069B77E752
:106D000000230A9379E793D0049A1C331A4404921F
:106D1000099A1E441A4409928AE70346F4E7089B3D
:106D2000B846002B20DC9B46209B022B1EDDBBF1CE
:106D3000000F7FF4B1AD21465B460522484600F0C6
:106D400093FA01460446039800F0E8FC00287FF718
:106D5000A3AD5646312308F1010806F8013B9FE533
:106D6000B846089C2546F4E7DDF820B00B9B002BC5
:106D700000F00181002E05DD29463246484600F02C
:106D800061FC05460A9B002B5CD04846696800F010
:106D900009FA064628B9024640F2EF21804BFFF778
:106DA00043BB2A6905F10C01023292000C3001F05C
:106DB00051FF01223146484600F044FC2F4605466B
:106DC0000AF1010304930AEB0B030A93069B03F0F9
:106DD00001030993049B2146039803F1FF3BFFF74E
:106DE00087FA034639463033069003980B9300F038
:106DF00095FC2A4608902146484600F0ABFCC26844
:106E000006460B9B02BB0146039800F087FC024636
:106E10000B9B31464846CDE90B3200F003FA209B2C
:106E20000C9A049E42EA0301099B19430B9B0DD166
:106E3000392B27D0089A002A01DD069B31338BF8C5
:106E400000302EE52846B9E70122E2E7089900293B
:106E500004DB209801430998014320D1002AEEDD8C
:106E6000012203994846049300F0ECFB214603906D
:106E700000F054FC0028049B02DCE0D1DA07DED5E8
:106E8000392BDAD139238BF8003033461E4616F8F9
:106E9000012C013B392A4ED001321A7001E5002A3B
:106EA00003DD392BEED00133C9E7049A0A9902F8C1
:106EB000013C8A4228D000230A220399484600F068
:106EC000D3F9AF4203904FF000034FF00A02394666
:106ED000484607D100F0C8F907460546049B013330
:106EE000049377E700F0C0F92946074600230A22F9
:106EF000484600F0B9F90546F0E7BBF1000FCCBFFA
:106F00005E46012600275644012203994846049311
:106F100000F098FB2146039000F000FC0028B4DC50
:106F200002D1049BDB07B0D433461E4613F8012D73
:106F3000302AFAD0B5E49A45A8D1312308F10108E6
:106F40008AF80030ADE4249BDFF858A01BB10AF1A9
:106F50000803249A1360504617B0BDE8F08F209BB9
:106F6000012B7FF72EAE0E9B0A9301204DE6BBF15D
:106F7000000F7FF7D9AE564621460398FFF7B8F9C0
:106F800000F1300306F8013BA6EB0A029345B4DD9D
:106F900000230A224846039900F066F90390EBE7C4
:106FA0006B9D0008EF9C000838B50546002940D0CD
:106FB00051F8043C0C1F002BB8BFE41800F0E6F8B1
:106FC0001C4A136833B9636014602846BDE8384032
:106FD00000F0E2B8A34208D9206821188B4201BF13
:106FE00019685B6809182160EDE71A465B680BB108
:106FF000A342FAD911685018A0420BD1206801446D
:10700000501883421160E0D118685B680844106032
:107010005360DAE702D90C232B60D6E720682118E9
:107020008B4201BF19685B68091821606360546076
:10703000CBE738BDF4040020024B0146186800F08D
:1070400025B800BF2000002070B50F4E0C463168F7
:10705000054611B901F0EEFD30602146284601F0E9
:10706000E9FD431C03D14FF0FF34204670BDC41C22
:1070700024F00304A042F8D0211A284601F0DAFDDA
:107080000130F2D1EFE700BFF00400202DE9F84312
:10709000CD1C25F0030508350C2D38BF0C25002D1F
:1070A000064601DBA94204D90C2333600020BDE869
:1070B000F883DFF8D48000F069F8D8F800301C4677
:1070C00044BB29463046FFF7BFFF431C044658D156
:1070D000D8F800402746002F43D1002C4BD023681E
:1070E0003946304604EB030901F0A4FD814542D145
:1070F000216830466D1A2946FFF7A6FF01303AD0C5
:1071000023682B442360D8F800305A6862BBC8F863
:1071100000700FE02268521B20D40B2A17D9611986
:10712000A342256018BF5960636808BFC8F8001003
:1071300062514B60304600F02FF804F10B00231D24
:1071400020F00700C21A1CBF1B1AA350AFE76268E9
:10715000A3420CBFC8F800205A60EBE723466468DE
:10716000AEE73C467F68B6E71A465B68A342FBD1B0
:1071700000235360DEE70C233046336000F00CF848
:1071800094E70560D6E700BFF40400200148FFF74C
:107190009AB800BFEC0400200148FFF795B800BF83
:1071A000EC04002070B5C66904460D4676B910207F
:1071B000FFF742FF0246E06120B96B21174B1848E8
:1071C00001F05CFDC0E901660660C660E669F3682F
:1071D00083B1E369DB6853F82500B8B9012101FAEE
:1071E00005F6721D2046920001F066FD60B1C0E90F
:1071F00001560EE021220421204601F05DFDE369E5
:10720000F060DB68002BE4D1002070BD026843F819
:1072100025200023C0E90333F7E700BFFC9C0008EA
:107220007C9D000870B5C66905460C4676B91020ED
:10723000FFF702FF0246E86120B98F21084B094899
:1072400001F01CFDC0E901660660C6603CB1EB6957
:107250006268DB6853F82210216043F8224070BD59
:10726000FC9C00087C9D00082DE9F04107460C4677
:107270001E4600200D6901F1140CDCF800300130CD
:1072800099B202FB01611E0C0B0C02FB063389B2A2
:1072900001EB034185424FEA13464CF8041BECDC3A
:1072A0000EB3A368AB4219DC616838460131FFF7C1
:1072B00079FF804628B90246BA210C4B0C4801F0F0
:1072C000DDFC226904F10C01023292000C3001F065
:1072D000C1FC21463846FFF7A5FF444604EB850371
:1072E00001355E6125612046BDE8F0816B9D000897
:1072F0007C9D00082DE9F843154609221F460833F6
:107300000C4693FBF2F30646012200219A4209DB68
:107310003046FFF747FF40B90246D321184B1948C2
:1073200001F0ACFC52000131F0E7089B092D4361EC
:107330004FF00103036116DD04F10909C8462C442E
:1073400018F8013B01460A223046303BFFF78CFF1C
:10735000A045F5D1A5F108044C442D1B6319BB428F
:1073600004DBBDE8F88309250A34F6E714F8013B8D
:1073700001460A223046303BFFF776FFEEE700BFBA
:107380006B9D00087C9D00080346B0F5803F3ABF26
:10739000030410200020B3F1807F3CBF1B020830A3
:1073A000B3F1805F3CBF1B010430B3F1804F3CBFA1
:1073B0009B000230002B05DB13F0804F00F1010031
:1073C00008BF202070470368024613F007000BD067
:1073D000D90721D4980749BF5B089B080120136097
:1073E0005CBF02201360704799B209B910201B0CD2
:1073F000D9B209B908301B0A190704BF1B090430A8
:10740000990704BF9B080230D90703D45B0800F139
:10741000010003D0136070470020704720207047A0
:1074200010B50C460121FFF7BDFE024628B940F217
:107430004511044B044801F021FC01234461036120
:1074400010BD00BF6B9D00087C9D00082DE9F04F2A
:1074500017460A693B6989469A42A2BF3B460F46D6
:1074600099463D69D9F810A0BB68796805EB0A0612
:10747000B34285B0B8BF0131FFF794FE30B9024680
:107480004FF4B171404B414801F0F8FB00F1140496
:107490002346002204EB860E734520D307F114081F
:1074A00009F1140108EB850501EB8A030293EB1B3C
:1074B000153B23F0030304331537BD4238BF0423C3
:1074C0000193029B03918B420CD8002E03DD5EF8E2
:1074D000043D002B55D0066105B0BDE8F08F43F8A0
:1074E000042BD9E7B1F800A0BAF1000F1FD0C446B1
:1074F000A14600275CF8042BD9F800301FFA82FB64
:107500009BB20AFB0B333B44D9F80070120C3F0CC2
:107510000AFB027202EB13429BB243EA0243654547
:107520004FEA124749F8043BE4D8019BE750039B1C
:107530000431B3F80290B9F1000F20D04746A446B9
:107540004FF0000A2368B7F800B0BCF802209BB2E5
:1075500009FB0B22524443EA02434CF8043B57F820
:10756000043B4FEA134ABCF80030BD4209FB0A3322
:1075700003EB12434FEA134AE5D8019AA3500434AF
:107580009FE7013EA1E700BF6B9D00087C9D0008BE
:107590002DE9F843154612F0030207460E4607D0C0
:1075A000254C013A002354F82220FFF75DFE0646E1
:1075B000AD103DD0FC697CB91020FFF73DFD0246BF
:1075C000F86128B940F2B3111C4B1D4801F056FB7D
:1075D000C0E901440460C460D7F81C80D8F80840B2
:1075E0004CB940F271213846FFF71AFF00230446D8
:1075F000C8F8080003604FF00009EB070AD53146D0
:1076000022463846FFF722FF804631463846FFF7CC
:1076100009FE46466D100BD0206838B92246214637
:107620003846FFF713FF2060C0F800900446E4E7F7
:107630003046BDE8F88300BF8C9E0008FC9C000823
:107640007C9D00082DE9F0470C46074691462369CA
:10765000496803EB6218A3684FEA621A08F1010651
:10766000B3420BDB3846FFF79DFD054648B902469D
:107670004FF4EF71274B284801F000FB01315B000C
:10768000EEE7002300F1140100F110021846534503
:1076900033DB20692AEAEA7A04F1140319F01F099E
:1076A00001EB8A0103EB800C2BD08A460022C9F142
:1076B000200E186800FA09F010434AF8040B53F83A
:1076C000042B9C4522FA0EF2F3D8ACEB0403153BD5
:1076D00023F00303043304F11500604588BF04233D
:1076E000CA500AB108F10206013E384621462E6111
:1076F000FFF798FD2846BDE8F08742F8040F0133F4
:10770000C5E7043953F8042B9C4541F8042FF9D8F8
:10771000EAE700BF6B9D00087C9D000803460A69EC
:10772000006930B5801A0ED11433143103EB820492
:1077300001EB820154F8045D51F8042D954203D009
:1077400005D24FF0FF3030BDA342F3D3FBE7012059
:10775000F9E700002DE9F74F8946064611464846ED
:107760001446FFF7DBFF051E12D129463046FFF70E
:1077700019FD024628B940F237213E4B3E4801F040
:107780007DFA0123C0E90435104603B0BDE8F08F4F
:10779000BCBF4B46A1463046D9F80410BABF1C46C0
:1077A00001250025FFF7FEFC024618B940F24521ED
:1077B000304BE3E700F1140BD9F8107009F1100316
:1077C000C5604FF0000C09F11405D946266904F193
:1077D000140E05EB87080EEB86060193019B5EF8FD
:1077E000040B53F804AF81B201931FFA8AF35B1ABA
:1077F000000C6344C0EB1A4000EB23409BB243EA09
:10780000004376454FEA204C49F8043BE6D8331B49
:10781000153B23F0030315340433A64238BF042379
:107820001D445B441E462C4644450ED308F103011B
:10783000491B21F00301033DA84538BF00210B443B
:1078400053F8041D99B117619EE7E64654F8041BEE
:107850001FFA81FCF444080C714400EB2C4089B2FF
:1078600041EA00414FEA204C46F8041BDCE7013FA7
:10787000E6E700BF6B9D00087C9D00080E4B0B40A7
:10788000A3F15073002B08DC5B42B3F1A07F4FEAF9
:10789000235204DA4FF400231341002208E0A2F13E
:1078A00014031E2BD6BF4FF000420122DA40002302
:1078B00019461046704700BF0000F07F0269F8B516
:1078C00000F1140606EB820252F8044C1E4F2046CB
:1078D000FFF75AFD0346C0F120000A2BA2F1040570
:1078E000086012DCAE422CBF002252F8082CC3F113
:1078F0000B0C153324FA0CFE04FA03F322FA0CF2F3
:107900004EEA07011A431046F8BDAE4236BFA2F157
:107910000805002252F8082C0B3B12D0C3F12007B7
:1079200022FA07F19C400C43B54244F07F5194BFCA
:10793000002455F8044C9A40FC4041F44011224385
:10794000E1E744EA0701DEE70000F03F2DE9734379
:10795000012190469946089EFFF724FC044630B961
:10796000024640F20F31234B234801F087F9C9F357
:107970000A55C9F313030DB143F480130193B8F111
:10798000000324D068460093FFF71DFDDDE90012D7
:10799000D8B1C0F1200302FA03F30B43C240636184
:1079A0000192019B002B0CBF01220222A3612261E4
:1079B000ADB1A5F2334505443560C0F13500099BF2
:1079C0001860204602B0BDE870836161E9E701A854
:1079D000FFF7F9FC019B012263612030E7E7A0F289
:1079E000324004EB820330601869FFF7CDFCC0EB36
:1079F0004210E4E76B9D00087C9D00082DE9F04FE4
:107A000085B0CDE9001002A9FFF758FF8B46064666
:107A10000F46009803A9FFF751FF0D46019B8946C9
:107A20001969009B04461B693046C91ADDE9023218
:107A30009B1A03EB4113002BCDBF3A462A46C3EBFA
:107A4000033302EB035BD8BF02EB03594B462246DC
:107A50005946F8F76BFE05B0BDE8F08F013970B5F7
:107A600049111469013102F1140300EB810103EBA8
:107A70008404051FA3420CD3A31A113B23F0030374
:107A80001132A24288BF002318440023884205D344
:107A900070BD53F8046B45F8046FEBE740F8043B06
:107AA000F4E700F1140200694B11984210B511DBA4
:107AB0000ADD11F01F0107D052F8234024FA01F02B
:107AC00000FA01F18C420BD102EB8303934203D8FD
:107AD000002010BD0346F7E753F8041D0029F5D038
:107AE0000120F6E72DE9F0410F469046FFF7C6FE6C
:107AF00004460D46B8F1000F11D0C7F30A53C3F185
:107B00006B03002B0BDD00241B0503F17F5505F5EE
:107B1000401522462B46F8F7DFFC04460D4620466A
:107B20002946BDE8F08100002DE9F04F9FB0179283
:107B300000220C461A924FF0000A4FF0000B0A4642
:107B40000590199211782B2948D036D80D2930D8B4
:107B5000082930D8002939D000220E92199D2A78A0
:107B6000302A40F0B0806A7802F0DF02582A6CD1E7
:107B700002930E9B8F4A01931AAB009305981BAB9F
:107B800019A901F015F910F00F06044605D0062ECC
:107B900026D10023013519950E93179B002B40F039
:107BA00082850E9BBBB150460BF100411FB0BDE872
:107BB000F08F2029D0D10132C3E72D29CCD101216A
:107BC0000E91511C19915278002AC7D1179B199414
:107BD000002B40F0668550465946E7E70021EFE765
:107BE0001A9A3AB135211CA8FFF738FF1A9905985F
:107BF000FFF718FB013E1B9A042E06D8DFE806F0BB
:107C000014031D201400DDE91CABE10548BF4BF057
:107C1000004B2BF000431B0D1B05002BBDD1FEF7C5
:107C200027FB22230360B8E702F23342DDE91CA3FD
:107C300023F4801343EA025BE7E7DFF87CB1E4E773
:107C40006FF0004B4FF0FF3ADFE7199B5A1C199277
:107C50005B78302BF9D0002B9FD0012300270A221C
:107C6000B9460893199B0B970C9319980578A5F1C1
:107C70003003D9B2092928D90122504900F0C8FFA0
:107C8000002832D000202A4603464D460A90652A35
:107C900001D0452A14D11DB9089A024396D0002577
:107CA000199C621C199262782B2A7AD02D2A7ED0D8
:107CB0004FF0000CA2F13001092940F2858019949F
:107CC0004FF00008A5E00023C8E7B9F1080FD8BFBE
:107CD0000B9900F10100D6BF02FB013302FB07370D
:107CE0000B9309F101091990BFE7199B5A1C1992CE
:107CF0005A78B9F1000F3BD04D460A90A2F13003FB
:107D0000092B12D90123C2E7199B01305A1C199281
:107D10005A78302AF8D0A2F13103082B00F2C88437
:107D20000A9000200546199B0C93303A00F101039C
:107D300018D02E464FF00A0E0A9919440A91711C68
:107D4000A1EB050C634515DC20EAE0702B18082B2D
:107D500005F1010505441ADC0A230B9903FB0123F5
:107D60000B930023199A1846511C19915278C5E7B4
:107D70004846CEE7082E05DC0B9E0EFB06F60B965A
:107D80000E46DCE71029D8BF0EFB07F7F8E70F2BEC
:107D9000DCBF0A2303FB0727E3E700230A93012341
:107DA0007AE74FF0000CA21C1992A27882E74FF0FC
:107DB000010CF8E79C9F00080000F07FD59D0008AB
:107DC000199A511C19915278302AF9D0A2F1310137
:107DD00008293FF675AF4FF00A08303A0992199A10
:107DE0000F92199A561C19965278A2F1300EBEF1D4
:107DF000090F39D90F9944F61F68761A082E03DC4B
:107E000009998845A8BF8846BCF1000F01D0C8F188
:107E10000008002D4ED1089908437FF4BEAE002B18
:107E20007FF4D4AE692A28D025DC492A25D04E2AF1
:107E30007FF4CCAE994919A801F0DCF900283FF491
:107E4000C5AE199B1B78282B2ED195491CAA19A8C1
:107E500001F0E4F9052827D11D9BDDF870A043F05F
:107E6000FF4B4BF4E00B98E6099908FB0121A1F1C7
:107E700030020992B5E76E2ADAE78A4919A801F0BB
:107E8000B9F900283FF4A2AE199B8749013B19A814
:107E9000199301F0AFF910B9199B013319934FF001
:107EA000000ADFF808B278E6814800F0E1FE824679
:107EB0008B4672E60A9BB9F1000F08BFA946A8EBF2
:107EC0000303102D0B982C460993A8BF1024F8F734
:107ED00089FA092D82468B4611DC099B002B3FF461
:107EE0005CAE099B76DD162B5DDC7249524601EBD8
:107EF000C3015B46D1E90001F8F7EEFAD7E76D4B15
:107F000003EBC40353E91223F8F7E6FA8246384636
:107F10008B46F8F767FA02460B4650465946F8F783
:107F200025F90F2D82468B46D7DD099B2C1B1C445F
:107F3000002C40F3938014F00F030AD05D495246A1
:107F400001EBC301D1E900015B46F8F7C5FA8246AF
:107F50008B4634F00F0473D0B4F59A7F49DD0024CA
:107F6000A046A1460B9422234FF0000A059ADFF8A1
:107F70003CB113600B9B002B3FF40FAE1A99059890
:107F8000FFF750F949460598FFF74CF94146059827
:107F9000FFF748F90B990598FFF744F92146059832
:107FA000FFF740F9F9E5099AC5F125039342BCDBD7
:107FB000404CC5F10F0504EBC5015246D1E9000163
:107FC0005B46F8F789FA099B5D1B04EBC504D4E90D
:107FD000002391E71633A8DB0A9B5046A3EB080861
:107FE000344B594603EBC808D8E90023F8F79EFB49
:107FF0005DE70023504659461E462F4F2411012CA1
:1080000021DC0BB182468B462B49ABF1547B01EB53
:10801000C6015246D1E900015B46F8F75DFA234BF1
:108020000A460B40254982468B4298D8A1F580111B
:108030008B4286BF4FF0FF3ADFF884B002F1547BE9
:108040000023089376E0E20704D5D7E90023F8F788
:1080500043FA0123013664100837D0E7F0D06442B8
:1080600014F00F020AD0134B504603EBC2035946DB
:10807000D3E90023F8F75AFB82468B462411DFD060
:108080001F2C1FDD0024A046A1460B942223059A35
:108090004FF0000A4FF0000B13606BE7C39C000821
:1080A000889F0008BB9C0008F29C00080000F07F3D
:1080B0002B9E0008C09E0008989E00080000A07C2F
:1080C000FFFFEF7F14F0100318BF6A235046089398
:1080D00059460023774EE70704D5D6E90023F8F781
:1080E000FBF90123641006F10806F4D10BB18246B6
:1080F0008B46089BB3B1CBF30A52C2F16B03002B42
:1081000059460FDD1F2B58DD342BD8BF4FF0FF33FE
:108110004FF0000ACFBF4FF05C7BC2F14B0293409F
:1081200003EA010B0022002350465946F8F73CFCB5
:108130000028A7D10B9B4A4600930C992B46059823
:10814000FFF7D8F80B9000283FF409AF0024099AF4
:108150000A9B002AA3EB0803A8BF0023A0461293A2
:1081600022EAE27316930B9B05985968FFF71AF8F9
:10817000814600283FF4F7AE0B9B0C301A6903F1DF
:108180000C010232920000F065FD1CAB01931BABA9
:10819000009352465B460598CDE90CABFFF7D6FB42
:1081A0001A9000283FF4DFAE01210598FFF738F957
:1081B000804648B94FF00008D5E64FF0FF3202FA8A
:1081C00003F303EA0A0AADE71B9D1C9A002DABBF1F
:1081D000129B169BEF185E1B089BA8BF169EA5EB73
:1081E00003051544344B05F1FF35B8BF129F9D427E
:1081F000C2F1360250DA5B1B1F2B4FF00101A2EBDC
:1082000003023DDC01FA03F3139300231093BD181E
:10821000089BAF4216441E443B46A8BF2B46B342C0
:10822000A8BF3346002BC2BFED1AF61AFF1A129BE5
:10823000002B16DD41461A460598FFF7A9F980463E
:108240000028B7D001461A9A0598FFF7FFF80A9060
:1082500000283FF488AE1A990598FEF7E3FF0A9BC1
:108260001A93002D1DDC099B002B27DD4946169A29
:108270000598FFF78DF9814600BB4FF0000972E6C3
:10828000C5F17F4505F57F0505F57B45E23501FA2A
:1082900005F310931391BAE700231093012313936E
:1082A000B5E72A461A990598FFF7CCF91A900028E5
:1082B000D9D158E6B09F000802FCFFFF002E07DD71
:1082C000494632460598FFF7BDF981460028D4D0CB
:1082D000002F08DD41463A460598FFF7B3F980467E
:1082E00000283FF440AE4A461A990598FFF732FA43
:1082F000044600283FF437AEC36841460F9300237D
:10830000C360FFF70BFA00283DDA0F9B53EA0A031C
:1083100063D1CBF31303002B5FD12BF000431B0D74
:108320001B05B3F1D66F58D9636913B92369012BC3
:1083300053DD214601220598FFF784F941460446A2
:10834000FFF7ECF9002848DD2BF00043089A1B0DDD
:108350001B05002A62D0B3F1D66F5FD8B3F15C7F02
:108360007FF694AE50465946A34B0022F8F7B4F876
:10837000A24B82460B408B46002B7FF4FFAD22239D
:10838000059A1360FAE5CDF828B065D10F9ACBF3C2
:1083900013035AB39A4A93422BD1089B514603B315
:1083A0005A46964B1340B3F1D46F4FF0FF321BD8AF
:1083B0001B0DC3F16B0302FA03F3994219D1914BE0
:1083C0000A9A9A4202D101313FF4CDAD4FF0000A32
:1083D0008A4B0A9A1A4002F5801B089B002BC1D1D8
:1083E000CCE54FF0FF33E8E71346E6E753EA0A032C
:1083F000AAD0109BDBB10A9A1342EED00F9B5046D5
:108400005946089ABBB1FFF76DFB02460B46DDE902
:108410000C01F7F7ABFE82468B46DEE7A3F580132F
:108420006FEA135B4FF0FF3A6FEA0B5BD5E7139BE4
:1084300013EA0A0FE1E7FFF755FB02460B46DDE9B9
:108440000C01F7F791FE0022002382468B46F8F7D5
:10845000ABFA0028C1D019E641462046FFF7CEFA14
:1084600000224FF0804306460F46F8F7B1FA002885
:108470006DD00F9B002B78D1BAF1000F56D10A9B1B
:10848000C3F31303002B58D10022304639465E4B0C
:10849000F8F794FA002857D13046394600225B4B52
:1084A000F8F71AF806460F4607F1004306960793B9
:1084B000DDE90623514DCDE910230A9B1D40544BA5
:1084C0009D4240F0AB800A9B5046A3F1547B594635
:1084D000FFF7D4F9DDE90623F7F7FEFF52465B46C6
:1084E000F7F744FE0B4645494A4A194091428246F5
:1084F00042D90D9A434B9A4203D10C9B01333FF46E
:1085000032AD4FF0FF3ADFF8FCB01A990598FEF74C
:1085100089FE49460598FEF785FE41460598FEF717
:1085200081FE21460598FEF77DFE1CE6BAF1010F9B
:1085300003D10A9B002B3FF4A9AD0022364B002645
:10854000CDE90623304FB3E70026304FACE7304685
:1085500039462E4B0022F7F7BFFF0F9B06460F460A
:10856000002BA1D0CDE90667A2E70022264B1646D4
:108570001F46CDE906239BE703F1547B089BCDF80A
:1085800028B0002BC1D12BF000431B0D1B059D42D1
:10859000BBD130463946F8F7D1FDF7F76FFF0246F9
:1085A0000B4630463946F7F7DFFD0B460246CBF364
:1085B0001306CDE90C230F9B46EA0A061E436AD038
:1085C00009A3D3E90023F8F7F9F900287FF4D6AC22
:1085D00007A3D3E90023DDE90C01F8F70DFA002821
:1085E00093D0CBE4AFF300809535A094FFFFDF3F3D
:1085F00035E5AF350000E03F000050390000F07F66
:10860000FFFF0F00FFFFEF7F0000F03F0000E03FA3
:108610000000E07FFFFF9F7C0000F0BF089B23B3BA
:10862000B5F1D46F21D828A3D3E9002330463946C9
:10863000F8F7CEF9A0B139463046F8F725FA012807
:1086400038BF0120F7F7CEFE0F9B06460F46FBB959
:1086500001F1004314901593DDE91423CDE91023B3
:10866000119B03F1D6635B1B1193DDE90C01DDE97E
:1086700010ABFFF703F902460B4650465946F7F791
:108680002BFFDDE90C23F7F771FD82468B4675E77A
:10869000CDE91467E0E70EA3D3E90023F8F78EF9DC
:1086A0009DE700230E93199B179A1360FFF779BA81
:1086B000652A3FF472AB452A3FF46FAB0123FFF705
:1086C000AABB00BFAFF300800000C0FFFFFFDF4187
:1086D0009535A094FFFFCF3F014BFFF725BA00BFB0
:1086E00070000020242B2DE9F0478646904601D8E3
:1086F000012B06D1FDF7BCFD162303600020BDE869
:10870000F0870D4633482A4615F8014B065D16F0F2
:108710000806F8D12D2C10D101262C78951C33F0A9
:10872000100215D1302C0DD12A7802F0DF02582A20
:1087300008D16C78023510230AE02B2C04BF2C786A
:10874000951CECE7002BF6D1302C14BF0A2308232C
:10875000002206F1004C0CF1FF3CBCFBF3F9104683
:1087600003FB19CAA4F13007092F0FD83C46A342D6
:108770001BDD571C07D0814514D301D1A24511DB65
:10878000012200FB034015F8014BEBE7A4F1410780
:10879000192F01D8373CEAE7A4F16107192F04D853
:1087A000573CE4E74FF0FF32EDE7531C08D122239A
:1087B0006046CEF80030B8F1000FA0D0691E06E088
:1087C00006B14042B8F1000F99D0002AF6D1C8F89E
:1087D000001094E7D99F0008FFF784BF2DE9F04708
:1087E0001F468E688246BE420C4690460B682DD8C6
:1087F000B1F90C2012F4906F26D06569096905EB78
:108800004505A3EB010905EBD5757B1C4B446D10A9
:108810009D4238BF1D46530527D52946FEF736FC35
:10882000064660B34A46216900F014FAA38923F48E
:10883000906343F08003A38126614E4426603E4648
:108840006561A5EB0905A560BE4200D93E463246EA
:108850004146206800F0C2F90020A3689B1BA3607A
:10886000236833442360BDE8F0872A4600F083FD87
:1088700006460028E0D150462169FEF795FB0C23FF
:10888000CAF80030A3894FF0FF3043F04003A381C2
:10889000E9E700002DE9F04F98468B8907461B0653
:1088A0000D4614469DB010D50B6973B94021FEF7F3
:1088B000EDFB2860286130B90C233B604FF0FF309E
:1088C0001DB0BDE8F08F40236B6100230993202386
:1088D0008DF8293030234FF00109CDF80C80DFF8F6
:1088E00098818DF82A3023469A4613F8012B0AB155
:1088F000252AF9D1BAEB040B0BD05B462246294658
:108900003846FFF76BFF013000F0A780099A5A4400
:1089100009929AF80030002B00F09F8000234FF05E
:10892000FF32CDE905230AF1010A049307938DF87C
:1089300053301A935446052214F8011B4E48FDF794
:10894000C4FC049AD8B9D00644BF20238DF8533014
:10895000110744BF2B238DF853309AF800302A2B8F
:1089600015D0544600204FF00A0C079A214611F802
:10897000013B303B092B4BD9B0B1079214E0A0EB7F
:10898000080309FA03F31343A2460493D2E7039BB7
:10899000191D1B680391002BBBBF5B4242F0020212
:1089A00007930793B8BF049223782E2B0AD16378DC
:1089B0002A2B32D1039B02341A1D1B68039243EA0F
:1089C000E3730593DFF8B4A0032250462178FDF746
:1089D0007CFC38B14022049BA0EB0A008240134388
:1089E0000134049314F8011B062225488DF8281041
:1089F000FDF76BFC002836D0224B1BBB039B0733D3
:108A000023F0070308330393099B334409936AE770
:108A10000C4601200CFB0232A8E700234FF00A0CA1
:108A2000194601340593204610F8012B303A092AE3
:108A300003D9002BC6D00591C4E7044601230CFBE3
:108A40000121F0E703AB00932A4638460E4B04A9F8
:108A5000FCF798FC421C0646D6D1AB895B063FF575
:108A60002DAF09982CE703AB00932A463846064BF6
:108A700004A9FCF725FFEDE7D79D0008DD9D000860
:108A8000E19D000885530008DD870008B1F90C203E
:108A9000F8B5160705460C4654D44B68002B02DC8B
:108AA0000B6C002B48DDE66A002E45D0002312F443
:108AB00080522F68216A2B6030D0626DA3895907DC
:108AC00005D56368D21A636B0BB1236CD21A0023ED
:108AD0002846E66A216AB047431CA38906D1296863
:108AE0001D292BD8284ACA40D60727D50022626004
:108AF0002269D904226004D5421C01D12B6803B934
:108B00006065616B2F60B9B104F14403994202D0F2
:108B10002846FEF749FA002363630DE00123284647
:108B2000B0470246501CC9D12B68002BC6D01D2B64
:108B300001D0162B1DD12F60002021E043F040030F
:108B40001BB21AE00F69002FF6D0930718BF00235D
:108B50000E6808BF4B69F61B0F608B60002EEBDDC3
:108B600033463A462846216AD4F828C0E047002810
:108B700007DCB4F90C3043F040034FF0FF30A38121
:108B8000F8BD0744361AE9E70100402038B50B6903
:108B900005460C4613B90025284638BD18B1036AAE
:108BA0000BB9FDF741FAB4F90C30002BF3D0626E2B
:108BB000D00704D4990502D4A06DFDF784FB2846A4
:108BC0002146FFF763FF636E0546DA07E4D4A38905
:108BD0009B05E1D4A06DFDF777FBDDE7884210B57A
:108BE00001EB020402D98442234607D8431EA14266
:108BF00008D011F8012B03F8012FF8E701460244D1
:108C00008A4200D110BD13F8014D02F8014DF7E77B
:108C100010B56AB10139841810F8012B11F8013F21
:108C20009A4203D1A04201D0002AF5D1D01A10BD3A
:108C30001046FCE738B50023054D044608462B6076
:108C4000F9F742F9431C02D12B6803B1236038BD08
:108C5000E80400200A44914200F1FF3300D170473C
:108C600010B511F8014B914203F8014FF9D110BD35
:108C700000200149704700BF0000F87F1FB514466F
:108C80001A46094B05461B68D8684CB1074BCDE91D
:108C9000013400912B46064900F0A8FB00F0B8FB18
:108CA000044B1C46F3E700BF20000020F09D0008A5
:108CB000FD9D00082B9E000870B5A1FB025434B93D
:108CC0002946FEF7E3F9064628B9304670BD0C2266
:108CD00000260260F9E72A462146FDF776FAF4E716
:108CE00003692DE9F043B3EB611F00F114044FEA6F
:108CF000611246DD11F01F0104EB830604EB8205CF
:108D00000CD1294600F11007B14235D39B1A9B00C4
:108D1000EA1E964238BF0023234415E0A14654F8CA
:108D20002270C1F12008CF4005F1040E7645F446CB
:108D300016D89A1A9200043A0135AE4238BF002282
:108D4000A318A75007B10433A342A3EB040208BF42
:108D500000234FEAA202026108BF4361BDE8F0832D
:108D6000DCF800C00CFA08FC4CEA070749F8047B61
:108D70005EF8047BCF40D9E751F804CB47F804CF25
:108D8000C2E72346E0E7A0F13003092B02D82038E0
:108D9000C0B27047A0F16103052B01D84738F7E74F
:108DA000A0F14103052B01D82738F1E700207047D7
:108DB0002DE9F04F8A46904685B002930B680190EA
:108DC0009C1CA14614F8010B3028FAD0A9EB030330
:108DD000A3F1020BFFF7D7FF0546002868D1012257
:108DE00048469F49FFF714FF0746002867D199F8C6
:108DF00001002646FFF7C7FF002862D023461878F7
:108E00009946302803F10103F9D0FFF7BCFFB0FA0F
:108E100080F54FF0010B6D094A4616463078013255
:108E2000FFF7B1FF0028F8D1012230468C49FFF747
:108E3000EFFE00283FD144B9741C22461646307814
:108E40000132FFF7A0FF0028F8D1A41BA700337858
:108E500003F0DF03502B3ED173782B2B33D02D2B17
:108E600034D00024711C0878FFF78DFF431EDBB25D
:108E7000182B30D8A0F1100211F8010FFFF783FF73
:108E800000F1FF3C5FFA8CFCBCF1180F4FF00A03B5
:108E90001ED904B152421744CAF80010EDB1BBF11B
:108EA000000F0CBF06250025284605B0BDE8F08F51
:108EB00000252C46B0E7002CC7D12746C7E74E4611
:108EC0002F460125C3E70024B11CCCE70124FBE7B2
:108ED00003FB0200CEE73146DEE72946A6EB090395
:108EE000013B072B0ADC0198FEF75CF9044640B908
:108EF0000246E4215B4B5C48FFF7C0FE01315B108A
:108F0000EFE7002300F1140A55469B46B14537D3DD
:108F100045F804BBA5EB0A05AD1025615846FEF7E0
:108F200033FA6D01D8F800602D1AB54254DDAD1B3F
:108F300029462046FEF7B5FD814678B14FF001097C
:108F40006B1E59115AF8211003F01F0209FA02F2A0
:108F50000A4203D04B4536DC4FF002092946204631
:108F6000FFF7BEFE2F44D8F80830BB4242DA214654
:108F70000198FEF757F900230E9AA325136093E793
:108F800016F8012D2E2A12D0202B04D145F804BB4F
:108F90004FF0000B5B4630780393FFF7F4FE039B22
:108FA00000F00F0098404BEA000B0433AEE7B145E8
:108FB000EAD8012230462A490393FFF729FE039B92
:108FC0000028E1D1A2E72046A91EFEF76AFD00288D
:108FD000C2D04FF00309C1E709DA751B21462A46C2
:108FE0000198FEF72FFB04467F1B00F1140A4FF097
:108FF0000009B8E7D8F80450BD426FDDED1BAE4262
:1090000034DCD8F80C30022B22D0032B24D0012BD7
:1090100015D1AE4213D1012E0BD1D8F80430029AEB
:109020006225136001232361CAF800300E9B1C6087
:109030003AE72046711EFEF734FD0028EDD12146A7
:109040000198FEF7EFF800230E9A502513602BE7E6
:109050000F9B002BF3D1E0E70F9B002BDDD1EEE758
:10906000D59D00086B9D00082C9E00086F1EB9F16D
:10907000000F30D127B139462046FEF712FD814658
:1090800001232946761B02257A115AF8222007F07F
:109090001F07BB401342204618BF49F00209FFF7E3
:1090A0001FFED8F80470B9F1000F47D0D8F80C3083
:1090B000022B15D0032B17D0012B09D119F0020F69
:1090C00006D0DAF8003049EA030919F0010F0ED191
:1090D00045F0100532E04FF00109D1E70125E2E744
:1090E0000F9BC3F101030F930F9B002BF0D04FF0A8
:1090F000000CD4F810B004F114034FEA8B0A03EB10
:109100008B01184653F8042BB2F1FF3F1BD00132FC
:109110000260022D04F114033CD1D8F80020013A7A
:10912000B24209D10122711153F8213006F01F0615
:1091300002FA06F61E423AD145F020050E9B1C604D
:10914000029B1F60B0E6994243F804CCD9D8A368CB
:109150009B4517DB616801980131FEF723F88146D2
:1091600018B902468421194BC5E6226904F10C01A5
:10917000023292000C30FFF76DFD21460198FEF798
:1091800051F84C4623695A1C2261012204EB8303E7
:109190005A61BEE722695A450BDD01212046FFF7DF
:1091A0009FFDD8F808300137BB42FFF6E0AE01253D
:1091B000C2E716F01F06FAD0534453F8040CFEF72A
:1091C000E3F8C6F12006B042E7DBF0E76B9D00084C
:1091D000C2F10802920070B5C2F12006436804682B
:1091E00003FA06F52C43D340046040F8043F88425C
:1091F000F4D370BD30B50368013311F8014B14B9D5
:109200000360012030BD13F8012BA2F14105192D97
:1092100098BF2032A242F0D00020F3E72DE9F04FB2
:1092200000250B6882465E1102EB860613F01F03D1
:1092300018BF0436371F9046B9463C46AB4687B048
:109240000168019346F8045C02954A784B1C03932D
:1092500042B3104605910492FFF795FD002851D1C5
:10926000049A0599202A18D8029B9B4513DD4C458A
:1092700006D2072D04DC2A4649462046FFF7A8FF00
:10928000444552D90023A4F1040944F8043C1D4686
:109290004C46CDF808B00399D7E7292A57D10231B7
:1092A000CAF80010BBF1000F51D04C4506D2072D73
:1092B00004DC2A4649462046FFF78AFF444536D952
:1092C0002346A8F1040253F8041B9F4242F8041FEE
:1092D000F9D23B1B23F0030304330134033EB442B1
:1092E00088BF04230022434443F8042B9F42FBD24F
:1092F0003B681BB9474528D101233B60052007B0D7
:10930000BDE8F08F0135082D0BF1010B06DD44455A
:10931000C1D90023012544F8043C043C226800F034
:109320000F0040EA02102060B5E70825B3E7019B73
:10933000002BDDD04FF0FF32C3F12003DA4056F8A6
:10934000043C134046F8043CD2E7043FD0E7042035
:10935000D5E782B001B901A942B14BB113780B60D6
:109360001278101E18BF012002B070471046FBE7AC
:109370006FF00100F8E72DE9F041074614460D466D
:1093800021B91146BDE8F041FDF780BE2AB9FDF7CD
:109390000BFE25462846BDE8F08100F040F88442E7
:1093A000064602D8B4EB500FF4D821463846FDF7F4
:1093B0006DFE804608B94546ECE7B4422246294690
:1093C00028BF3246FFF746FC29463846FDF7ECFD3C
:1093D000F1E70346084641B1FF2A04D98A224FF03B
:1093E000FF301A60704701200A7070470EB403B551
:1093F000014603AB054853F8042B0068019300F0C5
:109400003DF802B05DF804EB03B070472000002087
:10941000062008B500F006FA0120F8F7E0FC51F844
:10942000043C181F002BBCBF0B58C0187047936832
:1094300010B4013B002B936007DA9469A34201DB6F
:109440000A2902D110BC00F031B91368581C106011
:109450001970084610BC7047F8B506460F4614460A
:10946000D518AC4201D1002007E03A46304614F846
:10947000011BFFF7DCFF431CF3D1F8BD2DE9F04FD2
:109480000D461446984606469DB018B1036A0BB9BE
:10949000FCF7CAFD6B6ED90705D4AB899A0502D4D7
:1094A000A86DFCF710FFAB891B0701D52B699BB991
:1094B0002946304600F038F970B16B6EDC0704D5F0
:1094C0004FF0FF301DB0BDE8F08FAB899805F7D4A1
:1094D000A86DFCF7F9FEF3E70023099320238DF82C
:1094E000293030234FF00109CDF80C80DFF8A88136
:1094F0008DF82A3023469A4613F8012B0AB1252A03
:10950000F9D1BAEB040B0BD05B4622462946304614
:10951000FFF7A2FF013000F0A780099A5A44099290
:109520009AF80030002B00F09F8000234FF0FF32AC
:10953000CDE905230AF1010A049307938DF853300E
:109540001A935446052214F8011B5348FCF7BDFE3C
:10955000049AD8B9D10644BF20238DF8533013079D
:1095600044BF2B238DF853309AF800302A2B15D0A6
:10957000544600204FF00A0C079A214611F8013B8F
:10958000303B092B4BD9B0B1079214E0A0EB080394
:1095900009FA03F31343A2460493D2E7039B191D70
:1095A0001B680391002BBBBF5B4242F00202079392
:1095B0000793B8BF049223782E2B0AD163782A2B05
:1095C00032D1039B02341A1D1B68039243EAE373F2
:1095D0000593DFF8C8A0032250462178FCF775FEFA
:1095E00038B14022049BA0EB0A00824013430134AF
:1095F000049314F8011B062229488DF82810FCF763
:1096000064FE00283FD0274B1BBB039B073323F08E
:10961000070308330393099B3B4409936AE70C460D
:1096200001200CFB0232A8E700234FF00A0C194678
:1096300001340593204610F8012B303A092A03D94A
:10964000002BC6D00591C4E7044601230CFB012181
:10965000F0E703AB00932A463046134B04A9FBF70F
:1096600091FE0746781CD6D16B6ED90705D4AB891D
:109670009A0502D4A86DFCF727FEAB895B063FF57F
:109680001FAF09981EE703AB00932A463046064BEE
:1096900004A9FCF715F9E4E7D79D0008DD9D000853
:1096A000E19D00088553000859940008F8B50E465E
:1096B0001446054618B1036A0BB9FCF7B5FCA3695B
:1096C000A360A3891A0701D5236943B92146284617
:1096D00000F02AF818B14FF0FF373846F8BD23687C
:1096E0002269F6B2981A63693746834205DC21463F
:1096F0002846FFF74BFA0028EDD1A368013BA36091
:1097000023685A1C22601E706269431C9A4204D06E
:10971000A389DB07E1D50A2EDFD121462846FFF7D2
:1097200035FA0028D9D0D6E738B5294B0546186850
:109730000C4618B1036A0BB9FCF776FCB4F90C308F
:10974000190722D4DA0607D409222A6043F040031D
:109750004FF0FF30A38133E0580712D5616B41B160
:1097600004F14403994202D02846FDF71DFC002372
:109770006363A38923F02403A38100236360236927
:109780002360A38943F00803A38123694BB9A3890C
:1097900003F42073B3F5007F03D02146284600F080
:1097A00082F8B4F90C3013F001020AD00022A26052
:1097B00062695242A261226942B913F08000C5D1A8
:1097C00038BD990758BF6269A260F4E70020F7E747
:1097D000200000201F2938B505460C4604D9162361
:1097E00003604FF0FF3038BDC26B12B152F8213028
:1097F0004BB9284600F030F8224601462846BDE81D
:10980000384000F017B8012B0AD0591C03D1162399
:1098100003600120E7E70021204642F82410984722
:109820000020E0E7024B01461868FFF7D3BF00BFF6
:109830002000002038B50023064D04460846114696
:109840002B60F8F7BCFA431C02D12B6803B12360EC
:1098500038BD00BFE8040020F8F7AABA70B50C467E
:10986000B1F90E10154600291E4696B00CDAA389F0
:10987000002113F0800F14BF40234FF480630020B9
:1098800031602B6016B070BD6A4600F049F80028C0
:10989000EDDB019901F47041A1F5005359425941A2
:1098A0004FF48063EBE78B89F7B59D0706460C46BE
:1098B00007D504F14703236023610123636103B0EB
:1098C000F0BD6A4601ABFFF7C9FF009F0546394668
:1098D0003046FDF7DBFB48B9B4F90C309A05EED4FD
:1098E00023F0030343F00203A381E2E7A389C4E961
:1098F000040743F08003A381019B20605BB13046E5
:10990000B4F90E1000F01EF828B1A38923F0030368
:1099100043F00103A381A3891D43A581CFE7000084
:1099200038B50023064D0446084611462B60F8F76B
:10993000A5FA431C02D12B6803B1236038BD00BFD8
:10994000E804002038B50023054D044608462B6086
:10995000F8F7A3FA431C02D12B6803B1236038BD8A
:10996000E804002038B5044600F024F821460546F6
:109970002046F7F7CDFB70B900212046F7F7BEFB74
:1099800048B900212046F7F791FB30B1FCF770FC95
:109990002223064D0360284638BDFCF769FC2123CD
:1099A00003600348BDE83840FCF79EBC000080FF20
:1099B0002B9E000830F0004201462DE9F84F06D1F9
:1099C00000214FF04C40F7F791FABDE8F88F0028DE
:1099D000044603DAF7F7CCF80021F4E7B0F1FF4FC3
:1099E00002DBF7F7C7F8F0E7B0F5000F35DA4FF014
:1099F0009841F7F7C7F96FF018030446E7157F3F62
:109A00001F44764BC4F31604234403F4000080F093
:109A10007E504FF07E51204307EBD357F7F7A8F85D
:109A20006F4B04F10F0213400646002B43D1002177
:109A3000F7F73CFB98B1002F00F0CD803846F7F7E0
:109A40004DF968490546F7F79DF9674904462846E8
:109A5000F7F798F901462046C3E70023CEE76349AC
:109A60003046F7F78FF901464FF07C50F7F780F852
:109A7000314604463046F7F785F901462046F7F7A8
:109A800081F904460FB9214678E03846F7F726F900
:109A900054490746F7F776F9054638465249F7F72D
:109AA00071F901462046F7F763F83146F7F760F899
:109AB0000146284679E04FF08041F7F75BF8014610
:109AC0003046F7F713FA81463846F7F707F9494663
:109AD00080464846F7F756F901468246F7F752F9AD
:109AE00005464349F7F74EF94249F7F743F8294647
:109AF000F7F748F94049F7F73DF82946F7F742F9F3
:109B00003E49F7F737F85146F7F73CF93C498246AA
:109B10002846F7F737F93B49F7F72CF82946F7F7C6
:109B200031F93949F7F726F82946F7F72BF90146B5
:109B30005046F7F71FF8DFF8D4B00546A344C4F544
:109B4000571404F5227444EA0B04002C30DD4FF066
:109B50007C513046F7F716F93146F7F713F901460D
:109B600004462846F7F706F84946F7F70BF9054685
:109B700037B901462046F6F7FBFF0146304614E0B0
:109B800018494046F7F7FEF8174907464046F7F7E9
:109B9000F9F82946F6F7EEFF01462046F6F7E8FF0A
:109BA0003146F6F7E5FF01463846F6F7E1FF0CE7E8
:109BB00001463046F6F7DCFF4946F7F7E3F804467E
:109BC000002F3FF460AF07494046F7F7DBF806493E
:109BD0000546404663E70020F7E600BF20FB4A0049
:109BE000F0FF7F008071313FD1F71737ABAAAA3E53
:109BF0009788173E25333A3E2549923EABAA2A3F25
:109C00004FD01C3E298E633ECDCCCC3E305CCFFF86
:109C1000F8B500BFF8BC08BC9E467047F8B500BF59
:089C2000F8BC08BC9E46704729
:109C28004E544320426C756570696C6C00000000EE
:109C3800496E69742E2E2E00543A2D2D2D43205333
:109C48003A25644300000000543A252E316643202B
:109C5800533A2564430000004F4E20004F4646000B
:109C68004144433A25347520483A257300000000E2
:109C780000000000000000000102030406070809B4
:109C88000000000001020304020304050607080996
:109C98000A0B0C0D0E0F1010010200000203040540
:109CA800060708090A0B0C0D0E0F10100102494E89
:109CB8004600696E66004E414E006E616E003000CF
:109CC80030313233343536373839414243444546EA
:109CD8000030313233343536373839616263646580
:109CE800660065256C6400496E66696E6974790062
:109CF8004E614E005245454E54206D616C6C6F6349
:109D080020737563636565646564002F6275696CAB
:109D1800642F676E752D746F6F6C732D666F722D5F
:109D280073746D33325F31332E332E72656C312E7E
:109D380032303234303932362D313731352F737273
:109D4800632F6E65776C69622F6E65776C69622F19
:109D58006C6962632F7374646C69622F64746F61D9
:109D68002E630042616C6C6F632073756363656575
:109D7800646564002F6275696C642F676E752D7455
:109D88006F6F6C732D666F722D73746D33325F3124
:109D9800332E332E72656C312E32303234303932F4
:109DA800362D313731352F7372632F6E65776C69B5
:109DB800622F6E65776C69622F6C6962632F7374AA
:109DC800646C69622F6D707265632E63002E0023C8
:109DD8002D302B2000686C4C0065666745464700AF
:109DE8004300504F534958002C2066756E637469C0
:109DF8006F6E3A2000617373657274696F6E20220A
:109E0800257322206661696C65643A2066696C6511
:109E180020222573222C206C696E65202564257309
:109E280025730A002F6275696C642F676E752D742F
:109E38006F6F6C732D666F722D73746D33325F3173
:109E4800332E332E72656C312E3230323430393243
:109E5800362D313731352F7372632F6E65776C6904
:109E6800622F6E65776C69622F6C6962632F7374F9
:109E7800646C69622F6764746F612D6765746865C7
:109E8800782E630005000000190000007D00000026
:109E98000080E03779C34143176E05B5B5B89346DE
:109EA800F5F93FE9034F384D321D30F94877825AAA
:109EB8003CBF737FDD4F1575000000000000F03FC8
:109EC800000000000000244000000000000059408D
:109ED8000000000000408F40000000000088C340E0
:109EE80000000000006AF8400000000080842E4155
:109EF80000000000D01263410000000084D79741A1
:109F08000000000065CDCD41000000205FA00242A6
:109F1800000000E876483742000000A2941A6D421B
:109F2800000040E59C30A2420000901EC4BCD6420E
:109F380000003426F56B0C430080E03779C34143B9
:109F480000A0D8855734764300C84E676DC1AB432F
:109F5800003D9160E458E143408CB5781DAF15444D
:109F680050EFE2D6E41A4B4492D54D06CFF0804428
:109F7800F64AE1C7022DB544B49DD9794378EA443D
:109F880034000000CEFBFFFFCB03000001000000FF
:109F98000000000035000000CEFBFFFFCB030000EF
:109FA8000100000000000000BC89D897B2D29C3C98
:109FB80033A7A8D523F649393DA7F444FD0FA532A8
:109FC8009D978CCF08BA5B25436FAC64280668114F
:109FD8000020202020202020202028282828282071
:109FE8002020202020202020202020202020202069
:109FF80020881010101010101010101010101010D1
:10A0080010040404040404040404041010101010C0
:10A01800101041414141414101010101010101018A
:10A0280001010101010101010101010110101010DC
:10A03800101042424242424202020202020202025C
:10A0480002020202020202020202020210101010B0
:10A0580020000000000000000000000000000000D8
:10A0680000000000000000000000000000000000E8
:10A0780000000000000000000000000000000000D8
:10A0880000000000000000000000000000000000C8
:10A0980000000000000000000000000000000000B8
:10A0A80000000000000000000000000000000000A8
:10A0B8000000000000000000000000000000000098
:10A0C8000000000000000000000000000000000088
:04A0D8000000000084
:08A0DC007460FF7F0100000029
:04A0E400350100083A
:04A0E800110100085A
:10A0EC000000C07F0000C07F00127A00100000004A
:10A0FC00010000000000000003000000AC03002081
:10A10C002400002000000000AC03002014040020F8
:10A11C007C04002000000000000000000000000093
:10A12C000000000000000000000000000000000023
:10A13C000000000000000000000000000000000013
:10A14C000000000000000000000000000000000003
:10A15C0043000000000000000000000000000000B0
:10A16C0000000000000000000000000000000000E3
:10A17C004300000000000000000000000000000090
:10A18C0000000000000000000000000000000000C3
:10A19C004300000000000000000000000000000070
:10A1AC0000000000000000000000000000000000A3
:10A1BC004300000000000000000000000000000050
:10A1CC000000000000000000000000000000000083
:10A1DC004300000000000000000000000000000030
:10A1EC000000000000000000000000000000000063
:10A1FC004300000000000000000000000000000010
:10A20C000000000000000000000000000000000042
:10A21C0043000000000000000000000000000000EF
:10A22C000000000000000000000000000000000022
:10A23C00D39300085393000800000000D89F000837
:10A24C00D59D00082B9E00082B9E00082B9E000815
:10A25C002B9E00082B9E00082B9E00082B9E0008AE
:10A26C002B9E00082B9E0008FFFFFFFFFFFFFFFF48
:10A27C00FFFFFFFFFFFF000001004153434949006E
:10A28C0000000000000000000000000000000000C2
:10A29C000000000000000000000041534349490049
:10A2AC0000000000000000000000000000000000A2
:0CA2BC0000000000000000000000000096
:0400000508002111BD
:00000001FF
