:020000040800F2
:10000000005000200949000809410008114100087A
:1000100019410008214100082941000800000000A2
:100020000000000000000000000000003141000856
:100030003D4100080000000049410008554100080A
:100040005149000851490008514900085149000828
:100050005149000851490008514900085149000818
:100060005149000851490008514900086141000800
:1000700051490008514900087541000851490008DC
:1000800051490008514900085149000851490008E8
:1000900051490008514900085149000851490008D8
:1000A00051490008514900085149000851490008C8
:1000B0005149000889410008514900085149000888
:1000C00051490008514900085149000851490008A8
:1000D00051490008454200085149000851490008AB
:1000E0005942000851490008514900080000000029
:1000F0000000000000000000000000000000000000
:0C01000000000000000000005FF808F1A3
:1001100010B5054C237833B9044B13B10448AFF341
:1001200000800123237010BDC005002000000000E6
:1001300094E1000808B5034B1BB103490348AFF332
:10014000008008BD00000000C405002094E1000804
:10015000034613F8012B002AFBD1181A0138704707
:1001600081F0004102E000BF83F0004330B54FEA68
:1001700041044FEA430594EA050F08BF90EA020FD5
:100180001FBF54EA000C55EA020C7FEA645C7FEA68
:10019000655C00F0E2804FEA5454D4EB5555B8BF8B
:1001A0006D420CDD2C4480EA020281EA030382EAFC
:1001B000000083EA010180EA020281EA0303362D8E
:1001C00088BF30BD11F0004F4FEA01314FF4801C61
:1001D0004CEA113102D0404261EB410113F0004F73
:1001E0004FEA03334CEA133302D0524263EB43032A
:1001F00094EA050F00F0A780A4F10104D5F1200EC8
:100200000DDB02FA0EFC22FA05F2801841F1000122
:1002100003FA0EF2801843FA05F359410EE0A5F1F6
:1002200020050EF1200E012A03FA0EFC28BF4CF027
:10023000020C43FA05F3C01851EBE37101F00045DD
:1002400007D54FF0000EDCF1000C7EEB00006EEBEA
:100250000101B1F5801F1BD3B1F5001F0CD3490874
:100260005FEA30004FEA3C0C04F101044FEA4452CB
:1002700012F5800F80F09A80BCF1004F08BF5FEA52
:10028000500C50F1000041EB045141EA050130BD32
:100290005FEA4C0C404141EB0101013C28BFB1F544
:1002A000801FE9D291F0000F04BF01460020B1FA8F
:1002B00081F308BF2033A3F10B03B3F120020CDA62
:1002C0000C3208DD02F1140CC2F10C0201FA0CF040
:1002D00021FA02F10CE002F11402D8BFC2F1200CA5
:1002E00001FA02F120FA0CFCDCBF41EA0C0190405B
:1002F000E41AA2BF01EB0451294330BD6FEA0404A4
:100300001F3C1CDA0C340EDC04F11404C4F120028E
:1003100020FA04F001FA02F340EA030021FA04F3A0
:1003200045EA030130BDC4F10C04C4F1200220FAF7
:1003300002F001FA04F340EA0300294630BD21FA35
:1003400004F0294630BD94F0000F83F4801306BFFB
:1003500081F480110134013D4EE77FEA645C18BFEF
:100360007FEA655C29D094EA050F08BF90EA020F86
:1003700005D054EA000C04BF1946104630BD91EA7E
:10038000030F1EBF0021002030BD5FEA545C05D181
:100390004000494128BF41F0004130BD14F58004C0
:1003A0003CBF01F5801130BD01F0004545F0FE4134
:1003B00041F470014FF0000030BD7FEA645C1ABF69
:1003C000194610467FEA655C1CBF0B46024650EAA0
:1003D000013406BF52EA033591EA030F41F40021CC
:1003E00030BD00BF90F0000F04BF0021704730B552
:1003F0004FF4806404F132044FF000054FF0000127
:1004000050E700BF90F0000F04BF0021704730B5E7
:100410004FF4806404F1320410F0004548BF4042BC
:100420004FF000013EE700BF42004FEAE2014FEA11
:1004300031014FEA02701FBF12F07F4393F07F4FEC
:1004400081F06051704732F07F4208BF704793F0EF
:100450007F4F04BF41F40021704730B54FF4607402
:1004600001F0004521F000411CE700BF50EA010205
:1004700008BF704730B54FF000050AE050EA0102AE
:1004800008BF704730B511F0004502D5404261EB1E
:1004900041014FF4806404F132045FEA915C3FF45F
:1004A000D8AE4FF003025FEADC0C18BF03325FEAFC
:1004B000DC0C18BF033202EBDC02C2F1200300FAAD
:1004C00003FC20FA02F001FA03FE40EA0E0021FAD2
:1004D00002F11444BDE600BF70B54FF0FF0C4CF4C0
:1004E000E06C1CEA11541DBF1CEA135594EA0C0F72
:1004F00095EA0C0F00F0DEF82C4481EA030621EAAD
:100500004C5123EA4C5350EA013518BF52EA0335E7
:1005100041F4801143F4801338D0A0FB02CE4FF099
:100520000005E1FB02E506F00042E0FB03E54FF0C9
:100530000006E1FB03569CF0000F18BF4EF0010EC1
:10054000A4F1FF04B6F5007F64F5407404D25FEABD
:100550004E0E6D4146EB060642EAC62141EA555170
:100560004FEAC52040EA5E504FEACE2EB4F1FD0CB2
:1005700088BFBCF5E06F1ED8BEF1004F08BF5FEA30
:10058000500E50F1000041EB045170BD06F00046E2
:1005900046EA010140EA020081EA0301B4EB5C048F
:1005A000C2BFD4EB0C0541EA045170BD41F4801187
:1005B0004FF0000E013C00F3AB8014F1360FDEBFAC
:1005C000002001F0004170BDC4F10004203C35DA88
:1005D0000C341BDC04F11404C4F1200500FA05F30B
:1005E00020FA04F001FA05F240EA020001F00042AC
:1005F00021F0004110EBD37021FA04F642EB060122
:100600005EEA430E08BF20EAD37070BDC4F10C044B
:10061000C4F1200500FA04F320FA05F001FA04F20F
:1006200040EA020001F0004110EBD37041F10001FB
:100630005EEA430E08BF20EAD37070BDC4F1200506
:1006400000FA05F24EEA020E20FA04F301FA05F26E
:1006500043EA020321FA04F001F0004121FA04F216
:1006600020EA020000EBD3705EEA430E08BF20EAE6
:10067000D37070BD94F0000F0FD101F00046400020
:1006800041EB010111F4801F08BF013CF7D041EAA2
:10069000060195F0000F18BF704703F000465200A6
:1006A00043EB030313F4801F08BF013DF7D043EA77
:1006B0000603704794EA0C0F0CEA135518BF95EA2D
:1006C0000C0F0CD050EA410618BF52EA4306D1D1B4
:1006D00081EA030101F000414FF0000070BD50EAD3
:1006E000410606BF1046194652EA430619D094EA5D
:1006F0000C0F02D150EA013613D195EA0C0F05D147
:1007000052EA03361CBF104619460AD181EA03019A
:1007100001F0004141F0FE4141F470014FF0000052
:1007200070BD41F0FE4141F4780170BD70B54FF0ED
:10073000FF0C4CF4E06C1CEA11541DBF1CEA13556D
:1007400094EA0C0F95EA0C0F00F0A7F8A4EB05044F
:1007500081EA030E52EA03354FEA013100F0888046
:100760004FEA03334FF0805545EA131343EA12630F
:100770004FEA022245EA111545EA10654FEA0026C4
:100780000EF000419D4208BF964244F1FD0404F57D
:10079000407402D25B084FEA3202B61A65EB0305D9
:1007A0005B084FEA32024FF480104FF4002CB6EB96
:1007B000020E75EB030E22BFB61A754640EA0C0016
:1007C0005B084FEA3202B6EB020E75EB030E22BF56
:1007D000B61A754640EA5C005B084FEA3202B6EB97
:1007E000020E75EB030E22BFB61A754640EA9C0056
:1007F0005B084FEA3202B6EB020E75EB030E22BF26
:10080000B61A754640EADC0055EA060E18D04FEAE3
:10081000051545EA16754FEA06164FEAC30343EA83
:1008200052734FEAC2025FEA1C1CC0D111F4801F50
:100830000BD141EA00014FF000004FF0004CB6E749
:1008400011F4801F04BF01430020B4F1FD0C88BFE8
:10085000BCF5E06F3FF6AFAEB5EB030C04BFB6EBF3
:10086000020C5FEA500C50F1000041EB045170BDE6
:100870000EF0004E4EEA113114EB5C04C2BFD4EB13
:100880000C0541EA045170BD41F480114FF0000E97
:10089000013C90E645EA060E8DE60CEA135594EA13
:1008A0000C0F08BF95EA0C0F3FF43BAF94EA0C0F16
:1008B0000AD150EA01347FF434AF95EA0C0F7FF48B
:1008C00025AF104619462CE795EA0C0F06D152EADF
:1008D00003353FF4FDAE1046194622E750EA4106C3
:1008E00018BF52EA43067FF4C5AE50EA41047FF4D4
:1008F0000DAF52EA43057FF4EBAE12E74FF0FF3C39
:1009000006E000BF4FF0010C02E000BF4FF0010C09
:100910004DF804CD4FEA410C7FEA6C5C4FEA430C82
:1009200018BF7FEA6C5C1BD001B050EA410C0CBFD1
:1009300052EA430C91EA030F02BF90EA020F002033
:10094000704710F1000F91EA030F58BF994208BF9A
:1009500090422CBFD8176FEAE37040F00100704757
:100960004FEA410C7FEA6C5C02D150EA013C07D1AE
:100970004FEA430C7FEA6C5CD6D152EA033CD3D0F9
:100980005DF8040B704700BF8446104662468C46F3
:100990001946634600E000BF01B5FFF7B7FF002826
:1009A00048BF10F1000F01BD4DF808EDFFF7F4FF4F
:1009B0000CBF012000205DF808FB00BF4DF808EDDA
:1009C000FFF7EAFF34BF012000205DF808FB00BFFD
:1009D0004DF808EDFFF7E0FF94BF012000205DF81F
:1009E00008FB00BF4DF808EDFFF7CEFF94BF0120D4
:1009F00000205DF808FB00BF4DF808EDFFF7C4FFCD
:100A000034BF012000205DF808FB00BF4FEA410C15
:100A10007FEA6C5C02D150EA013C0AD14FEA430CF8
:100A20007FEA6C5C02D152EA033C02D14FF0000035
:100A300070474FF0010070474FEA410212F5001273
:100A400015D211D56FF47873B3EB625212D94FEA15
:100A5000C12343F0004343EA505311F0004F23FAFF
:100A600002F018BF404270474FF00000704750EA54
:100A7000013005D111F0004008BF6FF00040704711
:100A80004FF00000704700BF4A0011D212F500126B
:100A900011D20DD56FF47873B3EB62520ED44FEAD6
:100AA000C12343F0004343EA505323FA02F0704756
:100AB0004FF00000704750EA013002D14FF0FF3094
:100AC00070474FF0000070474FEA4102B2F1E04337
:100AD00024BFB3F5001CDCF1FE5C0DD901F0004C25
:100AE0004FEAC0024CEA5070B2F1004F40EB830075
:100AF00008BF20F00100704711F0804F21D113F1A1
:100B00003872BCBF01F00040704741F480114FEAD9
:100B10005252C2F11802C2F1200C10FA0CF320FA62
:100B200002F018BF40F001004FEAC1234FEAD3237F
:100B300003FA0CFC40EA0C0023FA02F34FEA4303E9
:100B4000CCE77FEA625307D150EA01331EBF4FF072
:100B5000FE4040F44000704701F0004040F0FE408D
:100B600040F40000704700BF80F0004002E000BF8A
:100B700081F0004142001FBF5FEA410392EA030F88
:100B80007FEA226C7FEA236C6AD04FEA1262D2EBD2
:100B90001363C1BFD218414048404140B8BF5B42D7
:100BA000192B88BF704710F0004F40F4000020F070
:100BB0007F4018BF404211F0004F41F4000121F086
:100BC0007F4118BF494292EA030F3FD0A2F10102D0
:100BD00041FA03FC10EB0C00C3F1200301FA03F10E
:100BE00000F0004302D5494260EB4000B0F5000F31
:100BF00013D3B0F1807F06D340084FEA310102F1F0
:100C00000102FE2A51D2B1F1004F40EBC25008BFA1
:100C100020F0010040EA03007047490040EB00006B
:100C2000013A28BFB0F5000FEDD2B0FA80FCACF16C
:100C3000080CB2EB0C0200FA0CF0AABF00EBC25099
:100C400052421843BCBFD0401843704792F0000F87
:100C500081F4000106BF80F400000132013BB5E7DA
:100C60004FEA41037FEA226C18BF7FEA236C21D050
:100C700092EA030F04D092F0000F08BF08467047B5
:100C800090EA010F1CBF0020704712F07F4F04D183
:100C9000400028BF40F00040704712F100723CBF96
:100CA00000F50000704700F0004343F0FE4040F4C0
:100CB000000070477FEA226216BF08467FEA23637E
:100CC0000146420206BF5FEA412390EA010F40F469
:100CD000800070474FF0000304E000BF10F00043B5
:100CE00048BF40425FEA000C08BF704743F096439C
:100CF00001464FF000001CE050EA010208BF7047B7
:100D00004FF000030AE000BF50EA010208BF70473D
:100D100011F0004302D5404261EB41015FEA010C52
:100D200002BF84460146002043F0B64308BFA3F14A
:100D30008053A3F50003BCFA8CF2083AA3EBC2532C
:100D400010DB01FA02FC634400FA02FCC2F120024B
:100D5000BCF1004F20FA02F243EB020008BF20F082
:100D60000100704702F1200201FA02FCC2F12002E8
:100D700050EA4C0021FA02F243EB020008BF20EADD
:100D8000DC7070474FF0FF0C1CEAD0521EBF1CEA0B
:100D9000D15392EA0C0F93EA0C0F6FD01A4480EAF9
:100DA000010C400218BF5FEA41211ED04FF00063E2
:100DB00043EA501043EA5111A0FB01310CF000400E
:100DC000B1F5000F3EBF490041EAD3715B0040EA34
:100DD000010062F17F02FD2A1DD8B3F1004F40EB04
:100DE000C25008BF20F00100704790F0000F0CF0D7
:100DF000004C08BF49024CEA502040EA51207F3A9B
:100E0000C2BFD2F1FF0340EAC250704740F4000075
:100E10004FF00003013A5DDC12F1190FDCBF00F066
:100E200000407047C2F10002410021FA02F1C2F114
:100E3000200200FA02FC5FEA310040F1000053EAB0
:100E40004C0308BF20EADC70704792F0000F00F0FE
:100E5000004C02BF400010F4000F013AF9D040EA04
:100E60000C0093F0000F01F0004C02BF490011F498
:100E7000000F013BF9D041EA0C018FE70CEAD15396
:100E800092EA0C0F18BF93EA0C0F0AD030F0004C16
:100E900018BF31F0004CD8D180EA010000F00040CA
:100EA000704790F0000F17BF90F0004F084691F088
:100EB000000F91F0004F14D092EA0C0F01D14202C2
:100EC0000FD193EA0C0F03D14B0218BF084608D18B
:100ED00080EA010000F0004040F0FE4040F40000D5
:100EE000704740F0FE4040F4400070474FF0FF0C68
:100EF0001CEAD0521EBF1CEAD15392EA0C0F93EAAF
:100F00000C0F69D0A2EB030280EA010C49024FEA00
:100F1000402037D04FF0805343EA111143EA1013B9
:100F20000CF000408B4238BF5B0042F17D024FF471
:100F3000000C8B4224BF5B1A40EA0C00B3EB510F4C
:100F400024BFA3EB510340EA5C00B3EB910F24BF35
:100F5000A3EB910340EA9C00B3EBD10F24BFA3EBBA
:100F6000D10340EADC001B0118BF5FEA1C1CE0D182
:100F7000FD2A3FF650AF8B4240EBC25008BF20F035
:100F8000010070470CF0004C4CEA50207F32C2BF89
:100F9000D2F1FF0340EAC250704740F400004FF026
:100FA0000003013A37E792F0000F00F0004C02BF57
:100FB000400010F4000F013AF9D040EA0C0093F021
:100FC000000F01F0004C02BF490011F4000F013B7B
:100FD000F9D041EA0C0195E70CEAD15392EA0C0FE3
:100FE00008D142027FF47DAF93EA0C0F7FF470AF1B
:100FF000084676E793EA0C0F04D14B023FF44CAF5E
:1010000008466EE730F0004C18BF31F0004CCAD1F2
:1010100030F000427FF45CAF31F000437FF43CAF2E
:101020005FE700BF4FF0FF3C06E000BF4FF0010C50
:1010300002E000BF4FF0010C4DF804CD4FEA400232
:101040004FEA41037FEA226C18BF7FEA236C11D07C
:1010500001B052EA530C18BF90EA010F58BFB2EB2F
:10106000030088BFC81738BF6FEAE17018BF40F0AF
:10107000010070477FEA226C02D15FEA402C05D163
:101080007FEA236CE4D15FEA412CE1D05DF8040BE8
:10109000704700BF844608466146FFE70FB5FFF77B
:1010A000C9FF002848BF10F1000F0FBD4DF808ED33
:1010B000FFF7F4FF0CBF012000205DF808FB00BF24
:1010C0004DF808EDFFF7EAFF34BF012000205DF87E
:1010D00008FB00BF4DF808EDFFF7E0FF94BF0120CB
:1010E00000205DF808FB00BF4DF808EDFFF7D2FFC8
:1010F00094BF012000205DF808FB00BF4DF808ED0B
:10110000FFF7C8FF34BF012000205DF808FB00BFD7
:101110004FEA40024FEA41037FEA226C02D15FEAC4
:10112000402C08D17FEA236C02D15FEA412C02D126
:101130004FF0000070474FF0010070474FEA400247
:10114000B2F1FE4F0FD34FF09E03B3EB12620DD9F5
:101150004FEA002343F0004310F0004F23FA02F05F
:1011600018BF404270474FF00000704712F1610F06
:1011700001D1420205D110F0004008BF6FF00040DD
:1011800070474FF00000704742000ED2B2F1FE4FA0
:101190000BD34FF09E03B3EB126209D44FEA002346
:1011A00043F0004323FA02F070474FF0000070470D
:1011B00012F1610F01D1420202D14FF0FF307047AE
:1011C0004FF00000704700BF38B5002200230446EE
:1011D0000D46FFF7F3FB28B920462946BDE8384005
:1011E00000F00AB8204605F1004100F005F8404241
:1011F00061EB410138BD00BFD0B500220B4B064664
:101200000F46FFF769F9FFF73FFC0446FFF7EAF8DE
:101210000022074BFFF760F902460B46304639467D
:10122000FEF7A2FFFFF730FC2146D0BD0000F03DE5
:101230000000F04180B584B000AF3B1D00221A6071
:101240005A609A60184B194A1A60174B00229A602C
:10125000154B01221A73144B00221A75124B4FF4CE
:101260006022DA61104B00225A600F4B01221A6192
:101270000D4803F0F5FB0346002B01D002F024FAE1
:1012800000237B600123BB600723FB603B1D1946E5
:10129000054803F0ADFD0346002B01D002F014FA1F
:1012A00000BF1037BD4680BDDC0500200024014092
:1012B00080B588B000AF786007F1100300221A6093
:1012C0005A609A60DA607B681B68284A934249D169
:1012D000274B9B69264A43F400739361244B9B6917
:1012E00003F40073FB60FB68214B9B69204A43F0C9
:1012F000040393611E4B9B6903F00403BB60BB684E
:1013000001233B6103237B6107F110031946194850
:1013100004F018FD184B194A1A60174B00225A6046
:10132000154B00229A60144B8022DA60124B4FF466
:1013300080721A61104B4FF480625A610E4B00228A
:101340009A610D4B0022DA610B4804F059F803460C
:10135000002B01D002F0B8F97B68074A1A62064AEE
:101360007B68536200BF2037BD4680BD002401402A
:1013700000100240000801400C0600200800024056
:1013800080B582B000AF104B5B690F4A43F0010398
:1013900053610D4B5B6903F001037B607B680022A6
:1013A00000210B2003F0F5FF0B2004F00EF80022C3
:1013B00000210E2003F0EDFF0E2004F006F800BF20
:1013C0000837BD4680BD00BF0010024080B500AFA9
:1013D000114B00221A60114B00221A70104B002290
:1013E0001A70104B00221A700F4B00221A600F4B1C
:1013F00000221A700E4B00221A704FF480410D48E3
:1014000004F024FE0346002B14BF01230023DAB2AC
:10141000094B1A7000BF80BD500600205406002002
:101420005506002056060020580600205C060020C5
:101430005D060020000C01400000002080B400AFD9
:10144000024B1B681846BD4680BC70475006002002
:1014500080B400AF034B00221A6000BFBD4680BCC1
:10146000704700BF5006002080B400AF074B1B78C8
:10147000DBB2002B04D0054B00221A70012300E0E0
:1014800000231846BD4680BC704700BF55060020AB
:1014900080B400AF074B1B78DBB2002B04D0054BA8
:1014A00000221A70012300E000231846BD4680BCCC
:1014B000704700BF5606002080B582B000AF244BB5
:1014C0001B680133224A136003F09CFA7860214BB9
:1014D0001B687A68D31A012B36D91E4A7B681360C1
:1014E0004FF480411C4804F0B1FD0346002B14BFAB
:1014F00001230023FB704FF40041174804F0A6FDC0
:101500000346002B14BF01230023BB70134B1B7831
:10151000FA789A4219D0FA78BB789A4208D1104BDF
:101520001B68013B0E4A13600E4B02221A7007E043
:101530000B4B1B6801330A4A13600A4B01221A70D5
:10154000064AFB78137000E000BF0837BD4680BD37
:101550006406002060060020000C0140000000200E
:10156000500600205406002080B400AF044B1B68D6
:101570000133034A136000BFBD4680BC704700BF03
:101580006806002080B584B000AF03F03BFAF86035
:101590004FF40051344804F059FD0346002B14BFAA
:1015A00001230023FB72FB7A002B14BF01230023CD
:1015B000DBB283F00103DBB2BB72BB7A03F0010341
:1015C000BB72BB7A002B10D0284B1B7883F0010331
:1015D000DBB2002B09D0254B01221A70244AFB688C
:1015E0001360244B00221A701EE0BB7A83F00103C3
:1015F000DBB2002B18D01D4B1B78002B14D01B4BDB
:1016000000221A701B4B1B7883F00103DBB2002B06
:101610000AD0174B1B68FA68D31A7B607B68322BA1
:1016200002D9154B01221A70104B1B78002B16D0D3
:10163000104B1B7883F00103DBB2002B0FD00C4B57
:101640001B68FA68D31A3B603B6840F2DB52934256
:1016500005D90A4B01221A70064B01221A7000BFED
:101660001037BD4680BD00BF000C01405C06002065
:10167000580600205D060020550600205606002072
:1016800080B588B000AF07F1100300221A605A60DD
:101690009A60DA60514B9B69504A43F02003936192
:1016A0004E4B9B6903F02003FB60FB684B4B9B692F
:1016B0004A4A43F004039361484B9B6903F00403D7
:1016C000BB60BB68454B9B69444A43F00803936188
:1016D000424B9B6903F008037B607B680022222158
:1016E0003F4804F0CAFC002220213E4804F0C5FC1B
:1016F00002233B6101237B610023BB610223FB6169
:1017000007F110031946364804F01CFB10233B6117
:1017100000237B610123BB6107F1100319463048A8
:1017200004F010FB20233B6101237B610223BB619A
:101730000223FB6107F110031946294804F002FB5C
:101740004FF418433B6100237B610123BB6107F128
:1017500010031946234804F0F5FA4FF400533B6197
:10176000214B7B610123BB6107F1100319461D4822
:1017700004F0E8FA4FF480433B611C4B7B6101238A
:10178000BB6107F110031946164804F0DBFA4FF469
:1017900000633B61144B7B610123BB6107F11003C4
:1017A00019460F4804F0CEFA20233B6101237B61E8
:1017B0000023BB610223FB6107F1100319460948AE
:1017C00004F0C0FA00220021282003F0E2FD2820C6
:1017D00003F0FBFD00BF2037BD4680BD0010024076
:1017E00000080140000C01400000211000003110F1
:1017F00080B586B002AF0346FB71FB7923F00F037F
:10180000FB73FB791B01BB73FB7B43F00C03DBB267
:101810003B72FB7B43F00803DBB27B72BB7B43F084
:101820000C03DBB2BB72BB7B43F00803DBB2FB7281
:1018300007F108026423009304234E21034804F0B7
:101840009BFD00BF1037BD4680BD00BF6C06002069
:1018500080B586B002AF0346FB71FB7923F00F031E
:10186000FB73FB791B01BB73FB7B43F00D03DBB206
:101870003B72FB7B43F00903DBB27B72BB7B43F023
:101880000D03DBB2BB72BB7B43F00903DBB2FB721F
:1018900007F108026423009304234E21034804F057
:1018A0006BFD00BF1037BD4680BD00BF6C06002039
:1018B00080B582B000AF8020FFF79AFF00237B60E5
:1018C00005E02020FFF7C4FF7B6801337B607B6865
:1018D000452BF6DD00BF00BF0837BD4680BD80B593
:1018E00082B000AF786039607B68002B03D07B68E2
:1018F000012B05D009E03B6843F080033B6004E026
:101900003B6843F0C0033B6000BF3B68DBB2184656
:10191000FFF76EFF00BF0837BD4680BD80B500AF42
:10192000322003F079F83020FFF762FF052003F042
:1019300073F83020FFF75CFF012003F06DF83020D2
:10194000FFF756FF0A2003F067F82020FFF750FF4B
:101950000A2003F061F82820FFF74AFF012003F076
:101960005BF80820FFF744FF012003F055F8012041
:10197000FFF73EFF012003F04FF8012003F04CF881
:101980000620FFF735FF012003F046F80C20FFF793
:101990002FFF00BF80BD80B582B000AF786006E049
:1019A0007B685A1C7A601B781846FFF751FF7B68EA
:1019B0001B78002BF4D100BF00BF0837BD4680BDA7
:1019C00080B500AF124B134A1A60114B124A5A608D
:1019D0000F4B00229A600E4B0022DA600C4B4FF442
:1019E00080421A610A4B00225A61094B00229A6117
:1019F000074B0022DA61064B00221A62044804F009
:101A000077FB0346002B01D001F05EFE00BF80BDD6
:101A10006C06002000540040A086010080B588B00C
:101A200000AF786007F1100300221A605A609A60D4
:101A3000DA607B681B68154A934223D1144B9B697B
:101A4000134A43F008039361114B9B6903F00803A9
:101A5000FB60FB68C0233B6112237B610323FB61B6
:101A600007F1100319460B4804F06CF9084BDB69C9
:101A7000074A43F40013D361054BDB6903F40013F9
:101A8000BB60BB6800BF2037BD4680BD005400402E
:101A900000100240000C014080B500AF094B0A4A1B
:101AA0001A60084B04225A60064B40F6C4129A6032
:101AB000044804F0B9FF0346002B01D001F004FEF6
:101AC00000BF80BDC00600200030004080B582B05D
:101AD00000AF0346FB80FB881846FFF7FFF803467C
:101AE00006491846FFF74EF9034605491846FFF721
:101AF000FDF9034618460837BD4680BD33335340D1
:101B000000F07F4590B587B000AF0346FB80FB88AF
:101B10001846FFF7DBFF78612F497869FFF7D0FAA5
:101B20000346002B06D12D497869FFF7E7FA0346F3
:101B3000002B01D02A4B4BE079692A48FFF7D6F9F0
:101B400003464FF07E511846FFF712F80346194638
:101B50002548FFF7CBF903463B614FF00001386998
:101B6000FFF7B8FA0346002B01D01D4B30E01F49A8
:101B70003869FFF7C3FA0346002B01D01C4B00E085
:101B80001C4BFB60F9684FF07E50FFF7AFF903463E
:101B90001C4619493869FFF7A9F9034618460BF0A6
:101BA000DFFB034619462046FFF7ECF803461349CE
:101BB0001846FEF7DFFF0346BB60B9684FF07E5062
:101BC000FFF794F903460E491846FEF7D1FF034686
:101BD00018461C37BD4690BDCDCC4C3D0000504052
:101BE0000000C07F3333534000007A440080BB4480
:101BF00000E0764500D08945004AC4470FCF5B3BE3
:101C00003393884380B582B000AF0346FB71FB7904
:101C10001A462021034804F030FA00BF0837BD46B9
:101C200080BD00BF000C014080B582B000AF03460C
:101C3000FB71FB7983F00103DBB21A4620210348D4
:101C400004F01BFA00BF0837BD4680BD0008014004
:101C500080B485B000AF0346FB80FB88312B01D8F0
:101C60003223FB80FB8844F62062934202D944F67B
:101C70002063FB80FB880B4AB2FBF3F3013BFB6064
:101C8000094B1B68FA68DA62074AFB68D360064BA7
:101C90001B68FA6852085A6300BF1437BD4680BCFF
:101CA000704700BF40420F0048080020B0B58EB01A
:101CB00000AF03F0B7FE0023FB61254B7B620123DD
:101CC000BB6207F1180207F11C031146184603F026
:101CD00091FF0346002B02D003F0CAFE35E01D4BF6
:101CE0001B683B601C4B1B687B601C4B1B68BB600C
:101CF0001A4B5B68FB60194B9B683B61184B7B611F
:101D00003B467B63124B3B630023FB6216E07B6B1D
:101D10001B6800221C46154622462B46396B0220C2
:101D200003F010FE0346002B0CD13B6B04333B63E6
:101D30007B6B04337B63FB6A0133FB62FB6A052B1D
:101D4000E5D900E000BF03F093FE3837BD46B0BDD3
:101D500000FC0008040000202800002010000020E3
:101D6000BEBAFECA80B483B000AF104B7B607B6804
:101D70005B690F4A934213D17B681B680D4A13605D
:101D80007B685B680C4A13607B689B680B4A136036
:101D90007B68DB68094A53607B681B69074A93606C
:101DA00000BF0C37BD4680BC704700BF00FC000878
:101DB000BEBAFECA04000020280000201000002047
:101DC00080B500AF094B0A4A1A600A4B0A4A1A60EA
:101DD0000A4B4FF081421A60084B094A5A60074B80
:101DE000084A9A60FFF762FF00BF80BD0400002030
:101DF00000007A432800002000004040100000202E
:101E00009A99193E0000204190B5ADB008AF704BD3
:101E10001B681846FFF792F90346C7F88C306C4BE5
:101E20001C68D7F88C00FEF759FF03461946204678
:101E3000FEF79EFE034623F000431846FEF7F4FA31
:101E40004FF00002634BFEF747FB02460B4610467D
:101E50001946FEF7F1FD0346C7F888305E4B1B6854
:101E60001846FFF76BF90346C7F884305A4B1C68D5
:101E7000D7F88400FEF732FF034619462046FEF7E6
:101E800077FE034623F000431846FEF7CDFA4FF0E5
:101E90000002504BFEF720FB02460B461046194647
:101EA000FEF7CAFD0346C7F880304C4B1B68184646
:101EB000FFF744F90346FB67484B1C68F86FFEF7D1
:101EC0000DFF034619462046FEF752FE034623F057
:101ED00000431846FEF7A8FA4FF00002404BFEF709
:101EE000FBFA02460B4610461946FEF7A5FD0346CF
:101EF000BB673A4B5B681846FFF720F903467B67E0
:101F0000364B5C68786FFEF7E9FE034619462046BB
:101F1000FEF72EFE034623F000431846FEF784FA30
:101F20004FF000022E4BFEF7D7FA02460B46104642
:101F30001946FEF781FD03463B67284B9B68184610
:101F4000FFF7FCF80346FB66244B9C68F86EFEF72F
:101F5000C5FE034619462046FEF70AFE034623F057
:101F600000431846FEF760FA4FF000021C4BFEF7E4
:101F7000B3FA02460B4610461946FEF75DFD0346CE
:101F8000BB663846BB6E0793FB6E06933B6F0593AB
:101F90007B6F0493BB6F0393FB6F0293D7F8803082
:101FA0000193D7F884300093D7F88830D7F88C2085
:101FB0000C4908F01FFC78667B6E9AB239466423A0
:101FC000094806F0A2FA00BF9437BD4690BD00BF95
:101FD0000400002000002440280000201000002001
:101FE00000005940B0E100082009002080B582B00F
:101FF00000AF78604FF000017868FFF76BF8034698
:10200000002B02D04FF000031FE04FF07E517868A4
:10201000FFF76AF80346002B02D04FF07E5314E01E
:102020000C497868FEF7AEFE034618460BF0C0F97F
:10203000034619464FF07E50FEF79AFD03464FF0D7
:1020400080411846FEF752FF034618460837BD4642
:1020500080BD00BFDB0F494080B584B000AF786021
:102060004FF000017868FFF735F80346002B01D0E8
:10207000002312E00B497868FEF784FE0346FB60FC
:102080000949F868FFF73AF80346002B01D0064BE0
:10209000FB60F868FFF778F8034618461037BD462E
:1020A00080BD00BFA5CDD74400409C4680B58AB016
:1020B00002AF0023FB610023BB610AE0614ABB69F8
:1020C00032F813301A46FB691344FB61BB690133D4
:1020D000BB61BB693F2BF1DDFB699B09FB82FB8A7E
:1020E000312B04D9FB8A40F6CD72934224D9564B4A
:1020F00001221A70554B4FF000025A610020FFF781
:1021000081FD534B00221A700020FFF78DFD002146
:10211000504805F037FBFFF7CBFB00210020FFF70D
:10212000DEFB4D48FFF737FC00210120FFF7D7FB0E
:102130004A48FFF730FC81E0494B1B6819461846B6
:10214000FEF7E6FF0346002B3CD1454B1B68454993
:102150001846FEF7D3FF0346002B33D03A4B02223A
:102160001A703A4B4FF000025A610020FFF74AFD07
:10217000374B00221A700020FFF756FD002135482A
:1021800005F000FBFFF794FB00210020FFF7A7FB01
:102190003548FFF700FC00210120FFF7A0FB304B82
:1021A0001B681846FEF740F902460B46381DCDE97C
:1021B00000232E4A112108F0E7FA3B1D1846FFF7CD
:1021C000EAFB3BE02A4B1B78002B30D0244B1B68EA
:1021D00028491846FEF788FF0346002B03D0244BFE
:1021E00000221A7023E002F00DFC0246224B1B680D
:1021F000D31A224A93421AD9134B03221A70134B53
:102200004FF000025A610020FFF7FCFCFFF750FB83
:1022100000210020FFF763FB1948FFF7BCFB0021FA
:102220000120FFF75CFB1748FFF7B5FB06E0064B04
:102230001B78002B02D0044B00221A702037BD46B9
:1022400080BD00BFD0060020B30700201000002092
:102250005407002048080020E4E10008F4E10008E9
:10226000080000200080894304E2000810E2000812
:10227000B80700200000C842B4070020E093040023
:102280001CE200082CE2000890B585B000AF0023E6
:10229000FB600023BB600AE0234ABB6832F81330BE
:1022A0001A46FB681344FB60BB680133BB60BB6824
:1022B0003F2BF1DDFB689B09FB80FB881846FFF78D
:1022C00021FC386039683868FEF722FF0346002B8E
:1022D00003D0164B164A1A6021E0144B1B681946AE
:1022E0001846FEF715FF0346002B03D00F4A3B6844
:1022F000136014E00F493868FEF744FD03461C469E
:102300000A4B1B680C491846FEF73CFD034619466C
:102310002046FEF72FFC03461A46044B1A6000BF06
:102320001437BD4690BD00BFD00600200800002035
:102330000000C07FCDCCCC3D6666663F90B589B0CD
:1023400000AFA24B1B680022144619461846FEF740
:10235000DFFE0346002B01D101231C46FC76FB7EE9
:10236000002B0AD0994B1B6899491846FEF7BCFE12
:102370000346002B01D0012300E00023BB76BB7E87
:1023800003F00103BB76934B1B681846FFF764FE0E
:10239000F861FB69312B01D83223FB618E4B1B782E
:1023A000032B00F27B8101A252F823F0BD23000829
:1023B0005F2400081F250008052600080020FFF7FD
:1023C00033FC864B00221A70854B00221A80854B05
:1023D0001B78002B04D1844B1B78DBB2002B1ED062
:1023E000BB7E002B1BD07C4B01221A707B4B012241
:1023F0001A700120FFF718FC794B32221A80784BB3
:102400001B881846FFF724FC0021784805F018F9CE
:10241000774B00221A60744B00221A7042E1714B14
:102420001B78002B05D1704B1B78DBB2002B00F022
:102430003981BB7E83F00103DBB2002B00F03281D7
:1024400000210120FFF74BFA6A48FFF7A4FA664B18
:1024500000221A704FF47A7002F0DEFA22E10120B5
:10246000FFF7E2FB5D4B01221A70614B1B68B3F56D
:10247000FA6F2ED25E4B1B681846FEF72BFC034604
:102480005D491846FEF732FD03467B607868FFF72A
:10249000ADFD3860FB69323B1846FEF71BFC034676
:1024A00039681846FEF76EFC03461846FEF76CFEC8
:1024B00003469BB232339AB2494B1A80484B1B8871
:1024C0001846FFF7C5FB4A4B1B680133484A1360A7
:1024D0000BE0414B02221A70FB699AB2404B1A8002
:1024E0003F4B1B881846FFF7B3FB444B1B78002B70
:1024F0000BD1434B1B78DBB2002B06D1BB7E83F0A4
:102500000103DBB2002B00F0CF80334B03221A70A3
:10251000374B00221A603A4B00221A70C4E00120A7
:10252000FFF782FB2D4B01221A70FB692C4A12889F
:102530009B1AFB600523BB60FB68002BB8BF5B42A6
:102540001A46BB68934219D2FB68002B08DDBB68B2
:102550009AB2234B1B8813449AB2214B1A8007E08E
:102560001F4B1A88BB689BB2D31A9AB21C4B1A80B5
:102570001B4B1B881846FFF76BFB0EE0FB68002B1C
:10258000B8BF5B42002B08DDFB699AB2144B1A807E
:10259000134B1B881846FFF75BFB184B1B78002B6F
:1025A0000AD1174B1B78DBB2002B05D1BB7E83F021
:1025B0000103DBB2002B79D0074B03221A700C4BBE
:1025C00000221A600E4B00221A706FE008000020F3
:1025D0000000C84228000020540700205C070020AB
:1025E0000C000020C8070020CE070020480800206B
:1025F000580700203CE200080000FA44C907002008
:10260000CF0700202C4B1B68B3F5FA6F35D22A4B4D
:102610001B681846FEF75EFB034628491846FEF77E
:1026200065FC03467B617869FFF7E0FC03461946C9
:102630004FF07E50FEF79CFA03463B61FB69323B4C
:102640001846FEF747FB034639691846FEF79AFB22
:1026500003461846FEF798FD03469BB232339AB202
:10266000174B1A80164B1B881846FFF7F1FA124BCE
:102670001B680133104A136019E00021114805F06E
:1026800081F8114B00221A700020FFF7CDFA0F4B92
:1026900000221A700A4B00221A8008E00020FFF77F
:1026A000C3FA04E000BF02E000BF00E000BF00BFCB
:1026B0002437BD4690BD00BF580700200000FA44F3
:1026C0000C00002048080020540700205C07002070
:1026D000F0B59FB006AF744B1B78002B20D0724B27
:1026E0001B78012B07D107F14C03704A11211846C2
:1026F00008F04AF874E06C4B1B78022B07D107F105
:102700004C036B4A1121184608F03EF868E0664B0E
:102710001B7807F14C00674A112108F035F85FE09B
:10272000654B1B6819461846FEF7F2FC0346002B62
:102730000FD0624B1B681846FDF776FE02460B462B
:1027400007F14C00CDE900235D4A112108F01CF887
:1027500046E05C4B1B78022B0ED0022B10DC002BCA
:1027600002D0012B04D00BE02D2387F85F300BE063
:102770005E2387F85F3007E02A2387F85F3003E0A5
:102780003F2387F85F3000BF4B4B1B681846FDF7AF
:102790004BFE04460D46494B1B681846FDF744FEA8
:1027A00002460B4697F85F1047480078002801D092
:1027B000482000E0202007F1240605900491CDE98F
:1027C0000223CDE90045414A1121304607F0DCFFE4
:1027D00007F1240307F14C003D4A112107F0D4FF13
:1027E0003C4B1B78002B30D1364B1B78002B07D18C
:1027F00007F13803384A1121184607F0C5FF3CE0BD
:10280000304B1B78012B0CD1344B5B691846FEF71B
:1028100095FC034607F13800314A112107F0B4FF57
:102820002BE0284B1B78022B07D107F138032D4AE8
:102830001121184607F0A8FF1FE007F138032A4AC4
:102840001121184607F0A0FF17E0284B1B68184617
:10285000FDF7EAFD02460B4625490988381D02911D
:10286000CDE90023234A202107F08EFF3B1D07F10D
:102870003800174A112107F087FF00210020FFF7D9
:102880002EF807F14C031846FFF785F800210120C8
:10289000FFF725F807F138031846FFF77CF800BF6B
:1028A0006437BD46F0BD00BFB307002050E200080A
:1028B00064E2000878E2000808000020040000201C
:1028C0008CE200085507002053070020A0E2000812
:1028D000B4E2000854070020C0E200081000002005
:1028E000CCE20008E0E20008F4E200082800002042
:1028F0000C00002008E3000890B599B00AAF02F080
:1029000029F800F02DFBFEF7BBFEFEF739FDFEF7C0
:1029100091FC01F02DFEFFF753F801F075FE01F078
:102920004BFF01F0A1FDFFF7B7F8FEF7F7FFFEF749
:10293000BFFFFEF74BFD01F031F8FFF713FA40221D
:102940008C498D4802F064F98C4804F0D7FD0020D2
:10295000FFF76AF98A4B1B781A460221894803F06F
:102960008CFB0020FFF74EF901228749874805F0CC
:1029700057FE874804F09CF8FEF704FE00F02AFD9D
:10298000844B1B78DBB2002B04D0FFF7D7FC814BC4
:1029900000221A7001F076FB0346002B12D001F0E2
:1029A00059FA01F0ADFAFEF75FFD0346002B01D0A6
:1029B00001F072F9FEF76CFD0346002BD9D001F04F
:1029C000FDF9D6E7FEF764FD0346002B02D001F0C7
:1029D0002FF8B5E2704B1B78DBB2002B07D06E4BA3
:1029E00000221A7040226349634802F011F96B4BD0
:1029F0001B78DBB2002B03D0FFF746FCFFF756FB3A
:102A0000674B1B78032B00F2578101A252F823F089
:102A1000212A00088F2A0008E52B00087B2C0008DB
:102A2000604B4FF000025A615F4B00221A705F4BFF
:102A30001B78002B05D15E4B1B78DBB2002B00F01E
:102A400034815C4B1B6819461846FEF761FB034650
:102A5000002B40F02A81524B01221A70564B012262
:102A60001A7001F0CFFF0346544A1360504B002206
:102A70001A70464B93F84130DBB2202B40F01581A1
:102A800064230C224E49414805F03FFD0DE1434BC4
:102A90001B78DBB2002B48D04A4B1968454B1A68AB
:102AA000494B404800F03CFD03463E4A53613D4BD4
:102AB0005B69012214464FF07E511846FEF71EFB5B
:102AC0000346002B01D100231C46E2B2364B1A709C
:102AD000384B1B6819461846FEF71AFB0346002BB5
:102AE00023D1344B1B68374A126811461846FEF74B
:102AF0003FF8034623F0004334491846FEF7E0FA56
:102B00000346002B11D0264B02221A702A4B0022BA
:102B10001A701E4B93F84130DBB2202B05D1642391
:102B20000C222B49194805F0F0FC2A4B1B78002B8E
:102B300004D1294B1B78DBB2002B11D0184B00229B
:102B40001A70254B00221A70104B93F84130DBB2FB
:102B5000202B05D164230C2220490C4805F0D5FC1C
:102B60001F4B1B78002B00F0A2800D4B03221A7024
:102B70009DE000BFD0060020DC050020D808002022
:102B80000E00002000080140A407002020090020BA
:102B9000C0060020520700205107002050070020E7
:102BA000550700201000002053070020CA0700200E
:102BB000CC07002008000020B8070020B407002040
:102BC00018E3000804000020CDCCCC3D0000A0405C
:102BD00028E30008CB070020CD07002038E30008D9
:102BE000B3070020994B1B78DBB2002B1BD0984B0E
:102BF0001968984B1A68984B984800F091FC034666
:102C0000964A5361954B5B69012214464FF07E5101
:102C10001846FEF773FA0346002B01D100231C4629
:102C2000E2B28F4B1A708F4B1B78002B04D18E4B66
:102C30001B78DBB2002B18D08C4B00221A70874B0C
:102C40004FF000025A61864B00221A70864B002218
:102C50001A70874B93F84130DBB2202B05D16423E7
:102C60000C228449824805F050FC834B1B78002BD2
:102C70001FD07E4B03221A701BE0784B4FF00002EE
:102C80005A61774B00221A707C4B1B78002B03D1C2
:102C9000744B1B78002B0ED0774B00221A70734BAD
:102CA00000221A70FEF704FE05E000BF04E000BF3A
:102CB00002E000BF00E000BF694B1B781846FEF73A
:102CC000A1FF624B1B78DBB2002B00F02E81604B22
:102CD0001B68604A126811461846FDF749FF034613
:102CE0003B63624B1B78002B06D05C4B5B6918463C
:102CF000FEF724FA034600E00023FB62604B1B88CA
:102D00001846FDF7E7FF03465E491846FEF7EEF862
:102D10000346BB624F4B1B681846FEF70FFA03468B
:102D20007B624C4B1C68786AFDF7D8FF0346194656
:102D30002046FDF71DFF034623F000431846FDF72C
:102D400073FB4FF00002504BFDF7C6FB02460B46EB
:102D500010461946FDF770FE03463B623C4B1B686C
:102D60001846FEF7EBF90346FB61394B1C68F8691E
:102D7000FDF7B4FF034619462046FDF7F9FE03466A
:102D800023F000431846FDF74FFB4FF000023E4B87
:102D9000FDF7A2FB02460B4610461946FDF74CFE16
:102DA0000346BB61B86AFEF7C9F903467B617869DF
:102DB000FDF794FF03461946B86AFDF7D9FE0346AE
:102DC00023F000431846FDF72FFB4FF000022E4B77
:102DD000FDF782FB02460B4610461946FDF72CFE16
:102DE00003463B61386BFEF7A9F90346FB60F868C0
:102DF000FDF774FF03461946386BFDF7B9FE03462D
:102E000023F000431846FDF70FFB4FF000021E4B66
:102E1000FDF762FB02460B4610461946FDF70CFE15
:102E20000346BB600B4B1B6819461846FEF770F94A
:102E30000346002B2CD1074B1B6814491846FEF79C
:102E400053F90346002B23D0012322E05007002032
:102E50000400002008000020CDCCCC3D1000002054
:102E600053070020CB070020CD0700205507002086
:102E70002009002038E30008B3070020C90700201C
:102E80000C000020A5CDD744000059400000C842E6
:102E90000023FB71FB7903F00103FB71002387F82A
:102EA0003730284B1B78002B05D097F8373043F08C
:102EB000010387F83730244B1B78002B05D097F897
:102EC000373043F0020387F83730FB79002B05D009
:102ED00097F8373043F0040387F8373001F092FD5C
:102EE00002461A4B1B78194697F837300993089118
:102EF000BB680793FB6806933B6905937B69049362
:102F0000FB6A0393BB690293FB6901933B6A0093DD
:102F10007B6A0F490F4807F06DFC38603B689AB236
:102F200032230C490C4805F0F0FA0C4B1B78DBB24D
:102F3000002B3FF41EAD094B00221A70FFF7C8FBAF
:102F400017E500BF530700205C070020B3070020EF
:102F500044E30008600700202009002050070020FB
:102F600080B594B000AF07F128032822002118464D
:102F700007F0A5FC07F1140300221A605A609A605A
:102F8000DA601A613B1D00221A605A609A60DA60AA
:102F90000923BB624FF48033FB6200233B630123B0
:102FA000BB6301233B6402237B644FF48033BB6427
:102FB0004FF4E013FB6407F12803184603F088FD83
:102FC0000346002B01D000F07FFB0F237B6102231F
:102FD000BB610023FB614FF480633B6200237B6293
:102FE00007F114030221184603F0F4FF0346002BF7
:102FF00001D000F069FB02237B604FF40043FB60CB
:103000003B1D184604F074F90346002B01D000F074
:103010005BFB00BF5037BD4680BD000080B590B05F
:1030200000AF78607B681B68AA4A934240F0C28177
:10303000A94B1B780A2B04D0A74B1B780D2B40F013
:10304000A181A64B1B781A46A54B00219954A34B8E
:103050001B78002B00F09281A14B1B7887F83F3042
:1030600097F83F30742B03D097F83F30542B25D17D
:103070009C4806F065F802460B4610461946FDF7D7
:1030800023FD0346BB624FF00001B86AFEF72CF83F
:103090000346002B00D171E19349B86AFEF71AF894
:1030A0000346002B00D169E1904ABB6A1360642398
:1030B00012228F498F4805F028FA5FE197F83F30D8
:1030C000682B03D097F83F30482B17D1844B5B789F
:1030D000312B09D1884B01221A7064230F228749B2
:1030E000844805F012FA49E1854B01221A706423E5
:1030F000102284497F4805F008FA3FE197F83F30F5
:10310000762B03D097F83F30562B37D1754806F011
:1031100017F802460B4610461946FDF7D5FC034644
:10312000FB627949F86AFDF7DFFF0346002B00D107
:1031300024E17649F86AFDF7CDFF0346002B00D164
:103140001CE1734AFB6A1360714B1B681846FDF75C
:103150006BF902460B4607F108006E4907F04AFB7F
:1031600007F108031846FCF7F3FF03469AB207F18C
:10317000080164235F4805F0C8F9FFE097F83F3085
:10318000732B03D097F83F30532B09D1624B0122A8
:103190001A70642310226149564805F0B6F9EDE033
:1031A00097F83F30722B03D097F83F30522B09D15C
:1031B0005B4B01221A70642311225A494D4805F0D5
:1031C000A4F9DBE097F83F30702B03D097F83F303D
:1031D000502B1DD1434805F0B3FF02460B46104665
:1031E0001946FDF771FC03463B634FF00001386B55
:1031F000FDF77AFF0346002B00D1BFE04A4A3B6B44
:1032000013606423102249493A4805F07EF9B5E07D
:1032100097F83F30692B03D097F83F30492B21D1E5
:10322000304805F08DFF02460B4610461946FDF763
:103230004BFC03467B634FF00001786BFDF754FFB6
:103240000346002B00D199E0374A7B6B5360364B25
:103250004FF000021A61642310223549254805F019
:1032600054F98BE097F83F30642B03D097F83F3048
:10327000442B1DD11B4805F063FF02460B46104648
:103280001946FDF721FC0346BB634FF00001B86B04
:10329000FDF72AFF0346002B00D16FE0224ABB6BEB
:1032A0009360642310222349124805F02EF965E04B
:1032B00097F83F30772B03D097F83F30572B3DD10D
:1032C000FEF7F4FC642312221B490A4805F01DF99D
:1032D00054E000BF00380140A4070020B2070020DE
:1032E000A8070020A90700200080894304000020CF
:1032F00074E3000820090020CC07002088E30008C0
:10330000CD07002098E30008CDCCCC3D00007041F3
:1033100028000020ACE30008CF070020C0E300082D
:10332000CE070020D4E3000810000020E8E30008E6
:10333000FCE3000810E4000824E4000897F83F309C
:10334000782B03D097F83F30582B0AD1FEF738FD81
:10335000FEF75AFD642317221849194805F0D5F8DD
:103360000CE097F83F303F2B02D1FEF74DFD05E012
:1033700064230E221349124805F0C7F8124B0022AD
:103380001A7012E0104B1B78082B0BD80E4B1B78D1
:103390005A1CD1B20C4A11701A460C4B19780C4BBE
:1033A000995402E0084B00221A7001220749044890
:1033B00005F036F900BF4037BD4680BD38E400084F
:1033C0002009002050E40008B2070020A4070020D4
:1033D000A807002080B582B000AF444B00221A70CD
:1033E000434B00221A70434B00221A70424B0022BA
:1033F0001A7001F007FB78601021404802F026FEA9
:103400000346002B0BD13E4B1B687A68D31AC82B9E
:1034100005D9364B01221A70394A7B6813604FF484
:103420008051384802F012FE0346002B0BD1364B78
:103430001B687A68D31AC82B05D92D4B01221A7044
:10344000314A7B6813604FF400612E4802F0FEFDA4
:103450000346002B0CBF01230023FB70FB78002BDD
:1034600036D02A4B1B78002B32D0294B1B687A6848
:10347000D31AB3F5967F27D9264B1B78002B03D0A0
:10348000244B1B78032B0ED11A4B01221A700021FA
:103490000120FEF724FA2048FEF77DFA4FF4FA7077
:1034A00001F0BAFA0DE0144B01221A70002101203C
:1034B000FEF715FA1948FEF76EFA4FF4FA7001F0AC
:1034C000ABFA134A7B681360104B00221A7008E0B5
:1034D000FB7883F00103DBB2002B02D00B4B0122FF
:1034E0001A7000BF0837BD4680BD00BFC807002066
:1034F000C9070020CA070020CB07002000080140B0
:10350000BC070020000C0140C00700202C00002058
:10351000C40700205507002060E4000874E4000898
:1035200090B58BB000AFF860B9607A603B607968A5
:10353000B868FDF71DFB0346FB61FB681B68194675
:10354000F869FDF71FFC0346BB61FB6923F00043EC
:1035500043491846FDF7B4FD0346002B0FD0FB6826
:103560001C693968F869FDF70DFC034619462046C9
:10357000FDF700FB03461A46FB681A6103E0FB688F
:103580004FF000021A61FB685A68FB681B69194614
:103590001046FDF7F7FB03467B623249786AFDF778
:1035A000ADFD0346002B0CD02E4B7B62FB685B68A5
:1035B00019462C48FDF79AFC03461A46FB681A6127
:1035C00012E02949786AFDF77BFD0346002B0BD0FA
:1035D000254B7B62FB685B6819462348FDF786FC38
:1035E00003461A46FB681A61FB68DB681946F869EE
:1035F000FDF7BEFA034639681846FDF777FC034627
:103600007B61FB689B6819467869FDF7BBFB034645
:103610003B61FB68FA69DA60796AB869FDF7AAFA72
:10362000034619463869FDF7A5FA03463B620D4982
:10363000386AFDF763FD0346002B01D0094B3B625E
:103640004FF00001386AFDF73BFD0346002B02D026
:103650004FF000033B623B6A18462C37BD4690BDD5
:10366000000070410000C8420000A0C180B483B0D7
:1036700000AF78607B681B680E4A934214D10E4BF2
:1036800001221A700D4B1B6801330C4A13600B4B5F
:103690001B68632B08D90A4B01221A70094B0122BF
:1036A0001A70064B00221A6000BF0C37BD4680BC62
:1036B000704700BF0004004052070020D0070020E0
:1036C000510700205007002080B400AF72B600BF41
:1036D00000BFFDE780B500AFFEF7EAF8002100204B
:1036E000FEF7FDF80A48FEF756F9FEF7DFFA4FF449
:1036F000FA7001F091F900210120FEF7F0F8054879
:10370000FEF749F94FF47A7001F086F900BF80BDE9
:10371000A8E50008B8E5000880B500AF084B002216
:103720001A60FEF7C5F800210020FEF7D8F805481A
:10373000FEF731F940F2DC5001F06EF900BF80BDB8
:10374000CC060020C8E5000880B500AF0A4B1B6816
:103750000A4A1360FEF758FBFEF7AAF80021002082
:10376000FEF7BDF80648FEF716F940F2DC5001F00E
:1037700053F900BF80BD00BF3400002028000020A6
:10378000DCE5000880B500AF124B1B681846FDF75A
:10379000A5FA0346104A1360104B1B68104A1360C9
:1037A000104B1B680E4A53600F4B1B680C4A93600A
:1037B000FEF72AFBFEF77CF800210020FEF78FF8C9
:1037C0000A48FEF7E8F840F2DC5001F025F900BFA6
:1037D00080BD00BF30000020040000203800002021
:1037E000100000203C00002040000020DCE5000824
:1037F00080B500AFFEF75CF800210020FEF76FF8FF
:103800000B48FEF7C8F8FEF7DBFAFEF7FDFA4FF4B7
:103810007A7001F001F900210120FEF760F80548F7
:10382000FEF7B9F84FF47A7001F0F6F800BF80BDEA
:10383000ECE5000800E60008B0B586B004AF374BF1
:103840005B68374A93422BD1364B1B681846FCF70E
:10385000EBFD04460D46344B1B681846FCF7E4FDAF
:1038600002460B46CDE90223CDE900452F4A10213F
:103870002F4806F089FF2A4B2D4A1A602D4B1B68F2
:103880001846FCF7D1FD02460B46CDE900232A4A33
:1038900010212A4806F078FF214B284A1A6238E0A6
:1038A0001E4B5B68264A934233D101F0ABF80346C6
:1038B000244AA2FB03239B097B6001F0A3F8034683
:1038C000214A1021214806F05FFF7B683B2B06D878
:1038D0007B681F4A10211D4806F056FF09E07B68EF
:1038E0001C4AA2FB03235B091B4A1021174806F060
:1038F0004BFF134B154A1A60184B1B68184A127875
:103900000092184A1021184806F03EFF0C4B164A48
:103910001A6200BF0837BD46B0BD00BFD407002003
:1039200048000020080000200400002014E60008E1
:10393000F40700202800002024E6000808080020E2
:1039400048020020D34D621030E600081C08002019
:103950003CE600088988888848E60008CC060020F4
:10396000B307002054E600083008002080B485B07A
:1039700000AF78600023FB7302E0FB7B0133FB7335
:10398000FB7B5B017A6813441B68002BF5D1FB7B42
:1039900018461437BD4680BC7047000080B500AFA4
:1039A000194B00221A70184B00225A60164B002245
:1039B0001A72154B00225A72134B0022DA60124B16
:1039C00000221A74104B00225A61FDF737FD03469E
:1039D0000E4A13600E4B1B681846FDF7AFFB0346FB
:1039E0000C4A13600C4B1B680C4A13600C4B1B6891
:1039F0000C4A13600A4B5B680B4A1360084B9B68C8
:103A00000A4A136000BF80BDD4070020F0070020E1
:103A10000400002030000020280000203400002096
:103A200010000020380000203C0000204000002052
:103A300080B500AF1C4B1B78002B33D11A4B0122F1
:103A40001A70194B194A5A60174B00221A721748FC
:103A5000FFF78CFF03461A46134B5A7200F0D2FF51
:103A60000346114AD360124B1B681846FDF766FBEC
:103A70000346104A1360104B1B68104A1360104B2A
:103A80001B68104A13600E4B5B680F4A13600C4BA7
:103A90009B680E4A1360FDF7DBFC0D4B00221A6099
:103AA000FDF706FF00BF80BDD4070020E80200201C
:103AB00004000020300000202800002034000020F6
:103AC00010000020380000203C00002040000020B2
:103AD000F007002080B500AF044B00221A70034BA2
:103AE00000225A60FDF7E4FE00BF80BDD40700202D
:103AF00090B58BB000AF786000F084FF0346644A55
:103B0000D360634B1B78012B1AD1614B1B7A1A4689
:103B10007B6813447B627B6A002B04DA5C4B5B7A24
:103B2000013B7B6207E05A4B5B7A1A467B6A934201
:103B300001DB00237B627B6ADAB2554B1A72A2E08A
:103B4000534B1B78022B40F09E80514B5A68504BD0
:103B50001B7A5B011344BB61BB691B79022B1FD12C
:103B6000BB699B68FB60FB681A68BB695B69796825
:103B700001FB03F313443B62BB69DB683A6A9A4278
:103B800002DABB69DB683B62BB691B693A6A9A422D
:103B900002DDBB691B693B62FB683A6A1A6072E02E
:103BA000BB691B79032B58D1BB699B683B613B699F
:103BB0001C68BB695B697A6802FB03F31846FDF772
:103BC0008DF8034633491846FDF7DCF803461946DD
:103BD0002046FCF7CFFF0346FB61BB69DB68184654
:103BE000FDF77CF803462B491846FDF7CBF8034652
:103BF0001946F869FDF764FA0346002B0BD0BB6940
:103C0000DB681846FDF76AF8034622491846FDF7B7
:103C1000B9F80346FB61BB691B691846FDF75EF8FE
:103C200003461C491846FDF7ADF803461946F869E6
:103C3000FDF764FA0346002B0BD0BB691B691846DD
:103C4000FDF74CF8034613491846FDF79BF8034669
:103C5000FB613B69FA691A6015E0BB691B79042BAB
:103C600011D1BB699B687B617B691B78002B14BFFA
:103C700001230023DBB283F00103DBB203F0010375
:103C8000DAB27B691A7000BF2C37BD4690BD00BF09
:103C9000D4070020CDCCCC3D80B582B000AF00F081
:103CA000B1FE0346434AD360424B1B78002B7BD0C6
:103CB000404B1B78012B68D13E4B5A683D4B1B7A19
:103CC0005B0113447B607B681B79052B6FD801A2D5
:103CD00052F823F0ED3C00081D3D00082D3D000882
:103CE0002D3D00082D3D00084D3D00087B689B6878
:103CF000304A53602F4B00221A727B689B6818462B
:103D0000FFF734FE03461A462A4B5A72FDF7A0FB12
:103D1000294B00221A60FDF7CBFD48E07B689B68C9
:103D2000002B43D07B689B6898473FE0214B0222E1
:103D30001A707B689B681B681E4A9361FDF788FBBD
:103D40001D4B00221A60FDF7B3FD30E07B68DB6994
:103D5000002B10D07B68DB69164A5360154B00229C
:103D60001A727B68DB691846FFF700FE03461A46A5
:103D7000104B5A7201E0FFF7ADFEFDF769FB0E4BE9
:103D800000221A60FDF794FD11E00A4B1B78022B0C
:103D90000DD1084B01221A70FDF75AFB064B002289
:103DA0001A60FDF785FD02E000BF00E000BF0837A4
:103DB000BD4680BDD4070020F007002080B582B04A
:103DC00000AF224B1B78022B16D1204B5A681F4B99
:103DD0001B7A5B0113443B603B689B681B4A9269FA
:103DE0001A601A4B01221A70FDF732FB184B0022A1
:103DF0001A60FDF75DFD24E0144B1B78012B20D1E8
:103E0000124B5B687B607B68DB69002B10D07B68A2
:103E1000DB690E4A53600D4B00221A727B68DB6926
:103E20001846FFF7A3FD03461A46084B5A7201E0F5
:103E3000FFF750FEFDF70CFB054B00221A60FDF763
:103E400037FD00BF0837BD4680BD00BFD407002046
:103E5000F007002080B582B000AF274B1B78002B05
:103E600001D0FFF7E9FC244B1B78002B3FD000F07A
:103E7000C9FD0246204BDB68D31A47F23052934209
:103E800002D9FFF727FE33E01B4B1B78022B1CD116
:103E900000F0B8FD0246184B5B69D31AB3F5FA7F00
:103EA00013D9154B1B7C002B14BF01230023DBB25D
:103EB00083F00103DBB203F00103DAB20E4B1A7494
:103EC00000F0A0FD03460C4A5361FDF7B7FA786095
:103ED0000A4B1B687A68D31A3B603B68002B07D0FB
:103EE0003868FFF705FE054A7B68136000E000BFF5
:103EF0000837BD4680BD00BFD4070020F007002072
:103F000080B598B004AF554B1B78002B00F0A18012
:103F1000524B5A68514B1B7A5B011344FB644F4B65
:103F20001B78012B35D100210020FDF7D8FCFB6C5C
:103F30001B6807F128004A4A112106F025FC07F109
:103F400028031846FDF727FD00210120FDF7C7FCD7
:103F5000424B1B7A0133414A527A934215DA3F4B66
:103F60005A683E4B1B7A01335B011344FB63FB6BC6
:103F70001B6807F114003B4A112106F005FC07F10C
:103F800014031846FDF707FD64E03748FDF703FD0D
:103F900060E0324B1B78022B5CD100210020FDF742
:103FA0009EFCFB6C1B681846FDF7F5FC2F48FDF7DF
:103FB000F2FC00210120FDF792FCFB6C1B79022B27
:103FC0000DD1FB6C9B681B683B64FB6C9B6938469E
:103FD00000933B6C264A112106F0D6FB2CE0FB6CCB
:103FE0001B79032B13D1FB6C9B681B687B64786C7B
:103FF000FCF71AFA02460B46F96C896938460291B9
:10400000CDE900231B4A112106F0BEFB14E0FB6C36
:104010001B79042B10D1FB6C9B681B7887F84B3005
:1040200097F84B30002B01D0134B00E0134B384670
:10403000134A112106F0A8FB084B1B7C002B04D06F
:104040003B461846FDF7A7FC04E00748FDF7A3FC34
:1040500000E000BF5037BD4680BD00BFD407002040
:1040600060E6000868E6000870E6000884E60008DC
:1040700088E6000894E60008A0E60008A4E6000828
:10408000A8E6000880B400AF054B1B78002B14BFD6
:1040900001230023DBB21846BD4680BC704700BF39
:1040A000D407002080B485B000AF154B9B69144A3B
:1040B00043F001039361124B9B6903F00103BB6062
:1040C000BB680F4BDB690E4A43F08053D3610C4B46
:1040D000DB6903F080537B607B680A4B5B68FB60A5
:1040E000FB6823F0E063FB60FB6843F08063FB60E8
:1040F000044AFB68536000BF1437BD4680BC70475C
:10410000001002400000014080B400AF00BFFDE796
:1041100080B400AF00BFFDE780B400AF00BFFDE793
:1041200080B400AF00BFFDE780B400AF00BFFDE783
:1041300080B400AF00BFBD4680BC704780B400AF04
:1041400000BFBD4680BC704780B400AF00BFBD4615
:1041500080BC704780B500AF00F042FC00BF80BD5E
:1041600080B500AF024801F0B9FA00BF80BD00BFC2
:104170000C06002080B500AF024801F0AFFA00BF86
:1041800080BD00BF6809002080B582B000AF244B1D
:1041900001221A70234B1B780133DAB2214B1A70BB
:1041A000204B1B78632B05D91E4B00221A701E4B27
:1041B00001221A7000F026FC02461C4B1B68D31A21
:1041C0007B607B68132B04D900F01CFC0346174A64
:1041D0001360174B1B78002B16D0164B5B691649E2
:1041E0001846FCF7CFFD03461846FCF7CDFF024604
:1041F0007B68934234BF01230023DBB21A4620219F
:104200000E4801F03AFF04E0002220210B4801F0A3
:1042100034FF0B4803F01AFB00BF0837BD4680BDD2
:10422000520700204108002051070020A00700206D
:104230005307002010000020CDCC4C3E000C014064
:10424000D808002080B500AF024804F00FFA00BF84
:1042500080BD00BF2009002080B500AF124B5B6914
:1042600003F48043002B05D0FDF726F90E4B4FF4E5
:1042700080425A610C4B5B6903F40053002B05D05C
:10428000FDF772F9084B4FF400525A614FF4006089
:1042900001F00CFF4FF4005001F008FF4FF4804094
:1042A00001F004FF00BF80BD0004014080B483B072
:1042B00000AF78607B681B68054A934202D1054BCA
:1042C00001221A7000BF0C37BD4680BC704700BF8A
:1042D000002401405007002080B400AF012318469D
:1042E000BD4680BC704780B582B000AF7860396051
:1042F00006F04AFB034616221A604FF0FF331846B9
:104300000837BD4680BD80B582B000AF78604FF001
:10431000FF317868FFF7E7FF00BFFDE780B586B0A3
:1043200000AFF860B9607A6000237B610AE0AFF308
:1043300000800146BB685A1CBA60CAB21A707B6919
:1043400001337B617A697B689A42F0DB7B681846AF
:104350001837BD4680BD80B586B000AFF860B96043
:104360007A6000237B6109E0BB685A1CBA601B7845
:104370001846AFF300807B6901337B617A697B6803
:104380009A42F1DB7B6818461837BD4680BD80B481
:1043900083B000AF78604FF0FF3318460C37BD464E
:1043A00080BC704780B483B000AF786039603B68F0
:1043B0004FF400525A60002318460C37BD4680BCAB
:1043C000704780B483B000AF7860012318460C3783
:1043D000BD4680BC704780B485B000AFF860B9605E
:1043E0007A60002318461437BD4680BC7047000031
:1043F00080B586B000AF7860144A154BD31A7B6144
:104400007B693B61134B1B68002B02D1114B124A95
:104410001A60104B1A687B6813443A699A4207D2B3
:1044200006F0B2FA03460C221A604FF0FF3309E09F
:10443000084B1B68FB60074B1A687B681344054AEE
:104440001360FB6818461837BD4680BD0050002039
:104450000004000044080020200B002080B400AFBE
:1044600000BFBD4680BC704780B592B000AF07F179
:10447000400300221A605A6007F1240300221A60E8
:104480005A609A60DA601A615A619A613B1D202273
:104490000021184606F013FA334B344A1A60324BA7
:1044A00047225A60304B00229A602F4B4FF6FF7222
:1044B000DA602D4B00221A612B4B00225A612A4BE5
:1044C00000229A61284803F06BF80346002B01D0C4
:1044D000FFF7FAF800233B6400237B6407F14003F5
:1044E0001946214803F000FF0346002B01D0FFF7D7
:1044F000EBF860237B620023BB620023FB62002396
:104500003B6300237B630023BB630023FB6307F152
:10451000240300221946144803F088FA0346002BAE
:1045200001D0FFF7D1F800237B600023BB6000239C
:10453000FB6000233B6100237B614FF40053BB61B0
:1045400000233B623B1D1946074803F02BFF03463F
:10455000002B01D0FFF7B8F8034800F0F9F800BFCE
:104560004837BD4680BD00BF48080020002C0140F0
:1045700080B586B000AF07F1080300221A605A60C8
:104580009A60DA603B4600221A605A601D4B4FF079
:1045900080421A601B4B47225A601A4B00229A60D5
:1045A000184B40F2CF72DA60164B00221A61154B9D
:1045B00080229A61134802F051FF0346002B01D07C
:1045C000FFF782F84FF48053BB6007F108031946E8
:1045D0000C4803F0EDFA0346002B01D0FFF774F806
:1045E00000233B6000237B603B461946054803F0EF
:1045F0007BFE0346002B01D0FFF766F800BF18379B
:10460000BD4680BD9008002080B586B000AF07F1A0
:10461000080300221A605A609A60DA603B46002262
:104620001A605A601D4B1E4A1A601C4B41F61F420D
:104630005A601A4B00229A60184B0922DA60174B15
:1046400000221A61154B80229A61144802F006FF7D
:104650000346002B01D0FFF737F84FF48053BB60BF
:1046600007F1080319460D4803F0A2FA0346002B90
:1046700001D0FFF729F800233B6000237B603B4615
:104680001946064803F030FE0346002B01D0FFF721
:104690001BF800BF1837BD4680BD00BFD8080020FA
:1046A0000004004080B485B000AF78607B681B6870
:1046B000094A93420BD1094B9B69084A43F40063B2
:1046C0009361064B9B6903F40063FB60FB6800BFCA
:1046D0001437BD4680BC7047002C014000100240DA
:1046E00080B584B000AF78607B681B68B3F1804F01
:1046F0000CD1154BDB69144A43F00103D361124B13
:10470000DB6903F00103FB60FB6818E07B681B6852
:104710000E4A934213D10C4BDB690B4A43F0020360
:10472000D361094BDB6903F00203BB60BB68002265
:1047300000211D2000F02DFE1D2000F046FE00BFD0
:104740001037BD4680BD00BF00100240000400408D
:1047500080B588B000AF786007F1100300221A60BE
:104760005A609A60DA607B681B68104A934218D1DD
:104770000F4B9B690E4A43F0040393610C4B9B69FA
:1047800003F00403FB60FB684FF480733B6102237A
:104790007B610223FB6107F110031946054801F014
:1047A000D1FA00BF2037BD4680BD00BF002C0140BC
:1047B000001002400008014080B500AF114B124AC2
:1047C0001A60104B4FF4E1325A600E4B00229A608F
:1047D0000C4B0022DA600B4B00221A61094B0C22B1
:1047E0005A61084B00229A61064B0022DA610548A3
:1047F00003F03BFE0346002B01D0FEF765FF00BF30
:1048000080BD00BF200900200038014080B588B07D
:1048100000AF786007F1100300221A605A609A60B6
:10482000DA607B681B68334A93425FD1324B9B69E5
:10483000314A43F4804393612F4B9B6903F48043D7
:10484000FB60FB682C4B9B692B4A43F0040393618C
:10485000294B9B6903F00403BB60BB684FF40073F2
:104860003B6102237B610323FB6107F110031946BF
:10487000224801F067FA4FF480633B6100237B61BB
:104880000023BB6107F1100319461C4801F05AFAD6
:104890001B4B1C4A1A601A4B10225A60184B0022FC
:1048A0009A60174B8022DA60154B00221A61144B74
:1048B00000225A61124B00229A61114B0022DA61E8
:1048C0000F4800F09DFD0346002B01D0FEF7FCFED3
:1048D0007B680B4A9A630A4A7B6853620022002174
:1048E000252000F056FD252000F06FFD00BF203789
:1048F000BD4680BD00380140001002400008014064
:104900006809002044000240FFF7A8FD0B480C494D
:104910000C4A002302E0D458C4500433C4188C421B
:10492000F9D3094A094C002301E013600432A24282
:10493000FBD306F02FF8FDF7DFFF704700000020E3
:10494000BC050020E4EE0008C00500201C0B002080
:10495000FEE7000080B500AF084B1B68074A43F034
:1049600010031360032000F009FD0F2000F008F889
:10497000FFF798FB0023184680BD00BF00200240CF
:1049800080B582B000AF7860124B1A68124B1B786A
:1049900019464FF47A73B3FBF1F3B2FBF3F3184605
:1049A00000F021FD0346002B01D001230EE07B68BF
:1049B0000F2B0AD8002279684FF0FF3000F0E9FC95
:1049C000064A7B681360002300E00123184608377D
:1049D000BD4680BDE8030020F0030020EC0300206A
:1049E00080B400AF054B1B781A46054B1B68134477
:1049F000034A136000BFBD4680BC7047F00300202F
:104A0000AC09002080B400AF024B1B681846BD46BD
:104A100080BC7047AC09002080B584B000AF7860DE
:104A2000FFF7F0FFB8607B68FB60FB68B3F1FF3F06
:104A300005D00A4B1B781A46FB681344FB6000BF85
:104A4000FFF7E0FF0246BB68D31AFA689A42F7D82C
:104A500000BF00BF1037BD4680BD00BFF00300207F
:104A600080B586B000AF78600023FB7500233B6102
:104A70000023BB600023FB607B68002B01D1012376
:104A8000BEE07B689B68002B7B689B6A002B09D18A
:104A90007B680022DA627B68002283F82420786831
:104AA000FCF706FC786800F0F5FA0346FB757B68B6
:104AB0009B6A03F01003002B40F09980FB7D002BD4
:104AC00040F095807B689B6A23F4885323F00203AF
:104AD00043F002027B689A627B685A687B68DB69F4
:104AE0001A437B681B7B5B001343BA681343BB60AC
:104AF0007B689B68B3F5807F03D07B689B68012B44
:104B000002D14FF4807300E000233A6913433B6104
:104B10007B681B7D012B19D17B681B7B002B09D186
:104B20007B689B69013B5A033B69134343F4006371
:104B30003B610BE07B689B6A43F020027B689A62D2
:104B40007B68DB6A43F001027B68DA627B681B6882
:104B50005B6823F469417B681B683A690A435A60C1
:104B60007B681B689A68284B13407A681268B9689A
:104B70000B4393607B689B68B3F5807F03D07B68B1
:104B80009B68012B04D17B681B69013B1B05FB6003
:104B90007B681B68DB6A23F470017B681B68FA681A
:104BA0000A43DA627B681B689A68184B1340BA683C
:104BB0009A420BD17B680022DA627B689B6A23F001
:104BC000030343F001027B689A6218E07B689B6AEA
:104BD00023F0120343F010027B689A627B68DB6A61
:104BE00043F001027B68DA620123FB7507E07B6812
:104BF0009B6A43F010027B689A620123FB75FB7D80
:104C000018461837BD4680BDFDF7E1FFFE0E1FFFB9
:104C100080B586B000AFF860B9607A600023FB759C
:104C2000FB681B68644A934204D0FB681B68634AB4
:104C3000934206D1604B5B6803F47023002B40F075
:104C4000B380FB6893F82430012B01D10223AEE03E
:104C5000FB68012283F82420F86800F0C1F90346BC
:104C6000FB75FB7D002B40F09A80FB689B6A23F468
:104C7000706323F0010343F48072FB689A62FB685F
:104C80001B684E4A934205D14B4B5B6803F470237B
:104C9000002B15D1FB689B6A23F48012FB689A6293
:104CA000FB681B685B6803F48063002B26D0FB68FD
:104CB0009B6A23F4405343F48052FB689A621DE0E0
:104CC000FB689B6A43F48012FB689A62FB681B686E
:104CD000394A934204D0FB681B68384A93420DD18D
:104CE000354B5B6803F48063002B07D0FB689B6A3D
:104CF00023F4405343F48052FB689A62FB689B6A3A
:104D000003F48053002B06D0FB68DB6A23F0060215
:104D1000FB68DA6202E0FB680022DA62FB680022CC
:104D200083F82420FB681B6A254A9A62FB681B6A89
:104D3000244ADA62FB681B6A234A1A63FB681B6811
:104D40006FF002021A60FB681B689A68FB681B68B8
:104D500042F480729A60FB68186AFB681B684C33E7
:104D60001946BA687B6800F0A5FBFB681B689B6866
:104D700003F46023B3F5602F08D1FB681B689A68C1
:104D8000FB681B6842F4A0029A600FE0FB681B6896
:104D90009A68FB681B6842F480129A6006E0FB6820
:104DA000002283F8242001E00123FB75FB7D1846D7
:104DB0001837BD4680BD00BF0024014000280140D7
:104DC0001751000893510008AF51000880B483B018
:104DD00000AF786000BF0C37BD4680BC704780B420
:104DE00083B000AF786000BF0C37BD4680BC704711
:104DF00080B485B000AF786039600023FB73002376
:104E0000BB607B6893F82430012B01D10223DCE0E6
:104E10007B68012283F824203B685B68062B1CD842
:104E20007B681B68596B3B685A6813469B001344A8
:104E3000053B1F2202FA03F3DB4319403B68186865
:104E40003B685A6813469B001344053B00FA03F283
:104E50007B681B680A435A633CE03B685B680C2B29
:104E60001CD87B681B68196B3B685A6813469B000B
:104E70001344233B1F2202FA03F3DB4319403B6830
:104E800018683B685A6813469B001344233B00FA9A
:104E900003F27B681B680A431A631BE07B681B688C
:104EA000D96A3B685A6813469B001344413B1F2252
:104EB00002FA03F3DB4319403B6818683B685A6801
:104EC00013469B001344413B00FA03F27B681B68C6
:104ED0000A43DA623B681B68092B1CD97B681B6894
:104EE000D9683B681A6813465B0013441E3B0722CF
:104EF00002FA03F3DB4319403B6898683B681A6881
:104F000013465B0013441E3B00FA03F27B681B68E8
:104F10000A43DA6019E07B681B6819693B681A6804
:104F200013465B001344072202FA03F3DB431940E4
:104F30003B6898683B681A6813465B00134400FAA4
:104F400003F27B681B680A431A613B681B68102BDD
:104F500003D03B681B68112B32D17B681B681D4A4C
:104F6000934225D17B681B689B6803F40003002BE8
:104F700026D17B681B689A687B681B6842F4000234
:104F80009A603B681B68102B1AD1134B1B68134A9D
:104F9000A2FB03239A0C13469B0013445B00BB60E7
:104FA00002E0BB68013BBB60BB68002BF9D107E0A6
:104FB0007B689B6A43F020027B689A620123FB7343
:104FC0007B68002283F82420FB7B18461437BD46FB
:104FD00080BC704700240140E803002083DE1B43AF
:104FE00080B584B000AF78600023FB600023BB6015
:104FF0007B681B689B6803F00103012B40D07B6832
:105000001B689A687B681B6842F001029A601F4B1C
:105010001B681F4AA2FB03239B0CBB6002E0BB681A
:10502000013BBB60BB68002BF9D1FFF7EBFCF860DC
:105030001FE0FFF7E7FC0246FB68D31A022B18D9E2
:105040007B681B689B6803F00103012B11D07B6810
:105050009B6A43F010027B689A627B68DB6A43F0CC
:1050600001027B68DA627B68002283F82420012336
:1050700007E07B681B689B6803F00103012BD8D114
:10508000002318461037BD4680BD00BFE80300204E
:1050900083DE1B4380B584B000AF78600023FB60E3
:1050A0007B681B689B6803F00103012B2ED17B6892
:1050B0001B689A687B681B6822F001029A60FFF700
:1050C000A1FCF8601BE0FFF79DFC0246FB68D31AC9
:1050D000022B14D97B681B689B6803F00103012B2A
:1050E0000DD17B689B6A43F010027B689A627B68F3
:1050F000DB6A43F001027B68DA62012307E07B6828
:105100001B689B6803F00103012BDCD000231846C9
:105110001037BD4680BD80B584B000AF78607B6835
:105120005B6AFB60FB689B6A03F05003002B27D18E
:10513000FB689B6A43F40072FB689A62FB681B6819
:105140009B6803F46023B3F5602F15D1FB681B7BCC
:10515000002B11D1FB689B6A23F48072FB689A6272
:10516000FB689B6A03F48053002B05D1FB689B6AA4
:1051700043F00102FB689A62F868FFF797F804E0D1
:10518000FB681B6A1B6B7868984700BF1037BD46E9
:1051900080BD80B584B000AF78607B685B6AFB60DF
:1051A000F868FFF713FE00BF1037BD4680BD80B51D
:1051B00084B000AF78607B685B6AFB60FB689B6AC9
:1051C00043F04002FB689A62FB68DB6A43F004022A
:1051D000FB68DA62F868FFF702FE00BF1037BD46D1
:1051E00080BD000080B485B000AF78607B6803F0BC
:1051F0000703FB600C4BDB68BB60BA684FF6FF032C
:105200001340BB60FB681A02BB68134343F0BF63E3
:1052100043F40033BB60044ABB68D36000BF14375B
:10522000BD4680BC704700BF00ED00E080B400AF19
:10523000044BDB681B0A03F007031846BD4680BC1D
:10524000704700BF00ED00E080B483B000AF0346BC
:10525000FB7197F90730002B0BDBFB7903F01F0282
:10526000064997F907305B09012000FA02F241F87C
:10527000232000BF0C37BD4680BC704700E100E032
:1052800080B483B000AF03463960FB7197F90730F3
:10529000002B0ADB3B68DAB20C4997F907301201A0
:1052A000D2B20B4483F800230AE03B68DAB2084923
:1052B000FB7903F00F03043B1201D2B20B441A76C0
:1052C00000BF0C37BD4680BC704700BF00E100E066
:1052D00000ED00E080B489B000AFF860B9607A609A
:1052E000FB6803F00703FB61FB69C3F10703042BB1
:1052F00028BF0423BB61FB690433062B02D9FB6979
:10530000033B00E000237B614FF0FF32BB6902FAF0
:1053100003F3DA43BB681A407B699A404FF0FF31D0
:105320007B6901FA03F3D9437B680B4013431846AA
:105330002437BD4680BC704780B582B000AF78602E
:105340007B68013BB3F1807F01D301230FE00A4A60
:105350007B68013B53600F214FF0FF30FFF790FF58
:10536000054B00229A60044B07221A60002318465E
:105370000837BD4680BD00BF10E000E080B582B0B8
:1053800000AF78607868FFF72DFF00BF0837BD4693
:1053900080BD80B586B000AF0346B9607A60FB730C
:1053A00000237B61FFF742FF78617A68B96878690A
:1053B000FFF790FF024697F90F3011461846FFF7A6
:1053C0005FFF00BF1837BD4680BD80B582B000AF1B
:1053D0000346FB7197F907301846FFF735FF00BF0A
:1053E0000837BD4680BD80B582B000AF7860786870
:1053F000FFF7A2FF034618460837BD4680BD0000F0
:1054000080B485B000AF78600023FB607B68002B20
:1054100001D1012343E07B681B681A46224B1344E9
:10542000224AA2FB03231B099A007B681A647B684B
:105430001F4ADA637B68022283F821207B681B689D
:105440001B68FB60FB6823F47F5323F03003FB6091
:105450007B685A687B689B681A437B68DB681A43E1
:105460007B681B691A437B685B691A437B689B698D
:105470001A437B68DB691343FA681343FB607B685C
:105480001B68FA681A607B6800229A637B680122B5
:1054900083F821207B68002283F82020002318460F
:1054A0001437BD4680BC7047F8FFFDBFCDCCCCCCD7
:1054B0000000024080B586B000AFF860B9607A6045
:1054C0003B600023FB75FB6893F82030012B01D172
:1054D00002234BE0FB68012283F82020FB6893F84D
:1054E0002130DBB2012B3AD1FB68022283F8212064
:1054F000FB6800229A63FB681B681A68FB681B68DC
:1055000022F001021A603B687A68B968F86800F016
:10551000EBF9FB68DB6A002B08D0FB681B681A6894
:10552000FB681B6842F00E021A600FE0FB681B6804
:105530001A68FB681B6822F004021A60FB681B688B
:105540001A68FB681B6842F00A021A60FB681B6855
:105550001A68FB681B6842F001021A6005E0FB68EC
:10556000002283F820200223FB75FB7D18461837A4
:10557000BD4680BD80B485B000AF78600023FB736A
:105580007B6893F82130DBB2022B08D07B680422C1
:105590009A637B68002283F82020012320E07B6847
:1055A0001B681A687B681B6822F00E021A607B6811
:1055B0001B681A687B681B6822F001021A607B680E
:1055C0001A6C7B68DB6B012101FA02F25A607B687E
:1055D000012283F821207B68002283F82020FB7BB6
:1055E00018461437BD4680BC7047000080B584B0B3
:1055F00000AF78600023FB737B6893F82130DBB247
:10560000022B05D07B6804229A630123FB7351E0CF
:105610007B681B681A687B681B6822F00E021A60A0
:105620007B681B681A687B681B6822F001021A609D
:105630007B681B68224A934229D07B681B68214AF9
:10564000934222D07B681B681F4A93421AD07B6822
:105650001B681E4A934212D07B681B681C4A934207
:105660000AD07B681B681B4A934202D14FF4801317
:105670000EE04FF080730BE04FF4803308E04FF4FE
:10568000805305E04FF4807302E0102300E0012313
:10569000114A53607B68012283F821207B68002235
:1056A00083F820207B685B6B002B03D07B685B6BEF
:1056B00078689847FB7B18461037BD4680BD00BF11
:1056C000080002401C00024030000240440002403A
:1056D000580002406C0002400000024080B584B0D7
:1056E00000AF78607B68DB6B1B68FB607B681B68C6
:1056F0001B68BB607B681B6C04229A40FB681340EC
:10570000002B4FD0BB6803F00403002B4AD07B680A
:105710001B681B6803F02003002B07D17B681B6804
:105720001A687B681B6822F004021A607B681B6899
:10573000664A934229D07B681B68654A934222D00F
:105740007B681B68634A93421AD07B681B68624A75
:10575000934212D07B681B68604A93420AD07B68F0
:105760001B685F4A934202D14FF480030EE04FF072
:1057700080630BE04FF4802308E04FF4804305E0A2
:105780004FF4806302E0402300E00423554A536055
:105790007B68DB6A002B00F094807B68DB6A7868AA
:1057A00098478EE07B681B6C02229A40FB6813408E
:1057B000002B56D0BB6803F00203002B51D07B684E
:1057C0001B681B6803F02003002B0BD17B681B6850
:1057D0001A687B681B6822F00A021A607B68012243
:1057E00083F821207B681B68384A934229D07B6864
:1057F0001B68374A934222D07B681B68354A934224
:105800001AD07B681B68344A934212D07B681B68AD
:10581000324A93420AD07B681B68314A934202D1D4
:105820004FF400130EE04FF000730BE04FF4003321
:1058300008E04FF4005305E04FF4007302E020232A
:1058400000E00223274A53607B68002283F820206F
:105850007B689B6A002B34D07B689B6A786898478A
:105860002FE07B681B6C08229A40FB681340002BDA
:1058700028D0BB6803F00803002B23D07B681B688B
:105880001A687B681B6822F00E021A607B681A6C2B
:105890007B68DB6B012101FA02F25A607B6801220E
:1058A0009A637B68012283F821207B68002283F8B9
:1058B00020207B681B6B002B04D07B681B6B7868F7
:1058C000984700BF00BF1037BD4680BD08000240AA
:1058D0001C000240300002404400024058000240D8
:1058E0006C0002400000024080B485B000AFF86058
:1058F000B9607A603B60FB681A6CFB68DB6B012166
:1059000001FA02F25A60FB681B683A685A60FB6849
:105910005B68102B08D1FB681B687A689A60FB688B
:105920001B68BA68DA6007E0FB681B68BA689A60AF
:10593000FB681B687A68DA6000BF1437BD4680BC1C
:1059400070470000F0B587B000AFF860B960C7E9F4
:1059500000230123FB750023BB7500237B752F4BB0
:105960001B7E012B01D1022354E02C4B01221A761D
:105970004CF2503000F0A8F80346FB75FB7D002B7D
:1059800044D1FB68012B02D101237B7507E0FB6842
:10599000022B02D102237B7501E004237B750023D7
:1059A000BB752DE0BB7D5A00BB6802EB030CBB7DD1
:1059B0001901D7E90023C1F12006A1F1200022FA44
:1059C00001F403FA06F6344323FA00F0044323FA01
:1059D00001F5A3B21946604600F05AF84CF2503077
:1059E00000F072F80346FB750D4B1B690C4A23F05F
:1059F00001031361FB7D002B07D1BB7D0133BB7518
:105A0000BA7D7B7D9A42CDD300E000BF034B0022DC
:105A10001A76FB7D18461C37BD46F0BDB009002044
:105A20000020024080B483B000AF0023FB710D4B17
:105A30001B6903F08003002B0DD00A4B0A4A5A6001
:105A4000084B0A4A5A60074B1B6903F08003002B7E
:105A500001D00123FB71FB7918460C37BD4680BC91
:105A6000704700BF0020024023016745AB89EFCD9E
:105A700080B400AF054B1B69044A43F080031361F7
:105A800000231846BD4680BC704700BF002002407E
:105A900080B483B000AF78600B467B80084B002257
:105AA000DA61084B1B69074A43F0010313617B6805
:105AB0007A881A8000BF0C37BD4680BC704700BF93
:105AC000B00900200020024080B584B000AF7860AB
:105AD000FEF798FFF86010E07B68B3F1FF3F0CD051
:105AE0007B68002B07D0FEF78DFF0246FB68D31AB8
:105AF0007A689A4201D2032325E0154BDB6803F054
:105B00000103002BE8D1124BDB6803F02003002BCC
:105B100002D00F4B2022DA600D4BDB6803F010033C
:105B2000002B0BD10A4BDB6903F00103002B05D1DD
:105B3000074BDB6803F00403002B03D000F00AF8E6
:105B4000012300E0002318461037BD4680BD00BF8A
:105B50000020024080B483B000AF00237B60234B61
:105B6000DB6803F01003002B09D0214BDB6943F005
:105B700002031F4AD3617B6843F010037B601B4B19
:105B8000DB6803F00403002B09D0194BDB6943F0F9
:105B90000103174AD3617B6843F004037B60134B16
:105BA000DB6903F00103002B0BD0114BDB6943F0E1
:105BB00004030F4AD3610D4BDB690C4A23F0010348
:105BC000D3617B6840F20112934206D1074BDB6937
:105BD000064A23F00103D36102E0044A7B68D360E4
:105BE00000BF0C37BD4680BC704700BF002002409C
:105BF000B009002080B584B000AF7860396001231F
:105C0000FB730023BB602F4B1B7E012B01D10223B2
:105C100053E02C4B01221A767B681B68022B16D1AD
:105C20004CF25030FFF750FF0346002B41D10120CA
:105C300000F04CF84CF25030FFF746FF0346FB7380
:105C4000214B1B69204A23F00403136131E04CF21D
:105C50005030FFF739FF0346002B2AD13B684FF045
:105C6000FF321A607B689B68BB6019E0B86800F07F
:105C700049F84CF25030FFF727FF0346FB73124BF5
:105C80001B69114A23F002031361FB7B002B03D035
:105C90003B68BA681A600CE0BB6803F58063BB60C0
:105CA0007B68DB689A027B689B681344BA689A42F7
:105CB000DCD3044B00221A76FB7B18461037BD4616
:105CC00080BD00BFB00900200020024080B483B036
:105CD00000AF7860094B0022DA61094B1B69084A62
:105CE00043F004031361064B1B69054A43F040036C
:105CF000136100BF0C37BD4680BC7047B00900205F
:105D00000020024080B483B000AF78600B4B0022CB
:105D1000DA610B4B1B690A4A43F002031361084A1C
:105D20007B685361064B1B69054A43F040031361CE
:105D300000BF0C37BD4680BC704700BFB0090020D3
:105D40000020024080B48BB000AF7860396000233F
:105D50007B6200233B6269E101227B6A02FA03F362
:105D6000FB613B681B68FA691340BB61BA69FB6958
:105D70009A4240F058813B685B689A4A93425ED0F1
:105D8000984A934275D8984A934258D0964A93427B
:105D90006FD8964A934252D0944A934269D8944A13
:105DA00093424CD0924A934263D8924A934246D04F
:105DB000904A93425DD8122B2AD8122B59D801A2AF
:105DC00052F823F03F5E0008195E00082B5E0008C1
:105DD0006D5E0008735E0008735E0008735E000865
:105DE000735E0008735E0008735E0008735E00084F
:105DF000735E0008735E0008735E0008735E00083F
:105E0000735E0008735E0008215E0008355E0008BE
:105E1000794A934213D02CE03B68DB683B6229E06F
:105E20003B68DB6804333B6224E03B68DB68083393
:105E30003B621FE03B68DB680C333B621AE03B6867
:105E40009B68002B02D104233B6213E03B689B68F4
:105E5000012B05D108233B627B68FA691A6109E0CE
:105E600008233B627B68FA695A6103E000233B62C6
:105E700000E000BFBB69FF2B01D87B6801E07B68B5
:105E800004337B61BB69FF2B02D87B6A9B0002E075
:105E90007B6A083B9B003B617B691A680F213B6969
:105EA00001FA03F3DB431A40396A3B6901FA03F351
:105EB0001A437B691A603B685B6803F08053002BD0
:105EC00000F0B1804D4B9B694C4A43F00103936154
:105ED0004A4B9B6903F00103BB60BB68484A7B6A7D
:105EE0009B08023352F82330FB607B6A03F0030304
:105EF0009B000F2202FA03F3DB43FA681340FB60B6
:105F00007B68404A934213D07B683F4A93420DD04E
:105F10007B683E4A934207D07B683D4A934201D159
:105F2000032306E0042304E0022302E0012300E04F
:105F300000237A6A02F0030292009340FA68134346
:105F4000FB602F497B6A9B080233FA6841F82320E3
:105F50003B685B6803F48013002B06D02D4B9A68D6
:105F60002C49BB6913438B6006E02A4B9A68BB69D6
:105F7000DB43284913408B603B685B6803F40013E4
:105F8000002B06D0234BDA682249BB691343CB6050
:105F900006E0204BDA68BB69DB431E491340CB6047
:105FA0003B685B6803F40033002B06D0194B5A683A
:105FB0001849BB6913434B6006E0164B5A68BB692E
:105FC000DB43144913404B603B685B6803F4803348
:105FD000002B21D00F4B1A680E49BB6913430B608D
:105FE00021E000BF0000321000003110000022103C
:105FF00000002110000012100000111000100240DB
:106000000000014000080140000C01400010014068
:1060100000140140000401400B4B1A68BB69DB43CC
:10602000094913400B607B6A01337B623B681A6845
:106030007B6A22FA03F3002B7FF48EAE00BF00BF11
:106040002C37BD4680BC70470004014080B485B049
:1060500000AF78600B467B807B689A687B88134032
:10606000002B02D00123FB7301E00023FB73FB7BB9
:1060700018461437BD4680BC704780B483B000AF6B
:1060800078600B467B8013467B707B78002B03D0B7
:106090007A887B681A6103E07B881A047B681A613E
:1060A00000BF0C37BD4680BC7047000080B582B091
:1060B00000AF0346FB80084B5A69FB881340002B56
:1060C00006D0054AFB885361FB88184600F006F8A5
:1060D00000BF0837BD4680BD0004014080B483B0D6
:1060E00000AF0346FB8000BF0C37BD4680BC704745
:1060F00080B584B000AF78607B68002B01D10123AC
:106100002BE17B6893F83D30DBB2002B06D17B6836
:10611000002283F83C207868FBF780FC7B6824220F
:1061200083F83D207B681B681A687B681B6822F037
:1061300001021A607B681B681A687B681B6842F45E
:1061400000421A607B681B681A687B681B6822F42F
:1061500000421A6001F086F8F8607B685B68814A4B
:10616000934207D8FB68804A934294BF01230023DF
:10617000DBB206E0FB687D4A934294BF0123002313
:10618000DBB2002B01D00123E7E0FB68784AA2FBD9
:1061900003239B0CBB607B681B685B6823F03F019B
:1061A0007B681B68BA680A435A607B681B681B6A75
:1061B00023F03F017B685B686A4A934202D8BB6860
:1061C000013309E0BB684FF4967202FB03F3694A9E
:1061D000A2FB03239B0901337A6812680B43136205
:1061E0007B681B68DB6923F44F4222F0FF027B6867
:1061F0005B685C498B4219D8FB68591E7B685B68F9
:106200005B00B1FBF3F3591C40F6FC730B40002B11
:106210000AD0FB68591E7B685B685B00B1FBF3F337
:106220000133C3F30B0351E004234FE07B689B6809
:10623000002B11D1FB68581E7B6859680B465B0028
:106240000B44B0FBF3F30133C3F30B03002B0CBF80
:1062500001230023DBB212E0FB68581E7B685968FB
:106260000B469B000B4499000B44B0FBF3F3013346
:10627000C3F30B03002B0CBF01230023DBB2002B65
:1062800001D0012322E07B689B68002B0ED1FB68C4
:10629000581E7B6859680B465B000B44B0FBF3F358
:1062A0000133C3F30B0343F400430FE0FB68581EB4
:1062B0007B6859680B469B000B4499000B44B0FB6C
:1062C000F3F30133C3F30B0343F4404379680968E4
:1062D0001343CB617B681B681B6823F0C0017B689C
:1062E000DA697B681B6A1A437B681B680A431A6079
:1062F0007B681B689B6823F4034323F0FF037A68E1
:1063000011697A68D26811437A6812680B43936006
:106310007B681B68DB6823F0FF017B685A697B6838
:106320009B691A437B681B680A43DA607B681B68B9
:106330001A687B681B6842F001021A607B680022C1
:106340001A647B68202283F83D207B6800221A6350
:106350007B68002283F83E20002318461037BD4694
:1063600080BD00BFA08601007F841E00FF083D00A5
:1063700083DE1B43D34D621080B588B002AFF86056
:106380007A601A460B467B8113463B81FEF73AFB47
:106390007861FB6893F83D30DBB2202B40F0E08061
:1063A0007B690093192301227049F86800F064F9B1
:1063B0000346002B01D00223D3E0FB6893F83C3066
:1063C000012B01D10223CCE0FB68012283F83C20A1
:1063D000FB681B681B6803F00103012B07D0FB68F7
:1063E0001B681A68FB681B6842F001021A60FB68B0
:1063F0001B681A68FB681B6822F400621A60FB685D
:10640000212283F83D20FB68102283F83E20FB68A0
:1064100000221A64FB687A685A62FB683A895A85D6
:10642000FB685B8D9AB2FB681A85FB68504ADA629A
:1064300079897B693A6AF86800F09CF80346002B7A
:1064400001D001238DE000233B61FB681B685B6981
:106450003B61FB681B689B693B613B6966E07A694D
:10646000396AF86800F022FA0346002B0DD0FB6869
:106470001B6C042B07D1FB681B681A68FB681B6840
:1064800042F400721A6001236BE0FB685B6A1A78C1
:10649000FB681B681A61FB685B6A5A1CFB685A62DE
:1064A000FB685B8D9BB2013B9AB2FB685A85FB6827
:1064B0001B8D013B9AB2FB681A85FB681B685B6900
:1064C00003F00403042B1BD1FB681B8D002B17D09A
:1064D000FB685B6A1A78FB681B681A61FB685B6A79
:1064E0005A1CFB685A62FB685B8D9BB2013B9AB2F7
:1064F000FB685A85FB681B8D013B9AB2FB681A85C5
:106500007A69396AF86800F019FA0346002B0DD051
:10651000FB681B6C042B07D1FB681B681A68FB68BF
:106520001B6842F400721A6001231AE0FB681B8D9D
:10653000002B94D1FB681B681A68FB681B6842F447
:1065400000721A60FB68202283F83D20FB6800225D
:1065500083F83E20FB68002283F83C20002300E003
:10656000022318461837BD4680BD00BF0200100048
:106570000000FFFF80B588B002AFF8607A603B6032
:106580000B467B81FB68DB6A7B617B69082B06D04D
:106590007B69012B03D07B6913F5803F08D1FB6831
:1065A0001B681A68FB681B6842F480721A600BE073
:1065B000FB681B6B122B07D1FB681B681A68FB6812
:1065C0001B6842F480721A603B6800937B6800226B
:1065D0004FF00111F86800F04FF80346002B0DD082
:1065E000FB681B681B6803F48073B3F5807F03D1DD
:1065F000FB684FF400721A64032335E0FB681B69E3
:10660000B3F5804F08D17B89DBB21A46FB681B6863
:1066100002F0FE021A611BE07B89DB11DBB203F0A2
:106620000603DBB263F00F03DAB2FB681B681A6182
:106630003B687A680E49F86800F098F80346002B2A
:1066400001D0012310E07B89DAB2FB681B681A6174
:106650003B687A680749F86800F088F80346002B21
:1066600001D0012300E0002318461837BD4680BD45
:10667000080001000200010080B584B000AFF8609E
:10668000B9603B601346FB7148E03B68B3F1FF3FE4
:1066900044D0FEF7B7F90246BB69D31A3A689A426A
:1066A00002D33B68002B39D1BB681B0CDBB2012B3A
:1066B0000DD1FB681B685B69DA43BB6813409BB272
:1066C000002B0CBF01230023DBB21A460CE0FB6851
:1066D0001B689B69DA43BB6813409BB2002B0CBF5D
:1066E00001230023DBB21A46FB799A4216D1FB68DC
:1066F00000221A63FB68202283F83D20FB680022F9
:1067000083F83E20FB681B6C43F02002FB681A6490
:10671000FB68002283F83C20012323E0BB681B0CAC
:10672000DBB2012B0DD1FB681B685B69DA43BB68E8
:1067300013409BB2002B0CBF01230023DBB21A468F
:106740000CE0FB681B689B69DA43BB6813409BB293
:10675000002B0CBF01230023DBB21A46FB799A42BF
:1067600093D0002318461037BD4680BD80B584B055
:1067700000AFF860B9607A603B6071E0FB681B684D
:106780005B6903F48063B3F5806F23D1FB681B68FA
:106790001A68FB681B6842F400721A60FB681B6889
:1067A0006FF480625A61FB6800221A63FB68202242
:1067B00083F83D20FB68002283F83E20FB681B6CB9
:1067C00043F00402FB681A64FB68002283F83C2053
:1067D000012367E07B68B3F1FF3F41D0FEF712F978
:1067E00002463B68D31A7A689A4202D37B68002B30
:1067F00036D1BB681B0CDBB2012B0CD1FB681B68CC
:106800005B69DA43BB6813409BB2002B14BF0123C2
:106810000023DBB20BE0FB681B689B69DA43BB68B3
:1068200013409BB2002B14BF01230023DBB2002BCB
:1068300016D0FB6800221A63FB68202283F83D20F3
:10684000FB68002283F83E20FB681B6C43F02002AB
:10685000FB681A64FB68002283F83C20012321E0D6
:10686000BB681B0CDBB2012B0CD1FB681B685B699E
:10687000DA43BB6813409BB2002B14BF01230023F3
:10688000DBB20BE0FB681B689B69DA43BB68134013
:106890009BB2002B14BF01230023DBB2002B7FF43B
:1068A0006DAF002318461037BD4680BD80B584B05B
:1068B00000AFF860B9607A6034E0F86800F086F8FC
:1068C0000346002B01D0012334E0BB68B3F1FF3F46
:1068D00028D0FEF797F802467B68D31ABA689A4226
:1068E00002D3BB68002B1DD1FB681B685B6903F0FA
:1068F0008003802B16D0FB6800221A63FB682022DD
:1069000083F83D20FB68002283F83E20FB681B6C67
:1069100043F02002FB681A64FB68002283F83C20E5
:10692000012307E0FB681B685B6903F08003802B91
:10693000C3D1002318461037BD4680BD80B584B052
:1069400000AFF860B9607A6034E0F86800F03EF8B3
:106950000346002B01D0012334E0BB68B3F1FF3FB5
:1069600028D0FEF74FF802467B68D31ABA689A42DD
:1069700002D3BB68002B1DD1FB681B685B6903F069
:106980000403042B16D0FB6800221A63FB68202244
:1069900083F83D20FB68002283F83E20FB681B6CD7
:1069A00043F02002FB681A64FB68002283F83C2055
:1069B000012307E0FB681B685B6903F00403042BF9
:1069C000C3D1002318461037BD4680BD80B483B0C4
:1069D00000AF78607B681B685B6903F48063B3F584
:1069E000806F1BD17B681B686FF480625A617B6883
:1069F00000221A637B68202283F83D207B680022F6
:106A000083F83E207B681B6C43F004027B681A64A9
:106A10007B68002283F83C20012300E00023184615
:106A20000C37BD4680BC704780B584B000AF78603D
:106A30007B68002B01D1012336E07B681B684CF694
:106A4000CC421A607B681B6845F255521A607B681D
:106A50001B687A6852685A607B681B687A6892681B
:106A60009A60FDF7CFFFF86011E0FDF7CBFF02461B
:106A7000FB68D31A41F23C32934208D97B681B6809
:106A8000DB6803F00303002B01D003230CE07B68D9
:106A90001B68DB6803F00303002BE6D17B681B68EF
:106AA0004AF6AA221A60002318461037BD4680BD58
:106AB00080B483B000AF78607B681B684AF6AA2276
:106AC0001A60002318460C37BD4680BC7047000092
:106AD00080B586B000AF78607B68002B01D10123C0
:106AE00072E27B681B6803F00103002B00F08780D3
:106AF000924B5B6803F00C03042B0CD08F4B5B684C
:106B000003F00C03082B12D18C4B5B6803F4803329
:106B1000B3F5803F0BD1894B1B6803F40033002B86
:106B20006CD07B685B68002B68D101234CE27B68EA
:106B30005B68B3F5803F06D1804B1B687F4A43F406
:106B4000803313602EE07B685B68002B0CD17B4B9D
:106B50001B687A4A23F480331360784B1B68774AAA
:106B600023F4802313601DE07B685B68B3F5A02FDE
:106B70000CD1724B1B68714A43F4802313606F4B36
:106B80001B686E4A43F4803313600BE06B4B1B6849
:106B90006A4A23F480331360684B1B68674A23F406
:106BA000802313607B685B68002B13D0FDF72AFFFE
:106BB000386108E0FDF726FF02463B69D31A642BD3
:106BC00001D9032300E25D4B1B6803F40033002B63
:106BD000F0D014E0FDF716FF386108E0FDF712FF72
:106BE00002463B69D31A642B01D90323ECE1534BD2
:106BF0001B6803F40033002BF0D100E000BF7B687A
:106C00001B6803F00203002B63D04C4B5B6803F05E
:106C10000C03002B0BD0494B5B6803F00C03082BD3
:106C20001CD1464B5B6803F48033002B16D1434BD9
:106C30001B6803F00203002B05D07B681B69012B46
:106C400001D00123C0E13D4B1B6823F0F8027B68B3
:106C50005B69DB00394913430B603AE07B681B69D1
:106C6000002B20D0364B01221A60FDF7CBFE386195
:106C700008E0FDF7C7FE02463B69D31A022B01D993
:106C80000323A1E12D4B1B6803F00203002BF0D07E
:106C90002A4B1B6823F0F8027B685B69DB002749FD
:106CA00013430B6015E0264B00221A60FDF7AAFE85
:106CB000386108E0FDF7A6FE02463B69D31A022BB5
:106CC00001D9032380E11D4B1B6803F00203002B55
:106CD000F0D17B681B6803F00803002B3AD07B6877
:106CE0009B69002B19D0174B01221A60FDF78AFE11
:106CF000386108E0FDF786FE02463B69D31A022B95
:106D000001D9032360E10D4B5B6A03F00203002B02
:106D1000F0D0012000F0CEFA1CE00A4B00221A60ED
:106D2000FDF770FE38610FE0FDF76CFE02463B692F
:106D3000D31A022B08D9032346E100BF00100240FA
:106D40000000424280044242924B5B6A03F002031D
:106D5000002BE9D17B681B6803F00403002B00F0D3
:106D6000A6800023FB758B4BDB6903F08053002B5F
:106D70000DD1884BDB69874A43F08053D361854B43
:106D8000DB6903F08053BB60BB680123FB75824B5A
:106D90001B6803F48073002B18D17F4B1B687E4A5D
:106DA00043F480731360FDF72DFE386108E0FDF7B2
:106DB00029FE02463B69D31A642B01D9032303E160
:106DC000754B1B6803F48073002BF0D07B68DB6885
:106DD000012B06D16F4B1B6A6E4A43F0010313620D
:106DE0002DE07B68DB68002B0CD16A4B1B6A694A7B
:106DF00023F001031362674B1B6A664A23F0040306
:106E000013621CE07B68DB68052B0CD1614B1B6AAD
:106E1000604A43F0040313625E4B1B6A5D4A43F011
:106E2000010313620BE05B4B1B6A5A4A23F0010318
:106E30001362584B1B6A574A23F0040313627B68A2
:106E4000DB68002B15D0FDF7DDFD38610AE0FDF7AA
:106E5000D9FD02463B69D31A41F28832934201D9E7
:106E60000323B1E04B4B1B6A03F00203002BEED06F
:106E700014E0FDF7C7FD38610AE0FDF7C3FD0246E7
:106E80003B69D31A41F28832934201D903239BE034
:106E9000404B1B6A03F00203002BEED1FB7D012B5C
:106EA00005D13C4BDB693B4A23F08053D3617B68BF
:106EB000DB69002B00F08780364B5B6803F00C0326
:106EC000082B61D07B68DB69022B46D1334B002253
:106ED0001A60FDF797FD386108E0FDF793FD024663
:106EE0003B69D31A022B01D903236DE0294B1B68A0
:106EF00003F00073002BF0D17B681B6AB3F5803F71
:106F000008D1244B5B6823F400327B689B682149DD
:106F100013434B601F4B5B6823F474127B68196A40
:106F20007B685B6A0B431B4913434B601B4B01227D
:106F30001A60FDF767FD386108E0FDF763FD024662
:106F40003B69D31A022B01D903233DE0114B1B6887
:106F500003F00073002BF0D035E0104B00221A60D4
:106F6000FDF750FD386108E0FDF74CFD02463B6936
:106F7000D31A022B01D9032326E0064B1B6803F02A
:106F80000073002BF0D11EE07B68DB69012B07D179
:106F9000012319E0001002400070004060004242EE
:106FA0000B4B5B68FB60FB6803F480327B681B6AF9
:106FB0009A4206D1FB6803F470127B685B6A9A42BE
:106FC00001D0012300E0002318461837BD4680BDDC
:106FD0000010024080B584B000AF786039607B68F3
:106FE000002B01D10123D0E06A4B1B6803F007039B
:106FF0003A689A4210D9674B1B6823F0070265492B
:107000003B6813430B60634B1B6803F007033A684C
:107010009A4201D00123B8E07B681B6803F00203A9
:10702000002B20D07B681B6803F00403002B05D0E5
:10703000594B5B68584A43F4E06353607B681B68B4
:1070400003F00803002B05D0534B5B68524A43F40E
:1070500060535360504B5B6823F0F0027B689B6881
:107060004D4913434B607B681B6803F00103002B01
:1070700040D07B685B68012B07D1474B1B6803F44A
:107080000033002B15D101237FE07B685B68022B66
:1070900007D1414B1B6803F00073002B09D101237A
:1070A00073E03D4B1B6803F00203002B01D1012369
:1070B0006BE0394B5B6823F003027B685B68364901
:1070C00013434B60FDF79EFCF8600AE0FDF79AFC65
:1070D0000246FB68D31A41F28832934201D9032356
:1070E00053E02D4B5B6803F00C027B685B689B00F0
:1070F0009A42EBD1274B1B6803F007033A689A4288
:1071000010D2244B1B6823F0070222493B6813432B
:107110000B60204B1B6803F007033A689A4201D0CA
:10712000012332E07B681B6803F00403002B08D0C6
:10713000194B5B6823F4E0627B68DB6816491343F4
:107140004B607B681B6803F00803002B09D0124BCF
:107150005B6823F460527B681B69DB000E491343B4
:107160004B6000F021F802460B4B5B681B0903F0F3
:107170000F030A49CB5C22FA03F3094A1360094B57
:107180001B681846FDF7FCFB002318461037BD4668
:1071900080BD00BF0020024000100240B0E60008A1
:1071A000E8030020EC03002080B487B000AF002388
:1071B000FB600023BB6000237B6100237B60002316
:1071C0003B611E4B5B68FB60FB6803F00C03042B08
:1071D00002D0082B03D027E0194B3B6127E0FB6866
:1071E0009B0C03F00F03174AD35C7B60FB6803F42E
:1071F0008033002B10D0114B5B685B0C03F0010354
:10720000114AD35CBB607B680D4A03FB02F2BB688A
:10721000B2FBF3F37B6104E07B680C4A02FB03F3EF
:107220007B617B693B6102E0054B3B6100BF3B69D1
:1072300018461C37BD4680BC704700BF0010024096
:1072400000127A00C8E60008D8E6000800093D00F0
:1072500080B400AF024B1B681846BD4680BC704727
:10726000E803002080B500AFFFF7F2FF0246054BB0
:107270005B681B0A03F007030349CB5C22FA03F3A4
:10728000184680BD00100240C0E6000880B500AF7F
:10729000FFF7DEFF0246054B5B68DB0A03F00703DE
:1072A0000349CB5C22FA03F3184680BD001002406C
:1072B000C0E6000880B485B000AF78600A4B1B6858
:1072C0000A4AA2FB03235B0A7A6802FB03F3FB6012
:1072D00000BFFB685A1EFA60002BF9D100BF00BF47
:1072E0001437BD4680BC7047E8030020D34D6210C0
:1072F00080B586B000AF786000233B610023FB605F
:107300007B681B6803F00103002B7DD00023FB7515
:107310004F4BDB6903F08053002B0DD14C4BDB69E5
:107320004B4A43F08053D361494BDB6903F08053F0
:10733000BB60BB680123FB75464B1B6803F480737D
:10734000002B18D1434B1B68424A43F480731360EF
:10735000FDF758FB386108E0FDF754FB02463B6936
:10736000D31A642B01D903236DE03A4B1B6803F455
:107370008073002BF0D0364B1B6A03F44073FB6024
:10738000FB68002B2ED07B685B6803F44073FA68BF
:107390009A4227D02E4B1B6A23F44073FB602E4B7E
:1073A00001221A602C4B00221A60294AFB681362E2
:1073B000FB6803F00103002B14D0FDF723FB3861B9
:1073C0000AE0FDF71FFB02463B69D31A41F28832FF
:1073D000934201D9032336E01D4B1B6A03F00203DD
:1073E000002BEED01A4B1B6A23F440727B685B685B
:1073F000174913430B62FB7D012B05D1144BDB694D
:10740000134A23F08053D3617B681B6803F00203A7
:10741000002B08D00E4B5B6823F440427B689B68CE
:107420000B4913434B607B681B6803F01003002B70
:1074300008D0074B5B6823F480027B68DB68044953
:1074400013434B60002318461837BD4680BD00BF6C
:1074500000100240007000404004424280B582B0FB
:1074600000AF78607B68002B01D1012341E07B688D
:1074700093F83D30DBB2002B06D17B68002283F805
:107480003C207868FDF72CF97B68022283F83D20C8
:107490007B681A687B6804331946104600F074FC58
:1074A0007B68012283F846207B68012283F83E2016
:1074B0007B68012283F83F207B68012283F840200B
:1074C0007B68012283F841207B68012283F84220F7
:1074D0007B68012283F843207B68012283F84420E3
:1074E0007B68012283F845207B68012283F83D20D8
:1074F000002318460837BD4680BD000080B485B023
:1075000000AF78607B6893F83D30DBB2012B01D08F
:1075100001233AE07B68022283F83D207B681B68E8
:10752000DA687B681B6842F00102DA607B681B68DE
:10753000184A93420ED07B681B68B3F1804F09D084
:107540007B681B68144A934204D07B681B68134A0B
:10755000934211D17B681B689B6803F00703FB60B3
:10756000FB68062B10D07B681B681A687B681B6859
:1075700042F001021A6007E07B681B681A687B68AA
:107580001B6842F001021A60002318461437BD46FA
:1075900080BC7047002C01400004004000080040FF
:1075A00080B582B000AF78607B68002B01D10123E9
:1075B00041E07B6893F83D30DBB2002B06D17B685D
:1075C000002283F83C207868FDF76CF87B68022283
:1075D00083F83D207B681A687B680433194610469F
:1075E00000F0D2FB7B68012283F846207B680122F1
:1075F00083F83E207B68012283F83F207B680122CC
:1076000083F840207B68012283F841207B680122B7
:1076100083F842207B68012283F843207B680122A3
:1076200083F844207B68012283F845207B6801228F
:1076300083F83D20002318460837BD4680BD000072
:1076400080B584B000AF786039603B68002B09D109
:107650007B6893F83E30DBB2012B14BF012300237B
:10766000DBB222E03B68042B09D17B6893F83F3002
:10767000DBB2012B14BF01230023DBB215E03B6812
:10768000082B09D17B6893F84030DBB2012B14BF83
:1076900001230023DBB208E07B6893F84130DBB2C2
:1076A000012B14BF01230023DBB2002B01D00123E7
:1076B0005EE03B68002B04D17B68022283F83E2009
:1076C00013E03B68042B04D17B68022283F83F203F
:1076D0000BE03B68082B04D17B68022283F8402032
:1076E00003E07B68022283F841207B681B6801224B
:1076F0003968184600F0D4FD7B681B681E4A934227
:1077000007D17B681B685A6C7B681B6842F4004297
:107710005A647B681B68184A93420ED07B681B68CA
:10772000B3F1804F09D07B681B68144A934204D0A0
:107730007B681B68124A934211D17B681B689B6867
:1077400003F00703FB60FB68062B10D07B681B6807
:107750001A687B681B6842F001021A6007E07B68C8
:107760001B681A687B681B6842F001021A600023DC
:1077700018461037BD4680BD002C01400004004073
:107780000008004080B582B000AF786039607B6847
:107790001B6800223968184600F082FD7B681B6870
:1077A000294A934217D17B681B681A6A41F2111368
:1077B0001340002B0FD17B681B681A6A40F24443C8
:1077C0001340002B07D17B681B685A6C7B681B68D1
:1077D00022F400425A647B681B681A6A41F2111352
:1077E0001340002B0FD17B681B681A6A40F2444398
:1077F0001340002B07D17B681B681A687B681B68E5
:1078000022F001021A603B68002B04D17B68012240
:1078100083F83E2013E03B68042B04D17B680122EF
:1078200083F83F200BE03B68082B04D17B680122E2
:1078300083F8402003E07B68012283F84120002385
:1078400018460837BD4680BD002C014080B584B085
:1078500000AF78607B681B68DB68FB607B681B6837
:107860001B69BB60BB6803F00203002B20D0FB68E0
:1078700003F00203002B1BD07B681B686FF0020231
:107880001A617B6801221A777B681B689B6903F089
:107890000303002B03D0786800F05AFA05E07868FB
:1078A00000F04DFA786800F05CFA7B6800221A77E5
:1078B000BB6803F00403002B20D0FB6803F0040333
:1078C000002B1BD07B681B686FF004021A617B6879
:1078D00002221A777B681B689B6903F44073002BB4
:1078E00003D0786800F034FA05E0786800F027FAF1
:1078F000786800F036FA7B6800221A77BB6803F0DC
:107900000803002B20D0FB6803F00803002B1BD0DA
:107910007B681B686FF008021A617B6804221A7783
:107920007B681B68DB6903F00303002B03D07868D6
:1079300000F00EFA05E0786800F001FA786800F0CF
:1079400010FA7B6800221A77BB6803F01003002B43
:1079500020D0FB6803F01003002B1BD07B681B6852
:107960006FF010021A617B6808221A777B681B6827
:10797000DB6903F44073002B03D0786800F0E8F96A
:1079800005E0786800F0DBF9786800F0EAF97B68D8
:1079900000221A77BB6803F00103002B0CD0FB68B0
:1079A00003F00103002B07D07B681B686FF0010216
:1079B0001A617868FBF75AFEBB6803F08003002B5E
:1079C0000CD0FB6803F08003002B07D07B681B689A
:1079D0006FF080021A61786800F03EFDBB6803F02A
:1079E0004003002B0CD0FB6803F04003002B07D0B2
:1079F0007B681B686FF040021A61786800F0BAF982
:107A0000BB6803F02003002B0CD0FB6803F02003BD
:107A1000002B07D07B681B686FF020021A61786822
:107A200000F011FD00BF1037BD4680BD80B586B0A7
:107A300000AFF860B9607A600023FB75FB6893F8CB
:107A40003C30012B01D10223AEE0FB68012283F818
:107A50003C207B680C2B00F29F8001A252F823F09F
:107A6000957A0008997B0008997B0008997B0008AB
:107A7000D57A0008997B0008997B0008997B00085B
:107A8000177B0008997B0008997B0008997B000808
:107A9000577B0008FB681B68B968184600F0E2F9DC
:107AA000FB681B689A69FB681B6842F008029A61D0
:107AB000FB681B689A69FB681B6822F004029A61E4
:107AC000FB681B689969BB681A69FB681B680A43F5
:107AD0009A6164E0FB681B68B968184600F028FAF0
:107AE000FB681B689A69FB681B6842F400629A6134
:107AF000FB681B689A69FB681B6822F480629A61C4
:107B0000FB681B689969BB681B691A02FB681B68E4
:107B10000A439A6143E0FB681B68B968184600F0A5
:107B200071FAFB681B68DA69FB681B6842F008029F
:107B3000DA61FB681B68DA69FB681B6822F00402E3
:107B4000DA61FB681B68D969BB681A69FB681B6846
:107B50000A43DA6123E0FB681B68B968184600F045
:107B6000BBFAFB681B68DA69FB681B6842F40062B9
:107B7000DA61FB681B68DA69FB681B6822F48062C3
:107B8000DA61FB681B68D969BB681B691A02FB686C
:107B90001B680A43DA6102E00123FB7500BFFB6842
:107BA000002283F83C20FB7D18461837BD4680BD77
:107BB00080B584B000AF786039600023FB737B68C8
:107BC00093F83C30012B01D10223B4E07B68012201
:107BD00083F83C207B68022283F83D207B681B6889
:107BE0009B68BB60BB6823F07703BB60BB6823F472
:107BF0007F43BB607B681B68BA689A603B681B6800
:107C0000B3F5005F3ED0B3F5005F00F28780B3F5B7
:107C1000805F00F08680B3F5805F7FD8702B1AD02C
:107C2000702B7BD8602B50D0602B77D8502B3CD05A
:107C3000502B73D8402B58D0402B6FD8302B64D0AA
:107C4000302B6BD8202B60D0202B67D8002B5CD03A
:107C5000102B5AD062E07B6818683B6899683B68D3
:107C60005A683B68DB6800F0FCFA7B681B689B681D
:107C7000BB60BB6843F07703BB607B681B68BA6876
:107C80009A604FE07B6818683B6899683B685A685F
:107C90003B68DB6800F0E5FA7B681B689A687B68E4
:107CA0001B6842F480429A603CE07B6818683B683D
:107CB00059683B68DB681A4600F05CFA7B681B6811
:107CC0005021184600F0B3FA2CE07B6818683B6836
:107CD00059683B68DB681A4600F07AFA7B681B68D3
:107CE0006021184600F0A3FA1CE07B6818683B6826
:107CF00059683B68DB681A4600F03CFA7B681B68F1
:107D00004021184600F093FA0CE07B681A683B6843
:107D10001B681946104600F08AFA03E00123FB7342
:107D200000E000BF7B68012283F83D207B680022D1
:107D300083F83C20FB7B18461037BD4680BD80B4DD
:107D400083B000AF786000BF0C37BD4680BC704781
:107D500080B483B000AF786000BF0C37BD4680BCF4
:107D6000704780B483B000AF786000BF0C37BD4669
:107D700080BC704780B483B000AF786000BF0C3720
:107D8000BD4680BC7047000080B485B000AF78600D
:107D900039607B681B68FB607B682F4A93420BD07D
:107DA0007B68B3F1804F07D07B682C4A934203D0A5
:107DB0007B682B4A934208D1FB6823F07003FB6079
:107DC0003B685B68FA681343FB607B68224A934216
:107DD0000BD07B68B3F1804F07D07B681F4A93427A
:107DE00003D07B681E4A934208D1FB6823F440739A
:107DF000FB603B68DB68FA681343FB60FB6823F0B9
:107E000080023B685B691343FB607B68FA681A6019
:107E10003B689A687B68DA623B681A687B689A629A
:107E20007B680D4A934203D13B681A697B681A63E9
:107E30007B6801225A617B681B6903F00103002BF8
:107E400005D07B681B6923F001027B681A6100BFC3
:107E50001437BD4680BC7047002C01400004004030
:107E60000008004080B487B000AF786039607B685C
:107E70001B6A7B617B681B6A23F001027B681A62C4
:107E80007B685B683B617B689B69FB60FB6823F0F8
:107E90007003FB60FB6823F00303FB603B681B6817
:107EA000FA681343FB607B6923F002037B613B6844
:107EB0009B687A6913437B617B681C4A93420CD1AF
:107EC0007B6923F008037B613B68DB687A691343B5
:107ED0007B617B6923F004037B617B68134A9342D7
:107EE00011D13B6923F480733B613B6923F4007338
:107EF0003B613B685B693A6913433B613B689B6943
:107F00003A6913433B617B683A695A607B68FA6857
:107F10009A613B685A687B685A637B687A691A621F
:107F200000BF1C37BD4680BC704700BF002C01401D
:107F300080B487B000AF786039607B681B6A7B6172
:107F40007B681B6A23F010027B681A627B685B689F
:107F50003B617B689B69FB60FB6823F4E043FB604B
:107F6000FB6823F44073FB603B681B681B02FA68E4
:107F70001343FB607B6923F020037B613B689B68B4
:107F80001B017A6913437B617B681D4A93420DD1C3
:107F90007B6923F080037B613B68DB681B017A69A6
:107FA00013437B617B6923F040037B617B68144A48
:107FB000934213D13B6923F480633B613B6923F413
:107FC00000633B613B685B699B003A6913433B611B
:107FD0003B689B699B003A6913433B617B683A6944
:107FE0005A607B68FA689A613B685A687B689A6352
:107FF0007B687A691A6200BF1C37BD4680BC704737
:10800000002C014080B487B000AF786039607B6895
:108010001B6A7B617B681B6A23F480727B681A622F
:108020007B685B683B617B68DB69FB60FB6823F016
:108030007003FB60FB6823F00303FB603B681B6875
:10804000FA681343FB607B6923F400737B613B6830
:108050009B681B027A6913437B617B681D4A9342CC
:108060000DD17B6923F400637B613B68DB681B02F5
:108070007A6913437B617B6923F480637B617B684E
:10808000144A934213D13B6923F480533B613B690B
:1080900023F400533B613B685B691B013A6913435E
:1080A0003B613B689B691B013A6913433B617B68F9
:1080B0003A695A607B68FA68DA613B685A687B689B
:1080C000DA637B687A691A6200BF1C37BD4680BCE0
:1080D000704700BF002C014080B487B000AF7860CB
:1080E00039607B681B6A3B617B681B6A23F48052A2
:1080F0007B681A627B685B687B617B68DB69FB601D
:10810000FB6823F4E043FB60FB6823F44073FB60EF
:108110003B681B681B02FA681343FB603B6923F44E
:1081200000533B613B689B681B033A6913433B6107
:108130007B680F4A934209D17B6923F480437B61BA
:108140003B685B699B017A6913437B617B687A6951
:108150005A607B68FA68DA613B685A687B681A641F
:108160007B683A691A6200BF1C37BD4680BC704705
:10817000002C014080B487B000AFF860B9607A602D
:10818000FB681B6A7B61FB681B6A23F00102FB68CA
:108190001A62FB689B693B613B6923F0F0033B611A
:1081A0007B681B013A6913433B617B6923F00A0337
:1081B0007B617A69BB6813437B61FB683A699A61AA
:1081C000FB687A691A6200BF1C37BD4680BC7047E5
:1081D00080B487B000AFF860B9607A60FB681B6A52
:1081E0007B61FB681B6A23F01002FB681A62FB6864
:1081F0009B693B613B6923F470433B617B681B03D4
:108200003A6913433B617B6923F0A0037B61BB6840
:108210001B017A6913437B61FB683A699A61FB68C9
:108220007A691A6200BF1C37BD4680BC704780B4B3
:1082300085B000AF786039607B689B68FB60FB6845
:1082400023F07003FB603A68FB68134343F00703B5
:10825000FB607B68FA689A6000BF1437BD4680BC3B
:10826000704780B487B000AFF860B9607A603B6057
:10827000FB689B687B617B6923F47F437B613B6880
:108280001A027B681A43BB6813437A6913437B6104
:10829000FB687A699A6000BF1C37BD4680BC704796
:1082A00080B487B000AFF860B9607A60BB6803F053
:1082B0001F03012202FA03F37B61FB681A6A7B69E0
:1082C000DB431A40FB681A62FB681A6ABB6803F05A
:1082D0001F03796801FA03F31A43FB681A6200BFAF
:1082E0001C37BD4680BC704780B485B000AF786055
:1082F00039607B6893F83C30012B01D1022346E0C2
:108300007B68012283F83C207B68022283F83D20B1
:108310007B681B685B68FB607B681B689B68BB6055
:10832000FB6823F07003FB603B681B68FA6813432B
:10833000FB607B681B68FA685A607B681B68164A9A
:1083400093420ED07B681B68B3F1804F09D07B68E5
:108350001B68124A934204D07B681B68104A934200
:108360000CD1BB6823F08003BB603B685B68BA68D4
:108370001343BB607B681B68BA689A607B68012204
:1083800083F83D207B68002283F83C2000231846B8
:108390001437BD4680BC7047002C014000040040EB
:1083A0000008004080B485B000AF786039600023D9
:1083B000FB607B6893F83C30012B01D102233DE048
:1083C0007B68012283F83C20FB6823F0FF023B68B6
:1083D000DB681343FB60FB6823F440723B689B68D7
:1083E0001343FB60FB6823F480623B685B681343C4
:1083F000FB60FB6823F400623B681B681343FB606F
:10840000FB6823F480523B681B691343FB60FB68E5
:1084100023F400523B685B691343FB60FB6823F461
:1084200080423B68DB691343FB607B681B68FA682A
:108430005A647B68002283F83C20002318461437D6
:10844000BD4680BC704780B483B000AF786000BF89
:108450000C37BD4680BC704780B483B000AF7860F5
:1084600000BF0C37BD4680BC704780B582B000AFFE
:1084700078607B68002B01D1012342E07B6893F890
:108480004130DBB2002B06D17B68002283F840200C
:108490007868FCF7BBF97B68242283F841207B686D
:1084A0001B68DA687B681B6822F40052DA6078681F
:1084B00000F0B8FD7B681B681A697B681B6822F4B2
:1084C00090421A617B681B685A697B681B6822F0BE
:1084D0002A025A617B681B68DA687B681B6842F471
:1084E0000052DA607B6800225A647B68202283F89D
:1084F00041207B68202283F842207B6800225A6357
:10850000002318460837BD4680BD80B58AB002AF4B
:10851000F860B9603B601346FB8000237B61FB6819
:1085200093F84130DBB2202B75D1BB68002B02D011
:10853000FB88002B01D101236EE0FB6800225A6406
:10854000FB68212283F84120FCF75CFA7861FB6824
:10855000FA889A84FB68FA88DA84FB689B68B3F52A
:10856000805F08D1FB681B69002B04D10023FB61ED
:10857000BB68BB6103E0BB68FB610023BB612EE00D
:108580003B6800937B6900228021F86800F01DFBA6
:108590000346002B05D0FB68202283F841200323EB
:1085A0003AE0FB69002B0BD1BB691B881A46FB68BC
:1085B0001B68C2F308025A60BB690233BB6107E063
:1085C000FB691A78FB681B685A60FB690133FB6121
:1085D000FB68DB8C9BB2013B9AB2FB68DA84FB68D8
:1085E000DB8C9BB2002BCBD13B6800937B690022D4
:1085F0004021F86800F0E9FA0346002B05D0FB683B
:10860000202283F84120032306E0FB68202283F820
:108610004120002300E0022318462037BD4680BDDC
:1086200080B584B000AFF860B9601346FB80FB688A
:1086300093F84230DBB2202B12D1BB68002B02D062
:10864000FB88002B01D101230BE0FB6800221A6399
:10865000FB881A46B968F86800F010FB034600E092
:10866000022318461037BD4680BD000080B5BAB061
:1086700000AF78607B681B681B68C7F8E4307B68D4
:108680001B68DB68C7F8E0307B681B685B69C7F86C
:10869000DC300023C7F8D8300023C7F8D430D7F82F
:1086A000E43003F00F03C7F8D830D7F8D830002BE8
:1086B0000FD1D7F8E43003F02003002B09D0D7F80E
:1086C000E03003F02003002B03D0786800F0ECFBCF
:1086D0005BE2D7F8D830002B00F0DE80D7F8DC3032
:1086E00003F00103002B06D1D7F8E03003F49073B8
:1086F000002B00F0D180D7F8E43003F00103002B09
:108700000BD0D7F8E03003F48073002B05D07B68E2
:108710005B6C43F001027B685A64D7F8E43003F0E5
:108720000403002B0BD0D7F8DC3003F00103002B3F
:1087300005D07B685B6C43F002027B685A64D7F813
:10874000E43003F00203002B0BD0D7F8DC3003F049
:108750000103002B05D07B685B6C43F004027B684F
:108760005A64D7F8E43003F00803002B11D0D7F88F
:10877000E03003F02003002B05D1D7F8DC3003F004
:108780000103002B05D07B685B6C43F008027B681B
:108790005A647B685B6C002B00F0F281D7F8E43000
:1087A00003F02003002B08D0D7F8E03003F02003BB
:1087B000002B02D0786800F077FB7B681B685B6950
:1087C00003F04003002B14BF01230023DBB2C7F8E2
:1087D000D4307B685B6C03F00803002B03D1D7F81F
:1087E000D430002B4FD0786800F081FA7B681B688A
:1087F0005B6903F04003002B41D07B681B68143396
:10880000C7F89C30D7F89C3053E8003FC7F8983041
:10881000D7F8983023F04003C7F8D0307B681B6846
:108820001433D7F8D020C7F8A820C7F8A430D7F859
:10883000A410D7F8A82041E80023C7F8A030D7F843
:10884000A030002BD9D17B68DB6B002B13D07B6869
:10885000DB6B7E4A5A637B68DB6B1846FCF7C6FE0F
:108860000346002B16D07B68DB6B5B6B7A68D26BA0
:10887000104698470EE0786800F093F90AE07868AF
:1088800000F08FF906E0786800F08BF97B68002231
:108890005A6475E100BF73E17B681B6B012B40F0EC
:1088A0004F81D7F8E43003F01003002B00F048812B
:1088B000D7F8E03003F01003002B00F041810023D3
:1088C000BB607B681B681B68BB607B681B685B6860
:1088D000BB60BB687B681B685B6903F04003002BCF
:1088E00000F0B6807B68DB6B1B685B68A7F8BE3066
:1088F000B7F8BE30002B00F045817B689B8DB7F840
:10890000BE209A4280F03E817B68B7F8BE20DA85AF
:108910007B68DB6B9B69202B00F088807B681B6881
:108920000C33C7F88830D7F8883053E8003FC7F8D1
:108930008430D7F8843023F48073C7F8B8307B686C
:108940001B680C33D7F8B820C7F89420C7F89030CC
:10895000D7F89010D7F8942041E80023C7F88C305E
:10896000D7F88C30002BD9D17B681B6814337B6718
:108970007B6F53E8003F3B673B6F23F00103C7F871
:10898000B4307B681B681433D7F8B420C7F8802054
:10899000FB67F96FD7F8802041E80023BB67BB6F06
:1089A000002BE1D17B681B6814333B663B6E53E8B8
:1089B000003FFB65FB6D23F04003C7F8B0307B68D8
:1089C0001B681433D7F8B020FA66BB66B96EFA6E2E
:1089D00041E800237B667B6E002BE3D17B6820227D
:1089E00083F842207B6800221A637B681B680C3383
:1089F000FB64FB6C53E8003FBB64BB6C23F01003CB
:108A0000C7F8AC307B681B680C33D7F8AC20BA656C
:108A10007B65796DBA6D41E800233B653B6D002BAA
:108A2000E3D17B68DB6B1846FCF7A4FD7B68022270
:108A30005A637B689A8D7B68DB8D9BB2D31A9BB29D
:108A40001946786800F0B6F89CE000BFB38D0008C6
:108A50007B689A8D7B68DB8D9BB2D31AA7F8CE30EA
:108A60007B68DB8D9BB2002B00F08E80B7F8CE3098
:108A7000002B00F089807B681B680C33BB63BB6BE9
:108A800053E8003F7B637B6B23F49073C7F8C830D7
:108A90007B681B680C33D7F8C8207A643B64396C58
:108AA0007A6C41E80023FB63FB6B002BE3D17B680E
:108AB0001B6814337B627B6A53E8003F3B623B6A6E
:108AC00023F00103C7F8C4307B681B681433D7F860
:108AD000C4203A63FB62F96A3A6B41E80023BB6247
:108AE000BB6A002BE3D17B68202283F842207B689D
:108AF00000221A637B681B680C333B613B6953E8B7
:108B0000003FFB60FB6823F01003C7F8C0307B68B0
:108B10001B680C33D7F8C020FA61BB61B969FA69E8
:108B200041E800237B617B69002BE3D17B68022253
:108B30005A63B7F8CE301946786800F03BF823E066
:108B4000D7F8E43003F08003002B09D0D7F8E030E9
:108B500003F08003002B03D0786800F03EF914E0A6
:108B6000D7F8E43003F04003002B0ED0D7F8E03004
:108B700003F04003002B08D0786800F07DF904E092
:108B800000BF02E000BF00E000BFE837BD4680BD87
:108B900080B483B000AF786000BF0C37BD4680BCA6
:108BA000704780B483B000AF786000BF0C37BD461B
:108BB00080BC704780B483B000AF78600B467B8088
:108BC00000BF0C37BD4680BC704780B586B000AF93
:108BD000F860B9603B601346FB713BE03B6AB3F160
:108BE000FF3F37D0FBF70EFF02463B68D31A3A6AC5
:108BF0009A4202D33B6A002B01D103233AE0FB687F
:108C00001B68DB6803F00403002B23D0BB68802BB8
:108C100020D0BB68402B1DD0FB681B681B6803F08D
:108C20000803082B16D100237B61FB681B681B68B7
:108C30007B61FB681B685B687B617B69F86800F09F
:108C400056F8FB6808225A64FB68002283F840202B
:108C500001230FE0FB681B681A68BB681340BA6801
:108C60009A420CBF01230023DBB21A46FB799A42D9
:108C7000B4D0002318461837BD4680BD80B485B0F7
:108C800000AFF860B9601346FB80FB68BA689A626F
:108C9000FB68FA889A85FB68FA88DA85FB68002207
:108CA0005A64FB68222283F84220FB681B69002B70
:108CB00007D0FB681B68DA68FB681B6842F48072A7
:108CC000DA60FB681B685A69FB681B6842F00102A6
:108CD0005A61FB681B68DA68FB681B6842F0200277
:108CE000DA60002318461437BD4680BC704780B454
:108CF00095B000AF78607B681B680C337B637B6B3F
:108D000053E8003F3B633B6B23F49073FB647B6849
:108D10001B680C33FA6C3A64FB63F96B3A6C41E8FC
:108D20000023BB63BB6B002BE5D17B681B6814334E
:108D30003B623B6A53E8003FFB61FB6923F00103A0
:108D4000BB647B681B681433BA6CFA62BB62B96A95
:108D5000FA6A41E800237B627B6A002BE5D17B68DD
:108D60001B6B012B19D17B681B680C33FB60FB6804
:108D700053E8003FBB60BB6823F010037B647B6853
:108D80001B680C337A6CBA617B617969BA6941E816
:108D900000233B613B69002BE5D17B68202283F8EF
:108DA00042207B6800221A6300BF5437BD4680BC56
:108DB000704780B584B000AF78607B685B6AFB6009
:108DC000FB680022DA85FB680022DA84F868FFF786
:108DD000E8FE00BF1037BD4680BD80B485B000AF4F
:108DE00078607B6893F84130DBB2212B3ED17B6801
:108DF0009B68B3F5805F14D17B681B69002B10D191
:108E00007B681B6AFB60FB681B881A467B681B68D3
:108E1000C2F308025A607B681B6A9A1C7B681A625C
:108E200008E07B681B6A591C7A6811621A787B68B3
:108E30001B685A607B68DB8C9BB2013B9BB27A68F3
:108E40001946D184002B0FD17B681B68DA687B68D8
:108E50001B6822F08002DA607B681B68DA687B6836
:108E60001B6842F04002DA60002300E0022318464B
:108E70001437BD4680BC704780B582B000AF7860C3
:108E80007B681B68DA687B681B6822F04002DA6046
:108E90007B68202283F841207868FFF779FE002361
:108EA00018460837BD4680BD80B58CB000AF7860ED
:108EB0007B6893F84230DBB2222B40F0AE807B68B7
:108EC0009B68B3F5805F17D17B681B69002B13D1BA
:108ED0000023FB627B689B6ABB627B681B685B68E4
:108EE0009BB2C3F308039AB2BB6A1A807B689B6A81
:108EF0009A1C7B689A6226E07B689B6AFB6200236F
:108F0000BB627B689B68B3F5805F07D07B689B681A
:108F1000002B0AD17B681B69002B06D17B681B687C
:108F20005B68DAB2FB6A1A7008E07B681B685B68F2
:108F3000DBB203F07F03DAB2FB6A1A707B689B6ACC
:108F40005A1C7B689A627B68DB8D9BB2013B9BB2AB
:108F50007A681946D185002B5DD17B681B68DA6879
:108F60007B681B6822F02002DA607B681B68DA6885
:108F70007B681B6822F48072DA607B681B685A6920
:108F80007B681B6822F001025A617B68202283F80B
:108F900042207B6800225A637B681B6B012B35D112
:108FA0007B6800221A637B681B680C337B617B69DA
:108FB00053E8003F3B613B6923F010037B627B6811
:108FC0001B680C337A6A3A62FB61F9693A6A41E8D4
:108FD0000023BB61BB69002BE5D17B681B681B6864
:108FE00003F01003102B0AD10023FB607B681B6881
:108FF0001B68FB607B681B685B68FB60FB687B68C9
:109000009B8D19467868FFF7D5FD02E07868FAF77E
:1090100005F8002302E0002300E002231846303761
:10902000BD4680BD80B584B000AF78607B681B68AA
:109030001B6923F440517B68DA687B681B680A432C
:109040001A617B689A687B681B691A437B685B6955
:109050001343BB607B681B68DB6823F4B05323F0C9
:109060000C037A681268B9680B43D3607B681B688D
:109070005B6923F440717B689A697B681B680A43CB
:109080005A617B681B682C4A934203D1FEF7FEF8B5
:10909000F86002E0FEF7E6F8F860FA6813469B0015
:1090A00013449A001A447B685B689B00B2FBF3F39D
:1090B000224AA2FB03235B091901FA6813469B00AD
:1090C00013449A001A447B685B689B00B2FBF3F27E
:1090D0001A4BA3FB02035B09642000FB03F3D31AC2
:1090E0001B013233154AA2FB03235B0903F0F00393
:1090F0001944FA6813469B0013449A001A447B688B
:109100005B689B00B2FBF3F20C4BA3FB02035B0911
:10911000642000FB03F3D31A1B013233074AA2FB7E
:1091200003235B0903F00F027B681B680A449A6003
:1091300000BF1037BD4680BD003801401F85EB5190
:10914000002100F0F9BD2DE9F0410F46904603F0F3
:1091500081FA04460D46B8F1000F11D0C7F30A5347
:10916000C3F16B03002B0BDD00241B0503F17F55BE
:1091700005F5401522462B46F7F7AEF904460D4695
:1091800020462946BDE8F0812DE9F04F9FB01792A7
:1091900000220C461A924FF0000A4FF0000B0A46CC
:1091A0000590199211782B2948D036D80D2930D83E
:1091B000082930D8002939D000220E92199D2A782A
:1091C000302A40F0B0806A7802F0DF02582A6CD171
:1091D00002930E9B8F4A01931AAB009305981BAB29
:1091E00019A902F031FB10F00F06044605D0062E37
:1091F00026D10023013519950E93179B002B40F0C3
:1092000082850E9BBBB150460BF100411FB0BDE8FB
:10921000F08F2029D0D10132C3E72D29CCD10121F3
:109220000E91511C19915278002AC7D1179B19949D
:10923000002B40F0668550465946E7E70021EFE7EE
:109240001A9A3AB135211CA803F0F4FA1A99059834
:1092500002F0D4FE013E1B9A042E06D8DFE806F089
:1092600014031D201400DDE91CABE10548BF4BF0E1
:10927000004B2BF000431B0D1B05002BBDD101F053
:1092800083FB22230360B8E702F23342DDE91CA32B
:1092900023F4801343EA025BE7E7DFF87CB1E4E7FD
:1092A0006FF0004B4FF0FF3ADFE7199B5A1C199201
:1092B0005B78302BF9D0002B9FD0012300270A22A6
:1092C000B9460893199B0B970C9319980578A5F14B
:1092D0003003D9B2092928D90122504901F0F7FAFF
:1092E000002832D000202A4603464D460A90652ABF
:1092F00001D0452A14D11DB9089A024396D0002501
:10930000199C621C199262782B2A7AD02D2A7ED061
:109310004FF0000CA2F13001092940F28580199428
:109320004FF00008A5E00023C8E7B9F1080FD8BF47
:109330000B9900F10100D6BF02FB013302FB073796
:109340000B9309F101091990BFE7199B5A1C199257
:109350005A78B9F1000F3BD04D460A90A2F1300384
:10936000092B12D90123C2E7199B01305A1C19920B
:109370005A78302AF8D0A2F13103082B00F2C884C1
:109380000A9000200546199B0C93303A00F1010326
:1093900018D02E464FF00A0E0A9919440A91711CF2
:1093A000A1EB050C634515DC20EAE0702B18082BB7
:1093B00005F1010505441ADC0A230B9903FB01237F
:1093C0000B930023199A1846511C19915278C5E73E
:1093D0004846CEE7082E05DC0B9E0EFB06F60B96E4
:1093E0000E46DCE71029D8BF0EFB07F7F8E70F2B76
:1093F000DCBF0A2303FB0727E3E700230A930123CB
:109400007AE74FF0000CA21C1992A27882E74FF085
:10941000010CF8E7C0E800080000F07FDAE6000879
:10942000199A511C19915278302AF9D0A2F13101C0
:1094300008293FF675AF4FF00A08303A0992199A99
:109440000F92199A561C19965278A2F1300EBEF15D
:10945000090F39D90F9944F61F68761A082E03DCD4
:1094600009998845A8BF8846BCF1000F01D0C8F112
:109470000008002D4ED1089908437FF4BEAE002BA2
:109480007FF4D4AE692A28D025DC492A25D04E2A7B
:109490007FF4CCAE994919A802F0F8FB00283FF4FC
:1094A000C5AE199B1B78282B2ED195491CAA19A84B
:1094B00002F000FC052827D11D9BDDF870A043F0C9
:1094C000FF4B4BF4E00B98E6099908FB0121A1F151
:1094D00030020992B5E76E2ADAE78A4919A802F044
:1094E000D5FB00283FF4A2AE199B8749013B19A880
:1094F000199302F0CBFB10B9199B013319934FF06C
:10950000000ADFF808B278E6814801F087FA82465F
:109510008B4672E60A9BB9F1000F08BFA946A8EB7B
:109520000303102D0B982C460993A8BF1024F6F7BF
:1095300059FF092D82468B4611DC099B002B3FF415
:109540005CAE099B76DD162B5DDC7249524601EB61
:10955000C3015B46D1E90001F6F7BEFFD7E76D4BCB
:1095600003EBC40353E91223F6F7B6FF82463846ED
:109570008B46F6F737FF02460B4650465946F6F73C
:10958000F5FD0F2D82468B46D7DD099B2C1B1C4415
:10959000002C40F3938014F00F030AD05D4952462B
:1095A00001EBC301D1E900015B46F6F795FF824666
:1095B0008B4634F00F0473D0B4F59A7F49DD002454
:1095C000A046A1460B9422234FF0000A059ADFF82B
:1095D0003CB113600B9B002B3FF40FAE1A9905981A
:1095E00002F00CFD4946059802F008FD4146059839
:1095F00002F004FD0B99059802F000FD2146059844
:1096000002F0FCFCF9E5099AC5F125039342BCDBA5
:10961000404CC5F10F0504EBC5015246D1E90001EC
:109620005B46F6F759FF099B5D1B04EBC504D4E9C3
:10963000002391E71633A8DB0A9B5046A3EB0808EA
:10964000344B594603EBC808D8E90023F7F76EF806
:109650005DE70023504659461E462F4F2411012C2A
:1096600021DC0BB182468B462B49ABF1547B01EBDD
:10967000C6015246D1E900015B46F6F72DFF234BA8
:109680000A460B40254982468B4298D8A1F58011A5
:109690008B4286BF4FF0FF3ADFF884B002F1547B73
:1096A0000023089376E0E20704D5D7E90023F6F714
:1096B00013FF0123013664100837D0E7F0D064426D
:1096C00014F00F020AD0134B504603EBC203594665
:1096D000D3E90023F7F72AF882468B462411DFD01E
:1096E0001F2C1FDD0024A046A1460B942223059ABF
:1096F0004FF0000A4FF0000B13606BE7E9E600083B
:10970000ACE80008E1E600081BE700080000F07F75
:10971000AAE8000838E9000810E900080000A07C69
:10972000FFFFEF7F14F0100318BF6A235046089321
:1097300059460023774EE70704D5D6E90023F6F70C
:10974000CBFE0123641006F10806F4D10BB182466A
:109750008B46089BB3B1CBF30A52C2F16B03002BCB
:1097600059460FDD1F2B58DD342BD8BF4FF0FF3388
:109770004FF0000ACFBF4FF05C7BC2F14B02934029
:1097800003EA010B0022002350465946F7F70CF973
:109790000028A7D10B9B4A4600930C992B460598AD
:1097A00002F094FC0B9000283FF409AF0024099AC2
:1097B0000A9B002AA3EB0803A8BF0023A04612932C
:1097C00022EAE27316930B9B0598596802F0D6FBC8
:1097D000814600283FF4F7AE0B9B0C301A6903F169
:1097E0000C010232920001F00AF91CAB01931BAB91
:1097F000009352465B460598CDE90CAB02F092FF10
:109800001A9000283FF4DFAE0121059802F0F4FC25
:10981000804648B94FF00008D5E64FF0FF3202FA13
:1098200003F303EA0A0AADE71B9D1C9A002DABBFA8
:10983000129B169BEF185E1B089BA8BF169EA5EBFC
:1098400003051544344B05F1FF35B8BF129F9D4207
:10985000C2F1360250DA5B1B1F2B4FF00101A2EB65
:1098600003023DDC01FA03F3139300231093BD18A8
:10987000089BAF4216441E443B46A8BF2B46B3424A
:10988000A8BF3346002BC2BFED1AF61AFF1A129B6F
:10989000002B16DD41461A46059802F065FD80460C
:1098A0000028B7D001461A9A059802F0BBFC0A902E
:1098B00000283FF488AE1A99059802F09FFB0A9B96
:1098C0001A93002D1DDC099B002B27DD4946169AB3
:1098D000059802F049FD814600BB4FF0000972E691
:1098E000C5F17F4505F57F0505F57B45E23501FAB4
:1098F00005F310931391BAE70023109301231393F8
:10990000B5E72A461A99059802F088FD1A900028B2
:10991000D9D158E6D8E8000802FCFFFF002E07DD89
:1099200049463246059802F079FD81460028D4D098
:10993000002F08DD41463A46059802F06FFD80464B
:1099400000283FF440AE4A461A99059802F0EEFD11
:10995000044600283FF437AEC36841460F93002306
:10996000C36002F0C7FD00283DDA0F9B53EA0A03EB
:1099700063D1CBF31303002B5FD12BF000431B0DFE
:109980001B05B3F1D66F58D9636913B92369012B4D
:1099900053DD21460122059802F040FD4146044670
:1099A00002F0A8FD002848DD2BF00043089A1B0DAB
:1099B0001B05002A62D0B3F1D66F5FD8B3F15C7F8C
:1099C0007FF694AE50465946A34B0022F6F784FD2D
:1099D000A24B82460B408B46002B7FF4FFAD222327
:1099E000059A1360FAE5CDF828B065D10F9ACBF34C
:1099F00013035AB39A4A93422BD1089B514603B39F
:109A00005A46964B1340B3F1D46F4FF0FF321BD838
:109A10001B0DC3F16B0302FA03F3994219D1914B69
:109A20000A9A9A4202D101313FF4CDAD4FF0000ABB
:109A30008A4B0A9A1A4002F5801B089B002BC1D161
:109A4000CCE54FF0FF33E8E71346E6E753EA0A03B5
:109A5000AAD0109BDBB10A9A1342EED00F9B50465E
:109A60005946089ABBB1FFF76EFB02460B46DDE98B
:109A70000C01F6F77BFB82468B46DEE7A3F58013ED
:109A80006FEA135B4FF0FF3A6FEA0B5BD5E7139B6E
:109A900013EA0A0FE1E7FFF756FB02460B46DDE942
:109AA0000C01F6F761FB0022002382468B46F6F795
:109AB0007BFF0028C1D019E64146204602F08AFE0D
:109AC00000224FF0804306460F46F6F781FF00283C
:109AD0006DD00F9B002B78D1BAF1000F56D10A9BA5
:109AE000C3F31303002B58D10022304639465E4B96
:109AF000F6F764FF002857D13046394600225B4B09
:109B0000F6F7EAFC06460F4607F100430696079370
:109B1000DDE90623514DCDE910230A9B1D40544B2E
:109B20009D4240F0AB800A9B5046A3F1547B5946BE
:109B300002F090FDDDE90623F6F7CEFC52465B46C7
:109B4000F6F714FB0B4645494A4A194091428246B2
:109B500042D90D9A434B9A4203D10C9B01333FF4F7
:109B600032AD4FF0FF3ADFF8FCB01A99059802F0D9
:109B700045FA4946059802F041FA4146059802F037
:109B80003DFA2146059802F039FA1CE6BAF1010FB8
:109B900003D10A9B002B3FF4A9AD0022364B0026CF
:109BA000CDE90623304FB3E70026304FACE730460F
:109BB00039462E4B0022F6F78FFC0F9B06460F46C8
:109BC000002BA1D0CDE90667A2E70022264B16465E
:109BD0001F46CDE906239BE703F1547B089BCDF894
:109BE00028B0002BC1D12BF000431B0D1B059D425B
:109BF000BBD130463946F7F7E7FAF6F73FFC0246A5
:109C00000B4630463946F6F7AFFA0B460246CBF321
:109C10001306CDE90C230F9B46EA0A061E436AD0C1
:109C200009A3D3E90023F6F7C9FE00287FF4D6ACD8
:109C300007A3D3E90023DDE90C01F6F7DDFE0028D8
:109C400093D0CBE4AFF300809535A094FFFFDF3FC6
:109C500035E5AF350000E03F000050390000F07FEF
:109C6000FFFF0F00FFFFEF7F0000F03F0000E03F2D
:109C70000000E07FFFFF9F7C0000F0BF089B23B344
:109C8000B5F1D46F21D828A3D3E900233046394653
:109C9000F6F79EFEA0B139463046F6F7F5FE0128EC
:109CA00038BF0120F6F79EFB0F9B06460F46FBB917
:109CB00001F1004314901593DDE91423CDE910233D
:109CC000119B03F1D6635B1B1193DDE90C01DDE908
:109CD00010AB02F0BFFC02460B4650465946F6F761
:109CE000FBFBDDE90C23F6F741FA82468B4675E76C
:109CF000CDE91467E0E70EA3D3E90023F6F75EFE93
:109D00009DE700230E93199B179A1360FFF779BA0A
:109D1000652A3FF472AB452A3FF46FAB0123FFF78E
:109D2000AABB00BFAFF300800000C0FFFFFFDF4110
:109D30009535A094FFFFCF3F0A4601460248034BEA
:109D40000068FFF721BA00BF6C0500200004002066
:109D5000002B2DE9F0471D46BBBF03F100431D4614
:109D600000232D2388B01446B8BF1446129A109EC3
:109D70001370149BDDF84CA023F02008B8F1460FB7
:109D800005D0B8F1450F00D10136022300E00323CE
:109D900007AA049206AACDE902A2CDE9003622461E
:109DA0002B4600F0CDFEB8F1470F074619D1119BA5
:109DB000DB070ED500EB06090022002320462946CA
:109DC000F6F7F2FD08B1CDF81C903022079B4B4509
:109DD0001ED33846079B159ADB1B136008B0BDE8FD
:109DE000F087B8F1460F00EB0609E5D10378302B78
:109DF0000AD10022002320462946F6F7D5FD18B9DE
:109E0000C6F10106CAF80060DAF800309944D3E7D9
:109E1000591C07911A70D9E7F7B50029B6BF2D2351
:109E20002B23494209290270437029DD0DF10703F4
:109E30001D460A27B1FBF7F61A4607FB1614303405
:109E400002F8014C0C46632C314603F1FF33F1DC80
:109E50003031941E03F8011C2346411CAB420AD347
:109E60000DF109039B1AAC4288BF0023023303445F
:109E7000181A03B0F0BD13F8016B01F8016FEDE79C
:109E8000302330318370C170031DF1E72DE9F04FAD
:109E900091B00C46DDF8688016461F46054600F076
:109EA00029FD036818460893F6F752F900230E932C
:109EB000D8F800300990073323F0070303F10802B4
:109EC00094F818A0D4F800B0C8F80020D3E90089AD
:109ED00029F000430B93CDF828804FF0FF32DDE9E5
:109EE0000A01C4E912899C4BF6F790FD70BBDDE9CD
:109EF0000A014FF0FF32984BF6F76AFD30BB0022A3
:109F0000002340464946F6F759FD10B12D2384F849
:109F10004330924A924BBAF1470F8CBF9046984615
:109F200003234FF0000923612BF004032360334621
:109F30002146284600970FAA00F0D4F9013040F0DE
:109F400090804FF0FF3011B0BDE8F08F42464B4695
:109F500040464946F6F75AFD48B14B46002BB8BF7C
:109F60002D23804AB8BF84F843307F4BD3E7636822
:109F70000AF0DF015A1C3FD10623636000224BF434
:109F80008063236006920EAACDE904A20DAA039273
:109F90000DF13302CDE90132636842460093284651
:109FA0004B460A91FFF7D4FE0A99804647290D993E
:109FB00028D1C81C02DB6368994240DDAAF1020A7D
:109FC0005FFA8AFA5246013904F150000D91FFF709
:109FD00023FF0E9A81461318012A236102DC2268AE
:109FE000D20701D5013323619DF83330002B9ED079
:109FF0002D2384F843309AE74729BFD1002BBDD1E8
:10A000000123BAE7BAF1650FDCD9BAF1660F18D1AE
:10A01000002963680BDD216113B92268D00702D5DE
:10A0200001330B4423614FF00009A165DCE713B94C
:10A030002268D20701D50233F4E70123F2E74FF09B
:10A04000670A0E9B994205DB23682161D807EAD590
:10A050004B1CE7E70029CCBF0122C1F102021344E7
:10A06000E0E723685A0507D423694246314628466B
:10A07000B84701302BD164E7BAF1650F40F2DC80BC
:10A08000D4E9120100220023F6F78EFC002833D019
:10A09000012331462846354AB84701303FF451AFD5
:10A0A000DDE90D38434502DB2368D8070FD5DDE92C
:10A0B000082331462846B84701303FF442AF4FF0FD
:10A0C000000908F1FF3804F11A0AC84509DC2368C1
:10A0D0009B0700F10281E0680F9B9842B8BF1846C9
:10A0E00031E70123524631462846B84701303FF454
:10A0F00028AF09F10109E8E70D9B002B38DC0123AB
:10A1000031462846194AB84701303FF41AAFDDE915
:10A110000D3959EA030302D12368D907D7D5DDE900
:10A12000082331462846B84701303FF40AAF4FF0C4
:10A13000000A04F11A0B0D9B5B42534501DC4B46B0
:10A1400093E701235A4631462846B84701303FF489
:10A15000F8AE0AF1010AEEE7FFFFEF7FE0E6000844
:10A16000DCE60008E8E60008E4E60008ECE60008A3
:10A17000A36DDDF838A05345A8BF5346002B994680
:10A1800036DC4FF0000B29EAE97904F11A02A36DDD
:10A190000A93A3EB09035B4531DC0D9B9A453ADC3E
:10A1A0002368DA0737D40D9BAAEB03090A9BAAEBB5
:10A1B00003039945A8BF9946B9F1000F33DC4FF06E
:10A1C000000829EAE97904F11A0B0D9BAAEB0303B5
:10A1D000A3EB090343457FF77AAF01235A46314683
:10A1E0002846B84701303FF4ACAE08F10108ECE76F
:10A1F000424631462846B8470130C2D1A1E6012384
:10A20000314628460A92B84701303FF49AAE0A9A7E
:10A210000BF1010BBBE73146DDE908232846B847BF
:10A220000130C0D18DE60A9A4B4631462846424459
:10A23000B8470130C3D184E6DDF838A0BAF1010F88
:10A2400001DCDB0736D50123424631462846B847B4
:10A2500001303FF476AEDDE9082331462846B847A1
:10A2600001303FF46EAED4E91201002200230AF15E
:10A27000FF3AF6F799FBC0B9534608F1010231469F
:10A280002846B84701300CD15BE601235A463146D7
:10A290002846B84701303FF454AE08F10108D045D4
:10A2A000F3DB4B4604F15002E0E64FF0000804F106
:10A2B0001A0BF4E701234246E1E701234A463146FF
:10A2C0002846B84701303FF43CAE08F10108E36886
:10A2D0000F995B1A4345F0DCFDE64FF0000804F1EE
:10A2E0001909F4E72DE9F047164698468A680B6984
:10A2F00007469342B8BF1346336091F843200C469B
:10A30000DDF820900AB1013333602368990642BF1B
:10A31000336802333360256815F0060506D104F171
:10A32000190AE36832689B1AAB422BDC94F843307D
:10A330002268003B18BF0123920630D441463846BC
:10A3400004F14302C847013023D02368226903F097
:10A350000603042B14BF002533684FF0000608BF26
:10A36000E56804F11A0408BFED1A54F8123C08BF5E
:10A3700025EAE5759342C4BF9B1AED18B5421AD180
:10A38000002008E00123524641463846C8470130C4
:10A3900003D14FF0FF30BDE8F0870135C1E7302031
:10A3A000E11881F843005A1C94F845102244023306
:10A3B00082F84310C2E70123224641463846C84787
:10A3C0000130E6D00136D9E72DE9FF470F7E9146EF
:10A3D000782F80460C469A460C9E01F1430207D81E
:10A3E000622F0AD8002F00F0D180582F00F0B880DB
:10A3F00004F1420684F842703AE0A7F16303152B9A
:10A40000F6D801A151F823F061A4000875A4000852
:10A41000F1A30008F1A30008F1A30008F1A30008CC
:10A4200075A40008F1A30008F1A30008F1A3000837
:10A43000F1A3000873A500089FA400082DA500083B
:10A44000F1A30008F1A3000895A50008F1A30008F6
:10A450009FA40008F1A30008F1A3000835A5000897
:10A4600033681A1D1B68326004F1420684F84230DA
:10A4700001239CE033682068191D3160060601D570
:10A480001D6803E04506FBD5B3F90050002D03DA43
:10A490002D236D4284F843300A23584811E0216887
:10A4A0003368080653F8045B02D4490648BFADB2CE
:10A4B0006F2F336014BF0A2308235048002184F80B
:10A4C00043106668002EA66005DB21682E4321F04C
:10A4D000040121604BD01646B5FBF3F103FB115785
:10A4E000C75D06F8017D2F46BB420D46F4D9082B07
:10A4F0000BD12368DF0708D5236961689942DEBF65
:10A50000302306F8013C06F1FF36921B22614B46D0
:10A5100021464046CDF800A003AAFFF7E3FE013034
:10A520004AD14FF0FF3004B0BDE8F087236843F014
:10A53000200323607827324884F845702368316807
:10A540001F0651F8045B02D45F0648BFADB231600C
:10A55000D90744BF43F0200323601DB11023ADE7AA
:10A560002648E9E7236823F020032360F6E7164630
:10A57000BDE733682568181D616930602E061B68C9
:10A5800001D5196002E06806FBD519800023164644
:10A590002361BCE7336800211A1D32601E686268BF
:10A5A000304600F01EFA08B1801B606063682361CA
:10A5B000002384F84330AAE73246494640462369DF
:10A5C000D0470130ADD023689B0713D4E068039BCC
:10A5D0009842B8BF1846A6E701233246494640468E
:10A5E000D04701309DD00135E36803995B1AAB4237
:10A5F000F2DCEBE7002504F11906F5E7EEE60008CA
:10A60000FFE60008002310B50446C0E90033C0E9A6
:10A610000433836081814366C281836119460822C5
:10A620005C3000F04CF90D4B246263620C4BA3626A
:10A630000C4BE3620C4B23630C4B9C4206D003F1A2
:10A640006802944202D0D0339C4205D104F15800F4
:10A65000BDE8104000F0C2B910BD00BF39A8000825
:10A660005BA8000893A80008B7A80008D00900203C
:10A67000024A0349034800F069B800BFF403002010
:10A6800085CC00087005002041680C4B10B599423C
:10A69000044601D002F0F6FAA168094B994202D0B3
:10A6A000204602F0EFFAE168064B994204D02046BA
:10A6B000BDE8104002F0E6BA10BD00BFD00900208E
:10A6C000380A0020A00A002010B50B4B0B4C0C4A96
:10A6D00020461A6004210022FFF794FF04F168006D
:10A6E00001220921FFF78EFF04F1D0000222BDE80C
:10A6F00010401221FFF786BF080B0020D009002070
:10A7000071A60008014800F06AB900BF110B0020D3
:10A71000014800F065B900BF110B002010B50446D8
:10A72000FFF7F0FF236A1BB1BDE81040FFF7F0BF51
:10A73000044B2362044B1B68002BF5D1FFF7C4FFC9
:10A74000F2E700BF89A60008080B00202DE9F843B6
:10A750000746884614460026D4E90195B9F1010957
:10A7600005D52468002CF7D13046BDE8F883AB89C5
:10A77000012B07D9B5F90E30013303D029463846ED
:10A78000C04706436835E9E70CB430B5184B0C1EDA
:10A790001D689DB008DA8B234FF0FF302B601DB091
:10A7A000BDE8304002B070474FF40273ADF814308A
:10A7B0004FF000031B930CBF234604F1FF330493B7
:10A7C00007934FF6FF7302900690ADF816302846B7
:10A7D00021AB209A02A9019302F0D8F8431CBCBF18
:10A7E0008B232B60002CDAD00022029B1A70D6E754
:10A7F0006C0500200EB46FF0004110B500249DB030
:10A800001FAB02900690079104910948094953F83B
:10A81000042B0591006802A901931B9402F0B6F87D
:10A82000029B1C701DB0BDE8104003B0704700BF14
:10A830006C0500200802FFFF10B50C46B1F90E10A0
:10A8400000F07EF80028ABBF636DA3891B1823F4CA
:10A850008053ACBF6365A38110BD2DE9F0411F4655
:10A860008B890546DB050C46164605D502230022DA
:10A87000B1F90E1000F052F8A389324623F4805348
:10A88000A38128463B46B4F90E10BDE8F04100F024
:10A8900069B810B50C46B1F90E1000F03FF8431C32
:10A8A000A38915BF606523F4805343F48053A381CB
:10A8B00018BFA38110BDB1F90E1000F01FB80346F8
:10A8C0000244934200D1704703F8011BF9E710B529
:10A8D0006AB10139841810F8012B11F8013F9A422E
:10A8E00003D1A04201D0002AF5D1D01A10BD1046E4
:10A8F000FCE7000000487047F004002038B5002352
:10A90000054D044608462B60F9F741FD431C02D172
:10A910002B6803B1236038BD0C0B002038B504460A
:10A92000084611460022054D2A601A46F9F753FDE4
:10A93000431C02D12B6803B1236038BD0C0B0020EF
:10A9400038B50446084611460022054D2A601A46CD
:10A95000F9F7E4FC431C02D12B6803B1236038BD36
:10A960000C0B002038B50446084611460022054D60
:10A970002A601A46F9F7EFFC431C02D12B6803B199
:10A98000236038BD0C0B0020014B1868704700BFD6
:10A990006C05002070B500260C4D0D4C641BA410F6
:10A9A000A64209D103F0F6FB00260A4D0A4C641BAF
:10A9B000A410A64205D170BD55F8043B9847013656
:10A9C000EEE755F8043B98470136F2E7DCEE000865
:10A9D000DCEE0008DCEE0008E0EE0008704770478F
:10A9E0007047034610B5C9B202449342184601D1DC
:10A9F000002003E0047801338C42F6D110BD0A44F4
:10AA0000914200F1FF3300D1704710B511F8014BAE
:10AA1000914203F8014FF9D110BD00000020014917
:10AA2000704700BF0000F87F004870470000C07FFB
:10AA30002DE9F74F03690C690746A3427EDB013C11
:10AA4000A30000F1140501F11408009305EB840341
:10AA5000019358F8243055F8242001339A42B2FB70
:10AA6000F3F608EB84092ED34FF0000AC446AE4635
:10AA7000D3465CF8043B98B206FB00A01B0C020C0A
:10AA800006FB0323DEF8002080B292B2121A5A4469
:10AA9000DEF800004FEA134A9BB2C3EB224303EBFC
:10AAA000104392B242EA0342E1454FEA234B4EF88B
:10AAB000042BDED2009BEB582BB9019B043B9D423B
:10AAC0001A462FD33C61384601F014FD002825DBDF
:10AAD0002946002058F8042BD1F800C01FFA82FE46
:10AAE0001FFA8CF3A3EB0E030344120CC2EB2342B8
:10AAF00002EB1C429BB243EA0243C1454FEA2240AB
:10AB000041F8043BE6D255F8242005EB840322B932
:10AB1000043B9D421A460BD33C610136304603B0DC
:10AB2000BDE8F08F1268043B002ACBD1013CC6E798
:10AB30001268043B002AEFD1013CEAE70020EEE76F
:10AB40002DE9F04F14461D46C76997B08146CDE9FF
:10AB50000645239E7FB9102001F048F90246C9F846
:10AB60001C0020B9EF21AC4BAC4802F0DDF8C0E985
:10AB700001770760C760D9F81C30196859B15A6865
:10AB8000012393404A608B60484601F037FA002267
:10AB9000D9F81C301A602B1EAFBF0023012223F00E
:10ABA00000430793A8BF3360DDF81C809C4BB8BFFF
:10ABB000326033EA080312D142F20F73229A136013
:10ABC000C8F31303234300F05E85249BDFF854A2EF
:10ABD000002B00F060850AF1030300F05ABDDDE9A7
:10ABE0000623CDE90C23DDE90C0100220023F5F753
:10ABF000DBFE074658B10123229A1360249B13B150
:10AC0000894B249A1360DFF824A200F044BD14ABF2
:10AC1000019315AB00934846DDE90C2301F082FD5A
:10AC2000C8F30A560390002E78D0DDE90C010D9B85
:10AC3000A6F2FF36C3F3130343F07F5343F44013EC
:10AC40001297194600227A4BF5F78EFA6CA3D3E9D6
:10AC50000023F5F741FC6CA3D3E90023F5F786FA4E
:10AC6000044630460D46F5F7CDFB69A3D3E9002332
:10AC7000F5F732FC02460B4620462946F5F776FAF0
:10AC800004460D46F5F7D8FE00220746002320466D
:10AC90002946F5F793FE40B13846F5F7B3FB224657
:10ACA0002B46F5F781FE00B9013F162F54D8DDE998
:10ACB0000C01604B03EBC703D3E90023F5F77EFEDD
:10ACC00000284BD00023013F0F93149B9B1B5A1E5F
:10ACD00049BFC3F10103002304930023099254BF29
:10ACE00004930993002F3BDB099B0E973B44099388
:10ACF00000230A93209B092B65D8052BC4BF043B76
:10AD00002093209BC8BF0024A3F10203D8BF0124D5
:10AD1000032B64D8DFE803F05355382CDDE91463C6
:10AD20001E4406F23243202BC1BFC3F1400308FA90
:10AD300003F806F2124324FA03F3D6BFC3F120034B
:10AD400048EA030004FA03F0F5F74CFB0122A1F1F5
:10AD5000F873013E129274E70123B5E70F90B4E750
:10AD6000049BDB1B04937B420A9300230E93C1E7F1
:10AD700001230B93219B07EB030B0BF10103012B29
:10AD80000893B8BF012306E001230B93219B002BFE
:10AD900028DD9B46089300210422D9F81C0002F10B
:10ADA00014059D4226D94160484601F0E7F88246E5
:10ADB000002843D1024640F2AF111F4BD4E60023D6
:10ADC000E3E70023D5E7012400230B9420934FF001
:10ADD000FF3B00221223CDF820B02192DBE70123B4
:10ADE0000B93F4E74FF0010B5B46CDF820B0CDF8A4
:10ADF00084B0D0E701315200D1E700BFAFF300804B
:10AE000061436F63A787D23FB3C8608B288AC63F70
:10AE1000FB799F501344D33F25E700083CE7000827
:10AE20000000F07F21E70008EDE60008ECE60008EE
:10AE30000000F83F38E9000894E70008D9F81C3012
:10AE40001860089B0E2B00F2A180002C00F09E8061
:10AE5000002F33DD9C4B07F00F0203EBC203F80514
:10AE6000D3E90034CDE910344FEA271416D5DDE9D3
:10AE70000C01964B0326D3E90823F5F757FCCDE9DF
:10AE8000060104F00F04914D54B9DDE91023DDE90A
:10AE90000601F5F74BFCCDE9060128E00226F2E7B2
:10AEA000E10708D5DDE91001D5E90023F5F714FB2A
:10AEB000CDE91001013664100835E5E700F0AF80F8
:10AEC000DDE90C017C42804B04F00F0203EBC2036E
:10AED000D3E90023F5F700FB02260023CDE90601A4
:10AEE0007A4D2411002C40F08F80002BD3D1DDE966
:10AEF00006450F9B002B00F0948000222046294637
:10AF0000734BF5F75BFD002800F08B80089B002B4E
:10AF100000F08780BBF1000F34DD20460022294677
:10AF20006C4BF5F7D9FA5C46CDE9060107F1FF381D
:10AF300001363046F5F766FADDE90623F5F7CCFA77
:10AF40000022654BF5F712F90546A1F15076002C69
:10AF50006AD1DDE906010022604BF5F705F90246EA
:10AF60000B46CDE906232A463346F5F745FD002872
:10AF700040F09882DDE906012A4606F10043F5F724
:10AF80001DFD38BBDDE90C34CDE90634159B002BE3
:10AF9000C0F257810E2F00F354814B4B03EBC703D4
:10AFA000D3E90034CDE90434219B002B80F2E58005
:10AFB000089B002B00F3E1800CD1DDE904010022A5
:10AFC000464BF5F789FADDE90623F5F70BFD002876
:10AFD00000F0668200242546219B56466FEA03084E
:10AFE00000272146484601F009F8002D00F0BD80F9
:10AFF0002FB1AF4203D03946484600F0FFFF294643
:10B00000484600F0FBFFB0E0E20705D5D5E9002394
:10B01000F5F762FA012301366410083562E702266B
:10B0200065E7B846089C84E7274B0B9903EBC403FC
:10B0300053E902235444002954D000202849F5F74D
:10B0400075FB33462A46F5F78FF85646CDE91001D1
:10B05000DDE90601F5F7F0FC0546F5F7D3F9024600
:10B060000B46DDE90601F5F77FF802460B46303561
:10B07000CDE90623DDE9102306F8015BF5F79EFC18
:10B08000002872D1DDE9062300201149F5F76CF89C
:10B09000DDE91023F5F792FC002840F0B480A642C9
:10B0A0003FF470AFDDE9100100220A4BF5F714FA06
:10B0B0000022CDE91001DDE90601064BF5F70CFA97
:10B0C000CDE90601C4E700BF38E9000810E900082F
:10B0D0000000F03F0000244000001C40000014402D
:10B0E0000000E03F31462846F5F7F6F95646CDE92F
:10B0F00010011394DDE90601F5F79EFC0546F5F70E
:10B1000081F902460B46DDE90601F5F72DF8024606
:10B110000B46303506F8015BA642CDE906234FF019
:10B12000000224D1DDE91001AE4BF5F71FF802460D
:10B130000B46DDE90601F5F75FFC002863D1DDE988
:10B1400010230020A749F5F70FF802460B46DDE96A
:10B150000601F5F733FC00283FF414AF139E731E6D
:10B16000139316F8013C302BF8D047463BE09E4B3A
:10B17000F5F7B2F9CDE90601BCE75646DDE906452B
:10B18000DDE9042320462946F5F7D0FAF5F754FC0B
:10B190008046F5F737F9DDE90423F5F79DF9024616
:10B1A0000B4620462946F4F7DFFF08F13004089DDE
:10B1B00006F8014BA6EB0A04A54202460B4633D122
:10B1C000F4F7D4FFDDE9042304460D46F5F714FC3B
:10B1D000C0B9DDE9042320462946F5F7E5FB10B1A7
:10B1E00018F0010F0ED14846039900F007FF002325
:10B1F0003370229B01371F60249B002B00F04B8291
:10B200001E6048E2B84633461E4613F8012D392A1F
:10B2100006D19A45F8D1302208F101088AF80020B9
:10B220001A7801321A70A0E700226F4BF5F754F933
:10B230000022002304460D46F5F7B6FB00289FD0F8
:10B24000D1E70B9A002A00F0EA80209A012A00F345
:10B25000CD80129A002A00F0C18003F233430A9C89
:10B26000049E049A01211A440492099A48461A44F9
:10B27000099200F0C1FF054666B1099B002B09DD6C
:10B28000B342A8BF3346049AF61AD21A0492099A16
:10B29000D31A09930A9B0BB30B9B002B00F0C680BB
:10B2A000002C00F0C08029462246484601F05CF898
:10B2B000039A01460546484600F0B4FF03998046CC
:10B2C000484600F09BFE0A9B1B1B0A9300F0B180CE
:10B2D00041460A9A484601F047F803900121484642
:10B2E00000F08AFF0E9B0446002B00F0D8811A461E
:10B2F0000146484601F038F8209B0446012B00F334
:10B300009F80069B002B40F09780079BC3F313039D
:10B31000002B40F09380079B23F000431B0D1B057F
:10B3200033B1049B01330493099B01330993012337
:10B330000A930E9B002B00F0B881236904EB830372
:10B34000186900F00DFFC0F12000099B184410F0AF
:10B350001F0000F08280C0F12003042B73DD049BEA
:10B36000C0F11C0003440493099B06440344099361
:10B37000049B002B05DD1A464846039901F04EF860
:10B380000390099B002B05DD21461A46484601F033
:10B3900045F804460F9B002B61D02146039801F02D
:10B3A000A9F800285BDA00230A224846039900F036
:10B3B00047FE0B9B07F1FF380390002B00F07781CD
:10B3C000294600230A22484600F03AFEBBF1000F4E
:10B3D00005466FDC209B022B49DC6BE0149BC3F11C
:10B3E00036033CE70000E03F00002440089B5C1E61
:10B3F0000A9BA34209DB1C1B089B002BBFF630AF46
:10B40000049B089A9E1A00232BE70A9B0E9AE31AC4
:10B410001A440A94049E0024089B0E9221E70A9C79
:10B42000049E0B9D28E7DDF80C8051E70A9A0399EA
:10B4300050E7CDF80C8051E7002379E7069B77E7CA
:10B4400000230A9379E793D0049A1C331A44049298
:10B45000099A1E441A4409928AE70346F4E7089BB6
:10B46000B846002B20DC9B46209B022B1EDDBBF147
:10B47000000F7FF4B1AD21465B460522484600F03F
:10B48000DFFD01460446039801F034F800287FF7F9
:10B49000A3AD5646312308F1010806F8013B9FE5AC
:10B4A000B846089C2546F4E7DDF820B00B9B002B3E
:10B4B00000F00181002E05DD29463246484600F0A5
:10B4C000ADFF05460A9B002B5CD04846696800F03A
:10B4D00055FD064628B9024640F2EF21804BFFF7A2
:10B4E00043BB2A6905F10C01023292000C30FFF7D0
:10B4F00086FA01223146484600F090FF2F46054665
:10B500000AF1010304930AEB0B030A93069B03F071
:10B5100001030993049B2146039803F1FF3BFFF7C6
:10B5200087FA034639463033069003980B9300F0B0
:10B53000E1FF2A4608902146484600F0F7FFC2681E
:10B5400006460B9B02BB0146039800F0D3FF024660
:10B550000B9B31464846CDE90B3200F04FFD209B56
:10B560000C9A049E42EA0301099B19430B9B0DD1DF
:10B57000392B27D0089A002A01DD069B31338BF83E
:10B5800000302EE52846B9E70122E2E708990029B4
:10B5900004DB209801430998014320D1002AEEDD05
:10B5A000012203994846049300F038FF2146039096
:10B5B00000F0A0FF0028049B02DCE0D1DA07DED512
:10B5C000392BDAD139238BF8003033461E4616F872
:10B5D000012C013B392A4ED001321A7001E5002AB4
:10B5E00003DD392BEED00133C9E7049A0A9902F83A
:10B5F000013C8A4228D000230A220399484600F0E1
:10B600001FFDAF4203904FF000034FF00A0239468E
:10B61000484607D100F014FD07460546049B013358
:10B62000049377E700F00CFD2946074600230A2221
:10B63000484600F005FD0546F0E7BBF1000FCCBF22
:10B640005E4601260027564401220399484604938A
:10B6500000F0E4FE2146039000F04CFF0028B4DC2B
:10B6600002D1049BDB07B0D433461E4613F8012DEC
:10B67000302AFAD0B5E49A45A8D1312308F101085F
:10B680008AF80030ADE4249BDFF858A01BB10AF122
:10B690000803249A1360504617B0BDE8F08F209B32
:10B6A000012B7FF72EAE0E9B0A9301204DE6BBF1D6
:10B6B000000F7FF7D9AE564621460398FFF7B8F939
:10B6C00000F1300306F8013BA6EB0A029345B4DD16
:10B6D00000230A224846039900F0B2FC0390EBE7EE
:10B6E00094E7000818E7000838B50546002940D05F
:10B6F00051F8043C0C1F002BB8BFE41800F032FCDA
:10B700001C4A136833B9636014602846BDE83840AA
:10B7100000F02EBCA34208D9206821188B4201BF3B
:10B7200019685B6809182160EDE71A465B680BB180
:10B73000A342FAD911685018A0420BD120680144E5
:10B74000501883421160E0D118685B6808441060AB
:10B750005360DAE702D90C232B60D6E72068211862
:10B760008B4201BF19685B680918216063605460EF
:10B77000CBE738BD180B002003692DE9F043B3EB8C
:10B78000611F00F114044FEA611246DD11F01F0140
:10B7900004EB830604EB82050CD1294600F1100767
:10B7A000B14235D39B1A9B00EA1E964238BF002354
:10B7B000234415E0A14654F82270C1F12008CF407F
:10B7C00005F1040E7645F44616D89A1A9200043A0A
:10B7D0000135AE4238BF0022A318A75007B1043389
:10B7E000A342A3EB040208BF00234FEAA2020261B6
:10B7F00008BF4361BDE8F083DCF800C00CFA08FC28
:10B800004CEA070749F8047B5EF8047BCF40D9E790
:10B8100051F804CB47F804CFC2E72346E0E7A0F194
:10B820003003092B02D82038C0B27047A0F1610361
:10B83000052B01D84738F7E7A0F14103052B01D8C4
:10B840002738F1E7002070472DE9F04F8A469046EF
:10B8500085B002930B6801909C1CA14614F8010B63
:10B860003028FAD0A9EB0303A3F1020BFFF7D7FFAF
:10B870000546002868D1012248469F49FFF727F86E
:10B880000746002867D199F801002646FFF7C7FF51
:10B89000002862D0234618789946302803F1010326
:10B8A000F9D0FFF7BCFFB0FA80F54FF0010B6D093E
:10B8B0004A46164630780132FFF7B1FF0028F8D12A
:10B8C000012230468C49FFF702F800283FD144B9E5
:10B8D000741C2246164630780132FFF7A0FF00287C
:10B8E000F8D1A41BA700337803F0DF03502B3ED11F
:10B8F00073782B2B33D02D2B34D00024711C087877
:10B90000FFF78DFF431EDBB2182B30D8A0F11002D9
:10B9100011F8010FFFF783FF00F1FF3C5FFA8CFC89
:10B92000BCF1180F4FF00A031ED904B1524217445C
:10B93000CAF80010EDB1BBF1000F0CBF06250025C1
:10B94000284605B0BDE8F08F00252C46B0E7002C56
:10B95000C7D12746C7E74E462F460125C3E7002437
:10B96000B11CCCE70124FBE703FB0200CEE7314624
:10B97000DEE72946A6EB0903013B072B0ADC019809
:10B9800000F0FCFA044640B90246E4215B4B5C48F7
:10B9900001F0CAF901315B10EFE7002300F1140A4E
:10B9A00055469B46B14537D345F804BBA5EB0A0580
:10B9B000AD102561584600F0D3FB6D01D8F800604A
:10B9C0002D1AB54254DDAD1B2946204600F055FF27
:10B9D000814678B14FF001096B1E59115AF82110B8
:10B9E00003F01F0209FA02F20A4203D04B4536DC8B
:10B9F0004FF0020929462046FFF7BEFE2F44D8F833
:10BA00000830BB4242DA2146019800F0F7FA0023E1
:10BA10000E9AA325136093E716F8012D2E2A12D053
:10BA2000202B04D145F804BB4FF0000B5B46307867
:10BA30000393FFF7F4FE039B00F00F0098404BEADE
:10BA4000000B0433AEE7B145EAD8012230462A495B
:10BA50000393FEF73CFF039B0028E1D1A2E72046B9
:10BA6000A91E00F00AFF0028C2D04FF00309C1E769
:10BA700009DA751B21462A46019800F0CFFC0446DE
:10BA80007F1B00F1140A4FF00009B8E7D8F8045002
:10BA9000BD426FDDED1BAE4234DCD8F80C30022B1A
:10BAA00022D0032B24D0012B15D1AE4213D1012E6D
:10BAB0000BD1D8F80430029A622513600123236168
:10BAC000CAF800300E9B1C603AE72046711E00F059
:10BAD000D4FE0028EDD12146019800F08FFA002312
:10BAE0000E9A502513602BE70F9B002BF3D1E0E754
:10BAF0000F9B002BDDD1EEE7DAE6000894E70008A3
:10BB0000A5E700086F1EB9F1000F30D127B1394603
:10BB1000204600F0B2FE814601232946761B02250D
:10BB20007A115AF8222007F01F07BB401342204623
:10BB300018BF49F00209FFF71FFED8F80470B9F1E9
:10BB4000000F47D0D8F80C30022B15D0032B17D09C
:10BB5000012B09D119F0020F06D0DAF8003049EABA
:10BB6000030919F0010F0ED145F0100532E04FF036
:10BB70000109D1E70125E2E70F9BC3F101030F9310
:10BB80000F9B002BF0D04FF0000CD4F810B004F154
:10BB900014034FEA8B0A03EB8B01184653F8042B6E
:10BBA000B2F1FF3F1BD001320260022D04F11403F9
:10BBB0003CD1D8F80020013AB24209D101227111DA
:10BBC00053F8213006F01F0602FA06F61E423AD15B
:10BBD00045F020050E9B1C60029B1F60B0E6994259
:10BBE00043F804CCD9D8A3689B4517DB616801985A
:10BBF000013100F0C3F9814618B902468421194B7E
:10BC0000C5E6226904F10C01023292000C30FEF705
:10BC1000F6FE2146019800F0F1F94C4623695A1CC2
:10BC20002261012204EB83035A61BEE722695A456F
:10BC30000BDD01212046FFF79FFDD8F808300137C2
:10BC4000BB42FFF6E0AE0125C2E716F01F06FAD0B0
:10BC5000534453F8040C00F083FAC6F12006B042B6
:10BC6000E7DBF0E794E70008C2F10802920070B544
:10BC7000C2F120064368046803FA06F52C43D3405A
:10BC8000046040F8043F8842F4D370BD30B50368C7
:10BC9000013311F8014B14B90360012030BD13F8D2
:10BCA000012BA2F14105192D98BF2032A242F0D0FC
:10BCB0000020F3E72DE9F04F00250B6882465E1166
:10BCC00002EB860613F01F0318BF0436371F904699
:10BCD000B9463C46AB4687B00168019346F8045C20
:10BCE00002954A784B1C039342B310460591049287
:10BCF000FFF795FD002851D1049A0599202A18D8FC
:10BD0000029B9B4513DD4C4506D2072D04DC2A46D9
:10BD100049462046FFF7A8FF444552D90023A4F125
:10BD2000040944F8043C1D464C46CDF808B003997C
:10BD3000D7E7292A57D10231CAF80010BBF1000F0A
:10BD400051D04C4506D2072D04DC2A4649462046F0
:10BD5000FFF78AFF444536D92346A8F1040253F879
:10BD6000041B9F4242F8041FF9D23B1B23F003033C
:10BD700004330134033EB44288BF04230022434409
:10BD800043F8042B9F42FBD23B681BB9474528D19F
:10BD900001233B60052007B0BDE8F08F0135082D79
:10BDA0000BF1010B06DD4445C1D90023012544F800
:10BDB000043C043C226800F00F0040EA02102060BE
:10BDC000B5E70825B3E7019B002BDDD04FF0FF322C
:10BDD000C3F12003DA4056F8043C134046F8043C13
:10BDE000D2E7043FD0E70420D5E70000024B01462C
:10BDF000186800F025B800BF6C05002070B50F4E24
:10BE00000C463168054611B900F07EFF30602146CE
:10BE1000284600F079FF431C03D14FF0FF34204641
:10BE200070BDC41C24F00304A042F8D0211A284697
:10BE300000F06AFF0130F2D1EFE700BF140B0020E1
:10BE40002DE9F843CD1C25F0030508350C2D38BF2E
:10BE50000C25002D064601DBA94204D90C233360D2
:10BE60000020BDE8F883DFF8D48000F07BF8D8F834
:10BE700000301C4644BB29463046FFF7BFFF431C39
:10BE8000044658D1D8F800402746002F43D1002C53
:10BE90004BD023683946304604EB030900F034FFE9
:10BEA000814542D1216830466D1A2946FFF7A6FF29
:10BEB00001303AD023682B442360D8F800305A6808
:10BEC00062BBC8F800700FE02268521B20D40B2A16
:10BED00017D96119A342256018BF5960636808BF6C
:10BEE000C8F8001062514B60304600F041F804F190
:10BEF0000B00231D20F00700C21A1CBF1B1AA35001
:10BF0000AFE76268A3420CBFC8F800205A60EBE7B5
:10BF100023466468AEE73C467F68B6E71A465B682E
:10BF2000A342FBD100235360DEE70C23304633608D
:10BF300000F01EF894E70560D6E700BF180B00205C
:10BF400082B001B901A942B14BB113780B601278EC
:10BF5000101E18BF012002B070471046FBE76FF0BB
:10BF60000100F8E70148FEF73ABD00BF100B0020C2
:10BF70000148FEF735BD00BF100B002070B5C66943
:10BF800004460D4676B91020FFF730FF0246E06107
:10BF900020B96B21174B184800F0C6FEC0E90166B6
:10BFA0000660C660E669F36883B1E369DB6853F84D
:10BFB0002500B8B9012101FA05F6721D204692004C
:10BFC00000F0D0FE60B1C0E901560EE0212204214C
:10BFD000204600F0C7FEE369F060DB68002BE4D187
:10BFE000002070BD026843F825200023C0E9033318
:10BFF000F7E700BF25E7000805E8000870B5C66947
:10C0000005460C4676B91020FFF7F0FE0246E861BF
:10C0100020B98F21084B094800F086FEC0E901666F
:10C020000660C6603CB1EB696268DB6853F82210B9
:10C03000216043F8224070BD25E7000805E80008AC
:10C040002DE9F04107460C461E4600200D6901F11E
:10C05000140CDCF80030013099B202FB01611E0CB7
:10C060000B0C02FB063389B201EB034185424FEA18
:10C0700013464CF8041BECDC0EB3A368AB4219DC8E
:10C08000616838460131FFF779FF804628B90246DA
:10C09000BA210C4B0C4800F047FE226904F10C0158
:10C0A000023292000C30FEF7AAFC21463846FFF718
:10C0B000A5FF444604EB850301355E6125612046FA
:10C0C000BDE8F08194E7000805E800082DE9F84391
:10C0D000154609221F4608330C4693FBF2F3064629
:10C0E000012200219A4209DB3046FFF747FF40B9A1
:10C0F0000246D321184B194800F016FE52000131B8
:10C10000F0E7089B092D43614FF00103036116DD41
:10C1100004F10909C8462C4418F8013B01460A22DB
:10C120003046303BFFF78CFFA045F5D1A5F1080460
:10C130004C442D1B6319BB4204DBBDE8F883092581
:10C140000A34F6E714F8013B01460A223046303B38
:10C15000FFF776FFEEE700BF94E7000805E8000868
:10C160000346B0F5803F3ABF030410200020B3F12E
:10C17000807F3CBF1B020830B3F1805F3CBF1B01D6
:10C180000430B3F1804F3CBF9B000230002B05DB35
:10C1900013F0804F00F1010008BF202070470368B2
:10C1A000024613F007000BD0D90721D4980749BFE6
:10C1B0005B089B08012013605CBF0220136070477E
:10C1C00099B209B910201B0CD9B209B908301B0A61
:10C1D000190704BF1B090430990704BF9B080230EC
:10C1E000D90703D45B0800F1010003D01360704746
:10C1F000002070472020704710B50C460121FFF742
:10C20000BDFE024628B940F24511044B044800F037
:10C210008BFD01234461036110BD00BF94E700085A
:10C2200005E800082DE9F04F17460A693B69894681
:10C230009A42A2BF3B460F4699463D69D9F810A0E5
:10C24000BB68796805EB0A06B34285B0B8BF013117
:10C25000FFF794FE30B902464FF4B171404B4148AC
:10C2600000F062FD00F114042346002204EB860E68
:10C27000734520D307F1140809F1140108EB850573
:10C2800001EB8A030293EB1B153B23F003030433FA
:10C290001537BD4238BF04230193029B03918B42A3
:10C2A0000CD8002E03DD5EF8043D002B55D006614E
:10C2B00005B0BDE8F08F43F8042BD9E7B1F800A032
:10C2C000BAF1000F1FD0C446A14600275CF8042B2A
:10C2D000D9F800301FFA82FB9BB20AFB0B333B44B8
:10C2E000D9F80070120C3F0C0AFB027202EB1342E9
:10C2F0009BB243EA024365454FEA124749F8043BC3
:10C30000E4D8019BE750039B0431B3F80290B9F1E4
:10C31000000F20D04746A4464FF0000A2368B7F824
:10C3200000B0BCF802209BB209FB0B22524443EA46
:10C3300002434CF8043B57F8043B4FEA134ABCF85D
:10C340000030BD4209FB0A3303EB12434FEA134AA4
:10C35000E5D8019AA35004349FE7013EA1E700BF4E
:10C3600094E7000805E800082DE9F843154612F0A7
:10C37000030207460E4607D0254C013A002354F825
:10C380002220FFF75DFE0646AD103DD0FC697CB96A
:10C390001020FFF72BFD0246F86128B940F2B311D7
:10C3A0001C4B1D4800F0C0FCC0E901440460C4609F
:10C3B000D7F81C80D8F808404CB940F271213846B3
:10C3C000FFF71AFF00230446C8F8080003604FF087
:10C3D0000009EB070AD5314622463846FFF722FF0F
:10C3E000804631463846FFF709FE46466D100BD0B1
:10C3F000206838B9224621463846FFF713FF2060EF
:10C40000C0F800900446E4E73046BDE8F88300BF7A
:10C4100000E9000825E7000805E800082DE9F047D5
:10C420000C46074691462369496803EB6218A368E6
:10C430004FEA621A08F10106B3420BDB3846FFF7F8
:10C440009DFD054648B902464FF4EF71274B284839
:10C4500000F06AFC01315B00EEE7002300F11401FB
:10C4600000F110021846534533DB20692AEAEA7AC4
:10C4700004F1140319F01F0901EB8A0103EB800C8E
:10C480002BD08A460022C9F1200E186800FA09F064
:10C4900010434AF8040B53F8042B9C4522FA0EF281
:10C4A000F3D8ACEB0403153B23F00303043304F18E
:10C4B0001500604588BF0423CA500AB108F102067E
:10C4C000013E384621462E61FFF798FD2846BDE81B
:10C4D000F08742F8040F0133C5E7043953F8042B01
:10C4E0009C4541F8042FF9D8EAE700BF94E700081B
:10C4F00005E8000803460A69006930B5801A0ED1C4
:10C500001433143103EB820401EB820154F8045D0F
:10C5100051F8042D954203D005D24FF0FF3030BDC5
:10C52000A342F3D3FBE70120F9E700002DE9F74F21
:10C5300089460646114648461446FFF7DBFF051EAE
:10C5400012D129463046FFF719FD024628B940F2BC
:10C5500037213E4B3E4800F0E7FB0123C0E904359C
:10C56000104603B0BDE8F08FBCBF4B46A146304635
:10C57000D9F80410BABF1C4601250025FFF7FEFCC0
:10C58000024618B940F24521304BE3E700F1140BA5
:10C59000D9F8107009F11003C5604FF0000C09F1D3
:10C5A0001405D946266904F1140E05EB87080EEB35
:10C5B00086060193019B5EF8040B53F804AF81B229
:10C5C00001931FFA8AF35B1A000C6344C0EB1A4014
:10C5D00000EB23409BB243EA004376454FEA204CF0
:10C5E00049F8043BE6D8331B153B23F0030315340D
:10C5F0000433A64238BF04231D445B441E462C4628
:10C6000044450ED308F10301491B21F00301033D0A
:10C61000A84538BF00210B4453F8041D99B1176198
:10C620009EE7E64654F8041B1FFA81FCF444080C0C
:10C63000714400EB2C4089B241EA00414FEA204CA2
:10C6400046F8041BDCE7013FE6E700BF94E700087B
:10C6500005E800080E4B0B40A3F15073002B08DCDB
:10C660005B42B3F1A07F4FEA235204DA4FF4002378
:10C670001341002208E0A2F114031E2BD6BF4FF095
:10C6800000420122DA40002319461046704700BFDD
:10C690000000F07F0269F8B500F1140606EB820293
:10C6A00052F8044C1E4F2046FFF75AFD0346C0F1D6
:10C6B00020000A2BA2F10405086012DCAE422CBF58
:10C6C000002252F8082CC3F10B0C153324FA0CFE8F
:10C6D00004FA03F322FA0CF24EEA07011A43104659
:10C6E000F8BDAE4236BFA2F10805002252F8082C70
:10C6F0000B3B12D0C3F1200722FA07F19C400C43F8
:10C70000B54244F07F5194BF002455F8044C9A4040
:10C71000FC4041F440112243E1E744EA0701DEE72F
:10C720000000F03F2DE97343012190469946089E91
:10C73000FFF724FC044630B9024640F20F31234B88
:10C74000234800F0F1FAC9F30A55C9F313030DB1F8
:10C7500043F480130193B8F1000324D0684600939A
:10C76000FFF71DFDDDE90012D8B1C0F1200302FA88
:10C7700003F30B43C24063610192019B002B0CBF8A
:10C7800001220222A3612261ADB1A5F23345054425
:10C790003560C0F13500099B1860204602B0BDE845
:10C7A00070836161E9E701A8FFF7F9FC019B0122B1
:10C7B00063612030E7E7A0F2324004EB820330608F
:10C7C0001869FFF7CDFCC0EB4210E4E794E70008DE
:10C7D00005E800082DE9F04F85B0CDE9001002A969
:10C7E000FFF758FF8B4606460F46009803A9FFF750
:10C7F00051FF0D46019B89461969009B04461B6940
:10C800003046C91ADDE902329B1A03EB4113002BB3
:10C81000CDBF3A462A46C3EB033302EB035BD8BFD6
:10C8200002EB03594B4622465946F3F77FFF05B00A
:10C83000BDE8F08F013970B549111469013102F179
:10C84000140300EB810103EB8404051FA3420CD306
:10C85000A31A113B23F003031132A24288BF002325
:10C8600018440023884205D370BD53F8046B45F883
:10C87000046FEBE740F8043BF4E700F114020069B1
:10C880004B11984210B511DB0ADD11F01F0107D0E2
:10C8900052F8234024FA01F000FA01F18C420BD146
:10C8A00002EB8303934203D8002010BD0346F7E751
:10C8B00053F8041D0029F5D00120F6E70346084689
:10C8C00041B1FF2A04D98A224FF0FF301A60704725
:10C8D00001200A7070472DE9F0471F468E68824696
:10C8E000BE420C4690460B682DD8B1F90C2012F4CC
:10C8F000906F26D06569096905EB4505A3EB010931
:10C9000005EBD5757B1C4B446D109D4238BF1D4611
:10C91000530527D52946FFF793FA064660B34A46E2
:10C920002169FEF76CF8A38923F4906343F0800338
:10C93000A38126614E4426603E466561A5EB09054C
:10C94000A560BE4200D93E4632464146206800F00E
:10C95000C1F90020A3689B1BA360236833442360B4
:10C96000BDE8F0872A4600F011FA06460028E0D11B
:10C9700050462169FEF7B8FE0C23CAF80030A3899F
:10C980004FF0FF3043F04003A381E9E72DE9F04F7A
:10C9900098468B8907461B060D4614469DB010D558
:10C9A0000B6973B94021FFF74BFA2860286130B951
:10C9B0000C233B604FF0FF301DB0BDE8F08F4023EB
:10C9C0006B610023099320238DF8293030234FF029
:10C9D0000109CDF80C80DFF898818DF82A302346C4
:10C9E0009A4613F8012B0AB1252AF9D1BAEB040BA8
:10C9F0000BD05B46224629463846FFF76CFF0130D4
:10CA000000F0A780099A5A4409929AF80030002B46
:10CA100000F09F8000234FF0FF32CDE905230AF19B
:10CA2000010A049307938DF853301A935446052254
:10CA300014F8011B4E48FDF7D4FF049AD8B9D0066C
:10CA400044BF20238DF85330110744BF2B238DF8AA
:10CA500053309AF800302A2B15D0544600204FF05E
:10CA60000A0C079A214611F8013B303B092B4BD9A0
:10CA7000B0B1079214E0A0EB080309FA03F31343E3
:10CA8000A2460493D2E7039B191D1B680391002B58
:10CA9000BBBF5B4242F0020207930793B8BF049208
:10CAA00023782E2B0AD163782A2B32D1039B0234B0
:10CAB0001A1D1B68039243EAE3730593DFF8B4A0E1
:10CAC000032250462178FDF78CFF38B14022049BA9
:10CAD000A0EB0A00824013430134049314F8011BB5
:10CAE000062225488DF82810FDF77BFF002836D058
:10CAF000224B1BBB039B073323F00703083303932D
:10CB0000099B334409936AE70C4601200CFB02326F
:10CB1000A8E700234FF00A0C19460134059320467C
:10CB200010F8012B303A092A03D9002BC6D0059101
:10CB3000C4E7044601230CFB0121F0E703AB00939B
:10CB40002A4638460E4B04A9FDF7A0F9421C0646BA
:10CB5000D6D1AB895B063FF52DAF09982CE703AB27
:10CB600000932A463846064B04A9FDF72DFCEDE755
:10CB70005EE8000864E8000868E800088D9E000888
:10CB8000D7C80008B1F90C20F8B5160705460C46C1
:10CB900054D44B68002B02DC0B6C002B48DDE66A9A
:10CBA000002E45D0002312F480522F68216A2B609A
:10CBB00030D0626DA389590705D56368D21A636BBB
:10CBC0000BB1236CD21A00232846E66A216AB047CB
:10CBD000431CA38906D129681D292BD8284ACA409D
:10CBE000D60727D5002262602269D904226004D5C5
:10CBF000421C01D12B6803B96065616B2F60B9B12C
:10CC000004F14403994202D02846FEF76DFD00234B
:10CC100063630DE001232846B0470246501CC9D18A
:10CC20002B68002BC6D01D2B01D0162B1DD12F60D9
:10CC3000002021E043F040031BB21AE00F69002FEF
:10CC4000F6D0930718BF00230E6808BF4B69F61B88
:10CC50000F608B60002EEBDD33463A462846216A92
:10CC6000D4F828C0E047002807DCB4F90C3043F0C2
:10CC700040034FF0FF30A381F8BD0744361AE9E7BF
:10CC80000100402038B50B6905460C4613B9002554
:10CC9000284638BD18B1036A0BB9FDF73FFDB4F95A
:10CCA0000C30002BF3D0626ED00704D4990502D467
:10CCB000A06DFDF794FE28462146FFF763FF636EE3
:10CCC0000546DA07E4D4A3899B05E1D4A06DFDF7FE
:10CCD00087FEDDE7884210B501EB020402D98442E9
:10CCE000234607D8431EA14208D011F8012B03F8B0
:10CCF000012FF8E7014602448A4200D110BD13F823
:10CD0000014D02F8014DF7E738B50023054D044603
:10CD100008462B60F7F76CFB431C02D12B6803B16C
:10CD2000236038BD0C0B00201FB514461A46094B72
:10CD300005461B68D8684CB1074BCDE9013400911A
:10CD40002B46064900F050F800F060F8044B1C46F2
:10CD5000F3E700BF6C0500206FE800087CE80008DE
:10CD6000AAE8000870B5A1FB025434B92946FFF7C0
:10CD700067F8064628B9304670BD0C2200260260CE
:10CD8000F9E72A462146FDF79AFDF4E72DE9F0413F
:10CD9000074614460D4621B91146BDE8F041FFF79C
:10CDA0004FB82AB9FEF7A0FC25462846BDE8F08119
:10CDB00000F033F88442064602D8B4EB500FF4D8A2
:10CDC00021463846FFF73CF8804608B94546ECE76F
:10CDD000B4422246294628BF3246FDF710FE2946B6
:10CDE0003846FEF781FCF1E70EB403B5014603AB0C
:10CDF000054853F8042B0068019300F03DF802B099
:10CE00005DF804EB03B070476C050020062008B500
:10CE100000F006FA0120F7F776FA51F8043C181FE3
:10CE2000002BBCBF0B58C0187047936810B4013B6F
:10CE3000002B936007DA9469A34201DB0A2902D12F
:10CE400010BC00F031B91368581C10601970084606
:10CE500010BC7047F8B506460F461446D518AC42CC
:10CE600001D1002007E03A46304614F8011BFFF7D5
:10CE7000DCFF431CF3D1F8BD2DE9F04F0D461446FD
:10CE8000984606469DB018B1036A0BB9FDF746FCFB
:10CE90006B6ED90705D4AB899A0502D4A86DFDF74E
:10CEA0009EFDAB891B0701D52B699BB929463046EE
:10CEB00000F038F970B16B6EDC0704D54FF0FF302D
:10CEC0001DB0BDE8F08FAB899805F7D4A86DFDF7CC
:10CED00087FDF3E70023099320238DF829303023C1
:10CEE0004FF00109CDF80C80DFF8A8818DF82A30C9
:10CEF00023469A4613F8012B0AB1252AF9D1BAEB39
:10CF0000040B0BD05B46224629463046FFF7A2FFB2
:10CF1000013000F0A780099A5A4409929AF800302B
:10CF2000002B00F09F8000234FF0FF32CDE9052356
:10CF30000AF1010A049307938DF853301A9354466B
:10CF4000052214F8011B5348FDF74BFD049AD8B98C
:10CF5000D10644BF20238DF85330130744BF2B2341
:10CF60008DF853309AF800302A2B15D05446002003
:10CF70004FF00A0C079A214611F8013B303B092B70
:10CF80004BD9B0B1079214E0A0EB080309FA03F300
:10CF90001343A2460493D2E7039B191D1B68039118
:10CFA000002BBBBF5B4242F0020207930793B8BF5E
:10CFB000049223782E2B0AD163782A2B32D1039B3B
:10CFC00002341A1D1B68039243EAE3730593DFF8EA
:10CFD000C8A0032250462178FDF703FD38B1402256
:10CFE000049BA0EB0A00824013430134049314F81D
:10CFF000011B062229488DF82810FDF7F2FC0028B5
:10D000003FD0274B1BBB039B073323F00703083399
:10D010000393099B3B4409936AE70C4601200CFBF0
:10D020000232A8E700234FF00A0C19460134059399
:10D03000204610F8012B303A092A03D9002BC6D01C
:10D040000591C4E7044601230CFB0121F0E703AB83
:10D0500000932A463046134B04A9FCF717FF0746F6
:10D06000781CD6D16B6ED90705D4AB899A0502D44A
:10D07000A86DFDF7B5FCAB895B063FF51FAF0998BE
:10D080001EE703AB00932A463046064B04A9FDF782
:10D090009BF9E4E75EE8000864E8000868E8000837
:10D0A0008D9E000855CE0008F8B50E46144605467C
:10D0B00018B1036A0BB9FDF731FBA369A360A3891B
:10D0C0001A0701D5236943B92146284600F02AF8FA
:10D0D00018B14FF0FF373846F8BD23682269F6B221
:10D0E000981A63693746834205DC21462846FFF7D4
:10D0F000C9FD0028EDD1A368013BA36023685A1C39
:10D1000022601E706269431C9A4204D0A389DB0727
:10D11000E1D50A2EDFD121462846FFF7B3FD0028CE
:10D12000D9D0D6E738B5294B054618680C4618B152
:10D13000036A0BB9FDF7F2FAB4F90C30190722D4DF
:10D14000DA0607D409222A6043F040034FF0FF308B
:10D15000A38133E0580712D5616B41B104F1440358
:10D16000994202D02846FEF7BFFA00236363A389E1
:10D1700023F02403A3810023636023692360A38930
:10D1800043F00803A38123694BB9A38903F42073F7
:10D19000B3F5007F03D02146284600F082F8B4F9A9
:10D1A0000C3013F001020AD00022A26062695242E0
:10D1B000A261226942B913F08000C5D138BD990738
:10D1C00058BF6269A260F4E70020F7E76C05002011
:10D1D0001F2938B505460C4604D9162303604FF0C5
:10D1E000FF3038BDC26B12B152F821304BB928461E
:10D1F00000F030F8224601462846BDE8384000F0ED
:10D2000017B8012B0AD0591C03D116230360012043
:10D21000E7E70021204642F8241098470020E0E785
:10D22000024B01461868FFF7D3BF00BF6C05002012
:10D2300038B50023064D0446084611462B60F7F723
:10D2400052F8431C02D12B6803B1236038BD00BFE4
:10D250000C0B0020F7F740B870B50C46B1F90E1072
:10D26000154600291E4696B00CDAA389002113F05A
:10D27000800F14BF40234FF48063002031602B6087
:10D2800016B070BD6A4600F049F80028EDDB019940
:10D2900001F47041A1F50053594259414FF48063A4
:10D2A000EBE78B89F7B59D0706460C4607D504F1D9
:10D2B0004703236023610123636103B0F0BD6A4625
:10D2C00001ABFFF7C9FF009F054639463046FEF720
:10D2D000B7FD48B9B4F90C309A05EED423F0030336
:10D2E00043F00203A381E2E7A389C4E9040743F002
:10D2F0008003A381019B20605BB13046B4F90E101E
:10D3000000F01EF828B1A38923F0030343F00103C2
:10D31000A381A3891D43A581CFE7000038B5002371
:10D32000064D0446084611462B60F7F73BF8431CB0
:10D3300002D12B6803B1236038BD00BF0C0B002065
:10D3400038B50023054D044608462B60F7F739F839
:10D35000431C02D12B6803B1236038BD0C0B0020A5
:10D3600038B5044600F052F9214605462046F3F749
:10D37000CFFE70B900212046F3F7C0FE48B9002166
:10D380002046F3F793FE30B1FDF7FEFA2223064D57
:10D390000360284638BDFDF7F7FA212303600348F0
:10D3A000BDE83840FDF740BB000080FFAAE8000858
:10D3B00007B51A4A20F000439342014605D80021E0
:10D3C00003B05DF804EB00F02BB8B3F1FF4F04D3CA
:10D3D000F3F7CEFB03B05DF804FB694600F044FAB6
:10D3E00000F00302012A07D0022A0CD082B9019969
:10D3F000009800F015F8EDE70199009800F090F81A
:10D4000000F10040E6E70199009800F009F8F7E71D
:10D4100001220199009800F083F8DBE7D80F493F1B
:10D420002DE9F04120F00045B5F1485F06468846F9
:10D4300003D2F3F783FE00285CD031463046F3F781
:10D44000A1FC4FF07C510446F3F79CFC2B490746A6
:10D450002046F3F797FC2A49F3F78CFB2146F3F7B4
:10D4600091FC2849F3F784FB2146F3F78BFC26490E
:10D47000F3F780FB2146F3F785FC2449F3F778FBAB
:10D480002146F3F77FFC2249F3F774FB2146F3F7BB
:10D4900079FC2146F3F776FC414604463046F3F723
:10D4A00071FC01462046F3F763FB1A4B04469D428C
:10D4B0000AD801463846F3F75BFB01464FF07E5031
:10D4C000F3F756FBBDE8F081134B4FF07E509D42C1
:10D4D0008CBF124D05F17F452946F3F749FB2946DC
:10D4E00006463846F3F744FB2146F3F741FB014675
:10D4F0003046E5E74FF07E50E4E700BF4ED747AD3A
:10D50000F6740F317CF29334010DD037610BB63ACB
:10D51000ABAA2A3D9999993E0000483F0000903EF1
:10D520002DE9F84320F00043B3F1485F04460F466D
:10D53000914603D2F3F702FE002835D0214620465B
:10D54000F3F720FC054601462046F3F71BFC29496A
:10D5500006462846F3F716FC2749F3F709FB294648
:10D56000F3F710FC2549F3F705FB2946F3F70AFC0E
:10D570002349F3F7FDFA2946F3F704FC2149F3F7B1
:10D58000F9FA8046B9F1000F11D101462846F3F7A8
:10D59000F9FB1D49F3F7ECFA3146F3F7F3FB0146CB
:10D5A0002046F3F7E7FA04462046BDE8F8834FF03B
:10D5B0007C513846F3F7E6FB414681463046F3F7A7
:10D5C000E1FB01464846F3F7D3FA2946F3F7DAFBC5
:10D5D0003946F3F7CDFA0C4905463046F3F7D2FB4E
:10D5E00001462846F3F7C6FA01462046F3F7C0FA8B
:10D5F000D9E700BFD3C92E2F342FD7321BEF3836CF
:10D60000010D50398988083CABAA2A3E30F000420F
:10D6100001462DE9F84F06D100214FF04C40F3F7B9
:10D6200065FCBDE8F88F0028044603DAF3F7A0FA9A
:10D630000021F4E7B0F1FF4F02DBF3F79BFAF0E7CC
:10D64000B0F5000F35DA4FF09841F3F79BFB6FF020
:10D6500018030446E7157F3F1F44764BC4F31604B6
:10D66000234403F4000080F07E504FF07E512043AD
:10D6700007EBD357F3F77CFA6F4B04F10F0213401B
:10D680000646002B43D10021F3F710FD98B1002F7F
:10D6900000F0CD803846F3F721FB68490546F3F7E3
:10D6A00071FB674904462846F3F76CFB01462046A8
:10D6B000C3E70023CEE763493046F3F763FB014637
:10D6C0004FF07C50F3F754FA314604463046F3F7F6
:10D6D00059FB01462046F3F755FB04460FB9214696
:10D6E00078E03846F3F7FAFA54490746F3F74AFB6D
:10D6F000054638465249F3F745FB01462046F3F705
:10D7000037FA3146F3F734FA0146284679E04FF00C
:10D710008041F3F72FFA01463046F3F7E7FB8146E5
:10D720003846F3F7DBFA494680464846F3F72AFBCA
:10D7300001468246F3F726FB05464349F3F722FBF1
:10D740004249F3F717FA2946F3F71CFB4049F3F770
:10D7500011FA2946F3F716FB3E49F3F70BFA514647
:10D76000F3F710FB3C4982462846F3F70BFB3B4995
:10D77000F3F700FA2946F3F705FB3949F3F7FAF90D
:10D780002946F3F7FFFA01465046F3F7F3F9DFF8BD
:10D79000D4B00546A344C4F5571404F5227444EAF2
:10D7A0000B04002C30DD4FF07C513046F3F7EAFAE1
:10D7B0003146F3F7E7FA014604462846F3F7DAF96B
:10D7C0004946F3F7DFFA054637B901462046F3F735
:10D7D000CFF90146304614E018494046F3F7D2FA33
:10D7E000174907464046F3F7CDFA2946F3F7C2F941
:10D7F00001462046F3F7BCF93146F3F7B9F9014683
:10D800003846F3F7B5F90CE701463046F3F7B0F9BF
:10D810004946F3F7B7FA0446002F3FF460AF0749D3
:10D820004046F3F7AFFA06490546404663E7002055
:10D83000F7E600BF20FB4A00F0FF7F008071313F18
:10D84000D1F71737ABAAAA3E9788173E25333A3E41
:10D850002549923EABAA2A3F4FD01C3E298E633EFB
:10D86000CDCCCC3E305CCFFF2DE9F04FA44A20F068
:10D87000004890450C46824687B004D800230860D3
:10D880004B6000251DE09F4A90454FD820F0004591
:10D8900000289D499D4F25F00F0524DDF3F768F919
:10D8A000BD42064611D09A49F3F762F90146054692
:10D8B0003046F3F75DF99649F3F75AF925600125EB
:10D8C0006060284607B0BDE8F08F9249F3F750F941
:10D8D00091490646F3F74CF9014605463046F3F701
:10D8E00047F98D49E8E7F3F745F9BD4206460FD001
:10D8F0008749F3F73FF9014605463046F3F738F913
:10D900008349F3F737F9256060604FF0FF35D8E7BA
:10D910008049F3F72FF980490646F3F72BF90146C2
:10D9200005463046F3F724F97B49EAE77B4A904500
:10D9300000F2958000F0FEF879490646F3F722FAE6
:10D940004FF07C51F3F716F9F3F7F8FB0546F3F7C0
:10D95000C5F96D498146F3F715FA01463046F3F7EC
:10D9600007F96B4907464846F3F70CFA1F2D0646A0
:10D970000EDC6C4A691E52F821202AF0004323F085
:10D98000FF03934204D031463846F3F7F1F80BE039
:10D9900031463846F3F7ECF8C0F3C753C3EBD8531E
:10D9A000082B4FEAE85B01DC206026E05949484635
:10D9B000F3F7E8F9064601463846F3F7D9F8014689
:10D9C00080463846F3F7D4F83146F3F7D1F80646E7
:10D9D00051494846F3F7D6F93146F3F7C9F80146FD
:10D9E00006464046F3F7C4F8C0F3C753ABEB030B4E
:10D9F000BBF1190F18DC47462060D4F80080384688
:10DA00004146F3F7B5F83146F3F7B2F8BAF1000F33
:10DA10006060BFF656AF08F1004800F10040C4F85E
:10DA2000008060606D424CE73F494846F3F7AAF931
:10DA3000064601464046F3F79BF801460746404636
:10DA4000F3F796F83146F3F793F806463749484618
:10DA5000F3F798F93146F3F78BF8064693E7B8F1F8
:10DA6000FF4F05D30146F3F783F86060206008E7B5
:10DA70004FEAE856863EA8EBC6584046F3F75EFBF1
:10DA8000F3F72CF9014603904046F3F771F84FF095
:10DA90008741F3F777F90746F3F750FBF3F71EF9E1
:10DAA0000146049005463846F3F762F84FF0874187
:10DAB000F3F768F900210590F3F7F8FAF0B10021C7
:10DAC0002846F3F7F3FA002814BF01230223184A6B
:10DAD00021460192022203A80092324600F02EF85D
:10DAE000BAF1000F0546BFF6ECAE236803F1004320
:10DAF0002360636803F10043636093E70323E6E771
:10DB0000D80F493FE3CB1640800FC93FD00FC93F24
:10DB1000434435370044353708A3852E800F4943E9
:10DB200084F9223F04EB000800A3852E32318D24B6
:10DB300084EB000820F00040704700002DE9F04F12
:10DB4000DBB002920493649AAC4B059053F82230F8
:10DB500000910193049B013B0393029B1A1DC0F2A9
:10DB60009980DC1E48BF1C1DE41000254FF0000BFF
:10DB7000671CFB000693029B039AA3EBC707019B5C
:10DB8000A4EB020803EB0209659B1EAE03EB880AB7
:10DB90004D4540F38180049A1EAB03EB82054FF0A4
:10DBA000000900230DF58C7A019A914540F39A8083
:10DBB00013460AAA02EB83030893659B03EB8403D5
:10DBC000019C07930DF12808464625464FF08749EA
:10DBD0005AAB03EB840353F850BC0DF58C7A002D3F
:10DBE00000F385803946584600F046FA4FF07851E8
:10DBF0000546F3F7C7F800F08BFA4FF08241F3F7D0
:10DC0000C1F801462846F2F7B3FF0546F3F796FA46
:10DC10000646F3F763F801462846F2F7A9FF002FFE
:10DC2000814640F38180621E0AAB53F82250C7F14F
:10DC3000080145FA01F31E448B40ED1A0AAB43F884
:10DC40002250C7F107031D41002D7ADD00229246C4
:10DC50000136944200F3AA80002F05DD012F00F069
:10DC6000B680022F00F0BD80022D6AD149464FF0E8
:10DC70007E50F2F77DFF8146BAF1000F61D0394640
:10DC80004FF07E5000F0F8F901464846F2F770FF79
:10DC9000814656E0002468E718EB050F07D45AF8D0
:10DCA0002500F3F71BF846F8040B013570E75846DA
:10DCB000F9E70793059B5BF8041D53F82800F3F779
:10DCC00061F801463046F2F755FF0646079B08F11A
:10DCD0000108039A9045ECDD4AF8046B09F101094B
:10DCE000043561E7AB461E464FF00008F1E74FF000
:10DCF0006E515846F3F746F8F3F720FAF2F7EEFFC5
:10DD000049460990F3F73EF801465846F2F730FFCE
:10DD1000F3F714FA013D46F8040B5AF82510099858
:10DD2000F2F728FF83465AE705D1631E0AAA52F884
:10DD30002350ED1188E74FF07C51F3F7D5F90546F4
:10DD400090BB00214846F3F7B1F9002800F090801D
:10DD50000022631E01998B424ADA002A76D0013CE8
:10DD60000AAB53F82430083F002BF8D039464FF067
:10DD70007E5000F081F9A24607464FF06E590DF52E
:10DD80008C78BAF1000F80F2A18027460022002F84
:10DD9000C0F2CB8046A990464FF0000A184B01EB29
:10DDA000870BA4EB0709B4E002254FE758F8043BC2
:10DDB000BAF1000F08D123B1C3F5807348F8043CD1
:10DDC00001239A46013244E7C3F1FF03F6E7621EDE
:10DDD0000AAB53F8223003F07F030AA941F822303E
:10DDE00042E7621E0AAB53F8223003F03F03F4E728
:10DDF0000AA951F82310013B0A43ABE7C8EE00081B
:10DE00009CEE0008013352F8041D0029FAD0049A50
:10DE10001EA9A218661C01EB82051C440DF58C7925
:10DE2000B442FFF6CFAE079BAB4653F82600F2F79D
:10DE300055FF4FF0000A4FF000082860039B9A45F9
:10DE400007DD49F8268004350136E9E70123089A01
:10DE5000D9E7059B5BF8040953F82A10F2F792FF03
:10DE600001464046F2F786FE0AF1010A8046E5E7E0
:10DE7000069B029A4846991A00F0FEF84FF0874137
:10DE80008046F3F731F9F8B14FF06E514046F2F7A2
:10DE900079FFF3F753F9F2F721FF4FF087418146FD
:10DEA000F2F770FF01464046F2F762FEF3F746F9DB
:10DEB0000AAB43F82400484601340837F3F73EF92B
:10DEC0000AAB43F8240051E74046F7E70AAB53F8A2
:10DED0002A00F2F703FF3946F2F754FF494648F8A3
:10DEE0002A003846F2F74EFF0AF1FF3A074648E7A4
:10DEF00053F8040B5BF8041B03920293F2F742FF02
:10DF000001464046F2F736FEDDE9023280460AF16C
:10DF1000010A01998A4501DCCA45E9DD5AAB03EBE8
:10DF2000890949F8A08C013F31E7649B022B07DC8B
:10DF3000002B4EDC2ED006F007005BB0BDE8F08F62
:10DF4000649B032BF7D10DF1C80B0BEB8407B8468C
:10DF5000A246BAF1000F49DCA146B9F1010F60DC1D
:10DF60000020012C76DC329A339B002D78D1009969
:10DF70000A600A464B609060DDE757F82410F2F71C
:10DF8000F9FD013C002CF8DA0DB100F10040009BD6
:10DF90001860D0E7002032AFF4E757F82810F2F706
:10DFA000E9FD08F1FF38B8F1000FF6DAADB100F184
:10DFB0000043009A014613603298F2F7D9FD4FF002
:10DFC000010844450BDA0DB100F10040009B586098
:10DFD000B1E7A046002032AFE5E70346E9E757F88E
:10DFE000041FF2F7C7FD08F10108EAE7D8F800308E
:10DFF00058F8042C1946104602930192F2F7BAFD24
:10E00000019A014681461046F2F7B2FD029B0AF1E1
:10E01000FF3A1946F2F7AEFD48F80409C8F8009037
:10E0200097E757F8043CD7F800A0184651460193EB
:10E03000F2F7A0FD019B014680461846F2F798FDD5
:10E040005146F2F797FD47F8040909F1FF39C7F87F
:10E05000008082E75BF82410F2F78CFD013C80E73A
:10E06000009902F1004203F100430A604B600A4646
:10E0700000F100407FE700BF30F0004238B50346B2
:10E080000D4604462ED0B2F1FF4F04D30146F2F7FD
:10E0900071FD034626E010F0FF4F18D14FF0984174
:10E0A000F2F770FE174A034695420CDB0446C0F3B4
:10E0B000C752193A4CF250318D420ADD12491846C6
:10E0C00061F31E0000E01149F2F75CFEE1E7D20DBA
:10E0D000F0E75119FE29F1DC002905DD24F0FF44A9
:10E0E00044EAC153184638BD11F1160F01DA074949
:10E0F000E5E701F1190024F0FF444FF04C5144EAE8
:10E10000C050E1E7B03CFFFFCAF249716042A20D86
:10E1100070B5C0F3C7557F3D162D0146044620F06B
:10E12000004626DC002D0FDA1749F2F723FD002107
:10E13000F2F7E4FF30B1002C23DA002E134C08BFB5
:10E140004FF0004421461AE0114E2E41304216D0C5
:10E150000D49F2F70FFD0021F2F7D0FF0028F1D0B2
:10E16000002CBEBF4FF400032B41E41824EA060440
:10E17000E8E7B6F1FF4F02D3F2F7FCFC0146084690
:10E1800070BD0024DEE700BFCAF24971000080BF05
:10E19000FFFF7F00F8B500BFF8BC08BC9E46704783
:0CE1A000F8B500BFF8BC08BC9E467047F4
:10E1B0005041523A543D25642E25642C563D256429
:10E1C0002E25642C503D25642E253032642C493D8B
:10E1D00025642E253032642C443D25642E253032B2
:10E1E000640D0A004552524F523A204E5443204487
:10E1F00049534300436865636B20576972696E67D2
:10E20000210000004F56455254454D50210000005A
:10E21000543A20252E3166204300000048454154E1
:10E22000494E472054494D454F5554004368656356
:10E230006B2048656174657221000000436F6C6457
:10E240002050726F7465637421202020000000004C
:10E250004552524F523A204E544320444953432092
:10E26000000000004552524F523A204F564552543A
:10E27000454D5020000000004552524F523A204375
:10E280004F444520252D346400000000543A457267
:10E2900072202F20252E30664320202020200000D1
:10E2A000543A252E31662F252E30662025632025F1
:10E2B00063000000252D31362E313673000000003A
:10E2C0005072657373205354415254004865617411
:10E2D000696E672E2E2E2025336425252000000030
:10E2E0005265616479202D203020487A202020203A
:10E2F00000000000576169742E2E2E20202020205F
:10E300002020202000000000252E31666D6D2F7327
:10E31000202575487A0000005B54485D20537461E5
:10E3200072740D0A000000005B54485D2052656164
:10E3300064790D0A000000005B54485D2053746F3F
:10E34000700D0A00256C752C25642E253032642C46
:10E3500025642E253032642C25642C25642E25302E
:10E3600032642C25642E253032642C25642C2564DF
:10E370000D0A00004F4B3A2054656D7020557064B3
:10E38000617465640D0A00004F4B3A204865617462
:10E390006572204F4E0D0A004F4B3A20486561745C
:10E3A0006572204F46460D0A000000004F4B3A2090
:10E3B00053706565643D252E31660D0A000000002E
:10E3C0004F4B3A204D6F746F722053746F700D0A6B
:10E3D000000000004F4B3A204D6F746F7220537451
:10E3E0006172740D0A0000004F4B3A204B702055AB
:10E3F0007064617465640D0A000000004F4B3A20A0
:10E400004B6920557064617465640D0A000000005A
:10E410004F4B3A204B6420557064617465640D0A5B
:10E42000000000004F4B3A20434F4E4649472053CF
:10E43000415645440D0A00004F4B3A2044454641A1
:10E44000554C545320524553544F5245440D0A00E5
:10E450004552523A20556E6B6E6F776E0D0A000072
:10E46000486561746572204F4E2E2E2E202020208C
:10E4700000000000486561746572204F46462E2EEC
:10E480002E20202000000000543A202D2D2D2E2D6E
:10E49000202F202D2D2D0000563A202D2D2D2E2DF4
:10E4A000206D6D2F730000003C3C20566F6C76652C
:10E4B0007200000056656C6F63696461640000005F
:10E4C0006D6D2F730000000053656E7469646F00FA
:10E4D0000000000041706C6963617200566F6C76D9
:10E4E00065720000536574706F696E7400000000FF
:10E4F000DF430000504944202D204B7000000000F5
:10E50000504944202D204B69000000005049442010
:10E510002D204B640000000055703A202D2D2D2D2C
:10E520002D7300004572723A202D20436F64653AC6
:10E53000202D00005265736574656172205374610B
:10E54000747300005665722045737461646F000037
:10E55000436F6E666967204D6F746F720000000034
:10E56000436F6E666967205465726D696361000070
:10E5700045737461646973746963617300000000BA
:10E580004775617264617220436F6E66696700004F
:10E59000526573742E2046616272696361000000E7
:10E5A00053616C69720000004775617264616E644A
:10E5B0006F2E2E2E00000000477561726461646F3B
:10E5C000204F4B210000000053746174732052658A
:10E5D000736574656164617300000000436F6E666B
:10E5E00069672041706C696361646100526573659D
:10E5F000742044656661756C74732E2E00000000F3
:10E600004F4B21205265696E696369616E646F2E9C
:10E6100000000000543A252E3166202F20252E3090
:10E6200066000000563A252E3166206D6D2F73006E
:10E6300055703A20256C756D7300000055703A20B6
:10E64000256C75730000000055703A20256C756DBF
:10E6500000000000453A256C7520433A256400000F
:10E660003E252D313573000020252D3135730000F6
:10E67000202020202020202020202020202020209A
:10E68000000000003A0000002020256C6420257363
:10E69000000000002020252E316620257300000098
:10E6A000534900004E4F0000202025730000000059
:10E6B0000000000000000000010203040607080932
:10E6C0000000000001020304020304050607080914
:10E6D0000A0B0C0D0E0F101001022E00494E4600C1
:10E6E000696E66004E414E006E616E003000303142
:10E6F00032333435363738394142434445460030A9
:10E7000031323334353637383961626364656600D7
:10E710004300504F53495800496E66696E697479D9
:10E72000004E614E005245454E54206D616C6C6F39
:10E730006320737563636565646564002F62756942
:10E740006C642F676E752D746F6F6C732D666F72AE
:10E750002D73746D33325F31332E332E72656C310D
:10E760002E32303234303932362D313731352F7345
:10E7700072632F6E65776C69622F6E65776C696264
:10E780002F6C6962632F7374646C69622F64746F99
:10E79000612E630042616C6C6F6320737563636507
:10E7A00065646564002F6275696C642F676E752DF2
:10E7B000746F6F6C732D666F722D73746D33325F6F
:10E7C00031332E332E72656C312E32303234303983
:10E7D00032362D313731352F7372632F6E65776C7A
:10E7E00069622F6E65776C69622F6C6962632F7343
:10E7F00074646C69622F6764746F612D67657468F7
:10E8000065782E63002F6275696C642F676E752DB5
:10E81000746F6F6C732D666F722D73746D33325F0E
:10E8200031332E332E72656C312E32303234303922
:10E8300032362D313731352F7372632F6E65776C19
:10E8400069622F6E65776C69622F6C6962632F73E2
:10E8500074646C69622F6D707265632E6300232D82
:10E86000302B2000686C4C00656667454647002CDD
:10E870002066756E6374696F6E3A2000617373650C
:10E880007274696F6E2022257322206661696C653F
:10E89000643A2066696C6520222573222C206C69FD
:10E8A0006E65202564257325730A0000340000007E
:10E8B000CEFBFFFFCB0300000100000000000000C2
:10E8C00035000000CEFBFFFFCB030000010000007D
:10E8D0000000000000000000BC89D897B2D29C3C28
:10E8E00033A7A8D523F649393DA7F444FD0FA53237
:10E8F0009D978CCF08BA5B25436FAC6428066811DE
:10E9000005000000190000007D000000000000006C
:10E910000080E03779C34143176E05B5B5B893461B
:10E92000F5F93FE9034F384D321D30F94877825AE7
:10E930003CBF737FDD4F1575000000000000F03F05
:10E9400000000000000024400000000000005940CA
:10E950000000000000408F40000000000088C3401D
:10E9600000000000006AF8400000000080842E4192
:10E9700000000000D01263410000000084D79741DE
:10E980000000000065CDCD41000000205FA00242E4
:10E99000000000E876483742000000A2941A6D4259
:10E9A000000040E59C30A2420000901EC4BCD6424C
:10E9B00000003426F56B0C430080E03779C34143F7
:10E9C00000A0D8855734764300C84E676DC1AB436D
:10E9D000003D9160E458E143408CB5781DAF15448B
:10E9E00050EFE2D6E41A4B4492D54D06CFF0804466
:10E9F000F64AE1C7022DB544B49DD9794378EA447B
:10EA000000202020202020202020282828282820FE
:10EA100020202020202020202020202020202020F6
:10EA2000208810101010101010101010101010105E
:10EA3000100404040404040404040410101010104E
:10EA40001010414141414141010101010101010118
:10EA5000010101010101010101010101101010106A
:10EA600010104242424242420202020202020202EA
:10EA7000020202020202020202020202101010103E
:10EA80002000000000000000000000000000000066
:10EA90000000000000000000000000000000000076
:10EAA0000000000000000000000000000000000066
:10EAB0000000000000000000000000000000000056
:10EAC0000000000000000000000000000000000046
:10EAD0000000000000000000000000000000000036
:10EAE0000000000000000000000000000000000026
:10EAF0000000000000000000000000000000000016
:10EB000000000000000FC93F000F494000CB9640B5
:10EB1000000FC9400053FB4000CB164100ED2F41D0
:10EB2000000F49410031624100537B41003A8A4164
:10EB300000CB9641005CA34100EDAF41007EBC419B
:10EB4000000FC94100A0D5410031E24100C2EE41B1
:10EB50000053FB4100F20342003A0A420083104294
:10EB600000CB164200141D42005C234200A529423E
:10EB700000ED2F4200363642007E3C4200C7424242
:10EB8000000F4942A2000000F900000083000000CD
:10EB90006E0000004E000000440000001500000060
:10EBA00029000000FC0000002700000057000000C2
:10EBB000D1000000F500000034000000DD0000007E
:10EBC000C0000000DB0000006200000095000000B3
:10EBD000990000003C00000043000000900000008D
:10EBE00041000000FE000000510000006300000032
:10EBF000AB000000DE000000BB000000C50000000C
:10EC000061000000B7000000240000006E0000005A
:10EC10003A000000420000004D000000D200000059
:10EC2000E000000006000000490000002E00000087
:10EC3000EA00000009000000D1000000920000007E
:10EC40001C000000FE0000001D000000EB000000A2
:10EC50001C000000B100000029000000A700000017
:10EC60003E000000E80000008200000035000000C7
:10EC7000F50000002E000000BB0000004400000072
:10EC800084000000E90000009C000000700000000B
:10EC900026000000B40000005F0000007E000000BD
:10ECA000410000003900000091000000D600000083
:10ECB000390000008300000053000000390000000C
:10ECC000F40000009C000000840000005F000000D1
:10ECD0008B000000BD000000F900000028000000CB
:10ECE0003B0000001F000000F8000000970000003B
:10ECF000FF000000DE00000005000000980000009A
:10ED00000F000000EF0000002F00000011000000C5
:10ED10008B0000005A0000000A0000006D00000097
:10ED20001F0000006D000000360000007E000000A3
:10ED3000CF00000027000000CB0000000900000009
:10ED4000B70000004F000000460000003F00000038
:10ED5000660000009E0000005F000000EA00000066
:10ED60002D0000007500000027000000BA00000020
:10ED7000C7000000EB000000E5000000F10000000B
:10ED80007B0000003D00000007000000390000008B
:10ED9000F70000008A00000052000000920000000E
:10EDA000EA0000006B000000FB0000005F000000B4
:10EDB000B10000001F0000008D0000005D00000099
:10EDC00008000000560000000300000030000000B2
:10EDD00046000000FC0000007B0000006B0000000B
:10EDE000AB000000F0000000CF000000BC000000FD
:10EDF000200000009A000000F4000000360000002F
:10EE00001D000000A9000000E300000091000000C8
:10EE1000610000005E000000E60000001B00000032
:10EE20000800000065000000990000008500000057
:10EE30005F00000014000000A00000006800000057
:10EE4000400000008D000000FF000000D80000001E
:10EE5000800000004D00000073000000270000004B
:10EE60003100000006000000060000001500000050
:10EE700056000000CA00000073000000A800000057
:10EE8000C900000060000000E20000007B000000FC
:10EE9000C00000008C0000006B0000000000C93FB3
:10EEA0000000F0390000DA370000A2330000842EA1
:10EEB0000000502B0000C2270000D0220000C41F19
:10EEC0000000C61B000044170400000007000000FB
:04EED0000900000035
:08EED4007C12FF7F0100000029
:04EEDC0035010008F4
:04EEE0001101000814
:10EEE4000100000000007A430000C07F32000100EE
:10EEF400000080409A99193E000020410000000063
:10EF0400000000000000000000004040010000007C
:10EF1400E60000000000204000000040CDCCCC3DC5
:10EF24000000803F0100000088E4000805000000A4
:10EF340000000000000000000000000000000000CD
:10EF440000000000E802002098E40008050000002A
:10EF540000000000000000000000000000000000AD
:10EF640000000000E8020020A8E4000805000000FA
:10EF7400000000000000000000000000000000008D
:10EF840000000000E8020020000000000000000073
:10EF9400000000000000000000000000000000006D
:10EFA4000000000000000000B4E4000803000000BA
:10EFB40034000020050000003200000001000000C1
:10EFC400C0E40008E8020020C8E4000804000000CF
:10EFD40044000020000000000000000000000000C9
:10EFE400D0E40008E8020020D4E400080100000096
:10EFF4004937000800000000000000000000000085
:10F0040000000000E8020020DCE400080500000025
:10F0140000000000000000000000000000000000EC
:10F0240000000000E80200200000000000000000D2
:10F0340000000000000000000000000000000000CC
:10F044000000000000000000E4E4000802000000EA
:10F0540030000020C800000004010000050000008A
:10F06400F0E40008E8020020F4E4000803000000D3
:10F0740038000020000000006400000001000000CF
:10F08400D0E40008E802002000E5000803000000C6
:10F094003C000020000000001400000001000000FB
:10F0A400D0E40008E80200200CE50008030000009A
:10F0B4004000002000000000F401000001000000F6
:10F0C400D0E40008E8020020D4E4000801000000B5
:10F0D4008537000800000000000000000000000068
:10F0E40000000000E8020020DCE400080500000045
:10F0F400000000000000000000000000000000000C
:10F1040000000000E80200200000000000000000F1
:10F1140000000000000000000000000000000000EB
:10F12400000000000000000018E5000805000000D1
:10F1340000000000000000000000000000000000CB
:10F1440000000000E802002024E50008050000009B
:10F1540000000000000000000000000000000000AB
:10F1640000000000E802002034E50008010000006F
:10F174001937000800000000000000000000000033
:10F1840000000000E8020020A8E4000805000000D8
:10F19400000000000000000000000000000000006B
:10F1A40000000000E8020020000000000000000051
:10F1B400000000000000000000000000000000004B
:10F1C400000000000000000044E50008000000000A
:10F1D40048000020000000000000000000000000C3
:10F1E400000000000000000050E5000800000000DE
:10F1F400C800002000000000000000000000000023
:10F20400000000000000000060E5000800000000AD
:10F214006801002000000000000000000000000061
:10F22400000000000000000070E50008000000007D
:10F234004802002000000000000000000000000060
:10F24400000000000000000080E50008010000004C
:10F25400D536000800000000000000000000000097
:10F26400000000000000000090E50008010000001C
:10F27400F13700080000000000000000000000005A
:10F284000000000000000000A0E5000805000000E8
:10F29400000000000000000000000000000000006A
:10F2A400000000000000000000000000000000005A
:10F2B400000000000000000000000000000000004A
:10F2C400000000000000000000127A00100000009E
:10F2D400010000000000000003000000D00900202D
:10F2E40043000000000000000000000000000000D7
:10F2F400000000000000000000000000000000000A
:10F3040043000000000000000000000000000000B6
:10F3140000000000000000000000000000000000E9
:10F324004300000000000000000000000000000096
:10F3340000000000000000000000000000000000C9
:10F344004300000000000000000000000000000076
:10F3540000000000000000000000000000000000A9
:10F364004300000000000000000000000000000056
:10F374000000000000000000000000000000000089
:10F384004300000000000000000000000000000036
:10F394000000000000000000000000000000000069
:10F3A4004300000000000000000000000000000016
:10F3B4000000000000000000000000000000000049
:10F3C400BDC8000841BF00080000000000EA0008B2
:10F3D400DAE60008AAE80008AAE80008AAE8000893
:10F3E400AAE80008AAE80008AAE80008AAE80008B1
:10F3F400AAE80008AAE80008FFFFFFFFFFFFFFFFDD
:10F40400FFFFFFFFFFFF0000010041534349490094
:10F4140000000000000000000000000000000000E8
:10F42400000000000000000000004153434949006F
:10F4340000000000000000000000000000000000C8
:10F444000000000000000000000000007005002023
:10F4540000000000D0090020380A0020A00A002083
:10F464000000000000000000000000000000000098
:10F474000000000000000000000000000000000088
:10F484000000000000000000000000000000000078
:0CF494000000000000000000000000006C
:04000005080049099D
:00000001FF
