Time_ms,Temp_C,Setpoint_C,Heater_Duty,Motor_Hz,Error_C
2171,50.72,240.00,100,3.00,189.28
2270,50.95,240.00,100,3.00,189.05
2370,50.86,240.00,100,3.00,189.14
2470,50.69,240.00,100,3.00,189.31
2570,50.64,240.00,100,3.00,189.36
2670,50.71,240.00,100,3.00,189.29
2770,50.80,240.00,100,3.00,189.20
2870,50.74,240.00,100,3.00,189.26
2970,50.78,240.00,100,3.00,189.22
3070,51.05,240.00,100,3.00,188.95
3170,51.03,240.00,100,3.00,188.97
3270,50.92,240.00,100,3.00,189.08
3370,50.88,240.00,100,3.00,189.12
3470,50.75,240.00,100,3.00,189.25
3570,51.03,240.00,100,3.00,188.97
3670,50.92,240.00,100,3.00,189.08
3770,50.68,240.00,100,3.00,189.32
3870,50.64,240.00,100,3.00,189.36
3970,51.08,240.00,100,3.00,188.92
4070,51.15,240.00,100,3.00,188.85
4170,51.20,240.00,100,3.00,188.80
4270,51.34,240.00,100,3.00,188.66
4370,51.27,240.00,100,3.00,188.73
4470,51.35,240.00,100,3.00,188.65
4570,51.41,240.00,100,3.00,188.59
4670,51.13,240.00,100,3.00,188.87
4770,51.19,240.00,100,3.00,188.81
4870,50.85,240.00,100,3.00,189.15
4970,50.82,240.00,100,3.00,189.18
5070,50.90,240.00,100,3.00,189.10
5170,50.86,240.00,100,3.00,189.14
5270,50.79,240.00,100,3.00,189.21
5370,50.53,240.00,100,3.00,189.47
5470,50.61,240.00,100,3.00,189.39
5570,50.78,240.00,100,3.00,189.22
5670,50.86,240.00,100,3.00,189.14
5770,50.64,240.00,100,3.00,189.36
5870,50.98,240.00,100,3.00,189.02
5970,50.93,240.00,100,3.00,189.07
6070,51.17,240.00,100,3.00,188.83
6170,50.93,240.00,100,3.00,189.07
6270,50.84,240.00,100,3.00,189.16
6370,51.10,240.00,100,3.00,188.90
6470,50.88,240.00,100,3.00,189.12
6570,50.70,240.00,100,3.00,189.30
6670,50.85,240.00,100,3.00,189.15
6770,50.92,240.00,100,3.00,189.08
6870,51.34,240.00,100,3.00,188.66
6970,51.45,240.00,100,3.00,188.55
7070,51.49,240.00,100,3.00,188.51
7170,51.53,240.00,100,3.00,188.47
7270,51.41,240.00,100,3.00,188.59
7370,51.51,240.00,100,3.00,188.49
7470,51.26,240.00,100,3.00,188.74
7570,51.20,240.00,100,3.00,188.80
7670,51.20,240.00,100,3.00,188.80
7770,51.15,240.00,100,3.00,188.85
7870,51.01,240.00,100,3.00,188.99
7970,51.00,240.00,100,3.00,189.00
8070,50.95,240.00,100,3.00,189.05
8170,50.90,240.00,100,3.00,189.10
8270,51.10,240.00,100,3.00,188.90
8370,51.07,240.00,100,3.00,188.93
8470,50.95,240.00,100,3.00,189.05
8570,51.14,240.00,100,3.00,188.86
8670,51.61,240.00,100,3.00,188.39
8770,51.62,240.00,100,3.00,188.38
8870,52.04,240.00,100,3.00,187.96
8970,52.15,240.00,100,3.00,187.85
9070,52.50,240.00,100,3.00,187.50
9170,52.70,240.00,100,3.00,187.30
9270,52.81,240.00,100,3.00,187.19
9370,52.63,240.00,100,3.00,187.37
9470,52.48,240.00,100,3.00,187.52
9570,52.59,240.00,100,3.00,187.41
9670,52.50,240.00,100,3.00,187.50
9770,52.33,240.00,100,3.00,187.67
9870,52.43,240.00,100,3.00,187.57
9970,52.50,240.00,100,3.00,187.50
10070,52.29,240.00,100,3.00,187.71
10170,52.21,240.00,100,3.00,187.79
10270,52.10,240.00,100,3.00,187.90
10370,52.42,240.00,100,3.00,187.58
10470,52.54,240.00,100,3.00,187.46
10570,52.27,240.00,100,3.00,187.73
10670,52.24,240.00,100,3.00,187.76
10770,52.54,240.00,100,3.00,187.46
10870,52.81,240.00,100,3.00,187.19
10970,52.72,240.00,100,3.00,187.28
11070,52.65,240.00,100,3.00,187.35
11170,53.03,240.00,100,3.00,186.97
11270,53.34,240.00,100,3.00,186.66
11370,53.14,240.00,100,3.00,186.86
11470,53.39,240.00,100,3.00,186.61
11570,53.32,240.00,100,3.00,186.68
11670,53.39,240.00,100,3.00,186.61
11770,53.63,240.00,100,3.00,186.37
11870,53.73,240.00,100,3.00,186.27
11970,53.68,240.00,100,3.00,186.32
12070,53.68,240.00,100,3.00,186.32
12170,53.60,240.00,100,3.00,186.40
12270,53.66,240.00,100,3.00,186.34
12370,53.93,240.00,100,3.00,186.07
12470,54.10,240.00,100,3.00,185.90
12570,54.06,240.00,100,3.00,185.94
12670,54.42,240.00,100,3.00,185.58
12770,54.41,240.00,100,3.00,185.59
12870,54.57,240.00,100,3.00,185.43
12970,54.65,240.00,100,3.00,185.35
13070,54.51,240.00,100,3.00,185.49
13170,54.30,240.00,100,3.00,185.70
13270,54.22,240.00,100,3.00,185.78
13370,54.50,240.00,100,3.00,185.50
13470,54.47,240.00,100,3.00,185.53
13570,54.58,240.00,100,3.00,185.42
13670,54.62,240.00,100,3.00,185.38
13770,55.03,240.00,100,3.00,184.97
13870,55.39,240.00,100,3.00,184.61
13970,55.64,240.00,100,3.00,184.36
14070,55.56,240.00,100,3.00,184.44
14170,55.73,240.00,100,3.00,184.27
14270,55.88,240.00,100,3.00,184.12
14370,56.27,240.00,100,3.00,183.73
14470,56.55,240.00,100,3.00,183.45
14570,56.73,240.00,100,3.00,183.27
14670,56.83,240.00,100,3.00,183.17
14770,57.00,240.00,100,3.00,183.00
14870,56.89,240.00,100,3.00,183.11
14970,57.12,240.00,100,3.00,182.88
15070,56.94,240.00,100,3.00,183.06
15170,56.84,240.00,100,3.00,183.16
15270,57.16,240.00,100,3.00,182.84
15370,57.41,240.00,100,3.00,182.59
15470,57.54,240.00,100,3.00,182.46
15570,57.68,240.00,100,3.00,182.32
15670,57.87,240.00,100,3.00,182.13
15770,57.86,240.00,100,3.00,182.14
15870,58.20,240.00,100,3.00,181.80
15970,58.21,240.00,100,3.00,181.79
16070,58.33,240.00,100,3.00,181.67
16170,58.46,240.00,100,3.00,181.54
16270,58.61,240.00,100,3.00,181.39
16370,58.72,240.00,100,3.00,181.28
16470,58.89,240.00,100,3.00,181.11
16570,58.88,240.00,100,3.00,181.12
16670,59.16,240.00,100,3.00,180.84
16770,59.32,240.00,100,3.00,180.68
16870,59.10,240.00,100,3.00,180.90
16970,59.08,240.00,100,3.00,180.92
17070,59.43,240.00,100,3.00,180.57
17170,59.64,240.00,100,3.00,180.36
17270,59.55,240.00,100,3.00,180.45
17370,59.59,240.00,100,3.00,180.41
17470,59.77,240.00,100,3.00,180.23
17570,59.95,240.00,100,3.00,180.05
17670,60.13,240.00,100,3.00,179.87
17770,60.31,240.00,100,3.00,179.69
17870,60.45,240.00,100,3.00,179.55
17970,60.68,240.00,100,3.00,179.32
18070,60.92,240.00,100,3.00,179.08
18170,61.09,240.00,100,3.00,178.91
18270,61.00,240.00,100,3.00,179.00
18370,61.12,240.00,100,3.00,178.88
18470,61.28,240.00,100,3.00,178.72
18570,61.47,240.00,100,3.00,178.53
18670,61.80,240.00,100,3.00,178.20
18770,61.90,240.00,100,3.00,178.10
18870,61.97,240.00,100,3.00,178.03
18970,62.17,240.00,100,3.00,177.83
19070,62.12,240.00,100,3.00,177.88
19170,62.29,240.00,100,3.00,177.71
19270,62.55,240.00,100,3.00,177.45
19370,62.84,240.00,100,3.00,177.16
19470,63.03,240.00,100,3.00,176.97
19570,62.98,240.00,100,3.00,177.02
19670,63.08,240.00,100,3.00,176.92
19770,63.39,240.00,100,3.00,176.61
19870,63.54,240.00,100,3.00,176.46
19970,63.72,240.00,100,3.00,176.28
20070,63.74,240.00,100,3.00,176.26
20170,64.01,240.00,100,3.00,175.99
20270,64.14,240.00,100,3.00,175.86
20370,64.27,240.00,100,3.00,175.73
20470,64.40,240.00,100,3.00,175.60
20570,64.38,240.00,100,3.00,175.62
20670,64.53,240.00,100,3.00,175.47
20770,64.84,240.00,100,3.00,175.16
20870,64.70,240.00,100,3.00,175.30
20970,64.88,240.00,100,3.00,175.12
21070,65.21,240.00,100,3.00,174.79
21170,65.48,240.00,100,3.00,174.52
21270,65.31,240.00,100,3.00,174.69
21370,65.61,240.00,100,3.00,174.39
21470,65.86,240.00,100,3.00,174.14
21570,65.78,240.00,100,3.00,174.22
21670,66.18,240.00,100,3.00,173.82
21770,66.40,240.00,100,3.00,173.60
21870,66.52,240.00,100,3.00,173.48
21970,66.71,240.00,100,3.00,173.29
22070,66.98,240.00,100,3.00,173.02
22170,66.89,240.00,100,3.00,173.11
22270,67.25,240.00,100,3.00,172.75
22370,67.44,240.00,100,3.00,172.56
22470,67.75,240.00,100,3.00,172.25
22570,68.02,240.00,100,3.00,171.98
22670,68.06,240.00,100,3.00,171.94
22770,68.12,240.00,100,3.00,171.88
22870,68.40,240.00,100,3.00,171.60
22970,68.66,240.00,100,3.00,171.34
23070,68.78,240.00,100,3.00,171.22
23170,68.93,240.00,100,3.00,171.07
23270,69.08,240.00,100,3.00,170.92
23370,69.12,240.00,100,3.00,170.88
23470,69.32,240.00,100,3.00,170.68
23570,69.48,240.00,100,3.00,170.52
23670,69.75,240.00,100,3.00,170.25
23770,70.05,240.00,100,3.00,169.95
23870,70.12,240.00,100,3.00,169.88
23970,70.29,240.00,100,3.00,169.71
24070,70.45,240.00,100,3.00,169.55
24170,70.58,240.00,100,3.00,169.42
24270,70.63,240.00,100,3.00,169.37
24370,70.67,240.00,100,3.00,169.33
24470,70.89,240.00,100,3.00,169.11
24570,71.13,240.00,100,3.00,168.87
24670,71.18,240.00,100,3.00,168.82
24770,71.41,240.00,100,3.00,168.59
24870,71.49,240.00,100,3.00,168.51
24970,71.69,240.00,100,3.00,168.31
25070,71.90,240.00,100,3.00,168.10
25170,72.07,240.00,100,3.00,167.93
25270,72.23,240.00,100,3.00,167.77
25370,72.52,240.00,100,3.00,167.48
25470,72.80,240.00,100,3.00,167.20
25570,72.82,240.00,100,3.00,167.18
25670,72.99,240.00,100,3.00,167.01
25770,73.20,240.00,100,3.00,166.80
25870,73.24,240.00,100,3.00,166.76
25970,73.43,240.00,100,3.00,166.57
26070,73.56,240.00,100,3.00,166.44
26170,73.76,240.00,100,3.00,166.24
26270,74.00,240.00,100,3.00,166.00
26370,74.17,240.00,100,3.00,165.83
26470,74.38,240.00,100,3.00,165.62
26570,74.55,240.00,100,3.00,165.45
26670,74.78,240.00,100,3.00,165.22
26770,74.90,240.00,100,3.00,165.10
26870,75.06,240.00,100,3.00,164.94
26970,75.27,240.00,100,3.00,164.73
27070,75.26,240.00,100,3.00,164.74
27170,75.30,240.00,100,3.00,164.70
27270,75.61,240.00,100,3.00,164.39
27370,75.73,240.00,100,3.00,164.27
27470,75.85,240.00,100,3.00,164.15
27570,76.03,240.00,100,3.00,163.97
27670,76.28,240.00,100,3.00,163.72
27770,76.52,240.00,100,3.00,163.48
27870,76.65,240.00,100,3.00,163.35
27970,76.95,240.00,100,3.00,163.05
28070,77.17,240.00,100,3.00,162.83
28170,77.32,240.00,100,3.00,162.68
28270,77.49,240.00,100,3.00,162.51
28370,77.65,240.00,100,3.00,162.35
28470,77.84,240.00,100,3.00,162.16
28570,78.07,240.00,100,3.00,161.93
28670,78.16,240.00,100,3.00,161.84
28770,78.39,240.00,100,3.00,161.61
28870,78.60,240.00,100,3.00,161.40
28970,78.63,240.00,100,3.00,161.37
29070,78.84,240.00,100,3.00,161.16
29170,78.89,240.00,100,3.00,161.11
29270,79.10,240.00,100,3.00,160.90
29370,79.28,240.00,100,3.00,160.72
29470,79.56,240.00,100,3.00,160.44
29570,79.70,240.00,100,3.00,160.30
29670,79.72,240.00,100,3.00,160.28
29770,79.91,240.00,100,3.00,160.09
29870,80.23,240.00,100,3.00,159.77
29970,80.48,240.00,100,3.00,159.52
30070,80.57,240.00,100,3.00,159.43
30170,80.68,240.00,100,3.00,159.32
30270,80.86,240.00,100,3.00,159.14
30370,81.05,240.00,100,3.00,158.95
30470,81.25,240.00,100,3.00,158.75
30570,81.42,240.00,100,3.00,158.58
30670,81.59,240.00,100,3.00,158.41
30770,81.78,240.00,100,3.00,158.22
30870,82.09,240.00,100,3.00,157.91
30970,82.17,240.00,100,3.00,157.83
31070,82.44,240.00,100,3.00,157.56
31170,82.57,240.00,100,3.00,157.43
31270,82.83,240.00,100,3.00,157.17
31370,82.99,240.00,100,3.00,157.01
31470,83.08,240.00,100,3.00,156.92
31570,83.34,240.00,100,3.00,156.66
31670,83.52,240.00,100,3.00,156.48
31770,83.61,240.00,100,3.00,156.39
31870,83.76,240.00,100,3.00,156.24
31970,84.05,240.00,100,3.00,155.95
32070,84.11,240.00,100,3.00,155.89
32170,84.27,240.00,100,3.00,155.73
32270,84.53,240.00,100,3.00,155.47
32370,84.69,240.00,100,3.00,155.31
32470,84.83,240.00,100,3.00,155.17
32570,84.94,240.00,100,3.00,155.06
32670,85.10,240.00,100,3.00,154.90
32770,85.26,240.00,100,3.00,154.74
32870,85.43,240.00,100,3.00,154.57
32970,85.57,240.00,100,3.00,154.43
33070,85.77,240.00,100,3.00,154.23
33170,86.02,240.00,100,3.00,153.98
33270,86.28,240.00,100,3.00,153.72
33370,86.58,240.00,100,3.00,153.42
33470,86.74,240.00,100,3.00,153.26
33570,86.80,240.00,100,3.00,153.20
33670,86.96,240.00,100,3.00,153.04
33770,87.18,240.00,100,3.00,152.82
33870,87.38,240.00,100,3.00,152.62
33970,87.67,240.00,100,3.00,152.33
34070,88.00,240.00,100,3.00,152.00
34170,88.17,240.00,100,3.00,151.83
34270,88.19,240.00,100,3.00,151.81
34370,88.36,240.00,100,3.00,151.64
34470,88.57,240.00,100,3.00,151.43
34570,88.86,240.00,100,3.00,151.14
34670,88.89,240.00,100,3.00,151.11
34770,89.09,240.00,100,3.00,150.91
34870,89.34,240.00,100,3.00,150.66
34970,89.55,240.00,100,3.00,150.45
35070,89.78,240.00,100,3.00,150.22
35170,90.02,240.00,100,3.00,149.98
35270,90.20,240.00,100,3.00,149.80
35370,90.45,240.00,100,3.00,149.55
35470,90.69,240.00,100,3.00,149.31
35570,90.86,240.00,100,3.00,149.14
35670,91.03,240.00,100,3.00,148.97
35770,91.12,240.00,100,3.00,148.88
35870,91.35,240.00,100,3.00,148.65
35970,91.50,240.00,100,3.00,148.50
36070,91.72,240.00,100,3.00,148.28
36170,91.88,240.00,100,3.00,148.12
36270,91.96,240.00,100,3.00,148.04
36370,92.15,240.00,100,3.00,147.85
36470,92.36,240.00,100,3.00,147.64
36570,92.58,240.00,100,3.00,147.42
36670,92.85,240.00,100,3.00,147.15
36770,93.07,240.00,100,3.00,146.93
36870,93.24,240.00,100,3.00,146.76
36970,93.50,240.00,100,3.00,146.50
37070,93.73,240.00,100,3.00,146.27
37170,93.94,240.00,100,3.00,146.06
37270,94.18,240.00,100,3.00,145.82
37370,94.24,240.00,100,3.00,145.76
37470,94.37,240.00,100,3.00,145.63
37570,94.71,240.00,100,3.00,145.29
37670,94.85,240.00,100,3.00,145.15
37770,95.01,240.00,100,3.00,144.99
37870,95.24,240.00,100,3.00,144.76
37970,95.35,240.00,100,3.00,144.65
38070,95.63,240.00,100,3.00,144.37
38170,95.84,240.00,100,3.00,144.16
38270,96.02,240.00,100,3.00,143.98
38370,96.29,240.00,100,3.00,143.71
38470,96.56,240.00,100,3.00,143.44
38570,96.73,240.00,100,3.00,143.27
38670,96.93,240.00,100,3.00,143.07
38770,97.17,240.00,100,3.00,142.83
38870,97.39,240.00,100,3.00,142.61
38970,97.54,240.00,100,3.00,142.46
39070,97.74,240.00,100,3.00,142.26
39170,97.95,240.00,100,3.00,142.05
39270,98.10,240.00,100,3.00,141.90
39370,98.36,240.00,100,3.00,141.64
39470,98.52,240.00,100,3.00,141.48
39570,98.65,240.00,100,3.00,141.35
39670,99.01,240.00,100,3.00,140.99
39770,99.15,240.00,100,3.00,140.85
39870,99.35,240.00,100,3.00,140.65
39970,99.59,240.00,100,3.00,140.41
40070,99.78,240.00,100,3.00,140.22
40170,99.96,240.00,100,3.00,140.04
40270,100.16,240.00,100,3.00,139.84
40370,100.48,240.00,100,3.00,139.52
40470,100.76,240.00,100,3.00,139.24
40570,101.00,240.00,100,3.00,139.00
40670,101.20,240.00,100,3.00,138.80
40770,101.41,240.00,100,3.00,138.59
40870,101.65,240.00,100,3.00,138.35
40970,101.79,240.00,100,3.00,138.21
41070,101.93,240.00,100,3.00,138.07
41170,102.18,240.00,100,3.00,137.82
41270,102.34,240.00,100,3.00,137.66
41370,102.52,240.00,100,3.00,137.48
41470,102.70,240.00,100,3.00,137.30
41570,102.87,240.00,100,3.00,137.13
41670,103.08,240.00,100,3.00,136.92
41770,103.31,240.00,100,3.00,136.69
41870,103.46,240.00,100,3.00,136.54
41970,103.71,240.00,100,3.00,136.29
42070,103.89,240.00,100,3.00,136.11
42170,104.14,240.00,100,3.00,135.86
42270,104.33,240.00,100,3.00,135.67
42370,104.49,240.00,100,3.00,135.51
42470,104.68,240.00,100,3.00,135.32
42570,104.85,240.00,100,3.00,135.15
42670,105.12,240.00,100,3.00,134.88
42770,105.34,240.00,100,3.00,134.66
42870,105.48,240.00,100,3.00,134.52
42970,105.63,240.00,100,3.00,134.37
43070,105.77,240.00,100,3.00,134.23
43170,105.88,240.00,100,3.00,134.12
43270,106.17,240.00,100,3.00,133.83
43370,106.35,240.00,100,3.00,133.65
43470,106.52,240.00,100,3.00,133.48
43570,106.65,240.00,100,3.00,133.35
43670,106.79,240.00,100,3.00,133.21
43770,106.98,240.00,100,3.00,133.02
43870,107.19,240.00,100,3.00,132.81
43970,107.41,240.00,100,3.00,132.59
44070,107.59,240.00,100,3.00,132.41
44170,107.80,240.00,100,3.00,132.20
44270,108.02,240.00,100,3.00,131.98
44370,108.25,240.00,100,3.00,131.75
44470,108.37,240.00,100,3.00,131.63
44570,108.55,240.00,100,3.00,131.45
44670,108.75,240.00,100,3.00,131.25
44770,109.02,240.00,100,3.00,130.98
44870,109.14,240.00,100,3.00,130.86
44970,109.34,240.00,100,3.00,130.66
45070,109.57,240.00,100,3.00,130.43
45170,109.78,240.00,100,3.00,130.22
45270,109.96,240.00,100,3.00,130.04
45370,110.16,240.00,100,3.00,129.84
45470,110.36,240.00,100,3.00,129.64
45570,110.50,240.00,100,3.00,129.50
45670,110.73,240.00,100,3.00,129.27
45770,110.92,240.00,100,3.00,129.08
45870,111.10,240.00,100,3.00,128.90
45970,111.37,240.00,100,3.00,128.63
46070,111.53,240.00,100,3.00,128.47
46170,111.69,240.00,100,3.00,128.31
46270,111.88,240.00,100,3.00,128.12
46370,112.02,240.00,100,3.00,127.98
46470,112.25,240.00,100,3.00,127.75
46570,112.37,240.00,100,3.00,127.63
46670,112.46,240.00,100,3.00,127.54
46770,112.68,240.00,100,3.00,127.32
46870,112.92,240.00,100,3.00,127.08
46970,113.09,240.00,100,3.00,126.91
47070,113.24,240.00,100,3.00,126.76
47170,113.45,240.00,100,3.00,126.55
47270,113.66,240.00,100,3.00,126.34
47370,113.88,240.00,100,3.00,126.12
47470,114.05,240.00,100,3.00,125.95
47570,114.21,240.00,100,3.00,125.79
47670,114.38,240.00,100,3.00,125.62
47770,114.54,240.00,100,3.00,125.46
47870,114.70,240.00,100,3.00,125.30
47970,114.90,240.00,100,3.00,125.10
48070,115.15,240.00,100,3.00,124.85
48170,115.32,240.00,100,3.00,124.68
48270,115.54,240.00,100,3.00,124.46
48370,115.73,240.00,100,3.00,124.27
48470,115.89,240.00,100,3.00,124.11
48570,116.07,240.00,100,3.00,123.93
48670,116.28,240.00,100,3.00,123.72
48770,116.47,240.00,100,3.00,123.53
48870,116.64,240.00,100,3.00,123.36
48970,116.85,240.00,100,3.00,123.15
49070,117.06,240.00,100,3.00,122.94
49170,117.18,240.00,100,3.00,122.82
49270,117.35,240.00,100,3.00,122.65
49370,117.53,240.00,100,3.00,122.47
49470,117.75,240.00,100,3.00,122.25
49570,117.95,240.00,100,3.00,122.05
49670,118.12,240.00,100,3.00,121.88
49770,118.28,240.00,100,3.00,121.72
49870,118.46,240.00,100,3.00,121.54
49970,118.69,240.00,100,3.00,121.31
50070,118.85,240.00,100,3.00,121.15
50170,118.96,240.00,100,3.00,121.04
50270,119.16,240.00,100,3.00,120.84
50370,119.41,240.00,100,3.00,120.59
50470,119.56,240.00,100,3.00,120.44
50570,119.82,240.00,100,3.00,120.18
50670,120.03,240.00,100,3.00,119.97
50770,120.22,240.00,100,3.00,119.78
50870,120.33,240.00,100,3.00,119.67
50970,120.45,240.00,100,3.00,119.55
51070,120.67,240.00,100,3.00,119.33
51170,120.89,240.00,100,3.00,119.11
51270,121.07,240.00,100,3.00,118.93
51370,121.29,240.00,100,3.00,118.71
51470,121.48,240.00,100,3.00,118.52
51570,121.66,240.00,100,3.00,118.34
51670,121.85,240.00,100,3.00,118.15
51770,122.02,240.00,100,3.00,117.98
51870,122.17,240.00,100,3.00,117.83
51970,122.37,240.00,100,3.00,117.63
52070,122.51,240.00,100,3.00,117.49
52170,122.71,240.00,100,3.00,117.29
52270,122.82,240.00,100,3.00,117.18
52370,122.99,240.00,100,3.00,117.01
52470,123.16,240.00,100,3.00,116.84
52570,123.36,240.00,100,3.00,116.64
52670,123.55,240.00,100,3.00,116.45
52770,123.70,240.00,100,3.00,116.30
52870,123.92,240.00,100,3.00,116.08
52970,124.12,240.00,100,3.00,115.88
53070,124.31,240.00,100,3.00,115.69
53170,124.55,240.00,100,3.00,115.45
53270,124.69,240.00,100,3.00,115.31
53370,124.88,240.00,100,3.00,115.12
53470,125.07,240.00,100,3.00,114.93
53570,125.28,240.00,100,3.00,114.72
53670,125.45,240.00,100,3.00,114.55
53770,125.62,240.00,100,3.00,114.38
53870,125.82,240.00,100,3.00,114.18
53970,126.00,240.00,100,3.00,114.00
54070,126.17,240.00,100,3.00,113.83
54170,126.33,240.00,100,3.00,113.67
54270,126.50,240.00,100,3.00,113.50
54370,126.67,240.00,100,3.00,113.33
54470,126.80,240.00,100,3.00,113.20
54570,126.97,240.00,100,3.00,113.03
54670,127.12,240.00,100,3.00,112.88
54770,127.29,240.00,100,3.00,112.71
54870,127.52,240.00,100,3.00,112.48
54970,127.70,240.00,100,3.00,112.30
55070,127.83,240.00,100,3.00,112.17
55170,128.00,240.00,100,3.00,112.00
55270,128.20,240.00,100,3.00,111.80
55370,128.39,240.00,100,3.00,111.61
55470,128.56,240.00,100,3.00,111.44
55570,128.75,240.00,100,3.00,111.25
55670,128.89,240.00,100,3.00,111.11
55770,129.03,240.00,100,3.00,110.97
55870,129.25,240.00,100,3.00,110.75
55970,129.46,240.00,100,3.00,110.54
56070,129.65,240.00,100,3.00,110.35
56170,129.79,240.00,100,3.00,110.21
56270,129.98,240.00,100,3.00,110.02
56370,130.15,240.00,100,3.00,109.85
56470,130.35,240.00,100,3.00,109.65
56570,130.45,240.00,100,3.00,109.55
56670,130.64,240.00,100,3.00,109.36
56770,130.85,240.00,100,3.00,109.15
56870,131.05,240.00,100,3.00,108.95
56970,131.23,240.00,100,3.00,108.77
57070,131.34,240.00,100,3.00,108.66
57170,131.52,240.00,100,3.00,108.48
57270,131.63,240.00,100,3.00,108.37
57370,131.76,240.00,100,3.00,108.24
57470,131.94,240.00,100,3.00,108.06
57570,132.15,240.00,100,3.00,107.85
57670,132.32,240.00,100,3.00,107.68
57770,132.55,240.00,100,3.00,107.45
57870,132.72,240.00,100,3.00,107.28
57970,132.90,240.00,100,3.00,107.10
58070,133.09,240.00,100,3.00,106.91
58170,133.31,240.00,100,3.00,106.69
58270,133.49,240.00,100,3.00,106.51
58370,133.67,240.00,100,3.00,106.33
58470,133.84,240.00,100,3.00,106.16
58570,134.04,240.00,100,3.00,105.96
58670,134.22,240.00,100,3.00,105.78
58770,134.41,240.00,100,3.00,105.59
58870,134.61,240.00,100,3.00,105.39
58970,134.79,240.00,100,3.00,105.21
59070,135.00,240.00,100,3.00,105.00
59170,135.17,240.00,100,3.00,104.83
59270,135.31,240.00,100,3.00,104.69
59370,135.45,240.00,100,3.00,104.55
59470,135.63,240.00,100,3.00,104.37
59570,135.77,240.00,100,3.00,104.23
59670,135.93,240.00,100,3.00,104.07
59770,136.10,240.00,100,3.00,103.90
59870,136.29,240.00,100,3.00,103.71
59970,136.43,240.00,100,3.00,103.57
60070,136.60,240.00,100,3.00,103.40
60170,136.79,240.00,100,3.00,103.21
60270,136.94,240.00,100,3.00,103.06
60370,137.09,240.00,100,3.00,102.91
60470,137.27,240.00,100,3.00,102.73
60570,137.42,240.00,100,3.00,102.58
60670,137.60,240.00,100,3.00,102.40
60770,137.79,240.00,100,3.00,102.21
60870,137.91,240.00,100,3.00,102.09
60970,138.13,240.00,100,3.00,101.87
61070,138.34,240.00,100,3.00,101.66
61170,138.52,240.00,100,3.00,101.48
61270,138.70,240.00,100,3.00,101.30
61370,138.83,240.00,100,3.00,101.17
61470,139.01,240.00,100,3.00,100.99
61570,139.08,240.00,100,3.00,100.92
61670,139.24,240.00,100,3.00,100.76
61770,139.42,240.00,100,3.00,100.58
61870,139.65,240.00,100,3.00,100.35
61970,139.85,240.00,100,3.00,100.15
62070,139.99,240.00,100,3.00,100.01
62170,140.14,240.00,100,3.00,99.86
62270,140.29,240.00,100,3.00,99.71
62370,140.41,240.00,100,3.00,99.59
62470,140.61,240.00,100,3.00,99.39
62570,140.70,240.00,100,3.00,99.30
62670,140.87,240.00,100,3.00,99.13
62770,141.03,240.00,100,3.00,98.97
62870,141.20,240.00,100,3.00,98.80
62970,141.34,240.00,100,3.00,98.66
63070,141.52,240.00,100,3.00,98.48
63170,141.65,240.00,100,3.00,98.35
63270,141.86,240.00,100,3.00,98.14
63370,142.08,240.00,100,3.00,97.92
63470,142.26,240.00,100,3.00,97.74
63570,142.43,240.00,100,3.00,97.57
63670,142.56,240.00,100,3.00,97.44
63770,142.73,240.00,100,3.00,97.27
63870,142.94,240.00,100,3.00,97.06
63970,143.15,240.00,100,3.00,96.85
64070,143.33,240.00,100,3.00,96.67
64170,143.48,240.00,100,3.00,96.52
64270,143.67,240.00,100,3.00,96.33
64370,143.84,240.00,100,3.00,96.16
64470,143.96,240.00,100,3.00,96.04
64570,144.11,240.00,100,3.00,95.89
64670,144.27,240.00,100,3.00,95.73
64770,144.47,240.00,100,3.00,95.53
64870,144.60,240.00,100,3.00,95.40
64970,144.78,240.00,100,3.00,95.22
65070,144.91,240.00,100,3.00,95.09
65170,145.02,240.00,100,3.00,94.98
65270,145.19,240.00,100,3.00,94.81
65370,145.38,240.00,100,3.00,94.62
65470,145.60,240.00,100,3.00,94.40
65570,145.71,240.00,100,3.00,94.29
65670,145.90,240.00,100,3.00,94.10
65770,146.12,240.00,100,3.00,93.88
65870,146.27,240.00,100,3.00,93.73
65970,146.45,240.00,100,3.00,93.55
66070,146.60,240.00,100,3.00,93.40
66170,146.75,240.00,100,3.00,93.25
66270,146.89,240.00,100,3.00,93.11
66370,147.07,240.00,100,3.00,92.93
66470,147.22,240.00,100,3.00,92.78
66570,147.37,240.00,100,3.00,92.63
66670,147.58,240.00,100,3.00,92.42
66770,147.71,240.00,100,3.00,92.29
66870,147.86,240.00,100,3.00,92.14
66970,148.04,240.00,100,3.00,91.96
67070,148.19,240.00,100,3.00,91.81
67170,148.37,240.00,100,3.00,91.63
67270,148.46,240.00,100,3.00,91.54
67370,148.66,240.00,100,3.00,91.34
67470,148.77,240.00,100,3.00,91.23
67570,148.97,240.00,100,3.00,91.03
67670,149.14,240.00,100,3.00,90.86
67770,149.35,240.00,100,3.00,90.65
67870,149.54,240.00,100,3.00,90.46
67970,149.70,240.00,100,3.00,90.30
68070,149.87,240.00,100,3.00,90.13
68170,150.05,240.00,100,3.00,89.95
68270,150.18,240.00,100,3.00,89.82
68370,150.31,240.00,100,3.00,89.69
68470,150.44,240.00,100,3.00,89.56
68570,150.62,240.00,100,3.00,89.38
68670,150.75,240.00,100,3.00,89.25
68770,150.87,240.00,100,3.00,89.13
68870,151.06,240.00,100,3.00,88.94
68970,151.22,240.00,100,3.00,88.78
69070,151.43,240.00,100,3.00,88.57
69170,151.56,240.00,100,3.00,88.44
69270,151.76,240.00,100,3.00,88.24
69370,151.94,240.00,100,3.00,88.06
69470,152.14,240.00,100,3.00,87.86
69570,152.30,240.00,100,3.00,87.70
69670,152.45,240.00,100,3.00,87.55
69770,152.60,240.00,100,3.00,87.40
69870,152.76,240.00,100,3.00,87.24
69970,152.89,240.00,100,3.00,87.11
70070,153.08,240.00,100,3.00,86.92
70170,153.25,240.00,100,3.00,86.75
70270,153.42,240.00,100,3.00,86.58
70370,153.56,240.00,100,3.00,86.44
70470,153.65,240.00,100,3.00,86.35
70570,153.84,240.00,100,3.00,86.16
70670,154.00,240.00,100,3.00,86.00
70770,154.14,240.00,100,3.00,85.86
70870,154.33,240.00,100,3.00,85.67
70970,154.48,240.00,100,3.00,85.52
71070,154.64,240.00,100,3.00,85.36
71170,154.80,240.00,100,3.00,85.20
71270,154.97,240.00,100,3.00,85.03
71370,155.16,240.00,100,3.00,84.84
71470,155.25,240.00,100,3.00,84.75
71570,155.35,240.00,100,3.00,84.65
71670,155.49,240.00,100,3.00,84.51
71770,155.69,240.00,100,3.00,84.31
71870,155.83,240.00,100,3.00,84.17
71970,156.00,240.00,100,3.00,84.00
72070,156.14,240.00,100,3.00,83.86
72170,156.28,240.00,100,3.00,83.72
72270,156.45,240.00,100,3.00,83.55
72370,156.59,240.00,100,3.00,83.41
72470,156.73,240.00,100,3.00,83.27
72570,156.89,240.00,100,3.00,83.11
72670,157.08,240.00,100,3.00,82.92
72770,157.23,240.00,100,3.00,82.77
72870,157.45,240.00,100,3.00,82.55
72970,157.59,240.00,100,3.00,82.41
73070,157.76,240.00,100,3.00,82.24
73170,157.93,240.00,100,3.00,82.07
73270,158.09,240.00,100,3.00,81.91
73370,158.27,240.00,100,3.00,81.73
73470,158.40,240.00,100,3.00,81.60
73570,158.50,240.00,100,3.00,81.50
73670,158.67,240.00,100,3.00,81.33
73770,158.82,240.00,100,3.00,81.18
73870,158.98,240.00,100,3.00,81.02
73970,159.15,240.00,100,3.00,80.85
74070,159.26,240.00,100,3.00,80.74
74170,159.47,240.00,100,3.00,80.53
74270,159.59,240.00,100,3.00,80.41
74370,159.71,240.00,100,3.00,80.29
74470,159.85,240.00,100,3.00,80.15
74570,160.05,240.00,100,3.00,79.95
74670,160.25,240.00,100,3.00,79.75
74770,160.43,240.00,100,3.00,79.57
74870,160.59,240.00,100,3.00,79.41
74970,160.77,240.00,100,3.00,79.23
75070,160.89,240.00,100,3.00,79.11
75170,161.02,240.00,100,3.00,78.98
75270,161.19,240.00,100,3.00,78.81
75370,161.32,240.00,100,3.00,78.68
75470,161.39,240.00,100,3.00,78.61
75570,161.56,240.00,100,3.00,78.44
75670,161.73,240.00,100,3.00,78.27
75770,161.94,240.00,100,3.00,78.06
75870,162.14,240.00,100,3.00,77.86
75970,162.32,240.00,100,3.00,77.68
76070,162.47,240.00,100,3.00,77.53
76170,162.61,240.00,100,3.00,77.39
76270,162.71,240.00,100,3.00,77.29
76370,162.84,240.00,100,3.00,77.16
76470,162.98,240.00,100,3.00,77.02
76570,163.13,240.00,100,3.00,76.87
76670,163.30,240.00,100,3.00,76.70
76770,163.49,240.00,100,3.00,76.51
76870,163.62,240.00,100,3.00,76.38
76970,163.82,240.00,100,3.00,76.18
77070,163.94,240.00,100,3.00,76.06
77170,164.11,240.00,100,3.00,75.89
77270,164.26,240.00,100,3.00,75.74
77370,164.46,240.00,100,3.00,75.54
77470,164.62,240.00,100,3.00,75.38
77570,164.79,240.00,100,3.00,75.21
77670,164.97,240.00,100,3.00,75.03
77770,165.09,240.00,100,3.00,74.91
77870,165.28,240.00,100,3.00,74.72
77970,165.39,240.00,100,3.00,74.61
78070,165.52,240.00,100,3.00,74.48
78170,165.65,240.00,100,3.00,74.35
78270,165.77,240.00,100,3.00,74.23
78370,165.91,240.00,100,3.00,74.09
78470,166.10,240.00,100,3.00,73.90
78570,166.21,240.00,100,3.00,73.79
78670,166.35,240.00,100,3.00,73.65
78770,166.53,240.00,100,3.00,73.47
78870,166.69,240.00,100,3.00,73.31
78970,166.82,240.00,100,3.00,73.18
79070,167.03,240.00,100,3.00,72.97
79170,167.24,240.00,100,3.00,72.76
79270,167.35,240.00,100,3.00,72.65
79370,167.48,240.00,100,3.00,72.52
79470,167.67,240.00,100,3.00,72.33
79570,167.85,240.00,100,3.00,72.15
79670,168.02,240.00,100,3.00,71.98
79770,168.16,240.00,100,3.00,71.84
79870,168.33,240.00,100,3.00,71.67
79970,168.46,240.00,100,3.00,71.54
80070,168.56,240.00,100,3.00,71.44
80170,168.72,240.00,100,3.00,71.28
80270,168.88,240.00,100,3.00,71.12
80370,169.05,240.00,100,3.00,70.95
80470,169.16,240.00,100,3.00,70.84
80570,169.28,240.00,100,3.00,70.72
80670,169.49,240.00,100,3.00,70.51
80770,169.63,240.00,100,3.00,70.37
80870,169.82,240.00,100,3.00,70.18
80970,169.93,240.00,100,3.00,70.07
81070,170.07,240.00,100,3.00,69.93
81170,170.20,240.00,100,3.00,69.80
81270,170.33,240.00,100,3.00,69.67
81370,170.55,240.00,71,3.00,69.45
81470,170.71,240.00,100,3.00,69.29
81570,170.92,240.00,93,3.00,69.08
81670,171.08,240.00,100,3.00,68.92
81770,171.26,240.00,100,3.00,68.74
81870,171.41,240.00,100,3.00,68.59
81970,171.56,240.00,100,3.00,68.44
82070,171.68,240.00,100,3.00,68.32
82170,171.80,240.00,100,3.00,68.20
82270,171.97,240.00,100,3.00,68.03
82370,172.09,240.00,100,3.00,67.91
82470,172.25,240.00,100,3.00,67.75
82570,172.43,240.00,100,3.00,67.57
82670,172.53,240.00,100,3.00,67.47
82770,172.70,240.00,100,3.00,67.30
82870,172.84,240.00,100,3.00,67.16
82970,173.04,240.00,93,3.00,66.96
83070,173.18,240.00,100,3.00,66.82
83170,173.35,240.00,100,3.00,66.65
83270,173.50,240.00,100,3.00,66.50
83370,173.62,240.00,100,3.00,66.38
83470,173.78,240.00,100,3.00,66.22
83570,173.88,240.00,100,3.00,66.12
83670,174.04,240.00,100,3.00,65.96
83770,174.24,240.00,100,3.00,65.76
83870,174.40,240.00,100,3.00,65.60
83970,174.60,240.00,80,3.00,65.40
84070,174.77,240.00,100,3.00,65.23
84170,174.92,240.00,100,3.00,65.08
84270,175.06,240.00,100,3.00,64.94
84370,175.21,240.00,100,3.00,64.79
84470,175.30,240.00,100,3.00,64.70
84570,175.45,240.00,100,3.00,64.55
84670,175.62,240.00,100,3.00,64.38
84770,175.78,240.00,100,3.00,64.22
84870,175.90,240.00,100,3.00,64.10
84970,176.04,240.00,100,3.00,63.96
85070,176.17,240.00,100,3.00,63.83
85170,176.34,240.00,100,3.00,63.66
85270,176.50,240.00,100,3.00,63.50
85370,176.63,240.00,100,3.00,63.37
85470,176.77,240.00,100,3.00,63.23
85570,176.94,240.00,100,3.00,63.06
85670,177.10,240.00,100,3.00,62.90
85770,177.26,240.00,100,3.00,62.74
85870,177.38,240.00,100,3.00,62.62
85970,177.48,240.00,100,3.00,62.52
86070,177.70,240.00,0,3.00,62.30
86170,177.86,240.00,100,3.00,62.14
86270,177.94,240.00,100,3.00,62.06
86370,178.06,240.00,100,3.00,61.94
86470,178.19,240.00,100,3.00,61.81
86570,178.38,240.00,81,3.00,61.62
86670,178.55,240.00,100,3.00,61.45
86770,178.69,240.00,100,3.00,61.31
86870,178.84,240.00,100,3.00,61.16
86970,178.98,240.00,100,3.00,61.02
87070,179.19,240.00,0,3.00,60.81
87170,179.35,240.00,100,3.00,60.65
87270,179.50,240.00,100,3.00,60.50
87370,179.63,240.00,100,3.00,60.37
87470,179.77,240.00,100,3.00,60.23
87570,179.96,240.00,62,3.00,60.04
87670,180.05,240.00,100,3.00,59.95
87770,180.18,240.00,100,3.00,59.82
87870,180.34,240.00,100,3.00,59.66
87970,180.53,240.00,14,3.00,59.47
88070,180.65,240.00,100,3.00,59.35
88170,180.77,240.00,100,3.00,59.23
88270,180.93,240.00,100,3.00,59.07
88370,181.13,240.00,0,3.00,58.87
88470,181.25,240.00,100,3.00,58.75
88570,181.42,240.00,100,3.00,58.58
88670,181.55,240.00,100,3.00,58.45
88770,181.68,240.00,100,3.00,58.32
88870,181.77,240.00,100,3.00,58.23
88970,181.90,240.00,100,3.00,58.10
89070,182.10,240.00,0,3.00,57.90
89170,182.30,240.00,0,3.00,57.70
89270,182.43,240.00,100,3.00,57.57
89370,182.56,240.00,100,3.00,57.44
89470,182.74,240.00,38,3.00,57.26
89570,182.93,240.00,14,3.00,57.07
89670,183.02,240.00,100,3.00,56.98
89770,183.15,240.00,100,3.00,56.85
89870,183.31,240.00,100,3.00,56.69
89970,183.40,240.00,100,3.00,56.60
90070,183.51,240.00,100,3.00,56.49
90170,183.64,240.00,100,3.00,56.36
90270,183.77,240.00,100,3.00,56.23
90370,183.90,240.00,100,3.00,56.10
90470,184.02,240.00,100,3.00,55.98
90570,184.22,240.00,0,3.00,55.78
90670,184.40,240.00,19,3.00,55.60
90770,184.57,240.00,86,3.00,55.43
90870,184.68,240.00,100,3.00,55.32
90970,184.79,240.00,100,3.00,55.21
91070,184.97,240.00,7,3.00,55.03
91170,185.15,240.00,27,3.00,54.85
91270,185.25,240.00,100,3.00,54.75
91370,185.40,240.00,100,3.00,54.60
91470,185.50,240.00,100,3.00,54.50
91570,185.62,240.00,100,3.00,54.38
91670,185.78,240.00,89,3.00,54.22
91770,185.98,240.00,0,3.00,54.02
91870,186.17,240.00,0,3.00,53.83
91970,186.25,240.00,100,3.00,53.75
92070,186.34,240.00,100,3.00,53.66
92170,186.49,240.00,100,3.00,53.51
92270,186.63,240.00,100,3.00,53.37
92370,186.73,240.00,100,3.00,53.27
92470,186.83,240.00,100,3.00,53.17
92570,186.90,240.00,100,3.00,53.10
92670,186.98,240.00,100,3.00,53.02
92770,187.15,240.00,15,3.00,52.85
92870,187.38,240.00,0,3.00,52.62
92970,187.58,240.00,0,3.00,52.42
93070,187.73,240.00,67,3.00,52.27
93170,187.89,240.00,65,3.00,52.11
93270,188.02,240.00,100,3.00,51.98
93370,188.13,240.00,100,3.00,51.87
93470,188.20,240.00,100,3.00,51.80
93570,188.32,240.00,100,3.00,51.68
93670,188.45,240.00,100,3.00,51.55
93770,188.60,240.00,77,3.00,51.40
93870,188.75,240.00,100,3.00,51.25
93970,188.85,240.00,100,3.00,51.15
94070,188.95,240.00,100,3.00,51.05
94170,189.01,240.00,100,3.00,50.99
94270,189.12,240.00,100,3.00,50.88
94370,189.18,240.00,100,3.00,50.82
94470,189.33,240.00,55,3.00,50.67
94570,189.41,240.00,100,3.00,50.59
94670,189.46,240.00,100,3.00,50.54
94770,189.53,240.00,100,3.00,50.47
94870,189.65,240.00,100,3.00,50.35
94970,189.74,240.00,100,3.00,50.26
95070,189.86,240.00,100,3.00,50.14
95170,189.98,240.00,100,3.00,50.02
95270,190.16,240.00,0,3.00,49.84
95370,190.31,240.00,56,3.00,49.69
95470,190.43,240.00,100,3.00,49.57
95570,190.52,240.00,100,3.00,49.48
95670,190.65,240.00,100,3.00,49.35
95770,190.72,240.00,100,3.00,49.28
95870,190.78,240.00,100,3.00,49.22
95970,190.91,240.00,100,3.00,49.09
96070,191.02,240.00,100,3.00,48.98
96170,191.14,240.00,100,3.00,48.86
96270,191.23,240.00,100,3.00,48.77
96370,191.27,240.00,100,3.00,48.73
96470,191.41,240.00,100,3.00,48.59
96570,191.49,240.00,100,3.00,48.51
96670,191.59,240.00,100,3.00,48.41
96770,191.73,240.00,100,3.00,48.27
96870,191.83,240.00,100,3.00,48.17
96970,191.92,240.00,100,3.00,48.08
97070,191.98,240.00,100,3.00,48.02
97170,192.05,240.00,100,3.00,47.95
97270,192.12,240.00,100,3.00,47.88
97370,192.27,240.00,53,3.00,47.73
97470,192.32,240.00,100,3.00,47.68
97570,192.39,240.00,100,3.00,47.61
97670,192.48,240.00,100,3.00,47.52
97770,192.61,240.00,100,3.00,47.39
97870,192.72,240.00,100,3.00,47.28
97970,192.79,240.00,100,3.00,47.21
98070,192.93,240.00,100,3.00,47.07
98170,192.99,240.00,100,3.00,47.01
98270,193.11,240.00,100,3.00,46.89
98370,193.24,240.00,100,3.00,46.76
98470,193.34,240.00,100,3.00,46.66
98570,193.37,240.00,100,3.00,46.63
98670,193.47,240.00,100,3.00,46.53
98770,193.58,240.00,100,3.00,46.42
98870,193.64,240.00,100,3.00,46.36
98970,193.70,240.00,100,3.00,46.30
99070,193.77,240.00,100,3.00,46.23
99170,193.84,240.00,100,3.00,46.16
99270,193.91,240.00,100,3.00,46.09
99370,194.09,240.00,0,3.00,45.91
99470,194.28,240.00,0,3.00,45.72
99570,194.43,240.00,5,3.00,45.57
99670,194.56,240.00,89,3.00,45.44
99770,194.67,240.00,100,3.00,45.33
99870,194.76,240.00,100,3.00,45.24
99970,194.87,240.00,100,3.00,45.13
100070,194.94,240.00,100,3.00,45.06
100170,195.02,240.00,100,3.00,44.98
100270,195.17,240.00,19,3.00,44.83
100370,195.24,240.00,100,3.00,44.76
100470,195.34,240.00,100,3.00,44.66
100570,195.39,240.00,100,3.00,44.61
100670,195.54,240.00,0,3.00,44.46
100770,195.62,240.00,100,3.00,44.38
100870,195.75,240.00,100,3.00,44.25
100970,195.79,240.00,100,3.00,44.21
101070,195.93,240.00,55,3.00,44.07
101170,196.09,240.00,0,3.00,43.91
101270,196.16,240.00,100,3.00,43.84
101370,196.18,240.00,100,3.00,43.82
101470,196.38,240.00,0,3.00,43.62
101570,196.48,240.00,100,3.00,43.52
101670,196.62,240.00,12,3.00,43.38
101770,196.78,240.00,0,3.00,43.22
101870,196.85,240.00,100,3.00,43.15
101970,196.98,240.00,40,3.00,43.02
102070,197.07,240.00,100,3.00,42.93
102170,197.13,240.00,100,3.00,42.87
102270,197.30,240.00,0,3.00,42.70
102370,197.34,240.00,100,3.00,42.66
102470,197.46,240.00,100,3.00,42.54
102570,197.55,240.00,100,3.00,42.45
102670,197.66,240.00,100,3.00,42.34
102770,197.80,240.00,10,3.00,42.20
102870,197.95,240.00,0,3.00,42.05
102970,198.01,240.00,100,3.00,41.99
103070,198.12,240.00,100,3.00,41.88
103170,198.18,240.00,100,3.00,41.82
103270,198.30,240.00,63,3.00,41.70
103370,198.43,240.00,72,3.00,41.57
103470,198.49,240.00,100,3.00,41.51
103570,198.62,240.00,35,3.00,41.38
103670,198.75,240.00,49,3.00,41.25
103770,198.84,240.00,100,3.00,41.16
103870,198.92,240.00,100,3.00,41.08
103970,199.00,240.00,100,3.00,41.00
104070,199.07,240.00,100,3.00,40.93
104170,199.13,240.00,100,3.00,40.87
104270,199.25,240.00,94,3.00,40.75
104370,199.41,240.00,0,3.00,40.59
104470,199.53,240.00,32,3.00,40.47
104570,199.59,240.00,100,3.00,40.41
104670,199.64,240.00,100,3.00,40.36
104770,199.76,240.00,32,3.00,40.24
104870,199.84,240.00,100,3.00,40.16
104970,199.89,240.00,100,3.00,40.11
105070,199.97,240.00,100,3.00,40.03
105170,200.10,240.00,20,3.00,39.90
105270,200.23,240.00,0,3.00,39.77
105370,200.32,240.00,100,3.00,39.68
105470,200.46,240.00,0,3.00,39.54
105570,200.49,240.00,100,3.00,39.51
105670,200.56,240.00,100,3.00,39.44
105770,200.73,240.00,0,3.00,39.27
105870,200.78,240.00,100,3.00,39.22
105970,200.89,240.00,100,3.00,39.11
106070,200.98,240.00,100,3.00,39.02
106170,201.03,240.00,100,3.00,38.97
106270,201.10,240.00,100,3.00,38.90
106370,201.13,240.00,100,3.00,38.87
106470,201.21,240.00,100,3.00,38.79
106570,201.30,240.00,100,3.00,38.70
106670,201.42,240.00,15,3.00,38.58
106770,201.58,240.00,0,3.00,38.42
106870,201.65,240.00,100,3.00,38.35
106970,201.74,240.00,100,3.00,38.26
107070,201.80,240.00,100,3.00,38.20
107170,201.95,240.00,0,3.00,38.05
107270,202.11,240.00,0,3.00,37.89
107370,202.22,240.00,57,3.00,37.78
107470,202.26,240.00,100,3.00,37.74
107570,202.32,240.00,100,3.00,37.68
107670,202.40,240.00,100,3.00,37.60
107770,202.51,240.00,61,3.00,37.49
107870,202.63,240.00,55,3.00,37.37
107970,202.74,240.00,51,3.00,37.26
108070,202.85,240.00,46,3.00,37.15
108170,202.90,240.00,100,3.00,37.10
108270,202.99,240.00,100,3.00,37.01
108370,203.08,240.00,100,3.00,36.92
108470,203.11,240.00,100,3.00,36.89
108570,203.16,240.00,100,3.00,36.84
108670,203.25,240.00,100,3.00,36.75
108770,203.35,240.00,80,3.00,36.65
108870,203.42,240.00,100,3.00,36.58
108970,203.52,240.00,100,3.00,36.48
109070,203.59,240.00,100,3.00,36.41
109170,203.65,240.00,100,3.00,36.35
109270,203.74,240.00,100,3.00,36.26
109370,203.82,240.00,100,3.00,36.18
109470,203.97,240.00,0,3.00,36.03
109570,204.04,240.00,100,3.00,35.96
109670,204.12,240.00,100,3.00,35.88
109770,204.18,240.00,100,3.00,35.82
109870,204.25,240.00,100,3.00,35.75
109970,204.31,240.00,100,3.00,35.69
110070,204.43,240.00,0,3.00,35.57
110170,204.50,240.00,100,3.00,35.50
110270,204.55,240.00,100,3.00,35.45
110370,204.63,240.00,100,3.00,35.37
110470,204.67,240.00,100,3.00,35.33
110570,204.77,240.00,73,3.00,35.23
110670,204.81,240.00,100,3.00,35.19
110770,204.87,240.00,100,3.00,35.13
110870,204.93,240.00,100,3.00,35.07
110970,205.09,240.00,0,3.00,34.91
111070,205.17,240.00,100,3.00,34.83
111170,205.22,240.00,100,3.00,34.78
111270,205.40,240.00,0,3.00,34.60
111370,205.44,240.00,100,3.00,34.56
111470,205.47,240.00,100,3.00,34.53
111570,205.50,240.00,100,3.00,34.50
111670,205.64,240.00,0,3.00,34.36
111770,205.79,240.00,0,3.00,34.21
111870,205.91,240.00,0,3.00,34.09
111970,206.04,240.00,0,3.00,33.96
112070,206.08,240.00,100,3.00,33.92
112170,206.18,240.00,46,3.00,33.82
112270,206.25,240.00,100,3.00,33.75
112370,206.29,240.00,100,3.00,33.71
112470,206.32,240.00,100,3.00,33.68
112570,206.35,240.00,100,3.00,33.65
112670,206.41,240.00,100,3.00,33.59
112770,206.46,240.00,100,3.00,33.54
112870,206.57,240.00,7,3.00,33.43
112970,206.68,240.00,0,3.00,33.32
113070,206.81,240.00,0,3.00,33.19
113170,206.90,240.00,100,3.00,33.10
113270,206.96,240.00,100,3.00,33.04
113370,207.11,240.00,0,3.00,32.89
113470,207.20,240.00,100,3.00,32.80
113570,207.29,240.00,71,3.00,32.71
113670,207.37,240.00,100,3.00,32.63
113770,207.47,240.00,69,3.00,32.53
113870,207.57,240.00,43,3.00,32.43
113970,207.61,240.00,100,3.00,32.39
114070,207.67,240.00,100,3.00,32.33
114170,207.80,240.00,0,3.00,32.20
114270,207.88,240.00,100,3.00,32.12
114370,207.95,240.00,100,3.00,32.05
114470,208.03,240.00,100,3.00,31.97
114570,208.00,240.00,100,3.00,32.00
114670,208.10,240.00,29,3.00,31.90
114770,208.15,240.00,100,3.00,31.85
114870,208.18,240.00,100,3.00,31.82
114970,208.24,240.00,100,3.00,31.76
115070,208.31,240.00,100,3.00,31.69
115170,208.41,240.00,29,3.00,31.59
115270,208.52,240.00,0,3.00,31.48
115370,208.63,240.00,0,3.00,31.37
115470,208.73,240.00,0,3.00,31.27
115570,208.82,240.00,80,3.00,31.18
115670,208.91,240.00,47,3.00,31.09
115770,208.93,240.00,100,3.00,31.07
115870,208.94,240.00,100,3.00,31.06
115970,208.92,240.00,100,3.00,31.08
116070,209.03,240.00,0,3.00,30.97
116170,209.14,240.00,0,3.00,30.86
116270,209.27,240.00,0,3.00,30.73
116370,209.38,240.00,0,3.00,30.62
116470,209.45,240.00,100,3.00,30.55
116570,209.50,240.00,100,3.00,30.50
116670,209.52,240.00,100,3.00,30.48
116770,209.62,240.00,8,3.00,30.38
116870,209.73,240.00,0,3.00,30.27
116970,209.79,240.00,100,3.00,30.21
117070,209.82,240.00,100,3.00,30.18
117170,209.85,240.00,100,3.00,30.15
117270,209.87,240.00,100,3.00,30.13
117370,209.97,240.00,0,3.00,30.03
117470,210.10,240.00,0,3.00,29.90
117570,210.20,240.00,31,3.00,29.80
117670,210.21,240.00,100,3.00,29.79
117770,210.26,240.00,100,3.00,29.74
117870,210.32,240.00,100,3.00,29.68
117970,210.35,240.00,100,3.00,29.65
118070,210.36,240.00,100,3.00,29.64
118170,210.46,240.00,0,3.00,29.54
118270,210.57,240.00,0,3.00,29.43
118370,210.68,240.00,0,3.00,29.32
118470,210.72,240.00,100,3.00,29.28
118570,210.80,240.00,77,3.00,29.20
118670,210.81,240.00,100,3.00,29.19
118770,210.87,240.00,100,3.00,29.13
118870,210.97,240.00,0,3.00,29.03
118970,211.04,240.00,100,3.00,28.96
119070,211.15,240.00,0,3.00,28.85
119170,211.17,240.00,100,3.00,28.83
119270,211.21,240.00,100,3.00,28.79
119370,211.31,240.00,0,3.00,28.69
119470,211.39,240.00,100,3.00,28.61
119570,211.49,240.00,0,3.00,28.51
119670,211.55,240.00,100,3.00,28.45
119770,211.60,240.00,100,3.00,28.40
119870,211.66,240.00,100,3.00,28.34
119970,211.65,240.00,100,3.00,28.35
120070,211.73,240.00,73,3.00,28.27
120170,211.82,240.00,30,3.00,28.18
120270,211.81,240.00,100,3.00,28.19
120370,211.85,240.00,100,3.00,28.15
120470,211.86,240.00,100,3.00,28.14
120570,211.85,240.00,100,3.00,28.15
120670,211.90,240.00,100,3.00,28.10
120770,211.92,240.00,100,3.00,28.08
120870,212.03,240.00,0,3.00,27.97
120970,212.04,240.00,100,3.00,27.96
121070,212.17,240.00,0,3.00,27.83
121170,212.28,240.00,0,3.00,27.72
121270,212.33,240.00,100,3.00,27.67
121370,212.36,240.00,100,3.00,27.64
121470,212.47,240.00,0,3.00,27.53
121570,212.55,240.00,69,3.00,27.45
121670,212.62,240.00,81,3.00,27.38
121770,212.60,240.00,100,3.00,27.40
121870,212.58,240.00,100,3.00,27.42
121970,212.53,240.00,100,3.00,27.47
122070,212.60,240.00,100,3.00,27.40
122170,212.61,240.00,100,3.00,27.39
122270,212.63,240.00,100,3.00,27.37
122370,212.67,240.00,100,3.00,27.33
122470,212.80,240.00,0,3.00,27.20
122570,212.85,240.00,100,3.00,27.15
122670,212.93,240.00,67,3.00,27.07
122770,213.05,240.00,0,3.00,26.95
122870,213.06,240.00,100,3.00,26.94
122970,213.14,240.00,26,3.00,26.86
123070,213.18,240.00,100,3.00,26.82
123170,213.24,240.00,100,3.00,26.76
123270,213.40,240.00,0,3.00,26.60
123370,213.43,240.00,100,3.00,26.57
123470,213.43,240.00,100,3.00,26.57
123570,213.45,240.00,100,3.00,26.55
123670,213.52,240.00,89,3.00,26.48
123770,213.55,240.00,100,3.00,26.45
123870,213.67,240.00,0,3.00,26.33
123970,213.75,240.00,59,3.00,26.25
124070,213.74,240.00,100,3.00,26.26
124170,213.83,240.00,8,3.00,26.17
124270,213.87,240.00,100,3.00,26.13
124370,213.94,240.00,65,3.00,26.06
124470,213.98,240.00,100,3.00,26.02
124570,214.05,240.00,44,3.00,25.95
124670,214.04,240.00,100,3.00,25.96
124770,214.11,240.00,42,3.00,25.89
124870,214.14,240.00,100,3.00,25.86
124970,214.17,240.00,100,3.00,25.83
125070,214.19,240.00,100,3.00,25.81
125170,214.20,240.00,100,3.00,25.80
125270,214.31,240.00,0,3.00,25.69
125370,214.45,240.00,0,3.00,25.55
125470,214.49,240.00,100,3.00,25.51
125570,214.50,240.00,100,3.00,25.50
125670,214.60,240.00,0,3.00,25.40
125770,214.70,240.00,0,3.00,25.30
125870,214.72,240.00,100,3.00,25.28
125970,214.74,240.00,100,3.00,25.26
126070,214.71,240.00,100,3.00,25.29
126170,214.78,240.00,70,3.00,25.22
126270,214.87,240.00,0,3.00,25.13
126370,214.90,240.00,100,3.00,25.10
126470,214.98,240.00,4,3.00,25.02
126570,215.08,240.00,0,3.00,24.92
126670,215.03,240.00,100,3.00,24.97
126770,215.06,240.00,100,3.00,24.94
126870,215.17,240.00,0,3.00,24.83
126970,215.19,240.00,100,3.00,24.81
127070,215.28,240.00,0,3.00,24.72
127170,215.31,240.00,100,3.00,24.69
127270,215.36,240.00,100,3.00,24.64
127370,215.37,240.00,100,3.00,24.63
127470,215.43,240.00,100,3.00,24.57
127570,215.47,240.00,100,3.00,24.53
127670,215.52,240.00,100,3.00,24.48
127770,215.61,240.00,0,3.00,24.39
127870,215.72,240.00,0,3.00,24.28
127970,215.81,240.00,0,3.00,24.19
128070,215.88,240.00,67,3.00,24.12
128170,215.85,240.00,100,3.00,24.15
128270,215.91,240.00,100,3.00,24.09
128370,215.97,240.00,96,3.00,24.03
128470,215.98,240.00,100,3.00,24.02
128570,216.05,240.00,40,3.00,23.95
128670,216.03,240.00,100,3.00,23.97
128770,216.17,240.00,0,3.00,23.83
128870,216.26,240.00,0,3.00,23.74
128970,216.32,240.00,100,3.00,23.68
129070,216.31,240.00,100,3.00,23.69
129170,216.33,240.00,100,3.00,23.67
129270,216.35,240.00,100,3.00,23.65
129370,216.34,240.00,100,3.00,23.66
129470,216.35,240.00,100,3.00,23.65
129570,216.41,240.00,77,3.00,23.59
129670,216.46,240.00,100,3.00,23.54
129770,216.54,240.00,1,3.00,23.46
129870,216.65,240.00,0,3.00,23.35
129970,216.72,240.00,55,3.00,23.28
130070,216.78,240.00,54,3.00,23.22
130170,216.86,240.00,0,3.00,23.14
130270,216.96,240.00,0,3.00,23.04
130370,216.95,240.00,100,3.00,23.05
130470,217.03,240.00,0,3.00,22.97
130570,217.07,240.00,100,3.00,22.93
130670,217.11,240.00,100,3.00,22.89
130770,217.16,240.00,100,3.00,22.84
130870,217.15,240.00,100,3.00,22.85
130970,217.15,240.00,100,3.00,22.85
131070,217.21,240.00,91,3.00,22.79
131170,217.23,240.00,100,3.00,22.77
131270,217.27,240.00,100,3.00,22.73
131370,217.29,240.00,100,3.00,22.71
131470,217.41,240.00,0,3.00,22.59
131570,217.52,240.00,0,3.00,22.48
131670,217.52,240.00,100,3.00,22.48
131770,217.56,240.00,100,3.00,22.44
131870,217.58,240.00,100,3.00,22.42
131970,217.71,240.00,0,3.00,22.29
132070,217.81,240.00,0,3.00,22.19
132170,217.90,240.00,0,3.00,22.10
132270,217.97,240.00,53,3.00,22.03
132370,218.01,240.00,100,3.00,21.99
132470,218.01,240.00,100,3.00,21.99
132570,217.98,240.00,100,3.00,22.02
132670,217.97,240.00,100,3.00,22.03
132770,218.03,240.00,53,3.00,21.97
132870,218.08,240.00,100,3.00,21.92
132970,218.15,240.00,33,3.00,21.85
133070,218.17,240.00,100,3.00,21.83
133170,218.23,240.00,55,3.00,21.77
133270,218.32,240.00,0,3.00,21.68
133370,218.32,240.00,100,3.00,21.68
133470,218.34,240.00,100,3.00,21.66
133570,218.34,240.00,100,3.00,21.66
133670,218.39,240.00,87,3.00,21.61
133770,218.44,240.00,100,3.00,21.56
133870,218.48,240.00,100,3.00,21.52
133970,218.49,240.00,100,3.00,21.51
134070,218.53,240.00,100,3.00,21.47
134170,218.61,240.00,0,3.00,21.39
134270,218.64,240.00,100,3.00,21.36
134370,218.73,240.00,0,3.00,21.27
134470,218.81,240.00,0,3.00,21.19
134570,218.80,240.00,100,3.00,21.20
134670,218.89,240.00,0,3.00,21.11
134770,218.98,240.00,0,3.00,21.02
134870,219.01,240.00,100,3.00,20.99
134970,218.98,240.00,100,3.00,21.02
135070,219.05,240.00,1,3.00,20.95
135170,219.05,240.00,100,3.00,20.95
135270,219.11,240.00,65,3.00,20.89
135370,219.15,240.00,100,3.00,20.85
135470,219.13,240.00,100,3.00,20.87
135570,219.20,240.00,18,3.00,20.80
135670,219.28,240.00,0,3.00,20.72
135770,219.30,240.00,100,3.00,20.70
135870,219.33,240.00,100,3.00,20.67
135970,219.36,240.00,100,3.00,20.64
136070,219.37,240.00,100,3.00,20.63
136170,219.42,240.00,45,3.00,20.58
136270,219.51,240.00,0,3.00,20.49
136370,219.53,240.00,100,3.00,20.47
136470,219.59,240.00,8,3.00,20.41
136570,219.58,240.00,100,3.00,20.42
136670,219.61,240.00,100,3.00,20.39
136770,219.63,240.00,100,3.00,20.37
136870,219.74,240.00,0,3.00,20.26
136970,219.83,240.00,0,3.00,20.17
137070,219.80,240.00,100,3.00,20.20
137170,219.92,240.00,0,3.00,20.08
137270,220.00,240.00,0,3.00,20.00
137370,220.13,240.00,0,3.00,19.87
137470,220.21,240.00,0,3.00,19.79
137570,220.23,240.00,100,3.00,19.77
137670,220.21,240.00,100,3.00,19.79
137770,220.28,240.00,0,3.00,19.72
137870,220.36,240.00,0,3.00,19.64
137970,220.43,240.00,0,3.00,19.57
138070,220.52,240.00,0,3.00,19.48
138170,220.61,240.00,0,3.00,19.39
138270,220.59,240.00,100,3.00,19.41
138370,220.66,240.00,0,3.00,19.34
138470,220.73,240.00,0,3.00,19.27
138570,220.85,240.00,0,3.00,19.15
138670,220.83,240.00,100,3.00,19.17
138770,220.82,240.00,100,3.00,19.18
138870,220.87,240.00,78,3.00,19.13
138970,220.84,240.00,100,3.00,19.16
139070,220.87,240.00,100,3.00,19.13
139170,220.95,240.00,0,3.00,19.05
139270,221.00,240.00,66,3.00,19.00
139370,221.04,240.00,100,3.00,18.96
139470,221.07,240.00,100,3.00,18.93
139570,221.08,240.00,100,3.00,18.92
139670,221.05,240.00,100,3.00,18.95
139770,221.08,240.00,100,3.00,18.92
139870,221.07,240.00,100,3.00,18.93
139970,221.08,240.00,100,3.00,18.92
140070,221.05,240.00,100,3.00,18.95
140170,221.07,240.00,100,3.00,18.93
140270,221.16,240.00,0,3.00,18.84
140370,221.27,240.00,0,3.00,18.73
140470,221.31,240.00,100,3.00,18.69
140570,221.34,240.00,100,3.00,18.66
140670,221.40,240.00,0,3.00,18.60
140770,221.46,240.00,46,3.00,18.54
140870,221.44,240.00,100,3.00,18.56
140970,221.47,240.00,100,3.00,18.53
141070,221.46,240.00,100,3.00,18.54
141170,221.42,240.00,100,3.00,18.58
141270,221.49,240.00,0,3.00,18.51
141370,221.54,240.00,64,3.00,18.46
141470,221.58,240.00,100,3.00,18.42
141570,221.64,240.00,18,3.00,18.36
141670,221.72,240.00,0,3.00,18.28
141770,221.72,240.00,100,3.00,18.28
141870,221.75,240.00,100,3.00,18.25
141970,221.80,240.00,49,3.00,18.20
142070,221.76,240.00,100,3.00,18.24
142170,221.88,240.00,0,3.00,18.12
142270,221.97,240.00,0,3.00,18.03
142370,221.97,240.00,100,3.00,18.03
142470,222.05,240.00,0,3.00,17.95
142570,222.01,240.00,100,3.00,17.99
142670,221.99,240.00,100,3.00,18.01
142770,222.09,240.00,0,3.00,17.91
142870,222.18,240.00,0,3.00,17.82
142970,222.14,240.00,100,3.00,17.86
143070,222.22,240.00,0,3.00,17.78
143170,222.27,240.00,41,3.00,17.73
143270,222.29,240.00,100,3.00,17.71
143370,222.36,240.00,0,3.00,17.64
143470,222.43,240.00,0,3.00,17.57
143570,222.50,240.00,0,3.00,17.50
143670,222.48,240.00,100,3.00,17.52
143770,222.50,240.00,100,3.00,17.50
143870,222.48,240.00,100,3.00,17.52
143970,222.48,240.00,100,3.00,17.52
144070,222.49,240.00,100,3.00,17.51
144170,222.55,240.00,0,3.00,17.45
144270,222.67,240.00,0,3.00,17.33
144370,222.73,240.00,11,3.00,17.27
144470,222.69,240.00,100,3.00,17.31
144570,222.68,240.00,100,3.00,17.32
144670,222.74,240.00,0,3.00,17.26
144770,222.78,240.00,72,3.00,17.22
144870,222.83,240.00,47,3.00,17.17
144970,222.79,240.00,100,3.00,17.21
145070,222.82,240.00,100,3.00,17.18
145170,222.87,240.00,16,3.00,17.13
145270,222.85,240.00,100,3.00,17.15
145370,222.94,240.00,0,3.00,17.06
145470,222.98,240.00,58,3.00,17.02
145570,223.04,240.00,0,3.00,16.96
145670,223.11,240.00,0,3.00,16.89
145770,223.13,240.00,100,3.00,16.87
145870,223.13,240.00,100,3.00,16.87
145970,223.11,240.00,100,3.00,16.89
146070,223.16,240.00,28,3.00,16.84
146170,223.17,240.00,100,3.00,16.83
146270,223.16,240.00,100,3.00,16.84
146370,223.25,240.00,0,3.00,16.75
146470,223.31,240.00,0,3.00,16.69
146570,223.36,240.00,23,3.00,16.64
146670,223.43,240.00,0,3.00,16.57
146770,223.47,240.00,66,3.00,16.53
146870,223.45,240.00,100,3.00,16.55
146970,223.49,240.00,82,3.00,16.51
147070,223.50,240.00,100,3.00,16.50
147170,223.57,240.00,0,3.00,16.43
147270,223.53,240.00,100,3.00,16.47
147370,223.54,240.00,100,3.00,16.46
147470,223.54,240.00,100,3.00,16.46
147570,223.52,240.00,100,3.00,16.48
147670,223.54,240.00,100,3.00,16.46
147770,223.67,240.00,0,3.00,16.33
147870,223.73,240.00,0,3.00,16.27
147970,223.81,240.00,0,3.00,16.19
148070,223.86,240.00,27,3.00,16.14
148170,223.91,240.00,7,3.00,16.09
148270,223.95,240.00,54,3.00,16.05
148370,223.87,240.00,100,3.00,16.13
148470,223.88,240.00,100,3.00,16.12
148570,223.90,240.00,100,3.00,16.10
148670,223.93,240.00,100,3.00,16.07
148770,223.91,240.00,100,3.00,16.09
148870,223.99,240.00,0,3.00,16.01
148970,224.03,240.00,67,3.00,15.97
149070,224.14,240.00,0,3.00,15.86
149170,224.17,240.00,100,3.00,15.83
149270,224.10,240.00,100,3.00,15.90
149370,224.02,240.00,100,3.00,15.98
149470,224.04,240.00,100,3.00,15.96
149570,224.11,240.00,0,3.00,15.89
149670,224.08,240.00,100,3.00,15.92
149770,224.09,240.00,100,3.00,15.91
149870,224.05,240.00,100,3.00,15.95
149970,224.12,240.00,0,3.00,15.88
150070,224.23,240.00,0,3.00,15.77
150170,224.25,240.00,100,3.00,15.75
150270,224.18,240.00,100,3.00,15.82
150370,224.20,240.00,100,3.00,15.80
150470,224.25,240.00,0,3.00,15.75
150570,224.33,240.00,0,3.00,15.67
150670,224.36,240.00,100,3.00,15.64
150770,224.42,240.00,0,3.00,15.58
150870,224.57,240.00,0,3.00,15.43
150970,224.67,240.00,0,3.00,15.33
151070,224.61,240.00,100,3.00,15.39
151170,224.63,240.00,100,3.00,15.37
151270,224.59,240.00,100,3.00,15.41
151370,224.57,240.00,100,3.00,15.43
151470,224.64,240.00,0,3.00,15.36
151570,224.62,240.00,100,3.00,15.38
151670,224.67,240.00,0,3.00,15.33
151770,224.73,240.00,0,3.00,15.27
151870,224.70,240.00,100,3.00,15.30
151970,224.78,240.00,0,3.00,15.22
152070,224.74,240.00,100,3.00,15.26
152170,224.78,240.00,44,3.00,15.22
152270,224.77,240.00,100,3.00,15.23
152370,224.82,240.00,10,3.00,15.18
152470,224.87,240.00,0,3.00,15.13
152570,224.89,240.00,100,3.00,15.11
152670,224.91,240.00,100,3.00,15.09
152770,224.99,240.00,0,3.00,15.01
152870,225.00,240.00,100,3.00,15.00
152970,225.00,240.00,100,3.00,15.00
153070,224.96,240.00,100,3.00,15.04
153170,225.08,240.00,0,3.00,14.92
153270,225.14,240.00,0,3.00,14.86
153370,225.13,240.00,100,3.00,14.87
153470,225.20,240.00,0,3.00,14.80
153570,225.18,240.00,100,3.00,14.82
153670,225.23,240.00,0,3.00,14.77
153770,225.22,240.00,100,3.00,14.78
153870,225.23,240.00,100,3.00,14.77
153970,225.29,240.00,0,3.00,14.71
154070,225.34,240.00,0,3.00,14.66
154170,225.33,240.00,100,3.00,14.67
154270,225.33,240.00,100,3.00,14.67
154370,225.32,240.00,100,3.00,14.68
154470,225.40,240.00,0,3.00,14.60
154570,225.42,240.00,100,3.00,14.58
154670,225.41,240.00,100,3.00,14.59
154770,225.45,240.00,6,3.00,14.55
154870,225.45,240.00,100,3.00,14.55
154970,225.45,240.00,100,3.00,14.55
155070,225.53,240.00,0,3.00,14.47
155170,225.59,240.00,0,3.00,14.41
155270,225.67,240.00,0,3.00,14.33
155370,225.78,240.00,0,3.00,14.22
155470,225.84,240.00,0,3.00,14.16
155570,225.87,240.00,70,3.00,14.13
155670,225.78,240.00,100,3.00,14.22
155770,225.77,240.00,100,3.00,14.23
155870,225.81,240.00,9,3.00,14.19
155970,225.88,240.00,0,3.00,14.12
156070,225.96,240.00,0,3.00,14.04
156170,226.01,240.00,0,3.00,13.99
156270,226.03,240.00,94,3.00,13.97
156370,226.11,240.00,0,3.00,13.89
156470,226.10,240.00,100,3.00,13.90
156570,226.16,240.00,0,3.00,13.84
156670,226.10,240.00,100,3.00,13.90
156770,226.11,240.00,100,3.00,13.89
156870,226.10,240.00,100,3.00,13.90
156970,226.16,240.00,0,3.00,13.84
157070,226.16,240.00,100,3.00,13.84
157170,226.24,240.00,0,3.00,13.76
157270,226.30,240.00,0,3.00,13.70
157370,226.25,240.00,100,3.00,13.75
157470,226.27,240.00,100,3.00,13.73
157570,226.29,240.00,100,3.00,13.71
157670,226.26,240.00,100,3.00,13.74
157770,226.25,240.00,100,3.00,13.75
157870,226.32,240.00,0,3.00,13.68
157970,226.40,240.00,0,3.00,13.60
158070,226.37,240.00,100,3.00,13.63
158170,226.45,240.00,0,3.00,13.55
158270,226.49,240.00,44,3.00,13.51
158370,226.44,240.00,100,3.00,13.56
158470,226.47,240.00,100,3.00,13.53
158570,226.46,240.00,100,3.00,13.54
158670,226.52,240.00,0,3.00,13.48
158770,226.48,240.00,100,3.00,13.52
158870,226.47,240.00,100,3.00,13.53
158970,226.60,240.00,0,3.00,13.40
159070,226.66,240.00,0,3.00,13.34
159170,226.60,240.00,100,3.00,13.40
159270,226.70,240.00,0,3.00,13.30
159370,226.77,240.00,0,3.00,13.23
159470,226.80,240.00,75,3.00,13.20
159570,226.78,240.00,100,3.00,13.22
159670,226.81,240.00,81,3.00,13.19
159770,226.83,240.00,100,3.00,13.17
159870,226.84,240.00,100,3.00,13.16
159970,226.81,240.00,100,3.00,13.19
160070,226.79,240.00,100,3.00,13.21
160170,226.86,240.00,0,3.00,13.14
160270,226.91,240.00,0,3.00,13.09
160370,226.97,240.00,0,3.00,13.03
160470,226.90,240.00,100,3.00,13.10
160570,226.99,240.00,0,3.00,13.01
160670,226.93,240.00,100,3.00,13.07
160770,226.90,240.00,100,3.00,13.10
160870,226.91,240.00,100,3.00,13.09
160970,226.93,240.00,100,3.00,13.07
161070,226.99,240.00,0,3.00,13.01
161170,227.09,240.00,0,3.00,12.91
161270,227.05,240.00,100,3.00,12.95
161370,227.05,240.00,100,3.00,12.95
161470,226.97,240.00,100,3.00,13.03
161570,226.99,240.00,100,3.00,13.01
161670,227.10,240.00,0,3.00,12.90
161770,227.13,240.00,43,3.00,12.87
161870,227.21,240.00,0,3.00,12.79
161970,227.28,240.00,0,3.00,12.72
162070,227.29,240.00,100,3.00,12.71
162170,227.32,240.00,87,3.00,12.68
162270,227.30,240.00,100,3.00,12.70
162370,227.30,240.00,100,3.00,12.70
162470,227.29,240.00,100,3.00,12.71
162570,227.27,240.00,100,3.00,12.73
162670,227.24,240.00,100,3.00,12.76
162770,227.22,240.00,100,3.00,12.78
162870,227.24,240.00,85,3.00,12.76
162970,227.23,240.00,100,3.00,12.77
163070,227.35,240.00,0,3.00,12.65
163170,227.45,240.00,0,3.00,12.55
163270,227.50,240.00,0,3.00,12.50
163370,227.51,240.00,100,3.00,12.49
163470,227.54,240.00,21,3.00,12.46
163570,227.59,240.00,0,3.00,12.41
163670,227.57,240.00,100,3.00,12.43
163770,227.61,240.00,8,3.00,12.39
163870,227.62,240.00,100,3.00,12.38
163970,227.69,240.00,0,3.00,12.31
164070,227.64,240.00,100,3.00,12.36
164170,227.66,240.00,71,3.00,12.34
164270,227.71,240.00,0,3.00,12.29
164370,227.71,240.00,100,3.00,12.29
164470,227.80,240.00,0,3.00,12.20
164570,227.78,240.00,100,3.00,12.22
164670,227.83,240.00,0,3.00,12.17
164770,227.82,240.00,100,3.00,12.18
164870,227.85,240.00,41,3.00,12.15
164970,227.89,240.00,4,3.00,12.11
165070,227.89,240.00,100,3.00,12.11
165170,227.91,240.00,100,3.00,12.09
165270,227.95,240.00,0,3.00,12.05
165370,227.99,240.00,29,3.00,12.01
165470,227.97,240.00,100,3.00,12.03
165570,228.06,240.00,0,3.00,11.94
165670,228.10,240.00,0,3.00,11.90
165770,228.19,240.00,0,3.00,11.81
165870,228.20,240.00,100,3.00,11.80
165970,228.13,240.00,100,3.00,11.87
166070,228.06,240.00,100,3.00,11.94
166170,228.16,240.00,0,3.00,11.84
166270,228.19,240.00,15,3.00,11.81
166370,228.23,240.00,0,3.00,11.77
166470,228.27,240.00,20,3.00,11.73
166570,228.35,240.00,0,3.00,11.65
166670,228.42,240.00,0,3.00,11.58
166770,228.48,240.00,0,3.00,11.52
166870,228.54,240.00,0,3.00,11.46
166970,228.51,240.00,100,3.00,11.49
167070,228.55,240.00,4,3.00,11.45
167170,228.58,240.00,37,3.00,11.42
167270,228.53,240.00,100,3.00,11.47
167370,228.63,240.00,0,3.00,11.37
167470,228.72,240.00,0,3.00,11.28
167570,228.71,240.00,100,3.00,11.29
167670,228.68,240.00,100,3.00,11.32
167770,228.70,240.00,92,3.00,11.30
167870,228.74,240.00,0,3.00,11.26
167970,228.75,240.00,100,3.00,11.25
168070,228.78,240.00,19,3.00,11.22
168170,228.75,240.00,100,3.00,11.25
168270,228.68,240.00,100,3.00,11.32
168370,228.61,240.00,100,3.00,11.39
168470,228.70,240.00,0,3.00,11.30
168570,228.67,240.00,100,3.00,11.33
168670,228.75,240.00,0,3.00,11.25
168770,228.81,240.00,0,3.00,11.19
168870,228.79,240.00,100,3.00,11.21
168970,228.80,240.00,100,3.00,11.20
169070,228.88,240.00,0,3.00,11.12
169170,228.91,240.00,5,3.00,11.09
169270,228.97,240.00,0,3.00,11.03
169370,228.96,240.00,100,3.00,11.04
169470,228.99,240.00,12,3.00,11.01
169570,229.03,240.00,0,3.00,10.97
169670,229.08,240.00,0,3.00,10.92
169770,229.06,240.00,100,3.00,10.94
169870,229.06,240.00,100,3.00,10.94
169970,229.05,240.00,100,3.00,10.95
170070,229.13,240.00,0,3.00,10.87
170170,229.13,240.00,100,3.00,10.87
170270,229.09,240.00,100,3.00,10.91
170370,229.13,240.00,0,3.00,10.87
170470,229.18,240.00,0,3.00,10.82
170570,229.25,240.00,0,3.00,10.75
170670,229.18,240.00,100,3.00,10.82
170770,229.24,240.00,0,3.00,10.76
170870,229.38,240.00,0,3.00,10.62
170970,229.40,240.00,57,3.00,10.60
171070,229.48,240.00,0,3.00,10.52
171170,229.48,240.00,100,3.00,10.52
171270,229.54,240.00,0,3.00,10.46
171370,229.56,240.00,70,3.00,10.44
171470,229.52,240.00,100,3.00,10.48
171570,229.48,240.00,100,3.00,10.52
171670,229.51,240.00,19,3.00,10.49
171770,229.48,240.00,100,3.00,10.52
171870,229.48,240.00,100,3.00,10.52
171970,229.54,240.00,0,3.00,10.46
172070,229.57,240.00,6,3.00,10.43
172170,229.60,240.00,35,3.00,10.40
172270,229.61,240.00,100,3.00,10.39
172370,229.56,240.00,100,3.00,10.44
172470,229.56,240.00,100,3.00,10.44
172570,229.59,240.00,20,3.00,10.41
172670,229.64,240.00,0,3.00,10.36
172770,229.57,240.00,100,3.00,10.43
172870,229.52,240.00,100,3.00,10.48
172970,229.63,240.00,0,3.00,10.37
173070,229.62,240.00,100,3.00,10.38
173170,229.58,240.00,100,3.00,10.42
173270,229.58,240.00,100,3.00,10.42
173370,229.57,240.00,100,3.00,10.43
173470,229.61,240.00,0,3.00,10.39
173570,229.63,240.00,71,3.00,10.37
173670,229.58,240.00,100,3.00,10.42
173770,229.69,240.00,0,3.00,10.31
173870,229.65,240.00,100,3.00,10.35
173970,229.73,240.00,0,3.00,10.27
174070,229.77,240.00,0,3.00,10.23
174170,229.72,240.00,100,3.00,10.28
174270,229.77,240.00,0,3.00,10.23
174370,229.83,240.00,0,3.00,10.17
174470,229.79,240.00,100,3.00,10.21
174570,229.79,240.00,100,3.00,10.21
174670,229.79,240.00,100,3.00,10.21
174770,229.83,240.00,0,3.00,10.17
174870,229.78,240.00,100,3.00,10.22
174970,229.81,240.00,18,3.00,10.19
175070,229.82,240.00,100,3.00,10.18
175170,229.85,240.00,0,3.00,10.15
175270,229.93,240.00,0,3.00,10.07
175370,229.90,240.00,100,3.00,10.10
175470,229.86,240.00,100,3.00,10.14
175570,229.83,240.00,100,3.00,10.17
175670,229.79,240.00,100,3.00,10.21
175770,229.86,240.00,0,3.00,10.14
175870,229.86,240.00,100,3.00,10.14
175970,229.93,240.00,0,3.00,10.07
176070,229.89,240.00,100,3.00,10.11
176170,229.87,240.00,100,3.00,10.13
176270,229.92,240.00,0,3.00,10.08
176370,229.97,240.00,0,3.00,10.03
176470,229.94,240.00,100,3.00,10.06
176570,230.03,240.00,0,3.00,9.97
176670,230.11,240.00,0,3.00,9.89
176770,230.16,240.00,0,3.00,9.84
176870,230.14,240.00,100,3.00,9.86
176970,230.13,240.00,100,3.00,9.87
177070,230.15,240.00,67,3.00,9.85
177170,230.22,240.00,0,3.00,9.78
177270,230.25,240.00,15,3.00,9.75
177370,230.11,240.00,100,3.00,9.89
177470,230.05,240.00,100,3.00,9.95
177570,230.01,240.00,100,3.00,9.99
177670,229.98,240.00,100,3.00,10.02
177770,230.10,240.00,0,3.00,9.90
177870,230.05,240.00,100,3.00,9.95
177970,230.05,240.00,100,3.00,9.95
178070,230.04,240.00,100,3.00,9.96
178170,230.09,240.00,0,3.00,9.91
178270,230.18,240.00,0,3.00,9.82
178370,230.16,240.00,100,3.00,9.84
178470,230.20,240.00,0,3.00,9.80
178570,230.28,240.00,0,3.00,9.72
178670,230.32,240.00,0,3.00,9.68
178770,230.27,240.00,100,3.00,9.73
178870,230.19,240.00,100,3.00,9.81
178970,230.20,240.00,100,3.00,9.80
179070,230.17,240.00,100,3.00,9.83
179170,230.25,240.00,0,3.00,9.75
179270,230.38,240.00,0,3.00,9.62
179370,230.41,240.00,24,3.00,9.59
179470,230.34,240.00,100,3.00,9.66
179570,230.30,240.00,100,3.00,9.70
179670,230.34,240.00,0,3.00,9.66
179770,230.39,240.00,0,3.00,9.61
179870,230.42,240.00,35,3.00,9.58
179970,230.45,240.00,0,3.00,9.55
180070,230.49,240.00,0,3.00,9.51
180170,230.44,240.00,100,3.00,9.56
180270,230.44,240.00,100,3.00,9.56
180370,230.39,240.00,100,3.00,9.61
180470,230.48,240.00,0,3.00,9.52
180570,230.44,240.00,100,3.00,9.56
180670,230.47,240.00,11,3.00,9.53
180770,230.55,240.00,0,3.00,9.45
180870,230.68,240.00,0,3.00,9.32
180970,230.78,240.00,0,3.00,9.22
181070,230.78,240.00,100,3.00,9.22
181170,230.80,240.00,49,3.00,9.20
181270,230.85,240.00,0,3.00,9.15
181370,230.84,240.00,100,3.00,9.16
181470,230.79,240.00,100,3.00,9.21
181570,230.79,240.00,100,3.00,9.21
181670,230.79,240.00,100,3.00,9.21
181770,230.75,240.00,100,3.00,9.25
181870,230.72,240.00,100,3.00,9.28
181970,230.78,240.00,0,3.00,9.22
182070,230.87,240.00,0,3.00,9.13
182170,230.92,240.00,0,3.00,9.08
182270,230.99,240.00,0,3.00,9.01
182370,230.93,240.00,100,3.00,9.07
182470,230.95,240.00,52,3.00,9.05
182570,230.95,240.00,100,3.00,9.05
182670,230.94,240.00,100,3.00,9.06
182770,230.90,240.00,100,3.00,9.10
182870,230.97,240.00,0,3.00,9.03
182970,231.10,240.00,0,3.00,8.90
183070,231.16,240.00,0,3.00,8.84
183170,231.22,240.00,0,3.00,8.78
183270,231.14,240.00,100,3.00,8.86
183370,231.13,240.00,100,3.00,8.87
183470,231.14,240.00,92,3.00,8.86
183570,231.09,240.00,100,3.00,8.91
183670,231.10,240.00,54,3.00,8.90
183770,231.16,240.00,0,3.00,8.84
183870,231.18,240.00,55,3.00,8.82
183970,231.27,240.00,0,3.00,8.73
184070,231.29,240.00,14,3.00,8.71
184170,231.39,240.00,0,3.00,8.61
184270,231.45,240.00,0,3.00,8.55
184370,231.51,240.00,0,3.00,8.49
184470,231.55,240.00,0,3.00,8.45
184570,231.50,240.00,100,3.00,8.50
184670,231.51,240.00,90,3.00,8.49
184770,231.50,240.00,100,3.00,8.50
184870,231.42,240.00,100,3.00,8.58
184970,231.43,240.00,85,3.00,8.57
185070,231.53,240.00,0,3.00,8.47
185170,231.62,240.00,0,3.00,8.38
185270,231.63,240.00,61,3.00,8.37
185370,231.57,240.00,100,3.00,8.43
185470,231.52,240.00,100,3.00,8.48
185570,231.57,240.00,0,3.00,8.43
185670,231.61,240.00,0,3.00,8.39
185770,231.66,240.00,0,3.00,8.34
185870,231.69,240.00,0,3.00,8.31
185970,231.65,240.00,100,3.00,8.35
186070,231.73,240.00,0,3.00,8.27
186170,231.75,240.00,25,3.00,8.25
186270,231.77,240.00,44,3.00,8.23
186370,231.81,240.00,0,3.00,8.19
186470,231.75,240.00,100,3.00,8.25
186570,231.76,240.00,37,3.00,8.24
186670,231.82,240.00,0,3.00,8.18
186770,231.92,240.00,0,3.00,8.08
186870,231.93,240.00,55,3.00,8.07
186970,231.96,240.00,1,3.00,8.04
187070,231.95,240.00,100,3.00,8.05
187170,231.91,240.00,100,3.00,8.09
187270,231.94,240.00,0,3.00,8.06
187370,231.94,240.00,100,3.00,8.06
187470,231.99,240.00,0,3.00,8.01
187570,232.04,240.00,0,3.00,7.96
187670,232.10,240.00,0,3.00,7.90
187770,232.09,240.00,100,3.00,7.91
187870,232.03,240.00,100,3.00,7.97
187970,232.01,240.00,100,3.00,7.99
188070,232.05,240.00,0,3.00,7.95
188170,232.08,240.00,0,3.00,7.92
188270,232.06,240.00,100,3.00,7.94
188370,232.18,240.00,0,3.00,7.82
188470,232.23,240.00,0,3.00,7.77
188570,232.18,240.00,100,3.00,7.82
188670,232.18,240.00,100,3.00,7.82
188770,232.09,240.00,100,3.00,7.91
188870,232.15,240.00,0,3.00,7.85
188970,232.19,240.00,0,3.00,7.81
189070,232.22,240.00,0,3.00,7.78
189170,232.16,240.00,100,3.00,7.84
189270,232.10,240.00,100,3.00,7.90
189370,232.09,240.00,100,3.00,7.91
189470,232.16,240.00,0,3.00,7.84
189570,232.23,240.00,0,3.00,7.77
189670,232.27,240.00,0,3.00,7.73
189770,232.23,240.00,100,3.00,7.77
189870,232.17,240.00,100,3.00,7.83
189970,232.15,240.00,100,3.00,7.85
190070,232.17,240.00,0,3.00,7.83
190170,232.23,240.00,0,3.00,7.77
190270,232.27,240.00,0,3.00,7.73
190370,232.33,240.00,0,3.00,7.67
190470,232.40,240.00,0,3.00,7.60
190570,232.44,240.00,0,3.00,7.56
190670,232.32,240.00,100,3.00,7.68
190770,232.36,240.00,0,3.00,7.64
190870,232.31,240.00,100,3.00,7.69
190970,232.31,240.00,100,3.00,7.69
191070,232.33,240.00,0,3.00,7.67
191170,232.32,240.00,100,3.00,7.68
191270,232.36,240.00,0,3.00,7.64
191370,232.38,240.00,46,3.00,7.62
191470,232.43,240.00,0,3.00,7.57
191570,232.48,240.00,0,3.00,7.52
191670,232.47,240.00,100,3.00,7.53
191770,232.40,240.00,100,3.00,7.60
191870,232.35,240.00,100,3.00,7.65
191970,232.29,240.00,100,3.00,7.71
192070,232.35,240.00,0,3.00,7.65
192170,232.43,240.00,0,3.00,7.57
192270,232.45,240.00,38,3.00,7.55
192370,232.49,240.00,0,3.00,7.51
192470,232.51,240.00,24,3.00,7.49
192570,232.54,240.00,0,3.00,7.46
192670,232.50,240.00,100,3.00,7.50
192770,232.52,240.00,37,3.00,7.48
192870,232.52,240.00,100,3.00,7.48
192970,232.53,240.00,50,3.00,7.47
193070,232.57,240.00,0,3.00,7.43
193170,232.53,240.00,100,3.00,7.47
193270,232.45,240.00,100,3.00,7.55
193370,232.51,240.00,0,3.00,7.49
193470,232.54,240.00,0,3.00,7.46
193570,232.55,240.00,69,3.00,7.45
193670,232.59,240.00,0,3.00,7.41
193770,232.63,240.00,0,3.00,7.37
193870,232.65,240.00,15,3.00,7.35
193970,232.55,240.00,100,3.00,7.45
194070,232.50,240.00,100,3.00,7.50
194170,232.41,240.00,100,3.00,7.59
194270,232.39,240.00,100,3.00,7.61
194370,232.31,240.00,100,3.00,7.69
194470,232.35,240.00,0,3.00,7.65
194570,232.40,240.00,0,3.00,7.60
194670,232.51,240.00,0,3.00,7.49
194770,232.43,240.00,100,3.00,7.57
194870,232.35,240.00,100,3.00,7.65
194970,232.35,240.00,99,3.00,7.65
195070,232.40,240.00,0,3.00,7.60
195170,232.39,240.00,100,3.00,7.61
195270,232.32,240.00,100,3.00,7.68
195370,232.35,240.00,13,3.00,7.65
195470,232.28,240.00,100,3.00,7.72
195570,232.25,240.00,100,3.00,7.75
195670,232.32,240.00,0,3.00,7.68
195770,232.33,240.00,73,3.00,7.67
195870,232.29,240.00,100,3.00,7.71
195970,232.36,240.00,0,3.00,7.64
196070,232.47,240.00,0,3.00,7.53
196170,232.42,240.00,100,3.00,7.58
196270,232.35,240.00,100,3.00,7.65
196370,232.29,240.00,100,3.00,7.71
196470,232.27,240.00,100,3.00,7.73
196570,232.32,240.00,0,3.00,7.68
196670,232.29,240.00,100,3.00,7.71
196770,232.32,240.00,0,3.00,7.68
196870,232.34,240.00,5,3.00,7.66
196970,232.39,240.00,0,3.00,7.61
197070,232.46,240.00,0,3.00,7.54
197170,232.48,240.00,0,3.00,7.52
197270,232.46,240.00,100,3.00,7.54
197370,232.52,240.00,0,3.00,7.48
197470,232.54,240.00,0,3.00,7.46
197570,232.60,240.00,0,3.00,7.40
197670,232.55,240.00,100,3.00,7.45
197770,232.54,240.00,100,3.00,7.46
197870,232.49,240.00,100,3.00,7.51
197970,232.56,240.00,0,3.00,7.44
198070,232.53,240.00,100,3.00,7.47
198170,232.47,240.00,100,3.00,7.53
198270,232.46,240.00,100,3.00,7.54
198370,232.44,240.00,100,3.00,7.56
198470,232.43,240.00,100,3.00,7.57
198570,232.47,240.00,0,3.00,7.53
198670,232.42,240.00,100,3.00,7.58
198770,232.51,240.00,0,3.00,7.49
198870,232.53,240.00,46,3.00,7.47
198970,232.59,240.00,0,3.00,7.41
199070,232.63,240.00,0,3.00,7.37
199170,232.67,240.00,0,3.00,7.33
199270,232.61,240.00,100,3.00,7.39
199370,232.54,240.00,100,3.00,7.46
199470,232.61,240.00,0,3.00,7.39
199570,232.56,240.00,100,3.00,7.44
199670,232.54,240.00,100,3.00,7.46
199770,232.52,240.00,100,3.00,7.48
199870,232.56,240.00,0,3.00,7.44
199970,232.55,240.00,100,3.00,7.45
200070,232.65,240.00,0,3.00,7.35
200170,232.64,240.00,100,3.00,7.36
200270,232.70,240.00,0,3.00,7.30
200370,232.66,240.00,100,3.00,7.34
200470,232.74,240.00,0,3.00,7.26
200570,232.75,240.00,42,3.00,7.25
200670,232.73,240.00,100,3.00,7.27
200770,232.70,240.00,100,3.00,7.30
200870,232.79,240.00,0,3.00,7.21
200970,232.84,240.00,0,3.00,7.16
201070,232.85,240.00,62,3.00,7.15
201170,232.82,240.00,100,3.00,7.18
201270,232.84,240.00,51,3.00,7.16
201370,232.88,240.00,0,3.00,7.12
201470,232.91,240.00,0,3.00,7.09
201570,233.01,240.00,0,3.00,6.99
201670,232.97,240.00,100,3.00,7.03
201770,232.98,240.00,45,3.00,7.02
201870,232.99,240.00,57,3.00,7.01
201970,232.94,240.00,100,3.00,7.06
202070,233.01,240.00,0,3.00,6.99
202170,233.07,240.00,0,3.00,6.93
202270,233.02,240.00,100,3.00,6.98
202370,233.01,240.00,100,3.00,6.99
202470,232.98,240.00,100,3.00,7.02
202570,233.02,240.00,0,3.00,6.98
202670,233.12,240.00,0,3.00,6.88
202770,233.10,240.00,100,3.00,6.90
202870,233.15,240.00,0,3.00,6.85
202970,233.23,240.00,0,3.00,6.77
203070,233.33,240.00,0,3.00,6.67
203170,233.33,240.00,91,3.00,6.67
203270,233.39,240.00,0,3.00,6.61
203370,233.44,240.00,0,3.00,6.56
203470,233.45,240.00,56,3.00,6.55
203570,233.46,240.00,64,3.00,6.54
203670,233.45,240.00,100,3.00,6.55
203770,233.52,240.00,0,3.00,6.48
203870,233.44,240.00,100,3.00,6.56
203970,233.46,240.00,0,3.00,6.54
204070,233.51,240.00,0,3.00,6.49
204170,233.54,240.00,0,3.00,6.46
204270,233.56,240.00,5,3.00,6.44
204370,233.48,240.00,100,3.00,6.52
204470,233.58,240.00,0,3.00,6.42
204570,233.57,240.00,100,3.00,6.43
204670,233.50,240.00,100,3.00,6.50
204770,233.54,240.00,0,3.00,6.46
204870,233.53,240.00,100,3.00,6.47
204970,233.58,240.00,0,3.00,6.42
205070,233.53,240.00,100,3.00,6.47
205170,233.55,240.00,0,3.00,6.45
205270,233.65,240.00,0,3.00,6.35
205370,233.72,240.00,0,3.00,6.28
205470,233.78,240.00,0,3.00,6.22
205570,233.83,240.00,0,3.00,6.17
205670,233.85,240.00,0,3.00,6.15
205770,233.86,240.00,78,3.00,6.14
205870,233.80,240.00,100,3.00,6.20
205970,233.84,240.00,0,3.00,6.16
206070,233.79,240.00,100,3.00,6.21
206170,233.91,240.00,0,3.00,6.09
206270,233.87,240.00,100,3.00,6.13
206370,233.90,240.00,0,3.00,6.10
206470,233.92,240.00,0,3.00,6.08
206570,233.96,240.00,0,3.00,6.04
206670,234.00,240.00,0,3.00,6.00
206770,233.97,240.00,100,3.00,6.03
206870,233.89,240.00,100,3.00,6.11
206970,233.99,240.00,0,3.00,6.01
207070,233.97,240.00,100,3.00,6.03
207170,233.96,240.00,100,3.00,6.04
207270,234.04,240.00,0,3.00,5.96
207370,234.12,240.00,0,3.00,5.88
207470,234.12,240.00,100,3.00,5.88
207570,234.16,240.00,0,3.00,5.84
207670,234.15,240.00,100,3.00,5.85
207770,234.11,240.00,100,3.00,5.89
207870,234.06,240.00,100,3.00,5.94
207970,234.08,240.00,0,3.00,5.92
208070,234.04,240.00,100,3.00,5.96
208170,233.93,240.00,100,3.00,6.07
208270,233.92,240.00,100,3.00,6.08
208370,234.00,240.00,0,3.00,6.00
208470,234.03,240.00,0,3.00,5.97
208570,234.08,240.00,0,3.00,5.92
208670,234.06,240.00,100,3.00,5.94
208770,234.06,240.00,100,3.00,5.94
208870,234.12,240.00,0,3.00,5.88
208970,234.18,240.00,0,3.00,5.82
209070,234.18,240.00,94,3.00,5.82
209170,234.22,240.00,0,3.00,5.78
209270,234.26,240.00,0,3.00,5.74
209370,234.24,240.00,100,3.00,5.76
209470,234.30,240.00,0,3.00,5.70
209570,234.34,240.00,0,3.00,5.66
209670,234.41,240.00,0,3.00,5.59
209770,234.44,240.00,0,3.00,5.56
209870,234.42,240.00,100,3.00,5.58
209970,234.38,240.00,100,3.00,5.62
210070,234.32,240.00,100,3.00,5.68
210170,234.40,240.00,0,3.00,5.60
210270,234.45,240.00,0,3.00,5.55
210370,234.45,240.00,56,3.00,5.55
210470,234.41,240.00,100,3.00,5.59
210570,234.44,240.00,0,3.00,5.56
210670,234.51,240.00,0,3.00,5.49
210770,234.59,240.00,0,3.00,5.41
210870,234.54,240.00,100,3.00,5.46
210970,234.50,240.00,100,3.00,5.50
211070,234.46,240.00,100,3.00,5.54
211170,234.36,240.00,100,3.00,5.64
211270,234.41,240.00,0,3.00,5.59
211370,234.49,240.00,0,3.00,5.51
211470,234.45,240.00,100,3.00,5.55
211570,234.49,240.00,0,3.00,5.51
211670,234.53,240.00,0,3.00,5.47
211770,234.57,240.00,0,3.00,5.43
211870,234.52,240.00,100,3.00,5.48
211970,234.51,240.00,100,3.00,5.49
212070,234.47,240.00,100,3.00,5.53
212170,234.49,240.00,10,3.00,5.51
212270,234.52,240.00,0,3.00,5.48
212370,234.57,240.00,0,3.00,5.43
212470,234.63,240.00,0,3.00,5.37
212570,234.63,240.00,79,3.00,5.37
212670,234.54,240.00,100,3.00,5.46
212770,234.45,240.00,100,3.00,5.55
212870,234.53,240.00,0,3.00,5.47
212970,234.61,240.00,0,3.00,5.39
213070,234.58,240.00,100,3.00,5.42
213170,234.64,240.00,0,3.00,5.36
213270,234.70,240.00,0,3.00,5.30
213370,234.67,240.00,100,3.00,5.33
213470,234.69,240.00,0,3.00,5.31
213570,234.68,240.00,100,3.00,5.32
213670,234.58,240.00,100,3.00,5.42
213770,234.50,240.00,100,3.00,5.50
213870,234.55,240.00,0,3.00,5.45
213970,234.54,240.00,100,3.00,5.46
214070,234.59,240.00,0,3.00,5.41
214170,234.58,240.00,100,3.00,5.42
214270,234.50,240.00,100,3.00,5.50
214370,234.55,240.00,0,3.00,5.45
214470,234.57,240.00,14,3.00,5.43
214570,234.66,240.00,0,3.00,5.34
214670,234.68,240.00,0,3.00,5.32
214770,234.63,240.00,100,3.00,5.37
214870,234.70,240.00,0,3.00,5.30
214970,234.81,240.00,0,3.00,5.19
215070,234.79,240.00,100,3.00,5.21
215170,234.70,240.00,100,3.00,5.30
215270,234.65,240.00,100,3.00,5.35
215370,234.72,240.00,0,3.00,5.28
215470,234.69,240.00,100,3.00,5.31
215570,234.75,240.00,0,3.00,5.25
215670,234.84,240.00,0,3.00,5.16
215770,234.87,240.00,0,3.00,5.13
215870,234.90,240.00,0,3.00,5.10
215970,234.89,240.00,100,3.00,5.11
216070,234.78,240.00,100,3.00,5.22
216170,234.69,240.00,100,3.00,5.31
216270,234.69,240.00,63,3.00,5.31
216370,234.79,240.00,0,3.00,5.21
216470,234.71,240.00,100,3.00,5.29
216570,234.63,240.00,100,3.00,5.37
216670,234.63,240.00,82,3.00,5.37
216770,234.72,240.00,0,3.00,5.28
216870,234.73,240.00,25,3.00,5.27
216970,234.84,240.00,0,3.00,5.16
217070,234.84,240.00,57,3.00,5.16
217170,234.80,240.00,100,3.00,5.20
217270,234.73,240.00,100,3.00,5.27
217370,234.74,240.00,35,3.00,5.26
217470,234.72,240.00,100,3.00,5.28
217570,234.79,240.00,0,3.00,5.21
217670,234.75,240.00,100,3.00,5.25
217770,234.75,240.00,46,3.00,5.25
217870,234.84,240.00,0,3.00,5.16
217970,234.84,240.00,56,3.00,5.16
218070,234.91,240.00,0,3.00,5.09
218170,234.96,240.00,0,3.00,5.04
218270,234.95,240.00,95,3.00,5.05
218370,235.00,240.00,0,3.00,5.00
218470,234.92,240.00,100,3.00,5.08
218570,234.94,240.00,0,3.00,5.06
218670,234.79,240.00,100,3.00,5.21
218770,234.86,240.00,0,3.00,5.14
218870,235.00,240.00,0,3.00,5.00
218970,234.93,240.00,100,3.00,5.07
219070,234.96,240.00,0,3.00,5.04
219170,234.92,240.00,100,3.00,5.08
219270,235.02,240.00,0,3.00,4.98
219370,235.02,240.00,79,3.00,4.98
219470,234.98,240.00,100,3.00,5.02
219570,234.88,240.00,100,3.00,5.12
219670,234.86,240.00,100,3.00,5.14
219770,234.83,240.00,100,3.00,5.17
219870,234.85,240.00,0,3.00,5.15
219970,234.91,240.00,0,3.00,5.09
220070,234.90,240.00,100,3.00,5.10
220170,234.89,240.00,100,3.00,5.11
220270,234.89,240.00,100,3.00,5.11
220370,234.84,240.00,100,3.00,5.16
220470,234.96,240.00,0,3.00,5.04
220570,235.00,240.00,0,3.00,5.00
220670,235.04,240.00,0,3.00,4.96
220770,234.92,240.00,100,3.00,5.08
220870,234.83,240.00,100,3.00,5.17
220970,234.81,240.00,100,3.00,5.19
221070,234.82,240.00,32,3.00,5.18
221170,234.87,240.00,0,3.00,5.13
221270,234.87,240.00,89,3.00,5.13
221370,234.84,240.00,100,3.00,5.16
221470,235.01,240.00,0,3.00,4.99
221570,235.01,240.00,73,3.00,4.99
221670,235.01,240.00,73,3.00,4.99
221770,235.06,240.00,0,3.00,4.94
221870,235.11,240.00,0,3.00,4.89
221970,235.12,240.00,22,3.00,4.88
222070,235.14,240.00,0,3.00,4.86
222170,235.16,240.00,0,3.00,4.84
222270,235.16,240.00,71,3.00,4.84
222370,235.18,240.00,2,3.00,4.82
222470,235.25,240.00,0,3.00,4.75
222570,235.19,240.00,100,3.00,4.81
222670,235.19,240.00,94,3.00,4.81
222770,235.24,240.00,0,3.00,4.76
222870,235.34,240.00,0,3.00,4.66
222970,235.33,240.00,84,3.00,4.67
223070,235.36,240.00,0,3.00,4.64
223170,235.37,240.00,37,3.00,4.63
223270,235.39,240.00,0,3.00,4.61
223370,235.34,240.00,100,3.00,4.66
223470,235.29,240.00,100,3.00,4.71
223570,235.25,240.00,100,3.00,4.75
223670,235.27,240.00,10,3.00,4.73
223770,235.26,240.00,92,3.00,4.74
223870,235.24,240.00,100,3.00,4.76
223970,235.16,240.00,100,3.00,4.84
224070,235.32,240.00,0,3.00,4.68
224170,235.40,240.00,0,3.00,4.60
224270,235.41,240.00,0,3.00,4.59
224370,235.49,240.00,0,3.00,4.51
224470,235.48,240.00,79,3.00,4.52
224570,235.51,240.00,0,3.00,4.49
224670,235.55,240.00,0,3.00,4.45
224770,235.57,240.00,0,3.00,4.43
224870,235.50,240.00,100,3.00,4.50
224970,235.48,240.00,100,3.00,4.52
225070,235.54,240.00,0,3.00,4.46
225170,235.59,240.00,0,3.00,4.41
225270,235.53,240.00,100,3.00,4.47
225370,235.54,240.00,53,3.00,4.46
225470,235.48,240.00,100,3.00,4.52
225570,235.54,240.00,0,3.00,4.46
225670,235.56,240.00,0,3.00,4.44
225770,235.66,240.00,0,3.00,4.34
225870,235.73,240.00,0,3.00,4.27
225970,235.70,240.00,100,3.00,4.30
226070,235.75,240.00,0,3.00,4.25
226170,235.85,240.00,0,3.00,4.15
226270,235.82,240.00,100,3.00,4.18
226370,235.78,240.00,100,3.00,4.22
226470,235.73,240.00,100,3.00,4.27
226570,235.65,240.00,100,3.00,4.35
226670,235.62,240.00,100,3.00,4.38
226770,235.57,240.00,100,3.00,4.43
226870,235.58,240.00,15,3.00,4.42
226970,235.64,240.00,0,3.00,4.36
227070,235.65,240.00,5,3.00,4.35
227170,235.66,240.00,17,3.00,4.34
227270,235.73,240.00,0,3.00,4.27
227370,235.76,240.00,0,3.00,4.24
227470,235.78,240.00,0,3.00,4.22
227570,235.81,240.00,0,3.00,4.19
227670,235.77,240.00,100,3.00,4.23
227770,235.71,240.00,100,3.00,4.29
227870,235.67,240.00,100,3.00,4.33
227970,235.61,240.00,100,3.00,4.39
228070,235.71,240.00,0,3.00,4.29
228170,235.80,240.00,0,3.00,4.20
228270,235.92,240.00,0,3.00,4.08
228370,236.00,240.00,0,3.00,4.00
228470,236.00,240.00,48,3.00,4.00
228570,235.91,240.00,100,3.00,4.09
228670,235.89,240.00,100,3.00,4.11
228770,235.96,240.00,0,3.00,4.04
228870,235.92,240.00,100,3.00,4.08
228970,235.91,240.00,100,3.00,4.09
229070,235.85,240.00,100,3.00,4.15
229170,235.92,240.00,0,3.00,4.08
229270,235.91,240.00,100,3.00,4.09
229370,235.96,240.00,0,3.00,4.04
229470,236.03,240.00,0,3.00,3.97
229570,236.04,240.00,5,3.00,3.96
229670,236.07,240.00,0,3.00,3.93
229770,236.06,240.00,100,3.00,3.94
229870,236.11,240.00,0,3.00,3.89
229970,236.11,240.00,77,3.00,3.89
230070,236.09,240.00,100,3.00,3.91
230170,236.06,240.00,100,3.00,3.94
230270,235.97,240.00,100,3.00,4.03
230370,235.97,240.00,92,3.00,4.03
230470,235.97,240.00,16,3.00,4.03
230570,236.03,240.00,0,3.00,3.97
230670,236.03,240.00,73,3.00,3.97
230770,236.04,240.00,1,3.00,3.96
230870,235.94,240.00,100,3.00,4.06
230970,236.00,240.00,0,3.00,4.00
231070,235.97,240.00,100,3.00,4.03
231170,236.01,240.00,0,3.00,3.99
231270,236.01,240.00,59,3.00,3.99
231370,236.03,240.00,0,3.00,3.97
231470,236.00,240.00,100,3.00,4.00
231570,235.95,240.00,100,3.00,4.05
231670,235.87,240.00,100,3.00,4.13
231770,235.87,240.00,73,3.00,4.13
231870,235.94,240.00,0,3.00,4.06
231970,236.04,240.00,0,3.00,3.96
232070,236.08,240.00,0,3.00,3.92
232170,236.10,240.00,0,3.00,3.90
232270,236.10,240.00,64,3.00,3.90
232370,236.17,240.00,0,3.00,3.83
232470,236.08,240.00,100,3.00,3.92
232570,236.10,240.00,0,3.00,3.90
232670,236.05,240.00,100,3.00,3.95
232770,236.14,240.00,0,3.00,3.86
232870,236.17,240.00,0,3.00,3.83
232970,236.13,240.00,100,3.00,3.87
233070,236.18,240.00,0,3.00,3.82
233170,236.16,240.00,100,3.00,3.84
233270,236.15,240.00,100,3.00,3.85
233370,236.20,240.00,0,3.00,3.80
233470,236.19,240.00,89,3.00,3.81
233570,236.24,240.00,0,3.00,3.76
233670,236.32,240.00,0,3.00,3.68
233770,236.30,240.00,100,3.00,3.70
233870,236.38,240.00,0,3.00,3.62
233970,236.42,240.00,0,3.00,3.58
234070,236.34,240.00,100,3.00,3.66
234170,236.38,240.00,0,3.00,3.62
234270,236.37,240.00,100,3.00,3.63
234370,236.33,240.00,100,3.00,3.67
234470,236.39,240.00,0,3.00,3.61
234570,236.46,240.00,0,3.00,3.54
234670,236.35,240.00,100,3.00,3.65
234770,236.30,240.00,100,3.00,3.70
234870,236.27,240.00,100,3.00,3.73
234970,236.21,240.00,100,3.00,3.79
235070,236.21,240.00,30,3.00,3.79
235170,236.19,240.00,100,3.00,3.81
235270,236.17,240.00,100,3.00,3.83
235370,236.19,240.00,0,3.00,3.81
235470,236.28,240.00,0,3.00,3.72
235570,236.25,240.00,100,3.00,3.75
235670,236.35,240.00,0,3.00,3.65
235770,236.44,240.00,0,3.00,3.56
235870,236.49,240.00,0,3.00,3.51
235970,236.57,240.00,0,3.00,3.43
236070,236.53,240.00,100,3.00,3.47
236170,236.59,240.00,0,3.00,3.41
236270,236.55,240.00,100,3.00,3.45
236370,236.64,240.00,0,3.00,3.36
236470,236.64,240.00,71,3.00,3.36
236570,236.72,240.00,0,3.00,3.28
236670,236.78,240.00,0,3.00,3.22
236770,236.72,240.00,100,3.00,3.28
236870,236.70,240.00,100,3.00,3.30
236970,236.72,240.00,0,3.00,3.28
237070,236.67,240.00,100,3.00,3.33
237170,236.63,240.00,100,3.00,3.37
237270,236.64,240.00,65,3.00,3.36
237370,236.74,240.00,0,3.00,3.26
237470,236.80,240.00,0,3.00,3.20
237570,236.82,240.00,1,3.00,3.18
237670,236.92,240.00,0,3.00,3.08
237770,236.85,240.00,100,3.00,3.15
237870,236.81,240.00,100,3.00,3.19
237970,236.74,240.00,100,3.00,3.26
238070,236.75,240.00,19,3.00,3.25
238170,236.79,240.00,0,3.00,3.21
238270,236.81,240.00,0,3.00,3.19
238370,236.85,240.00,0,3.00,3.15
238470,236.89,240.00,0,3.00,3.11
238570,236.91,240.00,0,3.00,3.09
238670,236.98,240.00,0,3.00,3.02
238770,237.02,240.00,0,3.00,2.98
238870,236.99,240.00,100,3.00,3.01
238970,237.00,240.00,34,3.00,3.00
239070,237.02,240.00,0,3.00,2.98
239170,237.01,240.00,100,3.00,2.99
239270,236.90,240.00,100,3.00,3.10
239370,236.85,240.00,100,3.00,3.15
239470,236.88,240.00,0,3.00,3.12
239570,236.90,240.00,9,3.00,3.10
239670,236.97,240.00,0,3.00,3.03
239770,237.01,240.00,0,3.00,2.99
239870,237.03,240.00,0,3.00,2.97
239970,237.11,240.00,0,3.00,2.89
240070,237.14,240.00,0,3.00,2.86
240170,237.04,240.00,100,3.00,2.96
240270,237.08,240.00,0,3.00,2.92
240370,237.14,240.00,0,3.00,2.86
240470,237.10,240.00,100,3.00,2.90
240570,237.08,240.00,100,3.00,2.92
240670,237.06,240.00,100,3.00,2.94
240770,237.19,240.00,0,3.00,2.81
240870,237.13,240.00,100,3.00,2.87
240970,237.05,240.00,100,3.00,2.95
241070,237.07,240.00,0,3.00,2.93
241170,237.03,240.00,100,3.00,2.97
241270,237.05,240.00,4,3.00,2.95
241370,237.09,240.00,0,3.00,2.91
241470,237.06,240.00,100,3.00,2.94
241570,237.04,240.00,100,3.00,2.96
241670,236.97,240.00,100,3.00,3.03
241770,237.03,240.00,0,3.00,2.97
241870,237.13,240.00,0,3.00,2.87
241970,237.04,240.00,100,3.00,2.96
242070,236.99,240.00,100,3.00,3.01
242170,236.97,240.00,100,3.00,3.03
242270,236.98,240.00,20,3.00,3.02
242370,236.96,240.00,100,3.00,3.04
242470,236.89,240.00,100,3.00,3.11
242570,236.86,240.00,100,3.00,3.14
242670,236.92,240.00,0,3.00,3.08
242770,236.99,240.00,0,3.00,3.01
242870,236.95,240.00,100,3.00,3.05
242970,237.09,240.00,0,3.00,2.91
243070,237.14,240.00,0,3.00,2.86
243170,237.17,240.00,0,3.00,2.83
243270,237.15,240.00,100,3.00,2.85
243370,237.05,240.00,100,3.00,2.95
243470,236.98,240.00,100,3.00,3.02
243570,236.93,240.00,100,3.00,3.07
243670,237.01,240.00,0,3.00,2.99
243770,237.00,240.00,100,3.00,3.00
243870,237.02,240.00,0,3.00,2.98
243970,237.07,240.00,0,3.00,2.93
244070,237.08,240.00,42,3.00,2.92
244170,237.11,240.00,0,3.00,2.89
244270,237.08,240.00,100,3.00,2.92
244370,237.15,240.00,0,3.00,2.85
244470,237.16,240.00,43,3.00,2.84
244570,237.21,240.00,0,3.00,2.79
244670,237.11,240.00,100,3.00,2.89
244770,237.03,240.00,100,3.00,2.97
244870,237.12,240.00,0,3.00,2.88
244970,237.17,240.00,0,3.00,2.83
245070,237.20,240.00,0,3.00,2.80
245170,237.14,240.00,100,3.00,2.86
245270,237.13,240.00,100,3.00,2.87
245370,237.08,240.00,100,3.00,2.92
245470,237.15,240.00,0,3.00,2.85
245570,237.22,240.00,0,3.00,2.78
245670,237.27,240.00,0,3.00,2.73
245770,237.35,240.00,0,3.00,2.65
245870,237.43,240.00,0,3.00,2.57
245970,237.41,240.00,100,3.00,2.59
246070,237.47,240.00,0,3.00,2.53
246170,237.53,240.00,0,3.00,2.47
246270,237.55,240.00,0,3.00,2.45
246370,237.46,240.00,100,3.00,2.54
246470,237.39,240.00,100,3.00,2.61
246570,237.33,240.00,100,3.00,2.67
246670,237.38,240.00,0,3.00,2.62
246770,237.36,240.00,100,3.00,2.64
246870,237.34,240.00,100,3.00,2.66
246970,237.31,240.00,100,3.00,2.69
247070,237.39,240.00,0,3.00,2.61
247170,237.40,240.00,54,3.00,2.60
247270,237.47,240.00,0,3.00,2.53
247370,237.52,240.00,0,3.00,2.48
247470,237.48,240.00,100,3.00,2.52
247570,237.50,240.00,0,3.00,2.50
247670,237.53,240.00,0,3.00,2.47
247770,237.62,240.00,0,3.00,2.38
247870,237.57,240.00,100,3.00,2.43
247970,237.58,240.00,0,3.00,2.42
248070,237.60,240.00,11,3.00,2.40
248170,237.64,240.00,0,3.00,2.36
248270,237.57,240.00,100,3.00,2.43
248370,237.58,240.00,0,3.00,2.42
248470,237.61,240.00,0,3.00,2.39
248570,237.62,240.00,39,3.00,2.38
248670,237.68,240.00,0,3.00,2.32
248770,237.72,240.00,0,3.00,2.28
248870,237.68,240.00,100,3.00,2.32
248970,237.73,240.00,0,3.00,2.27
249070,237.67,240.00,100,3.00,2.33
249170,237.64,240.00,100,3.00,2.36
249270,237.64,240.00,61,3.00,2.36
249370,237.68,240.00,0,3.00,2.32
249470,237.72,240.00,0,3.00,2.28
249570,237.80,240.00,0,3.00,2.20
249670,237.80,240.00,65,3.00,2.20
249770,237.66,240.00,100,3.00,2.34
249870,237.65,240.00,100,3.00,2.35
249970,237.66,240.00,0,3.00,2.34
250070,237.71,240.00,0,3.00,2.29
250170,237.71,240.00,56,3.00,2.29
250270,237.67,240.00,100,3.00,2.33
250370,237.67,240.00,94,3.00,2.33
250470,237.71,240.00,0,3.00,2.29
250570,237.80,240.00,0,3.00,2.20
250670,237.83,240.00,0,3.00,2.17
250770,237.94,240.00,0,3.00,2.06
250870,237.93,240.00,100,3.00,2.07
250970,237.87,240.00,100,3.00,2.13
251070,237.89,240.00,0,3.00,2.11
251170,237.89,240.00,79,3.00,2.11
251270,237.88,240.00,100,3.00,2.12
251370,237.90,240.00,0,3.00,2.10
251470,237.85,240.00,100,3.00,2.15
251570,237.83,240.00,100,3.00,2.17
251670,237.90,240.00,0,3.00,2.10
251770,237.81,240.00,100,3.00,2.19
251870,237.73,240.00,100,3.00,2.27
251970,237.79,240.00,0,3.00,2.21
252070,237.75,240.00,100,3.00,2.25
252170,237.76,240.00,24,3.00,2.24
252270,237.84,240.00,0,3.00,2.16
252370,237.86,240.00,0,3.00,2.14
252470,237.88,240.00,0,3.00,2.12
252570,237.90,240.00,2,3.00,2.10
252670,237.88,240.00,100,3.00,2.12
252770,237.95,240.00,0,3.00,2.05
252870,237.86,240.00,100,3.00,2.14
252970,237.76,240.00,100,3.00,2.24
253070,237.83,240.00,0,3.00,2.17
253170,237.81,240.00,100,3.00,2.19
253270,237.80,240.00,100,3.00,2.20
253370,237.88,240.00,0,3.00,2.12
253470,237.91,240.00,0,3.00,2.09
253570,237.88,240.00,100,3.00,2.12
253670,237.86,240.00,100,3.00,2.14
253770,237.87,240.00,57,3.00,2.13
253870,237.89,240.00,0,3.00,2.11
253970,237.91,240.00,9,3.00,2.09
254070,237.95,240.00,0,3.00,2.05
254170,237.85,240.00,100,3.00,2.15
254270,237.90,240.00,0,3.00,2.10
254370,237.84,240.00,100,3.00,2.16
254470,237.79,240.00,100,3.00,2.21
254570,237.82,240.00,0,3.00,2.18
254670,237.71,240.00,100,3.00,2.29
254770,237.78,240.00,0,3.00,2.22
254870,237.85,240.00,0,3.00,2.15
254970,237.89,240.00,0,3.00,2.11
255070,237.92,240.00,0,3.00,2.08
255170,237.93,240.00,39,3.00,2.07
255270,237.92,240.00,100,3.00,2.08
255370,237.89,240.00,100,3.00,2.11
255470,237.86,240.00,100,3.00,2.14
255570,237.93,240.00,0,3.00,2.07
255670,237.90,240.00,100,3.00,2.10
255770,237.85,240.00,100,3.00,2.15
255870,237.88,240.00,0,3.00,2.12
255970,237.90,240.00,1,3.00,2.10
256070,237.79,240.00,100,3.00,2.21
256170,237.81,240.00,0,3.00,2.19
256270,237.73,240.00,100,3.00,2.27
256370,237.76,240.00,0,3.00,2.24
256470,237.77,240.00,42,3.00,2.23
256570,237.73,240.00,100,3.00,2.27
256670,237.70,240.00,100,3.00,2.30
256770,237.65,240.00,100,3.00,2.35
256870,237.70,240.00,0,3.00,2.30
256970,237.69,240.00,100,3.00,2.31
257070,237.76,240.00,0,3.00,2.24
257170,237.75,240.00,100,3.00,2.25
257270,237.67,240.00,100,3.00,2.33
257370,237.72,240.00,0,3.00,2.28
257470,237.75,240.00,0,3.00,2.25
257570,237.76,240.00,35,3.00,2.24
257670,237.79,240.00,0,3.00,2.21
257770,237.81,240.00,0,3.00,2.19
257870,237.80,240.00,100,3.00,2.20
257970,237.77,240.00,100,3.00,2.23
258070,237.78,240.00,50,3.00,2.22
258170,237.69,240.00,100,3.00,2.31
258270,237.65,240.00,100,3.00,2.35
258370,237.62,240.00,100,3.00,2.38
258470,237.68,240.00,0,3.00,2.32
258570,237.69,240.00,40,3.00,2.31
258670,237.70,240.00,51,3.00,2.30
258770,237.74,240.00,0,3.00,2.26
258870,237.78,240.00,0,3.00,2.22
258970,237.80,240.00,0,3.00,2.20
259070,237.81,240.00,85,3.00,2.19
259170,237.71,240.00,100,3.00,2.29
259270,237.69,240.00,100,3.00,2.31
259370,237.68,240.00,100,3.00,2.32
259470,237.63,240.00,100,3.00,2.37
259570,237.63,240.00,71,3.00,2.37
259670,237.69,240.00,0,3.00,2.31
259770,237.73,240.00,0,3.00,2.27
259870,237.67,240.00,100,3.00,2.33
259970,237.60,240.00,100,3.00,2.40
260070,237.60,240.00,100,3.00,2.40
260170,237.58,240.00,100,3.00,2.42
260270,237.53,240.00,100,3.00,2.47
260370,237.52,240.00,100,3.00,2.48
260470,237.50,240.00,100,3.00,2.50
260570,237.61,240.00,0,3.00,2.39
260670,237.70,240.00,0,3.00,2.30
260770,237.61,240.00,100,3.00,2.39
260870,237.59,240.00,100,3.00,2.41
260970,237.62,240.00,0,3.00,2.38
261070,237.61,240.00,100,3.00,2.39
261170,237.64,240.00,0,3.00,2.36
261270,237.75,240.00,0,3.00,2.25
261370,237.72,240.00,100,3.00,2.28
261470,237.70,240.00,100,3.00,2.30
261570,237.80,240.00,0,3.00,2.20
261670,237.84,240.00,0,3.00,2.16
261770,237.83,240.00,100,3.00,2.17
261870,237.78,240.00,100,3.00,2.22
261970,237.82,240.00,0,3.00,2.18
262070,237.80,240.00,100,3.00,2.20
262170,237.84,240.00,0,3.00,2.16
262270,237.91,240.00,0,3.00,2.09
262370,237.83,240.00,100,3.00,2.17
262470,237.84,240.00,41,3.00,2.16
262570,237.96,240.00,0,3.00,2.04
262670,237.96,240.00,89,3.00,2.04
262770,237.90,240.00,100,3.00,2.10
262870,238.00,240.00,0,3.00,2.00
262970,238.02,240.00,0,3.00,1.98
263070,238.01,240.00,100,3.00,1.99
263170,238.12,240.00,0,3.00,1.88
263270,238.20,240.00,0,3.00,1.80
263370,238.28,240.00,0,3.00,1.72
263470,238.36,240.00,0,3.00,1.64
263570,238.44,240.00,0,3.00,1.56
263670,238.51,240.00,0,3.00,1.49
263770,238.45,240.00,100,3.00,1.55
263870,238.59,240.00,0,3.00,1.41
263970,238.64,240.00,0,3.00,1.36
264070,238.70,240.00,0,3.00,1.30
264170,238.78,240.00,0,3.00,1.22
264270,238.81,240.00,0,3.00,1.19
264370,238.81,240.00,50,3.00,1.19
264470,238.80,240.00,100,3.00,1.20
264570,238.76,240.00,100,3.00,1.24
264670,238.80,240.00,0,3.00,1.20
264770,238.85,240.00,0,3.00,1.15
264870,238.85,240.00,94,3.00,1.15
264970,238.93,240.00,0,3.00,1.07
265070,238.95,240.00,18,3.00,1.05
265170,238.96,240.00,31,3.00,1.04
265270,238.92,240.00,100,3.00,1.08
265370,238.98,240.00,0,3.00,1.02
265470,239.05,240.00,0,3.00,0.95
265570,239.12,240.00,0,3.00,0.88
265670,239.12,240.00,100,3.00,0.88
265770,239.06,240.00,100,3.00,0.94
265870,239.13,240.00,0,3.00,0.87
265970,239.22,240.00,0,3.00,0.78
266070,239.27,240.00,0,3.00,0.73
266170,239.33,240.00,0,3.00,0.67
266270,239.30,240.00,100,3.00,0.70
266370,239.35,240.00,0,3.00,0.65
266470,239.28,240.00,100,3.00,0.72
266570,239.34,240.00,0,3.00,0.66
266670,239.37,240.00,0,3.00,0.63
266770,239.42,240.00,0,3.00,0.58
266870,239.49,240.00,0,3.00,0.51
266970,239.41,240.00,100,3.00,0.59
267070,239.47,240.00,0,3.00,0.53
267170,239.51,240.00,0,3.00,0.49
267270,239.57,240.00,0,3.00,0.43
267370,239.60,240.00,0,3.00,0.40
267470,239.66,240.00,0,3.00,0.34
267570,239.70,240.00,0,3.00,0.30
267670,239.77,240.00,0,3.00,0.23
267770,239.80,240.00,0,3.00,0.20
267870,239.80,240.00,62,3.00,0.20
267970,239.69,240.00,100,3.00,0.31
268070,239.73,240.00,0,3.00,0.27
268170,239.83,240.00,0,3.00,0.17
268270,239.84,240.00,15,3.00,0.16
268370,239.78,240.00,100,3.00,0.22
268470,239.82,240.00,0,3.00,0.18
268570,239.77,240.00,100,3.00,0.23
268670,239.78,240.00,40,3.00,0.22
268770,239.83,240.00,0,3.00,0.17
268870,239.83,240.00,95,3.00,0.17
268970,239.76,240.00,100,3.00,0.24
269070,239.69,240.00,100,3.00,0.31
269170,239.63,240.00,100,3.00,0.37
269270,239.67,240.00,0,3.00,0.33
269370,239.70,240.00,0,3.00,0.30
269470,239.73,240.00,0,3.00,0.27
269570,239.78,240.00,0,3.00,0.22
269670,239.75,240.00,100,3.00,0.25
269770,239.72,240.00,100,3.00,0.28
269870,239.67,240.00,100,3.00,0.33
269970,239.65,240.00,100,3.00,0.35
270070,239.63,240.00,100,3.00,0.37
270170,239.59,240.00,100,3.00,0.41
270270,239.68,240.00,0,3.00,0.32
270370,239.75,240.00,0,3.00,0.25
270470,239.78,240.00,0,3.00,0.22
270570,239.80,240.00,0,3.00,0.20
270670,239.74,240.00,100,3.00,0.26
270770,239.75,240.00,13,3.00,0.25
270870,239.67,240.00,100,3.00,0.33
270970,239.60,240.00,100,3.00,0.40
271070,239.54,240.00,100,3.00,0.46
271170,239.50,240.00,100,3.00,0.50
271270,239.48,240.00,100,3.00,0.52
271370,239.39,240.00,100,3.00,0.61
271470,239.34,240.00,100,3.00,0.66
271570,239.42,240.00,0,3.00,0.58
271670,239.42,240.00,92,3.00,0.58
271770,239.48,240.00,0,3.00,0.52
271870,239.56,240.00,0,3.00,0.44
271970,239.53,240.00,100,3.00,0.47
272070,239.59,240.00,0,3.00,0.41
272170,239.53,240.00,100,3.00,0.47
272270,239.54,240.00,49,3.00,0.46
272370,239.69,240.00,0,3.00,0.31
272470,239.73,240.00,0,3.00,0.27
272570,239.65,240.00,100,3.00,0.35
272670,239.63,240.00,100,3.00,0.37
272770,239.56,240.00,100,3.00,0.44
272870,239.56,240.00,68,3.00,0.44
272970,239.56,240.00,70,3.00,0.44
273070,239.51,240.00,100,3.00,0.49
273170,239.46,240.00,100,3.00,0.54
273270,239.35,240.00,100,3.00,0.65
273370,239.41,240.00,0,3.00,0.59
273470,239.43,240.00,14,3.00,0.57
273570,239.45,240.00,0,3.00,0.55
273670,239.53,240.00,0,3.00,0.47
273770,239.53,240.00,42,3.00,0.47
273870,239.60,240.00,0,3.00,0.40
273970,239.66,240.00,0,3.00,0.34
274070,239.67,240.00,18,3.00,0.33
274170,239.75,240.00,0,3.00,0.25
274270,239.65,240.00,100,3.00,0.35
274370,239.71,240.00,0,3.00,0.29
274470,239.81,240.00,0,3.00,0.19
274570,239.80,240.00,100,3.00,0.20
274670,239.78,240.00,100,3.00,0.22
274770,239.69,240.00,100,3.00,0.31
274870,239.70,240.00,44,3.00,0.30
274970,239.72,240.00,0,3.00,0.28
275070,239.67,240.00,100,3.00,0.33
275170,239.64,240.00,100,3.00,0.36
275270,239.59,240.00,100,3.00,0.41
275370,239.62,240.00,0,3.00,0.38
275470,239.70,240.00,0,3.00,0.30
275570,239.77,240.00,0,3.00,0.23
275670,239.80,240.00,0,3.00,0.20
275770,239.91,240.00,0,3.00,0.09
275870,239.96,240.00,0,3.00,0.04
275970,239.96,240.00,61,3.00,0.04
276070,239.83,240.00,100,3.00,0.17
276170,239.80,240.00,100,3.00,0.20
276270,239.86,240.00,0,3.00,0.14
276370,239.82,240.00,100,3.00,0.18
276470,239.91,240.00,0,3.00,0.09
276570,239.86,240.00,100,3.00,0.14
276670,240.04,240.00,0,3.00,-0.04
276770,240.00,240.00,100,3.00,0.00
276870,239.96,240.00,100,3.00,0.04
276970,239.99,240.00,0,3.00,0.01
277070,240.04,240.00,0,3.00,-0.04
277170,240.11,240.00,0,3.00,-0.11
277270,240.09,240.00,0,3.00,-0.09
277370,240.18,240.00,0,3.00,-0.18
277470,240.14,240.00,0,3.00,-0.14
277570,240.20,240.00,0,3.00,-0.20
277670,240.22,240.00,0,3.00,-0.22
277770,240.19,240.00,0,3.00,-0.19
277870,240.11,240.00,0,3.00,-0.11
277970,240.18,240.00,0,3.00,-0.18
278070,240.11,240.00,0,3.00,-0.11
278170,240.13,240.00,0,3.00,-0.13
278270,240.16,240.00,0,3.00,-0.16
278370,240.14,240.00,0,3.00,-0.14
278470,240.12,240.00,0,3.00,-0.12
278570,240.20,240.00,0,3.00,-0.20
278670,240.21,240.00,0,3.00,-0.21
278770,240.26,240.00,0,3.00,-0.26
278870,240.18,240.00,0,3.00,-0.18
278970,240.14,240.00,0,3.00,-0.14
279070,240.17,240.00,0,3.00,-0.17
279170,240.13,240.00,0,3.00,-0.13
279270,240.24,240.00,0,3.00,-0.24
279370,240.32,240.00,0,3.00,-0.32
279470,240.27,240.00,0,3.00,-0.27
279570,240.32,240.00,0,3.00,-0.32
279670,240.40,240.00,0,3.00,-0.40
279770,240.42,240.00,0,3.00,-0.42
279870,240.37,240.00,0,3.00,-0.37
279970,240.33,240.00,0,3.00,-0.33
280070,240.38,240.00,0,3.00,-0.38
280170,240.41,240.00,0,3.00,-0.41
280270,240.38,240.00,0,3.00,-0.38
280370,240.32,240.00,0,3.00,-0.32
280470,240.36,240.00,0,3.00,-0.36
280570,240.36,240.00,0,3.00,-0.36
280670,240.30,240.00,0,3.00,-0.30
280770,240.35,240.00,0,3.00,-0.35
280870,240.34,240.00,0,3.00,-0.34
280970,240.39,240.00,0,3.00,-0.39
281070,240.34,240.00,0,3.00,-0.34
281170,240.35,240.00,0,3.00,-0.35
281270,240.27,240.00,0,3.00,-0.27
281370,240.26,240.00,0,3.00,-0.26
281470,240.23,240.00,0,3.00,-0.23
281570,240.21,240.00,0,3.00,-0.21
281670,240.26,240.00,0,3.00,-0.26
281770,240.17,240.00,0,3.00,-0.17
281870,240.13,240.00,0,3.00,-0.13
281970,240.15,240.00,0,3.00,-0.15
282070,240.18,240.00,0,3.00,-0.18
282170,240.09,240.00,0,3.00,-0.09
282270,240.03,240.00,0,3.00,-0.03
282370,239.92,240.00,100,3.00,0.08
282470,239.85,240.00,100,3.00,0.15
282570,239.92,240.00,0,3.00,0.08
282670,239.87,240.00,100,3.00,0.13
282770,239.84,240.00,100,3.00,0.16
282870,239.82,240.00,100,3.00,0.18
282970,239.72,240.00,100,3.00,0.28
283070,239.70,240.00,69,3.00,0.30
283170,239.79,240.00,0,3.00,0.21
283270,239.71,240.00,100,3.00,0.29
283370,239.72,240.00,0,3.00,0.28
283470,239.62,240.00,100,3.00,0.38
283570,239.60,240.00,100,3.00,0.40
283670,239.46,240.00,100,3.00,0.54
283770,239.27,240.00,100,3.00,0.73
283870,239.28,240.00,0,3.00,0.72
283970,239.33,240.00,0,3.00,0.67
284070,239.29,240.00,100,3.00,0.71
284170,239.19,240.00,100,3.00,0.81
284270,239.09,240.00,100,3.00,0.91
284370,239.09,240.00,16,3.00,0.91
284470,239.12,240.00,0,3.00,0.88
284570,239.08,240.00,100,3.00,0.92
284670,238.99,240.00,100,3.00,1.01
284770,238.97,240.00,70,3.00,1.03
284870,238.84,240.00,100,3.00,1.16
284970,238.81,240.00,100,3.00,1.19
285070,238.70,240.00,100,3.00,1.30
285170,238.60,240.00,100,3.00,1.40
285270,238.62,240.00,0,3.00,1.38
285370,238.59,240.00,100,3.00,1.41
285470,238.56,240.00,100,3.00,1.44
285570,238.57,240.00,0,3.00,1.43
285670,238.43,240.00,100,3.00,1.57
285770,238.34,240.00,100,3.00,1.66
285870,238.33,240.00,74,3.00,1.67
285970,238.39,240.00,0,3.00,1.61
286070,238.37,240.00,100,3.00,1.63
286170,238.33,240.00,100,3.00,1.67
286270,238.29,240.00,100,3.00,1.71
286370,238.10,240.00,100,3.00,1.90
286470,237.98,240.00,100,3.00,2.02
286570,237.84,240.00,100,3.00,2.16
286670,237.77,240.00,100,3.00,2.23
286770,237.81,240.00,0,3.00,2.19
286870,237.81,240.00,33,3.00,2.19
286970,237.84,240.00,0,3.00,2.16
287070,237.88,240.00,0,3.00,2.12
287170,237.79,240.00,100,3.00,2.21
287270,237.72,240.00,100,3.00,2.28
287370,237.63,240.00,100,3.00,2.37
287470,237.65,240.00,0,3.00,2.35
287570,237.56,240.00,100,3.00,2.44
287670,237.64,240.00,0,3.00,2.36
287770,237.52,240.00,100,3.00,2.48
287870,237.53,240.00,0,3.00,2.47
287970,237.51,240.00,100,3.00,2.49
288070,237.49,240.00,100,3.00,2.51
288170,237.40,240.00,100,3.00,2.60
288270,237.35,240.00,100,3.00,2.65
288370,237.37,240.00,0,3.00,2.63
288470,237.38,240.00,0,3.00,2.62
288570,237.28,240.00,100,3.00,2.72
288670,237.21,240.00,100,3.00,2.79
288770,237.13,240.00,100,3.00,2.87
288870,237.12,240.00,70,3.00,2.88
288970,237.07,240.00,100,3.00,2.93
289070,237.03,240.00,100,3.00,2.97
289170,237.05,240.00,0,3.00,2.95
289270,237.11,240.00,0,3.00,2.89
289370,237.07,240.00,100,3.00,2.93
289470,237.14,240.00,0,3.00,2.86
289570,237.18,240.00,0,3.00,2.82
289670,237.23,240.00,0,3.00,2.77
289770,237.14,240.00,100,3.00,2.86
289870,237.15,240.00,15,3.00,2.85
289970,237.13,240.00,100,3.00,2.87
290070,237.17,240.00,0,3.00,2.83
290170,237.17,240.00,39,3.00,2.83
290270,237.14,240.00,100,3.00,2.86
290370,237.17,240.00,0,3.00,2.83
290470,237.25,240.00,0,3.00,2.75
290570,237.22,240.00,100,3.00,2.78
290670,237.15,240.00,100,3.00,2.85
290770,237.09,240.00,100,3.00,2.91
290870,237.16,240.00,0,3.00,2.84
290970,237.23,240.00,0,3.00,2.77
291070,237.14,240.00,100,3.00,2.86
291170,237.21,240.00,0,3.00,2.79
291270,237.21,240.00,80,3.00,2.79
291370,237.31,240.00,0,3.00,2.69
291470,237.32,240.00,27,3.00,2.68
291570,237.24,240.00,100,3.00,2.76
291670,237.20,240.00,100,3.00,2.80
291770,237.20,240.00,71,3.00,2.80
291870,237.24,240.00,0,3.00,2.76
291970,237.31,240.00,0,3.00,2.69
292070,237.38,240.00,0,3.00,2.62
292170,237.31,240.00,100,3.00,2.69
292270,237.27,240.00,100,3.00,2.73
292370,237.30,240.00,0,3.00,2.70
292470,237.34,240.00,0,3.00,2.66
292570,237.40,240.00,0,3.00,2.60
292670,237.44,240.00,0,3.00,2.56
292770,237.43,240.00,70,3.00,2.57
292870,237.46,240.00,0,3.00,2.54
292970,237.45,240.00,93,3.00,2.55
293070,237.45,240.00,85,3.00,2.55
293170,237.47,240.00,0,3.00,2.53
293270,237.57,240.00,0,3.00,2.43
293370,237.67,240.00,0,3.00,2.33
293470,237.68,240.00,0,3.00,2.32
293570,237.72,240.00,0,3.00,2.28
293670,237.79,240.00,0,3.00,2.21
293770,237.79,240.00,29,3.00,2.21
293870,237.75,240.00,100,3.00,2.25
293970,237.73,240.00,100,3.00,2.27
294070,237.75,240.00,0,3.00,2.25
294170,237.76,240.00,0,3.00,2.24
294270,237.69,240.00,100,3.00,2.31
294370,237.64,240.00,100,3.00,2.36
294470,237.72,240.00,0,3.00,2.28
294570,237.79,240.00,0,3.00,2.21
294670,237.84,240.00,0,3.00,2.16
294770,237.93,240.00,0,3.00,2.07
294870,238.02,240.00,0,3.00,1.98
294970,238.06,240.00,0,3.00,1.94
295070,238.10,240.00,0,3.00,1.90
295170,238.04,240.00,100,3.00,1.96
295270,238.00,240.00,100,3.00,2.00
295370,237.95,240.00,100,3.00,2.05
295470,238.05,240.00,0,3.00,1.95
295570,238.06,240.00,0,3.00,1.94
295670,238.01,240.00,100,3.00,1.99
295770,238.04,240.00,0,3.00,1.96
295870,238.09,240.00,0,3.00,1.91
295970,238.16,240.00,0,3.00,1.84
296070,238.30,240.00,0,3.00,1.70
296170,238.33,240.00,0,3.00,1.67
296270,238.29,240.00,100,3.00,1.71
296370,238.35,240.00,0,3.00,1.65
296470,238.29,240.00,100,3.00,1.71
296570,238.21,240.00,100,3.00,1.79
296670,238.18,240.00,100,3.00,1.82
296770,238.15,240.00,100,3.00,1.85
296870,238.16,240.00,0,3.00,1.84
296970,238.16,240.00,82,3.00,1.84
297070,238.17,240.00,4,3.00,1.83
297170,238.18,240.00,14,3.00,1.82
297270,238.26,240.00,0,3.00,1.74
297370,238.35,240.00,0,3.00,1.65
297470,238.30,240.00,100,3.00,1.70
297570,238.44,240.00,0,3.00,1.56
297670,238.46,240.00,0,3.00,1.54
297770,238.47,240.00,0,3.00,1.53
297870,238.56,240.00,0,3.00,1.44
297970,238.62,240.00,0,3.00,1.38
298070,238.68,240.00,0,3.00,1.32
298170,238.62,240.00,100,3.00,1.38
298270,238.60,240.00,100,3.00,1.40
298370,238.60,240.00,40,3.00,1.40
298470,238.67,240.00,0,3.00,1.33
298570,238.65,240.00,99,3.00,1.35
298670,238.57,240.00,100,3.00,1.43
298770,238.57,240.00,10,3.00,1.43
298870,238.68,240.00,0,3.00,1.32
298970,238.63,240.00,100,3.00,1.37
299070,238.69,240.00,0,3.00,1.31
299170,238.64,240.00,100,3.00,1.36
299270,238.60,240.00,100,3.00,1.40
299370,238.62,240.00,0,3.00,1.38
299470,238.58,240.00,100,3.00,1.42
299570,238.54,240.00,100,3.00,1.46
299670,238.52,240.00,100,3.00,1.48
299770,238.54,240.00,0,3.00,1.46
299870,238.62,240.00,0,3.00,1.38
299970,238.61,240.00,56,3.00,1.39
300070,238.58,240.00,100,3.00,1.42
300170,238.59,240.00,25,3.00,1.41
300270,238.54,240.00,100,3.00,1.46
300370,238.49,240.00,100,3.00,1.51
300470,238.48,240.00,90,3.00,1.52
300570,238.41,240.00,100,3.00,1.59
300670,238.44,240.00,0,3.00,1.56
300770,238.57,240.00,0,3.00,1.43
300870,238.61,240.00,0,3.00,1.39
300970,238.72,240.00,0,3.00,1.28
301070,238.74,240.00,0,3.00,1.26
301170,238.83,240.00,0,3.00,1.17
301270,238.86,240.00,0,3.00,1.14
301370,238.80,240.00,100,3.00,1.20
301470,238.74,240.00,100,3.00,1.26
301570,238.81,240.00,0,3.00,1.19
301670,238.79,240.00,100,3.00,1.21
301770,238.70,240.00,100,3.00,1.30
301870,238.68,240.00,100,3.00,1.32
301970,238.70,240.00,0,3.00,1.30
302070,238.67,240.00,100,3.00,1.33
302170,238.75,240.00,0,3.00,1.25
302270,238.78,240.00,0,3.00,1.22
302370,238.88,240.00,0,3.00,1.12
302470,238.76,240.00,100,3.00,1.24
302570,238.68,240.00,100,3.00,1.32
302670,238.71,240.00,0,3.00,1.29
302770,238.76,240.00,0,3.00,1.24
302870,238.69,240.00,100,3.00,1.31
302970,238.69,240.00,57,3.00,1.31
303070,238.69,240.00,55,3.00,1.31
303170,238.77,240.00,0,3.00,1.23
303270,238.87,240.00,0,3.00,1.13
303370,238.81,240.00,100,3.00,1.19
303470,238.84,240.00,0,3.00,1.16
303570,238.87,240.00,0,3.00,1.13
303670,238.90,240.00,0,3.00,1.10
303770,238.89,240.00,93,3.00,1.11
303870,238.88,240.00,84,3.00,1.12
303970,238.89,240.00,5,3.00,1.11
304070,238.90,240.00,13,3.00,1.10
304170,238.93,240.00,0,3.00,1.07
304270,238.95,240.00,0,3.00,1.05
304370,238.98,240.00,0,3.00,1.02
304470,239.01,240.00,0,3.00,0.99
304570,238.98,240.00,100,3.00,1.02
304670,238.87,240.00,100,3.00,1.13
304770,238.82,240.00,100,3.00,1.18
304870,238.83,240.00,26,3.00,1.17
304970,238.80,240.00,100,3.00,1.20
305070,238.84,240.00,0,3.00,1.16
305170,238.81,240.00,100,3.00,1.19
305270,238.85,240.00,0,3.00,1.15
305370,238.78,240.00,100,3.00,1.22
305470,238.78,240.00,66,3.00,1.22
305570,238.81,240.00,0,3.00,1.19
305670,238.78,240.00,100,3.00,1.22
305770,238.73,240.00,100,3.00,1.27
305870,238.84,240.00,0,3.00,1.16
305970,238.93,240.00,0,3.00,1.07
306070,239.03,240.00,0,3.00,0.97
306170,238.94,240.00,100,3.00,1.06
306270,238.88,240.00,100,3.00,1.12
306370,238.93,240.00,0,3.00,1.07
306470,238.90,240.00,100,3.00,1.10
306570,238.92,240.00,0,3.00,1.08
306670,238.95,240.00,0,3.00,1.05
306770,238.96,240.00,3,3.00,1.04
306870,238.91,240.00,100,3.00,1.09
306970,238.98,240.00,0,3.00,1.02
307070,238.89,240.00,100,3.00,1.11
307170,238.91,240.00,0,3.00,1.09
307270,239.03,240.00,0,3.00,0.97
307370,238.96,240.00,100,3.00,1.04
307470,239.00,240.00,0,3.00,1.00
307570,238.95,240.00,100,3.00,1.05
307670,239.00,240.00,0,3.00,1.00
307770,238.95,240.00,100,3.00,1.05
307870,238.98,240.00,0,3.00,1.02
307970,239.03,240.00,0,3.00,0.97
308070,238.98,240.00,100,3.00,1.02
308170,239.02,240.00,0,3.00,0.98
308270,239.00,240.00,100,3.00,1.00
308370,238.89,240.00,100,3.00,1.11
308470,238.78,240.00,100,3.00,1.22
308570,238.81,240.00,0,3.00,1.19
308670,238.85,240.00,0,3.00,1.15
308770,238.93,240.00,0,3.00,1.07
308870,238.98,240.00,0,3.00,1.02
308970,238.90,240.00,100,3.00,1.10
309070,238.96,240.00,0,3.00,1.04
309170,239.03,240.00,0,3.00,0.97
309270,238.96,240.00,100,3.00,1.04
309370,238.91,240.00,100,3.00,1.09
309470,238.97,240.00,0,3.00,1.03
309570,239.04,240.00,0,3.00,0.96
309670,239.10,240.00,0,3.00,0.90
309770,239.07,240.00,100,3.00,0.93
309870,238.99,240.00,100,3.00,1.01
309970,238.91,240.00,100,3.00,1.09
310070,238.96,240.00,0,3.00,1.04
310170,238.86,240.00,100,3.00,1.14
310270,238.87,240.00,0,3.00,1.13
310370,238.79,240.00,100,3.00,1.21
310470,238.75,240.00,100,3.00,1.25
310570,238.80,240.00,0,3.00,1.20
310670,238.73,240.00,100,3.00,1.27
310770,238.74,240.00,24,3.00,1.26
310870,238.81,240.00,0,3.00,1.19
310970,238.80,240.00,92,3.00,1.20
311070,238.82,240.00,0,3.00,1.18
311170,238.84,240.00,0,3.00,1.16
311270,238.88,240.00,0,3.00,1.12
311370,238.93,240.00,0,3.00,1.07
311470,238.92,240.00,100,3.00,1.08
311570,238.89,240.00,100,3.00,1.11
311670,238.94,240.00,0,3.00,1.06
311770,238.92,240.00,100,3.00,1.08
311870,238.92,240.00,51,3.00,1.08
311970,238.94,240.00,0,3.00,1.06
312070,238.86,240.00,100,3.00,1.14
312170,238.79,240.00,100,3.00,1.21
312270,238.80,240.00,7,3.00,1.20
312370,238.75,240.00,100,3.00,1.25
312470,238.69,240.00,100,3.00,1.31
312570,238.75,240.00,0,3.00,1.25
312670,238.74,240.00,100,3.00,1.26
312770,238.65,240.00,100,3.00,1.35
312870,238.62,240.00,100,3.00,1.38
312970,238.62,240.00,75,3.00,1.38
313070,238.70,240.00,0,3.00,1.30
313170,238.70,240.00,69,3.00,1.30
313270,238.76,240.00,0,3.00,1.24
313370,238.81,240.00,0,3.00,1.19
313470,238.83,240.00,0,3.00,1.17
313570,238.75,240.00,100,3.00,1.25
313670,238.80,240.00,0,3.00,1.20
313770,238.86,240.00,0,3.00,1.14
313870,238.76,240.00,100,3.00,1.24
313970,238.72,240.00,100,3.00,1.28
314070,238.81,240.00,0,3.00,1.19
314170,238.85,240.00,0,3.00,1.15
314270,238.91,240.00,0,3.00,1.09
314370,238.88,240.00,100,3.00,1.12
314470,238.87,240.00,88,3.00,1.13
314570,238.95,240.00,0,3.00,1.05
314670,238.90,240.00,100,3.00,1.10
314770,238.92,240.00,0,3.00,1.08
314870,238.89,240.00,100,3.00,1.11
314970,238.82,240.00,100,3.00,1.18
315070,238.84,240.00,0,3.00,1.16
315170,238.79,240.00,100,3.00,1.21
315270,238.72,240.00,100,3.00,1.28
315370,238.78,240.00,0,3.00,1.22
315470,238.78,240.00,71,3.00,1.22
315570,238.79,240.00,0,3.00,1.21
315670,238.79,240.00,81,3.00,1.21
315770,238.77,240.00,100,3.00,1.23
315870,238.75,240.00,100,3.00,1.25
315970,238.82,240.00,0,3.00,1.18
316070,238.82,240.00,33,3.00,1.18
316170,238.83,240.00,38,3.00,1.17
316270,238.86,240.00,0,3.00,1.14
316370,238.92,240.00,0,3.00,1.08
316470,239.04,240.00,0,3.00,0.96
316570,239.05,240.00,12,3.00,0.95
316670,239.07,240.00,0,3.00,0.93
316770,239.14,240.00,0,3.00,0.86
316870,239.08,240.00,100,3.00,0.92
316970,239.06,240.00,100,3.00,0.94
317070,238.99,240.00,100,3.00,1.01
317170,238.94,240.00,100,3.00,1.06
317270,239.04,240.00,0,3.00,0.96
317370,239.09,240.00,0,3.00,0.91
317470,239.16,240.00,0,3.00,0.84
317570,239.09,240.00,100,3.00,0.91
317670,239.09,240.00,65,3.00,0.91
317770,239.09,240.00,63,3.00,0.91
317870,239.07,240.00,100,3.00,0.93
317970,239.08,240.00,47,3.00,0.92
318070,239.03,240.00,100,3.00,0.97
318170,239.03,240.00,80,3.00,0.97
318270,239.05,240.00,0,3.00,0.95
318370,239.08,240.00,0,3.00,0.92
318470,239.03,240.00,100,3.00,0.97
318570,239.04,240.00,8,3.00,0.96
318670,239.07,240.00,0,3.00,0.93
318770,239.07,240.00,40,3.00,0.93
318870,239.11,240.00,0,3.00,0.89
318970,239.17,240.00,0,3.00,0.83
319070,239.21,240.00,0,3.00,0.79
319170,239.24,240.00,0,3.00,0.76
319270,239.22,240.00,100,3.00,0.78
319370,239.27,240.00,0,3.00,0.73
319470,239.29,240.00,9,3.00,0.71
319570,239.33,240.00,0,3.00,0.67
319670,239.33,240.00,54,3.00,0.67
319770,239.41,240.00,0,3.00,0.59
319870,239.44,240.00,0,3.00,0.56
319970,239.37,240.00,100,3.00,0.63
320070,239.41,240.00,0,3.00,0.59
320170,239.42,240.00,0,3.00,0.58
320270,239.48,240.00,0,3.00,0.52
320370,239.52,240.00,0,3.00,0.48
320470,239.53,240.00,7,3.00,0.47
320570,239.55,240.00,0,3.00,0.45
320670,239.55,240.00,37,3.00,0.45
320770,239.54,240.00,100,3.00,0.46
320870,239.45,240.00,100,3.00,0.55
320970,239.47,240.00,0,3.00,0.53
321070,239.52,240.00,0,3.00,0.48
321170,239.45,240.00,100,3.00,0.55
321270,239.52,240.00,0,3.00,0.48
321370,239.52,240.00,86,3.00,0.48
321470,239.45,240.00,100,3.00,0.55
321570,239.39,240.00,100,3.00,0.61
321670,239.46,240.00,0,3.00,0.54
321770,239.53,240.00,0,3.00,0.47
321870,239.55,240.00,0,3.00,0.45
321970,239.55,240.00,38,3.00,0.45
322070,239.59,240.00,0,3.00,0.41
322170,239.60,240.00,0,3.00,0.40
322270,239.53,240.00,100,3.00,0.47
322370,239.49,240.00,100,3.00,0.51
322470,239.44,240.00,100,3.00,0.56
322570,239.42,240.00,100,3.00,0.58
322670,239.40,240.00,100,3.00,0.60
322770,239.53,240.00,0,3.00,0.47
322870,239.46,240.00,100,3.00,0.54
322970,239.48,240.00,0,3.00,0.52
323070,239.53,240.00,0,3.00,0.47
323170,239.42,240.00,100,3.00,0.58
323270,239.34,240.00,100,3.00,0.66
323370,239.31,240.00,100,3.00,0.69
323470,239.34,240.00,0,3.00,0.66
323570,239.31,240.00,100,3.00,0.69
323670,239.26,240.00,100,3.00,0.74
323770,239.19,240.00,100,3.00,0.81
323870,239.19,240.00,85,3.00,0.81
323970,239.25,240.00,0,3.00,0.75
324070,239.33,240.00,0,3.00,0.67
324170,239.30,240.00,100,3.00,0.70
324270,239.35,240.00,0,3.00,0.65
324370,239.43,240.00,0,3.00,0.57
324470,239.45,240.00,0,3.00,0.55
324570,239.48,240.00,0,3.00,0.52
324670,239.45,240.00,100,3.00,0.55
324770,239.44,240.00,91,3.00,0.56
324870,239.45,240.00,11,3.00,0.55
324970,239.41,240.00,100,3.00,0.59
325070,239.38,240.00,100,3.00,0.62
325170,239.46,240.00,0,3.00,0.54
325270,239.48,240.00,0,3.00,0.52
325370,239.50,240.00,0,3.00,0.50
325470,239.53,240.00,0,3.00,0.47
325570,239.46,240.00,100,3.00,0.54
325670,239.40,240.00,100,3.00,0.60
325770,239.37,240.00,100,3.00,0.63
325870,239.28,240.00,100,3.00,0.72
325970,239.29,240.00,16,3.00,0.71
326070,239.28,240.00,97,3.00,0.72
326170,239.32,240.00,0,3.00,0.68
326270,239.37,240.00,0,3.00,0.63
326370,239.41,240.00,0,3.00,0.59
326470,239.43,240.00,0,3.00,0.57
326570,239.45,240.00,0,3.00,0.55
326670,239.41,240.00,100,3.00,0.59
326770,239.31,240.00,100,3.00,0.69
326870,239.37,240.00,0,3.00,0.63
326970,239.45,240.00,0,3.00,0.55
327070,239.43,240.00,100,3.00,0.57
327170,239.36,240.00,100,3.00,0.64
327270,239.30,240.00,100,3.00,0.70
327370,239.28,240.00,100,3.00,0.72
327470,239.32,240.00,0,3.00,0.68
327570,239.35,240.00,0,3.00,0.65
327670,239.27,240.00,100,3.00,0.73
327770,239.36,240.00,0,3.00,0.64
327870,239.30,240.00,100,3.00,0.70
327970,239.34,240.00,0,3.00,0.66
328070,239.35,240.00,0,3.00,0.65
328170,239.36,240.00,11,3.00,0.64
328270,239.40,240.00,0,3.00,0.60
328370,239.45,240.00,0,3.00,0.55
328470,239.49,240.00,0,3.00,0.51
328570,239.51,240.00,0,3.00,0.49
328670,239.55,240.00,0,3.00,0.45
328770,239.47,240.00,100,3.00,0.53
328870,239.46,240.00,100,3.00,0.54
328970,239.39,240.00,100,3.00,0.61
329070,239.44,240.00,0,3.00,0.56
329170,239.37,240.00,100,3.00,0.63
329270,239.39,240.00,0,3.00,0.61
329370,239.43,240.00,0,3.00,0.57
329470,239.50,240.00,0,3.00,0.50
329570,239.52,240.00,0,3.00,0.48
329670,239.54,240.00,0,3.00,0.46
329770,239.47,240.00,100,3.00,0.53
329870,239.42,240.00,100,3.00,0.58
329970,239.36,240.00,100,3.00,0.64
330070,239.43,240.00,0,3.00,0.57
330170,239.49,240.00,0,3.00,0.51
330270,239.42,240.00,100,3.00,0.58
330370,239.31,240.00,100,3.00,0.69
330470,239.31,240.00,44,3.00,0.69
330570,239.43,240.00,0,3.00,0.57
330670,239.46,240.00,0,3.00,0.54
330770,239.48,240.00,0,3.00,0.52
330870,239.50,240.00,0,3.00,0.50
330970,239.56,240.00,0,3.00,0.44
331070,239.61,240.00,0,3.00,0.39
331170,239.58,240.00,100,3.00,0.42
331270,239.52,240.00,100,3.00,0.48
331370,239.54,240.00,0,3.00,0.46
331470,239.61,240.00,0,3.00,0.39
331570,239.62,240.00,23,3.00,0.38
331670,239.56,240.00,100,3.00,0.44
331770,239.48,240.00,100,3.00,0.52
331870,239.42,240.00,100,3.00,0.58
331970,239.34,240.00,100,3.00,0.66
332070,239.38,240.00,0,3.00,0.62
332170,239.48,240.00,0,3.00,0.52
332270,239.47,240.00,100,3.00,0.53
332370,239.54,240.00,0,3.00,0.46
332470,239.57,240.00,0,3.00,0.43
332570,239.69,240.00,0,3.00,0.31
332670,239.71,240.00,0,3.00,0.29
332770,239.75,240.00,0,3.00,0.25
332870,239.66,240.00,100,3.00,0.34
332970,239.58,240.00,100,3.00,0.42
333070,239.51,240.00,100,3.00,0.49
333170,239.56,240.00,0,3.00,0.44
333270,239.65,240.00,0,3.00,0.35
333370,239.72,240.00,0,3.00,0.28
333470,239.69,240.00,100,3.00,0.31
333570,239.62,240.00,100,3.00,0.38
333670,239.65,240.00,0,3.00,0.35
333770,239.59,240.00,100,3.00,0.41
333870,239.63,240.00,0,3.00,0.37
333970,239.67,240.00,0,3.00,0.33
334070,239.68,240.00,1,3.00,0.32
334170,239.59,240.00,100,3.00,0.41
334270,239.54,240.00,100,3.00,0.46
334370,239.56,240.00,0,3.00,0.44
334470,239.64,240.00,0,3.00,0.36
334570,239.69,240.00,0,3.00,0.31
334670,239.65,240.00,100,3.00,0.35
334770,239.65,240.00,59,3.00,0.35
334870,239.57,240.00,100,3.00,0.43
334970,239.57,240.00,59,3.00,0.43
335070,239.62,240.00,0,3.00,0.38
335170,239.53,240.00,100,3.00,0.47
335270,239.45,240.00,100,3.00,0.55
335370,239.44,240.00,100,3.00,0.56
335470,239.49,240.00,0,3.00,0.51
335570,239.53,240.00,0,3.00,0.47
335670,239.60,240.00,0,3.00,0.40
335770,239.61,240.00,19,3.00,0.39
335870,239.54,240.00,100,3.00,0.46
335970,239.58,240.00,0,3.00,0.42
336070,239.59,240.00,0,3.00,0.41
336170,239.59,240.00,79,3.00,0.41
336270,239.65,240.00,0,3.00,0.35
336370,239.68,240.00,0,3.00,0.32
336470,239.71,240.00,0,3.00,0.29
336570,239.74,240.00,0,3.00,0.26
336670,239.72,240.00,100,3.00,0.28
336770,239.71,240.00,100,3.00,0.29
336870,239.71,240.00,38,3.00,0.29
336970,239.67,240.00,100,3.00,0.33
337070,239.58,240.00,100,3.00,0.42
337170,239.56,240.00,100,3.00,0.44
337270,239.48,240.00,100,3.00,0.52
337370,239.44,240.00,100,3.00,0.56
337470,239.51,240.00,0,3.00,0.49
337570,239.62,240.00,0,3.00,0.38
337670,239.66,240.00,0,3.00,0.34
337770,239.65,240.00,65,3.00,0.35
337870,239.61,240.00,100,3.00,0.39
337970,239.58,240.00,100,3.00,0.42
338070,239.51,240.00,100,3.00,0.49
338170,239.44,240.00,100,3.00,0.56
338270,239.37,240.00,100,3.00,0.63
338370,239.32,240.00,100,3.00,0.68
338470,239.37,240.00,0,3.00,0.63
338570,239.41,240.00,0,3.00,0.59
338670,239.50,240.00,0,3.00,0.50
338770,239.52,240.00,1,3.00,0.48
338870,239.48,240.00,100,3.00,0.52
338970,239.48,240.00,52,3.00,0.52
339070,239.56,240.00,0,3.00,0.44
339170,239.47,240.00,100,3.00,0.53
339270,239.42,240.00,100,3.00,0.58
339370,239.45,240.00,0,3.00,0.55
339470,239.44,240.00,100,3.00,0.56
339570,239.52,240.00,0,3.00,0.48
339670,239.46,240.00,100,3.00,0.54
339770,239.43,240.00,100,3.00,0.57
339870,239.48,240.00,0,3.00,0.52
339970,239.53,240.00,0,3.00,0.47
340070,239.52,240.00,96,3.00,0.48
340170,239.61,240.00,0,3.00,0.39
340270,239.57,240.00,100,3.00,0.43
340370,239.49,240.00,100,3.00,0.51
340470,239.42,240.00,100,3.00,0.58
340570,239.48,240.00,0,3.00,0.52
340670,239.45,240.00,100,3.00,0.55
340770,239.48,240.00,0,3.00,0.52
340870,239.46,240.00,100,3.00,0.54
340970,239.43,240.00,100,3.00,0.57
341070,239.40,240.00,100,3.00,0.60
341170,239.46,240.00,0,3.00,0.54
341270,239.44,240.00,100,3.00,0.56
341370,239.49,240.00,0,3.00,0.51
341470,239.52,240.00,0,3.00,0.48
341570,239.58,240.00,0,3.00,0.42
341670,239.51,240.00,100,3.00,0.49
341770,239.59,240.00,0,3.00,0.41
341870,239.63,240.00,0,3.00,0.37
341970,239.62,240.00,100,3.00,0.38
342070,239.56,240.00,100,3.00,0.44
342170,239.63,240.00,0,3.00,0.37
342270,239.66,240.00,0,3.00,0.34
342370,239.71,240.00,0,3.00,0.29
342470,239.73,240.00,0,3.00,0.27
342570,239.79,240.00,0,3.00,0.21
342670,239.70,240.00,100,3.00,0.30
342770,239.69,240.00,100,3.00,0.31
342870,239.78,240.00,0,3.00,0.22
342970,239.80,240.00,0,3.00,0.20
343070,239.83,240.00,0,3.00,0.17
343170,239.86,240.00,0,3.00,0.14
343270,239.87,240.00,30,3.00,0.13
343370,239.76,240.00,100,3.00,0.24
343470,239.69,240.00,100,3.00,0.31
343570,239.74,240.00,0,3.00,0.26
343670,239.66,240.00,100,3.00,0.34
343770,239.67,240.00,0,3.00,0.33
343870,239.70,240.00,0,3.00,0.30
343970,239.79,240.00,0,3.00,0.21
344070,239.86,240.00,0,3.00,0.14
344170,239.86,240.00,26,3.00,0.14
344270,239.90,240.00,0,3.00,0.10
344370,239.95,240.00,0,3.00,0.05
344470,239.92,240.00,100,3.00,0.08
344570,239.91,240.00,82,3.00,0.09
344670,239.96,240.00,0,3.00,0.04
344770,239.98,240.00,0,3.00,0.02
344870,239.88,240.00,100,3.00,0.12
344970,239.93,240.00,0,3.00,0.07
345070,240.02,240.00,0,3.00,-0.02
345170,239.94,240.00,100,3.00,0.06
345270,239.97,240.00,0,3.00,0.03
345370,239.97,240.00,0,3.00,0.03
345470,239.92,240.00,100,3.00,0.08
345570,239.86,240.00,100,3.00,0.14
345670,239.87,240.00,0,3.00,0.13
345770,239.84,240.00,100,3.00,0.16
345870,239.92,240.00,0,3.00,0.08
345970,239.89,240.00,97,3.00,0.11
346070,239.91,240.00,0,3.00,0.09
346170,239.95,240.00,0,3.00,0.05
346270,239.91,240.00,100,3.00,0.09
346370,239.94,240.00,0,3.00,0.06
346470,239.90,240.00,100,3.00,0.10
346570,239.93,240.00,0,3.00,0.07
346670,240.00,240.00,0,3.00,0.00
346770,240.06,240.00,0,3.00,-0.06
346870,240.12,240.00,0,3.00,-0.12
346970,240.14,240.00,0,3.00,-0.14
347070,240.01,240.00,0,3.00,-0.01
347170,240.10,240.00,0,3.00,-0.10
347270,240.04,240.00,0,3.00,-0.04
347370,240.04,240.00,0,3.00,-0.04
347470,240.09,240.00,0,3.00,-0.09
347570,240.10,240.00,0,3.00,-0.10
347670,240.17,240.00,0,3.00,-0.17
347770,240.15,240.00,0,3.00,-0.15
347870,240.05,240.00,0,3.00,-0.05
347970,240.15,240.00,0,3.00,-0.15
348070,240.08,240.00,0,3.00,-0.08
348170,240.02,240.00,0,3.00,-0.02
348270,240.08,240.00,0,3.00,-0.08
348370,240.10,240.00,0,3.00,-0.10
348470,240.09,240.00,0,3.00,-0.09
348570,240.15,240.00,0,3.00,-0.15
348670,240.08,240.00,0,3.00,-0.08
348770,240.01,240.00,0,3.00,-0.01
348870,239.95,240.00,100,3.00,0.05
348970,240.02,240.00,0,3.00,-0.02
349070,240.08,240.00,0,3.00,-0.08
349170,240.06,240.00,0,3.00,-0.06
349270,240.07,240.00,0,3.00,-0.07
349370,240.05,240.00,0,3.00,-0.05
349470,240.08,240.00,0,3.00,-0.08
349570,240.11,240.00,0,3.00,-0.11
349670,239.98,240.00,100,3.00,0.02
349770,239.95,240.00,100,3.00,0.05
349870,239.97,240.00,0,3.00,0.03
349970,239.91,240.00,100,3.00,0.09
350070,239.98,240.00,0,3.00,0.02
350170,239.95,240.00,100,3.00,0.05
350270,239.92,240.00,100,3.00,0.08
350370,239.83,240.00,100,3.00,0.17
350470,239.86,240.00,0,3.00,0.14
350570,239.90,240.00,0,3.00,0.10
350670,239.86,240.00,100,3.00,0.14
350770,239.79,240.00,100,3.00,0.21
350870,239.76,240.00,100,3.00,0.24
350970,239.71,240.00,100,3.00,0.29
351070,239.73,240.00,0,3.00,0.27
351170,239.78,240.00,0,3.00,0.22
351270,239.81,240.00,0,3.00,0.19
351370,239.75,240.00,100,3.00,0.25
351470,239.60,240.00,100,3.00,0.40
351570,239.51,240.00,100,3.00,0.49
351670,239.48,240.00,100,3.00,0.52
351770,239.46,240.00,70,3.00,0.54
351870,239.43,240.00,100,3.00,0.57
351970,239.38,240.00,100,3.00,0.62
352070,239.31,240.00,100,3.00,0.69
352170,239.31,240.00,0,3.00,0.69
352270,239.30,240.00,68,3.00,0.70
352370,239.38,240.00,0,3.00,0.62
352470,239.31,240.00,100,3.00,0.69
352570,239.26,240.00,100,3.00,0.74
352670,239.23,240.00,100,3.00,0.77
352770,239.14,240.00,100,3.00,0.86
352870,239.16,240.00,0,3.00,0.84
352970,239.13,240.00,100,3.00,0.87
353070,239.05,240.00,100,3.00,0.95
353170,239.01,240.00,100,3.00,0.99
353270,238.98,240.00,100,3.00,1.02
353370,239.03,240.00,0,3.00,0.97
353470,239.01,240.00,100,3.00,0.99
353570,238.99,240.00,93,3.00,1.01
353670,239.01,240.00,0,3.00,0.99
353770,239.04,240.00,0,3.00,0.96
353870,239.05,240.00,0,3.00,0.95
353970,238.98,240.00,100,3.00,1.02
354070,239.00,240.00,0,3.00,1.00
354170,239.05,240.00,0,3.00,0.95
354270,238.94,240.00,100,3.00,1.06
354370,239.04,240.00,0,3.00,0.96
354470,239.05,240.00,0,3.00,0.95
354570,238.99,240.00,100,3.00,1.01
354670,238.93,240.00,100,3.00,1.07
354770,238.94,240.00,0,3.00,1.06
354870,238.91,240.00,100,3.00,1.09
354970,238.85,240.00,100,3.00,1.15
355070,238.93,240.00,0,3.00,1.07
355170,238.88,240.00,100,3.00,1.12
355270,238.97,240.00,0,3.00,1.03
355370,238.96,240.00,57,3.00,1.04
355470,238.95,240.00,49,3.00,1.05
355570,238.96,240.00,0,3.00,1.04
355670,238.91,240.00,100,3.00,1.09
355770,238.82,240.00,100,3.00,1.18
355870,238.76,240.00,100,3.00,1.24
355970,238.74,240.00,87,3.00,1.26
356070,238.78,240.00,0,3.00,1.22
356170,238.78,240.00,34,3.00,1.22
356270,238.82,240.00,0,3.00,1.18
356370,238.99,240.00,0,3.00,1.01
356470,238.91,240.00,100,3.00,1.09
356570,238.91,240.00,7,3.00,1.09
356670,238.96,240.00,0,3.00,1.04
356770,238.94,240.00,100,3.00,1.06
356870,238.95,240.00,0,3.00,1.05
356970,239.03,240.00,0,3.00,0.97
357070,238.94,240.00,100,3.00,1.06
357170,238.91,240.00,100,3.00,1.09
357270,238.94,240.00,0,3.00,1.06
357370,238.99,240.00,0,3.00,1.01
357470,239.01,240.00,0,3.00,0.99
357570,239.04,240.00,0,3.00,0.96
357670,239.13,240.00,0,3.00,0.87
357770,239.25,240.00,0,3.00,0.75
357870,239.25,240.00,18,3.00,0.75
357970,239.26,240.00,0,3.00,0.74
358070,239.18,240.00,100,3.00,0.82
358170,239.19,240.00,0,3.00,0.81
358270,239.22,240.00,0,3.00,0.78
358370,239.18,240.00,100,3.00,0.82
358470,239.11,240.00,100,3.00,0.89
358570,239.11,240.00,41,3.00,0.89
358670,239.10,240.00,37,3.00,0.90
358770,239.10,240.00,33,3.00,0.90
358870,239.18,240.00,0,3.00,0.82
358970,239.08,240.00,100,3.00,0.92
359070,239.05,240.00,100,3.00,0.95
359170,239.02,240.00,100,3.00,0.98
359270,239.05,240.00,0,3.00,0.95
359370,239.15,240.00,0,3.00,0.85
359470,239.14,240.00,81,3.00,0.86
359570,239.18,240.00,0,3.00,0.82
359670,239.24,240.00,0,3.00,0.76
359770,239.32,240.00,0,3.00,0.68
359870,239.37,240.00,0,3.00,0.63
359970,239.36,240.00,55,3.00,0.64
360070,239.31,240.00,100,3.00,0.69
360170,239.25,240.00,100,3.00,0.75
360270,239.23,240.00,90,3.00,0.77
360370,239.30,240.00,0,3.00,0.70
360470,239.34,240.00,0,3.00,0.66
360570,239.49,240.00,0,3.00,0.51
360670,239.56,240.00,0,3.00,0.44
360770,239.54,240.00,77,3.00,0.46
360870,239.50,240.00,100,3.00,0.50
360970,239.38,240.00,100,3.00,0.62
361070,239.42,240.00,0,3.00,0.58
361170,239.35,240.00,100,3.00,0.65
361270,239.35,240.00,42,3.00,0.65
361370,239.33,240.00,100,3.00,0.67
361470,239.44,240.00,0,3.00,0.56
361570,239.55,240.00,0,3.00,0.45
361670,239.61,240.00,0,3.00,0.39
361770,239.64,240.00,0,3.00,0.36
361870,239.70,240.00,0,3.00,0.30
361970,239.74,240.00,0,3.00,0.26
362070,239.77,240.00,0,3.00,0.23
362170,239.76,240.00,49,3.00,0.24
362270,239.77,240.00,0,3.00,0.23
362370,239.78,240.00,0,3.00,0.22
362470,239.69,240.00,100,3.00,0.31
362570,239.73,240.00,0,3.00,0.27
362670,239.76,240.00,0,3.00,0.24
362770,239.77,240.00,0,3.00,0.23
362870,239.73,240.00,100,3.00,0.27
362970,239.81,240.00,0,3.00,0.19
363070,239.87,240.00,0,3.00,0.13
363170,239.86,240.00,68,3.00,0.14
363270,239.85,240.00,57,3.00,0.15
363370,239.76,240.00,100,3.00,0.24
363470,239.71,240.00,100,3.00,0.29
363570,239.65,240.00,100,3.00,0.35
363670,239.71,240.00,0,3.00,0.29
363770,239.81,240.00,0,3.00,0.19
363870,239.81,240.00,13,3.00,0.19
363970,239.86,240.00,0,3.00,0.14
364070,239.78,240.00,100,3.00,0.22
364170,239.82,240.00,0,3.00,0.18
364270,239.87,240.00,0,3.00,0.13
364370,239.90,240.00,0,3.00,0.10
364470,239.93,240.00,0,3.00,0.07
364570,239.97,240.00,0,3.00,0.03
364670,239.91,240.00,100,3.00,0.09
364770,239.97,240.00,0,3.00,0.03
364870,239.86,240.00,100,3.00,0.14
364970,239.77,240.00,100,3.00,0.23
365070,239.84,240.00,0,3.00,0.16
365170,239.78,240.00,100,3.00,0.22
365270,239.74,240.00,100,3.00,0.26
365370,239.72,240.00,96,3.00,0.28
365470,239.68,240.00,100,3.00,0.32
365570,239.69,240.00,0,3.00,0.31
365670,239.65,240.00,100,3.00,0.35
365770,239.53,240.00,100,3.00,0.47
365870,239.69,240.00,0,3.00,0.31
365970,239.76,240.00,0,3.00,0.24
366070,239.72,240.00,100,3.00,0.28
366170,239.66,240.00,100,3.00,0.34
366270,239.61,240.00,100,3.00,0.39
366370,239.66,240.00,0,3.00,0.34
366470,239.76,240.00,0,3.00,0.24
366570,239.74,240.00,100,3.00,0.26
366670,239.77,240.00,0,3.00,0.23
366770,239.71,240.00,100,3.00,0.29
366870,239.84,240.00,0,3.00,0.16
366970,239.87,240.00,0,3.00,0.13
367070,239.81,240.00,100,3.00,0.19
367170,239.73,240.00,100,3.00,0.27
367270,239.73,240.00,12,3.00,0.27
367370,239.79,240.00,0,3.00,0.21
367470,239.81,240.00,0,3.00,0.19
367570,239.79,240.00,86,3.00,0.21
367670,239.85,240.00,0,3.00,0.15
367770,239.92,240.00,0,3.00,0.08
367870,239.95,240.00,0,3.00,0.05
367970,239.98,240.00,0,3.00,0.02
368070,240.01,240.00,0,3.00,-0.01
368170,239.91,240.00,100,3.00,0.09
368270,239.84,240.00,100,3.00,0.16
368370,239.78,240.00,100,3.00,0.22
368470,239.69,240.00,100,3.00,0.31
368570,239.72,240.00,0,3.00,0.28
368670,239.67,240.00,100,3.00,0.33
368770,239.76,240.00,0,3.00,0.24
368870,239.84,240.00,0,3.00,0.16
368970,239.88,240.00,0,3.00,0.12
369070,239.85,240.00,100,3.00,0.15
369170,239.81,240.00,100,3.00,0.19
369270,239.87,240.00,0,3.00,0.13
369370,239.91,240.00,0,3.00,0.09
369470,239.90,240.00,19,3.00,0.10
369570,239.95,240.00,0,3.00,0.05
369670,239.97,240.00,0,3.00,0.03
369770,240.03,240.00,0,3.00,-0.03
369870,239.94,240.00,100,3.00,0.06
369970,239.88,240.00,100,3.00,0.12
370070,239.92,240.00,0,3.00,0.08
370170,239.96,240.00,0,3.00,0.04
370270,239.96,240.00,0,3.00,0.04
370370,239.91,240.00,100,3.00,0.09
370470,239.94,240.00,0,3.00,0.06
370570,239.98,240.00,0,3.00,0.02
370670,240.01,240.00,0,3.00,-0.01
370770,240.02,240.00,0,3.00,-0.02
370870,239.90,240.00,100,3.00,0.10
370970,240.01,240.00,0,3.00,-0.01
371070,239.94,240.00,100,3.00,0.06
371170,239.94,240.00,0,3.00,0.06
371270,239.96,240.00,0,3.00,0.04
371370,240.05,240.00,0,3.00,-0.05
371470,240.06,240.00,0,3.00,-0.06
371570,239.95,240.00,100,3.00,0.05
371670,239.90,240.00,100,3.00,0.10
371770,239.90,240.00,14,3.00,0.10
371870,239.98,240.00,0,3.00,0.02
371970,239.96,240.00,81,3.00,0.04
372070,239.91,240.00,100,3.00,0.09
372170,239.96,240.00,0,3.00,0.04
372270,239.98,240.00,0,3.00,0.02
372370,239.88,240.00,100,3.00,0.12
372470,239.85,240.00,100,3.00,0.15
372570,239.82,240.00,100,3.00,0.18
372670,239.79,240.00,100,3.00,0.21
372770,239.71,240.00,100,3.00,0.29
372870,239.72,240.00,0,3.00,0.28
372970,239.72,240.00,0,3.00,0.28
373070,239.78,240.00,0,3.00,0.22
373170,239.77,240.00,54,3.00,0.23
373270,239.81,240.00,0,3.00,0.19
373370,239.88,240.00,0,3.00,0.12
373470,239.94,240.00,0,3.00,0.06
373570,239.97,240.00,0,3.00,0.03
373670,240.01,240.00,0,3.00,-0.01
373770,240.04,240.00,0,3.00,-0.04
373870,239.96,240.00,100,3.00,0.04
373970,240.03,240.00,0,3.00,-0.03
374070,240.05,240.00,0,3.00,-0.05
374170,240.05,240.00,0,3.00,-0.05
374270,240.03,240.00,0,3.00,-0.03
374370,240.02,240.00,0,3.00,-0.02
374470,239.91,240.00,100,3.00,0.09
374570,239.91,240.00,23,3.00,0.09
374670,239.84,240.00,100,3.00,0.16
374770,239.79,240.00,100,3.00,0.21
374870,239.73,240.00,100,3.00,0.27
374970,239.71,240.00,74,3.00,0.29
375070,239.68,240.00,100,3.00,0.32
375170,239.79,240.00,0,3.00,0.21
375270,239.95,240.00,0,3.00,0.05
375370,239.89,240.00,100,3.00,0.11
375470,239.91,240.00,0,3.00,0.09
375570,239.90,240.00,18,3.00,0.10
375670,239.95,240.00,0,3.00,0.05
375770,239.82,240.00,100,3.00,0.18
375870,239.74,240.00,100,3.00,0.26
375970,239.69,240.00,100,3.00,0.31
376070,239.63,240.00,100,3.00,0.37
376170,239.57,240.00,100,3.00,0.43
376270,239.62,240.00,0,3.00,0.38
376947,239.62,240.00,0,3.00,0.38
377623,239.66,240.00,0,3.00,0.34
378299,239.66,240.00,18,3.00,0.34
378975,239.53,240.00,100,3.00,0.47
379651,239.49,240.00,100,3.00,0.51
380327,239.39,240.00,100,3.00,0.61
381003,239.17,240.00,100,3.00,0.83
381679,238.96,240.00,100,3.00,1.04
382355,238.81,240.00,100,3.00,1.19
383031,238.61,240.00,100,3.00,1.39
383707,238.36,240.00,100,3.00,1.64
384383,238.03,240.00,100,3.00,1.97
385059,237.69,240.00,100,3.00,2.31
385735,237.32,240.00,100,3.00,2.68
386411,236.91,240.00,100,3.00,3.09
387087,236.30,240.00,100,3.00,3.70
387763,235.78,240.00,100,3.00,4.22
388439,235.20,240.00,100,3.00,4.80
389115,234.62,240.00,100,3.00,5.38
389791,234.08,240.00,100,3.00,5.92
390467,233.47,240.00,100,3.00,6.53
391143,232.91,240.00,100,3.00,7.09
391819,232.22,240.00,100,3.00,7.78
392495,231.49,240.00,100,3.00,8.51
393171,230.84,240.00,100,3.00,9.16
393847,230.13,240.00,100,3.00,9.87
394523,229.48,240.00,100,3.00,10.52
395199,228.80,240.00,100,3.00,11.20
395875,227.99,240.00,100,3.00,12.01
396551,227.25,240.00,100,3.00,12.75
397227,226.54,240.00,100,3.00,13.46
397903,225.83,240.00,100,3.00,14.17
398579,225.13,240.00,100,3.00,14.87
399255,224.41,240.00,100,3.00,15.59
399931,223.62,240.00,100,3.00,16.38
400607,222.94,240.00,100,3.00,17.06
401283,222.22,240.00,100,3.00,17.78
401959,221.48,240.00,100,3.00,18.52
402635,220.80,240.00,100,3.00,19.20
403311,220.00,240.00,100,3.00,20.00
403987,219.24,240.00,100,3.00,20.76
404663,218.54,240.00,100,3.00,21.46
405339,217.76,240.00,100,3.00,22.24
406015,217.03,240.00,100,3.00,22.97
406691,216.32,240.00,100,3.00,23.68
407367,215.64,240.00,100,3.00,24.36
408043,214.96,240.00,100,3.00,25.04
408719,214.20,240.00,100,3.00,25.80
409395,213.42,240.00,100,3.00,26.58
410071,212.79,240.00,100,3.00,27.21
410747,212.07,240.00,100,3.00,27.93
411423,211.36,240.00,100,3.00,28.64
412099,210.70,240.00,100,3.00,29.30
412775,209.99,240.00,100,3.00,30.01
413451,209.35,240.00,100,3.00,30.65
414127,208.74,240.00,100,3.00,31.26
414803,208.13,240.00,100,3.00,31.87
415479,207.50,240.00,100,3.00,32.50
416155,206.92,240.00,100,3.00,33.08
416831,206.24,240.00,100,3.00,33.76
417507,205.66,240.00,100,3.00,34.34
418183,205.06,240.00,100,3.00,34.94
418859,204.51,240.00,100,3.00,35.49
419535,203.87,240.00,100,3.00,36.13
420211,203.29,240.00,100,3.00,36.71
420887,202.64,240.00,100,3.00,37.36
421563,202.05,240.00,100,3.00,37.95
422239,201.50,240.00,100,3.00,38.50
422915,200.93,240.00,100,3.00,39.07
423591,200.29,240.00,100,3.00,39.71
424267,199.70,240.00,100,3.00,40.30
424943,199.13,240.00,100,3.00,40.87
425619,198.58,240.00,100,3.00,41.42
426295,197.99,240.00,100,3.00,42.01
426971,197.49,240.00,100,3.00,42.51
427647,196.97,240.00,100,3.00,43.03
428323,196.43,240.00,100,3.00,43.57
428999,195.95,240.00,100,3.00,44.05
429675,195.40,240.00,100,3.00,44.60
430351,194.91,240.00,100,3.00,45.09
431027,194.36,240.00,100,3.00,45.64
431703,193.84,240.00,100,3.00,46.16
432379,193.34,240.00,100,3.00,46.66
433055,192.85,240.00,100,3.00,47.15
433731,192.31,240.00,100,3.00,47.69
434407,191.78,240.00,100,3.00,48.22
435083,191.31,240.00,100,3.00,48.69
435759,190.80,240.00,100,3.00,49.20
436435,190.29,240.00,100,3.00,49.71
437111,189.78,240.00,100,3.00,50.22
437787,189.20,240.00,100,3.00,50.80
438463,188.69,240.00,100,3.00,51.31
439139,188.21,240.00,100,3.00,51.79
439815,187.66,240.00,100,3.00,52.34
440491,187.18,240.00,100,3.00,52.82
441167,186.67,240.00,100,3.00,53.33
441843,186.21,240.00,100,3.00,53.79
442519,185.71,240.00,100,3.00,54.29
443195,185.18,240.00,100,3.00,54.82
443871,184.72,240.00,100,3.00,55.28
444547,184.24,240.00,100,3.00,55.76
445223,183.82,240.00,100,3.00,56.18
445899,183.30,240.00,100,3.00,56.70
446575,182.85,240.00,100,3.00,57.15
447251,182.39,240.00,100,3.00,57.61
447927,181.94,240.00,100,3.00,58.06
448603,181.49,240.00,100,3.00,58.51
449279,181.06,240.00,100,3.00,58.94
449955,180.66,240.00,100,3.00,59.34
450631,180.24,240.00,100,3.00,59.76
451307,179.79,240.00,100,3.00,60.21
451983,179.35,240.00,100,3.00,60.65
452659,179.00,240.00,100,3.00,61.00
453335,178.61,240.00,100,3.00,61.39
454011,178.16,240.00,100,3.00,61.84
454687,177.71,240.00,100,3.00,62.29
455363,177.35,240.00,100,3.00,62.65
456039,176.95,240.00,100,3.00,63.05
456715,176.51,240.00,100,3.00,63.49
457391,176.07,240.00,100,3.00,63.93
458067,175.66,240.00,100,3.00,64.34
458743,175.27,240.00,100,3.00,64.73
459419,174.86,240.00,100,3.00,65.14
460095,174.40,240.00,100,3.00,65.60
460771,174.01,240.00,100,3.00,65.99
461447,173.68,240.00,100,3.00,66.32
462123,173.31,240.00,100,3.00,66.69
462799,172.93,240.00,100,3.00,67.07
463475,172.50,240.00,100,3.00,67.50
464151,172.09,240.00,100,3.00,67.91
464827,171.71,240.00,100,3.00,68.29
465503,171.29,240.00,100,3.00,68.71
466179,170.91,240.00,100,3.00,69.09
466855,170.56,240.00,100,3.00,69.44
467531,170.17,240.00,100,3.00,69.83
468207,169.74,240.00,100,3.00,70.26
468883,169.33,240.00,100,3.00,70.67
469559,168.98,240.00,100,3.00,71.02
470235,168.60,240.00,100,3.00,71.40
470911,168.24,240.00,100,3.00,71.76
471587,167.81,240.00,100,3.00,72.19
472263,167.45,240.00,100,3.00,72.55
472939,167.08,240.00,100,3.00,72.92
473615,166.65,240.00,100,3.00,73.35
474291,166.29,240.00,100,3.00,73.71
474967,165.96,240.00,100,3.00,74.04
475643,165.62,240.00,100,3.00,74.38
476319,165.18,240.00,100,3.00,74.82
476995,164.83,240.00,100,3.00,75.17
477671,164.48,240.00,100,3.00,75.52
478347,164.15,240.00,100,3.00,75.85
479023,163.80,240.00,100,3.00,76.20
479699,163.48,240.00,100,3.00,76.52
480375,163.13,240.00,100,3.00,76.87
481051,162.81,240.00,100,3.00,77.19
481727,162.49,240.00,100,3.00,77.51
482403,162.12,240.00,100,3.00,77.88
483079,161.77,240.00,100,3.00,78.23
483755,161.43,240.00,100,3.00,78.57
484431,161.10,240.00,100,3.00,78.90
485107,160.73,240.00,100,3.00,79.27
485783,160.38,240.00,100,3.00,79.62
486459,160.05,240.00,100,3.00,79.95
487135,159.72,240.00,100,3.00,80.28
487811,159.39,240.00,100,3.00,80.61
488487,159.04,240.00,100,3.00,80.96
489163,158.66,240.00,100,3.00,81.34
489839,158.34,240.00,100,3.00,81.66
490515,157.99,240.00,100,3.00,82.01
491191,157.72,240.00,100,3.00,82.28
491867,157.40,240.00,100,3.00,82.60
492543,157.06,240.00,100,3.00,82.94
493219,156.76,240.00,100,3.00,83.24
493895,156.38,240.00,100,3.00,83.62
494571,156.10,240.00,100,3.00,83.90
495247,155.78,240.00,100,3.00,84.22
495923,155.41,240.00,100,3.00,84.59
496599,155.10,240.00,100,3.00,84.90
497275,154.74,240.00,100,3.00,85.26
497951,154.42,240.00,100,3.00,85.58
498627,154.12,240.00,100,3.00,85.88
499303,153.81,240.00,100,3.00,86.19
499979,153.45,240.00,100,3.00,86.55
500655,153.12,240.00,100,3.00,86.88
501331,152.79,240.00,100,3.00,87.21
502007,152.43,240.00,100,3.00,87.57
502683,152.12,240.00,100,3.00,87.88
503359,151.81,240.00,100,3.00,88.19
504035,151.49,240.00,100,3.00,88.51
504711,151.21,240.00,100,3.00,88.79
505387,150.86,240.00,100,3.00,89.14
