Timestamp_PC,Tick_MCU,Temp,Target,PWM,Speed,PID_Error,System_Error_Code,Status_Flags
11:27:44.574,21925,48.77,250.0,0.0,0.0,201.22,0,0
11:27:44.671,22025,48.77,250.0,0.0,0.0,201.22,0,0
11:27:44.690,22043,48.81,250.0,0.0,0.0,201.18,0,0
11:27:44.773,22125,48.84,250.0,0.0,0.0,201.15,0,0
11:27:44.869,22225,48.84,250.0,0.0,0.0,201.15,0,0
11:27:44.888,22243,48.87,250.0,0.0,0.0,201.12,0,0
11:27:44.969,22325,48.92,250.0,0.0,0.0,201.07,0,0
11:27:45.091,22425,48.92,250.0,0.0,0.0,201.07,0,0
11:27:45.104,22443,48.92,250.0,0.0,0.0,201.07,0,0
11:27:45.169,22525,48.92,250.0,0.0,0.0,201.07,0,0
11:27:45.192,22543,48.86,250.0,0.0,0.0,201.13,0,0
11:27:45.269,22625,48.84,250.0,0.0,0.0,201.15,0,0
11:27:45.372,22725,48.84,250.0,0.0,0.0,201.15,0,0
11:27:45.389,22743,48.87,250.0,0.0,0.0,201.12,0,0
11:27:45.469,22825,48.89,250.0,0.0,0.0,201.1,0,0
11:27:45.569,22925,48.89,250.0,0.0,0.0,201.1,0,0
11:27:45.589,22943,48.89,250.0,0.0,0.0,201.1,0,0
11:27:45.679,23025,48.92,250.0,0.0,0.0,201.07,0,0
11:27:45.768,23125,48.83,250.0,0.0,0.0,201.16,0,0
11:27:45.871,23225,48.83,250.0,0.0,0.0,201.16,0,0
11:27:45.887,23243,48.86,250.0,0.0,0.0,201.13,0,0
11:27:45.969,23325,48.89,250.0,0.0,0.0,201.1,0,0
11:27:46.069,23425,48.89,250.0,0.0,0.0,201.1,0,0
11:27:46.087,23443,48.89,250.0,0.0,0.0,201.1,0,0
11:27:46.169,23525,48.89,250.0,0.0,0.0,201.1,0,0
11:27:46.190,23543,48.86,250.0,0.0,0.0,201.13,0,0
11:27:46.269,23625,48.84,250.0,0.0,0.0,201.15,0,0
11:27:46.370,23725,48.84,250.0,0.0,0.0,201.15,0,0
11:27:46.469,23825,48.84,250.0,0.0,0.0,201.15,0,0
11:27:46.487,23843,48.77,250.0,0.0,0.0,201.22,0,0
11:27:46.569,23925,48.7,250.0,0.0,0.0,201.29,0,0
11:27:46.669,24025,48.7,250.0,0.0,0.0,201.29,0,0
11:27:46.690,24043,48.74,250.0,0.0,0.0,201.25,0,0
11:27:46.769,24125,48.78,250.0,0.0,0.0,201.21,0,0
11:27:46.869,24225,48.84,250.0,0.0,0.0,201.15,0,0
11:27:46.969,24325,48.84,250.0,0.0,0.0,201.15,0,0
11:27:46.987,24343,48.87,250.0,0.0,0.0,201.12,0,0
11:27:47.069,24425,48.92,250.0,0.0,0.0,201.07,0,0
11:27:47.172,24525,48.92,250.0,0.0,0.0,201.07,0,0
11:27:47.269,24625,48.89,250.0,0.0,0.0,201.1,0,0
11:27:47.403,24725,48.89,250.0,0.0,0.0,201.1,0,0
11:27:47.409,24743,48.89,250.0,0.0,0.0,201.1,0,0
11:27:47.470,24825,48.89,250.0,0.0,0.0,201.1,0,0
11:27:47.569,24925,48.89,250.0,0.0,0.0,201.1,0,0
11:27:47.588,24943,48.89,250.0,0.0,0.0,201.1,0,0
11:27:47.671,25025,48.93,250.0,0.0,0.0,201.06,0,0
11:27:47.781,25125,48.95,250.0,0.0,0.0,201.04,0,0
11:27:47.884,25225,48.84,250.0,0.0,0.0,201.15,0,0
11:27:47.989,25325,48.84,250.0,0.0,0.0,201.15,0,0
11:27:48.006,25343,48.85,250.0,0.0,0.0,201.14,0,0
11:27:48.069,25425,48.85,250.0,0.0,0.0,201.14,0,0
11:27:48.191,25525,48.85,250.0,0.0,0.0,201.14,0,0
11:27:48.291,25625,48.85,250.0,0.0,0.0,201.14,0,0
11:27:48.357,25643,48.83,250.0,0.0,0.0,201.16,0,0
11:27:48.400,25725,48.81,250.0,0.0,0.0,201.18,0,0
11:27:48.469,25825,48.79,250.0,0.0,0.0,201.2,0,0
11:27:48.568,25925,48.79,250.0,0.0,0.0,201.2,0,0
11:27:48.587,25943,48.8,250.0,0.0,0.0,201.19,0,0
11:27:48.669,26025,48.8,250.0,0.0,0.0,201.19,0,0
11:27:48.767,26125,48.8,250.0,0.0,0.0,201.19,0,0
11:27:48.797,26143,48.8,250.0,0.0,0.0,201.19,0,0
11:27:48.869,26225,48.86,250.0,0.0,0.0,201.13,0,0
11:27:48.968,26325,48.84,250.0,0.0,0.0,201.15,0,0
11:27:49.069,26425,48.81,250.0,0.0,0.0,201.18,0,0
11:27:49.172,26525,48.81,250.0,0.0,0.0,201.18,0,0
11:27:49.190,26543,48.92,250.0,0.0,0.0,201.07,0,0
11:27:49.269,26625,49.02,250.0,0.0,0.0,200.97,0,0
11:27:49.372,26725,49.02,250.0,0.0,0.0,200.97,0,0
11:27:49.391,26743,49.03,250.0,0.0,0.0,200.96,0,0
11:27:49.469,26825,49.04,250.0,0.0,0.0,200.95,0,0
11:27:49.571,26925,48.97,250.0,0.0,0.0,201.02,0,0
11:27:49.677,27025,48.88,250.0,0.0,0.0,201.11,0,0
11:27:49.781,27125,48.98,250.0,0.0,0.0,201.01,0,0
11:27:49.871,27225,48.98,250.0,0.0,0.0,201.01,0,0
11:27:49.888,27243,48.94,250.0,0.0,0.0,201.05,0,0
11:27:49.968,27325,48.91,250.0,0.0,0.0,201.08,0,0
11:27:50.071,27425,48.91,250.0,0.0,0.0,201.08,0,0
11:27:50.087,27443,48.8,250.0,0.0,0.0,201.19,0,0
11:27:50.167,27525,48.71,250.0,0.0,0.0,201.28,0,0
11:27:50.267,27625,48.75,250.0,0.0,0.0,201.24,0,0
11:27:50.372,27725,48.81,250.0,0.0,0.0,201.18,0,0
11:27:50.469,27825,48.79,250.0,0.0,0.0,201.2,0,0
11:27:50.572,27925,48.79,250.0,0.0,0.0,201.2,0,0
11:27:50.592,27943,48.85,250.0,0.0,0.0,201.14,0,0
11:27:50.676,28025,48.9,250.0,0.0,0.0,201.09,0,0
11:27:50.780,28125,48.9,250.0,0.0,0.0,201.09,0,0
11:27:50.802,28143,48.9,250.0,0.0,0.0,201.09,0,0
11:27:50.870,28225,48.93,250.0,0.0,0.0,201.06,0,0
11:27:50.967,28325,48.93,250.0,0.0,0.0,201.06,0,0
11:27:50.991,28343,48.92,250.0,0.0,0.0,201.07,0,0
11:27:51.082,28425,48.94,250.0,0.0,0.0,201.05,0,0
11:27:51.168,28525,48.93,250.0,0.0,0.0,201.06,0,0
11:27:51.267,28625,48.93,250.0,0.0,0.0,201.06,0,0
11:27:51.376,28725,48.92,250.0,0.0,0.0,201.07,0,0
11:27:51.469,28825,48.92,250.0,0.0,0.0,201.07,0,0
11:27:51.490,28843,48.92,250.0,0.0,0.0,201.07,0,0
11:27:51.567,28925,48.94,250.0,0.0,0.0,201.05,0,0
11:27:51.670,29025,48.94,250.0,0.0,0.0,201.05,0,0
11:27:51.690,29043,48.96,250.0,0.0,0.0,201.03,0,0
11:27:51.767,29125,48.95,250.0,0.0,0.0,201.04,0,0
11:27:51.871,29225,48.91,250.0,0.0,0.0,201.08,0,0
11:27:51.971,29325,48.91,250.0,0.0,0.0,201.08,0,0
11:27:51.989,29343,48.94,250.0,0.0,0.0,201.05,0,0
11:27:52.068,29425,48.95,250.0,0.0,0.0,201.04,0,0
11:27:52.169,29525,48.95,250.0,0.0,0.0,201.04,0,0
11:27:52.194,29543,48.97,250.0,0.0,0.0,201.02,0,0
11:27:52.275,29625,48.99,250.0,0.0,0.0,201.0,0,0
11:27:52.367,29725,49.03,250.0,0.0,0.0,200.96,0,0
11:27:52.492,29825,49.06,250.0,0.0,0.0,200.93,0,0
11:27:52.567,29925,49.06,250.0,0.0,0.0,200.93,0,0
11:27:52.586,29943,49.07,250.0,0.0,0.0,200.92,0,0
11:27:52.671,30025,49.07,250.0,0.0,0.0,200.92,0,0
11:27:52.767,30125,49.05,250.0,0.0,0.0,200.94,0,0
11:27:52.867,30225,49.05,250.0,0.0,0.0,200.94,0,0
11:27:52.885,30243,49.05,250.0,0.0,0.0,200.94,0,0
11:27:52.972,30325,49.05,250.0,0.0,0.0,200.94,0,0
11:27:52.989,30343,49.05,250.0,0.0,0.0,200.94,0,0
11:27:53.066,30425,49.05,250.0,0.0,0.0,200.94,0,0
11:27:53.087,30443,49.01,250.0,0.0,0.0,200.98,0,0
11:27:53.171,30525,48.97,250.0,0.0,0.0,201.02,0,0
11:27:53.267,30625,48.97,250.0,0.0,0.0,201.02,0,0
11:27:53.293,30643,48.99,250.0,0.0,0.0,201.0,0,0
11:27:53.366,30725,49.0,250.0,0.0,0.0,200.99,0,0
11:27:53.467,30825,49.0,250.0,0.0,0.0,200.99,0,0
11:27:53.486,30843,49.0,250.0,0.0,0.0,200.99,0,0
11:27:53.567,30925,49.0,250.0,0.0,0.0,200.99,0,0
11:27:53.587,30943,48.99,250.0,0.0,0.0,201.0,0,0
11:27:53.668,31025,48.98,250.0,0.0,0.0,201.01,0,0
11:27:53.767,31125,48.98,250.0,0.0,0.0,201.01,0,0
11:27:53.789,31143,48.99,250.0,0.0,0.0,201.0,0,0
11:27:53.867,31225,49.03,250.0,0.0,0.0,200.96,0,0
11:27:53.968,31325,49.03,250.0,0.0,0.0,200.96,0,0
11:27:53.990,31343,49.03,250.0,0.0,0.0,200.96,0,0
11:27:54.066,31425,49.03,250.0,0.0,0.0,200.96,0,0
11:27:54.086,31443,48.94,250.0,0.0,0.0,201.05,0,0
11:27:54.176,31525,48.85,250.0,0.0,0.0,201.14,0,0
11:27:54.266,31625,48.88,250.0,0.0,0.0,201.11,0,0
11:27:54.367,31725,48.88,250.0,0.0,0.0,201.11,0,0
11:27:54.469,31825,48.88,250.0,0.0,0.0,201.11,0,0
11:27:54.567,31925,48.85,250.0,0.0,0.0,201.14,0,0
11:27:54.666,32025,48.85,250.0,0.0,0.0,201.14,0,0
11:27:54.692,32043,48.88,250.0,0.0,0.0,201.11,0,0
11:27:54.774,32125,48.88,250.0,0.0,0.0,201.11,0,0
11:27:54.867,32225,48.9,250.0,0.0,0.0,201.09,0,0
11:27:54.966,32325,48.9,250.0,0.0,0.0,201.09,0,0
11:27:54.992,32343,48.9,250.0,0.0,0.0,201.09,0,0
11:27:55.067,32425,48.95,250.0,0.0,0.0,201.04,0,0
11:27:55.169,32525,48.97,250.0,0.0,0.0,201.02,0,0
11:27:55.268,32625,48.93,250.0,0.0,0.0,201.06,0,0
11:27:55.367,32725,48.93,250.0,0.0,0.0,201.06,0,0
11:27:55.394,32743,49.0,250.0,0.0,0.0,200.99,0,0
11:27:55.466,32825,49.06,250.0,0.0,0.0,200.93,0,0
11:27:55.567,32925,49.06,250.0,0.0,0.0,200.93,0,0
11:27:55.589,32943,49.07,250.0,0.0,0.0,200.92,0,0
11:27:55.666,33025,49.08,250.0,0.0,0.0,200.91,0,0
11:27:55.767,33125,49.08,250.0,0.0,0.0,200.91,0,0
11:27:55.787,33143,49.16,250.0,0.0,0.0,200.83,0,0
11:27:55.891,33225,49.23,250.0,0.0,0.0,200.76,0,0
11:27:55.966,33325,49.23,250.0,0.0,0.0,200.76,0,0
11:27:55.996,33343,49.24,250.0,0.0,0.0,200.75,0,0
11:27:56.069,33425,49.26,250.0,0.0,0.0,200.73,0,0
11:27:56.165,33525,49.26,250.0,0.0,0.0,200.73,0,0
11:27:56.185,33543,49.17,250.0,0.0,0.0,200.82,0,0
11:27:56.267,33625,49.09,250.0,0.0,0.0,200.9,0,0
11:27:56.371,33725,49.09,250.0,0.0,0.0,200.9,0,0
11:27:56.385,33743,49.09,250.0,0.0,0.0,200.9,0,0
11:27:56.470,33825,49.09,250.0,0.0,0.0,200.9,0,0
11:27:56.566,33925,49.09,250.0,0.0,0.0,200.9,0,0
11:27:56.587,33943,49.02,250.0,0.0,0.0,200.97,0,0
11:27:56.667,34025,48.93,250.0,0.0,0.0,201.06,0,0
11:27:56.773,34125,48.93,250.0,0.0,0.0,201.06,0,0
11:27:56.788,34143,48.95,250.0,0.0,0.0,201.04,0,0
11:27:56.868,34225,48.94,250.0,0.0,0.0,201.05,0,0
11:27:56.966,34325,48.93,250.0,0.0,0.0,201.06,0,0
11:27:57.066,34425,48.93,250.0,0.0,0.0,201.06,0,0
11:27:57.086,34443,48.93,250.0,0.0,0.0,201.06,0,0
11:27:57.169,34525,48.98,250.0,0.0,0.0,201.01,0,0
11:27:57.266,34625,49.02,250.0,0.0,0.0,200.97,0,0
11:27:57.379,34725,49.02,250.0,0.0,0.0,200.97,0,0
11:27:57.385,34743,49.03,250.0,0.0,0.0,200.96,0,0
11:27:57.466,34825,49.04,250.0,0.0,0.0,200.95,0,0
11:27:57.593,34925,49.04,250.0,0.0,0.0,200.95,0,0
11:27:57.600,34943,49.0,250.0,0.0,0.0,200.99,0,0
11:27:57.671,35025,48.96,250.0,0.0,0.0,201.03,0,0
11:27:57.771,35125,48.96,250.0,0.0,0.0,201.03,0,0
11:27:57.791,35143,48.95,250.0,0.0,0.0,201.04,0,0
11:27:57.865,35225,48.94,250.0,0.0,0.0,201.05,0,0
11:27:57.966,35325,48.94,250.0,0.0,0.0,201.05,0,0
11:27:57.989,35343,48.91,250.0,0.0,0.0,201.08,0,0
11:27:58.068,35425,48.91,250.0,0.0,0.0,201.08,0,0
11:27:58.171,35525,48.91,250.0,0.0,0.0,201.08,0,0
11:27:58.185,35543,48.91,250.0,0.0,0.0,201.08,0,0
11:27:58.269,35625,48.91,250.0,0.0,0.0,201.08,0,0
11:27:58.288,35643,48.85,250.0,0.0,0.0,201.14,0,0
11:27:58.365,35725,48.8,250.0,0.0,0.0,201.19,0,0
11:27:58.468,35825,48.81,250.0,0.0,0.0,201.18,0,0
11:27:58.567,35925,48.81,250.0,0.0,0.0,201.18,0,0
11:27:58.587,35943,48.79,250.0,0.0,0.0,201.2,0,0
11:27:58.669,36025,48.8,250.0,0.0,0.0,201.19,0,0
11:27:58.765,36125,48.8,250.0,0.0,0.0,201.19,0,0
11:27:58.790,36143,48.78,250.0,0.0,0.0,201.21,0,0
11:27:58.866,36225,48.76,250.0,0.0,0.0,201.23,0,0
11:27:58.968,36325,48.76,250.0,0.0,0.0,201.23,0,0
11:27:58.990,36343,48.85,250.0,0.0,0.0,201.14,0,0
11:27:59.067,36425,48.93,250.0,0.0,0.0,201.06,0,0
11:27:59.169,36525,48.93,250.0,0.0,0.0,201.06,0,0
11:27:59.190,36543,48.93,250.0,0.0,0.0,201.06,0,0
11:27:59.267,36625,48.95,250.0,0.0,0.0,201.04,0,0
11:27:59.366,36725,48.94,250.0,0.0,0.0,201.05,0,0
11:27:59.468,36825,48.94,250.0,0.0,0.0,201.05,0,0
11:27:59.485,36843,49.01,250.0,0.0,0.0,200.98,0,0
11:27:59.565,36925,49.07,250.0,0.0,0.0,200.92,0,0
11:27:59.666,37025,49.07,250.0,0.0,0.0,200.92,0,0
11:27:59.683,37043,49.07,250.0,0.0,0.0,200.92,0,0
11:27:59.767,37125,49.1,250.0,0.0,0.0,200.89,0,0
11:27:59.867,37225,49.1,250.0,0.0,0.0,200.89,0,0
11:27:59.888,37243,49.05,250.0,0.0,0.0,200.94,0,0
11:27:59.966,37325,49.01,250.0,0.0,0.0,200.98,0,0
11:28:00.066,37425,49.01,250.0,0.0,0.0,200.98,0,0
11:28:00.090,37443,49.05,250.0,0.0,0.0,200.94,0,0
11:28:00.170,37525,49.08,250.0,0.0,0.0,200.91,0,0
11:28:00.266,37625,49.08,250.0,0.0,0.0,200.91,0,0
11:28:00.288,37643,49.08,250.0,0.0,0.0,200.91,0,0
11:28:00.371,37725,49.08,250.0,0.0,0.0,200.91,0,0
11:28:00.388,37743,49.11,250.0,0.0,0.0,200.88,0,0
11:28:00.469,37825,49.13,250.0,0.0,0.0,200.86,0,0
11:28:00.565,37925,49.13,250.0,0.0,0.0,200.86,0,0
11:28:00.587,37943,49.03,250.0,0.0,0.0,200.96,0,0
11:28:00.665,38025,48.96,250.0,0.0,0.0,201.03,0,0
11:28:00.766,38125,48.96,250.0,0.0,0.0,201.03,0,0
11:28:00.786,38143,48.96,250.0,0.0,0.0,201.03,0,0
11:28:00.864,38225,48.96,250.0,0.0,0.0,201.03,0,0
11:28:00.884,38243,48.96,250.0,0.0,0.0,201.03,0,0
11:28:00.965,38325,48.95,250.0,0.0,0.0,201.04,0,0
11:28:01.066,38425,48.95,250.0,0.0,0.0,201.04,0,0
11:28:01.100,38443,48.99,250.0,0.0,0.0,201.0,0,0
11:28:01.165,38525,49.05,250.0,0.0,0.0,200.94,0,0
11:28:01.266,38625,49.05,250.0,0.0,0.0,200.94,0,0
11:28:01.284,38643,49.05,250.0,0.0,0.0,200.94,0,0
11:28:01.371,38725,49.06,250.0,0.0,0.0,200.93,0,0
11:28:01.467,38825,49.06,250.0,0.0,0.0,200.93,0,0
11:28:01.484,38843,49.09,250.0,0.0,0.0,200.9,0,0
11:28:01.567,38925,49.12,250.0,0.0,0.0,200.87,0,0
11:28:01.664,39025,49.12,250.0,0.0,0.0,200.87,0,0
11:28:01.691,39043,49.15,250.0,0.0,0.0,200.84,0,0
11:28:01.765,39125,49.17,250.0,0.0,0.0,200.82,0,0
11:28:01.866,39225,49.17,250.0,0.0,0.0,200.82,0,0
11:28:01.884,39243,49.09,250.0,0.0,0.0,200.9,0,0
11:28:01.969,39325,49.04,250.0,0.0,0.0,200.95,0,0
11:28:02.071,39425,49.04,250.0,0.0,0.0,200.95,0,0
11:28:02.086,39443,48.97,250.0,0.0,0.0,201.02,0,0
11:28:02.166,39525,48.91,250.0,0.0,0.0,201.08,0,0
11:28:02.265,39625,48.88,250.0,0.0,0.0,201.11,0,0
11:28:02.366,39725,48.88,250.0,0.0,0.0,201.11,0,0
11:28:02.385,39743,48.88,250.0,0.0,0.0,201.11,0,0
11:28:02.473,39825,48.98,250.0,0.0,0.0,201.01,0,0
11:28:02.568,39925,48.98,250.0,0.0,0.0,201.01,0,0
11:28:02.587,39943,48.94,250.0,0.0,0.0,201.05,0,0
11:28:02.666,40025,48.94,250.0,0.0,0.0,201.05,0,0
11:28:02.767,40125,48.94,250.0,0.0,0.0,201.05,0,0
11:28:02.788,40143,49.01,250.0,0.0,0.0,200.98,0,0
11:28:02.865,40225,49.07,250.0,0.0,0.0,200.92,0,0
11:28:02.965,40325,49.1,250.0,0.0,0.0,200.89,0,0
11:28:03.066,40425,49.1,250.0,0.0,0.0,200.89,0,0
11:28:03.166,40525,49.1,250.0,0.0,0.0,200.89,0,0
11:28:03.190,40543,49.13,250.0,0.0,0.0,200.86,0,0
11:28:03.281,40625,49.13,250.0,0.0,0.0,200.86,0,0
11:28:03.365,40725,49.13,250.0,0.0,0.0,200.86,0,0
11:28:03.472,40825,49.13,250.0,0.0,0.0,200.86,0,0
11:28:03.483,40843,49.13,250.0,0.0,0.0,200.86,0,0
11:28:03.566,40925,49.13,250.0,0.0,0.0,200.86,0,0
11:28:03.669,41025,49.13,250.0,0.0,0.0,200.86,0,0
11:28:03.686,41043,49.13,250.0,0.0,0.0,200.86,0,0
11:28:03.767,41125,49.13,250.0,0.0,0.0,200.86,0,0
11:28:03.864,41225,49.13,250.0,0.0,0.0,200.86,0,0
11:28:03.885,41243,49.15,250.0,0.0,0.0,200.84,0,0
11:28:03.967,41325,49.17,250.0,0.0,0.0,200.82,0,0
11:28:04.064,41425,49.12,250.0,0.0,0.0,200.87,0,0
11:28:04.166,41525,49.12,250.0,0.0,0.0,200.87,0,0
11:28:04.268,41625,49.07,250.0,0.0,0.0,200.92,0,0
11:28:04.364,41725,49.07,250.0,0.0,0.0,200.92,0,0
11:28:04.412,41743,49.07,250.0,0.0,0.0,200.92,0,0
11:28:04.467,41825,49.05,250.0,0.0,0.0,200.94,0,0
11:28:04.567,41925,49.11,250.0,0.0,0.0,200.88,0,0
11:28:04.669,42025,49.11,250.0,0.0,0.0,200.88,0,0
11:28:04.697,42043,49.11,250.0,0.0,0.0,200.88,0,0
11:28:04.769,42125,49.11,250.0,0.0,0.0,200.88,0,0
11:28:04.865,42225,49.11,250.0,0.0,0.0,200.88,0,0
11:28:04.885,42243,49.16,250.0,0.0,0.0,200.83,0,0
11:28:04.991,42325,49.21,250.0,0.0,0.0,200.78,0,0
11:28:05.064,42425,49.21,250.0,0.0,0.0,200.78,0,0
11:28:05.086,42443,49.2,250.0,0.0,0.0,200.79,0,0
11:28:05.165,42525,49.19,250.0,0.0,0.0,200.8,0,0
11:28:05.266,42625,49.08,250.0,0.0,0.0,200.91,0,0
11:28:05.364,42725,49.08,250.0,0.0,0.0,200.91,0,0
11:28:05.388,42743,49.08,250.0,0.0,0.0,200.91,0,0
11:28:05.469,42825,49.08,250.0,0.0,0.0,200.91,0,0
11:28:05.483,42843,49.11,250.0,0.0,0.0,200.88,0,0
11:28:05.577,42925,49.14,250.0,0.0,0.0,200.85,0,0
11:28:05.663,43025,49.14,250.0,0.0,0.0,200.85,0,0
11:28:05.687,43043,49.11,250.0,0.0,0.0,200.88,0,0
11:28:05.766,43125,49.09,250.0,0.0,0.0,200.9,0,0
11:28:05.864,43225,49.09,250.0,0.0,0.0,200.9,0,0
11:28:05.887,43243,49.19,250.0,0.0,0.0,200.8,0,0
11:28:05.964,43325,49.26,250.0,0.0,0.0,200.73,0,0
11:28:06.065,43425,49.26,250.0,0.0,0.0,200.73,0,0
11:28:06.085,43443,49.26,250.0,0.0,0.0,200.73,0,0
11:28:06.165,43525,49.27,250.0,0.0,0.0,200.72,0,0
11:28:06.266,43625,49.15,250.0,0.0,0.0,200.84,0,0
11:28:06.365,43725,49.13,250.0,0.0,0.0,200.86,0,0
11:28:06.463,43825,49.05,250.0,0.0,0.0,200.94,0,0
11:28:06.565,43925,49.05,250.0,0.0,0.0,200.94,0,0
11:28:06.588,43943,49.05,250.0,0.0,0.0,200.94,0,0
11:28:06.665,44025,49.05,250.0,0.0,0.0,200.94,0,0
11:28:06.702,44043,49.06,250.0,0.0,0.0,200.93,0,0
11:28:06.764,44125,49.06,250.0,0.0,0.0,200.93,0,0
11:28:06.865,44225,49.06,250.0,0.0,0.0,200.93,0,0
11:28:06.890,44243,48.99,250.0,0.0,0.0,201.0,0,0
11:28:06.963,44325,48.93,250.0,0.0,0.0,201.06,0,0
11:28:07.064,44425,48.93,250.0,0.0,0.0,201.06,0,0
11:28:07.089,44443,48.93,250.0,0.0,0.0,201.06,0,0
11:28:07.167,44525,48.93,250.0,0.0,0.0,201.06,0,0
11:28:07.182,44543,48.97,250.0,0.0,0.0,201.02,0,0
11:28:07.274,44625,49.01,250.0,0.0,0.0,200.98,0,0
11:28:07.366,44725,49.01,250.0,0.0,0.0,200.98,0,0
11:28:07.387,44743,49.05,250.0,0.0,0.0,200.94,0,0
11:28:07.464,44825,49.06,250.0,0.0,0.0,200.93,0,0
11:28:07.564,44925,49.06,250.0,0.0,0.0,200.93,0,0
11:28:07.586,44943,49.06,250.0,0.0,0.0,200.93,0,0
11:28:07.665,45025,49.06,250.0,0.0,0.0,200.93,0,0
11:28:07.684,45043,49.09,250.0,0.0,0.0,200.9,0,0
11:28:07.766,45125,49.12,250.0,0.0,0.0,200.87,0,0
11:28:07.867,45225,49.12,250.0,0.0,0.0,200.87,0,0
11:28:07.885,45243,49.19,250.0,0.0,0.0,200.8,0,0
11:28:07.967,45325,49.26,250.0,0.0,0.0,200.73,0,0
11:28:08.074,45425,49.26,250.0,0.0,0.0,200.73,0,0
11:28:08.086,45443,49.26,250.0,0.0,0.0,200.73,0,0
11:28:08.163,45525,49.32,250.0,0.0,0.0,200.67,0,0
11:28:08.263,45625,49.32,250.0,0.0,0.0,200.67,0,0
11:28:08.281,45643,49.25,250.0,0.0,0.0,200.74,0,0
11:28:08.388,45725,49.19,250.0,0.0,0.0,200.8,0,0
11:28:08.467,45825,49.13,250.0,0.0,0.0,200.86,0,0
11:28:08.563,45925,49.11,250.0,0.0,0.0,200.88,0,0
11:28:08.666,46025,49.08,250.0,0.0,0.0,200.91,0,0
11:28:08.765,46125,49.06,250.0,0.0,0.0,200.93,0,0
11:28:08.864,46225,49.07,250.0,0.0,0.0,200.92,0,0
11:28:08.972,46325,49.07,250.0,0.0,0.0,200.92,0,0
11:28:08.987,46343,48.97,250.0,0.0,0.0,201.02,0,0
11:28:09.064,46425,48.88,250.0,0.0,0.0,201.11,0,0
11:28:09.163,46525,48.88,250.0,0.0,0.0,201.11,0,0
11:28:09.185,46543,48.88,250.0,0.0,0.0,201.11,0,0
11:28:09.266,46625,48.88,250.0,0.0,0.0,201.11,0,0
11:28:09.282,46643,48.88,250.0,0.0,0.0,201.11,0,0
11:28:09.372,46725,48.88,250.0,0.0,0.0,201.11,0,0
11:28:09.463,46825,48.96,250.0,0.0,0.0,201.03,0,0
11:28:09.563,46925,48.96,250.0,0.0,0.0,201.03,0,0
11:28:09.582,46943,49.02,250.0,0.0,0.0,200.97,0,0
11:28:09.664,47025,49.08,250.0,0.0,0.0,200.91,0,0
11:28:09.762,47125,49.08,250.0,0.0,0.0,200.91,0,0
11:28:09.790,47143,49.06,250.0,0.0,0.0,200.93,0,0
11:28:09.863,47225,49.04,250.0,0.0,0.0,200.95,0,0
11:28:09.963,47325,49.03,250.0,0.0,0.0,200.96,0,0
11:28:10.092,47425,49.03,250.0,0.0,0.0,200.96,0,0
11:28:10.100,47443,49.06,250.0,0.0,0.0,200.93,0,0
11:28:10.165,47525,49.12,250.0,0.0,0.0,200.87,0,0
11:28:10.267,47625,49.12,250.0,0.0,0.0,200.87,0,0
11:28:10.362,47725,49.12,250.0,0.0,0.0,200.87,0,0
11:28:10.385,47743,49.12,250.0,0.0,0.0,200.87,0,0
11:28:10.469,47825,49.14,250.0,0.0,0.0,200.85,0,0
11:28:10.564,47925,49.14,250.0,0.0,0.0,200.85,0,0
11:28:10.582,47943,49.12,250.0,0.0,0.0,200.87,0,0
11:28:10.673,48025,49.12,250.0,0.0,0.0,200.87,0,0
11:28:10.762,48125,49.09,250.0,0.0,0.0,200.9,0,0
11:28:10.865,48225,49.09,250.0,0.0,0.0,200.9,0,0
11:28:10.887,48243,49.15,250.0,0.0,0.0,200.84,0,0
11:28:10.963,48325,49.17,250.0,0.0,0.0,200.82,0,0
11:28:11.064,48425,49.17,250.0,0.0,0.0,200.82,0,0
11:28:11.082,48443,49.14,250.0,0.0,0.0,200.85,0,0
11:28:11.169,48525,49.09,250.0,0.0,0.0,200.9,0,0
11:28:11.265,48625,49.09,250.0,0.0,0.0,200.9,0,0
11:28:11.282,48643,49.01,250.0,0.0,0.0,200.98,0,0
11:28:11.363,48725,48.92,250.0,0.0,0.0,201.07,0,0
11:28:11.467,48825,48.92,250.0,0.0,0.0,201.07,0,0
11:28:11.563,48925,48.92,250.0,0.0,0.0,201.07,0,0
11:28:11.582,48943,48.89,250.0,0.0,0.0,201.1,0,0
11:28:11.663,49025,48.86,250.0,0.0,0.0,201.13,0,0
11:28:11.787,49125,48.86,250.0,0.0,0.0,201.13,0,0
11:28:11.795,49143,48.86,250.0,0.0,0.0,201.13,0,0
11:28:11.863,49225,48.89,250.0,0.0,0.0,201.1,0,0
11:28:11.963,49325,48.89,250.0,0.0,0.0,201.1,0,0
11:28:12.064,49425,48.86,250.0,0.0,0.0,201.13,0,0
11:28:12.163,49525,48.86,250.0,0.0,0.0,201.13,0,0
11:28:12.184,49543,48.89,250.0,0.0,0.0,201.1,0,0
11:28:12.266,49625,48.91,250.0,0.0,0.0,201.08,0,0
11:28:12.364,49725,48.91,250.0,0.0,0.0,201.08,0,0
11:28:12.467,49825,48.91,250.0,0.0,0.0,201.08,0,0
11:28:12.565,49925,48.95,250.0,0.0,0.0,201.04,0,0
11:28:12.662,50025,48.89,250.0,0.0,0.0,201.1,0,0
11:28:12.762,50125,48.89,250.0,0.0,0.0,201.1,0,0
11:28:12.782,50143,48.87,250.0,0.0,0.0,201.12,0,0
11:28:12.863,50225,48.84,250.0,0.0,0.0,201.15,0,0
11:28:12.968,50325,48.82,250.0,0.0,0.0,201.17,0,0
11:28:13.066,50425,48.87,250.0,0.0,0.0,201.12,0,0
11:28:13.162,50525,48.87,250.0,0.0,0.0,201.12,0,0
11:28:13.183,50543,48.85,250.0,0.0,0.0,201.14,0,0
11:28:13.262,50625,48.8,250.0,0.0,0.0,201.19,0,0
11:28:13.366,50725,48.8,250.0,0.0,0.0,201.19,0,0
11:28:13.380,50743,48.8,250.0,0.0,0.0,201.19,0,0
11:28:13.471,50825,48.83,250.0,0.0,0.0,201.16,0,0
11:28:13.561,50925,48.83,250.0,0.0,0.0,201.16,0,0
11:28:13.581,50943,48.86,250.0,0.0,0.0,201.13,0,0
11:28:13.665,51025,48.89,250.0,0.0,0.0,201.1,0,0
11:28:13.762,51125,48.89,250.0,0.0,0.0,201.1,0,0
11:28:13.861,51225,48.89,250.0,0.0,0.0,201.1,0,0
11:28:13.884,51243,48.89,250.0,0.0,0.0,201.1,0,0
11:28:13.966,51325,48.86,250.0,0.0,0.0,201.13,0,0
11:28:14.061,51425,48.86,250.0,0.0,0.0,201.13,0,0
11:28:14.163,51525,48.89,250.0,0.0,0.0,201.1,0,0
11:28:14.262,51625,48.86,250.0,0.0,0.0,201.13,0,0
11:28:14.362,51725,48.89,250.0,0.0,0.0,201.1,0,0
11:28:14.462,51825,48.89,250.0,0.0,0.0,201.1,0,0
11:28:14.566,51925,48.86,250.0,0.0,0.0,201.13,0,0
11:28:14.662,52025,48.86,250.0,0.0,0.0,201.13,0,0
11:28:14.762,52125,48.84,250.0,0.0,0.0,201.15,0,0
11:28:14.863,52225,48.81,250.0,0.0,0.0,201.18,0,0
11:28:14.961,52325,48.79,250.0,0.0,0.0,201.2,0,0
11:28:15.065,52425,48.79,250.0,0.0,0.0,201.2,0,0
11:28:15.081,52443,48.8,250.0,0.0,0.0,201.19,0,0
11:28:15.163,52525,48.81,250.0,0.0,0.0,201.18,0,0
11:28:15.263,52625,48.82,250.0,0.0,0.0,201.17,0,0
11:28:15.363,52725,48.82,250.0,0.0,0.0,201.17,0,0
11:28:15.382,52743,48.8,250.0,0.0,0.0,201.19,0,0
11:28:15.462,52825,48.78,250.0,0.0,0.0,201.21,0,0
11:28:15.564,52925,48.78,250.0,0.0,0.0,201.21,0,0
11:28:15.582,52943,48.76,250.0,0.0,0.0,201.23,0,0
11:28:15.663,53025,48.72,250.0,0.0,0.0,201.27,0,0
11:28:15.762,53125,48.72,250.0,0.0,0.0,201.27,0,0
11:28:15.781,53143,48.76,250.0,0.0,0.0,201.23,0,0
11:28:15.864,53225,48.8,250.0,0.0,0.0,201.19,0,0
11:28:15.962,53325,48.8,250.0,0.0,0.0,201.19,0,0
11:28:15.983,53343,48.8,250.0,0.0,0.0,201.19,0,0
11:28:16.065,53425,48.81,250.0,0.0,0.0,201.18,0,0
11:28:16.165,53525,48.76,250.0,0.0,0.0,201.23,0,0
11:28:16.283,53625,48.76,250.0,0.0,0.0,201.23,0,0
11:28:16.290,53643,48.85,250.0,0.0,0.0,201.14,0,0
11:28:16.364,53725,48.93,250.0,0.0,0.0,201.06,0,0
11:28:16.460,53825,48.93,250.0,0.0,0.0,201.06,0,0
11:28:16.485,53843,49.0,250.0,0.0,0.0,200.99,0,0
11:28:16.562,53925,49.03,250.0,0.0,0.0,200.96,0,0
11:28:16.664,54025,49.03,250.0,0.0,0.0,200.96,0,0
11:28:16.686,54043,49.04,250.0,0.0,0.0,200.95,0,0
11:28:16.765,54125,49.05,250.0,0.0,0.0,200.94,0,0
11:28:16.861,54225,49.05,250.0,0.0,0.0,200.94,0,0
11:28:16.880,54243,49.03,250.0,0.0,0.0,200.96,0,0
11:28:16.960,54325,49.02,250.0,0.0,0.0,200.97,0,0
11:28:17.065,54425,49.02,250.0,0.0,0.0,200.97,0,0
11:28:17.086,54443,49.02,250.0,0.0,0.0,200.97,0,0
11:28:17.169,54525,49.08,250.0,0.0,0.0,200.91,0,0
11:28:17.267,54625,49.03,250.0,0.0,0.0,200.96,0,0
11:28:17.361,54725,49.03,250.0,0.0,0.0,200.96,0,0
11:28:17.409,54743,49.02,250.0,0.0,0.0,200.97,0,0
11:28:17.461,54825,49.0,250.0,0.0,0.0,200.99,0,0
11:28:17.564,54925,49.0,250.0,0.0,0.0,200.99,0,0
11:28:17.580,54943,49.0,250.0,0.0,0.0,200.99,0,0
11:28:17.661,55025,49.01,250.0,0.0,0.0,200.98,0,0
11:28:17.762,55125,49.0,250.0,0.0,0.0,200.99,0,0
11:28:17.863,55225,49.0,250.0,0.0,0.0,200.99,0,0
11:28:17.884,55243,49.01,250.0,0.0,0.0,200.98,0,0
11:28:17.968,55325,49.05,250.0,0.0,0.0,200.94,0,0
11:28:18.065,55425,49.05,250.0,0.0,0.0,200.94,0,0
11:28:18.085,55443,49.05,250.0,0.0,0.0,200.94,0,0
11:28:18.162,55525,49.05,250.0,0.0,0.0,200.94,0,0
11:28:18.185,55543,49.05,250.0,0.0,0.0,200.94,0,0
11:28:18.261,55625,49.05,250.0,0.0,0.0,200.94,0,0
11:28:18.282,55643,49.03,250.0,0.0,0.0,200.96,0,0
11:28:18.361,55725,49.01,250.0,0.0,0.0,200.98,0,0
11:28:18.460,55825,49.01,250.0,0.0,0.0,200.98,0,0
11:28:18.491,55843,49.05,250.0,0.0,0.0,200.94,0,0
11:28:18.560,55925,49.08,250.0,0.0,0.0,200.91,0,0
11:28:18.661,56025,49.04,250.0,0.0,0.0,200.95,0,0
11:28:18.760,56125,49.04,250.0,0.0,0.0,200.95,0,0
11:28:18.783,56143,49.07,250.0,0.0,0.0,200.92,0,0
11:28:18.863,56225,49.1,250.0,0.0,0.0,200.89,0,0
11:28:18.960,56325,49.1,250.0,0.0,0.0,200.89,0,0
11:28:18.982,56343,49.08,250.0,0.0,0.0,200.91,0,0
11:28:19.063,56425,49.06,250.0,0.0,0.0,200.93,0,0
11:28:19.162,56525,49.06,250.0,0.0,0.0,200.93,0,0
11:28:19.266,56625,49.06,250.0,0.0,0.0,200.93,0,0
11:28:19.281,56643,49.05,250.0,0.0,0.0,200.94,0,0
11:28:19.363,56725,49.03,250.0,0.0,0.0,200.96,0,0
11:28:19.462,56825,49.03,250.0,0.0,0.0,200.96,0,0
11:28:19.481,56843,49.04,250.0,0.0,0.0,200.95,0,0
11:28:19.571,56925,49.05,250.0,0.0,0.0,200.94,0,0
11:28:19.676,57025,49.05,250.0,0.0,0.0,200.94,0,0
11:28:19.683,57043,49.05,250.0,0.0,0.0,200.94,0,0
11:28:19.761,57125,49.05,250.0,0.0,0.0,200.94,0,0
11:28:19.783,57143,49.05,250.0,0.0,0.0,200.94,0,0
11:28:19.862,57225,49.06,250.0,0.0,0.0,200.93,0,0
11:28:19.962,57325,49.09,250.0,0.0,0.0,200.9,0,0
11:28:20.064,57425,49.07,250.0,0.0,0.0,200.92,0,0
11:28:20.162,57525,49.07,250.0,0.0,0.0,200.92,0,0
11:28:20.183,57543,49.07,250.0,0.0,0.0,200.92,0,0
11:28:20.265,57625,49.07,250.0,0.0,0.0,200.92,0,0
11:28:20.279,57643,49.08,250.0,0.0,0.0,200.91,0,0
11:28:20.364,57725,49.08,250.0,0.0,0.0,200.91,0,0
11:28:20.460,57825,49.08,250.0,0.0,0.0,200.91,0,0
11:28:20.482,57843,49.06,250.0,0.0,0.0,200.93,0,0
11:28:20.566,57925,49.07,250.0,0.0,0.0,200.92,0,0
11:28:20.677,58025,49.07,250.0,0.0,0.0,200.92,0,0
11:28:20.695,58043,49.1,250.0,0.0,0.0,200.89,0,0
11:28:20.765,58125,49.13,250.0,0.0,0.0,200.86,0,0
11:28:20.870,58225,49.13,250.0,0.0,0.0,200.86,0,0
11:28:20.970,58325,49.13,250.0,0.0,0.0,200.86,0,0
11:28:21.060,58425,49.15,250.0,0.0,0.0,200.84,0,0
11:28:21.161,58525,49.12,250.0,0.0,0.0,200.87,0,0
11:28:21.260,58625,49.15,250.0,0.0,0.0,200.84,0,0
11:28:21.363,58725,49.15,250.0,0.0,0.0,200.84,0,0
11:28:21.394,58743,49.07,250.0,0.0,0.0,200.92,0,0
11:28:21.461,58825,49.0,250.0,0.0,0.0,200.99,0,0
11:28:21.563,58925,49.0,250.0,0.0,0.0,200.99,0,0
11:28:21.580,58943,48.93,250.0,0.0,0.0,201.06,0,0
11:28:21.661,59025,48.88,250.0,0.0,0.0,201.11,0,0
11:28:21.761,59125,48.95,250.0,0.0,0.0,201.04,0,0
11:28:21.860,59225,48.92,250.0,0.0,0.0,201.07,0,0
11:28:21.960,59325,48.86,250.0,0.0,0.0,201.13,0,0
11:28:22.067,59425,48.86,250.0,100.0,0.0,201.13,0,1
11:28:22.162,59525,48.81,250.0,100.0,0.0,201.18,0,1
11:28:22.261,59625,48.89,250.0,100.0,0.0,201.1,0,1
11:28:22.361,59725,48.89,250.0,100.0,0.0,201.1,0,1
11:28:22.461,59825,48.81,250.0,100.0,0.0,201.18,0,1
11:28:22.561,59925,48.92,250.0,100.0,0.0,201.07,0,1
11:28:22.661,60025,48.89,250.0,100.0,0.0,201.1,0,1
11:28:22.761,60125,48.91,250.0,100.0,0.0,201.08,0,1
11:28:22.862,60225,48.88,250.0,100.0,0.0,201.11,0,1
11:28:22.961,60325,48.91,250.0,100.0,0.0,201.08,0,1
11:28:23.079,60425,48.95,250.0,100.0,0.0,201.04,0,1
11:28:23.161,60525,48.92,250.0,100.0,0.0,201.07,0,1
11:28:23.261,60625,48.94,250.0,100.0,0.0,201.05,0,1
11:28:23.360,60725,48.88,250.0,100.0,0.0,201.11,0,1
11:28:23.461,60825,48.8,250.0,100.0,0.0,201.19,0,1
11:28:23.561,60925,48.81,250.0,100.0,0.0,201.18,0,1
11:28:23.661,61025,48.79,250.0,100.0,0.0,201.2,0,1
11:28:23.761,61125,48.82,250.0,100.0,0.0,201.17,0,1
11:28:23.862,61225,48.85,250.0,100.0,0.0,201.14,0,1
11:28:23.961,61325,48.83,250.0,100.0,0.0,201.16,0,1
11:28:24.063,61425,48.86,250.0,100.0,0.0,201.13,0,1
11:28:24.162,61525,48.86,250.0,100.0,0.0,201.13,0,1
11:28:24.274,61625,48.84,250.0,100.0,0.0,201.15,0,1
11:28:24.362,61725,48.84,250.0,100.0,0.0,201.15,0,1
11:28:24.461,61825,48.82,250.0,100.0,0.0,201.17,0,1
11:28:24.563,61925,48.8,250.0,100.0,0.0,201.19,0,1
11:28:24.660,62025,48.83,250.0,100.0,0.0,201.16,0,1
11:28:24.766,62125,48.83,250.0,100.0,0.0,201.16,0,1
11:28:24.861,62225,48.84,250.0,100.0,0.0,201.15,0,1
11:28:24.961,62325,48.84,250.0,100.0,0.0,201.15,0,1
11:28:25.066,62425,48.84,250.0,100.0,0.0,201.15,0,1
11:28:25.162,62525,48.77,250.0,100.0,0.0,201.22,0,1
11:28:25.261,62625,48.73,250.0,100.0,0.0,201.26,0,1
11:28:25.363,62725,48.72,250.0,100.0,0.0,201.27,0,1
11:28:25.461,62825,48.68,250.0,100.0,0.0,201.31,0,1
11:28:25.560,62925,48.57,250.0,100.0,0.0,201.42,0,1
11:28:25.660,63025,48.58,250.0,100.0,0.0,201.41,0,1
11:28:25.762,63125,48.58,250.0,100.0,0.0,201.41,0,1
11:28:25.885,63225,48.56,250.0,100.0,0.0,201.43,0,1
11:28:25.962,63325,48.61,250.0,100.0,0.0,201.38,0,1
11:28:26.060,63425,48.56,250.0,100.0,0.0,201.43,0,1
11:28:26.163,63525,48.54,250.0,100.0,0.0,201.45,0,1
11:28:26.260,63625,48.52,250.0,100.0,0.0,201.47,0,1
11:28:26.360,63725,48.48,250.0,100.0,0.0,201.51,0,1
11:28:26.488,63825,48.47,250.0,100.0,0.0,201.52,0,1
11:28:26.559,63925,48.46,250.0,100.0,0.0,201.53,0,1
11:28:26.664,64025,48.42,250.0,100.0,0.0,201.57,0,1
11:28:26.761,64125,48.44,250.0,100.0,0.0,201.55,0,1
11:28:26.860,64225,48.49,250.0,100.0,0.0,201.5,0,1
11:28:26.961,64325,48.45,250.0,100.0,0.0,201.54,0,1
11:28:27.065,64425,48.51,250.0,100.0,0.0,201.48,0,1
11:28:27.161,64525,48.55,250.0,100.0,0.0,201.44,0,1
11:28:27.260,64625,48.51,250.0,100.0,0.0,201.48,0,1
11:28:27.360,64725,48.49,250.0,100.0,0.0,201.5,0,1
11:28:27.460,64825,48.5,250.0,100.0,0.0,201.49,0,1
11:28:27.560,64925,48.49,250.0,100.0,0.0,201.5,0,1
11:28:27.659,65025,48.48,250.0,100.0,0.0,201.51,0,1
11:28:27.768,65125,48.49,250.0,100.0,0.0,201.5,0,1
11:28:27.860,65225,48.58,250.0,100.0,0.0,201.41,0,1
11:28:27.960,65325,48.63,250.0,100.0,0.0,201.36,0,1
11:28:28.064,65425,48.63,250.0,100.0,0.0,201.36,0,1
11:28:28.191,65525,48.6,250.0,100.0,0.0,201.39,0,1
11:28:28.260,65625,48.61,250.0,100.0,0.0,201.38,0,1
11:28:28.360,65725,48.63,250.0,100.0,0.0,201.36,0,1
11:28:28.462,65825,48.63,250.0,100.0,0.0,201.36,0,1
11:28:28.560,65925,48.63,250.0,100.0,0.0,201.36,0,1
11:28:28.663,66025,48.65,250.0,100.0,0.0,201.34,0,1
11:28:28.766,66125,48.78,250.0,100.0,0.0,201.21,0,1
11:28:28.864,66225,48.81,250.0,100.0,0.0,201.18,0,1
11:28:28.966,66325,48.87,250.0,100.0,0.0,201.12,0,1
11:28:29.063,66425,48.92,250.0,100.0,0.0,201.07,0,1
11:28:29.161,66525,48.96,250.0,100.0,0.0,201.03,0,1
11:28:29.261,66625,48.98,250.0,100.0,0.0,201.01,0,1
11:28:29.360,66725,49.02,250.0,100.0,0.0,200.97,0,1
11:28:29.461,66825,49.03,250.0,100.0,0.0,200.96,0,1
11:28:29.568,66925,49.04,250.0,100.0,0.0,200.95,0,1
11:28:29.660,67025,49.12,250.0,100.0,0.0,200.87,0,1
11:28:29.762,67125,49.12,250.0,100.0,0.0,200.87,0,1
11:28:29.913,67225,49.17,250.0,100.0,0.0,200.82,0,1
11:28:29.959,67325,49.24,250.0,100.0,0.0,200.75,0,1
11:28:30.061,67425,49.28,250.0,100.0,0.0,200.71,0,1
11:28:30.185,67525,49.32,250.0,100.0,0.0,200.67,0,1
11:28:30.278,67625,49.37,250.0,100.0,0.0,200.62,0,1
11:28:30.380,67725,49.37,250.0,100.0,0.0,200.62,0,1
11:28:30.499,67825,49.4,250.0,100.0,0.0,200.59,0,1
11:28:30.580,67925,49.45,250.0,100.0,0.0,200.54,0,1
11:28:30.663,68025,49.46,250.0,100.0,0.0,200.53,0,1
11:28:30.767,68125,49.53,250.0,100.0,0.0,200.46,0,1
11:28:30.859,68225,49.54,250.0,100.0,0.0,200.45,0,1
11:28:30.961,68325,49.67,250.0,100.0,0.0,200.32,0,1
11:28:31.059,68425,49.71,250.0,100.0,0.0,200.28,0,1
11:28:31.162,68525,49.71,250.0,100.0,0.0,200.28,0,1
11:28:31.259,68625,49.8,250.0,100.0,0.0,200.19,0,1
11:28:31.359,68725,49.85,250.0,100.0,0.0,200.14,0,1
11:28:31.459,68825,49.88,250.0,100.0,0.0,200.11,0,1
11:28:31.557,68925,49.93,250.0,100.0,0.0,200.06,0,1
11:28:31.659,69025,50.02,250.0,100.0,0.0,199.97,0,1
11:28:31.759,69125,50.13,250.0,100.0,0.0,199.86,0,1
11:28:31.896,69225,50.2,250.0,100.0,0.0,199.79,0,1
11:28:31.960,69325,50.21,250.0,100.0,0.0,199.78,0,1
11:28:32.059,69425,50.23,250.0,100.0,0.0,199.76,0,1
11:28:32.183,69525,50.29,250.0,100.0,0.0,199.7,0,1
11:28:32.284,69625,50.35,250.0,100.0,0.0,199.64,0,1
11:28:32.359,69725,50.44,250.0,100.0,0.0,199.55,0,1
11:28:32.460,69825,50.53,250.0,100.0,0.0,199.46,0,1
11:28:32.559,69925,50.66,250.0,100.0,0.0,199.33,0,1
11:28:32.663,70025,50.72,250.0,100.0,0.0,199.27,0,1
11:28:32.759,70125,50.85,250.0,100.0,0.0,199.14,0,1
11:28:32.881,70225,50.95,250.0,100.0,0.0,199.04,0,1
11:28:32.958,70325,50.96,250.0,100.0,0.0,199.03,0,1
11:28:33.064,70425,51.09,250.0,100.0,0.0,198.9,0,1
11:28:33.177,70525,51.28,250.0,100.0,0.0,198.71,0,1
11:28:33.268,70625,51.37,250.0,100.0,0.0,198.62,0,1
11:28:33.364,70725,51.44,250.0,100.0,0.0,198.55,0,1
11:28:33.476,70825,51.52,250.0,100.0,0.0,198.47,0,1
11:28:33.561,70925,51.59,250.0,100.0,0.0,198.4,0,1
11:28:33.660,71025,51.68,250.0,100.0,0.0,198.31,0,1
11:28:33.759,71125,51.79,250.0,100.0,0.0,198.2,0,1
11:28:33.860,71225,51.9,250.0,100.0,0.0,198.09,0,1
11:28:33.961,71325,51.98,250.0,100.0,0.0,198.01,0,1
11:28:34.063,71425,52.06,250.0,100.0,0.0,197.93,0,1
11:28:34.161,71525,52.08,250.0,100.0,0.0,197.91,0,1
11:28:34.258,71625,52.14,250.0,100.0,0.0,197.85,0,1
11:28:34.358,71725,52.24,250.0,100.0,0.0,197.75,0,1
11:28:34.491,71825,52.36,250.0,100.0,0.0,197.63,0,1
11:28:34.560,71925,52.37,250.0,100.0,0.0,197.62,0,1
11:28:34.672,72025,52.47,250.0,100.0,0.0,197.52,0,1
11:28:34.775,72125,52.59,250.0,100.0,0.0,197.4,0,1
11:28:34.858,72225,52.62,250.0,100.0,0.0,197.37,0,1
11:28:34.957,72325,52.76,250.0,100.0,0.0,197.23,0,1
11:28:35.058,72425,52.94,250.0,100.0,0.0,197.05,0,1
11:28:35.158,72525,53.03,250.0,100.0,0.0,196.96,0,1
11:28:35.258,72625,53.08,250.0,100.0,0.0,196.91,0,1
11:28:35.357,72725,53.2,250.0,100.0,0.0,196.79,0,1
11:28:35.459,72825,53.33,250.0,100.0,0.0,196.66,0,1
11:28:35.558,72925,53.42,250.0,100.0,0.0,196.57,0,1
11:28:35.658,73025,53.49,250.0,100.0,0.0,196.5,0,1
11:28:35.759,73125,53.67,250.0,100.0,0.0,196.32,0,1
11:28:35.858,73225,53.75,250.0,100.0,0.0,196.24,0,1
11:28:35.958,73325,53.87,250.0,100.0,0.0,196.12,0,1
11:28:36.058,73425,53.97,250.0,100.0,0.0,196.02,0,1
11:28:36.164,73525,54.0,250.0,100.0,0.0,195.99,0,1
11:28:36.257,73625,54.14,250.0,100.0,0.0,195.85,0,1
11:28:36.362,73725,54.24,250.0,100.0,0.0,195.75,0,1
11:28:36.461,73825,54.32,250.0,100.0,0.0,195.67,0,1
11:28:36.559,73925,54.47,250.0,100.0,0.0,195.52,0,1
11:28:36.657,74025,54.53,250.0,100.0,0.0,195.46,0,1
11:28:36.757,74125,54.61,250.0,100.0,0.0,195.38,0,1
11:28:36.872,74225,54.75,250.0,100.0,0.0,195.24,0,1
11:28:36.959,74325,54.91,250.0,100.0,0.0,195.08,0,1
11:28:37.057,74425,55.0,250.0,100.0,0.0,194.99,0,1
11:28:37.161,74525,55.13,250.0,100.0,0.0,194.86,0,1
11:28:37.259,74625,55.26,250.0,100.0,0.0,194.73,0,1
11:28:37.362,74725,55.43,250.0,100.0,0.0,194.56,0,1
11:28:37.484,74825,55.53,250.0,100.0,0.0,194.46,0,1
11:28:37.557,74925,55.65,250.0,100.0,0.0,194.34,0,1
11:28:37.661,75025,55.78,250.0,100.0,0.0,194.21,0,1
11:28:37.759,75125,55.96,250.0,100.0,0.0,194.03,0,1
11:28:37.866,75225,56.11,250.0,100.0,0.0,193.88,0,1
11:28:37.962,75325,56.19,250.0,100.0,0.0,193.8,0,1
11:28:38.059,75425,56.37,250.0,100.0,0.0,193.62,0,1
11:28:38.162,75525,56.51,250.0,100.0,0.0,193.48,0,1
11:28:38.289,75625,56.62,250.0,100.0,0.0,193.37,0,1
11:28:38.362,75725,56.81,250.0,100.0,0.0,193.18,0,1
11:28:38.491,75825,56.87,250.0,100.0,0.0,193.12,0,1
11:28:38.576,75925,56.96,250.0,100.0,0.0,193.03,0,1
11:28:38.692,76025,57.06,250.0,100.0,0.0,192.93,0,1
11:28:38.768,76125,57.16,250.0,100.0,0.0,192.83,0,1
11:28:38.863,76225,57.32,250.0,100.0,0.0,192.67,0,1
11:28:38.990,76325,57.44,250.0,100.0,0.0,192.55,0,1
11:28:39.073,76425,57.59,250.0,100.0,0.0,192.4,0,1
11:28:39.165,76525,57.73,250.0,100.0,0.0,192.26,0,1
11:28:39.263,76625,57.9,250.0,100.0,0.0,192.09,0,1
11:28:39.357,76725,58.05,250.0,100.0,0.0,191.94,0,1
11:28:39.464,76825,58.17,250.0,100.0,0.0,191.82,0,1
11:28:39.560,76925,58.33,250.0,100.0,0.0,191.66,0,1
11:28:39.658,77025,58.43,250.0,100.0,0.0,191.56,0,1
11:28:39.768,77125,58.61,250.0,100.0,0.0,191.38,0,1
11:28:39.873,77225,58.74,250.0,100.0,0.0,191.25,0,1
11:28:39.963,77325,58.87,250.0,100.0,0.0,191.12,0,1
11:28:40.060,77425,58.97,250.0,100.0,0.0,191.02,0,1
11:28:40.170,77525,59.12,250.0,100.0,0.0,190.87,0,1
11:28:40.268,77625,59.25,250.0,100.0,0.0,190.74,0,1
11:28:40.358,77725,59.41,250.0,100.0,0.0,190.58,0,1
11:28:40.468,77825,59.55,250.0,100.0,0.0,190.44,0,1
11:28:40.565,77925,59.64,250.0,100.0,0.0,190.35,0,1
11:28:40.656,78025,59.79,250.0,100.0,0.0,190.2,0,1
11:28:40.761,78125,59.94,250.0,100.0,0.0,190.05,0,1
11:28:40.857,78225,60.07,250.0,100.0,0.0,189.92,0,1
11:28:40.974,78325,60.18,250.0,100.0,0.0,189.81,0,1
11:28:41.058,78425,60.38,250.0,100.0,0.0,189.61,0,1
11:28:41.156,78525,60.55,250.0,100.0,0.0,189.44,0,1
11:28:41.261,78625,60.7,250.0,100.0,0.0,189.29,0,1
11:28:41.357,78725,60.85,250.0,100.0,0.0,189.14,0,1
11:28:41.456,78825,60.96,250.0,100.0,0.0,189.03,0,1
11:28:41.565,78925,61.15,250.0,100.0,0.0,188.84,0,1
11:28:41.657,79025,61.28,250.0,100.0,0.0,188.71,0,1
11:28:41.758,79125,61.42,250.0,100.0,0.0,188.57,0,1
11:28:41.859,79225,61.59,250.0,100.0,0.0,188.4,0,1
11:28:41.956,79325,61.71,250.0,100.0,0.0,188.28,0,1
11:28:42.060,79425,61.85,250.0,100.0,0.0,188.14,0,1
11:28:42.157,79525,62.0,250.0,100.0,0.0,187.99,0,1
11:28:42.255,79625,62.15,250.0,100.0,0.0,187.84,0,1
11:28:42.356,79725,62.29,250.0,100.0,0.0,187.7,0,1
11:28:42.456,79825,62.47,250.0,100.0,0.0,187.52,0,1
11:28:42.585,79925,62.62,250.0,100.0,0.0,187.37,0,1
11:28:42.664,80025,62.77,250.0,100.0,0.0,187.22,0,1
11:28:42.781,80125,62.92,250.0,100.0,0.0,187.07,0,1
11:28:42.864,80225,63.05,250.0,100.0,0.0,186.94,0,1
11:28:42.955,80325,63.23,250.0,100.0,0.0,186.76,0,1
11:28:43.056,80425,63.43,250.0,100.0,0.0,186.56,0,1
11:28:43.155,80525,63.59,250.0,100.0,0.0,186.4,0,1
11:28:43.259,80625,63.73,250.0,100.0,0.0,186.26,0,1
11:28:43.378,80725,63.88,250.0,100.0,0.0,186.11,0,1
11:28:43.464,80825,64.1,250.0,100.0,0.0,185.89,0,1
11:28:43.559,80925,64.26,250.0,100.0,0.0,185.73,0,1
11:28:43.657,81025,64.39,250.0,100.0,0.0,185.6,0,1
11:28:43.757,81125,64.53,250.0,100.0,0.0,185.46,0,1
11:28:43.856,81225,64.71,250.0,100.0,0.0,185.28,0,1
11:28:43.956,81325,64.89,250.0,100.0,0.0,185.1,0,1
11:28:44.055,81425,64.98,250.0,100.0,0.0,185.01,0,1
11:28:44.155,81525,65.16,250.0,100.0,0.0,184.83,0,1
11:28:44.316,81625,65.33,250.0,100.0,0.0,184.66,0,1
11:28:44.371,81725,65.5,250.0,100.0,0.0,184.49,0,1
11:28:44.462,81825,65.66,250.0,100.0,0.0,184.33,0,1
11:28:44.556,81925,65.83,250.0,100.0,0.0,184.16,0,1
11:28:44.657,82025,66.03,250.0,100.0,0.0,183.96,0,1
11:28:44.757,82125,66.18,250.0,100.0,0.0,183.81,0,1
11:28:44.855,82225,66.32,250.0,100.0,0.0,183.67,0,1
11:28:44.960,82325,66.49,250.0,100.0,0.0,183.5,0,1
11:28:45.057,82425,66.65,250.0,100.0,0.0,183.34,0,1
11:28:45.176,82525,66.81,250.0,100.0,0.0,183.18,0,1
11:28:45.262,82625,66.98,250.0,100.0,0.0,183.01,0,1
11:28:45.364,82725,67.1,250.0,100.0,0.0,182.89,0,1
11:28:45.457,82825,67.21,250.0,100.0,0.0,182.78,0,1
11:28:45.557,82925,67.4,250.0,100.0,0.0,182.59,0,1
11:28:45.656,83025,67.57,250.0,100.0,0.0,182.42,0,1
11:28:45.758,83125,67.71,250.0,100.0,0.0,182.28,0,1
11:28:45.856,83225,67.86,250.0,100.0,0.0,182.13,0,1
11:28:45.991,83325,68.06,250.0,100.0,0.0,181.93,0,1
11:28:46.115,83425,68.22,250.0,100.0,0.0,181.77,0,1
11:28:46.172,83525,68.35,250.0,100.0,0.0,181.64,0,1
11:28:46.274,83625,68.54,250.0,100.0,0.0,181.45,0,1
11:28:46.371,83725,68.7,250.0,100.0,0.0,181.29,0,1
11:28:46.456,83825,68.9,250.0,100.0,0.0,181.09,0,1
11:28:46.556,83925,69.09,250.0,100.0,0.0,180.9,0,1
11:28:46.655,84025,69.3,250.0,100.0,0.0,180.69,0,1
11:28:46.758,84125,69.49,250.0,100.0,0.0,180.5,0,1
11:28:46.856,84225,69.62,250.0,100.0,0.0,180.37,0,1
11:28:46.955,84325,69.8,250.0,100.0,0.0,180.19,0,1
11:28:47.102,84425,69.99,250.0,100.0,0.0,180.0,0,1
11:28:47.169,84525,70.17,250.0,100.0,0.0,179.82,0,1
11:28:47.279,84625,70.36,250.0,100.0,0.0,179.63,0,1
11:28:47.371,84725,70.56,250.0,100.0,0.0,179.43,0,1
11:28:47.456,84825,70.72,250.0,100.0,0.0,179.27,0,1
11:28:47.557,84925,70.95,250.0,100.0,0.0,179.04,0,1
11:28:47.660,85025,71.13,250.0,100.0,0.0,178.86,0,1
11:28:47.773,85125,71.27,250.0,100.0,0.0,178.72,0,1
11:28:47.866,85225,71.43,250.0,100.0,0.0,178.56,0,1
11:28:47.982,85325,71.59,250.0,100.0,0.0,178.4,0,1
11:28:48.086,85425,71.77,250.0,100.0,0.0,178.22,0,1
11:28:48.160,85525,71.93,250.0,100.0,0.0,178.06,0,1
11:28:48.281,85625,72.12,250.0,100.0,0.0,177.87,0,1
11:28:48.415,85725,72.31,250.0,100.0,0.0,177.68,0,1
11:28:48.502,85825,72.5,250.0,100.0,0.0,177.49,0,1
11:28:48.595,85925,72.71,250.0,100.0,0.0,177.28,0,1
11:28:48.667,86025,72.87,250.0,100.0,0.0,177.12,0,1
11:28:48.755,86125,73.06,250.0,100.0,0.0,176.93,0,1
11:28:48.855,86225,73.24,250.0,100.0,0.0,176.75,0,1
11:28:48.955,86325,73.39,250.0,100.0,0.0,176.6,0,1
11:28:49.059,86425,73.55,250.0,100.0,0.0,176.44,0,1
11:28:49.154,86525,73.73,250.0,100.0,0.0,176.26,0,1
11:28:49.256,86625,73.89,250.0,100.0,0.0,176.1,0,1
11:28:49.401,86725,74.05,250.0,100.0,0.0,175.94,0,1
11:28:49.463,86825,74.22,250.0,100.0,0.0,175.77,0,1
11:28:49.575,86925,74.41,250.0,100.0,0.0,175.58,0,1
11:28:49.657,87025,74.56,250.0,100.0,0.0,175.43,0,1
11:28:49.754,87125,74.78,250.0,100.0,0.0,175.21,0,1
11:28:49.855,87225,74.97,250.0,100.0,0.0,175.02,0,1
11:28:49.955,87325,75.15,250.0,100.0,0.0,174.84,0,1
11:28:50.057,87425,75.3,250.0,100.0,0.0,174.69,0,1
11:28:50.155,87525,75.49,250.0,100.0,0.0,174.5,0,1
11:28:50.301,87625,75.66,250.0,100.0,0.0,174.33,0,1
11:28:50.380,87725,75.82,250.0,100.0,0.0,174.17,0,1
11:28:50.476,87825,75.97,250.0,100.0,0.0,174.02,0,1
11:28:50.568,87925,76.16,250.0,100.0,0.0,173.83,0,1
11:28:50.676,88025,76.31,250.0,100.0,0.0,173.68,0,1
11:28:50.754,88125,76.45,250.0,100.0,0.0,173.54,0,1
11:28:50.856,88225,76.65,250.0,100.0,0.0,173.34,0,1
11:28:50.954,88325,76.86,250.0,100.0,0.0,173.13,0,1
11:28:51.056,88425,77.04,250.0,100.0,0.0,172.95,0,1
11:28:51.154,88525,77.21,250.0,100.0,0.0,172.78,0,1
11:28:51.255,88625,77.42,250.0,100.0,0.0,172.57,0,1
11:28:51.377,88725,77.61,250.0,100.0,0.0,172.38,0,1
11:28:51.456,88825,77.77,250.0,100.0,0.0,172.22,0,1
11:28:51.560,88925,77.96,250.0,100.0,0.0,172.03,0,1
11:28:51.655,89025,78.17,250.0,100.0,0.0,171.82,0,1
11:28:51.755,89125,78.38,250.0,100.0,0.0,171.61,0,1
11:28:51.855,89225,78.6,250.0,100.0,0.0,171.39,0,1
11:28:51.955,89325,78.75,250.0,100.0,0.0,171.24,0,1
11:28:52.054,89425,78.93,250.0,100.0,0.0,171.06,0,1
11:28:52.153,89525,79.1,250.0,100.0,0.0,170.89,0,1
11:28:52.271,89625,79.26,250.0,100.0,0.0,170.73,0,1
11:28:52.371,89725,79.46,250.0,100.0,0.0,170.53,0,1
11:28:52.467,89825,79.64,250.0,100.0,0.0,170.35,0,1
11:28:52.564,89925,79.79,250.0,100.0,0.0,170.2,0,1
11:28:52.653,90025,79.99,250.0,100.0,0.0,170.0,0,1
11:28:52.754,90125,80.18,250.0,100.0,0.0,169.81,0,1
11:28:52.857,90225,80.35,250.0,100.0,0.0,169.64,0,1
11:28:52.954,90325,80.55,250.0,100.0,0.0,169.44,0,1
11:28:53.059,90425,80.7,250.0,100.0,0.0,169.29,0,1
11:28:53.154,90525,80.88,250.0,100.0,0.0,169.11,0,1
11:28:53.272,90625,81.09,250.0,100.0,0.0,168.9,0,1
11:28:53.356,90725,81.26,250.0,100.0,0.0,168.73,0,1
11:28:53.459,90825,81.42,250.0,100.0,0.0,168.57,0,1
11:28:53.556,90925,81.58,250.0,100.0,0.0,168.41,0,1
11:28:53.655,91025,81.75,250.0,100.0,0.0,168.24,0,1
11:28:53.755,91125,81.93,250.0,100.0,0.0,168.06,0,1
11:28:53.857,91225,82.1,250.0,100.0,0.0,167.89,0,1
11:28:53.953,91325,82.31,250.0,100.0,0.0,167.68,0,1
11:28:54.078,91425,82.49,250.0,100.0,0.0,167.5,0,1
11:28:54.176,91525,82.67,250.0,100.0,0.0,167.32,0,1
11:28:54.259,91625,82.84,250.0,100.0,0.0,167.15,0,1
11:28:54.364,91725,83.04,250.0,100.0,0.0,166.95,0,1
11:28:54.462,91825,83.23,250.0,100.0,0.0,166.76,0,1
11:28:54.559,91925,83.41,250.0,100.0,0.0,166.58,0,1
11:28:54.654,92025,83.61,250.0,100.0,0.0,166.38,0,1
11:28:54.753,92125,83.78,250.0,100.0,0.0,166.21,0,1
11:28:54.854,92225,83.95,250.0,100.0,0.0,166.04,0,1
11:28:54.953,92325,84.12,250.0,100.0,0.0,165.87,0,1
11:28:55.056,92425,84.3,250.0,100.0,0.0,165.69,0,1
11:28:55.171,92525,84.5,250.0,100.0,0.0,165.49,0,1
11:28:55.274,92625,84.7,250.0,100.0,0.0,165.29,0,1
11:28:55.359,92725,84.86,250.0,100.0,0.0,165.13,0,1
11:28:55.474,92825,85.05,250.0,100.0,0.0,164.94,0,1
11:28:55.554,92925,85.24,250.0,100.0,0.0,164.75,0,1
11:28:55.656,93025,85.42,250.0,100.0,0.0,164.57,0,1
11:28:55.753,93125,85.6,250.0,100.0,0.0,164.39,0,1
11:28:55.856,93225,85.79,250.0,100.0,0.0,164.2,0,1
11:28:55.953,93325,85.98,250.0,100.0,0.0,164.01,0,1
11:28:56.052,93425,86.15,250.0,100.0,0.0,163.84,0,1
11:28:56.168,93525,86.33,250.0,100.0,0.0,163.66,0,1
11:28:56.276,93625,86.5,250.0,100.0,0.0,163.49,0,1
11:28:56.357,93725,86.68,250.0,100.0,0.0,163.31,0,1
11:28:56.454,93825,86.86,250.0,100.0,0.0,163.13,0,1
11:28:56.554,93925,87.04,250.0,100.0,0.0,162.95,0,1
11:28:56.653,94025,87.24,250.0,100.0,0.0,162.75,0,1
11:28:56.753,94125,87.41,250.0,100.0,0.0,162.58,0,1
11:28:56.858,94225,87.6,250.0,100.0,0.0,162.39,0,1
11:28:56.953,94325,87.79,250.0,100.0,0.0,162.2,0,1
11:28:57.071,94425,87.97,250.0,100.0,0.0,162.02,0,1
11:28:57.153,94525,88.15,250.0,100.0,0.0,161.84,0,1
11:28:57.260,94625,88.29,250.0,100.0,0.0,161.7,0,1
11:28:57.362,94725,88.48,250.0,100.0,0.0,161.51,0,1
11:28:57.453,94825,88.66,250.0,100.0,0.0,161.33,0,1
11:28:57.552,94925,88.84,250.0,100.0,0.0,161.15,0,1
11:28:57.655,95025,89.02,250.0,100.0,0.0,160.97,0,1
11:28:57.753,95125,89.18,250.0,100.0,0.0,160.81,0,1
11:28:57.855,95225,89.38,250.0,100.0,0.0,160.61,0,1
11:28:57.952,95325,89.57,250.0,100.0,0.0,160.42,0,1
11:28:58.065,95425,89.76,250.0,100.0,0.0,160.23,0,1
11:28:58.163,95525,89.96,250.0,100.0,0.0,160.03,0,1
11:28:58.265,95625,90.15,250.0,100.0,0.0,159.84,0,1
11:28:58.352,95725,90.33,250.0,100.0,0.0,159.66,0,1
11:28:58.452,95825,90.49,250.0,100.0,0.0,159.5,0,1
11:28:58.552,95925,90.69,250.0,100.0,0.0,159.3,0,1
11:28:58.655,96025,90.87,250.0,100.0,0.0,159.12,0,1
11:28:58.752,96125,91.05,250.0,100.0,0.0,158.94,0,1
11:28:58.871,96225,91.24,250.0,100.0,0.0,158.75,0,1
11:28:58.958,96325,91.42,250.0,100.0,0.0,158.57,0,1
11:28:59.053,96425,91.62,250.0,100.0,0.0,158.37,0,1
11:28:59.153,96525,91.83,250.0,100.0,0.0,158.16,0,1
11:28:59.253,96625,92.02,250.0,100.0,0.0,157.97,0,1
11:28:59.354,96725,92.18,250.0,100.0,0.0,157.81,0,1
11:28:59.450,96825,92.33,250.0,100.0,0.0,157.66,0,1
11:28:59.553,96925,92.53,250.0,100.0,0.0,157.46,0,1
11:28:59.655,97025,92.7,250.0,100.0,0.0,157.29,0,1
11:28:59.767,97125,92.87,250.0,100.0,0.0,157.12,0,1
11:28:59.855,97225,93.07,250.0,100.0,0.0,156.92,0,1
11:28:59.966,97325,93.27,250.0,100.0,0.0,156.72,0,1
11:29:00.053,97425,93.46,250.0,100.0,0.0,156.53,0,1
11:29:00.153,97525,93.63,250.0,100.0,0.0,156.36,0,1
11:29:00.251,97625,93.83,250.0,100.0,0.0,156.16,0,1
11:29:00.353,97725,94.02,250.0,100.0,0.0,155.97,0,1
11:29:00.452,97825,94.18,250.0,100.0,0.0,155.81,0,1
11:29:00.552,97925,94.35,250.0,100.0,0.0,155.64,0,1
11:29:00.716,98025,94.56,250.0,100.0,0.0,155.43,0,1
11:29:00.764,98125,94.73,250.0,100.0,0.0,155.26,0,1
11:29:00.855,98225,94.94,250.0,100.0,0.0,155.05,0,1
11:29:00.959,98325,95.09,250.0,100.0,0.0,154.9,0,1
11:29:01.052,98425,95.27,250.0,100.0,0.0,154.72,0,1
11:29:01.154,98525,95.45,250.0,100.0,0.0,154.54,0,1
11:29:01.252,98625,95.63,250.0,100.0,0.0,154.36,0,1
11:29:01.353,98725,95.81,250.0,100.0,0.0,154.18,0,1
11:29:01.455,98825,95.98,250.0,100.0,0.0,154.01,0,1
11:29:01.573,98925,96.15,250.0,100.0,0.0,153.84,0,1
11:29:01.669,99025,96.33,250.0,100.0,0.0,153.66,0,1
11:29:01.754,99125,96.52,250.0,100.0,0.0,153.47,0,1
11:29:01.854,99225,96.7,250.0,100.0,0.0,153.29,0,1
11:29:01.952,99325,96.87,250.0,100.0,0.0,153.12,0,1
11:29:02.052,99425,97.05,250.0,100.0,0.0,152.94,0,1
11:29:02.153,99525,97.24,250.0,100.0,0.0,152.75,0,1
11:29:02.252,99625,97.41,250.0,100.0,0.0,152.58,0,1
11:29:02.351,99725,97.61,250.0,100.0,0.0,152.38,0,1
11:29:02.455,99825,97.79,250.0,100.0,0.0,152.2,0,1
11:29:02.562,99925,97.97,250.0,100.0,0.0,152.02,0,1
11:29:02.654,100025,98.13,250.0,100.0,0.0,151.86,0,1
11:29:02.750,100125,98.31,250.0,100.0,0.0,151.68,0,1
11:29:02.858,100225,98.48,250.0,100.0,0.0,151.51,0,1
11:29:02.953,100325,98.64,250.0,100.0,0.0,151.35,0,1
11:29:03.052,100425,98.82,250.0,100.0,0.0,151.17,0,1
11:29:03.154,100525,99.0,250.0,100.0,0.0,150.99,0,1
11:29:03.260,100625,99.19,250.0,100.0,0.0,150.8,0,1
11:29:03.363,100725,99.37,250.0,100.0,0.0,150.62,0,1
11:29:03.455,100825,99.53,250.0,100.0,0.0,150.46,0,1
11:29:03.552,100925,99.73,250.0,100.0,0.0,150.26,0,1
11:29:03.651,101025,99.9,250.0,100.0,0.0,150.09,0,1
11:29:03.759,101125,100.08,250.0,100.0,0.0,149.91,0,5
11:29:03.851,101225,100.28,250.0,100.0,0.0,149.71,0,5
11:29:03.950,101325,100.46,250.0,100.0,0.0,149.53,0,5
11:29:04.052,101425,100.65,250.0,100.0,0.0,149.34,0,5
11:29:04.151,101525,100.83,250.0,100.0,0.0,149.16,0,5
11:29:04.285,101625,101.01,250.0,100.0,0.0,148.98,0,5
11:29:04.355,101725,101.2,250.0,100.0,0.0,148.79,0,5
11:29:04.455,101825,101.39,250.0,100.0,0.0,148.6,0,5
11:29:04.551,101925,101.59,250.0,100.0,0.0,148.4,0,5
11:29:04.650,102025,101.78,250.0,100.0,0.0,148.21,0,5
11:29:04.751,102125,101.96,250.0,100.0,0.0,148.03,0,5
11:29:04.856,102225,102.15,250.0,100.0,0.0,147.84,0,5
11:29:04.957,102325,102.36,250.0,100.0,0.0,147.63,0,5
11:29:05.057,102425,102.52,250.0,100.0,0.0,147.47,0,5
11:29:05.156,102525,102.68,250.0,100.0,0.0,147.31,0,5
11:29:05.252,102625,102.68,250.0,100.0,0.0,147.31,0,5
11:29:05.274,102646,102.68,250.0,100.0,0.0,147.31,0,5
11:29:05.365,102725,102.68,250.0,100.0,0.0,147.31,0,5
11:29:05.384,102746,102.68,250.0,100.0,0.0,147.31,0,5
11:29:05.459,102825,102.68,250.0,100.0,0.0,147.31,0,5
11:29:05.475,102846,102.93,250.0,100.0,0.0,147.06,0,5
11:29:05.552,102925,103.15,250.0,100.0,0.0,146.84,0,5
11:29:05.662,103025,103.37,250.0,100.0,0.0,146.62,0,5
11:29:05.750,103125,103.57,250.0,100.0,0.0,146.42,0,5
11:29:05.853,103225,103.76,250.0,100.0,0.0,146.23,0,5
11:29:05.952,103325,103.96,250.0,100.0,0.0,146.03,0,5
11:29:06.051,103425,104.15,250.0,100.0,0.0,145.84,0,5
11:29:06.154,103525,104.35,250.0,100.0,0.0,145.64,0,5
11:29:06.253,103625,104.52,250.0,100.0,0.0,145.47,0,5
11:29:06.354,103725,104.72,250.0,100.0,0.0,145.27,0,5
11:29:06.452,103825,104.91,250.0,100.0,0.0,145.08,0,5
11:29:06.570,103925,105.09,250.0,100.0,0.0,144.9,0,5
11:29:06.652,104025,105.28,250.0,100.0,0.0,144.71,0,5
11:29:06.751,104125,105.48,250.0,100.0,0.0,144.51,0,5
11:29:06.852,104225,105.65,250.0,100.0,0.0,144.34,0,5
11:29:06.953,104325,105.83,250.0,100.0,0.0,144.16,0,5
11:29:07.051,104425,106.03,250.0,100.0,0.0,143.96,0,5
11:29:07.150,104525,106.2,250.0,100.0,0.0,143.79,0,5
11:29:07.266,104625,106.38,250.0,100.0,0.0,143.61,0,5
11:29:07.360,104725,106.56,250.0,100.0,0.0,143.43,0,5
11:29:07.459,104825,106.75,250.0,100.0,0.0,143.24,0,5
11:29:07.550,104925,106.93,250.0,100.0,0.0,143.06,0,5
11:29:07.649,105025,107.12,250.0,100.0,0.0,142.87,0,5
11:29:07.752,105125,107.32,250.0,100.0,0.0,142.67,0,5
11:29:07.850,105225,107.5,250.0,100.0,0.0,142.49,0,5
11:29:07.954,105325,107.68,250.0,100.0,0.0,142.31,0,5
11:29:08.091,105425,107.68,250.0,100.0,0.0,142.31,0,5
11:29:08.112,105446,107.89,250.0,100.0,0.0,142.1,0,5
11:29:08.151,105525,108.07,250.0,100.0,0.0,141.92,0,5
11:29:08.254,105625,108.25,250.0,100.0,0.0,141.74,0,5
11:29:08.350,105725,108.43,250.0,100.0,0.0,141.56,0,5
11:29:08.450,105825,108.62,250.0,100.0,0.0,141.37,0,5
11:29:08.549,105925,108.8,250.0,100.0,0.0,141.19,0,5
11:29:08.650,106025,108.97,250.0,100.0,0.0,141.02,0,5
11:29:08.749,106125,109.15,250.0,100.0,0.0,140.84,0,5
11:29:08.850,106225,109.33,250.0,100.0,0.0,140.66,0,5
11:29:08.955,106325,109.5,250.0,100.0,0.0,140.49,0,5
11:29:09.066,106425,109.67,250.0,100.0,0.0,140.32,0,5
11:29:09.162,106525,109.67,250.0,100.0,0.0,140.32,0,5
11:29:09.184,106546,109.86,250.0,100.0,0.0,140.13,0,5
11:29:09.260,106625,110.03,250.0,100.0,0.0,139.96,0,5
11:29:09.349,106725,110.21,250.0,100.0,0.0,139.78,0,5
11:29:09.455,106825,110.39,250.0,100.0,0.0,139.6,0,5
11:29:09.556,106925,110.39,250.0,100.0,0.0,139.6,0,5
11:29:09.572,106946,110.39,250.0,100.0,0.0,139.6,0,5
11:29:09.651,107025,110.39,250.0,100.0,0.0,139.6,0,5
11:29:09.676,107046,110.61,250.0,100.0,0.0,139.38,0,5
11:29:09.762,107125,110.82,250.0,100.0,0.0,139.17,0,5
11:29:09.852,107225,111.02,250.0,100.0,0.0,138.97,0,5
11:29:09.953,107325,111.2,250.0,100.0,0.0,138.79,0,5
11:29:10.066,107425,111.37,250.0,100.0,0.0,138.62,0,5
11:29:10.168,107525,111.57,250.0,100.0,0.0,138.42,0,5
11:29:10.252,107625,111.75,250.0,100.0,0.0,138.24,0,5
11:29:10.363,107725,111.93,250.0,100.0,0.0,138.06,0,5
11:29:10.454,107825,112.11,250.0,100.0,0.0,137.88,0,5
11:29:10.557,107925,112.28,250.0,100.0,0.0,137.71,0,5
11:29:10.650,108025,112.46,250.0,100.0,0.0,137.53,0,5
11:29:10.752,108125,112.65,250.0,100.0,0.0,137.34,0,5
11:29:10.850,108225,112.82,250.0,100.0,0.0,137.17,0,5
11:29:10.955,108325,112.99,250.0,100.0,0.0,137.0,0,5
11:29:11.050,108425,113.17,250.0,100.0,0.0,136.82,0,5
11:29:11.154,108525,113.34,250.0,100.0,0.0,136.65,0,5
11:29:11.253,108625,113.51,250.0,100.0,0.0,136.48,0,5
11:29:11.363,108725,113.69,250.0,100.0,0.0,136.3,0,5
11:29:11.452,108825,113.85,250.0,100.0,0.0,136.14,0,5
11:29:11.549,108925,114.01,250.0,100.0,0.0,135.98,0,5
11:29:11.649,109025,114.19,250.0,100.0,0.0,135.8,0,5
11:29:11.749,109125,114.38,250.0,100.0,0.0,135.61,0,5
11:29:11.850,109225,114.56,250.0,100.0,0.0,135.43,0,5
11:29:11.949,109325,114.72,250.0,100.0,0.0,135.27,0,5
11:29:12.051,109425,114.9,250.0,100.0,0.0,135.09,0,5
11:29:12.176,109525,115.07,250.0,100.0,0.0,134.92,0,5
11:29:12.257,109625,115.07,250.0,100.0,0.0,134.92,0,5
11:29:12.280,109646,115.28,250.0,100.0,0.0,134.71,0,5
11:29:12.350,109725,115.46,250.0,100.0,0.0,134.53,0,5
11:29:12.452,109825,115.63,250.0,100.0,0.0,134.36,0,5
11:29:12.549,109925,115.82,250.0,100.0,0.0,134.17,0,5
11:29:12.650,110025,116.01,250.0,100.0,0.0,133.98,0,5
11:29:12.749,110125,116.19,250.0,100.0,0.0,133.8,0,5
11:29:12.850,110225,116.36,250.0,100.0,0.0,133.63,0,5
11:29:12.949,110325,116.53,250.0,100.0,0.0,133.46,0,5
11:29:13.099,110425,116.71,250.0,100.0,0.0,133.28,0,5
11:29:13.160,110525,116.86,250.0,100.0,0.0,133.13,0,5
11:29:13.267,110625,117.02,250.0,100.0,0.0,132.97,0,5
11:29:13.350,110725,117.19,250.0,100.0,0.0,132.8,0,5
11:29:13.449,110825,117.35,250.0,100.0,0.0,132.64,0,5
11:29:13.549,110925,117.51,250.0,100.0,0.0,132.48,0,5
11:29:13.649,111025,117.68,250.0,100.0,0.0,132.31,0,5
11:29:13.751,111125,117.86,250.0,100.0,0.0,132.13,0,5
11:29:13.849,111225,118.04,250.0,100.0,0.0,131.95,0,5
11:29:14.004,111325,118.21,250.0,100.0,0.0,131.78,0,5
11:29:14.051,111425,118.39,250.0,100.0,0.0,131.6,0,5
11:29:14.157,111525,118.55,250.0,100.0,0.0,131.44,0,5
11:29:14.250,111625,118.73,250.0,100.0,0.0,131.26,0,5
11:29:14.356,111725,118.9,250.0,100.0,0.0,131.09,0,5
11:29:14.454,111825,119.07,250.0,100.0,0.0,130.92,0,5
11:29:14.549,111925,119.25,250.0,100.0,0.0,130.74,0,5
11:29:14.664,112025,119.42,250.0,100.0,0.0,130.57,0,5
11:29:14.756,112125,119.59,250.0,100.0,0.0,130.4,0,5
11:29:14.850,112225,119.75,250.0,100.0,0.0,130.24,0,5
11:29:15.003,112325,119.93,250.0,100.0,0.0,130.06,0,5
11:29:15.052,112425,120.11,250.0,100.0,0.0,129.88,0,5
11:29:15.154,112525,120.29,250.0,100.0,0.0,129.7,0,5
11:29:15.249,112625,120.46,250.0,100.0,0.0,129.53,0,5
11:29:15.348,112725,120.62,250.0,100.0,0.0,129.37,0,5
11:29:15.447,112825,120.8,250.0,100.0,0.0,129.19,0,5
11:29:15.549,112925,120.98,250.0,100.0,0.0,129.01,0,5
11:29:15.649,113025,121.14,250.0,100.0,0.0,128.85,0,5
11:29:15.750,113125,121.3,250.0,100.0,0.0,128.69,0,5
11:29:15.857,113225,121.47,250.0,100.0,0.0,128.52,0,5
11:29:15.953,113325,121.64,250.0,100.0,0.0,128.35,0,5
11:29:16.048,113425,121.8,250.0,100.0,0.0,128.19,0,5
11:29:16.149,113525,121.98,250.0,100.0,0.0,128.01,0,5
11:29:16.251,113625,122.16,250.0,100.0,0.0,127.83,0,5
11:29:16.349,113725,122.34,250.0,100.0,0.0,127.65,0,5
11:29:16.448,113825,122.5,250.0,100.0,0.0,127.49,0,5
11:29:16.557,113925,122.68,250.0,100.0,0.0,127.31,0,5
11:29:16.650,114025,122.84,250.0,100.0,0.0,127.15,0,5
11:29:16.753,114125,123.02,250.0,100.0,0.0,126.97,0,5
11:29:16.847,114225,123.18,250.0,100.0,0.0,126.81,0,5
11:29:16.952,114325,123.35,250.0,100.0,0.0,126.64,0,5
11:29:17.057,114425,123.53,250.0,100.0,0.0,126.46,0,5
11:29:17.148,114525,123.7,250.0,100.0,0.0,126.29,0,5
11:29:17.248,114625,123.87,250.0,100.0,0.0,126.12,0,5
11:29:17.356,114725,124.04,250.0,100.0,0.0,125.95,0,5
11:29:17.523,114825,124.21,250.0,100.0,0.0,125.78,0,5
11:29:17.571,114925,124.37,250.0,100.0,0.0,125.62,0,5
11:29:17.696,115025,124.52,250.0,100.0,0.0,125.47,0,5
11:29:17.755,115125,124.69,250.0,100.0,0.0,125.3,0,5
11:29:17.848,115225,124.85,250.0,100.0,0.0,125.14,0,5
11:29:17.952,115325,125.03,250.0,100.0,0.0,124.96,0,5
11:29:18.049,115425,125.17,250.0,100.0,0.0,124.82,0,5
11:29:18.153,115525,125.34,250.0,100.0,0.0,124.65,0,5
11:29:18.250,115625,125.51,250.0,100.0,0.0,124.48,0,5
11:29:18.369,115725,125.67,250.0,100.0,0.0,124.32,0,5
11:29:18.462,115825,125.84,250.0,100.0,0.0,124.15,0,5
11:29:18.548,115925,126.0,250.0,100.0,0.0,123.99,0,5
11:29:18.649,116025,126.16,250.0,100.0,0.0,123.83,0,5
11:29:18.753,116125,126.33,250.0,100.0,0.0,123.66,0,5
11:29:18.848,116225,126.49,250.0,100.0,0.0,123.5,0,5
11:29:18.947,116325,126.65,250.0,100.0,0.0,123.34,0,5
11:29:19.049,116425,126.82,250.0,100.0,0.0,123.17,0,5
11:29:19.150,116525,126.97,250.0,100.0,0.0,123.02,0,5
11:29:19.269,116625,127.13,250.0,100.0,0.0,122.86,0,5
11:29:19.347,116725,127.3,250.0,100.0,0.0,122.69,0,5
11:29:19.446,116825,127.47,250.0,100.0,0.0,122.52,0,5
11:29:19.547,116925,127.62,250.0,100.0,0.0,122.37,0,5
11:29:19.647,117025,127.78,250.0,100.0,0.0,122.21,0,5
11:29:19.747,117125,127.94,250.0,100.0,0.0,122.05,0,5
11:29:19.849,117225,128.1,250.0,100.0,0.0,121.89,0,5
11:29:19.955,117325,128.25,250.0,100.0,0.0,121.74,0,5
11:29:20.054,117425,128.41,250.0,100.0,0.0,121.58,0,5
11:29:20.147,117525,128.58,250.0,100.0,0.0,121.41,0,5
11:29:20.247,117625,128.58,250.0,100.0,0.0,121.41,0,5
11:29:20.271,117646,128.75,250.0,100.0,0.0,121.24,0,5
11:29:20.347,117725,128.91,250.0,100.0,0.0,121.08,0,5
11:29:20.447,117825,129.07,250.0,100.0,0.0,120.92,0,5
11:29:20.548,117925,129.24,250.0,100.0,0.0,120.75,0,5
11:29:20.727,118025,129.39,250.0,100.0,0.0,120.6,0,5
11:29:20.765,118125,129.54,250.0,100.0,0.0,120.45,0,5
11:29:20.856,118225,129.71,250.0,100.0,0.0,120.28,0,5
11:29:20.947,118325,129.88,250.0,100.0,0.0,120.11,0,5
11:29:21.049,118425,130.04,250.0,100.0,0.0,119.95,0,5
11:29:21.148,118525,130.21,250.0,100.0,0.0,119.78,0,5
11:29:21.246,118625,130.38,250.0,100.0,0.0,119.61,0,5
11:29:21.348,118725,130.55,250.0,100.0,0.0,119.44,0,5
11:29:21.370,118746,130.72,250.0,100.0,0.0,119.27,0,5
11:29:21.447,118825,130.87,250.0,100.0,0.0,119.12,0,5
11:29:21.549,118925,131.03,250.0,100.0,0.0,118.96,0,5
11:29:21.653,119025,131.18,250.0,100.0,0.0,118.81,0,5
11:29:21.746,119125,131.32,250.0,100.0,0.0,118.67,0,5
11:29:21.847,119225,131.47,250.0,100.0,0.0,118.52,0,5
11:29:21.947,119325,131.62,250.0,100.0,0.0,118.37,0,5
11:29:22.050,119425,131.78,250.0,100.0,0.0,118.21,0,5
11:29:22.147,119525,131.93,250.0,100.0,0.0,118.06,0,5
11:29:22.276,119625,132.08,250.0,100.0,0.0,117.91,0,5
11:29:22.365,119725,132.25,250.0,100.0,0.0,117.74,0,5
11:29:22.451,119825,132.4,250.0,100.0,0.0,117.59,0,5
11:29:22.548,119925,132.57,250.0,100.0,0.0,117.42,0,5
11:29:22.649,120025,132.71,250.0,100.0,0.0,117.28,0,5
11:29:22.747,120125,132.87,250.0,100.0,0.0,117.12,0,5
11:29:22.855,120225,133.02,250.0,100.0,0.0,116.97,0,5
11:29:22.946,120325,133.18,250.0,100.0,0.0,116.81,0,5
11:29:23.049,120425,133.35,250.0,100.0,0.0,116.64,0,5
11:29:23.163,120525,133.52,250.0,100.0,0.0,116.47,0,5
11:29:23.247,120625,133.68,250.0,100.0,0.0,116.31,0,5
11:29:23.347,120725,133.85,250.0,100.0,0.0,116.14,0,5
11:29:23.446,120825,134.01,250.0,100.0,0.0,115.98,0,5
11:29:23.554,120925,134.17,250.0,100.0,0.0,115.82,0,5
11:29:23.652,121025,134.32,250.0,100.0,0.0,115.67,0,5
11:29:23.754,121125,134.49,250.0,100.0,0.0,115.5,0,5
11:29:23.857,121225,134.65,250.0,100.0,0.0,115.34,0,5
11:29:23.961,121325,134.81,250.0,100.0,0.0,115.18,0,5
11:29:24.063,121425,134.97,250.0,100.0,0.0,115.02,0,5
11:29:24.157,121525,135.14,250.0,100.0,0.0,114.85,0,5
11:29:24.247,121625,135.31,250.0,100.0,0.0,114.68,0,5
11:29:24.346,121725,135.47,250.0,100.0,0.0,114.52,0,5
11:29:24.446,121825,135.62,250.0,100.0,0.0,114.37,0,5
11:29:24.545,121925,135.79,250.0,100.0,0.0,114.2,0,5
11:29:24.645,122025,135.96,250.0,100.0,0.0,114.03,0,5
11:29:24.776,122125,136.12,250.0,100.0,0.0,113.87,0,5
11:29:24.847,122225,136.26,250.0,100.0,0.0,113.73,0,5
11:29:24.961,122325,136.41,250.0,100.0,0.0,113.58,0,5
11:29:25.046,122425,136.56,250.0,100.0,0.0,113.43,0,5
11:29:25.146,122525,136.72,250.0,100.0,0.0,113.27,0,5
11:29:25.246,122625,136.88,250.0,100.0,0.0,113.11,0,5
11:29:25.348,122725,137.04,250.0,100.0,0.0,112.95,0,5
11:29:25.446,122825,137.19,250.0,100.0,0.0,112.8,0,5
11:29:25.549,122925,137.35,250.0,100.0,0.0,112.64,0,5
11:29:25.572,122946,137.49,250.0,100.0,0.0,112.5,0,5
11:29:25.671,123025,137.62,250.0,100.0,0.0,112.37,0,5
11:29:25.757,123125,137.77,250.0,100.0,0.0,112.22,0,5
11:29:25.847,123225,137.92,250.0,100.0,0.0,112.07,0,5
11:29:25.948,123325,138.06,250.0,100.0,0.0,111.93,0,5
11:29:26.051,123425,138.21,250.0,100.0,0.0,111.78,0,5
11:29:26.148,123525,138.35,250.0,100.0,0.0,111.64,0,5
11:29:26.249,123625,138.5,250.0,100.0,0.0,111.49,0,5
11:29:26.349,123725,138.64,250.0,100.0,0.0,111.35,0,5
11:29:26.460,123825,138.8,250.0,100.0,0.0,111.19,0,5
11:29:26.557,123925,138.97,250.0,100.0,0.0,111.02,0,5
11:29:26.649,124025,139.11,250.0,100.0,0.0,110.88,0,5
11:29:26.771,124125,139.26,250.0,100.0,0.0,110.73,0,5
11:29:26.847,124225,139.42,250.0,100.0,0.0,110.57,0,5
11:29:26.946,124325,139.56,250.0,100.0,0.0,110.43,0,5
11:29:27.057,124425,139.7,250.0,100.0,0.0,110.29,0,5
11:29:27.145,124525,139.85,250.0,100.0,0.0,110.14,0,5
11:29:27.246,124625,139.99,250.0,100.0,0.0,110.0,0,5
11:29:27.347,124725,140.14,250.0,100.0,0.0,109.85,0,5
11:29:27.453,124825,140.29,250.0,100.0,0.0,109.7,0,5
11:29:27.548,124925,140.45,250.0,100.0,0.0,109.54,0,5
11:29:27.654,125025,140.6,250.0,100.0,0.0,109.39,0,5
11:29:27.746,125125,140.76,250.0,100.0,0.0,109.23,0,5
11:29:27.845,125225,140.92,250.0,100.0,0.0,109.07,0,5
11:29:27.948,125325,141.08,250.0,100.0,0.0,108.91,0,5
11:29:28.045,125425,141.22,250.0,100.0,0.0,108.77,0,5
11:29:28.146,125525,141.38,250.0,100.0,0.0,108.61,0,5
11:29:28.247,125625,141.54,250.0,100.0,0.0,108.45,0,5
11:29:28.357,125725,141.7,250.0,100.0,0.0,108.29,0,5
11:29:28.452,125825,141.84,250.0,100.0,0.0,108.15,0,5
11:29:28.545,125925,142.0,250.0,100.0,0.0,107.99,0,5
11:29:28.646,126025,142.16,250.0,100.0,0.0,107.83,0,5
11:29:28.745,126125,142.31,250.0,100.0,0.0,107.68,0,5
11:29:28.844,126225,142.47,250.0,100.0,0.0,107.52,0,5
11:29:28.946,126325,142.63,250.0,100.0,0.0,107.36,0,5
11:29:29.044,126425,142.77,250.0,100.0,0.0,107.22,0,5
11:29:29.160,126525,142.91,250.0,100.0,0.0,107.08,0,5
11:29:29.246,126625,143.07,250.0,100.0,0.0,106.92,0,5
11:29:29.349,126725,143.21,250.0,100.0,0.0,106.78,0,5
11:29:29.446,126825,143.37,250.0,100.0,0.0,106.62,0,5
11:29:29.544,126925,143.53,250.0,100.0,0.0,106.46,0,5
11:29:29.653,127025,143.67,250.0,100.0,0.0,106.32,0,5
11:29:29.744,127125,143.82,250.0,100.0,0.0,106.17,0,5
11:29:29.847,127225,143.97,250.0,100.0,0.0,106.02,0,5
11:29:29.945,127325,144.11,250.0,100.0,0.0,105.88,0,5
11:29:30.049,127425,144.27,250.0,100.0,0.0,105.72,0,5
11:29:30.152,127525,144.45,250.0,100.0,0.0,105.54,0,5
11:29:30.250,127625,144.6,250.0,100.0,0.0,105.39,0,5
11:29:30.347,127725,144.75,250.0,100.0,0.0,105.24,0,5
11:29:30.447,127825,144.9,250.0,100.0,0.0,105.09,0,5
11:29:30.545,127925,145.06,250.0,100.0,0.0,104.93,0,5
11:29:30.647,128025,145.21,250.0,100.0,0.0,104.78,0,5
11:29:30.746,128125,145.36,250.0,100.0,0.0,104.63,0,5
11:29:30.848,128225,145.52,250.0,100.0,0.0,104.47,0,5
11:29:30.981,128325,145.67,250.0,100.0,0.0,104.32,0,5
11:29:31.045,128425,145.82,250.0,100.0,0.0,104.17,0,5
11:29:31.146,128525,145.96,250.0,100.0,0.0,104.03,0,5
11:29:31.244,128625,146.12,250.0,100.0,0.0,103.87,0,5
11:29:31.344,128725,146.28,250.0,100.0,0.0,103.71,0,5
11:29:31.447,128825,146.41,250.0,100.0,0.0,103.58,0,5
11:29:31.544,128925,146.56,250.0,100.0,0.0,103.43,0,5
11:29:31.643,129025,146.71,250.0,100.0,0.0,103.28,0,5
11:29:31.747,129125,146.85,250.0,100.0,0.0,103.14,0,5
11:29:31.848,129225,147.0,250.0,100.0,0.0,102.99,0,5
11:29:31.945,129325,147.15,250.0,100.0,0.0,102.84,0,5
11:29:32.052,129425,147.31,250.0,100.0,0.0,102.68,0,5
11:29:32.145,129525,147.45,250.0,100.0,0.0,102.54,0,5
11:29:32.245,129625,147.6,250.0,100.0,0.0,102.39,0,5
11:29:32.344,129725,147.76,250.0,100.0,0.0,102.23,0,5
11:29:32.443,129825,147.91,250.0,100.0,0.0,102.08,0,5
11:29:32.543,129925,148.05,250.0,100.0,0.0,101.94,0,5
11:29:32.645,130025,148.2,250.0,100.0,0.0,101.79,0,5
11:29:32.746,130125,148.35,250.0,100.0,0.0,101.64,0,5
11:29:32.848,130225,148.5,250.0,100.0,0.0,101.49,0,5
11:29:32.955,130325,148.65,250.0,100.0,0.0,101.34,0,5
11:29:33.049,130425,148.8,250.0,100.0,0.0,101.19,0,5
11:29:33.144,130525,148.94,250.0,100.0,0.0,101.05,0,5
11:29:33.244,130625,149.1,250.0,100.0,0.0,100.89,0,5
11:29:33.347,130725,149.24,250.0,100.0,0.0,100.75,0,5
11:29:33.444,130825,149.39,250.0,100.0,0.0,100.6,0,5
11:29:33.545,130925,149.54,250.0,100.0,0.0,100.45,0,5
11:29:33.648,131025,149.68,250.0,100.0,0.0,100.31,0,5
11:29:33.751,131125,149.83,250.0,100.0,0.0,100.16,0,5
11:29:33.847,131225,149.83,250.0,100.0,0.0,100.16,0,5
11:29:33.879,131246,149.99,250.0,100.0,0.0,100.0,0,5
11:29:33.943,131325,150.13,250.0,100.0,0.0,99.86,0,5
11:29:34.044,131425,150.13,250.0,100.0,0.0,99.86,0,5
11:29:34.066,131446,150.13,250.0,100.0,0.0,99.86,0,5
11:29:34.148,131525,150.29,250.0,100.0,0.0,99.7,0,5
11:29:34.244,131625,150.44,250.0,100.0,0.0,99.55,0,5
11:29:34.344,131725,150.59,250.0,100.0,0.0,99.4,0,5
11:29:34.443,131825,150.59,250.0,100.0,0.0,99.4,0,5
11:29:34.466,131846,150.74,250.0,100.0,0.0,99.25,0,5
11:29:34.577,131925,150.74,250.0,100.0,0.0,99.25,0,5
11:29:34.582,131946,150.74,250.0,100.0,0.0,99.25,0,5
11:29:34.645,132025,150.91,250.0,100.0,0.0,99.08,0,5
11:29:34.745,132125,150.91,250.0,100.0,0.0,99.08,0,5
11:29:34.773,132146,151.09,250.0,100.0,0.0,98.9,0,5
11:29:34.844,132225,151.25,250.0,100.0,0.0,98.74,0,5
11:29:34.948,132325,151.41,250.0,100.0,0.0,98.58,0,5
11:29:35.043,132425,151.58,250.0,100.0,0.0,98.41,0,5
11:29:35.143,132525,151.58,250.0,100.0,0.0,98.41,0,5
11:29:35.242,132625,151.75,250.0,100.0,0.0,98.24,0,5
11:29:35.344,132725,151.75,250.0,100.0,0.0,98.24,0,5
11:29:35.369,132746,151.93,250.0,100.0,0.0,98.06,0,5
11:29:35.449,132825,151.93,250.0,100.0,0.0,98.06,0,5
11:29:35.494,132846,152.11,250.0,100.0,0.0,97.88,0,5
11:29:35.545,132925,152.11,250.0,100.0,0.0,97.88,0,5
11:29:35.580,132946,152.11,250.0,100.0,0.0,97.88,0,5
11:29:35.647,133025,152.29,250.0,100.0,0.0,97.7,0,5
11:29:35.743,133125,152.29,250.0,100.0,0.0,97.7,0,5
11:29:35.765,133146,152.47,250.0,100.0,0.0,97.52,0,5
11:29:35.843,133225,152.63,250.0,100.0,0.0,97.36,0,5
11:29:35.944,133325,152.8,250.0,100.0,0.0,97.19,0,5
11:29:36.043,133425,152.8,250.0,100.0,0.0,97.19,0,5
11:29:36.071,133446,152.96,250.0,100.0,0.0,97.03,0,5
11:29:36.146,133525,153.11,250.0,100.0,0.0,96.88,0,5
11:29:36.243,133625,153.11,250.0,100.0,0.0,96.88,0,5
11:29:36.265,133646,153.29,250.0,100.0,0.0,96.7,0,5
11:29:36.369,133725,153.29,250.0,100.0,0.0,96.7,0,5
11:29:36.427,133746,153.45,250.0,100.0,0.0,96.54,0,5
11:29:36.452,133825,153.45,250.0,100.0,0.0,96.54,0,5
11:29:36.475,133846,153.63,250.0,100.0,0.0,96.36,0,5
11:29:36.555,133925,153.63,250.0,100.0,0.0,96.36,0,5
11:29:36.577,133946,153.77,250.0,100.0,0.0,96.22,0,5
11:29:36.646,134025,153.77,250.0,100.0,0.0,96.22,0,5
11:29:36.669,134046,153.77,250.0,100.0,0.0,96.22,0,5
11:29:36.745,134125,153.95,250.0,100.0,0.0,96.04,0,5
11:29:36.851,134225,154.11,250.0,100.0,0.0,95.88,0,5
11:29:36.943,134325,154.26,250.0,100.0,0.0,95.73,0,5
11:29:37.045,134425,154.26,250.0,100.0,0.0,95.73,0,5
11:29:37.064,134446,154.43,250.0,100.0,0.0,95.56,0,5
11:29:37.142,134525,154.59,250.0,100.0,0.0,95.4,0,5
11:29:37.252,134625,154.59,250.0,100.0,0.0,95.4,0,5
11:29:37.268,134646,154.59,250.0,100.0,0.0,95.4,0,5
11:29:37.349,134725,154.76,250.0,100.0,0.0,95.23,0,5
11:29:37.447,134825,154.92,250.0,100.0,0.0,95.07,0,5
11:29:37.556,134925,155.09,250.0,100.0,0.0,94.9,0,5
11:29:37.645,135025,155.09,250.0,100.0,0.0,94.9,0,5
11:29:37.667,135046,155.09,250.0,100.0,0.0,94.9,0,5
11:29:37.743,135125,155.27,250.0,100.0,0.0,94.72,0,5
11:29:37.842,135225,155.27,250.0,100.0,0.0,94.72,0,5
11:29:37.869,135246,155.45,250.0,100.0,0.0,94.54,0,5
11:29:37.944,135325,155.62,250.0,100.0,0.0,94.37,0,5
11:29:38.043,135425,155.62,250.0,100.0,0.0,94.37,0,5
11:29:38.071,135446,155.81,250.0,100.0,0.0,94.18,0,5
11:29:38.145,135525,155.97,250.0,100.0,0.0,94.02,0,5
11:29:38.251,135625,155.97,250.0,100.0,0.0,94.02,0,5
11:29:38.343,135725,156.13,250.0,100.0,0.0,93.86,0,5
11:29:38.454,135825,156.3,250.0,100.0,0.0,93.69,0,5
11:29:38.543,135925,156.47,250.0,100.0,0.0,93.52,0,5
11:29:38.642,136025,156.47,250.0,100.0,0.0,93.52,0,5
11:29:38.670,136046,156.65,250.0,100.0,0.0,93.34,0,5
11:29:38.744,136125,156.65,250.0,100.0,0.0,93.34,0,5
11:29:38.767,136146,156.65,250.0,100.0,0.0,93.34,0,5
11:29:38.843,136225,156.82,250.0,100.0,0.0,93.17,0,5
11:29:38.948,136325,157.01,250.0,100.0,0.0,92.98,0,5
11:29:39.043,136425,157.01,250.0,100.0,0.0,92.98,0,5
11:29:39.072,136446,157.17,250.0,100.0,0.0,92.82,0,5
11:29:39.232,136525,157.31,250.0,100.0,0.0,92.68,0,5
11:29:39.259,136625,157.31,250.0,100.0,0.0,92.68,0,5
11:29:39.267,136646,157.49,250.0,100.0,0.0,92.5,0,5
11:29:39.372,136725,157.49,250.0,100.0,0.0,92.5,0,5
11:29:39.444,136825,157.67,250.0,100.0,0.0,92.32,0,5
11:29:39.549,136925,157.67,250.0,100.0,0.0,92.32,0,5
11:29:39.571,136946,157.86,250.0,100.0,0.0,92.13,0,5
11:29:39.653,137025,157.86,250.0,100.0,0.0,92.13,0,5
11:29:39.670,137046,158.03,250.0,100.0,0.0,91.96,0,5
11:29:39.743,137125,158.03,250.0,100.0,0.0,91.96,0,5
11:29:39.770,137146,158.03,250.0,100.0,0.0,91.96,0,5
11:29:39.842,137225,158.21,250.0,100.0,0.0,91.78,0,5
11:29:39.942,137325,158.38,250.0,100.0,0.0,91.61,0,5
11:29:40.042,137425,158.56,250.0,100.0,0.0,91.43,0,5
11:29:40.142,137525,158.56,250.0,100.0,0.0,91.43,0,5
11:29:40.169,137546,158.74,250.0,100.0,0.0,91.25,0,5
11:29:40.245,137625,158.91,250.0,100.0,0.0,91.08,0,5
11:29:40.349,137725,159.07,250.0,100.0,0.0,90.92,0,5
11:29:40.444,137825,159.24,250.0,100.0,0.0,90.75,0,5
11:29:40.543,137925,159.24,250.0,100.0,0.0,90.75,0,5
11:29:40.565,137946,159.4,250.0,100.0,0.0,90.59,0,5
11:29:40.645,138025,159.4,250.0,100.0,0.0,90.59,0,5
11:29:40.663,138046,159.56,250.0,100.0,0.0,90.43,0,5
11:29:40.742,138125,159.56,250.0,100.0,0.0,90.43,0,5
11:29:40.789,138146,159.72,250.0,100.0,0.0,90.27,0,5
11:29:40.842,138225,159.72,250.0,100.0,0.0,90.27,0,5
11:29:40.868,138246,159.72,250.0,100.0,0.0,90.27,0,5
11:29:40.947,138325,159.88,250.0,100.0,0.0,90.11,0,5
11:29:41.042,138425,160.06,250.0,100.0,0.0,89.93,0,5
11:29:41.142,138525,160.06,250.0,100.0,0.0,89.93,0,5
11:29:41.163,138546,160.22,250.0,100.0,0.0,89.77,0,5
11:29:41.243,138625,160.37,250.0,100.0,0.0,89.62,0,5
11:29:41.351,138725,160.53,250.0,100.0,0.0,89.46,0,5
11:29:41.441,138825,160.53,250.0,100.0,0.0,89.46,0,5
11:29:41.542,138925,160.7,250.0,100.0,0.0,89.29,0,5
11:29:41.643,139025,160.7,250.0,100.0,0.0,89.29,0,5
11:29:41.675,139046,160.88,250.0,100.0,0.0,89.11,0,5
11:29:41.744,139125,160.88,250.0,100.0,0.0,89.11,0,5
11:29:41.777,139146,161.06,250.0,100.0,0.0,88.93,0,5
11:29:41.847,139225,161.06,250.0,100.0,0.0,88.93,0,5
11:29:41.943,139325,161.24,250.0,100.0,0.0,88.75,0,5
11:29:42.044,139425,161.41,250.0,100.0,0.0,88.58,0,5
11:29:42.145,139525,161.41,250.0,100.0,0.0,88.58,0,5
11:29:42.167,139546,161.58,250.0,100.0,0.0,88.41,0,5
11:29:42.241,139625,161.74,250.0,100.0,0.0,88.25,0,5
11:29:42.342,139725,161.74,250.0,100.0,0.0,88.25,0,5
11:29:42.367,139746,161.9,250.0,100.0,0.0,88.09,0,5
11:29:42.441,139825,162.05,250.0,100.0,0.0,87.94,0,5
11:29:42.543,139925,160.19,250.0,100.0,0.0,89.8,0,5
11:29:42.647,140025,160.19,250.0,100.0,0.0,89.8,0,5
11:29:42.673,140046,158.53,250.0,100.0,0.0,91.46,0,5
11:29:42.745,140125,158.53,250.0,100.0,0.0,91.46,0,5
11:29:42.766,140146,157.05,250.0,100.0,0.0,92.94,0,5
11:29:42.842,140225,157.05,250.0,100.0,0.0,92.94,0,5
11:29:42.865,140246,157.05,250.0,100.0,0.0,92.94,0,5
11:29:42.946,140325,155.72,250.0,100.0,0.0,94.27,0,5
11:29:43.041,140425,154.55,250.0,100.0,0.0,95.44,0,5
11:29:43.142,140525,154.55,250.0,100.0,0.0,95.44,0,5
11:29:43.164,140546,153.53,250.0,100.0,0.0,96.46,0,5
11:29:43.249,140625,152.61,250.0,100.0,0.0,97.38,0,5
11:29:43.344,140725,151.8,250.0,100.0,0.0,98.19,0,5
11:29:43.441,140825,151.07,250.0,100.0,0.0,98.92,0,5
11:29:43.544,140925,151.07,250.0,100.0,0.0,98.92,0,5
11:29:43.580,140946,150.42,250.0,100.0,0.0,99.57,0,5
11:29:43.654,141025,150.42,250.0,100.0,0.0,99.57,0,5
11:29:43.676,141046,149.87,250.0,100.0,0.0,100.12,0,5
11:29:43.747,141125,149.36,250.0,100.0,0.0,100.63,0,5
11:29:43.843,141225,148.91,250.0,100.0,0.0,101.08,0,5
11:29:43.941,141325,148.52,250.0,100.0,0.0,101.47,0,5
11:29:44.042,141425,148.18,250.0,100.0,0.0,101.81,0,5
11:29:44.141,141525,147.89,250.0,100.0,0.0,102.1,0,5
11:29:44.240,141625,147.64,250.0,100.0,0.0,102.35,0,5
11:29:44.342,141725,147.43,250.0,100.0,0.0,102.56,0,5
11:29:44.445,141825,147.24,250.0,100.0,0.0,102.75,0,5
11:29:44.545,141925,147.09,250.0,100.0,0.0,102.9,0,5
11:29:44.646,142025,146.96,250.0,100.0,0.0,103.03,0,5
11:29:44.744,142125,146.85,250.0,100.0,0.0,103.14,0,5
11:29:44.842,142225,146.76,250.0,100.0,0.0,103.23,0,5
11:29:44.940,142325,146.7,250.0,100.0,0.0,103.29,0,5
11:29:45.049,142425,146.65,250.0,100.0,0.0,103.34,0,5
11:29:45.141,142525,146.62,250.0,100.0,0.0,103.37,0,5
11:29:45.240,142625,146.62,250.0,100.0,0.0,103.37,0,5
11:29:45.341,142725,146.61,250.0,100.0,0.0,103.38,0,5
11:29:45.447,142825,146.62,250.0,100.0,0.0,103.37,0,5
11:29:45.543,142925,146.65,250.0,100.0,0.0,103.34,0,5
11:29:45.654,143025,146.68,250.0,100.0,0.0,103.31,0,5
11:29:45.743,143125,146.73,250.0,100.0,0.0,103.26,0,5
11:29:45.841,143225,146.79,250.0,100.0,0.0,103.2,0,5
11:29:45.943,143325,146.84,250.0,100.0,0.0,103.15,0,5
11:29:46.041,143425,146.9,250.0,100.0,0.0,103.09,0,5
11:29:46.145,143525,146.96,250.0,100.0,0.0,103.03,0,5
11:29:46.243,143625,147.04,250.0,100.0,0.0,102.95,0,5
11:29:46.349,143725,147.11,250.0,100.0,0.0,102.88,0,5
11:29:46.452,143825,147.2,250.0,100.0,0.0,102.79,0,5
11:29:46.553,143925,147.28,250.0,100.0,0.0,102.71,0,5
11:29:46.647,144025,147.37,250.0,100.0,0.0,102.62,0,5
11:29:46.742,144125,147.46,250.0,100.0,0.0,102.53,0,5
11:29:46.841,144225,147.56,250.0,100.0,0.0,102.43,0,5
11:29:46.944,144325,147.65,250.0,100.0,0.0,102.34,0,5
11:29:47.041,144425,147.74,250.0,100.0,0.0,102.25,0,5
11:29:47.142,144525,147.83,250.0,100.0,0.0,102.16,0,5
11:29:47.241,144625,147.93,250.0,100.0,0.0,102.06,0,5
11:29:47.355,144725,148.03,250.0,100.0,0.0,101.96,0,5
11:29:47.377,144746,148.03,250.0,100.0,0.0,101.96,0,5
11:29:47.443,144825,148.12,250.0,100.0,0.0,101.87,0,5
11:29:47.541,144925,148.23,250.0,100.0,0.0,101.76,0,5
11:29:47.643,145025,148.33,250.0,100.0,0.0,101.66,0,5
11:29:47.749,145125,148.44,250.0,100.0,0.0,101.55,0,5
11:29:47.844,145225,148.55,250.0,100.0,0.0,101.44,0,5
11:29:47.941,145325,148.65,250.0,100.0,0.0,101.34,0,5
11:29:48.040,145425,148.75,250.0,100.0,0.0,101.24,0,5
11:29:48.142,145525,148.85,250.0,100.0,0.0,101.14,0,5
11:29:48.253,145625,148.96,250.0,100.0,0.0,101.03,0,5
11:29:48.362,145725,149.06,250.0,100.0,0.0,100.93,0,5
11:29:48.442,145825,149.06,250.0,100.0,0.0,100.93,0,5
11:29:48.480,145846,149.06,250.0,100.0,0.0,100.93,0,5
11:29:48.541,145925,149.06,250.0,100.0,0.0,100.93,0,5
11:29:48.563,145946,149.18,250.0,100.0,0.0,100.81,0,5
11:29:48.639,146025,149.29,250.0,100.0,0.0,100.7,0,5
11:29:48.739,146125,149.4,250.0,100.0,0.0,100.59,0,5
11:29:48.842,146225,149.5,250.0,100.0,0.0,100.49,0,5
11:29:48.940,146325,149.62,250.0,100.0,0.0,100.37,0,5
11:29:49.042,146425,149.73,250.0,100.0,0.0,100.26,0,5
11:29:49.149,146525,149.84,250.0,100.0,0.0,100.15,0,5
11:29:49.242,146625,149.95,250.0,100.0,0.0,100.04,0,5
11:29:49.342,146725,150.06,250.0,100.0,0.0,99.93,0,5
11:29:49.440,146825,150.06,250.0,100.0,0.0,99.93,0,5
11:29:49.466,146846,150.19,250.0,100.0,0.0,99.8,0,5
11:29:49.542,146925,150.3,250.0,100.0,0.0,99.69,0,5
11:29:49.640,147025,150.3,250.0,100.0,0.0,99.69,0,5
11:29:49.662,147046,150.42,250.0,100.0,0.0,99.57,0,5
11:29:49.740,147125,150.52,250.0,100.0,0.0,99.47,0,5
11:29:49.839,147225,150.52,250.0,100.0,0.0,99.47,0,5
11:29:49.864,147246,150.64,250.0,100.0,0.0,99.35,0,5
11:29:49.943,147325,150.64,250.0,100.0,0.0,99.35,0,5
11:29:49.967,147346,150.75,250.0,100.0,0.0,99.24,0,5
11:29:50.043,147425,150.75,250.0,100.0,0.0,99.24,0,5
11:29:50.077,147446,150.87,250.0,100.0,0.0,99.12,0,5
11:29:50.150,147525,150.87,250.0,100.0,0.0,99.12,0,5
11:29:50.193,147546,150.87,250.0,100.0,0.0,99.12,0,5
11:29:50.244,147625,150.98,250.0,100.0,0.0,99.01,0,5
11:29:50.340,147725,150.98,250.0,100.0,0.0,99.01,0,5
11:29:50.441,147825,151.1,250.0,100.0,0.0,98.89,0,5
11:29:50.543,147925,151.23,250.0,100.0,0.0,98.76,0,5
11:29:50.640,148025,151.36,250.0,100.0,0.0,98.63,0,5
11:29:50.740,148125,151.36,250.0,100.0,0.0,98.63,0,5
11:29:50.766,148146,151.49,250.0,100.0,0.0,98.5,0,5
11:29:50.840,148225,151.49,250.0,100.0,0.0,98.5,0,5
11:29:50.872,148246,151.62,250.0,100.0,0.0,98.37,0,5
11:29:50.974,148325,151.62,250.0,100.0,0.0,98.37,0,5
11:29:50.985,148346,151.76,250.0,100.0,0.0,98.23,0,5
11:29:51.044,148425,151.76,250.0,100.0,0.0,98.23,0,5
11:29:51.077,148446,151.89,250.0,100.0,0.0,98.1,0,5
11:29:51.142,148525,151.89,250.0,100.0,0.0,98.1,0,5
11:29:51.162,148546,152.02,250.0,100.0,0.0,97.97,0,5
11:29:51.239,148625,152.02,250.0,100.0,0.0,97.97,0,5
11:29:51.260,148646,152.13,250.0,100.0,0.0,97.86,0,5
11:29:51.340,148725,152.13,250.0,100.0,0.0,97.86,0,5
11:29:51.364,148746,152.13,250.0,100.0,0.0,97.86,0,5
11:29:51.441,148825,152.25,250.0,100.0,0.0,97.74,0,5
11:29:51.541,148925,152.37,250.0,100.0,0.0,97.62,0,5
11:29:51.639,149025,152.49,250.0,100.0,0.0,97.5,0,5
11:29:51.739,149125,152.49,250.0,100.0,0.0,97.5,0,5
11:29:51.765,149146,152.61,250.0,100.0,0.0,97.38,0,5
11:29:51.846,149225,152.72,250.0,100.0,0.0,97.27,0,5
11:29:51.947,149325,152.84,250.0,100.0,0.0,97.15,0,5
11:29:52.042,149425,152.84,250.0,100.0,0.0,97.15,0,5
11:29:52.066,149446,152.96,250.0,100.0,0.0,97.03,0,5
11:29:52.139,149525,152.96,250.0,100.0,0.0,97.03,0,5
11:29:52.160,149546,153.06,250.0,100.0,0.0,96.93,0,5
11:29:52.240,149625,153.06,250.0,100.0,0.0,96.93,0,5
11:29:52.260,149646,153.06,250.0,100.0,0.0,96.93,0,5
11:29:52.341,149725,153.17,250.0,100.0,0.0,96.82,0,5
11:29:52.439,149825,153.17,250.0,100.0,0.0,96.82,0,5
11:29:52.542,149925,153.3,250.0,100.0,0.0,96.69,0,5
11:29:52.641,150025,153.3,250.0,100.0,0.0,96.69,0,5
11:29:52.682,150046,153.45,250.0,100.0,0.0,96.54,0,5
11:29:52.757,150125,153.58,250.0,100.0,0.0,96.41,0,5
11:29:52.847,150225,153.71,250.0,100.0,0.0,96.28,0,5
11:29:52.939,150325,153.84,250.0,100.0,0.0,96.15,0,5
11:29:53.041,150425,153.84,250.0,100.0,0.0,96.15,0,5
11:29:53.062,150446,153.97,250.0,100.0,0.0,96.02,0,5
11:29:53.139,150525,153.97,250.0,100.0,0.0,96.02,0,5
11:29:53.160,150546,154.07,250.0,100.0,0.0,95.92,0,5
11:29:53.239,150625,154.07,250.0,100.0,0.0,95.92,0,5
11:29:53.260,150646,154.19,250.0,100.0,0.0,95.8,0,5
11:29:53.343,150725,154.19,250.0,100.0,0.0,95.8,0,5
11:29:53.361,150746,154.31,250.0,100.0,0.0,95.68,0,5
11:29:53.439,150825,154.31,250.0,100.0,0.0,95.68,0,5
11:29:53.460,150846,154.31,250.0,100.0,0.0,95.68,0,5
11:29:53.550,150925,154.43,250.0,100.0,0.0,95.56,0,5
11:29:53.640,151025,154.56,250.0,100.0,0.0,95.43,0,5
11:29:53.739,151125,154.68,250.0,100.0,0.0,95.31,0,5
11:29:53.839,151225,154.8,250.0,100.0,0.0,95.19,0,5
11:29:53.940,151325,154.92,250.0,100.0,0.0,95.07,0,5
11:29:54.038,151425,155.04,250.0,100.0,0.0,94.95,0,5
11:29:54.137,151525,155.04,250.0,100.0,0.0,94.95,0,5
11:29:54.161,151546,155.16,250.0,100.0,0.0,94.83,0,5
11:29:54.240,151625,155.16,250.0,100.0,0.0,94.83,0,5
11:29:54.259,151646,155.28,250.0,100.0,0.0,94.71,0,5
11:29:54.341,151725,155.28,250.0,100.0,0.0,94.71,0,5
11:29:54.372,151746,155.39,250.0,100.0,0.0,94.6,0,5
11:29:54.445,151825,155.39,250.0,100.0,0.0,94.6,0,5
11:29:54.465,151846,155.39,250.0,100.0,0.0,94.6,0,5
11:29:54.549,151925,155.51,250.0,100.0,0.0,94.48,0,5
11:29:54.639,152025,155.62,250.0,100.0,0.0,94.37,0,5
11:29:54.739,152125,155.73,250.0,100.0,0.0,94.26,0,5
11:29:54.839,152225,155.86,250.0,100.0,0.0,94.13,0,5
11:29:54.939,152325,155.98,250.0,100.0,0.0,94.01,0,5
11:29:55.037,152425,156.08,250.0,100.0,0.0,93.91,0,5
11:29:55.141,152525,156.08,250.0,100.0,0.0,93.91,0,5
11:29:55.201,152546,156.2,250.0,100.0,0.0,93.79,0,5
11:29:55.257,152625,156.2,250.0,100.0,0.0,93.79,0,5
11:29:55.283,152646,156.32,250.0,100.0,0.0,93.67,0,5
11:29:55.342,152725,156.32,250.0,100.0,0.0,93.67,0,5
11:29:55.363,152746,156.43,250.0,100.0,0.0,93.56,0,5
11:29:55.439,152825,156.43,250.0,100.0,0.0,93.56,0,5
11:29:55.472,152846,156.54,250.0,100.0,0.0,93.45,0,5
11:29:55.538,152925,156.54,250.0,100.0,0.0,93.45,0,5
11:29:55.562,152946,156.54,250.0,100.0,0.0,93.45,0,5
11:29:55.639,153025,156.66,250.0,100.0,0.0,93.33,0,5
11:29:55.737,153125,156.66,250.0,100.0,0.0,93.33,0,5
11:29:55.765,153146,156.78,250.0,100.0,0.0,93.21,0,5
11:29:55.840,153225,156.89,250.0,100.0,0.0,93.1,0,5
11:29:55.940,153325,157.02,250.0,100.0,0.0,92.97,0,5
11:29:56.042,153425,157.13,250.0,100.0,0.0,92.86,0,5
11:29:56.147,153525,157.26,250.0,100.0,0.0,92.73,0,5
11:29:56.239,153625,157.37,250.0,100.0,0.0,92.62,0,5
11:29:56.363,153725,157.48,250.0,100.0,0.0,92.51,0,5
11:29:56.439,153825,157.6,250.0,100.0,0.0,92.39,0,5
11:29:56.541,153925,157.71,250.0,100.0,0.0,92.28,0,5
11:29:56.643,154025,157.82,250.0,100.0,0.0,92.17,0,5
11:29:56.739,154125,157.93,250.0,100.0,0.0,92.06,0,5
11:29:56.838,154225,158.03,250.0,100.0,0.0,91.96,0,5
11:29:56.938,154325,158.15,250.0,100.0,0.0,91.84,0,5
11:29:57.084,154425,158.26,250.0,100.0,0.0,91.73,0,5
11:29:57.142,154525,158.26,250.0,100.0,0.0,91.73,0,5
11:29:57.168,154546,158.26,250.0,100.0,0.0,91.73,0,5
11:29:57.238,154625,158.38,250.0,100.0,0.0,91.61,0,5
11:29:57.339,154725,158.5,250.0,100.0,0.0,91.49,0,5
11:29:57.439,154825,158.62,250.0,100.0,0.0,91.37,0,5
11:29:57.537,154925,158.72,250.0,100.0,0.0,91.27,0,5
11:29:57.640,155025,158.84,250.0,100.0,0.0,91.15,0,5
11:29:57.738,155125,158.96,250.0,100.0,0.0,91.03,0,5
11:29:57.844,155225,159.08,250.0,100.0,0.0,90.91,0,5
11:29:57.940,155325,159.08,250.0,100.0,0.0,90.91,0,5
11:29:57.967,155346,159.21,250.0,100.0,0.0,90.78,0,5
11:29:58.048,155425,159.32,250.0,100.0,0.0,90.67,0,5
11:29:58.139,155525,159.32,250.0,100.0,0.0,90.67,0,5
11:29:58.176,155546,159.32,250.0,100.0,0.0,90.67,0,5
11:29:58.238,155625,159.44,250.0,100.0,0.0,90.55,0,5
11:29:58.338,155725,159.56,250.0,100.0,0.0,90.43,0,5
11:29:58.438,155825,159.68,250.0,100.0,0.0,90.31,0,5
11:29:58.539,155925,159.79,250.0,100.0,0.0,90.2,0,5
11:29:58.637,156025,159.79,250.0,100.0,0.0,90.2,0,5
11:29:58.661,156046,159.79,250.0,100.0,0.0,90.2,0,5
11:29:58.742,156125,159.91,250.0,100.0,0.0,90.08,0,5
11:29:58.841,156225,160.03,250.0,100.0,0.0,89.96,0,5
11:29:58.938,156325,160.15,250.0,100.0,0.0,89.84,0,5
11:29:59.039,156425,160.29,250.0,100.0,0.0,89.7,0,5
11:29:59.139,156525,160.29,250.0,100.0,0.0,89.7,0,5
11:29:59.159,156546,160.41,250.0,100.0,0.0,89.58,0,5
11:29:59.239,156625,160.52,250.0,100.0,0.0,89.47,0,5
11:29:59.336,156725,160.52,250.0,100.0,0.0,89.47,0,5
11:29:59.360,156746,160.64,250.0,100.0,0.0,89.35,0,5
11:29:59.439,156825,160.64,250.0,100.0,0.0,89.35,0,5
11:29:59.464,156846,160.76,250.0,100.0,0.0,89.23,0,5
11:29:59.537,156925,160.76,250.0,100.0,0.0,89.23,0,5
11:29:59.562,156946,160.9,250.0,100.0,0.0,89.09,0,5
11:29:59.646,157025,160.9,250.0,100.0,0.0,89.09,0,5
11:29:59.680,157046,161.0,250.0,100.0,0.0,88.99,0,5
11:29:59.739,157125,161.0,250.0,100.0,0.0,88.99,0,5
11:29:59.764,157146,161.0,250.0,100.0,0.0,88.99,0,5
11:29:59.840,157225,161.12,250.0,100.0,0.0,88.87,0,5
11:29:59.940,157325,161.12,250.0,100.0,0.0,88.87,0,5
11:29:59.969,157346,161.25,250.0,100.0,0.0,88.74,0,5
11:30:00.037,157425,161.36,250.0,100.0,0.0,88.63,0,5
11:30:00.138,157525,161.36,250.0,100.0,0.0,88.63,0,5
11:30:00.161,157546,161.48,250.0,100.0,0.0,88.51,0,5
11:30:00.239,157625,161.59,250.0,100.0,0.0,88.4,0,5
11:30:00.336,157725,161.72,250.0,100.0,0.0,88.27,0,5
11:30:00.439,157825,161.83,250.0,100.0,0.0,88.16,0,5
11:30:00.538,157925,161.95,250.0,100.0,0.0,88.04,0,5
11:30:00.661,158025,161.95,250.0,100.0,0.0,88.04,0,5
11:30:00.717,158046,162.07,250.0,100.0,0.0,87.92,0,5
11:30:00.753,158125,162.17,250.0,100.0,0.0,87.82,0,5
11:30:00.840,158225,162.27,250.0,100.0,0.0,87.72,0,5
11:30:00.940,158325,162.37,250.0,100.0,0.0,87.62,0,5
11:30:01.037,158425,162.37,250.0,100.0,0.0,87.62,0,5
11:30:01.059,158446,162.48,250.0,100.0,0.0,87.51,0,5
11:30:01.141,158525,162.58,250.0,100.0,0.0,87.41,0,5
11:30:01.237,158625,162.58,250.0,100.0,0.0,87.41,0,5
11:30:01.259,158646,162.69,250.0,100.0,0.0,87.3,0,5
11:30:01.342,158725,162.79,250.0,100.0,0.0,87.2,0,5
11:30:01.439,158825,162.89,250.0,100.0,0.0,87.1,0,5
11:30:01.544,158925,163.0,250.0,100.0,0.0,86.99,0,5
11:30:01.647,159025,163.0,250.0,100.0,0.0,86.99,0,5
11:30:01.661,159046,163.11,250.0,100.0,0.0,86.88,0,5
11:30:01.739,159125,163.11,250.0,100.0,0.0,86.88,0,5
11:30:01.767,159146,163.23,250.0,100.0,0.0,86.76,0,5
11:30:01.844,159225,163.23,250.0,100.0,0.0,86.76,0,5
11:30:01.864,159246,163.23,250.0,100.0,0.0,86.76,0,5
11:30:01.937,159325,163.34,250.0,100.0,0.0,86.65,0,5
11:30:02.037,159425,163.46,250.0,100.0,0.0,86.53,0,5
11:30:02.137,159525,163.58,250.0,100.0,0.0,86.41,0,5
11:30:02.238,159625,163.71,250.0,100.0,0.0,86.28,0,5
11:30:02.337,159725,163.71,250.0,100.0,0.0,86.28,0,5
11:30:02.357,159746,163.71,250.0,100.0,0.0,86.28,0,5
11:30:02.441,159825,163.81,250.0,100.0,0.0,86.18,0,5
11:30:02.538,159925,163.94,250.0,100.0,0.0,86.05,0,5
11:30:02.640,160025,164.07,250.0,100.0,0.0,85.92,0,5
11:30:02.737,160125,164.07,250.0,100.0,0.0,85.92,0,5
11:30:02.765,160146,164.19,250.0,100.0,0.0,85.8,0,5
11:30:02.836,160225,164.3,250.0,100.0,0.0,85.69,0,5
11:30:02.937,160325,164.3,250.0,100.0,0.0,85.69,0,5
11:30:02.960,160346,164.3,250.0,100.0,0.0,85.69,0,5
11:30:03.037,160425,164.41,250.0,100.0,0.0,85.58,0,5
11:30:03.137,160525,164.54,250.0,100.0,0.0,85.45,0,5
11:30:03.237,160625,164.67,250.0,100.0,0.0,85.32,0,5
11:30:03.344,160725,164.8,250.0,100.0,0.0,85.19,0,5
11:30:03.473,160825,164.91,250.0,100.0,0.0,85.08,0,5
11:30:03.555,160925,165.02,250.0,100.0,0.0,84.97,0,5
11:30:03.647,161025,165.15,250.0,100.0,0.0,84.84,0,5
11:30:03.744,161125,165.28,250.0,100.0,0.0,84.71,0,5
11:30:03.836,161225,165.28,250.0,100.0,0.0,84.71,0,5
11:30:03.857,161246,165.41,250.0,100.0,0.0,84.58,0,5
11:30:03.936,161325,165.41,250.0,100.0,0.0,84.58,0,5
11:30:03.959,161346,165.41,250.0,100.0,0.0,84.58,0,5
11:30:04.037,161425,165.53,250.0,100.0,0.0,84.46,0,5
11:30:04.138,161525,165.66,250.0,100.0,0.0,84.33,0,5
11:30:04.235,161625,165.77,250.0,100.0,0.0,84.22,0,5
11:30:04.411,161725,165.89,250.0,100.0,0.0,84.1,0,5
11:30:04.445,161825,166.0,250.0,100.0,0.0,83.99,0,5
11:30:04.538,161925,166.0,250.0,100.0,0.0,83.99,0,5
11:30:04.637,162025,166.13,250.0,100.0,0.0,83.86,0,5
11:30:04.737,162125,166.25,250.0,100.0,0.0,83.74,0,5
11:30:04.835,162225,166.25,250.0,100.0,0.0,83.74,0,5
11:30:04.857,162246,166.38,250.0,100.0,0.0,83.61,0,5
11:30:04.936,162325,166.38,250.0,100.0,0.0,83.61,0,5
11:30:04.961,162346,166.38,250.0,100.0,0.0,83.61,0,5
11:30:05.037,162425,166.5,250.0,100.0,0.0,83.49,0,5
11:30:05.139,162525,166.62,250.0,100.0,0.0,83.37,0,5
11:30:05.238,162625,166.74,250.0,100.0,0.0,83.25,0,5
11:30:05.340,162725,166.87,250.0,100.0,0.0,83.12,0,5
11:30:05.453,162825,166.99,250.0,100.0,0.0,83.0,0,5
11:30:05.549,162925,166.99,250.0,100.0,0.0,83.0,0,5
11:30:05.563,162946,166.99,250.0,100.0,0.0,83.0,0,5
11:30:05.636,163025,167.12,250.0,100.0,0.0,82.87,0,5
11:30:05.736,163125,167.25,250.0,100.0,0.0,82.74,0,5
11:30:05.839,163225,167.25,250.0,100.0,0.0,82.74,0,5
11:30:05.857,163246,167.38,250.0,100.0,0.0,82.61,0,5
11:30:05.939,163325,167.38,250.0,100.0,0.0,82.61,0,5
11:30:05.961,163346,167.51,250.0,100.0,0.0,82.48,0,5
11:30:06.036,163425,167.51,250.0,100.0,0.0,82.48,0,5
11:30:06.058,163446,167.64,250.0,100.0,0.0,82.35,0,5
11:30:06.155,163525,167.75,250.0,100.0,0.0,82.24,0,5
11:30:06.245,163625,167.87,250.0,100.0,0.0,82.12,0,5
11:30:06.337,163725,167.87,250.0,100.0,0.0,82.12,0,5
11:30:06.364,163746,167.98,250.0,100.0,0.0,82.01,0,5
11:30:06.463,163825,168.07,250.0,100.0,0.0,81.92,0,5
11:30:06.536,163925,168.19,250.0,100.0,0.0,81.8,0,5
11:30:06.639,164025,168.3,250.0,100.0,0.0,81.69,0,5
11:30:06.735,164125,168.41,250.0,100.0,0.0,81.58,0,5
11:30:06.836,164225,168.52,250.0,100.0,0.0,81.47,0,5
11:30:06.935,164325,168.64,250.0,100.0,0.0,81.35,0,5
11:30:07.037,164425,168.74,250.0,100.0,0.0,81.25,0,5
11:30:07.147,164525,168.86,250.0,100.0,0.0,81.13,0,5
11:30:07.237,164625,168.96,250.0,100.0,0.0,81.03,0,5
11:30:07.340,164725,168.96,250.0,100.0,0.0,81.03,0,5
11:30:07.364,164746,169.06,250.0,100.0,0.0,80.93,0,5
11:30:07.437,164825,169.16,250.0,100.0,0.0,80.83,0,5
11:30:07.535,164925,169.28,250.0,100.0,0.0,80.71,0,5
11:30:07.639,165025,169.38,250.0,100.0,0.0,80.61,0,5
11:30:07.736,165125,169.48,250.0,100.0,0.0,80.51,0,5
11:30:07.836,165225,169.6,250.0,100.0,0.0,80.39,0,5
11:30:07.962,165325,169.72,250.0,100.0,0.0,80.27,0,5
11:30:08.071,165425,169.82,250.0,100.0,0.0,80.17,0,5
11:30:08.152,165525,169.82,250.0,100.0,0.0,80.17,0,5
11:30:08.169,165546,169.82,250.0,100.0,0.0,80.17,0,5
11:30:08.245,165625,169.93,250.0,100.0,0.0,80.06,0,5
11:30:08.340,165725,170.04,250.0,100.0,0.0,79.95,0,5
11:30:08.437,165825,170.04,250.0,100.0,0.0,79.95,0,5
11:30:08.457,165846,170.16,250.0,100.0,0.0,79.83,0,5
11:30:08.534,165925,170.28,250.0,100.0,0.0,79.71,0,5
11:30:08.650,166025,170.28,250.0,100.0,0.0,79.71,0,5
11:30:08.659,166046,170.28,250.0,100.0,0.0,79.71,0,5
11:30:08.736,166125,170.4,250.0,100.0,0.0,79.59,0,5
11:30:08.835,166225,170.4,250.0,100.0,0.0,79.59,0,5
11:30:08.856,166246,170.53,250.0,100.0,0.0,79.46,0,5
11:30:08.945,166325,170.53,250.0,100.0,0.0,79.46,0,5
11:30:08.967,166346,170.66,250.0,100.0,0.0,79.33,0,5
11:30:09.084,166425,170.66,250.0,100.0,0.0,79.33,0,5
11:30:09.092,166446,170.66,250.0,100.0,0.0,79.33,0,5
11:30:09.140,166525,170.78,250.0,100.0,0.0,79.21,0,5
11:30:09.244,166625,170.78,250.0,100.0,0.0,79.21,0,5
11:30:09.266,166646,170.91,250.0,100.0,0.0,79.08,0,5
11:30:09.336,166725,171.03,250.0,100.0,0.0,78.96,0,5
11:30:09.445,166825,171.15,250.0,100.0,0.0,78.84,0,5
11:30:09.535,166925,171.26,250.0,100.0,0.0,78.73,0,5
11:30:09.634,167025,171.26,250.0,100.0,0.0,78.73,0,5
11:30:09.667,167046,171.26,250.0,100.0,0.0,78.73,0,5
11:30:09.736,167125,171.37,250.0,100.0,0.0,78.62,0,5
11:30:09.836,167225,171.37,250.0,100.0,0.0,78.62,0,5
11:30:09.863,167246,171.51,250.0,100.0,0.0,78.48,0,5
11:30:09.949,167325,171.51,250.0,100.0,0.0,78.48,0,5
11:30:09.960,167346,171.62,250.0,100.0,0.0,78.37,0,5
11:30:10.078,167425,171.62,250.0,100.0,0.0,78.37,0,5
11:30:10.083,167446,171.74,250.0,100.0,0.0,78.25,0,5
11:30:10.148,167525,171.74,250.0,100.0,0.0,78.25,0,5
11:30:10.169,167546,171.86,250.0,100.0,0.0,78.13,0,5
11:30:10.250,167625,171.86,250.0,100.0,0.0,78.13,0,5
11:30:10.257,167646,171.86,250.0,100.0,0.0,78.13,0,5
11:30:10.335,167725,171.99,250.0,100.0,0.0,78.0,0,5
11:30:10.437,167825,171.99,250.0,100.0,0.0,78.0,0,5
11:30:10.458,167846,172.12,250.0,100.0,0.0,77.87,0,5
11:30:10.534,167925,172.22,250.0,100.0,0.0,77.77,0,5
11:30:10.635,168025,172.35,250.0,100.0,0.0,77.64,0,5
11:30:10.736,168125,172.46,250.0,100.0,0.0,77.53,0,5
11:30:10.833,168225,172.46,250.0,100.0,0.0,77.53,0,5
11:30:10.939,168325,172.59,250.0,100.0,0.0,77.4,0,5
11:30:11.037,168425,172.71,250.0,100.0,0.0,77.28,0,5
11:30:11.139,168525,172.83,250.0,100.0,0.0,77.16,0,5
11:30:11.244,168625,172.95,250.0,100.0,0.0,77.04,0,5
11:30:11.335,168725,173.08,250.0,100.0,0.0,76.91,0,5
11:30:11.433,168825,173.08,250.0,100.0,0.0,76.91,0,5
11:30:11.465,168846,173.21,250.0,100.0,0.0,76.78,0,5
11:30:11.547,168925,173.34,250.0,100.0,0.0,76.65,0,5
11:30:11.634,169025,173.45,250.0,100.0,0.0,76.54,0,5
11:30:11.733,169125,173.56,250.0,100.0,0.0,76.43,0,5
11:30:11.842,169225,173.67,250.0,100.0,0.0,76.32,0,5
11:30:11.940,169325,173.67,250.0,100.0,0.0,76.32,0,5
11:30:11.967,169346,173.8,250.0,100.0,0.0,76.19,0,5
11:30:12.047,169425,173.8,250.0,100.0,0.0,76.19,0,5
11:30:12.063,169446,173.9,250.0,100.0,0.0,76.09,0,5
11:30:12.139,169525,173.9,250.0,100.0,0.0,76.09,0,5
11:30:12.162,169546,174.02,250.0,100.0,0.0,75.97,0,5
11:30:12.234,169625,174.02,250.0,100.0,0.0,75.97,0,5
11:30:12.256,169646,174.12,250.0,100.0,0.0,75.87,0,5
11:30:12.334,169725,174.12,250.0,100.0,0.0,75.87,0,5
11:30:12.364,169746,174.12,250.0,100.0,0.0,75.87,0,5
11:30:12.434,169825,174.23,250.0,100.0,0.0,75.76,0,5
11:30:12.535,169925,174.34,250.0,100.0,0.0,75.65,0,5
11:30:12.633,170025,174.44,250.0,100.0,0.0,75.55,0,5
11:30:12.734,170125,174.56,250.0,100.0,0.0,75.43,0,5
11:30:12.836,170225,174.67,250.0,100.0,0.0,75.32,0,5
11:30:12.939,170325,174.67,250.0,100.0,0.0,75.32,0,5
11:30:13.035,170425,174.79,250.0,100.0,0.0,75.2,0,5
11:30:13.134,170525,174.79,250.0,100.0,0.0,75.2,0,5
11:30:13.155,170546,174.92,250.0,100.0,0.0,75.07,0,5
11:30:13.235,170625,174.92,250.0,100.0,0.0,75.07,0,5
11:30:13.259,170646,175.04,250.0,100.0,0.0,74.95,0,5
11:30:13.334,170725,175.04,250.0,100.0,0.0,74.95,0,5
11:30:13.360,170746,175.04,250.0,100.0,0.0,74.95,0,5
11:30:13.433,170825,175.15,250.0,100.0,0.0,74.84,0,5
11:30:13.534,170925,175.15,250.0,100.0,0.0,74.84,0,5
11:30:13.557,170946,175.28,250.0,100.0,0.0,74.71,0,5
11:30:13.635,171025,175.39,250.0,100.0,0.0,74.6,0,5
11:30:13.745,171125,175.39,250.0,100.0,0.0,74.6,0,5
11:30:13.759,171146,175.5,250.0,100.0,0.0,74.49,0,5
11:30:13.842,171225,175.6,250.0,100.0,0.0,74.39,0,5
11:30:13.937,171325,175.6,250.0,100.0,0.0,74.39,0,5
11:30:13.959,171346,175.6,250.0,100.0,0.0,74.39,0,5
11:30:14.035,171425,175.73,250.0,100.0,0.0,74.26,0,5
11:30:14.133,171525,175.86,250.0,100.0,0.0,74.13,0,5
11:30:14.234,171625,175.98,250.0,100.0,0.0,74.01,0,5
11:30:14.335,171725,176.1,250.0,100.0,0.0,73.89,0,5
11:30:14.433,171825,176.22,250.0,100.0,0.0,73.77,0,5
11:30:14.534,171925,176.33,250.0,100.0,0.0,73.66,0,5
11:30:14.634,172025,176.33,250.0,100.0,0.0,73.66,0,5
11:30:14.682,172046,176.44,250.0,100.0,0.0,73.55,0,5
11:30:14.750,172125,176.54,250.0,100.0,0.0,73.45,0,5
11:30:14.840,172225,176.65,250.0,100.0,0.0,73.34,0,5
11:30:14.935,172325,176.76,250.0,100.0,0.0,73.23,0,5
11:30:15.037,172425,176.86,250.0,100.0,0.0,73.13,0,5
11:30:15.132,172525,176.86,250.0,100.0,0.0,73.13,0,5
11:30:15.155,172546,176.97,250.0,100.0,0.0,73.02,0,5
11:30:15.237,172625,176.97,250.0,100.0,0.0,73.02,0,5
11:30:15.259,172646,177.07,250.0,100.0,0.0,72.92,0,5
11:30:15.339,172725,177.07,250.0,100.0,0.0,72.92,0,5
11:30:15.354,172746,177.17,250.0,100.0,0.0,72.82,0,5
11:30:15.432,172825,177.17,250.0,100.0,0.0,72.82,0,5
11:30:15.461,172846,177.17,250.0,100.0,0.0,72.82,0,5
11:30:15.540,172925,177.31,250.0,100.0,0.0,72.68,0,5
11:30:15.639,173025,177.43,250.0,100.0,0.0,72.56,0,5
11:30:15.739,173125,177.54,250.0,100.0,0.0,72.45,0,5
11:30:15.833,173225,177.54,250.0,100.0,0.0,72.45,0,5
11:30:15.855,173246,177.65,250.0,100.0,0.0,72.34,0,5
11:30:15.940,173325,177.75,250.0,100.0,0.0,72.24,0,5
11:30:16.035,173425,177.87,250.0,100.0,0.0,72.12,0,5
11:30:16.135,173525,177.87,250.0,100.0,0.0,72.12,0,5
11:30:16.155,173546,177.99,250.0,100.0,0.0,72.0,0,5
11:30:16.236,173625,177.99,250.0,100.0,0.0,72.0,0,5
11:30:16.257,173646,178.1,250.0,100.0,0.0,71.89,0,5
11:30:16.334,173725,178.1,250.0,100.0,0.0,71.89,0,5
11:30:16.355,173746,178.21,250.0,100.0,0.0,71.78,0,5
11:30:16.510,173825,178.21,250.0,100.0,0.0,71.78,0,5
11:30:16.549,173846,178.31,250.0,100.0,0.0,71.68,0,5
11:30:16.579,173925,178.31,250.0,100.0,0.0,71.68,0,5
11:30:16.600,173946,178.31,250.0,100.0,0.0,71.68,0,5
11:30:16.647,174025,178.43,250.0,100.0,0.0,71.56,0,5
11:30:16.742,174125,178.54,250.0,100.0,0.0,71.45,0,5
11:30:16.840,174225,178.54,250.0,100.0,0.0,71.45,0,5
11:30:16.855,174246,178.64,250.0,100.0,0.0,71.35,0,5
11:30:16.933,174325,178.74,250.0,100.0,0.0,71.25,0,5
11:30:17.033,174425,178.86,250.0,100.0,0.0,71.13,0,5
11:30:17.133,174525,178.86,250.0,100.0,0.0,71.13,0,5
11:30:17.234,174625,178.99,250.0,100.0,0.0,71.0,0,5
11:30:17.333,174725,178.99,250.0,100.0,0.0,71.0,0,5
11:30:17.355,174746,179.1,250.0,100.0,0.0,70.89,0,5
11:30:17.460,174825,179.1,250.0,100.0,0.0,70.89,0,5
11:30:17.473,174846,179.22,250.0,100.0,0.0,70.77,0,5
11:30:17.537,174925,179.22,250.0,100.0,0.0,70.77,0,5
11:30:17.557,174946,179.22,250.0,100.0,0.0,70.77,0,5
11:30:17.634,175025,179.33,250.0,100.0,0.0,70.66,0,5
11:30:17.734,175125,179.46,250.0,100.0,0.0,70.53,0,5
11:30:17.834,175225,179.46,250.0,100.0,0.0,70.53,0,5
11:30:17.855,175246,179.58,250.0,100.0,0.0,70.41,0,5
11:30:17.938,175325,179.68,250.0,100.0,0.0,70.31,0,5
11:30:18.035,175425,179.8,250.0,100.0,0.0,70.19,0,5
11:30:18.133,175525,179.8,250.0,100.0,0.0,70.19,0,5
11:30:18.157,175546,179.8,250.0,100.0,0.0,70.19,0,5
11:30:18.233,175625,179.93,250.0,100.0,0.0,70.06,0,5
11:30:18.335,175725,179.93,250.0,100.0,0.0,70.06,0,5
11:30:18.355,175746,180.05,250.0,100.0,0.0,69.94,0,5
11:30:18.437,175825,180.05,250.0,100.0,0.0,69.94,0,5
11:30:18.464,175846,180.18,250.0,100.0,0.0,69.81,0,5
11:30:18.537,175925,180.18,250.0,100.0,0.0,69.81,0,5
11:30:18.557,175946,180.18,250.0,100.0,0.0,69.81,0,5
11:30:18.635,176025,180.3,250.0,100.0,0.0,69.69,0,5
11:30:18.736,176125,180.3,250.0,100.0,0.0,69.69,0,5
11:30:18.756,176146,180.46,250.0,100.0,0.0,69.53,0,5
11:30:18.835,176225,180.59,250.0,100.0,0.0,69.4,0,5
11:30:18.932,176325,180.59,250.0,100.0,0.0,69.4,0,5
11:30:18.954,176346,180.71,250.0,100.0,0.0,69.28,0,5
11:30:19.035,176425,180.83,250.0,100.0,0.0,69.16,0,5
11:30:19.138,176525,180.83,250.0,100.0,0.0,69.16,0,5
11:30:19.155,176546,180.83,250.0,100.0,0.0,69.16,0,5
11:30:19.239,176625,180.94,250.0,100.0,0.0,69.05,0,5
11:30:19.335,176725,180.94,250.0,100.0,0.0,69.05,0,5
11:30:19.377,176746,181.06,250.0,100.0,0.0,68.93,0,5
11:30:19.440,176825,181.06,250.0,100.0,0.0,68.93,0,5
11:30:19.459,176846,181.19,250.0,100.0,0.0,68.8,0,5
11:30:19.535,176925,181.19,250.0,100.0,0.0,68.8,0,5
11:30:19.565,176946,181.32,250.0,100.0,0.0,68.67,0,5
11:30:19.632,177025,181.32,250.0,100.0,0.0,68.67,0,5
11:30:19.655,177046,181.32,250.0,100.0,0.0,68.67,0,5
11:30:19.735,177125,181.43,250.0,100.0,0.0,68.56,0,5
11:30:19.836,177225,181.56,250.0,100.0,0.0,68.43,0,5
11:30:19.931,177325,181.67,250.0,100.0,0.0,68.32,0,5
11:30:20.035,177425,181.77,250.0,100.0,0.0,68.22,0,5
11:30:20.132,177525,181.89,250.0,100.0,0.0,68.1,0,5
11:30:20.236,177625,181.89,250.0,100.0,0.0,68.1,0,5
11:30:20.305,177646,181.89,250.0,100.0,0.0,68.1,0,5
11:30:20.350,177725,182.0,250.0,100.0,0.0,67.99,0,5
11:30:20.433,177825,182.0,250.0,100.0,0.0,67.99,0,5
11:30:20.460,177846,182.11,250.0,100.0,0.0,67.88,0,5
11:30:20.538,177925,182.11,250.0,100.0,0.0,67.88,0,5
11:30:20.556,177946,182.23,250.0,100.0,0.0,67.76,0,5
11:30:20.632,178025,182.23,250.0,100.0,0.0,67.76,0,5
11:30:20.655,178046,182.23,250.0,100.0,0.0,67.76,0,5
11:30:20.732,178125,182.34,250.0,100.0,0.0,67.65,0,5
11:30:20.834,178225,182.46,250.0,100.0,0.0,67.53,0,5
11:30:20.932,178325,182.58,250.0,100.0,0.0,67.41,0,5
11:30:21.035,178425,182.7,250.0,100.0,0.0,67.29,0,5
11:30:21.139,178525,182.81,250.0,100.0,0.0,67.18,0,5
11:30:21.234,178625,182.81,250.0,100.0,0.0,67.18,0,5
11:30:21.259,178646,182.81,250.0,100.0,0.0,67.18,0,5
11:30:21.332,178725,182.93,250.0,100.0,0.0,67.06,0,5
11:30:21.433,178825,183.04,250.0,100.0,0.0,66.95,0,5
11:30:21.536,178925,183.04,250.0,100.0,0.0,66.95,0,5
11:30:21.561,178946,183.16,250.0,100.0,0.0,66.83,0,5
11:30:21.634,179025,183.16,250.0,100.0,0.0,66.83,0,5
11:30:21.655,179046,183.29,250.0,100.0,0.0,66.7,0,5
11:30:21.743,179125,183.29,250.0,100.0,0.0,66.7,0,5
11:30:21.757,179146,183.29,250.0,100.0,0.0,66.7,0,5
11:30:21.832,179225,183.42,250.0,100.0,0.0,66.57,0,5
11:30:21.932,179325,183.42,250.0,100.0,0.0,66.57,0,5
11:30:21.954,179346,183.55,250.0,100.0,0.0,66.44,0,5
11:30:22.057,179425,183.65,250.0,100.0,0.0,66.34,0,5
11:30:22.135,179525,183.76,250.0,100.0,0.0,66.23,0,5
11:30:22.251,179625,183.76,250.0,100.0,0.0,66.23,0,5
11:30:22.274,179646,183.87,250.0,100.0,0.0,66.12,0,5
11:30:22.332,179725,183.96,250.0,100.0,0.0,66.03,0,5
11:30:22.432,179825,183.96,250.0,100.0,0.0,66.03,0,5
11:30:22.453,179846,184.08,250.0,100.0,0.0,65.91,0,5
11:30:22.535,179925,184.08,250.0,100.0,0.0,65.91,0,5
11:30:22.556,179946,184.21,250.0,100.0,0.0,65.78,0,5
11:30:22.635,180025,184.21,250.0,100.0,0.0,65.78,0,5
11:30:22.655,180046,184.3,250.0,100.0,0.0,65.69,0,5
11:30:22.732,180125,184.3,250.0,100.0,0.0,65.69,0,5
11:30:22.759,180146,184.4,250.0,100.0,0.0,65.59,0,5
11:30:22.835,180225,184.4,250.0,100.0,0.0,65.59,0,5
11:30:22.876,180246,184.4,250.0,100.0,0.0,65.59,0,5
11:30:22.953,180325,184.51,250.0,100.0,0.0,65.48,0,5
11:30:23.035,180425,184.51,250.0,100.0,0.0,65.48,0,5
11:30:23.065,180446,184.62,250.0,100.0,0.0,65.37,0,5
11:30:23.139,180525,184.72,250.0,100.0,0.0,65.27,0,5
11:30:23.236,180625,184.82,250.0,100.0,0.0,65.17,0,5
11:30:23.334,180725,184.92,250.0,100.0,0.0,65.07,0,5
11:30:23.432,180825,184.92,250.0,100.0,0.0,65.07,0,5
11:30:23.532,180925,185.04,250.0,100.0,0.0,64.95,0,5
11:30:23.634,181025,185.04,250.0,100.0,0.0,64.95,0,5
11:30:23.652,181046,185.16,250.0,100.0,0.0,64.83,0,5
11:30:23.732,181125,185.16,250.0,100.0,0.0,64.83,0,5
11:30:23.753,181146,185.27,250.0,100.0,0.0,64.72,0,5
11:30:23.844,181225,185.27,250.0,100.0,0.0,64.72,0,5
11:30:23.869,181246,185.27,250.0,100.0,0.0,64.72,0,5
11:30:23.940,181325,185.4,250.0,100.0,0.0,64.59,0,5
11:30:24.034,181425,185.51,250.0,100.0,0.0,64.48,0,5
11:30:24.131,181525,185.51,250.0,100.0,0.0,64.48,0,5
11:30:24.153,181546,185.61,250.0,100.0,0.0,64.38,0,5
11:30:24.230,181625,185.61,250.0,100.0,0.0,64.38,0,5
11:30:24.252,181646,185.72,250.0,100.0,0.0,64.27,0,5
11:30:24.330,181725,185.72,250.0,100.0,0.0,64.27,0,5
11:30:24.355,181746,185.81,250.0,100.0,0.0,64.18,0,5
11:30:24.431,181825,185.81,250.0,100.0,0.0,64.18,0,5
11:30:24.457,181846,185.92,250.0,100.0,0.0,64.07,0,5
11:30:24.534,181925,185.92,250.0,100.0,0.0,64.07,0,5
11:30:24.557,181946,186.04,250.0,100.0,0.0,63.95,0,5
11:30:24.631,182025,186.04,250.0,100.0,0.0,63.95,0,5
11:30:24.667,182046,186.13,250.0,100.0,0.0,63.86,0,5
11:30:24.744,182125,186.13,250.0,100.0,0.0,63.86,0,5
11:30:24.772,182146,186.25,250.0,100.0,0.0,63.74,0,5
11:30:24.834,182225,186.25,250.0,100.0,0.0,63.74,0,5
11:30:24.873,182246,186.34,250.0,100.0,0.0,63.65,0,5
11:30:24.947,182325,186.34,250.0,100.0,0.0,63.65,0,5
11:30:24.986,182346,186.34,250.0,100.0,0.0,63.65,0,5
11:30:25.043,182425,186.45,250.0,100.0,0.0,63.54,0,5
11:30:25.131,182525,186.56,250.0,100.0,0.0,63.43,0,5
11:30:25.230,182625,186.56,250.0,100.0,0.0,63.43,0,5
11:30:25.260,182646,186.67,250.0,100.0,0.0,63.32,0,5
11:30:25.333,182725,186.67,250.0,100.0,0.0,63.32,0,5
11:30:25.354,182746,186.78,250.0,100.0,0.0,63.21,0,5
11:30:25.430,182825,186.89,250.0,100.0,0.0,63.1,0,5
11:30:25.530,182925,186.98,250.0,100.0,0.0,63.01,0,5
11:30:25.631,183025,187.08,250.0,100.0,0.0,62.91,0,5
11:30:25.759,183125,187.18,250.0,100.0,0.0,62.81,0,5
11:30:25.848,183225,187.18,250.0,100.0,0.0,62.81,0,5
11:30:25.874,183246,187.27,250.0,100.0,0.0,62.72,0,5
11:30:25.932,183325,187.27,250.0,100.0,0.0,62.72,0,5
11:30:25.954,183346,187.27,250.0,100.0,0.0,62.72,0,5
11:30:26.030,183425,187.36,250.0,100.0,0.0,62.63,0,5
11:30:26.134,183525,187.47,250.0,100.0,0.0,62.52,0,5
11:30:26.232,183625,187.57,250.0,100.0,0.0,62.42,0,5
11:30:26.334,183725,187.57,250.0,100.0,0.0,62.42,0,5
11:30:26.355,183746,187.68,250.0,100.0,0.0,62.31,0,5
11:30:26.430,183825,187.77,250.0,100.0,0.0,62.22,0,5
11:30:26.534,183925,187.87,250.0,100.0,0.0,62.12,0,5
11:30:26.633,184025,187.95,250.0,100.0,0.0,62.04,0,5
11:30:26.738,184125,187.95,250.0,100.0,0.0,62.04,0,5
11:30:26.766,184146,188.04,250.0,100.0,0.0,61.95,0,5
11:30:26.832,184225,188.04,250.0,100.0,0.0,61.95,0,5
11:30:26.853,184246,188.14,250.0,100.0,0.0,61.85,0,5
11:30:26.933,184325,188.14,250.0,100.0,0.0,61.85,0,5
11:30:26.957,184346,188.23,250.0,100.0,0.0,61.76,0,5
11:30:27.030,184425,188.23,250.0,100.0,0.0,61.76,0,5
11:30:27.054,184446,188.23,250.0,100.0,0.0,61.76,0,5
11:30:27.138,184525,188.33,250.0,100.0,0.0,61.66,0,5
11:30:27.231,184625,188.43,250.0,100.0,0.0,61.56,0,5
11:30:27.330,184725,188.43,250.0,100.0,0.0,61.56,0,5
11:30:27.353,184746,188.52,250.0,100.0,0.0,61.47,0,5
11:30:27.459,184825,188.59,250.0,100.0,0.0,61.4,0,5
11:30:27.536,184925,188.7,250.0,100.0,0.0,61.29,0,5
11:30:27.632,185025,188.8,250.0,100.0,0.0,61.19,0,5
11:30:27.731,185125,188.9,250.0,100.0,0.0,61.09,0,5
11:30:27.834,185225,189.0,250.0,100.0,0.0,60.99,0,5
11:30:27.930,185325,189.0,250.0,100.0,0.0,60.99,0,5
11:30:27.952,185346,189.11,250.0,100.0,0.0,60.88,0,5
11:30:28.030,185425,189.11,250.0,100.0,0.0,60.88,0,5
11:30:28.054,185446,189.11,250.0,100.0,0.0,60.88,0,5
11:30:28.131,185525,189.21,250.0,100.0,0.0,60.78,0,5
11:30:28.230,185625,189.32,250.0,100.0,0.0,60.67,0,5
11:30:28.334,185725,189.43,250.0,100.0,0.0,60.56,0,5
11:30:28.436,185825,189.43,250.0,100.0,0.0,60.56,0,5
11:30:28.481,185846,189.43,250.0,100.0,0.0,60.56,0,5
11:30:28.541,185925,189.54,250.0,100.0,0.0,60.45,0,5
11:30:28.633,186025,189.67,250.0,100.0,0.0,60.32,0,5
11:30:28.730,186125,189.79,250.0,100.0,0.0,60.2,0,5
11:30:28.832,186225,189.9,250.0,100.0,0.0,60.09,0,5
11:30:28.930,186325,189.9,250.0,100.0,0.0,60.09,0,5
11:30:28.952,186346,190.01,250.0,100.0,0.0,59.98,0,5
11:30:29.030,186425,190.01,250.0,100.0,0.0,59.98,0,5
11:30:29.051,186446,190.11,250.0,100.0,0.0,59.88,0,5
11:30:29.131,186525,190.11,250.0,100.0,0.0,59.88,0,5
11:30:29.154,186546,190.11,250.0,100.0,0.0,59.88,0,5
11:30:29.234,186625,190.21,250.0,100.0,0.0,59.78,0,5
11:30:29.331,186725,190.21,250.0,100.0,0.0,59.78,0,5
11:30:29.360,186746,190.31,250.0,100.0,0.0,59.68,0,5
11:30:29.430,186825,190.31,250.0,100.0,0.0,59.68,0,5
11:30:29.452,186846,190.42,250.0,100.0,0.0,59.57,0,5
11:30:29.530,186925,190.51,250.0,100.0,0.0,59.48,0,5
11:30:29.632,187025,190.61,250.0,100.0,0.0,59.38,0,5
11:30:29.730,187125,190.61,250.0,100.0,0.0,59.38,0,5
11:30:29.758,187146,190.73,250.0,100.0,0.0,59.26,0,5
11:30:29.832,187225,190.73,250.0,100.0,0.0,59.26,0,5
11:30:29.854,187246,190.84,250.0,100.0,0.0,59.15,0,5
11:30:29.934,187325,190.84,250.0,100.0,0.0,59.15,0,5
11:30:29.953,187346,190.94,250.0,100.0,0.0,59.05,0,5
11:30:30.060,187425,190.94,250.0,100.0,0.0,59.05,0,5
11:30:30.083,187446,191.03,250.0,100.0,0.0,58.96,0,5
11:30:30.132,187525,191.03,250.0,100.0,0.0,58.96,0,5
11:30:30.166,187546,191.03,250.0,100.0,0.0,58.96,0,5
11:30:30.235,187625,191.13,250.0,100.0,0.0,58.86,0,5
11:30:30.329,187725,191.23,250.0,100.0,0.0,58.76,0,5
11:30:30.430,187825,191.34,250.0,100.0,0.0,58.65,0,5
11:30:30.530,187925,191.43,250.0,100.0,0.0,58.56,0,5
11:30:30.632,188025,191.52,250.0,100.0,0.0,58.47,0,5
11:30:30.732,188125,191.52,250.0,100.0,0.0,58.47,0,5
11:30:30.760,188146,191.52,250.0,100.0,0.0,58.47,0,5
11:30:30.846,188225,191.63,250.0,100.0,0.0,58.36,0,5
11:30:30.932,188325,191.74,250.0,100.0,0.0,58.25,0,5
11:30:31.040,188425,191.74,250.0,100.0,0.0,58.25,0,5
11:30:31.066,188446,191.83,250.0,100.0,0.0,58.16,0,5
11:30:31.130,188525,191.83,250.0,100.0,0.0,58.16,0,5
11:30:31.154,188546,191.92,250.0,100.0,0.0,58.07,0,5
11:30:31.229,188625,191.92,250.0,100.0,0.0,58.07,0,5
11:30:31.252,188646,191.92,250.0,100.0,0.0,58.07,0,5
11:30:31.334,188725,192.03,250.0,100.0,0.0,57.96,0,5
11:30:31.431,188825,192.03,250.0,100.0,0.0,57.96,0,5
11:30:31.453,188846,192.14,250.0,100.0,0.0,57.85,0,5
11:30:31.530,188925,192.22,250.0,100.0,0.0,57.77,0,5
11:30:31.630,189025,192.22,250.0,100.0,0.0,57.77,0,5
11:30:31.651,189046,192.34,250.0,100.0,0.0,57.65,0,5
11:30:31.777,189125,192.44,250.0,100.0,0.0,57.55,0,5
11:30:31.846,189225,192.56,250.0,100.0,0.0,57.43,0,5
11:30:31.933,189325,192.56,250.0,100.0,0.0,57.43,0,5
11:30:31.961,189346,192.67,250.0,100.0,0.0,57.32,0,5
11:30:32.029,189425,192.67,250.0,100.0,0.0,57.32,0,5
11:30:32.051,189446,192.77,250.0,100.0,0.0,57.22,0,5
11:30:32.131,189525,192.77,250.0,100.0,0.0,57.22,0,5
11:30:32.154,189546,192.87,250.0,100.0,0.0,57.12,0,5
11:30:32.229,189625,192.87,250.0,100.0,0.0,57.12,0,5
11:30:32.252,189646,192.87,250.0,100.0,0.0,57.12,0,5
11:30:32.331,189725,192.97,250.0,100.0,0.0,57.02,0,5
11:30:32.442,189825,193.08,250.0,100.0,0.0,56.91,0,5
11:30:32.532,189925,193.18,250.0,100.0,0.0,56.81,0,5
11:30:32.688,190025,193.18,250.0,100.0,0.0,56.81,0,5
11:30:32.726,190046,193.28,250.0,100.0,0.0,56.71,0,5
11:30:32.749,190125,193.37,250.0,100.0,0.0,56.62,0,5
11:30:32.896,190225,193.47,250.0,100.0,0.0,56.52,0,5
11:30:32.992,190325,193.55,250.0,100.0,0.0,56.44,0,5
11:30:33.077,190425,193.55,250.0,100.0,0.0,56.44,0,5
11:30:33.103,190446,193.65,250.0,100.0,0.0,56.34,0,5
11:30:33.147,190525,193.65,250.0,100.0,0.0,56.34,0,5
11:30:33.184,190546,193.73,250.0,100.0,0.0,56.26,0,5
11:30:33.252,190625,193.73,250.0,100.0,0.0,56.26,0,5
11:30:33.264,190646,193.82,250.0,100.0,0.0,56.17,0,5
11:30:33.329,190725,193.82,250.0,100.0,0.0,56.17,0,5
11:30:33.350,190746,193.82,250.0,100.0,0.0,56.17,0,5
11:30:33.429,190825,193.93,250.0,100.0,0.0,56.06,0,5
11:30:33.529,190925,193.93,250.0,100.0,0.0,56.06,0,5
11:30:33.550,190946,194.05,250.0,100.0,0.0,55.94,0,5
11:30:33.629,191025,194.16,250.0,100.0,0.0,55.83,0,5
11:30:33.728,191125,194.16,250.0,100.0,0.0,55.83,0,5
11:30:33.750,191146,194.27,250.0,100.0,0.0,55.72,0,5
11:30:33.829,191225,194.36,250.0,100.0,0.0,55.63,0,5
11:30:33.956,191325,194.36,250.0,100.0,0.0,55.63,0,5
11:30:34.029,191425,194.46,250.0,100.0,0.0,55.53,0,5
11:30:34.130,191525,194.46,250.0,100.0,0.0,55.53,0,5
11:30:34.151,191546,194.57,250.0,100.0,0.0,55.42,0,5
11:30:34.229,191625,194.57,250.0,100.0,0.0,55.42,0,5
11:30:34.251,191646,194.66,250.0,100.0,0.0,55.33,0,5
11:30:34.329,191725,194.66,250.0,100.0,0.0,55.33,0,5
11:30:34.350,191746,194.66,250.0,100.0,0.0,55.33,0,5
11:30:34.429,191825,194.77,250.0,100.0,0.0,55.22,0,5
11:30:34.530,191925,194.88,250.0,100.0,0.0,55.11,0,5
11:30:34.631,192025,194.88,250.0,100.0,0.0,55.11,0,5
11:30:34.652,192046,194.97,250.0,100.0,0.0,55.02,0,5
11:30:34.733,192125,195.06,250.0,100.0,0.0,54.93,0,5
11:30:34.835,192225,195.16,250.0,100.0,0.0,54.83,0,5
11:30:34.929,192325,195.16,250.0,100.0,0.0,54.83,0,5
11:30:34.951,192346,195.16,250.0,100.0,0.0,54.83,0,5
11:30:35.030,192425,195.26,250.0,100.0,0.0,54.73,0,5
11:30:35.131,192525,195.37,250.0,100.0,0.0,54.62,0,5
11:30:35.228,192625,195.37,250.0,100.0,0.0,54.62,0,5
11:30:35.252,192646,195.48,250.0,100.0,0.0,54.51,0,5
11:30:35.328,192725,195.48,250.0,100.0,0.0,54.51,0,5
11:30:35.349,192746,195.57,250.0,100.0,0.0,54.42,0,5
11:30:35.428,192825,195.57,250.0,100.0,0.0,54.42,0,5
11:30:35.576,192846,195.57,250.0,100.0,0.0,54.42,0,5
11:30:35.585,192925,195.67,250.0,100.0,0.0,54.32,0,5
11:30:35.632,193025,195.67,250.0,100.0,0.0,54.32,0,5
11:30:35.661,193046,195.78,250.0,100.0,0.0,54.21,0,5
11:30:35.729,193125,195.78,250.0,100.0,0.0,54.21,0,5
11:30:35.753,193146,195.87,250.0,100.0,0.0,54.12,0,5
11:30:35.828,193225,195.95,250.0,100.0,0.0,54.04,0,5
11:30:35.929,193325,195.95,250.0,100.0,0.0,54.04,0,5
11:30:35.952,193346,195.95,250.0,100.0,0.0,54.04,0,5
11:30:36.028,193425,196.06,250.0,100.0,0.0,53.93,0,5
11:30:36.130,193525,196.18,250.0,100.0,0.0,53.81,0,5
11:30:36.229,193625,196.18,250.0,100.0,0.0,53.81,0,5
11:30:36.251,193646,196.27,250.0,100.0,0.0,53.72,0,5
11:30:36.329,193725,196.27,250.0,100.0,0.0,53.72,0,5
11:30:36.360,193746,196.4,250.0,100.0,0.0,53.59,0,5
11:30:36.430,193825,196.4,250.0,100.0,0.0,53.59,0,5
11:30:36.452,193846,196.4,250.0,100.0,0.0,53.59,0,5
11:30:36.543,193925,196.5,250.0,100.0,0.0,53.49,0,5
11:30:36.631,194025,196.6,250.0,100.0,0.0,53.39,0,5
11:30:36.732,194125,196.6,250.0,100.0,0.0,53.39,0,5
11:30:36.752,194146,196.7,250.0,100.0,0.0,53.29,0,5
11:30:36.829,194225,196.79,250.0,100.0,0.0,53.2,0,5
11:30:36.931,194325,196.79,250.0,100.0,0.0,53.2,0,5
11:30:36.952,194346,196.89,250.0,100.0,0.0,53.1,0,5
11:30:37.028,194425,196.97,250.0,100.0,0.0,53.02,0,5
11:30:37.130,194525,197.09,250.0,100.0,0.0,52.9,0,5
11:30:37.296,194625,197.19,250.0,100.0,0.0,52.8,0,5
11:30:37.348,194725,197.19,250.0,100.0,0.0,52.8,0,5
11:30:37.393,194746,197.31,250.0,100.0,0.0,52.68,0,5
11:30:37.431,194825,197.31,250.0,100.0,0.0,52.68,0,5
11:30:37.452,194846,197.31,250.0,100.0,0.0,52.68,0,5
11:30:37.527,194925,197.39,250.0,100.0,0.0,52.6,0,5
11:30:37.632,195025,197.52,250.0,100.0,0.0,52.47,0,5
11:30:37.730,195125,197.52,250.0,100.0,0.0,52.47,0,5
11:30:37.750,195146,197.61,250.0,100.0,0.0,52.38,0,5
11:30:37.828,195225,197.7,250.0,100.0,0.0,52.29,0,5
11:30:37.937,195325,197.8,250.0,100.0,0.0,52.19,0,5
11:30:38.029,195425,197.8,250.0,100.0,0.0,52.19,0,5
11:30:38.053,195446,197.8,250.0,100.0,0.0,52.19,0,5
11:30:38.130,195525,197.9,250.0,100.0,0.0,52.09,0,5
11:30:38.237,195625,198.02,250.0,100.0,0.0,51.97,0,5
11:30:38.336,195725,198.13,250.0,100.0,0.0,51.86,0,5
11:30:38.429,195825,198.23,250.0,100.0,0.0,51.76,0,5
11:30:38.528,195925,198.23,250.0,100.0,0.0,51.76,0,5
11:30:38.549,195946,198.23,250.0,100.0,0.0,51.76,0,5
11:30:38.628,196025,198.33,250.0,100.0,0.0,51.66,0,5
11:30:38.727,196125,198.33,250.0,100.0,0.0,51.66,0,5
11:30:38.749,196146,198.44,250.0,100.0,0.0,51.55,0,5
11:30:38.827,196225,198.53,250.0,100.0,0.0,51.46,0,5
11:30:38.932,196325,198.65,250.0,100.0,0.0,51.34,0,5
11:30:39.049,196425,198.65,250.0,100.0,0.0,51.34,0,5
11:30:39.083,196446,198.76,250.0,100.0,0.0,51.23,0,5
11:30:39.132,196525,198.86,250.0,100.0,0.0,51.13,0,5
11:30:39.251,196625,198.95,250.0,100.0,0.0,51.04,0,5
11:30:39.333,196725,198.95,250.0,100.0,0.0,51.04,0,5
11:30:39.356,196746,199.06,250.0,100.0,0.0,50.93,0,5
11:30:39.429,196825,199.06,250.0,100.0,0.0,50.93,0,5
11:30:39.451,196846,199.17,250.0,100.0,0.0,50.82,0,5
11:30:39.529,196925,199.17,250.0,100.0,0.0,50.82,0,5
11:30:39.551,196946,199.27,250.0,100.0,0.0,50.72,0,5
11:30:39.627,197025,199.27,250.0,100.0,0.0,50.72,0,5
11:30:39.653,197046,199.27,250.0,100.0,0.0,50.72,0,5
11:30:39.730,197125,199.38,250.0,100.0,0.0,50.61,0,5
11:30:39.857,197225,199.38,250.0,100.0,0.0,50.61,0,5
11:30:39.883,197246,199.49,250.0,100.0,0.0,50.5,0,5
11:30:39.999,197325,199.58,250.0,100.0,0.0,50.41,0,5
11:30:40.062,197425,199.58,250.0,100.0,0.0,50.41,0,5
11:30:40.078,197446,199.69,250.0,100.0,0.0,50.3,0,5
11:30:40.140,197525,199.8,250.0,100.0,0.0,50.19,0,5
11:30:40.229,197625,199.89,250.0,100.0,0.0,50.1,0,5
11:30:40.332,197725,199.89,250.0,100.0,0.0,50.1,0,5
11:30:40.369,197746,200.01,250.0,100.0,0.0,49.98,0,5
11:30:40.429,197825,200.01,250.0,100.0,0.0,49.98,0,5
11:30:40.451,197846,200.13,250.0,100.0,0.0,49.86,0,5
11:30:40.527,197925,200.13,250.0,100.0,0.0,49.86,0,5
11:30:40.552,197946,200.23,250.0,100.0,0.0,49.76,0,5
11:30:40.628,198025,200.23,250.0,100.0,0.0,49.76,0,5
11:30:40.654,198046,200.23,250.0,100.0,0.0,49.76,0,5
11:30:40.727,198125,200.31,250.0,100.0,0.0,49.68,0,5
11:30:40.828,198225,200.31,250.0,100.0,0.0,49.68,0,5
11:30:40.849,198246,200.42,250.0,100.0,0.0,49.57,0,5
11:30:40.927,198325,200.51,250.0,100.0,0.0,49.48,0,5
11:30:41.051,198425,200.62,250.0,100.0,0.0,49.37,0,5
11:30:41.130,198525,200.62,250.0,100.0,0.0,49.37,0,5
11:30:41.162,198546,200.62,250.0,100.0,0.0,49.37,0,5
11:30:41.230,198625,200.73,250.0,100.0,0.0,49.26,0,5
11:30:41.327,198725,200.73,250.0,100.0,0.0,49.26,0,5
11:30:41.349,198746,200.83,250.0,100.0,0.0,49.16,0,5
11:30:41.431,198825,200.92,250.0,100.0,0.0,49.07,0,5
11:30:41.527,198925,201.01,250.0,100.0,0.0,48.98,0,5
11:30:41.628,199025,201.11,250.0,100.0,0.0,48.88,0,5
11:30:41.727,199125,201.21,250.0,100.0,0.0,48.78,0,5
11:30:41.827,199225,201.21,250.0,100.0,0.0,48.78,0,5
11:30:41.863,199246,201.34,250.0,100.0,0.0,48.65,0,5
11:30:41.929,199325,201.45,250.0,100.0,0.0,48.54,0,5
11:30:42.031,199425,201.45,250.0,100.0,0.0,48.54,0,5
11:30:42.060,199446,201.55,250.0,100.0,0.0,48.44,0,5
11:30:42.127,199525,201.55,250.0,100.0,0.0,48.44,0,5
11:30:42.159,199546,201.55,250.0,100.0,0.0,48.44,0,5
11:30:42.242,199625,201.63,250.0,100.0,0.0,48.36,0,5
11:30:42.327,199725,201.63,250.0,100.0,0.0,48.36,0,5
11:30:42.349,199746,201.74,250.0,100.0,0.0,48.25,0,5
11:30:42.427,199825,201.84,250.0,100.0,0.0,48.15,0,5
11:30:42.527,199925,201.84,250.0,100.0,0.0,48.15,0,5
11:30:42.551,199946,201.93,250.0,100.0,0.0,48.06,0,5
11:30:42.626,200025,201.93,250.0,100.0,0.0,48.06,0,5
11:30:42.653,200046,202.03,250.0,100.0,0.0,47.96,0,5
11:30:42.730,200125,202.03,250.0,100.0,0.0,47.96,0,5
11:30:42.750,200146,202.03,250.0,100.0,0.0,47.96,0,5
11:30:42.834,200225,202.14,250.0,100.0,0.0,47.85,0,5
11:30:42.932,200325,202.14,250.0,100.0,0.0,47.85,0,5
11:30:42.953,200346,202.25,250.0,100.0,0.0,47.74,0,5
11:30:43.028,200425,202.34,250.0,100.0,0.0,47.65,0,5
11:30:43.131,200525,202.34,250.0,100.0,0.0,47.65,0,5
11:30:43.164,200546,202.45,250.0,100.0,0.0,47.54,0,5
11:30:43.229,200625,202.56,250.0,100.0,0.0,47.43,0,5
11:30:43.325,200725,202.56,250.0,100.0,0.0,47.43,0,5
11:30:43.354,200746,202.56,250.0,100.0,0.0,47.43,0,5
11:30:43.431,200825,202.68,250.0,100.0,0.0,47.31,0,5
11:30:43.528,200925,202.68,250.0,100.0,0.0,47.31,0,5
11:30:43.551,200946,202.78,250.0,100.0,0.0,47.21,0,5
11:30:43.631,201025,202.88,250.0,100.0,0.0,47.11,0,5
11:30:43.726,201125,202.88,250.0,100.0,0.0,47.11,0,5
11:30:43.756,201146,203.03,250.0,100.0,0.0,46.96,0,5
11:30:43.832,201225,203.03,250.0,100.0,0.0,46.96,0,5
11:30:43.856,201246,203.03,250.0,100.0,0.0,46.96,0,5
11:30:43.930,201325,203.13,250.0,100.0,0.0,46.86,0,5
11:30:44.047,201425,203.13,250.0,100.0,0.0,46.86,0,5
11:30:44.053,201446,203.23,250.0,100.0,0.0,46.76,0,5
11:30:44.128,201525,203.33,250.0,100.0,0.0,46.66,0,5
11:30:44.225,201625,203.33,250.0,100.0,0.0,46.66,0,5
11:30:44.252,201646,203.44,250.0,100.0,0.0,46.55,0,5
11:30:44.327,201725,203.44,250.0,100.0,0.0,46.55,0,5
11:30:44.355,201746,203.54,250.0,100.0,0.0,46.45,0,5
11:30:44.425,201825,203.64,250.0,100.0,0.0,46.35,0,5
11:30:44.529,201925,203.64,250.0,100.0,0.0,46.35,0,5
11:30:44.556,201946,203.73,250.0,100.0,0.0,46.26,0,5
11:30:44.625,202025,203.82,250.0,100.0,0.0,46.17,0,5
11:30:44.769,202125,203.82,250.0,100.0,0.0,46.17,0,5
11:30:44.804,202146,203.91,250.0,100.0,0.0,46.08,0,5
11:30:44.831,202225,203.91,250.0,100.0,0.0,46.08,0,5
11:30:44.862,202246,203.91,250.0,100.0,0.0,46.08,0,5
11:30:44.933,202325,204.04,250.0,100.0,0.0,45.95,0,5
11:30:45.025,202425,204.04,250.0,100.0,0.0,45.95,0,5
11:30:45.048,202446,204.14,250.0,100.0,0.0,45.85,0,5
11:30:45.126,202525,204.24,250.0,100.0,0.0,45.75,0,5
11:30:45.226,202625,204.24,250.0,100.0,0.0,45.75,0,5
11:30:45.252,202646,204.33,250.0,100.0,0.0,45.66,0,5
11:30:45.332,202725,204.41,250.0,100.0,0.0,45.58,0,5
11:30:45.426,202825,204.41,250.0,100.0,0.0,45.58,0,5
11:30:45.449,202846,204.41,250.0,100.0,0.0,45.58,0,5
11:30:45.526,202925,204.51,250.0,100.0,0.0,45.48,0,5
11:30:45.630,203025,204.51,250.0,100.0,0.0,45.48,0,5
11:30:45.667,203046,204.63,250.0,100.0,0.0,45.36,0,5
11:30:45.735,203125,204.63,250.0,100.0,0.0,45.36,0,5
11:30:45.749,203146,204.74,250.0,100.0,0.0,45.25,0,5
11:30:45.834,203225,204.74,250.0,100.0,0.0,45.25,0,5
11:30:45.857,203246,204.84,250.0,100.0,0.0,45.15,0,5
11:30:45.926,203325,204.84,250.0,100.0,0.0,45.15,0,5
11:30:45.953,203346,204.84,250.0,100.0,0.0,45.15,0,5
11:30:46.027,203425,204.94,250.0,100.0,0.0,45.05,0,5
11:30:46.126,203525,204.94,250.0,100.0,0.0,45.05,0,5
11:30:46.148,203546,205.04,250.0,100.0,0.0,44.95,0,5
11:30:46.229,203625,205.14,250.0,100.0,0.0,44.85,0,5
11:30:46.329,203725,205.14,250.0,100.0,0.0,44.85,0,5
11:30:46.348,203746,205.25,250.0,100.0,0.0,44.74,0,5
11:30:46.426,203825,205.36,250.0,100.0,0.0,44.63,0,5
11:30:46.557,203925,205.36,250.0,100.0,0.0,44.63,0,5
11:30:46.674,203946,205.48,250.0,100.0,0.0,44.51,0,5
11:30:46.702,204025,205.6,250.0,100.0,0.0,44.39,0,5
11:30:46.736,204125,205.6,250.0,100.0,0.0,44.39,0,5
11:30:46.749,204146,205.69,250.0,100.0,0.0,44.3,0,5
11:30:46.829,204225,205.78,250.0,100.0,0.0,44.21,0,5
11:30:46.931,204325,205.88,250.0,100.0,0.0,44.11,0,5
11:30:47.036,204425,205.98,250.0,100.0,0.0,44.01,0,5
11:30:47.126,204525,205.98,250.0,100.0,0.0,44.01,0,5
11:30:47.153,204546,206.08,250.0,100.0,0.0,43.91,0,5
11:30:47.226,204625,206.08,250.0,100.0,0.0,43.91,0,5
11:30:47.251,204646,206.18,250.0,100.0,0.0,43.81,0,5
11:30:47.329,204725,206.27,250.0,100.0,0.0,43.72,0,5
11:30:47.436,204825,206.36,250.0,100.0,0.0,43.63,0,5
11:30:47.529,204925,206.36,250.0,100.0,0.0,43.63,0,5
11:30:47.562,204946,206.36,250.0,100.0,0.0,43.63,0,5
11:30:47.652,205025,206.46,250.0,100.0,0.0,43.53,0,5
11:30:47.732,205125,206.46,250.0,100.0,0.0,43.53,0,5
11:30:47.750,205146,206.54,250.0,100.0,0.0,43.45,0,5
11:30:47.829,205225,206.54,250.0,100.0,0.0,43.45,0,5
11:30:47.848,205246,206.66,250.0,100.0,0.0,43.33,0,5
11:30:47.926,205325,206.66,250.0,100.0,0.0,43.33,0,5
11:30:47.949,205346,206.66,250.0,100.0,0.0,43.33,0,5
11:30:48.027,205425,206.75,250.0,100.0,0.0,43.24,0,5
11:30:48.125,205525,206.75,250.0,100.0,0.0,43.24,0,5
11:30:48.148,205546,206.85,250.0,100.0,0.0,43.14,0,5
11:30:48.241,205625,206.95,250.0,100.0,0.0,43.04,0,5
11:30:48.332,205725,206.95,250.0,100.0,0.0,43.04,0,5
11:30:48.355,205746,207.04,250.0,100.0,0.0,42.95,0,5
11:30:48.487,205825,207.12,250.0,100.0,0.0,42.87,0,5
11:30:48.603,205925,207.12,250.0,100.0,0.0,42.87,0,5
11:30:48.677,205946,207.12,250.0,100.0,0.0,42.87,0,5
11:30:48.715,206025,207.23,250.0,100.0,0.0,42.76,0,5
11:30:48.736,206125,207.23,250.0,100.0,0.0,42.76,0,5
11:30:48.758,206146,207.33,250.0,100.0,0.0,42.66,0,5
11:30:48.833,206225,207.33,250.0,100.0,0.0,42.66,0,5
11:30:48.847,206246,207.43,250.0,100.0,0.0,42.56,0,5
11:30:48.925,206325,207.43,250.0,100.0,0.0,42.56,0,5
11:30:48.946,206346,207.54,250.0,100.0,0.0,42.45,0,5
11:30:49.026,206425,207.54,250.0,100.0,0.0,42.45,0,5
11:30:49.047,206446,207.54,250.0,100.0,0.0,42.45,0,5
11:30:49.125,206525,207.63,250.0,100.0,0.0,42.36,0,5
11:30:49.226,206625,207.63,250.0,100.0,0.0,42.36,0,5
11:30:49.248,206646,207.73,250.0,100.0,0.0,42.26,0,5
11:30:49.325,206725,207.73,250.0,100.0,0.0,42.26,0,5
11:30:49.347,206746,207.85,250.0,100.0,0.0,42.14,0,5
11:30:49.451,206825,207.96,250.0,100.0,0.0,42.03,0,5
11:30:49.526,206925,207.96,250.0,100.0,0.0,42.03,0,5
11:30:49.569,206946,208.05,250.0,100.0,0.0,41.94,0,5
11:30:49.636,207025,208.05,250.0,100.0,0.0,41.94,0,5
11:30:49.654,207046,208.16,250.0,100.0,0.0,41.83,0,5
11:30:49.725,207125,208.16,250.0,100.0,0.0,41.83,0,5
11:30:49.747,207146,208.25,250.0,100.0,0.0,41.74,0,5
11:30:49.824,207225,208.33,250.0,100.0,0.0,41.66,0,5
11:30:49.924,207325,208.42,250.0,100.0,0.0,41.57,0,5
11:30:50.024,207425,208.42,250.0,100.0,0.0,41.57,0,5
11:30:50.049,207446,208.49,250.0,100.0,0.0,41.5,0,5
11:30:50.125,207525,208.49,250.0,100.0,0.0,41.5,0,5
11:30:50.145,207546,208.6,250.0,100.0,0.0,41.39,0,5
11:30:50.225,207625,208.69,250.0,100.0,0.0,41.3,0,5
11:30:50.327,207725,208.69,250.0,100.0,0.0,41.3,0,5
11:30:50.367,207746,208.78,250.0,100.0,0.0,41.21,0,5
11:30:50.426,207825,208.86,250.0,100.0,0.0,41.13,0,5
11:30:50.528,207925,208.96,250.0,100.0,0.0,41.03,0,5
11:30:50.627,208025,208.96,250.0,100.0,0.0,41.03,0,5
11:30:50.646,208046,208.96,250.0,100.0,0.0,41.03,0,5
11:30:50.724,208125,209.06,250.0,100.0,0.0,40.93,0,5
11:30:50.824,208225,209.06,250.0,100.0,0.0,40.93,0,5
11:30:50.856,208246,209.16,250.0,100.0,0.0,40.83,0,5
11:30:50.924,208325,209.16,250.0,100.0,0.0,40.83,0,5
11:30:50.946,208346,209.27,250.0,100.0,0.0,40.72,0,5
11:30:51.029,208425,209.27,250.0,100.0,0.0,40.72,0,5
11:30:51.053,208446,209.36,250.0,100.0,0.0,40.63,0,5
11:30:51.149,208525,209.36,250.0,100.0,0.0,40.63,0,5
11:30:51.231,208625,209.47,250.0,100.0,0.0,40.52,0,5
11:30:51.348,208725,209.47,250.0,100.0,0.0,40.52,0,5
11:30:51.368,208746,209.56,250.0,100.0,0.0,40.43,0,5
11:30:51.425,208825,209.66,250.0,100.0,0.0,40.33,0,5
11:30:51.525,208925,209.66,250.0,100.0,0.0,40.33,0,5
11:30:51.549,208946,209.76,250.0,100.0,0.0,40.23,0,5
11:30:51.624,209025,209.85,250.0,100.0,0.0,40.14,0,5
11:30:51.725,209125,209.95,250.0,100.0,0.0,40.04,0,5
11:30:51.827,209225,210.02,250.0,100.0,0.0,39.97,0,5
11:30:51.925,209325,210.02,250.0,100.0,0.0,39.97,0,5
11:30:51.992,209346,210.12,250.0,100.0,0.0,39.87,0,5
11:30:52.047,209425,210.2,250.0,100.0,0.0,39.79,0,5
11:30:52.131,209525,210.27,250.0,100.0,0.0,39.72,0,5
11:30:52.224,209625,210.27,250.0,100.0,0.0,39.72,0,5
11:30:52.246,209646,210.27,250.0,100.0,0.0,39.72,0,5
11:30:52.324,209725,210.37,250.0,100.0,0.0,39.62,0,5
11:30:52.424,209825,210.47,250.0,100.0,0.0,39.52,0,5
11:30:52.526,209925,210.47,250.0,100.0,0.0,39.52,0,5
11:30:52.546,209946,210.55,250.0,100.0,0.0,39.44,0,5
11:30:52.624,210025,210.63,250.0,100.0,0.0,39.36,0,5
11:30:52.724,210125,210.7,250.0,100.0,0.0,39.29,0,5
11:30:52.839,210225,210.8,250.0,100.0,0.0,39.19,0,5
11:30:52.929,210325,210.8,250.0,100.0,0.0,39.19,0,5
11:30:52.954,210346,210.89,250.0,100.0,0.0,39.1,0,5
11:30:53.027,210425,210.89,250.0,100.0,0.0,39.1,0,5
11:30:53.049,210446,210.97,250.0,100.0,0.0,39.02,0,5
11:30:53.126,210525,210.97,250.0,100.0,0.0,39.02,0,5
11:30:53.146,210546,210.97,250.0,100.0,0.0,39.02,0,5
11:30:53.224,210625,211.05,250.0,100.0,0.0,38.94,0,5
11:30:53.328,210725,211.15,250.0,100.0,0.0,38.84,0,5
11:30:53.424,210825,211.15,250.0,100.0,0.0,38.84,0,5
11:30:53.445,210846,211.24,250.0,100.0,0.0,38.75,0,5
11:30:53.524,210925,211.33,250.0,100.0,0.0,38.66,0,5
11:30:53.636,211025,211.42,250.0,100.0,0.0,38.57,0,5
11:30:53.724,211125,211.52,250.0,100.0,0.0,38.47,0,5
11:30:53.825,211225,211.59,250.0,100.0,0.0,38.4,0,5
11:30:53.933,211325,211.59,250.0,100.0,0.0,38.4,0,5
11:30:53.949,211346,211.69,250.0,100.0,0.0,38.3,0,5
11:30:54.026,211425,211.69,250.0,100.0,0.0,38.3,0,5
11:30:54.050,211446,211.74,250.0,100.0,0.0,38.25,0,5
11:30:54.123,211525,211.74,250.0,100.0,0.0,38.25,0,5
11:30:54.145,211546,211.81,250.0,100.0,0.0,38.18,0,5
11:30:54.228,211625,211.81,250.0,100.0,0.0,38.18,0,5
11:30:54.250,211646,211.89,250.0,100.0,0.0,38.1,0,5
11:30:54.325,211725,211.89,250.0,100.0,0.0,38.1,0,5
11:30:54.348,211746,211.89,250.0,100.0,0.0,38.1,0,5
11:30:54.423,211825,211.98,250.0,100.0,0.0,38.01,0,5
11:30:54.524,211925,211.98,250.0,100.0,0.0,38.01,0,5
11:30:54.570,211946,212.06,250.0,100.0,0.0,37.93,0,5
11:30:54.627,212025,212.12,250.0,100.0,0.0,37.87,0,5
11:30:54.734,212125,212.12,250.0,100.0,0.0,37.87,0,5
11:30:54.750,212146,212.21,250.0,100.0,0.0,37.78,0,5
11:30:54.840,212225,212.21,250.0,100.0,0.0,37.78,0,5
11:30:54.856,212246,212.21,250.0,100.0,0.0,37.78,0,5
11:30:54.930,212325,212.29,250.0,100.0,0.0,37.7,0,5
11:30:55.027,212425,212.39,250.0,100.0,0.0,37.6,0,5
11:30:55.123,212525,212.39,250.0,100.0,0.0,37.6,0,5
11:30:55.144,212546,212.49,250.0,100.0,0.0,37.5,0,5
11:30:55.223,212625,212.49,250.0,100.0,0.0,37.5,0,5
11:30:55.245,212646,212.58,250.0,100.0,0.0,37.41,0,5
11:30:55.328,212725,212.58,250.0,100.0,0.0,37.41,0,5
11:30:55.344,212746,212.58,250.0,100.0,0.0,37.41,0,5
11:30:55.424,212825,212.66,250.0,100.0,0.0,37.33,0,5
11:30:55.524,212925,212.75,250.0,100.0,0.0,37.24,0,5
11:30:55.625,213025,212.85,250.0,100.0,0.0,37.14,0,5
11:30:55.728,213125,212.96,250.0,100.0,0.0,37.03,0,5
11:30:55.832,213225,213.04,250.0,100.0,0.0,36.95,0,5
11:30:55.924,213325,213.11,250.0,100.0,0.0,36.88,0,5
11:30:56.024,213425,213.2,250.0,100.0,0.0,36.79,0,5
11:30:56.123,213525,213.3,250.0,100.0,0.0,36.69,0,5
11:30:56.222,213625,213.4,250.0,100.0,0.0,36.59,0,5
11:30:56.325,213725,213.47,250.0,100.0,0.0,36.52,0,5
11:30:56.424,213825,213.57,250.0,100.0,0.0,36.42,0,5
11:30:56.527,213925,213.65,250.0,100.0,0.0,36.34,0,5
11:30:56.627,214025,213.73,250.0,100.0,0.0,36.26,0,5
11:30:56.723,214125,213.81,250.0,100.0,0.0,36.18,0,5
11:30:56.822,214225,213.9,250.0,100.0,0.0,36.09,0,5
11:30:56.924,214325,213.9,250.0,100.0,0.0,36.09,0,5
11:30:56.944,214346,213.9,250.0,100.0,0.0,36.09,0,5
11:30:57.025,214425,213.97,250.0,100.0,0.0,36.02,0,5
11:30:57.123,214525,213.97,250.0,100.0,0.0,36.02,0,5
11:30:57.159,214546,214.04,250.0,100.0,0.0,35.95,0,5
11:30:57.224,214625,214.04,250.0,100.0,0.0,35.95,0,5
11:30:57.246,214646,214.13,250.0,100.0,0.0,35.86,0,5
11:30:57.335,214725,214.13,250.0,100.0,0.0,35.86,0,5
11:30:57.349,214746,214.19,250.0,100.0,0.0,35.8,0,5
11:30:57.437,214825,214.19,250.0,100.0,0.0,35.8,0,5
11:30:57.466,214846,214.19,250.0,100.0,0.0,35.8,0,5
11:30:57.523,214925,214.3,250.0,100.0,0.0,35.69,0,5
11:30:57.627,215025,214.38,250.0,100.0,0.0,35.61,0,5
11:30:57.724,215125,214.38,250.0,100.0,0.0,35.61,0,5
11:30:57.749,215146,214.44,250.0,100.0,0.0,35.55,0,5
11:30:57.826,215225,214.5,250.0,100.0,0.0,35.49,0,5
11:30:57.922,215325,214.5,250.0,100.0,0.0,35.49,0,5
11:30:57.946,215346,214.59,250.0,100.0,0.0,35.4,0,5
11:30:58.024,215425,214.67,250.0,100.0,0.0,35.32,0,5
11:30:58.122,215525,214.67,250.0,100.0,0.0,35.32,0,5
11:30:58.146,215546,214.76,250.0,100.0,0.0,35.23,0,5
11:30:58.232,215625,214.76,250.0,100.0,0.0,35.23,0,5
11:30:58.277,215646,214.83,250.0,100.0,0.0,35.16,0,5
11:30:58.325,215725,214.83,250.0,100.0,0.0,35.16,0,5
11:30:58.355,215746,214.91,250.0,100.0,0.0,35.08,0,5
11:30:58.424,215825,214.91,250.0,100.0,0.0,35.08,0,5
11:30:58.456,215846,214.98,250.0,100.0,0.0,35.01,0,5
11:30:58.535,215925,214.98,250.0,100.0,0.0,35.01,0,5
11:30:58.543,215946,214.98,250.0,100.0,0.0,35.01,0,5
11:30:58.623,216025,215.08,250.0,100.0,0.0,34.91,0,5
11:30:58.722,216125,215.08,250.0,100.0,0.0,34.91,0,5
11:30:58.748,216146,215.17,250.0,100.0,0.0,34.82,0,5
11:30:58.822,216225,215.24,250.0,100.0,0.0,34.75,0,5
11:30:58.923,216325,215.34,250.0,100.0,0.0,34.65,0,5
11:30:59.023,216425,215.43,250.0,100.0,0.0,34.56,0,5
11:30:59.127,216525,215.43,250.0,100.0,0.0,34.56,0,5
11:30:59.228,216625,215.52,250.0,100.0,0.0,34.47,0,5
11:30:59.325,216725,215.52,250.0,100.0,0.0,34.47,0,5
11:30:59.355,216746,215.61,250.0,100.0,0.0,34.38,0,5
11:30:59.424,216825,215.61,250.0,100.0,0.0,34.38,0,5
11:30:59.446,216846,215.69,250.0,100.0,0.0,34.3,0,5
11:30:59.522,216925,215.69,250.0,100.0,0.0,34.3,0,5
11:30:59.546,216946,215.69,250.0,100.0,0.0,34.3,0,5
11:30:59.625,217025,215.82,250.0,100.0,0.0,34.17,0,5
11:30:59.722,217125,215.82,250.0,100.0,0.0,34.17,0,5
11:30:59.745,217146,215.91,250.0,100.0,0.0,34.08,0,5
11:30:59.827,217225,216.0,250.0,100.0,0.0,33.99,0,5
11:30:59.923,217325,216.1,250.0,100.0,0.0,33.89,0,5
11:31:00.144,217425,216.18,250.0,100.0,0.0,33.81,0,5
11:31:00.174,217525,216.28,250.0,100.0,0.0,33.71,0,5
11:31:00.229,217625,216.37,250.0,100.0,0.0,33.62,0,5
11:31:00.325,217725,216.46,250.0,100.0,0.0,33.53,0,5
11:31:00.423,217825,216.56,250.0,100.0,0.0,33.43,0,5
11:31:00.522,217925,216.65,250.0,100.0,0.0,33.34,0,5
11:31:00.623,218025,216.75,250.0,100.0,0.0,33.24,0,5
11:31:00.722,218125,216.83,250.0,100.0,0.0,33.16,0,5
11:31:00.826,218225,216.91,250.0,100.0,0.0,33.08,0,5
11:31:00.963,218325,217.0,250.0,100.0,0.0,32.99,0,5
11:31:01.026,218425,217.0,250.0,100.0,0.0,32.99,0,5
11:31:01.059,218446,217.08,250.0,100.0,0.0,32.91,0,5
11:31:01.124,218525,217.08,250.0,100.0,0.0,32.91,0,5
11:31:01.160,218546,217.16,250.0,100.0,0.0,32.83,0,5
11:31:01.242,218625,217.16,250.0,100.0,0.0,32.83,0,5
11:31:01.257,218646,217.26,250.0,100.0,0.0,32.73,0,5
11:31:01.322,218725,217.26,250.0,100.0,0.0,32.73,0,5
11:31:01.347,218746,217.34,250.0,100.0,0.0,32.65,0,5
11:31:01.422,218825,217.34,250.0,100.0,0.0,32.65,0,5
11:31:01.450,218846,217.42,250.0,100.0,0.0,32.57,0,5
11:31:01.521,218925,217.42,250.0,100.0,0.0,32.57,0,5
11:31:01.549,218946,217.48,250.0,100.0,0.0,32.51,0,5
11:31:01.622,219025,217.48,250.0,100.0,0.0,32.51,0,5
11:31:01.644,219046,217.48,250.0,100.0,0.0,32.51,0,5
11:31:01.722,219125,217.59,250.0,100.0,0.0,32.4,0,5
11:31:01.827,219225,217.69,250.0,100.0,0.0,32.3,0,5
11:31:01.924,219325,217.69,250.0,100.0,0.0,32.3,0,5
11:31:01.952,219346,217.76,250.0,100.0,0.0,32.23,0,5
11:31:02.033,219425,217.82,250.0,100.0,0.0,32.17,0,5
11:31:02.131,219525,217.82,250.0,100.0,0.0,32.17,0,5
11:31:02.152,219546,217.89,250.0,100.0,0.0,32.1,0,5
11:31:02.226,219625,217.95,250.0,100.0,0.0,32.04,0,5
11:31:02.322,219725,217.95,250.0,100.0,0.0,32.04,0,5
11:31:02.346,219746,218.05,250.0,100.0,0.0,31.94,0,5
11:31:02.423,219825,218.05,250.0,100.0,0.0,31.94,0,5
11:31:02.446,219846,218.17,250.0,100.0,0.0,31.82,0,5
11:31:02.521,219925,218.17,250.0,100.0,0.0,31.82,0,5
11:31:02.542,219946,218.29,250.0,100.0,0.0,31.7,0,5
11:31:02.622,220025,218.29,250.0,100.0,0.0,31.7,0,5
11:31:02.648,220046,218.37,250.0,100.0,0.0,31.62,0,5
11:31:02.725,220125,218.37,250.0,100.0,0.0,31.62,0,5
11:31:02.744,220146,218.37,250.0,100.0,0.0,31.62,0,5
11:31:02.827,220225,218.48,250.0,100.0,0.0,31.51,0,5
11:31:02.925,220325,218.48,250.0,100.0,0.0,31.51,0,5
11:31:02.950,220346,218.56,250.0,100.0,0.0,31.43,0,5
11:31:03.029,220425,218.64,250.0,100.0,0.0,31.35,0,5
11:31:03.125,220525,218.74,250.0,100.0,0.0,31.25,0,5
11:31:03.222,220625,218.85,250.0,100.0,0.0,31.14,0,5
11:31:03.321,220725,218.94,250.0,100.0,0.0,31.05,0,5
11:31:03.422,220825,218.94,250.0,100.0,0.0,31.05,0,5
11:31:03.452,220846,219.03,250.0,100.0,0.0,30.96,0,5
11:31:03.521,220925,219.03,250.0,100.0,0.0,30.96,0,5
11:31:03.543,220946,219.12,250.0,100.0,0.0,30.87,0,5
11:31:03.627,221025,219.12,250.0,100.0,0.0,30.87,0,5
11:31:03.653,221046,219.22,250.0,100.0,0.0,30.77,0,5
11:31:03.722,221125,219.22,250.0,100.0,0.0,30.77,0,5
11:31:03.761,221146,219.22,250.0,100.0,0.0,30.77,0,5
11:31:03.825,221225,219.29,250.0,100.0,0.0,30.7,0,5
11:31:03.924,221325,219.29,250.0,100.0,0.0,30.7,0,5
11:31:03.959,221346,219.4,250.0,100.0,0.0,30.59,0,5
11:31:04.022,221425,219.49,250.0,100.0,0.0,30.5,0,5
11:31:04.123,221525,219.49,250.0,100.0,0.0,30.5,0,5
11:31:04.145,221546,219.57,250.0,100.0,0.0,30.42,0,5
11:31:04.220,221625,219.64,250.0,100.0,0.0,30.35,0,5
11:31:04.321,221725,219.74,250.0,100.0,0.0,30.25,0,5
11:31:04.426,221825,219.85,250.0,100.0,0.0,30.14,0,5
11:31:04.521,221925,219.96,250.0,100.0,0.0,30.03,0,5
11:31:04.625,222025,220.05,250.0,100.0,0.0,29.94,0,5
11:31:04.722,222125,220.13,250.0,100.0,0.0,29.86,0,5
11:31:04.834,222225,220.13,250.0,100.0,0.0,29.86,0,5
11:31:04.848,222246,220.13,250.0,100.0,0.0,29.86,0,5
11:31:04.923,222325,220.23,250.0,100.0,0.0,29.76,0,5
11:31:05.021,222425,220.23,250.0,100.0,0.0,29.76,0,5
11:31:05.042,222446,220.31,250.0,100.0,0.0,29.68,0,5
11:31:05.121,222525,220.31,250.0,100.0,0.0,29.68,0,5
11:31:05.145,222546,220.41,250.0,100.0,0.0,29.58,0,5
11:31:05.220,222625,220.5,250.0,100.0,0.0,29.49,0,5
11:31:05.321,222725,220.59,250.0,100.0,0.0,29.4,0,5
11:31:05.423,222825,220.59,250.0,100.0,0.0,29.4,0,5
11:31:05.442,222846,220.69,250.0,100.0,0.0,29.3,0,5
11:31:05.523,222925,220.77,250.0,100.0,0.0,29.22,0,5
11:31:05.635,223025,220.77,250.0,100.0,0.0,29.22,0,5
11:31:05.644,223046,220.85,250.0,100.0,0.0,29.14,0,5
11:31:05.723,223125,220.85,250.0,100.0,0.0,29.14,0,5
11:31:05.750,223146,220.85,250.0,100.0,0.0,29.14,0,5
11:31:05.821,223225,220.94,250.0,100.0,0.0,29.05,0,5
11:31:05.927,223325,220.94,250.0,100.0,0.0,29.05,0,5
11:31:06.020,223425,221.04,250.0,100.0,0.0,28.95,0,5
11:31:06.124,223525,221.04,250.0,100.0,0.0,28.95,0,5
11:31:06.146,223546,221.15,250.0,100.0,0.0,28.84,0,5
11:31:06.220,223625,221.15,250.0,100.0,0.0,28.84,0,5
11:31:06.242,223646,221.15,250.0,100.0,0.0,28.84,0,5
11:31:06.320,223725,221.27,250.0,100.0,0.0,28.72,0,5
11:31:06.444,223825,221.39,250.0,100.0,0.0,28.6,0,5
11:31:06.526,223925,221.48,250.0,100.0,0.0,28.51,0,5
11:31:06.623,224025,221.59,250.0,100.0,0.0,28.4,0,5
11:31:06.721,224125,221.68,250.0,100.0,0.0,28.31,0,5
11:31:06.824,224225,221.68,250.0,100.0,0.0,28.31,0,5
11:31:06.842,224246,221.77,250.0,100.0,0.0,28.22,0,5
11:31:06.922,224325,221.77,250.0,100.0,0.0,28.22,0,5
11:31:06.942,224346,221.77,250.0,100.0,0.0,28.22,0,5
11:31:07.023,224425,221.87,250.0,100.0,0.0,28.12,0,5
11:31:07.120,224525,221.99,250.0,100.0,0.0,28.0,0,5
11:31:07.232,224625,222.07,250.0,100.0,0.0,27.92,0,5
11:31:07.341,224725,222.07,250.0,100.0,0.0,27.92,0,5
11:31:07.354,224746,222.17,250.0,100.0,0.0,27.82,0,5
11:31:07.423,224825,222.25,250.0,100.0,0.0,27.74,0,5
11:31:07.535,224925,222.32,250.0,100.0,0.0,27.67,0,5
11:31:07.623,225025,222.42,250.0,100.0,0.0,27.57,0,5
11:31:07.719,225125,222.42,250.0,100.0,0.0,27.57,0,5
11:31:07.745,225146,222.51,250.0,100.0,0.0,27.48,0,5
11:31:07.833,225225,222.51,250.0,100.0,0.0,27.48,0,5
11:31:07.843,225246,222.58,250.0,100.0,0.0,27.41,0,5
11:31:07.929,225325,222.58,250.0,100.0,0.0,27.41,0,5
11:31:07.951,225346,222.58,250.0,100.0,0.0,27.41,0,5
11:31:08.020,225425,222.66,250.0,100.0,0.0,27.33,0,5
11:31:08.145,225525,222.76,250.0,99.0,0.0,27.23,0,5
11:31:08.285,225625,222.89,250.0,95.0,0.0,27.1,0,5
11:31:08.334,225725,222.98,250.0,98.0,0.0,27.01,0,5
11:31:08.440,225825,223.1,250.0,95.0,0.0,26.89,0,5
11:31:08.529,225925,223.18,250.0,98.0,0.0,26.81,0,5
11:31:08.624,226025,223.27,250.0,98.0,0.0,26.72,0,5
11:31:08.720,226125,223.38,250.0,95.0,0.0,26.61,0,5
11:31:08.834,226225,223.48,250.0,96.0,0.0,26.51,0,5
11:31:08.948,226325,223.59,250.0,94.0,0.0,26.4,0,5
11:31:09.026,226425,223.69,250.0,95.0,0.0,26.3,0,5
11:31:09.127,226525,223.77,250.0,97.0,0.0,26.22,0,5
11:31:09.229,226625,223.86,250.0,95.0,0.0,26.13,0,5
11:31:09.321,226725,223.94,250.0,96.0,0.0,26.05,0,5
11:31:09.422,226825,224.03,250.0,94.0,0.0,25.96,0,5
11:31:09.528,226925,224.11,250.0,95.0,0.0,25.88,0,5
11:31:09.624,227025,224.22,250.0,92.0,0.0,25.77,0,5
11:31:09.723,227125,224.31,250.0,93.0,0.0,25.68,0,5
11:31:09.820,227225,224.39,250.0,94.0,0.0,25.6,0,5
11:31:09.923,227325,224.48,250.0,93.0,0.0,25.51,0,5
11:31:10.019,227425,224.56,250.0,93.0,0.0,25.43,0,5
11:31:10.120,227525,224.65,250.0,92.0,0.0,25.34,0,5
11:31:10.221,227625,224.72,250.0,93.0,0.0,25.27,0,5
11:31:10.321,227725,224.81,250.0,92.0,0.0,25.18,0,5
11:31:10.425,227825,224.86,250.0,94.0,0.0,25.13,0,5
11:31:10.522,227925,224.96,250.0,90.0,0.0,25.03,0,5
11:31:10.623,228025,225.02,250.0,93.0,0.0,24.97,0,5
11:31:10.719,228125,225.09,250.0,92.0,0.0,24.9,0,5
11:31:10.820,228225,225.16,250.0,92.0,0.0,24.83,0,5
11:31:10.921,228325,225.23,250.0,91.0,0.0,24.76,0,5
11:31:11.019,228425,225.32,250.0,89.0,0.0,24.67,0,5
11:31:11.125,228525,225.4,250.0,90.0,0.0,24.59,0,5
11:31:11.220,228625,225.48,250.0,89.0,0.0,24.51,0,5
11:31:11.324,228725,225.58,250.0,88.0,0.0,24.41,0,5
11:31:11.431,228825,225.67,250.0,88.0,0.0,24.32,0,5
11:31:11.519,228925,225.74,250.0,89.0,0.0,24.25,0,5
11:31:11.624,229025,225.82,250.0,88.0,0.0,24.17,0,5
11:31:11.719,229125,225.92,250.0,86.0,0.0,24.07,0,5
11:31:11.820,229225,226.0,250.0,87.0,0.0,23.99,0,5
11:31:11.924,229325,226.07,250.0,88.0,0.0,23.92,0,5
11:31:12.020,229425,226.14,250.0,88.0,0.0,23.85,0,5
11:31:12.122,229525,226.23,250.0,85.0,0.0,23.76,0,5
11:31:12.228,229625,226.31,250.0,87.0,0.0,23.68,0,5
11:31:12.319,229725,226.38,250.0,87.0,0.0,23.61,0,5
11:31:12.425,229825,226.46,250.0,85.0,0.0,23.53,0,5
11:31:12.520,229925,226.55,250.0,85.0,0.0,23.44,0,5
11:31:12.619,230025,226.62,250.0,86.0,0.0,23.37,0,5
11:31:12.723,230125,226.68,250.0,87.0,0.0,23.31,0,5
11:31:12.819,230225,226.75,250.0,86.0,0.0,23.24,0,5
11:31:12.923,230325,226.82,250.0,85.0,0.0,23.17,0,5
11:31:13.027,230425,226.9,250.0,84.0,0.0,23.09,0,5
11:31:13.119,230525,226.98,250.0,83.0,0.0,23.01,0,5
11:31:13.222,230625,227.04,250.0,85.0,0.0,22.95,0,5
11:31:13.321,230725,227.12,250.0,84.0,0.0,22.87,0,5
11:31:13.420,230825,227.18,250.0,84.0,0.0,22.81,0,5
11:31:13.520,230925,227.27,250.0,81.0,0.0,22.72,0,5
11:31:13.619,231025,227.35,250.0,83.0,0.0,22.64,0,5
11:31:13.735,231125,227.41,250.0,83.0,0.0,22.58,0,5
11:31:13.828,231225,227.52,250.0,79.0,0.0,22.47,0,5
11:31:13.923,231325,227.6,250.0,81.0,0.0,22.39,0,5
11:31:14.021,231425,227.69,250.0,80.0,0.0,22.3,0,5
11:31:14.119,231525,227.78,250.0,79.0,0.0,22.21,0,5
11:31:14.219,231625,227.87,250.0,80.0,0.0,22.12,0,5
11:31:14.319,231725,227.93,250.0,81.0,0.0,22.06,0,5
11:31:14.422,231825,228.03,250.0,78.0,0.0,21.96,0,5
11:31:14.520,231925,228.13,250.0,77.0,0.0,21.86,0,5
11:31:14.618,232025,228.19,250.0,80.0,0.0,21.8,0,5
11:31:14.750,232125,228.25,250.0,80.0,0.0,21.74,0,5
11:31:14.821,232225,228.33,250.0,79.0,0.0,21.66,0,5
11:31:14.922,232325,228.41,250.0,78.0,0.0,21.58,0,5
11:31:15.024,232425,228.48,250.0,78.0,0.0,21.51,0,5
11:31:15.119,232525,228.57,250.0,77.0,0.0,21.42,0,5
11:31:15.222,232625,228.64,250.0,78.0,0.0,21.35,0,5
11:31:15.319,232725,228.71,250.0,77.0,0.0,21.28,0,5
11:31:15.417,232825,228.79,250.0,76.0,0.0,21.2,0,5
11:31:15.519,232925,228.87,250.0,77.0,0.0,21.12,0,5
11:31:15.623,233025,228.95,250.0,75.0,0.0,21.04,0,5
11:31:15.722,233125,229.02,250.0,76.0,0.0,20.97,0,5
11:31:15.832,233225,229.1,250.0,76.0,0.0,20.89,0,5
11:31:15.918,233325,229.18,250.0,74.0,0.0,20.81,0,5
11:31:16.019,233425,229.24,250.0,77.0,0.0,20.75,0,5
11:31:16.117,233525,229.3,250.0,76.0,0.0,20.69,0,5
11:31:16.219,233625,229.36,250.0,76.0,0.0,20.63,0,5
11:31:16.317,233725,229.41,250.0,77.0,0.0,20.58,0,5
11:31:16.424,233825,229.46,250.0,76.0,0.0,20.53,0,5
11:31:16.517,233925,229.54,250.0,74.0,0.0,20.45,0,5
11:31:16.620,234025,229.61,250.0,74.0,0.0,20.38,0,5
11:31:16.719,234125,229.67,250.0,75.0,0.0,20.32,0,5
11:31:16.818,234225,229.73,250.0,74.0,0.0,20.26,0,5
11:31:16.918,234325,229.83,250.0,71.0,0.0,20.16,0,5
11:31:17.017,234425,229.89,250.0,73.0,0.0,20.1,0,5
11:31:17.117,234525,229.94,250.0,75.0,0.0,20.05,0,5
11:31:17.218,234625,230.01,250.0,73.0,0.0,19.98,0,5
11:31:17.317,234725,230.07,250.0,73.0,0.0,19.92,0,5
11:31:17.418,234825,230.15,250.0,71.0,0.0,19.84,0,5
11:31:17.517,234925,230.19,250.0,74.0,0.0,19.8,0,5
11:31:17.617,235025,230.29,250.0,69.0,0.0,19.7,0,5
11:31:17.717,235125,230.34,250.0,72.0,0.0,19.65,0,5
11:31:17.817,235225,230.41,250.0,71.0,0.0,19.58,0,5
11:31:17.918,235325,230.49,250.0,70.0,0.0,19.5,0,5
11:31:18.018,235425,230.57,250.0,69.0,0.0,19.42,0,5
11:31:18.169,235525,230.65,250.0,70.0,0.0,19.34,0,5
11:31:18.220,235625,230.7,250.0,71.0,0.0,19.29,0,5
11:31:18.319,235725,230.79,250.0,68.0,0.0,19.2,0,5
11:31:18.419,235825,230.84,250.0,71.0,0.0,19.15,0,5
11:31:18.517,235925,230.92,250.0,68.0,0.0,19.07,0,5
11:31:18.619,236025,230.97,250.0,70.0,0.0,19.02,0,5
11:31:18.730,236125,231.03,250.0,69.0,0.0,18.96,0,5
11:31:18.818,236225,231.07,250.0,72.0,0.0,18.92,0,5
11:31:18.934,236325,231.13,250.0,69.0,0.0,18.86,0,5
11:31:19.034,236425,231.2,250.0,67.0,0.0,18.79,0,5
11:31:19.127,236525,231.25,250.0,70.0,0.0,18.74,0,5
11:31:19.221,236625,231.3,250.0,69.0,0.0,18.69,0,5
11:31:19.317,236725,231.35,250.0,69.0,0.0,18.64,0,5
11:31:19.422,236825,231.41,250.0,68.0,0.0,18.58,0,5
11:31:19.520,236925,231.49,250.0,66.0,0.0,18.5,0,5
11:31:19.617,237025,231.52,250.0,70.0,0.0,18.47,0,5
11:31:19.721,237125,231.59,250.0,66.0,0.0,18.4,0,5
11:31:19.839,237225,231.65,250.0,68.0,0.0,18.34,0,5
11:31:19.917,237325,231.71,250.0,66.0,0.0,18.28,0,5
11:31:20.017,237425,231.79,250.0,64.0,0.0,18.2,0,5
11:31:20.118,237525,231.88,250.0,63.0,0.0,18.11,0,5
11:31:20.224,237625,231.93,250.0,67.0,0.0,18.06,0,5
11:31:20.319,237725,232.03,250.0,62.0,0.0,17.96,0,5
11:31:20.436,237825,232.08,250.0,66.0,0.0,17.91,0,5
11:31:20.520,237925,232.14,250.0,65.0,0.0,17.85,0,5
11:31:20.620,238025,232.2,250.0,65.0,0.0,17.79,0,5
11:31:20.722,238125,232.26,250.0,64.0,0.0,17.73,0,5
11:31:20.816,238225,232.31,250.0,65.0,0.0,17.68,0,5
11:31:20.918,238325,232.38,250.0,63.0,0.0,17.61,0,5
11:31:21.029,238425,232.44,250.0,64.0,0.0,17.55,0,5
11:31:21.117,238525,232.51,250.0,62.0,0.0,17.48,0,5
11:31:21.217,238625,232.56,250.0,64.0,0.0,17.43,0,5
11:31:21.316,238725,232.61,250.0,64.0,0.0,17.38,0,5
11:31:21.417,238825,232.67,250.0,63.0,0.0,17.32,0,5
11:31:21.520,238925,232.73,250.0,62.0,0.0,17.26,0,5
11:31:21.623,239025,232.8,250.0,61.0,0.0,17.19,0,5
11:31:21.717,239125,232.87,250.0,61.0,0.0,17.12,0,5
11:31:21.818,239225,232.91,250.0,64.0,0.0,17.08,0,5
11:31:21.916,239325,232.98,250.0,60.0,0.0,17.01,0,5
11:31:22.019,239425,233.04,250.0,62.0,0.0,16.95,0,5
11:31:22.139,239525,233.08,250.0,62.0,0.0,16.91,0,5
11:31:22.216,239625,233.16,250.0,60.0,0.0,16.83,0,5
11:31:22.319,239725,233.2,250.0,62.0,0.0,16.79,0,5
11:31:22.417,239825,233.27,250.0,59.0,0.0,16.72,0,5
11:31:22.517,239925,233.34,250.0,59.0,0.0,16.65,0,5
11:31:22.616,240025,233.41,250.0,59.0,0.0,16.58,0,5
11:31:22.716,240125,233.47,250.0,60.0,0.0,16.52,0,5
11:31:22.817,240225,233.52,250.0,60.0,0.0,16.47,0,5
11:31:22.916,240325,233.6,250.0,58.0,0.0,16.39,0,5
11:31:23.020,240425,233.66,250.0,58.0,0.0,16.33,0,5
11:31:23.116,240525,233.76,250.0,54.0,0.0,16.23,0,5
11:31:23.216,240625,233.83,250.0,57.0,0.0,16.16,0,5
11:31:23.326,240725,233.91,250.0,57.0,0.0,16.08,0,5
11:31:23.416,240825,233.94,250.0,60.0,0.0,16.05,0,5
11:31:23.517,240925,233.99,250.0,59.0,0.0,16.0,0,5
11:31:23.616,241025,234.05,250.0,57.0,0.0,15.94,0,5
11:31:23.717,241125,234.12,250.0,57.0,0.0,15.87,0,5
11:31:23.827,241225,234.16,250.0,58.0,0.0,15.83,0,5
11:31:23.922,241325,234.22,250.0,57.0,0.0,15.77,0,5
11:31:24.017,241425,234.28,250.0,56.0,0.0,15.71,0,5
11:31:24.117,241525,234.36,250.0,54.0,0.0,15.63,0,5
11:31:24.216,241625,234.46,250.0,52.0,0.0,15.53,0,5
11:31:24.317,241725,234.55,250.0,52.0,0.0,15.44,0,5
11:31:24.417,241825,234.63,250.0,53.0,0.0,15.36,0,5
11:31:24.519,241925,234.69,250.0,0.0,0.0,15.3,0,4
11:31:24.615,242025,234.77,250.0,0.0,0.0,15.22,0,4
11:31:24.717,242125,234.83,250.0,0.0,0.0,15.16,0,4
11:31:24.815,242225,234.89,250.0,0.0,0.0,15.1,0,4
11:31:24.922,242325,234.93,250.0,0.0,0.0,15.06,0,4
11:31:25.021,242425,235.04,250.0,0.0,0.0,14.95,0,4
11:31:25.115,242525,235.1,250.0,0.0,0.0,14.89,0,4
11:31:25.228,242625,235.17,250.0,0.0,0.0,14.82,0,4
11:31:25.315,242725,235.21,250.0,0.0,0.0,14.78,0,4
11:31:25.417,242825,235.29,250.0,0.0,0.0,14.7,0,4
11:31:25.525,242925,235.36,250.0,0.0,0.0,14.63,0,4
11:31:25.619,243025,235.44,250.0,0.0,0.0,14.55,0,4
11:31:25.716,243125,235.52,250.0,0.0,0.0,14.47,0,4
11:31:25.818,243225,235.56,250.0,0.0,0.0,14.43,0,4
11:31:25.923,243325,235.6,250.0,0.0,0.0,14.39,0,4
11:31:26.016,243425,235.65,250.0,0.0,0.0,14.34,0,4
11:31:26.116,243525,235.7,250.0,0.0,0.0,14.29,0,4
11:31:26.215,243625,235.78,250.0,0.0,0.0,14.21,0,4
11:31:26.317,243725,235.84,250.0,0.0,0.0,14.15,0,4
11:31:26.416,243825,235.89,250.0,0.0,0.0,14.1,0,4
11:31:26.517,243925,235.96,250.0,0.0,0.0,14.03,0,4
11:31:26.645,244025,236.02,250.0,0.0,0.0,13.97,0,4
11:31:26.715,244125,236.1,250.0,0.0,0.0,13.89,0,4
11:31:26.816,244225,236.14,250.0,0.0,0.0,13.85,0,4
11:31:26.916,244325,236.19,250.0,0.0,0.0,13.8,0,4
11:31:27.019,244425,236.27,250.0,0.0,0.0,13.72,0,4
11:31:27.115,244525,236.33,250.0,0.0,0.0,13.66,0,4
11:31:27.217,244625,236.41,250.0,0.0,0.0,13.58,0,4
11:31:27.341,244725,236.44,250.0,0.0,0.0,13.55,0,4
11:31:27.421,244825,236.5,250.0,0.0,0.0,13.49,0,4
11:31:27.519,244925,236.56,250.0,0.0,0.0,13.43,0,4
11:31:27.623,245025,236.61,250.0,0.0,0.0,13.38,0,4
11:31:27.715,245125,236.65,250.0,0.0,0.0,13.34,0,4
11:31:27.817,245225,236.73,250.0,0.0,0.0,13.26,0,4
11:31:27.917,245325,236.77,250.0,0.0,0.0,13.22,0,4
11:31:28.016,245425,236.81,250.0,0.0,0.0,13.18,0,4
11:31:28.115,245525,236.85,250.0,0.0,0.0,13.14,0,4
11:31:28.215,245625,236.87,250.0,0.0,0.0,13.12,0,4
11:31:28.317,245725,236.95,250.0,0.0,0.0,13.04,0,4
11:31:28.414,245825,236.98,250.0,0.0,0.0,13.01,0,4
11:31:28.514,245925,237.0,250.0,0.0,0.0,12.99,0,4
11:31:28.615,246025,237.04,250.0,0.0,0.0,12.95,0,4
11:31:28.715,246125,237.08,250.0,0.0,0.0,12.91,0,4
11:31:28.817,246225,237.12,250.0,0.0,0.0,12.87,0,4
11:31:28.929,246325,237.14,250.0,0.0,0.0,12.85,0,4
11:31:29.014,246425,237.15,250.0,0.0,0.0,12.84,0,4
11:31:29.115,246525,237.19,250.0,0.0,0.0,12.8,0,4
11:31:29.214,246625,237.24,250.0,0.0,0.0,12.75,0,4
11:31:29.317,246725,237.28,250.0,0.0,0.0,12.71,0,4
11:31:29.333,246744,237.28,250.0,0.0,0.0,12.71,0,4
11:31:29.414,246825,237.28,250.0,0.0,0.0,12.71,0,4
11:31:29.436,246844,237.26,250.0,0.0,0.0,12.73,0,4
11:31:29.516,246925,237.25,250.0,0.0,0.0,12.74,0,4
11:31:29.615,247025,237.29,250.0,0.0,0.0,12.7,0,4
11:31:29.717,247125,237.31,250.0,0.0,0.0,12.68,0,4
11:31:29.817,247225,237.31,250.0,0.0,0.0,12.68,0,4
11:31:29.914,247325,237.34,250.0,0.0,0.0,12.65,0,4
11:31:30.015,247425,237.36,250.0,0.0,0.0,12.63,0,4
11:31:30.115,247525,237.36,250.0,0.0,0.0,12.63,0,4
11:31:30.215,247625,237.36,250.0,0.0,0.0,12.63,0,4
11:31:30.316,247725,237.39,250.0,0.0,0.0,12.6,0,4
11:31:30.415,247825,237.39,250.0,0.0,0.0,12.6,0,4
11:31:30.517,247925,237.38,250.0,0.0,0.0,12.61,0,4
11:31:30.634,248025,237.38,250.0,0.0,0.0,12.61,0,4
11:31:30.716,248125,237.39,250.0,0.0,0.0,12.6,0,4
11:31:30.818,248225,237.38,250.0,0.0,0.0,12.61,0,4
11:31:30.915,248325,237.38,250.0,0.0,0.0,12.61,0,4
11:31:31.017,248425,237.36,250.0,0.0,0.0,12.63,0,4
11:31:31.115,248525,237.37,250.0,0.0,0.0,12.62,0,4
11:31:31.215,248625,237.36,250.0,0.0,0.0,12.63,0,4
11:31:31.315,248725,237.36,250.0,0.0,0.0,12.63,0,4
11:31:31.416,248825,237.32,250.0,0.0,0.0,12.67,0,4
11:31:31.515,248925,237.31,250.0,0.0,0.0,12.68,0,4
11:31:31.615,249025,237.3,250.0,0.0,0.0,12.69,0,4
11:31:31.715,249125,237.3,250.0,0.0,0.0,12.69,0,4
11:31:31.814,249225,237.3,250.0,0.0,0.0,12.69,0,4
11:31:31.913,249325,237.28,250.0,0.0,0.0,12.71,0,4
11:31:32.015,249425,237.28,250.0,0.0,0.0,12.71,0,4
11:31:32.032,249444,237.23,250.0,0.0,0.0,12.76,0,4
11:31:32.119,249525,237.18,250.0,0.0,0.0,12.81,0,4
11:31:32.214,249625,237.16,250.0,0.0,0.0,12.83,0,4
11:31:32.322,249725,237.13,250.0,0.0,0.0,12.86,0,4
11:31:32.414,249825,237.09,250.0,0.0,0.0,12.9,0,4
11:31:32.514,249925,237.09,250.0,0.0,0.0,12.9,0,4
11:31:32.615,250025,237.07,250.0,0.0,0.0,12.92,0,4
11:31:32.715,250125,237.02,250.0,0.0,0.0,12.97,0,4
11:31:32.814,250225,236.97,250.0,0.0,0.0,13.02,0,4
11:31:32.917,250325,236.91,250.0,0.0,0.0,13.08,0,4
11:31:33.014,250425,236.88,250.0,0.0,0.0,13.11,0,4
11:31:33.115,250525,236.83,250.0,0.0,0.0,13.16,0,4
11:31:33.214,250625,236.76,250.0,0.0,0.0,13.23,0,4
11:31:33.316,250725,236.71,250.0,0.0,0.0,13.28,0,4
11:31:33.415,250825,236.67,250.0,0.0,0.0,13.32,0,4
11:31:33.515,250925,236.65,250.0,0.0,0.0,13.34,0,4
11:31:33.615,251025,236.6,250.0,0.0,0.0,13.39,0,4
11:31:33.715,251125,236.55,250.0,0.0,0.0,13.44,0,4
11:31:33.814,251225,236.5,250.0,0.0,0.0,13.49,0,4
11:31:33.915,251325,236.45,250.0,0.0,0.0,13.54,0,4
11:31:34.019,251425,236.4,250.0,0.0,0.0,13.59,0,4
11:31:34.115,251525,236.33,250.0,0.0,0.0,13.66,0,4
11:31:34.221,251625,236.28,250.0,0.0,0.0,13.71,0,4
11:31:34.316,251725,236.2,250.0,0.0,0.0,13.79,0,4
11:31:34.413,251825,236.13,250.0,0.0,0.0,13.86,0,4
11:31:34.513,251925,236.05,250.0,0.0,0.0,13.94,0,4
11:31:34.617,252025,235.99,250.0,0.0,0.0,14.0,0,4
11:31:34.714,252125,235.91,250.0,0.0,0.0,14.08,0,4
11:31:34.817,252225,235.82,250.0,0.0,0.0,14.17,0,4
11:31:34.913,252325,235.75,250.0,0.0,0.0,14.24,0,4
11:31:35.013,252425,235.64,250.0,0.0,0.0,14.35,0,4
11:31:35.116,252525,235.57,250.0,0.0,0.0,14.42,0,4
11:31:35.214,252625,235.52,250.0,0.0,0.0,14.47,0,4
11:31:35.317,252725,235.44,250.0,0.0,0.0,14.55,0,4
11:31:35.416,252825,235.35,250.0,0.0,0.0,14.64,0,4
11:31:35.514,252925,235.27,250.0,0.0,0.0,14.72,0,4
11:31:35.614,253025,235.2,250.0,0.0,0.0,14.79,0,4
11:31:35.744,253125,235.11,250.0,0.0,0.0,14.88,0,4
11:31:35.825,253225,234.98,250.0,0.0,0.0,15.01,0,4
11:31:35.918,253325,234.89,250.0,0.0,0.0,15.1,0,4
11:31:36.014,253425,234.89,250.0,0.0,0.0,15.1,0,4
11:31:36.037,253444,234.77,250.0,0.0,0.0,15.22,0,4
11:31:36.113,253525,234.66,250.0,0.0,0.0,15.33,0,4
11:31:36.213,253625,234.57,250.0,0.0,0.0,15.42,0,4
11:31:36.323,253725,234.53,250.0,0.0,0.0,15.46,0,4
11:31:36.413,253825,234.47,250.0,0.0,0.0,15.52,0,4
11:31:36.514,253925,234.38,250.0,0.0,0.0,15.61,0,4
11:31:36.617,254025,234.3,250.0,0.0,0.0,15.69,0,4
11:31:36.713,254125,234.2,250.0,0.0,0.0,15.79,0,4
11:31:36.812,254225,234.11,250.0,0.0,0.0,15.88,0,4
11:31:36.915,254325,234.01,250.0,0.0,0.0,15.98,0,4
11:31:37.012,254425,233.91,250.0,0.0,0.0,16.08,0,4
11:31:37.116,254525,233.82,250.0,0.0,0.0,16.17,0,4
11:31:37.216,254625,233.72,250.0,0.0,0.0,16.27,0,4
11:31:37.313,254725,233.61,250.0,0.0,0.0,16.38,0,4
11:31:37.439,254825,233.48,250.0,0.0,0.0,16.51,0,4
11:31:37.512,254925,233.38,250.0,0.0,0.0,16.61,0,4
11:31:37.613,255025,233.3,250.0,0.0,0.0,16.69,0,4
11:31:37.714,255125,233.22,250.0,0.0,0.0,16.77,0,4
11:31:37.816,255225,233.12,250.0,0.0,0.0,16.87,0,4
11:31:37.915,255325,233.01,250.0,0.0,0.0,16.98,0,4
11:31:38.013,255425,232.89,250.0,0.0,0.0,17.1,0,4
11:31:38.112,255525,232.77,250.0,0.0,0.0,17.22,0,4
11:31:38.214,255625,232.63,250.0,0.0,0.0,17.36,0,4
11:31:38.314,255725,232.52,250.0,0.0,0.0,17.47,0,4
11:31:38.415,255825,232.38,250.0,0.0,0.0,17.61,0,4
11:31:38.512,255925,232.26,250.0,0.0,0.0,17.73,0,4
11:31:38.612,256025,232.14,250.0,0.0,0.0,17.85,0,4
11:31:38.713,256125,232.0,250.0,0.0,0.0,17.99,0,4
11:31:38.813,256225,231.88,250.0,0.0,0.0,18.11,0,4
11:31:38.913,256325,231.76,250.0,0.0,0.0,18.23,0,4
11:31:39.016,256425,231.62,250.0,0.0,0.0,18.37,0,4
11:31:39.139,256525,231.51,250.0,0.0,0.0,18.48,0,4
11:31:39.221,256625,231.38,250.0,0.0,0.0,18.61,0,4
11:31:39.321,256725,231.26,250.0,0.0,0.0,18.73,0,4
11:31:39.412,256825,231.13,250.0,0.0,0.0,18.86,0,4
11:31:39.513,256925,230.99,250.0,0.0,0.0,19.0,0,4
11:31:39.612,257025,230.9,250.0,0.0,0.0,19.09,0,4
11:31:39.714,257125,230.75,250.0,0.0,0.0,19.24,0,4
11:31:39.812,257225,230.63,250.0,0.0,0.0,19.36,0,4
11:31:39.913,257325,230.49,250.0,0.0,0.0,19.5,0,4
11:31:40.012,257425,230.34,250.0,0.0,0.0,19.65,0,4
11:31:40.111,257525,230.19,250.0,0.0,0.0,19.8,0,4
11:31:40.213,257625,230.05,250.0,0.0,0.0,19.94,0,4
11:31:40.318,257725,229.93,250.0,0.0,0.0,20.06,0,4
11:31:40.411,257825,229.82,250.0,0.0,0.0,20.17,0,4
11:31:40.513,257925,229.69,250.0,0.0,0.0,20.3,0,4
11:31:40.536,257944,229.54,250.0,0.0,0.0,20.45,0,4
11:31:40.613,258025,229.54,250.0,0.0,0.0,20.45,0,4
11:31:40.630,258043,229.54,250.0,0.0,0.0,20.45,0,4
11:31:40.719,258125,229.4,250.0,0.0,0.0,20.59,0,4
11:31:40.838,258225,229.28,250.0,0.0,0.0,20.71,0,4
11:31:40.915,258325,229.14,250.0,0.0,0.0,20.85,0,4
11:31:41.012,258425,229.01,250.0,0.0,0.0,20.98,0,4
11:31:41.116,258525,228.86,250.0,0.0,0.0,21.13,0,4
11:31:41.213,258625,228.74,250.0,0.0,0.0,21.25,0,4
11:31:41.312,258725,228.6,250.0,0.0,0.0,21.39,0,4
11:31:41.412,258825,228.49,250.0,0.0,0.0,21.5,0,4
11:31:41.513,258925,228.34,250.0,0.0,0.0,21.65,0,4
11:31:41.616,259025,228.21,250.0,0.0,0.0,21.78,0,4
11:31:41.713,259125,228.07,250.0,0.0,0.0,21.92,0,4
11:31:41.811,259225,227.93,250.0,0.0,0.0,22.06,0,4
11:31:41.916,259325,227.82,250.0,0.0,0.0,22.17,0,4
11:31:42.016,259425,227.69,250.0,0.0,0.0,22.3,0,4
11:31:42.115,259525,227.55,250.0,0.0,0.0,22.44,0,4
11:31:42.212,259625,227.41,250.0,0.0,0.0,22.58,0,4
11:31:42.317,259725,227.26,250.0,0.0,0.0,22.73,0,4
11:31:42.417,259825,227.12,250.0,0.0,0.0,22.87,0,4
11:31:42.517,259925,226.97,250.0,0.0,0.0,23.02,0,4
11:31:42.612,260025,226.84,250.0,0.0,0.0,23.15,0,4
11:31:42.713,260125,226.7,250.0,0.0,0.0,23.29,0,4
11:31:42.813,260225,226.56,250.0,0.0,0.0,23.43,0,4
11:31:42.913,260325,226.45,250.0,0.0,0.0,23.54,0,4
11:31:43.015,260425,226.31,250.0,0.0,0.0,23.68,0,4
11:31:43.111,260525,226.17,250.0,0.0,0.0,23.82,0,4
11:31:43.212,260625,225.99,250.0,0.0,0.0,24.0,0,4
11:31:43.311,260725,225.86,250.0,0.0,0.0,24.13,0,4
11:31:43.414,260825,225.7,250.0,0.0,0.0,24.29,0,4
11:31:43.512,260925,225.57,250.0,0.0,0.0,24.42,0,4
11:31:43.634,261025,225.4,250.0,0.0,0.0,24.59,0,4
11:31:43.713,261125,225.28,250.0,0.0,0.0,24.71,0,4
11:31:43.811,261225,225.12,250.0,0.0,0.0,24.87,0,4
11:31:43.910,261325,224.98,250.0,0.0,0.0,25.01,0,4
11:31:44.012,261425,224.82,250.0,0.0,0.0,25.17,0,4
11:31:44.115,261525,224.7,250.0,0.0,0.0,25.29,0,4
11:31:44.219,261625,224.54,250.0,0.0,0.0,25.45,0,4
11:31:44.316,261725,224.39,250.0,0.0,0.0,25.6,0,4
11:31:44.415,261825,224.26,250.0,0.0,0.0,25.73,0,4
11:31:44.513,261925,224.12,250.0,0.0,0.0,25.87,0,4
11:31:44.612,262025,224.0,250.0,0.0,0.0,25.99,0,4
11:31:44.714,262125,223.86,250.0,0.0,0.0,26.13,0,4
11:31:44.811,262225,223.73,250.0,0.0,0.0,26.26,0,4
11:31:44.910,262325,223.57,250.0,0.0,0.0,26.42,0,4
11:31:45.040,262425,223.41,250.0,0.0,0.0,26.58,0,4
11:31:45.118,262525,223.26,250.0,0.0,0.0,26.73,0,4
11:31:45.213,262625,223.1,250.0,0.0,0.0,26.89,0,4
11:31:45.331,262725,222.95,250.0,0.0,0.0,27.04,0,4
11:31:45.335,262744,222.95,250.0,0.0,0.0,27.04,0,4
11:31:45.414,262825,222.8,250.0,0.0,0.0,27.19,0,4
11:31:45.512,262925,222.67,250.0,0.0,0.0,27.32,0,4
11:31:45.610,263025,222.53,250.0,0.0,0.0,27.46,0,4
11:31:45.711,263125,222.38,250.0,0.0,0.0,27.61,0,4
11:31:45.811,263225,222.25,250.0,0.0,0.0,27.74,0,4
11:31:45.914,263325,222.11,250.0,0.0,0.0,27.88,0,4
11:31:46.012,263425,221.96,250.0,0.0,0.0,28.03,0,4
11:31:46.032,263444,221.81,250.0,0.0,0.0,28.18,0,4
11:31:46.111,263525,221.81,250.0,0.0,0.0,28.18,0,4
11:31:46.131,263544,221.65,250.0,0.0,0.0,28.34,0,4
11:31:46.211,263625,221.51,250.0,0.0,0.0,28.48,0,4
11:31:46.311,263725,221.4,250.0,0.0,0.0,28.59,0,4
11:31:46.411,263825,221.26,250.0,0.0,0.0,28.73,0,4
11:31:46.458,263844,221.26,250.0,0.0,0.0,28.73,0,4
11:31:46.510,263925,221.12,250.0,0.0,0.0,28.87,0,4
11:31:46.615,264025,220.99,250.0,0.0,0.0,29.0,0,4
11:31:46.711,264125,220.88,250.0,0.0,0.0,29.11,0,4
11:31:46.812,264225,220.75,250.0,0.0,0.0,29.24,0,4
11:31:46.911,264325,220.62,250.0,0.0,0.0,29.37,0,4
11:31:47.029,264425,220.47,250.0,0.0,0.0,29.52,0,4
11:31:47.115,264525,220.32,250.0,0.0,0.0,29.67,0,4
11:31:47.211,264625,220.19,250.0,0.0,0.0,29.8,0,4
11:31:47.310,264725,220.05,250.0,0.0,0.0,29.94,0,4
11:31:47.413,264825,219.89,250.0,0.0,0.0,30.1,0,4
11:31:47.514,264925,219.75,250.0,0.0,0.0,30.24,0,4
11:31:47.613,265025,219.61,250.0,0.0,0.0,30.38,0,4
11:31:47.721,265125,219.48,250.0,0.0,0.0,30.51,0,4
11:31:47.812,265225,219.34,250.0,0.0,0.0,30.65,0,4
11:31:47.925,265325,219.22,250.0,0.0,0.0,30.77,0,4
11:31:47.952,265344,219.06,250.0,0.0,0.0,30.93,0,4
11:31:48.014,265425,219.06,250.0,0.0,0.0,30.93,0,4
11:31:48.035,265443,219.06,250.0,0.0,0.0,30.93,0,4
11:31:48.123,265525,219.06,250.0,0.0,0.0,30.93,0,4
11:31:48.163,265544,218.89,250.0,0.0,0.0,31.1,0,4
11:31:48.212,265625,218.73,250.0,0.0,0.0,31.26,0,4
11:31:48.314,265725,218.58,250.0,0.0,0.0,31.41,0,4
11:31:48.415,265825,218.45,250.0,0.0,0.0,31.54,0,4
11:31:48.515,265925,218.33,250.0,0.0,0.0,31.66,0,4
11:31:48.612,266025,218.18,250.0,0.0,0.0,31.81,0,4
11:31:48.720,266125,218.04,250.0,0.0,0.0,31.95,0,4
11:31:48.812,266225,217.93,250.0,0.0,0.0,32.06,0,4
11:31:48.914,266325,217.79,250.0,0.0,0.0,32.2,0,4
11:31:49.009,266425,217.68,250.0,0.0,0.0,32.31,0,4
11:31:49.110,266525,217.55,250.0,0.0,0.0,32.44,0,4
11:31:49.212,266625,217.41,250.0,0.0,0.0,32.58,0,4
11:31:49.312,266725,217.27,250.0,0.0,0.0,32.72,0,4
11:31:49.410,266825,217.14,250.0,0.0,0.0,32.85,0,4
11:31:49.511,266925,217.02,250.0,0.0,0.0,32.97,0,4
11:31:49.610,267025,216.91,250.0,0.0,0.0,33.08,0,4
11:31:49.713,267125,216.78,250.0,0.0,0.0,33.21,0,4
11:31:49.810,267225,216.67,250.0,0.0,0.0,33.32,0,4
11:31:49.915,267325,216.53,250.0,0.0,0.0,33.46,0,4
11:31:50.012,267425,216.39,250.0,0.0,0.0,33.6,0,4
11:31:50.111,267525,216.26,250.0,0.0,0.0,33.73,0,4
11:31:50.211,267625,216.12,250.0,0.0,0.0,33.87,0,4
11:31:50.310,267725,215.97,250.0,0.0,0.0,34.02,0,4
11:31:50.410,267825,215.83,250.0,0.0,0.0,34.16,0,4
11:31:50.511,267925,215.69,250.0,0.0,0.0,34.3,0,4
11:31:50.612,268025,215.54,250.0,0.0,0.0,34.45,0,4
11:31:50.712,268125,215.4,250.0,0.0,0.0,34.59,0,4
11:31:50.816,268225,215.27,250.0,0.0,0.0,34.72,0,4
11:31:50.832,268244,215.13,250.0,0.0,0.0,34.86,0,4
11:31:50.913,268325,215.01,250.0,0.0,0.0,34.98,0,4
11:31:51.011,268425,214.86,250.0,0.0,0.0,35.13,0,4
11:31:51.115,268525,214.75,250.0,0.0,0.0,35.24,0,4
11:31:51.214,268625,214.61,250.0,0.0,0.0,35.38,0,4
11:31:51.317,268725,214.46,250.0,0.0,0.0,35.53,0,4
11:31:51.415,268825,214.34,250.0,0.0,0.0,35.65,0,4
11:31:51.545,268925,214.23,250.0,0.0,0.0,35.76,0,4
11:31:51.616,269025,214.08,250.0,0.0,0.0,35.91,0,4
11:31:51.713,269125,213.96,250.0,0.0,0.0,36.03,0,4
11:31:51.813,269225,213.81,250.0,0.0,0.0,36.18,0,4
11:31:51.909,269325,213.67,250.0,0.0,0.0,36.32,0,4
11:31:51.930,269344,213.53,250.0,0.0,0.0,36.46,0,4
11:31:52.011,269425,213.53,250.0,0.0,0.0,36.46,0,4
11:31:52.029,269444,213.39,250.0,0.0,0.0,36.6,0,4
11:31:52.115,269525,213.27,250.0,0.0,0.0,36.72,0,4
11:31:52.209,269625,213.17,250.0,0.0,0.0,36.82,0,4
11:31:52.313,269725,213.06,250.0,0.0,0.0,36.93,0,4
11:31:52.409,269825,212.91,250.0,0.0,0.0,37.08,0,4
11:31:52.511,269925,212.79,250.0,0.0,0.0,37.2,0,4
11:31:52.535,269944,212.64,250.0,0.0,0.0,37.35,0,4
11:31:52.609,270025,212.64,250.0,0.0,0.0,37.35,0,4
11:31:52.631,270043,212.64,250.0,0.0,0.0,37.35,0,4
11:31:52.708,270125,212.52,250.0,0.0,0.0,37.47,0,4
11:31:52.817,270225,212.4,250.0,0.0,0.0,37.59,0,4
11:31:52.909,270325,212.26,250.0,0.0,0.0,37.73,0,4
11:31:52.927,270344,212.13,250.0,0.0,0.0,37.86,0,4
11:31:53.009,270425,212.13,250.0,0.0,0.0,37.86,0,4
11:31:53.033,270444,211.97,250.0,0.0,0.0,38.02,0,4
11:31:53.109,270525,211.84,250.0,0.0,0.0,38.15,0,4
11:31:53.235,270625,211.72,250.0,0.0,0.0,38.27,0,4
11:31:53.243,270644,211.61,250.0,0.0,0.0,38.38,0,4
11:31:53.309,270725,211.61,250.0,0.0,0.0,38.38,0,4
11:31:53.334,270744,211.48,250.0,0.0,0.0,38.51,0,4
11:31:53.409,270825,211.37,250.0,0.0,0.0,38.62,0,4
11:31:53.512,270925,211.25,250.0,0.0,0.0,38.74,0,4
11:31:53.611,271025,211.15,250.0,0.0,0.0,38.84,0,4
11:31:53.713,271125,211.02,250.0,0.0,0.0,38.97,0,4
11:31:53.823,271225,210.91,250.0,0.0,0.0,39.08,0,4
11:31:53.909,271325,210.78,250.0,0.0,0.0,39.21,0,4
11:31:54.009,271425,210.65,250.0,0.0,0.0,39.34,0,4
11:31:54.110,271525,210.53,250.0,0.0,0.0,39.46,0,4
11:31:54.209,271625,210.4,250.0,0.0,0.0,39.59,0,4
11:31:54.309,271725,210.28,250.0,0.0,0.0,39.71,0,4
11:31:54.415,271825,210.17,250.0,0.0,0.0,39.82,0,4
11:31:54.510,271925,210.06,250.0,0.0,0.0,39.93,0,4
11:31:54.609,272025,209.93,250.0,0.0,0.0,40.06,0,4
11:31:54.709,272125,209.78,250.0,0.0,0.0,40.21,0,4
11:31:54.810,272225,209.64,250.0,0.0,0.0,40.35,0,4
11:31:54.911,272325,209.51,250.0,0.0,0.0,40.48,0,4
11:31:55.007,272425,209.35,250.0,0.0,0.0,40.64,0,4
11:31:55.110,272525,209.21,250.0,0.0,0.0,40.78,0,4
11:31:55.209,272625,209.07,250.0,0.0,0.0,40.92,0,4
11:31:55.311,272725,208.94,250.0,0.0,0.0,41.05,0,4
11:31:55.411,272825,208.8,250.0,0.0,0.0,41.19,0,4
11:31:55.522,272925,208.68,250.0,0.0,0.0,41.31,0,4
11:31:55.608,273025,208.55,250.0,0.0,0.0,41.44,0,4
11:31:55.712,273125,208.41,250.0,0.0,0.0,41.58,0,4
11:31:55.809,273225,208.29,250.0,0.0,0.0,41.7,0,4
11:31:55.910,273325,208.16,250.0,0.0,0.0,41.83,0,4
11:31:56.012,273425,208.02,250.0,0.0,0.0,41.97,0,4
11:31:56.110,273525,207.88,250.0,0.0,0.0,42.11,0,4
11:31:56.209,273625,207.75,250.0,0.0,0.0,42.24,0,4
11:31:56.309,273725,207.61,250.0,0.0,0.0,42.38,0,4
11:31:56.414,273825,207.49,250.0,0.0,0.0,42.5,0,4
11:31:56.511,273925,207.38,250.0,0.0,0.0,42.61,0,4
11:31:56.608,274025,207.25,250.0,0.0,0.0,42.74,0,4
11:31:56.709,274125,207.11,250.0,0.0,0.0,42.88,0,4
11:31:56.817,274225,207.0,250.0,0.0,0.0,42.99,0,4
11:31:56.909,274325,206.87,250.0,0.0,0.0,43.12,0,4
11:31:57.011,274425,206.72,250.0,0.0,0.0,43.27,0,4
11:31:57.107,274525,206.58,250.0,0.0,0.0,43.41,0,4
11:31:57.209,274625,206.46,250.0,0.0,0.0,43.53,0,4
11:31:57.309,274725,206.33,250.0,0.0,0.0,43.66,0,4
11:31:57.409,274825,206.19,250.0,0.0,0.0,43.8,0,4
11:31:57.511,274925,206.07,250.0,0.0,0.0,43.92,0,4
11:31:57.608,275025,205.93,250.0,0.0,0.0,44.06,0,4
11:31:57.711,275125,205.8,250.0,0.0,0.0,44.19,0,4
11:31:57.811,275225,205.8,250.0,0.0,0.0,44.19,0,4
11:31:57.832,275243,205.8,250.0,0.0,0.0,44.19,0,4
11:31:57.914,275325,205.64,250.0,0.0,0.0,44.35,0,4
11:31:58.008,275425,205.51,250.0,0.0,0.0,44.48,0,4
11:31:58.116,275525,205.51,250.0,0.0,0.0,44.48,0,4
11:31:58.130,275544,205.35,250.0,0.0,0.0,44.64,0,4
11:31:58.208,275625,205.2,250.0,0.0,0.0,44.79,0,4
11:31:58.332,275725,205.06,250.0,0.0,0.0,44.93,0,4
11:31:58.407,275825,204.93,250.0,0.0,0.0,45.06,0,4
11:31:58.508,275925,204.8,250.0,0.0,0.0,45.19,0,4
11:31:58.607,276025,204.69,250.0,0.0,0.0,45.3,0,4
11:31:58.707,276125,204.56,250.0,0.0,0.0,45.43,0,4
11:31:58.810,276225,204.42,250.0,0.0,0.0,45.57,0,4
11:31:58.917,276325,204.28,250.0,0.0,0.0,45.71,0,4
11:31:59.012,276425,204.15,250.0,0.0,0.0,45.84,0,4
11:31:59.109,276525,204.01,250.0,0.0,0.0,45.98,0,4
11:31:59.208,276625,203.85,250.0,0.0,0.0,46.14,0,4
11:31:59.309,276725,203.72,250.0,0.0,0.0,46.27,0,4
11:31:59.409,276825,203.59,250.0,0.0,0.0,46.4,0,4
11:31:59.512,276925,203.46,250.0,0.0,0.0,46.53,0,4
11:31:59.609,277025,203.34,250.0,0.0,0.0,46.65,0,4
11:31:59.707,277125,203.21,250.0,0.0,0.0,46.78,0,4
11:31:59.809,277225,203.08,250.0,0.0,0.0,46.91,0,4
11:31:59.908,277325,202.96,250.0,0.0,0.0,47.03,0,4
11:32:00.053,277425,202.83,250.0,0.0,0.0,47.16,0,4
11:32:00.108,277525,202.71,250.0,0.0,0.0,47.28,0,4
11:32:00.209,277625,202.59,250.0,0.0,0.0,47.4,0,4
11:32:00.307,277725,202.45,250.0,0.0,0.0,47.54,0,4
11:32:00.412,277825,202.33,250.0,0.0,0.0,47.66,0,4
11:32:00.508,277925,202.2,250.0,0.0,0.0,47.79,0,4
11:32:00.619,278025,202.09,250.0,0.0,0.0,47.9,0,4
11:32:00.707,278125,201.98,250.0,0.0,0.0,48.01,0,4
11:32:00.810,278225,201.86,250.0,0.0,0.0,48.13,0,4
11:32:00.907,278325,201.75,250.0,0.0,0.0,48.24,0,4
11:32:01.006,278425,201.62,250.0,0.0,0.0,48.37,0,4
11:32:01.107,278525,201.51,250.0,0.0,0.0,48.48,0,4
11:32:01.214,278625,201.38,250.0,0.0,0.0,48.61,0,4
11:32:01.306,278725,201.24,250.0,0.0,0.0,48.75,0,4
11:32:01.406,278825,201.12,250.0,0.0,0.0,48.87,0,4
11:32:01.506,278925,201.0,250.0,0.0,0.0,48.99,0,4
11:32:01.607,279025,200.88,250.0,0.0,0.0,49.11,0,4
11:32:01.707,279125,200.77,250.0,0.0,0.0,49.22,0,4
11:32:01.806,279225,200.64,250.0,0.0,0.0,49.35,0,4
11:32:01.906,279325,200.5,250.0,0.0,0.0,49.49,0,4
11:32:02.011,279425,200.38,250.0,0.0,0.0,49.61,0,4
11:32:02.107,279525,200.24,250.0,0.0,0.0,49.75,0,4
11:32:02.209,279625,200.12,250.0,0.0,0.0,49.87,0,4
11:32:02.324,279725,200.0,250.0,0.0,0.0,49.99,0,4
11:32:02.407,279825,199.87,250.0,0.0,0.0,50.12,0,4
11:32:02.512,279925,199.77,250.0,0.0,0.0,50.22,0,4
11:32:02.606,280025,199.67,250.0,0.0,0.0,50.32,0,4
11:32:02.713,280125,199.57,250.0,0.0,0.0,50.42,0,4
11:32:02.810,280225,199.47,250.0,0.0,0.0,50.52,0,4
11:32:02.906,280325,199.36,250.0,0.0,0.0,50.63,0,4
11:32:03.013,280425,199.25,250.0,0.0,0.0,50.74,0,4
11:32:03.109,280525,199.13,250.0,0.0,0.0,50.86,0,4
11:32:03.206,280625,199.0,250.0,0.0,0.0,50.99,0,4
11:32:03.309,280725,198.9,250.0,0.0,0.0,51.09,0,4
11:32:03.407,280825,198.78,250.0,0.0,0.0,51.21,0,4
11:32:03.512,280925,198.67,250.0,0.0,0.0,51.32,0,4
11:32:03.606,281025,198.56,250.0,0.0,0.0,51.43,0,4
11:32:03.709,281125,198.44,250.0,0.0,0.0,51.55,0,4
11:32:03.807,281225,198.34,250.0,0.0,0.0,51.65,0,4
11:32:03.907,281325,198.22,250.0,0.0,0.0,51.77,0,4
11:32:04.010,281425,198.1,250.0,0.0,0.0,51.89,0,4
11:32:04.107,281525,197.99,250.0,0.0,0.0,52.0,0,4
11:32:04.207,281625,197.87,250.0,0.0,0.0,52.12,0,4
11:32:04.306,281725,197.76,250.0,0.0,0.0,52.23,0,4
11:32:04.406,281825,197.64,250.0,0.0,0.0,52.35,0,4
11:32:04.506,281925,197.52,250.0,0.0,0.0,52.47,0,4
11:32:04.608,282025,197.41,250.0,0.0,0.0,52.58,0,4
11:32:04.705,282125,197.28,250.0,0.0,0.0,52.71,0,4
11:32:04.809,282225,197.17,250.0,0.0,0.0,52.82,0,4
11:32:04.905,282325,197.09,250.0,0.0,0.0,52.9,0,4
11:32:05.005,282425,196.99,250.0,0.0,0.0,53.0,0,4
11:32:05.136,282525,196.88,250.0,0.0,0.0,53.11,0,4
11:32:05.205,282625,196.77,250.0,0.0,0.0,53.22,0,4
11:32:05.306,282725,196.65,250.0,0.0,0.0,53.34,0,4
11:32:05.409,282825,196.53,250.0,0.0,0.0,53.46,0,4
11:32:05.507,282925,196.41,250.0,0.0,0.0,53.58,0,4
11:32:05.608,283025,196.28,250.0,0.0,0.0,53.71,0,4
11:32:05.709,283125,196.18,250.0,0.0,0.0,53.81,0,4
11:32:05.805,283225,196.18,250.0,0.0,0.0,53.81,0,4
11:32:05.825,283243,196.18,250.0,0.0,0.0,53.81,0,4
11:32:05.907,283325,196.05,250.0,0.0,0.0,53.94,0,4
11:32:06.006,283425,195.93,250.0,0.0,0.0,54.06,0,4
11:32:06.111,283525,195.81,250.0,0.0,0.0,54.18,0,4
11:32:06.213,283625,195.7,250.0,0.0,0.0,54.29,0,4
11:32:06.306,283725,195.58,250.0,0.0,0.0,54.41,0,4
11:32:06.406,283825,195.45,250.0,0.0,0.0,54.54,0,4
11:32:06.506,283925,195.33,250.0,0.0,0.0,54.66,0,4
11:32:06.609,284025,195.22,250.0,0.0,0.0,54.77,0,4
11:32:06.706,284125,195.1,250.0,0.0,0.0,54.89,0,4
11:32:06.806,284225,194.99,250.0,0.0,0.0,55.0,0,4
11:32:06.908,284325,194.88,250.0,0.0,0.0,55.11,0,4
11:32:07.007,284425,194.78,250.0,0.0,0.0,55.21,0,4
11:32:07.114,284525,194.67,250.0,0.0,0.0,55.32,0,4
11:32:07.207,284625,194.55,250.0,0.0,0.0,55.44,0,4
11:32:07.318,284725,194.45,250.0,0.0,0.0,55.54,0,4
11:32:07.407,284825,194.35,250.0,0.0,0.0,55.64,0,4
11:32:07.505,284925,194.25,250.0,0.0,0.0,55.74,0,4
11:32:07.608,285025,194.14,250.0,0.0,0.0,55.85,0,4
11:32:07.707,285125,194.04,250.0,0.0,0.0,55.95,0,4
11:32:07.807,285225,193.94,250.0,0.0,0.0,56.05,0,4
11:32:07.905,285325,193.84,250.0,0.0,0.0,56.15,0,4
11:32:08.005,285425,193.72,250.0,0.0,0.0,56.27,0,4
11:32:08.105,285525,193.62,250.0,0.0,0.0,56.37,0,4
11:32:08.206,285625,193.51,250.0,0.0,0.0,56.48,0,4
11:32:08.307,285725,193.41,250.0,0.0,0.0,56.58,0,4
11:32:08.405,285825,193.29,250.0,0.0,0.0,56.7,0,4
11:32:08.504,285925,193.18,250.0,0.0,0.0,56.81,0,4
11:32:08.607,286025,193.09,250.0,0.0,0.0,56.9,0,4
11:32:08.707,286125,192.98,250.0,0.0,0.0,57.01,0,4
11:32:08.806,286225,192.87,250.0,0.0,0.0,57.12,0,4
11:32:08.913,286325,192.78,250.0,0.0,0.0,57.21,0,4
11:32:09.014,286425,192.66,250.0,0.0,0.0,57.33,0,4
11:32:09.109,286525,192.66,250.0,0.0,0.0,57.33,0,4
11:32:09.125,286544,192.53,250.0,0.0,0.0,57.46,0,4
11:32:09.206,286625,192.41,250.0,0.0,0.0,57.58,0,4
11:32:09.306,286725,192.31,250.0,0.0,0.0,57.68,0,4
11:32:09.405,286825,192.2,250.0,0.0,0.0,57.79,0,4
11:32:09.504,286925,192.1,250.0,0.0,0.0,57.89,0,4
11:32:09.604,287025,192.0,250.0,0.0,0.0,57.99,0,4
11:32:09.705,287125,191.9,250.0,0.0,0.0,58.09,0,4
11:32:09.810,287225,191.79,250.0,0.0,0.0,58.2,0,4
11:32:09.909,287325,191.69,250.0,0.0,0.0,58.3,0,4
11:32:10.005,287425,191.59,250.0,0.0,0.0,58.4,0,4
11:32:10.108,287525,191.49,250.0,0.0,0.0,58.5,0,4
11:32:10.227,287625,191.39,250.0,0.0,0.0,58.6,0,4
11:32:10.309,287725,191.29,250.0,0.0,0.0,58.7,0,4
11:32:10.405,287825,191.17,250.0,0.0,0.0,58.82,0,4
11:32:10.504,287925,191.07,250.0,0.0,0.0,58.92,0,4
11:32:10.606,288025,190.97,250.0,0.0,0.0,59.02,0,4
11:32:10.705,288125,190.87,250.0,0.0,0.0,59.12,0,4
11:32:10.809,288225,190.77,250.0,0.0,0.0,59.22,0,4
11:32:10.906,288325,190.66,250.0,0.0,0.0,59.33,0,4
11:32:11.005,288425,190.55,250.0,0.0,0.0,59.44,0,4
11:32:11.105,288525,190.43,250.0,0.0,0.0,59.56,0,4
11:32:11.205,288625,190.33,250.0,0.0,0.0,59.66,0,4
11:32:11.310,288725,190.21,250.0,0.0,0.0,59.78,0,4
11:32:11.407,288825,190.12,250.0,0.0,0.0,59.87,0,4
11:32:11.511,288925,190.02,250.0,0.0,0.0,59.97,0,4
11:32:11.604,289025,189.91,250.0,0.0,0.0,60.08,0,4
11:32:11.705,289125,189.79,250.0,0.0,0.0,60.2,0,4
11:32:11.809,289225,189.68,250.0,0.0,0.0,60.31,0,4
11:32:11.929,289325,189.59,250.0,0.0,0.0,60.4,0,4
11:32:12.004,289425,189.49,250.0,0.0,0.0,60.5,0,4
11:32:12.108,289525,189.38,250.0,0.0,0.0,60.61,0,4
11:32:12.204,289625,189.28,250.0,0.0,0.0,60.71,0,4
11:32:12.310,289725,189.17,250.0,0.0,0.0,60.82,0,4
11:32:12.406,289825,189.07,250.0,0.0,0.0,60.92,0,4
11:32:12.507,289925,188.96,250.0,0.0,0.0,61.03,0,4
11:32:12.607,290025,188.85,250.0,0.0,0.0,61.14,0,4
11:32:12.704,290125,188.76,250.0,0.0,0.0,61.23,0,4
11:32:12.803,290225,188.65,250.0,0.0,0.0,61.34,0,4
11:32:12.905,290325,188.55,250.0,0.0,0.0,61.44,0,4
11:32:13.004,290425,188.45,250.0,0.0,0.0,61.54,0,4
11:32:13.106,290525,188.33,250.0,0.0,0.0,61.66,0,4
11:32:13.206,290625,188.23,250.0,0.0,0.0,61.76,0,4
11:32:13.303,290725,188.13,250.0,0.0,0.0,61.86,0,4
11:32:13.403,290825,188.04,250.0,0.0,0.0,61.95,0,4
11:32:13.505,290925,187.93,250.0,0.0,0.0,62.06,0,4
11:32:13.630,291025,187.83,250.0,0.0,0.0,62.16,0,4
11:32:13.705,291125,187.73,250.0,0.0,0.0,62.26,0,4
11:32:13.804,291225,187.64,250.0,0.0,0.0,62.35,0,4
11:32:13.903,291325,187.53,250.0,0.0,0.0,62.46,0,4
11:32:14.004,291425,187.42,250.0,0.0,0.0,62.57,0,4
11:32:14.103,291525,187.32,250.0,0.0,0.0,62.67,0,4
11:32:14.213,291625,187.22,250.0,0.0,0.0,62.77,0,4
11:32:14.316,291725,187.12,250.0,0.0,0.0,62.87,0,4
11:32:14.428,291825,187.01,250.0,0.0,0.0,62.98,0,4
11:32:14.525,291925,186.91,250.0,0.0,0.0,63.08,0,4
11:32:14.603,292025,186.81,250.0,0.0,0.0,63.18,0,4
11:32:14.706,292125,186.72,250.0,0.0,0.0,63.27,0,4
11:32:14.804,292225,186.61,250.0,0.0,0.0,63.38,0,4
11:32:14.905,292325,186.52,250.0,0.0,0.0,63.47,0,4
11:32:15.004,292425,186.43,250.0,0.0,0.0,63.56,0,4
11:32:15.127,292525,186.32,250.0,0.0,0.0,63.67,0,4
11:32:15.212,292625,186.22,250.0,0.0,0.0,63.77,0,4
11:32:15.313,292725,186.12,250.0,0.0,0.0,63.87,0,4
11:32:15.403,292825,186.03,250.0,0.0,0.0,63.96,0,4
11:32:15.505,292925,185.96,250.0,0.0,0.0,64.03,0,4
11:32:15.603,293025,185.87,250.0,0.0,0.0,64.12,0,4
11:32:15.703,293125,185.76,250.0,0.0,0.0,64.23,0,4
11:32:15.804,293225,185.66,250.0,0.0,0.0,64.33,0,4
11:32:15.903,293325,185.56,250.0,0.0,0.0,64.43,0,4
11:32:16.014,293425,185.48,250.0,0.0,0.0,64.51,0,4
11:32:16.107,293525,185.37,250.0,0.0,0.0,64.62,0,4
11:32:16.203,293625,185.28,250.0,0.0,0.0,64.71,0,4
11:32:16.303,293725,185.18,250.0,0.0,0.0,64.81,0,4
11:32:16.403,293825,185.08,250.0,0.0,0.0,64.91,0,4
11:32:16.503,293925,184.98,250.0,0.0,0.0,65.01,0,4
11:32:16.603,294025,184.88,250.0,0.0,0.0,65.11,0,4
11:32:16.703,294125,184.79,250.0,0.0,0.0,65.2,0,4
11:32:16.847,294225,184.68,250.0,0.0,0.0,65.31,0,4
11:32:16.907,294325,184.58,250.0,0.0,0.0,65.41,0,4
11:32:17.003,294425,184.48,250.0,0.0,0.0,65.51,0,4
11:32:17.105,294525,184.38,250.0,0.0,0.0,65.61,0,4
11:32:17.203,294625,184.28,250.0,0.0,0.0,65.71,0,4
11:32:17.302,294725,184.18,250.0,0.0,0.0,65.81,0,4
11:32:17.403,294825,184.07,250.0,0.0,0.0,65.92,0,4
11:32:17.503,294925,183.97,250.0,0.0,0.0,66.02,0,4
11:32:17.609,295025,183.89,250.0,0.0,0.0,66.1,0,4
11:32:17.710,295125,183.78,250.0,0.0,0.0,66.21,0,4
11:32:17.805,295225,183.67,250.0,0.0,0.0,66.32,0,4
11:32:17.903,295325,183.57,250.0,0.0,0.0,66.42,0,4
11:32:18.002,295425,183.46,250.0,0.0,0.0,66.53,0,4
11:32:18.103,295525,183.37,250.0,0.0,0.0,66.62,0,4
11:32:18.209,295625,183.26,250.0,0.0,0.0,66.73,0,4
11:32:18.302,295725,183.17,250.0,0.0,0.0,66.82,0,4
11:32:18.404,295825,183.08,250.0,0.0,0.0,66.91,0,4
11:32:18.503,295925,182.98,250.0,0.0,0.0,67.01,0,4
11:32:18.605,296025,182.89,250.0,0.0,0.0,67.1,0,4
11:32:18.703,296125,182.79,250.0,0.0,0.0,67.2,0,4
11:32:18.803,296225,182.68,250.0,0.0,0.0,67.31,0,4
11:32:18.902,296325,182.58,250.0,0.0,0.0,67.41,0,4
11:32:19.002,296425,182.49,250.0,0.0,0.0,67.5,0,4
11:32:19.103,296525,182.39,250.0,0.0,0.0,67.6,0,4
11:32:19.204,296625,182.28,250.0,0.0,0.0,67.71,0,4
11:32:19.303,296725,182.19,250.0,0.0,0.0,67.8,0,4
11:32:19.412,296825,182.09,250.0,0.0,0.0,67.9,0,4
11:32:19.503,296925,181.99,250.0,0.0,0.0,68.0,0,4
11:32:19.603,297025,181.9,250.0,0.0,0.0,68.09,0,4
11:32:19.703,297125,181.79,250.0,0.0,0.0,68.2,0,4
11:32:19.802,297225,181.79,250.0,0.0,0.0,68.2,0,4
11:32:19.822,297244,181.67,250.0,0.0,0.0,68.32,0,4
11:32:19.903,297325,181.56,250.0,0.0,0.0,68.43,0,4
11:32:20.034,297425,181.46,250.0,0.0,0.0,68.53,0,4
11:32:20.111,297525,181.36,250.0,0.0,0.0,68.63,0,4
11:32:20.204,297625,181.27,250.0,0.0,0.0,68.72,0,4
11:32:20.301,297725,181.16,250.0,0.0,0.0,68.83,0,4
11:32:20.402,297825,181.07,250.0,0.0,0.0,68.92,0,4
11:32:20.505,297925,180.97,250.0,0.0,0.0,69.02,0,4
11:32:20.602,298025,180.87,250.0,0.0,0.0,69.12,0,4
11:32:20.704,298125,180.79,250.0,0.0,0.0,69.2,0,4
11:32:20.802,298225,180.71,250.0,0.0,0.0,69.28,0,4
11:32:20.903,298325,180.6,250.0,0.0,0.0,69.39,0,4
11:32:21.004,298425,180.5,250.0,0.0,0.0,69.49,0,4
11:32:21.102,298525,180.4,250.0,0.0,0.0,69.59,0,4
11:32:21.202,298625,180.3,250.0,0.0,0.0,69.69,0,4
11:32:21.302,298725,180.21,250.0,0.0,0.0,69.78,0,4
11:32:21.402,298825,180.12,250.0,0.0,0.0,69.87,0,4
11:32:21.503,298925,180.02,250.0,0.0,0.0,69.97,0,4
11:32:21.602,299025,179.92,250.0,0.0,0.0,70.07,0,4
11:32:21.709,299125,179.83,250.0,0.0,0.0,70.16,0,4
11:32:21.805,299225,179.73,250.0,0.0,0.0,70.26,0,4
11:32:21.902,299325,179.62,250.0,0.0,0.0,70.37,0,4
11:32:22.003,299425,179.53,250.0,0.0,0.0,70.46,0,4
11:32:22.102,299525,179.44,250.0,0.0,0.0,70.55,0,4
11:32:22.121,299544,179.34,250.0,0.0,0.0,70.65,0,4
11:32:22.201,299625,179.34,250.0,0.0,0.0,70.65,0,4
11:32:22.220,299644,179.23,250.0,0.0,0.0,70.76,0,4
11:32:22.302,299725,179.14,250.0,0.0,0.0,70.85,0,4
11:32:22.402,299825,179.05,250.0,0.0,0.0,70.94,0,4
11:32:22.505,299925,178.97,250.0,0.0,0.0,71.02,0,4
11:32:22.601,300025,178.88,250.0,0.0,0.0,71.11,0,4
11:32:22.701,300125,178.8,250.0,0.0,0.0,71.19,0,4
11:32:22.802,300225,178.7,250.0,0.0,0.0,71.29,0,4
11:32:22.902,300325,178.62,250.0,0.0,0.0,71.37,0,4
11:32:23.002,300425,178.53,250.0,0.0,0.0,71.46,0,4
11:32:23.102,300525,178.44,250.0,0.0,0.0,71.55,0,4
11:32:23.202,300625,178.36,250.0,0.0,0.0,71.63,0,4
11:32:23.309,300725,178.27,250.0,0.0,0.0,71.72,0,4
11:32:23.402,300825,178.18,250.0,0.0,0.0,71.81,0,4
11:32:23.502,300925,178.18,250.0,0.0,0.0,71.81,0,4
11:32:23.520,300943,178.18,250.0,0.0,0.0,71.81,0,4
11:32:23.602,301025,178.08,250.0,0.0,0.0,71.91,0,4
11:32:23.702,301125,177.98,250.0,0.0,0.0,72.01,0,4
11:32:23.721,301144,177.87,250.0,0.0,0.0,72.12,0,4
11:32:23.801,301225,177.87,250.0,0.0,0.0,72.12,0,4
11:32:23.820,301244,177.76,250.0,0.0,0.0,72.23,0,4
11:32:23.934,301325,177.66,250.0,0.0,0.0,72.33,0,4
11:32:24.006,301425,177.57,250.0,0.0,0.0,72.42,0,4
11:32:24.103,301525,177.49,250.0,0.0,0.0,72.5,0,4
11:32:24.201,301625,177.42,250.0,0.0,0.0,72.57,0,4
11:32:24.301,301725,177.33,250.0,0.0,0.0,72.66,0,4
11:32:24.320,301744,177.33,250.0,0.0,0.0,72.66,0,4
11:32:24.401,301825,177.23,250.0,0.0,0.0,72.76,0,4
11:32:24.501,301925,177.14,250.0,0.0,0.0,72.85,0,4
11:32:24.600,302025,177.05,250.0,0.0,0.0,72.94,0,4
11:32:24.713,302125,176.96,250.0,0.0,0.0,73.03,0,4
11:32:24.806,302225,176.87,250.0,0.0,0.0,73.12,0,4
11:32:24.901,302325,176.78,250.0,0.0,0.0,73.21,0,4
11:32:25.001,302425,176.7,250.0,0.0,0.0,73.29,0,4
11:32:25.101,302525,176.61,250.0,0.0,0.0,73.38,0,4
11:32:25.201,302625,176.52,250.0,0.0,0.0,73.47,0,4
11:32:25.300,302725,176.43,250.0,0.0,0.0,73.56,0,4
11:32:25.401,302825,176.33,250.0,0.0,0.0,73.66,0,4
11:32:25.505,302925,176.24,250.0,0.0,0.0,73.75,0,4
11:32:25.621,303025,176.15,250.0,0.0,0.0,73.84,0,4
11:32:25.700,303125,176.06,250.0,0.0,0.0,73.93,0,4
11:32:25.801,303225,175.97,250.0,0.0,0.0,74.02,0,4
11:32:25.901,303325,175.88,250.0,0.0,0.0,74.11,0,4
11:32:26.003,303425,175.79,250.0,0.0,0.0,74.2,0,4
11:32:26.102,303525,175.7,250.0,0.0,0.0,74.29,0,4
11:32:26.200,303625,175.6,250.0,0.0,0.0,74.39,0,4
11:32:26.312,303725,175.52,250.0,0.0,0.0,74.47,0,4
11:32:26.403,303825,175.43,250.0,0.0,0.0,74.56,0,4
11:32:26.501,303925,175.35,250.0,0.0,0.0,74.64,0,4
11:32:26.601,304025,175.26,250.0,0.0,0.0,74.73,0,4
11:32:26.700,304125,175.18,250.0,0.0,0.0,74.81,0,4
11:32:26.800,304225,175.1,250.0,0.0,0.0,74.89,0,4
11:32:26.902,304325,175.01,250.0,0.0,0.0,74.98,0,4
11:32:27.000,304425,174.91,250.0,0.0,0.0,75.08,0,4
11:32:27.116,304525,174.83,250.0,0.0,0.0,75.16,0,4
11:32:27.215,304625,174.74,250.0,0.0,0.0,75.25,0,4
11:32:27.222,304644,174.64,250.0,0.0,0.0,75.35,0,4
11:32:27.302,304725,174.64,250.0,0.0,0.0,75.35,0,4
11:32:27.319,304744,174.55,250.0,0.0,0.0,75.44,0,4
11:32:27.400,304825,174.46,250.0,0.0,0.0,75.53,0,4
11:32:27.501,304925,174.37,250.0,0.0,0.0,75.62,0,4
11:32:27.601,305025,174.3,250.0,0.0,0.0,75.69,0,4
11:32:27.701,305125,174.22,250.0,0.0,0.0,75.77,0,4
11:32:27.801,305225,174.15,250.0,0.0,0.0,75.84,0,4
11:32:27.904,305325,174.05,250.0,0.0,0.0,75.94,0,4
11:32:28.005,305425,173.98,250.0,0.0,0.0,76.01,0,4
11:32:28.101,305525,173.91,250.0,0.0,0.0,76.08,0,4
11:32:28.200,305625,173.83,250.0,0.0,0.0,76.16,0,4
11:32:28.220,305644,173.74,250.0,0.0,0.0,76.25,0,4
11:32:28.301,305725,173.74,250.0,0.0,0.0,76.25,0,4
11:32:28.323,305743,173.74,250.0,0.0,0.0,76.25,0,4
11:32:28.400,305825,173.67,250.0,0.0,0.0,76.32,0,4
11:32:28.500,305925,173.6,250.0,0.0,0.0,76.39,0,4
11:32:28.601,306025,173.52,250.0,0.0,0.0,76.47,0,4
11:32:28.701,306125,173.44,250.0,0.0,0.0,76.55,0,4
11:32:28.732,306144,173.36,250.0,0.0,0.0,76.63,0,4
11:32:28.801,306225,173.36,250.0,0.0,0.0,76.63,0,4
11:32:28.827,306243,173.36,250.0,0.0,0.0,76.63,0,4
11:32:28.929,306325,173.26,250.0,0.0,0.0,76.73,0,4
11:32:28.999,306425,173.17,250.0,0.0,0.0,76.82,0,4
11:32:29.101,306525,173.09,250.0,0.0,0.0,76.9,0,4
11:32:29.203,306625,173.02,250.0,0.0,0.0,76.97,0,4
11:32:29.300,306725,172.94,250.0,0.0,0.0,77.05,0,4
11:32:29.318,306744,172.84,250.0,0.0,0.0,77.15,0,4
11:32:29.400,306825,172.84,250.0,0.0,0.0,77.15,0,4
11:32:29.503,306925,172.75,250.0,0.0,0.0,77.24,0,4
11:32:29.603,307025,172.67,250.0,0.0,0.0,77.32,0,4
11:32:29.703,307125,172.58,250.0,0.0,0.0,77.41,0,4
11:32:29.822,307225,172.5,250.0,0.0,0.0,77.49,0,4
11:32:29.899,307325,172.42,250.0,0.0,0.0,77.57,0,4
11:32:30.000,307425,172.34,250.0,0.0,0.0,77.65,0,4
11:32:30.100,307525,172.26,250.0,0.0,0.0,77.73,0,4
11:32:30.199,307625,172.19,250.0,0.0,0.0,77.8,0,4
11:32:30.300,307725,172.09,250.0,0.0,0.0,77.9,0,4
11:32:30.471,307825,172.02,250.0,0.0,0.0,77.97,0,4
11:32:30.505,307925,171.94,250.0,0.0,0.0,78.05,0,4
11:32:30.603,308025,171.85,250.0,0.0,0.0,78.14,0,4
11:32:30.699,308125,171.85,250.0,0.0,0.0,78.14,0,4
11:32:30.720,308144,171.75,250.0,0.0,0.0,78.24,0,4
11:32:30.800,308225,171.65,250.0,0.0,0.0,78.34,0,4
11:32:30.900,308325,171.57,250.0,0.0,0.0,78.42,0,4
11:32:31.000,308425,171.57,250.0,0.0,0.0,78.42,0,4
11:32:31.019,308444,171.48,250.0,0.0,0.0,78.51,0,4
11:32:31.100,308525,171.4,250.0,0.0,0.0,78.59,0,4
11:32:31.201,308625,171.32,250.0,0.0,0.0,78.67,0,4
11:32:31.301,308725,171.24,250.0,0.0,0.0,78.75,0,4
11:32:31.400,308825,171.15,250.0,0.0,0.0,78.84,0,4
11:32:31.499,308925,171.15,250.0,0.0,0.0,78.84,0,4
11:32:31.518,308943,171.15,250.0,0.0,0.0,78.84,0,4
11:32:31.601,309025,171.15,250.0,0.0,0.0,78.84,0,4
11:32:31.620,309044,171.05,250.0,0.0,0.0,78.94,0,4
11:32:31.700,309125,170.96,250.0,0.0,0.0,79.03,0,4
11:32:31.800,309225,170.87,250.0,0.0,0.0,79.12,0,4
11:32:31.900,309325,170.78,250.0,0.0,0.0,79.21,0,4
11:32:32.022,309425,170.78,250.0,0.0,0.0,79.21,0,4
11:32:32.080,309443,170.78,250.0,0.0,0.0,79.21,0,4
11:32:32.101,309525,170.67,250.0,0.0,0.0,79.32,0,4
11:32:32.213,309625,170.59,250.0,0.0,0.0,79.4,0,4
11:32:32.301,309725,170.51,250.0,0.0,0.0,79.48,0,4
11:32:32.399,309825,170.43,250.0,0.0,0.0,79.56,0,4
11:32:32.499,309925,170.43,250.0,0.0,0.0,79.56,0,4
11:32:32.519,309943,170.43,250.0,0.0,0.0,79.56,0,4
11:32:32.599,310025,170.32,250.0,0.0,0.0,79.67,0,4
11:32:32.699,310125,170.22,250.0,0.0,0.0,79.77,0,4
11:32:32.800,310225,170.13,250.0,0.0,0.0,79.86,0,4
11:32:32.929,310325,170.04,250.0,0.0,0.0,79.95,0,4
11:32:32.999,310425,169.95,250.0,0.0,0.0,80.04,0,4
11:32:33.099,310525,169.86,250.0,0.0,0.0,80.13,0,4
11:32:33.199,310625,169.77,250.0,0.0,0.0,80.22,0,4
11:32:33.299,310725,169.68,250.0,0.0,0.0,80.31,0,4
11:32:33.399,310825,169.59,250.0,0.0,0.0,80.4,0,4
11:32:33.499,310925,169.49,250.0,0.0,0.0,80.5,0,4
11:32:33.599,311025,169.4,250.0,0.0,0.0,80.59,0,4
11:32:33.740,311125,169.32,250.0,0.0,0.0,80.67,0,4
11:32:33.803,311225,169.23,250.0,0.0,0.0,80.76,0,4
11:32:33.899,311325,169.15,250.0,0.0,0.0,80.84,0,4
11:32:34.000,311425,169.07,250.0,0.0,0.0,80.92,0,4
11:32:34.100,311525,168.97,250.0,0.0,0.0,81.02,0,4
11:32:34.199,311625,168.88,250.0,0.0,0.0,81.11,0,4
11:32:34.299,311725,168.8,250.0,0.0,0.0,81.19,0,4
11:32:34.399,311825,168.74,250.0,0.0,0.0,81.25,0,4
11:32:34.519,311925,168.66,250.0,0.0,0.0,81.33,0,4
11:32:34.601,312025,168.58,250.0,0.0,0.0,81.41,0,4
11:32:34.699,312125,168.49,250.0,0.0,0.0,81.5,0,4
11:32:34.799,312225,168.4,250.0,0.0,0.0,81.59,0,4
11:32:34.899,312325,168.31,250.0,0.0,0.0,81.68,0,4
11:32:35.000,312425,168.23,250.0,0.0,0.0,81.76,0,4
11:32:35.099,312525,168.14,250.0,0.0,0.0,81.85,0,4
11:32:35.199,312625,168.07,250.0,0.0,0.0,81.92,0,4
11:32:35.330,312725,167.99,250.0,0.0,0.0,82.0,0,4
11:32:35.399,312825,167.92,250.0,0.0,0.0,82.07,0,4
11:32:35.499,312925,167.82,250.0,0.0,0.0,82.17,0,4
11:32:35.600,313025,167.74,250.0,0.0,0.0,82.25,0,4
11:32:35.699,313125,167.65,250.0,0.0,0.0,82.34,0,4
11:32:35.799,313225,167.58,250.0,0.0,0.0,82.41,0,4
11:32:35.899,313325,167.5,250.0,0.0,0.0,82.49,0,4
11:32:36.000,313425,167.42,250.0,0.0,0.0,82.57,0,4
11:32:36.099,313525,167.34,250.0,0.0,0.0,82.65,0,4
11:32:36.201,313625,167.27,250.0,0.0,0.0,82.72,0,4
11:32:36.299,313725,167.19,250.0,0.0,0.0,82.8,0,4
11:32:36.400,313825,167.12,250.0,0.0,0.0,82.87,0,4
11:32:36.498,313925,167.03,250.0,0.0,0.0,82.96,0,4
11:32:36.598,314025,166.96,250.0,0.0,0.0,83.03,0,4
11:32:36.698,314125,166.88,250.0,0.0,0.0,83.11,0,4
11:32:36.798,314225,166.8,250.0,0.0,0.0,83.19,0,4
11:32:36.899,314325,166.73,250.0,0.0,0.0,83.26,0,4
11:32:37.010,314425,166.65,250.0,0.0,0.0,83.34,0,4
11:32:37.099,314525,166.59,250.0,0.0,0.0,83.4,0,4
11:32:37.198,314625,166.59,250.0,0.0,0.0,83.4,0,4
11:32:37.219,314643,166.59,250.0,0.0,0.0,83.4,0,4
11:32:37.297,314725,166.49,250.0,0.0,0.0,83.5,0,4
11:32:37.399,314825,166.41,250.0,0.0,0.0,83.58,0,4
11:32:37.498,314925,166.32,250.0,0.0,0.0,83.67,0,4
11:32:37.598,315025,166.25,250.0,0.0,0.0,83.74,0,4
11:32:37.698,315125,166.17,250.0,0.0,0.0,83.82,0,4
11:32:37.806,315225,166.08,250.0,0.0,0.0,83.91,0,4
11:32:37.901,315325,166.0,250.0,0.0,0.0,83.99,0,4
11:32:37.997,315425,165.92,250.0,0.0,0.0,84.07,0,4
11:32:38.098,315525,165.85,250.0,0.0,0.0,84.14,0,4
11:32:38.197,315625,165.78,250.0,0.0,0.0,84.21,0,4
11:32:38.298,315725,165.78,250.0,0.0,0.0,84.21,0,4
11:32:38.316,315743,165.78,250.0,0.0,0.0,84.21,0,4
11:32:38.398,315825,165.69,250.0,0.0,0.0,84.3,0,4
11:32:38.498,315925,165.61,250.0,0.0,0.0,84.38,0,4
11:32:38.601,316025,165.54,250.0,0.0,0.0,84.45,0,4
11:32:38.704,316125,165.46,250.0,0.0,0.0,84.53,0,4
11:32:38.797,316225,165.38,250.0,0.0,0.0,84.61,0,4
11:32:38.899,316325,165.31,250.0,0.0,0.0,84.68,0,4
11:32:38.998,316425,165.22,250.0,0.0,0.0,84.77,0,4
11:32:39.097,316525,165.16,250.0,0.0,0.0,84.83,0,4
11:32:39.198,316625,165.08,250.0,0.0,0.0,84.91,0,4
11:32:39.329,316725,165.0,250.0,0.0,0.0,84.99,0,4
11:32:39.398,316825,164.93,250.0,0.0,0.0,85.06,0,4
11:32:39.498,316925,164.84,250.0,0.0,0.0,85.15,0,4
11:32:39.597,317025,164.76,250.0,0.0,0.0,85.23,0,4
11:32:39.697,317125,164.7,250.0,0.0,0.0,85.29,0,4
11:32:39.797,317225,164.63,250.0,0.0,0.0,85.36,0,4
11:32:39.817,317244,164.56,250.0,0.0,0.0,85.43,0,4
11:32:39.899,317325,164.5,250.0,0.0,0.0,85.49,0,4
11:32:39.916,317344,164.44,250.0,0.0,0.0,85.55,0,4
11:32:39.996,317425,164.44,250.0,0.0,0.0,85.55,0,4
11:32:40.084,317444,164.36,250.0,0.0,0.0,85.63,0,4
11:32:40.102,317525,164.29,250.0,0.0,0.0,85.7,0,4
11:32:40.199,317625,164.23,250.0,0.0,0.0,85.76,0,4
11:32:40.298,317725,164.15,250.0,0.0,0.0,85.84,0,4
11:32:40.397,317825,164.08,250.0,0.0,0.0,85.91,0,4
11:32:40.498,317925,164.01,250.0,0.0,0.0,85.98,0,4
11:32:40.597,318025,163.95,250.0,0.0,0.0,86.04,0,4
11:32:40.697,318125,163.88,250.0,0.0,0.0,86.11,0,4
11:32:40.817,318225,163.81,250.0,0.0,0.0,86.18,0,4
11:32:40.904,318325,163.75,250.0,0.0,0.0,86.24,0,4
11:32:40.997,318425,163.7,250.0,0.0,0.0,86.29,0,4
11:32:41.097,318525,163.63,250.0,0.0,0.0,86.36,0,4
11:32:41.198,318625,163.57,250.0,0.0,0.0,86.42,0,4
11:32:41.296,318725,163.51,250.0,0.0,0.0,86.48,0,4
11:32:41.397,318825,163.45,250.0,0.0,0.0,86.54,0,4
11:32:41.499,318925,163.38,250.0,0.0,0.0,86.61,0,4
11:32:41.603,319025,163.32,250.0,0.0,0.0,86.67,0,4
11:32:41.698,319125,163.25,250.0,0.0,0.0,86.74,0,4
11:32:41.796,319225,163.19,250.0,0.0,0.0,86.8,0,4
11:32:41.900,319325,163.13,250.0,0.0,0.0,86.86,0,4
11:32:41.997,319425,163.05,250.0,0.0,0.0,86.94,0,4
11:32:42.017,319444,163.05,250.0,0.0,0.0,86.94,0,4
11:32:42.097,319525,162.99,250.0,0.0,0.0,87.0,0,4
11:32:42.197,319625,162.93,250.0,0.0,0.0,87.06,0,4
11:32:42.297,319725,162.86,250.0,0.0,0.0,87.13,0,4
11:32:42.399,319825,162.81,250.0,0.0,0.0,87.18,0,4
11:32:42.501,319925,162.74,250.0,0.0,0.0,87.25,0,4
11:32:42.597,320025,162.67,250.0,0.0,0.0,87.32,0,4
11:32:42.696,320125,162.6,250.0,0.0,0.0,87.39,0,4
11:32:42.797,320225,162.53,250.0,0.0,0.0,87.46,0,4
11:32:42.896,320325,162.48,250.0,0.0,0.0,87.51,0,4
11:32:42.997,320425,162.42,250.0,0.0,0.0,87.57,0,4
11:32:43.096,320525,162.37,250.0,0.0,0.0,87.62,0,4
11:32:43.115,320544,162.37,250.0,0.0,0.0,87.62,0,4
11:32:43.196,320625,162.3,250.0,0.0,0.0,87.69,0,4
11:32:43.301,320725,162.23,250.0,0.0,0.0,87.76,0,4
11:32:43.402,320825,162.18,250.0,0.0,0.0,87.81,0,4
11:32:43.497,320925,162.12,250.0,0.0,0.0,87.87,0,4
11:32:43.597,321025,162.05,250.0,0.0,0.0,87.94,0,4
11:32:43.615,321044,161.98,250.0,0.0,0.0,88.01,0,4
11:32:43.697,321125,161.98,250.0,0.0,0.0,88.01,0,4
11:32:43.715,321144,161.9,250.0,0.0,0.0,88.09,0,4
11:32:43.796,321225,161.84,250.0,0.0,0.0,88.15,0,4
11:32:43.897,321325,161.78,250.0,0.0,0.0,88.21,0,4
11:32:44.024,321425,161.72,250.0,0.0,0.0,88.27,0,4
11:32:44.101,321525,161.66,250.0,0.0,0.0,88.33,0,4
11:32:44.196,321625,161.6,250.0,0.0,0.0,88.39,0,4
11:32:44.297,321725,161.53,250.0,0.0,0.0,88.46,0,4
11:32:44.398,321825,161.47,250.0,0.0,0.0,88.52,0,4
11:32:44.497,321925,161.41,250.0,0.0,0.0,88.58,0,4
11:32:44.596,322025,161.34,250.0,0.0,0.0,88.65,0,4
11:32:44.696,322125,161.28,250.0,0.0,0.0,88.71,0,4
11:32:44.799,322225,161.22,250.0,0.0,0.0,88.77,0,4
11:32:44.907,322325,161.17,250.0,0.0,0.0,88.82,0,4
11:32:44.995,322425,161.17,250.0,0.0,0.0,88.82,0,4
11:32:45.015,322444,161.08,250.0,0.0,0.0,88.91,0,4
11:32:45.096,322525,161.0,250.0,0.0,0.0,88.99,0,4
11:32:45.197,322625,160.94,250.0,0.0,0.0,89.05,0,4
11:32:45.297,322725,160.88,250.0,0.0,0.0,89.11,0,4
11:32:45.396,322825,160.8,250.0,0.0,0.0,89.19,0,4
11:32:45.495,322925,160.73,250.0,0.0,0.0,89.26,0,4
11:32:45.597,323025,160.66,250.0,0.0,0.0,89.33,0,4
11:32:45.699,323125,160.6,250.0,0.0,0.0,89.39,0,4
11:32:45.796,323225,160.54,250.0,0.0,0.0,89.45,0,4
11:32:45.896,323325,160.48,250.0,0.0,0.0,89.51,0,4
11:32:45.996,323425,160.42,250.0,0.0,0.0,89.57,0,4
11:32:46.096,323525,160.35,250.0,0.0,0.0,89.64,0,4
11:32:46.196,323625,160.28,250.0,0.0,0.0,89.71,0,4
11:32:46.296,323725,160.21,250.0,0.0,0.0,89.78,0,4
11:32:46.395,323825,160.15,250.0,0.0,0.0,89.84,0,4
11:32:46.506,323925,160.08,250.0,0.0,0.0,89.91,0,4
11:32:46.595,324025,160.0,250.0,0.0,0.0,89.99,0,4
11:32:46.703,324125,159.92,250.0,0.0,0.0,90.07,0,4
11:32:46.795,324225,159.85,250.0,0.0,0.0,90.14,0,4
11:32:46.896,324325,159.78,250.0,0.0,0.0,90.21,0,4
11:32:46.996,324425,159.73,250.0,0.0,0.0,90.26,0,4
11:32:47.096,324525,159.67,250.0,0.0,0.0,90.32,0,4
11:32:47.221,324625,159.6,250.0,0.0,0.0,90.39,0,4
11:32:47.298,324725,159.53,250.0,0.0,0.0,90.46,0,4
11:32:47.399,324825,159.46,250.0,0.0,0.0,90.53,0,4
11:32:47.497,324925,159.39,250.0,0.0,0.0,90.6,0,4
11:32:47.597,325025,159.33,250.0,0.0,0.0,90.66,0,4
11:32:47.696,325125,159.26,250.0,0.0,0.0,90.73,0,4
11:32:47.795,325225,159.18,250.0,0.0,0.0,90.81,0,4
11:32:47.895,325325,159.1,250.0,0.0,0.0,90.89,0,4
11:32:48.059,325425,159.04,250.0,0.0,0.0,90.95,0,4
11:32:48.098,325525,158.98,250.0,0.0,0.0,91.01,0,4
11:32:48.199,325625,158.91,250.0,0.0,0.0,91.08,0,4
11:32:48.295,325725,158.83,250.0,0.0,0.0,91.16,0,4
11:32:48.314,325744,158.75,250.0,0.0,0.0,91.24,0,4
11:32:48.395,325825,158.75,250.0,0.0,0.0,91.24,0,4
11:32:48.414,325844,158.68,250.0,0.0,0.0,91.31,0,4
11:32:48.496,325925,158.61,250.0,0.0,0.0,91.38,0,4
11:32:48.595,326025,158.55,250.0,0.0,0.0,91.44,0,4
11:32:48.615,326044,158.48,250.0,0.0,0.0,91.51,0,4
11:32:48.696,326125,158.48,250.0,0.0,0.0,91.51,0,4
11:32:48.714,326143,158.48,250.0,0.0,0.0,91.51,0,4
11:32:48.796,326225,158.42,250.0,0.0,0.0,91.57,0,4
11:32:48.895,326325,158.36,250.0,0.0,0.0,91.63,0,4
11:32:48.917,326344,158.29,250.0,0.0,0.0,91.7,0,4
11:32:48.997,326425,158.29,250.0,0.0,0.0,91.7,0,4
11:32:49.014,326444,158.22,250.0,0.0,0.0,91.77,0,4
11:32:49.099,326525,158.16,250.0,0.0,0.0,91.83,0,4
11:32:49.195,326625,158.1,250.0,0.0,0.0,91.89,0,4
11:32:49.295,326725,158.04,250.0,0.0,0.0,91.95,0,4
11:32:49.394,326825,157.98,250.0,0.0,0.0,92.01,0,4
11:32:49.495,326925,157.92,250.0,0.0,0.0,92.07,0,4
11:32:49.595,327025,157.84,250.0,0.0,0.0,92.15,0,4
11:32:49.614,327044,157.84,250.0,0.0,0.0,92.15,0,4
11:32:49.695,327125,157.77,250.0,0.0,0.0,92.22,0,4
11:32:49.795,327225,157.72,250.0,0.0,0.0,92.27,0,4
11:32:49.897,327325,157.65,250.0,0.0,0.0,92.34,0,4
11:32:49.994,327425,157.58,250.0,0.0,0.0,92.41,0,4
11:32:50.094,327525,157.5,250.0,0.0,0.0,92.49,0,4
11:32:50.195,327625,157.43,250.0,0.0,0.0,92.56,0,4
11:32:50.295,327725,157.36,250.0,0.0,0.0,92.63,0,4
11:32:50.394,327825,157.3,250.0,0.0,0.0,92.69,0,4
11:32:50.516,327925,157.23,250.0,0.0,0.0,92.76,0,4
11:32:50.599,328025,157.17,250.0,0.0,0.0,92.82,0,4
11:32:50.696,328125,157.1,250.0,0.0,0.0,92.89,0,4
11:32:50.794,328225,157.03,250.0,0.0,0.0,92.96,0,4
11:32:50.899,328325,156.96,250.0,0.0,0.0,93.03,0,4
11:32:50.997,328425,156.9,250.0,0.0,0.0,93.09,0,4
11:32:51.094,328525,156.83,250.0,0.0,0.0,93.16,0,4
11:32:51.194,328625,156.76,250.0,0.0,0.0,93.23,0,4
11:32:51.296,328725,156.7,250.0,0.0,0.0,93.29,0,4
11:32:51.404,328825,156.63,250.0,0.0,0.0,93.36,0,4
11:32:51.498,328925,156.58,250.0,0.0,0.0,93.41,0,4
11:32:51.594,329025,156.51,250.0,0.0,0.0,93.48,0,4
11:32:51.694,329125,156.44,250.0,0.0,0.0,93.55,0,4
11:32:51.794,329225,156.38,250.0,0.0,0.0,93.61,0,4
11:32:51.895,329325,156.32,250.0,0.0,0.0,93.67,0,4
11:32:51.994,329425,156.25,250.0,0.0,0.0,93.74,0,4
11:32:52.105,329525,156.2,250.0,0.0,0.0,93.79,0,4
11:32:52.200,329625,156.12,250.0,0.0,0.0,93.87,0,4
11:32:52.294,329725,156.04,250.0,0.0,0.0,93.95,0,4
11:32:52.395,329825,155.98,250.0,0.0,0.0,94.01,0,4
11:32:52.494,329925,155.92,250.0,0.0,0.0,94.07,0,4
11:32:52.594,330025,155.85,250.0,0.0,0.0,94.14,0,4
11:32:52.694,330125,155.78,250.0,0.0,0.0,94.21,0,4
11:32:52.793,330225,155.72,250.0,0.0,0.0,94.27,0,4
11:32:52.921,330325,155.66,250.0,0.0,0.0,94.33,0,4
11:32:52.996,330425,155.6,250.0,0.0,0.0,94.39,0,4
11:32:53.094,330525,155.54,250.0,0.0,0.0,94.45,0,4
11:32:53.194,330625,155.49,250.0,0.0,0.0,94.5,0,4
11:32:53.293,330725,155.43,250.0,0.0,0.0,94.56,0,4
11:32:53.394,330825,155.37,250.0,0.0,0.0,94.62,0,4
11:32:53.493,330925,155.3,250.0,0.0,0.0,94.69,0,4
11:32:53.594,331025,155.23,250.0,0.0,0.0,94.76,0,4
11:32:53.693,331125,155.16,250.0,0.0,0.0,94.83,0,4
11:32:53.796,331225,155.1,250.0,0.0,0.0,94.89,0,4
11:32:53.906,331325,155.02,250.0,0.0,0.0,94.97,0,4
11:32:53.994,331425,154.96,250.0,0.0,0.0,95.03,0,4
11:32:54.097,331525,154.9,250.0,0.0,0.0,95.09,0,4
11:32:54.195,331625,154.83,250.0,0.0,0.0,95.16,0,4
11:32:54.294,331725,154.77,250.0,0.0,0.0,95.22,0,4
11:32:54.394,331825,154.71,250.0,0.0,0.0,95.28,0,4
11:32:54.495,331925,154.63,250.0,0.0,0.0,95.36,0,4
11:32:54.595,332025,154.56,250.0,0.0,0.0,95.43,0,4
11:32:54.700,332125,154.5,250.0,0.0,0.0,95.49,0,4
11:32:54.794,332225,154.45,250.0,0.0,0.0,95.54,0,4
11:32:54.898,332325,154.38,250.0,0.0,0.0,95.61,0,4
11:32:54.994,332425,154.32,250.0,0.0,0.0,95.67,0,4
11:32:55.094,332525,154.26,250.0,0.0,0.0,95.73,0,4
11:32:55.193,332625,154.19,250.0,0.0,0.0,95.8,0,4
11:32:55.293,332725,154.12,250.0,0.0,0.0,95.87,0,4
11:32:55.413,332825,154.06,250.0,0.0,0.0,95.93,0,4
11:32:55.497,332925,153.99,250.0,0.0,0.0,96.0,0,4
11:32:55.593,333025,153.93,250.0,0.0,0.0,96.06,0,4
11:32:55.694,333125,153.86,250.0,0.0,0.0,96.13,0,4
11:32:55.794,333225,153.81,250.0,0.0,0.0,96.18,0,4
11:32:55.893,333325,153.75,250.0,0.0,0.0,96.24,0,4
11:32:55.995,333425,153.7,250.0,0.0,0.0,96.29,0,4
11:32:56.093,333525,153.64,250.0,0.0,0.0,96.35,0,4
11:32:56.112,333544,153.56,250.0,0.0,0.0,96.43,0,4
11:32:56.205,333625,153.49,250.0,0.0,0.0,96.5,0,4
11:32:56.294,333725,153.43,250.0,0.0,0.0,96.56,0,4
11:32:56.393,333825,153.38,250.0,0.0,0.0,96.61,0,4
11:32:56.493,333925,153.33,250.0,0.0,0.0,96.66,0,4
11:32:56.593,334025,153.28,250.0,0.0,0.0,96.71,0,4
11:32:56.693,334125,153.22,250.0,0.0,0.0,96.77,0,4
11:32:56.795,334225,153.16,250.0,0.0,0.0,96.83,0,4
11:32:56.895,334325,153.1,250.0,0.0,0.0,96.89,0,4
11:32:57.008,334425,153.05,250.0,0.0,0.0,96.94,0,4
11:32:57.097,334525,152.98,250.0,0.0,0.0,97.01,0,4
11:32:57.194,334625,152.93,250.0,0.0,0.0,97.06,0,4
11:32:57.292,334725,152.87,250.0,0.0,0.0,97.12,0,4
11:32:57.393,334825,152.81,250.0,0.0,0.0,97.18,0,4
11:32:57.492,334925,152.75,250.0,0.0,0.0,97.24,0,4
11:32:57.593,335025,152.7,250.0,0.0,0.0,97.29,0,4
11:32:57.692,335125,152.64,250.0,0.0,0.0,97.35,0,4
11:32:57.809,335225,152.58,250.0,0.0,0.0,97.41,0,4
11:32:57.897,335325,152.52,250.0,0.0,0.0,97.47,0,4
11:32:57.993,335425,152.47,250.0,0.0,0.0,97.52,0,4
11:32:58.092,335525,152.41,250.0,0.0,0.0,97.58,0,4
11:32:58.192,335625,152.34,250.0,0.0,0.0,97.65,0,4
11:32:58.293,335725,152.29,250.0,0.0,0.0,97.7,0,4
11:32:58.393,335825,152.22,250.0,0.0,0.0,97.77,0,4
11:32:58.496,335925,152.16,250.0,0.0,0.0,97.83,0,4
11:32:58.593,336025,152.1,250.0,0.0,0.0,97.89,0,4
11:32:58.693,336125,152.04,250.0,0.0,0.0,97.95,0,4
11:32:58.792,336225,151.98,250.0,0.0,0.0,98.01,0,4
11:32:58.892,336325,151.93,250.0,0.0,0.0,98.06,0,4
11:32:58.994,336425,151.86,250.0,0.0,0.0,98.13,0,4
11:32:59.093,336525,151.81,250.0,0.0,0.0,98.18,0,4
11:32:59.192,336625,151.74,250.0,0.0,0.0,98.25,0,4
11:32:59.293,336725,151.68,250.0,0.0,0.0,98.31,0,4
11:32:59.421,336825,151.61,250.0,0.0,0.0,98.38,0,4
11:32:59.492,336925,151.56,250.0,0.0,0.0,98.43,0,4
11:32:59.593,337025,151.51,250.0,0.0,0.0,98.48,0,4
11:32:59.693,337125,151.45,250.0,0.0,0.0,98.54,0,4
11:32:59.795,337225,151.39,250.0,0.0,0.0,98.6,0,4
11:32:59.893,337325,151.33,250.0,0.0,0.0,98.66,0,4
11:32:59.992,337425,151.27,250.0,0.0,0.0,98.72,0,4
11:33:00.094,337525,151.21,250.0,0.0,0.0,98.78,0,4
11:33:00.201,337625,151.14,250.0,0.0,0.0,98.85,0,4
11:33:00.294,337725,151.08,250.0,0.0,0.0,98.91,0,4
11:33:00.393,337825,151.02,250.0,0.0,0.0,98.97,0,4
11:33:00.493,337925,150.96,250.0,0.0,0.0,99.03,0,4
11:33:00.592,338025,150.91,250.0,0.0,0.0,99.08,0,4
11:33:00.692,338125,150.86,250.0,0.0,0.0,99.13,0,4
11:33:00.792,338225,150.78,250.0,0.0,0.0,99.21,0,4
11:33:00.918,338325,150.72,250.0,0.0,0.0,99.27,0,4
11:33:00.996,338425,150.67,250.0,0.0,0.0,99.32,0,4
11:33:01.093,338525,150.61,250.0,0.0,0.0,99.38,0,4
11:33:01.192,338625,150.56,250.0,0.0,0.0,99.43,0,4
11:33:01.292,338725,150.5,250.0,0.0,0.0,99.49,0,4
11:33:01.392,338825,150.44,250.0,0.0,0.0,99.55,0,4
11:33:01.492,338925,150.4,250.0,0.0,0.0,99.59,0,4
11:33:01.592,339025,150.34,250.0,0.0,0.0,99.65,0,4
11:33:01.711,339125,150.28,250.0,0.0,0.0,99.71,0,4
11:33:01.792,339225,150.22,250.0,0.0,0.0,99.77,0,4
11:33:01.892,339325,150.16,250.0,0.0,0.0,99.83,0,4
11:33:01.992,339425,150.11,250.0,0.0,0.0,99.88,0,4
11:33:02.092,339525,150.06,250.0,0.0,0.0,99.93,0,4
11:33:02.192,339625,150.01,250.0,0.0,0.0,99.98,0,4
11:33:02.292,339725,150.01,250.0,0.0,0.0,99.98,0,4
11:33:02.310,339744,149.94,250.0,0.0,0.0,100.05,0,4
11:33:02.392,339825,149.94,250.0,0.0,0.0,100.05,0,4
11:33:02.410,339844,149.87,250.0,0.0,0.0,100.12,0,4
11:33:02.491,339925,149.81,250.0,0.0,0.0,100.18,0,4
11:33:02.635,340025,149.77,250.0,0.0,0.0,100.22,0,4
11:33:02.691,340125,149.7,250.0,0.0,0.0,100.29,0,4
11:33:02.792,340225,149.64,250.0,0.0,0.0,100.35,0,4
11:33:02.892,340325,149.58,250.0,0.0,0.0,100.41,0,4
11:33:02.992,340425,149.53,250.0,0.0,0.0,100.46,0,4
11:33:03.091,340525,149.48,250.0,0.0,0.0,100.51,0,4
11:33:03.191,340625,149.43,250.0,0.0,0.0,100.56,0,4
11:33:03.291,340725,149.38,250.0,0.0,0.0,100.61,0,4
11:33:03.392,340825,149.33,250.0,0.0,0.0,100.66,0,4
11:33:03.515,340925,149.27,250.0,0.0,0.0,100.72,0,4
11:33:03.594,341025,149.22,250.0,0.0,0.0,100.77,0,4
11:33:03.692,341125,149.16,250.0,0.0,0.0,100.83,0,4
11:33:03.793,341225,149.1,250.0,0.0,0.0,100.89,0,4
11:33:03.894,341325,149.05,250.0,0.0,0.0,100.94,0,4
11:33:03.991,341425,149.0,250.0,0.0,0.0,100.99,0,4
11:33:04.092,341525,148.93,250.0,0.0,0.0,101.06,0,4
11:33:04.192,341625,148.87,250.0,0.0,0.0,101.12,0,4
11:33:04.297,341725,148.82,250.0,0.0,0.0,101.17,0,4
11:33:04.396,341825,148.76,250.0,0.0,0.0,101.23,0,4
11:33:04.492,341925,148.71,250.0,0.0,0.0,101.28,0,4
11:33:04.591,342025,148.66,250.0,0.0,0.0,101.33,0,4
11:33:04.692,342125,148.61,250.0,0.0,0.0,101.38,0,4
11:33:04.793,342225,148.56,250.0,0.0,0.0,101.43,0,4
11:33:04.893,342325,148.51,250.0,0.0,0.0,101.48,0,4
11:33:05.015,342425,148.44,250.0,0.0,0.0,101.55,0,4
11:33:05.099,342525,148.39,250.0,0.0,0.0,101.6,0,4
11:33:05.206,342625,148.34,250.0,0.0,0.0,101.65,0,4
11:33:05.291,342725,148.27,250.0,0.0,0.0,101.72,0,4
11:33:05.392,342825,148.22,250.0,0.0,0.0,101.77,0,4
11:33:05.491,342925,148.16,250.0,0.0,0.0,101.83,0,4
11:33:05.591,343025,148.1,250.0,0.0,0.0,101.89,0,4
11:33:05.691,343125,148.04,250.0,0.0,0.0,101.95,0,4
11:33:05.790,343225,147.98,250.0,0.0,0.0,102.01,0,4
11:33:05.906,343325,147.93,250.0,0.0,0.0,102.06,0,4
11:33:05.993,343425,147.89,250.0,0.0,0.0,102.1,0,4
11:33:06.092,343525,147.83,250.0,0.0,0.0,102.16,0,4
11:33:06.191,343625,147.78,250.0,0.0,0.0,102.21,0,4
11:33:06.291,343725,147.72,250.0,0.0,0.0,102.27,0,4
11:33:06.391,343825,147.66,250.0,0.0,0.0,102.33,0,4
11:33:06.490,343925,147.6,250.0,0.0,0.0,102.39,0,4
11:33:06.591,344025,147.54,250.0,0.0,0.0,102.45,0,4
11:33:06.690,344125,147.49,250.0,0.0,0.0,102.5,0,4
11:33:06.797,344225,147.42,250.0,0.0,0.0,102.57,0,4
11:33:06.891,344325,147.37,250.0,0.0,0.0,102.62,0,4
11:33:07.011,344425,147.31,250.0,0.0,0.0,102.68,0,4
11:33:07.097,344525,147.25,250.0,0.0,0.0,102.74,0,4
11:33:07.191,344625,147.2,250.0,0.0,0.0,102.79,0,4
11:33:07.290,344725,147.14,250.0,0.0,0.0,102.85,0,4
11:33:07.392,344825,147.08,250.0,0.0,0.0,102.91,0,4
11:33:07.491,344925,147.02,250.0,0.0,0.0,102.97,0,4
11:33:07.591,345025,146.96,250.0,0.0,0.0,103.03,0,4
11:33:07.691,345125,146.91,250.0,0.0,0.0,103.08,0,4
11:33:07.795,345225,146.84,250.0,0.0,0.0,103.15,0,4
11:33:07.893,345325,146.79,250.0,0.0,0.0,103.2,0,4
11:33:08.000,345425,146.74,250.0,0.0,0.0,103.25,0,4
11:33:08.090,345525,146.68,250.0,0.0,0.0,103.31,0,4
11:33:08.190,345625,146.63,250.0,0.0,0.0,103.36,0,4
11:33:08.291,345725,146.57,250.0,0.0,0.0,103.42,0,4
11:33:08.391,345825,146.51,250.0,0.0,0.0,103.48,0,4
11:33:08.491,345925,146.46,250.0,0.0,0.0,103.53,0,4
11:33:08.600,346025,146.42,250.0,0.0,0.0,103.57,0,4
11:33:08.717,346125,146.37,250.0,0.0,0.0,103.62,0,4
11:33:08.793,346225,146.31,250.0,0.0,0.0,103.68,0,4
11:33:08.892,346325,146.26,250.0,0.0,0.0,103.73,0,4
11:33:08.991,346425,146.2,250.0,0.0,0.0,103.79,0,4
11:33:09.090,346525,146.14,250.0,0.0,0.0,103.85,0,4
11:33:09.193,346625,146.08,250.0,0.0,0.0,103.91,0,4
11:33:09.290,346725,146.02,250.0,0.0,0.0,103.97,0,4
11:33:09.390,346825,145.96,250.0,0.0,0.0,104.03,0,4
11:33:09.525,346925,145.89,250.0,0.0,0.0,104.1,0,4
11:33:09.591,347025,145.83,250.0,0.0,0.0,104.16,0,4
11:33:09.691,347125,145.78,250.0,0.0,0.0,104.21,0,4
11:33:09.791,347225,145.73,250.0,0.0,0.0,104.26,0,4
11:33:09.890,347325,145.66,250.0,0.0,0.0,104.33,0,4
11:33:09.990,347425,145.61,250.0,0.0,0.0,104.38,0,4
11:33:10.091,347525,145.55,250.0,0.0,0.0,104.44,0,4
11:33:10.190,347625,145.49,250.0,0.0,0.0,104.5,0,4
11:33:10.420,347725,145.44,250.0,0.0,0.0,104.55,0,4
11:33:10.432,347825,145.38,250.0,0.0,0.0,104.61,0,4
11:33:10.491,347925,145.32,250.0,0.0,0.0,104.67,0,4
11:33:10.591,348025,145.26,250.0,0.0,0.0,104.73,0,4
11:33:10.689,348125,145.21,250.0,0.0,0.0,104.78,0,4
11:33:10.789,348225,145.15,250.0,0.0,0.0,104.84,0,4
11:33:10.890,348325,145.1,250.0,0.0,0.0,104.89,0,4
11:33:10.990,348425,145.04,250.0,0.0,0.0,104.95,0,4
11:33:11.090,348525,144.99,250.0,0.0,0.0,105.0,0,4
11:33:11.222,348625,144.93,250.0,0.0,0.0,105.06,0,4
11:33:11.293,348725,144.87,250.0,0.0,0.0,105.12,0,4
11:33:11.390,348825,144.81,250.0,0.0,0.0,105.18,0,4
11:33:11.490,348925,144.76,250.0,0.0,0.0,105.23,0,4
11:33:11.589,349025,144.7,250.0,0.0,0.0,105.29,0,4
11:33:11.691,349125,144.65,250.0,0.0,0.0,105.34,0,4
11:33:11.789,349225,144.59,250.0,0.0,0.0,105.4,0,4
11:33:11.891,349325,144.54,250.0,0.0,0.0,105.45,0,4
11:33:11.990,349425,144.49,250.0,0.0,0.0,105.5,0,4
11:33:12.116,349525,144.43,250.0,0.0,0.0,105.56,0,4
11:33:12.192,349625,144.38,250.0,0.0,0.0,105.61,0,4
11:33:12.289,349725,144.32,250.0,0.0,0.0,105.67,0,4
11:33:12.405,349825,144.27,250.0,0.0,0.0,105.72,0,4
11:33:12.490,349925,144.21,250.0,0.0,0.0,105.78,0,4
11:33:12.589,350025,144.16,250.0,0.0,0.0,105.83,0,4
11:33:12.689,350125,144.09,250.0,0.0,0.0,105.9,0,4
11:33:12.790,350225,144.03,250.0,0.0,0.0,105.96,0,4
11:33:12.890,350325,143.98,250.0,0.0,0.0,106.01,0,4
11:33:12.989,350425,143.93,250.0,0.0,0.0,106.06,0,4
11:33:13.111,350525,143.88,250.0,0.0,0.0,106.11,0,4
11:33:13.191,350625,145.84,250.0,0.0,0.0,104.15,0,4
11:33:13.290,350725,147.59,250.0,0.0,0.0,102.4,0,4
11:33:13.389,350825,149.17,250.0,0.0,0.0,100.82,0,4
11:33:13.488,350925,150.58,250.0,0.0,0.0,99.41,0,4
11:33:13.589,351025,151.85,250.0,0.0,0.0,98.14,0,4
11:33:13.689,351125,152.97,250.0,0.0,0.0,97.02,0,4
11:33:13.789,351225,153.98,250.0,0.0,0.0,96.01,0,4
11:33:13.890,351325,154.88,250.0,0.0,0.0,95.11,0,4
11:33:13.991,351425,155.68,250.0,0.0,0.0,94.31,0,4
11:33:14.089,351525,156.4,250.0,0.0,0.0,93.59,0,4
11:33:14.189,351625,157.04,250.0,0.0,0.0,92.95,0,4
11:33:14.289,351725,157.61,250.0,0.0,0.0,92.38,0,4
11:33:14.389,351825,158.13,250.0,0.0,0.0,91.86,0,4
11:33:14.489,351925,158.59,250.0,0.0,0.0,91.4,0,4
11:33:14.589,352025,158.99,250.0,0.0,0.0,91.0,0,4
11:33:14.690,352125,159.33,250.0,0.0,0.0,90.66,0,4
11:33:14.804,352225,159.64,250.0,0.0,0.0,90.35,0,4
11:33:14.891,352325,159.92,250.0,0.0,0.0,90.07,0,4
11:33:15.011,352425,160.15,250.0,0.0,0.0,89.84,0,4
11:33:15.089,352525,160.36,250.0,0.0,0.0,89.63,0,4
11:33:15.190,352625,160.53,250.0,0.0,0.0,89.46,0,4
11:33:15.289,352725,160.53,250.0,0.0,0.0,89.46,0,4
11:33:15.311,352744,160.65,250.0,0.0,0.0,89.34,0,4
11:33:15.389,352825,160.76,250.0,0.0,0.0,89.23,0,4
11:33:15.489,352925,160.89,250.0,0.0,0.0,89.1,0,4
11:33:15.587,353025,160.98,250.0,0.0,0.0,89.01,0,4
11:33:15.722,353125,161.07,250.0,0.0,0.0,88.92,0,4
11:33:15.790,353225,161.14,250.0,0.0,0.0,88.85,0,4
11:33:15.887,353325,161.19,250.0,0.0,0.0,88.8,0,4
11:33:15.989,353425,161.19,250.0,0.0,0.0,88.8,0,4
11:33:16.027,353443,161.19,250.0,0.0,0.0,88.8,0,4
11:33:16.087,353525,161.23,250.0,0.0,0.0,88.76,0,4
11:33:16.189,353625,161.27,250.0,0.0,0.0,88.72,0,4
11:33:16.289,353725,161.27,250.0,0.0,0.0,88.72,0,4
11:33:16.388,353825,161.27,250.0,0.0,0.0,88.72,0,4
11:33:16.407,353844,161.27,250.0,0.0,0.0,88.72,0,4
11:33:16.489,353925,161.28,250.0,0.0,0.0,88.71,0,4
11:33:16.589,354025,161.28,250.0,0.0,0.0,88.71,0,4
11:33:16.689,354125,161.29,250.0,0.0,0.0,88.7,0,4
11:33:16.787,354225,161.29,250.0,0.0,0.0,88.7,0,4
11:33:16.806,354244,161.27,250.0,0.0,0.0,88.72,0,4
11:33:16.887,354325,161.26,250.0,0.0,0.0,88.73,0,4
11:33:16.987,354425,161.23,250.0,0.0,0.0,88.76,0,4
11:33:17.088,354525,161.21,250.0,0.0,0.0,88.78,0,4
11:33:17.187,354625,161.18,250.0,0.0,0.0,88.81,0,4
11:33:17.287,354725,161.13,250.0,0.0,0.0,88.86,0,4
11:33:17.388,354825,161.1,250.0,0.0,0.0,88.89,0,4
11:33:17.489,354925,161.06,250.0,0.0,0.0,88.93,0,4
11:33:17.588,355025,161.01,250.0,0.0,0.0,88.98,0,4
11:33:17.689,355125,160.96,250.0,0.0,0.0,89.03,0,4
11:33:17.787,355225,160.93,250.0,0.0,0.0,89.06,0,4
11:33:17.888,355325,160.88,250.0,0.0,0.0,89.11,0,4
11:33:17.988,355425,160.88,250.0,0.0,0.0,89.11,0,4
11:33:18.006,355444,160.81,250.0,0.0,0.0,89.18,0,4
11:33:18.103,355525,160.75,250.0,0.0,0.0,89.24,0,4
11:33:18.197,355625,160.69,250.0,0.0,0.0,89.3,0,4
11:33:18.291,355725,160.65,250.0,0.0,0.0,89.34,0,4
11:33:18.388,355825,160.6,250.0,0.0,0.0,89.39,0,4
11:33:18.487,355925,160.54,250.0,0.0,0.0,89.45,0,4
11:33:18.587,356025,160.47,250.0,0.0,0.0,89.52,0,4
11:33:18.687,356125,160.41,250.0,0.0,0.0,89.58,0,4
11:33:18.791,356225,160.36,250.0,0.0,0.0,89.63,0,4
11:33:18.907,356325,160.29,250.0,0.0,0.0,89.7,0,4
11:33:18.988,356425,160.22,250.0,0.0,0.0,89.77,0,4
11:33:19.096,356525,160.15,250.0,0.0,0.0,89.84,0,4
11:33:19.187,356625,160.09,250.0,0.0,0.0,89.9,0,4
11:33:19.287,356725,160.03,250.0,0.0,0.0,89.96,0,4
11:33:19.388,356825,159.97,250.0,0.0,0.0,90.02,0,4
11:33:19.488,356925,159.91,250.0,0.0,0.0,90.08,0,4
11:33:19.588,357025,159.86,250.0,0.0,0.0,90.13,0,4
11:33:19.606,357044,159.81,250.0,0.0,0.0,90.18,0,4
11:33:19.690,357125,159.81,250.0,0.0,0.0,90.18,0,4
11:33:19.707,357144,159.75,250.0,0.0,0.0,90.24,0,4
11:33:19.807,357225,159.69,250.0,0.0,0.0,90.3,0,4
11:33:19.903,357325,159.64,250.0,0.0,0.0,90.35,0,4
11:33:19.988,357425,159.57,250.0,0.0,0.0,90.42,0,4
11:33:20.090,357525,159.52,250.0,0.0,0.0,90.47,0,4
11:33:20.189,357625,159.47,250.0,0.0,0.0,90.52,0,4
11:33:20.207,357644,159.4,250.0,0.0,0.0,90.59,0,4
11:33:20.287,357725,159.4,250.0,0.0,0.0,90.59,0,4
11:33:20.306,357743,159.4,250.0,0.0,0.0,90.59,0,4
11:33:20.387,357825,159.4,250.0,0.0,0.0,90.59,0,4
11:33:20.406,357844,159.33,250.0,0.0,0.0,90.66,0,4
11:33:20.488,357925,159.26,250.0,0.0,0.0,90.73,0,4
11:33:20.599,358025,159.21,250.0,0.0,0.0,90.78,0,4
11:33:20.687,358125,159.14,250.0,0.0,0.0,90.85,0,4
11:33:20.787,358225,159.08,250.0,0.0,0.0,90.91,0,4
11:33:20.888,358325,159.03,250.0,0.0,0.0,90.96,0,4
11:33:20.988,358425,158.95,250.0,0.0,0.0,91.04,0,4
11:33:21.086,358525,158.89,250.0,0.0,0.0,91.1,0,4
11:33:21.188,358625,158.83,250.0,0.0,0.0,91.16,0,4
11:33:21.287,358725,158.77,250.0,0.0,0.0,91.22,0,4
11:33:21.394,358825,158.71,250.0,0.0,0.0,91.28,0,4
11:33:21.492,358925,158.65,250.0,0.0,0.0,91.34,0,4
11:33:21.587,359025,158.58,250.0,0.0,0.0,91.41,0,4
11:33:21.687,359125,158.52,250.0,0.0,0.0,91.47,0,4
11:33:21.787,359225,158.45,250.0,0.0,0.0,91.54,0,4
11:33:21.887,359325,158.38,250.0,0.0,0.0,91.61,0,4
11:33:21.987,359425,158.33,250.0,0.0,0.0,91.66,0,4
11:33:22.088,359525,158.27,250.0,0.0,0.0,91.72,0,4
11:33:22.202,359625,158.2,250.0,0.0,0.0,91.79,0,4
11:33:22.292,359725,158.14,250.0,0.0,0.0,91.85,0,4
11:33:22.386,359825,158.09,250.0,0.0,0.0,91.9,0,4
11:33:22.491,359925,158.03,250.0,0.0,0.0,91.96,0,4
11:33:22.587,360025,157.96,250.0,0.0,0.0,92.03,0,4
11:33:22.688,360125,157.9,250.0,0.0,0.0,92.09,0,4
11:33:22.787,360225,157.84,250.0,0.0,0.0,92.15,0,4
11:33:22.886,360325,157.78,250.0,0.0,0.0,92.21,0,4
11:33:22.998,360425,157.71,250.0,0.0,0.0,92.28,0,4
11:33:23.089,360525,157.64,250.0,0.0,0.0,92.35,0,4
11:33:23.186,360625,157.58,250.0,0.0,0.0,92.41,0,4
11:33:23.288,360725,157.53,250.0,0.0,0.0,92.46,0,4
11:33:23.387,360825,157.47,250.0,0.0,0.0,92.52,0,4
11:33:23.488,360925,157.4,250.0,0.0,0.0,92.59,0,4
11:33:23.587,361025,157.34,250.0,0.0,0.0,92.65,0,4
11:33:23.686,361125,157.27,250.0,0.0,0.0,92.72,0,4
11:33:23.806,361225,157.2,250.0,0.0,0.0,92.79,0,4
11:33:23.908,361325,157.13,250.0,0.0,0.0,92.86,0,4
11:33:23.986,361425,157.05,250.0,0.0,0.0,92.94,0,4
11:33:24.087,361525,157.0,250.0,0.0,0.0,92.99,0,4
11:33:24.187,361625,156.93,250.0,0.0,0.0,93.06,0,4
11:33:24.291,361725,156.87,250.0,0.0,0.0,93.12,0,4
11:33:24.309,361744,156.81,250.0,0.0,0.0,93.18,0,4
11:33:24.387,361825,156.81,250.0,0.0,0.0,93.18,0,4
11:33:24.408,361844,156.74,250.0,0.0,0.0,93.25,0,4
11:33:24.491,361925,156.68,250.0,0.0,0.0,93.31,0,4
11:33:24.610,362025,156.62,250.0,0.0,0.0,93.37,0,4
11:33:24.687,362125,156.56,250.0,0.0,0.0,93.43,0,4
11:33:24.786,362225,156.5,250.0,0.0,0.0,93.49,0,4
11:33:24.886,362325,156.45,250.0,0.0,0.0,93.54,0,4
11:33:24.987,362425,156.39,250.0,0.0,0.0,93.6,0,4
11:33:25.086,362525,156.33,250.0,0.0,0.0,93.66,0,4
11:33:25.185,362625,156.28,250.0,0.0,0.0,93.71,0,4
11:33:25.287,362725,156.21,250.0,0.0,0.0,93.78,0,4
11:33:25.420,362825,156.16,250.0,0.0,0.0,93.83,0,4
11:33:25.507,362925,156.08,250.0,0.0,0.0,93.91,0,4
11:33:25.595,363025,156.01,250.0,0.0,0.0,93.98,0,4
11:33:25.686,363125,155.94,250.0,0.0,0.0,94.05,0,4
11:33:25.786,363225,155.9,250.0,0.0,0.0,94.09,0,4
11:33:25.886,363325,155.84,250.0,0.0,0.0,94.15,0,4
11:33:25.986,363425,155.77,250.0,0.0,0.0,94.22,0,4
11:33:26.005,363444,155.7,250.0,0.0,0.0,94.29,0,4
11:33:26.085,363525,155.7,250.0,0.0,0.0,94.29,0,4
11:33:26.106,363543,155.7,250.0,0.0,0.0,94.29,0,4
11:33:26.186,363625,155.7,250.0,0.0,0.0,94.29,0,4
11:33:26.205,363644,155.63,250.0,0.0,0.0,94.36,0,4
11:33:26.296,363725,155.57,250.0,0.0,0.0,94.42,0,4
11:33:26.387,363825,155.51,250.0,0.0,0.0,94.48,0,4
11:33:26.486,363925,155.45,250.0,0.0,0.0,94.54,0,4
11:33:26.586,364025,155.38,250.0,0.0,0.0,94.61,0,4
11:33:26.688,364125,155.32,250.0,0.0,0.0,94.67,0,4
11:33:26.786,364225,155.26,250.0,0.0,0.0,94.73,0,4
11:33:26.885,364325,155.19,250.0,0.0,0.0,94.8,0,4
11:33:26.986,364425,155.13,250.0,0.0,0.0,94.86,0,4
11:33:27.113,364525,155.07,250.0,0.0,0.0,94.92,0,4
11:33:27.186,364625,155.02,250.0,0.0,0.0,94.97,0,4
11:33:27.289,364725,154.96,250.0,0.0,0.0,95.03,0,4
11:33:27.385,364825,154.9,250.0,0.0,0.0,95.09,0,4
11:33:27.485,364925,154.84,250.0,0.0,0.0,95.15,0,4
11:33:27.586,365025,154.78,250.0,0.0,0.0,95.21,0,4
11:33:27.685,365125,154.71,250.0,0.0,0.0,95.28,0,4
11:33:27.786,365225,154.65,250.0,0.0,0.0,95.34,0,4
11:33:27.885,365325,154.58,250.0,0.0,0.0,95.41,0,4
11:33:27.987,365425,154.52,250.0,0.0,0.0,95.47,0,4
11:33:28.086,365525,154.46,250.0,0.0,0.0,95.53,0,4
11:33:28.186,365625,154.39,250.0,0.0,0.0,95.6,0,4
11:33:28.285,365725,154.34,250.0,0.0,0.0,95.65,0,4
11:33:28.385,365825,154.28,250.0,0.0,0.0,95.71,0,4
11:33:28.485,365925,154.22,250.0,0.0,0.0,95.77,0,4
11:33:28.586,366025,154.16,250.0,0.0,0.0,95.83,0,4
11:33:28.708,366125,154.08,250.0,0.0,0.0,95.91,0,4
11:33:28.786,366225,154.02,250.0,0.0,0.0,95.97,0,4
11:33:28.885,366325,153.95,250.0,0.0,0.0,96.04,0,4
11:33:28.904,366344,153.88,250.0,0.0,0.0,96.11,0,4
11:33:28.985,366425,153.81,250.0,0.0,0.0,96.18,0,4
11:33:29.085,366525,153.75,250.0,0.0,0.0,96.24,0,4
11:33:29.185,366625,153.7,250.0,0.0,0.0,96.29,0,4
11:33:29.286,366725,153.64,250.0,0.0,0.0,96.35,0,4
11:33:29.385,366825,153.58,250.0,0.0,0.0,96.41,0,4
11:33:29.494,366925,153.53,250.0,0.0,0.0,96.46,0,4
11:33:29.589,367025,153.47,250.0,0.0,0.0,96.52,0,4
11:33:29.684,367125,153.41,250.0,0.0,0.0,96.58,0,4
11:33:29.785,367225,153.38,250.0,0.0,0.0,96.61,0,4
11:33:29.884,367325,153.32,250.0,0.0,0.0,96.67,0,4
11:33:29.985,367425,153.28,250.0,0.0,0.0,96.71,0,4
11:33:30.085,367525,153.23,250.0,0.0,0.0,96.76,0,4
11:33:30.240,367625,153.16,250.0,0.0,0.0,96.83,0,4
11:33:30.289,367725,153.11,250.0,0.0,0.0,96.88,0,4
11:33:30.397,367825,153.05,250.0,0.0,0.0,96.94,0,4
11:33:30.484,367925,152.98,250.0,0.0,0.0,97.01,0,4
11:33:30.585,368025,152.92,250.0,0.0,0.0,97.07,0,4
11:33:30.684,368125,152.88,250.0,0.0,0.0,97.11,0,4
11:33:30.787,368225,152.82,250.0,0.0,0.0,97.17,0,4
11:33:30.884,368325,152.76,250.0,0.0,0.0,97.23,0,4
11:33:30.989,368425,152.71,250.0,0.0,0.0,97.28,0,4
11:33:31.097,368525,152.67,250.0,0.0,0.0,97.32,0,4
11:33:31.185,368625,152.6,250.0,0.0,0.0,97.39,0,4
11:33:31.285,368725,152.53,250.0,0.0,0.0,97.46,0,4
11:33:31.385,368825,152.47,250.0,0.0,0.0,97.52,0,4
11:33:31.485,368925,152.41,250.0,0.0,0.0,97.58,0,4
11:33:31.585,369025,152.37,250.0,0.0,0.0,97.62,0,4
11:33:31.686,369125,152.32,250.0,0.0,0.0,97.67,0,4
11:33:31.850,369225,152.26,250.0,0.0,0.0,97.73,0,4
11:33:31.892,369325,152.2,250.0,0.0,0.0,97.79,0,4
11:33:31.993,369425,152.14,250.0,0.0,0.0,97.85,0,4
11:33:32.085,369525,152.09,250.0,0.0,0.0,97.9,0,4
11:33:32.184,369625,152.03,250.0,0.0,0.0,97.96,0,4
11:33:32.285,369725,151.97,250.0,0.0,0.0,98.02,0,4
11:33:32.304,369744,151.91,250.0,0.0,0.0,98.08,0,4
11:33:32.385,369825,151.91,250.0,0.0,0.0,98.08,0,4
11:33:32.403,369843,151.91,250.0,0.0,0.0,98.08,0,4
11:33:32.484,369925,151.91,250.0,0.0,0.0,98.08,0,4
11:33:32.503,369944,151.84,250.0,0.0,0.0,98.15,0,4
11:33:32.584,370025,151.78,250.0,0.0,0.0,98.21,0,4
11:33:32.686,370125,151.73,250.0,0.0,0.0,98.26,0,4
11:33:32.789,370225,151.67,250.0,0.0,0.0,98.32,0,4
11:33:32.889,370325,151.61,250.0,0.0,0.0,98.38,0,4
11:33:32.985,370425,151.55,250.0,0.0,0.0,98.44,0,4
11:33:33.085,370525,151.49,250.0,0.0,0.0,98.5,0,4
11:33:33.185,370625,151.42,250.0,0.0,0.0,98.57,0,4
11:33:33.283,370725,151.37,250.0,0.0,0.0,98.62,0,4
11:33:33.384,370825,151.32,250.0,0.0,0.0,98.67,0,4
11:33:33.488,370925,151.25,250.0,0.0,0.0,98.74,0,4
11:33:33.593,371025,151.18,250.0,0.0,0.0,98.81,0,4
11:33:33.690,371125,151.13,250.0,0.0,0.0,98.86,0,4
11:33:33.784,371225,151.07,250.0,0.0,0.0,98.92,0,4
11:33:33.885,371325,151.0,250.0,0.0,0.0,98.99,0,4
11:33:33.988,371425,150.92,250.0,0.0,0.0,99.07,0,4
11:33:34.084,371525,150.87,250.0,0.0,0.0,99.12,0,4
11:33:34.185,371625,150.8,250.0,0.0,0.0,99.19,0,4
11:33:34.371,371725,150.74,250.0,0.0,0.0,99.25,0,4
11:33:34.392,371825,150.68,250.0,0.0,0.0,99.31,0,4
11:33:34.484,371925,150.63,250.0,0.0,0.0,99.36,0,4
11:33:34.584,372025,150.57,250.0,0.0,0.0,99.42,0,4
11:33:34.685,372125,150.52,250.0,0.0,0.0,99.47,0,4
11:33:34.787,372225,150.46,250.0,0.0,0.0,99.53,0,4
11:33:34.885,372325,150.38,250.0,0.0,0.0,99.61,0,4
11:33:34.983,372425,150.32,250.0,0.0,0.0,99.67,0,4
11:33:35.084,372525,150.25,250.0,0.0,0.0,99.74,0,4
11:33:35.207,372625,150.2,250.0,0.0,0.0,99.79,0,4
11:33:35.285,372725,150.15,250.0,0.0,0.0,99.84,0,4
11:33:35.384,372825,150.11,250.0,0.0,0.0,99.88,0,4
11:33:35.484,372925,150.05,250.0,0.0,0.0,99.94,0,4
11:33:35.585,373025,149.98,250.0,0.0,0.0,100.01,0,4
11:33:35.683,373125,149.92,250.0,0.0,0.0,100.07,0,4
11:33:35.784,373225,149.87,250.0,0.0,0.0,100.12,0,4
11:33:35.884,373325,149.81,250.0,0.0,0.0,100.18,0,4
11:33:35.984,373425,149.75,250.0,0.0,0.0,100.24,0,4
11:33:36.088,373525,149.69,250.0,0.0,0.0,100.3,0,4
11:33:36.184,373625,149.63,250.0,0.0,0.0,100.36,0,4
11:33:36.283,373725,149.58,250.0,0.0,0.0,100.41,0,4
11:33:36.384,373825,149.52,250.0,0.0,0.0,100.47,0,4
11:33:36.483,373925,149.45,250.0,0.0,0.0,100.54,0,4
11:33:36.585,374025,149.38,250.0,0.0,0.0,100.61,0,4
11:33:36.687,374125,149.33,250.0,0.0,0.0,100.66,0,4
11:33:36.784,374225,149.26,250.0,0.0,0.0,100.73,0,4
11:33:36.884,374325,149.19,250.0,0.0,0.0,100.8,0,4
11:33:36.986,374425,149.13,250.0,0.0,0.0,100.86,0,4
11:33:37.083,374525,149.07,250.0,0.0,0.0,100.92,0,4
11:33:37.184,374625,149.02,250.0,0.0,0.0,100.97,0,4
11:33:37.285,374725,148.96,250.0,0.0,0.0,101.03,0,4
11:33:37.385,374825,148.9,250.0,0.0,0.0,101.09,0,4
11:33:37.483,374925,148.85,250.0,0.0,0.0,101.14,0,4
11:33:37.619,375025,148.79,250.0,0.0,0.0,101.2,0,4
11:33:37.689,375125,148.72,250.0,0.0,0.0,101.27,0,4
11:33:37.784,375225,148.67,250.0,0.0,0.0,101.32,0,4
11:33:37.883,375325,148.62,250.0,0.0,0.0,101.37,0,4
11:33:37.982,375425,148.57,250.0,0.0,0.0,101.42,0,4
11:33:38.083,375525,148.5,250.0,0.0,0.0,101.49,0,4
11:33:38.182,375625,148.45,250.0,0.0,0.0,101.54,0,4
11:33:38.282,375725,148.39,250.0,0.0,0.0,101.6,0,4
11:33:38.382,375825,148.34,250.0,0.0,0.0,101.65,0,4
11:33:38.516,375925,148.27,250.0,0.0,0.0,101.72,0,4
11:33:38.600,376025,148.2,250.0,0.0,0.0,101.79,0,4
11:33:38.683,376125,148.15,250.0,0.0,0.0,101.84,0,4
11:33:38.782,376225,148.1,250.0,0.0,0.0,101.89,0,4
11:33:38.883,376325,148.05,250.0,0.0,0.0,101.94,0,4
11:33:38.982,376425,148.0,250.0,0.0,0.0,101.99,0,4
11:33:39.083,376525,147.94,250.0,0.0,0.0,102.05,0,4
11:33:39.183,376625,147.87,250.0,0.0,0.0,102.12,0,4
11:33:39.293,376725,147.83,250.0,0.0,0.0,102.16,0,4
11:33:39.383,376825,147.76,250.0,0.0,0.0,102.23,0,4
11:33:39.483,376925,147.71,250.0,0.0,0.0,102.28,0,4
11:33:39.583,377025,147.65,250.0,0.0,0.0,102.34,0,4
11:33:39.683,377125,147.58,250.0,0.0,0.0,102.41,0,4
11:33:39.783,377225,147.53,250.0,0.0,0.0,102.46,0,4
11:33:39.882,377325,147.47,250.0,0.0,0.0,102.52,0,4
11:33:39.982,377425,147.4,250.0,0.0,0.0,102.59,0,4
11:33:40.083,377525,147.33,250.0,0.0,0.0,102.66,0,4
11:33:40.188,377625,147.28,250.0,0.0,0.0,102.71,0,4
11:33:40.282,377725,147.22,250.0,0.0,0.0,102.77,0,4
11:33:40.383,377825,147.16,250.0,0.0,0.0,102.83,0,4
11:33:40.482,377925,147.09,250.0,0.0,0.0,102.9,0,4
11:33:40.582,378025,147.04,250.0,0.0,0.0,102.95,0,4
11:33:40.683,378125,146.99,250.0,0.0,0.0,103.0,0,4
11:33:40.798,378225,146.94,250.0,0.0,0.0,103.05,0,4
11:33:40.888,378325,146.88,250.0,0.0,0.0,103.11,0,4
11:33:40.982,378425,146.83,250.0,0.0,0.0,103.16,0,4
11:33:41.082,378525,146.79,250.0,0.0,0.0,103.2,0,4
11:33:41.183,378625,146.74,250.0,0.0,0.0,103.25,0,4
11:33:41.283,378725,146.7,250.0,0.0,0.0,103.29,0,4
11:33:41.383,378825,146.64,250.0,0.0,0.0,103.35,0,4
11:33:41.483,378925,146.59,250.0,0.0,0.0,103.4,0,4
11:33:41.589,379025,146.53,250.0,0.0,0.0,103.46,0,4
11:33:41.683,379125,146.47,250.0,0.0,0.0,103.52,0,4
11:33:41.782,379225,146.42,250.0,0.0,0.0,103.57,0,4
11:33:41.883,379325,146.37,250.0,0.0,0.0,103.62,0,4
11:33:41.981,379425,146.32,250.0,0.0,0.0,103.67,0,4
11:33:42.082,379525,146.28,250.0,0.0,0.0,103.71,0,4
11:33:42.182,379625,146.23,250.0,0.0,0.0,103.76,0,4
11:33:42.282,379725,146.19,250.0,0.0,0.0,103.8,0,4
11:33:42.385,379825,146.15,250.0,0.0,0.0,103.84,0,4
11:33:42.490,379925,146.1,250.0,0.0,0.0,103.89,0,4
11:33:42.582,380025,146.05,250.0,0.0,0.0,103.94,0,4
11:33:42.681,380125,145.99,250.0,0.0,0.0,104.0,0,4
11:33:42.782,380225,145.94,250.0,0.0,0.0,104.05,0,4
11:33:42.882,380325,145.89,250.0,0.0,0.0,104.1,0,4
11:33:42.982,380425,145.84,250.0,0.0,0.0,104.15,0,4
11:33:43.081,380525,145.78,250.0,0.0,0.0,104.21,0,4
11:33:43.181,380625,145.73,250.0,0.0,0.0,104.26,0,4
11:33:43.286,380725,145.68,250.0,0.0,0.0,104.31,0,4
11:33:43.382,380825,145.63,250.0,0.0,0.0,104.36,0,4
11:33:43.482,380925,145.58,250.0,0.0,0.0,104.41,0,4
11:33:43.585,381025,145.53,250.0,0.0,0.0,104.46,0,4
11:33:43.682,381125,145.48,250.0,0.0,0.0,104.51,0,4
11:33:43.783,381225,145.44,250.0,0.0,0.0,104.55,0,4
11:33:43.892,381325,145.38,250.0,0.0,0.0,104.61,0,4
11:33:43.984,381425,145.34,250.0,0.0,0.0,104.65,0,4
11:33:44.087,381525,145.3,250.0,0.0,0.0,104.69,0,4
11:33:44.182,381625,145.24,250.0,0.0,0.0,104.75,0,4
11:33:44.281,381725,145.19,250.0,0.0,0.0,104.8,0,4
11:33:44.384,381825,145.14,250.0,0.0,0.0,104.85,0,4
11:33:44.483,381925,145.08,250.0,0.0,0.0,104.91,0,4
11:33:44.581,382025,145.05,250.0,0.0,0.0,104.94,0,4
11:33:44.682,382125,145.0,250.0,0.0,0.0,104.99,0,4
11:33:44.781,382225,144.96,250.0,0.0,0.0,105.03,0,4
11:33:44.885,382325,144.89,250.0,0.0,0.0,105.1,0,4
11:33:44.981,382425,144.83,250.0,0.0,0.0,105.16,0,4
11:33:45.082,382525,144.79,250.0,0.0,0.0,105.2,0,4
11:33:45.182,382625,144.75,250.0,0.0,0.0,105.24,0,4
11:33:45.282,382725,144.69,250.0,0.0,0.0,105.3,0,4
11:33:45.381,382825,144.65,250.0,0.0,0.0,105.34,0,4
11:33:45.482,382925,144.62,250.0,0.0,0.0,105.37,0,4
11:33:45.588,383025,144.57,250.0,0.0,0.0,105.42,0,4
11:33:45.692,383125,144.51,250.0,0.0,0.0,105.48,0,4
11:33:45.782,383225,144.48,250.0,0.0,0.0,105.51,0,4
11:33:45.880,383325,144.44,250.0,0.0,0.0,105.55,0,4
11:33:45.981,383425,144.37,250.0,0.0,0.0,105.62,0,4
11:33:46.080,383525,144.32,250.0,0.0,0.0,105.67,0,4
11:33:46.183,383625,144.27,250.0,0.0,0.0,105.72,0,4
11:33:46.280,383725,144.22,250.0,0.0,0.0,105.77,0,4
11:33:46.382,383825,144.17,250.0,0.0,0.0,105.82,0,4
11:33:46.481,383925,144.11,250.0,0.0,0.0,105.88,0,4
11:33:46.649,384025,144.06,250.0,0.0,0.0,105.93,0,4
11:33:46.681,384125,144.02,250.0,0.0,0.0,105.97,0,4
11:33:46.788,384225,143.98,250.0,0.0,0.0,106.01,0,4
11:33:46.881,384325,143.93,250.0,0.0,0.0,106.06,0,4
11:33:46.982,384425,143.88,250.0,0.0,0.0,106.11,0,4
11:33:47.081,384525,143.83,250.0,0.0,0.0,106.16,0,4
11:33:47.181,384625,143.78,250.0,0.0,0.0,106.21,0,4
11:33:47.280,384725,143.71,250.0,0.0,0.0,106.28,0,4
11:33:47.380,384825,143.66,250.0,0.0,0.0,106.33,0,4
11:33:47.487,384925,143.62,250.0,0.0,0.0,106.37,0,4
11:33:47.583,385025,143.58,250.0,0.0,0.0,106.41,0,4
11:33:47.681,385125,143.54,250.0,0.0,0.0,106.45,0,4
11:33:47.780,385225,143.49,250.0,0.0,0.0,106.5,0,4
11:33:47.881,385325,143.45,250.0,0.0,0.0,106.54,0,4
11:33:47.981,385425,143.41,250.0,0.0,0.0,106.58,0,4
11:33:48.081,385525,143.35,250.0,0.0,0.0,106.64,0,4
11:33:48.182,385625,143.3,250.0,0.0,0.0,106.69,0,4
11:33:48.291,385725,143.25,250.0,0.0,0.0,106.74,0,4
11:33:48.386,385825,143.21,250.0,0.0,0.0,106.78,0,4
11:33:48.481,385925,143.15,250.0,0.0,0.0,106.84,0,4
11:33:48.581,386025,143.11,250.0,0.0,0.0,106.88,0,4
11:33:48.680,386125,143.07,250.0,0.0,0.0,106.92,0,4
11:33:48.781,386225,143.03,250.0,0.0,0.0,106.96,0,4
11:33:48.880,386325,142.98,250.0,0.0,0.0,107.01,0,4
11:33:48.980,386425,142.93,250.0,0.0,0.0,107.06,0,4
11:33:49.082,386525,142.88,250.0,0.0,0.0,107.11,0,4
11:33:49.191,386625,142.82,250.0,0.0,0.0,107.17,0,4
11:33:49.288,386725,142.77,250.0,0.0,0.0,107.22,0,4
11:33:49.381,386825,142.71,250.0,0.0,0.0,107.28,0,4
11:33:49.482,386925,142.66,250.0,0.0,0.0,107.33,0,4
11:33:49.583,387025,142.62,250.0,0.0,0.0,107.37,0,4
11:33:49.681,387125,142.59,250.0,0.0,0.0,107.4,0,4
11:33:49.781,387225,142.54,250.0,0.0,0.0,107.45,0,4
11:33:49.880,387325,142.5,250.0,0.0,0.0,107.49,0,4
11:33:49.984,387425,142.45,250.0,0.0,0.0,107.54,0,4
11:33:50.084,387525,142.41,250.0,0.0,0.0,107.58,0,4
11:33:50.180,387625,142.35,250.0,0.0,0.0,107.64,0,4
11:33:50.281,387725,142.32,250.0,0.0,0.0,107.67,0,4
11:33:50.380,387825,142.27,250.0,0.0,0.0,107.72,0,4
11:33:50.480,387925,142.23,250.0,0.0,0.0,107.76,0,4
11:33:50.581,388025,142.19,250.0,0.0,0.0,107.8,0,4
11:33:50.680,388125,142.13,250.0,0.0,0.0,107.86,0,4
11:33:50.789,388225,142.11,250.0,0.0,0.0,107.88,0,4
11:33:50.880,388325,142.07,250.0,0.0,0.0,107.92,0,4
11:33:50.980,388425,142.02,250.0,0.0,0.0,107.97,0,4
11:33:51.080,388525,141.97,250.0,0.0,0.0,108.02,0,4
11:33:51.180,388625,141.92,250.0,0.0,0.0,108.07,0,4
11:33:51.279,388725,141.87,250.0,0.0,0.0,108.12,0,4
11:33:51.379,388825,141.82,250.0,0.0,0.0,108.17,0,4
11:33:51.480,388925,141.77,250.0,0.0,0.0,108.22,0,4
11:33:51.582,389025,141.73,250.0,0.0,0.0,108.26,0,4
11:33:51.683,389125,141.68,250.0,0.0,0.0,108.31,0,4
11:33:51.782,389225,141.64,250.0,0.0,0.0,108.35,0,4
11:33:51.880,389325,141.59,250.0,0.0,0.0,108.4,0,4
11:33:51.980,389425,141.54,250.0,0.0,0.0,108.45,0,4
11:33:52.080,389525,141.51,250.0,0.0,0.0,108.48,0,4
11:33:52.182,389625,141.47,250.0,0.0,0.0,108.52,0,4
11:33:52.280,389725,141.42,250.0,0.0,0.0,108.57,0,4
11:33:52.380,389825,141.38,250.0,0.0,0.0,108.61,0,4
11:33:52.480,389925,141.32,250.0,0.0,0.0,108.67,0,4
11:33:52.590,390025,141.28,250.0,0.0,0.0,108.71,0,4
11:33:52.679,390125,141.24,250.0,0.0,0.0,108.75,0,4
11:33:52.780,390225,141.18,250.0,0.0,0.0,108.81,0,4
11:33:52.879,390325,141.14,250.0,0.0,0.0,108.85,0,4
11:33:52.980,390425,141.1,250.0,0.0,0.0,108.89,0,4
11:33:53.080,390525,141.05,250.0,0.0,0.0,108.94,0,4
11:33:53.180,390625,141.01,250.0,0.0,0.0,108.98,0,4
11:33:53.297,390725,140.97,250.0,0.0,0.0,109.02,0,4
11:33:53.400,390825,140.92,250.0,0.0,0.0,109.07,0,4
11:33:53.480,390925,140.88,250.0,0.0,0.0,109.11,0,4
11:33:53.579,391025,140.83,250.0,0.0,0.0,109.16,0,4
11:33:53.680,391125,140.8,250.0,0.0,0.0,109.19,0,4
11:33:53.779,391225,140.75,250.0,0.0,0.0,109.24,0,4
11:33:53.879,391325,140.7,250.0,0.0,0.0,109.29,0,4
11:33:53.979,391425,140.64,250.0,0.0,0.0,109.35,0,4
11:33:54.080,391525,140.6,250.0,0.0,0.0,109.39,0,4
11:33:54.182,391625,140.55,250.0,0.0,0.0,109.44,0,4
11:33:54.283,391725,140.51,250.0,0.0,0.0,109.48,0,4
11:33:54.382,391825,140.48,250.0,0.0,0.0,109.51,0,4
11:33:54.482,391925,140.43,250.0,0.0,0.0,109.56,0,4
11:33:54.579,392025,140.39,250.0,0.0,0.0,109.6,0,4
11:33:54.679,392125,140.34,250.0,0.0,0.0,109.65,0,4
11:33:54.779,392225,140.31,250.0,0.0,0.0,109.68,0,4
11:33:54.879,392325,140.25,250.0,0.0,0.0,109.74,0,4
11:33:54.987,392425,140.22,250.0,0.0,0.0,109.77,0,4
11:33:55.082,392525,140.17,250.0,0.0,0.0,109.82,0,4
11:33:55.177,392625,140.11,250.0,0.0,0.0,109.88,0,4
11:33:55.279,392725,140.06,250.0,0.0,0.0,109.93,0,4
11:33:55.379,392825,140.01,250.0,0.0,0.0,109.98,0,4
11:33:55.479,392925,139.97,250.0,0.0,0.0,110.02,0,4
11:33:55.579,393025,139.93,250.0,0.0,0.0,110.06,0,4
11:33:55.679,393125,139.87,250.0,0.0,0.0,110.12,0,4
11:33:55.781,393225,139.83,250.0,0.0,0.0,110.16,0,4
11:33:55.882,393325,139.79,250.0,0.0,0.0,110.2,0,4
11:33:55.979,393425,139.75,250.0,0.0,0.0,110.24,0,4
11:33:56.080,393525,139.72,250.0,0.0,0.0,110.27,0,4
11:33:56.179,393625,139.66,250.0,0.0,0.0,110.33,0,4
11:33:56.279,393725,139.61,250.0,0.0,0.0,110.38,0,4
11:33:56.379,393825,139.57,250.0,0.0,0.0,110.42,0,4
11:33:56.482,393925,139.52,250.0,0.0,0.0,110.47,0,4
11:33:56.601,394025,139.47,250.0,0.0,0.0,110.52,0,4
11:33:56.686,394125,139.41,250.0,0.0,0.0,110.58,0,4
11:33:56.779,394225,139.37,250.0,0.0,0.0,110.62,0,4
11:33:56.878,394325,139.33,250.0,0.0,0.0,110.66,0,4
11:33:56.979,394425,139.27,250.0,0.0,0.0,110.72,0,4
11:33:57.079,394525,139.24,250.0,0.0,0.0,110.75,0,4
11:33:57.178,394625,139.21,250.0,0.0,0.0,110.78,0,4
11:33:57.279,394725,139.17,250.0,0.0,0.0,110.82,0,4
11:33:57.433,394825,139.13,250.0,0.0,0.0,110.86,0,4
11:33:57.484,394925,139.08,250.0,0.0,0.0,110.91,0,4
11:33:57.579,395025,139.03,250.0,0.0,0.0,110.96,0,4
11:33:57.677,395125,138.98,250.0,0.0,0.0,111.01,0,4
11:33:57.779,395225,138.94,250.0,0.0,0.0,111.05,0,4
11:33:57.877,395325,138.89,250.0,0.0,0.0,111.1,0,4
11:33:57.977,395425,138.85,250.0,0.0,0.0,111.14,0,4
11:33:58.078,395525,138.8,250.0,0.0,0.0,111.19,0,4
11:33:58.182,395625,138.75,250.0,0.0,0.0,111.24,0,4
11:33:58.278,395725,138.71,250.0,0.0,0.0,111.28,0,4
11:33:58.385,395825,138.66,250.0,0.0,0.0,111.33,0,4
11:33:58.478,395925,138.61,250.0,0.0,0.0,111.38,0,4
11:33:58.577,396025,138.57,250.0,0.0,0.0,111.42,0,4
11:33:58.678,396125,138.53,250.0,0.0,0.0,111.46,0,4
11:33:58.778,396225,138.5,250.0,0.0,0.0,111.49,0,4
11:33:58.878,396325,138.45,250.0,0.0,0.0,111.54,0,4
11:33:58.979,396425,138.42,250.0,0.0,0.0,111.57,0,4
11:33:59.079,396525,138.38,250.0,0.0,0.0,111.61,0,4
11:33:59.185,396625,138.33,250.0,0.0,0.0,111.66,0,4
11:33:59.277,396725,138.29,250.0,0.0,0.0,111.7,0,4
11:33:59.378,396825,138.24,250.0,0.0,0.0,111.75,0,4
11:33:59.478,396925,138.18,250.0,0.0,0.0,111.81,0,4
11:33:59.578,397025,138.13,250.0,0.0,0.0,111.86,0,4
11:33:59.678,397125,138.07,250.0,0.0,0.0,111.92,0,4
11:33:59.785,397225,138.02,250.0,0.0,0.0,111.97,0,4
11:33:59.894,397325,137.96,250.0,0.0,0.0,112.03,0,4
11:33:59.977,397425,137.93,250.0,0.0,0.0,112.06,0,4
11:34:00.077,397525,137.88,250.0,0.0,0.0,112.11,0,4
11:34:00.178,397625,137.83,250.0,0.0,0.0,112.16,0,4
11:34:00.279,397725,137.78,250.0,0.0,0.0,112.21,0,4
11:34:00.378,397825,137.73,250.0,0.0,0.0,112.26,0,4
11:34:00.477,397925,137.7,250.0,0.0,0.0,112.29,0,4
11:34:00.599,398025,137.66,250.0,0.0,0.0,112.33,0,4
11:34:00.687,398125,137.61,250.0,0.0,0.0,112.38,0,4
11:34:00.777,398225,137.56,250.0,0.0,0.0,112.43,0,4
11:34:00.877,398325,137.53,250.0,0.0,0.0,112.46,0,4
11:34:00.978,398425,137.48,250.0,0.0,0.0,112.51,0,4
11:34:01.077,398525,137.44,250.0,0.0,0.0,112.55,0,4
11:34:01.177,398625,137.4,250.0,0.0,0.0,112.59,0,4
11:34:01.278,398725,137.36,250.0,0.0,0.0,112.63,0,4
11:34:01.389,398825,137.31,250.0,0.0,0.0,112.68,0,4
11:34:01.477,398925,137.26,250.0,0.0,0.0,112.73,0,4
11:34:01.581,399025,137.22,250.0,0.0,0.0,112.77,0,4
11:34:01.678,399125,137.16,250.0,0.0,0.0,112.83,0,4
11:34:01.777,399225,137.11,250.0,0.0,0.0,112.88,0,4
11:34:01.877,399325,137.07,250.0,0.0,0.0,112.92,0,4
11:34:01.980,399425,137.02,250.0,0.0,0.0,112.97,0,4
11:34:02.080,399525,136.98,250.0,0.0,0.0,113.01,0,4
11:34:02.179,399625,136.93,250.0,0.0,0.0,113.06,0,4
11:34:02.276,399725,136.89,250.0,0.0,0.0,113.1,0,4
11:34:02.381,399825,136.85,250.0,0.0,0.0,113.14,0,4
11:34:02.476,399925,136.82,250.0,0.0,0.0,113.17,0,4
11:34:02.577,400025,136.78,250.0,0.0,0.0,113.21,0,4
11:34:02.677,400125,136.74,250.0,0.0,0.0,113.25,0,4
11:34:02.777,400225,136.69,250.0,0.0,0.0,113.3,0,4
11:34:02.878,400325,136.65,250.0,0.0,0.0,113.34,0,4
11:34:02.984,400425,136.61,250.0,0.0,0.0,113.38,0,4
11:34:03.082,400525,136.56,250.0,0.0,0.0,113.43,0,4
11:34:03.178,400625,136.51,250.0,0.0,0.0,113.48,0,4
11:34:03.279,400725,136.46,250.0,0.0,0.0,113.53,0,4
11:34:03.378,400825,136.4,250.0,0.0,0.0,113.59,0,4
11:34:03.477,400925,136.36,250.0,0.0,0.0,113.63,0,4
11:34:03.577,401025,136.3,250.0,0.0,0.0,113.69,0,4
11:34:03.677,401125,136.26,250.0,0.0,0.0,113.73,0,4
11:34:03.777,401225,136.21,250.0,0.0,0.0,113.78,0,4
11:34:03.914,401325,136.17,250.0,0.0,0.0,113.82,0,4
11:34:03.977,401425,136.14,250.0,0.0,0.0,113.85,0,4
11:34:04.081,401525,136.1,250.0,0.0,0.0,113.89,0,4
11:34:04.177,401625,136.05,250.0,0.0,0.0,113.94,0,4
11:34:04.277,401725,136.0,250.0,0.0,0.0,113.99,0,4
11:34:04.377,401825,135.95,250.0,0.0,0.0,114.04,0,4
11:34:04.476,401925,135.89,250.0,0.0,0.0,114.1,0,4
11:34:04.579,402025,135.85,250.0,0.0,0.0,114.14,0,4
11:34:04.680,402125,135.82,250.0,0.0,0.0,114.17,0,4
11:34:04.785,402225,135.77,250.0,0.0,0.0,114.22,0,4
11:34:04.881,402325,135.74,250.0,0.0,0.0,114.25,0,4
11:34:04.980,402425,135.7,250.0,0.0,0.0,114.29,0,4
11:34:05.077,402525,135.67,250.0,0.0,0.0,114.32,0,4
11:34:05.177,402625,135.63,250.0,0.0,0.0,114.36,0,4
11:34:05.276,402725,135.59,250.0,0.0,0.0,114.4,0,4
11:34:05.379,402825,135.56,250.0,0.0,0.0,114.43,0,4
11:34:05.477,402925,135.51,250.0,0.0,0.0,114.48,0,4
11:34:05.626,403025,135.46,250.0,0.0,0.0,114.53,0,4
11:34:05.677,403125,135.42,250.0,0.0,0.0,114.57,0,4
11:34:05.776,403225,135.37,250.0,0.0,0.0,114.62,0,4
11:34:05.876,403325,135.32,250.0,0.0,0.0,114.67,0,4
11:34:05.976,403425,135.27,250.0,0.0,0.0,114.72,0,4
11:34:06.076,403525,135.22,250.0,0.0,0.0,114.77,0,4
11:34:06.175,403625,135.18,250.0,0.0,0.0,114.81,0,4
11:34:06.276,403725,135.13,250.0,0.0,0.0,114.86,0,4
11:34:06.389,403825,135.07,250.0,0.0,0.0,114.92,0,4
11:34:06.476,403925,135.04,250.0,0.0,0.0,114.95,0,4
11:34:06.577,404025,134.99,250.0,0.0,0.0,115.0,0,4
11:34:06.676,404125,134.95,250.0,0.0,0.0,115.04,0,4
11:34:06.776,404225,134.9,250.0,0.0,0.0,115.09,0,4
11:34:06.877,404325,134.86,250.0,0.0,0.0,115.13,0,4
11:34:06.976,404425,134.8,250.0,0.0,0.0,115.19,0,4
11:34:07.076,404525,134.76,250.0,0.0,0.0,115.23,0,4
11:34:07.204,404625,134.71,250.0,0.0,0.0,115.28,0,4
11:34:07.291,404725,134.67,250.0,0.0,0.0,115.32,0,4
11:34:07.380,404825,134.63,250.0,0.0,0.0,115.36,0,4
11:34:07.475,404925,134.59,250.0,0.0,0.0,115.4,0,4
11:34:07.576,405025,134.56,250.0,0.0,0.0,115.43,0,4
11:34:07.675,405125,134.52,250.0,0.0,0.0,115.47,0,4
11:34:07.776,405225,134.47,250.0,0.0,0.0,115.52,0,4
11:34:07.876,405325,134.42,250.0,0.0,0.0,115.57,0,4
11:34:07.996,405425,134.37,250.0,0.0,0.0,115.62,0,4
11:34:08.086,405525,134.32,250.0,0.0,0.0,115.67,0,4
11:34:08.183,405625,134.28,250.0,0.0,0.0,115.71,0,4
11:34:08.276,405725,134.21,250.0,0.0,0.0,115.78,0,4
11:34:08.377,405825,134.16,250.0,0.0,0.0,115.83,0,4
11:34:08.476,405925,134.12,250.0,0.0,0.0,115.87,0,4
11:34:08.575,406025,134.08,250.0,0.0,0.0,115.91,0,4
11:34:08.676,406125,134.02,250.0,0.0,0.0,115.97,0,4
11:34:08.839,406225,133.97,250.0,0.0,0.0,116.02,0,4
11:34:08.882,406325,133.93,250.0,0.0,0.0,116.06,0,4
11:34:08.989,406425,133.88,250.0,0.0,0.0,116.11,0,4
11:34:09.076,406525,133.84,250.0,0.0,0.0,116.15,0,4
11:34:09.176,406625,133.79,250.0,0.0,0.0,116.2,0,4
11:34:09.275,406725,133.73,250.0,0.0,0.0,116.26,0,4
11:34:09.376,406825,133.68,250.0,0.0,0.0,116.31,0,4
11:34:09.476,406925,133.64,250.0,0.0,0.0,116.35,0,4
11:34:09.576,407025,133.59,250.0,0.0,0.0,116.4,0,4
11:34:09.681,407125,133.56,250.0,0.0,0.0,116.43,0,4
11:34:09.798,407225,133.51,250.0,0.0,0.0,116.48,0,4
11:34:09.876,407325,133.45,250.0,0.0,0.0,116.54,0,4
11:34:09.974,407425,133.42,250.0,0.0,0.0,116.57,0,4
11:34:10.074,407525,133.35,250.0,0.0,0.0,116.64,0,4
11:34:10.179,407625,133.3,250.0,0.0,0.0,116.69,0,4
11:34:10.276,407725,133.25,250.0,0.0,0.0,116.74,0,4
11:34:10.412,407825,133.19,250.0,0.0,0.0,116.8,0,4
11:34:10.476,407925,133.14,250.0,0.0,0.0,116.85,0,4
11:34:10.575,408025,133.1,250.0,0.0,0.0,116.89,0,4
11:34:10.674,408125,133.05,250.0,0.0,0.0,116.94,0,4
11:34:10.774,408225,133.01,250.0,0.0,0.0,116.98,0,4
11:34:10.875,408325,132.96,250.0,0.0,0.0,117.03,0,4
11:34:10.974,408425,132.93,250.0,0.0,0.0,117.06,0,4
11:34:11.075,408525,132.89,250.0,0.0,0.0,117.1,0,4
11:34:11.224,408625,132.85,250.0,0.0,0.0,117.14,0,4
11:34:11.274,408725,132.8,250.0,0.0,0.0,117.19,0,4
11:34:11.379,408825,132.76,250.0,0.0,0.0,117.23,0,4
11:34:11.477,408925,132.72,250.0,0.0,0.0,117.27,0,4
11:34:11.575,409025,132.67,250.0,0.0,0.0,117.32,0,4
11:34:11.675,409125,132.64,250.0,0.0,0.0,117.35,0,4
11:34:11.775,409225,132.61,250.0,0.0,0.0,117.38,0,4
11:34:11.876,409325,132.57,250.0,0.0,0.0,117.42,0,4
11:34:11.989,409425,132.53,250.0,0.0,0.0,117.46,0,4
11:34:12.084,409525,132.49,250.0,0.0,0.0,117.5,0,4
11:34:12.185,409625,132.43,250.0,0.0,0.0,117.56,0,4
11:34:12.275,409725,132.38,250.0,0.0,0.0,117.61,0,4
11:34:12.375,409825,132.34,250.0,0.0,0.0,117.65,0,4
11:34:12.475,409925,132.29,250.0,0.0,0.0,117.7,0,4
11:34:12.574,410025,132.25,250.0,0.0,0.0,117.74,0,4
11:34:12.674,410125,132.21,250.0,0.0,0.0,117.78,0,4
11:34:12.840,410225,132.16,250.0,0.0,0.0,117.83,0,4
11:34:12.877,410325,132.11,250.0,0.0,0.0,117.88,0,4
11:34:12.984,410425,132.06,250.0,0.0,0.0,117.93,0,4
11:34:13.074,410525,132.04,250.0,0.0,0.0,117.95,0,4
11:34:13.174,410625,131.99,250.0,0.0,0.0,118.0,0,4
11:34:13.275,410725,131.95,250.0,0.0,0.0,118.04,0,4
11:34:13.375,410825,131.91,250.0,0.0,0.0,118.08,0,4
11:34:13.475,410925,131.86,250.0,0.0,0.0,118.13,0,4
11:34:13.660,411025,131.83,250.0,0.0,0.0,118.16,0,4
11:34:13.677,411125,131.78,250.0,0.0,0.0,118.21,0,4
11:34:13.779,411225,131.73,250.0,0.0,0.0,118.26,0,4
11:34:13.877,411325,131.7,250.0,0.0,0.0,118.29,0,4
11:34:13.974,411425,131.66,250.0,0.0,0.0,118.33,0,4
11:34:14.074,411525,131.62,250.0,0.0,0.0,118.37,0,4
11:34:14.173,411625,131.57,250.0,0.0,0.0,118.42,0,4
11:34:14.275,411725,131.53,250.0,0.0,0.0,118.46,0,4
11:34:14.374,411825,131.47,250.0,0.0,0.0,118.52,0,4
11:34:14.486,411925,131.43,250.0,0.0,0.0,118.56,0,4
11:34:14.586,412025,131.39,250.0,0.0,0.0,118.6,0,4
11:34:14.688,412125,131.35,250.0,0.0,0.0,118.64,0,4
11:34:14.774,412225,131.31,250.0,0.0,0.0,118.68,0,4
11:34:14.874,412325,131.27,250.0,0.0,0.0,118.72,0,4
11:34:14.974,412425,131.23,250.0,0.0,0.0,118.76,0,4
11:34:15.074,412525,131.19,250.0,0.0,0.0,118.8,0,4
11:34:15.175,412625,131.18,250.0,0.0,0.0,118.81,0,4
11:34:15.274,412725,131.13,250.0,0.0,0.0,118.86,0,4
11:34:15.381,412825,131.1,250.0,0.0,0.0,118.89,0,4
11:34:15.475,412925,131.06,250.0,0.0,0.0,118.93,0,4
11:34:15.574,413025,131.01,250.0,0.0,0.0,118.98,0,4
11:34:15.676,413125,130.96,250.0,0.0,0.0,119.03,0,4
11:34:15.774,413225,130.92,250.0,0.0,0.0,119.07,0,4
11:34:15.875,413325,130.88,250.0,0.0,0.0,119.11,0,4
11:34:15.974,413425,130.84,250.0,0.0,0.0,119.15,0,4
11:34:16.081,413525,130.79,250.0,0.0,0.0,119.2,0,4
11:34:16.179,413625,130.73,250.0,0.0,0.0,119.26,0,4
11:34:16.275,413725,130.69,250.0,0.0,0.0,119.3,0,4
11:34:16.375,413825,130.65,250.0,0.0,0.0,119.34,0,4
11:34:16.474,413925,130.6,250.0,0.0,0.0,119.39,0,4
11:34:16.574,414025,130.55,250.0,0.0,0.0,119.44,0,4
11:34:16.674,414125,130.51,250.0,0.0,0.0,119.48,0,4
11:34:16.773,414225,130.47,250.0,0.0,0.0,119.52,0,4
11:34:16.875,414325,130.42,250.0,0.0,0.0,119.57,0,4
11:34:16.980,414425,130.39,250.0,0.0,0.0,119.6,0,4
11:34:17.074,414525,130.34,250.0,0.0,0.0,119.65,0,4
11:34:17.176,414625,130.31,250.0,0.0,0.0,119.68,0,4
11:34:17.273,414725,130.28,250.0,0.0,0.0,119.71,0,4
11:34:17.373,414825,130.22,250.0,0.0,0.0,119.77,0,4
11:34:17.474,414925,130.19,250.0,0.0,0.0,119.8,0,4
11:34:17.573,415025,130.15,250.0,0.0,0.0,119.84,0,4
11:34:17.673,415125,130.1,250.0,0.0,0.0,119.89,0,4
11:34:17.775,415225,130.07,250.0,0.0,0.0,119.92,0,4
11:34:17.879,415325,130.02,250.0,0.0,0.0,119.97,0,4
11:34:17.980,415425,129.97,250.0,0.0,0.0,120.02,0,4
11:34:18.076,415525,129.92,250.0,0.0,0.0,120.07,0,4
11:34:18.179,415625,129.88,250.0,0.0,0.0,120.11,0,4
11:34:18.272,415725,129.84,250.0,0.0,0.0,120.15,0,4
11:34:18.373,415825,129.79,250.0,0.0,0.0,120.2,0,4
11:34:18.473,415925,129.76,250.0,0.0,0.0,120.23,0,4
11:34:18.573,416025,129.71,250.0,0.0,0.0,120.28,0,4
11:34:18.746,416125,129.68,250.0,0.0,0.0,120.31,0,4
11:34:18.773,416225,129.64,250.0,0.0,0.0,120.35,0,4
11:34:18.884,416325,129.61,250.0,0.0,0.0,120.38,0,4
11:34:18.973,416425,129.58,250.0,0.0,0.0,120.41,0,4
11:34:19.073,416525,129.53,250.0,0.0,0.0,120.46,0,4
11:34:19.174,416625,129.48,250.0,0.0,0.0,120.51,0,4
11:34:19.273,416725,129.44,250.0,0.0,0.0,120.55,0,4
11:34:19.374,416825,129.4,250.0,0.0,0.0,120.59,0,4
11:34:19.473,416925,129.36,250.0,0.0,0.0,120.63,0,4
11:34:19.587,417025,129.32,250.0,0.0,0.0,120.67,0,4
11:34:19.675,417125,129.29,250.0,0.0,0.0,120.7,0,4
11:34:19.773,417225,129.26,250.0,0.0,0.0,120.73,0,4
11:34:19.873,417325,129.22,250.0,0.0,0.0,120.77,0,4
11:34:19.972,417425,129.18,250.0,0.0,0.0,120.81,0,4
11:34:20.072,417525,129.15,250.0,0.0,0.0,120.84,0,4
11:34:20.173,417625,129.1,250.0,0.0,0.0,120.89,0,4
11:34:20.272,417725,129.08,250.0,0.0,0.0,120.91,0,4
11:34:20.431,417825,129.05,250.0,0.0,0.0,120.94,0,4
11:34:20.478,417925,129.02,250.0,0.0,0.0,120.97,0,4
11:34:20.585,418025,128.97,250.0,0.0,0.0,121.02,0,4
11:34:20.673,418125,128.92,250.0,0.0,0.0,121.07,0,4
11:34:20.773,418225,128.88,250.0,0.0,0.0,121.11,0,4
11:34:20.872,418325,128.85,250.0,0.0,0.0,121.14,0,4
11:34:20.974,418425,128.8,250.0,0.0,0.0,121.19,0,4
11:34:21.072,418525,128.75,250.0,0.0,0.0,121.24,0,4
11:34:21.176,418625,128.71,250.0,0.0,0.0,121.28,0,4
11:34:21.296,418725,128.66,250.0,0.0,0.0,121.33,0,4
11:34:21.372,418825,128.62,250.0,0.0,0.0,121.37,0,4
11:34:21.473,418925,128.58,250.0,0.0,0.0,121.41,0,4
11:34:21.572,419025,128.56,250.0,0.0,0.0,121.43,0,4
11:34:21.678,419125,128.53,250.0,0.0,0.0,121.46,0,4
11:34:21.773,419225,128.49,250.0,0.0,0.0,121.5,0,4
11:34:21.872,419325,128.45,250.0,0.0,0.0,121.54,0,4
11:34:21.972,419425,128.43,250.0,0.0,0.0,121.56,0,4
11:34:22.072,419525,128.39,250.0,0.0,0.0,121.6,0,4
11:34:22.237,419625,128.35,250.0,0.0,0.0,121.64,0,4
11:34:22.275,419725,128.3,250.0,0.0,0.0,121.69,0,4
11:34:22.373,419825,128.27,250.0,0.0,0.0,121.72,0,4
11:34:22.472,419925,128.24,250.0,0.0,0.0,121.75,0,4
11:34:22.576,420025,128.2,250.0,0.0,0.0,121.79,0,4
11:34:22.672,420125,128.14,250.0,0.0,0.0,121.85,0,4
11:34:22.773,420225,128.09,250.0,0.0,0.0,121.9,0,4
11:34:22.872,420325,128.06,250.0,0.0,0.0,121.93,0,4
11:34:22.995,420425,128.02,250.0,0.0,0.0,121.97,0,4
11:34:23.072,420525,127.99,250.0,0.0,0.0,122.0,0,4
11:34:23.175,420625,127.95,250.0,0.0,0.0,122.04,0,4
11:34:23.272,420725,127.92,250.0,0.0,0.0,122.07,0,4
11:34:23.372,420825,127.88,250.0,0.0,0.0,122.11,0,4
11:34:23.473,420925,127.85,250.0,0.0,0.0,122.14,0,4
11:34:23.572,421025,127.81,250.0,0.0,0.0,122.18,0,4
11:34:23.671,421125,127.78,250.0,0.0,0.0,122.21,0,4
11:34:23.802,421225,127.75,250.0,0.0,0.0,122.24,0,4
11:34:23.874,421325,127.71,250.0,0.0,0.0,122.28,0,4
11:34:23.979,421425,127.67,250.0,0.0,0.0,122.32,0,4
11:34:24.072,421525,127.62,250.0,0.0,0.0,122.37,0,4
11:34:24.172,421625,127.58,250.0,0.0,0.0,122.41,0,4
11:34:24.272,421725,127.53,250.0,0.0,0.0,122.46,0,4
11:34:24.371,421825,127.5,250.0,0.0,0.0,122.49,0,4
11:34:24.471,421925,127.46,250.0,0.0,0.0,122.53,0,4
11:34:24.607,422025,127.42,250.0,0.0,0.0,122.57,0,4
11:34:24.672,422125,127.38,250.0,0.0,0.0,122.61,0,4
11:34:24.772,422225,127.3,250.0,0.0,0.0,122.69,0,4
11:34:24.872,422325,127.25,250.0,0.0,0.0,122.74,0,4
11:34:24.972,422425,127.2,250.0,0.0,0.0,122.79,0,4
11:34:25.071,422525,127.16,250.0,0.0,0.0,122.83,0,4
11:34:25.174,422625,127.12,250.0,0.0,0.0,122.87,0,4
11:34:25.273,422725,127.08,250.0,0.0,0.0,122.91,0,4
11:34:25.372,422825,127.04,250.0,0.0,0.0,122.95,0,4
11:34:25.495,422925,127.0,250.0,0.0,0.0,122.99,0,4
11:34:25.574,423025,126.98,250.0,0.0,0.0,123.01,0,4
11:34:25.672,423125,126.95,250.0,0.0,0.0,123.04,0,4
11:34:25.771,423225,126.91,250.0,0.0,0.0,123.08,0,4
11:34:25.871,423325,126.89,250.0,0.0,0.0,123.1,0,4
11:34:25.972,423425,126.83,250.0,0.0,0.0,123.16,0,4
11:34:26.071,423525,126.8,250.0,0.0,0.0,123.19,0,4
11:34:26.171,423625,126.76,250.0,0.0,0.0,123.23,0,4
11:34:26.293,423725,126.72,250.0,0.0,0.0,123.27,0,4
11:34:26.378,423825,126.68,250.0,0.0,0.0,123.31,0,4
11:34:26.471,423925,126.64,250.0,0.0,0.0,123.35,0,4
11:34:26.570,424025,126.61,250.0,0.0,0.0,123.38,0,4
11:34:26.671,424125,126.58,250.0,0.0,0.0,123.41,0,4
11:34:26.772,424225,126.55,250.0,0.0,0.0,123.44,0,4
11:34:26.871,424325,126.49,250.0,0.0,0.0,123.5,0,4
11:34:26.971,424425,126.46,250.0,0.0,0.0,123.53,0,4
11:34:27.129,424525,126.44,250.0,0.0,0.0,123.55,0,4
11:34:27.172,424625,126.4,250.0,0.0,0.0,123.59,0,4
11:34:27.272,424725,126.37,250.0,0.0,0.0,123.62,0,4
11:34:27.371,424825,126.34,250.0,0.0,0.0,123.65,0,4
11:34:27.470,424925,126.29,250.0,0.0,0.0,123.7,0,4
11:34:27.570,425025,126.26,250.0,0.0,0.0,123.73,0,4
11:34:27.671,425125,126.22,250.0,0.0,0.0,123.77,0,4
11:34:27.770,425225,126.19,250.0,0.0,0.0,123.8,0,4
11:34:27.901,425325,126.15,250.0,0.0,0.0,123.84,0,4
11:34:27.973,425425,126.11,250.0,0.0,0.0,123.88,0,4
11:34:28.071,425525,126.07,250.0,0.0,0.0,123.92,0,4
11:34:28.170,425625,126.02,250.0,0.0,0.0,123.97,0,4
11:34:28.270,425725,125.98,250.0,0.0,0.0,124.01,0,4
11:34:28.371,425825,125.95,250.0,0.0,0.0,124.04,0,4
11:34:28.471,425925,125.92,250.0,0.0,0.0,124.07,0,4
11:34:28.570,426025,125.9,250.0,0.0,0.0,124.09,0,4
11:34:28.674,426125,125.86,250.0,0.0,0.0,124.13,0,4
11:34:28.774,426225,125.83,250.0,0.0,0.0,124.16,0,4
11:34:28.871,426325,125.8,250.0,0.0,0.0,124.19,0,4
11:34:28.971,426425,125.77,250.0,0.0,0.0,124.22,0,4
11:34:29.071,426525,125.74,250.0,0.0,0.0,124.25,0,4
11:34:29.170,426625,125.7,250.0,0.0,0.0,124.29,0,4
11:34:29.271,426725,125.67,250.0,0.0,0.0,124.32,0,4
11:34:29.431,426825,125.63,250.0,0.0,0.0,124.36,0,4
11:34:29.473,426925,125.6,250.0,0.0,0.0,124.39,0,4
11:34:29.573,427025,125.55,250.0,0.0,0.0,124.44,0,4
11:34:29.671,427125,125.52,250.0,0.0,0.0,124.47,0,4
11:34:29.771,427225,125.48,250.0,0.0,0.0,124.51,0,4
11:34:29.871,427325,125.46,250.0,0.0,0.0,124.53,0,4
11:34:29.970,427425,125.41,250.0,0.0,0.0,124.58,0,4
11:34:30.070,427525,125.38,250.0,0.0,0.0,124.61,0,4
11:34:30.207,427625,125.34,250.0,0.0,0.0,124.65,0,4
11:34:30.274,427725,125.31,250.0,0.0,0.0,124.68,0,4
11:34:30.370,427825,125.27,250.0,0.0,0.0,124.72,0,4
11:34:30.470,427925,125.23,250.0,0.0,0.0,124.76,0,4
11:34:30.571,428025,125.2,250.0,0.0,0.0,124.79,0,4
11:34:30.669,428125,125.15,250.0,0.0,0.0,124.84,0,4
11:34:30.770,428225,125.13,250.0,0.0,0.0,124.86,0,4
11:34:30.870,428325,125.09,250.0,0.0,0.0,124.9,0,4
11:34:30.974,428425,125.04,250.0,0.0,0.0,124.95,0,4
11:34:31.079,428525,125.0,250.0,0.0,0.0,124.99,0,4
11:34:31.203,428625,124.96,250.0,0.0,0.0,125.03,0,4
11:34:31.270,428725,124.92,250.0,0.0,0.0,125.07,0,4
11:34:31.370,428825,124.89,250.0,0.0,0.0,125.1,0,4
11:34:31.470,428925,124.85,250.0,0.0,0.0,125.14,0,4
11:34:31.572,429025,124.8,250.0,0.0,0.0,125.19,0,4
11:34:31.670,429125,124.78,250.0,0.0,0.0,125.21,0,4
11:34:31.801,429225,124.74,250.0,0.0,0.0,125.25,0,4
11:34:31.870,429325,124.71,250.0,0.0,0.0,125.28,0,4
11:34:31.973,429425,124.66,250.0,0.0,0.0,125.33,0,4
11:34:32.069,429525,124.62,250.0,0.0,0.0,125.37,0,4
11:34:32.173,429625,124.57,250.0,0.0,0.0,125.42,0,4
11:34:32.270,429725,124.55,250.0,0.0,0.0,125.44,0,4
11:34:32.369,429825,124.5,250.0,0.0,0.0,125.49,0,4
11:34:32.471,429925,124.48,250.0,0.0,0.0,125.51,0,4
11:34:32.586,430025,124.45,250.0,0.0,0.0,125.54,0,4
11:34:32.670,430125,124.41,250.0,0.0,0.0,125.58,0,4
11:34:32.775,430225,124.38,250.0,0.0,0.0,125.61,0,4
11:34:32.870,430325,124.34,250.0,0.0,0.0,125.65,0,4
11:34:32.971,430425,124.31,250.0,0.0,0.0,125.68,0,4
11:34:33.070,430525,124.28,250.0,0.0,0.0,125.71,0,4
11:34:33.169,430625,124.26,250.0,0.0,0.0,125.73,0,4
11:34:33.274,430725,124.21,250.0,0.0,0.0,125.78,0,4
11:34:33.370,430825,124.17,250.0,0.0,0.0,125.82,0,4
11:34:33.511,430925,124.12,250.0,0.0,0.0,125.87,0,4
11:34:33.593,431025,124.07,250.0,0.0,0.0,125.92,0,4
11:34:33.684,431125,124.04,250.0,0.0,0.0,125.95,0,4
11:34:33.773,431225,124.0,250.0,0.0,0.0,125.99,0,4
11:34:33.870,431325,123.96,250.0,0.0,0.0,126.03,0,4
11:34:33.971,431425,123.93,250.0,0.0,0.0,126.06,0,4
11:34:34.072,431525,123.87,250.0,0.0,0.0,126.12,0,4
11:34:34.169,431625,123.84,250.0,0.0,0.0,126.15,0,4
11:34:34.292,431725,123.83,250.0,0.0,0.0,126.16,0,4
11:34:34.373,431825,123.8,250.0,0.0,0.0,126.19,0,4
11:34:34.480,431925,123.77,250.0,0.0,0.0,126.22,0,4
11:34:34.571,432025,123.71,250.0,0.0,0.0,126.28,0,4
11:34:34.669,432125,123.68,250.0,0.0,0.0,126.31,0,4
11:34:34.770,432225,123.63,250.0,0.0,0.0,126.36,0,4
11:34:34.869,432325,123.6,250.0,0.0,0.0,126.39,0,4
11:34:34.969,432425,123.58,250.0,0.0,0.0,126.41,0,4
11:34:35.070,432525,123.54,250.0,0.0,0.0,126.45,0,4
11:34:35.224,432625,123.51,250.0,0.0,0.0,126.48,0,4
11:34:35.274,432725,123.44,250.0,0.0,0.0,126.55,0,4
11:34:35.374,432825,123.42,250.0,0.0,0.0,126.57,0,4
11:34:35.469,432925,123.38,250.0,0.0,0.0,126.61,0,4
11:34:35.570,433025,123.35,250.0,0.0,0.0,126.64,0,4
11:34:35.669,433125,123.32,250.0,0.0,0.0,126.67,0,4
11:34:35.770,433225,123.28,250.0,0.0,0.0,126.71,0,4
11:34:35.869,433325,123.24,250.0,0.0,0.0,126.75,0,4
11:34:35.969,433425,123.21,250.0,0.0,0.0,126.78,0,4
11:34:36.069,433525,123.17,250.0,0.0,0.0,126.82,0,4
11:34:36.184,433625,123.15,250.0,0.0,0.0,126.84,0,4
11:34:36.268,433725,123.11,250.0,0.0,0.0,126.88,0,4
11:34:36.370,433825,123.09,250.0,0.0,0.0,126.9,0,4
11:34:36.470,433925,123.06,250.0,0.0,0.0,126.93,0,4
11:34:36.569,434025,123.02,250.0,0.0,0.0,126.97,0,4
11:34:36.669,434125,122.99,250.0,0.0,0.0,127.0,0,4
11:34:36.769,434225,122.95,250.0,0.0,0.0,127.04,0,4
11:34:36.870,434325,122.9,250.0,0.0,0.0,127.09,0,4
11:34:36.969,434425,122.87,250.0,0.0,0.0,127.12,0,4
11:34:37.072,434525,122.83,250.0,0.0,0.0,127.16,0,4
11:34:37.170,434625,122.8,250.0,0.0,0.0,127.19,0,4
11:34:37.269,434725,122.77,250.0,0.0,0.0,127.22,0,4
11:34:37.369,434825,122.73,250.0,0.0,0.0,127.26,0,4
11:34:37.470,434925,122.69,250.0,0.0,0.0,127.3,0,4
11:34:37.569,435025,122.65,250.0,0.0,0.0,127.34,0,4
11:34:37.670,435125,122.6,250.0,0.0,0.0,127.39,0,4
11:34:37.778,435225,122.58,250.0,0.0,0.0,127.41,0,4
11:34:37.871,435325,122.53,250.0,0.0,0.0,127.46,0,4
11:34:37.969,435425,122.5,250.0,0.0,0.0,127.49,0,4
11:34:38.069,435525,122.49,250.0,0.0,0.0,127.5,0,4
11:34:38.169,435625,122.46,250.0,0.0,0.0,127.53,0,4
11:34:38.270,435725,122.44,250.0,0.0,0.0,127.55,0,4
11:34:38.369,435825,122.4,250.0,0.0,0.0,127.59,0,4
11:34:38.468,435925,122.37,250.0,0.0,0.0,127.62,0,4
11:34:38.621,436025,122.33,250.0,0.0,0.0,127.66,0,4
11:34:38.679,436125,122.3,250.0,0.0,0.0,127.69,0,4
11:34:38.785,436225,122.27,250.0,0.0,0.0,127.72,0,4
11:34:38.867,436325,122.24,250.0,0.0,0.0,127.75,0,4
11:34:38.967,436425,122.2,250.0,0.0,0.0,127.79,0,4
11:34:39.068,436525,122.17,250.0,0.0,0.0,127.82,0,4
11:34:39.170,436625,122.15,250.0,0.0,0.0,127.84,0,4
11:34:39.267,436725,122.11,250.0,0.0,0.0,127.88,0,4
11:34:39.368,436825,122.07,250.0,0.0,0.0,127.92,0,4
11:34:39.476,436925,122.03,250.0,0.0,0.0,127.96,0,4
11:34:39.577,437025,121.99,250.0,0.0,0.0,128.0,0,4
11:34:39.688,437125,121.95,250.0,0.0,0.0,128.04,0,4
11:34:39.768,437225,121.9,250.0,0.0,0.0,128.09,0,4
11:34:39.868,437325,121.87,250.0,0.0,0.0,128.12,0,4
11:34:39.967,437425,121.83,250.0,0.0,0.0,128.16,0,4
11:34:40.067,437525,121.8,250.0,0.0,0.0,128.19,0,4
11:34:40.167,437625,121.76,250.0,0.0,0.0,128.23,0,4
11:34:40.267,437725,121.71,250.0,0.0,0.0,128.28,0,4
11:34:40.376,437825,121.7,250.0,0.0,0.0,128.29,0,4
11:34:40.474,437925,121.67,250.0,0.0,0.0,128.32,0,4
11:34:40.584,438025,121.64,250.0,0.0,0.0,128.35,0,4
11:34:40.667,438125,121.61,250.0,0.0,0.0,128.38,0,4
11:34:40.767,438225,121.57,250.0,0.0,0.0,128.42,0,4
11:34:40.868,438325,121.53,250.0,0.0,0.0,128.46,0,4
11:34:40.967,438425,121.49,250.0,0.0,0.0,128.5,0,4
11:34:41.069,438525,121.44,250.0,0.0,0.0,128.55,0,4
11:34:41.190,438625,121.41,250.0,0.0,0.0,128.58,0,4
11:34:41.306,438725,121.37,250.0,0.0,0.0,128.62,0,4
11:34:41.378,438825,121.33,250.0,0.0,0.0,128.66,0,4
11:34:41.479,438925,121.29,250.0,0.0,0.0,128.7,0,4
11:34:41.568,439025,121.25,250.0,0.0,0.0,128.74,0,4
11:34:41.668,439125,121.22,250.0,0.0,0.0,128.77,0,4
11:34:41.767,439225,121.19,250.0,0.0,0.0,128.8,0,4
11:34:41.867,439325,121.17,250.0,0.0,0.0,128.82,0,4
11:34:41.967,439425,121.14,250.0,0.0,0.0,128.85,0,4
11:34:42.078,439525,121.11,250.0,0.0,0.0,128.88,0,4
11:34:42.169,439625,121.09,250.0,0.0,0.0,128.9,0,4
11:34:42.278,439725,121.05,250.0,0.0,0.0,128.94,0,4
11:34:42.366,439825,121.03,250.0,0.0,0.0,128.96,0,4
11:34:42.467,439925,120.99,250.0,0.0,0.0,129.0,0,4
11:34:42.567,440025,120.96,250.0,0.0,0.0,129.03,0,4
11:34:42.667,440125,120.9,250.0,0.0,0.0,129.09,0,4
11:34:42.766,440225,120.87,250.0,0.0,0.0,129.12,0,4
11:34:42.867,440325,120.83,250.0,0.0,0.0,129.16,0,4
11:34:42.983,440425,120.81,250.0,0.0,0.0,129.18,0,4
11:34:43.072,440525,120.79,250.0,0.0,0.0,129.2,0,4
11:34:43.173,440625,120.75,250.0,0.0,0.0,129.24,0,4
11:34:43.266,440725,120.72,250.0,0.0,0.0,129.27,0,4
11:34:43.366,440825,120.69,250.0,0.0,0.0,129.3,0,4
11:34:43.466,440925,120.66,250.0,0.0,0.0,129.33,0,4
11:34:43.567,441025,120.63,250.0,0.0,0.0,129.36,0,4
11:34:43.667,441125,120.58,250.0,0.0,0.0,129.41,0,4
11:34:43.793,441225,120.54,250.0,0.0,0.0,129.45,0,4
11:34:43.870,441325,120.51,250.0,0.0,0.0,129.48,0,4
11:34:43.966,441425,120.47,250.0,0.0,0.0,129.52,0,4
11:34:44.067,441525,120.44,250.0,0.0,0.0,129.55,0,4
11:34:44.167,441625,120.4,250.0,0.0,0.0,129.59,0,4
11:34:44.267,441725,120.36,250.0,0.0,0.0,129.63,0,4
11:34:44.366,441825,120.33,250.0,0.0,0.0,129.66,0,4
11:34:44.467,441925,120.3,250.0,0.0,0.0,129.69,0,4
11:34:44.577,442025,120.28,250.0,0.0,0.0,129.71,0,4
11:34:44.668,442125,120.25,250.0,0.0,0.0,129.74,0,4
11:34:44.767,442225,120.21,250.0,0.0,0.0,129.78,0,4
11:34:44.868,442325,120.18,250.0,0.0,0.0,129.81,0,4
11:34:44.966,442425,120.14,250.0,0.0,0.0,129.85,0,4
11:34:45.066,442525,120.11,250.0,0.0,0.0,129.88,0,4
11:34:45.166,442625,120.07,250.0,0.0,0.0,129.92,0,4
11:34:45.267,442725,120.02,250.0,0.0,0.0,129.97,0,4
11:34:45.374,442825,119.98,250.0,0.0,0.0,130.01,0,4
11:34:45.473,442925,119.93,250.0,0.0,0.0,130.06,0,4
11:34:45.567,443025,119.89,250.0,0.0,0.0,130.1,0,4
11:34:45.667,443125,119.86,250.0,0.0,0.0,130.13,0,4
11:34:45.767,443225,119.82,250.0,0.0,0.0,130.17,0,4
11:34:45.867,443325,119.77,250.0,0.0,0.0,130.22,0,4
11:34:45.966,443425,119.74,250.0,0.0,0.0,130.25,0,4
11:34:46.067,443525,119.71,250.0,0.0,0.0,130.28,0,4
11:34:46.167,443625,119.67,250.0,0.0,0.0,130.32,0,4
11:34:46.304,443725,119.65,250.0,0.0,0.0,130.34,0,4
11:34:46.367,443825,119.6,250.0,0.0,0.0,130.39,0,4
11:34:46.479,443925,119.58,250.0,0.0,0.0,130.41,0,4
11:34:46.565,444025,119.55,250.0,0.0,0.0,130.44,0,4
11:34:46.666,444125,119.51,250.0,0.0,0.0,130.48,0,4
11:34:46.767,444225,119.48,250.0,0.0,0.0,130.51,0,4
11:34:46.866,444325,119.45,250.0,0.0,0.0,130.54,0,4
11:34:46.967,444425,119.43,250.0,0.0,0.0,130.56,0,4
11:34:47.066,444525,119.38,250.0,0.0,0.0,130.61,0,4
11:34:47.177,444625,119.34,250.0,0.0,0.0,130.65,0,4
11:34:47.278,444725,119.31,250.0,0.0,0.0,130.68,0,4
11:34:47.366,444825,119.27,250.0,0.0,0.0,130.72,0,4
11:34:47.466,444925,119.23,250.0,0.0,0.0,130.76,0,4
11:34:47.565,445025,119.19,250.0,0.0,0.0,130.8,0,4
11:34:47.666,445125,119.17,250.0,0.0,0.0,130.82,0,4
11:34:47.766,445225,119.14,250.0,0.0,0.0,130.85,0,4
11:34:47.929,445325,119.11,250.0,0.0,0.0,130.88,0,4
11:34:47.972,445425,119.07,250.0,0.0,0.0,130.92,0,4
11:34:48.066,445525,119.04,250.0,0.0,0.0,130.95,0,4
11:34:48.165,445625,119.01,250.0,0.0,0.0,130.98,0,4
11:34:48.266,445725,118.98,250.0,0.0,0.0,131.01,0,4
11:34:48.366,445825,118.96,250.0,0.0,0.0,131.03,0,4
11:34:48.466,445925,118.91,250.0,0.0,0.0,131.08,0,4
11:34:48.565,446025,118.87,250.0,0.0,0.0,131.12,0,4
11:34:48.690,446125,118.84,250.0,0.0,0.0,131.15,0,4
11:34:48.767,446225,118.81,250.0,0.0,0.0,131.18,0,4
11:34:48.869,446325,118.79,250.0,0.0,0.0,131.2,0,4
11:34:48.966,446425,118.77,250.0,0.0,0.0,131.22,0,4
11:34:49.065,446525,118.73,250.0,0.0,0.0,131.26,0,4
11:34:49.166,446625,118.69,250.0,0.0,0.0,131.3,0,4
11:34:49.266,446725,118.66,250.0,0.0,0.0,131.33,0,4
11:34:49.366,446825,118.62,250.0,0.0,0.0,131.37,0,4
11:34:49.514,446925,118.59,250.0,0.0,0.0,131.4,0,4
11:34:49.587,447025,118.56,250.0,0.0,0.0,131.43,0,4
11:34:49.697,447125,118.53,250.0,0.0,0.0,131.46,0,4
11:34:49.786,447225,118.5,250.0,0.0,0.0,131.49,0,4
11:34:49.867,447325,118.46,250.0,0.0,0.0,131.53,0,4
11:34:49.966,447425,118.41,250.0,0.0,0.0,131.58,0,4
11:34:50.066,447525,118.36,250.0,0.0,0.0,131.63,0,4
11:34:50.165,447625,118.32,250.0,0.0,0.0,131.67,0,4
11:34:50.266,447725,118.28,250.0,0.0,0.0,131.71,0,4
11:34:50.366,447825,118.25,250.0,0.0,0.0,131.74,0,4
11:34:50.482,447925,118.21,250.0,0.0,0.0,131.78,0,4
11:34:50.574,448025,118.19,250.0,0.0,0.0,131.8,0,4
11:34:50.665,448125,118.15,250.0,0.0,0.0,131.84,0,4
11:34:50.765,448225,118.13,250.0,0.0,0.0,131.86,0,4
11:34:50.865,448325,118.11,250.0,0.0,0.0,131.88,0,4
11:34:50.965,448425,118.07,250.0,0.0,0.0,131.92,0,4
11:34:51.065,448525,118.05,250.0,0.0,0.0,131.94,0,4
11:34:51.165,448625,118.03,250.0,0.0,0.0,131.96,0,4
11:34:51.311,448725,118.0,250.0,0.0,0.0,131.99,0,4
11:34:51.367,448825,117.98,250.0,0.0,0.0,132.01,0,4
11:34:51.464,448925,117.95,250.0,0.0,0.0,132.04,0,4
11:34:51.564,449025,117.92,250.0,0.0,0.0,132.07,0,4
11:34:51.666,449125,117.89,250.0,0.0,0.0,132.1,0,4
11:34:51.765,449225,117.86,250.0,0.0,0.0,132.13,0,4
11:34:51.864,449325,117.82,250.0,0.0,0.0,132.17,0,4
11:34:51.964,449425,117.79,250.0,0.0,0.0,132.2,0,4
11:34:52.068,449525,117.75,250.0,0.0,0.0,132.24,0,4
11:34:52.165,449625,117.71,250.0,0.0,0.0,132.28,0,4
11:34:52.264,449725,117.65,250.0,0.0,0.0,132.34,0,4
11:34:52.367,449825,117.62,250.0,0.0,0.0,132.37,0,4
11:34:52.466,449925,117.58,250.0,0.0,0.0,132.41,0,4
11:34:52.565,450025,117.54,250.0,0.0,0.0,132.45,0,4
11:34:52.665,450125,117.52,250.0,0.0,0.0,132.47,0,4
11:34:52.765,450225,117.5,250.0,0.0,0.0,132.49,0,4
11:34:52.888,450325,117.48,250.0,0.0,0.0,132.51,0,4
11:34:52.971,450425,117.45,250.0,0.0,0.0,132.54,0,4
11:34:53.064,450525,117.43,250.0,0.0,0.0,132.56,0,4
11:34:53.164,450625,117.39,250.0,0.0,0.0,132.6,0,4
11:34:53.264,450725,117.36,250.0,0.0,0.0,132.63,0,4
11:34:53.365,450825,117.33,250.0,0.0,0.0,132.66,0,4
11:34:53.465,450925,117.29,250.0,0.0,0.0,132.7,0,4
11:34:53.564,451025,117.26,250.0,0.0,0.0,132.73,0,4
11:34:53.667,451125,117.22,250.0,0.0,0.0,132.77,0,4
11:34:53.764,451225,117.19,250.0,0.0,0.0,132.8,0,4
11:34:53.865,451325,117.17,250.0,0.0,0.0,132.82,0,4
11:34:53.964,451425,117.14,250.0,0.0,0.0,132.85,0,4
11:34:54.065,451525,117.12,250.0,0.0,0.0,132.87,0,4
11:34:54.168,451625,117.08,250.0,0.0,0.0,132.91,0,4
11:34:54.264,451725,117.04,250.0,0.0,0.0,132.95,0,4
11:34:54.364,451825,117.01,250.0,0.0,0.0,132.98,0,4
11:34:54.477,451925,116.99,250.0,0.0,0.0,133.0,0,4
11:34:54.568,452025,116.94,250.0,0.0,0.0,133.05,0,4
11:34:54.664,452125,116.93,250.0,0.0,0.0,133.06,0,4
11:34:54.764,452225,116.9,250.0,0.0,0.0,133.09,0,4
11:34:54.863,452325,116.87,250.0,0.0,0.0,133.12,0,4
11:34:54.967,452425,116.84,250.0,0.0,0.0,133.15,0,4
11:34:55.064,452525,116.81,250.0,0.0,0.0,133.18,0,4
11:34:55.164,452625,116.79,250.0,0.0,0.0,133.2,0,4
11:34:55.285,452725,116.75,250.0,0.0,0.0,133.24,0,4
11:34:55.367,452825,116.73,250.0,0.0,0.0,133.26,0,4
11:34:55.468,452925,116.7,250.0,0.0,0.0,133.29,0,4
11:34:55.564,453025,116.66,250.0,0.0,0.0,133.33,0,4
11:34:55.664,453125,116.64,250.0,0.0,0.0,133.35,0,4
11:34:55.765,453225,116.59,250.0,0.0,0.0,133.4,0,4
11:34:55.864,453325,116.57,250.0,0.0,0.0,133.42,0,4
11:34:55.965,453425,116.54,250.0,0.0,0.0,133.45,0,4
11:34:56.064,453525,116.5,250.0,0.0,0.0,133.49,0,4
11:34:56.183,453625,116.44,250.0,0.0,0.0,133.55,0,4
11:34:56.284,453725,116.39,250.0,0.0,0.0,133.6,0,4
11:34:56.378,453825,116.34,250.0,0.0,0.0,133.65,0,4
11:34:56.469,453925,116.32,250.0,0.0,0.0,133.67,0,4
11:34:56.563,454025,116.28,250.0,0.0,0.0,133.71,0,4
11:34:56.664,454125,116.24,250.0,0.0,0.0,133.75,0,4
11:34:56.764,454225,116.21,250.0,0.0,0.0,133.78,0,4
11:34:56.864,454325,116.17,250.0,0.0,0.0,133.82,0,4
11:34:56.964,454425,116.15,250.0,0.0,0.0,133.84,0,4
11:34:57.064,454525,116.13,250.0,0.0,0.0,133.86,0,4
11:34:57.167,454625,116.12,250.0,0.0,0.0,133.87,0,4
11:34:57.266,454725,116.08,250.0,0.0,0.0,133.91,0,4
11:34:57.365,454825,116.04,250.0,0.0,0.0,133.95,0,4
11:34:57.466,454925,116.0,250.0,0.0,0.0,133.99,0,4
11:34:57.565,455025,115.96,250.0,0.0,0.0,134.03,0,4
11:34:57.666,455125,115.92,250.0,0.0,0.0,134.07,0,4
11:34:57.765,455225,115.87,250.0,0.0,0.0,134.12,0,4
11:34:57.882,455325,115.84,250.0,0.0,0.0,134.15,0,4
11:34:57.968,455425,115.81,250.0,0.0,0.0,134.18,0,4
11:34:58.065,455525,115.79,250.0,0.0,0.0,134.2,0,4
11:34:58.164,455625,115.77,250.0,0.0,0.0,134.22,0,4
11:34:58.264,455725,115.73,250.0,0.0,0.0,134.26,0,4
11:34:58.369,455825,115.68,250.0,0.0,0.0,134.31,0,4
11:34:58.474,455925,115.64,250.0,0.0,0.0,134.35,0,4
11:34:58.565,456025,115.61,250.0,0.0,0.0,134.38,0,4
11:34:58.663,456125,115.58,250.0,0.0,0.0,134.41,0,4
11:34:58.764,456225,115.56,250.0,0.0,0.0,134.43,0,4
11:34:58.864,456325,115.53,250.0,0.0,0.0,134.46,0,4
11:34:58.965,456425,115.5,250.0,0.0,0.0,134.49,0,4
11:34:59.062,456525,115.49,250.0,0.0,0.0,134.5,0,4
11:34:59.163,456625,115.46,250.0,0.0,0.0,134.53,0,4
11:34:59.263,456725,115.44,250.0,0.0,0.0,134.55,0,4
11:34:59.370,456825,115.4,250.0,0.0,0.0,134.59,0,4
11:34:59.463,456925,115.35,250.0,0.0,0.0,134.64,0,4
11:34:59.562,457025,115.31,250.0,0.0,0.0,134.68,0,4
11:34:59.666,457125,115.27,250.0,0.0,0.0,134.72,0,4
11:34:59.763,457225,115.22,250.0,0.0,0.0,134.77,0,4
11:34:59.862,457325,115.19,250.0,0.0,0.0,134.8,0,4
11:34:59.963,457425,115.15,250.0,0.0,0.0,134.84,0,4
11:35:00.062,457525,115.13,250.0,0.0,0.0,134.86,0,4
11:35:00.167,457625,115.09,250.0,0.0,0.0,134.9,0,4
11:35:00.264,457725,115.06,250.0,0.0,0.0,134.93,0,4
11:35:00.363,457825,115.03,250.0,0.0,0.0,134.96,0,4
11:35:00.466,457925,115.0,250.0,0.0,0.0,134.99,0,4
11:35:00.565,458025,114.96,250.0,0.0,0.0,135.03,0,4
11:35:00.662,458125,114.92,250.0,0.0,0.0,135.07,0,4
11:35:00.766,458225,114.89,250.0,0.0,0.0,135.1,0,4
11:35:00.864,458325,114.84,250.0,0.0,0.0,135.15,0,4
11:35:00.963,458425,114.82,250.0,0.0,0.0,135.17,0,4
11:35:01.062,458525,114.78,250.0,0.0,0.0,135.21,0,4
11:35:01.163,458625,114.76,250.0,0.0,0.0,135.23,0,4
11:35:01.264,458725,114.72,250.0,0.0,0.0,135.27,0,4
11:35:01.368,458825,114.71,250.0,0.0,0.0,135.28,0,4
11:35:01.466,458925,114.69,250.0,0.0,0.0,135.3,0,4
11:35:01.563,459025,114.63,250.0,0.0,0.0,135.36,0,4
11:35:01.662,459125,114.62,250.0,0.0,0.0,135.37,0,4
11:35:01.765,459225,114.58,250.0,0.0,0.0,135.41,0,4
11:35:01.864,459325,114.55,250.0,0.0,0.0,135.44,0,4
11:35:01.963,459425,114.53,250.0,0.0,0.0,135.46,0,4
11:35:02.062,459525,114.49,250.0,0.0,0.0,135.5,0,4
