Timestamp_PC,Tick_MCU,Temp,Target,PWM,Speed,PID_Error,System_Error_Code,Status_Flags
11:55:53.399,256625,49.89,250.0,0.0,0.0,200.1,0,0
11:55:53.403,256644,49.96,250.0,0.0,0.0,200.03,0,0
11:55:53.409,256725,50.03,250.0,0.0,0.0,199.96,0,0
11:55:53.411,256825,50.01,250.0,0.0,0.0,199.98,0,0
11:55:53.420,256925,49.95,250.0,0.0,0.0,200.04,0,0
11:55:53.427,257025,49.95,250.0,0.0,0.0,200.04,0,0
11:55:53.427,257044,50.01,250.0,0.0,0.0,199.98,0,0
11:55:53.433,257125,50.07,250.0,0.0,0.0,199.92,0,0
11:55:53.504,257225,50.08,250.0,0.0,0.0,199.91,0,0
11:55:53.604,257325,50.08,250.0,0.0,0.0,199.91,0,0
11:55:53.623,257344,50.03,250.0,0.0,0.0,199.96,0,0
11:55:53.705,257425,49.99,250.0,0.0,0.0,200.0,0,0
11:55:53.804,257525,49.99,250.0,0.0,0.0,200.0,0,0
11:55:53.822,257543,49.99,250.0,0.0,0.0,200.0,0,0
11:55:53.903,257625,49.95,250.0,0.0,0.0,200.04,0,0
11:55:54.004,257725,49.95,250.0,0.0,0.0,200.04,0,0
11:55:54.026,257744,49.97,250.0,0.0,0.0,200.02,0,0
11:55:54.104,257825,49.99,250.0,0.0,0.0,200.0,0,0
11:55:54.204,257925,49.99,250.0,0.0,0.0,200.0,0,0
11:55:54.223,257944,50.0,250.0,0.0,0.0,199.99,0,0
11:55:54.303,258025,49.99,250.0,0.0,0.0,200.0,0,0
11:55:54.404,258125,49.99,250.0,0.0,0.0,200.0,0,0
11:55:54.423,258144,50.05,250.0,0.0,0.0,199.94,0,0
11:55:54.506,258225,50.1,250.0,0.0,0.0,199.89,0,0
11:55:54.604,258325,50.1,250.0,0.0,0.0,199.89,0,0
11:55:54.623,258344,50.11,250.0,0.0,0.0,199.88,0,0
11:55:54.704,258425,50.11,250.0,0.0,0.0,199.88,0,0
11:55:54.803,258525,50.11,250.0,0.0,0.0,199.88,0,0
11:55:54.822,258544,50.13,250.0,0.0,0.0,199.86,0,0
11:55:54.904,258625,50.16,250.0,0.0,0.0,199.83,0,0
11:55:55.004,258725,50.08,250.0,0.0,0.0,199.91,0,0
11:55:55.104,258825,50.06,250.0,0.0,0.0,199.93,0,0
11:55:55.203,258925,50.06,250.0,0.0,0.0,199.93,0,0
11:55:55.234,258944,50.04,250.0,0.0,0.0,199.95,0,0
11:55:55.305,259025,50.02,250.0,0.0,0.0,199.97,0,0
11:55:55.405,259125,49.88,250.0,0.0,0.0,200.11,0,0
11:55:55.510,259225,49.88,250.0,0.0,0.0,200.11,0,0
11:55:55.526,259244,49.98,250.0,0.0,0.0,200.01,0,0
11:55:55.605,259325,50.09,250.0,0.0,0.0,199.9,0,0
11:55:55.730,259425,49.99,250.0,0.0,0.0,200.0,0,0
11:55:55.810,259525,49.99,250.0,0.0,0.0,200.0,0,0
11:55:55.823,259543,49.99,250.0,0.0,0.0,200.0,0,0
11:55:55.904,259625,50.05,250.0,0.0,0.0,199.94,0,0
11:55:56.005,259725,50.01,250.0,0.0,0.0,199.98,0,0
11:55:56.107,259825,49.97,250.0,0.0,0.0,200.02,0,0
11:55:56.204,259925,49.97,250.0,0.0,0.0,200.02,0,0
11:55:56.224,259944,49.96,250.0,0.0,0.0,200.03,0,0
11:55:56.304,260025,49.95,250.0,0.0,0.0,200.04,0,0
11:55:56.404,260125,49.95,250.0,0.0,0.0,200.04,0,0
11:55:56.427,260143,49.95,250.0,0.0,0.0,200.04,0,0
11:55:56.503,260225,50.02,250.0,0.0,0.0,199.97,0,0
11:55:56.607,260325,49.98,250.0,0.0,0.0,200.01,0,0
11:55:56.702,260425,49.98,250.0,0.0,0.0,200.01,0,0
11:55:56.725,260444,50.09,250.0,0.0,0.0,199.9,0,0
11:55:56.804,260525,50.19,250.0,0.0,0.0,199.8,0,0
11:55:56.904,260625,50.19,250.0,0.0,0.0,199.8,0,0
11:55:56.926,260643,50.19,250.0,0.0,0.0,199.8,0,0
11:55:57.005,260725,50.16,250.0,0.0,0.0,199.83,0,0
11:55:57.104,260825,50.16,250.0,0.0,0.0,199.83,0,0
11:55:57.122,260844,50.23,250.0,0.0,0.0,199.76,0,0
11:55:57.206,260925,50.29,250.0,0.0,0.0,199.7,0,0
11:55:57.303,261025,50.22,250.0,0.0,0.0,199.77,0,0
11:55:57.408,261125,50.22,250.0,0.0,0.0,199.77,0,0
11:55:57.429,261143,50.22,250.0,0.0,0.0,199.77,0,0
11:55:57.505,261225,50.24,250.0,0.0,0.0,199.75,0,0
11:55:57.607,261325,50.18,250.0,0.0,0.0,199.81,0,0
11:55:57.703,261425,50.18,250.0,0.0,0.0,199.81,0,0
11:55:57.739,261444,50.22,250.0,0.0,0.0,199.77,0,0
11:55:57.808,261525,50.26,250.0,0.0,0.0,199.73,0,0
11:55:57.903,261625,50.26,250.0,0.0,0.0,199.73,0,0
11:55:57.946,261644,50.24,250.0,0.0,0.0,199.75,0,0
11:55:58.003,261725,50.21,250.0,0.0,0.0,199.78,0,0
11:55:58.106,261825,50.17,250.0,0.0,0.0,199.82,0,0
11:55:58.202,261925,50.17,250.0,0.0,0.0,199.82,0,0
11:55:58.222,261944,50.14,250.0,0.0,0.0,199.85,0,0
11:55:58.303,262025,50.12,250.0,0.0,0.0,199.87,0,0
11:55:58.404,262125,50.12,250.0,0.0,0.0,199.87,0,0
11:55:58.422,262144,50.12,250.0,0.0,0.0,199.87,0,0
11:55:58.531,262225,50.09,250.0,0.0,0.0,199.9,0,0
11:55:58.609,262325,50.07,250.0,0.0,0.0,199.92,0,0
11:55:58.704,262425,50.03,250.0,0.0,0.0,199.96,0,0
11:55:58.808,262525,49.96,250.0,0.0,0.0,200.03,0,0
11:55:58.903,262625,49.96,250.0,0.0,0.0,200.03,0,0
11:55:58.922,262644,50.07,250.0,0.0,0.0,199.92,0,0
11:55:59.005,262725,50.17,250.0,0.0,0.0,199.82,0,0
11:55:59.112,262825,50.14,250.0,0.0,0.0,199.85,0,0
11:55:59.203,262925,50.09,250.0,0.0,0.0,199.9,0,0
11:55:59.307,263025,50.1,250.0,0.0,0.0,199.89,0,0
11:55:59.408,263125,50.0,250.0,0.0,0.0,199.99,0,0
11:55:59.504,263225,49.99,250.0,0.0,0.0,200.0,0,0
11:55:59.604,263325,49.99,250.0,0.0,0.0,200.0,0,0
11:55:59.628,263343,49.99,250.0,0.0,0.0,200.0,0,0
11:55:59.702,263425,49.97,250.0,0.0,0.0,200.02,0,0
11:55:59.802,263525,49.96,250.0,0.0,0.0,200.03,0,0
11:55:59.904,263625,49.91,250.0,0.0,0.0,200.08,0,0
11:56:00.004,263725,49.93,250.0,0.0,0.0,200.06,0,0
11:56:00.105,263825,49.85,250.0,0.0,0.0,200.14,0,0
11:56:00.202,263925,49.85,250.0,0.0,0.0,200.14,0,0
11:56:00.249,263944,49.85,250.0,0.0,0.0,200.14,0,0
11:56:00.304,264025,49.85,250.0,0.0,0.0,200.14,0,0
11:56:00.404,264125,49.85,250.0,0.0,0.0,200.14,0,0
11:56:00.425,264144,49.83,250.0,0.0,0.0,200.16,0,0
11:56:00.507,264225,49.81,250.0,0.0,0.0,200.18,0,0
11:56:00.604,264325,49.81,250.0,0.0,0.0,200.18,0,0
11:56:00.626,264343,49.81,250.0,0.0,0.0,200.18,0,0
11:56:00.702,264425,49.84,250.0,0.0,0.0,200.15,0,0
11:56:00.810,264525,49.82,250.0,0.0,0.0,200.17,0,0
11:56:00.904,264625,49.75,250.0,0.0,0.0,200.24,0,0
11:56:01.004,264725,49.75,250.0,0.0,0.0,200.24,0,0
11:56:01.032,264744,49.83,250.0,0.0,0.0,200.16,0,0
11:56:01.108,264825,49.91,250.0,0.0,0.0,200.08,0,0
11:56:01.207,264925,49.86,250.0,0.0,0.0,200.13,0,0
11:56:01.302,265025,49.86,250.0,0.0,0.0,200.13,0,0
11:56:01.334,265044,49.93,250.0,0.0,0.0,200.06,0,0
11:56:01.407,265125,50.0,250.0,0.0,0.0,199.99,0,0
11:56:01.515,265225,49.89,250.0,0.0,0.0,200.1,0,0
11:56:01.606,265325,49.89,250.0,0.0,0.0,200.1,0,0
11:56:01.627,265344,49.94,250.0,0.0,0.0,200.05,0,0
11:56:01.702,265425,49.98,250.0,0.0,0.0,200.01,0,0
11:56:01.803,265525,49.94,250.0,0.0,0.0,200.05,0,0
11:56:01.904,265625,49.91,250.0,0.0,0.0,200.08,0,0
11:56:02.002,265725,49.93,250.0,0.0,0.0,200.06,0,0
11:56:02.105,265825,49.95,250.0,0.0,0.0,200.04,0,0
11:56:02.202,265925,49.95,250.0,0.0,0.0,200.04,0,0
11:56:02.224,265943,49.95,250.0,0.0,0.0,200.04,0,0
11:56:02.302,266025,49.92,250.0,0.0,0.0,200.07,0,0
11:56:02.404,266125,49.84,250.0,0.0,0.0,200.15,0,0
11:56:02.501,266225,49.82,250.0,0.0,0.0,200.17,0,0
11:56:02.602,266325,49.77,250.0,0.0,0.0,200.22,0,0
11:56:02.703,266425,49.77,250.0,0.0,0.0,200.22,0,0
11:56:02.724,266443,49.77,250.0,0.0,0.0,200.22,0,0
11:56:02.802,266525,49.71,250.0,0.0,0.0,200.28,0,0
11:56:02.903,266625,49.73,250.0,0.0,0.0,200.26,0,0
11:56:03.005,266725,49.73,250.0,0.0,0.0,200.26,0,0
11:56:03.022,266744,49.76,250.0,0.0,0.0,200.23,0,0
11:56:03.121,266825,49.8,250.0,0.0,0.0,200.19,0,0
11:56:03.203,266925,49.8,250.0,0.0,0.0,200.19,0,0
11:56:03.226,266944,49.78,250.0,0.0,0.0,200.21,0,0
11:56:03.301,267025,49.74,250.0,0.0,0.0,200.25,0,0
11:56:03.403,267125,49.73,250.0,0.0,0.0,200.26,0,0
11:56:03.502,267225,49.64,250.0,0.0,0.0,200.35,0,0
11:56:03.602,267325,49.64,250.0,0.0,0.0,200.35,0,0
11:56:03.702,267425,49.62,250.0,0.0,0.0,200.37,0,0
11:56:03.802,267525,49.64,250.0,0.0,0.0,200.35,0,0
11:56:03.903,267625,49.62,250.0,0.0,0.0,200.37,0,0
11:56:04.033,267725,49.64,250.0,0.0,0.0,200.35,0,0
11:56:04.129,267825,49.66,250.0,0.0,0.0,200.33,0,0
11:56:04.238,267925,49.66,250.0,0.0,0.0,200.33,0,0
11:56:04.329,268025,49.73,250.0,0.0,0.0,200.26,0,0
11:56:04.428,268125,49.72,250.0,0.0,0.0,200.27,0,0
11:56:04.528,268225,49.74,250.0,0.0,0.0,200.25,0,0
11:56:04.628,268325,49.67,250.0,0.0,0.0,200.32,0,0
11:56:04.730,268425,49.67,250.0,0.0,0.0,200.32,0,0
11:56:04.828,268525,49.67,250.0,0.0,0.0,200.32,0,0
11:56:04.928,268625,49.69,250.0,0.0,0.0,200.3,0,0
11:56:05.030,268725,49.7,250.0,0.0,0.0,200.29,0,0
11:56:05.130,268825,49.7,250.0,0.0,0.0,200.29,0,0
11:56:05.229,268925,49.69,250.0,0.0,0.0,200.3,0,0
11:56:05.328,269025,49.68,250.0,0.0,0.0,200.31,0,0
11:56:05.427,269125,49.58,250.0,0.0,0.0,200.41,0,0
11:56:05.530,269225,49.63,250.0,0.0,0.0,200.36,0,0
11:56:05.628,269325,49.61,250.0,0.0,0.0,200.38,0,0
11:56:05.729,269425,49.61,250.0,0.0,0.0,200.38,0,0
11:56:05.828,269525,49.63,250.0,0.0,0.0,200.36,0,0
11:56:05.939,269625,49.63,250.0,0.0,0.0,200.36,0,0
11:56:06.028,269725,49.63,250.0,0.0,0.0,200.36,0,0
11:56:06.128,269825,49.58,250.0,0.0,0.0,200.41,0,0
11:56:06.229,269925,49.56,250.0,0.0,0.0,200.43,0,0
11:56:06.329,270025,49.62,250.0,0.0,0.0,200.37,0,0
11:56:06.428,270125,49.57,250.0,0.0,0.0,200.42,0,0
11:56:06.528,270225,49.57,250.0,0.0,0.0,200.42,0,0
11:56:06.629,270325,49.6,250.0,0.0,0.0,200.39,0,0
11:56:06.730,270425,49.61,250.0,0.0,0.0,200.38,0,0
11:56:06.831,270525,49.53,250.0,0.0,0.0,200.46,0,0
11:56:06.928,270625,49.57,250.0,0.0,0.0,200.42,0,0
11:56:07.053,270725,49.6,250.0,0.0,0.0,200.39,0,0
11:56:07.129,270825,49.67,250.0,0.0,0.0,200.32,0,0
11:56:07.230,270925,49.59,250.0,0.0,0.0,200.4,0,0
11:56:07.328,271025,49.62,250.0,0.0,0.0,200.37,0,0
11:56:07.441,271125,49.67,250.0,0.0,0.0,200.32,0,0
11:56:07.528,271225,49.62,250.0,0.0,0.0,200.37,0,0
11:56:07.640,271325,49.64,250.0,0.0,0.0,200.35,0,0
11:56:07.732,271425,49.67,250.0,0.0,0.0,200.32,0,0
11:56:07.828,271525,49.71,250.0,0.0,0.0,200.28,0,0
11:56:07.927,271625,49.73,250.0,0.0,0.0,200.26,0,0
11:56:08.027,271725,49.74,250.0,0.0,0.0,200.25,0,0
11:56:08.129,271825,49.76,250.0,0.0,0.0,200.23,0,0
11:56:08.228,271925,49.72,250.0,0.0,0.0,200.27,0,0
11:56:08.331,272025,49.73,250.0,0.0,0.0,200.26,0,0
11:56:08.431,272125,49.72,250.0,0.0,0.0,200.27,0,0
11:56:08.527,272225,49.76,250.0,0.0,0.0,200.23,0,0
11:56:08.627,272325,49.75,250.0,0.0,0.0,200.24,0,0
11:56:08.738,272425,49.74,250.0,0.0,0.0,200.25,0,0
11:56:08.827,272525,49.75,250.0,0.0,0.0,200.24,0,0
11:56:08.927,272625,49.76,250.0,0.0,0.0,200.23,0,0
11:56:09.027,272725,49.75,250.0,0.0,0.0,200.24,0,0
11:56:09.127,272825,49.79,250.0,0.0,0.0,200.2,0,0
11:56:09.227,272925,49.74,250.0,0.0,0.0,200.25,0,0
11:56:09.327,273025,49.76,250.0,0.0,0.0,200.23,0,0
11:56:09.429,273125,49.77,250.0,0.0,0.0,200.22,0,0
11:56:09.529,273225,49.78,250.0,0.0,0.0,200.21,0,0
11:56:09.627,273325,49.74,250.0,0.0,0.0,200.25,0,0
11:56:09.730,273425,49.78,250.0,0.0,0.0,200.21,0,0
11:56:09.827,273525,49.79,250.0,0.0,0.0,200.2,0,0
11:56:09.926,273625,49.84,250.0,0.0,0.0,200.15,0,0
11:56:10.028,273725,49.77,250.0,0.0,0.0,200.22,0,0
11:56:10.127,273825,49.81,250.0,0.0,0.0,200.18,0,0
11:56:10.230,273925,49.79,250.0,0.0,0.0,200.2,0,0
11:56:10.327,274025,49.85,250.0,0.0,0.0,200.14,0,0
11:56:10.430,274125,49.8,250.0,0.0,0.0,200.19,0,0
11:56:10.530,274225,49.76,250.0,0.0,0.0,200.23,0,0
11:56:10.629,274325,49.82,250.0,0.0,0.0,200.17,0,0
11:56:10.727,274425,49.82,250.0,0.0,0.0,200.17,0,0
11:56:10.827,274525,49.83,250.0,0.0,0.0,200.16,0,0
11:56:10.927,274625,49.91,250.0,0.0,0.0,200.08,0,0
11:56:11.028,274725,49.88,250.0,0.0,0.0,200.11,0,0
11:56:11.126,274825,49.88,250.0,0.0,0.0,200.11,0,0
11:56:11.227,274925,49.9,250.0,0.0,0.0,200.09,0,0
11:56:11.329,275025,49.9,250.0,0.0,0.0,200.09,0,0
11:56:11.427,275125,49.9,250.0,0.0,0.0,200.09,0,0
11:56:26.759,290460,49.82,250.0,0.0,0.0,200.17,0,0
11:56:26.830,290525,49.75,250.0,0.0,0.0,200.24,0,0
11:56:26.926,290625,49.71,250.0,0.0,0.0,200.28,0,0
11:56:27.024,290725,49.68,250.0,0.0,0.0,200.31,0,0
11:56:27.132,290825,49.7,250.0,0.0,0.0,200.29,0,0
11:56:27.237,290925,49.64,250.0,0.0,0.0,200.35,0,0
11:56:27.323,291025,49.61,250.0,0.0,0.0,200.38,0,0
11:56:27.425,291125,49.64,250.0,0.0,0.0,200.35,0,0
11:56:27.523,291225,49.66,250.0,0.0,0.0,200.33,0,0
11:56:27.625,291325,49.66,250.0,0.0,0.0,200.33,0,0
11:56:27.732,291425,49.56,250.0,0.0,0.0,200.43,0,0
11:56:27.823,291525,49.61,250.0,0.0,0.0,200.38,0,0
11:56:27.923,291625,49.59,250.0,0.0,0.0,200.4,0,0
11:56:28.025,291725,49.52,250.0,0.0,0.0,200.47,0,0
11:56:28.123,291825,49.58,250.0,0.0,0.0,200.41,0,0
11:56:28.223,291925,49.58,250.0,0.0,0.0,200.41,0,0
11:56:28.323,292025,49.61,250.0,0.0,0.0,200.38,0,0
11:56:28.424,292125,49.69,250.0,0.0,0.0,200.3,0,0
11:56:28.528,292225,49.68,250.0,0.0,0.0,200.31,0,0
11:56:28.630,292325,49.7,250.0,0.0,0.0,200.29,0,0
11:56:28.733,292425,49.62,250.0,0.0,0.0,200.37,0,0
11:56:28.830,292525,49.57,250.0,0.0,0.0,200.42,0,0
11:56:28.946,292625,49.55,250.0,0.0,0.0,200.44,0,0
11:56:29.022,292725,49.51,250.0,0.0,0.0,200.48,0,0
11:56:29.122,292825,49.49,250.0,0.0,0.0,200.5,0,0
11:56:29.221,292925,49.51,250.0,0.0,0.0,200.48,0,0
11:56:29.336,293025,49.54,250.0,0.0,0.0,200.45,0,0
11:56:29.427,293125,49.55,250.0,0.0,0.0,200.44,0,0
11:56:29.530,293225,49.58,250.0,0.0,0.0,200.41,0,0
11:56:29.626,293325,49.56,250.0,0.0,0.0,200.43,0,0
11:56:29.722,293425,49.57,250.0,0.0,0.0,200.42,0,0
11:56:29.822,293525,49.5,250.0,0.0,0.0,200.49,0,0
11:56:29.922,293625,49.49,250.0,0.0,0.0,200.5,0,0
11:56:30.023,293725,49.55,250.0,0.0,0.0,200.44,0,0
11:56:30.126,293825,49.56,250.0,0.0,0.0,200.43,0,0
11:56:30.223,293925,49.59,250.0,0.0,0.0,200.4,0,0
11:56:30.328,294025,49.59,250.0,0.0,0.0,200.4,0,0
11:56:30.423,294125,49.6,250.0,0.0,0.0,200.39,0,0
11:56:30.522,294225,49.65,250.0,0.0,0.0,200.34,0,0
11:56:30.648,294325,49.6,250.0,0.0,0.0,200.39,0,0
11:56:30.722,294425,49.62,250.0,0.0,0.0,200.37,0,0
11:56:30.829,294525,49.57,250.0,0.0,0.0,200.42,0,0
11:56:30.922,294625,49.58,250.0,0.0,0.0,200.41,0,0
11:56:31.023,294725,49.58,250.0,0.0,0.0,200.41,0,0
11:56:31.124,294825,49.56,250.0,0.0,0.0,200.43,0,0
11:56:31.223,294925,49.54,250.0,0.0,0.0,200.45,0,0
11:56:31.322,295025,49.5,250.0,0.0,0.0,200.49,0,0
11:56:31.426,295125,49.44,250.0,0.0,0.0,200.55,0,0
11:56:31.525,295225,49.41,250.0,0.0,0.0,200.58,0,0
11:56:31.627,295325,49.4,250.0,0.0,0.0,200.59,0,0
11:56:31.721,295425,49.4,250.0,0.0,0.0,200.59,0,0
11:56:31.822,295525,49.35,250.0,0.0,0.0,200.64,0,0
11:56:31.924,295625,49.3,250.0,0.0,0.0,200.69,0,0
11:56:32.023,295725,49.41,250.0,0.0,0.0,200.58,0,0
11:56:32.125,295825,49.45,250.0,0.0,0.0,200.54,0,0
11:56:32.223,295925,49.45,250.0,0.0,0.0,200.54,0,0
11:56:32.328,296025,49.39,250.0,0.0,0.0,200.6,0,0
11:56:32.427,296125,49.31,250.0,0.0,0.0,200.68,0,0
11:56:32.523,296225,49.32,250.0,0.0,0.0,200.67,0,0
11:56:32.625,296325,49.4,250.0,0.0,0.0,200.59,0,0
11:56:32.721,296425,49.37,250.0,0.0,0.0,200.62,0,0
11:56:32.823,296525,49.4,250.0,0.0,0.0,200.59,0,0
11:56:32.923,296625,49.34,250.0,0.0,0.0,200.65,0,0
11:56:33.028,296725,49.37,250.0,0.0,0.0,200.62,0,0
11:56:33.121,296825,49.42,250.0,0.0,0.0,200.57,0,0
11:56:33.224,296925,49.44,250.0,0.0,0.0,200.55,0,0
11:56:33.323,297025,49.49,250.0,0.0,0.0,200.5,0,0
11:56:33.440,297125,49.47,250.0,0.0,0.0,200.52,0,0
11:56:33.521,297225,49.51,250.0,0.0,0.0,200.48,0,0
11:56:33.621,297325,49.5,250.0,0.0,0.0,200.49,0,0
11:56:33.724,297425,49.51,250.0,0.0,0.0,200.48,0,0
11:56:33.821,297525,49.47,250.0,0.0,0.0,200.52,0,0
11:56:33.921,297625,49.51,250.0,0.0,0.0,200.48,0,0
11:56:34.028,297725,49.5,250.0,0.0,0.0,200.49,0,0
11:56:34.122,297825,49.51,250.0,0.0,0.0,200.48,0,0
11:56:34.223,297925,49.52,250.0,0.0,0.0,200.47,0,0
11:56:34.321,298025,49.56,250.0,0.0,0.0,200.43,0,0
11:56:34.420,298125,49.59,250.0,0.0,0.0,200.4,0,0
11:56:34.521,298225,49.57,250.0,0.0,0.0,200.42,0,0
11:56:34.621,298325,49.5,250.0,0.0,0.0,200.49,0,0
11:56:34.731,298425,49.59,250.0,0.0,0.0,200.4,0,0
11:56:34.827,298525,49.57,250.0,0.0,0.0,200.42,0,0
11:56:34.921,298625,49.6,250.0,0.0,0.0,200.39,0,0
11:56:35.024,298725,49.55,250.0,0.0,0.0,200.44,0,0
11:56:35.149,298825,49.56,250.0,0.0,0.0,200.43,0,0
11:56:35.221,298925,49.54,250.0,0.0,0.0,200.45,0,0
11:56:35.327,299025,49.52,250.0,0.0,0.0,200.47,0,0
11:56:35.421,299125,49.48,250.0,0.0,0.0,200.51,0,0
11:56:35.523,299225,49.47,250.0,0.0,0.0,200.52,0,0
11:56:35.623,299325,49.44,250.0,0.0,0.0,200.55,0,0
11:56:35.721,299425,49.41,250.0,0.0,0.0,200.58,0,0
11:56:35.823,299525,49.4,250.0,0.0,0.0,200.59,0,0
11:56:35.921,299625,49.38,250.0,0.0,0.0,200.61,0,0
11:56:36.024,299725,49.4,250.0,0.0,0.0,200.59,0,0
11:56:36.124,299825,49.4,250.0,0.0,0.0,200.59,0,0
11:56:36.225,299925,49.42,250.0,0.0,0.0,200.57,0,0
11:56:36.328,300025,49.42,250.0,0.0,0.0,200.57,0,0
11:56:36.421,300125,49.34,250.0,0.0,0.0,200.65,0,0
11:56:36.522,300225,49.24,250.0,0.0,0.0,200.75,0,0
11:56:36.625,300325,49.3,250.0,0.0,0.0,200.69,0,0
11:56:36.720,300425,49.33,250.0,0.0,0.0,200.66,0,0
11:56:36.835,300525,49.36,250.0,0.0,0.0,200.63,0,0
11:56:36.920,300625,49.34,250.0,0.0,0.0,200.65,0,0
11:56:37.023,300725,49.42,250.0,0.0,0.0,200.57,0,0
11:56:37.125,300825,49.36,250.0,0.0,0.0,200.63,0,0
11:56:37.222,300925,49.36,250.0,0.0,0.0,200.63,0,0
11:56:37.320,301025,49.42,250.0,0.0,0.0,200.57,0,0
11:56:37.424,301125,49.46,250.0,0.0,0.0,200.53,0,0
11:56:37.521,301225,49.48,250.0,0.0,0.0,200.51,0,0
11:56:37.625,301325,49.39,250.0,0.0,0.0,200.6,0,0
11:56:37.722,301425,49.44,250.0,0.0,0.0,200.55,0,0
11:56:37.821,301525,49.48,250.0,0.0,0.0,200.51,0,0
11:56:37.920,301625,49.45,250.0,0.0,0.0,200.54,0,0
11:56:38.020,301725,49.49,250.0,0.0,0.0,200.5,0,0
11:56:38.128,301825,49.58,250.0,0.0,0.0,200.41,0,0
11:56:38.230,301925,49.58,250.0,0.0,0.0,200.41,0,0
11:56:38.321,302025,49.54,250.0,0.0,0.0,200.45,0,0
11:56:38.423,302125,49.52,250.0,0.0,0.0,200.47,0,0
11:56:38.525,302225,49.43,250.0,0.0,0.0,200.56,0,0
11:56:38.620,302325,49.37,250.0,0.0,0.0,200.62,0,0
11:56:38.724,302425,49.37,250.0,0.0,0.0,200.62,0,0
11:56:38.819,302525,49.37,250.0,0.0,0.0,200.62,0,0
11:56:38.925,302625,49.35,250.0,0.0,0.0,200.64,0,0
11:56:39.022,302725,49.33,250.0,0.0,0.0,200.66,0,0
11:56:39.128,302825,49.38,250.0,0.0,0.0,200.61,0,0
11:56:39.237,302925,49.33,250.0,0.0,0.0,200.66,0,0
11:56:39.326,303025,49.41,250.0,0.0,0.0,200.58,0,0
11:56:39.420,303125,49.36,250.0,0.0,0.0,200.63,0,0
11:56:39.522,303225,49.41,250.0,0.0,0.0,200.58,0,0
11:56:39.627,303325,49.45,250.0,0.0,0.0,200.54,0,0
11:56:39.722,303425,49.5,250.0,0.0,0.0,200.49,0,0
11:56:39.820,303525,49.51,250.0,0.0,0.0,200.48,0,0
11:56:39.920,303625,49.5,250.0,0.0,0.0,200.49,0,0
11:56:40.021,303725,49.48,250.0,0.0,0.0,200.51,0,0
11:56:40.128,303825,49.5,250.0,0.0,0.0,200.49,0,0
11:56:40.244,303925,49.51,250.0,0.0,0.0,200.48,0,0
11:56:40.320,304025,49.5,250.0,0.0,0.0,200.49,0,0
11:56:40.420,304125,49.56,250.0,0.0,0.0,200.43,0,0
11:56:40.522,304225,49.54,250.0,0.0,0.0,200.45,0,0
11:56:40.620,304325,49.55,250.0,0.0,0.0,200.44,0,0
11:56:40.721,304425,49.53,250.0,0.0,0.0,200.46,0,0
11:56:40.827,304525,49.49,250.0,0.0,0.0,200.5,0,0
11:56:40.919,304625,49.46,250.0,0.0,0.0,200.53,0,0
11:56:41.022,304725,49.5,250.0,0.0,0.0,200.49,0,0
11:56:41.119,304825,49.48,250.0,0.0,0.0,200.51,0,0
11:56:41.223,304925,49.55,250.0,0.0,0.0,200.44,0,0
11:56:41.321,305025,49.51,250.0,0.0,0.0,200.48,0,0
11:56:41.418,305125,49.52,250.0,0.0,0.0,200.47,0,0
11:56:41.522,305225,49.53,250.0,0.0,0.0,200.46,0,0
11:56:41.619,305325,49.54,250.0,0.0,0.0,200.45,0,0
11:56:41.719,305425,49.57,250.0,0.0,0.0,200.42,0,0
11:56:41.821,305525,49.53,250.0,0.0,0.0,200.46,0,0
11:56:41.935,305625,49.54,250.0,0.0,0.0,200.45,0,0
11:56:42.019,305725,49.52,250.0,0.0,0.0,200.47,0,0
11:56:42.119,305825,49.51,250.0,0.0,0.0,200.48,0,0
11:56:42.224,305925,49.52,250.0,0.0,0.0,200.47,0,0
11:56:42.321,306025,49.5,250.0,0.0,0.0,200.49,0,0
11:56:42.419,306125,49.52,250.0,0.0,0.0,200.47,0,0
11:56:42.524,306225,49.5,250.0,0.0,0.0,200.49,0,0
11:56:42.621,306325,49.59,250.0,0.0,0.0,200.4,0,0
11:56:42.719,306425,49.62,250.0,0.0,0.0,200.37,0,0
11:56:42.820,306525,49.64,250.0,0.0,0.0,200.35,0,0
11:56:42.920,306625,49.59,250.0,0.0,0.0,200.4,0,0
11:56:43.018,306725,49.57,250.0,0.0,0.0,200.42,0,0
11:56:43.119,306825,49.5,250.0,0.0,0.0,200.49,0,0
11:56:43.218,306925,49.54,250.0,0.0,0.0,200.45,0,0
11:56:43.322,307025,49.57,250.0,0.0,0.0,200.42,0,0
11:56:43.419,307125,49.53,250.0,0.0,0.0,200.46,0,0
11:56:43.524,307225,49.56,250.0,0.0,0.0,200.43,0,0
11:56:43.640,307325,49.57,250.0,0.0,0.0,200.42,0,0
11:56:43.719,307425,49.57,250.0,0.0,0.0,200.42,0,0
11:56:43.821,307525,49.5,250.0,0.0,0.0,200.49,0,0
11:56:43.927,307625,49.44,250.0,0.0,0.0,200.55,0,0
11:56:44.021,307725,49.46,250.0,0.0,0.0,200.53,0,0
11:56:44.119,307825,49.45,250.0,0.0,0.0,200.54,0,0
11:56:44.221,307925,49.47,250.0,0.0,0.0,200.52,0,0
11:56:44.320,308025,49.43,250.0,0.0,0.0,200.56,0,0
11:56:44.420,308125,49.45,250.0,0.0,0.0,200.54,0,0
11:56:44.520,308225,49.37,250.0,0.0,0.0,200.62,0,0
11:56:44.627,308325,49.39,250.0,0.0,0.0,200.6,0,0
11:56:44.724,308425,49.32,250.0,0.0,0.0,200.67,0,0
11:56:44.818,308525,49.3,250.0,0.0,0.0,200.69,0,0
11:56:44.918,308625,49.31,250.0,0.0,0.0,200.68,0,0
11:56:45.021,308725,49.26,250.0,0.0,0.0,200.73,0,0
11:56:45.123,308825,49.25,250.0,0.0,0.0,200.74,0,0
11:56:45.218,308925,49.21,250.0,0.0,0.0,200.78,0,0
11:56:45.340,309025,49.23,250.0,0.0,0.0,200.76,0,0
11:56:45.424,309125,49.29,250.0,0.0,0.0,200.7,0,0
11:56:45.520,309225,49.28,250.0,0.0,0.0,200.71,0,0
11:56:45.618,309325,49.31,250.0,0.0,0.0,200.68,0,0
11:56:45.719,309425,49.37,250.0,0.0,0.0,200.62,0,0
11:56:45.818,309525,49.37,250.0,0.0,0.0,200.62,0,0
11:56:45.921,309625,49.42,250.0,0.0,0.0,200.57,0,0
11:56:46.022,309725,49.34,250.0,0.0,0.0,200.65,0,0
11:56:46.119,309825,49.24,250.0,0.0,0.0,200.75,0,0
11:56:46.220,309925,49.25,250.0,0.0,0.0,200.74,0,0
11:56:46.320,310025,49.27,250.0,0.0,0.0,200.72,0,0
11:56:46.426,310125,49.25,250.0,0.0,0.0,200.74,0,0
11:56:46.522,310225,49.29,250.0,0.0,0.0,200.7,0,0
11:56:46.617,310325,49.22,250.0,0.0,0.0,200.77,0,0
11:56:46.718,310425,49.29,250.0,0.0,0.0,200.7,0,0
11:56:46.820,310525,49.32,250.0,0.0,0.0,200.67,0,0
11:56:46.920,310625,49.38,250.0,0.0,0.0,200.61,0,0
11:56:47.023,310725,49.43,250.0,0.0,0.0,200.56,0,0
11:56:47.118,310825,49.45,250.0,0.0,0.0,200.54,0,0
11:56:47.218,310925,49.46,250.0,0.0,0.0,200.53,0,0
11:56:47.320,311025,49.53,250.0,0.0,0.0,200.46,0,0
11:56:47.417,311125,49.51,250.0,0.0,0.0,200.48,0,0
11:56:47.521,311225,49.53,250.0,0.0,0.0,200.46,0,0
11:56:47.620,311325,49.46,250.0,0.0,0.0,200.53,0,0
11:56:47.717,311425,49.45,250.0,0.0,0.0,200.54,0,0
11:56:47.820,311525,49.44,250.0,0.0,0.0,200.55,0,0
11:56:47.917,311625,49.41,250.0,0.0,0.0,200.58,0,0
11:56:48.020,311725,49.36,250.0,0.0,0.0,200.63,0,0
11:56:48.121,311825,49.31,250.0,0.0,0.0,200.68,0,0
11:56:48.217,311925,49.32,250.0,0.0,0.0,200.67,0,0
11:56:48.319,312025,49.3,250.0,0.0,0.0,200.69,0,0
11:56:48.418,312125,49.28,250.0,0.0,0.0,200.71,0,0
11:56:48.520,312225,49.36,250.0,0.0,0.0,200.63,0,0
11:56:48.619,312325,49.39,250.0,0.0,0.0,200.6,0,0
11:56:48.719,312425,49.41,250.0,0.0,0.0,200.58,0,0
11:56:48.829,312525,49.43,250.0,0.0,0.0,200.56,0,0
11:56:48.920,312625,49.45,250.0,0.0,0.0,200.54,0,0
11:56:49.021,312725,49.47,250.0,0.0,0.0,200.52,0,0
11:56:49.118,312825,49.49,250.0,0.0,0.0,200.5,0,0
11:56:49.217,312925,49.53,250.0,0.0,0.0,200.46,0,0
11:56:49.344,313025,49.54,250.0,0.0,0.0,200.45,0,0
11:56:49.423,313125,49.54,250.0,0.0,0.0,200.45,0,0
11:56:49.525,313225,49.55,250.0,0.0,0.0,200.44,0,0
11:56:49.617,313325,49.58,250.0,0.0,0.0,200.41,0,0
11:56:49.719,313425,49.54,250.0,0.0,0.0,200.45,0,0
11:56:49.819,313525,49.57,250.0,0.0,0.0,200.42,0,0
11:56:49.919,313625,49.55,250.0,0.0,0.0,200.44,0,0
11:56:50.017,313725,49.51,250.0,0.0,0.0,200.48,0,0
11:56:50.119,313825,49.42,250.0,0.0,0.0,200.57,0,0
11:56:50.222,313925,49.37,250.0,0.0,0.0,200.62,0,0
11:56:50.320,314025,49.32,250.0,0.0,0.0,200.67,0,0
11:56:50.419,314125,49.4,250.0,0.0,0.0,200.59,0,0
11:56:50.518,314225,49.37,250.0,0.0,0.0,200.62,0,0
11:56:50.624,314325,49.42,250.0,0.0,0.0,200.57,0,0
11:56:50.717,314425,49.37,250.0,0.0,0.0,200.62,0,0
11:56:50.827,314525,49.37,250.0,0.0,0.0,200.62,0,0
11:56:50.918,314625,49.42,250.0,0.0,0.0,200.57,0,0
11:56:51.029,314725,49.41,250.0,0.0,0.0,200.58,0,0
11:56:51.119,314825,49.33,250.0,0.0,0.0,200.66,0,0
11:56:51.217,314925,49.24,250.0,0.0,0.0,200.75,0,0
11:56:51.318,315025,49.25,250.0,0.0,0.0,200.74,0,0
11:56:51.417,315125,49.24,250.0,0.0,0.0,200.75,0,0
11:56:51.517,315225,49.28,250.0,0.0,0.0,200.71,0,0
11:56:51.621,315325,49.29,250.0,0.0,0.0,200.7,0,0
11:56:51.722,315425,49.34,250.0,0.0,0.0,200.65,0,0
11:56:51.819,315525,49.37,250.0,0.0,0.0,200.62,0,0
11:56:51.919,315625,49.42,250.0,0.0,0.0,200.57,0,0
11:56:52.017,315725,49.44,250.0,0.0,0.0,200.55,0,0
11:56:52.124,315825,49.46,250.0,0.0,0.0,200.53,0,0
11:56:52.221,315925,49.4,250.0,0.0,0.0,200.59,0,0
11:56:52.317,316025,49.35,250.0,0.0,0.0,200.64,0,0
11:56:52.418,316125,49.3,250.0,0.0,0.0,200.69,0,0
11:56:52.517,316225,49.31,250.0,0.0,0.0,200.68,0,0
11:56:52.617,316325,49.32,250.0,0.0,0.0,200.67,0,0
11:56:52.739,316425,49.27,250.0,0.0,0.0,200.72,0,0
11:56:52.819,316525,49.31,250.0,0.0,0.0,200.68,0,0
11:56:52.917,316625,49.34,250.0,0.0,0.0,200.65,0,0
11:56:53.022,316725,49.39,250.0,0.0,0.0,200.6,0,0
11:56:53.122,316825,49.42,250.0,0.0,0.0,200.57,0,0
11:56:53.218,316925,49.44,250.0,0.0,0.0,200.55,0,0
11:56:53.323,317025,49.46,250.0,0.0,0.0,200.53,0,0
11:56:53.422,317125,49.4,250.0,0.0,0.0,200.59,0,0
11:56:53.521,317225,49.37,250.0,0.0,0.0,200.62,0,0
11:56:53.616,317325,49.4,250.0,0.0,0.0,200.59,0,0
11:56:53.716,317425,49.37,250.0,0.0,0.0,200.62,0,0
11:56:53.819,317525,49.39,250.0,0.0,0.0,200.6,0,0
11:56:53.917,317625,49.37,250.0,0.0,0.0,200.62,0,0
11:56:54.016,317725,49.42,250.0,0.0,0.0,200.57,0,0
11:56:54.117,317825,49.44,250.0,0.0,0.0,200.55,0,0
11:56:54.216,317925,49.43,250.0,0.0,0.0,200.56,0,0
11:56:54.321,318025,49.45,250.0,0.0,0.0,200.54,0,0
11:56:54.441,318125,49.42,250.0,0.0,0.0,200.57,0,0
11:56:54.516,318225,49.44,250.0,0.0,0.0,200.55,0,0
11:56:54.622,318325,49.46,250.0,0.0,0.0,200.53,0,0
11:56:54.722,318425,49.43,250.0,0.0,0.0,200.56,0,0
11:56:54.821,318525,49.47,250.0,0.0,0.0,200.52,0,0
11:56:54.916,318625,49.51,250.0,0.0,0.0,200.48,0,0
11:56:55.021,318725,49.5,250.0,0.0,0.0,200.49,0,0
11:56:55.119,318825,49.51,250.0,0.0,0.0,200.48,0,0
11:56:55.216,318925,49.5,250.0,0.0,0.0,200.49,0,0
11:56:55.319,319025,49.41,250.0,0.0,0.0,200.58,0,0
11:56:55.417,319125,49.41,250.0,0.0,0.0,200.58,0,0
11:56:55.524,319225,49.35,250.0,0.0,0.0,200.64,0,0
11:56:55.633,319325,49.33,250.0,0.0,0.0,200.66,0,0
11:56:55.722,319425,49.26,250.0,0.0,0.0,200.73,0,0
11:56:55.823,319525,49.29,250.0,0.0,0.0,200.7,0,0
11:56:55.919,319625,49.35,250.0,0.0,0.0,200.64,0,0
11:56:56.016,319725,49.38,250.0,0.0,0.0,200.61,0,0
11:56:56.146,319825,49.38,250.0,0.0,0.0,200.61,0,0
11:56:56.216,319925,49.43,250.0,0.0,0.0,200.56,0,0
11:56:56.316,320025,49.42,250.0,0.0,0.0,200.57,0,0
11:56:56.416,320125,49.44,250.0,0.0,0.0,200.55,0,0
11:56:56.516,320225,49.49,250.0,0.0,0.0,200.5,0,0
11:56:56.616,320325,49.5,250.0,0.0,0.0,200.49,0,0
11:56:56.716,320425,49.51,250.0,0.0,0.0,200.48,0,0
11:56:56.815,320525,49.5,250.0,0.0,0.0,200.49,0,0
11:56:56.916,320625,49.46,250.0,0.0,0.0,200.53,0,0
11:56:57.015,320725,49.5,250.0,0.0,0.0,200.49,0,0
11:56:57.115,320825,49.47,250.0,0.0,0.0,200.52,0,0
11:56:57.215,320925,49.56,250.0,0.0,0.0,200.43,0,0
11:56:57.315,321025,49.59,250.0,0.0,0.0,200.4,0,0
11:56:57.415,321125,49.54,250.0,0.0,0.0,200.45,0,0
11:56:57.515,321225,49.6,250.0,0.0,0.0,200.39,0,0
11:56:57.614,321325,49.63,250.0,0.0,0.0,200.36,0,0
11:56:57.715,321425,49.63,250.0,0.0,0.0,200.36,0,0
11:56:57.837,321525,49.68,250.0,0.0,0.0,200.31,0,0
11:56:57.917,321625,49.62,250.0,0.0,0.0,200.37,0,0
11:56:58.015,321725,49.62,250.0,0.0,0.0,200.37,0,0
11:56:58.118,321825,49.55,250.0,0.0,0.0,200.44,0,0
11:56:58.217,321925,49.55,250.0,0.0,0.0,200.44,0,0
11:56:58.315,322025,49.56,250.0,0.0,0.0,200.43,0,0
11:56:58.418,322125,49.57,250.0,0.0,0.0,200.42,0,0
11:56:58.515,322225,49.5,250.0,0.0,0.0,200.49,0,0
11:56:58.615,322325,49.44,250.0,0.0,0.0,200.55,0,0
11:56:58.715,322425,49.43,250.0,0.0,0.0,200.56,0,0
11:56:58.815,322525,49.47,250.0,0.0,0.0,200.52,0,0
11:56:58.915,322625,49.41,250.0,0.0,0.0,200.58,0,0
11:56:59.015,322725,49.46,250.0,0.0,0.0,200.53,0,0
11:56:59.115,322825,49.45,250.0,0.0,0.0,200.54,0,0
11:56:59.215,322925,49.47,250.0,0.0,0.0,200.52,0,0
11:56:59.322,323025,49.51,250.0,0.0,0.0,200.48,0,0
11:56:59.417,323125,49.5,250.0,0.0,0.0,200.49,0,0
11:56:59.543,323225,49.41,250.0,0.0,0.0,200.58,0,0
11:56:59.620,323325,49.35,250.0,0.0,0.0,200.64,0,0
11:56:59.717,323425,49.41,250.0,0.0,0.0,200.58,0,0
11:56:59.820,323525,49.45,250.0,0.0,0.0,200.54,0,0
11:56:59.916,323625,49.54,250.0,0.0,0.0,200.45,0,0
11:57:00.022,323725,49.5,250.0,0.0,0.0,200.49,0,0
11:57:00.116,323825,49.51,250.0,0.0,0.0,200.48,0,0
11:57:00.215,323925,49.45,250.0,0.0,0.0,200.54,0,0
11:57:00.316,324025,49.44,250.0,0.0,0.0,200.55,0,0
11:57:00.417,324125,49.44,250.0,0.0,0.0,200.55,0,0
11:57:00.517,324225,49.41,250.0,0.0,0.0,200.58,0,0
11:57:00.618,324325,49.33,250.0,0.0,0.0,200.66,0,0
11:57:00.717,324425,49.28,250.0,0.0,0.0,200.71,0,0
11:57:00.815,324525,49.24,250.0,0.0,0.0,200.75,0,0
11:57:00.917,324625,49.23,250.0,0.0,0.0,200.76,0,0
11:57:01.016,324725,49.29,250.0,0.0,0.0,200.7,0,0
11:57:01.114,324825,49.25,250.0,0.0,0.0,200.74,0,0
11:57:01.221,324925,49.29,250.0,0.0,0.0,200.7,0,0
11:57:01.315,325025,49.27,250.0,0.0,0.0,200.72,0,0
11:57:01.423,325125,49.36,250.0,0.0,0.0,200.63,0,0
11:57:01.518,325225,49.38,250.0,0.0,0.0,200.61,0,0
11:57:01.617,325325,49.41,250.0,0.0,0.0,200.58,0,0
11:57:01.718,325425,49.43,250.0,0.0,0.0,200.56,0,0
11:57:01.821,325525,49.45,250.0,0.0,0.0,200.54,0,0
11:57:01.916,325625,49.47,250.0,0.0,0.0,200.52,0,0
11:57:02.017,325725,49.56,250.0,0.0,0.0,200.43,0,0
11:57:02.117,325825,49.51,250.0,0.0,0.0,200.48,0,0
11:57:02.215,325925,49.52,250.0,0.0,0.0,200.47,0,0
11:57:02.313,326025,49.46,250.0,0.0,0.0,200.53,0,0
11:57:02.416,326125,49.48,250.0,0.0,0.0,200.51,0,0
11:57:02.514,326225,49.47,250.0,0.0,0.0,200.52,0,0
11:57:02.614,326325,49.43,250.0,0.0,0.0,200.56,0,0
11:57:02.715,326425,49.32,250.0,0.0,0.0,200.67,0,0
11:57:02.815,326525,49.3,250.0,0.0,0.0,200.69,0,0
11:57:02.924,326625,49.29,250.0,0.0,0.0,200.7,0,0
11:57:03.016,326725,49.27,250.0,0.0,0.0,200.72,0,0
11:57:03.114,326825,49.23,250.0,0.0,0.0,200.76,0,0
11:57:03.220,326925,49.25,250.0,0.0,0.0,200.74,0,0
11:57:03.314,327025,49.28,250.0,0.0,0.0,200.71,0,0
11:57:03.416,327125,49.27,250.0,0.0,0.0,200.72,0,0
11:57:03.521,327225,49.35,250.0,0.0,0.0,200.64,0,0
11:57:03.615,327325,49.38,250.0,0.0,0.0,200.61,0,0
11:57:03.714,327425,49.4,250.0,0.0,0.0,200.59,0,0
11:57:03.814,327525,49.45,250.0,0.0,0.0,200.54,0,0
11:57:03.916,327625,49.49,250.0,0.0,0.0,200.5,0,0
11:57:04.016,327725,49.51,250.0,0.0,0.0,200.48,0,0
11:57:04.117,327825,49.44,250.0,0.0,0.0,200.55,0,0
11:57:04.216,327925,49.49,250.0,0.0,0.0,200.5,0,0
11:57:04.315,328025,49.53,250.0,0.0,0.0,200.46,0,0
11:57:04.416,328125,49.49,250.0,0.0,0.0,200.5,0,0
11:57:04.515,328225,49.5,250.0,0.0,0.0,200.49,0,0
11:57:04.614,328325,49.41,250.0,0.0,0.0,200.58,0,0
11:57:04.716,328425,49.41,250.0,0.0,0.0,200.58,0,0
11:57:04.813,328525,49.4,250.0,0.0,0.0,200.59,0,0
11:57:04.914,328625,49.35,250.0,0.0,0.0,200.64,0,0
11:57:05.016,328725,49.38,250.0,0.0,0.0,200.61,0,0
11:57:05.113,328825,49.38,250.0,0.0,0.0,200.61,0,0
11:57:05.216,328925,49.43,250.0,0.0,0.0,200.56,0,0
11:57:05.321,329025,49.45,250.0,0.0,0.0,200.54,0,0
11:57:05.414,329125,49.51,250.0,0.0,0.0,200.48,0,0
11:57:05.514,329225,49.55,250.0,0.0,0.0,200.44,0,0
11:57:05.613,329325,49.56,250.0,0.0,0.0,200.43,0,0
11:57:05.717,329425,49.49,250.0,0.0,0.0,200.5,0,0
11:57:05.813,329525,49.58,250.0,0.0,0.0,200.41,0,0
11:57:05.913,329625,49.61,250.0,0.0,0.0,200.38,0,0
11:57:06.014,329725,49.68,250.0,0.0,0.0,200.31,0,0
11:57:06.113,329825,49.6,250.0,0.0,0.0,200.39,0,0
11:57:06.214,329925,49.58,250.0,0.0,0.0,200.41,0,0
11:57:06.314,330025,49.58,250.0,0.0,0.0,200.41,0,0
11:57:06.413,330125,49.66,250.0,0.0,0.0,200.33,0,0
11:57:06.514,330225,49.71,250.0,0.0,0.0,200.28,0,0
11:57:06.613,330325,49.72,250.0,0.0,0.0,200.27,0,0
11:57:06.713,330425,49.64,250.0,0.0,0.0,200.35,0,0
11:57:06.813,330525,49.59,250.0,0.0,0.0,200.4,0,0
11:57:06.915,330625,49.49,250.0,0.0,0.0,200.5,0,0
11:57:07.013,330725,49.45,250.0,0.0,0.0,200.54,0,0
11:57:07.113,330825,49.5,250.0,0.0,0.0,200.49,0,0
11:57:07.215,330925,49.53,250.0,0.0,0.0,200.46,0,0
11:57:07.314,331025,49.49,250.0,0.0,0.0,200.5,0,0
11:57:07.417,331125,49.46,250.0,0.0,0.0,200.53,0,0
11:57:07.513,331225,49.5,250.0,0.0,0.0,200.49,0,0
11:57:07.616,331325,49.49,250.0,0.0,0.0,200.5,0,0
11:57:07.714,331425,49.5,250.0,0.0,0.0,200.49,0,0
11:57:07.813,331525,49.49,250.0,0.0,0.0,200.5,0,0
11:57:07.915,331625,49.45,250.0,0.0,0.0,200.54,0,0
11:57:08.034,331725,49.44,250.0,0.0,0.0,200.55,0,0
11:57:08.113,331825,49.44,250.0,0.0,0.0,200.55,0,0
11:57:08.215,331925,49.43,250.0,0.0,0.0,200.56,0,0
11:57:08.315,332025,49.5,250.0,0.0,0.0,200.49,0,0
11:57:08.417,332125,49.54,250.0,0.0,0.0,200.45,0,0
11:57:08.513,332225,49.57,250.0,0.0,0.0,200.42,0,0
11:57:08.616,332325,49.53,250.0,0.0,0.0,200.46,0,0
11:57:08.717,332425,49.56,250.0,0.0,0.0,200.43,0,0
11:57:08.813,332525,49.44,250.0,0.0,0.0,200.55,0,0
11:57:08.913,332625,49.43,250.0,0.0,0.0,200.56,0,0
11:57:09.013,332725,49.4,250.0,0.0,0.0,200.59,0,0
11:57:09.120,332825,49.43,250.0,0.0,0.0,200.56,0,0
11:57:09.216,332925,49.45,250.0,0.0,0.0,200.54,0,0
11:57:09.315,333025,49.44,250.0,0.0,0.0,200.55,0,0
11:57:09.412,333125,49.48,250.0,0.0,0.0,200.51,0,0
11:57:09.513,333225,49.47,250.0,0.0,0.0,200.52,0,0
11:57:09.615,333325,49.41,250.0,0.0,0.0,200.58,0,0
11:57:09.765,333425,49.41,250.0,0.0,0.0,200.58,0,0
11:57:09.818,333525,49.43,250.0,0.0,0.0,200.56,0,0
11:57:09.919,333625,49.4,250.0,0.0,0.0,200.59,0,0
11:57:10.017,333725,49.42,250.0,0.0,0.0,200.57,0,0
11:57:10.112,333825,49.42,250.0,0.0,0.0,200.57,0,0
11:57:10.212,333925,49.46,250.0,0.0,0.0,200.53,0,0
11:57:10.329,334025,49.48,250.0,0.0,0.0,200.51,0,0
11:57:10.413,334125,49.42,250.0,0.0,0.0,200.57,0,0
11:57:10.526,334225,49.49,250.0,0.0,0.0,200.5,0,0
11:57:10.619,334325,49.53,250.0,0.0,0.0,200.46,0,0
11:57:10.713,334425,49.51,250.0,0.0,0.0,200.48,0,0
11:57:10.812,334525,49.47,250.0,0.0,0.0,200.52,0,0
11:57:10.914,334625,49.44,250.0,0.0,0.0,200.55,0,0
11:57:11.015,334725,49.46,250.0,0.0,0.0,200.53,0,0
11:57:11.112,334825,49.5,250.0,0.0,0.0,200.49,0,0
11:57:11.216,334925,49.46,250.0,0.0,0.0,200.53,0,0
11:57:11.313,335025,49.43,250.0,0.0,0.0,200.56,0,0
11:57:11.412,335125,49.42,250.0,0.0,0.0,200.57,0,0
11:57:11.513,335225,49.47,250.0,0.0,0.0,200.52,0,0
11:57:11.612,335325,49.38,250.0,0.0,0.0,200.61,0,0
11:57:11.712,335425,49.33,250.0,0.0,0.0,200.66,0,0
11:57:11.812,335525,49.31,250.0,0.0,0.0,200.68,0,0
11:57:11.913,335625,49.37,250.0,0.0,0.0,200.62,0,0
11:57:12.013,335725,49.34,250.0,0.0,0.0,200.65,0,0
11:57:12.112,335825,49.32,250.0,0.0,0.0,200.67,0,0
11:57:12.212,335925,49.25,250.0,0.0,0.0,200.74,0,0
11:57:12.312,336025,49.26,250.0,0.0,0.0,200.73,0,0
11:57:12.412,336125,49.27,250.0,0.0,0.0,200.72,0,0
11:57:12.513,336225,49.26,250.0,0.0,0.0,200.73,0,0
11:57:12.614,336325,49.27,250.0,0.0,0.0,200.72,0,0
11:57:12.712,336425,49.33,250.0,0.0,0.0,200.66,0,0
11:57:12.816,336525,49.39,250.0,0.0,0.0,200.6,0,0
11:57:12.911,336625,49.31,250.0,0.0,0.0,200.68,0,0
11:57:13.013,336725,49.37,250.0,0.0,0.0,200.62,0,0
11:57:13.113,336825,49.37,250.0,0.0,0.0,200.62,0,0
11:57:13.212,336925,49.37,250.0,0.0,0.0,200.62,0,0
11:57:13.313,337025,49.34,250.0,0.0,0.0,200.65,0,0
11:57:13.426,337125,49.37,250.0,0.0,0.0,200.62,0,0
11:57:13.513,337225,49.37,250.0,0.0,0.0,200.62,0,0
11:57:13.618,337325,49.42,250.0,0.0,0.0,200.57,0,0
11:57:13.723,337425,49.34,250.0,0.0,0.0,200.65,0,0
11:57:13.812,337525,49.39,250.0,0.0,0.0,200.6,0,0
11:57:13.911,337625,49.34,250.0,0.0,0.0,200.65,0,0
11:57:14.013,337725,49.35,250.0,0.0,0.0,200.64,0,0
11:57:14.117,337825,49.37,250.0,0.0,0.0,200.62,0,0
11:57:14.212,337925,49.42,250.0,0.0,0.0,200.57,0,0
11:57:14.319,338025,49.44,250.0,0.0,0.0,200.55,0,0
11:57:14.411,338125,49.54,250.0,0.0,0.0,200.45,0,0
11:57:14.513,338225,49.44,250.0,0.0,0.0,200.55,0,0
11:57:14.611,338325,49.39,250.0,0.0,0.0,200.6,0,0
11:57:14.711,338425,49.26,250.0,0.0,0.0,200.73,0,0
11:57:14.811,338525,49.27,250.0,0.0,0.0,200.72,0,0
11:57:14.912,338625,49.31,250.0,0.0,0.0,200.68,0,0
11:57:15.014,338725,49.36,250.0,0.0,0.0,200.63,0,0
11:57:15.113,338825,49.39,250.0,0.0,0.0,200.6,0,0
11:57:15.211,338925,49.41,250.0,0.0,0.0,200.58,0,0
11:57:15.312,339025,49.38,250.0,0.0,0.0,200.61,0,0
11:57:15.434,339125,49.41,250.0,0.0,0.0,200.58,0,0
11:57:15.514,339225,49.35,250.0,0.0,0.0,200.64,0,0
11:57:15.611,339325,49.33,250.0,0.0,0.0,200.66,0,0
11:57:15.711,339425,49.29,250.0,0.0,0.0,200.7,0,0
11:57:15.812,339525,49.32,250.0,0.0,0.0,200.67,0,0
11:57:15.912,339625,49.4,250.0,0.0,0.0,200.59,0,0
11:57:16.038,339725,49.42,250.0,0.0,0.0,200.57,0,0
11:57:16.113,339825,49.44,250.0,0.0,0.0,200.55,0,0
11:57:16.218,339925,49.46,250.0,0.0,0.0,200.53,0,0
11:57:16.311,340025,49.5,250.0,0.0,0.0,200.49,0,0
11:57:16.417,340125,49.54,250.0,0.0,0.0,200.45,0,0
11:57:16.513,340225,49.62,250.0,0.0,0.0,200.37,0,0
11:57:16.620,340325,49.57,250.0,0.0,0.0,200.42,0,0
11:57:16.715,340425,49.58,250.0,0.0,0.0,200.41,0,0
11:57:16.813,340525,49.58,250.0,0.0,0.0,200.41,0,0
11:57:16.915,340625,49.61,250.0,0.0,0.0,200.38,0,0
11:57:17.011,340725,49.59,250.0,0.0,0.0,200.4,0,0
11:57:17.110,340825,49.57,250.0,0.0,0.0,200.42,0,0
11:57:17.215,340925,49.52,250.0,0.0,0.0,200.47,0,0
11:57:17.311,341025,49.56,250.0,0.0,0.0,200.43,0,0
11:57:17.412,341125,49.51,250.0,0.0,0.0,200.48,0,0
11:57:17.509,341225,49.45,250.0,0.0,0.0,200.54,0,0
11:57:17.612,341325,49.39,250.0,0.0,0.0,200.6,0,0
11:57:17.714,341425,49.39,250.0,0.0,0.0,200.6,0,0
11:57:17.810,341525,49.41,250.0,0.0,0.0,200.58,0,0
11:57:17.918,341625,49.44,250.0,0.0,0.0,200.55,0,0
11:57:18.011,341725,49.5,250.0,0.0,0.0,200.49,0,0
11:57:18.112,341825,49.49,250.0,0.0,0.0,200.5,0,0
11:57:18.215,341925,49.5,250.0,0.0,0.0,200.49,0,0
11:57:18.313,342025,49.49,250.0,0.0,0.0,200.5,0,0
11:57:18.410,342125,49.48,250.0,0.0,0.0,200.51,0,0
11:57:18.512,342225,49.39,250.0,0.0,0.0,200.6,0,0
11:57:18.613,342325,49.37,250.0,0.0,0.0,200.62,0,0
11:57:18.715,342425,49.42,250.0,0.0,0.0,200.57,0,0
11:57:18.810,342525,49.41,250.0,0.0,0.0,200.58,0,0
11:57:18.910,342625,49.43,250.0,0.0,0.0,200.56,0,0
11:57:19.013,342725,49.48,250.0,0.0,0.0,200.51,0,0
11:57:19.113,342825,49.44,250.0,0.0,0.0,200.55,0,0
11:57:19.210,342925,49.49,250.0,0.0,0.0,200.5,0,0
11:57:19.312,343025,49.4,250.0,0.0,0.0,200.59,0,0
11:57:19.434,343125,49.5,250.0,0.0,0.0,200.49,0,0
11:57:19.515,343225,49.48,250.0,0.0,0.0,200.51,0,0
11:57:19.609,343325,49.52,250.0,0.0,0.0,200.47,0,0
11:57:19.710,343425,49.56,250.0,0.0,0.0,200.43,0,0
11:57:19.819,343525,49.54,250.0,0.0,0.0,200.45,0,0
11:57:19.909,343625,49.55,250.0,0.0,0.0,200.44,0,0
11:57:20.014,343725,49.53,250.0,0.0,0.0,200.46,0,0
11:57:20.113,343825,49.57,250.0,0.0,0.0,200.42,0,0
11:57:20.209,343925,49.55,250.0,0.0,0.0,200.44,0,0
11:57:20.311,344025,49.58,250.0,0.0,0.0,200.41,0,0
11:57:20.410,344125,49.56,250.0,0.0,0.0,200.43,0,0
11:57:20.510,344225,49.54,250.0,0.0,0.0,200.45,0,0
11:57:20.610,344325,49.55,250.0,0.0,0.0,200.44,0,0
11:57:20.710,344425,49.48,250.0,0.0,0.0,200.51,0,0
11:57:20.811,344525,49.52,250.0,0.0,0.0,200.47,0,0
11:57:20.910,344625,49.46,250.0,0.0,0.0,200.53,0,0
11:57:21.010,344725,49.52,250.0,0.0,0.0,200.47,0,0
11:57:21.115,344825,49.58,250.0,0.0,0.0,200.41,0,0
11:57:21.211,344925,49.56,250.0,0.0,0.0,200.43,0,0
11:57:21.311,345025,49.57,250.0,0.0,0.0,200.42,0,0
11:57:21.409,345125,49.52,250.0,0.0,0.0,200.47,0,0
11:57:21.510,345225,49.46,250.0,0.0,0.0,200.53,0,0
11:57:21.610,345325,49.5,250.0,0.0,0.0,200.49,0,0
11:57:21.710,345425,49.46,250.0,0.0,0.0,200.53,0,0
11:57:21.809,345525,49.48,250.0,0.0,0.0,200.51,0,0
11:57:21.909,345625,49.47,250.0,0.0,0.0,200.52,0,0
11:57:22.009,345725,49.48,250.0,0.0,0.0,200.51,0,0
11:57:22.111,345825,49.47,250.0,0.0,0.0,200.52,0,0
11:57:22.235,345925,49.49,250.0,0.0,0.0,200.5,0,0
11:57:22.312,346025,49.53,250.0,0.0,0.0,200.46,0,0
11:57:22.409,346125,49.51,250.0,0.0,0.0,200.48,0,0
11:57:22.509,346225,49.55,250.0,0.0,0.0,200.44,0,0
11:57:22.610,346325,49.61,250.0,0.0,0.0,200.38,0,0
11:57:22.711,346425,49.68,250.0,0.0,0.0,200.31,0,0
11:57:22.809,346525,49.65,250.0,0.0,0.0,200.34,0,0
11:57:22.909,346625,49.65,250.0,0.0,0.0,200.34,0,0
11:57:23.010,346725,49.65,250.0,0.0,0.0,200.34,0,0
11:57:23.108,346825,49.64,250.0,0.0,0.0,200.35,0,0
11:57:23.214,346925,49.64,250.0,0.0,0.0,200.35,0,0
11:57:23.309,347025,49.62,250.0,0.0,0.0,200.37,0,0
11:57:23.409,347125,49.67,250.0,0.0,0.0,200.32,0,0
11:57:23.510,347225,49.71,250.0,0.0,0.0,200.28,0,0
11:57:23.610,347325,49.73,250.0,0.0,0.0,200.26,0,0
11:58:11.079,394803,49.74,250.0,0.0,0.0,200.25,0,0
11:58:11.097,394825,49.68,250.0,0.0,0.0,200.31,0,0
11:58:11.198,394925,49.7,250.0,0.0,0.0,200.29,0,0
11:58:11.297,395025,49.7,250.0,0.0,0.0,200.29,0,0
11:58:11.317,395044,49.67,250.0,0.0,0.0,200.32,0,0
11:58:11.397,395125,49.66,250.0,0.0,0.0,200.33,0,0
11:58:11.497,395225,49.66,250.0,0.0,0.0,200.33,0,0
11:58:11.597,395325,49.66,250.0,0.0,0.0,200.33,0,0
11:58:11.618,395343,49.66,250.0,0.0,0.0,200.33,0,0
11:58:11.699,395425,49.61,250.0,0.0,0.0,200.38,0,0
11:58:11.797,395525,49.61,250.0,0.0,0.0,200.38,0,0
11:58:11.826,395544,49.61,250.0,0.0,0.0,200.38,0,0
11:58:11.898,395625,49.58,250.0,0.0,0.0,200.41,0,0
11:58:11.997,395725,49.56,250.0,0.0,0.0,200.43,0,0
11:58:12.097,395825,49.57,250.0,0.0,0.0,200.42,0,0
11:58:12.202,395925,49.57,250.0,0.0,0.0,200.42,0,0
11:58:12.217,395944,49.65,250.0,0.0,0.0,200.34,0,0
11:58:12.297,396025,49.72,250.0,0.0,0.0,200.27,0,0
11:58:12.397,396125,49.72,250.0,0.0,0.0,200.27,0,0
11:58:12.417,396144,49.76,250.0,0.0,0.0,200.23,0,0
11:58:12.504,396225,49.8,250.0,0.0,0.0,200.19,0,0
11:58:12.597,396325,49.7,250.0,0.0,0.0,200.29,0,0
11:58:12.699,396425,49.7,250.0,0.0,0.0,200.29,0,0
11:58:12.717,396444,49.77,250.0,0.0,0.0,200.22,0,0
11:58:12.798,396525,49.81,250.0,0.0,0.0,200.18,0,0
11:58:12.897,396625,49.81,250.0,0.0,0.0,200.18,0,0
11:58:12.922,396644,49.79,250.0,0.0,0.0,200.2,0,0
11:58:12.998,396725,49.77,250.0,0.0,0.0,200.22,0,0
11:58:13.098,396825,49.78,250.0,0.0,0.0,200.21,0,0
11:58:13.197,396925,49.66,250.0,0.0,0.0,200.33,0,0
11:58:13.300,397025,49.66,250.0,0.0,0.0,200.33,0,0
11:58:13.319,397044,49.73,250.0,0.0,0.0,200.26,0,0
11:58:13.397,397125,49.8,250.0,0.0,0.0,200.19,0,0
11:58:13.498,397225,49.8,250.0,0.0,0.0,200.19,0,0
11:58:13.521,397244,49.81,250.0,0.0,0.0,200.18,0,0
11:58:13.624,397325,49.81,250.0,0.0,0.0,200.18,0,0
11:58:13.701,397425,49.77,250.0,0.0,0.0,200.22,0,0
11:58:13.797,397525,49.77,250.0,0.0,0.0,200.22,0,0
11:58:13.818,397544,49.9,250.0,0.0,0.0,200.09,0,0
11:58:13.897,397625,50.02,250.0,0.0,0.0,199.97,0,0
11:58:14.000,397725,49.88,250.0,0.0,0.0,200.11,0,0
11:58:14.102,397825,49.9,250.0,0.0,0.0,200.09,0,0
11:58:14.201,397925,49.9,250.0,0.0,0.0,200.09,0,0
11:58:14.297,398025,49.9,250.0,0.0,0.0,200.09,0,0
11:58:14.327,398044,49.97,250.0,0.0,0.0,200.02,0,0
11:58:14.402,398125,50.04,250.0,0.0,0.0,199.95,0,0
11:58:14.497,398225,50.02,250.0,0.0,0.0,199.97,0,0
11:58:14.603,398325,50.02,250.0,0.0,0.0,199.97,0,0
11:58:14.615,398343,50.02,250.0,0.0,0.0,199.97,0,0
11:58:14.703,398425,49.93,250.0,0.0,0.0,200.06,0,0
11:58:14.796,398525,49.93,250.0,0.0,0.0,200.06,0,0
11:58:14.825,398544,49.95,250.0,0.0,0.0,200.04,0,0
11:58:14.907,398625,49.94,250.0,0.0,0.0,200.05,0,0
11:58:14.997,398725,49.91,250.0,0.0,0.0,200.08,0,0
11:58:15.102,398825,49.91,250.0,0.0,0.0,200.08,0,0
11:58:15.118,398844,49.88,250.0,0.0,0.0,200.11,0,0
11:58:15.201,398925,49.88,250.0,0.0,0.0,200.11,0,0
11:58:15.224,398943,49.88,250.0,0.0,0.0,200.11,0,0
11:58:15.299,399025,49.78,250.0,0.0,0.0,200.21,0,0
11:58:15.396,399125,49.72,250.0,0.0,0.0,200.27,0,0
11:58:15.500,399225,49.72,250.0,0.0,0.0,200.27,0,0
11:58:15.515,399244,49.68,250.0,0.0,0.0,200.31,0,0
11:58:15.604,399325,49.65,250.0,0.0,0.0,200.34,0,0
11:58:15.696,399425,49.6,250.0,0.0,0.0,200.39,0,0
11:58:15.797,399525,49.58,250.0,0.0,0.0,200.41,0,0
11:58:15.900,399625,49.58,250.0,0.0,0.0,200.41,0,0
11:58:15.918,399644,49.56,250.0,0.0,0.0,200.43,0,0
11:58:16.000,399725,49.54,250.0,0.0,0.0,200.45,0,0
11:58:16.097,399825,49.5,250.0,0.0,0.0,200.49,0,0
11:58:16.198,399925,49.5,250.0,0.0,0.0,200.49,0,0
11:58:16.217,399943,49.5,250.0,0.0,0.0,200.49,0,0
11:58:16.306,400025,49.51,250.0,0.0,0.0,200.48,0,0
11:58:16.410,400125,49.42,250.0,0.0,0.0,200.57,0,0
11:58:16.496,400225,49.42,250.0,0.0,0.0,200.57,0,0
11:58:16.521,400244,49.51,250.0,0.0,0.0,200.48,0,0
11:58:16.596,400325,49.6,250.0,0.0,0.0,200.39,0,0
11:58:16.706,400425,49.6,250.0,0.0,0.0,200.39,0,0
11:58:16.715,400444,49.65,250.0,0.0,0.0,200.34,0,0
11:58:16.796,400525,49.72,250.0,0.0,0.0,200.27,0,0
11:58:16.897,400625,49.71,250.0,0.0,0.0,200.28,0,0
11:58:16.995,400725,49.71,250.0,0.0,0.0,200.28,0,0
11:58:17.015,400744,49.75,250.0,0.0,0.0,200.24,0,0
11:58:17.096,400825,49.79,250.0,0.0,0.0,200.2,0,0
11:58:17.197,400925,49.7,250.0,0.0,0.0,200.29,0,0
11:58:17.296,401025,49.67,250.0,0.0,0.0,200.32,0,0
11:58:17.396,401125,49.67,250.0,0.0,0.0,200.32,0,0
11:58:17.417,401144,49.74,250.0,0.0,0.0,200.25,0,0
11:58:17.496,401225,49.8,250.0,0.0,0.0,200.19,0,0
11:58:17.595,401325,49.8,250.0,0.0,0.0,200.19,0,0
11:58:17.619,401344,49.83,250.0,0.0,0.0,200.16,0,0
11:58:17.701,401425,49.86,250.0,0.0,0.0,200.13,0,0
11:58:17.797,401525,49.86,250.0,0.0,0.0,200.13,0,0
11:58:17.896,401625,49.86,250.0,0.0,0.0,200.13,0,0
11:58:17.922,401644,49.86,250.0,0.0,0.0,200.13,0,0
11:58:17.998,401725,49.86,250.0,0.0,0.0,200.13,0,0
11:58:18.098,401825,49.76,250.0,0.0,0.0,200.23,0,0
11:58:18.202,401925,49.73,250.0,0.0,0.0,200.26,0,0
11:58:18.295,402025,49.73,250.0,0.0,0.0,200.26,0,0
11:58:18.314,402044,49.72,250.0,0.0,0.0,200.27,0,0
11:58:18.402,402125,49.71,250.0,0.0,0.0,200.28,0,0
11:58:18.506,402225,49.71,250.0,0.0,0.0,200.28,0,0
11:58:18.514,402244,49.8,250.0,0.0,0.0,200.19,0,0
11:58:18.596,402325,49.88,250.0,0.0,0.0,200.11,0,0
11:58:18.696,402425,49.83,250.0,0.0,0.0,200.16,0,0
11:58:18.796,402525,49.78,250.0,0.0,0.0,200.21,0,0
11:58:18.895,402625,49.67,250.0,0.0,0.0,200.32,0,0
11:58:18.998,402725,49.59,250.0,0.0,0.0,200.4,0,0
11:58:19.098,402825,49.57,250.0,0.0,0.0,200.42,0,0
11:58:19.220,402925,49.57,250.0,0.0,0.0,200.42,0,0
11:58:19.227,402944,49.6,250.0,0.0,0.0,200.39,0,0
11:58:19.296,403025,49.62,250.0,0.0,0.0,200.37,0,0
11:58:19.396,403125,49.65,250.0,0.0,0.0,200.34,0,0
11:58:19.499,403225,49.65,250.0,0.0,0.0,200.34,0,0
11:58:19.515,403244,49.72,250.0,0.0,0.0,200.27,0,0
11:58:19.596,403325,49.78,250.0,0.0,0.0,200.21,0,0
11:58:19.695,403425,49.64,250.0,0.0,0.0,200.35,0,0
11:58:19.798,403525,49.64,250.0,0.0,0.0,200.35,0,0
11:58:19.814,403544,49.69,250.0,0.0,0.0,200.3,0,0
11:58:19.898,403625,49.73,250.0,0.0,0.0,200.26,0,0
11:58:19.998,403725,49.73,250.0,0.0,0.0,200.26,0,0
11:58:20.021,403743,49.73,250.0,0.0,0.0,200.26,0,0
11:58:20.096,403825,49.72,250.0,0.0,0.0,200.27,0,0
11:58:20.195,403925,49.71,250.0,0.0,0.0,200.28,0,0
11:58:20.298,404025,49.71,250.0,0.0,0.0,200.28,0,0
11:58:20.345,404044,49.78,250.0,0.0,0.0,200.21,0,0
11:58:20.395,404125,49.84,250.0,0.0,0.0,200.15,0,0
11:58:20.495,404225,49.84,250.0,0.0,0.0,200.15,0,0
11:58:20.514,404243,49.84,250.0,0.0,0.0,200.15,0,0
11:58:20.595,404325,49.79,250.0,0.0,0.0,200.2,0,0
11:58:20.695,404425,49.77,250.0,0.0,0.0,200.22,0,0
11:58:20.796,404525,49.78,250.0,0.0,0.0,200.21,0,0
11:58:20.923,404625,49.72,250.0,0.0,0.0,200.27,0,0
11:58:20.995,404725,49.71,250.0,0.0,0.0,200.28,0,0
11:58:21.096,404825,49.71,250.0,0.0,0.0,200.28,0,0
11:58:21.117,404844,49.77,250.0,0.0,0.0,200.22,0,0
11:58:21.195,404925,49.81,250.0,0.0,0.0,200.18,0,0
11:58:21.296,405025,49.81,250.0,0.0,0.0,200.18,0,0
11:58:21.314,405044,49.79,250.0,0.0,0.0,200.2,0,0
11:58:21.395,405125,49.8,250.0,0.0,0.0,200.19,0,0
11:58:21.504,405225,49.73,250.0,0.0,0.0,200.26,0,0
11:58:21.605,405325,49.73,250.0,0.0,0.0,200.26,0,0
11:58:21.617,405344,49.7,250.0,0.0,0.0,200.29,0,0
11:58:21.695,405425,49.66,250.0,0.0,0.0,200.33,0,0
11:58:21.794,405525,49.58,250.0,0.0,0.0,200.41,0,0
11:58:21.895,405625,49.58,250.0,0.0,0.0,200.41,0,0
11:58:21.916,405644,49.51,250.0,0.0,0.0,200.48,0,0
11:58:21.995,405725,49.45,250.0,0.0,0.0,200.54,0,0
11:58:22.095,405825,49.47,250.0,0.0,0.0,200.52,0,0
11:58:22.196,405925,49.38,250.0,0.0,0.0,200.61,0,0
11:58:22.300,406025,49.43,250.0,0.0,0.0,200.56,0,0
11:58:22.395,406125,49.38,250.0,0.0,0.0,200.61,0,0
11:58:22.495,406225,49.38,250.0,0.0,0.0,200.61,0,0
11:58:22.514,406244,49.52,250.0,0.0,0.0,200.47,0,0
11:58:22.612,406325,49.52,250.0,0.0,0.0,200.47,0,0
11:58:22.616,406343,49.52,250.0,0.0,0.0,200.47,0,0
11:58:22.696,406425,49.52,250.0,0.0,0.0,200.47,0,0
11:58:22.713,406444,49.63,250.0,0.0,0.0,200.36,0,0
11:58:22.796,406525,49.73,250.0,0.0,0.0,200.26,0,0
11:58:22.893,406625,49.73,250.0,0.0,0.0,200.26,0,0
11:58:22.916,406644,49.69,250.0,0.0,0.0,200.3,0,0
11:58:22.994,406725,49.66,250.0,0.0,0.0,200.33,0,0
11:58:23.094,406825,49.58,250.0,0.0,0.0,200.41,0,0
11:58:23.197,406925,49.56,250.0,0.0,0.0,200.43,0,0
11:58:23.297,407025,49.56,250.0,0.0,0.0,200.43,0,0
11:58:23.313,407044,49.57,250.0,0.0,0.0,200.42,0,0
11:58:23.395,407125,49.55,250.0,0.0,0.0,200.44,0,0
11:58:23.494,407225,49.56,250.0,0.0,0.0,200.43,0,0
11:58:23.595,407325,49.56,250.0,0.0,0.0,200.43,0,0
11:58:23.620,407344,49.59,250.0,0.0,0.0,200.4,0,0
11:58:23.695,407425,49.62,250.0,0.0,0.0,200.37,0,0
11:58:23.802,407525,49.62,250.0,0.0,0.0,200.37,0,0
11:58:23.814,407544,49.72,250.0,0.0,0.0,200.27,0,0
11:58:23.895,407625,49.8,250.0,0.0,0.0,200.19,0,0
11:58:23.995,407725,49.79,250.0,0.0,0.0,200.2,0,0
11:58:24.095,407825,49.79,250.0,0.0,0.0,200.2,0,0
11:58:24.118,407844,49.8,250.0,0.0,0.0,200.19,0,0
11:58:24.195,407925,49.83,250.0,0.0,0.0,200.16,0,0
11:58:24.301,408025,49.83,250.0,0.0,0.0,200.16,0,0
11:58:24.323,408044,49.86,250.0,0.0,0.0,200.13,0,0
11:58:24.394,408125,49.88,250.0,0.0,0.0,200.11,0,0
11:58:24.494,408225,49.78,250.0,0.0,0.0,200.21,0,0
11:58:24.595,408325,49.74,250.0,0.0,0.0,200.25,0,0
11:58:24.695,408425,49.74,250.0,0.0,0.0,200.25,0,0
11:58:24.794,408525,49.68,250.0,0.0,0.0,200.31,0,0
11:58:24.894,408625,49.67,250.0,0.0,0.0,200.32,0,0
11:58:24.994,408725,49.59,250.0,0.0,0.0,200.4,0,0
11:58:25.095,408825,49.59,250.0,0.0,0.0,200.4,0,0
11:58:25.117,408844,49.62,250.0,0.0,0.0,200.37,0,0
11:58:25.195,408925,49.65,250.0,0.0,0.0,200.34,0,0
11:58:25.297,409025,49.67,250.0,0.0,0.0,200.32,0,0
11:58:25.394,409125,49.62,250.0,0.0,0.0,200.37,0,0
11:58:25.498,409225,49.57,250.0,0.0,0.0,200.42,0,0
11:58:25.595,409325,49.57,250.0,0.0,0.0,200.42,0,0
11:58:25.612,409344,49.57,250.0,0.0,0.0,200.42,0,0
11:58:25.695,409425,49.6,250.0,0.0,0.0,200.39,0,0
11:58:25.793,409525,49.6,250.0,0.0,0.0,200.39,0,0
11:58:25.894,409625,49.6,250.0,0.0,0.0,200.39,0,0
11:58:25.914,409644,49.61,250.0,0.0,0.0,200.38,0,0
11:58:26.013,409725,49.61,250.0,0.0,0.0,200.38,0,0
11:58:26.015,409744,49.58,250.0,0.0,0.0,200.41,0,0
11:58:26.094,409825,49.56,250.0,0.0,0.0,200.43,0,0
11:58:26.194,409925,49.57,250.0,0.0,0.0,200.42,0,0
11:58:26.293,410025,49.58,250.0,0.0,0.0,200.41,0,0
11:58:26.394,410125,49.48,250.0,0.0,0.0,200.51,0,0
11:58:26.492,410225,49.48,250.0,0.0,0.0,200.51,0,0
11:58:26.513,410244,49.47,250.0,0.0,0.0,200.52,0,0
11:58:26.612,410325,49.46,250.0,0.0,0.0,200.53,0,0
11:58:26.694,410425,49.45,250.0,0.0,0.0,200.54,0,0
11:58:26.793,410525,49.42,250.0,0.0,0.0,200.57,0,0
11:58:26.894,410625,49.39,250.0,0.0,0.0,200.6,0,0
11:58:26.993,410725,49.39,250.0,0.0,0.0,200.6,0,0
11:58:27.013,410744,49.46,250.0,0.0,0.0,200.53,0,0
11:58:27.095,410825,49.53,250.0,0.0,0.0,200.46,0,0
11:58:27.197,410925,49.56,250.0,0.0,0.0,200.43,0,0
11:58:27.293,411025,49.56,250.0,0.0,0.0,200.43,0,0
11:58:27.314,411044,49.54,250.0,0.0,0.0,200.45,0,0
11:58:27.393,411125,49.53,250.0,0.0,0.0,200.46,0,0
11:58:27.492,411225,49.53,250.0,0.0,0.0,200.46,0,0
11:58:27.512,411244,49.64,250.0,0.0,0.0,200.35,0,0
11:58:27.594,411325,49.71,250.0,0.0,0.0,200.28,0,0
11:58:27.693,411425,49.71,250.0,0.0,0.0,200.28,0,0
11:58:27.715,411444,49.7,250.0,0.0,0.0,200.29,0,0
11:58:27.793,411525,49.69,250.0,0.0,0.0,200.3,0,0
11:58:27.893,411625,49.64,250.0,0.0,0.0,200.35,0,0
11:58:27.993,411725,49.56,250.0,0.0,0.0,200.43,0,0
11:58:28.093,411825,49.56,250.0,0.0,0.0,200.43,0,0
11:58:28.116,411844,49.54,250.0,0.0,0.0,200.45,0,0
11:58:28.193,411925,49.55,250.0,0.0,0.0,200.44,0,0
11:58:28.293,412025,49.51,250.0,0.0,0.0,200.48,0,0
11:58:28.393,412125,49.49,250.0,0.0,0.0,200.5,0,0
11:58:28.493,412225,49.46,250.0,0.0,0.0,200.53,0,0
11:58:28.596,412325,49.46,250.0,0.0,0.0,200.53,0,0
11:58:28.622,412344,49.42,250.0,0.0,0.0,200.57,0,0
11:58:28.695,412425,49.39,250.0,0.0,0.0,200.6,0,0
11:58:28.796,412525,49.26,250.0,0.0,0.0,200.73,0,0
11:58:28.902,412625,49.26,250.0,0.0,0.0,200.73,0,0
11:58:28.993,412725,49.23,250.0,0.0,0.0,200.76,0,0
11:58:29.096,412825,49.27,250.0,0.0,0.0,200.72,0,0
11:58:29.193,412925,49.27,250.0,0.0,0.0,200.72,0,0
11:58:29.216,412944,49.25,250.0,0.0,0.0,200.74,0,0
11:58:29.296,413025,49.24,250.0,0.0,0.0,200.75,0,0
11:58:29.394,413125,49.28,250.0,0.0,0.0,200.71,0,0
11:58:29.493,413225,49.28,250.0,0.0,0.0,200.71,0,0
11:58:29.514,413244,49.29,250.0,0.0,0.0,200.7,0,0
11:58:29.596,413325,49.3,250.0,0.0,0.0,200.69,0,0
11:58:29.694,413425,49.3,250.0,0.0,0.0,200.69,0,0
11:58:29.715,413444,49.4,250.0,0.0,0.0,200.59,0,0
11:58:29.792,413525,49.4,250.0,0.0,0.0,200.59,0,0
11:58:29.811,413544,49.43,250.0,0.0,0.0,200.56,0,0
11:58:29.892,413625,49.45,250.0,0.0,0.0,200.54,0,0
11:58:30.003,413725,49.41,250.0,0.0,0.0,200.58,0,0
11:58:30.092,413825,49.41,250.0,0.0,0.0,200.58,0,0
11:58:30.111,413844,49.53,250.0,0.0,0.0,200.46,0,0
11:58:30.192,413925,49.64,250.0,0.0,0.0,200.35,0,0
11:58:30.297,414025,49.64,250.0,0.0,0.0,200.35,0,0
11:58:30.313,414044,49.64,250.0,0.0,0.0,200.35,0,0
11:58:30.394,414125,49.64,250.0,0.0,0.0,200.35,0,0
11:58:30.493,414225,49.64,250.0,0.0,0.0,200.35,0,0
11:58:30.514,414243,49.64,250.0,0.0,0.0,200.35,0,0
11:58:30.594,414325,49.64,250.0,0.0,0.0,200.35,0,0
11:58:30.698,414425,49.59,250.0,0.0,0.0,200.4,0,0
11:58:30.795,414525,49.59,250.0,0.0,0.0,200.4,0,0
11:58:30.892,414625,49.59,250.0,0.0,0.0,200.4,0,0
11:58:30.910,414644,49.74,250.0,0.0,0.0,200.25,0,0
11:58:30.992,414725,49.85,250.0,0.0,0.0,200.14,0,0
11:58:31.094,414825,49.78,250.0,0.0,0.0,200.21,0,0
11:58:31.191,414925,49.78,250.0,0.0,0.0,200.21,0,0
11:58:31.214,414944,49.79,250.0,0.0,0.0,200.2,0,0
11:58:31.294,415025,49.8,250.0,0.0,0.0,200.19,0,0
11:58:31.392,415125,49.8,250.0,0.0,0.0,200.19,0,0
11:58:31.412,415144,49.83,250.0,0.0,0.0,200.16,0,0
11:58:31.494,415225,49.86,250.0,0.0,0.0,200.13,0,0
11:58:31.594,415325,49.78,250.0,0.0,0.0,200.21,0,0
11:58:31.705,415425,49.78,250.0,0.0,0.0,200.21,0,0
11:58:31.712,415444,49.79,250.0,0.0,0.0,200.2,0,0
11:58:31.799,415525,49.78,250.0,0.0,0.0,200.21,0,0
11:58:31.896,415625,49.69,250.0,0.0,0.0,200.3,0,0
11:58:31.994,415725,49.6,250.0,0.0,0.0,200.39,0,0
11:58:32.095,415825,49.6,250.0,0.0,0.0,200.39,0,0
11:58:32.111,415844,49.7,250.0,0.0,0.0,200.29,0,0
11:58:32.199,415925,49.77,250.0,0.0,0.0,200.22,0,0
11:58:32.301,416025,49.6,250.0,0.0,0.0,200.39,0,0
11:58:32.395,416125,49.53,250.0,0.0,0.0,200.46,0,0
11:58:32.492,416225,49.53,250.0,0.0,0.0,200.46,0,0
11:58:32.515,416243,49.53,250.0,0.0,0.0,200.46,0,0
11:58:32.596,416325,49.46,250.0,0.0,0.0,200.53,0,0
11:58:32.692,416425,49.51,250.0,0.0,0.0,200.48,0,0
11:58:32.792,416525,49.51,250.0,0.0,0.0,200.48,0,0
11:58:32.834,416544,49.54,250.0,0.0,0.0,200.45,0,0
11:58:32.891,416625,49.58,250.0,0.0,0.0,200.41,0,0
11:58:32.993,416725,49.53,250.0,0.0,0.0,200.46,0,0
11:58:33.094,416825,49.54,250.0,0.0,0.0,200.45,0,0
11:58:33.191,416925,49.54,250.0,0.0,0.0,200.45,0,0
11:58:33.210,416944,49.57,250.0,0.0,0.0,200.42,0,0
11:58:33.292,417025,49.58,250.0,0.0,0.0,200.41,0,0
11:58:33.401,417125,49.56,250.0,0.0,0.0,200.43,0,0
11:58:33.492,417225,49.54,250.0,0.0,0.0,200.45,0,0
11:58:33.591,417325,49.5,250.0,0.0,0.0,200.49,0,0
11:58:33.694,417425,49.49,250.0,0.0,0.0,200.5,0,0
11:58:33.791,417525,49.49,250.0,0.0,0.0,200.5,0,0
11:58:33.813,417544,49.5,250.0,0.0,0.0,200.49,0,0
11:58:33.894,417625,49.51,250.0,0.0,0.0,200.48,0,0
11:58:33.992,417725,49.51,250.0,0.0,0.0,200.48,0,0
11:58:34.020,417744,49.52,250.0,0.0,0.0,200.47,0,0
11:58:34.091,417825,49.53,250.0,0.0,0.0,200.46,0,0
11:58:34.192,417925,49.53,250.0,0.0,0.0,200.46,0,0
11:58:34.220,417943,49.53,250.0,0.0,0.0,200.46,0,0
11:58:34.290,418025,49.47,250.0,0.0,0.0,200.52,0,0
11:58:34.402,418125,49.47,250.0,0.0,0.0,200.52,0,0
11:58:34.415,418144,49.58,250.0,0.0,0.0,200.41,0,0
11:58:34.491,418225,49.68,250.0,0.0,0.0,200.31,0,0
11:58:34.603,418325,49.73,250.0,0.0,0.0,200.26,0,0
11:58:34.693,418425,49.69,250.0,0.0,0.0,200.3,0,0
11:58:34.792,418525,49.69,250.0,0.0,0.0,200.3,0,0
11:58:34.813,418544,49.74,250.0,0.0,0.0,200.25,0,0
11:58:34.891,418625,49.8,250.0,0.0,0.0,200.19,0,0
11:58:34.992,418725,49.8,250.0,0.0,0.0,200.19,0,0
11:58:35.012,418744,49.85,250.0,0.0,0.0,200.14,0,0
11:58:35.091,418825,49.91,250.0,0.0,0.0,200.08,0,0
11:58:35.193,418925,49.91,250.0,0.0,0.0,200.08,0,0
11:58:35.215,418943,49.91,250.0,0.0,0.0,200.08,0,0
11:58:35.291,419025,49.9,250.0,0.0,0.0,200.09,0,0
11:58:35.392,419125,49.87,250.0,0.0,0.0,200.12,0,0
11:58:35.491,419225,49.87,250.0,0.0,0.0,200.12,0,0
11:58:35.513,419244,49.87,250.0,0.0,0.0,200.12,0,0
11:58:35.591,419325,49.87,250.0,0.0,0.0,200.12,0,0
11:58:35.701,419425,49.77,250.0,0.0,0.0,200.22,0,0
11:58:35.796,419525,49.73,250.0,0.0,0.0,200.26,0,0
11:58:35.890,419625,49.73,250.0,0.0,0.0,200.26,0,0
11:58:35.916,419644,49.75,250.0,0.0,0.0,200.24,0,0
11:58:35.992,419725,49.74,250.0,0.0,0.0,200.25,0,0
11:58:36.091,419825,49.74,250.0,0.0,0.0,200.25,0,0
11:58:36.112,419844,49.73,250.0,0.0,0.0,200.26,0,0
11:58:36.208,419925,49.72,250.0,0.0,0.0,200.27,0,0
11:58:36.291,420025,49.72,250.0,0.0,0.0,200.27,0,0
11:58:36.312,420044,49.78,250.0,0.0,0.0,200.21,0,0
11:58:36.391,420125,49.84,250.0,0.0,0.0,200.15,0,0
11:58:36.492,420225,49.84,250.0,0.0,0.0,200.15,0,0
11:58:36.513,420244,49.77,250.0,0.0,0.0,200.22,0,0
11:58:36.591,420325,49.7,250.0,0.0,0.0,200.29,0,0
11:58:36.694,420425,49.7,250.0,0.0,0.0,200.29,0,0
11:58:36.713,420443,49.7,250.0,0.0,0.0,200.29,0,0
11:58:36.794,420525,49.74,250.0,0.0,0.0,200.25,0,0
11:58:36.899,420625,49.73,250.0,0.0,0.0,200.26,0,0
11:58:36.998,420725,49.73,250.0,0.0,0.0,200.26,0,0
11:58:37.035,420744,49.8,250.0,0.0,0.0,200.19,0,0
11:58:37.091,420825,49.85,250.0,0.0,0.0,200.14,0,0
11:58:37.191,420925,49.75,250.0,0.0,0.0,200.24,0,0
11:58:37.290,421025,49.75,250.0,0.0,0.0,200.24,0,0
11:58:37.345,421044,49.82,250.0,0.0,0.0,200.17,0,0
11:58:37.395,421125,49.87,250.0,0.0,0.0,200.12,0,0
11:58:37.490,421225,49.82,250.0,0.0,0.0,200.17,0,0
11:58:37.591,421325,49.62,250.0,0.0,0.0,200.37,0,0
11:58:37.691,421425,49.62,250.0,0.0,0.0,200.37,0,0
11:58:37.792,421525,49.62,250.0,0.0,0.0,200.37,0,0
11:58:37.814,421543,49.62,250.0,0.0,0.0,200.37,0,0
11:58:37.914,421625,49.75,250.0,0.0,0.0,200.24,0,0
11:58:37.994,421725,49.71,250.0,0.0,0.0,200.28,0,0
11:58:38.092,421825,49.71,250.0,0.0,0.0,200.28,0,0
11:58:38.112,421844,49.75,250.0,0.0,0.0,200.24,0,0
11:58:38.191,421925,49.79,250.0,0.0,0.0,200.2,0,0
11:58:38.290,422025,49.77,250.0,0.0,0.0,200.22,0,0
11:58:38.394,422125,49.68,250.0,0.0,0.0,200.31,0,0
11:58:38.491,422225,49.68,250.0,0.0,0.0,200.31,0,0
11:58:38.509,422244,49.77,250.0,0.0,0.0,200.22,0,0
11:58:38.592,422325,49.86,250.0,0.0,0.0,200.13,0,0
11:58:38.690,422425,49.73,250.0,0.0,0.0,200.26,0,0
11:58:38.790,422525,49.73,250.0,0.0,0.0,200.26,0,0
11:58:38.811,422544,49.72,250.0,0.0,0.0,200.27,0,0
11:58:38.895,422625,49.71,250.0,0.0,0.0,200.28,0,0
11:58:38.992,422725,49.71,250.0,0.0,0.0,200.28,0,0
11:58:39.038,422744,49.83,250.0,0.0,0.0,200.16,0,0
11:58:39.090,422825,49.93,250.0,0.0,0.0,200.06,0,0
11:58:39.193,422925,49.93,250.0,0.0,0.0,200.06,0,0
11:58:39.215,422944,49.85,250.0,0.0,0.0,200.14,0,0
11:58:39.291,423025,49.78,250.0,0.0,0.0,200.21,0,0
11:58:39.393,423125,49.74,250.0,0.0,0.0,200.25,0,0
11:58:39.491,423225,49.67,250.0,0.0,0.0,200.32,0,0
11:58:39.594,423325,49.67,250.0,0.0,0.0,200.32,0,0
11:58:39.612,423344,49.74,250.0,0.0,0.0,200.25,0,0
11:58:39.694,423425,49.81,250.0,0.0,0.0,200.18,0,0
11:58:39.791,423525,49.81,250.0,0.0,0.0,200.18,0,0
11:58:39.813,423544,49.86,250.0,0.0,0.0,200.13,0,0
11:58:39.900,423625,49.91,250.0,0.0,0.0,200.08,0,0
11:58:39.990,423725,49.91,250.0,0.0,0.0,200.08,0,0
11:58:40.015,423744,49.96,250.0,0.0,0.0,200.03,0,0
11:58:40.097,423825,49.97,250.0,0.0,0.0,200.02,0,0
11:58:40.191,423925,49.94,250.0,0.0,0.0,200.05,0,0
11:58:40.292,424025,49.94,250.0,0.0,0.0,200.05,0,0
11:58:40.312,424044,49.96,250.0,0.0,0.0,200.03,0,0
11:58:40.395,424125,49.97,250.0,0.0,0.0,200.02,0,0
11:58:40.491,424225,49.94,250.0,0.0,0.0,200.05,0,0
11:58:40.596,424325,49.94,250.0,0.0,0.0,200.05,0,0
11:58:40.610,424344,49.96,250.0,0.0,0.0,200.03,0,0
11:58:40.692,424425,49.97,250.0,0.0,0.0,200.02,0,0
11:58:40.796,424525,49.89,250.0,0.0,0.0,200.1,0,0
11:58:40.894,424625,49.89,250.0,0.0,0.0,200.1,0,0
11:58:41.013,424725,49.81,250.0,0.0,0.0,200.18,0,0
11:58:41.090,424825,49.69,250.0,0.0,0.0,200.3,0,0
11:58:41.191,424925,49.69,250.0,0.0,0.0,200.3,0,0
11:58:41.213,424944,49.71,250.0,0.0,0.0,200.28,0,0
11:58:41.311,425025,49.7,250.0,0.0,0.0,200.29,0,0
11:58:41.390,425125,49.7,250.0,0.0,0.0,200.29,0,0
11:58:41.410,425144,49.69,250.0,0.0,0.0,200.3,0,0
11:58:41.491,425225,49.66,250.0,0.0,0.0,200.33,0,0
11:58:41.590,425325,49.56,250.0,0.0,0.0,200.43,0,0
11:58:41.689,425425,49.56,250.0,0.0,0.0,200.43,0,0
11:58:41.715,425444,49.54,250.0,0.0,0.0,200.45,0,0
11:58:41.791,425525,49.52,250.0,0.0,0.0,200.47,0,0
11:58:41.891,425625,49.52,250.0,0.0,0.0,200.47,0,0
11:58:41.908,425644,49.58,250.0,0.0,0.0,200.41,0,0
11:58:41.998,425725,49.64,250.0,0.0,0.0,200.35,0,0
11:58:42.104,425825,49.58,250.0,0.0,0.0,200.41,0,0
11:58:42.195,425925,49.58,250.0,0.0,0.0,200.41,0,0
11:58:42.208,425944,49.64,250.0,0.0,0.0,200.35,0,0
11:58:42.290,426025,49.66,250.0,0.0,0.0,200.33,0,0
11:58:42.390,426125,49.68,250.0,0.0,0.0,200.31,0,0
11:58:42.489,426225,49.68,250.0,0.0,0.0,200.31,0,0
11:58:42.508,426243,49.68,250.0,0.0,0.0,200.31,0,0
11:58:42.591,426325,49.73,250.0,0.0,0.0,200.26,0,0
11:58:42.689,426425,49.67,250.0,0.0,0.0,200.32,0,0
11:58:42.790,426525,49.67,250.0,0.0,0.0,200.32,0,0
11:58:42.811,426544,49.69,250.0,0.0,0.0,200.3,0,0
11:58:42.891,426625,49.68,250.0,0.0,0.0,200.31,0,0
11:58:42.995,426725,49.68,250.0,0.0,0.0,200.31,0,0
11:58:43.090,426825,49.68,250.0,0.0,0.0,200.31,0,0
11:58:43.108,426844,49.7,250.0,0.0,0.0,200.29,0,0
11:58:43.192,426925,49.71,250.0,0.0,0.0,200.28,0,0
11:58:43.292,427025,49.71,250.0,0.0,0.0,200.28,0,0
11:58:43.316,427044,49.78,250.0,0.0,0.0,200.21,0,0
11:58:43.389,427125,49.81,250.0,0.0,0.0,200.18,0,0
11:58:43.489,427225,49.79,250.0,0.0,0.0,200.2,0,0
11:58:43.591,427325,49.79,250.0,0.0,0.0,200.2,0,0
11:58:43.608,427343,49.79,250.0,0.0,0.0,200.2,0,0
11:58:43.688,427425,49.73,250.0,0.0,0.0,200.26,0,0
11:58:43.788,427525,49.73,250.0,0.0,0.0,200.26,0,0
11:58:43.808,427544,49.77,250.0,0.0,0.0,200.22,0,0
11:58:43.890,427625,49.83,250.0,0.0,0.0,200.16,0,0
11:58:43.988,427725,49.86,250.0,0.0,0.0,200.13,0,0
11:58:44.120,427825,49.86,250.0,0.0,0.0,200.13,0,0
11:58:44.134,427843,49.86,250.0,0.0,0.0,200.13,0,0
11:58:44.191,427925,49.76,250.0,0.0,0.0,200.23,0,0
11:58:44.289,428025,49.76,250.0,0.0,0.0,200.23,0,0
11:58:44.312,428044,49.77,250.0,0.0,0.0,200.22,0,0
11:58:44.391,428125,49.78,250.0,0.0,0.0,200.21,0,0
11:58:44.493,428225,49.76,250.0,0.0,0.0,200.23,0,0
11:58:44.589,428325,49.77,250.0,0.0,0.0,200.22,0,0
11:58:44.694,428425,49.77,250.0,0.0,0.0,200.22,0,0
11:58:44.788,428525,49.78,250.0,0.0,0.0,200.21,0,0
11:58:44.890,428625,49.69,250.0,0.0,0.0,200.3,0,0
11:58:44.991,428725,49.69,250.0,0.0,0.0,200.3,0,0
11:58:45.013,428744,49.78,250.0,0.0,0.0,200.21,0,0
11:58:45.089,428825,49.84,250.0,0.0,0.0,200.15,0,0
11:58:45.191,428925,49.69,250.0,0.0,0.0,200.3,0,0
11:58:45.289,429025,49.69,250.0,0.0,0.0,200.3,0,0
11:58:45.307,429044,49.79,250.0,0.0,0.0,200.2,0,0
11:58:45.390,429125,49.89,250.0,0.0,0.0,200.1,0,0
11:58:45.490,429225,49.81,250.0,0.0,0.0,200.18,0,0
11:58:45.589,429325,49.82,250.0,0.0,0.0,200.17,0,0
11:58:45.691,429425,49.82,250.0,0.0,0.0,200.17,0,0
11:58:45.707,429443,49.82,250.0,0.0,0.0,200.17,0,0
11:58:45.811,429525,49.82,250.0,0.0,0.0,200.17,0,0
11:58:45.815,429544,49.83,250.0,0.0,0.0,200.16,0,0
11:58:45.888,429625,49.81,250.0,0.0,0.0,200.18,0,0
11:58:45.991,429725,49.76,250.0,0.0,0.0,200.23,0,0
11:58:46.091,429825,49.76,250.0,0.0,0.0,200.23,0,0
11:58:46.116,429844,49.7,250.0,0.0,0.0,200.29,0,0
11:58:46.192,429925,49.67,250.0,0.0,0.0,200.32,0,0
11:58:46.291,430025,49.56,250.0,0.0,0.0,200.43,0,0
11:58:46.390,430125,49.56,250.0,0.0,0.0,200.43,0,0
11:58:46.407,430144,49.52,250.0,0.0,0.0,200.47,0,0
11:58:46.491,430225,49.48,250.0,0.0,0.0,200.51,0,0
11:58:46.588,430325,49.44,250.0,0.0,0.0,200.55,0,0
11:58:46.688,430425,49.44,250.0,0.0,0.0,200.55,0,0
11:58:46.709,430443,49.44,250.0,0.0,0.0,200.55,0,0
11:58:46.789,430525,49.49,250.0,0.0,0.0,200.5,0,0
11:58:46.889,430625,49.48,250.0,0.0,0.0,200.51,0,0
11:58:46.991,430725,49.48,250.0,0.0,0.0,200.51,0,0
11:58:47.013,430744,49.54,250.0,0.0,0.0,200.45,0,0
11:58:47.088,430825,49.6,250.0,0.0,0.0,200.39,0,0
11:58:47.191,430925,49.63,250.0,0.0,0.0,200.36,0,0
11:58:47.288,431025,49.63,250.0,0.0,0.0,200.36,0,0
11:58:47.315,431043,49.63,250.0,0.0,0.0,200.36,0,0
11:58:47.388,431125,49.63,250.0,0.0,0.0,200.36,0,0
11:58:47.505,431225,49.63,250.0,0.0,0.0,200.36,0,0
11:58:47.587,431325,49.63,250.0,0.0,0.0,200.36,0,0
11:58:47.609,431344,49.72,250.0,0.0,0.0,200.27,0,0
11:58:47.688,431425,49.79,250.0,0.0,0.0,200.2,0,0
11:58:47.789,431525,49.77,250.0,0.0,0.0,200.22,0,0
11:58:47.892,431625,49.77,250.0,0.0,0.0,200.22,0,0
11:58:47.907,431644,49.83,250.0,0.0,0.0,200.16,0,0
11:58:47.990,431725,49.88,250.0,0.0,0.0,200.11,0,0
11:58:48.088,431825,49.88,250.0,0.0,0.0,200.11,0,0
11:58:48.193,431925,49.76,250.0,0.0,0.0,200.23,0,0
11:58:48.291,432025,49.69,250.0,0.0,0.0,200.3,0,0
11:58:48.388,432125,49.69,250.0,0.0,0.0,200.3,0,0
11:58:48.410,432144,49.74,250.0,0.0,0.0,200.25,0,0
11:58:48.491,432225,49.75,250.0,0.0,0.0,200.24,0,0
11:58:48.588,432325,49.76,250.0,0.0,0.0,200.23,0,0
11:58:48.695,432425,49.67,250.0,0.0,0.0,200.32,0,0
11:58:48.799,432525,49.67,250.0,0.0,0.0,200.32,0,0
11:58:48.813,432543,49.67,250.0,0.0,0.0,200.32,0,0
11:58:48.891,432625,49.67,250.0,0.0,0.0,200.32,0,0
11:58:48.914,432644,49.67,250.0,0.0,0.0,200.32,0,0
11:58:48.988,432725,49.69,250.0,0.0,0.0,200.3,0,0
11:58:49.090,432825,49.63,250.0,0.0,0.0,200.36,0,0
11:58:49.193,432925,49.58,250.0,0.0,0.0,200.41,0,0
11:58:49.316,433025,49.58,250.0,0.0,0.0,200.41,0,0
11:58:49.328,433043,49.58,250.0,0.0,0.0,200.41,0,0
11:58:49.390,433125,49.64,250.0,0.0,0.0,200.35,0,0
11:58:49.486,433225,49.64,250.0,0.0,0.0,200.35,0,0
11:58:49.507,433244,49.66,250.0,0.0,0.0,200.33,0,0
11:58:49.591,433325,49.71,250.0,0.0,0.0,200.28,0,0
11:58:49.692,433425,49.65,250.0,0.0,0.0,200.34,0,0
11:58:49.788,433525,49.65,250.0,0.0,0.0,200.34,0,0
11:58:49.807,433544,49.67,250.0,0.0,0.0,200.32,0,0
11:58:49.887,433625,49.69,250.0,0.0,0.0,200.3,0,0
11:58:49.987,433725,49.73,250.0,0.0,0.0,200.26,0,0
11:58:50.089,433825,49.73,250.0,0.0,0.0,200.26,0,0
11:58:50.109,433844,49.75,250.0,0.0,0.0,200.24,0,0
11:58:50.187,433925,49.74,250.0,0.0,0.0,200.25,0,0
11:58:50.290,434025,49.7,250.0,0.0,0.0,200.29,0,0
11:58:50.387,434125,49.7,250.0,0.0,0.0,200.29,0,0
11:58:50.407,434143,49.7,250.0,0.0,0.0,200.29,0,0
11:58:50.487,434225,49.64,250.0,0.0,0.0,200.35,0,0
11:58:50.589,434325,49.64,250.0,0.0,0.0,200.35,0,0
11:58:50.609,434344,49.66,250.0,0.0,0.0,200.33,0,0
11:58:50.687,434425,49.66,250.0,0.0,0.0,200.33,0,0
11:58:50.788,434525,49.58,250.0,0.0,0.0,200.41,0,0
11:58:50.887,434625,49.58,250.0,0.0,0.0,200.41,0,0
11:58:50.905,434644,49.61,250.0,0.0,0.0,200.38,0,0
11:58:50.987,434725,49.61,250.0,0.0,0.0,200.38,0,0
11:58:51.089,434825,49.61,250.0,0.0,0.0,200.38,0,0
11:58:51.191,434925,49.61,250.0,0.0,0.0,200.38,0,0
11:58:51.207,434944,49.64,250.0,0.0,0.0,200.35,0,0
11:58:51.290,435025,49.69,250.0,0.0,0.0,200.3,0,0
11:58:51.388,435125,49.63,250.0,0.0,0.0,200.36,0,0
11:58:51.487,435225,49.61,250.0,0.0,0.0,200.38,0,0
11:58:51.588,435325,49.61,250.0,0.0,0.0,200.38,0,0
11:58:51.609,435344,49.61,250.0,0.0,0.0,200.38,0,0
11:58:51.692,435425,49.63,250.0,0.0,0.0,200.36,0,0
11:58:51.787,435525,49.63,250.0,0.0,0.0,200.36,0,0
11:58:51.887,435625,49.63,250.0,0.0,0.0,200.36,0,0
11:58:51.912,435644,49.68,250.0,0.0,0.0,200.31,0,0
11:58:51.991,435725,49.73,250.0,0.0,0.0,200.26,0,0
11:58:52.087,435825,49.67,250.0,0.0,0.0,200.32,0,0
11:58:52.187,435925,49.67,250.0,0.0,0.0,200.32,0,0
11:58:52.206,435944,49.66,250.0,0.0,0.0,200.33,0,0
11:58:52.287,436025,49.66,250.0,0.0,0.0,200.33,0,0
11:58:52.389,436125,49.66,250.0,0.0,0.0,200.33,0,0
11:58:52.487,436225,49.66,250.0,0.0,0.0,200.33,0,0
11:58:52.508,436243,49.66,250.0,0.0,0.0,200.33,0,0
11:58:52.588,436325,49.7,250.0,0.0,0.0,200.29,0,0
11:58:52.692,436425,49.69,250.0,0.0,0.0,200.3,0,0
11:58:52.792,436525,49.74,250.0,0.0,0.0,200.25,0,0
11:58:52.887,436625,49.74,250.0,0.0,0.0,200.25,0,0
11:58:52.908,436644,49.73,250.0,0.0,0.0,200.26,0,0
11:58:52.992,436725,49.72,250.0,0.0,0.0,200.27,0,0
11:58:53.109,436825,49.72,250.0,0.0,0.0,200.27,0,0
11:58:53.192,436925,49.72,250.0,0.0,0.0,200.27,0,0
11:58:53.212,436944,49.73,250.0,0.0,0.0,200.26,0,0
11:58:53.296,437025,49.75,250.0,0.0,0.0,200.24,0,0
11:58:53.387,437125,49.63,250.0,0.0,0.0,200.36,0,0
11:58:53.491,437225,49.63,250.0,0.0,0.0,200.36,0,0
11:58:53.507,437244,49.61,250.0,0.0,0.0,200.38,0,0
11:58:53.588,437325,49.58,250.0,0.0,0.0,200.41,0,0
11:58:53.690,437425,49.61,250.0,0.0,0.0,200.38,0,0
11:58:53.790,437525,49.59,250.0,0.0,0.0,200.4,0,0
11:58:53.886,437625,49.59,250.0,0.0,0.0,200.4,0,0
11:58:53.915,437644,49.57,250.0,0.0,0.0,200.42,0,0
11:58:53.990,437725,49.55,250.0,0.0,0.0,200.44,0,0
11:58:54.089,437825,49.56,250.0,0.0,0.0,200.43,0,0
11:58:54.187,437925,49.59,250.0,0.0,0.0,200.4,0,0
11:58:54.289,438025,49.59,250.0,0.0,0.0,200.4,0,0
11:58:54.307,438044,49.64,250.0,0.0,0.0,200.35,0,0
11:58:54.386,438125,49.69,250.0,0.0,0.0,200.3,0,0
11:58:54.491,438225,49.71,250.0,0.0,0.0,200.28,0,0
11:58:54.587,438325,49.62,250.0,0.0,0.0,200.37,0,0
11:58:54.686,438425,49.62,250.0,0.0,0.0,200.37,0,0
11:58:54.704,438444,49.7,250.0,0.0,0.0,200.29,0,0
11:58:54.796,438525,49.74,250.0,0.0,0.0,200.25,0,0
11:58:54.886,438625,49.73,250.0,0.0,0.0,200.26,0,0
11:58:54.987,438725,49.73,250.0,0.0,0.0,200.26,0,0
11:58:55.013,438744,49.72,250.0,0.0,0.0,200.27,0,0
11:58:55.088,438825,49.71,250.0,0.0,0.0,200.28,0,0
11:58:55.188,438925,49.65,250.0,0.0,0.0,200.34,0,0
11:58:55.291,439025,49.57,250.0,0.0,0.0,200.42,0,0
11:58:55.386,439125,49.57,250.0,0.0,0.0,200.42,0,0
11:58:55.405,439144,49.55,250.0,0.0,0.0,200.44,0,0
11:58:55.491,439225,49.54,250.0,0.0,0.0,200.45,0,0
11:58:55.593,439325,49.47,250.0,0.0,0.0,200.52,0,0
11:58:55.688,439425,49.47,250.0,0.0,0.0,200.52,0,0
11:58:55.716,439444,49.51,250.0,0.0,0.0,200.48,0,0
11:58:55.786,439525,49.52,250.0,0.0,0.0,200.47,0,0
11:58:55.913,439625,49.53,250.0,0.0,0.0,200.46,0,0
11:58:55.987,439725,49.53,250.0,0.0,0.0,200.46,0,0
11:58:56.005,439744,49.59,250.0,0.0,0.0,200.4,0,0
11:58:56.089,439825,49.64,250.0,0.0,0.0,200.35,0,0
11:58:56.185,439925,49.64,250.0,0.0,0.0,200.35,0,0
11:58:56.208,439943,49.64,250.0,0.0,0.0,200.35,0,0
11:58:56.286,440025,49.62,250.0,0.0,0.0,200.37,0,0
11:58:56.387,440125,49.62,250.0,0.0,0.0,200.37,0,0
11:58:56.410,440144,49.59,250.0,0.0,0.0,200.4,0,0
11:58:56.492,440225,49.57,250.0,0.0,0.0,200.42,0,0
11:58:56.587,440325,49.58,250.0,0.0,0.0,200.41,0,0
11:58:56.686,440425,49.48,250.0,0.0,0.0,200.51,0,0
11:58:56.790,440525,49.44,250.0,0.0,0.0,200.55,0,0
11:58:56.886,440625,49.39,250.0,0.0,0.0,200.6,0,0
11:58:56.986,440725,49.39,250.0,0.0,0.0,200.6,0,0
11:58:57.085,440825,49.39,250.0,0.0,0.0,200.6,0,0
11:58:57.110,440844,49.36,250.0,0.0,0.0,200.63,0,0
11:58:57.188,440925,49.36,250.0,0.0,0.0,200.63,0,0
11:58:57.208,440943,49.36,250.0,0.0,0.0,200.63,0,0
11:58:57.285,441025,49.41,250.0,0.0,0.0,200.58,0,0
11:58:57.386,441125,49.41,250.0,0.0,0.0,200.58,0,0
11:58:57.485,441225,49.41,250.0,0.0,0.0,200.58,0,0
11:58:57.505,441244,49.38,250.0,0.0,0.0,200.61,0,0
11:58:57.608,441325,49.35,250.0,0.0,0.0,200.64,0,0
11:58:57.687,441425,49.33,250.0,0.0,0.0,200.66,0,0
11:58:57.785,441525,49.34,250.0,0.0,0.0,200.65,0,0
11:58:57.889,441625,49.34,250.0,0.0,0.0,200.65,0,0
11:58:57.906,441644,49.39,250.0,0.0,0.0,200.6,0,0
11:58:57.985,441725,49.46,250.0,0.0,0.0,200.53,0,0
11:58:58.085,441825,49.48,250.0,0.0,0.0,200.51,0,0
11:58:58.186,441925,49.48,250.0,0.0,0.0,200.51,0,0
11:58:58.207,441943,49.48,250.0,0.0,0.0,200.51,0,0
11:58:58.285,442025,49.48,250.0,0.0,0.0,200.51,0,0
11:58:58.311,442044,49.57,250.0,0.0,0.0,200.42,0,0
11:58:58.386,442125,49.65,250.0,0.0,0.0,200.34,0,0
11:58:58.486,442225,49.59,250.0,0.0,0.0,200.4,0,0
11:58:58.585,442325,49.55,250.0,0.0,0.0,200.44,0,0
11:58:58.685,442425,49.56,250.0,0.0,0.0,200.43,0,0
11:58:58.785,442525,49.56,250.0,0.0,0.0,200.43,0,0
11:58:58.807,442543,49.56,250.0,0.0,0.0,200.43,0,0
11:58:58.885,442625,49.51,250.0,0.0,0.0,200.48,0,0
11:58:58.989,442725,49.45,250.0,0.0,0.0,200.54,0,0
11:58:59.085,442825,49.45,250.0,0.0,0.0,200.54,0,0
11:58:59.103,442844,49.47,250.0,0.0,0.0,200.52,0,0
11:58:59.187,442925,49.51,250.0,0.0,0.0,200.48,0,0
11:58:59.302,443025,49.47,250.0,0.0,0.0,200.52,0,0
11:58:59.385,443125,49.47,250.0,0.0,0.0,200.52,0,0
11:58:59.415,443144,49.43,250.0,0.0,0.0,200.56,0,0
11:58:59.491,443225,49.4,250.0,0.0,0.0,200.59,0,0
11:58:59.585,443325,49.43,250.0,0.0,0.0,200.56,0,0
11:58:59.685,443425,49.43,250.0,0.0,0.0,200.56,0,0
11:58:59.706,443444,49.45,250.0,0.0,0.0,200.54,0,0
11:58:59.789,443525,49.46,250.0,0.0,0.0,200.53,0,0
11:58:59.885,443625,49.46,250.0,0.0,0.0,200.53,0,0
11:58:59.986,443725,49.45,250.0,0.0,0.0,200.54,0,0
11:59:00.090,443825,49.45,250.0,0.0,0.0,200.54,0,0
11:59:00.105,443844,49.44,250.0,0.0,0.0,200.55,0,0
11:59:00.185,443925,49.43,250.0,0.0,0.0,200.56,0,0
11:59:00.288,444025,49.43,250.0,0.0,0.0,200.56,0,0
11:59:00.304,444044,49.45,250.0,0.0,0.0,200.54,0,0
11:59:00.390,444125,49.47,250.0,0.0,0.0,200.52,0,0
11:59:00.485,444225,49.49,250.0,0.0,0.0,200.5,0,0
11:59:00.589,444325,49.49,250.0,0.0,0.0,200.5,0,0
11:59:00.604,444344,49.6,250.0,0.0,0.0,200.39,0,0
11:59:00.684,444425,49.7,250.0,0.0,0.0,200.29,0,0
11:59:00.790,444525,49.69,250.0,0.0,0.0,200.3,0,0
11:59:00.886,444625,49.69,250.0,0.0,0.0,200.3,0,0
11:59:00.904,444644,49.76,250.0,0.0,0.0,200.23,0,0
11:59:00.986,444725,49.82,250.0,0.0,0.0,200.17,0,0
11:59:01.087,444825,49.82,250.0,0.0,0.0,200.17,0,0
11:59:01.104,444844,49.8,250.0,0.0,0.0,200.19,0,0
11:59:01.185,444925,49.76,250.0,0.0,0.0,200.23,0,0
11:59:01.288,445025,49.69,250.0,0.0,0.0,200.3,0,0
11:59:01.384,445125,49.74,250.0,0.0,0.0,200.25,0,0
11:59:01.485,445225,49.74,250.0,0.0,0.0,200.25,0,0
11:59:01.505,445244,49.75,250.0,0.0,0.0,200.24,0,0
11:59:01.587,445325,49.76,250.0,0.0,0.0,200.23,0,0
11:59:01.684,445425,49.76,250.0,0.0,0.0,200.23,0,0
11:59:01.703,445444,49.72,250.0,0.0,0.0,200.27,0,0
11:59:01.785,445525,49.69,250.0,0.0,0.0,200.3,0,0
11:59:01.884,445625,49.68,250.0,0.0,0.0,200.31,0,0
11:59:01.983,445725,49.68,250.0,0.0,0.0,200.31,0,0
11:59:02.115,445825,49.68,250.0,0.0,0.0,200.31,0,0
11:59:02.119,445844,49.68,250.0,0.0,0.0,200.31,0,0
11:59:02.192,445925,49.7,250.0,0.0,0.0,200.29,0,0
11:59:02.284,446025,49.7,250.0,0.0,0.0,200.29,0,0
11:59:02.304,446044,49.64,250.0,0.0,0.0,200.35,0,0
11:59:02.387,446125,49.59,250.0,0.0,0.0,200.4,0,0
11:59:02.484,446225,49.49,250.0,0.0,0.0,200.5,0,0
11:59:02.584,446325,49.45,250.0,0.0,0.0,200.54,0,0
11:59:02.693,446425,49.42,250.0,0.0,0.0,200.57,0,0
11:59:02.788,446525,49.42,250.0,0.0,0.0,200.57,0,0
11:59:02.805,446544,49.42,250.0,0.0,0.0,200.57,0,0
11:59:02.887,446625,49.41,250.0,0.0,0.0,200.58,0,0
11:59:02.985,446725,49.51,250.0,0.0,0.0,200.48,0,0
11:59:03.084,446825,49.51,250.0,0.0,0.0,200.48,0,0
11:59:03.103,446844,49.52,250.0,0.0,0.0,200.47,0,0
11:59:03.184,446925,49.51,250.0,0.0,0.0,200.48,0,0
11:59:03.284,447025,49.52,250.0,0.0,0.0,200.47,0,0
11:59:03.385,447125,49.52,250.0,0.0,0.0,200.47,0,0
11:59:03.402,447144,49.6,250.0,0.0,0.0,200.39,0,0
11:59:03.484,447225,49.68,250.0,0.0,0.0,200.31,0,0
11:59:03.584,447325,49.68,250.0,0.0,0.0,200.31,0,0
11:59:03.684,447425,49.68,250.0,0.0,0.0,200.31,0,0
11:59:03.703,447444,49.75,250.0,0.0,0.0,200.24,0,0
11:59:03.799,447525,49.81,250.0,0.0,0.0,200.18,0,0
11:59:03.886,447625,49.79,250.0,0.0,0.0,200.2,0,0
11:59:03.987,447725,49.79,250.0,0.0,0.0,200.2,0,0
11:59:04.006,447743,49.79,250.0,0.0,0.0,200.2,0,0
11:59:04.088,447825,49.77,250.0,0.0,0.0,200.22,0,0
11:59:04.185,447925,49.78,250.0,0.0,0.0,200.21,0,0
11:59:04.284,448025,49.78,250.0,0.0,0.0,200.21,0,0
11:59:04.303,448044,49.74,250.0,0.0,0.0,200.25,0,0
11:59:04.385,448125,49.71,250.0,0.0,0.0,200.28,0,0
11:59:04.486,448225,49.71,250.0,0.0,0.0,200.28,0,0
11:59:04.507,448244,49.82,250.0,0.0,0.0,200.17,0,0
11:59:04.590,448325,49.82,250.0,0.0,0.0,200.17,0,0
11:59:04.603,448344,49.78,250.0,0.0,0.0,200.21,0,0
11:59:04.684,448425,49.74,250.0,0.0,0.0,200.25,0,0
11:59:04.792,448525,49.57,250.0,0.0,0.0,200.42,0,0
11:59:04.886,448625,49.57,250.0,0.0,0.0,200.42,0,0
11:59:04.943,448644,49.55,250.0,0.0,0.0,200.44,0,0
11:59:04.983,448725,49.56,250.0,0.0,0.0,200.43,0,0
11:59:05.084,448825,49.49,250.0,0.0,0.0,200.5,0,0
11:59:05.187,448925,49.49,250.0,0.0,0.0,200.5,0,0
11:59:05.216,448944,49.58,250.0,0.0,0.0,200.41,0,0
11:59:05.284,449025,49.66,250.0,0.0,0.0,200.33,0,0
11:59:05.387,449125,49.65,250.0,0.0,0.0,200.34,0,0
11:59:05.523,449225,49.58,250.0,0.0,0.0,200.41,0,0
11:59:05.587,449325,49.58,250.0,0.0,0.0,200.41,0,0
11:59:05.602,449343,49.58,250.0,0.0,0.0,200.41,0,0
11:59:05.688,449425,49.61,250.0,0.0,0.0,200.38,0,0
11:59:05.784,449525,49.53,250.0,0.0,0.0,200.46,0,0
11:59:05.883,449625,49.53,250.0,0.0,0.0,200.46,0,0
11:59:05.903,449644,49.52,250.0,0.0,0.0,200.47,0,0
11:59:05.984,449725,49.5,250.0,0.0,0.0,200.49,0,0
11:59:06.132,449825,49.54,250.0,0.0,0.0,200.45,0,0
11:59:06.184,449925,49.54,250.0,0.0,0.0,200.45,0,0
11:59:06.202,449943,49.54,250.0,0.0,0.0,200.45,0,0
11:59:06.283,450025,49.55,250.0,0.0,0.0,200.44,0,0
11:59:06.386,450125,49.56,250.0,0.0,0.0,200.43,0,0
11:59:06.483,450225,49.56,250.0,0.0,0.0,200.43,0,0
11:59:06.505,450244,49.61,250.0,0.0,0.0,200.38,0,0
11:59:06.584,450325,49.66,250.0,0.0,0.0,200.33,0,0
11:59:06.714,450425,49.61,250.0,0.0,0.0,200.38,0,0
11:59:06.785,450525,49.59,250.0,0.0,0.0,200.4,0,0
11:59:06.883,450625,49.59,250.0,0.0,0.0,200.4,0,0
11:59:06.983,450725,49.62,250.0,0.0,0.0,200.37,0,0
11:59:07.083,450825,49.54,250.0,0.0,0.0,200.45,0,0
11:59:07.185,450925,49.54,250.0,0.0,0.0,200.45,0,0
11:59:07.207,450943,49.54,250.0,0.0,0.0,200.45,0,0
11:59:07.302,451025,49.67,250.0,0.0,0.0,200.32,0,0
11:59:07.384,451125,49.64,250.0,0.0,0.0,200.35,0,0
11:59:07.485,451225,49.57,250.0,0.0,0.0,200.42,0,0
11:59:07.583,451325,49.57,250.0,0.0,0.0,200.42,0,0
11:59:07.608,451343,49.57,250.0,0.0,0.0,200.42,0,0
11:59:07.686,451425,49.57,250.0,0.0,0.0,200.42,0,0
11:59:07.703,451443,49.57,250.0,0.0,0.0,200.42,0,0
11:59:07.791,451525,49.57,250.0,0.0,0.0,200.42,0,0
11:59:07.810,451544,49.62,250.0,0.0,0.0,200.37,0,0
11:59:07.902,451625,49.67,250.0,0.0,0.0,200.32,0,0
11:59:07.997,451725,49.67,250.0,0.0,0.0,200.32,0,0
11:59:08.089,451825,49.67,250.0,0.0,0.0,200.32,0,0
11:59:08.102,451844,49.66,250.0,0.0,0.0,200.33,0,0
11:59:08.186,451925,49.66,250.0,0.0,0.0,200.33,0,0
11:59:08.283,452025,49.61,250.0,0.0,0.0,200.38,0,0
11:59:08.383,452125,49.61,250.0,0.0,0.0,200.38,0,0
11:59:08.402,452144,49.63,250.0,0.0,0.0,200.36,0,0
11:59:08.483,452225,49.66,250.0,0.0,0.0,200.33,0,0
11:59:08.584,452325,49.65,250.0,0.0,0.0,200.34,0,0
11:59:08.685,452425,49.63,250.0,0.0,0.0,200.36,0,0
11:59:08.783,452525,49.63,250.0,0.0,0.0,200.36,0,0
11:59:08.804,452543,49.63,250.0,0.0,0.0,200.36,0,0
11:59:08.887,452625,49.6,250.0,0.0,0.0,200.39,0,0
11:59:08.982,452725,49.6,250.0,0.0,0.0,200.39,0,0
11:59:09.040,452744,49.65,250.0,0.0,0.0,200.34,0,0
11:59:09.083,452825,49.7,250.0,0.0,0.0,200.29,0,0
11:59:09.184,452925,49.7,250.0,0.0,0.0,200.29,0,0
11:59:09.202,452944,49.74,250.0,0.0,0.0,200.25,0,0
11:59:09.283,453025,49.75,250.0,0.0,0.0,200.24,0,0
11:59:09.382,453125,49.74,250.0,0.0,0.0,200.25,0,0
11:59:09.483,453225,49.74,250.0,0.0,0.0,200.25,0,0
11:59:09.500,453244,49.83,250.0,0.0,0.0,200.16,0,0
11:59:09.617,453325,49.93,250.0,0.0,0.0,200.06,0,0
11:59:09.684,453425,49.9,250.0,0.0,0.0,200.09,0,0
11:59:09.783,453525,49.9,250.0,0.0,0.0,200.09,0,0
11:59:09.805,453543,49.9,250.0,0.0,0.0,200.09,0,0
11:59:09.883,453625,49.87,250.0,0.0,0.0,200.12,0,0
11:59:09.983,453725,49.8,250.0,0.0,0.0,200.19,0,0
11:59:10.082,453825,49.73,250.0,0.0,0.0,200.26,0,0
11:59:10.185,453925,49.73,250.0,0.0,0.0,200.26,0,0
11:59:10.202,453944,49.74,250.0,0.0,0.0,200.25,0,0
11:59:10.281,454025,49.76,250.0,0.0,0.0,200.23,0,0
11:59:10.382,454125,49.64,250.0,0.0,0.0,200.35,0,0
11:59:10.482,454225,49.64,250.0,0.0,0.0,200.35,0,0
11:59:10.500,454244,49.76,250.0,0.0,0.0,200.23,0,0
11:59:10.582,454325,49.9,250.0,0.0,0.0,200.09,0,0
11:59:10.684,454425,49.82,250.0,0.0,0.0,200.17,0,0
11:59:10.781,454525,49.82,250.0,0.0,0.0,200.17,0,0
11:59:10.803,454544,49.8,250.0,0.0,0.0,200.19,0,0
11:59:10.882,454625,49.76,250.0,0.0,0.0,200.23,0,0
11:59:10.984,454725,49.69,250.0,0.0,0.0,200.3,0,0
11:59:11.083,454825,49.66,250.0,0.0,0.0,200.33,0,0
11:59:11.184,454925,49.58,250.0,0.0,0.0,200.41,0,0
11:59:11.305,455025,49.51,250.0,0.0,0.0,200.48,0,0
11:59:11.382,455125,49.52,250.0,0.0,0.0,200.47,0,0
11:59:11.483,455225,49.52,250.0,0.0,0.0,200.47,0,0
11:59:11.504,455244,49.61,250.0,0.0,0.0,200.38,0,0
11:59:11.583,455325,49.66,250.0,0.0,0.0,200.33,0,0
11:59:11.685,455425,49.66,250.0,0.0,0.0,200.33,0,0
11:59:11.782,455525,49.66,250.0,0.0,0.0,200.33,0,0
11:59:11.803,455544,49.65,250.0,0.0,0.0,200.34,0,0
11:59:11.886,455625,49.65,250.0,0.0,0.0,200.34,0,0
11:59:11.983,455725,49.7,250.0,0.0,0.0,200.29,0,0
11:59:12.082,455825,49.7,250.0,0.0,0.0,200.29,0,0
11:59:12.102,455844,49.71,250.0,0.0,0.0,200.28,0,0
11:59:12.185,455925,49.73,250.0,0.0,0.0,200.26,0,0
11:59:12.282,456025,49.73,250.0,0.0,0.0,200.26,0,0
11:59:12.303,456044,49.72,250.0,0.0,0.0,200.27,0,0
11:59:12.383,456125,49.71,250.0,0.0,0.0,200.28,0,0
11:59:12.490,456225,49.71,250.0,0.0,0.0,200.28,0,0
11:59:12.512,456243,49.71,250.0,0.0,0.0,200.28,0,0
11:59:12.582,456325,49.8,250.0,0.0,0.0,200.19,0,0
11:59:12.685,456425,49.83,250.0,0.0,0.0,200.16,0,0
11:59:12.782,456525,49.81,250.0,0.0,0.0,200.18,0,0
11:59:12.882,456625,49.81,250.0,0.0,0.0,200.18,0,0
11:59:12.903,456644,49.87,250.0,0.0,0.0,200.12,0,0
11:59:13.010,456725,49.92,250.0,0.0,0.0,200.07,0,0
11:59:13.081,456825,49.92,250.0,0.0,0.0,200.07,0,0
11:59:13.108,456844,49.99,250.0,0.0,0.0,200.0,0,0
11:59:13.184,456925,50.05,250.0,0.0,0.0,199.94,0,0
11:59:13.282,457025,50.05,250.0,0.0,0.0,199.94,0,0
11:59:13.305,457044,50.05,250.0,0.0,0.0,199.94,0,0
11:59:13.382,457125,50.06,250.0,0.0,0.0,199.93,0,0
11:59:13.482,457225,49.97,250.0,0.0,0.0,200.02,0,0
11:59:13.582,457325,49.91,250.0,0.0,0.0,200.08,0,0
11:59:13.681,457425,49.91,250.0,0.0,0.0,200.08,0,0
11:59:13.701,457444,49.88,250.0,0.0,0.0,200.11,0,0
11:59:13.783,457525,49.83,250.0,0.0,0.0,200.16,0,0
11:59:13.886,457625,49.78,250.0,0.0,0.0,200.21,0,0
11:59:13.984,457725,49.78,250.0,0.0,0.0,200.21,0,0
11:59:14.001,457744,49.79,250.0,0.0,0.0,200.2,0,0
11:59:14.081,457825,49.83,250.0,0.0,0.0,200.16,0,0
11:59:14.194,457925,49.83,250.0,0.0,0.0,200.16,0,0
11:59:14.206,457944,49.83,250.0,0.0,0.0,200.16,0,0
11:59:14.281,458025,49.86,250.0,0.0,0.0,200.13,0,0
11:59:14.385,458125,49.81,250.0,0.0,0.0,200.18,0,0
11:59:14.482,458225,49.69,250.0,0.0,0.0,200.3,0,0
11:59:14.584,458325,49.66,250.0,0.0,0.0,200.33,0,0
11:59:14.704,458425,49.66,250.0,0.0,0.0,200.33,0,0
11:59:14.708,458444,49.66,250.0,0.0,0.0,200.33,0,0
11:59:14.780,458525,49.65,250.0,0.0,0.0,200.34,0,0
11:59:14.881,458625,49.65,250.0,0.0,0.0,200.34,0,0
11:59:14.982,458725,49.65,250.0,0.0,0.0,200.34,0,0
11:59:15.003,458744,49.65,250.0,0.0,0.0,200.34,0,0
11:59:15.083,458825,49.65,250.0,0.0,0.0,200.34,0,0
11:59:15.184,458925,49.64,250.0,0.0,0.0,200.35,0,0
11:59:15.285,459025,49.64,250.0,0.0,0.0,200.35,0,0
11:59:15.302,459044,49.64,250.0,0.0,0.0,200.35,0,0
11:59:15.382,459125,49.64,250.0,0.0,0.0,200.35,0,0
11:59:15.485,459225,49.64,250.0,0.0,0.0,200.35,0,0
11:59:15.501,459244,49.69,250.0,0.0,0.0,200.3,0,0
11:59:15.588,459325,49.76,250.0,0.0,0.0,200.23,0,0
11:59:15.681,459425,49.72,250.0,0.0,0.0,200.27,0,0
11:59:15.783,459525,49.61,250.0,0.0,0.0,200.38,0,0
11:59:15.882,459625,49.61,250.0,0.0,0.0,200.38,0,0
11:59:15.904,459644,49.68,250.0,0.0,0.0,200.31,0,0
11:59:15.982,459725,49.75,250.0,0.0,0.0,200.24,0,0
11:59:16.081,459825,49.64,250.0,0.0,0.0,200.35,0,0
11:59:16.181,459925,49.61,250.0,0.0,0.0,200.38,0,0
11:59:16.283,460025,49.61,250.0,0.0,0.0,200.38,0,0
11:59:16.302,460044,49.69,250.0,0.0,0.0,200.3,0,0
11:59:16.393,460125,49.75,250.0,0.0,0.0,200.24,0,0
11:59:16.484,460225,49.64,250.0,0.0,0.0,200.35,0,0
11:59:16.581,460325,49.66,250.0,0.0,0.0,200.33,0,0
11:59:16.681,460425,49.66,250.0,0.0,0.0,200.33,0,0
11:59:16.699,460443,49.66,250.0,0.0,0.0,200.33,0,0
11:59:16.782,460525,49.64,250.0,0.0,0.0,200.35,0,0
11:59:16.881,460625,49.64,250.0,0.0,0.0,200.35,0,0
11:59:16.911,460644,49.61,250.0,0.0,0.0,200.38,0,0
11:59:16.980,460725,49.59,250.0,0.0,0.0,200.4,0,0
11:59:17.081,460825,49.41,250.0,0.0,0.0,200.58,0,0
11:59:17.186,460925,49.46,250.0,0.0,0.0,200.53,0,0
11:59:17.281,461025,49.46,250.0,0.0,0.0,200.53,0,0
11:59:17.303,461044,49.52,250.0,0.0,0.0,200.47,0,0
11:59:17.382,461125,49.58,250.0,0.0,0.0,200.41,0,0
11:59:17.481,461225,49.61,250.0,0.0,0.0,200.38,0,0
11:59:17.582,461325,49.61,250.0,0.0,0.0,200.38,0,0
11:59:17.601,461344,49.59,250.0,0.0,0.0,200.4,0,0
11:59:17.685,461425,49.57,250.0,0.0,0.0,200.42,0,0
11:59:17.782,461525,49.52,250.0,0.0,0.0,200.47,0,0
11:59:17.887,461625,49.43,250.0,0.0,0.0,200.56,0,0
11:59:17.980,461725,49.43,250.0,0.0,0.0,200.56,0,0
11:59:17.999,461744,49.5,250.0,0.0,0.0,200.49,0,0
11:59:18.087,461825,49.56,250.0,0.0,0.0,200.43,0,0
11:59:18.185,461925,49.54,250.0,0.0,0.0,200.45,0,0
11:59:18.284,462025,49.5,250.0,0.0,0.0,200.49,0,0
11:59:18.386,462125,49.5,250.0,0.0,0.0,200.49,0,0
11:59:18.401,462144,49.59,250.0,0.0,0.0,200.4,0,0
11:59:18.483,462225,49.67,250.0,0.0,0.0,200.32,0,0
11:59:18.581,462325,49.64,250.0,0.0,0.0,200.35,0,0
11:59:18.681,462425,49.64,250.0,0.0,0.0,200.35,0,0
11:59:18.781,462525,49.64,250.0,0.0,0.0,200.35,0,0
11:59:18.879,462625,49.64,250.0,0.0,0.0,200.35,0,0
11:59:18.903,462644,49.68,250.0,0.0,0.0,200.31,0,0
11:59:18.983,462725,49.7,250.0,0.0,0.0,200.29,0,0
11:59:19.080,462825,49.7,250.0,0.0,0.0,200.29,0,0
11:59:19.180,462925,49.7,250.0,0.0,0.0,200.29,0,0
11:59:19.215,462944,49.69,250.0,0.0,0.0,200.3,0,0
11:59:19.290,463025,49.68,250.0,0.0,0.0,200.31,0,0
11:59:19.386,463125,49.65,250.0,0.0,0.0,200.34,0,0
11:59:19.480,463225,49.55,250.0,0.0,0.0,200.44,0,0
11:59:19.583,463325,49.55,250.0,0.0,0.0,200.44,0,0
11:59:19.604,463344,49.48,250.0,0.0,0.0,200.51,0,0
11:59:19.683,463425,49.42,250.0,0.0,0.0,200.57,0,0
11:59:19.780,463525,49.49,250.0,0.0,0.0,200.5,0,0
11:59:19.881,463625,49.43,250.0,0.0,0.0,200.56,0,0
11:59:19.983,463725,49.43,250.0,0.0,0.0,200.56,0,0
11:59:20.004,463744,49.52,250.0,0.0,0.0,200.47,0,0
11:59:20.087,463825,49.61,250.0,0.0,0.0,200.38,0,0
11:59:20.181,463925,49.58,250.0,0.0,0.0,200.41,0,0
11:59:20.282,464025,49.51,250.0,0.0,0.0,200.48,0,0
11:59:20.379,464125,49.51,250.0,0.0,0.0,200.48,0,0
11:59:20.483,464225,49.51,250.0,0.0,0.0,200.48,0,0
11:59:20.501,464244,49.55,250.0,0.0,0.0,200.44,0,0
11:59:20.580,464325,49.6,250.0,0.0,0.0,200.39,0,0
11:59:20.692,464425,49.6,250.0,0.0,0.0,200.39,0,0
11:59:20.700,464444,49.53,250.0,0.0,0.0,200.46,0,0
11:59:20.788,464525,49.47,250.0,0.0,0.0,200.52,0,0
11:59:20.914,464625,49.46,250.0,0.0,0.0,200.53,0,0
11:59:20.979,464725,49.47,250.0,0.0,0.0,200.52,0,0
11:59:21.080,464825,49.41,250.0,0.0,0.0,200.58,0,0
11:59:21.181,464925,49.41,250.0,0.0,0.0,200.58,0,0
11:59:21.284,465025,49.41,250.0,0.0,0.0,200.58,0,0
11:59:21.304,465044,49.53,250.0,0.0,0.0,200.46,0,0
11:59:21.383,465125,49.53,250.0,0.0,0.0,200.46,0,0
11:59:21.410,465143,49.53,250.0,0.0,0.0,200.46,0,0
11:59:21.482,465225,49.53,250.0,0.0,0.0,200.46,0,0
11:59:21.504,465244,49.61,250.0,0.0,0.0,200.38,0,0
11:59:21.581,465325,49.69,250.0,0.0,0.0,200.3,0,0
11:59:21.680,465425,49.63,250.0,0.0,0.0,200.36,0,0
11:59:21.781,465525,49.63,250.0,0.0,0.0,200.36,0,0
11:59:21.882,465625,49.63,250.0,0.0,0.0,200.36,0,0
11:59:21.903,465643,49.63,250.0,0.0,0.0,200.36,0,0
11:59:21.979,465725,49.63,250.0,0.0,0.0,200.36,0,0
11:59:22.080,465825,49.65,250.0,0.0,0.0,200.34,0,0
11:59:22.181,465925,49.65,250.0,0.0,0.0,200.34,0,0
11:59:22.200,465944,49.68,250.0,0.0,0.0,200.31,0,0
11:59:22.281,466025,49.68,250.0,0.0,0.0,200.31,0,0
11:59:22.298,466044,49.77,250.0,0.0,0.0,200.22,0,0
11:59:22.379,466125,49.83,250.0,0.0,0.0,200.16,0,0
11:59:22.492,466225,49.83,250.0,0.0,0.0,200.16,0,0
11:59:22.520,466244,49.76,250.0,0.0,0.0,200.23,0,0
11:59:22.616,466325,49.72,250.0,0.0,0.0,200.27,0,0
11:59:22.686,466425,49.72,250.0,0.0,0.0,200.27,0,0
11:59:22.705,466444,49.71,250.0,0.0,0.0,200.28,0,0
11:59:22.791,466525,49.7,250.0,0.0,0.0,200.29,0,0
11:59:22.880,466625,49.77,250.0,0.0,0.0,200.22,0,0
11:59:22.980,466725,49.8,250.0,0.0,0.0,200.19,0,0
11:59:23.080,466825,49.8,250.0,0.0,0.0,200.19,0,0
11:59:23.104,466844,49.84,250.0,0.0,0.0,200.15,0,0
11:59:23.201,466925,49.86,250.0,0.0,0.0,200.13,0,0
11:59:23.282,467025,49.84,250.0,0.0,0.0,200.15,0,0
11:59:23.378,467125,49.84,250.0,0.0,0.0,200.15,0,0
11:59:23.403,467144,49.82,250.0,0.0,0.0,200.17,0,0
11:59:23.479,467225,49.8,250.0,0.0,0.0,200.19,0,0
11:59:23.581,467325,49.78,250.0,0.0,0.0,200.21,0,0
11:59:23.688,467425,49.78,250.0,0.0,0.0,200.21,0,0
11:59:23.698,467444,49.77,250.0,0.0,0.0,200.22,0,0
11:59:23.783,467525,49.75,250.0,0.0,0.0,200.24,0,0
11:59:23.880,467625,49.69,250.0,0.0,0.0,200.3,0,0
11:59:23.979,467725,49.69,250.0,0.0,0.0,200.3,0,0
11:59:23.999,467743,49.69,250.0,0.0,0.0,200.3,0,0
11:59:24.082,467825,49.73,250.0,0.0,0.0,200.26,0,0
11:59:24.188,467925,49.73,250.0,0.0,0.0,200.26,0,0
11:59:24.198,467944,49.77,250.0,0.0,0.0,200.22,0,0
11:59:24.279,468025,49.81,250.0,0.0,0.0,200.18,0,0
11:59:24.386,468125,49.79,250.0,0.0,0.0,200.2,0,0
11:59:24.480,468225,49.79,250.0,0.0,0.0,200.2,0,0
11:59:24.504,468243,49.79,250.0,0.0,0.0,200.2,0,0
11:59:24.580,468325,49.67,250.0,0.0,0.0,200.32,0,0
11:59:24.680,468425,49.62,250.0,0.0,0.0,200.37,0,0
11:59:24.778,468525,49.62,250.0,0.0,0.0,200.37,0,0
11:59:24.799,468544,49.72,250.0,0.0,0.0,200.27,0,0
11:59:24.895,468625,49.83,250.0,0.0,0.0,200.16,0,0
11:59:24.979,468725,49.83,250.0,0.0,0.0,200.16,0,0
11:59:25.082,468825,49.79,250.0,0.0,0.0,200.2,0,0
11:59:25.179,468925,49.79,250.0,0.0,0.0,200.2,0,0
11:59:25.202,468944,49.92,250.0,0.0,0.0,200.07,0,0
11:59:25.279,469025,50.03,250.0,0.0,0.0,199.96,0,0
11:59:25.379,469125,50.03,250.0,0.0,0.0,199.96,0,0
11:59:25.402,469144,50.04,250.0,0.0,0.0,199.95,0,0
11:59:25.478,469225,50.05,250.0,0.0,0.0,199.94,0,0
11:59:25.583,469325,50.01,250.0,0.0,0.0,199.98,0,0
11:59:25.680,469425,50.01,250.0,0.0,0.0,199.98,0,0
11:59:25.700,469444,49.97,250.0,0.0,0.0,200.02,0,0
11:59:25.782,469525,49.94,250.0,0.0,0.0,200.05,0,0
11:59:25.880,469625,49.94,250.0,0.0,0.0,200.05,0,0
11:59:25.907,469644,49.88,250.0,0.0,0.0,200.11,0,0
11:59:25.982,469725,49.83,250.0,0.0,0.0,200.16,0,0
11:59:26.080,469825,49.78,250.0,0.0,0.0,200.21,0,0
11:59:26.184,469925,49.78,250.0,0.0,0.0,200.21,0,0
11:59:26.199,469944,49.74,250.0,0.0,0.0,200.25,0,0
11:59:26.278,470025,49.71,250.0,0.0,0.0,200.28,0,0
11:59:26.378,470125,49.7,250.0,0.0,0.0,200.29,0,0
11:59:26.482,470225,49.7,250.0,0.0,0.0,200.29,0,0
11:59:26.500,470244,49.69,250.0,0.0,0.0,200.3,0,0
11:59:26.588,470325,49.68,250.0,0.0,0.0,200.31,0,0
11:59:26.683,470425,49.68,250.0,0.0,0.0,200.31,0,0
11:59:26.781,470525,49.62,250.0,0.0,0.0,200.37,0,0
11:59:26.879,470625,49.57,250.0,0.0,0.0,200.42,0,0
11:59:26.985,470725,49.57,250.0,0.0,0.0,200.42,0,0
11:59:26.997,470744,49.63,250.0,0.0,0.0,200.36,0,0
11:59:27.083,470825,49.68,250.0,0.0,0.0,200.31,0,0
11:59:27.178,470925,49.65,250.0,0.0,0.0,200.34,0,0
11:59:27.282,471025,49.69,250.0,0.0,0.0,200.3,0,0
11:59:27.378,471125,49.69,250.0,0.0,0.0,200.3,0,0
11:59:27.403,471144,49.71,250.0,0.0,0.0,200.28,0,0
11:59:27.484,471225,49.73,250.0,0.0,0.0,200.26,0,0
11:59:27.583,471325,49.73,250.0,0.0,0.0,200.26,0,0
11:59:27.601,471344,49.69,250.0,0.0,0.0,200.3,0,0
11:59:27.678,471425,49.66,250.0,0.0,0.0,200.33,0,0
11:59:27.781,471525,49.56,250.0,0.0,0.0,200.43,0,0
11:59:27.878,471625,49.49,250.0,0.0,0.0,200.5,0,0
11:59:27.980,471725,49.49,250.0,0.0,0.0,200.5,0,0
11:59:28.000,471744,49.48,250.0,0.0,0.0,200.51,0,0
11:59:28.086,471825,49.47,250.0,0.0,0.0,200.52,0,0
11:59:28.178,471925,49.56,250.0,0.0,0.0,200.43,0,0
11:59:28.281,472025,49.59,250.0,0.0,0.0,200.4,0,0
11:59:28.378,472125,49.49,250.0,0.0,0.0,200.5,0,0
11:59:28.478,472225,49.49,250.0,0.0,0.0,200.5,0,0
11:59:28.501,472244,49.5,250.0,0.0,0.0,200.49,0,0
11:59:28.577,472325,49.52,250.0,0.0,0.0,200.47,0,0
11:59:28.679,472425,49.52,250.0,0.0,0.0,200.47,0,0
11:59:28.701,472444,49.6,250.0,0.0,0.0,200.39,0,0
11:59:28.782,472525,49.65,250.0,0.0,0.0,200.34,0,0
11:59:28.880,472625,49.55,250.0,0.0,0.0,200.44,0,0
11:59:28.979,472725,49.56,250.0,0.0,0.0,200.43,0,0
11:59:29.077,472825,49.56,250.0,0.0,0.0,200.43,0,0
11:59:29.097,472844,49.59,250.0,0.0,0.0,200.4,0,0
11:59:29.185,472925,49.64,250.0,0.0,0.0,200.35,0,0
11:59:29.281,473025,49.59,250.0,0.0,0.0,200.4,0,0
11:59:29.400,473125,49.59,250.0,0.0,0.0,200.4,0,0
11:59:29.407,473144,49.64,250.0,0.0,0.0,200.35,0,0
11:59:29.479,473225,49.69,250.0,0.0,0.0,200.3,0,0
11:59:29.588,473325,49.66,250.0,0.0,0.0,200.33,0,0
11:59:29.677,473425,49.66,250.0,0.0,0.0,200.33,0,0
11:59:29.783,473525,49.66,250.0,0.0,0.0,200.33,0,0
11:59:29.798,473544,49.65,250.0,0.0,0.0,200.34,0,0
11:59:29.878,473625,49.65,250.0,0.0,0.0,200.34,0,0
11:59:29.984,473725,49.62,250.0,0.0,0.0,200.37,0,0
11:59:30.083,473825,49.62,250.0,0.0,0.0,200.37,0,0
11:59:30.096,473844,49.57,250.0,0.0,0.0,200.42,0,0
11:59:30.179,473925,49.53,250.0,0.0,0.0,200.46,0,0
11:59:30.277,474025,49.56,250.0,0.0,0.0,200.43,0,0
11:59:30.380,474125,49.56,250.0,0.0,0.0,200.43,0,0
11:59:30.400,474144,49.62,250.0,0.0,0.0,200.37,0,0
11:59:30.477,474225,49.67,250.0,0.0,0.0,200.32,0,0
11:59:30.580,474325,49.64,250.0,0.0,0.0,200.35,0,0
11:59:30.680,474425,49.64,250.0,0.0,0.0,200.35,0,0
11:59:30.698,474444,49.61,250.0,0.0,0.0,200.38,0,0
11:59:30.777,474525,49.59,250.0,0.0,0.0,200.4,0,0
11:59:30.877,474625,49.57,250.0,0.0,0.0,200.42,0,0
11:59:30.977,474725,49.52,250.0,0.0,0.0,200.47,0,0
11:59:31.081,474825,49.52,250.0,0.0,0.0,200.47,0,0
11:59:31.109,474844,49.51,250.0,0.0,0.0,200.48,0,0
11:59:31.177,474925,49.52,250.0,0.0,0.0,200.47,0,0
11:59:31.277,475025,49.48,250.0,0.0,0.0,200.51,0,0
11:59:31.380,475125,49.48,250.0,0.0,0.0,200.51,0,0
11:59:31.401,475143,49.48,250.0,0.0,0.0,200.51,0,0
11:59:31.477,475225,49.5,250.0,0.0,0.0,200.49,0,0
11:59:31.577,475325,49.51,250.0,0.0,0.0,200.48,0,0
11:59:31.685,475425,49.42,250.0,0.0,0.0,200.57,0,0
11:59:31.777,475525,49.39,250.0,0.0,0.0,200.6,0,0
11:59:31.879,475625,49.39,250.0,0.0,0.0,200.6,0,0
11:59:31.979,475725,49.36,250.0,0.0,0.0,200.63,0,0
11:59:32.077,475825,49.39,250.0,0.0,0.0,200.6,0,0
11:59:32.178,475925,49.39,250.0,0.0,0.0,200.6,0,0
11:59:32.226,475944,49.49,250.0,0.0,0.0,200.5,0,0
11:59:32.277,476025,49.57,250.0,0.0,0.0,200.42,0,0
11:59:32.378,476125,49.53,250.0,0.0,0.0,200.46,0,0
11:59:32.476,476225,49.49,250.0,0.0,0.0,200.5,0,0
11:59:32.577,476325,49.49,250.0,0.0,0.0,200.5,0,0
11:59:32.597,476344,49.48,250.0,0.0,0.0,200.51,0,0
11:59:32.676,476425,49.47,250.0,0.0,0.0,200.52,0,0
11:59:32.791,476525,49.41,250.0,0.0,0.0,200.58,0,0
11:59:32.877,476625,49.45,250.0,0.0,0.0,200.54,0,0
11:59:32.979,476725,49.45,250.0,0.0,0.0,200.54,0,0
11:59:33.080,476825,49.47,250.0,0.0,0.0,200.52,0,0
11:59:33.179,476925,49.44,250.0,0.0,0.0,200.55,0,0
11:59:33.276,477025,49.41,250.0,0.0,0.0,200.58,0,0
11:59:33.379,477125,49.41,250.0,0.0,0.0,200.58,0,0
11:59:33.400,477144,49.43,250.0,0.0,0.0,200.56,0,0
11:59:33.479,477225,49.45,250.0,0.0,0.0,200.54,0,0
11:59:33.577,477325,49.47,250.0,0.0,0.0,200.52,0,0
11:59:33.678,477425,49.47,250.0,0.0,0.0,200.52,0,0
11:59:33.695,477444,49.43,250.0,0.0,0.0,200.56,0,0
11:59:33.783,477525,49.4,250.0,0.0,0.0,200.59,0,0
11:59:33.880,477625,49.37,250.0,0.0,0.0,200.62,0,0
11:59:33.984,477725,49.37,250.0,0.0,0.0,200.62,0,0
11:59:34.076,477825,49.37,250.0,0.0,0.0,200.62,0,0
11:59:34.095,477844,49.47,250.0,0.0,0.0,200.52,0,0
11:59:34.179,477925,49.54,250.0,0.0,0.0,200.45,0,0
11:59:34.283,478025,49.52,250.0,0.0,0.0,200.47,0,0
11:59:34.376,478125,49.52,250.0,0.0,0.0,200.47,0,0
11:59:34.395,478144,49.58,250.0,0.0,0.0,200.41,0,0
11:59:34.491,478225,49.63,250.0,0.0,0.0,200.36,0,0
11:59:34.576,478325,49.61,250.0,0.0,0.0,200.38,0,0
11:59:34.676,478425,49.61,250.0,0.0,0.0,200.38,0,0
11:59:34.694,478444,49.71,250.0,0.0,0.0,200.28,0,0
11:59:34.776,478525,49.8,250.0,0.0,0.0,200.19,0,0
11:59:34.876,478625,49.76,250.0,0.0,0.0,200.23,0,0
11:59:34.976,478725,49.76,250.0,0.0,0.0,200.23,0,0
11:59:34.998,478743,49.76,250.0,0.0,0.0,200.23,0,0
11:59:35.077,478825,49.79,250.0,0.0,0.0,200.2,0,0
11:59:35.179,478925,49.79,250.0,0.0,0.0,200.2,0,0
11:59:35.200,478944,49.8,250.0,0.0,0.0,200.19,0,0
11:59:35.281,479025,49.81,250.0,0.0,0.0,200.18,0,0
11:59:35.378,479125,49.81,250.0,0.0,0.0,200.18,0,0
11:59:35.401,479144,49.76,250.0,0.0,0.0,200.23,0,0
11:59:35.476,479225,49.73,250.0,0.0,0.0,200.26,0,0
11:59:35.611,479325,49.59,250.0,0.0,0.0,200.4,0,0
11:59:35.677,479425,49.59,250.0,0.0,0.0,200.4,0,0
11:59:35.698,479444,49.64,250.0,0.0,0.0,200.35,0,0
11:59:35.776,479525,49.69,250.0,0.0,0.0,200.3,0,0
11:59:35.878,479625,49.66,250.0,0.0,0.0,200.33,0,0
11:59:35.975,479725,49.66,250.0,0.0,0.0,200.33,0,0
11:59:36.075,479825,49.66,250.0,0.0,0.0,200.33,0,0
11:59:36.094,479843,49.66,250.0,0.0,0.0,200.33,0,0
11:59:36.183,479925,49.6,250.0,0.0,0.0,200.39,0,0
11:59:36.276,480025,49.58,250.0,0.0,0.0,200.41,0,0
11:59:36.375,480125,49.58,250.0,0.0,0.0,200.41,0,0
11:59:36.396,480144,49.58,250.0,0.0,0.0,200.41,0,0
11:59:36.475,480225,49.59,250.0,0.0,0.0,200.4,0,0
11:59:36.576,480325,49.52,250.0,0.0,0.0,200.47,0,0
11:59:36.676,480425,49.52,250.0,0.0,0.0,200.47,0,0
11:59:36.695,480444,49.5,250.0,0.0,0.0,200.49,0,0
11:59:36.778,480525,49.49,250.0,0.0,0.0,200.5,0,0
11:59:36.878,480625,49.48,250.0,0.0,0.0,200.51,0,0
11:59:36.976,480725,49.49,250.0,0.0,0.0,200.5,0,0
11:59:37.076,480825,49.46,250.0,0.0,0.0,200.53,0,0
11:59:37.176,480925,49.46,250.0,0.0,0.0,200.53,0,0
11:59:37.198,480944,49.52,250.0,0.0,0.0,200.47,0,0
11:59:37.276,481025,49.58,250.0,0.0,0.0,200.41,0,0
11:59:37.378,481125,49.56,250.0,0.0,0.0,200.43,0,0
11:59:37.482,481225,49.56,250.0,0.0,0.0,200.43,0,0
11:59:37.494,481244,49.59,250.0,0.0,0.0,200.4,0,0
11:59:37.576,481325,49.65,250.0,0.0,0.0,200.34,0,0
11:59:37.678,481425,49.59,250.0,0.0,0.0,200.4,0,0
11:59:37.776,481525,49.6,250.0,0.0,0.0,200.39,0,0
11:59:37.876,481625,49.6,250.0,0.0,0.0,200.39,0,0
11:59:37.896,481644,49.65,250.0,0.0,0.0,200.34,0,0
11:59:37.977,481725,49.67,250.0,0.0,0.0,200.32,0,0
11:59:38.079,481825,49.64,250.0,0.0,0.0,200.35,0,0
11:59:38.177,481925,49.64,250.0,0.0,0.0,200.35,0,0
11:59:38.195,481943,49.64,250.0,0.0,0.0,200.35,0,0
11:59:38.275,482025,49.59,250.0,0.0,0.0,200.4,0,0
11:59:38.375,482125,49.59,250.0,0.0,0.0,200.4,0,0
11:59:38.401,482144,49.59,250.0,0.0,0.0,200.4,0,0
11:59:38.478,482225,49.6,250.0,0.0,0.0,200.39,0,0
11:59:38.574,482325,49.58,250.0,0.0,0.0,200.41,0,0
11:59:38.678,482425,49.58,250.0,0.0,0.0,200.41,0,0
11:59:38.700,482444,49.6,250.0,0.0,0.0,200.39,0,0
11:59:38.775,482525,49.63,250.0,0.0,0.0,200.36,0,0
11:59:38.875,482625,49.63,250.0,0.0,0.0,200.36,0,0
11:59:38.902,482644,49.73,250.0,0.0,0.0,200.26,0,0
11:59:38.984,482725,49.79,250.0,0.0,0.0,200.2,0,0
11:59:39.075,482825,49.75,250.0,0.0,0.0,200.24,0,0
11:59:39.176,482925,49.75,250.0,0.0,0.0,200.24,0,0
11:59:39.194,482943,49.75,250.0,0.0,0.0,200.24,0,0
11:59:39.275,483025,49.75,250.0,0.0,0.0,200.24,0,0
11:59:39.295,483044,49.79,250.0,0.0,0.0,200.2,0,0
11:59:39.375,483125,49.8,250.0,0.0,0.0,200.19,0,0
11:59:39.475,483225,49.7,250.0,0.0,0.0,200.29,0,0
11:59:39.577,483325,49.7,250.0,0.0,0.0,200.29,0,0
11:59:39.598,483344,49.67,250.0,0.0,0.0,200.32,0,0
11:59:39.675,483425,49.67,250.0,0.0,0.0,200.32,0,0
11:59:39.775,483525,49.51,250.0,0.0,0.0,200.48,0,0
11:59:39.880,483625,49.42,250.0,0.0,0.0,200.57,0,0
11:59:39.974,483725,49.42,250.0,0.0,0.0,200.57,0,0
11:59:39.998,483744,49.49,250.0,0.0,0.0,200.5,0,0
11:59:40.076,483825,49.55,250.0,0.0,0.0,200.44,0,0
11:59:40.175,483925,49.49,250.0,0.0,0.0,200.5,0,0
11:59:40.275,484025,49.4,250.0,0.0,0.0,200.59,0,0
11:59:40.374,484125,49.4,250.0,0.0,0.0,200.59,0,0
11:59:40.400,484144,49.47,250.0,0.0,0.0,200.52,0,0
11:59:40.475,484225,49.54,250.0,0.0,0.0,200.45,0,0
11:59:40.582,484325,49.57,250.0,0.0,0.0,200.42,0,0
11:59:40.675,484425,49.62,250.0,0.0,0.0,200.37,0,0
11:59:40.775,484525,49.6,250.0,0.0,0.0,200.39,0,0
11:59:40.886,484625,49.6,250.0,0.0,0.0,200.39,0,0
11:59:40.901,484644,49.68,250.0,0.0,0.0,200.31,0,0
11:59:40.976,484725,49.72,250.0,0.0,0.0,200.27,0,0
11:59:41.080,484825,49.72,250.0,0.0,0.0,200.27,0,0
11:59:41.094,484844,49.71,250.0,0.0,0.0,200.28,0,0
11:59:41.175,484925,49.73,250.0,0.0,0.0,200.26,0,0
11:59:41.280,485025,49.67,250.0,0.0,0.0,200.32,0,0
11:59:41.379,485125,49.67,250.0,0.0,0.0,200.32,0,0
11:59:41.394,485144,49.74,250.0,0.0,0.0,200.25,0,0
11:59:41.476,485225,49.77,250.0,0.0,0.0,200.22,0,0
11:59:41.580,485325,49.68,250.0,0.0,0.0,200.31,0,0
11:59:41.681,485425,49.6,250.0,0.0,0.0,200.39,0,0
11:59:41.779,485525,49.56,250.0,0.0,0.0,200.43,0,0
11:59:41.878,485625,49.56,250.0,0.0,0.0,200.43,0,0
11:59:41.893,485644,49.59,250.0,0.0,0.0,200.4,0,0
11:59:41.974,485725,49.64,250.0,0.0,0.0,200.35,0,0
11:59:42.075,485825,49.64,250.0,0.0,0.0,200.35,0,0
11:59:42.095,485844,49.64,250.0,0.0,0.0,200.35,0,0
11:59:42.178,485925,49.64,250.0,0.0,0.0,200.35,0,0
11:59:42.274,486025,49.69,250.0,0.0,0.0,200.3,0,0
11:59:42.396,486125,49.69,250.0,0.0,0.0,200.3,0,0
11:59:42.401,486143,49.69,250.0,0.0,0.0,200.3,0,0
11:59:42.477,486225,49.65,250.0,0.0,0.0,200.34,0,0
11:59:42.581,486325,49.65,250.0,0.0,0.0,200.34,0,0
11:59:42.596,486344,49.73,250.0,0.0,0.0,200.26,0,0
11:59:42.674,486425,49.79,250.0,0.0,0.0,200.2,0,0
11:59:42.774,486525,49.7,250.0,0.0,0.0,200.29,0,0
11:59:42.879,486625,49.69,250.0,0.0,0.0,200.3,0,0
11:59:42.976,486725,49.69,250.0,0.0,0.0,200.3,0,0
11:59:42.995,486744,49.68,250.0,0.0,0.0,200.31,0,0
11:59:43.075,486825,49.68,250.0,0.0,0.0,200.31,0,0
11:59:43.097,486844,49.7,250.0,0.0,0.0,200.29,0,0
11:59:43.176,486925,49.72,250.0,0.0,0.0,200.27,0,0
11:59:43.274,487025,49.72,250.0,0.0,0.0,200.27,0,0
11:59:43.296,487044,49.71,250.0,0.0,0.0,200.28,0,0
11:59:43.379,487125,49.7,250.0,0.0,0.0,200.29,0,0
11:59:43.474,487225,49.7,250.0,0.0,0.0,200.29,0,0
11:59:43.574,487325,49.7,250.0,0.0,0.0,200.29,0,0
11:59:43.597,487344,49.69,250.0,0.0,0.0,200.3,0,0
11:59:43.674,487425,49.71,250.0,0.0,0.0,200.28,0,0
11:59:43.775,487525,49.71,250.0,0.0,0.0,200.28,0,0
11:59:43.796,487544,49.63,250.0,0.0,0.0,200.36,0,0
11:59:43.879,487625,49.55,250.0,0.0,0.0,200.44,0,0
11:59:43.975,487725,49.56,250.0,0.0,0.0,200.43,0,0
11:59:44.094,487825,49.47,250.0,0.0,0.0,200.52,0,0
11:59:44.178,487925,49.48,250.0,0.0,0.0,200.51,0,0
11:59:44.276,488025,49.42,250.0,0.0,0.0,200.57,0,0
11:59:44.380,488125,49.37,250.0,0.0,0.0,200.62,0,0
11:59:44.474,488225,49.34,250.0,0.0,0.0,200.65,0,0
11:59:44.574,488325,49.34,250.0,0.0,0.0,200.65,0,0
11:59:44.597,488344,49.37,250.0,0.0,0.0,200.62,0,0
11:59:44.676,488425,49.4,250.0,0.0,0.0,200.59,0,0
11:59:44.773,488525,49.42,250.0,0.0,0.0,200.57,0,0
11:59:44.874,488625,49.42,250.0,0.0,0.0,200.57,0,0
11:59:44.893,488644,49.36,250.0,0.0,0.0,200.63,0,0
11:59:44.975,488725,49.31,250.0,0.0,0.0,200.68,0,0
11:59:45.074,488825,49.27,250.0,0.0,0.0,200.72,0,0
11:59:45.176,488925,49.27,250.0,0.0,0.0,200.72,0,0
11:59:45.224,488944,49.38,250.0,0.0,0.0,200.61,0,0
11:59:45.273,489025,49.48,250.0,0.0,0.0,200.51,0,0
11:59:45.374,489125,49.48,250.0,0.0,0.0,200.51,0,0
11:59:45.395,489144,49.47,250.0,0.0,0.0,200.52,0,0
11:59:45.475,489225,49.46,250.0,0.0,0.0,200.53,0,0
11:59:45.574,489325,49.43,250.0,0.0,0.0,200.56,0,0
11:59:45.674,489425,49.47,250.0,0.0,0.0,200.52,0,0
11:59:45.794,489525,49.49,250.0,0.0,0.0,200.5,0,0
11:59:45.873,489625,49.49,250.0,0.0,0.0,200.5,0,0
11:59:45.898,489644,49.55,250.0,0.0,0.0,200.44,0,0
11:59:45.977,489725,49.61,250.0,0.0,0.0,200.38,0,0
11:59:46.075,489825,49.58,250.0,0.0,0.0,200.41,0,0
11:59:46.176,489925,49.58,250.0,0.0,0.0,200.41,0,0
11:59:46.192,489944,49.59,250.0,0.0,0.0,200.4,0,0
11:59:46.273,490025,49.62,250.0,0.0,0.0,200.37,0,0
11:59:46.378,490125,49.62,250.0,0.0,0.0,200.37,0,0
11:59:46.391,490144,49.62,250.0,0.0,0.0,200.37,0,0
11:59:46.475,490225,49.62,250.0,0.0,0.0,200.37,0,0
11:59:46.574,490325,49.57,250.0,0.0,0.0,200.42,0,0
11:59:46.674,490425,49.57,250.0,0.0,0.0,200.42,0,0
11:59:46.693,490444,49.65,250.0,0.0,0.0,200.34,0,0
11:59:46.784,490525,49.72,250.0,0.0,0.0,200.27,0,0
11:59:46.874,490625,49.69,250.0,0.0,0.0,200.3,0,0
11:59:46.976,490725,49.69,250.0,0.0,0.0,200.3,0,0
11:59:46.992,490743,49.69,250.0,0.0,0.0,200.3,0,0
11:59:47.081,490825,49.7,250.0,0.0,0.0,200.29,0,0
11:59:47.178,490925,49.57,250.0,0.0,0.0,200.42,0,0
11:59:47.275,491025,49.57,250.0,0.0,0.0,200.42,0,0
11:59:47.297,491044,49.6,250.0,0.0,0.0,200.39,0,0
11:59:47.373,491125,49.65,250.0,0.0,0.0,200.34,0,0
11:59:47.484,491225,49.62,250.0,0.0,0.0,200.37,0,0
11:59:47.573,491325,49.52,250.0,0.0,0.0,200.47,0,0
11:59:47.677,491425,49.48,250.0,0.0,0.0,200.51,0,0
11:59:47.774,491525,49.48,250.0,0.0,0.0,200.51,0,0
11:59:47.796,491544,49.6,250.0,0.0,0.0,200.39,0,0
11:59:47.873,491625,49.7,250.0,0.0,0.0,200.29,0,0
11:59:47.973,491725,49.7,250.0,0.0,0.0,200.29,0,0
11:59:47.997,491744,49.71,250.0,0.0,0.0,200.28,0,0
11:59:48.074,491825,49.73,250.0,0.0,0.0,200.26,0,0
11:59:48.173,491925,49.7,250.0,0.0,0.0,200.29,0,0
11:59:48.273,492025,49.7,250.0,0.0,0.0,200.29,0,0
11:59:48.296,492044,49.74,250.0,0.0,0.0,200.25,0,0
11:59:48.377,492125,49.78,250.0,0.0,0.0,200.21,0,0
11:59:48.473,492225,49.76,250.0,0.0,0.0,200.23,0,0
11:59:48.574,492325,49.77,250.0,0.0,0.0,200.22,0,0
11:59:48.675,492425,49.77,250.0,0.0,0.0,200.22,0,0
11:59:48.692,492444,49.73,250.0,0.0,0.0,200.26,0,0
11:59:48.772,492525,49.7,250.0,0.0,0.0,200.29,0,0
11:59:48.875,492625,49.61,250.0,0.0,0.0,200.38,0,0
11:59:48.975,492725,49.61,250.0,0.0,0.0,200.38,0,0
11:59:48.995,492744,49.57,250.0,0.0,0.0,200.42,0,0
11:59:49.074,492825,49.52,250.0,0.0,0.0,200.47,0,0
11:59:49.179,492925,49.48,250.0,0.0,0.0,200.51,0,0
11:59:49.288,493025,49.48,250.0,0.0,0.0,200.51,0,0
11:59:49.301,493044,49.5,250.0,0.0,0.0,200.49,0,0
11:59:49.388,493125,49.48,250.0,0.0,0.0,200.51,0,0
11:59:49.478,493225,49.5,250.0,0.0,0.0,200.49,0,0
11:59:49.573,493325,49.49,250.0,0.0,0.0,200.5,0,0
11:59:49.673,493425,49.42,250.0,0.0,0.0,200.57,0,0
11:59:49.772,493525,49.42,250.0,0.0,0.0,200.57,0,0
11:59:49.797,493544,49.44,250.0,0.0,0.0,200.55,0,0
11:59:49.875,493625,49.46,250.0,0.0,0.0,200.53,0,0
11:59:49.973,493725,49.45,250.0,0.0,0.0,200.54,0,0
11:59:50.072,493825,49.45,250.0,0.0,0.0,200.54,0,0
11:59:50.091,493844,49.55,250.0,0.0,0.0,200.44,0,0
11:59:50.176,493925,49.63,250.0,0.0,0.0,200.36,0,0
11:59:50.273,494025,49.6,250.0,0.0,0.0,200.39,0,0
11:59:50.372,494125,49.6,250.0,0.0,0.0,200.39,0,0
11:59:50.392,494144,49.65,250.0,0.0,0.0,200.34,0,0
11:59:50.472,494225,49.7,250.0,0.0,0.0,200.29,0,0
11:59:50.572,494325,49.64,250.0,0.0,0.0,200.35,0,0
11:59:50.674,494425,49.64,250.0,0.0,0.0,200.35,0,0
11:59:50.691,494443,49.64,250.0,0.0,0.0,200.35,0,0
11:59:50.774,494525,49.64,250.0,0.0,0.0,200.35,0,0
11:59:50.889,494625,49.61,250.0,0.0,0.0,200.38,0,0
11:59:50.976,494725,49.61,250.0,0.0,0.0,200.38,0,0
11:59:50.991,494744,49.59,250.0,0.0,0.0,200.4,0,0
11:59:51.073,494825,49.54,250.0,0.0,0.0,200.45,0,0
11:59:51.173,494925,49.54,250.0,0.0,0.0,200.45,0,0
11:59:51.191,494944,49.58,250.0,0.0,0.0,200.41,0,0
11:59:51.284,495025,49.61,250.0,0.0,0.0,200.38,0,0
11:59:51.372,495125,49.53,250.0,0.0,0.0,200.46,0,0
11:59:51.475,495225,49.52,250.0,0.0,0.0,200.47,0,0
11:59:51.577,495325,49.52,250.0,0.0,0.0,200.47,0,0
11:59:51.594,495344,49.58,250.0,0.0,0.0,200.41,0,0
11:59:51.673,495425,49.58,250.0,0.0,0.0,200.41,0,0
11:59:51.692,495444,49.66,250.0,0.0,0.0,200.33,0,0
11:59:51.780,495525,49.73,250.0,0.0,0.0,200.26,0,0
11:59:51.879,495625,49.73,250.0,0.0,0.0,200.26,0,0
11:59:51.998,495725,49.73,250.0,0.0,0.0,200.26,0,0
11:59:52.010,495744,49.79,250.0,0.0,0.0,200.2,0,0
11:59:52.073,495825,49.85,250.0,0.0,0.0,200.14,0,0
11:59:52.177,495925,49.85,250.0,0.0,0.0,200.14,0,0
11:59:52.274,496025,49.85,250.0,0.0,0.0,200.14,0,0
11:59:52.372,496125,49.85,250.0,0.0,0.0,200.14,0,0
11:59:52.395,496144,49.83,250.0,0.0,0.0,200.16,0,0
11:59:52.472,496225,49.81,250.0,0.0,0.0,200.18,0,0
11:59:52.574,496325,49.81,250.0,0.0,0.0,200.18,0,0
11:59:52.592,496344,49.79,250.0,0.0,0.0,200.2,0,0
11:59:52.672,496425,49.77,250.0,0.0,0.0,200.22,0,0
11:59:52.772,496525,49.78,250.0,0.0,0.0,200.21,0,0
11:59:52.873,496625,49.77,250.0,0.0,0.0,200.22,0,0
11:59:52.972,496725,49.73,250.0,0.0,0.0,200.26,0,0
11:59:53.074,496825,49.73,250.0,0.0,0.0,200.26,0,0
11:59:53.093,496844,49.77,250.0,0.0,0.0,200.22,0,0
11:59:53.171,496925,49.8,250.0,0.0,0.0,200.19,0,0
11:59:53.274,497025,49.8,250.0,0.0,0.0,200.19,0,0
11:59:53.296,497044,49.84,250.0,0.0,0.0,200.15,0,0
11:59:53.372,497125,49.84,250.0,0.0,0.0,200.15,0,0
11:59:53.472,497225,49.79,250.0,0.0,0.0,200.2,0,0
11:59:53.573,497325,49.78,250.0,0.0,0.0,200.21,0,0
11:59:53.694,497425,49.76,250.0,0.0,0.0,200.23,0,0
11:59:53.773,497525,49.75,250.0,0.0,0.0,200.24,0,0
11:59:53.871,497625,49.75,250.0,0.0,0.0,200.24,0,0
11:59:53.893,497643,49.75,250.0,0.0,0.0,200.24,0,0
11:59:53.976,497725,49.78,250.0,0.0,0.0,200.21,0,0
11:59:54.073,497825,49.78,250.0,0.0,0.0,200.21,0,0
11:59:54.095,497844,49.77,250.0,0.0,0.0,200.22,0,0
11:59:54.178,497925,49.75,250.0,0.0,0.0,200.24,0,0
11:59:54.272,498025,49.67,250.0,0.0,0.0,200.32,0,0
11:59:54.370,498125,49.67,250.0,0.0,0.0,200.32,0,0
11:59:54.392,498144,49.71,250.0,0.0,0.0,200.28,0,0
11:59:54.472,498225,49.75,250.0,0.0,0.0,200.24,0,0
11:59:54.574,498325,49.76,250.0,0.0,0.0,200.23,0,0
11:59:54.671,498425,49.7,250.0,0.0,0.0,200.29,0,0
11:59:54.780,498525,49.7,250.0,0.0,0.0,200.29,0,0
11:59:54.820,498544,49.64,250.0,0.0,0.0,200.35,0,0
11:59:54.873,498625,49.59,250.0,0.0,0.0,200.4,0,0
11:59:54.971,498725,49.52,250.0,0.0,0.0,200.47,0,0
11:59:55.071,498825,49.5,250.0,0.0,0.0,200.49,0,0
11:59:55.171,498925,49.5,250.0,0.0,0.0,200.49,0,0
11:59:55.193,498944,49.54,250.0,0.0,0.0,200.45,0,0
11:59:55.271,499025,49.55,250.0,0.0,0.0,200.44,0,0
11:59:55.395,499125,49.56,250.0,0.0,0.0,200.43,0,0
11:59:55.475,499225,49.51,250.0,0.0,0.0,200.48,0,0
11:59:55.571,499325,49.51,250.0,0.0,0.0,200.48,0,0
11:59:55.595,499344,49.48,250.0,0.0,0.0,200.51,0,0
11:59:55.677,499425,49.44,250.0,0.0,0.0,200.55,0,0
11:59:55.774,499525,49.33,250.0,0.0,0.0,200.66,0,0
11:59:55.877,499625,49.33,250.0,0.0,0.0,200.66,0,0
11:59:55.896,499644,49.44,250.0,0.0,0.0,200.55,0,0
11:59:55.984,499725,49.53,250.0,0.0,0.0,200.46,0,0
11:59:56.080,499825,49.56,250.0,0.0,0.0,200.43,0,0
11:59:56.171,499925,49.56,250.0,0.0,0.0,200.43,0,0
11:59:56.191,499944,49.64,250.0,0.0,0.0,200.35,0,0
11:59:56.270,500025,49.72,250.0,0.0,0.0,200.27,0,0
11:59:56.376,500125,49.72,250.0,0.0,0.0,200.27,0,0
11:59:56.392,500144,49.78,250.0,0.0,0.0,200.21,0,0
11:59:56.471,500225,49.81,250.0,0.0,0.0,200.18,0,0
11:59:56.575,500325,49.81,250.0,0.0,0.0,200.18,0,0
11:59:56.594,500343,49.81,250.0,0.0,0.0,200.18,0,0
11:59:56.674,500425,49.74,250.0,0.0,0.0,200.25,0,0
11:59:56.770,500525,49.74,250.0,0.0,0.0,200.25,0,0
11:59:56.790,500544,49.83,250.0,0.0,0.0,200.16,0,0
11:59:56.874,500625,49.88,250.0,0.0,0.0,200.11,0,0
11:59:56.971,500725,49.81,250.0,0.0,0.0,200.18,0,0
11:59:57.095,500825,49.79,250.0,0.0,0.0,200.2,0,0
11:59:57.178,500925,49.79,250.0,0.0,0.0,200.2,0,0
11:59:57.193,500944,49.8,250.0,0.0,0.0,200.19,0,0
11:59:57.271,501025,49.81,250.0,0.0,0.0,200.18,0,0
11:59:57.371,501125,49.81,250.0,0.0,0.0,200.18,0,0
11:59:57.407,501144,49.79,250.0,0.0,0.0,200.2,0,0
11:59:57.481,501225,49.77,250.0,0.0,0.0,200.22,0,0
11:59:57.582,501325,49.76,250.0,0.0,0.0,200.23,0,0
11:59:57.680,501425,49.72,250.0,0.0,0.0,200.27,0,0
11:59:57.795,501525,49.72,250.0,0.0,0.0,200.27,0,0
11:59:57.803,501544,49.73,250.0,0.0,0.0,200.26,0,0
11:59:57.871,501625,49.75,250.0,0.0,0.0,200.24,0,0
11:59:57.971,501725,49.66,250.0,0.0,0.0,200.33,0,0
11:59:58.073,501825,49.63,250.0,0.0,0.0,200.36,0,0
11:59:58.171,501925,49.56,250.0,0.0,0.0,200.43,0,0
11:59:58.270,502025,49.54,250.0,0.0,0.0,200.45,0,0
11:59:58.370,502125,49.54,250.0,0.0,0.0,200.45,0,0
11:59:58.393,502144,49.5,250.0,0.0,0.0,200.49,0,0
11:59:58.470,502225,49.46,250.0,0.0,0.0,200.53,0,0
11:59:58.569,502325,49.53,250.0,0.0,0.0,200.46,0,0
11:59:58.670,502425,49.53,250.0,0.0,0.0,200.46,0,0
11:59:58.691,502443,49.53,250.0,0.0,0.0,200.46,0,0
11:59:58.780,502525,49.51,250.0,0.0,0.0,200.48,0,0
11:59:58.879,502625,49.52,250.0,0.0,0.0,200.47,0,0
11:59:58.971,502725,49.43,250.0,0.0,0.0,200.56,0,0
11:59:59.071,502825,49.43,250.0,0.0,0.0,200.56,0,0
11:59:59.095,502844,49.57,250.0,0.0,0.0,200.42,0,0
11:59:59.170,502925,49.7,250.0,0.0,0.0,200.29,0,0
11:59:59.274,503025,49.69,250.0,0.0,0.0,200.3,0,0
11:59:59.375,503125,49.69,250.0,0.0,0.0,200.3,0,0
11:59:59.392,503144,49.64,250.0,0.0,0.0,200.35,0,0
11:59:59.470,503225,49.59,250.0,0.0,0.0,200.4,0,0
11:59:59.573,503325,49.51,250.0,0.0,0.0,200.48,0,0
11:59:59.672,503425,49.51,250.0,0.0,0.0,200.48,0,0
11:59:59.694,503443,49.51,250.0,0.0,0.0,200.48,0,0
11:59:59.774,503525,49.42,250.0,0.0,0.0,200.57,0,0
11:59:59.870,503625,49.42,250.0,0.0,0.0,200.57,0,0
11:59:59.914,503644,49.47,250.0,0.0,0.0,200.52,0,0
11:59:59.970,503725,49.48,250.0,0.0,0.0,200.51,0,0
12:00:00.072,503825,49.42,250.0,0.0,0.0,200.57,0,0
12:00:00.170,503925,49.42,250.0,0.0,0.0,200.57,0,0
12:00:00.189,503943,49.42,250.0,0.0,0.0,200.57,0,0
12:00:00.270,504025,49.44,250.0,0.0,0.0,200.55,0,0
12:00:00.371,504125,49.39,250.0,0.0,0.0,200.6,0,0
12:00:00.496,504225,49.39,250.0,0.0,0.0,200.6,0,0
12:00:00.500,504244,49.36,250.0,0.0,0.0,200.63,0,0
12:00:00.574,504325,49.34,250.0,0.0,0.0,200.65,0,0
12:00:00.670,504425,49.34,250.0,0.0,0.0,200.65,0,0
12:00:00.691,504444,49.39,250.0,0.0,0.0,200.6,0,0
12:00:00.774,504525,49.44,250.0,0.0,0.0,200.55,0,0
12:00:00.872,504625,49.44,250.0,0.0,0.0,200.55,0,0
12:00:00.889,504644,49.51,250.0,0.0,0.0,200.48,0,0
12:00:00.970,504725,49.57,250.0,0.0,0.0,200.42,0,0
12:00:01.079,504825,49.55,250.0,0.0,0.0,200.44,0,0
12:00:01.173,504925,49.51,250.0,0.0,0.0,200.48,0,0
12:00:01.273,505025,49.42,250.0,0.0,0.0,200.57,0,0
12:00:01.371,505125,49.42,250.0,0.0,0.0,200.57,0,0
12:00:01.396,505144,49.44,250.0,0.0,0.0,200.55,0,0
12:00:01.470,505225,49.46,250.0,0.0,0.0,200.53,0,0
12:00:01.570,505325,49.5,250.0,0.0,0.0,200.49,0,0
12:00:01.670,505425,49.44,250.0,0.0,0.0,200.55,0,0
12:00:01.776,505525,49.44,250.0,0.0,0.0,200.55,0,0
12:00:01.790,505543,49.44,250.0,0.0,0.0,200.55,0,0
12:00:01.871,505625,49.38,250.0,0.0,0.0,200.61,0,0
12:00:01.970,505725,49.4,250.0,0.0,0.0,200.59,0,0
12:00:02.069,505825,49.4,250.0,0.0,0.0,200.59,0,0
12:00:02.088,505844,49.35,250.0,0.0,0.0,200.64,0,0
12:00:02.194,505925,49.35,250.0,0.0,0.0,200.64,0,0
12:00:02.202,505944,49.38,250.0,0.0,0.0,200.61,0,0
12:00:02.270,506025,49.43,250.0,0.0,0.0,200.56,0,0
12:00:02.372,506125,49.45,250.0,0.0,0.0,200.54,0,0
12:00:02.472,506225,49.45,250.0,0.0,0.0,200.54,0,0
12:00:02.492,506244,49.49,250.0,0.0,0.0,200.5,0,0
12:00:02.569,506325,49.53,250.0,0.0,0.0,200.46,0,0
12:00:02.671,506425,49.53,250.0,0.0,0.0,200.46,0,0
12:00:02.692,506444,49.61,250.0,0.0,0.0,200.38,0,0
12:00:02.770,506525,49.69,250.0,0.0,0.0,200.3,0,0
12:00:02.873,506625,49.63,250.0,0.0,0.0,200.36,0,0
12:00:02.971,506725,49.66,250.0,0.0,0.0,200.33,0,0
12:00:03.069,506825,49.6,250.0,0.0,0.0,200.39,0,0
12:00:03.170,506925,49.6,250.0,0.0,0.0,200.39,0,0
12:00:03.191,506944,49.7,250.0,0.0,0.0,200.29,0,0
12:00:03.274,507025,49.79,250.0,0.0,0.0,200.2,0,0
12:00:03.372,507125,49.78,250.0,0.0,0.0,200.21,0,0
12:00:03.470,507225,49.78,250.0,0.0,0.0,200.21,0,0
12:00:03.489,507244,49.81,250.0,0.0,0.0,200.18,0,0
12:00:03.570,507325,49.84,250.0,0.0,0.0,200.15,0,0
12:00:03.672,507425,49.84,250.0,0.0,0.0,200.15,0,0
12:00:03.691,507444,49.77,250.0,0.0,0.0,200.22,0,0
12:00:03.774,507525,49.71,250.0,0.0,0.0,200.28,0,0
12:00:03.874,507625,49.57,250.0,0.0,0.0,200.42,0,0
12:00:03.970,507725,49.57,250.0,0.0,0.0,200.42,0,0
12:00:04.073,507825,49.57,250.0,0.0,0.0,200.42,0,0
12:00:04.090,507844,49.7,250.0,0.0,0.0,200.29,0,0
12:00:04.170,507925,49.81,250.0,0.0,0.0,200.18,0,0
12:00:04.268,508025,49.81,250.0,0.0,0.0,200.18,0,0
12:00:04.288,508044,49.87,250.0,0.0,0.0,200.12,0,0
12:00:04.371,508125,49.92,250.0,0.0,0.0,200.07,0,0
12:00:04.468,508225,49.92,250.0,0.0,0.0,200.07,0,0
12:00:04.569,508325,49.92,250.0,0.0,0.0,200.07,0,0
12:00:04.595,508344,49.96,250.0,0.0,0.0,200.03,0,0
12:00:04.670,508425,50.0,250.0,0.0,0.0,199.99,0,0
12:00:04.770,508525,50.0,250.0,0.0,0.0,199.99,0,0
12:00:04.787,508544,50.04,250.0,0.0,0.0,199.95,0,0
12:00:04.870,508625,50.07,250.0,0.0,0.0,199.92,0,0
12:00:04.972,508725,50.07,250.0,0.0,0.0,199.92,0,0
12:00:04.990,508744,50.05,250.0,0.0,0.0,199.94,0,0
12:00:05.068,508825,50.03,250.0,0.0,0.0,199.96,0,0
12:00:05.168,508925,49.99,250.0,0.0,0.0,200.0,0,0
12:00:05.273,509025,49.99,250.0,0.0,0.0,200.0,0,0
12:00:05.289,509044,50.01,250.0,0.0,0.0,199.98,0,0
12:00:05.369,509125,50.02,250.0,0.0,0.0,199.97,0,0
12:00:05.469,509225,50.02,250.0,0.0,0.0,199.97,0,0
12:00:05.490,509243,50.02,250.0,0.0,0.0,199.97,0,0
12:00:05.587,509325,50.02,250.0,0.0,0.0,199.97,0,0
12:00:05.601,509344,49.95,250.0,0.0,0.0,200.04,0,0
12:00:05.669,509425,49.9,250.0,0.0,0.0,200.09,0,0
12:00:05.777,509525,49.9,250.0,0.0,0.0,200.09,0,0
12:00:05.796,509544,49.87,250.0,0.0,0.0,200.12,0,0
12:00:05.878,509625,49.84,250.0,0.0,0.0,200.15,0,0
12:00:05.969,509725,49.8,250.0,0.0,0.0,200.19,0,0
12:00:06.071,509825,49.76,250.0,0.0,0.0,200.23,0,0
12:00:06.169,509925,49.74,250.0,0.0,0.0,200.25,0,0
12:00:06.268,510025,49.74,250.0,0.0,0.0,200.25,0,0
12:00:06.291,510044,49.78,250.0,0.0,0.0,200.21,0,0
12:00:06.371,510125,49.81,250.0,0.0,0.0,200.18,0,0
12:00:06.468,510225,49.81,250.0,0.0,0.0,200.18,0,0
12:00:06.498,510244,49.82,250.0,0.0,0.0,200.17,0,0
12:00:06.569,510325,49.85,250.0,0.0,0.0,200.14,0,0
12:00:06.682,510425,49.8,250.0,0.0,0.0,200.19,0,0
12:00:06.771,510525,49.73,250.0,0.0,0.0,200.26,0,0
12:00:06.868,510625,49.73,250.0,0.0,0.0,200.26,0,0
12:00:06.887,510644,49.62,250.0,0.0,0.0,200.37,0,0
12:00:06.969,510725,49.52,250.0,0.0,0.0,200.47,0,0
12:00:07.069,510825,49.52,250.0,0.0,0.0,200.47,0,0
12:00:07.088,510844,49.56,250.0,0.0,0.0,200.43,0,0
12:00:07.168,510925,49.59,250.0,0.0,0.0,200.4,0,0
12:00:07.267,511025,49.57,250.0,0.0,0.0,200.42,0,0
12:00:07.368,511125,49.57,250.0,0.0,0.0,200.42,0,0
12:00:07.387,511144,49.6,250.0,0.0,0.0,200.39,0,0
12:00:07.470,511225,49.6,250.0,0.0,0.0,200.39,0,0
12:00:07.568,511325,49.53,250.0,0.0,0.0,200.46,0,0
12:00:07.667,511425,49.54,250.0,0.0,0.0,200.45,0,0
12:00:07.768,511525,49.54,250.0,0.0,0.0,200.45,0,0
12:00:07.797,511544,49.57,250.0,0.0,0.0,200.42,0,0
12:00:07.868,511625,49.58,250.0,0.0,0.0,200.41,0,0
12:00:07.968,511725,49.58,250.0,0.0,0.0,200.41,0,0
12:00:08.067,511825,49.58,250.0,0.0,0.0,200.41,0,0
12:00:08.087,511843,49.58,250.0,0.0,0.0,200.41,0,0
12:00:08.168,511925,49.64,250.0,0.0,0.0,200.35,0,0
12:00:08.268,512025,49.63,250.0,0.0,0.0,200.36,0,0
12:00:08.373,512125,49.63,250.0,0.0,0.0,200.36,0,0
12:00:08.392,512144,49.61,250.0,0.0,0.0,200.38,0,0
12:00:08.468,512225,49.59,250.0,0.0,0.0,200.4,0,0
12:00:08.568,512325,49.56,250.0,0.0,0.0,200.43,0,0
12:00:08.669,512425,49.52,250.0,0.0,0.0,200.47,0,0
12:00:08.768,512525,49.52,250.0,0.0,0.0,200.47,0,0
12:00:08.788,512544,49.58,250.0,0.0,0.0,200.41,0,0
12:00:08.868,512625,49.63,250.0,0.0,0.0,200.36,0,0
12:00:08.984,512725,49.63,250.0,0.0,0.0,200.36,0,0
12:00:08.992,512744,49.53,250.0,0.0,0.0,200.46,0,0
12:00:09.067,512825,49.44,250.0,0.0,0.0,200.55,0,0
12:00:09.169,512925,49.44,250.0,0.0,0.0,200.55,0,0
12:00:09.192,512943,49.44,250.0,0.0,0.0,200.55,0,0
12:00:09.267,513025,49.43,250.0,0.0,0.0,200.56,0,0
12:00:09.371,513125,49.45,250.0,0.0,0.0,200.54,0,0
12:00:09.468,513225,49.45,250.0,0.0,0.0,200.54,0,0
12:00:09.490,513244,49.42,250.0,0.0,0.0,200.57,0,0
12:00:09.580,513325,49.42,250.0,0.0,0.0,200.57,0,0
12:00:09.670,513425,49.41,250.0,0.0,0.0,200.58,0,0
12:00:09.768,513525,49.41,250.0,0.0,0.0,200.58,0,0
12:00:09.787,513544,49.53,250.0,0.0,0.0,200.46,0,0
12:00:09.867,513625,49.64,250.0,0.0,0.0,200.35,0,0
12:00:09.968,513725,49.64,250.0,0.0,0.0,200.35,0,0
12:00:09.985,513744,49.61,250.0,0.0,0.0,200.38,0,0
12:00:10.069,513825,49.59,250.0,0.0,0.0,200.4,0,0
12:00:10.172,513925,49.67,250.0,0.0,0.0,200.32,0,0
12:00:10.268,514025,49.61,250.0,0.0,0.0,200.38,0,0
12:00:10.367,514125,49.61,250.0,0.0,0.0,200.38,0,0
12:00:10.387,514144,49.69,250.0,0.0,0.0,200.3,0,0
12:00:10.468,514225,49.76,250.0,0.0,0.0,200.23,0,0
12:00:10.568,514325,49.67,250.0,0.0,0.0,200.32,0,0
12:00:10.668,514425,49.67,250.0,0.0,0.0,200.32,0,0
12:00:10.692,514443,49.67,250.0,0.0,0.0,200.32,0,0
12:00:10.766,514525,49.71,250.0,0.0,0.0,200.28,0,0
12:00:10.867,514625,49.71,250.0,0.0,0.0,200.28,0,0
12:00:10.886,514644,49.78,250.0,0.0,0.0,200.21,0,0
12:00:10.967,514725,49.84,250.0,0.0,0.0,200.15,0,0
12:00:11.068,514825,49.74,250.0,0.0,0.0,200.25,0,0
12:00:11.170,514925,49.74,250.0,0.0,0.0,200.25,0,0
12:00:11.186,514944,49.7,250.0,0.0,0.0,200.29,0,0
12:00:11.268,515025,49.67,250.0,0.0,0.0,200.32,0,0
12:00:11.366,515125,49.59,250.0,0.0,0.0,200.4,0,0
12:00:11.467,515225,49.54,250.0,0.0,0.0,200.45,0,0
12:00:11.568,515325,49.54,250.0,0.0,0.0,200.45,0,0
12:00:11.586,515344,49.5,250.0,0.0,0.0,200.49,0,0
12:00:11.668,515425,49.46,250.0,0.0,0.0,200.53,0,0
12:00:11.768,515525,49.38,250.0,0.0,0.0,200.61,0,0
12:00:11.871,515625,49.33,250.0,0.0,0.0,200.66,0,0
12:00:11.969,515725,49.33,250.0,0.0,0.0,200.66,0,0
12:00:11.998,515744,49.36,250.0,0.0,0.0,200.63,0,0
12:00:12.068,515825,49.39,250.0,0.0,0.0,200.6,0,0
12:00:12.175,515925,49.38,250.0,0.0,0.0,200.61,0,0
12:00:12.266,516025,49.38,250.0,0.0,0.0,200.61,0,0
12:00:12.288,516044,49.46,250.0,0.0,0.0,200.53,0,0
12:00:12.367,516125,49.52,250.0,0.0,0.0,200.47,0,0
12:00:12.467,516225,49.53,250.0,0.0,0.0,200.46,0,0
12:00:12.567,516325,49.53,250.0,0.0,0.0,200.46,0,0
12:00:12.589,516344,49.59,250.0,0.0,0.0,200.4,0,0
12:00:12.669,516425,49.65,250.0,0.0,0.0,200.34,0,0
12:00:12.767,516525,49.64,250.0,0.0,0.0,200.35,0,0
12:00:12.866,516625,49.54,250.0,0.0,0.0,200.45,0,0
12:00:12.980,516725,49.54,250.0,0.0,0.0,200.45,0,0
12:00:12.985,516744,49.6,250.0,0.0,0.0,200.39,0,0
12:00:13.067,516825,49.65,250.0,0.0,0.0,200.34,0,0
12:00:13.169,516925,49.55,250.0,0.0,0.0,200.44,0,0
12:00:13.267,517025,49.55,250.0,0.0,0.0,200.44,0,0
12:00:13.288,517043,49.55,250.0,0.0,0.0,200.44,0,0
12:00:13.370,517125,49.48,250.0,0.0,0.0,200.51,0,0
12:00:13.466,517225,49.47,250.0,0.0,0.0,200.52,0,0
12:00:13.575,517325,49.47,250.0,0.0,0.0,200.52,0,0
12:00:13.586,517344,49.46,250.0,0.0,0.0,200.53,0,0
12:00:13.683,517425,49.46,250.0,0.0,0.0,200.53,0,0
12:00:13.694,517444,49.43,250.0,0.0,0.0,200.56,0,0
12:00:13.777,517525,49.4,250.0,0.0,0.0,200.59,0,0
12:00:13.887,517625,49.32,250.0,0.0,0.0,200.67,0,0
12:00:13.968,517725,49.37,250.0,0.0,0.0,200.62,0,0
12:00:14.067,517825,49.27,250.0,0.0,0.0,200.72,0,0
12:00:14.166,517925,49.27,250.0,0.0,0.0,200.72,0,0
12:00:14.187,517944,49.28,250.0,0.0,0.0,200.71,0,0
12:00:14.266,518025,49.29,250.0,0.0,0.0,200.7,0,0
12:00:14.366,518125,49.35,250.0,0.0,0.0,200.64,0,0
12:00:14.466,518225,49.4,250.0,0.0,0.0,200.59,0,0
12:00:14.566,518325,49.4,250.0,0.0,0.0,200.59,0,0
12:00:14.587,518344,49.55,250.0,0.0,0.0,200.44,0,0
12:00:14.666,518425,49.68,250.0,0.0,0.0,200.31,0,0
12:00:14.766,518525,49.65,250.0,0.0,0.0,200.34,0,0
12:00:14.867,518625,49.59,250.0,0.0,0.0,200.4,0,0
12:00:14.966,518725,49.59,250.0,0.0,0.0,200.4,0,0
12:00:14.984,518744,49.65,250.0,0.0,0.0,200.34,0,0
12:00:15.065,518825,49.69,250.0,0.0,0.0,200.3,0,0
12:00:15.166,518925,49.64,250.0,0.0,0.0,200.35,0,0
12:00:15.268,519025,49.61,250.0,0.0,0.0,200.38,0,0
12:00:15.366,519125,49.61,250.0,0.0,0.0,200.38,0,0
12:00:15.389,519143,49.61,250.0,0.0,0.0,200.38,0,0
12:00:15.466,519225,49.66,250.0,0.0,0.0,200.33,0,0
12:00:15.567,519325,49.61,250.0,0.0,0.0,200.38,0,0
12:00:15.669,519425,49.53,250.0,0.0,0.0,200.46,0,0
12:00:15.766,519525,49.53,250.0,0.0,0.0,200.46,0,0
12:00:15.785,519544,49.57,250.0,0.0,0.0,200.42,0,0
12:00:15.872,519625,49.6,250.0,0.0,0.0,200.39,0,0
12:00:15.970,519725,49.6,250.0,0.0,0.0,200.39,0,0
12:00:15.985,519743,49.6,250.0,0.0,0.0,200.39,0,0
12:00:16.068,519825,49.58,250.0,0.0,0.0,200.41,0,0
12:00:16.166,519925,49.58,250.0,0.0,0.0,200.41,0,0
12:00:16.266,520025,49.58,250.0,0.0,0.0,200.41,0,0
12:00:16.287,520044,49.61,250.0,0.0,0.0,200.38,0,0
12:00:16.372,520125,49.64,250.0,0.0,0.0,200.35,0,0
12:00:16.467,520225,49.64,250.0,0.0,0.0,200.35,0,0
12:00:16.485,520243,49.64,250.0,0.0,0.0,200.35,0,0
12:00:16.567,520325,49.59,250.0,0.0,0.0,200.4,0,0
12:00:16.669,520425,49.59,250.0,0.0,0.0,200.4,0,0
12:00:16.765,520525,49.49,250.0,0.0,0.0,200.5,0,0
12:00:16.866,520625,49.48,250.0,0.0,0.0,200.51,0,0
12:00:16.966,520725,49.45,250.0,0.0,0.0,200.54,0,0
12:00:17.066,520825,49.45,250.0,0.0,0.0,200.54,0,0
12:00:17.087,520844,49.51,250.0,0.0,0.0,200.48,0,0
12:00:17.172,520925,49.57,250.0,0.0,0.0,200.42,0,0
12:00:17.267,521025,49.55,250.0,0.0,0.0,200.44,0,0
12:00:17.374,521125,49.55,250.0,0.0,0.0,200.44,0,0
12:00:17.387,521144,49.56,250.0,0.0,0.0,200.43,0,0
12:00:17.489,521225,49.57,250.0,0.0,0.0,200.42,0,0
12:00:17.566,521325,49.5,250.0,0.0,0.0,200.49,0,0
12:00:17.679,521425,49.54,250.0,0.0,0.0,200.45,0,0
12:00:17.768,521525,49.54,250.0,0.0,0.0,200.45,0,0
12:00:17.788,521544,49.57,250.0,0.0,0.0,200.42,0,0
12:00:17.872,521625,49.6,250.0,0.0,0.0,200.39,0,0
12:00:17.967,521725,49.55,250.0,0.0,0.0,200.44,0,0
12:00:18.066,521825,49.55,250.0,0.0,0.0,200.44,0,0
12:00:18.085,521843,49.55,250.0,0.0,0.0,200.44,0,0
12:00:18.169,521925,49.53,250.0,0.0,0.0,200.46,0,0
12:00:18.265,522025,49.53,250.0,0.0,0.0,200.46,0,0
12:00:18.284,522044,49.54,250.0,0.0,0.0,200.45,0,0
12:00:18.367,522125,49.55,250.0,0.0,0.0,200.44,0,0
12:00:18.464,522225,49.53,250.0,0.0,0.0,200.46,0,0
12:00:18.565,522325,49.47,250.0,0.0,0.0,200.52,0,0
12:00:18.665,522425,49.47,250.0,0.0,0.0,200.52,0,0
12:00:18.684,522444,49.53,250.0,0.0,0.0,200.46,0,0
12:00:18.765,522525,49.59,250.0,0.0,0.0,200.4,0,0
12:00:18.865,522625,49.52,250.0,0.0,0.0,200.47,0,0
12:00:18.965,522725,49.51,250.0,0.0,0.0,200.48,0,0
12:00:19.065,522825,49.51,250.0,0.0,0.0,200.48,0,0
12:00:19.086,522843,49.51,250.0,0.0,0.0,200.48,0,0
12:00:19.167,522925,49.51,250.0,0.0,0.0,200.48,0,0
12:00:19.186,522944,49.59,250.0,0.0,0.0,200.4,0,0
12:00:19.265,523025,49.67,250.0,0.0,0.0,200.32,0,0
12:00:19.366,523125,49.56,250.0,0.0,0.0,200.43,0,0
12:00:19.468,523225,49.49,250.0,0.0,0.0,200.5,0,0
12:00:19.566,523325,49.49,250.0,0.0,0.0,200.5,0,0
12:00:19.585,523344,49.58,250.0,0.0,0.0,200.41,0,0
12:00:19.669,523425,49.66,250.0,0.0,0.0,200.33,0,0
12:00:19.765,523525,49.66,250.0,0.0,0.0,200.33,0,0
12:00:19.785,523544,49.73,250.0,0.0,0.0,200.26,0,0
12:00:19.866,523625,49.79,250.0,0.0,0.0,200.2,0,0
12:00:19.967,523725,49.7,250.0,0.0,0.0,200.29,0,0
12:00:20.066,523825,49.7,250.0,0.0,0.0,200.29,0,0
12:00:20.085,523844,49.69,250.0,0.0,0.0,200.3,0,0
12:00:20.165,523925,49.69,250.0,0.0,0.0,200.3,0,0
12:00:20.266,524025,49.71,250.0,0.0,0.0,200.28,0,0
12:00:20.365,524125,49.7,250.0,0.0,0.0,200.29,0,0
12:00:20.465,524225,49.7,250.0,0.0,0.0,200.29,0,0
12:00:20.484,524244,49.64,250.0,0.0,0.0,200.35,0,0
12:00:20.566,524325,49.59,250.0,0.0,0.0,200.4,0,0
12:00:20.665,524425,49.67,250.0,0.0,0.0,200.32,0,0
12:00:20.767,524525,49.61,250.0,0.0,0.0,200.38,0,0
12:00:20.865,524625,49.61,250.0,0.0,0.0,200.38,0,0
12:00:20.895,524644,49.74,250.0,0.0,0.0,200.25,0,0
12:00:20.965,524725,49.82,250.0,0.0,0.0,200.17,0,0
12:00:21.064,524825,49.7,250.0,0.0,0.0,200.29,0,0
12:00:21.164,524925,49.7,250.0,0.0,0.0,200.29,0,0
12:00:21.184,524943,49.7,250.0,0.0,0.0,200.29,0,0
12:00:21.265,525025,49.59,250.0,0.0,0.0,200.4,0,0
12:00:21.365,525125,49.57,250.0,0.0,0.0,200.42,0,0
12:00:21.466,525225,49.65,250.0,0.0,0.0,200.34,0,0
12:00:21.565,525325,49.65,250.0,0.0,0.0,200.34,0,0
12:00:21.665,525425,49.65,250.0,0.0,0.0,200.34,0,0
12:00:21.685,525443,49.65,250.0,0.0,0.0,200.34,0,0
12:00:21.766,525525,49.6,250.0,0.0,0.0,200.39,0,0
12:00:21.866,525625,49.6,250.0,0.0,0.0,200.39,0,0
12:00:21.886,525644,49.6,250.0,0.0,0.0,200.39,0,0
12:00:21.965,525725,49.6,250.0,0.0,0.0,200.39,0,0
12:00:22.066,525825,49.6,250.0,0.0,0.0,200.39,0,0
12:00:22.165,525925,49.61,250.0,0.0,0.0,200.38,0,0
12:00:22.265,526025,49.61,250.0,0.0,0.0,200.38,0,0
12:00:22.283,526043,49.61,250.0,0.0,0.0,200.38,0,0
12:00:22.365,526125,49.58,250.0,0.0,0.0,200.41,0,0
12:00:22.464,526225,49.61,250.0,0.0,0.0,200.38,0,0
12:00:22.567,526325,49.56,250.0,0.0,0.0,200.43,0,0
12:00:22.664,526425,49.56,250.0,0.0,0.0,200.43,0,0
12:00:22.686,526444,49.49,250.0,0.0,0.0,200.5,0,0
12:00:22.767,526525,49.43,250.0,0.0,0.0,200.56,0,0
12:00:22.865,526625,49.43,250.0,0.0,0.0,200.56,0,0
12:00:22.887,526644,49.48,250.0,0.0,0.0,200.51,0,0
12:00:22.964,526725,49.52,250.0,0.0,0.0,200.47,0,0
12:00:23.066,526825,49.53,250.0,0.0,0.0,200.46,0,0
12:00:23.164,526925,49.53,250.0,0.0,0.0,200.46,0,0
12:00:23.185,526944,49.54,250.0,0.0,0.0,200.45,0,0
12:00:23.271,527025,49.55,250.0,0.0,0.0,200.44,0,0
12:00:23.365,527125,49.58,250.0,0.0,0.0,200.41,0,0
12:00:23.468,527225,49.58,250.0,0.0,0.0,200.41,0,0
12:00:23.484,527244,49.68,250.0,0.0,0.0,200.31,0,0
12:00:23.565,527325,49.77,250.0,0.0,0.0,200.22,0,0
12:00:23.707,527425,49.76,250.0,0.0,0.0,200.23,0,0
12:00:23.770,527525,49.76,250.0,0.0,0.0,200.23,0,0
12:00:23.787,527543,49.76,250.0,0.0,0.0,200.23,0,0
12:00:23.867,527625,49.82,250.0,0.0,0.0,200.17,0,0
12:00:23.964,527725,49.82,250.0,0.0,0.0,200.17,0,0
12:00:23.983,527744,49.85,250.0,0.0,0.0,200.14,0,0
12:00:24.063,527825,49.88,250.0,0.0,0.0,200.11,0,0
12:00:24.165,527925,49.8,250.0,0.0,0.0,200.19,0,0
12:00:24.273,528025,49.71,250.0,0.0,0.0,200.28,0,0
12:00:24.364,528125,49.71,250.0,0.0,0.0,200.28,0,0
12:00:24.386,528144,49.7,250.0,0.0,0.0,200.29,0,0
12:00:24.464,528225,49.69,250.0,0.0,0.0,200.3,0,0
12:00:24.564,528325,49.66,250.0,0.0,0.0,200.33,0,0
12:00:24.664,528425,49.66,250.0,0.0,0.0,200.33,0,0
12:00:24.683,528444,49.71,250.0,0.0,0.0,200.28,0,0
12:00:24.767,528525,49.75,250.0,0.0,0.0,200.24,0,0
12:00:24.864,528625,49.69,250.0,0.0,0.0,200.3,0,0
12:00:24.965,528725,49.6,250.0,0.0,0.0,200.39,0,0
12:00:25.069,528825,49.6,250.0,0.0,0.0,200.39,0,0
12:00:25.082,528844,49.66,250.0,0.0,0.0,200.33,0,0
12:00:25.164,528925,49.7,250.0,0.0,0.0,200.29,0,0
12:00:25.266,529025,49.69,250.0,0.0,0.0,200.3,0,0
12:00:25.380,529125,49.69,250.0,0.0,0.0,200.3,0,0
12:00:25.386,529143,49.69,250.0,0.0,0.0,200.3,0,0
12:00:25.463,529225,49.69,250.0,0.0,0.0,200.3,0,0
12:00:25.483,529244,49.74,250.0,0.0,0.0,200.25,0,0
12:00:25.564,529325,49.78,250.0,0.0,0.0,200.21,0,0
12:00:25.665,529425,49.71,250.0,0.0,0.0,200.28,0,0
12:00:25.765,529525,49.71,250.0,0.0,0.0,200.28,0,0
12:00:25.783,529544,49.7,250.0,0.0,0.0,200.29,0,0
12:00:25.864,529625,49.69,250.0,0.0,0.0,200.3,0,0
12:00:25.964,529725,49.71,250.0,0.0,0.0,200.28,0,0
12:00:26.063,529825,49.7,250.0,0.0,0.0,200.29,0,0
12:00:26.164,529925,49.65,250.0,0.0,0.0,200.34,0,0
12:00:26.263,530025,49.64,250.0,0.0,0.0,200.35,0,0
12:00:26.363,530125,49.64,250.0,0.0,0.0,200.35,0,0
12:00:26.385,530144,49.64,250.0,0.0,0.0,200.35,0,0
12:00:26.464,530225,49.64,250.0,0.0,0.0,200.35,0,0
12:00:26.568,530325,49.64,250.0,0.0,0.0,200.35,0,0
12:00:26.586,530344,49.64,250.0,0.0,0.0,200.35,0,0
12:00:26.664,530425,49.64,250.0,0.0,0.0,200.35,0,0
12:00:26.765,530525,49.64,250.0,0.0,0.0,200.35,0,0
12:00:26.782,530544,49.69,250.0,0.0,0.0,200.3,0,0
12:00:26.863,530625,49.7,250.0,0.0,0.0,200.29,0,0
12:00:26.968,530725,49.7,250.0,0.0,0.0,200.29,0,0
12:00:26.989,530743,49.7,250.0,0.0,0.0,200.29,0,0
12:00:27.077,530825,49.79,250.0,0.0,0.0,200.2,0,0
12:00:27.175,530925,49.75,250.0,0.0,0.0,200.24,0,0
12:00:27.263,531025,49.75,250.0,0.0,0.0,200.24,0,0
12:00:27.291,531044,49.72,250.0,0.0,0.0,200.27,0,0
12:00:27.363,531125,49.71,250.0,0.0,0.0,200.28,0,0
12:00:27.462,531225,49.71,250.0,0.0,0.0,200.28,0,0
12:00:27.489,531244,49.75,250.0,0.0,0.0,200.24,0,0
12:00:27.565,531325,49.76,250.0,0.0,0.0,200.23,0,0
12:00:27.671,531425,49.7,250.0,0.0,0.0,200.29,0,0
12:00:27.762,531525,49.61,250.0,0.0,0.0,200.38,0,0
12:00:27.865,531625,49.61,250.0,0.0,0.0,200.38,0,0
12:00:27.887,531644,49.69,250.0,0.0,0.0,200.3,0,0
12:00:27.963,531725,49.73,250.0,0.0,0.0,200.26,0,0
12:00:28.062,531825,49.59,250.0,0.0,0.0,200.4,0,0
12:00:28.162,531925,49.59,250.0,0.0,0.0,200.4,0,0
12:00:28.183,531944,49.62,250.0,0.0,0.0,200.37,0,0
12:00:28.262,532025,49.65,250.0,0.0,0.0,200.34,0,0
12:00:28.363,532125,49.67,250.0,0.0,0.0,200.32,0,0
12:00:28.463,532225,49.67,250.0,0.0,0.0,200.32,0,0
12:00:28.564,532325,49.64,250.0,0.0,0.0,200.35,0,0
12:00:28.666,532425,49.64,250.0,0.0,0.0,200.35,0,0
12:00:28.684,532444,49.64,250.0,0.0,0.0,200.35,0,0
12:00:28.772,532525,49.61,250.0,0.0,0.0,200.38,0,0
12:00:28.864,532625,49.54,250.0,0.0,0.0,200.45,0,0
12:00:28.962,532725,49.54,250.0,0.0,0.0,200.45,0,0
12:00:28.982,532744,49.59,250.0,0.0,0.0,200.4,0,0
12:00:29.063,532825,49.65,250.0,0.0,0.0,200.34,0,0
12:00:29.164,532925,49.59,250.0,0.0,0.0,200.4,0,0
12:00:29.266,533025,49.59,250.0,0.0,0.0,200.4,0,0
12:00:29.287,533044,49.72,250.0,0.0,0.0,200.27,0,0
12:00:29.366,533125,49.83,250.0,0.0,0.0,200.16,0,0
12:00:29.463,533225,49.83,250.0,0.0,0.0,200.16,0,0
12:00:29.483,533244,49.79,250.0,0.0,0.0,200.2,0,0
12:00:29.564,533325,49.77,250.0,0.0,0.0,200.22,0,0
12:00:29.663,533425,49.71,250.0,0.0,0.0,200.28,0,0
12:00:29.766,533525,49.6,250.0,0.0,0.0,200.39,0,0
12:00:29.865,533625,49.6,250.0,0.0,0.0,200.39,0,0
12:00:29.885,533644,49.55,250.0,0.0,0.0,200.44,0,0
12:00:29.969,533725,49.51,250.0,0.0,0.0,200.48,0,0
12:00:30.061,533825,49.51,250.0,0.0,0.0,200.48,0,0
12:00:30.080,533844,49.49,250.0,0.0,0.0,200.5,0,0
12:00:30.162,533925,49.51,250.0,0.0,0.0,200.48,0,0
12:00:30.266,534025,49.39,250.0,0.0,0.0,200.6,0,0
12:00:30.362,534125,49.39,250.0,0.0,0.0,200.6,0,0
12:00:30.392,534144,49.51,250.0,0.0,0.0,200.48,0,0
12:00:30.463,534225,49.6,250.0,0.0,0.0,200.39,0,0
12:00:30.561,534325,49.6,250.0,0.0,0.0,200.39,0,0
12:00:30.581,534344,49.7,250.0,0.0,0.0,200.29,0,0
12:00:30.669,534425,49.7,250.0,0.0,0.0,200.29,0,0
12:00:30.690,534443,49.7,250.0,0.0,0.0,200.29,0,0
12:00:30.767,534525,49.7,250.0,0.0,0.0,200.29,0,0
12:00:30.781,534544,49.77,250.0,0.0,0.0,200.22,0,0
12:00:30.862,534625,49.83,250.0,0.0,0.0,200.16,0,0
12:00:30.976,534725,49.81,250.0,0.0,0.0,200.18,0,0
12:00:31.064,534825,49.81,250.0,0.0,0.0,200.18,0,0
12:00:31.080,534844,49.71,250.0,0.0,0.0,200.28,0,0
12:00:31.163,534925,49.63,250.0,0.0,0.0,200.36,0,0
12:00:31.267,535025,49.63,250.0,0.0,0.0,200.36,0,0
12:00:31.362,535125,49.63,250.0,0.0,0.0,200.36,0,0
12:00:31.381,535144,49.75,250.0,0.0,0.0,200.24,0,0
12:00:31.463,535225,49.84,250.0,0.0,0.0,200.15,0,0
12:00:31.565,535325,49.84,250.0,0.0,0.0,200.15,0,0
12:00:31.586,535344,49.79,250.0,0.0,0.0,200.2,0,0
12:00:31.663,535425,49.75,250.0,0.0,0.0,200.24,0,0
12:00:31.768,535525,49.64,250.0,0.0,0.0,200.35,0,0
12:00:31.877,535625,49.64,250.0,0.0,0.0,200.35,0,0
12:00:31.884,535644,49.68,250.0,0.0,0.0,200.31,0,0
12:00:31.961,535725,49.75,250.0,0.0,0.0,200.24,0,0
12:00:32.061,535825,49.61,250.0,0.0,0.0,200.38,0,0
12:00:32.162,535925,49.61,250.0,0.0,0.0,200.38,0,0
12:00:32.184,535944,49.64,250.0,0.0,0.0,200.35,0,0
12:00:32.263,536025,49.69,250.0,0.0,0.0,200.3,0,0
12:00:32.363,536125,49.55,250.0,0.0,0.0,200.44,0,0
12:00:32.463,536225,49.55,250.0,0.0,0.0,200.44,0,0
12:00:32.482,536244,49.66,250.0,0.0,0.0,200.33,0,0
12:00:32.565,536325,49.75,250.0,0.0,0.0,200.24,0,0
12:00:32.666,536425,49.69,250.0,0.0,0.0,200.3,0,0
12:00:32.762,536525,49.63,250.0,0.0,0.0,200.36,0,0
12:00:32.863,536625,49.63,250.0,0.0,0.0,200.36,0,0
12:00:32.881,536644,49.61,250.0,0.0,0.0,200.38,0,0
12:00:32.962,536725,49.59,250.0,0.0,0.0,200.4,0,0
12:00:33.066,536825,49.54,250.0,0.0,0.0,200.45,0,0
12:00:33.162,536925,49.54,250.0,0.0,0.0,200.45,0,0
12:00:33.184,536944,49.52,250.0,0.0,0.0,200.47,0,0
12:00:33.292,537025,49.51,250.0,0.0,0.0,200.48,0,0
12:00:33.370,537125,49.51,250.0,0.0,0.0,200.48,0,0
12:00:33.388,537144,49.57,250.0,0.0,0.0,200.42,0,0
12:00:33.468,537225,49.65,250.0,0.0,0.0,200.34,0,0
12:00:33.575,537325,49.6,250.0,0.0,0.0,200.39,0,0
12:00:33.668,537425,49.6,250.0,0.0,0.0,200.39,0,0
12:00:33.767,537525,49.6,250.0,0.0,0.0,200.39,0,0
12:00:33.789,537543,49.6,250.0,0.0,0.0,200.39,0,0
12:00:33.866,537625,49.63,250.0,0.0,0.0,200.36,0,0
12:00:33.962,537725,49.58,250.0,0.0,0.0,200.41,0,0
12:00:34.061,537825,49.58,250.0,0.0,0.0,200.41,0,0
12:00:34.082,537844,49.61,250.0,0.0,0.0,200.38,0,0
12:00:34.161,537925,49.63,250.0,0.0,0.0,200.36,0,0
12:00:34.261,538025,49.63,250.0,0.0,0.0,200.36,0,0
12:00:34.281,538044,49.71,250.0,0.0,0.0,200.28,0,0
12:00:34.394,538125,49.77,250.0,0.0,0.0,200.22,0,0
12:00:34.462,538225,49.71,250.0,0.0,0.0,200.28,0,0
12:00:34.575,538325,49.72,250.0,0.0,0.0,200.27,0,0
12:00:34.671,538425,49.72,250.0,0.0,0.0,200.27,0,0
12:00:34.693,538444,49.71,250.0,0.0,0.0,200.28,0,0
12:00:34.780,538525,49.68,250.0,0.0,0.0,200.31,0,0
12:00:34.871,538625,49.7,250.0,0.0,0.0,200.29,0,0
12:00:34.961,538725,49.69,250.0,0.0,0.0,200.3,0,0
12:00:35.061,538825,49.58,250.0,0.0,0.0,200.41,0,0
12:00:35.162,538925,49.58,250.0,0.0,0.0,200.41,0,0
12:00:35.182,538944,49.54,250.0,0.0,0.0,200.45,0,0
12:00:35.261,539025,49.47,250.0,0.0,0.0,200.52,0,0
12:00:35.362,539125,49.46,250.0,0.0,0.0,200.53,0,0
12:00:35.461,539225,49.5,250.0,0.0,0.0,200.49,0,0
12:00:35.574,539325,49.5,250.0,0.0,0.0,200.49,0,0
12:00:35.579,539344,49.64,250.0,0.0,0.0,200.35,0,0
12:00:35.663,539425,49.76,250.0,0.0,0.0,200.23,0,0
12:00:35.761,539525,49.75,250.0,0.0,0.0,200.24,0,0
12:00:35.863,539625,49.63,250.0,0.0,0.0,200.36,0,0
12:00:35.962,539725,49.63,250.0,0.0,0.0,200.36,0,0
12:00:35.982,539744,49.66,250.0,0.0,0.0,200.33,0,0
12:00:36.061,539825,49.68,250.0,0.0,0.0,200.31,0,0
12:00:36.163,539925,49.57,250.0,0.0,0.0,200.42,0,0
12:00:36.261,540025,49.55,250.0,0.0,0.0,200.44,0,0
12:00:36.363,540125,49.56,250.0,0.0,0.0,200.43,0,0
12:00:36.460,540225,49.54,250.0,0.0,0.0,200.45,0,0
12:00:36.561,540325,49.5,250.0,0.0,0.0,200.49,0,0
12:00:36.660,540425,49.5,250.0,0.0,0.0,200.49,0,0
12:00:36.687,540444,49.49,250.0,0.0,0.0,200.5,0,0
12:00:36.760,540525,49.45,250.0,0.0,0.0,200.54,0,0
12:00:36.866,540625,49.44,250.0,0.0,0.0,200.55,0,0
12:00:36.962,540725,49.44,250.0,0.0,0.0,200.55,0,0
12:00:36.984,540743,49.44,250.0,0.0,0.0,200.55,0,0
12:00:37.061,540825,49.46,250.0,0.0,0.0,200.53,0,0
12:00:37.163,540925,49.38,250.0,0.0,0.0,200.61,0,0
12:00:37.263,541025,49.38,250.0,0.0,0.0,200.61,0,0
12:00:37.284,541044,49.35,250.0,0.0,0.0,200.64,0,0
12:00:37.363,541125,49.33,250.0,0.0,0.0,200.66,0,0
12:00:37.461,541225,49.33,250.0,0.0,0.0,200.66,0,0
12:00:37.483,541243,49.33,250.0,0.0,0.0,200.66,0,0
12:00:37.561,541325,49.31,250.0,0.0,0.0,200.68,0,0
12:00:37.662,541425,49.34,250.0,0.0,0.0,200.65,0,0
12:00:37.761,541525,49.34,250.0,0.0,0.0,200.65,0,0
12:00:37.817,541544,49.32,250.0,0.0,0.0,200.67,0,0
12:00:37.864,541625,49.3,250.0,0.0,0.0,200.69,0,0
12:00:37.960,541725,49.3,250.0,0.0,0.0,200.69,0,0
12:00:37.982,541744,49.36,250.0,0.0,0.0,200.63,0,0
12:00:38.061,541825,49.36,250.0,0.0,0.0,200.63,0,0
12:00:38.081,541844,49.38,250.0,0.0,0.0,200.61,0,0
12:00:38.162,541925,49.41,250.0,0.0,0.0,200.58,0,0
12:00:38.261,542025,49.41,250.0,0.0,0.0,200.58,0,0
12:00:38.365,542125,49.41,250.0,0.0,0.0,200.58,0,0
12:00:38.401,542144,49.35,250.0,0.0,0.0,200.64,0,0
12:00:38.461,542225,49.3,250.0,0.0,0.0,200.69,0,0
12:00:38.561,542325,49.3,250.0,0.0,0.0,200.69,0,0
12:00:38.581,542343,49.3,250.0,0.0,0.0,200.69,0,0
12:00:38.663,542425,49.43,250.0,0.0,0.0,200.56,0,0
12:00:38.760,542525,49.45,250.0,0.0,0.0,200.54,0,0
12:00:38.860,542625,49.45,250.0,0.0,0.0,200.54,0,0
12:00:38.880,542644,49.47,250.0,0.0,0.0,200.52,0,0
12:00:38.961,542725,49.49,250.0,0.0,0.0,200.5,0,0
12:00:39.060,542825,49.35,250.0,0.0,0.0,200.64,0,0
12:00:39.163,542925,49.33,250.0,0.0,0.0,200.66,0,0
12:00:39.263,543025,49.33,250.0,0.0,0.0,200.66,0,0
12:00:39.283,543044,49.36,250.0,0.0,0.0,200.63,0,0
12:00:39.360,543125,49.38,250.0,0.0,0.0,200.61,0,0
12:00:39.460,543225,49.41,250.0,0.0,0.0,200.58,0,0
12:00:39.560,543325,49.41,250.0,0.0,0.0,200.58,0,0
12:00:39.584,543343,49.41,250.0,0.0,0.0,200.58,0,0
12:00:39.662,543425,49.38,250.0,0.0,0.0,200.61,0,0
12:00:39.760,543525,49.43,250.0,0.0,0.0,200.56,0,0
12:00:39.860,543625,49.43,250.0,0.0,0.0,200.56,0,0
12:00:39.881,543644,49.4,250.0,0.0,0.0,200.59,0,0
12:00:39.960,543725,49.37,250.0,0.0,0.0,200.62,0,0
12:00:40.061,543825,49.37,250.0,0.0,0.0,200.62,0,0
12:00:40.167,543925,49.4,250.0,0.0,0.0,200.59,0,0
12:00:40.261,544025,49.37,250.0,0.0,0.0,200.62,0,0
12:00:40.360,544125,49.37,250.0,0.0,0.0,200.62,0,0
12:00:40.379,544144,49.42,250.0,0.0,0.0,200.57,0,0
12:00:40.460,544225,49.47,250.0,0.0,0.0,200.52,0,0
12:00:40.560,544325,49.48,250.0,0.0,0.0,200.51,0,0
12:00:40.662,544425,49.48,250.0,0.0,0.0,200.51,0,0
12:00:40.680,544444,49.5,250.0,0.0,0.0,200.49,0,0
12:00:40.762,544525,49.53,250.0,0.0,0.0,200.46,0,0
12:00:40.860,544625,49.49,250.0,0.0,0.0,200.5,0,0
12:00:40.960,544725,49.49,250.0,0.0,0.0,200.5,0,0
12:00:40.981,544744,49.46,250.0,0.0,0.0,200.53,0,0
12:00:41.059,544825,49.42,250.0,0.0,0.0,200.57,0,0
12:00:41.163,544925,49.49,250.0,0.0,0.0,200.5,0,0
12:00:41.260,545025,49.49,250.0,0.0,0.0,200.5,0,0
12:00:41.280,545044,49.56,250.0,0.0,0.0,200.43,0,0
12:00:41.366,545125,49.61,250.0,0.0,0.0,200.38,0,0
12:00:41.460,545225,49.56,250.0,0.0,0.0,200.43,0,0
12:00:41.560,545325,49.57,250.0,0.0,0.0,200.42,0,0
12:00:41.662,545425,49.57,250.0,0.0,0.0,200.42,0,0
12:00:41.678,545443,49.57,250.0,0.0,0.0,200.42,0,0
12:00:41.759,545525,49.5,250.0,0.0,0.0,200.49,0,0
12:00:41.878,545625,49.46,250.0,0.0,0.0,200.53,0,0
12:00:41.964,545725,49.46,250.0,0.0,0.0,200.53,0,0
12:00:41.982,545744,49.48,250.0,0.0,0.0,200.51,0,0
12:00:42.059,545825,49.52,250.0,0.0,0.0,200.47,0,0
12:00:42.162,545925,49.48,250.0,0.0,0.0,200.51,0,0
12:00:42.259,546025,49.48,250.0,0.0,0.0,200.51,0,0
12:00:42.279,546044,49.44,250.0,0.0,0.0,200.55,0,0
12:00:42.360,546125,49.41,250.0,0.0,0.0,200.58,0,0
12:00:42.459,546225,49.41,250.0,0.0,0.0,200.58,0,0
12:00:42.479,546244,49.43,250.0,0.0,0.0,200.56,0,0
12:00:42.560,546325,49.45,250.0,0.0,0.0,200.54,0,0
12:00:42.659,546425,49.47,250.0,0.0,0.0,200.52,0,0
12:00:42.760,546525,49.47,250.0,0.0,0.0,200.52,0,0
12:00:42.782,546544,49.53,250.0,0.0,0.0,200.46,0,0
12:00:42.860,546625,49.59,250.0,0.0,0.0,200.4,0,0
12:00:42.963,546725,49.47,250.0,0.0,0.0,200.52,0,0
12:00:43.072,546825,49.47,250.0,0.0,0.0,200.52,0,0
12:00:43.080,546844,49.49,250.0,0.0,0.0,200.5,0,0
12:00:43.159,546925,49.5,250.0,0.0,0.0,200.49,0,0
12:00:43.259,547025,49.5,250.0,0.0,0.0,200.49,0,0
12:00:43.279,547043,49.5,250.0,0.0,0.0,200.49,0,0
12:00:43.358,547125,49.46,250.0,0.0,0.0,200.53,0,0
12:00:43.460,547225,49.43,250.0,0.0,0.0,200.56,0,0
12:00:43.562,547325,49.43,250.0,0.0,0.0,200.56,0,0
12:00:43.581,547344,49.45,250.0,0.0,0.0,200.54,0,0
12:00:43.671,547425,49.49,250.0,0.0,0.0,200.5,0,0
12:00:43.760,547525,49.5,250.0,0.0,0.0,200.49,0,0
12:00:43.859,547625,49.5,250.0,0.0,0.0,200.49,0,0
12:00:43.878,547644,49.54,250.0,0.0,0.0,200.45,0,0
12:00:43.959,547725,49.57,250.0,0.0,0.0,200.42,0,0
12:00:44.059,547825,49.53,250.0,0.0,0.0,200.46,0,0
12:00:44.165,547925,49.54,250.0,0.0,0.0,200.45,0,0
12:00:44.259,548025,49.54,250.0,0.0,0.0,200.45,0,0
12:00:44.279,548043,49.54,250.0,0.0,0.0,200.45,0,0
12:00:44.360,548125,49.47,250.0,0.0,0.0,200.52,0,0
12:00:44.467,548225,49.46,250.0,0.0,0.0,200.53,0,0
12:00:44.559,548325,49.55,250.0,0.0,0.0,200.44,0,0
12:00:44.662,548425,49.54,250.0,0.0,0.0,200.45,0,0
12:00:44.758,548525,49.54,250.0,0.0,0.0,200.45,0,0
12:00:44.808,548543,49.54,250.0,0.0,0.0,200.45,0,0
12:00:44.859,548625,49.54,250.0,0.0,0.0,200.45,0,0
12:00:44.961,548725,49.54,250.0,0.0,0.0,200.45,0,0
12:00:44.998,548744,49.65,250.0,0.0,0.0,200.34,0,0
12:00:45.059,548825,49.75,250.0,0.0,0.0,200.24,0,0
12:00:45.158,548925,49.68,250.0,0.0,0.0,200.31,0,0
12:00:45.260,549025,49.63,250.0,0.0,0.0,200.36,0,0
12:00:45.385,549125,49.63,250.0,0.0,0.0,200.36,0,0
12:00:45.471,549225,49.58,250.0,0.0,0.0,200.41,0,0
12:00:45.575,549325,49.61,250.0,0.0,0.0,200.38,0,0
12:00:45.664,549425,49.61,250.0,0.0,0.0,200.38,0,0
12:00:45.692,549444,49.66,250.0,0.0,0.0,200.33,0,0
12:00:45.763,549525,49.7,250.0,0.0,0.0,200.29,0,0
12:00:45.870,549625,49.7,250.0,0.0,0.0,200.29,0,0
12:00:45.880,549643,49.7,250.0,0.0,0.0,200.29,0,0
12:00:45.961,549725,49.72,250.0,0.0,0.0,200.27,0,0
12:00:46.059,549825,49.66,250.0,0.0,0.0,200.33,0,0
12:00:46.159,549925,49.66,250.0,0.0,0.0,200.33,0,0
12:00:46.178,549944,49.68,250.0,0.0,0.0,200.31,0,0
12:00:46.261,550025,49.68,250.0,0.0,0.0,200.31,0,0
12:00:46.291,550044,49.65,250.0,0.0,0.0,200.34,0,0
12:00:46.360,550125,49.65,250.0,0.0,0.0,200.34,0,0
12:00:46.460,550225,49.55,250.0,0.0,0.0,200.44,0,0
12:00:46.559,550325,49.5,250.0,0.0,0.0,200.49,0,0
12:00:46.659,550425,49.5,250.0,0.0,0.0,200.49,0,0
12:00:46.677,550444,49.44,250.0,0.0,0.0,200.55,0,0
12:00:46.759,550525,49.38,250.0,0.0,0.0,200.61,0,0
12:00:46.857,550625,49.46,250.0,0.0,0.0,200.53,0,0
12:00:46.961,550725,49.46,250.0,0.0,0.0,200.53,0,0
12:00:46.978,550744,49.47,250.0,0.0,0.0,200.52,0,0
12:00:47.102,550825,49.49,250.0,0.0,0.0,200.5,0,0
12:00:47.159,550925,49.38,250.0,0.0,0.0,200.61,0,0
12:00:47.257,551025,49.33,250.0,0.0,0.0,200.66,0,0
12:00:47.358,551125,49.33,250.0,0.0,0.0,200.66,0,0
12:00:47.380,551144,49.36,250.0,0.0,0.0,200.63,0,0
12:00:47.461,551225,49.38,250.0,0.0,0.0,200.61,0,0
12:00:47.558,551325,49.33,250.0,0.0,0.0,200.66,0,0
12:00:47.657,551425,49.34,250.0,0.0,0.0,200.65,0,0
12:00:47.759,551525,49.34,250.0,0.0,0.0,200.65,0,0
12:00:47.777,551544,49.34,250.0,0.0,0.0,200.65,0,0
12:00:47.860,551625,49.32,250.0,0.0,0.0,200.67,0,0
12:00:47.961,551725,49.35,250.0,0.0,0.0,200.64,0,0
12:00:48.058,551825,49.35,250.0,0.0,0.0,200.64,0,0
12:00:48.088,551844,49.38,250.0,0.0,0.0,200.61,0,0
12:00:48.157,551925,49.38,250.0,0.0,0.0,200.61,0,0
12:00:48.281,552025,49.38,250.0,0.0,0.0,200.61,0,0
12:00:48.358,552125,49.43,250.0,0.0,0.0,200.56,0,0
12:00:48.458,552225,49.43,250.0,0.0,0.0,200.56,0,0
12:00:48.477,552243,49.43,250.0,0.0,0.0,200.56,0,0
12:00:48.558,552325,49.45,250.0,0.0,0.0,200.54,0,0
12:00:48.658,552425,49.41,250.0,0.0,0.0,200.58,0,0
12:00:48.759,552525,49.36,250.0,0.0,0.0,200.63,0,0
12:00:48.888,552625,49.36,250.0,0.0,0.0,200.63,0,0
12:00:48.893,552644,49.46,250.0,0.0,0.0,200.53,0,0
12:00:48.960,552725,49.55,250.0,0.0,0.0,200.44,0,0
12:00:49.059,552825,49.53,250.0,0.0,0.0,200.46,0,0
12:00:49.159,552925,49.53,250.0,0.0,0.0,200.46,0,0
12:00:49.179,552944,49.57,250.0,0.0,0.0,200.42,0,0
12:00:49.260,553025,49.62,250.0,0.0,0.0,200.37,0,0
12:00:49.358,553125,49.6,250.0,0.0,0.0,200.39,0,0
12:00:49.518,553225,49.6,250.0,0.0,0.0,200.39,0,0
12:00:49.540,553244,49.63,250.0,0.0,0.0,200.36,0,0
12:00:49.561,553325,49.65,250.0,0.0,0.0,200.34,0,0
12:00:49.732,553425,49.62,250.0,0.0,0.0,200.37,0,0
12:00:49.775,553525,49.5,250.0,0.0,0.0,200.49,0,0
12:00:49.860,553625,49.43,250.0,0.0,0.0,200.56,0,0
12:00:49.976,553725,49.43,250.0,0.0,0.0,200.56,0,0
12:00:49.983,553744,49.5,250.0,0.0,0.0,200.49,0,0
12:00:50.087,553825,49.54,250.0,0.0,0.0,200.45,0,0
12:00:50.157,553925,49.5,250.0,0.0,0.0,200.49,0,0
12:00:50.259,554025,49.5,250.0,0.0,0.0,200.49,0,0
12:00:50.277,554044,49.56,250.0,0.0,0.0,200.43,0,0
12:00:50.357,554125,49.62,250.0,0.0,0.0,200.37,0,0
12:00:50.461,554225,49.62,250.0,0.0,0.0,200.37,0,0
12:00:50.558,554325,49.62,250.0,0.0,0.0,200.37,0,0
12:00:50.579,554343,49.62,250.0,0.0,0.0,200.37,0,0
12:00:50.662,554425,49.52,250.0,0.0,0.0,200.47,0,0
12:00:50.759,554525,49.52,250.0,0.0,0.0,200.47,0,0
12:00:50.784,554544,49.55,250.0,0.0,0.0,200.44,0,0
12:00:50.857,554625,49.61,250.0,0.0,0.0,200.38,0,0
12:00:50.957,554725,49.51,250.0,0.0,0.0,200.48,0,0
12:00:51.058,554825,49.51,250.0,0.0,0.0,200.48,0,0
12:00:51.082,554843,49.51,250.0,0.0,0.0,200.48,0,0
12:00:51.157,554925,49.47,250.0,0.0,0.0,200.52,0,0
12:00:51.262,555025,49.46,250.0,0.0,0.0,200.53,0,0
12:00:51.357,555125,49.46,250.0,0.0,0.0,200.53,0,0
12:00:51.377,555144,49.5,250.0,0.0,0.0,200.49,0,0
12:00:51.456,555225,49.52,250.0,0.0,0.0,200.47,0,0
12:00:51.556,555325,49.52,250.0,0.0,0.0,200.47,0,0
12:00:51.575,555344,49.62,250.0,0.0,0.0,200.37,0,0
12:00:51.657,555425,49.62,250.0,0.0,0.0,200.37,0,0
12:00:51.677,555443,49.62,250.0,0.0,0.0,200.37,0,0
12:00:51.759,555525,49.62,250.0,0.0,0.0,200.37,0,0
12:00:51.776,555544,49.75,250.0,0.0,0.0,200.24,0,0
12:00:51.863,555625,49.86,250.0,0.0,0.0,200.13,0,0
12:00:51.957,555725,49.83,250.0,0.0,0.0,200.16,0,0
12:00:52.058,555825,49.76,250.0,0.0,0.0,200.23,0,0
12:00:52.156,555925,49.7,250.0,0.0,0.0,200.29,0,0
12:00:52.261,556025,49.7,250.0,0.0,0.0,200.29,0,0
12:00:52.291,556044,49.72,250.0,0.0,0.0,200.27,0,0
12:00:52.356,556125,49.73,250.0,0.0,0.0,200.26,0,0
12:00:52.464,556225,49.67,250.0,0.0,0.0,200.32,0,0
12:00:52.558,556325,49.67,250.0,0.0,0.0,200.32,0,0
12:00:52.579,556343,49.67,250.0,0.0,0.0,200.32,0,0
12:00:52.657,556425,49.67,250.0,0.0,0.0,200.32,0,0
12:00:52.758,556525,49.67,250.0,0.0,0.0,200.32,0,0
12:00:52.857,556625,49.56,250.0,0.0,0.0,200.43,0,0
12:00:52.956,556725,49.54,250.0,0.0,0.0,200.45,0,0
12:00:53.060,556825,49.5,250.0,0.0,0.0,200.49,0,0
12:00:53.157,556925,49.5,250.0,0.0,0.0,200.49,0,0
12:00:53.175,556943,49.5,250.0,0.0,0.0,200.49,0,0
12:00:53.260,557025,49.41,250.0,0.0,0.0,200.58,0,0
12:00:53.356,557125,49.33,250.0,0.0,0.0,200.66,0,0
12:00:53.457,557225,49.29,250.0,0.0,0.0,200.7,0,0
12:00:53.557,557325,49.29,250.0,0.0,0.0,200.7,0,0
12:00:53.576,557344,49.32,250.0,0.0,0.0,200.67,0,0
12:00:53.664,557425,49.35,250.0,0.0,0.0,200.64,0,0
12:00:53.759,557525,49.3,250.0,0.0,0.0,200.69,0,0
12:00:53.856,557625,49.31,250.0,0.0,0.0,200.68,0,0
12:00:53.957,557725,49.31,250.0,0.0,0.0,200.68,0,0
12:00:53.976,557744,49.37,250.0,0.0,0.0,200.62,0,0
12:00:54.058,557825,49.42,250.0,0.0,0.0,200.57,0,0
12:00:54.157,557925,49.41,250.0,0.0,0.0,200.58,0,0
12:00:54.262,558025,49.41,250.0,0.0,0.0,200.58,0,0
12:00:54.276,558043,49.41,250.0,0.0,0.0,200.58,0,0
12:00:54.357,558125,49.46,250.0,0.0,0.0,200.53,0,0
12:00:54.456,558225,49.43,250.0,0.0,0.0,200.56,0,0
12:00:54.558,558325,49.43,250.0,0.0,0.0,200.56,0,0
12:00:54.579,558344,49.35,250.0,0.0,0.0,200.64,0,0
12:00:54.657,558425,49.27,250.0,0.0,0.0,200.72,0,0
12:00:54.756,558525,49.31,250.0,0.0,0.0,200.68,0,0
12:00:54.864,558625,49.31,250.0,0.0,0.0,200.68,0,0
12:00:54.888,558644,49.41,250.0,0.0,0.0,200.58,0,0
12:00:54.956,558725,49.51,250.0,0.0,0.0,200.48,0,0
12:00:55.058,558825,49.52,250.0,0.0,0.0,200.47,0,0
12:00:55.157,558925,49.52,250.0,0.0,0.0,200.47,0,0
12:00:55.176,558944,49.53,250.0,0.0,0.0,200.46,0,0
12:00:55.260,559025,49.54,250.0,0.0,0.0,200.45,0,0
12:00:55.356,559125,49.54,250.0,0.0,0.0,200.45,0,0
12:00:55.376,559143,49.54,250.0,0.0,0.0,200.45,0,0
12:00:55.460,559225,49.57,250.0,0.0,0.0,200.42,0,0
12:00:55.557,559325,49.53,250.0,0.0,0.0,200.46,0,0
12:00:55.657,559425,49.53,250.0,0.0,0.0,200.46,0,0
12:00:55.676,559444,49.59,250.0,0.0,0.0,200.4,0,0
12:00:55.760,559525,49.64,250.0,0.0,0.0,200.35,0,0
12:00:55.855,559625,49.64,250.0,0.0,0.0,200.35,0,0
12:00:55.877,559643,49.64,250.0,0.0,0.0,200.35,0,0
12:00:55.957,559725,49.69,250.0,0.0,0.0,200.3,0,0
12:00:56.057,559825,49.69,250.0,0.0,0.0,200.3,0,0
12:00:56.075,559844,49.66,250.0,0.0,0.0,200.33,0,0
12:00:56.156,559925,49.63,250.0,0.0,0.0,200.36,0,0
12:00:56.258,560025,49.65,250.0,0.0,0.0,200.34,0,0
12:00:56.358,560125,49.65,250.0,0.0,0.0,200.34,0,0
12:00:56.378,560143,49.65,250.0,0.0,0.0,200.34,0,0
12:00:56.456,560225,49.6,250.0,0.0,0.0,200.39,0,0
12:00:56.568,560325,49.55,250.0,0.0,0.0,200.44,0,0
12:00:56.656,560425,49.55,250.0,0.0,0.0,200.44,0,0
12:00:56.675,560444,49.61,250.0,0.0,0.0,200.38,0,0
12:00:56.756,560525,49.66,250.0,0.0,0.0,200.33,0,0
12:00:56.856,560625,49.63,250.0,0.0,0.0,200.36,0,0
12:00:56.956,560725,49.53,250.0,0.0,0.0,200.46,0,0
12:00:57.056,560825,49.46,250.0,0.0,0.0,200.53,0,0
12:00:57.157,560925,49.43,250.0,0.0,0.0,200.56,0,0
12:00:57.256,561025,49.43,250.0,0.0,0.0,200.56,0,0
12:00:57.275,561044,49.35,250.0,0.0,0.0,200.64,0,0
12:00:57.355,561125,49.28,250.0,0.0,0.0,200.71,0,0
12:00:57.456,561225,49.18,250.0,0.0,0.0,200.81,0,0
12:00:57.557,561325,49.13,250.0,0.0,0.0,200.86,0,0
12:00:57.656,561425,49.13,250.0,0.0,0.0,200.86,0,0
12:00:57.699,561444,49.18,250.0,0.0,0.0,200.81,0,0
12:00:57.756,561525,49.22,250.0,0.0,0.0,200.77,0,0
12:00:57.856,561625,49.22,250.0,0.0,0.0,200.77,0,0
12:00:57.877,561644,49.29,250.0,0.0,0.0,200.7,0,0
12:00:57.956,561725,49.35,250.0,0.0,0.0,200.64,0,0
12:00:58.057,561825,49.35,250.0,0.0,0.0,200.64,0,0
12:00:58.156,561925,49.25,250.0,0.0,0.0,200.74,0,0
12:00:58.265,562025,49.25,250.0,0.0,0.0,200.74,0,0
12:00:58.283,562044,49.26,250.0,0.0,0.0,200.73,0,0
12:00:58.355,562125,49.27,250.0,0.0,0.0,200.72,0,0
12:00:58.455,562225,49.23,250.0,0.0,0.0,200.76,0,0
12:00:58.555,562325,49.23,250.0,0.0,0.0,200.76,0,0
12:00:58.573,562344,49.22,250.0,0.0,0.0,200.77,0,0
12:00:58.655,562425,49.19,250.0,0.0,0.0,200.8,0,0
12:00:58.755,562525,49.11,250.0,0.0,0.0,200.88,0,0
12:00:58.855,562625,49.13,250.0,0.0,0.0,200.86,0,0
12:00:58.955,562725,49.13,250.0,0.0,0.0,200.86,0,0
12:00:58.975,562743,49.13,250.0,0.0,0.0,200.86,0,0
12:00:59.056,562825,49.18,250.0,0.0,0.0,200.81,0,0
12:00:59.155,562925,49.15,250.0,0.0,0.0,200.84,0,0
12:00:59.255,563025,49.22,250.0,0.0,0.0,200.77,0,0
12:00:59.355,563125,49.22,250.0,0.0,0.0,200.77,0,0
12:00:59.393,563144,49.19,250.0,0.0,0.0,200.8,0,0
12:00:59.454,563225,49.16,250.0,0.0,0.0,200.83,0,0
12:00:59.556,563325,49.2,250.0,0.0,0.0,200.79,0,0
12:00:59.656,563425,49.2,250.0,0.0,0.0,200.79,0,0
12:00:59.676,563444,49.37,250.0,0.0,0.0,200.62,0,0
12:00:59.755,563525,49.52,250.0,0.0,0.0,200.47,0,0
12:00:59.855,563625,49.52,250.0,0.0,0.0,200.47,0,0
12:00:59.874,563644,49.5,250.0,0.0,0.0,200.49,0,0
12:00:59.968,563725,49.49,250.0,0.0,0.0,200.5,0,0
12:01:00.057,563825,49.5,250.0,0.0,0.0,200.49,0,0
12:01:00.155,563925,49.54,250.0,0.0,0.0,200.45,0,0
12:01:00.254,564025,49.54,250.0,0.0,0.0,200.45,0,0
12:01:00.274,564044,49.5,250.0,0.0,0.0,200.49,0,0
12:01:00.355,564125,49.46,250.0,0.0,0.0,200.53,0,0
12:01:00.455,564225,49.45,250.0,0.0,0.0,200.54,0,0
12:01:00.554,564325,49.44,250.0,0.0,0.0,200.55,0,0
12:01:00.655,564425,49.44,250.0,0.0,0.0,200.55,0,0
12:01:00.677,564444,49.44,250.0,0.0,0.0,200.55,0,0
12:01:00.755,564525,49.43,250.0,0.0,0.0,200.56,0,0
12:01:00.856,564625,49.48,250.0,0.0,0.0,200.51,0,0
12:01:00.954,564725,49.48,250.0,0.0,0.0,200.51,0,0
12:01:00.974,564744,49.49,250.0,0.0,0.0,200.5,0,0
12:01:01.056,564825,49.5,250.0,0.0,0.0,200.49,0,0
12:01:01.155,564925,49.49,250.0,0.0,0.0,200.5,0,0
12:01:01.254,565025,49.49,250.0,0.0,0.0,200.5,0,0
12:01:01.273,565044,49.53,250.0,0.0,0.0,200.46,0,0
12:01:01.355,565125,49.59,250.0,0.0,0.0,200.4,0,0
12:01:01.455,565225,49.52,250.0,0.0,0.0,200.47,0,0
12:01:01.555,565325,49.52,250.0,0.0,0.0,200.47,0,0
12:01:01.573,565343,49.52,250.0,0.0,0.0,200.47,0,0
12:01:01.659,565425,49.43,250.0,0.0,0.0,200.56,0,0
12:01:01.755,565525,49.37,250.0,0.0,0.0,200.62,0,0
12:01:01.855,565625,49.3,250.0,0.0,0.0,200.69,0,0
12:01:01.955,565725,49.3,250.0,0.0,0.0,200.69,0,0
12:01:01.975,565744,49.28,250.0,0.0,0.0,200.71,0,0
12:01:02.054,565825,49.26,250.0,0.0,0.0,200.73,0,0
12:01:02.154,565925,49.27,250.0,0.0,0.0,200.72,0,0
12:01:02.253,566025,49.27,250.0,0.0,0.0,200.72,0,0
12:01:02.274,566044,49.33,250.0,0.0,0.0,200.66,0,0
12:01:02.355,566125,49.39,250.0,0.0,0.0,200.6,0,0
12:01:02.454,566225,49.41,250.0,0.0,0.0,200.58,0,0
12:01:02.555,566325,49.36,250.0,0.0,0.0,200.63,0,0
12:01:02.654,566425,49.36,250.0,0.0,0.0,200.63,0,0
12:01:02.673,566443,49.36,250.0,0.0,0.0,200.63,0,0
12:01:02.760,566525,49.31,250.0,0.0,0.0,200.68,0,0
12:01:02.853,566625,49.31,250.0,0.0,0.0,200.68,0,0
12:01:02.873,566644,49.39,250.0,0.0,0.0,200.6,0,0
12:01:02.954,566725,49.46,250.0,0.0,0.0,200.53,0,0
12:01:03.054,566825,49.48,250.0,0.0,0.0,200.51,0,0
12:01:03.154,566925,49.47,250.0,0.0,0.0,200.52,0,0
12:01:03.255,567025,49.51,250.0,0.0,0.0,200.48,0,0
12:01:03.354,567125,49.47,250.0,0.0,0.0,200.52,0,0
12:01:03.454,567225,49.47,250.0,0.0,0.0,200.52,0,0
12:01:03.473,567244,49.41,250.0,0.0,0.0,200.58,0,0
12:01:03.566,567325,49.36,250.0,0.0,0.0,200.63,0,0
12:01:03.658,567425,49.38,250.0,0.0,0.0,200.61,0,0
12:01:03.754,567525,49.33,250.0,0.0,0.0,200.66,0,0
12:01:03.855,567625,49.33,250.0,0.0,0.0,200.66,0,0
12:01:03.885,567644,49.39,250.0,0.0,0.0,200.6,0,0
12:01:03.954,567725,49.46,250.0,0.0,0.0,200.53,0,0
12:01:04.056,567825,49.45,250.0,0.0,0.0,200.54,0,0
12:01:04.154,567925,49.45,250.0,0.0,0.0,200.54,0,0
12:01:04.173,567943,49.45,250.0,0.0,0.0,200.54,0,0
12:01:04.254,568025,49.49,250.0,0.0,0.0,200.5,0,0
12:01:04.355,568125,49.46,250.0,0.0,0.0,200.53,0,0
12:01:04.459,568225,49.46,250.0,0.0,0.0,200.53,0,0
12:01:04.475,568244,49.47,250.0,0.0,0.0,200.52,0,0
12:01:04.554,568325,49.49,250.0,0.0,0.0,200.5,0,0
12:01:04.654,568425,49.48,250.0,0.0,0.0,200.51,0,0
12:01:04.753,568525,49.47,250.0,0.0,0.0,200.52,0,0
12:01:04.855,568625,49.46,250.0,0.0,0.0,200.53,0,0
12:01:04.955,568725,49.45,250.0,0.0,0.0,200.54,0,0
12:01:05.053,568825,49.42,250.0,0.0,0.0,200.57,0,0
12:01:05.156,568925,49.42,250.0,0.0,0.0,200.57,0,0
12:01:05.178,568944,49.44,250.0,0.0,0.0,200.55,0,0
12:01:05.254,569025,49.46,250.0,0.0,0.0,200.53,0,0
12:01:05.355,569125,49.5,250.0,0.0,0.0,200.49,0,0
12:01:05.454,569225,49.5,250.0,0.0,0.0,200.49,0,0
12:01:05.474,569244,49.61,250.0,0.0,0.0,200.38,0,0
12:01:05.568,569325,49.69,250.0,0.0,0.0,200.3,0,0
12:01:05.653,569425,49.58,250.0,0.0,0.0,200.41,0,0
12:01:05.754,569525,49.58,250.0,0.0,0.0,200.41,0,0
12:01:05.773,569543,49.58,250.0,0.0,0.0,200.41,0,0
12:01:05.858,569625,49.58,250.0,0.0,0.0,200.41,0,0
12:01:05.954,569725,49.59,250.0,0.0,0.0,200.4,0,0
12:01:06.058,569825,49.62,250.0,0.0,0.0,200.37,0,0
12:01:06.155,569925,49.52,250.0,0.0,0.0,200.47,0,0
12:01:06.266,570025,49.52,250.0,0.0,0.0,200.47,0,0
12:01:06.279,570044,49.58,250.0,0.0,0.0,200.41,0,0
12:01:06.364,570125,49.61,250.0,0.0,0.0,200.38,0,0
12:01:06.459,570225,49.53,250.0,0.0,0.0,200.46,0,0
12:01:06.556,570325,49.53,250.0,0.0,0.0,200.46,0,0
12:01:06.580,570344,49.52,250.0,0.0,0.0,200.47,0,0
12:01:06.703,570425,49.5,250.0,0.0,0.0,200.49,0,0
12:01:06.766,570525,49.5,250.0,0.0,0.0,200.49,0,0
12:01:06.789,570544,49.56,250.0,0.0,0.0,200.43,0,0
12:01:06.886,570625,49.64,250.0,0.0,0.0,200.35,0,0
12:01:06.966,570725,49.59,250.0,0.0,0.0,200.4,0,0
12:01:07.054,570825,49.59,250.0,0.0,0.0,200.4,0,0
12:01:07.078,570844,49.57,250.0,0.0,0.0,200.42,0,0
12:01:07.154,570925,49.55,250.0,0.0,0.0,200.44,0,0
12:01:07.268,571025,49.46,250.0,0.0,0.0,200.53,0,0
12:01:07.360,571125,49.46,250.0,0.0,0.0,200.53,0,0
12:01:07.392,571144,49.47,250.0,0.0,0.0,200.52,0,0
12:01:07.452,571225,49.49,250.0,0.0,0.0,200.5,0,0
12:01:07.552,571325,49.49,250.0,0.0,0.0,200.5,0,0
12:01:07.572,571344,49.58,250.0,0.0,0.0,200.41,0,0
12:01:07.654,571425,49.66,250.0,0.0,0.0,200.33,0,0
12:01:07.755,571525,49.65,250.0,0.0,0.0,200.34,0,0
12:01:07.853,571625,49.65,250.0,0.0,0.0,200.34,0,0
12:01:07.953,571725,49.65,250.0,0.0,0.0,200.34,0,0
12:01:07.975,571744,49.6,250.0,0.0,0.0,200.39,0,0
12:01:08.052,571825,49.55,250.0,0.0,0.0,200.44,0,0
12:01:08.155,571925,49.51,250.0,0.0,0.0,200.48,0,0
12:01:08.253,572025,49.5,250.0,0.0,0.0,200.49,0,0
12:01:08.352,572125,49.5,250.0,0.0,0.0,200.49,0,0
12:01:08.402,572143,49.5,250.0,0.0,0.0,200.49,0,0
12:01:08.453,572225,49.51,250.0,0.0,0.0,200.48,0,0
12:01:08.559,572325,49.47,250.0,0.0,0.0,200.52,0,0
12:01:08.663,572425,49.47,250.0,0.0,0.0,200.52,0,0
12:01:08.696,572444,49.56,250.0,0.0,0.0,200.43,0,0
12:01:08.759,572525,49.64,250.0,0.0,0.0,200.35,0,0
12:01:08.853,572625,49.64,250.0,0.0,0.0,200.35,0,0
12:01:08.872,572644,49.66,250.0,0.0,0.0,200.33,0,0
12:01:08.953,572725,49.66,250.0,0.0,0.0,200.33,0,0
12:01:09.053,572825,49.63,250.0,0.0,0.0,200.36,0,0
12:01:09.154,572925,49.53,250.0,0.0,0.0,200.46,0,0
12:01:09.252,573025,49.53,250.0,0.0,0.0,200.46,0,0
12:01:09.273,573044,49.46,250.0,0.0,0.0,200.53,0,0
12:01:09.353,573125,49.41,250.0,0.0,0.0,200.58,0,0
12:01:09.453,573225,49.41,250.0,0.0,0.0,200.58,0,0
12:01:09.474,573243,49.41,250.0,0.0,0.0,200.58,0,0
12:01:09.557,573325,49.4,250.0,0.0,0.0,200.59,0,0
12:01:09.654,573425,49.4,250.0,0.0,0.0,200.59,0,0
12:01:09.752,573525,49.4,250.0,0.0,0.0,200.59,0,0
12:01:09.774,573544,49.45,250.0,0.0,0.0,200.54,0,0
12:01:09.852,573625,49.49,250.0,0.0,0.0,200.5,0,0
12:01:09.953,573725,49.43,250.0,0.0,0.0,200.56,0,0
12:01:10.053,573825,49.4,250.0,0.0,0.0,200.59,0,0
12:01:10.154,573925,49.4,250.0,0.0,0.0,200.59,0,0
12:01:10.172,573944,49.49,250.0,0.0,0.0,200.5,0,0
12:01:10.252,574025,49.58,250.0,0.0,0.0,200.41,0,0
12:01:10.352,574125,49.61,250.0,0.0,0.0,200.38,0,0
12:01:10.454,574225,49.64,250.0,0.0,0.0,200.35,0,0
12:01:10.552,574325,49.64,250.0,0.0,0.0,200.35,0,0
12:01:10.573,574344,49.61,250.0,0.0,0.0,200.38,0,0
12:01:10.655,574425,49.56,250.0,0.0,0.0,200.43,0,0
12:01:10.753,574525,49.42,250.0,0.0,0.0,200.57,0,0
12:01:10.852,574625,49.39,250.0,0.0,0.0,200.6,0,0
12:01:10.952,574725,49.39,250.0,0.0,0.0,200.6,0,0
12:01:11.052,574825,49.39,250.0,0.0,0.0,200.6,0,0
12:01:11.073,574843,49.39,250.0,0.0,0.0,200.6,0,0
12:01:11.154,574925,49.31,250.0,0.0,0.0,200.68,0,0
12:01:11.251,575025,49.27,250.0,0.0,0.0,200.72,0,0
12:01:11.352,575125,49.27,250.0,0.0,0.0,200.72,0,0
12:01:11.370,575144,49.37,250.0,0.0,0.0,200.62,0,0
12:01:11.453,575225,49.47,250.0,0.0,0.0,200.52,0,0
12:01:11.553,575325,49.46,250.0,0.0,0.0,200.53,0,0
12:01:11.653,575425,49.38,250.0,0.0,0.0,200.61,0,0
12:01:11.752,575525,49.38,250.0,0.0,0.0,200.61,0,0
12:01:11.780,575544,49.45,250.0,0.0,0.0,200.54,0,0
12:01:11.877,575625,49.52,250.0,0.0,0.0,200.47,0,0
12:01:11.952,575725,49.52,250.0,0.0,0.0,200.47,0,0
12:01:11.973,575744,49.58,250.0,0.0,0.0,200.41,0,0
12:01:12.057,575825,49.63,250.0,0.0,0.0,200.36,0,0
12:01:12.155,575925,49.61,250.0,0.0,0.0,200.38,0,0
12:01:12.253,576025,49.61,250.0,0.0,0.0,200.38,0,0
12:01:12.273,576044,49.61,250.0,0.0,0.0,200.38,0,0
12:01:12.352,576125,49.64,250.0,0.0,0.0,200.35,0,0
12:01:12.476,576225,49.61,250.0,0.0,0.0,200.38,0,0
12:01:12.552,576325,49.61,250.0,0.0,0.0,200.38,0,0
12:01:12.575,576344,49.61,250.0,0.0,0.0,200.38,0,0
12:01:12.654,576425,49.61,250.0,0.0,0.0,200.38,0,0
12:01:12.752,576525,49.56,250.0,0.0,0.0,200.43,0,0
12:01:12.852,576625,49.56,250.0,0.0,0.0,200.43,0,0
12:01:12.871,576644,49.57,250.0,0.0,0.0,200.42,0,0
12:01:12.953,576725,49.55,250.0,0.0,0.0,200.44,0,0
12:01:13.089,576825,49.58,250.0,0.0,0.0,200.41,0,0
12:01:13.154,576925,49.49,250.0,0.0,0.0,200.5,0,0
12:01:13.252,577025,49.49,250.0,0.0,0.0,200.5,0,0
12:01:13.275,577044,49.48,250.0,0.0,0.0,200.51,0,0
12:01:13.352,577125,49.47,250.0,0.0,0.0,200.52,0,0
12:01:13.453,577225,49.51,250.0,0.0,0.0,200.48,0,0
12:01:13.552,577325,49.51,250.0,0.0,0.0,200.48,0,0
12:01:13.574,577344,49.52,250.0,0.0,0.0,200.47,0,0
12:01:13.671,577425,49.53,250.0,0.0,0.0,200.46,0,0
12:01:13.752,577525,49.53,250.0,0.0,0.0,200.46,0,0
12:01:13.855,577625,49.53,250.0,0.0,0.0,200.46,0,0
12:01:13.873,577644,49.59,250.0,0.0,0.0,200.4,0,0
12:01:13.966,577725,49.67,250.0,0.0,0.0,200.32,0,0
12:01:14.056,577825,49.54,250.0,0.0,0.0,200.45,0,0
12:01:14.163,577925,49.54,250.0,0.0,0.0,200.45,0,0
12:01:14.177,577943,49.54,250.0,0.0,0.0,200.45,0,0
12:01:14.265,578025,49.52,250.0,0.0,0.0,200.47,0,0
12:01:14.351,578125,49.38,250.0,0.0,0.0,200.61,0,0
12:01:14.453,578225,49.38,250.0,0.0,0.0,200.61,0,0
12:01:14.470,578244,49.45,250.0,0.0,0.0,200.54,0,0
12:01:14.552,578325,49.49,250.0,0.0,0.0,200.5,0,0
12:01:14.654,578425,49.48,250.0,0.0,0.0,200.51,0,0
12:01:14.751,578525,49.47,250.0,0.0,0.0,200.52,0,0
12:01:14.851,578625,49.39,250.0,0.0,0.0,200.6,0,0
12:01:14.952,578725,49.36,250.0,0.0,0.0,200.63,0,0
12:01:15.051,578825,49.39,250.0,0.0,0.0,200.6,0,0
12:01:15.151,578925,49.39,250.0,0.0,0.0,200.6,0,0
12:01:15.172,578944,49.39,250.0,0.0,0.0,200.6,0,0
12:01:15.252,579025,49.36,250.0,0.0,0.0,200.63,0,0
12:01:15.396,579125,49.39,250.0,0.0,0.0,200.6,0,0
12:01:15.453,579225,49.39,250.0,0.0,0.0,200.6,0,0
12:01:15.471,579244,49.53,250.0,0.0,0.0,200.46,0,0
12:01:15.552,579325,49.66,250.0,0.0,0.0,200.33,0,0
12:01:15.651,579425,49.66,250.0,0.0,0.0,200.33,0,0
12:01:15.752,579525,49.66,250.0,0.0,0.0,200.33,0,0
12:01:15.772,579543,49.66,250.0,0.0,0.0,200.33,0,0
12:01:15.851,579625,49.58,250.0,0.0,0.0,200.41,0,0
12:01:15.953,579725,49.58,250.0,0.0,0.0,200.41,0,0
12:01:15.978,579744,49.59,250.0,0.0,0.0,200.4,0,0
12:01:16.051,579825,49.59,250.0,0.0,0.0,200.4,0,0
12:01:16.151,579925,49.49,250.0,0.0,0.0,200.5,0,0
12:01:16.255,580025,49.43,250.0,0.0,0.0,200.56,0,0
12:01:16.350,580125,49.43,250.0,0.0,0.0,200.56,0,0
12:01:16.452,580225,49.43,250.0,0.0,0.0,200.56,0,0
12:01:16.470,580244,49.47,250.0,0.0,0.0,200.52,0,0
12:01:16.573,580325,49.54,250.0,0.0,0.0,200.45,0,0
12:01:16.651,580425,49.55,250.0,0.0,0.0,200.44,0,0
12:01:16.752,580525,49.55,250.0,0.0,0.0,200.44,0,0
12:01:16.774,580543,49.55,250.0,0.0,0.0,200.44,0,0
12:01:16.851,580625,49.55,250.0,0.0,0.0,200.44,0,0
12:01:16.871,580644,49.58,250.0,0.0,0.0,200.41,0,0
12:01:16.952,580725,49.61,250.0,0.0,0.0,200.38,0,0
12:01:17.051,580825,49.64,250.0,0.0,0.0,200.35,0,0
12:01:17.163,580925,49.64,250.0,0.0,0.0,200.35,0,0
12:01:17.178,580944,49.58,250.0,0.0,0.0,200.41,0,0
12:01:17.251,581025,49.54,250.0,0.0,0.0,200.45,0,0
12:01:17.350,581125,49.57,250.0,0.0,0.0,200.42,0,0
12:01:17.453,581225,49.57,250.0,0.0,0.0,200.42,0,0
12:01:17.550,581325,49.57,250.0,0.0,0.0,200.42,0,0
12:01:17.572,581344,49.68,250.0,0.0,0.0,200.31,0,0
12:01:17.651,581425,49.77,250.0,0.0,0.0,200.22,0,0
12:01:17.751,581525,49.68,250.0,0.0,0.0,200.31,0,0
12:01:17.851,581625,49.68,250.0,0.0,0.0,200.31,0,0
12:01:17.870,581643,49.68,250.0,0.0,0.0,200.31,0,0
12:01:17.953,581725,49.68,250.0,0.0,0.0,200.31,0,0
12:01:17.970,581744,49.7,250.0,0.0,0.0,200.29,0,0
12:01:18.050,581825,49.69,250.0,0.0,0.0,200.3,0,0
12:01:18.150,581925,49.66,250.0,0.0,0.0,200.33,0,0
12:01:18.251,582025,49.66,250.0,0.0,0.0,200.33,0,0
12:01:18.280,582044,49.73,250.0,0.0,0.0,200.26,0,0
12:01:18.350,582125,49.79,250.0,0.0,0.0,200.2,0,0
12:01:18.452,582225,49.75,250.0,0.0,0.0,200.24,0,0
12:01:18.551,582325,49.66,250.0,0.0,0.0,200.33,0,0
12:01:18.651,582425,49.64,250.0,0.0,0.0,200.35,0,0
12:01:18.750,582525,49.64,250.0,0.0,0.0,200.35,0,0
12:01:18.769,582544,49.58,250.0,0.0,0.0,200.41,0,0
12:01:18.856,582625,49.54,250.0,0.0,0.0,200.45,0,0
12:01:18.950,582725,49.54,250.0,0.0,0.0,200.45,0,0
12:01:18.969,582744,49.55,250.0,0.0,0.0,200.44,0,0
12:01:19.050,582825,49.55,250.0,0.0,0.0,200.44,0,0
12:01:19.151,582925,49.54,250.0,0.0,0.0,200.45,0,0
12:01:19.252,583025,49.54,250.0,0.0,0.0,200.45,0,0
12:01:19.269,583044,49.47,250.0,0.0,0.0,200.52,0,0
12:01:19.351,583125,49.41,250.0,0.0,0.0,200.58,0,0
12:01:19.450,583225,49.41,250.0,0.0,0.0,200.58,0,0
12:01:19.470,583243,49.41,250.0,0.0,0.0,200.58,0,0
12:01:19.550,583325,49.36,250.0,0.0,0.0,200.63,0,0
12:01:19.650,583425,49.38,250.0,0.0,0.0,200.61,0,0
12:01:19.752,583525,49.38,250.0,0.0,0.0,200.61,0,0
12:01:19.773,583544,49.43,250.0,0.0,0.0,200.56,0,0
12:01:19.849,583625,49.48,250.0,0.0,0.0,200.51,0,0
12:01:19.984,583725,49.44,250.0,0.0,0.0,200.55,0,0
12:01:20.050,583825,49.36,250.0,0.0,0.0,200.63,0,0
12:01:20.149,583925,49.28,250.0,0.0,0.0,200.71,0,0
12:01:20.252,584025,49.24,250.0,0.0,0.0,200.75,0,0
12:01:20.351,584125,49.23,250.0,0.0,0.0,200.76,0,0
12:01:20.449,584225,49.22,250.0,0.0,0.0,200.77,0,0
12:01:20.557,584325,49.22,250.0,0.0,0.0,200.77,0,0
12:01:20.579,584343,49.22,250.0,0.0,0.0,200.77,0,0
12:01:20.651,584425,49.21,250.0,0.0,0.0,200.78,0,0
12:01:20.751,584525,49.21,250.0,0.0,0.0,200.78,0,0
12:01:20.771,584544,49.3,250.0,0.0,0.0,200.69,0,0
12:01:20.849,584625,49.38,250.0,0.0,0.0,200.61,0,0
12:01:20.954,584725,49.41,250.0,0.0,0.0,200.58,0,0
12:01:21.050,584825,49.35,250.0,0.0,0.0,200.64,0,0
12:01:21.150,584925,49.35,250.0,0.0,0.0,200.64,0,0
12:01:21.171,584944,49.46,250.0,0.0,0.0,200.53,0,0
12:01:21.252,585025,49.52,250.0,0.0,0.0,200.47,0,0
12:01:21.350,585125,49.53,250.0,0.0,0.0,200.46,0,0
12:01:21.450,585225,49.53,250.0,0.0,0.0,200.46,0,0
12:01:21.469,585244,49.49,250.0,0.0,0.0,200.5,0,0
12:01:21.550,585325,49.45,250.0,0.0,0.0,200.54,0,0
12:01:21.666,585425,49.45,250.0,0.0,0.0,200.54,0,0
12:01:21.750,585525,49.36,250.0,0.0,0.0,200.63,0,0
12:01:21.849,585625,49.36,250.0,0.0,0.0,200.63,0,0
12:01:21.871,585644,49.44,250.0,0.0,0.0,200.55,0,0
12:01:21.950,585725,49.51,250.0,0.0,0.0,200.48,0,0
12:01:22.050,585825,49.44,250.0,0.0,0.0,200.55,0,0
12:01:22.150,585925,49.44,250.0,0.0,0.0,200.55,0,0
12:01:22.170,585944,49.49,250.0,0.0,0.0,200.5,0,0
12:01:22.250,586025,49.53,250.0,0.0,0.0,200.46,0,0
12:01:22.348,586125,49.53,250.0,0.0,0.0,200.46,0,0
12:01:22.372,586144,49.49,250.0,0.0,0.0,200.5,0,0
12:01:22.450,586225,49.47,250.0,0.0,0.0,200.52,0,0
12:01:22.550,586325,49.51,250.0,0.0,0.0,200.48,0,0
12:01:22.650,586425,49.45,250.0,0.0,0.0,200.54,0,0
12:01:22.750,586525,49.47,250.0,0.0,0.0,200.52,0,0
12:01:22.849,586625,49.47,250.0,0.0,0.0,200.52,0,0
12:01:22.868,586644,49.43,250.0,0.0,0.0,200.56,0,0
12:01:22.949,586725,49.4,250.0,0.0,0.0,200.59,0,0
12:01:23.049,586825,49.4,250.0,0.0,0.0,200.59,0,0
12:01:23.067,586844,49.37,250.0,0.0,0.0,200.62,0,0
12:01:23.150,586925,49.35,250.0,0.0,0.0,200.64,0,0
12:01:23.252,587025,49.35,250.0,0.0,0.0,200.64,0,0
12:01:23.358,587125,49.25,250.0,0.0,0.0,200.74,0,0
12:01:23.449,587225,49.25,250.0,0.0,0.0,200.74,0,0
12:01:23.469,587244,49.24,250.0,0.0,0.0,200.75,0,0
12:01:23.549,587325,49.2,250.0,0.0,0.0,200.79,0,0
12:01:23.649,587425,49.2,250.0,0.0,0.0,200.79,0,0
12:01:23.671,587443,49.2,250.0,0.0,0.0,200.79,0,0
12:01:23.752,587525,49.17,250.0,0.0,0.0,200.82,0,0
12:01:23.849,587625,49.19,250.0,0.0,0.0,200.8,0,0
12:01:23.949,587725,49.19,250.0,0.0,0.0,200.8,0,0
12:01:23.968,587744,49.31,250.0,0.0,0.0,200.68,0,0
12:01:24.065,587825,49.41,250.0,0.0,0.0,200.58,0,0
12:01:24.155,587925,49.43,250.0,0.0,0.0,200.56,0,0
12:01:24.258,588025,49.43,250.0,0.0,0.0,200.56,0,0
12:01:24.271,588044,49.45,250.0,0.0,0.0,200.54,0,0
12:01:24.357,588125,49.47,250.0,0.0,0.0,200.52,0,0
12:01:24.480,588225,49.46,250.0,0.0,0.0,200.53,0,0
12:01:24.613,588325,49.45,250.0,0.0,0.0,200.54,0,0
12:01:24.678,588425,49.47,250.0,0.0,0.0,200.52,0,0
12:01:24.781,588525,49.49,250.0,0.0,0.0,200.5,0,0
12:01:24.849,588625,49.4,250.0,0.0,0.0,200.59,0,0
12:01:24.949,588725,49.35,250.0,0.0,0.0,200.64,0,0
12:01:25.067,588825,49.35,250.0,0.0,0.0,200.64,0,0
12:01:25.073,588844,49.35,250.0,0.0,0.0,200.64,0,0
12:01:25.149,588925,49.35,250.0,0.0,0.0,200.64,0,0
12:01:25.252,589025,49.33,250.0,0.0,0.0,200.66,0,0
12:01:25.350,589125,49.33,250.0,0.0,0.0,200.66,0,0
12:01:25.449,589225,49.21,250.0,0.0,0.0,200.78,0,0
12:01:25.550,589325,49.18,250.0,0.0,0.0,200.81,0,0
12:01:25.663,589425,49.18,250.0,0.0,0.0,200.81,0,0
12:01:25.705,589443,49.18,250.0,0.0,0.0,200.81,0,0
12:01:25.752,589525,49.2,250.0,0.0,0.0,200.79,0,0
12:01:25.849,589625,49.2,250.0,0.0,0.0,200.79,0,0
12:01:25.868,589644,49.19,250.0,0.0,0.0,200.8,0,0
12:01:25.949,589725,49.16,250.0,0.0,0.0,200.83,0,0
12:01:26.049,589825,49.15,250.0,0.0,0.0,200.84,0,0
12:01:26.148,589925,49.15,250.0,0.0,0.0,200.84,0,0
12:01:26.249,590025,49.2,250.0,0.0,0.0,200.79,0,0
12:01:26.348,590125,49.2,250.0,0.0,0.0,200.79,0,0
12:01:26.367,590144,49.27,250.0,0.0,0.0,200.72,0,0
12:01:26.462,590225,49.35,250.0,0.0,0.0,200.64,0,0
12:01:26.559,590325,49.28,250.0,0.0,0.0,200.71,0,0
12:01:26.649,590425,49.29,250.0,0.0,0.0,200.7,0,0
12:01:26.748,590525,49.29,250.0,0.0,0.0,200.7,0,0
12:01:26.767,590543,49.29,250.0,0.0,0.0,200.7,0,0
12:01:26.848,590625,49.27,250.0,0.0,0.0,200.72,0,0
12:01:26.948,590725,49.27,250.0,0.0,0.0,200.72,0,0
12:01:26.967,590744,49.28,250.0,0.0,0.0,200.71,0,0
12:01:27.048,590825,49.32,250.0,0.0,0.0,200.67,0,0
12:01:27.148,590925,49.37,250.0,0.0,0.0,200.62,0,0
12:01:27.264,591025,49.4,250.0,0.0,0.0,200.59,0,0
12:01:27.361,591125,49.4,250.0,0.0,0.0,200.59,0,0
12:01:27.366,591143,49.4,250.0,0.0,0.0,200.59,0,0
12:01:27.448,591225,49.37,250.0,0.0,0.0,200.62,0,0
12:01:27.548,591325,49.32,250.0,0.0,0.0,200.67,0,0
12:01:27.648,591425,49.2,250.0,0.0,0.0,200.79,0,0
12:01:27.748,591525,49.2,250.0,0.0,0.0,200.79,0,0
12:01:27.767,591544,49.27,250.0,0.0,0.0,200.72,0,0
12:01:27.848,591625,49.33,250.0,0.0,0.0,200.66,0,0
12:01:27.950,591725,49.33,250.0,0.0,0.0,200.66,0,0
12:01:28.058,591825,49.31,250.0,0.0,0.0,200.68,0,0
12:01:28.152,591925,49.31,250.0,0.0,0.0,200.68,0,0
12:01:28.166,591944,49.39,250.0,0.0,0.0,200.6,0,0
12:01:28.252,592025,49.39,250.0,0.0,0.0,200.6,0,0
12:01:28.267,592044,49.42,250.0,0.0,0.0,200.57,0,0
12:01:28.348,592125,49.44,250.0,0.0,0.0,200.55,0,0
12:01:28.448,592225,49.46,250.0,0.0,0.0,200.53,0,0
12:01:28.548,592325,49.46,250.0,0.0,0.0,200.53,0,0
12:01:28.567,592344,49.5,250.0,0.0,0.0,200.49,0,0
12:01:28.649,592425,49.53,250.0,0.0,0.0,200.46,0,0
12:01:28.748,592525,49.53,250.0,0.0,0.0,200.46,0,0
12:01:28.767,592544,49.47,250.0,0.0,0.0,200.52,0,0
12:01:28.849,592625,49.41,250.0,0.0,0.0,200.58,0,0
12:01:28.951,592725,49.41,250.0,0.0,0.0,200.58,0,0
12:01:28.970,592743,49.41,250.0,0.0,0.0,200.58,0,0
12:01:29.052,592825,49.53,250.0,0.0,0.0,200.46,0,0
12:01:29.148,592925,49.53,250.0,0.0,0.0,200.46,0,0
12:01:29.166,592944,49.51,250.0,0.0,0.0,200.48,0,0
12:01:29.248,593025,49.47,250.0,0.0,0.0,200.52,0,0
12:01:29.348,593125,49.39,250.0,0.0,0.0,200.6,0,0
12:01:29.448,593225,49.39,250.0,0.0,0.0,200.6,0,0
12:01:29.467,593243,49.39,250.0,0.0,0.0,200.6,0,0
12:01:29.548,593325,49.41,250.0,0.0,0.0,200.58,0,0
12:01:29.657,593425,49.41,250.0,0.0,0.0,200.58,0,0
12:01:29.666,593444,49.38,250.0,0.0,0.0,200.61,0,0
12:01:29.751,593525,49.36,250.0,0.0,0.0,200.63,0,0
12:01:29.850,593625,49.41,250.0,0.0,0.0,200.58,0,0
12:01:29.947,593725,49.41,250.0,0.0,0.0,200.58,0,0
12:01:29.966,593743,49.41,250.0,0.0,0.0,200.58,0,0
12:01:30.048,593825,49.48,250.0,0.0,0.0,200.51,0,0
12:01:30.147,593925,49.48,250.0,0.0,0.0,200.51,0,0
12:01:30.167,593944,49.52,250.0,0.0,0.0,200.47,0,0
12:01:30.248,594025,49.56,250.0,0.0,0.0,200.43,0,0
12:01:30.348,594125,49.54,250.0,0.0,0.0,200.45,0,0
12:01:30.447,594225,49.54,250.0,0.0,0.0,200.45,0,0
12:01:30.467,594244,49.57,250.0,0.0,0.0,200.42,0,0
12:01:30.561,594325,49.58,250.0,0.0,0.0,200.41,0,0
12:01:30.656,594425,49.53,250.0,0.0,0.0,200.46,0,0
12:01:30.748,594525,49.53,250.0,0.0,0.0,200.46,0,0
12:01:30.765,594544,49.49,250.0,0.0,0.0,200.5,0,0
12:01:30.848,594625,49.45,250.0,0.0,0.0,200.54,0,0
12:01:30.947,594725,49.42,250.0,0.0,0.0,200.57,0,0
12:01:31.047,594825,49.39,250.0,0.0,0.0,200.6,0,0
12:01:31.147,594925,49.39,250.0,0.0,0.0,200.6,0,0
12:01:31.166,594944,49.49,250.0,0.0,0.0,200.5,0,0
12:01:31.247,595025,49.58,250.0,0.0,0.0,200.41,0,0
12:01:31.348,595125,49.58,250.0,0.0,0.0,200.41,0,0
12:01:31.377,595144,49.58,250.0,0.0,0.0,200.41,0,0
12:01:31.447,595225,49.56,250.0,0.0,0.0,200.43,0,0
12:01:31.546,595325,49.57,250.0,0.0,0.0,200.42,0,0
12:01:31.646,595425,49.55,250.0,0.0,0.0,200.44,0,0
12:01:31.746,595525,49.55,250.0,0.0,0.0,200.44,0,0
12:01:31.766,595544,49.56,250.0,0.0,0.0,200.43,0,0
12:01:31.848,595625,49.56,250.0,0.0,0.0,200.43,0,0
12:01:31.947,595725,49.52,250.0,0.0,0.0,200.47,0,0
12:01:32.056,595825,49.58,250.0,0.0,0.0,200.41,0,0
12:01:32.150,595925,49.58,250.0,0.0,0.0,200.41,0,0
12:01:32.174,595944,49.63,250.0,0.0,0.0,200.36,0,0
12:01:32.247,596025,49.68,250.0,0.0,0.0,200.31,0,0
12:01:32.347,596125,49.65,250.0,0.0,0.0,200.34,0,0
12:01:32.449,596225,49.65,250.0,0.0,0.0,200.34,0,0
12:01:32.466,596243,49.65,250.0,0.0,0.0,200.34,0,0
12:01:32.547,596325,49.65,250.0,0.0,0.0,200.34,0,0
12:01:32.566,596343,49.65,250.0,0.0,0.0,200.34,0,0
12:01:32.647,596425,49.65,250.0,0.0,0.0,200.34,0,0
12:01:32.666,596444,49.65,250.0,0.0,0.0,200.34,0,0
12:01:32.747,596525,49.65,250.0,0.0,0.0,200.34,0,0
12:01:32.851,596625,49.62,250.0,0.0,0.0,200.37,0,0
12:01:32.951,596725,49.6,250.0,0.0,0.0,200.39,0,0
12:01:33.054,596825,49.6,250.0,0.0,0.0,200.39,0,0
12:01:33.073,596843,49.6,250.0,0.0,0.0,200.39,0,0
12:01:33.146,596925,49.65,250.0,0.0,0.0,200.34,0,0
12:01:33.250,597025,49.62,250.0,0.0,0.0,200.37,0,0
12:01:33.346,597125,49.62,250.0,0.0,0.0,200.37,0,0
12:01:33.447,597225,49.62,250.0,0.0,0.0,200.37,0,0
12:01:33.468,597244,49.67,250.0,0.0,0.0,200.32,0,0
12:01:33.547,597325,49.72,250.0,0.0,0.0,200.27,0,0
12:01:33.647,597425,49.72,250.0,0.0,0.0,200.27,0,0
12:01:33.665,597443,49.72,250.0,0.0,0.0,200.27,0,0
12:01:33.781,597525,49.68,250.0,0.0,0.0,200.31,0,0
12:01:33.849,597625,49.68,250.0,0.0,0.0,200.31,0,0
12:01:33.948,597725,49.62,250.0,0.0,0.0,200.37,0,0
12:01:34.050,597825,49.62,250.0,0.0,0.0,200.37,0,0
12:01:34.066,597844,49.62,250.0,0.0,0.0,200.37,0,0
12:01:34.146,597925,49.62,250.0,0.0,0.0,200.37,0,0
12:01:34.246,598025,49.62,250.0,0.0,0.0,200.37,0,0
12:01:34.265,598044,49.65,250.0,0.0,0.0,200.34,0,0
12:01:34.347,598125,49.67,250.0,0.0,0.0,200.32,0,0
12:01:34.451,598225,49.67,250.0,0.0,0.0,200.32,0,0
12:01:34.545,598325,49.67,250.0,0.0,0.0,200.32,0,0
12:01:34.565,598344,49.59,250.0,0.0,0.0,200.4,0,0
12:01:34.652,598425,49.51,250.0,0.0,0.0,200.48,0,0
12:01:34.747,598525,49.55,250.0,0.0,0.0,200.44,0,0
12:01:34.847,598625,49.55,250.0,0.0,0.0,200.44,0,0
12:01:34.870,598644,49.56,250.0,0.0,0.0,200.43,0,0
12:01:34.947,598725,49.59,250.0,0.0,0.0,200.4,0,0
12:01:35.046,598825,49.52,250.0,0.0,0.0,200.47,0,0
12:01:35.146,598925,49.5,250.0,0.0,0.0,200.49,0,0
12:01:35.246,599025,49.5,250.0,0.0,0.0,200.49,0,0
12:01:35.349,599125,49.5,250.0,0.0,0.0,200.49,0,0
12:01:35.365,599144,49.52,250.0,0.0,0.0,200.47,0,0
12:01:35.446,599225,49.55,250.0,0.0,0.0,200.44,0,0
12:01:35.545,599325,49.51,250.0,0.0,0.0,200.48,0,0
12:01:35.646,599425,49.51,250.0,0.0,0.0,200.48,0,0
12:01:35.665,599443,49.51,250.0,0.0,0.0,200.48,0,0
12:01:35.746,599525,49.5,250.0,0.0,0.0,200.49,0,0
12:01:35.846,599625,49.5,250.0,0.0,0.0,200.49,0,0
12:01:35.865,599644,49.56,250.0,0.0,0.0,200.43,0,0
12:01:35.946,599725,49.61,250.0,0.0,0.0,200.38,0,0
12:01:36.046,599825,49.61,250.0,0.0,0.0,200.38,0,0
12:01:36.064,599844,49.57,250.0,0.0,0.0,200.42,0,0
12:01:36.146,599925,49.55,250.0,0.0,0.0,200.44,0,0
12:01:36.272,600025,49.55,250.0,0.0,0.0,200.44,0,0
12:01:36.356,600125,49.49,250.0,0.0,0.0,200.5,0,0
12:01:36.445,600225,49.49,250.0,0.0,0.0,200.5,0,0
12:01:36.465,600244,49.52,250.0,0.0,0.0,200.47,0,0
12:01:36.546,600325,49.56,250.0,0.0,0.0,200.43,0,0
12:01:36.646,600425,49.52,250.0,0.0,0.0,200.47,0,0
12:01:36.745,600525,49.53,250.0,0.0,0.0,200.46,0,0
12:01:36.847,600625,49.53,250.0,0.0,0.0,200.46,0,0
12:01:36.865,600644,49.56,250.0,0.0,0.0,200.43,0,0
12:01:36.945,600725,49.59,250.0,0.0,0.0,200.4,0,0
12:01:37.047,600825,49.55,250.0,0.0,0.0,200.44,0,0
12:01:37.150,600925,49.55,250.0,0.0,0.0,200.44,0,0
12:01:37.178,600944,49.55,250.0,0.0,0.0,200.44,0,0
12:01:37.246,601025,49.56,250.0,0.0,0.0,200.43,0,0
12:01:37.347,601125,49.47,250.0,0.0,0.0,200.52,0,0
12:01:37.445,601225,49.43,250.0,0.0,0.0,200.56,0,0
12:01:37.546,601325,49.38,250.0,0.0,0.0,200.61,0,0
12:01:37.646,601425,49.38,250.0,0.0,0.0,200.61,0,0
12:01:37.665,601444,49.4,250.0,0.0,0.0,200.59,0,0
12:01:37.745,601525,49.42,250.0,0.0,0.0,200.57,0,0
12:01:37.898,601625,49.42,250.0,0.0,0.0,200.57,0,0
12:01:37.932,601643,49.42,250.0,0.0,0.0,200.57,0,0
12:01:37.949,601725,49.39,250.0,0.0,0.0,200.6,0,0
12:01:38.045,601825,49.34,250.0,0.0,0.0,200.65,0,0
12:01:38.146,601925,49.22,250.0,0.0,0.0,200.77,0,0
12:01:38.246,602025,49.22,250.0,0.0,0.0,200.77,0,0
12:01:38.265,602044,49.28,250.0,0.0,0.0,200.71,0,0
12:01:38.345,602125,49.34,250.0,0.0,0.0,200.65,0,0
12:01:38.447,602225,49.32,250.0,0.0,0.0,200.67,0,0
12:01:38.545,602325,49.32,250.0,0.0,0.0,200.67,0,0
12:01:38.564,602344,49.4,250.0,0.0,0.0,200.59,0,0
12:01:38.654,602425,49.47,250.0,0.0,0.0,200.52,0,0
12:01:38.746,602525,49.41,250.0,0.0,0.0,200.58,0,0
12:01:38.846,602625,49.48,250.0,0.0,0.0,200.51,0,0
12:01:38.945,602725,49.48,250.0,0.0,0.0,200.51,0,0
12:01:38.966,602744,49.57,250.0,0.0,0.0,200.42,0,0
12:01:39.045,602825,49.65,250.0,0.0,0.0,200.34,0,0
12:01:39.146,602925,49.55,250.0,0.0,0.0,200.44,0,0
12:01:39.245,603025,49.5,250.0,0.0,0.0,200.49,0,0
12:01:39.345,603125,49.5,250.0,0.0,0.0,200.49,0,0
12:01:39.364,603143,49.5,250.0,0.0,0.0,200.49,0,0
12:01:39.448,603225,49.54,250.0,0.0,0.0,200.45,0,0
12:01:39.548,603325,49.54,250.0,0.0,0.0,200.45,0,0
12:01:39.564,603344,49.67,250.0,0.0,0.0,200.32,0,0
12:01:39.647,603425,49.79,250.0,0.0,0.0,200.2,0,0
12:01:39.745,603525,49.67,250.0,0.0,0.0,200.32,0,0
12:01:39.846,603625,49.67,250.0,0.0,0.0,200.32,0,0
12:01:39.945,603725,49.67,250.0,0.0,0.0,200.32,0,0
12:01:39.964,603743,49.67,250.0,0.0,0.0,200.32,0,0
12:01:40.045,603825,49.61,250.0,0.0,0.0,200.38,0,0
12:01:40.145,603925,49.59,250.0,0.0,0.0,200.4,0,0
12:01:40.246,604025,49.59,250.0,0.0,0.0,200.4,0,0
12:01:40.263,604044,49.54,250.0,0.0,0.0,200.45,0,0
12:01:40.344,604125,49.48,250.0,0.0,0.0,200.51,0,0
12:01:40.454,604225,49.49,250.0,0.0,0.0,200.5,0,0
12:01:40.546,604325,49.53,250.0,0.0,0.0,200.46,0,0
12:01:40.646,604425,49.49,250.0,0.0,0.0,200.5,0,0
12:01:40.745,604525,49.49,250.0,0.0,0.0,200.5,0,0
12:01:40.764,604544,49.48,250.0,0.0,0.0,200.51,0,0
12:01:40.845,604625,49.48,250.0,0.0,0.0,200.51,0,0
12:01:40.864,604644,49.47,250.0,0.0,0.0,200.52,0,0
12:01:40.946,604725,49.46,250.0,0.0,0.0,200.53,0,0
12:01:41.044,604825,49.45,250.0,0.0,0.0,200.54,0,0
12:01:41.145,604925,49.45,250.0,0.0,0.0,200.54,0,0
12:01:41.232,604944,49.49,250.0,0.0,0.0,200.5,0,0
12:01:41.250,605025,49.53,250.0,0.0,0.0,200.46,0,0
12:01:41.356,605125,49.49,250.0,0.0,0.0,200.5,0,0
12:01:41.445,605225,49.49,250.0,0.0,0.0,200.5,0,0
12:01:41.464,605244,49.5,250.0,0.0,0.0,200.49,0,0
12:01:41.545,605325,49.54,250.0,0.0,0.0,200.45,0,0
12:01:41.645,605425,49.52,250.0,0.0,0.0,200.47,0,0
12:01:41.744,605525,49.52,250.0,0.0,0.0,200.47,0,0
12:01:41.763,605544,49.53,250.0,0.0,0.0,200.46,0,0
12:01:41.844,605625,49.49,250.0,0.0,0.0,200.5,0,0
12:01:41.945,605725,49.43,250.0,0.0,0.0,200.56,0,0
12:01:42.059,605825,49.43,250.0,0.0,0.0,200.56,0,0
12:01:42.063,605843,49.43,250.0,0.0,0.0,200.56,0,0
12:01:42.154,605925,49.43,250.0,0.0,0.0,200.56,0,0
12:01:42.248,606025,49.43,250.0,0.0,0.0,200.56,0,0
12:01:42.277,606044,49.5,250.0,0.0,0.0,200.49,0,0
12:01:42.344,606125,49.56,250.0,0.0,0.0,200.43,0,0
12:01:42.445,606225,49.54,250.0,0.0,0.0,200.45,0,0
12:01:42.544,606325,49.5,250.0,0.0,0.0,200.49,0,0
12:01:42.644,606425,49.5,250.0,0.0,0.0,200.49,0,0
12:01:42.663,606444,49.49,250.0,0.0,0.0,200.5,0,0
12:01:42.745,606525,49.47,250.0,0.0,0.0,200.52,0,0
12:01:42.845,606625,49.54,250.0,0.0,0.0,200.45,0,0
12:01:42.949,606725,49.54,250.0,0.0,0.0,200.45,0,0
12:01:42.963,606744,49.52,250.0,0.0,0.0,200.47,0,0
12:01:43.049,606825,49.51,250.0,0.0,0.0,200.48,0,0
12:01:43.145,606925,49.47,250.0,0.0,0.0,200.52,0,0
12:01:43.244,607025,49.47,250.0,0.0,0.0,200.52,0,0
12:01:43.264,607044,49.56,250.0,0.0,0.0,200.43,0,0
12:01:43.344,607125,49.64,250.0,0.0,0.0,200.35,0,0
12:01:43.443,607225,49.64,250.0,0.0,0.0,200.35,0,0
12:01:43.463,607244,49.69,250.0,0.0,0.0,200.3,0,0
12:01:43.544,607325,49.73,250.0,0.0,0.0,200.26,0,0
12:01:43.644,607425,49.73,250.0,0.0,0.0,200.26,0,0
12:01:43.663,607443,49.73,250.0,0.0,0.0,200.26,0,0
12:01:43.744,607525,49.7,250.0,0.0,0.0,200.29,0,0
12:01:43.892,607625,49.69,250.0,0.0,0.0,200.3,0,0
12:01:43.947,607725,49.58,250.0,0.0,0.0,200.41,0,0
12:01:44.046,607825,49.58,250.0,0.0,0.0,200.41,0,0
12:01:44.062,607844,49.56,250.0,0.0,0.0,200.43,0,0
12:01:44.144,607925,49.54,250.0,0.0,0.0,200.45,0,0
12:01:44.245,608025,49.5,250.0,0.0,0.0,200.49,0,0
12:01:44.344,608125,49.5,250.0,0.0,0.0,200.49,0,0
12:01:44.363,608144,49.46,250.0,0.0,0.0,200.53,0,0
12:01:44.444,608225,49.43,250.0,0.0,0.0,200.56,0,0
12:01:44.544,608325,49.43,250.0,0.0,0.0,200.56,0,0
12:01:44.563,608344,49.45,250.0,0.0,0.0,200.54,0,0
12:01:44.655,608425,49.47,250.0,0.0,0.0,200.52,0,0
12:01:44.750,608525,49.36,250.0,0.0,0.0,200.63,0,0
12:01:44.851,608625,49.31,250.0,0.0,0.0,200.68,0,0
12:01:44.944,608725,49.31,250.0,0.0,0.0,200.68,0,0
12:01:44.963,608744,49.36,250.0,0.0,0.0,200.63,0,0
12:01:45.043,608825,49.36,250.0,0.0,0.0,200.63,0,0
12:01:45.062,608844,49.37,250.0,0.0,0.0,200.62,0,0
12:01:45.144,608925,49.37,250.0,0.0,0.0,200.62,0,0
12:01:45.244,609025,49.37,250.0,0.0,0.0,200.62,0,0
12:01:45.344,609125,49.34,250.0,0.0,0.0,200.65,0,0
12:01:45.444,609225,49.34,250.0,0.0,0.0,200.65,0,0
12:01:45.463,609244,49.32,250.0,0.0,0.0,200.67,0,0
12:01:45.564,609325,49.3,250.0,0.0,0.0,200.69,0,0
12:01:45.647,609425,49.38,250.0,0.0,0.0,200.61,0,0
12:01:45.744,609525,49.41,250.0,0.0,0.0,200.58,0,0
12:01:45.844,609625,49.38,250.0,0.0,0.0,200.61,0,0
12:01:45.943,609725,49.38,250.0,0.0,0.0,200.61,0,0
12:01:45.963,609744,49.43,250.0,0.0,0.0,200.56,0,0
12:01:46.044,609825,49.47,250.0,0.0,0.0,200.52,0,0
12:01:46.144,609925,49.39,250.0,0.0,0.0,200.6,0,0
12:01:46.243,610025,49.41,250.0,0.0,0.0,200.58,0,0
12:01:46.370,610125,49.41,250.0,0.0,0.0,200.58,0,0
12:01:46.412,610144,49.43,250.0,0.0,0.0,200.56,0,0
12:01:46.451,610225,49.43,250.0,0.0,0.0,200.56,0,0
12:01:46.547,610325,49.35,250.0,0.0,0.0,200.64,0,0
12:01:46.643,610425,49.35,250.0,0.0,0.0,200.64,0,0
12:01:46.662,610444,49.32,250.0,0.0,0.0,200.67,0,0
12:01:46.744,610525,49.3,250.0,0.0,0.0,200.69,0,0
12:01:46.842,610625,49.31,250.0,0.0,0.0,200.68,0,0
12:01:46.944,610725,49.31,250.0,0.0,0.0,200.68,0,0
12:01:46.962,610744,49.39,250.0,0.0,0.0,200.6,0,0
12:01:47.044,610825,49.44,250.0,0.0,0.0,200.55,0,0
12:01:47.146,610925,49.48,250.0,0.0,0.0,200.51,0,0
12:01:47.249,611025,49.48,250.0,0.0,0.0,200.51,0,0
12:01:47.266,611044,49.52,250.0,0.0,0.0,200.47,0,0
12:01:47.344,611125,49.58,250.0,0.0,0.0,200.41,0,0
12:01:47.443,611225,49.51,250.0,0.0,0.0,200.48,0,0
12:01:47.543,611325,49.5,250.0,0.0,0.0,200.49,0,0
12:01:47.643,611425,49.5,250.0,0.0,0.0,200.49,0,0
12:01:47.662,611444,49.49,250.0,0.0,0.0,200.5,0,0
12:01:47.743,611525,49.47,250.0,0.0,0.0,200.52,0,0
12:01:47.843,611625,49.49,250.0,0.0,0.0,200.5,0,0
12:01:47.944,611725,49.48,250.0,0.0,0.0,200.51,0,0
12:01:48.046,611825,49.48,250.0,0.0,0.0,200.51,0,0
12:01:48.065,611844,49.47,250.0,0.0,0.0,200.52,0,0
12:01:48.146,611925,49.47,250.0,0.0,0.0,200.52,0,0
12:01:48.168,611944,49.51,250.0,0.0,0.0,200.48,0,0
12:01:48.243,612025,49.55,250.0,0.0,0.0,200.44,0,0
12:01:48.343,612125,49.5,250.0,0.0,0.0,200.49,0,0
12:01:48.445,612225,49.5,250.0,0.0,0.0,200.49,0,0
12:01:48.462,612244,49.61,250.0,0.0,0.0,200.38,0,0
12:01:48.543,612325,49.69,250.0,0.0,0.0,200.3,0,0
12:01:48.643,612425,49.68,250.0,0.0,0.0,200.31,0,0
12:01:48.743,612525,49.63,250.0,0.0,0.0,200.36,0,0
12:01:48.872,612625,49.63,250.0,0.0,0.0,200.36,0,0
12:01:48.874,612643,49.63,250.0,0.0,0.0,200.36,0,0
12:01:48.980,612725,49.58,250.0,0.0,0.0,200.41,0,0
12:01:49.052,612825,49.58,250.0,0.0,0.0,200.41,0,0
12:01:49.171,612925,49.58,250.0,0.0,0.0,200.41,0,0
12:01:49.174,612944,49.56,250.0,0.0,0.0,200.43,0,0
12:01:49.252,613025,49.56,250.0,0.0,0.0,200.43,0,0
12:01:49.262,613044,49.54,250.0,0.0,0.0,200.45,0,0
12:01:49.344,613125,49.53,250.0,0.0,0.0,200.46,0,0
12:01:49.467,613225,49.49,250.0,0.0,0.0,200.5,0,0
12:01:49.543,613325,49.49,250.0,0.0,0.0,200.5,0,0
12:01:49.567,613344,49.52,250.0,0.0,0.0,200.47,0,0
12:01:49.642,613425,49.58,250.0,0.0,0.0,200.41,0,0
12:01:49.743,613525,49.49,250.0,0.0,0.0,200.5,0,0
12:01:49.842,613625,49.49,250.0,0.0,0.0,200.5,0,0
12:01:49.862,613643,49.49,250.0,0.0,0.0,200.5,0,0
12:01:49.943,613725,49.57,250.0,0.0,0.0,200.42,0,0
12:01:50.042,613825,49.58,250.0,0.0,0.0,200.41,0,0
12:01:50.142,613925,49.53,250.0,0.0,0.0,200.46,0,0
12:01:50.244,614025,49.53,250.0,0.0,0.0,200.46,0,0
12:01:50.263,614044,49.62,250.0,0.0,0.0,200.37,0,0
12:01:50.343,614125,49.62,250.0,0.0,0.0,200.37,0,0
12:01:50.361,614144,49.59,250.0,0.0,0.0,200.4,0,0
12:01:50.443,614225,49.57,250.0,0.0,0.0,200.42,0,0
12:01:50.543,614325,49.53,250.0,0.0,0.0,200.46,0,0
12:01:50.642,614425,49.51,250.0,0.0,0.0,200.48,0,0
12:01:50.742,614525,49.51,250.0,0.0,0.0,200.48,0,0
12:01:50.761,614544,49.57,250.0,0.0,0.0,200.42,0,0
12:01:50.842,614625,49.63,250.0,0.0,0.0,200.36,0,0
12:01:50.963,614725,49.63,250.0,0.0,0.0,200.36,0,0
12:01:50.981,614743,49.63,250.0,0.0,0.0,200.36,0,0
12:01:51.048,614825,49.65,250.0,0.0,0.0,200.34,0,0
12:01:51.145,614925,49.55,250.0,0.0,0.0,200.44,0,0
12:01:51.243,615025,49.55,250.0,0.0,0.0,200.44,0,0
12:01:51.260,615044,49.58,250.0,0.0,0.0,200.41,0,0
12:01:51.342,615125,49.61,250.0,0.0,0.0,200.38,0,0
12:01:51.442,615225,49.54,250.0,0.0,0.0,200.45,0,0
12:01:51.542,615325,49.54,250.0,0.0,0.0,200.45,0,0
12:01:51.561,615344,49.64,250.0,0.0,0.0,200.35,0,0
12:01:51.642,615425,49.72,250.0,0.0,0.0,200.27,0,0
12:01:51.752,615525,49.72,250.0,0.0,0.0,200.27,0,0
12:01:51.783,615544,49.66,250.0,0.0,0.0,200.33,0,0
12:01:51.849,615625,49.63,250.0,0.0,0.0,200.36,0,0
12:01:51.946,615725,49.63,250.0,0.0,0.0,200.36,0,0
12:01:51.963,615744,49.63,250.0,0.0,0.0,200.36,0,0
12:01:52.042,615825,49.65,250.0,0.0,0.0,200.34,0,0
12:01:52.142,615925,49.65,250.0,0.0,0.0,200.34,0,0
12:01:52.242,616025,49.65,250.0,0.0,0.0,200.34,0,0
12:01:52.261,616044,49.65,250.0,0.0,0.0,200.34,0,0
12:01:52.343,616125,49.65,250.0,0.0,0.0,200.34,0,0
12:01:52.442,616225,49.64,250.0,0.0,0.0,200.35,0,0
12:01:52.565,616325,49.64,250.0,0.0,0.0,200.35,0,0
12:01:52.569,616343,49.64,250.0,0.0,0.0,200.35,0,0
12:01:52.643,616425,49.59,250.0,0.0,0.0,200.4,0,0
12:01:52.749,616525,49.59,250.0,0.0,0.0,200.4,0,0
12:01:52.761,616544,49.54,250.0,0.0,0.0,200.45,0,0
12:01:52.841,616625,49.53,250.0,0.0,0.0,200.46,0,0
12:01:52.942,616725,49.51,250.0,0.0,0.0,200.48,0,0
12:01:53.041,616825,49.51,250.0,0.0,0.0,200.48,0,0
12:01:53.061,616843,49.51,250.0,0.0,0.0,200.48,0,0
12:01:53.142,616925,49.45,250.0,0.0,0.0,200.54,0,0
12:01:53.242,617025,49.44,250.0,0.0,0.0,200.55,0,0
12:01:53.367,617125,49.44,250.0,0.0,0.0,200.55,0,0
12:01:53.371,617144,49.41,250.0,0.0,0.0,200.58,0,0
12:01:53.448,617225,49.38,250.0,0.0,0.0,200.61,0,0
12:01:53.548,617325,49.36,250.0,0.0,0.0,200.63,0,0
12:01:53.643,617425,49.36,250.0,0.0,0.0,200.63,0,0
12:01:53.742,617525,49.28,250.0,0.0,0.0,200.71,0,0
12:01:53.842,617625,49.27,250.0,0.0,0.0,200.72,0,0
12:01:53.941,617725,49.27,250.0,0.0,0.0,200.72,0,0
12:01:53.961,617744,49.35,250.0,0.0,0.0,200.64,0,0
12:01:54.042,617825,49.43,250.0,0.0,0.0,200.56,0,0
12:01:54.142,617925,49.3,250.0,0.0,0.0,200.69,0,0
12:01:54.242,618025,49.33,250.0,0.0,0.0,200.66,0,0
12:01:54.352,618125,49.33,250.0,0.0,0.0,200.66,0,0
12:01:54.366,618144,49.36,250.0,0.0,0.0,200.63,0,0
12:01:54.442,618225,49.36,250.0,0.0,0.0,200.63,0,0
12:01:54.542,618325,49.31,250.0,0.0,0.0,200.68,0,0
12:01:54.642,618425,49.27,250.0,0.0,0.0,200.72,0,0
12:01:54.742,618525,49.28,250.0,0.0,0.0,200.71,0,0
12:01:54.841,618625,49.28,250.0,0.0,0.0,200.71,0,0
12:01:54.860,618644,49.29,250.0,0.0,0.0,200.7,0,0
12:01:54.941,618725,49.3,250.0,0.0,0.0,200.69,0,0
12:01:55.041,618825,49.33,250.0,0.0,0.0,200.66,0,0
12:01:55.143,618925,49.33,250.0,0.0,0.0,200.66,0,0
12:01:55.164,618943,49.33,250.0,0.0,0.0,200.66,0,0
12:01:55.241,619025,49.41,250.0,0.0,0.0,200.58,0,0
12:01:55.341,619125,49.41,250.0,0.0,0.0,200.58,0,0
12:01:55.362,619144,49.55,250.0,0.0,0.0,200.44,0,0
12:01:55.441,619225,49.68,250.0,0.0,0.0,200.31,0,0
12:01:55.542,619325,49.65,250.0,0.0,0.0,200.34,0,0
12:01:55.641,619425,49.6,250.0,0.0,0.0,200.39,0,0
12:01:55.742,619525,49.5,250.0,0.0,0.0,200.49,0,0
12:01:55.842,619625,49.5,250.0,0.0,0.0,200.49,0,0
12:01:55.863,619644,49.54,250.0,0.0,0.0,200.45,0,0
12:01:55.941,619725,49.6,250.0,0.0,0.0,200.39,0,0
12:01:56.041,619825,49.6,250.0,0.0,0.0,200.39,0,0
12:01:56.060,619844,49.6,250.0,0.0,0.0,200.39,0,0
12:01:56.206,619925,49.6,250.0,0.0,0.0,200.39,0,0
12:01:56.249,620025,49.55,250.0,0.0,0.0,200.44,0,0
12:01:56.347,620125,49.55,250.0,0.0,0.0,200.44,0,0
12:01:56.362,620144,49.59,250.0,0.0,0.0,200.4,0,0
12:01:56.441,620225,49.59,250.0,0.0,0.0,200.4,0,0
12:01:56.541,620325,49.59,250.0,0.0,0.0,200.4,0,0
12:01:56.641,620425,49.59,250.0,0.0,0.0,200.4,0,0
12:01:56.660,620444,49.57,250.0,0.0,0.0,200.42,0,0
12:01:56.741,620525,49.57,250.0,0.0,0.0,200.42,0,0
12:01:56.760,620544,49.55,250.0,0.0,0.0,200.44,0,0
12:01:56.842,620625,49.53,250.0,0.0,0.0,200.46,0,0
12:01:56.941,620725,49.53,250.0,0.0,0.0,200.46,0,0
12:01:56.960,620744,49.49,250.0,0.0,0.0,200.5,0,0
12:01:57.048,620825,49.46,250.0,0.0,0.0,200.53,0,0
12:01:57.167,620925,49.4,250.0,0.0,0.0,200.59,0,0
12:01:57.249,621025,49.4,250.0,0.0,0.0,200.59,0,0
12:01:57.267,621043,49.4,250.0,0.0,0.0,200.59,0,0
12:01:57.341,621125,49.37,250.0,0.0,0.0,200.62,0,0
12:01:57.441,621225,49.37,250.0,0.0,0.0,200.62,0,0
12:01:57.541,621325,49.37,250.0,0.0,0.0,200.62,0,0
12:01:57.560,621344,49.42,250.0,0.0,0.0,200.57,0,0
12:01:57.640,621425,49.47,250.0,0.0,0.0,200.52,0,0
12:01:57.741,621525,49.48,250.0,0.0,0.0,200.51,0,0
12:01:57.841,621625,49.45,250.0,0.0,0.0,200.54,0,0
12:01:57.983,621725,49.45,250.0,0.0,0.0,200.54,0,0
12:01:57.994,621744,49.54,250.0,0.0,0.0,200.45,0,0
12:01:58.060,621825,49.62,250.0,0.0,0.0,200.37,0,0
12:01:58.146,621925,49.62,250.0,0.0,0.0,200.37,0,0
12:01:58.164,621944,49.65,250.0,0.0,0.0,200.34,0,0
12:01:58.241,622025,49.67,250.0,0.0,0.0,200.32,0,0
12:01:58.341,622125,49.64,250.0,0.0,0.0,200.35,0,0
12:01:58.440,622225,49.56,250.0,0.0,0.0,200.43,0,0
12:01:58.541,622325,49.56,250.0,0.0,0.0,200.43,0,0
12:01:58.560,622344,49.59,250.0,0.0,0.0,200.4,0,0
12:01:58.641,622425,49.62,250.0,0.0,0.0,200.37,0,0
12:01:58.741,622525,49.57,250.0,0.0,0.0,200.42,0,0
12:01:58.844,622625,49.57,250.0,0.0,0.0,200.42,0,0
12:01:58.859,622644,49.6,250.0,0.0,0.0,200.39,0,0
12:01:58.941,622725,49.63,250.0,0.0,0.0,200.36,0,0
12:01:59.040,622825,49.63,250.0,0.0,0.0,200.36,0,0
12:01:59.059,622844,49.58,250.0,0.0,0.0,200.41,0,0
12:01:59.144,622925,49.53,250.0,0.0,0.0,200.46,0,0
12:01:59.240,623025,49.57,250.0,0.0,0.0,200.42,0,0
12:01:59.340,623125,49.57,250.0,0.0,0.0,200.42,0,0
12:01:59.360,623144,49.5,250.0,0.0,0.0,200.49,0,0
12:01:59.442,623225,49.46,250.0,0.0,0.0,200.53,0,0
12:01:59.540,623325,49.4,250.0,0.0,0.0,200.59,0,0
12:01:59.642,623425,49.4,250.0,0.0,0.0,200.59,0,0
12:01:59.663,623444,49.4,250.0,0.0,0.0,200.59,0,0
12:01:59.762,623525,49.4,250.0,0.0,0.0,200.59,0,0
12:01:59.840,623625,49.39,250.0,0.0,0.0,200.6,0,0
12:01:59.941,623725,49.42,250.0,0.0,0.0,200.57,0,0
12:02:00.041,623825,49.46,250.0,0.0,0.0,200.53,0,0
12:02:00.140,623925,49.46,250.0,0.0,0.0,200.53,0,0
12:02:00.160,623944,49.43,250.0,0.0,0.0,200.56,0,0
12:02:00.242,624025,49.42,250.0,0.0,0.0,200.57,0,0
12:02:00.340,624125,49.42,250.0,0.0,0.0,200.57,0,0
12:02:00.360,624144,49.47,250.0,0.0,0.0,200.52,0,0
12:02:00.488,624225,49.51,250.0,0.0,0.0,200.48,0,0
12:02:00.541,624325,49.39,250.0,0.0,0.0,200.6,0,0
12:02:00.654,624425,49.39,250.0,0.0,0.0,200.6,0,0
12:02:00.662,624444,49.44,250.0,0.0,0.0,200.55,0,0
12:02:00.740,624525,49.49,250.0,0.0,0.0,200.5,0,0
12:02:00.840,624625,49.47,250.0,0.0,0.0,200.52,0,0
12:02:00.940,624725,49.44,250.0,0.0,0.0,200.55,0,0
12:02:01.041,624825,49.44,250.0,0.0,0.0,200.55,0,0
12:02:01.059,624844,49.46,250.0,0.0,0.0,200.53,0,0
12:02:01.140,624925,49.48,250.0,0.0,0.0,200.51,0,0
12:02:01.240,625025,49.47,250.0,0.0,0.0,200.52,0,0
12:02:01.383,625125,49.47,250.0,0.0,0.0,200.52,0,0
12:02:01.389,625144,49.46,250.0,0.0,0.0,200.53,0,0
12:02:01.450,625225,49.47,250.0,0.0,0.0,200.52,0,0
12:02:01.540,625325,49.41,250.0,0.0,0.0,200.58,0,0
12:02:01.640,625425,49.46,250.0,0.0,0.0,200.53,0,0
12:02:01.740,625525,49.46,250.0,0.0,0.0,200.53,0,0
12:02:01.759,625544,49.45,250.0,0.0,0.0,200.54,0,0
12:02:01.840,625625,49.44,250.0,0.0,0.0,200.55,0,0
12:02:01.939,625725,49.44,250.0,0.0,0.0,200.55,0,0
12:02:02.040,625825,49.44,250.0,0.0,0.0,200.55,0,0
12:02:02.059,625844,49.43,250.0,0.0,0.0,200.56,0,0
12:02:02.140,625925,49.43,250.0,0.0,0.0,200.56,0,0
12:02:02.251,626025,49.43,250.0,0.0,0.0,200.56,0,0
12:02:02.259,626044,49.37,250.0,0.0,0.0,200.62,0,0
12:02:02.343,626125,49.32,250.0,0.0,0.0,200.67,0,0
12:02:02.440,626225,49.32,250.0,0.0,0.0,200.67,0,0
12:02:02.459,626244,49.38,250.0,0.0,0.0,200.61,0,0
12:02:02.540,626325,49.4,250.0,0.0,0.0,200.59,0,0
12:02:02.640,626425,49.45,250.0,0.0,0.0,200.54,0,0
12:02:02.740,626525,49.45,250.0,0.0,0.0,200.54,0,0
12:02:02.758,626544,49.49,250.0,0.0,0.0,200.5,0,0
12:02:02.840,626625,49.5,250.0,0.0,0.0,200.49,0,0
12:02:02.940,626725,49.52,250.0,0.0,0.0,200.47,0,0
12:02:03.046,626825,49.52,250.0,0.0,0.0,200.47,0,0
12:02:03.058,626843,49.52,250.0,0.0,0.0,200.47,0,0
12:02:03.142,626925,49.45,250.0,0.0,0.0,200.54,0,0
12:02:03.254,627025,49.45,250.0,0.0,0.0,200.54,0,0
12:02:03.258,627044,49.49,250.0,0.0,0.0,200.5,0,0
12:02:03.339,627125,49.53,250.0,0.0,0.0,200.46,0,0
12:02:03.439,627225,49.52,250.0,0.0,0.0,200.47,0,0
12:02:03.539,627325,49.52,250.0,0.0,0.0,200.47,0,0
12:02:03.559,627343,49.52,250.0,0.0,0.0,200.47,0,0
12:02:03.639,627425,49.48,250.0,0.0,0.0,200.51,0,0
12:02:03.740,627525,49.52,250.0,0.0,0.0,200.47,0,0
12:02:03.839,627625,49.52,250.0,0.0,0.0,200.47,0,0
12:02:03.858,627644,49.53,250.0,0.0,0.0,200.46,0,0
12:02:03.946,627725,49.54,250.0,0.0,0.0,200.45,0,0
12:02:04.051,627825,49.47,250.0,0.0,0.0,200.52,0,0
12:02:04.142,627925,49.47,250.0,0.0,0.0,200.52,0,0
12:02:04.163,627944,49.44,250.0,0.0,0.0,200.55,0,0
12:02:04.239,628025,49.43,250.0,0.0,0.0,200.56,0,0
12:02:04.339,628125,49.43,250.0,0.0,0.0,200.56,0,0
12:02:04.359,628144,49.45,250.0,0.0,0.0,200.54,0,0
12:02:04.439,628225,49.47,250.0,0.0,0.0,200.52,0,0
12:02:04.539,628325,49.46,250.0,0.0,0.0,200.53,0,0
12:02:04.638,628425,49.48,250.0,0.0,0.0,200.51,0,0
12:02:04.764,628525,49.48,250.0,0.0,0.0,200.51,0,0
12:02:04.776,628544,49.54,250.0,0.0,0.0,200.45,0,0
12:02:04.847,628625,49.62,250.0,0.0,0.0,200.37,0,0
12:02:04.951,628725,49.52,250.0,0.0,0.0,200.47,0,0
12:02:05.046,628825,49.52,250.0,0.0,0.0,200.47,0,0
12:02:05.059,628844,49.53,250.0,0.0,0.0,200.46,0,0
12:02:05.139,628925,49.52,250.0,0.0,0.0,200.47,0,0
12:02:05.239,629025,49.45,250.0,0.0,0.0,200.54,0,0
12:02:05.339,629125,49.45,250.0,0.0,0.0,200.54,0,0
12:02:05.358,629144,49.49,250.0,0.0,0.0,200.5,0,0
12:02:05.439,629225,49.53,250.0,0.0,0.0,200.46,0,0
12:02:05.538,629325,49.52,250.0,0.0,0.0,200.47,0,0
12:02:05.643,629425,49.52,250.0,0.0,0.0,200.47,0,0
12:02:05.701,629443,49.52,250.0,0.0,0.0,200.47,0,0
12:02:05.787,629525,49.53,250.0,0.0,0.0,200.46,0,0
12:02:05.839,629625,49.44,250.0,0.0,0.0,200.55,0,0
12:02:05.940,629725,49.44,250.0,0.0,0.0,200.55,0,0
12:02:05.970,629744,49.46,250.0,0.0,0.0,200.53,0,0
12:02:06.039,629825,49.5,250.0,0.0,0.0,200.49,0,0
12:02:06.139,629925,49.46,250.0,0.0,0.0,200.53,0,0
12:02:06.238,630025,49.46,250.0,0.0,0.0,200.53,0,0
12:02:06.258,630044,49.43,250.0,0.0,0.0,200.56,0,0
12:02:06.339,630125,49.4,250.0,0.0,0.0,200.59,0,0
12:02:06.439,630225,49.4,250.0,0.0,0.0,200.59,0,0
12:02:06.458,630244,49.42,250.0,0.0,0.0,200.57,0,0
12:02:06.539,630325,49.41,250.0,0.0,0.0,200.58,0,0
12:02:06.676,630425,49.41,250.0,0.0,0.0,200.58,0,0
12:02:06.682,630444,49.51,250.0,0.0,0.0,200.48,0,0
12:02:06.742,630525,49.62,250.0,0.0,0.0,200.37,0,0
12:02:06.840,630625,49.49,250.0,0.0,0.0,200.5,0,0
12:02:06.938,630725,49.46,250.0,0.0,0.0,200.53,0,0
12:02:07.038,630825,49.46,250.0,0.0,0.0,200.53,0,0
12:02:07.056,630844,49.42,250.0,0.0,0.0,200.57,0,0
12:02:07.139,630925,49.39,250.0,0.0,0.0,200.6,0,0
12:02:07.238,631025,49.47,250.0,0.0,0.0,200.52,0,0
12:02:07.338,631125,49.46,250.0,0.0,0.0,200.53,0,0
12:02:07.438,631225,49.46,250.0,0.0,0.0,200.53,0,0
12:02:07.457,631244,49.45,250.0,0.0,0.0,200.54,0,0
12:02:07.542,631325,49.44,250.0,0.0,0.0,200.55,0,0
12:02:07.644,631425,49.44,250.0,0.0,0.0,200.55,0,0
12:02:07.660,631444,49.46,250.0,0.0,0.0,200.53,0,0
12:02:07.746,631525,49.48,250.0,0.0,0.0,200.51,0,0
12:02:07.839,631625,49.37,250.0,0.0,0.0,200.62,0,0
12:02:07.938,631725,49.34,250.0,0.0,0.0,200.65,0,0
12:02:08.038,631825,49.34,250.0,0.0,0.0,200.65,0,0
12:02:08.057,631844,49.42,250.0,0.0,0.0,200.57,0,0
12:02:08.138,631925,49.51,250.0,0.0,0.0,200.48,0,0
12:02:08.238,632025,49.45,250.0,0.0,0.0,200.54,0,0
12:02:08.359,632125,49.45,250.0,0.0,0.0,200.54,0,0
12:02:08.383,632144,49.42,250.0,0.0,0.0,200.57,0,0
12:02:08.444,632225,49.39,250.0,0.0,0.0,200.6,0,0
12:02:08.540,632325,49.41,250.0,0.0,0.0,200.58,0,0
12:02:08.638,632425,49.41,250.0,0.0,0.0,200.58,0,0
12:02:08.739,632525,49.4,250.0,0.0,0.0,200.59,0,0
12:02:08.838,632625,49.4,250.0,0.0,0.0,200.59,0,0
12:02:08.857,632643,49.4,250.0,0.0,0.0,200.59,0,0
12:02:08.938,632725,49.4,250.0,0.0,0.0,200.59,0,0
12:02:09.037,632825,49.4,250.0,0.0,0.0,200.59,0,0
12:02:09.138,632925,49.4,250.0,0.0,0.0,200.59,0,0
12:02:09.157,632944,49.47,250.0,0.0,0.0,200.52,0,0
12:02:09.243,633025,49.54,250.0,0.0,0.0,200.45,0,0
12:02:09.355,633125,49.57,250.0,0.0,0.0,200.42,0,0
12:02:09.438,633225,49.57,250.0,0.0,0.0,200.42,0,0
12:02:09.456,633244,49.67,250.0,0.0,0.0,200.32,0,0
12:02:09.544,633325,49.77,250.0,0.0,0.0,200.22,0,0
12:02:09.638,633425,49.73,250.0,0.0,0.0,200.26,0,0
12:02:09.738,633525,49.64,250.0,0.0,0.0,200.35,0,0
12:02:09.838,633625,49.64,250.0,0.0,0.0,200.35,0,0
12:02:09.856,633643,49.64,250.0,0.0,0.0,200.35,0,0
12:02:09.938,633725,49.59,250.0,0.0,0.0,200.4,0,0
12:02:10.038,633825,49.57,250.0,0.0,0.0,200.42,0,0
12:02:10.141,633925,49.47,250.0,0.0,0.0,200.52,0,0
12:02:10.242,634025,49.47,250.0,0.0,0.0,200.52,0,0
12:02:10.263,634044,49.46,250.0,0.0,0.0,200.53,0,0
12:02:10.344,634125,49.48,250.0,0.0,0.0,200.51,0,0
12:02:10.437,634225,49.37,250.0,0.0,0.0,200.62,0,0
12:02:10.537,634325,49.37,250.0,0.0,0.0,200.62,0,0
12:02:10.557,634344,49.44,250.0,0.0,0.0,200.55,0,0
12:02:10.638,634425,49.51,250.0,0.0,0.0,200.48,0,0
12:02:10.737,634525,49.47,250.0,0.0,0.0,200.52,0,0
12:02:10.837,634625,49.47,250.0,0.0,0.0,200.52,0,0
12:02:10.856,634644,49.51,250.0,0.0,0.0,200.48,0,0
12:02:10.937,634725,49.55,250.0,0.0,0.0,200.44,0,0
12:02:11.037,634825,49.53,250.0,0.0,0.0,200.46,0,0
12:02:11.155,634925,49.53,250.0,0.0,0.0,200.46,0,0
12:02:11.158,634944,49.52,250.0,0.0,0.0,200.47,0,0
12:02:11.260,635025,49.5,250.0,0.0,0.0,200.49,0,0
12:02:11.343,635125,49.5,250.0,0.0,0.0,200.49,0,0
12:02:11.356,635144,49.61,250.0,0.0,0.0,200.38,0,0
12:02:11.444,635225,49.61,250.0,0.0,0.0,200.38,0,0
12:02:11.456,635243,49.61,250.0,0.0,0.0,200.38,0,0
12:02:11.539,635325,49.61,250.0,0.0,0.0,200.38,0,0
12:02:11.562,635344,49.66,250.0,0.0,0.0,200.33,0,0
12:02:11.640,635425,49.71,250.0,0.0,0.0,200.28,0,0
12:02:11.737,635525,49.7,250.0,0.0,0.0,200.29,0,0
12:02:11.837,635625,49.7,250.0,0.0,0.0,200.29,0,0
12:02:11.856,635644,49.67,250.0,0.0,0.0,200.32,0,0
12:02:11.937,635725,49.64,250.0,0.0,0.0,200.35,0,0
12:02:12.037,635825,49.64,250.0,0.0,0.0,200.35,0,0
12:02:12.055,635844,49.69,250.0,0.0,0.0,200.3,0,0
12:02:12.137,635925,49.71,250.0,0.0,0.0,200.28,0,0
12:02:12.252,636025,49.71,250.0,0.0,0.0,200.28,0,0
12:02:12.259,636044,49.67,250.0,0.0,0.0,200.32,0,0
12:02:12.340,636125,49.64,250.0,0.0,0.0,200.35,0,0
12:02:12.443,636225,49.51,250.0,0.0,0.0,200.48,0,0
12:02:12.537,636325,49.51,250.0,0.0,0.0,200.48,0,0
12:02:12.556,636344,49.53,250.0,0.0,0.0,200.46,0,0
12:02:12.637,636425,49.54,250.0,0.0,0.0,200.45,0,0
12:02:12.736,636525,49.54,250.0,0.0,0.0,200.45,0,0
12:02:12.755,636544,49.49,250.0,0.0,0.0,200.5,0,0
12:02:12.837,636625,49.46,250.0,0.0,0.0,200.53,0,0
12:02:12.937,636725,49.5,250.0,0.0,0.0,200.49,0,0
12:02:13.036,636825,49.5,250.0,0.0,0.0,200.49,0,0
12:02:13.055,636844,49.54,250.0,0.0,0.0,200.45,0,0
12:02:13.146,636925,49.57,250.0,0.0,0.0,200.42,0,0
12:02:13.237,637025,49.45,250.0,0.0,0.0,200.54,0,0
12:02:13.339,637125,49.37,250.0,0.0,0.0,200.62,0,0
12:02:13.437,637225,49.34,250.0,0.0,0.0,200.65,0,0
12:02:13.537,637325,49.34,250.0,0.0,0.0,200.65,0,0
12:02:13.556,637343,49.34,250.0,0.0,0.0,200.65,0,0
12:02:13.636,637425,49.32,250.0,0.0,0.0,200.67,0,0
12:02:13.737,637525,49.32,250.0,0.0,0.0,200.67,0,0
12:02:13.757,637544,49.35,250.0,0.0,0.0,200.64,0,0
12:02:13.837,637625,49.38,250.0,0.0,0.0,200.61,0,0
12:02:13.937,637725,49.38,250.0,0.0,0.0,200.61,0,0
12:02:14.042,637825,49.4,250.0,0.0,0.0,200.59,0,0
12:02:14.144,637925,49.43,250.0,0.0,0.0,200.56,0,0
12:02:14.238,638025,49.4,250.0,0.0,0.0,200.59,0,0
12:02:14.337,638125,49.4,250.0,0.0,0.0,200.59,0,0
12:02:14.356,638144,49.49,250.0,0.0,0.0,200.5,0,0
12:02:14.437,638225,49.6,250.0,0.0,0.0,200.39,0,0
12:02:14.537,638325,49.5,250.0,0.0,0.0,200.49,0,0
12:02:14.637,638425,49.5,250.0,0.0,0.0,200.49,0,0
12:02:14.655,638444,49.57,250.0,0.0,0.0,200.42,0,0
12:02:14.737,638525,49.62,250.0,0.0,0.0,200.37,0,0
12:02:14.837,638625,49.6,250.0,0.0,0.0,200.39,0,0
12:02:14.987,638725,49.6,250.0,0.0,0.0,200.39,0,0
12:02:14.990,638744,49.57,250.0,0.0,0.0,200.42,0,0
12:02:15.057,638825,49.58,250.0,0.0,0.0,200.41,0,0
12:02:15.137,638925,49.51,250.0,0.0,0.0,200.48,0,0
12:02:15.237,639025,49.52,250.0,0.0,0.0,200.47,0,0
12:02:15.336,639125,49.48,250.0,0.0,0.0,200.51,0,0
12:02:15.437,639225,49.48,250.0,0.0,0.0,200.51,0,0
12:02:15.455,639244,49.5,250.0,0.0,0.0,200.49,0,0
12:02:15.537,639325,49.53,250.0,0.0,0.0,200.46,0,0
12:02:15.637,639425,49.53,250.0,0.0,0.0,200.46,0,0
12:02:15.655,639443,49.53,250.0,0.0,0.0,200.46,0,0
12:02:15.737,639525,49.49,250.0,0.0,0.0,200.5,0,0
12:02:15.840,639625,49.48,250.0,0.0,0.0,200.51,0,0
12:02:15.939,639725,49.48,250.0,0.0,0.0,200.51,0,0
12:02:15.969,639744,49.52,250.0,0.0,0.0,200.47,0,0
12:02:16.039,639825,49.53,250.0,0.0,0.0,200.46,0,0
12:02:16.144,639925,49.49,250.0,0.0,0.0,200.5,0,0
12:02:16.236,640025,49.49,250.0,0.0,0.0,200.5,0,0
12:02:16.255,640044,49.48,250.0,0.0,0.0,200.51,0,0
12:02:16.336,640125,49.44,250.0,0.0,0.0,200.55,0,0
12:02:16.437,640225,49.44,250.0,0.0,0.0,200.55,0,0
12:02:16.455,640244,49.44,250.0,0.0,0.0,200.55,0,0
12:02:16.536,640325,49.43,250.0,0.0,0.0,200.56,0,0
12:02:16.636,640425,49.43,250.0,0.0,0.0,200.56,0,0
12:02:16.655,640443,49.43,250.0,0.0,0.0,200.56,0,0
12:02:16.736,640525,49.43,250.0,0.0,0.0,200.56,0,0
12:02:16.842,640625,49.43,250.0,0.0,0.0,200.56,0,0
12:02:16.856,640644,49.47,250.0,0.0,0.0,200.52,0,0
12:02:16.937,640725,49.51,250.0,0.0,0.0,200.48,0,0
12:02:17.036,640825,49.51,250.0,0.0,0.0,200.48,0,0
12:02:17.056,640844,49.42,250.0,0.0,0.0,200.57,0,0
12:02:17.136,640925,49.34,250.0,0.0,0.0,200.65,0,0
12:02:17.236,641025,49.34,250.0,0.0,0.0,200.65,0,0
12:02:17.254,641043,49.34,250.0,0.0,0.0,200.65,0,0
12:02:17.335,641125,49.34,250.0,0.0,0.0,200.65,0,0
12:02:17.436,641225,49.27,250.0,0.0,0.0,200.72,0,0
12:02:17.536,641325,49.27,250.0,0.0,0.0,200.72,0,0
12:02:17.555,641344,49.26,250.0,0.0,0.0,200.73,0,0
12:02:17.636,641425,49.27,250.0,0.0,0.0,200.72,0,0
12:02:17.789,641525,49.18,250.0,0.0,0.0,200.81,0,0
12:02:17.838,641625,49.17,250.0,0.0,0.0,200.82,0,0
12:02:17.942,641725,49.17,250.0,0.0,0.0,200.82,0,0
12:02:17.957,641744,49.19,250.0,0.0,0.0,200.8,0,0
12:02:18.036,641825,49.21,250.0,0.0,0.0,200.78,0,0
12:02:18.135,641925,49.21,250.0,0.0,0.0,200.78,0,0
12:02:18.155,641944,49.25,250.0,0.0,0.0,200.74,0,0
12:02:18.235,642025,49.29,250.0,0.0,0.0,200.7,0,0
12:02:18.336,642125,49.27,250.0,0.0,0.0,200.72,0,0
12:02:18.435,642225,49.23,250.0,0.0,0.0,200.76,0,0
12:02:18.535,642325,49.23,250.0,0.0,0.0,200.76,0,0
12:02:18.555,642344,49.2,250.0,0.0,0.0,200.79,0,0
12:02:18.666,642425,49.16,250.0,0.0,0.0,200.83,0,0
12:02:18.739,642525,49.16,250.0,0.0,0.0,200.83,0,0
12:02:18.756,642543,49.16,250.0,0.0,0.0,200.83,0,0
12:02:18.841,642625,49.16,250.0,0.0,0.0,200.83,0,0
12:02:18.857,642644,49.26,250.0,0.0,0.0,200.73,0,0
12:02:18.936,642725,49.35,250.0,0.0,0.0,200.64,0,0
12:02:19.036,642825,49.3,250.0,0.0,0.0,200.69,0,0
12:02:19.135,642925,49.26,250.0,0.0,0.0,200.73,0,0
12:02:19.235,643025,49.26,250.0,0.0,0.0,200.73,0,0
12:02:19.254,643044,49.27,250.0,0.0,0.0,200.72,0,0
12:02:19.335,643125,49.28,250.0,0.0,0.0,200.71,0,0
12:02:19.435,643225,49.19,250.0,0.0,0.0,200.8,0,0
12:02:19.566,643325,49.18,250.0,0.0,0.0,200.81,0,0
12:02:19.644,643425,49.18,250.0,0.0,0.0,200.81,0,0
12:02:19.655,643444,49.18,250.0,0.0,0.0,200.81,0,0
12:02:19.750,643525,49.14,250.0,0.0,0.0,200.85,0,0
12:02:19.866,643625,49.14,250.0,0.0,0.0,200.85,0,0
12:02:19.892,643643,49.14,250.0,0.0,0.0,200.85,0,0
12:02:19.935,643725,49.14,250.0,0.0,0.0,200.85,0,0
12:02:20.035,643825,49.17,250.0,0.0,0.0,200.82,0,0
12:02:20.135,643925,49.17,250.0,0.0,0.0,200.82,0,0
12:02:20.154,643944,49.19,250.0,0.0,0.0,200.8,0,0
12:02:20.236,644025,49.21,250.0,0.0,0.0,200.78,0,0
12:02:20.335,644125,49.15,250.0,0.0,0.0,200.84,0,0
12:02:20.435,644225,49.15,250.0,0.0,0.0,200.84,0,0
12:02:20.454,644244,49.29,250.0,0.0,0.0,200.7,0,0
12:02:20.541,644325,49.42,250.0,0.0,0.0,200.57,0,0
12:02:20.639,644425,49.39,250.0,0.0,0.0,200.6,0,0
12:02:20.738,644525,49.39,250.0,0.0,0.0,200.6,0,0
12:02:20.759,644544,49.39,250.0,0.0,0.0,200.6,0,0
12:02:20.835,644625,49.39,250.0,0.0,0.0,200.6,0,0
12:02:20.935,644725,49.34,250.0,0.0,0.0,200.65,0,0
12:02:21.035,644825,49.34,250.0,0.0,0.0,200.65,0,0
12:02:21.054,644844,49.32,250.0,0.0,0.0,200.67,0,0
12:02:21.135,644925,49.32,250.0,0.0,0.0,200.67,0,0
12:02:21.236,645025,49.32,250.0,0.0,0.0,200.67,0,0
12:02:21.254,645044,49.4,250.0,0.0,0.0,200.59,0,0
12:02:21.335,645125,49.47,250.0,0.0,0.0,200.52,0,0
12:02:21.461,645225,49.49,250.0,0.0,0.0,200.5,0,0
12:02:21.553,645325,49.4,250.0,0.0,0.0,200.59,0,0
12:02:21.642,645425,49.35,250.0,0.0,0.0,200.64,0,0
12:02:21.736,645525,49.35,250.0,0.0,0.0,200.64,0,0
12:02:21.754,645544,49.43,250.0,0.0,0.0,200.56,0,0
12:02:21.835,645625,49.5,250.0,0.0,0.0,200.49,0,0
12:02:21.935,645725,49.5,250.0,0.0,0.0,200.49,0,0
12:02:21.954,645743,49.5,250.0,0.0,0.0,200.49,0,0
12:02:22.035,645825,49.46,250.0,0.0,0.0,200.53,0,0
12:02:22.135,645925,49.43,250.0,0.0,0.0,200.56,0,0
12:02:22.243,646025,49.43,250.0,0.0,0.0,200.56,0,0
12:02:22.270,646044,49.49,250.0,0.0,0.0,200.5,0,0
12:02:22.343,646125,49.53,250.0,0.0,0.0,200.46,0,0
12:02:22.435,646225,49.53,250.0,0.0,0.0,200.46,0,0
12:02:22.471,646243,49.53,250.0,0.0,0.0,200.46,0,0
12:02:22.536,646325,49.64,250.0,0.0,0.0,200.35,0,0
12:02:22.634,646425,49.64,250.0,0.0,0.0,200.35,0,0
12:02:22.653,646444,49.66,250.0,0.0,0.0,200.33,0,0
12:02:22.735,646525,49.68,250.0,0.0,0.0,200.31,0,0
12:02:22.835,646625,49.68,250.0,0.0,0.0,200.31,0,0
12:02:22.935,646725,49.65,250.0,0.0,0.0,200.34,0,0
12:02:23.034,646825,49.72,250.0,0.0,0.0,200.27,0,0
12:02:23.174,646925,49.61,250.0,0.0,0.0,200.38,0,0
12:02:23.242,647025,49.61,250.0,0.0,0.0,200.38,0,0
12:02:23.258,647044,49.56,250.0,0.0,0.0,200.43,0,0
12:02:23.344,647125,49.52,250.0,0.0,0.0,200.47,0,0
12:02:23.434,647225,49.53,250.0,0.0,0.0,200.46,0,0
12:02:23.534,647325,49.53,250.0,0.0,0.0,200.46,0,0
12:02:23.553,647344,49.59,250.0,0.0,0.0,200.4,0,0
12:02:23.634,647425,49.64,250.0,0.0,0.0,200.35,0,0
12:02:23.736,647525,49.64,250.0,0.0,0.0,200.35,0,0
12:02:23.753,647544,49.71,250.0,0.0,0.0,200.28,0,0
12:02:23.834,647625,49.78,250.0,0.0,0.0,200.21,0,0
12:02:23.934,647725,49.79,250.0,0.0,0.0,200.2,0,0
12:02:24.034,647825,49.79,250.0,0.0,0.0,200.2,0,0
12:02:24.079,647843,49.79,250.0,0.0,0.0,200.2,0,0
12:02:24.141,647925,49.7,250.0,0.0,0.0,200.29,0,0
12:02:24.241,648025,49.66,250.0,0.0,0.0,200.33,0,0
12:02:24.334,648125,49.66,250.0,0.0,0.0,200.33,0,0
12:02:24.353,648144,49.66,250.0,0.0,0.0,200.33,0,0
12:02:24.434,648225,49.63,250.0,0.0,0.0,200.36,0,0
12:02:24.534,648325,49.66,250.0,0.0,0.0,200.33,0,0
12:02:24.634,648425,49.66,250.0,0.0,0.0,200.33,0,0
12:02:24.653,648444,49.73,250.0,0.0,0.0,200.26,0,0
12:02:24.734,648525,49.77,250.0,0.0,0.0,200.22,0,0
12:02:24.835,648625,49.73,250.0,0.0,0.0,200.26,0,0
12:02:24.954,648725,49.69,250.0,0.0,0.0,200.3,0,0
12:02:25.040,648825,49.69,250.0,0.0,0.0,200.3,0,0
12:02:25.054,648844,49.69,250.0,0.0,0.0,200.3,0,0
12:02:25.143,648925,49.68,250.0,0.0,0.0,200.31,0,0
12:02:25.245,649025,49.7,250.0,0.0,0.0,200.29,0,0
12:02:25.334,649125,49.72,250.0,0.0,0.0,200.27,0,0
12:02:25.434,649225,49.72,250.0,0.0,0.0,200.27,0,0
12:02:25.453,649244,49.71,250.0,0.0,0.0,200.28,0,0
12:02:25.534,649325,49.7,250.0,0.0,0.0,200.29,0,0
12:02:25.634,649425,49.69,250.0,0.0,0.0,200.3,0,0
12:02:25.734,649525,49.69,250.0,0.0,0.0,200.3,0,0
12:02:25.753,649544,49.66,250.0,0.0,0.0,200.33,0,0
12:02:25.834,649625,49.66,250.0,0.0,0.0,200.33,0,0
12:02:25.955,649725,49.68,250.0,0.0,0.0,200.31,0,0
12:02:26.033,649825,49.6,250.0,0.0,0.0,200.39,0,0
12:02:26.148,649925,49.5,250.0,0.0,0.0,200.49,0,0
12:02:26.234,650025,49.5,250.0,0.0,0.0,200.49,0,0
12:02:26.253,650044,49.49,250.0,0.0,0.0,200.5,0,0
12:02:26.334,650125,49.45,250.0,0.0,0.0,200.54,0,0
12:02:26.434,650225,49.47,250.0,0.0,0.0,200.52,0,0
12:02:26.535,650325,49.41,250.0,0.0,0.0,200.58,0,0
12:02:26.634,650425,49.41,250.0,0.0,0.0,200.58,0,0
12:02:26.652,650443,49.41,250.0,0.0,0.0,200.58,0,0
12:02:26.734,650525,49.36,250.0,0.0,0.0,200.63,0,0
12:02:26.882,650625,49.38,250.0,0.0,0.0,200.61,0,0
12:02:26.937,650725,49.38,250.0,0.0,0.0,200.61,0,0
12:02:26.964,650744,49.46,250.0,0.0,0.0,200.53,0,0
12:02:27.034,650825,49.52,250.0,0.0,0.0,200.47,0,0
12:02:27.133,650925,49.48,250.0,0.0,0.0,200.51,0,0
12:02:27.233,651025,49.48,250.0,0.0,0.0,200.51,0,0
12:02:27.252,651044,49.45,250.0,0.0,0.0,200.54,0,0
12:02:27.334,651125,49.41,250.0,0.0,0.0,200.58,0,0
12:02:27.434,651225,49.33,250.0,0.0,0.0,200.66,0,0
12:02:27.533,651325,49.33,250.0,0.0,0.0,200.66,0,0
12:02:27.552,651344,49.36,250.0,0.0,0.0,200.63,0,0
12:02:27.633,651425,49.39,250.0,0.0,0.0,200.6,0,0
12:02:27.744,651525,49.36,250.0,0.0,0.0,200.63,0,0
12:02:27.846,651625,49.41,250.0,0.0,0.0,200.58,0,0
12:02:27.938,651725,49.41,250.0,0.0,0.0,200.58,0,0
12:02:27.955,651744,49.51,250.0,0.0,0.0,200.48,0,0
12:02:28.033,651825,49.59,250.0,0.0,0.0,200.4,0,0
12:02:28.133,651925,49.55,250.0,0.0,0.0,200.44,0,0
12:02:28.233,652025,49.48,250.0,0.0,0.0,200.51,0,0
12:02:28.333,652125,49.48,250.0,0.0,0.0,200.51,0,0
12:02:28.353,652144,49.54,250.0,0.0,0.0,200.45,0,0
12:02:28.433,652225,49.6,250.0,0.0,0.0,200.39,0,0
12:02:28.557,652325,49.6,250.0,0.0,0.0,200.39,0,0
12:02:28.566,652344,49.6,250.0,0.0,0.0,200.39,0,0
12:02:28.635,652425,49.61,250.0,0.0,0.0,200.38,0,0
12:02:28.736,652525,49.53,250.0,0.0,0.0,200.46,0,0
12:02:28.836,652625,49.53,250.0,0.0,0.0,200.46,0,0
12:02:28.852,652644,49.57,250.0,0.0,0.0,200.42,0,0
12:02:28.933,652725,49.6,250.0,0.0,0.0,200.39,0,0
12:02:29.034,652825,49.6,250.0,0.0,0.0,200.39,0,0
12:02:29.052,652844,49.6,250.0,0.0,0.0,200.39,0,0
12:02:29.133,652925,49.6,250.0,0.0,0.0,200.39,0,0
12:02:29.233,653025,49.53,250.0,0.0,0.0,200.46,0,0
12:02:29.333,653125,49.53,250.0,0.0,0.0,200.46,0,0
12:02:29.352,653144,49.56,250.0,0.0,0.0,200.43,0,0
12:02:29.474,653225,49.6,250.0,0.0,0.0,200.39,0,0
12:02:29.535,653325,49.6,250.0,0.0,0.0,200.39,0,0
12:02:29.557,653344,49.55,250.0,0.0,0.0,200.44,0,0
12:02:29.640,653425,49.51,250.0,0.0,0.0,200.48,0,0
12:02:29.733,653525,49.51,250.0,0.0,0.0,200.48,0,0
12:02:29.752,653544,49.54,250.0,0.0,0.0,200.45,0,0
12:02:29.833,653625,49.6,250.0,0.0,0.0,200.39,0,0
12:02:29.933,653725,49.48,250.0,0.0,0.0,200.51,0,0
12:02:30.033,653825,49.48,250.0,0.0,0.0,200.51,0,0
12:02:30.052,653844,49.52,250.0,0.0,0.0,200.47,0,0
12:02:30.133,653925,49.53,250.0,0.0,0.0,200.46,0,0
12:02:30.243,654025,49.53,250.0,0.0,0.0,200.46,0,0
12:02:30.290,654044,49.63,250.0,0.0,0.0,200.36,0,0
12:02:30.340,654125,49.63,250.0,0.0,0.0,200.36,0,0
12:02:30.358,654143,49.63,250.0,0.0,0.0,200.36,0,0
12:02:30.432,654225,49.63,250.0,0.0,0.0,200.36,0,0
12:02:30.454,654244,49.68,250.0,0.0,0.0,200.31,0,0
12:02:30.533,654325,49.73,250.0,0.0,0.0,200.26,0,0
12:02:30.633,654425,49.72,250.0,0.0,0.0,200.27,0,0
12:02:30.732,654525,49.66,250.0,0.0,0.0,200.33,0,0
12:02:30.833,654625,49.66,250.0,0.0,0.0,200.33,0,0
12:02:30.852,654643,49.66,250.0,0.0,0.0,200.33,0,0
12:02:30.933,654725,49.68,250.0,0.0,0.0,200.31,0,0
12:02:31.032,654825,49.62,250.0,0.0,0.0,200.37,0,0
12:02:31.132,654925,49.62,250.0,0.0,0.0,200.37,0,0
12:02:31.156,654944,49.55,250.0,0.0,0.0,200.44,0,0
12:02:31.247,655025,49.48,250.0,0.0,0.0,200.51,0,0
12:02:31.332,655125,49.45,250.0,0.0,0.0,200.54,0,0
12:02:31.431,655225,49.45,250.0,0.0,0.0,200.54,0,0
12:02:31.532,655325,49.49,250.0,0.0,0.0,200.5,0,0
12:02:31.632,655425,49.45,250.0,0.0,0.0,200.54,0,0
12:02:31.732,655525,49.29,250.0,0.0,0.0,200.7,0,0
12:02:31.831,655625,49.29,250.0,0.0,0.0,200.7,0,0
12:02:31.851,655644,49.3,250.0,0.0,0.0,200.69,0,0
12:02:31.940,655725,49.31,250.0,0.0,0.0,200.68,0,0
12:02:32.033,655825,49.29,250.0,0.0,0.0,200.7,0,0
12:02:32.132,655925,49.29,250.0,0.0,0.0,200.7,0,0
12:02:32.151,655944,49.3,250.0,0.0,0.0,200.69,0,0
12:02:32.232,656025,49.33,250.0,0.0,0.0,200.66,0,0
12:02:32.332,656125,49.31,250.0,0.0,0.0,200.68,0,0
12:02:32.432,656225,49.31,250.0,0.0,0.0,200.68,0,0
12:02:32.451,656243,49.31,250.0,0.0,0.0,200.68,0,0
12:02:32.532,656325,49.31,250.0,0.0,0.0,200.68,0,0
12:02:32.550,656344,49.42,250.0,0.0,0.0,200.57,0,0
12:02:32.632,656425,49.51,250.0,0.0,0.0,200.48,0,0
12:02:32.744,656525,49.52,250.0,0.0,0.0,200.47,0,0
12:02:32.832,656625,49.52,250.0,0.0,0.0,200.47,0,0
12:02:32.872,656644,49.48,250.0,0.0,0.0,200.51,0,0
12:02:32.937,656725,49.45,250.0,0.0,0.0,200.54,0,0
12:02:33.032,656825,49.45,250.0,0.0,0.0,200.54,0,0
12:02:33.051,656844,49.39,250.0,0.0,0.0,200.6,0,0
12:02:33.132,656925,49.34,250.0,0.0,0.0,200.65,0,0
12:02:33.231,657025,49.34,250.0,0.0,0.0,200.65,0,0
12:02:33.250,657044,49.32,250.0,0.0,0.0,200.67,0,0
12:02:33.333,657125,49.32,250.0,0.0,0.0,200.67,0,0
12:02:33.432,657225,49.23,250.0,0.0,0.0,200.76,0,0
12:02:33.558,657325,49.24,250.0,0.0,0.0,200.75,0,0
12:02:33.675,657425,49.24,250.0,0.0,0.0,200.75,0,0
12:02:33.676,657444,49.35,250.0,0.0,0.0,200.64,0,0
12:02:33.754,657525,49.45,250.0,0.0,0.0,200.54,0,0
12:02:33.940,657625,49.32,250.0,0.0,0.0,200.67,0,0
12:02:33.965,657725,49.32,250.0,0.0,0.0,200.67,0,0
12:02:33.966,657743,49.32,250.0,0.0,0.0,200.67,0,0
12:02:34.034,657825,49.25,250.0,0.0,0.0,200.74,0,0
12:02:34.152,657925,49.21,250.0,0.0,0.0,200.78,0,0
12:02:34.236,658025,49.21,250.0,0.0,0.0,200.78,0,0
12:02:34.255,658044,49.33,250.0,0.0,0.0,200.66,0,0
12:02:34.332,658125,49.43,250.0,0.0,0.0,200.56,0,0
12:02:34.431,658225,49.43,250.0,0.0,0.0,200.56,0,0
12:02:34.451,658244,49.45,250.0,0.0,0.0,200.54,0,0
12:02:34.532,658325,49.45,250.0,0.0,0.0,200.54,0,0
12:02:34.551,658344,49.54,250.0,0.0,0.0,200.45,0,0
12:02:34.632,658425,49.62,250.0,0.0,0.0,200.37,0,0
12:02:34.731,658525,49.62,250.0,0.0,0.0,200.37,0,0
12:02:34.750,658544,49.7,250.0,0.0,0.0,200.29,0,0
12:02:34.832,658625,49.76,250.0,0.0,0.0,200.23,0,0
12:02:34.941,658725,49.76,250.0,0.0,0.0,200.23,0,0
12:02:34.951,658743,49.76,250.0,0.0,0.0,200.23,0,0
12:02:35.035,658825,49.75,250.0,0.0,0.0,200.24,0,0
12:02:35.135,658925,49.66,250.0,0.0,0.0,200.33,0,0
12:02:35.231,659025,49.66,250.0,0.0,0.0,200.33,0,0
12:02:35.249,659044,49.68,250.0,0.0,0.0,200.31,0,0
12:02:35.331,659125,49.7,250.0,0.0,0.0,200.29,0,0
12:02:35.430,659225,49.62,250.0,0.0,0.0,200.37,0,0
12:02:35.531,659325,49.62,250.0,0.0,0.0,200.37,0,0
12:02:35.550,659343,49.62,250.0,0.0,0.0,200.37,0,0
12:02:35.631,659425,49.52,250.0,0.0,0.0,200.47,0,0
12:02:35.780,659525,49.48,250.0,0.0,0.0,200.51,0,0
12:02:35.832,659625,49.44,250.0,0.0,0.0,200.55,0,0
12:02:35.943,659725,49.44,250.0,0.0,0.0,200.55,0,0
12:02:35.966,659744,49.39,250.0,0.0,0.0,200.6,0,0
12:02:36.031,659825,49.34,250.0,0.0,0.0,200.65,0,0
12:02:36.131,659925,49.31,250.0,0.0,0.0,200.68,0,0
12:02:36.231,660025,49.31,250.0,0.0,0.0,200.68,0,0
12:02:36.251,660044,49.37,250.0,0.0,0.0,200.62,0,0
12:02:36.331,660125,49.42,250.0,0.0,0.0,200.57,0,0
12:02:36.431,660225,49.39,250.0,0.0,0.0,200.6,0,0
12:02:36.531,660325,49.36,250.0,0.0,0.0,200.63,0,0
12:02:36.644,660425,49.36,250.0,0.0,0.0,200.63,0,0
12:02:36.733,660525,49.34,250.0,0.0,0.0,200.65,0,0
12:02:36.831,660625,49.34,250.0,0.0,0.0,200.65,0,0
12:02:36.850,660644,49.37,250.0,0.0,0.0,200.62,0,0
12:02:36.931,660725,49.37,250.0,0.0,0.0,200.62,0,0
12:02:37.031,660825,49.37,250.0,0.0,0.0,200.62,0,0
12:02:37.131,660925,49.35,250.0,0.0,0.0,200.64,0,0
12:02:37.231,661025,49.35,250.0,0.0,0.0,200.64,0,0
12:02:37.250,661044,49.37,250.0,0.0,0.0,200.62,0,0
12:02:37.331,661125,49.35,250.0,0.0,0.0,200.64,0,0
12:02:37.439,661225,49.25,250.0,0.0,0.0,200.74,0,0
12:02:37.536,661325,49.26,250.0,0.0,0.0,200.73,0,0
12:02:37.631,661425,49.26,250.0,0.0,0.0,200.73,0,0
12:02:37.650,661443,49.26,250.0,0.0,0.0,200.73,0,0
12:02:37.732,661525,49.27,250.0,0.0,0.0,200.72,0,0
12:02:37.831,661625,49.23,250.0,0.0,0.0,200.76,0,0
12:02:37.931,661725,49.15,250.0,0.0,0.0,200.84,0,0
12:02:38.031,661825,49.15,250.0,0.0,0.0,200.84,0,0
12:02:38.050,661844,49.24,250.0,0.0,0.0,200.75,0,0
12:02:38.160,661925,49.33,250.0,0.0,0.0,200.66,0,0
12:02:38.233,662025,49.26,250.0,0.0,0.0,200.73,0,0
12:02:38.337,662125,49.32,250.0,0.0,0.0,200.67,0,0
12:02:38.430,662225,49.32,250.0,0.0,0.0,200.67,0,0
12:02:38.449,662244,49.35,250.0,0.0,0.0,200.64,0,0
12:02:38.531,662325,49.35,250.0,0.0,0.0,200.64,0,0
12:02:38.630,662425,49.36,250.0,0.0,0.0,200.63,0,0
12:02:38.730,662525,49.36,250.0,0.0,0.0,200.63,0,0
12:02:38.830,662625,49.33,250.0,0.0,0.0,200.66,0,0
12:02:38.935,662725,49.33,250.0,0.0,0.0,200.66,0,0
12:02:38.992,662744,49.36,250.0,0.0,0.0,200.63,0,0
12:02:39.035,662825,49.36,250.0,0.0,0.0,200.63,0,0
12:02:39.141,662925,49.37,250.0,0.0,0.0,200.62,0,0
12:02:39.239,663025,49.37,250.0,0.0,0.0,200.62,0,0
12:02:39.255,663044,49.44,250.0,0.0,0.0,200.55,0,0
12:02:39.330,663125,49.51,250.0,0.0,0.0,200.48,0,0
12:02:39.430,663225,49.51,250.0,0.0,0.0,200.48,0,0
12:02:39.449,663244,49.59,250.0,0.0,0.0,200.4,0,0
12:02:39.530,663325,49.67,250.0,0.0,0.0,200.32,0,0
12:02:39.630,663425,49.64,250.0,0.0,0.0,200.35,0,0
12:02:39.730,663525,49.64,250.0,0.0,0.0,200.35,0,0
12:02:39.749,663543,49.64,250.0,0.0,0.0,200.35,0,0
12:02:39.830,663625,49.61,250.0,0.0,0.0,200.38,0,0
12:02:39.940,663725,49.61,250.0,0.0,0.0,200.38,0,0
12:02:39.964,663744,49.59,250.0,0.0,0.0,200.4,0,0
12:02:40.031,663825,49.57,250.0,0.0,0.0,200.42,0,0
12:02:40.134,663925,49.47,250.0,0.0,0.0,200.52,0,0
12:02:40.230,664025,49.41,250.0,0.0,0.0,200.58,0,0
12:02:40.330,664125,49.41,250.0,0.0,0.0,200.58,0,0
12:02:40.431,664225,49.41,250.0,0.0,0.0,200.58,0,0
12:02:40.449,664244,49.43,250.0,0.0,0.0,200.56,0,0
12:02:40.530,664325,49.45,250.0,0.0,0.0,200.54,0,0
12:02:40.630,664425,49.45,250.0,0.0,0.0,200.54,0,0
12:02:40.649,664444,49.44,250.0,0.0,0.0,200.55,0,0
12:02:40.742,664525,49.44,250.0,0.0,0.0,200.55,0,0
12:02:40.846,664625,49.44,250.0,0.0,0.0,200.55,0,0
12:02:40.856,664643,49.44,250.0,0.0,0.0,200.55,0,0
12:02:40.930,664725,49.46,250.0,0.0,0.0,200.53,0,0
12:02:41.031,664825,49.46,250.0,0.0,0.0,200.53,0,0
12:02:41.050,664844,49.52,250.0,0.0,0.0,200.47,0,0
12:02:41.129,664925,49.58,250.0,0.0,0.0,200.41,0,0
12:02:41.230,665025,49.54,250.0,0.0,0.0,200.45,0,0
12:02:41.329,665125,49.5,250.0,0.0,0.0,200.49,0,0
12:02:41.430,665225,49.5,250.0,0.0,0.0,200.49,0,0
12:02:41.449,665244,49.48,250.0,0.0,0.0,200.51,0,0
12:02:41.530,665325,49.47,250.0,0.0,0.0,200.52,0,0
12:02:41.630,665425,49.54,250.0,0.0,0.0,200.45,0,0
12:02:41.736,665525,49.54,250.0,0.0,0.0,200.45,0,0
12:02:41.749,665544,49.52,250.0,0.0,0.0,200.47,0,0
12:02:41.835,665625,49.51,250.0,0.0,0.0,200.48,0,0
12:02:41.929,665725,49.47,250.0,0.0,0.0,200.52,0,0
12:02:42.030,665825,49.47,250.0,0.0,0.0,200.52,0,0
12:02:42.049,665844,49.56,250.0,0.0,0.0,200.43,0,0
12:02:42.132,665925,49.64,250.0,0.0,0.0,200.35,0,0
12:02:42.229,666025,49.64,250.0,0.0,0.0,200.35,0,0
12:02:42.330,666125,49.51,250.0,0.0,0.0,200.48,0,0
12:02:42.430,666225,49.51,250.0,0.0,0.0,200.48,0,0
12:02:42.542,666325,49.51,250.0,0.0,0.0,200.48,0,0
12:02:42.550,666344,49.55,250.0,0.0,0.0,200.44,0,0
12:02:42.649,666425,49.58,250.0,0.0,0.0,200.41,0,0
12:02:42.730,666525,49.56,250.0,0.0,0.0,200.43,0,0
12:02:42.830,666625,49.49,250.0,0.0,0.0,200.5,0,0
12:02:42.930,666725,49.53,250.0,0.0,0.0,200.46,0,0
12:02:43.029,666825,49.53,250.0,0.0,0.0,200.46,0,0
12:02:43.048,666844,49.64,250.0,0.0,0.0,200.35,0,0
12:02:43.130,666925,49.73,250.0,0.0,0.0,200.26,0,0
12:02:43.258,667025,49.73,250.0,0.0,0.0,200.26,0,0
12:02:43.259,667044,49.72,250.0,0.0,0.0,200.27,0,0
12:02:43.332,667125,49.71,250.0,0.0,0.0,200.28,0,0
12:02:43.432,667225,49.63,250.0,0.0,0.0,200.36,0,0
12:02:43.530,667325,49.63,250.0,0.0,0.0,200.36,0,0
12:02:43.548,667344,49.68,250.0,0.0,0.0,200.31,0,0
12:02:43.628,667425,49.7,250.0,0.0,0.0,200.29,0,0
12:02:43.729,667525,49.61,250.0,0.0,0.0,200.38,0,0
12:02:43.829,667625,49.61,250.0,0.0,0.0,200.38,0,0
12:02:43.847,667644,49.67,250.0,0.0,0.0,200.32,0,0
12:02:43.928,667725,49.73,250.0,0.0,0.0,200.26,0,0
12:02:44.032,667825,49.72,250.0,0.0,0.0,200.27,0,0
12:02:44.132,667925,49.72,250.0,0.0,0.0,200.27,0,0
12:02:44.160,667944,49.69,250.0,0.0,0.0,200.3,0,0
12:02:44.231,668025,49.68,250.0,0.0,0.0,200.31,0,0
12:02:44.329,668125,49.58,250.0,0.0,0.0,200.41,0,0
12:02:44.433,668225,49.58,250.0,0.0,0.0,200.41,0,0
12:02:44.529,668325,49.56,250.0,0.0,0.0,200.43,0,0
12:02:44.629,668425,49.52,250.0,0.0,0.0,200.47,0,0
12:02:44.728,668525,49.55,250.0,0.0,0.0,200.44,0,0
12:02:44.829,668625,49.56,250.0,0.0,0.0,200.43,0,0
12:02:44.940,668725,49.57,250.0,0.0,0.0,200.42,0,0
12:02:45.031,668825,49.52,250.0,0.0,0.0,200.47,0,0
12:02:45.128,668925,49.52,250.0,0.0,0.0,200.47,0,0
12:02:45.148,668944,49.51,250.0,0.0,0.0,200.48,0,0
12:02:45.229,669025,49.49,250.0,0.0,0.0,200.5,0,0
12:02:45.329,669125,49.48,250.0,0.0,0.0,200.51,0,0
12:02:45.431,669225,49.45,250.0,0.0,0.0,200.54,0,0
12:02:45.529,669325,49.45,250.0,0.0,0.0,200.54,0,0
12:02:45.549,669343,49.45,250.0,0.0,0.0,200.54,0,0
12:02:45.629,669425,49.44,250.0,0.0,0.0,200.55,0,0
12:02:45.730,669525,49.41,250.0,0.0,0.0,200.58,0,0
12:02:45.830,669625,49.41,250.0,0.0,0.0,200.58,0,0
12:02:45.852,669644,49.46,250.0,0.0,0.0,200.53,0,0
12:02:45.929,669725,49.52,250.0,0.0,0.0,200.47,0,0
12:02:46.028,669825,49.46,250.0,0.0,0.0,200.53,0,0
12:02:46.131,669925,49.46,250.0,0.0,0.0,200.53,0,0
12:02:46.148,669944,49.42,250.0,0.0,0.0,200.57,0,0
12:02:46.229,670025,49.39,250.0,0.0,0.0,200.6,0,0
12:02:46.328,670125,49.42,250.0,0.0,0.0,200.57,0,0
12:02:46.430,670225,49.42,250.0,0.0,0.0,200.57,0,0
12:02:46.448,670244,49.41,250.0,0.0,0.0,200.58,0,0
12:02:46.531,670325,49.41,250.0,0.0,0.0,200.58,0,0
12:02:46.632,670425,49.36,250.0,0.0,0.0,200.63,0,0
12:02:46.737,670525,49.36,250.0,0.0,0.0,200.63,0,0
12:02:46.754,670544,49.38,250.0,0.0,0.0,200.61,0,0
12:02:46.829,670625,49.43,250.0,0.0,0.0,200.56,0,0
12:02:46.928,670725,49.43,250.0,0.0,0.0,200.56,0,0
12:02:46.947,670744,49.45,250.0,0.0,0.0,200.54,0,0
12:02:47.029,670825,49.47,250.0,0.0,0.0,200.52,0,0
12:02:47.128,670925,49.47,250.0,0.0,0.0,200.52,0,0
12:02:47.147,670944,49.56,250.0,0.0,0.0,200.43,0,0
12:02:47.230,671025,49.64,250.0,0.0,0.0,200.35,0,0
12:02:47.330,671125,49.64,250.0,0.0,0.0,200.35,0,0
12:02:47.348,671144,49.69,250.0,0.0,0.0,200.3,0,0
12:02:47.495,671225,49.73,250.0,0.0,0.0,200.26,0,0
12:02:47.527,671325,49.67,250.0,0.0,0.0,200.32,0,0
12:02:47.628,671425,49.67,250.0,0.0,0.0,200.32,0,0
12:02:47.653,671443,49.67,250.0,0.0,0.0,200.32,0,0
12:02:47.729,671525,49.59,250.0,0.0,0.0,200.4,0,0
12:02:47.828,671625,49.54,250.0,0.0,0.0,200.45,0,0
12:02:47.930,671725,49.54,250.0,0.0,0.0,200.45,0,0
12:02:47.947,671744,49.5,250.0,0.0,0.0,200.49,0,0
12:02:48.028,671825,49.44,250.0,0.0,0.0,200.55,0,0
12:02:48.128,671925,49.44,250.0,0.0,0.0,200.55,0,0
12:02:48.146,671943,49.44,250.0,0.0,0.0,200.55,0,0
12:02:48.228,672025,49.46,250.0,0.0,0.0,200.53,0,0
12:02:48.340,672125,49.42,250.0,0.0,0.0,200.57,0,0
12:02:48.428,672225,49.39,250.0,0.0,0.0,200.6,0,0
12:02:48.529,672325,49.39,250.0,0.0,0.0,200.6,0,0
12:02:48.547,672344,49.42,250.0,0.0,0.0,200.57,0,0
12:02:48.629,672425,49.44,250.0,0.0,0.0,200.55,0,0
12:02:48.729,672525,49.44,250.0,0.0,0.0,200.55,0,0
12:02:48.751,672543,49.44,250.0,0.0,0.0,200.55,0,0
12:02:48.827,672625,49.43,250.0,0.0,0.0,200.56,0,0
12:02:48.928,672725,49.45,250.0,0.0,0.0,200.54,0,0
12:02:49.028,672825,49.45,250.0,0.0,0.0,200.54,0,0
12:02:49.047,672844,49.39,250.0,0.0,0.0,200.6,0,0
12:02:49.175,672925,49.34,250.0,0.0,0.0,200.65,0,0
12:02:49.228,673025,49.34,250.0,0.0,0.0,200.65,0,0
12:02:49.257,673043,49.34,250.0,0.0,0.0,200.65,0,0
12:02:49.340,673125,49.32,250.0,0.0,0.0,200.67,0,0
12:02:49.473,673225,49.32,250.0,0.0,0.0,200.67,0,0
12:02:49.488,673244,49.3,250.0,0.0,0.0,200.69,0,0
12:02:49.528,673325,49.28,250.0,0.0,0.0,200.71,0,0
12:02:49.628,673425,49.27,250.0,0.0,0.0,200.72,0,0
12:02:49.728,673525,49.27,250.0,0.0,0.0,200.72,0,0
12:02:49.747,673543,49.27,250.0,0.0,0.0,200.72,0,0
12:02:49.828,673625,49.28,250.0,0.0,0.0,200.71,0,0
12:02:49.929,673725,49.21,250.0,0.0,0.0,200.78,0,0
12:02:50.028,673825,49.21,250.0,0.0,0.0,200.78,0,0
12:02:50.047,673844,49.23,250.0,0.0,0.0,200.76,0,0
12:02:50.138,673925,49.24,250.0,0.0,0.0,200.75,0,0
12:02:50.232,674025,49.18,250.0,0.0,0.0,200.81,0,0
12:02:50.336,674125,49.18,250.0,0.0,0.0,200.81,0,0
12:02:50.364,674144,49.22,250.0,0.0,0.0,200.77,0,0
12:02:50.429,674225,49.26,250.0,0.0,0.0,200.73,0,0
12:02:50.528,674325,49.2,250.0,0.0,0.0,200.79,0,0
12:02:50.627,674425,49.22,250.0,0.0,0.0,200.77,0,0
12:02:50.729,674525,49.23,250.0,0.0,0.0,200.76,0,0
12:02:50.826,674625,49.23,250.0,0.0,0.0,200.76,0,0
12:02:50.847,674643,49.23,250.0,0.0,0.0,200.76,0,0
12:02:50.928,674725,49.25,250.0,0.0,0.0,200.74,0,0
12:02:51.039,674825,49.26,250.0,0.0,0.0,200.73,0,0
12:02:51.130,674925,49.25,250.0,0.0,0.0,200.74,0,0
12:02:51.226,675025,49.21,250.0,0.0,0.0,200.78,0,0
12:02:51.327,675125,49.28,250.0,0.0,0.0,200.71,0,0
12:02:51.427,675225,49.28,250.0,0.0,0.0,200.71,0,0
12:02:51.447,675244,49.43,250.0,0.0,0.0,200.56,0,0
12:02:51.528,675325,49.57,250.0,0.0,0.0,200.42,0,0
12:02:51.627,675425,49.57,250.0,0.0,0.0,200.42,0,0
12:02:51.646,675444,49.53,250.0,0.0,0.0,200.46,0,0
12:02:51.728,675525,49.51,250.0,0.0,0.0,200.48,0,0
12:02:51.854,675625,49.48,250.0,0.0,0.0,200.51,0,0
12:02:51.944,675725,49.48,250.0,0.0,0.0,200.51,0,0
12:02:51.959,675744,49.52,250.0,0.0,0.0,200.47,0,0
12:02:52.027,675825,49.53,250.0,0.0,0.0,200.46,0,0
12:02:52.127,675925,49.53,250.0,0.0,0.0,200.46,0,0
12:02:52.151,675944,49.59,250.0,0.0,0.0,200.4,0,0
12:02:52.228,676025,49.66,250.0,0.0,0.0,200.33,0,0
12:02:52.328,676125,49.63,250.0,0.0,0.0,200.36,0,0
12:02:52.429,676225,49.63,250.0,0.0,0.0,200.36,0,0
12:02:52.446,676244,49.56,250.0,0.0,0.0,200.43,0,0
12:02:52.527,676325,49.52,250.0,0.0,0.0,200.47,0,0
12:02:52.630,676425,49.43,250.0,0.0,0.0,200.56,0,0
12:02:52.735,676525,49.43,250.0,0.0,0.0,200.56,0,0
12:02:52.749,676544,49.42,250.0,0.0,0.0,200.57,0,0
12:02:52.836,676625,49.42,250.0,0.0,0.0,200.57,0,0
12:02:52.927,676725,49.36,250.0,0.0,0.0,200.63,0,0
12:02:53.027,676825,49.36,250.0,0.0,0.0,200.63,0,0
12:02:53.046,676844,49.39,250.0,0.0,0.0,200.6,0,0
12:02:53.127,676925,49.39,250.0,0.0,0.0,200.6,0,0
12:02:53.228,677025,49.44,250.0,0.0,0.0,200.55,0,0
12:02:53.327,677125,49.43,250.0,0.0,0.0,200.56,0,0
12:02:53.426,677225,49.43,250.0,0.0,0.0,200.56,0,0
12:02:53.462,677243,49.43,250.0,0.0,0.0,200.56,0,0
12:02:53.528,677325,49.43,250.0,0.0,0.0,200.56,0,0
12:02:53.563,677344,49.42,250.0,0.0,0.0,200.57,0,0
12:02:53.637,677425,49.39,250.0,0.0,0.0,200.6,0,0
12:02:53.726,677525,49.34,250.0,0.0,0.0,200.65,0,0
12:02:53.827,677625,49.34,250.0,0.0,0.0,200.65,0,0
12:02:53.845,677644,49.4,250.0,0.0,0.0,200.59,0,0
12:02:53.927,677725,49.47,250.0,0.0,0.0,200.52,0,0
12:02:54.027,677825,49.46,250.0,0.0,0.0,200.53,0,0
12:02:54.127,677925,49.46,250.0,0.0,0.0,200.53,0,0
12:02:54.145,677944,49.5,250.0,0.0,0.0,200.49,0,0
12:02:54.227,678025,49.51,250.0,0.0,0.0,200.48,0,0
12:02:54.330,678125,49.51,250.0,0.0,0.0,200.48,0,0
12:02:54.346,678144,49.52,250.0,0.0,0.0,200.47,0,0
12:02:54.433,678225,49.53,250.0,0.0,0.0,200.46,0,0
12:02:54.542,678325,49.49,250.0,0.0,0.0,200.5,0,0
12:02:54.626,678425,49.49,250.0,0.0,0.0,200.5,0,0
12:02:54.646,678444,49.53,250.0,0.0,0.0,200.46,0,0
12:02:54.726,678525,49.57,250.0,0.0,0.0,200.42,0,0
12:02:54.826,678625,49.47,250.0,0.0,0.0,200.52,0,0
12:02:54.926,678725,49.47,250.0,0.0,0.0,200.52,0,0
12:02:54.947,678744,49.51,250.0,0.0,0.0,200.48,0,0
12:02:55.026,678825,49.55,250.0,0.0,0.0,200.44,0,0
12:02:55.129,678925,49.53,250.0,0.0,0.0,200.46,0,0
12:02:55.226,679025,49.53,250.0,0.0,0.0,200.46,0,0
12:02:55.256,679044,49.56,250.0,0.0,0.0,200.43,0,0
12:02:55.327,679125,49.6,250.0,0.0,0.0,200.39,0,0
12:02:55.426,679225,49.6,250.0,0.0,0.0,200.39,0,0
12:02:55.459,679244,49.55,250.0,0.0,0.0,200.44,0,0
12:02:55.526,679325,49.51,250.0,0.0,0.0,200.48,0,0
12:02:55.626,679425,49.44,250.0,0.0,0.0,200.55,0,0
12:02:55.727,679525,49.44,250.0,0.0,0.0,200.55,0,0
12:02:55.745,679544,49.41,250.0,0.0,0.0,200.58,0,0
12:02:55.826,679625,49.41,250.0,0.0,0.0,200.58,0,0
12:02:55.926,679725,49.4,250.0,0.0,0.0,200.59,0,0
12:02:56.026,679825,49.4,250.0,0.0,0.0,200.59,0,0
12:02:56.045,679843,49.4,250.0,0.0,0.0,200.59,0,0
12:02:56.183,679925,49.35,250.0,0.0,0.0,200.64,0,0
12:02:56.239,680025,49.38,250.0,0.0,0.0,200.61,0,0
12:02:56.329,680125,49.3,250.0,0.0,0.0,200.69,0,0
12:02:56.426,680225,49.28,250.0,0.0,0.0,200.71,0,0
12:02:56.526,680325,49.28,250.0,0.0,0.0,200.71,0,0
12:02:56.545,680344,49.34,250.0,0.0,0.0,200.65,0,0
12:02:56.626,680425,49.4,250.0,0.0,0.0,200.59,0,0
12:02:56.727,680525,49.32,250.0,0.0,0.0,200.67,0,0
12:02:56.828,680625,49.32,250.0,0.0,0.0,200.67,0,0
12:02:56.845,680644,49.3,250.0,0.0,0.0,200.69,0,0
12:02:56.926,680725,49.31,250.0,0.0,0.0,200.68,0,0
12:02:57.027,680825,49.36,250.0,0.0,0.0,200.63,0,0
12:02:57.126,680925,49.36,250.0,0.0,0.0,200.63,0,0
12:02:57.230,681025,49.36,250.0,0.0,0.0,200.63,0,0
12:02:57.245,681044,49.39,250.0,0.0,0.0,200.6,0,0
12:02:57.326,681125,49.44,250.0,0.0,0.0,200.55,0,0
12:02:57.428,681225,49.44,250.0,0.0,0.0,200.55,0,0
12:02:57.446,681244,49.41,250.0,0.0,0.0,200.58,0,0
12:02:57.525,681325,49.38,250.0,0.0,0.0,200.61,0,0
12:02:57.626,681425,49.3,250.0,0.0,0.0,200.69,0,0
12:02:57.728,681525,49.3,250.0,0.0,0.0,200.69,0,0
12:02:57.744,681544,49.38,250.0,0.0,0.0,200.61,0,0
12:02:57.826,681625,49.46,250.0,0.0,0.0,200.53,0,0
12:02:57.938,681725,49.47,250.0,0.0,0.0,200.52,0,0
12:02:58.027,681825,49.44,250.0,0.0,0.0,200.55,0,0
12:02:58.129,681925,49.44,250.0,0.0,0.0,200.55,0,0
12:02:58.158,681943,49.44,250.0,0.0,0.0,200.55,0,0
12:02:58.225,682025,49.38,250.0,0.0,0.0,200.61,0,0
12:02:58.326,682125,49.41,250.0,0.0,0.0,200.58,0,0
12:02:58.425,682225,49.41,250.0,0.0,0.0,200.58,0,0
12:02:58.444,682244,49.35,250.0,0.0,0.0,200.64,0,0
12:02:58.526,682325,49.35,250.0,0.0,0.0,200.64,0,0
12:02:58.544,682344,49.31,250.0,0.0,0.0,200.68,0,0
12:02:58.625,682425,49.26,250.0,0.0,0.0,200.73,0,0
12:02:58.729,682525,49.22,250.0,0.0,0.0,200.77,0,0
12:02:58.834,682625,49.22,250.0,0.0,0.0,200.77,0,0
12:02:58.845,682644,49.31,250.0,0.0,0.0,200.68,0,0
12:02:58.928,682725,49.42,250.0,0.0,0.0,200.57,0,0
12:02:59.027,682825,49.41,250.0,0.0,0.0,200.58,0,0
12:02:59.125,682925,49.41,250.0,0.0,0.0,200.58,0,0
12:02:59.226,683025,49.41,250.0,0.0,0.0,200.58,0,0
12:02:59.244,683043,49.41,250.0,0.0,0.0,200.58,0,0
12:02:59.324,683125,49.41,250.0,0.0,0.0,200.58,0,0
12:02:59.426,683225,49.43,250.0,0.0,0.0,200.56,0,0
12:02:59.528,683325,49.43,250.0,0.0,0.0,200.56,0,0
12:02:59.544,683344,49.5,250.0,0.0,0.0,200.49,0,0
12:02:59.624,683425,49.56,250.0,0.0,0.0,200.43,0,0
12:02:59.732,683525,49.52,250.0,0.0,0.0,200.47,0,0
12:02:59.826,683625,49.52,250.0,0.0,0.0,200.47,0,0
12:02:59.851,683644,49.55,250.0,0.0,0.0,200.44,0,0
12:02:59.925,683725,49.58,250.0,0.0,0.0,200.41,0,0
12:03:00.025,683825,49.59,250.0,0.0,0.0,200.4,0,0
12:03:00.124,683925,49.57,250.0,0.0,0.0,200.42,0,0
12:03:00.225,684025,49.57,250.0,0.0,0.0,200.42,0,0
12:03:00.244,684043,49.57,250.0,0.0,0.0,200.42,0,0
12:03:00.325,684125,49.47,250.0,0.0,0.0,200.52,0,0
12:03:00.425,684225,49.39,250.0,0.0,0.0,200.6,0,0
12:03:00.524,684325,49.39,250.0,0.0,0.0,200.6,0,0
12:03:00.543,684344,49.46,250.0,0.0,0.0,200.53,0,0
12:03:00.628,684425,49.46,250.0,0.0,0.0,200.53,0,0
12:03:00.646,684444,49.45,250.0,0.0,0.0,200.54,0,0
12:03:00.725,684525,49.44,250.0,0.0,0.0,200.55,0,0
12:03:00.825,684625,49.44,250.0,0.0,0.0,200.55,0,0
12:03:00.925,684725,49.44,250.0,0.0,0.0,200.55,0,0
12:03:00.948,684744,49.53,250.0,0.0,0.0,200.46,0,0
12:03:01.025,684825,49.61,250.0,0.0,0.0,200.38,0,0
12:03:01.125,684925,49.61,250.0,0.0,0.0,200.38,0,0
12:03:01.144,684944,49.64,250.0,0.0,0.0,200.35,0,0
12:03:01.225,685025,49.66,250.0,0.0,0.0,200.33,0,0
12:03:01.324,685125,49.63,250.0,0.0,0.0,200.36,0,0
12:03:01.426,685225,49.58,250.0,0.0,0.0,200.41,0,0
12:03:01.530,685325,49.58,250.0,0.0,0.0,200.41,0,0
12:03:01.544,685344,49.64,250.0,0.0,0.0,200.35,0,0
12:03:01.638,685425,49.66,250.0,0.0,0.0,200.33,0,0
12:03:01.725,685525,49.56,250.0,0.0,0.0,200.43,0,0
12:03:01.824,685625,49.56,250.0,0.0,0.0,200.43,0,0
12:03:01.844,685644,49.61,250.0,0.0,0.0,200.38,0,0
12:03:01.924,685725,49.66,250.0,0.0,0.0,200.33,0,0
12:03:02.025,685825,49.63,250.0,0.0,0.0,200.36,0,0
12:03:02.124,685925,49.63,250.0,0.0,0.0,200.36,0,0
12:03:02.145,685944,49.61,250.0,0.0,0.0,200.38,0,0
12:03:02.225,686025,49.56,250.0,0.0,0.0,200.43,0,0
12:03:02.325,686125,49.57,250.0,0.0,0.0,200.42,0,0
12:03:02.435,686225,49.6,250.0,0.0,0.0,200.39,0,0
12:03:02.525,686325,49.55,250.0,0.0,0.0,200.44,0,0
12:03:02.627,686425,49.55,250.0,0.0,0.0,200.44,0,0
12:03:02.644,686444,49.61,250.0,0.0,0.0,200.38,0,0
12:03:02.725,686525,49.66,250.0,0.0,0.0,200.33,0,0
12:03:02.825,686625,49.55,250.0,0.0,0.0,200.44,0,0
12:03:02.925,686725,49.49,250.0,0.0,0.0,200.5,0,0
12:03:03.024,686825,49.49,250.0,0.0,0.0,200.5,0,0
12:03:03.044,686844,49.52,250.0,0.0,0.0,200.47,0,0
12:03:03.135,686925,49.58,250.0,0.0,0.0,200.41,0,0
12:03:03.231,687025,49.51,250.0,0.0,0.0,200.48,0,0
12:03:03.328,687125,49.5,250.0,0.0,0.0,200.49,0,0
12:03:03.424,687225,49.5,250.0,0.0,0.0,200.49,0,0
12:03:03.524,687325,49.5,250.0,0.0,0.0,200.49,0,0
12:03:03.543,687344,49.51,250.0,0.0,0.0,200.48,0,0
12:03:03.625,687425,49.55,250.0,0.0,0.0,200.44,0,0
12:03:03.725,687525,49.53,250.0,0.0,0.0,200.46,0,0
12:03:03.827,687625,49.46,250.0,0.0,0.0,200.52,0,0
12:03:03.924,687725,49.46,250.0,0.0,0.0,200.52,0,0
12:03:03.943,687744,49.53,250.0,0.0,0.0,200.46,0,0
12:03:04.035,687825,49.59,250.0,0.0,0.0,200.4,0,0
12:03:04.129,687925,49.57,250.0,0.0,0.0,200.42,0,0
12:03:04.227,688025,49.45,250.0,0.0,0.0,200.54,0,0
12:03:04.331,688125,49.45,250.0,0.0,0.0,200.54,0,0
12:03:04.343,688144,49.41,250.0,0.0,0.0,200.58,0,0
12:03:04.424,688225,49.39,250.0,0.0,0.0,200.6,0,0
12:03:04.524,688325,49.39,250.0,0.0,0.0,200.61,0,0
12:03:04.624,688425,49.39,250.0,0.0,0.0,200.61,0,0
12:03:04.643,688444,49.51,250.0,0.0,0.0,200.48,0,0
12:03:04.724,688525,49.62,250.0,0.0,0.0,200.37,0,0
12:03:04.824,688625,49.62,250.0,0.0,0.0,200.37,0,0
12:03:04.843,688644,49.59,250.0,0.0,0.0,200.4,0,0
12:03:04.971,688725,49.57,250.0,0.0,0.0,200.42,0,0
12:03:05.030,688825,49.57,250.0,0.0,0.0,200.42,0,0
12:03:05.043,688844,49.6,250.0,0.0,0.0,200.39,0,0
12:03:05.124,688925,49.63,250.0,0.0,0.0,200.36,0,0
12:03:05.224,689025,49.63,250.0,0.0,0.0,200.36,0,0
12:03:05.243,689044,49.58,250.0,0.0,0.0,200.41,0,0
12:03:05.325,689125,49.56,250.0,0.0,0.0,200.43,0,0
12:03:05.424,689225,49.59,250.0,0.0,0.0,200.4,0,0
12:03:05.523,689325,49.59,250.0,0.0,0.0,200.4,0,0
12:03:05.624,689425,49.59,250.0,0.0,0.0,200.4,0,0
12:03:05.644,689444,49.59,250.0,0.0,0.0,200.4,0,0
12:03:05.728,689525,49.6,250.0,0.0,0.0,200.39,0,0
12:03:05.826,689625,49.6,250.0,0.0,0.0,200.39,0,0
12:03:05.843,689644,49.52,250.0,0.0,0.0,200.47,0,0
12:03:05.923,689725,49.46,250.0,0.0,0.0,200.53,0,0
12:03:06.024,689825,49.37,250.0,0.0,0.0,200.62,0,0
12:03:06.124,689925,49.37,250.0,0.0,0.0,200.62,0,0
12:03:06.146,689944,49.4,250.0,0.0,0.0,200.59,0,0
12:03:06.226,690025,49.42,250.0,0.0,0.0,200.57,0,0
12:03:06.324,690125,49.42,250.0,0.0,0.0,200.57,0,0
12:03:06.343,690144,49.44,250.0,0.0,0.0,200.55,0,0
12:03:06.423,690225,49.46,250.0,0.0,0.0,200.53,0,0
12:03:06.541,690325,49.45,250.0,0.0,0.0,200.54,0,0
12:03:06.627,690425,49.44,250.0,0.0,0.0,200.55,0,0
12:03:06.723,690525,49.44,250.0,0.0,0.0,200.55,0,0
12:03:06.742,690544,49.46,250.0,0.0,0.0,200.53,0,0
12:03:06.826,690625,49.45,250.0,0.0,0.0,200.54,0,0
12:03:06.924,690725,49.45,250.0,0.0,0.0,200.54,0,0
12:03:07.023,690825,49.36,250.0,0.0,0.0,200.63,0,0
12:03:07.123,690925,49.36,250.0,0.0,0.0,200.63,0,0
12:03:07.251,691025,49.32,250.0,0.0,0.0,200.67,0,0
12:03:07.346,691125,49.32,250.0,0.0,0.0,200.67,0,0
12:03:07.364,691144,49.32,250.0,0.0,0.0,200.67,0,0
12:03:07.424,691225,49.33,250.0,0.0,0.0,200.66,0,0
12:03:07.526,691325,49.36,250.0,0.0,0.0,200.63,0,0
12:03:07.623,691425,49.36,250.0,0.0,0.0,200.63,0,0
12:03:07.642,691443,49.36,250.0,0.0,0.0,200.63,0,0
12:03:07.723,691525,49.38,250.0,0.0,0.0,200.61,0,0
12:03:07.824,691625,49.33,250.0,0.0,0.0,200.66,0,0
12:03:07.923,691725,49.33,250.0,0.0,0.0,200.66,0,0
12:03:07.943,691744,49.41,250.0,0.0,0.0,200.58,0,0
12:03:08.023,691825,49.46,250.0,0.0,0.0,200.53,0,0
12:03:08.132,691925,49.4,250.0,0.0,0.0,200.59,0,0
12:03:08.225,692025,49.4,250.0,0.0,0.0,200.59,0,0
12:03:08.250,692044,49.42,250.0,0.0,0.0,200.57,0,0
12:03:08.345,692125,49.42,250.0,0.0,0.0,200.57,0,0
12:03:08.423,692225,49.42,250.0,0.0,0.0,200.57,0,0
12:03:08.441,692244,49.44,250.0,0.0,0.0,200.55,0,0
12:03:08.522,692325,49.46,250.0,0.0,0.0,200.53,0,0
12:03:08.626,692425,49.4,250.0,0.0,0.0,200.59,0,0
12:03:08.724,692525,49.32,250.0,0.0,0.0,200.67,0,0
12:03:08.824,692625,49.32,250.0,0.0,0.0,200.67,0,0
12:03:08.841,692644,49.38,250.0,0.0,0.0,200.61,0,0
12:03:08.963,692725,49.38,250.0,0.0,0.0,200.61,0,0
12:03:08.965,692744,49.43,250.0,0.0,0.0,200.56,0,0
12:03:09.027,692825,49.47,250.0,0.0,0.0,200.52,0,0
12:03:09.126,692925,49.41,250.0,0.0,0.0,200.58,0,0
12:03:09.224,693025,49.41,250.0,0.0,0.0,200.58,0,0
12:03:09.323,693125,49.41,250.0,0.0,0.0,200.58,0,0
12:03:09.343,693144,49.53,250.0,0.0,0.0,200.46,0,0
12:03:09.424,693225,49.63,250.0,0.0,0.0,200.36,0,0
12:03:09.522,693325,49.61,250.0,0.0,0.0,200.38,0,0
12:03:09.624,693425,49.61,250.0,0.0,0.0,200.38,0,0
12:03:09.641,693443,49.61,250.0,0.0,0.0,200.38,0,0
12:03:09.722,693525,49.66,250.0,0.0,0.0,200.33,0,0
12:03:09.866,693625,49.63,250.0,0.0,0.0,200.36,0,0
12:03:09.933,693725,49.63,250.0,0.0,0.0,200.36,0,0
12:03:10.026,693825,49.63,250.0,0.0,0.0,200.36,0,0
12:03:10.043,693844,49.68,250.0,0.0,0.0,200.31,0,0
12:03:10.122,693925,49.72,250.0,0.0,0.0,200.27,0,0
12:03:10.223,694025,49.66,250.0,0.0,0.0,200.33,0,0
12:03:10.323,694125,49.66,250.0,0.0,0.0,200.33,0,0
12:03:10.342,694144,49.78,250.0,0.0,0.0,200.21,0,0
12:03:10.423,694225,49.86,250.0,0.0,0.0,200.13,0,0
12:03:10.523,694325,49.77,250.0,0.0,0.0,200.22,0,0
12:03:10.635,694425,49.77,250.0,0.0,0.0,200.22,0,0
12:03:10.642,694444,49.75,250.0,0.0,0.0,200.24,0,0
12:03:10.735,694525,49.74,250.0,0.0,0.0,200.25,0,0
12:03:10.822,694625,49.68,250.0,0.0,0.0,200.31,0,0
12:03:10.922,694725,49.68,250.0,0.0,0.0,200.31,0,0
12:03:10.941,694744,49.72,250.0,0.0,0.0,200.27,0,0
12:03:11.022,694825,49.76,250.0,0.0,0.0,200.23,0,0
12:03:11.126,694925,49.7,250.0,0.0,0.0,200.29,0,0
12:03:11.222,695025,49.7,250.0,0.0,0.0,200.29,0,0
12:03:11.241,695043,49.7,250.0,0.0,0.0,200.29,0,0
12:03:11.322,695125,49.7,250.0,0.0,0.0,200.29,0,0
12:03:11.341,695144,49.74,250.0,0.0,0.0,200.25,0,0
12:03:11.465,695225,49.78,250.0,0.0,0.0,200.21,0,0
12:03:11.531,695325,49.74,250.0,0.0,0.0,200.25,0,0
12:03:11.634,695425,49.68,250.0,0.0,0.0,200.31,0,0
12:03:11.722,695525,49.68,250.0,0.0,0.0,200.31,0,0
12:03:11.743,695543,49.68,250.0,0.0,0.0,200.31,0,0
12:03:11.822,695625,49.67,250.0,0.0,0.0,200.32,0,0
12:03:11.922,695725,49.67,250.0,0.0,0.0,200.32,0,0
12:03:11.941,695744,49.72,250.0,0.0,0.0,200.27,0,0
12:03:12.022,695825,49.76,250.0,0.0,0.0,200.23,0,0
12:03:12.122,695925,49.72,250.0,0.0,0.0,200.27,0,0
12:03:12.221,696025,49.63,250.0,0.0,0.0,200.36,0,0
12:03:12.328,696125,49.63,250.0,0.0,0.0,200.36,0,0
12:03:12.343,696144,49.66,250.0,0.0,0.0,200.33,0,0
12:03:12.422,696225,49.68,250.0,0.0,0.0,200.31,0,0
12:03:12.527,696325,49.67,250.0,0.0,0.0,200.32,0,0
12:03:12.624,696425,49.67,250.0,0.0,0.0,200.32,0,0
12:03:12.641,696444,49.72,250.0,0.0,0.0,200.27,0,0
12:03:12.725,696525,49.76,250.0,0.0,0.0,200.23,0,0
12:03:12.822,696625,49.67,250.0,0.0,0.0,200.32,0,0
12:03:12.922,696725,49.64,250.0,0.0,0.0,200.35,0,0
12:03:13.021,696825,49.64,250.0,0.0,0.0,200.35,0,0
12:03:13.041,696844,49.61,250.0,0.0,0.0,200.38,0,0
12:03:13.126,696925,49.59,250.0,0.0,0.0,200.4,0,0
12:03:13.222,697025,49.52,250.0,0.0,0.0,200.47,0,0
12:03:13.323,697125,49.55,250.0,0.0,0.0,200.44,0,0
12:03:13.422,697225,49.54,250.0,0.0,0.0,200.45,0,0
12:03:13.522,697325,49.54,250.0,0.0,0.0,200.45,0,0
12:03:13.540,697344,49.55,250.0,0.0,0.0,200.44,0,0
12:03:13.628,697425,49.55,250.0,0.0,0.0,200.44,0,0
12:03:13.722,697525,49.49,250.0,0.0,0.0,200.5,0,0
12:03:13.822,697625,49.5,250.0,0.0,0.0,200.49,0,0
12:03:13.922,697725,49.5,250.0,0.0,0.0,200.49,0,0
12:03:14.034,697825,49.5,250.0,0.0,0.0,200.49,0,0
12:03:14.048,697844,49.54,250.0,0.0,0.0,200.45,0,0
12:03:14.133,697925,49.57,250.0,0.0,0.0,200.42,0,0
12:03:14.229,698025,49.58,250.0,0.0,0.0,200.41,0,0
12:03:14.321,698125,49.58,250.0,0.0,0.0,200.41,0,0
12:03:14.343,698143,49.58,250.0,0.0,0.0,200.41,0,0
12:03:14.423,698225,49.61,250.0,0.0,0.0,200.38,0,0
12:03:14.522,698325,49.56,250.0,0.0,0.0,200.43,0,0
12:03:14.621,698425,49.56,250.0,0.0,0.0,200.43,0,0
12:03:14.641,698444,49.51,250.0,0.0,0.0,200.48,0,0
12:03:14.722,698525,49.5,250.0,0.0,0.0,200.49,0,0
12:03:14.824,698625,49.49,250.0,0.0,0.0,200.5,0,0
12:03:14.924,698725,49.48,250.0,0.0,0.0,200.51,0,0
12:03:15.024,698825,49.47,250.0,0.0,0.0,200.52,0,0
12:03:15.122,698925,49.46,250.0,0.0,0.0,200.53,0,0
12:03:15.223,699025,49.4,250.0,0.0,0.0,200.59,0,0
12:03:15.321,699125,49.35,250.0,0.0,0.0,200.64,0,0
12:03:15.421,699225,49.35,250.0,0.0,0.0,200.64,0,0
12:03:15.439,699243,49.35,250.0,0.0,0.0,200.64,0,0
12:03:15.521,699325,49.35,250.0,0.0,0.0,200.64,0,0
12:03:15.539,699344,49.37,250.0,0.0,0.0,200.62,0,0
12:03:15.621,699425,49.4,250.0,0.0,0.0,200.59,0,0
12:03:15.724,699525,49.37,250.0,0.0,0.0,200.62,0,0
12:03:15.839,699625,49.37,250.0,0.0,0.0,200.62,0,0
12:03:15.848,699644,49.3,250.0,0.0,0.0,200.69,0,0
12:03:15.929,699725,49.23,250.0,0.0,0.0,200.76,0,0
12:03:16.021,699825,49.22,250.0,0.0,0.0,200.77,0,0
12:03:16.124,699925,49.22,250.0,0.0,0.0,200.77,0,0
12:03:16.141,699944,49.26,250.0,0.0,0.0,200.73,0,0
12:03:16.223,700025,49.3,250.0,0.0,0.0,200.69,0,0
12:03:16.321,700125,49.3,250.0,0.0,0.0,200.69,0,0
12:03:16.341,700144,49.33,250.0,0.0,0.0,200.66,0,0
12:03:16.421,700225,49.36,250.0,0.0,0.0,200.63,0,0
12:03:16.521,700325,49.34,250.0,0.0,0.0,200.65,0,0
12:03:16.621,700425,49.29,250.0,0.0,0.0,200.7,0,0
12:03:16.728,700525,49.29,250.0,0.0,0.0,200.7,0,0
12:03:16.744,700544,49.3,250.0,0.0,0.0,200.69,0,0
12:03:16.821,700625,49.31,250.0,0.0,0.0,200.68,0,0
12:03:16.922,700725,49.31,250.0,0.0,0.0,200.68,0,0
12:03:16.940,700744,49.36,250.0,0.0,0.0,200.63,0,0
12:03:17.022,700825,49.41,250.0,0.0,0.0,200.58,0,0
12:03:17.121,700925,49.41,250.0,0.0,0.0,200.58,0,0
12:03:17.220,701025,49.41,250.0,0.0,0.0,200.58,0,0
12:03:17.240,701044,49.55,250.0,0.0,0.0,200.44,0,0
12:03:17.321,701125,49.55,250.0,0.0,0.0,200.44,0,0
12:03:17.340,701144,49.59,250.0,0.0,0.0,200.4,0,0
12:03:17.427,701225,49.61,250.0,0.0,0.0,200.38,0,0
12:03:17.529,701325,49.57,250.0,0.0,0.0,200.42,0,0
12:03:17.621,701425,49.57,250.0,0.0,0.0,200.42,0,0
12:03:17.640,701443,49.57,250.0,0.0,0.0,200.42,0,0
12:03:17.723,701525,49.52,250.0,0.0,0.0,200.47,0,0
12:03:17.820,701625,49.52,250.0,0.0,0.0,200.47,0,0
12:03:17.840,701644,49.51,250.0,0.0,0.0,200.48,0,0
12:03:17.921,701725,49.52,250.0,0.0,0.0,200.47,0,0
12:03:18.020,701825,49.43,250.0,0.0,0.0,200.56,0,0
12:03:18.139,701925,49.43,250.0,0.0,0.0,200.56,0,0
12:03:18.145,701943,49.43,250.0,0.0,0.0,200.56,0,0
12:03:18.225,702025,49.42,250.0,0.0,0.0,200.57,0,0
12:03:18.321,702125,49.42,250.0,0.0,0.0,200.57,0,0
12:03:18.421,702225,49.42,250.0,0.0,0.0,200.57,0,0
12:03:18.440,702244,49.41,250.0,0.0,0.0,200.58,0,0
12:03:18.521,702325,49.41,250.0,0.0,0.0,200.58,0,0
12:03:18.621,702425,49.43,250.0,0.0,0.0,200.56,0,0
12:03:18.721,702525,49.43,250.0,0.0,0.0,200.56,0,0
12:03:18.740,702544,49.55,250.0,0.0,0.0,200.44,0,0
12:03:18.873,702625,49.63,250.0,0.0,0.0,200.36,0,0
12:03:18.933,702725,49.58,250.0,0.0,0.0,200.41,0,0
12:03:19.029,702825,49.58,250.0,0.0,0.0,200.41,0,0
12:03:19.047,702843,49.58,250.0,0.0,0.0,200.41,0,0
12:03:19.120,702925,49.48,250.0,0.0,0.0,200.51,0,0
12:03:19.221,703025,49.47,250.0,0.0,0.0,200.52,0,0
12:03:19.320,703125,49.47,250.0,0.0,0.0,200.52,0,0
12:03:19.342,703144,49.51,250.0,0.0,0.0,200.48,0,0
12:03:19.420,703225,49.55,250.0,0.0,0.0,200.44,0,0
12:03:19.520,703325,49.48,250.0,0.0,0.0,200.51,0,0
12:03:19.620,703425,49.5,250.0,0.0,0.0,200.49,0,0
12:03:19.723,703525,49.5,250.0,0.0,0.0,200.49,0,0
12:03:19.746,703544,49.51,250.0,0.0,0.0,200.48,0,0
12:03:19.821,703625,49.55,250.0,0.0,0.0,200.44,0,0
12:03:19.921,703725,49.53,250.0,0.0,0.0,200.46,0,0
12:03:20.020,703825,49.53,250.0,0.0,0.0,200.46,0,0
12:03:20.041,703844,49.51,250.0,0.0,0.0,200.48,0,0
12:03:20.119,703925,49.52,250.0,0.0,0.0,200.47,0,0
12:03:20.220,704025,49.51,250.0,0.0,0.0,200.48,0,0
12:03:20.324,704125,49.51,250.0,0.0,0.0,200.48,0,0
12:03:20.345,704144,49.55,250.0,0.0,0.0,200.44,0,0
12:03:20.420,704225,49.58,250.0,0.0,0.0,200.41,0,0
12:03:20.554,704325,49.53,250.0,0.0,0.0,200.46,0,0
12:03:20.624,704425,49.47,250.0,0.0,0.0,200.52,0,0
12:03:20.725,704525,49.41,250.0,0.0,0.0,200.58,0,0
12:03:20.822,704625,49.41,250.0,0.0,0.0,200.58,0,0
12:03:20.842,704644,49.43,250.0,0.0,0.0,200.56,0,0
12:03:20.923,704725,49.42,250.0,0.0,0.0,200.57,0,0
12:03:21.020,704825,49.42,250.0,0.0,0.0,200.57,0,0
12:03:21.040,704844,49.42,250.0,0.0,0.0,200.57,0,0
12:03:21.120,704925,49.44,250.0,0.0,0.0,200.55,0,0
12:03:21.220,705025,49.43,250.0,0.0,0.0,200.56,0,0
12:03:21.331,705125,49.43,250.0,0.0,0.0,200.56,0,0
12:03:21.341,705144,49.4,250.0,0.0,0.0,200.59,0,0
12:03:21.421,705225,49.35,250.0,0.0,0.0,200.64,0,0
12:03:21.523,705325,49.25,250.0,0.0,0.0,200.74,0,0
12:03:21.620,705425,49.26,250.0,0.0,0.0,200.73,0,0
12:03:21.720,705525,49.2,250.0,0.0,0.0,200.79,0,0
12:03:21.820,705625,49.2,250.0,0.0,0.0,200.79,0,0
12:03:21.839,705644,49.19,250.0,0.0,0.0,200.8,0,0
12:03:21.920,705725,49.21,250.0,0.0,0.0,200.78,0,0
12:03:22.020,705825,49.2,250.0,0.0,0.0,200.79,0,0
12:03:22.123,705925,49.14,250.0,0.0,0.0,200.85,0,0
12:03:22.220,706025,49.14,250.0,0.0,0.0,200.85,0,0
12:03:22.271,706043,49.14,250.0,0.0,0.0,200.85,0,0
12:03:22.348,706125,49.17,250.0,0.0,0.0,200.82,0,0
12:03:22.432,706225,49.09,250.0,0.0,0.0,200.9,0,0
12:03:22.521,706325,49.14,250.0,0.0,0.0,200.85,0,0
12:03:22.621,706425,49.14,250.0,0.0,0.0,200.85,0,0
12:03:22.639,706444,49.26,250.0,0.0,0.0,200.73,0,0
12:03:22.720,706525,49.4,250.0,0.0,0.0,200.59,0,0
12:03:22.821,706625,49.29,250.0,0.0,0.0,200.7,0,0
12:03:22.919,706725,49.29,250.0,0.0,0.0,200.7,0,0
12:03:22.938,706744,49.4,250.0,0.0,0.0,200.59,0,0
12:03:23.021,706825,49.5,250.0,0.0,0.0,200.49,0,0
12:03:23.121,706925,49.51,250.0,0.0,0.0,200.48,0,0
12:03:23.222,707025,49.51,250.0,0.0,0.0,200.48,0,0
12:03:23.238,707044,49.5,250.0,0.0,0.0,200.49,0,0
12:03:23.323,707125,49.48,250.0,0.0,0.0,200.51,0,0
12:03:23.419,707225,49.52,250.0,0.0,0.0,200.47,0,0
12:03:23.519,707325,49.52,250.0,0.0,0.0,200.47,0,0
12:03:23.540,707344,49.58,250.0,0.0,0.0,200.41,0,0
12:03:23.619,707425,49.58,250.0,0.0,0.0,200.41,0,0
12:03:23.638,707444,49.61,250.0,0.0,0.0,200.38,0,0
12:03:23.720,707525,49.64,250.0,0.0,0.0,200.35,0,0
12:03:23.821,707625,49.56,250.0,0.0,0.0,200.43,0,0
12:03:23.922,707725,49.57,250.0,0.0,0.0,200.42,0,0
12:03:24.033,707825,49.6,250.0,0.0,0.0,200.39,0,0
12:03:24.120,707925,49.6,250.0,0.0,0.0,200.39,0,0
12:03:24.223,708025,49.6,250.0,0.0,0.0,200.39,0,0
12:03:24.238,708044,49.58,250.0,0.0,0.0,200.41,0,0
12:03:24.319,708125,49.56,250.0,0.0,0.0,200.43,0,0
12:03:24.427,708225,49.46,250.0,0.0,0.0,200.53,0,0
12:03:24.519,708325,49.46,250.0,0.0,0.0,200.53,0,0
12:03:24.538,708344,49.51,250.0,0.0,0.0,200.48,0,0
12:03:24.619,708425,49.57,250.0,0.0,0.0,200.42,0,0
12:03:24.720,708525,49.55,250.0,0.0,0.0,200.44,0,0
12:03:24.834,708625,49.51,250.0,0.0,0.0,200.48,0,0
12:03:24.921,708725,49.42,250.0,0.0,0.0,200.57,0,0
12:03:25.022,708825,49.42,250.0,0.0,0.0,200.57,0,0
12:03:25.044,708844,49.54,250.0,0.0,0.0,200.45,0,0
12:03:25.123,708925,49.64,250.0,0.0,0.0,200.35,0,0
12:03:25.220,709025,49.67,250.0,0.0,0.0,200.32,0,0
12:03:25.320,709125,49.67,250.0,0.0,0.0,200.32,0,0
12:03:25.338,709144,49.69,250.0,0.0,0.0,200.3,0,0
12:03:25.419,709225,49.73,250.0,0.0,0.0,200.26,0,0
12:03:25.520,709325,49.64,250.0,0.0,0.0,200.35,0,0
12:03:25.619,709425,49.64,250.0,0.0,0.0,200.35,0,0
12:03:25.640,709444,49.74,250.0,0.0,0.0,200.25,0,0
12:03:25.812,709525,49.83,250.0,0.0,0.0,200.16,0,0
12:03:25.863,709625,49.81,250.0,0.0,0.0,200.18,0,0
12:03:25.928,709725,49.81,250.0,0.0,0.0,200.18,0,0
12:03:25.972,709743,49.81,250.0,0.0,0.0,200.18,0,0
12:03:26.061,709825,49.71,250.0,0.0,0.0,200.28,0,0
12:03:26.118,709925,49.71,250.0,0.0,0.0,200.28,0,0
12:03:26.138,709944,49.75,250.0,0.0,0.0,200.24,0,0
12:03:26.219,710025,49.81,250.0,0.0,0.0,200.18,0,0
12:03:26.319,710125,49.81,250.0,0.0,0.0,200.18,0,0
12:03:26.337,710144,49.8,250.0,0.0,0.0,200.19,0,0
12:03:26.421,710225,49.78,250.0,0.0,0.0,200.21,0,0
12:03:26.519,710325,49.64,250.0,0.0,0.0,200.35,0,0
12:03:26.622,710425,49.64,250.0,0.0,0.0,200.35,0,0
12:03:26.639,710444,49.64,250.0,0.0,0.0,200.35,0,0
12:03:26.720,710525,49.63,250.0,0.0,0.0,200.36,0,0
12:03:26.824,710625,49.63,250.0,0.0,0.0,200.36,0,0
12:03:26.837,710644,49.66,250.0,0.0,0.0,200.33,0,0
12:03:26.918,710725,49.68,250.0,0.0,0.0,200.31,0,0
12:03:27.019,710825,49.52,250.0,0.0,0.0,200.47,0,0
12:03:27.121,710925,49.51,250.0,0.0,0.0,200.48,0,0
12:03:27.218,711025,49.51,250.0,0.0,0.0,200.48,0,0
12:03:27.238,711044,49.54,250.0,0.0,0.0,200.45,0,0
12:03:27.319,711125,49.58,250.0,0.0,0.0,200.41,0,0
12:03:27.418,711225,49.56,250.0,0.0,0.0,200.43,0,0
12:03:27.530,711325,49.56,250.0,0.0,0.0,200.43,0,0
12:03:27.541,711343,49.56,250.0,0.0,0.0,200.43,0,0
12:03:27.619,711425,49.46,250.0,0.0,0.0,200.53,0,0
12:03:27.721,711525,49.38,250.0,0.0,0.0,200.61,0,0
12:03:27.819,711625,49.28,250.0,0.0,0.0,200.71,0,0
12:03:27.918,711725,49.16,250.0,0.0,0.0,200.83,0,0
12:03:28.023,711825,49.13,250.0,0.0,0.0,200.86,0,0
12:03:28.118,711925,49.13,250.0,0.0,0.0,200.86,0,0
12:03:28.137,711944,49.13,250.0,0.0,0.0,200.86,0,0
12:03:28.218,712025,49.13,250.0,0.0,0.0,200.86,0,0
12:03:28.334,712125,49.13,250.0,0.0,0.0,200.86,0,0
12:03:28.418,712225,49.13,250.0,0.0,0.0,200.86,0,0
12:03:28.438,712244,49.18,250.0,0.0,0.0,200.81,0,0
12:03:28.518,712325,49.22,250.0,0.0,0.0,200.77,0,0
12:03:28.618,712425,49.14,250.0,0.0,0.0,200.85,0,0
12:03:28.718,712525,49.14,250.0,0.0,0.0,200.85,0,0
12:03:28.737,712544,49.16,250.0,0.0,0.0,200.83,0,0
12:03:28.818,712625,49.18,250.0,0.0,0.0,200.81,0,0
12:03:28.918,712725,49.18,250.0,0.0,0.0,200.81,0,0
12:03:29.018,712825,49.18,250.0,0.0,0.0,200.81,0,0
12:03:29.037,712843,49.18,250.0,0.0,0.0,200.81,0,0
12:03:29.121,712925,49.18,250.0,0.0,0.0,200.81,0,0
12:03:29.137,712944,49.22,250.0,0.0,0.0,200.77,0,0
12:03:29.235,713025,49.26,250.0,0.0,0.0,200.73,0,0
12:03:29.331,713125,49.27,250.0,0.0,0.0,200.72,0,0
12:03:29.418,713225,49.18,250.0,0.0,0.0,200.81,0,0
12:03:29.518,713325,49.07,250.0,0.0,0.0,200.92,0,0
12:03:29.618,713425,49.1,250.0,0.0,0.0,200.89,0,0
12:03:29.718,713525,49.1,250.0,0.0,0.0,200.89,0,0
12:03:29.737,713544,49.13,250.0,0.0,0.0,200.86,0,0
12:03:29.818,713625,49.13,250.0,0.0,0.0,200.86,0,0
12:03:29.918,713725,49.13,250.0,0.0,0.0,200.86,0,0
12:03:30.027,713825,49.13,250.0,0.0,0.0,200.86,0,0
12:03:30.047,713844,49.2,250.0,0.0,0.0,200.79,0,0
12:03:30.119,713925,49.27,250.0,0.0,0.0,200.72,0,0
12:03:30.217,714025,49.33,250.0,0.0,0.0,200.66,0,0
12:03:30.318,714125,49.29,250.0,0.0,0.0,200.7,0,0
12:03:30.418,714225,49.29,250.0,0.0,0.0,200.7,0,0
12:03:30.437,714244,49.29,250.0,0.0,0.0,200.7,0,0
12:03:30.518,714325,49.3,250.0,0.0,0.0,200.69,0,0
12:03:30.618,714425,49.3,250.0,0.0,0.0,200.69,0,0
12:03:30.636,714443,49.3,250.0,0.0,0.0,200.69,0,0
12:03:30.718,714525,49.34,250.0,0.0,0.0,200.65,0,0
12:03:30.820,714625,49.36,250.0,0.0,0.0,200.63,0,0
12:03:30.930,714725,49.36,250.0,0.0,0.0,200.63,0,0
12:03:30.941,714744,49.46,250.0,0.0,0.0,200.53,0,0
12:03:31.017,714825,49.55,250.0,0.0,0.0,200.44,0,0
12:03:31.118,714925,49.43,250.0,0.0,0.0,200.56,0,0
12:03:31.218,715025,49.4,250.0,0.0,0.0,200.59,0,0
12:03:31.316,715125,49.4,250.0,0.0,0.0,200.59,0,0
12:03:31.335,715144,49.48,250.0,0.0,0.0,200.51,0,0
12:03:31.417,715225,49.54,250.0,0.0,0.0,200.45,0,0
12:03:31.517,715325,49.55,250.0,0.0,0.0,200.44,0,0
12:03:31.623,715425,49.55,250.0,0.0,0.0,200.44,0,0
12:03:31.641,715443,49.55,250.0,0.0,0.0,200.44,0,0
12:03:31.724,715525,49.46,250.0,0.0,0.0,200.53,0,0
12:03:31.817,715625,49.46,250.0,0.0,0.0,200.53,0,0
12:03:31.836,715644,49.45,250.0,0.0,0.0,200.54,0,0
12:03:31.917,715725,49.44,250.0,0.0,0.0,200.55,0,0
12:03:32.017,715825,49.46,250.0,0.0,0.0,200.53,0,0
12:03:32.117,715925,49.46,250.0,0.0,0.0,200.53,0,0
12:03:32.137,715944,49.45,250.0,0.0,0.0,200.54,0,0
12:03:32.217,716025,49.44,250.0,0.0,0.0,200.55,0,0
12:03:32.321,716125,49.41,250.0,0.0,0.0,200.58,0,0
12:03:32.417,716225,49.41,250.0,0.0,0.0,200.58,0,0
12:03:32.438,716244,49.41,250.0,0.0,0.0,200.58,0,0
12:03:32.518,716325,49.43,250.0,0.0,0.0,200.56,0,0
12:03:32.617,716425,49.43,250.0,0.0,0.0,200.56,0,0
12:03:32.636,716444,49.5,250.0,0.0,0.0,200.49,0,0
12:03:32.716,716525,49.56,250.0,0.0,0.0,200.43,0,0
12:03:32.817,716625,49.52,250.0,0.0,0.0,200.47,0,0
12:03:32.917,716725,49.53,250.0,0.0,0.0,200.46,0,0
12:03:33.018,716825,49.53,250.0,0.0,0.0,200.46,0,0
12:03:33.036,716844,49.56,250.0,0.0,0.0,200.43,0,0
12:03:33.117,716925,49.57,250.0,0.0,0.0,200.42,0,0
12:03:33.228,717025,49.52,250.0,0.0,0.0,200.47,0,0
12:03:33.320,717125,49.46,250.0,0.0,0.0,200.53,0,0
12:03:33.416,717225,49.45,250.0,0.0,0.0,200.54,0,0
12:03:33.518,717325,49.45,250.0,0.0,0.0,200.54,0,0
12:03:33.535,717344,49.44,250.0,0.0,0.0,200.55,0,0
12:03:33.618,717425,49.44,250.0,0.0,0.0,200.55,0,0
12:03:33.717,717525,49.35,250.0,0.0,0.0,200.64,0,0
12:03:33.817,717625,49.35,250.0,0.0,0.0,200.64,0,0
12:03:33.836,717643,49.35,250.0,0.0,0.0,200.64,0,0
12:03:33.916,717725,49.43,250.0,0.0,0.0,200.56,0,0
12:03:34.017,717825,49.4,250.0,0.0,0.0,200.59,0,0
12:03:34.157,717925,49.4,250.0,0.0,0.0,200.59,0,0
12:03:34.238,717944,49.42,250.0,0.0,0.0,200.57,0,0
12:03:34.275,718025,49.44,250.0,0.0,0.0,200.55,0,0
12:03:34.335,718125,49.41,250.0,0.0,0.0,200.58,0,0
12:03:34.421,718225,49.41,250.0,0.0,0.0,200.58,0,0
12:03:34.447,718244,49.36,250.0,0.0,0.0,200.63,0,0
12:03:34.516,718325,49.33,250.0,0.0,0.0,200.66,0,0
12:03:34.636,718425,49.33,250.0,0.0,0.0,200.66,0,0
12:03:34.640,718444,49.34,250.0,0.0,0.0,200.65,0,0
12:03:34.717,718525,49.34,250.0,0.0,0.0,200.65,0,0
12:03:34.816,718625,49.34,250.0,0.0,0.0,200.65,0,0
12:03:34.836,718644,49.37,250.0,0.0,0.0,200.62,0,0
12:03:34.917,718725,49.42,250.0,0.0,0.0,200.57,0,0
12:03:35.017,718825,49.31,250.0,0.0,0.0,200.68,0,0
12:03:35.117,718925,49.31,250.0,0.0,0.0,200.68,0,0
12:03:35.135,718944,49.47,250.0,0.0,0.0,200.52,0,0
12:03:35.218,719025,49.63,250.0,0.0,0.0,200.36,0,0
12:03:35.320,719125,49.55,250.0,0.0,0.0,200.44,0,0
12:03:35.416,719225,49.55,250.0,0.0,0.0,200.44,0,0
12:03:35.436,719243,49.55,250.0,0.0,0.0,200.44,0,0
12:03:35.516,719325,49.51,250.0,0.0,0.0,200.48,0,0
12:03:35.616,719425,49.51,250.0,0.0,0.0,200.48,0,0
12:03:35.635,719444,49.52,250.0,0.0,0.0,200.47,0,0
12:03:35.716,719525,49.53,250.0,0.0,0.0,200.46,0,0
12:03:35.816,719625,49.53,250.0,0.0,0.0,200.46,0,0
12:03:35.835,719644,49.59,250.0,0.0,0.0,200.4,0,0
12:03:35.916,719725,49.64,250.0,0.0,0.0,200.35,0,0
12:03:36.016,719825,49.64,250.0,0.0,0.0,200.35,0,0
12:03:36.035,719844,49.57,250.0,0.0,0.0,200.42,0,0
12:03:36.116,719925,49.5,250.0,0.0,0.0,200.49,0,0
12:03:36.218,720025,49.5,250.0,0.0,0.0,200.49,0,0
12:03:36.234,720044,49.58,250.0,0.0,0.0,200.41,0,0
12:03:36.327,720125,49.66,250.0,0.0,0.0,200.33,0,0
12:03:36.420,720225,49.61,250.0,0.0,0.0,200.38,0,0
12:03:36.519,720325,49.59,250.0,0.0,0.0,200.4,0,0
12:03:36.616,720425,49.49,250.0,0.0,0.0,200.5,0,0
12:03:36.716,720525,49.43,250.0,0.0,0.0,200.56,0,0
12:03:36.816,720625,49.27,250.0,0.0,0.0,200.72,0,0
12:03:36.915,720725,49.28,250.0,0.0,0.0,200.71,0,0
12:03:37.024,720825,49.34,250.0,0.0,0.0,200.65,0,0
12:03:37.116,720925,49.37,250.0,0.0,0.0,200.62,0,0
12:03:37.217,721025,49.32,250.0,0.0,0.0,200.67,0,0
12:03:37.316,721125,49.32,250.0,0.0,0.0,200.67,0,0
12:03:37.335,721144,49.37,250.0,0.0,0.0,200.62,0,0
12:03:37.418,721225,49.42,250.0,0.0,0.0,200.57,0,0
12:03:37.516,721325,49.37,250.0,0.0,0.0,200.62,0,0
12:03:37.617,721425,49.37,250.0,0.0,0.0,200.62,0,0
12:03:37.637,721444,49.47,250.0,0.0,0.0,200.52,0,0
12:03:37.716,721525,49.56,250.0,0.0,0.0,200.43,0,0
12:03:37.816,721625,49.49,250.0,0.0,0.0,200.5,0,0
12:03:37.939,721725,49.49,250.0,0.0,0.0,200.5,0,0
12:03:37.942,721744,49.53,250.0,0.0,0.0,200.46,0,0
12:03:38.019,721825,49.54,250.0,0.0,0.0,200.45,0,0
12:03:38.118,721925,49.42,250.0,0.0,0.0,200.57,0,0
12:03:38.216,722025,49.42,250.0,0.0,0.0,200.57,0,0
12:03:38.235,722044,49.49,250.0,0.0,0.0,200.5,0,0
12:03:38.326,722125,49.55,250.0,0.0,0.0,200.44,0,0
12:03:38.417,722225,49.51,250.0,0.0,0.0,200.48,0,0
12:03:38.515,722325,49.51,250.0,0.0,0.0,200.48,0,0
12:03:38.536,722343,49.51,250.0,0.0,0.0,200.48,0,0
12:03:38.616,722425,49.5,250.0,0.0,0.0,200.49,0,0
12:03:38.724,722525,49.5,250.0,0.0,0.0,200.49,0,0
12:03:38.739,722544,49.51,250.0,0.0,0.0,200.48,0,0
12:03:38.818,722625,49.52,250.0,0.0,0.0,200.47,0,0
12:03:38.922,722725,49.48,250.0,0.0,0.0,200.51,0,0
12:03:39.019,722825,49.48,250.0,0.0,0.0,200.51,0,0
12:03:39.036,722844,49.52,250.0,0.0,0.0,200.47,0,0
12:03:39.116,722925,49.56,250.0,0.0,0.0,200.43,0,0
12:03:39.218,723025,49.51,250.0,0.0,0.0,200.48,0,0
12:03:39.317,723125,49.45,250.0,0.0,0.0,200.54,0,0
12:03:39.415,723225,49.47,250.0,0.0,0.0,200.52,0,0
12:03:39.515,723325,49.47,250.0,0.0,0.0,200.52,0,0
12:03:39.537,723344,49.48,250.0,0.0,0.0,200.51,0,0
12:03:39.667,723425,49.47,250.0,0.0,0.0,200.52,0,0
12:03:39.717,723525,49.41,250.0,0.0,0.0,200.58,0,0
12:03:39.822,723625,49.41,250.0,0.0,0.0,200.58,0,0
12:03:39.916,723725,49.41,250.0,0.0,0.0,200.58,0,0
12:03:39.935,723744,49.38,250.0,0.0,0.0,200.61,0,0
12:03:40.017,723825,49.35,250.0,0.0,0.0,200.64,0,0
12:03:40.115,723925,49.36,250.0,0.0,0.0,200.63,0,0
12:03:40.215,724025,49.36,250.0,0.0,0.0,200.63,0,0
12:03:40.234,724044,49.36,250.0,0.0,0.0,200.63,0,0
12:03:40.319,724125,49.34,250.0,0.0,0.0,200.65,0,0
12:03:40.417,724225,49.34,250.0,0.0,0.0,200.65,0,0
12:03:40.436,724244,49.31,250.0,0.0,0.0,200.68,0,0
12:03:40.517,724325,49.3,250.0,0.0,0.0,200.69,0,0
12:03:40.618,724425,49.3,250.0,0.0,0.0,200.69,0,0
12:03:40.633,724443,49.3,250.0,0.0,0.0,200.69,0,0
12:03:40.714,724525,49.3,250.0,0.0,0.0,200.69,0,0
12:03:40.815,724625,49.23,250.0,0.0,0.0,200.76,0,0
12:03:40.916,724725,49.23,250.0,0.0,0.0,200.76,0,0
12:03:40.934,724744,49.35,250.0,0.0,0.0,200.64,0,0
12:03:41.014,724825,49.45,250.0,0.0,0.0,200.54,0,0
12:03:41.115,724925,49.45,250.0,0.0,0.0,200.54,0,0
12:03:41.216,725025,49.45,250.0,0.0,0.0,200.54,0,0
12:03:41.234,725044,49.47,250.0,0.0,0.0,200.52,0,0
12:03:41.332,725125,49.51,250.0,0.0,0.0,200.48,0,0
12:03:41.416,725225,49.52,250.0,0.0,0.0,200.47,0,0
12:03:41.515,725325,49.52,250.0,0.0,0.0,200.47,0,0
12:03:41.534,725344,49.58,250.0,0.0,0.0,200.41,0,0
12:03:41.614,725425,49.58,250.0,0.0,0.0,200.41,0,0
12:03:41.633,725443,49.58,250.0,0.0,0.0,200.41,0,0
12:03:41.720,725525,49.58,250.0,0.0,0.0,200.41,0,0
12:03:41.814,725625,49.54,250.0,0.0,0.0,200.45,0,0
12:03:41.921,725725,49.52,250.0,0.0,0.0,200.47,0,0
12:03:42.014,725825,49.52,250.0,0.0,0.0,200.47,0,0
12:03:42.034,725844,49.56,250.0,0.0,0.0,200.43,0,0
12:03:42.115,725925,49.59,250.0,0.0,0.0,200.4,0,0
12:03:42.218,726025,49.57,250.0,0.0,0.0,200.42,0,0
12:03:42.314,726125,49.57,250.0,0.0,0.0,200.42,0,0
12:03:42.334,726144,49.55,250.0,0.0,0.0,200.44,0,0
12:03:42.415,726225,49.51,250.0,0.0,0.0,200.48,0,0
12:03:42.517,726325,49.51,250.0,0.0,0.0,200.48,0,0
12:03:42.533,726344,49.49,250.0,0.0,0.0,200.5,0,0
12:03:42.615,726425,49.48,250.0,0.0,0.0,200.51,0,0
12:03:42.715,726525,49.39,250.0,0.0,0.0,200.6,0,0
12:03:42.814,726625,49.42,250.0,0.0,0.0,200.57,0,0
12:03:42.926,726725,49.36,250.0,0.0,0.0,200.63,0,0
12:03:43.016,726825,49.36,250.0,0.0,0.0,200.63,0,0
12:03:43.035,726844,49.31,250.0,0.0,0.0,200.68,0,0
12:03:43.114,726925,49.27,250.0,0.0,0.0,200.72,0,0
12:03:43.214,727025,49.35,250.0,0.0,0.0,200.64,0,0
12:03:43.314,727125,49.35,250.0,0.0,0.0,200.64,0,0
12:03:43.333,727144,49.38,250.0,0.0,0.0,200.61,0,0
12:03:43.415,727225,49.41,250.0,0.0,0.0,200.58,0,0
12:03:43.515,727325,49.35,250.0,0.0,0.0,200.64,0,0
12:03:43.617,727425,49.35,250.0,0.0,0.0,200.64,0,0
12:03:43.634,727444,49.38,250.0,0.0,0.0,200.61,0,0
12:03:43.730,727525,49.4,250.0,0.0,0.0,200.59,0,0
12:03:43.814,727625,49.35,250.0,0.0,0.0,200.64,0,0
12:03:43.914,727725,49.35,250.0,0.0,0.0,200.64,0,0
12:03:43.933,727744,49.43,250.0,0.0,0.0,200.56,0,0
12:03:44.014,727825,49.5,250.0,0.0,0.0,200.49,0,0
12:03:44.114,727925,49.54,250.0,0.0,0.0,200.45,0,0
12:03:44.216,728025,49.54,250.0,0.0,0.0,200.45,0,0
12:03:44.233,728044,49.54,250.0,0.0,0.0,200.45,0,0
12:03:44.314,728125,49.55,250.0,0.0,0.0,200.44,0,0
12:03:44.415,728225,49.51,250.0,0.0,0.0,200.48,0,0
12:03:44.520,728325,49.52,250.0,0.0,0.0,200.47,0,0
12:03:44.615,728425,49.52,250.0,0.0,0.0,200.47,0,0
12:03:44.633,728444,49.46,250.0,0.0,0.0,200.53,0,0
12:03:44.714,728525,49.4,250.0,0.0,0.0,200.59,0,0
12:03:44.814,728625,49.4,250.0,0.0,0.0,200.59,0,0
12:03:44.832,728644,49.42,250.0,0.0,0.0,200.57,0,0
12:03:44.915,728725,49.44,250.0,0.0,0.0,200.55,0,0
12:03:45.013,728825,49.44,250.0,0.0,0.0,200.55,0,0
12:03:45.034,728844,49.48,250.0,0.0,0.0,200.51,0,0
12:03:45.114,728925,49.52,250.0,0.0,0.0,200.47,0,0
12:03:45.269,729025,49.52,250.0,0.0,0.0,200.47,0,0
12:03:45.292,729044,49.61,250.0,0.0,0.0,200.38,0,0
12:03:45.314,729125,49.66,250.0,0.0,0.0,200.33,0,0
12:03:45.414,729225,49.55,250.0,0.0,0.0,200.44,0,0
12:03:45.516,729325,49.55,250.0,0.0,0.0,200.44,0,0
12:03:45.534,729344,49.64,250.0,0.0,0.0,200.35,0,0
12:03:45.615,729425,49.71,250.0,0.0,0.0,200.28,0,0
12:03:45.714,729525,49.67,250.0,0.0,0.0,200.32,0,0
12:03:45.814,729625,49.67,250.0,0.0,0.0,200.32,0,0
12:03:45.833,729644,49.65,250.0,0.0,0.0,200.34,0,0
12:03:45.913,729725,49.64,250.0,0.0,0.0,200.35,0,0
12:03:46.013,729825,49.59,250.0,0.0,0.0,200.4,0,0
12:03:46.124,729925,49.59,250.0,0.0,0.0,200.4,0,0
12:03:46.150,729944,49.57,250.0,0.0,0.0,200.42,0,0
12:03:46.217,730025,49.55,250.0,0.0,0.0,200.44,0,0
12:03:46.322,730125,49.48,250.0,0.0,0.0,200.51,0,0
12:03:46.413,730225,49.48,250.0,0.0,0.0,200.51,0,0
12:03:46.433,730244,49.5,250.0,0.0,0.0,200.49,0,0
12:03:46.517,730325,49.51,250.0,0.0,0.0,200.48,0,0
12:03:46.614,730425,49.47,250.0,0.0,0.0,200.52,0,0
12:03:46.713,730525,49.47,250.0,0.0,0.0,200.52,0,0
12:03:46.733,730544,49.41,250.0,0.0,0.0,200.58,0,0
12:03:46.813,730625,49.36,250.0,0.0,0.0,200.63,0,0
12:03:46.950,730725,49.38,250.0,0.0,0.0,200.61,0,0
12:03:47.026,730825,49.38,250.0,0.0,0.0,200.61,0,0
12:03:47.048,730844,49.46,250.0,0.0,0.0,200.53,0,0
12:03:47.119,730925,49.52,250.0,0.0,0.0,200.47,0,0
12:03:47.216,731025,49.52,250.0,0.0,0.0,200.47,0,0
12:03:47.232,731044,49.48,250.0,0.0,0.0,200.51,0,0
12:03:47.313,731125,49.45,250.0,0.0,0.0,200.54,0,0
12:03:47.414,731225,49.49,250.0,0.0,0.0,200.5,0,0
12:03:47.514,731325,49.43,250.0,0.0,0.0,200.56,0,0
12:03:47.613,731425,49.43,250.0,0.0,0.0,200.56,0,0
12:03:47.632,731444,49.45,250.0,0.0,0.0,200.54,0,0
12:03:47.714,731525,49.49,250.0,0.0,0.0,200.5,0,0
12:03:47.814,731625,49.48,250.0,0.0,0.0,200.51,0,0
12:03:47.916,731725,49.42,250.0,0.0,0.0,200.57,0,0
12:03:48.013,731825,49.44,250.0,0.0,0.0,200.55,0,0
12:03:48.113,731925,49.41,250.0,0.0,0.0,200.58,0,0
12:03:48.214,732025,49.41,250.0,0.0,0.0,200.58,0,0
12:03:48.234,732044,49.4,250.0,0.0,0.0,200.59,0,0
12:03:48.313,732125,49.4,250.0,0.0,0.0,200.59,0,0
12:03:48.414,732225,49.35,250.0,0.0,0.0,200.64,0,0
12:03:48.512,732325,49.35,250.0,0.0,0.0,200.64,0,0
12:03:48.533,732343,49.35,250.0,0.0,0.0,200.64,0,0
12:03:48.631,732425,49.3,250.0,0.0,0.0,200.69,0,0
12:03:48.714,732525,49.3,250.0,0.0,0.0,200.69,0,0
12:03:48.736,732544,49.38,250.0,0.0,0.0,200.61,0,0
12:03:48.812,732625,49.38,250.0,0.0,0.0,200.61,0,0
12:03:48.831,732644,49.36,250.0,0.0,0.0,200.63,0,0
12:03:48.913,732725,49.36,250.0,0.0,0.0,200.63,0,0
12:03:49.014,732825,49.26,250.0,0.0,0.0,200.73,0,0
12:03:49.113,732925,49.25,250.0,0.0,0.0,200.74,0,0
12:03:49.213,733025,49.25,250.0,0.0,0.0,200.74,0,0
12:03:49.232,733044,49.26,250.0,0.0,0.0,200.73,0,0
12:03:49.314,733125,49.27,250.0,0.0,0.0,200.72,0,0
12:03:49.454,733225,49.26,250.0,0.0,0.0,200.73,0,0
12:03:49.517,733325,49.26,250.0,0.0,0.0,200.73,0,0
12:03:49.535,733343,49.26,250.0,0.0,0.0,200.73,0,0
12:03:49.613,733425,49.17,250.0,0.0,0.0,200.82,0,0
12:03:49.714,733525,49.14,250.0,0.0,0.0,200.85,0,0
12:03:49.813,733625,49.14,250.0,0.0,0.0,200.85,0,0
12:03:49.834,733644,49.16,250.0,0.0,0.0,200.83,0,0
12:03:49.914,733725,49.18,250.0,0.0,0.0,200.81,0,0
12:03:50.013,733825,49.07,250.0,0.0,0.0,200.92,0,0
12:03:50.112,733925,49.08,250.0,0.0,0.0,200.91,0,0
12:03:50.220,734025,49.08,250.0,0.0,0.0,200.91,0,0
12:03:50.235,734044,49.21,250.0,0.0,0.0,200.78,0,0
12:03:50.314,734125,49.32,250.0,0.0,0.0,200.67,0,0
12:03:50.413,734225,49.28,250.0,0.0,0.0,200.71,0,0
12:03:50.525,734325,49.28,250.0,0.0,0.0,200.71,0,0
12:03:50.534,734344,49.21,250.0,0.0,0.0,200.78,0,0
12:03:50.613,734425,49.15,250.0,0.0,0.0,200.84,0,0
12:03:50.713,734525,49.15,250.0,0.0,0.0,200.84,0,0
12:03:50.736,734544,49.32,250.0,0.0,0.0,200.67,0,0
12:03:50.813,734625,49.47,250.0,0.0,0.0,200.52,0,0
12:03:50.914,734725,49.46,250.0,0.0,0.0,200.53,0,0
12:03:51.014,734825,49.51,250.0,0.0,0.0,200.48,0,0
12:03:51.112,734925,49.51,250.0,0.0,0.0,200.48,0,0
12:03:51.132,734943,49.51,250.0,0.0,0.0,200.48,0,0
12:03:51.242,735025,49.42,250.0,0.0,0.0,200.57,0,0
12:03:51.315,735125,49.42,250.0,0.0,0.0,200.57,0,0
12:03:51.333,735144,49.46,250.0,0.0,0.0,200.53,0,0
12:03:51.414,735225,49.5,250.0,0.0,0.0,200.49,0,0
12:03:51.513,735325,49.41,250.0,0.0,0.0,200.58,0,0
12:03:51.612,735425,49.41,250.0,0.0,0.0,200.58,0,0
12:03:51.630,735444,49.44,250.0,0.0,0.0,200.55,0,0
12:03:51.712,735525,49.45,250.0,0.0,0.0,200.54,0,0
12:03:51.813,735625,49.32,250.0,0.0,0.0,200.67,0,0
12:03:51.912,735725,49.32,250.0,0.0,0.0,200.67,0,0
12:03:51.931,735744,49.47,250.0,0.0,0.0,200.52,0,0
12:03:52.023,735825,49.61,250.0,0.0,0.0,200.38,0,0
12:03:52.116,735925,49.61,250.0,0.0,0.0,200.38,0,0
12:03:52.136,735944,49.64,250.0,0.0,0.0,200.35,0,0
12:03:52.215,736025,49.66,250.0,0.0,0.0,200.33,0,0
12:03:52.312,736125,49.61,250.0,0.0,0.0,200.38,0,0
12:03:52.412,736225,49.61,250.0,0.0,0.0,200.38,0,0
12:03:52.431,736244,49.61,250.0,0.0,0.0,200.38,0,0
12:03:52.512,736325,49.59,250.0,0.0,0.0,200.4,0,0
12:03:52.612,736425,49.54,250.0,0.0,0.0,200.45,0,0
12:03:52.713,736525,49.5,250.0,0.0,0.0,200.49,0,0
12:03:52.815,736625,49.5,250.0,0.0,0.0,200.49,0,0
12:03:52.840,736644,49.46,250.0,0.0,0.0,200.53,0,0
12:03:52.915,736725,49.43,250.0,0.0,0.0,200.56,0,0
12:03:53.014,736825,49.4,250.0,0.0,0.0,200.59,0,0
12:03:53.112,736925,49.37,250.0,0.0,0.0,200.62,0,0
12:03:53.212,737025,49.37,250.0,0.0,0.0,200.62,0,0
12:03:53.231,737043,49.37,250.0,0.0,0.0,200.62,0,0
12:03:53.312,737125,49.37,250.0,0.0,0.0,200.62,0,0
12:03:53.331,737144,49.42,250.0,0.0,0.0,200.57,0,0
12:03:53.413,737225,49.47,250.0,0.0,0.0,200.52,0,0
12:03:53.512,737325,49.46,250.0,0.0,0.0,200.53,0,0
12:03:53.624,737425,49.46,250.0,0.0,0.0,200.53,0,0
12:03:53.632,737444,49.5,250.0,0.0,0.0,200.49,0,0
12:03:53.713,737525,49.54,250.0,0.0,0.0,200.45,0,0
12:03:53.817,737625,49.54,250.0,0.0,0.0,200.45,0,0
12:03:53.833,737643,49.54,250.0,0.0,0.0,200.45,0,0
12:03:53.917,737725,49.62,250.0,0.0,0.0,200.37,0,0
12:03:54.017,737825,49.59,250.0,0.0,0.0,200.4,0,0
12:03:54.112,737925,49.55,250.0,0.0,0.0,200.44,0,0
12:03:54.212,738025,49.45,250.0,0.0,0.0,200.54,0,0
12:03:54.312,738125,49.45,250.0,0.0,0.0,200.54,0,0
12:03:54.412,738225,49.45,250.0,0.0,0.0,200.54,0,0
12:03:54.431,738244,49.51,250.0,0.0,0.0,200.48,0,0
12:03:54.550,738325,49.57,250.0,0.0,0.0,200.42,0,0
12:03:54.612,738425,49.5,250.0,0.0,0.0,200.49,0,0
12:03:54.713,738525,49.5,250.0,0.0,0.0,200.49,0,0
12:03:54.731,738544,49.54,250.0,0.0,0.0,200.45,0,0
12:03:54.812,738625,49.57,250.0,0.0,0.0,200.42,0,0
12:03:54.911,738725,49.55,250.0,0.0,0.0,200.44,0,0
12:03:55.013,738825,49.55,250.0,0.0,0.0,200.44,0,0
12:03:55.030,738844,49.59,250.0,0.0,0.0,200.4,0,0
12:03:55.111,738925,49.62,250.0,0.0,0.0,200.37,0,0
12:03:55.212,739025,49.59,250.0,0.0,0.0,200.4,0,0
12:03:55.312,739125,49.59,250.0,0.0,0.0,200.4,0,0
12:03:55.330,739144,49.59,250.0,0.0,0.0,200.4,0,0
12:03:55.413,739225,49.59,250.0,0.0,0.0,200.4,0,0
12:03:55.434,739244,49.6,250.0,0.0,0.0,200.39,0,0
12:03:55.525,739325,49.6,250.0,0.0,0.0,200.39,0,0
12:03:55.611,739425,49.6,250.0,0.0,0.0,200.39,0,0
12:03:55.631,739444,49.53,250.0,0.0,0.0,200.46,0,0
12:03:55.711,739525,49.46,250.0,0.0,0.0,200.53,0,0
12:03:55.812,739625,49.48,250.0,0.0,0.0,200.51,0,0
12:03:55.911,739725,49.48,250.0,0.0,0.0,200.51,0,0
12:03:55.930,739744,49.52,250.0,0.0,0.0,200.47,0,0
12:03:56.011,739825,49.55,250.0,0.0,0.0,200.44,0,0
12:03:56.118,739925,49.43,250.0,0.0,0.0,200.56,0,0
12:03:56.221,740025,49.35,250.0,0.0,0.0,200.64,0,0
12:03:56.312,740125,49.3,250.0,0.0,0.0,200.69,0,0
12:03:56.411,740225,49.26,250.0,0.0,0.0,200.73,0,0
12:03:56.512,740325,49.26,250.0,0.0,0.0,200.73,0,0
12:03:56.530,740344,49.32,250.0,0.0,0.0,200.67,0,0
12:03:56.612,740425,49.35,250.0,0.0,0.0,200.64,0,0
12:03:56.711,740525,49.28,250.0,0.0,0.0,200.71,0,0
12:03:56.811,740625,49.29,250.0,0.0,0.0,200.7,0,0
12:03:56.913,740725,49.29,250.0,0.0,0.0,200.7,0,0
12:03:56.944,740743,49.29,250.0,0.0,0.0,200.7,0,0
12:03:57.012,740825,49.2,250.0,0.0,0.0,200.79,0,0
12:03:57.112,740925,49.16,250.0,0.0,0.0,200.83,0,0
12:03:57.211,741025,49.16,250.0,0.0,0.0,200.83,0,0
12:03:57.312,741125,49.11,250.0,0.0,0.0,200.88,0,0
12:03:57.411,741225,49.11,250.0,0.0,0.0,200.88,0,0
12:03:57.433,741243,49.11,250.0,0.0,0.0,200.88,0,0
12:03:57.512,741325,49.16,250.0,0.0,0.0,200.83,0,0
12:03:57.611,741425,49.13,250.0,0.0,0.0,200.86,0,0
12:03:57.712,741525,49.2,250.0,0.0,0.0,200.79,0,0
12:03:57.830,741625,49.2,250.0,0.0,0.0,200.79,0,0
12:03:57.833,741644,49.25,250.0,0.0,0.0,200.74,0,0
12:03:57.914,741725,49.28,250.0,0.0,0.0,200.71,0,0
12:03:58.011,741825,49.29,250.0,0.0,0.0,200.7,0,0
12:03:58.111,741925,49.25,250.0,0.0,0.0,200.74,0,0
12:03:58.211,742025,49.25,250.0,0.0,0.0,200.74,0,0
12:03:58.230,742044,49.29,250.0,0.0,0.0,200.7,0,0
12:03:58.317,742125,49.32,250.0,0.0,0.0,200.67,0,0
12:03:58.410,742225,49.32,250.0,0.0,0.0,200.67,0,0
12:03:58.430,742244,49.35,250.0,0.0,0.0,200.64,0,0
12:03:58.511,742325,49.38,250.0,0.0,0.0,200.61,0,0
12:03:58.612,742425,49.43,250.0,0.0,0.0,200.56,0,0
12:03:58.717,742525,49.43,250.0,0.0,0.0,200.56,0,0
12:03:58.760,742544,49.5,250.0,0.0,0.0,200.49,0,0
12:03:58.815,742625,49.56,250.0,0.0,0.0,200.43,0,0
12:03:58.911,742725,49.54,250.0,0.0,0.0,200.45,0,0
12:03:59.010,742825,49.54,250.0,0.0,0.0,200.45,0,0
12:03:59.028,742843,49.54,250.0,0.0,0.0,200.45,0,0
12:03:59.111,742925,49.47,250.0,0.0,0.0,200.52,0,0
12:03:59.211,743025,49.47,250.0,0.0,0.0,200.52,0,0
12:03:59.310,743125,49.47,250.0,0.0,0.0,200.52,0,0
12:03:59.330,743144,49.46,250.0,0.0,0.0,200.53,0,0
12:03:59.416,743225,49.46,250.0,0.0,0.0,200.53,0,0
12:03:59.432,743244,49.45,250.0,0.0,0.0,200.54,0,0
12:03:59.513,743325,49.47,250.0,0.0,0.0,200.52,0,0
12:03:59.612,743425,49.46,250.0,0.0,0.0,200.53,0,0
12:03:59.710,743525,49.4,250.0,0.0,0.0,200.59,0,0
12:03:59.810,743625,49.4,250.0,0.0,0.0,200.59,0,0
12:03:59.910,743725,49.37,250.0,0.0,0.0,200.62,0,0
12:04:00.010,743825,49.37,250.0,0.0,0.0,200.62,0,0
12:04:00.109,743925,49.37,250.0,0.0,0.0,200.62,0,0
12:04:00.210,744025,49.37,250.0,0.0,0.0,200.62,0,0
12:04:00.244,744044,49.45,250.0,0.0,0.0,200.54,0,0
12:04:00.312,744125,49.49,250.0,0.0,0.0,200.5,0,0
12:04:00.410,744225,49.45,250.0,0.0,0.0,200.54,0,0
12:04:00.519,744325,49.42,250.0,0.0,0.0,200.57,0,0
12:04:00.610,744425,49.42,250.0,0.0,0.0,200.57,0,0
12:04:00.629,744443,49.42,250.0,0.0,0.0,200.57,0,0
12:04:00.710,744525,49.39,250.0,0.0,0.0,200.6,0,0
12:04:00.811,744625,49.41,250.0,0.0,0.0,200.58,0,0
12:04:00.909,744725,49.41,250.0,0.0,0.0,200.58,0,0
12:04:00.929,744744,49.46,250.0,0.0,0.0,200.53,0,0
12:04:01.010,744825,49.48,250.0,0.0,0.0,200.51,0,0
12:04:01.112,744925,49.47,250.0,0.0,0.0,200.52,0,0
12:04:01.218,745025,49.47,250.0,0.0,0.0,200.52,0,0
12:04:01.241,745044,49.51,250.0,0.0,0.0,200.48,0,0
12:04:01.327,745125,49.54,250.0,0.0,0.0,200.45,0,0
12:04:01.410,745225,49.48,250.0,0.0,0.0,200.51,0,0
12:04:01.510,745325,49.48,250.0,0.0,0.0,200.51,0,0
12:04:01.529,745344,49.52,250.0,0.0,0.0,200.47,0,0
12:04:01.614,745425,49.55,250.0,0.0,0.0,200.44,0,0
12:04:01.709,745525,49.56,250.0,0.0,0.0,200.43,0,0
12:04:01.810,745625,49.49,250.0,0.0,0.0,200.5,0,0
12:04:01.910,745725,49.45,250.0,0.0,0.0,200.54,0,0
12:04:02.010,745825,49.45,250.0,0.0,0.0,200.54,0,0
12:04:02.109,745925,49.45,250.0,0.0,0.0,200.54,0,0
12:04:02.130,745943,49.45,250.0,0.0,0.0,200.54,0,0
12:04:02.210,746025,49.54,250.0,0.0,0.0,200.45,0,0
12:04:02.328,746125,49.52,250.0,0.0,0.0,200.47,0,0
12:04:02.409,746225,49.52,250.0,0.0,0.0,200.47,0,0
12:04:02.429,746244,49.58,250.0,0.0,0.0,200.41,0,0
12:04:02.512,746325,49.64,250.0,0.0,0.0,200.35,0,0
12:04:02.610,746425,49.64,250.0,0.0,0.0,200.35,0,0
12:04:02.629,746444,49.61,250.0,0.0,0.0,200.38,0,0
12:04:02.710,746525,49.59,250.0,0.0,0.0,200.4,0,0
12:04:02.810,746625,49.51,250.0,0.0,0.0,200.48,0,0
12:04:02.909,746725,49.51,250.0,0.0,0.0,200.48,0,0
12:04:02.928,746744,49.5,250.0,0.0,0.0,200.49,0,0
12:04:03.023,746825,49.49,250.0,0.0,0.0,200.5,0,0
12:04:03.111,746925,49.45,250.0,0.0,0.0,200.54,0,0
12:04:03.211,747025,49.44,250.0,0.0,0.0,200.55,0,0
12:04:03.309,747125,49.44,250.0,0.0,0.0,200.55,0,0
12:04:03.328,747144,49.44,250.0,0.0,0.0,200.55,0,0
12:04:03.409,747225,49.41,250.0,0.0,0.0,200.58,0,0
12:04:03.510,747325,49.4,250.0,0.0,0.0,200.59,0,0
12:04:03.609,747425,49.4,250.0,0.0,0.0,200.59,0,0
12:04:03.629,747444,49.48,250.0,0.0,0.0,200.51,0,0
12:04:03.709,747525,49.54,250.0,0.0,0.0,200.45,0,0
12:04:03.811,747625,49.55,250.0,0.0,0.0,200.44,0,0
12:04:03.924,747725,49.48,250.0,0.0,0.0,200.51,0,0
12:04:04.015,747825,49.39,250.0,0.0,0.0,200.6,0,0
12:04:04.111,747925,49.39,250.0,0.0,0.0,200.6,0,0
12:04:04.129,747944,49.47,250.0,0.0,0.0,200.52,0,0
12:04:04.209,748025,49.53,250.0,0.0,0.0,200.46,0,0
12:04:04.310,748125,49.47,250.0,0.0,0.0,200.52,0,0
12:04:04.409,748225,49.47,250.0,0.0,0.0,200.52,0,0
12:04:04.429,748244,49.53,250.0,0.0,0.0,200.46,0,0
12:04:04.510,748325,49.57,250.0,0.0,0.0,200.42,0,0
12:04:04.609,748425,49.5,250.0,0.0,0.0,200.49,0,0
12:04:04.742,748525,49.46,250.0,0.0,0.0,200.53,0,0
12:04:04.817,748625,49.46,250.0,0.0,0.0,200.53,0,0
12:04:04.831,748643,49.46,250.0,0.0,0.0,200.53,0,0
12:04:04.911,748725,49.43,250.0,0.0,0.0,200.56,0,0
12:04:05.009,748825,49.42,250.0,0.0,0.0,200.57,0,0
12:04:05.108,748925,49.42,250.0,0.0,0.0,200.57,0,0
12:04:05.128,748944,49.39,250.0,0.0,0.0,200.6,0,0
12:04:05.209,749025,49.36,250.0,0.0,0.0,200.63,0,0
12:04:05.310,749125,49.42,250.0,0.0,0.0,200.57,0,0
12:04:05.409,749225,49.42,250.0,0.0,0.0,200.57,0,0
12:04:05.431,749244,49.36,250.0,0.0,0.0,200.63,0,0
12:04:05.510,749325,49.31,250.0,0.0,0.0,200.68,0,0
12:04:05.612,749425,49.31,250.0,0.0,0.0,200.68,0,0
12:04:05.633,749444,49.39,250.0,0.0,0.0,200.6,0,0
12:04:05.717,749525,49.49,250.0,0.0,0.0,200.5,0,0
12:04:05.813,749625,49.48,250.0,0.0,0.0,200.51,0,0
12:04:05.909,749725,49.49,250.0,0.0,0.0,200.5,0,0
12:04:06.009,749825,49.49,250.0,0.0,0.0,200.5,0,0
12:04:06.028,749844,49.51,250.0,0.0,0.0,200.48,0,0
12:04:06.109,749925,49.52,250.0,0.0,0.0,200.47,0,0
12:04:06.209,750025,49.53,250.0,0.0,0.0,200.46,0,0
12:04:06.309,750125,49.51,250.0,0.0,0.0,200.48,0,0
12:04:06.409,750225,49.51,250.0,0.0,0.0,200.48,0,0
12:04:06.509,750325,49.51,250.0,0.0,0.0,200.48,0,0
12:04:06.528,750344,49.53,250.0,0.0,0.0,200.46,0,0
12:04:06.616,750425,49.54,250.0,0.0,0.0,200.45,0,0
12:04:06.716,750525,49.47,250.0,0.0,0.0,200.52,0,0
12:04:06.808,750625,49.47,250.0,0.0,0.0,200.52,0,0
12:04:06.828,750644,49.48,250.0,0.0,0.0,200.51,0,0
12:04:06.909,750725,49.47,250.0,0.0,0.0,200.52,0,0
12:04:07.010,750825,49.44,250.0,0.0,0.0,200.55,0,0
12:04:07.109,750925,49.43,250.0,0.0,0.0,200.56,0,0
12:04:07.208,751025,49.43,250.0,0.0,0.0,200.56,0,0
12:04:07.228,751044,49.4,250.0,0.0,0.0,200.59,0,0
12:04:07.322,751125,49.37,250.0,0.0,0.0,200.62,0,0
12:04:07.410,751225,49.45,250.0,0.0,0.0,200.54,0,0
12:04:07.508,751325,49.45,250.0,0.0,0.0,200.54,0,0
12:04:07.543,751344,49.49,250.0,0.0,0.0,200.5,0,0
12:04:07.609,751425,49.53,250.0,0.0,0.0,200.46,0,0
12:04:07.709,751525,49.46,250.0,0.0,0.0,200.53,0,0
12:04:07.809,751625,49.46,250.0,0.0,0.0,200.53,0,0
12:04:07.827,751644,49.45,250.0,0.0,0.0,200.54,0,0
12:04:07.908,751725,49.45,250.0,0.0,0.0,200.54,0,0
12:04:08.008,751825,49.49,250.0,0.0,0.0,200.5,0,0
12:04:08.110,751925,49.4,250.0,0.0,0.0,200.59,0,0
12:04:08.208,752025,49.4,250.0,0.0,0.0,200.59,0,0
12:04:08.246,752044,49.42,250.0,0.0,0.0,200.57,0,0
12:04:08.320,752125,49.44,250.0,0.0,0.0,200.55,0,0
12:04:08.410,752225,49.49,250.0,0.0,0.0,200.5,0,0
12:04:08.508,752325,49.49,250.0,0.0,0.0,200.5,0,0
12:04:08.527,752343,49.49,250.0,0.0,0.0,200.5,0,0
12:04:08.608,752425,49.45,250.0,0.0,0.0,200.54,0,0
12:04:08.708,752525,49.34,250.0,0.0,0.0,200.65,0,0
12:04:08.808,752625,49.34,250.0,0.0,0.0,200.65,0,0
12:04:08.827,752644,49.4,250.0,0.0,0.0,200.59,0,0
12:04:08.908,752725,49.44,250.0,0.0,0.0,200.55,0,0
12:04:09.019,752825,49.39,250.0,0.0,0.0,200.6,0,0
12:04:09.118,752925,49.39,250.0,0.0,0.0,200.6,0,0
12:04:09.127,752944,49.48,250.0,0.0,0.0,200.51,0,0
12:04:09.208,753025,49.55,250.0,0.0,0.0,200.44,0,0
12:04:09.308,753125,49.53,250.0,0.0,0.0,200.46,0,0
12:04:09.408,753225,49.49,250.0,0.0,0.0,200.5,0,0
12:04:09.508,753325,49.49,250.0,0.0,0.0,200.5,0,0
12:04:09.527,753344,49.5,250.0,0.0,0.0,200.49,0,0
12:04:09.612,753425,49.54,250.0,0.0,0.0,200.45,0,0
12:04:09.708,753525,49.54,250.0,0.0,0.0,200.45,0,0
12:04:09.726,753544,49.65,250.0,0.0,0.0,200.34,0,0
12:04:09.808,753625,49.77,250.0,0.0,0.0,200.22,0,0
12:04:09.908,753725,49.75,250.0,0.0,0.0,200.24,0,0
12:04:10.010,753825,49.75,250.0,0.0,0.0,200.24,0,0
12:04:10.036,753843,49.75,250.0,0.0,0.0,200.24,0,0
12:04:10.111,753925,49.79,250.0,0.0,0.0,200.2,0,0
12:04:10.214,754025,49.79,250.0,0.0,0.0,200.2,0,0
12:04:10.227,754044,49.77,250.0,0.0,0.0,200.22,0,0
12:04:10.309,754125,49.73,250.0,0.0,0.0,200.26,0,0
12:04:10.408,754225,49.65,250.0,0.0,0.0,200.34,0,0
12:04:10.510,754325,49.65,250.0,0.0,0.0,200.34,0,0
12:04:10.530,754344,49.62,250.0,0.0,0.0,200.37,0,0
12:04:10.610,754425,49.6,250.0,0.0,0.0,200.39,0,0
12:04:10.708,754525,49.6,250.0,0.0,0.0,200.39,0,0
12:04:10.727,754544,49.6,250.0,0.0,0.0,200.39,0,0
12:04:10.812,754625,49.63,250.0,0.0,0.0,200.36,0,0
12:04:10.909,754725,49.63,250.0,0.0,0.0,200.36,0,0
12:04:10.928,754744,49.63,250.0,0.0,0.0,200.36,0,0
12:04:11.011,754825,49.63,250.0,0.0,0.0,200.36,0,0
12:04:11.106,754925,49.63,250.0,0.0,0.0,200.36,0,0
12:04:11.126,754943,49.63,250.0,0.0,0.0,200.36,0,0
12:04:11.209,755025,49.58,250.0,0.0,0.0,200.41,0,0
12:04:11.308,755125,49.48,250.0,0.0,0.0,200.51,0,0
12:04:11.408,755225,49.48,250.0,0.0,0.0,200.51,0,0
12:04:11.426,755244,49.49,250.0,0.0,0.0,200.5,0,0
12:04:11.506,755325,49.51,250.0,0.0,0.0,200.48,0,0
12:04:11.609,755425,49.51,250.0,0.0,0.0,200.48,0,0
12:04:11.625,755443,49.51,250.0,0.0,0.0,200.48,0,0
12:04:11.714,755525,49.54,250.0,0.0,0.0,200.45,0,0
12:04:11.809,755625,49.54,250.0,0.0,0.0,200.45,0,0
12:04:11.831,755644,49.48,250.0,0.0,0.0,200.51,0,0
12:04:11.910,755725,49.44,250.0,0.0,0.0,200.55,0,0
12:04:12.006,755825,49.33,250.0,0.0,0.0,200.66,0,0
12:04:12.107,755925,49.39,250.0,0.0,0.0,200.6,0,0
12:04:12.207,756025,49.36,250.0,0.0,0.0,200.63,0,0
12:04:12.307,756125,49.34,250.0,0.0,0.0,200.65,0,0
12:04:12.407,756225,49.24,250.0,0.0,0.0,200.75,0,0
12:04:12.520,756325,49.24,250.0,0.0,0.0,200.75,0,0
12:04:12.536,756344,49.25,250.0,0.0,0.0,200.74,0,0
12:04:12.610,756425,49.27,250.0,0.0,0.0,200.72,0,0
12:04:12.720,756525,49.2,250.0,0.0,0.0,200.79,0,0
12:04:12.807,756625,49.29,250.0,0.0,0.0,200.7,0,0
12:04:12.907,756725,49.29,250.0,0.0,0.0,200.7,0,0
12:04:12.927,756744,49.35,250.0,0.0,0.0,200.64,0,0
12:04:13.008,756825,49.4,250.0,0.0,0.0,200.59,0,0
12:04:13.107,756925,49.4,250.0,0.0,0.0,200.59,0,0
12:04:13.125,756944,49.4,250.0,0.0,0.0,200.59,0,0
12:04:13.207,757025,49.4,250.0,0.0,0.0,200.59,0,0
12:04:13.308,757125,49.35,250.0,0.0,0.0,200.64,0,0
12:04:13.408,757225,49.35,250.0,0.0,0.0,200.64,0,0
12:04:13.426,757244,49.32,250.0,0.0,0.0,200.67,0,0
12:04:13.514,757325,49.3,250.0,0.0,0.0,200.69,0,0
12:04:13.615,757425,49.23,250.0,0.0,0.0,200.76,0,0
12:04:13.707,757525,49.23,250.0,0.0,0.0,200.76,0,0
12:04:13.726,757543,49.23,250.0,0.0,0.0,200.76,0,0
12:04:13.807,757625,49.2,250.0,0.0,0.0,200.79,0,0
12:04:13.906,757725,49.2,250.0,0.0,0.0,200.79,0,0
12:04:13.925,757744,49.27,250.0,0.0,0.0,200.72,0,0
12:04:14.007,757825,49.33,250.0,0.0,0.0,200.66,0,0
12:04:14.107,757925,49.28,250.0,0.0,0.0,200.71,0,0
12:04:14.208,758025,49.28,250.0,0.0,0.0,200.71,0,0
12:04:14.225,758043,49.28,250.0,0.0,0.0,200.71,0,0
12:04:14.312,758125,49.28,250.0,0.0,0.0,200.71,0,0
12:04:14.331,758144,49.34,250.0,0.0,0.0,200.65,0,0
12:04:14.408,758225,49.39,250.0,0.0,0.0,200.6,0,0
12:04:14.506,758325,49.37,250.0,0.0,0.0,200.62,0,0
12:04:14.607,758425,49.21,250.0,0.0,0.0,200.78,0,0
12:04:14.706,758525,49.21,250.0,0.0,0.0,200.78,0,0
12:04:14.807,758625,49.21,250.0,0.0,0.0,200.78,0,0
12:04:14.826,758644,49.27,250.0,0.0,0.0,200.72,0,0
12:04:14.906,758725,49.33,250.0,0.0,0.0,200.66,0,0
12:04:15.007,758825,49.36,250.0,0.0,0.0,200.63,0,0
12:04:15.107,758925,49.39,250.0,0.0,0.0,200.6,0,0
12:04:15.219,759025,49.41,250.0,0.0,0.0,200.58,0,0
12:04:15.307,759125,49.33,250.0,0.0,0.0,200.66,0,0
12:04:15.406,759225,49.39,250.0,0.0,0.0,200.6,0,0
12:04:15.506,759325,49.28,250.0,0.0,0.0,200.71,0,0
12:04:15.606,759425,49.28,250.0,0.0,0.0,200.71,0,0
12:04:15.625,759444,49.27,250.0,0.0,0.0,200.72,0,0
12:04:15.707,759525,49.25,250.0,0.0,0.0,200.74,0,0
12:04:15.815,759625,49.29,250.0,0.0,0.0,200.7,0,0
12:04:15.913,759725,49.25,250.0,0.0,0.0,200.74,0,0
12:04:16.009,759825,49.25,250.0,0.0,0.0,200.74,0,0
12:04:16.040,759844,49.38,250.0,0.0,0.0,200.61,0,0
12:04:16.115,759925,49.53,250.0,0.0,0.0,200.46,0,0
12:04:16.206,760025,49.54,250.0,0.0,0.0,200.45,0,0
12:04:16.306,760125,49.54,250.0,0.0,0.0,200.45,0,0
12:04:16.325,760143,49.54,250.0,0.0,0.0,200.45,0,0
12:04:16.407,760225,49.45,250.0,0.0,0.0,200.54,0,0
12:04:16.506,760325,49.42,250.0,0.0,0.0,200.57,0,0
12:04:16.607,760425,49.36,250.0,0.0,0.0,200.63,0,0
12:04:16.706,760525,49.36,250.0,0.0,0.0,200.63,0,0
12:04:16.725,760544,49.39,250.0,0.0,0.0,200.6,0,0
12:04:16.815,760625,49.44,250.0,0.0,0.0,200.55,0,0
12:04:16.910,760725,49.44,250.0,0.0,0.0,200.55,0,0
12:04:16.927,760743,49.44,250.0,0.0,0.0,200.55,0,0
12:04:17.006,760825,49.41,250.0,0.0,0.0,200.58,0,0
12:04:17.106,760925,49.41,250.0,0.0,0.0,200.58,0,0
12:04:17.125,760944,49.48,250.0,0.0,0.0,200.51,0,0
12:04:17.205,761025,49.54,250.0,0.0,0.0,200.45,0,0
12:04:17.309,761125,49.52,250.0,0.0,0.0,200.47,0,0
12:04:17.407,761225,49.52,250.0,0.0,0.0,200.47,0,0
12:04:17.425,761243,49.52,250.0,0.0,0.0,200.47,0,0
12:04:17.506,761325,49.52,250.0,0.0,0.0,200.47,0,0
12:04:17.525,761344,49.56,250.0,0.0,0.0,200.43,0,0
12:04:17.622,761425,49.59,250.0,0.0,0.0,200.4,0,0
12:04:17.730,761525,49.54,250.0,0.0,0.0,200.45,0,0
12:04:17.827,761625,49.55,250.0,0.0,0.0,200.44,0,0
12:04:17.905,761725,49.55,250.0,0.0,0.0,200.44,0,0
12:04:17.924,761744,49.58,250.0,0.0,0.0,200.41,0,0
12:04:18.006,761825,49.61,250.0,0.0,0.0,200.38,0,0
12:04:18.106,761925,49.51,250.0,0.0,0.0,200.48,0,0
12:04:18.206,762025,49.51,250.0,0.0,0.0,200.48,0,0
12:04:18.226,762044,49.45,250.0,0.0,0.0,200.54,0,0
12:04:18.306,762125,49.42,250.0,0.0,0.0,200.57,0,0
12:04:18.407,762225,49.42,250.0,0.0,0.0,200.57,0,0
12:04:18.425,762243,49.42,250.0,0.0,0.0,200.57,0,0
12:04:18.506,762325,49.41,250.0,0.0,0.0,200.58,0,0
12:04:18.614,762425,49.41,250.0,0.0,0.0,200.58,0,0
12:04:18.709,762525,49.41,250.0,0.0,0.0,200.58,0,0
12:04:18.726,762544,49.43,250.0,0.0,0.0,200.56,0,0
12:04:18.805,762625,49.45,250.0,0.0,0.0,200.54,0,0
12:04:18.907,762725,49.52,250.0,0.0,0.0,200.47,0,0
12:04:19.004,762825,49.52,250.0,0.0,0.0,200.47,0,0
12:04:19.026,762843,49.52,250.0,0.0,0.0,200.47,0,0
12:04:19.107,762925,49.58,250.0,0.0,0.0,200.41,0,0
12:04:19.206,763025,49.56,250.0,0.0,0.0,200.43,0,0
12:04:19.306,763125,49.51,250.0,0.0,0.0,200.48,0,0
12:04:19.421,763225,49.51,250.0,0.0,0.0,200.48,0,0
12:04:19.425,763244,49.53,250.0,0.0,0.0,200.46,0,0
12:04:19.506,763325,49.51,250.0,0.0,0.0,200.48,0,0
12:04:19.612,763425,49.45,250.0,0.0,0.0,200.54,0,0
12:04:19.707,763525,49.45,250.0,0.0,0.0,200.54,0,0
12:04:19.724,763544,49.49,250.0,0.0,0.0,200.5,0,0
12:04:19.805,763625,49.53,250.0,0.0,0.0,200.46,0,0
12:04:19.907,763725,49.51,250.0,0.0,0.0,200.48,0,0
12:04:20.006,763825,49.51,250.0,0.0,0.0,200.48,0,0
12:04:20.025,763843,49.51,250.0,0.0,0.0,200.48,0,0
12:04:20.106,763925,49.52,250.0,0.0,0.0,200.47,0,0
12:04:20.211,764025,49.48,250.0,0.0,0.0,200.51,0,0
12:04:20.305,764125,49.48,250.0,0.0,0.0,200.51,0,0
12:04:20.332,764144,49.42,250.0,0.0,0.0,200.57,0,0
12:04:20.408,764225,49.37,250.0,0.0,0.0,200.62,0,0
12:04:20.505,764325,49.37,250.0,0.0,0.0,200.62,0,0
12:04:20.605,764425,49.29,250.0,0.0,0.0,200.7,0,0
12:04:20.705,764525,49.29,250.0,0.0,0.0,200.7,0,0
12:04:20.724,764544,49.38,250.0,0.0,0.0,200.61,0,0
12:04:20.806,764625,49.47,250.0,0.0,0.0,200.52,0,0
12:04:20.906,764725,49.36,250.0,0.0,0.0,200.63,0,0
12:04:21.005,764825,49.36,250.0,0.0,0.0,200.63,0,0
12:04:21.115,764925,49.37,250.0,0.0,0.0,200.62,0,0
12:04:21.205,765025,49.37,250.0,0.0,0.0,200.62,0,0
12:04:21.225,765044,49.42,250.0,0.0,0.0,200.57,0,0
12:04:21.305,765125,49.46,250.0,0.0,0.0,200.53,0,0
12:04:21.410,765225,49.45,250.0,0.0,0.0,200.54,0,0
12:04:21.505,765325,49.45,250.0,0.0,0.0,200.54,0,0
12:04:21.524,765344,49.47,250.0,0.0,0.0,200.52,0,0
12:04:21.605,765425,49.47,250.0,0.0,0.0,200.52,0,0
12:04:21.624,765444,49.56,250.0,0.0,0.0,200.43,0,0
12:04:21.705,765525,49.62,250.0,0.0,0.0,200.37,0,0
12:04:21.814,765625,49.62,250.0,0.0,0.0,200.37,0,0
12:04:21.840,765644,49.64,250.0,0.0,0.0,200.35,0,0
12:04:21.912,765725,49.66,250.0,0.0,0.0,200.33,0,0
12:04:22.010,765825,49.59,250.0,0.0,0.0,200.4,0,0
12:04:22.105,765925,49.59,250.0,0.0,0.0,200.4,0,0
12:04:22.124,765944,49.54,250.0,0.0,0.0,200.45,0,0
12:04:22.205,766025,49.5,250.0,0.0,0.0,200.49,0,0
12:04:22.305,766125,49.5,250.0,0.0,0.0,200.49,0,0
12:04:22.324,766144,49.54,250.0,0.0,0.0,200.45,0,0
12:04:22.406,766225,49.57,250.0,0.0,0.0,200.42,0,0
12:04:22.505,766325,49.53,250.0,0.0,0.0,200.46,0,0
12:04:22.605,766425,49.56,250.0,0.0,0.0,200.43,0,0
12:04:22.709,766525,49.56,250.0,0.0,0.0,200.43,0,0
12:04:22.723,766544,49.62,250.0,0.0,0.0,200.37,0,0
12:04:22.807,766625,49.67,250.0,0.0,0.0,200.32,0,0
12:04:22.909,766725,49.59,250.0,0.0,0.0,200.4,0,0
12:04:23.005,766825,49.59,250.0,0.0,0.0,200.4,0,0
12:04:23.024,766844,49.59,250.0,0.0,0.0,200.4,0,0
12:04:23.105,766925,49.59,250.0,0.0,0.0,200.4,0,0
12:04:23.206,767025,49.5,250.0,0.0,0.0,200.49,0,0
12:04:23.309,767125,49.46,250.0,0.0,0.0,200.53,0,0
12:04:23.404,767225,49.46,250.0,0.0,0.0,200.53,0,0
12:04:23.422,767244,49.45,250.0,0.0,0.0,200.54,0,0
12:04:23.505,767325,49.44,250.0,0.0,0.0,200.55,0,0
12:04:23.607,767425,49.34,250.0,0.0,0.0,200.65,0,0
12:04:23.705,767525,49.34,250.0,0.0,0.0,200.65,0,0
12:04:23.726,767544,49.34,250.0,0.0,0.0,200.65,0,0
12:04:23.813,767625,49.34,250.0,0.0,0.0,200.65,0,0
12:04:23.904,767725,49.34,250.0,0.0,0.0,200.65,0,0
12:04:23.923,767744,49.37,250.0,0.0,0.0,200.62,0,0
12:04:24.005,767825,49.4,250.0,0.0,0.0,200.59,0,0
12:04:24.103,767925,49.42,250.0,0.0,0.0,200.57,0,0
12:04:24.205,768025,49.42,250.0,0.0,0.0,200.57,0,0
12:04:24.223,768043,49.42,250.0,0.0,0.0,200.57,0,0
12:04:24.306,768125,49.42,250.0,0.0,0.0,200.57,0,0
12:04:24.404,768225,49.42,250.0,0.0,0.0,200.57,0,0
12:04:24.424,768244,49.51,250.0,0.0,0.0,200.48,0,0
12:04:24.518,768325,49.6,250.0,0.0,0.0,200.39,0,0
12:04:24.604,768425,49.6,250.0,0.0,0.0,200.39,0,0
12:04:24.627,768444,49.57,250.0,0.0,0.0,200.42,0,0
12:04:24.704,768525,49.55,250.0,0.0,0.0,200.44,0,0
12:04:24.804,768625,49.51,250.0,0.0,0.0,200.48,0,0
12:04:24.904,768725,49.51,250.0,0.0,0.0,200.48,0,0
12:04:24.923,768744,49.55,250.0,0.0,0.0,200.44,0,0
12:04:25.004,768825,49.58,250.0,0.0,0.0,200.41,0,0
12:04:25.104,768925,49.48,250.0,0.0,0.0,200.51,0,0
12:04:25.205,769025,49.5,250.0,0.0,0.0,200.49,0,0
12:04:25.304,769125,49.5,250.0,0.0,0.0,200.49,0,0
12:04:25.329,769143,49.5,250.0,0.0,0.0,200.49,0,0
12:04:25.404,769225,49.49,250.0,0.0,0.0,200.5,0,0
12:04:25.506,769325,49.47,250.0,0.0,0.0,200.52,0,0
12:04:25.616,769425,49.47,250.0,0.0,0.0,200.52,0,0
12:04:25.629,769444,49.46,250.0,0.0,0.0,200.53,0,0
12:04:25.704,769525,49.46,250.0,0.0,0.0,200.53,0,0
12:04:25.723,769543,49.46,250.0,0.0,0.0,200.53,0,0
12:04:25.804,769625,49.46,250.0,0.0,0.0,200.53,0,0
12:04:25.907,769725,49.37,250.0,0.0,0.0,200.62,0,0
12:04:26.004,769825,49.37,250.0,0.0,0.0,200.62,0,0
12:04:26.026,769844,49.4,250.0,0.0,0.0,200.59,0,0
12:04:26.104,769925,49.42,250.0,0.0,0.0,200.57,0,0
12:04:26.204,770025,49.42,250.0,0.0,0.0,200.57,0,0
12:04:26.222,770044,49.44,250.0,0.0,0.0,200.55,0,0
12:04:26.305,770125,49.43,250.0,0.0,0.0,200.56,0,0
12:04:26.406,770225,49.5,250.0,0.0,0.0,200.49,0,0
12:04:26.505,770325,49.5,250.0,0.0,0.0,200.49,0,0
12:04:26.525,770344,49.52,250.0,0.0,0.0,200.47,0,0
12:04:26.603,770425,49.55,250.0,0.0,0.0,200.44,0,0
12:04:26.705,770525,49.53,250.0,0.0,0.0,200.46,0,0
12:04:26.804,770625,49.54,250.0,0.0,0.0,200.45,0,0
12:04:26.904,770725,49.54,250.0,0.0,0.0,200.45,0,0
12:04:27.005,770825,49.54,250.0,0.0,0.0,200.45,0,0
12:04:27.022,770844,49.6,250.0,0.0,0.0,200.39,0,0
12:04:27.104,770925,49.65,250.0,0.0,0.0,200.34,0,0
12:04:27.204,771025,49.62,250.0,0.0,0.0,200.37,0,0
12:04:27.310,771125,49.62,250.0,0.0,0.0,200.37,0,0
12:04:27.406,771225,49.62,250.0,0.0,0.0,200.37,0,0
12:04:27.503,771325,49.62,250.0,0.0,0.0,200.37,0,0
12:04:27.522,771344,49.62,250.0,0.0,0.0,200.36,0,0
12:04:27.604,771425,49.65,250.0,0.0,0.0,200.34,0,0
12:04:27.703,771525,49.62,250.0,0.0,0.0,200.37,0,0
12:04:27.803,771625,49.62,250.0,0.0,0.0,200.37,0,0
12:04:27.824,771644,49.72,250.0,0.0,0.0,200.27,0,0
12:04:27.904,771725,49.72,250.0,0.0,0.0,200.27,0,0
12:04:27.922,771743,49.72,250.0,0.0,0.0,200.27,0,0
12:04:28.004,771825,49.72,250.0,0.0,0.0,200.27,0,0
12:04:28.022,771844,49.86,250.0,0.0,0.0,200.13,0,0
12:04:28.124,771925,49.96,250.0,0.0,0.0,200.03,0,0
12:04:28.203,772025,49.96,250.0,0.0,0.0,200.03,0,0
12:04:28.226,772044,49.85,250.0,0.0,0.0,200.14,0,0
12:04:28.308,772125,49.78,250.0,0.0,0.0,200.21,0,0
12:04:28.406,772225,49.76,250.0,0.0,0.0,200.23,0,0
12:04:28.503,772325,49.65,250.0,0.0,0.0,200.34,0,0
12:04:28.603,772425,49.59,250.0,0.0,0.0,200.4,0,0
12:04:28.705,772525,49.6,250.0,0.0,0.0,200.39,0,0
12:04:28.804,772625,49.55,250.0,0.0,0.0,200.44,0,0
12:04:28.936,772725,49.56,250.0,0.0,0.0,200.43,0,0
12:04:29.006,772825,49.51,250.0,0.0,0.0,200.48,0,0
12:04:29.112,772925,49.51,250.0,0.0,0.0,200.48,0,0
12:04:29.122,772944,49.53,250.0,0.0,0.0,200.46,0,0
12:04:29.203,773025,49.54,250.0,0.0,0.0,200.45,0,0
12:04:29.303,773125,49.47,250.0,0.0,0.0,200.52,0,0
12:04:29.403,773225,49.47,250.0,0.0,0.0,200.52,0,0
12:04:29.421,773244,49.51,250.0,0.0,0.0,200.48,0,0
12:04:29.503,773325,49.55,250.0,0.0,0.0,200.44,0,0
12:04:29.602,773425,49.5,250.0,0.0,0.0,200.49,0,0
12:04:29.702,773525,49.44,250.0,0.0,0.0,200.55,0,0
12:04:29.804,773625,49.43,250.0,0.0,0.0,200.56,0,0
12:04:29.907,773725,49.43,250.0,0.0,0.0,200.56,0,0
12:04:29.924,773744,49.4,250.0,0.0,0.0,200.59,0,0
12:04:30.007,773825,49.38,250.0,0.0,0.0,200.61,0,0
12:04:30.103,773925,49.27,250.0,0.0,0.0,200.72,0,0
12:04:30.203,774025,49.18,250.0,0.0,0.0,200.81,0,0
12:04:30.305,774125,49.18,250.0,0.0,0.0,200.81,0,0
12:04:30.322,774144,49.2,250.0,0.0,0.0,200.79,0,0
12:04:30.403,774225,49.24,250.0,0.0,0.0,200.75,0,0
12:04:30.503,774325,49.24,250.0,0.0,0.0,200.75,0,0
12:04:30.522,774343,49.24,250.0,0.0,0.0,200.75,0,0
12:04:30.603,774425,49.21,250.0,0.0,0.0,200.78,0,0
12:04:30.713,774525,49.2,250.0,0.0,0.0,200.79,0,0
12:04:30.804,774625,49.2,250.0,0.0,0.0,200.79,0,0
12:04:30.824,774644,49.22,250.0,0.0,0.0,200.77,0,0
12:04:30.906,774725,49.23,250.0,0.0,0.0,200.76,0,0
12:04:31.003,774825,49.23,250.0,0.0,0.0,200.76,0,0
12:04:31.021,774844,49.3,250.0,0.0,0.0,200.69,0,0
12:04:31.102,774925,49.35,250.0,0.0,0.0,200.64,0,0
12:04:31.202,775025,49.36,250.0,0.0,0.0,200.63,0,0
12:04:31.303,775125,49.36,250.0,0.0,0.0,200.63,0,0
12:04:31.321,775144,49.43,250.0,0.0,0.0,200.56,0,0
12:04:31.403,775225,49.5,250.0,0.0,0.0,200.49,0,0
12:04:31.503,775325,49.5,250.0,0.0,0.0,200.49,0,0
12:04:31.521,775344,49.56,250.0,0.0,0.0,200.43,0,0
12:04:31.616,775425,49.62,250.0,0.0,0.0,200.37,0,0
12:04:31.702,775525,49.62,250.0,0.0,0.0,200.37,0,0
12:04:31.723,775544,49.64,250.0,0.0,0.0,200.35,0,0
12:04:31.809,775625,49.69,250.0,0.0,0.0,200.3,0,0
12:04:31.902,775725,49.66,250.0,0.0,0.0,200.33,0,0
12:04:32.003,775825,49.63,250.0,0.0,0.0,200.36,0,0
12:04:32.102,775925,49.63,250.0,0.0,0.0,200.36,0,0
12:04:32.121,775943,49.63,250.0,0.0,0.0,200.36,0,0
12:04:32.202,776025,49.63,250.0,0.0,0.0,200.36,0,0
12:04:32.221,776044,49.75,250.0,0.0,0.0,200.24,0,0
12:04:32.302,776125,49.86,250.0,0.0,0.0,200.13,0,0
12:04:32.403,776225,49.81,250.0,0.0,0.0,200.18,0,0
12:04:32.509,776325,49.75,250.0,0.0,0.0,200.24,0,0
12:04:32.603,776425,49.66,250.0,0.0,0.0,200.33,0,0
12:04:32.702,776525,49.58,250.0,0.0,0.0,200.41,0,0
12:04:32.802,776625,49.58,250.0,0.0,0.0,200.41,0,0
12:04:32.902,776725,49.49,250.0,0.0,0.0,200.5,0,0
12:04:33.002,776825,49.45,250.0,0.0,0.0,200.54,0,0
12:04:33.104,776925,49.45,250.0,0.0,0.0,200.54,0,0
12:04:33.122,776943,49.45,250.0,0.0,0.0,200.54,0,0
12:04:33.215,777025,49.49,250.0,0.0,0.0,200.5,0,0
12:04:33.306,777125,49.49,250.0,0.0,0.0,200.5,0,0
12:04:33.323,777144,49.51,250.0,0.0,0.0,200.48,0,0
12:04:33.407,777225,49.52,250.0,0.0,0.0,200.47,0,0
12:04:33.505,777325,49.52,250.0,0.0,0.0,200.47,0,0
12:04:33.521,777344,49.55,250.0,0.0,0.0,200.44,0,0
12:04:33.602,777425,49.61,250.0,0.0,0.0,200.38,0,0
12:04:33.705,777525,49.56,250.0,0.0,0.0,200.43,0,0
12:04:33.803,777625,49.56,250.0,0.0,0.0,200.43,0,0
12:04:33.822,777644,49.59,250.0,0.0,0.0,200.4,0,0
12:04:33.901,777725,49.62,250.0,0.0,0.0,200.37,0,0
12:04:34.001,777825,49.62,250.0,0.0,0.0,200.37,0,0
12:04:34.021,777844,49.6,250.0,0.0,0.0,200.39,0,0
12:04:34.103,777925,49.57,250.0,0.0,0.0,200.42,0,0
12:04:34.202,778025,49.58,250.0,0.0,0.0,200.41,0,0
12:04:34.302,778125,49.53,250.0,0.0,0.0,200.46,0,0
12:04:34.409,778225,49.49,250.0,0.0,0.0,200.5,0,0
12:04:34.506,778325,49.46,250.0,0.0,0.0,200.53,0,0
12:04:34.602,778425,49.42,250.0,0.0,0.0,200.57,0,0
12:04:34.702,778525,49.42,250.0,0.0,0.0,200.57,0,0
12:04:34.802,778625,49.42,250.0,0.0,0.0,200.57,0,0
12:04:34.820,778644,49.36,250.0,0.0,0.0,200.63,0,0
12:04:34.902,778725,49.31,250.0,0.0,0.0,200.68,0,0
12:04:35.003,778825,49.31,250.0,0.0,0.0,200.68,0,0
12:04:35.020,778844,49.3,250.0,0.0,0.0,200.69,0,0
12:04:35.116,778925,49.3,250.0,0.0,0.0,200.69,0,0
12:04:35.224,779025,49.31,250.0,0.0,0.0,200.68,0,0
12:04:35.302,779125,49.32,250.0,0.0,0.0,200.67,0,0
12:04:35.402,779225,49.32,250.0,0.0,0.0,200.67,0,0
12:04:35.422,779244,49.42,250.0,0.0,0.0,200.57,0,0
12:04:35.502,779325,49.49,250.0,0.0,0.0,200.5,0,0
12:04:35.603,779425,49.48,250.0,0.0,0.0,200.51,0,0
12:04:35.701,779525,49.48,250.0,0.0,0.0,200.51,0,0
12:04:35.720,779543,49.48,250.0,0.0,0.0,200.51,0,0
12:04:35.802,779625,49.54,250.0,0.0,0.0,200.45,0,0
12:04:35.901,779725,49.53,250.0,0.0,0.0,200.46,0,0
12:04:36.001,779825,49.51,250.0,0.0,0.0,200.48,0,0
12:04:36.110,779925,49.51,250.0,0.0,0.0,200.48,0,0
12:04:36.121,779944,49.55,250.0,0.0,0.0,200.44,0,0
12:04:36.202,780025,49.56,250.0,0.0,0.0,200.43,0,0
12:04:36.301,780125,49.54,250.0,0.0,0.0,200.45,0,0
12:04:36.400,780225,49.54,250.0,0.0,0.0,200.45,0,0
12:04:36.420,780244,49.57,250.0,0.0,0.0,200.42,0,0
12:04:36.501,780325,49.63,250.0,0.0,0.0,200.36,0,0
12:04:36.601,780425,49.6,250.0,0.0,0.0,200.39,0,0
12:04:36.701,780525,49.6,250.0,0.0,0.0,200.39,0,0
12:04:36.720,780544,49.6,250.0,0.0,0.0,200.39,0,0
12:04:36.801,780625,49.61,250.0,0.0,0.0,200.38,0,0
12:04:36.906,780725,49.48,250.0,0.0,0.0,200.51,0,0
12:04:37.002,780825,49.48,250.0,0.0,0.0,200.51,0,0
12:04:37.021,780844,49.5,250.0,0.0,0.0,200.49,0,0
12:04:37.102,780925,49.48,250.0,0.0,0.0,200.51,0,0
12:04:37.201,781025,49.45,250.0,0.0,0.0,200.54,0,0
12:04:37.301,781125,49.45,250.0,0.0,0.0,200.54,0,0
12:04:37.320,781143,49.45,250.0,0.0,0.0,200.54,0,0
12:04:37.400,781225,49.36,250.0,0.0,0.0,200.63,0,0
12:04:37.501,781325,49.32,250.0,0.0,0.0,200.67,0,0
12:04:37.600,781425,49.27,250.0,0.0,0.0,200.72,0,0
12:04:37.700,781525,49.27,250.0,0.0,0.0,200.72,0,0
12:04:37.719,781544,49.28,250.0,0.0,0.0,200.71,0,0
12:04:37.804,781625,49.32,250.0,0.0,0.0,200.67,0,0
12:04:37.909,781725,49.25,250.0,0.0,0.0,200.74,0,0
12:04:38.001,781825,49.25,250.0,0.0,0.0,200.74,0,0
12:04:38.019,781844,49.26,250.0,0.0,0.0,200.73,0,0
12:04:38.101,781925,49.3,250.0,0.0,0.0,200.69,0,0
12:04:38.201,782025,49.3,250.0,0.0,0.0,200.69,0,0
12:04:38.219,782044,49.3,250.0,0.0,0.0,200.69,0,0
12:04:38.300,782125,49.31,250.0,0.0,0.0,200.68,0,0
12:04:38.401,782225,49.31,250.0,0.0,0.0,200.68,0,0
12:04:38.420,782244,49.32,250.0,0.0,0.0,200.67,0,0
12:04:38.564,782325,49.3,250.0,0.0,0.0,200.69,0,0
12:04:38.601,782425,49.3,250.0,0.0,0.0,200.69,0,0
12:04:38.627,782444,49.28,250.0,0.0,0.0,200.71,0,0
12:04:38.702,782525,49.27,250.0,0.0,0.0,200.72,0,0
12:04:38.801,782625,49.25,250.0,0.0,0.0,200.74,0,0
12:04:38.900,782725,49.25,250.0,0.0,0.0,200.74,0,0
12:04:38.919,782744,49.36,250.0,0.0,0.0,200.63,0,0
12:04:39.000,782825,49.49,250.0,0.0,0.0,200.5,0,0
12:04:39.100,782925,49.5,250.0,0.0,0.0,200.49,0,0
12:04:39.200,783025,49.5,250.0,0.0,0.0,200.49,0,0
12:04:39.219,783044,49.46,250.0,0.0,0.0,200.53,0,0
12:04:39.335,783125,49.43,250.0,0.0,0.0,200.56,0,0
12:04:39.401,783225,49.4,250.0,0.0,0.0,200.59,0,0
12:04:39.505,783325,49.4,250.0,0.0,0.0,200.59,0,0
12:04:39.521,783343,49.4,250.0,0.0,0.0,200.59,0,0
12:04:39.601,783425,49.35,250.0,0.0,0.0,200.64,0,0
12:04:39.700,783525,49.37,250.0,0.0,0.0,200.62,0,0
12:04:39.800,783625,49.37,250.0,0.0,0.0,200.62,0,0
12:04:39.819,783644,49.42,250.0,0.0,0.0,200.57,0,0
12:04:39.900,783725,49.47,250.0,0.0,0.0,200.52,0,0
12:04:40.000,783825,49.43,250.0,0.0,0.0,200.56,0,0
12:04:40.159,783925,49.43,250.0,0.0,0.0,200.56,0,0
12:04:40.166,783944,49.45,250.0,0.0,0.0,200.54,0,0
12:04:40.200,784025,49.47,250.0,0.0,0.0,200.52,0,0
12:04:40.300,784125,49.46,250.0,0.0,0.0,200.53,0,0
12:04:40.400,784225,49.4,250.0,0.0,0.0,200.59,0,0
12:04:40.500,784325,49.4,250.0,0.0,0.0,200.59,0,0
12:04:40.519,784343,49.4,250.0,0.0,0.0,200.59,0,0
12:04:40.600,784425,49.4,250.0,0.0,0.0,200.59,0,0
12:04:40.700,784525,49.4,250.0,0.0,0.0,200.59,0,0
12:04:40.719,784544,49.45,250.0,0.0,0.0,200.54,0,0
12:04:40.800,784625,49.49,250.0,0.0,0.0,200.5,0,0
12:04:40.914,784725,49.45,250.0,0.0,0.0,200.54,0,0
12:04:41.011,784825,49.45,250.0,0.0,0.0,200.54,0,0
12:04:41.100,784925,49.41,250.0,0.0,0.0,200.58,0,0
12:04:41.200,785025,49.41,250.0,0.0,0.0,200.58,0,0
12:04:41.219,785044,49.53,250.0,0.0,0.0,200.46,0,0
12:04:41.300,785125,49.64,250.0,0.0,0.0,200.35,0,0
12:04:41.400,785225,49.51,250.0,0.0,0.0,200.48,0,0
12:04:41.500,785325,49.37,250.0,0.0,0.0,200.62,0,0
12:04:41.601,785425,49.35,250.0,0.0,0.0,200.64,0,0
12:04:41.705,785525,49.35,250.0,0.0,0.0,200.64,0,0
12:04:41.724,785544,49.4,250.0,0.0,0.0,200.59,0,0
12:04:41.804,785625,49.45,250.0,0.0,0.0,200.54,0,0
12:04:41.900,785725,49.36,250.0,0.0,0.0,200.63,0,0
12:04:42.000,785825,49.31,250.0,0.0,0.0,200.68,0,0
12:04:42.100,785925,49.31,250.0,0.0,0.0,200.68,0,0
12:04:42.119,785943,49.31,250.0,0.0,0.0,200.68,0,0
12:04:42.199,786025,49.32,250.0,0.0,0.0,200.67,0,0
12:04:42.300,786125,49.22,250.0,0.0,0.0,200.77,0,0
12:04:42.461,786225,49.24,250.0,0.0,0.0,200.75,0,0
12:04:42.507,786325,49.24,250.0,0.0,0.0,200.75,0,0
12:04:42.530,786344,49.23,250.0,0.0,0.0,200.76,0,0
12:04:42.610,786425,49.22,250.0,0.0,0.0,200.77,0,0
12:04:42.699,786525,49.21,250.0,0.0,0.0,200.78,0,0
12:04:42.800,786625,49.2,250.0,0.0,0.0,200.79,0,0
12:04:42.899,786725,49.2,250.0,0.0,0.0,200.79,0,0
12:04:42.918,786744,49.19,250.0,0.0,0.0,200.8,0,0
12:04:43.000,786825,49.19,250.0,0.0,0.0,200.8,0,0
12:04:43.101,786925,49.2,250.0,0.0,0.0,200.79,0,0
12:04:43.199,787025,49.2,250.0,0.0,0.0,200.79,0,0
12:04:43.219,787044,49.22,250.0,0.0,0.0,200.77,0,0
12:04:43.307,787125,49.21,250.0,0.0,0.0,200.78,0,0
12:04:43.400,787225,49.13,250.0,0.0,0.0,200.86,0,0
12:04:43.499,787325,49.13,250.0,0.0,0.0,200.86,0,0
12:04:43.518,787344,49.18,250.0,0.0,0.0,200.81,0,0
12:04:43.600,787425,49.18,250.0,0.0,0.0,200.81,0,0
12:04:43.619,787444,49.22,250.0,0.0,0.0,200.77,0,0
12:04:43.700,787525,49.26,250.0,0.0,0.0,200.73,0,0
12:04:43.799,787625,49.22,250.0,0.0,0.0,200.77,0,0
12:04:43.900,787725,49.16,250.0,0.0,0.0,200.83,0,0
12:04:43.999,787825,49.16,250.0,0.0,0.0,200.83,0,0
12:04:44.041,787844,49.21,250.0,0.0,0.0,200.78,0,0
12:04:44.118,787925,49.25,250.0,0.0,0.0,200.74,0,0
12:04:44.202,788025,49.26,250.0,0.0,0.0,200.73,0,0
12:04:44.299,788125,49.26,250.0,0.0,0.0,200.73,0,0
12:04:44.317,788144,49.32,250.0,0.0,0.0,200.67,0,0
12:04:44.398,788225,49.4,250.0,0.0,0.0,200.59,0,0
12:04:44.499,788325,49.4,250.0,0.0,0.0,200.59,0,0
12:04:44.600,788425,49.4,250.0,0.0,0.0,200.59,0,0
12:04:44.618,788444,49.45,250.0,0.0,0.0,200.54,0,0
12:04:44.700,788525,49.45,250.0,0.0,0.0,200.54,0,0
12:04:44.718,788544,49.44,250.0,0.0,0.0,200.55,0,0
12:04:44.800,788625,49.43,250.0,0.0,0.0,200.56,0,0
12:04:44.908,788725,49.3,250.0,0.0,0.0,200.69,0,0
12:04:44.999,788825,49.3,250.0,0.0,0.0,200.69,0,0
12:04:45.018,788844,49.33,250.0,0.0,0.0,200.66,0,0
12:04:45.103,788925,49.36,250.0,0.0,0.0,200.63,0,0
12:04:45.200,789025,49.31,250.0,0.0,0.0,200.68,0,0
12:04:45.299,789125,49.24,250.0,0.0,0.0,200.75,0,0
12:04:45.399,789225,49.24,250.0,0.0,0.0,200.75,0,0
12:04:45.418,789244,49.31,250.0,0.0,0.0,200.68,0,0
12:04:45.500,789325,49.39,250.0,0.0,0.0,200.6,0,0
12:04:45.602,789425,49.36,250.0,0.0,0.0,200.63,0,0
12:04:45.698,789525,49.39,250.0,0.0,0.0,200.6,0,0
12:04:45.820,789625,49.39,250.0,0.0,0.0,200.6,0,0
12:04:45.846,789644,49.39,250.0,0.0,0.0,200.6,0,0
12:04:45.901,789725,49.36,250.0,0.0,0.0,200.63,0,0
12:04:46.006,789825,49.39,250.0,0.0,0.0,200.6,0,0
12:04:46.099,789925,49.41,250.0,0.0,0.0,200.58,0,0
12:04:46.199,790025,49.33,250.0,0.0,0.0,200.66,0,0
12:04:46.299,790125,49.33,250.0,0.0,0.0,200.66,0,0
12:04:46.319,790144,49.39,250.0,0.0,0.0,200.6,0,0
12:04:46.402,790225,49.43,250.0,0.0,0.0,200.56,0,0
12:04:46.499,790325,49.38,250.0,0.0,0.0,200.61,0,0
12:04:46.599,790425,49.38,250.0,0.0,0.0,200.61,0,0
12:04:46.617,790444,49.45,250.0,0.0,0.0,200.54,0,0
12:04:46.720,790525,49.52,250.0,0.0,0.0,200.47,0,0
12:04:46.805,790625,49.45,250.0,0.0,0.0,200.54,0,0
12:04:46.909,790725,49.45,250.0,0.0,0.0,200.54,0,0
12:04:46.928,790744,49.5,250.0,0.0,0.0,200.49,0,0
12:04:46.999,790825,49.53,250.0,0.0,0.0,200.46,0,0
12:04:47.101,790925,49.49,250.0,0.0,0.0,200.5,0,0
12:04:47.199,791025,49.51,250.0,0.0,0.0,200.48,0,0
12:04:47.301,791125,49.51,250.0,0.0,0.0,200.48,0,0
12:04:47.317,791143,49.51,250.0,0.0,0.0,200.48,0,0
12:04:47.400,791225,49.49,250.0,0.0,0.0,200.5,0,0
12:04:47.499,791325,49.43,250.0,0.0,0.0,200.56,0,0
12:04:47.603,791425,49.43,250.0,0.0,0.0,200.56,0,0
12:04:47.702,791525,49.43,250.0,0.0,0.0,200.56,0,0
12:04:47.723,791544,49.52,250.0,0.0,0.0,200.47,0,0
12:04:47.801,791625,49.58,250.0,0.0,0.0,200.41,0,0
12:04:47.899,791725,49.58,250.0,0.0,0.0,200.41,0,0
12:04:47.998,791825,49.51,250.0,0.0,0.0,200.48,0,0
12:04:48.098,791925,49.51,250.0,0.0,0.0,200.48,0,0
12:04:48.121,791944,49.62,250.0,0.0,0.0,200.37,0,0
12:04:48.198,792025,49.72,250.0,0.0,0.0,200.27,0,0
12:04:48.298,792125,49.72,250.0,0.0,0.0,200.27,0,0
12:04:48.318,792144,49.76,250.0,0.0,0.0,200.23,0,0
12:04:48.399,792225,49.8,250.0,0.0,0.0,200.19,0,0
12:04:48.514,792325,49.7,250.0,0.0,0.0,200.29,0,0
12:04:48.631,792425,49.72,250.0,0.0,0.0,200.27,0,0
12:04:48.715,792525,49.72,250.0,0.0,0.0,200.27,0,0
12:04:48.722,792544,49.74,250.0,0.0,0.0,200.25,0,0
12:04:48.797,792625,49.75,250.0,0.0,0.0,200.24,0,0
12:04:48.899,792725,49.64,250.0,0.0,0.0,200.35,0,0
12:04:48.999,792825,49.66,250.0,0.0,0.0,200.33,0,0
12:04:49.098,792925,49.58,250.0,0.0,0.0,200.41,0,0
12:04:49.198,793025,49.58,250.0,0.0,0.0,200.41,0,0
12:04:49.219,793044,49.54,250.0,0.0,0.0,200.45,0,0
12:04:49.351,793125,49.52,250.0,0.0,0.0,200.47,0,0
12:04:49.398,793225,49.53,250.0,0.0,0.0,200.46,0,0
12:04:49.501,793325,49.53,250.0,0.0,0.0,200.46,0,0
12:04:49.522,793344,49.59,250.0,0.0,0.0,200.4,0,0
12:04:49.598,793425,49.62,250.0,0.0,0.0,200.37,0,0
12:04:49.698,793525,49.59,250.0,0.0,0.0,200.4,0,0
12:04:49.798,793625,49.59,250.0,0.0,0.0,200.4,0,0
12:04:49.821,793644,49.57,250.0,0.0,0.0,200.42,0,0
12:04:49.899,793725,49.55,250.0,0.0,0.0,200.44,0,0
12:04:49.998,793825,49.48,250.0,0.0,0.0,200.51,0,0
12:04:50.116,793925,49.48,250.0,0.0,0.0,200.51,0,0
12:04:50.146,793944,49.5,250.0,0.0,0.0,200.49,0,0
12:04:50.200,794025,49.51,250.0,0.0,0.0,200.48,0,0
12:04:50.298,794125,49.47,250.0,0.0,0.0,200.52,0,0
12:04:50.398,794225,49.47,250.0,0.0,0.0,200.52,0,0
12:04:50.416,794244,49.51,250.0,0.0,0.0,200.48,0,0
12:04:50.498,794325,49.57,250.0,0.0,0.0,200.42,0,0
12:04:50.597,794425,49.55,250.0,0.0,0.0,200.44,0,0
12:04:50.698,794525,49.55,250.0,0.0,0.0,200.44,0,0
12:04:50.716,794544,49.56,250.0,0.0,0.0,200.43,0,0
12:04:50.798,794625,49.54,250.0,0.0,0.0,200.45,0,0
12:04:50.910,794725,49.54,250.0,0.0,0.0,200.45,0,0
12:04:50.936,794744,49.53,250.0,0.0,0.0,200.46,0,0
12:04:51.002,794825,49.49,250.0,0.0,0.0,200.5,0,0
12:04:51.098,794925,49.4,250.0,0.0,0.0,200.59,0,0
12:04:51.197,795025,49.4,250.0,0.0,0.0,200.59,0,0
12:04:51.217,795044,49.47,250.0,0.0,0.0,200.52,0,0
12:04:51.297,795125,49.54,250.0,0.0,0.0,200.45,0,0
12:04:51.398,795225,49.49,250.0,0.0,0.0,200.5,0,0
12:04:51.503,795325,49.49,250.0,0.0,0.0,200.5,0,0
12:04:51.516,795343,49.49,250.0,0.0,0.0,200.5,0,0
12:04:51.598,795425,49.41,250.0,0.0,0.0,200.58,0,0
12:04:51.697,795525,49.41,250.0,0.0,0.0,200.58,0,0
12:04:51.722,795544,49.4,250.0,0.0,0.0,200.59,0,0
12:04:51.798,795625,49.4,250.0,0.0,0.0,200.59,0,0
12:04:51.897,795725,49.4,250.0,0.0,0.0,200.59,0,0
12:04:51.916,795744,49.5,250.0,0.0,0.0,200.49,0,0
12:04:51.996,795825,49.58,250.0,0.0,0.0,200.41,0,0
12:04:52.097,795925,49.59,250.0,0.0,0.0,200.4,0,0
12:04:52.198,796025,49.49,250.0,0.0,0.0,200.5,0,0
12:04:52.296,796125,49.49,250.0,0.0,0.0,200.5,0,0
12:04:52.319,796144,49.53,250.0,0.0,0.0,200.46,0,0
12:04:52.397,796225,49.59,250.0,0.0,0.0,200.4,0,0
12:04:52.507,796325,49.52,250.0,0.0,0.0,200.47,0,0
12:04:52.600,796425,49.48,250.0,0.0,0.0,200.51,0,0
12:04:52.700,796525,49.49,250.0,0.0,0.0,200.5,0,0
12:04:52.799,796625,49.49,250.0,0.0,0.0,200.5,0,0
12:04:52.816,796644,49.51,250.0,0.0,0.0,200.48,0,0
12:04:52.896,796725,49.52,250.0,0.0,0.0,200.47,0,0
12:04:52.997,796825,49.52,250.0,0.0,0.0,200.47,0,0
12:04:53.017,796844,49.63,250.0,0.0,0.0,200.36,0,0
12:04:53.096,796925,49.72,250.0,0.0,0.0,200.27,0,0
12:04:53.196,797025,49.71,250.0,0.0,0.0,200.28,0,0
12:04:53.297,797125,49.71,250.0,0.0,0.0,200.28,0,0
12:04:53.332,797144,49.68,250.0,0.0,0.0,200.31,0,0
12:04:53.426,797225,49.65,250.0,0.0,0.0,200.34,0,0
12:04:53.499,797325,49.57,250.0,0.0,0.0,200.42,0,0
12:04:53.597,797425,49.55,250.0,0.0,0.0,200.44,0,0
12:04:53.697,797525,49.55,250.0,0.0,0.0,200.44,0,0
12:04:53.716,797544,49.54,250.0,0.0,0.0,200.45,0,0
12:04:53.797,797625,49.52,250.0,0.0,0.0,200.47,0,0
12:04:53.896,797725,49.52,250.0,0.0,0.0,200.47,0,0
12:04:53.916,797744,49.48,250.0,0.0,0.0,200.51,0,0
12:04:53.998,797825,49.44,250.0,0.0,0.0,200.55,0,0
12:04:54.097,797925,49.49,250.0,0.0,0.0,200.5,0,0
12:04:54.203,798025,49.49,250.0,0.0,0.0,200.5,0,0
12:04:54.304,798125,49.5,250.0,0.0,0.0,200.49,0,0
12:04:54.399,798225,49.5,250.0,0.0,0.0,200.49,0,0
12:04:54.416,798244,49.51,250.0,0.0,0.0,200.48,0,0
12:04:54.496,798325,49.52,250.0,0.0,0.0,200.47,0,0
12:04:54.597,798425,49.52,250.0,0.0,0.0,200.47,0,0
12:04:54.615,798444,49.58,250.0,0.0,0.0,200.41,0,0
12:04:54.697,798525,49.64,250.0,0.0,0.0,200.35,0,0
12:04:54.796,798625,49.51,250.0,0.0,0.0,200.48,0,0
12:04:54.903,798725,49.51,250.0,0.0,0.0,200.48,0,0
12:04:54.917,798744,49.5,250.0,0.0,0.0,200.49,0,0
12:04:54.998,798825,49.46,250.0,0.0,0.0,200.53,0,0
12:04:55.109,798925,49.38,250.0,0.0,0.0,200.61,0,0
12:04:55.198,799025,49.3,250.0,0.0,0.0,200.69,0,0
12:04:55.296,799125,49.3,250.0,0.0,0.0,200.69,0,0
12:04:55.315,799144,49.31,250.0,0.0,0.0,200.68,0,0
12:04:55.401,799225,49.31,250.0,0.0,0.0,200.68,0,0
12:04:55.496,799325,49.31,250.0,0.0,0.0,200.68,0,0
12:04:55.515,799344,49.3,250.0,0.0,0.0,200.69,0,0
12:04:55.596,799425,49.28,250.0,0.0,0.0,200.71,0,0
12:04:55.697,799525,49.34,250.0,0.0,0.0,200.65,0,0
12:04:55.796,799625,49.34,250.0,0.0,0.0,200.65,0,0
12:04:55.816,799644,49.34,250.0,0.0,0.0,200.65,0,0
12:04:55.899,799725,49.32,250.0,0.0,0.0,200.67,0,0
12:04:55.998,799825,49.32,250.0,0.0,0.0,200.67,0,0
12:04:56.016,799844,49.28,250.0,0.0,0.0,200.71,0,0
12:04:56.108,799925,49.23,250.0,0.0,0.0,200.76,0,0
12:04:56.196,800025,49.27,250.0,0.0,0.0,200.72,0,0
12:04:56.297,800125,49.27,250.0,0.0,0.0,200.72,0,0
12:04:56.315,800144,49.31,250.0,0.0,0.0,200.68,0,0
12:04:56.396,800225,49.32,250.0,0.0,0.0,200.67,0,0
12:04:56.496,800325,49.32,250.0,0.0,0.0,200.67,0,0
12:04:56.515,800344,49.35,250.0,0.0,0.0,200.64,0,0
12:04:56.596,800425,49.37,250.0,0.0,0.0,200.62,0,0
12:04:56.696,800525,49.37,250.0,0.0,0.0,200.62,0,0
12:04:56.796,800625,49.32,250.0,0.0,0.0,200.67,0,0
12:04:56.896,800725,49.3,250.0,0.0,0.0,200.69,0,0
12:04:57.008,800825,49.3,250.0,0.0,0.0,200.69,0,0
12:04:57.015,800844,49.31,250.0,0.0,0.0,200.68,0,0
12:04:57.096,800925,49.32,250.0,0.0,0.0,200.67,0,0
12:04:57.197,801025,49.32,250.0,0.0,0.0,200.67,0,0
12:04:57.215,801044,49.47,250.0,0.0,0.0,200.52,0,0
12:04:57.296,801125,49.58,250.0,0.0,0.0,200.41,0,0
12:04:57.396,801225,49.44,250.0,0.0,0.0,200.55,0,0
12:04:57.496,801325,49.44,250.0,0.0,0.0,200.55,0,0
12:04:57.515,801344,49.46,250.0,0.0,0.0,200.53,0,0
12:04:57.596,801425,49.47,250.0,0.0,0.0,200.52,0,0
12:04:57.702,801525,49.51,250.0,0.0,0.0,200.48,0,0
12:04:57.796,801625,49.47,250.0,0.0,0.0,200.52,0,0
12:04:57.898,801725,49.47,250.0,0.0,0.0,200.52,0,0
12:04:57.916,801744,49.54,250.0,0.0,0.0,200.45,0,0
12:04:57.996,801825,49.6,250.0,0.0,0.0,200.39,0,0
12:04:58.095,801925,49.55,250.0,0.0,0.0,200.44,0,0
12:04:58.197,802025,49.55,250.0,0.0,0.0,200.44,0,0
12:04:58.215,802044,49.48,250.0,0.0,0.0,200.51,0,0
12:04:58.296,802125,49.42,250.0,0.0,0.0,200.57,0,0
12:04:58.395,802225,49.42,250.0,0.0,0.0,200.57,0,0
12:04:58.497,802325,49.42,250.0,0.0,0.0,200.57,0,0
12:04:58.514,802344,49.44,250.0,0.0,0.0,200.55,0,0
12:04:58.597,802425,49.46,250.0,0.0,0.0,200.53,0,0
12:04:58.703,802525,49.48,250.0,0.0,0.0,200.51,0,0
12:04:58.810,802625,49.48,250.0,0.0,0.0,200.51,0,0
12:04:58.816,802643,49.48,250.0,0.0,0.0,200.51,0,0
12:04:58.897,802725,49.54,250.0,0.0,0.0,200.45,0,0
12:04:58.996,802825,49.54,250.0,0.0,0.0,200.45,0,0
12:04:59.014,802844,49.55,250.0,0.0,0.0,200.44,0,0
12:04:59.096,802925,49.58,250.0,0.0,0.0,200.41,0,0
12:04:59.195,803025,49.54,250.0,0.0,0.0,200.45,0,0
12:04:59.295,803125,49.54,250.0,0.0,0.0,200.45,0,0
12:04:59.315,803144,49.54,250.0,0.0,0.0,200.45,0,0
12:04:59.397,803225,49.55,250.0,0.0,0.0,200.44,0,0
12:04:59.496,803325,49.54,250.0,0.0,0.0,200.45,0,0
12:04:59.597,803425,49.42,250.0,0.0,0.0,200.57,0,0
12:04:59.697,803525,49.26,250.0,0.0,0.0,200.73,0,0
12:04:59.796,803625,49.26,250.0,0.0,0.0,200.73,0,0
12:04:59.815,803644,49.22,250.0,0.0,0.0,200.77,0,0
12:04:59.895,803725,49.19,250.0,0.0,0.0,200.8,0,0
12:04:59.995,803825,49.23,250.0,0.0,0.0,200.76,0,0
12:05:00.095,803925,49.27,250.0,0.0,0.0,200.72,0,0
12:05:00.195,804025,49.27,250.0,0.0,0.0,200.72,0,0
12:05:00.214,804044,49.33,250.0,0.0,0.0,200.66,0,0
12:05:00.296,804125,49.38,250.0,0.0,0.0,200.61,0,0
12:05:00.397,804225,49.36,250.0,0.0,0.0,200.63,0,0
12:05:00.498,804325,49.31,250.0,0.0,0.0,200.68,0,0
12:05:00.606,804425,49.31,250.0,0.0,0.0,200.68,0,0
12:05:00.618,804444,49.37,250.0,0.0,0.0,200.62,0,0
12:05:00.695,804525,49.44,250.0,0.0,0.0,200.55,0,0
12:05:00.795,804625,49.44,250.0,0.0,0.0,200.55,0,0
12:05:00.816,804644,49.36,250.0,0.0,0.0,200.63,0,0
12:05:00.895,804725,49.28,250.0,0.0,0.0,200.71,0,0
12:05:00.995,804825,49.28,250.0,0.0,0.0,200.71,0,0
12:05:01.013,804844,49.32,250.0,0.0,0.0,200.67,0,0
12:05:01.096,804925,49.37,250.0,0.0,0.0,200.62,0,0
12:05:01.195,805025,49.37,250.0,0.0,0.0,200.62,0,0
12:05:01.312,805125,49.37,250.0,0.0,0.0,200.62,0,0
12:05:01.318,805144,49.37,250.0,0.0,0.0,200.62,0,0
12:05:01.396,805225,49.37,250.0,0.0,0.0,200.62,0,0
12:05:01.415,805243,49.37,250.0,0.0,0.0,200.62,0,0
12:05:01.498,805325,49.45,250.0,0.0,0.0,200.54,0,0
12:05:01.595,805425,49.44,250.0,0.0,0.0,200.55,0,0
12:05:01.695,805525,49.36,250.0,0.0,0.0,200.63,0,0
12:05:01.794,805625,49.26,250.0,0.0,0.0,200.73,0,0
12:05:01.895,805725,49.26,250.0,0.0,0.0,200.73,0,0
12:05:01.914,805744,49.22,250.0,0.0,0.0,200.77,0,0
12:05:01.995,805825,49.19,250.0,0.0,0.0,200.8,0,0
12:05:02.095,805925,49.23,250.0,0.0,0.0,200.76,0,0
12:05:02.213,806025,49.24,250.0,0.0,0.0,200.75,0,0
12:05:02.296,806125,49.24,250.0,0.0,0.0,200.75,0,0
12:05:02.317,806144,49.21,250.0,0.0,0.0,200.78,0,0
12:05:02.395,806225,49.17,250.0,0.0,0.0,200.82,0,0
12:05:02.495,806325,49.12,250.0,0.0,0.0,200.87,0,0
12:05:02.595,806425,49.14,250.0,0.0,0.0,200.85,0,0
12:05:02.694,806525,49.14,250.0,0.0,0.0,200.85,0,0
12:05:02.714,806544,49.24,250.0,0.0,0.0,200.75,0,0
12:05:02.796,806625,49.33,250.0,0.0,0.0,200.66,0,0
12:05:02.895,806725,49.33,250.0,0.0,0.0,200.66,0,0
12:05:02.914,806744,49.33,250.0,0.0,0.0,200.66,0,0
12:05:03.033,806825,49.34,250.0,0.0,0.0,200.65,0,0
12:05:03.137,806925,49.34,250.0,0.0,0.0,200.65,0,0
12:05:03.141,806943,49.34,250.0,0.0,0.0,200.65,0,0
12:05:03.206,807025,49.37,250.0,0.0,0.0,200.62,0,0
12:05:03.299,807125,49.37,250.0,0.0,0.0,200.62,0,0
12:05:03.313,807144,49.34,250.0,0.0,0.0,200.65,0,0
12:05:03.395,807225,49.32,250.0,0.0,0.0,200.67,0,0
12:05:03.494,807325,49.32,250.0,0.0,0.0,200.67,0,0
12:05:03.513,807344,49.45,250.0,0.0,0.0,200.54,0,0
12:05:03.595,807425,49.57,250.0,0.0,0.0,200.42,0,0
12:05:03.695,807525,49.42,250.0,0.0,0.0,200.57,0,0
12:05:03.794,807625,49.29,250.0,0.0,0.0,200.7,0,0
12:05:03.896,807725,49.12,250.0,0.0,0.0,200.87,0,0
12:05:03.994,807825,49.12,250.0,0.0,0.0,200.87,0,0
12:05:04.013,807844,49.17,250.0,0.0,0.0,200.82,0,0
12:05:04.100,807925,49.21,250.0,0.0,0.0,200.78,0,0
12:05:04.195,808025,49.23,250.0,0.0,0.0,200.76,0,0
12:05:04.294,808125,49.23,250.0,0.0,0.0,200.76,0,0
12:05:04.317,808144,49.27,250.0,0.0,0.0,200.72,0,0
12:05:04.394,808225,49.3,250.0,0.0,0.0,200.69,0,0
12:05:04.494,808325,49.3,250.0,0.0,0.0,200.69,0,0
12:05:04.513,808344,49.31,250.0,0.0,0.0,200.68,0,0
12:05:04.594,808425,49.32,250.0,0.0,0.0,200.67,0,0
12:05:04.694,808525,49.27,250.0,0.0,0.0,200.72,0,0
12:05:04.798,808625,49.27,250.0,0.0,0.0,200.72,0,0
12:05:04.818,808644,49.41,250.0,0.0,0.0,200.58,0,0
12:05:04.895,808725,49.53,250.0,0.0,0.0,200.46,0,0
12:05:04.994,808825,49.51,250.0,0.0,0.0,200.48,0,0
12:05:05.094,808925,49.42,250.0,0.0,0.0,200.57,0,0
12:05:05.194,809025,49.42,250.0,0.0,0.0,200.57,0,0
12:05:05.294,809125,49.42,250.0,0.0,0.0,200.57,0,0
12:05:05.395,809225,49.44,250.0,0.0,0.0,200.55,0,0
12:05:05.494,809325,49.44,250.0,0.0,0.0,200.55,0,0
12:05:05.513,809344,49.48,250.0,0.0,0.0,200.51,0,0
12:05:05.595,809425,49.52,250.0,0.0,0.0,200.47,0,0
12:05:05.694,809525,49.53,250.0,0.0,0.0,200.46,0,0
12:05:05.798,809625,49.52,250.0,0.0,0.0,200.47,0,0
12:05:05.895,809725,49.4,250.0,0.0,0.0,200.59,0,0
12:05:06.000,809825,49.42,250.0,0.0,0.0,200.57,0,0
12:05:06.094,809925,49.42,250.0,0.0,0.0,200.57,0,0
12:05:06.113,809944,49.42,250.0,0.0,0.0,200.57,0,0
12:05:06.194,810025,49.41,250.0,0.0,0.0,200.58,0,0
12:05:06.295,810125,49.36,250.0,0.0,0.0,200.63,0,0
12:05:06.394,810225,49.36,250.0,0.0,0.0,200.63,0,0
12:05:06.415,810244,49.41,250.0,0.0,0.0,200.58,0,0
12:05:06.494,810325,49.43,250.0,0.0,0.0,200.56,0,0
12:05:06.600,810425,49.35,250.0,0.0,0.0,200.64,0,0
12:05:06.699,810525,49.28,250.0,0.0,0.0,200.71,0,0
12:05:06.796,810625,49.24,250.0,0.0,0.0,200.75,0,0
12:05:06.897,810725,49.23,250.0,0.0,0.0,200.76,0,0
12:05:06.994,810825,49.23,250.0,0.0,0.0,200.76,0,0
12:05:07.012,810844,49.22,250.0,0.0,0.0,200.77,0,0
12:05:07.094,810925,49.21,250.0,0.0,0.0,200.78,0,0
12:05:07.193,811025,49.21,250.0,0.0,0.0,200.78,0,0
12:05:07.212,811044,49.25,250.0,0.0,0.0,200.74,0,0
12:05:07.296,811125,49.31,250.0,0.0,0.0,200.68,0,0
12:05:07.394,811225,49.22,250.0,0.0,0.0,200.77,0,0
12:05:07.504,811325,49.16,250.0,0.0,0.0,200.83,0,0
12:05:07.599,811425,49.16,250.0,0.0,0.0,200.83,0,0
12:05:07.615,811444,49.15,250.0,0.0,0.0,200.84,0,0
12:05:07.694,811525,49.15,250.0,0.0,0.0,200.84,0,0
12:05:07.793,811625,49.17,250.0,0.0,0.0,200.82,0,0
12:05:07.894,811725,49.14,250.0,0.0,0.0,200.85,0,0
12:05:07.997,811825,49.14,250.0,0.0,0.0,200.85,0,0
12:05:08.013,811844,49.17,250.0,0.0,0.0,200.82,0,0
12:05:08.093,811925,49.21,250.0,0.0,0.0,200.78,0,0
12:05:08.193,812025,49.23,250.0,0.0,0.0,200.76,0,0
12:05:08.294,812125,49.23,250.0,0.0,0.0,200.76,0,0
12:05:08.317,812143,49.23,250.0,0.0,0.0,200.76,0,0
12:05:08.395,812225,49.19,250.0,0.0,0.0,200.8,0,0
12:05:08.495,812325,49.19,250.0,0.0,0.0,200.8,0,0
12:05:08.512,812344,49.21,250.0,0.0,0.0,200.78,0,0
12:05:08.594,812425,49.23,250.0,0.0,0.0,200.76,0,0
12:05:08.693,812525,49.23,250.0,0.0,0.0,200.76,0,0
12:05:08.714,812544,49.24,250.0,0.0,0.0,200.75,0,0
12:05:08.794,812625,49.28,250.0,0.0,0.0,200.71,0,0
12:05:08.893,812725,49.29,250.0,0.0,0.0,200.7,0,0
12:05:08.994,812825,49.32,250.0,0.0,0.0,200.67,0,0
12:05:09.094,812925,49.32,250.0,0.0,0.0,200.67,0,0
12:05:09.113,812944,49.38,250.0,0.0,0.0,200.61,0,0
12:05:09.194,813025,49.43,250.0,0.0,0.0,200.56,0,0
12:05:09.295,813125,49.43,250.0,0.0,0.0,200.56,0,0
12:05:09.315,813144,49.4,250.0,0.0,0.0,200.59,0,0
12:05:09.415,813225,49.37,250.0,0.0,0.0,200.62,0,0
12:05:09.493,813325,49.32,250.0,0.0,0.0,200.67,0,0
12:05:09.596,813425,49.28,250.0,0.0,0.0,200.71,0,0
12:05:09.692,813525,49.26,250.0,0.0,0.0,200.73,0,0
12:05:09.793,813625,49.26,250.0,0.0,0.0,200.73,0,0
12:05:09.811,813643,49.26,250.0,0.0,0.0,200.73,0,0
12:05:09.893,813725,49.26,250.0,0.0,0.0,200.73,0,0
12:05:09.912,813744,49.35,250.0,0.0,0.0,200.64,0,0
12:05:09.993,813825,49.42,250.0,0.0,0.0,200.57,0,0
12:05:10.096,813925,49.42,250.0,0.0,0.0,200.57,0,0
12:05:10.196,814025,49.42,250.0,0.0,0.0,200.57,0,0
12:05:10.212,814044,49.44,250.0,0.0,0.0,200.55,0,0
12:05:10.299,814125,49.48,250.0,0.0,0.0,200.51,0,0
12:05:10.393,814225,49.45,250.0,0.0,0.0,200.54,0,0
12:05:10.493,814325,49.34,250.0,0.0,0.0,200.65,0,0
12:05:10.593,814425,49.37,250.0,0.0,0.0,200.62,0,0
12:05:10.692,814525,49.37,250.0,0.0,0.0,200.62,0,0
12:05:10.793,814625,49.39,250.0,0.0,0.0,200.6,0,0
12:05:10.893,814725,49.34,250.0,0.0,0.0,200.65,0,0
12:05:10.994,814825,49.34,250.0,0.0,0.0,200.65,0,0
12:05:11.014,814844,49.35,250.0,0.0,0.0,200.64,0,0
12:05:11.098,814925,49.37,250.0,0.0,0.0,200.62,0,0
12:05:11.200,815025,49.32,250.0,0.0,0.0,200.67,0,0
12:05:11.306,815125,49.28,250.0,0.0,0.0,200.71,0,0
12:05:11.395,815225,49.28,250.0,0.0,0.0,200.71,0,0
12:05:11.411,815243,49.28,250.0,0.0,0.0,200.71,0,0
12:05:11.492,815325,49.34,250.0,0.0,0.0,200.65,0,0
12:05:11.593,815425,49.37,250.0,0.0,0.0,200.62,0,0
12:05:11.692,815525,49.32,250.0,0.0,0.0,200.67,0,0
12:05:11.792,815625,49.32,250.0,0.0,0.0,200.67,0,0
12:05:11.811,815644,49.37,250.0,0.0,0.0,200.62,0,0
12:05:11.892,815725,49.4,250.0,0.0,0.0,200.59,0,0
12:05:11.993,815825,49.42,250.0,0.0,0.0,200.57,0,0
12:05:12.098,815925,49.42,250.0,0.0,0.0,200.57,0,0
12:05:12.112,815944,49.47,250.0,0.0,0.0,200.52,0,0
12:05:12.192,816025,49.51,250.0,0.0,0.0,200.48,0,0
12:05:12.295,816125,49.52,250.0,0.0,0.0,200.47,0,0
12:05:12.392,816225,49.53,250.0,0.0,0.0,200.46,0,0
12:05:12.491,816325,49.53,250.0,0.0,0.0,200.46,0,0
12:05:12.512,816343,49.53,250.0,0.0,0.0,200.46,0,0
12:05:12.592,816425,49.56,250.0,0.0,0.0,200.43,0,0
12:05:12.693,816525,49.57,250.0,0.0,0.0,200.42,0,0
12:05:12.792,816625,49.57,250.0,0.0,0.0,200.42,0,0
12:05:12.811,816644,49.6,250.0,0.0,0.0,200.39,0,0
12:05:12.899,816725,49.65,250.0,0.0,0.0,200.34,0,0
12:05:12.999,816825,49.62,250.0,0.0,0.0,200.37,0,0
12:05:13.092,816925,49.55,250.0,0.0,0.0,200.44,0,0
12:05:13.196,817025,49.55,250.0,0.0,0.0,200.44,0,0
12:05:13.214,817044,49.53,250.0,0.0,0.0,200.46,0,0
12:05:13.292,817125,49.52,250.0,0.0,0.0,200.47,0,0
12:05:13.392,817225,49.52,250.0,0.0,0.0,200.47,0,0
12:05:13.412,817244,49.58,250.0,0.0,0.0,200.41,0,0
12:05:13.492,817325,49.63,250.0,0.0,0.0,200.36,0,0
12:05:13.592,817425,49.61,250.0,0.0,0.0,200.38,0,0
12:05:13.691,817525,49.61,250.0,0.0,0.0,200.38,0,0
12:05:13.710,817544,49.63,250.0,0.0,0.0,200.36,0,0
12:05:13.807,817625,49.66,250.0,0.0,0.0,200.33,0,0
12:05:13.895,817725,49.58,250.0,0.0,0.0,200.41,0,0
12:05:13.993,817825,49.53,250.0,0.0,0.0,200.46,0,0
12:05:14.092,817925,49.53,250.0,0.0,0.0,200.46,0,0
12:05:14.192,818025,49.47,250.0,0.0,0.0,200.52,0,0
12:05:14.292,818125,49.46,250.0,0.0,0.0,200.53,0,0
12:05:14.392,818225,49.46,250.0,0.0,0.0,200.53,0,0
12:05:14.411,818244,49.47,250.0,0.0,0.0,200.52,0,0
12:05:14.492,818325,49.51,250.0,0.0,0.0,200.48,0,0
12:05:14.592,818425,49.51,250.0,0.0,0.0,200.48,0,0
12:05:14.610,818443,49.51,250.0,0.0,0.0,200.48,0,0
12:05:14.692,818525,49.6,250.0,0.0,0.0,200.39,0,0
12:05:14.795,818625,49.55,250.0,0.0,0.0,200.44,0,0
12:05:14.892,818725,49.43,250.0,0.0,0.0,200.56,0,0
12:05:14.992,818825,49.43,250.0,0.0,0.0,200.56,0,0
12:05:15.011,818844,49.4,250.0,0.0,0.0,200.59,0,0
12:05:15.093,818925,49.37,250.0,0.0,0.0,200.62,0,0
12:05:15.192,819025,49.32,250.0,0.0,0.0,200.67,0,0
12:05:15.292,819125,49.32,250.0,0.0,0.0,200.67,0,0
12:05:15.310,819144,49.4,250.0,0.0,0.0,200.59,0,0
12:05:15.392,819225,49.48,250.0,0.0,0.0,200.51,0,0
12:05:15.491,819325,49.49,250.0,0.0,0.0,200.5,0,0
12:05:15.608,819425,49.49,250.0,0.0,0.0,200.5,0,0
12:05:15.621,819443,49.49,250.0,0.0,0.0,200.5,0,0
12:05:15.699,819525,49.55,250.0,0.0,0.0,200.44,0,0
12:05:15.794,819625,49.48,250.0,0.0,0.0,200.51,0,0
12:05:15.891,819725,49.5,250.0,0.0,0.0,200.49,0,0
12:05:15.991,819825,49.5,250.0,0.0,0.0,200.49,0,0
12:05:16.010,819844,49.49,250.0,0.0,0.0,200.5,0,0
12:05:16.091,819925,49.49,250.0,0.0,0.0,200.5,0,0
12:05:16.110,819943,49.49,250.0,0.0,0.0,200.5,0,0
12:05:16.191,820025,49.53,250.0,0.0,0.0,200.46,0,0
12:05:16.291,820125,49.53,250.0,0.0,0.0,200.46,0,0
12:05:16.311,820144,49.61,250.0,0.0,0.0,200.38,0,0
12:05:16.391,820225,49.68,250.0,0.0,0.0,200.31,0,0
12:05:16.494,820325,49.68,250.0,0.0,0.0,200.31,0,0
12:05:16.598,820425,49.67,250.0,0.0,0.0,200.32,0,0
12:05:16.695,820525,49.57,250.0,0.0,0.0,200.42,0,0
12:05:16.793,820625,49.5,250.0,0.0,0.0,200.49,0,0
12:05:16.891,820725,49.38,250.0,0.0,0.0,200.61,0,0
12:05:16.990,820825,49.38,250.0,0.0,0.0,200.61,0,0
12:05:17.012,820844,49.43,250.0,0.0,0.0,200.56,0,0
12:05:17.091,820925,49.48,250.0,0.0,0.0,200.51,0,0
12:05:17.191,821025,49.44,250.0,0.0,0.0,200.55,0,0
12:05:17.291,821125,49.44,250.0,0.0,0.0,200.55,0,0
12:05:17.310,821144,49.46,250.0,0.0,0.0,200.53,0,0
12:05:17.405,821225,49.48,250.0,0.0,0.0,200.51,0,0
12:05:17.493,821325,49.47,250.0,0.0,0.0,200.52,0,0
12:05:17.591,821425,49.36,250.0,0.0,0.0,200.63,0,0
12:05:17.696,821525,49.36,250.0,0.0,0.0,200.63,0,0
12:05:17.715,821543,49.36,250.0,0.0,0.0,200.63,0,0
12:05:17.791,821625,49.41,250.0,0.0,0.0,200.58,0,0
12:05:17.892,821725,49.45,250.0,0.0,0.0,200.54,0,0
12:05:17.991,821825,49.45,250.0,0.0,0.0,200.54,0,0
12:05:18.011,821844,49.45,250.0,0.0,0.0,200.54,0,0
12:05:18.091,821925,49.45,250.0,0.0,0.0,200.54,0,0
12:05:18.109,821944,49.44,250.0,0.0,0.0,200.55,0,0
12:05:18.191,822025,49.43,250.0,0.0,0.0,200.56,0,0
12:05:18.291,822125,49.43,250.0,0.0,0.0,200.56,0,0
12:05:18.312,822143,49.43,250.0,0.0,0.0,200.56,0,0
12:05:18.396,822225,49.4,250.0,0.0,0.0,200.59,0,0
12:05:18.492,822325,49.4,250.0,0.0,0.0,200.59,0,0
12:05:18.527,822344,49.47,250.0,0.0,0.0,200.52,0,0
12:05:18.591,822425,49.54,250.0,0.0,0.0,200.45,0,0
12:05:18.690,822525,49.47,250.0,0.0,0.0,200.52,0,0
12:05:18.791,822625,49.47,250.0,0.0,0.0,200.52,0,0
12:05:18.810,822643,49.47,250.0,0.0,0.0,200.52,0,0
12:05:18.892,822725,49.36,250.0,0.0,0.0,200.63,0,0
12:05:18.991,822825,49.39,250.0,0.0,0.0,200.6,0,0
12:05:19.090,822925,49.39,250.0,0.0,0.0,200.6,0,0
12:05:19.110,822944,49.46,250.0,0.0,0.0,200.53,0,0
12:05:19.190,823025,49.46,250.0,0.0,0.0,200.53,0,0
12:05:19.210,823044,49.55,250.0,0.0,0.0,200.44,0,0
12:05:19.302,823125,49.61,250.0,0.0,0.0,200.38,0,0
12:05:19.409,823225,49.58,250.0,0.0,0.0,200.41,0,0
12:05:19.490,823325,49.58,250.0,0.0,0.0,200.41,0,0
12:05:19.508,823344,49.54,250.0,0.0,0.0,200.45,0,0
12:05:19.591,823425,49.5,250.0,0.0,0.0,200.49,0,0
12:05:19.690,823525,49.43,250.0,0.0,0.0,200.56,0,0
12:05:19.791,823625,49.35,250.0,0.0,0.0,200.64,0,0
12:05:19.891,823725,49.33,250.0,0.0,0.0,200.66,0,0
12:05:19.998,823825,49.33,250.0,0.0,0.0,200.66,0,0
12:05:20.013,823844,49.38,250.0,0.0,0.0,200.61,0,0
12:05:20.091,823925,49.43,250.0,0.0,0.0,200.56,0,0
12:05:20.198,824025,49.43,250.0,0.0,0.0,200.56,0,0
12:05:20.290,824125,49.43,250.0,0.0,0.0,200.56,0,0
12:05:20.310,824144,49.37,250.0,0.0,0.0,200.62,0,0
12:05:20.391,824225,49.35,250.0,0.0,0.0,200.64,0,0
12:05:20.490,824325,49.33,250.0,0.0,0.0,200.66,0,0
12:05:20.590,824425,49.23,250.0,0.0,0.0,200.76,0,0
12:05:20.690,824525,49.23,250.0,0.0,0.0,200.76,0,0
12:05:20.709,824544,49.22,250.0,0.0,0.0,200.77,0,0
12:05:20.810,824625,49.21,250.0,0.0,0.0,200.78,0,0
12:05:20.895,824725,49.21,250.0,0.0,0.0,200.78,0,0
12:05:20.909,824743,49.21,250.0,0.0,0.0,200.78,0,0
12:05:20.993,824825,49.12,250.0,0.0,0.0,200.87,0,0
12:05:21.095,824925,49.1,250.0,0.0,0.0,200.89,0,0
12:05:21.190,825025,49.1,250.0,0.0,0.0,200.89,0,0
12:05:21.210,825044,49.18,250.0,0.0,0.0,200.81,0,0
12:05:21.290,825125,49.25,250.0,0.0,0.0,200.74,0,0
12:05:21.390,825225,49.18,250.0,0.0,0.0,200.81,0,0
12:05:21.490,825325,49.2,250.0,0.0,0.0,200.79,0,0
12:05:21.590,825425,49.2,250.0,0.0,0.0,200.79,0,0
12:05:21.608,825444,49.29,250.0,0.0,0.0,200.7,0,0
12:05:21.691,825525,49.38,250.0,0.0,0.0,200.61,0,0
12:05:21.802,825625,49.4,250.0,0.0,0.0,200.59,0,0
12:05:21.890,825725,49.4,250.0,0.0,0.0,200.59,0,0
12:05:21.910,825744,49.45,250.0,0.0,0.0,200.54,0,0
12:05:21.990,825825,49.49,250.0,0.0,0.0,200.5,0,0
12:05:22.090,825925,49.38,250.0,0.0,0.0,200.61,0,0
12:05:22.190,826025,49.38,250.0,0.0,0.0,200.61,0,0
12:05:22.289,826125,49.33,250.0,0.0,0.0,200.66,0,0
12:05:22.390,826225,49.33,250.0,0.0,0.0,200.66,0,0
12:05:22.408,826243,49.33,250.0,0.0,0.0,200.66,0,0
12:05:22.490,826325,49.33,250.0,0.0,0.0,200.66,0,0
12:05:22.590,826425,49.33,250.0,0.0,0.0,200.66,0,0
12:05:22.609,826444,49.44,250.0,0.0,0.0,200.55,0,0
12:05:22.691,826525,49.5,250.0,0.0,0.0,200.49,0,0
12:05:22.789,826625,49.5,250.0,0.0,0.0,200.49,0,0
12:05:22.809,826644,49.49,250.0,0.0,0.0,200.5,0,0
12:05:22.890,826725,49.48,250.0,0.0,0.0,200.51,0,0
12:05:22.991,826825,49.42,250.0,0.0,0.0,200.57,0,0
12:05:23.089,826925,49.31,250.0,0.0,0.0,200.68,0,0
12:05:23.190,827025,49.31,250.0,0.0,0.0,200.68,0,0
12:05:23.210,827044,49.47,250.0,0.0,0.0,200.52,0,0
12:05:23.289,827125,49.6,250.0,0.0,0.0,200.39,0,0
12:05:23.391,827225,49.6,250.0,0.0,0.0,200.39,0,0
12:05:23.410,827244,49.56,250.0,0.0,0.0,200.43,0,0
12:05:23.494,827325,49.51,250.0,0.0,0.0,200.48,0,0
12:05:23.624,827425,49.5,250.0,0.0,0.0,200.49,0,0
12:05:23.689,827525,49.5,250.0,0.0,0.0,200.49,0,0
12:05:23.708,827544,49.56,250.0,0.0,0.0,200.43,0,0
12:05:23.790,827625,49.62,250.0,0.0,0.0,200.37,0,0
12:05:23.889,827725,49.47,250.0,0.0,0.0,200.52,0,0
12:05:23.989,827825,49.47,250.0,0.0,0.0,200.52,0,0
12:05:24.009,827843,49.47,250.0,0.0,0.0,200.52,0,0
12:05:24.089,827925,49.48,250.0,0.0,0.0,200.51,0,0
12:05:24.190,828025,49.4,250.0,0.0,0.0,200.59,0,0
12:05:24.291,828125,49.4,250.0,0.0,0.0,200.59,0,0
12:05:24.319,828144,49.44,250.0,0.0,0.0,200.55,0,0
12:05:24.394,828225,49.49,250.0,0.0,0.0,200.5,0,0
12:05:24.494,828325,49.37,250.0,0.0,0.0,200.62,0,0
12:05:24.590,828425,49.37,250.0,0.0,0.0,200.62,0,0
12:05:24.690,828525,49.37,250.0,0.0,0.0,200.62,0,0
12:05:24.789,828625,49.3,250.0,0.0,0.0,200.69,0,0
12:05:24.889,828725,49.3,250.0,0.0,0.0,200.69,0,0
12:05:24.908,828744,49.38,250.0,0.0,0.0,200.61,0,0
12:05:24.989,828825,49.43,250.0,0.0,0.0,200.56,0,0
12:05:25.089,828925,49.37,250.0,0.0,0.0,200.62,0,0
12:05:25.197,829025,49.37,250.0,0.0,0.0,200.62,0,0
12:05:25.208,829044,49.42,250.0,0.0,0.0,200.57,0,0
12:05:25.290,829125,49.47,250.0,0.0,0.0,200.52,0,0
12:05:25.400,829225,49.43,250.0,0.0,0.0,200.56,0,0
12:05:25.489,829325,49.45,250.0,0.0,0.0,200.54,0,0
12:05:25.588,829425,49.45,250.0,0.0,0.0,200.54,0,0
12:05:25.608,829443,49.45,250.0,0.0,0.0,200.54,0,0
12:05:25.690,829525,49.4,250.0,0.0,0.0,200.59,0,0
12:05:25.789,829625,49.34,250.0,0.0,0.0,200.65,0,0
12:05:25.889,829725,49.34,250.0,0.0,0.0,200.65,0,0
12:05:25.908,829744,49.32,250.0,0.0,0.0,200.67,0,0
12:05:25.989,829825,49.33,250.0,0.0,0.0,200.66,0,0
12:05:26.115,829925,49.36,250.0,0.0,0.0,200.63,0,0
12:05:26.193,830025,49.36,250.0,0.0,0.0,200.63,0,0
12:05:26.212,830044,49.41,250.0,0.0,0.0,200.58,0,0
12:05:26.289,830125,49.45,250.0,0.0,0.0,200.54,0,0
12:05:26.389,830225,49.35,250.0,0.0,0.0,200.64,0,0
12:05:26.488,830325,49.3,250.0,0.0,0.0,200.69,0,0
12:05:26.589,830425,49.3,250.0,0.0,0.0,200.69,0,0
12:05:26.608,830444,49.36,250.0,0.0,0.0,200.63,0,0
12:05:26.690,830525,49.41,250.0,0.0,0.0,200.58,0,0
12:05:26.791,830625,49.3,250.0,0.0,0.0,200.69,0,0
12:05:26.916,830725,49.3,250.0,0.0,0.0,200.69,0,0
12:05:26.999,830744,49.36,250.0,0.0,0.0,200.63,0,0
12:05:27.016,830825,49.41,250.0,0.0,0.0,200.58,0,0
12:05:27.089,830925,49.41,250.0,0.0,0.0,200.58,0,0
12:05:27.111,830944,49.43,250.0,0.0,0.0,200.56,0,0
12:05:27.189,831025,49.45,250.0,0.0,0.0,200.54,0,0
12:05:27.289,831125,49.42,250.0,0.0,0.0,200.57,0,0
12:05:27.389,831225,49.36,250.0,0.0,0.0,200.63,0,0
12:05:27.489,831325,49.36,250.0,0.0,0.0,200.63,0,0
12:05:27.508,831344,49.46,250.0,0.0,0.0,200.53,0,0
12:05:27.589,831425,49.55,250.0,0.0,0.0,200.44,0,0
12:05:27.688,831525,49.56,250.0,0.0,0.0,200.43,0,0
12:05:27.793,831625,49.62,250.0,0.0,0.0,200.37,0,0
12:05:27.899,831725,49.62,250.0,0.0,0.0,200.37,0,0
12:05:27.906,831744,49.72,250.0,0.0,0.0,200.27,0,0
12:05:27.989,831825,49.81,250.0,0.0,0.0,200.18,0,0
12:05:28.088,831925,49.76,250.0,0.0,0.0,200.23,0,0
12:05:28.188,832025,49.76,250.0,0.0,0.0,200.23,0,0
12:05:28.206,832044,49.8,250.0,0.0,0.0,200.19,0,0
12:05:28.288,832125,49.83,250.0,0.0,0.0,200.16,0,0
12:05:28.387,832225,49.66,250.0,0.0,0.0,200.33,0,0
12:05:28.488,832325,49.66,250.0,0.0,0.0,200.33,0,0
12:05:28.506,832344,49.68,250.0,0.0,0.0,200.31,0,0
12:05:28.588,832425,49.67,250.0,0.0,0.0,200.32,0,0
12:05:28.696,832525,49.64,250.0,0.0,0.0,200.35,0,0
12:05:28.788,832625,49.64,250.0,0.0,0.0,200.35,0,0
12:05:28.888,832725,49.59,250.0,0.0,0.0,200.4,0,0
12:05:28.988,832825,49.52,250.0,0.0,0.0,200.47,0,0
12:05:29.088,832925,49.52,250.0,0.0,0.0,200.47,0,0
12:05:29.108,832944,49.5,250.0,0.0,0.0,200.49,0,0
12:05:29.188,833025,49.49,250.0,0.0,0.0,200.5,0,0
12:05:29.288,833125,49.48,250.0,0.0,0.0,200.51,0,0
12:05:29.415,833225,49.47,250.0,0.0,0.0,200.52,0,0
12:05:29.493,833325,49.47,250.0,0.0,0.0,200.52,0,0
12:05:29.507,833344,49.53,250.0,0.0,0.0,200.46,0,0
12:05:29.588,833425,49.59,250.0,0.0,0.0,200.4,0,0
12:05:29.688,833525,49.57,250.0,0.0,0.0,200.42,0,0
12:05:29.788,833625,49.5,250.0,0.0,0.0,200.49,0,0
12:05:29.889,833725,49.44,250.0,0.0,0.0,200.55,0,0
12:05:29.990,833825,49.44,250.0,0.0,0.0,200.55,0,0
12:05:30.007,833844,49.46,250.0,0.0,0.0,200.53,0,0
12:05:30.091,833925,49.47,250.0,0.0,0.0,200.52,0,0
12:05:30.188,834025,49.44,250.0,0.0,0.0,200.55,0,0
12:05:30.290,834125,49.38,250.0,0.0,0.0,200.61,0,0
12:05:30.388,834225,49.33,250.0,0.0,0.0,200.66,0,0
12:05:30.488,834325,49.33,250.0,0.0,0.0,200.66,0,0
12:05:30.507,834344,49.41,250.0,0.0,0.0,200.58,0,0
12:05:30.587,834425,49.48,250.0,0.0,0.0,200.51,0,0
12:05:30.688,834525,49.45,250.0,0.0,0.0,200.54,0,0
12:05:30.788,834625,49.39,250.0,0.0,0.0,200.6,0,0
12:05:30.889,834725,49.39,250.0,0.0,0.0,200.6,0,0
12:05:30.907,834744,49.44,250.0,0.0,0.0,200.55,0,0
12:05:31.002,834825,49.48,250.0,0.0,0.0,200.51,0,0
12:05:31.088,834925,49.52,250.0,0.0,0.0,200.47,0,0
12:05:31.191,835025,49.52,250.0,0.0,0.0,200.47,0,0
12:05:31.206,835044,49.45,250.0,0.0,0.0,200.54,0,0
12:05:31.287,835125,49.4,250.0,0.0,0.0,200.59,0,0
12:05:31.388,835225,49.4,250.0,0.0,0.0,200.59,0,0
12:05:31.406,835243,49.4,250.0,0.0,0.0,200.59,0,0
12:05:31.488,835325,49.34,250.0,0.0,0.0,200.65,0,0
12:05:31.588,835425,49.4,250.0,0.0,0.0,200.59,0,0
12:05:31.689,835525,49.4,250.0,0.0,0.0,200.59,0,0
12:05:31.705,835544,49.47,250.0,0.0,0.0,200.52,0,0
12:05:31.791,835625,49.56,250.0,0.0,0.0,200.43,0,0
12:05:31.900,835725,49.54,250.0,0.0,0.0,200.45,0,0
12:05:31.987,835825,49.54,250.0,0.0,0.0,200.45,0,0
12:05:32.007,835844,49.6,250.0,0.0,0.0,200.39,0,0
12:05:32.086,835925,49.65,250.0,0.0,0.0,200.34,0,0
12:05:32.190,836025,49.57,250.0,0.0,0.0,200.42,0,0
12:05:32.287,836125,49.43,250.0,0.0,0.0,200.56,0,0
12:05:32.387,836225,49.43,250.0,0.0,0.0,200.56,0,0
12:05:32.407,836243,49.43,250.0,0.0,0.0,200.56,0,0
12:05:32.487,836325,49.52,250.0,0.0,0.0,200.47,0,0
12:05:32.589,836425,49.43,250.0,0.0,0.0,200.56,0,0
12:05:32.692,836525,49.43,250.0,0.0,0.0,200.56,0,0
12:05:32.714,836544,49.47,250.0,0.0,0.0,200.52,0,0
12:05:32.792,836625,49.51,250.0,0.0,0.0,200.48,0,0
12:05:32.888,836725,49.42,250.0,0.0,0.0,200.57,0,0
12:05:32.988,836825,49.42,250.0,0.0,0.0,200.57,0,0
12:05:33.006,836843,49.42,250.0,0.0,0.0,200.57,0,0
12:05:33.086,836925,49.39,250.0,0.0,0.0,200.6,0,0
12:05:33.187,837025,49.34,250.0,0.0,0.0,200.65,0,0
12:05:33.287,837125,49.34,250.0,0.0,0.0,200.65,0,0
12:05:33.306,837144,49.29,250.0,0.0,0.0,200.7,0,0
12:05:33.386,837225,49.25,250.0,0.0,0.0,200.74,0,0
12:05:33.552,837325,49.29,250.0,0.0,0.0,200.7,0,0
12:05:33.590,837425,49.25,250.0,0.0,0.0,200.74,0,0
12:05:33.687,837525,49.21,250.0,0.0,0.0,200.78,0,0
12:05:33.787,837625,49.21,250.0,0.0,0.0,200.78,0,0
12:05:33.806,837644,49.28,250.0,0.0,0.0,200.71,0,0
12:05:33.887,837725,49.34,250.0,0.0,0.0,200.65,0,0
12:05:33.987,837825,49.29,250.0,0.0,0.0,200.7,0,0
12:05:34.087,837925,49.29,250.0,0.0,0.0,200.7,0,0
12:05:34.106,837944,49.35,250.0,0.0,0.0,200.64,0,0
12:05:34.187,838025,49.4,250.0,0.0,0.0,200.59,0,0
12:05:34.304,838125,49.42,250.0,0.0,0.0,200.57,0,0
12:05:34.389,838225,49.37,250.0,0.0,0.0,200.62,0,0
12:05:34.487,838325,49.37,250.0,0.0,0.0,200.62,0,0
12:05:34.506,838343,49.37,250.0,0.0,0.0,200.62,0,0
12:05:34.587,838425,49.44,250.0,0.0,0.0,200.55,0,0
12:05:34.686,838525,49.44,250.0,0.0,0.0,200.55,0,0
12:05:34.705,838544,49.51,250.0,0.0,0.0,200.48,0,0
12:05:34.787,838625,49.57,250.0,0.0,0.0,200.42,0,0
12:05:34.887,838725,49.55,250.0,0.0,0.0,200.44,0,0
12:05:34.988,838825,49.56,250.0,0.0,0.0,200.43,0,0
12:05:35.087,838925,49.56,250.0,0.0,0.0,200.43,0,0
12:05:35.127,838944,49.52,250.0,0.0,0.0,200.47,0,0
12:05:35.187,839025,49.45,250.0,0.0,0.0,200.54,0,0
12:05:35.287,839125,49.44,250.0,0.0,0.0,200.55,0,0
12:05:35.386,839225,49.44,250.0,0.0,0.0,200.55,0,0
12:05:35.406,839244,49.46,250.0,0.0,0.0,200.53,0,0
12:05:35.487,839325,49.48,250.0,0.0,0.0,200.51,0,0
12:05:35.586,839425,49.44,250.0,0.0,0.0,200.55,0,0
12:05:35.687,839525,49.33,250.0,0.0,0.0,200.66,0,0
12:05:35.786,839625,49.33,250.0,0.0,0.0,200.66,0,0
12:05:35.805,839644,49.39,250.0,0.0,0.0,200.6,0,0
12:05:35.903,839725,49.44,250.0,0.0,0.0,200.55,0,0
12:05:35.990,839825,49.38,250.0,0.0,0.0,200.61,0,0
12:05:36.088,839925,49.38,250.0,0.0,0.0,200.61,0,0
12:05:36.105,839943,49.38,250.0,0.0,0.0,200.61,0,0
12:05:36.186,840025,49.43,250.0,0.0,0.0,200.56,0,0
12:05:36.287,840125,49.3,250.0,0.0,0.0,200.69,0,0
12:05:36.386,840225,49.3,250.0,0.0,0.0,200.69,0,0
12:05:36.405,840244,49.25,250.0,0.0,0.0,200.74,0,0
12:05:36.487,840325,49.22,250.0,0.0,0.0,200.77,0,0
12:05:36.586,840425,49.22,250.0,0.0,0.0,200.77,0,0
12:05:36.610,840444,49.28,250.0,0.0,0.0,200.71,0,0
12:05:36.688,840525,49.34,250.0,0.0,0.0,200.65,0,0
12:05:36.796,840625,49.34,250.0,0.0,0.0,200.65,0,0
12:05:36.889,840725,49.35,250.0,0.0,0.0,200.64,0,0
12:05:36.987,840825,49.3,250.0,0.0,0.0,200.69,0,0
12:05:37.086,840925,49.3,250.0,0.0,0.0,200.69,0,0
12:05:37.105,840944,49.33,250.0,0.0,0.0,200.66,0,0
12:05:37.187,841025,49.34,250.0,0.0,0.0,200.65,0,0
12:05:37.287,841125,49.32,250.0,0.0,0.0,200.67,0,0
12:05:37.386,841225,49.32,250.0,0.0,0.0,200.67,0,0
12:05:37.406,841244,49.32,250.0,0.0,0.0,200.67,0,0
12:05:37.486,841325,49.33,250.0,0.0,0.0,200.66,0,0
12:05:37.596,841425,49.26,250.0,0.0,0.0,200.73,0,0
12:05:37.686,841525,49.26,250.0,0.0,0.0,200.73,0,0
12:05:37.709,841543,49.26,250.0,0.0,0.0,200.73,0,0
12:05:37.786,841625,49.32,250.0,0.0,0.0,200.67,0,0
12:05:37.886,841725,49.35,250.0,0.0,0.0,200.64,0,0
12:05:37.986,841825,49.35,250.0,0.0,0.0,200.64,0,0
12:05:38.006,841844,49.33,250.0,0.0,0.0,200.66,0,0
12:05:38.086,841925,49.31,250.0,0.0,0.0,200.68,0,0
12:05:38.186,842025,49.31,250.0,0.0,0.0,200.68,0,0
12:05:38.285,842125,49.31,250.0,0.0,0.0,200.68,0,0
12:05:38.304,842144,49.29,250.0,0.0,0.0,200.7,0,0
12:05:38.405,842225,49.3,250.0,0.0,0.0,200.69,0,0
12:05:38.487,842325,49.3,250.0,0.0,0.0,200.69,0,0
12:05:38.515,842344,49.28,250.0,0.0,0.0,200.71,0,0
12:05:38.589,842425,49.27,250.0,0.0,0.0,200.72,0,0
12:05:38.686,842525,49.38,250.0,0.0,0.0,200.61,0,0
12:05:38.786,842625,49.28,250.0,0.0,0.0,200.71,0,0
12:05:38.885,842725,49.24,250.0,0.0,0.0,200.75,0,0
12:05:38.986,842825,49.25,250.0,0.0,0.0,200.74,0,0
12:05:39.086,842925,49.24,250.0,0.0,0.0,200.75,0,0
12:05:39.185,843025,49.24,250.0,0.0,0.0,200.75,0,0
12:05:39.204,843044,49.37,250.0,0.0,0.0,200.62,0,0
12:05:39.320,843125,49.5,250.0,0.0,0.0,200.49,0,0
12:05:39.390,843225,49.5,250.0,0.0,0.0,200.49,0,0
12:05:39.405,843244,49.56,250.0,0.0,0.0,200.43,0,0
12:05:39.499,843325,49.62,250.0,0.0,0.0,200.37,0,0
12:05:39.585,843425,49.57,250.0,0.0,0.0,200.42,0,0
12:05:39.685,843525,49.57,250.0,0.0,0.0,200.42,0,0
12:05:39.707,843544,49.5,250.0,0.0,0.0,200.49,0,0
12:05:39.786,843625,49.43,250.0,0.0,0.0,200.56,0,0
12:05:39.885,843725,49.43,250.0,0.0,0.0,200.56,0,0
12:05:39.985,843825,49.43,250.0,0.0,0.0,200.56,0,0
12:05:40.084,843925,49.43,250.0,0.0,0.0,200.56,0,0
12:05:40.103,843944,49.5,250.0,0.0,0.0,200.49,0,0
12:05:40.196,844025,49.58,250.0,0.0,0.0,200.41,0,0
12:05:40.308,844125,49.54,250.0,0.0,0.0,200.45,0,0
12:05:40.385,844225,49.54,250.0,0.0,0.0,200.45,0,0
12:05:40.404,844244,49.55,250.0,0.0,0.0,200.44,0,0
12:05:40.484,844325,49.56,250.0,0.0,0.0,200.43,0,0
12:05:40.585,844425,49.56,250.0,0.0,0.0,200.43,0,0
12:05:40.604,844444,49.51,250.0,0.0,0.0,200.48,0,0
12:05:40.685,844525,49.47,250.0,0.0,0.0,200.52,0,0
12:05:40.785,844625,49.39,250.0,0.0,0.0,200.6,0,0
12:05:40.886,844725,49.34,250.0,0.0,0.0,200.65,0,0
12:05:40.992,844825,49.34,250.0,0.0,0.0,200.65,0,0
12:05:41.018,844844,49.39,250.0,0.0,0.0,200.6,0,0
12:05:41.097,844925,49.44,250.0,0.0,0.0,200.55,0,0
12:05:41.190,845025,49.44,250.0,0.0,0.0,200.55,0,0
12:05:41.211,845044,49.38,250.0,0.0,0.0,200.61,0,0
12:05:41.285,845125,49.33,250.0,0.0,0.0,200.66,0,0
12:05:41.385,845225,49.33,250.0,0.0,0.0,200.66,0,0
12:05:41.404,845243,49.33,250.0,0.0,0.0,200.66,0,0
12:05:41.484,845325,49.31,250.0,0.0,0.0,200.68,0,0
12:05:41.585,845425,49.31,250.0,0.0,0.0,200.68,0,0
12:05:41.604,845444,49.37,250.0,0.0,0.0,200.62,0,0
12:05:41.685,845525,49.42,250.0,0.0,0.0,200.57,0,0
12:05:41.797,845625,49.42,250.0,0.0,0.0,200.57,0,0
12:05:41.805,845644,49.46,250.0,0.0,0.0,200.53,0,0
12:05:41.891,845725,49.5,250.0,0.0,0.0,200.49,0,0
12:05:41.992,845825,49.47,250.0,0.0,0.0,200.52,0,0
12:05:42.085,845925,49.47,250.0,0.0,0.0,200.52,0,0
12:05:42.104,845944,49.41,250.0,0.0,0.0,200.58,0,0
12:05:42.185,846025,49.35,250.0,0.0,0.0,200.64,0,0
12:05:42.284,846125,49.3,250.0,0.0,0.0,200.69,0,0
12:05:42.384,846225,49.3,250.0,0.0,0.0,200.69,0,0
12:05:42.403,846243,49.3,250.0,0.0,0.0,200.69,0,0
12:05:42.485,846325,49.31,250.0,0.0,0.0,200.68,0,0
12:05:42.586,846425,49.27,250.0,0.0,0.0,200.72,0,0
12:05:42.695,846525,49.27,250.0,0.0,0.0,200.72,0,0
12:05:42.724,846544,49.23,250.0,0.0,0.0,200.76,0,0
12:05:42.784,846625,49.19,250.0,0.0,0.0,200.8,0,0
12:05:42.892,846725,49.21,250.0,0.0,0.0,200.78,0,0
12:05:42.985,846825,49.21,250.0,0.0,0.0,200.78,0,0
12:05:43.004,846843,49.21,250.0,0.0,0.0,200.78,0,0
12:05:43.085,846925,49.2,250.0,0.0,0.0,200.79,0,0
12:05:43.185,847025,49.2,250.0,0.0,0.0,200.79,0,0
12:05:43.204,847044,49.29,250.0,0.0,0.0,200.7,0,0
12:05:43.285,847125,49.35,250.0,0.0,0.0,200.64,0,0
12:05:43.385,847225,49.3,250.0,0.0,0.0,200.69,0,0
12:05:43.485,847325,49.3,250.0,0.0,0.0,200.69,0,0
12:05:43.504,847344,49.31,250.0,0.0,0.0,200.68,0,0
12:05:43.592,847425,49.32,250.0,0.0,0.0,200.67,0,0
12:05:43.692,847525,49.32,250.0,0.0,0.0,200.67,0,0
12:05:43.706,847544,49.32,250.0,0.0,0.0,200.67,0,0
12:05:43.794,847625,49.33,250.0,0.0,0.0,200.66,0,0
12:05:43.885,847725,49.23,250.0,0.0,0.0,200.76,0,0
12:05:43.984,847825,49.23,250.0,0.0,0.0,200.76,0,0
12:05:44.003,847843,49.23,250.0,0.0,0.0,200.76,0,0
12:05:44.085,847925,49.25,250.0,0.0,0.0,200.74,0,0
12:05:44.184,848025,49.23,250.0,0.0,0.0,200.76,0,0
12:05:44.284,848125,49.23,250.0,0.0,0.0,200.76,0,0
12:05:44.303,848144,49.25,250.0,0.0,0.0,200.74,0,0
12:05:44.384,848225,49.26,250.0,0.0,0.0,200.73,0,0
12:05:44.488,848325,49.25,250.0,0.0,0.0,200.74,0,0
12:05:44.587,848425,49.18,250.0,0.0,0.0,200.81,0,0
12:05:44.688,848525,49.18,250.0,0.0,0.0,200.81,0,0
12:05:44.703,848544,49.28,250.0,0.0,0.0,200.71,0,0
12:05:44.784,848625,49.36,250.0,0.0,0.0,200.63,0,0
12:05:44.885,848725,49.34,250.0,0.0,0.0,200.65,0,0
12:05:44.984,848825,49.34,250.0,0.0,0.0,200.65,0,0
12:05:45.084,848925,49.34,250.0,0.0,0.0,200.65,0,0
12:05:45.184,849025,49.34,250.0,0.0,0.0,200.65,0,0
12:05:45.203,849044,49.4,250.0,0.0,0.0,200.59,0,0
12:05:45.297,849125,49.44,250.0,0.0,0.0,200.55,0,0
12:05:45.387,849225,49.44,250.0,0.0,0.0,200.55,0,0
12:05:45.408,849244,49.39,250.0,0.0,0.0,200.6,0,0
12:05:45.492,849325,49.33,250.0,0.0,0.0,200.66,0,0
12:05:45.584,849425,49.31,250.0,0.0,0.0,200.68,0,0
12:05:45.685,849525,49.31,250.0,0.0,0.0,200.68,0,0
12:05:45.703,849544,49.42,250.0,0.0,0.0,200.57,0,0
12:05:45.784,849625,49.51,250.0,0.0,0.0,200.48,0,0
12:05:45.884,849725,49.51,250.0,0.0,0.0,200.48,0,0
12:05:45.903,849744,49.5,250.0,0.0,0.0,200.49,0,0
12:05:45.984,849825,49.49,250.0,0.0,0.0,200.5,0,0
12:05:46.085,849925,49.5,250.0,0.0,0.0,200.49,0,0
12:05:46.220,850025,49.46,250.0,0.0,0.0,200.53,0,0
12:05:46.286,850125,49.46,250.0,0.0,0.0,200.53,0,0
12:05:46.307,850144,49.48,250.0,0.0,0.0,200.51,0,0
12:05:46.391,850225,49.47,250.0,0.0,0.0,200.52,0,0
12:05:46.484,850325,49.38,250.0,0.0,0.0,200.61,0,0
12:05:46.585,850425,49.33,250.0,0.0,0.0,200.66,0,0
12:05:46.684,850525,49.33,250.0,0.0,0.0,200.66,0,0
12:05:46.702,850544,49.36,250.0,0.0,0.0,200.63,0,0
12:05:46.784,850625,49.41,250.0,0.0,0.0,200.58,0,0
12:05:46.885,850725,49.33,250.0,0.0,0.0,200.66,0,0
12:05:46.984,850825,49.33,250.0,0.0,0.0,200.66,0,0
12:05:47.002,850844,49.44,250.0,0.0,0.0,200.55,0,0
12:05:47.143,850925,49.5,250.0,0.0,0.0,200.49,0,0
12:05:47.230,851025,49.49,250.0,0.0,0.0,200.5,0,0
12:05:47.297,851125,49.49,250.0,0.0,0.0,200.5,0,0
12:05:47.304,851144,49.55,250.0,0.0,0.0,200.44,0,0
12:05:47.390,851225,49.61,250.0,0.0,0.0,200.38,0,0
12:05:47.502,851325,49.61,250.0,0.0,0.0,200.38,0,0
12:05:47.544,851344,49.54,250.0,0.0,0.0,200.45,0,0
12:05:47.586,851425,49.5,250.0,0.0,0.0,200.49,0,0
12:05:47.684,851525,49.5,250.0,0.0,0.0,200.49,0,0
12:05:47.702,851543,49.5,250.0,0.0,0.0,200.49,0,0
12:05:47.783,851625,49.43,250.0,0.0,0.0,200.56,0,0
12:05:47.883,851725,49.43,250.0,0.0,0.0,200.56,0,0
12:05:47.902,851744,49.5,250.0,0.0,0.0,200.49,0,0
12:05:47.983,851825,49.56,250.0,0.0,0.0,200.43,0,0
12:05:48.084,851925,49.47,250.0,0.0,0.0,200.52,0,0
12:05:48.183,852025,49.46,250.0,0.0,0.0,200.53,0,0
12:05:48.294,852125,49.46,250.0,0.0,0.0,200.53,0,0
12:05:48.311,852144,49.53,250.0,0.0,0.0,200.46,0,0
12:05:48.383,852225,49.61,250.0,0.0,0.0,200.38,0,0
12:05:48.489,852325,49.59,250.0,0.0,0.0,200.4,0,0
12:05:48.583,852425,49.59,250.0,0.0,0.0,200.4,0,0
12:05:48.602,852444,49.59,250.0,0.0,0.0,200.4,0,0
12:05:48.683,852525,49.59,250.0,0.0,0.0,200.4,0,0
12:05:48.783,852625,49.6,250.0,0.0,0.0,200.39,0,0
12:05:48.883,852725,49.52,250.0,0.0,0.0,200.47,0,0
12:05:48.983,852825,49.52,250.0,0.0,0.0,200.47,0,0
12:05:49.002,852844,49.48,250.0,0.0,0.0,200.51,0,0
12:05:49.083,852925,49.45,250.0,0.0,0.0,200.54,0,0
12:05:49.188,853025,49.54,250.0,0.0,0.0,200.45,0,0
12:05:49.286,853125,49.45,250.0,0.0,0.0,200.54,0,0
12:05:49.395,853225,49.45,250.0,0.0,0.0,200.54,0,0
12:05:49.416,853244,49.49,250.0,0.0,0.0,200.5,0,0
12:05:49.487,853325,49.55,250.0,0.0,0.0,200.44,0,0
12:05:49.584,853425,49.54,250.0,0.0,0.0,200.45,0,0
12:05:49.683,853525,49.54,250.0,0.0,0.0,200.45,0,0
12:05:49.702,853543,49.54,250.0,0.0,0.0,200.45,0,0
12:05:49.782,853625,49.54,250.0,0.0,0.0,200.45,0,0
12:05:49.883,853725,49.54,250.0,0.0,0.0,200.45,0,0
12:05:49.902,853744,49.6,250.0,0.0,0.0,200.39,0,0
12:05:49.983,853825,49.65,250.0,0.0,0.0,200.34,0,0
12:05:50.083,853925,49.58,250.0,0.0,0.0,200.41,0,0
12:05:50.190,854025,49.58,250.0,0.0,0.0,200.41,0,0
12:05:50.204,854044,49.56,250.0,0.0,0.0,200.43,0,0
12:05:50.290,854125,49.54,250.0,0.0,0.0,200.45,0,0
12:05:50.385,854225,49.54,250.0,0.0,0.0,200.45,0,0
12:05:50.409,854244,49.55,250.0,0.0,0.0,200.44,0,0
12:05:50.482,854325,49.55,250.0,0.0,0.0,200.44,0,0
12:05:50.583,854425,49.55,250.0,0.0,0.0,200.44,0,0
12:05:50.602,854444,49.59,250.0,0.0,0.0,200.4,0,0
12:05:50.683,854525,49.62,250.0,0.0,0.0,200.37,0,0
12:05:50.783,854625,49.49,250.0,0.0,0.0,200.5,0,0
12:05:50.883,854725,49.49,250.0,0.0,0.0,200.5,0,0
12:05:50.901,854744,49.55,250.0,0.0,0.0,200.44,0,0
12:05:50.983,854825,49.61,250.0,0.0,0.0,200.38,0,0
12:05:51.120,854925,49.61,250.0,0.0,0.0,200.38,0,0
12:05:51.136,854944,49.54,250.0,0.0,0.0,200.45,0,0
12:05:51.196,855025,49.49,250.0,0.0,0.0,200.5,0,0
12:05:51.290,855125,49.43,250.0,0.0,0.0,200.56,0,0
12:05:51.387,855225,49.43,250.0,0.0,0.0,200.56,0,0
12:05:51.483,855325,49.43,250.0,0.0,0.0,200.56,0,0
12:05:51.502,855344,49.43,250.0,0.0,0.0,200.56,0,0
12:05:51.583,855425,49.42,250.0,0.0,0.0,200.57,0,0
12:05:51.683,855525,49.47,250.0,0.0,0.0,200.52,0,0
12:05:51.782,855625,49.47,250.0,0.0,0.0,200.52,0,0
12:05:51.800,855643,49.47,250.0,0.0,0.0,200.52,0,0
12:05:51.883,855725,49.46,250.0,0.0,0.0,200.53,0,0
12:05:52.012,855825,49.45,250.0,0.0,0.0,200.54,0,0
12:05:52.088,855925,49.37,250.0,0.0,0.0,200.62,0,0
12:05:52.193,856025,49.37,250.0,0.0,0.0,200.62,0,0
12:05:52.201,856044,49.32,250.0,0.0,0.0,200.67,0,0
12:05:52.281,856125,49.25,250.0,0.0,0.0,200.74,0,0
12:05:52.383,856225,49.18,250.0,0.0,0.0,200.81,0,0
12:05:52.483,856325,49.28,250.0,0.0,0.0,200.71,0,0
12:05:52.582,856425,49.34,250.0,0.0,0.0,200.65,0,0
12:05:52.682,856525,49.34,250.0,0.0,0.0,200.65,0,0
12:05:52.701,856544,49.42,250.0,0.0,0.0,200.57,0,0
12:05:52.781,856625,49.49,250.0,0.0,0.0,200.5,0,0
12:05:52.883,856725,49.42,250.0,0.0,0.0,200.57,0,0
12:05:52.988,856825,49.37,250.0,0.0,0.0,200.62,0,0
12:05:53.083,856925,49.29,250.0,0.0,0.0,200.7,0,0
12:05:53.198,857025,49.3,250.0,0.0,0.0,200.69,0,0
12:05:53.282,857125,49.3,250.0,0.0,0.0,200.69,0,0
12:05:53.301,857144,49.38,250.0,0.0,0.0,200.61,0,0
12:05:53.384,857225,49.46,250.0,0.0,0.0,200.53,0,0
12:05:53.482,857325,49.4,250.0,0.0,0.0,200.59,0,0
12:05:53.582,857425,49.4,250.0,0.0,0.0,200.59,0,0
12:05:53.682,857525,49.4,250.0,0.0,0.0,200.59,0,0
12:05:53.700,857544,49.42,250.0,0.0,0.0,200.57,0,0
12:05:53.782,857625,49.42,250.0,0.0,0.0,200.57,0,0
12:05:53.884,857725,49.31,250.0,0.0,0.0,200.68,0,0
12:05:53.996,857825,49.31,250.0,0.0,0.0,200.68,0,0
12:05:54.001,857843,49.31,250.0,0.0,0.0,200.68,0,0
12:05:54.085,857925,49.31,250.0,0.0,0.0,200.68,0,0
12:05:54.105,857944,49.44,250.0,0.0,0.0,200.55,0,0
12:05:54.183,858025,49.56,250.0,0.0,0.0,200.43,0,0
12:05:54.282,858125,49.46,250.0,0.0,0.0,200.53,0,0
12:05:54.381,858225,49.46,250.0,0.0,0.0,200.53,0,0
12:05:54.400,858244,49.4,250.0,0.0,0.0,200.59,0,0
12:05:54.482,858325,49.35,250.0,0.0,0.0,200.64,0,0
12:05:54.582,858425,49.4,250.0,0.0,0.0,200.59,0,0
12:05:54.683,858525,49.4,250.0,0.0,0.0,200.59,0,0
12:05:54.701,858544,49.52,250.0,0.0,0.0,200.47,0,0
12:05:54.886,858625,49.61,250.0,0.0,0.0,200.38,0,0
12:05:54.907,858725,49.61,250.0,0.0,0.0,200.38,0,0
12:05:54.938,858744,49.63,250.0,0.0,0.0,200.36,0,0
12:05:54.991,858825,49.66,250.0,0.0,0.0,200.33,0,0
12:05:55.092,858925,49.68,250.0,0.0,0.0,200.31,0,0
12:05:55.181,859025,49.68,250.0,0.0,0.0,200.31,0,0
12:05:55.200,859044,49.67,250.0,0.0,0.0,200.32,0,0
12:05:55.282,859125,49.67,250.0,0.0,0.0,200.32,0,0
12:05:55.382,859225,49.56,250.0,0.0,0.0,200.43,0,0
12:05:55.483,859325,49.44,250.0,0.0,0.0,200.55,0,0
12:05:55.582,859425,49.44,250.0,0.0,0.0,200.55,0,0
12:05:55.682,859525,49.44,250.0,0.0,0.0,200.55,0,0
12:05:55.700,859544,49.43,250.0,0.0,0.0,200.56,0,0
12:05:55.798,859625,49.45,250.0,0.0,0.0,200.54,0,0
12:05:55.886,859725,49.42,250.0,0.0,0.0,200.57,0,0
12:05:55.986,859825,49.36,250.0,0.0,0.0,200.63,0,0
12:05:56.081,859925,49.36,250.0,0.0,0.0,200.63,0,0
12:05:56.100,859943,49.36,250.0,0.0,0.0,200.63,0,0
12:05:56.183,860025,49.39,250.0,0.0,0.0,200.6,0,0
12:05:56.281,860125,49.26,250.0,0.0,0.0,200.73,0,0
12:05:56.382,860225,49.26,250.0,0.0,0.0,200.73,0,0
12:05:56.401,860244,49.22,250.0,0.0,0.0,200.77,0,0
12:05:56.482,860325,49.19,250.0,0.0,0.0,200.8,0,0
12:05:56.581,860425,49.23,250.0,0.0,0.0,200.76,0,0
12:05:56.726,860525,49.14,250.0,0.0,0.0,200.85,0,0
12:05:56.784,860625,49.14,250.0,0.0,0.0,200.85,0,0
12:05:56.805,860644,49.19,250.0,0.0,0.0,200.8,0,0
12:05:56.888,860725,49.24,250.0,0.0,0.0,200.75,0,0
12:05:56.981,860825,49.2,250.0,0.0,0.0,200.79,0,0
12:05:57.081,860925,49.2,250.0,0.0,0.0,200.79,0,0
12:05:57.100,860943,49.2,250.0,0.0,0.0,200.79,0,0
12:05:57.181,861025,49.24,250.0,0.0,0.0,200.75,0,0
12:05:57.281,861125,49.24,250.0,0.0,0.0,200.75,0,0
12:05:57.300,861144,49.3,250.0,0.0,0.0,200.69,0,0
12:05:57.382,861225,49.36,250.0,0.0,0.0,200.63,0,0
12:05:57.482,861325,49.29,250.0,0.0,0.0,200.7,0,0
12:05:57.588,861425,49.27,250.0,0.0,0.0,200.72,0,0
12:05:57.759,861525,49.27,250.0,0.0,0.0,200.72,0,0
12:05:57.775,861544,49.31,250.0,0.0,0.0,200.68,0,0
12:05:57.783,861625,49.34,250.0,0.0,0.0,200.65,0,0
12:05:57.899,861725,49.34,250.0,0.0,0.0,200.65,0,0
12:05:57.907,861744,49.34,250.0,0.0,0.0,200.65,0,0
12:05:57.982,861825,49.35,250.0,0.0,0.0,200.64,0,0
12:05:58.081,861925,49.3,250.0,0.0,0.0,200.69,0,0
12:05:58.181,862025,49.3,250.0,0.0,0.0,200.69,0,0
12:05:58.200,862044,49.31,250.0,0.0,0.0,200.68,0,0
12:05:58.281,862125,49.31,250.0,0.0,0.0,200.68,0,0
12:05:58.381,862225,49.31,250.0,0.0,0.0,200.68,0,0
12:05:58.400,862244,49.37,250.0,0.0,0.0,200.62,0,0
12:05:58.481,862325,49.42,250.0,0.0,0.0,200.57,0,0
12:05:58.609,862425,49.42,250.0,0.0,0.0,200.57,0,0
12:05:58.614,862444,49.44,250.0,0.0,0.0,200.55,0,0
12:05:58.683,862525,49.46,250.0,0.0,0.0,200.53,0,0
12:05:58.783,862625,49.45,250.0,0.0,0.0,200.54,0,0
12:05:58.893,862725,49.47,250.0,0.0,0.0,200.52,0,0
12:05:58.982,862825,49.48,250.0,0.0,0.0,200.51,0,0
12:05:59.081,862925,49.42,250.0,0.0,0.0,200.57,0,0
12:05:59.182,863025,49.47,250.0,0.0,0.0,200.52,0,0
12:05:59.281,863125,49.47,250.0,0.0,0.0,200.52,0,0
12:05:59.300,863144,49.51,250.0,0.0,0.0,200.48,0,0
12:05:59.381,863225,49.54,250.0,0.0,0.0,200.45,0,0
12:05:59.551,863325,49.54,250.0,0.0,0.0,200.45,0,0
12:05:59.554,863344,49.5,250.0,0.0,0.0,200.49,0,0
12:05:59.600,863425,49.49,250.0,0.0,0.0,200.5,0,0
12:05:59.687,863525,49.43,250.0,0.0,0.0,200.56,0,0
12:05:59.787,863625,49.43,250.0,0.0,0.0,200.56,0,0
12:05:59.880,863725,49.43,250.0,0.0,0.0,200.56,0,0
12:05:59.899,863744,49.45,250.0,0.0,0.0,200.54,0,0
12:05:59.981,863825,49.47,250.0,0.0,0.0,200.52,0,0
12:06:00.081,863925,49.43,250.0,0.0,0.0,200.56,0,0
12:06:00.180,864025,49.38,250.0,0.0,0.0,200.61,0,0
12:06:00.280,864125,49.38,250.0,0.0,0.0,200.61,0,0
12:06:00.299,864143,49.38,250.0,0.0,0.0,200.61,0,0
12:06:00.380,864225,49.38,250.0,0.0,0.0,200.61,0,0
12:06:00.484,864325,49.38,250.0,0.0,0.0,200.61,0,0
12:06:00.501,864344,49.38,250.0,0.0,0.0,200.61,0,0
12:06:00.581,864425,49.38,250.0,0.0,0.0,200.61,0,0
12:06:00.682,864525,49.38,250.0,0.0,0.0,200.61,0,0
12:06:00.780,864625,49.38,250.0,0.0,0.0,200.61,0,0
12:06:00.880,864725,49.33,250.0,0.0,0.0,200.66,0,0
12:06:00.982,864825,49.33,250.0,0.0,0.0,200.66,0,0
12:06:01.002,864844,49.45,250.0,0.0,0.0,200.54,0,0
12:06:01.080,864925,49.57,250.0,0.0,0.0,200.42,0,0
12:06:01.181,865025,49.47,250.0,0.0,0.0,200.52,0,0
12:06:01.283,865125,49.47,250.0,0.0,0.0,200.52,0,0
12:06:01.299,865143,49.47,250.0,0.0,0.0,200.52,0,0
12:06:01.391,865225,49.51,250.0,0.0,0.0,200.48,0,0
12:06:01.480,865325,49.51,250.0,0.0,0.0,200.48,0,0
12:06:01.499,865344,49.6,250.0,0.0,0.0,200.39,0,0
12:06:01.580,865425,49.7,250.0,0.0,0.0,200.29,0,0
12:06:01.680,865525,49.69,250.0,0.0,0.0,200.3,0,0
12:06:01.780,865625,49.69,250.0,0.0,0.0,200.3,0,0
12:06:01.799,865643,49.69,250.0,0.0,0.0,200.3,0,0
12:06:01.881,865725,49.73,250.0,0.0,0.0,200.26,0,0
12:06:01.983,865825,49.67,250.0,0.0,0.0,200.32,0,0
12:06:02.081,865925,49.67,250.0,0.0,0.0,200.32,0,0
12:06:02.099,865944,49.59,250.0,0.0,0.0,200.4,0,0
12:06:02.184,866025,49.55,250.0,0.0,0.0,200.44,0,0
12:06:02.283,866125,49.53,250.0,0.0,0.0,200.46,0,0
12:06:02.383,866225,49.53,250.0,0.0,0.0,200.46,0,0
12:06:02.399,866243,49.53,250.0,0.0,0.0,200.46,0,0
12:06:02.490,866325,49.53,250.0,0.0,0.0,200.46,0,0
12:06:02.503,866344,49.69,250.0,0.0,0.0,200.3,0,0
12:06:02.584,866425,49.8,250.0,0.0,0.0,200.19,0,0
12:06:02.680,866525,49.8,250.0,0.0,0.0,200.19,0,0
12:06:02.699,866544,49.71,250.0,0.0,0.0,200.28,0,0
12:06:02.780,866625,49.62,250.0,0.0,0.0,200.37,0,0
12:06:02.880,866725,49.55,250.0,0.0,0.0,200.44,0,0
12:06:02.979,866825,49.55,250.0,0.0,0.0,200.44,0,0
12:06:02.998,866844,49.58,250.0,0.0,0.0,200.41,0,0
12:06:03.083,866925,49.61,250.0,0.0,0.0,200.38,0,0
12:06:03.182,867025,49.56,250.0,0.0,0.0,200.43,0,0
12:06:03.282,867125,49.56,250.0,0.0,0.0,200.43,0,0
12:06:03.303,867144,49.52,250.0,0.0,0.0,200.47,0,0
12:06:03.380,867225,49.48,250.0,0.0,0.0,200.51,0,0
12:06:03.485,867325,49.42,250.0,0.0,0.0,200.57,0,0
12:06:03.579,867425,49.36,250.0,0.0,0.0,200.63,0,0
12:06:03.680,867525,49.36,250.0,0.0,0.0,200.63,0,0
12:06:03.701,867544,49.39,250.0,0.0,0.0,200.6,0,0
12:06:03.780,867625,49.44,250.0,0.0,0.0,200.55,0,0
12:06:03.879,867725,49.44,250.0,0.0,0.0,200.55,0,0
12:06:03.898,867744,49.43,250.0,0.0,0.0,200.56,0,0
12:06:03.986,867825,49.43,250.0,0.0,0.0,200.56,0,0
12:06:04.082,867925,49.43,250.0,0.0,0.0,200.56,0,0
12:06:04.098,867944,49.47,250.0,0.0,0.0,200.52,0,0
12:06:04.180,868025,49.49,250.0,0.0,0.0,200.5,0,0
12:06:04.280,868125,49.4,250.0,0.0,0.0,200.59,0,0
12:06:04.382,868225,49.42,250.0,0.0,0.0,200.57,0,0
12:06:04.479,868325,49.42,250.0,0.0,0.0,200.57,0,0
12:06:04.498,868343,49.42,250.0,0.0,0.0,200.57,0,0
12:06:04.579,868425,49.42,250.0,0.0,0.0,200.57,0,0
12:06:04.679,868525,49.42,250.0,0.0,0.0,200.57,0,0
12:06:04.698,868544,49.46,250.0,0.0,0.0,200.53,0,0
12:06:04.780,868625,49.5,250.0,0.0,0.0,200.49,0,0
12:06:04.881,868725,49.49,250.0,0.0,0.0,200.5,0,0
12:06:04.984,868825,49.45,250.0,0.0,0.0,200.54,0,0
12:06:05.081,868925,49.45,250.0,0.0,0.0,200.54,0,0
12:06:05.101,868944,49.5,250.0,0.0,0.0,200.49,0,0
12:06:05.179,869025,49.53,250.0,0.0,0.0,200.46,0,0
12:06:05.279,869125,49.49,250.0,0.0,0.0,200.5,0,0
12:06:05.379,869225,49.49,250.0,0.0,0.0,200.5,0,0
12:06:05.398,869243,49.49,250.0,0.0,0.0,200.5,0,0
12:06:05.479,869325,49.49,250.0,0.0,0.0,200.5,0,0
12:06:05.498,869343,49.49,250.0,0.0,0.0,200.5,0,0
12:06:05.579,869425,49.49,250.0,0.0,0.0,200.5,0,0
12:06:05.598,869444,49.53,250.0,0.0,0.0,200.46,0,0
12:06:05.694,869525,49.57,250.0,0.0,0.0,200.42,0,0
12:06:05.782,869625,49.45,250.0,0.0,0.0,200.54,0,0
12:06:05.879,869725,49.41,250.0,0.0,0.0,200.58,0,0
12:06:05.981,869825,49.41,250.0,0.0,0.0,200.58,0,0
12:06:05.998,869844,49.36,250.0,0.0,0.0,200.63,0,0
12:06:06.080,869925,49.31,250.0,0.0,0.0,200.68,0,0
12:06:06.179,870025,49.31,250.0,0.0,0.0,200.68,0,0
12:06:06.198,870044,49.34,250.0,0.0,0.0,200.65,0,0
12:06:06.280,870125,49.37,250.0,0.0,0.0,200.62,0,0
12:06:06.379,870225,49.37,250.0,0.0,0.0,200.62,0,0
12:06:06.479,870325,49.4,250.0,0.0,0.0,200.59,0,0
12:06:06.579,870425,49.4,250.0,0.0,0.0,200.59,0,0
12:06:06.601,870443,49.4,250.0,0.0,0.0,200.59,0,0
12:06:06.679,870525,49.37,250.0,0.0,0.0,200.62,0,0
12:06:06.781,870625,49.29,250.0,0.0,0.0,200.7,0,0
12:06:06.879,870725,49.29,250.0,0.0,0.0,200.7,0,0
12:06:06.899,870744,49.3,250.0,0.0,0.0,200.69,0,0
12:06:06.979,870825,49.31,250.0,0.0,0.0,200.68,0,0
12:06:07.079,870925,49.31,250.0,0.0,0.0,200.68,0,0
12:06:07.098,870943,49.31,250.0,0.0,0.0,200.68,0,0
12:06:07.179,871025,49.41,250.0,0.0,0.0,200.58,0,0
12:06:07.279,871125,49.39,250.0,0.0,0.0,200.6,0,0
12:06:07.414,871225,49.31,250.0,0.0,0.0,200.68,0,0
12:06:07.481,871325,49.31,250.0,0.0,0.0,200.68,0,0
12:06:07.497,871344,49.37,250.0,0.0,0.0,200.62,0,0
12:06:07.578,871425,49.42,250.0,0.0,0.0,200.57,0,0
12:06:07.678,871525,49.46,250.0,0.0,0.0,200.53,0,0
12:06:07.778,871625,49.46,250.0,0.0,0.0,200.53,0,0
12:06:07.797,871644,49.5,250.0,0.0,0.0,200.49,0,0
12:06:07.878,871725,49.56,250.0,0.0,0.0,200.43,0,0
12:06:07.979,871825,49.6,250.0,0.0,0.0,200.39,0,0
12:06:08.079,871925,49.55,250.0,0.0,0.0,200.44,0,0
12:06:08.193,872025,49.48,250.0,0.0,0.0,200.51,0,0
12:06:08.285,872125,49.48,250.0,0.0,0.0,200.51,0,0
12:06:08.299,872144,49.47,250.0,0.0,0.0,200.52,0,0
12:06:08.379,872225,49.49,250.0,0.0,0.0,200.5,0,0
12:06:08.478,872325,49.37,250.0,0.0,0.0,200.62,0,0
12:06:08.578,872425,49.32,250.0,0.0,0.0,200.67,0,0
12:06:08.678,872525,49.2,250.0,0.0,0.0,200.79,0,0
12:06:08.778,872625,49.17,250.0,0.0,0.0,200.82,0,0
12:06:08.878,872725,49.11,250.0,0.0,0.0,200.88,0,0
12:06:08.985,872825,49.11,250.0,0.0,0.0,200.88,0,0
12:06:09.078,872925,49.11,250.0,0.0,0.0,200.88,0,0
12:06:09.105,872944,49.09,250.0,0.0,0.0,200.9,0,0
12:06:09.197,873025,49.09,250.0,0.0,0.0,200.9,0,0
12:06:09.216,873043,49.09,250.0,0.0,0.0,200.9,0,0
12:06:09.278,873125,49.12,250.0,0.0,0.0,200.87,0,0
12:06:09.378,873225,49.09,250.0,0.0,0.0,200.9,0,0
12:06:09.478,873325,49.09,250.0,0.0,0.0,200.9,0,0
12:06:09.497,873344,49.17,250.0,0.0,0.0,200.82,0,0
12:06:09.579,873425,49.24,250.0,0.0,0.0,200.75,0,0
12:06:09.678,873525,49.23,250.0,0.0,0.0,200.76,0,0
12:06:09.778,873625,49.23,250.0,0.0,0.0,200.76,0,0
12:06:09.797,873644,49.27,250.0,0.0,0.0,200.72,0,0
12:06:09.892,873725,49.33,250.0,0.0,0.0,200.66,0,0
12:06:10.003,873825,49.33,250.0,0.0,0.0,200.66,0,0
12:06:10.096,873925,49.33,250.0,0.0,0.0,200.66,0,0
12:06:10.098,873944,49.34,250.0,0.0,0.0,200.65,0,0
12:06:10.204,874025,49.34,250.0,0.0,0.0,200.65,0,0
12:06:10.278,874125,49.34,250.0,0.0,0.0,200.65,0,0
12:06:10.297,874143,49.34,250.0,0.0,0.0,200.65,0,0
12:06:10.378,874225,49.42,250.0,0.0,0.0,200.57,0,0
12:06:10.477,874325,49.37,250.0,0.0,0.0,200.62,0,0
12:06:10.580,874425,49.34,250.0,0.0,0.0,200.65,0,0
12:06:10.678,874525,49.34,250.0,0.0,0.0,200.65,0,0
12:06:10.697,874543,49.34,250.0,0.0,0.0,200.65,0,0
12:06:10.779,874625,49.37,250.0,0.0,0.0,200.62,0,0
12:06:10.879,874725,49.37,250.0,0.0,0.0,200.62,0,0
12:06:10.978,874825,49.37,250.0,0.0,0.0,200.62,0,0
12:06:10.998,874844,49.37,250.0,0.0,0.0,200.62,0,0
12:06:11.084,874925,49.37,250.0,0.0,0.0,200.62,0,0
12:06:11.178,875025,49.35,250.0,0.0,0.0,200.64,0,0
12:06:11.281,875125,49.35,250.0,0.0,0.0,200.64,0,0
12:06:11.378,875225,49.35,250.0,0.0,0.0,200.64,0,0
12:06:11.397,875244,49.35,250.0,0.0,0.0,200.64,0,0
12:06:11.478,875325,49.3,250.0,0.0,0.0,200.69,0,0
12:06:11.578,875425,49.3,250.0,0.0,0.0,200.69,0,0
12:06:11.596,875444,49.34,250.0,0.0,0.0,200.65,0,0
12:06:11.677,875525,49.34,250.0,0.0,0.0,200.65,0,0
12:06:11.843,875625,49.34,250.0,0.0,0.0,200.65,0,0
12:06:11.848,875644,49.37,250.0,0.0,0.0,200.62,0,0
12:06:11.884,875725,49.37,250.0,0.0,0.0,200.62,0,0
12:06:11.901,875744,49.39,250.0,0.0,0.0,200.6,0,0
12:06:11.992,875825,49.39,250.0,0.0,0.0,200.6,0,0
12:06:12.077,875925,49.37,250.0,0.0,0.0,200.62,0,0
12:06:12.178,876025,49.37,250.0,0.0,0.0,200.62,0,0
12:06:12.276,876125,49.37,250.0,0.0,0.0,200.62,0,0
12:06:12.296,876144,49.32,250.0,0.0,0.0,200.67,0,0
12:06:12.377,876225,49.27,250.0,0.0,0.0,200.72,0,0
12:06:12.477,876325,49.21,250.0,0.0,0.0,200.78,0,0
12:06:12.577,876425,49.2,250.0,0.0,0.0,200.79,0,0
12:06:12.721,876525,49.2,250.0,0.0,0.0,200.79,0,0
12:06:12.727,876544,49.27,250.0,0.0,0.0,200.72,0,0
12:06:12.780,876625,49.33,250.0,0.0,0.0,200.66,0,0
12:06:12.881,876725,49.33,250.0,0.0,0.0,200.66,0,0
12:06:12.903,876743,49.33,250.0,0.0,0.0,200.66,0,0
12:06:12.976,876825,49.33,250.0,0.0,0.0,200.66,0,0
12:06:13.078,876925,49.33,250.0,0.0,0.0,200.66,0,0
12:06:13.096,876944,49.31,250.0,0.0,0.0,200.68,0,0
12:06:13.177,877025,49.29,250.0,0.0,0.0,200.7,0,0
12:06:13.276,877125,49.2,250.0,0.0,0.0,200.79,0,0
12:06:13.377,877225,49.2,250.0,0.0,0.0,200.79,0,0
12:06:13.396,877243,49.2,250.0,0.0,0.0,200.79,0,0
12:06:13.477,877325,49.17,250.0,0.0,0.0,200.82,0,0
12:06:13.600,877425,49.16,250.0,0.0,0.0,200.83,0,0
12:06:13.680,877525,49.16,250.0,0.0,0.0,200.83,0,0
12:06:13.714,877544,49.18,250.0,0.0,0.0,200.81,0,0
12:06:13.782,877625,49.2,250.0,0.0,0.0,200.79,0,0
12:06:13.877,877725,49.2,250.0,0.0,0.0,200.79,0,0
12:06:13.897,877744,49.25,250.0,0.0,0.0,200.74,0,0
12:06:13.977,877825,49.28,250.0,0.0,0.0,200.71,0,0
12:06:14.078,877925,49.29,250.0,0.0,0.0,200.7,0,0
12:06:14.177,878025,49.25,250.0,0.0,0.0,200.74,0,0
12:06:14.276,878125,49.25,250.0,0.0,0.0,200.74,0,0
12:06:14.296,878144,49.31,250.0,0.0,0.0,200.68,0,0
12:06:14.376,878225,49.37,250.0,0.0,0.0,200.62,0,0
12:06:14.522,878325,49.37,250.0,0.0,0.0,200.62,0,0
12:06:14.587,878425,49.35,250.0,0.0,0.0,200.64,0,0
12:06:14.689,878525,49.37,250.0,0.0,0.0,200.62,0,0
12:06:14.778,878625,49.37,250.0,0.0,0.0,200.62,0,0
12:06:14.796,878644,49.37,250.0,0.0,0.0,200.62,0,0
12:06:14.877,878725,49.37,250.0,0.0,0.0,200.62,0,0
12:06:14.895,878744,49.37,250.0,0.0,0.0,200.62,0,0
12:06:14.977,878825,49.37,250.0,0.0,0.0,200.62,0,0
12:06:15.078,878925,49.35,250.0,0.0,0.0,200.64,0,0
12:06:15.177,879025,49.25,250.0,0.0,0.0,200.74,0,0
12:06:15.277,879125,49.25,250.0,0.0,0.0,200.74,0,0
12:06:15.295,879144,49.19,250.0,0.0,0.0,200.8,0,0
12:06:15.446,879225,49.13,250.0,0.0,0.0,200.86,0,0
12:06:15.487,879325,49.13,250.0,0.0,0.0,200.86,0,0
12:06:15.523,879343,49.13,250.0,0.0,0.0,200.86,0,0
12:06:15.576,879425,49.28,250.0,0.0,0.0,200.71,0,0
12:06:15.696,879525,49.21,250.0,0.0,0.0,200.78,0,0
12:06:15.776,879625,49.18,250.0,0.0,0.0,200.81,0,0
12:06:15.877,879725,49.15,250.0,0.0,0.0,200.84,0,0
12:06:15.976,879825,49.07,250.0,0.0,0.0,200.92,0,0
12:06:16.077,879925,49.07,250.0,0.0,0.0,200.92,0,0
12:06:16.176,880025,49.07,250.0,0.0,0.0,200.92,0,0
12:06:16.195,880044,49.15,250.0,0.0,0.0,200.84,0,0
12:06:16.294,880125,49.25,250.0,0.0,0.0,200.74,0,0
12:06:16.399,880225,49.25,250.0,0.0,0.0,200.74,0,0
12:06:16.420,880244,49.36,250.0,0.0,0.0,200.63,0,0
12:06:16.490,880325,49.46,250.0,0.0,0.0,200.53,0,0
12:06:16.577,880425,49.35,250.0,0.0,0.0,200.64,0,0
12:06:16.677,880525,49.3,250.0,0.0,0.0,200.69,0,0
12:06:16.776,880625,49.23,250.0,0.0,0.0,200.76,0,0
12:06:16.876,880725,49.2,250.0,0.0,0.0,200.79,0,0
12:06:16.976,880825,49.14,250.0,0.0,0.0,200.85,0,0
12:06:17.075,880925,49.14,250.0,0.0,0.0,200.85,0,0
12:06:17.095,880943,49.14,250.0,0.0,0.0,200.85,0,0
12:06:17.176,881025,49.14,250.0,0.0,0.0,200.85,0,0
12:06:17.294,881125,49.14,250.0,0.0,0.0,200.85,0,0
12:06:17.302,881144,49.21,250.0,0.0,0.0,200.78,0,0
12:06:17.387,881225,49.28,250.0,0.0,0.0,200.71,0,0
12:06:17.481,881325,49.21,250.0,0.0,0.0,200.78,0,0
12:06:17.576,881425,49.2,250.0,0.0,0.0,200.79,0,0
12:06:17.676,881525,49.22,250.0,0.0,0.0,200.77,0,0
12:06:17.776,881625,49.22,250.0,0.0,0.0,200.77,0,0
12:06:17.795,881644,49.29,250.0,0.0,0.0,200.7,0,0
12:06:17.876,881725,49.37,250.0,0.0,0.0,200.62,0,0
12:06:17.976,881825,49.32,250.0,0.0,0.0,200.67,0,0
12:06:18.076,881925,49.27,250.0,0.0,0.0,200.72,0,0
12:06:18.199,882025,49.27,250.0,0.0,0.0,200.72,0,0
12:06:18.203,882044,49.33,250.0,0.0,0.0,200.66,0,0
12:06:18.289,882125,49.39,250.0,0.0,0.0,200.6,0,0
12:06:18.384,882225,49.39,250.0,0.0,0.0,200.6,0,0
12:06:18.476,882325,49.28,250.0,0.0,0.0,200.71,0,0
12:06:18.576,882425,49.28,250.0,0.0,0.0,200.71,0,0
12:06:18.594,882443,49.28,250.0,0.0,0.0,200.71,0,0
12:06:18.676,882525,49.32,250.0,0.0,0.0,200.67,0,0
12:06:18.775,882625,49.3,250.0,0.0,0.0,200.69,0,0
12:06:18.877,882725,49.3,250.0,0.0,0.0,200.69,0,0
12:06:18.895,882744,49.36,250.0,0.0,0.0,200.63,0,0
12:06:18.977,882825,49.41,250.0,0.0,0.0,200.58,0,0
12:06:19.085,882925,49.35,250.0,0.0,0.0,200.64,0,0
12:06:19.206,883025,49.35,250.0,0.0,0.0,200.64,0,0
12:06:19.231,883044,49.38,250.0,0.0,0.0,200.61,0,0
12:06:19.306,883125,49.41,250.0,0.0,0.0,200.58,0,0
12:06:19.381,883225,49.4,250.0,0.0,0.0,200.59,0,0
12:06:19.487,883325,49.4,250.0,0.0,0.0,200.59,0,0
12:06:19.509,883344,49.43,250.0,0.0,0.0,200.56,0,0
12:06:19.581,883425,49.42,250.0,0.0,0.0,200.57,0,0
12:06:19.678,883525,49.39,250.0,0.0,0.0,200.6,0,0
12:06:19.777,883625,49.39,250.0,0.0,0.0,200.6,0,0
12:06:19.797,883644,49.46,250.0,0.0,0.0,200.53,0,0
12:06:19.876,883725,49.53,250.0,0.0,0.0,200.46,0,0
12:06:19.976,883825,49.49,250.0,0.0,0.0,200.5,0,0
12:06:20.075,883925,49.49,250.0,0.0,0.0,200.5,0,0
12:06:20.094,883943,49.49,250.0,0.0,0.0,200.5,0,0
12:06:20.175,884025,49.49,250.0,0.0,0.0,200.5,0,0
12:06:20.194,884043,49.49,250.0,0.0,0.0,200.5,0,0
12:06:20.275,884125,49.49,250.0,0.0,0.0,200.5,0,0
12:06:20.294,884144,49.55,250.0,0.0,0.0,200.44,0,0
12:06:20.426,884225,49.61,250.0,0.0,0.0,200.38,0,0
12:06:20.497,884325,49.54,250.0,0.0,0.0,200.45,0,0
12:06:20.589,884425,49.54,250.0,0.0,0.0,200.45,0,0
12:06:20.596,884444,49.57,250.0,0.0,0.0,200.42,0,0
12:06:20.680,884525,49.6,250.0,0.0,0.0,200.39,0,0
12:06:20.775,884625,49.58,250.0,0.0,0.0,200.41,0,0
12:06:20.875,884725,49.58,250.0,0.0,0.0,200.41,0,0
12:06:20.894,884744,49.63,250.0,0.0,0.0,200.36,0,0
12:06:20.975,884825,49.68,250.0,0.0,0.0,200.31,0,0
12:06:21.075,884925,49.62,250.0,0.0,0.0,200.37,0,0
12:06:21.175,885025,49.55,250.0,0.0,0.0,200.44,0,0
12:06:21.276,885125,49.55,250.0,0.0,0.0,200.44,0,0
12:06:21.294,885144,49.58,250.0,0.0,0.0,200.41,0,0
12:06:21.391,885225,49.61,250.0,0.0,0.0,200.38,0,0
12:06:21.483,885325,49.61,250.0,0.0,0.0,200.38,0,0
12:06:21.495,885344,49.66,250.0,0.0,0.0,200.33,0,0
12:06:21.577,885425,49.71,250.0,0.0,0.0,200.28,0,0
12:06:21.675,885525,49.62,250.0,0.0,0.0,200.37,0,0
12:06:21.774,885625,49.62,250.0,0.0,0.0,200.37,0,0
12:06:21.794,885643,49.62,250.0,0.0,0.0,200.37,0,0
12:06:21.875,885725,49.65,250.0,0.0,0.0,200.34,0,0
12:06:21.975,885825,49.65,250.0,0.0,0.0,200.34,0,0
12:06:21.994,885844,49.7,250.0,0.0,0.0,200.29,0,0
12:06:22.075,885925,49.74,250.0,0.0,0.0,200.25,0,0
12:06:22.175,886025,49.74,250.0,0.0,0.0,200.25,0,0
12:06:22.194,886044,49.68,250.0,0.0,0.0,200.31,0,0
12:06:22.293,886125,49.62,250.0,0.0,0.0,200.37,0,0
12:06:22.377,886225,49.62,250.0,0.0,0.0,200.37,0,0
12:06:22.394,886244,49.67,250.0,0.0,0.0,200.32,0,0
12:06:22.474,886325,49.72,250.0,0.0,0.0,200.27,0,0
12:06:22.575,886425,49.72,250.0,0.0,0.0,200.27,0,0
12:06:22.594,886444,49.63,250.0,0.0,0.0,200.36,0,0
12:06:22.674,886525,49.58,250.0,0.0,0.0,200.41,0,0
12:06:22.774,886625,49.56,250.0,0.0,0.0,200.43,0,0
12:06:22.876,886725,49.56,250.0,0.0,0.0,200.43,0,0
12:06:22.893,886743,49.56,250.0,0.0,0.0,200.43,0,0
12:06:22.975,886825,49.54,250.0,0.0,0.0,200.45,0,0
12:06:23.115,886925,49.54,250.0,0.0,0.0,200.45,0,0
12:06:23.120,886944,49.55,250.0,0.0,0.0,200.44,0,0
12:06:23.178,887025,49.55,250.0,0.0,0.0,200.44,0,0
12:06:23.199,887044,49.51,250.0,0.0,0.0,200.48,0,0
12:06:23.274,887125,49.47,250.0,0.0,0.0,200.52,0,0
12:06:23.375,887225,49.44,250.0,0.0,0.0,200.55,0,0
12:06:23.475,887325,49.44,250.0,0.0,0.0,200.55,0,0
12:06:23.494,887344,49.43,250.0,0.0,0.0,200.56,0,0
12:06:23.575,887425,49.4,250.0,0.0,0.0,200.59,0,0
12:06:23.675,887525,49.32,250.0,0.0,0.0,200.67,0,0
12:06:23.774,887625,49.32,250.0,0.0,0.0,200.67,0,0
12:06:23.794,887644,49.3,250.0,0.0,0.0,200.69,0,0
12:06:23.876,887725,49.28,250.0,0.0,0.0,200.71,0,0
12:06:23.980,887825,49.29,250.0,0.0,0.0,200.7,0,0
12:06:24.086,887925,49.29,250.0,0.0,0.0,200.7,0,0
12:06:24.108,887944,49.42,250.0,0.0,0.0,200.57,0,0
12:06:24.178,888025,49.54,250.0,0.0,0.0,200.45,0,0
12:06:24.275,888125,49.54,250.0,0.0,0.0,200.45,0,0
12:06:24.295,888144,49.53,250.0,0.0,0.0,200.46,0,0
12:06:24.375,888225,49.51,250.0,0.0,0.0,200.48,0,0
12:06:24.474,888325,49.51,250.0,0.0,0.0,200.48,0,0
12:06:24.574,888425,49.51,250.0,0.0,0.0,200.48,0,0
12:06:24.596,888444,49.55,250.0,0.0,0.0,200.44,0,0
12:06:24.676,888525,49.58,250.0,0.0,0.0,200.41,0,0
12:06:24.789,888625,49.53,250.0,0.0,0.0,200.46,0,0
12:06:24.875,888725,49.53,250.0,0.0,0.0,200.46,0,0
12:06:24.894,888743,49.53,250.0,0.0,0.0,200.46,0,0
12:06:24.980,888825,49.54,250.0,0.0,0.0,200.45,0,0
12:06:25.074,888925,49.55,250.0,0.0,0.0,200.44,0,0
12:06:25.174,889025,49.55,250.0,0.0,0.0,200.44,0,0
12:06:25.193,889044,49.48,250.0,0.0,0.0,200.51,0,0
12:06:25.274,889125,49.42,250.0,0.0,0.0,200.57,0,0
12:06:25.374,889225,49.44,250.0,0.0,0.0,200.55,0,0
12:06:25.474,889325,49.44,250.0,0.0,0.0,200.55,0,0
12:06:25.574,889425,49.39,250.0,0.0,0.0,200.6,0,0
12:06:25.674,889525,49.38,250.0,0.0,0.0,200.61,0,0
12:06:25.776,889625,49.38,250.0,0.0,0.0,200.61,0,0
12:06:25.794,889644,49.33,250.0,0.0,0.0,200.66,0,0
12:06:25.882,889725,49.29,250.0,0.0,0.0,200.7,0,0
12:06:25.974,889825,49.25,250.0,0.0,0.0,200.74,0,0
12:06:26.074,889925,49.25,250.0,0.0,0.0,200.74,0,0
12:06:26.093,889944,49.23,250.0,0.0,0.0,200.76,0,0
12:06:26.174,890025,49.2,250.0,0.0,0.0,200.79,0,0
12:06:26.277,890125,49.2,250.0,0.0,0.0,200.79,0,0
12:06:26.295,890144,49.29,250.0,0.0,0.0,200.7,0,0
12:06:26.375,890225,49.4,250.0,0.0,0.0,200.59,0,0
12:06:26.475,890325,49.4,250.0,0.0,0.0,200.59,0,0
12:06:26.494,890343,49.4,250.0,0.0,0.0,200.59,0,0
12:06:26.574,890425,49.39,250.0,0.0,0.0,200.6,0,0
12:06:26.674,890525,49.34,250.0,0.0,0.0,200.65,0,0
12:06:26.778,890625,49.3,250.0,0.0,0.0,200.69,0,0
12:06:26.881,890725,49.3,250.0,0.0,0.0,200.69,0,0
12:06:26.895,890744,49.3,250.0,0.0,0.0,200.69,0,0
12:06:26.974,890825,49.34,250.0,0.0,0.0,200.65,0,0
12:06:27.073,890925,49.34,250.0,0.0,0.0,200.65,0,0
12:06:27.094,890943,49.34,250.0,0.0,0.0,200.65,0,0
12:06:27.179,891025,49.39,250.0,0.0,0.0,200.6,0,0
12:06:27.274,891125,49.31,250.0,0.0,0.0,200.68,0,0
12:06:27.373,891225,49.31,250.0,0.0,0.0,200.68,0,0
12:06:27.393,891244,49.34,250.0,0.0,0.0,200.65,0,0
12:06:27.474,891325,49.37,250.0,0.0,0.0,200.62,0,0
12:06:27.575,891425,49.37,250.0,0.0,0.0,200.62,0,0
12:06:27.678,891525,49.3,250.0,0.0,0.0,200.69,0,0
12:06:27.790,891625,49.3,250.0,0.0,0.0,200.69,0,0
12:06:27.793,891644,49.35,250.0,0.0,0.0,200.64,0,0
12:06:27.875,891725,49.41,250.0,0.0,0.0,200.58,0,0
12:06:27.974,891825,49.38,250.0,0.0,0.0,200.61,0,0
12:06:28.073,891925,49.38,250.0,0.0,0.0,200.61,0,0
12:06:28.093,891944,49.4,250.0,0.0,0.0,200.59,0,0
12:06:28.176,892025,49.43,250.0,0.0,0.0,200.56,0,0
12:06:28.274,892125,49.43,250.0,0.0,0.0,200.56,0,0
12:06:28.292,892144,49.52,250.0,0.0,0.0,200.47,0,0
12:06:28.409,892225,49.58,250.0,0.0,0.0,200.41,0,0
12:06:28.474,892325,49.43,250.0,0.0,0.0,200.56,0,0
12:06:28.586,892425,49.35,250.0,0.0,0.0,200.64,0,0
12:06:28.673,892525,49.35,250.0,0.0,0.0,200.64,0,0
12:06:28.692,892544,49.4,250.0,0.0,0.0,200.59,0,0
12:06:28.774,892625,49.45,250.0,0.0,0.0,200.54,0,0
12:06:28.873,892725,49.44,250.0,0.0,0.0,200.55,0,0
12:06:28.973,892825,49.44,250.0,0.0,0.0,200.55,0,0
12:06:28.992,892844,49.33,250.0,0.0,0.0,200.66,0,0
12:06:29.073,892925,49.24,250.0,0.0,0.0,200.75,0,0
12:06:29.174,893025,49.25,250.0,0.0,0.0,200.74,0,0
12:06:29.289,893125,49.25,250.0,0.0,0.0,200.74,0,0
12:06:29.292,893144,49.26,250.0,0.0,0.0,200.73,0,0
12:06:29.373,893225,49.27,250.0,0.0,0.0,200.72,0,0
12:06:29.475,893325,49.28,250.0,0.0,0.0,200.71,0,0
12:06:29.573,893425,49.34,250.0,0.0,0.0,200.65,0,0
12:06:29.673,893525,49.34,250.0,0.0,0.0,200.65,0,0
12:06:29.692,893543,49.34,250.0,0.0,0.0,200.65,0,0
12:06:29.776,893625,49.32,250.0,0.0,0.0,200.67,0,0
12:06:29.873,893725,49.32,250.0,0.0,0.0,200.67,0,0
12:06:29.892,893744,49.35,250.0,0.0,0.0,200.64,0,0
12:06:29.973,893825,49.38,250.0,0.0,0.0,200.61,0,0
12:06:30.073,893925,49.38,250.0,0.0,0.0,200.61,0,0
12:06:30.093,893943,49.38,250.0,0.0,0.0,200.61,0,0
12:06:30.175,894025,49.3,250.0,0.0,0.0,200.69,0,0
12:06:30.273,894125,49.3,250.0,0.0,0.0,200.69,0,0
12:06:30.292,894144,49.34,250.0,0.0,0.0,200.65,0,0
12:06:30.374,894225,49.36,250.0,0.0,0.0,200.63,0,0
12:06:30.474,894325,49.37,250.0,0.0,0.0,200.62,0,0
12:06:30.573,894425,49.26,250.0,0.0,0.0,200.73,0,0
12:06:30.675,894525,49.26,250.0,0.0,0.0,200.73,0,0
12:06:30.692,894543,49.26,250.0,0.0,0.0,200.73,0,0
12:06:30.773,894625,49.28,250.0,0.0,0.0,200.71,0,0
12:06:30.873,894725,49.29,250.0,0.0,0.0,200.7,0,0
12:06:30.973,894825,49.32,250.0,0.0,0.0,200.67,0,0
12:06:31.074,894925,49.32,250.0,0.0,0.0,200.67,0,0
12:06:31.093,894944,49.33,250.0,0.0,0.0,200.66,0,0
12:06:31.176,895025,49.36,250.0,0.0,0.0,200.63,0,0
12:06:31.276,895125,49.33,250.0,0.0,0.0,200.66,0,0
12:06:31.373,895225,49.39,250.0,0.0,0.0,200.6,0,0
12:06:31.473,895325,49.39,250.0,0.0,0.0,200.6,0,0
12:06:31.492,895344,49.41,250.0,0.0,0.0,200.58,0,0
12:06:31.573,895425,49.43,250.0,0.0,0.0,200.56,0,0
12:06:31.673,895525,49.3,250.0,0.0,0.0,200.69,0,0
12:06:31.773,895625,49.3,250.0,0.0,0.0,200.69,0,0
12:06:31.790,895643,49.3,250.0,0.0,0.0,200.69,0,0
12:06:31.880,895725,49.3,250.0,0.0,0.0,200.69,0,0
12:06:31.893,895744,49.45,250.0,0.0,0.0,200.54,0,0
12:06:31.974,895825,49.59,250.0,0.0,0.0,200.4,0,0
12:06:32.072,895925,49.59,250.0,0.0,0.0,200.4,0,0
12:06:32.098,895944,49.55,250.0,0.0,0.0,200.44,0,0
12:06:32.172,896025,49.5,250.0,0.0,0.0,200.49,0,0
12:06:32.272,896125,49.5,250.0,0.0,0.0,200.49,0,0
12:06:32.291,896143,49.5,250.0,0.0,0.0,200.49,0,0
12:06:32.372,896225,49.52,250.0,0.0,0.0,200.47,0,0
12:06:32.473,896325,49.53,250.0,0.0,0.0,200.46,0,0
12:06:32.572,896425,49.53,250.0,0.0,0.0,200.46,0,0
12:06:32.591,896444,49.49,250.0,0.0,0.0,200.5,0,0
12:06:32.672,896525,49.45,250.0,0.0,0.0,200.54,0,0
12:06:32.775,896625,49.37,250.0,0.0,0.0,200.62,0,0
12:06:32.884,896725,49.29,250.0,0.0,0.0,200.7,0,0
12:06:32.971,896825,49.29,250.0,0.0,0.0,200.7,0,0
12:06:32.991,896844,49.25,250.0,0.0,0.0,200.74,0,0
12:06:33.072,896925,49.21,250.0,0.0,0.0,200.78,0,0
12:06:33.171,897025,49.21,250.0,0.0,0.0,200.78,0,0
12:06:33.191,897044,49.23,250.0,0.0,0.0,200.76,0,0
12:06:33.272,897125,49.27,250.0,0.0,0.0,200.72,0,0
12:06:33.372,897225,49.28,250.0,0.0,0.0,200.71,0,0
12:06:33.473,897325,49.26,250.0,0.0,0.0,200.73,0,0
12:06:33.581,897425,49.26,250.0,0.0,0.0,200.73,0,0
12:06:33.595,897444,49.28,250.0,0.0,0.0,200.71,0,0
12:06:33.672,897525,49.28,250.0,0.0,0.0,200.71,0,0
12:06:33.691,897544,49.26,250.0,0.0,0.0,200.73,0,0
12:06:33.779,897625,49.25,250.0,0.0,0.0,200.74,0,0
12:06:33.871,897725,49.23,250.0,0.0,0.0,200.76,0,0
12:06:33.972,897825,49.23,250.0,0.0,0.0,200.76,0,0
12:06:33.991,897844,49.27,250.0,0.0,0.0,200.72,0,0
12:06:34.072,897925,49.28,250.0,0.0,0.0,200.71,0,0
12:06:34.172,898025,49.29,250.0,0.0,0.0,200.7,0,0
12:06:34.272,898125,49.17,250.0,0.0,0.0,200.82,0,0
12:06:34.372,898225,49.17,250.0,0.0,0.0,200.82,0,0
12:06:34.398,898244,49.22,250.0,0.0,0.0,200.77,0,0
12:06:34.487,898325,49.26,250.0,0.0,0.0,200.73,0,0
12:06:34.582,898425,49.27,250.0,0.0,0.0,200.72,0,0
12:06:34.701,898525,49.33,250.0,0.0,0.0,200.66,0,0
12:06:34.773,898625,49.33,250.0,0.0,0.0,200.66,0,0
12:06:34.800,898644,49.31,250.0,0.0,0.0,200.68,0,0
12:06:34.872,898725,49.32,250.0,0.0,0.0,200.67,0,0
12:06:34.973,898825,49.32,250.0,0.0,0.0,200.67,0,0
12:06:35.072,898925,49.32,250.0,0.0,0.0,200.67,0,0
12:06:35.091,898944,49.35,250.0,0.0,0.0,200.64,0,0
12:06:35.172,899025,49.38,250.0,0.0,0.0,200.61,0,0
12:06:35.273,899125,49.35,250.0,0.0,0.0,200.64,0,0
12:06:35.371,899225,49.35,250.0,0.0,0.0,200.64,0,0
12:06:35.392,899243,49.35,250.0,0.0,0.0,200.64,0,0
12:06:35.472,899325,49.28,250.0,0.0,0.0,200.71,0,0
12:06:35.586,899425,49.26,250.0,0.0,0.0,200.73,0,0
12:06:35.673,899525,49.3,250.0,0.0,0.0,200.69,0,0
12:06:35.787,899625,49.31,250.0,0.0,0.0,200.68,0,0
12:06:35.877,899725,49.34,250.0,0.0,0.0,200.65,0,0
12:06:35.972,899825,49.29,250.0,0.0,0.0,200.7,0,0
12:06:36.071,899925,49.25,250.0,0.0,0.0,200.74,0,0
12:06:36.171,900025,49.25,250.0,0.0,0.0,200.74,0,0
12:06:36.191,900044,49.26,250.0,0.0,0.0,200.73,0,0
12:06:36.272,900125,49.25,250.0,0.0,0.0,200.74,0,0
12:06:36.372,900225,49.31,250.0,0.0,0.0,200.68,0,0
12:06:36.484,900325,49.32,250.0,0.0,0.0,200.67,0,0
12:06:36.576,900425,49.32,250.0,0.0,0.0,200.67,0,0
12:06:36.596,900444,49.32,250.0,0.0,0.0,200.67,0,0
12:06:36.676,900525,49.3,250.0,0.0,0.0,200.69,0,0
12:06:36.771,900625,49.29,250.0,0.0,0.0,200.7,0,0
12:06:36.871,900725,49.29,250.0,0.0,0.0,200.7,0,0
12:06:36.890,900744,49.29,250.0,0.0,0.0,200.7,0,0
12:06:36.971,900825,49.29,250.0,0.0,0.0,200.7,0,0
12:06:36.990,900843,49.29,250.0,0.0,0.0,200.7,0,0
12:06:37.071,900925,49.33,250.0,0.0,0.0,200.66,0,0
12:06:37.171,901025,49.33,250.0,0.0,0.0,200.66,0,0
12:06:37.272,901125,49.33,250.0,0.0,0.0,200.66,0,0
12:06:37.308,901144,49.36,250.0,0.0,0.0,200.63,0,0
12:06:37.372,901225,49.39,250.0,0.0,0.0,200.6,0,0
12:06:37.472,901325,49.29,250.0,0.0,0.0,200.7,0,0
12:06:37.571,901425,49.32,250.0,0.0,0.0,200.67,0,0
12:06:37.671,901525,49.25,250.0,0.0,0.0,200.74,0,0
12:06:37.770,901625,49.25,250.0,0.0,0.0,200.74,0,0
12:06:37.790,901644,49.29,250.0,0.0,0.0,200.7,0,0
12:06:37.871,901725,49.32,250.0,0.0,0.0,200.67,0,0
12:06:37.970,901825,49.32,250.0,0.0,0.0,200.67,0,0
12:06:37.991,901844,49.3,250.0,0.0,0.0,200.69,0,0
12:06:38.071,901925,49.28,250.0,0.0,0.0,200.71,0,0
12:06:38.173,902025,49.27,250.0,0.0,0.0,200.72,0,0
12:06:38.270,902125,49.27,250.0,0.0,0.0,200.72,0,0
12:06:38.295,902144,49.28,250.0,0.0,0.0,200.71,0,0
12:06:38.371,902225,49.29,250.0,0.0,0.0,200.7,0,0
12:06:38.470,902325,49.27,250.0,0.0,0.0,200.72,0,0
12:06:38.572,902425,49.21,250.0,0.0,0.0,200.78,0,0
12:06:38.670,902525,49.21,250.0,0.0,0.0,200.78,0,0
12:06:38.690,902544,49.2,250.0,0.0,0.0,200.79,0,0
12:06:38.771,902625,49.19,250.0,0.0,0.0,200.8,0,0
12:06:38.870,902725,49.18,250.0,0.0,0.0,200.81,0,0
12:06:38.971,902825,49.23,250.0,0.0,0.0,200.76,0,0
12:06:39.074,902925,49.23,250.0,0.0,0.0,200.76,0,0
12:06:39.089,902944,49.29,250.0,0.0,0.0,200.7,0,0
12:06:39.186,903025,49.29,250.0,0.0,0.0,200.7,0,0
12:06:39.203,903044,49.33,250.0,0.0,0.0,200.66,0,0
12:06:39.275,903125,49.36,250.0,0.0,0.0,200.63,0,0
12:06:39.371,903225,49.33,250.0,0.0,0.0,200.66,0,0
12:06:39.471,903325,49.31,250.0,0.0,0.0,200.68,0,0
12:06:39.576,903425,49.31,250.0,0.0,0.0,200.68,0,0
12:06:39.590,903444,49.29,250.0,0.0,0.0,200.7,0,0
12:06:39.671,903525,49.28,250.0,0.0,0.0,200.71,0,0
12:06:39.770,903625,49.24,250.0,0.0,0.0,200.75,0,0
12:06:39.931,903725,49.17,250.0,0.0,0.0,200.82,0,0
12:06:39.974,903825,49.17,250.0,0.0,0.0,200.82,0,0
12:06:40.077,903925,49.16,250.0,0.0,0.0,200.83,0,0
12:06:40.175,904025,49.16,250.0,0.0,0.0,200.83,0,0
12:06:40.270,904125,49.16,250.0,0.0,0.0,200.83,0,0
12:06:40.289,904144,49.33,250.0,0.0,0.0,200.66,0,0
12:06:40.371,904225,49.48,250.0,0.0,0.0,200.51,0,0
12:06:40.470,904325,49.5,250.0,0.0,0.0,200.49,0,0
12:06:40.571,904425,49.51,250.0,0.0,0.0,200.48,0,0
12:06:40.670,904525,49.51,250.0,0.0,0.0,200.48,0,0
12:06:40.689,904543,49.51,250.0,0.0,0.0,200.48,0,0
12:06:40.779,904625,49.52,250.0,0.0,0.0,200.47,0,0
12:06:40.886,904725,49.53,250.0,0.0,0.0,200.46,0,0
12:06:40.991,904825,49.53,250.0,0.0,0.0,200.46,0,0
12:06:40.996,904844,49.59,250.0,0.0,0.0,200.4,0,0
12:06:41.072,904925,49.59,250.0,0.0,0.0,200.4,0,0
12:06:41.090,904944,49.54,250.0,0.0,0.0,200.45,0,0
12:06:41.170,905025,49.5,250.0,0.0,0.0,200.49,0,0
12:06:41.270,905125,49.5,250.0,0.0,0.0,200.49,0,0
12:06:41.370,905225,49.5,250.0,0.0,0.0,200.49,0,0
12:06:41.388,905244,49.56,250.0,0.0,0.0,200.43,0,0
12:06:41.470,905325,49.62,250.0,0.0,0.0,200.37,0,0
12:06:41.570,905425,49.57,250.0,0.0,0.0,200.42,0,0
12:06:41.681,905525,49.57,250.0,0.0,0.0,200.42,0,0
12:06:41.689,905543,49.57,250.0,0.0,0.0,200.42,0,0
12:06:41.795,905625,49.6,250.0,0.0,0.0,200.39,0,0
12:06:41.877,905725,49.6,250.0,0.0,0.0,200.39,0,0
12:06:41.974,905825,49.53,250.0,0.0,0.0,200.46,0,0
12:06:42.096,905925,49.51,250.0,0.0,0.0,200.48,0,0
12:06:42.181,906025,49.51,250.0,0.0,0.0,200.48,0,0
12:06:42.196,906044,49.48,250.0,0.0,0.0,200.51,0,0
12:06:42.274,906125,49.44,250.0,0.0,0.0,200.55,0,0
12:06:42.370,906225,49.38,250.0,0.0,0.0,200.61,0,0
12:06:42.469,906325,49.33,250.0,0.0,0.0,200.66,0,0
12:06:42.571,906425,49.33,250.0,0.0,0.0,200.66,0,0
12:06:42.588,906444,49.31,250.0,0.0,0.0,200.68,0,0
12:06:42.670,906525,49.29,250.0,0.0,0.0,200.7,0,0
12:06:42.770,906625,49.23,250.0,0.0,0.0,200.76,0,0
12:06:42.917,906725,49.23,250.0,0.0,0.0,200.76,0,0
12:06:42.926,906744,49.22,250.0,0.0,0.0,200.77,0,0
12:06:42.990,906825,49.21,250.0,0.0,0.0,200.78,0,0
12:06:43.074,906925,49.1,250.0,0.0,0.0,200.89,0,0
12:06:43.170,907025,49.1,250.0,0.0,0.0,200.89,0,0
12:06:43.189,907044,49.1,250.0,0.0,0.0,200.89,0,0
12:06:43.270,907125,49.1,250.0,0.0,0.0,200.89,0,0
12:06:43.370,907225,49.18,250.0,0.0,0.0,200.81,0,0
12:06:43.470,907325,49.1,250.0,0.0,0.0,200.89,0,0
12:06:43.570,907425,49.1,250.0,0.0,0.0,200.89,0,0
12:06:43.588,907444,49.07,250.0,0.0,0.0,200.92,0,0
12:06:43.670,907525,49.07,250.0,0.0,0.0,200.92,0,0
12:06:43.689,907544,49.13,250.0,0.0,0.0,200.86,0,0
12:06:43.788,907625,49.18,250.0,0.0,0.0,200.81,0,0
12:06:43.883,907725,49.2,250.0,0.0,0.0,200.79,0,0
12:06:43.978,907825,49.19,250.0,0.0,0.0,200.8,0,0
12:06:44.074,907925,49.13,250.0,0.0,0.0,200.86,0,0
12:06:44.169,908025,49.13,250.0,0.0,0.0,200.86,0,0
12:06:44.188,908044,49.11,250.0,0.0,0.0,200.88,0,0
12:06:44.270,908125,49.08,250.0,0.0,0.0,200.91,0,0
12:06:44.370,908225,49.06,250.0,0.0,0.0,200.93,0,0
12:06:44.469,908325,49.06,250.0,0.0,0.0,200.93,0,0
12:06:44.489,908344,49.22,250.0,0.0,0.0,200.77,0,0
12:06:44.569,908425,49.33,250.0,0.0,0.0,200.66,0,0
12:06:44.723,908525,49.33,250.0,0.0,0.0,200.66,0,0
12:06:44.772,908544,49.31,250.0,0.0,0.0,200.68,0,0
12:06:44.808,908625,49.32,250.0,0.0,0.0,200.67,0,0
12:06:44.876,908725,49.35,250.0,0.0,0.0,200.64,0,0
12:06:44.976,908825,49.35,250.0,0.0,0.0,200.64,0,0
12:06:44.988,908844,49.43,250.0,0.0,0.0,200.56,0,0
12:06:45.069,908925,49.47,250.0,0.0,0.0,200.52,0,0
12:06:45.170,909025,49.47,250.0,0.0,0.0,200.52,0,0
12:06:45.188,909044,49.46,250.0,0.0,0.0,200.53,0,0
12:06:45.269,909125,49.45,250.0,0.0,0.0,200.54,0,0
12:06:45.369,909225,49.42,250.0,0.0,0.0,200.57,0,0
12:06:45.469,909325,49.31,250.0,0.0,0.0,200.68,0,0
12:06:45.588,909425,49.27,250.0,0.0,0.0,200.72,0,0
12:06:45.702,909525,49.27,250.0,0.0,0.0,200.72,0,0
12:06:45.730,909544,49.31,250.0,0.0,0.0,200.68,0,0
12:06:45.776,909625,49.36,250.0,0.0,0.0,200.63,0,0
12:06:45.876,909725,49.34,250.0,0.0,0.0,200.65,0,0
12:06:45.969,909825,49.34,250.0,0.0,0.0,200.65,0,0
12:06:45.988,909843,49.34,250.0,0.0,0.0,200.65,0,0
12:06:46.069,909925,49.39,250.0,0.0,0.0,200.6,0,0
12:06:46.169,910025,49.34,250.0,0.0,0.0,200.65,0,0
12:06:46.268,910125,49.34,250.0,0.0,0.0,200.65,0,0
12:06:46.288,910144,49.42,250.0,0.0,0.0,200.57,0,0
12:06:46.369,910225,49.49,250.0,0.0,0.0,200.5,0,0
12:06:46.469,910325,49.45,250.0,0.0,0.0,200.54,0,0
12:06:46.604,910425,49.45,250.0,0.0,0.0,200.54,0,0
12:06:46.622,910444,49.54,250.0,0.0,0.0,200.45,0,0
12:06:46.685,910525,49.6,250.0,0.0,0.0,200.39,0,0
12:06:46.773,910625,49.6,250.0,0.0,0.0,200.39,0,0
12:06:46.790,910644,49.58,250.0,0.0,0.0,200.41,0,0
12:06:46.869,910725,49.58,250.0,0.0,0.0,200.41,0,0
12:06:46.969,910825,49.64,250.0,0.0,0.0,200.35,0,0
12:06:47.069,910925,49.53,250.0,0.0,0.0,200.46,0,0
12:06:47.169,911025,49.53,250.0,0.0,0.0,200.46,0,0
12:06:47.189,911044,49.54,250.0,0.0,0.0,200.45,0,0
12:06:47.269,911125,49.53,250.0,0.0,0.0,200.46,0,0
12:06:47.369,911225,49.51,250.0,0.0,0.0,200.48,0,0
12:06:47.505,911325,49.45,250.0,0.0,0.0,200.54,0,0
12:06:47.572,911425,49.45,250.0,0.0,0.0,200.54,0,0
12:06:47.592,911444,49.47,250.0,0.0,0.0,200.52,0,0
12:06:47.675,911525,49.48,250.0,0.0,0.0,200.51,0,0
12:06:47.769,911625,49.5,250.0,0.0,0.0,200.49,0,0
12:06:47.869,911725,49.5,250.0,0.0,0.0,200.49,0,0
12:06:47.888,911744,49.58,250.0,0.0,0.0,200.41,0,0
12:06:47.969,911825,49.66,250.0,0.0,0.0,200.33,0,0
12:06:48.069,911925,49.63,250.0,0.0,0.0,200.36,0,0
12:06:48.168,912025,49.63,250.0,0.0,0.0,200.36,0,0
12:06:48.188,912044,49.63,250.0,0.0,0.0,200.36,0,0
12:06:48.268,912125,49.66,250.0,0.0,0.0,200.33,0,0
12:06:48.375,912225,49.65,250.0,0.0,0.0,200.34,0,0
12:06:48.470,912325,49.57,250.0,0.0,0.0,200.42,0,0
12:06:48.570,912425,49.58,250.0,0.0,0.0,200.41,0,0
12:06:48.668,912525,49.51,250.0,0.0,0.0,200.48,0,0
12:06:48.771,912625,49.51,250.0,0.0,0.0,200.48,0,0
12:06:48.787,912644,49.52,250.0,0.0,0.0,200.47,0,0
12:06:48.868,912725,49.53,250.0,0.0,0.0,200.46,0,0
12:06:48.968,912825,49.49,250.0,0.0,0.0,200.5,0,0
12:06:49.068,912925,49.4,250.0,0.0,0.0,200.59,0,0
12:06:49.168,913025,49.4,250.0,0.0,0.0,200.59,0,0
12:06:49.187,913044,49.47,250.0,0.0,0.0,200.52,0,0
12:06:49.272,913125,49.54,250.0,0.0,0.0,200.45,0,0
12:06:49.374,913225,49.5,250.0,0.0,0.0,200.49,0,0
12:06:49.472,913325,49.5,250.0,0.0,0.0,200.49,0,0
12:06:49.500,913344,49.49,250.0,0.0,0.0,200.5,0,0
12:06:49.575,913425,49.47,250.0,0.0,0.0,200.52,0,0
12:06:49.680,913525,49.39,250.0,0.0,0.0,200.6,0,0
12:06:49.768,913625,49.39,250.0,0.0,0.0,200.6,0,0
12:06:49.868,913725,49.39,250.0,0.0,0.0,200.6,0,0
12:06:49.887,913744,49.39,250.0,0.0,0.0,200.6,0,0
12:06:49.968,913825,49.39,250.0,0.0,0.0,200.6,0,0
12:06:50.068,913925,49.33,250.0,0.0,0.0,200.66,0,0
12:06:50.169,914025,49.33,250.0,0.0,0.0,200.66,0,0
12:06:50.268,914125,49.33,250.0,0.0,0.0,200.66,0,0
12:06:50.287,914144,49.39,250.0,0.0,0.0,200.6,0,0
12:06:50.391,914225,49.46,250.0,0.0,0.0,200.53,0,0
12:06:50.468,914325,49.35,250.0,0.0,0.0,200.64,0,0
12:06:50.569,914425,49.35,250.0,0.0,0.0,200.64,0,0
12:06:50.594,914444,49.45,250.0,0.0,0.0,200.54,0,0
12:06:50.669,914525,49.57,250.0,0.0,0.0,200.42,0,0
12:06:50.768,914625,49.47,250.0,0.0,0.0,200.52,0,0
12:06:50.868,914725,49.44,250.0,0.0,0.0,200.55,0,0
12:06:50.968,914825,49.3,250.0,0.0,0.0,200.69,0,0
12:06:51.068,914925,49.3,250.0,0.0,0.0,200.69,0,0
12:06:51.086,914944,49.34,250.0,0.0,0.0,200.65,0,0
12:06:51.174,915025,49.37,250.0,0.0,0.0,200.62,0,0
12:06:51.270,915125,49.34,250.0,0.0,0.0,200.65,0,0
12:06:51.375,915225,49.34,250.0,0.0,0.0,200.65,0,0
12:06:51.469,915325,49.34,250.0,0.0,0.0,200.65,0,0
12:06:51.490,915344,49.4,250.0,0.0,0.0,200.59,0,0
12:06:51.568,915425,49.45,250.0,0.0,0.0,200.54,0,0
12:06:51.668,915525,49.41,250.0,0.0,0.0,200.58,0,0
12:06:51.768,915625,49.36,250.0,0.0,0.0,200.63,0,0
12:06:51.868,915725,49.36,250.0,0.0,0.0,200.63,0,0
12:06:51.886,915744,49.46,250.0,0.0,0.0,200.53,0,0
12:06:51.968,915825,49.53,250.0,0.0,0.0,200.46,0,0
12:06:52.106,915925,49.53,250.0,0.0,0.0,200.46,0,0
12:06:52.232,915944,49.58,250.0,0.0,0.0,200.41,0,0
12:06:52.251,916025,49.64,250.0,0.0,0.0,200.35,0,0
12:06:52.272,916125,49.64,250.0,0.0,0.0,200.35,0,0
12:06:52.304,916143,49.64,250.0,0.0,0.0,200.35,0,0
12:06:52.368,916225,49.66,250.0,0.0,0.0,200.33,0,0
12:06:52.480,916325,49.58,250.0,0.0,0.0,200.41,0,0
12:06:52.567,916425,49.58,250.0,0.0,0.0,200.41,0,0
12:06:52.585,916444,49.59,250.0,0.0,0.0,200.4,0,0
12:06:52.667,916525,49.59,250.0,0.0,0.0,200.4,0,0
12:06:52.767,916625,49.52,250.0,0.0,0.0,200.47,0,0
12:06:52.867,916725,49.48,250.0,0.0,0.0,200.51,0,0
12:06:52.967,916825,49.42,250.0,0.0,0.0,200.57,0,0
12:06:53.067,916925,49.42,250.0,0.0,0.0,200.57,0,0
12:06:53.163,916944,49.41,250.0,0.0,0.0,200.58,0,0
12:06:53.190,917025,49.41,250.0,0.0,0.0,200.58,0,0
12:06:53.270,917125,49.41,250.0,0.0,0.0,200.58,0,0
12:06:53.298,917143,49.41,250.0,0.0,0.0,200.58,0,0
12:06:53.369,917225,49.38,250.0,0.0,0.0,200.61,0,0
12:06:53.467,917325,49.36,250.0,0.0,0.0,200.63,0,0
12:06:53.567,917425,49.36,250.0,0.0,0.0,200.63,0,0
12:06:53.586,917444,49.33,250.0,0.0,0.0,200.66,0,0
12:06:53.668,917525,49.34,250.0,0.0,0.0,200.65,0,0
12:06:53.767,917625,49.34,250.0,0.0,0.0,200.65,0,0
12:06:53.786,917644,49.37,250.0,0.0,0.0,200.62,0,0
12:06:53.868,917725,49.37,250.0,0.0,0.0,200.62,0,0
12:06:53.885,917744,49.39,250.0,0.0,0.0,200.6,0,0
12:06:53.968,917825,49.42,250.0,0.0,0.0,200.57,0,0
12:06:54.112,917925,49.41,250.0,0.0,0.0,200.58,0,0
12:06:54.192,918025,49.41,250.0,0.0,0.0,200.58,0,0
12:06:54.196,918044,49.46,250.0,0.0,0.0,200.53,0,0
12:06:54.273,918125,49.5,250.0,0.0,0.0,200.49,0,0
12:06:54.367,918225,49.46,250.0,0.0,0.0,200.53,0,0
12:06:54.467,918325,49.46,250.0,0.0,0.0,200.53,0,0
12:06:54.486,918344,49.43,250.0,0.0,0.0,200.56,0,0
12:06:54.567,918425,49.42,250.0,0.0,0.0,200.57,0,0
12:06:54.667,918525,49.39,250.0,0.0,0.0,200.6,0,0
12:06:54.767,918625,49.39,250.0,0.0,0.0,200.6,0,0
12:06:54.866,918725,49.42,250.0,0.0,0.0,200.57,0,0
12:06:54.987,918825,49.44,250.0,0.0,0.0,200.55,0,0
12:06:55.070,918925,49.3,250.0,0.0,0.0,200.69,0,0
12:06:55.175,919025,49.1,250.0,0.0,0.0,200.89,0,0
12:06:55.267,919125,49.1,250.0,0.0,0.0,200.89,0,0
12:06:55.285,919144,49.18,250.0,0.0,0.0,200.81,0,0
12:06:55.368,919225,49.25,250.0,0.0,0.0,200.74,0,0
12:06:55.467,919325,49.24,250.0,0.0,0.0,200.75,0,0
12:06:55.567,919425,49.23,250.0,0.0,0.0,200.76,0,0
12:06:55.667,919525,49.23,250.0,0.0,0.0,200.76,0,0
12:06:55.685,919544,49.29,250.0,0.0,0.0,200.7,0,0
12:06:55.767,919625,49.29,250.0,0.0,0.0,200.7,0,0
12:06:55.785,919644,49.3,250.0,0.0,0.0,200.69,0,0
12:06:55.915,919725,49.31,250.0,0.0,0.0,200.68,0,0
12:06:55.974,919825,49.31,250.0,0.0,0.0,200.68,0,0
12:06:56.007,919844,49.41,250.0,0.0,0.0,200.58,0,0
12:06:56.082,919925,49.51,250.0,0.0,0.0,200.48,0,0
12:06:56.167,920025,49.42,250.0,0.0,0.0,200.57,0,0
12:06:56.266,920125,49.42,250.0,0.0,0.0,200.57,0,0
12:06:56.284,920144,49.41,250.0,0.0,0.0,200.58,0,0
12:06:56.367,920225,49.44,250.0,0.0,0.0,200.55,0,0
12:06:56.467,920325,49.4,250.0,0.0,0.0,200.59,0,0
12:06:56.566,920425,49.4,250.0,0.0,0.0,200.59,0,0
12:06:56.585,920444,49.4,250.0,0.0,0.0,200.59,0,0
12:06:56.667,920525,49.4,250.0,0.0,0.0,200.59,0,0
12:06:56.792,920625,49.37,250.0,0.0,0.0,200.62,0,0
12:06:56.872,920725,49.37,250.0,0.0,0.0,200.62,0,0
12:06:56.966,920825,49.37,250.0,0.0,0.0,200.62,0,0
12:06:57.066,920925,49.3,250.0,0.0,0.0,200.69,0,0
12:06:57.167,921025,49.3,250.0,0.0,0.0,200.69,0,0
12:06:57.185,921044,49.3,250.0,0.0,0.0,200.69,0,0
12:06:57.266,921125,49.31,250.0,0.0,0.0,200.68,0,0
12:06:57.366,921225,49.32,250.0,0.0,0.0,200.67,0,0
12:06:57.467,921325,49.32,250.0,0.0,0.0,200.67,0,0
12:06:57.490,921343,49.32,250.0,0.0,0.0,200.67,0,0
12:06:57.568,921425,49.25,250.0,0.0,0.0,200.74,0,0
12:06:57.680,921525,49.21,250.0,0.0,0.0,200.78,0,0
12:06:57.766,921625,49.21,250.0,0.0,0.0,200.78,0,0
12:06:57.790,921644,49.28,250.0,0.0,0.0,200.71,0,0
12:06:57.866,921725,49.28,250.0,0.0,0.0,200.71,0,0
12:06:57.885,921744,49.26,250.0,0.0,0.0,200.73,0,0
12:06:57.968,921825,49.25,250.0,0.0,0.0,200.74,0,0
12:06:58.066,921925,49.18,250.0,0.0,0.0,200.81,0,0
12:06:58.166,922025,49.18,250.0,0.0,0.0,200.81,0,0
12:06:58.266,922125,49.18,250.0,0.0,0.0,200.81,0,0
12:06:58.354,922144,49.17,250.0,0.0,0.0,200.82,0,0
12:06:58.368,922225,49.17,250.0,0.0,0.0,200.82,0,0
12:06:58.469,922325,49.19,250.0,0.0,0.0,200.8,0,0
12:06:58.566,922425,49.19,250.0,0.0,0.0,200.8,0,0
12:06:58.585,922443,49.19,250.0,0.0,0.0,200.8,0,0
12:06:58.666,922525,49.18,250.0,0.0,0.0,200.81,0,0
12:06:58.766,922625,49.13,250.0,0.0,0.0,200.86,0,0
12:06:58.866,922725,49.13,250.0,0.0,0.0,200.86,0,0
12:06:58.885,922744,49.1,250.0,0.0,0.0,200.89,0,0
12:06:58.966,922825,49.08,250.0,0.0,0.0,200.91,0,0
12:06:59.084,922925,49.08,250.0,0.0,0.0,200.91,0,0
12:06:59.171,923025,49.04,250.0,0.0,0.0,200.95,0,0
12:06:59.267,923125,49.04,250.0,0.0,0.0,200.95,0,0
12:06:59.285,923144,49.04,250.0,0.0,0.0,200.95,0,0
12:06:59.365,923225,49.05,250.0,0.0,0.0,200.94,0,0
12:06:59.465,923325,49.06,250.0,0.0,0.0,200.93,0,0
12:06:59.566,923425,49.06,250.0,0.0,0.0,200.93,0,0
12:06:59.584,923443,49.06,250.0,0.0,0.0,200.93,0,0
12:06:59.666,923525,49.09,250.0,0.0,0.0,200.9,0,0
12:06:59.765,923625,49.15,250.0,0.0,0.0,200.84,0,0
12:06:59.926,923725,49.14,250.0,0.0,0.0,200.85,0,0
12:06:59.972,923825,49.14,250.0,0.0,0.0,200.85,0,0
12:06:59.995,923844,49.14,250.0,0.0,0.0,200.85,0,0
12:07:00.067,923925,49.16,250.0,0.0,0.0,200.83,0,0
12:07:00.166,924025,49.21,250.0,0.0,0.0,200.78,0,0
12:07:00.266,924125,49.2,250.0,0.0,0.0,200.79,0,0
12:07:00.365,924225,49.2,250.0,0.0,0.0,200.79,0,0
12:07:00.384,924244,49.14,250.0,0.0,0.0,200.85,0,0
12:07:00.466,924325,49.09,250.0,0.0,0.0,200.9,0,0
12:07:00.565,924425,49.09,250.0,0.0,0.0,200.9,0,0
12:07:00.724,924525,49.05,250.0,0.0,0.0,200.94,0,0
12:07:00.768,924625,49.05,250.0,0.0,0.0,200.94,0,0
12:07:00.785,924644,49.2,250.0,0.0,0.0,200.79,0,0
12:07:00.865,924725,49.34,250.0,0.0,0.0,200.65,0,0
12:07:00.966,924825,49.37,250.0,0.0,0.0,200.62,0,0
12:07:01.066,924925,49.37,250.0,0.0,0.0,200.62,0,0
12:07:01.084,924943,49.37,250.0,0.0,0.0,200.62,0,0
12:07:01.166,925025,49.37,250.0,0.0,0.0,200.62,0,0
12:07:01.185,925044,49.45,250.0,0.0,0.0,200.54,0,0
12:07:01.265,925125,49.51,250.0,0.0,0.0,200.48,0,0
12:07:01.365,925225,49.47,250.0,0.0,0.0,200.52,0,0
12:07:01.465,925325,49.39,250.0,0.0,0.0,200.6,0,0
12:07:01.567,925425,49.39,250.0,0.0,0.0,200.6,0,0
12:07:01.594,925443,49.39,250.0,0.0,0.0,200.6,0,0
12:07:01.666,925525,49.39,250.0,0.0,0.0,200.6,0,0
12:07:01.764,925625,49.34,250.0,0.0,0.0,200.65,0,0
12:07:01.865,925725,49.29,250.0,0.0,0.0,200.7,0,0
12:07:01.966,925825,49.2,250.0,0.0,0.0,200.79,0,0
12:07:02.065,925925,49.2,250.0,0.0,0.0,200.79,0,0
12:07:02.083,925944,49.21,250.0,0.0,0.0,200.78,0,0
12:07:02.166,926025,49.23,250.0,0.0,0.0,200.76,0,0
12:07:02.269,926125,49.25,250.0,0.0,0.0,200.74,0,0
12:07:02.372,926225,49.16,250.0,0.0,0.0,200.83,0,0
12:07:02.471,926325,49.15,250.0,0.0,0.0,200.84,0,0
12:07:02.576,926425,49.15,250.0,0.0,0.0,200.84,0,0
12:07:02.610,926444,49.2,250.0,0.0,0.0,200.79,0,0
12:07:02.665,926525,49.24,250.0,0.0,0.0,200.75,0,0
12:07:02.765,926625,49.24,250.0,0.0,0.0,200.75,0,0
12:07:02.787,926643,49.24,250.0,0.0,0.0,200.75,0,0
12:07:02.865,926725,49.23,250.0,0.0,0.0,200.76,0,0
12:07:02.965,926825,49.23,250.0,0.0,0.0,200.76,0,0
12:07:02.984,926844,49.3,250.0,0.0,0.0,200.69,0,0
12:07:03.065,926925,49.35,250.0,0.0,0.0,200.64,0,0
12:07:03.164,927025,49.33,250.0,0.0,0.0,200.66,0,0
12:07:03.274,927125,49.21,250.0,0.0,0.0,200.78,0,0
12:07:03.366,927225,49.21,250.0,0.0,0.0,200.78,0,0
12:07:03.385,927244,49.3,250.0,0.0,0.0,200.69,0,0
12:07:03.465,927325,49.38,250.0,0.0,0.0,200.61,0,0
12:07:03.564,927425,49.38,250.0,0.0,0.0,200.61,0,0
12:07:03.665,927525,49.38,250.0,0.0,0.0,200.61,0,0
12:07:03.684,927544,49.35,250.0,0.0,0.0,200.64,0,0
12:07:03.765,927625,49.31,250.0,0.0,0.0,200.68,0,0
12:07:03.865,927725,49.34,250.0,0.0,0.0,200.65,0,0
12:07:03.965,927825,49.34,250.0,0.0,0.0,200.65,0,0
12:07:03.984,927844,49.39,250.0,0.0,0.0,200.6,0,0
12:07:04.069,927925,49.39,250.0,0.0,0.0,200.6,0,0
12:07:04.091,927944,49.44,250.0,0.0,0.0,200.55,0,0
12:07:04.192,928025,49.48,250.0,0.0,0.0,200.51,0,0
12:07:04.264,928125,49.47,250.0,0.0,0.0,200.52,0,0
12:07:04.364,928225,49.47,250.0,0.0,0.0,200.52,0,0
12:07:04.388,928244,49.51,250.0,0.0,0.0,200.48,0,0
12:07:04.465,928325,49.55,250.0,0.0,0.0,200.44,0,0
12:07:04.565,928425,49.51,250.0,0.0,0.0,200.48,0,0
12:07:04.664,928525,49.51,250.0,0.0,0.0,200.48,0,0
12:07:04.684,928544,49.47,250.0,0.0,0.0,200.52,0,0
12:07:04.763,928625,49.43,250.0,0.0,0.0,200.56,0,0
12:07:04.864,928725,49.35,250.0,0.0,0.0,200.64,0,0
12:07:04.981,928825,49.35,250.0,0.0,0.0,200.64,0,0
12:07:04.986,928844,49.35,250.0,0.0,0.0,200.64,0,0
12:07:05.066,928925,49.38,250.0,0.0,0.0,200.61,0,0
12:07:05.164,929025,49.36,250.0,0.0,0.0,200.63,0,0
12:07:05.263,929125,49.36,250.0,0.0,0.0,200.63,0,0
12:07:05.364,929225,49.36,250.0,0.0,0.0,200.63,0,0
12:07:05.465,929325,49.36,250.0,0.0,0.0,200.63,0,0
12:07:05.564,929425,49.29,250.0,0.0,0.0,200.7,0,0
12:07:05.664,929525,49.29,250.0,0.0,0.0,200.7,0,0
12:07:05.683,929544,49.27,250.0,0.0,0.0,200.72,0,0
12:07:05.771,929625,49.23,250.0,0.0,0.0,200.76,0,0
12:07:05.873,929725,49.25,250.0,0.0,0.0,200.74,0,0
12:07:05.967,929825,49.25,250.0,0.0,0.0,200.74,0,0
12:07:05.983,929844,49.23,250.0,0.0,0.0,200.76,0,0
12:07:06.064,929925,49.22,250.0,0.0,0.0,200.77,0,0
12:07:06.164,930025,49.22,250.0,0.0,0.0,200.77,0,0
12:07:06.183,930044,49.21,250.0,0.0,0.0,200.78,0,0
12:07:06.264,930125,49.18,250.0,0.0,0.0,200.81,0,0
12:07:06.364,930225,49.2,250.0,0.0,0.0,200.79,0,0
12:07:06.467,930325,49.06,250.0,0.0,0.0,200.93,0,0
12:07:06.564,930425,49.07,250.0,0.0,0.0,200.92,0,0
12:07:06.664,930525,49.12,250.0,0.0,0.0,200.87,0,0
12:07:06.771,930625,49.12,250.0,0.0,0.0,200.87,0,0
12:07:06.791,930644,49.22,250.0,0.0,0.0,200.77,0,0
12:07:06.864,930725,49.31,250.0,0.0,0.0,200.68,0,0
12:07:06.965,930825,49.32,250.0,0.0,0.0,200.67,0,0
12:07:07.064,930925,49.32,250.0,0.0,0.0,200.67,0,0
12:07:07.082,930944,49.38,250.0,0.0,0.0,200.61,0,0
12:07:07.164,931025,49.43,250.0,0.0,0.0,200.56,0,0
12:07:07.265,931125,49.43,250.0,0.0,0.0,200.56,0,0
12:07:07.283,931144,49.34,250.0,0.0,0.0,200.65,0,0
12:07:07.364,931225,49.27,250.0,0.0,0.0,200.72,0,0
12:07:07.463,931325,49.33,250.0,0.0,0.0,200.66,0,0
12:07:07.602,931425,49.33,250.0,0.0,0.0,200.66,0,0
12:07:07.607,931444,49.41,250.0,0.0,0.0,200.58,0,0
12:07:07.684,931525,49.48,250.0,0.0,0.0,200.51,0,0
12:07:07.766,931625,49.5,250.0,0.0,0.0,200.49,0,0
12:07:07.864,931725,49.46,250.0,0.0,0.0,200.53,0,0
12:07:07.963,931825,49.46,250.0,0.0,0.0,200.53,0,0
12:07:07.981,931843,49.46,250.0,0.0,0.0,200.53,0,0
12:07:08.063,931925,49.55,250.0,0.0,0.0,200.44,0,0
12:07:08.163,932025,49.53,250.0,0.0,0.0,200.46,0,0
12:07:08.266,932125,49.53,250.0,0.0,0.0,200.46,0,0
12:07:08.282,932144,49.49,250.0,0.0,0.0,200.5,0,0
12:07:08.363,932225,49.45,250.0,0.0,0.0,200.54,0,0
12:07:08.465,932325,49.45,250.0,0.0,0.0,200.54,0,0
12:07:08.573,932425,49.44,250.0,0.0,0.0,200.55,0,0
12:07:08.664,932525,49.43,250.0,0.0,0.0,200.56,0,0
12:07:08.766,932625,49.43,250.0,0.0,0.0,200.56,0,0
12:07:08.782,932644,49.4,250.0,0.0,0.0,200.59,0,0
12:07:08.863,932725,49.37,250.0,0.0,0.0,200.62,0,0
12:07:08.963,932825,49.4,250.0,0.0,0.0,200.59,0,0
12:07:09.063,932925,49.4,250.0,0.0,0.0,200.59,0,0
12:07:09.082,932943,49.4,250.0,0.0,0.0,200.59,0,0
12:07:09.163,933025,49.37,250.0,0.0,0.0,200.62,0,0
12:07:09.263,933125,49.37,250.0,0.0,0.0,200.62,0,0
12:07:09.282,933144,49.37,250.0,0.0,0.0,200.62,0,0
12:07:09.364,933225,49.37,250.0,0.0,0.0,200.62,0,0
12:07:09.463,933325,49.25,250.0,0.0,0.0,200.74,0,0
12:07:09.567,933425,49.25,250.0,0.0,0.0,200.74,0,0
12:07:09.601,933444,49.33,250.0,0.0,0.0,200.66,0,0
12:07:09.663,933525,49.39,250.0,0.0,0.0,200.6,0,0
12:07:09.767,933625,49.39,250.0,0.0,0.0,200.6,0,0
12:07:09.863,933725,49.26,250.0,0.0,0.0,200.73,0,0
12:07:09.963,933825,49.26,250.0,0.0,0.0,200.73,0,0
12:07:09.982,933844,49.27,250.0,0.0,0.0,200.72,0,0
12:07:10.063,933925,49.28,250.0,0.0,0.0,200.71,0,0
12:07:10.163,934025,49.24,250.0,0.0,0.0,200.75,0,0
12:07:10.264,934125,49.2,250.0,0.0,0.0,200.79,0,0
12:07:10.362,934225,49.19,250.0,0.0,0.0,200.8,0,0
12:07:10.472,934325,49.19,250.0,0.0,0.0,200.8,0,0
12:07:10.483,934343,49.19,250.0,0.0,0.0,200.8,0,0
12:07:10.564,934425,49.19,250.0,0.0,0.0,200.8,0,0
12:07:10.582,934444,49.24,250.0,0.0,0.0,200.75,0,0
12:07:10.663,934525,49.28,250.0,0.0,0.0,200.71,0,0
12:07:10.763,934625,49.18,250.0,0.0,0.0,200.81,0,0
12:07:10.863,934725,49.18,250.0,0.0,0.0,200.81,0,0
12:07:10.882,934744,49.2,250.0,0.0,0.0,200.79,0,0
12:07:10.963,934825,49.25,250.0,0.0,0.0,200.74,0,0
12:07:11.064,934925,49.28,250.0,0.0,0.0,200.71,0,0
12:07:11.163,935025,49.34,250.0,0.0,0.0,200.65,0,0
12:07:11.265,935125,49.24,250.0,0.0,0.0,200.75,0,0
12:07:11.365,935225,49.21,250.0,0.0,0.0,200.78,0,0
12:07:11.463,935325,49.21,250.0,0.0,0.0,200.78,0,0
12:07:11.482,935344,49.25,250.0,0.0,0.0,200.74,0,0
12:07:11.566,935425,49.29,250.0,0.0,0.0,200.7,0,0
12:07:11.663,935525,49.35,250.0,0.0,0.0,200.64,0,0
12:07:11.762,935625,49.32,250.0,0.0,0.0,200.67,0,0
12:07:11.864,935725,49.25,250.0,0.0,0.0,200.74,0,0
12:07:11.962,935825,49.25,250.0,0.0,0.0,200.74,0,0
12:07:11.981,935844,49.24,250.0,0.0,0.0,200.75,0,0
12:07:12.063,935925,49.23,250.0,0.0,0.0,200.76,0,0
12:07:12.162,936025,49.23,250.0,0.0,0.0,200.76,0,0
12:07:12.181,936043,49.23,250.0,0.0,0.0,200.76,0,0
12:07:12.266,936125,49.19,250.0,0.0,0.0,200.8,0,0
12:07:12.365,936225,49.24,250.0,0.0,0.0,200.75,0,0
12:07:12.462,936325,49.24,250.0,0.0,0.0,200.75,0,0
12:07:12.482,936344,49.3,250.0,0.0,0.0,200.69,0,0
12:07:12.563,936425,49.36,250.0,0.0,0.0,200.63,0,0
12:07:12.663,936525,49.31,250.0,0.0,0.0,200.68,0,0
12:07:12.763,936625,49.24,250.0,0.0,0.0,200.75,0,0
12:07:12.877,936725,49.24,250.0,0.0,0.0,200.75,0,0
12:07:12.885,936744,49.33,250.0,0.0,0.0,200.66,0,0
12:07:12.979,936825,49.41,250.0,0.0,0.0,200.58,0,0
12:07:13.062,936925,49.43,250.0,0.0,0.0,200.56,0,0
12:07:13.162,937025,49.43,250.0,0.0,0.0,200.56,0,0
12:07:13.180,937043,49.43,250.0,0.0,0.0,200.56,0,0
12:07:13.265,937125,49.52,250.0,0.0,0.0,200.47,0,0
12:07:13.362,937225,49.52,250.0,0.0,0.0,200.47,0,0
12:07:13.382,937244,49.63,250.0,0.0,0.0,200.36,0,0
12:07:13.463,937325,49.73,250.0,0.0,0.0,200.26,0,0
12:07:13.562,937425,49.73,250.0,0.0,0.0,200.26,0,0
12:07:13.581,937444,49.69,250.0,0.0,0.0,200.3,0,0
12:07:13.662,937525,49.66,250.0,0.0,0.0,200.33,0,0
12:07:13.766,937625,49.51,250.0,0.0,0.0,200.48,0,0
12:07:13.866,937725,49.51,250.0,0.0,0.0,200.48,0,0
12:07:13.882,937744,49.57,250.0,0.0,0.0,200.42,0,0
12:07:13.962,937825,49.62,250.0,0.0,0.0,200.37,0,0
12:07:14.068,937925,49.62,250.0,0.0,0.0,200.37,0,0
12:07:14.112,937944,49.6,250.0,0.0,0.0,200.39,0,0
12:07:14.169,938025,49.58,250.0,0.0,0.0,200.41,0,0
12:07:14.262,938125,49.53,250.0,0.0,0.0,200.46,0,0
12:07:14.362,938225,49.53,250.0,0.0,0.0,200.46,0,0
12:07:14.381,938244,49.56,250.0,0.0,0.0,200.43,0,0
12:07:14.462,938325,49.6,250.0,0.0,0.0,200.39,0,0
12:07:14.564,938425,49.52,250.0,0.0,0.0,200.47,0,0
12:07:14.662,938525,49.46,250.0,0.0,0.0,200.53,0,0
12:07:14.763,938625,49.46,250.0,0.0,0.0,200.53,0,0
12:07:14.780,938643,49.46,250.0,0.0,0.0,200.53,0,0
12:07:14.866,938725,49.46,250.0,0.0,0.0,200.53,0,0
12:07:14.881,938744,49.5,250.0,0.0,0.0,200.49,0,0
12:07:14.966,938825,49.51,250.0,0.0,0.0,200.48,0,0
12:07:15.062,938925,49.51,250.0,0.0,0.0,200.48,0,0
12:07:15.084,938944,49.47,250.0,0.0,0.0,200.52,0,0
12:07:15.167,939025,49.46,250.0,0.0,0.0,200.53,0,0
12:07:15.263,939125,49.35,250.0,0.0,0.0,200.64,0,0
12:07:15.362,939225,49.38,250.0,0.0,0.0,200.61,0,0
12:07:15.461,939325,49.41,250.0,0.0,0.0,200.58,0,0
12:07:15.569,939425,49.41,250.0,0.0,0.0,200.58,0,0
12:07:15.580,939444,49.45,250.0,0.0,0.0,200.54,0,0
12:07:15.662,939525,49.49,250.0,0.0,0.0,200.5,0,0
12:07:15.762,939625,49.41,250.0,0.0,0.0,200.58,0,0
12:07:15.872,939725,49.4,250.0,0.0,0.0,200.59,0,0
12:07:15.962,939825,49.4,250.0,0.0,0.0,200.59,0,0
12:07:15.982,939844,49.4,250.0,0.0,0.0,200.59,0,0
12:07:16.061,939925,49.4,250.0,0.0,0.0,200.59,0,0
12:07:16.161,940025,49.4,250.0,0.0,0.0,200.59,0,0
12:07:16.182,940044,49.4,250.0,0.0,0.0,200.59,0,0
12:07:16.262,940125,49.39,250.0,0.0,0.0,200.6,0,0
12:07:16.362,940225,49.39,250.0,0.0,0.0,200.6,0,0
12:07:16.461,940325,49.39,250.0,0.0,0.0,200.6,0,0
12:07:16.562,940425,49.34,250.0,0.0,0.0,200.65,0,0
12:07:16.661,940525,49.34,250.0,0.0,0.0,200.65,0,0
12:07:16.683,940544,49.29,250.0,0.0,0.0,200.7,0,0
12:07:16.764,940625,49.25,250.0,0.0,0.0,200.74,0,0
12:07:16.863,940725,49.24,250.0,0.0,0.0,200.75,0,0
12:07:16.967,940825,49.2,250.0,0.0,0.0,200.79,0,0
12:07:17.060,940925,49.2,250.0,0.0,0.0,200.79,0,0
12:07:17.082,940944,49.27,250.0,0.0,0.0,200.72,0,0
12:07:17.167,941025,49.33,250.0,0.0,0.0,200.66,0,0
12:07:17.261,941125,49.33,250.0,0.0,0.0,200.66,0,0
12:07:17.280,941144,49.26,250.0,0.0,0.0,200.73,0,0
12:07:17.361,941225,49.19,250.0,0.0,0.0,200.8,0,0
12:07:17.465,941325,49.24,250.0,0.0,0.0,200.75,0,0
12:07:17.563,941425,49.25,250.0,0.0,0.0,200.74,0,0
12:07:17.667,941525,49.25,250.0,0.0,0.0,200.74,0,0
12:07:17.682,941544,49.26,250.0,0.0,0.0,200.73,0,0
12:07:17.761,941625,49.27,250.0,0.0,0.0,200.72,0,0
12:07:17.861,941725,49.21,250.0,0.0,0.0,200.78,0,0
12:07:17.961,941825,49.23,250.0,0.0,0.0,200.76,0,0
12:07:18.061,941925,49.23,250.0,0.0,0.0,200.76,0,0
12:07:18.080,941944,49.24,250.0,0.0,0.0,200.75,0,0
12:07:18.161,942025,49.25,250.0,0.0,0.0,200.74,0,0
12:07:18.261,942125,49.27,250.0,0.0,0.0,200.72,0,0
12:07:18.361,942225,49.15,250.0,0.0,0.0,200.84,0,0
12:07:18.468,942325,49.15,250.0,0.0,0.0,200.84,0,0
12:07:18.483,942343,49.15,250.0,0.0,0.0,200.84,0,0
12:07:18.563,942425,49.27,250.0,0.0,0.0,200.72,0,0
12:07:18.661,942525,49.28,250.0,0.0,0.0,200.71,0,0
12:07:18.761,942625,49.37,250.0,0.0,0.0,200.62,0,0
12:07:18.860,942725,49.37,250.0,0.0,0.0,200.62,0,0
12:07:18.965,942825,49.37,250.0,0.0,0.0,200.62,0,0
12:07:19.061,942925,49.39,250.0,0.0,0.0,200.6,0,0
12:07:19.161,943025,49.37,250.0,0.0,0.0,200.62,0,0
12:07:19.276,943125,49.37,250.0,0.0,0.0,200.62,0,0
12:07:19.294,943144,49.42,250.0,0.0,0.0,200.57,0,0
12:07:19.361,943225,49.46,250.0,0.0,0.0,200.53,0,0
12:07:19.462,943325,49.48,250.0,0.0,0.0,200.51,0,0
12:07:19.561,943425,49.48,250.0,0.0,0.0,200.51,0,0
12:07:19.661,943525,49.48,250.0,0.0,0.0,200.51,0,0
12:07:19.681,943544,49.49,250.0,0.0,0.0,200.5,0,0
12:07:19.760,943625,49.51,250.0,0.0,0.0,200.48,0,0
12:07:19.861,943725,49.42,250.0,0.0,0.0,200.57,0,0
12:07:19.964,943825,49.42,250.0,0.0,0.0,200.57,0,0
12:07:19.981,943844,49.44,250.0,0.0,0.0,200.55,0,0
12:07:20.063,943925,49.43,250.0,0.0,0.0,200.56,0,0
12:07:20.169,944025,49.43,250.0,0.0,0.0,200.56,0,0
12:07:20.184,944044,49.5,250.0,0.0,0.0,200.49,0,0
12:07:20.261,944125,49.56,250.0,0.0,0.0,200.43,0,0
12:07:20.361,944225,49.57,250.0,0.0,0.0,200.42,0,0
12:07:20.461,944325,49.55,250.0,0.0,0.0,200.44,0,0
12:07:20.560,944425,49.51,250.0,0.0,0.0,200.48,0,0
12:07:20.659,944525,49.51,250.0,0.0,0.0,200.48,0,0
12:07:20.682,944544,49.47,250.0,0.0,0.0,200.52,0,0
12:07:20.761,944625,49.47,250.0,0.0,0.0,200.52,0,0
12:07:20.840,944644,49.58,250.0,0.0,0.0,200.41,0,0
12:07:20.861,944725,49.69,250.0,0.0,0.0,200.3,0,0
12:07:20.974,944825,49.68,250.0,0.0,0.0,200.31,0,0
12:07:21.060,944925,49.6,250.0,0.0,0.0,200.39,0,0
12:07:21.160,945025,49.6,250.0,0.0,0.0,200.39,0,0
12:07:21.180,945044,49.53,250.0,0.0,0.0,200.46,0,0
12:07:21.262,945125,49.46,250.0,0.0,0.0,200.53,0,0
12:07:21.361,945225,49.45,250.0,0.0,0.0,200.54,0,0
12:07:21.460,945325,49.44,250.0,0.0,0.0,200.55,0,0
12:07:21.577,945425,49.36,250.0,0.0,0.0,200.63,0,0
12:07:21.663,945525,49.29,250.0,0.0,0.0,200.7,0,0
12:07:21.759,945625,49.29,250.0,0.0,0.0,200.7,0,0
12:07:21.780,945644,49.35,250.0,0.0,0.0,200.64,0,0
12:07:21.861,945725,49.4,250.0,0.0,0.0,200.59,0,0
12:07:21.960,945825,49.4,250.0,0.0,0.0,200.59,0,0
12:07:21.978,945844,49.35,250.0,0.0,0.0,200.64,0,0
12:07:22.063,945925,49.3,250.0,0.0,0.0,200.69,0,0
12:07:22.161,946025,49.26,250.0,0.0,0.0,200.73,0,0
12:07:22.260,946125,49.26,250.0,0.0,0.0,200.73,0,0
12:07:22.279,946144,49.37,250.0,0.0,0.0,200.62,0,0
12:07:22.360,946225,49.47,250.0,0.0,0.0,200.52,0,0
12:07:22.463,946325,49.41,250.0,0.0,0.0,200.58,0,0
12:07:22.563,946425,49.3,250.0,0.0,0.0,200.69,0,0
12:07:22.661,946525,49.3,250.0,0.0,0.0,200.69,0,0
12:07:22.689,946543,49.3,250.0,0.0,0.0,200.69,0,0
12:07:22.760,946625,49.26,250.0,0.0,0.0,200.73,0,0
12:07:22.866,946725,49.27,250.0,0.0,0.0,200.72,0,0
12:07:22.960,946825,49.27,250.0,0.0,0.0,200.72,0,0
12:07:22.979,946844,49.36,250.0,0.0,0.0,200.63,0,0
12:07:23.059,946925,49.43,250.0,0.0,0.0,200.56,0,0
12:07:23.160,947025,49.35,250.0,0.0,0.0,200.64,0,0
12:07:23.260,947125,49.35,250.0,0.0,0.0,200.64,0,0
12:07:23.360,947225,49.3,250.0,0.0,0.0,200.69,0,0
12:07:23.469,947325,49.36,250.0,0.0,0.0,200.63,0,0
12:07:23.562,947425,49.36,250.0,0.0,0.0,200.63,0,0
12:07:23.580,947444,49.36,250.0,0.0,0.0,200.63,0,0
12:07:23.660,947525,49.39,250.0,0.0,0.0,200.6,0,0
12:07:23.762,947625,49.39,250.0,0.0,0.0,200.6,0,0
12:07:23.860,947725,49.31,250.0,0.0,0.0,200.68,0,0
12:07:23.962,947825,49.27,250.0,0.0,0.0,200.72,0,0
12:07:24.059,947925,49.2,250.0,0.0,0.0,200.79,0,0
12:07:24.171,948025,49.09,250.0,0.0,0.0,200.9,0,0
12:07:24.264,948125,49.09,250.0,0.0,0.0,200.9,0,0
12:07:24.285,948144,49.27,250.0,0.0,0.0,200.72,0,0
12:07:24.359,948225,49.43,250.0,0.0,0.0,200.56,0,0
12:07:24.460,948325,49.37,250.0,0.0,0.0,200.62,0,0
12:07:24.559,948425,49.37,250.0,0.0,0.0,200.62,0,0
12:07:24.579,948444,49.37,250.0,0.0,0.0,200.62,0,0
12:07:24.659,948525,49.37,250.0,0.0,0.0,200.62,0,0
12:07:24.760,948625,49.37,250.0,0.0,0.0,200.62,0,0
12:07:24.860,948725,49.3,250.0,0.0,0.0,200.69,0,0
12:07:24.959,948825,49.25,250.0,0.0,0.0,200.74,0,0
12:07:25.060,948925,49.14,250.0,0.0,0.0,200.85,0,0
12:07:25.159,949025,49.14,250.0,0.0,0.0,200.85,0,0
12:07:25.184,949044,49.16,250.0,0.0,0.0,200.83,0,0
12:07:25.262,949125,49.18,250.0,0.0,0.0,200.81,0,0
12:07:25.359,949225,49.15,250.0,0.0,0.0,200.84,0,0
12:07:25.459,949325,49.12,250.0,0.0,0.0,200.87,0,0
12:07:25.559,949425,49.12,250.0,0.0,0.0,200.87,0,0
12:07:25.580,949444,49.1,250.0,0.0,0.0,200.89,0,0
12:07:25.659,949525,49.08,250.0,0.0,0.0,200.91,0,0
12:07:25.760,949625,49.13,250.0,0.0,0.0,200.86,0,0
12:07:25.860,949725,49.13,250.0,0.0,0.0,200.86,0,0
12:07:25.878,949743,49.13,250.0,0.0,0.0,200.86,0,0
12:07:25.982,949825,49.23,250.0,0.0,0.0,200.76,0,0
12:07:26.062,949925,49.22,250.0,0.0,0.0,200.77,0,0
12:07:26.162,950025,49.22,250.0,0.0,0.0,200.77,0,0
12:07:26.178,950044,49.26,250.0,0.0,0.0,200.73,0,0
12:07:26.259,950125,49.32,250.0,0.0,0.0,200.67,0,0
12:07:26.360,950225,49.32,250.0,0.0,0.0,200.67,0,0
12:07:26.378,950243,49.32,250.0,0.0,0.0,200.67,0,0
12:07:26.459,950325,49.3,250.0,0.0,0.0,200.69,0,0
12:07:26.558,950425,49.3,250.0,0.0,0.0,200.69,0,0
12:07:26.577,950444,49.36,250.0,0.0,0.0,200.63,0,0
12:07:26.659,950525,49.41,250.0,0.0,0.0,200.58,0,0
12:07:26.759,950625,49.41,250.0,0.0,0.0,200.58,0,0
12:07:26.779,950644,49.43,250.0,0.0,0.0,200.56,0,0
12:07:26.865,950725,49.45,250.0,0.0,0.0,200.54,0,0
12:07:26.963,950825,49.44,250.0,0.0,0.0,200.55,0,0
12:07:27.062,950925,49.44,250.0,0.0,0.0,200.55,0,0
12:07:27.078,950944,49.49,250.0,0.0,0.0,200.5,0,0
12:07:27.159,951025,49.53,250.0,0.0,0.0,200.46,0,0
12:07:27.259,951125,49.53,250.0,0.0,0.0,200.46,0,0
12:07:27.284,951144,49.49,250.0,0.0,0.0,200.5,0,0
12:07:27.359,951225,49.47,250.0,0.0,0.0,200.52,0,0
12:07:27.459,951325,49.41,250.0,0.0,0.0,200.58,0,0
12:07:27.558,951425,49.36,250.0,0.0,0.0,200.63,0,0
12:07:27.659,951525,49.36,250.0,0.0,0.0,200.63,0,0
12:07:27.679,951544,49.41,250.0,0.0,0.0,200.58,0,0
12:07:27.784,951625,49.48,250.0,0.0,0.0,200.51,0,0
12:07:27.864,951725,49.45,250.0,0.0,0.0,200.54,0,0
12:07:27.964,951825,49.39,250.0,0.0,0.0,200.6,0,0
12:07:28.059,951925,49.34,250.0,0.0,0.0,200.65,0,0
12:07:28.158,952025,49.34,250.0,0.0,0.0,200.65,0,0
12:07:28.178,952044,49.37,250.0,0.0,0.0,200.62,0,0
12:07:28.259,952125,49.37,250.0,0.0,0.0,200.62,0,0
12:07:28.278,952144,49.37,250.0,0.0,0.0,200.62,0,0
12:07:28.358,952225,49.37,250.0,0.0,0.0,200.62,0,0
12:07:28.377,952244,49.34,250.0,0.0,0.0,200.65,0,0
12:07:28.459,952325,49.32,250.0,0.0,0.0,200.67,0,0
12:07:28.559,952425,49.33,250.0,0.0,0.0,200.66,0,0
12:07:28.753,952525,49.33,250.0,0.0,0.0,200.66,0,0
12:07:28.766,952544,49.33,250.0,0.0,0.0,200.66,0,0
12:07:28.780,952625,49.34,250.0,0.0,0.0,200.65,0,0
12:07:28.858,952725,49.29,250.0,0.0,0.0,200.7,0,0
12:07:28.972,952825,49.29,250.0,0.0,0.0,200.7,0,0
12:07:28.994,952843,49.29,250.0,0.0,0.0,200.7,0,0
12:07:29.058,952925,49.3,250.0,0.0,0.0,200.69,0,0
12:07:29.158,953025,49.3,250.0,0.0,0.0,200.69,0,0
12:07:29.177,953044,49.31,250.0,0.0,0.0,200.68,0,0
12:07:29.258,953125,49.34,250.0,0.0,0.0,200.65,0,0
12:07:29.358,953225,49.34,250.0,0.0,0.0,200.65,0,0
12:07:29.458,953325,49.34,250.0,0.0,0.0,200.65,0,0
12:07:29.478,953343,49.34,250.0,0.0,0.0,200.65,0,0
12:07:29.558,953425,49.27,250.0,0.0,0.0,200.72,0,0
12:07:29.696,953525,49.15,250.0,0.0,0.0,200.84,0,0
12:07:29.762,953625,49.12,250.0,0.0,0.0,200.87,0,0
12:07:29.871,953725,49.12,250.0,0.0,0.0,200.87,0,0
12:07:29.876,953744,49.17,250.0,0.0,0.0,200.82,0,0
12:07:29.958,953825,49.22,250.0,0.0,0.0,200.77,0,0
12:07:30.058,953925,49.24,250.0,0.0,0.0,200.75,0,0
12:07:30.158,954025,49.24,250.0,0.0,0.0,200.75,0,0
12:07:30.177,954044,49.27,250.0,0.0,0.0,200.72,0,0
12:07:30.258,954125,49.31,250.0,0.0,0.0,200.68,0,0
12:07:30.358,954225,49.34,250.0,0.0,0.0,200.65,0,0
12:07:30.458,954325,49.34,250.0,0.0,0.0,200.65,0,0
12:07:30.477,954344,49.37,250.0,0.0,0.0,200.62,0,0
12:07:30.600,954425,49.4,250.0,0.0,0.0,200.59,0,0
12:07:30.664,954525,49.39,250.0,0.0,0.0,200.6,0,0
12:07:30.758,954625,49.39,250.0,0.0,0.0,200.6,0,0
12:07:30.787,954644,49.39,250.0,0.0,0.0,200.6,0,0
12:07:30.893,954725,49.39,250.0,0.0,0.0,200.6,0,0
12:07:30.961,954825,49.36,250.0,0.0,0.0,200.63,0,0
12:07:31.079,954925,49.29,250.0,0.0,0.0,200.7,0,0
12:07:31.158,955025,49.29,250.0,0.0,0.0,200.7,0,0
12:07:31.176,955044,49.3,250.0,0.0,0.0,200.69,0,0
12:07:31.258,955125,49.28,250.0,0.0,0.0,200.71,0,0
12:07:31.358,955225,49.29,250.0,0.0,0.0,200.7,0,0
12:07:31.459,955325,49.3,250.0,0.0,0.0,200.69,0,0
12:07:31.558,955425,49.3,250.0,0.0,0.0,200.69,0,0
12:07:31.577,955443,49.3,250.0,0.0,0.0,200.69,0,0
12:07:31.658,955525,49.31,250.0,0.0,0.0,200.68,0,0
12:07:31.757,955625,49.31,250.0,0.0,0.0,200.68,0,0
12:07:31.796,955644,49.36,250.0,0.0,0.0,200.63,0,0
12:07:31.861,955725,49.41,250.0,0.0,0.0,200.58,0,0
12:07:31.958,955825,49.39,250.0,0.0,0.0,200.6,0,0
12:07:32.066,955925,49.39,250.0,0.0,0.0,200.6,0,0
12:07:32.077,955944,49.36,250.0,0.0,0.0,200.63,0,0
12:07:32.158,956025,49.34,250.0,0.0,0.0,200.65,0,0
12:07:32.257,956125,49.34,250.0,0.0,0.0,200.65,0,0
12:07:32.277,956144,49.36,250.0,0.0,0.0,200.63,0,0
12:07:32.357,956225,49.42,250.0,0.0,0.0,200.57,0,0
12:07:32.457,956325,49.42,250.0,0.0,0.0,200.57,0,0
12:07:32.476,956344,49.41,250.0,0.0,0.0,200.58,0,0
12:07:32.558,956425,49.41,250.0,0.0,0.0,200.58,0,0
12:07:32.667,956525,49.43,250.0,0.0,0.0,200.56,0,0
12:07:32.756,956625,49.43,250.0,0.0,0.0,200.56,0,0
12:07:32.777,956644,49.37,250.0,0.0,0.0,200.62,0,0
12:07:32.860,956725,49.3,250.0,0.0,0.0,200.69,0,0
12:07:32.965,956825,49.3,250.0,0.0,0.0,200.69,0,0
12:07:32.983,956844,49.31,250.0,0.0,0.0,200.68,0,0
12:07:33.056,956925,49.31,250.0,0.0,0.0,200.68,0,0
12:07:33.157,957025,49.31,250.0,0.0,0.0,200.68,0,0
12:07:33.176,957043,49.31,250.0,0.0,0.0,200.68,0,0
12:07:33.257,957125,49.42,250.0,0.0,0.0,200.57,0,0
12:07:33.357,957225,49.41,250.0,0.0,0.0,200.58,0,0
12:07:33.458,957325,49.44,250.0,0.0,0.0,200.55,0,0
12:07:33.557,957425,49.44,250.0,0.0,0.0,200.55,0,0
12:07:33.576,957444,49.48,250.0,0.0,0.0,200.51,0,0
12:07:33.683,957525,49.52,250.0,0.0,0.0,200.47,0,0
12:07:33.756,957625,49.53,250.0,0.0,0.0,200.46,0,0
12:07:33.869,957725,49.53,250.0,0.0,0.0,200.46,0,0
12:07:33.881,957744,49.59,250.0,0.0,0.0,200.4,0,0
12:07:33.957,957825,49.67,250.0,0.0,0.0,200.32,0,0
12:07:34.058,957925,49.61,250.0,0.0,0.0,200.38,0,0
12:07:34.157,958025,49.61,250.0,0.0,0.0,200.38,0,0
12:07:34.176,958043,49.61,250.0,0.0,0.0,200.38,0,0
12:07:34.257,958125,49.61,250.0,0.0,0.0,200.38,0,0
12:07:34.356,958225,49.61,250.0,0.0,0.0,200.38,0,0
12:07:34.458,958325,49.54,250.0,0.0,0.0,200.45,0,0
12:07:34.601,958425,49.55,250.0,0.0,0.0,200.44,0,0
12:07:34.664,958525,49.55,250.0,0.0,0.0,200.44,0,0
12:07:34.676,958544,49.53,250.0,0.0,0.0,200.46,0,0
12:07:34.757,958625,49.52,250.0,0.0,0.0,200.47,0,0
12:07:34.856,958725,49.52,250.0,0.0,0.0,200.47,0,0
12:07:34.876,958744,49.62,250.0,0.0,0.0,200.37,0,0
12:07:34.957,958825,49.72,250.0,0.0,0.0,200.27,0,0
12:07:35.056,958925,49.71,250.0,0.0,0.0,200.28,0,0
12:07:35.157,959025,49.71,250.0,0.0,0.0,200.28,0,0
12:07:35.176,959044,49.73,250.0,0.0,0.0,200.26,0,0
12:07:35.257,959125,49.74,250.0,0.0,0.0,200.25,0,0
12:07:35.357,959225,49.71,250.0,0.0,0.0,200.28,0,0
12:07:35.488,959325,49.71,250.0,0.0,0.0,200.28,0,0
12:07:35.507,959344,49.67,250.0,0.0,0.0,200.32,0,0
12:07:35.565,959425,49.67,250.0,0.0,0.0,200.32,0,0
12:07:35.579,959444,49.62,250.0,0.0,0.0,200.37,0,0
12:07:35.661,959525,49.59,250.0,0.0,0.0,200.4,0,0
12:07:35.761,959625,49.57,250.0,0.0,0.0,200.42,0,0
12:07:35.856,959725,49.5,250.0,0.0,0.0,200.49,0,0
12:07:35.957,959825,49.41,250.0,0.0,0.0,200.58,0,0
12:07:36.056,959925,49.41,250.0,0.0,0.0,200.58,0,0
12:07:36.075,959944,49.36,250.0,0.0,0.0,200.63,0,0
12:07:36.156,960025,49.31,250.0,0.0,0.0,200.68,0,0
12:07:36.257,960125,49.32,250.0,0.0,0.0,200.67,0,0
12:07:36.355,960225,49.32,250.0,0.0,0.0,200.67,0,0
12:07:36.478,960325,49.32,250.0,0.0,0.0,200.67,0,0
12:07:36.499,960344,49.35,250.0,0.0,0.0,200.64,0,0
12:07:36.560,960425,49.4,250.0,0.0,0.0,200.59,0,0
12:07:36.665,960525,49.3,250.0,0.0,0.0,200.69,0,0
12:07:36.757,960625,49.3,250.0,0.0,0.0,200.69,0,0
12:07:36.775,960644,49.33,250.0,0.0,0.0,200.66,0,0
12:07:36.857,960725,49.33,250.0,0.0,0.0,200.66,0,0
12:07:36.956,960825,49.34,250.0,0.0,0.0,200.65,0,0
12:07:37.056,960925,49.34,250.0,0.0,0.0,200.65,0,0
12:07:37.074,960944,49.32,250.0,0.0,0.0,200.67,0,0
12:07:37.156,961025,49.3,250.0,0.0,0.0,200.69,0,0
12:07:37.273,961125,49.3,250.0,0.0,0.0,200.69,0,0
12:07:37.317,961144,49.38,250.0,0.0,0.0,200.61,0,0
12:07:37.358,961225,49.43,250.0,0.0,0.0,200.56,0,0
12:07:37.472,961325,49.43,250.0,0.0,0.0,200.56,0,0
12:07:37.488,961344,49.5,250.0,0.0,0.0,200.49,0,0
12:07:37.556,961425,49.54,250.0,0.0,0.0,200.45,0,0
12:07:37.656,961525,49.47,250.0,0.0,0.0,200.52,0,0
12:07:37.756,961625,49.47,250.0,0.0,0.0,200.52,0,0
12:07:37.775,961643,49.47,250.0,0.0,0.0,200.52,0,0
12:07:37.856,961725,49.47,250.0,0.0,0.0,200.52,0,0
12:07:37.875,961743,49.47,250.0,0.0,0.0,200.52,0,0
12:07:37.955,961825,49.47,250.0,0.0,0.0,200.52,0,0
12:07:37.975,961844,49.53,250.0,0.0,0.0,200.46,0,0
12:07:38.056,961925,49.59,250.0,0.0,0.0,200.4,0,0
12:07:38.171,962025,49.55,250.0,0.0,0.0,200.44,0,0
12:07:38.255,962125,49.43,250.0,0.0,0.0,200.56,0,0
12:07:38.359,962225,49.43,250.0,0.0,0.0,200.56,0,0
12:07:38.375,962244,49.4,250.0,0.0,0.0,200.59,0,0
12:07:38.459,962325,49.37,250.0,0.0,0.0,200.62,0,0
12:07:38.556,962425,49.29,250.0,0.0,0.0,200.7,0,0
12:07:38.656,962525,49.23,250.0,0.0,0.0,200.76,0,0
12:07:38.756,962625,49.23,250.0,0.0,0.0,200.76,0,0
12:07:38.774,962644,49.27,250.0,0.0,0.0,200.72,0,0
12:07:38.868,962725,49.3,250.0,0.0,0.0,200.69,0,0
12:07:38.956,962825,49.34,250.0,0.0,0.0,200.65,0,0
12:07:39.056,962925,49.34,250.0,0.0,0.0,200.65,0,0
12:07:39.074,962944,49.29,250.0,0.0,0.0,200.7,0,0
12:07:39.156,963025,49.25,250.0,0.0,0.0,200.74,0,0
12:07:39.256,963125,49.31,250.0,0.0,0.0,200.68,0,0
12:07:39.357,963225,49.32,250.0,0.0,0.0,200.67,0,0
12:07:39.455,963325,49.32,250.0,0.0,0.0,200.67,0,0
12:07:39.474,963343,49.32,250.0,0.0,0.0,200.67,0,0
12:07:39.555,963425,49.3,250.0,0.0,0.0,200.69,0,0
12:07:39.677,963525,49.28,250.0,0.0,0.0,200.71,0,0
12:07:39.761,963625,49.28,250.0,0.0,0.0,200.71,0,0
12:07:39.777,963644,49.29,250.0,0.0,0.0,200.7,0,0
12:07:39.856,963725,49.32,250.0,0.0,0.0,200.67,0,0
12:07:39.956,963825,49.28,250.0,0.0,0.0,200.71,0,0
12:07:40.056,963925,49.28,250.0,0.0,0.0,200.71,0,0
12:07:40.075,963944,49.31,250.0,0.0,0.0,200.68,0,0
12:07:40.155,964025,49.34,250.0,0.0,0.0,200.65,0,0
12:07:40.262,964125,49.25,250.0,0.0,0.0,200.74,0,0
12:07:40.357,964225,49.25,250.0,0.0,0.0,200.74,0,0
12:07:40.374,964244,49.31,250.0,0.0,0.0,200.68,0,0
12:07:40.473,964325,49.36,250.0,0.0,0.0,200.63,0,0
12:07:40.558,964425,49.37,250.0,0.0,0.0,200.62,0,0
12:07:40.656,964525,49.32,250.0,0.0,0.0,200.67,0,0
12:07:40.754,964625,49.32,250.0,0.0,0.0,200.67,0,0
12:07:40.775,964644,49.3,250.0,0.0,0.0,200.69,0,0
12:07:40.856,964725,49.28,250.0,0.0,0.0,200.71,0,0
12:07:40.956,964825,49.29,250.0,0.0,0.0,200.7,0,0
12:07:41.054,964925,49.29,250.0,0.0,0.0,200.7,0,0
12:07:41.074,964943,49.29,250.0,0.0,0.0,200.7,0,0
12:07:41.155,965025,49.32,250.0,0.0,0.0,200.67,0,0
12:07:41.260,965125,49.32,250.0,0.0,0.0,200.67,0,0
12:07:41.281,965144,49.28,250.0,0.0,0.0,200.71,0,0
12:07:41.358,965225,49.24,250.0,0.0,0.0,200.75,0,0
12:07:41.454,965325,49.2,250.0,0.0,0.0,200.79,0,0
12:07:41.555,965425,49.2,250.0,0.0,0.0,200.79,0,0
12:07:41.574,965443,49.2,250.0,0.0,0.0,200.79,0,0
12:07:41.655,965525,49.17,250.0,0.0,0.0,200.82,0,0
12:07:41.756,965625,49.16,250.0,0.0,0.0,200.83,0,0
12:07:41.855,965725,49.19,250.0,0.0,0.0,200.8,0,0
12:07:41.955,965825,49.18,250.0,0.0,0.0,200.81,0,0
12:07:42.069,965925,49.22,250.0,0.0,0.0,200.77,0,0
12:07:42.160,966025,49.24,250.0,0.0,0.0,200.75,0,0
12:07:42.256,966125,49.24,250.0,0.0,0.0,200.75,0,0
12:07:42.274,966144,49.33,250.0,0.0,0.0,200.66,0,0
12:07:42.354,966225,49.43,250.0,0.0,0.0,200.56,0,0
12:07:42.455,966325,49.4,250.0,0.0,0.0,200.59,0,0
12:07:42.555,966425,49.4,250.0,0.0,0.0,200.59,0,0
12:07:42.574,966444,49.35,250.0,0.0,0.0,200.64,0,0
12:07:42.655,966525,49.3,250.0,0.0,0.0,200.69,0,0
12:07:42.755,966625,49.26,250.0,0.0,0.0,200.73,0,0
12:07:42.907,966725,49.22,250.0,0.0,0.0,200.77,0,0
12:07:42.979,966825,49.22,250.0,0.0,0.0,200.77,0,0
12:07:42.980,966844,49.31,250.0,0.0,0.0,200.68,0,0
12:07:43.067,966925,49.39,250.0,0.0,0.0,200.6,0,0
12:07:43.154,967025,49.36,250.0,0.0,0.0,200.63,0,0
12:07:43.257,967125,49.39,250.0,0.0,0.0,200.6,0,0
12:07:43.355,967225,49.26,250.0,0.0,0.0,200.73,0,0
12:07:43.455,967325,49.26,250.0,0.0,0.0,200.73,0,0
12:07:43.474,967344,49.25,250.0,0.0,0.0,200.74,0,0
12:07:43.555,967425,49.21,250.0,0.0,0.0,200.78,0,0
12:07:43.654,967525,49.21,250.0,0.0,0.0,200.78,0,0
12:07:43.674,967543,49.21,250.0,0.0,0.0,200.78,0,0
12:07:43.796,967625,49.2,250.0,0.0,0.0,200.79,0,0
12:07:43.870,967725,49.19,250.0,0.0,0.0,200.8,0,0
12:07:43.972,967825,49.21,250.0,0.0,0.0,200.78,0,0
12:07:44.055,967925,49.18,250.0,0.0,0.0,200.81,0,0
12:07:44.161,968025,49.18,250.0,0.0,0.0,200.81,0,0
12:07:44.175,968043,49.18,250.0,0.0,0.0,200.81,0,0
12:07:44.254,968125,49.22,250.0,0.0,0.0,200.77,0,0
12:07:44.359,968225,49.22,250.0,0.0,0.0,200.77,0,0
12:07:44.373,968244,49.34,250.0,0.0,0.0,200.65,0,0
12:07:44.454,968325,49.41,250.0,0.0,0.0,200.58,0,0
12:07:44.554,968425,49.41,250.0,0.0,0.0,200.58,0,0
12:07:44.573,968444,49.44,250.0,0.0,0.0,200.55,0,0
12:07:44.654,968525,49.46,250.0,0.0,0.0,200.53,0,0
12:07:44.754,968625,49.45,250.0,0.0,0.0,200.54,0,0
12:07:44.854,968725,49.39,250.0,0.0,0.0,200.6,0,0
12:07:44.972,968825,49.39,250.0,0.0,0.0,200.6,0,0
12:07:45.008,968844,49.41,250.0,0.0,0.0,200.58,0,0
12:07:45.068,968925,49.43,250.0,0.0,0.0,200.56,0,0
12:07:45.169,969025,49.33,250.0,0.0,0.0,200.66,0,0
12:07:45.254,969125,49.33,250.0,0.0,0.0,200.66,0,0
12:07:45.272,969144,49.33,250.0,0.0,0.0,200.66,0,0
12:07:45.354,969225,49.31,250.0,0.0,0.0,200.68,0,0
12:07:45.454,969325,49.32,250.0,0.0,0.0,200.67,0,0
12:07:45.555,969425,49.32,250.0,0.0,0.0,200.67,0,0
12:07:45.573,969444,49.3,250.0,0.0,0.0,200.69,0,0
12:07:45.654,969525,49.26,250.0,0.0,0.0,200.73,0,0
12:07:45.779,969625,49.22,250.0,0.0,0.0,200.77,0,0
12:07:45.862,969725,49.22,250.0,0.0,0.0,200.77,0,0
12:07:45.881,969744,49.21,250.0,0.0,0.0,200.78,0,0
12:07:45.957,969825,49.17,250.0,0.0,0.0,200.82,0,0
12:07:46.067,969925,49.19,250.0,0.0,0.0,200.8,0,0
12:07:46.154,970025,49.19,250.0,0.0,0.0,200.8,0,0
12:07:46.174,970044,49.21,250.0,0.0,0.0,200.78,0,0
12:07:46.254,970125,49.23,250.0,0.0,0.0,200.76,0,0
12:07:46.354,970225,49.23,250.0,0.0,0.0,200.76,0,0
12:07:46.374,970244,49.27,250.0,0.0,0.0,200.72,0,0
12:07:46.454,970325,49.3,250.0,0.0,0.0,200.69,0,0
12:07:46.554,970425,49.3,250.0,0.0,0.0,200.69,0,0
12:07:46.573,970444,49.29,250.0,0.0,0.0,200.7,0,0
12:07:46.659,970525,49.3,250.0,0.0,0.0,200.69,0,0
12:07:46.760,970625,49.28,250.0,0.0,0.0,200.71,0,0
12:07:46.863,970725,49.28,250.0,0.0,0.0,200.71,0,0
12:07:46.885,970744,49.29,250.0,0.0,0.0,200.7,0,0
12:07:46.959,970825,49.32,250.0,0.0,0.0,200.67,0,0
12:07:47.054,970925,49.35,250.0,0.0,0.0,200.64,0,0
12:07:47.154,971025,49.35,250.0,0.0,0.0,200.64,0,0
12:07:47.254,971125,49.23,250.0,0.0,0.0,200.76,0,0
12:07:47.353,971225,49.17,250.0,0.0,0.0,200.82,0,0
12:07:47.454,971325,49.17,250.0,0.0,0.0,200.82,0,0
12:07:47.473,971344,49.26,250.0,0.0,0.0,200.73,0,0
12:07:47.606,971425,49.35,250.0,0.0,0.0,200.64,0,0
12:07:47.656,971525,49.35,250.0,0.0,0.0,200.64,0,0
12:07:47.761,971625,49.28,250.0,0.0,0.0,200.71,0,0
12:07:47.854,971725,49.28,250.0,0.0,0.0,200.71,0,0
12:07:47.872,971743,49.28,250.0,0.0,0.0,200.71,0,0
12:07:47.953,971825,49.21,250.0,0.0,0.0,200.78,0,0
12:07:48.054,971925,49.25,250.0,0.0,0.0,200.74,0,0
12:07:48.154,972025,49.27,250.0,0.0,0.0,200.72,0,0
12:07:48.253,972125,49.25,250.0,0.0,0.0,200.74,0,0
12:07:48.406,972225,49.19,250.0,0.0,0.0,200.8,0,0
12:07:48.467,972325,49.21,250.0,0.0,0.0,200.78,0,0
12:07:48.556,972425,49.21,250.0,0.0,0.0,200.78,0,0
12:07:48.578,972444,49.3,250.0,0.0,0.0,200.69,0,0
12:07:48.654,972525,49.38,250.0,0.0,0.0,200.61,0,0
12:07:48.753,972625,49.4,250.0,0.0,0.0,200.59,0,0
12:07:48.853,972725,49.4,250.0,0.0,0.0,200.59,0,0
12:07:48.872,972744,49.4,250.0,0.0,0.0,200.59,0,0
12:07:48.954,972825,49.4,250.0,0.0,0.0,200.59,0,0
12:07:49.052,972925,49.32,250.0,0.0,0.0,200.67,0,0
12:07:49.153,973025,49.35,250.0,0.0,0.0,200.64,0,0
12:07:49.295,973125,49.35,250.0,0.0,0.0,200.64,0,0
12:07:49.300,973144,49.33,250.0,0.0,0.0,200.66,0,0
12:07:49.354,973225,49.31,250.0,0.0,0.0,200.68,0,0
12:07:49.468,973325,49.31,250.0,0.0,0.0,200.68,0,0
12:07:49.491,973344,49.32,250.0,0.0,0.0,200.67,0,0
12:07:49.553,973425,49.32,250.0,0.0,0.0,200.67,0,0
12:07:49.660,973525,49.32,250.0,0.0,0.0,200.67,0,0
12:07:49.674,973544,49.3,250.0,0.0,0.0,200.69,0,0
12:07:49.755,973625,49.28,250.0,0.0,0.0,200.71,0,0
12:07:49.853,973725,49.19,250.0,0.0,0.0,200.8,0,0
12:07:49.952,973825,49.19,250.0,0.0,0.0,200.8,0,0
12:07:49.972,973843,49.19,250.0,0.0,0.0,200.8,0,0
12:07:50.053,973925,49.16,250.0,0.0,0.0,200.83,0,0
12:07:50.158,974025,49.21,250.0,0.0,0.0,200.78,0,0
12:07:50.253,974125,49.21,250.0,0.0,0.0,200.78,0,0
12:07:50.272,974144,49.25,250.0,0.0,0.0,200.74,0,0
12:07:50.353,974225,49.25,250.0,0.0,0.0,200.74,0,0
12:07:50.372,974244,49.24,250.0,0.0,0.0,200.75,0,0
12:07:50.452,974325,49.25,250.0,0.0,0.0,200.74,0,0
12:07:50.553,974425,49.21,250.0,0.0,0.0,200.78,0,0
12:07:50.652,974525,49.21,250.0,0.0,0.0,200.78,0,0
12:07:50.671,974544,49.33,250.0,0.0,0.0,200.66,0,0
12:07:50.755,974625,49.43,250.0,0.0,0.0,200.56,0,0
12:07:50.863,974725,49.43,250.0,0.0,0.0,200.56,0,0
12:07:50.891,974744,49.48,250.0,0.0,0.0,200.51,0,0
12:07:50.964,974825,49.49,250.0,0.0,0.0,200.5,0,0
12:07:51.053,974925,49.38,250.0,0.0,0.0,200.61,0,0
12:07:51.153,975025,49.38,250.0,0.0,0.0,200.61,0,0
12:07:51.171,975044,49.4,250.0,0.0,0.0,200.59,0,0
12:07:51.253,975125,49.42,250.0,0.0,0.0,200.57,0,0
12:07:51.353,975225,49.42,250.0,0.0,0.0,200.57,0,0
12:07:51.371,975244,49.39,250.0,0.0,0.0,200.6,0,0
12:07:51.453,975325,49.37,250.0,0.0,0.0,200.62,0,0
12:07:51.557,975425,49.32,250.0,0.0,0.0,200.67,0,0
12:07:51.682,975525,49.32,250.0,0.0,0.0,200.67,0,0
12:07:51.683,975544,49.4,250.0,0.0,0.0,200.59,0,0
12:07:51.758,975625,49.47,250.0,0.0,0.0,200.52,0,0
12:07:51.857,975725,49.41,250.0,0.0,0.0,200.58,0,0
12:07:51.952,975825,49.41,250.0,0.0,0.0,200.58,0,0
12:07:52.052,975925,49.41,250.0,0.0,0.0,200.58,0,0
12:07:52.072,975943,49.41,250.0,0.0,0.0,200.58,0,0
12:07:52.153,976025,49.38,250.0,0.0,0.0,200.61,0,0
12:07:52.252,976125,49.38,250.0,0.0,0.0,200.61,0,0
12:07:52.271,976144,49.5,250.0,0.0,0.0,200.49,0,0
12:07:52.354,976225,49.61,250.0,0.0,0.0,200.38,0,0
12:07:52.453,976325,49.61,250.0,0.0,0.0,200.38,0,0
12:07:52.472,976344,49.56,250.0,0.0,0.0,200.43,0,0
12:07:52.558,976425,49.54,250.0,0.0,0.0,200.45,0,0
12:07:52.659,976525,49.48,250.0,0.0,0.0,200.51,0,0
12:07:52.752,976625,49.48,250.0,0.0,0.0,200.51,0,0
12:07:52.771,976644,49.52,250.0,0.0,0.0,200.47,0,0
12:07:52.853,976725,49.55,250.0,0.0,0.0,200.44,0,0
12:07:52.951,976825,49.55,250.0,0.0,0.0,200.44,0,0
12:07:52.971,976844,49.63,250.0,0.0,0.0,200.36,0,0
12:07:53.053,976925,49.68,250.0,0.0,0.0,200.31,0,0
12:07:53.152,977025,49.65,250.0,0.0,0.0,200.34,0,0
12:07:53.300,977125,49.6,250.0,0.0,0.0,200.39,0,0
12:07:53.355,977225,49.6,250.0,0.0,0.0,200.39,0,0
12:07:53.377,977244,49.55,250.0,0.0,0.0,200.44,0,0
12:07:53.460,977325,49.51,250.0,0.0,0.0,200.48,0,0
12:07:53.552,977425,49.39,250.0,0.0,0.0,200.6,0,0
12:07:53.652,977525,49.39,250.0,0.0,0.0,200.6,0,0
12:07:53.671,977544,49.37,250.0,0.0,0.0,200.62,0,0
12:07:53.754,977625,49.34,250.0,0.0,0.0,200.65,0,0
12:07:53.852,977725,49.34,250.0,0.0,0.0,200.65,0,0
12:07:53.871,977744,49.37,250.0,0.0,0.0,200.62,0,0
12:07:53.952,977825,49.4,250.0,0.0,0.0,200.59,0,0
12:07:54.077,977925,49.4,250.0,0.0,0.0,200.59,0,0
12:07:54.086,977944,49.44,250.0,0.0,0.0,200.55,0,0
12:07:54.158,978025,49.49,250.0,0.0,0.0,200.5,0,0
12:07:54.252,978125,49.43,250.0,0.0,0.0,200.56,0,0
12:07:54.351,978225,49.42,250.0,0.0,0.0,200.57,0,0
12:07:54.452,978325,49.42,250.0,0.0,0.0,200.57,0,0
12:07:54.473,978344,49.49,250.0,0.0,0.0,200.5,0,0
12:07:54.552,978425,49.58,250.0,0.0,0.0,200.41,0,0
12:07:54.651,978525,49.51,250.0,0.0,0.0,200.48,0,0
12:07:54.752,978625,49.51,250.0,0.0,0.0,200.48,0,0
12:07:54.864,978725,49.51,250.0,0.0,0.0,200.48,0,0
12:07:54.872,978744,49.54,250.0,0.0,0.0,200.45,0,0
12:07:54.952,978825,49.58,250.0,0.0,0.0,200.41,0,0
12:07:55.063,978925,49.51,250.0,0.0,0.0,200.48,0,0
12:07:55.151,979025,49.51,250.0,0.0,0.0,200.48,0,0
12:07:55.171,979043,49.51,250.0,0.0,0.0,200.48,0,0
12:07:55.252,979125,49.52,250.0,0.0,0.0,200.47,0,0
12:07:55.352,979225,49.5,250.0,0.0,0.0,200.49,0,0
12:07:55.452,979325,49.39,250.0,0.0,0.0,200.6,0,0
12:07:55.552,979425,49.36,250.0,0.0,0.0,200.63,0,0
12:07:55.658,979525,49.29,250.0,0.0,0.0,200.7,0,0
12:07:55.755,979625,49.3,250.0,0.0,0.0,200.69,0,0
12:07:55.852,979725,49.3,250.0,0.0,0.0,200.69,0,0
12:07:55.871,979744,49.4,250.0,0.0,0.0,200.59,0,0
12:07:55.951,979825,49.5,250.0,0.0,0.0,200.49,0,0
12:07:56.051,979925,49.51,250.0,0.0,0.0,200.48,0,0
12:07:56.153,980025,49.51,250.0,0.0,0.0,200.48,0,0
12:07:56.170,980044,49.45,250.0,0.0,0.0,200.54,0,0
12:07:56.252,980125,49.39,250.0,0.0,0.0,200.6,0,0
12:07:56.352,980225,49.36,250.0,0.0,0.0,200.63,0,0
12:07:56.453,980325,49.36,250.0,0.0,0.0,200.63,0,0
12:07:56.471,980344,49.34,250.0,0.0,0.0,200.65,0,0
12:07:56.556,980425,49.32,250.0,0.0,0.0,200.67,0,0
12:07:56.652,980525,49.27,250.0,0.0,0.0,200.72,0,0
12:07:56.751,980625,49.27,250.0,0.0,0.0,200.72,0,0
12:07:56.770,980643,49.27,250.0,0.0,0.0,200.72,0,0
12:07:56.852,980725,49.31,250.0,0.0,0.0,200.68,0,0
12:07:56.952,980825,49.19,250.0,0.0,0.0,200.8,0,0
12:07:57.052,980925,49.21,250.0,0.0,0.0,200.78,0,0
12:07:57.152,981025,49.21,250.0,0.0,0.0,200.78,0,0
12:07:57.169,981044,49.25,250.0,0.0,0.0,200.74,0,0
12:07:57.252,981125,49.29,250.0,0.0,0.0,200.7,0,0
12:07:57.357,981225,49.3,250.0,0.0,0.0,200.69,0,0
12:07:57.451,981325,49.25,250.0,0.0,0.0,200.74,0,0
12:07:57.554,981425,49.25,250.0,0.0,0.0,200.74,0,0
12:07:57.571,981444,49.24,250.0,0.0,0.0,200.75,0,0
12:07:57.651,981525,49.23,250.0,0.0,0.0,200.76,0,0
12:07:57.751,981625,49.12,250.0,0.0,0.0,200.87,0,0
12:07:57.854,981725,49.12,250.0,0.0,0.0,200.87,0,0
12:07:57.870,981743,49.12,250.0,0.0,0.0,200.87,0,0
12:07:57.951,981825,49.14,250.0,0.0,0.0,200.85,0,0
12:07:58.051,981925,49.14,250.0,0.0,0.0,200.85,0,0
12:07:58.069,981944,49.22,250.0,0.0,0.0,200.77,0,0
12:07:58.152,982025,49.28,250.0,0.0,0.0,200.71,0,0
12:07:58.252,982125,49.21,250.0,0.0,0.0,200.78,0,0
12:07:58.351,982225,49.21,250.0,0.0,0.0,200.78,0,0
12:07:58.451,982325,49.21,250.0,0.0,0.0,200.78,0,0
12:07:58.481,982344,49.2,250.0,0.0,0.0,200.79,0,0
12:07:58.551,982425,49.19,250.0,0.0,0.0,200.8,0,0
12:07:58.651,982525,49.23,250.0,0.0,0.0,200.76,0,0
12:07:58.751,982625,49.23,250.0,0.0,0.0,200.76,0,0
12:07:58.771,982644,49.32,250.0,0.0,0.0,200.67,0,0
12:07:58.851,982725,49.4,250.0,0.0,0.0,200.59,0,0
12:07:58.951,982825,49.4,250.0,0.0,0.0,200.59,0,0
12:07:59.051,982925,49.4,250.0,0.0,0.0,200.59,0,0
12:07:59.070,982944,49.42,250.0,0.0,0.0,200.57,0,0
12:07:59.152,983025,49.44,250.0,0.0,0.0,200.55,0,0
12:07:59.250,983125,49.44,250.0,0.0,0.0,200.55,0,0
12:07:59.278,983144,49.46,250.0,0.0,0.0,200.53,0,0
12:07:59.355,983225,49.48,250.0,0.0,0.0,200.51,0,0
12:07:59.454,983325,49.47,250.0,0.0,0.0,200.52,0,0
12:07:59.551,983425,49.41,250.0,0.0,0.0,200.58,0,0
12:07:59.651,983525,49.4,250.0,0.0,0.0,200.59,0,0
12:07:59.754,983625,49.4,250.0,0.0,0.0,200.59,0,0
12:07:59.770,983644,49.38,250.0,0.0,0.0,200.61,0,0
12:07:59.851,983725,49.35,250.0,0.0,0.0,200.64,0,0
12:07:59.950,983825,49.28,250.0,0.0,0.0,200.71,0,0
12:08:00.053,983925,49.21,250.0,0.0,0.0,200.78,0,0
12:08:00.151,984025,49.21,250.0,0.0,0.0,200.78,0,0
12:08:00.185,984044,49.23,250.0,0.0,0.0,200.76,0,0
12:08:00.255,984125,49.24,250.0,0.0,0.0,200.75,0,0
12:08:00.351,984225,49.21,250.0,0.0,0.0,200.78,0,0
12:08:00.453,984325,49.21,250.0,0.0,0.0,200.78,0,0
12:08:00.470,984343,49.21,250.0,0.0,0.0,200.78,0,0
12:08:00.553,984425,49.17,250.0,0.0,0.0,200.82,0,0
12:08:00.652,984525,49.17,250.0,0.0,0.0,200.82,0,0
12:08:00.753,984625,49.16,250.0,0.0,0.0,200.83,0,0
12:08:00.850,984725,49.08,250.0,0.0,0.0,200.91,0,0
12:08:00.952,984825,49.08,250.0,0.0,0.0,200.91,0,0
12:08:00.970,984844,49.16,250.0,0.0,0.0,200.83,0,0
12:08:01.053,984925,49.21,250.0,0.0,0.0,200.78,0,0
12:08:01.150,985025,49.2,250.0,0.0,0.0,200.79,0,0
12:08:01.250,985125,49.2,250.0,0.0,0.0,200.79,0,0
12:08:01.270,985144,49.24,250.0,0.0,0.0,200.75,0,0
12:08:01.350,985225,49.28,250.0,0.0,0.0,200.71,0,0
12:08:01.449,985325,49.29,250.0,0.0,0.0,200.7,0,0
12:08:01.550,985425,49.25,250.0,0.0,0.0,200.74,0,0
12:08:01.664,985525,49.26,250.0,0.0,0.0,200.73,0,0
12:08:01.762,985625,49.2,250.0,0.0,0.0,200.79,0,0
12:08:01.852,985725,49.2,250.0,0.0,0.0,200.79,0,0
12:08:01.877,985744,49.19,250.0,0.0,0.0,200.8,0,0
12:08:01.956,985825,49.18,250.0,0.0,0.0,200.81,0,0
12:08:02.050,985925,49.13,250.0,0.0,0.0,200.86,0,0
12:08:02.149,986025,49.13,250.0,0.0,0.0,200.86,0,0
12:08:02.169,986044,49.23,250.0,0.0,0.0,200.76,0,0
12:08:02.250,986125,49.32,250.0,0.0,0.0,200.67,0,0
12:08:02.350,986225,49.32,250.0,0.0,0.0,200.67,0,0
12:08:02.369,986244,49.32,250.0,0.0,0.0,200.67,0,0
12:08:02.450,986325,49.35,250.0,0.0,0.0,200.64,0,0
12:08:02.550,986425,49.33,250.0,0.0,0.0,200.66,0,0
12:08:02.653,986525,49.33,250.0,0.0,0.0,200.66,0,0
12:08:02.752,986625,49.33,250.0,0.0,0.0,200.66,0,0
12:08:02.781,986644,49.39,250.0,0.0,0.0,200.6,0,0
12:08:02.850,986725,49.44,250.0,0.0,0.0,200.55,0,0
12:08:02.951,986825,49.38,250.0,0.0,0.0,200.61,0,0
12:08:03.049,986925,49.38,250.0,0.0,0.0,200.61,0,0
12:08:03.070,986943,49.38,250.0,0.0,0.0,200.61,0,0
12:08:03.150,987025,49.4,250.0,0.0,0.0,200.59,0,0
12:08:03.250,987125,49.27,250.0,0.0,0.0,200.72,0,0
12:08:03.350,987225,49.27,250.0,0.0,0.0,200.72,0,0
12:08:03.368,987244,49.23,250.0,0.0,0.0,200.76,0,0
12:08:03.451,987325,49.2,250.0,0.0,0.0,200.79,0,0
12:08:03.553,987425,49.2,250.0,0.0,0.0,200.79,0,0
12:08:03.569,987444,49.27,250.0,0.0,0.0,200.72,0,0
12:08:03.651,987525,49.35,250.0,0.0,0.0,200.64,0,0
12:08:03.751,987625,49.25,250.0,0.0,0.0,200.74,0,0
12:08:03.850,987725,49.24,250.0,0.0,0.0,200.75,0,0
12:08:03.950,987825,49.24,250.0,0.0,0.0,200.75,0,0
12:08:03.969,987844,49.25,250.0,0.0,0.0,200.74,0,0
12:08:04.049,987925,49.29,250.0,0.0,0.0,200.7,0,0
12:08:04.150,988025,49.17,250.0,0.0,0.0,200.82,0,0
12:08:04.250,988125,49.17,250.0,0.0,0.0,200.82,0,0
12:08:04.349,988225,49.17,250.0,0.0,0.0,200.82,0,0
12:08:04.369,988244,49.14,250.0,0.0,0.0,200.85,0,0
12:08:04.454,988325,49.11,250.0,0.0,0.0,200.88,0,0
12:08:04.549,988425,49.11,250.0,0.0,0.0,200.88,0,0
12:08:04.582,988444,49.16,250.0,0.0,0.0,200.83,0,0
12:08:04.653,988525,49.18,250.0,0.0,0.0,200.81,0,0
12:08:04.750,988625,49.25,250.0,0.0,0.0,200.74,0,0
12:08:04.849,988725,49.29,250.0,0.0,0.0,200.7,0,0
12:08:04.949,988825,49.29,250.0,0.0,0.0,200.7,0,0
12:08:04.969,988844,49.37,250.0,0.0,0.0,200.62,0,0
12:08:05.049,988925,49.45,250.0,0.0,0.0,200.54,0,0
12:08:05.149,989025,49.34,250.0,0.0,0.0,200.65,0,0
12:08:05.248,989125,49.34,250.0,0.0,0.0,200.65,0,0
12:08:05.349,989225,49.34,250.0,0.0,0.0,200.65,0,0
12:08:05.371,989244,49.4,250.0,0.0,0.0,200.59,0,0
12:08:05.451,989325,49.44,250.0,0.0,0.0,200.55,0,0
12:08:05.551,989425,49.44,250.0,0.0,0.0,200.55,0,0
12:08:05.567,989444,49.46,250.0,0.0,0.0,200.53,0,0
12:08:05.649,989525,49.48,250.0,0.0,0.0,200.51,0,0
12:08:05.749,989625,49.48,250.0,0.0,0.0,200.51,0,0
12:08:05.768,989644,49.57,250.0,0.0,0.0,200.42,0,0
12:08:05.849,989725,49.65,250.0,0.0,0.0,200.34,0,0
12:08:05.950,989825,49.62,250.0,0.0,0.0,200.37,0,0
12:08:06.048,989925,49.57,250.0,0.0,0.0,200.42,0,0
12:08:06.148,990025,49.55,250.0,0.0,0.0,200.44,0,0
12:08:06.256,990125,49.56,250.0,0.0,0.0,200.43,0,0
12:08:06.352,990225,49.56,250.0,0.0,0.0,200.43,0,0
12:08:06.368,990244,49.64,250.0,0.0,0.0,200.35,0,0
12:08:06.454,990325,49.71,250.0,0.0,0.0,200.28,0,0
12:08:06.549,990425,49.7,250.0,0.0,0.0,200.29,0,0
12:08:06.649,990525,49.7,250.0,0.0,0.0,200.29,0,0
12:08:06.667,990544,49.72,250.0,0.0,0.0,200.27,0,0
12:08:06.749,990625,49.74,250.0,0.0,0.0,200.25,0,0
12:08:06.849,990725,49.67,250.0,0.0,0.0,200.32,0,0
12:08:06.949,990825,49.67,250.0,0.0,0.0,200.32,0,0
12:08:06.970,990844,49.67,250.0,0.0,0.0,200.32,0,0
12:08:07.050,990925,49.66,250.0,0.0,0.0,200.33,0,0
12:08:07.151,991025,49.61,250.0,0.0,0.0,200.38,0,0
12:08:07.251,991125,49.64,250.0,0.0,0.0,200.35,0,0
12:08:07.364,991225,49.64,250.0,0.0,0.0,200.35,0,0
12:08:07.376,991244,49.64,250.0,0.0,0.0,200.35,0,0
12:08:07.450,991325,49.64,250.0,0.0,0.0,200.35,0,0
12:08:07.549,991425,49.56,250.0,0.0,0.0,200.43,0,0
12:08:07.649,991525,49.56,250.0,0.0,0.0,200.43,0,0
12:08:07.672,991544,49.61,250.0,0.0,0.0,200.38,0,0
12:08:07.749,991625,49.64,250.0,0.0,0.0,200.35,0,0
12:08:07.848,991725,49.59,250.0,0.0,0.0,200.4,0,0
12:08:07.950,991825,49.59,250.0,0.0,0.0,200.4,0,0
12:08:07.973,991844,49.62,250.0,0.0,0.0,200.37,0,0
12:08:08.049,991925,49.64,250.0,0.0,0.0,200.35,0,0
12:08:08.149,992025,49.64,250.0,0.0,0.0,200.35,0,0
12:08:08.167,992044,49.57,250.0,0.0,0.0,200.42,0,0
12:08:08.250,992125,49.52,250.0,0.0,0.0,200.47,0,0
12:08:08.348,992225,49.52,250.0,0.0,0.0,200.47,0,0
12:08:08.366,992243,49.52,250.0,0.0,0.0,200.47,0,0
12:08:08.449,992325,49.48,250.0,0.0,0.0,200.51,0,0
12:08:08.548,992425,49.42,250.0,0.0,0.0,200.57,0,0
12:08:08.648,992525,49.42,250.0,0.0,0.0,200.57,0,0
12:08:08.667,992544,49.39,250.0,0.0,0.0,200.6,0,0
12:08:08.758,992625,49.39,250.0,0.0,0.0,200.6,0,0
12:08:08.849,992725,49.39,250.0,0.0,0.0,200.6,0,0
12:08:08.949,992825,49.34,250.0,0.0,0.0,200.65,0,0
12:08:09.048,992925,49.34,250.0,0.0,0.0,200.65,0,0
12:08:09.067,992944,49.42,250.0,0.0,0.0,200.57,0,0
12:08:09.148,993025,49.49,250.0,0.0,0.0,200.5,0,0
12:08:09.248,993125,49.47,250.0,0.0,0.0,200.52,0,0
12:08:09.348,993225,49.44,250.0,0.0,0.0,200.55,0,0
12:08:09.448,993325,49.44,250.0,0.0,0.0,200.55,0,0
12:08:09.467,993344,49.43,250.0,0.0,0.0,200.56,0,0
12:08:09.555,993425,49.43,250.0,0.0,0.0,200.56,0,0
12:08:09.656,993525,49.43,250.0,0.0,0.0,200.56,0,0
12:08:09.668,993544,49.37,250.0,0.0,0.0,200.62,0,0
12:08:09.750,993625,49.32,250.0,0.0,0.0,200.67,0,0
12:08:09.848,993725,49.32,250.0,0.0,0.0,200.67,0,0
12:08:09.867,993744,49.33,250.0,0.0,0.0,200.66,0,0
12:08:09.948,993825,49.33,250.0,0.0,0.0,200.66,0,0
12:08:10.048,993925,49.33,250.0,0.0,0.0,200.66,0,0
12:08:10.067,993944,49.41,250.0,0.0,0.0,200.58,0,0
12:08:10.148,994025,49.48,250.0,0.0,0.0,200.51,0,0
12:08:10.248,994125,49.5,250.0,0.0,0.0,200.49,0,0
12:08:10.348,994225,49.46,250.0,0.0,0.0,200.53,0,0
12:08:10.449,994325,49.46,250.0,0.0,0.0,200.53,0,0
12:08:10.550,994425,49.43,250.0,0.0,0.0,200.56,0,0
12:08:10.648,994525,49.43,250.0,0.0,0.0,200.56,0,0
12:08:10.670,994544,49.47,250.0,0.0,0.0,200.52,0,0
12:08:10.748,994625,49.51,250.0,0.0,0.0,200.48,0,0
12:08:10.848,994725,49.45,250.0,0.0,0.0,200.54,0,0
12:08:10.948,994825,49.36,250.0,0.0,0.0,200.63,0,0
12:08:11.048,994925,49.36,250.0,0.0,0.0,200.63,0,0
12:08:11.066,994944,49.34,250.0,0.0,0.0,200.65,0,0
12:08:11.151,995025,49.32,250.0,0.0,0.0,200.67,0,0
12:08:11.250,995125,49.2,250.0,0.0,0.0,200.79,0,0
12:08:11.348,995225,49.2,250.0,0.0,0.0,200.79,0,0
12:08:11.367,995244,49.21,250.0,0.0,0.0,200.78,0,0
12:08:11.447,995325,49.23,250.0,0.0,0.0,200.76,0,0
12:08:11.548,995425,49.23,250.0,0.0,0.0,200.76,0,0
12:08:11.569,995444,49.27,250.0,0.0,0.0,200.72,0,0
12:08:11.647,995525,49.31,250.0,0.0,0.0,200.68,0,0
12:08:11.747,995625,49.31,250.0,0.0,0.0,200.68,0,0
12:08:11.766,995644,49.29,250.0,0.0,0.0,200.7,0,0
12:08:11.851,995725,49.3,250.0,0.0,0.0,200.69,0,0
12:08:11.974,995825,49.25,250.0,0.0,0.0,200.74,0,0
12:08:12.048,995925,49.22,250.0,0.0,0.0,200.77,0,0
12:08:12.147,996025,49.22,250.0,0.0,0.0,200.77,0,0
12:08:12.169,996044,49.26,250.0,0.0,0.0,200.73,0,0
12:08:12.246,996125,49.32,250.0,0.0,0.0,200.67,0,0
12:08:12.347,996225,49.32,250.0,0.0,0.0,200.67,0,0
12:08:12.366,996244,49.32,250.0,0.0,0.0,200.67,0,0
12:08:12.448,996325,49.33,250.0,0.0,0.0,200.66,0,0
12:08:12.548,996425,49.33,250.0,0.0,0.0,200.66,0,0
12:08:12.566,996443,49.33,250.0,0.0,0.0,200.66,0,0
12:08:12.647,996525,49.31,250.0,0.0,0.0,200.68,0,0
12:08:12.748,996625,49.19,250.0,0.0,0.0,200.8,0,0
12:08:12.850,996725,49.19,250.0,0.0,0.0,200.8,0,0
12:08:12.866,996744,49.18,250.0,0.0,0.0,200.81,0,0
12:08:12.950,996825,49.18,250.0,0.0,0.0,200.81,0,0
12:08:13.048,996925,49.15,250.0,0.0,0.0,200.84,0,0
12:08:13.148,997025,49.04,250.0,0.0,0.0,200.95,0,0
12:08:13.247,997125,49.04,250.0,0.0,0.0,200.95,0,0
12:08:13.265,997144,49.15,250.0,0.0,0.0,200.84,0,0
12:08:13.347,997225,49.25,250.0,0.0,0.0,200.74,0,0
12:08:13.447,997325,49.23,250.0,0.0,0.0,200.76,0,0
12:08:13.553,997425,49.3,250.0,0.0,0.0,200.69,0,0
12:08:13.649,997525,49.3,250.0,0.0,0.0,200.69,0,0
12:08:13.674,997544,49.33,250.0,0.0,0.0,200.66,0,0
12:08:13.748,997625,49.36,250.0,0.0,0.0,200.63,0,0
12:08:13.847,997725,49.26,250.0,0.0,0.0,200.73,0,0
12:08:13.947,997825,49.25,250.0,0.0,0.0,200.74,0,0
12:08:14.048,997925,49.25,250.0,0.0,0.0,200.74,0,0
12:08:14.065,997943,49.25,250.0,0.0,0.0,200.74,0,0
12:08:14.147,998025,49.28,250.0,0.0,0.0,200.71,0,0
12:08:14.251,998125,49.27,250.0,0.0,0.0,200.72,0,0
12:08:14.347,998225,49.27,250.0,0.0,0.0,200.72,0,0
12:08:14.368,998244,49.3,250.0,0.0,0.0,200.69,0,0
12:08:14.453,998325,49.31,250.0,0.0,0.0,200.68,0,0
12:08:14.552,998425,49.31,250.0,0.0,0.0,200.68,0,0
12:08:14.566,998444,49.32,250.0,0.0,0.0,200.67,0,0
12:08:14.646,998525,49.3,250.0,0.0,0.0,200.69,0,0
12:08:14.746,998625,49.26,250.0,0.0,0.0,200.73,0,0
12:08:14.847,998725,49.26,250.0,0.0,0.0,200.73,0,0
12:08:14.866,998744,49.27,250.0,0.0,0.0,200.72,0,0
12:08:14.949,998825,49.25,250.0,0.0,0.0,200.74,0,0
12:08:15.048,998925,49.27,250.0,0.0,0.0,200.72,0,0
12:08:15.147,999025,49.3,250.0,0.0,0.0,200.69,0,0
12:08:15.246,999125,49.28,250.0,0.0,0.0,200.71,0,0
12:08:15.355,999225,49.27,250.0,0.0,0.0,200.72,0,0
12:08:15.478,999325,49.25,250.0,0.0,0.0,200.74,0,0
12:08:15.547,999425,49.27,250.0,0.0,0.0,200.72,0,0
12:08:15.649,999525,49.27,250.0,0.0,0.0,200.72,0,0
12:08:15.665,999543,49.27,250.0,0.0,0.0,200.72,0,0
12:08:15.747,999625,49.27,250.0,0.0,0.0,200.72,0,0
12:08:15.766,999644,49.33,250.0,0.0,0.0,200.66,0,0
12:08:15.846,999725,49.36,250.0,0.0,0.0,200.63,0,0
12:08:15.947,999825,49.28,250.0,0.0,0.0,200.71,0,0
12:08:16.052,999925,49.28,250.0,0.0,0.0,200.71,0,0
12:08:16.069,999944,49.29,250.0,0.0,0.0,200.7,0,0
12:08:16.148,1000025,49.3,250.0,0.0,0.0,200.69,0,0
12:08:16.250,1000125,49.33,250.0,0.0,0.0,200.66,0,0
12:08:16.346,1000225,49.26,250.0,0.0,0.0,200.73,0,0
12:08:16.447,1000325,49.32,250.0,0.0,0.0,200.67,0,0
12:08:16.548,1000425,49.35,250.0,0.0,0.0,200.64,0,0
12:08:16.646,1000525,49.3,250.0,0.0,0.0,200.69,0,0
12:08:16.746,1000625,49.29,250.0,0.0,0.0,200.7,0,0
12:08:16.847,1000725,49.19,250.0,0.0,0.0,200.8,0,0
12:08:16.996,1000825,49.14,250.0,0.0,0.0,200.85,0,0
12:08:17.047,1000925,49.19,250.0,0.0,0.0,200.8,0,0
12:08:17.153,1001025,49.2,250.0,0.0,0.0,200.79,0,0
12:08:17.246,1001125,49.27,250.0,0.0,0.0,200.72,0,0
12:08:17.347,1001225,49.31,250.0,0.0,0.0,200.68,0,0
12:08:17.449,1001325,49.36,250.0,0.0,0.0,200.63,0,0
12:08:17.552,1001425,49.39,250.0,0.0,0.0,200.6,0,0
12:08:17.646,1001525,49.29,250.0,0.0,0.0,200.7,0,0
12:08:17.745,1001625,49.27,250.0,0.0,0.0,200.72,0,0
12:08:17.847,1001725,49.31,250.0,0.0,0.0,200.68,0,0
12:08:17.947,1001825,49.29,250.0,0.0,0.0,200.7,0,0
12:08:18.052,1001925,49.3,250.0,0.0,0.0,200.69,0,0
12:08:18.146,1002025,49.25,250.0,0.0,0.0,200.74,0,0
12:08:18.246,1002125,49.22,250.0,0.0,0.0,200.77,0,0
12:08:18.346,1002225,49.23,250.0,0.0,0.0,200.76,0,0
12:08:18.446,1002325,49.27,250.0,0.0,0.0,200.72,0,0
12:08:18.547,1002425,49.28,250.0,0.0,0.0,200.71,0,0
12:08:18.646,1002525,49.22,250.0,0.0,0.0,200.77,0,0
12:08:18.749,1002625,49.23,250.0,0.0,0.0,200.76,0,0
12:08:18.855,1002725,49.17,250.0,0.0,0.0,200.82,0,0
12:08:18.948,1002825,49.19,250.0,0.0,0.0,200.8,0,0
12:08:19.046,1002925,49.21,250.0,0.0,0.0,200.78,0,0
12:08:19.146,1003025,49.23,250.0,0.0,0.0,200.76,0,0
12:08:19.245,1003125,49.19,250.0,0.0,0.0,200.8,0,0
12:08:19.347,1003225,49.13,250.0,0.0,0.0,200.86,0,0
12:08:19.446,1003325,49.08,250.0,0.0,0.0,200.91,0,0
12:08:19.589,1003425,49.03,250.0,0.0,0.0,200.96,0,0
12:08:19.663,1003525,48.99,250.0,0.0,0.0,201.0,0,0
12:08:19.745,1003625,48.98,250.0,0.0,0.0,201.01,0,0
12:08:19.846,1003725,48.97,250.0,0.0,0.0,201.02,0,0
12:08:19.946,1003825,48.91,250.0,0.0,0.0,201.08,0,0
12:08:20.046,1003925,48.93,250.0,0.0,0.0,201.06,0,0
12:08:20.146,1004025,48.98,250.0,0.0,0.0,201.01,0,0
12:08:20.245,1004125,48.91,250.0,0.0,0.0,201.08,0,0
12:08:20.367,1004225,48.98,250.0,0.0,0.0,201.01,0,0
12:08:20.449,1004325,48.92,250.0,0.0,0.0,201.07,0,0
12:08:20.551,1004425,48.84,250.0,0.0,0.0,201.15,0,0
12:08:20.645,1004525,48.87,250.0,0.0,0.0,201.12,0,0
12:08:20.745,1004625,48.92,250.0,0.0,0.0,201.07,0,0
12:08:20.846,1004725,48.86,250.0,0.0,0.0,201.13,0,0
12:08:20.945,1004825,48.89,250.0,0.0,0.0,201.1,0,0
12:08:21.045,1004925,48.94,250.0,0.0,0.0,201.05,0,0
12:08:21.148,1005025,48.93,250.0,0.0,0.0,201.06,0,0
12:08:21.246,1005125,49.03,250.0,0.0,0.0,200.96,0,0
12:08:21.346,1005225,49.04,250.0,0.0,0.0,200.95,0,0
12:08:21.445,1005325,49.07,250.0,0.0,0.0,200.92,0,0
12:08:21.546,1005425,48.97,250.0,0.0,0.0,201.02,0,0
12:08:21.644,1005525,48.91,250.0,0.0,0.0,201.08,0,0
12:08:21.744,1005625,48.93,250.0,0.0,0.0,201.06,0,0
12:08:21.845,1005725,48.95,250.0,0.0,0.0,201.04,0,0
12:08:21.945,1005825,48.99,250.0,0.0,0.0,201.0,0,0
12:08:22.062,1005925,48.91,250.0,0.0,0.0,201.08,0,0
12:08:22.154,1006025,48.93,250.0,0.0,0.0,201.06,0,0
12:08:22.245,1006125,49.0,250.0,0.0,0.0,200.99,0,0
12:08:22.346,1006225,49.01,250.0,0.0,0.0,200.98,0,0
12:08:22.445,1006325,49.05,250.0,0.0,0.0,200.94,0,0
12:08:22.545,1006425,49.08,250.0,0.0,0.0,200.91,0,0
12:08:22.646,1006525,48.98,250.0,0.0,0.0,201.01,0,0
12:08:22.744,1006625,48.97,250.0,0.0,0.0,201.02,0,0
12:08:22.851,1006725,49.06,250.0,0.0,0.0,200.93,0,0
12:08:22.955,1006825,49.07,250.0,0.0,0.0,200.92,0,0
12:08:23.045,1006925,49.1,250.0,0.0,0.0,200.89,0,0
12:08:23.145,1007025,49.13,250.0,0.0,0.0,200.86,0,0
12:08:23.245,1007125,49.05,250.0,0.0,0.0,200.94,0,0
12:08:23.345,1007225,49.13,250.0,0.0,0.0,200.86,0,0
12:08:23.445,1007325,49.13,250.0,0.0,0.0,200.86,0,0
12:08:23.544,1007425,49.16,250.0,0.0,0.0,200.83,0,0
12:08:23.646,1007525,49.18,250.0,0.0,0.0,200.81,0,0
12:08:23.746,1007625,49.17,250.0,0.0,0.0,200.82,0,0
12:08:23.846,1007725,49.12,250.0,0.0,0.0,200.87,0,0
12:08:23.945,1007825,49.07,250.0,0.0,0.0,200.92,0,0
12:08:24.045,1007925,49.07,250.0,0.0,0.0,200.92,0,0
12:08:24.144,1008025,49.13,250.0,0.0,0.0,200.86,0,0
12:08:24.245,1008125,49.08,250.0,0.0,0.0,200.91,0,0
12:08:24.344,1008225,49.13,250.0,0.0,0.0,200.86,0,0
12:08:24.455,1008325,49.11,250.0,0.0,0.0,200.88,0,0
12:08:24.545,1008425,49.11,250.0,0.0,0.0,200.88,0,0
12:08:24.645,1008525,49.11,250.0,0.0,0.0,200.88,0,0
12:08:24.745,1008625,49.09,250.0,0.0,0.0,200.9,0,0
12:08:24.845,1008725,49.09,250.0,0.0,0.0,200.9,0,0
12:08:24.945,1008825,49.07,250.0,0.0,0.0,200.92,0,0
12:08:25.045,1008925,49.05,250.0,0.0,0.0,200.94,0,0
12:08:25.145,1009025,48.98,250.0,0.0,0.0,201.01,0,0
12:08:25.262,1009125,48.97,250.0,0.0,0.0,201.02,0,0
12:08:25.350,1009225,48.88,250.0,0.0,0.0,201.11,0,0
12:08:25.445,1009325,48.91,250.0,0.0,0.0,201.08,0,0
12:08:25.544,1009425,48.93,250.0,0.0,0.0,201.06,0,0
12:08:25.643,1009525,48.92,250.0,0.0,0.0,201.07,0,0
12:08:25.746,1009625,48.97,250.0,0.0,0.0,201.02,0,0
12:08:25.844,1009725,49.01,250.0,0.0,0.0,200.98,0,0
12:08:25.953,1009825,49.05,250.0,0.0,0.0,200.94,0,0
12:08:26.044,1009925,49.03,250.0,0.0,0.0,200.96,0,0
12:08:26.147,1010025,49.04,250.0,0.0,0.0,200.95,0,0
12:08:26.246,1010125,49.05,250.0,0.0,0.0,200.94,0,0
12:08:26.344,1010225,48.95,250.0,0.0,0.0,201.04,0,0
12:08:26.448,1010325,48.92,250.0,0.0,0.0,201.07,0,0
12:08:26.550,1010425,48.89,250.0,0.0,0.0,201.1,0,0
12:08:26.644,1010525,48.91,250.0,0.0,0.0,201.08,0,0
12:08:26.744,1010625,48.96,250.0,0.0,0.0,201.03,0,0
12:08:26.857,1010725,48.92,250.0,0.0,0.0,201.07,0,0
12:08:26.957,1010825,48.92,250.0,0.0,0.0,201.07,0,0
12:08:27.044,1010925,48.96,250.0,0.0,0.0,201.03,0,0
12:08:27.144,1011025,48.9,250.0,0.0,0.0,201.09,0,0
12:08:27.245,1011125,48.95,250.0,0.0,0.0,201.04,0,0
12:08:27.345,1011225,48.94,250.0,0.0,0.0,201.05,0,0
12:08:27.444,1011325,48.99,250.0,0.0,0.0,201.0,0,0
12:08:27.544,1011425,49.03,250.0,0.0,0.0,200.96,0,0
12:08:27.644,1011525,49.04,250.0,0.0,0.0,200.95,0,0
12:08:27.749,1011625,49.07,250.0,0.0,0.0,200.92,0,0
12:08:27.857,1011725,48.97,250.0,0.0,0.0,201.02,0,0
12:08:27.944,1011825,49.01,250.0,0.0,0.0,200.98,0,0
12:08:28.044,1011925,49.02,250.0,0.0,0.0,200.97,0,0
12:08:28.143,1012025,49.06,250.0,0.0,0.0,200.93,0,0
12:08:28.246,1012125,49.04,250.0,0.0,0.0,200.95,0,0
12:08:28.344,1012225,49.1,250.0,0.0,0.0,200.89,0,0
12:08:28.449,1012325,49.08,250.0,0.0,0.0,200.91,0,0
12:08:28.545,1012425,49.0,250.0,0.0,0.0,200.99,0,0
12:08:28.645,1012525,48.99,250.0,0.0,0.0,201.0,0,0
12:08:28.753,1012625,49.03,250.0,0.0,0.0,200.96,0,0
12:08:28.843,1012725,49.04,250.0,0.0,0.0,200.95,0,0
12:08:28.944,1012825,49.05,250.0,0.0,0.0,200.94,0,0
12:08:29.043,1012925,49.06,250.0,0.0,0.0,200.93,0,0
12:08:29.143,1013025,49.11,250.0,0.0,0.0,200.88,0,0
12:08:29.244,1013125,49.11,250.0,0.0,0.0,200.88,0,0
12:08:29.368,1013225,49.14,250.0,0.0,0.0,200.85,0,0
12:08:29.450,1013325,49.11,250.0,0.0,0.0,200.88,0,0
12:08:29.563,1013425,49.04,250.0,0.0,0.0,200.95,0,0
12:08:29.664,1013525,49.02,250.0,0.0,0.0,200.97,0,0
12:08:29.743,1013625,49.06,250.0,0.0,0.0,200.93,0,0
12:08:29.844,1013725,49.06,250.0,0.0,0.0,200.93,0,0
12:08:29.943,1013825,49.02,250.0,0.0,0.0,200.97,0,0
12:08:30.042,1013925,49.05,250.0,0.0,0.0,200.94,0,0
12:08:30.142,1014025,49.04,250.0,0.0,0.0,200.95,0,0
12:08:30.242,1014125,49.02,250.0,0.0,0.0,200.97,0,0
12:08:30.343,1014225,49.03,250.0,0.0,0.0,200.96,0,0
12:08:30.496,1014325,49.04,250.0,0.0,0.0,200.95,0,0
12:08:30.564,1014425,48.95,250.0,0.0,0.0,201.04,0,0
12:08:30.644,1014525,48.96,250.0,0.0,0.0,201.03,0,0
12:08:30.743,1014625,48.95,250.0,0.0,0.0,201.04,0,0
12:08:30.843,1014725,49.02,250.0,0.0,0.0,200.97,0,0
12:08:30.948,1014825,49.01,250.0,0.0,0.0,200.98,0,0
12:08:31.042,1014925,49.07,250.0,0.0,0.0,200.92,0,0
12:08:31.142,1015025,49.07,250.0,0.0,0.0,200.92,0,0
12:08:31.243,1015125,49.03,250.0,0.0,0.0,200.96,0,0
12:08:31.348,1015225,48.94,250.0,0.0,0.0,201.05,0,0
12:08:31.445,1015325,48.9,250.0,0.0,0.0,201.09,0,0
12:08:31.542,1015425,48.95,250.0,0.0,0.0,201.04,0,0
12:08:31.642,1015525,48.92,250.0,0.0,0.0,201.07,0,0
12:08:31.743,1015625,48.94,250.0,0.0,0.0,201.05,0,0
12:08:31.843,1015725,48.93,250.0,0.0,0.0,201.06,0,0
12:08:31.943,1015825,48.93,250.0,0.0,0.0,201.06,0,0
12:08:32.043,1015925,48.89,250.0,0.0,0.0,201.1,0,0
12:08:32.145,1016025,48.82,250.0,0.0,0.0,201.17,0,0
12:08:32.255,1016125,48.87,250.0,0.0,0.0,201.12,0,0
12:08:32.351,1016225,48.9,250.0,0.0,0.0,201.09,0,0
12:08:32.442,1016325,48.92,250.0,0.0,0.0,201.07,0,0
12:08:32.543,1016425,48.97,250.0,0.0,0.0,201.02,0,0
12:08:32.642,1016525,48.98,250.0,0.0,0.0,201.01,0,0
12:08:32.744,1016625,49.02,250.0,0.0,0.0,200.97,0,0
12:08:32.843,1016725,48.98,250.0,0.0,0.0,201.01,0,0
12:08:32.942,1016825,48.97,250.0,0.0,0.0,201.02,0,0
12:08:33.046,1016925,49.04,250.0,0.0,0.0,200.95,0,0
12:08:33.148,1017025,49.04,250.0,0.0,0.0,200.95,0,0
12:08:33.248,1017125,49.08,250.0,0.0,0.0,200.91,0,0
12:08:33.343,1017225,49.03,250.0,0.0,0.0,200.96,0,0
12:08:33.444,1017325,48.96,250.0,0.0,0.0,201.03,0,0
12:08:33.543,1017425,48.9,250.0,0.0,0.0,201.09,0,0
12:08:33.642,1017525,48.85,250.0,0.0,0.0,201.14,0,0
12:08:33.741,1017625,48.88,250.0,0.0,0.0,201.11,0,0
12:08:33.849,1017725,48.82,250.0,0.0,0.0,201.17,0,0
12:08:33.943,1017825,48.85,250.0,0.0,0.0,201.14,0,0
12:08:34.045,1017925,48.88,250.0,0.0,0.0,201.11,0,0
12:08:34.142,1018025,48.83,250.0,0.0,0.0,201.16,0,0
12:08:34.245,1018125,48.86,250.0,0.0,0.0,201.13,0,0
12:08:34.346,1018225,48.94,250.0,0.0,0.0,201.05,0,0
12:08:34.443,1018325,48.9,250.0,0.0,0.0,201.09,0,0
12:08:34.541,1018425,49.03,250.0,0.0,0.0,200.96,0,0
12:08:34.641,1018525,49.04,250.0,0.0,0.0,200.95,0,0
12:08:34.744,1018625,48.99,250.0,0.0,0.0,201.0,0,0
12:08:34.842,1018725,48.93,250.0,0.0,0.0,201.06,0,0
12:08:34.943,1018825,48.97,250.0,0.0,0.0,201.02,0,0
12:08:35.043,1018925,48.96,250.0,0.0,0.0,201.03,0,0
12:08:35.142,1019025,49.03,250.0,0.0,0.0,200.96,0,0
12:08:35.241,1019125,49.09,250.0,0.0,0.0,200.9,0,0
12:08:35.341,1019225,49.07,250.0,0.0,0.0,200.92,0,0
12:08:35.443,1019325,49.1,250.0,0.0,0.0,200.89,0,0
12:08:35.570,1019425,49.13,250.0,0.0,0.0,200.86,0,0
12:08:35.643,1019525,49.05,250.0,0.0,0.0,200.94,0,0
12:08:35.748,1019625,48.96,250.0,0.0,0.0,201.03,0,0
12:08:35.842,1019725,48.95,250.0,0.0,0.0,201.04,0,0
12:08:35.942,1019825,49.01,250.0,0.0,0.0,200.98,0,0
12:08:36.041,1019925,49.03,250.0,0.0,0.0,200.96,0,0
12:08:36.141,1020025,48.98,250.0,0.0,0.0,201.01,0,0
12:08:36.242,1020125,49.02,250.0,0.0,0.0,200.97,0,0
12:08:36.341,1020225,49.08,250.0,0.0,0.0,200.91,0,0
12:08:36.464,1020325,49.06,250.0,0.0,0.0,200.93,0,0
12:08:36.546,1020425,49.04,250.0,0.0,0.0,200.95,0,0
12:08:36.644,1020525,49.05,250.0,0.0,0.0,200.94,0,0
12:08:36.742,1020625,49.08,250.0,0.0,0.0,200.91,0,0
12:08:36.841,1020725,49.16,250.0,0.0,0.0,200.83,0,0
12:08:36.942,1020825,49.16,250.0,0.0,0.0,200.83,0,0
12:08:37.042,1020925,49.13,250.0,0.0,0.0,200.86,0,0
12:08:37.142,1021025,49.18,250.0,0.0,0.0,200.81,0,0
12:08:37.271,1021125,49.17,250.0,0.0,0.0,200.82,0,0
12:08:37.343,1021225,49.12,250.0,0.0,0.0,200.87,0,0
12:08:37.454,1021325,49.12,250.0,0.0,0.0,200.87,0,0
12:08:37.541,1021425,49.15,250.0,0.0,0.0,200.84,0,0
12:08:37.641,1021525,49.12,250.0,0.0,0.0,200.87,0,0
12:08:37.741,1021625,49.17,250.0,0.0,0.0,200.82,0,0
12:08:37.841,1021725,49.19,250.0,0.0,0.0,200.8,0,0
12:08:37.942,1021825,49.11,250.0,0.0,0.0,200.88,0,0
12:08:38.040,1021925,49.16,250.0,0.0,0.0,200.83,0,0
12:08:38.190,1022025,49.1,250.0,0.0,0.0,200.89,0,0
12:08:38.241,1022125,49.11,250.0,0.0,0.0,200.88,0,0
12:08:38.362,1022225,49.08,250.0,0.0,0.0,200.91,0,0
12:08:38.441,1022325,49.14,250.0,0.0,0.0,200.85,0,0
12:08:38.541,1022425,49.19,250.0,0.0,0.0,200.8,0,0
12:08:38.641,1022525,49.18,250.0,0.0,0.0,200.81,0,0
12:08:38.741,1022625,49.17,250.0,0.0,0.0,200.82,0,0
12:08:38.841,1022725,49.14,250.0,0.0,0.0,200.85,0,0
12:08:38.946,1022825,49.12,250.0,0.0,0.0,200.87,0,0
12:08:39.076,1022925,49.09,250.0,0.0,0.0,200.9,0,0
12:08:39.151,1023025,49.1,250.0,0.0,0.0,200.89,0,0
12:08:39.241,1023125,49.12,250.0,0.0,0.0,200.87,0,0
12:08:39.341,1023225,49.12,250.0,0.0,0.0,200.87,0,0
12:08:39.440,1023325,49.1,250.0,0.0,0.0,200.89,0,0
12:08:39.541,1023425,49.05,250.0,0.0,0.0,200.94,0,0
12:08:39.641,1023525,49.06,250.0,0.0,0.0,200.93,0,0
12:08:39.743,1023625,49.04,250.0,0.0,0.0,200.95,0,0
12:08:39.892,1023725,48.97,250.0,0.0,0.0,201.02,0,0
12:08:39.958,1023825,48.94,250.0,0.0,0.0,201.05,0,0
12:08:40.068,1023925,48.9,250.0,0.0,0.0,201.09,0,0
12:08:40.141,1024025,48.93,250.0,0.0,0.0,201.06,0,0
12:08:40.241,1024125,49.02,250.0,0.0,0.0,200.97,0,0
12:08:40.341,1024225,49.06,250.0,0.0,0.0,200.93,0,0
12:08:40.442,1024325,49.09,250.0,0.0,0.0,200.9,0,0
12:08:40.541,1024425,48.99,250.0,0.0,0.0,201.0,0,0
12:08:40.641,1024525,49.05,250.0,0.0,0.0,200.94,0,0
12:08:40.741,1024625,48.98,250.0,0.0,0.0,201.01,0,0
12:08:40.841,1024725,49.07,250.0,0.0,0.0,200.92,0,0
12:08:40.940,1024825,49.0,250.0,0.0,0.0,200.99,0,0
12:08:41.047,1024925,49.06,250.0,0.0,0.0,200.93,0,0
12:08:41.156,1025025,49.1,250.0,0.0,0.0,200.89,0,0
12:08:41.249,1025125,49.1,250.0,0.0,0.0,200.89,0,0
12:08:41.340,1025225,49.1,250.0,0.0,0.0,200.89,0,0
12:08:41.440,1025325,48.97,250.0,0.0,0.0,201.02,0,0
12:08:41.540,1025425,48.99,250.0,0.0,0.0,201.0,0,0
12:08:41.640,1025525,49.0,250.0,0.0,0.0,200.99,0,0
12:08:41.740,1025625,48.96,250.0,0.0,0.0,201.03,0,0
12:08:41.840,1025725,48.98,250.0,0.0,0.0,201.01,0,0
12:08:41.973,1025825,49.05,250.0,0.0,0.0,200.94,0,0
12:08:42.040,1025925,49.0,250.0,0.0,0.0,200.99,0,0
12:08:42.147,1026025,49.04,250.0,0.0,0.0,200.95,0,0
12:08:42.241,1026125,49.1,250.0,0.0,0.0,200.89,0,0
12:08:42.340,1026225,49.1,250.0,0.0,0.0,200.89,0,0
12:08:42.439,1026325,49.1,250.0,0.0,0.0,200.89,0,0
12:08:42.540,1026425,49.05,250.0,0.0,0.0,200.94,0,0
12:08:42.640,1026525,49.01,250.0,0.0,0.0,200.98,0,0
12:08:42.741,1026625,48.97,250.0,0.0,0.0,201.02,0,0
12:08:42.844,1026725,48.91,250.0,0.0,0.0,201.08,0,0
12:08:42.943,1026825,48.88,250.0,0.0,0.0,201.11,0,0
12:08:43.040,1026925,48.93,250.0,0.0,0.0,201.06,0,0
12:08:43.141,1027025,48.95,250.0,0.0,0.0,201.04,0,0
12:08:43.241,1027125,48.89,250.0,0.0,0.0,201.1,0,0
12:08:43.340,1027225,48.96,250.0,0.0,0.0,201.03,0,0
12:08:43.440,1027325,49.01,250.0,0.0,0.0,200.98,0,0
12:08:43.540,1027425,49.02,250.0,0.0,0.0,200.97,0,0
12:08:43.640,1027525,49.03,250.0,0.0,0.0,200.96,0,0
12:08:43.740,1027625,48.99,250.0,0.0,0.0,201.0,0,0
12:08:43.840,1027725,48.92,250.0,0.0,0.0,201.07,0,0
12:08:43.952,1027825,48.92,250.0,0.0,0.0,201.07,0,0
12:08:44.045,1027925,48.96,250.0,0.0,0.0,201.03,0,0
12:08:44.140,1028025,49.01,250.0,0.0,0.0,200.98,0,0
12:08:44.240,1028125,49.04,250.0,0.0,0.0,200.95,0,0
12:08:44.340,1028225,49.0,250.0,0.0,0.0,200.99,0,0
12:08:44.440,1028325,49.06,250.0,0.0,0.0,200.93,0,0
12:08:44.540,1028425,49.12,250.0,0.0,0.0,200.87,0,0
12:08:44.640,1028525,49.12,250.0,0.0,0.0,200.87,0,0
12:08:44.752,1028625,49.07,250.0,0.0,0.0,200.92,0,0
12:08:44.846,1028725,49.07,250.0,0.0,0.0,200.92,0,0
12:08:44.940,1028825,48.95,250.0,0.0,0.0,201.04,0,0
12:08:45.040,1028925,48.94,250.0,0.0,0.0,201.05,0,0
12:08:45.139,1029025,48.86,250.0,0.0,0.0,201.13,0,0
12:08:45.240,1029125,48.81,250.0,0.0,0.0,201.18,0,0
12:08:45.339,1029225,48.89,250.0,0.0,0.0,201.1,0,0
12:08:45.439,1029325,48.89,250.0,0.0,0.0,201.1,0,0
12:08:45.553,1029425,48.94,250.0,0.0,0.0,201.05,0,0
12:08:45.641,1029525,48.88,250.0,0.0,0.0,201.11,0,0
12:08:45.739,1029625,48.85,250.0,0.0,0.0,201.14,0,0
12:08:45.839,1029725,48.83,250.0,0.0,0.0,201.16,0,0
12:08:45.939,1029825,48.91,250.0,0.0,0.0,201.08,0,0
12:08:46.038,1029925,48.93,250.0,0.0,0.0,201.06,0,0
12:08:46.138,1030025,48.9,250.0,0.0,0.0,201.09,0,0
12:08:46.239,1030125,48.95,250.0,0.0,0.0,201.04,0,0
12:08:46.352,1030225,48.96,250.0,0.0,0.0,201.03,0,0
12:08:46.444,1030325,48.93,250.0,0.0,0.0,201.06,0,0
12:08:46.539,1030425,48.97,250.0,0.0,0.0,201.02,0,0
12:08:46.639,1030525,49.04,250.0,0.0,0.0,200.95,0,0
12:08:46.739,1030625,49.02,250.0,0.0,0.0,200.97,0,0
12:08:46.839,1030725,49.06,250.0,0.0,0.0,200.93,0,0
12:08:46.939,1030825,49.04,250.0,0.0,0.0,200.95,0,0
12:08:47.039,1030925,49.02,250.0,0.0,0.0,200.97,0,0
12:08:47.139,1031025,49.06,250.0,0.0,0.0,200.93,0,0
12:08:47.249,1031125,49.06,250.0,0.0,0.0,200.93,0,0
12:08:47.339,1031225,49.05,250.0,0.0,0.0,200.94,0,0
12:08:47.439,1031325,49.08,250.0,0.0,0.0,200.91,0,0
12:08:47.540,1031425,49.08,250.0,0.0,0.0,200.91,0,0
12:08:47.638,1031525,49.11,250.0,0.0,0.0,200.88,0,0
12:08:47.739,1031625,49.16,250.0,0.0,0.0,200.83,0,0
12:08:47.839,1031725,49.13,250.0,0.0,0.0,200.86,0,0
12:08:47.939,1031825,49.13,250.0,0.0,0.0,200.86,0,0
12:08:48.054,1031925,49.16,250.0,0.0,0.0,200.83,0,0
12:08:48.140,1032025,49.2,250.0,0.0,0.0,200.79,0,0
12:08:48.242,1032125,49.12,250.0,0.0,0.0,200.87,0,0
12:08:48.339,1032225,49.15,250.0,0.0,0.0,200.84,0,0
12:08:48.439,1032325,49.19,250.0,0.0,0.0,200.8,0,0
12:08:48.539,1032425,49.16,250.0,0.0,0.0,200.83,0,0
12:08:48.639,1032525,49.18,250.0,0.0,0.0,200.81,0,0
12:08:48.738,1032625,49.18,250.0,0.0,0.0,200.81,0,0
12:08:48.839,1032725,49.17,250.0,0.0,0.0,200.82,0,0
12:08:48.967,1032825,49.17,250.0,0.0,0.0,200.82,0,0
12:08:49.049,1032925,49.14,250.0,0.0,0.0,200.85,0,0
12:08:49.167,1033025,49.06,250.0,0.0,0.0,200.93,0,0
12:08:49.248,1033125,49.09,250.0,0.0,0.0,200.9,0,0
12:08:49.365,1033225,49.12,250.0,0.0,0.0,200.87,0,0
12:08:49.448,1033325,49.12,250.0,0.0,0.0,200.87,0,0
12:08:49.545,1033425,49.07,250.0,0.0,0.0,200.92,0,0
12:08:49.644,1033525,49.1,250.0,0.0,0.0,200.89,0,0
12:08:49.739,1033625,49.13,250.0,0.0,0.0,200.86,0,0
12:08:49.838,1033725,49.13,250.0,0.0,0.0,200.86,0,0
12:08:49.938,1033825,49.1,250.0,0.0,0.0,200.89,0,0
12:08:50.038,1033925,49.05,250.0,0.0,0.0,200.94,0,0
12:08:50.138,1034025,49.04,250.0,0.0,0.0,200.95,0,0
12:08:50.282,1034125,49.02,250.0,0.0,0.0,200.97,0,0
12:08:50.344,1034225,49.05,250.0,0.0,0.0,200.94,0,0
12:08:50.455,1034325,49.14,250.0,0.0,0.0,200.85,0,0
12:08:50.538,1034425,49.16,250.0,0.0,0.0,200.83,0,0
12:08:50.638,1034525,49.18,250.0,0.0,0.0,200.81,0,0
12:08:50.738,1034625,49.18,250.0,0.0,0.0,200.81,0,0
12:08:50.838,1034725,49.17,250.0,0.0,0.0,200.82,0,0
12:08:50.938,1034825,49.17,250.0,0.0,0.0,200.82,0,0
12:08:51.038,1034925,49.16,250.0,0.0,0.0,200.83,0,0
12:08:51.140,1035025,49.13,250.0,0.0,0.0,200.86,0,0
12:08:51.238,1035125,49.16,250.0,0.0,0.0,200.83,0,0
12:08:51.338,1035225,49.13,250.0,0.0,0.0,200.86,0,0
12:08:51.438,1035325,49.08,250.0,0.0,0.0,200.91,0,0
12:08:51.538,1035425,49.16,250.0,0.0,0.0,200.83,0,0
12:08:51.638,1035525,49.13,250.0,0.0,0.0,200.86,0,0
12:08:51.738,1035625,49.05,250.0,0.0,0.0,200.94,0,0
12:08:51.842,1035725,49.01,250.0,0.0,0.0,200.98,0,0
12:08:51.953,1035825,49.02,250.0,0.0,0.0,200.97,0,0
12:08:52.038,1035925,49.03,250.0,0.0,0.0,200.96,0,0
12:08:52.153,1036025,49.09,250.0,0.0,0.0,200.9,0,0
12:08:52.248,1036125,49.02,250.0,0.0,0.0,200.97,0,0
12:08:52.338,1036225,48.98,250.0,0.0,0.0,201.01,0,0
12:08:52.438,1036325,48.94,250.0,0.0,0.0,201.05,0,0
12:08:52.538,1036425,48.93,250.0,0.0,0.0,201.06,0,0
12:08:52.638,1036525,48.95,250.0,0.0,0.0,201.04,0,0
12:08:52.738,1036625,49.0,250.0,0.0,0.0,200.99,0,0
12:08:52.837,1036725,49.06,250.0,0.0,0.0,200.93,0,0
12:08:52.998,1036825,49.07,250.0,0.0,0.0,200.92,0,0
12:08:53.050,1036925,49.05,250.0,0.0,0.0,200.94,0,0
12:08:53.144,1037025,49.1,250.0,0.0,0.0,200.89,0,0
12:08:53.237,1037125,49.11,250.0,0.0,0.0,200.88,0,0
12:08:53.339,1037225,49.08,250.0,0.0,0.0,200.91,0,0
12:08:53.437,1037325,49.14,250.0,0.0,0.0,200.85,0,0
12:08:53.538,1037425,49.16,250.0,0.0,0.0,200.83,0,0
12:08:53.638,1037525,49.16,250.0,0.0,0.0,200.83,0,0
12:08:53.737,1037625,49.15,250.0,0.0,0.0,200.84,0,0
12:08:53.838,1037725,49.2,250.0,0.0,0.0,200.79,0,0
12:08:53.939,1037825,49.22,250.0,0.0,0.0,200.77,0,0
12:08:54.036,1037925,49.23,250.0,0.0,0.0,200.76,0,0
12:08:54.137,1038025,49.15,250.0,0.0,0.0,200.84,0,0
12:08:54.237,1038125,49.09,250.0,0.0,0.0,200.9,0,0
12:08:54.337,1038225,49.15,250.0,0.0,0.0,200.84,0,0
12:08:54.436,1038325,49.14,250.0,0.0,0.0,200.85,0,0
12:08:54.536,1038425,49.14,250.0,0.0,0.0,200.85,0,0
12:08:54.703,1038525,49.06,250.0,0.0,0.0,200.93,0,0
12:08:54.740,1038625,49.05,250.0,0.0,0.0,200.94,0,0
12:08:54.859,1038725,49.03,250.0,0.0,0.0,200.96,0,0
12:08:54.937,1038825,49.06,250.0,0.0,0.0,200.93,0,0
12:08:55.036,1038925,49.07,250.0,0.0,0.0,200.92,0,0
12:08:55.136,1039025,49.07,250.0,0.0,0.0,200.92,0,0
12:08:55.237,1039125,49.03,250.0,0.0,0.0,200.96,0,0
12:08:55.337,1039225,49.06,250.0,0.0,0.0,200.93,0,0
12:08:55.438,1039325,49.02,250.0,0.0,0.0,200.97,0,0
12:08:55.546,1039425,49.08,250.0,0.0,0.0,200.91,0,0
12:08:55.639,1039525,48.98,250.0,0.0,0.0,201.01,0,0
12:08:55.737,1039625,48.92,250.0,0.0,0.0,201.07,0,0
12:08:55.837,1039725,48.91,250.0,0.0,0.0,201.08,0,0
12:08:55.937,1039825,48.91,250.0,0.0,0.0,201.08,0,0
12:08:56.037,1039925,48.98,250.0,0.0,0.0,201.01,0,0
12:08:56.138,1040025,49.02,250.0,0.0,0.0,200.97,0,0
12:08:56.237,1040125,49.06,250.0,0.0,0.0,200.93,0,0
12:08:56.359,1040225,49.09,250.0,0.0,0.0,200.9,0,0
12:08:56.441,1040325,49.09,250.0,0.0,0.0,200.9,0,0
12:08:56.545,1040425,48.99,250.0,0.0,0.0,201.0,0,0
12:08:56.637,1040525,48.9,250.0,0.0,0.0,201.09,0,0
12:08:56.736,1040625,48.9,250.0,0.0,0.0,201.09,0,0
12:08:56.837,1040725,48.95,250.0,0.0,0.0,201.04,0,0
12:08:56.936,1040825,48.99,250.0,0.0,0.0,201.0,0,0
12:08:57.036,1040925,49.0,250.0,0.0,0.0,200.99,0,0
12:08:57.148,1041025,49.04,250.0,0.0,0.0,200.95,0,0
12:08:57.243,1041125,49.02,250.0,0.0,0.0,200.97,0,0
12:08:57.339,1041225,49.06,250.0,0.0,0.0,200.93,0,0
12:08:57.438,1041325,49.02,250.0,0.0,0.0,200.97,0,0
12:08:57.536,1041425,49.0,250.0,0.0,0.0,200.99,0,0
12:08:57.636,1041525,49.04,250.0,0.0,0.0,200.95,0,0
12:08:57.736,1041625,49.07,250.0,0.0,0.0,200.92,0,0
12:08:57.836,1041725,49.03,250.0,0.0,0.0,200.96,0,0
12:08:57.978,1041825,49.04,250.0,0.0,0.0,200.95,0,0
12:08:58.039,1041925,49.07,250.0,0.0,0.0,200.92,0,0
12:08:58.139,1042025,48.97,250.0,0.0,0.0,201.02,0,0
12:08:58.236,1042125,49.04,250.0,0.0,0.0,200.95,0,0
12:08:58.336,1042225,48.92,250.0,0.0,0.0,201.07,0,0
12:08:58.436,1042325,48.99,250.0,0.0,0.0,201.0,0,0
12:08:58.536,1042425,49.03,250.0,0.0,0.0,200.96,0,0
12:08:58.636,1042525,49.04,250.0,0.0,0.0,200.95,0,0
12:08:58.743,1042625,49.1,250.0,0.0,0.0,200.89,0,0
12:08:58.840,1042725,49.12,250.0,0.0,0.0,200.87,0,0
12:08:58.943,1042825,49.15,250.0,0.0,0.0,200.84,0,0
12:08:59.036,1042925,49.15,250.0,0.0,0.0,200.84,0,0
12:08:59.136,1043025,49.17,250.0,0.0,0.0,200.82,0,0
12:08:59.236,1043125,49.14,250.0,0.0,0.0,200.85,0,0
12:08:59.336,1043225,49.14,250.0,0.0,0.0,200.85,0,0
12:08:59.436,1043325,49.03,250.0,0.0,0.0,200.96,0,0
12:08:59.542,1043425,49.07,250.0,0.0,0.0,200.92,0,0
12:08:59.637,1043525,49.05,250.0,0.0,0.0,200.94,0,0
12:08:59.741,1043625,49.08,250.0,0.0,0.0,200.91,0,0
12:08:59.835,1043725,49.04,250.0,0.0,0.0,200.95,0,0
12:08:59.936,1043825,49.02,250.0,0.0,0.0,200.97,0,0
12:09:00.035,1043925,48.95,250.0,0.0,0.0,201.04,0,0
12:09:00.136,1044025,48.95,250.0,0.0,0.0,201.05,0,0
12:09:00.235,1044125,49.01,250.0,0.0,0.0,200.98,0,0
12:09:00.335,1044225,49.0,250.0,0.0,0.0,200.99,0,0
12:09:00.470,1044325,49.01,250.0,0.0,0.0,200.98,0,0
12:09:00.542,1044425,49.07,250.0,0.0,0.0,200.92,0,0
12:09:00.635,1044525,49.05,250.0,0.0,0.0,200.94,0,0
12:09:00.736,1044625,49.06,250.0,0.0,0.0,200.93,0,0
12:09:00.885,1044725,49.02,250.0,0.0,0.0,200.97,0,0
12:09:00.950,1044825,49.03,250.0,0.0,0.0,200.96,0,0
12:09:01.043,1044925,49.06,250.0,0.0,0.0,200.93,0,0
12:09:01.152,1045025,49.09,250.0,0.0,0.0,200.9,0,0
12:09:01.271,1045125,49.07,250.0,0.0,0.0,200.92,0,0
12:09:01.347,1045225,49.1,250.0,0.0,0.0,200.89,0,0
12:09:01.436,1045325,49.05,250.0,0.0,0.0,200.94,0,0
12:09:01.535,1045425,49.09,250.0,0.0,0.0,200.9,0,0
12:09:01.640,1045525,49.11,250.0,0.0,0.0,200.88,0,0
12:09:01.756,1045625,49.14,250.0,0.0,0.0,200.85,0,0
12:09:01.840,1045725,49.14,250.0,0.0,0.0,200.85,0,0
12:09:01.944,1045825,49.19,250.0,0.0,0.0,200.8,0,0
12:09:02.036,1045925,49.23,250.0,0.0,0.0,200.76,0,0
