Timestamp_PC,Tick_MCU,Temp,Target,PWM,Speed,PID_Error,System_Error_Code,Status_Flags
17:03:26.434,55164,51.44,250.0,0.0,0.0,198.55,0,0
17:03:27.177,55921,51.47,250.0,0.0,0.0,198.52,0,0
17:03:27.934,56678,51.41,250.0,0.0,0.0,198.58,0,0
17:03:28.690,57435,51.38,250.0,0.0,0.0,198.61,0,0
17:03:29.448,58192,51.42,250.0,0.0,0.0,198.57,0,0
17:03:30.204,58949,51.48,250.0,0.0,0.0,198.51,0,0
17:03:30.961,59706,51.49,250.0,0.0,0.0,198.5,0,0
17:03:31.717,60463,51.4,250.0,0.0,0.0,198.59,0,0
17:03:32.475,61220,51.37,250.0,0.0,0.0,198.62,0,0
17:03:33.231,61977,51.34,250.0,0.0,0.0,198.65,0,0
17:03:33.989,62734,51.34,250.0,0.0,0.0,198.65,0,0
17:03:34.770,63491,51.31,250.0,0.0,0.0,198.68,0,0
17:03:35.501,64248,51.29,250.0,0.0,0.0,198.7,0,0
17:03:36.259,65005,51.27,250.0,0.0,0.0,198.72,0,0
17:03:37.020,65762,51.23,250.0,0.0,0.0,198.76,0,0
17:03:37.772,66519,51.21,250.0,0.0,0.0,198.78,0,0
17:03:38.529,67276,51.22,250.0,0.0,0.0,198.77,0,0
17:03:39.286,68033,51.26,250.0,0.0,0.0,198.73,0,0
17:03:40.043,68790,51.24,250.0,0.0,0.0,198.75,0,0
17:03:40.568,127,50.85,250.0,0.0,0.0,199.14,0,0
17:03:40.665,225,50.85,250.0,0.0,0.0,199.14,0,0
17:03:40.766,325,50.92,250.0,0.0,0.0,199.07,0,0
17:03:40.866,425,50.91,250.0,0.0,0.0,199.08,0,0
17:03:40.966,525,51.05,250.0,0.0,0.0,198.94,0,0
17:03:41.066,625,51.05,250.0,0.0,0.0,198.94,0,0
17:03:41.085,643,51.07,250.0,0.0,0.0,198.92,0,0
17:03:41.166,725,51.12,250.0,0.0,0.0,198.87,0,0
17:03:41.266,825,51.17,250.0,0.0,0.0,198.82,0,0
17:03:41.366,925,51.16,250.0,0.0,0.0,198.83,0,0
17:03:41.502,1025,51.2,250.0,0.0,0.0,198.79,0,0
17:03:41.566,1125,51.21,250.0,0.0,0.0,198.78,0,0
17:03:41.666,1225,51.21,250.0,0.0,0.0,198.78,0,0
17:03:41.685,1243,51.22,250.0,0.0,0.0,198.77,0,0
17:03:41.766,1325,51.23,250.0,0.0,0.0,198.76,0,0
17:03:41.866,1425,51.22,250.0,0.0,0.0,198.77,0,0
17:03:41.966,1525,51.22,250.0,0.0,0.0,198.77,0,0
17:03:41.984,1543,51.22,250.0,0.0,0.0,198.77,0,0
17:03:42.069,1625,51.22,250.0,0.0,0.0,198.77,0,0
17:03:42.088,1643,51.3,250.0,0.0,0.0,198.69,0,0
17:03:42.166,1725,51.37,250.0,0.0,0.0,198.62,0,0
17:03:42.266,1825,51.37,250.0,0.0,0.0,198.62,0,0
17:03:42.286,1843,51.34,250.0,0.0,0.0,198.65,0,0
17:03:42.366,1925,51.34,250.0,0.0,0.0,198.65,0,0
17:03:42.466,2025,51.36,250.0,0.0,0.0,198.63,0,0
17:03:42.566,2125,51.36,250.0,0.0,0.0,198.63,0,0
17:03:42.585,2143,51.38,250.0,0.0,0.0,198.61,0,0
17:03:42.666,2225,51.42,250.0,0.0,0.0,198.57,0,0
17:03:42.765,2325,51.44,250.0,0.0,0.0,198.55,0,0
17:03:42.865,2425,51.44,250.0,0.0,0.0,198.55,0,0
17:03:42.885,2443,51.42,250.0,0.0,0.0,198.57,0,0
17:03:42.966,2525,51.41,250.0,0.0,0.0,198.58,0,0
17:03:43.066,2625,51.36,250.0,0.0,0.0,198.63,0,0
17:03:43.202,2725,51.35,250.0,0.0,0.0,198.64,0,0
17:03:43.265,2825,51.35,250.0,0.0,0.0,198.64,0,0
17:03:43.285,2843,51.47,250.0,0.0,0.0,198.52,0,0
17:03:43.365,2925,51.57,250.0,0.0,0.0,198.42,0,0
17:03:43.466,3025,51.61,250.0,0.0,0.0,198.38,0,0
17:03:43.566,3125,51.61,250.0,0.0,0.0,198.38,0,0
17:03:43.584,3143,51.59,250.0,0.0,0.0,198.4,0,0
17:03:43.666,3225,51.56,250.0,0.0,0.0,198.43,0,0
17:03:43.771,3325,51.56,250.0,0.0,0.0,198.43,0,0
17:03:43.865,3425,51.56,250.0,0.0,0.0,198.43,0,0
17:03:43.966,3525,51.56,250.0,0.0,0.0,198.43,0,0
17:03:43.984,3543,51.56,250.0,0.0,0.0,198.43,0,0
17:03:44.066,3625,51.56,250.0,0.0,0.0,198.43,0,0
17:03:44.165,3725,51.56,250.0,0.0,0.0,198.43,0,0
17:03:44.184,3743,51.58,250.0,0.0,0.0,198.41,0,0
17:03:44.265,3825,51.6,250.0,0.0,0.0,198.39,0,0
17:03:44.365,3925,51.62,250.0,0.0,0.0,198.37,0,0
17:03:44.465,4025,51.62,250.0,0.0,0.0,198.37,0,0
17:03:44.484,4043,51.57,250.0,0.0,0.0,198.42,0,0
17:03:44.564,4125,51.52,250.0,0.0,0.0,198.47,0,0
17:03:44.665,4225,51.48,250.0,0.0,0.0,198.51,0,0
17:03:44.765,4325,51.48,250.0,0.0,0.0,198.51,0,0
17:03:44.784,4343,51.48,250.0,0.0,0.0,198.51,0,0
17:03:44.871,4425,51.51,250.0,0.0,0.0,198.48,0,0
17:03:44.965,4525,51.51,250.0,0.0,0.0,198.48,0,0
17:03:45.065,4625,51.49,250.0,0.0,0.0,198.5,0,0
17:03:45.181,4740,51.55,250.0,0.0,0.0,198.44,0,0
17:03:45.265,4825,51.55,250.0,0.0,0.0,198.44,0,0
17:03:45.284,4843,51.6,250.0,0.0,0.0,198.39,0,0
17:03:45.365,4925,51.6,250.0,0.0,0.0,198.39,0,0
17:03:45.384,4943,51.68,250.0,0.0,0.0,198.31,0,0
17:03:45.465,5025,51.76,250.0,0.0,0.0,198.23,0,0
17:03:45.565,5125,51.7,250.0,0.0,0.0,198.29,0,0
17:03:45.665,5225,51.7,250.0,0.0,0.0,198.29,0,0
17:03:45.684,5243,51.61,250.0,0.0,0.0,198.38,0,0
17:03:45.765,5325,51.61,250.0,0.0,0.0,198.38,0,0
17:03:45.784,5343,51.7,250.0,0.0,0.0,198.29,0,0
17:03:45.865,5425,51.78,250.0,0.0,0.0,198.21,0,0
17:03:45.984,5525,51.78,250.0,0.0,0.0,198.21,0,0
17:03:45.986,5543,51.71,250.0,0.0,0.0,198.28,0,0
17:03:46.065,5625,51.65,250.0,0.0,0.0,198.34,0,0
17:03:46.165,5725,51.65,250.0,0.0,0.0,198.34,0,0
17:03:46.184,5743,51.64,250.0,0.0,0.0,198.35,0,0
17:03:46.265,5825,51.64,250.0,0.0,0.0,198.35,0,0
17:03:46.283,5843,51.68,250.0,0.0,0.0,198.31,0,0
17:03:46.365,5925,51.69,250.0,0.0,0.0,198.3,0,0
17:03:46.465,6025,51.72,250.0,0.0,0.0,198.27,0,0
17:03:46.564,6125,51.72,250.0,0.0,0.0,198.27,0,0
17:03:46.584,6143,51.73,250.0,0.0,0.0,198.26,0,0
17:03:46.665,6225,51.73,250.0,0.0,0.0,198.26,0,0
17:03:46.684,6243,51.73,250.0,0.0,0.0,198.26,0,0
17:03:46.766,6325,51.74,250.0,0.0,0.0,198.25,0,0
17:03:46.865,6425,51.7,250.0,0.0,0.0,198.29,0,0
17:03:46.965,6525,51.7,250.0,0.0,0.0,198.29,0,0
17:03:46.984,6543,51.75,250.0,0.0,0.0,198.24,0,0
17:03:47.065,6625,51.8,250.0,0.0,0.0,198.19,0,0
17:03:47.165,6725,51.8,250.0,0.0,0.0,198.19,0,0
17:03:47.184,6743,51.8,250.0,0.0,0.0,198.19,0,0
17:03:47.264,6825,51.8,250.0,0.0,0.0,198.19,0,0
17:03:47.365,6925,51.75,250.0,0.0,0.0,198.24,0,0
17:03:47.464,7025,51.73,250.0,0.0,0.0,198.26,0,0
17:03:47.565,7125,51.69,250.0,0.0,0.0,198.3,0,0
17:03:47.665,7225,51.68,250.0,0.0,0.0,198.31,0,0
17:03:47.780,7340,51.69,250.0,0.0,0.0,198.3,0,0
17:03:47.865,7425,51.68,250.0,0.0,0.0,198.31,0,0
17:03:47.965,7525,51.68,250.0,0.0,0.0,198.31,0,0
17:03:47.983,7543,51.71,250.0,0.0,0.0,198.28,0,0
17:03:48.065,7625,51.77,250.0,0.0,0.0,198.22,0,0
17:03:48.165,7725,51.79,250.0,0.0,0.0,198.2,0,0
17:03:48.264,7825,51.79,250.0,0.0,0.0,198.2,0,0
17:03:48.283,7843,51.82,250.0,0.0,0.0,198.17,0,0
17:03:48.365,7925,51.84,250.0,0.0,0.0,198.15,0,0
17:03:48.464,8025,51.74,250.0,0.0,0.0,198.25,0,0
17:03:48.565,8125,51.72,250.0,0.0,0.0,198.27,0,0
17:03:48.664,8225,51.72,250.0,0.0,0.0,198.27,0,0
17:03:48.683,8243,51.66,250.0,0.0,0.0,198.33,0,0
17:03:48.766,8325,51.62,250.0,0.0,0.0,198.37,0,0
17:03:48.864,8425,51.62,250.0,0.0,0.0,198.37,0,0
17:03:48.964,8525,51.62,250.0,0.0,0.0,198.37,0,0
17:03:48.982,8543,51.56,250.0,0.0,0.0,198.43,0,0
17:03:49.064,8625,51.52,250.0,0.0,0.0,198.47,0,0
17:03:49.164,8725,51.5,250.0,0.0,0.0,198.49,0,0
17:03:49.264,8825,51.46,250.0,0.0,0.0,198.53,0,0
17:03:49.364,8925,51.44,250.0,0.0,0.0,198.55,0,0
17:03:49.464,9025,51.5,250.0,0.0,0.0,198.49,0,0
17:03:49.564,9125,51.58,250.0,0.0,0.0,198.41,0,0
17:03:49.664,9225,51.55,250.0,0.0,0.0,198.44,0,0
17:03:49.779,9340,51.57,250.0,0.0,0.0,198.42,0,0
17:03:49.883,9425,51.62,250.0,0.0,0.0,198.37,0,0
17:03:49.964,9525,51.62,250.0,0.0,0.0,198.37,0,0
17:03:49.983,9543,51.64,250.0,0.0,0.0,198.35,0,0
17:03:50.079,9640,51.56,250.0,0.0,0.0,198.43,0,0
17:03:50.164,9725,51.51,250.0,0.0,0.0,198.48,0,0
17:03:50.264,9825,51.51,250.0,0.0,0.0,198.48,0,0
17:03:50.283,9843,51.54,250.0,0.0,0.0,198.45,0,0
17:03:50.379,9940,51.49,250.0,0.0,0.0,198.5,0,0
17:03:50.464,10025,51.45,250.0,0.0,0.0,198.54,0,0
17:03:50.564,10125,51.49,250.0,0.0,0.0,198.5,0,0
17:03:50.664,10225,51.49,250.0,0.0,0.0,198.5,0,0
17:03:50.683,10243,51.49,250.0,0.0,0.0,198.5,0,0
17:03:50.764,10325,51.48,250.0,0.0,0.0,198.51,0,0
17:03:50.864,10425,51.46,250.0,0.0,0.0,198.53,0,0
17:03:50.964,10525,51.46,250.0,0.0,0.0,198.53,0,0
17:03:51.004,10543,51.52,250.0,0.0,0.0,198.47,0,0
17:03:51.063,10625,51.57,250.0,0.0,0.0,198.42,0,0
17:03:51.164,10725,51.52,250.0,0.0,0.0,198.47,0,0
17:03:51.263,10825,51.52,250.0,0.0,0.0,198.47,0,0
17:03:51.282,10843,51.52,250.0,0.0,0.0,198.47,0,0
17:03:51.364,10925,51.5,250.0,0.0,0.0,198.49,0,0
17:03:51.463,11025,51.5,250.0,0.0,0.0,198.49,0,0
17:03:51.483,11043,51.53,250.0,0.0,0.0,198.46,0,0
17:03:51.570,11125,51.56,250.0,0.0,0.0,198.43,0,0
17:03:51.664,11225,51.56,250.0,0.0,0.0,198.43,0,0
17:03:51.683,11243,51.58,250.0,0.0,0.0,198.41,0,0
17:03:51.763,11325,51.6,250.0,0.0,0.0,198.39,0,0
17:03:51.863,11425,51.62,250.0,0.0,0.0,198.37,0,0
17:03:51.963,11525,51.62,250.0,0.0,0.0,198.37,0,0
17:03:51.982,11543,51.59,250.0,0.0,0.0,198.4,0,0
17:03:52.063,11625,51.56,250.0,0.0,0.0,198.43,0,0
17:03:52.164,11725,51.54,250.0,0.0,0.0,198.45,0,0
17:03:52.264,11825,51.52,250.0,0.0,0.0,198.47,0,0
17:03:52.364,11925,51.55,250.0,0.0,0.0,198.44,0,0
17:03:52.464,12025,51.52,250.0,0.0,0.0,198.47,0,0
17:03:52.563,12125,51.52,250.0,0.0,0.0,198.47,0,0
17:03:52.582,12143,51.5,250.0,0.0,0.0,198.49,0,0
17:03:52.678,12225,51.49,250.0,0.0,0.0,198.5,0,0
17:03:52.763,12325,51.49,250.0,0.0,0.0,198.5,0,0
17:03:52.782,12343,51.47,250.0,0.0,0.0,198.52,0,0
17:03:52.863,12425,51.45,250.0,0.0,0.0,198.54,0,0
17:03:52.964,12525,51.42,250.0,0.0,0.0,198.57,0,0
17:03:53.063,12625,51.43,250.0,0.0,0.0,198.56,0,0
17:03:53.163,12725,51.47,250.0,0.0,0.0,198.52,0,0
17:03:53.263,12825,51.47,250.0,0.0,0.0,198.52,0,0
17:03:53.282,12843,51.45,250.0,0.0,0.0,198.54,0,0
17:03:53.363,12925,51.42,250.0,0.0,0.0,198.57,0,0
17:03:53.463,13025,51.42,250.0,0.0,0.0,198.57,0,0
17:03:53.482,13043,51.41,250.0,0.0,0.0,198.58,0,0
17:03:53.563,13125,51.42,250.0,0.0,0.0,198.57,0,0
17:03:53.663,13225,51.41,250.0,0.0,0.0,198.58,0,0
17:03:53.762,13325,51.41,250.0,0.0,0.0,198.58,0,0
17:03:53.781,13343,51.47,250.0,0.0,0.0,198.52,0,0
17:03:53.863,13425,51.47,250.0,0.0,0.0,198.52,0,0
17:03:53.882,13443,51.55,250.0,0.0,0.0,198.44,0,0
17:03:53.963,13525,51.62,250.0,0.0,0.0,198.37,0,0
17:03:54.062,13625,51.62,250.0,0.0,0.0,198.37,0,0
17:03:54.163,13725,51.62,250.0,0.0,0.0,198.37,0,0
17:03:54.182,13743,51.61,250.0,0.0,0.0,198.38,0,0
17:03:54.262,13825,51.6,250.0,0.0,0.0,198.39,0,0
17:03:54.366,13925,51.62,250.0,0.0,0.0,198.37,0,0
17:03:54.463,14025,51.62,250.0,0.0,0.0,198.37,0,0
17:03:54.482,14043,51.62,250.0,0.0,0.0,198.37,0,0
17:03:54.563,14125,51.64,250.0,0.0,0.0,198.35,0,0
17:03:54.663,14225,51.64,250.0,0.0,0.0,198.35,0,0
17:03:54.681,14243,51.61,250.0,0.0,0.0,198.38,0,0
17:03:54.763,14325,51.58,250.0,0.0,0.0,198.41,0,0
17:03:54.863,14425,51.58,250.0,0.0,0.0,198.41,0,0
17:03:54.882,14443,51.55,250.0,0.0,0.0,198.44,0,0
17:03:54.963,14525,51.53,250.0,0.0,0.0,198.46,0,0
17:03:55.062,14625,51.51,250.0,0.0,0.0,198.48,0,0
17:03:55.163,14725,51.47,250.0,0.0,0.0,198.52,0,0
17:03:55.263,14825,51.48,250.0,0.0,0.0,198.51,0,0
17:03:55.362,14925,51.48,250.0,0.0,0.0,198.51,0,0
17:03:55.382,14943,51.53,250.0,0.0,0.0,198.46,0,0
17:03:55.481,15025,51.58,250.0,0.0,0.0,198.41,0,0
17:03:55.563,15125,51.58,250.0,0.0,0.0,198.41,0,0
17:03:55.582,15143,51.58,250.0,0.0,0.0,198.41,0,0
17:03:55.663,15225,51.58,250.0,0.0,0.0,198.41,0,0
17:03:55.762,15325,51.58,250.0,0.0,0.0,198.41,0,0
17:03:55.781,15343,51.62,250.0,0.0,0.0,198.37,0,0
17:03:55.863,15425,51.64,250.0,0.0,0.0,198.35,0,0
17:03:55.963,15525,51.64,250.0,0.0,0.0,198.35,0,0
17:03:55.982,15543,51.7,250.0,0.0,0.0,198.29,0,0
17:03:56.064,15625,51.7,250.0,0.0,0.0,198.29,0,0
17:03:56.081,15643,51.69,250.0,0.0,0.0,198.3,0,0
17:03:56.163,15725,51.67,250.0,0.0,0.0,198.32,0,0
17:03:56.262,15825,51.69,250.0,0.0,0.0,198.3,0,0
17:03:56.362,15925,51.69,250.0,0.0,0.0,198.3,0,0
17:03:56.381,15943,51.67,250.0,0.0,0.0,198.32,0,0
17:03:56.463,16025,51.66,250.0,0.0,0.0,198.33,0,0
17:03:56.563,16125,51.63,250.0,0.0,0.0,198.36,0,0
17:03:56.662,16225,51.63,250.0,0.0,0.0,198.36,0,0
17:03:56.681,16243,51.67,250.0,0.0,0.0,198.32,0,0
17:03:56.763,16325,51.7,250.0,0.0,0.0,198.29,0,0
17:03:56.862,16425,51.74,250.0,0.0,0.0,198.25,0,0
17:03:56.962,16525,51.74,250.0,0.0,0.0,198.25,0,0
17:03:56.981,16543,51.67,250.0,0.0,0.0,198.32,0,0
17:03:57.061,16625,51.67,250.0,0.0,0.0,198.32,0,0
17:03:57.080,16643,51.73,250.0,0.0,0.0,198.26,0,0
17:03:57.173,16725,51.78,250.0,0.0,0.0,198.21,0,0
17:03:57.262,16825,51.76,250.0,0.0,0.0,198.23,0,0
17:03:57.362,16925,51.76,250.0,0.0,0.0,198.23,0,0
17:03:57.381,16943,51.67,250.0,0.0,0.0,198.32,0,0
17:03:57.462,17025,51.67,250.0,0.0,0.0,198.32,0,0
17:03:57.481,17043,51.73,250.0,0.0,0.0,198.26,0,0
17:03:57.562,17125,51.78,250.0,0.0,0.0,198.21,0,0
17:03:57.662,17225,51.78,250.0,0.0,0.0,198.21,0,0
17:03:57.681,17243,51.73,250.0,0.0,0.0,198.26,0,0
17:03:57.762,17325,51.69,250.0,0.0,0.0,198.3,0,0
17:03:57.861,17425,51.68,250.0,0.0,0.0,198.31,0,0
17:03:57.962,17525,51.68,250.0,0.0,0.0,198.31,0,0
17:03:57.981,17543,51.69,250.0,0.0,0.0,198.3,0,0
17:03:58.062,17625,51.7,250.0,0.0,0.0,198.29,0,0
17:03:58.161,17725,51.64,250.0,0.0,0.0,198.35,0,0
17:03:58.282,17825,51.65,250.0,0.0,0.0,198.34,0,0
17:03:58.362,17925,51.65,250.0,0.0,0.0,198.34,0,0
17:03:58.381,17943,51.76,250.0,0.0,0.0,198.23,0,0
17:03:58.462,18025,51.86,250.0,0.0,0.0,198.13,0,0
17:03:58.562,18125,51.8,250.0,0.0,0.0,198.19,0,0
17:03:58.662,18225,51.8,250.0,0.0,0.0,198.19,0,0
17:03:58.680,18243,51.8,250.0,0.0,0.0,198.19,0,0
17:03:58.762,18325,51.85,250.0,0.0,0.0,198.14,0,0
17:03:58.874,18425,51.85,250.0,0.0,0.0,198.14,0,0
17:03:58.888,18443,51.87,250.0,0.0,0.0,198.12,0,0
17:03:58.962,18525,51.9,250.0,0.0,0.0,198.09,0,0
17:03:59.062,18625,51.9,250.0,0.0,0.0,198.09,0,0
17:03:59.081,18643,51.85,250.0,0.0,0.0,198.14,0,0
17:03:59.162,18725,51.79,250.0,0.0,0.0,198.2,0,0
17:03:59.262,18825,51.75,250.0,0.0,0.0,198.24,0,0
17:03:59.376,18940,51.7,250.0,0.0,0.0,198.29,0,0
17:03:59.462,19025,51.67,250.0,0.0,0.0,198.32,0,0
17:03:59.563,19125,51.68,250.0,0.0,0.0,198.31,0,0
17:03:59.662,19225,51.68,250.0,0.0,0.0,198.31,0,0
17:03:59.680,19243,51.68,250.0,0.0,0.0,198.31,0,0
17:03:59.762,19325,51.67,250.0,0.0,0.0,198.32,0,0
17:03:59.862,19425,51.67,250.0,0.0,0.0,198.32,0,0
17:03:59.881,19443,51.73,250.0,0.0,0.0,198.26,0,0
17:03:59.962,19525,51.78,250.0,0.0,0.0,198.21,0,0
17:04:00.062,19625,51.73,250.0,0.0,0.0,198.26,0,0
17:04:00.162,19725,51.73,250.0,0.0,0.0,198.26,0,0
17:04:00.180,19743,51.74,250.0,0.0,0.0,198.25,0,0
17:04:00.262,19825,51.74,250.0,0.0,0.0,198.25,0,0
17:04:00.280,19843,51.65,250.0,0.0,0.0,198.34,0,0
17:04:00.362,19925,51.57,250.0,0.0,0.0,198.42,0,0
17:04:00.461,20025,51.59,250.0,0.0,0.0,198.4,0,0
17:04:00.563,20125,51.59,250.0,0.0,0.0,198.4,0,0
17:04:00.579,20143,51.59,250.0,0.0,0.0,198.4,0,0
17:04:00.662,20225,51.59,250.0,0.0,0.0,198.4,0,0
17:04:00.762,20325,51.61,250.0,0.0,0.0,198.38,0,0
17:04:00.861,20425,51.61,250.0,0.0,0.0,198.38,0,0
17:04:00.880,20443,51.65,250.0,0.0,0.0,198.34,0,0
17:04:00.961,20525,51.69,250.0,0.0,0.0,198.3,0,0
17:04:01.061,20625,51.63,250.0,0.0,0.0,198.36,0,0
17:04:01.161,20725,51.63,250.0,0.0,0.0,198.36,0,0
17:04:01.180,20743,51.6,250.0,0.0,0.0,198.39,0,0
17:04:01.261,20825,51.6,250.0,0.0,0.0,198.39,0,0
17:04:01.280,20843,51.59,250.0,0.0,0.0,198.4,0,0
17:04:01.361,20925,51.59,250.0,0.0,0.0,198.4,0,0
17:04:01.461,21025,51.59,250.0,0.0,0.0,198.4,0,0
17:04:01.480,21043,51.59,250.0,0.0,0.0,198.4,0,0
17:04:01.560,21125,51.58,250.0,0.0,0.0,198.41,0,0
17:04:01.663,21225,51.56,250.0,0.0,0.0,198.43,0,0
17:04:01.761,21325,51.56,250.0,0.0,0.0,198.43,0,0
17:04:01.861,21425,51.56,250.0,0.0,0.0,198.43,0,0
17:04:01.880,21443,51.51,250.0,0.0,0.0,198.48,0,0
17:04:01.960,21525,51.47,250.0,0.0,0.0,198.52,0,0
17:04:02.061,21625,51.47,250.0,0.0,0.0,198.52,0,0
17:04:02.080,21643,51.48,250.0,0.0,0.0,198.51,0,0
17:04:02.161,21725,51.48,250.0,0.0,0.0,198.51,0,0
17:04:02.261,21825,51.48,250.0,0.0,0.0,198.51,0,0
17:04:02.280,21843,51.48,250.0,0.0,0.0,198.51,0,0
17:04:02.361,21925,51.52,250.0,0.0,0.0,198.47,0,0
17:04:02.460,22025,51.52,250.0,0.0,0.0,198.47,0,0
17:04:02.479,22043,51.5,250.0,0.0,0.0,198.49,0,0
17:04:02.561,22125,51.5,250.0,0.0,0.0,198.49,0,0
17:04:02.580,22143,51.6,250.0,0.0,0.0,198.39,0,0
17:04:02.660,22225,51.68,250.0,0.0,0.0,198.31,0,0
17:04:02.766,22325,51.65,250.0,0.0,0.0,198.34,0,0
17:04:02.861,22425,51.65,250.0,0.0,0.0,198.34,0,0
17:04:02.879,22443,51.65,250.0,0.0,0.0,198.34,0,0
17:04:02.961,22525,51.71,250.0,0.0,0.0,198.28,0,0
17:04:03.061,22625,51.71,250.0,0.0,0.0,198.28,0,0
17:04:03.080,22643,51.69,250.0,0.0,0.0,198.3,0,0
17:04:03.161,22725,51.7,250.0,0.0,0.0,198.29,0,0
17:04:03.261,22825,51.71,250.0,0.0,0.0,198.28,0,0
17:04:03.360,22925,51.71,250.0,0.0,0.0,198.28,0,0
17:04:03.379,22943,51.7,250.0,0.0,0.0,198.29,0,0
17:04:03.461,23025,51.7,250.0,0.0,0.0,198.29,0,0
17:04:03.479,23043,51.71,250.0,0.0,0.0,198.28,0,0
17:04:03.561,23125,51.71,250.0,0.0,0.0,198.28,0,0
17:04:03.580,23143,51.74,250.0,0.0,0.0,198.25,0,0
17:04:03.661,23225,51.79,250.0,0.0,0.0,198.2,0,0
17:04:03.760,23325,51.72,250.0,0.0,0.0,198.27,0,0
17:04:03.866,23425,51.7,250.0,0.0,0.0,198.29,0,0
17:04:03.960,23525,51.7,250.0,0.0,0.0,198.29,0,0
17:04:03.980,23543,51.69,250.0,0.0,0.0,198.3,0,0
17:04:04.060,23625,51.7,250.0,0.0,0.0,198.29,0,0
17:04:04.161,23725,51.66,250.0,0.0,0.0,198.33,0,0
17:04:04.261,23825,51.66,250.0,0.0,0.0,198.33,0,0
17:04:04.279,23843,51.65,250.0,0.0,0.0,198.34,0,0
17:04:04.361,23925,51.62,250.0,0.0,0.0,198.37,0,0
17:04:04.460,24025,51.57,250.0,0.0,0.0,198.42,0,0
17:04:04.576,24140,51.59,250.0,0.0,0.0,198.4,0,0
17:04:04.661,24225,51.61,250.0,0.0,0.0,198.38,0,0
17:04:04.761,24325,51.53,250.0,0.0,0.0,198.46,0,0
17:04:04.860,24425,51.53,250.0,0.0,0.0,198.46,0,0
17:04:04.879,24443,51.56,250.0,0.0,0.0,198.43,0,0
17:04:04.960,24525,51.61,250.0,0.0,0.0,198.38,0,0
17:04:05.060,24625,51.55,250.0,0.0,0.0,198.44,0,0
17:04:05.160,24725,51.55,250.0,0.0,0.0,198.44,0,0
17:04:05.179,24743,51.58,250.0,0.0,0.0,198.41,0,0
17:04:05.260,24825,51.6,250.0,0.0,0.0,198.39,0,0
17:04:05.360,24925,51.62,250.0,0.0,0.0,198.37,0,0
17:04:05.460,25025,51.62,250.0,0.0,0.0,198.37,0,0
17:04:05.479,25043,51.64,250.0,0.0,0.0,198.35,0,0
17:04:05.562,25125,51.64,250.0,0.0,0.0,198.35,0,0
17:04:05.579,25143,51.77,250.0,0.0,0.0,198.22,0,0
17:04:05.660,25225,51.86,250.0,0.0,0.0,198.13,0,0
17:04:05.760,25325,51.85,250.0,0.0,0.0,198.14,0,0
17:04:05.860,25425,51.85,250.0,0.0,0.0,198.14,0,0
17:04:05.879,25443,51.87,250.0,0.0,0.0,198.12,0,0
17:04:05.960,25525,51.86,250.0,0.0,0.0,198.13,0,0
17:04:06.060,25625,51.83,250.0,0.0,0.0,198.16,0,0
17:04:06.160,25725,51.83,250.0,0.0,0.0,198.16,0,0
17:04:06.179,25743,51.83,250.0,0.0,0.0,198.16,0,0
17:04:06.259,25825,51.85,250.0,0.0,0.0,198.14,0,0
17:04:06.360,25925,51.82,250.0,0.0,0.0,198.17,0,0
17:04:06.459,26025,51.82,250.0,0.0,0.0,198.17,0,0
17:04:06.478,26043,51.84,250.0,0.0,0.0,198.15,0,0
17:04:06.560,26125,51.84,250.0,0.0,0.0,198.15,0,0
17:04:06.578,26143,51.74,250.0,0.0,0.0,198.25,0,0
17:04:06.662,26225,51.74,250.0,0.0,0.0,198.25,0,0
17:04:06.683,26243,51.72,250.0,0.0,0.0,198.27,0,0
17:04:06.760,26325,51.72,250.0,0.0,0.0,198.27,0,0
17:04:06.779,26343,51.73,250.0,0.0,0.0,198.26,0,0
17:04:06.860,26425,51.73,250.0,0.0,0.0,198.26,0,0
17:04:06.878,26443,51.62,250.0,0.0,0.0,198.37,0,0
17:04:06.960,26525,51.62,250.0,0.0,0.0,198.37,0,0
17:04:06.979,26543,51.61,250.0,0.0,0.0,198.38,0,0
17:04:07.060,26625,51.61,250.0,0.0,0.0,198.38,0,0
17:04:07.160,26725,51.55,250.0,0.0,0.0,198.44,0,0
17:04:07.259,26825,51.55,250.0,0.0,0.0,198.44,0,0
17:04:07.279,26843,51.55,250.0,0.0,0.0,198.44,0,0
17:04:07.360,26925,51.55,250.0,0.0,0.0,198.44,0,0
17:04:07.460,27025,51.58,250.0,0.0,0.0,198.41,0,0
17:04:07.559,27125,51.58,250.0,0.0,0.0,198.41,0,0
17:04:07.579,27143,51.67,250.0,0.0,0.0,198.32,0,0
17:04:07.659,27225,51.73,250.0,0.0,0.0,198.26,0,0
17:04:07.775,27325,51.71,250.0,0.0,0.0,198.28,0,0
17:04:07.859,27425,51.71,250.0,0.0,0.0,198.28,0,0
17:04:07.879,27443,51.62,250.0,0.0,0.0,198.37,0,0
17:04:07.960,27525,51.55,250.0,0.0,0.0,198.44,0,0
17:04:08.059,27625,51.5,250.0,0.0,0.0,198.49,0,0
17:04:08.160,27725,51.5,250.0,0.0,0.0,198.49,0,0
17:04:08.178,27743,51.51,250.0,0.0,0.0,198.48,0,0
17:04:08.260,27825,51.49,250.0,0.0,0.0,198.5,0,0
17:04:08.359,27925,51.49,250.0,0.0,0.0,198.5,0,0
17:04:08.378,27943,51.5,250.0,0.0,0.0,198.49,0,0
17:04:08.459,28025,51.5,250.0,0.0,0.0,198.49,0,0
17:04:08.559,28125,51.51,250.0,0.0,0.0,198.48,0,0
17:04:08.659,28225,51.51,250.0,0.0,0.0,198.48,0,0
17:04:08.677,28243,51.49,250.0,0.0,0.0,198.5,0,0
17:04:08.760,28325,51.47,250.0,0.0,0.0,198.52,0,0
17:04:08.859,28425,51.47,250.0,0.0,0.0,198.52,0,0
17:04:08.891,28443,51.53,250.0,0.0,0.0,198.46,0,0
17:04:08.958,28525,51.53,250.0,0.0,0.0,198.46,0,0
17:04:08.978,28543,51.44,250.0,0.0,0.0,198.55,0,0
17:04:09.059,28625,51.35,250.0,0.0,0.0,198.64,0,0
17:04:09.159,28725,51.35,250.0,0.0,0.0,198.64,0,0
17:04:09.258,28825,51.35,250.0,0.0,0.0,198.64,0,0
17:04:09.278,28843,51.44,250.0,0.0,0.0,198.55,0,0
17:04:09.359,28925,51.52,250.0,0.0,0.0,198.47,0,0
17:04:09.459,29025,51.52,250.0,0.0,0.0,198.47,0,0
17:04:09.478,29043,51.6,250.0,0.0,0.0,198.39,0,0
17:04:09.559,29125,51.66,250.0,0.0,0.0,198.33,0,0
17:04:09.659,29225,51.67,250.0,0.0,0.0,198.32,0,0
17:04:09.759,29325,51.67,250.0,0.0,0.0,198.32,0,0
17:04:09.779,29343,51.69,250.0,0.0,0.0,198.3,0,0
17:04:09.859,29425,51.69,250.0,0.0,0.0,198.3,0,0
17:04:09.878,29443,51.72,250.0,0.0,0.0,198.27,0,0
17:04:09.959,29525,51.77,250.0,0.0,0.0,198.22,0,0
17:04:10.058,29625,51.73,250.0,0.0,0.0,198.26,0,0
17:04:10.159,29725,51.73,250.0,0.0,0.0,198.26,0,0
17:04:10.177,29743,51.73,250.0,0.0,0.0,198.26,0,0
17:04:10.258,29825,51.69,250.0,0.0,0.0,198.3,0,0
17:04:10.358,29925,51.69,250.0,0.0,0.0,198.3,0,0
17:04:10.378,29943,51.7,250.0,0.0,0.0,198.29,0,0
17:04:10.459,30025,51.71,250.0,0.0,0.0,198.28,0,0
17:04:10.587,30125,51.71,250.0,0.0,0.0,198.28,0,0
17:04:10.597,30143,51.72,250.0,0.0,0.0,198.27,0,0
17:04:10.659,30225,51.72,250.0,0.0,0.0,198.27,0,0
17:04:10.759,30325,51.72,250.0,0.0,0.0,198.27,0,0
17:04:10.779,30343,51.66,250.0,0.0,0.0,198.33,0,0
17:04:10.859,30425,51.6,250.0,0.0,0.0,198.39,0,0
17:04:10.959,30525,51.55,250.0,0.0,0.0,198.44,0,0
17:04:11.059,30625,51.5,250.0,0.0,0.0,198.49,0,0
17:04:11.164,30725,51.46,250.0,0.0,0.0,198.53,0,0
17:04:11.274,30840,51.54,250.0,0.0,0.0,198.45,0,0
17:04:11.358,30925,51.54,250.0,0.0,0.0,198.45,0,0
17:04:11.378,30943,51.57,250.0,0.0,0.0,198.42,0,0
17:04:11.459,31025,51.59,250.0,0.0,0.0,198.4,0,0
17:04:11.558,31125,51.63,250.0,0.0,0.0,198.36,0,0
17:04:11.659,31225,51.63,250.0,0.0,0.0,198.36,0,0
17:04:11.678,31243,51.6,250.0,0.0,0.0,198.39,0,0
17:04:11.759,31325,51.6,250.0,0.0,0.0,198.39,0,0
17:04:11.777,31343,51.62,250.0,0.0,0.0,198.37,0,0
17:04:11.859,31425,51.62,250.0,0.0,0.0,198.37,0,0
17:04:11.877,31443,51.64,250.0,0.0,0.0,198.35,0,0
17:04:11.958,31525,51.64,250.0,0.0,0.0,198.35,0,0
17:04:11.977,31543,51.61,250.0,0.0,0.0,198.38,0,0
17:04:12.059,31625,51.61,250.0,0.0,0.0,198.38,0,0
17:04:12.078,31643,51.58,250.0,0.0,0.0,198.41,0,0
17:04:12.159,31725,51.55,250.0,0.0,0.0,198.44,0,0
17:04:12.283,31825,51.58,250.0,0.0,0.0,198.41,0,0
17:04:12.358,31925,51.6,250.0,0.0,0.0,198.39,0,0
17:04:12.458,32025,51.6,250.0,0.0,0.0,198.39,0,0
17:04:12.477,32043,51.62,250.0,0.0,0.0,198.37,0,0
17:04:12.559,32125,51.64,250.0,0.0,0.0,198.35,0,0
17:04:12.673,32240,51.67,250.0,0.0,0.0,198.32,0,0
17:04:12.758,32325,51.71,250.0,0.0,0.0,198.28,0,0
17:04:12.863,32425,51.71,250.0,0.0,0.0,198.28,0,0
17:04:12.877,32443,51.65,250.0,0.0,0.0,198.34,0,0
17:04:12.958,32525,51.59,250.0,0.0,0.0,198.4,0,0
17:04:13.058,32625,51.59,250.0,0.0,0.0,198.4,0,0
17:04:13.076,32643,51.7,250.0,0.0,0.0,198.29,0,0
17:04:13.158,32725,51.7,250.0,0.0,0.0,198.29,0,0
17:04:13.177,32743,51.69,250.0,0.0,0.0,198.3,0,0
17:04:13.257,32825,51.65,250.0,0.0,0.0,198.34,0,0
17:04:13.358,32925,51.62,250.0,0.0,0.0,198.37,0,0
17:04:13.457,33025,51.64,250.0,0.0,0.0,198.35,0,0
17:04:13.557,33125,51.64,250.0,0.0,0.0,198.35,0,0
17:04:13.577,33143,51.63,250.0,0.0,0.0,198.36,0,0
17:04:13.657,33225,51.62,250.0,0.0,0.0,198.37,0,0
17:04:13.758,33325,51.62,250.0,0.0,0.0,198.37,0,0
17:04:13.777,33343,51.57,250.0,0.0,0.0,198.42,0,0
17:04:13.858,33425,51.52,250.0,0.0,0.0,198.47,0,0
17:04:13.960,33525,51.52,250.0,0.0,0.0,198.47,0,0
17:04:13.977,33543,51.55,250.0,0.0,0.0,198.44,0,0
17:04:14.058,33625,51.57,250.0,0.0,0.0,198.42,0,0
17:04:14.157,33725,51.57,250.0,0.0,0.0,198.42,0,0
17:04:14.257,33825,51.62,250.0,0.0,0.0,198.37,0,0
17:04:14.358,33925,51.62,250.0,0.0,0.0,198.37,0,0
17:04:14.377,33943,51.62,250.0,0.0,0.0,198.37,0,0
17:04:14.458,34025,51.59,250.0,0.0,0.0,198.4,0,0
17:04:14.557,34125,51.59,250.0,0.0,0.0,198.4,0,0
17:04:14.577,34143,51.61,250.0,0.0,0.0,198.38,0,0
17:04:14.658,34225,51.63,250.0,0.0,0.0,198.36,0,0
17:04:14.757,34325,51.62,250.0,0.0,0.0,198.37,0,0
17:04:14.858,34425,51.62,250.0,0.0,0.0,198.37,0,0
17:04:14.877,34443,51.64,250.0,0.0,0.0,198.35,0,0
17:04:14.958,34525,51.65,250.0,0.0,0.0,198.34,0,0
17:04:15.062,34625,51.6,250.0,0.0,0.0,198.39,0,0
17:04:15.158,34725,51.57,250.0,0.0,0.0,198.42,0,0
17:04:15.258,34825,51.57,250.0,0.0,0.0,198.42,0,0
17:04:15.277,34843,51.54,250.0,0.0,0.0,198.45,0,0
17:04:15.357,34925,51.54,250.0,0.0,0.0,198.45,0,0
17:04:15.377,34943,51.52,250.0,0.0,0.0,198.47,0,0
17:04:15.458,35025,51.5,250.0,0.0,0.0,198.49,0,0
17:04:15.558,35125,51.46,250.0,0.0,0.0,198.53,0,0
17:04:15.658,35225,51.46,250.0,0.0,0.0,198.53,0,0
17:04:15.676,35243,51.47,250.0,0.0,0.0,198.52,0,0
17:04:15.758,35325,51.46,250.0,0.0,0.0,198.53,0,0
17:04:15.857,35425,51.49,250.0,0.0,0.0,198.5,0,0
17:04:15.958,35525,51.49,250.0,0.0,0.0,198.5,0,0
17:04:15.977,35543,51.47,250.0,0.0,0.0,198.52,0,0
17:04:16.058,35625,51.46,250.0,0.0,0.0,198.53,0,0
17:04:16.185,35725,51.46,250.0,0.0,0.0,198.53,0,0
17:04:16.188,35743,51.47,250.0,0.0,0.0,198.52,0,0
17:04:16.258,35825,51.48,250.0,0.0,0.0,198.51,0,0
17:04:16.358,35925,51.48,250.0,0.0,0.0,198.51,0,0
17:04:16.457,36025,51.44,250.0,0.0,0.0,198.55,0,0
17:04:16.558,36125,51.44,250.0,0.0,0.0,198.55,0,0
17:04:16.576,36143,51.48,250.0,0.0,0.0,198.51,0,0
17:04:16.658,36225,51.53,250.0,0.0,0.0,198.46,0,0
17:04:16.757,36325,51.51,250.0,0.0,0.0,198.48,0,0
17:04:16.857,36425,51.51,250.0,0.0,0.0,198.48,0,0
17:04:16.876,36443,51.54,250.0,0.0,0.0,198.45,0,0
17:04:16.957,36525,51.54,250.0,0.0,0.0,198.45,0,0
17:04:16.976,36543,51.54,250.0,0.0,0.0,198.45,0,0
17:04:17.058,36625,51.52,250.0,100.0,0.0,198.47,0,1
17:04:17.157,36725,51.48,250.0,100.0,0.0,198.51,0,1
17:04:17.278,36825,51.44,250.0,100.0,0.0,198.55,0,1
17:04:17.358,36925,51.47,250.0,100.0,0.0,198.52,0,1
17:04:17.458,37025,51.51,250.0,100.0,0.0,198.48,0,1
17:04:17.558,37125,51.49,250.0,100.0,0.0,198.5,0,1
17:04:17.658,37225,51.45,250.0,100.0,0.0,198.54,0,1
17:04:17.757,37325,51.45,250.0,100.0,0.0,198.54,0,1
17:04:17.779,37346,51.43,250.0,100.0,0.0,198.56,0,1
17:04:17.862,37425,51.45,250.0,100.0,0.0,198.54,0,1
17:04:17.957,37525,51.45,250.0,100.0,0.0,198.54,0,1
17:04:17.979,37546,51.34,250.0,100.0,0.0,198.65,0,1
17:04:18.057,37625,51.27,250.0,100.0,0.0,198.72,0,1
17:04:18.157,37725,51.25,250.0,100.0,0.0,198.74,0,1
17:04:18.256,37825,51.25,250.0,100.0,0.0,198.74,0,1
17:04:18.279,37846,51.21,250.0,100.0,0.0,198.78,0,1
17:04:18.357,37925,51.17,250.0,100.0,0.0,198.82,0,1
17:04:18.457,38025,51.21,250.0,100.0,0.0,198.78,0,1
17:04:18.557,38125,51.17,250.0,100.0,0.0,198.82,0,1
17:04:18.657,38225,51.19,250.0,100.0,0.0,198.8,0,1
17:04:18.756,38325,51.19,250.0,100.0,0.0,198.8,0,1
17:04:18.779,38346,51.23,250.0,100.0,0.0,198.76,0,1
17:04:18.856,38425,51.26,250.0,100.0,0.0,198.73,0,1
17:04:18.968,38525,51.29,250.0,100.0,0.0,198.7,0,1
17:04:19.057,38625,51.27,250.0,100.0,0.0,198.72,0,1
17:04:19.156,38725,51.2,250.0,100.0,0.0,198.79,0,1
17:04:19.257,38825,51.17,250.0,100.0,0.0,198.82,0,1
17:04:19.357,38925,51.16,250.0,100.0,0.0,198.83,0,1
17:04:19.456,39025,51.15,250.0,100.0,0.0,198.84,0,1
17:04:19.556,39125,51.19,250.0,100.0,0.0,198.8,0,1
17:04:19.657,39225,51.13,250.0,100.0,0.0,198.86,0,1
17:04:19.757,39325,51.13,250.0,100.0,0.0,198.86,0,1
17:04:19.856,39425,51.08,250.0,100.0,0.0,198.91,0,1
17:04:19.957,39525,51.1,250.0,100.0,0.0,198.89,0,1
17:04:20.088,39625,51.08,250.0,100.0,0.0,198.91,0,1
17:04:20.157,39725,51.05,250.0,100.0,0.0,198.94,0,1
17:04:20.257,39825,51.08,250.0,100.0,0.0,198.91,0,1
17:04:20.356,39925,51.08,250.0,100.0,0.0,198.91,0,1
17:04:20.457,40025,51.03,250.0,100.0,0.0,198.96,0,1
17:04:20.556,40125,51.01,250.0,100.0,0.0,198.98,0,1
17:04:20.658,40225,50.97,250.0,100.0,0.0,199.02,0,1
17:04:20.757,40325,50.97,250.0,100.0,0.0,199.02,0,1
17:04:20.778,40346,50.96,250.0,100.0,0.0,199.03,0,1
17:04:20.857,40425,50.95,250.0,100.0,0.0,199.04,0,1
17:04:20.957,40525,50.91,250.0,100.0,0.0,199.08,0,1
17:04:21.056,40625,50.91,250.0,100.0,0.0,199.08,0,1
17:04:21.157,40725,50.88,250.0,100.0,0.0,199.11,0,1
17:04:21.256,40825,50.88,250.0,100.0,0.0,199.11,0,1
17:04:21.278,40846,50.9,250.0,100.0,0.0,199.09,0,1
17:04:21.356,40925,50.92,250.0,100.0,0.0,199.07,0,1
17:04:21.457,41025,50.84,250.0,100.0,0.0,199.15,0,1
17:04:21.557,41125,50.84,250.0,100.0,0.0,199.15,0,1
17:04:21.656,41225,50.84,250.0,100.0,0.0,199.15,0,1
17:04:21.678,41246,50.84,250.0,100.0,0.0,199.15,0,1
17:04:21.757,41325,50.89,250.0,100.0,0.0,199.1,0,1
17:04:21.856,41425,50.86,250.0,100.0,0.0,199.13,0,1
17:04:21.956,41525,50.86,250.0,100.0,0.0,199.13,0,1
17:04:22.056,41625,50.9,250.0,100.0,0.0,199.09,0,1
17:04:22.156,41725,50.92,250.0,100.0,0.0,199.07,0,1
17:04:22.256,41825,50.87,250.0,100.0,0.0,199.12,0,1
17:04:22.359,41925,50.84,250.0,100.0,0.0,199.15,0,1
17:04:22.456,42025,50.84,250.0,100.0,0.0,199.15,0,1
17:04:22.477,42046,50.82,250.0,100.0,0.0,199.17,0,1
17:04:22.555,42125,50.8,250.0,100.0,0.0,199.19,0,1
17:04:22.656,42225,50.8,250.0,100.0,0.0,199.19,0,1
17:04:22.677,42246,50.8,250.0,100.0,0.0,199.19,0,1
17:04:22.756,42325,50.85,250.0,100.0,0.0,199.14,0,1
17:04:22.856,42425,50.85,250.0,100.0,0.0,199.14,0,1
17:04:22.877,42446,51.01,250.0,100.0,0.0,198.98,0,1
17:04:22.956,42525,51.16,250.0,100.0,0.0,198.83,0,1
17:04:23.055,42625,51.18,250.0,100.0,0.0,198.81,0,1
17:04:23.155,42725,51.18,250.0,100.0,0.0,198.81,0,1
17:04:23.177,42746,51.24,250.0,100.0,0.0,198.75,0,1
17:04:23.256,42825,51.29,250.0,100.0,0.0,198.7,0,1
17:04:23.356,42925,51.27,250.0,100.0,0.0,198.72,0,1
17:04:23.457,43025,51.27,250.0,100.0,0.0,198.72,0,1
17:04:23.477,43046,51.3,250.0,100.0,0.0,198.69,0,1
17:04:23.556,43125,51.33,250.0,100.0,0.0,198.66,0,1
17:04:23.656,43225,51.33,250.0,100.0,0.0,198.66,0,1
17:04:23.756,43325,51.33,250.0,100.0,0.0,198.66,0,1
17:04:23.777,43346,51.33,250.0,100.0,0.0,198.66,0,1
17:04:23.856,43425,51.33,250.0,100.0,0.0,198.66,0,1
17:04:23.877,43446,51.37,250.0,100.0,0.0,198.62,0,1
17:04:23.956,43525,51.41,250.0,100.0,0.0,198.58,0,1
17:04:24.056,43625,51.45,250.0,100.0,0.0,198.54,0,1
17:04:24.156,43725,51.45,250.0,100.0,0.0,198.54,0,1
17:04:24.177,43746,51.49,250.0,100.0,0.0,198.5,0,1
17:04:24.256,43825,51.52,250.0,100.0,0.0,198.47,0,1
17:04:24.355,43925,51.54,250.0,100.0,0.0,198.45,0,1
17:04:24.456,44025,51.59,250.0,100.0,0.0,198.4,0,1
17:04:24.559,44125,51.57,250.0,100.0,0.0,198.42,0,1
17:04:24.656,44225,51.57,250.0,100.0,0.0,198.42,0,1
17:04:24.677,44246,51.54,250.0,100.0,0.0,198.45,0,1
17:04:24.755,44325,51.52,250.0,100.0,0.0,198.47,0,1
17:04:24.856,44425,51.57,250.0,100.0,0.0,198.42,0,1
17:04:24.956,44525,51.64,250.0,100.0,0.0,198.35,0,1
17:04:25.055,44625,51.68,250.0,100.0,0.0,198.31,0,1
17:04:25.156,44725,51.71,250.0,100.0,0.0,198.28,0,1
17:04:25.255,44825,51.71,250.0,100.0,0.0,198.28,0,1
17:04:25.277,44846,51.77,250.0,100.0,0.0,198.22,0,1
17:04:25.356,44925,51.82,250.0,100.0,0.0,198.17,0,1
17:04:25.455,45025,51.84,250.0,100.0,0.0,198.15,0,1
17:04:25.556,45125,51.9,250.0,100.0,0.0,198.09,0,1
17:04:25.664,45225,52.05,250.0,100.0,0.0,197.94,0,1
17:04:25.756,45325,52.12,250.0,100.0,0.0,197.87,0,1
17:04:25.856,45425,52.18,250.0,100.0,0.0,197.81,0,1
17:04:25.954,45525,52.23,250.0,100.0,0.0,197.76,0,1
17:04:26.055,45625,52.23,250.0,100.0,0.0,197.76,0,1
17:04:26.077,45646,52.3,250.0,100.0,0.0,197.69,0,1
17:04:26.155,45725,52.36,250.0,100.0,0.0,197.63,0,1
17:04:26.261,45825,52.51,250.0,100.0,0.0,197.48,0,1
17:04:26.354,45925,52.51,250.0,100.0,0.0,197.48,0,1
17:04:26.455,46025,52.57,250.0,100.0,0.0,197.42,0,1
17:04:26.554,46125,52.63,250.0,100.0,0.0,197.36,0,1
17:04:26.655,46225,52.77,250.0,100.0,0.0,197.22,0,1
17:04:26.755,46325,52.77,250.0,100.0,0.0,197.22,0,1
17:04:26.776,46346,52.84,250.0,100.0,0.0,197.15,0,1
17:04:26.855,46425,52.89,250.0,100.0,0.0,197.1,0,1
17:04:26.955,46525,52.89,250.0,100.0,0.0,197.1,0,1
17:04:26.976,46546,52.89,250.0,100.0,0.0,197.1,0,1
17:04:27.055,46625,53.01,250.0,100.0,0.0,196.98,0,1
17:04:27.155,46725,53.07,250.0,100.0,0.0,196.92,0,1
17:04:27.255,46825,53.1,250.0,100.0,0.0,196.89,0,1
17:04:27.361,46925,53.1,250.0,100.0,0.0,196.89,0,1
17:04:27.379,46946,53.22,250.0,100.0,0.0,196.77,0,1
17:04:27.455,47025,53.32,250.0,100.0,0.0,196.67,0,1
17:04:27.554,47125,53.44,250.0,100.0,0.0,196.55,0,1
17:04:27.655,47225,53.48,250.0,100.0,0.0,196.51,0,1
17:04:27.755,47325,53.64,250.0,100.0,0.0,196.35,0,1
17:04:27.855,47425,53.7,250.0,100.0,0.0,196.29,0,1
17:04:27.955,47525,53.83,250.0,100.0,0.0,196.16,0,1
17:04:28.055,47625,53.98,250.0,100.0,0.0,196.01,0,1
17:04:28.155,47725,54.09,250.0,100.0,0.0,195.9,0,1
17:04:28.255,47825,54.15,250.0,100.0,0.0,195.84,0,1
17:04:28.355,47925,54.33,250.0,100.0,0.0,195.66,0,1
17:04:28.455,48025,54.46,250.0,100.0,0.0,195.53,0,1
17:04:28.555,48125,54.56,250.0,100.0,0.0,195.43,0,1
17:04:28.654,48225,54.66,250.0,100.0,0.0,195.33,0,1
17:04:28.755,48325,54.71,250.0,100.0,0.0,195.28,0,1
17:04:28.855,48425,54.81,250.0,100.0,0.0,195.18,0,1
17:04:28.955,48525,54.93,250.0,100.0,0.0,195.06,0,1
17:04:29.070,48625,55.01,250.0,100.0,0.0,194.98,0,1
17:04:29.155,48725,55.11,250.0,100.0,0.0,194.88,0,1
17:04:29.255,48825,55.21,250.0,100.0,0.0,194.78,0,1
17:04:29.354,48925,55.33,250.0,100.0,0.0,194.66,0,1
17:04:29.455,49025,55.41,250.0,100.0,0.0,194.58,0,1
17:04:29.555,49125,55.51,250.0,100.0,0.0,194.48,0,1
17:04:29.655,49225,55.7,250.0,100.0,0.0,194.29,0,1
17:04:29.754,49325,55.79,250.0,100.0,0.0,194.2,0,1
17:04:29.854,49425,55.91,250.0,100.0,0.0,194.08,0,1
17:04:29.954,49525,55.91,250.0,100.0,0.0,194.08,0,1
17:04:29.976,49546,55.95,250.0,100.0,0.0,194.04,0,1
17:04:30.054,49625,56.0,250.0,100.0,0.0,193.99,0,1
17:04:30.154,49725,56.0,250.0,100.0,0.0,193.99,0,1
17:04:30.196,49746,56.0,250.0,100.0,0.0,193.99,0,1
17:04:30.254,49825,56.13,250.0,100.0,0.0,193.86,0,1
17:04:30.353,49925,56.13,250.0,100.0,0.0,193.86,0,1
17:04:30.376,49946,56.3,250.0,100.0,0.0,193.69,0,1
17:04:30.454,50025,56.3,250.0,100.0,0.0,193.69,0,1
17:04:30.475,50046,56.45,250.0,100.0,0.0,193.54,0,1
17:04:30.553,50125,56.56,250.0,100.0,0.0,193.43,0,1
17:04:30.654,50225,56.68,250.0,100.0,0.0,193.31,0,1
17:04:30.792,50325,56.81,250.0,100.0,0.0,193.18,0,1
17:04:30.854,50425,56.95,250.0,100.0,0.0,193.04,0,1
17:04:30.954,50525,57.09,250.0,100.0,0.0,192.9,0,1
17:04:31.054,50625,57.2,250.0,100.0,0.0,192.79,0,1
17:04:31.154,50725,57.34,250.0,100.0,0.0,192.65,0,1
17:04:31.254,50825,57.5,250.0,100.0,0.0,192.49,0,1
17:04:31.379,50925,57.6,250.0,100.0,0.0,192.39,0,1
17:04:31.454,51025,57.74,250.0,100.0,0.0,192.25,0,1
17:04:31.554,51125,57.84,250.0,100.0,0.0,192.15,0,1
17:04:31.653,51225,57.95,250.0,100.0,0.0,192.04,0,1
17:04:31.754,51325,57.95,250.0,100.0,0.0,192.04,0,1
17:04:31.775,51346,58.12,250.0,100.0,0.0,191.87,0,1
17:04:31.854,51425,58.26,250.0,100.0,0.0,191.73,0,1
17:04:31.956,51525,58.26,250.0,100.0,0.0,191.73,0,1
17:04:31.975,51546,58.43,250.0,100.0,0.0,191.56,0,1
17:04:32.053,51625,58.57,250.0,100.0,0.0,191.42,0,1
17:04:32.154,51725,58.76,250.0,100.0,0.0,191.23,0,1
17:04:32.254,51825,58.89,250.0,100.0,0.0,191.1,0,1
17:04:32.354,51925,58.89,250.0,100.0,0.0,191.1,0,1
17:04:32.375,51946,59.1,250.0,100.0,0.0,190.89,0,1
17:04:32.454,52025,59.29,250.0,100.0,0.0,190.7,0,1
17:04:32.554,52125,59.29,250.0,100.0,0.0,190.7,0,1
17:04:32.575,52146,59.46,250.0,100.0,0.0,190.53,0,1
17:04:32.653,52225,59.61,250.0,100.0,0.0,190.38,0,1
17:04:32.754,52325,59.77,250.0,100.0,0.0,190.22,0,1
17:04:32.853,52425,59.91,250.0,100.0,0.0,190.08,0,1
17:04:32.954,52525,60.07,250.0,100.0,0.0,189.92,0,1
17:04:33.069,52625,60.2,250.0,100.0,0.0,189.79,0,1
17:04:33.154,52725,60.35,250.0,100.0,0.0,189.64,0,1
17:04:33.254,52825,60.43,250.0,100.0,0.0,189.56,0,1
17:04:33.353,52925,60.57,250.0,100.0,0.0,189.42,0,1
17:04:33.454,53025,60.76,250.0,100.0,0.0,189.23,0,1
17:04:33.554,53125,60.89,250.0,100.0,0.0,189.1,0,1
17:04:33.654,53225,61.04,250.0,100.0,0.0,188.95,0,1
17:04:33.753,53325,61.04,250.0,100.0,0.0,188.95,0,1
17:04:33.775,53346,61.24,250.0,100.0,0.0,188.75,0,1
17:04:33.853,53425,61.43,250.0,100.0,0.0,188.56,0,1
17:04:33.953,53525,61.43,250.0,100.0,0.0,188.56,0,1
17:04:33.975,53546,61.63,250.0,100.0,0.0,188.36,0,1
17:04:34.053,53625,61.63,250.0,100.0,0.0,188.36,0,1
17:04:34.074,53646,61.81,250.0,100.0,0.0,188.18,0,1
17:04:34.153,53725,61.97,250.0,100.0,0.0,188.02,0,1
17:04:34.253,53825,62.13,250.0,100.0,0.0,187.86,0,1
17:04:34.353,53925,62.13,250.0,100.0,0.0,187.86,0,1
17:04:34.374,53946,62.28,250.0,100.0,0.0,187.71,0,1
17:04:34.452,54025,62.41,250.0,100.0,0.0,187.58,0,1
17:04:34.553,54125,62.41,250.0,100.0,0.0,187.58,0,1
17:04:34.575,54146,62.55,250.0,100.0,0.0,187.44,0,1
17:04:34.653,54225,62.67,250.0,100.0,0.0,187.32,0,1
17:04:34.770,54325,62.8,250.0,100.0,0.0,187.19,0,1
17:04:34.853,54425,62.8,250.0,100.0,0.0,187.19,0,1
17:04:34.875,54446,62.99,250.0,100.0,0.0,187.0,0,1
17:04:34.953,54525,63.17,250.0,100.0,0.0,186.82,0,1
17:04:35.052,54625,63.31,250.0,100.0,0.0,186.68,0,1
17:04:35.153,54725,63.48,250.0,100.0,0.0,186.51,0,1
17:04:35.253,54825,63.59,250.0,100.0,0.0,186.4,0,1
17:04:35.358,54925,63.71,250.0,100.0,0.0,186.28,0,1
17:04:35.453,55025,63.89,250.0,100.0,0.0,186.1,0,1
17:04:35.553,55125,64.06,250.0,100.0,0.0,185.93,0,1
17:04:35.653,55225,64.28,250.0,100.0,0.0,185.71,0,1
17:04:35.753,55325,64.44,250.0,100.0,0.0,185.55,0,1
17:04:35.853,55425,64.6,250.0,100.0,0.0,185.39,0,1
17:04:35.952,55525,64.79,250.0,100.0,0.0,185.2,0,1
17:04:36.053,55625,64.98,250.0,100.0,0.0,185.01,0,1
17:04:36.153,55725,64.98,250.0,100.0,0.0,185.01,0,1
17:04:36.174,55746,65.15,250.0,100.0,0.0,184.84,0,1
17:04:36.253,55825,65.29,250.0,100.0,0.0,184.7,0,1
17:04:36.352,55925,65.49,250.0,100.0,0.0,184.5,0,1
17:04:36.486,56025,65.64,250.0,100.0,0.0,184.35,0,1
17:04:36.553,56125,65.79,250.0,100.0,0.0,184.2,0,1
17:04:36.653,56225,65.97,250.0,100.0,0.0,184.02,0,1
17:04:36.753,56325,65.97,250.0,100.0,0.0,184.02,0,1
17:04:36.774,56346,66.15,250.0,100.0,0.0,183.84,0,1
17:04:36.852,56425,66.3,250.0,100.0,0.0,183.69,0,1
17:04:36.953,56525,66.3,250.0,100.0,0.0,183.69,0,1
17:04:36.974,56546,66.3,250.0,100.0,0.0,183.69,0,1
17:04:37.055,56625,66.53,250.0,100.0,0.0,183.46,0,1
17:04:37.153,56725,66.7,250.0,100.0,0.0,183.29,0,1
17:04:37.252,56825,66.88,250.0,100.0,0.0,183.11,0,1
17:04:37.353,56925,67.04,250.0,100.0,0.0,182.95,0,1
17:04:37.453,57025,67.24,250.0,100.0,0.0,182.75,0,1
17:04:37.552,57125,67.42,250.0,100.0,0.0,182.57,0,1
17:04:37.653,57225,67.62,250.0,100.0,0.0,182.37,0,1
17:04:37.753,57325,67.81,250.0,100.0,0.0,182.18,0,1
17:04:37.852,57425,67.98,250.0,100.0,0.0,182.01,0,1
17:04:37.952,57525,68.17,250.0,100.0,0.0,181.82,0,1
17:04:38.052,57625,68.17,250.0,100.0,0.0,181.82,0,1
17:04:38.074,57646,68.39,250.0,100.0,0.0,181.6,0,1
17:04:38.179,57725,68.59,250.0,100.0,0.0,181.4,0,1
17:04:38.252,57825,68.59,250.0,100.0,0.0,181.4,0,1
17:04:38.274,57846,68.8,250.0,100.0,0.0,181.19,0,1
17:04:38.352,57925,68.98,250.0,100.0,0.0,181.01,0,1
17:04:38.452,58025,69.16,250.0,100.0,0.0,180.83,0,1
17:04:38.552,58125,69.31,250.0,100.0,0.0,180.68,0,1
17:04:38.652,58225,69.51,250.0,100.0,0.0,180.48,0,1
17:04:38.753,58325,69.7,250.0,100.0,0.0,180.29,0,1
17:04:38.852,58425,69.87,250.0,100.0,0.0,180.12,0,1
17:04:38.952,58525,70.06,250.0,100.0,0.0,179.93,0,1
17:04:39.052,58625,70.23,250.0,100.0,0.0,179.76,0,1
17:04:39.152,58725,70.4,250.0,100.0,0.0,179.59,0,1
17:04:39.252,58825,70.57,250.0,100.0,0.0,179.42,0,1
17:04:39.352,58925,70.78,250.0,100.0,0.0,179.21,0,1
17:04:39.452,59025,70.96,250.0,100.0,0.0,179.03,0,1
17:04:39.552,59125,71.17,250.0,100.0,0.0,178.82,0,1
17:04:39.652,59225,71.35,250.0,100.0,0.0,178.64,0,1
17:04:39.752,59325,71.57,250.0,100.0,0.0,178.42,0,1
17:04:39.872,59425,71.77,250.0,100.0,0.0,178.22,0,1
17:04:39.952,59525,71.96,250.0,100.0,0.0,178.03,0,1
17:04:40.052,59625,72.16,250.0,100.0,0.0,177.83,0,1
17:04:40.153,59725,72.35,250.0,100.0,0.0,177.64,0,1
17:04:40.252,59825,72.35,250.0,100.0,0.0,177.64,0,1
17:04:40.273,59846,72.57,250.0,100.0,0.0,177.42,0,1
17:04:40.352,59925,72.76,250.0,100.0,0.0,177.23,0,1
17:04:40.455,60025,72.76,250.0,100.0,0.0,177.23,0,1
17:04:40.473,60046,72.93,250.0,100.0,0.0,177.06,0,1
17:04:40.552,60125,73.08,250.0,100.0,0.0,176.91,0,1
17:04:40.652,60225,73.26,250.0,100.0,0.0,176.73,0,1
17:04:40.752,60325,73.26,250.0,100.0,0.0,176.73,0,1
17:04:40.773,60346,73.47,250.0,100.0,0.0,176.52,0,1
17:04:40.851,60425,73.66,250.0,100.0,0.0,176.33,0,1
17:04:40.952,60525,73.66,250.0,100.0,0.0,176.33,0,1
17:04:41.001,60546,73.86,250.0,100.0,0.0,176.13,0,1
17:04:41.052,60625,74.03,250.0,100.0,0.0,175.96,0,1
17:04:41.152,60725,74.23,250.0,100.0,0.0,175.76,0,1
17:04:41.252,60825,74.41,250.0,100.0,0.0,175.58,0,1
17:04:41.351,60925,74.59,250.0,100.0,0.0,175.4,0,1
17:04:41.450,61025,74.59,250.0,100.0,0.0,175.4,0,1
17:04:41.472,61046,74.82,250.0,100.0,0.0,175.17,0,1
17:04:41.555,61125,75.01,250.0,100.0,0.0,174.98,0,1
17:04:41.652,61225,75.19,250.0,100.0,0.0,174.8,0,1
17:04:41.751,61325,75.41,250.0,100.0,0.0,174.58,0,1
17:04:41.851,61425,75.41,250.0,100.0,0.0,174.58,0,1
17:04:41.873,61446,75.6,250.0,100.0,0.0,174.39,0,1
17:04:41.951,61525,75.79,250.0,100.0,0.0,174.2,0,1
17:04:42.051,61625,75.79,250.0,100.0,0.0,174.2,0,1
17:04:42.073,61646,76.0,250.0,100.0,0.0,173.99,0,1
17:04:42.151,61725,76.18,250.0,100.0,0.0,173.81,0,1
17:04:42.251,61825,76.18,250.0,100.0,0.0,173.81,0,1
17:04:42.273,61846,76.4,250.0,100.0,0.0,173.59,0,1
17:04:42.350,61925,76.61,250.0,100.0,0.0,173.38,0,1
17:04:42.451,62025,76.81,250.0,100.0,0.0,173.18,0,1
17:04:42.551,62125,77.02,250.0,100.0,0.0,172.97,0,1
17:04:42.651,62225,77.02,250.0,100.0,0.0,172.97,0,1
17:04:42.706,62246,77.02,250.0,100.0,0.0,172.97,0,1
17:04:42.750,62325,77.17,250.0,100.0,0.0,172.82,0,1
17:04:42.850,62425,77.17,250.0,100.0,0.0,172.82,0,1
17:04:42.873,62446,77.42,250.0,100.0,0.0,172.57,0,1
17:04:42.951,62525,77.63,250.0,100.0,0.0,172.36,0,1
17:04:43.051,62625,77.82,250.0,100.0,0.0,172.17,0,1
17:04:43.150,62725,78.03,250.0,100.0,0.0,171.96,0,1
17:04:43.303,62825,78.22,250.0,100.0,0.0,171.77,0,1
17:04:43.351,62925,78.42,250.0,100.0,0.0,171.57,0,1
17:04:43.451,63025,78.62,250.0,100.0,0.0,171.37,0,1
17:04:43.551,63125,78.62,250.0,100.0,0.0,171.37,0,1
17:04:43.571,63146,78.86,250.0,100.0,0.0,171.13,0,1
17:04:43.651,63225,79.08,250.0,100.0,0.0,170.91,0,1
17:04:43.751,63325,79.27,250.0,100.0,0.0,170.72,0,1
17:04:43.873,63425,79.27,250.0,100.0,0.0,170.72,0,1
17:04:44.696,64270,79.48,250.0,100.0,0.0,170.51,0,1
17:04:44.751,64325,79.86,250.0,100.0,0.0,170.13,0,1
17:04:44.850,64425,79.86,250.0,100.0,0.0,170.13,0,1
17:04:44.872,64446,80.28,250.0,100.0,0.0,169.71,0,1
17:04:44.951,64525,80.65,250.0,100.0,0.0,169.34,0,1
17:04:45.050,64625,80.94,250.0,100.0,0.0,169.05,0,1
17:04:45.151,64725,81.24,250.0,100.0,0.0,168.75,0,1
17:04:45.251,64825,81.5,250.0,100.0,0.0,168.49,0,1
17:04:45.350,64925,81.82,250.0,100.0,0.0,168.17,0,1
17:04:45.451,65025,82.09,250.0,100.0,0.0,167.9,0,1
17:04:45.552,65125,82.35,250.0,100.0,0.0,167.64,0,1
17:04:45.650,65225,82.62,250.0,100.0,0.0,167.37,0,1
17:04:45.751,65325,82.87,250.0,100.0,0.0,167.12,0,1
17:04:45.850,65425,83.12,250.0,100.0,0.0,166.87,0,1
17:04:45.950,65525,83.38,250.0,100.0,0.0,166.61,0,1
17:04:46.050,65625,83.6,250.0,100.0,0.0,166.39,0,1
17:04:46.150,65725,83.85,250.0,100.0,0.0,166.14,0,1
17:04:46.250,65825,84.08,250.0,100.0,0.0,165.91,0,1
17:04:46.349,65925,84.08,250.0,100.0,0.0,165.91,0,1
17:04:46.371,65946,84.08,250.0,100.0,0.0,165.91,0,1
17:04:46.450,66025,84.34,250.0,100.0,0.0,165.65,0,1
17:04:46.550,66125,84.57,250.0,100.0,0.0,165.42,0,1
17:04:46.674,66225,84.81,250.0,100.0,0.0,165.18,0,1
17:04:46.750,66325,84.81,250.0,100.0,0.0,165.18,0,1
17:04:46.772,66346,85.09,250.0,100.0,0.0,164.9,0,1
17:04:46.850,66425,85.09,250.0,100.0,0.0,164.9,0,1
17:04:46.871,66446,85.09,250.0,100.0,0.0,164.9,0,1
17:04:46.950,66525,85.37,250.0,100.0,0.0,164.62,0,1
17:04:47.050,66625,85.62,250.0,100.0,0.0,164.37,0,1
17:04:47.150,66725,85.86,250.0,100.0,0.0,164.13,0,1
17:04:47.251,66825,86.11,250.0,100.0,0.0,163.88,0,1
17:04:47.350,66925,86.35,250.0,100.0,0.0,163.64,0,1
17:04:47.449,67025,86.35,250.0,100.0,0.0,163.64,0,1
17:04:47.471,67046,86.62,250.0,100.0,0.0,163.37,0,1
17:04:47.550,67125,86.85,250.0,100.0,0.0,163.14,0,1
17:04:47.650,67225,86.85,250.0,100.0,0.0,163.14,0,1
17:04:47.671,67246,87.06,250.0,100.0,0.0,162.93,0,1
17:04:47.750,67325,87.26,250.0,100.0,0.0,162.73,0,1
17:04:47.850,67425,87.26,250.0,100.0,0.0,162.73,0,1
17:04:47.871,67446,87.26,250.0,100.0,0.0,162.73,0,1
17:04:47.949,67525,87.51,250.0,100.0,0.0,162.48,0,1
17:04:48.049,67625,87.76,250.0,100.0,0.0,162.23,0,1
17:04:48.150,67725,88.01,250.0,100.0,0.0,161.98,0,1
17:04:48.250,67825,88.23,250.0,100.0,0.0,161.76,0,1
17:04:48.352,67925,88.44,250.0,100.0,0.0,161.55,0,1
17:04:48.450,68025,88.44,250.0,100.0,0.0,161.55,0,1
17:04:48.470,68046,88.44,250.0,100.0,0.0,161.55,0,1
17:04:48.549,68125,88.69,250.0,100.0,0.0,161.3,0,1
17:04:48.650,68225,88.93,250.0,100.0,0.0,161.06,0,1
17:04:48.750,68325,89.13,250.0,100.0,0.0,160.86,0,1
17:04:48.850,68425,89.37,250.0,100.0,0.0,160.62,0,1
17:04:48.949,68525,89.58,250.0,100.0,0.0,160.41,0,1
17:04:49.050,68625,89.8,250.0,100.0,0.0,160.19,0,1
17:04:49.149,68725,90.01,250.0,100.0,0.0,159.98,0,1
17:04:49.250,68825,90.22,250.0,100.0,0.0,159.77,0,1
17:04:49.349,68925,90.22,250.0,100.0,0.0,159.77,0,1
17:04:49.370,68946,90.48,250.0,100.0,0.0,159.51,0,1
17:04:49.457,69025,90.7,250.0,100.0,0.0,159.29,0,1
17:04:49.549,69125,90.7,250.0,100.0,0.0,159.29,0,1
17:04:49.571,69146,90.95,250.0,100.0,0.0,159.04,0,1
17:04:49.650,69225,91.17,250.0,100.0,0.0,158.82,0,1
17:04:49.749,69325,91.17,250.0,100.0,0.0,158.82,0,1
17:04:49.771,69346,91.39,250.0,100.0,0.0,158.6,0,1
17:04:49.850,69425,91.58,250.0,100.0,0.0,158.41,0,1
17:04:49.949,69525,91.79,250.0,100.0,0.0,158.2,0,1
17:04:50.049,69625,92.0,250.0,100.0,0.0,157.99,0,1
17:04:50.149,69725,92.21,250.0,100.0,0.0,157.78,0,1
17:04:50.250,69825,92.41,250.0,100.0,0.0,157.58,0,1
17:04:50.349,69925,92.64,250.0,100.0,0.0,157.35,0,1
17:04:50.449,70025,92.86,250.0,100.0,0.0,157.13,0,1
17:04:50.585,70125,93.06,250.0,100.0,0.0,156.93,0,1
17:04:50.649,70225,93.29,250.0,100.0,0.0,156.7,0,1
17:04:50.749,70325,93.29,250.0,100.0,0.0,156.7,0,1
17:04:50.771,70346,93.49,250.0,100.0,0.0,156.5,0,1
17:04:50.849,70425,93.67,250.0,100.0,0.0,156.32,0,1
17:04:50.949,70525,93.87,250.0,100.0,0.0,156.12,0,1
17:04:51.049,70625,94.06,250.0,100.0,0.0,155.93,0,1
17:04:51.154,70725,94.28,250.0,100.0,0.0,155.71,0,1
17:04:51.249,70825,94.28,250.0,100.0,0.0,155.71,0,1
17:04:51.271,70846,94.53,250.0,100.0,0.0,155.46,0,1
17:04:51.349,70925,94.75,250.0,100.0,0.0,155.24,0,1
17:04:51.449,71025,94.96,250.0,100.0,0.0,155.03,0,1
17:04:51.549,71125,95.17,250.0,100.0,0.0,154.82,0,1
17:04:51.649,71225,95.36,250.0,100.0,0.0,154.63,0,1
17:04:51.749,71325,95.36,250.0,100.0,0.0,154.63,0,1
17:04:51.770,71346,95.59,250.0,100.0,0.0,154.4,0,1
17:04:51.849,71425,95.79,250.0,100.0,0.0,154.2,0,1
17:04:51.949,71525,95.79,250.0,100.0,0.0,154.2,0,1
17:04:51.970,71546,96.01,250.0,100.0,0.0,153.98,0,1
17:04:52.049,71625,96.21,250.0,100.0,0.0,153.78,0,1
17:04:52.149,71725,96.42,250.0,100.0,0.0,153.57,0,1
17:04:52.280,71825,96.61,250.0,100.0,0.0,153.38,0,1
17:04:52.349,71925,96.83,250.0,100.0,0.0,153.16,0,1
17:04:52.449,72025,97.03,250.0,100.0,0.0,152.96,0,1
17:04:52.548,72125,97.03,250.0,100.0,0.0,152.96,0,1
17:04:52.570,72146,97.25,250.0,100.0,0.0,152.74,0,1
17:04:52.649,72225,97.45,250.0,100.0,0.0,152.54,0,1
17:04:52.749,72325,97.65,250.0,100.0,0.0,152.34,0,1
17:04:52.848,72425,97.65,250.0,100.0,0.0,152.34,0,1
17:04:52.870,72446,97.87,250.0,100.0,0.0,152.12,0,1
17:04:52.949,72525,98.08,250.0,100.0,0.0,151.91,0,1
17:04:53.049,72625,98.27,250.0,100.0,0.0,151.72,0,1
17:04:53.149,72725,98.27,250.0,100.0,0.0,151.72,0,1
17:04:53.170,72746,98.27,250.0,100.0,0.0,151.72,0,1
17:04:53.249,72825,98.5,250.0,100.0,0.0,151.49,0,1
17:04:53.349,72925,98.71,250.0,100.0,0.0,151.28,0,1
17:04:53.449,73025,98.94,250.0,100.0,0.0,151.05,0,1
17:04:53.548,73125,98.94,250.0,100.0,0.0,151.05,0,1
17:04:53.570,73146,99.17,250.0,100.0,0.0,150.82,0,1
17:04:53.649,73225,99.4,250.0,100.0,0.0,150.59,0,1
17:04:53.749,73325,99.6,250.0,100.0,0.0,150.39,0,1
17:04:53.848,73425,99.81,250.0,100.0,0.0,150.18,0,1
17:04:53.951,73525,100.01,250.0,100.0,0.0,149.98,0,1
17:04:54.048,73625,100.22,250.0,100.0,0.0,149.77,0,1
17:04:54.149,73725,100.41,250.0,100.0,0.0,149.58,0,1
17:04:54.249,73825,100.63,250.0,100.0,0.0,149.36,0,1
17:04:54.348,73925,100.83,250.0,100.0,0.0,149.16,0,1
17:04:54.448,74025,100.83,250.0,100.0,0.0,149.16,0,1
17:04:54.470,74046,100.83,250.0,100.0,0.0,149.16,0,1
17:04:54.547,74125,100.83,250.0,100.0,0.0,149.16,0,1
17:04:54.570,74146,101.08,250.0,100.0,0.0,148.91,0,1
17:04:54.647,74225,101.3,250.0,100.0,0.0,148.69,0,1
17:04:54.748,74325,101.3,250.0,100.0,0.0,148.69,0,1
17:04:54.770,74346,101.54,250.0,100.0,0.0,148.45,0,1
17:04:54.847,74425,101.76,250.0,100.0,0.0,148.23,0,1
17:04:54.948,74525,101.97,250.0,100.0,0.0,148.02,0,1
17:04:55.048,74625,102.18,250.0,100.0,0.0,147.81,0,1
17:04:55.148,74725,102.39,250.0,100.0,0.0,147.6,0,1
17:04:56.073,75650,102.6,250.0,100.0,0.0,147.39,0,1
17:04:56.147,75725,102.98,250.0,100.0,0.0,147.01,0,1
17:04:56.247,75825,103.34,250.0,100.0,0.0,146.65,0,1
17:04:56.347,75925,103.67,250.0,100.0,0.0,146.32,0,1
17:04:56.448,76025,103.67,250.0,100.0,0.0,146.32,0,1
17:04:56.468,76046,104.01,250.0,100.0,0.0,145.98,0,1
17:04:56.548,76125,104.32,250.0,100.0,0.0,145.67,0,1
17:04:56.648,76225,104.32,250.0,100.0,0.0,145.67,0,1
17:04:56.668,76246,104.66,250.0,100.0,0.0,145.33,0,1
17:04:56.748,76325,104.97,250.0,100.0,0.0,145.02,0,1
17:04:56.848,76425,105.23,250.0,100.0,0.0,144.76,0,1
17:04:56.947,76525,105.23,250.0,100.0,0.0,144.76,0,1
17:04:56.968,76546,105.51,250.0,100.0,0.0,144.48,0,1
17:04:57.048,76625,105.77,250.0,100.0,0.0,144.22,0,1
17:04:57.148,76725,106.04,250.0,100.0,0.0,143.95,0,1
17:04:57.247,76825,106.3,250.0,100.0,0.0,143.69,0,1
17:04:57.347,76925,106.52,250.0,100.0,0.0,143.47,0,1
17:04:57.448,77025,106.75,250.0,100.0,0.0,143.24,0,1
17:04:57.548,77125,106.98,250.0,100.0,0.0,143.01,0,1
17:04:57.648,77225,107.22,250.0,100.0,0.0,142.77,0,1
17:04:57.747,77325,107.22,250.0,100.0,0.0,142.77,0,1
17:04:57.769,77346,107.46,250.0,100.0,0.0,142.53,0,1
17:04:57.857,77425,107.68,250.0,100.0,0.0,142.31,0,1
17:04:57.947,77525,107.68,250.0,100.0,0.0,142.31,0,1
17:04:57.969,77546,107.93,250.0,100.0,0.0,142.06,0,1
17:04:58.048,77625,108.16,250.0,100.0,0.0,141.83,0,1
17:04:58.148,77725,108.36,250.0,100.0,0.0,141.63,0,1
17:04:58.247,77825,108.56,250.0,100.0,0.0,141.43,0,1
17:04:58.347,77925,108.77,250.0,100.0,0.0,141.22,0,1
17:04:58.446,78025,108.98,250.0,100.0,0.0,141.01,0,1
17:04:58.548,78125,109.2,250.0,100.0,0.0,140.79,0,1
17:04:58.647,78225,109.2,250.0,100.0,0.0,140.79,0,1
17:04:58.668,78246,109.2,250.0,100.0,0.0,140.79,0,1
17:04:58.747,78325,109.2,250.0,100.0,0.0,140.79,0,1
17:04:58.769,78346,109.46,250.0,100.0,0.0,140.53,0,1
17:04:58.847,78425,109.7,250.0,100.0,0.0,140.29,0,1
17:04:58.970,78525,109.93,250.0,100.0,0.0,140.06,0,1
17:04:59.047,78625,109.93,250.0,100.0,0.0,140.06,0,1
17:04:59.069,78646,110.16,250.0,100.0,0.0,139.83,0,1
17:04:59.147,78725,110.36,250.0,100.0,0.0,139.63,0,1
17:04:59.247,78825,110.57,250.0,100.0,0.0,139.42,0,1
17:04:59.347,78925,110.57,250.0,100.0,0.0,139.42,0,1
17:04:59.368,78946,110.8,250.0,100.0,0.0,139.19,0,1
17:04:59.446,79025,111.01,250.0,100.0,0.0,138.98,0,1
17:04:59.548,79125,111.01,250.0,100.0,0.0,138.98,0,1
17:04:59.568,79146,111.24,250.0,100.0,0.0,138.75,0,1
17:04:59.647,79225,111.44,250.0,100.0,0.0,138.55,0,1
17:04:59.747,79325,111.64,250.0,100.0,0.0,138.35,0,1
17:04:59.847,79425,111.85,250.0,100.0,0.0,138.14,0,1
17:04:59.946,79525,112.06,250.0,100.0,0.0,137.93,0,1
17:05:00.047,79625,112.27,250.0,100.0,0.0,137.72,0,1
17:05:00.147,79725,112.47,250.0,100.0,0.0,137.52,0,1
17:05:00.247,79825,112.69,250.0,100.0,0.0,137.3,0,1
17:05:00.347,79925,112.9,250.0,100.0,0.0,137.09,0,1
17:05:00.447,80025,113.08,250.0,100.0,0.0,136.91,0,1
17:05:00.547,80125,113.27,250.0,100.0,0.0,136.72,0,1
17:05:00.662,80225,113.46,250.0,100.0,0.0,136.53,0,1
17:05:00.747,80325,113.66,250.0,100.0,0.0,136.33,0,1
17:05:00.846,80425,113.66,250.0,100.0,0.0,136.33,0,1
17:05:00.868,80446,113.89,250.0,100.0,0.0,136.1,0,1
17:05:00.947,80525,114.1,250.0,100.0,0.0,135.89,0,1
17:05:01.047,80625,114.29,250.0,100.0,0.0,135.7,0,1
17:05:01.147,80725,114.49,250.0,100.0,0.0,135.5,0,1
17:05:01.247,80825,114.68,250.0,100.0,0.0,135.31,0,1
17:05:01.347,80925,114.68,250.0,100.0,0.0,135.31,0,1
17:05:01.368,80946,114.89,250.0,100.0,0.0,135.1,0,1
17:05:01.447,81025,115.09,250.0,100.0,0.0,134.9,0,1
17:05:01.546,81125,115.28,250.0,100.0,0.0,134.71,0,1
17:05:01.647,81225,115.47,250.0,100.0,0.0,134.52,0,1
17:05:01.747,81325,115.65,250.0,100.0,0.0,134.34,0,1
17:05:01.846,81425,115.83,250.0,100.0,0.0,134.16,0,1
17:05:01.947,81525,116.01,250.0,100.0,0.0,133.98,0,1
17:05:02.047,81625,116.2,250.0,100.0,0.0,133.79,0,1
17:05:02.146,81725,116.38,250.0,100.0,0.0,133.61,0,1
17:05:02.246,81825,116.57,250.0,100.0,0.0,133.42,0,1
17:05:02.346,81925,116.76,250.0,100.0,0.0,133.23,0,1
17:05:02.446,82025,116.96,250.0,100.0,0.0,133.03,0,1
17:05:02.546,82125,117.15,250.0,100.0,0.0,132.84,0,1
17:05:02.646,82225,117.36,250.0,100.0,0.0,132.63,0,1
17:05:02.746,82325,117.55,250.0,100.0,0.0,132.44,0,1
17:05:02.847,82425,117.75,250.0,100.0,0.0,132.24,0,1
17:05:02.946,82525,117.96,250.0,100.0,0.0,132.03,0,1
17:05:03.046,82625,118.15,250.0,100.0,0.0,131.84,0,1
17:05:03.146,82725,118.35,250.0,100.0,0.0,131.64,0,1
17:05:03.245,82825,118.35,250.0,100.0,0.0,131.64,0,1
17:05:03.268,82846,118.56,250.0,100.0,0.0,131.43,0,1
17:05:03.346,82925,118.75,250.0,100.0,0.0,131.24,0,1
17:05:03.453,83025,118.95,250.0,100.0,0.0,131.04,0,1
17:05:03.545,83125,118.95,250.0,100.0,0.0,131.04,0,1
17:05:03.567,83146,118.95,250.0,100.0,0.0,131.04,0,1
17:05:03.646,83225,119.17,250.0,100.0,0.0,130.82,0,1
17:05:03.746,83325,119.37,250.0,100.0,0.0,130.62,0,1
17:05:03.846,83425,119.37,250.0,100.0,0.0,130.62,0,1
17:05:03.866,83446,119.37,250.0,100.0,0.0,130.62,0,1
17:05:03.946,83525,119.6,250.0,100.0,0.0,130.39,0,1
17:05:04.046,83625,119.82,250.0,100.0,0.0,130.17,0,1
17:05:04.146,83725,120.03,250.0,100.0,0.0,129.96,0,1
17:05:04.246,83825,120.24,250.0,100.0,0.0,129.75,0,1
17:05:04.346,83925,120.44,250.0,100.0,0.0,129.55,0,1
17:05:04.446,84025,120.64,250.0,100.0,0.0,129.35,0,1
17:05:04.546,84125,120.85,250.0,100.0,0.0,129.14,0,1
17:05:04.646,84225,121.06,250.0,100.0,0.0,128.93,0,1
17:05:04.746,84325,121.27,250.0,100.0,0.0,128.72,0,1
17:05:04.845,84425,121.47,250.0,100.0,0.0,128.52,0,1
17:05:04.946,84525,121.66,250.0,100.0,0.0,128.33,0,1
17:05:05.046,84625,121.86,250.0,100.0,0.0,128.13,0,1
17:05:05.147,84725,122.07,250.0,100.0,0.0,127.92,0,1
17:05:05.246,84825,122.28,250.0,100.0,0.0,127.71,0,1
17:05:05.346,84925,122.47,250.0,100.0,0.0,127.52,0,1
17:05:05.446,85025,122.68,250.0,100.0,0.0,127.31,0,1
17:05:05.546,85125,122.86,250.0,100.0,0.0,127.13,0,1
17:05:05.645,85225,123.05,250.0,100.0,0.0,126.94,0,1
17:05:05.746,85325,123.24,250.0,100.0,0.0,126.75,0,1
17:05:05.846,85425,123.45,250.0,100.0,0.0,126.54,0,1
17:05:05.946,85525,123.64,250.0,100.0,0.0,126.35,0,1
17:05:06.046,85625,123.85,250.0,100.0,0.0,126.14,0,1
17:05:06.145,85725,124.05,250.0,100.0,0.0,125.94,0,1
17:05:06.264,85825,124.23,250.0,100.0,0.0,125.76,0,1
17:05:06.345,85925,124.42,250.0,100.0,0.0,125.57,0,1
17:05:06.445,86025,124.61,250.0,100.0,0.0,125.38,0,1
17:05:06.545,86125,124.82,250.0,100.0,0.0,125.17,0,1
17:05:06.645,86225,125.0,250.0,100.0,0.0,124.99,0,1
17:05:06.745,86325,125.19,250.0,100.0,0.0,124.8,0,1
17:05:06.845,86425,125.37,250.0,100.0,0.0,124.62,0,1
17:05:06.945,86525,125.56,250.0,100.0,0.0,124.43,0,1
17:05:07.045,86625,125.75,250.0,100.0,0.0,124.24,0,1
17:05:07.146,86725,125.94,250.0,100.0,0.0,124.05,0,1
17:05:07.246,86825,126.14,250.0,100.0,0.0,123.85,0,1
17:05:07.386,86925,126.32,250.0,100.0,0.0,123.67,0,1
17:05:07.445,87025,126.51,250.0,100.0,0.0,123.48,0,1
17:05:07.545,87125,126.68,250.0,100.0,0.0,123.31,0,1
17:05:07.646,87225,126.86,250.0,100.0,0.0,123.13,0,1
17:05:07.745,87325,127.05,250.0,100.0,0.0,122.94,0,1
17:05:07.845,87425,127.23,250.0,100.0,0.0,122.76,0,1
17:05:07.947,87525,127.43,250.0,100.0,0.0,122.56,0,1
17:05:08.044,87625,127.62,250.0,100.0,0.0,122.37,0,1
17:05:08.145,87725,127.81,250.0,100.0,0.0,122.18,0,1
17:05:08.245,87825,128.01,250.0,100.0,0.0,121.98,0,1
17:05:08.345,87925,128.19,250.0,100.0,0.0,121.8,0,1
17:05:08.445,88025,128.37,250.0,100.0,0.0,121.62,0,1
17:05:08.545,88125,128.55,250.0,100.0,0.0,121.44,0,1
17:05:08.645,88225,128.72,250.0,100.0,0.0,121.27,0,1
17:05:08.745,88325,128.89,250.0,100.0,0.0,121.1,0,1
17:05:08.845,88425,129.07,250.0,100.0,0.0,120.92,0,1
17:05:08.945,88525,129.26,250.0,100.0,0.0,120.73,0,1
17:05:09.045,88625,129.44,250.0,100.0,0.0,120.55,0,1
17:05:09.144,88725,129.63,250.0,100.0,0.0,120.36,0,1
17:05:09.244,88825,129.8,250.0,100.0,0.0,120.19,0,1
17:05:09.345,88925,130.0,250.0,100.0,0.0,119.99,0,1
17:05:09.445,89025,130.2,250.0,100.0,0.0,119.79,0,1
17:05:09.545,89125,130.39,250.0,100.0,0.0,119.6,0,1
17:05:09.645,89225,130.57,250.0,100.0,0.0,119.42,0,1
17:05:09.745,89325,130.75,250.0,100.0,0.0,119.24,0,1
17:05:09.845,89425,130.93,250.0,100.0,0.0,119.06,0,1
17:05:09.945,89525,131.12,250.0,100.0,0.0,118.87,0,1
17:05:10.044,89625,131.31,250.0,100.0,0.0,118.68,0,1
17:05:10.145,89725,131.49,250.0,100.0,0.0,118.5,0,1
17:05:10.243,89825,131.68,250.0,100.0,0.0,118.31,0,1
17:05:10.344,89925,131.85,250.0,100.0,0.0,118.14,0,1
17:05:10.444,90025,132.04,250.0,100.0,0.0,117.95,0,1
17:05:10.544,90125,132.22,250.0,100.0,0.0,117.77,0,1
17:05:10.644,90225,132.4,250.0,100.0,0.0,117.59,0,1
17:05:10.757,90325,132.58,250.0,100.0,0.0,117.41,0,1
17:05:10.844,90425,132.77,250.0,100.0,0.0,117.22,0,1
17:05:10.944,90525,132.97,250.0,100.0,0.0,117.02,0,1
17:05:11.044,90625,133.16,250.0,100.0,0.0,116.83,0,1
17:05:11.144,90725,133.33,250.0,100.0,0.0,116.66,0,1
17:05:11.244,90825,133.51,250.0,100.0,0.0,116.48,0,1
17:05:11.348,90925,133.68,250.0,100.0,0.0,116.31,0,1
17:05:11.444,91025,133.86,250.0,100.0,0.0,116.13,0,1
17:05:11.544,91125,134.04,250.0,100.0,0.0,115.95,0,1
17:05:11.645,91225,134.21,250.0,100.0,0.0,115.78,0,1
17:05:11.744,91325,134.39,250.0,100.0,0.0,115.6,0,1
17:05:11.844,91425,134.56,250.0,100.0,0.0,115.43,0,1
17:05:11.944,91525,134.74,250.0,100.0,0.0,115.25,0,1
17:05:12.044,91625,134.94,250.0,100.0,0.0,115.05,0,1
17:05:12.144,91725,135.11,250.0,100.0,0.0,114.88,0,1
17:05:12.243,91825,135.3,250.0,100.0,0.0,114.69,0,1
17:05:12.344,91925,135.48,250.0,100.0,0.0,114.51,0,1
17:05:12.444,92025,135.66,250.0,100.0,0.0,114.33,0,1
17:05:12.544,92125,135.83,250.0,100.0,0.0,114.16,0,1
17:05:12.644,92225,136.02,250.0,100.0,0.0,113.97,0,1
17:05:12.743,92325,136.2,250.0,100.0,0.0,113.79,0,1
17:05:12.844,92425,136.36,250.0,100.0,0.0,113.63,0,1
17:05:12.944,92525,136.55,250.0,100.0,0.0,113.44,0,1
17:05:13.043,92625,136.71,250.0,100.0,0.0,113.28,0,1
17:05:13.144,92725,136.88,250.0,100.0,0.0,113.11,0,1
17:05:13.244,92825,137.05,250.0,100.0,0.0,112.94,0,1
17:05:13.344,92925,137.24,250.0,100.0,0.0,112.75,0,1
17:05:13.444,93025,137.42,250.0,100.0,0.0,112.57,0,1
17:05:13.570,93125,137.61,250.0,100.0,0.0,112.38,0,1
17:05:13.644,93225,137.78,250.0,100.0,0.0,112.21,0,1
17:05:13.744,93325,137.96,250.0,100.0,0.0,112.03,0,1
17:05:13.844,93425,138.16,250.0,100.0,0.0,111.83,0,1
17:05:13.944,93525,138.35,250.0,100.0,0.0,111.64,0,1
17:05:14.044,93625,138.52,250.0,100.0,0.0,111.47,0,1
17:05:14.143,93725,138.7,250.0,100.0,0.0,111.29,0,1
17:05:14.244,93825,138.88,250.0,100.0,0.0,111.11,0,1
17:05:14.343,93925,139.06,250.0,100.0,0.0,110.93,0,1
17:05:14.443,94025,139.22,250.0,100.0,0.0,110.77,0,1
17:05:14.543,94125,139.4,250.0,100.0,0.0,110.59,0,1
17:05:14.643,94225,139.57,250.0,100.0,0.0,110.42,0,1
17:05:14.743,94325,139.74,250.0,100.0,0.0,110.25,0,1
17:05:14.843,94425,139.91,250.0,100.0,0.0,110.08,0,1
17:05:14.943,94525,140.1,250.0,100.0,0.0,109.89,0,1
17:05:15.043,94625,140.28,250.0,100.0,0.0,109.71,0,1
17:05:15.143,94725,140.46,250.0,100.0,0.0,109.53,0,1
17:05:15.255,94825,140.62,250.0,100.0,0.0,109.37,0,1
17:05:15.343,94925,140.8,250.0,100.0,0.0,109.19,0,1
17:05:15.443,95025,140.97,250.0,100.0,0.0,109.02,0,1
17:05:15.543,95125,141.16,250.0,100.0,0.0,108.83,0,1
17:05:15.643,95225,141.33,250.0,100.0,0.0,108.66,0,1
17:05:15.743,95325,141.52,250.0,100.0,0.0,108.47,0,1
17:05:15.842,95425,141.71,250.0,100.0,0.0,108.28,0,1
17:05:15.943,95525,141.89,250.0,100.0,0.0,108.1,0,1
17:05:16.043,95625,142.06,250.0,100.0,0.0,107.93,0,1
17:05:16.143,95725,142.23,250.0,100.0,0.0,107.76,0,1
17:05:16.242,95825,142.41,250.0,100.0,0.0,107.58,0,1
17:05:16.343,95925,142.58,250.0,100.0,0.0,107.41,0,1
17:05:16.443,96025,142.75,250.0,100.0,0.0,107.24,0,1
17:05:16.543,96125,142.92,250.0,100.0,0.0,107.07,0,1
17:05:16.643,96225,143.1,250.0,100.0,0.0,106.89,0,1
17:05:16.742,96325,143.26,250.0,100.0,0.0,106.73,0,1
17:05:16.843,96425,143.45,250.0,100.0,0.0,106.54,0,1
17:05:16.958,96525,143.61,250.0,100.0,0.0,106.38,0,1
17:05:17.043,96625,143.79,250.0,100.0,0.0,106.2,0,1
17:05:17.143,96725,143.96,250.0,100.0,0.0,106.03,0,1
17:05:17.244,96825,144.14,250.0,100.0,0.0,105.85,0,1
17:05:17.343,96925,144.31,250.0,100.0,0.0,105.68,0,1
17:05:17.443,97025,144.47,250.0,100.0,0.0,105.52,0,1
17:05:17.543,97125,144.66,250.0,100.0,0.0,105.33,0,1
17:05:17.643,97225,144.83,250.0,100.0,0.0,105.16,0,1
17:05:17.743,97325,145.0,250.0,100.0,0.0,104.99,0,1
17:05:17.843,97425,145.18,250.0,100.0,0.0,104.81,0,1
17:05:17.943,97525,145.36,250.0,100.0,0.0,104.63,0,1
17:05:18.042,97625,145.53,250.0,100.0,0.0,104.46,0,1
17:05:18.143,97725,145.7,250.0,100.0,0.0,104.29,0,1
17:05:18.243,97825,145.87,250.0,100.0,0.0,104.12,0,1
17:05:18.342,97925,146.05,250.0,100.0,0.0,103.94,0,1
17:05:18.442,98025,146.22,250.0,100.0,0.0,103.77,0,1
17:05:18.542,98125,146.4,250.0,100.0,0.0,103.59,0,1
17:05:18.644,98225,146.57,250.0,100.0,0.0,103.42,0,1
17:05:18.742,98325,146.73,250.0,100.0,0.0,103.26,0,1
17:05:18.842,98425,146.9,250.0,100.0,0.0,103.09,0,1
17:05:18.942,98525,147.08,250.0,100.0,0.0,102.91,0,1
17:05:19.042,98625,147.26,250.0,100.0,0.0,102.73,0,1
17:05:19.142,98725,147.44,250.0,100.0,0.0,102.55,0,1
17:05:19.241,98825,147.61,250.0,100.0,0.0,102.38,0,1
17:05:19.342,98925,147.78,250.0,100.0,0.0,102.21,0,1
17:05:19.441,99025,147.95,250.0,100.0,0.0,102.04,0,1
17:05:19.542,99125,148.12,250.0,100.0,0.0,101.87,0,1
17:05:19.642,99225,148.29,250.0,100.0,0.0,101.7,0,1
17:05:19.742,99325,148.46,250.0,100.0,0.0,101.53,0,1
17:05:19.842,99425,148.63,250.0,100.0,0.0,101.36,0,1
17:05:19.942,99525,148.79,250.0,100.0,0.0,101.2,0,1
17:05:20.042,99625,148.95,250.0,100.0,0.0,101.04,0,1
17:05:20.142,99725,149.12,250.0,100.0,0.0,100.87,0,1
17:05:20.242,99825,149.3,250.0,100.0,0.0,100.69,0,1
17:05:20.344,99925,149.48,250.0,100.0,0.0,100.51,0,1
17:05:20.441,100025,149.64,250.0,100.0,0.0,100.35,0,1
17:05:20.542,100125,149.82,250.0,100.0,0.0,100.17,0,1
17:05:20.642,100225,149.99,250.0,100.0,0.0,100.0,0,1
17:05:20.742,100325,150.16,250.0,100.0,0.0,99.83,0,1
17:05:20.842,100425,150.35,250.0,100.0,0.0,99.64,0,1
17:05:20.942,100525,150.52,250.0,100.0,0.0,99.47,0,1
17:05:21.041,100625,150.7,250.0,100.0,0.0,99.29,0,1
17:05:21.142,100725,150.87,250.0,100.0,0.0,99.12,0,1
17:05:21.243,100825,151.05,250.0,100.0,0.0,98.94,0,1
17:05:21.342,100925,151.23,250.0,100.0,0.0,98.76,0,1
17:05:21.458,101025,151.39,250.0,100.0,0.0,98.6,0,1
17:05:21.542,101125,151.57,250.0,100.0,0.0,98.42,0,1
17:05:21.641,101225,151.73,250.0,100.0,0.0,98.26,0,1
17:05:21.742,101325,151.89,250.0,100.0,0.0,98.1,0,1
17:05:21.842,101425,152.06,250.0,100.0,0.0,97.93,0,1
17:05:21.942,101525,152.24,250.0,100.0,0.0,97.75,0,1
17:05:22.043,101625,152.41,250.0,100.0,0.0,97.58,0,1
17:05:22.142,101725,152.58,250.0,100.0,0.0,97.41,0,1
17:05:22.241,101825,152.75,250.0,100.0,0.0,97.24,0,1
17:05:22.341,101925,152.91,250.0,100.0,0.0,97.08,0,1
17:05:22.441,102025,153.09,250.0,100.0,0.0,96.9,0,1
17:05:22.541,102125,153.26,250.0,100.0,0.0,96.73,0,1
17:05:22.640,102225,153.43,250.0,100.0,0.0,96.56,0,1
17:05:22.740,102325,153.59,250.0,100.0,0.0,96.4,0,1
17:05:22.841,102425,153.75,250.0,100.0,0.0,96.24,0,1
17:05:22.941,102525,153.93,250.0,100.0,0.0,96.06,0,1
17:05:23.040,102625,154.1,250.0,100.0,0.0,95.89,0,1
17:05:23.141,102725,154.26,250.0,100.0,0.0,95.73,0,1
17:05:23.241,102825,154.43,250.0,100.0,0.0,95.56,0,1
17:05:23.341,102925,154.58,250.0,100.0,0.0,95.41,0,1
17:05:23.441,103025,154.74,250.0,100.0,0.0,95.25,0,1
17:05:23.541,103125,154.9,250.0,100.0,0.0,95.09,0,1
17:05:23.641,103225,155.06,250.0,100.0,0.0,94.93,0,1
17:05:23.741,103325,155.22,250.0,100.0,0.0,94.77,0,1
17:05:23.840,103425,155.39,250.0,100.0,0.0,94.6,0,1
17:05:23.940,103525,155.56,250.0,100.0,0.0,94.43,0,1
17:05:24.041,103625,155.73,250.0,100.0,0.0,94.26,0,1
17:05:24.141,103725,155.91,250.0,100.0,0.0,94.08,0,1
17:05:24.249,103825,156.08,250.0,100.0,0.0,93.91,0,1
17:05:24.341,103925,156.24,250.0,100.0,0.0,93.75,0,1
17:05:24.441,104025,156.4,250.0,100.0,0.0,93.59,0,1
17:05:24.540,104125,156.57,250.0,100.0,0.0,93.42,0,1
17:05:24.641,104225,156.74,250.0,100.0,0.0,93.25,0,1
17:05:24.740,104325,156.9,250.0,100.0,0.0,93.09,0,1
17:05:24.840,104425,157.08,250.0,100.0,0.0,92.91,0,1
17:05:24.941,104525,157.23,250.0,100.0,0.0,92.76,0,1
17:05:25.041,104625,157.4,250.0,100.0,0.0,92.59,0,1
17:05:25.141,104725,157.56,250.0,100.0,0.0,92.43,0,1
17:05:25.241,104825,157.73,250.0,100.0,0.0,92.26,0,1
17:05:25.341,104925,157.9,250.0,100.0,0.0,92.09,0,1
17:05:25.441,105025,158.06,250.0,100.0,0.0,91.93,0,1
17:05:25.541,105125,158.22,250.0,100.0,0.0,91.77,0,1
17:05:25.641,105225,158.38,250.0,100.0,0.0,91.61,0,1
17:05:25.741,105325,158.54,250.0,100.0,0.0,91.45,0,1
17:05:25.841,105425,158.7,250.0,100.0,0.0,91.29,0,1
17:05:25.941,105525,158.87,250.0,100.0,0.0,91.12,0,1
17:05:26.041,105625,159.03,250.0,100.0,0.0,90.96,0,1
17:05:26.140,105725,159.21,250.0,100.0,0.0,90.78,0,1
17:05:26.241,105825,159.37,250.0,100.0,0.0,90.62,0,1
17:05:26.340,105925,159.53,250.0,100.0,0.0,90.46,0,1
17:05:26.440,106025,159.7,250.0,100.0,0.0,90.29,0,1
17:05:26.540,106125,159.85,250.0,100.0,0.0,90.14,0,1
17:05:26.640,106225,160.02,250.0,100.0,0.0,89.97,0,1
17:05:26.740,106325,160.18,250.0,100.0,0.0,89.81,0,1
17:05:26.840,106425,160.35,250.0,100.0,0.0,89.64,0,1
17:05:26.940,106525,160.52,250.0,100.0,0.0,89.47,0,1
17:05:27.042,106625,160.69,250.0,100.0,0.0,89.3,0,1
17:05:27.140,106725,160.85,250.0,100.0,0.0,89.14,0,1
17:05:27.239,106825,161.02,250.0,100.0,0.0,88.97,0,1
17:05:27.339,106925,161.18,250.0,100.0,0.0,88.81,0,1
17:05:27.440,107025,161.35,250.0,100.0,0.0,88.64,0,1
17:05:27.540,107125,161.52,250.0,100.0,0.0,88.47,0,1
17:05:27.640,107225,161.68,250.0,100.0,0.0,88.31,0,1
17:05:27.740,107325,161.85,250.0,100.0,0.0,88.14,0,1
17:05:27.840,107425,162.0,250.0,100.0,0.0,87.99,0,1
17:05:27.940,107525,162.17,250.0,100.0,0.0,87.82,0,1
17:05:28.040,107625,160.3,250.0,100.0,0.0,89.69,0,1
17:05:28.152,107725,158.65,250.0,100.0,0.0,91.34,0,1
17:05:28.240,107825,157.17,250.0,100.0,0.0,92.82,0,1
17:05:28.339,107925,155.84,250.0,100.0,0.0,94.15,0,1
17:05:28.440,108025,154.67,250.0,100.0,0.0,95.32,0,1
17:05:28.540,108125,153.63,250.0,100.0,0.0,96.36,0,1
17:05:28.639,108225,152.7,250.0,100.0,0.0,97.29,0,1
17:05:28.739,108325,151.87,250.0,100.0,0.0,98.12,0,1
17:05:28.839,108425,151.15,250.0,100.0,0.0,98.84,0,1
17:05:28.939,108525,150.5,250.0,100.0,0.0,99.49,0,1
17:05:29.040,108625,149.94,250.0,100.0,0.0,100.05,0,1
17:05:29.140,108725,149.45,250.0,100.0,0.0,100.54,0,1
17:05:29.240,108825,149.02,250.0,100.0,0.0,100.97,0,1
17:05:29.339,108925,148.65,250.0,100.0,0.0,101.34,0,1
17:05:29.440,109025,148.33,250.0,100.0,0.0,101.66,0,1
17:05:29.540,109125,148.05,250.0,100.0,0.0,101.94,0,1
17:05:29.639,109225,147.8,250.0,100.0,0.0,102.19,0,1
17:05:29.740,109325,147.6,250.0,100.0,0.0,102.39,0,1
17:05:29.856,109425,147.43,250.0,100.0,0.0,102.56,0,1
17:05:29.940,109525,147.3,250.0,100.0,0.0,102.69,0,1
17:05:30.040,109625,147.19,250.0,100.0,0.0,102.8,0,1
17:05:30.140,109725,147.11,250.0,100.0,0.0,102.88,0,1
17:05:30.240,109825,147.05,250.0,100.0,0.0,102.94,0,1
17:05:30.340,109925,147.0,250.0,100.0,0.0,102.99,0,1
17:05:30.439,110025,146.98,250.0,100.0,0.0,103.01,0,1
17:05:30.540,110125,146.96,250.0,100.0,0.0,103.03,0,1
17:05:30.639,110225,146.96,250.0,100.0,0.0,103.03,0,1
17:05:30.739,110325,146.97,250.0,100.0,0.0,103.02,0,1
17:05:30.839,110425,146.99,250.0,100.0,0.0,103.0,0,1
17:05:30.939,110525,147.03,250.0,100.0,0.0,102.96,0,1
17:05:31.039,110625,147.07,250.0,100.0,0.0,102.92,0,1
17:05:31.138,110725,147.11,250.0,100.0,0.0,102.88,0,1
17:05:31.239,110825,147.17,250.0,100.0,0.0,102.82,0,1
17:05:31.338,110925,147.24,250.0,100.0,0.0,102.75,0,1
17:05:31.439,111025,147.31,250.0,100.0,0.0,102.68,0,1
17:05:31.539,111125,147.4,250.0,100.0,0.0,102.59,0,1
17:05:31.639,111225,147.48,250.0,100.0,0.0,102.51,0,1
17:05:31.739,111325,147.56,250.0,100.0,0.0,102.43,0,1
17:05:31.839,111425,147.66,250.0,100.0,0.0,102.33,0,1
17:05:31.939,111525,147.75,250.0,100.0,0.0,102.24,0,1
17:05:32.039,111625,147.85,250.0,100.0,0.0,102.14,0,1
17:05:32.139,111725,147.96,250.0,100.0,0.0,102.03,0,1
17:05:32.239,111825,148.06,250.0,100.0,0.0,101.93,0,1
17:05:32.338,111925,148.17,250.0,100.0,0.0,101.82,0,1
17:05:32.438,112025,148.28,250.0,100.0,0.0,101.71,0,1
17:05:32.539,112125,148.4,250.0,100.0,0.0,101.59,0,1
17:05:32.646,112225,148.5,250.0,100.0,0.0,101.49,0,1
17:05:32.739,112325,148.61,250.0,100.0,0.0,101.38,0,1
17:05:32.839,112425,148.72,250.0,100.0,0.0,101.27,0,1
17:05:32.939,112525,148.84,250.0,100.0,0.0,101.15,0,1
17:05:33.039,112625,148.96,250.0,100.0,0.0,101.03,0,1
17:05:33.139,112725,149.07,250.0,100.0,0.0,100.92,0,1
17:05:33.239,112825,149.19,250.0,100.0,0.0,100.8,0,1
17:05:33.339,112925,149.31,250.0,100.0,0.0,100.68,0,1
17:05:33.439,113025,149.43,250.0,100.0,0.0,100.56,0,1
17:05:33.538,113125,149.55,250.0,100.0,0.0,100.44,0,1
17:05:33.639,113225,149.69,250.0,100.0,0.0,100.3,0,1
17:05:33.739,113325,149.81,250.0,100.0,0.0,100.18,0,1
17:05:33.839,113425,149.93,250.0,100.0,0.0,100.06,0,1
17:05:33.938,113525,150.05,250.0,100.0,0.0,99.94,0,1
17:05:34.039,113625,150.17,250.0,100.0,0.0,99.82,0,1
17:05:34.139,113725,150.28,250.0,100.0,0.0,99.71,0,1
17:05:34.238,113825,150.41,250.0,100.0,0.0,99.58,0,1
17:05:34.338,113925,150.53,250.0,100.0,0.0,99.46,0,1
17:05:34.437,114025,150.66,250.0,100.0,0.0,99.33,0,1
17:05:34.538,114125,150.79,250.0,100.0,0.0,99.2,0,1
17:05:34.638,114225,150.91,250.0,100.0,0.0,99.08,0,1
17:05:34.738,114325,151.04,250.0,100.0,0.0,98.95,0,1
17:05:34.843,114425,151.17,250.0,100.0,0.0,98.82,0,1
17:05:34.938,114525,151.29,250.0,100.0,0.0,98.7,0,1
17:05:35.038,114625,151.41,250.0,100.0,0.0,98.58,0,1
17:05:35.138,114725,151.55,250.0,100.0,0.0,98.44,0,1
17:05:35.238,114825,151.67,250.0,100.0,0.0,98.32,0,1
17:05:35.338,114925,151.78,250.0,100.0,0.0,98.21,0,1
17:05:35.438,115025,151.9,250.0,100.0,0.0,98.09,0,1
17:05:35.538,115125,152.03,250.0,100.0,0.0,97.96,0,1
17:05:35.638,115225,152.16,250.0,100.0,0.0,97.83,0,1
17:05:35.738,115325,152.28,250.0,100.0,0.0,97.71,0,1
17:05:35.838,115425,152.4,250.0,100.0,0.0,97.59,0,1
17:05:35.964,115525,152.52,250.0,100.0,0.0,97.47,0,1
17:05:36.037,115625,152.63,250.0,100.0,0.0,97.36,0,1
17:05:36.138,115725,152.76,250.0,100.0,0.0,97.23,0,1
17:05:36.238,115825,152.88,250.0,100.0,0.0,97.11,0,1
17:05:37.160,116747,153.0,250.0,100.0,0.0,96.99,0,1
17:05:37.237,116825,153.21,250.0,100.0,0.0,96.78,0,1
17:05:37.337,116925,153.42,250.0,100.0,0.0,96.57,0,1
17:05:37.438,117025,153.62,250.0,100.0,0.0,96.37,0,1
17:05:37.537,117125,153.82,250.0,100.0,0.0,96.17,0,1
17:05:37.638,117225,154.01,250.0,100.0,0.0,95.98,0,1
17:05:37.737,117325,154.19,250.0,100.0,0.0,95.8,0,1
17:05:37.838,117425,154.36,250.0,100.0,0.0,95.63,0,1
17:05:37.938,117525,154.53,250.0,100.0,0.0,95.46,0,1
17:05:38.038,117625,154.68,250.0,100.0,0.0,95.31,0,1
17:05:38.138,117725,154.84,250.0,100.0,0.0,95.15,0,1
17:05:38.261,117825,155.0,250.0,100.0,0.0,94.99,0,1
17:05:38.338,117925,155.16,250.0,100.0,0.0,94.83,0,1
17:05:38.436,118025,155.31,250.0,100.0,0.0,94.68,0,1
17:05:38.537,118125,155.46,250.0,100.0,0.0,94.53,0,1
17:05:38.638,118225,155.6,250.0,100.0,0.0,94.39,0,1
17:05:38.737,118325,155.74,250.0,100.0,0.0,94.25,0,1
17:05:38.837,118425,155.86,250.0,100.0,0.0,94.13,0,1
17:05:38.937,118525,156.0,250.0,100.0,0.0,93.99,0,1
17:05:39.037,118625,156.14,250.0,100.0,0.0,93.85,0,1
17:05:39.137,118725,156.25,250.0,100.0,0.0,93.74,0,1
17:05:39.237,118825,156.38,250.0,100.0,0.0,93.61,0,1
17:05:39.337,118925,156.51,250.0,100.0,0.0,93.48,0,1
17:05:39.437,119025,156.65,250.0,100.0,0.0,93.34,0,1
17:05:39.537,119125,156.77,250.0,100.0,0.0,93.22,0,1
17:05:39.638,119225,156.9,250.0,100.0,0.0,93.09,0,1
17:05:39.736,119325,157.03,250.0,100.0,0.0,92.96,0,1
17:05:39.836,119425,157.15,250.0,100.0,0.0,92.84,0,1
17:05:39.946,119525,157.28,250.0,100.0,0.0,92.71,0,1
17:05:40.037,119625,157.4,250.0,100.0,0.0,92.59,0,1
17:05:40.137,119725,157.52,250.0,100.0,0.0,92.47,0,1
17:05:40.236,119825,157.64,250.0,100.0,0.0,92.35,0,1
17:05:40.338,119925,157.76,250.0,100.0,0.0,92.23,0,1
17:05:40.437,120025,157.88,250.0,100.0,0.0,92.11,0,1
17:05:40.537,120125,158.0,250.0,100.0,0.0,91.99,0,1
17:05:40.637,120225,158.14,250.0,100.0,0.0,91.85,0,1
17:05:40.737,120325,158.25,250.0,100.0,0.0,91.74,0,1
17:05:40.838,120425,158.36,250.0,100.0,0.0,91.63,0,1
17:05:40.937,120525,158.48,250.0,100.0,0.0,91.51,0,1
17:05:41.037,120625,158.6,250.0,100.0,0.0,91.39,0,1
17:05:41.137,120725,158.73,250.0,100.0,0.0,91.26,0,1
17:05:41.237,120825,158.84,250.0,100.0,0.0,91.15,0,1
17:05:41.337,120925,158.95,250.0,100.0,0.0,91.04,0,1
17:05:41.437,121025,159.08,250.0,100.0,0.0,90.91,0,1
17:05:41.536,121125,159.2,250.0,100.0,0.0,90.79,0,1
17:05:41.638,121225,159.32,250.0,100.0,0.0,90.67,0,1
17:05:41.737,121325,159.45,250.0,100.0,0.0,90.54,0,1
17:05:41.837,121425,159.57,250.0,100.0,0.0,90.42,0,1
17:05:41.937,121525,159.69,250.0,100.0,0.0,90.3,0,1
17:05:42.036,121625,159.8,250.0,100.0,0.0,90.19,0,1
17:05:42.137,121725,159.93,250.0,100.0,0.0,90.06,0,1
17:05:42.236,121825,160.04,250.0,100.0,0.0,89.95,0,1
17:05:42.336,121925,160.15,250.0,100.0,0.0,89.84,0,1
17:05:42.436,122025,160.27,250.0,100.0,0.0,89.72,0,1
17:05:42.536,122125,160.4,250.0,100.0,0.0,89.59,0,1
17:05:42.636,122225,160.51,250.0,100.0,0.0,89.48,0,1
17:05:42.765,122325,160.64,250.0,100.0,0.0,89.35,0,1
17:05:42.835,122425,160.76,250.0,100.0,0.0,89.23,0,1
17:05:42.936,122525,160.88,250.0,100.0,0.0,89.11,0,1
17:05:43.036,122625,161.0,250.0,100.0,0.0,88.99,0,1
17:05:43.136,122725,161.11,250.0,100.0,0.0,88.88,0,1
17:05:43.236,122825,161.23,250.0,100.0,0.0,88.76,0,1
17:05:43.353,122925,161.35,250.0,100.0,0.0,88.64,0,1
17:05:43.435,123025,161.46,250.0,100.0,0.0,88.53,0,1
17:05:43.536,123125,161.58,250.0,100.0,0.0,88.41,0,1
17:05:43.636,123225,161.7,250.0,100.0,0.0,88.29,0,1
17:05:43.736,123325,161.82,250.0,100.0,0.0,88.17,0,1
17:05:43.835,123425,161.93,250.0,100.0,0.0,88.06,0,1
17:05:43.943,123525,162.06,250.0,100.0,0.0,87.93,0,1
17:05:44.036,123625,162.18,250.0,100.0,0.0,87.81,0,1
17:05:44.135,123725,162.3,250.0,100.0,0.0,87.69,0,1
17:05:44.236,123825,162.42,250.0,100.0,0.0,87.57,0,1
17:05:44.336,123925,162.53,250.0,100.0,0.0,87.46,0,1
17:05:44.435,124025,162.65,250.0,100.0,0.0,87.34,0,1
17:05:44.536,124125,162.77,250.0,100.0,0.0,87.22,0,1
17:05:44.636,124225,162.9,250.0,100.0,0.0,87.09,0,1
17:05:44.736,124325,163.02,250.0,100.0,0.0,86.97,0,1
17:05:44.836,124425,163.14,250.0,100.0,0.0,86.85,0,1
17:05:44.936,124525,163.26,250.0,100.0,0.0,86.73,0,1
17:05:45.064,124625,163.38,250.0,100.0,0.0,86.61,0,1
17:05:45.136,124725,163.49,250.0,100.0,0.0,86.5,0,1
17:05:45.236,124825,163.61,250.0,100.0,0.0,86.38,0,1
17:05:45.336,124925,163.73,250.0,100.0,0.0,86.26,0,1
17:05:45.435,125025,163.85,250.0,100.0,0.0,86.14,0,1
17:05:45.535,125125,163.96,250.0,100.0,0.0,86.03,0,1
17:05:45.650,125225,164.08,250.0,100.0,0.0,85.91,0,1
17:05:45.736,125325,164.2,250.0,100.0,0.0,85.79,0,1
17:05:45.836,125425,164.32,250.0,100.0,0.0,85.67,0,1
17:05:45.935,125525,164.44,250.0,100.0,0.0,85.55,0,1
17:05:46.036,125625,164.56,250.0,100.0,0.0,85.43,0,1
17:05:46.136,125725,164.69,250.0,100.0,0.0,85.3,0,1
17:05:46.236,125825,164.8,250.0,100.0,0.0,85.19,0,1
17:05:46.335,125925,164.93,250.0,100.0,0.0,85.06,0,1
17:05:46.435,126025,165.04,250.0,100.0,0.0,84.95,0,1
17:05:46.535,126125,165.16,250.0,100.0,0.0,84.83,0,1
17:05:46.635,126225,165.28,250.0,100.0,0.0,84.71,0,1
17:05:46.735,126325,165.4,250.0,100.0,0.0,84.59,0,1
17:05:46.835,126425,165.51,250.0,100.0,0.0,84.48,0,1
17:05:46.934,126525,165.62,250.0,100.0,0.0,84.37,0,1
17:05:47.035,126625,165.74,250.0,100.0,0.0,84.25,0,1
17:05:47.134,126725,165.86,250.0,100.0,0.0,84.13,0,1
17:05:47.235,126825,165.99,250.0,100.0,0.0,84.0,0,1
17:05:47.338,126925,166.11,250.0,100.0,0.0,83.88,0,1
17:05:47.435,127025,166.23,250.0,100.0,0.0,83.76,0,1
17:05:47.535,127125,166.33,250.0,100.0,0.0,83.66,0,1
17:05:47.635,127225,166.44,250.0,100.0,0.0,83.55,0,1
17:05:47.735,127325,166.56,250.0,100.0,0.0,83.43,0,1
17:05:47.835,127425,166.68,250.0,100.0,0.0,83.31,0,1
17:05:47.935,127525,166.8,250.0,100.0,0.0,83.19,0,1
17:05:48.035,127625,166.93,250.0,100.0,0.0,83.06,0,1
17:05:48.135,127725,167.06,250.0,100.0,0.0,82.93,0,1
17:05:48.234,127825,167.17,250.0,100.0,0.0,82.82,0,1
17:05:48.335,127925,167.29,250.0,100.0,0.0,82.7,0,1
17:05:48.445,128025,167.4,250.0,100.0,0.0,82.59,0,1
17:05:48.535,128125,167.52,250.0,100.0,0.0,82.47,0,1
17:05:48.635,128225,167.64,250.0,100.0,0.0,82.35,0,1
17:05:48.735,128325,167.76,250.0,100.0,0.0,82.23,0,1
17:05:48.835,128425,167.87,250.0,100.0,0.0,82.12,0,1
17:05:48.934,128525,167.99,250.0,100.0,0.0,82.0,0,1
17:05:49.035,128625,168.11,250.0,100.0,0.0,81.88,0,1
17:05:49.135,128725,168.24,250.0,100.0,0.0,81.75,0,1
17:05:49.235,128825,168.36,250.0,100.0,0.0,81.63,0,1
17:05:49.335,128925,168.47,250.0,100.0,0.0,81.52,0,1
17:05:49.434,129025,168.6,250.0,100.0,0.0,81.39,0,1
17:05:49.535,129125,168.72,250.0,100.0,0.0,81.27,0,1
17:05:49.634,129225,168.82,250.0,100.0,0.0,81.17,0,1
17:05:49.735,129325,168.92,250.0,100.0,0.0,81.07,0,1
17:05:49.835,129425,169.03,250.0,100.0,0.0,80.96,0,1
17:05:49.934,129525,169.14,250.0,100.0,0.0,80.85,0,1
17:05:50.035,129625,169.25,250.0,100.0,0.0,80.74,0,1
17:05:50.135,129725,169.37,250.0,100.0,0.0,80.62,0,1
17:05:50.234,129825,169.47,250.0,100.0,0.0,80.52,0,1
17:05:50.334,129925,169.6,250.0,100.0,0.0,80.39,0,1
17:05:50.434,130025,169.72,250.0,100.0,0.0,80.27,0,1
17:05:50.534,130125,169.84,250.0,100.0,0.0,80.15,0,1
17:05:50.634,130225,169.96,250.0,100.0,0.0,80.03,0,1
17:05:50.733,130325,170.07,250.0,100.0,0.0,79.92,0,1
17:05:50.834,130425,170.18,250.0,100.0,0.0,79.81,0,1
17:05:50.934,130525,170.3,250.0,100.0,0.0,79.69,0,1
17:05:51.034,130625,170.42,250.0,100.0,0.0,79.57,0,1
17:05:51.134,130725,170.53,250.0,100.0,0.0,79.46,0,1
17:05:51.250,130825,170.65,250.0,100.0,0.0,79.34,0,1
17:05:51.335,130925,170.77,250.0,100.0,0.0,79.22,0,1
17:05:51.433,131025,170.9,250.0,100.0,0.0,79.09,0,1
17:05:51.534,131125,171.01,250.0,100.0,0.0,78.98,0,1
17:05:51.634,131225,171.13,250.0,100.0,0.0,78.86,0,1
17:05:51.734,131325,171.23,250.0,100.0,0.0,78.76,0,1
17:05:51.841,131425,171.33,250.0,100.0,0.0,78.66,0,1
17:05:51.934,131525,171.45,250.0,100.0,0.0,78.54,0,1
17:05:52.034,131625,171.55,250.0,100.0,0.0,78.44,0,1
17:05:52.134,131725,171.67,250.0,100.0,0.0,78.32,0,1
17:05:52.234,131825,171.79,250.0,100.0,0.0,78.2,0,1
17:05:52.334,131925,171.91,250.0,100.0,0.0,78.08,0,1
17:05:52.434,132025,172.03,250.0,100.0,0.0,77.96,0,1
17:05:52.534,132125,172.14,250.0,100.0,0.0,77.85,0,1
17:05:52.634,132225,172.25,250.0,100.0,0.0,77.74,0,1
17:05:52.734,132325,172.36,250.0,100.0,0.0,77.63,0,1
17:05:52.834,132425,172.46,250.0,100.0,0.0,77.53,0,1
17:05:52.935,132525,172.59,250.0,100.0,0.0,77.4,0,1
17:05:53.034,132625,172.71,250.0,100.0,0.0,77.28,0,1
17:05:53.134,132725,172.81,250.0,100.0,0.0,77.18,0,1
17:05:53.234,132825,172.92,250.0,100.0,0.0,77.07,0,1
17:05:53.334,132925,173.04,250.0,100.0,0.0,76.95,0,1
17:05:53.434,133025,173.15,250.0,100.0,0.0,76.84,0,1
17:05:53.534,133125,173.26,250.0,100.0,0.0,76.73,0,1
17:05:53.634,133225,173.37,250.0,100.0,0.0,76.62,0,1
17:05:53.734,133325,173.49,250.0,100.0,0.0,76.5,0,1
17:05:53.833,133425,173.6,250.0,100.0,0.0,76.39,0,1
17:05:53.934,133525,173.71,250.0,100.0,0.0,76.28,0,1
17:05:54.048,133625,173.81,250.0,100.0,0.0,76.18,0,1
17:05:54.134,133725,173.92,250.0,100.0,0.0,76.07,0,1
17:05:54.233,133825,174.04,250.0,100.0,0.0,75.95,0,1
17:05:54.334,133925,174.17,250.0,100.0,0.0,75.82,0,1
17:05:54.433,134025,174.29,250.0,100.0,0.0,75.7,0,1
17:05:54.532,134125,174.42,250.0,100.0,0.0,75.57,0,1
17:05:54.636,134225,174.53,250.0,100.0,0.0,75.46,0,1
17:05:54.733,134325,174.64,250.0,100.0,0.0,75.35,0,1
17:05:54.833,134425,174.76,250.0,100.0,0.0,75.23,0,1
17:05:54.932,134525,174.89,250.0,100.0,0.0,75.1,0,1
17:05:55.033,134625,175.0,250.0,100.0,0.0,74.99,0,1
17:05:55.133,134725,175.11,250.0,100.0,0.0,74.88,0,1
17:05:55.233,134825,175.22,250.0,100.0,0.0,74.77,0,1
17:05:55.333,134925,175.33,250.0,100.0,0.0,74.66,0,1
17:05:55.433,135025,175.46,250.0,100.0,0.0,74.53,0,1
17:05:55.533,135125,175.56,250.0,100.0,0.0,74.43,0,1
17:05:55.633,135225,175.66,250.0,100.0,0.0,74.33,0,1
17:05:55.745,135325,175.78,250.0,100.0,0.0,74.21,0,1
17:05:55.833,135425,175.89,250.0,100.0,0.0,74.1,0,1
17:05:55.932,135525,176.0,250.0,100.0,0.0,73.99,0,1
17:05:56.032,135625,176.11,250.0,100.0,0.0,73.88,0,1
17:05:56.133,135725,176.23,250.0,100.0,0.0,73.76,0,1
17:05:56.233,135825,176.35,250.0,100.0,0.0,73.64,0,1
17:05:56.333,135925,176.47,250.0,100.0,0.0,73.52,0,1
17:05:56.433,136025,176.59,250.0,100.0,0.0,73.4,0,1
17:05:56.533,136125,176.7,250.0,100.0,0.0,73.29,0,1
17:05:56.633,136225,176.83,250.0,100.0,0.0,73.16,0,1
17:05:56.733,136325,176.94,250.0,100.0,0.0,73.05,0,1
17:05:56.833,136425,177.05,250.0,100.0,0.0,72.94,0,1
17:05:56.933,136525,177.16,250.0,100.0,0.0,72.83,0,1
17:05:57.033,136625,177.28,250.0,100.0,0.0,72.71,0,1
17:05:57.133,136725,177.4,250.0,100.0,0.0,72.59,0,1
17:05:57.233,136825,177.5,250.0,100.0,0.0,72.49,0,1
17:05:57.333,136925,177.61,250.0,100.0,0.0,72.38,0,1
17:05:57.433,137025,177.74,250.0,100.0,0.0,72.25,0,1
17:05:57.533,137125,177.85,250.0,100.0,0.0,72.14,0,1
17:05:57.632,137225,177.95,250.0,100.0,0.0,72.04,0,1
17:05:57.733,137325,178.08,250.0,100.0,0.0,71.91,0,1
17:05:57.832,137425,178.19,250.0,100.0,0.0,71.8,0,1
17:05:57.955,137525,178.29,250.0,100.0,0.0,71.7,0,1
17:05:58.033,137625,178.4,250.0,100.0,0.0,71.59,0,1
17:05:58.132,137725,178.51,250.0,100.0,0.0,71.48,0,1
17:05:58.232,137825,178.61,250.0,100.0,0.0,71.38,0,1
17:05:58.333,137925,178.72,250.0,100.0,0.0,71.27,0,1
17:05:58.432,138025,178.82,250.0,100.0,0.0,71.17,0,1
17:05:58.531,138125,178.94,250.0,100.0,0.0,71.05,0,1
17:05:58.632,138225,179.06,250.0,100.0,0.0,70.93,0,1
17:05:58.732,138325,179.18,250.0,100.0,0.0,70.81,0,1
17:05:58.832,138425,179.29,250.0,100.0,0.0,70.7,0,1
17:05:58.932,138525,179.4,250.0,100.0,0.0,70.59,0,1
17:05:59.032,138625,179.51,250.0,100.0,0.0,70.48,0,1
17:05:59.131,138725,179.63,250.0,100.0,0.0,70.36,0,1
17:05:59.232,138825,179.74,250.0,100.0,0.0,70.25,0,1
17:05:59.331,138925,179.84,250.0,100.0,0.0,70.15,0,1
17:05:59.432,139025,179.95,250.0,100.0,0.0,70.04,0,1
17:05:59.532,139125,180.06,250.0,100.0,0.0,69.93,0,1
17:05:59.639,139225,180.17,250.0,100.0,0.0,69.82,0,1
17:05:59.732,139325,180.29,250.0,100.0,0.0,69.7,0,1
17:05:59.832,139425,180.39,250.0,100.0,0.0,69.6,0,1
17:05:59.932,139525,180.51,250.0,100.0,0.0,69.48,0,1
17:06:00.033,139625,180.62,250.0,100.0,0.0,69.37,0,1
17:06:00.131,139725,180.74,250.0,100.0,0.0,69.25,0,1
17:06:00.232,139825,180.85,250.0,100.0,0.0,69.14,0,1
17:06:00.332,139925,180.97,250.0,100.0,0.0,69.02,0,1
17:06:00.432,140025,181.09,250.0,100.0,0.0,68.9,0,1
17:06:00.532,140125,181.2,250.0,100.0,0.0,68.79,0,1
17:06:00.632,140225,181.3,250.0,100.0,0.0,68.69,0,1
17:06:00.746,140325,181.41,250.0,100.0,0.0,68.58,0,1
17:06:00.832,140425,181.51,250.0,100.0,0.0,68.48,0,1
17:06:00.932,140525,181.63,250.0,100.0,0.0,68.36,0,1
17:06:01.031,140625,181.73,250.0,100.0,0.0,68.26,0,1
17:06:01.132,140725,181.84,250.0,100.0,0.0,68.15,0,1
17:06:01.232,140825,181.94,250.0,100.0,0.0,68.05,0,1
17:06:01.332,140925,182.06,250.0,100.0,0.0,67.93,0,1
17:06:01.431,141025,182.17,250.0,100.0,0.0,67.82,0,1
17:06:01.532,141125,182.28,250.0,100.0,0.0,67.71,0,1
17:06:01.632,141225,182.39,250.0,100.0,0.0,67.6,0,1
17:06:01.731,141325,182.5,250.0,100.0,0.0,67.49,0,1
17:06:01.840,141425,182.62,250.0,100.0,0.0,67.37,0,1
17:06:01.932,141525,182.71,250.0,100.0,0.0,67.28,0,1
17:06:02.031,141625,182.82,250.0,100.0,0.0,67.17,0,1
17:06:02.131,141725,182.92,250.0,100.0,0.0,67.07,0,1
17:06:02.231,141825,183.02,250.0,100.0,0.0,66.97,0,1
17:06:02.332,141925,183.14,250.0,100.0,0.0,66.85,0,1
17:06:02.430,142025,183.25,250.0,100.0,0.0,66.74,0,1
17:06:02.531,142125,183.37,250.0,100.0,0.0,66.62,0,1
17:06:02.632,142225,183.5,250.0,100.0,0.0,66.49,0,1
17:06:02.730,142325,183.61,250.0,100.0,0.0,66.38,0,1
17:06:02.831,142425,183.72,250.0,100.0,0.0,66.27,0,1
17:06:02.931,142525,183.83,250.0,100.0,0.0,66.16,0,1
17:06:03.031,142625,183.94,250.0,100.0,0.0,66.05,0,1
17:06:03.131,142725,184.05,250.0,100.0,0.0,65.94,0,1
17:06:03.231,142825,184.14,250.0,100.0,0.0,65.85,0,1
17:06:03.330,142925,184.26,250.0,100.0,0.0,65.73,0,1
17:06:03.431,143025,184.37,250.0,100.0,0.0,65.62,0,1
17:06:03.532,143125,184.47,250.0,100.0,0.0,65.52,0,1
17:06:03.631,143225,184.59,250.0,100.0,0.0,65.4,0,1
17:06:03.731,143325,184.71,250.0,100.0,0.0,65.28,0,1
17:06:03.832,143425,184.84,250.0,100.0,0.0,65.15,0,1
17:06:03.931,143525,184.94,250.0,100.0,0.0,65.05,0,1
17:06:04.031,143625,185.04,250.0,100.0,0.0,64.95,0,1
17:06:04.131,143725,185.14,250.0,100.0,0.0,64.85,0,1
17:06:04.231,143825,185.25,250.0,100.0,0.0,64.74,0,1
17:06:04.331,143925,185.36,250.0,100.0,0.0,64.63,0,1
17:06:04.431,144025,185.47,250.0,100.0,0.0,64.52,0,1
17:06:04.530,144125,185.59,250.0,100.0,0.0,64.4,0,1
17:06:04.635,144225,185.71,250.0,100.0,0.0,64.28,0,1
17:06:04.731,144325,185.81,250.0,100.0,0.0,64.18,0,1
17:06:04.831,144425,185.91,250.0,100.0,0.0,64.08,0,1
17:06:04.931,144525,186.02,250.0,100.0,0.0,63.97,0,1
17:06:05.031,144625,186.13,250.0,100.0,0.0,63.86,0,1
17:06:05.131,144725,186.24,250.0,100.0,0.0,63.75,0,1
17:06:05.231,144825,186.35,250.0,100.0,0.0,63.64,0,1
17:06:05.331,144925,186.35,250.0,100.0,0.0,63.64,0,1
17:06:05.352,144946,186.35,250.0,100.0,0.0,63.64,0,1
17:06:05.431,145025,186.48,250.0,100.0,0.0,63.51,0,1
17:06:05.531,145125,186.6,250.0,100.0,0.0,63.39,0,1
17:06:05.631,145225,186.6,250.0,100.0,0.0,63.39,0,1
17:06:05.652,145246,186.72,250.0,100.0,0.0,63.27,0,1
17:06:05.752,145325,186.83,250.0,100.0,0.0,63.16,0,1
17:06:05.831,145425,186.95,250.0,100.0,0.0,63.04,0,1
17:06:05.931,145525,187.04,250.0,100.0,0.0,62.95,0,1
17:06:06.030,145625,187.04,250.0,100.0,0.0,62.95,0,1
17:06:06.052,145646,187.16,250.0,100.0,0.0,62.83,0,1
17:06:06.131,145725,187.27,250.0,100.0,0.0,62.72,0,1
17:06:06.231,145825,187.38,250.0,100.0,0.0,62.61,0,1
17:06:06.333,145925,187.49,250.0,100.0,0.0,62.5,0,1
17:06:06.431,146025,187.6,250.0,100.0,0.0,62.39,0,1
17:06:06.530,146125,187.71,250.0,100.0,0.0,62.28,0,1
17:06:06.629,146225,187.82,250.0,100.0,0.0,62.17,0,1
17:06:06.730,146325,187.93,250.0,100.0,0.0,62.06,0,1
17:06:06.830,146425,188.03,250.0,100.0,0.0,61.96,0,1
17:06:06.929,146525,188.14,250.0,100.0,0.0,61.85,0,1
17:06:07.030,146625,188.24,250.0,100.0,0.0,61.75,0,1
17:06:07.130,146725,188.35,250.0,100.0,0.0,61.64,0,1
17:06:07.229,146825,188.46,250.0,100.0,0.0,61.53,0,1
17:06:07.330,146925,188.57,250.0,100.0,0.0,61.42,0,1
17:06:07.465,147025,188.68,250.0,100.0,0.0,61.31,0,1
17:06:07.530,147125,188.8,250.0,100.0,0.0,61.19,0,1
17:06:07.630,147225,188.9,250.0,100.0,0.0,61.09,0,1
17:06:07.729,147325,189.01,250.0,100.0,0.0,60.98,0,1
17:06:07.830,147425,189.12,250.0,100.0,0.0,60.87,0,1
17:06:07.930,147525,189.22,250.0,100.0,0.0,60.77,0,1
17:06:08.031,147625,189.32,250.0,100.0,0.0,60.67,0,1
17:06:08.130,147725,189.43,250.0,100.0,0.0,60.56,0,1
17:06:08.230,147825,189.53,250.0,100.0,0.0,60.46,0,1
17:06:08.330,147925,189.64,250.0,100.0,0.0,60.35,0,1
17:06:08.430,148025,189.74,250.0,100.0,0.0,60.25,0,1
17:06:08.530,148125,189.85,250.0,100.0,0.0,60.14,0,1
17:06:08.630,148225,189.94,250.0,100.0,0.0,60.05,0,1
17:06:08.730,148325,190.05,250.0,100.0,0.0,59.94,0,1
17:06:08.830,148425,190.16,250.0,100.0,0.0,59.83,0,1
17:06:08.930,148525,190.26,250.0,100.0,0.0,59.73,0,1
17:06:09.030,148625,190.34,250.0,100.0,0.0,59.65,0,1
17:06:09.145,148725,190.45,250.0,100.0,0.0,59.54,0,1
17:06:09.229,148825,190.56,250.0,100.0,0.0,59.43,0,1
17:06:09.330,148925,190.67,250.0,100.0,0.0,59.32,0,1
17:06:09.430,149025,190.78,250.0,100.0,0.0,59.21,0,1
17:06:09.530,149125,190.88,250.0,100.0,0.0,59.11,0,1
17:06:09.630,149225,190.97,250.0,100.0,0.0,59.02,0,1
17:06:09.729,149325,191.08,250.0,100.0,0.0,58.91,0,1
17:06:09.830,149425,191.19,250.0,100.0,0.0,58.8,0,1
17:06:09.930,149525,191.29,250.0,100.0,0.0,58.7,0,1
17:06:10.030,149625,191.4,250.0,100.0,0.0,58.59,0,1
17:06:10.129,149725,191.51,250.0,100.0,0.0,58.48,0,1
17:06:10.230,149825,191.61,250.0,100.0,0.0,58.38,0,1
17:06:10.330,149925,191.72,250.0,100.0,0.0,58.27,0,1
17:06:10.430,150025,191.82,250.0,100.0,0.0,58.17,0,1
17:06:10.529,150125,191.82,250.0,100.0,0.0,58.17,0,1
17:06:10.551,150146,191.94,250.0,100.0,0.0,58.05,0,1
17:06:10.629,150225,192.05,250.0,100.0,0.0,57.94,0,1
17:06:10.729,150325,192.15,250.0,100.0,0.0,57.84,0,1
17:06:10.831,150425,192.25,250.0,100.0,0.0,57.74,0,1
17:06:10.929,150525,192.35,250.0,100.0,0.0,57.64,0,1
17:06:11.029,150625,192.45,250.0,100.0,0.0,57.54,0,1
17:06:11.129,150725,192.55,250.0,100.0,0.0,57.44,0,1
17:06:11.229,150825,192.68,250.0,100.0,0.0,57.31,0,1
17:06:11.329,150925,192.79,250.0,100.0,0.0,57.2,0,1
17:06:11.429,151025,192.9,250.0,100.0,0.0,57.09,0,1
17:06:11.529,151125,193.0,250.0,100.0,0.0,56.99,0,1
17:06:11.629,151225,193.1,250.0,100.0,0.0,56.89,0,1
17:06:11.729,151325,193.21,250.0,100.0,0.0,56.78,0,1
17:06:11.829,151425,193.33,250.0,100.0,0.0,56.66,0,1
17:06:11.952,151525,193.42,250.0,100.0,0.0,56.57,0,1
17:06:12.029,151625,193.53,250.0,100.0,0.0,56.46,0,1
17:06:12.129,151725,193.62,250.0,100.0,0.0,56.37,0,1
17:06:12.229,151825,193.72,250.0,100.0,0.0,56.27,0,1
17:06:12.329,151925,193.83,250.0,100.0,0.0,56.16,0,1
17:06:12.428,152025,193.94,250.0,100.0,0.0,56.05,0,1
17:06:12.534,152125,193.94,250.0,100.0,0.0,56.05,0,1
17:06:12.553,152146,194.06,250.0,100.0,0.0,55.93,0,1
17:06:12.629,152225,194.17,250.0,100.0,0.0,55.82,0,1
17:06:12.729,152325,194.26,250.0,100.0,0.0,55.73,0,1
17:06:12.829,152425,194.36,250.0,100.0,0.0,55.63,0,1
17:06:12.929,152525,194.46,250.0,100.0,0.0,55.53,0,1
17:06:13.029,152625,194.54,250.0,100.0,0.0,55.45,0,1
17:06:13.128,152725,194.64,250.0,100.0,0.0,55.35,0,1
17:06:13.228,152825,194.74,250.0,100.0,0.0,55.25,0,1
17:06:13.329,152925,194.85,250.0,100.0,0.0,55.14,0,1
17:06:13.428,153025,194.95,250.0,100.0,0.0,55.04,0,1
17:06:13.529,153125,194.95,250.0,100.0,0.0,55.04,0,1
17:06:13.550,153146,195.07,250.0,100.0,0.0,54.92,0,1
17:06:13.629,153225,195.17,250.0,100.0,0.0,54.82,0,1
17:06:13.728,153325,195.27,250.0,100.0,0.0,54.72,0,1
17:06:13.828,153425,195.38,250.0,100.0,0.0,54.61,0,1
17:06:13.929,153525,195.48,250.0,100.0,0.0,54.51,0,1
17:06:14.029,153625,195.57,250.0,100.0,0.0,54.42,0,1
17:06:14.129,153725,195.67,250.0,100.0,0.0,54.32,0,1
17:06:14.235,153825,195.78,250.0,100.0,0.0,54.21,0,1
17:06:14.328,153925,195.88,250.0,100.0,0.0,54.11,0,1
17:06:14.429,154025,195.98,250.0,100.0,0.0,54.01,0,1
17:06:14.528,154125,196.07,250.0,100.0,0.0,53.92,0,1
17:06:14.628,154225,196.18,250.0,100.0,0.0,53.81,0,1
17:06:14.728,154325,196.27,250.0,100.0,0.0,53.72,0,1
17:06:14.828,154425,196.36,250.0,100.0,0.0,53.63,0,1
17:06:14.929,154525,196.48,250.0,100.0,0.0,53.51,0,1
17:06:15.028,154625,196.57,250.0,100.0,0.0,53.42,0,1
17:06:15.128,154725,196.68,250.0,100.0,0.0,53.31,0,1
17:06:15.228,154825,196.78,250.0,100.0,0.0,53.21,0,1
17:06:15.359,154925,196.87,250.0,100.0,0.0,53.12,0,1
17:06:15.428,155025,196.99,250.0,100.0,0.0,53.0,0,1
17:06:15.528,155125,197.08,250.0,100.0,0.0,52.91,0,1
17:06:15.628,155225,197.19,250.0,100.0,0.0,52.8,0,1
17:06:15.727,155325,197.28,250.0,100.0,0.0,52.71,0,1
17:06:15.828,155425,197.38,250.0,100.0,0.0,52.61,0,1
17:06:15.934,155525,197.49,250.0,100.0,0.0,52.5,0,1
17:06:16.028,155625,197.6,250.0,100.0,0.0,52.39,0,1
17:06:16.128,155725,197.7,250.0,100.0,0.0,52.29,0,1
17:06:16.228,155825,197.78,250.0,100.0,0.0,52.21,0,1
17:06:16.328,155925,197.88,250.0,100.0,0.0,52.11,0,1
17:06:16.428,156025,197.98,250.0,100.0,0.0,52.01,0,1
17:06:16.528,156125,198.09,250.0,100.0,0.0,51.9,0,1
17:06:16.628,156225,198.18,250.0,100.0,0.0,51.81,0,1
17:06:16.727,156325,198.28,250.0,100.0,0.0,51.71,0,1
17:06:16.828,156425,198.38,250.0,100.0,0.0,51.61,0,1
17:06:16.928,156525,198.48,250.0,100.0,0.0,51.51,0,1
17:06:17.040,156625,198.58,250.0,100.0,0.0,51.41,0,1
17:06:17.128,156725,198.68,250.0,100.0,0.0,51.31,0,1
17:06:17.227,156825,198.79,250.0,100.0,0.0,51.2,0,1
17:06:17.328,156925,198.88,250.0,100.0,0.0,51.11,0,1
17:06:17.428,157025,198.98,250.0,100.0,0.0,51.01,0,1
17:06:17.528,157125,199.08,250.0,100.0,0.0,50.91,0,1
17:06:17.628,157225,199.17,250.0,100.0,0.0,50.82,0,1
17:06:17.728,157325,199.27,250.0,100.0,0.0,50.72,0,1
17:06:17.828,157425,199.36,250.0,100.0,0.0,50.63,0,1
17:06:17.927,157525,199.46,250.0,100.0,0.0,50.53,0,1
17:06:18.028,157625,199.58,250.0,100.0,0.0,50.41,0,1
17:06:18.128,157725,199.67,250.0,100.0,0.0,50.32,0,1
17:06:18.227,157825,199.77,250.0,100.0,0.0,50.22,0,1
17:06:18.327,157925,199.87,250.0,100.0,0.0,50.12,0,1
17:06:18.428,158025,199.96,250.0,100.0,0.0,50.03,0,1
17:06:18.527,158125,200.06,250.0,100.0,0.0,49.93,0,1
17:06:18.627,158225,200.14,250.0,100.0,0.0,49.85,0,1
17:06:18.726,158325,200.23,250.0,100.0,0.0,49.76,0,1
17:06:18.827,158425,200.33,250.0,100.0,0.0,49.66,0,1
17:06:18.927,158525,200.42,250.0,100.0,0.0,49.57,0,1
17:06:19.027,158625,200.51,250.0,100.0,0.0,49.48,0,1
17:06:19.127,158725,200.62,250.0,100.0,0.0,49.37,0,1
17:06:19.226,158825,200.73,250.0,100.0,0.0,49.26,0,1
17:06:19.327,158925,200.84,250.0,100.0,0.0,49.15,0,1
17:06:19.427,159025,200.94,250.0,100.0,0.0,49.05,0,1
17:06:19.527,159125,201.03,250.0,100.0,0.0,48.96,0,1
17:06:19.627,159225,201.15,250.0,100.0,0.0,48.84,0,1
17:06:19.727,159325,201.24,250.0,100.0,0.0,48.75,0,1
17:06:19.830,159425,201.34,250.0,100.0,0.0,48.65,0,1
17:06:19.928,159525,201.44,250.0,100.0,0.0,48.55,0,1
17:06:20.027,159625,201.52,250.0,100.0,0.0,48.47,0,1
17:06:20.127,159725,201.62,250.0,100.0,0.0,48.37,0,1
17:06:20.226,159825,201.73,250.0,100.0,0.0,48.26,0,1
17:06:20.327,159925,201.84,250.0,100.0,0.0,48.15,0,1
17:06:20.427,160025,201.93,250.0,100.0,0.0,48.06,0,1
17:06:20.527,160125,202.04,250.0,100.0,0.0,47.95,0,1
17:06:20.627,160225,202.13,250.0,100.0,0.0,47.86,0,1
17:06:20.727,160325,202.24,250.0,100.0,0.0,47.75,0,1
17:06:20.827,160425,202.33,250.0,100.0,0.0,47.66,0,1
17:06:21.743,161340,202.43,250.0,100.0,0.0,47.56,0,1
17:06:21.827,161425,202.59,250.0,100.0,0.0,47.4,0,1
17:06:21.926,161525,202.77,250.0,100.0,0.0,47.22,0,1
17:06:22.027,161625,202.95,250.0,100.0,0.0,47.04,0,1
17:06:22.126,161725,203.11,250.0,100.0,0.0,46.88,0,1
17:06:22.227,161825,203.25,250.0,100.0,0.0,46.74,0,1
17:06:22.327,161925,203.4,250.0,100.0,0.0,46.59,0,1
17:06:22.427,162025,203.54,250.0,100.0,0.0,46.45,0,1
17:06:22.526,162125,203.68,250.0,100.0,0.0,46.31,0,1
17:06:22.637,162225,203.83,250.0,100.0,0.0,46.16,0,1
17:06:22.726,162325,203.96,250.0,100.0,0.0,46.03,0,1
17:06:22.826,162425,204.09,250.0,100.0,0.0,45.9,0,1
17:06:22.926,162525,204.22,250.0,100.0,0.0,45.77,0,1
17:06:23.025,162625,204.34,250.0,100.0,0.0,45.65,0,1
17:06:23.126,162725,204.47,250.0,100.0,0.0,45.52,0,1
17:06:23.225,162825,204.58,250.0,100.0,0.0,45.41,0,1
17:06:23.326,162925,204.71,250.0,100.0,0.0,45.28,0,1
17:06:23.425,163025,204.84,250.0,100.0,0.0,45.15,0,1
17:06:23.525,163125,204.96,250.0,100.0,0.0,45.03,0,1
17:06:23.626,163225,205.08,250.0,100.0,0.0,44.91,0,1
17:06:23.742,163325,205.2,250.0,100.0,0.0,44.79,0,1
17:06:23.826,163425,205.32,250.0,100.0,0.0,44.67,0,1
17:06:23.926,163525,205.43,250.0,100.0,0.0,44.56,0,1
17:06:24.026,163625,205.54,250.0,100.0,0.0,44.45,0,1
17:06:24.126,163725,205.65,250.0,100.0,0.0,44.34,0,1
17:06:24.226,163825,205.75,250.0,100.0,0.0,44.24,0,1
17:06:24.328,163925,205.86,250.0,100.0,0.0,44.13,0,1
17:06:24.426,164025,205.96,250.0,100.0,0.0,44.03,0,1
17:06:24.525,164125,206.06,250.0,100.0,0.0,43.93,0,1
17:06:24.626,164225,206.16,250.0,100.0,0.0,43.83,0,1
17:06:24.726,164325,206.24,250.0,100.0,0.0,43.75,0,1
17:06:24.826,164425,206.34,250.0,100.0,0.0,43.65,0,1
17:06:24.925,164525,206.44,250.0,100.0,0.0,43.55,0,1
17:06:25.026,164625,206.55,250.0,100.0,0.0,43.44,0,1
17:06:25.126,164725,206.66,250.0,100.0,0.0,43.33,0,1
17:06:25.226,164825,206.77,250.0,100.0,0.0,43.22,0,1
17:06:25.326,164925,206.86,250.0,100.0,0.0,43.13,0,1
17:06:25.440,165025,206.96,250.0,100.0,0.0,43.03,0,1
17:06:25.525,165125,206.96,250.0,100.0,0.0,43.03,0,1
17:06:25.547,165146,207.05,250.0,100.0,0.0,42.94,0,1
17:06:25.626,165225,207.14,250.0,100.0,0.0,42.85,0,1
17:06:25.726,165325,207.24,250.0,100.0,0.0,42.75,0,1
17:06:25.825,165425,207.34,250.0,100.0,0.0,42.65,0,1
17:06:25.926,165525,207.46,250.0,100.0,0.0,42.53,0,1
17:06:26.027,165625,207.57,250.0,100.0,0.0,42.42,0,1
17:06:26.126,165725,207.66,250.0,100.0,0.0,42.33,0,1
17:06:26.226,165825,207.75,250.0,100.0,0.0,42.24,0,1
17:06:26.325,165925,207.85,250.0,100.0,0.0,42.14,0,1
17:06:26.426,166025,207.96,250.0,100.0,0.0,42.03,0,1
17:06:26.525,166125,208.05,250.0,100.0,0.0,41.94,0,1
17:06:26.625,166225,208.15,250.0,100.0,0.0,41.84,0,1
17:06:26.725,166325,208.25,250.0,100.0,0.0,41.74,0,1
17:06:26.825,166425,208.35,250.0,100.0,0.0,41.64,0,1
17:06:26.925,166525,208.46,250.0,100.0,0.0,41.53,0,1
17:06:27.025,166625,208.56,250.0,100.0,0.0,41.43,0,1
17:06:27.153,166725,208.66,250.0,100.0,0.0,41.33,0,1
17:06:27.225,166825,208.75,250.0,100.0,0.0,41.24,0,1
17:06:27.325,166925,208.86,250.0,100.0,0.0,41.13,0,1
17:06:27.425,167025,208.95,250.0,100.0,0.0,41.04,0,1
17:06:27.525,167125,209.05,250.0,100.0,0.0,40.94,0,1
17:06:27.624,167225,209.15,250.0,100.0,0.0,40.84,0,1
17:06:27.725,167325,209.26,250.0,100.0,0.0,40.73,0,1
17:06:27.825,167425,209.36,250.0,100.0,0.0,40.63,0,1
17:06:27.925,167525,209.45,250.0,100.0,0.0,40.54,0,1
17:06:28.025,167625,209.55,250.0,100.0,0.0,40.44,0,1
17:06:28.125,167725,209.65,250.0,100.0,0.0,40.34,0,1
17:06:28.224,167825,209.76,250.0,100.0,0.0,40.23,0,1
17:06:28.325,167925,209.83,250.0,100.0,0.0,40.16,0,1
17:06:28.424,168025,209.92,250.0,100.0,0.0,40.07,0,1
17:06:28.525,168125,210.0,250.0,100.0,0.0,39.99,0,1
17:06:28.625,168225,210.1,250.0,100.0,0.0,39.89,0,1
17:06:28.725,168325,210.2,250.0,100.0,0.0,39.79,0,1
17:06:28.827,168425,210.31,250.0,100.0,0.0,39.68,0,1
17:06:28.925,168525,210.4,250.0,100.0,0.0,39.59,0,1
17:06:29.025,168625,210.49,250.0,100.0,0.0,39.5,0,1
17:06:29.125,168725,210.58,250.0,100.0,0.0,39.41,0,1
17:06:29.225,168825,210.67,250.0,100.0,0.0,39.32,0,1
17:06:29.325,168925,210.78,250.0,100.0,0.0,39.21,0,1
17:06:29.425,169025,210.87,250.0,100.0,0.0,39.12,0,1
17:06:29.525,169125,210.96,250.0,100.0,0.0,39.03,0,1
17:06:29.624,169225,210.96,250.0,100.0,0.0,39.03,0,1
17:06:29.646,169246,210.96,250.0,100.0,0.0,39.03,0,1
17:06:29.725,169325,210.96,250.0,100.0,0.0,39.03,0,1
17:06:29.746,169346,211.06,250.0,100.0,0.0,38.93,0,1
17:06:29.825,169425,211.15,250.0,100.0,0.0,38.84,0,1
17:06:29.935,169525,211.25,250.0,100.0,0.0,38.74,0,1
17:06:30.024,169625,211.36,250.0,100.0,0.0,38.63,0,1
17:06:30.124,169725,211.47,250.0,100.0,0.0,38.52,0,1
17:06:30.225,169825,211.57,250.0,100.0,0.0,38.42,0,1
17:06:30.325,169925,211.68,250.0,100.0,0.0,38.31,0,1
17:06:30.424,170025,211.79,250.0,100.0,0.0,38.2,0,1
17:06:30.524,170125,211.88,250.0,100.0,0.0,38.11,0,1
17:06:30.624,170225,211.99,250.0,100.0,0.0,38.0,0,1
17:06:30.724,170325,212.08,250.0,100.0,0.0,37.91,0,1
17:06:30.824,170425,212.08,250.0,100.0,0.0,37.91,0,1
17:06:30.846,170446,212.19,250.0,100.0,0.0,37.8,0,1
17:06:30.923,170525,212.28,250.0,100.0,0.0,37.71,0,1
17:06:31.042,170625,212.38,250.0,100.0,0.0,37.61,0,1
17:06:31.123,170725,212.48,250.0,100.0,0.0,37.51,0,1
17:06:31.224,170825,212.56,250.0,100.0,0.0,37.43,0,1
17:06:31.324,170925,212.65,250.0,100.0,0.0,37.34,0,1
17:06:31.424,171025,212.76,250.0,100.0,0.0,37.23,0,1
17:06:31.524,171125,212.85,250.0,100.0,0.0,37.14,0,1
17:06:31.624,171225,212.93,250.0,100.0,0.0,37.06,0,1
17:06:31.724,171325,213.02,250.0,100.0,0.0,36.97,0,1
17:06:31.824,171425,213.12,250.0,100.0,0.0,36.87,0,1
17:06:31.924,171525,213.22,250.0,100.0,0.0,36.77,0,1
17:06:32.024,171625,213.31,250.0,100.0,0.0,36.68,0,1
17:06:32.124,171725,213.41,250.0,100.0,0.0,36.58,0,1
17:06:32.223,171825,213.5,250.0,100.0,0.0,36.49,0,1
17:06:32.324,171925,213.6,250.0,100.0,0.0,36.39,0,1
17:06:32.424,172025,213.69,250.0,100.0,0.0,36.3,0,1
17:06:32.524,172125,213.79,250.0,100.0,0.0,36.2,0,1
17:06:32.624,172225,213.87,250.0,100.0,0.0,36.12,0,1
17:06:32.743,172325,213.96,250.0,100.0,0.0,36.03,0,1
17:06:32.824,172425,214.04,250.0,100.0,0.0,35.95,0,1
17:06:32.924,172525,214.14,250.0,100.0,0.0,35.85,0,1
17:06:33.024,172625,214.23,250.0,100.0,0.0,35.76,0,1
17:06:33.123,172725,214.33,250.0,100.0,0.0,35.66,0,1
17:06:33.224,172825,214.42,250.0,100.0,0.0,35.57,0,1
17:06:33.325,172925,214.5,250.0,100.0,0.0,35.49,0,1
17:06:33.424,173025,214.58,250.0,100.0,0.0,35.41,0,1
17:06:33.523,173125,214.69,250.0,100.0,0.0,35.3,0,1
17:06:33.623,173225,214.78,250.0,100.0,0.0,35.21,0,1
17:06:33.724,173325,214.87,250.0,100.0,0.0,35.12,0,1
17:06:33.823,173425,214.96,250.0,100.0,0.0,35.03,0,1
17:06:33.924,173525,215.05,250.0,100.0,0.0,34.94,0,1
17:06:34.024,173625,215.15,250.0,100.0,0.0,34.84,0,1
17:06:34.123,173725,215.25,250.0,100.0,0.0,34.74,0,1
17:06:34.224,173825,215.34,250.0,100.0,0.0,34.65,0,1
17:06:34.324,173925,215.42,250.0,100.0,0.0,34.57,0,1
17:06:34.445,174025,215.51,250.0,100.0,0.0,34.48,0,1
17:06:34.524,174125,215.61,250.0,100.0,0.0,34.38,0,1
17:06:34.623,174225,215.69,250.0,100.0,0.0,34.3,0,1
17:06:34.723,174325,215.77,250.0,100.0,0.0,34.22,0,1
17:06:34.823,174425,215.88,250.0,100.0,0.0,34.11,0,1
17:06:34.923,174525,215.98,250.0,100.0,0.0,34.01,0,1
17:06:35.026,174625,216.08,250.0,100.0,0.0,33.91,0,1
17:06:35.123,174725,216.16,250.0,100.0,0.0,33.83,0,1
17:06:35.223,174825,216.26,250.0,100.0,0.0,33.73,0,1
17:06:35.323,174925,216.34,250.0,100.0,0.0,33.65,0,1
17:06:35.423,175025,216.34,250.0,100.0,0.0,33.65,0,1
17:06:35.445,175046,216.44,250.0,100.0,0.0,33.55,0,1
17:06:35.523,175125,216.53,250.0,100.0,0.0,33.46,0,1
17:06:35.633,175225,216.64,250.0,100.0,0.0,33.35,0,1
17:06:35.723,175325,216.64,250.0,100.0,0.0,33.35,0,1
17:06:35.745,175346,216.73,250.0,100.0,0.0,33.26,0,1
17:06:35.823,175425,216.81,250.0,100.0,0.0,33.18,0,1
17:06:35.923,175525,216.91,250.0,100.0,0.0,33.08,0,1
17:06:36.023,175625,217.02,250.0,100.0,0.0,32.97,0,1
17:06:36.123,175725,217.12,250.0,100.0,0.0,32.87,0,1
17:06:36.223,175825,217.12,250.0,100.0,0.0,32.87,0,1
17:06:36.244,175846,217.12,250.0,100.0,0.0,32.87,0,1
17:06:36.323,175925,217.12,250.0,100.0,0.0,32.87,0,1
17:06:36.344,175946,217.12,250.0,100.0,0.0,32.87,0,1
17:06:36.422,176025,217.24,250.0,100.0,0.0,32.75,0,1
17:06:36.523,176125,217.34,250.0,100.0,0.0,32.65,0,1
17:06:36.623,176225,217.34,250.0,100.0,0.0,32.65,0,1
17:06:36.644,176246,217.45,250.0,100.0,0.0,32.54,0,1
17:06:36.722,176325,217.55,250.0,100.0,0.0,32.44,0,1
17:06:36.822,176425,217.67,250.0,100.0,0.0,32.32,0,1
17:06:36.922,176525,217.76,250.0,100.0,0.0,32.23,0,1
17:06:37.023,176625,217.87,250.0,100.0,0.0,32.12,0,1
17:06:37.123,176725,217.99,250.0,100.0,0.0,32.0,0,1
17:06:37.223,176825,218.1,250.0,100.0,0.0,31.89,0,1
17:06:37.323,176925,218.22,250.0,100.0,0.0,31.77,0,1
17:06:37.423,177025,218.33,250.0,100.0,0.0,31.66,0,1
17:06:37.522,177125,218.33,250.0,100.0,0.0,31.66,0,1
17:06:37.545,177146,218.33,250.0,100.0,0.0,31.66,0,1
17:06:37.623,177225,218.44,250.0,100.0,0.0,31.55,0,1
17:06:37.723,177325,218.55,250.0,100.0,0.0,31.44,0,1
17:06:37.823,177425,218.66,250.0,100.0,0.0,31.33,0,1
17:06:37.923,177525,218.75,250.0,100.0,0.0,31.24,0,1
17:06:38.022,177625,218.85,250.0,100.0,0.0,31.14,0,1
17:06:38.123,177725,218.95,250.0,100.0,0.0,31.04,0,1
17:06:38.223,177825,219.07,250.0,100.0,0.0,30.92,0,1
17:06:38.323,177925,219.15,250.0,100.0,0.0,30.84,0,1
17:06:38.452,178025,219.25,250.0,100.0,0.0,30.74,0,1
17:06:38.522,178125,219.36,250.0,100.0,0.0,30.63,0,1
17:06:38.623,178225,219.46,250.0,100.0,0.0,30.53,0,1
17:06:38.721,178325,219.56,250.0,100.0,0.0,30.43,0,1
17:06:38.822,178425,219.66,250.0,100.0,0.0,30.33,0,1
17:06:38.921,178525,219.74,250.0,100.0,0.0,30.25,0,1
17:06:39.026,178625,219.85,250.0,100.0,0.0,30.14,0,1
17:06:39.122,178725,219.94,250.0,100.0,0.0,30.05,0,1
17:06:39.222,178825,219.94,250.0,100.0,0.0,30.05,0,1
17:06:39.244,178846,220.05,250.0,100.0,0.0,29.94,0,1
17:06:39.322,178925,220.14,250.0,100.0,0.0,29.85,0,1
17:06:39.422,179025,220.23,250.0,100.0,0.0,29.76,0,1
17:06:39.522,179125,220.33,250.0,100.0,0.0,29.66,0,1
17:06:39.622,179225,220.43,250.0,100.0,0.0,29.56,0,1
17:06:39.722,179325,220.52,250.0,100.0,0.0,29.47,0,1
17:06:39.822,179425,220.61,250.0,100.0,0.0,29.38,0,1
17:06:39.922,179525,220.7,250.0,100.0,0.0,29.29,0,1
17:06:40.021,179625,220.7,250.0,100.0,0.0,29.29,0,1
17:06:40.044,179646,220.78,250.0,100.0,0.0,29.21,0,1
17:06:40.156,179725,220.85,250.0,100.0,0.0,29.14,0,1
17:06:40.222,179825,220.95,250.0,100.0,0.0,29.04,0,1
17:06:40.322,179925,221.04,250.0,100.0,0.0,28.95,0,1
17:06:40.422,180025,221.14,250.0,100.0,0.0,28.85,0,1
17:06:40.522,180125,221.23,250.0,100.0,0.0,28.76,0,1
17:06:40.622,180225,221.32,250.0,100.0,0.0,28.67,0,1
17:06:40.731,180325,221.41,250.0,100.0,0.0,28.58,0,1
17:06:40.821,180425,221.49,250.0,100.0,0.0,28.5,0,1
17:06:40.922,180525,221.58,250.0,100.0,0.0,28.41,0,1
17:06:41.022,180625,221.67,250.0,100.0,0.0,28.32,0,1
17:06:41.121,180725,221.75,250.0,100.0,0.0,28.24,0,1
17:06:41.222,180825,221.85,250.0,100.0,0.0,28.14,0,1
17:06:41.323,180925,221.94,250.0,100.0,0.0,28.05,0,1
17:06:41.422,181025,222.03,250.0,100.0,0.0,27.96,0,1
17:06:41.522,181125,222.13,250.0,100.0,0.0,27.86,0,1
17:06:41.622,181225,222.22,250.0,100.0,0.0,27.77,0,1
17:06:41.722,181325,222.31,250.0,100.0,0.0,27.68,0,1
17:06:41.821,181425,222.31,250.0,100.0,0.0,27.68,0,1
17:06:41.869,181446,222.4,250.0,100.0,0.0,27.59,0,1
17:06:41.921,181525,222.49,250.0,100.0,0.0,27.5,0,1
17:06:42.022,181625,222.56,250.0,100.0,0.0,27.43,0,1
17:06:42.121,181725,222.62,250.0,100.0,0.0,27.37,0,1
17:06:42.221,181825,222.73,250.0,98.0,0.0,27.26,0,1
17:06:42.322,181925,222.8,250.0,100.0,0.0,27.19,0,1
17:06:42.438,182025,222.8,250.0,100.0,0.0,27.19,0,1
17:06:42.446,182046,222.9,250.0,98.0,0.0,27.09,0,1
17:06:42.523,182125,222.9,250.0,100.0,0.0,27.09,0,1
17:06:42.545,182146,222.9,250.0,100.0,0.0,27.09,0,1
17:06:42.621,182225,223.03,250.0,95.0,0.0,26.96,0,1
17:06:42.721,182325,223.14,250.0,96.0,0.0,26.85,0,1
17:06:42.821,182425,223.22,250.0,98.0,0.0,26.77,0,1
17:06:42.921,182525,223.22,250.0,98.0,0.0,26.77,0,1
17:06:42.943,182546,223.22,250.0,98.0,0.0,26.77,0,1
17:06:43.022,182625,223.32,250.0,96.0,0.0,26.67,0,1
17:06:43.121,182725,223.43,250.0,95.0,0.0,26.56,0,1
17:06:43.221,182825,223.53,250.0,95.0,0.0,26.46,0,1
17:06:43.321,182925,223.64,250.0,95.0,0.0,26.35,0,1
17:06:43.421,183025,223.73,250.0,95.0,0.0,26.26,0,1
17:06:43.521,183125,223.83,250.0,93.0,0.0,26.16,0,1
17:06:43.621,183225,223.96,250.0,91.0,0.0,26.03,0,1
17:06:43.721,183325,224.05,250.0,95.0,0.0,25.94,0,1
17:06:43.821,183425,224.05,250.0,100.0,0.0,25.94,0,1
17:06:43.842,183446,224.15,250.0,93.0,0.0,25.84,0,1
17:06:43.920,183525,224.23,250.0,94.0,0.0,25.76,0,1
17:06:44.020,183625,224.23,250.0,100.0,0.0,25.76,0,1
17:06:44.042,183646,224.3,250.0,95.0,0.0,25.69,0,1
17:06:44.150,183725,224.37,250.0,95.0,0.0,25.62,0,1
17:06:44.221,183825,224.37,250.0,100.0,0.0,25.62,0,1
17:06:44.242,183846,224.37,250.0,100.0,0.0,25.62,0,1
17:06:44.320,183925,224.45,250.0,94.0,0.0,25.54,0,1
17:06:44.420,184025,224.45,250.0,100.0,0.0,25.54,0,1
17:06:44.442,184046,224.59,250.0,87.0,0.0,25.4,0,1
17:06:44.521,184125,224.72,250.0,88.0,0.0,25.27,0,1
17:06:44.621,184225,224.72,250.0,88.0,0.0,25.27,0,1
17:06:44.721,184325,224.81,250.0,91.0,0.0,25.18,0,1
17:06:44.821,184425,224.81,250.0,91.0,0.0,25.18,0,1
17:06:44.841,184446,224.81,250.0,91.0,0.0,25.18,0,1
17:06:44.920,184525,224.91,250.0,90.0,0.0,25.08,0,1
17:06:45.021,184625,225.04,250.0,86.0,0.0,24.95,0,1
17:06:45.121,184725,225.18,250.0,85.0,0.0,24.81,0,1
17:06:45.221,184825,225.31,250.0,84.0,0.0,24.68,0,1
17:06:45.321,184925,225.43,250.0,86.0,0.0,24.56,0,1
17:06:45.421,185025,225.56,250.0,84.0,0.0,24.43,0,1
17:06:45.520,185125,225.68,250.0,85.0,0.0,24.31,0,1
17:06:45.621,185225,225.78,250.0,86.0,0.0,24.21,0,1
17:06:45.721,185325,225.88,250.0,86.0,0.0,24.11,0,1
17:06:45.823,185425,225.97,250.0,86.0,0.0,24.02,0,1
17:06:45.921,185525,226.08,250.0,84.0,0.0,23.91,0,1
17:06:46.020,185625,226.08,250.0,84.0,0.0,23.91,0,1
17:06:46.042,185646,226.17,250.0,86.0,0.0,23.82,0,1
17:06:46.121,185725,226.25,250.0,86.0,0.0,23.74,0,1
17:06:46.221,185825,226.36,250.0,83.0,0.0,23.63,0,1
17:06:46.319,185925,226.45,250.0,85.0,0.0,23.54,0,1
17:06:46.420,186025,226.55,250.0,84.0,0.0,23.44,0,1
17:06:46.521,186125,226.64,250.0,83.0,0.0,23.35,0,1
17:06:46.620,186225,226.73,250.0,84.0,0.0,23.26,0,1
17:06:46.720,186325,226.81,250.0,84.0,0.0,23.18,0,1
17:06:46.820,186425,226.9,250.0,83.0,0.0,23.09,0,1
17:06:46.946,186525,227.0,250.0,81.0,0.0,22.99,0,1
17:06:47.020,186625,227.09,250.0,83.0,0.0,22.9,0,1
17:06:47.120,186725,227.09,250.0,83.0,0.0,22.9,0,1
17:06:47.141,186746,227.18,250.0,81.0,0.0,22.81,0,1
17:06:47.219,186825,227.26,250.0,82.0,0.0,22.73,0,1
17:06:47.319,186925,227.36,250.0,81.0,0.0,22.63,0,1
17:06:47.421,187025,227.44,250.0,81.0,0.0,22.55,0,1
17:06:47.523,187125,227.53,250.0,80.0,0.0,22.46,0,1
17:06:47.620,187225,227.63,250.0,79.0,0.0,22.36,0,1
17:06:47.720,187325,227.74,250.0,78.0,0.0,22.25,0,1
17:06:47.820,187425,227.83,250.0,79.0,0.0,22.16,0,1
17:06:47.921,187525,227.91,250.0,80.0,0.0,22.08,0,1
17:06:48.021,187625,227.99,250.0,79.0,0.0,22.0,0,1
17:06:48.120,187725,228.09,250.0,77.0,0.0,21.9,0,1
17:06:48.219,187825,228.09,250.0,87.0,0.0,21.9,0,1
17:06:48.241,187846,228.09,250.0,87.0,0.0,21.9,0,1
17:06:48.319,187925,228.18,250.0,78.0,0.0,21.81,0,1
17:06:48.419,188025,228.18,250.0,87.0,0.0,21.81,0,1
17:06:48.441,188046,228.18,250.0,87.0,0.0,21.81,0,1
17:06:48.520,188125,228.25,250.0,79.0,0.0,21.74,0,1
17:06:48.625,188225,228.37,250.0,74.0,0.0,21.62,0,1
17:06:48.720,188325,228.47,250.0,75.0,0.0,21.52,0,1
17:06:48.820,188425,228.56,250.0,77.0,0.0,21.43,0,1
17:06:48.920,188525,228.66,250.0,74.0,0.0,21.33,0,1
17:06:49.020,188625,228.76,250.0,75.0,0.0,21.23,0,1
17:06:49.120,188725,228.84,250.0,76.0,0.0,21.15,0,1
17:06:49.220,188825,228.94,250.0,73.0,0.0,21.05,0,1
17:06:49.319,188925,229.03,250.0,75.0,0.0,20.96,0,1
17:06:49.419,189025,229.12,250.0,74.0,0.0,20.87,0,1
17:06:49.519,189125,229.2,250.0,74.0,0.0,20.79,0,1
17:06:49.619,189225,229.3,250.0,72.0,0.0,20.69,0,1
17:06:49.720,189325,229.4,250.0,72.0,0.0,20.59,0,1
17:06:49.820,189425,229.5,250.0,72.0,0.0,20.49,0,1
17:06:49.919,189525,229.59,250.0,72.0,0.0,20.4,0,1
17:06:50.020,189625,229.69,250.0,71.0,0.0,20.3,0,1
17:06:50.120,189725,229.77,250.0,71.0,0.0,20.22,0,1
17:06:50.219,189825,229.88,250.0,69.0,0.0,20.11,0,1
17:06:50.325,189925,229.97,250.0,71.0,0.0,20.02,0,1
17:06:50.419,190025,230.07,250.0,69.0,0.0,19.92,0,5
17:06:50.519,190125,230.14,250.0,72.0,0.0,19.85,0,5
17:06:50.619,190225,230.21,250.0,72.0,0.0,19.78,0,5
17:06:50.719,190325,230.29,250.0,70.0,0.0,19.7,0,5
17:06:50.819,190425,230.38,250.0,69.0,0.0,19.61,0,5
17:06:50.921,190525,230.47,250.0,68.0,0.0,19.52,0,5
17:06:51.019,190625,230.57,250.0,68.0,0.0,19.42,0,5
17:06:51.118,190725,230.64,250.0,70.0,0.0,19.35,0,5
17:06:51.218,190825,230.72,250.0,69.0,0.0,19.27,0,5
17:06:51.319,190925,230.8,250.0,68.0,0.0,19.19,0,5
17:06:51.419,191025,230.89,250.0,67.0,0.0,19.1,0,5
17:06:51.518,191125,230.97,250.0,68.0,0.0,19.02,0,5
17:06:51.618,191225,231.06,250.0,66.0,0.0,18.93,0,5
17:06:51.718,191325,231.14,250.0,67.0,0.0,18.85,0,5
17:06:51.819,191425,231.23,250.0,65.0,0.0,18.76,0,5
17:06:51.919,191525,231.31,250.0,67.0,0.0,18.68,0,5
17:06:52.018,191625,231.41,250.0,64.0,0.0,18.58,0,5
17:06:52.119,191725,231.49,250.0,65.0,0.0,18.5,0,5
17:06:52.218,191825,231.59,250.0,63.0,0.0,18.4,0,5
17:06:52.319,191925,231.66,250.0,66.0,0.0,18.33,0,5
17:06:52.419,192025,231.74,250.0,64.0,0.0,18.25,0,5
17:06:52.519,192125,231.82,250.0,65.0,0.0,18.17,0,5
17:06:52.622,192225,231.89,250.0,65.0,0.0,18.1,0,5
17:06:52.719,192325,231.98,250.0,63.0,0.0,18.01,0,5
17:06:52.820,192425,232.05,250.0,64.0,0.0,17.94,0,5
17:06:52.919,192525,232.1,250.0,66.0,0.0,17.89,0,5
17:06:53.019,192625,232.18,250.0,63.0,0.0,17.81,0,5
17:06:53.119,192725,232.24,250.0,65.0,0.0,17.75,0,5
17:06:53.220,192825,232.33,250.0,61.0,0.0,17.66,0,5
17:06:53.319,192925,232.39,250.0,64.0,0.0,17.6,0,5
17:06:53.419,193025,232.5,250.0,59.0,0.0,17.49,0,5
17:06:53.519,193125,232.58,250.0,61.0,0.0,17.41,0,5
17:06:53.619,193225,232.69,250.0,57.0,0.0,17.3,0,5
17:06:53.719,193325,232.78,250.0,59.0,0.0,17.21,0,5
17:06:53.818,193425,232.89,250.0,58.0,0.0,17.1,0,5
17:06:53.918,193525,232.96,250.0,60.0,0.0,17.03,0,5
17:06:54.019,193625,233.04,250.0,59.0,0.0,16.95,0,5
17:06:54.119,193725,233.13,250.0,58.0,0.0,16.86,0,5
17:06:54.219,193825,233.24,250.0,56.0,0.0,16.75,0,5
17:06:54.320,193925,233.31,250.0,59.0,0.0,16.68,0,5
17:06:54.418,194025,233.4,250.0,57.0,0.0,16.59,0,5
17:06:54.518,194125,233.48,250.0,58.0,0.0,16.51,0,5
17:06:54.618,194225,233.57,250.0,56.0,0.0,16.42,0,5
17:06:54.718,194325,233.63,250.0,59.0,0.0,16.36,0,5
17:06:54.818,194425,233.68,250.0,59.0,0.0,16.31,0,5
17:06:54.918,194525,233.77,250.0,56.0,0.0,16.22,0,5
17:06:55.018,194625,233.86,250.0,55.0,0.0,16.13,0,5
17:06:55.119,194725,233.93,250.0,57.0,0.0,16.06,0,5
17:06:55.218,194825,233.99,250.0,57.0,0.0,16.0,0,5
17:06:55.318,194925,234.08,250.0,55.0,0.0,15.91,0,5
17:06:55.426,195025,234.19,250.0,52.0,0.0,15.8,0,5
17:06:55.517,195125,234.27,250.0,54.0,0.0,15.72,0,5
17:06:55.618,195225,234.36,250.0,53.0,0.0,15.63,0,5
17:06:55.718,195325,234.43,250.0,55.0,0.0,15.56,0,5
17:06:55.818,195425,234.5,250.0,54.0,0.0,15.49,0,5
17:06:55.918,195525,234.58,250.0,53.0,0.0,15.41,0,5
17:06:56.018,195625,234.64,250.0,55.0,0.0,15.35,0,5
17:06:56.118,195725,234.72,250.0,53.0,0.0,15.27,0,5
17:06:56.218,195825,234.79,250.0,53.0,0.0,15.2,0,5
17:06:56.318,195925,234.86,250.0,53.0,0.0,15.13,0,5
17:06:56.418,196025,234.95,250.0,51.0,0.0,15.04,0,5
17:06:56.541,196125,235.02,250.0,52.0,0.0,14.97,0,5
17:06:56.618,196225,235.08,250.0,54.0,0.0,14.91,0,5
17:06:56.718,196325,235.17,250.0,51.0,0.0,14.82,0,5
17:06:56.818,196425,235.24,250.0,52.0,0.0,14.75,0,5
17:06:56.918,196525,235.33,250.0,51.0,0.0,14.66,0,5
17:06:57.018,196625,235.42,250.0,50.0,0.0,14.57,0,5
17:06:57.124,196725,235.49,250.0,51.0,0.0,14.5,0,5
17:06:57.217,196825,235.57,250.0,52.0,0.0,14.42,0,5
17:06:57.318,196925,235.63,250.0,53.0,0.0,14.36,0,5
17:06:57.418,197025,235.72,250.0,50.0,0.0,14.27,0,5
17:06:57.518,197125,235.8,250.0,51.0,0.0,14.19,0,5
17:06:57.618,197225,235.86,250.0,53.0,0.0,14.13,0,5
17:06:57.717,197325,235.93,250.0,51.0,0.0,14.06,0,5
17:06:57.818,197425,236.0,250.0,52.0,0.0,13.99,0,5
17:06:57.918,197525,236.06,250.0,52.0,0.0,13.93,0,5
17:06:58.017,197625,236.13,250.0,51.0,0.0,13.86,0,5
17:06:58.118,197725,236.19,250.0,53.0,0.0,13.8,0,5
17:06:58.217,197825,236.25,250.0,52.0,0.0,13.74,0,5
17:06:58.317,197925,236.34,250.0,49.0,0.0,13.65,0,5
17:06:58.417,198025,236.42,250.0,51.0,0.0,13.57,0,5
17:06:58.516,198125,236.49,250.0,50.0,0.0,13.5,0,5
17:06:58.616,198225,236.57,250.0,50.0,0.0,13.42,0,5
17:06:58.717,198325,236.65,250.0,51.0,0.0,13.34,0,5
17:06:58.819,198425,236.76,250.0,46.0,0.0,13.23,0,5
17:06:58.917,198525,236.79,250.0,54.0,0.0,13.2,0,5
17:06:59.016,198625,236.83,250.0,54.0,0.0,13.16,0,5
17:06:59.117,198725,236.91,250.0,50.0,0.0,13.08,0,5
17:06:59.216,198825,236.98,250.0,51.0,0.0,13.01,0,5
17:06:59.317,198925,237.08,250.0,47.0,0.0,12.91,0,5
17:06:59.417,199025,237.12,250.0,53.0,0.0,12.87,0,5
17:06:59.517,199125,237.22,250.0,47.0,0.0,12.77,0,5
17:06:59.617,199225,237.28,250.0,50.0,0.0,12.71,0,5
17:06:59.717,199325,237.33,250.0,52.0,0.0,12.66,0,5
17:06:59.817,199425,237.39,250.0,51.0,0.0,12.6,0,5
17:06:59.932,199525,237.44,250.0,52.0,0.0,12.55,0,5
17:07:00.016,199625,237.5,250.0,50.0,0.0,12.49,0,5
17:07:00.117,199725,237.57,250.0,50.0,0.0,12.42,0,5
17:07:00.217,199825,237.62,250.0,52.0,0.0,12.37,0,5
17:07:00.317,199925,237.7,250.0,49.0,0.0,12.29,0,5
17:07:00.417,200025,237.78,250.0,49.0,0.0,12.21,0,5
17:07:00.520,200125,237.84,250.0,50.0,0.0,12.15,0,5
17:07:00.617,200225,237.94,250.0,47.0,0.0,12.05,0,5
17:07:00.717,200325,237.99,250.0,51.0,0.0,12.0,0,5
17:07:00.816,200425,238.05,250.0,50.0,0.0,11.94,0,5
17:07:00.917,200525,238.14,250.0,48.0,0.0,11.85,0,5
17:07:01.017,200625,238.19,250.0,50.0,0.0,11.8,0,5
17:07:01.117,200725,238.25,250.0,50.0,0.0,11.74,0,5
17:07:01.216,200825,238.32,250.0,49.0,0.0,11.67,0,5
17:07:01.316,200925,238.38,250.0,50.0,0.0,11.61,0,5
17:07:01.417,201025,238.46,250.0,47.0,0.0,11.53,0,5
17:07:01.517,201125,238.51,250.0,50.0,0.0,11.48,0,5
17:07:01.627,201225,238.59,250.0,47.0,0.0,11.4,0,5
17:07:01.717,201325,238.65,250.0,49.0,0.0,11.34,0,5
17:07:01.816,201425,238.71,250.0,50.0,0.0,11.28,0,5
17:07:01.916,201525,238.77,250.0,49.0,0.0,11.22,0,5
17:07:02.017,201625,238.84,250.0,48.0,0.0,11.15,0,5
17:07:02.117,201725,238.92,250.0,47.0,0.0,11.07,0,5
17:07:02.216,201825,239.0,250.0,47.0,0.0,10.99,0,5
17:07:02.317,201925,239.06,250.0,49.0,0.0,10.93,0,5
17:07:02.417,202025,239.13,250.0,48.0,0.0,10.86,0,5
17:07:02.516,202125,239.17,250.0,51.0,0.0,10.82,0,5
17:07:02.616,202225,239.23,250.0,48.0,0.0,10.76,0,5
17:07:02.715,202325,239.29,250.0,48.0,0.0,10.7,0,5
17:07:02.817,202425,239.37,250.0,46.0,0.0,10.62,0,5
17:07:02.917,202525,239.47,250.0,44.0,0.0,10.52,0,5
17:07:03.015,202625,239.58,250.0,43.0,0.0,10.41,0,5
17:07:03.116,202725,239.63,250.0,48.0,0.0,10.36,0,5
17:07:03.216,202825,239.71,250.0,45.0,0.0,10.28,0,5
17:07:03.319,202925,239.8,250.0,45.0,0.0,10.19,0,5
17:07:03.416,203025,239.85,250.0,48.0,0.0,10.14,0,5
17:07:03.515,203125,239.93,250.0,45.0,0.0,10.06,0,5
17:07:03.616,203225,240.0,250.0,46.0,0.0,9.99,0,5
17:07:03.734,203342,240.07,250.0,46.0,0.0,9.92,0,5
17:07:03.817,203425,240.13,250.0,47.0,0.0,9.86,0,5
17:07:03.915,203525,240.18,250.0,47.0,0.0,9.81,0,5
17:07:04.016,203625,240.27,250.0,44.0,0.0,9.72,0,5
17:07:04.133,203742,240.34,250.0,45.0,0.0,9.65,0,5
17:07:04.216,203825,240.4,250.0,46.0,0.0,9.59,0,5
17:07:04.315,203925,240.48,250.0,44.0,0.0,9.51,0,5
17:07:04.428,204025,240.56,250.0,44.0,0.0,9.43,0,5
17:07:04.534,204142,240.64,250.0,43.0,0.0,9.35,0,5
17:07:04.615,204225,240.72,250.0,44.0,0.0,9.27,0,5
17:07:04.716,204325,240.77,250.0,46.0,0.0,9.22,0,5
17:07:04.815,204425,240.8,250.0,48.0,0.0,9.19,0,5
17:07:04.933,204542,240.86,250.0,46.0,0.0,9.13,0,5
17:07:05.037,204642,240.97,250.0,41.0,0.0,9.02,0,5
17:07:05.116,204725,241.06,250.0,41.0,0.0,8.93,0,5
17:07:05.232,204842,241.11,250.0,45.0,0.0,8.88,0,5
17:07:05.316,204925,241.16,250.0,46.0,0.0,8.83,0,5
17:07:05.416,205025,241.24,250.0,43.0,0.0,8.75,0,5
17:07:05.515,205125,241.29,250.0,46.0,0.0,8.7,0,5
17:07:05.620,205225,241.35,250.0,44.0,0.0,8.64,0,5
17:07:05.715,205325,241.44,250.0,41.0,0.0,8.55,0,5
17:07:05.816,205425,241.5,250.0,44.0,0.0,8.49,0,5
17:07:05.933,205542,241.56,250.0,44.0,0.0,8.43,0,5
17:07:06.015,205625,241.62,250.0,44.0,0.0,8.37,0,5
17:07:06.116,205725,241.69,250.0,42.0,0.0,8.3,0,5
17:07:06.214,205825,241.73,250.0,45.0,0.0,8.26,0,5
17:07:06.315,205925,241.78,250.0,44.0,0.0,8.21,0,5
17:07:06.415,206025,241.85,250.0,43.0,0.0,8.14,0,5
17:07:06.515,206125,241.92,250.0,42.0,0.0,8.07,0,5
17:07:06.614,206225,241.96,250.0,45.0,0.0,8.03,0,5
17:07:06.715,206325,242.03,250.0,42.0,0.0,7.96,0,5
17:07:06.815,206425,242.1,250.0,42.0,0.0,7.89,0,5
17:07:06.915,206525,242.14,250.0,44.0,0.0,7.85,0,5
17:07:07.015,206625,242.22,250.0,41.0,0.0,7.77,0,5
17:07:07.115,206725,242.27,250.0,43.0,0.0,7.72,0,5
17:07:07.214,206825,242.37,250.0,39.0,0.0,7.62,0,5
17:07:07.343,206925,242.43,250.0,42.0,0.0,7.56,0,5
17:07:07.415,207025,242.48,250.0,42.0,0.0,7.51,0,5
17:07:07.515,207125,242.55,250.0,42.0,0.0,7.44,0,5
17:07:07.615,207225,242.55,250.0,48.0,0.0,7.44,0,5
17:07:07.714,207325,242.49,250.0,53.0,0.03,7.5,0,7
17:07:07.814,207425,242.41,250.0,58.0,0.06,7.58,0,7
17:07:07.922,207525,242.37,250.0,53.0,0.11,7.62,0,7
17:07:08.015,207625,242.34,250.0,52.0,0.18,7.65,0,7
17:07:08.115,207725,242.33,250.0,50.0,0.28,7.66,0,7
17:07:08.215,207825,242.31,250.0,52.0,0.39,7.68,0,7
17:07:08.315,207925,242.33,250.0,48.0,0.53,7.66,0,7
17:07:08.415,208025,242.33,250.0,50.0,0.68,7.66,0,7
17:07:08.514,208125,242.36,250.0,46.0,0.84,7.63,0,7
17:07:08.615,208225,242.38,250.0,48.0,1.01,7.61,0,7
17:07:08.716,208325,242.41,250.0,47.0,1.2,7.58,0,7
17:07:08.815,208425,242.46,250.0,45.0,1.38,7.53,0,7
17:07:08.915,208525,242.46,250.0,45.0,1.57,7.53,0,7
17:07:08.936,208546,242.51,250.0,44.0,1.57,7.48,0,7
17:07:09.030,208625,242.56,250.0,45.0,1.71,7.43,0,7
17:07:09.115,208725,242.59,250.0,46.0,1.9,7.4,0,7
17:07:09.215,208825,242.65,250.0,43.0,2.08,7.34,0,7
17:07:09.315,208925,242.68,250.0,47.0,2.25,7.31,0,7
17:07:09.415,209025,242.7,250.0,47.0,2.4,7.29,0,7
17:07:09.515,209125,242.74,250.0,45.0,2.55,7.25,0,7
17:07:09.615,209225,242.76,250.0,47.0,2.67,7.23,0,7
17:07:09.715,209325,242.81,250.0,45.0,2.78,7.18,0,7
17:07:09.815,209425,242.85,250.0,45.0,2.87,7.14,0,7
17:07:09.915,209525,242.89,250.0,44.0,2.93,7.1,0,7
17:07:10.014,209625,242.89,250.0,49.0,2.98,7.1,0,7
17:07:10.036,209646,242.96,250.0,43.0,2.98,7.03,0,7
17:07:10.114,209725,243.01,250.0,43.0,2.99,6.98,0,7
17:07:10.214,209825,243.04,250.0,46.0,2.99,6.95,0,7
17:07:10.314,209925,243.1,250.0,43.0,2.99,6.89,0,7
17:07:10.415,210025,243.17,250.0,42.0,2.99,6.82,0,7
17:07:10.514,210125,243.24,250.0,42.0,2.99,6.75,0,7
17:07:10.614,210225,243.31,250.0,41.0,2.99,6.68,0,7
17:07:10.714,210325,243.38,250.0,42.0,2.99,6.61,0,7
17:07:10.814,210425,243.43,250.0,43.0,2.99,6.56,0,7
17:07:10.913,210525,243.5,250.0,40.0,2.99,6.49,0,7
17:07:11.014,210625,243.6,250.0,37.0,2.99,6.39,0,7
17:07:11.114,210725,243.67,250.0,40.0,2.99,6.32,0,7
17:07:11.214,210825,243.65,250.0,50.0,2.96,6.34,0,7
17:07:11.314,210925,243.7,250.0,42.0,2.91,6.29,0,7
17:07:11.413,211025,243.77,250.0,40.0,2.84,6.22,0,7
17:07:11.514,211125,243.82,250.0,43.0,2.75,6.17,0,7
17:07:11.614,211225,243.88,250.0,41.0,2.63,6.11,0,7
17:07:11.714,211325,243.97,250.0,37.0,2.5,6.02,0,7
17:07:11.822,211425,244.05,250.0,39.0,2.35,5.94,0,7
17:07:11.914,211525,244.13,250.0,38.0,2.19,5.86,0,7
17:07:12.015,211625,244.2,250.0,39.0,2.02,5.79,0,7
17:07:12.114,211725,244.28,250.0,38.0,1.84,5.71,0,7
17:07:12.214,211825,244.36,250.0,38.0,1.65,5.63,0,7
17:07:12.314,211925,244.42,250.0,39.0,1.46,5.57,0,7
17:07:12.414,212025,244.47,250.0,40.0,1.27,5.52,0,7
17:07:12.514,212125,244.55,250.0,38.0,1.09,5.44,0,7
17:07:12.615,212225,244.59,250.0,41.0,0.91,5.4,0,7
17:07:12.714,212325,244.53,250.0,51.0,0.75,5.46,0,7
17:07:12.814,212425,244.41,250.0,58.0,0.59,5.58,0,7
17:07:12.927,212525,244.27,250.0,60.0,0.45,5.72,0,7
17:07:13.014,212625,244.16,250.0,59.0,0.33,5.83,0,7
17:07:13.114,212725,243.98,250.0,66.0,0.22,6.01,0,7
17:07:13.214,212825,243.89,250.0,57.0,0.14,6.1,0,7
17:07:13.313,212925,244.03,250.0,34.0,0.08,5.96,0,7
17:07:13.414,213025,244.03,250.0,47.0,0.04,5.96,0,7
17:07:13.521,213125,244.07,250.0,44.0,0.02,5.92,0,7
17:07:13.613,213225,244.07,250.0,44.0,0.0,5.92,0,5
17:07:13.634,213246,244.01,250.0,55.0,0.0,5.98,0,5
17:07:13.714,213325,243.95,250.0,54.0,0.0,6.04,0,5
17:07:13.814,213425,243.77,250.0,68.0,0.0,6.22,0,5
17:07:13.914,213525,243.91,250.0,35.0,0.0,6.08,0,5
17:07:14.013,213625,244.09,250.0,30.0,0.0,5.9,0,5
17:07:14.113,213725,244.23,250.0,35.0,0.0,5.76,0,5
17:07:14.214,213825,244.4,250.0,30.0,0.03,5.59,0,7
17:07:14.313,213925,244.46,250.0,41.0,0.05,5.53,0,7
17:07:14.413,214025,244.67,250.0,25.0,0.1,5.32,0,7
17:07:14.513,214125,244.88,250.0,24.0,0.17,5.11,0,7
17:07:14.638,214226,245.08,250.0,25.0,0.26,4.91,0,7
17:07:14.713,214325,245.24,250.0,28.0,0.37,4.75,0,7
17:07:14.813,214425,245.24,250.0,28.0,0.5,4.75,0,7
17:07:14.835,214446,245.44,250.0,23.0,0.5,4.55,0,7
17:07:14.913,214525,245.44,250.0,23.0,0.61,4.55,0,7
17:07:14.935,214546,245.44,250.0,44.0,0.61,4.55,0,7
17:07:15.013,214625,245.44,250.0,44.0,0.73,4.55,0,7
17:07:15.034,214646,245.44,250.0,44.0,0.73,4.55,0,7
17:07:15.114,214725,245.64,250.0,22.0,0.85,4.35,0,7
17:07:15.220,214825,245.82,250.0,24.0,1.03,4.17,0,7
17:07:15.313,214925,246.0,250.0,24.0,1.21,3.99,0,7
17:07:15.412,215025,246.17,250.0,24.0,1.4,3.82,0,7
17:07:15.513,215125,246.29,250.0,29.0,1.59,3.7,0,7
17:07:15.613,215225,246.42,250.0,27.0,1.77,3.57,0,7
17:07:15.713,215325,246.65,250.0,16.0,1.96,3.34,0,7
17:07:15.813,215425,246.89,250.0,14.0,2.13,3.1,0,7
17:07:15.913,215525,247.15,250.0,11.0,2.3,2.84,0,7
17:07:16.013,215625,247.36,250.0,16.0,2.45,2.63,0,7
17:07:16.113,215725,247.57,250.0,15.0,2.59,2.42,0,7
17:07:16.231,215842,247.77,250.0,15.0,2.71,2.22,0,7
17:07:16.313,215925,247.94,250.0,17.0,2.79,2.05,0,7
17:07:16.413,216025,248.09,250.0,18.0,2.88,1.9,0,7
17:07:16.513,216125,248.23,250.0,19.0,2.94,1.76,0,7
17:07:16.613,216225,248.36,250.0,19.0,2.98,1.63,0,7
17:07:16.714,216325,248.47,250.0,21.0,2.99,1.52,0,7
17:07:16.813,216425,248.56,250.0,23.0,2.99,1.43,0,7
17:07:16.919,216525,248.64,250.0,24.0,2.99,1.35,0,7
17:07:17.013,216625,248.72,250.0,23.0,2.99,1.27,0,7
17:07:17.113,216725,248.69,250.0,35.0,2.97,1.3,0,7
17:07:17.212,216825,248.77,250.0,23.0,2.92,1.22,0,7
17:07:17.313,216925,248.86,250.0,21.0,2.84,1.13,0,7
17:07:17.412,217025,248.86,250.0,21.0,2.75,1.13,0,7
17:07:17.433,217046,248.94,250.0,22.0,2.75,1.05,0,7
17:07:17.513,217125,249.02,250.0,22.0,2.67,0.97,0,7
17:07:17.613,217225,249.1,250.0,22.0,2.54,0.89,0,7
17:07:17.713,217325,249.16,250.0,24.0,2.4,0.83,0,7
17:07:17.813,217425,249.26,250.0,19.0,2.24,0.73,0,7
17:07:17.912,217525,249.32,250.0,23.0,2.07,0.67,0,7
17:07:18.013,217625,249.39,250.0,21.0,1.89,0.6,0,7
17:07:18.112,217725,249.39,250.0,21.0,1.71,0.6,0,7
17:07:18.133,217746,249.46,250.0,22.0,1.7,0.53,0,7
17:07:18.212,217825,249.52,250.0,22.0,1.56,0.47,0,7
17:07:18.312,217925,249.56,250.0,24.0,1.37,0.43,0,7
17:07:18.412,218025,249.65,250.0,19.0,1.19,0.34,0,7
17:07:18.512,218125,249.71,250.0,21.0,1.01,0.28,0,7
17:07:18.613,218225,249.71,250.0,21.0,0.83,0.28,0,7
17:07:18.633,218246,249.71,250.0,21.0,0.83,0.28,0,7
17:07:18.713,218325,249.76,250.0,23.0,0.71,0.23,0,7
17:07:18.812,218425,249.81,250.0,22.0,0.56,0.18,0,7
17:07:18.912,218525,249.86,250.0,22.0,0.42,0.13,0,7
17:07:19.012,218625,249.94,250.0,18.0,0.3,0.05,0,7
17:07:19.111,218725,250.02,250.0,19.0,0.2,0.02,0,7
17:07:19.212,218825,250.11,250.0,17.0,0.12,0.11,0,7
17:07:19.311,218925,250.15,250.0,21.0,0.07,0.15,0,7
17:07:19.412,219025,250.15,250.0,21.0,0.03,0.15,0,7
17:07:19.433,219046,250.2,250.0,20.0,0.03,0.2,0,7
17:07:19.512,219125,250.25,250.0,21.0,0.02,0.25,0,7
17:07:19.611,219225,250.3,250.0,20.0,0.0,0.3,0,5
17:07:19.728,219325,250.35,250.0,20.0,0.0,0.35,0,5
17:07:19.812,219425,250.38,250.0,22.0,0.0,0.38,0,5
17:07:19.912,219525,250.43,250.0,19.0,0.0,0.43,0,5
17:07:20.012,219625,250.49,250.0,18.0,0.0,0.49,0,5
17:07:20.112,219725,250.56,250.0,17.0,0.0,0.56,0,5
17:07:20.212,219825,250.56,250.0,17.0,0.0,0.56,0,5
17:07:20.232,219846,250.61,250.0,19.0,0.0,0.61,0,5
17:07:20.314,219925,250.64,250.0,21.0,0.0,0.64,0,5
17:07:20.412,220025,250.68,250.0,20.0,0.0,0.68,0,5
17:07:20.512,220125,250.74,250.0,17.0,0.0,0.74,0,5
17:07:20.611,220225,250.79,250.0,18.0,0.0,0.79,0,5
17:07:20.712,220325,250.79,250.0,18.0,0.0,0.79,0,5
17:07:20.733,220346,250.84,250.0,18.0,0.0,0.84,0,5
17:07:20.812,220425,250.88,250.0,18.0,0.0,0.88,0,5
17:07:20.912,220525,250.92,250.0,18.0,0.0,0.92,0,5
17:07:21.012,220625,250.96,250.0,19.0,0.0,0.96,0,5
17:07:21.112,220725,251.01,250.0,16.0,0.0,-1.01,0,5
17:07:21.212,220825,251.07,250.0,17.0,0.0,-1.07,0,5
17:07:21.312,220925,251.12,250.0,16.0,0.0,-1.12,0,5
17:07:21.424,221025,251.2,250.0,14.0,0.0,-1.2,0,5
17:07:21.512,221125,251.22,250.0,19.0,0.0,-1.22,0,5
17:07:21.612,221225,251.26,250.0,17.0,0.0,-1.26,0,5
17:07:21.712,221325,251.31,250.0,16.0,0.0,-1.31,0,5
17:07:21.812,221425,251.37,250.0,15.0,0.0,-1.37,0,5
17:07:21.912,221525,251.39,250.0,19.0,0.0,-1.39,0,5
17:07:22.011,221625,251.4,250.0,19.0,0.0,-1.4,0,5
17:07:22.111,221725,251.44,250.0,16.0,0.0,-1.44,0,5
17:07:22.211,221825,251.47,250.0,17.0,0.0,-1.47,0,5
17:07:22.311,221925,251.51,250.0,16.0,0.0,-1.51,0,5
17:07:22.411,222025,251.54,250.0,17.0,0.0,-1.54,0,5
17:07:22.526,222125,251.59,250.0,15.0,0.0,-1.59,0,5
17:07:22.611,222225,251.64,250.0,14.0,0.0,-1.64,0,5
17:07:22.711,222325,251.7,250.0,13.0,0.0,-1.7,0,5
17:07:22.810,222425,251.77,250.0,12.0,0.0,-1.77,0,5
17:07:22.910,222525,251.8,250.0,16.0,0.0,-1.8,0,5
17:07:23.011,222625,251.86,250.0,12.0,0.0,-1.86,0,5
17:07:23.111,222725,251.87,250.0,17.0,0.0,-1.87,0,5
17:07:23.211,222825,251.92,250.0,13.0,0.0,-1.92,0,5
17:07:23.311,222925,251.96,250.0,14.0,0.0,-1.96,0,5
17:07:23.411,223025,252.0,250.0,13.0,0.0,-2.0,0,5
17:07:23.511,223125,252.04,250.0,13.0,0.0,-2.04,0,5
17:07:23.611,223225,252.1,250.0,11.0,0.0,-2.1,0,5
17:07:23.711,223325,252.14,250.0,13.0,0.0,-2.14,0,5
17:07:23.810,223425,252.18,250.0,13.0,0.0,-2.18,0,5
17:07:23.911,223525,252.23,250.0,12.0,0.0,-2.23,0,5
17:07:24.011,223625,252.27,250.0,12.0,0.0,-2.27,0,5
17:07:24.111,223725,252.3,250.0,12.0,0.0,-2.3,0,5
17:07:24.214,223825,252.34,250.0,13.0,0.0,-2.34,0,5
17:07:24.311,223925,252.38,250.0,11.0,0.0,-2.38,0,5
17:07:24.410,224025,252.39,250.0,14.0,0.0,-2.39,0,5
17:07:24.511,224125,252.44,250.0,10.0,0.0,-2.44,0,5
17:07:24.611,224225,252.51,250.0,8.0,0.0,-2.51,0,5
17:07:24.711,224325,252.56,250.0,10.0,0.0,-2.56,0,5
17:07:24.811,224425,252.58,250.0,13.0,0.0,-2.58,0,5
17:07:24.911,224525,252.63,250.0,10.0,0.0,-2.63,0,5
17:07:25.011,224625,252.64,250.0,13.0,0.0,-2.64,0,5
17:07:25.111,224725,252.65,250.0,13.0,0.0,-2.65,0,5
17:07:25.211,224825,252.68,250.0,12.0,0.0,-2.68,0,5
17:07:25.321,224925,252.74,250.0,8.0,0.0,-2.74,0,5
17:07:25.411,225025,252.8,250.0,7.0,0.0,-2.8,0,5
17:07:25.510,225125,252.85,250.0,9.0,0.0,-2.85,0,5
17:07:25.611,225225,252.92,250.0,6.0,0.0,-2.92,0,5
17:07:25.711,225325,252.98,250.0,7.0,0.0,-2.98,0,5
17:07:25.811,225425,253.01,250.0,10.0,0.0,-3.01,0,5
17:07:25.913,225525,253.06,250.0,7.0,0.0,-3.06,0,5
17:07:26.011,225625,253.12,250.0,6.0,0.0,-3.12,0,5
17:07:26.111,225725,253.17,250.0,6.0,0.0,-3.17,0,5
17:07:26.210,225825,253.23,250.0,5.0,0.0,-3.23,0,5
17:07:26.310,225925,253.26,250.0,8.0,0.0,-3.26,0,5
17:07:26.410,226025,253.34,250.0,3.0,0.0,-3.34,0,5
17:07:26.509,226125,253.38,250.0,6.0,0.0,-3.38,0,5
17:07:26.611,226225,253.42,250.0,7.0,0.0,-3.42,0,5
17:07:26.711,226325,253.44,250.0,8.0,0.0,-3.44,0,5
17:07:26.810,226425,253.46,250.0,8.0,0.0,-3.46,0,5
17:07:26.910,226525,253.5,250.0,7.0,0.0,-3.5,0,5
17:07:27.016,226625,253.54,250.0,6.0,0.0,-3.54,0,5
17:07:27.110,226725,253.57,250.0,6.0,0.0,-3.57,0,5
17:07:27.210,226825,253.62,250.0,5.0,0.0,-3.62,0,5
17:07:27.309,226925,253.63,250.0,8.0,0.0,-3.63,0,5
17:07:27.410,227025,253.69,250.0,4.0,0.0,-3.69,0,5
17:07:27.510,227125,253.73,250.0,4.0,0.0,-3.73,0,5
17:07:27.610,227225,253.78,250.0,4.0,0.0,-3.78,0,5
17:07:27.710,227325,253.78,250.0,4.0,0.0,-3.78,0,5
17:07:27.731,227346,253.8,250.0,6.0,0.0,-3.8,0,5
17:07:27.810,227425,253.83,250.0,6.0,0.0,-3.83,0,5
17:07:27.910,227525,253.86,250.0,5.0,0.0,-3.86,0,5
17:07:28.010,227625,253.88,250.0,6.0,0.0,-3.88,0,5
17:07:28.114,227725,253.9,250.0,5.0,0.0,-3.9,0,5
17:07:28.209,227825,253.93,250.0,5.0,0.0,-3.93,0,5
17:07:28.310,227925,253.97,250.0,4.0,0.0,-3.97,0,5
17:07:28.410,228025,253.97,250.0,4.0,0.0,-3.97,0,5
17:07:28.431,228046,254.02,250.0,1.0,0.0,-4.02,0,5
17:07:28.510,228125,254.06,250.0,3.0,0.0,-4.06,0,5
17:07:28.610,228225,254.12,250.0,0.0,0.0,-4.12,0,4
17:07:28.727,228342,254.17,250.0,2.0,0.0,-4.17,0,5
17:07:28.810,228425,254.17,250.0,2.0,0.0,-4.17,0,5
17:07:28.831,228446,254.17,250.0,2.0,0.0,-4.17,0,5
17:07:28.910,228525,254.17,250.0,2.0,0.0,-4.17,0,5
17:07:28.931,228546,254.22,250.0,1.0,0.0,-4.22,0,5
17:07:29.010,228625,254.25,250.0,3.0,0.0,-4.25,0,5
17:07:29.110,228725,254.27,250.0,4.0,0.0,-4.27,0,5
17:07:29.244,228825,254.32,250.0,0.0,0.0,-4.32,0,4
17:07:29.310,228925,254.36,250.0,2.0,0.0,-4.36,0,5
17:07:29.410,229025,254.4,250.0,1.0,0.0,-4.4,0,5
17:07:29.510,229125,254.41,250.0,3.0,0.0,-4.41,0,5
17:07:29.610,229225,254.43,250.0,4.0,0.0,-4.43,0,5
17:07:29.709,229325,254.43,250.0,4.0,0.0,-4.43,0,5
17:07:29.731,229346,254.47,250.0,1.0,0.0,-4.47,0,5
17:07:29.816,229425,254.5,250.0,1.0,0.0,-4.5,0,5
17:07:29.910,229525,254.56,250.0,0.0,0.0,-4.56,0,4
17:07:30.010,229625,254.65,250.0,0.0,0.0,-4.65,0,4
17:07:30.109,229725,254.65,250.0,0.0,0.0,-4.65,0,4
17:07:30.131,229746,254.67,250.0,1.0,0.0,-4.67,0,5
17:07:30.209,229825,254.67,250.0,3.0,0.0,-4.67,0,5
17:07:30.230,229846,254.74,250.0,0.0,0.0,-4.74,0,4
17:07:30.309,229925,254.78,250.0,0.0,0.0,-4.78,0,4
17:07:30.408,230025,254.78,250.0,0.0,0.0,-4.78,0,4
17:07:30.431,230046,254.84,250.0,0.0,0.0,-4.84,0,4
17:07:30.510,230125,254.89,250.0,0.0,0.0,-4.89,0,4
17:07:30.609,230225,254.89,250.0,0.0,0.0,-4.89,0,4
17:07:30.630,230246,254.89,250.0,2.0,0.0,-4.89,0,5
17:07:30.708,230325,254.97,250.0,0.0,0.0,-4.97,0,4
17:07:30.809,230425,255.02,250.0,0.0,0.0,-5.02,0,4
17:07:30.909,230525,255.05,250.0,0.0,0.0,-5.05,0,4
17:07:31.009,230625,255.1,250.0,0.0,0.0,-5.1,0,4
17:07:31.110,230725,255.14,250.0,0.0,0.0,-5.14,0,4
17:07:31.209,230825,255.17,250.0,0.0,0.0,-5.17,0,4
17:07:31.309,230925,255.2,250.0,0.0,0.0,-5.2,0,4
17:07:31.409,231025,255.25,250.0,0.0,0.0,-5.25,0,4
17:07:31.509,231125,255.26,250.0,0.0,0.0,-5.26,0,4
17:07:31.608,231225,255.29,250.0,0.0,0.0,-5.29,0,4
17:07:31.709,231325,255.33,250.0,0.0,0.0,-5.33,0,4
17:07:31.809,231425,255.33,250.0,0.0,0.0,-5.33,0,4
17:07:31.909,231525,255.33,250.0,0.0,0.0,-5.33,0,4
17:07:32.009,231625,255.37,250.0,0.0,0.0,-5.37,0,4
17:07:32.108,231725,255.4,250.0,0.0,0.0,-5.4,0,4
17:07:32.209,231825,255.46,250.0,0.0,0.0,-5.46,0,4
17:07:32.309,231925,255.49,250.0,0.0,0.0,-5.49,0,4
17:07:32.409,232025,255.52,250.0,0.0,0.0,-5.52,0,4
17:07:32.509,232125,255.53,250.0,0.0,0.0,-5.53,0,4
17:07:32.631,232225,255.55,250.0,0.0,0.0,-5.55,0,4
17:07:32.709,232325,255.59,250.0,0.0,0.0,-5.59,0,4
17:07:32.809,232425,255.64,250.0,0.0,0.0,-5.64,0,4
17:07:32.909,232525,255.68,250.0,0.0,0.0,-5.68,0,4
17:07:33.009,232625,255.69,250.0,0.0,0.0,-5.69,0,4
17:07:33.109,232725,255.76,250.0,0.0,0.0,-5.76,0,4
17:07:33.211,232825,255.8,250.0,0.0,0.0,-5.8,0,4
17:07:33.309,232925,255.87,250.0,0.0,0.0,-5.87,0,4
17:07:33.409,233025,255.89,250.0,0.0,0.0,-5.89,0,4
17:07:33.509,233125,255.9,250.0,0.0,0.0,-5.9,0,4
17:07:33.609,233225,255.92,250.0,0.0,0.0,-5.92,0,4
17:07:33.709,233325,255.97,250.0,0.0,0.0,-5.97,0,4
17:07:33.809,233425,255.99,250.0,0.0,0.0,-5.99,0,4
17:07:33.909,233525,255.98,250.0,0.0,0.0,-5.98,0,4
17:07:34.008,233625,256.02,250.0,0.0,0.0,-6.02,0,4
17:07:34.109,233725,256.03,250.0,0.0,0.0,-6.03,0,4
17:07:34.208,233825,256.06,250.0,0.0,0.0,-6.06,0,4
17:07:34.325,233925,256.07,250.0,0.0,0.0,-6.07,0,4
17:07:34.408,234025,256.09,250.0,0.0,0.0,-6.09,0,4
17:07:34.508,234125,256.09,250.0,0.0,0.0,-6.09,0,4
17:07:34.608,234225,256.06,250.0,0.0,0.0,-6.06,0,4
17:07:34.708,234325,256.06,250.0,0.0,0.0,-6.06,0,4
17:07:34.807,234425,256.05,250.0,0.0,0.0,-6.05,0,4
17:07:34.907,234525,256.08,250.0,0.0,0.0,-6.08,0,4
17:07:35.008,234625,256.07,250.0,0.0,0.0,-6.07,0,4
17:07:35.108,234725,256.07,250.0,0.0,0.0,-6.07,0,4
17:07:35.208,234825,256.08,250.0,0.0,0.0,-6.08,0,4
17:07:35.308,234925,256.09,250.0,0.0,0.0,-6.09,0,4
17:07:35.408,235025,256.1,250.0,0.0,0.0,-6.1,0,4
17:07:35.507,235125,256.1,250.0,0.0,0.0,-6.1,0,4
17:07:35.608,235225,256.09,250.0,0.0,0.0,-6.09,0,4
17:07:35.708,235325,256.05,250.0,0.0,0.0,-6.05,0,4
17:07:35.808,235425,256.05,250.0,0.0,0.0,-6.05,0,4
17:07:35.907,235525,256.07,250.0,0.0,0.0,-6.07,0,4
17:07:36.010,235625,256.06,250.0,0.0,0.0,-6.06,0,4
17:07:36.107,235725,256.08,250.0,0.0,0.0,-6.08,0,4
17:07:36.208,235825,256.03,250.0,0.0,0.0,-6.03,0,4
17:07:36.308,235925,256.0,250.0,0.0,0.0,-6.0,0,4
17:07:36.408,236025,256.02,250.0,0.0,0.0,-6.02,0,4
17:07:36.508,236125,255.99,250.0,0.0,0.0,-5.99,0,4
17:07:36.607,236225,255.97,250.0,0.0,0.0,-5.97,0,4
17:07:36.708,236325,255.93,250.0,0.0,0.0,-5.93,0,4
17:07:36.808,236425,255.91,250.0,0.0,0.0,-5.91,0,4
17:07:36.908,236525,255.86,250.0,0.0,0.0,-5.86,0,4
17:07:37.008,236625,255.83,250.0,0.0,0.0,-5.83,0,4
17:07:37.132,236725,255.77,250.0,0.0,0.0,-5.77,0,4
17:07:37.208,236825,255.72,250.0,0.0,0.0,-5.72,0,4
17:07:37.308,236925,255.68,250.0,0.0,0.0,-5.68,0,4
17:07:37.408,237025,255.65,250.0,0.0,0.0,-5.65,0,4
17:07:37.508,237125,255.59,250.0,0.0,0.0,-5.59,0,4
17:07:37.607,237225,255.52,250.0,0.0,0.0,-5.52,0,4
17:07:37.707,237325,255.48,250.0,0.0,0.0,-5.48,0,4
17:07:37.808,237425,255.42,250.0,0.0,0.0,-5.42,0,4
17:07:37.908,237525,255.41,250.0,0.0,0.0,-5.41,0,4
17:07:38.007,237625,255.39,250.0,0.0,0.0,-5.39,0,4
17:07:38.108,237725,255.36,250.0,0.0,0.0,-5.36,0,4
17:07:38.207,237825,255.3,250.0,0.0,0.0,-5.3,0,4
17:07:38.307,237925,255.25,250.0,0.0,0.0,-5.25,0,4
17:07:38.407,238025,255.18,250.0,1.0,0.0,-5.18,0,5
17:07:38.506,238125,255.18,250.0,1.0,0.0,-5.18,0,5
17:07:38.529,238146,255.09,250.0,4.0,0.0,-5.09,0,5
17:07:38.607,238225,255.0,250.0,4.0,0.0,-5.0,0,5
17:07:38.707,238325,254.94,250.0,1.0,0.0,-4.94,0,5
17:07:38.828,238425,254.85,250.0,4.0,0.0,-4.85,0,5
17:07:38.907,238525,254.78,250.0,2.0,0.0,-4.78,0,5
17:07:39.007,238625,254.73,250.0,1.0,0.0,-4.73,0,5
17:07:39.107,238725,254.67,250.0,2.0,0.0,-4.67,0,5
17:07:39.207,238825,254.62,250.0,1.0,0.0,-4.62,0,5
17:07:39.307,238925,254.55,250.0,3.0,0.0,-4.55,0,5
17:07:39.406,239025,254.49,250.0,3.0,0.0,-4.49,0,5
17:07:39.507,239125,254.38,250.0,8.0,0.0,-4.38,0,5
17:07:39.606,239225,254.3,250.0,4.0,0.0,-4.3,0,5
17:07:39.707,239325,254.26,250.0,1.0,0.0,-4.26,0,5
17:07:39.807,239425,254.2,250.0,3.0,0.0,-4.2,0,5
17:07:39.907,239525,254.12,250.0,6.0,0.0,-4.12,0,5
17:07:40.007,239625,254.01,250.0,9.0,0.0,-4.01,0,5
17:07:40.106,239725,253.91,250.0,8.0,0.0,-3.91,0,5
17:07:40.206,239825,253.84,250.0,6.0,0.0,-3.84,0,5
17:07:40.307,239925,253.77,250.0,6.0,0.0,-3.77,0,5
17:07:40.407,240025,253.65,250.0,10.0,0.0,-3.65,0,5
17:07:40.518,240125,253.56,250.0,8.0,0.0,-3.56,0,5
17:07:40.607,240225,253.46,250.0,10.0,0.0,-3.46,0,5
17:07:40.707,240325,253.42,250.0,4.0,0.0,-3.42,0,5
17:07:40.807,240425,253.31,250.0,11.0,0.0,-3.31,0,5
17:07:40.907,240525,253.21,250.0,11.0,0.0,-3.21,0,5
17:07:41.007,240625,253.1,250.0,12.0,0.0,-3.1,0,5
17:07:41.106,240725,253.04,250.0,7.0,0.0,-3.04,0,5
17:07:41.207,240825,252.95,250.0,11.0,0.0,-2.95,0,5
17:07:41.307,240925,252.86,250.0,11.0,0.0,-2.86,0,5
17:07:41.407,241025,252.75,250.0,13.0,0.0,-2.75,0,5
17:07:41.506,241125,252.69,250.0,9.0,0.0,-2.69,0,5
17:07:41.642,241225,252.58,250.0,13.0,0.0,-2.58,0,5
17:07:41.707,241325,252.5,250.0,11.0,0.0,-2.5,0,5
17:07:41.806,241425,252.39,250.0,15.0,0.0,-2.39,0,5
17:07:41.907,241525,252.31,250.0,13.0,0.0,-2.31,0,5
17:07:42.007,241625,252.2,250.0,15.0,0.0,-2.2,0,5
17:07:42.106,241725,252.11,250.0,14.0,0.0,-2.11,0,5
17:07:42.211,241825,252.03,250.0,13.0,0.0,-2.03,0,5
17:07:42.307,241925,251.94,250.0,14.0,0.0,-1.94,0,5
17:07:42.406,242025,251.84,250.0,16.0,0.0,-1.84,0,5
17:07:42.506,242125,251.77,250.0,13.0,0.0,-1.77,0,5
17:07:42.606,242225,251.69,250.0,13.0,0.0,-1.69,0,5
17:07:42.706,242325,251.62,250.0,14.0,0.0,-1.62,0,5
17:07:42.806,242425,251.53,250.0,15.0,0.0,-1.53,0,5
17:07:42.906,242525,251.45,250.0,16.0,0.0,-1.45,0,5
17:07:43.006,242625,251.37,250.0,15.0,0.0,-1.37,0,5
17:07:43.106,242725,251.27,250.0,17.0,0.0,-1.27,0,5
17:07:43.206,242825,251.18,250.0,18.0,0.0,-1.18,0,5
17:07:43.330,242925,251.1,250.0,16.0,0.0,-1.1,0,5
17:07:43.406,243025,251.02,250.0,17.0,0.0,-1.02,0,5
17:07:43.506,243125,250.94,250.0,17.0,0.0,0.94,0,5
17:07:43.606,243225,250.85,250.0,18.0,0.0,0.85,0,5
17:07:43.706,243325,250.76,250.0,19.0,0.0,0.76,0,5
17:07:43.807,243425,250.69,250.0,17.0,0.0,0.69,0,5
17:07:43.907,243525,250.69,250.0,17.0,0.0,0.69,0,5
17:07:43.926,243546,250.6,250.0,19.0,0.0,0.6,0,5
17:07:44.006,243625,250.52,250.0,18.0,0.0,0.52,0,5
17:07:44.106,243725,250.44,250.0,19.0,0.0,0.44,0,5
17:07:44.206,243825,250.36,250.0,20.0,0.0,0.36,0,5
17:07:44.306,243925,250.27,250.0,21.0,0.0,0.27,0,5
17:07:44.406,244025,250.2,250.0,19.0,0.0,0.2,0,5
17:07:44.505,244125,250.08,250.0,24.0,0.0,0.08,0,5
17:07:44.606,244225,249.99,250.0,21.0,0.0,0.0,0,5
17:07:44.706,244325,249.93,250.0,19.0,0.0,0.06,0,5
17:07:44.805,244425,249.85,250.0,21.0,0.0,0.14,0,5
17:07:44.906,244525,249.77,250.0,21.0,0.0,0.22,0,5
17:07:45.033,244625,249.69,250.0,22.0,0.0,0.3,0,5
17:07:45.106,244725,249.61,250.0,22.0,0.0,0.38,0,5
17:07:45.206,244825,249.52,250.0,23.0,0.0,0.47,0,5
17:07:45.306,244925,249.46,250.0,21.0,0.0,0.53,0,5
17:07:45.406,245025,249.4,250.0,21.0,0.0,0.59,0,5
17:07:45.506,245125,249.31,250.0,24.0,0.0,0.68,0,5
17:07:45.607,245225,249.22,250.0,25.0,0.0,0.77,0,5
17:07:45.706,245325,249.15,250.0,23.0,0.0,0.84,0,5
17:07:45.806,245425,249.07,250.0,24.0,0.0,0.92,0,5
17:07:45.906,245525,248.99,250.0,25.0,0.0,1.0,0,5
17:07:46.006,245625,248.91,250.0,25.0,0.0,1.08,0,5
17:07:46.105,245725,248.85,250.0,24.0,0.0,1.14,0,5
17:07:46.205,245825,248.78,250.0,25.0,0.0,1.21,0,5
17:07:46.306,245925,248.68,250.0,28.0,0.0,1.31,0,5
17:07:46.406,246025,248.63,250.0,23.0,0.0,1.36,0,5
17:07:46.505,246125,248.57,250.0,24.0,0.0,1.42,0,5
17:07:46.605,246225,248.51,250.0,25.0,0.0,1.48,0,5
17:07:46.714,246325,248.45,250.0,25.0,0.0,1.54,0,5
17:07:46.805,246425,248.41,250.0,23.0,0.0,1.58,0,5
17:07:46.905,246525,248.35,250.0,26.0,0.0,1.64,0,5
17:07:47.004,246625,248.3,250.0,25.0,0.0,1.69,0,5
17:07:47.105,246725,248.24,250.0,26.0,0.0,1.75,0,5
17:07:47.205,246825,248.17,250.0,27.0,0.0,1.82,0,5
17:07:47.305,246925,248.12,250.0,25.0,0.0,1.87,0,5
17:07:47.405,247025,248.08,250.0,25.0,0.0,1.91,0,5
17:07:47.504,247125,248.03,250.0,26.0,0.0,1.96,0,5
17:07:47.605,247225,248.0,250.0,24.0,0.0,1.99,0,5
17:07:47.705,247325,247.94,250.0,27.0,0.0,2.05,0,5
17:07:47.805,247425,247.9,250.0,26.0,0.0,2.09,0,5
17:07:47.904,247525,247.86,250.0,25.0,0.0,2.13,0,5
17:07:48.005,247625,247.81,250.0,27.0,0.0,2.18,0,5
17:07:48.105,247725,247.77,250.0,27.0,0.0,2.22,0,5
17:07:48.205,247825,247.74,250.0,25.0,0.0,2.25,0,5
17:07:48.305,247925,247.71,250.0,25.0,0.03,2.28,0,7
17:07:48.406,248025,247.58,250.0,36.0,0.06,2.41,0,7
17:07:48.504,248125,247.58,250.0,23.0,0.11,2.41,0,7
17:07:48.526,248146,247.55,250.0,27.0,0.12,2.44,0,7
17:07:48.605,248225,247.52,250.0,27.0,0.17,2.47,0,7
17:07:48.706,248325,247.5,250.0,25.0,0.26,2.49,0,7
17:07:48.805,248425,247.48,250.0,25.0,0.38,2.51,0,7
17:07:48.905,248525,247.45,250.0,27.0,0.51,2.54,0,7
17:07:49.005,248625,247.41,250.0,27.0,0.65,2.58,0,7
17:07:49.105,248725,247.41,250.0,25.0,0.82,2.58,0,7
17:07:49.204,248825,247.39,250.0,26.0,0.99,2.6,0,7
17:07:49.304,248925,247.38,250.0,26.0,1.17,2.61,0,7
17:07:49.405,249025,247.38,250.0,24.0,1.35,2.61,0,7
17:07:49.425,249046,247.31,250.0,31.0,1.36,2.68,0,7
17:07:49.531,249125,247.31,250.0,31.0,1.5,2.68,0,7
17:07:49.535,249146,247.28,250.0,28.0,1.5,2.71,0,7
17:07:49.605,249225,247.26,250.0,28.0,1.64,2.73,0,7
17:07:49.705,249325,247.24,250.0,26.0,1.83,2.75,0,7
17:07:49.805,249425,247.23,250.0,26.0,2.01,2.76,0,7
17:07:49.905,249525,247.24,250.0,24.0,2.18,2.75,0,7
17:07:50.005,249625,247.24,250.0,25.0,2.34,2.75,0,7
17:07:50.106,249725,247.24,250.0,25.0,2.49,2.75,0,7
17:07:50.126,249746,247.21,250.0,29.0,2.49,2.78,0,7
17:07:50.204,249825,247.17,250.0,29.0,2.59,2.82,0,7
17:07:50.304,249925,247.16,250.0,27.0,2.71,2.83,0,7
17:07:50.404,250025,247.16,250.0,25.0,2.81,2.83,0,7
17:07:50.504,250125,247.15,250.0,27.0,2.89,2.84,0,7
17:07:50.605,250225,247.13,250.0,27.0,2.95,2.86,0,7
17:07:50.704,250325,247.13,250.0,27.0,2.98,2.86,0,7
17:07:50.725,250346,247.12,250.0,27.0,2.98,2.87,0,7
17:07:50.804,250425,247.12,250.0,26.0,2.99,2.87,0,7
17:07:50.904,250525,247.1,250.0,28.0,2.99,2.89,0,7
17:07:51.004,250625,247.1,250.0,28.0,2.99,2.89,0,7
17:07:51.026,250646,247.09,250.0,27.0,2.99,2.9,0,7
17:07:51.104,250725,247.07,250.0,28.0,2.99,2.92,0,7
17:07:51.212,250825,247.1,250.0,23.0,2.99,2.89,0,7
17:07:51.304,250925,247.09,250.0,27.0,2.99,2.9,0,7
17:07:51.404,251025,247.09,250.0,26.0,2.99,2.9,0,7
17:07:51.504,251125,247.07,250.0,29.0,2.99,2.92,0,7
17:07:51.604,251225,247.08,250.0,26.0,2.99,2.91,0,7
17:07:51.704,251325,247.07,250.0,27.0,2.99,2.92,0,7
17:07:51.804,251425,247.07,250.0,26.0,2.99,2.92,0,7
17:07:51.904,251525,247.08,250.0,26.0,2.99,2.91,0,7
17:07:52.003,251625,247.06,250.0,29.0,2.99,2.93,0,7
17:07:52.104,251725,247.09,250.0,24.0,2.99,2.9,0,7
17:07:52.205,251825,247.11,250.0,24.0,2.99,2.88,0,7
17:07:52.322,251925,247.11,250.0,27.0,2.99,2.88,0,7
17:07:52.404,252025,247.11,250.0,27.0,2.99,2.88,0,7
17:07:52.425,252046,247.13,250.0,25.0,2.99,2.86,0,7
17:07:52.504,252125,247.14,250.0,26.0,2.99,2.85,0,7
17:07:52.604,252225,247.16,250.0,25.0,2.99,2.83,0,7
17:07:52.704,252325,247.21,250.0,21.0,2.99,2.78,0,7
17:07:52.804,252425,247.21,250.0,21.0,2.99,2.78,0,7
17:07:52.825,252446,247.21,250.0,21.0,2.99,2.78,0,7
17:07:52.904,252525,247.25,250.0,23.0,2.99,2.74,0,7
17:07:53.004,252625,247.29,250.0,22.0,2.99,2.7,0,7
17:07:53.104,252725,247.29,250.0,22.0,2.99,2.7,0,7
17:07:53.125,252746,247.31,250.0,24.0,2.99,2.68,0,7
17:07:53.204,252825,247.31,250.0,26.0,2.99,2.68,0,7
17:07:53.303,252925,247.31,250.0,26.0,2.99,2.68,0,7
17:07:53.324,252946,247.35,250.0,22.0,2.99,2.64,0,7
17:07:53.404,253025,247.39,250.0,23.0,2.99,2.6,0,7
17:07:53.504,253125,247.39,250.0,23.0,2.99,2.6,0,7
17:07:53.525,253146,247.38,250.0,26.0,2.99,2.61,0,7
17:07:53.604,253225,247.38,250.0,26.0,2.99,2.61,0,7
17:07:53.704,253325,247.4,250.0,24.0,2.99,2.59,0,7
17:07:53.803,253425,247.4,250.0,24.0,2.99,2.59,0,7
17:07:53.826,253446,247.4,250.0,27.0,2.99,2.59,0,7
17:07:53.903,253525,247.4,250.0,27.0,2.99,2.59,0,7
17:07:53.925,253546,247.4,250.0,27.0,2.99,2.59,0,7
17:07:54.021,253625,247.41,250.0,24.0,2.99,2.58,0,7
17:07:54.104,253725,247.42,250.0,26.0,2.99,2.57,0,7
17:07:54.203,253825,247.42,250.0,26.0,2.99,2.57,0,7
17:07:54.225,253846,247.45,250.0,23.0,2.99,2.54,0,7
17:07:54.303,253925,247.47,250.0,23.0,2.99,2.52,0,7
17:07:54.403,254025,247.49,250.0,24.0,2.99,2.5,0,7
17:07:54.502,254125,247.53,250.0,23.0,2.99,2.46,0,7
17:07:54.603,254225,247.53,250.0,23.0,2.99,2.46,0,7
17:07:54.625,254246,247.55,250.0,23.0,2.99,2.44,0,7
17:07:54.704,254325,247.58,250.0,23.0,2.99,2.41,0,7
17:07:54.804,254425,247.58,250.0,23.0,2.99,2.41,0,7
17:07:54.825,254446,247.59,250.0,25.0,2.99,2.4,0,7
17:07:54.903,254525,247.6,250.0,25.0,2.99,2.39,0,7
17:07:55.003,254625,247.6,250.0,25.0,2.99,2.39,0,7
17:07:55.025,254646,247.64,250.0,22.0,2.99,2.35,0,7
17:07:55.103,254725,247.66,250.0,23.0,2.99,2.33,0,7
17:07:55.202,254825,247.66,250.0,23.0,2.99,2.33,0,7
17:07:55.224,254846,247.69,250.0,23.0,2.99,2.3,0,7
17:07:55.303,254925,247.72,250.0,23.0,2.99,2.27,0,7
17:07:55.403,255025,247.72,250.0,23.0,2.99,2.27,0,7
17:07:55.425,255046,247.73,250.0,24.0,2.99,2.26,0,7
17:07:55.503,255125,247.75,250.0,23.0,2.99,2.24,0,7
17:07:55.603,255225,247.76,250.0,23.0,2.99,2.23,0,7
17:07:55.719,255325,247.79,250.0,22.0,2.99,2.2,0,7
17:07:55.803,255425,247.79,250.0,22.0,2.99,2.2,0,7
17:07:55.824,255446,247.83,250.0,21.0,2.99,2.16,0,7
17:07:55.903,255525,247.83,250.0,21.0,2.99,2.16,0,7
17:07:55.923,255546,247.83,250.0,25.0,2.99,2.16,0,7
17:07:56.002,255625,247.83,250.0,25.0,2.99,2.16,0,7
17:07:56.024,255646,247.83,250.0,25.0,2.99,2.16,0,7
17:07:56.102,255725,247.87,250.0,20.0,2.99,2.12,0,7
17:07:56.204,255825,247.9,250.0,22.0,2.99,2.09,0,7
17:07:56.306,255925,247.94,250.0,21.0,2.99,2.05,0,7
17:07:56.402,256025,247.94,250.0,21.0,2.99,2.05,0,7
17:07:56.423,256046,247.94,250.0,25.0,2.99,2.05,0,7
17:07:56.502,256125,247.94,250.0,25.0,2.99,2.05,0,7
17:07:56.602,256225,248.0,250.0,19.0,2.99,1.99,0,7
17:07:56.703,256325,248.02,250.0,22.0,2.99,1.97,0,7
17:07:56.802,256425,248.08,250.0,18.0,2.99,1.91,0,7
17:07:56.903,256525,248.12,250.0,21.0,2.99,1.87,0,7
17:07:57.003,256625,248.16,250.0,20.0,2.99,1.83,0,7
17:07:57.102,256725,248.2,250.0,19.0,2.99,1.79,0,7
17:07:57.203,256825,248.2,250.0,19.0,2.99,1.79,0,7
17:07:57.224,256846,248.22,250.0,22.0,2.99,1.77,0,7
17:07:57.303,256925,248.24,250.0,22.0,2.99,1.75,0,7
17:07:57.417,257025,248.24,250.0,22.0,2.99,1.75,0,7
17:07:57.424,257046,248.28,250.0,20.0,2.99,1.71,0,7
17:07:57.503,257125,248.33,250.0,19.0,2.99,1.66,0,7
17:07:57.602,257225,248.33,250.0,19.0,2.99,1.66,0,7
17:07:57.623,257246,248.36,250.0,20.0,2.99,1.63,0,7
17:07:57.703,257325,248.37,250.0,22.0,2.99,1.62,0,7
17:07:57.803,257425,248.4,250.0,21.0,2.99,1.59,0,7
17:07:57.902,257525,248.4,250.0,21.0,2.99,1.59,0,7
17:07:57.923,257546,248.43,250.0,20.0,2.99,1.56,0,7
17:07:58.003,257625,248.43,250.0,20.0,2.99,1.56,0,7
17:07:58.024,257646,248.44,250.0,22.0,2.99,1.55,0,7
17:07:58.102,257725,248.44,250.0,22.0,2.99,1.55,0,7
17:07:58.124,257746,248.44,250.0,22.0,2.99,1.55,0,7
17:07:58.203,257825,248.49,250.0,19.0,2.99,1.5,0,7
17:07:58.303,257925,248.54,250.0,18.0,2.99,1.45,0,7
17:07:58.401,258025,248.54,250.0,18.0,2.99,1.45,0,7
17:07:58.424,258046,248.57,250.0,19.0,2.99,1.42,0,7
17:07:58.502,258125,248.6,250.0,20.0,2.99,1.39,0,7
17:07:58.601,258225,248.6,250.0,20.0,2.99,1.39,0,7
17:07:58.624,258246,248.64,250.0,19.0,2.99,1.35,0,7
17:07:58.702,258325,248.67,250.0,19.0,2.99,1.32,0,7
17:07:58.802,258425,248.74,250.0,15.0,2.99,1.25,0,7
17:07:58.902,258525,248.79,250.0,17.0,2.99,1.2,0,7
17:07:59.003,258625,248.79,250.0,17.0,2.99,1.2,0,7
17:07:59.024,258646,248.81,250.0,20.0,2.99,1.18,0,7
17:07:59.102,258725,248.81,250.0,20.0,2.99,1.18,0,7
17:07:59.122,258746,248.81,250.0,20.0,2.99,1.18,0,7
17:07:59.202,258825,248.83,250.0,20.0,2.99,1.16,0,7
17:07:59.301,258925,248.83,250.0,20.0,2.99,1.16,0,7
17:07:59.323,258946,248.85,250.0,19.0,2.99,1.14,0,7
17:07:59.402,259025,248.88,250.0,19.0,2.99,1.11,0,7
17:07:59.502,259125,248.88,250.0,19.0,2.99,1.11,0,7
17:07:59.524,259146,248.91,250.0,18.0,2.99,1.08,0,7
17:07:59.613,259225,248.94,250.0,18.0,2.99,1.05,0,7
17:07:59.702,259325,248.94,250.0,18.0,2.99,1.05,0,7
17:07:59.723,259346,248.98,250.0,17.0,2.99,1.01,0,7
17:07:59.802,259425,249.02,250.0,18.0,2.99,0.97,0,7
17:07:59.902,259525,249.06,250.0,17.0,2.99,0.93,0,7
17:08:00.003,259625,249.13,250.0,14.0,2.99,0.86,0,7
17:08:00.102,259725,249.17,250.0,16.0,2.99,0.82,0,7
17:08:00.202,259825,249.24,250.0,14.0,2.99,0.75,0,7
17:08:00.302,259925,249.24,250.0,14.0,2.99,0.75,0,7
17:08:00.323,259946,249.28,250.0,16.0,2.99,0.71,0,7
17:08:00.402,260025,249.33,250.0,16.0,2.99,0.66,0,7
17:08:00.502,260125,249.33,250.0,16.0,2.99,0.66,0,7
17:08:00.522,260146,249.36,250.0,16.0,2.99,0.63,0,7
17:08:00.602,260225,249.39,250.0,18.0,2.99,0.6,0,7
17:08:00.702,260325,249.44,250.0,14.0,2.99,0.55,0,7
17:08:00.801,260425,249.44,250.0,14.0,2.99,0.55,0,7
17:08:00.823,260446,249.5,250.0,13.0,2.99,0.49,0,7
17:08:00.902,260525,249.57,250.0,12.0,2.99,0.42,0,7
17:08:01.002,260625,249.61,250.0,15.0,2.99,0.38,0,7
17:08:01.102,260725,249.61,250.0,15.0,2.99,0.38,0,7
17:08:01.123,260746,249.64,250.0,15.0,2.99,0.35,0,7
17:08:01.203,260825,249.64,250.0,15.0,2.99,0.35,0,7
17:08:01.225,260846,249.64,250.0,15.0,2.99,0.35,0,7
17:08:01.304,260925,249.67,250.0,16.0,2.99,0.32,0,7
17:08:01.401,261025,249.67,250.0,16.0,2.99,0.32,0,7
17:08:01.422,261046,249.7,250.0,16.0,2.99,0.29,0,7
17:08:01.502,261125,249.7,250.0,16.0,2.99,0.29,0,7
17:08:01.523,261146,249.75,250.0,14.0,2.99,0.24,0,7
17:08:01.602,261225,249.79,250.0,14.0,2.99,0.2,0,7
17:08:01.701,261325,249.79,250.0,14.0,2.99,0.2,0,7
17:08:01.723,261346,249.79,250.0,14.0,2.99,0.2,0,7
17:08:01.801,261425,249.87,250.0,10.0,2.99,0.12,0,7
17:08:01.901,261525,249.9,250.0,15.0,2.99,0.09,0,7
17:08:02.002,261625,249.94,250.0,14.0,2.99,0.05,0,7
17:08:02.101,261725,249.94,250.0,14.0,2.99,0.05,0,7
17:08:02.122,261746,249.95,250.0,16.0,2.99,0.04,0,7
17:08:02.201,261825,249.95,250.0,16.0,2.99,0.04,0,7
17:08:02.223,261846,250.0,250.0,13.0,2.99,0.0,0,7
17:08:02.300,261925,250.0,250.0,13.0,2.99,0.0,0,7
17:08:02.323,261946,250.05,250.0,12.0,2.99,0.05,0,7
17:08:02.433,262025,250.05,250.0,12.0,2.99,0.05,0,7
17:08:02.434,262046,250.1,250.0,12.0,2.99,0.1,0,7
17:08:02.501,262125,250.1,250.0,12.0,2.99,0.1,0,7
17:08:02.523,262146,250.16,250.0,11.0,2.99,0.16,0,7
17:08:02.601,262225,250.21,250.0,11.0,2.99,0.21,0,7
17:08:02.701,262325,250.25,250.0,12.0,2.99,0.25,0,7
17:08:02.801,262425,250.3,250.0,12.0,2.99,0.3,0,7
17:08:02.901,262525,250.35,250.0,11.0,2.99,0.35,0,7
17:08:03.002,262625,250.41,250.0,9.0,2.99,0.41,0,7
17:08:03.101,262725,250.41,250.0,9.0,2.99,0.41,0,7
17:08:03.122,262746,250.43,250.0,14.0,2.99,0.43,0,7
17:08:03.201,262825,250.44,250.0,14.0,2.99,0.44,0,7
17:08:03.302,262925,250.49,250.0,11.0,2.99,0.49,0,7
17:08:03.401,263025,250.57,250.0,7.0,2.99,0.57,0,7
17:08:03.501,263125,250.62,250.0,9.0,2.99,0.62,0,7
17:08:03.601,263225,250.62,250.0,9.0,2.99,0.62,0,7
17:08:03.622,263246,250.65,250.0,12.0,2.99,0.65,0,7
17:08:03.701,263325,250.68,250.0,12.0,2.99,0.68,0,7
17:08:03.801,263425,250.75,250.0,7.0,2.99,0.75,0,7
17:08:03.901,263525,250.8,250.0,9.0,2.99,0.8,0,7
17:08:04.001,263625,250.83,250.0,12.0,2.99,0.83,0,7
17:08:04.103,263725,250.83,250.0,12.0,2.99,0.83,0,7
17:08:04.122,263746,250.87,250.0,9.0,2.99,0.87,0,7
17:08:04.200,263825,250.91,250.0,10.0,2.99,0.91,0,7
17:08:04.301,263925,250.96,250.0,9.0,2.99,0.96,0,7
17:08:04.401,264025,251.0,250.0,9.0,2.99,-1.0,0,7
17:08:04.501,264125,251.0,250.0,9.0,2.99,-1.0,0,7
17:08:04.522,264146,251.03,250.0,10.0,2.99,-1.03,0,7
17:08:04.600,264225,251.07,250.0,9.0,2.99,-1.07,0,7
17:08:04.701,264325,251.07,250.0,9.0,2.99,-1.07,0,7
17:08:04.723,264346,251.11,250.0,8.0,2.99,-1.11,0,7
17:08:04.800,264425,251.15,250.0,8.0,2.99,-1.15,0,7
17:08:04.901,264525,251.2,250.0,7.0,2.99,-1.2,0,7
17:08:05.001,264625,251.2,250.0,7.0,2.99,-1.2,0,7
17:08:05.022,264646,251.24,250.0,9.0,2.99,-1.24,0,7
17:08:05.101,264725,251.25,250.0,10.0,2.99,-1.25,0,7
17:08:05.212,264825,251.3,250.0,7.0,2.99,-1.3,0,7
17:08:05.300,264925,251.35,250.0,7.0,2.99,-1.35,0,7
17:08:05.401,265025,251.35,250.0,7.0,2.99,-1.35,0,7
17:08:05.422,265046,251.4,250.0,6.0,2.99,-1.4,0,7
17:08:05.501,265125,251.4,250.0,6.0,2.99,-1.4,0,7
17:08:05.522,265146,251.45,250.0,6.0,2.99,-1.45,0,7
17:08:05.600,265225,251.5,250.0,7.0,2.99,-1.5,0,7
17:08:05.700,265325,251.5,250.0,7.0,2.99,-1.5,0,7
17:08:05.721,265346,251.55,250.0,6.0,2.99,-1.55,0,7
17:08:05.800,265425,251.58,250.0,7.0,2.99,-1.58,0,7
17:08:05.901,265525,251.58,250.0,7.0,2.99,-1.58,0,7
17:08:05.922,265546,251.58,250.0,7.0,2.99,-1.58,0,7
17:08:06.001,265625,251.63,250.0,6.0,2.99,-1.63,0,7
17:08:06.101,265725,251.64,250.0,9.0,2.99,-1.64,0,7
17:08:06.200,265825,251.64,250.0,9.0,2.99,-1.64,0,7
17:08:06.222,265846,251.68,250.0,6.0,2.99,-1.68,0,7
17:08:06.300,265925,251.71,250.0,7.0,2.99,-1.71,0,7
17:08:06.400,266025,251.71,250.0,7.0,2.99,-1.71,0,7
17:08:06.421,266046,251.73,250.0,8.0,2.99,-1.73,0,7
17:08:06.500,266125,251.75,250.0,8.0,2.99,-1.75,0,7
17:08:06.599,266225,251.8,250.0,4.0,2.99,-1.8,0,7
17:08:06.700,266325,251.82,250.0,7.0,2.99,-1.82,0,7
17:08:06.800,266425,251.84,250.0,7.0,2.99,-1.84,0,7
17:08:06.900,266525,251.84,250.0,7.0,2.99,-1.84,0,7
17:08:06.921,266546,251.85,250.0,9.0,2.99,-1.85,0,7
17:08:07.000,266625,251.85,250.0,9.0,2.99,-1.85,0,7
17:08:07.100,266725,251.85,250.0,9.0,2.99,-1.85,0,7
17:08:07.122,266746,251.89,250.0,5.0,2.99,-1.89,0,7
17:08:07.200,266825,251.89,250.0,5.0,2.99,-1.89,0,7
17:08:07.221,266846,251.95,250.0,3.0,2.99,-1.95,0,7
17:08:07.300,266925,252.01,250.0,3.0,2.99,-2.01,0,7
17:08:07.416,267025,252.06,250.0,3.0,2.99,-2.06,0,7
17:08:07.500,267125,252.08,250.0,6.0,2.99,-2.08,0,7
17:08:07.600,267225,252.14,250.0,2.0,2.99,-2.14,0,7
17:08:07.700,267325,252.17,250.0,4.0,2.99,-2.17,0,7
17:08:07.800,267425,252.21,250.0,4.0,2.99,-2.21,0,7
17:08:07.900,267525,252.24,250.0,4.0,2.99,-2.24,0,7
17:08:08.004,267625,252.28,250.0,3.0,2.99,-2.28,0,7
17:08:08.100,267725,252.38,250.0,0.0,2.99,-2.38,0,6
17:08:08.200,267825,252.38,250.0,0.0,2.99,-2.38,0,6
17:08:08.221,267846,252.4,250.0,4.0,2.99,-2.4,0,7
17:08:08.300,267925,252.43,250.0,4.0,2.99,-2.43,0,7
17:08:08.399,268025,252.49,250.0,0.0,2.99,-2.49,0,6
17:08:08.500,268125,252.54,250.0,1.0,2.94,-2.54,0,7
17:08:08.599,268225,252.59,250.0,1.0,2.71,-2.59,0,7
17:08:08.699,268325,252.66,250.0,0.0,2.47,-2.66,0,6
17:08:08.800,268425,252.74,250.0,0.0,2.24,-2.74,0,6
17:08:08.900,268525,252.81,250.0,0.0,2.0,-2.81,0,6
17:08:08.999,268625,252.88,250.0,0.0,1.99,-2.88,0,6
17:08:09.119,268725,252.96,250.0,0.0,1.99,-2.96,0,6
17:08:09.200,268825,253.01,250.0,0.0,1.99,-3.01,0,6
17:08:09.300,268925,253.05,250.0,0.0,1.99,-3.05,0,6
17:08:09.400,269025,253.14,250.0,0.0,1.99,-3.14,0,6
17:08:09.500,269125,253.15,250.0,2.0,1.99,-3.15,0,7
17:08:09.600,269225,253.16,250.0,2.0,1.99,-3.16,0,7
17:08:09.717,269342,253.21,250.0,0.0,1.99,-3.21,0,6
17:08:09.799,269425,253.25,250.0,0.0,1.99,-3.25,0,6
17:08:09.900,269525,253.27,250.0,1.0,1.99,-3.27,0,7
17:08:10.000,269625,253.32,250.0,0.0,1.99,-3.32,0,6
17:08:10.100,269725,253.38,250.0,0.0,1.99,-3.38,0,6
17:08:10.299,269925,253.44,250.0,0.0,1.99,-3.44,0,6
17:08:10.399,270025,253.49,250.0,0.0,1.99,-3.49,0,6
17:08:10.498,270125,253.54,250.0,0.0,1.99,-3.54,0,6
17:08:10.599,270225,253.57,250.0,0.0,1.99,-3.57,0,6
17:08:10.717,270342,253.63,250.0,0.0,1.99,-3.63,0,6
17:08:10.805,270425,253.68,250.0,0.0,1.99,-3.68,0,6
17:08:10.898,270525,253.71,250.0,0.0,1.99,-3.71,0,6
17:08:10.999,270625,253.76,250.0,0.0,1.99,-3.76,0,6
17:08:11.099,270725,253.77,250.0,0.0,1.99,-3.77,0,6
17:08:11.199,270825,253.8,250.0,0.0,1.99,-3.8,0,6
17:08:11.299,270925,253.85,250.0,0.0,1.99,-3.85,0,6
17:08:11.398,271025,253.88,250.0,0.0,1.99,-3.88,0,6
17:08:11.499,271125,253.93,250.0,0.0,1.99,-3.93,0,6
17:08:11.599,271225,253.98,250.0,0.0,1.99,-3.98,0,6
17:08:11.699,271325,254.01,250.0,0.0,1.99,-4.01,0,6
17:08:11.799,271425,254.01,250.0,0.0,1.99,-4.01,0,6
17:08:11.819,271446,254.07,250.0,0.0,1.99,-4.07,0,6
17:08:11.919,271525,254.11,250.0,0.0,1.99,-4.11,0,6
17:08:11.999,271625,254.12,250.0,0.0,1.99,-4.12,0,6
17:08:12.099,271725,254.16,250.0,0.0,1.99,-4.16,0,6
17:08:12.199,271825,254.17,250.0,0.0,1.99,-4.17,0,6
17:08:12.298,271925,254.2,250.0,0.0,1.99,-4.2,0,6
17:08:12.399,272025,254.22,250.0,0.0,1.99,-4.22,0,6
17:08:12.501,272125,254.23,250.0,0.0,1.99,-4.23,0,6
17:08:12.599,272225,254.26,250.0,0.0,1.99,-4.26,0,6
17:08:12.699,272325,254.26,250.0,0.0,1.99,-4.26,0,6
17:08:12.799,272425,254.28,250.0,0.0,1.99,-4.28,0,6
17:08:12.899,272525,254.29,250.0,0.0,1.99,-4.29,0,6
17:08:13.017,272642,254.29,250.0,0.0,1.99,-4.29,0,6
17:08:13.099,272725,254.29,250.0,0.0,1.99,-4.29,0,6
17:08:13.199,272825,254.34,250.0,0.0,1.99,-4.34,0,6
17:08:13.299,272925,254.34,250.0,0.0,1.99,-4.34,0,6
17:08:13.399,273025,254.37,250.0,0.0,1.99,-4.37,0,6
17:08:13.499,273125,254.39,250.0,0.0,1.99,-4.39,0,6
17:08:13.599,273225,254.39,250.0,0.0,1.99,-4.39,0,6
17:08:13.699,273325,254.39,250.0,0.0,1.99,-4.39,0,6
17:08:13.799,273425,254.42,250.0,0.0,1.99,-4.42,0,6
17:08:13.898,273525,254.41,250.0,0.0,1.99,-4.41,0,6
17:08:13.998,273625,254.4,250.0,0.0,1.99,-4.4,0,6
17:08:14.099,273725,254.39,250.0,0.0,1.99,-4.39,0,6
17:08:14.199,273825,254.4,250.0,0.0,1.99,-4.4,0,6
17:08:14.298,273925,254.39,250.0,0.0,1.99,-4.39,0,6
17:08:14.398,274025,254.41,250.0,0.0,1.99,-4.41,0,6
17:08:14.498,274125,254.41,250.0,0.0,1.99,-4.41,0,6
17:08:14.598,274225,254.41,250.0,0.0,1.99,-4.41,0,6
17:08:14.715,274325,254.41,250.0,0.0,1.99,-4.41,0,6
17:08:14.798,274425,254.42,250.0,0.0,1.99,-4.42,0,6
17:08:14.898,274525,254.42,250.0,0.0,1.99,-4.42,0,6
17:08:14.998,274625,254.42,250.0,0.0,1.99,-4.42,0,6
17:08:15.098,274725,254.41,250.0,0.0,1.99,-4.41,0,6
17:08:15.197,274825,254.41,250.0,0.0,1.99,-4.41,0,6
17:08:15.298,274925,254.41,250.0,0.0,1.99,-4.41,0,6
17:08:15.398,275025,254.37,250.0,0.0,1.99,-4.37,0,6
17:08:15.498,275125,254.32,250.0,0.0,1.99,-4.32,0,6
17:08:15.598,275225,254.31,250.0,0.0,1.99,-4.31,0,6
17:08:15.698,275325,254.28,250.0,0.0,1.99,-4.28,0,6
17:08:15.798,275425,254.26,250.0,0.0,1.99,-4.26,0,6
17:08:15.897,275525,254.23,250.0,0.0,1.99,-4.23,0,6
17:08:15.998,275625,254.19,250.0,0.0,1.99,-4.19,0,6
17:08:16.098,275725,254.15,250.0,0.0,1.99,-4.15,0,6
17:08:16.198,275825,254.16,250.0,0.0,1.99,-4.16,0,6
17:08:16.298,275925,254.16,250.0,0.0,1.99,-4.16,0,6
17:08:16.400,276025,254.15,250.0,0.0,1.99,-4.15,0,6
17:08:16.517,276142,254.14,250.0,0.0,1.99,-4.14,0,6
17:08:16.599,276225,254.13,250.0,0.0,2.18,-4.13,0,6
17:08:16.699,276325,254.12,250.0,0.0,2.41,-4.12,0,6
17:08:16.799,276425,254.08,250.0,0.0,2.65,-4.08,0,6
17:08:16.898,276525,254.04,250.0,0.0,2.88,-4.04,0,6
17:08:16.999,276625,254.01,250.0,0.0,3.12,-4.01,0,6
17:08:17.098,276725,253.95,250.0,1.0,3.35,-3.95,0,7
17:08:17.198,276825,253.95,250.0,0.0,3.58,-3.95,0,6
17:08:17.220,276846,253.9,250.0,1.0,3.59,-3.9,0,7
17:08:17.299,276925,253.85,250.0,1.0,3.76,-3.85,0,7
17:08:17.399,277025,253.75,250.0,5.0,3.99,-3.75,0,7
17:08:17.526,277125,253.69,250.0,2.0,3.99,-3.69,0,7
17:08:17.599,277225,253.62,250.0,3.0,3.99,-3.62,0,7
17:08:17.698,277325,253.62,250.0,3.0,3.99,-3.62,0,7
17:08:17.720,277346,253.54,250.0,5.0,3.99,-3.54,0,7
17:08:17.799,277425,253.46,250.0,5.0,3.99,-3.46,0,7
17:08:17.899,277525,253.46,250.0,5.0,3.99,-3.46,0,7
17:08:17.920,277546,253.4,250.0,3.0,3.99,-3.4,0,7
17:08:17.999,277625,253.35,250.0,2.0,3.99,-3.35,0,7
17:08:18.115,277742,253.27,250.0,6.0,3.99,-3.27,0,7
17:08:18.199,277825,253.19,250.0,5.0,3.99,-3.19,0,7
17:08:18.298,277925,253.14,250.0,3.0,3.99,-3.14,0,7
17:08:18.398,278025,253.14,250.0,0.0,3.99,-3.14,0,6
17:08:18.420,278046,253.09,250.0,3.0,3.99,-3.09,0,7
17:08:18.498,278125,253.04,250.0,3.0,3.99,-3.04,0,7
17:08:18.598,278225,253.04,250.0,0.0,3.99,-3.04,0,6
17:08:18.628,278246,253.04,250.0,0.0,3.99,-3.04,0,6
17:08:18.697,278325,252.95,250.0,7.0,3.99,-2.95,0,7
17:08:18.798,278425,252.88,250.0,5.0,3.99,-2.88,0,7
17:08:18.898,278525,252.83,250.0,4.0,3.99,-2.83,0,7
17:08:18.998,278625,252.83,250.0,0.0,3.99,-2.83,0,6
17:08:19.019,278646,252.75,250.0,7.0,3.99,-2.75,0,7
17:08:19.098,278725,252.68,250.0,7.0,3.99,-2.68,0,7
17:08:19.200,278825,252.56,250.0,11.0,3.99,-2.56,0,7
17:08:19.298,278925,252.48,250.0,8.0,3.99,-2.48,0,7
17:08:19.398,279025,252.4,250.0,9.0,3.99,-2.4,0,7
17:08:19.497,279125,252.28,250.0,13.0,3.99,-2.28,0,7
17:08:19.598,279225,252.19,250.0,10.0,3.99,-2.19,0,7
17:08:19.698,279325,252.12,250.0,8.0,3.99,-2.12,0,7
17:08:19.798,279425,252.02,250.0,11.0,3.99,-2.02,0,7
17:08:19.898,279525,252.02,250.0,11.0,3.99,-2.02,0,7
17:08:19.919,279546,252.02,250.0,11.0,3.99,-2.02,0,7
17:08:19.998,279625,251.93,250.0,12.0,3.99,-1.93,0,7
17:08:20.098,279725,251.84,250.0,11.0,3.99,-1.84,0,7
17:08:20.199,279825,251.77,250.0,9.0,3.99,-1.77,0,7
17:08:20.323,279925,251.72,250.0,8.0,3.99,-1.72,0,7
17:08:20.398,280025,251.61,250.0,14.0,3.99,-1.61,0,7
17:08:20.497,280125,251.52,250.0,13.0,3.99,-1.52,0,7
17:08:20.598,280225,251.43,250.0,12.0,3.99,-1.43,0,7
17:08:20.698,280325,251.33,250.0,14.0,3.99,-1.33,0,7
17:08:20.797,280425,251.25,250.0,12.0,3.99,-1.25,0,7
17:08:20.897,280525,251.16,250.0,14.0,3.99,-1.16,0,7
17:08:20.997,280625,251.09,250.0,13.0,3.99,-1.09,0,7
17:08:21.098,280725,250.98,250.0,16.0,3.99,0.98,0,7
17:08:21.198,280825,250.98,250.0,16.0,3.99,0.98,0,7
17:08:21.219,280846,250.98,250.0,16.0,3.99,0.98,0,7
17:08:21.298,280925,250.88,250.0,16.0,3.99,0.88,0,7
17:08:21.420,281025,250.88,250.0,16.0,3.99,0.88,0,7
17:08:21.423,281046,250.77,250.0,17.0,3.99,0.77,0,7
17:08:21.497,281125,250.68,250.0,16.0,3.99,0.68,0,7
17:08:21.598,281225,250.68,250.0,16.0,3.99,0.68,0,7
17:08:21.619,281246,250.56,250.0,19.0,3.99,0.56,0,7
17:08:21.697,281325,250.46,250.0,17.0,3.99,0.46,0,7
17:08:21.797,281425,250.46,250.0,17.0,3.99,0.46,0,7
17:08:21.819,281446,250.36,250.0,18.0,3.99,0.36,0,7
17:08:21.898,281525,250.27,250.0,17.0,3.99,0.27,0,7
17:08:22.000,281625,250.27,250.0,17.0,3.99,0.27,0,7
17:08:22.019,281646,250.17,250.0,19.0,3.99,0.17,0,7
17:08:22.097,281725,250.06,250.0,20.0,3.99,0.06,0,7
17:08:22.197,281825,250.06,250.0,20.0,3.99,0.06,0,7
17:08:22.219,281846,249.95,250.0,20.0,3.99,0.04,0,7
17:08:22.297,281925,249.86,250.0,20.0,3.99,0.13,0,7
17:08:22.397,282025,249.86,250.0,20.0,3.99,0.13,0,7
17:08:22.418,282046,249.77,250.0,19.0,3.99,0.22,0,7
17:08:22.497,282125,249.69,250.0,18.0,3.99,0.3,0,7
17:08:22.597,282225,249.63,250.0,17.0,3.99,0.36,0,7
17:08:22.696,282325,249.63,250.0,17.0,3.99,0.36,0,7
17:08:22.719,282346,249.56,250.0,19.0,3.99,0.43,0,7
17:08:22.796,282425,249.49,250.0,18.0,3.99,0.5,0,7
17:08:22.896,282525,249.43,250.0,18.0,3.99,0.56,0,7
17:08:22.996,282625,249.36,250.0,19.0,3.99,0.63,0,7
17:08:23.097,282725,249.27,250.0,21.0,3.99,0.72,0,7
17:08:23.196,282825,249.21,250.0,19.0,3.99,0.78,0,7
17:08:23.297,282925,249.14,250.0,20.0,3.99,0.85,0,7
17:08:23.396,283025,249.14,250.0,20.0,3.99,0.85,0,7
17:08:23.418,283046,249.04,250.0,23.0,3.99,0.95,0,7
17:08:23.496,283125,248.97,250.0,21.0,3.99,1.02,0,7
17:08:23.597,283225,248.87,250.0,23.0,3.99,1.12,0,7
17:08:23.697,283325,248.81,250.0,20.0,3.99,1.18,0,7
17:08:23.797,283425,248.74,250.0,22.0,3.99,1.25,0,7
17:08:23.897,283525,248.68,250.0,21.0,3.99,1.31,0,7
17:08:23.997,283625,248.61,250.0,23.0,3.99,1.38,0,7
17:08:24.097,283725,248.57,250.0,19.0,3.99,1.42,0,7
17:08:24.200,283825,248.54,250.0,18.0,3.99,1.45,0,7
17:08:24.297,283925,248.49,250.0,21.0,3.99,1.5,0,7
17:08:24.396,284025,248.41,250.0,24.0,3.99,1.58,0,7
17:08:24.497,284125,248.41,250.0,16.0,3.99,1.58,0,7
17:08:24.596,284225,248.38,250.0,20.0,3.99,1.61,0,7
17:08:24.696,284325,248.31,250.0,23.0,3.99,1.68,0,7
17:08:24.796,284425,248.27,250.0,21.0,3.99,1.72,0,7
17:08:24.897,284525,248.2,250.0,24.0,3.99,1.79,0,7
17:08:24.996,284625,248.13,250.0,25.0,3.99,1.86,0,7
17:08:25.096,284725,248.06,250.0,24.0,3.99,1.93,0,7
17:08:25.196,284825,248.06,250.0,24.0,3.99,1.93,0,7
17:08:25.218,284846,247.98,250.0,26.0,3.99,2.01,0,7
17:08:25.309,284925,247.9,250.0,26.0,3.99,2.09,0,7
17:08:25.397,285025,247.88,250.0,21.0,3.99,2.11,0,7
17:08:25.497,285125,247.83,250.0,24.0,3.99,2.16,0,7
17:08:25.597,285225,247.82,250.0,20.0,3.99,2.17,0,7
17:08:25.696,285325,247.77,250.0,24.0,3.99,2.22,0,7
17:08:25.796,285425,247.72,250.0,25.0,3.99,2.27,0,7
17:08:25.896,285525,247.67,250.0,24.0,3.99,2.32,0,7
17:08:25.997,285625,247.62,250.0,24.0,3.99,2.37,0,7
17:08:26.096,285725,247.6,250.0,23.0,3.99,2.39,0,7
17:08:26.196,285825,247.55,250.0,25.0,3.99,2.44,0,7
17:08:26.297,285925,247.51,250.0,25.0,3.99,2.48,0,7
17:08:26.396,286025,247.48,250.0,23.0,3.99,2.51,0,7
17:08:26.496,286125,247.47,250.0,22.0,3.99,2.52,0,7
17:08:26.596,286225,247.44,250.0,23.0,3.99,2.55,0,7
17:08:26.697,286325,247.4,250.0,25.0,3.99,2.59,0,7
17:08:26.796,286425,247.35,250.0,26.0,3.99,2.64,0,7
17:08:26.895,286525,247.34,250.0,22.0,3.99,2.65,0,7
17:08:26.996,286625,247.34,250.0,22.0,3.99,2.65,0,7
17:08:27.018,286646,247.29,250.0,26.0,3.99,2.7,0,7
17:08:27.096,286725,247.25,250.0,26.0,3.99,2.74,0,7
17:08:27.196,286825,247.22,250.0,25.0,3.99,2.77,0,7
17:08:27.296,286925,247.17,250.0,26.0,3.99,2.82,0,7
17:08:27.396,287025,247.13,250.0,26.0,3.99,2.86,0,7
17:08:27.496,287125,247.11,250.0,25.0,3.99,2.88,0,7
17:08:27.596,287225,247.09,250.0,25.0,3.99,2.9,0,7
17:08:27.695,287325,247.07,250.0,25.0,3.99,2.92,0,7
17:08:27.796,287425,247.04,250.0,26.0,3.99,2.95,0,7
17:08:27.896,287525,246.98,250.0,29.0,3.99,3.01,0,7
17:08:27.995,287625,246.96,250.0,25.0,3.99,3.03,0,7
17:08:28.104,287725,246.94,250.0,25.0,3.99,3.05,0,7
17:08:28.196,287825,246.92,250.0,25.0,3.99,3.07,0,7
17:08:28.295,287925,246.91,250.0,25.0,3.99,3.08,0,7
17:08:28.396,288025,246.9,250.0,24.0,3.99,3.09,0,7
17:08:28.495,288125,246.89,250.0,25.0,3.99,3.1,0,7
17:08:28.595,288225,246.87,250.0,26.0,3.99,3.12,0,7
17:08:28.696,288325,246.91,250.0,20.0,3.99,3.08,0,7
17:08:28.796,288425,246.9,250.0,24.0,3.99,3.09,0,7
17:08:28.896,288525,246.89,250.0,25.0,3.99,3.1,0,7
17:08:28.996,288625,246.88,250.0,25.0,3.99,3.11,0,7
17:08:29.096,288725,246.82,250.0,30.0,3.99,3.17,0,7
17:08:29.214,288825,246.83,250.0,24.0,3.92,3.16,0,7
17:08:29.296,288925,246.84,250.0,24.0,3.68,3.15,0,7
17:08:29.395,289025,246.84,250.0,24.0,3.45,3.15,0,7
17:08:29.417,289046,246.82,250.0,26.0,3.44,3.17,0,7
17:08:29.496,289125,246.82,250.0,25.0,3.27,3.17,0,7
17:08:29.596,289225,246.84,250.0,23.0,3.04,3.15,0,7
17:08:29.697,289325,246.84,250.0,24.0,2.8,3.15,0,7
17:08:29.797,289425,246.83,250.0,25.0,2.57,3.16,0,7
17:08:29.896,289525,246.85,250.0,23.0,2.34,3.14,0,7
17:08:29.995,289625,246.85,250.0,23.0,2.11,3.14,0,7
17:08:30.017,289646,246.84,250.0,25.0,2.1,3.15,0,7
17:08:30.096,289725,246.84,250.0,25.0,1.93,3.15,0,7
17:08:30.196,289825,246.83,250.0,25.0,1.69,3.16,0,7
17:08:30.295,289925,246.84,250.0,24.0,1.46,3.15,0,7
17:08:30.395,290025,246.83,250.0,25.0,1.23,3.16,0,7
17:08:30.494,290125,246.82,250.0,26.0,1.0,3.17,0,7
17:08:30.595,290225,246.84,250.0,23.0,0.99,3.15,0,7
17:08:30.695,290325,246.87,250.0,22.0,0.99,3.12,0,7
17:08:30.794,290425,246.92,250.0,20.0,0.99,3.07,0,7
17:08:30.909,290525,246.92,250.0,20.0,0.99,3.07,0,7
17:08:30.919,290546,246.93,250.0,24.0,0.99,3.06,0,7
17:08:30.995,290625,246.92,250.0,25.0,0.99,3.07,0,7
17:08:31.094,290725,246.94,250.0,23.0,0.99,3.05,0,7
17:08:31.195,290825,246.97,250.0,22.0,0.99,3.02,0,7
17:08:31.295,290925,246.96,250.0,26.0,0.99,3.03,0,7
17:08:31.395,291025,246.96,250.0,25.0,0.99,3.03,0,7
17:08:31.417,291046,246.97,250.0,24.0,0.99,3.02,0,7
17:08:31.495,291125,246.97,250.0,25.0,0.99,3.02,0,7
17:08:31.595,291225,246.97,250.0,25.0,0.99,3.02,0,7
17:08:31.694,291325,246.99,250.0,23.0,0.99,3.0,0,7
17:08:31.795,291425,247.0,250.0,24.0,0.99,2.99,0,7
17:08:31.894,291525,247.0,250.0,24.0,0.99,2.99,0,7
17:08:31.915,291546,247.02,250.0,23.0,0.99,2.97,0,7
17:08:31.994,291625,247.05,250.0,23.0,0.99,2.94,0,7
17:08:32.095,291725,247.09,250.0,20.0,0.99,2.9,0,7
17:08:32.195,291825,247.1,250.0,23.0,0.99,2.89,0,7
17:08:32.295,291925,247.13,250.0,22.0,0.99,2.86,0,7
17:08:32.395,292025,247.16,250.0,21.0,0.99,2.83,0,7
17:08:32.495,292125,247.18,250.0,23.0,0.99,2.81,0,7
17:08:32.600,292225,247.21,250.0,22.0,0.99,2.78,0,7
17:08:32.695,292325,247.21,250.0,22.0,0.99,2.78,0,7
17:08:32.716,292346,247.23,250.0,22.0,0.99,2.76,0,7
17:08:32.794,292425,247.26,250.0,22.0,0.99,2.73,0,7
17:08:32.895,292525,247.26,250.0,22.0,0.99,2.73,0,7
17:08:32.915,292546,247.28,250.0,22.0,0.99,2.71,0,7
17:08:32.994,292625,247.3,250.0,22.0,0.99,2.69,0,7
17:08:33.095,292725,247.36,250.0,18.0,0.99,2.63,0,7
17:08:33.203,292825,247.41,250.0,19.0,0.99,2.58,0,7
17:08:33.294,292925,247.41,250.0,19.0,0.99,2.58,0,7
17:08:33.316,292946,247.41,250.0,24.0,0.99,2.58,0,7
17:08:33.395,293025,247.42,250.0,22.0,0.99,2.57,0,7
17:08:33.494,293125,247.47,250.0,19.0,0.99,2.52,0,7
17:08:33.595,293225,247.5,250.0,21.0,0.99,2.49,0,7
17:08:33.694,293325,247.5,250.0,21.0,0.99,2.49,0,7
17:08:33.716,293346,247.52,250.0,22.0,0.99,2.47,0,7
17:08:33.795,293425,247.53,250.0,22.0,0.99,2.46,0,7
17:08:33.895,293525,247.57,250.0,19.0,0.99,2.42,0,7
17:08:33.995,293625,247.61,250.0,20.0,0.99,2.38,0,7
17:08:34.094,293725,247.61,250.0,20.0,0.99,2.38,0,7
17:08:34.116,293746,247.64,250.0,20.0,0.99,2.35,0,7
17:08:34.195,293825,247.67,250.0,20.0,0.99,2.32,0,7
17:08:34.311,293925,247.67,250.0,20.0,0.99,2.32,0,7
17:08:34.323,293946,247.72,250.0,18.0,0.99,2.27,0,7
17:08:34.394,294025,247.76,250.0,18.0,0.99,2.23,0,7
17:08:34.494,294125,247.76,250.0,18.0,0.99,2.23,0,7
17:08:34.515,294146,247.83,250.0,16.0,0.99,2.16,0,7
17:08:34.593,294225,247.88,250.0,17.0,0.99,2.11,0,7
17:08:34.694,294325,247.92,250.0,18.0,0.99,2.07,0,7
17:08:34.794,294425,247.96,250.0,19.0,0.99,2.03,0,7
17:08:34.900,294525,248.0,250.0,18.0,0.99,1.99,0,7
17:08:34.994,294625,248.07,250.0,16.0,0.99,1.92,0,7
17:08:35.094,294725,248.07,250.0,22.0,0.99,1.92,0,7
17:08:35.194,294825,248.11,250.0,17.0,0.99,1.88,0,7
17:08:35.294,294925,248.11,250.0,17.0,0.99,1.88,0,7
17:08:35.316,294946,248.16,250.0,16.0,0.99,1.83,0,7
17:08:35.394,295025,248.21,250.0,17.0,0.99,1.78,0,7
17:08:35.494,295125,248.26,250.0,16.0,0.99,1.73,0,7
17:08:35.594,295225,248.26,250.0,16.0,0.99,1.73,0,7
17:08:35.616,295246,248.29,250.0,19.0,0.99,1.7,0,7
17:08:35.694,295325,248.31,250.0,19.0,0.99,1.68,0,7
17:08:35.793,295425,248.34,250.0,18.0,0.99,1.65,0,7
17:08:35.893,295525,248.4,250.0,15.0,0.99,1.59,0,7
17:08:36.027,295625,248.43,250.0,17.0,0.99,1.56,0,7
17:08:36.093,295725,248.46,250.0,17.0,0.99,1.53,0,7
17:08:36.194,295825,248.53,250.0,14.0,0.99,1.46,0,7
17:08:36.293,295925,248.59,250.0,14.0,0.99,1.4,0,7
17:08:36.394,296025,248.64,250.0,15.0,0.99,1.35,0,7
17:08:36.495,296125,248.7,250.0,14.0,0.99,1.29,0,7
17:08:36.603,296225,248.71,250.0,18.0,0.99,1.28,0,7
17:08:36.695,296325,248.75,250.0,16.0,0.99,1.24,0,7
17:08:36.795,296425,248.75,250.0,16.0,0.99,1.24,0,7
17:08:36.816,296446,248.8,250.0,15.0,0.99,1.19,0,7
17:08:36.895,296525,248.84,250.0,15.0,0.99,1.15,0,7
17:08:36.994,296625,248.89,250.0,14.0,0.99,1.1,0,7
17:08:37.095,296725,248.89,250.0,14.0,0.99,1.1,0,7
17:08:37.116,296746,248.94,250.0,14.0,0.99,1.05,0,7
17:08:37.195,296825,248.98,250.0,15.0,0.99,1.01,0,7
17:08:37.295,296925,248.98,250.0,15.0,0.99,1.01,0,7
17:08:37.316,296946,249.05,250.0,11.0,0.99,0.94,0,7
17:08:37.395,297025,249.12,250.0,12.0,0.99,0.87,0,7
17:08:37.494,297125,249.15,250.0,15.0,0.99,0.84,0,7
17:08:37.595,297225,249.18,250.0,15.0,0.99,0.81,0,7
17:08:37.710,297325,249.18,250.0,15.0,0.99,0.81,0,7
17:08:37.795,297425,249.25,250.0,11.0,0.99,0.74,0,7
17:08:37.895,297525,249.3,250.0,12.0,0.99,0.69,0,7
17:08:37.994,297625,249.3,250.0,12.0,0.99,0.69,0,7
17:08:38.016,297646,249.34,250.0,13.0,0.99,0.65,0,7
17:08:38.095,297725,249.38,250.0,14.0,0.99,0.61,0,7
17:08:38.194,297825,249.38,250.0,14.0,0.99,0.61,0,7
17:08:38.216,297846,249.38,250.0,14.0,0.99,0.61,0,7
17:08:38.297,297925,249.4,250.0,15.0,0.99,0.59,0,7
17:08:38.394,298025,249.48,250.0,9.0,0.99,0.51,0,7
17:08:38.494,298125,249.55,250.0,9.0,0.99,0.44,0,7
17:08:38.594,298225,249.59,250.0,12.0,0.99,0.4,0,7
17:08:38.693,298325,249.66,250.0,9.0,0.99,0.33,0,7
17:08:38.794,298425,249.72,250.0,9.0,0.99,0.27,0,7
17:08:38.894,298525,249.77,250.0,11.0,0.99,0.22,0,7
17:08:38.994,298625,249.77,250.0,11.0,0.99,0.22,0,7
17:08:39.016,298646,249.83,250.0,9.0,0.99,0.16,0,7
17:08:39.094,298725,249.89,250.0,9.0,0.99,0.1,0,7
17:08:39.193,298825,249.89,250.0,9.0,0.99,0.1,0,7
17:08:39.215,298846,249.96,250.0,8.0,0.99,0.03,0,7
17:08:39.294,298925,250.02,250.0,9.0,0.99,0.02,0,7
17:08:39.401,299025,250.09,250.0,7.0,0.99,0.09,0,7
17:08:39.494,299125,250.14,250.0,10.0,0.99,0.14,0,7
17:08:39.594,299225,250.14,250.0,10.0,0.99,0.14,0,7
17:08:39.615,299246,250.19,250.0,9.0,0.99,0.19,0,7
17:08:39.694,299325,250.25,250.0,8.0,0.99,0.25,0,7
17:08:39.794,299425,250.29,250.0,9.0,0.99,0.29,0,7
17:08:39.894,299525,250.34,250.0,8.0,0.99,0.34,0,7
17:08:39.994,299625,250.39,250.0,9.0,0.99,0.39,0,7
17:08:40.094,299725,250.43,250.0,9.0,0.99,0.43,0,7
17:08:40.193,299825,250.43,250.0,9.0,0.99,0.43,0,7
17:08:40.214,299846,250.46,250.0,9.0,0.99,0.46,0,7
17:08:40.294,299925,250.5,250.0,9.0,0.99,0.5,0,7
17:08:40.393,300025,250.57,250.0,5.0,0.99,0.57,0,7
17:08:40.521,300125,250.63,250.0,6.0,0.99,0.63,0,7
17:08:40.593,300225,250.68,250.0,7.0,0.99,0.68,0,7
17:08:40.694,300325,250.68,250.0,7.0,0.99,0.68,0,7
17:08:40.715,300346,250.76,250.0,4.0,0.99,0.76,0,7
17:08:40.793,300425,250.82,250.0,5.0,0.99,0.82,0,7
17:08:40.894,300525,250.82,250.0,5.0,0.99,0.82,0,7
17:08:40.915,300546,250.92,250.0,1.0,0.99,0.92,0,7
17:08:40.994,300625,251.0,250.0,2.0,0.99,-1.0,0,7
17:08:41.096,300725,251.07,250.0,4.0,0.99,-1.07,0,7
17:08:41.194,300825,251.12,250.0,4.0,1.02,-1.12,0,7
17:08:41.293,300925,251.12,250.0,4.0,1.26,-1.12,0,7
17:08:41.315,300946,251.16,250.0,6.0,1.26,-1.16,0,7
17:08:41.393,301025,251.2,250.0,6.0,1.43,-1.2,0,7
17:08:41.494,301125,251.29,250.0,0.0,1.67,-1.29,0,6
17:08:41.593,301225,251.4,250.0,0.0,1.9,-1.4,0,6
17:08:41.694,301325,251.46,250.0,2.0,2.14,-1.46,0,7
17:08:41.794,301425,251.51,250.0,4.0,2.37,-1.51,0,7
17:08:41.894,301525,251.57,250.0,2.0,2.61,-1.57,0,7
17:08:41.993,301625,251.64,250.0,1.0,2.84,-1.64,0,7
17:08:42.094,301725,251.7,250.0,1.0,2.99,-1.7,0,7
17:08:42.195,301825,251.78,250.0,0.0,2.99,-1.78,0,6
17:08:42.293,301925,251.78,250.0,0.0,2.99,-1.78,0,6
17:08:42.315,301946,251.86,250.0,0.0,2.99,-1.86,0,6
17:08:42.393,302025,251.92,250.0,0.0,2.99,-1.92,0,6
17:08:42.415,302046,251.99,250.0,0.0,2.99,-1.99,0,6
17:08:42.492,302125,252.06,250.0,0.0,2.99,-2.06,0,6
17:08:42.593,302225,252.14,250.0,0.0,2.99,-2.14,0,6
17:08:42.693,302325,252.19,250.0,0.0,2.99,-2.19,0,6
17:08:42.793,302425,252.25,250.0,0.0,2.99,-2.25,0,6
17:08:42.893,302525,252.3,250.0,0.0,2.99,-2.3,0,6
17:08:42.993,302625,252.3,250.0,0.0,2.99,-2.3,0,6
17:08:43.015,302646,252.36,250.0,0.0,2.99,-2.36,0,6
17:08:43.093,302725,252.41,250.0,0.0,2.99,-2.41,0,6
17:08:43.193,302825,252.47,250.0,0.0,2.99,-2.47,0,6
17:08:43.304,302925,252.53,250.0,0.0,2.99,-2.53,0,6
17:08:43.393,303025,252.53,250.0,0.0,2.99,-2.53,0,6
17:08:43.415,303046,252.58,250.0,0.0,2.99,-2.58,0,6
17:08:43.493,303125,252.58,250.0,4.0,2.99,-2.58,0,7
17:08:43.515,303146,252.62,250.0,0.0,2.99,-2.62,0,6
17:08:43.592,303225,252.66,250.0,0.0,2.99,-2.66,0,6
17:08:43.693,303325,252.73,250.0,0.0,2.99,-2.73,0,6
17:08:43.793,303425,252.73,250.0,0.0,2.99,-2.73,0,6
17:08:43.814,303446,252.8,250.0,0.0,2.99,-2.8,0,6
17:08:43.893,303525,252.86,250.0,0.0,2.99,-2.86,0,6
17:08:43.993,303625,252.86,250.0,0.0,2.99,-2.86,0,6
17:08:44.014,303646,252.9,250.0,0.0,2.99,-2.9,0,6
17:08:44.093,303725,252.95,250.0,0.0,2.99,-2.95,0,6
17:08:44.193,303825,252.99,250.0,0.0,2.99,-2.99,0,6
17:08:44.293,303925,253.06,250.0,0.0,2.99,-3.06,0,6
17:08:44.394,304025,253.06,250.0,0.0,2.99,-3.06,0,6
17:08:44.422,304046,253.12,250.0,0.0,2.99,-3.12,0,6
17:08:44.493,304125,253.18,250.0,0.0,2.99,-3.18,0,6
17:08:44.592,304225,253.23,250.0,0.0,2.99,-3.23,0,6
17:08:44.693,304325,253.23,250.0,0.0,2.99,-3.23,0,6
17:08:44.714,304346,253.29,250.0,0.0,2.99,-3.29,0,6
17:08:44.792,304425,253.33,250.0,0.0,2.99,-3.33,0,6
17:08:44.813,304446,253.37,250.0,0.0,2.99,-3.37,0,6
17:08:44.893,304525,253.39,250.0,0.0,2.99,-3.39,0,6
17:08:44.995,304625,253.39,250.0,0.0,2.99,-3.39,0,6
17:08:45.013,304646,253.45,250.0,0.0,2.99,-3.45,0,6
17:08:45.093,304725,253.49,250.0,0.0,2.99,-3.49,0,6
17:08:45.114,304746,253.51,250.0,0.0,2.99,-3.51,0,6
17:08:45.193,304825,253.52,250.0,0.0,2.99,-3.52,0,6
17:08:45.293,304925,253.56,250.0,0.0,2.99,-3.56,0,6
17:08:45.393,305025,253.56,250.0,0.0,2.99,-3.56,0,6
17:08:45.414,305046,253.61,250.0,0.0,2.99,-3.61,0,6
17:08:45.493,305125,253.65,250.0,0.0,2.99,-3.65,0,6
17:08:45.592,305225,253.67,250.0,0.0,2.99,-3.67,0,6
17:08:45.693,305325,253.7,250.0,0.0,2.99,-3.7,0,6
17:08:45.791,305425,253.7,250.0,0.0,2.99,-3.7,0,6
17:08:45.814,305446,253.76,250.0,0.0,2.99,-3.76,0,6
17:08:45.893,305525,253.81,250.0,0.0,2.99,-3.81,0,6
17:08:45.991,305625,253.81,250.0,0.0,2.99,-3.81,0,6
17:08:46.123,305725,253.86,250.0,0.0,2.99,-3.86,0,6
17:08:46.192,305825,253.86,250.0,0.0,2.99,-3.86,0,6
17:08:46.214,305846,253.9,250.0,0.0,2.99,-3.9,0,6
17:08:46.293,305925,253.94,250.0,0.0,2.99,-3.94,0,6
17:08:46.392,306025,253.94,250.0,0.0,2.99,-3.94,0,6
17:08:46.414,306046,253.96,250.0,0.0,2.99,-3.96,0,6
17:08:46.493,306125,253.96,250.0,0.0,2.99,-3.96,0,6
17:08:46.514,306146,254.01,250.0,0.0,2.99,-4.01,0,6
17:08:46.591,306225,254.06,250.0,0.0,2.99,-4.06,0,6
17:08:46.701,306325,254.08,250.0,0.0,2.99,-4.08,0,6
17:08:46.792,306425,254.08,250.0,0.0,2.99,-4.08,0,6
17:08:46.814,306446,254.13,250.0,0.0,2.99,-4.13,0,6
17:08:46.892,306525,254.16,250.0,0.0,2.99,-4.16,0,6
17:08:46.993,306625,254.16,250.0,0.0,2.99,-4.16,0,6
17:08:47.014,306646,254.16,250.0,0.0,2.99,-4.16,0,6
17:08:47.091,306725,254.17,250.0,0.0,2.99,-4.17,0,6
17:08:47.192,306825,254.17,250.0,0.0,2.99,-4.17,0,6
17:08:47.214,306846,254.18,250.0,0.0,2.99,-4.18,0,6
17:08:47.291,306925,254.18,250.0,0.0,2.99,-4.18,0,6
17:08:47.392,307025,254.18,250.0,0.0,2.99,-4.18,0,6
17:08:47.414,307046,254.19,250.0,0.0,2.99,-4.19,0,6
17:08:47.492,307125,254.2,250.0,0.0,2.99,-4.2,0,6
17:08:47.592,307225,254.2,250.0,0.0,2.99,-4.2,0,6
17:08:47.614,307246,254.26,250.0,0.0,2.99,-4.26,0,6
17:08:47.692,307325,254.32,250.0,0.0,2.99,-4.32,0,6
17:08:47.814,307425,254.3,250.0,0.0,2.99,-4.3,0,6
17:08:47.893,307525,254.3,250.0,0.0,2.99,-4.3,0,6
17:08:47.913,307546,254.3,250.0,0.0,2.99,-4.3,0,6
17:08:47.992,307625,254.31,250.0,0.0,2.99,-4.31,0,6
17:08:48.092,307725,254.31,250.0,0.0,2.99,-4.31,0,6
17:08:48.113,307746,254.32,250.0,0.0,2.99,-4.32,0,6
17:08:48.192,307825,254.32,250.0,0.0,2.99,-4.32,0,6
17:08:48.293,307925,254.32,250.0,0.0,2.99,-4.32,0,6
17:08:48.313,307946,254.35,250.0,0.0,2.99,-4.35,0,6
17:08:48.396,308025,254.39,250.0,0.0,2.99,-4.39,0,6
17:08:48.492,308125,254.39,250.0,0.0,2.99,-4.39,0,6
17:08:48.513,308146,254.38,250.0,0.0,2.99,-4.38,0,6
17:08:48.592,308225,254.37,250.0,0.0,2.99,-4.37,0,6
17:08:48.613,308246,254.36,250.0,0.0,2.99,-4.36,0,6
17:08:48.692,308325,254.35,250.0,0.0,2.99,-4.35,0,6
17:08:48.713,308346,254.36,250.0,0.0,2.99,-4.36,0,6
17:08:48.792,308425,254.36,250.0,0.0,2.99,-4.36,0,6
17:08:48.892,308525,254.36,250.0,0.0,2.99,-4.36,0,6
17:08:48.992,308625,254.36,250.0,0.0,2.99,-4.36,0,6
17:08:49.013,308646,254.35,250.0,0.0,2.99,-4.35,0,6
17:08:49.092,308725,254.34,250.0,0.0,2.99,-4.34,0,6
17:08:49.192,308825,254.34,250.0,0.0,2.99,-4.34,0,6
17:08:49.212,308846,254.34,250.0,0.0,2.99,-4.34,0,6
17:08:49.292,308925,254.33,250.0,0.0,2.99,-4.33,0,6
17:08:49.312,308946,254.29,250.0,0.0,2.99,-4.29,0,6
17:08:49.392,309025,254.25,250.0,0.0,2.99,-4.25,0,6
17:08:49.506,309125,254.25,250.0,0.0,2.99,-4.25,0,6
17:08:49.515,309146,254.26,250.0,0.0,2.99,-4.26,0,6
17:08:49.591,309225,254.26,250.0,0.0,2.99,-4.26,0,6
17:08:49.613,309246,254.27,250.0,0.0,2.99,-4.27,0,6
17:08:49.692,309325,254.29,250.0,0.0,2.99,-4.29,0,6
17:08:49.792,309425,254.29,250.0,0.0,2.99,-4.29,0,6
17:08:49.890,309525,254.29,250.0,0.0,2.99,-4.29,0,6
17:08:49.913,309546,254.24,250.0,0.0,2.99,-4.24,0,6
17:08:49.992,309625,254.19,250.0,0.0,2.99,-4.19,0,6
17:08:50.092,309725,254.19,250.0,0.0,2.99,-4.19,0,6
17:08:50.192,309825,254.17,250.0,0.0,2.99,-4.17,0,6
17:08:50.292,309925,254.16,250.0,0.0,2.99,-4.16,0,6
17:08:50.391,310025,254.13,250.0,0.0,2.99,-4.13,0,6
17:08:50.491,310125,254.13,250.0,0.0,2.99,-4.13,0,6
17:08:50.513,310146,254.1,250.0,0.0,2.99,-4.1,0,6
17:08:50.591,310225,254.06,250.0,0.0,2.99,-4.06,0,6
17:08:50.691,310325,254.05,250.0,0.0,2.99,-4.05,0,6
17:08:50.791,310425,254.05,250.0,0.0,2.99,-4.05,0,6
17:08:50.813,310446,254.05,250.0,0.0,2.99,-4.05,0,6
17:08:50.891,310525,254.05,250.0,0.0,2.99,-4.05,0,6
17:08:50.913,310546,253.97,250.0,1.0,2.99,-3.97,0,7
17:08:50.991,310625,253.91,250.0,0.0,2.99,-3.91,0,6
17:08:51.091,310725,253.86,250.0,0.0,2.99,-3.86,0,6
17:08:51.201,310825,253.81,250.0,0.0,2.99,-3.81,0,6
17:08:51.291,310925,253.81,250.0,0.0,2.99,-3.81,0,6
17:08:51.313,310946,253.76,250.0,0.0,2.99,-3.76,0,6
17:08:51.391,311025,253.71,250.0,0.0,2.99,-3.71,0,6
17:08:51.491,311125,253.67,250.0,0.0,2.99,-3.67,0,6
17:08:51.591,311225,253.64,250.0,0.0,2.99,-3.64,0,6
17:08:51.691,311325,253.64,250.0,0.0,2.99,-3.64,0,6
17:08:51.713,311346,253.6,250.0,0.0,2.99,-3.6,0,6
17:08:51.790,311425,253.57,250.0,0.0,2.99,-3.57,0,6
17:08:51.891,311525,253.5,250.0,1.0,2.99,-3.5,0,7
17:08:51.991,311625,253.43,250.0,2.0,2.99,-3.43,0,7
17:08:52.091,311725,253.37,250.0,0.0,2.99,-3.37,0,6
17:08:52.191,311825,253.37,250.0,0.0,2.99,-3.37,0,6
17:08:52.212,311846,253.29,250.0,4.0,2.99,-3.29,0,7
17:08:52.291,311925,253.21,250.0,3.0,2.99,-3.21,0,7
17:08:52.391,312025,253.14,250.0,2.0,2.99,-3.14,0,7
17:08:52.491,312125,253.08,250.0,2.0,2.99,-3.08,0,7
17:08:52.591,312225,253.01,250.0,3.0,2.99,-3.01,0,7
17:08:52.690,312325,252.94,250.0,4.0,2.99,-2.94,0,7
17:08:52.791,312425,252.87,250.0,3.0,2.99,-2.87,0,7
17:08:52.909,312525,252.75,250.0,9.0,2.99,-2.75,0,7
17:08:52.991,312625,252.66,250.0,6.0,2.99,-2.66,0,7
17:08:53.090,312725,252.56,250.0,8.0,2.99,-2.56,0,7
17:08:53.191,312825,252.51,250.0,3.0,2.99,-2.51,0,7
17:08:53.291,312925,252.42,250.0,7.0,2.99,-2.42,0,7
17:08:53.390,313025,252.42,250.0,7.0,2.99,-2.42,0,7
17:08:53.412,313046,252.42,250.0,7.0,2.99,-2.42,0,7
17:08:53.505,313125,252.33,250.0,7.0,2.99,-2.33,0,7
17:08:53.591,313225,252.33,250.0,7.0,2.99,-2.33,0,7
17:08:53.612,313246,252.22,250.0,9.0,2.99,-2.22,0,7
17:08:53.691,313325,252.22,250.0,9.0,2.99,-2.22,0,7
17:08:53.713,313346,252.12,250.0,10.0,2.99,-2.12,0,7
17:08:53.791,313425,252.02,250.0,9.0,2.99,-2.02,0,7
17:08:53.890,313525,252.02,250.0,9.0,2.99,-2.02,0,7
17:08:53.913,313546,251.9,250.0,12.0,2.99,-1.9,0,7
17:08:53.991,313625,251.79,250.0,11.0,2.99,-1.79,0,7
17:08:54.091,313725,251.75,250.0,4.0,2.99,-1.75,0,7
17:08:54.191,313825,251.66,250.0,9.0,2.99,-1.66,0,7
17:08:54.291,313925,251.58,250.0,10.0,2.99,-1.58,0,7
17:08:54.391,314025,251.46,250.0,13.0,2.99,-1.46,0,7
17:08:54.490,314125,251.46,250.0,13.0,2.99,-1.46,0,7
17:08:54.512,314146,251.35,250.0,14.0,2.99,-1.35,0,7
17:08:54.591,314225,251.24,250.0,13.0,2.99,-1.24,0,7
17:08:54.691,314325,251.14,250.0,13.0,2.99,-1.14,0,7
17:08:54.790,314425,251.05,250.0,11.0,2.99,-1.05,0,7
17:08:54.890,314525,250.97,250.0,12.0,2.99,0.97,0,7
17:08:54.990,314625,250.86,250.0,14.0,2.99,0.86,0,7
17:08:55.090,314725,250.86,250.0,14.0,2.99,0.86,0,7
17:08:55.111,314746,250.77,250.0,13.0,2.99,0.77,0,7
17:08:55.201,314825,250.77,250.0,13.0,2.99,0.77,0,7
17:08:55.212,314846,250.65,250.0,17.0,2.99,0.65,0,7
17:08:55.290,314925,250.65,250.0,17.0,2.99,0.65,0,7
17:08:55.311,314946,250.56,250.0,15.0,2.99,0.56,0,7
17:08:55.390,315025,250.47,250.0,14.0,2.99,0.47,0,7
17:08:55.490,315125,250.37,250.0,16.0,2.99,0.37,0,7
17:08:55.590,315225,250.3,250.0,13.0,2.99,0.3,0,7
17:08:55.690,315325,250.22,250.0,15.0,2.99,0.22,0,7
17:08:55.793,315425,250.16,250.0,13.0,2.99,0.16,0,7
17:08:55.891,315525,250.06,250.0,16.0,2.99,0.06,0,7
17:08:55.990,315625,249.99,250.0,15.0,2.99,0.0,0,7
17:08:56.089,315725,249.88,250.0,19.0,2.99,0.11,0,7
17:08:56.190,315825,249.81,250.0,15.0,2.99,0.18,0,7
17:08:56.289,315925,249.81,250.0,15.0,2.99,0.18,0,7
17:08:56.335,315946,249.72,250.0,18.0,2.99,0.27,0,7
17:08:56.390,316025,249.63,250.0,17.0,2.99,0.36,0,7
17:08:56.490,316125,249.55,250.0,18.0,2.99,0.44,0,7
17:08:56.590,316225,249.55,250.0,18.0,2.99,0.44,0,7
17:08:56.690,316325,249.44,250.0,20.0,2.99,0.55,0,7
17:08:56.790,316425,249.35,250.0,19.0,2.99,0.64,0,7
17:08:56.905,316525,249.35,250.0,19.0,2.99,0.64,0,7
17:08:56.914,316546,249.23,250.0,22.0,2.99,0.76,0,7
17:08:56.990,316625,249.23,250.0,22.0,2.99,0.76,0,7
17:08:57.011,316646,249.14,250.0,20.0,2.99,0.85,0,7
17:08:57.090,316725,249.14,250.0,20.0,2.99,0.85,0,7
17:08:57.111,316746,249.05,250.0,20.0,2.99,0.94,0,7
17:08:57.189,316825,249.05,250.0,20.0,2.99,0.94,0,7
17:08:57.211,316846,248.95,250.0,22.0,2.99,1.04,0,7
17:08:57.290,316925,248.95,250.0,22.0,2.99,1.04,0,7
17:08:57.311,316946,248.88,250.0,19.0,2.99,1.11,0,7
17:08:57.390,317025,248.88,250.0,19.0,2.99,1.11,0,7
17:08:57.411,317046,248.78,250.0,23.0,2.99,1.21,0,7
17:08:57.490,317125,248.68,250.0,22.0,2.99,1.31,0,7
17:08:57.590,317225,248.63,250.0,18.0,2.99,1.36,0,7
17:08:57.690,317325,248.56,250.0,20.0,2.99,1.43,0,7
17:08:57.789,317425,248.56,250.0,20.0,2.99,1.43,0,7
17:08:57.810,317446,248.47,250.0,22.0,2.99,1.52,0,7
17:08:57.889,317525,248.47,250.0,22.0,2.99,1.52,0,7
17:08:57.911,317546,248.39,250.0,22.0,2.99,1.6,0,7
17:08:57.989,317625,248.39,250.0,22.0,2.99,1.6,0,7
17:08:58.024,317646,248.31,250.0,22.0,2.99,1.68,0,7
17:08:58.089,317725,248.31,250.0,22.0,2.99,1.68,0,7
17:08:58.111,317746,248.23,250.0,23.0,2.99,1.76,0,7
17:08:58.189,317825,248.23,250.0,0.0,2.99,1.76,0,6
17:08:58.212,317847,248.23,250.0,0.0,2.99,1.76,0,6
17:08:58.289,317925,248.23,250.0,0.0,2.99,1.76,0,6
17:08:58.311,317947,248.23,250.0,0.0,2.99,1.76,0,6
17:08:58.390,318025,248.23,250.0,0.0,2.99,1.76,0,6
17:08:58.412,318047,248.23,250.0,0.0,2.99,1.76,0,6
17:08:58.490,318125,248.23,250.0,0.0,2.99,1.76,0,6
17:08:58.512,318147,248.23,250.0,0.0,2.99,1.76,0,6
17:08:58.609,318225,248.23,250.0,0.0,2.99,1.76,0,6
17:08:58.611,318247,248.23,250.0,0.0,2.99,1.76,0,6
17:08:58.693,318326,248.23,250.0,0.0,2.99,1.76,0,6
17:08:58.711,318348,248.23,250.0,0.0,2.99,1.76,0,6
17:08:58.789,318425,248.23,250.0,0.0,2.99,1.76,0,6
17:08:58.811,318447,248.23,250.0,0.0,2.99,1.76,0,6
17:08:58.889,318525,248.23,250.0,0.0,2.99,1.76,0,6
17:08:58.911,318547,248.23,250.0,0.0,2.99,1.76,0,6
17:08:58.989,318625,248.23,250.0,0.0,2.99,1.76,0,6
17:08:59.011,318647,248.23,250.0,0.0,2.99,1.76,0,6
17:08:59.090,318725,248.23,250.0,0.0,2.99,1.76,0,6
17:08:59.111,318747,248.23,250.0,0.0,2.99,1.76,0,6
17:08:59.190,318825,248.23,250.0,0.0,2.99,1.76,0,6
17:08:59.212,318847,248.23,250.0,0.0,2.99,1.76,0,6
17:08:59.289,318925,248.23,250.0,0.0,2.99,1.76,0,6
17:08:59.311,318947,248.23,250.0,0.0,2.99,1.76,0,6
17:08:59.390,319026,248.23,250.0,0.0,2.99,1.76,0,6
17:08:59.412,319048,248.23,250.0,0.0,2.99,1.76,0,6
17:08:59.489,319125,248.23,250.0,0.0,2.99,1.76,0,6
17:08:59.511,319147,248.23,250.0,0.0,2.99,1.76,0,6
17:08:59.589,319225,248.23,250.0,0.0,2.99,1.76,0,6
17:08:59.611,319247,248.23,250.0,0.0,2.99,1.76,0,6
17:08:59.689,319325,248.23,250.0,0.0,2.99,1.76,0,6
17:08:59.736,319347,248.23,250.0,0.0,2.99,1.76,0,6
17:08:59.789,319425,248.23,250.0,0.0,2.99,1.76,0,6
17:08:59.812,319447,248.23,250.0,0.0,2.99,1.76,0,6
17:08:59.889,319525,248.23,250.0,0.0,2.99,1.76,0,6
17:08:59.911,319547,248.23,250.0,0.0,2.99,1.76,0,6
17:08:59.990,319625,248.23,250.0,0.0,2.99,1.76,0,6
17:09:00.012,319647,248.23,250.0,0.0,2.99,1.76,0,6
17:09:00.089,319726,248.23,250.0,0.0,2.99,1.76,0,6
17:09:00.112,319748,248.23,250.0,0.0,2.99,1.76,0,6
17:09:00.189,319825,248.23,250.0,0.0,2.99,1.76,0,6
17:09:00.211,319847,248.23,250.0,0.0,2.99,1.76,0,6
17:09:00.314,319925,248.23,250.0,0.0,2.99,1.76,0,6
17:09:00.319,319947,248.23,250.0,0.0,2.99,1.76,0,6
17:09:00.388,320025,248.23,250.0,0.0,2.99,1.76,0,6
17:09:00.410,320047,248.23,250.0,0.0,2.99,1.76,0,6
17:09:00.489,320125,248.23,250.0,0.0,2.99,1.76,0,6
17:09:00.511,320147,248.23,250.0,0.0,2.99,1.76,0,6
17:09:00.589,320225,248.23,250.0,0.0,2.99,1.76,0,6
17:09:00.610,320247,248.23,250.0,0.0,2.99,1.76,0,6
17:09:00.690,320325,248.23,250.0,0.0,2.99,1.76,0,6
17:09:00.712,320347,248.23,250.0,0.0,2.99,1.76,0,6
17:09:00.789,320426,248.23,250.0,0.0,2.99,1.76,0,6
17:09:00.812,320448,248.23,250.0,0.0,2.99,1.76,0,6
17:09:00.898,320525,248.23,250.0,0.0,2.99,1.76,0,6
17:09:00.911,320547,248.23,250.0,0.0,2.99,1.76,0,6
17:09:00.989,320626,248.23,250.0,0.0,2.99,1.76,0,6
17:09:01.011,320648,248.23,250.0,0.0,2.99,1.76,0,6
17:09:01.089,320725,248.23,250.0,0.0,2.97,1.76,0,6
17:09:01.112,320748,248.23,250.0,0.0,2.97,1.76,0,6
17:09:01.189,320825,248.23,250.0,0.0,2.95,1.76,0,6
17:09:01.211,320847,248.23,250.0,0.0,2.95,1.76,0,6
17:09:01.289,320925,248.23,250.0,0.0,2.91,1.76,0,6
17:09:01.311,320947,248.23,250.0,0.0,2.91,1.76,0,6
17:09:01.388,321025,248.23,250.0,0.0,2.86,1.76,0,6
17:09:01.441,321047,248.23,250.0,0.0,2.86,1.76,0,6
17:09:01.488,321125,248.23,250.0,0.0,2.81,1.76,0,6
17:09:01.511,321147,248.23,250.0,0.0,2.81,1.76,0,6
17:09:01.589,321225,248.23,250.0,0.0,2.74,1.76,0,6
17:09:01.611,321247,248.23,250.0,0.0,2.74,1.76,0,6
17:09:01.689,321325,248.23,250.0,0.0,2.67,1.76,0,6
17:09:01.710,321347,248.23,250.0,0.0,2.66,1.76,0,6
17:09:01.788,321425,248.23,250.0,0.0,2.58,1.76,0,6
17:09:01.811,321447,248.23,250.0,0.0,2.58,1.76,0,6
17:09:01.888,321525,248.23,250.0,0.0,2.49,1.76,0,6
17:09:01.910,321547,248.23,250.0,0.0,2.49,1.76,0,6
17:09:02.006,321625,248.23,250.0,0.0,2.4,1.76,0,6
17:09:02.013,321647,248.23,250.0,0.0,2.39,1.76,0,6
17:09:02.089,321726,248.23,250.0,0.0,2.29,1.76,0,6
17:09:02.112,321748,248.23,250.0,0.0,2.29,1.76,0,6
17:09:02.188,321825,248.23,250.0,0.0,2.18,1.76,0,6
17:09:02.211,321847,248.23,250.0,0.0,2.18,1.76,0,6
17:09:02.288,321925,248.23,250.0,0.0,2.07,1.76,0,6
17:09:02.310,321947,248.23,250.0,0.0,2.06,1.76,0,6
17:09:02.389,322025,248.23,250.0,0.0,1.95,1.76,0,6
17:09:02.411,322048,248.23,250.0,0.0,1.95,1.76,0,6
17:09:02.488,322125,248.23,250.0,0.0,1.83,1.76,0,6
17:09:02.511,322147,248.23,250.0,0.0,1.83,1.76,0,6
17:09:02.599,322225,248.23,250.0,0.0,1.71,1.76,0,6
17:09:02.611,322247,248.23,250.0,0.0,1.7,1.76,0,6
17:09:02.689,322325,248.23,250.0,0.0,1.58,1.76,0,6
17:09:02.711,322348,248.23,250.0,0.0,1.58,1.76,0,6
17:09:02.788,322425,248.23,250.0,0.0,1.46,1.76,0,6
17:09:02.810,322447,248.23,250.0,0.0,1.45,1.76,0,6
17:09:02.889,322525,248.23,250.0,0.0,1.33,1.76,0,6
17:09:02.911,322547,248.23,250.0,0.0,1.33,1.76,0,6
17:09:02.989,322625,248.23,250.0,0.0,1.21,1.76,0,6
17:09:03.010,322647,248.23,250.0,0.0,1.2,1.76,0,6
17:09:03.088,322725,248.23,250.0,0.0,1.09,1.76,0,6
17:09:03.127,322747,248.23,250.0,0.0,1.08,1.76,0,6
17:09:03.188,322825,248.23,250.0,0.0,0.97,1.76,0,6
17:09:03.211,322847,248.23,250.0,0.0,0.96,1.76,0,6
17:09:03.288,322925,248.23,250.0,0.0,0.85,1.76,0,6
17:09:03.311,322947,248.23,250.0,0.0,0.85,1.76,0,6
17:09:03.388,323026,248.23,250.0,0.0,0.74,1.76,0,6
17:09:03.411,323048,248.23,250.0,0.0,0.74,1.76,0,6
17:09:03.489,323125,248.23,250.0,0.0,0.64,1.76,0,6
17:09:03.510,323147,248.23,250.0,0.0,0.64,1.76,0,6
17:09:03.589,323225,248.23,250.0,0.0,0.54,1.76,0,6
17:09:03.611,323247,248.23,250.0,0.0,0.54,1.76,0,6
17:09:03.714,323326,248.23,250.0,0.0,0.45,1.76,0,6
17:09:03.715,323348,248.23,250.0,0.0,0.45,1.76,0,6
17:09:03.788,323425,248.23,250.0,0.0,0.37,1.76,0,6
17:09:03.811,323447,248.23,250.0,0.0,0.36,1.76,0,6
17:09:03.888,323525,248.23,250.0,0.0,0.29,1.76,0,6
17:09:03.910,323547,248.23,250.0,0.0,0.29,1.76,0,6
17:09:03.987,323625,248.23,250.0,0.0,0.22,1.76,0,6
17:09:04.009,323647,248.23,250.0,0.0,0.22,1.76,0,6
17:09:04.088,323725,248.23,250.0,0.0,0.17,1.76,0,6
17:09:04.111,323748,248.23,250.0,0.0,0.16,1.76,0,6
17:09:04.187,323825,248.23,250.0,0.0,0.12,1.76,0,6
17:09:04.210,323847,248.23,250.0,0.0,0.12,1.76,0,6
17:09:04.288,323925,248.23,250.0,0.0,0.08,1.76,0,6
17:09:04.310,323947,248.23,250.0,0.0,0.08,1.76,0,6
17:09:04.388,324025,248.23,250.0,0.0,0.05,1.76,0,6
17:09:04.411,324047,248.23,250.0,0.0,0.05,1.76,0,6
17:09:04.489,324126,248.23,250.0,0.0,0.03,1.76,0,6
17:09:04.511,324148,248.23,250.0,0.0,0.03,1.76,0,6
17:09:04.588,324225,248.23,250.0,0.0,0.02,1.76,0,6
17:09:04.610,324247,248.23,250.0,0.0,0.02,1.76,0,6
17:09:04.689,324326,248.23,250.0,0.0,0.0,1.76,0,4
17:09:04.708,324345,248.23,250.0,0.0,0.0,1.76,0,4
17:09:04.805,324425,248.23,250.0,0.0,0.0,1.76,0,4
17:09:04.817,324445,248.23,250.0,0.0,0.0,1.76,0,4
17:09:04.887,324525,248.23,250.0,0.0,0.0,1.76,0,4
17:09:04.907,324544,248.23,250.0,0.0,0.0,1.76,0,4
17:09:04.988,324625,248.23,250.0,0.0,0.0,1.76,0,4
17:09:05.010,324647,248.23,250.0,0.0,0.0,1.76,0,4
17:09:05.088,324725,248.23,250.0,0.0,0.0,1.76,0,4
17:09:05.110,324747,248.23,250.0,0.0,0.0,1.76,0,4
17:09:05.188,324825,248.23,250.0,0.0,0.0,1.76,0,4
17:09:05.210,324847,248.23,250.0,0.0,0.0,1.76,0,4
17:09:05.288,324925,248.23,250.0,0.0,0.0,1.76,0,4
17:09:05.310,324947,248.23,250.0,0.0,0.0,1.76,0,4
17:09:05.405,325025,248.23,250.0,0.0,0.0,1.76,0,4
17:09:05.409,325047,248.23,250.0,0.0,0.0,1.76,0,4
17:09:05.487,325125,248.23,250.0,0.0,0.0,1.76,0,4
17:09:05.510,325147,248.23,250.0,0.0,0.0,1.76,0,4
17:09:05.587,325225,248.23,250.0,0.0,0.0,1.76,0,4
17:09:05.610,325247,248.23,250.0,0.0,0.0,1.76,0,4
17:09:05.687,325325,248.23,250.0,0.0,0.0,1.76,0,4
17:09:05.709,325347,248.23,250.0,0.0,0.0,1.76,0,4
17:09:05.788,325425,248.23,250.0,0.0,0.0,1.76,0,4
17:09:05.809,325447,248.23,250.0,0.0,0.0,1.76,0,4
17:09:05.888,325525,248.23,250.0,0.0,0.0,1.76,0,4
17:09:05.910,325547,248.23,250.0,0.0,0.0,1.76,0,4
17:09:05.987,325625,248.23,250.0,0.0,0.0,1.76,0,4
17:09:06.009,325647,248.23,250.0,0.0,0.0,1.76,0,4
17:09:06.088,325725,248.23,250.0,0.0,0.0,1.76,0,4
17:09:06.110,325747,248.23,250.0,0.0,0.0,1.76,0,4
17:09:06.188,325825,248.23,250.0,0.0,0.0,1.76,0,4
17:09:06.210,325847,248.23,250.0,0.0,0.0,1.76,0,4
17:09:06.288,325925,248.23,250.0,0.0,0.0,1.76,0,4
17:09:06.310,325947,248.23,250.0,0.0,0.0,1.76,0,4
17:09:06.388,326025,248.23,250.0,0.0,0.0,1.76,0,4
17:09:06.410,326047,248.23,250.0,0.0,0.0,1.76,0,4
17:09:06.505,326125,248.23,250.0,0.0,0.0,1.76,0,4
17:09:06.513,326147,248.23,250.0,0.0,0.0,1.76,0,4
17:09:06.587,326225,248.23,250.0,0.0,0.0,1.76,0,4
17:09:06.610,326247,248.23,250.0,0.0,0.0,1.76,0,4
17:09:06.688,326325,248.23,250.0,0.0,0.0,1.76,0,4
17:09:06.710,326347,248.23,250.0,0.0,0.0,1.76,0,4
17:09:06.788,326425,248.23,250.0,0.0,0.0,1.76,0,4
17:09:06.810,326447,248.23,250.0,0.0,0.0,1.76,0,4
17:09:06.888,326525,248.23,250.0,0.0,0.0,1.76,0,4
17:09:06.910,326547,248.23,250.0,0.0,0.0,1.76,0,4
17:09:06.987,326625,248.23,250.0,0.0,0.0,1.76,0,4
17:09:07.009,326647,248.23,250.0,0.0,0.0,1.76,0,4
17:09:07.094,326725,248.23,250.0,0.0,0.0,1.76,0,4
17:09:07.110,326747,248.23,250.0,0.0,0.0,1.76,0,4
17:09:07.188,326825,248.23,250.0,0.0,0.0,1.76,0,4
17:09:07.210,326847,248.23,250.0,0.0,0.0,1.76,0,4
17:09:07.287,326925,248.23,250.0,0.0,0.0,1.76,0,4
17:09:07.310,326947,248.23,250.0,0.0,0.0,1.76,0,4
17:09:07.388,327025,248.23,250.0,0.0,0.0,1.76,0,4
17:09:07.410,327047,248.23,250.0,0.0,0.0,1.76,0,4
17:09:07.488,327125,248.23,250.0,0.0,0.0,1.76,0,4
17:09:07.509,327147,248.23,250.0,0.0,0.0,1.76,0,4
17:09:07.588,327225,248.23,250.0,0.0,0.0,1.76,0,4
17:09:07.633,327247,248.23,250.0,0.0,0.0,1.76,0,4
17:09:07.688,327325,248.23,250.0,0.0,0.0,1.76,0,4
17:09:07.710,327347,248.23,250.0,0.0,0.0,1.76,0,4
17:09:07.786,327425,248.23,250.0,0.0,0.0,1.76,0,4
17:09:07.809,327447,248.23,250.0,0.0,0.0,1.76,0,4
17:09:07.888,327525,248.23,250.0,0.0,0.0,1.76,0,4
17:09:07.910,327547,248.23,250.0,0.0,0.0,1.76,0,4
17:09:07.988,327625,248.23,250.0,0.0,0.0,1.76,0,4
17:09:08.010,327647,248.23,250.0,0.0,0.0,1.76,0,4
17:09:08.087,327725,248.23,250.0,0.0,0.0,1.76,0,4
17:09:08.110,327747,248.23,250.0,0.0,0.0,1.76,0,4
17:09:08.219,327825,248.23,250.0,0.0,0.0,1.76,0,4
17:09:08.223,327847,248.23,250.0,0.0,0.0,1.76,0,4
17:09:08.286,327925,248.23,250.0,0.0,0.0,1.76,0,4
17:09:08.309,327947,248.23,250.0,0.0,0.0,1.76,0,4
17:09:08.387,328025,248.23,250.0,0.0,0.0,1.76,0,4
17:09:08.408,328047,248.23,250.0,0.0,0.0,1.76,0,4
17:09:08.486,328125,248.23,250.0,0.0,0.0,1.76,0,4
17:09:08.508,328147,248.23,250.0,0.0,0.0,1.76,0,4
17:09:08.587,328225,248.23,250.0,0.0,0.0,1.76,0,4
17:09:08.609,328247,248.23,250.0,0.0,0.0,1.76,0,4
17:09:08.687,328325,248.23,250.0,0.0,0.0,1.76,0,4
17:09:08.708,328347,248.23,250.0,0.0,0.0,1.76,0,4
17:09:08.792,328425,248.23,250.0,0.0,0.0,1.76,0,4
17:09:08.809,328447,248.23,250.0,0.0,0.0,1.76,0,4
17:09:08.887,328525,248.23,250.0,0.0,0.0,1.76,0,4
17:09:08.909,328547,248.23,250.0,0.0,0.0,1.76,0,4
17:09:08.986,328625,248.23,250.0,0.0,0.0,1.76,0,4
17:09:09.008,328647,248.23,250.0,0.0,0.0,1.76,0,4
17:09:09.087,328725,248.23,250.0,0.0,0.0,1.76,0,4
17:09:09.109,328747,248.23,250.0,0.0,0.0,1.76,0,4
17:09:09.187,328825,248.23,250.0,0.0,0.0,1.76,0,4
17:09:09.209,328847,248.23,250.0,0.0,0.0,1.76,0,4
17:09:09.287,328925,248.23,250.0,0.0,0.0,1.76,0,4
17:09:09.321,328947,248.23,250.0,0.0,0.0,1.76,0,4
17:09:09.387,329025,248.23,250.0,0.0,0.0,1.76,0,4
17:09:09.409,329047,248.23,250.0,0.0,0.0,1.76,0,4
17:09:09.487,329125,248.23,250.0,0.0,0.0,1.76,0,4
17:09:09.509,329147,248.23,250.0,0.0,0.0,1.76,0,4
17:09:09.586,329225,248.23,250.0,0.0,0.0,1.76,0,4
17:09:09.608,329247,248.23,250.0,0.0,0.0,1.76,0,4
17:09:09.687,329325,248.23,250.0,0.0,0.0,1.76,0,4
17:09:09.709,329347,248.23,250.0,0.0,0.0,1.76,0,4
17:09:09.786,329425,248.23,250.0,0.0,0.0,1.76,0,4
17:09:09.808,329447,248.23,250.0,0.0,0.0,1.76,0,4
17:09:09.914,329525,248.23,250.0,0.0,0.0,1.76,0,4
17:09:09.914,329547,248.23,250.0,0.0,0.0,1.76,0,4
17:09:09.987,329625,248.23,250.0,0.0,0.0,1.76,0,4
17:09:10.009,329647,248.23,250.0,0.0,0.0,1.76,0,4
17:09:10.087,329725,248.23,250.0,0.0,0.0,1.76,0,4
17:09:10.109,329747,248.23,250.0,0.0,0.0,1.76,0,4
17:09:10.186,329825,248.23,250.0,0.0,0.0,1.76,0,4
17:09:10.209,329847,248.23,250.0,0.0,0.0,1.76,0,4
17:09:10.287,329925,248.23,250.0,0.0,0.0,1.76,0,4
17:09:10.309,329947,248.23,250.0,0.0,0.0,1.76,0,4
17:09:10.386,330025,248.23,250.0,0.0,0.0,1.76,0,4
17:09:10.408,330047,248.23,250.0,0.0,0.0,1.76,0,4
17:09:10.487,330125,248.23,250.0,0.0,0.0,1.76,0,4
17:09:10.509,330147,248.23,250.0,0.0,0.0,1.76,0,4
17:09:10.587,330225,248.23,250.0,0.0,0.0,1.76,0,4
17:09:10.609,330247,248.23,250.0,0.0,0.0,1.76,0,4
17:09:10.686,330325,248.23,250.0,0.0,0.0,1.76,0,4
17:09:10.709,330347,248.23,250.0,0.0,0.0,1.76,0,4
17:09:10.787,330425,248.23,250.0,0.0,0.0,1.76,0,4
17:09:10.809,330447,248.23,250.0,0.0,0.0,1.76,0,4
17:09:10.887,330525,248.23,250.0,0.0,0.0,1.76,0,4
17:09:10.909,330547,248.23,250.0,0.0,0.0,1.76,0,4
17:09:10.987,330625,248.23,250.0,0.0,0.0,1.76,0,4
17:09:11.013,330647,248.23,250.0,0.0,0.0,1.76,0,4
17:09:11.086,330725,248.23,250.0,0.0,0.0,1.76,0,4
17:09:11.109,330747,248.23,250.0,0.0,0.0,1.76,0,4
17:09:11.187,330825,248.23,250.0,0.0,0.0,1.76,0,4
17:09:11.208,330847,248.23,250.0,0.0,0.0,1.76,0,4
17:09:11.287,330925,248.23,250.0,0.0,0.0,1.76,0,4
17:09:11.308,330947,248.23,250.0,0.0,0.0,1.76,0,4
17:09:11.387,331025,248.23,250.0,0.0,0.0,1.76,0,4
17:09:11.409,331047,248.23,250.0,0.0,0.0,1.76,0,4
17:09:11.487,331125,248.23,250.0,0.0,0.0,1.76,0,4
17:09:11.508,331147,248.23,250.0,0.0,0.0,1.76,0,4
17:09:11.609,331225,248.23,250.0,0.0,0.0,1.76,0,4
17:09:11.610,331247,248.23,250.0,0.0,0.0,1.76,0,4
17:09:11.686,331325,248.23,250.0,0.0,0.0,1.76,0,4
17:09:11.708,331347,248.23,250.0,0.0,0.0,1.76,0,4
17:09:11.786,331425,248.23,250.0,0.0,0.0,1.76,0,4
17:09:11.808,331447,248.23,250.0,0.0,0.0,1.76,0,4
17:09:11.886,331525,248.23,250.0,0.0,0.0,1.76,0,4
17:09:11.908,331547,248.23,250.0,0.0,0.0,1.76,0,4
17:09:11.987,331625,248.23,250.0,0.0,0.0,1.76,0,4
17:09:12.009,331647,248.23,250.0,0.0,0.0,1.76,0,4
17:09:12.086,331725,248.23,250.0,0.0,0.0,1.76,0,4
17:09:12.109,331747,248.23,250.0,0.0,0.0,1.76,0,4
17:09:12.187,331825,248.23,250.0,0.0,0.0,1.76,0,4
17:09:12.209,331847,248.23,250.0,0.0,0.0,1.76,0,4
17:09:12.286,331925,248.23,250.0,0.0,0.0,1.76,0,4
17:09:12.308,331947,248.23,250.0,0.0,0.0,1.76,0,4
17:09:12.385,332025,248.23,250.0,0.0,0.0,1.76,0,4
17:09:12.407,332047,248.23,250.0,0.0,0.0,1.76,0,4
17:09:12.485,332125,248.23,250.0,0.0,0.0,1.76,0,4
17:09:12.507,332147,248.23,250.0,0.0,0.0,1.76,0,4
17:09:12.586,332225,248.23,250.0,0.0,0.0,1.76,0,4
17:09:12.608,332247,248.23,250.0,0.0,0.0,1.76,0,4
17:09:12.712,332325,248.23,250.0,0.0,0.0,1.76,0,4
17:09:12.713,332347,248.23,250.0,0.0,0.0,1.76,0,4
17:09:12.786,332425,248.23,250.0,0.0,0.0,1.76,0,4
17:09:12.808,332447,248.23,250.0,0.0,0.0,1.76,0,4
17:09:12.886,332525,248.23,250.0,0.0,0.0,1.76,0,4
17:09:12.908,332547,248.23,250.0,0.0,0.0,1.76,0,4
17:09:12.986,332625,248.23,250.0,0.0,0.0,1.76,0,4
17:09:13.007,332647,248.23,250.0,0.0,0.0,1.76,0,4
17:09:13.086,332725,248.23,250.0,0.0,0.0,1.76,0,4
17:09:13.108,332747,248.23,250.0,0.0,0.0,1.76,0,4
17:09:13.185,332825,248.23,250.0,0.0,0.0,1.76,0,4
17:09:13.208,332847,248.23,250.0,0.0,0.0,1.76,0,4
17:09:13.288,332925,248.23,250.0,0.0,0.0,1.76,0,4
17:09:13.308,332947,248.23,250.0,0.0,0.0,1.76,0,4
17:09:13.386,333025,248.23,250.0,0.0,0.0,1.76,0,4
17:09:13.408,333047,248.23,250.0,0.0,0.0,1.76,0,4
17:09:13.486,333125,248.23,250.0,0.0,0.0,1.76,0,4
17:09:13.508,333147,248.23,250.0,0.0,0.0,1.76,0,4
17:09:13.586,333225,248.23,250.0,0.0,0.0,1.76,0,4
17:09:13.607,333247,248.23,250.0,0.0,0.0,1.76,0,4
17:09:13.685,333325,248.23,250.0,0.0,0.0,1.76,0,4
17:09:13.708,333347,248.23,250.0,0.0,0.0,1.76,0,4
17:09:13.786,333425,248.23,250.0,0.0,0.0,1.76,0,4
17:09:13.817,333447,248.23,250.0,0.0,0.0,1.76,0,4
17:09:13.886,333525,248.23,250.0,0.0,0.0,1.76,0,4
17:09:13.908,333547,248.23,250.0,0.0,0.0,1.76,0,4
17:09:13.986,333625,248.23,250.0,0.0,0.0,1.76,0,4
17:09:14.008,333647,248.23,250.0,0.0,0.0,1.76,0,4
17:09:14.086,333725,248.23,250.0,0.0,0.0,1.76,0,4
17:09:14.108,333747,248.23,250.0,0.0,0.0,1.76,0,4
17:09:14.185,333825,248.23,250.0,0.0,0.0,1.76,0,4
17:09:14.207,333847,248.23,250.0,0.0,0.0,1.76,0,4
17:09:14.286,333925,248.23,250.0,0.0,0.0,1.76,0,4
17:09:14.308,333947,248.23,250.0,0.0,0.0,1.76,0,4
17:09:14.402,334025,248.23,250.0,0.0,0.0,1.76,0,4
17:09:14.407,334047,248.23,250.0,0.0,0.0,1.76,0,4
17:09:14.485,334125,248.23,250.0,0.0,0.0,1.76,0,4
17:09:14.507,334147,248.23,250.0,0.0,0.0,1.76,0,4
17:09:14.586,334225,248.23,250.0,0.0,0.0,1.76,0,4
17:09:14.608,334247,248.23,250.0,0.0,0.0,1.76,0,4
17:09:14.686,334325,248.23,250.0,0.0,0.0,1.76,0,4
17:09:14.708,334347,248.23,250.0,0.0,0.0,1.76,0,4
17:09:14.786,334425,248.23,250.0,0.0,0.0,1.76,0,4
17:09:14.808,334447,248.23,250.0,0.0,0.0,1.76,0,4
17:09:14.886,334525,248.23,250.0,0.0,0.0,1.76,0,4
17:09:14.908,334547,248.23,250.0,0.0,0.0,1.76,0,4
17:09:14.986,334625,248.23,250.0,0.0,0.0,1.76,0,4
17:09:15.008,334647,248.23,250.0,0.0,0.0,1.76,0,4
17:09:15.086,334725,248.23,250.0,0.0,0.0,1.76,0,4
17:09:15.108,334747,248.23,250.0,0.0,0.0,1.76,0,4
17:09:15.185,334825,248.23,250.0,0.0,0.0,1.76,0,4
17:09:15.207,334847,248.23,250.0,0.0,0.0,1.76,0,4
17:09:15.286,334925,248.23,250.0,0.0,0.0,1.76,0,4
17:09:15.308,334947,248.23,250.0,0.0,0.0,1.76,0,4
17:09:15.385,335025,248.23,250.0,0.0,0.0,1.76,0,4
17:09:15.408,335047,248.23,250.0,0.0,0.0,1.76,0,4
17:09:15.526,335125,248.23,250.0,0.0,0.0,1.76,0,4
17:09:15.531,335147,248.23,250.0,0.0,0.0,1.76,0,4
17:09:15.585,335225,248.23,250.0,0.0,0.0,1.76,0,4
17:09:15.608,335247,248.23,250.0,0.0,0.0,1.76,0,4
17:09:15.686,335325,248.23,250.0,0.0,0.0,1.76,0,4
17:09:15.708,335347,248.23,250.0,0.0,0.0,1.76,0,4
17:09:15.786,335425,248.23,250.0,0.0,0.0,1.76,0,4
17:09:15.808,335447,248.23,250.0,0.0,0.0,1.76,0,4
17:09:15.886,335525,248.23,250.0,0.0,0.0,1.76,0,4
17:09:15.907,335547,248.23,250.0,0.0,0.0,1.76,0,4
17:09:15.986,335625,248.23,250.0,0.0,0.0,1.76,0,4
17:09:16.008,335647,248.23,250.0,0.0,0.0,1.76,0,4
17:09:16.106,335725,248.23,250.0,0.0,0.0,1.76,0,4
17:09:16.107,335747,248.23,250.0,0.0,0.0,1.76,0,4
17:09:16.186,335825,248.23,250.0,0.0,0.0,1.76,0,4
17:09:16.208,335847,248.23,250.0,0.0,0.0,1.76,0,4
17:09:16.285,335925,248.23,250.0,0.0,0.0,1.76,0,4
17:09:16.308,335947,248.23,250.0,0.0,0.0,1.76,0,4
17:09:16.385,336025,248.23,250.0,0.0,0.0,1.76,0,4
17:09:16.407,336047,248.23,250.0,0.0,0.0,1.76,0,4
17:09:16.485,336125,248.23,250.0,0.0,0.0,1.76,0,4
17:09:16.507,336147,248.23,250.0,0.0,0.0,1.76,0,4
17:09:16.584,336225,248.23,250.0,0.0,0.0,1.76,0,4
17:09:16.607,336247,248.23,250.0,0.0,0.0,1.76,0,4
17:09:16.684,336325,248.23,250.0,0.0,0.0,1.76,0,4
17:09:16.707,336347,248.23,250.0,0.0,0.0,1.76,0,4
17:09:16.784,336425,248.23,250.0,0.0,0.0,1.76,0,4
17:09:16.807,336447,248.23,250.0,0.0,0.0,1.76,0,4
17:09:16.884,336525,248.23,250.0,0.0,0.0,1.76,0,4
17:09:16.906,336547,248.23,250.0,0.0,0.0,1.76,0,4
17:09:16.984,336625,248.23,250.0,0.0,0.0,1.76,0,4
17:09:17.006,336647,248.23,250.0,0.0,0.0,1.76,0,4
17:09:17.085,336725,248.23,250.0,0.0,0.0,1.76,0,4
17:09:17.107,336747,248.23,250.0,0.0,0.0,1.76,0,4
17:09:17.203,336825,248.23,250.0,0.0,0.0,1.76,0,4
17:09:17.209,336847,248.23,250.0,0.0,0.0,1.76,0,4
17:09:17.285,336925,248.23,250.0,0.0,0.0,1.76,0,4
17:09:17.307,336947,248.23,250.0,0.0,0.0,1.76,0,4
17:09:17.384,337025,248.23,250.0,0.0,0.0,1.76,0,4
17:09:17.407,337047,248.23,250.0,0.0,0.0,1.76,0,4
17:09:17.485,337125,248.23,250.0,0.0,0.0,1.76,0,4
17:09:17.507,337147,248.23,250.0,0.0,0.0,1.76,0,4
17:09:17.585,337225,248.23,250.0,0.0,0.0,1.76,0,4
17:09:17.607,337247,248.23,250.0,0.0,0.0,1.76,0,4
17:09:17.684,337325,248.23,250.0,0.0,0.0,1.76,0,4
17:09:17.706,337347,248.23,250.0,0.0,0.0,1.76,0,4
17:09:17.807,337425,248.23,250.0,0.0,0.0,1.76,0,4
17:09:17.809,337447,248.23,250.0,0.0,0.0,1.76,0,4
17:09:17.885,337525,248.23,250.0,0.0,0.0,1.76,0,4
17:09:17.907,337547,248.23,250.0,0.0,0.0,1.76,0,4
17:09:17.984,337625,248.23,250.0,0.0,0.0,1.76,0,4
17:09:18.007,337647,248.23,250.0,0.0,0.0,1.76,0,4
17:09:18.084,337725,248.23,250.0,0.0,0.0,1.76,0,4
17:09:18.107,337747,248.23,250.0,0.0,0.0,1.76,0,4
17:09:18.185,337825,248.23,250.0,0.0,0.0,1.76,0,4
17:09:18.206,337847,248.23,250.0,0.0,0.0,1.76,0,4
17:09:18.285,337925,248.23,250.0,0.0,0.0,1.76,0,4
17:09:18.307,337947,248.23,250.0,0.0,0.0,1.76,0,4
17:09:18.384,338025,248.23,250.0,0.0,0.0,1.76,0,4
17:09:18.407,338047,248.23,250.0,0.0,0.0,1.76,0,4
17:09:18.485,338125,248.23,250.0,0.0,0.0,1.76,0,4
17:09:18.506,338147,248.23,250.0,0.0,0.0,1.76,0,4
17:09:18.585,338225,248.23,250.0,0.0,0.0,1.76,0,4
17:09:18.607,338247,248.23,250.0,0.0,0.0,1.76,0,4
17:09:18.684,338325,248.23,250.0,0.0,0.0,1.76,0,4
17:09:18.707,338347,248.23,250.0,0.0,0.0,1.76,0,4
17:09:18.784,338425,248.23,250.0,0.0,0.0,1.76,0,4
17:09:18.806,338447,248.23,250.0,0.0,0.0,1.76,0,4
17:09:18.905,338525,248.23,250.0,0.0,0.0,1.76,0,4
17:09:18.916,338547,248.23,250.0,0.0,0.0,1.76,0,4
17:09:18.984,338625,248.23,250.0,0.0,0.0,1.76,0,4
17:09:19.007,338647,248.23,250.0,0.0,0.0,1.76,0,4
17:09:19.084,338725,248.23,250.0,0.0,0.0,1.76,0,4
17:09:19.106,338747,248.23,250.0,0.0,0.0,1.76,0,4
17:09:19.184,338825,248.23,250.0,0.0,0.0,1.76,0,4
17:09:19.207,338847,248.23,250.0,0.0,0.0,1.76,0,4
17:09:19.285,338925,248.23,250.0,0.0,0.0,1.76,0,4
17:09:19.307,338947,248.23,250.0,0.0,0.0,1.76,0,4
17:09:19.384,339025,248.23,250.0,0.0,0.0,1.76,0,4
17:09:19.407,339047,248.23,250.0,0.0,0.0,1.76,0,4
17:09:19.505,339125,248.23,250.0,0.0,0.0,1.76,0,4
17:09:19.507,339147,248.23,250.0,0.0,0.0,1.76,0,4
17:09:19.584,339225,248.23,250.0,0.0,0.0,1.76,0,4
17:09:19.606,339247,248.23,250.0,0.0,0.0,1.76,0,4
17:09:19.684,339325,248.23,250.0,0.0,0.0,1.76,0,4
17:09:19.706,339347,248.23,250.0,0.0,0.0,1.76,0,4
17:09:19.784,339425,248.23,250.0,0.0,0.0,1.76,0,4
17:09:19.807,339447,248.23,250.0,0.0,0.0,1.76,0,4
17:09:19.884,339525,248.23,250.0,0.0,0.0,1.76,0,4
17:09:19.906,339547,248.23,250.0,0.0,0.0,1.76,0,4
17:09:19.984,339625,248.23,250.0,0.0,0.0,1.76,0,4
17:09:20.006,339647,248.23,250.0,0.0,0.0,1.76,0,4
17:09:20.087,339725,248.23,250.0,0.0,0.0,1.76,0,4
17:09:20.106,339747,248.23,250.0,0.0,0.0,1.76,0,4
17:09:20.184,339825,248.23,250.0,0.0,0.0,1.76,0,4
17:09:20.207,339847,248.23,250.0,0.0,0.0,1.76,0,4
17:09:20.284,339925,248.23,250.0,0.0,0.0,1.76,0,4
17:09:20.307,339947,248.23,250.0,0.0,0.0,1.76,0,4
17:09:20.384,340025,248.23,250.0,0.0,0.0,1.76,0,4
17:09:20.406,340047,248.23,250.0,0.0,0.0,1.76,0,4
17:09:20.484,340125,248.23,250.0,0.0,0.0,1.76,0,4
17:09:20.506,340147,248.23,250.0,0.0,0.0,1.76,0,4
17:09:20.583,340225,248.23,250.0,0.0,0.0,1.76,0,4
17:09:20.622,340247,248.23,250.0,0.0,0.0,1.76,0,4
17:09:20.684,340325,248.23,250.0,0.0,0.0,1.76,0,4
17:09:20.706,340347,248.23,250.0,0.0,0.0,1.76,0,4
17:09:20.783,340425,248.23,250.0,0.0,0.0,1.76,0,4
17:09:20.806,340447,248.23,250.0,0.0,0.0,1.76,0,4
17:09:20.883,340525,248.23,250.0,0.0,0.0,1.76,0,4
17:09:20.906,340547,248.23,250.0,0.0,0.0,1.76,0,4
17:09:20.983,340625,248.23,250.0,0.0,0.0,1.76,0,4
17:09:21.006,340647,248.23,250.0,0.0,0.0,1.76,0,4
17:09:21.084,340725,248.23,250.0,0.0,0.0,1.76,0,4
17:09:21.105,340747,248.23,250.0,0.0,0.0,1.76,0,4
17:09:21.210,340825,248.23,250.0,0.0,0.0,1.76,0,4
17:09:21.211,340847,248.23,250.0,0.0,0.0,1.76,0,4
17:09:21.283,340925,248.23,250.0,0.0,0.0,1.76,0,4
17:09:21.306,340947,248.23,250.0,0.0,0.0,1.76,0,4
17:09:21.384,341025,248.23,250.0,0.0,0.0,1.76,0,4
17:09:21.406,341047,248.23,250.0,0.0,0.0,1.76,0,4
17:09:21.484,341125,248.23,250.0,0.0,0.0,1.76,0,4
17:09:21.506,341147,248.23,250.0,0.0,0.0,1.76,0,4
17:09:21.583,341225,248.23,250.0,0.0,0.0,1.76,0,4
17:09:21.606,341247,248.23,250.0,0.0,0.0,1.76,0,4
17:09:21.684,341325,248.23,250.0,0.0,0.0,1.76,0,4
17:09:21.705,341347,248.23,250.0,0.0,0.0,1.76,0,4
17:09:21.783,341425,248.23,250.0,0.0,0.0,1.76,0,4
17:09:21.806,341447,248.23,250.0,0.0,0.0,1.76,0,4
17:09:21.883,341525,248.23,250.0,0.0,0.0,1.76,0,4
17:09:21.905,341547,248.23,250.0,0.0,0.0,1.76,0,4
17:09:21.984,341625,248.23,250.0,0.0,0.0,1.76,0,4
17:09:22.006,341647,248.23,250.0,0.0,0.0,1.76,0,4
17:09:22.083,341725,248.23,250.0,0.0,0.0,1.76,0,4
17:09:22.105,341747,248.23,250.0,0.0,0.0,1.76,0,4
17:09:22.184,341825,248.23,250.0,0.0,0.0,1.76,0,4
17:09:22.206,341847,248.23,250.0,0.0,0.0,1.76,0,4
17:09:22.305,341925,248.23,250.0,0.0,0.0,1.76,0,4
17:09:22.310,341947,248.23,250.0,0.0,0.0,1.76,0,4
17:09:22.384,342025,248.23,250.0,0.0,0.0,1.76,0,4
17:09:22.405,342047,248.23,250.0,0.0,0.0,1.76,0,4
17:09:22.483,342125,248.23,250.0,0.0,0.0,1.76,0,4
17:09:22.506,342147,248.23,250.0,0.0,0.0,1.76,0,4
17:09:22.583,342225,248.23,250.0,0.0,0.0,1.76,0,4
17:09:22.605,342247,248.23,250.0,0.0,0.0,1.76,0,4
17:09:22.683,342325,248.23,250.0,0.0,0.0,1.76,0,4
17:09:22.705,342347,248.23,250.0,0.0,0.0,1.76,0,4
17:09:22.784,342425,248.23,250.0,0.0,0.0,1.76,0,4
17:09:22.806,342447,248.23,250.0,0.0,0.0,1.76,0,4
17:09:22.890,342525,248.23,250.0,0.0,0.0,1.76,0,4
17:09:22.906,342547,248.23,250.0,0.0,0.0,1.76,0,4
17:09:22.984,342625,248.23,250.0,0.0,0.0,1.76,0,4
17:09:23.006,342647,248.23,250.0,0.0,0.0,1.76,0,4
17:09:23.083,342725,248.23,250.0,0.0,0.0,1.76,0,4
17:09:23.106,342747,248.23,250.0,0.0,0.0,1.76,0,4
17:09:23.183,342825,248.23,250.0,0.0,0.0,1.76,0,4
17:09:23.205,342847,248.23,250.0,0.0,0.0,1.76,0,4
17:09:23.283,342925,248.23,250.0,0.0,0.0,1.76,0,4
17:09:23.305,342947,248.23,250.0,0.0,0.0,1.76,0,4
17:09:23.383,343025,248.23,250.0,0.0,0.0,1.76,0,4
17:09:23.422,343047,248.23,250.0,0.0,0.0,1.76,0,4
17:09:23.483,343125,248.23,250.0,0.0,0.0,1.76,0,4
17:09:23.505,343147,248.23,250.0,0.0,0.0,1.76,0,4
17:09:23.583,343225,248.23,250.0,0.0,0.0,1.76,0,4
17:09:23.605,343247,248.23,250.0,0.0,0.0,1.76,0,4
17:09:23.683,343325,248.23,250.0,0.0,0.0,1.76,0,4
17:09:23.705,343347,248.23,250.0,0.0,0.0,1.76,0,4
17:09:23.783,343425,248.23,250.0,0.0,0.0,1.76,0,4
17:09:23.806,343447,248.23,250.0,0.0,0.0,1.76,0,4
17:09:23.883,343525,248.23,250.0,0.0,0.0,1.76,0,4
17:09:23.906,343547,248.23,250.0,0.0,0.0,1.76,0,4
17:09:24.006,343625,248.23,250.0,0.0,0.0,1.76,0,4
17:09:24.007,343647,248.23,250.0,0.0,0.0,1.76,0,4
17:09:24.083,343725,248.23,250.0,0.0,0.0,1.76,0,4
17:09:24.105,343747,248.23,250.0,0.0,0.0,1.76,0,4
17:09:24.183,343825,248.23,250.0,0.0,0.0,1.76,0,4
17:09:24.205,343847,248.23,250.0,0.0,0.0,1.76,0,4
17:09:24.284,343925,248.23,250.0,0.0,0.0,1.76,0,4
17:09:24.306,343947,248.23,250.0,0.0,0.0,1.76,0,4
17:09:24.384,344025,248.23,250.0,0.0,0.0,1.76,0,4
17:09:24.406,344047,248.23,250.0,0.0,0.0,1.76,0,4
17:09:24.484,344125,248.23,250.0,0.0,0.0,1.76,0,4
17:09:24.506,344147,248.23,250.0,0.0,0.0,1.76,0,4
17:09:24.584,344225,248.23,250.0,0.0,0.0,1.76,0,4
17:09:24.606,344247,248.23,250.0,0.0,0.0,1.76,0,4
17:09:24.683,344325,248.23,250.0,0.0,0.0,1.76,0,4
17:09:24.705,344347,248.23,250.0,0.0,0.0,1.76,0,4
17:09:24.783,344425,248.23,250.0,0.0,0.0,1.76,0,4
17:09:24.805,344447,248.23,250.0,0.0,0.0,1.76,0,4
17:09:24.883,344525,248.23,250.0,0.0,0.0,1.76,0,4
17:09:24.905,344547,248.23,250.0,0.0,0.0,1.76,0,4
17:09:24.983,344625,248.23,250.0,0.0,0.0,1.76,0,4
17:09:25.004,344647,248.23,250.0,0.0,0.0,1.76,0,4
17:09:25.117,344725,248.23,250.0,0.0,0.0,1.76,0,4
17:09:25.127,344747,248.23,250.0,0.0,0.0,1.76,0,4
17:09:25.182,344825,248.23,250.0,0.0,0.0,1.76,0,4
17:09:25.204,344847,248.23,250.0,0.0,0.0,1.76,0,4
17:09:25.283,344925,248.23,250.0,0.0,0.0,1.76,0,4
17:09:25.304,344947,248.23,250.0,0.0,0.0,1.76,0,4
17:09:25.382,345025,248.23,250.0,0.0,0.0,1.76,0,4
17:09:25.405,345047,248.23,250.0,0.0,0.0,1.76,0,4
17:09:25.483,345125,248.23,250.0,0.0,0.0,1.76,0,4
17:09:25.505,345147,248.23,250.0,0.0,0.0,1.76,0,4
17:09:25.582,345225,248.23,250.0,0.0,0.0,1.76,0,4
17:09:25.605,345247,248.23,250.0,0.0,0.0,1.76,0,4
17:09:25.707,345325,248.23,250.0,0.0,0.0,1.76,0,4
17:09:25.708,345347,248.23,250.0,0.0,0.0,1.76,0,4
17:09:25.783,345425,248.23,250.0,0.0,0.0,1.76,0,4
17:09:25.804,345447,248.23,250.0,0.0,0.0,1.76,0,4
17:09:25.883,345525,248.23,250.0,0.0,0.0,1.76,0,4
17:09:25.905,345547,248.23,250.0,0.0,0.0,1.76,0,4
17:09:25.983,345625,248.23,250.0,0.0,0.0,1.76,0,4
17:09:26.005,345647,248.23,250.0,0.0,0.0,1.76,0,4
17:09:26.083,345725,248.23,250.0,0.0,0.0,1.76,0,4
17:09:26.104,345747,248.23,250.0,0.0,0.0,1.76,0,4
17:09:26.183,345825,248.23,250.0,0.0,0.0,1.76,0,4
17:09:26.205,345847,248.23,250.0,0.0,0.0,1.76,0,4
17:09:26.283,345925,248.23,250.0,0.0,0.0,1.76,0,4
17:09:26.305,345947,248.23,250.0,0.0,0.0,1.76,0,4
17:09:26.382,346025,248.23,250.0,0.0,0.0,1.76,0,4
17:09:26.405,346047,248.23,250.0,0.0,0.0,1.76,0,4
17:09:26.482,346125,248.23,250.0,0.0,0.0,1.76,0,4
17:09:26.505,346147,248.23,250.0,0.0,0.0,1.76,0,4
17:09:26.583,346225,248.23,250.0,0.0,0.0,1.76,0,4
17:09:26.604,346247,248.23,250.0,0.0,0.0,1.76,0,4
17:09:26.683,346325,248.23,250.0,0.0,0.0,1.76,0,4
17:09:26.705,346347,248.23,250.0,0.0,0.0,1.76,0,4
17:09:26.817,346425,248.23,250.0,0.0,0.0,1.76,0,4
17:09:26.818,346447,248.23,250.0,0.0,0.0,1.76,0,4
17:09:26.882,346525,248.23,250.0,0.0,0.0,1.76,0,4
17:09:26.905,346547,248.23,250.0,0.0,0.0,1.76,0,4
17:09:26.983,346625,248.23,250.0,0.0,0.0,1.76,0,4
17:09:27.005,346647,248.23,250.0,0.0,0.0,1.76,0,4
17:09:27.083,346725,248.23,250.0,0.0,0.0,1.76,0,4
17:09:27.104,346747,248.23,250.0,0.0,0.0,1.76,0,4
17:09:27.183,346825,248.23,250.0,0.0,0.0,1.76,0,4
17:09:27.205,346847,248.23,250.0,0.0,0.0,1.76,0,4
17:09:27.283,346925,248.23,250.0,0.0,0.0,1.76,0,4
17:09:27.305,346947,248.23,250.0,0.0,0.0,1.76,0,4
17:09:27.390,347025,248.23,250.0,0.0,0.0,1.76,0,4
17:09:27.404,347047,248.23,250.0,0.0,0.0,1.76,0,4
17:09:27.482,347125,248.23,250.0,0.0,0.0,1.76,0,4
17:09:27.505,347147,248.23,250.0,0.0,0.0,1.76,0,4
17:09:27.583,347225,248.23,250.0,0.0,0.0,1.76,0,4
17:09:27.605,347247,248.23,250.0,0.0,0.0,1.76,0,4
17:09:27.683,347325,248.23,250.0,0.0,0.0,1.76,0,4
17:09:27.705,347347,248.23,250.0,0.0,0.0,1.76,0,4
17:09:27.782,347425,248.23,250.0,0.0,0.0,1.76,0,4
17:09:27.805,347447,248.23,250.0,0.0,0.0,1.76,0,4
17:09:27.883,347525,248.23,250.0,0.0,0.0,1.76,0,4
17:09:27.933,347547,248.23,250.0,0.0,0.0,1.76,0,4
17:09:27.983,347625,248.23,250.0,0.0,0.0,1.76,0,4
17:09:28.005,347647,248.23,250.0,0.0,0.0,1.76,0,4
17:09:28.082,347725,248.23,250.0,0.0,0.0,1.76,0,4
17:09:28.105,347747,248.23,250.0,0.0,0.0,1.76,0,4
17:09:28.182,347825,248.23,250.0,0.0,0.0,1.76,0,4
17:09:28.204,347847,248.23,250.0,0.0,0.0,1.76,0,4
17:09:28.283,347925,248.23,250.0,0.0,0.0,1.76,0,4
17:09:28.304,347947,248.23,250.0,0.0,0.0,1.76,0,4
17:09:28.383,348025,248.23,250.0,0.0,0.0,1.76,0,4
17:09:28.404,348047,248.23,250.0,0.0,0.0,1.76,0,4
17:09:28.508,348125,248.23,250.0,0.0,0.0,1.76,0,4
17:09:28.521,348147,248.23,250.0,0.0,0.0,1.76,0,4
17:09:28.582,348225,248.23,250.0,0.0,0.0,1.76,0,4
17:09:28.605,348247,248.23,250.0,0.0,0.0,1.76,0,4
17:09:28.682,348325,248.23,250.0,0.0,0.0,1.76,0,4
17:09:28.704,348347,248.23,250.0,0.0,0.0,1.76,0,4
17:09:28.782,348425,248.23,250.0,0.0,0.0,1.76,0,4
17:09:28.804,348447,248.23,250.0,0.0,0.0,1.76,0,4
17:09:28.882,348525,248.23,250.0,0.0,0.0,1.76,0,4
17:09:28.904,348547,248.23,250.0,0.0,0.0,1.76,0,4
17:09:28.982,348625,248.23,250.0,0.0,0.0,1.76,0,4
17:09:29.004,348647,248.23,250.0,0.0,0.0,1.76,0,4
17:09:29.129,348725,248.23,250.0,0.0,0.0,1.76,0,4
17:09:29.129,348747,248.23,250.0,0.0,0.0,1.76,0,4
17:09:29.182,348825,248.23,250.0,0.0,0.0,1.76,0,4
17:09:29.203,348847,248.23,250.0,0.0,0.0,1.76,0,4
17:09:29.282,348925,248.23,250.0,0.0,0.0,1.76,0,4
17:09:29.303,348947,248.23,250.0,0.0,0.0,1.76,0,4
17:09:29.382,349025,248.23,250.0,0.0,0.0,1.76,0,4
17:09:29.404,349047,248.23,250.0,0.0,0.0,1.76,0,4
17:09:29.481,349125,248.23,250.0,0.0,0.0,1.76,0,4
17:09:29.504,349147,248.23,250.0,0.0,0.0,1.76,0,4
17:09:29.581,349225,248.23,250.0,0.0,0.0,1.76,0,4
17:09:29.604,349247,248.23,250.0,0.0,0.0,1.76,0,4
17:09:29.701,349325,248.23,250.0,0.0,0.0,1.76,0,4
17:09:29.704,349347,248.23,250.0,0.0,0.0,1.76,0,4
17:09:29.782,349425,248.23,250.0,0.0,0.0,1.76,0,4
17:09:29.804,349447,248.23,250.0,0.0,0.0,1.76,0,4
17:09:29.882,349525,248.23,250.0,0.0,0.0,1.76,0,4
17:09:29.903,349547,248.23,250.0,0.0,0.0,1.76,0,4
17:09:29.982,349625,248.23,250.0,0.0,0.0,1.76,0,4
17:09:30.003,349647,248.23,250.0,0.0,0.0,1.76,0,4
17:09:30.082,349725,248.23,250.0,0.0,0.0,1.76,0,4
17:09:30.104,349747,248.23,250.0,0.0,0.0,1.76,0,4
17:09:30.181,349825,248.23,250.0,0.0,0.0,1.76,0,4
17:09:30.204,349847,248.23,250.0,0.0,0.0,1.76,0,4
17:09:30.281,349925,248.23,250.0,0.0,0.0,1.76,0,4
17:09:30.303,349947,248.23,250.0,0.0,0.0,1.76,0,4
17:09:30.382,350025,248.23,250.0,0.0,0.0,1.76,0,4
17:09:30.404,350047,248.23,250.0,0.0,0.0,1.76,0,4
17:09:30.482,350125,248.23,250.0,0.0,0.0,1.76,0,4
17:09:30.504,350147,248.23,250.0,0.0,0.0,1.76,0,4
17:09:30.582,350225,248.23,250.0,0.0,0.0,1.76,0,4
17:09:30.604,350247,248.23,250.0,0.0,0.0,1.76,0,4
17:09:30.682,350325,248.23,250.0,0.0,0.0,1.76,0,4
17:09:30.704,350347,248.23,250.0,0.0,0.0,1.76,0,4
17:09:30.812,350425,248.23,250.0,0.0,0.0,1.76,0,4
17:09:30.814,350447,248.23,250.0,0.0,0.0,1.76,0,4
17:09:30.882,350525,248.23,250.0,0.0,0.0,1.76,0,4
17:09:30.903,350547,248.23,250.0,0.0,0.0,1.76,0,4
17:09:30.982,350625,248.23,250.0,0.0,0.0,1.76,0,4
17:09:31.004,350647,248.23,250.0,0.0,0.0,1.76,0,4
17:09:31.081,350725,248.23,250.0,0.0,0.0,1.76,0,4
17:09:31.104,350747,248.23,250.0,0.0,0.0,1.76,0,4
17:09:31.182,350825,248.23,250.0,0.0,0.0,1.76,0,4
17:09:31.204,350847,248.23,250.0,0.0,0.0,1.76,0,4
17:09:31.282,350925,248.23,250.0,0.0,0.0,1.76,0,4
17:09:31.304,350947,248.23,250.0,0.0,0.0,1.76,0,4
17:09:31.382,351025,248.23,250.0,0.0,0.0,1.76,0,4
17:09:31.404,351047,248.23,250.0,0.0,0.0,1.76,0,4
17:09:31.481,351125,248.23,250.0,0.0,0.0,1.76,0,4
17:09:31.504,351147,248.23,250.0,0.0,0.0,1.76,0,4
17:09:31.582,351225,248.23,250.0,0.0,0.0,1.76,0,4
17:09:31.604,351247,248.23,250.0,0.0,0.0,1.76,0,4
17:09:31.681,351325,248.23,250.0,0.0,0.0,1.76,0,4
17:09:31.703,351347,248.23,250.0,0.0,0.0,1.76,0,4
17:09:31.781,351425,248.23,250.0,0.0,0.0,1.76,0,4
17:09:31.804,351447,248.23,250.0,0.0,0.0,1.76,0,4
17:09:31.882,351525,248.23,250.0,0.0,0.0,1.76,0,4
17:09:31.915,351547,248.23,250.0,0.0,0.0,1.76,0,4
17:09:31.982,351625,248.23,250.0,0.0,0.0,1.76,0,4
17:09:32.004,351647,248.23,250.0,0.0,0.0,1.76,0,4
17:09:32.082,351725,248.23,250.0,0.0,0.0,1.76,0,4
17:09:32.104,351747,248.23,250.0,0.0,0.0,1.76,0,4
17:09:32.182,351825,248.23,250.0,0.0,0.0,1.76,0,4
17:09:32.204,351847,248.23,250.0,0.0,0.0,1.76,0,4
17:09:32.281,351925,248.23,250.0,0.0,0.0,1.76,0,4
17:09:32.303,351947,248.23,250.0,0.0,0.0,1.76,0,4
17:09:32.381,352025,248.23,250.0,0.0,0.0,1.76,0,4
17:09:32.404,352047,248.23,250.0,0.0,0.0,1.76,0,4
17:09:32.492,352125,248.23,250.0,0.0,0.0,1.76,0,4
17:09:32.504,352147,248.23,250.0,0.0,0.0,1.76,0,4
17:09:32.581,352225,248.23,250.0,0.0,0.0,1.76,0,4
17:09:32.603,352247,248.23,250.0,0.0,0.0,1.76,0,4
17:09:32.680,352325,248.23,250.0,0.0,0.0,1.76,0,4
17:09:32.703,352347,248.23,250.0,0.0,0.0,1.76,0,4
17:09:32.781,352425,248.23,250.0,0.0,0.0,1.76,0,4
17:09:32.803,352447,248.23,250.0,0.0,0.0,1.76,0,4
17:09:32.881,352525,248.23,250.0,0.0,0.0,1.76,0,4
17:09:32.902,352547,248.23,250.0,0.0,0.0,1.76,0,4
17:09:32.981,352625,248.23,250.0,0.0,0.0,1.76,0,4
17:09:33.021,352647,248.23,250.0,0.0,0.0,1.76,0,4
17:09:33.081,352725,248.23,250.0,0.0,0.0,1.76,0,4
17:09:33.102,352747,248.23,250.0,0.0,0.0,1.76,0,4
17:09:33.181,352825,248.23,250.0,0.0,0.0,1.76,0,4
17:09:33.203,352847,248.23,250.0,0.0,0.0,1.76,0,4
17:09:33.281,352925,248.23,250.0,0.0,0.0,1.76,0,4
17:09:33.302,352947,248.23,250.0,0.0,0.0,1.76,0,4
17:09:33.381,353025,248.23,250.0,0.0,0.0,1.76,0,4
17:09:33.403,353047,248.23,250.0,0.0,0.0,1.76,0,4
17:09:33.481,353125,248.23,250.0,0.0,0.0,1.76,0,4
17:09:33.503,353147,248.23,250.0,0.0,0.0,1.76,0,4
17:09:33.613,353225,248.23,250.0,0.0,0.0,1.76,0,4
17:09:33.617,353247,248.23,250.0,0.0,0.0,1.76,0,4
17:09:33.681,353325,248.23,250.0,0.0,0.0,1.76,0,4
17:09:33.703,353347,248.23,250.0,0.0,0.0,1.76,0,4
17:09:33.781,353425,248.23,250.0,0.0,0.0,1.76,0,4
17:09:33.802,353447,248.23,250.0,0.0,0.0,1.76,0,4
17:09:33.881,353525,248.23,250.0,0.0,0.0,1.76,0,4
17:09:33.903,353547,248.23,250.0,0.0,0.0,1.76,0,4
17:09:33.981,353625,248.23,250.0,0.0,0.0,1.76,0,4
17:09:34.002,353647,248.23,250.0,0.0,0.0,1.76,0,4
17:09:34.081,353725,248.23,250.0,0.0,0.0,1.76,0,4
17:09:34.103,353747,248.23,250.0,0.0,0.0,1.76,0,4
17:09:34.181,353825,248.23,250.0,0.0,0.0,1.76,0,4
17:09:34.202,353847,248.23,250.0,0.0,0.0,1.76,0,4
17:09:34.281,353925,248.23,250.0,0.0,0.0,1.76,0,4
17:09:34.303,353947,248.23,250.0,0.0,0.0,1.76,0,4
17:09:34.381,354025,248.23,250.0,0.0,0.0,1.76,0,4
17:09:34.402,354047,248.23,250.0,0.0,0.0,1.76,0,4
17:09:34.481,354125,248.23,250.0,0.0,0.0,1.76,0,4
17:09:34.503,354147,248.23,250.0,0.0,0.0,1.76,0,4
17:09:34.581,354225,248.23,250.0,0.0,0.0,1.76,0,4
17:09:34.602,354247,248.23,250.0,0.0,0.0,1.76,0,4
17:09:34.680,354325,248.23,250.0,0.0,0.0,1.76,0,4
17:09:34.716,354347,248.23,250.0,0.0,0.0,1.76,0,4
17:09:34.781,354425,248.23,250.0,0.0,0.0,1.76,0,4
17:09:34.802,354447,248.23,250.0,0.0,0.0,1.76,0,4
17:09:34.881,354525,248.23,250.0,0.0,0.0,1.76,0,4
17:09:34.902,354547,248.23,250.0,0.0,0.0,1.76,0,4
17:09:34.981,354625,248.23,250.0,0.0,0.0,1.76,0,4
17:09:35.003,354647,248.23,250.0,0.0,0.0,1.76,0,4
17:09:35.081,354725,248.23,250.0,0.0,0.0,1.76,0,4
17:09:35.102,354747,248.23,250.0,0.0,0.0,1.76,0,4
17:09:35.181,354825,248.23,250.0,0.0,0.0,1.76,0,4
17:09:35.202,354847,248.23,250.0,0.0,0.0,1.76,0,4
17:09:35.291,354925,248.23,250.0,0.0,0.0,1.76,0,4
17:09:35.302,354947,248.23,250.0,0.0,0.0,1.76,0,4
17:09:35.381,355025,248.23,250.0,0.0,0.0,1.76,0,4
17:09:35.403,355047,248.23,250.0,0.0,0.0,1.76,0,4
17:09:35.481,355125,248.23,250.0,0.0,0.0,1.76,0,4
17:09:35.503,355147,248.23,250.0,0.0,0.0,1.76,0,4
17:09:35.581,355225,248.23,250.0,0.0,0.0,1.76,0,4
17:09:35.603,355247,248.23,250.0,0.0,0.0,1.76,0,4
17:09:35.681,355325,248.23,250.0,0.0,0.0,1.76,0,4
17:09:35.702,355347,248.23,250.0,0.0,0.0,1.76,0,4
17:09:35.781,355425,248.23,250.0,0.0,0.0,1.76,0,4
17:09:35.820,355447,248.23,250.0,0.0,0.0,1.76,0,4
17:09:35.881,355525,248.23,250.0,0.0,0.0,1.76,0,4
17:09:35.903,355547,248.23,250.0,0.0,0.0,1.76,0,4
17:09:35.981,355625,248.23,250.0,0.0,0.0,1.76,0,4
17:09:36.003,355647,248.23,250.0,0.0,0.0,1.76,0,4
17:09:36.081,355725,248.23,250.0,0.0,0.0,1.76,0,4
17:09:36.103,355747,248.23,250.0,0.0,0.0,1.76,0,4
17:09:36.181,355825,248.23,250.0,0.0,0.0,1.76,0,4
17:09:36.203,355847,248.23,250.0,0.0,0.0,1.76,0,4
17:09:36.281,355925,248.23,250.0,0.0,0.0,1.76,0,4
17:09:36.303,355947,248.23,250.0,0.0,0.0,1.76,0,4
17:09:36.413,356025,248.23,250.0,0.0,0.0,1.76,0,4
17:09:36.417,356047,248.23,250.0,0.0,0.0,1.76,0,4
17:09:36.481,356125,248.23,250.0,0.0,0.0,1.76,0,4
17:09:36.503,356147,248.23,250.0,0.0,0.0,1.76,0,4
17:09:36.580,356225,248.23,250.0,0.0,0.0,1.76,0,4
17:09:36.603,356247,248.23,250.0,0.0,0.0,1.76,0,4
17:09:36.680,356325,248.23,250.0,0.0,0.0,1.76,0,4
17:09:36.702,356347,248.23,250.0,0.0,0.0,1.76,0,4
17:09:36.780,356425,248.23,250.0,0.0,0.0,1.76,0,4
17:09:36.802,356447,248.23,250.0,0.0,0.0,1.76,0,4
17:09:36.880,356525,248.23,250.0,0.0,0.0,1.76,0,4
17:09:36.902,356547,248.23,250.0,0.0,0.0,1.76,0,4
17:09:36.981,356625,248.23,250.0,0.0,0.0,1.76,0,4
17:09:37.001,356647,248.23,250.0,0.0,0.0,1.76,0,4
17:09:37.080,356725,248.23,250.0,0.0,0.0,1.76,0,4
17:09:37.102,356747,248.23,250.0,0.0,0.0,1.76,0,4
17:09:37.180,356825,248.23,250.0,0.0,0.0,1.76,0,4
17:09:37.202,356847,248.23,250.0,0.0,0.0,1.76,0,4
17:09:37.280,356925,248.23,250.0,0.0,0.0,1.76,0,4
17:09:37.302,356947,248.23,250.0,0.0,0.0,1.76,0,4
17:09:37.380,357025,248.23,250.0,0.0,0.0,1.76,0,4
17:09:37.401,357047,248.23,250.0,0.0,0.0,1.76,0,4
17:09:37.480,357125,248.23,250.0,0.0,0.0,1.76,0,4
17:09:37.513,357147,248.23,250.0,0.0,0.0,1.76,0,4
17:09:37.580,357225,248.23,250.0,0.0,0.0,1.76,0,4
17:09:37.602,357247,248.23,250.0,0.0,0.0,1.76,0,4
17:09:37.680,357325,248.23,250.0,0.0,0.0,1.76,0,4
17:09:37.701,357347,248.23,250.0,0.0,0.0,1.76,0,4
17:09:37.780,357425,248.23,250.0,0.0,0.0,1.76,0,4
17:09:37.802,357447,248.23,250.0,0.0,0.0,1.76,0,4
17:09:37.880,357525,248.23,250.0,0.0,0.0,1.76,0,4
17:09:37.902,357547,248.23,250.0,0.0,0.0,1.76,0,4
17:09:37.980,357625,248.23,250.0,0.0,0.0,1.76,0,4
17:09:38.002,357647,248.23,250.0,0.0,0.0,1.76,0,4
17:09:38.096,357725,248.23,250.0,0.0,0.0,1.76,0,4
17:09:38.101,357747,248.23,250.0,0.0,0.0,1.76,0,4
17:09:38.180,357825,248.23,250.0,0.0,0.0,1.76,0,4
17:09:38.202,357847,248.23,250.0,0.0,0.0,1.76,0,4
17:09:38.280,357925,248.23,250.0,0.0,0.0,1.76,0,4
17:09:38.302,357947,248.23,250.0,0.0,0.0,1.76,0,4
17:09:38.380,358025,248.23,250.0,0.0,0.0,1.76,0,4
17:09:38.402,358047,248.23,250.0,0.0,0.0,1.76,0,4
17:09:38.480,358125,248.23,250.0,0.0,0.0,1.76,0,4
17:09:38.502,358147,248.23,250.0,0.0,0.0,1.76,0,4
17:09:38.580,358225,248.23,250.0,0.0,0.0,1.76,0,4
17:09:38.602,358247,248.23,250.0,0.0,0.0,1.76,0,4
17:09:38.680,358325,248.23,250.0,0.0,0.0,1.76,0,4
17:09:38.701,358347,248.23,250.0,0.0,0.0,1.76,0,4
17:09:38.780,358425,248.23,250.0,0.0,0.0,1.76,0,4
17:09:38.802,358447,248.23,250.0,0.0,0.0,1.76,0,4
17:09:38.879,358525,248.23,250.0,0.0,0.0,1.76,0,4
17:09:38.901,358547,248.23,250.0,0.0,0.0,1.76,0,4
17:09:38.980,358625,248.23,250.0,0.0,0.0,1.76,0,4
17:09:39.002,358647,248.23,250.0,0.0,0.0,1.76,0,4
17:09:39.080,358725,248.23,250.0,0.0,0.0,1.76,0,4
17:09:39.102,358747,248.23,250.0,0.0,0.0,1.76,0,4
17:09:39.214,358825,248.23,250.0,0.0,0.0,1.76,0,4
17:09:39.224,358847,248.23,250.0,0.0,0.0,1.76,0,4
17:09:39.280,358925,248.23,250.0,0.0,0.0,1.76,0,4
17:09:39.302,358947,248.23,250.0,0.0,0.0,1.76,0,4
17:09:39.380,359025,248.23,250.0,0.0,0.0,1.76,0,4
17:09:39.402,359047,248.23,250.0,0.0,0.0,1.76,0,4
17:09:39.480,359125,248.23,250.0,0.0,0.0,1.76,0,4
17:09:39.502,359147,248.23,250.0,0.0,0.0,1.76,0,4
17:09:39.580,359225,248.23,250.0,0.0,0.0,1.76,0,4
17:09:39.602,359247,248.23,250.0,0.0,0.0,1.76,0,4
17:09:39.680,359325,248.23,250.0,0.0,0.0,1.76,0,4
17:09:39.702,359347,248.23,250.0,0.0,0.0,1.76,0,4
17:09:39.806,359425,248.23,250.0,0.0,0.0,1.76,0,4
17:09:39.807,359447,248.23,250.0,0.0,0.0,1.76,0,4
17:09:39.880,359525,248.23,250.0,0.0,0.0,1.76,0,4
17:09:39.902,359547,248.23,250.0,0.0,0.0,1.76,0,4
17:09:39.980,359625,248.23,250.0,0.0,0.0,1.76,0,4
17:09:40.002,359647,248.23,250.0,0.0,0.0,1.76,0,4
17:09:40.080,359725,248.23,250.0,0.0,0.0,1.76,0,4
17:09:40.101,359747,248.23,250.0,0.0,0.0,1.76,0,4
17:09:40.180,359825,248.23,250.0,0.0,0.0,1.76,0,4
17:09:40.201,359847,248.23,250.0,0.0,0.0,1.76,0,4
17:09:40.280,359925,248.23,250.0,0.0,0.0,1.76,0,4
17:09:40.302,359947,248.23,250.0,0.0,0.0,1.76,0,4
17:09:40.380,360025,248.23,250.0,0.0,0.0,1.76,0,4
17:09:40.402,360047,248.23,250.0,0.0,0.0,1.76,0,4
17:09:40.479,360125,248.23,250.0,0.0,0.0,1.76,0,4
17:09:40.501,360147,248.23,250.0,0.0,0.0,1.76,0,4
17:09:40.580,360225,248.23,250.0,0.0,0.0,1.76,0,4
17:09:40.602,360247,248.23,250.0,0.0,0.0,1.76,0,4
17:09:40.679,360325,248.23,250.0,0.0,0.0,1.76,0,4
17:09:40.701,360347,248.23,250.0,0.0,0.0,1.76,0,4
17:09:40.779,360425,248.23,250.0,0.0,0.0,1.76,0,4
17:09:40.800,360447,248.23,250.0,0.0,0.0,1.76,0,4
17:09:40.894,360525,248.23,250.0,0.0,0.0,1.76,0,4
17:09:40.905,360547,248.23,250.0,0.0,0.0,1.76,0,4
17:09:40.979,360625,248.23,250.0,0.0,0.0,1.76,0,4
17:09:41.001,360647,248.23,250.0,0.0,0.0,1.76,0,4
17:09:41.079,360725,248.23,250.0,0.0,0.0,1.76,0,4
17:09:41.101,360747,248.23,250.0,0.0,0.0,1.76,0,4
17:09:41.178,360825,248.23,250.0,0.0,0.0,1.76,0,4
17:09:41.201,360847,248.23,250.0,0.0,0.0,1.76,0,4
17:09:41.279,360925,248.23,250.0,0.0,0.0,1.76,0,4
17:09:41.301,360947,248.23,250.0,0.0,0.0,1.76,0,4
17:09:41.379,361025,248.23,250.0,0.0,0.0,1.76,0,4
17:09:41.401,361047,248.23,250.0,0.0,0.0,1.76,0,4
17:09:41.479,361125,248.23,250.0,0.0,0.0,1.76,0,4
17:09:41.500,361147,248.23,250.0,0.0,0.0,1.76,0,4
17:09:41.579,361225,248.23,250.0,0.0,0.0,1.76,0,4
17:09:41.601,361247,248.23,250.0,0.0,0.0,1.76,0,4
17:09:41.679,361325,248.23,250.0,0.0,0.0,1.76,0,4
17:09:41.701,361347,248.23,250.0,0.0,0.0,1.76,0,4
17:09:41.779,361425,248.23,250.0,0.0,0.0,1.76,0,4
17:09:41.801,361447,248.23,250.0,0.0,0.0,1.76,0,4
17:09:41.879,361525,248.23,250.0,0.0,0.0,1.76,0,4
17:09:41.901,361547,248.23,250.0,0.0,0.0,1.76,0,4
17:09:41.978,361625,248.23,250.0,0.0,0.0,1.76,0,4
17:09:42.009,361647,248.23,250.0,0.0,0.0,1.76,0,4
17:09:42.079,361725,248.23,250.0,0.0,0.0,1.76,0,4
17:09:42.101,361747,248.23,250.0,0.0,0.0,1.76,0,4
17:09:42.179,361825,248.23,250.0,0.0,0.0,1.76,0,4
17:09:42.201,361847,248.23,250.0,0.0,0.0,1.76,0,4
17:09:42.278,361925,248.23,250.0,0.0,0.0,1.76,0,4
17:09:42.300,361947,248.23,250.0,0.0,0.0,1.76,0,4
17:09:42.378,362025,248.23,250.0,0.0,0.0,1.76,0,4
17:09:42.401,362047,248.23,250.0,0.0,0.0,1.76,0,4
17:09:42.479,362125,248.23,250.0,0.0,0.0,1.76,0,4
17:09:42.501,362147,248.23,250.0,0.0,0.0,1.76,0,4
17:09:42.599,362225,248.23,250.0,0.0,0.0,1.76,0,4
17:09:42.600,362247,248.23,250.0,0.0,0.0,1.76,0,4
17:09:42.679,362325,248.23,250.0,0.0,0.0,1.76,0,4
17:09:42.701,362347,248.23,250.0,0.0,0.0,1.76,0,4
17:09:42.779,362425,248.23,250.0,0.0,0.0,1.76,0,4
17:09:42.801,362447,248.23,250.0,0.0,0.0,1.76,0,4
17:09:42.879,362525,248.23,250.0,0.0,0.0,1.76,0,4
17:09:42.901,362547,248.23,250.0,0.0,0.0,1.76,0,4
17:09:42.979,362625,248.23,250.0,0.0,0.0,1.76,0,4
17:09:43.001,362647,248.23,250.0,0.0,0.0,1.76,0,4
17:09:43.079,362725,248.23,250.0,0.0,0.0,1.76,0,4
17:09:43.100,362747,248.23,250.0,0.0,0.0,1.76,0,4
17:09:43.178,362825,248.23,250.0,0.0,0.0,1.76,0,4
17:09:43.200,362847,248.23,250.0,0.0,0.0,1.76,0,4
17:09:43.278,362925,248.23,250.0,0.0,0.0,1.76,0,4
17:09:43.300,362947,248.23,250.0,0.0,0.0,1.76,0,4
17:09:43.379,363025,248.23,250.0,0.0,0.0,1.76,0,4
17:09:43.401,363047,248.23,250.0,0.0,0.0,1.76,0,4
17:09:43.479,363125,248.23,250.0,0.0,0.0,1.76,0,4
17:09:43.501,363147,248.23,250.0,0.0,0.0,1.76,0,4
17:09:43.578,363225,248.23,250.0,0.0,0.0,1.76,0,4
17:09:43.601,363247,248.23,250.0,0.0,0.0,1.76,0,4
17:09:43.702,363325,248.23,250.0,0.0,0.0,1.76,0,4
17:09:43.707,363347,248.23,250.0,0.0,0.0,1.76,0,4
17:09:43.778,363425,248.23,250.0,0.0,0.0,1.76,0,4
17:09:43.801,363447,248.23,250.0,0.0,0.0,1.76,0,4
17:09:43.878,363525,248.23,250.0,0.0,0.0,1.76,0,4
17:09:43.901,363547,248.23,250.0,0.0,0.0,1.76,0,4
17:09:43.979,363625,248.23,250.0,0.0,0.0,1.76,0,4
17:09:44.001,363647,248.23,250.0,0.0,0.0,1.76,0,4
17:09:44.079,363725,248.23,250.0,0.0,0.0,1.76,0,4
17:09:44.101,363747,248.23,250.0,0.0,0.0,1.76,0,4
17:09:44.179,363825,248.23,250.0,0.0,0.0,1.76,0,4
17:09:44.201,363847,248.23,250.0,0.0,0.0,1.76,0,4
17:09:44.296,363925,248.23,250.0,0.0,0.0,1.76,0,4
17:09:44.301,363947,248.23,250.0,0.0,0.0,1.76,0,4
17:09:44.379,364025,248.23,250.0,0.0,0.0,1.76,0,4
17:09:44.400,364047,248.23,250.0,0.0,0.0,1.76,0,4
17:09:44.479,364125,248.23,250.0,0.0,0.0,1.76,0,4
17:09:44.501,364147,248.23,250.0,0.0,0.0,1.76,0,4
17:09:44.579,364225,248.23,250.0,0.0,0.0,1.76,0,4
17:09:44.601,364247,248.23,250.0,0.0,0.0,1.76,0,4
17:09:44.678,364325,248.23,250.0,0.0,0.0,1.76,0,4
17:09:44.700,364347,248.23,250.0,0.0,0.0,1.76,0,4
17:09:44.778,364425,248.23,250.0,0.0,0.0,1.76,0,4
17:09:44.800,364447,248.23,250.0,0.0,0.0,1.76,0,4
17:09:44.878,364525,248.23,250.0,0.0,0.0,1.76,0,4
17:09:44.900,364547,248.23,250.0,0.0,0.0,1.76,0,4
17:09:44.977,364625,248.23,250.0,0.0,0.0,1.76,0,4
17:09:44.999,364647,248.23,250.0,0.0,0.0,1.76,0,4
17:09:45.077,364725,248.23,250.0,0.0,0.0,1.76,0,4
17:09:45.100,364747,248.23,250.0,0.0,0.0,1.76,0,4
17:09:45.178,364825,248.23,250.0,0.0,0.0,1.76,0,4
17:09:45.200,364847,248.23,250.0,0.0,0.0,1.76,0,4
17:09:45.278,364925,248.23,250.0,0.0,0.0,1.76,0,4
17:09:45.300,364947,248.23,250.0,0.0,0.0,1.76,0,4
17:09:45.378,365025,248.23,250.0,0.0,0.0,1.76,0,4
17:09:45.409,365047,248.23,250.0,0.0,0.0,1.76,0,4
17:09:45.496,365125,248.23,250.0,0.0,0.0,1.76,0,4
17:09:45.499,365147,248.23,250.0,0.0,0.0,1.76,0,4
17:09:45.578,365225,248.23,250.0,0.0,0.0,1.76,0,4
17:09:45.600,365247,248.23,250.0,0.0,0.0,1.76,0,4
17:09:45.678,365325,248.23,250.0,0.0,0.0,1.76,0,4
17:09:45.700,365347,248.23,250.0,0.0,0.0,1.76,0,4
17:09:46.055,127,201.44,250.0,0.0,0.0,48.55,0,0
17:09:46.153,225,201.44,250.0,0.0,0.0,48.55,0,0
17:09:46.252,325,201.45,250.0,0.0,0.0,48.54,0,0
17:09:46.354,425,201.45,250.0,0.0,0.0,48.54,0,0
17:09:46.453,525,201.43,250.0,0.0,0.0,48.56,0,0
17:09:46.553,625,201.4,250.0,0.0,0.0,48.59,0,0
17:09:46.653,725,201.36,250.0,0.0,0.0,48.63,0,0
17:09:46.753,825,201.33,250.0,0.0,0.0,48.66,0,0
17:09:46.852,925,201.28,250.0,0.0,0.0,48.71,0,0
17:09:46.953,1025,201.24,250.0,0.0,0.0,48.75,0,0
17:09:47.053,1125,201.19,250.0,0.0,0.0,48.8,0,0
17:09:47.155,1225,201.12,250.0,0.0,0.0,48.87,0,0
17:09:47.253,1325,201.12,250.0,0.0,0.0,48.87,0,0
17:09:47.272,1343,201.12,250.0,0.0,0.0,48.87,0,0
17:09:47.353,1425,201.12,250.0,0.0,0.0,48.87,0,0
17:09:47.372,1443,201.05,250.0,0.0,0.0,48.94,0,0
17:09:47.452,1525,201.05,250.0,0.0,0.0,48.94,0,0
17:09:47.471,1543,200.95,250.0,0.0,0.0,49.04,0,0
17:09:47.553,1625,200.86,250.0,0.0,0.0,49.13,0,0
17:09:47.653,1725,200.79,250.0,0.0,0.0,49.2,0,0
17:09:47.753,1825,200.73,250.0,0.0,0.0,49.26,0,0
17:09:47.853,1925,200.73,250.0,0.0,0.0,49.26,0,0
17:09:47.871,1943,200.66,250.0,0.0,0.0,49.33,0,0
17:09:47.953,2025,200.59,250.0,0.0,0.0,49.4,0,0
17:09:48.052,2125,200.51,250.0,0.0,0.0,49.48,0,0
17:09:48.153,2225,200.43,250.0,0.0,0.0,49.56,0,0
17:09:48.275,2325,200.36,250.0,0.0,0.0,49.63,0,0
17:09:48.353,2425,200.27,250.0,0.0,0.0,49.72,0,0
17:09:48.453,2525,200.2,250.0,0.0,0.0,49.79,0,0
17:09:48.553,2625,200.13,250.0,0.0,0.0,49.86,0,0
17:09:48.653,2725,200.05,250.0,0.0,0.0,49.94,0,0
17:09:48.753,2825,199.96,250.0,0.0,0.0,50.03,0,0
17:09:48.853,2925,199.88,250.0,0.0,0.0,50.11,0,0
17:09:48.953,3025,199.79,250.0,100.0,0.0,50.2,0,1
17:09:49.053,3125,199.79,250.0,100.0,0.0,50.2,0,1
17:09:49.073,3146,199.7,250.0,100.0,0.0,50.29,0,1
17:09:49.153,3225,199.61,250.0,100.0,0.0,50.38,0,1
17:09:49.253,3325,199.52,250.0,100.0,0.0,50.47,0,1
17:09:49.353,3425,199.44,250.0,100.0,0.0,50.55,0,1
17:09:49.456,3525,199.35,250.0,100.0,0.0,50.64,0,1
17:09:49.553,3625,199.27,250.0,100.0,0.0,50.72,0,1
17:09:49.653,3725,199.19,250.0,100.0,0.0,50.8,0,1
17:09:49.753,3825,199.1,250.0,100.0,0.0,50.89,0,1
17:09:49.852,3925,199.03,250.0,100.0,0.0,50.96,0,1
17:09:49.958,4025,198.94,250.0,100.0,0.0,51.05,0,1
17:09:50.052,4125,198.85,250.0,100.0,0.0,51.14,0,1
17:09:50.152,4225,198.77,250.0,100.0,0.0,51.22,0,1
17:09:50.252,4325,198.67,250.0,100.0,0.0,51.32,0,1
17:09:50.352,4425,198.58,250.0,100.0,0.0,51.41,0,1
17:09:50.452,4525,198.5,250.0,100.0,0.0,51.49,0,1
17:09:50.551,4625,198.4,250.0,100.0,0.0,51.59,0,1
17:09:50.653,4725,198.32,250.0,100.0,0.0,51.67,0,1
17:09:50.752,4825,198.25,250.0,100.0,0.0,51.74,0,1
17:09:50.852,4925,198.15,250.0,100.0,0.0,51.84,0,1
17:09:50.952,5025,198.06,250.0,100.0,0.0,51.93,0,1
17:09:51.075,5125,197.97,250.0,100.0,0.0,52.02,0,1
17:09:51.153,5225,197.87,250.0,100.0,0.0,52.12,0,1
17:09:51.252,5325,197.79,250.0,100.0,0.0,52.2,0,1
17:09:51.351,5425,197.7,250.0,100.0,0.0,52.29,0,1
17:09:51.452,5525,197.62,250.0,100.0,0.0,52.37,0,1
17:09:51.552,5625,197.55,250.0,100.0,0.0,52.44,0,1
17:09:51.657,5725,197.46,250.0,100.0,0.0,52.53,0,1
17:09:51.753,5825,197.4,250.0,100.0,0.0,52.59,0,1
17:09:51.851,5925,197.32,250.0,100.0,0.0,52.67,0,1
17:09:51.952,6025,197.24,250.0,100.0,0.0,52.75,0,1
17:09:52.052,6125,197.16,250.0,100.0,0.0,52.83,0,1
17:09:52.153,6225,197.08,250.0,100.0,0.0,52.91,0,1
17:09:52.252,6325,196.99,250.0,100.0,0.0,53.0,0,1
17:09:52.352,6425,196.9,250.0,100.0,0.0,53.09,0,1
17:09:52.452,6525,196.82,250.0,100.0,0.0,53.17,0,1
17:09:52.552,6625,196.75,250.0,100.0,0.0,53.24,0,1
17:09:52.651,6725,196.68,250.0,100.0,0.0,53.31,0,1
17:09:52.763,6825,196.6,250.0,100.0,0.0,53.39,0,1
17:09:52.851,6925,196.53,250.0,100.0,0.0,53.46,0,1
17:09:52.951,7025,196.53,250.0,0.0,0.0,53.46,0,0
17:09:52.974,7047,196.53,250.0,0.0,0.0,53.46,0,0
17:09:53.051,7126,196.53,250.0,0.0,0.0,53.46,0,0
17:09:53.073,7147,196.53,250.0,0.0,0.0,53.46,0,0
17:09:53.150,7225,196.53,250.0,0.0,0.0,53.46,0,0
17:09:53.171,7244,196.53,250.0,0.0,0.0,53.46,0,0
17:09:53.251,7325,196.53,250.0,0.0,0.0,53.46,0,0
17:09:53.273,7347,196.53,250.0,0.0,0.0,53.46,0,0
17:09:53.352,7425,196.53,250.0,0.0,0.0,53.46,0,0
17:09:53.374,7447,196.53,250.0,0.0,0.0,53.46,0,0
17:09:53.452,7525,196.53,250.0,0.0,0.0,53.46,0,0
17:09:53.474,7547,196.53,250.0,0.0,0.0,53.46,0,0
17:09:53.551,7625,196.53,250.0,0.0,0.0,53.46,0,0
17:09:53.574,7647,196.53,250.0,0.0,0.0,53.46,0,0
17:09:53.651,7725,196.53,250.0,0.0,0.0,53.46,0,0
17:09:53.674,7747,196.53,250.0,0.0,0.0,53.46,0,0
17:09:53.752,7826,196.53,250.0,0.0,0.0,53.46,0,0
17:09:53.774,7847,196.53,250.0,0.0,0.0,53.46,0,0
17:09:53.852,7926,196.53,250.0,0.0,0.0,53.46,0,0
17:09:53.876,7948,196.53,250.0,0.0,0.0,53.46,0,0
17:09:53.951,8025,196.53,250.0,0.0,0.0,53.46,0,0
17:09:53.971,8044,196.53,250.0,0.0,0.0,53.46,0,0
17:09:54.052,8125,196.53,250.0,0.0,0.0,53.46,0,0
17:09:54.074,8147,196.53,250.0,0.0,0.0,53.46,0,0
17:09:54.152,8225,196.53,250.0,0.0,0.0,53.46,0,0
17:09:54.173,8247,196.53,250.0,0.0,0.0,53.46,0,0
17:09:54.251,8325,196.53,250.0,0.0,0.0,53.46,0,0
17:09:54.273,8347,196.53,250.0,0.0,0.0,53.46,0,0
17:09:54.351,8425,196.53,250.0,0.0,0.0,53.46,0,0
17:09:54.374,8447,196.53,250.0,0.0,0.0,53.46,0,0
17:09:54.465,8525,196.53,250.0,0.0,0.0,53.46,0,0
17:09:54.474,8547,196.53,250.0,0.0,0.0,53.46,0,0
17:09:54.551,8626,196.53,250.0,0.0,0.0,53.46,0,0
17:09:54.573,8647,196.53,250.0,0.0,0.0,53.46,0,0
17:09:54.650,8725,196.53,250.0,0.0,0.0,53.46,0,0
17:09:54.671,8744,196.53,250.0,0.0,0.0,53.46,0,0
17:09:54.751,8825,196.53,250.0,0.0,0.0,53.46,0,0
17:09:54.773,8847,196.53,250.0,0.0,0.0,53.46,0,0
17:09:54.851,8925,196.53,250.0,0.0,0.0,53.46,0,0
17:09:54.874,8947,196.53,250.0,0.0,0.0,53.46,0,0
17:09:54.951,9025,196.53,250.0,0.0,0.0,53.46,0,0
17:09:54.989,9047,196.53,250.0,0.0,0.0,53.46,0,0
17:09:55.051,9125,196.53,250.0,0.0,0.0,53.46,0,0
17:09:55.073,9147,196.53,250.0,0.0,0.0,53.46,0,0
17:09:55.151,9225,196.53,250.0,0.0,0.0,53.46,0,0
17:09:55.173,9247,196.53,250.0,0.0,0.0,53.46,0,0
17:09:55.252,9326,196.53,250.0,0.0,0.0,53.46,0,0
17:09:55.274,9347,196.53,250.0,0.0,0.0,53.46,0,0
17:09:55.351,9426,196.53,250.0,0.0,0.0,53.46,0,0
17:09:55.373,9447,196.53,250.0,0.0,0.0,53.46,0,0
17:09:55.451,9525,196.53,250.0,0.0,0.0,53.46,0,0
17:09:55.470,9544,196.53,250.0,0.0,0.0,53.46,0,0
17:09:55.580,9625,196.53,250.0,0.0,0.0,53.46,0,0
17:09:55.580,9647,196.53,250.0,0.0,0.0,53.46,0,0
17:09:55.651,9725,196.53,250.0,0.0,0.0,53.46,0,0
17:09:55.672,9747,196.53,250.0,0.0,0.0,53.46,0,0
17:09:55.752,9825,196.53,250.0,0.0,0.0,53.46,0,0
17:09:55.773,9847,196.53,250.0,0.0,0.0,53.46,0,0
17:09:55.851,9925,196.53,250.0,0.0,0.0,53.46,0,0
17:09:55.873,9947,196.53,250.0,0.0,0.0,53.46,0,0
17:09:55.952,10025,196.53,250.0,0.0,0.0,53.46,0,0
17:09:55.974,10048,196.53,250.0,0.0,0.0,53.46,0,0
17:09:56.050,10125,196.53,250.0,0.0,0.0,53.46,0,0
17:09:56.069,10144,196.53,250.0,0.0,0.0,53.46,0,0
17:09:56.152,10226,196.53,250.0,0.0,0.0,53.46,0,0
17:09:56.173,10248,196.53,250.0,0.0,0.0,53.46,0,0
17:09:56.251,10325,196.53,250.0,0.0,0.0,53.46,0,0
17:09:56.269,10344,196.53,250.0,0.0,0.0,53.46,0,0
17:09:56.352,10426,196.53,250.0,0.0,0.0,53.46,0,0
17:09:56.374,10448,196.53,250.0,0.0,0.0,53.46,0,0
17:09:56.451,10525,196.53,250.0,0.0,0.0,53.46,0,0
17:09:56.470,10544,196.53,250.0,0.0,0.0,53.46,0,0
17:09:56.551,10626,196.53,250.0,0.0,0.0,53.46,0,0
17:09:56.574,10648,196.53,250.0,0.0,0.0,53.46,0,0
17:09:56.650,10725,196.53,250.0,0.0,0.0,53.46,0,0
17:09:56.688,10744,196.53,250.0,0.0,0.0,53.46,0,0
17:09:56.752,10826,196.53,250.0,0.0,0.0,53.46,0,0
17:09:56.774,10848,196.53,250.0,0.0,0.0,53.46,0,0
17:09:56.850,10925,196.53,250.0,0.0,0.0,53.46,0,0
17:09:56.870,10944,196.53,250.0,0.0,0.0,53.46,0,0
17:09:56.951,11026,196.53,250.0,0.0,0.0,53.46,0,0
17:09:56.973,11048,196.53,250.0,0.0,0.0,53.46,0,0
17:09:57.051,11125,196.53,250.0,0.0,0.0,53.46,0,0
17:09:57.070,11144,196.53,250.0,0.0,0.0,53.46,0,0
17:09:57.151,11226,196.53,250.0,0.0,0.0,53.46,0,0
17:09:57.173,11248,196.53,250.0,0.0,0.0,53.46,0,0
17:09:57.282,11325,196.53,250.0,0.0,0.0,53.46,0,0
17:09:57.286,11344,196.53,250.0,0.0,0.0,53.46,0,0
17:09:57.351,11426,196.53,250.0,0.0,0.0,53.46,0,0
17:09:57.373,11448,196.53,250.0,0.0,0.0,53.46,0,0
17:09:57.451,11525,196.53,250.0,0.0,0.0,53.46,0,0
17:09:57.470,11544,196.53,250.0,0.0,0.0,53.46,0,0
17:09:57.552,11626,196.35,250.0,0.0,0.0,53.64,0,0
17:09:57.650,11726,196.35,250.0,0.0,0.0,53.64,0,0
17:09:57.673,11748,196.35,250.0,0.0,0.0,53.64,0,0
17:09:57.750,11825,196.35,250.0,0.0,0.0,53.64,0,0
17:09:57.770,11844,196.35,250.0,0.0,0.0,53.64,0,0
17:09:57.851,11926,196.35,250.0,0.0,0.0,53.64,0,0
17:09:57.873,11948,196.35,250.0,0.0,0.0,53.64,0,0
17:09:57.949,12025,196.35,250.0,0.0,0.0,53.64,0,0
17:09:57.970,12044,196.35,250.0,0.0,0.0,53.64,0,0
17:09:58.051,12126,196.17,250.0,0.0,0.0,53.82,0,0
17:09:58.151,12226,196.17,250.0,0.0,0.0,53.82,0,0
17:09:58.172,12248,196.17,250.0,0.0,0.0,53.82,0,0
17:09:58.250,12325,196.17,250.0,0.0,0.0,53.82,0,0
17:09:58.270,12344,196.17,250.0,0.0,0.0,53.82,0,0
17:09:58.368,12426,196.17,250.0,0.0,0.0,53.82,0,0
17:09:58.378,12448,196.17,250.0,0.0,0.0,53.82,0,0
17:09:58.449,12525,196.17,250.0,0.0,0.0,53.82,0,0
17:09:58.469,12544,196.17,250.0,0.0,0.0,53.82,0,0
17:09:58.551,12626,196.04,250.0,0.0,0.0,53.95,0,0
17:09:58.650,12726,196.04,250.0,0.0,0.0,53.95,0,0
17:09:58.672,12748,196.04,250.0,0.0,0.0,53.95,0,0
17:09:58.749,12825,196.04,250.0,0.0,0.0,53.95,0,0
17:09:58.770,12844,196.04,250.0,0.0,0.0,53.95,0,0
17:09:58.850,12926,196.04,250.0,0.0,0.0,53.95,0,0
17:09:58.873,12948,196.04,250.0,0.0,0.0,53.95,0,0
17:09:58.971,13025,196.04,250.0,0.0,0.0,53.95,0,0
17:09:58.972,13044,196.04,250.0,0.0,0.0,53.95,0,0
17:09:59.051,13126,195.86,250.0,0.0,0.0,54.13,0,0
17:09:59.150,13226,195.86,250.0,0.0,0.0,54.13,0,0
17:09:59.173,13248,195.86,250.0,0.0,0.0,54.13,0,0
17:09:59.249,13325,195.86,250.0,0.0,0.0,54.13,0,0
17:09:59.269,13344,195.86,250.0,0.0,0.0,54.13,0,0
17:09:59.351,13426,195.86,250.0,0.0,0.0,54.13,0,0
17:09:59.373,13448,195.86,250.0,0.0,0.0,54.13,0,0
17:10:00.260,14336,195.69,250.0,0.0,0.0,54.3,0,0
17:10:00.349,14425,195.69,250.0,0.0,0.0,54.3,0,0
17:10:00.372,14447,195.69,250.0,0.0,0.0,54.3,0,0
17:10:00.450,14525,195.69,250.0,0.0,0.0,54.3,0,0
17:10:00.472,14547,195.69,250.0,0.0,0.0,54.3,0,0
17:10:00.549,14625,195.69,250.0,0.0,0.0,54.3,0,0
17:10:00.572,14647,195.69,250.0,0.0,0.0,54.3,0,0
17:10:00.653,14725,195.69,250.0,0.0,0.0,54.3,0,0
17:10:00.672,14747,195.69,250.0,0.0,0.0,54.3,0,0
17:10:00.749,14825,195.69,250.0,0.0,0.0,54.3,0,0
17:10:00.769,14844,195.69,250.0,0.0,0.0,54.3,0,0
17:10:00.850,14925,195.69,250.0,0.0,0.0,54.3,0,0
17:10:00.872,14947,195.69,250.0,0.0,0.0,54.3,0,0
17:10:00.949,15025,195.69,250.0,0.0,0.0,54.3,0,0
17:10:00.969,15044,195.69,250.0,0.0,0.0,54.3,0,0
17:10:01.050,15125,195.69,250.0,0.0,0.0,54.3,0,0
17:10:01.072,15147,195.69,250.0,0.0,0.0,54.3,0,0
17:10:01.149,15225,195.69,250.0,0.0,0.0,54.3,0,0
17:10:01.188,15244,195.69,250.0,0.0,0.0,54.3,0,0
17:10:01.249,15325,195.69,250.0,0.0,0.0,54.3,0,0
17:10:01.272,15347,195.69,250.0,0.0,0.0,54.3,0,0
17:10:01.348,15425,195.69,250.0,0.0,0.0,54.3,0,0
17:10:01.369,15444,195.69,250.0,0.0,0.0,54.3,0,0
17:10:01.449,15525,195.69,250.0,0.0,0.0,54.3,0,0
17:10:01.472,15547,195.69,250.0,0.0,0.0,54.3,0,0
17:10:01.549,15625,195.69,250.0,0.0,0.0,54.3,0,0
17:10:01.569,15644,195.69,250.0,0.0,0.0,54.3,0,0
17:10:01.649,15725,195.69,250.0,0.0,0.0,54.3,0,0
17:10:01.671,15747,195.69,250.0,0.0,0.0,54.3,0,0
17:10:01.786,15825,195.69,250.0,0.0,0.0,54.3,0,0
17:10:01.787,15844,195.69,250.0,0.0,0.0,54.3,0,0
17:10:01.850,15925,195.69,250.0,0.0,0.0,54.3,0,0
17:10:01.871,15947,195.69,250.0,0.0,0.0,54.3,0,0
17:10:01.949,16025,195.69,250.0,0.0,0.0,54.3,0,0
17:10:01.969,16044,195.69,250.0,0.0,0.0,54.3,0,0
17:10:02.050,16125,195.69,250.0,0.0,0.0,54.3,0,0
17:10:02.072,16147,195.69,250.0,0.0,0.0,54.3,0,0
17:10:02.149,16225,195.69,250.0,0.0,0.0,54.3,0,0
17:10:02.169,16244,195.69,250.0,0.0,0.0,54.3,0,0
17:10:02.250,16325,195.69,250.0,0.0,0.0,54.3,0,0
17:10:02.272,16347,195.69,250.0,0.0,0.0,54.3,0,0
17:10:02.351,16425,195.69,250.0,0.0,0.0,54.3,0,0
17:10:02.369,16444,195.69,250.0,0.0,0.0,54.3,0,0
17:10:02.449,16525,195.69,250.0,0.0,0.0,54.3,0,0
17:10:02.472,16547,195.69,250.0,0.0,0.0,54.3,0,0
17:10:02.549,16625,195.69,250.0,0.0,0.0,54.3,0,0
17:10:02.569,16644,195.69,250.0,0.0,0.0,54.3,0,0
17:10:02.649,16725,195.69,250.0,0.0,0.0,54.3,0,0
17:10:02.671,16747,195.69,250.0,0.0,0.0,54.3,0,0
17:10:02.749,16825,195.69,250.0,0.0,0.0,54.3,0,0
17:10:02.769,16844,195.69,250.0,0.0,0.0,54.3,0,0
17:10:02.849,16925,195.69,250.0,0.0,0.0,54.3,0,0
17:10:02.886,16947,195.69,250.0,0.0,0.0,54.3,0,0
17:10:02.948,17025,195.69,250.0,0.0,0.0,54.3,0,0
17:10:02.969,17044,195.69,250.0,0.0,0.0,54.3,0,0
17:10:03.049,17125,195.69,250.0,0.0,0.0,54.3,0,0
17:10:03.072,17147,195.69,250.0,0.0,0.0,54.3,0,0
17:10:03.149,17225,195.69,250.0,0.0,0.0,54.3,0,0
17:10:03.169,17244,195.69,250.0,0.0,0.0,54.3,0,0
17:10:03.250,17325,195.69,250.0,0.0,0.0,54.3,0,0
17:10:03.272,17347,195.69,250.0,0.0,0.0,54.3,0,0
17:10:03.348,17425,195.69,250.0,0.0,0.0,54.3,0,0
17:10:03.369,17444,195.69,250.0,0.0,0.0,54.3,0,0
17:10:03.474,17525,195.69,250.0,0.0,0.0,54.3,0,0
17:10:03.474,17547,195.69,250.0,0.0,0.0,54.3,0,0
17:10:03.548,17625,195.69,250.0,0.0,0.0,54.3,0,0
17:10:03.568,17644,195.69,250.0,0.0,0.0,54.3,0,0
17:10:03.649,17725,195.69,250.0,0.0,0.0,54.3,0,0
17:10:03.671,17747,195.69,250.0,0.0,0.0,54.3,0,0
17:10:03.748,17825,195.69,250.0,0.0,0.0,54.3,0,0
17:10:03.768,17844,195.69,250.0,0.0,0.0,54.3,0,0
17:10:03.850,17925,195.69,250.0,0.0,0.0,54.3,0,0
17:10:03.872,17947,195.69,250.0,0.0,0.0,54.3,0,0
17:10:03.948,18025,195.69,250.0,0.0,0.0,54.3,0,0
17:10:03.967,18044,195.69,250.0,0.0,0.0,54.3,0,0
17:10:04.049,18125,195.69,250.0,0.0,0.0,54.3,0,0
17:10:04.071,18147,195.69,250.0,0.0,0.0,54.3,0,0
17:10:04.148,18225,195.69,250.0,0.0,0.0,54.3,0,0
17:10:04.167,18244,195.69,250.0,0.0,0.0,54.3,0,0
17:10:04.250,18325,195.69,250.0,0.0,0.0,54.3,0,0
17:10:04.272,18347,195.69,250.0,0.0,0.0,54.3,0,0
17:10:04.349,18425,195.69,250.0,0.0,0.0,54.3,0,0
17:10:04.368,18444,195.69,250.0,0.0,0.0,54.3,0,0
17:10:04.449,18525,195.69,250.0,0.0,0.0,54.3,0,0
17:10:04.471,18547,195.69,250.0,0.0,0.0,54.3,0,0
17:10:04.581,18625,195.69,250.0,0.0,0.0,54.3,0,0
17:10:04.594,18644,195.69,250.0,0.0,0.0,54.3,0,0
17:10:04.648,18725,195.69,250.0,0.0,0.0,54.3,0,0
17:10:04.671,18747,195.69,250.0,0.0,0.0,54.3,0,0
17:10:04.749,18825,195.69,250.0,0.0,0.0,54.3,0,0
17:10:04.768,18844,195.69,250.0,0.0,0.0,54.3,0,0
17:10:04.849,18925,195.69,250.0,0.0,0.0,54.3,0,0
17:10:04.871,18947,195.69,250.0,0.0,0.0,54.3,0,0
17:10:04.949,19025,195.69,250.0,0.0,0.0,54.3,0,0
17:10:04.967,19044,195.69,250.0,0.0,0.0,54.3,0,0
17:10:05.049,19125,195.69,250.0,0.0,0.0,54.3,0,0
17:10:05.071,19147,195.69,250.0,0.0,0.0,54.3,0,0
17:10:05.170,19225,195.69,250.0,0.0,0.0,54.3,0,0
17:10:05.171,19244,195.69,250.0,0.0,0.0,54.3,0,0
17:10:05.248,19325,195.69,250.0,0.0,0.0,54.3,0,0
17:10:05.271,19347,195.69,250.0,0.0,0.0,54.3,0,0
17:10:05.348,19425,195.69,250.0,0.0,0.0,54.3,0,0
17:10:05.367,19444,195.69,250.0,0.0,0.0,54.3,0,0
17:10:05.448,19525,195.69,250.0,0.0,0.0,54.3,0,0
17:10:05.471,19547,195.69,250.0,0.0,0.0,54.3,0,0
17:10:05.548,19625,195.69,250.0,0.0,0.0,54.3,0,0
17:10:05.568,19644,195.69,250.0,0.0,0.0,54.3,0,0
17:10:05.648,19725,195.69,250.0,0.0,0.0,54.3,0,0
17:10:05.671,19747,195.69,250.0,0.0,0.0,54.3,0,0
17:10:05.748,19825,195.69,250.0,0.0,0.0,54.3,0,0
17:10:05.768,19844,195.69,250.0,0.0,0.0,54.3,0,0
17:10:05.849,19925,195.69,250.0,0.0,0.0,54.3,0,0
17:10:05.870,19947,195.69,250.0,0.0,0.0,54.3,0,0
17:10:05.948,20025,195.69,250.0,0.0,0.0,54.3,0,0
17:10:05.968,20044,195.69,250.0,0.0,0.0,54.3,0,0
17:10:06.049,20125,195.69,250.0,0.0,0.0,54.3,0,0
17:10:06.070,20147,195.69,250.0,0.0,0.0,54.3,0,0
17:10:06.148,20225,195.69,250.0,0.0,0.0,54.3,0,0
17:10:06.167,20244,195.69,250.0,0.0,0.0,54.3,0,0
17:10:06.273,20325,195.69,250.0,0.0,0.0,54.3,0,0
17:10:06.281,20347,195.69,250.0,0.0,0.0,54.3,0,0
17:10:06.348,20425,195.69,250.0,0.0,0.0,54.3,0,0
17:10:06.368,20444,195.69,250.0,0.0,0.0,54.3,0,0
17:10:06.449,20525,195.69,250.0,0.0,0.0,54.3,0,0
17:10:06.471,20547,195.69,250.0,0.0,0.0,54.3,0,0
17:10:06.548,20625,195.69,250.0,0.0,0.0,54.3,0,0
17:10:06.568,20644,195.69,250.0,0.0,0.0,54.3,0,0
17:10:06.649,20725,195.69,250.0,0.0,0.0,54.3,0,0
17:10:06.670,20747,195.69,250.0,0.0,0.0,54.3,0,0
17:10:06.748,20825,195.69,250.0,0.0,0.0,54.3,0,0
17:10:06.768,20844,195.69,250.0,0.0,0.0,54.3,0,0
17:10:06.860,20925,195.69,250.0,0.0,0.0,54.3,0,0
17:10:06.870,20947,195.69,250.0,0.0,0.0,54.3,0,0
17:10:06.948,21025,195.69,250.0,0.0,0.0,54.3,0,0
17:10:06.968,21044,195.69,250.0,0.0,0.0,54.3,0,0
17:10:07.048,21125,195.69,250.0,0.0,0.0,54.3,0,0
17:10:07.070,21147,195.69,250.0,0.0,0.0,54.3,0,0
17:10:07.147,21225,195.69,250.0,0.0,0.0,54.3,0,0
17:10:07.168,21244,195.69,250.0,0.0,0.0,54.3,0,0
17:10:07.248,21325,195.69,250.0,0.0,0.0,54.3,0,0
17:10:07.271,21347,195.69,250.0,0.0,0.0,54.3,0,0
17:10:07.348,21425,195.69,250.0,0.0,0.0,54.3,0,0
17:10:07.384,21444,195.69,250.0,0.0,0.0,54.3,0,0
17:10:07.449,21525,195.69,250.0,0.0,0.0,54.3,0,0
17:10:07.471,21547,195.69,250.0,0.0,0.0,54.3,0,0
17:10:07.548,21625,195.69,250.0,0.0,0.0,54.3,0,0
17:10:07.567,21644,195.69,250.0,0.0,0.0,54.3,0,0
17:10:08.042,225,192.02,250.0,0.0,0.0,57.97,0,0
17:10:08.143,325,192.05,250.0,0.0,0.0,57.94,0,0
17:10:08.243,425,192.04,250.0,0.0,0.0,57.95,0,0
17:10:08.344,525,192.04,250.0,0.0,0.0,57.95,0,0
17:10:08.443,625,192.02,250.0,0.0,0.0,57.97,0,0
17:10:08.547,725,192.01,250.0,0.0,0.0,57.98,0,0
17:10:08.643,825,191.98,250.0,0.0,0.0,58.01,0,0
17:10:08.742,925,191.97,250.0,0.0,0.0,58.02,0,0
17:10:08.843,1025,191.94,250.0,0.0,0.0,58.05,0,0
17:10:08.943,1125,191.91,250.0,0.0,0.0,58.08,0,0
17:10:09.043,1225,191.88,250.0,0.0,0.0,58.11,0,0
17:10:09.143,1325,191.83,250.0,0.0,0.0,58.16,0,0
17:10:09.243,1425,191.8,250.0,0.0,0.0,58.19,0,0
17:10:09.343,1525,191.77,250.0,0.0,0.0,58.22,0,0
17:10:09.443,1625,191.73,250.0,0.0,0.0,58.26,0,0
17:10:09.543,1725,191.68,250.0,0.0,0.0,58.31,0,0
17:10:09.653,1825,191.64,250.0,0.0,0.0,58.35,0,0
17:10:09.744,1925,191.59,250.0,0.0,0.0,58.4,0,0
17:10:09.843,2025,191.53,250.0,0.0,0.0,58.46,0,0
17:10:09.943,2125,191.49,250.0,0.0,0.0,58.5,0,0
17:10:10.043,2225,191.45,250.0,0.0,0.0,58.54,0,0
17:10:10.143,2325,191.39,250.0,0.0,0.0,58.6,0,0
17:10:10.242,2425,191.34,250.0,0.0,0.0,58.65,0,0
17:10:10.342,2525,191.29,250.0,0.0,0.0,58.7,0,0
17:10:10.442,2625,191.24,250.0,0.0,0.0,58.75,0,0
17:10:10.543,2725,191.19,250.0,0.0,0.0,58.8,0,0
17:10:10.642,2825,191.13,250.0,0.0,0.0,58.86,0,0
17:10:10.763,2925,191.08,250.0,0.0,0.0,58.91,0,0
17:10:10.841,3025,191.03,250.0,0.0,0.0,58.96,0,0
17:10:10.942,3125,191.03,250.0,0.0,0.0,58.96,0,0
17:10:10.961,3143,190.95,250.0,0.0,0.0,59.04,0,0
17:10:11.042,3225,190.88,250.0,0.0,0.0,59.11,0,0
17:10:11.142,3325,190.88,250.0,0.0,0.0,59.11,0,0
17:10:11.160,3343,190.88,250.0,0.0,0.0,59.11,0,0
17:10:11.242,3425,190.88,250.0,0.0,0.0,59.11,0,0
17:10:11.261,3443,190.81,250.0,0.0,0.0,59.18,0,0
17:10:11.344,3525,190.74,250.0,0.0,0.0,59.25,0,0
17:10:11.442,3625,190.68,250.0,0.0,0.0,59.31,0,0
17:10:11.542,3725,190.63,250.0,0.0,0.0,59.36,0,0
17:10:11.641,3825,190.57,250.0,0.0,0.0,59.42,0,0
17:10:11.741,3925,190.52,250.0,0.0,0.0,59.47,0,0
17:10:11.841,4025,190.45,250.0,0.0,0.0,59.54,0,0
17:10:11.955,4125,190.39,250.0,0.0,0.0,59.6,0,0
17:10:12.048,4225,190.34,250.0,0.0,0.0,59.65,0,0
17:10:12.142,4325,190.34,250.0,0.0,0.0,59.65,0,0
17:10:12.161,4343,190.27,250.0,0.0,0.0,59.72,0,0
17:10:12.244,4425,190.22,250.0,0.0,0.0,59.77,0,0
17:10:12.342,4525,190.16,250.0,0.0,0.0,59.83,0,0
17:10:12.442,4625,190.16,250.0,0.0,0.0,59.83,0,0
17:10:12.460,4643,190.08,250.0,0.0,0.0,59.91,0,0
17:10:12.542,4725,190.08,250.0,0.0,0.0,59.91,0,0
17:10:12.561,4743,190.01,250.0,0.0,0.0,59.98,0,0
17:10:12.690,4825,189.95,250.0,0.0,0.0,60.04,0,0
17:10:12.745,4925,189.95,250.0,0.0,0.0,60.04,0,0
17:10:12.761,4943,189.89,250.0,0.0,0.0,60.1,0,0
17:10:12.841,5025,189.89,250.0,0.0,0.0,60.1,0,0
17:10:12.861,5043,189.81,250.0,0.0,0.0,60.18,0,0
17:10:12.942,5125,189.75,250.0,0.0,0.0,60.24,0,0
17:10:13.042,5225,189.68,250.0,0.0,0.0,60.31,0,0
17:10:13.142,5325,189.62,250.0,0.0,0.0,60.37,0,0
17:10:13.241,5425,189.54,250.0,0.0,0.0,60.45,0,0
17:10:13.347,5525,189.48,250.0,0.0,0.0,60.51,0,0
17:10:13.445,5625,189.42,250.0,0.0,0.0,60.57,0,0
17:10:13.541,5725,189.37,250.0,0.0,0.0,60.62,0,0
17:10:13.642,5825,189.3,250.0,0.0,0.0,60.69,0,0
17:10:13.742,5925,189.24,250.0,0.0,0.0,60.75,0,0
17:10:13.842,6025,189.18,250.0,0.0,0.0,60.81,0,0
17:10:13.942,6125,189.1,250.0,0.0,0.0,60.89,0,0
17:10:14.044,6225,189.03,250.0,0.0,0.0,60.96,0,0
17:10:14.142,6325,188.98,250.0,0.0,0.0,61.01,0,0
17:10:14.255,6425,188.92,250.0,0.0,0.0,61.07,0,0
17:10:14.345,6525,188.85,250.0,0.0,0.0,61.14,0,0
17:10:14.442,6625,188.78,250.0,0.0,0.0,61.21,0,0
17:10:14.543,6725,188.72,250.0,0.0,0.0,61.27,0,0
17:10:14.641,6825,188.64,250.0,0.0,0.0,61.35,0,0
17:10:14.740,6925,188.6,250.0,0.0,0.0,61.39,0,0
17:10:14.842,7025,188.53,250.0,0.0,0.0,61.46,0,0
17:10:14.943,7125,188.45,250.0,0.0,0.0,61.54,0,0
17:10:15.052,7225,188.4,250.0,0.0,0.0,61.59,0,0
17:10:15.143,7325,188.34,250.0,0.0,0.0,61.65,0,0
17:10:15.241,7425,188.28,250.0,0.0,0.0,61.71,0,0
17:10:15.340,7525,188.21,250.0,0.0,0.0,61.78,0,0
17:10:15.445,7625,188.15,250.0,0.0,0.0,61.84,0,0
17:10:15.541,7725,188.09,250.0,0.0,0.0,61.9,0,0
17:10:15.689,7825,188.03,250.0,0.0,0.0,61.96,0,0
17:10:15.747,7925,187.97,250.0,0.0,0.0,62.02,0,0
17:10:15.842,8025,187.9,250.0,0.0,0.0,62.09,0,0
17:10:15.941,8125,187.84,250.0,0.0,0.0,62.15,0,0
17:10:16.042,8225,187.77,250.0,0.0,0.0,62.22,0,0
17:10:16.141,8325,187.69,250.0,0.0,0.0,62.3,0,0
17:10:16.241,8425,187.62,250.0,0.0,0.0,62.37,0,0
17:10:16.342,8525,187.54,250.0,0.0,0.0,62.45,0,0
17:10:16.443,8625,187.48,250.0,0.0,0.0,62.51,0,0
17:10:16.541,8725,187.42,250.0,0.0,0.0,62.57,0,0
17:10:16.647,8825,187.34,250.0,0.0,0.0,62.65,0,0
17:10:16.741,8925,187.28,250.0,0.0,0.0,62.71,0,0
17:10:16.843,9025,187.23,250.0,0.0,0.0,62.76,0,0
17:10:16.943,9125,187.17,250.0,0.0,0.0,62.82,0,0
17:10:17.044,9225,187.11,250.0,0.0,0.0,62.88,0,0
17:10:17.141,9325,187.05,250.0,0.0,0.0,62.94,0,0
17:10:17.246,9425,187.05,250.0,0.0,0.0,62.94,0,0
17:10:17.261,9443,186.96,250.0,0.0,0.0,63.03,0,0
17:10:17.345,9525,186.89,250.0,0.0,0.0,63.1,0,0
17:10:17.440,9625,186.82,250.0,0.0,0.0,63.17,0,0
17:10:17.542,9725,186.76,250.0,0.0,0.0,63.23,0,0
17:10:17.641,9825,186.69,250.0,0.0,0.0,63.3,0,0
17:10:17.742,9925,186.63,250.0,0.0,0.0,63.36,0,0
17:10:17.841,10025,186.56,250.0,0.0,0.0,63.43,0,0
17:10:17.942,10125,186.5,250.0,0.0,0.0,63.49,0,0
17:10:18.041,10225,186.44,250.0,0.0,0.0,63.55,0,0
17:10:18.148,10325,186.37,250.0,0.0,0.0,63.62,0,0
17:10:18.241,10425,186.3,250.0,0.0,0.0,63.69,0,0
17:10:18.340,10525,186.23,250.0,0.0,0.0,63.76,0,0
17:10:18.442,10625,186.15,250.0,0.0,0.0,63.84,0,0
17:10:18.544,10725,186.08,250.0,0.0,0.0,63.91,0,0
17:10:18.641,10825,186.01,250.0,0.0,0.0,63.98,0,0
17:10:18.753,10925,185.95,250.0,0.0,0.0,64.04,0,0
17:10:18.849,11025,185.89,250.0,0.0,0.0,64.1,0,0
17:10:18.944,11125,185.82,250.0,0.0,0.0,64.17,0,0
17:10:19.041,11225,185.74,250.0,0.0,0.0,64.25,0,0
17:10:19.142,11325,185.67,250.0,0.0,0.0,64.32,0,0
17:10:19.240,11425,185.61,250.0,0.0,0.0,64.38,0,0
17:10:19.340,11525,185.54,250.0,0.0,0.0,64.45,0,0
17:10:19.469,11625,185.47,250.0,0.0,0.0,64.52,0,0
17:10:19.540,11725,185.4,250.0,0.0,0.0,64.59,0,0
17:10:19.640,11825,185.34,250.0,0.0,0.0,64.65,0,0
17:10:19.741,11925,185.26,250.0,100.0,0.0,64.73,0,1
17:10:19.840,12025,185.18,250.0,100.0,0.0,64.81,0,1
17:10:19.939,12125,185.11,250.0,100.0,0.0,64.88,0,1
17:10:20.040,12225,185.04,250.0,100.0,0.0,64.95,0,1
17:10:20.140,12325,184.98,250.0,100.0,0.0,65.01,0,1
17:10:20.247,12425,184.91,250.0,100.0,0.0,65.08,0,1
17:10:20.340,12525,184.83,250.0,100.0,0.0,65.16,0,1
17:10:20.440,12625,184.77,250.0,100.0,0.0,65.22,0,1
17:10:20.540,12725,184.69,250.0,100.0,0.0,65.3,0,1
17:10:20.640,12825,184.61,250.0,100.0,0.0,65.38,0,1
17:10:20.740,12925,184.55,250.0,100.0,0.0,65.44,0,1
17:10:20.841,13025,184.48,250.0,100.0,0.0,65.51,0,1
17:10:20.946,13125,184.41,250.0,100.0,0.0,65.58,0,1
17:10:21.045,13225,184.34,250.0,100.0,0.0,65.65,0,1
17:10:21.142,13325,184.27,250.0,100.0,0.0,65.72,0,1
17:10:21.240,13425,184.2,250.0,100.0,0.0,65.79,0,1
17:10:21.340,13525,184.14,250.0,100.0,0.0,65.85,0,1
17:10:21.440,13625,184.06,250.0,100.0,0.0,65.93,0,1
17:10:21.540,13725,183.98,250.0,100.0,0.0,66.01,0,1
17:10:21.649,13825,183.91,250.0,100.0,0.0,66.08,0,1
17:10:21.741,13925,183.83,250.0,100.0,0.0,66.16,0,1
17:10:21.843,14025,183.76,250.0,100.0,0.0,66.23,0,1
17:10:21.940,14125,183.69,250.0,100.0,0.0,66.3,0,1
17:10:22.040,14225,183.61,250.0,100.0,0.0,66.38,0,1
17:10:22.140,14325,183.54,250.0,100.0,0.0,66.45,0,1
17:10:22.240,14425,183.48,250.0,100.0,0.0,66.51,0,1
17:10:22.341,14525,183.41,250.0,100.0,0.0,66.58,0,1
17:10:22.491,14625,183.34,250.0,100.0,0.0,66.65,0,1
17:10:22.540,14725,183.29,250.0,100.0,0.0,66.7,0,1
17:10:22.640,14825,183.23,250.0,100.0,0.0,66.76,0,1
17:10:22.740,14925,183.17,250.0,100.0,0.0,66.82,0,1
17:10:22.846,15025,183.12,250.0,100.0,0.0,66.87,0,1
17:10:22.940,15125,183.05,250.0,100.0,0.0,66.94,0,1
17:10:23.039,15225,182.99,250.0,100.0,0.0,67.0,0,1
17:10:23.140,15325,182.89,250.0,100.0,0.0,67.1,0,1
17:10:23.240,15425,182.5,250.0,100.0,0.0,67.49,0,1
17:10:23.343,15525,182.3,250.0,100.0,0.0,67.69,0,1
17:10:23.439,15625,182.19,250.0,100.0,0.0,67.8,0,1
17:10:23.539,15725,182.08,250.0,100.0,0.0,67.91,0,1
17:10:23.643,15825,181.94,250.0,100.0,0.0,68.05,0,1
17:10:23.739,15925,181.49,250.0,100.0,0.0,68.5,0,1
17:10:23.840,16025,181.49,250.0,100.0,0.0,68.5,0,1
17:10:23.944,16125,181.5,250.0,100.0,0.0,68.49,0,1
17:10:24.043,16225,180.64,250.0,100.0,0.0,69.35,0,1
17:10:24.139,16325,180.5,250.0,100.0,0.0,69.49,0,1
17:10:24.239,16425,0.0,250.0,0.0,0.0,0.0,1,0
17:10:24.340,16525,0.0,250.0,0.0,0.0,0.0,1,0
17:10:24.439,16625,0.0,250.0,0.0,0.0,0.0,1,0
17:10:24.541,16725,0.0,250.0,0.0,0.0,0.0,1,0
17:10:24.639,16825,0.0,250.0,0.0,0.0,0.0,1,0
17:10:24.747,16925,0.0,250.0,0.0,0.0,0.0,1,0
17:10:24.841,17025,0.0,250.0,0.0,0.0,0.0,1,0
17:10:24.939,17125,0.0,250.0,0.0,0.0,0.0,1,0
17:10:25.038,17225,0.0,250.0,0.0,0.0,0.0,1,0
17:10:25.140,17325,0.0,250.0,0.0,0.0,0.0,1,0
17:10:25.241,17425,0.0,250.0,0.0,0.0,0.0,1,0
17:10:25.338,17525,0.0,250.0,0.0,0.0,0.0,1,0
17:10:25.440,17625,0.0,250.0,0.0,0.0,0.0,1,0
17:10:25.538,17725,0.0,250.0,0.0,0.0,0.0,1,0
17:10:25.643,17825,0.0,250.0,0.0,0.0,0.0,1,0
17:10:25.741,17925,0.0,250.0,0.0,0.0,0.0,1,0
17:10:25.841,18025,0.0,250.0,0.0,0.0,0.0,1,0
17:10:25.939,18125,0.0,250.0,0.0,0.0,0.0,1,0
17:10:26.038,18225,0.0,250.0,0.0,0.0,0.0,1,0
17:10:26.139,18325,0.0,250.0,0.0,0.0,0.0,1,0
17:10:26.245,18425,0.0,250.0,0.0,0.0,0.0,1,0
17:10:26.340,18525,0.0,250.0,0.0,0.0,0.0,1,0
17:10:26.442,18625,0.0,250.0,0.0,0.0,0.0,1,0
17:10:26.539,18725,0.0,250.0,0.0,0.0,0.0,1,0
17:10:26.638,18825,0.0,250.0,0.0,0.0,0.0,1,0
17:10:26.741,18925,0.0,250.0,0.0,0.0,0.0,1,0
17:10:26.839,19025,0.0,250.0,0.0,0.0,0.0,1,0
17:10:26.939,19125,0.0,250.0,0.0,0.0,0.0,1,0
17:10:27.046,19225,0.0,250.0,0.0,0.0,0.0,1,0
17:10:27.140,19325,0.0,250.0,0.0,0.0,0.0,1,0
17:10:27.246,19425,0.0,250.0,0.0,0.0,0.0,1,0
17:10:27.338,19525,35.51,250.0,0.0,0.0,214.48,1,0
17:10:27.438,19625,0.0,250.0,0.0,0.0,0.0,1,0
17:10:27.538,19725,46.5,250.0,0.0,0.0,203.49,1,0
17:10:27.640,19825,60.0,250.0,0.0,0.0,189.99,1,0
17:10:27.741,19925,60.0,250.0,0.0,0.0,189.99,1,0
17:10:27.759,19946,72.13,250.0,0.0,0.0,177.86,1,0
17:10:27.851,20025,72.13,250.0,0.0,0.0,177.86,1,0
17:10:27.871,20046,83.01,250.0,0.0,0.0,166.98,1,0
17:10:27.942,20125,92.79,250.0,0.0,0.0,157.2,1,0
17:10:28.038,20225,101.09,250.0,0.0,0.0,148.9,1,0
17:10:28.138,20325,108.96,250.0,0.0,0.0,141.03,1,0
17:10:28.238,20425,116.17,250.0,0.0,0.0,133.82,1,0
17:10:28.343,20525,122.68,250.0,0.0,0.0,127.31,1,0
17:10:28.438,20625,128.57,250.0,0.0,0.0,121.42,1,0
17:10:28.538,20725,133.21,250.0,0.0,0.0,116.78,1,0
17:10:28.645,20825,137.71,250.0,0.0,0.0,112.28,1,0
17:10:28.739,20925,142.02,250.0,0.0,0.0,107.97,1,0
17:10:28.838,21025,145.94,250.0,0.0,0.0,104.05,1,0
17:10:28.939,21125,149.42,250.0,0.0,0.0,100.57,1,0
17:10:29.038,21225,152.55,250.0,0.0,0.0,97.44,1,0
17:10:29.138,21325,155.36,250.0,0.0,0.0,94.63,1,0
17:10:29.239,21425,157.87,250.0,0.0,0.0,92.12,1,0
17:10:29.364,21525,160.13,250.0,0.0,0.0,89.86,1,0
17:10:29.443,21625,162.18,250.0,0.0,0.0,87.81,1,0
17:10:29.539,21725,164.03,250.0,0.0,0.0,85.96,1,0
17:10:29.639,21825,164.03,250.0,0.0,0.0,85.96,1,0
17:10:29.658,21846,165.71,250.0,0.0,0.0,84.28,1,0
17:10:29.738,21925,165.71,250.0,0.0,0.0,84.28,1,0
17:10:29.758,21946,167.24,250.0,0.0,0.0,82.75,1,0
17:10:29.855,22042,167.24,250.0,0.0,0.0,82.75,1,0
17:10:29.938,22125,168.58,250.0,0.0,0.0,81.41,1,0
17:10:30.038,22225,169.77,250.0,0.0,0.0,80.22,1,0
17:10:30.153,22325,170.86,250.0,0.0,0.0,79.13,1,0
17:10:30.264,22425,171.86,250.0,0.0,0.0,78.13,1,0
17:10:30.348,22525,172.77,250.0,0.0,0.0,77.22,1,0
17:10:30.437,22625,172.77,250.0,0.0,0.0,77.22,1,0
17:10:30.459,22646,173.6,250.0,0.0,0.0,76.39,1,0
17:10:30.536,22725,173.6,250.0,0.0,0.0,76.39,1,0
17:10:30.559,22746,174.35,250.0,0.0,0.0,75.64,1,0
17:10:30.637,22825,174.35,250.0,0.0,0.0,75.64,1,0
17:10:30.658,22846,175.03,250.0,0.0,0.0,74.96,1,0
17:10:30.737,22925,175.03,250.0,0.0,0.0,74.96,1,0
17:10:30.758,22946,175.6,250.0,0.0,0.0,74.39,1,0
17:10:30.856,23042,175.6,250.0,0.0,0.0,74.39,1,0
17:10:30.938,23125,176.1,250.0,0.0,0.0,73.89,1,0
17:10:31.045,23230,176.1,250.0,0.0,0.0,73.89,0,0
17:10:31.066,23249,176.6,250.0,0.0,0.0,73.39,0,0
17:10:31.141,23325,177.04,250.0,0.0,0.0,72.95,0,0
17:10:31.237,23425,177.47,250.0,0.0,0.0,72.52,0,0
17:10:31.337,23525,177.84,250.0,0.0,0.0,72.15,0,0
17:10:31.437,23625,178.18,250.0,0.0,0.0,71.81,0,0
17:10:31.538,23725,178.5,250.0,0.0,0.0,71.49,0,0
17:10:31.637,23825,178.5,250.0,0.0,0.0,71.49,0,0
17:10:31.657,23843,178.5,250.0,0.0,0.0,71.49,0,0
17:10:31.771,23925,178.77,250.0,0.0,0.0,71.22,0,0
17:10:31.838,24025,179.02,250.0,0.0,0.0,70.97,0,0
17:10:31.938,24125,179.25,250.0,0.0,0.0,70.74,0,0
17:10:32.036,24225,179.47,250.0,0.0,0.0,70.52,0,0
17:10:32.137,24325,179.67,250.0,0.0,0.0,70.32,0,0
17:10:32.237,24425,179.86,250.0,0.0,0.0,70.13,0,0
17:10:32.337,24525,180.02,250.0,0.0,0.0,69.97,0,0
17:10:32.437,24625,180.19,250.0,0.0,0.0,69.8,0,0
17:10:32.578,24725,180.31,250.0,0.0,0.0,69.68,0,0
17:10:32.641,24825,180.42,250.0,0.0,0.0,69.57,0,0
17:10:32.737,24925,180.53,250.0,0.0,0.0,69.46,0,0
17:10:32.837,25025,180.62,250.0,0.0,0.0,69.37,0,0
17:10:32.937,25125,180.7,250.0,0.0,0.0,69.29,0,0
17:10:33.037,25225,180.77,250.0,0.0,0.0,69.22,0,0
17:10:33.137,25325,180.81,250.0,0.0,0.0,69.18,0,0
17:10:33.267,25425,180.85,250.0,0.0,0.0,69.14,0,0
17:10:33.340,25525,180.88,250.0,0.0,0.0,69.11,0,0
17:10:33.437,25625,180.89,250.0,0.0,0.0,69.1,0,0
17:10:33.537,25725,180.92,250.0,0.0,0.0,69.07,0,0
17:10:33.637,25825,180.94,250.0,0.0,0.0,69.05,0,0
17:10:33.737,25925,180.97,250.0,0.0,0.0,69.02,0,0
17:10:33.839,26025,180.99,250.0,0.0,0.0,69.0,0,0
17:10:33.938,26125,181.01,250.0,0.0,0.0,68.98,0,0
17:10:34.042,26225,181.04,250.0,0.0,0.0,68.95,0,0
17:10:34.144,26325,181.06,250.0,0.0,0.0,68.93,0,0
17:10:34.237,26425,181.07,250.0,0.0,0.0,68.92,0,0
17:10:34.337,26525,181.1,250.0,0.0,0.0,68.89,0,0
17:10:34.438,26625,181.11,250.0,0.0,0.0,68.88,0,0
17:10:34.537,26725,181.13,250.0,0.0,0.0,68.86,0,0
17:10:34.636,26825,181.13,250.0,0.0,0.0,68.86,0,0
17:10:34.658,26843,181.15,250.0,0.0,0.0,68.84,0,0
17:10:34.742,26925,181.16,250.0,0.0,0.0,68.83,0,0
17:10:34.846,27025,181.16,250.0,0.0,0.0,68.83,0,0
17:10:34.961,27125,181.17,250.0,0.0,0.0,68.82,0,0
17:10:35.036,27225,181.18,250.0,0.0,0.0,68.81,0,0
17:10:35.136,27325,181.18,250.0,0.0,0.0,68.81,0,0
17:10:35.238,27425,181.19,250.0,0.0,0.0,68.8,0,0
17:10:35.336,27525,181.18,250.0,0.0,0.0,68.81,0,0
17:10:35.437,27625,181.18,250.0,0.0,0.0,68.81,0,0
17:10:35.565,27725,181.17,250.0,0.0,0.0,68.82,0,0
17:10:35.645,27825,181.17,250.0,0.0,0.0,68.82,0,0
17:10:35.756,27925,181.17,250.0,0.0,0.0,68.82,0,0
17:10:35.838,28025,181.16,250.0,0.0,0.0,68.83,0,0
17:10:35.936,28125,181.15,250.0,0.0,0.0,68.84,0,0
17:10:36.037,28225,181.14,250.0,0.0,0.0,68.85,0,0
17:10:36.136,28325,181.13,250.0,0.0,0.0,68.86,0,0
17:10:36.238,28425,181.13,250.0,0.0,0.0,68.86,0,0
17:10:36.256,28443,181.11,250.0,0.0,0.0,68.88,0,0
17:10:36.371,28525,181.09,250.0,0.0,0.0,68.9,0,0
17:10:36.438,28625,181.08,250.0,100.0,0.0,68.91,0,1
17:10:36.546,28725,181.05,250.0,100.0,0.0,68.94,0,1
17:10:36.636,28825,181.04,250.0,100.0,0.0,68.95,0,1
17:10:36.750,28925,181.02,250.0,100.0,0.0,68.97,0,1
17:10:36.836,29025,181.0,250.0,100.0,0.0,68.99,0,1
17:10:36.946,29125,180.98,250.0,100.0,0.0,69.01,0,1
17:10:37.040,29225,180.96,250.0,100.0,0.0,69.03,0,1
17:10:37.137,29325,180.92,250.0,100.0,0.0,69.07,0,1
17:10:37.244,29425,180.91,250.0,100.0,0.0,69.08,0,1
17:10:37.339,29525,180.88,250.0,100.0,0.0,69.11,0,1
17:10:37.437,29625,180.86,250.0,100.0,0.0,69.13,0,1
17:10:37.536,29725,180.82,250.0,100.0,0.0,69.17,0,1
17:10:37.636,29825,180.79,250.0,100.0,0.0,69.2,0,1
17:10:37.737,29925,180.75,250.0,100.0,0.0,69.24,0,1
17:10:37.836,30025,180.7,250.0,100.0,0.0,69.29,0,1
17:10:37.940,30125,180.67,250.0,100.0,0.0,69.32,0,1
17:10:38.038,30225,180.64,250.0,100.0,0.0,69.35,0,1
17:10:38.153,30325,180.61,250.0,100.0,0.0,69.38,0,1
17:10:38.241,30425,180.58,250.0,100.0,0.0,69.41,0,1
17:10:38.337,30525,180.55,250.0,100.0,0.0,69.44,0,1
17:10:38.436,30625,180.52,250.0,100.0,0.0,69.47,0,1
17:10:38.536,30725,180.5,250.0,100.0,0.0,69.49,0,1
17:10:38.636,30825,180.46,250.0,100.0,0.0,69.53,0,1
17:10:38.736,30925,180.43,250.0,100.0,0.0,69.56,0,1
17:10:38.837,31025,180.39,250.0,100.0,0.0,69.6,0,1
17:10:38.936,31125,180.37,250.0,100.0,0.0,69.62,0,1
17:10:39.036,31225,180.33,250.0,100.0,0.0,69.66,0,1
17:10:39.135,31325,180.3,250.0,100.0,0.0,69.69,0,1
17:10:39.235,31425,180.27,250.0,100.0,0.0,69.72,0,1
17:10:39.336,31525,180.23,250.0,100.0,0.0,69.76,0,1
17:10:39.482,31625,180.19,250.0,100.0,0.0,69.8,0,1
17:10:39.538,31725,180.17,250.0,100.0,0.0,69.82,0,1
17:10:39.636,31825,180.13,250.0,100.0,0.0,69.86,0,1
17:10:39.738,31925,180.09,250.0,100.0,0.0,69.9,0,1
17:10:39.834,32025,180.09,250.0,100.0,0.0,69.9,0,1
17:10:39.857,32046,180.09,250.0,100.0,0.0,69.9,0,1
17:10:39.936,32125,180.05,250.0,100.0,0.0,69.94,0,1
17:10:40.035,32225,180.0,250.0,100.0,0.0,69.99,0,1
17:10:40.136,32325,179.95,250.0,100.0,0.0,70.04,0,1
17:10:40.251,32425,179.92,250.0,100.0,0.0,70.07,0,1
17:10:40.338,32525,179.88,250.0,100.0,0.0,70.11,0,1
17:10:40.438,32625,179.86,250.0,100.0,0.0,70.13,0,1
17:10:40.536,32725,179.83,250.0,100.0,0.0,70.16,0,1
17:10:40.636,32825,179.79,250.0,100.0,0.0,70.2,0,1
17:10:40.736,32925,179.77,250.0,100.0,0.0,70.22,0,1
17:10:40.836,33025,179.75,250.0,100.0,0.0,70.24,0,1
17:10:40.951,33125,179.72,250.0,100.0,0.0,70.27,0,1
17:10:41.040,33225,179.7,250.0,100.0,0.0,70.29,0,1
17:10:41.135,33325,179.69,250.0,100.0,0.0,70.3,0,1
17:10:41.236,33425,179.67,250.0,100.0,0.0,70.32,0,1
17:10:41.335,33525,179.65,250.0,100.0,0.0,70.34,0,1
17:10:41.435,33625,179.63,250.0,100.0,0.0,70.36,0,1
17:10:41.536,33725,179.61,250.0,100.0,0.0,70.38,0,1
17:10:41.646,33825,179.59,250.0,100.0,0.0,70.4,0,1
17:10:41.740,33925,179.58,250.0,100.0,0.0,70.41,0,1
17:10:41.835,34025,179.56,250.0,100.0,0.0,70.43,0,1
17:10:41.935,34125,179.54,250.0,100.0,0.0,70.45,0,1
17:10:42.035,34225,179.52,250.0,100.0,0.0,70.47,0,1
17:10:42.135,34325,179.52,250.0,100.0,0.0,70.47,0,1
17:10:42.235,34425,179.5,250.0,100.0,0.0,70.49,0,1
17:10:42.345,34525,179.47,250.0,100.0,0.0,70.52,0,1
17:10:42.439,34625,179.46,250.0,100.0,0.0,70.53,0,1
17:10:42.535,34725,179.44,250.0,100.0,0.0,70.55,0,1
17:10:42.634,34825,179.43,250.0,100.0,0.0,70.56,0,1
17:10:42.735,34925,179.42,250.0,100.0,0.0,70.57,0,1
17:10:42.835,35025,179.41,250.0,100.0,0.0,70.58,0,1
17:10:42.935,35125,179.4,250.0,100.0,0.0,70.59,0,1
17:10:43.057,35225,179.4,250.0,100.0,0.0,70.59,0,1
17:10:43.134,35325,179.39,250.0,100.0,0.0,70.6,0,1
17:10:43.235,35425,179.39,250.0,100.0,0.0,70.6,0,1
17:10:43.335,35525,179.4,250.0,100.0,0.0,70.59,0,1
17:10:43.435,35625,179.41,250.0,100.0,0.0,70.58,0,1
17:10:43.534,35725,179.41,250.0,100.0,0.0,70.58,0,1
17:10:43.635,35825,179.43,250.0,100.0,0.0,70.56,0,1
17:10:43.756,35925,179.45,250.0,100.0,0.0,70.54,0,1
17:10:43.843,36025,179.47,250.0,100.0,0.0,70.52,0,1
17:10:43.934,36125,179.48,250.0,100.0,0.0,70.51,0,1
17:10:44.034,36225,179.5,250.0,100.0,0.0,70.49,0,1
17:10:44.134,36325,179.51,250.0,100.0,0.0,70.48,0,1
17:10:44.234,36425,179.55,250.0,100.0,0.0,70.44,0,1
17:10:44.334,36525,179.57,250.0,100.0,0.0,70.42,0,1
17:10:44.460,36625,179.6,250.0,100.0,0.0,70.39,0,1
17:10:44.544,36725,179.64,250.0,100.0,0.0,70.35,0,1
17:10:44.634,36825,179.67,250.0,100.0,0.0,70.32,0,1
17:10:44.735,36925,179.71,250.0,100.0,0.0,70.28,0,1
17:10:44.835,37025,179.75,250.0,100.0,0.0,70.24,0,1
17:10:44.934,37125,179.78,250.0,100.0,0.0,70.21,0,1
17:10:45.034,37225,179.82,250.0,100.0,0.0,70.17,0,1
17:10:45.139,37325,179.86,250.0,100.0,0.0,70.13,0,1
17:10:45.235,37425,179.91,250.0,100.0,0.0,70.08,0,1
17:10:45.334,37525,179.95,250.0,100.0,0.0,70.04,0,1
17:10:45.434,37625,180.0,250.0,100.0,0.0,69.99,0,1
17:10:45.534,37725,180.0,250.0,100.0,0.0,69.99,0,1
17:10:45.555,37746,180.05,250.0,100.0,0.0,69.94,0,1
17:10:45.634,37825,180.1,250.0,100.0,0.0,69.89,0,1
17:10:45.734,37925,180.15,250.0,100.0,0.0,69.84,0,1
17:10:45.883,38025,180.19,250.0,100.0,0.0,69.8,0,1
17:10:45.942,38125,180.24,250.0,100.0,0.0,69.75,0,1
17:10:46.034,38225,180.3,250.0,100.0,0.0,69.69,0,1
17:10:46.134,38325,180.34,250.0,100.0,0.0,69.65,0,1
17:10:46.234,38425,180.4,250.0,100.0,0.0,69.59,0,1
17:10:46.335,38525,180.46,250.0,100.0,0.0,69.53,0,1
17:10:46.435,38625,180.51,250.0,100.0,0.0,69.48,0,1
17:10:46.578,38725,180.57,250.0,100.0,0.0,69.42,0,1
17:10:46.634,38825,180.63,250.0,100.0,0.0,69.36,0,1
17:10:46.734,38925,180.69,250.0,100.0,0.0,69.3,0,1
17:10:46.834,39025,180.75,250.0,100.0,0.0,69.24,0,1
17:10:46.934,39125,180.81,250.0,100.0,0.0,69.18,0,1
17:10:47.034,39225,180.87,250.0,100.0,0.0,69.12,0,1
17:10:47.134,39325,180.94,250.0,100.0,0.0,69.05,0,1
17:10:47.285,39425,181.01,250.0,100.0,0.0,68.98,0,1
17:10:47.337,39525,181.08,250.0,100.0,0.0,68.91,0,1
17:10:47.434,39625,181.08,250.0,100.0,0.0,68.91,0,1
17:10:47.456,39646,181.16,250.0,100.0,0.0,68.83,0,1
17:10:47.534,39725,181.16,250.0,100.0,0.0,68.83,0,1
17:10:47.561,39746,181.23,250.0,100.0,0.0,68.76,0,1
17:10:47.634,39825,181.29,250.0,100.0,0.0,68.7,0,1
17:10:47.735,39925,181.38,250.0,100.0,0.0,68.61,0,1
17:10:47.833,40025,181.38,250.0,100.0,0.0,68.61,0,1
17:10:47.855,40046,181.45,250.0,100.0,0.0,68.54,0,1
17:10:47.954,40125,181.52,250.0,100.0,0.0,68.47,0,1
17:10:48.042,40225,181.59,250.0,100.0,0.0,68.4,0,1
17:10:48.134,40325,181.68,250.0,100.0,0.0,68.31,0,1
17:10:48.233,40425,181.76,250.0,100.0,0.0,68.23,0,1
17:10:48.334,40525,181.84,250.0,100.0,0.0,68.15,0,1
17:10:48.433,40625,181.94,250.0,100.0,0.0,68.05,0,1
17:10:48.536,40725,182.01,250.0,100.0,0.0,67.98,0,1
17:10:48.656,40825,182.09,250.0,100.0,0.0,67.9,0,1
17:10:48.738,40925,182.17,250.0,100.0,0.0,67.82,0,1
17:10:48.832,41025,182.26,250.0,100.0,0.0,67.73,0,1
17:10:48.933,41125,182.36,250.0,100.0,0.0,67.63,0,1
17:10:49.033,41225,182.45,250.0,100.0,0.0,67.54,0,1
17:10:49.133,41325,182.55,250.0,100.0,0.0,67.44,0,1
17:10:49.234,41425,182.66,250.0,100.0,0.0,67.33,0,1
17:10:49.336,41525,182.76,250.0,100.0,0.0,67.23,0,1
17:10:49.432,41625,182.86,250.0,100.0,0.0,67.13,0,1
17:10:49.533,41725,182.96,250.0,100.0,0.0,67.03,0,1
17:10:49.634,41825,183.06,250.0,100.0,0.0,66.93,0,1
17:10:49.734,41925,183.15,250.0,100.0,0.0,66.84,0,1
17:10:49.834,42025,183.27,250.0,100.0,0.0,66.72,0,1
17:10:49.966,42125,183.37,250.0,100.0,0.0,66.62,0,1
17:10:50.046,42225,183.47,250.0,100.0,0.0,66.52,0,1
17:10:50.138,42325,183.57,250.0,100.0,0.0,66.42,0,1
17:10:50.233,42425,183.66,250.0,100.0,0.0,66.33,0,1
17:10:50.333,42525,183.78,250.0,100.0,0.0,66.21,0,1
17:10:50.433,42625,183.89,250.0,100.0,0.0,66.1,0,1
17:10:50.534,42725,184.0,250.0,100.0,0.0,65.99,0,1
17:10:50.633,42825,184.11,250.0,100.0,0.0,65.88,0,1
17:10:50.738,42925,184.21,250.0,100.0,0.0,65.78,0,1
17:10:50.833,43025,184.32,250.0,100.0,0.0,65.67,0,1
17:10:50.933,43125,184.43,250.0,100.0,0.0,65.56,0,1
17:10:51.033,43225,184.53,250.0,100.0,0.0,65.46,0,1
17:10:51.132,43325,184.63,250.0,100.0,0.0,65.36,0,1
17:10:51.233,43425,184.74,250.0,100.0,0.0,65.25,0,1
17:10:51.333,43525,184.86,250.0,100.0,0.0,65.13,0,1
17:10:51.459,43625,184.98,250.0,100.0,0.0,65.01,0,1
17:10:51.534,43725,185.1,250.0,100.0,0.0,64.89,0,1
17:10:51.633,43825,185.24,250.0,100.0,0.0,64.75,0,1
17:10:51.732,43925,185.34,250.0,100.0,0.0,64.65,0,1
17:10:51.833,44025,185.46,250.0,100.0,0.0,64.53,0,1
17:10:51.932,44125,185.59,250.0,100.0,0.0,64.4,0,1
17:10:52.032,44225,185.72,250.0,100.0,0.0,64.27,0,1
17:10:52.166,44325,185.85,250.0,100.0,0.0,64.14,0,1
17:10:52.241,44425,185.98,250.0,100.0,0.0,64.01,0,1
17:10:52.332,44525,186.11,250.0,100.0,0.0,63.88,0,1
17:10:52.433,44625,186.23,250.0,100.0,0.0,63.76,0,1
17:10:52.532,44725,186.35,250.0,100.0,0.0,63.64,0,1
17:10:52.632,44825,186.48,250.0,100.0,0.0,63.51,0,1
17:10:52.733,44925,186.61,250.0,100.0,0.0,63.38,0,1
17:10:52.832,45025,186.72,250.0,100.0,0.0,63.27,0,1
17:10:52.933,45125,186.84,250.0,100.0,0.0,63.15,0,1
17:10:53.041,45225,186.97,250.0,100.0,0.0,63.02,0,1
17:10:53.132,45325,187.1,250.0,100.0,0.0,62.89,0,1
17:10:53.232,45425,187.21,250.0,100.0,0.0,62.78,0,1
17:10:53.332,45525,187.34,250.0,100.0,0.0,62.65,0,1
17:10:53.432,45625,187.46,250.0,100.0,0.0,62.53,0,1
17:10:53.532,45725,187.59,250.0,100.0,0.0,62.4,0,1
17:10:53.661,45825,187.73,250.0,100.0,0.0,62.26,0,1
17:10:53.735,45925,187.86,250.0,100.0,0.0,62.13,0,1
17:10:53.833,46025,187.98,250.0,100.0,0.0,62.01,0,1
17:10:53.933,46125,188.11,250.0,100.0,0.0,61.88,0,1
17:10:54.032,46225,188.25,250.0,100.0,0.0,61.74,0,1
17:10:54.132,46325,188.38,250.0,100.0,0.0,61.61,0,1
17:10:54.232,46425,188.5,250.0,100.0,0.0,61.49,0,1
17:10:54.351,46525,188.64,250.0,100.0,0.0,61.35,0,1
17:10:54.444,46625,188.76,250.0,100.0,0.0,61.23,0,1
17:10:54.532,46725,188.9,250.0,100.0,0.0,61.09,0,1
17:10:54.632,46825,189.03,250.0,100.0,0.0,60.96,0,1
17:10:54.731,46925,189.15,250.0,100.0,0.0,60.84,0,1
17:10:54.831,47025,189.28,250.0,100.0,0.0,60.71,0,1
17:10:54.931,47125,189.42,250.0,100.0,0.0,60.57,0,1
17:10:55.032,47225,189.56,250.0,100.0,0.0,60.43,0,1
17:10:55.138,47325,189.7,250.0,100.0,0.0,60.29,0,1
17:10:55.237,47425,189.82,250.0,100.0,0.0,60.17,0,1
17:10:55.333,47525,189.95,250.0,100.0,0.0,60.04,0,1
17:10:55.432,47625,190.07,250.0,100.0,0.0,59.92,0,1
17:10:55.531,47725,190.21,250.0,100.0,0.0,59.78,0,1
17:10:55.632,47825,190.34,250.0,100.0,0.0,59.65,0,1
17:10:55.732,47925,190.48,250.0,100.0,0.0,59.51,0,1
17:10:55.844,48025,190.61,250.0,100.0,0.0,59.38,0,1
17:10:55.941,48125,190.75,250.0,100.0,0.0,59.24,0,1
17:10:56.031,48225,190.88,250.0,100.0,0.0,59.11,0,1
17:10:56.130,48325,191.03,250.0,100.0,0.0,58.96,0,1
17:10:56.231,48425,191.17,250.0,100.0,0.0,58.82,0,1
17:10:56.331,48525,191.3,250.0,100.0,0.0,58.69,0,1
17:10:56.432,48625,191.44,250.0,100.0,0.0,58.55,0,1
17:10:56.531,48725,191.58,250.0,100.0,0.0,58.41,0,1
17:10:56.677,48825,191.71,250.0,100.0,0.0,58.28,0,1
17:10:56.734,48925,191.85,250.0,100.0,0.0,58.14,0,1
17:10:56.832,49025,191.99,250.0,100.0,0.0,58.0,0,1
17:10:56.931,49125,192.13,250.0,100.0,0.0,57.86,0,1
17:10:57.031,49225,192.27,250.0,100.0,0.0,57.72,0,1
17:10:57.132,49325,192.41,250.0,100.0,0.0,57.58,0,1
17:10:57.231,49425,192.54,250.0,100.0,0.0,57.45,0,1
17:10:57.370,49525,192.68,250.0,100.0,0.0,57.31,0,1
17:10:57.432,49625,192.8,250.0,100.0,0.0,57.19,0,1
17:10:57.536,49725,192.93,250.0,100.0,0.0,57.06,0,1
17:10:57.630,49825,193.07,250.0,100.0,0.0,56.92,0,1
17:10:57.734,49925,193.21,250.0,100.0,0.0,56.78,0,1
17:10:57.833,50025,193.34,250.0,100.0,0.0,56.65,0,1
17:10:57.938,50125,193.48,250.0,100.0,0.0,56.51,0,1
17:10:58.031,50225,193.63,250.0,100.0,0.0,56.36,0,1
17:10:58.139,50325,193.77,250.0,100.0,0.0,56.22,0,1
17:10:58.240,50425,193.91,250.0,100.0,0.0,56.08,0,1
17:10:58.330,50525,194.05,250.0,100.0,0.0,55.94,0,1
17:10:58.431,50625,194.21,250.0,100.0,0.0,55.78,0,1
17:10:58.531,50725,194.36,250.0,100.0,0.0,55.63,0,1
17:10:58.631,50825,194.5,250.0,100.0,0.0,55.49,0,1
17:10:58.731,50925,194.64,250.0,100.0,0.0,55.35,0,1
17:10:58.833,51025,194.79,250.0,100.0,0.0,55.2,0,1
17:10:58.930,51125,194.94,250.0,100.0,0.0,55.05,0,1
17:10:59.031,51225,195.07,250.0,100.0,0.0,54.92,0,1
17:10:59.131,51325,195.21,250.0,100.0,0.0,54.78,0,1
17:10:59.231,51425,195.34,250.0,100.0,0.0,54.65,0,1
17:10:59.331,51525,195.48,250.0,100.0,0.0,54.51,0,1
17:10:59.431,51625,195.63,250.0,100.0,0.0,54.36,0,1
17:10:59.530,51725,195.78,250.0,100.0,0.0,54.21,0,1
17:10:59.631,51825,195.94,250.0,100.0,0.0,54.05,0,1
17:10:59.730,51925,196.08,250.0,100.0,0.0,53.91,0,1
17:10:59.830,52025,196.22,250.0,100.0,0.0,53.77,0,1
17:10:59.934,52125,196.37,250.0,100.0,0.0,53.62,0,1
17:11:00.030,52225,196.51,250.0,100.0,0.0,53.48,0,1
17:11:00.129,52325,196.67,250.0,100.0,0.0,53.32,0,1
17:11:00.230,52425,196.82,250.0,100.0,0.0,53.17,0,1
17:11:00.330,52525,196.96,250.0,100.0,0.0,53.03,0,1
17:11:00.430,52625,197.1,250.0,100.0,0.0,52.89,0,1
17:11:00.530,52725,197.24,250.0,100.0,0.0,52.75,0,1
17:11:00.630,52825,197.39,250.0,100.0,0.0,52.6,0,1
17:11:00.730,52925,197.52,250.0,100.0,0.0,52.47,0,1
17:11:00.830,53025,197.67,250.0,100.0,0.0,52.32,0,1
17:11:00.930,53125,197.82,250.0,100.0,0.0,52.17,0,1
17:11:01.046,53225,197.96,250.0,100.0,0.0,52.03,0,1
17:11:01.130,53325,198.12,250.0,100.0,0.0,51.87,0,1
17:11:01.229,53425,198.27,250.0,100.0,0.0,51.72,0,1
17:11:01.330,53525,198.42,250.0,100.0,0.0,51.57,0,1
17:11:01.430,53625,198.56,250.0,100.0,0.0,51.43,0,1
17:11:01.530,53725,198.71,250.0,100.0,0.0,51.28,0,1
17:11:01.656,53825,198.71,250.0,0.0,0.0,51.28,0,0
17:11:01.657,53847,198.71,250.0,0.0,0.0,51.28,0,0
17:11:01.731,53925,198.71,250.0,0.0,0.0,51.28,0,0
17:11:01.752,53947,198.71,250.0,0.0,0.0,51.28,0,0
17:11:01.829,54025,198.71,250.0,0.0,0.0,51.28,0,0
17:11:01.849,54044,198.71,250.0,0.0,0.0,51.28,0,0
17:11:01.931,54125,198.71,250.0,0.0,0.0,51.28,0,0
17:11:01.952,54147,198.71,250.0,0.0,0.0,51.28,0,0
17:11:02.029,54225,198.71,250.0,0.0,0.0,51.28,0,0
17:11:02.049,54244,198.71,250.0,0.0,0.0,51.28,0,0
17:11:02.131,54325,198.71,250.0,0.0,0.0,51.28,0,0
17:11:02.153,54347,198.71,250.0,0.0,0.0,51.28,0,0
17:11:02.229,54425,198.71,250.0,0.0,0.0,51.28,0,0
17:11:02.253,54444,198.71,250.0,0.0,0.0,51.28,0,0
17:11:02.329,54525,198.71,250.0,0.0,0.0,51.28,0,0
17:11:02.351,54547,198.71,250.0,0.0,0.0,51.28,0,0
17:11:02.429,54625,198.71,250.0,0.0,0.0,51.28,0,0
17:11:02.449,54644,198.71,250.0,0.0,0.0,51.28,0,0
17:11:02.530,54725,198.71,250.0,0.0,0.0,51.28,0,0
17:11:02.552,54747,198.71,250.0,0.0,0.0,51.28,0,0
17:11:02.629,54825,198.71,250.0,0.0,0.0,51.28,0,0
17:11:02.648,54844,198.71,250.0,0.0,0.0,51.28,0,0
17:11:02.730,54925,198.71,250.0,0.0,0.0,51.28,0,0
17:11:02.761,54947,198.71,250.0,0.0,0.0,51.28,0,0
17:11:02.829,55025,198.71,250.0,0.0,0.0,51.28,0,0
17:11:02.849,55044,198.71,250.0,0.0,0.0,51.28,0,0
17:11:02.930,55125,198.71,250.0,0.0,0.0,51.28,0,0
17:11:02.951,55148,198.71,250.0,0.0,0.0,51.28,0,0
17:11:03.029,55225,198.71,250.0,0.0,0.0,51.28,0,0
17:11:03.049,55244,198.71,250.0,0.0,0.0,51.28,0,0
17:11:03.130,55326,198.71,250.0,0.0,0.0,51.28,0,0
17:11:03.151,55348,198.71,250.0,0.0,0.0,51.28,0,0
17:11:03.228,55425,198.71,250.0,0.0,0.0,51.28,0,0
17:11:03.249,55444,198.71,250.0,0.0,0.0,51.28,0,0
17:11:03.502,55526,198.71,250.0,0.0,0.0,51.28,0,0
17:11:03.506,55548,198.71,250.0,0.0,0.0,51.28,0,0
17:11:03.536,55625,198.71,250.0,0.0,0.0,51.28,0,0
17:11:03.537,55644,198.71,250.0,0.0,0.0,51.28,0,0
17:11:03.563,55726,198.71,250.0,0.0,0.0,51.28,0,0
17:11:03.565,55748,198.71,250.0,0.0,0.0,51.28,0,0
17:11:03.629,55825,198.71,250.0,0.0,0.0,51.28,0,0
17:11:03.649,55844,198.71,250.0,0.0,0.0,51.28,0,0
17:11:03.729,55926,198.71,250.0,0.0,0.0,51.28,0,0
17:11:03.752,55948,198.71,250.0,0.0,0.0,51.28,0,0
17:11:03.829,56025,198.71,250.0,0.0,0.0,51.28,0,0
17:11:03.848,56044,198.71,250.0,0.0,0.0,51.28,0,0
17:11:03.935,56126,198.71,250.0,0.0,0.0,51.28,0,0
17:11:03.952,56148,198.71,250.0,0.0,0.0,51.28,0,0
17:11:04.101,56225,198.71,250.0,0.0,0.0,51.28,0,0
17:11:04.108,56244,198.71,250.0,0.0,0.0,51.28,0,0
17:11:04.266,56326,198.71,250.0,0.0,0.0,51.28,0,0
17:11:04.269,56348,198.71,250.0,0.0,0.0,51.28,0,0
17:11:04.302,56425,198.71,250.0,0.0,0.0,51.28,0,0
17:11:04.303,56444,198.71,250.0,0.0,0.0,51.28,0,0
17:11:04.344,56526,198.71,250.0,0.0,0.0,51.28,0,0
17:11:04.352,56548,198.71,250.0,0.0,0.0,51.28,0,0
17:11:04.429,56625,198.71,250.0,0.0,0.0,51.28,0,0
17:11:04.449,56644,198.71,250.0,0.0,0.0,51.28,0,0
17:11:04.530,56726,198.71,250.0,0.0,0.0,51.28,0,0
17:11:04.551,56748,198.71,250.0,0.0,0.0,51.28,0,0
17:11:04.647,56825,198.71,250.0,0.0,0.0,51.28,0,0
17:11:04.650,56844,198.71,250.0,0.0,0.0,51.28,0,0
17:11:04.730,56926,198.71,250.0,0.0,0.0,51.28,0,0
17:11:04.808,56948,198.71,250.0,0.0,0.0,51.28,0,0
17:11:05.012,57025,198.71,250.0,0.0,0.0,51.28,0,0
17:11:05.015,57044,198.71,250.0,0.0,0.0,51.28,0,0
17:11:05.050,57126,198.71,250.0,0.0,0.0,51.28,0,0
17:11:05.051,57148,198.71,250.0,0.0,0.0,51.28,0,0
17:11:05.075,57225,198.71,250.0,0.0,0.0,51.28,0,0
17:11:05.077,57244,198.71,250.0,0.0,0.0,51.28,0,0
17:11:05.130,57326,199.36,250.0,0.0,0.0,50.63,0,0
17:11:05.230,57426,199.36,250.0,0.0,0.0,50.63,0,0
17:11:05.252,57448,199.36,250.0,0.0,0.0,50.63,0,0
17:11:05.329,57525,199.36,250.0,0.0,0.0,50.63,0,0
17:11:05.350,57544,199.36,250.0,0.0,0.0,50.63,0,0
17:11:05.446,57626,199.36,250.0,0.0,0.0,50.63,0,0
17:11:05.452,57648,199.36,250.0,0.0,0.0,50.63,0,0
17:11:05.730,57725,199.36,250.0,0.0,0.0,50.63,0,0
17:11:05.736,57744,199.36,250.0,0.0,0.0,50.63,0,0
17:11:05.770,57826,200.0,250.0,0.0,0.0,49.99,0,0
17:11:05.809,57926,200.0,250.0,0.0,0.0,49.99,0,0
17:11:05.813,57948,200.0,250.0,0.0,0.0,49.99,0,0
17:11:05.847,58025,200.0,250.0,0.0,0.0,49.99,0,0
17:11:05.849,58044,200.0,250.0,0.0,0.0,49.99,0,0
17:11:05.930,58126,200.6,250.0,0.0,0.0,49.39,0,0
17:11:06.043,58226,200.6,250.0,0.0,0.0,49.39,0,0
17:11:06.052,58248,200.6,250.0,0.0,0.0,49.39,0,0
17:11:06.130,58325,200.6,250.0,0.0,0.0,49.39,0,0
17:11:06.149,58344,200.6,250.0,0.0,0.0,49.39,0,0
17:11:06.230,58426,200.6,250.0,0.0,0.0,49.39,0,0
17:11:06.276,58448,200.6,250.0,0.0,0.0,49.39,0,0
17:11:06.517,58525,200.6,250.0,0.0,0.0,49.39,0,0
17:11:06.519,58544,200.6,250.0,0.0,0.0,49.39,0,0
17:11:06.559,58626,201.2,250.0,0.0,0.0,48.79,0,0
17:11:06.612,58726,201.2,250.0,0.0,0.0,48.79,0,0
17:11:06.613,58748,201.2,250.0,0.0,0.0,48.79,0,0
17:11:06.678,58825,201.2,250.0,0.0,0.0,48.79,0,0
17:11:06.681,58844,201.2,250.0,0.0,0.0,48.79,0,0
17:11:06.729,58926,201.2,250.0,0.0,0.0,48.79,0,0
17:11:06.751,58948,201.2,250.0,0.0,0.0,48.79,0,0
17:11:06.829,59025,201.2,250.0,0.0,0.0,48.79,0,0
17:11:06.848,59044,201.2,250.0,0.0,0.0,48.79,0,0
17:11:06.930,59126,201.78,250.0,0.0,0.0,48.21,0,0
17:11:07.268,59226,201.78,250.0,0.0,0.0,48.21,0,0
17:11:07.272,59248,201.78,250.0,0.0,0.0,48.21,0,0
17:11:07.320,59325,201.78,250.0,0.0,0.0,48.21,0,0
17:11:07.322,59344,201.78,250.0,0.0,0.0,48.21,0,0
17:11:07.358,59426,201.78,250.0,0.0,0.0,48.21,0,0
17:11:07.365,59448,201.78,250.0,0.0,0.0,48.21,0,0
17:11:07.405,59525,201.78,250.0,0.0,0.0,48.21,0,0
17:11:07.409,59544,201.78,250.0,0.0,0.0,48.21,0,0
17:11:07.447,59626,202.36,250.0,0.0,0.0,47.63,0,0
17:11:07.536,59726,202.36,250.0,0.0,0.0,47.63,0,0
17:11:07.551,59748,202.36,250.0,0.0,0.0,47.63,0,0
17:11:07.633,59825,202.36,250.0,0.0,0.0,47.63,0,0
17:11:07.648,59844,202.36,250.0,0.0,0.0,47.63,0,0
17:11:07.734,59926,202.36,250.0,0.0,0.0,47.63,0,0
17:11:07.751,59948,202.36,250.0,0.0,0.0,47.63,0,0
17:11:08.043,60025,202.36,250.0,0.0,0.0,47.63,0,0
17:11:08.052,60044,202.36,250.0,0.0,0.0,47.63,0,0
17:11:08.101,60126,202.9,250.0,0.0,0.0,47.09,0,0
17:11:08.177,60226,202.9,250.0,0.0,0.0,47.09,0,0
17:11:08.185,60248,202.9,250.0,0.0,0.0,47.09,0,0
17:11:08.198,60325,202.9,250.0,0.0,0.0,47.09,0,0
17:11:08.199,60344,202.9,250.0,0.0,0.0,47.09,0,0
17:11:08.233,60426,202.9,250.0,0.0,0.0,47.09,0,0
17:11:08.251,60448,202.9,250.0,0.0,0.0,47.09,0,0
17:11:08.378,60525,202.9,250.0,0.0,0.0,47.09,0,0
17:11:08.381,60544,202.9,250.0,0.0,0.0,47.09,0,0
17:11:08.429,60626,203.43,250.0,0.0,0.0,46.56,0,0
17:11:08.529,60726,203.43,250.0,0.0,0.0,46.56,0,0
17:11:08.566,60748,203.43,250.0,0.0,0.0,46.56,0,0
17:11:08.628,60825,203.43,250.0,0.0,0.0,46.56,0,0
17:11:08.648,60844,203.43,250.0,0.0,0.0,46.56,0,0
17:11:08.729,60926,203.43,250.0,0.0,0.0,46.56,0,0
17:11:08.751,60948,203.43,250.0,0.0,0.0,46.56,0,0
17:11:08.828,61025,203.43,250.0,0.0,0.0,46.56,0,0
17:11:08.848,61044,203.43,250.0,0.0,0.0,46.56,0,0
17:11:08.929,61126,203.43,250.0,0.0,0.0,46.56,0,0
17:11:08.951,61148,203.43,250.0,0.0,0.0,46.56,0,0
17:11:09.027,61225,203.43,250.0,0.0,0.0,46.56,0,0
17:11:09.048,61244,203.43,250.0,0.0,0.0,46.56,0,0
17:11:09.147,61326,203.43,250.0,0.0,0.0,46.56,0,0
17:11:09.151,61348,203.43,250.0,0.0,0.0,46.56,0,0
17:11:09.228,61425,203.43,250.0,0.0,0.0,46.56,0,0
17:11:09.247,61444,203.43,250.0,0.0,0.0,46.56,0,0
17:11:09.328,61526,203.43,250.0,0.0,0.0,46.56,0,0
17:11:09.350,61548,203.43,250.0,0.0,0.0,46.56,0,0
17:11:09.428,61625,203.43,250.0,0.0,0.0,46.56,0,0
17:11:09.447,61644,203.43,250.0,0.0,0.0,46.56,0,0
17:11:09.529,61726,203.43,250.0,0.0,0.0,46.56,0,0
17:11:09.551,61748,203.43,250.0,0.0,0.0,46.56,0,0
17:11:09.628,61825,203.43,250.0,0.0,0.0,46.56,0,0
17:11:09.647,61844,203.43,250.0,0.0,0.0,46.56,0,0
17:11:09.769,61926,203.43,250.0,0.0,0.0,46.56,0,0
17:11:09.770,61948,203.43,250.0,0.0,0.0,46.56,0,0
