Timestamp_PC,Tick_MCU,Temp,Target,PWM,Speed,PID_Error,System_Error_Code,Status_Flags
20:05:18.499,26026,147.5,245.0,0.0,0.0,97.49,0,0
20:05:18.500,26126,147.45,245.0,0.0,0.0,97.54,0,0
20:05:18.500,26226,147.37,245.0,0.0,0.0,97.62,0,0
20:05:18.501,26326,147.33,245.0,0.0,0.0,97.66,0,0
20:05:18.501,26426,147.33,245.0,0.0,0.0,97.66,0,0
20:05:18.533,26526,147.28,245.0,0.0,0.0,97.71,0,0
20:05:18.632,26626,147.21,245.0,0.0,0.0,97.78,0,0
20:05:18.731,26726,147.21,245.0,0.0,0.0,97.78,0,0
20:05:18.832,26826,147.15,245.0,0.0,0.0,97.84,0,0
20:05:18.932,26926,147.15,245.0,0.0,0.0,97.84,0,0
20:05:19.035,27026,147.09,245.0,0.0,0.0,97.9,0,0
20:05:19.133,27126,147.02,245.0,0.0,0.0,97.97,0,0
20:05:19.232,27226,146.96,245.0,0.0,0.0,98.03,0,0
20:05:19.332,27326,146.91,245.0,0.0,0.0,98.08,0,0
20:05:19.431,27426,146.86,245.0,0.0,0.0,98.13,0,0
20:05:19.531,27526,146.86,245.0,0.0,0.0,98.13,0,0
20:05:19.632,27626,146.86,245.0,0.0,0.0,98.13,0,0
20:05:19.731,27726,146.81,245.0,0.0,0.0,98.18,0,0
20:05:19.831,27826,146.76,245.0,0.0,0.0,98.23,0,0
20:05:19.932,27926,146.76,245.0,0.0,0.0,98.23,0,0
20:05:20.032,28026,146.7,245.0,0.0,0.0,98.29,0,0
20:05:20.131,28126,146.63,245.0,0.0,0.0,98.36,0,0
20:05:20.232,28226,146.57,245.0,0.0,0.0,98.42,0,0
20:05:20.332,28326,146.52,245.0,0.0,0.0,98.47,0,0
20:05:20.432,28426,146.47,245.0,0.0,0.0,98.52,0,0
20:05:20.531,28526,146.42,245.0,0.0,0.0,98.57,0,0
20:05:20.632,28626,146.38,245.0,0.0,0.0,98.61,0,0
20:05:20.738,28726,146.32,245.0,0.0,0.0,98.67,0,0
20:05:20.832,28826,146.32,245.0,0.0,0.0,98.67,0,0
20:05:20.932,28926,146.26,245.0,0.0,0.0,98.73,0,0
20:05:21.031,29026,146.26,245.0,0.0,0.0,98.73,0,0
20:05:21.131,29126,146.21,245.0,0.0,0.0,98.78,0,0
20:05:21.232,29226,146.16,245.0,0.0,0.0,98.83,0,0
20:05:21.331,29326,146.16,245.0,0.0,0.0,98.83,0,0
20:05:21.432,29426,146.16,245.0,0.0,0.0,98.83,0,0
20:05:21.531,29526,146.1,245.0,0.0,0.0,98.89,0,0
20:05:21.631,29626,146.03,245.0,0.0,0.0,98.96,0,0
20:05:21.732,29726,145.97,245.0,0.0,0.0,99.02,0,0
20:05:21.850,29826,145.91,245.0,0.0,0.0,99.08,0,0
20:05:21.931,29926,145.91,245.0,0.0,0.0,99.08,0,0
20:05:22.032,30026,145.86,245.0,0.0,0.0,99.13,0,0
20:05:22.132,30126,145.8,245.0,0.0,0.0,99.19,0,0
20:05:22.232,30226,145.74,245.0,0.0,0.0,99.25,0,0
20:05:22.331,30326,145.74,245.0,0.0,0.0,99.25,0,0
20:05:22.434,30426,145.68,245.0,0.0,0.0,99.31,0,0
20:05:22.531,30526,145.68,245.0,0.0,0.0,99.31,0,0
20:05:22.631,30626,145.63,245.0,0.0,0.0,99.36,0,0
20:05:22.732,30726,145.58,245.0,0.0,0.0,99.41,0,0
20:05:22.832,30826,145.53,245.0,0.0,0.0,99.46,0,0
20:05:22.930,30926,145.53,245.0,0.0,0.0,99.46,0,0
20:05:23.031,31026,145.47,245.0,0.0,0.0,99.52,0,0
20:05:23.134,31126,145.41,245.0,0.0,0.0,99.58,0,0
20:05:23.232,31226,145.36,245.0,0.0,0.0,99.63,0,0
20:05:23.330,31326,145.3,245.0,0.0,0.0,99.69,0,0
20:05:23.432,31426,145.3,245.0,0.0,0.0,99.69,0,0
20:05:23.555,31526,145.25,245.0,0.0,0.0,99.74,0,0
20:05:23.630,31626,145.2,245.0,0.0,0.0,99.79,0,0
20:05:23.733,31726,145.14,245.0,0.0,0.0,99.85,0,0
20:05:23.831,31826,145.07,245.0,0.0,0.0,99.92,0,0
20:05:23.933,31926,145.07,245.0,0.0,0.0,99.92,0,0
20:05:24.031,32026,145.07,245.0,0.0,0.0,99.92,0,0
20:05:24.149,32126,145.01,245.0,0.0,0.0,99.98,0,0
20:05:24.232,32226,144.95,245.0,0.0,0.0,100.04,0,0
20:05:24.331,32326,144.91,245.0,0.0,0.0,100.08,0,0
20:05:24.433,32426,144.91,245.0,0.0,0.0,100.08,0,0
20:05:24.531,32526,144.91,245.0,0.0,0.0,100.08,0,0
20:05:24.632,32626,144.91,245.0,0.0,0.0,100.08,0,0
20:05:24.735,32726,144.85,245.0,0.0,0.0,100.14,0,0
20:05:24.832,32826,144.85,245.0,0.0,0.0,100.14,0,0
20:05:24.934,32926,144.85,245.0,0.0,0.0,100.14,0,0
20:05:25.030,33026,144.8,245.0,0.0,0.0,100.19,0,0
20:05:25.130,33126,144.73,245.0,0.0,0.0,100.26,0,0
20:05:25.234,33226,144.73,245.0,0.0,0.0,100.26,0,0
20:05:25.331,33326,144.66,245.0,0.0,0.0,100.33,0,0
20:05:25.433,33426,144.6,245.0,0.0,0.0,100.39,0,0
20:05:25.532,33526,144.53,245.0,0.0,0.0,100.46,0,0
20:05:25.631,33626,144.53,245.0,0.0,0.0,100.46,0,0
20:05:25.730,33726,144.47,245.0,0.0,0.0,100.52,0,0
20:05:25.851,33826,144.47,245.0,0.0,0.0,100.52,0,0
20:05:25.932,33926,144.47,245.0,0.0,0.0,100.52,0,0
20:05:26.031,34026,144.4,245.0,0.0,0.0,100.59,0,0
20:05:26.136,34126,144.33,245.0,0.0,0.0,100.66,0,0
20:05:26.234,34226,144.27,245.0,0.0,0.0,100.72,0,0
20:05:26.331,34326,144.22,245.0,0.0,0.0,100.77,0,0
20:05:26.441,34426,144.16,245.0,0.0,0.0,100.83,0,0
20:05:26.566,34526,144.11,245.0,0.0,0.0,100.88,0,0
20:05:26.662,34626,144.05,245.0,0.0,0.0,100.94,0,0
20:05:26.759,34726,143.98,245.0,0.0,0.0,101.01,0,0
20:05:26.859,34826,143.92,245.0,0.0,0.0,101.07,0,0
20:05:26.962,34926,143.87,245.0,0.0,0.0,101.12,0,0
20:05:27.059,35026,143.81,245.0,0.0,0.0,101.18,0,0
20:05:27.158,35126,143.77,245.0,0.0,0.0,101.22,0,0
20:05:27.261,35226,143.77,245.0,0.0,0.0,101.22,0,0
20:05:27.357,35326,143.77,245.0,0.0,0.0,101.22,0,0
20:05:27.457,35426,143.72,245.0,0.0,0.0,101.27,0,0
20:05:27.562,35526,143.66,245.0,0.0,0.0,101.33,0,0
20:05:27.658,35626,143.6,245.0,0.0,0.0,101.39,0,0
20:05:27.759,35726,143.54,245.0,0.0,0.0,101.45,0,0
20:05:27.858,35826,143.48,245.0,0.0,0.0,101.51,0,0
20:05:27.958,35926,143.44,245.0,0.0,0.0,101.55,0,0
20:05:28.060,36026,143.39,245.0,0.0,0.0,101.6,0,0
20:05:28.158,36126,143.35,245.0,0.0,0.0,101.64,0,0
20:05:28.259,36226,143.35,245.0,0.0,0.0,101.64,0,0
20:05:28.358,36326,143.35,245.0,0.0,0.0,101.64,0,0
20:05:28.458,36426,143.29,245.0,0.0,0.0,101.7,0,0
20:05:28.558,36526,143.24,245.0,0.0,0.0,101.75,0,0
20:05:28.660,36626,143.19,245.0,0.0,0.0,101.8,0,0
20:05:28.760,36726,143.15,245.0,0.0,0.0,101.84,0,0
20:05:28.860,36826,143.1,245.0,0.0,0.0,101.89,0,0
20:05:28.957,36926,143.05,245.0,0.0,0.0,101.94,0,0
20:05:29.060,37026,143.0,245.0,0.0,0.0,101.99,0,0
20:05:29.163,37126,142.95,245.0,0.0,0.0,102.04,0,0
20:05:29.260,37226,142.9,245.0,0.0,0.0,102.09,0,0
20:05:29.360,37326,142.88,245.0,0.0,0.0,102.11,0,0
20:05:29.461,37426,142.83,245.0,0.0,0.0,102.16,0,0
20:05:29.557,37526,142.79,245.0,0.0,0.0,102.2,0,0
20:05:29.658,37626,142.75,245.0,0.0,0.0,102.24,0,0
20:05:29.782,37726,142.69,245.0,0.0,0.0,102.3,0,0
20:05:29.858,37826,142.66,245.0,0.0,0.0,102.33,0,0
20:05:29.958,37926,142.61,245.0,0.0,0.0,102.38,0,0
20:05:30.058,38026,142.57,245.0,0.0,0.0,102.42,0,0
20:05:30.159,38126,142.53,245.0,0.0,0.0,102.46,0,0
20:05:30.261,38226,142.5,245.0,0.0,0.0,102.49,0,0
20:05:30.360,38326,142.45,245.0,0.0,0.0,102.54,0,0
20:05:30.457,38426,142.45,245.0,0.0,0.0,102.54,0,0
20:05:30.559,38526,142.4,245.0,0.0,0.0,102.59,0,0
20:05:30.658,38626,142.35,245.0,0.0,0.0,102.64,0,0
20:05:30.766,38726,142.32,245.0,0.0,0.0,102.67,0,0
20:05:30.860,38826,142.26,245.0,0.0,0.0,102.73,0,0
20:05:30.960,38926,142.21,245.0,0.0,0.0,102.78,0,0
20:05:31.062,39026,142.17,245.0,0.0,0.0,102.82,0,0
20:05:31.158,39126,142.12,245.0,0.0,0.0,102.87,0,0
20:05:31.259,39226,142.08,245.0,0.0,0.0,102.91,0,0
20:05:31.357,39326,142.03,245.0,0.0,0.0,102.96,0,0
20:05:31.471,39426,141.99,245.0,0.0,0.0,103.0,0,0
20:05:31.558,39526,141.99,245.0,0.0,0.0,103.0,0,0
20:05:31.657,39626,141.96,245.0,0.0,0.0,103.03,0,0
20:05:31.756,39726,141.92,245.0,0.0,0.0,103.07,0,0
20:05:31.857,39826,141.87,245.0,0.0,0.0,103.12,0,0
20:05:31.960,39926,141.83,245.0,0.0,0.0,103.16,0,0
20:05:32.058,40026,141.78,245.0,0.0,0.0,103.21,0,0
20:05:32.157,40126,141.74,245.0,0.0,0.0,103.25,0,0
20:05:32.260,40226,141.71,245.0,0.0,0.0,103.28,0,0
20:05:32.357,40326,141.67,245.0,0.0,0.0,103.32,0,0
20:05:32.458,40426,141.67,245.0,0.0,0.0,103.32,0,0
20:05:32.560,40526,141.67,245.0,0.0,0.0,103.32,0,0
20:05:32.657,40626,141.62,245.0,0.0,0.0,103.37,0,0
20:05:32.757,40726,141.57,245.0,0.0,0.0,103.42,0,0
20:05:32.857,40826,141.53,245.0,0.0,0.0,103.46,0,0
20:05:32.957,40926,141.49,245.0,0.0,0.0,103.5,0,0
20:05:33.058,41026,141.44,245.0,0.0,0.0,103.55,0,0
20:05:33.165,41126,141.4,245.0,0.0,0.0,103.59,0,0
20:05:33.260,41226,141.36,245.0,0.0,0.0,103.63,0,0
20:05:33.358,41326,141.32,245.0,0.0,0.0,103.67,0,0
20:05:33.457,41426,141.26,245.0,0.0,0.0,103.73,0,0
20:05:33.558,41526,141.26,245.0,0.0,0.0,103.73,0,0
20:05:33.658,41626,141.26,245.0,0.0,0.0,103.73,0,0
20:05:33.756,41726,141.2,245.0,0.0,0.0,103.79,0,0
20:05:33.857,41826,141.16,245.0,0.0,0.0,103.83,0,0
20:05:33.956,41926,141.11,245.0,0.0,0.0,103.88,0,0
20:05:34.059,42026,141.06,245.0,0.0,0.0,103.93,0,0
20:05:34.158,42126,141.06,245.0,0.0,0.0,103.93,0,0
20:05:34.256,42226,141.0,245.0,0.0,0.0,103.99,0,0
20:05:34.358,42326,140.96,245.0,0.0,0.0,104.03,0,0
20:05:34.456,42426,140.91,245.0,0.0,0.0,104.08,0,0
20:05:34.559,42526,140.86,245.0,0.0,0.0,104.13,0,0
20:05:34.657,42626,140.82,245.0,0.0,0.0,104.17,0,0
20:05:34.758,42726,140.77,245.0,0.0,0.0,104.22,0,0
20:05:34.874,42826,140.73,245.0,0.0,0.0,104.26,0,0
20:05:34.957,42926,140.7,245.0,0.0,0.0,104.29,0,0
20:05:35.057,43026,140.64,245.0,0.0,0.0,104.35,0,0
20:05:35.157,43126,140.61,245.0,0.0,0.0,104.38,0,0
20:05:35.257,43226,140.57,245.0,0.0,0.0,104.42,0,0
20:05:35.357,43326,140.52,245.0,0.0,0.0,104.47,0,0
20:05:35.461,43426,140.5,245.0,0.0,0.0,104.49,0,0
20:05:35.559,43526,140.5,245.0,0.0,0.0,104.49,0,0
20:05:35.656,43626,140.5,245.0,0.0,0.0,104.49,0,0
20:05:35.756,43726,140.5,245.0,0.0,0.0,104.49,0,0
20:05:35.858,43826,140.43,245.0,0.0,0.0,104.56,0,0
20:05:35.957,43926,140.39,245.0,0.0,0.0,104.6,0,0
20:05:36.057,44026,140.34,245.0,0.0,0.0,104.65,0,0
20:05:36.156,44126,140.3,245.0,0.0,0.0,104.69,0,0
20:05:36.256,44226,140.27,245.0,0.0,0.0,104.72,0,0
20:05:36.357,44326,140.24,245.0,0.0,0.0,104.75,0,0
20:05:36.457,44426,140.2,245.0,0.0,0.0,104.79,0,0
20:05:36.581,44526,140.16,245.0,0.0,0.0,104.83,0,0
20:05:36.657,44626,140.16,245.0,0.0,0.0,104.83,0,0
20:05:36.756,44726,140.16,245.0,0.0,0.0,104.83,0,0
20:05:36.864,44826,140.09,245.0,0.0,0.0,104.9,0,0
20:05:36.957,44926,140.05,245.0,0.0,0.0,104.94,0,0
20:05:37.058,45026,140.0,245.0,0.0,0.0,104.99,0,0
20:05:37.164,45126,139.94,245.0,0.0,0.0,105.05,0,0
20:05:37.256,45226,139.94,245.0,0.0,0.0,105.05,0,0
20:05:37.357,45326,139.9,245.0,0.0,0.0,105.09,0,0
20:05:37.456,45426,139.86,245.0,0.0,0.0,105.13,0,0
20:05:37.561,45526,139.81,245.0,0.0,0.0,105.18,0,0
20:05:37.657,45626,139.76,245.0,0.0,0.0,105.23,0,0
20:05:37.761,45726,139.72,245.0,0.0,0.0,105.27,0,0
20:05:37.856,45826,139.72,245.0,0.0,0.0,105.27,0,0
20:05:37.958,45926,139.68,245.0,0.0,0.0,105.31,0,0
20:05:38.058,46026,139.64,245.0,0.0,0.0,105.35,0,0
20:05:38.156,46126,139.58,245.0,0.0,0.0,105.41,0,0
20:05:38.258,46226,139.52,245.0,0.0,0.0,105.47,0,0
20:05:38.358,46326,139.48,245.0,0.0,0.0,105.51,0,0
20:05:38.457,46426,139.44,245.0,0.0,0.0,105.55,0,0
20:05:38.558,46526,139.4,245.0,0.0,0.0,105.59,0,0
20:05:38.656,46626,139.37,245.0,0.0,0.0,105.62,0,0
20:05:38.756,46726,139.37,245.0,0.0,0.0,105.62,0,0
20:05:38.887,46826,139.37,245.0,0.0,0.0,105.62,0,0
20:05:38.956,46926,139.31,245.0,0.0,0.0,105.68,0,0
20:05:39.058,47026,139.25,245.0,0.0,0.0,105.74,0,0
20:05:39.156,47126,139.21,245.0,0.0,0.0,105.78,0,0
20:05:39.255,47226,139.17,245.0,0.0,0.0,105.82,0,0
20:05:39.357,47326,139.13,245.0,0.0,0.0,105.86,0,0
20:05:39.475,47426,139.08,245.0,0.0,0.0,105.91,0,0
20:05:39.555,47526,139.03,245.0,0.0,0.0,105.96,0,0
20:05:39.656,47626,138.99,245.0,0.0,0.0,106.0,0,0
20:05:39.755,47726,138.95,245.0,0.0,0.0,106.04,0,0
20:05:39.857,47826,138.9,245.0,0.0,0.0,106.09,0,0
20:05:39.955,47926,138.9,245.0,0.0,0.0,106.09,0,0
20:05:40.124,48026,138.86,245.0,0.0,0.0,106.13,0,0
20:05:40.155,48126,138.81,245.0,0.0,0.0,106.18,0,0
20:05:40.256,48226,138.77,245.0,0.0,0.0,106.22,0,0
20:05:40.366,48326,138.72,245.0,0.0,0.0,106.27,0,0
20:05:40.456,48426,138.68,245.0,0.0,0.0,106.31,0,0
20:05:40.555,48526,138.66,245.0,0.0,0.0,106.33,0,0
20:05:40.655,48626,138.62,245.0,0.0,0.0,106.37,0,0
20:05:40.762,48726,138.59,245.0,0.0,0.0,106.4,0,0
20:05:40.872,48826,138.55,245.0,0.0,0.0,106.44,0,0
20:05:40.971,48926,138.51,245.0,0.0,0.0,106.48,0,0
20:05:41.064,49026,138.51,245.0,0.0,0.0,106.48,0,0
20:05:41.170,49126,138.46,245.0,0.0,0.0,106.53,0,0
20:05:41.299,49226,138.42,245.0,0.0,0.0,106.57,0,0
20:05:41.356,49326,138.36,245.0,0.0,0.0,106.63,0,0
20:05:41.455,49426,138.32,245.0,0.0,0.0,106.67,0,0
20:05:41.555,49526,138.28,245.0,0.0,0.0,106.71,0,0
20:05:41.655,49626,138.24,245.0,0.0,0.0,106.75,0,0
20:05:41.755,49726,138.2,245.0,0.0,0.0,106.79,0,0
20:05:41.880,49826,138.15,245.0,0.0,0.0,106.84,0,0
20:05:41.956,49926,138.15,245.0,0.0,0.0,106.84,0,0
20:05:42.055,50026,138.15,245.0,0.0,0.0,106.84,0,0
20:05:42.156,50126,138.12,245.0,0.0,0.0,106.87,0,0
20:05:42.255,50226,138.07,245.0,0.0,0.0,106.92,0,0
20:05:42.365,50326,138.03,245.0,0.0,0.0,106.96,0,0
20:05:42.470,50426,138.03,245.0,0.0,0.0,106.96,0,0
20:05:42.554,50526,138.03,245.0,0.0,0.0,106.96,0,0
20:05:42.655,50626,137.98,245.0,0.0,0.0,107.01,0,0
20:05:42.770,50726,137.94,245.0,0.0,0.0,107.05,0,0
20:05:42.866,50826,137.9,245.0,0.0,0.0,107.09,0,0
20:05:42.962,50926,137.86,245.0,0.0,0.0,107.13,0,0
20:05:43.083,51026,137.82,245.0,0.0,0.0,107.17,0,0
20:05:43.158,51126,137.78,245.0,0.0,0.0,107.21,0,0
20:05:43.268,51226,137.74,245.0,0.0,0.0,107.25,0,0
20:05:43.357,51326,137.7,245.0,0.0,0.0,107.29,0,0
20:05:43.454,51426,137.66,245.0,0.0,0.0,107.33,0,0
20:05:43.554,51526,137.61,245.0,0.0,0.0,107.38,0,0
20:05:43.660,51626,137.57,245.0,0.0,0.0,107.42,0,0
20:05:43.755,51726,137.52,245.0,0.0,0.0,107.47,0,0
20:05:43.854,51826,137.48,245.0,0.0,0.0,107.51,0,0
20:05:43.961,51926,137.43,245.0,0.0,0.0,107.56,0,0
20:05:44.054,52026,137.43,245.0,0.0,0.0,107.56,0,0
20:05:44.154,52126,137.43,245.0,0.0,0.0,107.56,0,0
20:05:44.254,52226,137.37,245.0,0.0,0.0,107.62,0,0
20:05:44.355,52326,137.33,245.0,0.0,0.0,107.66,0,0
20:05:44.455,52426,137.28,245.0,0.0,0.0,107.71,0,0
20:05:44.557,52526,137.23,245.0,0.0,0.0,107.76,0,0
20:05:44.656,52626,137.19,245.0,0.0,0.0,107.8,0,0
20:05:44.755,52726,137.16,245.0,0.0,0.0,107.83,0,0
20:05:44.853,52826,137.13,245.0,0.0,0.0,107.86,0,0
20:05:44.953,52926,137.09,245.0,0.0,0.0,107.9,0,0
20:05:45.055,53026,137.06,245.0,0.0,0.0,107.93,0,0
20:05:45.156,53126,137.02,245.0,0.0,0.0,107.97,0,0
20:05:45.254,53226,137.02,245.0,0.0,0.0,107.97,0,0
20:05:45.386,53326,136.99,245.0,0.0,0.0,108.0,0,0
20:05:45.454,53426,136.94,245.0,0.0,0.0,108.05,0,0
20:05:45.558,53526,136.88,245.0,0.0,0.0,108.11,0,0
20:05:45.658,53626,136.84,245.0,0.0,0.0,108.15,0,0
20:05:45.754,53726,136.79,245.0,0.0,0.0,108.2,0,0
20:05:45.856,53826,136.75,245.0,0.0,0.0,108.24,0,0
20:05:45.962,53926,136.71,245.0,0.0,0.0,108.28,0,0
20:05:46.053,54026,136.67,245.0,0.0,0.0,108.32,0,0
20:05:46.155,54126,136.67,245.0,0.0,0.0,108.32,0,0
20:05:46.260,54226,136.67,245.0,0.0,0.0,108.32,0,0
20:05:46.357,54326,136.64,245.0,0.0,0.0,108.35,0,0
20:05:46.455,54426,136.61,245.0,0.0,0.0,108.38,0,0
20:05:46.558,54526,136.56,245.0,0.0,0.0,108.43,0,0
20:05:46.659,54626,136.51,245.0,0.0,0.0,108.48,0,0
20:05:46.753,54726,136.47,245.0,0.0,0.0,108.52,0,0
20:05:46.865,54826,136.45,245.0,0.0,0.0,108.54,0,0
20:05:46.957,54926,136.41,245.0,0.0,0.0,108.58,0,0
20:05:47.063,55026,136.38,245.0,0.0,0.0,108.61,0,0
20:05:47.154,55126,136.34,245.0,0.0,0.0,108.65,0,0
20:05:47.254,55226,136.34,245.0,0.0,0.0,108.65,0,0
20:05:47.354,55326,136.32,245.0,0.0,0.0,108.67,0,0
20:05:47.454,55426,136.28,245.0,0.0,0.0,108.71,0,0
20:05:47.559,55526,136.23,245.0,0.0,0.0,108.76,0,0
20:05:47.653,55626,136.23,245.0,0.0,0.0,108.76,0,0
20:05:47.756,55726,136.23,245.0,0.0,0.0,108.76,0,0
20:05:47.853,55826,136.18,245.0,0.0,0.0,108.81,0,0
20:05:47.956,55926,136.13,245.0,0.0,0.0,108.86,0,0
20:05:48.055,56026,136.09,245.0,0.0,0.0,108.9,0,0
20:05:48.156,56126,136.05,245.0,0.0,0.0,108.94,0,0
20:05:48.252,56226,136.05,245.0,0.0,0.0,108.94,0,0
20:05:48.353,56326,136.05,245.0,0.0,0.0,108.94,0,0
20:05:48.454,56426,136.01,245.0,0.0,0.0,108.98,0,0
20:05:48.553,56526,135.96,245.0,0.0,0.0,109.03,0,0
20:05:48.657,56626,135.91,245.0,0.0,0.0,109.08,0,0
20:05:48.786,56726,135.88,245.0,0.0,0.0,109.11,0,0
20:05:48.858,56826,135.84,245.0,0.0,0.0,109.15,0,0
20:05:48.954,56926,135.79,245.0,0.0,0.0,109.2,0,0
20:05:49.053,57026,135.76,245.0,0.0,0.0,109.23,0,0
20:05:49.157,57126,135.71,245.0,0.0,0.0,109.28,0,0
20:05:49.254,57226,135.71,245.0,0.0,0.0,109.28,0,0
20:05:49.360,57326,135.71,245.0,0.0,0.0,109.28,0,0
20:05:49.456,57426,135.66,245.0,0.0,0.0,109.33,0,0
20:05:49.561,57526,135.62,245.0,0.0,0.0,109.37,0,0
20:05:49.658,57626,135.58,245.0,0.0,0.0,109.41,0,0
20:05:49.753,57726,135.51,245.0,0.0,0.0,109.48,0,0
20:05:49.853,57826,135.48,245.0,0.0,0.0,109.51,0,0
20:05:49.954,57926,135.44,245.0,0.0,0.0,109.55,0,0
20:05:50.052,58026,135.4,245.0,0.0,0.0,109.59,0,0
20:05:50.154,58126,135.37,245.0,0.0,0.0,109.62,0,0
20:05:50.254,58226,135.32,245.0,0.0,0.0,109.67,0,0
20:05:50.352,58326,135.32,245.0,0.0,0.0,109.67,0,0
20:05:50.498,58426,135.32,245.0,0.0,0.0,109.67,0,0
20:05:50.553,58526,135.29,245.0,0.0,0.0,109.7,0,0
20:05:50.655,58626,135.25,245.0,0.0,0.0,109.74,0,0
20:05:50.753,58726,135.25,245.0,0.0,0.0,109.74,0,0
20:05:50.852,58826,135.25,245.0,0.0,0.0,109.74,0,0
20:05:50.953,58926,135.19,245.0,0.0,0.0,109.8,0,0
20:05:51.061,59026,135.19,245.0,0.0,0.0,109.8,0,0
20:05:51.155,59126,135.19,245.0,0.0,0.0,109.8,0,0
20:05:51.252,59226,135.13,245.0,0.0,0.0,109.86,0,0
20:05:51.352,59326,135.08,245.0,0.0,0.0,109.91,0,0
20:05:51.454,59426,135.02,245.0,0.0,0.0,109.97,0,0
20:05:51.554,59526,134.97,245.0,0.0,0.0,110.02,0,0
20:05:51.652,59626,134.91,245.0,0.0,0.0,110.08,0,0
20:05:51.753,59726,134.87,245.0,0.0,0.0,110.12,0,0
20:05:51.852,59826,134.81,245.0,0.0,0.0,110.18,0,0
20:05:51.953,59926,134.77,245.0,0.0,0.0,110.22,0,0
20:05:52.061,60026,134.73,245.0,0.0,0.0,110.26,0,0
20:05:52.152,60126,134.69,245.0,0.0,0.0,110.3,0,0
20:05:52.253,60226,134.65,245.0,0.0,0.0,110.34,0,0
20:05:52.352,60326,134.59,245.0,0.0,0.0,110.4,0,0
20:05:52.453,60426,134.59,245.0,0.0,0.0,110.4,0,0
20:05:52.552,60526,134.59,245.0,0.0,0.0,110.4,0,0
20:05:52.655,60626,134.52,245.0,0.0,0.0,110.47,0,0
20:05:52.792,60726,134.49,245.0,0.0,0.0,110.5,0,0
20:05:52.852,60826,134.44,245.0,0.0,0.0,110.55,0,0
20:05:52.954,60926,134.39,245.0,0.0,0.0,110.6,0,0
20:05:53.054,61026,134.36,245.0,0.0,0.0,110.63,0,0
20:05:53.155,61126,134.32,245.0,0.0,0.0,110.67,0,0
20:05:53.253,61226,134.29,245.0,0.0,0.0,110.7,0,0
20:05:53.363,61326,134.24,245.0,0.0,0.0,110.75,0,0
20:05:53.453,61426,134.24,245.0,0.0,0.0,110.75,0,0
20:05:53.553,61526,134.24,245.0,0.0,0.0,110.75,0,0
20:05:53.654,61626,134.2,245.0,0.0,0.0,110.79,0,0
20:05:53.759,61726,134.16,245.0,0.0,0.0,110.83,0,0
20:05:53.867,61826,134.11,245.0,0.0,0.0,110.88,0,0
20:05:53.972,61926,134.06,245.0,0.0,0.0,110.93,0,0
20:05:54.058,62026,134.06,245.0,0.0,0.0,110.93,0,0
20:05:54.152,62126,134.01,245.0,0.0,0.0,110.98,0,0
20:05:54.252,62226,134.01,245.0,0.0,0.0,110.98,0,0
20:05:54.351,62326,134.01,245.0,0.0,0.0,110.98,0,0
20:05:54.454,62426,134.01,245.0,0.0,0.0,110.98,0,0
20:05:54.578,62526,133.96,245.0,0.0,0.0,111.03,0,0
20:05:54.655,62626,133.96,245.0,0.0,0.0,111.03,0,0
20:05:54.753,62726,133.88,245.0,0.0,0.0,111.11,0,0
20:05:54.853,62826,133.81,245.0,0.0,0.0,111.18,0,0
20:05:54.955,62926,133.76,245.0,0.0,0.0,111.23,0,0
20:05:55.052,63026,133.71,245.0,0.0,0.0,111.28,0,0
20:05:55.155,63126,133.65,245.0,0.0,0.0,111.34,0,0
20:05:55.253,63226,133.62,245.0,0.0,0.0,111.37,0,0
20:05:55.352,63326,133.57,245.0,0.0,0.0,111.42,0,0
20:05:55.453,63426,133.53,245.0,0.0,0.0,111.46,0,0
20:05:55.551,63526,133.53,245.0,0.0,0.0,111.46,0,0
20:05:55.652,63626,133.53,245.0,0.0,0.0,111.46,0,0
20:05:55.751,63726,133.5,245.0,0.0,0.0,111.49,0,0
20:05:55.853,63826,133.46,245.0,0.0,0.0,111.53,0,0
20:05:55.954,63926,133.46,245.0,0.0,0.0,111.53,0,0
20:05:56.052,64026,133.4,245.0,0.0,0.0,111.59,0,0
20:05:56.151,64126,133.35,245.0,0.0,0.0,111.64,0,0
20:05:56.271,64226,133.3,245.0,0.0,0.0,111.69,0,0
20:05:56.357,64326,133.26,245.0,0.0,0.0,111.73,0,0
20:05:56.453,64426,133.2,245.0,0.0,0.0,111.79,0,0
20:05:56.552,64526,133.16,245.0,0.0,0.0,111.83,0,0
20:05:56.652,64626,133.12,245.0,0.0,0.0,111.87,0,0
20:05:56.752,64726,133.06,245.0,0.0,0.0,111.93,0,0
20:05:56.856,64826,133.06,245.0,0.0,0.0,111.93,0,0
20:05:56.953,64926,133.01,245.0,0.0,0.0,111.98,0,0
20:05:57.052,65026,132.95,245.0,0.0,0.0,112.04,0,0
20:05:57.156,65126,132.95,245.0,0.0,0.0,112.04,0,0
20:05:57.253,65226,132.89,245.0,0.0,0.0,112.1,0,0
20:05:57.356,65326,132.89,245.0,0.0,0.0,112.1,0,0
20:05:57.456,65426,132.89,245.0,0.0,0.0,112.1,0,0
20:05:57.552,65526,132.84,245.0,0.0,0.0,112.15,0,0
20:05:57.652,65626,132.79,245.0,0.0,0.0,112.2,0,0
20:05:57.751,65726,132.73,245.0,0.0,0.0,112.26,0,0
20:05:57.854,65826,132.73,245.0,0.0,0.0,112.26,0,0
20:05:57.954,65926,132.68,245.0,0.0,0.0,112.31,0,0
20:05:58.052,66026,132.63,245.0,0.0,0.0,112.36,0,0
20:05:58.172,66126,132.56,245.0,0.0,0.0,112.43,0,0
20:05:58.269,66226,132.51,245.0,0.0,0.0,112.48,0,0
20:05:58.358,66326,132.47,245.0,0.0,0.0,112.52,0,0
20:05:58.453,66426,132.42,245.0,0.0,0.0,112.57,0,0
20:05:58.568,66526,132.39,245.0,0.0,0.0,112.6,0,0
20:05:58.651,66626,132.35,245.0,0.0,0.0,112.64,0,0
20:05:58.752,66726,132.35,245.0,0.0,0.0,112.64,0,0
20:05:58.852,66826,132.35,245.0,0.0,0.0,112.64,0,0
20:05:58.952,66926,132.31,245.0,0.0,0.0,112.68,0,0
20:05:59.053,67026,132.26,245.0,0.0,0.0,112.73,0,0
20:05:59.155,67126,132.22,245.0,0.0,0.0,112.77,0,0
20:05:59.252,67226,132.19,245.0,0.0,0.0,112.8,0,0
20:05:59.350,67326,132.15,245.0,0.0,0.0,112.84,0,0
20:05:59.455,67426,132.12,245.0,0.0,0.0,112.87,0,0
20:05:59.554,67526,132.08,245.0,0.0,0.0,112.91,0,0
20:05:59.649,67626,132.01,245.0,0.0,0.0,112.98,0,0
20:05:59.752,67726,132.01,245.0,0.0,0.0,112.98,0,0
20:05:59.853,67826,132.01,245.0,0.0,0.0,112.98,0,0
20:05:59.952,67926,131.97,245.0,0.0,0.0,113.02,0,0
20:06:00.055,68026,131.93,245.0,0.0,0.0,113.06,0,0
20:06:00.150,68126,131.89,245.0,0.0,0.0,113.1,0,0
20:06:00.269,68226,131.85,245.0,0.0,0.0,113.14,0,0
20:06:00.350,68326,131.82,245.0,0.0,0.0,113.17,0,0
20:06:00.451,68426,131.78,245.0,0.0,0.0,113.21,0,0
20:06:00.550,68526,131.74,245.0,0.0,0.0,113.25,0,0
20:06:00.651,68626,131.7,245.0,0.0,0.0,113.29,0,0
20:06:00.754,68726,131.67,245.0,0.0,0.0,113.32,0,0
20:06:00.857,68826,131.67,245.0,0.0,0.0,113.32,0,0
20:06:00.950,68926,131.67,245.0,0.0,0.0,113.32,0,0
20:06:01.050,69026,131.62,245.0,0.0,0.0,113.37,0,0
20:06:01.150,69126,131.57,245.0,0.0,0.0,113.42,0,0
20:06:01.249,69226,131.53,245.0,0.0,0.0,113.46,0,0
20:06:01.350,69326,131.49,245.0,0.0,0.0,113.5,0,0
20:06:01.552,69526,131.45,245.0,0.0,0.0,113.54,0,0
20:06:01.650,69626,131.41,245.0,0.0,0.0,113.58,0,0
20:06:01.751,69726,131.37,245.0,0.0,0.0,113.62,0,0
20:06:01.849,69826,131.34,245.0,0.0,0.0,113.65,0,0
20:06:01.975,69926,131.29,245.0,0.0,0.0,113.7,0,0
20:06:02.051,70026,131.25,245.0,0.0,0.0,113.74,0,0
20:06:02.151,70126,131.21,245.0,0.0,0.0,113.78,0,0
20:06:02.253,70226,131.18,245.0,0.0,0.0,113.81,0,0
20:06:02.350,70326,131.12,245.0,0.0,0.0,113.87,0,0
20:06:02.449,70426,131.09,245.0,0.0,0.0,113.9,0,0
20:06:02.550,70526,131.05,245.0,0.0,0.0,113.94,0,0
20:06:02.655,70626,131.01,245.0,0.0,0.0,113.98,0,0
20:06:02.751,70726,130.98,245.0,0.0,0.0,114.01,0,0
20:06:02.851,70826,130.93,245.0,0.0,0.0,114.06,0,0
20:06:02.948,70926,130.93,245.0,0.0,0.0,114.06,0,0
20:06:03.052,71026,130.93,245.0,0.0,0.0,114.06,0,0
20:06:03.149,71126,130.9,245.0,0.0,0.0,114.09,0,0
20:06:03.258,71226,130.84,245.0,0.0,0.0,114.15,0,0
20:06:03.352,71326,130.81,245.0,0.0,0.0,114.18,0,0
20:06:03.450,71426,130.77,245.0,0.0,0.0,114.22,0,0
20:06:03.550,71526,130.73,245.0,0.0,0.0,114.26,0,0
20:06:03.672,71626,130.69,245.0,0.0,0.0,114.3,0,0
20:06:03.761,71726,130.65,245.0,0.0,0.0,114.34,0,0
20:06:03.850,71826,130.62,245.0,0.0,0.0,114.37,0,0
20:06:03.949,71926,130.59,245.0,0.0,0.0,114.4,0,0
20:06:04.051,72026,130.56,245.0,0.0,0.0,114.43,0,0
20:06:04.152,72126,130.51,245.0,0.0,0.0,114.48,0,0
20:06:04.255,72226,130.48,245.0,0.0,0.0,114.51,0,0
20:06:04.352,72326,130.45,245.0,0.0,0.0,114.54,0,0
20:06:04.450,72426,130.45,245.0,0.0,0.0,114.54,0,0
20:06:04.550,72526,130.42,245.0,0.0,0.0,114.57,0,0
20:06:04.654,72626,130.37,245.0,0.0,0.0,114.62,0,0
20:06:04.749,72726,130.33,245.0,0.0,0.0,114.66,0,0
20:06:04.861,72826,130.3,245.0,0.0,0.0,114.69,0,0
20:06:04.949,72926,130.26,245.0,0.0,0.0,114.73,0,0
20:06:05.051,73026,130.26,245.0,0.0,0.0,114.73,0,0
20:06:05.149,73126,130.26,245.0,0.0,0.0,114.73,0,0
20:06:05.248,73226,130.23,245.0,0.0,0.0,114.76,0,0
20:06:05.349,73326,130.18,245.0,0.0,0.0,114.81,0,0
20:06:05.450,73426,130.18,245.0,0.0,0.0,114.81,0,0
20:06:05.552,73526,130.12,245.0,0.0,0.0,114.87,0,0
20:06:05.649,73626,130.1,245.0,0.0,0.0,114.89,0,0
20:06:05.752,73726,130.05,245.0,0.0,0.0,114.94,0,0
20:06:05.850,73826,130.01,245.0,0.0,0.0,114.98,0,0
20:06:05.949,73926,129.97,245.0,0.0,0.0,115.02,0,0
20:06:06.053,74026,129.97,245.0,0.0,0.0,115.02,0,0
20:06:06.150,74126,129.97,245.0,0.0,0.0,115.02,0,0
20:06:06.249,74226,129.93,245.0,0.0,0.0,115.06,0,0
20:06:06.350,74326,129.87,245.0,0.0,0.0,115.12,0,0
20:06:06.449,74426,129.83,245.0,0.0,0.0,115.16,0,0
20:06:06.553,74526,129.79,245.0,0.0,0.0,115.2,0,0
20:06:06.664,74626,129.74,245.0,0.0,0.0,115.25,0,0
20:06:06.755,74726,129.7,245.0,0.0,0.0,115.29,0,0
20:06:06.859,74826,129.65,245.0,0.0,0.0,115.34,0,0
20:06:06.956,74926,129.62,245.0,0.0,0.0,115.37,0,0
20:06:07.054,75026,129.59,245.0,0.0,0.0,115.4,0,0
20:06:07.157,75126,129.59,245.0,0.0,0.0,115.4,0,0
20:06:07.248,75226,129.59,245.0,0.0,0.0,115.4,0,0
20:06:07.350,75326,129.56,245.0,0.0,0.0,115.43,0,0
20:06:07.454,75426,129.53,245.0,0.0,0.0,115.46,0,0
20:06:07.548,75526,129.48,245.0,0.0,0.0,115.51,0,0
20:06:07.651,75626,129.43,245.0,0.0,0.0,115.56,0,0
20:06:07.749,75726,129.4,245.0,0.0,0.0,115.59,0,0
20:06:07.849,75826,129.36,245.0,0.0,0.0,115.63,0,0
20:06:07.953,75926,129.32,245.0,0.0,0.0,115.67,0,0
20:06:08.053,76026,129.29,245.0,0.0,0.0,115.7,0,0
20:06:08.151,76126,129.29,245.0,0.0,0.0,115.7,0,0
20:06:08.264,76226,129.29,245.0,0.0,0.0,115.7,0,0
20:06:08.348,76326,129.24,245.0,0.0,0.0,115.75,0,0
20:06:08.449,76426,129.2,245.0,0.0,0.0,115.79,0,0
20:06:08.547,76526,129.15,245.0,0.0,0.0,115.84,0,0
20:06:08.650,76626,129.11,245.0,0.0,0.0,115.88,0,0
20:06:08.748,76726,129.05,245.0,0.0,0.0,115.94,0,0
20:06:08.848,76826,129.0,245.0,0.0,0.0,115.99,0,0
20:06:08.954,76926,128.95,245.0,0.0,0.0,116.04,0,0
20:06:09.050,77026,128.9,245.0,0.0,0.0,116.09,0,0
20:06:09.158,77126,128.87,245.0,0.0,0.0,116.12,0,0
20:06:09.248,77226,128.84,245.0,0.0,0.0,116.15,0,0
20:06:09.349,77326,128.84,245.0,0.0,0.0,116.15,0,0
20:06:09.454,77426,128.81,245.0,0.0,0.0,116.18,0,0
20:06:09.554,77526,128.77,245.0,0.0,0.0,116.22,0,0
20:06:09.648,77626,128.73,245.0,0.0,0.0,116.26,0,0
20:06:09.749,77726,128.68,245.0,0.0,0.0,116.31,0,0
20:06:09.851,77826,128.64,245.0,0.0,0.0,116.35,0,0
20:06:09.964,77926,128.61,245.0,0.0,0.0,116.38,0,0
20:06:10.050,78026,128.59,245.0,0.0,0.0,116.4,0,0
20:06:10.156,78126,128.54,245.0,0.0,0.0,116.45,0,0
20:06:10.249,78226,128.5,245.0,0.0,0.0,116.49,0,0
20:06:10.348,78326,128.5,245.0,0.0,0.0,116.49,0,0
20:06:10.449,78426,128.5,245.0,0.0,0.0,116.49,0,0
20:06:10.558,78526,128.47,245.0,0.0,0.0,116.52,0,0
20:06:10.648,78626,128.43,245.0,0.0,0.0,116.56,0,0
20:06:10.748,78726,128.43,245.0,0.0,0.0,116.56,0,0
20:06:10.849,78826,128.43,245.0,0.0,0.0,116.56,0,0
20:06:10.954,78926,128.38,245.0,0.0,0.0,116.61,0,0
20:06:11.047,79026,128.33,245.0,0.0,0.0,116.66,0,0
20:06:11.147,79126,128.31,245.0,0.0,0.0,116.68,0,0
20:06:11.248,79226,128.24,245.0,0.0,0.0,116.75,0,0
20:06:11.352,79326,128.24,245.0,0.0,0.0,116.75,0,0
20:06:11.450,79426,128.24,245.0,0.0,0.0,116.75,0,0
20:06:11.552,79526,128.2,245.0,0.0,0.0,116.79,0,0
20:06:11.666,79626,128.15,245.0,0.0,0.0,116.84,0,0
20:06:11.748,79726,128.1,245.0,0.0,0.0,116.89,0,0
20:06:11.848,79826,128.05,245.0,0.0,0.0,116.94,0,0
20:06:11.947,79926,127.99,245.0,0.0,0.0,117.0,0,0
20:06:12.051,80026,127.97,245.0,0.0,0.0,117.02,0,0
20:06:12.147,80126,127.92,245.0,0.0,0.0,117.07,0,0
20:06:12.252,80226,127.88,245.0,0.0,0.0,117.11,0,0
20:06:12.350,80326,127.83,245.0,0.0,0.0,117.16,0,0
20:06:12.447,80426,127.79,245.0,0.0,0.0,117.2,0,0
20:06:12.547,80526,127.75,245.0,0.0,0.0,117.24,0,0
20:06:12.649,80626,127.72,245.0,0.0,0.0,117.27,0,0
20:06:12.747,80726,127.68,245.0,0.0,0.0,117.31,0,0
20:06:12.851,80826,127.63,245.0,0.0,0.0,117.36,0,0
20:06:12.946,80926,127.6,245.0,0.0,0.0,117.39,0,0
20:06:13.050,81026,127.56,245.0,0.0,0.0,117.43,0,0
20:06:13.147,81126,127.52,245.0,0.0,0.0,117.47,0,0
20:06:13.247,81226,127.48,245.0,0.0,0.0,117.51,0,0
20:06:13.371,81326,127.43,245.0,0.0,0.0,117.56,0,0
20:06:13.448,81426,127.43,245.0,0.0,0.0,117.56,0,0
20:06:13.547,81526,127.43,245.0,0.0,0.0,117.56,0,0
20:06:13.649,81626,127.41,245.0,0.0,0.0,117.58,0,0
20:06:13.758,81726,127.38,245.0,0.0,0.0,117.61,0,0
20:06:13.850,81826,127.38,245.0,0.0,0.0,117.61,0,0
20:06:13.953,81926,127.32,245.0,0.0,0.0,117.67,0,0
20:06:14.048,82026,127.32,245.0,0.0,0.0,117.67,0,0
20:06:14.150,82126,127.27,245.0,0.0,0.0,117.72,0,0
20:06:14.247,82226,127.27,245.0,0.0,0.0,117.72,0,0
20:06:14.355,82326,127.27,245.0,0.0,0.0,117.72,0,0
20:06:14.447,82426,127.21,245.0,0.0,0.0,117.78,0,0
20:06:14.553,82526,127.21,245.0,0.0,0.0,117.78,0,0
20:06:14.648,82626,127.21,245.0,0.0,0.0,117.78,0,0
20:06:14.747,82726,127.17,245.0,0.0,0.0,117.82,0,0
20:06:14.850,82826,127.12,245.0,0.0,0.0,117.87,0,0
20:06:14.947,82926,127.07,245.0,0.0,0.0,117.92,0,0
20:06:15.071,83026,127.07,245.0,0.0,0.0,117.92,0,0
20:06:15.150,83126,127.01,245.0,0.0,0.0,117.98,0,0
20:06:15.252,83226,126.97,245.0,0.0,0.0,118.02,0,0
20:06:15.349,83326,126.93,245.0,0.0,0.0,118.06,0,0
20:06:15.447,83426,126.88,245.0,0.0,0.0,118.11,0,0
20:06:15.552,83526,126.85,245.0,0.0,0.0,118.14,0,0
20:06:15.647,83626,126.79,245.0,0.0,0.0,118.2,0,0
20:06:15.748,83726,126.75,245.0,0.0,0.0,118.24,0,0
20:06:15.848,83826,126.72,245.0,0.0,0.0,118.27,0,0
20:06:15.946,83926,126.72,245.0,0.0,0.0,118.27,0,0
20:06:16.046,84026,126.69,245.0,0.0,0.0,118.3,0,0
20:06:16.155,84126,126.65,245.0,0.0,0.0,118.34,0,0
20:06:16.246,84226,126.61,245.0,0.0,0.0,118.38,0,0
20:06:16.345,84326,126.57,245.0,0.0,0.0,118.42,0,0
20:06:16.453,84426,126.54,245.0,0.0,0.0,118.45,0,0
20:06:16.546,84526,126.54,245.0,0.0,0.0,118.45,0,0
20:06:16.648,84626,126.54,245.0,0.0,0.0,118.45,0,0
20:06:16.746,84726,126.49,245.0,0.0,0.0,118.5,0,0
20:06:16.849,84826,126.44,245.0,0.0,0.0,118.55,0,0
20:06:16.948,84926,126.39,245.0,0.0,0.0,118.6,0,0
20:06:17.046,85026,126.35,245.0,0.0,0.0,118.64,0,0
20:06:17.149,85126,126.28,245.0,0.0,0.0,118.71,0,0
20:06:17.247,85226,126.25,245.0,0.0,0.0,118.74,0,0
20:06:17.350,85326,126.21,245.0,0.0,0.0,118.78,0,0
20:06:17.446,85426,126.18,245.0,0.0,0.0,118.81,0,0
20:06:17.547,85526,126.14,245.0,0.0,0.0,118.85,0,0
20:06:17.647,85626,126.14,245.0,0.0,0.0,118.85,0,0
20:06:17.746,85726,126.14,245.0,0.0,0.0,118.85,0,0
20:06:17.849,85826,126.08,245.0,0.0,0.0,118.91,0,0
20:06:17.945,85926,126.05,245.0,0.0,0.0,118.94,0,0
20:06:18.049,86026,126.0,245.0,0.0,0.0,118.99,0,0
20:06:18.149,86126,125.95,245.0,0.0,0.0,119.04,0,0
20:06:18.248,86226,125.95,245.0,0.0,0.0,119.04,0,0
20:06:18.349,86326,125.91,245.0,0.0,0.0,119.08,0,0
20:06:18.449,86426,125.91,245.0,0.0,0.0,119.08,0,0
20:06:18.546,86526,125.91,245.0,0.0,0.0,119.08,0,0
20:06:18.646,86626,125.86,245.0,0.0,0.0,119.13,0,0
20:06:18.745,86726,125.86,245.0,0.0,0.0,119.13,0,0
20:06:18.846,86826,125.8,245.0,0.0,0.0,119.19,0,0
20:06:18.954,86926,125.76,245.0,0.0,0.0,119.23,0,0
20:06:19.046,87026,125.72,245.0,0.0,0.0,119.27,0,0
20:06:19.150,87126,125.66,245.0,0.0,0.0,119.33,0,0
20:06:19.251,87226,125.62,245.0,0.0,0.0,119.37,0,0
20:06:19.346,87326,125.57,245.0,0.0,0.0,119.42,0,0
20:06:19.447,87426,125.53,245.0,0.0,0.0,119.46,0,0
20:06:19.560,87526,125.51,245.0,0.0,0.0,119.48,0,0
20:06:19.645,87626,125.46,245.0,0.0,0.0,119.53,0,0
20:06:19.751,87726,125.46,245.0,0.0,0.0,119.53,0,0
20:06:19.850,87826,125.46,245.0,0.0,0.0,119.53,0,0
20:06:19.945,87926,125.42,245.0,0.0,0.0,119.57,0,0
20:06:20.046,88026,125.38,245.0,0.0,0.0,119.61,0,0
20:06:20.148,88126,125.33,245.0,0.0,0.0,119.66,0,0
20:06:20.245,88226,125.28,245.0,0.0,0.0,119.71,0,0
20:06:20.350,88326,125.26,245.0,0.0,0.0,119.73,0,0
20:06:20.448,88426,125.24,245.0,0.0,0.0,119.75,0,0
20:06:20.546,88526,125.22,245.0,0.0,0.0,119.77,0,0
20:06:20.647,88626,125.17,245.0,0.0,0.0,119.82,0,0
20:06:20.746,88726,125.17,245.0,0.0,0.0,119.82,0,0
20:06:20.846,88826,125.17,245.0,0.0,0.0,119.82,0,0
20:06:20.948,88926,125.13,245.0,0.0,0.0,119.86,0,0
20:06:21.045,89026,125.1,245.0,0.0,0.0,119.89,0,0
20:06:21.148,89126,125.07,245.0,0.0,0.0,119.92,0,0
20:06:21.246,89226,125.02,245.0,0.0,0.0,119.97,0,0
20:06:21.346,89326,125.0,245.0,0.0,0.0,119.99,0,0
20:06:21.451,89426,124.97,245.0,0.0,0.0,120.02,0,0
20:06:21.545,89526,124.94,245.0,0.0,0.0,120.05,0,0
20:06:21.648,89626,124.89,245.0,0.0,0.0,120.1,0,0
20:06:21.746,89726,124.89,245.0,0.0,0.0,120.1,0,0
20:06:21.852,89826,124.89,245.0,0.0,0.0,120.1,0,0
20:06:21.945,89926,124.89,245.0,0.0,0.0,120.1,0,0
20:06:22.044,90026,124.83,245.0,0.0,0.0,120.16,0,0
20:06:22.144,90126,124.78,245.0,0.0,0.0,120.21,0,0
20:06:22.247,90226,124.78,245.0,0.0,0.0,120.21,0,0
20:06:22.350,90326,124.73,245.0,0.0,0.0,120.26,0,0
20:06:22.444,90426,124.69,245.0,0.0,0.0,120.3,0,0
20:06:22.545,90526,124.65,245.0,0.0,0.0,120.34,0,0
20:06:22.645,90626,124.62,245.0,0.0,0.0,120.37,0,0
20:06:22.746,90726,124.57,245.0,0.0,0.0,120.42,0,0
20:06:22.850,90826,124.57,245.0,0.0,0.0,120.42,0,0
20:06:22.948,90926,124.57,245.0,0.0,0.0,120.42,0,0
20:06:23.046,91026,124.53,245.0,0.0,0.0,120.46,0,0
20:06:23.149,91126,124.49,245.0,0.0,0.0,120.5,0,0
20:06:23.246,91226,124.45,245.0,0.0,0.0,120.54,0,0
20:06:23.345,91326,124.41,245.0,0.0,0.0,120.58,0,0
20:06:23.447,91426,124.37,245.0,0.0,0.0,120.62,0,0
20:06:23.554,91526,124.34,245.0,0.0,0.0,120.65,0,0
20:06:23.644,91626,124.3,245.0,0.0,0.0,120.69,0,0
20:06:23.745,91726,124.27,245.0,0.0,0.0,120.72,0,0
20:06:23.844,91826,124.22,245.0,0.0,0.0,120.77,0,0
20:06:23.944,91926,124.22,245.0,0.0,0.0,120.77,0,0
20:06:24.046,92026,124.22,245.0,0.0,0.0,120.77,0,0
20:06:24.148,92126,124.2,245.0,0.0,0.0,120.79,0,0
20:06:24.246,92226,124.17,245.0,0.0,0.0,120.82,0,0
20:06:24.345,92326,124.11,245.0,0.0,0.0,120.88,0,0
20:06:24.447,92426,124.06,245.0,0.0,0.0,120.93,0,0
20:06:24.547,92526,124.01,245.0,0.0,0.0,120.98,0,0
20:06:24.676,92626,123.99,245.0,0.0,0.0,121.0,0,0
20:06:24.743,92726,123.99,245.0,0.0,0.0,121.0,0,0
20:06:24.845,92826,123.99,245.0,0.0,0.0,121.0,0,0
20:06:24.945,92926,123.94,245.0,0.0,0.0,121.05,0,0
20:06:25.045,93026,123.94,245.0,0.0,0.0,121.05,0,0
20:06:25.145,93126,123.91,245.0,0.0,0.0,121.08,0,0
20:06:25.251,93226,123.88,245.0,0.0,0.0,121.11,0,0
20:06:25.344,93326,123.85,245.0,0.0,0.0,121.14,0,0
20:06:25.448,93426,123.82,245.0,0.0,0.0,121.17,0,0
20:06:25.550,93526,123.78,245.0,0.0,0.0,121.21,0,0
20:06:25.643,93626,123.74,245.0,0.0,0.0,121.25,0,0
20:06:25.745,93726,123.7,245.0,0.0,0.0,121.29,0,0
20:06:25.843,93826,123.68,245.0,0.0,0.0,121.31,0,0
20:06:25.950,93926,123.63,245.0,0.0,0.0,121.36,0,0
20:06:26.044,94026,123.63,245.0,0.0,0.0,121.36,0,0
20:06:26.148,94126,123.63,245.0,0.0,0.0,121.36,0,0
20:06:26.246,94226,123.6,245.0,0.0,0.0,121.39,0,0
20:06:26.365,94326,123.57,245.0,0.0,0.0,121.42,0,0
20:06:26.443,94426,123.57,245.0,0.0,0.0,121.42,0,0
20:06:26.545,94526,123.53,245.0,0.0,0.0,121.46,0,0
20:06:26.643,94626,123.5,245.0,0.0,0.0,121.49,0,0
20:06:26.746,94726,123.45,245.0,0.0,0.0,121.54,0,0
20:06:26.844,94826,123.42,245.0,0.0,0.0,121.57,0,0
20:06:26.947,94926,123.38,245.0,0.0,0.0,121.61,0,0
20:06:27.046,95026,123.38,245.0,0.0,0.0,121.61,0,0
20:06:27.147,95126,123.38,245.0,0.0,0.0,121.61,0,0
20:06:27.245,95226,123.33,245.0,0.0,0.0,121.66,0,0
20:06:27.348,95326,123.28,245.0,0.0,0.0,121.71,0,0
20:06:27.450,95426,123.25,245.0,0.0,0.0,121.74,0,0
20:06:27.545,95526,123.21,245.0,0.0,0.0,121.78,0,0
20:06:27.648,95626,123.17,245.0,0.0,0.0,121.82,0,0
20:06:27.745,95726,123.13,245.0,0.0,0.0,121.86,0,0
20:06:27.843,95826,123.09,245.0,0.0,0.0,121.9,0,0
20:06:27.946,95926,123.05,245.0,0.0,0.0,121.94,0,0
20:06:28.044,96026,123.01,245.0,0.0,0.0,121.98,0,0
20:06:28.142,96126,123.01,245.0,0.0,0.0,121.98,0,0
20:06:28.243,96226,122.95,245.0,0.0,0.0,122.04,0,0
20:06:28.345,96326,122.94,245.0,0.0,0.0,122.05,0,0
20:06:28.443,96426,122.89,245.0,0.0,0.0,122.1,0,0
20:06:28.545,96526,122.86,245.0,0.0,0.0,122.13,0,0
20:06:28.654,96626,122.82,245.0,0.0,0.0,122.17,0,0
20:06:28.745,96726,122.8,245.0,0.0,0.0,122.19,0,0
20:06:28.844,96826,122.78,245.0,0.0,0.0,122.21,0,0
20:06:28.942,96926,122.75,245.0,0.0,0.0,122.24,0,0
20:06:29.043,97026,122.72,245.0,0.0,0.0,122.27,0,0
20:06:29.148,97126,122.72,245.0,0.0,0.0,122.27,0,0
20:06:29.242,97226,122.72,245.0,0.0,0.0,122.27,0,0
20:06:29.343,97326,122.69,245.0,0.0,0.0,122.3,0,0
20:06:29.445,97426,122.65,245.0,0.0,0.0,122.34,0,0
20:06:29.544,97526,122.65,245.0,0.0,0.0,122.34,0,0
20:06:29.653,97626,122.61,245.0,0.0,0.0,122.38,0,0
20:06:29.768,97726,122.59,245.0,0.0,0.0,122.4,0,0
20:06:29.842,97826,122.56,245.0,0.0,0.0,122.43,0,0
20:06:29.943,97926,122.53,245.0,0.0,0.0,122.46,0,0
20:06:30.045,98026,122.5,245.0,0.0,0.0,122.49,0,0
20:06:30.143,98126,122.46,245.0,0.0,0.0,122.53,0,0
20:06:30.248,98226,122.46,245.0,0.0,0.0,122.53,0,0
20:06:30.344,98326,122.46,245.0,0.0,0.0,122.53,0,0
20:06:30.443,98426,122.42,245.0,0.0,0.0,122.57,0,0
20:06:30.543,98526,122.39,245.0,0.0,0.0,122.6,0,0
20:06:30.643,98626,122.35,245.0,0.0,0.0,122.64,0,0
20:06:30.747,98726,122.31,245.0,0.0,0.0,122.68,0,0
20:06:30.843,98826,122.28,245.0,0.0,0.0,122.71,0,0
20:06:30.943,98926,122.24,245.0,0.0,0.0,122.75,0,0
20:06:31.044,99026,122.2,245.0,0.0,0.0,122.79,0,0
20:06:31.148,99126,122.15,245.0,0.0,0.0,122.84,0,0
20:06:31.241,99226,122.15,245.0,0.0,0.0,122.84,0,0
20:06:31.355,99326,122.15,245.0,0.0,0.0,122.84,0,0
20:06:31.459,99426,122.11,245.0,0.0,0.0,122.88,0,0
20:06:31.545,99526,122.07,245.0,0.0,0.0,122.92,0,0
20:06:31.648,99626,122.05,245.0,0.0,0.0,122.94,0,0
20:06:31.743,99726,122.01,245.0,0.0,0.0,122.98,0,0
20:06:31.842,99826,122.01,245.0,0.0,0.0,122.98,0,0
20:06:31.942,99926,121.99,245.0,0.0,0.0,123.0,0,0
20:06:32.072,100026,121.95,245.0,0.0,0.0,123.04,0,0
20:06:32.142,100126,121.91,245.0,0.0,0.0,123.08,0,0
20:06:32.245,100226,121.85,245.0,0.0,0.0,123.14,0,0
20:06:32.343,100326,121.81,245.0,0.0,0.0,123.18,0,0
20:06:32.447,100426,121.77,245.0,0.0,0.0,123.22,0,0
20:06:32.546,100526,121.75,245.0,0.0,0.0,123.24,0,0
20:06:32.643,100626,121.71,245.0,0.0,0.0,123.28,0,0
20:06:32.745,100726,121.67,245.0,0.0,0.0,123.32,0,0
20:06:32.842,100826,121.64,245.0,0.0,0.0,123.35,0,0
20:06:32.947,100926,121.6,245.0,0.0,0.0,123.39,0,0
20:06:33.042,101026,121.56,245.0,0.0,0.0,123.43,0,0
20:06:33.143,101126,121.56,245.0,0.0,0.0,123.43,0,0
20:06:33.244,101226,121.5,245.0,0.0,0.0,123.49,0,0
20:06:33.343,101326,121.47,245.0,0.0,0.0,123.52,0,0
20:06:33.442,101426,121.44,245.0,0.0,0.0,123.55,0,0
20:06:33.542,101526,121.39,245.0,0.0,0.0,123.6,0,0
20:06:33.644,101626,121.37,245.0,0.0,0.0,123.62,0,0
20:06:33.757,101726,121.34,245.0,0.0,0.0,123.65,0,0
20:06:33.841,101826,121.3,245.0,0.0,0.0,123.69,0,0
20:06:33.942,101926,121.27,245.0,0.0,0.0,123.72,0,0
20:06:34.043,102026,121.22,245.0,0.0,0.0,123.77,0,0
20:06:34.142,102126,121.22,245.0,0.0,0.0,123.77,0,0
20:06:34.245,102226,121.21,245.0,0.0,0.0,123.78,0,0
20:06:34.364,102326,121.18,245.0,0.0,0.0,123.81,0,0
20:06:34.442,102426,121.15,245.0,0.0,0.0,123.84,0,0
20:06:34.545,102526,121.13,245.0,0.0,0.0,123.86,0,0
20:06:34.641,102626,121.1,245.0,0.0,0.0,123.89,0,0
20:06:34.743,102726,121.07,245.0,0.0,0.0,123.92,0,0
20:06:34.843,102826,121.02,245.0,0.0,0.0,123.97,0,0
20:06:34.948,102926,120.99,245.0,0.0,0.0,124.0,0,0
20:06:35.041,103026,120.93,245.0,0.0,0.0,124.06,0,0
20:06:35.141,103126,120.93,245.0,0.0,0.0,124.06,0,0
20:06:35.245,103226,120.92,245.0,0.0,0.0,124.07,0,0
20:06:35.341,103326,120.88,245.0,0.0,0.0,124.11,0,0
20:06:35.441,103426,120.84,245.0,0.0,0.0,124.15,0,0
20:06:35.541,103526,120.81,245.0,0.0,0.0,124.18,0,0
20:06:35.641,103626,120.79,245.0,0.0,0.0,124.2,0,0
20:06:35.745,103726,120.76,245.0,0.0,0.0,124.23,0,0
20:06:35.843,103826,120.73,245.0,0.0,0.0,124.26,0,0
20:06:35.940,103926,120.71,245.0,0.0,0.0,124.28,0,0
20:06:36.046,104026,120.68,245.0,0.0,0.0,124.31,0,0
20:06:36.140,104126,120.64,245.0,0.0,0.0,124.35,0,0
20:06:36.241,104226,120.64,245.0,0.0,0.0,124.35,0,0
20:06:36.344,104326,120.61,245.0,0.0,0.0,124.38,0,0
20:06:36.442,104426,120.58,245.0,0.0,0.0,124.41,0,0
20:06:36.541,104526,120.56,245.0,0.0,0.0,124.43,0,0
20:06:36.643,104626,120.52,245.0,0.0,0.0,124.47,0,0
20:06:36.741,104726,120.5,245.0,0.0,0.0,124.49,0,0
20:06:36.841,104826,120.47,245.0,0.0,0.0,124.52,0,0
20:06:36.941,104926,120.43,245.0,0.0,0.0,124.56,0,0
20:06:37.042,105026,120.4,245.0,0.0,0.0,124.59,0,0
20:06:37.141,105126,120.35,245.0,0.0,0.0,124.64,0,0
20:06:37.240,105226,120.33,245.0,0.0,0.0,124.66,0,0
20:06:37.345,105326,120.33,245.0,0.0,0.0,124.66,0,0
20:06:37.448,105426,120.29,245.0,0.0,0.0,124.7,0,0
20:06:37.544,105526,120.25,245.0,0.0,0.0,124.74,0,0
20:06:37.641,105626,120.21,245.0,0.0,0.0,124.78,0,0
20:06:37.741,105726,120.2,245.0,0.0,0.0,124.79,0,0
20:06:37.840,105826,120.17,245.0,0.0,0.0,124.82,0,0
20:06:37.941,105926,120.15,245.0,0.0,0.0,124.84,0,0
20:06:38.045,106026,120.11,245.0,0.0,0.0,124.88,0,0
20:06:38.141,106126,120.08,245.0,0.0,0.0,124.91,0,0
20:06:38.240,106226,120.05,245.0,0.0,0.0,124.94,0,0
20:06:38.344,106326,120.05,245.0,0.0,0.0,124.94,0,0
20:06:38.441,106426,120.01,245.0,0.0,0.0,124.98,0,0
20:06:38.540,106526,119.98,245.0,0.0,0.0,125.01,0,0
20:06:38.640,106626,119.95,245.0,0.0,0.0,125.04,0,0
20:06:38.747,106726,119.94,245.0,0.0,0.0,125.05,0,0
20:06:38.844,106826,119.9,245.0,0.0,0.0,125.09,0,0
20:06:38.941,106926,119.87,245.0,0.0,0.0,125.12,0,0
20:06:39.044,107026,119.84,245.0,0.0,0.0,125.15,0,0
20:06:39.147,107126,119.8,245.0,0.0,0.0,125.19,0,0
20:06:39.241,107226,119.76,245.0,0.0,0.0,125.23,0,0
20:06:39.341,107326,119.71,245.0,0.0,0.0,125.28,0,0
20:06:39.440,107426,119.71,245.0,0.0,0.0,125.28,0,0
20:06:39.541,107526,119.68,245.0,0.0,0.0,125.31,0,0
20:06:39.640,107626,119.66,245.0,0.0,0.0,125.33,0,0
20:06:39.741,107726,119.63,245.0,0.0,0.0,125.36,0,0
20:06:39.842,107826,119.59,245.0,0.0,0.0,125.4,0,0
20:06:39.940,107926,119.56,245.0,0.0,0.0,125.43,0,0
20:06:40.040,108026,119.54,245.0,0.0,0.0,125.45,0,0
20:06:40.141,108126,119.5,245.0,0.0,0.0,125.49,0,0
20:06:40.240,108226,119.48,245.0,0.0,0.0,125.51,0,0
20:06:40.343,108326,119.43,245.0,0.0,0.0,125.56,0,0
20:06:40.440,108426,119.43,245.0,0.0,0.0,125.56,0,0
20:06:40.540,108526,119.43,245.0,0.0,0.0,125.56,0,0
20:06:40.640,108626,119.39,245.0,0.0,0.0,125.6,0,0
20:06:40.741,108726,119.36,245.0,0.0,0.0,125.63,0,0
20:06:40.840,108826,119.32,245.0,0.0,0.0,125.67,0,0
20:06:40.941,108926,119.3,245.0,0.0,0.0,125.69,0,0
20:06:41.040,109026,119.27,245.0,0.0,0.0,125.72,0,0
20:06:41.170,109126,119.24,245.0,0.0,0.0,125.75,0,0
20:06:41.239,109226,119.2,245.0,0.0,0.0,125.79,0,0
20:06:41.343,109326,119.16,245.0,0.0,0.0,125.83,0,0
20:06:41.441,109426,119.16,245.0,0.0,0.0,125.83,0,0
20:06:41.544,109526,119.15,245.0,0.0,0.0,125.84,0,0
20:06:41.642,109626,119.15,245.0,0.0,0.0,125.84,0,0
20:06:41.742,109726,119.15,245.0,0.0,0.0,125.84,0,0
20:06:41.841,109826,119.09,245.0,0.0,0.0,125.9,0,0
20:06:41.942,109926,119.05,245.0,0.0,0.0,125.94,0,0
20:06:42.039,110026,119.03,245.0,0.0,0.0,125.96,0,0
20:06:42.142,110126,118.99,245.0,0.0,0.0,126.0,0,0
20:06:42.246,110226,118.95,245.0,0.0,0.0,126.04,0,0
20:06:42.344,110326,118.94,245.0,0.0,0.0,126.05,0,0
20:06:42.440,110426,118.89,245.0,0.0,0.0,126.1,0,0
20:06:42.540,110526,118.89,245.0,0.0,0.0,126.1,0,0
20:06:42.640,110626,118.86,245.0,0.0,0.0,126.13,0,0
20:06:42.739,110726,118.86,245.0,0.0,0.0,126.13,0,0
20:06:42.846,110826,118.86,245.0,0.0,0.0,126.13,0,0
20:06:42.939,110926,118.86,245.0,0.0,0.0,126.13,0,0
20:06:43.040,111026,118.83,245.0,0.0,0.0,126.16,0,0
20:06:43.140,111126,118.79,245.0,0.0,0.0,126.2,0,0
20:06:43.240,111226,118.74,245.0,0.0,0.0,126.25,0,0
20:06:43.344,111326,118.71,245.0,0.0,0.0,126.28,0,0
20:06:43.440,111426,118.68,245.0,0.0,0.0,126.31,0,0
20:06:43.544,111526,118.63,245.0,0.0,0.0,126.36,0,0
20:06:43.640,111626,118.63,245.0,0.0,0.0,126.36,0,0
20:06:43.739,111726,118.6,245.0,0.0,0.0,126.39,0,0
20:06:43.842,111826,118.56,245.0,0.0,0.0,126.43,0,0
20:06:43.938,111926,118.53,245.0,0.0,0.0,126.46,0,0
20:06:44.044,112026,118.49,245.0,0.0,0.0,126.5,0,0
20:06:44.140,112126,118.45,245.0,0.0,0.0,126.54,0,0
20:06:44.239,112226,118.42,245.0,0.0,0.0,126.57,0,0
20:06:44.343,112326,118.38,245.0,0.0,0.0,126.61,0,0
20:06:44.439,112426,118.36,245.0,0.0,0.0,126.63,0,0
20:06:44.544,112526,118.32,245.0,0.0,0.0,126.67,0,0
20:06:44.640,112626,118.32,245.0,0.0,0.0,126.67,0,0
20:06:44.740,112726,118.31,245.0,0.0,0.0,126.68,0,0
20:06:44.842,112826,118.27,245.0,0.0,0.0,126.72,0,0
20:06:44.938,112926,118.23,245.0,0.0,0.0,126.76,0,0
20:06:45.038,113026,118.18,245.0,0.0,0.0,126.81,0,0
20:06:45.141,113126,118.16,245.0,0.0,0.0,126.83,0,0
20:06:45.239,113226,118.13,245.0,0.0,0.0,126.86,0,0
20:06:45.338,113326,118.1,245.0,0.0,0.0,126.89,0,0
20:06:45.440,113426,118.08,245.0,0.0,0.0,126.91,0,0
20:06:45.539,113526,118.05,245.0,0.0,0.0,126.94,0,0
20:06:45.667,113626,118.01,245.0,0.0,0.0,126.98,0,0
20:06:45.744,113726,118.01,245.0,0.0,0.0,126.98,0,0
20:06:45.842,113826,117.96,245.0,0.0,0.0,127.03,0,0
20:06:45.940,113926,117.96,245.0,0.0,0.0,127.03,0,0
20:06:46.044,114026,117.96,245.0,0.0,0.0,127.03,0,0
20:06:46.142,114126,117.96,245.0,0.0,0.0,127.03,0,0
20:06:46.244,114226,117.94,245.0,0.0,0.0,127.05,0,0
20:06:46.341,114326,117.89,245.0,0.0,0.0,127.1,0,0
20:06:46.440,114426,117.85,245.0,0.0,0.0,127.14,0,0
20:06:46.539,114526,117.82,245.0,0.0,0.0,127.17,0,0
20:06:46.641,114626,117.76,245.0,0.0,0.0,127.23,0,0
20:06:46.740,114726,117.76,245.0,0.0,0.0,127.23,0,0
20:06:46.838,114826,117.72,245.0,0.0,0.0,127.27,0,0
20:06:46.939,114926,117.72,245.0,0.0,0.0,127.27,0,0
20:06:47.039,115026,117.71,245.0,0.0,0.0,127.28,0,0
20:06:47.139,115126,117.69,245.0,0.0,0.0,127.3,0,0
20:06:47.239,115226,117.65,245.0,0.0,0.0,127.34,0,0
20:06:47.353,115326,117.62,245.0,0.0,0.0,127.37,0,0
20:06:47.439,115426,117.58,245.0,0.0,0.0,127.41,0,0
20:06:47.539,115526,117.54,245.0,0.0,0.0,127.45,0,0
20:06:47.642,115626,117.49,245.0,0.0,0.0,127.5,0,0
20:06:47.741,115726,117.49,245.0,0.0,0.0,127.5,0,0
20:06:47.842,115826,117.48,245.0,0.0,0.0,127.51,0,0
20:06:47.940,115926,117.44,245.0,0.0,0.0,127.55,0,0
20:06:48.038,116026,117.41,245.0,0.0,0.0,127.58,0,0
20:06:48.142,116126,117.38,245.0,0.0,0.0,127.61,0,0
20:06:48.245,116226,117.35,245.0,0.0,0.0,127.64,0,0
20:06:48.337,116326,117.32,245.0,0.0,0.0,127.67,0,0
20:06:48.439,116426,117.3,245.0,0.0,0.0,127.69,0,0
20:06:48.544,116526,117.25,245.0,0.0,0.0,127.74,0,0
20:06:48.638,116626,117.23,245.0,0.0,0.0,127.76,0,0
20:06:48.741,116726,117.18,245.0,0.0,0.0,127.81,0,0
20:06:48.838,116826,117.18,245.0,0.0,0.0,127.81,0,0
20:06:48.938,116926,117.15,245.0,0.0,0.0,127.84,0,0
20:06:49.059,117026,117.13,245.0,0.0,0.0,127.86,0,0
20:06:49.141,117126,117.09,245.0,0.0,0.0,127.9,0,0
20:06:49.238,117226,117.06,245.0,0.0,0.0,127.93,0,0
20:06:49.338,117326,117.04,245.0,0.0,0.0,127.95,0,0
20:06:49.439,117426,117.02,245.0,0.0,0.0,127.97,0,0
20:06:49.538,117526,117.0,245.0,0.0,0.0,127.99,0,0
20:06:49.642,117626,116.97,245.0,0.0,0.0,128.02,0,0
20:06:49.739,117726,116.94,245.0,0.0,0.0,128.05,0,0
20:06:49.837,117826,116.93,245.0,0.0,0.0,128.06,0,0
20:06:49.939,117926,116.89,245.0,0.0,0.0,128.1,0,0
20:06:50.040,118026,116.89,245.0,0.0,0.0,128.1,0,0
20:06:50.142,118126,116.88,245.0,0.0,0.0,128.11,0,0
20:06:50.240,118226,116.84,245.0,0.0,0.0,128.15,0,0
20:06:50.342,118326,116.83,245.0,0.0,0.0,128.16,0,0
20:06:50.438,118426,116.82,245.0,0.0,0.0,128.17,0,0
20:06:50.542,118526,116.78,245.0,0.0,0.0,128.21,0,0
20:06:50.638,118626,116.78,245.0,0.0,0.0,128.21,0,0
20:06:50.760,118726,116.76,245.0,0.0,0.0,128.23,0,0
20:06:50.837,118826,116.73,245.0,0.0,0.0,128.26,0,0
20:06:50.941,118926,116.7,245.0,0.0,0.0,128.29,0,0
20:06:51.040,119026,116.7,245.0,0.0,0.0,128.29,0,0
20:06:51.138,119126,116.7,245.0,0.0,0.0,128.29,0,0
20:06:51.238,119226,116.67,245.0,0.0,0.0,128.32,0,0
20:06:51.344,119326,116.63,245.0,0.0,0.0,128.36,0,0
20:06:51.439,119426,116.6,245.0,0.0,0.0,128.39,0,0
20:06:51.538,119526,116.58,245.0,0.0,0.0,128.41,0,0
20:06:51.637,119626,116.58,245.0,0.0,0.0,128.41,0,0
20:06:51.742,119726,116.55,245.0,0.0,0.0,128.44,0,0
20:06:51.841,119826,116.53,245.0,0.0,0.0,128.46,0,0
20:06:51.939,119926,116.5,245.0,0.0,0.0,128.49,0,0
20:06:52.044,120026,116.45,245.0,0.0,0.0,128.54,0,0
20:06:52.141,120126,116.45,245.0,0.0,0.0,128.54,0,0
20:06:52.238,120226,116.42,245.0,0.0,0.0,128.57,0,0
20:06:52.337,120326,116.4,245.0,0.0,0.0,128.59,0,0
20:06:52.441,120426,116.36,245.0,0.0,0.0,128.63,0,0
20:06:52.536,120526,116.32,245.0,0.0,0.0,128.67,0,0
20:06:52.636,120626,116.3,245.0,0.0,0.0,128.69,0,0
20:06:52.743,120726,116.3,245.0,0.0,0.0,128.69,0,0
20:06:52.836,120826,116.26,245.0,0.0,0.0,128.73,0,0
20:06:52.938,120926,116.22,245.0,0.0,0.0,128.77,0,0
20:06:53.057,121026,116.22,245.0,0.0,0.0,128.77,0,0
20:06:53.136,121126,116.19,245.0,0.0,0.0,128.8,0,0
20:06:53.246,121226,116.17,245.0,0.0,0.0,128.82,0,0
20:06:53.337,121326,116.14,245.0,0.0,0.0,128.85,0,0
20:06:53.439,121426,116.1,245.0,0.0,0.0,128.89,0,0
20:06:53.543,121526,116.05,245.0,0.0,0.0,128.94,0,0
20:06:53.643,121626,116.05,245.0,0.0,0.0,128.94,0,0
20:06:53.745,121726,116.05,245.0,0.0,0.0,128.94,0,0
20:06:53.843,121826,116.02,245.0,0.0,0.0,128.97,0,0
20:06:53.938,121926,115.99,245.0,0.0,0.0,129.0,0,0
20:06:54.038,122026,115.96,245.0,0.0,0.0,129.03,0,0
20:06:54.139,122126,115.92,245.0,0.0,0.0,129.07,0,0
20:06:54.238,122226,115.9,245.0,0.0,0.0,129.09,0,0
20:06:54.350,122326,115.84,245.0,0.0,0.0,129.15,0,0
20:06:54.439,122426,115.81,245.0,0.0,0.0,129.18,0,0
20:06:54.537,122526,115.79,245.0,0.0,0.0,129.2,0,0
20:06:54.639,122626,115.76,245.0,0.0,0.0,129.23,0,0
20:06:54.740,122726,115.71,245.0,0.0,0.0,129.28,0,0
20:06:54.842,122826,115.71,245.0,0.0,0.0,129.28,0,0
20:06:54.938,122926,115.68,245.0,0.0,0.0,129.31,0,0
20:06:55.038,123026,115.64,245.0,0.0,0.0,129.35,0,0
20:06:55.138,123126,115.64,245.0,0.0,0.0,129.35,0,0
20:06:55.237,123226,115.59,245.0,0.0,0.0,129.4,0,0
20:06:55.342,123326,115.54,245.0,0.0,0.0,129.45,0,0
20:06:55.439,123426,115.51,245.0,0.0,0.0,129.48,0,0
20:06:55.537,123526,115.48,245.0,0.0,0.0,129.51,0,0
20:06:55.640,123626,115.45,245.0,0.0,0.0,129.54,0,0
20:06:55.736,123726,115.41,245.0,0.0,0.0,129.58,0,0
20:06:55.837,123826,115.41,245.0,0.0,0.0,129.58,0,0
20:06:55.938,123926,115.4,245.0,0.0,0.0,129.59,0,0
20:06:56.039,124026,115.37,245.0,0.0,0.0,129.62,0,0
20:06:56.136,124126,115.33,245.0,0.0,0.0,129.66,0,0
20:06:56.237,124226,115.31,245.0,0.0,0.0,129.68,0,0
20:06:56.336,124326,115.28,245.0,0.0,0.0,129.71,0,0
20:06:56.439,124426,115.25,245.0,0.0,0.0,129.74,0,0
20:06:56.536,124526,115.22,245.0,0.0,0.0,129.77,0,0
20:06:56.640,124626,115.21,245.0,0.0,0.0,129.78,0,0
20:06:56.737,124726,115.19,245.0,0.0,0.0,129.8,0,0
20:06:56.837,124826,115.17,245.0,0.0,0.0,129.82,0,0
20:06:56.938,124926,115.17,245.0,0.0,0.0,129.82,0,0
20:06:57.038,125026,115.14,245.0,0.0,0.0,129.85,0,0
20:06:57.139,125126,115.11,245.0,0.0,0.0,129.88,0,0
20:06:57.238,125226,115.07,245.0,0.0,0.0,129.92,0,0
20:06:57.337,125326,115.03,245.0,0.0,0.0,129.96,0,0
20:06:57.438,125426,115.01,245.0,0.0,0.0,129.98,0,0
20:06:57.537,125526,114.98,245.0,0.0,0.0,130.01,0,0
20:06:57.637,125626,114.95,245.0,0.0,0.0,130.04,0,0
20:06:57.736,125726,114.94,245.0,0.0,0.0,130.05,0,0
20:06:57.837,125826,114.93,245.0,0.0,0.0,130.06,0,0
20:06:57.949,125926,114.93,245.0,0.0,0.0,130.06,0,0
20:06:58.043,126026,114.89,245.0,0.0,0.0,130.1,0,0
20:06:58.174,126126,114.87,245.0,0.0,0.0,130.12,0,0
20:06:58.237,126226,114.83,245.0,0.0,0.0,130.16,0,0
20:06:58.340,126326,114.79,245.0,0.0,0.0,130.2,0,0
20:06:58.436,126426,114.76,245.0,0.0,0.0,130.23,0,0
20:06:58.537,126526,114.74,245.0,0.0,0.0,130.25,0,0
20:06:58.637,126626,114.7,245.0,0.0,0.0,130.29,0,0
20:06:58.741,126726,114.65,245.0,0.0,0.0,130.34,0,0
20:06:58.836,126826,114.62,245.0,0.0,0.0,130.37,0,0
20:06:58.935,126926,114.61,245.0,0.0,0.0,130.38,0,0
20:06:59.036,127026,114.61,245.0,0.0,0.0,130.38,0,0
20:06:59.136,127126,114.58,245.0,0.0,0.0,130.41,0,0
20:06:59.243,127226,114.55,245.0,0.0,0.0,130.44,0,0
20:06:59.338,127326,114.53,245.0,0.0,0.0,130.46,0,0
20:06:59.435,127426,114.5,245.0,0.0,0.0,130.49,0,0
20:06:59.537,127526,114.48,245.0,0.0,0.0,130.51,0,0
20:06:59.636,127626,114.46,245.0,0.0,0.0,130.53,0,0
20:06:59.739,127726,114.43,245.0,0.0,0.0,130.56,0,0
20:06:59.865,127826,114.41,245.0,0.0,0.0,130.58,0,0
20:06:59.934,127926,114.41,245.0,0.0,0.0,130.58,0,0
20:07:00.039,128026,114.39,245.0,0.0,0.0,130.6,0,0
20:07:00.136,128126,114.37,245.0,0.0,0.0,130.62,0,0
20:07:00.238,128226,114.34,245.0,0.0,0.0,130.65,0,0
20:07:00.338,128326,114.32,245.0,0.0,0.0,130.67,0,0
20:07:00.454,128426,114.32,245.0,0.0,0.0,130.67,0,0
20:07:00.535,128526,114.28,245.0,0.0,0.0,130.71,0,0
20:07:00.636,128626,114.25,245.0,0.0,0.0,130.74,0,0
20:07:00.739,128726,114.22,245.0,0.0,0.0,130.77,0,0
20:07:00.835,128826,114.19,245.0,0.0,0.0,130.8,0,0
20:07:00.946,128926,114.16,245.0,0.0,0.0,130.83,0,0
20:07:01.043,129026,114.15,245.0,0.0,0.0,130.84,0,0
20:07:01.136,129126,114.15,245.0,0.0,0.0,130.84,0,0
20:07:01.238,129226,114.12,245.0,0.0,0.0,130.87,0,0
20:07:01.335,129326,114.08,245.0,0.0,0.0,130.91,0,0
20:07:01.436,129426,114.04,245.0,0.0,0.0,130.95,0,0
20:07:01.537,129526,114.04,245.0,0.0,0.0,130.95,0,0
20:07:01.638,129626,114.03,245.0,0.0,0.0,130.96,0,0
20:07:01.738,129726,113.99,245.0,0.0,0.0,131.0,0,0
20:07:01.834,129826,113.96,245.0,0.0,0.0,131.03,0,0
20:07:01.938,129926,113.91,245.0,0.0,0.0,131.08,0,0
20:07:02.037,130026,113.89,245.0,0.0,0.0,131.1,0,0
20:07:02.136,130126,113.87,245.0,0.0,0.0,131.12,0,0
20:07:02.335,130326,113.86,245.0,0.0,0.0,131.13,0,0
20:07:02.439,130426,113.83,245.0,0.0,0.0,131.16,0,0
20:07:02.539,130526,113.83,245.0,0.0,0.0,131.16,0,0
20:07:02.639,130626,113.79,245.0,0.0,0.0,131.2,0,0
20:07:02.752,130726,113.76,245.0,0.0,0.0,131.23,0,0
20:07:02.835,130826,113.73,245.0,0.0,0.0,131.26,0,0
20:07:02.935,130926,113.7,245.0,0.0,0.0,131.29,0,0
20:07:03.039,131026,113.67,245.0,0.0,0.0,131.32,0,0
20:07:03.135,131126,113.63,245.0,0.0,0.0,131.36,0,0
20:07:03.240,131226,113.63,245.0,0.0,0.0,131.36,0,0
20:07:03.337,131326,113.6,245.0,0.0,0.0,131.39,0,0
20:07:03.437,131426,113.56,245.0,0.0,0.0,131.43,0,0
20:07:03.535,131526,113.54,245.0,0.0,0.0,131.45,0,0
20:07:03.636,131626,113.53,245.0,0.0,0.0,131.46,0,0
20:07:03.738,131726,113.5,245.0,0.0,0.0,131.49,0,0
20:07:03.837,131826,113.48,245.0,0.0,0.0,131.51,0,0
20:07:03.937,131926,113.45,245.0,0.0,0.0,131.54,0,0
20:07:04.033,132026,113.44,245.0,0.0,0.0,131.55,0,0
20:07:04.135,132126,113.4,245.0,0.0,0.0,131.59,0,0
20:07:04.243,132226,113.37,245.0,0.0,0.0,131.62,0,0
20:07:04.434,132426,113.35,245.0,0.0,0.0,131.64,0,0
20:07:04.537,132526,113.33,245.0,0.0,0.0,131.66,0,0
20:07:04.634,132626,113.31,245.0,0.0,0.0,131.68,0,0
20:07:04.836,132826,113.28,245.0,0.0,0.0,131.71,0,0
20:07:04.933,132926,113.24,245.0,0.0,0.0,131.75,0,0
20:07:05.059,133026,113.2,245.0,0.0,0.0,131.79,0,0
20:07:05.134,133126,113.18,245.0,0.0,0.0,131.81,0,0
20:07:05.233,133226,113.15,245.0,0.0,0.0,131.84,0,0
20:07:05.336,133326,113.15,245.0,0.0,0.0,131.84,0,0
20:07:05.435,133426,113.13,245.0,0.0,0.0,131.86,0,0
20:07:05.535,133526,113.1,245.0,0.0,0.0,131.89,0,0
20:07:05.637,133626,113.1,245.0,0.0,0.0,131.89,0,0
20:07:05.735,133726,113.06,245.0,0.0,0.0,131.93,0,0
20:07:05.834,133826,113.03,245.0,0.0,0.0,131.96,0,0
20:07:05.934,133926,112.99,245.0,0.0,0.0,132.0,0,0
20:07:06.035,134026,112.97,245.0,0.0,0.0,132.02,0,0
20:07:06.134,134126,112.96,245.0,0.0,0.0,132.03,0,0
20:07:06.233,134226,112.94,245.0,0.0,0.0,132.05,0,0
20:07:06.335,134326,112.91,245.0,0.0,0.0,132.08,0,0
20:07:06.549,134526,112.91,245.0,0.0,0.0,132.08,0,0
20:07:06.640,134626,112.88,245.0,0.0,0.0,132.11,0,0
20:07:06.788,134726,112.85,245.0,0.0,0.0,132.14,0,0
20:07:06.834,134826,112.82,245.0,0.0,0.0,132.17,0,0
20:07:06.934,134926,112.79,245.0,0.0,0.0,132.2,0,0
20:07:07.034,135026,112.78,245.0,0.0,0.0,132.22,0,0
20:07:07.134,135126,112.74,245.0,0.0,0.0,132.25,0,0
20:07:07.237,135226,112.72,245.0,0.0,0.0,132.27,0,0
20:07:07.385,135326,112.72,245.0,0.0,0.0,132.27,0,0
20:07:07.434,135426,112.68,245.0,0.0,0.0,132.31,0,0
20:07:07.538,135526,112.66,245.0,0.0,0.0,132.33,0,0
20:07:07.640,135626,112.63,245.0,0.0,0.0,132.36,0,0
20:07:07.736,135726,112.59,245.0,0.0,0.0,132.4,0,0
20:07:07.837,135826,112.55,245.0,0.0,0.0,132.44,0,0
20:07:07.933,135926,112.51,245.0,0.0,0.0,132.48,0,0
20:07:08.033,136026,112.49,245.0,0.0,0.0,132.5,0,0
20:07:08.136,136126,112.46,245.0,0.0,0.0,132.53,0,0
20:07:08.232,136226,112.43,245.0,0.0,0.0,132.56,0,0
20:07:08.332,136326,112.44,245.0,0.0,0.0,132.55,0,0
20:07:08.432,136426,112.41,245.0,0.0,0.0,132.58,0,0
20:07:08.537,136526,112.41,245.0,0.0,0.0,132.58,0,0
20:07:08.635,136626,112.39,245.0,0.0,0.0,132.6,0,0
20:07:08.733,136726,112.36,245.0,0.0,0.0,132.63,0,0
20:07:08.833,136826,112.33,245.0,0.0,0.0,132.66,0,0
20:07:08.933,136926,112.31,245.0,0.0,0.0,132.68,0,0
20:07:09.035,137026,112.28,245.0,0.0,0.0,132.71,0,0
20:07:09.133,137126,112.25,245.0,0.0,0.0,132.74,0,0
20:07:09.234,137226,112.23,245.0,0.0,0.0,132.76,0,0
20:07:09.335,137326,112.19,245.0,0.0,0.0,132.8,0,0
20:07:09.433,137426,112.17,245.0,0.0,0.0,132.82,0,0
20:07:09.532,137526,112.17,245.0,0.0,0.0,132.82,0,0
20:07:09.656,137626,112.14,245.0,0.0,0.0,132.85,0,0
20:07:09.732,137726,112.12,245.0,0.0,0.0,132.87,0,0
20:07:09.833,137826,112.1,245.0,0.0,0.0,132.89,0,0
20:07:09.933,137926,112.08,245.0,0.0,0.0,132.91,0,0
20:07:10.035,138026,112.07,245.0,0.0,0.0,132.92,0,0
20:07:10.134,138126,112.05,245.0,0.0,0.0,132.94,0,0
20:07:10.234,138226,112.01,245.0,0.0,0.0,132.98,0,0
20:07:10.336,138326,112.01,245.0,0.0,0.0,132.98,0,0
20:07:10.439,138426,111.99,245.0,0.0,0.0,133.0,0,0
20:07:10.533,138526,111.96,245.0,0.0,0.0,133.03,0,0
20:07:10.632,138626,111.96,245.0,0.0,0.0,133.03,0,0
20:07:10.732,138726,111.91,245.0,0.0,0.0,133.08,0,0
20:07:10.838,138826,111.88,245.0,0.0,0.0,133.11,0,0
20:07:10.942,138926,111.84,245.0,0.0,0.0,133.15,0,0
20:07:11.134,139126,111.81,245.0,0.0,0.0,133.18,0,0
20:07:11.232,139226,111.8,245.0,0.0,0.0,133.19,0,0
20:07:11.359,139326,111.74,245.0,0.0,0.0,133.25,0,0
20:07:11.433,139426,111.72,245.0,0.0,0.0,133.27,0,0
20:07:11.532,139526,111.7,245.0,0.0,0.0,133.29,0,0
20:07:11.632,139626,111.7,245.0,0.0,0.0,133.29,0,0
20:07:11.733,139726,111.66,245.0,0.0,0.0,133.33,0,0
20:07:11.832,139826,111.62,245.0,0.0,0.0,133.37,0,0
20:07:11.935,139926,111.59,245.0,0.0,0.0,133.4,0,0
20:07:12.031,140026,111.58,245.0,0.0,0.0,133.41,0,0
20:07:12.133,140126,111.54,245.0,0.0,0.0,133.45,0,0
20:07:12.238,140226,111.52,245.0,0.0,0.0,133.47,0,0
20:07:12.334,140326,111.48,245.0,0.0,0.0,133.51,0,0
20:07:12.439,140426,111.48,245.0,0.0,0.0,133.51,0,0
20:07:12.532,140526,111.47,245.0,0.0,0.0,133.52,0,0
20:07:12.634,140626,111.46,245.0,0.0,0.0,133.53,0,0
20:07:12.731,140726,111.42,245.0,0.0,0.0,133.57,0,0
20:07:12.835,140826,111.41,245.0,0.0,0.0,133.58,0,0
20:07:12.934,140926,111.4,245.0,0.0,0.0,133.59,0,0
20:07:13.032,141026,111.35,245.0,0.0,0.0,133.64,0,0
20:07:13.131,141126,111.33,245.0,0.0,0.0,133.66,0,0
20:07:13.232,141226,111.32,245.0,0.0,0.0,133.67,0,0
20:07:13.334,141326,111.3,245.0,0.0,0.0,133.69,0,0
20:07:13.433,141426,111.26,245.0,0.0,0.0,133.73,0,0
20:07:13.532,141526,111.23,245.0,0.0,0.0,133.76,0,0
20:07:13.635,141626,111.2,245.0,0.0,0.0,133.79,0,0
20:07:13.737,141726,111.2,245.0,0.0,0.0,133.79,0,0
20:07:13.835,141826,111.17,245.0,0.0,0.0,133.82,0,0
20:07:13.932,141926,111.14,245.0,0.0,0.0,133.85,0,0
20:07:14.036,142026,111.12,245.0,0.0,0.0,133.87,0,0
20:07:14.142,142126,111.12,245.0,0.0,0.0,133.87,0,0
20:07:14.234,142226,111.12,245.0,0.0,0.0,133.87,0,0
20:07:14.333,142326,111.09,245.0,0.0,0.0,133.9,0,0
20:07:14.431,142426,111.09,245.0,0.0,0.0,133.9,0,0
20:07:14.532,142526,111.06,245.0,0.0,0.0,133.93,0,0
20:07:14.631,142626,111.02,245.0,0.0,0.0,133.97,0,0
20:07:14.732,142726,111.02,245.0,0.0,0.0,133.97,0,0
20:07:14.835,142826,110.98,245.0,0.0,0.0,134.01,0,0
20:07:14.931,142926,110.97,245.0,0.0,0.0,134.02,0,0
20:07:15.031,143026,110.95,245.0,0.0,0.0,134.04,0,0
20:07:15.132,143126,110.93,245.0,0.0,0.0,134.06,0,0
20:07:15.232,143226,110.89,245.0,0.0,0.0,134.1,0,0
20:07:15.336,143326,110.86,245.0,0.0,0.0,134.13,0,0
20:07:15.433,143426,110.83,245.0,0.0,0.0,134.16,0,0
20:07:15.544,143526,110.8,245.0,0.0,0.0,134.19,0,0
20:07:15.636,143626,110.77,245.0,0.0,0.0,134.22,0,0
20:07:15.745,143726,110.75,245.0,0.0,0.0,134.24,0,0
20:07:15.831,143826,110.75,245.0,0.0,0.0,134.24,0,0
20:07:15.939,143926,110.72,245.0,0.0,0.0,134.27,0,0
20:07:16.031,144026,110.7,245.0,0.0,0.0,134.29,0,0
20:07:16.131,144126,110.67,245.0,0.0,0.0,134.32,0,0
20:07:16.231,144226,110.62,245.0,0.0,0.0,134.37,0,0
20:07:16.331,144326,110.61,245.0,0.0,0.0,134.38,0,0
20:07:16.431,144426,110.59,245.0,0.0,0.0,134.4,0,0
20:07:16.530,144526,110.56,245.0,0.0,0.0,134.43,0,0
20:07:16.634,144626,110.55,245.0,0.0,0.0,134.44,0,0
20:07:16.735,144726,110.53,245.0,0.0,0.0,134.46,0,0
20:07:16.830,144826,110.52,245.0,0.0,0.0,134.47,0,0
20:07:17.054,145026,110.49,245.0,0.0,0.0,134.5,0,0
20:07:17.131,145126,110.48,245.0,0.0,0.0,134.51,0,0
20:07:17.233,145226,110.45,245.0,0.0,0.0,134.54,0,0
20:07:17.331,145326,110.44,245.0,0.0,0.0,134.55,0,0
20:07:17.433,145426,110.42,245.0,0.0,0.0,134.57,0,0
20:07:17.536,145526,110.39,245.0,0.0,0.0,134.6,0,0
20:07:17.632,145626,110.39,245.0,0.0,0.0,134.6,0,0
20:07:17.732,145726,110.36,245.0,0.0,0.0,134.63,0,0
20:07:17.831,145826,110.35,245.0,0.0,0.0,134.64,0,0
20:07:17.933,145926,110.35,245.0,0.0,0.0,134.64,0,0
20:07:18.037,146026,110.32,245.0,0.0,0.0,134.67,0,0
20:07:18.132,146126,110.28,245.0,0.0,0.0,134.71,0,0
20:07:18.231,146226,110.25,245.0,0.0,0.0,134.74,0,0
20:07:18.331,146326,110.23,245.0,0.0,0.0,134.76,0,0
20:07:18.433,146426,110.2,245.0,0.0,0.0,134.79,0,0
20:07:18.530,146526,110.19,245.0,0.0,0.0,134.8,0,0
20:07:18.631,146626,110.15,245.0,0.0,0.0,134.84,0,0
20:07:18.736,146726,110.14,245.0,0.0,0.0,134.85,0,0
20:07:18.830,146826,110.12,245.0,0.0,0.0,134.87,0,0
20:07:18.931,146926,110.12,245.0,0.0,0.0,134.87,0,0
20:07:19.030,147026,110.09,245.0,0.0,0.0,134.9,0,0
20:07:19.132,147126,110.05,245.0,0.0,0.0,134.94,0,0
20:07:19.232,147226,110.02,245.0,0.0,0.0,134.97,0,0
20:07:19.332,147326,109.99,245.0,0.0,0.0,135.0,0,0
20:07:19.433,147426,109.97,245.0,0.0,0.0,135.02,0,0
20:07:19.531,147526,109.94,245.0,0.0,0.0,135.05,0,0
20:07:19.633,147626,109.93,245.0,0.0,0.0,135.06,0,0
20:07:19.731,147726,109.91,245.0,0.0,0.0,135.08,0,0
20:07:19.830,147826,109.89,245.0,0.0,0.0,135.1,0,0
20:07:19.932,147926,109.87,245.0,0.0,0.0,135.12,0,0
20:07:20.030,148026,109.87,245.0,0.0,0.0,135.12,0,0
20:07:20.134,148126,109.83,245.0,0.0,0.0,135.16,0,0
20:07:20.230,148226,109.81,245.0,0.0,0.0,135.18,0,0
20:07:20.330,148326,109.8,245.0,0.0,0.0,135.19,0,0
20:07:20.430,148426,109.78,245.0,0.0,0.0,135.21,0,0
20:07:20.530,148526,109.77,245.0,0.0,0.0,135.22,0,0
20:07:20.631,148626,109.73,245.0,0.0,0.0,135.26,0,0
20:07:20.731,148726,109.71,245.0,0.0,0.0,135.28,0,0
20:07:20.830,148826,109.68,245.0,0.0,0.0,135.31,0,0
20:07:20.930,148926,109.68,245.0,0.0,0.0,135.31,0,0
20:07:21.032,149026,109.68,245.0,0.0,0.0,135.31,0,0
20:07:21.132,149126,109.68,245.0,0.0,0.0,135.31,0,0
20:07:21.230,149226,109.62,245.0,0.0,0.0,135.37,0,0
20:07:21.331,149326,109.61,245.0,0.0,0.0,135.38,0,0
20:07:21.431,149426,109.61,245.0,0.0,0.0,135.38,0,0
20:07:21.530,149526,109.61,245.0,0.0,0.0,135.38,0,0
20:07:21.632,149626,109.57,245.0,0.0,0.0,135.42,0,0
20:07:21.731,149726,109.54,245.0,0.0,0.0,135.45,0,0
20:07:21.829,149826,109.51,245.0,0.0,0.0,135.48,0,0
20:07:21.930,149926,109.48,245.0,0.0,0.0,135.51,0,0
20:07:22.029,150026,109.48,245.0,0.0,0.0,135.51,0,0
20:07:22.151,150126,109.48,245.0,0.0,0.0,135.51,0,0
20:07:22.230,150226,109.44,245.0,0.0,0.0,135.55,0,0
20:07:22.330,150326,109.42,245.0,0.0,0.0,135.57,0,0
20:07:22.431,150426,109.37,245.0,0.0,0.0,135.62,0,0
20:07:22.530,150526,109.37,245.0,0.0,0.0,135.62,0,0
20:07:22.634,150626,109.35,245.0,0.0,0.0,135.64,0,0
20:07:22.733,150726,109.32,245.0,0.0,0.0,135.67,0,0
20:07:22.830,150826,109.29,245.0,0.0,0.0,135.7,0,0
20:07:22.931,150926,109.26,245.0,0.0,0.0,135.73,0,0
20:07:23.031,151026,109.26,245.0,0.0,0.0,135.73,0,0
20:07:23.133,151126,109.26,245.0,0.0,0.0,135.73,0,0
20:07:23.231,151226,109.23,245.0,0.0,0.0,135.76,0,0
20:07:23.330,151326,109.21,245.0,0.0,0.0,135.78,0,0
20:07:23.430,151426,109.18,245.0,0.0,0.0,135.81,0,0
20:07:23.530,151526,109.15,245.0,0.0,0.0,135.84,0,0
20:07:23.632,151626,109.13,245.0,0.0,0.0,135.86,0,0
20:07:23.730,151726,109.11,245.0,0.0,0.0,135.88,0,0
20:07:23.848,151826,109.08,245.0,0.0,0.0,135.91,0,0
20:07:23.931,151926,109.04,245.0,0.0,0.0,135.95,0,0
20:07:24.029,152026,109.01,245.0,0.0,0.0,135.98,0,0
20:07:24.129,152126,109.01,245.0,0.0,0.0,135.98,0,0
20:07:24.229,152226,109.01,245.0,0.0,0.0,135.98,0,0
20:07:24.329,152326,108.99,245.0,0.0,0.0,136.0,0,0
20:07:24.432,152426,108.95,245.0,0.0,0.0,136.04,0,0
20:07:24.528,152526,108.91,245.0,0.0,0.0,136.08,0,0
20:07:24.629,152626,108.91,245.0,0.0,0.0,136.08,0,0
20:07:24.729,152726,108.91,245.0,0.0,0.0,136.08,0,0
20:07:24.829,152826,108.88,245.0,0.0,0.0,136.11,0,0
20:07:24.929,152926,108.88,245.0,0.0,0.0,136.11,0,0
20:07:25.029,153026,108.85,245.0,0.0,0.0,136.14,0,0
20:07:25.129,153126,108.84,245.0,0.0,0.0,136.15,0,0
20:07:25.229,153226,108.81,245.0,0.0,0.0,136.18,0,0
20:07:25.430,153426,108.76,245.0,0.0,0.0,136.23,0,0
20:07:25.549,153526,108.74,245.0,0.0,0.0,136.25,0,0
20:07:25.629,153626,108.7,245.0,0.0,0.0,136.29,0,0
20:07:25.730,153726,108.68,245.0,0.0,0.0,136.31,0,0
20:07:25.830,153826,108.68,245.0,0.0,0.0,136.31,0,0
20:07:25.930,153926,108.65,245.0,0.0,0.0,136.34,0,0
20:07:26.029,154026,108.6,245.0,0.0,0.0,136.39,0,0
20:07:26.129,154126,108.58,245.0,0.0,0.0,136.41,0,0
20:07:26.228,154226,108.55,245.0,0.0,0.0,136.44,0,0
20:07:26.329,154326,108.55,245.0,0.0,0.0,136.44,0,0
20:07:26.432,154426,108.53,245.0,0.0,0.0,136.46,0,0
20:07:26.530,154526,108.51,245.0,0.0,0.0,136.48,0,0
20:07:26.630,154626,108.51,245.0,0.0,0.0,136.48,0,0
20:07:26.729,154726,108.46,245.0,0.0,0.0,136.53,0,0
20:07:26.830,154826,108.43,245.0,0.0,0.0,136.56,0,0
20:07:26.931,154926,108.4,245.0,0.0,0.0,136.59,0,0
20:07:27.029,155026,108.37,245.0,0.0,0.0,136.62,0,0
20:07:27.129,155126,108.35,245.0,0.0,0.0,136.64,0,0
20:07:27.231,155226,108.35,245.0,0.0,0.0,136.64,0,0
20:07:27.328,155326,108.35,245.0,0.0,0.0,136.64,0,0
20:07:27.430,155426,108.32,245.0,0.0,0.0,136.67,0,0
20:07:27.528,155526,108.29,245.0,0.0,0.0,136.7,0,0
20:07:27.630,155626,108.26,245.0,0.0,0.0,136.73,0,0
20:07:27.730,155726,108.22,245.0,0.0,0.0,136.77,0,0
20:07:27.829,155826,108.21,245.0,0.0,0.0,136.78,0,0
20:07:27.928,155926,108.2,245.0,0.0,0.0,136.79,0,0
20:07:28.030,156026,108.2,245.0,0.0,0.0,136.79,0,0
20:07:28.128,156126,108.19,245.0,0.0,0.0,136.8,0,0
20:07:28.229,156226,108.18,245.0,0.0,0.0,136.81,0,0
20:07:28.328,156326,108.15,245.0,0.0,0.0,136.84,0,0
20:07:28.427,156426,108.15,245.0,0.0,0.0,136.84,0,0
20:07:28.528,156526,108.11,245.0,0.0,0.0,136.88,0,0
20:07:28.627,156626,108.07,245.0,0.0,0.0,136.92,0,0
20:07:28.729,156726,108.04,245.0,0.0,0.0,136.95,0,0
20:07:28.829,156826,108.0,245.0,0.0,0.0,136.99,0,0
20:07:28.949,156926,107.99,245.0,0.0,0.0,137.0,0,0
20:07:29.030,157026,107.95,245.0,0.0,0.0,137.04,0,0
20:07:29.129,157126,107.95,245.0,0.0,0.0,137.04,0,0
20:07:29.228,157226,107.92,245.0,0.0,0.0,137.07,0,0
20:07:29.329,157326,107.9,245.0,0.0,0.0,137.09,0,0
20:07:29.428,157426,107.9,245.0,0.0,0.0,137.09,0,0
20:07:29.549,157526,107.84,245.0,0.0,0.0,137.15,0,0
20:07:29.628,157626,107.85,245.0,0.0,0.0,137.14,0,0
20:07:29.729,157726,107.81,245.0,0.0,0.0,137.18,0,0
20:07:29.828,157826,107.79,245.0,0.0,0.0,137.2,0,0
20:07:29.928,157926,107.78,245.0,0.0,0.0,137.21,0,0
20:07:30.028,158026,107.74,245.0,0.0,0.0,137.25,0,0
20:07:30.128,158126,107.74,245.0,0.0,0.0,137.25,0,0
20:07:30.230,158226,107.69,245.0,0.0,0.0,137.3,0,0
20:07:30.329,158326,107.67,245.0,0.0,0.0,137.32,0,0
20:07:30.427,158426,107.64,245.0,0.0,0.0,137.35,0,0
20:07:30.529,158526,107.62,245.0,0.0,0.0,137.37,0,0
20:07:30.628,158626,107.6,245.0,0.0,0.0,137.39,0,0
20:07:30.730,158726,107.58,245.0,0.0,0.0,137.41,0,0
20:07:30.827,158826,107.56,245.0,0.0,0.0,137.43,0,0
20:07:30.928,158926,107.54,245.0,0.0,0.0,137.45,0,0
20:07:31.027,159026,107.52,245.0,0.0,0.0,137.47,0,0
20:07:31.128,159126,107.49,245.0,0.0,0.0,137.5,0,0
20:07:31.239,159226,107.46,245.0,0.0,0.0,137.53,0,0
20:07:31.327,159326,107.43,245.0,0.0,0.0,137.56,0,0
20:07:31.427,159426,107.43,245.0,0.0,0.0,137.56,0,0
20:07:31.529,159526,107.43,245.0,0.0,0.0,137.56,0,0
20:07:31.628,159626,107.38,245.0,0.0,0.0,137.61,0,0
20:07:31.728,159726,107.36,245.0,0.0,0.0,137.63,0,0
20:07:31.828,159826,107.34,245.0,0.0,0.0,137.65,0,0
20:07:31.927,159926,107.32,245.0,0.0,0.0,137.67,0,0
20:07:32.028,160026,107.3,245.0,0.0,0.0,137.69,0,0
20:07:32.126,160126,107.26,245.0,0.0,0.0,137.73,0,0
20:07:32.228,160226,107.24,245.0,0.0,0.0,137.75,0,0
20:07:32.327,160326,107.22,245.0,0.0,0.0,137.77,0,0
20:07:32.428,160426,107.2,245.0,0.0,0.0,137.79,0,0
20:07:32.526,160526,107.17,245.0,0.0,0.0,137.82,0,0
20:07:32.627,160626,107.17,245.0,0.0,0.0,137.82,0,0
20:07:32.730,160726,107.13,245.0,0.0,0.0,137.86,0,0
20:07:32.827,160826,107.08,245.0,0.0,0.0,137.91,0,0
20:07:32.926,160926,107.07,245.0,0.0,0.0,137.92,0,0
20:07:33.027,161026,107.07,245.0,0.0,0.0,137.92,0,0
20:07:33.126,161126,107.04,245.0,0.0,0.0,137.95,0,0
20:07:33.229,161226,107.03,245.0,0.0,0.0,137.96,0,0
20:07:33.327,161326,106.97,245.0,0.0,0.0,138.02,0,0
20:07:33.426,161426,106.95,245.0,0.0,0.0,138.04,0,0
20:07:33.532,161526,106.95,245.0,0.0,0.0,138.04,0,0
20:07:33.627,161626,106.93,245.0,0.0,0.0,138.06,0,0
20:07:33.827,161826,106.9,245.0,0.0,0.0,138.09,0,0
20:07:33.927,161926,106.89,245.0,0.0,0.0,138.1,0,0
20:07:34.028,162026,106.87,245.0,0.0,0.0,138.12,0,0
20:07:34.127,162126,106.86,245.0,0.0,0.0,138.13,0,0
20:07:34.229,162226,106.84,245.0,0.0,0.0,138.15,0,0
20:07:34.327,162326,106.82,245.0,0.0,0.0,138.17,0,0
20:07:34.427,162426,106.8,245.0,0.0,0.0,138.19,0,0
20:07:34.527,162526,106.77,245.0,0.0,0.0,138.22,0,0
20:07:34.627,162626,106.77,245.0,0.0,0.0,138.22,0,0
20:07:34.729,162726,106.77,245.0,0.0,0.0,138.22,0,0
20:07:34.827,162826,106.74,245.0,0.0,0.0,138.25,0,0
20:07:34.927,162926,106.72,245.0,0.0,0.0,138.27,0,0
20:07:35.030,163026,106.71,245.0,0.0,0.0,138.28,0,0
20:07:35.128,163126,106.71,245.0,0.0,0.0,138.28,0,0
20:07:35.232,163226,106.71,245.0,0.0,0.0,138.28,0,0
20:07:35.333,163326,106.67,245.0,0.0,0.0,138.32,0,0
20:07:35.427,163426,106.64,245.0,0.0,0.0,138.35,0,0
20:07:35.534,163526,106.61,245.0,0.0,0.0,138.38,0,0
20:07:35.627,163626,106.59,245.0,0.0,0.0,138.4,0,0
20:07:35.729,163726,106.55,245.0,0.0,0.0,138.44,0,0
20:07:35.826,163826,106.55,245.0,0.0,0.0,138.44,0,0
20:07:35.930,163926,106.52,245.0,0.0,0.0,138.47,0,0
20:07:36.026,164026,106.5,245.0,0.0,0.0,138.49,0,0
20:07:36.128,164126,106.46,245.0,0.0,0.0,138.53,0,0
20:07:36.230,164226,106.44,245.0,0.0,0.0,138.55,0,0
20:07:36.328,164326,106.43,245.0,0.0,0.0,138.56,0,0
20:07:36.426,164426,106.41,245.0,0.0,0.0,138.58,0,0
20:07:36.526,164526,106.39,245.0,0.0,0.0,138.6,0,0
20:07:36.629,164626,106.36,245.0,0.0,0.0,138.63,0,0
20:07:36.726,164726,106.36,245.0,0.0,0.0,138.63,0,0
20:07:36.827,164826,106.36,245.0,0.0,0.0,138.63,0,0
20:07:36.931,164926,106.32,245.0,0.0,0.0,138.67,0,0
20:07:37.029,165026,106.27,245.0,0.0,0.0,138.72,0,0
20:07:37.129,165126,106.23,245.0,0.0,0.0,138.76,0,0
20:07:37.228,165226,106.21,245.0,0.0,0.0,138.78,0,0
20:07:37.328,165326,106.18,245.0,0.0,0.0,138.81,0,0
20:07:37.426,165426,106.17,245.0,0.0,0.0,138.82,0,0
20:07:37.528,165526,106.15,245.0,0.0,0.0,138.84,0,0
20:07:37.628,165626,106.15,245.0,0.0,0.0,138.84,0,0
20:07:37.726,165726,106.12,245.0,0.0,0.0,138.87,0,0
20:07:37.827,165826,106.1,245.0,0.0,0.0,138.89,0,0
20:07:38.038,166026,106.06,245.0,0.0,0.0,138.93,0,0
20:07:38.126,166126,106.05,245.0,0.0,0.0,138.94,0,0
20:07:38.226,166226,106.01,245.0,0.0,0.0,138.98,0,0
20:07:38.329,166326,105.98,245.0,0.0,0.0,139.01,0,0
20:07:38.430,166426,105.96,245.0,0.0,0.0,139.03,0,0
20:07:38.529,166526,105.96,245.0,0.0,0.0,139.03,0,0
20:07:38.628,166626,105.92,245.0,0.0,0.0,139.07,0,0
20:07:38.726,166726,105.9,245.0,0.0,0.0,139.09,0,0
20:07:38.826,166826,105.9,245.0,0.0,0.0,139.09,0,0
20:07:38.926,166926,105.9,245.0,0.0,0.0,139.09,0,0
20:07:39.032,167026,105.88,245.0,0.0,0.0,139.11,0,0
20:07:39.126,167126,105.84,245.0,0.0,0.0,139.15,0,0
20:07:39.229,167226,105.82,245.0,0.0,0.0,139.17,0,0
20:07:39.330,167326,105.79,245.0,0.0,0.0,139.2,0,0
20:07:39.425,167426,105.75,245.0,0.0,0.0,139.24,0,0
20:07:39.527,167526,105.75,245.0,0.0,0.0,139.24,0,0
20:07:39.626,167626,105.73,245.0,0.0,0.0,139.26,0,0
20:07:39.733,167726,105.74,245.0,0.0,0.0,139.25,0,0
20:07:39.829,167826,105.71,245.0,0.0,0.0,139.28,0,0
20:07:39.926,167926,105.7,245.0,0.0,0.0,139.29,0,0
20:07:40.125,168126,105.66,245.0,0.0,0.0,139.33,0,0
20:07:40.225,168226,105.62,245.0,0.0,0.0,139.37,0,0
20:07:40.327,168326,105.59,245.0,0.0,0.0,139.4,0,0
20:07:40.427,168426,105.57,245.0,0.0,0.0,139.42,0,0
20:07:40.535,168526,105.57,245.0,0.0,0.0,139.42,0,0
20:07:40.632,168626,105.52,245.0,0.0,0.0,139.47,0,0
20:07:40.731,168726,105.5,245.0,0.0,0.0,139.49,0,0
20:07:40.825,168826,105.47,245.0,0.0,0.0,139.52,0,0
20:07:40.924,168926,105.47,245.0,0.0,0.0,139.52,0,0
20:07:41.024,169026,105.47,245.0,0.0,0.0,139.52,0,0
20:07:41.127,169126,105.43,245.0,0.0,0.0,139.56,0,0
20:07:41.225,169226,105.41,245.0,0.0,0.0,139.58,0,0
20:07:41.326,169326,105.4,245.0,0.0,0.0,139.59,0,0
20:07:41.454,169426,105.38,245.0,0.0,0.0,139.61,0,0
20:07:41.525,169526,105.35,245.0,0.0,0.0,139.64,0,0
20:07:41.626,169626,105.33,245.0,0.0,0.0,139.66,0,0
20:07:41.730,169726,105.3,245.0,0.0,0.0,139.69,0,0
20:07:41.825,169826,105.28,245.0,0.0,0.0,139.71,0,0
20:07:41.931,169926,105.27,245.0,0.0,0.0,139.72,0,0
20:07:42.035,170026,105.24,245.0,0.0,0.0,139.75,0,0
20:07:42.125,170126,105.24,245.0,0.0,0.0,139.75,0,0
20:07:42.226,170226,105.2,245.0,0.0,0.0,139.79,0,0
20:07:42.327,170326,105.18,245.0,0.0,0.0,139.81,0,0
20:07:42.429,170426,105.13,245.0,0.0,0.0,139.86,0,0
20:07:42.530,170526,105.11,245.0,0.0,0.0,139.88,0,0
20:07:42.627,170626,105.08,245.0,0.0,0.0,139.91,0,0
20:07:42.726,170726,105.06,245.0,0.0,0.0,139.93,0,0
20:07:42.827,170826,105.03,245.0,0.0,0.0,139.96,0,0
20:07:42.926,170926,105.02,245.0,0.0,0.0,139.97,0,0
20:07:43.028,171026,104.98,245.0,0.0,0.0,140.01,0,0
20:07:43.146,171126,104.98,245.0,0.0,0.0,140.01,0,0
20:07:43.226,171226,104.97,245.0,0.0,0.0,140.02,0,0
20:07:43.328,171326,104.94,245.0,0.0,0.0,140.05,0,0
20:07:43.425,171426,104.9,245.0,0.0,0.0,140.09,0,0
20:07:43.524,171526,104.88,245.0,0.0,0.0,140.11,0,0
20:07:43.628,171626,104.85,245.0,0.0,0.0,140.14,0,0
20:07:43.732,171726,104.81,245.0,0.0,0.0,140.18,0,0
20:07:43.832,171826,104.81,245.0,0.0,0.0,140.18,0,0
20:07:43.926,171926,104.79,245.0,0.0,0.0,140.2,0,0
20:07:44.029,172026,104.78,245.0,0.0,0.0,140.21,0,0
20:07:44.127,172126,104.75,245.0,0.0,0.0,140.24,0,0
20:07:44.324,172326,104.72,245.0,0.0,0.0,140.27,0,0
20:07:44.423,172426,104.7,245.0,0.0,0.0,140.29,0,0
20:07:44.527,172526,104.66,245.0,0.0,0.0,140.33,0,0
20:07:44.625,172626,104.63,245.0,0.0,0.0,140.36,0,0
20:07:44.724,172726,104.61,245.0,0.0,0.0,140.38,0,0
20:07:44.843,172826,104.61,245.0,0.0,0.0,140.38,0,0
20:07:44.924,172926,104.58,245.0,0.0,0.0,140.41,0,0
20:07:45.028,173026,104.55,245.0,0.0,0.0,140.44,0,0
20:07:45.125,173126,104.54,245.0,0.0,0.0,140.45,0,0
20:07:45.224,173226,104.54,245.0,0.0,0.0,140.45,0,0
20:07:45.327,173326,104.53,245.0,0.0,0.0,140.46,0,0
20:07:45.425,173426,104.49,245.0,0.0,0.0,140.5,0,0
20:07:45.523,173526,104.45,245.0,0.0,0.0,140.54,0,0
20:07:45.626,173626,104.42,245.0,0.0,0.0,140.57,0,0
20:07:45.725,173726,104.39,245.0,0.0,0.0,140.6,0,0
20:07:45.828,173826,104.39,245.0,0.0,0.0,140.6,0,0
20:07:45.925,173926,104.38,245.0,0.0,0.0,140.61,0,0
20:07:46.023,174026,104.36,245.0,0.0,0.0,140.63,0,0
20:07:46.127,174126,104.36,245.0,0.0,0.0,140.63,0,0
20:07:46.224,174226,104.34,245.0,0.0,0.0,140.65,0,0
20:07:46.424,174426,104.3,245.0,0.0,0.0,140.69,0,0
20:07:46.548,174526,104.28,245.0,0.0,0.0,140.71,0,0
20:07:46.632,174626,104.26,245.0,0.0,0.0,140.73,0,0
20:07:46.724,174726,104.24,245.0,0.0,0.0,140.75,0,0
20:07:46.827,174826,104.22,245.0,0.0,0.0,140.77,0,0
20:07:46.926,174926,104.22,245.0,0.0,0.0,140.77,0,0
20:07:47.029,175026,104.21,245.0,0.0,0.0,140.78,0,0
20:07:47.132,175126,104.18,245.0,0.0,0.0,140.81,0,0
20:07:47.224,175226,104.15,245.0,0.0,0.0,140.84,0,0
20:07:47.327,175326,104.15,245.0,0.0,0.0,140.84,0,0
20:07:47.426,175426,104.13,245.0,0.0,0.0,140.86,0,0
20:07:47.524,175526,104.1,245.0,0.0,0.0,140.89,0,0
20:07:47.625,175626,104.06,245.0,0.0,0.0,140.93,0,0
20:07:47.725,175726,104.04,245.0,0.0,0.0,140.95,0,0
20:07:47.828,175826,104.02,245.0,0.0,0.0,140.97,0,0
20:07:47.926,175926,103.97,245.0,0.0,0.0,141.02,0,0
20:07:48.023,176026,103.97,245.0,0.0,0.0,141.02,0,0
20:07:48.127,176126,103.93,245.0,0.0,0.0,141.06,0,0
20:07:48.239,176226,103.92,245.0,0.0,0.0,141.07,0,0
20:07:48.326,176326,103.89,245.0,0.0,0.0,141.1,0,0
20:07:48.426,176426,103.89,245.0,0.0,0.0,141.1,0,0
20:07:48.524,176526,103.86,245.0,0.0,0.0,141.13,0,0
20:07:48.627,176626,103.84,245.0,0.0,0.0,141.15,0,0
20:07:48.723,176726,103.81,245.0,0.0,0.0,141.18,0,0
20:07:48.828,176826,103.78,245.0,0.0,0.0,141.21,0,0
20:07:48.924,176926,103.76,245.0,0.0,0.0,141.23,0,0
20:07:49.023,177026,103.76,245.0,0.0,0.0,141.23,0,0
20:07:49.125,177126,103.74,245.0,0.0,0.0,141.25,0,0
20:07:49.236,177226,103.69,245.0,0.0,0.0,141.3,0,0
20:07:49.330,177326,103.67,245.0,0.0,0.0,141.32,0,0
20:07:49.424,177426,103.67,245.0,0.0,0.0,141.32,0,0
20:07:49.524,177526,103.64,245.0,0.0,0.0,141.35,0,0
20:07:49.626,177626,103.61,245.0,0.0,0.0,141.38,0,0
20:07:49.729,177726,103.6,245.0,0.0,0.0,141.39,0,0
20:07:49.825,177826,103.59,245.0,0.0,0.0,141.4,0,0
20:07:49.951,177926,103.56,245.0,0.0,0.0,141.43,0,0
20:07:50.023,178026,103.52,245.0,0.0,0.0,141.47,0,0
20:07:50.126,178126,103.52,245.0,0.0,0.0,141.47,0,0
20:07:50.228,178226,103.5,245.0,0.0,0.0,141.49,0,0
20:07:50.326,178326,103.5,245.0,0.0,0.0,141.49,0,0
20:07:50.430,178426,103.48,245.0,0.0,0.0,141.51,0,0
20:07:50.541,178526,103.48,245.0,0.0,0.0,141.51,0,0
20:07:50.626,178626,103.42,245.0,0.0,0.0,141.57,0,0
20:07:50.724,178726,103.4,245.0,0.0,0.0,141.59,0,0
20:07:50.828,178826,103.39,245.0,0.0,0.0,141.6,0,0
20:07:50.924,178926,103.37,245.0,0.0,0.0,141.62,0,0
20:07:51.026,179026,103.35,245.0,0.0,0.0,141.64,0,0
20:07:51.128,179126,103.35,245.0,0.0,0.0,141.64,0,0
20:07:51.223,179226,103.33,245.0,0.0,0.0,141.66,0,0
20:07:51.326,179326,103.3,245.0,0.0,0.0,141.69,0,0
20:07:51.424,179426,103.27,245.0,0.0,0.0,141.72,0,0
20:07:51.522,179526,103.27,245.0,0.0,0.0,141.72,0,0
20:07:51.624,179626,103.24,245.0,0.0,0.0,141.75,0,0
20:07:51.723,179726,103.22,245.0,0.0,0.0,141.77,0,0
20:07:51.822,179826,103.18,245.0,0.0,0.0,141.81,0,0
20:07:51.924,179926,103.15,245.0,0.0,0.0,141.84,0,0
20:07:52.022,180026,103.13,245.0,0.0,0.0,141.86,0,0
20:07:52.126,180126,103.11,245.0,0.0,0.0,141.88,0,0
20:07:52.249,180226,103.09,245.0,0.0,0.0,141.9,0,0
20:07:52.323,180326,103.08,245.0,0.0,0.0,141.91,0,0
20:07:52.423,180426,103.05,245.0,0.0,0.0,141.94,0,0
20:07:52.522,180526,103.05,245.0,0.0,0.0,141.94,0,0
20:07:52.622,180626,103.04,245.0,0.0,0.0,141.95,0,0
20:07:52.722,180726,103.03,245.0,0.0,0.0,141.96,0,0
20:07:52.825,180826,103.0,245.0,0.0,0.0,141.99,0,0
20:07:52.926,180926,102.97,245.0,0.0,0.0,142.02,0,0
20:07:53.023,181026,102.93,245.0,0.0,0.0,142.06,0,0
20:07:53.127,181126,102.9,245.0,0.0,0.0,142.09,0,0
20:07:53.223,181226,102.87,245.0,0.0,0.0,142.12,0,0
20:07:53.328,181326,102.82,245.0,0.0,0.0,142.17,0,0
20:07:53.424,181426,102.8,245.0,0.0,0.0,142.19,0,0
20:07:53.522,181526,102.81,245.0,0.0,0.0,142.18,0,0
20:07:53.625,181626,102.81,245.0,0.0,0.0,142.18,0,0
20:07:53.726,181726,102.79,245.0,0.0,0.0,142.2,0,0
20:07:53.833,181826,102.77,245.0,0.0,0.0,142.22,0,0
20:07:53.959,181926,102.73,245.0,0.0,0.0,142.26,0,0
20:07:54.028,182026,102.72,245.0,0.0,0.0,142.27,0,0
20:07:54.125,182126,102.7,245.0,0.0,0.0,142.29,0,0
20:07:54.223,182226,102.67,245.0,0.0,0.0,142.32,0,0
20:07:54.321,182326,102.63,245.0,0.0,0.0,142.36,0,0
20:07:54.422,182426,102.61,245.0,0.0,0.0,142.38,0,0
20:07:54.528,182526,102.61,245.0,0.0,0.0,142.38,0,0
20:07:54.624,182626,102.59,245.0,0.0,0.0,142.4,0,0
20:07:54.825,182826,102.56,245.0,0.0,0.0,142.43,0,0
20:07:54.923,182926,102.54,245.0,0.0,0.0,142.45,0,0
20:07:55.022,183026,102.52,245.0,0.0,0.0,142.47,0,0
20:07:55.122,183126,102.51,245.0,0.0,0.0,142.48,0,0
20:07:55.223,183226,102.47,245.0,0.0,0.0,142.52,0,0
20:07:55.322,183326,102.44,245.0,0.0,0.0,142.55,0,0
20:07:55.424,183426,102.42,245.0,0.0,0.0,142.57,0,0
20:07:55.522,183526,102.41,245.0,0.0,0.0,142.58,0,0
20:07:55.646,183626,102.4,245.0,0.0,0.0,142.59,0,0
20:07:55.721,183726,102.4,245.0,0.0,0.0,142.59,0,0
20:07:55.822,183826,102.39,245.0,0.0,0.0,142.6,0,0
20:07:55.923,183926,102.36,245.0,0.0,0.0,142.63,0,0
20:07:56.022,184026,102.33,245.0,0.0,0.0,142.66,0,0
20:07:56.124,184126,102.31,245.0,0.0,0.0,142.68,0,0
20:07:56.225,184226,102.3,245.0,0.0,0.0,142.69,0,0
20:07:56.321,184326,102.28,245.0,0.0,0.0,142.71,0,0
20:07:56.423,184426,102.23,245.0,0.0,0.0,142.76,0,0
20:07:56.521,184526,102.22,245.0,0.0,0.0,142.77,0,0
20:07:56.621,184626,102.21,245.0,0.0,0.0,142.78,0,0
20:07:56.722,184726,102.19,245.0,0.0,0.0,142.8,0,0
20:07:56.821,184826,102.16,245.0,0.0,0.0,142.83,0,0
20:07:56.924,184926,102.12,245.0,0.0,0.0,142.87,0,0
20:07:57.020,185026,102.1,245.0,0.0,0.0,142.89,0,0
20:07:57.125,185126,102.08,245.0,0.0,0.0,142.91,0,0
20:07:57.221,185226,102.06,245.0,0.0,0.0,142.93,0,0
20:07:57.358,185326,102.06,245.0,0.0,0.0,142.93,0,0
20:07:57.424,185426,102.06,245.0,0.0,0.0,142.93,0,0
20:07:57.521,185526,102.04,245.0,0.0,0.0,142.95,0,0
20:07:57.633,185626,102.03,245.0,0.0,0.0,142.96,0,0
20:07:57.729,185726,102.0,245.0,0.0,0.0,142.99,0,0
20:07:57.827,185826,102.0,245.0,0.0,0.0,142.99,0,0
20:07:57.941,185926,101.99,245.0,0.0,0.0,143.0,0,0
20:07:58.023,186026,101.96,245.0,0.0,0.0,143.03,0,0
20:07:58.120,186126,101.93,245.0,0.0,0.0,143.06,0,0
20:07:58.223,186226,101.92,245.0,0.0,0.0,143.07,0,0
20:07:58.321,186326,101.89,245.0,0.0,0.0,143.1,0,0
20:07:58.425,186426,101.88,245.0,0.0,0.0,143.11,0,0
20:07:58.524,186526,101.85,245.0,0.0,0.0,143.14,0,0
20:07:58.622,186626,101.86,245.0,0.0,0.0,143.13,0,0
20:07:58.728,186726,101.85,245.0,0.0,0.0,143.14,0,0
20:07:58.822,186826,101.83,245.0,0.0,0.0,143.16,0,0
20:07:59.020,187026,101.79,245.0,0.0,0.0,143.2,0,0
20:07:59.121,187126,101.78,245.0,0.0,0.0,143.21,0,0
20:07:59.222,187226,101.75,245.0,0.0,0.0,143.24,0,0
20:07:59.328,187326,101.74,245.0,0.0,0.0,143.25,0,0
20:07:59.423,187426,101.72,245.0,0.0,0.0,143.27,0,0
20:07:59.521,187526,101.71,245.0,0.0,0.0,143.28,0,0
20:07:59.625,187626,101.69,245.0,0.0,0.0,143.3,0,0
20:07:59.720,187726,101.67,245.0,0.0,0.0,143.32,0,0
20:07:59.821,187826,101.63,245.0,0.0,0.0,143.36,0,0
20:07:59.922,187926,101.62,245.0,0.0,0.0,143.37,0,0
20:08:00.022,188026,101.58,245.0,0.0,0.0,143.41,0,0
20:08:00.120,188126,101.56,245.0,0.0,0.0,143.43,0,0
20:08:00.219,188226,101.54,245.0,0.0,0.0,143.45,0,0
20:08:00.323,188326,101.53,245.0,0.0,0.0,143.46,0,0
20:08:00.427,188426,101.52,245.0,0.0,0.0,143.47,0,0
20:08:00.521,188526,101.5,245.0,0.0,0.0,143.49,0,0
20:08:00.620,188626,101.48,245.0,0.0,0.0,143.51,0,0
20:08:00.724,188726,101.49,245.0,0.0,0.0,143.5,0,0
20:08:00.823,188826,101.46,245.0,0.0,0.0,143.53,0,0
20:08:00.919,188926,101.45,245.0,0.0,0.0,143.54,0,0
20:08:01.020,189026,101.45,245.0,0.0,0.0,143.54,0,0
20:08:01.121,189126,101.41,245.0,0.0,0.0,143.58,0,0
20:08:01.225,189226,101.4,245.0,0.0,0.0,143.59,0,0
20:08:01.336,189326,101.37,245.0,0.0,0.0,143.62,0,0
20:08:01.420,189426,101.35,245.0,0.0,0.0,143.64,0,0
20:08:01.520,189526,101.34,245.0,0.0,0.0,143.65,0,0
20:08:01.628,189626,101.32,245.0,0.0,0.0,143.67,0,0
20:08:01.722,189726,101.29,245.0,0.0,0.0,143.7,0,0
20:08:01.829,189826,101.27,245.0,0.0,0.0,143.72,0,0
20:08:01.926,189926,101.26,245.0,0.0,0.0,143.73,0,0
20:08:02.021,190026,101.26,245.0,0.0,0.0,143.73,0,0
20:08:02.123,190126,101.23,245.0,0.0,0.0,143.76,0,0
20:08:02.225,190226,101.22,245.0,0.0,0.0,143.77,0,0
20:08:02.322,190326,101.2,245.0,0.0,0.0,143.79,0,0
20:08:02.427,190426,101.19,245.0,0.0,0.0,143.8,0,0
20:08:02.520,190526,101.15,245.0,0.0,0.0,143.84,0,0
20:08:02.620,190626,101.14,245.0,0.0,0.0,143.85,0,0
20:08:02.723,190726,101.11,245.0,0.0,0.0,143.88,0,0
20:08:02.822,190826,101.09,245.0,0.0,0.0,143.9,0,0
20:08:02.924,190926,101.1,245.0,0.0,0.0,143.89,0,0
20:08:03.019,191026,101.1,245.0,0.0,0.0,143.89,0,0
20:08:03.224,191226,101.06,245.0,0.0,0.0,143.93,0,0
20:08:03.322,191326,101.05,245.0,0.0,0.0,143.94,0,0
20:08:03.433,191426,101.02,245.0,0.0,0.0,143.97,0,0
20:08:03.523,191526,100.99,245.0,0.0,0.0,144.0,0,0
20:08:03.620,191626,100.97,245.0,0.0,0.0,144.02,0,0
20:08:03.722,191726,100.97,245.0,0.0,0.0,144.02,0,0
20:08:03.823,191826,100.93,245.0,0.0,0.0,144.06,0,0
20:08:03.924,191926,100.9,245.0,0.0,0.0,144.09,0,0
20:08:04.022,192026,100.9,245.0,0.0,0.0,144.09,0,0
20:08:04.118,192126,100.88,245.0,0.0,0.0,144.11,0,0
20:08:04.222,192226,100.88,245.0,0.0,0.0,144.11,0,0
20:08:04.321,192326,100.85,245.0,0.0,0.0,144.14,0,0
20:08:04.419,192426,100.81,245.0,0.0,0.0,144.18,0,0
20:08:04.526,192526,100.8,245.0,0.0,0.0,144.19,0,0
20:08:04.626,192626,100.77,245.0,0.0,0.0,144.22,0,0
20:08:04.756,192726,100.73,245.0,0.0,0.0,144.26,0,0
20:08:04.827,192826,100.73,245.0,0.0,0.0,144.26,0,0
20:08:04.919,192926,100.7,245.0,0.0,0.0,144.29,0,0
20:08:05.020,193026,100.67,245.0,0.0,0.0,144.32,0,0
20:08:05.125,193126,100.64,245.0,0.0,0.0,144.35,0,0
20:08:05.223,193226,100.61,245.0,0.0,0.0,144.38,0,0
20:08:05.321,193326,100.62,245.0,0.0,0.0,144.37,0,0
20:08:05.419,193426,100.59,245.0,0.0,0.0,144.4,0,0
20:08:05.521,193526,100.57,245.0,0.0,0.0,144.42,0,0
20:08:05.620,193626,100.53,245.0,0.0,0.0,144.46,0,0
20:08:05.723,193726,100.53,245.0,0.0,0.0,144.46,0,0
20:08:05.820,193826,100.53,245.0,0.0,0.0,144.46,0,0
20:08:05.919,193926,100.51,245.0,0.0,0.0,144.48,0,0
20:08:06.021,194026,100.48,245.0,0.0,0.0,144.51,0,0
20:08:06.128,194126,100.44,245.0,0.0,0.0,144.55,0,0
20:08:06.226,194226,100.44,245.0,0.0,0.0,144.55,0,0
20:08:06.334,194326,100.42,245.0,0.0,0.0,144.57,0,0
20:08:06.461,194426,100.4,245.0,0.0,0.0,144.59,0,0
20:08:06.523,194526,100.37,245.0,0.0,0.0,144.62,0,0
20:08:06.618,194626,100.32,245.0,0.0,0.0,144.67,0,0
20:08:06.729,194726,100.31,245.0,0.0,0.0,144.68,0,0
20:08:06.821,194826,100.31,245.0,0.0,0.0,144.68,0,0
20:08:06.925,194926,100.28,245.0,0.0,0.0,144.71,0,0
20:08:07.046,195026,100.25,245.0,0.0,0.0,144.74,0,0
20:08:07.123,195126,100.24,245.0,0.0,0.0,144.75,0,0
20:08:07.219,195226,100.23,245.0,0.0,0.0,144.76,0,0
20:08:07.320,195326,100.23,245.0,0.0,0.0,144.76,0,0
20:08:07.424,195426,100.18,245.0,0.0,0.0,144.81,0,0
20:08:07.522,195526,100.18,245.0,0.0,0.0,144.81,0,0
20:08:07.627,195626,100.14,245.0,0.0,0.0,144.85,0,0
20:08:07.722,195726,100.11,245.0,0.0,0.0,144.88,0,0
20:08:07.818,195826,100.1,245.0,0.0,0.0,144.89,0,0
20:08:07.923,195926,100.1,245.0,0.0,0.0,144.89,0,0
20:08:08.019,196026,100.09,245.0,0.0,0.0,144.9,0,0
20:08:08.120,196126,100.07,245.0,0.0,0.0,144.92,0,0
20:08:08.218,196226,100.05,245.0,0.0,0.0,144.94,0,0
20:08:08.325,196326,100.04,245.0,0.0,0.0,144.95,0,0
20:08:08.423,196426,100.04,245.0,0.0,0.0,144.95,0,0
20:08:08.520,196526,100.03,245.0,0.0,0.0,144.96,0,0
20:08:08.623,196626,100.01,245.0,0.0,0.0,144.98,0,0
20:08:08.726,196726,99.98,245.0,0.0,0.0,145.01,0,0
20:08:08.817,196826,99.95,245.0,0.0,0.0,145.04,0,0
20:08:08.918,196926,99.92,245.0,0.0,0.0,145.07,0,0
20:08:09.020,197026,99.91,245.0,0.0,0.0,145.08,0,0
20:08:09.124,197126,99.88,245.0,0.0,0.0,145.11,0,0
20:08:09.223,197226,99.87,245.0,0.0,0.0,145.12,0,0
20:08:09.322,197326,99.86,245.0,0.0,0.0,145.13,0,0
20:08:09.424,197426,99.84,245.0,0.0,0.0,145.15,0,0
20:08:09.518,197526,99.83,245.0,0.0,0.0,145.16,0,0
20:08:09.625,197626,99.79,245.0,0.0,0.0,145.2,0,0
20:08:09.721,197726,99.77,245.0,0.0,0.0,145.22,0,0
20:08:09.919,197926,99.76,245.0,0.0,0.0,145.23,0,0
20:08:10.022,198026,99.75,245.0,0.0,0.0,145.24,0,0
20:08:10.120,198126,99.73,245.0,0.0,0.0,145.26,0,0
20:08:10.223,198226,99.71,245.0,0.0,0.0,145.28,0,0
20:08:10.320,198326,99.66,245.0,0.0,0.0,145.33,0,0
20:08:10.444,198426,99.65,245.0,0.0,0.0,145.34,0,0
20:08:10.518,198526,99.65,245.0,0.0,0.0,145.34,0,0
20:08:10.618,198626,99.63,245.0,0.0,0.0,145.36,0,0
20:08:10.721,198726,99.61,245.0,0.0,0.0,145.38,0,0
20:08:10.822,198826,99.61,245.0,0.0,0.0,145.38,0,0
20:08:10.920,198926,99.6,245.0,0.0,0.0,145.39,0,0
20:08:11.024,199026,99.58,245.0,0.0,0.0,145.41,0,0
20:08:11.127,199126,99.55,245.0,0.0,0.0,145.44,0,0
20:08:11.228,199226,99.52,245.0,0.0,0.0,145.47,0,0
20:08:11.320,199326,99.54,245.0,0.0,0.0,145.45,0,0
20:08:11.424,199426,99.5,245.0,0.0,0.0,145.49,0,0
20:08:11.617,199626,99.5,245.0,0.0,0.0,145.49,0,0
20:08:11.723,199726,99.48,245.0,0.0,0.0,145.51,0,0
20:08:11.818,199826,99.45,245.0,0.0,0.0,145.54,0,0
20:08:12.017,200026,99.44,245.0,0.0,0.0,145.55,0,0
20:08:12.142,200126,99.42,245.0,0.0,0.0,145.57,0,0
20:08:12.218,200226,99.39,245.0,0.0,0.0,145.6,0,0
20:08:12.319,200326,99.38,245.0,0.0,0.0,145.61,0,0
20:08:12.417,200426,99.38,245.0,0.0,0.0,145.61,0,0
20:08:12.520,200526,99.36,245.0,0.0,0.0,145.63,0,0
20:08:12.626,200626,99.34,245.0,0.0,0.0,145.65,0,0
20:08:12.732,200726,99.32,245.0,0.0,0.0,145.67,0,0
20:08:12.819,200826,99.29,245.0,0.0,0.0,145.7,0,0
20:08:12.918,200926,99.26,245.0,0.0,0.0,145.73,0,0
20:08:13.017,201026,99.23,245.0,0.0,0.0,145.76,0,0
20:08:13.118,201126,99.23,245.0,0.0,0.0,145.76,0,0
20:08:13.217,201226,99.21,245.0,0.0,0.0,145.78,0,0
20:08:13.329,201326,99.18,245.0,0.0,0.0,145.81,0,0
20:08:13.422,201426,99.17,245.0,0.0,0.0,145.82,0,0
20:08:13.517,201526,99.15,245.0,0.0,0.0,145.84,0,0
20:08:13.624,201626,99.14,245.0,0.0,0.0,145.85,0,0
20:08:13.722,201726,99.1,245.0,0.0,0.0,145.89,0,0
20:08:13.848,201826,99.09,245.0,0.0,0.0,145.9,0,0
20:08:13.918,201926,99.06,245.0,0.0,0.0,145.93,0,0
20:08:14.017,202026,99.06,245.0,0.0,0.0,145.93,0,0
20:08:14.118,202126,99.05,245.0,0.0,0.0,145.94,0,0
20:08:14.216,202226,99.03,245.0,0.0,0.0,145.96,0,0
20:08:14.322,202326,99.01,245.0,0.0,0.0,145.98,0,0
20:08:14.419,202426,99.01,245.0,0.0,0.0,145.98,0,0
20:08:14.517,202526,99.01,245.0,0.0,0.0,145.98,0,0
20:08:14.619,202626,98.98,245.0,0.0,0.0,146.01,0,0
20:08:14.723,202726,98.97,245.0,0.0,0.0,146.02,0,0
20:08:14.826,202826,98.96,245.0,0.0,0.0,146.03,0,0
20:08:14.919,202926,98.95,245.0,0.0,0.0,146.04,0,0
20:08:15.027,203026,98.92,245.0,0.0,0.0,146.07,0,0
20:08:15.121,203126,98.92,245.0,0.0,0.0,146.07,0,0
20:08:15.237,203226,98.92,245.0,0.0,0.0,146.07,0,0
20:08:15.326,203326,98.89,245.0,0.0,0.0,146.1,0,0
20:08:15.422,203426,98.87,245.0,0.0,0.0,146.12,0,0
20:08:15.522,203526,98.86,245.0,0.0,0.0,146.13,0,0
20:08:15.619,203626,98.86,245.0,0.0,0.0,146.13,0,0
20:08:15.718,203726,98.85,245.0,0.0,0.0,146.14,0,0
20:08:15.824,203826,98.81,245.0,0.0,0.0,146.18,0,0
20:08:15.919,203926,98.77,245.0,0.0,0.0,146.22,0,0
20:08:16.015,204026,98.74,245.0,0.0,0.0,146.25,0,0
20:08:16.142,204126,98.72,245.0,0.0,0.0,146.27,0,0
20:08:16.223,204226,98.72,245.0,0.0,0.0,146.27,0,0
20:08:16.320,204326,98.69,245.0,0.0,0.0,146.3,0,0
20:08:16.425,204426,98.66,245.0,0.0,0.0,146.33,0,0
20:08:16.522,204526,98.64,245.0,0.0,0.0,146.35,0,0
20:08:16.616,204626,98.62,245.0,0.0,0.0,146.37,0,0
20:08:16.725,204726,98.62,245.0,0.0,0.0,146.37,0,0
20:08:16.816,204826,98.59,245.0,0.0,0.0,146.4,0,0
20:08:16.919,204926,98.58,245.0,0.0,0.0,146.41,0,0
20:08:17.020,205026,98.57,245.0,0.0,0.0,146.42,0,0
20:08:17.119,205126,98.52,245.0,0.0,0.0,146.47,0,0
20:08:17.216,205226,98.5,245.0,0.0,0.0,146.49,0,0
20:08:17.318,205326,98.5,245.0,0.0,0.0,146.49,0,0
20:08:17.416,205426,98.48,245.0,0.0,0.0,146.51,0,0
20:08:17.520,205526,98.46,245.0,0.0,0.0,146.53,0,0
20:08:17.620,205626,98.46,245.0,0.0,0.0,146.53,0,0
20:08:17.716,205726,98.46,245.0,0.0,0.0,146.53,0,0
20:08:17.841,205826,98.44,245.0,0.0,0.0,146.55,0,0
20:08:17.916,205926,98.43,245.0,0.0,0.0,146.56,0,0
20:08:18.017,206026,98.39,245.0,0.0,0.0,146.6,0,0
20:08:18.118,206126,98.37,245.0,0.0,0.0,146.62,0,0
20:08:18.217,206226,98.36,245.0,0.0,0.0,146.63,0,0
20:08:18.315,206326,98.34,245.0,0.0,0.0,146.65,0,0
20:08:18.430,206426,98.34,245.0,0.0,0.0,146.65,0,0
20:08:18.520,206526,98.32,245.0,0.0,0.0,146.67,0,0
20:08:18.620,206626,98.32,245.0,0.0,0.0,146.67,0,0
20:08:18.718,206726,98.32,245.0,0.0,0.0,146.67,0,0
20:08:18.816,206826,98.3,245.0,0.0,0.0,146.69,0,0
20:08:18.918,206926,98.3,245.0,0.0,0.0,146.69,0,0
20:08:19.015,207026,98.26,245.0,0.0,0.0,146.73,0,0
20:08:19.117,207126,98.26,245.0,0.0,0.0,146.73,0,0
20:08:19.218,207226,98.21,245.0,0.0,0.0,146.78,0,0
20:08:19.316,207326,98.18,245.0,0.0,0.0,146.81,0,0
20:08:19.420,207426,98.15,245.0,0.0,0.0,146.84,0,0
20:08:19.521,207526,98.14,245.0,0.0,0.0,146.85,0,0
20:08:19.620,207626,98.11,245.0,0.0,0.0,146.88,0,0
20:08:19.716,207726,98.11,245.0,0.0,0.0,146.88,0,0
20:08:19.821,207826,98.09,245.0,0.0,0.0,146.9,0,0
20:08:19.919,207926,98.07,245.0,0.0,0.0,146.92,0,0
20:08:20.016,208026,98.09,245.0,0.0,0.0,146.9,0,0
20:08:20.129,208126,98.05,245.0,0.0,0.0,146.94,0,0
20:08:20.217,208226,98.05,245.0,0.0,0.0,146.94,0,0
20:08:20.319,208326,98.05,245.0,0.0,0.0,146.94,0,0
20:08:20.419,208426,98.03,245.0,0.0,0.0,146.96,0,0
20:08:20.515,208526,98.02,245.0,0.0,0.0,146.97,0,0
20:08:20.618,208626,97.99,245.0,0.0,0.0,147.0,0,0
20:08:20.715,208726,97.98,245.0,0.0,0.0,147.01,0,0
20:08:20.821,208826,97.98,245.0,0.0,0.0,147.01,0,0
20:08:20.924,208926,97.95,245.0,0.0,0.0,147.04,0,0
20:08:21.015,209026,97.94,245.0,0.0,0.0,147.05,0,0
20:08:21.116,209126,97.92,245.0,0.0,0.0,147.07,0,0
20:08:21.217,209226,97.9,245.0,0.0,0.0,147.09,0,0
20:08:21.318,209326,97.9,245.0,0.0,0.0,147.09,0,0
20:08:21.419,209426,97.88,245.0,0.0,0.0,147.11,0,0
20:08:21.519,209526,97.88,245.0,0.0,0.0,147.11,0,0
20:08:21.619,209626,97.84,245.0,0.0,0.0,147.15,0,0
20:08:21.714,209726,97.81,245.0,0.0,0.0,147.18,0,0
20:08:21.844,209826,97.79,245.0,0.0,0.0,147.2,0,0
20:08:21.925,209926,97.76,245.0,0.0,0.0,147.23,0,0
20:08:22.016,210026,97.75,245.0,0.0,0.0,147.24,0,0
20:08:22.118,210126,97.71,245.0,0.0,0.0,147.28,0,0
20:08:22.218,210226,97.68,245.0,0.0,0.0,147.31,0,0
20:08:22.314,210326,97.65,245.0,0.0,0.0,147.34,0,0
20:08:22.420,210426,97.65,245.0,0.0,0.0,147.34,0,0
20:08:22.515,210526,97.62,245.0,0.0,0.0,147.37,0,0
20:08:22.617,210626,97.62,245.0,0.0,0.0,147.37,0,0
20:08:22.715,210726,97.59,245.0,0.0,0.0,147.4,0,0
20:08:22.815,210826,97.57,245.0,0.0,0.0,147.42,0,0
20:08:22.922,210926,97.57,245.0,0.0,0.0,147.42,0,0
20:08:23.017,211026,97.53,245.0,0.0,0.0,147.46,0,0
20:08:23.119,211126,97.52,245.0,0.0,0.0,147.47,0,0
20:08:23.215,211226,97.51,245.0,0.0,0.0,147.48,0,0
20:08:23.314,211326,97.48,245.0,0.0,0.0,147.51,0,0
20:08:23.416,211426,97.44,245.0,0.0,0.0,147.55,0,0
20:08:23.515,211526,97.42,245.0,0.0,0.0,147.57,0,0
20:08:23.617,211626,97.39,245.0,0.0,0.0,147.6,0,0
20:08:23.716,211726,97.37,245.0,0.0,0.0,147.62,0,0
20:08:23.814,211826,97.36,245.0,0.0,0.0,147.63,0,0
20:08:23.917,211926,97.35,245.0,0.0,0.0,147.64,0,0
20:08:24.014,212026,97.33,245.0,0.0,0.0,147.66,0,0
20:08:24.124,212126,97.32,245.0,0.0,0.0,147.67,0,0
20:08:24.214,212226,97.28,245.0,0.0,0.0,147.71,0,0
20:08:24.314,212326,97.26,245.0,0.0,0.0,147.73,0,0
20:08:24.418,212426,97.24,245.0,0.0,0.0,147.75,0,0
20:08:24.614,212626,97.23,245.0,0.0,0.0,147.76,0,0
20:08:24.722,212726,97.22,245.0,0.0,0.0,147.77,0,0
20:08:24.814,212826,97.2,245.0,0.0,0.0,147.79,0,0
20:08:24.916,212926,97.17,245.0,0.0,0.0,147.82,0,0
20:08:25.013,213026,97.13,245.0,0.0,0.0,147.86,0,0
20:08:25.114,213126,97.13,245.0,0.0,0.0,147.86,0,0
20:08:25.214,213226,97.12,245.0,0.0,0.0,147.87,0,0
20:08:25.315,213326,97.11,245.0,0.0,0.0,147.88,0,0
20:08:25.415,213426,97.08,245.0,0.0,0.0,147.91,0,0
20:08:25.515,213526,97.08,245.0,0.0,0.0,147.91,0,0
20:08:25.617,213626,97.04,245.0,0.0,0.0,147.95,0,0
20:08:25.714,213726,97.04,245.0,0.0,0.0,147.95,0,0
20:08:25.826,213826,97.03,245.0,0.0,0.0,147.96,0,0
20:08:25.917,213926,97.0,245.0,0.0,0.0,147.99,0,0
20:08:26.017,214026,97.0,245.0,0.0,0.0,147.99,0,0
20:08:26.114,214126,97.0,245.0,0.0,0.0,147.99,0,0
20:08:26.214,214226,96.96,245.0,0.0,0.0,148.03,0,0
20:08:26.314,214326,96.92,245.0,0.0,0.0,148.07,0,0
20:08:26.418,214426,96.91,245.0,0.0,0.0,148.08,0,0
20:08:26.519,214526,96.9,245.0,0.0,0.0,148.09,0,0
20:08:26.614,214626,96.88,245.0,0.0,0.0,148.11,0,0
20:08:26.717,214726,96.87,245.0,0.0,0.0,148.12,0,0
20:08:26.814,214826,96.85,245.0,0.0,0.0,148.14,0,0
20:08:26.917,214926,96.84,245.0,0.0,0.0,148.15,0,0
20:08:27.014,215026,96.82,245.0,0.0,0.0,148.17,0,0
20:08:27.114,215126,96.81,245.0,0.0,0.0,148.18,0,0
20:08:27.214,215226,96.81,245.0,0.0,0.0,148.18,0,0
20:08:27.314,215326,96.8,245.0,0.0,0.0,148.19,0,0
20:08:27.416,215426,96.78,245.0,0.0,0.0,148.21,0,0
20:08:27.542,215526,96.77,245.0,0.0,0.0,148.22,0,0
20:08:27.613,215626,96.72,245.0,0.0,0.0,148.27,0,0
20:08:27.714,215726,96.7,245.0,0.0,0.0,148.29,0,0
20:08:27.813,215826,96.7,245.0,0.0,0.0,148.29,0,0
20:08:27.913,215926,96.68,245.0,0.0,0.0,148.31,0,0
20:08:28.014,216026,96.65,245.0,0.0,0.0,148.34,0,0
20:08:28.114,216126,96.65,245.0,0.0,0.0,148.34,0,0
20:08:28.220,216226,96.66,245.0,0.0,0.0,148.33,0,0
20:08:28.313,216326,96.65,245.0,0.0,0.0,148.34,0,0
20:08:28.412,216426,96.61,245.0,0.0,0.0,148.38,0,0
20:08:28.514,216526,96.58,245.0,0.0,0.0,148.41,0,0
20:08:28.612,216626,96.57,245.0,0.0,0.0,148.42,0,0
20:08:28.814,216826,96.57,245.0,0.0,0.0,148.42,0,0
20:08:28.915,216926,96.53,245.0,0.0,0.0,148.46,0,0
20:08:29.015,217026,96.51,245.0,0.0,0.0,148.48,0,0
20:08:29.112,217126,96.51,245.0,0.0,0.0,148.48,0,0
20:08:29.226,217226,96.5,245.0,0.0,0.0,148.49,0,0
20:08:29.313,217326,96.5,245.0,0.0,0.0,148.49,0,0
20:08:29.416,217426,96.48,245.0,0.0,0.0,148.51,0,0
20:08:29.514,217526,96.47,245.0,0.0,0.0,148.52,0,0
20:08:29.614,217626,96.46,245.0,0.0,0.0,148.53,0,0
20:08:29.714,217726,96.45,245.0,100.0,0.0,148.54,0,1
20:08:29.813,217826,96.43,245.0,61.0,0.0,148.56,0,1
20:08:30.013,218026,96.36,245.0,99.0,0.0,148.63,0,1
20:08:30.114,218126,96.33,245.0,67.0,0.0,148.66,0,1
20:08:30.216,218226,96.28,245.0,85.0,0.0,148.71,0,1
20:08:30.313,218326,96.28,245.0,85.0,0.0,148.71,0,1
20:08:30.412,218426,96.28,245.0,85.0,0.0,148.71,0,1
20:08:30.513,218526,96.22,245.0,88.0,0.0,148.77,0,1
20:08:30.613,218626,96.18,245.0,76.0,0.0,148.81,0,1
20:08:30.717,218726,96.16,245.0,60.0,0.0,148.83,0,1
20:08:30.812,218826,96.15,245.0,58.0,0.0,148.84,0,1
20:08:30.921,218926,96.12,245.0,64.0,0.0,148.87,0,1
20:08:31.012,219026,96.09,245.0,68.0,0.0,148.9,0,1
20:08:31.113,219126,96.07,245.0,59.0,0.0,148.92,0,1
20:08:31.216,219226,96.07,245.0,44.0,0.0,148.92,0,1
20:08:31.313,219326,96.07,245.0,44.0,0.0,148.92,0,1
20:08:31.416,219426,96.06,245.0,58.0,0.0,148.93,0,1
20:08:31.514,219526,96.03,245.0,63.0,0.0,148.96,0,1
20:08:31.613,219626,96.01,245.0,61.0,0.0,148.98,0,1
20:08:31.717,219726,95.98,245.0,66.0,0.0,149.01,0,1
20:08:31.813,219826,95.97,245.0,57.0,0.0,149.02,0,1
20:08:31.912,219926,95.96,245.0,49.0,0.0,149.03,0,1
20:08:32.120,220126,95.94,245.0,62.0,0.0,149.05,0,1
20:08:32.218,220226,95.9,245.0,74.0,0.0,149.09,0,1
20:08:32.313,220326,95.9,245.0,44.0,0.0,149.09,0,1
20:08:32.411,220426,95.89,245.0,51.0,0.0,149.1,0,1
20:08:32.514,220526,95.87,245.0,64.0,0.0,149.12,0,1
20:08:32.615,220626,95.85,245.0,62.0,0.0,149.14,0,1
20:08:32.715,220726,95.83,245.0,60.0,0.0,149.16,0,1
20:08:32.813,220826,95.82,245.0,52.0,0.0,149.17,0,1
20:08:32.912,220926,95.81,245.0,51.0,0.0,149.18,0,1
20:08:33.013,221026,95.8,245.0,50.0,0.0,149.19,0,1
20:08:33.113,221126,95.77,245.0,70.0,0.0,149.22,0,1
20:08:33.214,221226,95.76,245.0,54.0,0.0,149.23,0,1
20:08:33.312,221326,95.73,245.0,66.0,0.0,149.26,0,1
20:08:33.412,221426,95.73,245.0,44.0,0.0,149.26,0,1
20:08:33.513,221526,95.73,245.0,44.0,0.0,149.26,0,1
20:08:33.612,221626,95.73,245.0,44.0,0.0,149.26,0,1
20:08:33.716,221726,95.73,245.0,44.0,0.0,149.26,0,1
20:08:33.812,221826,95.72,245.0,51.0,0.0,149.27,0,1
20:08:33.912,221926,95.73,245.0,37.0,0.0,149.26,0,1
20:08:34.014,222026,95.74,245.0,37.0,0.0,149.25,0,1
20:08:34.112,222126,95.75,245.0,38.0,0.0,149.24,0,1
20:08:34.216,222226,95.74,245.0,52.0,0.0,149.25,0,1
20:08:34.312,222326,95.72,245.0,58.0,0.0,149.27,0,1
20:08:34.412,222426,95.73,245.0,37.0,0.0,149.26,0,1
20:08:34.512,222526,95.75,245.0,31.0,0.0,149.24,0,1
20:08:34.611,222626,95.75,245.0,45.0,0.0,149.24,0,1
20:08:34.715,222726,95.76,245.0,32.0,0.0,149.23,0,1
20:08:34.812,222826,95.77,245.0,40.0,0.0,149.22,0,1
20:08:34.914,222926,95.77,245.0,40.0,0.0,149.22,0,1
20:08:35.012,223026,95.79,245.0,34.0,0.0,149.2,0,1
20:08:35.113,223126,95.79,245.0,42.0,0.0,149.2,0,1
20:08:35.216,223226,95.81,245.0,28.0,0.0,149.18,0,1
20:08:35.313,223326,95.82,245.0,37.0,0.0,149.17,0,1
20:08:35.411,223426,95.84,245.0,24.0,0.0,149.15,0,1
20:08:35.515,223526,95.86,245.0,33.0,0.0,149.13,0,1
20:08:35.715,223726,95.87,245.0,34.0,0.0,149.12,0,1
20:08:35.812,223826,95.89,245.0,28.0,0.0,149.1,0,1
20:08:35.915,223926,95.89,245.0,43.0,0.0,149.1,0,1
20:08:36.071,224026,95.93,245.0,16.0,0.0,149.06,0,1
20:08:36.110,224126,95.93,245.0,44.0,0.0,149.06,0,1
20:08:36.215,224226,95.96,245.0,19.0,0.0,149.03,0,1
20:08:36.310,224326,96.0,245.0,8.0,0.0,148.99,0,0
20:08:36.411,224426,96.06,245.0,0.0,0.0,148.93,0,0
20:08:36.514,224526,96.11,245.0,3.0,0.0,148.88,0,0
20:08:36.611,224626,96.17,245.0,1.0,0.0,148.82,0,0
20:08:36.724,224726,96.22,245.0,0.0,0.0,148.77,0,0
20:08:36.822,224826,96.27,245.0,9.0,0.0,148.72,0,0
20:08:36.912,224926,96.3,245.0,20.0,0.0,148.69,0,1
20:08:37.014,225026,96.34,245.0,9.0,0.0,148.65,0,0
20:08:37.113,225126,96.39,245.0,6.0,0.0,148.6,0,0
20:08:37.211,225226,96.44,245.0,3.0,0.0,148.55,0,0
20:08:37.311,225326,96.51,245.0,0.0,0.0,148.48,0,0
20:08:37.411,225426,96.58,245.0,0.0,0.0,148.41,0,0
20:08:37.519,225526,96.64,245.0,0.0,0.0,148.35,0,0
20:08:37.611,225626,96.68,245.0,9.0,0.0,148.31,0,0
20:08:37.711,225726,96.73,245.0,0.0,0.0,148.26,0,0
20:08:37.810,225826,96.77,245.0,17.0,0.0,148.22,0,1
20:08:37.911,225926,96.84,245.0,0.0,0.0,148.15,0,0
20:08:38.012,226026,96.9,245.0,0.0,0.0,148.09,0,0
20:08:38.112,226126,96.98,245.0,0.0,0.0,148.01,0,0
20:08:38.216,226226,97.03,245.0,4.0,0.0,147.96,0,0
20:08:38.314,226326,97.03,245.0,44.0,0.0,147.96,0,1
20:08:38.411,226426,97.11,245.0,0.0,0.0,147.88,0,0
20:08:38.511,226526,97.19,245.0,0.0,0.0,147.8,0,0
20:08:38.611,226626,97.27,245.0,0.0,0.0,147.72,0,0
20:08:38.715,226726,97.27,245.0,44.0,0.0,147.72,0,1
20:08:38.811,226826,97.38,245.0,0.0,0.0,147.61,0,0
20:08:38.918,226926,97.47,245.0,0.0,0.0,147.52,0,0
20:08:39.011,227026,97.56,245.0,0.0,0.0,147.43,0,0
20:08:39.110,227126,97.63,245.0,0.0,0.0,147.36,0,0
20:08:39.210,227226,97.7,245.0,0.0,0.0,147.29,0,0
20:08:39.312,227326,97.7,245.0,44.0,0.0,147.29,0,1
20:08:39.413,227426,97.79,245.0,0.0,0.0,147.2,0,0
20:08:39.511,227526,97.89,245.0,0.0,0.0,147.1,0,0
20:08:39.611,227626,97.99,245.0,0.0,0.0,147.0,0,0
20:08:39.711,227726,98.08,245.0,0.0,0.0,146.91,0,0
20:08:39.810,227826,98.08,245.0,44.0,0.0,146.91,0,1
20:08:39.910,227926,98.17,245.0,0.0,0.0,146.82,0,0
20:08:40.045,228026,98.27,245.0,0.0,0.0,146.72,0,0
20:08:40.112,228126,98.37,245.0,0.0,0.0,146.62,0,0
20:08:40.211,228226,98.47,245.0,0.0,0.0,146.52,0,0
20:08:40.313,228326,98.58,245.0,0.0,0.0,146.41,0,0
20:08:40.412,228426,98.66,245.0,0.0,0.0,146.33,0,0
20:08:40.510,228526,98.75,245.0,0.0,0.0,146.24,0,0
20:08:40.627,228626,98.83,245.0,0.0,0.0,146.16,0,0
20:08:40.711,228726,98.95,245.0,0.0,0.0,146.04,0,0
20:08:40.813,228826,99.05,245.0,0.0,0.0,145.94,0,0
20:08:40.916,228926,99.15,245.0,0.0,0.0,145.84,0,0
20:08:41.013,229026,99.25,245.0,0.0,0.0,145.74,0,0
20:08:41.114,229126,99.37,245.0,0.0,0.0,145.62,0,0
20:08:41.222,229226,99.46,245.0,0.0,0.0,145.53,0,0
20:08:41.311,229326,99.55,245.0,0.0,0.0,145.44,0,0
20:08:41.416,229426,99.55,245.0,0.0,0.0,145.44,0,0
20:08:41.513,229526,99.65,245.0,0.0,0.0,145.34,0,0
20:08:41.611,229626,99.74,245.0,0.0,0.0,145.25,0,0
20:08:41.710,229726,99.85,245.0,0.0,0.0,145.14,0,0
20:08:41.811,229826,99.96,245.0,0.0,0.0,145.03,0,0
20:08:41.911,229926,100.07,245.0,0.0,0.0,144.92,0,0
20:08:42.010,230026,100.18,245.0,0.0,0.0,144.81,0,0
20:08:42.111,230126,100.28,245.0,0.0,0.0,144.71,0,0
20:08:42.210,230226,100.38,245.0,0.0,0.0,144.61,0,0
20:08:42.344,230326,100.47,245.0,0.0,0.0,144.52,0,0
20:08:42.412,230426,100.56,245.0,0.0,0.0,144.43,0,0
20:08:42.509,230526,100.56,245.0,43.0,0.0,144.43,0,1
20:08:42.620,230626,100.63,245.0,0.0,0.0,144.36,0,0
20:08:42.715,230726,100.74,245.0,0.0,0.0,144.25,0,0
20:08:42.820,230826,100.84,245.0,0.0,0.0,144.15,0,0
20:08:42.917,230926,100.93,245.0,0.0,0.0,144.06,0,0
20:08:43.010,231026,101.03,245.0,0.0,0.0,143.96,0,0
20:08:43.113,231126,101.03,245.0,43.0,0.0,143.96,0,1
20:08:43.210,231226,101.13,245.0,0.0,0.0,143.86,0,0
20:08:43.313,231326,101.24,245.0,0.0,0.0,143.75,0,0
20:08:43.411,231426,101.34,245.0,0.0,0.0,143.65,0,0
20:08:43.510,231526,101.44,245.0,0.0,0.0,143.55,0,0
20:08:43.612,231626,101.54,245.0,0.0,0.0,143.45,0,0
20:08:43.711,231726,101.54,245.0,0.0,0.0,143.45,0,0
20:08:43.811,231826,101.62,245.0,0.0,0.0,143.37,0,0
20:08:43.909,231926,101.71,245.0,0.0,0.0,143.28,0,0
20:08:44.009,232026,101.78,245.0,0.0,0.0,143.21,0,0
20:08:44.110,232126,101.78,245.0,0.0,0.0,143.21,0,0
20:08:44.211,232226,101.88,245.0,0.0,0.0,143.11,0,0
20:08:44.312,232326,101.98,245.0,0.0,0.0,143.01,0,0
20:08:44.410,232426,102.08,245.0,0.0,0.0,142.91,0,0
20:08:44.509,232526,102.18,245.0,0.0,0.0,142.81,0,0
20:08:44.612,232626,102.27,245.0,0.0,0.0,142.72,0,0
20:08:44.709,232726,102.36,245.0,0.0,0.0,142.63,0,0
20:08:44.815,232826,102.45,245.0,0.0,0.0,142.54,0,0
20:08:44.909,232926,102.54,245.0,0.0,0.0,142.45,0,0
20:08:45.012,233026,102.62,245.0,0.0,0.0,142.37,0,0
20:08:45.112,233126,102.69,245.0,0.0,0.0,142.3,0,0
20:08:45.214,233226,102.69,245.0,0.0,0.0,142.3,0,0
20:08:45.318,233326,102.78,245.0,0.0,0.0,142.21,0,0
20:08:45.411,233426,102.87,245.0,0.0,0.0,142.12,0,0
20:08:45.509,233526,102.94,245.0,0.0,0.0,142.05,0,0
20:08:45.613,233626,103.0,245.0,0.0,0.0,141.99,0,0
20:08:45.722,233726,103.0,245.0,0.0,0.0,141.99,0,0
20:08:45.809,233826,103.07,245.0,0.0,0.0,141.92,0,0
20:08:45.910,233926,103.13,245.0,2.0,0.0,141.86,0,0
20:08:46.013,234026,103.22,245.0,0.0,0.0,141.77,0,0
20:08:46.111,234126,103.28,245.0,0.0,0.0,141.71,0,0
20:08:46.209,234226,103.34,245.0,0.0,0.0,141.65,0,0
20:08:46.313,234326,103.42,245.0,0.0,0.0,141.57,0,0
20:08:46.408,234426,103.48,245.0,0.0,0.0,141.51,0,0
20:08:46.510,234526,103.53,245.0,0.0,0.0,141.46,0,0
20:08:46.610,234626,103.6,245.0,0.0,0.0,141.39,0,0
20:08:46.709,234726,103.6,245.0,0.0,0.0,141.39,0,0
20:08:46.812,234826,103.66,245.0,0.0,0.0,141.33,0,0
20:08:46.911,234926,103.72,245.0,0.0,0.0,141.27,0,0
20:08:47.010,235026,103.79,245.0,0.0,0.0,141.2,0,0
20:08:47.117,235126,103.83,245.0,12.0,0.0,141.16,0,0
20:08:47.209,235226,103.88,245.0,3.0,0.0,141.11,0,0
20:08:47.311,235326,103.88,245.0,42.0,0.0,141.11,0,1
20:08:47.432,235426,103.95,245.0,0.0,0.0,141.04,0,0
20:08:47.510,235526,104.03,245.0,0.0,0.0,140.96,0,0
20:08:47.618,235626,104.08,245.0,1.0,0.0,140.91,0,0
20:08:47.715,235726,104.08,245.0,42.0,0.0,140.91,0,1
20:08:47.810,235826,104.13,245.0,0.0,0.0,140.86,0,0
20:08:47.908,235926,104.13,245.0,0.0,0.0,140.86,0,0
20:08:48.012,236026,104.18,245.0,3.0,0.0,140.81,0,0
20:08:48.111,236126,104.25,245.0,0.0,0.0,140.74,0,0
20:08:48.211,236226,104.31,245.0,0.0,0.0,140.68,0,0
20:08:48.313,236326,104.31,245.0,0.0,0.0,140.68,0,0
20:08:48.412,236426,104.39,245.0,0.0,0.0,140.6,0,0
20:08:48.509,236526,104.44,245.0,0.0,0.0,140.55,0,0
20:08:48.609,236626,104.51,245.0,0.0,0.0,140.48,0,0
20:08:48.708,236726,104.57,245.0,0.0,0.0,140.42,0,0
20:08:48.808,236826,104.62,245.0,3.0,0.0,140.37,0,0
20:08:48.909,236926,104.69,245.0,0.0,0.0,140.3,0,0
20:08:49.009,237026,104.73,245.0,7.0,0.0,140.26,0,0
20:08:49.134,237126,104.78,245.0,4.0,0.0,140.21,0,0
20:08:49.208,237226,104.8,245.0,26.0,0.0,140.19,0,1
20:08:49.308,237326,104.84,245.0,10.0,0.0,140.15,0,0
20:08:49.410,237426,104.89,245.0,1.0,0.0,140.1,0,0
20:08:49.508,237526,104.91,245.0,29.0,0.0,140.08,0,1
20:08:49.610,237626,104.92,245.0,30.0,0.0,140.07,0,1
20:08:49.711,237726,104.97,245.0,2.0,0.0,140.02,0,0
20:08:49.807,237826,105.02,245.0,0.0,0.0,139.97,0,0
20:08:49.910,237926,105.05,245.0,22.0,0.0,139.94,0,1
20:08:50.013,238026,105.06,245.0,29.0,0.0,139.93,0,1
20:08:50.112,238126,105.08,245.0,25.0,0.0,139.91,0,1
20:08:50.209,238226,105.1,245.0,26.0,0.0,139.89,0,1
20:08:50.311,238326,105.13,245.0,16.0,0.0,139.86,0,1
20:08:50.410,238426,105.13,245.0,16.0,0.0,139.86,0,1
20:08:50.509,238526,105.17,245.0,13.0,0.0,139.82,0,0
20:08:50.619,238626,105.17,245.0,13.0,0.0,139.82,0,0
20:08:50.709,238726,105.16,245.0,45.0,0.0,139.83,0,1
20:08:50.812,238826,105.19,245.0,21.0,0.0,139.8,0,1
20:08:50.907,238926,105.19,245.0,41.0,0.0,139.8,0,1
20:08:51.008,239026,105.22,245.0,18.0,0.0,139.77,0,1
20:08:51.112,239126,105.25,245.0,14.0,0.0,139.74,0,0
20:08:51.208,239226,105.25,245.0,14.0,0.0,139.74,0,0
20:08:51.314,239326,105.3,245.0,5.0,0.0,139.69,0,0
20:08:51.409,239426,105.33,245.0,20.0,0.0,139.66,0,1
20:08:51.508,239526,105.33,245.0,20.0,0.0,139.66,0,1
20:08:51.611,239626,105.36,245.0,17.0,0.0,139.63,0,1
20:08:51.710,239726,105.4,245.0,8.0,0.0,139.59,0,0
20:08:51.808,239826,105.43,245.0,17.0,0.0,139.56,0,1
20:08:51.915,239926,105.46,245.0,19.0,0.0,139.53,0,1
20:08:52.007,240026,105.46,245.0,19.0,0.0,139.53,0,1
20:08:52.110,240126,105.48,245.0,21.0,0.0,139.51,0,1
20:08:52.209,240226,105.51,245.0,18.0,0.0,139.48,0,1
20:08:52.308,240326,105.52,245.0,32.0,0.0,139.47,0,1
20:08:52.409,240426,105.54,245.0,27.0,0.0,139.45,0,1
20:08:52.515,240526,105.55,245.0,34.0,0.0,139.44,0,1
20:08:52.613,240626,105.57,245.0,23.0,0.0,139.42,0,1
20:08:52.707,240726,105.58,245.0,37.0,0.0,139.41,0,1
20:08:52.806,240826,105.61,245.0,14.0,0.0,139.38,0,0
20:08:52.908,240926,105.64,245.0,22.0,0.0,139.35,0,1
20:08:53.011,241026,105.65,245.0,30.0,0.0,139.34,0,1
20:08:53.124,241126,105.66,245.0,31.0,0.0,139.33,0,1
20:08:53.209,241226,105.69,245.0,21.0,0.0,139.3,0,1
20:08:53.308,241326,105.71,245.0,23.0,0.0,139.28,0,1
20:08:53.407,241426,105.71,245.0,41.0,0.0,139.28,0,1
20:08:53.508,241526,105.76,245.0,7.0,0.0,139.23,0,0
20:08:53.610,241626,105.76,245.0,41.0,0.0,139.23,0,1
20:08:53.717,241726,105.79,245.0,16.0,0.0,139.2,0,1
20:08:53.814,241826,105.81,245.0,25.0,0.0,139.18,0,1
20:08:53.918,241926,105.83,245.0,26.0,0.0,139.16,0,1
20:08:54.013,242026,105.86,245.0,16.0,0.0,139.13,0,1
20:08:54.110,242126,105.86,245.0,16.0,0.0,139.13,0,1
20:08:54.207,242226,105.89,245.0,19.0,0.0,139.1,0,1
20:08:54.312,242326,105.91,245.0,21.0,0.0,139.08,0,1
20:08:54.415,242426,105.93,245.0,23.0,0.0,139.06,0,1
20:08:54.513,242526,105.95,245.0,31.0,0.0,139.04,0,1
20:08:54.609,242626,105.96,245.0,32.0,0.0,139.03,0,1
20:08:54.706,242726,105.98,245.0,21.0,0.0,139.01,0,1
20:08:54.824,242826,106.01,245.0,17.0,0.0,138.98,0,1
20:08:54.909,242926,106.04,245.0,20.0,0.0,138.95,0,1
20:08:55.008,243026,106.05,245.0,33.0,0.0,138.94,0,1
20:08:55.106,243126,106.07,245.0,23.0,0.0,138.92,0,1
20:08:55.208,243226,106.1,245.0,19.0,0.0,138.89,0,1
20:08:55.308,243326,106.16,245.0,0.0,0.0,138.83,0,0
20:08:55.412,243426,106.18,245.0,20.0,0.0,138.81,0,1
20:08:55.507,243526,106.18,245.0,41.0,0.0,138.81,0,1
20:08:55.609,243626,106.2,245.0,27.0,0.0,138.79,0,1
20:08:55.708,243726,106.24,245.0,6.0,0.0,138.75,0,0
20:08:55.807,243826,106.28,245.0,9.0,0.0,138.71,0,0
20:08:55.911,243926,106.33,245.0,7.0,0.0,138.66,0,0
20:08:56.006,244026,106.35,245.0,22.0,0.0,138.64,0,1
20:08:56.111,244126,106.35,245.0,22.0,0.0,138.64,0,1
20:08:56.208,244226,106.39,245.0,7.0,0.0,138.6,0,0
20:08:56.312,244326,106.45,245.0,0.0,0.0,138.54,0,0
20:08:56.410,244426,106.51,245.0,0.0,0.0,138.48,0,0
20:08:56.535,244526,106.56,245.0,2.0,0.0,138.43,0,0
20:08:56.605,244626,106.61,245.0,0.0,0.0,138.38,0,0
20:08:56.706,244726,106.61,245.0,0.0,0.0,138.38,0,0
20:08:56.806,244826,106.66,245.0,5.0,0.0,138.33,0,0
20:08:56.908,244926,106.69,245.0,20.0,0.0,138.3,0,1
20:08:57.008,245026,106.74,245.0,0.0,0.0,138.25,0,0
20:08:57.113,245126,106.79,245.0,3.0,0.0,138.2,0,0
20:08:57.208,245226,106.84,245.0,0.0,0.0,138.15,0,0
20:08:57.313,245326,106.91,245.0,0.0,0.0,138.08,0,0
20:08:57.409,245426,106.98,245.0,0.0,0.0,138.01,0,0
20:08:57.506,245526,107.05,245.0,0.0,0.0,137.94,0,0
20:08:57.607,245626,107.1,245.0,0.0,0.0,137.89,0,0
20:08:57.709,245726,107.17,245.0,0.0,0.0,137.82,0,0
20:08:57.808,245826,107.21,245.0,4.0,0.0,137.78,0,0
20:08:57.910,245926,107.28,245.0,0.0,0.0,137.71,0,0
20:08:58.006,246026,107.33,245.0,0.0,0.0,137.66,0,0
20:08:58.112,246126,107.38,245.0,0.0,0.0,137.61,0,0
20:08:58.252,246226,107.44,245.0,0.0,0.0,137.55,0,0
20:08:58.310,246326,107.44,245.0,0.0,0.0,137.55,0,0
20:08:58.411,246426,107.5,245.0,0.0,0.0,137.49,0,0
20:08:58.513,246526,107.55,245.0,2.0,0.0,137.44,0,0
20:08:58.607,246626,107.62,245.0,0.0,0.0,137.37,0,0
20:08:58.708,246726,107.68,245.0,0.0,0.0,137.31,0,0
20:08:58.822,246826,107.73,245.0,0.0,0.0,137.26,0,0
20:08:58.912,246926,107.73,245.0,0.0,0.0,137.26,0,0
20:08:59.006,247026,107.8,245.0,0.0,0.0,137.19,0,0
20:08:59.105,247126,107.87,245.0,0.0,0.0,137.12,0,0
20:08:59.205,247226,107.94,245.0,0.0,0.0,137.05,0,0
20:08:59.306,247326,108.02,245.0,0.0,0.0,136.97,0,0
20:08:59.405,247426,108.08,245.0,0.0,0.0,136.91,0,0
20:08:59.506,247526,108.16,245.0,0.0,0.0,136.83,0,0
20:08:59.606,247626,108.23,245.0,0.0,0.0,136.76,0,0
20:08:59.709,247726,108.29,245.0,0.0,0.0,136.7,0,0
20:08:59.806,247826,108.36,245.0,0.0,0.0,136.63,0,0
20:08:59.905,247926,108.36,245.0,0.0,0.0,136.63,0,0
20:09:00.005,248026,108.44,245.0,0.0,0.0,136.55,0,0
20:09:00.109,248126,108.53,245.0,0.0,0.0,136.46,0,0
20:09:00.208,248226,108.6,245.0,0.0,0.0,136.39,0,0
20:09:00.306,248326,108.69,245.0,0.0,0.0,136.3,0,0
20:09:00.409,248426,108.75,245.0,0.0,0.0,136.24,0,0
20:09:00.507,248526,108.83,245.0,0.0,0.0,136.16,0,0
20:09:00.605,248626,108.91,245.0,0.0,0.0,136.08,0,0
20:09:00.707,248726,108.97,245.0,0.0,0.0,136.02,0,0
20:09:00.805,248826,109.05,245.0,0.0,0.0,135.94,0,0
20:09:00.905,248926,109.13,245.0,0.0,0.0,135.86,0,0
20:09:01.007,249026,109.2,245.0,0.0,0.0,135.79,0,0
20:09:01.111,249126,109.27,245.0,0.0,0.0,135.72,0,0
20:09:01.206,249226,109.33,245.0,0.0,0.0,135.66,0,0
20:09:01.307,249326,109.4,245.0,0.0,0.0,135.59,0,0
20:09:01.407,249426,109.47,245.0,0.0,0.0,135.52,0,0
20:09:01.513,249526,109.54,245.0,0.0,0.0,135.45,0,0
20:09:01.605,249626,109.61,245.0,0.0,0.0,135.38,0,0
20:09:01.706,249726,109.67,245.0,0.0,0.0,135.32,0,0
20:09:01.806,249826,109.74,245.0,0.0,0.0,135.25,0,0
20:09:01.909,249926,109.81,245.0,0.0,0.0,135.18,0,0
20:09:02.015,250026,109.81,245.0,40.0,0.0,135.18,0,1
20:09:02.105,250126,109.87,245.0,0.0,0.0,135.12,0,0
20:09:02.217,250226,109.94,245.0,0.0,0.0,135.05,0,0
20:09:02.306,250326,110.02,245.0,0.0,0.0,134.97,0,0
20:09:02.405,250426,110.11,245.0,0.0,0.0,134.88,0,0
20:09:02.506,250526,110.16,245.0,0.0,0.0,134.83,0,0
20:09:02.604,250626,110.25,245.0,0.0,0.0,134.74,0,0
20:09:02.704,250726,110.32,245.0,0.0,0.0,134.67,0,0
20:09:02.805,250826,110.36,245.0,1.0,0.0,134.63,0,0
20:09:02.905,250926,110.41,245.0,5.0,0.0,134.58,0,0
20:09:03.005,251026,110.41,245.0,5.0,0.0,134.58,0,0
20:09:03.105,251126,110.48,245.0,0.0,0.0,134.51,0,0
20:09:03.213,251226,110.54,245.0,0.0,0.0,134.45,0,0
20:09:03.305,251326,110.59,245.0,0.0,0.0,134.4,0,0
20:09:03.406,251426,110.66,245.0,0.0,0.0,134.33,0,0
20:09:03.507,251526,110.71,245.0,0.0,0.0,134.28,0,0
20:09:03.606,251626,110.76,245.0,1.0,0.0,134.23,0,0
20:09:03.708,251726,110.83,245.0,0.0,0.0,134.16,0,0
20:09:03.804,251826,110.89,245.0,0.0,0.0,134.1,0,0
20:09:03.929,251926,110.95,245.0,0.0,0.0,134.04,0,0
20:09:04.009,252026,111.01,245.0,0.0,0.0,133.98,0,0
20:09:04.109,252126,111.01,245.0,40.0,0.0,133.98,0,1
20:09:04.208,252226,111.07,245.0,0.0,0.0,133.92,0,0
20:09:04.305,252326,111.14,245.0,0.0,0.0,133.85,0,0
20:09:04.404,252426,111.19,245.0,3.0,0.0,133.8,0,0
20:09:04.507,252526,111.22,245.0,12.0,0.0,133.77,0,0
20:09:04.604,252626,111.27,245.0,0.0,0.0,133.72,0,0
20:09:04.704,252726,111.34,245.0,0.0,0.0,133.65,0,0
20:09:04.804,252826,111.39,245.0,0.0,0.0,133.6,0,0
20:09:04.904,252926,111.43,245.0,7.0,0.0,133.56,0,0
20:09:05.008,253026,111.48,245.0,0.0,0.0,133.51,0,0
20:09:05.104,253126,111.53,245.0,3.0,0.0,133.46,0,0
20:09:05.203,253226,111.53,245.0,3.0,0.0,133.46,0,0
20:09:05.306,253326,111.57,245.0,7.0,0.0,133.42,0,0
20:09:05.404,253426,111.62,245.0,0.0,0.0,133.37,0,0
20:09:05.507,253526,111.66,245.0,4.0,0.0,133.33,0,0
20:09:05.606,253626,111.72,245.0,0.0,0.0,133.27,0,0
20:09:05.714,253726,111.75,245.0,11.0,0.0,133.24,0,0
20:09:05.812,253826,111.79,245.0,9.0,0.0,133.2,0,0
20:09:05.904,253926,111.83,245.0,7.0,0.0,133.16,0,0
20:09:06.005,254026,111.85,245.0,26.0,0.0,133.14,0,1
20:09:06.104,254126,111.87,245.0,22.0,0.0,133.12,0,1
20:09:06.208,254226,111.87,245.0,22.0,0.0,133.12,0,1
20:09:06.311,254326,111.87,245.0,22.0,0.0,133.12,0,1
20:09:06.403,254426,111.93,245.0,0.0,0.0,133.06,0,0
20:09:06.508,254526,111.96,245.0,12.0,0.0,133.03,0,0
20:09:06.623,254626,111.99,245.0,15.0,0.0,133.0,0,1
20:09:06.710,254726,112.02,245.0,18.0,0.0,132.97,0,1
20:09:06.813,254826,112.05,245.0,14.0,0.0,132.94,0,0
20:09:06.904,254926,112.05,245.0,14.0,0.0,132.94,0,0
20:09:07.008,255026,112.1,245.0,1.0,0.0,132.89,0,0
20:09:07.104,255126,112.14,245.0,10.0,0.0,132.85,0,0
20:09:07.204,255226,112.15,245.0,29.0,0.0,132.84,0,1
20:09:07.407,255426,112.18,245.0,14.0,0.0,132.81,0,0
20:09:07.509,255526,112.18,245.0,14.0,0.0,132.81,0,0
20:09:07.605,255626,112.22,245.0,11.0,0.0,132.77,0,0
20:09:07.704,255726,112.25,245.0,14.0,0.0,132.74,0,0
20:09:07.804,255826,112.27,245.0,22.0,0.0,132.72,0,1
20:09:07.913,255926,112.3,245.0,18.0,0.0,132.69,0,1
20:09:08.008,256026,112.33,245.0,15.0,0.0,132.66,0,1
20:09:08.104,256126,112.35,245.0,18.0,0.0,132.64,0,1
20:09:08.207,256226,112.37,245.0,25.0,0.0,132.62,0,1
20:09:08.306,256326,112.37,245.0,37.0,0.0,132.62,0,1
20:09:08.403,256426,112.38,245.0,32.0,0.0,132.61,0,1
20:09:08.512,256526,112.4,245.0,22.0,0.0,132.59,0,1
20:09:08.606,256626,112.41,245.0,34.0,0.0,132.58,0,1
20:09:08.707,256726,112.43,245.0,24.0,0.0,132.56,0,1
20:09:08.805,256826,112.44,245.0,31.0,0.0,132.55,0,1
20:09:08.903,256926,112.46,245.0,21.0,0.0,132.53,0,1
20:09:09.017,257026,112.46,245.0,39.0,0.0,132.53,0,1
20:09:09.102,257126,112.47,245.0,34.0,0.0,132.52,0,1
20:09:09.203,257226,112.48,245.0,29.0,0.0,132.51,0,1
20:09:09.306,257326,112.48,245.0,39.0,0.0,132.51,0,1
20:09:09.404,257426,112.48,245.0,41.0,0.0,132.51,0,1
20:09:09.506,257526,112.5,245.0,19.0,0.0,132.49,0,1
20:09:09.613,257626,112.52,245.0,27.0,0.0,132.47,0,1
20:09:09.703,257726,112.53,245.0,28.0,0.0,132.46,0,1
20:09:09.806,257826,112.53,245.0,28.0,0.0,132.46,0,1
20:09:09.903,257926,112.55,245.0,24.0,0.0,132.44,0,1
20:09:10.006,258026,112.58,245.0,15.0,0.0,132.41,0,1
20:09:10.103,258126,112.61,245.0,22.0,0.0,132.38,0,1
20:09:10.203,258226,112.64,245.0,14.0,0.0,132.35,0,0
20:09:10.305,258326,112.65,245.0,32.0,0.0,132.34,0,1
20:09:10.409,258426,112.65,245.0,32.0,0.0,132.34,0,1
20:09:10.506,258526,112.65,245.0,33.0,0.0,132.34,0,1
20:09:10.603,258626,112.68,245.0,23.0,0.0,132.31,0,1
20:09:10.708,258726,112.68,245.0,35.0,0.0,132.31,0,1
20:09:10.805,258826,112.7,245.0,20.0,0.0,132.29,0,1
20:09:10.905,258926,112.7,245.0,20.0,0.0,132.29,0,1
20:09:11.006,259026,112.73,245.0,22.0,0.0,132.26,0,1
20:09:11.103,259126,112.74,245.0,29.0,0.0,132.25,0,1
20:09:11.203,259226,112.74,245.0,40.0,0.0,132.25,0,1
20:09:11.319,259326,112.76,245.0,24.0,0.0,132.23,0,1
20:09:11.403,259426,112.76,245.0,39.0,0.0,132.23,0,1
20:09:11.507,259526,112.77,245.0,26.0,0.0,132.22,0,1
20:09:11.604,259626,112.8,245.0,22.0,0.0,132.19,0,1
20:09:11.707,259726,112.81,245.0,29.0,0.0,132.18,0,1
20:09:11.805,259826,112.83,245.0,25.0,0.0,132.16,0,1
20:09:11.903,259926,112.83,245.0,39.0,0.0,132.16,0,1
20:09:12.005,260026,112.86,245.0,16.0,0.0,132.13,0,1
20:09:12.103,260126,112.88,245.0,18.0,0.0,132.11,0,1
20:09:12.203,260226,112.92,245.0,10.0,0.0,132.07,0,0
20:09:12.304,260326,112.95,245.0,13.0,0.0,132.04,0,0
20:09:12.403,260426,112.98,245.0,20.0,0.0,132.01,0,1
20:09:12.505,260526,113.0,245.0,22.0,0.0,131.99,0,1
20:09:12.603,260626,113.01,245.0,29.0,0.0,131.98,0,1
20:09:12.702,260726,113.05,245.0,9.0,0.0,131.94,0,0
20:09:12.803,260826,113.07,245.0,17.0,0.0,131.92,0,1
20:09:12.904,260926,113.12,245.0,4.0,0.0,131.87,0,0
20:09:13.033,261026,113.15,245.0,13.0,0.0,131.84,0,0
20:09:13.102,261126,113.18,245.0,15.0,0.0,131.81,0,1
20:09:13.203,261226,113.21,245.0,12.0,0.0,131.78,0,0
20:09:13.308,261326,113.25,245.0,10.0,0.0,131.74,0,0
20:09:13.402,261426,113.29,245.0,8.0,0.0,131.7,0,0
20:09:13.501,261526,113.32,245.0,16.0,0.0,131.67,0,1
20:09:13.709,261726,113.37,245.0,0.0,0.0,131.62,0,0
20:09:13.802,261826,113.42,245.0,2.0,0.0,131.57,0,0
20:09:13.910,261926,113.46,245.0,5.0,0.0,131.53,0,0
20:09:14.004,262026,113.5,245.0,3.0,0.0,131.49,0,0
20:09:14.103,262126,113.5,245.0,39.0,0.0,131.49,0,1
20:09:14.201,262226,113.55,245.0,2.0,0.0,131.44,0,0
20:09:14.304,262326,113.59,245.0,11.0,0.0,131.4,0,0
20:09:14.402,262426,113.64,245.0,0.0,0.0,131.35,0,0
20:09:14.501,262526,113.64,245.0,39.0,0.0,131.35,0,1
20:09:14.603,262626,113.7,245.0,0.0,0.0,131.29,0,0
20:09:14.728,262726,113.76,245.0,0.0,0.0,131.23,0,0
20:09:14.806,262826,113.82,245.0,0.0,0.0,131.17,0,0
20:09:14.902,262926,113.87,245.0,0.0,0.0,131.12,0,0
20:09:15.007,263026,113.91,245.0,10.0,0.0,131.08,0,0
20:09:15.105,263126,113.95,245.0,3.0,0.0,131.04,0,0
20:09:15.202,263226,114.0,245.0,0.0,0.0,130.99,0,0
20:09:15.311,263326,114.05,245.0,5.0,0.0,130.94,0,0
20:09:15.402,263426,114.12,245.0,0.0,0.0,130.87,0,0
20:09:15.501,263526,114.18,245.0,0.0,0.0,130.81,0,0
20:09:15.603,263626,114.23,245.0,0.0,0.0,130.76,0,0
20:09:15.703,263726,114.29,245.0,0.0,0.0,130.7,0,0
20:09:15.861,263826,114.34,245.0,0.0,0.0,130.65,0,0
20:09:15.908,263926,114.4,245.0,0.0,0.0,130.59,0,0
20:09:16.008,264026,114.46,245.0,0.0,0.0,130.53,0,0
20:09:16.101,264126,114.52,245.0,0.0,0.0,130.47,0,0
20:09:16.203,264226,114.52,245.0,39.0,0.0,130.47,0,1
20:09:16.304,264326,114.6,245.0,0.0,0.0,130.39,0,0
20:09:16.401,264426,114.66,245.0,0.0,0.0,130.33,0,0
20:09:16.506,264526,114.72,245.0,0.0,0.0,130.27,0,0
20:09:16.602,264626,114.79,245.0,0.0,0.0,130.2,0,0
20:09:16.702,264726,114.79,245.0,0.0,0.0,130.2,0,0
20:09:16.801,264826,114.88,245.0,0.0,0.0,130.11,0,0
20:09:16.901,264926,114.96,245.0,0.0,0.0,130.03,0,0
20:09:17.003,265026,115.02,245.0,0.0,0.0,129.97,0,0
20:09:17.109,265126,115.08,245.0,0.0,0.0,129.91,0,0
20:09:17.207,265226,115.15,245.0,0.0,0.0,129.84,0,0
20:09:17.307,265326,115.23,245.0,0.0,0.0,129.76,0,0
20:09:17.401,265426,115.29,245.0,0.0,0.0,129.7,0,0
20:09:17.501,265526,115.35,245.0,0.0,0.0,129.64,0,0
20:09:17.600,265626,115.42,245.0,0.0,0.0,129.57,0,0
20:09:17.701,265726,115.47,245.0,1.0,0.0,129.52,0,0
20:09:17.801,265826,115.53,245.0,0.0,0.0,129.46,0,0
20:09:17.902,265926,115.6,245.0,0.0,0.0,129.39,0,0
20:09:18.006,266026,115.67,245.0,0.0,0.0,129.32,0,0
20:09:18.103,266126,115.75,245.0,0.0,0.0,129.24,0,0
20:09:18.201,266226,115.81,245.0,0.0,0.0,129.18,0,0
20:09:18.307,266326,115.81,245.0,38.0,0.0,129.18,0,1
20:09:18.401,266426,115.89,245.0,0.0,0.0,129.1,0,0
20:09:18.506,266526,115.96,245.0,0.0,0.0,129.03,0,0
20:09:18.605,266626,116.02,245.0,0.0,0.0,128.97,0,0
20:09:18.722,266726,116.02,245.0,38.0,0.0,128.97,0,1
20:09:18.803,266826,116.09,245.0,0.0,0.0,128.9,0,0
20:09:18.904,266926,116.16,245.0,0.0,0.0,128.83,0,0
20:09:19.001,267026,116.24,245.0,0.0,0.0,128.75,0,0
20:09:19.104,267126,116.3,245.0,0.0,0.0,128.69,0,0
20:09:19.203,267226,116.37,245.0,0.0,0.0,128.62,0,0
20:09:19.305,267326,116.45,245.0,0.0,0.0,128.54,0,0
20:09:19.404,267426,116.5,245.0,0.0,0.0,128.49,0,0
20:09:19.507,267526,116.57,245.0,0.0,0.0,128.42,0,0
20:09:19.602,267626,116.63,245.0,0.0,0.0,128.36,0,0
20:09:19.703,267726,116.7,245.0,0.0,0.0,128.29,0,0
20:09:19.802,267826,116.77,245.0,0.0,0.0,128.22,0,0
20:09:19.902,267926,116.81,245.0,2.0,0.0,128.18,0,0
20:09:20.001,268026,116.86,245.0,1.0,0.0,128.13,0,0
20:09:20.105,268126,116.91,245.0,0.0,0.0,128.08,0,0
20:09:20.201,268226,116.97,245.0,0.0,0.0,128.02,0,0
20:09:20.300,268326,117.02,245.0,0.0,0.0,127.97,0,0
20:09:20.406,268426,117.08,245.0,0.0,0.0,127.91,0,0
20:09:20.501,268526,117.15,245.0,0.0,0.0,127.84,0,0
20:09:20.602,268626,117.18,245.0,8.0,0.0,127.81,0,0
20:09:20.702,268726,117.23,245.0,1.0,0.0,127.76,0,0
20:09:20.805,268826,117.27,245.0,10.0,0.0,127.72,0,0
20:09:20.903,268926,117.32,245.0,0.0,0.0,127.67,0,0
20:09:21.002,269026,117.34,245.0,16.0,0.0,127.65,0,1
20:09:21.100,269126,117.34,245.0,16.0,0.0,127.65,0,1
20:09:21.200,269226,117.39,245.0,0.0,0.0,127.6,0,0
20:09:21.299,269326,117.42,245.0,12.0,0.0,127.57,0,0
20:09:21.400,269426,117.48,245.0,0.0,0.0,127.51,0,0
20:09:21.501,269526,117.53,245.0,0.0,0.0,127.46,0,0
20:09:21.601,269626,117.53,245.0,0.0,0.0,127.46,0,0
20:09:21.706,269726,117.58,245.0,0.0,0.0,127.41,0,0
20:09:21.800,269826,117.63,245.0,0.0,0.0,127.36,0,0
20:09:21.901,269926,117.69,245.0,0.0,0.0,127.3,0,0
20:09:22.000,270026,117.74,245.0,0.0,0.0,127.25,0,0
20:09:22.101,270126,117.78,245.0,5.0,0.0,127.21,0,0
20:09:22.202,270226,117.83,245.0,0.0,0.0,127.16,0,0
20:09:22.304,270326,117.87,245.0,8.0,0.0,127.12,0,0
20:09:22.400,270426,117.91,245.0,6.0,0.0,127.08,0,0
20:09:22.500,270526,117.95,245.0,4.0,0.0,127.04,0,0
20:09:22.602,270626,118.02,245.0,0.0,0.0,126.97,0,0
20:09:22.706,270726,118.07,245.0,0.0,0.0,126.92,0,0
20:09:22.803,270826,118.09,245.0,17.0,0.0,126.9,0,1
20:09:22.905,270926,118.1,245.0,29.0,0.0,126.89,0,1
20:09:23.001,271026,118.11,245.0,30.0,0.0,126.88,0,1
20:09:23.104,271126,118.11,245.0,38.0,0.0,126.88,0,1
20:09:23.202,271226,118.14,245.0,16.0,0.0,126.85,0,1
20:09:23.299,271326,118.17,245.0,18.0,0.0,126.82,0,1
20:09:23.417,271426,118.19,245.0,20.0,0.0,126.8,0,1
20:09:23.500,271526,118.23,245.0,2.0,0.0,126.76,0,0
20:09:23.603,271626,118.23,245.0,38.0,0.0,126.76,0,1
20:09:23.700,271726,118.29,245.0,0.0,0.0,126.7,0,0
20:09:23.803,271826,118.31,245.0,19.0,0.0,126.68,0,1
20:09:23.901,271926,118.33,245.0,21.0,0.0,126.66,0,1
20:09:24.000,272026,118.36,245.0,13.0,0.0,126.63,0,0
20:09:24.103,272126,118.4,245.0,6.0,0.0,126.59,0,0
20:09:24.202,272226,118.43,245.0,14.0,0.0,126.56,0,0
20:09:24.301,272326,118.46,245.0,16.0,0.0,126.53,0,1
20:09:24.424,272426,118.49,245.0,13.0,0.0,126.5,0,0
20:09:24.500,272526,118.51,245.0,21.0,0.0,126.48,0,1
20:09:24.598,272626,118.51,245.0,37.0,0.0,126.48,0,1
20:09:24.700,272726,118.53,245.0,22.0,0.0,126.46,0,1
20:09:24.799,272826,118.53,245.0,34.0,0.0,126.46,0,1
20:09:24.900,272926,118.56,245.0,14.0,0.0,126.43,0,0
20:09:25.005,273026,118.58,245.0,17.0,0.0,126.41,0,1
20:09:25.098,273126,118.61,245.0,19.0,0.0,126.38,0,1
20:09:25.199,273226,118.61,245.0,37.0,0.0,126.38,0,1
20:09:25.299,273326,118.62,245.0,26.0,0.0,126.37,0,1
20:09:25.401,273426,118.64,245.0,22.0,0.0,126.35,0,1
20:09:25.500,273526,118.64,245.0,38.0,0.0,126.35,0,1
20:09:25.598,273626,118.67,245.0,13.0,0.0,126.32,0,0
20:09:25.699,273726,118.69,245.0,26.0,0.0,126.3,0,1
20:09:25.800,273826,118.69,245.0,32.0,0.0,126.3,0,1
20:09:25.900,273926,118.72,245.0,18.0,0.0,126.27,0,1
20:09:25.999,274026,118.73,245.0,29.0,0.0,126.26,0,1
20:09:26.128,274126,118.74,245.0,25.0,0.0,126.25,0,1
20:09:26.198,274226,118.75,245.0,31.0,0.0,126.24,0,1
20:09:26.299,274326,118.79,245.0,7.0,0.0,126.2,0,0
20:09:26.399,274426,118.79,245.0,7.0,0.0,126.2,0,0
20:09:26.499,274526,118.81,245.0,20.0,0.0,126.18,0,1
20:09:26.601,274626,118.82,245.0,27.0,0.0,126.17,0,1
20:09:26.702,274726,118.82,245.0,37.0,0.0,126.17,0,1
20:09:26.799,274826,118.83,245.0,33.0,0.0,126.16,0,1
20:09:26.900,274926,118.83,245.0,33.0,0.0,126.16,0,1
20:09:26.999,275026,118.84,245.0,34.0,0.0,126.15,0,1
20:09:27.099,275126,118.87,245.0,10.0,0.0,126.12,0,0
20:09:27.199,275226,118.88,245.0,32.0,0.0,126.11,0,1
20:09:27.299,275326,118.88,245.0,32.0,0.0,126.11,0,1
20:09:27.399,275426,118.9,245.0,18.0,0.0,126.09,0,1
20:09:27.499,275526,118.93,245.0,15.0,0.0,126.06,0,1
20:09:27.600,275626,118.95,245.0,22.0,0.0,126.04,0,1
20:09:27.699,275726,118.95,245.0,38.0,0.0,126.04,0,1
20:09:27.821,275826,118.97,245.0,23.0,0.0,126.02,0,1
20:09:27.901,275926,119.01,245.0,5.0,0.0,125.98,0,0
20:09:27.999,276026,119.02,245.0,28.0,0.0,125.97,0,1
20:09:28.099,276126,119.04,245.0,19.0,0.0,125.95,0,1
20:09:28.201,276226,119.06,245.0,21.0,0.0,125.93,0,1
20:09:28.299,276326,119.08,245.0,23.0,0.0,125.91,0,1
20:09:28.400,276426,119.08,245.0,23.0,0.0,125.91,0,1
20:09:28.498,276526,119.12,245.0,9.0,0.0,125.87,0,0
20:09:28.599,276626,119.13,245.0,22.0,0.0,125.86,0,1
20:09:28.700,276726,119.13,245.0,38.0,0.0,125.86,0,1
20:09:28.798,276826,119.15,245.0,23.0,0.0,125.84,0,1
20:09:28.898,276926,119.17,245.0,20.0,0.0,125.82,0,1
20:09:28.998,277026,119.2,245.0,17.0,0.0,125.79,0,1
20:09:29.098,277126,119.23,245.0,14.0,0.0,125.76,0,0
20:09:29.199,277226,119.26,245.0,11.0,0.0,125.73,0,0
20:09:29.299,277326,119.29,245.0,14.0,0.0,125.7,0,0
20:09:29.400,277426,119.32,245.0,11.0,0.0,125.67,0,0
20:09:29.498,277526,119.36,245.0,9.0,0.0,125.63,0,0
20:09:29.698,277726,119.36,245.0,9.0,0.0,125.63,0,0
20:09:29.798,277826,119.39,245.0,12.0,0.0,125.6,0,0
20:09:29.899,277926,119.43,245.0,5.0,0.0,125.56,0,0
20:09:29.998,278026,119.46,245.0,13.0,0.0,125.53,0,0
20:09:30.103,278126,119.46,245.0,37.0,0.0,125.53,0,1
20:09:30.201,278226,119.5,245.0,6.0,0.0,125.49,0,0
20:09:30.298,278326,119.55,245.0,0.0,0.0,125.44,0,0
20:09:30.401,278426,119.6,245.0,0.0,0.0,125.39,0,0
20:09:30.498,278526,119.6,245.0,37.0,0.0,125.39,0,1
20:09:30.598,278626,119.64,245.0,2.0,0.0,125.35,0,0
20:09:30.697,278726,119.68,245.0,1.0,0.0,125.31,0,0
20:09:30.804,278826,119.74,245.0,0.0,0.0,125.25,0,0
20:09:30.899,278926,119.79,245.0,0.0,0.0,125.2,0,0
20:09:30.998,279026,119.84,245.0,0.0,0.0,125.15,0,0
20:09:31.099,279126,119.9,245.0,0.0,0.0,125.09,0,0
20:09:31.201,279226,119.94,245.0,2.0,0.0,125.05,0,0
20:09:31.298,279326,120.02,245.0,0.0,0.0,124.97,0,0
20:09:31.399,279426,120.06,245.0,7.0,0.0,124.93,0,0
20:09:31.498,279526,120.12,245.0,0.0,0.0,124.87,0,0
20:09:31.598,279626,120.12,245.0,0.0,0.0,124.87,0,0
20:09:31.698,279726,120.16,245.0,0.0,0.0,124.83,0,0
20:09:31.798,279826,120.22,245.0,0.0,0.0,124.77,0,0
20:09:31.900,279926,120.28,245.0,0.0,0.0,124.71,0,0
20:09:31.998,280026,120.32,245.0,3.0,0.0,124.67,0,0
20:09:32.098,280126,120.36,245.0,2.0,0.0,124.63,0,0
20:09:32.198,280226,120.4,245.0,5.0,0.0,124.59,0,0
20:09:32.297,280326,120.45,245.0,0.0,0.0,124.54,0,0
20:09:32.399,280426,120.51,245.0,0.0,0.0,124.48,0,0
20:09:32.497,280526,120.58,245.0,0.0,0.0,124.41,0,0
20:09:32.597,280626,120.58,245.0,37.0,0.0,124.41,0,1
20:09:32.698,280726,120.66,245.0,0.0,0.0,124.33,0,0
20:09:32.797,280826,120.72,245.0,0.0,0.0,124.27,0,0
20:09:32.921,280926,120.78,245.0,0.0,0.0,124.21,0,0
20:09:32.999,281026,120.84,245.0,0.0,0.0,124.15,0,0
20:09:33.097,281126,120.91,245.0,0.0,0.0,124.08,0,0
20:09:33.200,281226,120.98,245.0,0.0,0.0,124.01,0,0
20:09:33.296,281326,121.03,245.0,0.0,0.0,123.96,0,0
20:09:33.397,281426,121.09,245.0,0.0,0.0,123.9,0,0
20:09:33.508,281526,121.14,245.0,1.0,0.0,123.85,0,0
20:09:33.598,281626,121.2,245.0,0.0,0.0,123.79,0,0
20:09:33.698,281726,121.25,245.0,0.0,0.0,123.74,0,0
20:09:33.797,281826,121.32,245.0,0.0,0.0,123.67,0,0
20:09:33.897,281926,121.36,245.0,5.0,0.0,123.63,0,0
20:09:33.999,282026,121.42,245.0,0.0,0.0,123.57,0,0
20:09:34.097,282126,121.49,245.0,0.0,0.0,123.5,0,0
20:09:34.203,282226,121.54,245.0,0.0,0.0,123.45,0,0
20:09:34.297,282326,121.54,245.0,0.0,0.0,123.45,0,0
20:09:34.402,282426,121.62,245.0,0.0,0.0,123.37,0,0
20:09:34.498,282526,121.67,245.0,0.0,0.0,123.32,0,0
20:09:34.622,282626,121.73,245.0,0.0,0.0,123.26,0,0
20:09:34.699,282726,121.78,245.0,0.0,0.0,123.21,0,0
20:09:34.798,282826,121.85,245.0,0.0,0.0,123.14,0,0
20:09:34.898,282926,121.89,245.0,0.0,0.0,123.1,0,0
20:09:34.997,283026,121.95,245.0,0.0,0.0,123.04,0,0
20:09:35.096,283126,121.98,245.0,7.0,0.0,123.01,0,0
20:09:35.200,283226,122.06,245.0,0.0,0.0,122.93,0,0
20:09:35.297,283326,122.11,245.0,0.0,0.0,122.88,0,0
20:09:35.397,283426,122.15,245.0,1.0,0.0,122.84,0,0
20:09:35.498,283526,122.18,245.0,9.0,0.0,122.81,0,0
20:09:35.596,283626,122.22,245.0,7.0,0.0,122.77,0,0
20:09:35.699,283726,122.26,245.0,1.0,0.0,122.73,0,0
20:09:35.797,283826,122.26,245.0,1.0,0.0,122.73,0,0
20:09:35.897,283926,122.31,245.0,0.0,0.0,122.68,0,0
20:09:35.997,284026,122.37,245.0,0.0,0.0,122.62,0,0
20:09:36.097,284126,122.4,245.0,8.0,0.0,122.59,0,0
20:09:36.198,284226,122.46,245.0,0.0,0.0,122.53,0,0
20:09:36.298,284326,122.5,245.0,6.0,0.0,122.49,0,0
20:09:36.396,284426,122.5,245.0,6.0,0.0,122.49,0,0
20:09:36.497,284526,122.56,245.0,0.0,0.0,122.43,0,0
20:09:36.596,284626,122.61,245.0,0.0,0.0,122.38,0,0
20:09:36.696,284726,122.67,245.0,0.0,0.0,122.32,0,0
20:09:36.796,284826,122.71,245.0,4.0,0.0,122.28,0,0
20:09:36.896,284926,122.76,245.0,0.0,0.0,122.23,0,0
20:09:36.998,285026,122.79,245.0,11.0,0.0,122.2,0,0
20:09:37.097,285126,122.83,245.0,9.0,0.0,122.16,0,0
20:09:37.195,285226,122.86,245.0,7.0,0.0,122.13,0,0
20:09:37.296,285326,122.92,245.0,0.0,0.0,122.07,0,0
20:09:37.417,285426,122.92,245.0,0.0,0.0,122.07,0,0
20:09:37.498,285526,122.95,245.0,10.0,0.0,122.04,0,0
20:09:37.596,285626,122.99,245.0,7.0,0.0,122.0,0,0
20:09:37.698,285726,123.03,245.0,6.0,0.0,121.96,0,0
20:09:37.797,285826,123.07,245.0,4.0,0.0,121.92,0,0
20:09:37.896,285926,123.07,245.0,4.0,0.0,121.92,0,0
20:09:37.999,286026,123.11,245.0,3.0,0.0,121.88,0,0
20:09:38.095,286126,123.15,245.0,6.0,0.0,121.84,0,0
20:09:38.196,286226,123.16,245.0,23.0,0.0,121.83,0,1
20:09:38.295,286326,123.19,245.0,15.0,0.0,121.8,0,1
20:09:38.395,286426,123.21,245.0,17.0,0.0,121.78,0,1
20:09:38.496,286526,123.23,245.0,24.0,0.0,121.76,0,1
20:09:38.596,286626,123.27,245.0,6.0,0.0,121.72,0,0
20:09:38.700,286726,123.29,245.0,18.0,0.0,121.7,0,1
20:09:38.795,286826,123.33,245.0,1.0,0.0,121.66,0,0
20:09:38.895,286926,123.36,245.0,14.0,0.0,121.63,0,0
20:09:38.995,287026,123.36,245.0,36.0,0.0,121.63,0,1
20:09:39.109,287126,123.38,245.0,16.0,0.0,121.61,0,1
20:09:39.195,287226,123.42,245.0,9.0,0.0,121.57,0,0
20:09:39.297,287326,123.45,245.0,12.0,0.0,121.54,0,0
20:09:39.396,287426,123.46,245.0,23.0,0.0,121.53,0,1
20:09:39.498,287526,123.49,245.0,15.0,0.0,121.5,0,1
20:09:39.595,287626,123.5,245.0,22.0,0.0,121.49,0,1
20:09:39.701,287726,123.53,245.0,14.0,0.0,121.46,0,0
20:09:39.796,287826,123.54,245.0,26.0,0.0,121.45,0,1
20:09:39.896,287926,123.54,245.0,26.0,0.0,121.45,0,1
20:09:39.997,288026,123.59,245.0,3.0,0.0,121.4,0,0
20:09:40.102,288126,123.61,245.0,16.0,0.0,121.38,0,1
20:09:40.206,288226,123.62,245.0,32.0,0.0,121.37,0,1
20:09:40.310,288326,123.62,245.0,32.0,0.0,121.37,0,1
20:09:40.395,288426,123.62,245.0,32.0,0.0,121.37,0,1
20:09:40.500,288526,123.63,245.0,28.0,0.0,121.36,0,1
20:09:40.597,288626,123.65,245.0,19.0,0.0,121.34,0,1
20:09:40.696,288726,123.67,245.0,21.0,0.0,121.32,0,1
20:09:40.797,288826,123.67,245.0,37.0,0.0,121.32,0,1
20:09:40.894,288926,123.67,245.0,37.0,0.0,121.32,0,1
20:09:40.997,289026,123.69,245.0,18.0,0.0,121.3,0,1
20:09:41.102,289126,123.71,245.0,20.0,0.0,121.28,0,1
20:09:41.198,289226,123.73,245.0,21.0,0.0,121.26,0,1
20:09:41.295,289326,123.73,245.0,37.0,0.0,121.26,0,1
20:09:41.395,289426,123.73,245.0,32.0,0.0,121.26,0,1
20:09:41.498,289526,123.75,245.0,23.0,0.0,121.24,0,1
20:09:41.597,289626,123.75,245.0,34.0,0.0,121.24,0,1
20:09:41.694,289726,123.76,245.0,29.0,0.0,121.23,0,1
20:09:41.797,289826,123.76,245.0,35.0,0.0,121.23,0,1
20:09:41.896,289926,123.76,245.0,35.0,0.0,121.23,0,1
20:09:41.998,290026,123.76,245.0,36.0,0.0,121.23,0,1
20:09:42.095,290126,123.76,245.0,39.0,0.0,121.23,0,1
20:09:42.195,290226,123.77,245.0,25.0,0.0,121.22,0,1
20:09:42.296,290326,123.78,245.0,26.0,0.0,121.21,0,1
20:09:42.396,290426,123.78,245.0,36.0,0.0,121.21,0,1
20:09:42.495,290526,123.79,245.0,32.0,0.0,121.2,0,1
20:09:42.596,290626,123.8,245.0,27.0,0.0,121.19,0,1
20:09:42.694,290726,123.8,245.0,38.0,0.0,121.19,0,1
20:09:42.796,290826,123.8,245.0,33.0,0.0,121.19,0,1
20:09:42.895,290926,123.82,245.0,19.0,0.0,121.17,0,1
20:09:42.994,291026,123.83,245.0,30.0,0.0,121.16,0,1
20:09:43.095,291126,123.83,245.0,30.0,0.0,121.16,0,1
20:09:43.195,291226,123.86,245.0,12.0,0.0,121.13,0,0
20:09:43.297,291326,123.89,245.0,14.0,0.0,121.1,0,0
20:09:43.395,291426,123.9,245.0,21.0,0.0,121.09,0,1
20:09:43.495,291526,123.9,245.0,36.0,0.0,121.09,0,1
20:09:43.597,291626,123.92,245.0,23.0,0.0,121.07,0,1
20:09:43.740,291726,123.94,245.0,24.0,0.0,121.05,0,1
20:09:43.795,291826,123.94,245.0,34.0,0.0,121.05,0,1
20:09:43.897,291926,123.94,245.0,30.0,0.0,121.05,0,1
20:09:43.999,292026,123.95,245.0,31.0,0.0,121.04,0,1
20:09:44.096,292126,123.97,245.0,22.0,0.0,121.02,0,1
20:09:44.194,292226,124.0,245.0,14.0,0.0,120.99,0,0
20:09:44.321,292326,124.02,245.0,16.0,0.0,120.97,0,1
20:09:44.400,292426,124.05,245.0,13.0,0.0,120.94,0,0
20:09:44.497,292526,124.09,245.0,6.0,0.0,120.9,0,0
20:09:44.594,292626,124.12,245.0,9.0,0.0,120.87,0,0
20:09:44.695,292726,124.12,245.0,9.0,0.0,120.87,0,0
20:09:44.798,292826,124.15,245.0,7.0,0.0,120.84,0,0
20:09:44.901,292926,124.16,245.0,29.0,0.0,120.83,0,1
20:09:44.993,293026,124.19,245.0,15.0,0.0,120.8,0,1
20:09:45.095,293126,124.22,245.0,13.0,0.0,120.77,0,0
20:09:45.195,293226,124.24,245.0,15.0,0.0,120.75,0,1
20:09:45.302,293326,124.27,245.0,13.0,0.0,120.72,0,0
20:09:45.394,293426,124.32,245.0,0.0,0.0,120.67,0,0
20:09:45.494,293526,124.36,245.0,5.0,0.0,120.63,0,0
20:09:45.597,293626,124.39,245.0,8.0,0.0,120.6,0,0
20:09:45.698,293726,124.44,245.0,1.0,0.0,120.55,0,0
20:09:45.796,293826,124.48,245.0,5.0,0.0,120.51,0,0
20:09:45.895,293926,124.51,245.0,8.0,0.0,120.48,0,0
20:09:45.995,294026,124.54,245.0,11.0,0.0,120.45,0,0
20:09:46.096,294126,124.57,245.0,9.0,0.0,120.42,0,0
20:09:46.202,294226,124.62,245.0,0.0,0.0,120.37,0,0
20:09:46.297,294326,124.62,245.0,0.0,0.0,120.37,0,0
20:09:46.397,294426,124.67,245.0,1.0,0.0,120.32,0,0
20:09:46.493,294526,124.69,245.0,14.0,0.0,120.3,0,0
20:09:46.602,294626,124.75,245.0,0.0,0.0,120.24,0,0
20:09:46.698,294726,124.8,245.0,0.0,0.0,120.19,0,0
20:09:46.798,294826,124.84,245.0,1.0,0.0,120.15,0,0
20:09:46.896,294926,124.87,245.0,14.0,0.0,120.12,0,0
20:09:46.994,295026,124.92,245.0,0.0,0.0,120.07,0,0
20:09:47.097,295126,124.97,245.0,0.0,0.0,120.02,0,0
20:09:47.194,295226,125.02,245.0,0.0,0.0,119.97,0,0
20:09:47.294,295326,125.06,245.0,5.0,0.0,119.93,0,0
20:09:47.396,295426,125.06,245.0,5.0,0.0,119.93,0,0
20:09:47.494,295526,125.12,245.0,0.0,0.0,119.87,0,0
20:09:47.601,295626,125.19,245.0,0.0,0.0,119.8,0,0
20:09:47.698,295726,125.24,245.0,0.0,0.0,119.75,0,0
20:09:47.797,295826,125.3,245.0,0.0,0.0,119.69,0,0
20:09:47.894,295926,125.35,245.0,0.0,0.0,119.64,0,0
20:09:47.997,296026,125.39,245.0,0.0,0.0,119.6,0,0
20:09:48.096,296126,125.46,245.0,0.0,0.0,119.53,0,0
20:09:48.194,296226,125.5,245.0,0.0,0.0,119.49,0,0
20:09:48.307,296326,125.55,245.0,0.0,0.0,119.44,0,0
20:09:48.395,296426,125.55,245.0,0.0,0.0,119.44,0,0
20:09:48.498,296526,125.61,245.0,0.0,0.0,119.38,0,0
20:09:48.601,296626,125.68,245.0,0.0,0.0,119.31,0,0
20:09:48.693,296726,125.75,245.0,0.0,0.0,119.24,0,0
20:09:48.795,296826,125.8,245.0,0.0,0.0,119.19,0,0
20:09:48.892,296926,125.86,245.0,0.0,0.0,119.13,0,0
20:09:48.993,297026,125.91,245.0,0.0,0.0,119.08,0,0
20:09:49.093,297126,125.99,245.0,0.0,0.0,119.0,0,0
20:09:49.194,297226,126.06,245.0,0.0,0.0,118.93,0,0
20:09:49.296,297326,126.12,245.0,0.0,0.0,118.87,0,0
20:09:49.393,297426,126.12,245.0,0.0,0.0,118.87,0,0
20:09:49.493,297526,126.19,245.0,0.0,0.0,118.8,0,0
20:09:49.595,297626,126.26,245.0,0.0,0.0,118.73,0,0
20:09:49.694,297726,126.32,245.0,0.0,0.0,118.67,0,0
20:09:49.793,297826,126.39,245.0,0.0,0.0,118.6,0,0
20:09:49.894,297926,126.44,245.0,0.0,0.0,118.55,0,0
20:09:49.999,298026,126.49,245.0,0.0,0.0,118.5,0,0
20:09:50.096,298126,126.49,245.0,0.0,0.0,118.5,0,0
20:09:50.198,298226,126.54,245.0,0.0,0.0,118.45,0,0
20:09:50.293,298326,126.62,245.0,0.0,0.0,118.37,0,0
20:09:50.395,298426,126.68,245.0,0.0,0.0,118.31,0,0
20:09:50.498,298526,126.68,245.0,0.0,0.0,118.31,0,0
20:09:50.592,298626,126.74,245.0,0.0,0.0,118.25,0,0
20:09:50.694,298726,126.81,245.0,0.0,0.0,118.18,0,0
20:09:50.795,298826,126.87,245.0,0.0,0.0,118.12,0,0
20:09:50.894,298926,126.92,245.0,0.0,0.0,118.07,0,0
20:09:50.992,299026,126.97,245.0,0.0,0.0,118.02,0,0
20:09:51.117,299126,127.02,245.0,0.0,0.0,117.97,0,0
20:09:51.193,299226,127.07,245.0,0.0,0.0,117.92,0,0
20:09:51.293,299326,127.12,245.0,0.0,0.0,117.87,0,0
20:09:51.393,299426,127.18,245.0,0.0,0.0,117.81,0,0
20:09:51.492,299526,127.18,245.0,35.0,0.0,117.81,0,1
20:09:51.593,299626,127.23,245.0,0.0,0.0,117.76,0,0
20:09:51.710,299726,127.28,245.0,0.0,0.0,117.71,0,0
20:09:51.793,299826,127.33,245.0,0.0,0.0,117.66,0,0
20:09:51.895,299926,127.39,245.0,0.0,0.0,117.6,0,0
20:09:51.993,300026,127.43,245.0,3.0,0.0,117.56,0,0
20:09:52.093,300126,127.47,245.0,2.0,0.0,117.52,0,0
20:09:52.193,300226,127.51,245.0,10.0,0.0,117.48,0,0
20:09:52.298,300326,127.57,245.0,0.0,0.0,117.42,0,0
20:09:52.393,300426,127.62,245.0,0.0,0.0,117.37,0,0
20:09:52.493,300526,127.67,245.0,0.0,0.0,117.32,0,0
20:09:52.595,300626,127.67,245.0,0.0,0.0,117.32,0,0
20:09:52.692,300726,127.71,245.0,0.0,0.0,117.28,0,0
20:09:52.792,300826,127.76,245.0,0.0,0.0,117.23,0,0
20:09:52.892,300926,127.8,245.0,6.0,0.0,117.19,0,0
20:09:52.992,301026,127.82,245.0,17.0,0.0,117.17,0,1
20:09:53.095,301126,127.84,245.0,15.0,0.0,117.15,0,1
20:09:53.192,301226,127.88,245.0,3.0,0.0,117.11,0,0
20:09:53.297,301326,127.9,245.0,20.0,0.0,117.09,0,1
20:09:53.392,301426,127.92,245.0,17.0,0.0,117.07,0,1
20:09:53.491,301526,127.92,245.0,17.0,0.0,117.07,0,1
20:09:53.595,301626,127.95,245.0,14.0,0.0,117.04,0,0
20:09:53.709,301726,127.97,245.0,16.0,0.0,117.02,0,1
20:09:53.799,301826,128.0,245.0,9.0,0.0,116.99,0,0
20:09:53.902,301926,128.04,245.0,7.0,0.0,116.95,0,0
20:09:54.050,302026,128.06,245.0,14.0,0.0,116.93,0,0
20:09:54.093,302126,128.09,245.0,12.0,0.0,116.9,0,0
20:09:54.192,302226,128.09,245.0,12.0,0.0,116.9,0,0
20:09:54.292,302326,128.13,245.0,5.0,0.0,116.86,0,0
20:09:54.397,302426,128.19,245.0,0.0,0.0,116.8,0,0
20:09:54.491,302526,128.23,245.0,4.0,0.0,116.76,0,0
20:09:54.595,302626,128.23,245.0,29.0,0.0,116.76,0,1
20:09:54.692,302726,128.23,245.0,29.0,0.0,116.76,0,1
20:09:54.792,302826,128.24,245.0,25.0,0.0,116.75,0,1
20:09:54.892,302926,128.26,245.0,22.0,0.0,116.73,0,1
20:09:54.992,303026,128.26,245.0,22.0,0.0,116.73,0,1
20:09:55.093,303126,128.29,245.0,14.0,0.0,116.7,0,0
20:09:55.193,303226,128.3,245.0,21.0,0.0,116.69,0,1
20:09:55.292,303326,128.32,245.0,22.0,0.0,116.67,0,1
20:09:55.394,303426,128.33,245.0,23.0,0.0,116.66,0,1
20:09:55.492,303526,128.37,245.0,7.0,0.0,116.62,0,0
20:09:55.594,303626,128.38,245.0,23.0,0.0,116.61,0,1
20:09:55.692,303726,128.38,245.0,23.0,0.0,116.61,0,1
20:09:55.791,303826,128.4,245.0,19.0,0.0,116.59,0,1
20:09:55.893,303926,128.42,245.0,21.0,0.0,116.57,0,1
20:09:55.992,304026,128.43,245.0,22.0,0.0,116.56,0,1
20:09:56.092,304126,128.43,245.0,22.0,0.0,116.56,0,1
20:09:56.192,304226,128.43,245.0,37.0,0.0,116.56,0,1
20:09:56.292,304326,128.44,245.0,23.0,0.0,116.55,0,1
20:09:56.391,304426,128.44,245.0,38.0,0.0,116.55,0,1
20:09:56.493,304526,128.46,245.0,15.0,0.0,116.53,0,1
20:09:56.595,304626,128.48,245.0,26.0,0.0,116.51,0,1
20:09:56.692,304726,128.48,245.0,26.0,0.0,116.51,0,1
20:09:56.792,304826,128.49,245.0,22.0,0.0,116.5,0,1
20:09:56.901,304926,128.5,245.0,24.0,0.0,116.49,0,1
20:09:56.990,305026,128.51,245.0,34.0,0.0,116.48,0,1
20:09:57.094,305126,128.51,245.0,29.0,0.0,116.48,0,1
20:09:57.192,305226,128.51,245.0,29.0,0.0,116.48,0,1
20:09:57.292,305326,128.51,245.0,39.0,0.0,116.48,0,1
20:09:57.394,305426,128.53,245.0,16.0,0.0,116.46,0,1
20:09:57.506,305526,128.53,245.0,36.0,0.0,116.46,0,1
20:09:57.592,305626,128.55,245.0,18.0,0.0,116.44,0,1
20:09:57.692,305726,128.56,245.0,28.0,0.0,116.43,0,1
20:09:57.791,305826,128.58,245.0,20.0,0.0,116.41,0,1
20:09:57.894,305926,128.59,245.0,21.0,0.0,116.4,0,1
20:09:57.991,306026,128.61,245.0,23.0,0.0,116.38,0,1
20:09:58.096,306126,128.62,245.0,24.0,0.0,116.37,0,1
20:09:58.191,306226,128.62,245.0,24.0,0.0,116.37,0,1
20:09:58.291,306326,128.61,245.0,38.0,0.0,116.38,0,1
20:09:58.395,306426,128.63,245.0,20.0,0.0,116.36,0,1
20:09:58.492,306526,128.65,245.0,21.0,0.0,116.34,0,1
20:09:58.591,306626,128.65,245.0,32.0,0.0,116.34,0,1
20:09:58.692,306726,128.66,245.0,32.0,0.0,116.33,0,1
20:09:58.791,306826,128.66,245.0,34.0,0.0,116.33,0,1
20:09:58.893,306926,128.67,245.0,19.0,0.0,116.32,0,1
20:09:58.991,307026,128.69,245.0,25.0,0.0,116.3,0,1
20:09:59.090,307126,128.69,245.0,30.0,0.0,116.3,0,1
20:09:59.206,307226,128.7,245.0,26.0,0.0,116.29,0,1
20:09:59.290,307326,128.7,245.0,26.0,0.0,116.29,0,1
20:09:59.394,307426,128.73,245.0,9.0,0.0,116.26,0,0
20:09:59.491,307526,128.73,245.0,9.0,0.0,116.26,0,0
20:09:59.591,307626,128.75,245.0,21.0,0.0,116.24,0,1
20:09:59.692,307726,128.77,245.0,22.0,0.0,116.22,0,1
20:09:59.801,307826,128.77,245.0,22.0,0.0,116.22,0,1
20:09:59.892,307926,128.79,245.0,14.0,0.0,116.2,0,0
20:09:59.990,308026,128.79,245.0,34.0,0.0,116.2,0,1
20:10:00.092,308126,128.82,245.0,12.0,0.0,116.17,0,0
20:10:00.191,308226,128.85,245.0,10.0,0.0,116.14,0,0
20:10:00.290,308326,128.89,245.0,3.0,0.0,116.1,0,0
20:10:00.392,308426,128.92,245.0,6.0,0.0,116.07,0,0
20:10:00.492,308526,128.95,245.0,14.0,0.0,116.04,0,0
20:10:00.592,308626,128.98,245.0,11.0,0.0,116.01,0,0
20:10:00.692,308726,129.01,245.0,9.0,0.0,115.98,0,0
20:10:00.796,308826,129.04,245.0,12.0,0.0,115.95,0,0
20:10:00.893,308926,129.08,245.0,5.0,0.0,115.91,0,0
20:10:00.991,309026,129.1,245.0,12.0,0.0,115.89,0,0
20:10:01.091,309126,129.1,245.0,12.0,0.0,115.89,0,0
20:10:01.191,309226,129.15,245.0,1.0,0.0,115.84,0,0
20:10:01.290,309326,129.19,245.0,0.0,0.0,115.8,0,0
20:10:01.389,309426,129.25,245.0,0.0,0.0,115.74,0,0
20:10:01.504,309526,129.29,245.0,4.0,0.0,115.7,0,0
20:10:01.590,309626,129.31,245.0,11.0,0.0,115.68,0,0
20:10:01.692,309726,129.31,245.0,11.0,0.0,115.68,0,0
20:10:01.790,309826,129.31,245.0,34.0,0.0,115.68,0,1
20:10:01.890,309926,129.37,245.0,0.0,0.0,115.62,0,0
20:10:01.991,310026,129.42,245.0,0.0,0.0,115.57,0,0
20:10:02.094,310126,129.42,245.0,0.0,0.0,115.57,0,0
20:10:02.191,310226,129.48,245.0,0.0,0.0,115.51,0,0
20:10:02.290,310326,129.53,245.0,0.0,0.0,115.46,0,0
20:10:02.390,310426,129.59,245.0,0.0,0.0,115.4,0,0
20:10:02.508,310526,129.65,245.0,0.0,0.0,115.34,0,0
20:10:02.602,310626,129.7,245.0,0.0,0.0,115.29,0,0
20:10:02.700,310726,129.75,245.0,0.0,0.0,115.24,0,0
20:10:02.797,310826,129.81,245.0,0.0,0.0,115.18,0,0
20:10:02.901,310926,129.85,245.0,0.0,0.0,115.14,0,0
20:10:02.990,311026,129.9,245.0,0.0,0.0,115.09,0,0
20:10:03.090,311126,129.9,245.0,0.0,0.0,115.09,0,0
20:10:03.191,311226,129.95,245.0,0.0,0.0,115.04,0,0
20:10:03.290,311326,130.0,245.0,0.0,0.0,114.99,0,0
20:10:03.392,311426,130.07,245.0,0.0,0.0,114.92,0,0
20:10:03.490,311526,130.07,245.0,34.0,0.0,114.92,0,1
20:10:03.590,311626,130.14,245.0,0.0,0.0,114.85,0,0
20:10:03.691,311726,130.21,245.0,0.0,0.0,114.78,0,0
20:10:03.818,311826,130.27,245.0,0.0,0.0,114.72,0,0
20:10:03.890,311926,130.34,245.0,0.0,0.0,114.65,0,0
20:10:03.990,312026,130.41,245.0,0.0,0.0,114.58,0,0
20:10:04.090,312126,130.47,245.0,0.0,0.0,114.52,0,0
20:10:04.193,312226,130.47,245.0,0.0,0.0,114.52,0,0
20:10:04.289,312326,130.51,245.0,0.0,0.0,114.48,0,0
20:10:04.397,312426,130.58,245.0,0.0,0.0,114.41,0,0
20:10:04.489,312526,130.65,245.0,0.0,0.0,114.34,0,0
20:10:04.590,312626,130.71,245.0,0.0,0.0,114.28,0,0
20:10:04.690,312726,130.78,245.0,0.0,0.0,114.21,0,0
20:10:04.789,312826,130.78,245.0,0.0,0.0,114.21,0,0
20:10:04.889,312926,130.84,245.0,0.0,0.0,114.15,0,0
20:10:04.992,313026,130.9,245.0,0.0,0.0,114.09,0,0
20:10:05.089,313126,130.9,245.0,34.0,0.0,114.09,0,1
20:10:05.190,313226,130.96,245.0,0.0,0.0,114.03,0,0
20:10:05.289,313326,131.03,245.0,0.0,0.0,113.96,0,0
20:10:05.388,313426,131.09,245.0,0.0,0.0,113.9,0,0
20:10:05.489,313526,131.17,245.0,0.0,0.0,113.82,0,0
20:10:05.590,313626,131.22,245.0,0.0,0.0,113.77,0,0
20:10:05.690,313726,131.28,245.0,0.0,0.0,113.71,0,0
20:10:05.789,313826,131.33,245.0,0.0,0.0,113.66,0,0
20:10:05.889,313926,131.39,245.0,0.0,0.0,113.6,0,0
20:10:05.989,314026,131.45,245.0,0.0,0.0,113.54,0,0
20:10:06.094,314126,131.51,245.0,0.0,0.0,113.48,0,0
20:10:06.191,314226,131.51,245.0,34.0,0.0,113.48,0,1
20:10:06.289,314326,131.57,245.0,0.0,0.0,113.42,0,0
20:10:06.389,314426,131.62,245.0,0.0,0.0,113.37,0,0
20:10:06.490,314526,131.68,245.0,0.0,0.0,113.31,0,0
20:10:06.589,314626,131.74,245.0,0.0,0.0,113.25,0,0
20:10:06.694,314726,131.79,245.0,0.0,0.0,113.2,0,0
20:10:06.789,314826,131.84,245.0,0.0,0.0,113.15,0,0
20:10:06.889,314926,131.87,245.0,4.0,0.0,113.12,0,0
20:10:06.990,315026,131.92,245.0,0.0,0.0,113.07,0,0
20:10:07.089,315126,131.96,245.0,1.0,0.0,113.03,0,0
20:10:07.191,315226,132.0,245.0,0.0,0.0,112.99,0,0
20:10:07.289,315326,132.0,245.0,0.0,0.0,112.99,0,0
20:10:07.389,315426,132.04,245.0,4.0,0.0,112.95,0,0
20:10:07.489,315526,132.08,245.0,2.0,0.0,112.91,0,0
20:10:07.589,315626,132.13,245.0,0.0,0.0,112.86,0,0
20:10:07.690,315726,132.18,245.0,0.0,0.0,112.81,0,0
20:10:07.805,315826,132.18,245.0,0.0,0.0,112.81,0,0
20:10:07.889,315926,132.22,245.0,0.0,0.0,112.77,0,0
20:10:07.990,316026,132.27,245.0,0.0,0.0,112.72,0,0
20:10:08.095,316126,132.31,245.0,0.0,0.0,112.68,0,0
20:10:08.192,316226,132.35,245.0,0.0,0.0,112.64,0,0
20:10:08.290,316326,132.35,245.0,0.0,0.0,112.64,0,0
20:10:08.389,316426,132.4,245.0,0.0,0.0,112.59,0,0
20:10:08.489,316526,132.43,245.0,9.0,0.0,112.56,0,0
20:10:08.589,316626,132.48,245.0,0.0,0.0,112.51,0,0
20:10:08.688,316726,132.53,245.0,0.0,0.0,112.46,0,0
20:10:08.788,316826,132.56,245.0,7.0,0.0,112.43,0,0
20:10:08.888,316926,132.59,245.0,9.0,0.0,112.4,0,0
20:10:08.990,317026,132.62,245.0,12.0,0.0,112.37,0,0
20:10:09.089,317126,132.66,245.0,1.0,0.0,112.33,0,0
20:10:09.191,317226,132.69,245.0,8.0,0.0,112.3,0,0
20:10:09.290,317326,132.73,245.0,2.0,0.0,112.26,0,0
20:10:09.389,317426,132.76,245.0,10.0,0.0,112.23,0,0
20:10:09.505,317526,132.76,245.0,10.0,0.0,112.23,0,0
20:10:09.595,317626,132.79,245.0,3.0,0.0,112.2,0,0
20:10:09.688,317726,132.83,245.0,6.0,0.0,112.16,0,0
20:10:09.790,317826,132.84,245.0,22.0,0.0,112.15,0,1
20:10:09.888,317926,132.88,245.0,1.0,0.0,112.11,0,0
20:10:09.990,318026,132.9,245.0,18.0,0.0,112.09,0,1
20:10:10.103,318126,132.93,245.0,10.0,0.0,112.06,0,0
20:10:10.188,318226,132.97,245.0,4.0,0.0,112.02,0,0
20:10:10.290,318326,132.99,245.0,11.0,0.0,112.0,0,0
20:10:10.389,318426,133.01,245.0,18.0,0.0,111.98,0,1
20:10:10.489,318526,133.03,245.0,19.0,0.0,111.96,0,1
20:10:10.589,318626,133.02,245.0,38.0,0.0,111.97,0,1
20:10:10.699,318726,133.04,245.0,20.0,0.0,111.95,0,1
20:10:10.788,318826,133.04,245.0,20.0,0.0,111.95,0,1
20:10:10.888,318926,133.07,245.0,9.0,0.0,111.92,0,0
20:10:10.989,319026,133.08,245.0,28.0,0.0,111.91,0,1
20:10:11.088,319126,133.09,245.0,20.0,0.0,111.9,0,1
20:10:11.189,319226,133.11,245.0,21.0,0.0,111.88,0,1
20:10:11.289,319326,133.12,245.0,23.0,0.0,111.87,0,1
20:10:11.388,319426,133.12,245.0,33.0,0.0,111.87,0,1
20:10:11.490,319526,133.13,245.0,28.0,0.0,111.86,0,1
20:10:11.588,319626,133.14,245.0,24.0,0.0,111.85,0,1
20:10:11.701,319726,133.13,245.0,38.0,0.0,111.86,0,1
20:10:11.797,319826,133.15,245.0,20.0,0.0,111.84,0,1
20:10:11.894,319926,133.15,245.0,20.0,0.0,111.84,0,1
20:10:11.993,320026,133.17,245.0,17.0,0.0,111.82,0,1
20:10:12.091,320126,133.19,245.0,19.0,0.0,111.8,0,1
20:10:12.188,320226,133.2,245.0,20.0,0.0,111.79,0,1
20:10:12.288,320326,133.21,245.0,26.0,0.0,111.78,0,1
20:10:12.387,320426,133.21,245.0,26.0,0.0,111.78,0,1
20:10:12.491,320526,133.21,245.0,31.0,0.0,111.78,0,1
20:10:12.588,320626,133.22,245.0,31.0,0.0,111.77,0,1
20:10:12.688,320726,133.23,245.0,23.0,0.0,111.76,0,1
20:10:12.788,320826,133.22,245.0,37.0,0.0,111.77,0,1
20:10:12.886,320926,133.22,245.0,37.0,0.0,111.77,0,1
20:10:12.987,321026,133.21,245.0,45.0,0.0,111.78,0,1
20:10:13.086,321126,133.21,245.0,35.0,0.0,111.78,0,1
20:10:13.188,321226,133.22,245.0,26.0,0.0,111.77,0,1
20:10:13.287,321326,133.21,245.0,36.0,0.0,111.78,0,1
20:10:13.389,321426,133.2,245.0,44.0,0.0,111.79,0,1
20:10:13.490,321526,133.2,245.0,44.0,0.0,111.79,0,1
20:10:13.616,321626,133.2,245.0,30.0,0.0,111.79,0,1
20:10:13.687,321726,133.21,245.0,26.0,0.0,111.78,0,1
20:10:13.789,321826,133.22,245.0,27.0,0.0,111.77,0,1
20:10:13.887,321926,133.21,245.0,40.0,0.0,111.78,0,1
20:10:13.987,322026,133.21,245.0,40.0,0.0,111.78,0,1
20:10:14.088,322126,133.21,245.0,31.0,0.0,111.78,0,1
20:10:14.190,322226,133.23,245.0,18.0,0.0,111.76,0,1
20:10:14.289,322326,133.23,245.0,33.0,0.0,111.76,0,1
20:10:14.388,322426,133.24,245.0,28.0,0.0,111.75,0,1
20:10:14.490,322526,133.23,245.0,42.0,0.0,111.76,0,1
20:10:14.587,322626,133.24,245.0,24.0,0.0,111.75,0,1
20:10:14.688,322726,133.25,245.0,25.0,0.0,111.74,0,1
20:10:14.788,322826,133.26,245.0,25.0,0.0,111.73,0,1
20:10:14.887,322926,133.26,245.0,35.0,0.0,111.73,0,1
20:10:14.990,323026,133.26,245.0,35.0,0.0,111.73,0,1
20:10:15.087,323126,133.28,245.0,13.0,0.0,111.71,0,0
20:10:15.187,323226,133.29,245.0,28.0,0.0,111.7,0,1
20:10:15.288,323326,133.3,245.0,28.0,0.0,111.69,0,1
20:10:15.387,323426,133.3,245.0,29.0,0.0,111.69,0,1
20:10:15.489,323526,133.3,245.0,33.0,0.0,111.69,0,1
20:10:15.587,323626,133.31,245.0,25.0,0.0,111.68,0,1
20:10:15.687,323726,133.33,245.0,17.0,0.0,111.66,0,1
20:10:15.788,323826,133.36,245.0,10.0,0.0,111.63,0,0
20:10:15.887,323926,133.39,245.0,8.0,0.0,111.6,0,0
20:10:15.990,324026,133.42,245.0,11.0,0.0,111.57,0,0
20:10:16.088,324126,133.42,245.0,34.0,0.0,111.57,0,1
20:10:16.188,324226,133.43,245.0,21.0,0.0,111.56,0,1
20:10:16.289,324326,133.43,245.0,35.0,0.0,111.56,0,1
20:10:16.387,324426,133.44,245.0,22.0,0.0,111.55,0,1
20:10:16.512,324526,133.47,245.0,6.0,0.0,111.52,0,0
20:10:16.589,324626,133.5,245.0,13.0,0.0,111.49,0,0
20:10:16.687,324726,133.52,245.0,15.0,0.0,111.47,0,1
20:10:16.788,324826,133.54,245.0,21.0,0.0,111.45,0,1
20:10:16.886,324926,133.57,245.0,9.0,0.0,111.42,0,0
20:10:16.985,325026,133.59,245.0,12.0,0.0,111.4,0,0
20:10:17.091,325126,133.63,245.0,5.0,0.0,111.36,0,0
20:10:17.188,325226,133.66,245.0,8.0,0.0,111.33,0,0
20:10:17.288,325326,133.69,245.0,6.0,0.0,111.3,0,0
20:10:17.386,325426,133.72,245.0,9.0,0.0,111.27,0,0
20:10:17.486,325526,133.78,245.0,0.0,0.0,111.21,0,0
20:10:17.588,325626,133.8,245.0,16.0,0.0,111.19,0,1
20:10:17.686,325726,133.8,245.0,16.0,0.0,111.19,0,1
20:10:17.788,325826,133.85,245.0,0.0,0.0,111.14,0,0
20:10:17.886,325926,133.9,245.0,0.0,0.0,111.09,0,0
20:10:17.986,326026,133.92,245.0,21.0,0.0,111.07,0,1
20:10:18.087,326126,133.95,245.0,5.0,0.0,111.04,0,0
20:10:18.208,326226,133.95,245.0,5.0,0.0,111.04,0,0
20:10:18.287,326326,133.99,245.0,4.0,0.0,111.0,0,0
20:10:18.387,326426,133.99,245.0,4.0,0.0,111.0,0,0
20:10:18.486,326526,134.04,245.0,0.0,0.0,110.95,0,0
20:10:18.588,326626,134.1,245.0,0.0,0.0,110.89,0,0
20:10:18.688,326726,134.15,245.0,0.0,0.0,110.84,0,0
20:10:18.790,326826,134.21,245.0,0.0,0.0,110.78,0,0
20:10:18.887,326926,134.26,245.0,0.0,0.0,110.73,0,0
20:10:18.986,327026,134.3,245.0,0.0,0.0,110.69,0,0
20:10:19.087,327126,134.35,245.0,0.0,0.0,110.64,0,0
20:10:19.186,327226,134.4,245.0,0.0,0.0,110.59,0,0
20:10:19.288,327326,134.46,245.0,0.0,0.0,110.53,0,0
20:10:19.385,327426,134.51,245.0,0.0,0.0,110.48,0,0
20:10:19.487,327526,134.51,245.0,0.0,0.0,110.48,0,0
20:10:19.586,327626,134.57,245.0,0.0,0.0,110.42,0,0
20:10:19.685,327726,134.63,245.0,0.0,0.0,110.36,0,0
20:10:19.788,327826,134.7,245.0,0.0,0.0,110.29,0,0
20:10:19.913,327926,134.77,245.0,0.0,0.0,110.22,0,0
20:10:19.987,328026,134.84,245.0,0.0,0.0,110.15,0,0
20:10:20.087,328126,134.9,245.0,0.0,0.0,110.09,0,0
20:10:20.187,328226,134.96,245.0,0.0,0.0,110.03,0,0
20:10:20.288,328326,135.02,245.0,0.0,0.0,109.97,0,0
20:10:20.386,328426,135.07,245.0,0.0,0.0,109.92,0,0
20:10:20.487,328526,135.1,245.0,3.0,0.0,109.89,0,0
20:10:20.586,328626,135.16,245.0,0.0,0.0,109.83,0,0
20:10:20.685,328726,135.21,245.0,0.0,0.0,109.78,0,0
20:10:20.786,328826,135.26,245.0,0.0,0.0,109.73,0,0
20:10:20.885,328926,135.26,245.0,0.0,0.0,109.73,0,0
20:10:20.985,329026,135.33,245.0,0.0,0.0,109.66,0,0
20:10:21.088,329126,135.38,245.0,0.0,0.0,109.61,0,0
20:10:21.185,329226,135.43,245.0,0.0,0.0,109.56,0,0
20:10:21.285,329326,135.49,245.0,0.0,0.0,109.5,0,0
20:10:21.387,329426,135.57,245.0,0.0,0.0,109.42,0,0
20:10:21.491,329526,135.63,245.0,0.0,0.0,109.36,0,0
20:10:21.589,329626,135.69,245.0,0.0,0.0,109.3,0,0
20:10:21.685,329726,135.74,245.0,0.0,0.0,109.25,0,0
20:10:21.785,329826,135.8,245.0,0.0,0.0,109.19,0,0
20:10:21.886,329926,135.85,245.0,0.0,0.0,109.14,0,0
20:10:21.985,330026,135.9,245.0,0.0,0.0,109.09,0,0
20:10:22.226,330226,135.96,245.0,0.0,0.0,109.03,0,0
20:10:22.288,330326,136.01,245.0,0.0,0.0,108.98,0,0
20:10:22.387,330426,136.06,245.0,0.0,0.0,108.93,0,0
20:10:22.485,330526,136.06,245.0,32.0,0.0,108.93,0,1
20:10:22.587,330626,136.06,245.0,32.0,0.0,108.93,0,1
20:10:22.684,330726,136.12,245.0,0.0,0.0,108.87,0,0
20:10:22.790,330826,136.17,245.0,0.0,0.0,108.82,0,0
20:10:22.886,330926,136.23,245.0,0.0,0.0,108.76,0,0
20:10:22.986,331026,136.29,245.0,0.0,0.0,108.7,0,0
20:10:23.087,331126,136.29,245.0,0.0,0.0,108.7,0,0
20:10:23.186,331226,136.36,245.0,0.0,0.0,108.63,0,0
20:10:23.290,331326,136.42,245.0,0.0,0.0,108.57,0,0
20:10:23.388,331426,136.47,245.0,0.0,0.0,108.52,0,0
20:10:23.487,331526,136.54,245.0,0.0,0.0,108.45,0,0
20:10:23.586,331626,136.54,245.0,0.0,0.0,108.45,0,0
20:10:23.686,331726,136.6,245.0,0.0,0.0,108.39,0,0
20:10:23.785,331826,136.68,245.0,0.0,0.0,108.31,0,0
20:10:23.886,331926,136.74,245.0,0.0,0.0,108.25,0,0
20:10:23.986,332026,136.77,245.0,9.0,0.0,108.22,0,0
20:10:24.088,332126,136.77,245.0,9.0,0.0,108.22,0,0
20:10:24.187,332226,136.8,245.0,3.0,0.0,108.19,0,0
20:10:24.285,332326,136.84,245.0,6.0,0.0,108.15,0,0
20:10:24.386,332426,136.89,245.0,0.0,0.0,108.1,0,0
20:10:24.484,332526,136.94,245.0,0.0,0.0,108.05,0,0
20:10:24.593,332626,136.94,245.0,0.0,0.0,108.05,0,0
20:10:24.683,332726,136.99,245.0,0.0,0.0,108.0,0,0
20:10:24.785,332826,137.04,245.0,0.0,0.0,107.95,0,0
20:10:24.884,332926,137.07,245.0,3.0,0.0,107.92,0,0
20:10:24.984,333026,137.12,245.0,0.0,0.0,107.87,0,0
20:10:25.087,333126,137.12,245.0,32.0,0.0,107.87,0,1
20:10:25.184,333226,137.16,245.0,0.0,0.0,107.83,0,0
20:10:25.285,333326,137.19,245.0,9.0,0.0,107.8,0,0
20:10:25.387,333426,137.22,245.0,3.0,0.0,107.77,0,0
20:10:25.484,333526,137.26,245.0,1.0,0.0,107.73,0,0
20:10:25.588,333626,137.29,245.0,9.0,0.0,107.7,0,0
20:10:25.695,333726,137.33,245.0,3.0,0.0,107.66,0,0
20:10:25.793,333826,137.37,245.0,1.0,0.0,107.62,0,0
20:10:25.886,333926,137.42,245.0,0.0,0.0,107.57,0,0
20:10:25.983,334026,137.44,245.0,13.0,0.0,107.55,0,0
20:10:26.084,334126,137.47,245.0,15.0,0.0,107.52,0,1
20:10:26.184,334226,137.47,245.0,15.0,0.0,107.52,0,1
20:10:26.289,334326,137.48,245.0,21.0,0.0,107.51,0,1
20:10:26.385,334426,137.5,245.0,18.0,0.0,107.49,0,1
20:10:26.483,334526,137.51,245.0,19.0,0.0,107.48,0,1
20:10:26.584,334626,137.51,245.0,19.0,0.0,107.48,0,1
20:10:26.684,334726,137.54,245.0,12.0,0.0,107.45,0,0
20:10:26.783,334826,137.55,245.0,18.0,0.0,107.44,0,1
20:10:26.885,334926,137.56,245.0,24.0,0.0,107.43,0,1
20:10:26.984,335026,137.58,245.0,20.0,0.0,107.41,0,1
20:10:27.087,335126,137.59,245.0,21.0,0.0,107.4,0,1
20:10:27.184,335226,137.59,245.0,21.0,0.0,107.4,0,1
20:10:27.284,335326,137.61,245.0,18.0,0.0,107.38,0,1
20:10:27.417,335426,137.62,245.0,20.0,0.0,107.37,0,1
20:10:27.483,335526,137.62,245.0,32.0,0.0,107.37,0,1
20:10:27.587,335626,137.64,245.0,17.0,0.0,107.35,0,1
20:10:27.685,335726,137.65,245.0,26.0,0.0,107.34,0,1
20:10:27.784,335826,137.67,245.0,19.0,0.0,107.32,0,1
20:10:27.885,335926,137.69,245.0,12.0,0.0,107.3,0,0
20:10:27.989,336026,137.7,245.0,26.0,0.0,107.29,0,1
20:10:28.087,336126,137.7,245.0,31.0,0.0,107.29,0,1
20:10:28.184,336226,137.7,245.0,31.0,0.0,107.29,0,1
20:10:28.284,336326,137.7,245.0,31.0,0.0,107.29,0,1
20:10:28.386,336426,137.71,245.0,27.0,0.0,107.28,0,1
20:10:28.483,336526,137.7,245.0,36.0,0.0,107.29,0,1
20:10:28.583,336626,137.7,245.0,36.0,0.0,107.29,0,1
20:10:28.683,336726,137.72,245.0,14.0,0.0,107.27,0,0
20:10:28.784,336826,137.74,245.0,16.0,0.0,107.25,0,1
20:10:28.885,336926,137.75,245.0,26.0,0.0,107.24,0,1
20:10:28.983,337026,137.75,245.0,35.0,0.0,107.24,0,1
20:10:29.082,337126,137.76,245.0,22.0,0.0,107.23,0,1
20:10:29.184,337226,137.76,245.0,22.0,0.0,107.23,0,1
20:10:29.284,337326,137.77,245.0,23.0,0.0,107.22,0,1
20:10:29.385,337426,137.78,245.0,24.0,0.0,107.21,0,1
20:10:29.483,337526,137.78,245.0,29.0,0.0,107.21,0,1
20:10:29.583,337626,137.78,245.0,29.0,0.0,107.21,0,1
20:10:29.691,337726,137.78,245.0,29.0,0.0,107.21,0,1
20:10:29.783,337826,137.79,245.0,25.0,0.0,107.2,0,1
20:10:29.884,337926,137.79,245.0,34.0,0.0,107.2,0,1
20:10:29.983,338026,137.78,245.0,38.0,0.0,107.21,0,1
20:10:30.082,338126,137.8,245.0,21.0,0.0,107.19,0,1
20:10:30.185,338226,137.8,245.0,32.0,0.0,107.19,0,1
20:10:30.285,338326,137.81,245.0,18.0,0.0,107.18,0,1
20:10:30.384,338426,137.82,245.0,23.0,0.0,107.17,0,1
20:10:30.484,338526,137.84,245.0,20.0,0.0,107.15,0,1
20:10:30.583,338626,137.83,245.0,42.0,0.0,107.16,0,1
20:10:30.685,338726,137.83,245.0,42.0,0.0,107.16,0,1
20:10:30.804,338826,137.85,245.0,12.0,0.0,107.14,0,0
20:10:30.885,338926,137.88,245.0,9.0,0.0,107.11,0,0
20:10:30.983,339026,137.88,245.0,9.0,0.0,107.11,0,0
20:10:31.084,339126,137.89,245.0,24.0,0.0,107.1,0,1
20:10:31.184,339226,137.89,245.0,29.0,0.0,107.1,0,1
20:10:31.283,339326,137.89,245.0,32.0,0.0,107.1,0,1
20:10:31.385,339426,137.9,245.0,25.0,0.0,107.09,0,1
20:10:31.483,339526,137.92,245.0,17.0,0.0,107.07,0,1
20:10:31.583,339626,137.93,245.0,23.0,0.0,107.06,0,1
20:10:31.683,339726,137.92,245.0,41.0,0.0,107.07,0,1
20:10:31.783,339826,137.92,245.0,41.0,0.0,107.07,0,1
20:10:31.883,339926,137.92,245.0,27.0,0.0,107.07,0,1
20:10:31.986,340026,137.94,245.0,15.0,0.0,107.05,0,1
20:10:32.083,340126,137.96,245.0,17.0,0.0,107.03,0,1
20:10:32.184,340226,137.98,245.0,18.0,0.0,107.01,0,1
20:10:32.282,340326,137.99,245.0,20.0,0.0,107.0,0,1
20:10:32.384,340426,137.99,245.0,20.0,0.0,107.0,0,1
20:10:32.482,340526,138.04,245.0,0.0,0.0,106.95,0,0
20:10:32.583,340626,138.06,245.0,12.0,0.0,106.93,0,0
20:10:32.691,340726,138.06,245.0,12.0,0.0,106.93,0,0
20:10:32.783,340826,138.09,245.0,10.0,0.0,106.9,0,0
20:10:32.882,340926,138.09,245.0,32.0,0.0,106.9,0,1
20:10:32.982,341026,138.14,245.0,0.0,0.0,106.85,0,0
20:10:33.099,341126,138.17,245.0,7.0,0.0,106.82,0,0
20:10:33.183,341226,138.2,245.0,10.0,0.0,106.79,0,0
20:10:33.285,341326,138.23,245.0,8.0,0.0,106.76,0,0
20:10:33.382,341426,138.26,245.0,2.0,0.0,106.73,0,0
20:10:33.483,341526,138.3,245.0,1.0,0.0,106.69,0,0
20:10:33.583,341626,138.33,245.0,8.0,0.0,106.66,0,0
20:10:33.685,341726,138.36,245.0,6.0,0.0,106.63,0,0
20:10:33.783,341826,138.39,245.0,13.0,0.0,106.6,0,0
20:10:33.882,341926,138.43,245.0,0.0,0.0,106.56,0,0
20:10:33.982,342026,138.48,245.0,0.0,0.0,106.51,0,0
20:10:34.082,342126,138.52,245.0,6.0,0.0,106.47,0,0
20:10:34.184,342226,138.55,245.0,4.0,0.0,106.44,0,0
20:10:34.284,342326,138.59,245.0,0.0,0.0,106.4,0,0
20:10:34.382,342426,138.62,245.0,6.0,0.0,106.37,0,0
20:10:34.484,342526,138.68,245.0,0.0,0.0,106.31,0,0
20:10:34.583,342626,138.72,245.0,0.0,0.0,106.27,0,0
20:10:34.684,342726,138.77,245.0,0.0,0.0,106.22,0,0
20:10:34.782,342826,138.8,245.0,7.0,0.0,106.19,0,0
20:10:34.884,342926,138.84,245.0,0.0,0.0,106.15,0,0
20:10:34.983,343026,138.89,245.0,0.0,0.0,106.1,0,0
20:10:35.084,343126,138.94,245.0,0.0,0.0,106.05,0,0
20:10:35.183,343226,138.94,245.0,0.0,0.0,106.05,0,0
20:10:35.283,343326,139.01,245.0,0.0,0.0,105.98,0,0
20:10:35.383,343426,139.06,245.0,0.0,0.0,105.93,0,0
20:10:35.482,343526,139.12,245.0,0.0,0.0,105.87,0,0
20:10:35.581,343626,139.18,245.0,0.0,0.0,105.81,0,0
20:10:35.683,343726,139.25,245.0,0.0,0.0,105.74,0,0
20:10:35.782,343826,139.3,245.0,0.0,0.0,105.69,0,0
20:10:35.885,343926,139.35,245.0,0.0,0.0,105.64,0,0
20:10:36.005,344026,139.42,245.0,0.0,0.0,105.57,0,0
20:10:36.082,344126,139.49,245.0,0.0,0.0,105.5,0,0
20:10:36.185,344226,139.55,245.0,0.0,0.0,105.44,0,0
20:10:36.282,344326,139.59,245.0,0.0,0.0,105.4,0,0
20:10:36.382,344426,139.65,245.0,0.0,0.0,105.34,0,0
20:10:36.482,344526,139.69,245.0,3.0,0.0,105.3,0,0
20:10:36.586,344626,139.74,245.0,0.0,0.0,105.25,0,0
20:10:36.683,344726,139.74,245.0,0.0,0.0,105.25,0,0
20:10:36.781,344826,139.8,245.0,0.0,0.0,105.19,0,0
20:10:36.889,344926,139.85,245.0,0.0,0.0,105.14,0,0
20:10:36.989,345026,139.91,245.0,0.0,0.0,105.08,0,0
20:10:37.089,345126,139.98,245.0,0.0,0.0,105.01,0,0
20:10:37.199,345226,140.03,245.0,0.0,0.0,104.96,0,0
20:10:37.281,345326,140.07,245.0,0.0,0.0,104.92,0,0
20:10:37.381,345426,140.12,245.0,0.0,0.0,104.87,0,0
20:10:37.482,345526,140.18,245.0,0.0,0.0,104.81,0,0
20:10:37.583,345626,140.23,245.0,0.0,0.0,104.76,0,0
20:10:37.683,345726,140.23,245.0,31.0,0.0,104.76,0,1
20:10:37.786,345826,140.29,245.0,0.0,0.0,104.7,0,0
20:10:37.887,345926,140.35,245.0,0.0,0.0,104.64,0,0
20:10:37.983,346026,140.41,245.0,0.0,0.0,104.58,0,0
20:10:38.082,346126,140.46,245.0,0.0,0.0,104.53,0,0
20:10:38.185,346226,140.54,245.0,0.0,0.0,104.45,0,0
20:10:38.281,346326,140.58,245.0,0.0,0.0,104.41,0,0
20:10:38.381,346426,140.62,245.0,0.0,0.0,104.37,0,0
20:10:38.483,346526,140.67,245.0,0.0,0.0,104.32,0,0
20:10:38.581,346626,140.72,245.0,0.0,0.0,104.27,0,0
20:10:38.682,346726,140.77,245.0,0.0,0.0,104.22,0,0
20:10:38.781,346826,140.77,245.0,0.0,0.0,104.22,0,0
20:10:38.908,346926,140.83,245.0,0.0,0.0,104.16,0,0
20:10:38.982,347026,140.88,245.0,0.0,0.0,104.11,0,0
20:10:39.080,347126,140.91,245.0,5.0,0.0,104.08,0,0
20:10:39.181,347226,140.95,245.0,0.0,0.0,104.04,0,0
20:10:39.281,347326,140.99,245.0,0.0,0.0,104.0,0,0
20:10:39.381,347426,141.03,245.0,0.0,0.0,103.96,0,0
20:10:39.485,347526,141.09,245.0,0.0,0.0,103.9,0,0
20:10:39.581,347626,141.13,245.0,0.0,0.0,103.86,0,0
20:10:39.684,347726,141.17,245.0,0.0,0.0,103.82,0,0
20:10:39.780,347826,141.22,245.0,0.0,0.0,103.77,0,0
20:10:39.882,347926,141.26,245.0,4.0,0.0,103.73,0,0
20:10:39.982,348026,141.29,245.0,7.0,0.0,103.7,0,0
20:10:40.081,348126,141.32,245.0,1.0,0.0,103.67,0,0
20:10:40.183,348226,141.37,245.0,0.0,0.0,103.62,0,0
20:10:40.281,348326,141.4,245.0,3.0,0.0,103.59,0,0
20:10:40.382,348426,141.44,245.0,2.0,0.0,103.55,0,0
20:10:40.483,348526,141.47,245.0,1.0,0.0,103.52,0,0
20:10:40.638,348626,141.52,245.0,0.0,0.0,103.47,0,0
20:10:40.680,348726,141.55,245.0,8.0,0.0,103.44,0,0
20:10:40.782,348826,141.58,245.0,6.0,0.0,103.41,0,0
20:10:40.880,348926,141.6,245.0,16.0,0.0,103.39,0,1
20:10:40.981,349026,141.63,245.0,10.0,0.0,103.36,0,0
20:10:41.080,349126,141.66,245.0,3.0,0.0,103.33,0,0
20:10:41.210,349226,141.69,245.0,6.0,0.0,103.3,0,0
20:10:41.280,349326,141.7,245.0,25.0,0.0,103.29,0,1
20:10:41.380,349426,141.72,245.0,9.0,0.0,103.27,0,0
20:10:41.481,349526,141.73,245.0,28.0,0.0,103.26,0,1
20:10:41.581,349626,141.75,245.0,16.0,0.0,103.24,0,1
20:10:41.679,349726,141.76,245.0,21.0,0.0,103.23,0,1
20:10:41.799,349826,141.77,245.0,22.0,0.0,103.22,0,1
20:10:41.879,349926,141.79,245.0,15.0,0.0,103.2,0,1
20:10:41.981,350026,141.79,245.0,25.0,0.0,103.2,0,1
20:10:42.081,350126,141.81,245.0,21.0,0.0,103.18,0,1
20:10:42.180,350226,141.8,245.0,34.0,0.0,103.19,0,1
20:10:42.281,350326,141.8,245.0,30.0,0.0,103.19,0,1
20:10:42.398,350426,141.81,245.0,22.0,0.0,103.18,0,1
20:10:42.481,350526,141.82,245.0,23.0,0.0,103.17,0,1
20:10:42.580,350626,141.83,245.0,23.0,0.0,103.16,0,1
20:10:42.680,350726,141.81,245.0,45.0,0.0,103.18,0,1
20:10:42.780,350826,141.82,245.0,23.0,0.0,103.17,0,1
20:10:42.880,350926,141.82,245.0,23.0,0.0,103.17,0,1
20:10:42.982,351026,141.84,245.0,15.0,0.0,103.15,0,1
20:10:43.079,351126,141.84,245.0,37.0,0.0,103.15,0,1
20:10:43.180,351226,141.83,245.0,37.0,0.0,103.16,0,1
20:10:43.280,351326,141.84,245.0,20.0,0.0,103.15,0,1
20:10:43.380,351426,141.84,245.0,33.0,0.0,103.15,0,1
20:10:43.480,351526,141.84,245.0,29.0,0.0,103.15,0,1
20:10:43.587,351626,141.84,245.0,29.0,0.0,103.15,0,1
20:10:43.681,351726,141.85,245.0,25.0,0.0,103.14,0,1
20:10:43.782,351826,141.85,245.0,34.0,0.0,103.14,0,1
20:10:43.880,351926,141.85,245.0,29.0,0.0,103.14,0,1
20:10:43.984,352026,141.86,245.0,21.0,0.0,103.13,0,1
20:10:44.079,352126,141.86,245.0,30.0,0.0,103.13,0,1
20:10:44.184,352226,141.86,245.0,26.0,0.0,103.13,0,1
20:10:44.281,352326,141.86,245.0,31.0,0.0,103.13,0,1
20:10:44.379,352426,141.86,245.0,31.0,0.0,103.13,0,1
20:10:44.479,352526,141.87,245.0,22.0,0.0,103.12,0,1
20:10:44.580,352626,141.87,245.0,36.0,0.0,103.12,0,1
20:10:44.679,352726,141.86,245.0,39.0,0.0,103.13,0,1
20:10:44.781,352826,141.84,245.0,47.0,0.0,103.15,0,1
20:10:44.881,352926,141.85,245.0,20.0,0.0,103.14,0,1
20:10:44.982,353026,141.85,245.0,20.0,0.0,103.14,0,1
20:10:45.081,353126,141.84,245.0,38.0,0.0,103.15,0,1
20:10:45.178,353226,141.85,245.0,21.0,0.0,103.14,0,1
20:10:45.295,353326,141.84,245.0,38.0,0.0,103.15,0,1
20:10:45.379,353426,141.84,245.0,33.0,0.0,103.15,0,1
20:10:45.479,353526,141.84,245.0,33.0,0.0,103.15,0,1
20:10:45.580,353626,141.83,245.0,37.0,0.0,103.16,0,1
20:10:45.680,353726,141.84,245.0,24.0,0.0,103.15,0,1
20:10:45.781,353826,141.84,245.0,29.0,0.0,103.15,0,1
20:10:45.880,353926,141.84,245.0,33.0,0.0,103.15,0,1
20:10:45.981,354026,141.84,245.0,29.0,0.0,103.15,0,1
20:10:46.080,354126,141.85,245.0,21.0,0.0,103.14,0,1
20:10:46.179,354226,141.86,245.0,26.0,0.0,103.13,0,1
20:10:46.281,354326,141.84,245.0,43.0,0.0,103.15,0,1
20:10:46.379,354426,141.84,245.0,33.0,0.0,103.15,0,1
20:10:46.482,354526,141.84,245.0,33.0,0.0,103.15,0,1
20:10:46.580,354626,141.86,245.0,12.0,0.0,103.13,0,0
20:10:46.678,354726,141.87,245.0,22.0,0.0,103.12,0,1
20:10:46.781,354826,141.88,245.0,27.0,0.0,103.11,0,1
20:10:46.879,354926,141.87,245.0,40.0,0.0,103.12,0,1
20:10:46.984,355026,141.88,245.0,23.0,0.0,103.11,0,1
20:10:47.080,355126,141.88,245.0,23.0,0.0,103.11,0,1
20:10:47.179,355226,141.91,245.0,12.0,0.0,103.08,0,0
20:10:47.280,355326,141.92,245.0,18.0,0.0,103.07,0,1
20:10:47.379,355426,141.94,245.0,15.0,0.0,103.05,0,1
20:10:47.479,355526,141.94,245.0,15.0,0.0,103.05,0,1
20:10:47.580,355626,141.97,245.0,12.0,0.0,103.02,0,0
20:10:47.679,355726,141.99,245.0,14.0,0.0,103.0,0,0
20:10:47.781,355826,142.01,245.0,8.0,0.0,102.98,0,0
20:10:47.879,355926,142.05,245.0,2.0,0.0,102.94,0,0
20:10:47.979,356026,142.08,245.0,9.0,0.0,102.91,0,0
20:10:48.079,356126,142.11,245.0,3.0,0.0,102.88,0,0
20:10:48.180,356226,142.15,245.0,1.0,0.0,102.84,0,0
20:10:48.282,356326,142.15,245.0,1.0,0.0,102.84,0,0
20:10:48.379,356426,142.18,245.0,4.0,0.0,102.81,0,0
20:10:48.481,356526,142.21,245.0,7.0,0.0,102.78,0,0
20:10:48.582,356626,142.25,245.0,0.0,0.0,102.74,0,0
20:10:48.682,356726,142.31,245.0,0.0,0.0,102.68,0,0
20:10:48.781,356826,142.36,245.0,0.0,0.0,102.63,0,0
20:10:48.879,356926,142.39,245.0,9.0,0.0,102.6,0,0
20:10:48.979,357026,142.42,245.0,7.0,0.0,102.57,0,0
20:10:49.081,357126,142.45,245.0,1.0,0.0,102.54,0,0
20:10:49.179,357226,142.5,245.0,0.0,0.0,102.49,0,0
20:10:49.281,357326,142.53,245.0,3.0,0.0,102.46,0,0
20:10:49.379,357426,142.59,245.0,0.0,0.0,102.4,0,0
20:10:49.478,357526,142.62,245.0,6.0,0.0,102.37,0,0
20:10:49.580,357626,142.66,245.0,0.0,0.0,102.33,0,0
20:10:49.679,357726,142.72,245.0,0.0,0.0,102.27,0,0
20:10:49.784,357826,142.75,245.0,0.0,0.0,102.24,0,0
20:10:49.878,357926,142.79,245.0,0.0,0.0,102.2,0,0
20:10:49.979,358026,142.83,245.0,0.0,0.0,102.16,0,0
20:10:50.080,358126,142.88,245.0,0.0,0.0,102.11,0,0
20:10:50.179,358226,142.92,245.0,0.0,0.0,102.07,0,0
20:10:50.281,358326,142.92,245.0,0.0,0.0,102.07,0,0
20:10:50.392,358426,142.98,245.0,0.0,0.0,102.01,0,0
20:10:50.479,358526,143.03,245.0,0.0,0.0,101.96,0,0
20:10:50.580,358626,143.08,245.0,0.0,0.0,101.91,0,0
20:10:50.679,358726,143.15,245.0,0.0,0.0,101.84,0,0
20:10:50.782,358826,143.21,245.0,0.0,0.0,101.78,0,0
20:10:50.879,358926,143.26,245.0,0.0,0.0,101.73,0,0
20:10:50.979,359026,143.31,245.0,0.0,0.0,101.68,0,0
20:10:51.079,359126,143.37,245.0,0.0,0.0,101.62,0,0
20:10:51.178,359226,143.41,245.0,0.0,0.0,101.58,0,0
20:10:51.281,359326,143.45,245.0,0.0,0.0,101.54,0,0
20:10:51.380,359426,143.45,245.0,0.0,0.0,101.54,0,0
20:10:51.480,359526,143.53,245.0,0.0,0.0,101.46,0,0
20:10:51.580,359626,143.6,245.0,0.0,0.0,101.39,0,0
20:10:51.678,359726,143.66,245.0,0.0,0.0,101.33,0,0
20:10:51.781,359826,143.73,245.0,0.0,0.0,101.26,0,0
20:10:51.878,359926,143.73,245.0,30.0,0.0,101.26,0,1
20:10:51.978,360026,143.79,245.0,0.0,0.0,101.2,0,0
20:10:52.080,360126,143.84,245.0,0.0,0.0,101.15,0,0
20:10:52.179,360226,143.9,245.0,0.0,0.0,101.09,0,0
20:10:52.282,360326,143.96,245.0,0.0,0.0,101.03,0,0
20:10:52.381,360426,144.04,245.0,0.0,0.0,100.95,0,0
20:10:52.478,360526,144.04,245.0,0.0,0.0,100.95,0,0
20:10:52.580,360626,144.1,245.0,0.0,0.0,100.89,0,0
20:10:52.691,360726,144.16,245.0,0.0,0.0,100.83,0,0
20:10:52.779,360826,144.23,245.0,0.0,0.0,100.76,0,0
20:10:52.877,360926,144.3,245.0,0.0,0.0,100.69,0,0
20:10:52.977,361026,144.36,245.0,0.0,0.0,100.63,0,0
20:10:53.079,361126,144.41,245.0,0.0,0.0,100.58,0,0
20:10:53.177,361226,144.45,245.0,0.0,0.0,100.54,0,0
20:10:53.283,361326,144.49,245.0,0.0,0.0,100.5,0,0
20:10:53.377,361426,144.54,245.0,0.0,0.0,100.45,0,0
20:10:53.478,361526,144.54,245.0,0.0,0.0,100.45,0,0
20:10:53.579,361626,144.59,245.0,0.0,0.0,100.4,0,0
20:10:53.691,361726,144.65,245.0,0.0,0.0,100.34,0,0
20:10:53.784,361826,144.72,245.0,0.0,0.0,100.27,0,0
20:10:53.899,361926,144.78,245.0,0.0,0.0,100.21,0,0
20:10:53.985,362026,144.82,245.0,0.0,0.0,100.17,0,0
20:10:54.079,362126,144.82,245.0,0.0,0.0,100.17,0,0
20:10:54.177,362226,144.89,245.0,0.0,0.0,100.1,0,0
20:10:54.278,362326,144.93,245.0,0.0,0.0,100.06,0,0
20:10:54.384,362426,144.98,245.0,0.0,0.0,100.01,0,0
20:10:54.482,362526,145.03,245.0,0.0,0.0,99.96,0,0
20:10:54.579,362626,145.09,245.0,0.0,0.0,99.9,0,0
20:10:54.678,362726,145.14,245.0,0.0,0.0,99.85,0,0
20:10:54.777,362826,145.17,245.0,2.0,0.0,99.82,0,0
20:10:54.880,362926,145.17,245.0,2.0,0.0,99.82,0,0
20:10:54.979,363026,145.22,245.0,0.0,0.0,99.77,0,0
20:10:55.079,363126,145.25,245.0,0.0,0.0,99.74,0,0
20:10:55.177,363226,145.29,245.0,0.0,0.0,99.7,0,0
20:10:55.276,363326,145.33,245.0,0.0,0.0,99.66,0,0
20:10:55.377,363426,145.36,245.0,5.0,0.0,99.63,0,0
20:10:55.479,363526,145.4,245.0,0.0,0.0,99.59,0,0
20:10:55.580,363626,145.44,245.0,3.0,0.0,99.55,0,0
20:10:55.685,363726,145.47,245.0,6.0,0.0,99.52,0,0
20:10:55.777,363826,145.5,245.0,4.0,0.0,99.49,0,0
20:10:55.882,363926,145.53,245.0,2.0,0.0,99.46,0,0
20:10:55.977,364026,145.53,245.0,2.0,0.0,99.46,0,0
20:10:56.079,364126,145.55,245.0,13.0,0.0,99.44,0,0
20:10:56.178,364226,145.58,245.0,7.0,0.0,99.41,0,0
20:10:56.277,364326,145.61,245.0,5.0,0.0,99.38,0,0
20:10:56.379,364426,145.64,245.0,3.0,0.0,99.35,0,0
20:10:56.478,364526,145.68,245.0,2.0,0.0,99.31,0,0
20:10:56.577,364626,145.72,245.0,0.0,0.0,99.27,0,0
20:10:56.677,364726,145.74,245.0,8.0,0.0,99.25,0,0
20:10:56.776,364826,145.78,245.0,2.0,0.0,99.21,0,0
20:10:56.877,364926,145.78,245.0,29.0,0.0,99.21,0,1
20:10:56.978,365026,145.79,245.0,17.0,0.0,99.2,0,1
20:10:57.076,365126,145.82,245.0,6.0,0.0,99.17,0,0
20:10:57.177,365226,145.86,245.0,4.0,0.0,99.13,0,0
20:10:57.277,365326,145.87,245.0,15.0,0.0,99.12,0,1
20:10:57.377,365426,145.88,245.0,20.0,0.0,99.11,0,1
20:10:57.476,365526,145.88,245.0,20.0,0.0,99.11,0,1
20:10:57.575,365626,145.91,245.0,9.0,0.0,99.08,0,0
20:10:57.683,365726,145.92,245.0,19.0,0.0,99.07,0,1
20:10:57.783,365826,145.92,245.0,28.0,0.0,99.07,0,1
20:10:57.885,365926,145.92,245.0,28.0,0.0,99.07,0,1
20:10:58.005,366026,145.92,245.0,32.0,0.0,99.07,0,1
20:10:58.076,366126,145.93,245.0,20.0,0.0,99.06,0,1
20:10:58.179,366226,145.95,245.0,13.0,0.0,99.04,0,0
20:10:58.276,366326,145.96,245.0,22.0,0.0,99.03,0,1
20:10:58.380,366426,145.97,245.0,19.0,0.0,99.02,0,1
20:10:58.476,366526,145.97,245.0,19.0,0.0,99.02,0,1
20:10:58.581,366626,145.97,245.0,32.0,0.0,99.02,0,1
20:10:58.677,366726,145.97,245.0,32.0,0.0,99.02,0,1
20:10:58.776,366826,145.96,245.0,36.0,0.0,99.03,0,1
20:10:58.878,366926,145.96,245.0,27.0,0.0,99.03,0,1
20:10:58.975,367026,145.96,245.0,27.0,0.0,99.03,0,1
20:10:59.076,367126,145.96,245.0,27.0,0.0,99.03,0,1
20:10:59.179,367226,145.98,245.0,19.0,0.0,99.01,0,1
20:10:59.276,367326,145.98,245.0,28.0,0.0,99.01,0,1
20:10:59.378,367426,145.98,245.0,28.0,0.0,99.01,0,1
20:10:59.475,367526,145.97,245.0,33.0,0.0,99.02,0,1
20:10:59.576,367626,145.96,245.0,36.0,0.0,99.03,0,1
20:10:59.676,367726,145.96,245.0,36.0,0.0,99.03,0,1
20:10:59.776,367826,145.94,245.0,39.0,0.0,99.05,0,1
20:10:59.876,367926,145.94,245.0,30.0,0.0,99.05,0,1
20:10:59.976,368026,145.94,245.0,34.0,0.0,99.05,0,1
20:11:00.079,368126,145.94,245.0,29.0,0.0,99.05,0,1
20:11:00.177,368226,145.94,245.0,29.0,0.0,99.05,0,1
20:11:00.285,368326,145.92,245.0,41.0,0.0,99.07,0,1
20:11:00.376,368426,145.91,245.0,40.0,0.0,99.08,0,1
20:11:00.476,368526,145.91,245.0,27.0,0.0,99.08,0,1
20:11:00.575,368626,145.91,245.0,29.0,0.0,99.08,0,1
20:11:00.678,368726,145.91,245.0,31.0,0.0,99.08,0,1
20:11:00.780,368826,145.9,245.0,35.0,0.0,99.09,0,1
20:11:00.879,368926,145.9,245.0,30.0,0.0,99.09,0,1
20:11:00.976,369026,145.89,245.0,34.0,0.0,99.1,0,1
20:11:01.075,369126,145.89,245.0,34.0,0.0,99.1,0,1
20:11:01.177,369226,145.89,245.0,34.0,0.0,99.1,0,1
20:11:01.277,369326,145.88,245.0,37.0,0.0,99.11,0,1
20:11:01.374,369426,145.86,245.0,41.0,0.0,99.13,0,1
20:11:01.475,369526,145.87,245.0,23.0,0.0,99.12,0,1
20:11:01.574,369626,145.87,245.0,32.0,0.0,99.12,0,1
20:11:01.674,369726,145.87,245.0,32.0,0.0,99.12,0,1
20:11:01.776,369826,145.88,245.0,16.0,0.0,99.11,0,1
20:11:01.874,369926,145.88,245.0,29.0,0.0,99.11,0,1
20:11:01.989,370026,145.9,245.0,13.0,0.0,99.09,0,0
20:11:02.080,370126,145.91,245.0,27.0,0.0,99.08,0,1
20:11:02.176,370226,145.91,245.0,27.0,0.0,99.08,0,1
20:11:02.276,370326,145.91,245.0,31.0,0.0,99.08,0,1
20:11:02.378,370426,145.89,245.0,39.0,0.0,99.1,0,1
20:11:02.475,370526,145.89,245.0,30.0,0.0,99.1,0,1
20:11:02.575,370626,145.89,245.0,30.0,0.0,99.1,0,1
20:11:02.678,370726,145.89,245.0,29.0,0.0,99.1,0,1
20:11:02.774,370826,145.91,245.0,14.0,0.0,99.08,0,0
20:11:02.875,370926,145.93,245.0,11.0,0.0,99.06,0,0
20:11:02.978,371026,145.96,245.0,13.0,0.0,99.03,0,0
20:11:03.099,371126,145.96,245.0,27.0,0.0,99.03,0,1
20:11:03.175,371226,145.96,245.0,29.0,0.0,99.03,0,1
20:11:03.276,371326,145.98,245.0,15.0,0.0,99.01,0,1
20:11:03.374,371426,146.0,245.0,12.0,0.0,98.99,0,0
20:11:03.476,371526,146.03,245.0,6.0,0.0,98.96,0,0
20:11:03.575,371626,146.04,245.0,16.0,0.0,98.95,0,1
20:11:03.677,371726,146.06,245.0,18.0,0.0,98.93,0,1
20:11:03.775,371826,146.07,245.0,23.0,0.0,98.92,0,1
20:11:03.874,371926,146.08,245.0,19.0,0.0,98.91,0,1
20:11:03.975,372026,146.09,245.0,20.0,0.0,98.9,0,1
20:11:04.080,372126,146.11,245.0,9.0,0.0,98.88,0,0
20:11:04.177,372226,146.14,245.0,7.0,0.0,98.85,0,0
20:11:04.282,372326,146.19,245.0,0.0,0.0,98.8,0,0
20:11:04.379,372426,146.21,245.0,13.0,0.0,98.78,0,0
20:11:04.475,372526,146.23,245.0,6.0,0.0,98.76,0,0
20:11:04.573,372626,146.26,245.0,9.0,0.0,98.73,0,0
20:11:04.676,372726,146.29,245.0,7.0,0.0,98.7,0,0
20:11:04.775,372826,146.31,245.0,9.0,0.0,98.68,0,0
20:11:04.875,372926,146.35,245.0,3.0,0.0,98.64,0,0
20:11:04.975,373026,146.38,245.0,1.0,0.0,98.61,0,0
20:11:05.075,373126,146.42,245.0,0.0,0.0,98.57,0,0
20:11:05.173,373226,146.45,245.0,0.0,0.0,98.54,0,0
20:11:05.274,373326,146.49,245.0,2.0,0.0,98.5,0,0
20:11:05.388,373426,146.49,245.0,2.0,0.0,98.5,0,0
20:11:05.474,373526,146.54,245.0,0.0,0.0,98.45,0,0
20:11:05.574,373626,146.58,245.0,0.0,0.0,98.41,0,0
20:11:05.676,373726,146.61,245.0,8.0,0.0,98.38,0,0
20:11:05.774,373826,146.66,245.0,0.0,0.0,98.33,0,0
20:11:05.874,373926,146.66,245.0,0.0,0.0,98.33,0,0
20:11:05.976,374026,146.71,245.0,0.0,0.0,98.28,0,0
20:11:06.075,374126,146.76,245.0,0.0,0.0,98.23,0,0
20:11:06.186,374226,146.8,245.0,0.0,0.0,98.19,0,0
20:11:06.280,374326,146.84,245.0,0.0,0.0,98.15,0,0
20:11:06.380,374426,146.84,245.0,0.0,0.0,98.15,0,0
20:11:06.478,374526,146.9,245.0,0.0,0.0,98.09,0,0
20:11:06.579,374626,146.97,245.0,0.0,0.0,98.02,0,0
20:11:06.675,374726,147.03,245.0,0.0,0.0,97.96,0,0
20:11:06.774,374826,147.09,245.0,0.0,0.0,97.9,0,0
20:11:06.874,374926,147.09,245.0,29.0,0.0,97.9,0,1
20:11:06.976,375026,147.16,245.0,0.0,0.0,97.83,0,0
20:11:07.074,375126,147.23,245.0,0.0,0.0,97.76,0,0
20:11:07.174,375226,147.29,245.0,0.0,0.0,97.7,0,0
20:11:07.280,375326,147.35,245.0,0.0,0.0,97.64,0,0
20:11:07.374,375426,147.41,245.0,0.0,0.0,97.58,0,0
20:11:07.475,375526,147.46,245.0,0.0,0.0,97.53,0,0
20:11:07.575,375626,147.52,245.0,0.0,0.0,97.47,0,0
20:11:07.698,375726,147.58,245.0,0.0,0.0,97.41,0,0
20:11:07.773,375826,147.63,245.0,0.0,0.0,97.36,0,0
20:11:07.876,375926,147.68,245.0,0.0,0.0,97.31,0,0
20:11:07.977,376026,147.75,245.0,0.0,0.0,97.24,0,0
20:11:08.073,376126,147.8,245.0,0.0,0.0,97.19,0,0
20:11:08.178,376226,147.86,245.0,0.0,0.0,97.13,0,0
20:11:08.277,376326,147.91,245.0,0.0,0.0,97.08,0,0
20:11:08.373,376426,147.95,245.0,0.0,0.0,97.04,0,0
20:11:08.477,376526,148.02,245.0,0.0,0.0,96.97,0,0
20:11:08.573,376626,148.07,245.0,0.0,0.0,96.92,0,0
20:11:08.676,376726,148.07,245.0,0.0,0.0,96.92,0,0
20:11:08.775,376826,148.07,245.0,0.0,0.0,96.92,0,0
20:11:08.878,376926,148.14,245.0,0.0,0.0,96.85,0,0
20:11:08.976,377026,148.19,245.0,0.0,0.0,96.8,0,0
20:11:09.074,377126,148.25,245.0,0.0,0.0,96.74,0,0
20:11:09.176,377226,148.31,245.0,0.0,0.0,96.68,0,0
20:11:09.274,377326,148.37,245.0,0.0,0.0,96.62,0,0
20:11:09.398,377426,148.43,245.0,0.0,0.0,96.56,0,0
20:11:09.475,377526,148.49,245.0,0.0,0.0,96.5,0,0
20:11:09.574,377626,148.49,245.0,0.0,0.0,96.5,0,0
20:11:09.676,377726,148.54,245.0,0.0,0.0,96.45,0,0
20:11:09.773,377826,148.6,245.0,0.0,0.0,96.39,0,0
20:11:09.875,377926,148.65,245.0,0.0,0.0,96.34,0,0
20:11:09.977,378026,148.71,245.0,0.0,0.0,96.28,0,0
20:11:10.073,378126,148.71,245.0,0.0,0.0,96.28,0,0
20:11:10.173,378226,148.77,245.0,0.0,0.0,96.22,0,0
20:11:10.275,378326,148.83,245.0,0.0,0.0,96.16,0,0
20:11:10.374,378426,148.87,245.0,0.0,0.0,96.12,0,0
20:11:10.477,378526,148.93,245.0,0.0,0.0,96.06,0,0
20:11:10.574,378626,148.98,245.0,0.0,0.0,96.01,0,0
20:11:10.775,378826,149.02,245.0,0.0,0.0,95.97,0,0
20:11:10.873,378926,149.07,245.0,0.0,0.0,95.92,0,0
20:11:10.974,379026,149.12,245.0,0.0,0.0,95.87,0,0
20:11:11.075,379126,149.15,245.0,6.0,0.0,95.84,0,0
20:11:11.173,379226,149.19,245.0,0.0,0.0,95.8,0,0
20:11:11.274,379326,149.23,245.0,0.0,0.0,95.76,0,0
20:11:11.379,379426,149.26,245.0,2.0,0.0,95.73,0,0
20:11:11.475,379526,149.3,245.0,0.0,0.0,95.69,0,0
20:11:11.572,379626,149.3,245.0,28.0,0.0,95.69,0,1
20:11:11.692,379726,149.33,245.0,0.0,0.0,95.66,0,0
20:11:11.771,379826,149.33,245.0,0.0,0.0,95.66,0,0
20:11:11.873,379926,149.33,245.0,28.0,0.0,95.66,0,1
20:11:11.976,380026,149.38,245.0,0.0,0.0,95.61,0,0
20:11:12.074,380126,149.44,245.0,0.0,0.0,95.55,0,0
20:11:12.173,380226,149.45,245.0,15.0,0.0,95.54,0,1
20:11:12.274,380326,149.49,245.0,0.0,0.0,95.5,0,0
20:11:12.374,380426,149.52,245.0,8.0,0.0,95.47,0,0
20:11:12.475,380526,149.54,245.0,14.0,0.0,95.45,0,0
20:11:12.573,380626,149.58,245.0,0.0,0.0,95.41,0,0
20:11:12.671,380726,149.58,245.0,28.0,0.0,95.41,0,1
20:11:12.773,380826,149.6,245.0,10.0,0.0,95.39,0,0
20:11:12.877,380926,149.63,245.0,4.0,0.0,95.36,0,0
20:11:12.973,381026,149.65,245.0,11.0,0.0,95.34,0,0
20:11:13.073,381126,149.67,245.0,12.0,0.0,95.32,0,0
20:11:13.173,381226,149.7,245.0,10.0,0.0,95.29,0,0
20:11:13.274,381326,149.71,245.0,16.0,0.0,95.28,0,1
20:11:13.389,381426,149.71,245.0,25.0,0.0,95.28,0,1
20:11:13.473,381526,149.73,245.0,17.0,0.0,95.26,0,1
20:11:13.574,381626,149.75,245.0,14.0,0.0,95.24,0,0
20:11:13.677,381726,149.76,245.0,20.0,0.0,95.23,0,1
20:11:13.773,381826,149.78,245.0,9.0,0.0,95.21,0,0
20:11:13.874,381926,149.8,245.0,14.0,0.0,95.19,0,0
20:11:13.976,382026,149.82,245.0,12.0,0.0,95.17,0,0
20:11:14.075,382126,149.83,245.0,21.0,0.0,95.16,0,1
20:11:14.176,382226,149.83,245.0,26.0,0.0,95.16,0,1
20:11:14.274,382326,149.83,245.0,26.0,0.0,95.16,0,1
20:11:14.373,382426,149.85,245.0,10.0,0.0,95.14,0,0
20:11:14.474,382526,149.85,245.0,10.0,0.0,95.14,0,0
20:11:14.573,382626,149.86,245.0,24.0,0.0,95.13,0,1
20:11:14.671,382726,149.86,245.0,20.0,0.0,95.13,0,1
20:11:14.773,382826,149.86,245.0,20.0,0.0,95.13,0,1
20:11:14.873,382926,149.86,245.0,29.0,0.0,95.13,0,1
20:11:14.971,383026,149.86,245.0,29.0,0.0,95.13,0,1
20:11:15.090,383126,149.86,245.0,33.0,0.0,95.13,0,1
20:11:15.172,383226,149.86,245.0,25.0,0.0,95.13,0,1
20:11:15.289,383326,149.86,245.0,25.0,0.0,95.13,0,1
20:11:15.379,383426,149.87,245.0,17.0,0.0,95.12,0,1
20:11:15.481,383526,149.86,245.0,38.0,0.0,95.13,0,1
20:11:15.573,383626,149.86,245.0,33.0,0.0,95.13,0,1
20:11:15.697,383726,149.87,245.0,17.0,0.0,95.12,0,1
20:11:15.783,383826,149.87,245.0,28.0,0.0,95.12,0,1
20:11:15.873,383926,149.87,245.0,30.0,0.0,95.12,0,1
20:11:15.975,384026,149.87,245.0,25.0,0.0,95.12,0,1
20:11:16.073,384126,149.87,245.0,26.0,0.0,95.12,0,1
20:11:16.172,384226,149.87,245.0,30.0,0.0,95.12,0,1
20:11:16.280,384326,149.87,245.0,28.0,0.0,95.12,0,1
20:11:16.373,384426,149.88,245.0,18.0,0.0,95.11,0,1
20:11:16.475,384526,149.89,245.0,23.0,0.0,95.1,0,1
20:11:16.574,384626,149.88,245.0,35.0,0.0,95.11,0,1
20:11:16.672,384726,149.87,245.0,35.0,0.0,95.12,0,1
20:11:16.775,384826,149.86,245.0,38.0,0.0,95.13,0,1
20:11:16.871,384926,149.86,245.0,33.0,0.0,95.13,0,1
20:11:16.970,385026,149.85,245.0,28.0,0.0,95.14,0,1
20:11:17.072,385126,149.86,245.0,24.0,0.0,95.13,0,1
20:11:17.171,385226,149.85,245.0,33.0,0.0,95.14,0,1
20:11:17.273,385326,149.85,245.0,28.0,0.0,95.14,0,1
20:11:17.408,385426,149.85,245.0,28.0,0.0,95.14,0,1
20:11:17.470,385526,149.86,245.0,20.0,0.0,95.13,0,1
20:11:17.572,385626,149.85,245.0,41.0,0.0,95.14,0,1
20:11:17.671,385726,149.83,245.0,40.0,0.0,95.16,0,1
20:11:17.777,385826,149.84,245.0,19.0,0.0,95.15,0,1
20:11:17.873,385926,149.83,245.0,36.0,0.0,95.16,0,1
20:11:17.975,386026,149.82,245.0,39.0,0.0,95.17,0,1
20:11:18.072,386126,149.82,245.0,26.0,0.0,95.17,0,1
20:11:18.171,386226,149.82,245.0,30.0,0.0,95.17,0,1
20:11:18.272,386326,149.82,245.0,26.0,0.0,95.17,0,1
20:11:18.371,386426,149.82,245.0,30.0,0.0,95.17,0,1
20:11:18.471,386526,149.82,245.0,30.0,0.0,95.17,0,1
20:11:18.570,386626,149.84,245.0,14.0,0.0,95.15,0,0
20:11:18.672,386726,149.85,245.0,23.0,0.0,95.14,0,1
20:11:18.773,386826,149.86,245.0,16.0,0.0,95.13,0,1
20:11:18.874,386926,149.86,245.0,29.0,0.0,95.13,0,1
20:11:18.971,387026,149.86,245.0,25.0,0.0,95.13,0,1
20:11:19.073,387126,149.87,245.0,21.0,0.0,95.12,0,1
20:11:19.171,387226,149.89,245.0,14.0,0.0,95.1,0,0
20:11:19.272,387326,149.89,245.0,14.0,0.0,95.1,0,0
20:11:19.372,387426,149.92,245.0,7.0,0.0,95.07,0,0
20:11:19.474,387526,149.92,245.0,21.0,0.0,95.07,0,1
20:11:19.572,387626,149.94,245.0,18.0,0.0,95.05,0,1
20:11:19.673,387726,149.94,245.0,23.0,0.0,95.05,0,1
20:11:19.773,387826,149.94,245.0,28.0,0.0,95.05,0,1
20:11:19.870,387926,149.96,245.0,12.0,0.0,95.03,0,0
20:11:19.972,388026,149.99,245.0,9.0,0.0,95.0,0,0
20:11:20.072,388126,150.01,245.0,11.0,0.0,94.98,0,0
20:11:20.170,388226,150.01,245.0,11.0,0.0,94.98,0,0
20:11:20.273,388326,150.04,245.0,5.0,0.0,94.95,0,0
20:11:20.372,388426,150.07,245.0,3.0,0.0,94.92,0,0
20:11:20.470,388526,150.1,245.0,6.0,0.0,94.89,0,0
20:11:20.570,388626,150.12,245.0,8.0,0.0,94.87,0,0
20:11:20.670,388726,150.16,245.0,0.0,0.0,94.83,0,0
20:11:20.770,388826,150.18,245.0,13.0,0.0,94.81,0,0
20:11:20.970,389026,150.18,245.0,28.0,0.0,94.81,0,1
20:11:21.071,389126,150.22,245.0,0.0,0.0,94.77,0,0
20:11:21.172,389226,150.22,245.0,0.0,0.0,94.77,0,0
20:11:21.277,389326,150.26,245.0,0.0,0.0,94.73,0,0
20:11:21.388,389426,150.31,245.0,0.0,0.0,94.68,0,0
20:11:21.476,389526,150.36,245.0,0.0,0.0,94.63,0,0
20:11:21.575,389626,150.39,245.0,1.0,0.0,94.6,0,0
20:11:21.671,389726,150.43,245.0,0.0,0.0,94.56,0,0
20:11:21.773,389826,150.48,245.0,0.0,0.0,94.51,0,0
20:11:21.870,389926,150.53,245.0,0.0,0.0,94.46,0,0
20:11:21.976,390026,150.57,245.0,0.0,0.0,94.42,0,0
20:11:22.076,390126,150.62,245.0,0.0,0.0,94.37,0,0
20:11:22.170,390226,150.62,245.0,0.0,0.0,94.37,0,0
20:11:22.271,390326,150.67,245.0,0.0,0.0,94.32,0,0
20:11:22.371,390426,150.72,245.0,0.0,0.0,94.27,0,0
20:11:22.470,390526,150.78,245.0,0.0,0.0,94.21,0,0
20:11:22.581,390626,150.84,245.0,0.0,0.0,94.15,0,0
20:11:22.671,390726,150.88,245.0,0.0,0.0,94.11,0,0
20:11:22.773,390826,150.95,245.0,0.0,0.0,94.04,0,0
20:11:22.872,390926,150.99,245.0,0.0,0.0,94.0,0,0
20:11:22.969,391026,151.02,245.0,8.0,0.0,93.97,0,0
20:11:23.079,391126,151.07,245.0,0.0,0.0,93.92,0,0
20:11:23.171,391226,151.07,245.0,28.0,0.0,93.92,0,1
20:11:23.270,391326,151.12,245.0,0.0,0.0,93.87,0,0
20:11:23.372,391426,151.12,245.0,0.0,0.0,93.87,0,0
20:11:23.470,391526,151.12,245.0,0.0,0.0,93.87,0,0
20:11:23.572,391626,151.12,245.0,0.0,0.0,93.87,0,0
20:11:23.671,391726,151.2,245.0,0.0,0.0,93.79,0,0
20:11:23.770,391826,151.27,245.0,0.0,0.0,93.72,0,0
20:11:23.872,391926,151.33,245.0,0.0,0.0,93.66,0,0
20:11:23.970,392026,151.38,245.0,0.0,0.0,93.61,0,0
20:11:24.073,392126,151.43,245.0,0.0,0.0,93.56,0,0
20:11:24.169,392226,151.5,245.0,0.0,0.0,93.49,0,0
20:11:24.270,392326,151.55,245.0,0.0,0.0,93.44,0,0
20:11:24.372,392426,151.61,245.0,0.0,0.0,93.38,0,0
20:11:24.470,392526,151.67,245.0,0.0,0.0,93.32,0,0
20:11:24.573,392626,151.71,245.0,0.0,0.0,93.28,0,0
20:11:24.669,392726,151.77,245.0,0.0,0.0,93.22,0,0
20:11:24.775,392826,151.77,245.0,0.0,0.0,93.22,0,0
20:11:24.875,392926,151.83,245.0,0.0,0.0,93.16,0,0
20:11:24.969,393026,151.88,245.0,0.0,0.0,93.11,0,0
20:11:25.072,393126,151.93,245.0,0.0,0.0,93.06,0,0
20:11:25.170,393226,151.97,245.0,0.0,0.0,93.02,0,0
20:11:25.269,393326,151.97,245.0,0.0,0.0,93.02,0,0
20:11:25.374,393426,152.01,245.0,2.0,0.0,92.98,0,0
20:11:25.469,393526,152.05,245.0,0.0,0.0,92.94,0,0
20:11:25.569,393626,152.09,245.0,0.0,0.0,92.9,0,0
20:11:25.669,393726,152.14,245.0,0.0,0.0,92.85,0,0
20:11:25.771,393826,152.2,245.0,0.0,0.0,92.79,0,0
20:11:25.906,393926,152.26,245.0,0.0,0.0,92.73,0,0
20:11:25.971,394026,152.31,245.0,0.0,0.0,92.68,0,0
20:11:26.072,394126,152.34,245.0,1.0,0.0,92.65,0,0
20:11:26.171,394226,152.38,245.0,0.0,0.0,92.61,0,0
20:11:26.269,394326,152.43,245.0,0.0,0.0,92.56,0,0
20:11:26.380,394426,152.43,245.0,0.0,0.0,92.56,0,0
20:11:26.488,394526,152.47,245.0,0.0,0.0,92.52,0,0
20:11:26.571,394626,152.52,245.0,0.0,0.0,92.47,0,0
20:11:26.670,394726,152.58,245.0,0.0,0.0,92.41,0,0
20:11:26.773,394826,152.62,245.0,0.0,0.0,92.37,0,0
20:11:26.878,394926,152.65,245.0,2.0,0.0,92.34,0,0
20:11:26.972,395026,152.7,245.0,0.0,0.0,92.29,0,0
20:11:27.071,395126,152.73,245.0,1.0,0.0,92.26,0,0
20:11:27.177,395226,152.76,245.0,7.0,0.0,92.23,0,0
20:11:27.270,395326,152.79,245.0,5.0,0.0,92.2,0,0
20:11:27.371,395426,152.84,245.0,0.0,0.0,92.15,0,0
20:11:27.476,395526,152.86,245.0,8.0,0.0,92.13,0,0
20:11:27.573,395626,152.89,245.0,10.0,0.0,92.1,0,0
20:11:27.670,395726,152.89,245.0,10.0,0.0,92.1,0,0
20:11:27.768,395826,152.92,245.0,0.0,0.0,92.07,0,0
20:11:27.872,395926,152.96,245.0,0.0,0.0,92.03,0,0
20:11:27.975,396026,152.98,245.0,5.0,0.0,92.01,0,0
20:11:28.071,396126,153.01,245.0,7.0,0.0,91.98,0,0
20:11:28.201,396226,153.03,245.0,9.0,0.0,91.96,0,0
20:11:28.270,396326,153.05,245.0,7.0,0.0,91.94,0,0
20:11:28.369,396426,153.08,245.0,9.0,0.0,91.91,0,0
20:11:28.469,396526,153.08,245.0,9.0,0.0,91.91,0,0
20:11:28.568,396626,153.1,245.0,7.0,0.0,91.89,0,0
20:11:28.670,396726,153.11,245.0,21.0,0.0,91.88,0,1
20:11:28.774,396826,153.13,245.0,10.0,0.0,91.86,0,0
20:11:28.870,396926,153.15,245.0,11.0,0.0,91.84,0,0
20:11:28.971,397026,153.17,245.0,9.0,0.0,91.82,0,0
20:11:29.072,397126,153.19,245.0,11.0,0.0,91.8,0,0
20:11:29.172,397226,153.19,245.0,11.0,0.0,91.8,0,0
20:11:29.268,397326,153.2,245.0,20.0,0.0,91.79,0,1
20:11:29.371,397426,153.21,245.0,21.0,0.0,91.78,0,1
20:11:29.469,397526,153.23,245.0,10.0,0.0,91.76,0,0
20:11:29.568,397626,153.26,245.0,7.0,0.0,91.73,0,0
20:11:29.670,397726,153.27,245.0,13.0,0.0,91.72,0,0
20:11:29.769,397826,153.28,245.0,23.0,0.0,91.71,0,1
20:11:29.870,397926,153.28,245.0,23.0,0.0,91.71,0,1
20:11:29.968,398026,153.29,245.0,20.0,0.0,91.7,0,1
20:11:30.069,398126,153.29,245.0,32.0,0.0,91.7,0,1
20:11:30.170,398226,153.28,245.0,32.0,0.0,91.71,0,1
20:11:30.268,398326,153.29,245.0,19.0,0.0,91.7,0,1
20:11:30.369,398426,153.28,245.0,32.0,0.0,91.71,0,1
20:11:30.482,398526,153.27,245.0,39.0,0.0,91.72,0,1
20:11:30.571,398626,153.27,245.0,39.0,0.0,91.72,0,1
20:11:30.670,398726,153.27,245.0,26.0,0.0,91.72,0,1
20:11:30.768,398826,153.28,245.0,22.0,0.0,91.71,0,1
20:11:30.870,398926,153.28,245.0,27.0,0.0,91.71,0,1
20:11:30.968,399026,153.28,245.0,27.0,0.0,91.71,0,1
20:11:31.074,399126,153.29,245.0,19.0,0.0,91.7,0,1
20:11:31.171,399226,153.29,245.0,24.0,0.0,91.7,0,1
20:11:31.269,399326,153.28,245.0,32.0,0.0,91.71,0,1
20:11:31.370,399426,153.3,245.0,16.0,0.0,91.69,0,1
20:11:31.468,399526,153.28,245.0,40.0,0.0,91.71,0,1
20:11:31.572,399626,153.28,245.0,40.0,0.0,91.71,0,1
20:11:31.670,399726,153.26,245.0,43.0,0.0,91.73,0,1
20:11:31.770,399826,153.25,245.0,34.0,0.0,91.74,0,1
20:11:31.873,399926,153.25,245.0,33.0,0.0,91.74,0,1
20:11:31.968,400026,153.24,245.0,32.0,0.0,91.75,0,1
20:11:32.071,400126,153.24,245.0,32.0,0.0,91.75,0,1
20:11:32.203,400226,153.24,245.0,28.0,0.0,91.75,0,1
20:11:32.268,400326,153.22,245.0,44.0,0.0,91.77,0,1
20:11:32.370,400426,153.19,245.0,46.0,0.0,91.8,0,1
20:11:32.470,400526,153.19,245.0,28.0,0.0,91.8,0,1
20:11:32.568,400626,153.16,245.0,52.0,0.0,91.83,0,1
20:11:32.672,400726,153.14,245.0,41.0,0.0,91.85,0,1
20:11:32.785,400826,153.14,245.0,28.0,0.0,91.85,0,1
20:11:32.867,400926,153.12,245.0,48.0,0.0,91.87,0,1
20:11:32.969,401026,153.1,245.0,38.0,0.0,91.89,0,1
20:11:33.068,401126,153.1,245.0,27.0,0.0,91.89,0,1
20:11:33.169,401226,153.1,245.0,25.0,0.0,91.89,0,1
20:11:33.268,401326,153.1,245.0,29.0,0.0,91.89,0,1
20:11:33.371,401426,153.09,245.0,37.0,0.0,91.9,0,1
20:11:33.475,401526,153.08,245.0,36.0,0.0,91.91,0,1
20:11:33.567,401626,153.08,245.0,27.0,0.0,91.91,0,1
20:11:33.669,401726,153.07,245.0,35.0,0.0,91.92,0,1
20:11:33.769,401826,153.05,245.0,46.0,0.0,91.94,0,1
20:11:33.870,401926,153.04,245.0,32.0,0.0,91.95,0,1
20:11:33.968,402026,153.03,245.0,36.0,0.0,91.96,0,1
20:11:34.072,402126,153.02,245.0,31.0,0.0,91.97,0,1
20:11:34.171,402226,153.02,245.0,27.0,0.0,91.97,0,1
20:11:34.269,402326,153.01,245.0,34.0,0.0,91.98,0,1
20:11:34.370,402426,153.0,245.0,42.0,0.0,91.99,0,1
20:11:34.507,402526,152.99,245.0,32.0,0.0,92.0,0,1
20:11:34.568,402626,152.98,245.0,36.0,0.0,92.01,0,1
20:11:34.671,402726,152.96,245.0,39.0,0.0,92.03,0,1
20:11:34.768,402826,152.96,245.0,39.0,0.0,92.03,0,1
20:11:34.871,402926,152.97,245.0,22.0,0.0,92.02,0,1
20:11:34.966,403026,152.98,245.0,22.0,0.0,92.01,0,1
20:11:35.067,403126,152.98,245.0,23.0,0.0,92.01,0,1
20:11:35.168,403226,152.98,245.0,27.0,0.0,92.01,0,1
20:11:35.273,403326,152.98,245.0,27.0,0.0,92.01,0,1
20:11:35.370,403426,153.01,245.0,7.0,0.0,91.98,0,0
20:11:35.471,403526,153.01,245.0,21.0,0.0,91.98,0,1
20:11:35.567,403626,153.02,245.0,26.0,0.0,91.97,0,1
20:11:35.670,403726,153.02,245.0,22.0,0.0,91.97,0,1
20:11:35.767,403826,153.03,245.0,18.0,0.0,91.96,0,1
20:11:35.870,403926,153.04,245.0,19.0,0.0,91.95,0,1
20:11:35.970,404026,153.06,245.0,12.0,0.0,91.93,0,0
20:11:36.067,404126,153.06,245.0,12.0,0.0,91.93,0,0
20:11:36.172,404226,153.09,245.0,6.0,0.0,91.9,0,0
20:11:36.270,404326,153.12,245.0,4.0,0.0,91.87,0,0
20:11:36.369,404426,153.14,245.0,10.0,0.0,91.85,0,0
20:11:36.469,404526,153.16,245.0,8.0,0.0,91.83,0,0
20:11:36.567,404626,153.18,245.0,14.0,0.0,91.81,0,0
20:11:36.672,404726,153.19,245.0,15.0,0.0,91.8,0,1
20:11:36.776,404826,153.21,245.0,16.0,0.0,91.78,0,1
20:11:36.872,404926,153.23,245.0,9.0,0.0,91.76,0,0
20:11:36.969,405026,153.26,245.0,0.0,0.0,91.73,0,0
20:11:37.067,405126,153.28,245.0,10.0,0.0,91.71,0,0
20:11:37.177,405226,153.28,245.0,10.0,0.0,91.71,0,0
20:11:37.269,405326,153.31,245.0,4.0,0.0,91.68,0,0
20:11:37.365,405426,153.35,245.0,0.0,0.0,91.64,0,0
20:11:37.466,405526,153.39,245.0,0.0,0.0,91.6,0,0
20:11:37.571,405626,153.43,245.0,0.0,0.0,91.56,0,0
20:11:37.666,405726,153.47,245.0,0.0,0.0,91.52,0,0
20:11:37.767,405826,153.51,245.0,0.0,0.0,91.48,0,0
20:11:37.871,405926,153.51,245.0,0.0,0.0,91.48,0,0
20:11:37.969,406026,153.56,245.0,0.0,0.0,91.43,0,0
20:11:38.067,406126,153.62,245.0,0.0,0.0,91.37,0,0
20:11:38.166,406226,153.67,245.0,0.0,0.0,91.32,0,0
20:11:38.276,406326,153.73,245.0,0.0,0.0,91.26,0,0
20:11:38.373,406426,153.77,245.0,0.0,0.0,91.22,0,0
20:11:38.513,406526,153.82,245.0,0.0,0.0,91.17,0,0
20:11:38.572,406626,153.86,245.0,0.0,0.0,91.13,0,0
20:11:38.683,406726,153.92,245.0,0.0,0.0,91.07,0,0
20:11:38.765,406826,153.98,245.0,0.0,0.0,91.01,0,0
20:11:38.866,406926,154.03,245.0,0.0,0.0,90.96,0,0
20:11:38.967,407026,154.03,245.0,0.0,0.0,90.96,0,0
20:11:39.087,407126,154.09,245.0,0.0,0.0,90.9,0,0
20:11:39.169,407226,154.14,245.0,0.0,0.0,90.85,0,0
20:11:39.267,407326,154.22,245.0,0.0,0.0,90.77,0,0
20:11:39.366,407426,154.28,245.0,0.0,0.0,90.71,0,0
20:11:39.471,407526,154.32,245.0,0.0,0.0,90.67,0,0
20:11:39.566,407626,154.38,245.0,0.0,0.0,90.61,0,0
20:11:39.671,407726,154.42,245.0,0.0,0.0,90.57,0,0
20:11:39.768,407826,154.46,245.0,0.0,0.0,90.53,0,0
20:11:39.866,407926,154.51,245.0,0.0,0.0,90.48,0,0
20:11:39.968,408026,154.51,245.0,0.0,0.0,90.48,0,0
20:11:40.066,408126,154.56,245.0,0.0,0.0,90.43,0,0
20:11:40.170,408226,154.62,245.0,0.0,0.0,90.37,0,0
20:11:40.275,408326,154.68,245.0,0.0,0.0,90.31,0,0
20:11:40.366,408426,154.74,245.0,0.0,0.0,90.25,0,0
20:11:40.465,408526,154.8,245.0,0.0,0.0,90.19,0,0
20:11:40.567,408626,154.86,245.0,0.0,0.0,90.13,0,0
20:11:40.670,408726,154.93,245.0,0.0,0.0,90.06,0,0
20:11:40.791,408826,154.98,245.0,0.0,0.0,90.01,0,0
20:11:40.865,408926,155.03,245.0,0.0,0.0,89.96,0,0
20:11:40.969,409026,155.09,245.0,0.0,0.0,89.9,0,0
20:11:41.066,409126,155.09,245.0,0.0,0.0,89.9,0,0
20:11:41.171,409226,155.14,245.0,0.0,0.0,89.85,0,0
20:11:41.266,409326,155.19,245.0,0.0,0.0,89.8,0,0
20:11:41.379,409426,155.25,245.0,0.0,0.0,89.74,0,0
20:11:41.465,409526,155.31,245.0,0.0,0.0,89.68,0,0
20:11:41.566,409626,155.36,245.0,0.0,0.0,89.63,0,0
20:11:41.664,409726,155.41,245.0,0.0,0.0,89.58,0,0
20:11:41.768,409826,155.46,245.0,0.0,0.0,89.53,0,0
20:11:41.866,409926,155.51,245.0,0.0,0.0,89.48,0,0
20:11:41.975,410026,155.55,245.0,0.0,0.0,89.44,0,0
20:11:42.066,410126,155.55,245.0,0.0,0.0,89.44,0,0
20:11:42.165,410226,155.6,245.0,0.0,0.0,89.39,0,0
20:11:42.268,410326,155.65,245.0,0.0,0.0,89.34,0,0
20:11:42.367,410426,155.68,245.0,0.0,0.0,89.31,0,0
20:11:42.516,410526,155.73,245.0,0.0,0.0,89.26,0,0
20:11:42.567,410626,155.73,245.0,26.0,0.0,89.26,0,1
20:11:42.671,410726,155.77,245.0,0.0,0.0,89.22,0,0
20:11:42.768,410826,155.83,245.0,0.0,0.0,89.16,0,0
20:11:42.871,410926,155.88,245.0,0.0,0.0,89.11,0,0
20:11:42.965,411026,155.93,245.0,0.0,0.0,89.06,0,0
20:11:43.094,411126,155.97,245.0,0.0,0.0,89.02,0,0
20:11:43.165,411226,156.01,245.0,0.0,0.0,88.98,0,0
20:11:43.265,411326,156.01,245.0,0.0,0.0,88.98,0,0
20:11:43.364,411426,156.06,245.0,0.0,0.0,88.93,0,0
20:11:43.465,411526,156.12,245.0,0.0,0.0,88.87,0,0
20:11:43.566,411626,156.16,245.0,0.0,0.0,88.83,0,0
20:11:43.671,411726,156.2,245.0,0.0,0.0,88.79,0,0
20:11:43.769,411826,156.24,245.0,0.0,0.0,88.75,0,0
20:11:43.865,411926,156.28,245.0,0.0,0.0,88.71,0,0
20:11:43.968,412026,156.31,245.0,1.0,0.0,88.68,0,0
20:11:44.067,412126,156.33,245.0,8.0,0.0,88.66,0,0
20:11:44.164,412226,156.33,245.0,8.0,0.0,88.66,0,0
20:11:44.276,412326,156.35,245.0,14.0,0.0,88.64,0,0
20:11:44.367,412426,156.38,245.0,3.0,0.0,88.61,0,0
20:11:44.464,412526,156.41,245.0,0.0,0.0,88.58,0,0
20:11:44.565,412626,156.44,245.0,4.0,0.0,88.55,0,0
20:11:44.666,412726,156.47,245.0,2.0,0.0,88.52,0,0
20:11:44.767,412826,156.49,245.0,9.0,0.0,88.5,0,0
20:11:44.864,412926,156.52,245.0,0.0,0.0,88.47,0,0
20:11:44.964,413026,156.54,245.0,17.0,0.0,88.45,0,1
20:11:45.065,413126,156.56,245.0,6.0,0.0,88.43,0,0
20:11:45.163,413226,156.58,245.0,8.0,0.0,88.41,0,0
20:11:45.265,413326,156.6,245.0,14.0,0.0,88.39,0,0
20:11:45.375,413426,156.62,245.0,11.0,0.0,88.37,0,0
20:11:45.471,413526,156.65,245.0,1.0,0.0,88.34,0,0
20:11:45.571,413626,156.67,245.0,11.0,0.0,88.32,0,0
20:11:45.664,413726,156.71,245.0,0.0,0.0,88.28,0,0
20:11:45.768,413826,156.71,245.0,20.0,0.0,88.28,0,1
20:11:45.864,413926,156.72,245.0,24.0,0.0,88.27,0,1
20:11:45.969,414026,156.73,245.0,17.0,0.0,88.26,0,1
20:11:46.068,414126,156.73,245.0,26.0,0.0,88.26,0,1
20:11:46.164,414226,156.73,245.0,26.0,0.0,88.26,0,1
20:11:46.271,414326,156.74,245.0,18.0,0.0,88.25,0,1
20:11:46.365,414426,156.75,245.0,19.0,0.0,88.24,0,1
20:11:46.464,414526,156.75,245.0,23.0,0.0,88.24,0,1
20:11:46.566,414626,156.75,245.0,27.0,0.0,88.24,0,1
20:11:46.664,414726,156.76,245.0,19.0,0.0,88.23,0,1
20:11:46.768,414826,156.76,245.0,26.0,0.0,88.23,0,1
20:11:46.864,414926,156.77,245.0,16.0,0.0,88.22,0,1
20:11:46.971,415026,156.76,245.0,33.0,0.0,88.23,0,1
20:11:47.068,415126,156.75,245.0,32.0,0.0,88.24,0,1
20:11:47.168,415226,156.77,245.0,12.0,0.0,88.22,0,0
20:11:47.267,415326,156.77,245.0,25.0,0.0,88.22,0,1
20:11:47.365,415426,156.77,245.0,29.0,0.0,88.22,0,1
20:11:47.463,415526,156.76,245.0,33.0,0.0,88.23,0,1
20:11:47.566,415626,156.75,245.0,36.0,0.0,88.24,0,1
20:11:47.664,415726,156.75,245.0,23.0,0.0,88.24,0,1
20:11:47.766,415826,156.74,245.0,31.0,0.0,88.25,0,1
20:11:47.866,415926,156.74,245.0,31.0,0.0,88.25,0,1
20:11:47.968,416026,156.76,245.0,11.0,0.0,88.23,0,0
20:11:48.067,416126,156.76,245.0,26.0,0.0,88.23,0,1
20:11:48.176,416226,156.76,245.0,32.0,0.0,88.23,0,1
20:11:48.273,416326,156.74,245.0,36.0,0.0,88.25,0,1
20:11:48.366,416426,156.74,245.0,31.0,0.0,88.25,0,1
20:11:48.473,416526,156.73,245.0,30.0,0.0,88.26,0,1
20:11:48.566,416626,156.73,245.0,26.0,0.0,88.26,0,1
20:11:48.665,416726,156.72,245.0,38.0,0.0,88.27,0,1
20:11:48.770,416826,156.7,245.0,40.0,0.0,88.29,0,1
20:11:48.865,416926,156.69,245.0,35.0,0.0,88.3,0,1
20:11:48.968,417026,156.68,245.0,30.0,0.0,88.31,0,1
20:11:49.066,417126,156.67,245.0,38.0,0.0,88.32,0,1
20:11:49.164,417226,156.66,245.0,33.0,0.0,88.33,0,1
20:11:49.266,417326,156.65,245.0,76.0,0.0,88.34,0,1
20:11:49.365,417426,156.65,245.0,76.0,0.0,88.34,0,1
20:11:49.464,417526,156.63,245.0,83.0,0.0,88.36,0,1
20:11:49.565,417626,156.63,245.0,83.0,0.0,88.36,0,1
20:11:49.664,417726,156.64,245.0,62.0,0.0,88.35,0,1
20:11:49.765,417826,156.62,245.0,86.0,0.0,88.37,0,1
20:11:49.889,417926,156.61,245.0,81.0,0.0,88.38,0,1
20:11:49.970,418026,156.59,245.0,80.0,0.0,88.4,0,1
20:11:50.066,418126,156.59,245.0,80.0,0.0,88.4,0,1
20:11:50.164,418226,156.58,245.0,79.0,0.0,88.41,0,1
20:11:50.264,418326,156.59,245.0,66.0,0.0,88.4,0,1
20:11:50.370,418426,156.57,245.0,82.0,0.0,88.42,0,1
20:11:50.475,418526,156.57,245.0,73.0,0.0,88.42,0,1
20:11:50.565,418626,156.57,245.0,73.0,0.0,88.42,0,1
20:11:50.663,418726,156.58,245.0,61.0,0.0,88.41,0,1
20:11:50.764,418826,156.57,245.0,78.0,0.0,88.42,0,1
20:11:50.864,418926,156.56,245.0,77.0,0.0,88.43,0,1
20:11:50.968,419026,156.56,245.0,72.0,0.0,88.43,0,1
20:11:51.073,419126,156.56,245.0,72.0,0.0,88.43,0,1
20:11:51.164,419226,156.56,245.0,72.0,0.0,88.43,0,1
20:11:51.268,419326,156.57,245.0,64.0,0.0,88.42,0,1
20:11:51.366,419426,156.58,245.0,61.0,0.0,88.41,0,1
20:11:51.464,419526,156.58,245.0,66.0,0.0,88.41,0,1
20:11:51.568,419626,156.58,245.0,74.0,0.0,88.41,0,1
20:11:51.668,419726,156.58,245.0,74.0,0.0,88.41,0,1
20:11:51.767,419826,156.6,245.0,54.0,0.0,88.39,0,1
20:11:51.871,419926,156.6,245.0,71.0,0.0,88.39,0,1
20:11:51.963,420026,156.6,245.0,67.0,0.0,88.39,0,1
20:11:52.072,420126,156.6,245.0,68.0,0.0,88.39,0,1
20:11:52.200,420226,156.62,245.0,60.0,0.0,88.37,0,1
20:11:52.264,420326,156.63,245.0,57.0,0.0,88.36,0,1
20:11:52.366,420426,156.65,245.0,54.0,0.0,88.34,0,1
20:11:52.464,420526,156.66,245.0,64.0,0.0,88.33,0,1
20:11:52.566,420626,156.68,245.0,57.0,0.0,88.31,0,1
20:11:52.663,420726,156.68,245.0,57.0,0.0,88.31,0,1
20:11:52.768,420826,156.71,245.0,46.0,0.0,88.28,0,1
20:11:52.871,420926,156.72,245.0,60.0,0.0,88.27,0,1
20:11:52.962,421026,156.75,245.0,49.0,0.0,88.24,0,1
20:11:53.065,421126,156.79,245.0,36.0,0.0,88.2,0,1
20:11:53.163,421226,156.79,245.0,70.0,0.0,88.2,0,1
20:11:53.267,421326,156.82,245.0,43.0,0.0,88.17,0,1
20:11:53.364,421426,156.86,245.0,42.0,0.0,88.13,0,1
20:11:53.463,421526,156.9,245.0,37.0,0.0,88.09,0,1
20:11:53.564,421626,156.95,245.0,32.0,0.0,88.04,0,1
20:11:53.669,421726,156.98,245.0,44.0,0.0,88.01,0,1
20:11:53.772,421826,156.98,245.0,44.0,0.0,88.01,0,1
20:11:53.871,421926,157.04,245.0,23.0,0.0,87.95,0,1
20:11:53.970,422026,157.08,245.0,39.0,0.0,87.91,0,1
20:11:54.065,422126,157.12,245.0,34.0,0.0,87.87,0,1
20:11:54.164,422226,157.16,245.0,38.0,0.0,87.83,0,1
20:11:54.266,422326,157.16,245.0,38.0,0.0,87.83,0,1
20:11:54.365,422426,157.21,245.0,33.0,0.0,87.78,0,1
20:11:54.507,422526,157.26,245.0,25.0,0.0,87.73,0,1
20:11:54.568,422626,157.32,245.0,22.0,0.0,87.67,0,1
20:11:54.664,422726,157.37,245.0,30.0,0.0,87.62,0,1
20:11:54.766,422826,157.37,245.0,30.0,0.0,87.62,0,1
20:11:54.865,422926,157.45,245.0,10.0,0.0,87.54,0,0
20:11:54.970,423026,157.51,245.0,20.0,0.0,87.48,0,1
20:11:55.087,423126,157.57,245.0,21.0,0.0,87.42,0,1
20:11:55.163,423226,157.62,245.0,30.0,0.0,87.37,0,1
20:11:55.263,423326,157.62,245.0,30.0,0.0,87.37,0,1
20:11:55.372,423426,157.68,245.0,22.0,0.0,87.31,0,1
20:11:55.468,423526,157.75,245.0,11.0,0.0,87.24,0,0
20:11:55.565,423626,157.75,245.0,69.0,0.0,87.24,0,1
20:11:55.665,423726,157.82,245.0,13.0,0.0,87.17,0,0
20:11:55.766,423826,157.89,245.0,11.0,0.0,87.1,0,0
20:11:55.863,423926,157.96,245.0,12.0,0.0,87.03,0,0
20:11:55.964,424026,158.04,245.0,10.0,0.0,86.95,0,0
20:11:56.068,424126,158.04,245.0,10.0,0.0,86.95,0,0
20:11:56.163,424226,158.12,245.0,4.0,0.0,86.87,0,0
20:11:56.265,424326,158.21,245.0,0.0,0.0,86.78,0,0
20:11:56.362,424426,158.21,245.0,0.0,0.0,86.78,0,0
20:11:56.462,424526,158.31,245.0,0.0,0.0,86.68,0,0
20:11:56.563,424626,158.4,245.0,0.0,0.0,86.59,0,0
20:11:56.663,424726,158.5,245.0,0.0,0.0,86.49,0,0
20:11:56.765,424826,158.61,245.0,0.0,0.0,86.38,0,0
20:11:56.864,424926,158.61,245.0,69.0,0.0,86.38,0,1
20:11:56.963,425026,158.69,245.0,0.0,0.0,86.3,0,0
20:11:57.066,425126,158.81,245.0,0.0,0.0,86.18,0,0
20:11:57.164,425226,158.91,245.0,0.0,0.0,86.08,0,0
20:11:57.265,425326,159.01,245.0,0.0,0.0,85.98,0,0
20:11:57.373,425426,159.11,245.0,0.0,0.0,85.88,0,0
20:11:57.462,425526,159.11,245.0,0.0,0.0,85.88,0,0
20:11:57.571,425626,159.22,245.0,0.0,0.0,85.77,0,0
20:11:57.664,425726,159.34,245.0,0.0,0.0,85.65,0,0
20:11:57.773,425826,159.45,245.0,0.0,0.0,85.54,0,0
20:11:57.862,425926,159.56,245.0,0.0,0.0,85.43,0,0
20:11:57.974,426026,159.65,245.0,0.0,0.0,85.34,0,0
20:11:58.073,426126,159.77,245.0,0.0,0.0,85.22,0,0
20:11:58.170,426226,159.88,245.0,0.0,0.0,85.11,0,0
20:11:58.262,426326,159.98,245.0,0.0,0.0,85.01,0,0
20:11:58.377,426426,160.09,245.0,0.0,0.0,84.9,0,0
20:11:58.463,426526,160.21,245.0,0.0,0.0,84.78,0,0
20:11:58.565,426626,160.29,245.0,0.0,0.0,84.7,0,0
20:11:58.662,426726,160.38,245.0,0.0,0.0,84.61,0,0
20:11:58.770,426826,160.48,245.0,0.0,0.0,84.51,0,0
20:11:58.865,426926,160.57,245.0,0.0,0.0,84.42,0,0
20:11:58.962,427026,160.67,245.0,0.0,0.0,84.32,0,0
20:11:59.087,427126,160.77,245.0,0.0,0.0,84.22,0,0
20:11:59.162,427226,160.87,245.0,0.0,0.0,84.12,0,0
20:11:59.262,427326,160.97,245.0,0.0,0.0,84.02,0,0
20:11:59.365,427426,161.07,245.0,0.0,0.0,83.92,0,0
20:11:59.468,427526,161.15,245.0,1.0,0.0,83.84,0,0
20:11:59.564,427626,161.15,245.0,67.0,0.0,83.84,0,1
20:11:59.662,427726,161.26,245.0,0.0,0.0,83.73,0,0
20:11:59.762,427826,161.36,245.0,0.0,0.0,83.63,0,0
20:11:59.863,427926,161.47,245.0,0.0,0.0,83.52,0,0
20:11:59.962,428026,161.57,245.0,0.0,0.0,83.42,0,0
20:12:00.065,428126,161.66,245.0,0.0,0.0,83.33,0,0
20:12:00.162,428226,161.76,245.0,0.0,0.0,83.23,0,0
20:12:00.262,428326,161.85,245.0,0.0,0.0,83.14,0,0
20:12:00.362,428426,161.95,245.0,0.0,0.0,83.04,0,0
20:12:00.462,428526,162.03,245.0,0.0,0.0,82.96,0,0
20:12:00.566,428626,162.03,245.0,0.0,0.0,82.96,0,0
20:12:00.661,428726,162.12,245.0,0.0,0.0,82.87,0,0
20:12:00.761,428826,162.21,245.0,0.0,0.0,82.78,0,0
20:12:00.866,428926,162.29,245.0,0.0,0.0,82.7,0,0
20:12:00.961,429026,162.39,245.0,0.0,0.0,82.6,0,0
20:12:01.061,429126,162.5,245.0,0.0,0.0,82.49,0,0
20:12:01.162,429226,162.59,245.0,0.0,0.0,82.4,0,0
20:12:01.260,429326,162.69,245.0,0.0,0.0,82.3,0,0
20:12:01.364,429426,162.76,245.0,7.0,0.0,82.23,0,0
20:12:01.462,429526,162.85,245.0,0.0,0.0,82.14,0,0
20:12:01.561,429626,160.91,245.0,100.0,0.0,84.08,0,1
20:12:01.661,429726,159.17,245.0,100.0,0.0,85.82,0,1
20:12:01.762,429826,157.61,245.0,100.0,0.0,87.38,0,1
20:12:01.862,429926,157.61,245.0,100.0,0.0,87.38,0,1
20:12:01.961,430026,156.22,245.0,100.0,0.0,88.77,0,1
20:12:02.061,430126,154.96,245.0,100.0,0.0,90.03,0,1
20:12:02.168,430226,153.86,245.0,100.0,0.0,91.13,0,1
20:12:02.261,430326,152.84,245.0,100.0,0.0,92.15,0,1
20:12:02.365,430426,151.95,245.0,100.0,0.0,93.04,0,1
20:12:02.460,430526,151.95,245.0,74.0,0.0,93.04,0,1
20:12:02.561,430626,151.14,245.0,100.0,0.0,93.85,0,1
20:12:02.661,430726,150.42,245.0,100.0,0.0,94.57,0,1
20:12:02.762,430826,149.77,245.0,100.0,0.0,95.22,0,1
20:12:02.864,430926,149.2,245.0,100.0,0.0,95.79,0,1
20:12:02.961,431026,148.68,245.0,100.0,0.0,96.31,0,1
20:12:03.062,431126,148.23,245.0,100.0,0.0,96.76,0,1
20:12:03.164,431226,147.83,245.0,100.0,0.0,97.16,0,1
20:12:03.260,431326,147.46,245.0,100.0,0.0,97.53,0,1
20:12:03.363,431426,147.14,245.0,100.0,0.0,97.85,0,1
20:12:03.462,431526,146.84,245.0,100.0,0.0,98.15,0,1
20:12:03.565,431626,146.84,245.0,100.0,0.0,98.15,0,1
20:12:03.661,431726,146.6,245.0,100.0,0.0,98.39,0,1
20:12:03.760,431826,146.38,245.0,100.0,0.0,98.61,0,1
20:12:03.866,431926,146.17,245.0,100.0,0.0,98.82,0,1
20:12:03.962,432026,146.17,245.0,100.0,0.0,98.82,0,1
20:12:04.061,432126,146.02,245.0,100.0,0.0,98.97,0,1
20:12:04.176,432226,145.86,245.0,100.0,0.0,99.13,0,1
20:12:04.262,432326,145.71,245.0,100.0,0.0,99.28,0,1
20:12:04.363,432426,145.6,245.0,100.0,0.0,99.39,0,1
20:12:04.462,432526,145.5,245.0,100.0,0.0,99.49,0,1
20:12:04.560,432626,145.5,245.0,79.0,0.0,99.49,0,1
20:12:04.661,432726,145.41,245.0,100.0,0.0,99.58,0,1
20:12:04.761,432826,145.35,245.0,100.0,0.0,99.64,0,1
20:12:04.865,432926,145.29,245.0,100.0,0.0,99.7,0,1
20:12:04.960,433026,145.24,245.0,100.0,0.0,99.75,0,1
20:12:05.060,433126,145.19,245.0,100.0,0.0,99.8,0,1
20:12:05.161,433226,145.15,245.0,100.0,0.0,99.84,0,1
20:12:05.261,433326,145.13,245.0,97.0,0.0,99.86,0,1
20:12:05.359,433426,145.1,245.0,100.0,0.0,99.89,0,1
20:12:05.460,433526,145.08,245.0,96.0,0.0,99.91,0,1
20:12:05.561,433626,145.06,245.0,94.0,0.0,99.93,0,1
20:12:05.661,433726,145.06,245.0,79.0,0.0,99.93,0,1
20:12:05.761,433826,145.05,245.0,83.0,0.0,99.94,0,1
20:12:05.864,433926,145.05,245.0,79.0,0.0,99.94,0,1
20:12:05.970,434026,145.05,245.0,79.0,0.0,99.94,0,1
20:12:06.060,434126,145.06,245.0,76.0,0.0,99.93,0,1
20:12:06.164,434226,145.06,245.0,77.0,0.0,99.93,0,1
20:12:06.260,434326,145.06,245.0,77.0,0.0,99.93,0,1
20:12:06.362,434426,145.07,245.0,70.0,0.0,99.92,0,1
20:12:06.468,434526,145.1,245.0,59.0,0.0,99.89,0,1
20:12:06.578,434626,145.11,245.0,73.0,0.0,99.88,0,1
20:12:06.669,434726,145.13,245.0,61.0,0.0,99.86,0,1
20:12:06.761,434826,145.13,245.0,61.0,0.0,99.86,0,1
20:12:06.865,434926,145.15,245.0,60.0,0.0,99.84,0,1
20:12:06.970,435026,145.18,245.0,62.0,0.0,99.81,0,1
20:12:07.060,435126,145.21,245.0,51.0,0.0,99.78,0,1
20:12:07.161,435226,145.25,245.0,50.0,0.0,99.74,0,1
20:12:07.261,435326,145.29,245.0,44.0,0.0,99.7,0,1
20:12:07.362,435426,145.29,245.0,79.0,0.0,99.7,0,1
20:12:07.462,435526,145.34,245.0,44.0,0.0,99.65,0,1
20:12:07.565,435626,145.38,245.0,44.0,0.0,99.61,0,1
20:12:07.662,435726,145.43,245.0,38.0,0.0,99.56,0,1
20:12:07.759,435826,145.48,245.0,42.0,0.0,99.51,0,1
20:12:07.860,435926,145.51,245.0,52.0,0.0,99.48,0,1
20:12:07.961,436026,145.57,245.0,36.0,0.0,99.42,0,1
20:12:08.060,436126,145.63,245.0,30.0,0.0,99.36,0,1
20:12:08.162,436226,145.67,245.0,48.0,0.0,99.32,0,1
20:12:08.267,436326,145.71,245.0,41.0,0.0,99.28,0,1
20:12:08.360,436426,145.78,245.0,29.0,0.0,99.21,0,1
20:12:08.462,436526,145.78,245.0,29.0,0.0,99.21,0,1
20:12:08.559,436626,145.85,245.0,21.0,0.0,99.14,0,1
20:12:08.696,436726,145.9,245.0,40.0,0.0,99.09,0,1
20:12:08.765,436826,145.95,245.0,37.0,0.0,99.04,0,1
20:12:08.859,436926,146.0,245.0,35.0,0.0,98.99,0,1
20:12:08.960,437026,146.0,245.0,35.0,0.0,98.99,0,1
20:12:09.058,437126,146.06,245.0,30.0,0.0,98.93,0,1
20:12:09.162,437226,146.13,245.0,25.0,0.0,98.86,0,1
20:12:09.268,437326,146.19,245.0,30.0,0.0,98.8,0,1
20:12:09.362,437426,146.25,245.0,32.0,0.0,98.74,0,1
20:12:09.460,437526,146.25,245.0,78.0,0.0,98.74,0,1
20:12:09.558,437626,146.33,245.0,17.0,0.0,98.66,0,1
20:12:09.664,437726,146.4,245.0,17.0,0.0,98.59,0,1
20:12:09.760,437826,146.48,245.0,20.0,0.0,98.51,0,1
20:12:09.858,437926,146.55,245.0,22.0,0.0,98.44,0,1
20:12:09.960,438026,146.55,245.0,22.0,0.0,98.44,0,1
20:12:10.059,438126,146.62,245.0,18.0,0.0,98.37,0,1
20:12:10.162,438226,146.71,245.0,8.0,0.0,98.28,0,0
20:12:10.259,438326,146.8,245.0,9.0,0.0,98.19,0,0
20:12:10.359,438426,146.88,245.0,9.0,0.0,98.11,0,0
20:12:10.462,438526,146.97,245.0,6.0,0.0,98.02,0,0
20:12:10.561,438626,147.04,245.0,20.0,0.0,97.95,0,1
20:12:10.663,438726,147.12,245.0,19.0,0.0,97.87,0,1
20:12:10.758,438826,147.18,245.0,25.0,0.0,97.81,0,1
20:12:10.863,438926,147.26,245.0,21.0,0.0,97.73,0,1
20:12:11.003,439026,147.26,245.0,21.0,0.0,97.73,0,1
20:12:11.059,439126,147.32,245.0,23.0,0.0,97.67,0,1
20:12:11.164,439226,147.41,245.0,6.0,0.0,97.58,0,0
20:12:11.259,439326,147.5,245.0,10.0,0.0,97.49,0,0
20:12:11.362,439426,147.58,245.0,10.0,0.0,97.41,0,0
20:12:11.461,439526,147.67,245.0,7.0,0.0,97.32,0,0
20:12:11.572,439626,147.67,245.0,77.0,0.0,97.32,0,1
20:12:11.661,439726,147.77,245.0,0.0,0.0,97.22,0,0
20:12:11.759,439826,147.87,245.0,0.0,0.0,97.12,0,0
20:12:11.863,439926,147.96,245.0,4.0,0.0,97.03,0,0
20:12:11.960,440026,148.06,245.0,0.0,0.0,96.93,0,0
20:12:12.060,440126,148.14,245.0,6.0,0.0,96.85,0,0
20:12:12.161,440226,148.24,245.0,3.0,0.0,96.75,0,0
20:12:12.273,440326,148.34,245.0,0.0,0.0,96.65,0,0
20:12:12.358,440426,148.42,245.0,9.0,0.0,96.57,0,0
20:12:12.460,440526,148.51,245.0,6.0,0.0,96.48,0,0
20:12:12.560,440626,148.6,245.0,0.0,0.0,96.39,0,0
20:12:12.658,440726,148.6,245.0,0.0,0.0,96.39,0,0
20:12:12.760,440826,148.7,245.0,0.0,0.0,96.29,0,0
20:12:12.858,440926,148.8,245.0,0.0,0.0,96.19,0,0
20:12:12.960,441026,148.9,245.0,0.0,0.0,96.09,0,0
20:12:13.060,441126,148.98,245.0,8.0,0.0,96.01,0,0
20:12:13.168,441226,148.98,245.0,8.0,0.0,96.01,0,0
20:12:13.283,441326,149.07,245.0,2.0,0.0,95.92,0,0
20:12:13.358,441426,149.17,245.0,0.0,0.0,95.82,0,0
20:12:13.460,441526,149.27,245.0,0.0,0.0,95.72,0,0
20:12:13.558,441626,149.37,245.0,0.0,0.0,95.62,0,0
20:12:13.660,441726,149.47,245.0,1.0,0.0,95.52,0,0
20:12:13.758,441826,149.57,245.0,0.0,0.0,95.42,0,0
20:12:13.864,441926,149.66,245.0,0.0,0.0,95.33,0,0
20:12:13.960,442026,149.76,245.0,2.0,0.0,95.23,0,0
20:12:14.063,442126,149.85,245.0,2.0,0.0,95.14,0,0
20:12:14.161,442226,149.93,245.0,6.0,0.0,95.06,0,0
20:12:14.261,442326,149.93,245.0,6.0,0.0,95.06,0,0
20:12:14.358,442426,150.03,245.0,0.0,0.0,94.96,0,0
20:12:14.463,442526,150.14,245.0,0.0,0.0,94.85,0,0
20:12:14.558,442626,150.24,245.0,0.0,0.0,94.75,0,0
20:12:14.660,442726,150.34,245.0,0.0,0.0,94.65,0,0
20:12:14.766,442826,150.43,245.0,7.0,0.0,94.56,0,0
20:12:14.866,442926,150.53,245.0,0.0,0.0,94.46,0,0
20:12:14.962,443026,150.61,245.0,12.0,0.0,94.38,0,0
20:12:15.057,443126,150.69,245.0,5.0,0.0,94.3,0,0
20:12:15.161,443226,150.78,245.0,6.0,0.0,94.21,0,0
20:12:15.258,443326,150.86,245.0,9.0,0.0,94.13,0,0
20:12:15.358,443426,150.86,245.0,9.0,0.0,94.13,0,0
20:12:15.462,443526,150.94,245.0,13.0,0.0,94.05,0,0
20:12:15.608,443626,151.04,245.0,0.0,0.0,93.95,0,0
20:12:15.663,443726,151.13,245.0,4.0,0.0,93.86,0,0
20:12:15.762,443826,151.13,245.0,75.0,0.0,93.86,0,1
20:12:15.864,443926,151.22,245.0,1.0,0.0,93.77,0,0
20:12:15.963,444026,151.22,245.0,1.0,0.0,93.77,0,0
20:12:16.058,444126,151.33,245.0,0.0,0.0,93.66,0,0
20:12:16.161,444226,151.42,245.0,1.0,0.0,93.57,0,0
20:12:16.258,444326,151.42,245.0,1.0,0.0,93.57,0,0
20:12:16.358,444426,151.51,245.0,0.0,0.0,93.48,0,0
20:12:16.460,444526,151.61,245.0,0.0,0.0,93.38,0,0
20:12:16.559,444626,151.7,245.0,0.0,0.0,93.29,0,0
20:12:16.662,444726,151.79,245.0,4.0,0.0,93.2,0,0
20:12:16.758,444826,151.86,245.0,11.0,0.0,93.13,0,0
20:12:16.858,444926,151.94,245.0,14.0,0.0,93.05,0,0
20:12:16.961,445026,152.01,245.0,20.0,0.0,92.98,0,1
20:12:17.057,445126,152.07,245.0,26.0,0.0,92.92,0,1
20:12:17.157,445226,152.13,245.0,21.0,0.0,92.86,0,1
20:12:17.294,445326,152.13,245.0,21.0,0.0,92.86,0,1
20:12:17.361,445426,152.21,245.0,10.0,0.0,92.78,0,0
20:12:17.457,445526,152.28,245.0,16.0,0.0,92.71,0,1
20:12:17.565,445626,152.34,245.0,28.0,0.0,92.65,0,1
20:12:17.657,445726,152.41,245.0,16.0,0.0,92.58,0,1
20:12:17.760,445826,152.48,245.0,19.0,0.0,92.51,0,1
20:12:17.859,445926,152.48,245.0,74.0,0.0,92.51,0,1
20:12:17.957,446026,152.56,245.0,11.0,0.0,92.43,0,0
20:12:18.057,446126,152.63,245.0,14.0,0.0,92.36,0,0
20:12:18.160,446226,152.63,245.0,14.0,0.0,92.36,0,0
20:12:18.257,446326,152.7,245.0,17.0,0.0,92.29,0,1
20:12:18.356,446426,152.7,245.0,17.0,0.0,92.29,0,1
20:12:18.462,446526,152.77,245.0,19.0,0.0,92.22,0,1
20:12:18.558,446626,152.84,245.0,21.0,0.0,92.15,0,1
20:12:18.657,446726,152.88,245.0,36.0,0.0,92.11,0,1
20:12:18.762,446826,152.94,245.0,24.0,0.0,92.05,0,1
20:12:18.861,446926,153.0,245.0,32.0,0.0,91.99,0,1
20:12:18.960,447026,153.0,245.0,32.0,0.0,91.99,0,1
20:12:19.057,447126,153.07,245.0,16.0,0.0,91.92,0,1
20:12:19.157,447226,153.12,245.0,32.0,0.0,91.87,0,1
20:12:19.259,447326,153.16,245.0,36.0,0.0,91.83,0,1
20:12:19.362,447426,153.16,245.0,36.0,0.0,91.83,0,1
20:12:19.461,447526,153.22,245.0,27.0,0.0,91.77,0,1
20:12:19.579,447626,153.27,245.0,34.0,0.0,91.72,0,1
20:12:19.657,447726,153.31,245.0,41.0,0.0,91.68,0,1
20:12:19.762,447826,153.35,245.0,41.0,0.0,91.64,0,1
20:12:19.862,447926,153.38,245.0,48.0,0.0,91.61,0,1
20:12:19.958,448026,153.38,245.0,73.0,0.0,91.61,0,1
20:12:20.060,448126,153.42,245.0,40.0,0.0,91.57,0,1
20:12:20.161,448226,153.46,245.0,40.0,0.0,91.53,0,1
20:12:20.259,448326,153.5,245.0,44.0,0.0,91.49,0,1
20:12:20.357,448426,153.54,245.0,40.0,0.0,91.45,0,1
20:12:20.456,448526,153.54,245.0,40.0,0.0,91.45,0,1
20:12:20.556,448626,153.57,245.0,46.0,0.0,91.42,0,1
20:12:20.661,448726,153.61,245.0,39.0,0.0,91.38,0,1
20:12:20.758,448826,153.65,245.0,43.0,0.0,91.34,0,1
20:12:20.859,448926,153.68,245.0,49.0,0.0,91.31,0,1
20:12:20.960,449026,153.68,245.0,73.0,0.0,91.31,0,1
20:12:21.057,449126,153.7,245.0,54.0,0.0,91.29,0,1
20:12:21.156,449226,153.74,245.0,40.0,0.0,91.25,0,1
20:12:21.279,449326,153.77,245.0,50.0,0.0,91.22,0,1
20:12:21.360,449426,153.8,245.0,52.0,0.0,91.19,0,1
20:12:21.456,449526,153.82,245.0,54.0,0.0,91.17,0,1
20:12:21.558,449626,153.82,245.0,54.0,0.0,91.17,0,1
20:12:21.656,449726,153.85,245.0,49.0,0.0,91.14,0,1
20:12:21.758,449826,153.88,245.0,45.0,0.0,91.11,0,1
20:12:21.860,449926,153.92,245.0,48.0,0.0,91.07,0,1
20:12:21.956,450026,153.94,245.0,53.0,0.0,91.05,0,1
20:12:22.058,450126,153.94,245.0,72.0,0.0,91.05,0,1
20:12:22.157,450226,153.98,245.0,42.0,0.0,91.01,0,1
20:12:22.259,450326,154.0,245.0,55.0,0.0,90.99,0,1
20:12:22.356,450426,154.03,245.0,50.0,0.0,90.96,0,1
20:12:22.456,450526,154.05,245.0,56.0,0.0,90.94,0,1
20:12:22.558,450626,154.06,245.0,57.0,0.0,90.93,0,1
20:12:22.656,450726,154.09,245.0,49.0,0.0,90.9,0,1
20:12:22.760,450826,154.12,245.0,51.0,0.0,90.87,0,1
20:12:22.857,450926,154.14,245.0,53.0,0.0,90.85,0,1
20:12:22.955,451026,154.17,245.0,52.0,0.0,90.82,0,1
20:12:23.067,451126,154.19,245.0,54.0,0.0,90.8,0,1
20:12:23.156,451226,154.19,245.0,54.0,0.0,90.8,0,1
20:12:23.258,451326,154.23,245.0,40.0,0.0,90.76,0,1
20:12:23.358,451426,154.26,245.0,49.0,0.0,90.73,0,1
20:12:23.461,451526,154.29,245.0,48.0,0.0,90.7,0,1
20:12:23.578,451626,154.29,245.0,48.0,0.0,90.7,0,1
20:12:23.663,451726,154.33,245.0,38.0,0.0,90.66,0,1
20:12:23.760,451826,154.37,245.0,44.0,0.0,90.62,0,1
20:12:23.861,451926,154.4,245.0,47.0,0.0,90.59,0,1
20:12:23.955,452026,154.42,245.0,53.0,0.0,90.57,0,1
20:12:24.057,452126,154.45,245.0,51.0,0.0,90.54,0,1
20:12:24.158,452226,154.45,245.0,72.0,0.0,90.54,0,1
20:12:24.257,452326,154.5,245.0,34.0,0.0,90.49,0,1
20:12:24.357,452426,154.53,245.0,47.0,0.0,90.46,0,1
20:12:24.460,452526,154.57,245.0,40.0,0.0,90.42,0,1
20:12:24.565,452626,154.6,245.0,46.0,0.0,90.39,0,1
20:12:24.655,452726,154.6,245.0,46.0,0.0,90.39,0,1
20:12:24.759,452826,154.63,245.0,42.0,0.0,90.36,0,1
20:12:24.857,452926,154.68,245.0,32.0,0.0,90.31,0,1
20:12:24.954,453026,154.73,245.0,33.0,0.0,90.26,0,1
20:12:25.059,453126,154.78,245.0,37.0,0.0,90.21,0,1
20:12:25.155,453226,154.78,245.0,72.0,0.0,90.21,0,1
20:12:25.254,453326,154.84,245.0,21.0,0.0,90.15,0,1
20:12:25.355,453426,154.9,245.0,26.0,0.0,90.09,0,1
20:12:25.460,453526,154.93,245.0,43.0,0.0,90.06,0,1
20:12:25.556,453626,154.98,245.0,36.0,0.0,90.01,0,1
20:12:25.656,453726,154.98,245.0,36.0,0.0,90.01,0,1
20:12:25.755,453826,155.02,245.0,37.0,0.0,89.97,0,1
20:12:25.856,453926,155.08,245.0,24.0,0.0,89.91,0,1
20:12:25.954,454026,155.14,245.0,22.0,0.0,89.85,0,1
20:12:26.055,454126,155.19,245.0,30.0,0.0,89.8,0,1
20:12:26.154,454226,155.25,245.0,28.0,0.0,89.74,0,1
20:12:26.255,454326,155.25,245.0,28.0,0.0,89.74,0,1
20:12:26.358,454426,155.32,245.0,16.0,0.0,89.67,0,1
20:12:26.454,454526,155.37,245.0,31.0,0.0,89.62,0,1
20:12:26.558,454626,155.43,245.0,22.0,0.0,89.56,0,1
20:12:26.656,454726,155.49,245.0,20.0,0.0,89.5,0,1
20:12:26.759,454826,155.55,245.0,28.0,0.0,89.44,0,1
20:12:26.863,454926,155.6,245.0,26.0,0.0,89.39,0,1
20:12:26.955,455026,155.67,245.0,21.0,0.0,89.32,0,1
20:12:27.054,455126,155.73,245.0,19.0,0.0,89.26,0,1
20:12:27.155,455226,155.79,245.0,24.0,0.0,89.2,0,1
20:12:27.254,455326,155.79,245.0,71.0,0.0,89.2,0,1
20:12:27.359,455426,155.87,245.0,3.0,0.0,89.12,0,0
20:12:27.454,455526,155.95,245.0,9.0,0.0,89.04,0,0
20:12:27.557,455626,156.02,245.0,12.0,0.0,88.97,0,0
20:12:27.758,455826,156.09,245.0,15.0,0.0,88.9,0,1
20:12:27.856,455926,156.17,245.0,10.0,0.0,88.82,0,0
20:12:27.955,456026,156.24,245.0,13.0,0.0,88.75,0,0
20:12:28.058,456126,156.31,245.0,12.0,0.0,88.68,0,0
20:12:28.156,456226,156.38,245.0,18.0,0.0,88.61,0,1
20:12:28.258,456326,156.45,245.0,17.0,0.0,88.54,0,1
20:12:28.359,456426,156.45,245.0,17.0,0.0,88.54,0,1
20:12:28.455,456526,156.53,245.0,2.0,0.0,88.46,0,0
20:12:28.556,456626,156.62,245.0,0.0,0.0,88.37,0,0
20:12:28.685,456726,156.7,245.0,9.0,0.0,88.29,0,0
20:12:28.761,456826,156.78,245.0,2.0,0.0,88.21,0,0
20:12:28.854,456926,156.85,245.0,12.0,0.0,88.14,0,0
20:12:28.959,457026,156.93,245.0,5.0,0.0,88.06,0,0
20:12:29.057,457126,157.02,245.0,1.0,0.0,87.97,0,0
20:12:29.160,457226,157.1,245.0,2.0,0.0,87.89,0,0
20:12:29.260,457326,157.2,245.0,0.0,0.0,87.79,0,0
20:12:29.356,457426,157.27,245.0,9.0,0.0,87.72,0,0
20:12:29.456,457526,157.35,245.0,12.0,0.0,87.64,0,0
20:12:29.556,457626,157.41,245.0,21.0,0.0,87.58,0,1
20:12:29.654,457726,157.48,245.0,9.0,0.0,87.51,0,0
20:12:29.754,457826,157.55,245.0,12.0,0.0,87.44,0,0
20:12:29.854,457926,157.63,245.0,8.0,0.0,87.36,0,0
20:12:29.953,458026,157.72,245.0,1.0,0.0,87.27,0,0
20:12:30.056,458126,157.8,245.0,4.0,0.0,87.19,0,0
20:12:30.157,458226,157.88,245.0,4.0,0.0,87.11,0,0
20:12:30.255,458326,157.95,245.0,14.0,0.0,87.04,0,0
20:12:30.357,458426,158.02,245.0,13.0,0.0,86.97,0,0
20:12:30.454,458526,158.1,245.0,5.0,0.0,86.89,0,0
20:12:30.555,458626,158.18,245.0,5.0,0.0,86.81,0,0
20:12:30.653,458726,158.26,245.0,8.0,0.0,86.73,0,0
20:12:30.755,458826,158.33,245.0,14.0,0.0,86.66,0,0
20:12:30.855,458926,158.4,245.0,6.0,0.0,86.59,0,0
20:12:30.974,459026,158.48,245.0,9.0,0.0,86.51,0,0
20:12:31.059,459126,158.48,245.0,9.0,0.0,86.51,0,0
20:12:31.154,459226,158.57,245.0,0.0,0.0,86.42,0,0
20:12:31.254,459326,158.66,245.0,0.0,0.0,86.33,0,0
20:12:31.354,459426,158.75,245.0,0.0,0.0,86.24,0,0
20:12:31.454,459526,158.84,245.0,0.0,0.0,86.15,0,0
20:12:31.557,459626,158.92,245.0,7.0,0.0,86.07,0,0
20:12:31.656,459726,159.01,245.0,0.0,0.0,85.98,0,0
20:12:31.753,459826,159.08,245.0,10.0,0.0,85.91,0,0
20:12:31.855,459926,159.16,245.0,9.0,0.0,85.83,0,0
20:12:31.954,460026,159.23,245.0,12.0,0.0,85.76,0,0
20:12:32.053,460126,159.29,245.0,18.0,0.0,85.7,0,1
20:12:32.154,460226,159.36,245.0,13.0,0.0,85.63,0,0
20:12:32.252,460326,159.36,245.0,68.0,0.0,85.63,0,1
20:12:32.355,460426,159.42,245.0,15.0,0.0,85.57,0,1
20:12:32.454,460526,159.5,245.0,10.0,0.0,85.49,0,0
20:12:32.553,460626,159.57,245.0,6.0,0.0,85.42,0,0
20:12:32.668,460726,159.57,245.0,6.0,0.0,85.42,0,0
20:12:32.754,460826,159.67,245.0,0.0,0.0,85.32,0,0
20:12:32.854,460926,159.75,245.0,3.0,0.0,85.24,0,0
20:12:32.953,461026,159.84,245.0,0.0,0.0,85.15,0,0
20:12:33.053,461126,159.9,245.0,13.0,0.0,85.09,0,0
20:12:33.153,461226,159.98,245.0,8.0,0.0,85.01,0,0
20:12:33.254,461326,160.05,245.0,7.0,0.0,84.94,0,0
20:12:33.353,461426,160.12,245.0,17.0,0.0,84.87,0,1
20:12:33.453,461526,160.19,245.0,12.0,0.0,84.8,0,0
20:12:33.553,461626,160.25,245.0,17.0,0.0,84.74,0,1
20:12:33.652,461726,160.25,245.0,17.0,0.0,84.74,0,1
20:12:33.753,461826,160.32,245.0,9.0,0.0,84.67,0,0
20:12:33.855,461926,160.38,245.0,18.0,0.0,84.61,0,1
20:12:33.953,462026,160.44,245.0,19.0,0.0,84.55,0,1
20:12:34.053,462126,160.51,245.0,14.0,0.0,84.48,0,0
20:12:34.154,462226,160.57,245.0,16.0,0.0,84.42,0,1
20:12:34.253,462326,160.63,245.0,21.0,0.0,84.36,0,1
20:12:34.366,462426,160.69,245.0,19.0,0.0,84.3,0,1
20:12:34.459,462526,160.74,245.0,27.0,0.0,84.25,0,1
20:12:34.553,462626,160.79,245.0,24.0,0.0,84.2,0,1
20:12:34.655,462726,160.86,245.0,18.0,0.0,84.13,0,1
20:12:34.752,462826,160.91,245.0,23.0,0.0,84.08,0,1
20:12:34.855,462926,160.95,245.0,34.0,0.0,84.04,0,1
20:12:34.953,463026,161.0,245.0,27.0,0.0,83.99,0,1
20:12:35.053,463126,161.04,245.0,38.0,0.0,83.95,0,1
20:12:35.153,463226,161.04,245.0,38.0,0.0,83.95,0,1
20:12:35.253,463326,161.08,245.0,27.0,0.0,83.91,0,1
20:12:35.354,463426,161.14,245.0,25.0,0.0,83.85,0,1
20:12:35.453,463526,161.18,245.0,29.0,0.0,83.81,0,1
20:12:35.553,463626,161.22,245.0,36.0,0.0,83.77,0,1
20:12:35.653,463726,161.26,245.0,39.0,0.0,83.73,0,1
20:12:35.753,463826,161.26,245.0,39.0,0.0,83.73,0,1
20:12:35.855,463926,161.31,245.0,25.0,0.0,83.68,0,1
20:12:35.954,464026,161.34,245.0,42.0,0.0,83.65,0,1
20:12:36.059,464126,161.38,245.0,35.0,0.0,83.61,0,1
20:12:36.154,464226,161.38,245.0,35.0,0.0,83.61,0,1
20:12:36.252,464326,161.42,245.0,31.0,0.0,83.57,0,1
20:12:36.354,464426,161.46,245.0,38.0,0.0,83.53,0,1
20:12:36.453,464526,161.49,245.0,37.0,0.0,83.5,0,1
20:12:36.553,464626,161.53,245.0,37.0,0.0,83.46,0,1
20:12:36.653,464726,161.56,245.0,40.0,0.0,83.43,0,1
20:12:36.752,464826,161.56,245.0,40.0,0.0,83.43,0,1
20:12:36.855,464926,161.58,245.0,49.0,0.0,83.41,0,1
20:12:36.954,465026,161.61,245.0,48.0,0.0,83.38,0,1
20:12:37.052,465126,161.63,245.0,46.0,0.0,83.36,0,1
20:12:37.154,465226,161.68,245.0,31.0,0.0,83.31,0,1
20:12:37.251,465326,161.72,245.0,31.0,0.0,83.27,0,1
20:12:37.352,465426,161.75,245.0,45.0,0.0,83.24,0,1
20:12:37.453,465526,161.77,245.0,47.0,0.0,83.22,0,1
20:12:37.552,465626,161.79,245.0,52.0,0.0,83.2,0,1
20:12:37.655,465726,161.82,245.0,40.0,0.0,83.17,0,1
20:12:37.768,465826,161.85,245.0,43.0,0.0,83.14,0,1
20:12:37.854,465926,161.85,245.0,43.0,0.0,83.14,0,1
20:12:37.952,466026,161.88,245.0,42.0,0.0,83.11,0,1
20:12:38.052,466126,161.91,245.0,44.0,0.0,83.08,0,1
20:12:38.153,466226,161.93,245.0,46.0,0.0,83.06,0,1
20:12:38.252,466326,161.93,245.0,46.0,0.0,83.06,0,1
20:12:38.356,466426,161.95,245.0,48.0,0.0,83.04,0,1
20:12:38.452,466526,161.98,245.0,43.0,0.0,83.01,0,1
20:12:38.553,466626,162.01,245.0,42.0,0.0,82.98,0,1
20:12:38.653,466726,162.04,245.0,44.0,0.0,82.95,0,1
20:12:38.752,466826,162.07,245.0,40.0,0.0,82.92,0,1
20:12:38.855,466926,162.1,245.0,39.0,0.0,82.89,0,1
20:12:38.952,467026,162.13,245.0,45.0,0.0,82.86,0,1
20:12:39.053,467126,162.16,245.0,44.0,0.0,82.83,0,1
20:12:39.154,467226,162.19,245.0,43.0,0.0,82.8,0,1
20:12:39.253,467326,162.21,245.0,48.0,0.0,82.78,0,1
20:12:39.352,467426,162.22,245.0,53.0,0.0,82.77,0,1
20:12:39.476,467526,162.26,245.0,41.0,0.0,82.73,0,1
20:12:39.552,467626,162.28,245.0,44.0,0.0,82.71,0,1
20:12:39.655,467726,162.32,245.0,36.0,0.0,82.67,0,1
20:12:39.752,467826,162.35,245.0,39.0,0.0,82.64,0,1
20:12:39.857,467926,162.38,245.0,45.0,0.0,82.61,0,1
20:12:39.954,468026,162.38,245.0,45.0,0.0,82.61,0,1
20:12:40.057,468126,162.43,245.0,26.0,0.0,82.56,0,1
20:12:40.155,468226,162.46,245.0,37.0,0.0,82.53,0,1
20:12:40.252,468326,162.5,245.0,40.0,0.0,82.49,0,1
20:12:40.351,468426,162.53,245.0,36.0,0.0,82.46,0,1
20:12:40.451,468526,162.53,245.0,36.0,0.0,82.46,0,1
20:12:40.552,468626,162.57,245.0,39.0,0.0,82.42,0,1
20:12:40.653,468726,162.61,245.0,31.0,0.0,82.38,0,1
20:12:40.752,468826,162.64,245.0,38.0,0.0,82.35,0,1
20:12:40.855,468926,162.68,245.0,41.0,0.0,82.31,0,1
20:12:40.959,469026,162.68,245.0,65.0,0.0,82.31,0,1
20:12:41.051,469126,162.73,245.0,23.0,0.0,82.26,0,1
20:12:41.151,469226,162.76,245.0,37.0,0.0,82.23,0,1
20:12:41.251,469326,162.8,245.0,33.0,0.0,82.19,0,1
20:12:41.352,469426,162.85,245.0,30.0,0.0,82.14,0,1
20:12:41.460,469526,162.88,245.0,37.0,0.0,82.11,0,1
20:12:41.564,469626,162.94,245.0,22.0,0.0,82.05,0,1
20:12:41.662,469726,162.99,245.0,27.0,0.0,82.0,0,1
20:12:41.780,469826,163.02,245.0,34.0,0.0,81.97,0,1
20:12:41.850,469926,163.08,245.0,20.0,0.0,81.91,0,1
20:12:41.951,470026,163.08,245.0,65.0,0.0,81.91,0,1
20:12:42.052,470126,163.15,245.0,11.0,0.0,81.84,0,0
20:12:42.153,470226,163.21,245.0,16.0,0.0,81.78,0,1
20:12:42.251,470326,163.26,245.0,21.0,0.0,81.73,0,1
20:12:42.355,470426,163.32,245.0,22.0,0.0,81.67,0,1
20:12:42.452,470526,163.32,245.0,22.0,0.0,81.67,0,1
20:12:42.555,470626,163.38,245.0,13.0,0.0,81.61,0,0
20:12:42.653,470726,163.44,245.0,21.0,0.0,81.55,0,1
20:12:42.751,470826,163.51,245.0,9.0,0.0,81.48,0,0
20:12:42.851,470926,163.57,245.0,14.0,0.0,81.42,0,0
20:12:42.958,471026,163.64,245.0,12.0,0.0,81.35,0,0
20:12:43.051,471126,163.7,245.0,14.0,0.0,81.29,0,0
20:12:43.153,471226,163.76,245.0,16.0,0.0,81.23,0,1
20:12:43.251,471326,163.81,245.0,21.0,0.0,81.18,0,1
20:12:43.351,471426,163.88,245.0,15.0,0.0,81.11,0,1
20:12:43.459,471526,163.93,245.0,23.0,0.0,81.06,0,1
20:12:43.550,471626,163.93,245.0,23.0,0.0,81.06,0,1
20:12:43.650,471726,163.98,245.0,20.0,0.0,81.01,0,1
20:12:43.751,471826,164.06,245.0,4.0,0.0,80.93,0,0
20:12:43.851,471926,164.13,245.0,3.0,0.0,80.86,0,0
20:12:43.950,472026,164.21,245.0,6.0,0.0,80.78,0,0
20:12:44.071,472126,164.28,245.0,5.0,0.0,80.71,0,0
20:12:44.150,472226,164.34,245.0,14.0,0.0,80.65,0,0
20:12:44.251,472326,164.42,245.0,5.0,0.0,80.57,0,0
20:12:44.351,472426,164.48,245.0,11.0,0.0,80.51,0,0
20:12:44.453,472526,164.55,245.0,13.0,0.0,80.44,0,0
20:12:44.550,472626,164.6,245.0,21.0,0.0,80.39,0,1
20:12:44.655,472726,164.6,245.0,21.0,0.0,80.39,0,1
20:12:44.753,472826,164.66,245.0,15.0,0.0,80.33,0,1
20:12:44.850,472926,164.74,245.0,0.0,0.0,80.25,0,0
20:12:44.951,473026,164.8,245.0,13.0,0.0,80.19,0,0
20:12:45.051,473126,164.89,245.0,0.0,0.0,80.1,0,0
20:12:45.150,473226,164.89,245.0,0.0,0.0,80.1,0,0
20:12:45.260,473326,164.96,245.0,4.0,0.0,80.03,0,0
20:12:45.349,473426,165.04,245.0,3.0,0.0,79.95,0,0
20:12:45.451,473526,165.12,245.0,0.0,0.0,79.87,0,0
20:12:45.550,473626,165.2,245.0,2.0,0.0,79.79,0,0
20:12:45.649,473726,165.28,245.0,0.0,0.0,79.71,0,0
20:12:45.754,473826,165.28,245.0,0.0,0.0,79.71,0,0
20:12:45.852,473926,165.37,245.0,0.0,0.0,79.62,0,0
20:12:45.953,474026,165.45,245.0,1.0,0.0,79.54,0,0
20:12:46.050,474126,165.52,245.0,0.0,0.0,79.47,0,0
20:12:46.154,474226,165.61,245.0,0.0,0.0,79.38,0,0
20:12:46.253,474326,165.69,245.0,0.0,0.0,79.3,0,0
20:12:46.349,474426,165.75,245.0,13.0,0.0,79.24,0,0
20:12:46.450,474526,165.75,245.0,13.0,0.0,79.24,0,0
20:12:46.551,474626,165.85,245.0,0.0,0.0,79.14,0,0
20:12:46.649,474726,165.93,245.0,0.0,0.0,79.06,0,0
20:12:46.749,474826,165.93,245.0,0.0,0.0,79.06,0,0
20:12:46.850,474926,166.03,245.0,0.0,0.0,78.96,0,0
20:12:46.958,475026,166.11,245.0,0.0,0.0,78.88,0,0
20:12:47.050,475126,166.2,245.0,0.0,0.0,78.79,0,0
20:12:47.152,475226,166.28,245.0,0.0,0.0,78.71,0,0
20:12:47.251,475326,166.35,245.0,4.0,0.0,78.64,0,0
20:12:47.351,475426,166.43,245.0,3.0,0.0,78.56,0,0
20:12:47.454,475526,166.5,245.0,5.0,0.0,78.49,0,0
20:12:47.570,475626,166.56,245.0,11.0,0.0,78.43,0,0
20:12:47.652,475726,166.63,245.0,6.0,0.0,78.36,0,0
20:12:47.758,475826,166.71,245.0,1.0,0.0,78.28,0,0
20:12:47.850,475926,166.71,245.0,1.0,0.0,78.28,0,0
20:12:47.953,476026,166.79,245.0,0.0,0.0,78.2,0,0
20:12:48.052,476126,166.87,245.0,0.0,0.0,78.12,0,0
20:12:48.151,476226,166.96,245.0,0.0,0.0,78.03,0,0
20:12:48.251,476326,167.03,245.0,2.0,0.0,77.96,0,0
20:12:48.350,476426,167.09,245.0,15.0,0.0,77.9,0,1
20:12:48.450,476526,167.15,245.0,13.0,0.0,77.84,0,0
20:12:48.549,476626,167.21,245.0,11.0,0.0,77.78,0,0
20:12:48.649,476726,167.28,245.0,9.0,0.0,77.71,0,0
20:12:48.751,476826,167.33,245.0,18.0,0.0,77.66,0,1
20:12:48.849,476926,167.33,245.0,18.0,0.0,77.66,0,1
20:12:48.954,477026,167.39,245.0,15.0,0.0,77.6,0,1
20:12:49.051,477126,167.45,245.0,13.0,0.0,77.54,0,0
20:12:49.149,477226,167.45,245.0,13.0,0.0,77.54,0,0
20:12:49.253,477326,167.52,245.0,11.0,0.0,77.47,0,0
20:12:49.348,477426,167.58,245.0,9.0,0.0,77.41,0,0
20:12:49.449,477526,167.58,245.0,9.0,0.0,77.41,0,0
20:12:49.550,477626,167.66,245.0,0.0,0.0,77.33,0,0
20:12:49.654,477726,167.73,245.0,6.0,0.0,77.26,0,0
20:12:49.754,477826,167.8,245.0,8.0,0.0,77.19,0,0
20:12:49.881,477926,167.85,245.0,20.0,0.0,77.14,0,1
20:12:49.949,478026,167.9,245.0,17.0,0.0,77.09,0,1
20:12:50.051,478126,167.95,245.0,25.0,0.0,77.04,0,1
20:12:50.149,478226,167.99,245.0,25.0,0.0,77.0,0,1
20:12:50.251,478326,168.04,245.0,25.0,0.0,76.95,0,1
20:12:50.350,478426,168.08,245.0,29.0,0.0,76.91,0,1
20:12:50.456,478526,168.11,245.0,32.0,0.0,76.88,0,1
20:12:50.554,478626,168.16,245.0,24.0,0.0,76.83,0,1
20:12:50.655,478726,168.2,245.0,32.0,0.0,76.79,0,1
20:12:50.751,478826,168.23,245.0,31.0,0.0,76.76,0,1
20:12:50.850,478926,168.27,245.0,34.0,0.0,76.72,0,1
20:12:50.951,479026,168.27,245.0,34.0,0.0,76.72,0,1
20:12:51.051,479126,168.3,245.0,33.0,0.0,76.69,0,1
20:12:51.149,479226,168.33,245.0,39.0,0.0,76.66,0,1
20:12:51.250,479326,168.36,245.0,34.0,0.0,76.63,0,1
20:12:51.349,479426,168.4,245.0,30.0,0.0,76.59,0,1
20:12:51.453,479526,168.4,245.0,61.0,0.0,76.59,0,1
20:12:51.551,479626,168.43,245.0,33.0,0.0,76.56,0,1
20:12:51.650,479726,168.46,245.0,36.0,0.0,76.53,0,1
20:12:51.751,479826,168.49,245.0,38.0,0.0,76.5,0,1
20:12:51.849,479926,168.54,245.0,27.0,0.0,76.45,0,1
20:12:51.951,480026,168.56,245.0,40.0,0.0,76.43,0,1
20:12:52.050,480126,168.56,245.0,40.0,0.0,76.43,0,1
20:12:52.160,480226,168.59,245.0,35.0,0.0,76.4,0,1
20:12:52.253,480326,168.61,245.0,45.0,0.0,76.38,0,1
20:12:52.349,480426,168.65,245.0,32.0,0.0,76.34,0,1
20:12:52.448,480526,168.65,245.0,61.0,0.0,76.34,0,1
20:12:52.549,480626,168.69,245.0,28.0,0.0,76.3,0,1
20:12:52.653,480726,168.72,245.0,35.0,0.0,76.27,0,1
20:12:52.755,480826,168.73,245.0,55.0,0.0,76.26,0,1
20:12:52.848,480926,168.74,245.0,49.0,0.0,76.25,0,1
20:12:52.953,481026,168.75,245.0,50.0,0.0,76.24,0,1
20:12:53.052,481126,168.75,245.0,50.0,0.0,76.24,0,1
20:12:53.155,481226,168.77,245.0,51.0,0.0,76.22,0,1
20:12:53.250,481326,168.77,245.0,55.0,0.0,76.22,0,1
20:12:53.348,481426,168.79,245.0,49.0,0.0,76.2,0,1
20:12:53.454,481526,168.81,245.0,46.0,0.0,76.18,0,1
20:12:53.549,481626,168.81,245.0,60.0,0.0,76.18,0,1
20:12:53.657,481726,168.82,245.0,48.0,0.0,76.17,0,1
20:12:53.751,481826,168.84,245.0,46.0,0.0,76.15,0,1
20:12:53.873,481926,168.85,245.0,51.0,0.0,76.14,0,1
20:12:53.955,482026,168.88,245.0,37.0,0.0,76.11,0,1
20:12:54.052,482126,168.88,245.0,60.0,0.0,76.11,0,1
20:12:54.153,482226,168.9,245.0,47.0,0.0,76.09,0,1
20:12:54.250,482326,168.92,245.0,41.0,0.0,76.07,0,1
20:12:54.349,482426,168.93,245.0,57.0,0.0,76.06,0,1
20:12:54.448,482526,168.94,245.0,47.0,0.0,76.05,0,1
20:12:54.551,482626,168.95,245.0,52.0,0.0,76.04,0,1
20:12:54.649,482726,168.95,245.0,52.0,0.0,76.04,0,1
20:12:54.757,482826,168.97,245.0,46.0,0.0,76.02,0,1
20:12:54.848,482926,168.99,245.0,43.0,0.0,76.0,0,1
20:12:54.948,483026,169.01,245.0,49.0,0.0,75.98,0,1
20:12:55.052,483126,169.03,245.0,39.0,0.0,75.96,0,1
20:12:55.153,483226,169.05,245.0,45.0,0.0,75.94,0,1
20:12:55.251,483326,169.08,245.0,39.0,0.0,75.91,0,1
20:12:55.349,483426,169.1,245.0,45.0,0.0,75.89,0,1
20:12:55.452,483526,169.12,245.0,46.0,0.0,75.87,0,1
20:12:55.557,483626,169.14,245.0,44.0,0.0,75.85,0,1
20:12:55.653,483726,169.14,245.0,60.0,0.0,75.85,0,1
20:12:55.750,483826,169.16,245.0,42.0,0.0,75.83,0,1
20:12:55.848,483926,169.17,245.0,51.0,0.0,75.82,0,1
20:12:55.948,484026,169.18,245.0,49.0,0.0,75.81,0,1
20:12:56.048,484126,169.22,245.0,32.0,0.0,75.77,0,1
20:12:56.148,484226,169.22,245.0,60.0,0.0,75.77,0,1
20:12:56.251,484326,169.24,245.0,45.0,0.0,75.75,0,1
20:12:56.348,484426,169.26,245.0,43.0,0.0,75.73,0,1
20:12:56.453,484526,169.28,245.0,42.0,0.0,75.71,0,1
20:12:56.549,484626,169.3,245.0,47.0,0.0,75.69,0,1
20:12:56.669,484726,169.3,245.0,60.0,0.0,75.69,0,1
20:12:56.750,484826,169.33,245.0,31.0,0.0,75.66,0,1
20:12:56.849,484926,169.38,245.0,26.0,0.0,75.61,0,1
20:12:56.947,485026,169.42,245.0,23.0,0.0,75.57,0,1
20:12:57.048,485126,169.44,245.0,44.0,0.0,75.55,0,1
20:12:57.148,485226,169.47,245.0,39.0,0.0,75.52,0,1
20:12:57.249,485326,169.5,245.0,34.0,0.0,75.49,0,1
20:12:57.347,485426,169.54,245.0,33.0,0.0,75.45,0,1
20:12:57.452,485526,169.57,245.0,35.0,0.0,75.42,0,1
20:12:57.548,485626,169.6,245.0,31.0,0.0,75.39,0,1
20:12:57.649,485726,169.64,245.0,34.0,0.0,75.35,0,1
20:12:57.750,485826,169.64,245.0,34.0,0.0,75.35,0,1
20:12:57.847,485926,169.68,245.0,26.0,0.0,75.31,0,1
20:12:57.951,486026,169.72,245.0,29.0,0.0,75.27,0,1
20:12:58.051,486126,169.76,245.0,25.0,0.0,75.23,0,1
20:12:58.150,486226,169.79,245.0,32.0,0.0,75.2,0,1
20:12:58.254,486326,169.82,245.0,38.0,0.0,75.17,0,1
20:12:58.414,486426,169.82,245.0,38.0,0.0,75.17,0,1
20:12:58.453,486526,169.88,245.0,16.0,0.0,75.11,0,1
20:12:58.555,486626,169.93,245.0,20.0,0.0,75.06,0,1
20:12:58.649,486726,169.98,245.0,17.0,0.0,75.01,0,1
20:12:58.747,486826,169.98,245.0,60.0,0.0,75.01,0,1
20:12:58.849,486926,170.04,245.0,10.0,0.0,74.95,0,0
20:12:58.948,487026,170.08,245.0,26.0,0.0,74.91,0,1
20:12:59.048,487126,170.14,245.0,15.0,0.0,74.85,0,1
20:12:59.160,487226,170.18,245.0,23.0,0.0,74.81,0,1
20:12:59.247,487326,170.23,245.0,20.0,0.0,74.76,0,1
20:12:59.350,487426,170.23,245.0,20.0,0.0,74.76,0,1
20:12:59.453,487526,170.29,245.0,9.0,0.0,74.7,0,0
20:12:59.565,487626,170.36,245.0,7.0,0.0,74.63,0,0
20:12:59.651,487726,170.42,245.0,9.0,0.0,74.57,0,0
20:12:59.747,487826,170.49,245.0,7.0,0.0,74.5,0,0
20:12:59.849,487926,170.56,245.0,5.0,0.0,74.43,0,0
20:12:59.947,488026,170.62,245.0,10.0,0.0,74.37,0,0
20:13:00.050,488126,170.62,245.0,59.0,0.0,74.37,0,1
20:13:00.148,488226,170.69,245.0,4.0,0.0,74.3,0,0
20:13:00.250,488326,170.76,245.0,3.0,0.0,74.23,0,0
20:13:00.348,488426,170.82,245.0,12.0,0.0,74.17,0,0
20:13:00.448,488526,170.88,245.0,6.0,0.0,74.11,0,0
20:13:00.550,488626,170.88,245.0,6.0,0.0,74.11,0,0
20:13:00.647,488726,170.88,245.0,59.0,0.0,74.11,0,1
20:13:00.745,488826,170.95,245.0,4.0,0.0,74.04,0,0
20:13:00.848,488926,171.04,245.0,0.0,0.0,73.95,0,0
20:13:00.947,489026,171.11,245.0,6.0,0.0,73.88,0,0
20:13:01.050,489126,171.2,245.0,0.0,0.0,73.79,0,0
20:13:01.148,489226,171.26,245.0,8.0,0.0,73.73,0,0
20:13:01.266,489326,171.33,245.0,5.0,0.0,73.66,0,0
20:13:01.347,489426,171.42,245.0,0.0,0.0,73.57,0,0
20:13:01.446,489526,171.49,245.0,4.0,0.0,73.5,0,0
20:13:01.647,489726,171.56,245.0,0.0,0.0,73.43,0,0
20:13:01.746,489826,171.64,245.0,1.0,0.0,73.35,0,0
20:13:01.849,489926,171.72,245.0,0.0,0.0,73.27,0,0
20:13:01.949,490026,171.81,245.0,0.0,0.0,73.18,0,0
20:13:02.050,490126,171.89,245.0,0.0,0.0,73.1,0,0
20:13:02.146,490226,171.97,245.0,0.0,0.0,73.02,0,0
20:13:02.246,490326,172.04,245.0,0.0,0.0,72.95,0,0
20:13:02.348,490426,172.11,245.0,2.0,0.0,72.88,0,0
20:13:02.447,490526,172.18,245.0,1.0,0.0,72.81,0,0
20:13:02.546,490626,172.18,245.0,1.0,0.0,72.81,0,0
20:13:02.647,490726,172.26,245.0,0.0,0.0,72.73,0,0
20:13:02.746,490826,172.34,245.0,0.0,0.0,72.65,0,0
20:13:02.852,490926,172.43,245.0,0.0,0.0,72.56,0,0
20:13:02.969,491026,172.5,245.0,0.0,0.0,72.49,0,0
20:13:03.050,491126,172.57,245.0,3.0,0.0,72.42,0,0
20:13:03.146,491226,172.64,245.0,1.0,0.0,72.35,0,0
20:13:03.247,491326,172.71,245.0,7.0,0.0,72.28,0,0
20:13:03.350,491426,172.77,245.0,8.0,0.0,72.22,0,0
20:13:03.446,491526,172.83,245.0,9.0,0.0,72.16,0,0
20:13:03.552,491626,172.83,245.0,9.0,0.0,72.16,0,0
20:13:03.648,491726,172.88,245.0,11.0,0.0,72.11,0,0
20:13:03.751,491826,172.88,245.0,57.0,0.0,72.11,0,1
20:13:03.847,491926,172.94,245.0,12.0,0.0,72.05,0,0
20:13:03.945,492026,173.02,245.0,0.0,0.0,71.97,0,0
20:13:04.052,492126,173.02,245.0,57.0,0.0,71.97,0,1
20:13:04.147,492226,173.1,245.0,0.0,0.0,71.89,0,0
20:13:04.246,492326,173.18,245.0,0.0,0.0,71.81,0,0
20:13:04.350,492426,173.25,245.0,0.0,0.0,71.74,0,0
20:13:04.447,492526,173.32,245.0,0.0,0.0,71.67,0,0
20:13:04.545,492626,173.39,245.0,3.0,0.0,71.6,0,0
20:13:04.647,492726,173.39,245.0,3.0,0.0,71.6,0,0
20:13:04.746,492826,173.46,245.0,1.0,0.0,71.53,0,0
20:13:04.845,492926,173.53,245.0,3.0,0.0,71.46,0,0
20:13:04.945,493026,173.6,245.0,1.0,0.0,71.39,0,0
20:13:05.051,493126,173.66,245.0,6.0,0.0,71.33,0,0
20:13:05.147,493226,173.71,245.0,15.0,0.0,71.28,0,1
20:13:05.283,493326,173.76,245.0,19.0,0.0,71.23,0,1
20:13:05.347,493426,173.82,245.0,12.0,0.0,71.17,0,0
20:13:05.445,493526,173.82,245.0,12.0,0.0,71.17,0,0
20:13:05.545,493626,173.87,245.0,9.0,0.0,71.12,0,0
20:13:05.644,493726,173.92,245.0,17.0,0.0,71.07,0,1
20:13:05.746,493826,173.97,245.0,18.0,0.0,71.02,0,1
20:13:05.858,493926,174.01,245.0,25.0,0.0,70.98,0,1
20:13:05.951,494026,174.05,245.0,28.0,0.0,70.94,0,1
20:13:06.045,494126,174.09,245.0,24.0,0.0,70.9,0,1
20:13:06.144,494226,174.09,245.0,56.0,0.0,70.9,0,1
20:13:06.245,494326,174.13,245.0,23.0,0.0,70.86,0,1
20:13:06.345,494426,174.16,245.0,30.0,0.0,70.83,0,1
20:13:06.448,494526,174.2,245.0,25.0,0.0,70.79,0,1
20:13:06.562,494626,174.23,245.0,32.0,0.0,70.76,0,1
20:13:06.654,494726,174.27,245.0,27.0,0.0,70.72,0,1
20:13:06.750,494826,174.27,245.0,27.0,0.0,70.72,0,1
20:13:06.851,494926,174.31,245.0,23.0,0.0,70.68,0,1
20:13:06.953,495026,174.34,245.0,30.0,0.0,70.65,0,1
20:13:07.044,495126,174.37,245.0,29.0,0.0,70.62,0,1
20:13:07.147,495226,174.37,245.0,56.0,0.0,70.62,0,1
20:13:07.246,495326,174.41,245.0,28.0,0.0,70.58,0,1
20:13:07.347,495426,174.45,245.0,27.0,0.0,70.54,0,1
20:13:07.444,495526,174.47,245.0,37.0,0.0,70.52,0,1
20:13:07.545,495626,174.49,245.0,39.0,0.0,70.5,0,1
20:13:07.647,495726,174.52,245.0,33.0,0.0,70.47,0,1
20:13:07.746,495826,174.55,245.0,32.0,0.0,70.44,0,1
20:13:07.845,495926,174.58,245.0,34.0,0.0,70.41,0,1
20:13:07.945,496026,174.59,245.0,47.0,0.0,70.4,0,1
20:13:08.045,496126,174.61,245.0,37.0,0.0,70.38,0,1
20:13:08.151,496226,174.63,245.0,43.0,0.0,70.36,0,1
20:13:08.245,496326,174.63,245.0,56.0,0.0,70.36,0,1
20:13:08.345,496426,174.65,245.0,33.0,0.0,70.34,0,1
20:13:08.446,496526,174.67,245.0,46.0,0.0,70.32,0,1
20:13:08.545,496626,174.68,245.0,44.0,0.0,70.31,0,1
20:13:08.645,496726,174.69,245.0,52.0,0.0,70.3,0,1
20:13:08.749,496826,174.69,245.0,52.0,0.0,70.3,0,1
20:13:08.845,496926,174.69,245.0,49.0,0.0,70.3,0,1
20:13:08.945,497026,174.72,245.0,35.0,0.0,70.27,0,1
20:13:09.049,497126,174.74,245.0,37.0,0.0,70.25,0,1
20:13:09.149,497226,174.74,245.0,57.0,0.0,70.25,0,1
20:13:09.244,497326,174.74,245.0,56.0,0.0,70.25,0,1
20:13:09.347,497426,174.76,245.0,39.0,0.0,70.23,0,1
20:13:09.446,497526,174.79,245.0,33.0,0.0,70.2,0,1
20:13:09.544,497626,174.79,245.0,54.0,0.0,70.2,0,1
20:13:09.648,497726,174.8,245.0,50.0,0.0,70.19,0,1
20:13:09.744,497826,174.81,245.0,51.0,0.0,70.18,0,1
20:13:09.848,497926,174.82,245.0,44.0,0.0,70.17,0,1
20:13:09.944,498026,174.84,245.0,45.0,0.0,70.15,0,1
20:13:10.044,498126,174.84,245.0,50.0,0.0,70.15,0,1
20:13:10.144,498226,174.85,245.0,50.0,0.0,70.14,0,1
20:13:10.254,498326,174.86,245.0,51.0,0.0,70.13,0,1
20:13:10.344,498426,174.86,245.0,51.0,0.0,70.13,0,1
20:13:10.453,498526,174.87,245.0,44.0,0.0,70.12,0,1
20:13:10.546,498626,174.87,245.0,52.0,0.0,70.12,0,1
20:13:10.644,498726,174.88,245.0,49.0,0.0,70.11,0,1
20:13:10.744,498826,174.89,245.0,46.0,0.0,70.1,0,1
20:13:10.849,498926,174.89,245.0,46.0,0.0,70.1,0,1
20:13:10.947,499026,174.9,245.0,54.0,0.0,70.09,0,1
20:13:11.045,499126,174.92,245.0,36.0,0.0,70.07,0,1
20:13:11.145,499226,174.94,245.0,42.0,0.0,70.05,0,1
20:13:11.246,499326,174.95,245.0,47.0,0.0,70.04,0,1
20:13:11.344,499426,174.95,245.0,51.0,0.0,70.04,0,1
20:13:11.444,499526,174.95,245.0,51.0,0.0,70.04,0,1
20:13:11.544,499626,174.98,245.0,33.0,0.0,70.01,0,1
20:13:11.647,499726,174.99,245.0,47.0,0.0,70.0,0,1
20:13:11.745,499826,175.0,245.0,47.0,0.0,69.99,0,1
20:13:11.848,499926,175.02,245.0,45.0,0.0,69.97,0,1
20:13:11.951,500026,175.03,245.0,42.0,0.0,69.96,0,1
20:13:12.043,500126,175.04,245.0,47.0,0.0,69.95,0,1
20:13:12.153,500226,175.06,245.0,40.0,0.0,69.93,0,1
20:13:12.246,500326,175.07,245.0,49.0,0.0,69.92,0,1
20:13:12.344,500426,175.08,245.0,46.0,0.0,69.91,0,1
20:13:12.446,500526,175.08,245.0,55.0,0.0,69.91,0,1
20:13:12.545,500626,175.1,245.0,40.0,0.0,69.89,0,1
20:13:12.648,500726,175.13,245.0,34.0,0.0,69.86,0,1
20:13:12.746,500826,175.14,245.0,43.0,0.0,69.85,0,1
20:13:12.844,500926,175.16,245.0,41.0,0.0,69.83,0,1
20:13:12.943,501026,175.17,245.0,46.0,0.0,69.82,0,1
20:13:13.043,501126,175.17,245.0,46.0,0.0,69.82,0,1
20:13:13.143,501226,175.19,245.0,40.0,0.0,69.8,0,1
20:13:13.274,501326,175.22,245.0,30.0,0.0,69.77,0,1
20:13:13.348,501426,175.26,245.0,29.0,0.0,69.73,0,1
20:13:13.446,501526,175.28,245.0,35.0,0.0,69.71,0,1
20:13:13.543,501626,175.28,245.0,35.0,0.0,69.71,0,1
20:13:13.646,501726,175.33,245.0,19.0,0.0,69.66,0,1
20:13:13.745,501826,175.35,245.0,33.0,0.0,69.64,0,1
20:13:13.845,501926,175.39,245.0,28.0,0.0,69.6,0,1
20:13:13.945,502026,175.39,245.0,28.0,0.0,69.6,0,1
20:13:14.044,502126,175.43,245.0,20.0,0.0,69.56,0,1
20:13:14.143,502226,175.47,245.0,27.0,0.0,69.52,0,1
20:13:14.244,502326,175.5,245.0,30.0,0.0,69.49,0,1
20:13:14.343,502426,175.53,245.0,32.0,0.0,69.46,0,1
20:13:14.448,502526,175.57,245.0,24.0,0.0,69.42,0,1
20:13:14.543,502626,175.57,245.0,55.0,0.0,69.42,0,1
20:13:14.643,502726,175.62,245.0,16.0,0.0,69.37,0,1
20:13:14.744,502826,175.66,245.0,23.0,0.0,69.33,0,1
20:13:14.844,502926,175.69,245.0,30.0,0.0,69.3,0,1
20:13:14.950,503026,175.74,245.0,10.0,0.0,69.25,0,0
20:13:15.043,503126,175.79,245.0,18.0,0.0,69.2,0,1
20:13:15.142,503226,175.82,245.0,29.0,0.0,69.17,0,1
20:13:15.243,503326,175.87,245.0,13.0,0.0,69.12,0,0
20:13:15.350,503426,175.87,245.0,13.0,0.0,69.12,0,0
20:13:15.446,503526,175.93,245.0,10.0,0.0,69.06,0,0
20:13:15.545,503626,175.98,245.0,11.0,0.0,69.01,0,0
20:13:15.642,503726,176.05,245.0,4.0,0.0,68.94,0,0
20:13:15.759,503826,176.11,245.0,5.0,0.0,68.88,0,0
20:13:15.846,503926,176.15,245.0,18.0,0.0,68.84,0,1
20:13:15.953,504026,176.19,245.0,21.0,0.0,68.8,0,1
20:13:16.043,504126,176.19,245.0,21.0,0.0,68.8,0,1
20:13:16.145,504226,176.26,245.0,6.0,0.0,68.73,0,0
20:13:16.244,504326,176.31,245.0,11.0,0.0,68.68,0,0
20:13:16.343,504426,176.37,245.0,8.0,0.0,68.62,0,0
20:13:16.444,504526,176.42,245.0,12.0,0.0,68.57,0,0
20:13:16.549,504626,176.48,245.0,5.0,0.0,68.51,0,0
20:13:16.664,504726,176.48,245.0,54.0,0.0,68.51,0,1
20:13:16.745,504826,176.54,245.0,6.0,0.0,68.45,0,0
20:13:16.843,504926,176.61,245.0,0.0,0.0,68.38,0,0
20:13:16.945,505026,176.67,245.0,9.0,0.0,68.32,0,0
20:13:17.042,505126,176.74,245.0,0.0,0.0,68.25,0,0
20:13:17.148,505226,176.8,245.0,0.0,0.0,68.19,0,0
20:13:17.242,505326,176.8,245.0,0.0,0.0,68.19,0,0
20:13:17.345,505426,176.87,245.0,0.0,0.0,68.12,0,0
20:13:17.446,505526,176.95,245.0,0.0,0.0,68.04,0,0
20:13:17.541,505626,177.03,245.0,0.0,0.0,67.96,0,0
20:13:17.642,505726,177.1,245.0,0.0,0.0,67.89,0,0
20:13:17.747,505826,177.17,245.0,3.0,0.0,67.82,0,0
20:13:17.841,505926,177.23,245.0,4.0,0.0,67.76,0,0
20:13:17.943,506026,177.29,245.0,2.0,0.0,67.7,0,0
20:13:18.042,506126,177.35,245.0,7.0,0.0,67.64,0,0
20:13:18.146,506226,177.41,245.0,8.0,0.0,67.58,0,0
20:13:18.247,506326,177.41,245.0,8.0,0.0,67.58,0,0
20:13:18.370,506426,177.46,245.0,9.0,0.0,67.53,0,0
20:13:18.442,506526,177.46,245.0,9.0,0.0,67.53,0,0
20:13:18.542,506626,177.46,245.0,9.0,0.0,67.53,0,0
20:13:18.642,506726,177.55,245.0,0.0,0.0,67.44,0,0
20:13:18.744,506826,177.63,245.0,0.0,0.0,67.36,0,0
20:13:18.843,506926,177.7,245.0,0.0,0.0,67.29,0,0
20:13:18.945,507026,177.77,245.0,0.0,0.0,67.22,0,0
20:13:19.044,507126,177.85,245.0,0.0,0.0,67.14,0,0
20:13:19.142,507226,177.92,245.0,0.0,0.0,67.07,0,0
20:13:19.241,507326,177.99,245.0,0.0,0.0,67.0,0,0
20:13:19.347,507426,178.06,245.0,0.0,0.0,66.93,0,0
20:13:19.441,507526,178.06,245.0,0.0,0.0,66.93,0,0
20:13:19.542,507626,178.13,245.0,0.0,0.0,66.86,0,0
20:13:19.642,507726,178.2,245.0,0.0,0.0,66.79,0,0
20:13:19.743,507826,178.26,245.0,4.0,0.0,66.73,0,0
20:13:19.844,507926,178.33,245.0,1.0,0.0,66.66,0,0
20:13:19.941,508026,178.4,245.0,0.0,0.0,66.59,0,0
20:13:20.042,508126,178.46,245.0,4.0,0.0,66.53,0,0
20:13:20.143,508226,178.51,245.0,9.0,0.0,66.48,0,0
20:13:20.243,508326,178.57,245.0,6.0,0.0,66.42,0,0
20:13:20.341,508426,178.57,245.0,6.0,0.0,66.42,0,0
20:13:20.445,508526,178.62,245.0,14.0,0.0,66.37,0,0
20:13:20.542,508626,178.62,245.0,53.0,0.0,66.37,0,1
20:13:20.657,508726,178.69,245.0,0.0,0.0,66.3,0,0
20:13:20.744,508826,178.75,245.0,0.0,0.0,66.24,0,0
20:13:20.841,508926,178.75,245.0,52.0,0.0,66.24,0,1
20:13:20.940,509026,178.81,245.0,6.0,0.0,66.18,0,0
20:13:21.042,509126,178.88,245.0,0.0,0.0,66.11,0,0
20:13:21.141,509226,178.94,245.0,5.0,0.0,66.05,0,0
20:13:21.252,509326,179.01,245.0,2.0,0.0,65.98,0,0
20:13:21.341,509426,179.01,245.0,52.0,0.0,65.98,0,1
20:13:21.441,509526,179.06,245.0,10.0,0.0,65.93,0,0
20:13:21.544,509626,179.13,245.0,0.0,0.0,65.86,0,0
20:13:21.643,509726,179.17,245.0,12.0,0.0,65.82,0,0
20:13:21.742,509826,179.22,245.0,12.0,0.0,65.77,0,0
20:13:21.844,509926,179.26,245.0,20.0,0.0,65.73,0,1
20:13:21.943,510026,179.26,245.0,20.0,0.0,65.73,0,1
20:13:22.043,510126,179.32,245.0,8.0,0.0,65.67,0,0
20:13:22.141,510226,179.36,245.0,16.0,0.0,65.63,0,1
20:13:22.241,510326,179.4,245.0,24.0,0.0,65.59,0,1
20:13:22.346,510426,179.4,245.0,24.0,0.0,65.59,0,1
20:13:22.445,510526,179.45,245.0,15.0,0.0,65.54,0,1
20:13:22.544,510626,179.48,245.0,22.0,0.0,65.51,0,1
20:13:22.643,510726,179.52,245.0,22.0,0.0,65.47,0,1
20:13:22.740,510826,179.57,245.0,13.0,0.0,65.42,0,0
20:13:22.841,510926,179.61,245.0,21.0,0.0,65.38,0,1
20:13:22.944,511026,179.61,245.0,52.0,0.0,65.38,0,1
20:13:23.048,511126,179.64,245.0,28.0,0.0,65.35,0,1
20:13:23.142,511226,179.66,245.0,34.0,0.0,65.33,0,1
20:13:23.244,511326,179.69,245.0,32.0,0.0,65.3,0,1
20:13:23.340,511426,179.7,245.0,38.0,0.0,65.29,0,1
20:13:23.441,511526,179.7,245.0,38.0,0.0,65.29,0,1
20:13:23.563,511626,179.73,245.0,31.0,0.0,65.26,0,1
20:13:23.648,511726,179.76,245.0,26.0,0.0,65.23,0,1
20:13:23.744,511826,179.81,245.0,17.0,0.0,65.18,0,1
20:13:23.843,511926,179.83,245.0,28.0,0.0,65.16,0,1
20:13:23.944,512026,179.88,245.0,19.0,0.0,65.11,0,1
20:13:24.048,512126,179.88,245.0,19.0,0.0,65.11,0,1
20:13:24.164,512226,179.91,245.0,26.0,0.0,65.08,0,1
20:13:24.241,512326,179.92,245.0,44.0,0.0,65.07,0,1
20:13:24.341,512426,179.94,245.0,37.0,0.0,65.05,0,1
20:13:24.446,512526,179.94,245.0,37.0,0.0,65.05,0,1
20:13:24.543,512626,179.94,245.0,50.0,0.0,65.05,0,1
20:13:24.642,512726,179.96,245.0,35.0,0.0,65.03,0,1
20:13:24.764,512826,179.98,245.0,36.0,0.0,65.01,0,1
20:13:24.848,512926,179.99,245.0,42.0,0.0,65.0,0,1
20:13:24.941,513026,180.0,245.0,43.0,0.0,64.99,0,1
20:13:25.041,513126,180.0,245.0,43.0,0.0,64.99,0,1
20:13:25.142,513226,180.02,245.0,36.0,0.0,64.97,0,1
20:13:25.246,513326,180.03,245.0,45.0,0.0,64.96,0,1
20:13:25.343,513426,180.04,245.0,42.0,0.0,64.95,0,1
20:13:25.440,513526,180.06,245.0,39.0,0.0,64.93,0,1
20:13:25.541,513626,180.05,245.0,56.0,0.0,64.94,0,1
20:13:25.640,513726,180.05,245.0,56.0,0.0,64.94,0,1
20:13:25.744,513826,180.07,245.0,40.0,0.0,64.92,0,1
20:13:25.841,513926,180.07,245.0,52.0,0.0,64.92,0,1
20:13:25.941,514026,180.08,245.0,37.0,0.0,64.91,0,1
20:13:26.043,514126,180.08,245.0,51.0,0.0,64.91,0,1
20:13:26.142,514226,180.09,245.0,42.0,0.0,64.9,0,1
20:13:26.239,514326,180.11,245.0,39.0,0.0,64.88,0,1
20:13:26.340,514426,180.11,245.0,52.0,0.0,64.88,0,1
20:13:26.461,514526,180.11,245.0,48.0,0.0,64.88,0,1
20:13:26.544,514626,180.13,245.0,41.0,0.0,64.86,0,1
20:13:26.640,514726,180.13,245.0,41.0,0.0,64.86,0,1
20:13:26.740,514826,180.13,245.0,46.0,0.0,64.86,0,1
20:13:26.844,514926,180.15,245.0,35.0,0.0,64.84,0,1
20:13:26.941,515026,180.16,245.0,44.0,0.0,64.83,0,1
20:13:27.041,515126,180.18,245.0,41.0,0.0,64.81,0,1
20:13:27.140,515226,180.18,245.0,46.0,0.0,64.81,0,1
20:13:27.240,515326,180.19,245.0,43.0,0.0,64.8,0,1
20:13:27.340,515426,180.2,245.0,47.0,0.0,64.79,0,1
20:13:27.440,515526,180.2,245.0,48.0,0.0,64.79,0,1
20:13:27.542,515626,180.21,245.0,48.0,0.0,64.78,0,1
20:13:27.643,515726,180.23,245.0,33.0,0.0,64.76,0,1
20:13:27.743,515826,180.23,245.0,33.0,0.0,64.76,0,1
20:13:27.840,515926,180.25,245.0,35.0,0.0,64.74,0,1
20:13:27.939,516026,180.26,245.0,48.0,0.0,64.73,0,1
20:13:28.040,516126,180.28,245.0,33.0,0.0,64.71,0,1
20:13:28.154,516226,180.29,245.0,46.0,0.0,64.7,0,1
20:13:28.240,516326,180.3,245.0,43.0,0.0,64.69,0,1
20:13:28.341,516426,180.32,245.0,32.0,0.0,64.67,0,1
20:13:28.440,516526,180.33,245.0,42.0,0.0,64.66,0,1
20:13:28.545,516626,180.35,245.0,35.0,0.0,64.64,0,1
20:13:28.639,516726,180.36,245.0,40.0,0.0,64.63,0,1
20:13:28.743,516826,180.37,245.0,45.0,0.0,64.62,0,1
20:13:28.841,516926,180.39,245.0,38.0,0.0,64.6,0,1
20:13:28.940,517026,180.42,245.0,28.0,0.0,64.57,0,1
20:13:29.042,517126,180.44,245.0,34.0,0.0,64.55,0,1
20:13:29.140,517226,180.46,245.0,32.0,0.0,64.53,0,1
20:13:29.240,517326,180.48,245.0,34.0,0.0,64.51,0,1
20:13:29.341,517426,180.5,245.0,36.0,0.0,64.49,0,1
20:13:29.440,517526,180.52,245.0,41.0,0.0,64.47,0,1
20:13:29.539,517626,180.55,245.0,27.0,0.0,64.44,0,1
20:13:29.639,517726,180.56,245.0,41.0,0.0,64.43,0,1
20:13:29.739,517826,180.58,245.0,38.0,0.0,64.41,0,1
20:13:29.863,517926,180.58,245.0,38.0,0.0,64.41,0,1
20:13:29.945,518026,180.62,245.0,20.0,0.0,64.37,0,1
20:13:30.039,518126,180.63,245.0,38.0,0.0,64.36,0,1
20:13:30.145,518226,180.67,245.0,20.0,0.0,64.32,0,1
20:13:30.239,518326,180.7,245.0,27.0,0.0,64.29,0,1
20:13:30.340,518426,180.7,245.0,27.0,0.0,64.29,0,1
20:13:30.445,518526,180.75,245.0,6.0,0.0,64.24,0,0
20:13:30.544,518626,180.8,245.0,15.0,0.0,64.19,0,1
20:13:30.639,518726,180.84,245.0,22.0,0.0,64.15,0,1
20:13:30.739,518826,180.88,245.0,13.0,0.0,64.11,0,0
20:13:30.841,518926,180.92,245.0,21.0,0.0,64.07,0,1
20:13:30.945,519026,180.96,245.0,20.0,0.0,64.03,0,1
20:13:31.042,519126,181.0,245.0,15.0,0.0,63.99,0,1
20:13:31.140,519226,181.04,245.0,23.0,0.0,63.95,0,1
20:13:31.239,519326,181.07,245.0,25.0,0.0,63.92,0,1
20:13:31.340,519426,181.12,245.0,12.0,0.0,63.87,0,0
20:13:31.439,519526,181.18,245.0,1.0,0.0,63.81,0,0
20:13:31.556,519626,181.23,245.0,9.0,0.0,63.76,0,0
20:13:31.644,519726,181.29,245.0,6.0,0.0,63.7,0,0
20:13:31.739,519826,181.29,245.0,50.0,0.0,63.7,0,1
20:13:31.840,519926,181.34,245.0,6.0,0.0,63.65,0,0
20:13:31.940,520026,181.4,245.0,7.0,0.0,63.59,0,0
20:13:32.040,520126,181.46,245.0,0.0,0.0,63.53,0,0
20:13:32.143,520226,181.52,245.0,4.0,0.0,63.47,0,0
20:13:32.242,520326,181.57,245.0,5.0,0.0,63.42,0,0
20:13:32.339,520426,181.63,245.0,2.0,0.0,63.36,0,0
20:13:32.440,520526,181.68,245.0,14.0,0.0,63.31,0,0
20:13:32.542,520626,181.72,245.0,14.0,0.0,63.27,0,0
20:13:32.639,520726,181.79,245.0,0.0,0.0,63.2,0,0
20:13:32.739,520826,181.84,245.0,7.0,0.0,63.15,0,0
20:13:32.839,520926,181.91,245.0,0.0,0.0,63.08,0,0
20:13:32.939,521026,181.97,245.0,1.0,0.0,63.02,0,0
20:13:33.041,521126,182.02,245.0,6.0,0.0,62.97,0,0
20:13:33.140,521226,182.07,245.0,10.0,0.0,62.92,0,0
20:13:33.256,521326,182.12,245.0,10.0,0.0,62.87,0,0
20:13:33.343,521426,182.18,245.0,6.0,0.0,62.81,0,0
20:13:33.441,521526,182.22,245.0,14.0,0.0,62.77,0,0
20:13:33.538,521626,182.28,245.0,6.0,0.0,62.71,0,0
20:13:33.640,521726,182.33,245.0,10.0,0.0,62.66,0,0
20:13:33.739,521826,182.37,245.0,10.0,0.0,62.62,0,0
20:13:33.840,521926,182.43,245.0,6.0,0.0,62.56,0,0
20:13:33.942,522026,182.48,245.0,7.0,0.0,62.51,0,0
20:13:34.042,522126,182.53,245.0,11.0,0.0,62.46,0,0
20:13:34.145,522226,182.6,245.0,0.0,0.0,62.39,0,0
20:13:34.244,522326,182.65,245.0,4.0,0.0,62.34,0,0
20:13:34.339,522426,182.72,245.0,0.0,0.0,62.27,0,0
20:13:34.441,522526,182.79,245.0,0.0,0.0,62.2,0,0
20:13:34.540,522626,182.83,245.0,15.0,0.0,62.16,0,1
20:13:34.640,522726,182.88,245.0,11.0,0.0,62.11,0,0
20:13:34.739,522826,182.94,245.0,0.0,0.0,62.05,0,0
20:13:34.842,522926,182.94,245.0,49.0,0.0,62.05,0,1
20:13:34.970,523026,183.0,245.0,0.0,0.0,61.99,0,0
20:13:35.038,523126,183.0,245.0,0.0,0.0,61.99,0,0
20:13:35.139,523226,183.0,245.0,0.0,0.0,61.99,0,0
20:13:35.238,523326,183.08,245.0,0.0,0.0,61.91,0,0
20:13:35.339,523426,183.13,245.0,7.0,0.0,61.86,0,0
20:13:35.438,523526,183.19,245.0,3.0,0.0,61.8,0,0
20:13:35.551,523626,183.25,245.0,0.0,0.0,61.74,0,0
20:13:35.641,523726,183.31,245.0,1.0,0.0,61.68,0,0
20:13:35.738,523826,183.38,245.0,0.0,0.0,61.61,0,0
20:13:35.838,523926,183.45,245.0,0.0,0.0,61.54,0,0
20:13:35.941,524026,183.45,245.0,49.0,0.0,61.54,0,1
20:13:36.042,524126,183.5,245.0,9.0,0.0,61.49,0,0
20:13:36.142,524226,183.56,245.0,0.0,0.0,61.43,0,0
20:13:36.238,524326,183.63,245.0,0.0,0.0,61.36,0,0
20:13:36.338,524426,183.69,245.0,7.0,0.0,61.3,0,0
20:13:36.439,524526,183.69,245.0,7.0,0.0,61.3,0,0
20:13:36.538,524626,183.74,245.0,3.0,0.0,61.25,0,0
20:13:36.641,524726,183.8,245.0,0.0,0.0,61.19,0,0
20:13:36.739,524826,183.87,245.0,0.0,0.0,61.12,0,0
20:13:36.839,524926,183.92,245.0,10.0,0.0,61.07,0,0
20:13:36.939,525026,183.96,245.0,14.0,0.0,61.03,0,0
20:13:37.038,525126,183.96,245.0,14.0,0.0,61.03,0,0
20:13:37.144,525226,184.01,245.0,5.0,0.0,60.98,0,0
20:13:37.240,525326,184.06,245.0,13.0,0.0,60.93,0,0
20:13:37.336,525426,184.12,245.0,0.0,0.0,60.87,0,0
20:13:37.438,525526,184.17,245.0,10.0,0.0,60.82,0,0
20:13:37.536,525626,184.2,245.0,22.0,0.0,60.79,0,1
20:13:37.642,525726,184.23,245.0,24.0,0.0,60.76,0,1
20:13:37.738,525826,184.27,245.0,19.0,0.0,60.72,0,1
20:13:37.842,525926,184.3,245.0,26.0,0.0,60.69,0,1
20:13:37.941,526026,184.33,245.0,24.0,0.0,60.66,0,1
20:13:38.044,526126,184.35,245.0,26.0,0.0,60.64,0,1
20:13:38.141,526226,184.38,245.0,24.0,0.0,60.61,0,1
20:13:38.237,526326,184.42,245.0,19.0,0.0,60.57,0,1
20:13:38.337,526426,184.46,245.0,18.0,0.0,60.53,0,1
20:13:38.440,526526,184.49,245.0,25.0,0.0,60.5,0,1
20:13:38.537,526626,184.52,245.0,23.0,0.0,60.47,0,1
20:13:38.640,526726,184.54,245.0,29.0,0.0,60.45,0,1
20:13:38.739,526826,184.57,245.0,27.0,0.0,60.42,0,1
20:13:38.837,526926,184.58,245.0,37.0,0.0,60.41,0,1
20:13:38.960,527026,184.58,245.0,37.0,0.0,60.41,0,1
20:13:39.038,527126,184.59,245.0,38.0,0.0,60.4,0,1
20:13:39.142,527226,184.62,245.0,23.0,0.0,60.37,0,1
20:13:39.237,527326,184.65,245.0,26.0,0.0,60.34,0,1
20:13:39.340,527426,184.68,245.0,24.0,0.0,60.31,0,1
20:13:39.437,527526,184.7,245.0,30.0,0.0,60.29,0,1
20:13:39.537,527626,184.71,245.0,40.0,0.0,60.28,0,1
20:13:39.640,527726,184.72,245.0,41.0,0.0,60.27,0,1
20:13:39.738,527826,184.75,245.0,21.0,0.0,60.24,0,1
20:13:39.841,527926,184.78,245.0,28.0,0.0,60.21,0,1
20:13:39.944,528026,184.81,245.0,22.0,0.0,60.18,0,1
20:13:40.042,528126,184.82,245.0,41.0,0.0,60.17,0,1
20:13:40.144,528226,184.83,245.0,41.0,0.0,60.16,0,1
20:13:40.244,528326,184.84,245.0,34.0,0.0,60.15,0,1
20:13:40.339,528426,184.86,245.0,35.0,0.0,60.13,0,1
20:13:40.440,528526,184.86,245.0,44.0,0.0,60.13,0,1
20:13:40.536,528626,184.86,245.0,44.0,0.0,60.13,0,1
20:13:40.637,528726,184.88,245.0,33.0,0.0,60.11,0,1
20:13:40.737,528826,184.88,245.0,46.0,0.0,60.11,0,1
20:13:40.839,528926,184.89,245.0,46.0,0.0,60.1,0,1
20:13:40.938,529026,184.89,245.0,42.0,0.0,60.1,0,1
20:13:41.037,529126,184.89,245.0,48.0,0.0,60.1,0,1
20:13:41.135,529226,184.9,245.0,43.0,0.0,60.09,0,1
20:13:41.252,529326,184.91,245.0,39.0,0.0,60.08,0,1
20:13:41.336,529426,184.91,245.0,44.0,0.0,60.08,0,1
20:13:41.447,529526,184.92,245.0,45.0,0.0,60.07,0,1
20:13:41.538,529626,184.92,245.0,48.0,0.0,60.07,0,1
20:13:41.636,529726,184.91,245.0,53.0,0.0,60.08,0,1
20:13:41.738,529826,184.91,245.0,48.0,0.0,60.08,0,1
20:13:41.837,529926,184.92,245.0,36.0,0.0,60.07,0,1
20:13:41.938,530026,184.92,245.0,49.0,0.0,60.07,0,1
20:13:42.037,530126,184.92,245.0,49.0,0.0,60.07,0,1
20:13:42.136,530226,184.92,245.0,45.0,0.0,60.07,0,1
20:13:42.237,530326,184.93,245.0,41.0,0.0,60.06,0,1
20:13:42.336,530426,184.94,245.0,38.0,0.0,60.05,0,1
20:13:42.439,530526,184.95,245.0,39.0,0.0,60.04,0,1
20:13:42.537,530626,184.96,245.0,44.0,0.0,60.03,0,1
20:13:42.640,530726,184.96,245.0,44.0,0.0,60.03,0,1
20:13:42.737,530826,184.98,245.0,28.0,0.0,60.01,0,1
20:13:42.838,530926,184.99,245.0,42.0,0.0,60.0,0,1
20:13:42.941,531026,185.0,245.0,39.0,0.0,59.99,0,1
20:13:43.036,531126,185.0,245.0,48.0,0.0,59.99,0,1
20:13:43.139,531226,185.01,245.0,39.0,0.0,59.98,0,1
20:13:43.239,531326,185.01,245.0,39.0,0.0,59.98,0,1
20:13:43.336,531426,185.02,245.0,40.0,0.0,59.97,0,1
20:13:43.438,531526,185.01,245.0,53.0,0.0,59.98,0,1
20:13:43.536,531626,185.02,245.0,40.0,0.0,59.97,0,1
20:13:43.638,531726,185.02,245.0,47.0,0.0,59.97,0,1
20:13:43.737,531826,185.03,245.0,41.0,0.0,59.96,0,1
20:13:43.837,531926,185.04,245.0,38.0,0.0,59.95,0,1
20:13:43.939,532026,185.07,245.0,27.0,0.0,59.92,0,1
20:13:44.035,532126,185.09,245.0,29.0,0.0,59.9,0,1
20:13:44.139,532226,185.09,245.0,29.0,0.0,59.9,0,1
20:13:44.237,532326,185.11,245.0,35.0,0.0,59.88,0,1
20:13:44.337,532426,185.12,245.0,36.0,0.0,59.87,0,1
20:13:44.438,532526,185.13,245.0,37.0,0.0,59.86,0,1
20:13:44.537,532626,185.15,245.0,34.0,0.0,59.84,0,1
20:13:44.645,532726,185.17,245.0,31.0,0.0,59.82,0,1
20:13:44.735,532826,185.17,245.0,31.0,0.0,59.82,0,1
20:13:44.836,532926,185.2,245.0,25.0,0.0,59.79,0,1
20:13:44.938,533026,185.22,245.0,31.0,0.0,59.77,0,1
20:13:45.037,533126,185.26,245.0,12.0,0.0,59.73,0,0
20:13:45.136,533226,185.3,245.0,20.0,0.0,59.69,0,1
20:13:45.237,533326,185.31,245.0,35.0,0.0,59.68,0,1
20:13:45.334,533426,185.35,245.0,16.0,0.0,59.64,0,1
20:13:45.437,533526,185.38,245.0,27.0,0.0,59.61,0,1
20:13:45.535,533626,185.41,245.0,17.0,0.0,59.58,0,1
20:13:45.635,533726,185.44,245.0,24.0,0.0,59.55,0,1
20:13:45.734,533826,185.47,245.0,26.0,0.0,59.52,0,1
20:13:45.847,533926,185.5,245.0,20.0,0.0,59.49,0,1
20:13:45.935,534026,185.52,245.0,31.0,0.0,59.47,0,1
20:13:46.036,534126,185.56,245.0,20.0,0.0,59.43,0,1
20:13:46.135,534226,185.59,245.0,23.0,0.0,59.4,0,1
20:13:46.236,534326,185.62,245.0,17.0,0.0,59.37,0,1
20:13:46.351,534426,185.65,245.0,28.0,0.0,59.34,0,1
20:13:46.437,534526,185.67,245.0,30.0,0.0,59.32,0,1
20:13:46.536,534626,185.7,245.0,24.0,0.0,59.29,0,1
20:13:46.636,534726,185.74,245.0,14.0,0.0,59.25,0,0
20:13:46.737,534826,185.78,245.0,13.0,0.0,59.21,0,0
20:13:46.836,534926,185.83,245.0,8.0,0.0,59.16,0,0
20:13:46.937,535026,185.83,245.0,47.0,0.0,59.16,0,1
20:13:47.035,535126,185.86,245.0,24.0,0.0,59.13,0,1
20:13:47.139,535226,185.9,245.0,10.0,0.0,59.09,0,0
20:13:47.238,535326,185.95,245.0,6.0,0.0,59.04,0,0
20:13:47.335,535426,186.02,245.0,0.0,0.0,58.97,0,0
20:13:47.440,535526,186.08,245.0,0.0,0.0,58.91,0,0
20:13:47.535,535626,186.08,245.0,0.0,0.0,58.91,0,0
20:13:47.639,535726,186.13,245.0,4.0,0.0,58.86,0,0
20:13:47.735,535826,186.18,245.0,8.0,0.0,58.81,0,0
20:13:47.837,535926,186.25,245.0,0.0,0.0,58.74,0,0
20:13:47.941,536026,186.31,245.0,1.0,0.0,58.68,0,0
20:13:48.045,536126,186.36,245.0,5.0,0.0,58.63,0,0
20:13:48.135,536226,186.42,245.0,1.0,0.0,58.57,0,0
20:13:48.243,536326,186.46,245.0,10.0,0.0,58.53,0,0
20:13:48.335,536426,186.52,245.0,0.0,0.0,58.47,0,0
20:13:48.437,536526,186.58,245.0,2.0,0.0,58.41,0,0
20:13:48.535,536626,186.58,245.0,2.0,0.0,58.41,0,0
20:13:48.642,536726,186.65,245.0,0.0,0.0,58.34,0,0
20:13:48.737,536826,186.7,245.0,0.0,0.0,58.29,0,0
20:13:48.834,536926,186.77,245.0,0.0,0.0,58.22,0,0
20:13:48.934,537026,186.84,245.0,0.0,0.0,58.15,0,0
20:13:49.035,537126,186.91,245.0,0.0,0.0,58.08,0,0
20:13:49.140,537226,186.98,245.0,0.0,0.0,58.01,0,0
20:13:49.239,537326,187.04,245.0,1.0,0.0,57.95,0,0
20:13:49.335,537426,187.09,245.0,1.0,0.0,57.9,0,0
20:13:49.434,537526,187.16,245.0,0.0,0.0,57.83,0,0
20:13:49.534,537626,187.22,245.0,0.0,0.0,57.77,0,0
20:13:49.634,537726,187.22,245.0,0.0,0.0,57.77,0,0
20:13:49.733,537826,187.22,245.0,46.0,0.0,57.77,0,1
20:13:49.835,537926,187.28,245.0,0.0,0.0,57.71,0,0
20:13:49.937,538026,187.35,245.0,0.0,0.0,57.64,0,0
20:13:50.035,538126,187.41,245.0,0.0,0.0,57.58,0,0
20:13:50.134,538226,187.47,245.0,0.0,0.0,57.52,0,0
20:13:50.235,538326,187.53,245.0,0.0,0.0,57.46,0,0
20:13:50.337,538426,187.59,245.0,0.0,0.0,57.4,0,0
20:13:50.435,538526,187.66,245.0,0.0,0.0,57.33,0,0
20:13:50.534,538626,187.72,245.0,0.0,0.0,57.27,0,0
20:13:50.633,538726,187.78,245.0,0.0,0.0,57.21,0,0
20:13:50.737,538826,187.78,245.0,0.0,0.0,57.21,0,0
20:13:50.836,538926,187.85,245.0,0.0,0.0,57.14,0,0
20:13:50.933,539026,187.93,245.0,0.0,0.0,57.06,0,0
20:13:51.034,539126,188.0,245.0,0.0,0.0,56.99,0,0
20:13:51.134,539226,188.0,245.0,0.0,0.0,56.99,0,0
20:13:51.237,539326,188.06,245.0,0.0,0.0,56.93,0,0
20:13:51.335,539426,188.12,245.0,0.0,0.0,56.87,0,0
20:13:51.436,539526,188.19,245.0,0.0,0.0,56.8,0,0
20:13:51.534,539626,188.25,245.0,0.0,0.0,56.74,0,0
20:13:51.634,539726,188.3,245.0,2.0,0.0,56.69,0,0
20:13:51.735,539826,188.34,245.0,10.0,0.0,56.65,0,0
20:13:51.835,539926,188.4,245.0,0.0,0.0,56.59,0,0
20:13:51.939,540026,188.45,245.0,6.0,0.0,56.54,0,0
20:13:52.058,540126,188.5,245.0,10.0,0.0,56.49,0,0
20:13:52.141,540226,188.54,245.0,9.0,0.0,56.45,0,0
20:13:52.237,540326,188.59,245.0,8.0,0.0,56.4,0,0
20:13:52.336,540426,188.62,245.0,16.0,0.0,56.37,0,1
20:13:52.439,540526,188.67,245.0,6.0,0.0,56.32,0,0
20:13:52.536,540626,188.7,245.0,18.0,0.0,56.29,0,1
20:13:52.634,540726,188.73,245.0,21.0,0.0,56.26,0,1
20:13:52.734,540826,188.76,245.0,19.0,0.0,56.23,0,1
20:13:52.834,540926,188.8,245.0,18.0,0.0,56.19,0,1
20:13:52.933,541026,188.84,245.0,8.0,0.0,56.15,0,0
20:13:53.036,541126,188.89,245.0,7.0,0.0,56.1,0,0
20:13:53.133,541226,188.94,245.0,7.0,0.0,56.05,0,0
20:13:53.235,541326,188.98,245.0,6.0,0.0,56.01,0,0
20:13:53.336,541426,189.03,245.0,10.0,0.0,55.96,0,0
20:13:53.434,541526,189.05,245.0,22.0,0.0,55.94,0,1
20:13:53.536,541626,189.1,245.0,11.0,0.0,55.89,0,0
20:13:53.634,541726,189.13,245.0,15.0,0.0,55.86,0,1
20:13:53.736,541826,189.13,245.0,15.0,0.0,55.86,0,1
20:13:53.857,541926,189.17,245.0,18.0,0.0,55.82,0,1
20:13:53.937,542026,189.18,245.0,33.0,0.0,55.81,0,1
20:13:54.041,542126,189.21,245.0,21.0,0.0,55.78,0,1
20:13:54.141,542226,189.24,245.0,19.0,0.0,55.75,0,1
20:13:54.236,542326,189.24,245.0,19.0,0.0,55.75,0,1
20:13:54.336,542426,189.24,245.0,44.0,0.0,55.75,0,1
20:13:54.436,542526,189.25,245.0,34.0,0.0,55.74,0,1
20:13:54.535,542626,189.27,245.0,31.0,0.0,55.72,0,1
20:13:54.644,542726,189.28,245.0,37.0,0.0,55.71,0,1
20:13:54.737,542826,189.3,245.0,29.0,0.0,55.69,0,1
20:13:54.839,542926,189.3,245.0,39.0,0.0,55.69,0,1
20:13:54.936,543026,189.32,245.0,31.0,0.0,55.67,0,1
20:13:55.032,543126,189.34,245.0,24.0,0.0,55.65,0,1
20:13:55.137,543226,189.36,245.0,30.0,0.0,55.63,0,1
20:13:55.233,543326,189.37,245.0,36.0,0.0,55.62,0,1
20:13:55.334,543426,189.38,245.0,36.0,0.0,55.61,0,1
20:13:55.453,543526,189.37,245.0,50.0,0.0,55.62,0,1
20:13:55.533,543626,189.39,245.0,32.0,0.0,55.6,0,1
20:13:55.633,543726,189.39,245.0,44.0,0.0,55.6,0,1
20:13:55.734,543826,189.39,245.0,42.0,0.0,55.6,0,1
20:13:55.834,543926,189.41,245.0,30.0,0.0,55.58,0,1
20:13:55.933,544026,189.43,245.0,27.0,0.0,55.56,0,1
20:13:56.042,544126,189.44,245.0,37.0,0.0,55.55,0,1
20:13:56.134,544226,189.44,245.0,42.0,0.0,55.55,0,1
20:13:56.235,544326,189.44,245.0,44.0,0.0,55.55,0,1
20:13:56.334,544426,189.44,245.0,46.0,0.0,55.55,0,1
20:13:56.433,544526,189.44,245.0,42.0,0.0,55.55,0,1
20:13:56.533,544626,189.46,245.0,34.0,0.0,55.53,0,1
20:13:56.637,544726,189.46,245.0,43.0,0.0,55.53,0,1
20:13:56.732,544826,189.46,245.0,43.0,0.0,55.53,0,1
20:13:56.833,544926,189.47,245.0,30.0,0.0,55.52,0,1
20:13:56.933,545026,189.47,245.0,49.0,0.0,55.52,0,1
20:13:57.034,545126,189.46,245.0,48.0,0.0,55.53,0,1
20:13:57.134,545226,189.47,245.0,39.0,0.0,55.52,0,1
20:13:57.235,545326,189.47,245.0,44.0,0.0,55.52,0,1
20:13:57.332,545426,189.47,245.0,44.0,0.0,55.52,0,1
20:13:57.438,545526,189.48,245.0,36.0,0.0,55.51,0,1
20:13:57.533,545626,189.48,245.0,45.0,0.0,55.51,0,1
20:13:57.638,545726,189.48,245.0,41.0,0.0,55.51,0,1
20:13:57.750,545826,189.48,245.0,45.0,0.0,55.51,0,1
20:13:57.833,545926,189.48,245.0,45.0,0.0,55.51,0,1
20:13:57.939,546026,189.49,245.0,32.0,0.0,55.5,0,1
20:13:58.036,546126,189.48,245.0,50.0,0.0,55.51,0,1
20:13:58.139,546226,189.49,245.0,41.0,0.0,55.5,0,1
20:13:58.238,546326,189.49,245.0,41.0,0.0,55.5,0,1
20:13:58.334,546426,189.5,245.0,37.0,0.0,55.49,0,1
20:13:58.432,546526,189.5,245.0,37.0,0.0,55.49,0,1
20:13:58.534,546626,189.5,245.0,44.0,0.0,55.49,0,1
20:13:58.634,546726,189.49,245.0,51.0,0.0,55.5,0,1
20:13:58.733,546826,189.49,245.0,42.0,0.0,55.5,0,1
20:13:58.834,546926,189.49,245.0,50.0,0.0,55.5,0,1
20:13:58.932,547026,189.48,245.0,45.0,0.0,55.51,0,1
20:13:59.034,547126,189.49,245.0,41.0,0.0,55.5,0,1
20:13:59.134,547226,189.49,245.0,41.0,0.0,55.5,0,1
20:13:59.232,547326,189.5,245.0,33.0,0.0,55.49,0,1
20:13:59.333,547426,189.52,245.0,30.0,0.0,55.47,0,1
20:13:59.432,547526,189.53,245.0,40.0,0.0,55.46,0,1
20:13:59.532,547626,189.54,245.0,32.0,0.0,55.45,0,1
20:13:59.636,547726,189.54,245.0,41.0,0.0,55.45,0,1
20:13:59.732,547826,189.56,245.0,33.0,0.0,55.43,0,1
20:13:59.831,547926,189.56,245.0,43.0,0.0,55.43,0,1
20:13:59.933,548026,189.56,245.0,43.0,0.0,55.43,0,1
20:14:00.065,548126,189.58,245.0,26.0,0.0,55.41,0,1
20:14:00.134,548226,189.59,245.0,40.0,0.0,55.4,0,1
20:14:00.236,548326,189.6,245.0,37.0,0.0,55.39,0,1
20:14:00.339,548426,189.61,245.0,29.0,0.0,55.38,0,1
20:14:00.432,548526,189.64,245.0,26.0,0.0,55.35,0,1
20:14:00.530,548626,189.64,245.0,26.0,0.0,55.35,0,1
20:14:00.639,548726,189.64,245.0,44.0,0.0,55.35,0,1
20:14:00.732,548826,189.65,245.0,32.0,0.0,55.34,0,1
20:14:00.834,548926,189.67,245.0,25.0,0.0,55.32,0,1
20:14:00.935,549026,189.69,245.0,35.0,0.0,55.3,0,1
20:14:01.031,549126,189.71,245.0,23.0,0.0,55.28,0,1
20:14:01.132,549226,189.73,245.0,30.0,0.0,55.26,0,1
20:14:01.231,549326,189.76,245.0,23.0,0.0,55.23,0,1
20:14:01.335,549426,189.78,245.0,20.0,0.0,55.21,0,1
20:14:01.430,549526,189.78,245.0,44.0,0.0,55.21,0,1
20:14:01.536,549626,189.8,245.0,31.0,0.0,55.19,0,1
20:14:01.632,549726,189.82,245.0,24.0,0.0,55.17,0,1
20:14:01.730,549826,189.85,245.0,22.0,0.0,55.14,0,1
20:14:01.834,549926,189.89,245.0,15.0,0.0,55.1,0,1
20:14:01.931,550026,189.91,245.0,22.0,0.0,55.08,0,1
20:14:02.034,550126,189.91,245.0,22.0,0.0,55.08,0,1
20:14:02.131,550226,189.95,245.0,16.0,0.0,55.04,0,1
20:14:02.231,550326,189.98,245.0,19.0,0.0,55.01,0,1
20:14:02.348,550426,190.01,245.0,17.0,0.0,54.98,0,1
20:14:02.430,550526,190.04,245.0,20.0,0.0,54.95,0,1
20:14:02.531,550626,190.04,245.0,43.0,0.0,54.95,0,1
20:14:02.632,550726,190.07,245.0,18.0,0.0,54.92,0,1
20:14:02.731,550826,190.12,245.0,7.0,0.0,54.87,0,0
20:14:02.831,550926,190.16,245.0,11.0,0.0,54.83,0,0
20:14:02.933,551026,190.21,245.0,1.0,0.0,54.78,0,0
20:14:03.033,551126,190.27,245.0,0.0,0.0,54.72,0,0
20:14:03.131,551226,190.32,245.0,2.0,0.0,54.67,0,0
20:14:03.232,551326,190.32,245.0,43.0,0.0,54.67,0,1
20:14:03.332,551426,190.37,245.0,1.0,0.0,54.62,0,0
20:14:03.431,551526,190.43,245.0,1.0,0.0,54.56,0,0
20:14:03.533,551626,190.47,245.0,5.0,0.0,54.52,0,0
20:14:03.631,551726,190.54,245.0,0.0,0.0,54.45,0,0
20:14:03.731,551826,190.54,245.0,0.0,0.0,54.45,0,0
20:14:03.833,551926,190.62,245.0,0.0,0.0,54.37,0,0
20:14:03.933,552026,190.68,245.0,0.0,0.0,54.31,0,0
20:14:04.055,552126,190.74,245.0,0.0,0.0,54.25,0,0
20:14:04.132,552226,190.79,245.0,0.0,0.0,54.2,0,0
20:14:04.231,552326,190.85,245.0,0.0,0.0,54.14,0,0
20:14:04.330,552426,190.85,245.0,0.0,0.0,54.14,0,0
20:14:04.431,552526,190.92,245.0,0.0,0.0,54.07,0,0
20:14:04.530,552626,190.98,245.0,0.0,0.0,54.01,0,0
20:14:04.634,552726,191.03,245.0,0.0,0.0,53.96,0,0
20:14:04.729,552826,191.03,245.0,0.0,0.0,53.96,0,0
20:14:04.832,552926,191.11,245.0,0.0,0.0,53.88,0,0
20:14:04.930,553026,191.16,245.0,0.0,0.0,53.83,0,0
20:14:05.034,553126,191.23,245.0,0.0,0.0,53.76,0,0
20:14:05.132,553226,191.29,245.0,0.0,0.0,53.7,0,0
20:14:05.230,553326,191.36,245.0,0.0,0.0,53.63,0,0
20:14:05.332,553426,191.36,245.0,0.0,0.0,53.63,0,0
20:14:05.432,553526,191.43,245.0,0.0,0.0,53.56,0,0
20:14:05.534,553626,191.49,245.0,0.0,0.0,53.5,0,0
20:14:05.633,553726,191.56,245.0,0.0,0.0,53.43,0,0
20:14:05.731,553826,191.64,245.0,0.0,0.0,53.35,0,0
20:14:05.832,553926,191.69,245.0,7.0,0.0,53.3,0,0
20:14:05.930,554026,191.75,245.0,0.0,0.0,53.24,0,0
20:14:06.034,554126,191.81,245.0,0.0,0.0,53.18,0,0
20:14:06.131,554226,191.87,245.0,0.0,0.0,53.12,0,0
20:14:06.231,554326,191.95,245.0,0.0,0.0,53.04,0,0
20:14:06.340,554426,191.95,245.0,42.0,0.0,53.04,0,1
20:14:06.439,554526,192.01,245.0,0.0,0.0,52.98,0,0
20:14:06.541,554626,192.01,245.0,0.0,0.0,52.98,0,0
20:14:06.631,554726,192.01,245.0,0.0,0.0,52.98,0,0
20:14:06.735,554826,192.07,245.0,0.0,0.0,52.92,0,0
20:14:06.832,554926,192.15,245.0,0.0,0.0,52.84,0,0
20:14:06.931,555026,192.21,245.0,0.0,0.0,52.78,0,0
20:14:07.029,555126,192.27,245.0,0.0,0.0,52.72,0,0
20:14:07.130,555226,192.34,245.0,0.0,0.0,52.65,0,0
20:14:07.231,555326,192.41,245.0,0.0,0.0,52.58,0,0
20:14:07.333,555426,192.47,245.0,0.0,0.0,52.52,0,0
20:14:07.460,555526,192.47,245.0,0.0,0.0,52.52,0,0
20:14:07.536,555626,192.53,245.0,0.0,0.0,52.46,0,0
20:14:07.632,555726,192.59,245.0,0.0,0.0,52.4,0,0
20:14:07.730,555826,192.66,245.0,0.0,0.0,52.33,0,0
20:14:07.834,555926,192.73,245.0,0.0,0.0,52.26,0,0
20:14:07.929,556026,192.79,245.0,0.0,0.0,52.2,0,0
20:14:08.033,556126,192.84,245.0,3.0,0.0,52.15,0,0
20:14:08.134,556226,192.89,245.0,6.0,0.0,52.1,0,0
20:14:08.231,556326,192.94,245.0,1.0,0.0,52.05,0,0
20:14:08.334,556426,192.98,245.0,5.0,0.0,52.01,0,0
20:14:08.430,556526,193.02,245.0,9.0,0.0,51.97,0,0
20:14:08.531,556626,193.02,245.0,9.0,0.0,51.97,0,0
20:14:08.632,556726,193.06,245.0,7.0,0.0,51.93,0,0
20:14:08.733,556826,193.1,245.0,11.0,0.0,51.89,0,0
20:14:08.831,556926,193.16,245.0,0.0,0.0,51.83,0,0
20:14:08.930,557026,193.2,245.0,9.0,0.0,51.79,0,0
20:14:09.035,557126,193.22,245.0,21.0,0.0,51.77,0,1
20:14:09.162,557226,193.25,245.0,14.0,0.0,51.74,0,0
20:14:09.237,557326,193.29,245.0,13.0,0.0,51.7,0,0
20:14:09.328,557426,193.33,245.0,11.0,0.0,51.66,0,0
20:14:09.431,557526,193.35,245.0,18.0,0.0,51.64,0,1
20:14:09.535,557626,193.37,245.0,25.0,0.0,51.62,0,1
20:14:09.631,557726,193.39,245.0,27.0,0.0,51.6,0,1
20:14:09.732,557826,193.41,245.0,24.0,0.0,51.58,0,1
20:14:09.835,557926,193.43,245.0,25.0,0.0,51.56,0,1
20:14:09.930,558026,193.43,245.0,25.0,0.0,51.56,0,1
20:14:10.031,558126,193.46,245.0,22.0,0.0,51.53,0,1
20:14:10.131,558226,193.48,245.0,24.0,0.0,51.51,0,1
20:14:10.228,558326,193.49,245.0,26.0,0.0,51.5,0,1
20:14:10.333,558426,193.51,245.0,27.0,0.0,51.48,0,1
20:14:10.430,558526,193.53,245.0,24.0,0.0,51.46,0,1
20:14:10.529,558626,193.54,245.0,30.0,0.0,51.45,0,1
20:14:10.628,558726,193.58,245.0,14.0,0.0,51.41,0,0
20:14:10.730,558826,193.61,245.0,16.0,0.0,51.38,0,1
20:14:10.851,558926,193.61,245.0,36.0,0.0,51.38,0,1
20:14:10.928,559026,193.61,245.0,36.0,0.0,51.38,0,1
20:14:11.029,559126,193.61,245.0,41.0,0.0,51.38,0,1
20:14:11.131,559226,193.61,245.0,41.0,0.0,51.38,0,1
20:14:11.231,559326,193.61,245.0,41.0,0.0,51.38,0,1
20:14:11.329,559426,193.61,245.0,41.0,0.0,51.38,0,1
20:14:11.455,559526,193.62,245.0,32.0,0.0,51.37,0,1
20:14:11.529,559626,193.62,245.0,46.0,0.0,51.37,0,1
20:14:11.647,559726,193.61,245.0,41.0,0.0,51.38,0,1
20:14:11.729,559826,193.61,245.0,46.0,0.0,51.38,0,1
20:14:11.832,559926,193.61,245.0,41.0,0.0,51.38,0,1
20:14:11.929,560026,193.61,245.0,41.0,0.0,51.38,0,1
20:14:12.030,560126,193.61,245.0,41.0,0.0,51.38,0,1
20:14:12.129,560226,193.6,245.0,45.0,0.0,51.39,0,1
20:14:12.229,560326,193.58,245.0,58.0,0.0,51.41,0,1
20:14:12.329,560426,193.59,245.0,34.0,0.0,51.4,0,1
20:14:12.428,560526,193.58,245.0,44.0,0.0,51.41,0,1
20:14:12.535,560626,193.58,245.0,43.0,0.0,51.41,0,1
20:14:12.634,560726,193.58,245.0,39.0,0.0,51.41,0,1
20:14:12.728,560826,193.58,245.0,48.0,0.0,51.41,0,1
20:14:12.829,560926,193.57,245.0,43.0,0.0,51.42,0,1
20:14:12.937,561026,193.57,245.0,42.0,0.0,51.42,0,1
20:14:13.030,561126,193.57,245.0,38.0,0.0,51.42,0,1
20:14:13.149,561226,193.57,245.0,38.0,0.0,51.42,0,1
20:14:13.234,561326,193.57,245.0,41.0,0.0,51.42,0,1
20:14:13.328,561426,193.56,245.0,51.0,0.0,51.43,0,1
20:14:13.432,561526,193.55,245.0,50.0,0.0,51.44,0,1
20:14:13.534,561626,193.53,245.0,58.0,0.0,51.46,0,1
20:14:13.628,561726,193.52,245.0,43.0,0.0,51.47,0,1
20:14:13.732,561826,193.52,245.0,47.0,0.0,51.47,0,1
20:14:13.828,561926,193.51,245.0,42.0,0.0,51.48,0,1
20:14:13.932,562026,193.51,245.0,42.0,0.0,51.48,0,1
20:14:14.029,562126,193.51,245.0,46.0,0.0,51.48,0,1
20:14:14.131,562226,193.49,245.0,55.0,0.0,51.5,0,1
20:14:14.228,562326,193.47,245.0,53.0,0.0,51.52,0,1
20:14:14.330,562426,193.47,245.0,43.0,0.0,51.52,0,1
20:14:14.438,562526,193.45,245.0,56.0,0.0,51.54,0,1
20:14:14.529,562626,193.43,245.0,55.0,0.0,51.56,0,1
20:14:14.628,562726,193.43,245.0,55.0,0.0,51.56,0,1
20:14:14.728,562826,193.43,245.0,40.0,0.0,51.56,0,1
20:14:14.828,562926,193.41,245.0,58.0,0.0,51.58,0,1
20:14:14.932,563026,193.39,245.0,56.0,0.0,51.6,0,1
20:14:15.031,563126,193.39,245.0,46.0,0.0,51.6,0,1
20:14:15.128,563226,193.39,245.0,46.0,0.0,51.6,0,1
20:14:15.232,563326,193.38,245.0,45.0,0.0,51.61,0,1
20:14:15.328,563426,193.37,245.0,54.0,0.0,51.62,0,1
20:14:15.486,563526,193.36,245.0,44.0,0.0,51.63,0,1
20:14:15.533,563626,193.36,245.0,39.0,0.0,51.63,0,1
20:14:15.631,563726,193.37,245.0,39.0,0.0,51.62,0,1
20:14:15.742,563826,193.37,245.0,39.0,0.0,51.62,0,1
20:14:15.835,563926,193.37,245.0,39.0,0.0,51.62,0,1
20:14:15.937,564026,193.35,245.0,53.0,0.0,51.64,0,1
20:14:16.040,564126,193.36,245.0,34.0,0.0,51.63,0,1
20:14:16.128,564226,193.37,245.0,35.0,0.0,51.62,0,1
20:14:16.228,564326,193.36,245.0,48.0,0.0,51.63,0,1
20:14:16.328,564426,193.35,245.0,48.0,0.0,51.64,0,1
20:14:16.433,564526,193.33,245.0,56.0,0.0,51.66,0,1
20:14:16.536,564626,193.35,245.0,32.0,0.0,51.64,0,1
20:14:16.627,564726,193.35,245.0,41.0,0.0,51.64,0,1
20:14:16.728,564826,193.34,245.0,42.0,0.0,51.65,0,1
20:14:16.828,564926,193.34,245.0,42.0,0.0,51.65,0,1
20:14:16.929,565026,193.35,245.0,33.0,0.0,51.64,0,1
20:14:17.029,565126,193.36,245.0,34.0,0.0,51.63,0,1
20:14:17.127,565226,193.38,245.0,26.0,0.0,51.61,0,1
20:14:17.227,565326,193.4,245.0,27.0,0.0,51.59,0,1
20:14:17.332,565426,193.4,245.0,27.0,0.0,51.59,0,1
20:14:17.430,565526,193.4,245.0,41.0,0.0,51.59,0,1
20:14:17.528,565626,193.41,245.0,29.0,0.0,51.58,0,1
20:14:17.627,565726,193.44,245.0,21.0,0.0,51.55,0,1
20:14:17.758,565826,193.44,245.0,21.0,0.0,51.55,0,1
20:14:17.828,565926,193.46,245.0,27.0,0.0,51.53,0,1
20:14:17.927,566026,193.47,245.0,29.0,0.0,51.52,0,1
20:14:18.028,566126,193.49,245.0,25.0,0.0,51.5,0,1
20:14:18.129,566226,193.52,245.0,18.0,0.0,51.47,0,1
20:14:18.227,566326,193.55,245.0,16.0,0.0,51.44,0,1
20:14:18.328,566426,193.57,245.0,27.0,0.0,51.42,0,1
20:14:18.430,566526,193.58,245.0,29.0,0.0,51.41,0,1
20:14:18.527,566626,193.58,245.0,43.0,0.0,51.41,0,1
20:14:18.631,566726,193.6,245.0,21.0,0.0,51.39,0,1
20:14:18.729,566826,193.65,245.0,5.0,0.0,51.34,0,0
20:14:18.835,566926,193.68,245.0,13.0,0.0,51.31,0,0
20:14:18.931,567026,193.73,245.0,2.0,0.0,51.26,0,0
20:14:19.037,567126,193.77,245.0,6.0,0.0,51.22,0,0
20:14:19.127,567226,193.81,245.0,10.0,0.0,51.18,0,0
20:14:19.228,567326,193.85,245.0,13.0,0.0,51.14,0,0
20:14:19.329,567426,193.89,245.0,2.0,0.0,51.1,0,0
20:14:19.431,567526,193.93,245.0,15.0,0.0,51.06,0,1
20:14:19.526,567626,193.94,245.0,26.0,0.0,51.05,0,1
20:14:19.631,567726,193.96,245.0,28.0,0.0,51.03,0,1
20:14:19.731,567826,193.98,245.0,24.0,0.0,51.01,0,1
20:14:19.834,567926,193.98,245.0,24.0,0.0,51.01,0,1
20:14:19.930,568026,194.01,245.0,13.0,0.0,50.98,0,0
20:14:20.043,568126,194.05,245.0,11.0,0.0,50.94,0,0
20:14:20.126,568226,194.05,245.0,40.0,0.0,50.94,0,1
20:14:20.234,568326,194.05,245.0,40.0,0.0,50.94,0,1
20:14:20.327,568426,194.12,245.0,0.0,0.0,50.87,0,0
20:14:20.428,568526,194.18,245.0,0.0,0.0,50.81,0,0
20:14:20.527,568626,194.18,245.0,0.0,0.0,50.81,0,0
20:14:20.628,568726,194.24,245.0,0.0,0.0,50.75,0,0
20:14:20.730,568826,194.3,245.0,0.0,0.0,50.69,0,0
20:14:20.827,568926,194.36,245.0,0.0,0.0,50.63,0,0
20:14:20.927,569026,194.43,245.0,0.0,0.0,50.56,0,0
20:14:21.027,569126,194.49,245.0,0.0,0.0,50.5,0,0
20:14:21.127,569226,194.49,245.0,0.0,0.0,50.5,0,0
20:14:21.226,569326,194.55,245.0,0.0,0.0,50.44,0,0
20:14:21.333,569426,194.6,245.0,0.0,0.0,50.39,0,0
20:14:21.426,569526,194.67,245.0,0.0,0.0,50.32,0,0
20:14:21.526,569626,194.67,245.0,40.0,0.0,50.32,0,1
20:14:21.625,569726,194.72,245.0,0.0,0.0,50.27,0,0
20:14:21.755,569826,194.77,245.0,0.0,0.0,50.22,0,0
20:14:21.828,569926,194.84,245.0,0.0,0.0,50.15,0,0
20:14:21.928,570026,194.9,245.0,0.0,0.0,50.09,0,0
20:14:22.028,570126,194.94,245.0,5.0,0.0,50.05,0,0
20:14:22.131,570226,194.94,245.0,40.0,0.0,50.05,0,1
20:14:22.229,570326,195.0,245.0,0.0,0.0,49.99,0,0
20:14:22.326,570426,195.06,245.0,0.0,0.0,49.93,0,0
20:14:22.426,570526,195.14,245.0,0.0,0.0,49.85,0,0
20:14:22.529,570626,195.21,245.0,0.0,0.0,49.78,0,0
20:14:22.627,570726,195.26,245.0,0.0,0.0,49.73,0,0
20:14:22.729,570826,195.32,245.0,0.0,0.0,49.67,0,0
20:14:22.825,570926,195.37,245.0,0.0,0.0,49.62,0,0
20:14:22.932,571026,195.43,245.0,0.0,0.0,49.56,0,0
20:14:23.026,571126,195.48,245.0,0.0,0.0,49.51,0,0
20:14:23.126,571226,195.55,245.0,0.0,0.0,49.44,0,0
20:14:23.227,571326,195.55,245.0,0.0,0.0,49.44,0,0
20:14:23.327,571426,195.62,245.0,0.0,0.0,49.37,0,0
20:14:23.439,571526,195.66,245.0,4.0,0.0,49.33,0,0
20:14:23.526,571626,195.72,245.0,0.0,0.0,49.27,0,0
20:14:23.627,571726,195.78,245.0,0.0,0.0,49.21,0,0
20:14:23.730,571826,195.78,245.0,0.0,0.0,49.21,0,0
20:14:23.834,571926,195.83,245.0,3.0,0.0,49.16,0,0
20:14:23.930,572026,195.87,245.0,6.0,0.0,49.12,0,0
20:14:24.025,572126,195.9,245.0,10.0,0.0,49.09,0,0
20:14:24.127,572226,195.95,245.0,0.0,0.0,49.04,0,0
20:14:24.226,572326,195.99,245.0,7.0,0.0,49.0,0,0
20:14:24.328,572426,195.99,245.0,7.0,0.0,49.0,0,0
20:14:24.425,572526,196.05,245.0,0.0,0.0,48.94,0,0
20:14:24.526,572626,196.1,245.0,0.0,0.0,48.89,0,0
20:14:24.626,572726,196.16,245.0,0.0,0.0,48.83,0,0
20:14:24.726,572826,196.22,245.0,0.0,0.0,48.77,0,0
20:14:24.827,572926,196.27,245.0,1.0,0.0,48.72,0,0
20:14:24.932,573026,196.29,245.0,19.0,0.0,48.7,0,1
20:14:25.032,573126,196.32,245.0,21.0,0.0,48.67,0,1
20:14:25.145,573226,196.32,245.0,21.0,0.0,48.67,0,1
20:14:25.231,573326,196.35,245.0,13.0,0.0,48.64,0,0
20:14:25.325,573426,196.39,245.0,7.0,0.0,48.6,0,0
20:14:25.425,573526,196.41,245.0,19.0,0.0,48.58,0,1
20:14:25.528,573626,196.44,245.0,12.0,0.0,48.55,0,0
20:14:25.625,573726,196.47,245.0,14.0,0.0,48.52,0,0
20:14:25.730,573826,196.52,245.0,3.0,0.0,48.47,0,0
20:14:25.828,573926,196.52,245.0,3.0,0.0,48.47,0,0
20:14:25.924,574026,196.55,245.0,11.0,0.0,48.44,0,0
20:14:26.028,574126,196.58,245.0,14.0,0.0,48.41,0,0
20:14:26.126,574226,196.62,245.0,12.0,0.0,48.37,0,0
20:14:26.229,574326,196.64,245.0,19.0,0.0,48.35,0,1
20:14:26.325,574426,196.64,245.0,19.0,0.0,48.35,0,1
20:14:26.428,574526,196.66,245.0,21.0,0.0,48.33,0,1
20:14:26.527,574626,196.69,245.0,18.0,0.0,48.3,0,1
20:14:26.628,574726,196.72,245.0,15.0,0.0,48.27,0,1
20:14:26.724,574826,196.73,245.0,27.0,0.0,48.26,0,1
20:14:26.827,574926,196.76,245.0,14.0,0.0,48.23,0,0
20:14:26.926,575026,196.79,245.0,12.0,0.0,48.2,0,0
20:14:27.025,575126,196.81,245.0,28.0,0.0,48.18,0,1
20:14:27.127,575226,196.84,245.0,11.0,0.0,48.15,0,0
20:14:27.224,575326,196.86,245.0,18.0,0.0,48.13,0,1
20:14:27.325,575426,196.88,245.0,29.0,0.0,48.11,0,1
20:14:27.432,575526,196.89,245.0,26.0,0.0,48.1,0,1
20:14:27.526,575626,196.9,245.0,31.0,0.0,48.09,0,1
20:14:27.625,575726,196.9,245.0,37.0,0.0,48.09,0,1
20:14:27.726,575826,196.9,245.0,37.0,0.0,48.09,0,1
20:14:27.827,575926,196.9,245.0,37.0,0.0,48.09,0,1
20:14:27.928,576026,196.89,245.0,46.0,0.0,48.1,0,1
20:14:28.025,576126,196.9,245.0,31.0,0.0,48.09,0,1
20:14:28.131,576226,196.92,245.0,23.0,0.0,48.07,0,1
20:14:28.224,576326,196.93,245.0,29.0,0.0,48.06,0,1
20:14:28.326,576426,196.93,245.0,29.0,0.0,48.06,0,1
20:14:28.430,576526,196.94,245.0,30.0,0.0,48.05,0,1
20:14:28.552,576626,196.94,245.0,35.0,0.0,48.05,0,1
20:14:28.625,576726,196.95,245.0,36.0,0.0,48.04,0,1
20:14:28.724,576826,196.95,245.0,38.0,0.0,48.04,0,1
20:14:28.825,576926,196.95,245.0,36.0,0.0,48.04,0,1
20:14:28.925,577026,196.96,245.0,27.0,0.0,48.03,0,1
20:14:29.028,577126,196.96,245.0,37.0,0.0,48.03,0,1
20:14:29.126,577226,196.96,245.0,37.0,0.0,48.03,0,1
20:14:29.224,577326,196.97,245.0,37.0,0.0,48.02,0,1
20:14:29.324,577426,196.95,245.0,46.0,0.0,48.04,0,1
20:14:29.424,577526,196.97,245.0,27.0,0.0,48.02,0,1
20:14:29.526,577626,196.95,245.0,56.0,0.0,48.04,0,1
20:14:29.625,577726,196.94,245.0,40.0,0.0,48.05,0,1
20:14:29.727,577826,196.93,245.0,49.0,0.0,48.06,0,1
20:14:29.825,577926,196.93,245.0,49.0,0.0,48.06,0,1
20:14:29.925,578026,196.92,245.0,48.0,0.0,48.07,0,1
20:14:30.029,578126,196.89,245.0,56.0,0.0,48.1,0,1
20:14:30.125,578226,196.89,245.0,41.0,0.0,48.1,0,1
20:14:30.250,578326,196.89,245.0,36.0,0.0,48.1,0,1
20:14:30.329,578426,196.88,245.0,50.0,0.0,48.11,0,1
20:14:30.427,578526,196.87,245.0,44.0,0.0,48.12,0,1
20:14:30.523,578626,196.85,245.0,53.0,0.0,48.14,0,1
20:14:30.624,578726,196.84,245.0,47.0,0.0,48.15,0,1
20:14:30.724,578826,196.84,245.0,41.0,0.0,48.15,0,1
20:14:30.824,578926,196.84,245.0,38.0,0.0,48.15,0,1
20:14:30.924,579026,196.83,245.0,41.0,0.0,48.16,0,1
20:14:31.024,579126,196.83,245.0,41.0,0.0,48.16,0,1
20:14:31.126,579226,196.83,245.0,36.0,0.0,48.16,0,1
20:14:31.225,579326,196.84,245.0,31.0,0.0,48.15,0,1
20:14:31.326,579426,196.83,245.0,50.0,0.0,48.16,0,1
20:14:31.429,579526,196.83,245.0,50.0,0.0,48.16,0,1
20:14:31.527,579626,196.83,245.0,35.0,0.0,48.16,0,1
20:14:31.630,579726,196.82,245.0,49.0,0.0,48.17,0,1
20:14:31.724,579826,196.8,245.0,53.0,0.0,48.19,0,1
20:14:31.827,579926,196.8,245.0,38.0,0.0,48.19,0,1
20:14:31.949,580026,196.78,245.0,51.0,0.0,48.21,0,1
20:14:32.124,580226,196.78,245.0,41.0,0.0,48.21,0,1
20:14:32.223,580326,196.78,245.0,36.0,0.0,48.21,0,1
20:14:32.327,580426,196.76,245.0,50.0,0.0,48.23,0,1
20:14:32.424,580526,196.76,245.0,50.0,0.0,48.23,0,1
20:14:32.527,580626,196.76,245.0,40.0,0.0,48.23,0,1
20:14:32.624,580726,196.75,245.0,44.0,0.0,48.24,0,1
20:14:32.725,580826,196.76,245.0,34.0,0.0,48.23,0,1
20:14:32.825,580926,196.75,245.0,44.0,0.0,48.24,0,1
20:14:32.924,581026,196.75,245.0,43.0,0.0,48.24,0,1
20:14:33.023,581126,196.75,245.0,43.0,0.0,48.24,0,1
20:14:33.124,581226,196.76,245.0,29.0,0.0,48.23,0,1
20:14:33.223,581326,196.77,245.0,30.0,0.0,48.22,0,1
20:14:33.325,581426,196.77,245.0,35.0,0.0,48.22,0,1
20:14:33.425,581526,196.79,245.0,26.0,0.0,48.2,0,1
20:14:33.526,581626,196.79,245.0,38.0,0.0,48.2,0,1
20:14:33.646,581726,196.79,245.0,32.0,0.0,48.2,0,1
20:14:33.723,581826,196.8,245.0,33.0,0.0,48.19,0,1
20:14:33.823,581926,196.82,245.0,20.0,0.0,48.17,0,1
20:14:33.922,582026,196.83,245.0,31.0,0.0,48.16,0,1
20:14:34.023,582126,196.83,245.0,38.0,0.0,48.16,0,1
20:14:34.123,582226,196.83,245.0,40.0,0.0,48.16,0,1
20:14:34.230,582326,196.84,245.0,31.0,0.0,48.15,0,1
20:14:34.324,582426,196.86,245.0,23.0,0.0,48.13,0,1
20:14:34.423,582526,196.86,245.0,33.0,0.0,48.13,0,1
20:14:34.526,582626,196.86,245.0,33.0,0.0,48.13,0,1
20:14:34.632,582726,196.89,245.0,15.0,0.0,48.1,0,1
20:14:34.723,582826,196.91,245.0,22.0,0.0,48.08,0,1
20:14:34.827,582926,196.93,245.0,19.0,0.0,48.06,0,1
20:14:34.924,583026,196.96,245.0,21.0,0.0,48.03,0,1
20:14:35.025,583126,196.98,245.0,18.0,0.0,48.01,0,1
20:14:35.124,583226,196.98,245.0,18.0,0.0,48.01,0,1
20:14:35.223,583326,197.02,245.0,2.0,0.0,47.97,0,0
20:14:35.353,583426,197.06,245.0,10.0,0.0,47.93,0,0
20:14:35.424,583526,197.1,245.0,3.0,0.0,47.89,0,0
20:14:35.528,583626,197.14,245.0,11.0,0.0,47.85,0,0
20:14:35.631,583726,197.17,245.0,9.0,0.0,47.82,0,0
20:14:35.724,583826,197.17,245.0,38.0,0.0,47.82,0,1
20:14:35.828,583926,197.21,245.0,3.0,0.0,47.78,0,0
20:14:35.937,584026,197.25,245.0,6.0,0.0,47.74,0,0
20:14:36.023,584126,197.29,245.0,5.0,0.0,47.7,0,0
20:14:36.124,584226,197.33,245.0,13.0,0.0,47.66,0,0
20:14:36.223,584326,197.37,245.0,6.0,0.0,47.62,0,0
20:14:36.328,584426,197.41,245.0,5.0,0.0,47.58,0,0
20:14:36.423,584526,197.44,245.0,8.0,0.0,47.55,0,0
20:14:36.529,584626,197.5,245.0,0.0,0.0,47.49,0,0
20:14:36.623,584726,197.55,245.0,0.0,0.0,47.44,0,0
20:14:36.727,584826,197.6,245.0,0.0,0.0,47.39,0,0
20:14:36.822,584926,197.6,245.0,37.0,0.0,47.39,0,1
20:14:36.923,585026,197.64,245.0,5.0,0.0,47.35,0,0
20:14:37.023,585126,197.69,245.0,0.0,0.0,47.3,0,0
20:14:37.123,585226,197.75,245.0,0.0,0.0,47.24,0,0
20:14:37.223,585326,197.75,245.0,37.0,0.0,47.24,0,1
20:14:37.322,585426,197.8,245.0,0.0,0.0,47.19,0,0
20:14:37.422,585526,197.8,245.0,0.0,0.0,47.19,0,0
20:14:37.525,585626,197.87,245.0,0.0,0.0,47.12,0,0
20:14:37.627,585726,197.92,245.0,0.0,0.0,47.07,0,0
20:14:37.722,585826,197.97,245.0,0.0,0.0,47.02,0,0
20:14:37.821,585926,197.97,245.0,37.0,0.0,47.02,0,1
20:14:37.923,586026,198.03,245.0,0.0,0.0,46.96,0,0
20:14:38.027,586126,198.03,245.0,0.0,0.0,46.96,0,0
20:14:38.123,586226,198.03,245.0,0.0,0.0,46.96,0,0
20:14:38.227,586326,198.09,245.0,0.0,0.0,46.9,0,0
20:14:38.324,586426,198.15,245.0,0.0,0.0,46.84,0,0
20:14:38.422,586526,198.15,245.0,0.0,0.0,46.84,0,0
20:14:38.522,586626,198.21,245.0,0.0,0.0,46.78,0,0
20:14:38.625,586726,198.27,245.0,0.0,0.0,46.72,0,0
20:14:38.742,586826,198.35,245.0,0.0,0.0,46.64,0,0
20:14:38.822,586926,198.41,245.0,0.0,0.0,46.58,0,0
20:14:38.923,587026,198.47,245.0,0.0,0.0,46.52,0,0
20:14:39.022,587126,198.47,245.0,0.0,0.0,46.52,0,0
20:14:39.123,587226,198.54,245.0,0.0,0.0,46.45,0,0
20:14:39.223,587326,198.61,245.0,0.0,0.0,46.38,0,0
20:14:39.328,587426,198.68,245.0,0.0,0.0,46.31,0,0
20:14:39.422,587526,198.68,245.0,0.0,0.0,46.31,0,0
20:14:39.522,587626,198.74,245.0,0.0,0.0,46.25,0,0
20:14:39.629,587726,198.8,245.0,0.0,0.0,46.19,0,0
20:14:39.723,587826,198.87,245.0,0.0,0.0,46.12,0,0
20:14:39.821,587926,198.93,245.0,0.0,0.0,46.06,0,0
20:14:39.921,588026,198.93,245.0,36.0,0.0,46.06,0,1
20:14:40.026,588126,198.99,245.0,0.0,0.0,46.0,0,0
20:14:40.125,588226,199.04,245.0,0.0,0.0,45.95,0,0
20:14:40.222,588326,199.1,245.0,0.0,0.0,45.89,0,0
20:14:40.324,588426,199.16,245.0,0.0,0.0,45.83,0,0
20:14:40.442,588526,199.16,245.0,0.0,0.0,45.83,0,0
20:14:40.522,588626,199.22,245.0,0.0,0.0,45.77,0,0
20:14:40.623,588726,199.26,245.0,2.0,0.0,45.73,0,0
20:14:40.728,588826,199.32,245.0,0.0,0.0,45.67,0,0
20:14:40.824,588926,199.37,245.0,0.0,0.0,45.62,0,0
20:14:40.930,589026,199.42,245.0,0.0,0.0,45.57,0,0
20:14:41.033,589126,199.42,245.0,0.0,0.0,45.57,0,0
20:14:41.127,589226,199.49,245.0,0.0,0.0,45.5,0,0
20:14:41.227,589326,199.52,245.0,9.0,0.0,45.47,0,0
20:14:41.321,589426,199.56,245.0,7.0,0.0,45.43,0,0
20:14:41.422,589526,199.56,245.0,7.0,0.0,45.43,0,0
20:14:41.525,589626,199.6,245.0,0.0,0.0,45.39,0,0
20:14:41.628,589726,199.64,245.0,4.0,0.0,45.35,0,0
20:14:41.723,589826,199.69,245.0,0.0,0.0,45.3,0,0
20:14:41.824,589926,199.73,245.0,1.0,0.0,45.26,0,0
20:14:41.924,590026,199.77,245.0,9.0,0.0,45.22,0,0
20:14:42.021,590126,199.77,245.0,36.0,0.0,45.22,0,1
20:14:42.124,590226,199.78,245.0,21.0,0.0,45.21,0,1
20:14:42.228,590326,199.81,245.0,13.0,0.0,45.18,0,0
20:14:42.321,590426,199.83,245.0,20.0,0.0,45.16,0,1
20:14:42.423,590526,199.83,245.0,36.0,0.0,45.16,0,1
20:14:42.523,590626,199.86,245.0,12.0,0.0,45.13,0,0
20:14:42.623,590726,199.88,245.0,19.0,0.0,45.11,0,1
20:14:42.729,590826,199.9,245.0,16.0,0.0,45.09,0,1
20:14:42.824,590926,199.93,245.0,13.0,0.0,45.06,0,0
20:14:42.921,591026,199.95,245.0,20.0,0.0,45.04,0,1
20:14:43.026,591126,199.97,245.0,22.0,0.0,45.02,0,1
20:14:43.124,591226,199.98,245.0,28.0,0.0,45.01,0,1
20:14:43.220,591326,199.99,245.0,29.0,0.0,45.0,0,1
20:14:43.326,591426,200.01,245.0,20.0,0.0,44.98,0,1
20:14:43.422,591526,200.03,245.0,17.0,0.0,44.96,0,1
20:14:43.525,591626,200.03,245.0,17.0,0.0,44.96,0,1
20:14:43.621,591726,200.04,245.0,28.0,0.0,44.95,0,1
20:14:43.722,591826,200.05,245.0,29.0,0.0,44.94,0,1
20:14:43.826,591926,200.05,245.0,34.0,0.0,44.94,0,1
20:14:43.922,592026,200.06,245.0,25.0,0.0,44.93,0,1
20:14:44.027,592126,200.06,245.0,25.0,0.0,44.93,0,1
20:14:44.121,592226,200.05,245.0,45.0,0.0,44.94,0,1
20:14:44.227,592326,200.06,245.0,25.0,0.0,44.93,0,1
20:14:44.324,592426,200.06,245.0,35.0,0.0,44.93,0,1
20:14:44.432,592526,200.08,245.0,26.0,0.0,44.91,0,1
20:14:44.520,592626,200.08,245.0,26.0,0.0,44.91,0,1
20:14:44.622,592726,200.09,245.0,27.0,0.0,44.9,0,1
20:14:44.724,592826,200.1,245.0,28.0,0.0,44.89,0,1
20:14:44.825,592926,200.1,245.0,33.0,0.0,44.89,0,1
20:14:44.923,593026,200.1,245.0,33.0,0.0,44.89,0,1
20:14:45.029,593126,200.1,245.0,33.0,0.0,44.89,0,1
20:14:45.124,593226,200.1,245.0,38.0,0.0,44.89,0,1
20:14:45.221,593326,200.09,245.0,43.0,0.0,44.9,0,1
20:14:45.320,593426,200.07,245.0,52.0,0.0,44.92,0,1
20:14:45.429,593526,200.06,245.0,41.0,0.0,44.93,0,1
20:14:45.522,593626,200.06,245.0,35.0,0.0,44.93,0,1
20:14:45.620,593726,200.04,245.0,54.0,0.0,44.95,0,1
20:14:45.721,593826,200.03,245.0,38.0,0.0,44.96,0,1
20:14:45.821,593926,200.03,245.0,38.0,0.0,44.96,0,1
20:14:45.924,594026,200.02,245.0,42.0,0.0,44.97,0,1
20:14:46.020,594126,200.02,245.0,35.0,0.0,44.97,0,1
20:14:46.134,594226,200.0,245.0,51.0,0.0,44.99,0,1
20:14:46.221,594326,199.99,245.0,45.0,0.0,45.0,0,1
20:14:46.321,594426,199.99,245.0,39.0,0.0,45.0,0,1
20:14:46.421,594526,199.98,245.0,44.0,0.0,45.01,0,1
20:14:46.520,594626,199.96,245.0,48.0,0.0,45.03,0,1
20:14:46.624,594726,199.96,245.0,36.0,0.0,45.03,0,1
20:14:46.720,594826,199.95,245.0,46.0,0.0,45.04,0,1
20:14:46.823,594926,199.92,245.0,55.0,0.0,45.07,0,1
20:14:46.921,595026,199.9,245.0,58.0,0.0,45.09,0,1
20:14:47.026,595126,199.89,245.0,41.0,0.0,45.1,0,1
20:14:47.120,595226,199.89,245.0,36.0,0.0,45.1,0,1
20:14:47.222,595326,199.88,245.0,45.0,0.0,45.11,0,1
20:14:47.322,595426,199.86,245.0,49.0,0.0,45.13,0,1
20:14:47.420,595526,199.86,245.0,38.0,0.0,45.13,0,1
20:14:47.520,595626,199.84,245.0,48.0,0.0,45.15,0,1
20:14:47.620,595726,199.84,245.0,36.0,0.0,45.15,0,1
20:14:47.720,595826,199.82,245.0,56.0,0.0,45.17,0,1
20:14:47.825,595926,199.82,245.0,30.0,0.0,45.17,0,1
20:14:47.921,596026,199.82,245.0,40.0,0.0,45.17,0,1
20:14:48.022,596126,199.8,245.0,49.0,0.0,45.19,0,1
20:14:48.123,596226,199.78,245.0,48.0,0.0,45.21,0,1
20:14:48.223,596326,199.77,245.0,47.0,0.0,45.22,0,1
20:14:48.325,596426,199.76,245.0,41.0,0.0,45.23,0,1
20:14:48.426,596526,199.75,245.0,45.0,0.0,45.24,0,1
20:14:48.525,596626,199.75,245.0,39.0,0.0,45.24,0,1
20:14:48.620,596726,199.74,245.0,44.0,0.0,45.25,0,1
20:14:48.721,596826,199.73,245.0,43.0,0.0,45.26,0,1
20:14:48.825,596926,199.73,245.0,43.0,0.0,45.26,0,1
20:14:48.938,597026,199.74,245.0,23.0,0.0,45.25,0,1
20:14:49.019,597126,199.76,245.0,25.0,0.0,45.23,0,1
20:14:49.120,597226,199.77,245.0,30.0,0.0,45.22,0,1
20:14:49.221,597326,199.78,245.0,21.0,0.0,45.21,0,1
20:14:49.318,597426,199.78,245.0,37.0,0.0,45.21,0,1
20:14:49.419,597526,199.77,245.0,42.0,0.0,45.22,0,1
20:14:49.519,597626,199.77,245.0,41.0,0.0,45.22,0,1
20:14:49.620,597726,199.79,245.0,22.0,0.0,45.2,0,1
20:14:49.721,597826,199.79,245.0,32.0,0.0,45.2,0,1
20:14:49.819,597926,199.79,245.0,32.0,0.0,45.2,0,1
20:14:49.924,598026,199.81,245.0,19.0,0.0,45.18,0,1
20:14:50.027,598126,199.8,245.0,44.0,0.0,45.19,0,1
20:14:50.127,598226,199.81,245.0,24.0,0.0,45.18,0,1
20:14:50.220,598326,199.82,245.0,35.0,0.0,45.17,0,1
20:14:50.319,598426,199.82,245.0,35.0,0.0,45.17,0,1
20:14:50.419,598526,199.84,245.0,16.0,0.0,45.15,0,1
20:14:50.519,598626,199.86,245.0,23.0,0.0,45.13,0,1
20:14:50.626,598726,199.87,245.0,24.0,0.0,45.12,0,1
20:14:50.721,598826,199.9,245.0,16.0,0.0,45.09,0,1
20:14:50.819,598926,199.92,245.0,18.0,0.0,45.07,0,1
20:14:50.919,599026,199.92,245.0,18.0,0.0,45.07,0,1
20:14:51.021,599126,199.92,245.0,38.0,0.0,45.07,0,1
20:14:51.119,599226,199.94,245.0,14.0,0.0,45.05,0,0
20:14:51.222,599326,199.99,245.0,0.0,0.0,45.0,0,0
20:14:51.324,599426,200.02,245.0,15.0,0.0,44.97,0,1
20:14:51.423,599526,200.03,245.0,22.0,0.0,44.96,0,1
20:14:51.519,599626,200.05,245.0,19.0,0.0,44.94,0,1
20:14:51.620,599726,200.08,245.0,16.0,0.0,44.91,0,1
20:14:51.720,599826,200.1,245.0,18.0,0.0,44.89,0,1
20:14:51.818,599926,200.13,245.0,10.0,0.0,44.86,0,0
20:14:51.922,600026,200.18,245.0,0.0,0.0,44.81,0,0
20:14:52.020,600126,200.18,245.0,35.0,0.0,44.81,0,1
20:14:52.119,600226,200.18,245.0,35.0,0.0,44.81,0,1
20:14:52.221,600326,200.18,245.0,35.0,0.0,44.81,0,1
20:14:52.349,600426,200.21,245.0,6.0,0.0,44.78,0,0
20:14:52.434,600526,200.28,245.0,0.0,0.0,44.71,0,0
20:14:52.519,600626,200.28,245.0,35.0,0.0,44.71,0,1
20:14:52.620,600726,200.33,245.0,0.0,0.0,44.66,0,0
20:14:52.722,600826,200.38,245.0,0.0,0.0,44.61,0,0
20:14:52.819,600926,200.45,245.0,0.0,0.0,44.54,0,0
20:14:52.922,601026,200.5,245.0,0.0,0.0,44.49,0,0
20:14:53.024,601126,200.5,245.0,0.0,0.0,44.49,0,0
20:14:53.124,601226,200.55,245.0,0.0,0.0,44.44,0,0
20:14:53.220,601326,200.61,245.0,0.0,0.0,44.38,0,0
20:14:53.319,601426,200.67,245.0,0.0,0.0,44.32,0,0
20:14:53.418,601526,200.74,245.0,0.0,0.0,44.25,0,0
20:14:53.519,601626,200.8,245.0,0.0,0.0,44.19,0,0
20:14:53.618,601726,200.8,245.0,0.0,0.0,44.19,0,0
20:14:53.722,601826,200.86,245.0,0.0,0.0,44.13,0,0
20:14:53.818,601926,200.93,245.0,0.0,0.0,44.06,0,0
20:14:53.936,602026,201.0,245.0,0.0,0.0,43.99,0,0
20:14:54.026,602126,201.0,245.0,35.0,0.0,43.99,0,1
20:14:54.130,602226,201.06,245.0,0.0,0.0,43.93,0,0
20:14:54.220,602326,201.06,245.0,0.0,0.0,43.93,0,0
20:14:54.319,602426,201.12,245.0,0.0,0.0,43.87,0,0
20:14:54.423,602526,201.18,245.0,0.0,0.0,43.81,0,0
20:14:54.522,602626,201.26,245.0,0.0,0.0,43.73,0,0
20:14:54.644,602726,201.32,245.0,0.0,0.0,43.67,0,0
20:14:54.721,602826,201.32,245.0,0.0,0.0,43.67,0,0
20:14:54.818,602926,201.38,245.0,0.0,0.0,43.61,0,0
20:14:54.922,603026,201.44,245.0,0.0,0.0,43.55,0,0
20:14:55.019,603126,201.53,245.0,0.0,0.0,43.46,0,0
20:14:55.123,603226,201.59,245.0,0.0,0.0,43.4,0,0
20:14:55.220,603326,201.59,245.0,0.0,0.0,43.4,0,0
20:14:55.321,603426,201.66,245.0,0.0,0.0,43.33,0,0
20:14:55.421,603526,201.74,245.0,0.0,0.0,43.25,0,0
20:14:55.520,603626,201.79,245.0,0.0,0.0,43.2,0,0
20:14:55.631,603726,201.85,245.0,0.0,0.0,43.14,0,0
20:14:55.724,603826,201.9,245.0,0.0,0.0,43.09,0,0
20:14:55.825,603926,201.9,245.0,0.0,0.0,43.09,0,0
20:14:55.918,604026,201.9,245.0,34.0,0.0,43.09,0,1
20:14:56.021,604126,201.96,245.0,0.0,0.0,43.03,0,0
20:14:56.123,604226,202.05,245.0,0.0,0.0,42.94,0,0
20:14:56.221,604326,202.12,245.0,0.0,0.0,42.87,0,0
20:14:56.353,604426,202.17,245.0,0.0,0.0,42.82,0,0
20:14:56.422,604526,202.21,245.0,0.0,0.0,42.78,0,0
20:14:56.520,604626,202.28,245.0,0.0,0.0,42.71,0,0
20:14:56.619,604726,202.35,245.0,0.0,0.0,42.64,0,0
20:14:56.719,604826,202.41,245.0,0.0,0.0,42.58,0,0
20:14:56.819,604926,202.41,245.0,0.0,0.0,42.58,0,0
20:14:56.924,605026,202.47,245.0,0.0,0.0,42.52,0,0
20:14:57.020,605126,202.52,245.0,0.0,0.0,42.47,0,0
20:14:57.123,605226,202.58,245.0,0.0,0.0,42.41,0,0
20:14:57.220,605326,202.63,245.0,0.0,0.0,42.36,0,0
20:14:57.319,605426,202.63,245.0,0.0,0.0,42.36,0,0
20:14:57.423,605526,202.67,245.0,2.0,0.0,42.32,0,0
20:14:57.520,605626,202.72,245.0,0.0,0.0,42.27,0,0
20:14:57.619,605726,202.77,245.0,0.0,0.0,42.22,0,0
20:14:57.716,605826,202.82,245.0,0.0,0.0,42.17,0,0
20:14:57.820,605926,202.82,245.0,33.0,0.0,42.17,0,1
20:14:57.918,606026,202.86,245.0,0.0,0.0,42.13,0,0
20:14:58.020,606126,202.9,245.0,0.0,0.0,42.09,0,0
20:14:58.119,606226,202.94,245.0,4.0,0.0,42.05,0,0
20:14:58.223,606326,202.99,245.0,0.0,0.0,42.0,0,0
20:14:58.318,606426,202.99,245.0,0.0,0.0,42.0,0,0
20:14:58.417,606526,203.04,245.0,0.0,0.0,41.95,0,0
20:14:58.517,606626,203.07,245.0,9.0,0.0,41.92,0,0
20:14:58.623,606726,203.11,245.0,2.0,0.0,41.88,0,0
20:14:58.719,606826,203.14,245.0,5.0,0.0,41.85,0,0
20:14:58.817,606926,203.17,245.0,13.0,0.0,41.82,0,0
20:14:58.918,607026,203.2,245.0,10.0,0.0,41.79,0,0
20:14:59.017,607126,203.2,245.0,10.0,0.0,41.79,0,0
20:14:59.119,607226,203.24,245.0,2.0,0.0,41.75,0,0
20:14:59.223,607326,203.28,245.0,0.0,0.0,41.71,0,0
20:14:59.331,607426,203.3,245.0,18.0,0.0,41.69,0,1
20:14:59.417,607526,203.31,245.0,25.0,0.0,41.68,0,1
20:14:59.519,607626,203.33,245.0,16.0,0.0,41.66,0,1
20:14:59.619,607726,203.34,245.0,22.0,0.0,41.65,0,1
20:14:59.720,607826,203.35,245.0,23.0,0.0,41.64,0,1
20:14:59.817,607926,203.36,245.0,29.0,0.0,41.63,0,1
20:14:59.923,608026,203.37,245.0,20.0,0.0,41.62,0,1
20:15:00.020,608126,203.39,245.0,16.0,0.0,41.6,0,1
20:15:00.119,608226,203.4,245.0,28.0,0.0,41.59,0,1
20:15:00.228,608326,203.4,245.0,33.0,0.0,41.59,0,1
20:15:00.335,608426,203.41,245.0,28.0,0.0,41.58,0,1
20:15:00.417,608526,203.42,245.0,24.0,0.0,41.57,0,1
20:15:00.521,608626,203.42,245.0,34.0,0.0,41.57,0,1
20:15:00.618,608726,203.41,245.0,34.0,0.0,41.58,0,1
20:15:00.720,608826,203.43,245.0,19.0,0.0,41.56,0,1
20:15:00.819,608926,203.44,245.0,26.0,0.0,41.55,0,1
20:15:00.923,609026,203.44,245.0,31.0,0.0,41.55,0,1
20:15:01.018,609126,203.44,245.0,31.0,0.0,41.55,0,1
20:15:01.117,609226,203.43,245.0,41.0,0.0,41.56,0,1
20:15:01.223,609326,203.44,245.0,31.0,0.0,41.55,0,1
20:15:01.319,609426,203.44,245.0,31.0,0.0,41.55,0,1
20:15:01.417,609526,203.44,245.0,31.0,0.0,41.55,0,1
20:15:01.521,609626,203.44,245.0,33.0,0.0,41.55,0,1
20:15:01.618,609726,203.42,245.0,46.0,0.0,41.57,0,1
20:15:01.716,609826,203.41,245.0,40.0,0.0,41.58,0,1
20:15:01.819,609926,203.41,245.0,34.0,0.0,41.58,0,1
20:15:01.918,610026,203.4,245.0,39.0,0.0,41.59,0,1
20:15:02.021,610126,203.4,245.0,38.0,0.0,41.59,0,1
20:15:02.117,610226,203.37,245.0,57.0,0.0,41.62,0,1
20:15:02.221,610326,203.37,245.0,30.0,0.0,41.62,0,1
20:15:02.319,610426,203.34,245.0,55.0,0.0,41.65,0,1
20:15:02.416,610526,203.32,245.0,53.0,0.0,41.67,0,1
20:15:02.516,610626,203.32,245.0,31.0,0.0,41.67,0,1
20:15:02.670,610726,203.29,245.0,56.0,0.0,41.7,0,1
20:15:02.717,610826,203.28,245.0,39.0,0.0,41.71,0,1
20:15:02.816,610926,203.26,245.0,48.0,0.0,41.73,0,1
20:15:02.916,611026,203.26,245.0,37.0,0.0,41.73,0,1
20:15:03.019,611126,203.23,245.0,51.0,0.0,41.76,0,1
20:15:03.117,611226,203.21,245.0,49.0,0.0,41.78,0,1
20:15:03.215,611326,203.18,245.0,58.0,0.0,41.81,0,1
20:15:03.317,611426,203.18,245.0,36.0,0.0,41.81,0,1
20:15:03.416,611526,203.18,245.0,33.0,0.0,41.81,0,1
20:15:03.519,611626,203.16,245.0,50.0,0.0,41.83,0,1
20:15:03.616,611726,203.15,245.0,39.0,0.0,41.84,0,1
20:15:03.726,611826,203.13,245.0,48.0,0.0,41.86,0,1
20:15:03.855,611926,203.12,245.0,46.0,0.0,41.87,0,1
20:15:03.921,612026,203.11,245.0,35.0,0.0,41.88,0,1
20:15:04.020,612126,203.1,245.0,45.0,0.0,41.89,0,1
20:15:04.119,612226,203.07,245.0,54.0,0.0,41.92,0,1
20:15:04.219,612326,203.04,245.0,56.0,0.0,41.95,0,1
20:15:04.318,612426,203.02,245.0,49.0,0.0,41.97,0,1
20:15:04.437,612526,203.01,245.0,43.0,0.0,41.98,0,1
20:15:04.522,612626,203.0,245.0,42.0,0.0,41.99,0,1
20:15:04.623,612726,202.98,245.0,46.0,0.0,42.01,0,1
20:15:04.717,612826,202.98,245.0,40.0,0.0,42.01,0,1
20:15:04.819,612926,202.96,245.0,44.0,0.0,42.03,0,1
20:15:04.917,613026,202.96,245.0,38.0,0.0,42.03,0,1
20:15:05.019,613126,202.95,245.0,42.0,0.0,42.04,0,1
20:15:05.119,613226,202.93,245.0,46.0,0.0,42.06,0,1
20:15:05.216,613326,202.94,245.0,25.0,0.0,42.05,0,1
20:15:05.319,613426,202.92,245.0,51.0,0.0,42.07,0,1
20:15:05.418,613526,202.91,245.0,39.0,0.0,42.08,0,1
20:15:05.515,613626,202.9,245.0,43.0,0.0,42.09,0,1
20:15:05.615,613726,202.9,245.0,43.0,0.0,42.09,0,1
20:15:05.715,613826,202.9,245.0,33.0,0.0,42.09,0,1
20:15:05.819,613926,202.89,245.0,43.0,0.0,42.1,0,1
20:15:05.921,614026,202.87,245.0,42.0,0.0,42.12,0,1
20:15:06.020,614126,202.87,245.0,41.0,0.0,42.12,0,1
20:15:06.129,614226,202.86,245.0,40.0,0.0,42.13,0,1
20:15:06.215,614326,202.85,245.0,39.0,0.0,42.14,0,1
20:15:06.319,614426,202.84,245.0,39.0,0.0,42.15,0,1
20:15:06.415,614526,202.83,245.0,43.0,0.0,42.16,0,1
20:15:06.522,614626,202.83,245.0,37.0,0.0,42.16,0,1
20:15:06.616,614726,202.83,245.0,32.0,0.0,42.16,0,1
20:15:06.719,614826,202.83,245.0,32.0,0.0,42.16,0,1
20:15:06.820,614926,202.82,245.0,37.0,0.0,42.17,0,1
20:15:06.916,615026,202.83,245.0,32.0,0.0,42.16,0,1
20:15:07.023,615126,202.82,245.0,37.0,0.0,42.17,0,1
20:15:07.115,615226,202.82,245.0,36.0,0.0,42.17,0,1
20:15:07.216,615326,202.83,245.0,26.0,0.0,42.16,0,1
20:15:07.315,615426,202.82,245.0,37.0,0.0,42.17,0,1
20:15:07.417,615526,202.83,245.0,27.0,0.0,42.16,0,1
20:15:07.515,615626,202.84,245.0,22.0,0.0,42.15,0,1
20:15:07.617,615726,202.86,245.0,23.0,0.0,42.13,0,1
20:15:07.717,615826,202.86,245.0,29.0,0.0,42.13,0,1
20:15:07.838,615926,202.87,245.0,25.0,0.0,42.12,0,1
20:15:07.917,616026,202.89,245.0,16.0,0.0,42.1,0,1
20:15:08.015,616126,202.91,245.0,17.0,0.0,42.08,0,1
20:15:08.118,616226,202.93,245.0,19.0,0.0,42.06,0,1
20:15:08.215,616326,202.94,245.0,25.0,0.0,42.05,0,1
20:15:08.316,616426,202.95,245.0,26.0,0.0,42.04,0,1
20:15:08.423,616526,202.97,245.0,12.0,0.0,42.02,0,0
20:15:08.519,616626,203.02,245.0,0.0,0.0,41.97,0,0
20:15:08.618,616726,203.05,245.0,8.0,0.0,41.94,0,0
20:15:08.716,616826,203.09,245.0,0.0,0.0,41.9,0,0
20:15:08.817,616926,203.12,245.0,8.0,0.0,41.87,0,0
20:15:08.915,617026,203.14,245.0,16.0,0.0,41.85,0,1
20:15:09.014,617126,203.17,245.0,8.0,0.0,41.82,0,0
20:15:09.123,617226,203.21,245.0,0.0,0.0,41.78,0,0
20:15:09.214,617326,203.26,245.0,0.0,0.0,41.73,0,0
20:15:09.314,617426,203.29,245.0,7.0,0.0,41.7,0,0
20:15:09.415,617526,203.33,245.0,4.0,0.0,41.66,0,0
20:15:09.515,617626,203.36,245.0,7.0,0.0,41.63,0,0
20:15:09.618,617726,203.39,245.0,10.0,0.0,41.6,0,0
20:15:09.715,617826,203.41,245.0,12.0,0.0,41.58,0,0
20:15:09.820,617926,203.45,245.0,0.0,0.0,41.54,0,0
20:15:09.923,618026,203.49,245.0,2.0,0.0,41.5,0,0
20:15:10.020,618126,203.53,245.0,1.0,0.0,41.46,0,0
20:15:10.137,618226,203.57,245.0,0.0,0.0,41.42,0,0
20:15:10.222,618326,203.61,245.0,2.0,0.0,41.38,0,0
20:15:10.318,618426,203.65,245.0,0.0,0.0,41.34,0,0
20:15:10.421,618526,203.68,245.0,13.0,0.0,41.31,0,0
20:15:10.514,618626,203.68,245.0,33.0,0.0,41.31,0,1
20:15:10.619,618726,203.72,245.0,0.0,0.0,41.27,0,0
20:15:10.719,618826,203.77,245.0,0.0,0.0,41.22,0,0
20:15:10.819,618926,203.77,245.0,0.0,0.0,41.22,0,0
20:15:10.921,619026,203.82,245.0,0.0,0.0,41.17,0,0
20:15:11.015,619126,203.87,245.0,0.0,0.0,41.12,0,0
20:15:11.117,619226,203.92,245.0,0.0,0.0,41.07,0,0
20:15:11.219,619326,203.97,245.0,0.0,0.0,41.02,0,0
20:15:11.317,619426,204.03,245.0,0.0,0.0,40.96,0,0
20:15:11.417,619526,204.08,245.0,0.0,0.0,40.91,0,0
20:15:11.515,619626,204.08,245.0,0.0,0.0,40.91,0,0
20:15:11.616,619726,204.15,245.0,0.0,0.0,40.84,0,0
20:15:11.714,619826,204.19,245.0,0.0,0.0,40.8,0,0
20:15:11.821,619926,204.24,245.0,0.0,0.0,40.75,0,0
20:15:11.915,620026,204.29,245.0,0.0,0.0,40.7,0,0
20:15:12.014,620126,204.34,245.0,0.0,0.0,40.65,0,0
20:15:12.117,620226,204.38,245.0,0.0,0.0,40.61,0,0
20:15:12.214,620326,204.43,245.0,0.0,0.0,40.56,0,0
20:15:12.345,620426,204.47,245.0,0.0,0.0,40.52,0,0
20:15:12.428,620526,204.52,245.0,0.0,0.0,40.47,0,0
20:15:12.525,620626,204.52,245.0,32.0,0.0,40.47,0,1
20:15:12.624,620726,204.57,245.0,0.0,0.0,40.42,0,0
20:15:12.721,620826,204.61,245.0,0.0,0.0,40.38,0,0
20:15:12.814,620926,204.65,245.0,0.0,0.0,40.34,0,0
20:15:12.914,621026,204.7,245.0,0.0,0.0,40.29,0,0
20:15:13.019,621126,204.7,245.0,0.0,0.0,40.29,0,0
20:15:13.116,621226,204.75,245.0,0.0,0.0,40.24,0,0
20:15:13.213,621326,204.8,245.0,0.0,0.0,40.19,0,0
20:15:13.313,621426,204.83,245.0,4.0,0.0,40.16,0,0
20:15:13.415,621526,204.89,245.0,0.0,0.0,40.1,0,0
20:15:13.513,621626,204.96,245.0,0.0,0.0,40.03,0,0
20:15:13.612,621726,204.96,245.0,0.0,0.0,40.03,0,0
20:15:13.714,621826,205.01,245.0,0.0,0.0,39.98,0,0
20:15:13.813,621926,205.05,245.0,0.0,0.0,39.94,0,0
20:15:13.915,622026,205.09,245.0,3.0,0.0,39.9,0,0
20:15:14.013,622126,205.12,245.0,6.0,0.0,39.87,0,0
20:15:14.138,622226,205.15,245.0,9.0,0.0,39.84,0,0
20:15:14.213,622326,205.17,245.0,11.0,0.0,39.82,0,0
20:15:14.313,622426,205.19,245.0,18.0,0.0,39.8,0,1
20:15:14.414,622526,205.21,245.0,19.0,0.0,39.78,0,1
20:15:14.513,622626,205.24,245.0,5.0,0.0,39.75,0,0
20:15:14.612,622726,205.24,245.0,5.0,0.0,39.75,0,0
20:15:14.744,622826,205.29,245.0,0.0,0.0,39.7,0,0
20:15:14.813,622926,205.32,245.0,7.0,0.0,39.67,0,0
20:15:14.914,623026,205.34,245.0,9.0,0.0,39.65,0,0
20:15:15.013,623126,205.4,245.0,0.0,0.0,39.59,0,0
20:15:15.112,623226,205.4,245.0,0.0,0.0,39.59,0,0
20:15:15.213,623326,205.43,245.0,11.0,0.0,39.56,0,0
20:15:15.318,623426,205.43,245.0,11.0,0.0,39.56,0,0
20:15:15.420,623526,205.46,245.0,2.0,0.0,39.53,0,0
20:15:15.512,623626,205.5,245.0,5.0,0.0,39.49,0,0
20:15:15.616,623726,205.52,245.0,13.0,0.0,39.47,0,0
20:15:15.713,623826,205.55,245.0,5.0,0.0,39.44,0,0
20:15:15.813,623926,205.56,245.0,22.0,0.0,39.43,0,1
20:15:15.915,624026,205.58,245.0,18.0,0.0,39.41,0,1
20:15:16.013,624126,205.58,245.0,31.0,0.0,39.41,0,1
20:15:16.114,624226,205.57,245.0,35.0,0.0,39.42,0,1
20:15:16.215,624326,205.58,245.0,24.0,0.0,39.41,0,1
20:15:16.312,624426,205.59,245.0,25.0,0.0,39.4,0,1
20:15:16.417,624526,205.6,245.0,20.0,0.0,39.39,0,1
20:15:16.521,624626,205.61,245.0,27.0,0.0,39.38,0,1
20:15:16.619,624726,205.61,245.0,27.0,0.0,39.38,0,1
20:15:16.715,624826,205.6,245.0,37.0,0.0,39.39,0,1
20:15:16.813,624926,205.61,245.0,21.0,0.0,39.38,0,1
20:15:16.916,625026,205.61,245.0,32.0,0.0,39.38,0,1
20:15:17.021,625126,205.63,245.0,17.0,0.0,39.36,0,1
20:15:17.112,625226,205.64,245.0,23.0,0.0,39.35,0,1
20:15:17.221,625326,205.66,245.0,14.0,0.0,39.33,0,0
20:15:17.316,625426,205.66,245.0,31.0,0.0,39.33,0,1
20:15:17.416,625526,205.65,245.0,36.0,0.0,39.34,0,1
20:15:17.511,625626,205.63,245.0,46.0,0.0,39.36,0,1
20:15:17.612,625726,205.63,245.0,34.0,0.0,39.36,0,1
20:15:17.712,625826,205.63,245.0,29.0,0.0,39.36,0,1
20:15:17.812,625926,205.62,245.0,39.0,0.0,39.37,0,1
20:15:17.917,626026,205.62,245.0,33.0,0.0,39.37,0,1
20:15:18.012,626126,205.61,245.0,38.0,0.0,39.38,0,1
20:15:18.128,626226,205.61,245.0,31.0,0.0,39.38,0,1
20:15:18.214,626326,205.59,245.0,48.0,0.0,39.4,0,1
20:15:18.313,626426,205.57,245.0,46.0,0.0,39.42,0,1
20:15:18.417,626526,205.58,245.0,24.0,0.0,39.41,0,1
20:15:18.514,626626,205.56,245.0,50.0,0.0,39.43,0,1
20:15:18.612,626726,205.55,245.0,33.0,0.0,39.44,0,1
20:15:18.726,626826,205.53,245.0,48.0,0.0,39.46,0,1
20:15:18.812,626926,205.51,245.0,46.0,0.0,39.48,0,1
20:15:18.918,627026,205.5,245.0,40.0,0.0,39.49,0,1
20:15:19.012,627126,205.5,245.0,34.0,0.0,39.49,0,1
20:15:19.112,627226,205.5,245.0,34.0,0.0,39.49,0,1
20:15:19.212,627326,205.5,245.0,34.0,0.0,39.49,0,1
20:15:19.322,627426,205.48,245.0,44.0,0.0,39.51,0,1
20:15:19.414,627526,205.43,245.0,68.0,0.0,39.56,0,1
20:15:19.514,627626,205.42,245.0,39.0,0.0,39.57,0,1
20:15:19.616,627726,205.4,245.0,53.0,0.0,39.59,0,1
20:15:19.713,627826,205.4,245.0,53.0,0.0,39.59,0,1
20:15:19.812,627926,205.38,245.0,46.0,0.0,39.61,0,1
20:15:19.911,628026,205.37,245.0,39.0,0.0,39.62,0,1
20:15:20.012,628126,205.35,245.0,49.0,0.0,39.64,0,1
20:15:20.111,628226,205.34,245.0,37.0,0.0,39.65,0,1
20:15:20.212,628326,205.34,245.0,31.0,0.0,39.65,0,1
20:15:20.312,628426,205.31,245.0,51.0,0.0,39.68,0,1
20:15:20.422,628526,205.3,245.0,44.0,0.0,39.69,0,1
20:15:20.513,628626,205.29,245.0,38.0,0.0,39.7,0,1
20:15:20.611,628726,205.27,245.0,48.0,0.0,39.72,0,1
20:15:20.715,628826,205.27,245.0,31.0,0.0,39.72,0,1
20:15:20.811,628926,205.26,245.0,41.0,0.0,39.73,0,1
20:15:20.915,629026,205.23,245.0,50.0,0.0,39.76,0,1
20:15:21.015,629126,205.22,245.0,43.0,0.0,39.77,0,1
20:15:21.113,629226,205.22,245.0,32.0,0.0,39.77,0,1
20:15:21.215,629326,205.2,245.0,47.0,0.0,39.79,0,1
20:15:21.312,629426,205.18,245.0,50.0,0.0,39.81,0,1
20:15:21.416,629526,205.15,245.0,49.0,0.0,39.84,0,1
20:15:21.520,629626,205.13,245.0,47.0,0.0,39.86,0,1
20:15:21.622,629726,205.12,245.0,40.0,0.0,39.87,0,1
20:15:21.738,629826,205.11,245.0,44.0,0.0,39.88,0,1
20:15:21.823,629926,205.11,245.0,33.0,0.0,39.88,0,1
20:15:21.923,630026,205.11,245.0,28.0,0.0,39.88,0,1
20:15:22.012,630126,205.11,245.0,33.0,0.0,39.88,0,1
20:15:22.111,630226,205.1,245.0,38.0,0.0,39.89,0,1
20:15:22.210,630326,205.07,245.0,53.0,0.0,39.92,0,1
20:15:22.312,630426,205.05,245.0,45.0,0.0,39.94,0,1
20:15:22.411,630526,205.05,245.0,45.0,0.0,39.94,0,1
20:15:22.512,630626,205.05,245.0,31.0,0.0,39.94,0,1
20:15:22.621,630726,205.05,245.0,31.0,0.0,39.94,0,1
20:15:22.811,630926,205.06,245.0,29.0,0.0,39.93,0,1
20:15:22.913,631026,205.06,245.0,29.0,0.0,39.93,0,1
20:15:23.013,631126,205.05,245.0,40.0,0.0,39.94,0,1
20:15:23.112,631226,205.06,245.0,24.0,0.0,39.93,0,1
20:15:23.216,631326,205.06,245.0,29.0,0.0,39.93,0,1
20:15:23.313,631426,205.06,245.0,31.0,0.0,39.93,0,1
20:15:23.411,631526,205.08,245.0,19.0,0.0,39.91,0,1
20:15:23.511,631626,205.08,245.0,31.0,0.0,39.91,0,1
20:15:23.611,631726,205.09,245.0,26.0,0.0,39.9,0,1
20:15:23.713,631826,205.09,245.0,26.0,0.0,39.9,0,1
20:15:23.811,631926,205.09,245.0,31.0,0.0,39.9,0,1
20:15:23.911,632026,205.1,245.0,22.0,0.0,39.89,0,1
20:15:24.015,632126,205.1,245.0,22.0,0.0,39.89,0,1
20:15:24.111,632226,205.12,245.0,23.0,0.0,39.87,0,1
20:15:24.212,632326,205.13,245.0,19.0,0.0,39.86,0,1
20:15:24.314,632426,205.13,245.0,30.0,0.0,39.86,0,1
20:15:24.428,632526,205.14,245.0,25.0,0.0,39.85,0,1
20:15:24.514,632626,205.14,245.0,25.0,0.0,39.85,0,1
20:15:24.617,632726,205.14,245.0,31.0,0.0,39.85,0,1
20:15:24.711,632826,205.17,245.0,5.0,0.0,39.82,0,0
20:15:24.812,632926,205.22,245.0,0.0,0.0,39.77,0,0
20:15:24.911,633026,205.26,245.0,0.0,0.0,39.73,0,0
20:15:25.019,633126,205.29,245.0,10.0,0.0,39.7,0,0
20:15:25.111,633226,205.32,245.0,7.0,0.0,39.67,0,0
20:15:25.210,633326,205.32,245.0,7.0,0.0,39.67,0,0
20:15:25.312,633426,205.32,245.0,31.0,0.0,39.67,0,1
20:15:25.410,633526,205.35,245.0,4.0,0.0,39.64,0,0
20:15:25.513,633626,205.4,245.0,0.0,0.0,39.59,0,0
20:15:25.612,633726,205.45,245.0,0.0,0.0,39.54,0,0
20:15:25.710,633826,205.5,245.0,0.0,0.0,39.49,0,0
20:15:25.813,633926,205.56,245.0,0.0,0.0,39.43,0,0
20:15:25.914,634026,205.6,245.0,0.0,0.0,39.39,0,0
20:15:26.010,634126,205.65,245.0,0.0,0.0,39.34,0,0
20:15:26.109,634226,205.7,245.0,0.0,0.0,39.29,0,0
20:15:26.209,634326,205.7,245.0,0.0,0.0,39.29,0,0
20:15:26.310,634426,205.74,245.0,0.0,0.0,39.25,0,0
20:15:26.411,634526,205.78,245.0,2.0,0.0,39.21,0,0
20:15:26.513,634626,205.82,245.0,0.0,0.0,39.17,0,0
20:15:26.609,634726,205.87,245.0,0.0,0.0,39.12,0,0
20:15:26.717,634826,205.91,245.0,2.0,0.0,39.08,0,0
20:15:26.811,634926,205.96,245.0,0.0,0.0,39.03,0,0
20:15:26.909,635026,206.0,245.0,0.0,0.0,38.99,0,0
20:15:27.010,635126,206.04,245.0,0.0,0.0,38.95,0,0
20:15:27.112,635226,206.1,245.0,0.0,0.0,38.89,0,0
20:15:27.210,635326,206.1,245.0,0.0,0.0,38.89,0,0
20:15:27.313,635426,206.15,245.0,0.0,0.0,38.84,0,0
20:15:27.410,635526,206.19,245.0,3.0,0.0,38.8,0,0
20:15:27.512,635626,206.25,245.0,0.0,0.0,38.74,0,0
20:15:27.616,635726,206.25,245.0,0.0,0.0,38.74,0,0
20:15:27.715,635826,206.29,245.0,1.0,0.0,38.7,0,0
20:15:27.811,635926,206.29,245.0,1.0,0.0,38.7,0,0
20:15:27.910,636026,206.35,245.0,0.0,0.0,38.64,0,0
20:15:28.014,636126,206.4,245.0,0.0,0.0,38.59,0,0
20:15:28.110,636226,206.46,245.0,0.0,0.0,38.53,0,0
20:15:28.212,636326,206.52,245.0,0.0,0.0,38.47,0,0
20:15:28.310,636426,206.52,245.0,0.0,0.0,38.47,0,0
20:15:28.416,636526,206.58,245.0,0.0,0.0,38.41,0,0
20:15:28.514,636626,206.64,245.0,0.0,0.0,38.35,0,0
20:15:28.610,636726,206.71,245.0,0.0,0.0,38.28,0,0
20:15:28.712,636826,206.71,245.0,30.0,0.0,38.28,0,1
20:15:28.811,636926,206.76,245.0,0.0,0.0,38.23,0,0
20:15:28.917,637026,206.8,245.0,0.0,0.0,38.19,0,0
20:15:29.011,637126,206.85,245.0,0.0,0.0,38.14,0,0
20:15:29.110,637226,206.91,245.0,0.0,0.0,38.08,0,0
20:15:29.214,637326,206.95,245.0,0.0,0.0,38.04,0,0
20:15:29.310,637426,206.95,245.0,30.0,0.0,38.04,0,1
20:15:29.410,637526,206.98,245.0,4.0,0.0,38.01,0,0
20:15:29.519,637626,207.02,245.0,0.0,0.0,37.97,0,0
20:15:29.610,637726,207.09,245.0,0.0,0.0,37.9,0,0
20:15:29.713,637826,207.15,245.0,0.0,0.0,37.84,0,0
20:15:29.810,637926,207.15,245.0,0.0,0.0,37.84,0,0
20:15:29.909,638026,207.21,245.0,0.0,0.0,37.78,0,0
20:15:30.011,638126,207.26,245.0,0.0,0.0,37.73,0,0
20:15:30.137,638226,207.3,245.0,0.0,0.0,37.69,0,0
20:15:30.208,638326,207.33,245.0,1.0,0.0,37.66,0,0
20:15:30.309,638426,207.39,245.0,0.0,0.0,37.6,0,0
20:15:30.409,638526,207.39,245.0,0.0,0.0,37.6,0,0
20:15:30.514,638626,207.44,245.0,0.0,0.0,37.55,0,0
20:15:30.611,638726,207.47,245.0,7.0,0.0,37.52,0,0
20:15:30.714,638826,207.49,245.0,9.0,0.0,37.5,0,0
20:15:30.811,638926,207.49,245.0,9.0,0.0,37.5,0,0
20:15:30.914,639026,207.52,245.0,6.0,0.0,37.47,0,0
20:15:31.008,639126,207.55,245.0,8.0,0.0,37.44,0,0
20:15:31.109,639226,207.58,245.0,5.0,0.0,37.41,0,0
20:15:31.209,639326,207.6,245.0,18.0,0.0,37.39,0,1
20:15:31.317,639426,207.61,245.0,14.0,0.0,37.38,0,0
20:15:31.408,639526,207.64,245.0,10.0,0.0,37.35,0,0
20:15:31.513,639626,207.67,245.0,7.0,0.0,37.32,0,0
20:15:31.609,639726,207.69,245.0,9.0,0.0,37.3,0,0
20:15:31.709,639826,207.71,245.0,16.0,0.0,37.28,0,1
20:15:31.844,639926,207.71,245.0,16.0,0.0,37.28,0,1
20:15:31.909,640026,207.71,245.0,29.0,0.0,37.28,0,1
20:15:32.009,640126,207.72,245.0,18.0,0.0,37.27,0,1
20:15:32.109,640226,207.73,245.0,24.0,0.0,37.26,0,1
20:15:32.208,640326,207.74,245.0,25.0,0.0,37.25,0,1
20:15:32.311,640426,207.73,245.0,30.0,0.0,37.26,0,1
20:15:32.425,640526,207.73,245.0,30.0,0.0,37.26,0,1
20:15:32.514,640626,207.73,245.0,30.0,0.0,37.26,0,1
20:15:32.609,640726,207.75,245.0,14.0,0.0,37.24,0,0
20:15:32.709,640826,207.77,245.0,10.0,0.0,37.22,0,0
20:15:32.808,640926,207.79,245.0,18.0,0.0,37.2,0,1
20:15:32.914,641026,207.81,245.0,14.0,0.0,37.18,0,0
20:15:33.018,641126,207.81,245.0,26.0,0.0,37.18,0,1
20:15:33.108,641226,207.81,245.0,31.0,0.0,37.18,0,1
20:15:33.208,641326,207.8,245.0,36.0,0.0,37.19,0,1
20:15:33.313,641426,207.8,245.0,30.0,0.0,37.19,0,1
20:15:33.407,641526,207.8,245.0,30.0,0.0,37.19,0,1
20:15:33.508,641626,207.79,245.0,35.0,0.0,37.2,0,1
20:15:33.610,641726,207.79,245.0,35.0,0.0,37.2,0,1
20:15:33.709,641826,207.78,245.0,34.0,0.0,37.21,0,1
20:15:33.808,641926,207.78,245.0,29.0,0.0,37.21,0,1
20:15:33.910,642026,207.78,245.0,29.0,0.0,37.21,0,1
20:15:34.020,642126,207.79,245.0,23.0,0.0,37.2,0,1
20:15:34.125,642226,207.8,245.0,24.0,0.0,37.19,0,1
20:15:34.207,642326,207.79,245.0,35.0,0.0,37.2,0,1
20:15:34.310,642426,207.79,245.0,29.0,0.0,37.2,0,1
20:15:34.407,642526,207.78,245.0,34.0,0.0,37.21,0,1
20:15:34.508,642626,207.77,245.0,39.0,0.0,37.22,0,1
20:15:34.608,642726,207.76,245.0,33.0,0.0,37.23,0,1
20:15:34.712,642826,207.75,245.0,38.0,0.0,37.24,0,1
20:15:34.810,642926,207.74,245.0,37.0,0.0,37.25,0,1
20:15:34.909,643026,207.74,245.0,31.0,0.0,37.25,0,1
20:15:35.008,643126,207.74,245.0,31.0,0.0,37.25,0,1
20:15:35.109,643226,207.74,245.0,29.0,0.0,37.25,0,1
20:15:35.208,643326,207.71,245.0,52.0,0.0,37.28,0,1
20:15:35.307,643426,207.69,245.0,49.0,0.0,37.3,0,1
20:15:35.407,643526,207.67,245.0,42.0,0.0,37.32,0,1
20:15:35.508,643626,207.67,245.0,42.0,0.0,37.32,0,1
20:15:35.612,643726,207.65,245.0,46.0,0.0,37.34,0,1
20:15:35.709,643826,207.64,245.0,39.0,0.0,37.35,0,1
20:15:35.833,643926,207.62,245.0,44.0,0.0,37.37,0,1
20:15:35.908,644026,207.61,245.0,42.0,0.0,37.38,0,1
20:15:36.008,644126,207.61,245.0,42.0,0.0,37.38,0,1
20:15:36.111,644226,207.57,245.0,57.0,0.0,37.42,0,1
20:15:36.208,644326,207.55,245.0,49.0,0.0,37.44,0,1
20:15:36.313,644426,207.51,245.0,62.0,0.0,37.48,0,1
20:15:36.410,644526,207.5,245.0,38.0,0.0,37.49,0,1
20:15:36.511,644626,207.5,245.0,29.0,0.0,37.49,0,1
20:15:36.608,644726,207.47,245.0,48.0,0.0,37.52,0,1
20:15:36.713,644826,207.45,245.0,46.0,0.0,37.54,0,1
20:15:36.810,644926,207.43,245.0,44.0,0.0,37.56,0,1
20:15:36.907,645026,207.42,245.0,38.0,0.0,37.57,0,1
20:15:37.008,645126,207.41,245.0,37.0,0.0,37.58,0,1
20:15:37.111,645226,207.41,245.0,37.0,0.0,37.58,0,1
20:15:37.207,645326,207.41,245.0,30.0,0.0,37.58,0,1
20:15:37.310,645426,207.39,245.0,52.0,0.0,37.6,0,1
20:15:37.407,645526,207.36,245.0,50.0,0.0,37.63,0,1
20:15:37.538,645626,207.36,245.0,50.0,0.0,37.63,0,1
20:15:37.607,645726,207.34,245.0,48.0,0.0,37.65,0,1
20:15:37.719,645826,207.32,245.0,46.0,0.0,37.67,0,1
20:15:37.810,645926,207.29,245.0,49.0,0.0,37.7,0,1
20:15:37.908,646026,207.29,245.0,37.0,0.0,37.7,0,1
20:15:38.010,646126,207.29,245.0,30.0,0.0,37.7,0,1
20:15:38.112,646226,207.27,245.0,42.0,0.0,37.72,0,1
20:15:38.208,646326,207.25,245.0,46.0,0.0,37.74,0,1
20:15:38.308,646426,207.21,245.0,60.0,0.0,37.78,0,1
20:15:38.408,646526,207.21,245.0,36.0,0.0,37.78,0,1
20:15:38.511,646626,207.21,245.0,25.0,0.0,37.78,0,1
20:15:38.608,646726,207.22,245.0,20.0,0.0,37.77,0,1
20:15:38.709,646826,207.22,245.0,37.0,0.0,37.77,0,1
20:15:38.813,646926,207.22,245.0,26.0,0.0,37.77,0,1
20:15:38.909,647026,207.22,245.0,31.0,0.0,37.77,0,1
20:15:39.013,647126,207.22,245.0,31.0,0.0,37.77,0,1
20:15:39.112,647226,207.22,245.0,30.0,0.0,37.77,0,1
20:15:39.207,647326,207.21,245.0,36.0,0.0,37.78,0,1
20:15:39.306,647426,207.22,245.0,20.0,0.0,37.77,0,1
20:15:39.409,647526,207.23,245.0,26.0,0.0,37.76,0,1
20:15:39.507,647626,207.22,245.0,32.0,0.0,37.77,0,1
20:15:39.617,647726,207.22,245.0,32.0,0.0,37.77,0,1
20:15:39.707,647826,207.23,245.0,21.0,0.0,37.76,0,1
20:15:39.835,647926,207.24,245.0,27.0,0.0,37.75,0,1
20:15:39.915,648026,207.24,245.0,27.0,0.0,37.75,0,1
20:15:40.013,648126,207.26,245.0,17.0,0.0,37.73,0,1
20:15:40.110,648226,207.26,245.0,24.0,0.0,37.73,0,1
20:15:40.208,648326,207.26,245.0,24.0,0.0,37.73,0,1
20:15:40.312,648426,207.28,245.0,14.0,0.0,37.71,0,0
20:15:40.412,648526,207.32,245.0,0.0,0.0,37.67,0,0
20:15:40.511,648626,207.34,245.0,18.0,0.0,37.65,0,1
20:15:40.606,648726,207.34,245.0,25.0,0.0,37.65,0,1
20:15:40.708,648826,207.37,245.0,9.0,0.0,37.62,0,0
20:15:40.809,648926,207.41,245.0,0.0,0.0,37.58,0,0
20:15:40.909,649026,207.41,245.0,0.0,0.0,37.58,0,0
20:15:41.008,649126,207.43,245.0,10.0,0.0,37.56,0,0
20:15:41.107,649226,207.46,245.0,12.0,0.0,37.53,0,0
20:15:41.214,649326,207.49,245.0,3.0,0.0,37.5,0,0
20:15:41.305,649426,207.52,245.0,6.0,0.0,37.47,0,0
20:15:41.406,649526,207.56,245.0,0.0,0.0,37.43,0,0
20:15:41.508,649626,207.58,245.0,16.0,0.0,37.41,0,1
20:15:41.608,649726,207.59,245.0,18.0,0.0,37.4,0,1
20:15:41.708,649826,207.59,245.0,18.0,0.0,37.4,0,1
20:15:41.810,649926,207.61,245.0,14.0,0.0,37.38,0,0
20:15:41.906,650026,207.65,245.0,0.0,0.0,37.34,0,0
20:15:42.006,650126,207.65,245.0,0.0,0.0,37.34,0,0
20:15:42.125,650226,207.7,245.0,0.0,0.0,37.29,0,0
20:15:42.213,650326,207.74,245.0,0.0,0.0,37.25,0,0
20:15:42.306,650426,207.81,245.0,0.0,0.0,37.18,0,0
20:15:42.408,650526,207.81,245.0,0.0,0.0,37.18,0,0
20:15:42.511,650626,207.87,245.0,0.0,0.0,37.12,0,0
20:15:42.609,650726,207.9,245.0,9.0,0.0,37.09,0,0
20:15:42.712,650826,207.93,245.0,1.0,0.0,37.06,0,0
20:15:42.811,650926,207.98,245.0,0.0,0.0,37.01,0,0
20:15:42.906,651026,208.04,245.0,0.0,0.0,36.95,0,0
20:15:43.006,651126,208.04,245.0,0.0,0.0,36.95,0,0
20:15:43.108,651226,208.11,245.0,0.0,0.0,36.88,0,0
20:15:43.209,651326,208.15,245.0,0.0,0.0,36.84,0,0
20:15:43.310,651426,208.19,245.0,0.0,0.0,36.8,0,0
20:15:43.413,651526,208.19,245.0,29.0,0.0,36.8,0,1
20:15:43.514,651626,208.23,245.0,3.0,0.0,36.76,0,0
20:15:43.609,651726,208.26,245.0,1.0,0.0,36.73,0,0
20:15:43.707,651826,208.32,245.0,0.0,0.0,36.67,0,0
20:15:43.827,651926,208.38,245.0,0.0,0.0,36.61,0,0
20:15:43.914,652026,208.42,245.0,0.0,0.0,36.57,0,0
20:15:44.007,652126,208.48,245.0,0.0,0.0,36.51,0,0
20:15:44.110,652226,208.48,245.0,0.0,0.0,36.51,0,0
20:15:44.206,652326,208.53,245.0,0.0,0.0,36.46,0,0
20:15:44.306,652426,208.57,245.0,0.0,0.0,36.42,0,0
20:15:44.407,652526,208.63,245.0,0.0,0.0,36.36,0,0
20:15:44.506,652626,208.63,245.0,29.0,0.0,36.36,0,1
20:15:44.610,652726,208.67,245.0,0.0,0.0,36.32,0,0
20:15:44.706,652826,208.71,245.0,0.0,0.0,36.28,0,0
20:15:44.806,652926,208.75,245.0,2.0,0.0,36.24,0,0
20:15:44.906,653026,208.8,245.0,0.0,0.0,36.19,0,0
20:15:45.005,653126,208.85,245.0,0.0,0.0,36.14,0,0
20:15:45.105,653226,208.85,245.0,0.0,0.0,36.14,0,0
20:15:45.207,653326,208.91,245.0,0.0,0.0,36.08,0,0
20:15:45.305,653426,208.96,245.0,0.0,0.0,36.03,0,0
20:15:45.406,653526,209.03,245.0,0.0,0.0,35.96,0,0
20:15:45.506,653626,209.03,245.0,0.0,0.0,35.96,0,0
20:15:45.605,653726,209.07,245.0,0.0,0.0,35.92,0,0
20:15:45.713,653826,209.12,245.0,0.0,0.0,35.87,0,0
20:15:45.806,653926,209.16,245.0,0.0,0.0,35.83,0,0
20:15:45.908,654026,209.22,245.0,0.0,0.0,35.77,0,0
20:15:46.007,654126,209.25,245.0,4.0,0.0,35.74,0,0
20:15:46.106,654226,209.25,245.0,4.0,0.0,35.74,0,0
20:15:46.214,654326,209.29,245.0,0.0,0.0,35.7,0,0
20:15:46.317,654426,209.32,245.0,0.0,0.0,35.67,0,0
20:15:46.413,654526,209.36,245.0,0.0,0.0,35.63,0,0
20:15:46.512,654626,209.36,245.0,28.0,0.0,35.63,0,1
20:15:46.605,654726,209.4,245.0,0.0,0.0,35.59,0,0
20:15:46.708,654826,209.4,245.0,0.0,0.0,35.59,0,0
20:15:46.806,654926,209.43,245.0,0.0,0.0,35.56,0,0
20:15:46.909,655026,209.47,245.0,0.0,0.0,35.52,0,0
20:15:47.004,655126,209.51,245.0,0.0,0.0,35.48,0,0
20:15:47.105,655226,209.51,245.0,28.0,0.0,35.48,0,1
20:15:47.207,655326,209.55,245.0,1.0,0.0,35.44,0,0
20:15:47.306,655426,209.57,245.0,9.0,0.0,35.42,0,0
20:15:47.409,655526,209.59,245.0,11.0,0.0,35.4,0,0
20:15:47.506,655626,209.62,245.0,7.0,0.0,35.37,0,0
20:15:47.610,655726,209.65,245.0,4.0,0.0,35.34,0,0
20:15:47.705,655826,209.68,245.0,1.0,0.0,35.31,0,0
20:15:47.810,655926,209.7,245.0,9.0,0.0,35.29,0,0
20:15:47.904,656026,209.72,245.0,11.0,0.0,35.27,0,0
20:15:48.005,656126,209.73,245.0,23.0,0.0,35.26,0,1
20:15:48.105,656226,209.73,245.0,28.0,0.0,35.26,0,1
20:15:48.207,656326,209.75,245.0,13.0,0.0,35.24,0,0
20:15:48.305,656426,209.75,245.0,28.0,0.0,35.24,0,1
20:15:48.404,656526,209.75,245.0,25.0,0.0,35.24,0,1
20:15:48.512,656626,209.74,245.0,36.0,0.0,35.25,0,1
20:15:48.608,656726,209.74,245.0,36.0,0.0,35.25,0,1
20:15:48.708,656826,209.76,245.0,14.0,0.0,35.23,0,0
20:15:48.805,656926,209.77,245.0,15.0,0.0,35.22,0,1
20:15:48.909,657026,209.77,245.0,33.0,0.0,35.22,0,1
20:15:49.004,657126,209.76,245.0,32.0,0.0,35.23,0,1
20:15:49.105,657226,209.76,245.0,26.0,0.0,35.23,0,1
20:15:49.204,657326,209.76,245.0,26.0,0.0,35.23,0,1
20:15:49.304,657426,209.76,245.0,32.0,0.0,35.23,0,1
20:15:49.404,657526,209.74,245.0,42.0,0.0,35.25,0,1
20:15:49.506,657626,209.75,245.0,25.0,0.0,35.24,0,1
20:15:49.604,657726,209.75,245.0,28.0,0.0,35.24,0,1
20:15:49.706,657826,209.73,245.0,41.0,0.0,35.26,0,1
20:15:49.806,657926,209.71,245.0,40.0,0.0,35.28,0,1
20:15:49.905,658026,209.72,245.0,22.0,0.0,35.27,0,1
20:15:50.005,658126,209.72,245.0,28.0,0.0,35.27,0,1
20:15:50.104,658226,209.71,245.0,39.0,0.0,35.28,0,1
20:15:50.205,658326,209.7,245.0,32.0,0.0,35.29,0,1
20:15:50.303,658426,209.69,245.0,37.0,0.0,35.3,0,1
20:15:50.404,658526,209.68,245.0,36.0,0.0,35.31,0,1
20:15:50.506,658626,209.68,245.0,25.0,0.0,35.31,0,1
20:15:50.630,658726,209.68,245.0,28.0,0.0,35.31,0,1
20:15:50.704,658826,209.68,245.0,31.0,0.0,35.31,0,1
20:15:50.804,658926,209.66,245.0,41.0,0.0,35.33,0,1
20:15:50.904,659026,209.63,245.0,56.0,0.0,35.36,0,1
20:15:51.004,659126,209.62,245.0,32.0,0.0,35.37,0,1
20:15:51.104,659226,209.6,245.0,42.0,0.0,35.39,0,1
20:15:51.207,659326,209.6,245.0,30.0,0.0,35.39,0,1
20:15:51.303,659426,209.6,245.0,30.0,0.0,35.39,0,1
20:15:51.403,659526,209.59,245.0,35.0,0.0,35.4,0,1
20:15:51.503,659626,209.56,245.0,56.0,0.0,35.43,0,1
20:15:51.604,659726,209.53,245.0,48.0,0.0,35.46,0,1
20:15:51.704,659826,209.51,245.0,46.0,0.0,35.48,0,1
20:15:51.804,659926,209.49,245.0,44.0,0.0,35.5,0,1
20:15:51.909,660026,209.49,245.0,26.0,0.0,35.5,0,1
20:15:52.004,660126,209.48,245.0,37.0,0.0,35.51,0,1
20:15:52.105,660226,209.46,245.0,42.0,0.0,35.53,0,1
20:15:52.207,660326,209.44,245.0,51.0,0.0,35.55,0,1
20:15:52.306,660426,209.42,245.0,38.0,0.0,35.57,0,1
20:15:52.406,660526,209.4,245.0,48.0,0.0,35.59,0,1
20:15:52.509,660626,209.38,245.0,46.0,0.0,35.61,0,1
20:15:52.604,660726,209.36,245.0,39.0,0.0,35.63,0,1
20:15:52.707,660826,209.36,245.0,32.0,0.0,35.63,0,1
20:15:52.803,660926,209.36,245.0,32.0,0.0,35.63,0,1
20:15:52.906,661026,209.34,245.0,42.0,0.0,35.65,0,1
20:15:53.005,661126,209.32,245.0,41.0,0.0,35.67,0,1
20:15:53.107,661226,209.3,245.0,45.0,0.0,35.69,0,1
20:15:53.215,661326,209.3,245.0,33.0,0.0,35.69,0,1
20:15:53.304,661426,209.28,245.0,43.0,0.0,35.71,0,1
20:15:53.427,661526,209.27,245.0,31.0,0.0,35.72,0,1
20:15:53.503,661626,209.24,245.0,57.0,0.0,35.75,0,1
20:15:53.608,661726,209.23,245.0,33.0,0.0,35.76,0,1
20:15:53.706,661826,209.21,245.0,43.0,0.0,35.78,0,1
20:15:53.805,661926,209.2,245.0,36.0,0.0,35.79,0,1
20:15:54.027,662126,209.19,245.0,36.0,0.0,35.8,0,1
20:15:54.116,662226,209.19,245.0,35.0,0.0,35.8,0,1
20:15:54.213,662326,209.18,245.0,34.0,0.0,35.81,0,1
20:15:54.303,662426,209.18,245.0,34.0,0.0,35.81,0,1
20:15:54.406,662526,209.18,245.0,28.0,0.0,35.81,0,1
20:15:54.504,662626,209.16,245.0,44.0,0.0,35.83,0,1
20:15:54.609,662726,209.15,245.0,32.0,0.0,35.84,0,1
20:15:54.708,662826,209.14,245.0,42.0,0.0,35.85,0,1
20:15:54.805,662926,209.13,245.0,36.0,0.0,35.86,0,1
20:15:54.907,663026,209.13,245.0,36.0,0.0,35.86,0,1
20:15:55.003,663126,209.13,245.0,29.0,0.0,35.86,0,1
20:15:55.107,663226,209.12,245.0,35.0,0.0,35.87,0,1
20:15:55.205,663326,209.12,245.0,29.0,0.0,35.87,0,1
20:15:55.305,663426,209.14,245.0,13.0,0.0,35.85,0,0
20:15:55.407,663526,209.15,245.0,14.0,0.0,35.84,0,0
20:15:55.505,663626,209.17,245.0,16.0,0.0,35.82,0,1
20:15:55.604,663726,209.17,245.0,27.0,0.0,35.82,0,1
20:15:55.727,663826,209.16,245.0,33.0,0.0,35.83,0,1
20:15:55.804,663926,209.17,245.0,22.0,0.0,35.82,0,1
20:15:55.903,664026,209.18,245.0,22.0,0.0,35.81,0,1
20:15:56.003,664126,209.17,245.0,34.0,0.0,35.82,0,1
20:15:56.103,664226,209.18,245.0,22.0,0.0,35.81,0,1
20:15:56.203,664326,209.19,245.0,23.0,0.0,35.8,0,1
20:15:56.309,664426,209.2,245.0,18.0,0.0,35.79,0,1
20:15:56.403,664526,209.21,245.0,19.0,0.0,35.78,0,1
20:15:56.503,664626,209.21,245.0,28.0,0.0,35.78,0,1
20:15:56.604,664726,209.22,245.0,20.0,0.0,35.77,0,1
20:15:56.704,664826,209.24,245.0,15.0,0.0,35.75,0,1
20:15:56.806,664926,209.24,245.0,27.0,0.0,35.75,0,1
20:15:56.903,665026,209.25,245.0,17.0,0.0,35.74,0,1
20:15:57.003,665126,209.25,245.0,17.0,0.0,35.74,0,1
20:15:57.104,665226,209.28,245.0,2.0,0.0,35.71,0,0
20:15:57.205,665326,209.31,245.0,4.0,0.0,35.68,0,0
20:15:57.305,665426,209.35,245.0,1.0,0.0,35.64,0,0
20:15:57.407,665526,209.36,245.0,15.0,0.0,35.63,0,1
20:15:57.503,665626,209.38,245.0,16.0,0.0,35.61,0,1
20:15:57.603,665726,209.39,245.0,17.0,0.0,35.6,0,1
20:15:57.705,665826,209.39,245.0,29.0,0.0,35.6,0,1
20:15:57.809,665926,209.43,245.0,0.0,0.0,35.56,0,0
20:15:57.914,666026,209.46,245.0,0.0,0.0,35.53,0,0
20:15:58.042,666126,209.49,245.0,8.0,0.0,35.5,0,0
20:15:58.102,666226,209.53,245.0,0.0,0.0,35.46,0,0
20:15:58.212,666326,209.53,245.0,0.0,0.0,35.46,0,0
20:15:58.303,666426,209.56,245.0,3.0,0.0,35.43,0,0
20:15:58.402,666526,209.6,245.0,0.0,0.0,35.39,0,0
20:15:58.505,666626,209.64,245.0,0.0,0.0,35.35,0,0
20:15:58.604,666726,209.68,245.0,0.0,0.0,35.31,0,0
20:15:58.705,666826,209.68,245.0,28.0,0.0,35.31,0,1
20:15:58.805,666926,209.71,245.0,4.0,0.0,35.28,0,0
20:15:58.903,667026,209.77,245.0,0.0,0.0,35.22,0,0
20:15:59.004,667126,209.82,245.0,0.0,0.0,35.17,0,0
20:15:59.103,667226,209.89,245.0,0.0,0.0,35.1,0,0
20:15:59.205,667326,209.96,245.0,0.0,0.0,35.03,0,0
20:15:59.304,667426,210.0,245.0,0.0,0.0,34.99,0,0
20:15:59.402,667526,210.04,245.0,0.0,0.0,34.95,0,0
20:15:59.503,667626,210.07,245.0,0.0,0.0,34.92,0,0
20:15:59.602,667726,210.13,245.0,0.0,0.0,34.86,0,0
20:15:59.702,667826,210.18,245.0,0.0,0.0,34.81,0,0
20:15:59.802,667926,210.18,245.0,0.0,0.0,34.81,0,0
20:15:59.907,668026,210.25,245.0,0.0,0.0,34.74,0,0
20:16:00.004,668126,210.29,245.0,0.0,0.0,34.7,0,0
20:16:00.102,668226,210.34,245.0,0.0,0.0,34.65,0,0
20:16:00.206,668326,210.34,245.0,0.0,0.0,34.65,0,0
20:16:00.310,668426,210.4,245.0,0.0,0.0,34.59,0,0
20:16:00.402,668526,210.44,245.0,0.0,0.0,34.55,0,0
20:16:00.505,668626,210.51,245.0,0.0,0.0,34.48,0,0
20:16:00.602,668726,210.58,245.0,0.0,0.0,34.41,0,0
20:16:00.705,668826,210.64,245.0,0.0,0.0,34.35,0,0
20:16:00.802,668926,210.64,245.0,0.0,0.0,34.35,0,0
20:16:00.901,669026,210.69,245.0,0.0,0.0,34.3,0,0
20:16:01.005,669126,210.73,245.0,0.0,0.0,34.26,0,0
20:16:01.102,669226,210.79,245.0,0.0,0.0,34.2,0,0
20:16:01.204,669326,210.86,245.0,0.0,0.0,34.13,0,0
20:16:01.304,669426,210.92,245.0,0.0,0.0,34.07,0,0
20:16:01.402,669526,210.97,245.0,0.0,0.0,34.02,0,0
20:16:01.504,669626,211.02,245.0,0.0,0.0,33.97,0,0
20:16:01.602,669726,211.06,245.0,0.0,0.0,33.93,0,0
20:16:01.701,669826,211.12,245.0,0.0,0.0,33.87,0,0
20:16:01.803,669926,211.12,245.0,27.0,0.0,33.87,0,1
20:16:01.903,670026,211.15,245.0,3.0,0.0,33.84,0,0
20:16:02.001,670126,211.2,245.0,0.0,0.0,33.79,0,0
20:16:02.102,670226,211.23,245.0,0.0,0.0,33.76,0,0
20:16:02.202,670326,211.29,245.0,0.0,0.0,33.7,0,0
20:16:02.301,670426,211.29,245.0,0.0,0.0,33.7,0,0
20:16:02.400,670526,211.33,245.0,0.0,0.0,33.66,0,0
20:16:02.501,670626,211.36,245.0,3.0,0.0,33.63,0,0
20:16:02.605,670726,211.4,245.0,0.0,0.0,33.59,0,0
20:16:02.704,670826,211.44,245.0,0.0,0.0,33.55,0,0
20:16:02.802,670926,211.48,245.0,0.0,0.0,33.51,0,0
20:16:02.901,671026,211.48,245.0,26.0,0.0,33.51,0,1
20:16:03.000,671126,211.51,245.0,4.0,0.0,33.48,0,0
20:16:03.100,671226,211.55,245.0,0.0,0.0,33.44,0,0
20:16:03.201,671326,211.59,245.0,0.0,0.0,33.4,0,0
20:16:03.306,671426,211.59,245.0,26.0,0.0,33.4,0,1
20:16:03.401,671526,211.62,245.0,2.0,0.0,33.37,0,0
20:16:03.501,671626,211.62,245.0,2.0,0.0,33.37,0,0
20:16:03.603,671726,211.68,245.0,0.0,0.0,33.31,0,0
20:16:03.701,671826,211.71,245.0,3.0,0.0,33.28,0,0
20:16:03.801,671926,211.73,245.0,6.0,0.0,33.26,0,0
20:16:03.902,672026,211.76,245.0,2.0,0.0,33.23,0,0
20:16:04.006,672126,211.76,245.0,2.0,0.0,33.23,0,0
20:16:04.102,672226,211.8,245.0,0.0,0.0,33.19,0,0
20:16:04.200,672326,211.81,245.0,13.0,0.0,33.18,0,0
20:16:04.303,672426,211.84,245.0,9.0,0.0,33.15,0,0
20:16:04.402,672526,211.86,245.0,10.0,0.0,33.13,0,0
20:16:04.503,672626,211.87,245.0,17.0,0.0,33.12,0,1
20:16:04.604,672726,211.88,245.0,13.0,0.0,33.11,0,0
20:16:04.706,672826,211.88,245.0,25.0,0.0,33.11,0,1
20:16:04.803,672926,211.88,245.0,31.0,0.0,33.11,0,1
20:16:04.904,673026,211.88,245.0,26.0,0.0,33.11,0,1
20:16:05.006,673126,211.9,245.0,8.0,0.0,33.09,0,0
20:16:05.103,673226,211.89,245.0,32.0,0.0,33.1,0,1
20:16:05.205,673326,211.91,245.0,15.0,0.0,33.08,0,1
20:16:05.302,673426,211.93,245.0,10.0,0.0,33.06,0,0
20:16:05.401,673526,211.93,245.0,23.0,0.0,33.06,0,1
20:16:05.504,673626,211.95,245.0,12.0,0.0,33.04,0,0
20:16:05.600,673726,211.98,245.0,2.0,0.0,33.01,0,0
20:16:05.706,673826,212.0,245.0,5.0,0.0,32.99,0,0
20:16:05.803,673926,212.01,245.0,24.0,0.0,32.98,0,1
20:16:05.901,674026,212.01,245.0,26.0,0.0,32.98,0,1
20:16:06.028,674126,211.99,245.0,35.0,0.0,33.0,0,1
20:16:06.100,674226,211.99,245.0,28.0,0.0,33.0,0,1
20:16:06.201,674326,211.97,245.0,39.0,0.0,33.02,0,1
20:16:06.302,674426,211.96,245.0,38.0,0.0,33.03,0,1
20:16:06.407,674526,211.96,245.0,26.0,0.0,33.03,0,1
20:16:06.520,674626,211.93,245.0,48.0,0.0,33.06,0,1
20:16:06.622,674726,211.9,245.0,51.0,0.0,33.09,0,1
20:16:06.706,674826,211.87,245.0,49.0,0.0,33.12,0,1
20:16:06.801,674926,211.86,245.0,35.0,0.0,33.13,0,1
20:16:06.900,675026,211.84,245.0,40.0,0.0,33.15,0,1
20:16:07.004,675126,211.84,245.0,28.0,0.0,33.15,0,1
20:16:07.100,675226,211.83,245.0,38.0,0.0,33.16,0,1
20:16:07.199,675326,211.81,245.0,37.0,0.0,33.18,0,1
20:16:07.310,675426,211.81,245.0,25.0,0.0,33.18,0,1
20:16:07.400,675526,211.81,245.0,31.0,0.0,33.18,0,1
20:16:07.503,675626,211.78,245.0,47.0,0.0,33.21,0,1
20:16:07.601,675726,211.76,245.0,45.0,0.0,33.23,0,1
20:16:07.700,675826,211.72,245.0,59.0,0.0,33.27,0,1
20:16:07.803,675926,211.71,245.0,34.0,0.0,33.28,0,1
20:16:07.899,676026,211.72,245.0,17.0,0.0,33.27,0,1
20:16:08.001,676126,211.72,245.0,26.0,0.0,33.27,0,1
20:16:08.101,676226,211.69,245.0,51.0,0.0,33.3,0,1
20:16:08.201,676326,211.66,245.0,48.0,0.0,33.33,0,1
20:16:08.309,676426,211.64,245.0,41.0,0.0,33.35,0,1
20:16:08.400,676526,211.62,245.0,45.0,0.0,33.37,0,1
20:16:08.500,676626,211.6,245.0,43.0,0.0,33.39,0,1
20:16:08.604,676726,211.6,245.0,43.0,0.0,33.39,0,1
20:16:08.701,676826,211.6,245.0,26.0,0.0,33.39,0,1
20:16:08.803,676926,211.57,245.0,52.0,0.0,33.42,0,1
20:16:08.902,677026,211.54,245.0,44.0,0.0,33.45,0,1
20:16:09.000,677126,211.52,245.0,42.0,0.0,33.47,0,1
20:16:09.099,677226,211.52,245.0,42.0,0.0,33.47,0,1
20:16:09.200,677326,211.49,245.0,52.0,0.0,33.5,0,1
20:16:09.300,677426,211.46,245.0,49.0,0.0,33.53,0,1
20:16:09.407,677526,211.44,245.0,47.0,0.0,33.55,0,1
20:16:09.500,677626,211.42,245.0,39.0,0.0,33.57,0,1
20:16:09.608,677726,211.39,245.0,49.0,0.0,33.6,0,1
20:16:09.699,677826,211.38,245.0,36.0,0.0,33.61,0,1
20:16:09.799,677926,211.37,245.0,35.0,0.0,33.62,0,1
20:16:09.899,678026,211.35,245.0,45.0,0.0,33.64,0,1
20:16:10.037,678126,211.31,245.0,54.0,0.0,33.68,0,1
20:16:10.102,678226,211.29,245.0,46.0,0.0,33.7,0,1
20:16:10.203,678326,211.27,245.0,39.0,0.0,33.72,0,1
20:16:10.299,678426,211.23,245.0,65.0,0.0,33.76,0,1
20:16:10.400,678526,211.21,245.0,39.0,0.0,33.78,0,1
20:16:10.502,678626,211.19,245.0,43.0,0.0,33.8,0,1
20:16:10.612,678726,211.18,245.0,36.0,0.0,33.81,0,1
20:16:10.698,678826,211.14,245.0,57.0,0.0,33.85,0,1
20:16:10.798,678926,211.1,245.0,54.0,0.0,33.89,0,1
20:16:10.898,679026,211.09,245.0,35.0,0.0,33.9,0,1
20:16:10.998,679126,211.08,245.0,34.0,0.0,33.91,0,1
20:16:11.100,679226,211.06,245.0,50.0,0.0,33.93,0,1
20:16:11.198,679326,211.06,245.0,50.0,0.0,33.93,0,1
20:16:11.303,679426,211.04,245.0,37.0,0.0,33.95,0,1
20:16:11.399,679526,211.03,245.0,36.0,0.0,33.96,0,1
20:16:11.499,679626,211.01,245.0,46.0,0.0,33.98,0,1
20:16:11.599,679726,210.99,245.0,38.0,0.0,34.0,0,1
20:16:11.731,679826,210.99,245.0,38.0,0.0,34.0,0,1
20:16:11.808,679926,210.98,245.0,37.0,0.0,34.01,0,1
20:16:11.899,680026,210.98,245.0,31.0,0.0,34.01,0,1
20:16:11.999,680126,210.97,245.0,30.0,0.0,34.02,0,1
20:16:12.101,680226,210.95,245.0,41.0,0.0,34.04,0,1
20:16:12.200,680326,210.95,245.0,41.0,0.0,34.04,0,1
20:16:12.311,680426,210.92,245.0,50.0,0.0,34.07,0,1
20:16:12.401,680526,210.93,245.0,21.0,0.0,34.06,0,1
20:16:12.505,680626,210.94,245.0,21.0,0.0,34.05,0,1
20:16:12.602,680726,210.94,245.0,27.0,0.0,34.05,0,1
20:16:12.698,680826,210.93,245.0,33.0,0.0,34.06,0,1
20:16:12.799,680926,210.93,245.0,33.0,0.0,34.06,0,1
20:16:12.898,681026,210.94,245.0,16.0,0.0,34.05,0,1
20:16:13.005,681126,210.95,245.0,22.0,0.0,34.04,0,1
20:16:13.104,681226,210.96,245.0,23.0,0.0,34.03,0,1
20:16:13.201,681326,210.95,245.0,34.0,0.0,34.04,0,1
20:16:13.299,681426,210.96,245.0,17.0,0.0,34.03,0,1
20:16:13.400,681526,210.96,245.0,23.0,0.0,34.03,0,1
20:16:13.500,681626,210.97,245.0,24.0,0.0,34.02,0,1
20:16:13.601,681726,210.99,245.0,8.0,0.0,34.0,0,0
20:16:13.700,681826,211.02,245.0,4.0,0.0,33.97,0,0
20:16:13.802,681926,211.04,245.0,12.0,0.0,33.95,0,0
20:16:13.902,682026,211.07,245.0,2.0,0.0,33.92,0,0
20:16:14.008,682126,211.09,245.0,10.0,0.0,33.9,0,0
20:16:14.109,682226,211.11,245.0,6.0,0.0,33.88,0,0
20:16:14.200,682326,211.13,245.0,14.0,0.0,33.86,0,0
20:16:14.297,682426,211.14,245.0,21.0,0.0,33.85,0,1
20:16:14.399,682526,211.13,245.0,32.0,0.0,33.86,0,1
20:16:14.503,682626,211.15,245.0,10.0,0.0,33.84,0,0
20:16:14.602,682726,211.18,245.0,0.0,0.0,33.81,0,0
20:16:14.705,682826,211.21,245.0,3.0,0.0,33.78,0,0
20:16:14.805,682926,211.24,245.0,5.0,0.0,33.75,0,0
20:16:14.898,683026,211.24,245.0,24.0,0.0,33.75,0,1
20:16:14.998,683126,211.27,245.0,2.0,0.0,33.72,0,0
20:16:15.099,683226,211.3,245.0,5.0,0.0,33.69,0,0
20:16:15.198,683326,211.33,245.0,1.0,0.0,33.66,0,0
20:16:15.298,683426,211.36,245.0,9.0,0.0,33.63,0,0
20:16:15.401,683526,211.4,245.0,0.0,0.0,33.59,0,0
20:16:15.509,683626,211.4,245.0,26.0,0.0,33.59,0,1
20:16:15.602,683726,211.42,245.0,3.0,0.0,33.57,0,0
20:16:15.722,683826,211.46,245.0,0.0,0.0,33.53,0,0
20:16:15.798,683926,211.5,245.0,0.0,0.0,33.49,0,0
20:16:15.897,684026,211.53,245.0,6.0,0.0,33.46,0,0
20:16:15.997,684126,211.59,245.0,0.0,0.0,33.4,0,0
20:16:16.098,684226,211.64,245.0,0.0,0.0,33.35,0,0
20:16:16.197,684326,211.67,245.0,0.0,0.0,33.32,0,0
20:16:16.302,684426,211.72,245.0,0.0,0.0,33.27,0,0
20:16:16.400,684526,211.77,245.0,0.0,0.0,33.22,0,0
20:16:16.498,684626,211.8,245.0,5.0,0.0,33.19,0,0
20:16:16.598,684726,211.85,245.0,0.0,0.0,33.14,0,0
20:16:16.699,684826,211.89,245.0,1.0,0.0,33.1,0,0
20:16:16.798,684926,211.91,245.0,3.0,0.0,33.08,0,0
20:16:16.901,685026,211.94,245.0,5.0,0.0,33.05,0,0
20:16:16.999,685126,211.98,245.0,0.0,0.0,33.01,0,0
20:16:17.097,685226,212.02,245.0,0.0,0.0,32.97,0,0
20:16:17.200,685326,212.06,245.0,0.0,0.0,32.93,0,0
20:16:17.297,685426,212.12,245.0,0.0,0.0,32.87,0,0
20:16:17.414,685526,212.17,245.0,0.0,0.0,32.82,0,0
20:16:17.497,685626,212.22,245.0,0.0,0.0,32.77,0,0
20:16:17.597,685726,212.24,245.0,13.0,0.0,32.75,0,0
20:16:17.698,685826,212.24,245.0,26.0,0.0,32.75,0,1
20:16:17.797,685926,212.27,245.0,0.0,0.0,32.72,0,0
20:16:17.902,686026,212.32,245.0,0.0,0.0,32.67,0,0
20:16:17.997,686126,212.36,245.0,0.0,0.0,32.63,0,0
20:16:18.097,686226,212.36,245.0,0.0,0.0,32.63,0,0
20:16:18.201,686326,212.41,245.0,0.0,0.0,32.58,0,0
20:16:18.298,686426,212.45,245.0,0.0,0.0,32.54,0,0
20:16:18.401,686526,212.49,245.0,0.0,0.0,32.5,0,0
20:16:18.498,686626,212.54,245.0,0.0,0.0,32.45,0,0
20:16:18.603,686726,212.54,245.0,25.0,0.0,32.45,0,1
20:16:18.698,686826,212.58,245.0,0.0,0.0,32.41,0,0
20:16:18.798,686926,212.63,245.0,0.0,0.0,32.36,0,0
20:16:18.906,687026,212.66,245.0,0.0,0.0,32.33,0,0
20:16:19.003,687126,212.69,245.0,0.0,0.0,32.3,0,0
20:16:19.100,687226,212.73,245.0,0.0,0.0,32.26,0,0
20:16:19.198,687326,212.74,245.0,14.0,0.0,32.25,0,0
20:16:19.297,687426,212.74,245.0,14.0,0.0,32.25,0,0
20:16:19.399,687526,212.8,245.0,0.0,0.0,32.19,0,0
20:16:19.498,687626,212.84,245.0,0.0,0.0,32.15,0,0
20:16:19.603,687726,212.86,245.0,12.0,0.0,32.13,0,0
20:16:19.701,687826,212.89,245.0,2.0,0.0,32.1,0,0
20:16:19.797,687926,212.89,245.0,2.0,0.0,32.1,0,0
20:16:19.900,688026,212.91,245.0,4.0,0.0,32.08,0,0
20:16:20.005,688126,212.95,245.0,0.0,0.0,32.04,0,0
20:16:20.101,688226,212.98,245.0,0.0,0.0,32.01,0,0
20:16:20.230,688326,213.02,245.0,0.0,0.0,31.97,0,0
20:16:20.297,688426,213.05,245.0,4.0,0.0,31.94,0,0
20:16:20.398,688526,213.08,245.0,0.0,0.0,31.91,0,0
20:16:20.496,688626,213.1,245.0,8.0,0.0,31.89,0,0
20:16:20.596,688726,213.11,245.0,16.0,0.0,31.88,0,1
20:16:20.697,688826,213.11,245.0,16.0,0.0,31.88,0,1
20:16:20.810,688926,213.12,245.0,16.0,0.0,31.87,0,1
20:16:20.899,689026,213.13,245.0,23.0,0.0,31.86,0,1
20:16:20.998,689126,213.13,245.0,23.0,0.0,31.86,0,1
20:16:21.097,689226,213.13,245.0,25.0,0.0,31.86,0,1
20:16:21.197,689326,213.11,245.0,40.0,0.0,31.88,0,1
20:16:21.297,689426,213.11,245.0,27.0,0.0,31.88,0,1
20:16:21.398,689526,213.13,245.0,5.0,0.0,31.86,0,0
20:16:21.497,689626,213.14,245.0,18.0,0.0,31.85,0,1
20:16:21.596,689726,213.14,245.0,24.0,0.0,31.85,0,1
20:16:21.698,689826,213.14,245.0,24.0,0.0,31.85,0,1
20:16:21.799,689926,213.13,245.0,36.0,0.0,31.86,0,1
20:16:21.896,690026,213.13,245.0,23.0,0.0,31.86,0,1
20:16:21.996,690126,213.12,245.0,35.0,0.0,31.87,0,1
20:16:22.096,690226,213.11,245.0,28.0,0.0,31.88,0,1
20:16:22.198,690326,213.11,245.0,28.0,0.0,31.88,0,1
20:16:22.297,690426,213.11,245.0,25.0,0.0,31.88,0,1
20:16:22.400,690526,213.12,245.0,22.0,0.0,31.87,0,1
20:16:22.520,690626,213.1,245.0,39.0,0.0,31.89,0,1
20:16:22.601,690726,213.11,245.0,15.0,0.0,31.88,0,1
20:16:22.699,690826,213.1,245.0,39.0,0.0,31.89,0,1
20:16:22.797,690926,213.09,245.0,32.0,0.0,31.9,0,1
20:16:22.899,691026,213.08,245.0,31.0,0.0,31.91,0,1
20:16:22.996,691126,213.06,245.0,36.0,0.0,31.93,0,1
20:16:23.104,691226,213.07,245.0,24.0,0.0,31.92,0,1
20:16:23.196,691326,213.07,245.0,25.0,0.0,31.92,0,1
20:16:23.296,691426,213.03,245.0,52.0,0.0,31.96,0,1
20:16:23.419,691526,213.01,245.0,44.0,0.0,31.98,0,1
20:16:23.520,691626,213.01,245.0,44.0,0.0,31.98,0,1
20:16:23.622,691726,213.0,245.0,31.0,0.0,31.99,0,1
20:16:23.720,691826,212.95,245.0,64.0,0.0,32.04,0,1
20:16:23.824,691926,212.95,245.0,32.0,0.0,32.04,0,1
20:16:23.920,692026,212.93,245.0,37.0,0.0,32.06,0,1
20:16:24.019,692126,212.92,245.0,30.0,0.0,32.07,0,1
20:16:24.122,692226,212.92,245.0,30.0,0.0,32.07,0,1
20:16:24.240,692326,212.9,245.0,46.0,0.0,32.09,0,1
20:16:24.320,692426,212.89,245.0,33.0,0.0,32.1,0,1
20:16:24.421,692526,212.86,245.0,44.0,0.0,32.13,0,1
20:16:24.523,692626,212.86,245.0,25.0,0.0,32.13,0,1
20:16:24.620,692726,212.86,245.0,31.0,0.0,32.13,0,1
20:16:24.718,692826,212.82,245.0,58.0,0.0,32.17,0,1
20:16:24.823,692926,212.81,245.0,32.0,0.0,32.18,0,1
20:16:24.926,693026,212.79,245.0,37.0,0.0,32.2,0,1
20:16:25.021,693126,212.77,245.0,47.0,0.0,32.22,0,1
20:16:25.121,693226,212.74,245.0,45.0,0.0,32.25,0,1
20:16:25.220,693326,212.71,245.0,49.0,0.0,32.28,0,1
20:16:25.320,693426,212.69,245.0,41.0,0.0,32.3,0,1
20:16:25.420,693526,212.68,245.0,34.0,0.0,32.31,0,1
20:16:25.520,693626,212.68,245.0,27.0,0.0,32.31,0,1
20:16:25.622,693726,212.68,245.0,27.0,0.0,32.31,0,1
20:16:25.722,693826,212.65,245.0,49.0,0.0,32.34,0,1
20:16:25.819,693926,212.64,245.0,36.0,0.0,32.35,0,1
20:16:25.944,694026,212.63,245.0,35.0,0.0,32.36,0,1
20:16:26.019,694126,212.6,245.0,45.0,0.0,32.39,0,1
20:16:26.121,694226,212.6,245.0,25.0,0.0,32.39,0,1
20:16:26.220,694326,212.58,245.0,43.0,0.0,32.41,0,1
20:16:26.322,694426,212.54,245.0,52.0,0.0,32.45,0,1
20:16:26.422,694526,212.54,245.0,28.0,0.0,32.45,0,1
20:16:26.520,694626,212.53,245.0,33.0,0.0,32.46,0,1
20:16:26.618,694726,212.53,245.0,33.0,0.0,32.46,0,1
20:16:26.722,694826,212.52,245.0,38.0,0.0,32.47,0,1
20:16:26.818,694926,212.49,245.0,48.0,0.0,32.5,0,1
20:16:26.919,695026,212.49,245.0,23.0,0.0,32.5,0,1
20:16:27.024,695126,212.49,245.0,29.0,0.0,32.5,0,1
20:16:27.129,695226,212.5,245.0,17.0,0.0,32.49,0,1
20:16:27.217,695326,212.49,245.0,29.0,0.0,32.5,0,1
20:16:27.318,695426,212.48,245.0,40.0,0.0,32.51,0,1
20:16:27.418,695526,212.47,245.0,28.0,0.0,32.52,0,1
20:16:27.521,695626,212.48,245.0,22.0,0.0,32.51,0,1
20:16:27.618,695726,212.48,245.0,22.0,0.0,32.51,0,1
20:16:27.718,695826,212.46,245.0,39.0,0.0,32.53,0,1
20:16:27.817,695926,212.47,245.0,21.0,0.0,32.52,0,1
20:16:27.928,696026,212.47,245.0,27.0,0.0,32.52,0,1
20:16:28.019,696126,212.47,245.0,27.0,0.0,32.52,0,1
20:16:28.123,696226,212.47,245.0,21.0,0.0,32.52,0,1
20:16:28.223,696326,212.46,245.0,33.0,0.0,32.53,0,1
20:16:28.319,696426,212.45,245.0,38.0,0.0,32.54,0,1
20:16:28.428,696526,212.45,245.0,20.0,0.0,32.54,0,1
20:16:28.523,696626,212.47,245.0,9.0,0.0,32.52,0,0
20:16:28.620,696726,212.49,245.0,16.0,0.0,32.5,0,1
20:16:28.722,696826,212.49,245.0,26.0,0.0,32.5,0,1
20:16:28.823,696926,212.49,245.0,23.0,0.0,32.5,0,1
20:16:28.923,697026,212.49,245.0,29.0,0.0,32.5,0,1
20:16:29.017,697126,212.5,245.0,17.0,0.0,32.49,0,1
20:16:29.121,697226,212.52,245.0,7.0,0.0,32.47,0,0
20:16:29.228,697326,212.56,245.0,0.0,0.0,32.43,0,0
20:16:29.318,697426,212.58,245.0,12.0,0.0,32.41,0,0
20:16:29.419,697526,212.6,245.0,8.0,0.0,32.39,0,0
20:16:29.517,697626,212.63,245.0,4.0,0.0,32.36,0,0
20:16:29.621,697726,212.64,245.0,12.0,0.0,32.35,0,0
20:16:29.727,697826,212.66,245.0,13.0,0.0,32.33,0,0
20:16:29.817,697926,212.68,245.0,9.0,0.0,32.31,0,0
20:16:29.927,698026,212.71,245.0,0.0,0.0,32.28,0,0
20:16:30.019,698126,212.74,245.0,2.0,0.0,32.25,0,0
20:16:30.116,698226,212.76,245.0,10.0,0.0,32.23,0,0
20:16:30.226,698326,212.79,245.0,6.0,0.0,32.2,0,0
20:16:30.318,698426,212.81,245.0,7.0,0.0,32.18,0,0
20:16:30.421,698526,212.84,245.0,0.0,0.0,32.15,0,0
20:16:30.517,698626,212.84,245.0,0.0,0.0,32.15,0,0
20:16:30.617,698726,212.88,245.0,0.0,0.0,32.11,0,0
20:16:30.717,698826,212.91,245.0,4.0,0.0,32.08,0,0
20:16:30.821,698926,212.93,245.0,6.0,0.0,32.06,0,0
20:16:30.921,699026,212.98,245.0,0.0,0.0,32.01,0,0
20:16:31.017,699126,213.01,245.0,0.0,0.0,31.98,0,0
20:16:31.118,699226,213.03,245.0,8.0,0.0,31.96,0,0
20:16:31.217,699326,213.07,245.0,0.0,0.0,31.92,0,0
20:16:31.318,699426,213.1,245.0,0.0,0.0,31.89,0,0
20:16:31.421,699526,213.14,245.0,0.0,0.0,31.85,0,0
20:16:31.519,699626,213.17,245.0,0.0,0.0,31.82,0,0
20:16:31.641,699726,213.17,245.0,0.0,0.0,31.82,0,0
20:16:31.717,699826,213.17,245.0,0.0,0.0,31.82,0,0
20:16:31.819,699926,213.17,245.0,0.0,0.0,31.82,0,0
20:16:31.919,700026,213.23,245.0,0.0,0.0,31.76,0,0
20:16:32.020,700126,213.29,245.0,0.0,0.0,31.7,0,0
20:16:32.122,700226,213.35,245.0,0.0,0.0,31.64,0,0
20:16:32.224,700326,213.41,245.0,0.0,0.0,31.58,0,0
20:16:32.317,700426,213.46,245.0,0.0,0.0,31.53,0,0
20:16:32.420,700526,213.52,245.0,0.0,0.0,31.47,0,0
20:16:32.525,700626,213.57,245.0,0.0,0.0,31.42,0,0
20:16:32.618,700726,213.62,245.0,0.0,0.0,31.37,0,0
20:16:32.721,700826,213.66,245.0,0.0,0.0,31.33,0,0
20:16:32.817,700926,213.7,245.0,0.0,0.0,31.29,0,0
20:16:32.916,701026,213.75,245.0,0.0,0.0,31.24,0,0
20:16:33.019,701126,213.77,245.0,10.0,0.0,31.22,0,0
20:16:33.116,701226,213.78,245.0,12.0,0.0,31.21,0,0
20:16:33.216,701326,213.84,245.0,0.0,0.0,31.15,0,0
20:16:33.334,701426,213.89,245.0,0.0,0.0,31.1,0,0
20:16:33.416,701526,213.92,245.0,0.0,0.0,31.07,0,0
20:16:33.516,701626,213.96,245.0,0.0,0.0,31.03,0,0
20:16:33.618,701726,213.96,245.0,24.0,0.0,31.03,0,1
20:16:33.721,701826,214.01,245.0,0.0,0.0,30.98,0,0
20:16:33.818,701926,214.04,245.0,0.0,0.0,30.95,0,0
20:16:33.919,702026,214.07,245.0,0.0,0.0,30.92,0,0
20:16:34.018,702126,214.13,245.0,0.0,0.0,30.86,0,0
20:16:34.116,702226,214.15,245.0,6.0,0.0,30.84,0,0
20:16:34.219,702326,214.19,245.0,0.0,0.0,30.8,0,0
20:16:34.322,702426,214.23,245.0,0.0,0.0,30.76,0,0
20:16:34.416,702526,214.27,245.0,0.0,0.0,30.72,0,0
20:16:34.519,702626,214.32,245.0,0.0,0.0,30.67,0,0
20:16:34.617,702726,214.32,245.0,24.0,0.0,30.67,0,1
20:16:34.716,702826,214.32,245.0,21.0,0.0,30.67,0,1
20:16:34.819,702926,214.33,245.0,16.0,0.0,30.66,0,1
20:16:34.919,703026,214.36,245.0,0.0,0.0,30.63,0,0
20:16:35.047,703126,214.4,245.0,0.0,0.0,30.59,0,0
20:16:35.117,703226,214.42,245.0,4.0,0.0,30.57,0,0
20:16:35.222,703326,214.43,245.0,18.0,0.0,30.56,0,1
20:16:35.316,703426,214.45,245.0,7.0,0.0,30.54,0,0
20:16:35.415,703526,214.47,245.0,9.0,0.0,30.52,0,0
20:16:35.517,703626,214.47,245.0,22.0,0.0,30.52,0,1
20:16:35.632,703726,214.48,245.0,16.0,0.0,30.51,0,1
20:16:35.716,703826,214.48,245.0,23.0,0.0,30.51,0,1
20:16:35.817,703926,214.51,245.0,6.0,0.0,30.48,0,0
20:16:35.922,704026,214.53,245.0,7.0,0.0,30.46,0,0
20:16:36.018,704126,214.55,245.0,9.0,0.0,30.44,0,0
20:16:36.116,704226,214.56,245.0,10.0,0.0,30.43,0,0
20:16:36.225,704326,214.57,245.0,18.0,0.0,30.42,0,1
20:16:36.324,704426,214.57,245.0,24.0,0.0,30.42,0,1
20:16:36.415,704526,214.58,245.0,18.0,0.0,30.41,0,1
20:16:36.518,704626,214.58,245.0,19.0,0.0,30.41,0,1
20:16:36.618,704726,214.57,245.0,36.0,0.0,30.42,0,1
20:16:36.726,704826,214.58,245.0,12.0,0.0,30.41,0,0
20:16:36.821,704926,214.6,245.0,13.0,0.0,30.39,0,0
20:16:36.920,705026,214.61,245.0,9.0,0.0,30.38,0,0
20:16:37.024,705126,214.61,245.0,27.0,0.0,30.38,0,1
20:16:37.122,705226,214.61,245.0,27.0,0.0,30.38,0,1
20:16:37.228,705326,214.58,245.0,44.0,0.0,30.41,0,1
20:16:37.345,705426,214.57,245.0,36.0,0.0,30.42,0,1
20:16:37.421,705526,214.57,245.0,24.0,0.0,30.42,0,1
20:16:37.522,705626,214.57,245.0,24.0,0.0,30.42,0,1
20:16:37.623,705726,214.57,245.0,24.0,0.0,30.42,0,1
20:16:37.719,705826,214.57,245.0,24.0,0.0,30.42,0,1
20:16:37.818,705926,214.54,245.0,47.0,0.0,30.45,0,1
20:16:37.921,706026,214.54,245.0,27.0,0.0,30.45,0,1
20:16:38.027,706126,214.53,245.0,33.0,0.0,30.46,0,1
20:16:38.120,706226,214.51,245.0,38.0,0.0,30.48,0,1
20:16:38.214,706326,214.51,245.0,38.0,0.0,30.48,0,1
20:16:38.315,706426,214.5,245.0,30.0,0.0,30.49,0,1
20:16:38.414,706526,214.47,245.0,47.0,0.0,30.52,0,1
20:16:38.519,706626,214.47,245.0,28.0,0.0,30.52,0,1
20:16:38.616,706726,214.44,245.0,44.0,0.0,30.55,0,1
20:16:38.719,706826,214.41,245.0,48.0,0.0,30.58,0,1
20:16:38.819,706926,214.4,245.0,34.0,0.0,30.59,0,1
20:16:38.916,707026,214.41,245.0,16.0,0.0,30.58,0,1
20:16:39.039,707126,214.39,245.0,40.0,0.0,30.6,0,1
20:16:39.122,707226,214.36,245.0,44.0,0.0,30.63,0,1
20:16:39.215,707326,214.36,245.0,24.0,0.0,30.63,0,1
20:16:39.318,707426,214.36,245.0,25.0,0.0,30.63,0,1
20:16:39.417,707526,214.34,245.0,42.0,0.0,30.65,0,1
20:16:39.523,707626,214.34,245.0,29.0,0.0,30.65,0,1
20:16:39.622,707726,214.32,245.0,40.0,0.0,30.67,0,1
20:16:39.721,707826,214.31,245.0,32.0,0.0,30.68,0,1
20:16:39.832,707926,214.31,245.0,24.0,0.0,30.68,0,1
20:16:39.926,708026,214.3,245.0,26.0,0.0,30.69,0,1
20:16:40.027,708126,214.27,245.0,48.0,0.0,30.72,0,1
20:16:40.115,708226,214.26,245.0,35.0,0.0,30.73,0,1
20:16:40.215,708326,214.26,245.0,24.0,0.0,30.73,0,1
20:16:40.316,708426,214.24,245.0,39.0,0.0,30.75,0,1
20:16:40.415,708526,214.22,245.0,43.0,0.0,30.77,0,1
20:16:40.517,708626,214.19,245.0,42.0,0.0,30.8,0,1
20:16:40.615,708726,214.19,245.0,28.0,0.0,30.8,0,1
20:16:40.737,708826,214.16,245.0,45.0,0.0,30.83,0,1
20:16:40.816,708926,214.14,245.0,43.0,0.0,30.85,0,1
20:16:40.916,709026,214.12,245.0,41.0,0.0,30.87,0,1
20:16:41.017,709126,214.1,245.0,39.0,0.0,30.89,0,1
20:16:41.118,709226,214.08,245.0,38.0,0.0,30.91,0,1
20:16:41.219,709326,214.07,245.0,37.0,0.0,30.92,0,1
20:16:41.330,709426,214.05,245.0,41.0,0.0,30.94,0,1
20:16:41.415,709526,214.03,245.0,34.0,0.0,30.96,0,1
20:16:41.516,709626,214.01,245.0,44.0,0.0,30.98,0,1
20:16:41.621,709726,214.0,245.0,31.0,0.0,30.99,0,1
20:16:41.719,709826,213.99,245.0,30.0,0.0,31.0,0,1
20:16:41.817,709926,213.96,245.0,52.0,0.0,31.03,0,1
20:16:41.916,710026,213.95,245.0,33.0,0.0,31.04,0,1
20:16:42.018,710126,213.93,245.0,37.0,0.0,31.06,0,1
20:16:42.118,710226,213.92,245.0,36.0,0.0,31.07,0,1
20:16:42.219,710326,213.9,245.0,41.0,0.0,31.09,0,1
20:16:42.324,710426,213.89,245.0,33.0,0.0,31.1,0,1
20:16:42.414,710526,213.89,245.0,33.0,0.0,31.1,0,1
20:16:42.514,710626,213.88,245.0,27.0,0.0,31.11,0,1
20:16:42.616,710726,213.87,245.0,32.0,0.0,31.12,0,1
20:16:42.719,710826,213.87,245.0,26.0,0.0,31.12,0,1
20:16:42.824,710926,213.86,245.0,37.0,0.0,31.13,0,1
20:16:42.915,711026,213.84,245.0,36.0,0.0,31.15,0,1
20:16:43.033,711126,213.84,245.0,23.0,0.0,31.15,0,1
20:16:43.116,711226,213.87,245.0,6.0,0.0,31.12,0,0
20:16:43.214,711326,213.87,245.0,19.0,0.0,31.12,0,1
20:16:43.314,711426,213.87,245.0,26.0,0.0,31.12,0,1
20:16:43.414,711526,213.87,245.0,24.0,0.0,31.12,0,1
20:16:43.515,711626,213.86,245.0,31.0,0.0,31.13,0,1
20:16:43.620,711726,213.85,245.0,31.0,0.0,31.14,0,1
20:16:43.724,711826,213.86,245.0,19.0,0.0,31.13,0,1
20:16:43.817,711926,213.85,245.0,36.0,0.0,31.14,0,1
20:16:43.916,712026,213.85,245.0,18.0,0.0,31.14,0,1
20:16:44.015,712126,213.85,245.0,24.0,0.0,31.14,0,1
20:16:44.116,712226,213.85,245.0,30.0,0.0,31.14,0,1
20:16:44.213,712326,213.86,245.0,18.0,0.0,31.13,0,1
20:16:44.323,712426,213.88,245.0,7.0,0.0,31.11,0,0
20:16:44.414,712526,213.91,245.0,0.0,0.0,31.08,0,0
20:16:44.514,712626,213.93,245.0,12.0,0.0,31.06,0,0
20:16:44.616,712726,213.96,245.0,0.0,0.0,31.03,0,0
20:16:44.723,712826,213.97,245.0,16.0,0.0,31.02,0,1
20:16:44.816,712926,213.98,245.0,22.0,0.0,31.01,0,1
20:16:44.913,713026,214.01,245.0,0.0,0.0,30.98,0,0
20:16:45.014,713126,214.04,245.0,3.0,0.0,30.95,0,0
20:16:45.118,713226,214.06,245.0,5.0,0.0,30.93,0,0
20:16:45.213,713326,214.08,245.0,12.0,0.0,30.91,0,0
20:16:45.318,713426,214.12,245.0,0.0,0.0,30.87,0,0
20:16:45.413,713526,214.14,245.0,5.0,0.0,30.85,0,0
20:16:45.513,713626,214.17,245.0,7.0,0.0,30.82,0,0
20:16:45.615,713726,214.18,245.0,9.0,0.0,30.81,0,0
20:16:45.718,713826,214.2,245.0,11.0,0.0,30.79,0,0
20:16:45.841,713926,214.25,245.0,0.0,0.0,30.74,0,0
20:16:45.920,714026,214.28,245.0,0.0,0.0,30.71,0,0
20:16:46.013,714126,214.29,245.0,12.0,0.0,30.7,0,0
20:16:46.118,714226,214.33,245.0,0.0,0.0,30.66,0,0
20:16:46.213,714326,214.33,245.0,24.0,0.0,30.66,0,1
20:16:46.316,714426,214.37,245.0,0.0,0.0,30.62,0,0
20:16:46.447,714526,214.4,245.0,0.0,0.0,30.59,0,0
20:16:46.513,714626,214.43,245.0,5.0,0.0,30.56,0,0
20:16:46.621,714726,214.46,245.0,0.0,0.0,30.53,0,0
20:16:46.715,714826,214.49,245.0,0.0,0.0,30.5,0,0
20:16:46.822,714926,214.54,245.0,0.0,0.0,30.45,0,0
20:16:46.920,715026,214.56,245.0,4.0,0.0,30.43,0,0
20:16:47.014,715126,214.59,245.0,0.0,0.0,30.4,0,0
20:16:47.121,715226,214.64,245.0,0.0,0.0,30.35,0,0
20:16:47.213,715326,214.64,245.0,24.0,0.0,30.35,0,1
20:16:47.315,715426,214.66,245.0,6.0,0.0,30.33,0,0
20:16:47.414,715526,214.69,245.0,2.0,0.0,30.3,0,0
20:16:47.524,715626,214.73,245.0,0.0,0.0,30.26,0,0
20:16:47.613,715726,214.78,245.0,0.0,0.0,30.21,0,0
20:16:47.715,715826,214.8,245.0,12.0,0.0,30.19,0,0
20:16:47.815,715926,214.84,245.0,0.0,0.0,30.15,0,0
20:16:47.915,716026,214.87,245.0,0.0,0.0,30.12,0,0
20:16:48.019,716126,214.9,245.0,1.0,0.0,30.09,0,0
20:16:48.114,716226,214.95,245.0,0.0,0.0,30.04,0,0
20:16:48.219,716326,215.0,245.0,0.0,0.0,29.99,0,0
20:16:48.316,716426,215.04,245.0,0.0,0.0,29.95,0,0
20:16:48.416,716526,215.04,245.0,0.0,0.0,29.95,0,0
20:16:48.520,716626,215.08,245.0,0.0,0.0,29.91,0,0
20:16:48.615,716726,215.14,245.0,0.0,0.0,29.85,0,0
20:16:48.721,716826,215.18,245.0,0.0,0.0,29.81,0,0
20:16:48.813,716926,215.22,245.0,0.0,0.0,29.77,0,0
20:16:48.919,717026,215.25,245.0,6.0,0.0,29.74,0,0
20:16:49.013,717126,215.28,245.0,0.0,0.0,29.71,0,0
20:16:49.116,717226,215.31,245.0,0.0,0.0,29.68,0,0
20:16:49.212,717326,215.34,245.0,0.0,0.0,29.65,0,0
20:16:49.313,717426,215.38,245.0,0.0,0.0,29.61,0,0
20:16:49.414,717526,215.38,245.0,0.0,0.0,29.61,0,0
20:16:49.512,717626,215.42,245.0,0.0,0.0,29.57,0,0
20:16:49.614,717726,215.45,245.0,5.0,0.0,29.54,0,0
20:16:49.713,717826,215.47,245.0,7.0,0.0,29.52,0,0
20:16:49.818,717926,215.51,245.0,0.0,0.0,29.48,0,0
20:16:49.912,718026,215.52,245.0,11.0,0.0,29.47,0,0
20:16:50.011,718126,215.52,245.0,23.0,0.0,29.47,0,1
20:16:50.120,718226,215.52,245.0,23.0,0.0,29.47,0,1
20:16:50.214,718326,215.54,245.0,7.0,0.0,29.45,0,0
20:16:50.312,718426,215.56,245.0,8.0,0.0,29.43,0,0
20:16:50.413,718526,215.58,245.0,10.0,0.0,29.41,0,0
20:16:50.515,718626,215.6,245.0,5.0,0.0,29.39,0,0
20:16:50.620,718726,215.63,245.0,1.0,0.0,29.36,0,0
20:16:50.712,718826,215.64,245.0,9.0,0.0,29.35,0,0
20:16:50.817,718926,215.66,245.0,11.0,0.0,29.33,0,0
20:16:50.912,719026,215.67,245.0,18.0,0.0,29.32,0,1
20:16:51.020,719126,215.68,245.0,12.0,0.0,29.31,0,0
20:16:51.115,719226,215.71,245.0,0.0,0.0,29.28,0,0
20:16:51.211,719326,215.73,245.0,10.0,0.0,29.26,0,0
20:16:51.312,719426,215.74,245.0,11.0,0.0,29.25,0,0
20:16:51.411,719526,215.77,245.0,1.0,0.0,29.22,0,0
20:16:51.519,719626,215.77,245.0,21.0,0.0,29.22,0,1
20:16:51.612,719726,215.77,245.0,27.0,0.0,29.22,0,1
20:16:51.712,719826,215.77,245.0,20.0,0.0,29.22,0,1
20:16:51.817,719926,215.77,245.0,20.0,0.0,29.22,0,1
20:16:51.911,720026,215.77,245.0,27.0,0.0,29.22,0,1
20:16:52.013,720126,215.77,245.0,20.0,0.0,29.22,0,1
20:16:52.114,720226,215.77,245.0,21.0,0.0,29.22,0,1
20:16:52.212,720326,215.76,245.0,33.0,0.0,29.23,0,1
20:16:52.312,720426,215.79,245.0,2.0,0.0,29.2,0,0
20:16:52.415,720526,215.79,245.0,23.0,0.0,29.2,0,1
20:16:52.519,720626,215.78,245.0,28.0,0.0,29.21,0,1
20:16:52.615,720726,215.77,245.0,33.0,0.0,29.22,0,1
20:16:52.713,720826,215.76,245.0,26.0,0.0,29.23,0,1
20:16:52.815,720926,215.76,245.0,26.0,0.0,29.23,0,1
20:16:52.914,721026,215.74,245.0,37.0,0.0,29.25,0,1
20:16:53.013,721126,215.75,245.0,18.0,0.0,29.24,0,1
20:16:53.115,721226,215.74,245.0,30.0,0.0,29.25,0,1
20:16:53.213,721326,215.73,245.0,30.0,0.0,29.26,0,1
20:16:53.318,721426,215.71,245.0,41.0,0.0,29.28,0,1
20:16:53.412,721526,215.7,245.0,33.0,0.0,29.29,0,1
20:16:53.512,721626,215.68,245.0,38.0,0.0,29.31,0,1
20:16:53.615,721726,215.68,245.0,19.0,0.0,29.31,0,1
20:16:53.712,721826,215.66,245.0,37.0,0.0,29.33,0,1
20:16:53.836,721926,215.63,245.0,47.0,0.0,29.36,0,1
20:16:53.912,722026,215.63,245.0,23.0,0.0,29.36,0,1
20:16:54.013,722126,215.62,245.0,33.0,0.0,29.37,0,1
20:16:54.120,722226,215.61,245.0,32.0,0.0,29.38,0,1
20:16:54.211,722326,215.59,245.0,43.0,0.0,29.4,0,1
20:16:54.312,722426,215.56,245.0,41.0,0.0,29.43,0,1
20:16:54.412,722526,215.53,245.0,50.0,0.0,29.46,0,1
20:16:54.511,722626,215.5,245.0,42.0,0.0,29.49,0,1
20:16:54.612,722726,215.48,245.0,40.0,0.0,29.51,0,1
20:16:54.712,722826,215.44,245.0,50.0,0.0,29.55,0,1
20:16:54.812,722926,215.43,245.0,35.0,0.0,29.56,0,1
20:16:54.912,723026,215.41,245.0,40.0,0.0,29.58,0,1
20:16:55.011,723126,215.41,245.0,40.0,0.0,29.58,0,1
20:16:55.113,723226,215.39,245.0,38.0,0.0,29.6,0,1
20:16:55.211,723326,215.36,245.0,43.0,0.0,29.63,0,1
20:16:55.312,723426,215.35,245.0,35.0,0.0,29.64,0,1
20:16:55.411,723526,215.34,245.0,28.0,0.0,29.65,0,1
20:16:55.510,723626,215.32,245.0,45.0,0.0,29.67,0,1
20:16:55.610,723726,215.3,245.0,37.0,0.0,29.69,0,1
20:16:55.712,723826,215.31,245.0,18.0,0.0,29.68,0,1
20:16:55.812,723926,215.27,245.0,48.0,0.0,29.72,0,1
20:16:55.914,724026,215.26,245.0,34.0,0.0,29.73,0,1
20:16:56.012,724126,215.24,245.0,38.0,0.0,29.75,0,1
20:16:56.128,724226,215.24,245.0,38.0,0.0,29.75,0,1
20:16:56.213,724326,215.24,245.0,25.0,0.0,29.75,0,1
20:16:56.311,724426,215.22,245.0,42.0,0.0,29.77,0,1
20:16:56.413,724526,215.2,245.0,35.0,0.0,29.79,0,1
20:16:56.511,724626,215.18,245.0,39.0,0.0,29.81,0,1
20:16:56.614,724726,215.18,245.0,23.0,0.0,29.81,0,1
20:16:56.725,724826,215.14,245.0,50.0,0.0,29.85,0,1
20:16:56.817,724926,215.14,245.0,23.0,0.0,29.85,0,1
20:16:56.914,725026,215.11,245.0,46.0,0.0,29.88,0,1
20:16:57.011,725126,215.1,245.0,38.0,0.0,29.89,0,1
20:16:57.115,725226,215.07,245.0,43.0,0.0,29.92,0,1
20:16:57.212,725326,215.04,245.0,46.0,0.0,29.95,0,1
20:16:57.312,725426,215.02,245.0,38.0,0.0,29.97,0,1
20:16:57.414,725526,215.01,245.0,37.0,0.0,29.98,0,1
20:16:57.511,725626,215.0,245.0,30.0,0.0,29.99,0,1
20:16:57.618,725726,214.98,245.0,41.0,0.0,30.01,0,1
20:16:57.711,725826,214.96,245.0,39.0,0.0,30.03,0,1
20:16:57.823,725926,214.93,245.0,43.0,0.0,30.06,0,1
20:16:57.915,726026,214.94,245.0,18.0,0.0,30.05,0,1
20:16:58.012,726126,214.93,245.0,30.0,0.0,30.06,0,1
20:16:58.115,726226,214.93,245.0,30.0,0.0,30.06,0,1
20:16:58.211,726326,214.9,245.0,47.0,0.0,30.09,0,1
20:16:58.310,726426,214.89,245.0,33.0,0.0,30.1,0,1
20:16:58.412,726526,214.88,245.0,32.0,0.0,30.11,0,1
20:16:58.510,726626,214.88,245.0,26.0,0.0,30.11,0,1
20:16:58.616,726726,214.89,245.0,14.0,0.0,30.1,0,0
20:16:58.712,726826,214.9,245.0,15.0,0.0,30.09,0,1
20:16:58.817,726926,214.88,245.0,39.0,0.0,30.11,0,1
20:16:58.910,727026,214.87,245.0,37.0,0.0,30.12,0,1
20:16:59.010,727126,214.87,245.0,19.0,0.0,30.12,0,1
20:16:59.110,727226,214.87,245.0,25.0,0.0,30.12,0,1
20:16:59.212,727326,214.87,245.0,25.0,0.0,30.12,0,1
20:16:59.310,727426,214.88,245.0,13.0,0.0,30.11,0,0
20:16:59.411,727526,214.89,245.0,20.0,0.0,30.1,0,1
20:16:59.525,727626,214.89,245.0,26.0,0.0,30.1,0,1
20:16:59.610,727726,214.89,245.0,20.0,0.0,30.1,0,1
20:16:59.713,727826,214.89,245.0,26.0,0.0,30.1,0,1
20:16:59.811,727926,214.89,245.0,20.0,0.0,30.1,0,1
20:16:59.914,728026,214.91,245.0,9.0,0.0,30.08,0,0
20:17:00.011,728126,214.93,245.0,5.0,0.0,30.06,0,0
20:17:00.121,728226,214.95,245.0,12.0,0.0,30.04,0,0
20:17:00.210,728326,214.96,245.0,13.0,0.0,30.03,0,0
20:17:00.316,728426,214.96,245.0,20.0,0.0,30.03,0,1
20:17:00.411,728526,214.98,245.0,9.0,0.0,30.01,0,0
20:17:00.510,728626,214.98,245.0,22.0,0.0,30.01,0,1
20:17:00.617,728726,215.01,245.0,5.0,0.0,29.98,0,0
20:17:00.714,728826,215.05,245.0,0.0,0.0,29.94,0,0
20:17:00.839,728926,215.08,245.0,0.0,0.0,29.91,0,0
20:17:00.912,729026,215.1,245.0,12.0,0.0,29.89,0,0
20:17:01.012,729126,215.11,245.0,8.0,0.0,29.88,0,0
20:17:01.110,729226,215.14,245.0,4.0,0.0,29.85,0,0
20:17:01.211,729326,215.17,245.0,0.0,0.0,29.82,0,0
20:17:01.309,729426,215.22,245.0,0.0,0.0,29.77,0,0
20:17:01.414,729526,215.22,245.0,23.0,0.0,29.77,0,1
20:17:01.510,729626,215.23,245.0,12.0,0.0,29.76,0,0
20:17:01.616,729726,215.25,245.0,7.0,0.0,29.74,0,0
20:17:01.714,729826,215.28,245.0,3.0,0.0,29.71,0,0
20:17:01.833,729926,215.29,245.0,11.0,0.0,29.7,0,0
20:17:01.909,730026,215.32,245.0,0.0,0.0,29.67,0,0
20:17:02.013,730126,215.35,245.0,3.0,0.0,29.64,0,0
20:17:02.109,730226,215.39,245.0,0.0,0.0,29.6,0,0
20:17:02.213,730326,215.42,245.0,0.0,0.0,29.57,0,0
20:17:02.309,730426,215.46,245.0,0.0,0.0,29.53,0,0
20:17:02.411,730526,215.49,245.0,0.0,0.0,29.5,0,0
20:17:02.513,730626,215.52,245.0,4.0,0.0,29.47,0,0
20:17:02.622,730726,215.56,245.0,0.0,0.0,29.43,0,0
20:17:02.734,730826,215.58,245.0,4.0,0.0,29.41,0,0
20:17:02.822,730926,215.6,245.0,6.0,0.0,29.39,0,0
20:17:02.912,731026,215.65,245.0,0.0,0.0,29.34,0,0
20:17:03.019,731126,215.69,245.0,0.0,0.0,29.3,0,0
20:17:03.110,731226,215.69,245.0,0.0,0.0,29.3,0,0
20:17:03.211,731326,215.72,245.0,0.0,0.0,29.27,0,0
20:17:03.310,731426,215.75,245.0,0.0,0.0,29.24,0,0
20:17:03.409,731526,215.81,245.0,0.0,0.0,29.18,0,0
20:17:03.508,731626,215.81,245.0,0.0,0.0,29.18,0,0
20:17:03.615,731726,215.87,245.0,0.0,0.0,29.12,0,0
20:17:03.711,731826,215.9,245.0,0.0,0.0,29.09,0,0
20:17:03.810,731926,215.92,245.0,1.0,0.0,29.07,0,0
20:17:03.910,732026,215.98,245.0,0.0,0.0,29.01,0,0
20:17:04.009,732126,216.03,245.0,0.0,0.0,28.96,0,0
20:17:04.134,732226,216.03,245.0,0.0,0.0,28.96,0,0
20:17:04.209,732326,216.09,245.0,0.0,0.0,28.9,0,0
20:17:04.310,732426,216.13,245.0,0.0,0.0,28.86,0,0
20:17:04.409,732526,216.17,245.0,0.0,0.0,28.82,0,0
20:17:04.510,732626,216.23,245.0,0.0,0.0,28.76,0,0
20:17:04.609,732726,216.25,245.0,4.0,0.0,28.74,0,0
20:17:04.719,732826,216.28,245.0,0.0,0.0,28.71,0,0
20:17:04.811,732926,216.31,245.0,0.0,0.0,28.68,0,0
20:17:04.908,733026,216.37,245.0,0.0,0.0,28.62,0,0
20:17:05.010,733126,216.4,245.0,0.0,0.0,28.59,0,0
20:17:05.117,733226,216.4,245.0,22.0,0.0,28.59,0,1
20:17:05.209,733326,216.41,245.0,12.0,0.0,28.58,0,0
20:17:05.309,733426,216.45,245.0,0.0,0.0,28.54,0,0
20:17:05.408,733526,216.5,245.0,0.0,0.0,28.49,0,0
20:17:05.509,733626,216.52,245.0,2.0,0.0,28.47,0,0
20:17:05.608,733726,216.52,245.0,22.0,0.0,28.47,0,1
20:17:05.714,733826,216.52,245.0,22.0,0.0,28.47,0,1
20:17:05.831,733926,216.53,245.0,16.0,0.0,28.46,0,1
20:17:05.913,734026,216.55,245.0,5.0,0.0,28.44,0,0
20:17:06.011,734126,216.57,245.0,6.0,0.0,28.42,0,0
20:17:06.108,734226,216.61,245.0,0.0,0.0,28.38,0,0
20:17:06.208,734326,216.63,245.0,5.0,0.0,28.36,0,0
20:17:06.309,734426,216.66,245.0,0.0,0.0,28.33,0,0
20:17:06.409,734526,216.67,245.0,14.0,0.0,28.32,0,0
20:17:06.509,734626,216.69,245.0,3.0,0.0,28.3,0,0
20:17:06.607,734726,216.71,245.0,5.0,0.0,28.28,0,0
20:17:06.711,734826,216.71,245.0,5.0,0.0,28.28,0,0
20:17:06.809,734926,216.74,245.0,0.0,0.0,28.25,0,0
20:17:06.908,735026,216.77,245.0,4.0,0.0,28.22,0,0
20:17:07.018,735126,216.77,245.0,23.0,0.0,28.22,0,1
20:17:07.109,735226,216.78,245.0,11.0,0.0,28.21,0,0
20:17:07.209,735326,216.78,245.0,22.0,0.0,28.21,0,1
20:17:07.308,735426,216.78,245.0,18.0,0.0,28.21,0,1
20:17:07.408,735526,216.78,245.0,25.0,0.0,28.21,0,1
20:17:07.532,735626,216.78,245.0,22.0,0.0,28.21,0,1
20:17:07.621,735726,216.78,245.0,24.0,0.0,28.21,0,1
20:17:07.707,735826,216.78,245.0,24.0,0.0,28.21,0,1
20:17:07.810,735926,216.76,245.0,36.0,0.0,28.23,0,1
20:17:07.908,736026,216.76,245.0,23.0,0.0,28.23,0,1
20:17:08.010,736126,216.74,245.0,34.0,0.0,28.25,0,1
20:17:08.122,736226,216.73,245.0,33.0,0.0,28.26,0,1
20:17:08.208,736326,216.72,245.0,32.0,0.0,28.27,0,1
20:17:08.312,736426,216.74,245.0,7.0,0.0,28.25,0,0
20:17:08.413,736526,216.74,245.0,15.0,0.0,28.25,0,1
20:17:08.511,736626,216.73,245.0,33.0,0.0,28.26,0,1
20:17:08.617,736726,216.72,245.0,32.0,0.0,28.27,0,1
20:17:08.707,736826,216.72,245.0,32.0,0.0,28.27,0,1
20:17:08.808,736926,216.72,245.0,19.0,0.0,28.27,0,1
20:17:08.908,737026,216.71,245.0,31.0,0.0,28.28,0,1
20:17:09.011,737126,216.7,245.0,30.0,0.0,28.29,0,1
20:17:09.109,737226,216.68,245.0,41.0,0.0,28.31,0,1
20:17:09.236,737326,216.68,245.0,22.0,0.0,28.31,0,1
20:17:09.308,737426,216.64,245.0,50.0,0.0,28.35,0,1
20:17:09.409,737526,216.64,245.0,22.0,0.0,28.35,0,1
20:17:09.512,737626,216.61,245.0,43.0,0.0,28.38,0,1
20:17:09.609,737726,216.61,245.0,29.0,0.0,28.38,0,1
20:17:09.713,737826,216.61,245.0,29.0,0.0,28.38,0,1
20:17:09.812,737926,216.59,245.0,34.0,0.0,28.4,0,1
20:17:09.907,738026,216.57,245.0,39.0,0.0,28.42,0,1
20:17:10.011,738126,216.54,245.0,43.0,0.0,28.45,0,1
20:17:10.107,738226,216.51,245.0,50.0,0.0,28.48,0,1
20:17:10.210,738326,216.49,245.0,38.0,0.0,28.5,0,1
20:17:10.310,738426,216.45,245.0,48.0,0.0,28.54,0,1
20:17:10.414,738526,216.43,245.0,40.0,0.0,28.56,0,1
20:17:10.511,738626,216.4,245.0,50.0,0.0,28.59,0,1
20:17:10.613,738726,216.35,245.0,50.0,0.0,28.64,0,1
20:17:10.711,738826,216.33,245.0,38.0,0.0,28.66,0,1
20:17:10.808,738926,216.3,245.0,50.0,0.0,28.69,0,1
20:17:10.932,739026,216.3,245.0,50.0,0.0,28.69,0,1
20:17:11.007,739126,216.25,245.0,50.0,0.0,28.74,0,1
20:17:11.108,739226,216.23,245.0,35.0,0.0,28.76,0,1
20:17:11.207,739326,216.2,245.0,45.0,0.0,28.79,0,1
20:17:11.308,739426,216.18,245.0,37.0,0.0,28.81,0,1
20:17:11.412,739526,216.15,245.0,47.0,0.0,28.84,0,1
20:17:11.544,739626,216.12,245.0,45.0,0.0,28.87,0,1
20:17:11.607,739726,216.08,245.0,50.0,0.0,28.91,0,1
20:17:11.711,739826,216.06,245.0,33.0,0.0,28.93,0,1
20:17:11.816,739926,216.06,245.0,33.0,0.0,28.93,0,1
20:17:11.914,740026,216.04,245.0,44.0,0.0,28.95,0,1
20:17:12.013,740126,216.04,245.0,24.0,0.0,28.95,0,1
20:17:12.123,740226,216.0,245.0,50.0,0.0,28.99,0,1
20:17:12.207,740326,215.98,245.0,33.0,0.0,29.01,0,1
20:17:12.308,740426,215.96,245.0,43.0,0.0,29.03,0,1
20:17:12.408,740526,215.93,245.0,47.0,0.0,29.06,0,1
20:17:12.509,740626,215.89,245.0,50.0,0.0,29.1,0,1
20:17:12.607,740726,215.89,245.0,24.0,0.0,29.1,0,1
20:17:12.718,740826,215.86,245.0,41.0,0.0,29.13,0,1
20:17:12.807,740926,215.83,245.0,45.0,0.0,29.16,0,1
20:17:12.913,741026,215.83,245.0,45.0,0.0,29.16,0,1
20:17:13.009,741126,215.83,245.0,23.0,0.0,29.16,0,1
20:17:13.107,741226,215.81,245.0,43.0,0.0,29.18,0,1
20:17:13.207,741326,215.79,245.0,35.0,0.0,29.2,0,1
20:17:13.306,741426,215.79,245.0,28.0,0.0,29.2,0,1
20:17:13.406,741526,215.79,245.0,22.0,0.0,29.2,0,1
20:17:13.507,741626,215.77,245.0,34.0,0.0,29.22,0,1
20:17:13.609,741726,215.75,245.0,38.0,0.0,29.24,0,1
20:17:13.711,741826,215.74,245.0,31.0,0.0,29.25,0,1
20:17:13.806,741926,215.74,245.0,24.0,0.0,29.25,0,1
20:17:13.906,742026,215.74,245.0,24.0,0.0,29.25,0,1
20:17:14.006,742126,215.74,245.0,24.0,0.0,29.25,0,1
20:17:14.106,742226,215.75,245.0,18.0,0.0,29.24,0,1
20:17:14.206,742326,215.72,245.0,48.0,0.0,29.27,0,1
20:17:14.309,742426,215.71,245.0,28.0,0.0,29.28,0,1
20:17:14.409,742526,215.7,245.0,27.0,0.0,29.29,0,1
20:17:14.506,742626,215.69,245.0,33.0,0.0,29.3,0,1
20:17:14.608,742726,215.71,245.0,8.0,0.0,29.28,0,0
20:17:14.707,742826,215.72,245.0,16.0,0.0,29.27,0,1
20:17:14.810,742926,215.71,245.0,28.0,0.0,29.28,0,1
20:17:14.906,743026,215.71,245.0,28.0,0.0,29.28,0,1
20:17:15.006,743126,215.68,245.0,45.0,0.0,29.31,0,1
20:17:15.106,743226,215.67,245.0,37.0,0.0,29.32,0,1
20:17:15.206,743326,215.67,245.0,24.0,0.0,29.32,0,1
20:17:15.309,743426,215.66,245.0,24.0,0.0,29.33,0,1
20:17:15.406,743526,215.67,245.0,18.0,0.0,29.32,0,1
20:17:15.506,743626,215.67,245.0,23.0,0.0,29.32,0,1
20:17:15.608,743726,215.67,245.0,24.0,0.0,29.32,0,1
20:17:15.705,743826,215.67,245.0,18.0,0.0,29.32,0,1
20:17:15.810,743926,215.69,245.0,7.0,0.0,29.3,0,0
20:17:15.906,744026,215.7,245.0,15.0,0.0,29.29,0,1
20:17:16.005,744126,215.7,245.0,15.0,0.0,29.29,0,1
20:17:16.108,744226,215.71,245.0,21.0,0.0,29.28,0,1
20:17:16.211,744326,215.69,245.0,33.0,0.0,29.3,0,1
20:17:16.309,744426,215.71,245.0,9.0,0.0,29.28,0,0
20:17:16.406,744526,215.74,245.0,4.0,0.0,29.25,0,0
20:17:16.510,744626,215.77,245.0,0.0,0.0,29.22,0,0
20:17:16.609,744726,215.8,245.0,3.0,0.0,29.19,0,0
20:17:16.706,744826,215.8,245.0,3.0,0.0,29.19,0,0
20:17:16.810,744926,215.82,245.0,5.0,0.0,29.17,0,0
20:17:16.909,745026,215.85,245.0,1.0,0.0,29.14,0,0
20:17:17.005,745126,215.88,245.0,0.0,0.0,29.11,0,0
20:17:17.106,745226,215.91,245.0,0.0,0.0,29.08,0,0
20:17:17.206,745326,215.94,245.0,3.0,0.0,29.05,0,0
20:17:17.309,745426,215.98,245.0,0.0,0.0,29.01,0,0
20:17:17.408,745526,216.0,245.0,8.0,0.0,28.99,0,0
20:17:17.505,745626,216.02,245.0,10.0,0.0,28.97,0,0
20:17:17.606,745726,216.05,245.0,0.0,0.0,28.94,0,0
20:17:17.705,745826,216.07,245.0,1.0,0.0,28.92,0,0
20:17:17.808,745926,216.07,245.0,23.0,0.0,28.92,0,1
20:17:17.909,746026,216.1,245.0,0.0,0.0,28.89,0,0
20:17:18.005,746126,216.14,245.0,0.0,0.0,28.85,0,0
20:17:18.109,746226,216.18,245.0,0.0,0.0,28.81,0,0
20:17:18.205,746326,216.24,245.0,0.0,0.0,28.75,0,0
20:17:18.306,746426,216.27,245.0,0.0,0.0,28.72,0,0
20:17:18.404,746526,216.29,245.0,1.0,0.0,28.7,0,0
20:17:18.505,746626,216.34,245.0,0.0,0.0,28.65,0,0
20:17:18.609,746726,216.38,245.0,0.0,0.0,28.61,0,0
20:17:18.705,746826,216.42,245.0,0.0,0.0,28.57,0,0
20:17:18.805,746926,216.47,245.0,0.0,0.0,28.52,0,0
20:17:18.927,747026,216.52,245.0,0.0,0.0,28.47,0,0
20:17:19.005,747126,216.56,245.0,0.0,0.0,28.43,0,0
20:17:19.115,747226,216.58,245.0,0.0,0.0,28.41,0,0
20:17:19.207,747326,216.58,245.0,0.0,0.0,28.41,0,0
20:17:19.305,747426,216.63,245.0,0.0,0.0,28.36,0,0
20:17:19.406,747526,216.66,245.0,0.0,0.0,28.33,0,0
20:17:19.505,747626,216.69,245.0,0.0,0.0,28.3,0,0
20:17:19.608,747726,216.74,245.0,0.0,0.0,28.25,0,0
20:17:19.713,747826,216.8,245.0,0.0,0.0,28.19,0,0
20:17:19.805,747926,216.83,245.0,0.0,0.0,28.16,0,0
20:17:19.905,748026,216.87,245.0,0.0,0.0,28.12,0,0
20:17:20.005,748126,216.91,245.0,0.0,0.0,28.08,0,0
20:17:20.104,748226,216.95,245.0,0.0,0.0,28.04,0,0
20:17:20.205,748326,217.0,245.0,0.0,0.0,27.99,0,0
20:17:20.309,748426,217.03,245.0,0.0,0.0,27.96,0,0
20:17:20.405,748526,217.08,245.0,0.0,0.0,27.91,0,0
20:17:20.505,748626,217.13,245.0,0.0,0.0,27.86,0,0
20:17:20.615,748726,217.17,245.0,0.0,0.0,27.82,0,0
20:17:20.706,748826,217.23,245.0,0.0,0.0,27.76,0,0
20:17:20.808,748926,217.23,245.0,22.0,0.0,27.76,0,1
20:17:20.907,749026,217.25,245.0,6.0,0.0,27.74,0,0
20:17:21.005,749126,217.3,245.0,0.0,0.0,27.69,0,0
20:17:21.106,749226,217.34,245.0,0.0,0.0,27.65,0,0
20:17:21.213,749326,217.39,245.0,0.0,0.0,27.6,0,0
20:17:21.305,749426,217.42,245.0,1.0,0.0,27.57,0,0
20:17:21.405,749526,217.43,245.0,9.0,0.0,27.56,0,0
20:17:21.506,749626,217.48,245.0,0.0,0.0,27.51,0,0
20:17:21.606,749726,217.5,245.0,2.0,0.0,27.49,0,0
20:17:21.705,749826,217.51,245.0,16.0,0.0,27.48,0,1
20:17:21.803,749926,217.51,245.0,16.0,0.0,27.48,0,1
20:17:21.904,750026,217.53,245.0,4.0,0.0,27.46,0,0
20:17:22.005,750126,217.57,245.0,0.0,0.0,27.42,0,0
20:17:22.107,750226,217.6,245.0,0.0,0.0,27.39,0,0
20:17:22.205,750326,217.63,245.0,0.0,0.0,27.36,0,0
20:17:22.316,750426,217.66,245.0,0.0,0.0,27.33,0,0
20:17:22.405,750526,217.69,245.0,0.0,0.0,27.3,0,0
20:17:22.504,750626,217.72,245.0,0.0,0.0,27.27,0,0
20:17:22.610,750726,217.74,245.0,9.0,0.0,27.25,0,0
20:17:22.705,750826,217.76,245.0,5.0,0.0,27.23,0,0
20:17:22.804,750926,217.77,245.0,12.0,0.0,27.22,0,0
20:17:22.904,751026,217.78,245.0,13.0,0.0,27.21,0,0
20:17:23.004,751126,217.8,245.0,8.0,0.0,27.19,0,0
20:17:23.115,751226,217.82,245.0,3.0,0.0,27.17,0,0
20:17:23.204,751326,217.84,245.0,5.0,0.0,27.15,0,0
20:17:23.323,751426,217.84,245.0,19.0,0.0,27.15,0,1
20:17:23.454,751526,217.83,245.0,31.0,0.0,27.16,0,1
20:17:23.512,751626,217.83,245.0,24.0,0.0,27.16,0,1
20:17:23.610,751726,217.84,245.0,12.0,0.0,27.15,0,0
20:17:23.706,751826,217.86,245.0,7.0,0.0,27.13,0,0
20:17:23.814,751926,217.87,245.0,8.0,0.0,27.12,0,0
20:17:23.907,752026,217.89,245.0,9.0,0.0,27.1,0,0
20:17:24.004,752126,217.86,245.0,41.0,0.0,27.13,0,1
20:17:24.109,752226,217.86,245.0,27.0,0.0,27.13,0,1
20:17:24.205,752326,217.85,245.0,26.0,0.0,27.14,0,1
20:17:24.303,752426,217.85,245.0,21.0,0.0,27.14,0,1
20:17:24.405,752526,217.83,245.0,38.0,0.0,27.16,0,1
20:17:24.504,752626,217.83,245.0,24.0,0.0,27.16,0,1
20:17:24.607,752726,217.82,245.0,24.0,0.0,27.17,0,1
20:17:24.705,752826,217.81,245.0,29.0,0.0,27.18,0,1
20:17:24.807,752926,217.83,245.0,11.0,0.0,27.16,0,0
20:17:24.904,753026,217.83,245.0,18.0,0.0,27.16,0,1
20:17:25.003,753126,217.81,245.0,36.0,0.0,27.18,0,1
20:17:25.115,753226,217.8,245.0,29.0,0.0,27.19,0,1
20:17:25.215,753326,217.79,245.0,28.0,0.0,27.2,0,1
20:17:25.304,753426,217.78,245.0,33.0,0.0,27.21,0,1
20:17:25.403,753526,217.77,245.0,32.0,0.0,27.22,0,1
20:17:25.504,753626,217.77,245.0,32.0,0.0,27.22,0,1
20:17:25.604,753726,217.77,245.0,21.0,0.0,27.22,0,1
20:17:25.705,753826,217.74,245.0,43.0,0.0,27.25,0,1
20:17:25.804,753926,217.72,245.0,35.0,0.0,27.27,0,1
20:17:25.903,754026,217.71,245.0,27.0,0.0,27.28,0,1
20:17:26.004,754126,217.71,245.0,27.0,0.0,27.28,0,1
20:17:26.103,754226,217.69,245.0,45.0,0.0,27.3,0,1
20:17:26.204,754326,217.66,245.0,42.0,0.0,27.33,0,1
20:17:26.304,754426,217.64,245.0,40.0,0.0,27.35,0,1
20:17:26.405,754526,217.6,245.0,50.0,0.0,27.39,0,1
20:17:26.504,754626,217.59,245.0,30.0,0.0,27.4,0,1
20:17:26.603,754726,217.56,245.0,41.0,0.0,27.43,0,1
20:17:26.703,754826,217.54,245.0,45.0,0.0,27.45,0,1
20:17:26.808,754926,217.49,245.0,50.0,0.0,27.5,0,1
20:17:26.915,755026,217.46,245.0,50.0,0.0,27.53,0,1
20:17:27.002,755126,217.43,245.0,42.0,0.0,27.56,0,1
20:17:27.107,755226,217.4,245.0,46.0,0.0,27.59,0,1
20:17:27.204,755326,217.36,245.0,50.0,0.0,27.63,0,1
20:17:27.303,755426,217.33,245.0,46.0,0.0,27.66,0,1
20:17:27.408,755526,217.29,245.0,50.0,0.0,27.7,0,1
20:17:27.504,755626,217.27,245.0,41.0,0.0,27.72,0,1
20:17:27.603,755726,217.23,245.0,50.0,0.0,27.76,0,1
20:17:27.703,755826,217.23,245.0,22.0,0.0,27.76,0,1
20:17:27.805,755926,217.23,245.0,22.0,0.0,27.76,0,1
20:17:27.907,756026,217.23,245.0,22.0,0.0,27.76,0,1
20:17:28.004,756126,217.19,245.0,50.0,0.0,27.8,0,1
20:17:28.109,756226,217.16,245.0,45.0,0.0,27.83,0,1
20:17:28.205,756326,217.12,245.0,50.0,0.0,27.87,0,1
20:17:28.302,756426,217.08,245.0,50.0,0.0,27.91,0,1
20:17:28.403,756526,217.04,245.0,50.0,0.0,27.95,0,1
20:17:28.503,756626,216.99,245.0,50.0,0.0,28.0,0,1
20:17:28.641,756726,216.96,245.0,47.0,0.0,28.03,0,1
20:17:28.703,756826,216.94,245.0,39.0,0.0,28.05,0,1
20:17:28.803,756926,216.91,245.0,49.0,0.0,28.08,0,1
20:17:28.912,757026,216.89,245.0,34.0,0.0,28.1,0,1
20:17:29.002,757126,216.86,245.0,45.0,0.0,28.13,0,1
20:17:29.102,757226,216.86,245.0,45.0,0.0,28.13,0,1
20:17:29.207,757326,216.83,245.0,49.0,0.0,28.16,0,1
20:17:29.304,757426,216.82,245.0,28.0,0.0,28.17,0,1
20:17:29.407,757526,216.8,245.0,39.0,0.0,28.19,0,1
20:17:29.505,757626,216.77,245.0,50.0,0.0,28.22,0,1
20:17:29.607,757726,216.76,245.0,29.0,0.0,28.23,0,1
20:17:29.703,757826,216.76,245.0,22.0,0.0,28.23,0,1
20:17:29.804,757926,216.72,245.0,50.0,0.0,28.27,0,1
20:17:29.903,758026,216.72,245.0,25.0,0.0,28.27,0,1
20:17:30.005,758126,216.7,245.0,37.0,0.0,28.29,0,1
20:17:30.102,758226,216.69,245.0,30.0,0.0,28.3,0,1
20:17:30.206,758326,216.69,245.0,22.0,0.0,28.3,0,1
20:17:30.302,758426,216.67,245.0,41.0,0.0,28.32,0,1
20:17:30.402,758526,216.65,245.0,33.0,0.0,28.34,0,1
20:17:30.503,758626,216.65,245.0,26.0,0.0,28.34,0,1
20:17:30.602,758726,216.65,245.0,22.0,0.0,28.34,0,1
20:17:30.709,758826,216.64,245.0,31.0,0.0,28.35,0,1
20:17:30.802,758926,216.62,245.0,36.0,0.0,28.37,0,1
20:17:30.927,759026,216.6,245.0,41.0,0.0,28.39,0,1
20:17:31.003,759126,216.61,245.0,10.0,0.0,28.38,0,0
20:17:31.107,759226,216.62,245.0,17.0,0.0,28.37,0,1
20:17:31.207,759326,216.6,245.0,35.0,0.0,28.39,0,1
20:17:31.308,759426,216.62,245.0,10.0,0.0,28.37,0,0
20:17:31.403,759526,216.62,245.0,23.0,0.0,28.37,0,1
20:17:31.502,759626,216.61,245.0,29.0,0.0,28.38,0,1
20:17:31.602,759726,216.6,245.0,28.0,0.0,28.39,0,1
20:17:31.707,759826,216.6,245.0,22.0,0.0,28.39,0,1
20:17:31.802,759926,216.6,245.0,22.0,0.0,28.39,0,1
20:17:31.907,760026,216.59,245.0,34.0,0.0,28.4,0,1
20:17:32.002,760126,216.57,245.0,38.0,0.0,28.42,0,1
20:17:32.114,760226,216.57,245.0,19.0,0.0,28.42,0,1
20:17:32.205,760326,216.58,245.0,13.0,0.0,28.41,0,0
20:17:32.303,760426,216.59,245.0,14.0,0.0,28.4,0,0
20:17:32.401,760526,216.61,245.0,3.0,0.0,28.38,0,0
20:17:32.503,760626,216.61,245.0,3.0,0.0,28.38,0,0
20:17:32.624,760726,216.61,245.0,22.0,0.0,28.38,0,1
20:17:32.707,760826,216.62,245.0,17.0,0.0,28.37,0,1
20:17:32.803,760926,216.63,245.0,12.0,0.0,28.36,0,0
20:17:32.905,761026,216.65,245.0,13.0,0.0,28.34,0,0
20:17:33.003,761126,216.68,245.0,0.0,0.0,28.31,0,0
20:17:33.102,761226,216.71,245.0,0.0,0.0,28.28,0,0
20:17:33.206,761326,216.76,245.0,0.0,0.0,28.23,0,0
20:17:33.307,761426,216.79,245.0,0.0,0.0,28.2,0,0
20:17:33.403,761526,216.8,245.0,13.0,0.0,28.19,0,0
20:17:33.503,761626,216.82,245.0,2.0,0.0,28.17,0,0
20:17:33.602,761726,216.85,245.0,4.0,0.0,28.14,0,0
20:17:33.704,761826,216.86,245.0,12.0,0.0,28.13,0,0
20:17:33.801,761926,216.89,245.0,1.0,0.0,28.1,0,0
20:17:33.904,762026,216.91,245.0,3.0,0.0,28.08,0,0
20:17:34.001,762126,216.91,245.0,3.0,0.0,28.08,0,0
20:17:34.101,762226,216.92,245.0,11.0,0.0,28.07,0,0
20:17:34.201,762326,216.95,245.0,0.0,0.0,28.04,0,0
20:17:34.322,762426,216.99,245.0,0.0,0.0,28.0,0,0
20:17:34.409,762526,217.05,245.0,0.0,0.0,27.94,0,0
20:17:34.501,762626,217.08,245.0,0.0,0.0,27.91,0,0
20:17:34.601,762726,217.08,245.0,0.0,0.0,27.91,0,0
20:17:34.706,762826,217.08,245.0,22.0,0.0,27.91,0,1
20:17:34.802,762926,217.1,245.0,6.0,0.0,27.89,0,0
20:17:34.907,763026,217.15,245.0,0.0,0.0,27.84,0,0
20:17:35.001,763126,217.19,245.0,0.0,0.0,27.8,0,0
20:17:35.103,763226,217.23,245.0,0.0,0.0,27.76,0,0
20:17:35.203,763326,217.25,245.0,0.0,0.0,27.74,0,0
20:17:35.301,763426,217.28,245.0,0.0,0.0,27.71,0,0
20:17:35.401,763526,217.33,245.0,0.0,0.0,27.66,0,0
20:17:35.501,763626,217.35,245.0,8.0,0.0,27.64,0,0
20:17:35.600,763726,217.35,245.0,8.0,0.0,27.64,0,0
20:17:35.705,763826,217.38,245.0,0.0,0.0,27.61,0,0
20:17:35.804,763926,217.41,245.0,0.0,0.0,27.58,0,0
20:17:35.901,764026,217.46,245.0,0.0,0.0,27.53,0,0
20:17:36.005,764126,217.5,245.0,0.0,0.0,27.49,0,0
20:17:36.101,764226,217.53,245.0,0.0,0.0,27.46,0,0
20:17:36.205,764326,217.58,245.0,0.0,0.0,27.41,0,0
20:17:36.302,764426,217.61,245.0,0.0,0.0,27.38,0,0
20:17:36.401,764526,217.62,245.0,13.0,0.0,27.37,0,0
20:17:36.500,764626,217.65,245.0,2.0,0.0,27.34,0,0
20:17:36.614,764726,217.65,245.0,2.0,0.0,27.34,0,0
20:17:36.712,764826,217.7,245.0,0.0,0.0,27.29,0,0
20:17:36.808,764926,217.73,245.0,0.0,0.0,27.26,0,0
20:17:36.901,765026,217.76,245.0,0.0,0.0,27.23,0,0
20:17:37.001,765126,217.82,245.0,0.0,0.0,27.17,0,0
20:17:37.101,765226,217.87,245.0,0.0,0.0,27.12,0,0
20:17:37.201,765326,217.9,245.0,0.0,0.0,27.09,0,0
20:17:37.301,765426,217.92,245.0,5.0,0.0,27.07,0,0
20:17:37.405,765526,217.93,245.0,13.0,0.0,27.06,0,0
20:17:37.501,765626,217.96,245.0,0.0,0.0,27.03,0,0
20:17:37.600,765726,217.99,245.0,0.0,0.0,27.0,0,0
20:17:37.719,765826,217.99,245.0,0.0,0.0,27.0,0,0
20:17:37.800,765926,218.02,245.0,0.0,0.0,26.97,0,0
20:17:37.900,766026,218.04,245.0,3.0,0.0,26.95,0,0
20:17:38.002,766126,218.06,245.0,5.0,0.0,26.93,0,0
20:17:38.101,766226,218.1,245.0,0.0,0.0,26.89,0,0
20:17:38.200,766326,218.11,245.0,9.0,0.0,26.88,0,0
20:17:38.305,766426,218.13,245.0,4.0,0.0,26.86,0,0
20:17:38.404,766526,218.14,245.0,18.0,0.0,26.85,0,1
20:17:38.500,766626,218.12,245.0,36.0,0.0,26.87,0,1
20:17:38.600,766726,218.13,245.0,11.0,0.0,26.86,0,0
20:17:38.699,766826,218.13,245.0,21.0,0.0,26.86,0,1
20:17:38.802,766926,218.14,245.0,12.0,0.0,26.85,0,0
20:17:38.900,767026,218.16,245.0,7.0,0.0,26.83,0,0
20:17:39.009,767126,218.18,245.0,2.0,0.0,26.81,0,0
20:17:39.101,767226,218.21,245.0,0.0,0.0,26.78,0,0
20:17:39.203,767326,218.2,245.0,30.0,0.0,26.79,0,1
20:17:39.306,767426,218.18,245.0,41.0,0.0,26.81,0,1
20:17:39.400,767526,218.18,245.0,15.0,0.0,26.81,0,1
20:17:39.501,767626,218.17,245.0,34.0,0.0,26.82,0,1
20:17:39.602,767726,218.15,245.0,33.0,0.0,26.84,0,1
20:17:39.711,767826,218.16,245.0,13.0,0.0,26.83,0,0
20:17:39.803,767926,218.17,245.0,14.0,0.0,26.82,0,0
20:17:39.903,768026,218.15,245.0,39.0,0.0,26.84,0,1
20:17:40.008,768126,218.13,245.0,31.0,0.0,26.86,0,1
20:17:40.102,768226,218.13,245.0,24.0,0.0,26.86,0,1
20:17:40.200,768326,218.13,245.0,24.0,0.0,26.86,0,1
20:17:40.301,768426,218.14,245.0,12.0,0.0,26.85,0,0
20:17:40.400,768526,218.14,245.0,12.0,0.0,26.85,0,0
20:17:40.501,768626,218.13,245.0,31.0,0.0,26.86,0,1
20:17:40.606,768726,218.12,245.0,30.0,0.0,26.87,0,1
20:17:40.699,768826,218.11,245.0,29.0,0.0,26.88,0,1
20:17:40.801,768926,218.09,245.0,40.0,0.0,26.9,0,1
20:17:40.900,769026,218.06,245.0,38.0,0.0,26.93,0,1
20:17:41.002,769126,218.04,245.0,37.0,0.0,26.95,0,1
20:17:41.100,769226,218.03,245.0,29.0,0.0,26.96,0,1
20:17:41.202,769326,218.01,245.0,40.0,0.0,26.98,0,1
20:17:41.301,769426,218.0,245.0,32.0,0.0,26.99,0,1
20:17:41.400,769526,217.98,245.0,37.0,0.0,27.01,0,1
20:17:41.501,769626,217.94,245.0,48.0,0.0,27.05,0,1
20:17:41.600,769726,217.92,245.0,39.0,0.0,27.07,0,1
20:17:41.719,769826,217.89,245.0,49.0,0.0,27.1,0,1
20:17:41.800,769926,217.86,245.0,40.0,0.0,27.13,0,1
20:17:41.899,770026,217.82,245.0,50.0,0.0,27.17,0,1
20:17:42.002,770126,217.81,245.0,29.0,0.0,27.18,0,1
20:17:42.099,770226,217.78,245.0,46.0,0.0,27.21,0,1
20:17:42.199,770326,217.78,245.0,21.0,0.0,27.21,0,1
20:17:42.301,770426,217.73,245.0,50.0,0.0,27.26,0,1
20:17:42.400,770526,217.73,245.0,50.0,0.0,27.26,0,1
20:17:42.500,770626,217.7,245.0,50.0,0.0,27.29,0,1
20:17:42.601,770726,217.66,245.0,49.0,0.0,27.33,0,1
20:17:42.700,770826,217.64,245.0,41.0,0.0,27.35,0,1
20:17:42.800,770926,217.59,245.0,50.0,0.0,27.4,0,1
20:17:42.898,771026,217.59,245.0,50.0,0.0,27.4,0,1
20:17:43.001,771126,217.56,245.0,41.0,0.0,27.43,0,1
20:17:43.098,771226,217.53,245.0,45.0,0.0,27.46,0,1
20:17:43.200,771326,217.48,245.0,50.0,0.0,27.51,0,1
20:17:43.300,771426,217.43,245.0,50.0,0.0,27.56,0,1
20:17:43.438,771526,217.4,245.0,46.0,0.0,27.59,0,1
20:17:43.500,771626,217.38,245.0,38.0,0.0,27.61,0,1
20:17:43.599,771726,217.34,245.0,50.0,0.0,27.65,0,1
20:17:43.699,771826,217.31,245.0,45.0,0.0,27.68,0,1
20:17:43.800,771926,217.28,245.0,49.0,0.0,27.71,0,1
20:17:43.899,772026,217.25,245.0,46.0,0.0,27.74,0,1
20:17:44.003,772126,217.23,245.0,38.0,0.0,27.76,0,1
20:17:44.099,772226,217.21,245.0,36.0,0.0,27.78,0,1
20:17:44.199,772326,217.16,245.0,50.0,0.0,27.83,0,1
20:17:44.301,772426,217.13,245.0,42.0,0.0,27.86,0,1
20:17:44.399,772526,217.09,245.0,50.0,0.0,27.9,0,1
20:17:44.501,772626,217.09,245.0,22.0,0.0,27.9,0,1
20:17:44.600,772726,217.07,245.0,43.0,0.0,27.92,0,1
20:17:44.699,772826,217.06,245.0,29.0,0.0,27.93,0,1
20:17:44.799,772926,217.05,245.0,28.0,0.0,27.94,0,1
20:17:44.899,773026,217.02,245.0,46.0,0.0,27.97,0,1
20:17:45.000,773126,217.0,245.0,37.0,0.0,27.99,0,1
20:17:45.122,773226,216.98,245.0,36.0,0.0,28.01,0,1
20:17:45.199,773326,216.95,245.0,46.0,0.0,28.04,0,1
20:17:45.301,773426,216.93,245.0,38.0,0.0,28.06,0,1
20:17:45.398,773526,216.93,245.0,38.0,0.0,28.06,0,1
20:17:45.498,773626,216.92,245.0,36.0,0.0,28.07,0,1
20:17:45.598,773726,216.89,245.0,41.0,0.0,28.1,0,1
20:17:45.705,773826,216.89,245.0,21.0,0.0,28.1,0,1
20:17:45.801,773926,216.86,245.0,45.0,0.0,28.13,0,1
20:17:45.898,774026,216.86,245.0,45.0,0.0,28.13,0,1
20:17:45.998,774126,216.82,245.0,50.0,0.0,28.17,0,1
20:17:46.099,774226,216.82,245.0,28.0,0.0,28.17,0,1
20:17:46.198,774326,216.8,245.0,33.0,0.0,28.19,0,1
20:17:46.300,774426,216.79,245.0,32.0,0.0,28.2,0,1
20:17:46.399,774526,216.78,245.0,31.0,0.0,28.21,0,1
20:17:46.498,774626,216.78,245.0,31.0,0.0,28.21,0,1
20:17:46.599,774726,216.78,245.0,22.0,0.0,28.21,0,1
20:17:46.699,774826,216.76,245.0,36.0,0.0,28.23,0,1
20:17:46.821,774926,216.75,245.0,35.0,0.0,28.24,0,1
20:17:46.898,775026,216.75,245.0,22.0,0.0,28.24,0,1
20:17:47.001,775126,216.75,245.0,22.0,0.0,28.24,0,1
20:17:47.099,775226,216.73,245.0,39.0,0.0,28.26,0,1
20:17:47.198,775326,216.71,245.0,32.0,0.0,28.28,0,1
20:17:47.301,775426,216.72,245.0,19.0,0.0,28.27,0,1
20:17:47.400,775526,216.71,245.0,25.0,0.0,28.28,0,1
20:17:47.501,775626,216.71,245.0,25.0,0.0,28.28,0,1
20:17:47.599,775726,216.71,245.0,25.0,0.0,28.28,0,1
20:17:47.698,775826,216.7,245.0,30.0,0.0,28.29,0,1
20:17:47.799,775926,216.7,245.0,24.0,0.0,28.29,0,1
20:17:47.899,776026,216.72,245.0,6.0,0.0,28.27,0,0
20:17:47.997,776126,216.74,245.0,1.0,0.0,28.25,0,0
20:17:48.098,776226,216.78,245.0,0.0,0.0,28.21,0,0
20:17:48.198,776326,216.78,245.0,0.0,0.0,28.21,0,0
20:17:48.301,776426,216.78,245.0,22.0,0.0,28.21,0,1
20:17:48.398,776526,216.79,245.0,18.0,0.0,28.2,0,1
20:17:48.509,776626,216.79,245.0,22.0,0.0,28.2,0,1
20:17:48.606,776726,216.79,245.0,19.0,0.0,28.2,0,1
20:17:48.697,776826,216.8,245.0,13.0,0.0,28.19,0,0
20:17:48.801,776926,216.81,245.0,14.0,0.0,28.18,0,0
20:17:48.898,777026,216.84,245.0,0.0,0.0,28.15,0,0
20:17:48.998,777126,216.88,245.0,0.0,0.0,28.11,0,0
20:17:49.098,777226,216.92,245.0,0.0,0.0,28.07,0,0
20:17:49.202,777326,216.95,245.0,0.0,0.0,28.04,0,0
20:17:49.300,777426,216.99,245.0,0.0,0.0,28.0,0,0
20:17:49.398,777526,217.03,245.0,0.0,0.0,27.96,0,0
20:17:49.498,777626,217.04,245.0,8.0,0.0,27.95,0,0
20:17:49.598,777726,217.07,245.0,4.0,0.0,27.92,0,0
20:17:49.697,777826,217.07,245.0,4.0,0.0,27.92,0,0
20:17:49.796,777926,217.11,245.0,0.0,0.0,27.88,0,0
20:17:49.897,778026,217.16,245.0,0.0,0.0,27.83,0,0
20:17:49.997,778126,217.18,245.0,0.0,0.0,27.81,0,0
20:17:50.100,778226,217.21,245.0,3.0,0.0,27.78,0,0
20:17:50.203,778326,217.27,245.0,0.0,0.0,27.72,0,0
20:17:50.297,778426,217.27,245.0,0.0,0.0,27.72,0,0
20:17:50.399,778526,217.27,245.0,22.0,0.0,27.72,0,1
20:17:50.496,778626,217.28,245.0,9.0,0.0,27.71,0,0
20:17:50.600,778726,217.31,245.0,0.0,0.0,27.68,0,0
20:17:50.698,778826,217.35,245.0,0.0,0.0,27.64,0,0
20:17:50.797,778926,217.38,245.0,0.0,0.0,27.61,0,0
20:17:50.897,779026,217.42,245.0,0.0,0.0,27.57,0,0
20:17:50.997,779126,217.47,245.0,0.0,0.0,27.52,0,0
20:17:51.098,779226,217.51,245.0,0.0,0.0,27.48,0,0
20:17:51.198,779326,217.54,245.0,0.0,0.0,27.45,0,0
20:17:51.300,779426,217.54,245.0,21.0,0.0,27.45,0,1
20:17:51.396,779526,217.57,245.0,0.0,0.0,27.42,0,0
20:17:51.497,779626,217.61,245.0,0.0,0.0,27.38,0,0
20:17:51.598,779726,217.65,245.0,0.0,0.0,27.34,0,0
20:17:51.698,779826,217.71,245.0,0.0,0.0,27.28,0,0
20:17:51.800,779926,217.74,245.0,3.0,0.0,27.25,0,0
20:17:51.927,780026,217.79,245.0,0.0,0.0,27.2,0,0
20:17:51.997,780126,217.83,245.0,0.0,0.0,27.16,0,0
20:17:52.098,780226,217.87,245.0,0.0,0.0,27.12,0,0
20:17:52.197,780326,217.91,245.0,0.0,0.0,27.08,0,0
20:17:52.297,780426,217.94,245.0,0.0,0.0,27.05,0,0
20:17:52.396,780526,217.96,245.0,2.0,0.0,27.03,0,0
20:17:52.525,780626,218.0,245.0,0.0,0.0,26.99,0,0
20:17:52.597,780726,218.03,245.0,0.0,0.0,26.96,0,0
20:17:52.697,780826,218.06,245.0,0.0,0.0,26.93,0,0
20:17:52.800,780926,218.12,245.0,0.0,0.0,26.87,0,0
20:17:52.897,781026,218.15,245.0,0.0,0.0,26.84,0,0
20:17:52.997,781126,218.18,245.0,1.0,0.0,26.81,0,0
20:17:53.101,781226,218.21,245.0,0.0,0.0,26.78,0,0
20:17:53.196,781326,218.22,245.0,12.0,0.0,26.77,0,0
20:17:53.297,781426,218.27,245.0,0.0,0.0,26.72,0,0
20:17:53.396,781526,218.27,245.0,0.0,0.0,26.72,0,0
20:17:53.496,781626,218.32,245.0,0.0,0.0,26.67,0,0
20:17:53.597,781726,218.35,245.0,3.0,0.0,26.64,0,0
20:17:53.697,781826,218.39,245.0,0.0,0.0,26.6,0,0
20:17:53.802,781926,218.42,245.0,0.0,0.0,26.57,0,0
20:17:53.901,782026,218.46,245.0,0.0,0.0,26.53,0,0
20:17:53.998,782126,218.5,245.0,0.0,0.0,26.49,0,0
20:17:54.111,782226,218.52,245.0,0.0,0.0,26.47,0,0
20:17:54.196,782326,218.55,245.0,0.0,0.0,26.44,0,0
20:17:54.296,782426,218.57,245.0,2.0,0.0,26.42,0,0
20:17:54.398,782526,218.59,245.0,4.0,0.0,26.4,0,0
20:17:54.497,782626,218.59,245.0,4.0,0.0,26.4,0,0
20:17:54.599,782726,218.59,245.0,21.0,0.0,26.4,0,1
20:17:54.696,782826,218.58,245.0,30.0,0.0,26.41,0,1
20:17:54.796,782926,218.58,245.0,30.0,0.0,26.41,0,1
20:17:54.896,783026,218.58,245.0,17.0,0.0,26.41,0,1
20:17:55.002,783126,218.59,245.0,17.0,0.0,26.4,0,1
20:17:55.098,783226,218.6,245.0,12.0,0.0,26.39,0,0
20:17:55.197,783326,218.62,245.0,6.0,0.0,26.37,0,0
20:17:55.296,783426,218.61,245.0,26.0,0.0,26.38,0,1
20:17:55.424,783526,218.61,245.0,26.0,0.0,26.38,0,1
20:17:55.497,783626,218.63,245.0,7.0,0.0,26.36,0,0
20:17:55.598,783726,218.63,245.0,7.0,0.0,26.36,0,0
20:17:55.695,783826,218.63,245.0,7.0,0.0,26.36,0,0
20:17:55.796,783926,218.63,245.0,7.0,0.0,26.36,0,0
20:17:55.897,784026,218.63,245.0,15.0,0.0,26.36,0,1
20:17:56.002,784126,218.65,245.0,9.0,0.0,26.34,0,0
20:17:56.101,784226,218.65,245.0,9.0,0.0,26.34,0,0
20:17:56.196,784326,218.66,245.0,10.0,0.0,26.33,0,0
20:17:56.295,784426,218.67,245.0,17.0,0.0,26.32,0,1
20:17:56.397,784526,218.65,245.0,36.0,0.0,26.34,0,1
20:17:56.497,784626,218.64,245.0,28.0,0.0,26.35,0,1
20:17:56.599,784726,218.65,245.0,9.0,0.0,26.34,0,0
20:17:56.696,784826,218.64,245.0,29.0,0.0,26.35,0,1
20:17:56.796,784926,218.63,245.0,28.0,0.0,26.36,0,1
20:17:56.896,785026,218.62,245.0,33.0,0.0,26.37,0,1
20:17:57.003,785126,218.62,245.0,33.0,0.0,26.37,0,1
20:17:57.098,785226,218.62,245.0,14.0,0.0,26.37,0,0
20:17:57.197,785326,218.62,245.0,14.0,0.0,26.37,0,0
20:17:57.299,785426,218.63,245.0,14.0,0.0,26.36,0,0
20:17:57.398,785526,218.62,245.0,27.0,0.0,26.37,0,1
20:17:57.495,785626,218.62,245.0,21.0,0.0,26.37,0,1
20:17:57.597,785726,218.59,245.0,50.0,0.0,26.4,0,1
20:17:57.700,785826,218.55,245.0,48.0,0.0,26.44,0,1
20:17:57.800,785926,218.53,245.0,39.0,0.0,26.46,0,1
20:17:57.898,786026,218.46,245.0,50.0,0.0,26.53,0,1
20:17:57.995,786126,218.44,245.0,38.0,0.0,26.55,0,1
20:17:58.095,786226,218.42,245.0,36.0,0.0,26.57,0,1
20:17:58.196,786326,218.37,245.0,50.0,0.0,26.62,0,1
20:17:58.294,786426,218.34,245.0,49.0,0.0,26.65,0,1
20:17:58.398,786526,218.3,245.0,50.0,0.0,26.69,0,1
20:17:58.494,786626,218.27,245.0,43.0,0.0,26.72,0,1
20:17:58.600,786726,218.23,245.0,50.0,0.0,26.76,0,1
20:17:58.696,786826,218.23,245.0,50.0,0.0,26.76,0,1
20:17:58.795,786926,218.2,245.0,50.0,0.0,26.79,0,1
20:17:58.895,787026,218.14,245.0,50.0,0.0,26.85,0,1
20:17:58.996,787126,218.12,245.0,37.0,0.0,26.87,0,1
20:17:59.095,787226,218.07,245.0,50.0,0.0,26.92,0,1
20:17:59.197,787326,218.07,245.0,50.0,0.0,26.92,0,1
20:17:59.295,787426,218.05,245.0,43.0,0.0,26.94,0,1
20:17:59.398,787526,218.02,245.0,41.0,0.0,26.97,0,1
20:17:59.496,787626,218.01,245.0,27.0,0.0,26.98,0,1
20:17:59.595,787726,218.01,245.0,27.0,0.0,26.98,0,1
20:17:59.698,787826,217.98,245.0,50.0,0.0,27.01,0,1
20:17:59.796,787926,217.96,245.0,36.0,0.0,27.03,0,1
20:17:59.896,788026,217.94,245.0,34.0,0.0,27.05,0,1
20:17:59.995,788126,217.88,245.0,50.0,0.0,27.11,0,1
20:18:00.095,788226,217.83,245.0,50.0,0.0,27.16,0,1
20:18:00.195,788326,217.8,245.0,48.0,0.0,27.19,0,1
20:18:00.297,788426,217.75,245.0,50.0,0.0,27.24,0,1
20:18:00.396,788526,217.7,245.0,50.0,0.0,27.29,0,1
20:18:00.531,788626,217.66,245.0,50.0,0.0,27.33,0,1
20:18:00.595,788726,217.64,245.0,41.0,0.0,27.35,0,1
20:18:00.696,788826,217.6,245.0,50.0,0.0,27.39,0,1
20:18:00.796,788926,217.6,245.0,50.0,0.0,27.39,0,1
20:18:00.903,789026,217.57,245.0,48.0,0.0,27.42,0,1
20:18:00.996,789126,217.54,245.0,45.0,0.0,27.45,0,1
20:18:01.097,789226,217.54,245.0,45.0,0.0,27.45,0,1
20:18:01.197,789326,217.5,245.0,49.0,0.0,27.49,0,1
20:18:01.295,789426,217.47,245.0,50.0,0.0,27.52,0,1
20:18:01.398,789526,217.45,245.0,31.0,0.0,27.54,0,1
20:18:01.498,789626,217.44,245.0,36.0,0.0,27.55,0,1
20:18:01.600,789726,217.43,245.0,29.0,0.0,27.56,0,1
20:18:01.700,789826,217.43,245.0,29.0,0.0,27.56,0,1
20:18:01.802,789926,217.41,245.0,34.0,0.0,27.58,0,1
20:18:01.898,790026,217.38,245.0,50.0,0.0,27.61,0,1
20:18:01.995,790126,217.34,245.0,48.0,0.0,27.65,0,1
20:18:02.094,790226,217.32,245.0,39.0,0.0,27.67,0,1
20:18:02.213,790326,217.32,245.0,39.0,0.0,27.67,0,1
20:18:02.294,790426,217.32,245.0,26.0,0.0,27.67,0,1
20:18:02.394,790526,217.28,245.0,49.0,0.0,27.71,0,1
20:18:02.495,790626,217.26,245.0,40.0,0.0,27.73,0,1
20:18:02.606,790726,217.25,245.0,27.0,0.0,27.74,0,1
20:18:02.702,790826,217.24,245.0,32.0,0.0,27.75,0,1
20:18:02.825,790926,217.24,245.0,32.0,0.0,27.75,0,1
20:18:02.900,791026,217.22,245.0,37.0,0.0,27.77,0,1
20:18:03.008,791126,217.2,245.0,35.0,0.0,27.79,0,1
20:18:03.093,791226,217.2,245.0,28.0,0.0,27.79,0,1
20:18:03.196,791326,217.18,245.0,33.0,0.0,27.81,0,1
20:18:03.296,791426,217.15,245.0,50.0,0.0,27.84,0,1
20:18:03.398,791526,217.13,245.0,35.0,0.0,27.86,0,1
20:18:03.495,791626,217.12,245.0,28.0,0.0,27.87,0,1
20:18:03.598,791726,217.1,245.0,39.0,0.0,27.89,0,1
20:18:03.701,791826,217.1,245.0,20.0,0.0,27.89,0,1
20:18:03.795,791926,217.1,245.0,20.0,0.0,27.89,0,1
20:18:03.896,792026,217.1,245.0,20.0,0.0,27.89,0,1
20:18:04.000,792126,217.09,245.0,32.0,0.0,27.9,0,1
20:18:04.094,792226,217.1,245.0,13.0,0.0,27.89,0,0
20:18:04.198,792326,217.1,245.0,20.0,0.0,27.89,0,1
20:18:04.295,792426,217.1,245.0,20.0,0.0,27.89,0,1
20:18:04.396,792526,217.11,245.0,20.0,0.0,27.88,0,1
20:18:04.525,792626,217.11,245.0,20.0,0.0,27.88,0,1
20:18:04.594,792726,217.1,245.0,26.0,0.0,27.89,0,1
20:18:04.697,792826,217.11,245.0,14.0,0.0,27.88,0,0
20:18:04.800,792926,217.13,245.0,3.0,0.0,27.86,0,0
20:18:04.894,793026,217.15,245.0,11.0,0.0,27.84,0,0
20:18:04.994,793126,217.17,245.0,6.0,0.0,27.82,0,0
20:18:05.102,793226,217.18,245.0,13.0,0.0,27.81,0,0
20:18:05.196,793326,217.18,245.0,20.0,0.0,27.81,0,1
20:18:05.294,793426,217.18,245.0,22.0,0.0,27.81,0,1
20:18:05.397,793526,217.2,245.0,8.0,0.0,27.79,0,0
20:18:05.495,793626,217.2,245.0,16.0,0.0,27.79,0,1
20:18:05.594,793726,217.22,245.0,10.0,0.0,27.77,0,0
20:18:05.696,793826,217.25,245.0,0.0,0.0,27.74,0,0
20:18:05.794,793926,217.28,245.0,2.0,0.0,27.71,0,0
20:18:05.894,794026,217.3,245.0,4.0,0.0,27.69,0,0
20:18:05.995,794126,217.3,245.0,18.0,0.0,27.69,0,1
20:18:06.094,794226,217.3,245.0,24.0,0.0,27.69,0,1
20:18:06.215,794326,217.32,245.0,6.0,0.0,27.67,0,0
20:18:06.301,794426,217.35,245.0,2.0,0.0,27.64,0,0
20:18:06.393,794526,217.38,245.0,0.0,0.0,27.61,0,0
20:18:06.493,794626,217.41,245.0,1.0,0.0,27.58,0,0
20:18:06.595,794726,217.43,245.0,3.0,0.0,27.56,0,0
20:18:06.697,794826,217.45,245.0,5.0,0.0,27.54,0,0
20:18:06.796,794926,217.48,245.0,0.0,0.0,27.51,0,0
20:18:06.893,795026,217.52,245.0,0.0,0.0,27.47,0,0
20:18:06.993,795126,217.54,245.0,5.0,0.0,27.45,0,0
20:18:07.093,795226,217.58,245.0,0.0,0.0,27.41,0,0
20:18:07.194,795326,217.61,245.0,0.0,0.0,27.38,0,0
20:18:07.294,795426,217.64,245.0,1.0,0.0,27.35,0,0
20:18:07.397,795526,217.67,245.0,0.0,0.0,27.32,0,0
20:18:07.500,795626,217.67,245.0,21.0,0.0,27.32,0,1
20:18:07.593,795726,217.7,245.0,0.0,0.0,27.29,0,0
20:18:07.695,795826,217.72,245.0,8.0,0.0,27.27,0,0
20:18:07.800,795926,217.76,245.0,0.0,0.0,27.23,0,0
20:18:07.899,796026,217.77,245.0,6.0,0.0,27.22,0,0
20:18:07.992,796126,217.81,245.0,0.0,0.0,27.18,0,0
20:18:08.094,796226,217.81,245.0,21.0,0.0,27.18,0,1
20:18:08.201,796326,217.85,245.0,0.0,0.0,27.14,0,0
20:18:08.296,796426,217.89,245.0,0.0,0.0,27.1,0,0
20:18:08.397,796526,217.94,245.0,0.0,0.0,27.05,0,0
20:18:08.507,796626,217.97,245.0,0.0,0.0,27.02,0,0
20:18:08.598,796726,217.98,245.0,11.0,0.0,27.01,0,0
20:18:08.694,796826,217.98,245.0,21.0,0.0,27.01,0,1
20:18:08.799,796926,218.04,245.0,0.0,0.0,26.95,0,0
20:18:08.896,797026,218.08,245.0,0.0,0.0,26.91,0,0
20:18:08.995,797126,218.13,245.0,0.0,0.0,26.86,0,0
20:18:09.102,797226,218.19,245.0,0.0,0.0,26.8,0,0
20:18:09.192,797326,218.19,245.0,0.0,0.0,26.8,0,0
20:18:09.296,797426,218.23,245.0,0.0,0.0,26.76,0,0
20:18:09.393,797526,218.28,245.0,0.0,0.0,26.71,0,0
20:18:09.496,797626,218.33,245.0,0.0,0.0,26.66,0,0
20:18:09.592,797726,218.39,245.0,0.0,0.0,26.6,0,0
20:18:09.692,797826,218.41,245.0,2.0,0.0,26.58,0,0
20:18:09.798,797926,218.45,245.0,0.0,0.0,26.54,0,0
20:18:09.892,798026,218.47,245.0,7.0,0.0,26.52,0,0
20:18:09.994,798126,218.5,245.0,0.0,0.0,26.49,0,0
20:18:10.093,798226,218.56,245.0,0.0,0.0,26.43,0,0
20:18:10.209,798326,218.57,245.0,9.0,0.0,26.42,0,0
20:18:10.299,798426,218.6,245.0,0.0,0.0,26.39,0,0
20:18:10.392,798526,218.64,245.0,0.0,0.0,26.35,0,0
20:18:10.495,798626,218.66,245.0,10.0,0.0,26.33,0,0
20:18:10.600,798726,218.68,245.0,5.0,0.0,26.31,0,0
20:18:10.692,798826,218.68,245.0,21.0,0.0,26.31,0,1
20:18:10.794,798926,218.69,245.0,12.0,0.0,26.3,0,0
20:18:10.892,799026,218.69,245.0,12.0,0.0,26.3,0,0
20:18:10.995,799126,218.72,245.0,0.0,0.0,26.27,0,0
20:18:11.092,799226,218.74,245.0,4.0,0.0,26.25,0,0
20:18:11.192,799326,218.75,245.0,11.0,0.0,26.24,0,0
20:18:11.294,799426,218.8,245.0,0.0,0.0,26.19,0,0
20:18:11.391,799526,218.83,245.0,0.0,0.0,26.16,0,0
20:18:11.494,799626,218.85,245.0,7.0,0.0,26.14,0,0
20:18:11.592,799726,218.88,245.0,0.0,0.0,26.11,0,0
20:18:11.695,799826,218.87,245.0,29.0,0.0,26.12,0,1
20:18:11.801,799926,218.89,245.0,4.0,0.0,26.1,0,0
20:18:11.926,800026,218.89,245.0,24.0,0.0,26.1,0,1
20:18:11.997,800126,218.9,245.0,11.0,0.0,26.09,0,0
20:18:12.093,800226,218.91,245.0,12.0,0.0,26.08,0,0
20:18:12.196,800326,218.93,245.0,7.0,0.0,26.06,0,0
20:18:12.293,800426,218.94,245.0,14.0,0.0,26.05,0,0
20:18:12.392,800526,218.94,245.0,14.0,0.0,26.05,0,0
20:18:12.501,800626,218.94,245.0,15.0,0.0,26.05,0,1
20:18:12.592,800726,218.94,245.0,21.0,0.0,26.05,0,1
20:18:12.692,800826,218.94,245.0,21.0,0.0,26.05,0,1
20:18:12.794,800926,218.93,245.0,27.0,0.0,26.06,0,1
20:18:12.893,801026,218.89,245.0,50.0,0.0,26.1,0,1
20:18:12.994,801126,218.92,245.0,0.0,0.0,26.07,0,0
20:18:13.099,801226,218.95,245.0,0.0,0.0,26.04,0,0
20:18:13.193,801326,218.96,245.0,16.0,0.0,26.03,0,1
20:18:13.296,801426,218.95,245.0,29.0,0.0,26.04,0,1
20:18:13.393,801526,218.97,245.0,3.0,0.0,26.02,0,0
20:18:13.495,801626,218.97,245.0,17.0,0.0,26.02,0,1
20:18:13.593,801726,218.97,245.0,18.0,0.0,26.02,0,1
20:18:13.695,801826,218.97,245.0,18.0,0.0,26.02,0,1
20:18:13.796,801926,218.96,245.0,30.0,0.0,26.03,0,1
20:18:13.894,802026,218.94,245.0,41.0,0.0,26.05,0,1
20:18:13.995,802126,218.91,245.0,39.0,0.0,26.08,0,1
20:18:14.095,802226,218.89,245.0,37.0,0.0,26.1,0,1
20:18:14.191,802326,218.86,245.0,48.0,0.0,26.13,0,1
20:18:14.294,802426,218.84,245.0,33.0,0.0,26.15,0,1
20:18:14.391,802526,218.81,245.0,44.0,0.0,26.18,0,1
20:18:14.491,802626,218.79,245.0,35.0,0.0,26.2,0,1
20:18:14.593,802726,218.77,245.0,40.0,0.0,26.22,0,1
20:18:14.690,802826,218.75,245.0,38.0,0.0,26.24,0,1
20:18:14.807,802926,218.75,245.0,38.0,0.0,26.24,0,1
20:18:14.891,803026,218.74,245.0,24.0,0.0,26.25,0,1
20:18:15.001,803126,218.72,245.0,36.0,0.0,26.27,0,1
20:18:15.094,803226,218.7,245.0,41.0,0.0,26.29,0,1
20:18:15.191,803326,218.68,245.0,39.0,0.0,26.31,0,1
20:18:15.292,803426,218.64,245.0,49.0,0.0,26.35,0,1
20:18:15.398,803526,218.62,245.0,40.0,0.0,26.37,0,1
20:18:15.491,803626,218.6,245.0,32.0,0.0,26.39,0,1
20:18:15.591,803726,218.58,245.0,37.0,0.0,26.41,0,1
20:18:15.695,803826,218.53,245.0,50.0,0.0,26.46,0,1
20:18:15.792,803926,218.53,245.0,25.0,0.0,26.46,0,1
20:18:15.890,804026,218.48,245.0,50.0,0.0,26.51,0,1
20:18:15.991,804126,218.48,245.0,21.0,0.0,26.51,0,1
20:18:16.096,804226,218.45,245.0,45.0,0.0,26.54,0,1
20:18:16.191,804326,218.42,245.0,43.0,0.0,26.57,0,1
20:18:16.297,804426,218.37,245.0,50.0,0.0,26.62,0,1
20:18:16.393,804526,218.34,245.0,43.0,0.0,26.65,0,1
20:18:16.496,804626,218.31,245.0,47.0,0.0,26.68,0,1
20:18:16.591,804726,218.29,245.0,38.0,0.0,26.7,0,1
20:18:16.696,804826,218.26,245.0,42.0,0.0,26.73,0,1
20:18:16.793,804926,218.22,245.0,50.0,0.0,26.77,0,1
20:18:16.891,805026,218.2,245.0,37.0,0.0,26.79,0,1
20:18:16.991,805126,218.18,245.0,36.0,0.0,26.81,0,1
20:18:17.095,805226,218.18,245.0,28.0,0.0,26.81,0,1
20:18:17.191,805326,218.18,245.0,15.0,0.0,26.81,0,1
20:18:17.300,805426,218.18,245.0,21.0,0.0,26.81,0,1
20:18:17.392,805526,218.15,245.0,46.0,0.0,26.84,0,1
20:18:17.494,805626,218.14,245.0,31.0,0.0,26.85,0,1
20:18:17.598,805726,218.13,245.0,30.0,0.0,26.86,0,1
20:18:17.691,805826,218.1,245.0,42.0,0.0,26.89,0,1
20:18:17.791,805926,218.09,245.0,33.0,0.0,26.9,0,1
20:18:17.890,806026,218.09,245.0,21.0,0.0,26.9,0,1
20:18:17.989,806126,218.04,245.0,50.0,0.0,26.95,0,1
20:18:18.093,806226,218.04,245.0,21.0,0.0,26.95,0,1
20:18:18.193,806326,218.01,245.0,47.0,0.0,26.98,0,1
20:18:18.290,806426,217.98,245.0,44.0,0.0,27.01,0,1
20:18:18.391,806526,217.95,245.0,42.0,0.0,27.04,0,1
20:18:18.490,806626,217.95,245.0,21.0,0.0,27.04,0,1
20:18:18.592,806726,217.94,245.0,34.0,0.0,27.05,0,1
20:18:18.691,806826,217.92,245.0,33.0,0.0,27.07,0,1
20:18:18.793,806926,217.89,245.0,49.0,0.0,27.1,0,1
20:18:18.890,807026,217.86,245.0,41.0,0.0,27.13,0,1
20:18:18.990,807126,217.86,245.0,41.0,0.0,27.13,0,1
20:18:19.093,807226,217.86,245.0,27.0,0.0,27.13,0,1
20:18:19.190,807326,217.84,245.0,32.0,0.0,27.15,0,1
20:18:19.311,807426,217.83,245.0,31.0,0.0,27.16,0,1
20:18:19.389,807526,217.84,245.0,18.0,0.0,27.15,0,1
20:18:19.489,807626,217.83,245.0,24.0,0.0,27.16,0,1
20:18:19.594,807726,217.83,245.0,24.0,0.0,27.16,0,1
20:18:19.692,807826,217.81,245.0,42.0,0.0,27.18,0,1
20:18:19.792,807926,217.79,245.0,34.0,0.0,27.2,0,1
20:18:19.894,808026,217.78,245.0,33.0,0.0,27.21,0,1
20:18:19.995,808126,217.75,245.0,38.0,0.0,27.24,0,1
20:18:20.191,808326,217.75,245.0,24.0,0.0,27.24,0,1
20:18:20.291,808426,217.75,245.0,24.0,0.0,27.24,0,1
20:18:20.396,808526,217.75,245.0,24.0,0.0,27.24,0,1
20:18:20.489,808626,217.74,245.0,29.0,0.0,27.25,0,1
20:18:20.600,808726,217.74,245.0,17.0,0.0,27.25,0,1
20:18:20.691,808826,217.73,245.0,29.0,0.0,27.26,0,1
20:18:20.792,808926,217.73,245.0,22.0,0.0,27.26,0,1
20:18:20.890,809026,217.74,245.0,10.0,0.0,27.25,0,0
20:18:20.995,809126,217.75,245.0,17.0,0.0,27.24,0,1
20:18:21.090,809226,217.75,245.0,17.0,0.0,27.24,0,1
20:18:21.192,809326,217.75,245.0,18.0,0.0,27.24,0,1
20:18:21.291,809426,217.75,245.0,24.0,0.0,27.24,0,1
20:18:21.391,809526,217.76,245.0,12.0,0.0,27.23,0,0
20:18:21.490,809626,217.79,245.0,1.0,0.0,27.2,0,0
20:18:21.598,809726,217.82,245.0,0.0,0.0,27.17,0,0
20:18:21.692,809826,217.84,245.0,5.0,0.0,27.15,0,0
20:18:21.789,809926,217.84,245.0,5.0,0.0,27.15,0,0
20:18:21.889,810026,217.87,245.0,1.0,0.0,27.12,0,0
20:18:21.993,810126,217.88,245.0,9.0,0.0,27.11,0,0
20:18:22.093,810226,217.92,245.0,0.0,0.0,27.07,0,0
20:18:22.191,810326,217.96,245.0,0.0,0.0,27.03,0,0
20:18:22.289,810426,217.96,245.0,16.0,0.0,27.03,0,1
20:18:22.390,810526,217.98,245.0,11.0,0.0,27.01,0,0
20:18:22.491,810626,217.99,245.0,12.0,0.0,27.0,0,0
20:18:22.592,810726,218.01,245.0,0.0,0.0,26.98,0,0
20:18:22.695,810826,218.05,245.0,0.0,0.0,26.94,0,0
20:18:22.792,810926,218.07,245.0,5.0,0.0,26.92,0,0
20:18:22.889,811026,218.07,245.0,5.0,0.0,26.92,0,0
20:18:22.993,811126,218.07,245.0,5.0,0.0,26.92,0,0
20:18:23.094,811226,218.11,245.0,0.0,0.0,26.88,0,0
20:18:23.190,811326,218.14,245.0,0.0,0.0,26.85,0,0
20:18:23.301,811426,218.16,245.0,7.0,0.0,26.83,0,0
20:18:23.392,811526,218.2,245.0,0.0,0.0,26.79,0,0
20:18:23.494,811626,218.23,245.0,0.0,0.0,26.76,0,0
20:18:23.590,811726,218.27,245.0,0.0,0.0,26.72,0,0
20:18:23.690,811826,218.3,245.0,0.0,0.0,26.69,0,0
20:18:23.794,811926,218.36,245.0,0.0,0.0,26.63,0,0
20:18:23.889,812026,218.36,245.0,0.0,0.0,26.63,0,0
20:18:23.988,812126,218.41,245.0,0.0,0.0,26.58,0,0
20:18:24.092,812226,218.44,245.0,0.0,0.0,26.55,0,0
20:18:24.189,812326,218.49,245.0,0.0,0.0,26.5,0,0
20:18:24.292,812426,218.52,245.0,0.0,0.0,26.47,0,0
20:18:24.390,812526,218.55,245.0,0.0,0.0,26.44,0,0
20:18:24.490,812626,218.6,245.0,0.0,0.0,26.39,0,0
20:18:24.589,812726,218.66,245.0,0.0,0.0,26.33,0,0
20:18:24.689,812826,218.69,245.0,0.0,0.0,26.3,0,0
20:18:24.789,812926,218.72,245.0,0.0,0.0,26.27,0,0
20:18:24.893,813026,218.76,245.0,0.0,0.0,26.23,0,0
20:18:25.002,813126,218.8,245.0,0.0,0.0,26.19,0,0
20:18:25.091,813226,218.83,245.0,0.0,0.0,26.16,0,0
20:18:25.195,813326,218.87,245.0,0.0,0.0,26.12,0,0
20:18:25.288,813426,218.88,245.0,9.0,0.0,26.11,0,0
20:18:25.388,813526,218.89,245.0,10.0,0.0,26.1,0,0
20:18:25.490,813626,218.89,245.0,20.0,0.0,26.1,0,1
20:18:25.591,813726,218.93,245.0,0.0,0.0,26.06,0,0
20:18:25.689,813826,219.0,245.0,0.0,0.0,25.99,0,0
20:18:25.789,813926,219.05,245.0,0.0,0.0,25.94,0,0
20:18:25.896,814026,219.05,245.0,20.0,0.0,25.94,0,1
20:18:25.989,814126,219.11,245.0,0.0,0.0,25.88,0,0
20:18:26.088,814226,219.16,245.0,0.0,0.0,25.83,0,0
20:18:26.203,814326,219.2,245.0,0.0,0.0,25.79,0,0
20:18:26.288,814426,219.24,245.0,0.0,0.0,25.75,0,0
20:18:26.391,814526,219.28,245.0,0.0,0.0,25.71,0,0
20:18:26.488,814626,219.31,245.0,0.0,0.0,25.68,0,0
20:18:26.591,814726,219.34,245.0,0.0,0.0,25.65,0,0
20:18:26.695,814826,219.38,245.0,0.0,0.0,25.61,0,0
20:18:26.791,814926,219.42,245.0,0.0,0.0,25.57,0,0
20:18:26.890,815026,219.44,245.0,4.0,0.0,25.55,0,0
20:18:26.993,815126,219.44,245.0,20.0,0.0,25.55,0,1
20:18:27.092,815226,219.47,245.0,0.0,0.0,25.52,0,0
20:18:27.188,815326,219.5,245.0,0.0,0.0,25.49,0,0
20:18:27.288,815426,219.52,245.0,4.0,0.0,25.47,0,0
20:18:27.390,815526,219.54,245.0,0.0,0.0,25.45,0,0
20:18:27.494,815626,219.54,245.0,20.0,0.0,25.45,0,1
20:18:27.591,815726,219.57,245.0,2.0,0.0,25.42,0,0
20:18:27.688,815826,219.58,245.0,9.0,0.0,25.41,0,0
20:18:27.809,815926,219.6,245.0,4.0,0.0,25.39,0,0
20:18:27.888,816026,219.62,245.0,0.0,0.0,25.37,0,0
20:18:27.988,816126,219.65,245.0,2.0,0.0,25.34,0,0
20:18:28.088,816226,219.65,245.0,2.0,0.0,25.34,0,0
20:18:28.196,816326,219.65,245.0,16.0,0.0,25.34,0,1
20:18:28.291,816426,219.65,245.0,22.0,0.0,25.34,0,1
20:18:28.395,816526,219.65,245.0,20.0,0.0,25.34,0,1
20:18:28.489,816626,219.67,245.0,4.0,0.0,25.32,0,0
20:18:28.593,816726,219.67,245.0,4.0,0.0,25.32,0,0
20:18:28.689,816826,219.69,245.0,5.0,0.0,25.3,0,0
20:18:28.793,816926,219.68,245.0,25.0,0.0,25.31,0,1
20:18:28.891,817026,219.67,245.0,25.0,0.0,25.32,0,1
20:18:28.988,817126,219.67,245.0,20.0,0.0,25.32,0,1
20:18:29.090,817226,219.66,245.0,30.0,0.0,25.33,0,1
20:18:29.189,817326,219.66,245.0,17.0,0.0,25.33,0,1
20:18:29.289,817426,219.67,245.0,11.0,0.0,25.32,0,0
20:18:29.395,817526,219.68,245.0,18.0,0.0,25.31,0,1
20:18:29.528,817626,219.68,245.0,18.0,0.0,25.31,0,1
20:18:29.588,817726,219.69,245.0,12.0,0.0,25.3,0,0
20:18:29.688,817826,219.69,245.0,19.0,0.0,25.3,0,1
20:18:29.787,817926,219.67,245.0,31.0,0.0,25.32,0,1
20:18:29.887,818026,219.68,245.0,12.0,0.0,25.31,0,0
20:18:29.990,818126,219.66,245.0,37.0,0.0,25.33,0,1
20:18:30.105,818226,219.66,245.0,23.0,0.0,25.33,0,1
20:18:30.192,818326,219.67,245.0,10.0,0.0,25.32,0,0
20:18:30.289,818426,219.68,245.0,11.0,0.0,25.31,0,0
20:18:30.386,818526,219.67,245.0,25.0,0.0,25.32,0,1
20:18:30.489,818626,219.67,245.0,20.0,0.0,25.32,0,1
20:18:30.590,818726,219.66,245.0,30.0,0.0,25.33,0,1
20:18:30.691,818826,219.62,245.0,48.0,0.0,25.37,0,1
20:18:30.788,818926,219.62,245.0,26.0,0.0,25.37,0,1
20:18:30.889,819026,219.6,245.0,32.0,0.0,25.39,0,1
20:18:30.990,819126,219.58,245.0,37.0,0.0,25.41,0,1
20:18:31.087,819226,219.56,245.0,35.0,0.0,25.43,0,1
20:18:31.187,819326,219.52,245.0,50.0,0.0,25.47,0,1
20:18:31.287,819426,219.52,245.0,20.0,0.0,25.47,0,1
20:18:31.387,819526,219.49,245.0,43.0,0.0,25.5,0,1
20:18:31.488,819626,219.47,245.0,40.0,0.0,25.52,0,1
20:18:31.593,819726,219.44,245.0,38.0,0.0,25.55,0,1
20:18:31.695,819826,219.41,245.0,49.0,0.0,25.58,0,1
20:18:31.808,819926,219.35,245.0,50.0,0.0,25.64,0,1
20:18:31.887,820026,219.32,245.0,48.0,0.0,25.67,0,1
20:18:31.991,820126,219.29,245.0,39.0,0.0,25.7,0,1
20:18:32.086,820226,219.26,245.0,43.0,0.0,25.73,0,1
20:18:32.191,820326,219.24,245.0,41.0,0.0,25.75,0,1
20:18:32.289,820426,219.25,245.0,14.0,0.0,25.74,0,0
20:18:32.392,820526,219.21,245.0,45.0,0.0,25.78,0,1
20:18:32.487,820626,219.19,245.0,43.0,0.0,25.8,0,1
20:18:32.587,820726,219.17,245.0,35.0,0.0,25.82,0,1
20:18:32.690,820826,219.11,245.0,50.0,0.0,25.88,0,1
20:18:32.787,820926,219.09,245.0,41.0,0.0,25.9,0,1
20:18:32.889,821026,219.05,245.0,50.0,0.0,25.94,0,1
20:18:32.987,821126,219.04,245.0,24.0,0.0,25.95,0,1
20:18:33.087,821226,219.0,245.0,50.0,0.0,25.99,0,1
20:18:33.190,821326,218.99,245.0,26.0,0.0,26.0,0,1
20:18:33.293,821426,218.99,245.0,26.0,0.0,26.0,0,1
20:18:33.389,821526,218.97,245.0,38.0,0.0,26.02,0,1
20:18:33.515,821626,218.95,245.0,36.0,0.0,26.04,0,1
20:18:33.586,821726,218.91,245.0,50.0,0.0,26.08,0,1
20:18:33.694,821826,218.91,245.0,19.0,0.0,26.08,0,1
20:18:33.787,821926,218.89,245.0,44.0,0.0,26.1,0,1
20:18:33.891,822026,218.84,245.0,50.0,0.0,26.15,0,1
20:18:33.988,822126,218.81,245.0,43.0,0.0,26.18,0,1
20:18:34.094,822226,218.81,245.0,17.0,0.0,26.18,0,1
20:18:34.185,822326,218.8,245.0,29.0,0.0,26.19,0,1
20:18:34.285,822426,218.78,245.0,35.0,0.0,26.21,0,1
20:18:34.389,822526,218.77,245.0,33.0,0.0,26.22,0,1
20:18:34.486,822626,218.77,245.0,20.0,0.0,26.22,0,1
20:18:34.586,822726,218.72,245.0,50.0,0.0,26.27,0,1
20:18:34.691,822826,218.71,245.0,28.0,0.0,26.28,0,1
20:18:34.786,822926,218.69,245.0,40.0,0.0,26.3,0,1
20:18:34.886,823026,218.66,245.0,44.0,0.0,26.33,0,1
20:18:34.986,823126,218.65,245.0,30.0,0.0,26.34,0,1
20:18:35.086,823226,218.64,245.0,29.0,0.0,26.35,0,1
20:18:35.188,823326,218.61,245.0,46.0,0.0,26.38,0,1
20:18:35.285,823426,218.59,245.0,31.0,0.0,26.4,0,1
20:18:35.390,823526,218.57,245.0,36.0,0.0,26.42,0,1
20:18:35.490,823626,218.56,245.0,35.0,0.0,26.43,0,1
20:18:35.586,823726,218.56,245.0,21.0,0.0,26.43,0,1
20:18:35.689,823826,218.56,245.0,21.0,0.0,26.43,0,1
20:18:35.799,823926,218.53,245.0,39.0,0.0,26.46,0,1
20:18:35.886,824026,218.53,245.0,25.0,0.0,26.46,0,1
20:18:35.989,824126,218.52,245.0,25.0,0.0,26.47,0,1
20:18:36.093,824226,218.52,245.0,24.0,0.0,26.47,0,1
20:18:36.188,824326,218.52,245.0,18.0,0.0,26.47,0,1
20:18:36.287,824426,218.51,245.0,24.0,0.0,26.48,0,1
20:18:36.386,824526,218.5,245.0,30.0,0.0,26.49,0,1
20:18:36.488,824626,218.49,245.0,35.0,0.0,26.5,0,1
20:18:36.590,824726,218.48,245.0,28.0,0.0,26.51,0,1
20:18:36.689,824826,218.46,245.0,33.0,0.0,26.53,0,1
20:18:36.792,824926,218.46,245.0,21.0,0.0,26.53,0,1
20:18:36.885,825026,218.44,245.0,38.0,0.0,26.55,0,1
20:18:36.994,825126,218.43,245.0,30.0,0.0,26.56,0,1
20:18:37.086,825226,218.43,245.0,17.0,0.0,26.56,0,1
20:18:37.189,825326,218.44,245.0,11.0,0.0,26.55,0,0
20:18:37.287,825426,218.45,245.0,12.0,0.0,26.54,0,0
20:18:37.386,825526,218.47,245.0,7.0,0.0,26.52,0,0
20:18:37.495,825626,218.48,245.0,15.0,0.0,26.51,0,1
20:18:37.594,825726,218.49,245.0,15.0,0.0,26.5,0,1
20:18:37.692,825826,218.48,245.0,22.0,0.0,26.51,0,1
20:18:37.785,825926,218.5,245.0,10.0,0.0,26.49,0,0
20:18:37.887,826026,218.51,245.0,11.0,0.0,26.48,0,0
20:18:37.989,826126,218.52,245.0,18.0,0.0,26.47,0,1
20:18:38.084,826226,218.52,245.0,18.0,0.0,26.47,0,1
20:18:38.185,826326,218.51,245.0,24.0,0.0,26.48,0,1
20:18:38.287,826426,218.53,245.0,6.0,0.0,26.46,0,0
20:18:38.385,826526,218.56,245.0,0.0,0.0,26.43,0,0
20:18:38.487,826626,218.59,245.0,4.0,0.0,26.4,0,0
20:18:38.585,826726,218.59,245.0,4.0,0.0,26.4,0,0
20:18:38.702,826826,218.62,245.0,0.0,0.0,26.37,0,0
20:18:38.794,826926,218.64,245.0,2.0,0.0,26.35,0,0
20:18:38.885,827026,218.66,245.0,10.0,0.0,26.33,0,0
20:18:38.987,827126,218.68,245.0,0.0,0.0,26.31,0,0
20:18:39.085,827226,218.69,245.0,13.0,0.0,26.3,0,0
20:18:39.185,827326,218.69,245.0,13.0,0.0,26.3,0,0
20:18:39.289,827426,218.72,245.0,2.0,0.0,26.27,0,0
20:18:39.385,827526,218.75,245.0,0.0,0.0,26.24,0,0
20:18:39.485,827626,218.8,245.0,0.0,0.0,26.19,0,0
20:18:39.585,827726,218.81,245.0,10.0,0.0,26.18,0,0
20:18:39.691,827826,218.81,245.0,10.0,0.0,26.18,0,0
20:18:39.788,827926,218.83,245.0,5.0,0.0,26.16,0,0
20:18:39.884,828026,218.85,245.0,7.0,0.0,26.14,0,0
20:18:39.993,828126,218.88,245.0,0.0,0.0,26.11,0,0
20:18:40.086,828226,218.91,245.0,0.0,0.0,26.08,0,0
20:18:40.185,828326,218.93,245.0,0.0,0.0,26.06,0,0
20:18:40.286,828426,218.95,245.0,9.0,0.0,26.04,0,0
20:18:40.415,828526,218.96,245.0,10.0,0.0,26.03,0,0
20:18:40.489,828626,219.0,245.0,0.0,0.0,25.99,0,0
20:18:40.587,828726,219.03,245.0,0.0,0.0,25.96,0,0
20:18:40.685,828826,219.03,245.0,0.0,0.0,25.96,0,0
20:18:40.787,828926,219.05,245.0,4.0,0.0,25.94,0,0
20:18:40.885,829026,219.07,245.0,0.0,0.0,25.92,0,0
20:18:40.988,829126,219.13,245.0,0.0,0.0,25.86,0,0
20:18:41.088,829226,219.16,245.0,0.0,0.0,25.83,0,0
20:18:41.185,829326,219.19,245.0,2.0,0.0,25.8,0,0
20:18:41.287,829426,219.23,245.0,0.0,0.0,25.76,0,0
20:18:41.385,829526,219.26,245.0,0.0,0.0,25.73,0,0
20:18:41.484,829626,219.27,245.0,10.0,0.0,25.72,0,0
20:18:41.587,829726,219.31,245.0,0.0,0.0,25.68,0,0
20:18:41.689,829826,219.35,245.0,0.0,0.0,25.64,0,0
20:18:41.787,829926,219.35,245.0,17.0,0.0,25.64,0,1
20:18:41.884,830026,219.39,245.0,0.0,0.0,25.6,0,0
20:18:41.987,830126,219.43,245.0,0.0,0.0,25.56,0,0
20:18:42.114,830226,219.48,245.0,0.0,0.0,25.51,0,0
20:18:42.191,830326,219.53,245.0,0.0,0.0,25.46,0,0
20:18:42.284,830426,219.56,245.0,0.0,0.0,25.43,0,0
20:18:42.384,830526,219.59,245.0,0.0,0.0,25.4,0,0
20:18:42.485,830626,219.63,245.0,0.0,0.0,25.36,0,0
20:18:42.584,830726,219.64,245.0,15.0,0.0,25.35,0,1
20:18:42.701,830826,219.65,245.0,9.0,0.0,25.34,0,0
20:18:42.786,830926,219.68,245.0,0.0,0.0,25.31,0,0
20:18:42.890,831026,219.72,245.0,0.0,0.0,25.27,0,0
20:18:42.984,831126,219.73,245.0,9.0,0.0,25.26,0,0
20:18:43.084,831226,219.76,245.0,0.0,0.0,25.23,0,0
20:18:43.184,831326,219.75,245.0,25.0,0.0,25.24,0,1
20:18:43.289,831426,219.78,245.0,0.0,0.0,25.21,0,0
20:18:43.384,831526,219.79,245.0,8.0,0.0,25.2,0,0
20:18:43.487,831626,219.82,245.0,0.0,0.0,25.17,0,0
20:18:43.587,831726,219.85,245.0,0.0,0.0,25.14,0,0
20:18:43.684,831826,219.87,245.0,1.0,0.0,25.12,0,0
20:18:43.787,831926,219.88,245.0,9.0,0.0,25.11,0,0
20:18:43.884,832026,219.9,245.0,4.0,0.0,25.09,0,0
20:18:43.985,832126,219.93,245.0,0.0,0.0,25.06,0,0
20:18:44.084,832226,219.94,245.0,14.0,0.0,25.05,0,0
20:18:44.183,832326,219.95,245.0,8.0,0.0,25.04,0,0
20:18:44.283,832426,219.95,245.0,20.0,0.0,25.04,0,1
20:18:44.408,832526,219.93,245.0,34.0,0.0,25.06,0,1
20:18:44.488,832626,219.93,245.0,20.0,0.0,25.06,0,1
20:18:44.593,832726,219.95,245.0,8.0,0.0,25.04,0,0
20:18:44.684,832826,219.94,245.0,27.0,0.0,25.05,0,1
20:18:44.784,832926,219.94,245.0,14.0,0.0,25.05,0,0
20:18:44.884,833026,219.94,245.0,14.0,0.0,25.05,0,0
20:18:44.985,833126,219.97,245.0,2.0,0.0,25.02,0,0
20:18:45.088,833226,219.97,245.0,16.0,0.0,25.02,0,1
20:18:45.184,833326,219.97,245.0,20.0,0.0,25.02,0,1
20:18:45.291,833426,219.98,245.0,11.0,0.0,25.01,0,0
20:18:45.388,833526,219.98,245.0,18.0,0.0,25.01,0,1
20:18:45.484,833626,219.98,245.0,18.0,0.0,25.01,0,1
20:18:45.587,833726,219.98,245.0,24.0,0.0,25.01,0,1
20:18:45.685,833826,219.98,245.0,18.0,0.0,25.01,0,1
20:18:45.787,833926,219.98,245.0,18.0,0.0,25.01,0,1
20:18:45.883,834026,219.96,245.0,36.0,0.0,25.03,0,1
20:18:45.984,834126,219.96,245.0,22.0,0.0,25.03,0,1
20:18:46.086,834226,219.96,245.0,22.0,0.0,25.03,0,1
20:18:46.184,834326,219.94,245.0,28.0,0.0,25.05,0,1
20:18:46.288,834426,219.93,245.0,27.0,0.0,25.06,0,1
20:18:46.384,834526,219.93,245.0,26.0,0.0,25.06,0,1
20:18:46.487,834626,219.9,245.0,38.0,0.0,25.09,0,1
20:18:46.584,834726,219.88,245.0,36.0,0.0,25.11,0,1
20:18:46.710,834826,219.87,245.0,28.0,0.0,25.12,0,1
20:18:46.784,834926,219.86,245.0,28.0,0.0,25.13,0,1
20:18:46.885,835026,219.84,245.0,33.0,0.0,25.15,0,1
20:18:46.986,835126,219.86,245.0,7.0,0.0,25.13,0,0
20:18:47.082,835226,219.86,245.0,21.0,0.0,25.13,0,1
20:18:47.186,835326,219.85,245.0,27.0,0.0,25.14,0,1
20:18:47.301,835426,219.83,245.0,32.0,0.0,25.16,0,1
20:18:47.383,835526,219.78,245.0,50.0,0.0,25.21,0,1
20:18:47.485,835626,219.74,245.0,50.0,0.0,25.25,0,1
20:18:47.584,835726,219.72,245.0,36.0,0.0,25.27,0,1
20:18:47.683,835826,219.7,245.0,34.0,0.0,25.29,0,1
20:18:47.788,835926,219.7,245.0,21.0,0.0,25.29,0,1
20:18:47.885,836026,219.67,245.0,45.0,0.0,25.32,0,1
20:18:47.986,836126,219.64,245.0,43.0,0.0,25.35,0,1
20:18:48.084,836226,219.63,245.0,28.0,0.0,25.36,0,1
20:18:48.184,836326,219.62,245.0,33.0,0.0,25.37,0,1
20:18:48.285,836426,219.59,245.0,38.0,0.0,25.4,0,1
20:18:48.383,836526,219.59,245.0,38.0,0.0,25.4,0,1
20:18:48.487,836626,219.58,245.0,30.0,0.0,25.41,0,1
20:18:48.583,836726,219.52,245.0,50.0,0.0,25.47,0,1
20:18:48.683,836826,219.51,245.0,24.0,0.0,25.48,0,1
20:18:48.786,836926,219.51,245.0,17.0,0.0,25.48,0,1
20:18:48.884,837026,219.48,245.0,48.0,0.0,25.51,0,1
20:18:49.004,837126,219.46,245.0,33.0,0.0,25.53,0,1
20:18:49.084,837226,219.43,245.0,44.0,0.0,25.56,0,1
20:18:49.184,837326,219.42,245.0,30.0,0.0,25.57,0,1
20:18:49.288,837426,219.39,245.0,41.0,0.0,25.6,0,1
20:18:49.384,837526,219.36,245.0,45.0,0.0,25.63,0,1
20:18:49.482,837626,219.36,245.0,45.0,0.0,25.63,0,1
20:18:49.591,837726,219.36,245.0,20.0,0.0,25.63,0,1
20:18:49.682,837826,219.33,245.0,49.0,0.0,25.66,0,1
20:18:49.786,837926,219.29,245.0,46.0,0.0,25.7,0,1
20:18:49.884,838026,219.27,245.0,37.0,0.0,25.72,0,1
20:18:49.983,838126,219.26,245.0,29.0,0.0,25.73,0,1
20:18:50.084,838226,219.24,245.0,34.0,0.0,25.75,0,1
20:18:50.181,838326,219.23,245.0,33.0,0.0,25.76,0,1
20:18:50.286,838426,219.22,245.0,26.0,0.0,25.77,0,1
20:18:50.382,838526,219.22,245.0,20.0,0.0,25.77,0,1
20:18:50.489,838626,219.19,245.0,43.0,0.0,25.8,0,1
20:18:50.583,838726,219.18,245.0,29.0,0.0,25.81,0,1
20:18:50.718,838826,219.16,245.0,34.0,0.0,25.83,0,1
20:18:50.786,838926,219.15,245.0,33.0,0.0,25.84,0,1
20:18:50.883,839026,219.14,245.0,25.0,0.0,25.85,0,1
20:18:50.982,839126,219.14,245.0,20.0,0.0,25.85,0,1
20:18:51.086,839226,219.12,245.0,37.0,0.0,25.87,0,1
20:18:51.184,839326,219.1,245.0,35.0,0.0,25.89,0,1
20:18:51.284,839426,219.08,245.0,40.0,0.0,25.91,0,1
20:18:51.382,839526,219.06,245.0,32.0,0.0,25.93,0,1
20:18:51.482,839626,219.07,245.0,12.0,0.0,25.92,0,0
20:18:51.585,839726,219.08,245.0,13.0,0.0,25.91,0,0
20:18:51.682,839826,219.08,245.0,20.0,0.0,25.91,0,1
20:18:51.782,839926,219.06,245.0,32.0,0.0,25.93,0,1
20:18:51.881,840026,219.04,245.0,37.0,0.0,25.95,0,1
20:18:51.982,840126,219.02,245.0,42.0,0.0,25.97,0,1
20:18:52.082,840226,219.02,245.0,20.0,0.0,25.97,0,1
20:18:52.184,840326,219.02,245.0,21.0,0.0,25.97,0,1
20:18:52.284,840426,219.01,245.0,27.0,0.0,25.98,0,1
20:18:52.414,840526,219.01,245.0,20.0,0.0,25.98,0,1
20:18:52.483,840626,219.0,245.0,26.0,0.0,25.99,0,1
20:18:52.584,840726,219.0,245.0,20.0,0.0,25.99,0,1
20:18:52.683,840826,219.02,245.0,8.0,0.0,25.97,0,0
20:18:52.782,840926,219.02,245.0,15.0,0.0,25.97,0,1
20:18:52.883,841026,219.03,245.0,16.0,0.0,25.96,0,1
20:18:52.996,841126,219.03,245.0,16.0,0.0,25.96,0,1
20:18:53.085,841226,219.04,245.0,16.0,0.0,25.95,0,1
20:18:53.181,841326,219.04,245.0,16.0,0.0,25.95,0,1
20:18:53.282,841426,219.04,245.0,17.0,0.0,25.95,0,1
20:18:53.382,841526,219.05,245.0,17.0,0.0,25.94,0,1
20:18:53.483,841626,219.06,245.0,11.0,0.0,25.93,0,0
20:18:53.593,841726,219.08,245.0,0.0,0.0,25.91,0,0
20:18:53.682,841826,219.08,245.0,20.0,0.0,25.91,0,1
20:18:53.782,841926,219.1,245.0,8.0,0.0,25.89,0,0
20:18:53.898,842026,219.1,245.0,15.0,0.0,25.89,0,1
20:18:53.987,842126,219.12,245.0,4.0,0.0,25.87,0,0
20:18:54.087,842226,219.15,245.0,0.0,0.0,25.84,0,0
20:18:54.183,842326,219.18,245.0,0.0,0.0,25.81,0,0
20:18:54.285,842426,219.18,245.0,0.0,0.0,25.81,0,0
20:18:54.383,842526,219.19,245.0,10.0,0.0,25.8,0,0
20:18:54.482,842626,219.22,245.0,0.0,0.0,25.77,0,0
20:18:54.583,842726,219.24,245.0,7.0,0.0,25.75,0,0
20:18:54.750,842826,219.26,245.0,2.0,0.0,25.73,0,0
20:18:54.780,842926,219.29,245.0,0.0,0.0,25.7,0,0
20:18:54.882,843026,219.32,245.0,0.0,0.0,25.67,0,0
20:18:54.982,843126,219.34,245.0,3.0,0.0,25.65,0,0
20:18:55.083,843226,219.36,245.0,10.0,0.0,25.63,0,0
20:18:55.181,843326,219.38,245.0,0.0,0.0,25.61,0,0
20:18:55.333,843426,219.38,245.0,20.0,0.0,25.61,0,1
20:18:55.382,843526,219.39,245.0,13.0,0.0,25.6,0,0
20:18:55.482,843626,219.39,245.0,13.0,0.0,25.6,0,0
20:18:55.583,843726,219.44,245.0,0.0,0.0,25.55,0,0
20:18:55.681,843826,219.47,245.0,0.0,0.0,25.52,0,0
20:18:55.782,843926,219.52,245.0,0.0,0.0,25.47,0,0
20:18:55.881,844026,219.54,245.0,6.0,0.0,25.45,0,0
20:18:55.981,844126,219.58,245.0,0.0,0.0,25.41,0,0
20:18:56.083,844226,219.61,245.0,0.0,0.0,25.38,0,0
20:18:56.181,844326,219.64,245.0,0.0,0.0,25.35,0,0
20:18:56.284,844426,219.67,245.0,0.0,0.0,25.32,0,0
20:18:56.381,844526,219.69,245.0,6.0,0.0,25.3,0,0
20:18:56.515,844626,219.74,245.0,0.0,0.0,25.25,0,0
20:18:56.583,844726,219.78,245.0,0.0,0.0,25.21,0,0
20:18:56.682,844826,219.82,245.0,0.0,0.0,25.17,0,0
20:18:56.780,844926,219.84,245.0,0.0,0.0,25.15,0,0
20:18:56.882,845026,219.89,245.0,0.0,0.0,25.1,0,0
20:18:56.982,845126,219.93,245.0,0.0,0.0,25.06,0,0
20:18:57.099,845226,219.96,245.0,0.0,0.0,25.03,0,0
20:18:57.181,845326,219.97,245.0,10.0,0.0,25.02,0,0
20:18:57.281,845426,220.02,245.0,0.0,0.0,24.97,0,0
20:18:57.382,845526,220.02,245.0,19.0,0.0,24.97,0,1
20:18:57.490,845626,220.05,245.0,3.0,0.0,24.94,0,0
20:18:57.583,845726,220.09,245.0,0.0,0.0,24.9,0,0
20:18:57.706,845826,220.12,245.0,0.0,0.0,24.87,0,0
20:18:57.780,845926,220.14,245.0,4.0,0.0,24.85,0,0
20:18:57.882,846026,220.17,245.0,0.0,0.0,24.82,0,0
20:18:57.980,846126,220.2,245.0,0.0,0.0,24.79,0,0
20:18:58.080,846226,220.23,245.0,0.0,0.0,24.76,0,0
20:18:58.183,846326,220.25,245.0,0.0,0.0,24.74,0,0
20:18:58.286,846426,220.29,245.0,0.0,0.0,24.7,0,0
20:18:58.382,846526,220.33,245.0,0.0,0.0,24.66,0,0
20:18:58.480,846626,220.35,245.0,2.0,0.0,24.64,0,0
20:18:58.580,846726,220.35,245.0,2.0,0.0,24.64,0,0
20:18:58.683,846826,220.35,245.0,19.0,0.0,24.64,0,1
20:18:58.780,846926,220.37,245.0,4.0,0.0,24.62,0,0
20:18:58.881,847026,220.41,245.0,0.0,0.0,24.58,0,0
20:18:58.982,847126,220.41,245.0,19.0,0.0,24.58,0,1
20:18:59.083,847226,220.41,245.0,19.0,0.0,24.58,0,1
20:18:59.180,847326,220.46,245.0,0.0,0.0,24.53,0,0
20:18:59.280,847426,220.47,245.0,6.0,0.0,24.52,0,0
20:18:59.383,847526,220.52,245.0,0.0,0.0,24.47,0,0
20:18:59.480,847626,220.55,245.0,0.0,0.0,24.44,0,0
20:18:59.580,847726,220.55,245.0,19.0,0.0,24.44,0,1
20:18:59.681,847826,220.57,245.0,0.0,0.0,24.42,0,0
20:18:59.781,847926,220.58,245.0,8.0,0.0,24.41,0,0
20:18:59.884,848026,220.63,245.0,0.0,0.0,24.36,0,0
20:18:59.988,848126,220.66,245.0,0.0,0.0,24.33,0,0
20:19:00.084,848226,220.69,245.0,0.0,0.0,24.3,0,0
20:19:00.182,848326,220.69,245.0,18.0,0.0,24.3,0,1
20:19:00.279,848426,220.71,245.0,6.0,0.0,24.28,0,0
20:19:00.381,848526,220.72,245.0,13.0,0.0,24.27,0,0
20:19:00.480,848626,220.73,245.0,8.0,0.0,24.26,0,0
20:19:00.585,848726,220.75,245.0,2.0,0.0,24.24,0,0
20:19:00.681,848826,220.77,245.0,4.0,0.0,24.22,0,0
20:19:00.786,848926,220.77,245.0,18.0,0.0,24.22,0,1
20:19:00.884,849026,220.77,245.0,19.0,0.0,24.22,0,1
20:19:00.981,849126,220.76,245.0,24.0,0.0,24.23,0,1
20:19:01.084,849226,220.75,245.0,30.0,0.0,24.24,0,1
20:19:01.179,849326,220.76,245.0,10.0,0.0,24.23,0,0
20:19:01.285,849426,220.76,245.0,17.0,0.0,24.23,0,1
20:19:01.382,849526,220.76,245.0,18.0,0.0,24.23,0,1
20:19:01.481,849626,220.76,245.0,24.0,0.0,24.23,0,1
20:19:01.583,849726,220.75,245.0,30.0,0.0,24.24,0,1
20:19:01.701,849826,220.75,245.0,16.0,0.0,24.24,0,1
20:19:01.781,849926,220.74,245.0,29.0,0.0,24.25,0,1
20:19:01.882,850026,220.71,245.0,40.0,0.0,24.28,0,1
20:19:01.979,850126,220.71,245.0,19.0,0.0,24.28,0,1
20:19:02.084,850226,220.71,245.0,20.0,0.0,24.28,0,1
20:19:02.180,850326,220.7,245.0,26.0,0.0,24.29,0,1
20:19:02.288,850426,220.69,245.0,25.0,0.0,24.3,0,1
20:19:02.379,850526,220.66,245.0,43.0,0.0,24.33,0,1
20:19:02.480,850626,220.66,245.0,22.0,0.0,24.33,0,1
20:19:02.579,850726,220.65,245.0,28.0,0.0,24.34,0,1
20:19:02.681,850826,220.63,245.0,33.0,0.0,24.36,0,1
20:19:02.834,850926,220.61,245.0,32.0,0.0,24.38,0,1
20:19:02.882,851026,220.61,245.0,18.0,0.0,24.38,0,1
20:19:02.988,851126,220.6,245.0,31.0,0.0,24.39,0,1
20:19:03.086,851226,220.57,245.0,42.0,0.0,24.42,0,1
20:19:03.190,851326,220.57,245.0,21.0,0.0,24.42,0,1
20:19:03.285,851426,220.54,245.0,40.0,0.0,24.45,0,1
20:19:03.400,851526,220.51,245.0,44.0,0.0,24.48,0,1
20:19:03.481,851626,220.48,245.0,47.0,0.0,24.51,0,1
20:19:03.580,851726,220.48,245.0,47.0,0.0,24.51,0,1
20:19:03.679,851826,220.45,245.0,38.0,0.0,24.54,0,1
20:19:03.778,851926,220.44,245.0,30.0,0.0,24.55,0,1
20:19:03.878,852026,220.43,245.0,23.0,0.0,24.56,0,1
20:19:03.983,852126,220.41,245.0,35.0,0.0,24.58,0,1
20:19:04.079,852226,220.41,245.0,19.0,0.0,24.58,0,1
20:19:04.181,852326,220.4,245.0,33.0,0.0,24.59,0,1
20:19:04.280,852426,220.38,245.0,32.0,0.0,24.61,0,1
20:19:04.382,852526,220.37,245.0,31.0,0.0,24.62,0,1
20:19:04.479,852626,220.34,245.0,42.0,0.0,24.65,0,1
20:19:04.578,852726,220.3,245.0,50.0,0.0,24.69,0,1
20:19:04.681,852826,220.27,245.0,37.0,0.0,24.72,0,1
20:19:04.780,852926,220.27,245.0,37.0,0.0,24.72,0,1
20:19:04.882,853026,220.23,245.0,50.0,0.0,24.76,0,1
20:19:04.979,853126,220.22,245.0,31.0,0.0,24.77,0,1
20:19:05.088,853226,220.22,245.0,19.0,0.0,24.77,0,1
20:19:05.181,853326,220.19,245.0,43.0,0.0,24.8,0,1
20:19:05.280,853426,220.18,245.0,28.0,0.0,24.81,0,1
20:19:05.381,853526,220.15,245.0,39.0,0.0,24.84,0,1
20:19:05.481,853626,220.12,245.0,44.0,0.0,24.87,0,1
20:19:05.579,853726,220.12,245.0,19.0,0.0,24.87,0,1
20:19:05.680,853826,220.1,245.0,35.0,0.0,24.89,0,1
20:19:05.778,853926,220.1,245.0,35.0,0.0,24.89,0,1
20:19:05.883,854026,220.07,245.0,46.0,0.0,24.92,0,1
20:19:05.982,854126,220.02,245.0,50.0,0.0,24.97,0,1
20:19:06.085,854226,220.01,245.0,34.0,0.0,24.98,0,1
20:19:06.178,854326,219.99,245.0,32.0,0.0,25.0,0,1
20:19:06.279,854426,219.99,245.0,32.0,0.0,25.0,0,1
20:19:06.378,854526,219.99,245.0,20.0,0.0,25.0,0,1
20:19:06.478,854626,219.98,245.0,31.0,0.0,25.01,0,1
20:19:06.579,854726,219.96,245.0,36.0,0.0,25.03,0,1
20:19:06.688,854826,219.96,245.0,16.0,0.0,25.03,0,1
20:19:06.809,854926,219.95,245.0,28.0,0.0,25.04,0,1
20:19:06.880,855026,219.93,245.0,34.0,0.0,25.06,0,1
20:19:06.978,855126,219.92,245.0,32.0,0.0,25.07,0,1
20:19:07.082,855226,219.92,245.0,19.0,0.0,25.07,0,1
20:19:07.180,855326,219.92,245.0,19.0,0.0,25.07,0,1
20:19:07.278,855426,219.92,245.0,19.0,0.0,25.07,0,1
20:19:07.378,855526,219.91,245.0,25.0,0.0,25.08,0,1
20:19:07.478,855626,219.89,245.0,37.0,0.0,25.1,0,1
20:19:07.577,855726,219.9,245.0,10.0,0.0,25.09,0,0
20:19:07.678,855826,219.91,245.0,11.0,0.0,25.08,0,0
20:19:07.778,855926,219.91,245.0,18.0,0.0,25.08,0,1
20:19:07.878,856026,219.91,245.0,18.0,0.0,25.08,0,1
20:19:07.977,856126,219.91,245.0,18.0,0.0,25.08,0,1
20:19:08.078,856226,219.92,245.0,12.0,0.0,25.07,0,0
20:19:08.182,856326,219.92,245.0,19.0,0.0,25.07,0,1
20:19:08.281,856426,219.92,245.0,20.0,0.0,25.07,0,1
20:19:08.378,856526,219.92,245.0,25.0,0.0,25.07,0,1
20:19:08.491,856626,219.92,245.0,13.0,0.0,25.07,0,0
20:19:08.580,856726,219.92,245.0,20.0,0.0,25.07,0,1
20:19:08.678,856826,219.92,245.0,19.0,0.0,25.07,0,1
20:19:08.778,856926,219.92,245.0,19.0,0.0,25.07,0,1
20:19:08.877,857026,219.92,245.0,26.0,0.0,25.07,0,1
20:19:08.979,857126,219.91,245.0,25.0,0.0,25.08,0,1
20:19:09.085,857226,219.92,245.0,12.0,0.0,25.07,0,0
20:19:09.179,857326,219.94,245.0,0.0,0.0,25.05,0,0
20:19:09.279,857426,219.95,245.0,15.0,0.0,25.04,0,1
20:19:09.379,857526,219.96,245.0,9.0,0.0,25.03,0,0
20:19:09.481,857626,219.96,245.0,20.0,0.0,25.03,0,1
20:19:09.579,857726,219.95,245.0,29.0,0.0,25.04,0,1
20:19:09.687,857826,219.98,245.0,0.0,0.0,25.01,0,0
20:19:09.784,857926,220.0,245.0,0.0,0.0,24.99,0,0
20:19:09.878,858026,220.03,245.0,1.0,0.0,24.96,0,0
20:19:09.980,858126,220.05,245.0,3.0,0.0,24.94,0,0
20:19:10.077,858226,220.05,245.0,3.0,0.0,24.94,0,0
20:19:10.188,858326,220.1,245.0,0.0,0.0,24.89,0,0
20:19:10.285,858426,220.13,245.0,0.0,0.0,24.86,0,0
20:19:10.382,858526,220.16,245.0,0.0,0.0,24.83,0,0
20:19:10.479,858626,220.16,245.0,19.0,0.0,24.83,0,1
20:19:10.578,858726,220.19,245.0,0.0,0.0,24.8,0,0
20:19:10.676,858826,220.2,245.0,10.0,0.0,24.79,0,0
20:19:10.779,858926,220.22,245.0,4.0,0.0,24.77,0,0
20:19:10.878,859026,220.26,245.0,0.0,0.0,24.73,0,0
20:19:10.985,859126,220.28,245.0,9.0,0.0,24.71,0,0
20:19:11.079,859226,220.3,245.0,4.0,0.0,24.69,0,0
20:19:11.177,859326,220.3,245.0,12.0,0.0,24.69,0,0
20:19:11.281,859426,220.34,245.0,0.0,0.0,24.65,0,0
20:19:11.376,859526,220.37,245.0,0.0,0.0,24.62,0,0
20:19:11.479,859626,220.37,245.0,0.0,0.0,24.62,0,0
20:19:11.576,859726,220.4,245.0,0.0,0.0,24.59,0,0
20:19:11.687,859826,220.4,245.0,0.0,0.0,24.59,0,0
20:19:11.776,859926,220.43,245.0,0.0,0.0,24.56,0,0
20:19:11.885,860026,220.47,245.0,0.0,0.0,24.52,0,0
20:19:11.993,860126,220.53,245.0,0.0,0.0,24.46,0,0
20:19:12.085,860226,220.56,245.0,0.0,0.0,24.43,0,0
20:19:12.184,860326,220.56,245.0,19.0,0.0,24.43,0,1
20:19:12.281,860426,220.59,245.0,0.0,0.0,24.4,0,0
20:19:12.383,860526,220.64,245.0,0.0,0.0,24.35,0,0
20:19:12.478,860626,220.68,245.0,0.0,0.0,24.31,0,0
20:19:12.577,860726,220.74,245.0,0.0,0.0,24.25,0,0
20:19:12.677,860826,220.76,245.0,0.0,0.0,24.23,0,0
20:19:12.777,860926,220.8,245.0,0.0,0.0,24.19,0,0
20:19:12.880,861026,220.83,245.0,0.0,0.0,24.16,0,0
20:19:12.980,861126,220.88,245.0,0.0,0.0,24.11,0,0
20:19:13.079,861226,220.94,245.0,0.0,0.0,24.05,0,0
20:19:13.177,861326,220.96,245.0,0.0,0.0,24.03,0,0
20:19:13.284,861426,220.96,245.0,0.0,0.0,24.03,0,0
20:19:13.378,861526,220.96,245.0,19.0,0.0,24.03,0,1
20:19:13.479,861626,221.0,245.0,0.0,0.0,23.99,0,0
20:19:13.578,861726,221.03,245.0,0.0,0.0,23.96,0,0
20:19:13.675,861826,221.03,245.0,19.0,0.0,23.96,0,1
20:19:13.781,861926,221.06,245.0,0.0,0.0,23.93,0,0
20:19:13.878,862026,221.1,245.0,0.0,0.0,23.89,0,0
20:19:13.979,862126,221.13,245.0,0.0,0.0,23.86,0,0
20:19:14.077,862226,221.17,245.0,0.0,0.0,23.82,0,0
20:19:14.176,862326,221.2,245.0,0.0,0.0,23.79,0,0
20:19:14.278,862426,221.2,245.0,0.0,0.0,23.79,0,0
20:19:14.376,862526,221.23,245.0,0.0,0.0,23.76,0,0
20:19:14.478,862626,221.26,245.0,0.0,0.0,23.73,0,0
20:19:14.576,862726,221.33,245.0,0.0,0.0,23.66,0,0
20:19:14.715,862826,221.33,245.0,18.0,0.0,23.66,0,1
20:19:14.777,862926,221.36,245.0,0.0,0.0,23.63,0,0
20:19:14.877,863026,221.38,245.0,2.0,0.0,23.61,0,0
20:19:14.976,863126,221.43,245.0,0.0,0.0,23.56,0,0
20:19:15.076,863226,221.44,245.0,7.0,0.0,23.55,0,0
20:19:15.176,863326,221.47,245.0,0.0,0.0,23.52,0,0
20:19:15.290,863426,221.49,245.0,4.0,0.0,23.5,0,0
20:19:15.376,863526,221.52,245.0,0.0,0.0,23.47,0,0
20:19:15.475,863626,221.56,245.0,0.0,0.0,23.43,0,0
20:19:15.577,863726,221.58,245.0,0.0,0.0,23.41,0,0
20:19:15.676,863826,221.6,245.0,0.0,0.0,23.39,0,0
20:19:15.776,863926,221.64,245.0,0.0,0.0,23.35,0,0
20:19:15.924,864026,221.64,245.0,18.0,0.0,23.35,0,1
20:19:15.976,864126,221.65,245.0,11.0,0.0,23.34,0,0
20:19:16.075,864226,221.66,245.0,12.0,0.0,23.33,0,0
20:19:16.176,864326,221.67,245.0,6.0,0.0,23.32,0,0
20:19:16.278,864426,221.66,245.0,27.0,0.0,23.33,0,1
20:19:16.376,864526,221.64,245.0,32.0,0.0,23.35,0,1
20:19:16.496,864626,221.64,245.0,24.0,0.0,23.35,0,1
20:19:16.575,864726,221.64,245.0,11.0,0.0,23.35,0,0
20:19:16.676,864826,221.67,245.0,0.0,0.0,23.32,0,0
20:19:16.776,864926,221.67,245.0,20.0,0.0,23.32,0,1
20:19:16.876,865026,221.66,245.0,20.0,0.0,23.33,0,1
20:19:16.980,865126,221.67,245.0,13.0,0.0,23.32,0,0
20:19:17.079,865226,221.68,245.0,7.0,0.0,23.31,0,0
20:19:17.177,865326,221.65,245.0,46.0,0.0,23.34,0,1
20:19:17.276,865426,221.65,245.0,18.0,0.0,23.34,0,1
20:19:17.376,865526,221.62,245.0,37.0,0.0,23.37,0,1
20:19:17.478,865626,221.59,245.0,48.0,0.0,23.4,0,1
20:19:17.576,865726,221.58,245.0,20.0,0.0,23.41,0,1
20:19:17.676,865826,221.57,245.0,32.0,0.0,23.42,0,1
20:19:17.776,865926,221.57,245.0,32.0,0.0,23.42,0,1
20:19:17.877,866026,221.57,245.0,18.0,0.0,23.42,0,1
20:19:17.975,866126,221.51,245.0,50.0,0.0,23.48,0,1
20:19:18.077,866226,221.5,245.0,27.0,0.0,23.49,0,1
20:19:18.176,866326,221.49,245.0,26.0,0.0,23.5,0,1
20:19:18.277,866426,221.48,245.0,25.0,0.0,23.51,0,1
20:19:18.376,866526,221.46,245.0,37.0,0.0,23.53,0,1
20:19:18.475,866626,221.44,245.0,35.0,0.0,23.55,0,1
20:19:18.577,866726,221.42,245.0,33.0,0.0,23.57,0,1
20:19:18.675,866826,221.39,245.0,45.0,0.0,23.6,0,1
20:19:18.780,866926,221.39,245.0,18.0,0.0,23.6,0,1
20:19:18.875,867026,221.34,245.0,50.0,0.0,23.65,0,1
20:19:18.976,867126,221.34,245.0,18.0,0.0,23.65,0,1
20:19:19.075,867226,221.34,245.0,18.0,0.0,23.65,0,1
20:19:19.175,867326,221.3,245.0,50.0,0.0,23.69,0,1
20:19:19.277,867426,221.27,245.0,48.0,0.0,23.72,0,1
20:19:19.375,867526,221.27,245.0,18.0,0.0,23.72,0,1
20:19:19.475,867626,221.23,245.0,50.0,0.0,23.76,0,1
20:19:19.577,867726,221.23,245.0,50.0,0.0,23.76,0,1
20:19:19.675,867826,221.2,245.0,42.0,0.0,23.79,0,1
20:19:19.776,867926,221.13,245.0,50.0,0.0,23.86,0,1
20:19:19.876,868026,221.1,245.0,47.0,0.0,23.89,0,1
20:19:19.974,868126,221.07,245.0,38.0,0.0,23.92,0,1
20:19:20.076,868226,221.04,245.0,48.0,0.0,23.95,0,1
20:19:20.176,868326,221.0,245.0,45.0,0.0,23.99,0,1
20:19:20.277,868426,221.0,245.0,18.0,0.0,23.99,0,1
20:19:20.375,868526,220.97,245.0,43.0,0.0,24.02,0,1
20:19:20.503,868626,220.97,245.0,43.0,0.0,24.02,0,1
20:19:20.574,868726,220.95,245.0,34.0,0.0,24.04,0,1
20:19:20.676,868826,220.91,245.0,50.0,0.0,24.08,0,1
20:19:20.777,868926,220.85,245.0,50.0,0.0,24.14,0,1
20:19:20.876,869026,220.82,245.0,43.0,0.0,24.17,0,1
20:19:21.085,869226,220.78,245.0,47.0,0.0,24.21,0,1
20:19:21.175,869326,220.75,245.0,44.0,0.0,24.24,0,1
20:19:21.277,869426,220.71,245.0,48.0,0.0,24.28,0,1
20:19:21.375,869526,220.66,245.0,50.0,0.0,24.33,0,1
20:19:21.475,869626,220.63,245.0,40.0,0.0,24.36,0,1
20:19:21.576,869726,220.63,245.0,40.0,0.0,24.36,0,1
20:19:21.677,869826,220.62,245.0,32.0,0.0,24.37,0,1
20:19:21.778,869926,220.58,245.0,49.0,0.0,24.41,0,1
20:19:21.876,870026,220.55,245.0,40.0,0.0,24.44,0,1
20:19:21.974,870126,220.55,245.0,40.0,0.0,24.44,0,1
20:19:22.077,870226,220.53,245.0,32.0,0.0,24.46,0,1
20:19:22.175,870326,220.49,245.0,50.0,0.0,24.5,0,1
20:19:22.274,870426,220.45,245.0,50.0,0.0,24.54,0,1
20:19:22.376,870526,220.4,245.0,50.0,0.0,24.59,0,1
20:19:22.474,870626,220.39,245.0,26.0,0.0,24.6,0,1
20:19:22.577,870726,220.36,245.0,44.0,0.0,24.63,0,1
20:19:22.674,870826,220.37,245.0,17.0,0.0,24.62,0,1
20:19:22.786,870926,220.35,245.0,30.0,0.0,24.64,0,1
20:19:22.875,871026,220.34,245.0,29.0,0.0,24.65,0,1
20:19:22.975,871126,220.34,245.0,19.0,0.0,24.65,0,1
20:19:23.076,871226,220.34,245.0,21.0,0.0,24.65,0,1
20:19:23.174,871326,220.3,245.0,46.0,0.0,24.69,0,1
20:19:23.274,871426,220.31,245.0,19.0,0.0,24.68,0,1
20:19:23.381,871526,220.31,245.0,19.0,0.0,24.68,0,1
20:19:23.474,871626,220.28,245.0,37.0,0.0,24.71,0,1
20:19:23.577,871726,220.28,245.0,23.0,0.0,24.71,0,1
20:19:23.675,871826,220.24,245.0,48.0,0.0,24.75,0,1
20:19:23.774,871926,220.24,245.0,26.0,0.0,24.75,0,1
20:19:23.875,872026,220.24,245.0,19.0,0.0,24.75,0,1
20:19:23.973,872126,220.24,245.0,19.0,0.0,24.75,0,1
20:19:24.077,872226,220.21,245.0,38.0,0.0,24.78,0,1
20:19:24.174,872326,220.2,245.0,30.0,0.0,24.79,0,1
20:19:24.274,872426,220.2,245.0,16.0,0.0,24.79,0,1
20:19:24.375,872526,220.2,245.0,23.0,0.0,24.79,0,1
20:19:24.485,872626,220.19,245.0,23.0,0.0,24.8,0,1
20:19:24.577,872726,220.19,245.0,22.0,0.0,24.8,0,1
20:19:24.674,872826,220.21,245.0,3.0,0.0,24.78,0,0
20:19:24.776,872926,220.21,245.0,3.0,0.0,24.78,0,0
20:19:24.874,873026,220.23,245.0,5.0,0.0,24.76,0,0
20:19:24.974,873126,220.24,245.0,13.0,0.0,24.75,0,0
20:19:25.082,873226,220.23,245.0,26.0,0.0,24.76,0,1
20:19:25.274,873426,220.24,245.0,13.0,0.0,24.75,0,0
20:19:25.373,873526,220.25,245.0,7.0,0.0,24.74,0,0
20:19:25.473,873626,220.28,245.0,0.0,0.0,24.71,0,0
20:19:25.573,873726,220.31,245.0,0.0,0.0,24.68,0,0
20:19:25.678,873826,220.31,245.0,19.0,0.0,24.68,0,1
20:19:25.774,873926,220.31,245.0,19.0,0.0,24.68,0,1
20:19:25.874,874026,220.3,245.0,25.0,0.0,24.69,0,1
20:19:25.973,874126,220.31,245.0,12.0,0.0,24.68,0,0
20:19:26.075,874226,220.32,245.0,13.0,0.0,24.67,0,0
20:19:26.174,874326,220.34,245.0,1.0,0.0,24.65,0,0
20:19:26.273,874426,220.34,245.0,19.0,0.0,24.65,0,1
20:19:26.374,874526,220.34,245.0,19.0,0.0,24.65,0,1
20:19:26.473,874626,220.37,245.0,0.0,0.0,24.62,0,0
20:19:26.573,874726,220.38,245.0,11.0,0.0,24.61,0,0
20:19:26.673,874826,220.4,245.0,6.0,0.0,24.59,0,0
20:19:26.773,874926,220.42,245.0,1.0,0.0,24.57,0,0
20:19:26.873,875026,220.46,245.0,0.0,0.0,24.53,0,0
20:19:26.973,875126,220.5,245.0,0.0,0.0,24.49,0,0
20:19:27.075,875226,220.52,245.0,3.0,0.0,24.47,0,0
20:19:27.173,875326,220.53,245.0,11.0,0.0,24.46,0,0
20:19:27.273,875426,220.58,245.0,0.0,0.0,24.41,0,0
20:19:27.395,875526,220.58,245.0,0.0,0.0,24.41,0,0
20:19:27.472,875626,220.61,245.0,0.0,0.0,24.38,0,0
20:19:27.575,875726,220.63,245.0,0.0,0.0,24.36,0,0
20:19:27.673,875826,220.67,245.0,0.0,0.0,24.32,0,0
20:19:27.774,875926,220.71,245.0,0.0,0.0,24.28,0,0
20:19:27.875,876026,220.74,245.0,0.0,0.0,24.25,0,0
20:19:27.975,876126,220.76,245.0,3.0,0.0,24.23,0,0
20:19:28.082,876226,220.81,245.0,0.0,0.0,24.18,0,0
20:19:28.177,876326,220.84,245.0,0.0,0.0,24.15,0,0
20:19:28.273,876426,220.87,245.0,0.0,0.0,24.12,0,0
20:19:28.374,876526,220.87,245.0,0.0,0.0,24.12,0,0
20:19:28.479,876626,220.91,245.0,0.0,0.0,24.08,0,0
20:19:28.572,876726,220.96,245.0,0.0,0.0,24.03,0,0
20:19:28.673,876826,220.99,245.0,0.0,0.0,24.0,0,0
20:19:28.773,876926,221.03,245.0,0.0,0.0,23.96,0,0
20:19:28.874,877026,221.03,245.0,19.0,0.0,23.96,0,1
20:19:28.973,877126,221.06,245.0,0.0,0.0,23.93,0,0
20:19:29.077,877226,221.09,245.0,0.0,0.0,23.9,0,0
20:19:29.173,877326,221.12,245.0,0.0,0.0,23.87,0,0
20:19:29.274,877426,221.15,245.0,0.0,0.0,23.84,0,0
20:19:29.375,877526,221.18,245.0,0.0,0.0,23.81,0,0
20:19:29.473,877626,221.19,245.0,7.0,0.0,23.8,0,0
20:19:29.572,877726,221.21,245.0,8.0,0.0,23.78,0,0
20:19:29.679,877826,221.23,245.0,2.0,0.0,23.76,0,0
20:19:29.772,877926,221.26,245.0,0.0,0.0,23.73,0,0
20:19:29.876,878026,221.3,245.0,0.0,0.0,23.69,0,0
20:19:29.974,878126,221.33,245.0,0.0,0.0,23.66,0,0
20:19:30.074,878226,221.35,245.0,6.0,0.0,23.64,0,0
20:19:30.176,878326,221.39,245.0,0.0,0.0,23.6,0,0
20:19:30.273,878426,221.41,245.0,4.0,0.0,23.58,0,0
20:19:30.373,878526,221.44,245.0,0.0,0.0,23.55,0,0
20:19:30.473,878626,221.44,245.0,18.0,0.0,23.55,0,1
20:19:30.572,878726,221.46,245.0,2.0,0.0,23.53,0,0
20:19:30.674,878826,221.52,245.0,0.0,0.0,23.47,0,0
20:19:30.772,878926,221.56,245.0,0.0,0.0,23.43,0,0
20:19:30.874,879026,221.6,245.0,0.0,0.0,23.39,0,0
20:19:30.973,879126,221.63,245.0,0.0,0.0,23.36,0,0
20:19:31.072,879226,221.63,245.0,0.0,0.0,23.36,0,0
20:19:31.174,879326,221.65,245.0,4.0,0.0,23.34,0,0
20:19:31.272,879426,221.67,245.0,0.0,0.0,23.32,0,0
20:19:31.377,879526,221.71,245.0,0.0,0.0,23.28,0,0
20:19:31.473,879626,221.73,245.0,0.0,0.0,23.26,0,0
20:19:31.576,879726,221.74,245.0,12.0,0.0,23.25,0,0
20:19:31.674,879826,221.74,245.0,18.0,0.0,23.25,0,1
20:19:31.773,879926,221.75,245.0,7.0,0.0,23.24,0,0
20:19:31.874,880026,221.78,245.0,1.0,0.0,23.21,0,0
20:19:31.975,880126,221.77,245.0,22.0,0.0,23.22,0,1
20:19:32.073,880226,221.76,245.0,28.0,0.0,23.23,0,1
20:19:32.174,880326,221.75,245.0,27.0,0.0,23.24,0,1
20:19:32.272,880426,221.75,245.0,14.0,0.0,23.24,0,0
20:19:32.373,880526,221.76,245.0,14.0,0.0,23.23,0,0
20:19:32.474,880626,221.77,245.0,8.0,0.0,23.22,0,0
20:19:32.571,880726,221.77,245.0,18.0,0.0,23.22,0,1
20:19:32.675,880826,221.77,245.0,18.0,0.0,23.22,0,1
20:19:32.771,880926,221.78,245.0,9.0,0.0,23.21,0,0
20:19:32.875,881026,221.79,245.0,10.0,0.0,23.2,0,0
20:19:32.972,881126,221.79,245.0,17.0,0.0,23.2,0,1
20:19:33.087,881226,221.79,245.0,17.0,0.0,23.2,0,1
20:19:33.177,881326,221.8,245.0,11.0,0.0,23.19,0,0
20:19:33.272,881426,221.82,245.0,5.0,0.0,23.17,0,0
20:19:33.378,881526,221.83,245.0,13.0,0.0,23.16,0,0
20:19:33.473,881626,221.83,245.0,13.0,0.0,23.16,0,0
20:19:33.572,881726,221.83,245.0,20.0,0.0,23.16,0,1
20:19:33.690,881826,221.79,245.0,45.0,0.0,23.2,0,1
20:19:33.773,881926,221.76,245.0,43.0,0.0,23.23,0,1
20:19:33.876,882026,221.75,245.0,28.0,0.0,23.24,0,1
20:19:33.973,882126,221.72,245.0,46.0,0.0,23.27,0,1
20:19:34.072,882226,221.69,245.0,43.0,0.0,23.3,0,1
20:19:34.174,882326,221.66,245.0,40.0,0.0,23.33,0,1
20:19:34.272,882426,221.64,245.0,32.0,0.0,23.35,0,1
20:19:34.378,882526,221.63,245.0,31.0,0.0,23.36,0,1
20:19:34.474,882626,221.63,245.0,18.0,0.0,23.36,0,1
20:19:34.576,882726,221.6,245.0,42.0,0.0,23.39,0,1
20:19:34.770,882926,221.59,245.0,21.0,0.0,23.4,0,1
20:19:34.871,883026,221.57,245.0,39.0,0.0,23.42,0,1
20:19:34.971,883126,221.54,245.0,37.0,0.0,23.45,0,1
20:19:35.072,883226,221.53,245.0,29.0,0.0,23.46,0,1
20:19:35.174,883326,221.49,245.0,47.0,0.0,23.5,0,1
20:19:35.272,883426,221.48,245.0,31.0,0.0,23.51,0,1
20:19:35.405,883526,221.46,245.0,30.0,0.0,23.53,0,1
20:19:35.477,883626,221.43,245.0,48.0,0.0,23.56,0,1
20:19:35.570,883726,221.41,245.0,32.0,0.0,23.58,0,1
20:19:35.672,883826,221.38,245.0,37.0,0.0,23.61,0,1
20:19:35.772,883926,221.33,245.0,50.0,0.0,23.66,0,1
20:19:35.874,884026,221.32,245.0,31.0,0.0,23.67,0,1
20:19:35.976,884126,221.29,245.0,36.0,0.0,23.7,0,1
20:19:36.070,884226,221.26,245.0,47.0,0.0,23.73,0,1
20:19:36.176,884326,221.26,245.0,18.0,0.0,23.73,0,1
20:19:36.271,884426,221.22,245.0,50.0,0.0,23.77,0,1
20:19:36.371,884526,221.18,245.0,47.0,0.0,23.81,0,1
20:19:36.473,884626,221.14,245.0,50.0,0.0,23.85,0,1
20:19:36.575,884726,221.1,245.0,50.0,0.0,23.89,0,1
20:19:36.674,884826,221.07,245.0,38.0,0.0,23.92,0,1
20:19:36.771,884926,221.05,245.0,36.0,0.0,23.94,0,1
20:19:36.871,885026,220.99,245.0,50.0,0.0,24.0,0,1
20:19:36.972,885126,220.94,245.0,50.0,0.0,24.05,0,1
20:19:37.110,885226,220.92,245.0,38.0,0.0,24.07,0,1
20:19:37.173,885326,220.89,245.0,42.0,0.0,24.1,0,1
20:19:37.272,885426,220.85,245.0,46.0,0.0,24.14,0,1
20:19:37.375,885526,220.84,245.0,31.0,0.0,24.15,0,1
20:19:37.473,885626,220.81,245.0,42.0,0.0,24.18,0,1
20:19:37.572,885726,220.77,245.0,50.0,0.0,24.22,0,1
20:19:37.710,885826,220.74,245.0,43.0,0.0,24.25,0,1
20:19:37.777,885926,220.68,245.0,50.0,0.0,24.31,0,1
20:19:37.877,886026,220.68,245.0,50.0,0.0,24.31,0,1
20:19:37.971,886126,220.64,245.0,48.0,0.0,24.35,0,1
20:19:38.071,886226,220.62,245.0,39.0,0.0,24.37,0,1
20:19:38.172,886326,220.59,245.0,43.0,0.0,24.4,0,1
20:19:38.273,886426,220.55,245.0,47.0,0.0,24.44,0,1
20:19:38.376,886526,220.52,245.0,44.0,0.0,24.47,0,1
20:19:38.471,886626,220.48,245.0,48.0,0.0,24.51,0,1
20:19:38.571,886726,220.47,245.0,33.0,0.0,24.52,0,1
20:19:38.669,886826,220.46,245.0,25.0,0.0,24.53,0,1
20:19:38.770,886926,220.43,245.0,43.0,0.0,24.56,0,1
20:19:38.869,887026,220.42,245.0,28.0,0.0,24.57,0,1
20:19:38.971,887126,220.41,245.0,21.0,0.0,24.58,0,1
20:19:39.071,887226,220.4,245.0,27.0,0.0,24.59,0,1
20:19:39.170,887326,220.4,245.0,19.0,0.0,24.59,0,1
20:19:39.272,887426,220.4,245.0,20.0,0.0,24.59,0,1
20:19:39.418,887526,220.4,245.0,20.0,0.0,24.59,0,1
20:19:39.471,887626,220.38,245.0,39.0,0.0,24.61,0,1
20:19:39.571,887726,220.36,245.0,37.0,0.0,24.63,0,1
20:19:39.675,887826,220.36,245.0,19.0,0.0,24.63,0,1
20:19:39.773,887926,220.33,245.0,41.0,0.0,24.66,0,1
20:19:39.873,888026,220.29,245.0,50.0,0.0,24.7,0,1
20:19:39.981,888126,220.29,245.0,50.0,0.0,24.7,0,1
20:19:40.070,888226,220.25,245.0,48.0,0.0,24.74,0,1
20:19:40.170,888326,220.25,245.0,21.0,0.0,24.74,0,1
20:19:40.270,888426,220.24,245.0,27.0,0.0,24.75,0,1
20:19:40.370,888526,220.24,245.0,19.0,0.0,24.75,0,1
20:19:40.473,888626,220.23,245.0,26.0,0.0,24.76,0,1
20:19:40.570,888726,220.22,245.0,32.0,0.0,24.77,0,1
20:19:40.674,888826,220.23,245.0,12.0,0.0,24.76,0,0
20:19:40.776,888926,220.23,245.0,19.0,0.0,24.76,0,1
20:19:40.873,889026,220.23,245.0,19.0,0.0,24.76,0,1
20:19:40.970,889126,220.21,245.0,31.0,0.0,24.78,0,1
20:19:41.070,889226,220.18,245.0,49.0,0.0,24.81,0,1
20:19:41.170,889326,220.17,245.0,21.0,0.0,24.82,0,1
20:19:41.270,889426,220.18,245.0,15.0,0.0,24.81,0,1
20:19:41.371,889526,220.19,245.0,9.0,0.0,24.8,0,0
20:19:41.473,889626,220.23,245.0,0.0,0.0,24.76,0,0
20:19:41.570,889726,220.23,245.0,0.0,0.0,24.76,0,0
20:19:41.691,889826,220.23,245.0,19.0,0.0,24.76,0,1
20:19:41.776,889926,220.23,245.0,19.0,0.0,24.76,0,1
20:19:41.876,890026,220.23,245.0,19.0,0.0,24.76,0,1
20:19:41.972,890126,220.23,245.0,19.0,0.0,24.76,0,1
20:19:42.070,890226,220.22,245.0,25.0,0.0,24.77,0,1
20:19:42.170,890326,220.23,245.0,12.0,0.0,24.76,0,0
20:19:42.275,890426,220.24,245.0,13.0,0.0,24.75,0,0
20:19:42.371,890526,220.26,245.0,1.0,0.0,24.73,0,0
20:19:42.472,890626,220.27,245.0,15.0,0.0,24.72,0,1
20:19:42.572,890726,220.27,245.0,15.0,0.0,24.72,0,1
20:19:42.673,890826,220.27,245.0,16.0,0.0,24.72,0,1
20:19:42.771,890926,220.3,245.0,0.0,0.0,24.69,0,0
20:19:42.875,891026,220.33,245.0,0.0,0.0,24.66,0,0
20:19:42.972,891126,220.36,245.0,0.0,0.0,24.63,0,0
20:19:43.074,891226,220.36,245.0,0.0,0.0,24.63,0,0
20:19:43.169,891326,220.4,245.0,0.0,0.0,24.59,0,0
20:19:43.272,891426,220.45,245.0,0.0,0.0,24.54,0,0
20:19:43.396,891526,220.48,245.0,0.0,0.0,24.51,0,0
20:19:43.472,891626,220.52,245.0,0.0,0.0,24.47,0,0
20:19:43.571,891726,220.55,245.0,0.0,0.0,24.44,0,0
20:19:43.668,891826,220.55,245.0,0.0,0.0,24.44,0,0
20:19:43.770,891926,220.57,245.0,7.0,0.0,24.42,0,0
20:19:43.874,892026,220.6,245.0,0.0,0.0,24.39,0,0
20:19:43.972,892126,220.66,245.0,0.0,0.0,24.33,0,0
20:19:44.069,892226,220.66,245.0,19.0,0.0,24.33,0,1
20:19:44.173,892326,220.68,245.0,0.0,0.0,24.31,0,0
20:19:44.271,892426,220.7,245.0,5.0,0.0,24.29,0,0
20:19:44.370,892526,220.75,245.0,0.0,0.0,24.24,0,0
20:19:44.472,892626,220.8,245.0,0.0,0.0,24.19,0,0
20:19:44.568,892726,220.84,245.0,0.0,0.0,24.15,0,0
20:19:44.673,892826,220.87,245.0,0.0,0.0,24.12,0,0
20:19:44.770,892926,220.89,245.0,1.0,0.0,24.1,0,0
20:19:44.870,893026,220.91,245.0,3.0,0.0,24.08,0,0
20:19:44.970,893126,220.95,245.0,0.0,0.0,24.04,0,0
20:19:45.069,893226,220.95,245.0,19.0,0.0,24.04,0,1
20:19:45.171,893326,220.98,245.0,0.0,0.0,24.01,0,0
20:19:45.268,893426,220.98,245.0,0.0,0.0,24.01,0,0
20:19:45.369,893526,221.03,245.0,0.0,0.0,23.96,0,0
20:19:45.471,893626,221.07,245.0,0.0,0.0,23.92,0,0
20:19:45.568,893726,221.11,245.0,0.0,0.0,23.88,0,0
20:19:45.671,893826,221.15,245.0,0.0,0.0,23.84,0,0
20:19:45.770,893926,221.15,245.0,0.0,0.0,23.84,0,0
20:19:45.868,894026,221.2,245.0,0.0,0.0,23.79,0,0
20:19:45.968,894126,221.22,245.0,2.0,0.0,23.77,0,0
20:19:46.068,894226,221.25,245.0,0.0,0.0,23.74,0,0
20:19:46.169,894326,221.29,245.0,0.0,0.0,23.7,0,0
20:19:46.277,894426,221.32,245.0,0.0,0.0,23.67,0,0
20:19:46.369,894526,221.34,245.0,0.0,0.0,23.65,0,0
20:19:46.473,894626,221.36,245.0,0.0,0.0,23.63,0,0
20:19:46.574,894726,221.39,245.0,0.0,0.0,23.6,0,0
20:19:46.669,894826,221.43,245.0,0.0,0.0,23.56,0,0
20:19:46.771,894926,221.45,245.0,1.0,0.0,23.54,0,0
20:19:46.870,895026,221.47,245.0,9.0,0.0,23.52,0,0
20:19:46.972,895126,221.52,245.0,0.0,0.0,23.47,0,0
20:19:47.069,895226,221.55,245.0,0.0,0.0,23.44,0,0
20:19:47.173,895326,221.59,245.0,0.0,0.0,23.4,0,0
20:19:47.268,895426,221.64,245.0,0.0,0.0,23.35,0,0
20:19:47.369,895526,221.67,245.0,0.0,0.0,23.32,0,0
20:19:47.467,895626,221.72,245.0,0.0,0.0,23.27,0,0
20:19:47.569,895726,221.77,245.0,0.0,0.0,23.22,0,0
20:19:47.674,895826,221.8,245.0,0.0,0.0,23.19,0,0
20:19:47.768,895926,221.81,245.0,11.0,0.0,23.18,0,0
20:19:47.873,896026,221.84,245.0,0.0,0.0,23.15,0,0
20:19:47.978,896126,221.86,245.0,2.0,0.0,23.13,0,0
20:19:48.070,896226,221.88,245.0,3.0,0.0,23.11,0,0
20:19:48.167,896326,221.88,245.0,18.0,0.0,23.11,0,1
20:19:48.273,896426,221.88,245.0,18.0,0.0,23.11,0,1
20:19:48.368,896526,221.88,245.0,18.0,0.0,23.11,0,1
20:19:48.468,896626,221.89,245.0,11.0,0.0,23.1,0,0
20:19:48.575,896726,221.89,245.0,11.0,0.0,23.1,0,0
20:19:48.668,896826,221.93,245.0,0.0,0.0,23.06,0,0
20:19:48.772,896926,221.95,245.0,2.0,0.0,23.04,0,0
20:19:48.874,897026,221.96,245.0,4.0,0.0,23.03,0,0
20:19:48.968,897126,221.97,245.0,12.0,0.0,23.02,0,0
20:19:49.071,897226,221.99,245.0,6.0,0.0,23.0,0,0
20:19:49.168,897326,222.01,245.0,1.0,0.0,22.98,0,0
20:19:49.279,897426,222.02,245.0,9.0,0.0,22.97,0,0
20:19:49.369,897526,222.03,245.0,10.0,0.0,22.96,0,0
20:19:49.468,897626,222.05,245.0,4.0,0.0,22.94,0,0
20:19:49.570,897726,222.06,245.0,5.0,0.0,22.93,0,0
20:19:49.688,897826,222.05,245.0,26.0,0.0,22.94,0,1
20:19:49.777,897926,222.04,245.0,31.0,0.0,22.95,0,1
20:19:49.867,898026,222.04,245.0,17.0,0.0,22.95,0,1
20:19:49.968,898126,222.0,245.0,43.0,0.0,22.99,0,1
20:19:50.072,898226,222.02,245.0,9.0,0.0,22.97,0,0
20:19:50.168,898326,222.02,245.0,16.0,0.0,22.97,0,1
20:19:50.276,898426,222.02,245.0,16.0,0.0,22.97,0,1
20:19:50.367,898526,222.0,245.0,35.0,0.0,22.99,0,1
20:19:50.467,898626,221.97,245.0,40.0,0.0,23.02,0,1
20:19:50.568,898726,221.94,245.0,44.0,0.0,23.05,0,1
20:19:50.667,898826,221.93,245.0,22.0,0.0,23.06,0,1
20:19:50.770,898926,221.93,245.0,22.0,0.0,23.06,0,1
20:19:50.866,899026,221.9,245.0,41.0,0.0,23.09,0,1
20:19:50.967,899126,221.87,245.0,38.0,0.0,23.12,0,1
20:19:51.067,899226,221.86,245.0,30.0,0.0,23.13,0,1
20:19:51.167,899326,221.85,245.0,23.0,0.0,23.14,0,1
20:19:51.267,899426,221.84,245.0,28.0,0.0,23.15,0,1
20:19:51.382,899526,221.82,245.0,34.0,0.0,23.17,0,1
20:19:51.468,899626,221.82,245.0,19.0,0.0,23.17,0,1
20:19:51.570,899726,221.79,245.0,45.0,0.0,23.2,0,1
20:19:51.673,899826,221.76,245.0,36.0,0.0,23.23,0,1
20:19:51.770,899926,221.74,245.0,40.0,0.0,23.25,0,1
20:19:51.875,900026,221.71,245.0,38.0,0.0,23.28,0,1
20:19:51.971,900126,221.68,245.0,42.0,0.0,23.31,0,1
20:19:52.069,900226,221.65,245.0,46.0,0.0,23.34,0,1
20:19:52.167,900326,221.63,245.0,31.0,0.0,23.36,0,1
20:19:52.267,900426,221.59,245.0,49.0,0.0,23.4,0,1
20:19:52.369,900526,221.59,245.0,18.0,0.0,23.4,0,1
20:19:52.467,900626,221.57,245.0,33.0,0.0,23.42,0,1
20:19:52.568,900726,221.53,245.0,50.0,0.0,23.46,0,1
20:19:52.675,900826,221.51,245.0,41.0,0.0,23.48,0,1
20:19:52.773,900926,221.49,245.0,32.0,0.0,23.5,0,1
20:19:52.868,901026,221.46,245.0,37.0,0.0,23.53,0,1
20:19:52.968,901126,221.44,245.0,35.0,0.0,23.55,0,1
20:19:53.083,901226,221.4,245.0,50.0,0.0,23.59,0,1
20:19:53.168,901326,221.4,245.0,18.0,0.0,23.59,0,1
20:19:53.267,901426,221.37,245.0,43.0,0.0,23.62,0,1
20:19:53.366,901526,221.34,245.0,40.0,0.0,23.65,0,1
20:19:53.470,901626,221.31,245.0,45.0,0.0,23.68,0,1
20:19:53.569,901726,221.26,245.0,50.0,0.0,23.73,0,1
20:19:53.667,901826,221.23,245.0,45.0,0.0,23.76,0,1
20:19:53.771,901926,221.21,245.0,36.0,0.0,23.78,0,1
20:19:53.874,902026,221.2,245.0,28.0,0.0,23.79,0,1
20:19:53.972,902126,221.17,245.0,39.0,0.0,23.82,0,1
20:19:54.076,902226,221.14,245.0,44.0,0.0,23.85,0,1
20:19:54.175,902326,221.14,245.0,16.0,0.0,23.85,0,1
20:19:54.267,902426,221.12,245.0,41.0,0.0,23.87,0,1
20:19:54.371,902526,221.09,245.0,39.0,0.0,23.9,0,1
20:19:54.473,902626,221.09,245.0,19.0,0.0,23.9,0,1
20:19:54.571,902726,221.06,245.0,43.0,0.0,23.93,0,1
20:19:54.666,902826,221.02,245.0,50.0,0.0,23.97,0,1
20:19:54.777,902926,221.02,245.0,50.0,0.0,23.97,0,1
20:19:54.868,903026,220.98,245.0,44.0,0.0,24.01,0,1
20:19:54.972,903126,220.95,245.0,48.0,0.0,24.04,0,1
20:19:55.070,903226,220.93,245.0,32.0,0.0,24.06,0,1
20:19:55.167,903326,220.91,245.0,37.0,0.0,24.08,0,1
20:19:55.266,903426,220.89,245.0,35.0,0.0,24.1,0,1
20:19:55.368,903526,220.88,245.0,21.0,0.0,24.11,0,1
20:19:55.466,903626,220.88,245.0,21.0,0.0,24.11,0,1
20:19:55.569,903726,220.86,245.0,33.0,0.0,24.13,0,1
20:19:55.666,903826,220.86,245.0,26.0,0.0,24.13,0,1
20:19:55.771,903926,220.83,245.0,37.0,0.0,24.16,0,1
20:19:55.890,904026,220.81,245.0,36.0,0.0,24.18,0,1
20:19:55.967,904126,220.79,245.0,40.0,0.0,24.2,0,1
20:19:56.069,904226,220.78,245.0,26.0,0.0,24.21,0,1
20:19:56.166,904326,220.78,245.0,26.0,0.0,24.21,0,1
20:19:56.270,904426,220.75,245.0,37.0,0.0,24.24,0,1
20:19:56.368,904526,220.74,245.0,29.0,0.0,24.25,0,1
20:19:56.471,904626,220.73,245.0,28.0,0.0,24.26,0,1
20:19:56.571,904726,220.73,245.0,19.0,0.0,24.26,0,1
20:19:56.667,904826,220.73,245.0,21.0,0.0,24.26,0,1
20:19:56.775,904926,220.72,245.0,21.0,0.0,24.27,0,1
20:19:56.867,905026,220.69,245.0,46.0,0.0,24.3,0,1
20:19:56.972,905126,220.69,245.0,18.0,0.0,24.3,0,1
20:19:57.071,905226,220.69,245.0,18.0,0.0,24.3,0,1
20:19:57.165,905326,220.67,245.0,37.0,0.0,24.32,0,1
20:19:57.271,905426,220.65,245.0,35.0,0.0,24.34,0,1
20:19:57.369,905526,220.65,245.0,21.0,0.0,24.34,0,1
20:19:57.466,905626,220.65,245.0,15.0,0.0,24.34,0,1
20:19:57.604,905726,220.67,245.0,9.0,0.0,24.32,0,0
20:19:57.665,905826,220.68,245.0,10.0,0.0,24.31,0,0
20:19:57.769,905926,220.68,245.0,17.0,0.0,24.31,0,1
20:19:57.874,906026,220.69,245.0,11.0,0.0,24.3,0,0
20:19:57.973,906126,220.7,245.0,12.0,0.0,24.29,0,0
20:19:58.074,906226,220.71,245.0,6.0,0.0,24.28,0,0
20:19:58.181,906326,220.73,245.0,7.0,0.0,24.26,0,0
20:19:58.266,906426,220.73,245.0,15.0,0.0,24.26,0,1
20:19:58.365,906526,220.72,245.0,28.0,0.0,24.27,0,1
20:19:58.466,906626,220.74,245.0,8.0,0.0,24.25,0,0
20:19:58.565,906726,220.75,245.0,9.0,0.0,24.24,0,0
20:19:58.669,906826,220.78,245.0,0.0,0.0,24.21,0,0
20:19:58.765,906926,220.81,245.0,0.0,0.0,24.18,0,0
20:19:58.869,907026,220.8,245.0,21.0,0.0,24.19,0,1
20:19:58.966,907126,220.81,245.0,14.0,0.0,24.18,0,0
20:19:59.065,907226,220.85,245.0,0.0,0.0,24.14,0,0
20:19:59.168,907326,220.85,245.0,18.0,0.0,24.14,0,1
20:19:59.265,907426,220.85,245.0,19.0,0.0,24.14,0,1
20:19:59.364,907526,220.85,245.0,18.0,0.0,24.14,0,1
20:19:59.465,907626,220.86,245.0,12.0,0.0,24.13,0,0
20:19:59.572,907726,220.89,245.0,0.0,0.0,24.1,0,0
20:19:59.668,907826,220.9,245.0,9.0,0.0,24.09,0,0
20:19:59.768,907926,220.93,245.0,0.0,0.0,24.06,0,0
20:19:59.890,908026,220.93,245.0,19.0,0.0,24.06,0,1
20:19:59.967,908126,220.93,245.0,18.0,0.0,24.06,0,1
20:20:00.065,908226,220.95,245.0,6.0,0.0,24.04,0,0
20:20:00.167,908326,220.98,245.0,0.0,0.0,24.01,0,0
20:20:00.274,908426,221.03,245.0,0.0,0.0,23.96,0,0
20:20:00.366,908526,221.07,245.0,0.0,0.0,23.92,0,0
20:20:00.467,908626,221.1,245.0,0.0,0.0,23.89,0,0
20:20:00.567,908726,221.12,245.0,0.0,0.0,23.87,0,0
20:20:00.667,908826,221.15,245.0,0.0,0.0,23.84,0,0
20:20:00.765,908926,221.17,245.0,4.0,0.0,23.82,0,0
20:20:00.868,909026,221.18,245.0,6.0,0.0,23.81,0,0
20:20:00.965,909126,221.21,245.0,1.0,0.0,23.78,0,0
20:20:01.065,909226,221.26,245.0,0.0,0.0,23.73,0,0
20:20:01.167,909326,221.28,245.0,0.0,0.0,23.71,0,0
20:20:01.272,909426,221.31,245.0,0.0,0.0,23.68,0,0
20:20:01.369,909526,221.34,245.0,0.0,0.0,23.65,0,0
20:20:01.465,909626,221.34,245.0,18.0,0.0,23.65,0,1
20:20:01.601,909726,221.37,245.0,0.0,0.0,23.62,0,0
20:20:01.672,909826,221.4,245.0,0.0,0.0,23.59,0,0
20:20:01.766,909926,221.45,245.0,0.0,0.0,23.54,0,0
20:20:01.868,910026,221.49,245.0,0.0,0.0,23.5,0,0
20:20:01.965,910126,221.53,245.0,0.0,0.0,23.46,0,0
20:20:02.071,910226,221.57,245.0,0.0,0.0,23.42,0,0
20:20:02.183,910326,221.6,245.0,0.0,0.0,23.39,0,0
20:20:02.264,910426,221.64,245.0,0.0,0.0,23.35,0,0
20:20:02.368,910526,221.67,245.0,0.0,0.0,23.32,0,0
20:20:02.470,910626,221.73,245.0,0.0,0.0,23.26,0,0
20:20:02.564,910726,221.73,245.0,0.0,0.0,23.26,0,0
20:20:02.669,910826,221.73,245.0,18.0,0.0,23.26,0,1
20:20:02.766,910926,221.76,245.0,0.0,0.0,23.23,0,0
20:20:02.869,911026,221.8,245.0,0.0,0.0,23.19,0,0
20:20:02.971,911126,221.84,245.0,0.0,0.0,23.15,0,0
20:20:03.069,911226,221.86,245.0,9.0,0.0,23.13,0,0
20:20:03.171,911326,221.9,245.0,0.0,0.0,23.09,0,0
20:20:03.268,911426,221.92,245.0,0.0,0.0,23.07,0,0
20:20:03.364,911526,221.95,245.0,0.0,0.0,23.04,0,0
20:20:03.466,911626,222.0,245.0,0.0,0.0,22.99,0,0
20:20:03.564,911726,222.0,245.0,0.0,0.0,22.99,0,0
20:20:03.667,911826,222.03,245.0,0.0,0.0,22.96,0,0
20:20:03.765,911926,222.05,245.0,0.0,0.0,22.94,0,0
20:20:03.864,912026,222.08,245.0,0.0,0.0,22.91,0,0
20:20:03.965,912126,222.12,245.0,0.0,0.0,22.87,0,0
20:20:04.065,912226,222.13,245.0,11.0,0.0,22.86,0,0
20:20:04.171,912326,222.16,245.0,0.0,0.0,22.83,0,0
20:20:04.264,912426,222.19,245.0,0.0,0.0,22.8,0,0
20:20:04.369,912526,222.22,245.0,0.0,0.0,22.77,0,0
20:20:04.465,912626,222.25,245.0,0.0,0.0,22.74,0,0
20:20:04.565,912726,222.28,245.0,0.0,0.0,22.71,0,0
20:20:04.666,912826,222.28,245.0,0.0,0.0,22.71,0,0
20:20:04.764,912926,222.29,245.0,5.0,0.0,22.7,0,0
20:20:04.864,913026,222.31,245.0,6.0,0.0,22.68,0,0
20:20:04.963,913126,222.35,245.0,0.0,0.0,22.64,0,0
20:20:05.068,913226,222.39,245.0,0.0,0.0,22.6,0,0
20:20:05.165,913326,222.38,245.0,20.0,0.0,22.61,0,1
20:20:05.264,913426,222.37,245.0,32.0,0.0,22.62,0,1
20:20:05.363,913526,222.37,245.0,12.0,0.0,22.62,0,0
20:20:05.465,913626,222.4,245.0,0.0,0.0,22.59,0,0
20:20:05.565,913726,222.42,245.0,1.0,0.0,22.57,0,0
20:20:05.676,913826,222.43,245.0,9.0,0.0,22.56,0,0
20:20:05.764,913926,222.43,245.0,16.0,0.0,22.56,0,1
20:20:05.864,914026,222.41,245.0,29.0,0.0,22.58,0,1
20:20:05.964,914126,222.41,245.0,18.0,0.0,22.58,0,1
20:20:06.064,914226,222.4,245.0,28.0,0.0,22.59,0,1
20:20:06.165,914326,222.4,245.0,14.0,0.0,22.59,0,0
20:20:06.263,914426,222.43,245.0,0.0,0.0,22.56,0,0
20:20:06.370,914526,222.46,245.0,0.0,0.0,22.53,0,0
20:20:06.471,914626,222.46,245.0,19.0,0.0,22.53,0,1
20:20:06.575,914726,222.46,245.0,12.0,0.0,22.53,0,0
20:20:06.673,914826,222.48,245.0,6.0,0.0,22.51,0,0
20:20:06.786,914926,222.48,245.0,6.0,0.0,22.51,0,0
20:20:06.863,915026,222.48,245.0,14.0,0.0,22.51,0,0
20:20:06.964,915126,222.47,245.0,27.0,0.0,22.52,0,1
20:20:07.063,915226,222.47,245.0,18.0,0.0,22.52,0,1
20:20:07.165,915326,222.43,245.0,50.0,0.0,22.56,0,1
20:20:07.263,915426,222.43,245.0,18.0,0.0,22.56,0,1
20:20:07.418,915526,222.43,245.0,18.0,0.0,22.56,0,1
20:20:07.474,915626,222.43,245.0,18.0,0.0,22.56,0,1
20:20:07.571,915726,222.41,245.0,29.0,0.0,22.58,0,1
20:20:07.672,915826,222.41,245.0,18.0,0.0,22.58,0,1
20:20:07.766,915926,222.37,245.0,47.0,0.0,22.62,0,1
20:20:07.863,916026,222.34,245.0,44.0,0.0,22.65,0,1
20:20:07.993,916126,222.31,245.0,42.0,0.0,22.68,0,1
20:20:08.062,916226,222.28,245.0,39.0,0.0,22.71,0,1
20:20:08.166,916326,222.24,245.0,50.0,0.0,22.75,0,1
20:20:08.265,916426,222.22,245.0,34.0,0.0,22.77,0,1
20:20:08.363,916526,222.16,245.0,50.0,0.0,22.83,0,1
20:20:08.471,916626,222.15,245.0,27.0,0.0,22.84,0,1
20:20:08.578,916726,222.1,245.0,50.0,0.0,22.89,0,1
20:20:08.667,916826,222.07,245.0,42.0,0.0,22.92,0,1
20:20:08.762,916926,222.05,245.0,40.0,0.0,22.94,0,1
20:20:08.863,917026,222.04,245.0,25.0,0.0,22.95,0,1
20:20:08.962,917126,222.01,245.0,43.0,0.0,22.98,0,1
20:20:09.064,917226,221.97,245.0,47.0,0.0,23.02,0,1
20:20:09.167,917326,221.97,245.0,18.0,0.0,23.02,0,1
20:20:09.264,917426,221.92,245.0,50.0,0.0,23.07,0,1
20:20:09.363,917526,221.92,245.0,18.0,0.0,23.07,0,1
20:20:09.473,917626,221.92,245.0,18.0,0.0,23.07,0,1
20:20:09.563,917726,221.92,245.0,18.0,0.0,23.07,0,1
20:20:09.667,917826,221.87,245.0,50.0,0.0,23.12,0,1
20:20:09.770,917926,221.84,245.0,42.0,0.0,23.15,0,1
20:20:09.866,918026,221.78,245.0,50.0,0.0,23.21,0,1
20:20:09.965,918126,221.78,245.0,50.0,0.0,23.21,0,1
20:20:10.063,918226,221.74,245.0,48.0,0.0,23.25,0,1
20:20:10.161,918326,221.74,245.0,18.0,0.0,23.25,0,1
20:20:10.268,918426,221.7,245.0,50.0,0.0,23.29,0,1
20:20:10.363,918526,221.7,245.0,18.0,0.0,23.29,0,1
20:20:10.465,918626,221.65,245.0,50.0,0.0,23.34,0,1
20:20:10.563,918726,221.62,245.0,44.0,0.0,23.37,0,1
20:20:10.666,918826,221.6,245.0,35.0,0.0,23.39,0,1
20:20:10.765,918926,221.53,245.0,50.0,0.0,23.46,0,1
20:20:10.862,919026,221.5,245.0,41.0,0.0,23.49,0,1
20:20:10.964,919126,221.45,245.0,50.0,0.0,23.54,0,1
20:20:11.064,919226,221.43,245.0,41.0,0.0,23.56,0,1
20:20:11.162,919326,221.39,245.0,45.0,0.0,23.6,0,1
20:20:11.262,919426,221.34,245.0,50.0,0.0,23.65,0,1
20:20:11.375,919526,221.3,245.0,50.0,0.0,23.69,0,1
20:20:11.470,919626,221.3,245.0,50.0,0.0,23.69,0,1
20:20:11.563,919726,221.26,245.0,50.0,0.0,23.73,0,1
20:20:11.662,919826,221.22,245.0,44.0,0.0,23.77,0,1
20:20:11.763,919926,221.18,245.0,50.0,0.0,23.81,0,1
20:20:11.867,920026,221.16,245.0,32.0,0.0,23.83,0,1
20:20:11.973,920126,221.13,245.0,43.0,0.0,23.86,0,1
20:20:12.064,920226,221.11,245.0,34.0,0.0,23.88,0,1
20:20:12.162,920326,221.1,245.0,33.0,0.0,23.89,0,1
20:20:12.265,920426,221.06,245.0,44.0,0.0,23.93,0,1
20:20:12.362,920526,221.06,245.0,44.0,0.0,23.93,0,1
20:20:12.465,920626,221.03,245.0,48.0,0.0,23.96,0,1
20:20:12.561,920726,221.02,245.0,26.0,0.0,23.97,0,1
20:20:12.666,920826,220.97,245.0,50.0,0.0,24.02,0,1
20:20:12.766,920926,220.96,245.0,28.0,0.0,24.03,0,1
20:20:12.870,921026,220.96,245.0,19.0,0.0,24.03,0,1
20:20:12.965,921126,220.93,245.0,46.0,0.0,24.06,0,1
20:20:13.089,921226,220.89,245.0,49.0,0.0,24.1,0,1
20:20:13.172,921326,220.89,245.0,49.0,0.0,24.1,0,1
20:20:13.272,921426,220.89,245.0,49.0,0.0,24.1,0,1
20:20:13.364,921526,220.89,245.0,32.0,0.0,24.1,0,1
20:20:13.464,921626,220.87,245.0,50.0,0.0,24.12,0,1
20:20:13.570,921726,220.83,245.0,50.0,0.0,24.16,0,1
20:20:13.666,921826,220.82,245.0,46.0,0.0,24.17,0,1
20:20:13.764,921926,220.82,245.0,33.0,0.0,24.17,0,1
20:20:13.870,922026,220.82,245.0,39.0,0.0,24.17,0,1
20:20:13.964,922126,220.81,245.0,45.0,0.0,24.18,0,1
20:20:14.064,922226,220.81,245.0,36.0,0.0,24.18,0,1
20:20:14.165,922326,220.79,245.0,50.0,0.0,24.2,0,1
20:20:14.265,922426,220.77,245.0,50.0,0.0,24.22,0,1
20:20:14.368,922526,220.77,245.0,36.0,0.0,24.22,0,1
20:20:14.467,922626,220.77,245.0,35.0,0.0,24.22,0,1
20:20:14.564,922726,220.76,245.0,41.0,0.0,24.23,0,1
20:20:14.668,922826,220.76,245.0,36.0,0.0,24.23,0,1
20:20:14.764,922926,220.75,245.0,41.0,0.0,24.24,0,1
20:20:14.863,923026,220.76,245.0,34.0,0.0,24.23,0,1
20:20:14.964,923126,220.77,245.0,28.0,0.0,24.22,0,1
20:20:15.063,923226,220.78,245.0,29.0,0.0,24.21,0,1
20:20:15.165,923326,220.77,245.0,42.0,0.0,24.22,0,1
20:20:15.263,923426,220.76,245.0,41.0,0.0,24.23,0,1
20:20:15.391,923526,220.76,245.0,34.0,0.0,24.23,0,1
20:20:15.464,923626,220.76,245.0,41.0,0.0,24.23,0,1
20:20:15.563,923726,220.77,245.0,28.0,0.0,24.22,0,1
20:20:15.666,923826,220.79,245.0,22.0,0.0,24.2,0,1
20:20:15.764,923926,220.79,245.0,22.0,0.0,24.2,0,1
20:20:15.863,924026,220.82,245.0,11.0,0.0,24.17,0,0
20:20:15.973,924126,220.82,245.0,36.0,0.0,24.17,0,1
20:20:16.063,924226,220.84,245.0,20.0,0.0,24.15,0,1
20:20:16.163,924326,220.87,245.0,9.0,0.0,24.12,0,0
20:20:16.263,924426,220.92,245.0,0.0,0.0,24.07,0,0
20:20:16.363,924526,220.94,245.0,15.0,0.0,24.05,0,1
20:20:16.462,924626,220.96,245.0,23.0,0.0,24.03,0,1
20:20:16.594,924726,220.99,245.0,12.0,0.0,24.0,0,0
20:20:16.665,924826,221.0,245.0,27.0,0.0,23.99,0,1
20:20:16.764,924926,221.0,245.0,27.0,0.0,23.99,0,1
20:20:16.863,925026,221.01,245.0,28.0,0.0,23.98,0,1
20:20:16.966,925126,221.02,245.0,28.0,0.0,23.97,0,1
20:20:17.063,925226,221.05,245.0,10.0,0.0,23.94,0,0
20:20:17.168,925326,221.07,245.0,19.0,0.0,23.92,0,1
20:20:17.263,925426,221.11,245.0,2.0,0.0,23.88,0,0
20:20:17.367,925526,221.13,245.0,18.0,0.0,23.86,0,1
20:20:17.463,925626,221.13,245.0,18.0,0.0,23.86,0,1
20:20:17.562,925726,221.16,245.0,13.0,0.0,23.83,0,0
20:20:17.666,925826,221.21,245.0,0.0,0.0,23.78,0,0
20:20:17.763,925926,221.25,245.0,0.0,0.0,23.74,0,0
20:20:17.864,926026,221.32,245.0,0.0,0.0,23.67,0,0
20:20:17.965,926126,221.34,245.0,22.0,0.0,23.65,0,1
20:20:18.063,926226,221.38,245.0,4.0,0.0,23.61,0,0
20:20:18.164,926326,221.42,245.0,1.0,0.0,23.57,0,0
20:20:18.263,926426,221.46,245.0,4.0,0.0,23.53,0,0
20:20:18.362,926526,221.52,245.0,0.0,0.0,23.47,0,0
20:20:18.465,926626,221.52,245.0,35.0,0.0,23.47,0,1
20:20:18.563,926726,221.55,245.0,5.0,0.0,23.44,0,0
20:20:18.662,926826,221.59,245.0,2.0,0.0,23.4,0,0
20:20:18.763,926926,221.65,245.0,0.0,0.0,23.34,0,0
20:20:18.863,927026,221.71,245.0,0.0,0.0,23.28,0,0
20:20:18.966,927126,221.73,245.0,21.0,0.0,23.26,0,1
20:20:19.063,927226,221.78,245.0,0.0,0.0,23.21,0,0
20:20:19.164,927326,221.83,245.0,0.0,0.0,23.16,0,0
20:20:19.262,927426,221.86,245.0,4.0,0.0,23.13,0,0
20:20:19.362,927526,221.92,245.0,0.0,0.0,23.07,0,0
20:20:19.464,927626,221.96,245.0,5.0,0.0,23.03,0,0
20:20:19.562,927726,221.96,245.0,5.0,0.0,23.03,0,0
20:20:19.661,927826,222.02,245.0,0.0,0.0,22.97,0,0
20:20:19.763,927926,222.08,245.0,0.0,0.0,22.91,0,0
20:20:19.862,928026,222.15,245.0,0.0,0.0,22.84,0,0
20:20:19.965,928126,222.21,245.0,0.0,0.0,22.78,0,0
20:20:20.063,928226,222.21,245.0,34.0,0.0,22.78,0,1
20:20:20.165,928326,222.24,245.0,9.0,0.0,22.75,0,0
20:20:20.265,928426,222.28,245.0,0.0,0.0,22.71,0,0
20:20:20.362,928526,222.33,245.0,0.0,0.0,22.66,0,0
20:20:20.466,928626,222.39,245.0,0.0,0.0,22.6,0,0
20:20:20.578,928726,222.39,245.0,33.0,0.0,22.6,0,1
20:20:20.677,928826,222.46,245.0,0.0,0.0,22.53,0,0
20:20:20.763,928926,222.53,245.0,0.0,0.0,22.46,0,0
20:20:20.862,929026,222.59,245.0,0.0,0.0,22.4,0,0
20:20:20.969,929126,222.65,245.0,0.0,0.0,22.34,0,0
20:20:21.061,929226,222.71,245.0,0.0,0.0,22.28,0,0
20:20:21.161,929326,222.71,245.0,0.0,0.0,22.28,0,0
20:20:21.263,929426,222.76,245.0,0.0,0.0,22.23,0,0
20:20:21.367,929526,222.81,245.0,0.0,0.0,22.18,0,0
20:20:21.463,929626,222.88,245.0,0.0,0.0,22.11,0,0
20:20:21.562,929726,222.92,245.0,3.0,0.0,22.07,0,0
20:20:21.661,929826,222.92,245.0,33.0,0.0,22.07,0,1
20:20:21.763,929926,222.97,245.0,0.0,0.0,22.02,0,0
20:20:21.863,930026,223.03,245.0,0.0,0.0,21.96,0,0
20:20:21.965,930126,223.07,245.0,0.0,0.0,21.92,0,0
20:20:22.063,930226,223.11,245.0,0.0,0.0,21.88,0,0
20:20:22.161,930326,223.11,245.0,32.0,0.0,21.88,0,1
20:20:22.271,930426,223.17,245.0,0.0,0.0,21.82,0,0
20:20:22.369,930526,223.2,245.0,6.0,0.0,21.79,0,0
20:20:22.464,930626,223.25,245.0,0.0,0.0,21.74,0,0
20:20:22.562,930726,223.32,245.0,0.0,0.0,21.67,0,0
20:20:22.662,930826,223.32,245.0,32.0,0.0,21.67,0,1
20:20:22.762,930926,223.35,245.0,5.0,0.0,21.64,0,0
20:20:22.861,931026,223.4,245.0,0.0,0.0,21.59,0,0
20:20:22.979,931126,223.43,245.0,5.0,0.0,21.56,0,0
20:20:23.076,931226,223.46,245.0,8.0,0.0,21.53,0,0
20:20:23.168,931326,223.5,245.0,0.0,0.0,21.49,0,0
20:20:23.269,931426,223.5,245.0,0.0,0.0,21.49,0,0
20:20:23.403,931526,223.53,245.0,13.0,0.0,21.46,0,0
20:20:23.470,931626,223.59,245.0,0.0,0.0,21.4,0,0
20:20:23.561,931726,223.6,245.0,27.0,0.0,21.39,0,1
20:20:23.661,931826,223.6,245.0,32.0,0.0,21.39,0,1
20:20:23.763,931926,223.61,245.0,21.0,0.0,21.38,0,1
20:20:23.861,932026,223.62,245.0,22.0,0.0,21.37,0,1
20:20:23.967,932126,223.64,245.0,16.0,0.0,21.35,0,1
20:20:24.060,932226,223.66,245.0,18.0,0.0,21.33,0,1
20:20:24.162,932326,223.66,245.0,18.0,0.0,21.33,0,1
20:20:24.266,932426,223.67,245.0,19.0,0.0,21.32,0,1
20:20:24.362,932526,223.69,245.0,20.0,0.0,21.3,0,1
20:20:24.463,932626,223.71,245.0,15.0,0.0,21.28,0,1
20:20:24.560,932726,223.75,245.0,0.0,0.0,21.24,0,0
20:20:24.661,932826,223.78,245.0,7.0,0.0,21.21,0,0
20:20:24.764,932926,223.78,245.0,31.0,0.0,21.21,0,1
20:20:24.861,933026,223.79,245.0,29.0,0.0,21.2,0,1
20:20:24.962,933126,223.79,245.0,29.0,0.0,21.2,0,1
20:20:25.062,933226,223.78,245.0,36.0,0.0,21.21,0,1
20:20:25.161,933326,223.78,245.0,36.0,0.0,21.21,0,1
20:20:25.264,933426,223.8,245.0,16.0,0.0,21.19,0,1
20:20:25.361,933526,223.79,245.0,43.0,0.0,21.2,0,1
20:20:25.464,933626,223.81,245.0,16.0,0.0,21.18,0,1
20:20:25.561,933726,223.82,245.0,24.0,0.0,21.17,0,1
20:20:25.680,933826,223.8,245.0,44.0,0.0,21.19,0,1
20:20:25.761,933926,223.8,245.0,31.0,0.0,21.19,0,1
20:20:25.862,934026,223.8,245.0,30.0,0.0,21.19,0,1
20:20:25.963,934126,223.79,245.0,37.0,0.0,21.2,0,1
20:20:26.061,934226,223.78,245.0,43.0,0.0,21.21,0,1
20:20:26.162,934326,223.78,245.0,35.0,0.0,21.21,0,1
20:20:26.262,934426,223.78,245.0,35.0,0.0,21.21,0,1
20:20:26.360,934526,223.76,245.0,41.0,0.0,21.23,0,1
20:20:26.463,934626,223.75,245.0,40.0,0.0,21.24,0,1
20:20:26.562,934726,223.73,245.0,46.0,0.0,21.26,0,1
20:20:26.669,934826,223.73,245.0,38.0,0.0,21.26,0,1
20:20:26.762,934926,223.73,245.0,31.0,0.0,21.26,0,1
20:20:26.860,935026,223.73,245.0,31.0,0.0,21.26,0,1
20:20:26.960,935126,223.72,245.0,37.0,0.0,21.27,0,1
20:20:27.062,935226,223.73,245.0,24.0,0.0,21.26,0,1
20:20:27.164,935326,223.7,245.0,50.0,0.0,21.29,0,1
20:20:27.262,935426,223.69,245.0,42.0,0.0,21.3,0,1
20:20:27.395,935526,223.65,245.0,50.0,0.0,21.34,0,1
20:20:27.460,935626,223.65,245.0,32.0,0.0,21.34,0,1
20:20:27.561,935726,223.63,245.0,44.0,0.0,21.36,0,1
20:20:27.660,935826,223.61,245.0,49.0,0.0,21.38,0,1
20:20:27.763,935926,223.6,245.0,41.0,0.0,21.39,0,1
20:20:27.860,936026,223.6,245.0,32.0,0.0,21.39,0,1
20:20:27.967,936126,223.6,245.0,27.0,0.0,21.39,0,1
20:20:28.061,936226,223.6,245.0,34.0,0.0,21.39,0,1
20:20:28.161,936326,223.58,245.0,47.0,0.0,21.41,0,1
20:20:28.260,936426,223.57,245.0,39.0,0.0,21.42,0,1
20:20:28.361,936526,223.55,245.0,50.0,0.0,21.44,0,1
20:20:28.459,936626,223.56,245.0,23.0,0.0,21.43,0,1
20:20:28.561,936726,223.54,245.0,44.0,0.0,21.45,0,1
20:20:28.660,936826,223.54,245.0,36.0,0.0,21.45,0,1
20:20:28.762,936926,223.56,245.0,16.0,0.0,21.43,0,1
20:20:28.860,937026,223.54,245.0,44.0,0.0,21.45,0,1
20:20:28.960,937126,223.5,245.0,50.0,0.0,21.49,0,1
20:20:29.062,937226,223.49,245.0,39.0,0.0,21.5,0,1
20:20:29.160,937326,223.48,245.0,45.0,0.0,21.51,0,1
20:20:29.262,937426,223.47,245.0,37.0,0.0,21.52,0,1
20:20:29.360,937526,223.47,245.0,32.0,0.0,21.52,0,1
20:20:29.460,937626,223.46,245.0,37.0,0.0,21.53,0,1
20:20:29.561,937726,223.46,245.0,36.0,0.0,21.53,0,1
20:20:29.659,937826,223.45,245.0,36.0,0.0,21.54,0,1
20:20:29.761,937926,223.42,245.0,50.0,0.0,21.57,0,1
20:20:29.860,938026,223.42,245.0,40.0,0.0,21.57,0,1
20:20:29.960,938126,223.41,245.0,32.0,0.0,21.58,0,1
20:20:30.061,938226,223.39,245.0,50.0,0.0,21.6,0,1
20:20:30.159,938326,223.38,245.0,43.0,0.0,21.61,0,1
20:20:30.261,938426,223.35,245.0,49.0,0.0,21.64,0,1
20:20:30.358,938526,223.35,245.0,32.0,0.0,21.64,0,1
20:20:30.463,938626,223.33,245.0,50.0,0.0,21.66,0,1
20:20:30.560,938726,223.34,245.0,26.0,0.0,21.65,0,1
20:20:30.659,938826,223.33,245.0,39.0,0.0,21.66,0,1
20:20:30.792,938926,223.31,245.0,45.0,0.0,21.68,0,1
20:20:30.859,939026,223.31,245.0,31.0,0.0,21.68,0,1
20:20:30.959,939126,223.33,245.0,18.0,0.0,21.66,0,1
20:20:31.061,939226,223.33,245.0,18.0,0.0,21.66,0,1
20:20:31.159,939326,223.34,245.0,26.0,0.0,21.65,0,1
20:20:31.269,939426,223.34,245.0,33.0,0.0,21.65,0,1
20:20:31.361,939526,223.31,245.0,50.0,0.0,21.68,0,1
20:20:31.460,939626,223.33,245.0,18.0,0.0,21.66,0,1
20:20:31.560,939726,223.31,245.0,45.0,0.0,21.68,0,1
20:20:31.658,939826,223.31,245.0,37.0,0.0,21.68,0,1
20:20:31.761,939926,223.29,245.0,43.0,0.0,21.7,0,1
20:20:31.859,940026,223.31,245.0,16.0,0.0,21.68,0,1
20:20:31.960,940126,223.32,245.0,24.0,0.0,21.67,0,1
20:20:32.060,940226,223.31,245.0,38.0,0.0,21.68,0,1
20:20:32.164,940326,223.31,245.0,37.0,0.0,21.68,0,1
20:20:32.264,940426,223.32,245.0,24.0,0.0,21.67,0,1
20:20:32.359,940526,223.33,245.0,25.0,0.0,21.66,0,1
20:20:32.464,940626,223.34,245.0,19.0,0.0,21.65,0,1
20:20:32.570,940726,223.34,245.0,19.0,0.0,21.65,0,1
20:20:32.668,940826,223.35,245.0,27.0,0.0,21.64,0,1
20:20:32.765,940926,223.36,245.0,21.0,0.0,21.63,0,1
20:20:32.861,941026,223.38,245.0,22.0,0.0,21.61,0,1
20:20:32.959,941126,223.4,245.0,10.0,0.0,21.59,0,0
20:20:33.075,941226,223.42,245.0,18.0,0.0,21.57,0,1
20:20:33.158,941326,223.44,245.0,13.0,0.0,21.55,0,0
20:20:33.258,941426,223.44,245.0,13.0,0.0,21.55,0,0
20:20:33.369,941526,223.48,245.0,2.0,0.0,21.51,0,0
20:20:33.464,941626,223.52,245.0,0.0,0.0,21.47,0,0
20:20:33.562,941726,223.55,245.0,8.0,0.0,21.44,0,0
20:20:33.666,941826,223.59,245.0,4.0,0.0,21.4,0,0
20:20:33.764,941926,223.59,245.0,4.0,0.0,21.4,0,0
20:20:33.861,942026,223.61,245.0,13.0,0.0,21.38,0,0
20:20:33.959,942126,223.65,245.0,2.0,0.0,21.34,0,0
20:20:34.061,942226,223.66,245.0,18.0,0.0,21.33,0,1
20:20:34.157,942326,223.69,245.0,6.0,0.0,21.3,0,0
20:20:34.261,942426,223.69,245.0,6.0,0.0,21.3,0,0
20:20:34.358,942526,223.74,245.0,0.0,0.0,21.25,0,0
20:20:34.458,942626,223.79,245.0,0.0,0.0,21.2,0,0
20:20:34.563,942726,223.85,245.0,0.0,0.0,21.14,0,0
20:20:34.658,942826,223.9,245.0,0.0,0.0,21.09,0,0
20:20:34.758,942926,223.9,245.0,31.0,0.0,21.09,0,1
20:20:34.868,943026,223.94,245.0,0.0,0.0,21.05,0,0
20:20:34.960,943126,224.0,245.0,0.0,0.0,20.99,0,0
20:20:35.059,943226,224.04,245.0,0.0,0.0,20.95,0,0
20:20:35.166,943326,224.1,245.0,0.0,0.0,20.89,0,0
20:20:35.258,943426,224.1,245.0,31.0,0.0,20.89,0,1
20:20:35.368,943526,224.14,245.0,1.0,0.0,20.85,0,0
20:20:35.462,943626,224.18,245.0,0.0,0.0,20.81,0,0
20:20:35.557,943726,224.22,245.0,1.0,0.0,20.77,0,0
20:20:35.659,943826,224.26,245.0,0.0,0.0,20.73,0,0
20:20:35.758,943926,224.3,245.0,0.0,0.0,20.69,0,0
20:20:35.866,944026,224.3,245.0,0.0,0.0,20.69,0,0
20:20:35.959,944126,224.34,245.0,4.0,0.0,20.65,0,0
20:20:36.062,944226,224.38,245.0,0.0,0.0,20.61,0,0
20:20:36.159,944326,224.45,245.0,0.0,0.0,20.54,0,0
20:20:36.261,944426,224.49,245.0,0.0,0.0,20.5,0,0
20:20:36.360,944526,224.49,245.0,0.0,0.0,20.5,0,0
20:20:36.472,944626,224.56,245.0,0.0,0.0,20.43,0,0
20:20:36.558,944726,224.61,245.0,0.0,0.0,20.38,0,0
20:20:36.662,944826,224.66,245.0,0.0,0.0,20.33,0,0
20:20:36.757,944926,224.71,245.0,0.0,0.0,20.28,0,0
20:20:36.857,945026,224.71,245.0,30.0,0.0,20.28,0,1
20:20:36.959,945126,224.75,245.0,0.0,0.0,20.24,0,0
20:20:37.058,945226,224.8,245.0,0.0,0.0,20.19,0,0
20:20:37.165,945326,224.85,245.0,0.0,0.0,20.14,0,0
20:20:37.258,945426,224.91,245.0,0.0,0.0,20.08,0,0
20:20:37.359,945526,224.91,245.0,30.0,0.0,20.08,0,1
20:20:37.459,945626,224.93,245.0,12.0,0.0,20.06,0,0
20:20:37.562,945726,225.0,245.0,0.0,0.0,19.99,0,0
20:20:37.661,945826,225.05,245.0,0.0,0.0,19.94,0,0
20:20:37.758,945926,225.11,245.0,0.0,0.0,19.88,0,0
20:20:37.860,946026,225.17,245.0,0.0,0.0,19.82,0,0
20:20:37.958,946126,225.21,245.0,0.0,0.0,19.78,0,0
20:20:38.060,946226,225.25,245.0,2.0,0.0,19.74,0,0
20:20:38.162,946326,225.25,245.0,2.0,0.0,19.74,0,0
20:20:38.258,946426,225.28,245.0,5.0,0.0,19.71,0,0
20:20:38.361,946526,225.3,245.0,7.0,0.0,19.69,0,0
20:20:38.456,946626,225.34,245.0,3.0,0.0,19.65,0,0
20:20:38.557,946726,225.38,245.0,0.0,0.0,19.61,0,0
20:20:38.657,946826,225.4,245.0,8.0,0.0,19.59,0,0
20:20:38.760,946926,225.44,245.0,0.0,0.0,19.55,0,0
20:20:38.859,947026,225.47,245.0,7.0,0.0,19.52,0,0
20:20:38.958,947126,225.51,245.0,0.0,0.0,19.48,0,0
20:20:39.063,947226,225.52,245.0,19.0,0.0,19.47,0,1
20:20:39.158,947326,225.52,245.0,19.0,0.0,19.47,0,1
20:20:39.289,947426,225.55,245.0,6.0,0.0,19.44,0,0
20:20:39.358,947526,225.57,245.0,15.0,0.0,19.42,0,1
20:20:39.457,947626,225.58,245.0,17.0,0.0,19.41,0,1
20:20:39.561,947726,225.58,245.0,29.0,0.0,19.41,0,1
20:20:39.658,947826,225.59,245.0,25.0,0.0,19.4,0,1
20:20:39.757,947926,225.6,245.0,18.0,0.0,19.39,0,1
20:20:39.881,948026,225.61,245.0,19.0,0.0,19.38,0,1
20:20:39.959,948126,225.61,245.0,27.0,0.0,19.38,0,1
20:20:40.057,948226,225.62,245.0,20.0,0.0,19.37,0,1
20:20:40.158,948326,225.63,245.0,28.0,0.0,19.36,0,1
20:20:40.257,948426,225.65,245.0,8.0,0.0,19.34,0,0
20:20:40.360,948526,225.66,245.0,23.0,0.0,19.33,0,1
20:20:40.459,948626,225.68,245.0,10.0,0.0,19.31,0,0
20:20:40.562,948726,225.68,245.0,32.0,0.0,19.31,0,1
20:20:40.662,948826,225.67,245.0,32.0,0.0,19.32,0,1
20:20:40.757,948926,225.65,245.0,45.0,0.0,19.34,0,1
20:20:40.861,949026,225.65,245.0,30.0,0.0,19.34,0,1
20:20:40.958,949126,225.66,245.0,23.0,0.0,19.33,0,1
20:20:41.061,949226,225.65,245.0,30.0,0.0,19.34,0,1
20:20:41.159,949326,225.64,245.0,44.0,0.0,19.35,0,1
20:20:41.257,949426,225.64,245.0,44.0,0.0,19.35,0,1
20:20:41.358,949526,225.64,245.0,29.0,0.0,19.35,0,1
20:20:41.460,949626,225.61,245.0,49.0,0.0,19.38,0,1
20:20:41.557,949726,225.6,245.0,33.0,0.0,19.39,0,1
20:20:41.659,949826,225.6,245.0,33.0,0.0,19.39,0,1
20:20:41.756,949926,225.6,245.0,33.0,0.0,19.39,0,1
20:20:41.859,950026,225.59,245.0,32.0,0.0,19.4,0,1
20:20:41.957,950126,225.57,245.0,46.0,0.0,19.42,0,1
20:20:42.061,950226,225.56,245.0,37.0,0.0,19.43,0,1
20:20:42.166,950326,225.54,245.0,43.0,0.0,19.45,0,1
20:20:42.257,950426,225.53,245.0,42.0,0.0,19.46,0,1
20:20:42.360,950526,225.53,245.0,42.0,0.0,19.46,0,1
20:20:42.456,950626,225.53,245.0,29.0,0.0,19.46,0,1
20:20:42.559,950726,225.51,245.0,40.0,0.0,19.48,0,1
20:20:42.657,950826,225.48,245.0,50.0,0.0,19.51,0,1
20:20:42.758,950926,225.47,245.0,37.0,0.0,19.52,0,1
20:20:42.860,951026,225.46,245.0,36.0,0.0,19.53,0,1
20:20:42.960,951126,225.44,245.0,49.0,0.0,19.55,0,1
20:20:43.056,951226,225.43,245.0,33.0,0.0,19.56,0,1
20:20:43.159,951326,225.41,245.0,46.0,0.0,19.58,0,1
20:20:43.258,951426,225.38,245.0,50.0,0.0,19.61,0,1
20:20:43.363,951526,225.38,245.0,28.0,0.0,19.61,0,1
20:20:43.457,951626,225.35,245.0,48.0,0.0,19.64,0,1
20:20:43.555,951726,225.36,245.0,20.0,0.0,19.63,0,1
20:20:43.659,951826,225.35,245.0,41.0,0.0,19.64,0,1
20:20:43.762,951926,225.35,245.0,29.0,0.0,19.64,0,1
20:20:43.887,952026,225.33,245.0,46.0,0.0,19.66,0,1
20:20:43.956,952126,225.32,245.0,38.0,0.0,19.67,0,1
20:20:44.056,952226,225.31,245.0,30.0,0.0,19.68,0,1
20:20:44.157,952326,225.3,245.0,44.0,0.0,19.69,0,1
20:20:44.256,952426,225.27,245.0,49.0,0.0,19.72,0,1
20:20:44.358,952526,225.26,245.0,40.0,0.0,19.73,0,1
20:20:44.464,952626,225.26,245.0,40.0,0.0,19.73,0,1
20:20:44.556,952726,225.26,245.0,29.0,0.0,19.73,0,1
20:20:44.661,952826,225.23,245.0,50.0,0.0,19.76,0,1
20:20:44.756,952926,225.21,245.0,43.0,0.0,19.78,0,1
20:20:44.857,953026,225.21,245.0,29.0,0.0,19.78,0,1
20:20:44.964,953126,225.2,245.0,35.0,0.0,19.79,0,1
20:20:45.057,953226,225.2,245.0,35.0,0.0,19.79,0,1
20:20:45.157,953326,225.17,245.0,48.0,0.0,19.82,0,1
20:20:45.256,953426,225.16,245.0,39.0,0.0,19.83,0,1
20:20:45.358,953526,225.14,245.0,45.0,0.0,19.85,0,1
20:20:45.457,953626,225.14,245.0,45.0,0.0,19.85,0,1
20:20:45.557,953726,225.13,245.0,37.0,0.0,19.86,0,1
20:20:45.657,953826,225.12,245.0,36.0,0.0,19.87,0,1
20:20:45.755,953926,225.09,245.0,50.0,0.0,19.9,0,1
20:20:45.855,954026,225.08,245.0,39.0,0.0,19.91,0,1
20:20:45.958,954126,225.08,245.0,32.0,0.0,19.91,0,1
20:20:46.057,954226,225.05,245.0,50.0,0.0,19.94,0,1
20:20:46.179,954326,225.04,245.0,36.0,0.0,19.95,0,1
20:20:46.278,954426,225.04,245.0,36.0,0.0,19.95,0,1
20:20:46.378,954526,225.04,245.0,29.0,0.0,19.95,0,1
20:20:46.479,954626,225.04,245.0,29.0,0.0,19.95,0,1
20:20:46.578,954726,225.03,245.0,35.0,0.0,19.96,0,1
20:20:46.678,954826,225.02,245.0,41.0,0.0,19.97,0,1
20:20:46.778,954926,225.01,245.0,34.0,0.0,19.98,0,1
20:20:46.879,955026,225.0,245.0,40.0,0.0,19.99,0,1
20:20:46.979,955126,224.99,245.0,39.0,0.0,20.0,0,1
20:20:47.078,955226,225.0,245.0,25.0,0.0,19.99,0,1
20:20:47.178,955326,225.01,245.0,18.0,0.0,19.98,0,1
20:20:47.279,955426,225.01,245.0,18.0,0.0,19.98,0,1
20:20:47.381,955526,225.03,245.0,13.0,0.0,19.96,0,0
20:20:47.486,955626,225.03,245.0,28.0,0.0,19.96,0,1
20:20:47.582,955726,225.03,245.0,28.0,0.0,19.96,0,1
20:20:47.679,955826,225.04,245.0,28.0,0.0,19.95,0,1
20:20:47.779,955926,225.04,245.0,28.0,0.0,19.95,0,1
20:20:47.882,956026,225.07,245.0,2.0,0.0,19.92,0,0
20:20:47.982,956126,225.09,245.0,18.0,0.0,19.9,0,1
20:20:48.080,956226,225.09,245.0,26.0,0.0,19.9,0,1
20:20:48.179,956326,225.09,245.0,26.0,0.0,19.9,0,1
20:20:48.278,956426,225.09,245.0,33.0,0.0,19.9,0,1
20:20:48.380,956526,225.09,245.0,33.0,0.0,19.9,0,1
20:20:48.484,956626,225.12,245.0,6.0,0.0,19.87,0,0
20:20:48.578,956726,225.15,245.0,1.0,0.0,19.84,0,0
20:20:48.678,956826,225.17,245.0,11.0,0.0,19.82,0,0
20:20:48.778,956926,225.2,245.0,6.0,0.0,19.79,0,0
20:20:48.883,957026,225.2,245.0,6.0,0.0,19.79,0,0
20:20:48.981,957126,225.25,245.0,0.0,0.0,19.74,0,0
20:20:49.080,957226,225.28,245.0,5.0,0.0,19.71,0,0
20:20:49.180,957326,225.3,245.0,7.0,0.0,19.69,0,0
20:20:49.285,957426,225.3,245.0,29.0,0.0,19.69,0,1
20:20:49.381,957526,225.33,245.0,9.0,0.0,19.66,0,0
20:20:49.481,957626,225.33,245.0,9.0,0.0,19.66,0,0
20:20:49.591,957726,225.33,245.0,25.0,0.0,19.66,0,1
20:20:49.687,957826,225.34,245.0,25.0,0.0,19.65,0,1
20:20:49.777,957926,225.38,245.0,0.0,0.0,19.61,0,0
20:20:49.886,958026,225.38,245.0,29.0,0.0,19.61,0,1
20:20:49.983,958126,225.39,245.0,15.0,0.0,19.6,0,1
20:20:50.082,958226,225.4,245.0,23.0,0.0,19.59,0,1
20:20:50.181,958326,225.44,245.0,0.0,0.0,19.55,0,0
20:20:50.280,958426,225.48,245.0,0.0,0.0,19.51,0,0
20:20:50.381,958526,225.53,245.0,0.0,0.0,19.46,0,0
20:20:50.479,958626,225.56,245.0,0.0,0.0,19.43,0,0
20:20:50.577,958726,225.59,245.0,3.0,0.0,19.4,0,0
20:20:50.678,958826,225.63,245.0,0.0,0.0,19.36,0,0
20:20:50.779,958926,225.67,245.0,2.0,0.0,19.32,0,0
20:20:50.877,959026,225.7,245.0,4.0,0.0,19.29,0,0
20:20:50.977,959126,225.7,245.0,28.0,0.0,19.29,0,1
20:20:51.081,959226,225.72,245.0,7.0,0.0,19.27,0,0
20:20:51.179,959326,225.75,245.0,9.0,0.0,19.24,0,0
20:20:51.280,959426,225.8,245.0,0.0,0.0,19.19,0,0
20:20:51.381,959526,225.85,245.0,0.0,0.0,19.14,0,0
20:20:51.479,959626,225.85,245.0,0.0,0.0,19.14,0,0
20:20:51.577,959726,225.9,245.0,0.0,0.0,19.09,0,0
20:20:51.677,959826,225.94,245.0,0.0,0.0,19.05,0,0
20:20:51.777,959926,225.98,245.0,0.0,0.0,19.01,0,0
20:20:51.876,960026,226.02,245.0,0.0,0.0,18.97,0,0
20:20:51.979,960126,226.05,245.0,5.0,0.0,18.94,0,0
20:20:52.084,960226,226.1,245.0,0.0,0.0,18.89,0,0
20:20:52.181,960326,226.15,245.0,0.0,0.0,18.84,0,0
20:20:52.278,960426,226.19,245.0,0.0,0.0,18.8,0,0
20:20:52.380,960526,226.22,245.0,5.0,0.0,18.77,0,0
20:20:52.483,960626,226.22,245.0,28.0,0.0,18.77,0,1
20:20:52.577,960726,226.25,245.0,0.0,0.0,18.74,0,0
20:20:52.679,960826,226.29,245.0,0.0,0.0,18.7,0,0
20:20:52.777,960926,226.33,245.0,0.0,0.0,18.66,0,0
20:20:52.879,961026,226.36,245.0,2.0,0.0,18.63,0,0
20:20:52.982,961126,226.39,245.0,4.0,0.0,18.6,0,0
20:20:53.076,961226,226.39,245.0,4.0,0.0,18.6,0,0
20:20:53.179,961326,226.44,245.0,0.0,0.0,18.55,0,0
20:20:53.278,961426,226.48,245.0,0.0,0.0,18.51,0,0
20:20:53.377,961526,226.51,245.0,7.0,0.0,18.48,0,0
20:20:53.477,961626,226.54,245.0,3.0,0.0,18.45,0,0
20:20:53.576,961726,226.54,245.0,3.0,0.0,18.45,0,0
20:20:53.679,961826,226.57,245.0,5.0,0.0,18.42,0,0
20:20:53.778,961926,226.6,245.0,0.0,0.0,18.39,0,0
20:20:53.887,962026,226.64,245.0,0.0,0.0,18.35,0,0
20:20:53.984,962126,226.68,245.0,0.0,0.0,18.31,0,0
20:20:54.129,962226,226.73,245.0,0.0,0.0,18.26,0,0
20:20:54.178,962326,226.73,245.0,0.0,0.0,18.26,0,0
20:20:54.277,962426,226.77,245.0,0.0,0.0,18.22,0,0
20:20:54.377,962526,226.82,245.0,0.0,0.0,18.17,0,0
20:20:54.477,962626,226.85,245.0,0.0,0.0,18.14,0,0
20:20:54.577,962726,226.85,245.0,0.0,0.0,18.14,0,0
20:20:54.700,962826,226.88,245.0,9.0,0.0,18.11,0,0
20:20:54.777,962926,226.9,245.0,4.0,0.0,18.09,0,0
20:20:54.880,963026,226.91,245.0,20.0,0.0,18.08,0,1
20:20:54.977,963126,226.91,245.0,27.0,0.0,18.08,0,1
20:20:55.081,963226,226.92,245.0,21.0,0.0,18.07,0,1
20:20:55.178,963326,226.92,245.0,28.0,0.0,18.07,0,1
20:20:55.300,963426,226.92,245.0,28.0,0.0,18.07,0,1
20:20:55.382,963526,226.91,245.0,35.0,0.0,18.08,0,1
20:20:55.480,963626,226.92,245.0,13.0,0.0,18.07,0,0
20:20:55.577,963726,226.93,245.0,21.0,0.0,18.06,0,1
20:20:55.679,963826,226.93,245.0,21.0,0.0,18.06,0,1
20:20:55.775,963926,226.95,245.0,8.0,0.0,18.04,0,0
20:20:55.881,964026,226.97,245.0,10.0,0.0,18.02,0,0
20:20:55.976,964126,226.97,245.0,25.0,0.0,18.02,0,1
20:20:56.080,964226,226.95,245.0,46.0,0.0,18.04,0,1
20:20:56.177,964326,226.95,245.0,24.0,0.0,18.04,0,1
20:20:56.276,964426,226.97,245.0,10.0,0.0,18.02,0,0
20:20:56.380,964526,226.97,245.0,27.0,0.0,18.02,0,1
20:20:56.477,964626,226.97,245.0,27.0,0.0,18.02,0,1
20:20:56.580,964726,226.98,245.0,25.0,0.0,18.01,0,1
20:20:56.678,964826,226.98,245.0,25.0,0.0,18.01,0,1
20:20:56.777,964926,226.98,245.0,26.0,0.0,18.01,0,1
20:20:56.876,965026,226.97,245.0,33.0,0.0,18.02,0,1
20:20:56.976,965126,226.97,245.0,25.0,0.0,18.02,0,1
20:20:57.077,965226,226.96,245.0,32.0,0.0,18.03,0,1
20:20:57.179,965326,226.93,245.0,50.0,0.0,18.06,0,1
20:20:57.282,965426,226.93,245.0,29.0,0.0,18.06,0,1
20:20:57.381,965526,226.92,245.0,36.0,0.0,18.07,0,1
20:20:57.478,965626,226.92,245.0,28.0,0.0,18.07,0,1
20:20:57.580,965726,226.91,245.0,35.0,0.0,18.08,0,1
20:20:57.678,965826,226.87,245.0,50.0,0.0,18.12,0,1
20:20:57.776,965926,226.87,245.0,24.0,0.0,18.12,0,1
20:20:57.881,966026,226.83,245.0,50.0,0.0,18.16,0,1
20:20:57.977,966126,226.81,245.0,49.0,0.0,18.18,0,1
20:20:58.076,966226,226.78,245.0,47.0,0.0,18.21,0,1
20:20:58.178,966326,226.76,245.0,45.0,0.0,18.23,0,1
20:20:58.276,966426,226.75,245.0,36.0,0.0,18.24,0,1
20:20:58.377,966526,226.73,245.0,42.0,0.0,18.26,0,1
20:20:58.485,966626,226.68,245.0,50.0,0.0,18.31,0,1
20:20:58.582,966726,226.68,245.0,50.0,0.0,18.31,0,1
20:20:58.688,966826,226.67,245.0,36.0,0.0,18.32,0,1
20:20:58.783,966926,226.63,245.0,50.0,0.0,18.36,0,1
20:20:58.875,967026,226.61,245.0,46.0,0.0,18.38,0,1
20:20:58.984,967126,226.59,245.0,44.0,0.0,18.4,0,1
20:20:59.076,967226,226.57,245.0,36.0,0.0,18.42,0,1
20:20:59.181,967326,226.54,245.0,50.0,0.0,18.45,0,1
20:20:59.285,967426,226.52,245.0,39.0,0.0,18.47,0,1
20:20:59.375,967526,226.49,245.0,50.0,0.0,18.5,0,1
20:20:59.478,967626,226.46,245.0,48.0,0.0,18.53,0,1
20:20:59.577,967726,226.43,245.0,50.0,0.0,18.56,0,1
20:20:59.674,967826,226.41,245.0,44.0,0.0,18.58,0,1
20:20:59.776,967926,226.39,245.0,42.0,0.0,18.6,0,1
20:20:59.879,968026,226.39,245.0,42.0,0.0,18.6,0,1
20:20:59.978,968126,226.36,245.0,50.0,0.0,18.63,0,1
20:21:00.076,968226,226.35,245.0,31.0,0.0,18.64,0,1
20:21:00.175,968326,226.32,245.0,50.0,0.0,18.67,0,1
20:21:00.276,968426,226.28,245.0,50.0,0.0,18.71,0,1
20:21:00.375,968526,226.25,245.0,50.0,0.0,18.74,0,1
20:21:00.477,968626,226.25,245.0,28.0,0.0,18.74,0,1
20:21:00.576,968726,226.25,245.0,28.0,0.0,18.74,0,1
20:21:00.675,968826,226.25,245.0,28.0,0.0,18.74,0,1
20:21:00.779,968926,226.19,245.0,50.0,0.0,18.8,0,1
20:21:00.875,969026,226.17,245.0,46.0,0.0,18.82,0,1
20:21:00.991,969126,226.17,245.0,30.0,0.0,18.82,0,1
20:21:01.075,969226,226.16,245.0,37.0,0.0,18.83,0,1
20:21:01.180,969326,226.12,245.0,50.0,0.0,18.87,0,1
20:21:01.278,969426,226.11,245.0,40.0,0.0,18.88,0,1
20:21:01.381,969526,226.08,245.0,45.0,0.0,18.91,0,1
20:21:01.477,969626,226.08,245.0,30.0,0.0,18.91,0,1
20:21:01.583,969726,226.07,245.0,37.0,0.0,18.92,0,1
20:21:01.675,969826,226.03,245.0,50.0,0.0,18.96,0,1
20:21:01.778,969926,226.02,245.0,40.0,0.0,18.97,0,1
20:21:01.875,970026,226.02,245.0,28.0,0.0,18.97,0,1
20:21:01.980,970126,226.03,245.0,18.0,0.0,18.96,0,1
20:21:02.077,970226,226.03,245.0,33.0,0.0,18.96,0,1
20:21:02.174,970326,226.03,245.0,26.0,0.0,18.96,0,1
20:21:02.276,970426,226.02,245.0,33.0,0.0,18.97,0,1
20:21:02.376,970526,226.02,245.0,32.0,0.0,18.97,0,1
20:21:02.478,970626,226.02,245.0,25.0,0.0,18.97,0,1
20:21:02.575,970726,226.02,245.0,25.0,0.0,18.97,0,1
20:21:02.704,970826,226.03,245.0,26.0,0.0,18.96,0,1
20:21:02.774,970926,226.01,245.0,39.0,0.0,18.98,0,1
20:21:02.874,971026,226.01,245.0,31.0,0.0,18.98,0,1
20:21:02.976,971126,226.01,245.0,28.0,0.0,18.98,0,1
20:21:03.074,971226,226.01,245.0,24.0,0.0,18.98,0,1
20:21:03.174,971326,226.03,245.0,18.0,0.0,18.96,0,1
20:21:03.278,971426,226.03,245.0,26.0,0.0,18.96,0,1
20:21:03.374,971526,226.02,245.0,33.0,0.0,18.97,0,1
20:21:03.477,971626,226.0,245.0,46.0,0.0,18.99,0,1
20:21:03.574,971726,226.0,245.0,30.0,0.0,18.99,0,1
20:21:03.679,971826,226.0,245.0,23.0,0.0,18.99,0,1
20:21:03.775,971926,226.0,245.0,31.0,0.0,18.99,0,1
20:21:03.875,972026,226.02,245.0,10.0,0.0,18.97,0,0
20:21:03.975,972126,226.05,245.0,5.0,0.0,18.94,0,0
20:21:04.075,972226,226.08,245.0,7.0,0.0,18.91,0,0
20:21:04.178,972326,226.12,245.0,0.0,0.0,18.87,0,0
20:21:04.273,972426,226.15,245.0,0.0,0.0,18.84,0,0
20:21:04.374,972526,226.18,245.0,9.0,0.0,18.81,0,0
20:21:04.484,972626,226.17,245.0,31.0,0.0,18.82,0,1
20:21:04.575,972726,226.17,245.0,31.0,0.0,18.82,0,1
20:21:04.674,972826,226.17,245.0,30.0,0.0,18.82,0,1
20:21:04.778,972926,226.16,245.0,37.0,0.0,18.83,0,1
20:21:04.875,973026,226.17,245.0,16.0,0.0,18.82,0,1
20:21:04.978,973126,226.19,245.0,10.0,0.0,18.8,0,0
20:21:05.081,973226,226.25,245.0,0.0,0.0,18.74,0,0
20:21:05.173,973326,226.28,245.0,3.0,0.0,18.71,0,0
20:21:05.275,973426,226.3,245.0,12.0,0.0,18.69,0,0
20:21:05.374,973526,226.33,245.0,0.0,0.0,18.66,0,0
20:21:05.475,973626,226.36,245.0,2.0,0.0,18.63,0,0
20:21:05.580,973726,226.38,245.0,12.0,0.0,18.61,0,0
20:21:05.675,973826,226.44,245.0,0.0,0.0,18.55,0,0
20:21:05.774,973926,226.44,245.0,0.0,0.0,18.55,0,0
20:21:05.874,974026,226.48,245.0,0.0,0.0,18.51,0,0
20:21:05.976,974126,226.5,245.0,14.0,0.0,18.49,0,0
20:21:06.074,974226,226.52,245.0,9.0,0.0,18.47,0,0
20:21:06.173,974326,226.52,245.0,9.0,0.0,18.47,0,0
20:21:06.278,974426,226.59,245.0,0.0,0.0,18.4,0,0
20:21:06.374,974526,226.63,245.0,0.0,0.0,18.36,0,0
20:21:06.473,974626,226.66,245.0,0.0,0.0,18.33,0,0
20:21:06.574,974726,226.69,245.0,1.0,0.0,18.3,0,0
20:21:06.673,974826,226.76,245.0,0.0,0.0,18.23,0,0
20:21:06.774,974926,226.78,245.0,8.0,0.0,18.21,0,0
20:21:06.872,975026,226.84,245.0,0.0,0.0,18.15,0,0
20:21:07.007,975126,226.85,245.0,15.0,0.0,18.14,0,1
20:21:07.096,975226,226.87,245.0,9.0,0.0,18.12,0,0
20:21:07.179,975326,226.87,245.0,9.0,0.0,18.12,0,0
20:21:07.303,975426,226.92,245.0,0.0,0.0,18.07,0,0
20:21:07.376,975526,226.97,245.0,0.0,0.0,18.02,0,0
20:21:07.473,975626,227.02,245.0,0.0,0.0,17.97,0,0
20:21:07.574,975726,227.07,245.0,0.0,0.0,17.92,0,0
20:21:07.673,975826,227.09,245.0,12.0,0.0,17.9,0,0
20:21:07.774,975926,227.12,245.0,0.0,0.0,17.87,0,0
20:21:07.878,976026,227.12,245.0,0.0,0.0,17.87,0,0
20:21:07.976,976126,227.16,245.0,0.0,0.0,17.83,0,0
20:21:08.075,976226,227.21,245.0,0.0,0.0,17.78,0,0
20:21:08.177,976326,227.26,245.0,0.0,0.0,17.73,0,0
20:21:08.275,976426,227.26,245.0,0.0,0.0,17.73,0,0
20:21:08.373,976526,227.31,245.0,0.0,0.0,17.68,0,0
20:21:08.472,976626,227.36,245.0,0.0,0.0,17.63,0,0
20:21:08.575,976726,227.39,245.0,1.0,0.0,17.6,0,0
20:21:08.679,976826,227.42,245.0,3.0,0.0,17.57,0,0
20:21:08.774,976926,227.49,245.0,0.0,0.0,17.5,0,0
20:21:08.874,977026,227.53,245.0,0.0,0.0,17.46,0,0
20:21:09.002,977126,227.56,245.0,0.0,0.0,17.43,0,0
20:21:09.073,977226,227.6,245.0,0.0,0.0,17.39,0,0
20:21:09.174,977326,227.63,245.0,0.0,0.0,17.36,0,0
20:21:09.275,977426,227.63,245.0,0.0,0.0,17.36,0,0
20:21:09.376,977526,227.68,245.0,0.0,0.0,17.31,0,0
20:21:09.473,977626,227.71,245.0,5.0,0.0,17.28,0,0
20:21:09.592,977726,227.74,245.0,0.0,0.0,17.25,0,0
20:21:09.673,977826,227.77,245.0,3.0,0.0,17.22,0,0
20:21:09.775,977926,227.79,245.0,5.0,0.0,17.2,0,0
20:21:09.875,978026,227.79,245.0,25.0,0.0,17.2,0,1
20:21:09.973,978126,227.8,245.0,21.0,0.0,17.19,0,1
20:21:10.074,978226,227.81,245.0,14.0,0.0,17.18,0,0
20:21:10.173,978326,227.86,245.0,0.0,0.0,17.13,0,0
20:21:10.275,978426,227.86,245.0,25.0,0.0,17.13,0,1
20:21:10.379,978526,227.9,245.0,0.0,0.0,17.09,0,0
20:21:10.473,978626,227.9,245.0,0.0,0.0,17.09,0,0
20:21:10.584,978726,227.92,245.0,9.0,0.0,17.07,0,0
20:21:10.672,978826,227.96,245.0,0.0,0.0,17.03,0,0
20:21:10.771,978926,228.0,245.0,0.0,0.0,16.99,0,0
20:21:10.874,979026,228.0,245.0,25.0,0.0,16.99,0,1
20:21:10.972,979126,227.99,245.0,30.0,0.0,17.0,0,1
20:21:11.076,979226,227.98,245.0,37.0,0.0,17.01,0,1
20:21:11.174,979326,228.01,245.0,1.0,0.0,16.98,0,0
20:21:11.301,979426,228.02,245.0,10.0,0.0,16.97,0,0
20:21:11.372,979526,228.05,245.0,4.0,0.0,16.94,0,0
20:21:11.581,979726,228.06,245.0,13.0,0.0,16.93,0,0
20:21:11.677,979826,228.09,245.0,1.0,0.0,16.9,0,0
20:21:11.772,979926,228.12,245.0,3.0,0.0,16.87,0,0
20:21:11.894,980026,228.14,245.0,12.0,0.0,16.85,0,0
20:21:11.973,980126,228.14,245.0,20.0,0.0,16.85,0,1
20:21:12.077,980226,228.13,245.0,35.0,0.0,16.86,0,1
20:21:12.174,980326,228.11,245.0,41.0,0.0,16.88,0,1
20:21:12.273,980426,228.11,245.0,25.0,0.0,16.88,0,1
20:21:12.373,980526,228.11,245.0,25.0,0.0,16.88,0,1
20:21:12.474,980626,228.11,245.0,25.0,0.0,16.88,0,1
20:21:12.573,980726,228.08,245.0,46.0,0.0,16.91,0,1
20:21:12.672,980826,228.07,245.0,37.0,0.0,16.92,0,1
20:21:12.778,980926,228.06,245.0,36.0,0.0,16.93,0,1
20:21:12.873,981026,228.05,245.0,28.0,0.0,16.94,0,1
20:21:12.973,981126,228.04,245.0,34.0,0.0,16.95,0,1
20:21:13.076,981226,228.04,245.0,34.0,0.0,16.95,0,1
20:21:13.173,981326,228.0,245.0,50.0,0.0,16.99,0,1
20:21:13.272,981426,227.96,245.0,50.0,0.0,17.03,0,1
20:21:13.373,981526,227.94,245.0,41.0,0.0,17.05,0,1
20:21:13.472,981626,227.93,245.0,33.0,0.0,17.06,0,1
20:21:13.597,981726,227.93,245.0,33.0,0.0,17.06,0,1
20:21:13.674,981826,227.91,245.0,46.0,0.0,17.08,0,1
20:21:13.775,981926,227.87,245.0,50.0,0.0,17.12,0,1
20:21:13.872,982026,227.85,245.0,48.0,0.0,17.14,0,1
20:21:13.979,982126,227.82,245.0,46.0,0.0,17.17,0,1
20:21:14.075,982226,227.78,245.0,50.0,0.0,17.21,0,1
20:21:14.178,982326,227.76,245.0,41.0,0.0,17.23,0,1
20:21:14.272,982426,227.73,245.0,50.0,0.0,17.26,0,1
20:21:14.374,982526,227.7,245.0,43.0,0.0,17.29,0,1
20:21:14.472,982626,227.68,245.0,42.0,0.0,17.31,0,1
20:21:14.575,982726,227.66,245.0,40.0,0.0,17.33,0,1
20:21:14.671,982826,227.67,245.0,25.0,0.0,17.32,0,1
20:21:14.771,982926,227.61,245.0,50.0,0.0,17.38,0,1
20:21:14.874,983026,227.6,245.0,35.0,0.0,17.39,0,1
20:21:14.975,983126,227.58,245.0,41.0,0.0,17.41,0,1
20:21:15.076,983226,227.55,245.0,50.0,0.0,17.44,0,1
20:21:15.173,983326,227.51,245.0,50.0,0.0,17.48,0,1
20:21:15.271,983426,227.51,245.0,50.0,0.0,17.48,0,1
20:21:15.379,983526,227.47,245.0,50.0,0.0,17.52,0,1
20:21:15.471,983626,227.44,245.0,50.0,0.0,17.55,0,1
20:21:15.573,983726,227.4,245.0,50.0,0.0,17.59,0,1
20:21:15.677,983826,227.38,245.0,38.0,0.0,17.61,0,1
20:21:15.771,983926,227.35,245.0,50.0,0.0,17.64,0,1
20:21:15.875,984026,227.32,245.0,50.0,0.0,17.67,0,1
20:21:15.973,984126,227.27,245.0,50.0,0.0,17.72,0,1
20:21:16.073,984226,227.25,245.0,42.0,0.0,17.74,0,1
20:21:16.180,984326,227.22,245.0,47.0,0.0,17.77,0,1
20:21:16.279,984426,227.18,245.0,50.0,0.0,17.81,0,1
20:21:16.385,984526,227.15,245.0,49.0,0.0,17.84,0,1
20:21:16.480,984626,227.13,245.0,46.0,0.0,17.86,0,1
20:21:16.571,984726,227.09,245.0,50.0,0.0,17.9,0,1
20:21:16.671,984826,227.06,245.0,48.0,0.0,17.93,0,1
20:21:16.776,984926,227.01,245.0,50.0,0.0,17.98,0,1
20:21:16.871,985026,226.98,245.0,49.0,0.0,18.01,0,1
20:21:16.977,985126,226.96,245.0,47.0,0.0,18.03,0,1
20:21:17.071,985226,226.93,245.0,45.0,0.0,18.06,0,1
20:21:17.171,985326,226.91,245.0,50.0,0.0,18.08,0,1
20:21:17.274,985426,226.9,245.0,34.0,0.0,18.09,0,1
20:21:17.373,985526,226.85,245.0,50.0,0.0,18.14,0,1
20:21:17.473,985626,226.85,245.0,50.0,0.0,18.14,0,1
20:21:17.576,985726,226.8,245.0,50.0,0.0,18.19,0,1
20:21:17.672,985826,226.8,245.0,26.0,0.0,18.19,0,1
20:21:17.774,985926,226.79,245.0,39.0,0.0,18.2,0,1
20:21:17.873,986026,226.77,245.0,38.0,0.0,18.22,0,1
20:21:17.971,986126,226.77,245.0,30.0,0.0,18.22,0,1
20:21:18.071,986226,226.76,245.0,30.0,0.0,18.23,0,1
20:21:18.171,986326,226.73,245.0,50.0,0.0,18.26,0,1
20:21:18.273,986426,226.7,245.0,47.0,0.0,18.29,0,1
20:21:18.374,986526,226.7,245.0,31.0,0.0,18.29,0,1
20:21:18.472,986626,226.68,245.0,38.0,0.0,18.31,0,1
20:21:18.573,986726,226.69,245.0,23.0,0.0,18.3,0,1
20:21:18.672,986826,226.68,245.0,37.0,0.0,18.31,0,1
20:21:18.770,986926,226.68,245.0,37.0,0.0,18.31,0,1
20:21:18.874,987026,226.67,245.0,29.0,0.0,18.32,0,1
20:21:18.971,987126,226.67,245.0,29.0,0.0,18.32,0,1
20:21:19.075,987226,226.68,245.0,22.0,0.0,18.31,0,1
20:21:19.172,987326,226.68,245.0,22.0,0.0,18.31,0,1
20:21:19.300,987426,226.66,245.0,36.0,0.0,18.33,0,1
20:21:19.379,987526,226.69,245.0,8.0,0.0,18.3,0,0
20:21:19.478,987626,226.69,245.0,24.0,0.0,18.3,0,1
20:21:19.570,987726,226.69,245.0,31.0,0.0,18.3,0,1
20:21:19.670,987826,226.68,245.0,30.0,0.0,18.31,0,1
20:21:19.776,987926,226.68,245.0,30.0,0.0,18.31,0,1
20:21:19.885,988026,226.69,245.0,23.0,0.0,18.3,0,1
20:21:19.978,988126,226.7,245.0,17.0,0.0,18.29,0,1
20:21:20.074,988226,226.7,245.0,31.0,0.0,18.29,0,1
20:21:20.172,988326,226.7,245.0,24.0,0.0,18.29,0,1
20:21:20.272,988426,226.69,245.0,31.0,0.0,18.3,0,1
20:21:20.375,988526,226.72,245.0,3.0,0.0,18.27,0,0
20:21:20.478,988626,226.72,245.0,3.0,0.0,18.27,0,0
20:21:20.574,988726,226.74,245.0,13.0,0.0,18.25,0,0
20:21:20.672,988826,226.76,245.0,14.0,0.0,18.23,0,0
20:21:20.770,988926,226.77,245.0,15.0,0.0,18.22,0,1
20:21:20.879,989026,226.77,245.0,15.0,0.0,18.22,0,1
20:21:20.973,989126,226.78,245.0,16.0,0.0,18.21,0,1
20:21:21.070,989226,226.8,245.0,11.0,0.0,18.19,0,0
20:21:21.170,989326,226.82,245.0,12.0,0.0,18.17,0,0
20:21:21.274,989426,226.85,245.0,7.0,0.0,18.14,0,0
20:21:21.373,989526,226.85,245.0,27.0,0.0,18.14,0,1
20:21:21.470,989626,226.86,245.0,16.0,0.0,18.13,0,1
20:21:21.573,989726,226.86,245.0,30.0,0.0,18.13,0,1
20:21:21.672,989826,226.9,245.0,0.0,0.0,18.09,0,0
20:21:21.777,989926,226.92,245.0,6.0,0.0,18.07,0,0
20:21:21.872,990026,226.98,245.0,0.0,0.0,18.01,0,0
20:21:21.970,990126,227.01,245.0,0.0,0.0,17.98,0,0
20:21:22.074,990226,227.07,245.0,0.0,0.0,17.92,0,0
20:21:22.179,990326,227.11,245.0,0.0,0.0,17.88,0,0
20:21:22.277,990426,227.15,245.0,0.0,0.0,17.84,0,0
20:21:22.368,990526,227.18,245.0,0.0,0.0,17.81,0,0
20:21:22.472,990626,227.18,245.0,0.0,0.0,17.81,0,0
20:21:22.574,990726,227.23,245.0,0.0,0.0,17.76,0,0
20:21:22.672,990826,227.27,245.0,0.0,0.0,17.72,0,0
20:21:22.770,990926,227.31,245.0,1.0,0.0,17.68,0,0
20:21:22.869,991026,227.35,245.0,0.0,0.0,17.64,0,0
20:21:22.972,991126,227.38,245.0,7.0,0.0,17.61,0,0
20:21:23.079,991226,227.4,245.0,9.0,0.0,17.59,0,0
20:21:23.173,991326,227.42,245.0,4.0,0.0,17.57,0,0
20:21:23.269,991426,227.49,245.0,0.0,0.0,17.5,0,0
20:21:23.369,991526,227.52,245.0,4.0,0.0,17.47,0,0
20:21:23.470,991626,227.55,245.0,0.0,0.0,17.44,0,0
20:21:23.570,991726,227.59,245.0,0.0,0.0,17.4,0,0
20:21:23.671,991826,227.62,245.0,5.0,0.0,17.37,0,0
20:21:23.769,991926,227.66,245.0,0.0,0.0,17.33,0,0
20:21:23.880,992026,227.69,245.0,4.0,0.0,17.3,0,0
20:21:23.970,992126,227.69,245.0,4.0,0.0,17.3,0,0
20:21:24.072,992226,227.74,245.0,0.0,0.0,17.25,0,0
20:21:24.172,992326,227.78,245.0,0.0,0.0,17.21,0,0
20:21:24.268,992426,227.82,245.0,0.0,0.0,17.17,0,0
20:21:24.369,992526,227.85,245.0,2.0,0.0,17.14,0,0
20:21:24.470,992626,227.88,245.0,0.0,0.0,17.11,0,0
20:21:24.569,992726,227.88,245.0,25.0,0.0,17.11,0,1
20:21:24.673,992826,227.89,245.0,21.0,0.0,17.1,0,1
20:21:24.769,992926,227.94,245.0,0.0,0.0,17.05,0,0
20:21:24.869,993026,227.97,245.0,5.0,0.0,17.02,0,0
20:21:24.970,993126,227.97,245.0,25.0,0.0,17.02,0,1
20:21:25.069,993226,228.01,245.0,0.0,0.0,16.98,0,0
20:21:25.170,993326,228.01,245.0,0.0,0.0,16.98,0,0
20:21:25.271,993426,228.04,245.0,0.0,0.0,16.95,0,0
20:21:25.368,993526,228.08,245.0,0.0,0.0,16.91,0,0
20:21:25.471,993626,228.11,245.0,2.0,0.0,16.88,0,0
20:21:25.604,993726,228.11,245.0,25.0,0.0,16.88,0,1
20:21:25.670,993826,228.13,245.0,4.0,0.0,16.86,0,0
20:21:25.768,993926,228.18,245.0,0.0,0.0,16.81,0,0
20:21:25.869,994026,228.24,245.0,0.0,0.0,16.75,0,0
20:21:25.970,994126,228.27,245.0,0.0,0.0,16.72,0,0
20:21:26.069,994226,228.28,245.0,10.0,0.0,16.71,0,0
20:21:26.172,994326,228.33,245.0,0.0,0.0,16.66,0,0
20:21:26.275,994426,228.36,245.0,0.0,0.0,16.63,0,0
20:21:26.368,994526,228.39,245.0,3.0,0.0,16.6,0,0
20:21:26.471,994626,228.42,245.0,0.0,0.0,16.57,0,0
20:21:26.570,994726,228.44,245.0,7.0,0.0,16.55,0,0
20:21:26.672,994826,228.44,245.0,24.0,0.0,16.55,0,1
20:21:26.769,994926,228.46,245.0,9.0,0.0,16.53,0,0
20:21:26.873,995026,228.47,245.0,18.0,0.0,16.52,0,1
20:21:26.971,995126,228.5,245.0,0.0,0.0,16.49,0,0
20:21:27.068,995226,228.54,245.0,0.0,0.0,16.45,0,0
20:21:27.170,995326,228.54,245.0,0.0,0.0,16.45,0,0
20:21:27.268,995426,228.57,245.0,3.0,0.0,16.42,0,0
20:21:27.370,995526,228.6,245.0,0.0,0.0,16.39,0,0
20:21:27.471,995626,228.62,245.0,8.0,0.0,16.37,0,0
20:21:27.568,995726,228.63,245.0,16.0,0.0,16.36,0,1
20:21:27.668,995826,228.64,245.0,17.0,0.0,16.35,0,1
20:21:27.772,995926,228.64,245.0,17.0,0.0,16.35,0,1
20:21:27.875,996026,228.64,245.0,24.0,0.0,16.35,0,1
20:21:27.980,996126,228.64,245.0,24.0,0.0,16.35,0,1
20:21:28.068,996226,228.65,245.0,18.0,0.0,16.34,0,1
20:21:28.168,996326,228.65,245.0,24.0,0.0,16.34,0,1
20:21:28.273,996426,228.64,245.0,25.0,0.0,16.35,0,1
20:21:28.369,996526,228.63,245.0,32.0,0.0,16.36,0,1
20:21:28.479,996626,228.62,245.0,38.0,0.0,16.37,0,1
20:21:28.570,996726,228.62,245.0,23.0,0.0,16.37,0,1
20:21:28.670,996826,228.59,245.0,44.0,0.0,16.4,0,1
20:21:28.774,996926,228.58,245.0,35.0,0.0,16.41,0,1
20:21:28.869,997026,228.57,245.0,27.0,0.0,16.42,0,1
20:21:29.002,997126,228.57,245.0,27.0,0.0,16.42,0,1
20:21:29.068,997226,228.57,245.0,27.0,0.0,16.42,0,1
20:21:29.171,997326,228.53,245.0,50.0,0.0,16.46,0,1
20:21:29.268,997426,228.54,245.0,16.0,0.0,16.45,0,1
20:21:29.373,997526,228.52,245.0,38.0,0.0,16.47,0,1
20:21:29.471,997626,228.52,245.0,30.0,0.0,16.47,0,1
20:21:29.602,997726,228.49,245.0,43.0,0.0,16.5,0,1
20:21:29.669,997826,228.49,245.0,27.0,0.0,16.5,0,1
20:21:29.774,997926,228.49,245.0,27.0,0.0,16.5,0,1
20:21:29.871,998026,228.46,245.0,41.0,0.0,16.53,0,1
20:21:29.972,998126,228.45,245.0,39.0,0.0,16.54,0,1
20:21:30.070,998226,228.46,245.0,17.0,0.0,16.53,0,1
20:21:30.175,998326,228.43,245.0,45.0,0.0,16.56,0,1
20:21:30.268,998426,228.43,245.0,24.0,0.0,16.56,0,1
20:21:30.374,998526,228.41,245.0,43.0,0.0,16.58,0,1
20:21:30.471,998626,228.38,245.0,41.0,0.0,16.61,0,1
20:21:30.573,998726,228.36,245.0,47.0,0.0,16.63,0,1
20:21:30.671,998826,228.36,245.0,24.0,0.0,16.63,0,1
20:21:30.767,998926,228.32,245.0,50.0,0.0,16.67,0,1
20:21:30.869,999026,228.28,245.0,50.0,0.0,16.71,0,1
20:21:30.975,999126,228.28,245.0,50.0,0.0,16.71,0,1
20:21:31.070,999226,228.25,245.0,50.0,0.0,16.74,0,1
20:21:31.167,999326,228.19,245.0,50.0,0.0,16.8,0,1
20:21:31.273,999426,228.17,245.0,38.0,0.0,16.82,0,1
20:21:31.366,999526,228.13,245.0,50.0,0.0,16.86,0,1
20:21:31.478,999626,228.1,245.0,48.0,0.0,16.89,0,1
20:21:31.574,999726,228.07,245.0,50.0,0.0,16.92,0,1
20:21:31.670,999826,228.03,245.0,50.0,0.0,16.96,0,1
20:21:31.769,999926,227.99,245.0,50.0,0.0,17.0,0,1
20:21:31.873,1000026,227.95,245.0,50.0,0.0,17.04,0,1
20:21:31.971,1000126,227.93,245.0,41.0,0.0,17.06,0,1
20:21:32.067,1000226,227.9,245.0,50.0,0.0,17.09,0,1
20:21:32.172,1000326,227.9,245.0,50.0,0.0,17.09,0,1
20:21:32.267,1000426,227.89,245.0,36.0,0.0,17.1,0,1
20:21:32.368,1000526,227.86,245.0,49.0,0.0,17.13,0,1
20:21:32.471,1000626,227.85,245.0,33.0,0.0,17.14,0,1
20:21:32.567,1000726,227.81,245.0,50.0,0.0,17.18,0,1
20:21:32.670,1000826,227.81,245.0,25.0,0.0,17.18,0,1
20:21:32.774,1000926,227.81,245.0,25.0,0.0,17.18,0,1
20:21:32.868,1001026,227.77,245.0,50.0,0.0,17.22,0,1
20:21:32.983,1001126,227.74,245.0,50.0,0.0,17.25,0,1
20:21:33.067,1001226,227.71,245.0,44.0,0.0,17.28,0,1
20:21:33.170,1001326,227.68,245.0,49.0,0.0,17.31,0,1
20:21:33.269,1001426,227.66,245.0,47.0,0.0,17.33,0,1
20:21:33.367,1001526,227.64,245.0,38.0,0.0,17.35,0,1
20:21:33.471,1001626,227.63,245.0,37.0,0.0,17.36,0,1
20:21:33.568,1001726,227.61,245.0,36.0,0.0,17.38,0,1
20:21:33.666,1001826,227.61,245.0,36.0,0.0,17.38,0,1
20:21:33.769,1001926,227.61,245.0,26.0,0.0,17.38,0,1
20:21:33.874,1002026,227.61,245.0,26.0,0.0,17.38,0,1
20:21:33.970,1002126,227.6,245.0,35.0,0.0,17.39,0,1
20:21:34.073,1002226,227.58,245.0,41.0,0.0,17.41,0,1
20:21:34.166,1002326,227.58,245.0,41.0,0.0,17.41,0,1
20:21:34.270,1002426,227.58,245.0,41.0,0.0,17.41,0,1
20:21:34.368,1002526,227.56,245.0,46.0,0.0,17.43,0,1
20:21:34.470,1002626,227.53,245.0,50.0,0.0,17.46,0,1
20:21:34.573,1002726,227.51,245.0,42.0,0.0,17.48,0,1
20:21:34.701,1002826,227.51,245.0,42.0,0.0,17.48,0,1
20:21:34.770,1002926,227.51,245.0,26.0,0.0,17.48,0,1
20:21:34.866,1003026,227.51,245.0,19.0,0.0,17.48,0,1
20:21:34.969,1003126,227.5,245.0,34.0,0.0,17.49,0,1
20:21:35.068,1003226,227.51,245.0,19.0,0.0,17.48,0,1
20:21:35.167,1003326,227.53,245.0,13.0,0.0,17.46,0,0
20:21:35.284,1003426,227.53,245.0,26.0,0.0,17.46,0,1
20:21:35.367,1003526,227.53,245.0,21.0,0.0,17.46,0,1
20:21:35.466,1003626,227.54,245.0,21.0,0.0,17.45,0,1
20:21:35.568,1003726,227.54,245.0,29.0,0.0,17.45,0,1
20:21:35.666,1003826,227.54,245.0,22.0,0.0,17.45,0,1
20:21:35.765,1003926,227.55,245.0,15.0,0.0,17.44,0,1
20:21:35.866,1004026,227.56,245.0,23.0,0.0,17.43,0,1
20:21:35.965,1004126,227.55,245.0,30.0,0.0,17.44,0,1
20:21:36.066,1004226,227.57,245.0,9.0,0.0,17.42,0,0
20:21:36.172,1004326,227.57,245.0,24.0,0.0,17.42,0,1
20:21:36.271,1004426,227.59,245.0,11.0,0.0,17.4,0,0
20:21:36.367,1004526,227.62,245.0,5.0,0.0,17.37,0,0
20:21:36.466,1004626,227.64,245.0,7.0,0.0,17.35,0,0
20:21:36.566,1004726,227.67,245.0,2.0,0.0,17.32,0,0
20:21:36.666,1004826,227.67,245.0,25.0,0.0,17.32,0,1
20:21:36.769,1004926,227.69,245.0,11.0,0.0,17.3,0,0
20:21:36.871,1005026,227.69,245.0,25.0,0.0,17.3,0,1
20:21:36.991,1005126,227.69,245.0,25.0,0.0,17.3,0,1
20:21:37.079,1005226,227.73,245.0,0.0,0.0,17.26,0,0
20:21:37.167,1005326,227.75,245.0,9.0,0.0,17.24,0,0
20:21:37.270,1005426,227.77,245.0,11.0,0.0,17.22,0,0
20:21:37.371,1005526,227.82,245.0,0.0,0.0,17.17,0,0
20:21:37.466,1005626,227.85,245.0,2.0,0.0,17.14,0,0
20:21:37.567,1005726,227.87,245.0,11.0,0.0,17.12,0,0
20:21:37.672,1005826,227.9,245.0,0.0,0.0,17.09,0,0
20:21:37.771,1005926,227.93,245.0,2.0,0.0,17.06,0,0
20:21:37.867,1006026,227.97,245.0,0.0,0.0,17.02,0,0
20:21:37.966,1006126,227.99,245.0,7.0,0.0,17.0,0,0
20:21:38.069,1006226,228.03,245.0,0.0,0.0,16.96,0,0
20:21:38.170,1006326,228.06,245.0,0.0,0.0,16.93,0,0
20:21:38.267,1006426,228.09,245.0,8.0,0.0,16.9,0,0
20:21:38.372,1006526,228.1,245.0,17.0,0.0,16.89,0,1
20:21:38.469,1006626,228.1,245.0,25.0,0.0,16.89,0,1
20:21:38.574,1006726,228.12,245.0,12.0,0.0,16.87,0,0
20:21:38.671,1006826,228.18,245.0,0.0,0.0,16.81,0,0
20:21:38.867,1007026,228.23,245.0,0.0,0.0,16.76,0,0
20:21:38.977,1007126,228.24,245.0,15.0,0.0,16.75,0,1
20:21:39.074,1007226,228.24,245.0,25.0,0.0,16.75,0,1
20:21:39.174,1007326,228.27,245.0,4.0,0.0,16.72,0,0
20:21:39.272,1007426,228.31,245.0,0.0,0.0,16.68,0,0
20:21:39.382,1007526,228.36,245.0,0.0,0.0,16.63,0,0
20:21:39.476,1007626,228.41,245.0,0.0,0.0,16.58,0,0
20:21:39.574,1007726,228.44,245.0,3.0,0.0,16.55,0,0
20:21:39.671,1007826,228.44,245.0,3.0,0.0,16.55,0,0
20:21:39.770,1007926,228.51,245.0,0.0,0.0,16.48,0,0
20:21:39.868,1008026,228.55,245.0,0.0,0.0,16.44,0,0
20:21:39.972,1008126,228.6,245.0,0.0,0.0,16.39,0,0
20:21:40.068,1008226,228.61,245.0,16.0,0.0,16.38,0,1
20:21:40.167,1008326,228.65,245.0,0.0,0.0,16.34,0,0
20:21:40.404,1008526,228.69,245.0,0.0,0.0,16.3,0,0
20:21:40.466,1008626,228.74,245.0,0.0,0.0,16.25,0,0
20:21:40.570,1008726,228.77,245.0,1.0,0.0,16.22,0,0
20:21:40.669,1008826,228.81,245.0,0.0,0.0,16.18,0,0
20:21:40.770,1008926,228.81,245.0,0.0,0.0,16.18,0,0
20:21:40.871,1009026,228.84,245.0,0.0,0.0,16.15,0,0
20:21:40.978,1009126,228.88,245.0,2.0,0.0,16.11,0,0
20:21:41.066,1009226,228.9,245.0,4.0,0.0,16.09,0,0
20:21:41.171,1009326,228.94,245.0,0.0,0.0,16.05,0,0
20:21:41.269,1009426,228.95,245.0,14.0,0.0,16.04,0,0
20:21:41.373,1009526,228.95,245.0,24.0,0.0,16.04,0,1
20:21:41.470,1009626,228.96,245.0,15.0,0.0,16.03,0,1
20:21:41.580,1009726,228.97,245.0,16.0,0.0,16.02,0,1
20:21:41.677,1009826,228.97,245.0,23.0,0.0,16.02,0,1
20:21:41.775,1009926,229.01,245.0,0.0,0.0,15.98,0,0
20:21:41.867,1010026,229.05,245.0,0.0,0.0,15.94,0,0
20:21:41.976,1010126,229.07,245.0,10.0,0.0,15.92,0,0
20:21:42.068,1010226,229.1,245.0,5.0,0.0,15.89,0,0
20:21:42.174,1010326,229.13,245.0,1.0,0.0,15.86,0,0
20:21:42.276,1010426,229.16,245.0,3.0,0.0,15.83,0,0
20:21:42.366,1010526,229.16,245.0,3.0,0.0,15.83,0,0
20:21:42.467,1010626,229.18,245.0,5.0,0.0,15.81,0,0
20:21:42.573,1010726,229.21,245.0,7.0,0.0,15.78,0,0
20:21:42.670,1010826,229.25,245.0,0.0,0.0,15.74,0,0
20:21:42.767,1010926,229.26,245.0,11.0,0.0,15.73,0,0
20:21:42.868,1011026,229.28,245.0,12.0,0.0,15.71,0,0
20:21:42.967,1011126,229.28,245.0,12.0,0.0,15.71,0,0
20:21:43.067,1011226,229.28,245.0,23.0,0.0,15.71,0,1
20:21:43.170,1011326,229.28,245.0,23.0,0.0,15.71,0,1
20:21:43.273,1011426,229.29,245.0,13.0,0.0,15.7,0,0
20:21:43.372,1011526,229.31,245.0,14.0,0.0,15.68,0,0
20:21:43.466,1011626,229.33,245.0,9.0,0.0,15.66,0,0
20:21:43.568,1011726,229.34,245.0,10.0,0.0,15.65,0,0
20:21:43.672,1011826,229.36,245.0,11.0,0.0,15.63,0,0
20:21:43.768,1011926,229.37,245.0,19.0,0.0,15.62,0,1
20:21:43.866,1012026,229.36,245.0,25.0,0.0,15.63,0,1
20:21:43.966,1012126,229.35,245.0,31.0,0.0,15.64,0,1
20:21:44.073,1012226,229.36,245.0,18.0,0.0,15.63,0,1
20:21:44.172,1012326,229.34,245.0,37.0,0.0,15.65,0,1
20:21:44.269,1012426,229.31,245.0,42.0,0.0,15.68,0,1
20:21:44.366,1012526,229.31,245.0,22.0,0.0,15.68,0,1
20:21:44.465,1012626,229.31,245.0,28.0,0.0,15.68,0,1
20:21:44.573,1012726,229.29,245.0,34.0,0.0,15.7,0,1
20:21:44.669,1012826,229.27,245.0,39.0,0.0,15.72,0,1
20:21:44.774,1012926,229.26,245.0,31.0,0.0,15.73,0,1
20:21:44.871,1013026,229.27,245.0,12.0,0.0,15.72,0,0
20:21:44.974,1013126,229.28,245.0,19.0,0.0,15.71,0,1
20:21:45.066,1013226,229.26,245.0,38.0,0.0,15.73,0,1
20:21:45.170,1013326,229.24,245.0,36.0,0.0,15.75,0,1
20:21:45.266,1013426,229.24,245.0,23.0,0.0,15.75,0,1
20:21:45.367,1013526,229.24,245.0,23.0,0.0,15.75,0,1
20:21:45.465,1013626,229.22,245.0,35.0,0.0,15.77,0,1
20:21:45.569,1013726,229.19,245.0,48.0,0.0,15.8,0,1
20:21:45.670,1013826,229.15,245.0,50.0,0.0,15.84,0,1
20:21:45.766,1013926,229.13,245.0,43.0,0.0,15.86,0,1
20:21:45.867,1014026,229.11,245.0,35.0,0.0,15.88,0,1
20:21:45.971,1014126,229.09,245.0,40.0,0.0,15.9,0,1
20:21:46.067,1014226,229.06,245.0,45.0,0.0,15.93,0,1
20:21:46.199,1014326,229.04,245.0,37.0,0.0,15.95,0,1
20:21:46.267,1014426,229.01,245.0,48.0,0.0,15.98,0,1
20:21:46.371,1014526,228.98,245.0,46.0,0.0,16.01,0,1
20:21:46.470,1014626,228.98,245.0,25.0,0.0,16.01,0,1
20:21:46.568,1014726,228.95,245.0,44.0,0.0,16.04,0,1
20:21:46.669,1014826,228.93,245.0,42.0,0.0,16.06,0,1
20:21:46.781,1014926,228.91,245.0,40.0,0.0,16.08,0,1
20:21:46.867,1015026,228.87,245.0,50.0,0.0,16.12,0,1
20:21:46.969,1015126,228.87,245.0,30.0,0.0,16.12,0,1
20:21:47.067,1015226,228.83,245.0,48.0,0.0,16.16,0,1
20:21:47.167,1015326,228.78,245.0,50.0,0.0,16.21,0,1
20:21:47.274,1015426,228.78,245.0,50.0,0.0,16.21,0,1
20:21:47.373,1015526,228.75,245.0,48.0,0.0,16.24,0,1
20:21:47.466,1015626,228.75,245.0,48.0,0.0,16.24,0,1
20:21:47.570,1015726,228.71,245.0,50.0,0.0,16.28,0,1
20:21:47.670,1015826,228.67,245.0,49.0,0.0,16.32,0,1
20:21:47.770,1015926,228.66,245.0,35.0,0.0,16.33,0,1
20:21:47.867,1016026,228.61,245.0,50.0,0.0,16.38,0,1
20:21:47.966,1016126,228.58,245.0,49.0,0.0,16.41,0,1
20:21:48.070,1016226,228.55,245.0,47.0,0.0,16.44,0,1
20:21:48.171,1016326,228.53,245.0,39.0,0.0,16.46,0,1
20:21:48.274,1016426,228.51,245.0,44.0,0.0,16.48,0,1
20:21:48.367,1016526,228.47,245.0,50.0,0.0,16.52,0,1
20:21:48.479,1016626,228.46,245.0,33.0,0.0,16.53,0,1
20:21:48.568,1016726,228.46,245.0,33.0,0.0,16.53,0,1
20:21:48.667,1016826,228.42,245.0,50.0,0.0,16.57,0,1
20:21:48.768,1016926,228.42,245.0,26.0,0.0,16.57,0,1
20:21:48.867,1017026,228.41,245.0,36.0,0.0,16.58,0,1
20:21:48.972,1017126,228.38,245.0,47.0,0.0,16.61,0,1
20:21:49.066,1017226,228.36,245.0,39.0,0.0,16.63,0,1
20:21:49.167,1017326,228.35,245.0,32.0,0.0,16.64,0,1
20:21:49.271,1017426,228.33,245.0,43.0,0.0,16.66,0,1
20:21:49.366,1017526,228.31,245.0,36.0,0.0,16.68,0,1
20:21:49.469,1017626,228.28,245.0,50.0,0.0,16.71,0,1
20:21:49.568,1017726,228.24,245.0,50.0,0.0,16.75,0,1
20:21:49.670,1017826,228.23,245.0,36.0,0.0,16.76,0,1
20:21:49.775,1017926,228.2,245.0,47.0,0.0,16.79,0,1
20:21:49.866,1018026,228.16,245.0,50.0,0.0,16.83,0,1
20:21:49.970,1018126,228.15,245.0,36.0,0.0,16.84,0,1
20:21:50.068,1018226,228.13,245.0,42.0,0.0,16.86,0,1
20:21:50.170,1018326,228.1,245.0,46.0,0.0,16.89,0,1
20:21:50.269,1018426,228.09,245.0,32.0,0.0,16.9,0,1
20:21:50.367,1018526,228.09,245.0,25.0,0.0,16.9,0,1
20:21:50.466,1018626,228.08,245.0,38.0,0.0,16.91,0,1
20:21:50.569,1018726,228.08,245.0,27.0,0.0,16.91,0,1
20:21:50.673,1018826,228.07,245.0,31.0,0.0,16.92,0,1
20:21:50.770,1018926,228.07,245.0,30.0,0.0,16.92,0,1
20:21:50.868,1019026,228.06,245.0,30.0,0.0,16.93,0,1
20:21:50.970,1019126,228.05,245.0,36.0,0.0,16.94,0,1
20:21:51.068,1019226,228.04,245.0,35.0,0.0,16.95,0,1
20:21:51.166,1019326,228.03,245.0,34.0,0.0,16.96,0,1
20:21:51.268,1019426,228.03,245.0,27.0,0.0,16.96,0,1
20:21:51.371,1019526,228.03,245.0,21.0,0.0,16.96,0,1
20:21:51.468,1019626,228.04,245.0,22.0,0.0,16.95,0,1
20:21:51.569,1019726,228.05,245.0,22.0,0.0,16.94,0,1
20:21:51.665,1019826,228.05,245.0,22.0,0.0,16.94,0,1
20:21:51.769,1019926,228.04,245.0,35.0,0.0,16.95,0,1
20:21:51.875,1020026,228.04,245.0,22.0,0.0,16.95,0,1
20:21:51.969,1020126,228.03,245.0,34.0,0.0,16.96,0,1
20:21:52.066,1020226,228.04,245.0,21.0,0.0,16.95,0,1
20:21:52.165,1020326,228.05,245.0,16.0,0.0,16.94,0,1
20:21:52.268,1020426,228.06,245.0,23.0,0.0,16.93,0,1
20:21:52.365,1020526,228.07,245.0,17.0,0.0,16.92,0,1
20:21:52.466,1020626,228.09,245.0,18.0,0.0,16.9,0,1
20:21:52.567,1020726,228.1,245.0,13.0,0.0,16.89,0,0
20:21:52.667,1020826,228.12,245.0,14.0,0.0,16.87,0,0
20:21:52.767,1020926,228.15,245.0,9.0,0.0,16.84,0,0
20:21:52.872,1021026,228.18,245.0,5.0,0.0,16.81,0,0
20:21:52.965,1021126,228.18,245.0,5.0,0.0,16.81,0,0
20:21:53.072,1021226,228.21,245.0,7.0,0.0,16.78,0,0
20:21:53.165,1021326,228.22,245.0,15.0,0.0,16.77,0,1
20:21:53.276,1021426,228.22,245.0,28.0,0.0,16.77,0,1
20:21:53.366,1021526,228.23,245.0,16.0,0.0,16.76,0,1
20:21:53.475,1021626,228.25,245.0,17.0,0.0,16.74,0,1
20:21:53.580,1021726,228.26,245.0,18.0,0.0,16.73,0,1
20:21:53.673,1021826,228.29,245.0,6.0,0.0,16.7,0,0
20:21:53.770,1021926,228.33,245.0,0.0,0.0,16.66,0,0
20:21:53.898,1022026,228.34,245.0,17.0,0.0,16.65,0,1
20:21:53.972,1022126,228.36,245.0,12.0,0.0,16.63,0,0
20:21:54.073,1022226,228.38,245.0,14.0,0.0,16.61,0,0
20:21:54.178,1022326,228.41,245.0,2.0,0.0,16.58,0,0
20:21:54.268,1022426,228.46,245.0,0.0,0.0,16.53,0,0
20:21:54.367,1022526,228.5,245.0,2.0,0.0,16.49,0,0
20:21:54.469,1022626,228.54,245.0,0.0,0.0,16.45,0,0
20:21:54.670,1022826,228.59,245.0,0.0,0.0,16.4,0,0
20:21:54.769,1022926,228.62,245.0,4.0,0.0,16.37,0,0
20:21:54.865,1023026,228.68,245.0,0.0,0.0,16.31,0,0
20:21:54.969,1023126,228.72,245.0,0.0,0.0,16.27,0,0
20:21:55.068,1023226,228.72,245.0,0.0,0.0,16.27,0,0
20:21:55.166,1023326,228.74,245.0,13.0,0.0,16.25,0,0
20:21:55.325,1023426,228.78,245.0,0.0,0.0,16.21,0,0
20:21:55.365,1023526,228.81,245.0,5.0,0.0,16.18,0,0
20:21:55.465,1023626,228.81,245.0,25.0,0.0,16.18,0,1
20:21:55.576,1023726,228.83,245.0,13.0,0.0,16.16,0,0
20:21:55.665,1023826,228.86,245.0,2.0,0.0,16.13,0,0
20:21:55.764,1023926,228.91,245.0,0.0,0.0,16.08,0,0
20:21:55.901,1024026,228.94,245.0,2.0,0.0,16.05,0,0
20:21:55.964,1024126,228.96,245.0,10.0,0.0,16.03,0,0
20:21:56.065,1024226,228.96,245.0,25.0,0.0,16.03,0,1
20:21:56.164,1024326,228.99,245.0,5.0,0.0,16.0,0,0
20:21:56.267,1024426,229.03,245.0,0.0,0.0,15.96,0,0
20:21:56.364,1024526,229.08,245.0,0.0,0.0,15.91,0,0
20:21:56.483,1024626,229.11,245.0,1.0,0.0,15.88,0,0
20:21:56.567,1024726,229.11,245.0,25.0,0.0,15.88,0,1
20:21:56.664,1024826,229.13,245.0,16.0,0.0,15.86,0,1
20:21:56.767,1024926,229.16,245.0,4.0,0.0,15.83,0,0
20:21:56.864,1025026,229.18,245.0,6.0,0.0,15.81,0,0
20:21:56.964,1025126,229.23,245.0,0.0,0.0,15.76,0,0
20:21:57.065,1025226,229.29,245.0,0.0,0.0,15.7,0,0
20:21:57.164,1025326,229.29,245.0,0.0,0.0,15.7,0,0
20:21:57.268,1025426,229.32,245.0,3.0,0.0,15.67,0,0
20:21:57.365,1025526,229.36,245.0,0.0,0.0,15.63,0,0
20:21:57.464,1025626,229.42,245.0,0.0,0.0,15.57,0,0
20:21:57.565,1025726,229.42,245.0,24.0,0.0,15.57,0,1
20:21:57.665,1025826,229.44,245.0,12.0,0.0,15.55,0,0
20:21:57.783,1025926,229.49,245.0,0.0,0.0,15.5,0,0
20:21:57.873,1026026,229.54,245.0,0.0,0.0,15.45,0,0
20:21:57.970,1026126,229.55,245.0,14.0,0.0,15.44,0,0
20:21:58.074,1026226,229.59,245.0,0.0,0.0,15.4,0,0
20:21:58.187,1026326,229.59,245.0,24.0,0.0,15.4,0,1
20:21:58.264,1026426,229.62,245.0,5.0,0.0,15.37,0,0
20:21:58.368,1026526,229.65,245.0,1.0,0.0,15.34,0,0
20:21:58.465,1026626,229.69,245.0,0.0,0.0,15.3,0,0
20:21:58.567,1026726,229.73,245.0,0.0,0.0,15.26,0,0
20:21:58.667,1026826,229.73,245.0,0.0,0.0,15.26,0,0
20:21:58.775,1026926,229.75,245.0,8.0,0.0,15.24,0,0
20:21:58.865,1027026,229.8,245.0,0.0,0.0,15.19,0,0
20:21:58.962,1027126,229.82,245.0,7.0,0.0,15.17,0,0
20:21:59.064,1027226,229.84,245.0,15.0,0.0,15.15,0,1
20:21:59.163,1027326,229.86,245.0,3.0,0.0,15.13,0,0
20:21:59.264,1027426,229.86,245.0,3.0,0.0,15.13,0,0
20:21:59.362,1027526,229.87,245.0,17.0,0.0,15.12,0,1
20:21:59.462,1027626,229.87,245.0,24.0,0.0,15.12,0,1
20:21:59.565,1027726,229.89,245.0,12.0,0.0,15.1,0,0
20:21:59.663,1027826,229.91,245.0,7.0,0.0,15.08,0,0
20:21:59.768,1027926,229.93,245.0,15.0,0.0,15.06,0,1
20:21:59.897,1028026,229.95,245.0,9.0,0.0,15.04,0,0
20:21:59.962,1028126,229.97,245.0,4.0,0.0,15.02,0,0
20:22:00.067,1028226,230.01,245.0,0.0,0.0,14.98,0,4
20:22:00.164,1028326,230.02,245.0,15.0,0.0,14.97,0,5
20:22:00.269,1028426,230.02,245.0,15.0,0.0,14.97,0,5
20:22:00.367,1028526,230.03,245.0,16.0,0.0,14.96,0,5
20:22:00.469,1028626,230.04,245.0,17.0,0.0,14.95,0,5
20:22:00.580,1028726,230.04,245.0,20.0,0.0,14.95,0,5
20:22:00.664,1028826,230.05,245.0,18.0,0.0,14.94,0,5
20:22:00.763,1028926,230.05,245.0,20.0,0.0,14.94,0,5
20:22:00.866,1029026,230.05,245.0,20.0,0.0,14.94,0,5
20:22:00.963,1029126,230.04,245.0,20.0,0.0,14.95,0,5
20:22:01.068,1029226,230.04,245.0,20.0,0.0,14.95,0,5
20:22:01.165,1029326,230.04,245.0,20.0,0.0,14.95,0,5
20:22:01.263,1029426,230.04,245.0,20.0,0.0,14.95,0,5
20:22:01.365,1029526,230.03,245.0,20.0,0.0,14.96,0,5
20:22:01.464,1029626,230.03,245.0,20.0,0.0,14.96,0,5
20:22:01.563,1029726,230.01,245.0,20.0,0.0,14.98,0,5
20:22:01.663,1029826,230.0,245.0,20.0,0.0,14.99,0,5
20:22:01.763,1029926,230.01,245.0,20.0,0.0,14.98,0,5
20:22:01.872,1030026,229.99,245.0,33.0,0.0,15.0,0,1
20:22:01.965,1030126,229.99,245.0,26.0,0.0,15.0,0,1
20:22:02.062,1030226,229.98,245.0,26.0,0.0,15.01,0,1
20:22:02.165,1030326,229.98,245.0,24.0,0.0,15.01,0,1
20:22:02.263,1030426,229.97,245.0,32.0,0.0,15.02,0,1
20:22:02.366,1030526,229.95,245.0,37.0,0.0,15.04,0,1
20:22:02.469,1030626,229.92,245.0,48.0,0.0,15.07,0,1
20:22:02.568,1030726,229.94,245.0,9.0,0.0,15.05,0,0
20:22:02.663,1030826,229.95,245.0,16.0,0.0,15.04,0,1
20:22:02.766,1030926,229.91,245.0,48.0,0.0,15.08,0,1
20:22:02.868,1031026,229.91,245.0,48.0,0.0,15.08,0,1
20:22:02.962,1031126,229.89,245.0,40.0,0.0,15.1,0,1
20:22:03.062,1031226,229.87,245.0,38.0,0.0,15.12,0,1
20:22:03.167,1031326,229.87,245.0,24.0,0.0,15.12,0,1
20:22:03.263,1031426,229.85,245.0,37.0,0.0,15.14,0,1
20:22:03.363,1031526,229.84,245.0,35.0,0.0,15.15,0,1
20:22:03.463,1031626,229.83,245.0,28.0,0.0,15.16,0,1
20:22:03.568,1031726,229.79,245.0,50.0,0.0,15.2,0,1
20:22:03.665,1031826,229.74,245.0,50.0,0.0,15.25,0,1
20:22:03.767,1031926,229.71,245.0,47.0,0.0,15.28,0,1
20:22:03.873,1032026,229.68,245.0,44.0,0.0,15.31,0,1
20:22:03.965,1032126,229.65,245.0,49.0,0.0,15.34,0,1
20:22:04.062,1032226,229.62,245.0,40.0,0.0,15.37,0,1
20:22:04.165,1032326,229.59,245.0,50.0,0.0,15.4,0,1
20:22:04.262,1032426,229.58,245.0,30.0,0.0,15.41,0,1
20:22:04.367,1032526,229.58,245.0,30.0,0.0,15.41,0,1
20:22:04.462,1032626,229.54,245.0,48.0,0.0,15.45,0,1
20:22:04.561,1032726,229.51,245.0,45.0,0.0,15.48,0,1
20:22:04.664,1032826,229.51,245.0,25.0,0.0,15.48,0,1
20:22:04.761,1032926,229.51,245.0,25.0,0.0,15.48,0,1
20:22:04.871,1033026,229.48,245.0,49.0,0.0,15.51,0,1
20:22:04.991,1033126,229.45,245.0,47.0,0.0,15.54,0,1
20:22:05.062,1033226,229.44,245.0,26.0,0.0,15.55,0,1
20:22:05.166,1033326,229.46,245.0,14.0,0.0,15.53,0,0
20:22:05.364,1033526,229.46,245.0,21.0,0.0,15.53,0,1
20:22:05.462,1033626,229.46,245.0,27.0,0.0,15.53,0,1
20:22:05.567,1033726,229.43,245.0,46.0,0.0,15.56,0,1
20:22:05.662,1033826,229.41,245.0,37.0,0.0,15.58,0,1
20:22:05.762,1033926,229.39,245.0,36.0,0.0,15.6,0,1
20:22:05.861,1034026,229.38,245.0,35.0,0.0,15.61,0,1
20:22:05.962,1034126,229.38,245.0,24.0,0.0,15.61,0,1
20:22:06.075,1034226,229.35,245.0,46.0,0.0,15.64,0,1
20:22:06.162,1034326,229.34,245.0,32.0,0.0,15.65,0,1
20:22:06.264,1034426,229.31,245.0,43.0,0.0,15.68,0,1
20:22:06.372,1034526,229.31,245.0,23.0,0.0,15.68,0,1
20:22:06.470,1034626,229.29,245.0,42.0,0.0,15.7,0,1
20:22:06.568,1034726,229.29,245.0,22.0,0.0,15.7,0,1
20:22:06.678,1034826,229.28,245.0,34.0,0.0,15.71,0,1
20:22:06.762,1034926,229.28,245.0,21.0,0.0,15.71,0,1
20:22:06.865,1035026,229.29,245.0,21.0,0.0,15.7,0,1
20:22:06.962,1035126,229.3,245.0,15.0,0.0,15.69,0,1
20:22:07.061,1035226,229.3,245.0,15.0,0.0,15.69,0,1
20:22:07.165,1035326,229.3,245.0,29.0,0.0,15.69,0,1
20:22:07.263,1035426,229.3,245.0,22.0,0.0,15.69,0,1
20:22:07.365,1035526,229.29,245.0,35.0,0.0,15.7,0,1
20:22:07.467,1035626,229.28,245.0,28.0,0.0,15.71,0,1
20:22:07.561,1035726,229.29,245.0,21.0,0.0,15.7,0,1
20:22:07.662,1035826,229.31,245.0,9.0,0.0,15.68,0,0
20:22:07.763,1035926,229.35,245.0,0.0,0.0,15.64,0,0
20:22:07.861,1036026,229.38,245.0,1.0,0.0,15.61,0,0
20:22:07.965,1036126,229.44,245.0,0.0,0.0,15.55,0,0
20:22:08.061,1036226,229.46,245.0,7.0,0.0,15.53,0,0
20:22:08.165,1036326,229.46,245.0,7.0,0.0,15.53,0,0
20:22:08.262,1036426,229.47,245.0,21.0,0.0,15.52,0,1
20:22:08.361,1036526,229.47,245.0,21.0,0.0,15.52,0,1
20:22:08.475,1036626,229.47,245.0,24.0,0.0,15.52,0,1
20:22:08.561,1036726,229.48,245.0,15.0,0.0,15.51,0,1
20:22:08.662,1036826,229.5,245.0,16.0,0.0,15.49,0,1
20:22:08.762,1036926,229.51,245.0,11.0,0.0,15.48,0,0
20:22:08.865,1037026,229.52,245.0,18.0,0.0,15.47,0,1
20:22:08.970,1037126,229.54,245.0,13.0,0.0,15.45,0,0
20:22:09.061,1037226,229.58,245.0,0.0,0.0,15.41,0,0
20:22:09.165,1037326,229.58,245.0,0.0,0.0,15.41,0,0
20:22:09.261,1037426,229.61,245.0,4.0,0.0,15.38,0,0
20:22:09.367,1037526,229.63,245.0,6.0,0.0,15.36,0,0
20:22:09.468,1037626,229.66,245.0,8.0,0.0,15.33,0,0
20:22:09.560,1037726,229.65,245.0,28.0,0.0,15.34,0,1
20:22:09.665,1037826,229.65,245.0,22.0,0.0,15.34,0,1
20:22:09.762,1037926,229.68,245.0,3.0,0.0,15.31,0,0
20:22:09.866,1038026,229.72,245.0,0.0,0.0,15.27,0,0
20:22:09.962,1038126,229.73,245.0,20.0,0.0,15.26,0,1
20:22:10.061,1038226,229.76,245.0,2.0,0.0,15.23,0,0
20:22:10.162,1038326,229.76,245.0,24.0,0.0,15.23,0,1
20:22:10.261,1038426,229.79,245.0,4.0,0.0,15.2,0,0
20:22:10.361,1038526,229.8,245.0,12.0,0.0,15.19,0,0
20:22:10.462,1038626,229.85,245.0,0.0,0.0,15.14,0,0
20:22:10.566,1038726,229.87,245.0,10.0,0.0,15.12,0,0
20:22:10.663,1038826,229.89,245.0,12.0,0.0,15.1,0,0
20:22:10.768,1038926,229.92,245.0,0.0,0.0,15.07,0,0
20:22:10.861,1039026,229.92,245.0,0.0,0.0,15.07,0,0
20:22:10.961,1039126,229.93,245.0,15.0,0.0,15.06,0,1
20:22:11.059,1039226,229.96,245.0,3.0,0.0,15.03,0,0
20:22:11.164,1039326,229.98,245.0,12.0,0.0,15.01,0,0
20:22:11.263,1039426,230.01,245.0,1.0,0.0,14.98,0,4
20:22:11.364,1039526,230.03,245.0,9.0,0.0,14.96,0,4
20:22:11.461,1039626,230.07,245.0,0.0,0.0,14.92,0,4
20:22:11.561,1039726,230.12,245.0,0.0,0.0,14.87,0,4
20:22:11.662,1039826,230.16,245.0,0.0,0.0,14.83,0,4
20:22:11.763,1039926,230.19,245.0,1.0,0.0,14.8,0,4
20:22:11.860,1040026,230.25,245.0,0.0,0.0,14.74,0,4
20:22:11.962,1040126,230.27,245.0,8.0,0.0,14.72,0,4
20:22:12.060,1040226,230.31,245.0,0.0,0.0,14.68,0,4
20:22:12.162,1040326,230.34,245.0,6.0,0.0,14.65,0,4
20:22:12.267,1040426,230.36,245.0,8.0,0.0,14.63,0,4
20:22:12.364,1040526,230.39,245.0,10.0,0.0,14.6,0,4
20:22:12.461,1040626,230.38,245.0,20.0,0.0,14.61,0,5
20:22:12.560,1040726,230.38,245.0,20.0,0.0,14.61,0,5
20:22:12.663,1040826,230.37,245.0,20.0,0.0,14.62,0,5
20:22:12.760,1040926,230.39,245.0,12.0,0.0,14.6,0,4
20:22:12.865,1041026,230.42,245.0,7.0,0.0,14.57,0,4
20:22:12.970,1041126,230.45,245.0,3.0,0.0,14.54,0,4
20:22:13.067,1041226,230.45,245.0,3.0,0.0,14.54,0,4
20:22:13.164,1041326,230.47,245.0,18.0,0.0,14.52,0,5
20:22:13.269,1041426,230.48,245.0,19.0,0.0,14.51,0,5
20:22:13.360,1041526,230.48,245.0,20.0,0.0,14.51,0,5
20:22:13.460,1041626,230.48,245.0,20.0,0.0,14.51,0,5
20:22:13.559,1041726,230.47,245.0,20.0,0.0,14.52,0,5
20:22:13.660,1041826,230.47,245.0,20.0,0.0,14.52,0,5
20:22:13.762,1041926,230.47,245.0,20.0,0.0,14.52,0,5
20:22:13.860,1042026,230.49,245.0,14.0,0.0,14.5,0,4
20:22:13.961,1042126,230.51,245.0,16.0,0.0,14.48,0,5
20:22:14.072,1042226,230.54,245.0,11.0,0.0,14.45,0,4
20:22:14.159,1042326,230.57,245.0,6.0,0.0,14.42,0,4
20:22:14.261,1042426,230.6,245.0,2.0,0.0,14.39,0,4
20:22:14.359,1042526,230.63,245.0,12.0,0.0,14.36,0,4
20:22:14.461,1042626,230.63,245.0,20.0,0.0,14.36,0,5
20:22:14.561,1042726,230.65,245.0,14.0,0.0,14.34,0,4
20:22:14.670,1042826,230.65,245.0,20.0,0.0,14.34,0,5
20:22:14.760,1042926,230.67,245.0,20.0,0.0,14.32,0,5
20:22:14.865,1043026,230.67,245.0,20.0,0.0,14.32,0,5
20:22:14.964,1043126,230.67,245.0,20.0,0.0,14.32,0,5
20:22:15.060,1043226,230.69,245.0,18.0,0.0,14.3,0,5
20:22:15.158,1043326,230.68,245.0,20.0,0.0,14.31,0,5
20:22:15.259,1043426,230.68,245.0,20.0,0.0,14.31,0,5
20:22:15.371,1043526,230.69,245.0,20.0,0.0,14.3,0,5
20:22:15.471,1043626,230.69,245.0,20.0,0.0,14.3,0,5
20:22:15.568,1043726,230.68,245.0,20.0,0.0,14.31,0,5
20:22:15.659,1043826,230.68,245.0,20.0,0.0,14.31,0,5
20:22:15.799,1043926,230.67,245.0,20.0,0.0,14.32,0,5
20:22:15.858,1044026,230.7,245.0,13.0,0.0,14.29,0,4
20:22:15.961,1044126,230.72,245.0,20.0,0.0,14.27,0,5
20:22:16.059,1044226,230.72,245.0,20.0,0.0,14.27,0,5
20:22:16.158,1044326,230.72,245.0,20.0,0.0,14.27,0,5
20:22:16.262,1044426,230.73,245.0,20.0,0.0,14.26,0,5
20:22:16.379,1044526,230.74,245.0,20.0,0.0,14.25,0,5
20:22:16.463,1044626,230.72,245.0,20.0,0.0,14.27,0,5
20:22:16.561,1044726,230.72,245.0,20.0,0.0,14.27,0,5
20:22:16.659,1044826,230.73,245.0,20.0,0.0,14.26,0,5
20:22:16.761,1044926,230.73,245.0,20.0,0.0,14.26,0,5
20:22:16.868,1045026,230.72,245.0,20.0,0.0,14.27,0,5
20:22:16.964,1045126,230.72,245.0,20.0,0.0,14.27,0,5
20:22:17.062,1045226,230.71,245.0,20.0,0.0,14.28,0,5
20:22:17.159,1045326,230.74,245.0,18.0,0.0,14.25,0,5
20:22:17.260,1045426,230.71,245.0,20.0,0.0,14.28,0,5
20:22:17.364,1045526,230.7,245.0,20.0,0.0,14.29,0,5
20:22:17.463,1045626,230.69,245.0,20.0,0.0,14.3,0,5
20:22:17.569,1045726,230.68,245.0,20.0,0.0,14.31,0,5
20:22:17.662,1045826,230.67,245.0,20.0,0.0,14.32,0,5
20:22:17.759,1045926,230.67,245.0,20.0,0.0,14.32,0,5
20:22:17.860,1046026,230.67,245.0,20.0,0.0,14.32,0,5
20:22:17.963,1046126,230.68,245.0,20.0,0.0,14.31,0,5
20:22:18.079,1046226,230.68,245.0,20.0,0.0,14.31,0,5
20:22:18.158,1046326,230.67,245.0,20.0,0.0,14.32,0,5
20:22:18.262,1046426,230.69,245.0,20.0,0.0,14.3,0,5
20:22:18.459,1046626,230.68,245.0,20.0,0.0,14.31,0,5
20:22:18.560,1046726,230.67,245.0,20.0,0.0,14.32,0,5
20:22:18.658,1046826,230.67,245.0,20.0,0.0,14.32,0,5
20:22:18.770,1046926,230.65,245.0,20.0,0.0,14.34,0,5
20:22:18.858,1047026,230.65,245.0,20.0,0.0,14.34,0,5
20:22:18.968,1047126,230.63,245.0,20.0,0.0,14.36,0,5
20:22:19.059,1047226,230.63,245.0,20.0,0.0,14.36,0,5
20:22:19.159,1047326,230.63,245.0,20.0,0.0,14.36,0,5
20:22:19.258,1047426,230.62,245.0,20.0,0.0,14.37,0,5
20:22:19.358,1047526,230.63,245.0,20.0,0.0,14.36,0,5
20:22:19.461,1047626,230.61,245.0,20.0,0.0,14.38,0,5
20:22:19.558,1047726,230.6,245.0,20.0,0.0,14.39,0,5
20:22:19.658,1047826,230.58,245.0,20.0,0.0,14.41,0,5
20:22:19.759,1047926,230.59,245.0,20.0,0.0,14.4,0,5
20:22:19.866,1048026,230.59,245.0,20.0,0.0,14.4,0,5
20:22:19.960,1048126,230.58,245.0,20.0,0.0,14.41,0,5
20:22:20.058,1048226,230.58,245.0,20.0,0.0,14.41,0,5
20:22:20.161,1048326,230.58,245.0,20.0,0.0,14.41,0,5
20:22:20.260,1048426,230.57,245.0,20.0,0.0,14.42,0,5
20:22:20.358,1048526,230.57,245.0,20.0,0.0,14.42,0,5
20:22:20.460,1048626,230.54,245.0,20.0,0.0,14.45,0,5
20:22:20.559,1048726,230.54,245.0,20.0,0.0,14.45,0,5
20:22:20.659,1048826,230.55,245.0,20.0,0.0,14.44,0,5
20:22:20.758,1048926,230.56,245.0,20.0,0.0,14.43,0,5
20:22:20.878,1049026,230.57,245.0,20.0,0.0,14.42,0,5
20:22:20.957,1049126,230.57,245.0,20.0,0.0,14.42,0,5
20:22:21.058,1049226,230.57,245.0,20.0,0.0,14.42,0,5
20:22:21.158,1049326,230.58,245.0,20.0,0.0,14.41,0,5
20:22:21.260,1049426,230.55,245.0,20.0,0.0,14.44,0,5
20:22:21.359,1049526,230.57,245.0,20.0,0.0,14.42,0,5
20:22:21.482,1049626,230.57,245.0,20.0,0.0,14.42,0,5
20:22:21.559,1049726,230.58,245.0,20.0,0.0,14.41,0,5
20:22:21.658,1049826,230.59,245.0,20.0,0.0,14.4,0,5
20:22:21.758,1049926,230.6,245.0,20.0,0.0,14.39,0,5
20:22:21.858,1050026,230.61,245.0,20.0,0.0,14.38,0,5
20:22:21.968,1050126,230.61,245.0,20.0,0.0,14.38,0,5
20:22:22.068,1050226,230.62,245.0,20.0,0.0,14.37,0,5
20:22:22.159,1050326,230.64,245.0,20.0,0.0,14.35,0,5
20:22:22.261,1050426,230.64,245.0,20.0,0.0,14.35,0,5
20:22:22.358,1050526,230.66,245.0,20.0,0.0,14.33,0,5
20:22:22.458,1050626,230.66,245.0,20.0,0.0,14.33,0,5
20:22:22.559,1050726,230.68,245.0,20.0,0.0,14.31,0,5
20:22:22.657,1050826,230.7,245.0,20.0,0.0,14.29,0,5
20:22:22.759,1050926,230.7,245.0,20.0,0.0,14.29,0,5
20:22:22.857,1051026,230.73,245.0,20.0,0.0,14.26,0,5
20:22:22.961,1051126,230.76,245.0,20.0,0.0,14.23,0,5
20:22:23.059,1051226,230.76,245.0,20.0,0.0,14.23,0,5
20:22:23.158,1051326,230.78,245.0,20.0,0.0,14.21,0,5
20:22:23.260,1051426,230.81,245.0,20.0,0.0,14.18,0,5
20:22:23.357,1051526,230.82,245.0,20.0,0.0,14.17,0,5
20:22:23.458,1051626,230.83,245.0,20.0,0.0,14.16,0,5
20:22:23.559,1051726,230.87,245.0,20.0,0.0,14.12,0,5
20:22:23.657,1051826,230.9,245.0,20.0,0.0,14.09,0,5
20:22:23.761,1051926,230.93,245.0,20.0,0.0,14.06,0,5
20:22:23.858,1052026,230.97,245.0,14.0,0.0,14.02,0,4
20:22:23.957,1052126,231.04,245.0,0.0,0.0,13.95,0,4
20:22:24.057,1052226,231.04,245.0,0.0,0.0,13.95,0,4
20:22:24.158,1052326,231.08,245.0,20.0,0.0,13.91,0,5
20:22:24.259,1052426,231.12,245.0,19.0,0.0,13.87,0,5
20:22:24.357,1052526,231.17,245.0,9.0,0.0,13.82,0,4
20:22:24.457,1052626,231.23,245.0,7.0,0.0,13.76,0,4
20:22:24.559,1052726,231.27,245.0,20.0,0.0,13.72,0,5
20:22:24.658,1052826,231.31,245.0,20.0,0.0,13.68,0,5
20:22:24.759,1052926,231.33,245.0,20.0,0.0,13.66,0,5
20:22:24.882,1053026,231.38,245.0,18.0,0.0,13.61,0,5
20:22:24.958,1053126,231.38,245.0,18.0,0.0,13.61,0,5
20:22:25.058,1053226,231.42,245.0,20.0,0.0,13.57,0,5
20:22:25.157,1053326,231.42,245.0,20.0,0.0,13.57,0,5
20:22:25.259,1053426,231.44,245.0,20.0,0.0,13.55,0,5
20:22:25.357,1053526,231.48,245.0,20.0,0.0,13.51,0,5
20:22:25.462,1053626,231.52,245.0,20.0,0.0,13.47,0,5
20:22:25.557,1053726,231.55,245.0,20.0,0.0,13.44,0,5
20:22:25.657,1053826,231.55,245.0,20.0,0.0,13.44,0,5
20:22:25.759,1053926,231.6,245.0,15.0,0.0,13.39,0,5
20:22:25.858,1054026,231.64,245.0,19.0,0.0,13.35,0,5
20:22:25.957,1054126,231.69,245.0,15.0,0.0,13.3,0,5
20:22:26.058,1054226,231.69,245.0,15.0,0.0,13.3,0,5
20:22:26.157,1054326,231.69,245.0,20.0,0.0,13.3,0,5
20:22:26.259,1054426,231.75,245.0,13.0,0.0,13.24,0,4
20:22:26.357,1054526,231.8,245.0,10.0,0.0,13.19,0,4
20:22:26.457,1054626,231.86,245.0,8.0,0.0,13.13,0,4
20:22:26.559,1054726,231.93,245.0,6.0,0.0,13.06,0,4
20:22:26.656,1054826,232.01,245.0,0.0,0.0,12.98,0,4
20:22:26.759,1054926,232.1,245.0,0.0,0.0,12.89,0,4
20:22:26.857,1055026,232.17,245.0,0.0,0.0,12.82,0,4
20:22:26.957,1055126,232.22,245.0,15.0,0.0,12.77,0,5
20:22:27.058,1055226,232.26,245.0,20.0,0.0,12.73,0,5
20:22:27.179,1055326,232.3,245.0,20.0,0.0,12.69,0,5
20:22:27.262,1055426,232.33,245.0,20.0,0.0,12.66,0,5
20:22:27.356,1055526,232.33,245.0,20.0,0.0,12.66,0,5
20:22:27.456,1055626,232.33,245.0,20.0,0.0,12.66,0,5
20:22:27.559,1055726,232.33,245.0,20.0,0.0,12.66,0,5
20:22:27.656,1055826,232.39,245.0,13.0,0.0,12.6,0,4
20:22:27.761,1055926,232.39,245.0,13.0,0.0,12.6,0,4
20:22:27.858,1056026,232.45,245.0,4.0,0.0,12.54,0,4
20:22:27.956,1056126,232.5,245.0,15.0,0.0,12.49,0,5
20:22:28.058,1056226,232.58,245.0,0.0,0.0,12.41,0,4
20:22:28.157,1056326,232.66,245.0,0.0,0.0,12.33,0,4
20:22:28.256,1056426,232.73,245.0,4.0,0.0,12.26,0,4
20:22:28.356,1056526,232.79,245.0,9.0,0.0,12.2,0,4
20:22:28.456,1056626,232.85,245.0,7.0,0.0,12.14,0,4
20:22:28.558,1056726,232.89,245.0,20.0,0.0,12.1,0,5
20:22:28.656,1056826,232.94,245.0,20.0,0.0,12.05,0,5
20:22:28.756,1056926,232.94,245.0,20.0,0.0,12.05,0,5
20:22:28.865,1057026,232.96,245.0,20.0,0.0,12.03,0,5
20:22:28.961,1057126,233.02,245.0,6.0,0.0,11.97,0,4
20:22:29.059,1057226,233.09,245.0,4.0,0.0,11.9,0,4
20:22:29.156,1057326,233.15,245.0,9.0,0.0,11.84,0,4
20:22:29.261,1057426,233.21,245.0,13.0,0.0,11.78,0,4
20:22:29.361,1057526,233.25,245.0,20.0,0.0,11.74,0,5
20:22:29.455,1057626,233.3,245.0,20.0,0.0,11.69,0,5
20:22:29.560,1057726,233.34,245.0,20.0,0.0,11.65,0,5
20:22:29.656,1057826,233.39,245.0,13.0,0.0,11.6,0,4
20:22:29.756,1057926,233.45,245.0,11.0,0.0,11.54,0,4
20:22:29.858,1058026,233.45,245.0,20.0,0.0,11.54,0,5
20:22:29.956,1058126,233.47,245.0,20.0,0.0,11.52,0,5
20:22:30.058,1058226,233.51,245.0,20.0,0.0,11.48,0,5
20:22:30.155,1058326,233.56,245.0,20.0,0.0,11.43,0,5
20:22:30.256,1058426,233.6,245.0,20.0,0.0,11.39,0,5
20:22:30.357,1058526,233.6,245.0,20.0,0.0,11.39,0,5
20:22:30.455,1058626,233.66,245.0,13.0,0.0,11.33,0,4
20:22:30.558,1058726,233.73,245.0,4.0,0.0,11.26,0,4
20:22:30.661,1058826,233.8,245.0,9.0,0.0,11.19,0,4
20:22:30.756,1058926,233.88,245.0,0.0,0.0,11.11,0,4
20:22:30.856,1059026,233.92,245.0,20.0,0.0,11.07,0,5
20:22:30.955,1059126,233.96,245.0,20.0,0.0,11.03,0,5
20:22:31.057,1059226,233.98,245.0,20.0,0.0,11.01,0,5
20:22:31.156,1059326,234.01,245.0,20.0,0.0,10.98,0,5
20:22:31.256,1059426,234.05,245.0,20.0,0.0,10.94,0,5
20:22:31.355,1059526,234.08,245.0,20.0,0.0,10.91,0,5
20:22:31.456,1059626,234.11,245.0,20.0,0.0,10.88,0,5
20:22:31.556,1059726,234.11,245.0,20.0,0.0,10.88,0,5
20:22:31.655,1059826,234.11,245.0,20.0,0.0,10.88,0,5
20:22:31.758,1059926,234.14,245.0,20.0,0.0,10.85,0,5
20:22:31.855,1060026,234.2,245.0,11.0,0.0,10.79,0,4
20:22:31.956,1060126,234.2,245.0,20.0,0.0,10.79,0,5
20:22:32.055,1060226,234.26,245.0,9.0,0.0,10.73,0,4
20:22:32.155,1060326,234.31,245.0,20.0,0.0,10.68,0,5
20:22:32.255,1060426,234.35,245.0,20.0,0.0,10.64,0,5
20:22:32.356,1060526,234.41,245.0,13.0,0.0,10.58,0,4
20:22:32.455,1060626,234.48,245.0,4.0,0.0,10.51,0,4
20:22:32.555,1060726,234.56,245.0,2.0,0.0,10.43,0,4
20:22:32.655,1060826,234.6,245.0,20.0,0.0,10.39,0,5
20:22:32.756,1060926,234.65,245.0,20.0,0.0,10.34,0,5
20:22:32.856,1061026,234.67,245.0,20.0,0.0,10.32,0,5
20:22:32.955,1061126,234.67,245.0,20.0,0.0,10.32,0,5
20:22:33.058,1061226,234.69,245.0,20.0,0.0,10.3,0,5
20:22:33.155,1061326,234.73,245.0,20.0,0.0,10.26,0,5
20:22:33.255,1061426,234.75,245.0,20.0,0.0,10.24,0,5
20:22:33.355,1061526,234.77,245.0,20.0,0.0,10.22,0,5
20:22:33.488,1061626,234.82,245.0,20.0,0.0,10.17,0,5
20:22:33.555,1061726,234.82,245.0,20.0,0.0,10.17,0,5
20:22:33.655,1061826,234.82,245.0,20.0,0.0,10.17,0,5
20:22:33.755,1061926,234.85,245.0,20.0,0.0,10.14,0,5
20:22:33.855,1062026,234.89,245.0,20.0,0.0,10.1,0,5
20:22:33.955,1062126,234.93,245.0,20.0,0.0,10.06,0,5
20:22:34.075,1062226,234.93,245.0,20.0,0.0,10.06,0,5
20:22:34.155,1062326,234.95,245.0,20.0,0.0,10.04,0,5
20:22:34.255,1062426,234.98,245.0,20.0,0.0,10.01,0,5
20:22:34.357,1062526,235.0,245.0,20.0,0.0,9.99,0,5
20:22:34.454,1062626,235.0,245.0,20.0,0.0,9.99,0,5
20:22:34.555,1062726,235.04,245.0,20.0,0.0,9.95,0,5
20:22:34.657,1062826,235.05,245.0,20.0,0.0,9.94,0,5
20:22:34.756,1062926,235.08,245.0,20.0,0.0,9.91,0,5
20:22:34.856,1063026,235.12,245.0,20.0,0.0,9.87,0,5
20:22:34.954,1063126,235.12,245.0,20.0,0.0,9.87,0,5
20:22:35.054,1063226,235.18,245.0,15.0,0.0,9.81,0,5
20:22:35.155,1063326,235.19,245.0,20.0,0.0,9.8,0,5
20:22:35.254,1063426,235.23,245.0,20.0,0.0,9.76,0,5
20:22:35.357,1063526,235.24,245.0,20.0,0.0,9.75,0,5
20:22:35.456,1063626,235.24,245.0,20.0,0.0,9.75,0,5
20:22:35.557,1063726,235.25,245.0,20.0,0.0,9.74,0,5
20:22:35.657,1063826,235.25,245.0,20.0,0.0,9.74,0,5
20:22:35.788,1063926,235.28,245.0,20.0,0.0,9.71,0,5
20:22:35.855,1064026,235.29,245.0,20.0,0.0,9.7,0,5
20:22:35.954,1064126,235.31,245.0,20.0,0.0,9.68,0,5
20:22:36.054,1064226,235.33,245.0,20.0,0.0,9.66,0,5
20:22:36.156,1064326,235.33,245.0,20.0,0.0,9.66,0,5
20:22:36.254,1064426,235.36,245.0,20.0,0.0,9.63,0,5
20:22:36.358,1064526,235.4,245.0,20.0,0.0,9.59,0,5
20:22:36.455,1064626,235.42,245.0,20.0,0.0,9.57,0,5
20:22:36.553,1064726,235.42,245.0,20.0,0.0,9.57,0,5
20:22:36.659,1064826,235.46,245.0,20.0,0.0,9.53,0,5
20:22:36.761,1064926,235.46,245.0,20.0,0.0,9.53,0,5
20:22:36.858,1065026,235.48,245.0,20.0,0.0,9.51,0,5
20:22:36.962,1065126,235.52,245.0,20.0,0.0,9.47,0,5
20:22:37.054,1065226,235.52,245.0,20.0,0.0,9.47,0,5
20:22:37.155,1065326,235.53,245.0,20.0,0.0,9.46,0,5
20:22:37.255,1065426,235.56,245.0,20.0,0.0,9.43,0,5
20:22:37.356,1065526,235.57,245.0,20.0,0.0,9.42,0,5
20:22:37.454,1065626,235.6,245.0,20.0,0.0,9.39,0,5
20:22:37.553,1065726,235.62,245.0,20.0,0.0,9.37,0,5
20:22:37.654,1065826,235.65,245.0,20.0,0.0,9.34,0,5
20:22:37.754,1065926,235.65,245.0,20.0,0.0,9.34,0,5
20:22:37.859,1066026,235.67,245.0,20.0,0.0,9.32,0,5
20:22:37.958,1066126,235.7,245.0,20.0,0.0,9.29,0,5
20:22:38.059,1066226,235.72,245.0,20.0,0.0,9.27,0,5
20:22:38.164,1066326,235.74,245.0,20.0,0.0,9.25,0,5
20:22:38.261,1066426,235.78,245.0,20.0,0.0,9.21,0,5
20:22:38.354,1066526,235.78,245.0,20.0,0.0,9.21,0,5
20:22:38.455,1066626,235.8,245.0,20.0,0.0,9.19,0,5
20:22:38.554,1066726,235.83,245.0,20.0,0.0,9.16,0,5
20:22:38.653,1066826,235.85,245.0,20.0,0.0,9.14,0,5
20:22:38.754,1066926,235.89,245.0,20.0,0.0,9.1,0,5
20:22:38.854,1067026,235.9,245.0,20.0,0.0,9.09,0,5
20:22:38.956,1067126,235.92,245.0,20.0,0.0,9.07,0,5
20:22:39.054,1067226,235.96,245.0,20.0,0.0,9.03,0,5
20:22:39.158,1067326,235.96,245.0,20.0,0.0,9.03,0,5
20:22:39.253,1067426,235.97,245.0,20.0,0.0,9.02,0,5
20:22:39.355,1067526,236.0,245.0,20.0,0.0,8.99,0,5
20:22:39.461,1067626,236.02,245.0,20.0,0.0,8.97,0,5
20:22:39.553,1067726,236.05,245.0,20.0,0.0,8.94,0,5
20:22:39.654,1067826,236.05,245.0,20.0,0.0,8.94,0,5
20:22:39.758,1067926,236.09,245.0,20.0,0.0,8.9,0,5
20:22:39.852,1068026,236.1,245.0,20.0,0.0,8.89,0,5
20:22:39.953,1068126,236.11,245.0,20.0,0.0,8.88,0,5
20:22:40.054,1068226,236.15,245.0,20.0,0.0,8.84,0,5
20:22:40.157,1068326,236.19,245.0,20.0,0.0,8.8,0,5
20:22:40.256,1068426,236.24,245.0,20.0,0.0,8.75,0,5
20:22:40.356,1068526,236.31,245.0,17.0,0.0,8.68,0,5
20:22:40.462,1068626,236.36,245.0,20.0,0.0,8.63,0,5
20:22:40.553,1068726,236.39,245.0,20.0,0.0,8.6,0,5
20:22:40.673,1068826,236.43,245.0,20.0,0.0,8.56,0,5
20:22:40.761,1068926,236.47,245.0,20.0,0.0,8.52,0,5
20:22:40.895,1069026,236.53,245.0,19.0,0.0,8.46,0,5
20:22:40.955,1069126,236.55,245.0,20.0,0.0,8.44,0,5
20:22:41.053,1069226,236.57,245.0,20.0,0.0,8.42,0,5
20:22:41.154,1069326,236.61,245.0,20.0,0.0,8.38,0,5
20:22:41.254,1069426,236.65,245.0,20.0,0.0,8.34,0,5
20:22:41.353,1069526,236.67,245.0,20.0,0.0,8.32,0,5
20:22:41.455,1069626,236.7,245.0,20.0,0.0,8.29,0,5
20:22:41.552,1069726,236.72,245.0,20.0,0.0,8.27,0,5
20:22:41.657,1069826,236.75,245.0,20.0,0.0,8.24,0,5
20:22:41.754,1069926,236.75,245.0,20.0,0.0,8.24,0,5
20:22:41.853,1070026,236.78,245.0,20.0,0.0,8.21,0,5
20:22:41.954,1070126,236.81,245.0,20.0,0.0,8.18,0,5
20:22:42.053,1070226,236.86,245.0,20.0,0.0,8.13,0,5
20:22:42.157,1070326,236.9,245.0,20.0,0.0,8.09,0,5
20:22:42.256,1070426,236.95,245.0,20.0,0.0,8.04,0,5
20:22:42.360,1070526,236.99,245.0,20.0,0.0,8.0,0,5
20:22:42.456,1070626,237.03,245.0,20.0,0.0,7.96,0,5
20:22:42.584,1070726,237.08,245.0,20.0,0.0,7.91,0,5
20:22:42.663,1070826,237.13,245.0,20.0,0.0,7.86,0,5
20:22:42.756,1070926,237.17,245.0,20.0,0.0,7.82,0,5
20:22:42.853,1071026,237.21,245.0,20.0,0.0,7.78,0,5
20:22:42.954,1071126,237.24,245.0,20.0,0.0,7.75,0,5
20:22:43.053,1071226,237.27,245.0,20.0,0.0,7.72,0,5
20:22:43.163,1071326,237.31,245.0,20.0,0.0,7.68,0,5
20:22:43.252,1071426,237.37,245.0,20.0,0.0,7.62,0,5
20:22:43.356,1071526,237.42,245.0,20.0,0.0,7.57,0,5
20:22:43.454,1071626,237.47,245.0,20.0,0.0,7.52,0,5
20:22:43.553,1071726,237.52,245.0,20.0,0.0,7.47,0,5
20:22:43.656,1071826,237.54,245.0,20.0,0.0,7.45,0,5
20:22:43.760,1071926,237.58,245.0,20.0,0.0,7.41,0,5
20:22:43.852,1072026,237.63,245.0,20.0,0.0,7.36,0,5
20:22:43.952,1072126,237.71,245.0,12.0,0.0,7.28,0,4
20:22:44.053,1072226,237.76,245.0,20.0,0.0,7.23,0,5
20:22:44.157,1072326,237.78,245.0,20.0,0.0,7.21,0,5
20:22:44.252,1072426,237.81,245.0,20.0,0.0,7.18,0,5
20:22:44.352,1072526,237.87,245.0,20.0,0.0,7.12,0,5
20:22:44.452,1072626,237.91,245.0,20.0,0.0,7.08,0,5
20:22:44.552,1072726,237.97,245.0,20.0,0.0,7.02,0,5
20:22:44.652,1072826,238.02,245.0,20.0,0.0,6.97,0,5
20:22:44.753,1072926,238.07,245.0,20.0,0.0,6.92,0,5
20:22:44.866,1073026,238.11,245.0,20.0,0.0,6.88,0,5
20:22:44.951,1073126,238.11,245.0,20.0,0.0,6.88,0,5
20:22:45.053,1073226,238.16,245.0,20.0,0.0,6.83,0,5
20:22:45.156,1073326,238.18,245.0,20.0,0.0,6.81,0,5
20:22:45.256,1073426,238.23,245.0,20.0,0.0,6.76,0,5
20:22:45.352,1073526,238.26,245.0,20.0,0.0,6.73,0,5
20:22:45.458,1073626,238.33,245.0,13.0,0.0,6.66,0,4
20:22:45.552,1073726,238.33,245.0,13.0,0.0,6.66,0,4
20:22:45.657,1073826,238.41,245.0,11.0,0.0,6.58,0,4
20:22:45.754,1073926,238.47,245.0,20.0,0.0,6.52,0,5
20:22:45.852,1074026,238.53,245.0,20.0,0.0,6.46,0,5
20:22:45.954,1074126,238.59,245.0,20.0,0.0,6.4,0,5
20:22:46.066,1074226,238.63,245.0,20.0,0.0,6.36,0,5
20:22:46.151,1074326,238.67,245.0,20.0,0.0,6.32,0,5
20:22:46.252,1074426,238.72,245.0,20.0,0.0,6.27,0,5
20:22:46.352,1074526,238.76,245.0,20.0,0.0,6.23,0,5
20:22:46.457,1074626,238.85,245.0,5.0,0.0,6.14,0,4
20:22:46.552,1074726,238.91,245.0,18.0,0.0,6.08,0,5
20:22:46.652,1074826,238.97,245.0,20.0,0.0,6.02,0,5
20:22:46.752,1074926,239.03,245.0,20.0,0.0,5.96,0,5
20:22:46.852,1075026,239.07,245.0,20.0,0.0,5.92,0,5
20:22:46.956,1075126,239.12,245.0,20.0,0.0,5.87,0,5
20:22:47.052,1075226,239.12,245.0,20.0,0.0,5.87,0,5
20:22:47.182,1075326,239.17,245.0,20.0,0.0,5.82,0,5
20:22:47.251,1075426,239.21,245.0,20.0,0.0,5.78,0,5
20:22:47.354,1075526,239.25,245.0,20.0,0.0,5.74,0,5
20:22:47.451,1075626,239.32,245.0,18.0,0.0,5.67,0,5
20:22:47.552,1075726,239.38,245.0,20.0,0.0,5.61,0,5
20:22:47.651,1075826,239.38,245.0,20.0,0.0,5.61,0,5
20:22:47.754,1075926,239.45,245.0,20.0,0.0,5.54,0,5
20:22:47.851,1076026,239.51,245.0,17.0,0.0,5.48,0,5
20:22:47.956,1076126,239.51,245.0,17.0,0.0,5.48,0,5
20:22:48.053,1076226,239.56,245.0,20.0,0.0,5.43,0,5
20:22:48.151,1076326,239.63,245.0,18.0,0.0,5.36,0,5
20:22:48.251,1076426,239.7,245.0,16.0,0.0,5.29,0,5
20:22:48.352,1076526,239.79,245.0,6.0,0.0,5.2,0,4
20:22:48.455,1076626,239.86,245.0,12.0,0.0,5.13,0,4
20:22:48.551,1076726,239.94,245.0,10.0,0.0,5.05,0,4
20:22:48.652,1076827,240.02,245.0,8.0,0.0,4.97,0,4
20:22:48.751,1076926,240.11,245.0,6.0,0.0,4.88,0,4
20:22:48.885,1077026,240.16,245.0,27.0,0.0,4.83,0,5
20:22:48.951,1077126,240.21,245.0,30.0,0.0,4.78,0,5
20:22:49.051,1077226,240.25,245.0,30.0,0.0,4.74,0,5
20:22:49.151,1077326,240.29,245.0,30.0,0.0,4.7,0,5
20:22:49.251,1077426,240.29,245.0,30.0,0.0,4.7,0,5
20:22:49.351,1077526,240.34,245.0,30.0,0.0,4.65,0,5
20:22:49.462,1077626,240.34,245.0,30.0,0.0,4.65,0,5
20:22:49.554,1077726,240.41,245.0,14.0,0.0,4.58,0,4
20:22:49.651,1077826,240.5,245.0,4.0,0.0,4.49,0,4
20:22:49.759,1077926,240.6,245.0,0.0,0.0,4.39,0,4
20:22:49.852,1078026,240.66,245.0,24.0,0.0,4.33,0,5
20:22:49.950,1078126,240.68,245.0,30.0,0.0,4.31,0,5
20:22:50.053,1078226,240.73,245.0,30.0,0.0,4.26,0,5
20:22:50.151,1078326,240.77,245.0,30.0,0.0,4.22,0,5
20:22:50.251,1078426,240.83,245.0,22.0,0.0,4.16,0,5
20:22:50.351,1078526,240.87,245.0,30.0,0.0,4.12,0,5
20:22:50.455,1078626,240.92,245.0,28.0,0.0,4.07,0,5
20:22:50.550,1078726,240.92,245.0,28.0,0.0,4.07,0,5
20:22:50.650,1078826,240.92,245.0,30.0,0.0,4.07,0,5
20:22:50.752,1078926,240.97,245.0,30.0,0.0,4.02,0,5
20:22:50.851,1079026,240.97,245.0,30.0,0.0,4.02,0,5
20:22:50.954,1079126,241.02,245.0,28.0,0.0,3.97,0,5
20:22:51.052,1079226,241.06,245.0,30.0,0.0,3.93,0,5
20:22:51.174,1079326,241.11,245.0,27.0,0.0,3.88,0,5
20:22:51.253,1079426,241.16,245.0,30.0,0.0,3.83,0,5
20:22:51.351,1079526,241.19,245.0,30.0,0.0,3.8,0,5
20:22:51.451,1079626,241.28,245.0,6.0,0.0,3.71,0,4
20:22:51.551,1079726,241.28,245.0,30.0,0.0,3.71,0,5
20:22:51.651,1079826,241.31,245.0,30.0,0.0,3.68,0,5
20:22:51.751,1079926,241.36,245.0,29.0,0.0,3.63,0,5
20:22:51.851,1080026,241.4,245.0,30.0,0.0,3.59,0,5
20:22:51.953,1080126,241.4,245.0,30.0,0.0,3.59,0,5
20:22:52.052,1080226,241.42,245.0,30.0,0.0,3.57,0,5
20:22:52.154,1080326,241.47,245.0,30.0,0.0,3.52,0,5
20:22:52.253,1080426,241.52,245.0,30.0,0.0,3.47,0,5
20:22:52.352,1080526,241.55,245.0,30.0,0.0,3.44,0,5
20:22:52.450,1080626,241.59,245.0,30.0,0.0,3.4,0,5
20:22:52.551,1080726,241.63,245.0,30.0,0.0,3.36,0,5
20:22:52.650,1080826,241.67,245.0,30.0,0.0,3.32,0,5
20:22:52.752,1080926,241.72,245.0,24.0,0.0,3.27,0,5
20:22:52.850,1081026,241.76,245.0,30.0,0.0,3.23,0,5
20:22:52.950,1081126,241.76,245.0,30.0,0.0,3.23,0,5
20:22:53.052,1081226,241.78,245.0,30.0,0.0,3.21,0,5
20:22:53.150,1081326,241.84,245.0,25.0,0.0,3.15,0,5
20:22:53.253,1081426,241.86,245.0,30.0,0.0,3.13,0,5
20:22:53.350,1081526,241.92,245.0,23.0,0.0,3.07,0,5
20:22:53.463,1081626,241.97,245.0,30.0,0.0,3.02,0,5
20:22:53.552,1081726,242.0,245.0,30.0,0.0,2.99,0,5
20:22:53.651,1081826,242.05,245.0,30.0,0.0,2.94,0,5
20:22:53.754,1081926,242.08,245.0,30.0,0.0,2.91,0,5
20:22:53.850,1082026,242.11,245.0,30.0,0.0,2.88,0,5
20:22:53.956,1082126,242.17,245.0,26.0,0.0,2.82,0,5
20:22:54.093,1082226,242.22,245.0,29.0,0.0,2.77,0,5
20:22:54.155,1082326,242.26,245.0,30.0,0.0,2.73,0,5
20:22:54.261,1082426,242.29,245.0,30.0,0.0,2.7,0,5
20:22:54.352,1082526,242.36,245.0,15.0,0.0,2.63,0,5
20:22:54.449,1082626,242.42,245.0,28.0,0.0,2.57,0,5
20:22:54.551,1082726,242.44,245.0,30.0,0.0,2.55,0,5
20:22:54.663,1082826,242.44,245.0,30.0,0.0,2.55,0,5
20:22:54.751,1082926,242.45,245.0,30.0,0.0,2.54,0,5
20:22:54.850,1083026,242.46,245.0,30.0,0.0,2.53,0,5
20:22:54.953,1083126,242.53,245.0,20.0,0.0,2.46,0,5
20:22:55.051,1083226,242.54,245.0,30.0,0.0,2.45,0,5
20:22:55.154,1083326,242.54,245.0,30.0,0.0,2.45,0,5
20:22:55.253,1083426,242.59,245.0,30.0,0.0,2.4,0,5
20:22:55.349,1083526,242.64,245.0,28.0,0.0,2.35,0,5
20:22:55.454,1083626,242.68,245.0,30.0,0.0,2.31,0,5
20:22:55.551,1083726,242.71,245.0,30.0,0.0,2.28,0,5
20:22:55.650,1083826,242.76,245.0,29.0,0.0,2.23,0,5
20:22:55.751,1083926,242.81,245.0,30.0,0.0,2.18,0,5
20:22:55.857,1084026,242.87,245.0,21.0,0.0,2.12,0,5
20:22:55.956,1084126,242.92,245.0,25.0,0.0,2.07,0,5
20:22:56.058,1084226,242.95,245.0,30.0,0.0,2.04,0,5
20:22:56.149,1084326,242.95,245.0,30.0,0.0,2.04,0,5
20:22:56.252,1084426,243.0,245.0,30.0,0.0,1.99,0,5
20:22:56.375,1084526,243.05,245.0,26.0,0.0,1.94,0,5
20:22:56.449,1084626,243.12,245.0,15.0,0.0,1.87,0,5
20:22:56.550,1084726,243.19,245.0,19.0,0.0,1.8,0,5
20:22:56.650,1084826,243.22,245.0,30.0,0.0,1.77,0,5
20:22:56.751,1084926,243.26,245.0,30.0,0.0,1.73,0,5
20:22:56.850,1085026,243.31,245.0,29.0,0.0,1.68,0,5
20:22:56.958,1085126,243.38,245.0,17.0,0.0,1.61,0,5
20:22:57.050,1085226,243.38,245.0,17.0,0.0,1.61,0,5
20:22:57.149,1085326,243.4,245.0,30.0,0.0,1.59,0,5
20:22:57.251,1085426,243.46,245.0,23.0,0.0,1.53,0,5
20:22:57.351,1085526,243.51,245.0,27.0,0.0,1.48,0,5
20:22:57.455,1085626,243.57,245.0,23.0,0.0,1.42,0,5
20:22:57.551,1085726,243.61,245.0,30.0,0.0,1.38,0,5
20:22:57.651,1085826,243.61,245.0,30.0,0.0,1.38,0,5
20:22:57.755,1085926,243.67,245.0,22.0,0.0,1.32,0,5
20:22:57.851,1086026,243.73,245.0,18.0,0.0,1.26,0,5
20:22:57.948,1086126,243.8,245.0,15.0,0.0,1.19,0,5
20:22:58.098,1086226,243.85,245.0,27.0,0.0,1.14,0,5
20:22:58.150,1086326,243.88,245.0,30.0,0.0,1.11,0,5
20:22:58.254,1086426,243.88,245.0,30.0,0.0,1.11,0,5
20:22:58.350,1086526,243.94,245.0,26.0,0.0,1.05,0,5
20:22:58.449,1086626,243.98,245.0,29.0,0.0,1.01,0,5
20:22:58.551,1086726,244.03,245.0,30.0,0.0,0.96,0,5
20:22:58.691,1086826,244.06,245.0,30.0,0.0,0.93,0,5
20:22:58.749,1086926,244.1,245.0,30.0,0.0,0.89,0,5
20:22:58.849,1087026,244.12,245.0,30.0,0.0,0.87,0,5
20:22:58.948,1087126,244.14,245.0,30.0,0.0,0.85,0,5
20:22:59.053,1087226,244.18,245.0,30.0,0.0,0.81,0,5
20:22:59.150,1087326,244.2,245.0,30.0,0.0,0.79,0,5
20:22:59.253,1087426,244.23,245.0,30.0,0.0,0.76,0,5
20:22:59.353,1087526,244.23,245.0,30.0,0.0,0.76,0,5
20:22:59.455,1087626,244.29,245.0,18.0,0.0,0.7,0,5
20:22:59.552,1087726,244.34,245.0,30.0,0.0,0.65,0,5
20:22:59.648,1087826,244.4,245.0,18.0,0.0,0.59,0,5
20:22:59.748,1087926,244.4,245.0,18.0,0.0,0.59,0,5
20:22:59.849,1088026,244.46,245.0,22.0,0.0,0.53,0,5
20:22:59.948,1088126,244.52,245.0,18.0,0.0,0.47,0,5
20:23:00.052,1088226,244.59,245.0,15.0,0.0,0.4,0,5
20:23:00.148,1088326,244.66,245.0,12.0,0.0,0.33,0,4
20:23:00.249,1088426,244.72,245.0,16.0,0.0,0.27,0,5
20:23:00.348,1088526,244.77,245.0,29.0,0.0,0.22,0,5
20:23:00.448,1088626,244.79,245.0,30.0,0.0,0.2,0,5
20:23:00.552,1088726,244.83,245.0,30.0,0.0,0.16,0,5
20:23:00.649,1088826,244.88,245.0,28.0,0.0,0.11,0,5
20:23:00.748,1088926,244.88,245.0,28.0,0.0,0.11,0,5
20:23:00.851,1089026,244.93,245.0,24.0,0.0,0.06,0,5
20:23:00.988,1089126,245.01,245.0,4.0,0.0,0.01,0,4
20:23:01.051,1089226,245.01,245.0,4.0,0.0,0.01,0,4
20:23:01.148,1089326,245.12,245.0,0.0,0.0,0.12,0,4
20:23:01.249,1089426,245.19,245.0,9.0,0.0,0.19,0,4
20:23:01.349,1089526,245.24,245.0,30.0,0.0,0.24,0,5
20:23:01.449,1089626,245.27,245.0,30.0,0.0,0.27,0,5
20:23:01.559,1089726,245.32,245.0,27.0,0.0,0.32,0,5
20:23:01.652,1089826,245.32,245.0,27.0,0.0,0.32,0,5
20:23:01.749,1089926,245.32,245.0,27.0,0.0,0.32,0,5
20:23:01.850,1090026,245.34,245.0,30.0,0.0,0.34,0,5
20:23:01.949,1090126,245.34,245.0,30.0,0.0,0.34,0,5
20:23:02.050,1090226,245.4,245.0,16.0,0.0,0.4,0,5
20:23:02.148,1090326,245.47,245.0,12.0,0.0,0.47,0,4
20:23:02.249,1090426,245.53,245.0,17.0,0.0,0.53,0,5
20:23:02.350,1090526,245.58,245.0,29.0,0.0,0.58,0,5
20:23:02.448,1090626,245.64,245.0,16.0,0.0,0.64,0,5
20:23:02.551,1090726,245.7,245.0,20.0,0.0,0.7,0,5
20:23:02.652,1090826,245.75,245.0,24.0,0.0,0.75,0,5
20:23:02.748,1090926,245.8,245.0,20.0,0.0,0.8,0,5
20:23:02.856,1091026,245.86,245.0,24.0,0.0,0.86,0,5
20:23:02.952,1091126,245.91,245.0,19.0,0.0,0.91,0,5
20:23:03.048,1091226,245.94,245.0,30.0,0.0,0.94,0,5
20:23:03.151,1091326,246.0,245.0,17.0,0.0,-1.0,0,5
20:23:03.253,1091426,246.05,245.0,29.0,0.0,-1.05,0,5
20:23:03.350,1091526,246.11,245.0,16.0,0.0,-1.11,0,5
20:23:03.449,1091626,246.14,245.0,30.0,0.0,-1.14,0,5
20:23:03.551,1091726,246.18,245.0,30.0,0.0,-1.18,0,5
20:23:03.648,1091826,246.23,245.0,25.0,0.0,-1.23,0,5
20:23:03.754,1091926,246.31,245.0,4.0,0.0,-1.31,0,4
20:23:03.853,1092026,246.39,245.0,2.0,0.0,-1.39,0,4
20:23:03.948,1092126,246.45,245.0,15.0,0.0,-1.45,0,5
20:23:04.051,1092226,246.48,245.0,30.0,0.0,-1.48,0,5
20:23:04.147,1092326,246.56,245.0,6.0,0.0,-1.56,0,4
20:23:04.254,1092426,246.61,245.0,19.0,0.0,-1.61,0,5
20:23:04.349,1092526,246.65,245.0,30.0,0.0,-1.65,0,5
20:23:04.456,1092626,246.65,245.0,30.0,0.0,-1.65,0,5
20:23:04.552,1092726,246.7,245.0,25.0,0.0,-1.7,0,5
20:23:04.651,1092826,246.74,245.0,28.0,0.0,-1.74,0,5
20:23:04.752,1092926,246.79,245.0,23.0,0.0,-1.79,0,5
20:23:04.849,1093026,246.83,245.0,27.0,0.0,-1.83,0,5
20:23:04.949,1093126,246.85,245.0,30.0,0.0,-1.85,0,5
20:23:05.052,1093226,246.89,245.0,30.0,0.0,-1.89,0,5
20:23:05.147,1093326,246.95,245.0,17.0,0.0,-1.95,0,5
20:23:05.248,1093426,246.99,245.0,29.0,0.0,-1.99,0,5
20:23:05.349,1093526,247.01,245.0,30.0,0.0,-2.01,0,5
20:23:05.447,1093626,247.05,245.0,30.0,0.0,-2.05,0,5
20:23:05.551,1093726,247.09,245.0,28.0,0.0,-2.09,0,5
20:23:05.648,1093826,247.11,245.0,30.0,0.0,-2.11,0,5
20:23:05.747,1093926,247.17,245.0,16.0,0.0,-2.17,0,5
20:23:05.848,1094026,247.2,245.0,30.0,0.0,-2.2,0,5
20:23:05.948,1094126,247.23,245.0,30.0,0.0,-2.23,0,5
20:23:06.051,1094226,247.26,245.0,30.0,0.0,-2.26,0,5
20:23:06.148,1094326,247.31,245.0,26.0,0.0,-2.31,0,5
20:23:06.246,1094426,247.31,245.0,26.0,0.0,-2.31,0,5
20:23:06.350,1094526,247.31,245.0,26.0,0.0,-2.31,0,5
20:23:06.449,1094626,247.36,245.0,21.0,0.0,-2.36,0,5
20:23:06.549,1094726,247.4,245.0,24.0,0.0,-2.4,0,5
20:23:06.651,1094826,247.4,245.0,30.0,0.0,-2.4,0,5
20:23:06.746,1094926,247.46,245.0,19.0,0.0,-2.46,0,5
20:23:06.849,1095026,247.53,245.0,6.0,0.0,-2.53,0,4
20:23:06.947,1095126,247.61,245.0,0.0,0.0,-2.61,0,4
20:23:07.046,1095226,247.68,245.0,9.0,0.0,-2.68,0,4
20:23:07.148,1095326,247.73,245.0,22.0,0.0,-2.73,0,5
20:23:07.247,1095426,247.78,245.0,17.0,0.0,-2.78,0,5
20:23:07.348,1095526,247.83,245.0,20.0,0.0,-2.83,0,5
20:23:07.448,1095626,247.87,245.0,30.0,0.0,-2.87,0,5
20:23:07.548,1095726,247.91,245.0,26.0,0.0,-2.91,0,5
20:23:07.647,1095826,247.91,245.0,30.0,0.0,-2.91,0,5
20:23:07.746,1095926,247.96,245.0,21.0,0.0,-2.96,0,5
20:23:07.850,1096026,247.99,245.0,30.0,0.0,-2.99,0,5
20:23:07.948,1096126,248.04,245.0,18.0,0.0,-3.04,0,5
20:23:08.051,1096226,248.08,245.0,30.0,0.0,-3.08,0,5
20:23:08.246,1096426,248.12,245.0,24.0,0.0,-3.12,0,5
20:23:08.358,1096526,248.16,245.0,27.0,0.0,-3.16,0,5
20:23:08.447,1096626,248.19,245.0,30.0,0.0,-3.19,0,5
20:23:08.546,1096726,248.22,245.0,30.0,0.0,-3.22,0,5
20:23:08.650,1096826,248.26,245.0,25.0,0.0,-3.26,0,5
20:23:08.746,1096926,248.29,245.0,30.0,0.0,-3.29,0,5
20:23:08.850,1097026,248.31,245.0,30.0,0.0,-3.31,0,5
20:23:08.947,1097126,248.34,245.0,30.0,0.0,-3.34,0,5
20:23:09.046,1097226,248.37,245.0,30.0,0.0,-3.37,0,5
20:23:09.148,1097326,248.37,245.0,30.0,0.0,-3.37,0,5
20:23:09.252,1097426,248.44,245.0,2.0,0.0,-3.44,0,4
20:23:09.346,1097526,248.5,245.0,15.0,0.0,-3.5,0,5
20:23:09.448,1097626,248.5,245.0,15.0,0.0,-3.5,0,5
20:23:09.546,1097726,248.55,245.0,19.0,0.0,-3.55,0,5
20:23:09.648,1097826,248.59,245.0,22.0,0.0,-3.59,0,5
20:23:09.754,1097926,248.59,245.0,30.0,0.0,-3.59,0,5
20:23:09.850,1098026,248.63,245.0,25.0,0.0,-3.63,0,5
20:23:09.946,1098126,248.67,245.0,28.0,0.0,-3.67,0,5
20:23:10.065,1098226,248.72,245.0,14.0,0.0,-3.72,0,4
20:23:10.145,1098326,248.76,245.0,26.0,0.0,-3.76,0,5
20:23:10.251,1098426,248.79,245.0,30.0,0.0,-3.79,0,5
20:23:10.352,1098526,248.82,245.0,30.0,0.0,-3.82,0,5
20:23:10.446,1098626,248.85,245.0,30.0,0.0,-3.85,0,5
20:23:10.550,1098726,248.91,245.0,9.0,0.0,-3.91,0,4
20:23:10.652,1098826,248.95,245.0,21.0,0.0,-3.95,0,5
20:23:10.748,1098926,248.97,245.0,30.0,0.0,-3.97,0,5
20:23:10.848,1099026,248.98,245.0,30.0,0.0,-3.98,0,5
20:23:10.948,1099126,249.01,245.0,30.0,0.0,-4.01,0,5
20:23:11.046,1099226,249.02,245.0,30.0,0.0,-4.02,0,5
20:23:11.149,1099326,249.04,245.0,30.0,0.0,-4.04,0,5
20:23:11.245,1099426,249.05,245.0,30.0,0.0,-4.05,0,5
20:23:11.345,1099526,249.1,245.0,23.0,0.0,-4.1,0,5
20:23:11.448,1099626,249.1,245.0,30.0,0.0,-4.1,0,5
20:23:11.547,1099726,249.14,245.0,17.0,0.0,-4.14,0,5
20:23:11.645,1099826,249.2,245.0,12.0,0.0,-4.2,0,4
20:23:11.780,1099926,249.2,245.0,30.0,0.0,-4.2,0,5
20:23:11.845,1100026,249.24,245.0,24.0,0.0,-4.24,0,5
20:23:11.946,1100126,249.28,245.0,18.0,0.0,-4.28,0,5
20:23:12.051,1100226,249.34,245.0,13.0,0.0,-4.34,0,4
20:23:12.150,1100326,249.41,245.0,0.0,0.0,-4.41,0,4
20:23:12.244,1100426,249.43,245.0,30.0,0.0,-4.43,0,5
20:23:12.365,1100526,249.48,245.0,14.0,0.0,-4.48,0,4
20:23:12.448,1100626,249.55,245.0,1.0,0.0,-4.55,0,4
20:23:12.545,1100726,249.62,245.0,0.0,0.0,-4.62,0,4
20:23:12.647,1100826,249.7,245.0,0.0,0.0,-4.7,0,4
20:23:12.746,1100926,249.78,245.0,0.0,0.0,-4.78,0,4
20:23:12.849,1101026,249.78,245.0,30.0,0.0,-4.78,0,5
20:23:12.948,1101126,249.83,245.0,12.0,0.0,-4.83,0,4
20:23:13.051,1101226,249.88,245.0,16.0,0.0,-4.88,0,5
20:23:13.155,1101326,249.93,245.0,10.0,0.0,-4.93,0,4
20:23:13.245,1101426,249.98,245.0,14.0,0.0,-4.98,0,4
20:23:13.345,1101526,250.04,245.0,9.0,0.0,-5.04,0,4
20:23:13.447,1101626,250.1,245.0,4.0,0.0,-5.1,0,4
20:23:13.554,1101726,250.16,245.0,8.0,0.0,-5.16,0,4
20:23:13.651,1101826,250.23,245.0,0.0,0.0,-5.23,0,4
20:23:13.753,1101926,250.25,245.0,30.0,0.0,-5.25,0,5
20:23:13.845,1102026,250.31,245.0,10.0,0.0,-5.31,0,4
20:23:13.952,1102126,250.35,245.0,14.0,0.0,-5.35,0,4
20:23:14.070,1102226,250.4,245.0,17.0,0.0,-5.4,0,5
20:23:14.154,1102326,250.41,245.0,30.0,0.0,-5.41,0,5
20:23:14.248,1102426,250.4,245.0,30.0,0.0,-5.4,0,5
20:23:14.345,1102526,250.4,245.0,30.0,0.0,-5.4,0,5
20:23:14.447,1102626,250.43,245.0,28.0,0.0,-5.43,0,5
20:23:14.545,1102726,250.42,245.0,30.0,0.0,-5.42,0,5
20:23:14.648,1102826,250.43,245.0,30.0,0.0,-5.43,0,5
20:23:14.745,1102926,250.45,245.0,30.0,0.0,-5.45,0,5
20:23:14.844,1103026,250.5,245.0,14.0,0.0,-5.5,0,4
20:23:14.946,1103126,250.55,245.0,9.0,0.0,-5.55,0,4
20:23:15.046,1103226,250.58,245.0,30.0,0.0,-5.58,0,5
20:23:15.147,1103326,250.61,245.0,23.0,0.0,-5.61,0,5
20:23:15.245,1103426,250.64,245.0,25.0,0.0,-5.64,0,5
20:23:15.350,1103526,250.67,245.0,27.0,0.0,-5.67,0,5
20:23:15.447,1103626,250.68,245.0,30.0,0.0,-5.68,0,5
20:23:15.544,1103726,250.69,245.0,30.0,0.0,-5.69,0,5
20:23:15.644,1103826,250.72,245.0,21.0,0.0,-5.72,0,5
20:23:15.800,1103926,250.73,245.0,30.0,0.0,-5.73,0,5
20:23:15.844,1104026,250.76,245.0,24.0,0.0,-5.76,0,5
20:23:15.954,1104126,250.76,245.0,30.0,0.0,-5.76,0,5
20:23:16.045,1104226,250.79,245.0,26.0,0.0,-5.79,0,5
20:23:16.143,1104326,250.82,245.0,19.0,0.0,-5.82,0,5
20:23:16.245,1104426,250.82,245.0,30.0,0.0,-5.82,0,5
20:23:16.344,1104526,250.84,245.0,30.0,0.0,-5.84,0,5
20:23:16.448,1104626,250.84,245.0,30.0,0.0,-5.84,0,5
20:23:16.546,1104726,250.85,245.0,30.0,0.0,-5.85,0,5
20:23:16.644,1104826,250.84,245.0,30.0,0.0,-5.84,0,5
20:23:16.749,1104926,250.86,245.0,30.0,0.0,-5.86,0,5
20:23:16.845,1105026,250.89,245.0,24.0,0.0,-5.89,0,5
20:23:16.949,1105126,250.89,245.0,30.0,0.0,-5.89,0,5
20:23:17.044,1105226,250.89,245.0,30.0,0.0,-5.89,0,5
20:23:17.144,1105326,250.93,245.0,17.0,0.0,-5.93,0,5
20:23:17.246,1105426,250.98,245.0,11.0,0.0,-5.98,0,4
20:23:17.348,1105526,251.0,245.0,30.0,0.0,-6.0,0,5
20:23:17.446,1105626,251.01,245.0,30.0,0.0,-6.01,0,5
20:23:17.548,1105726,251.01,245.0,30.0,0.0,-6.01,0,5
20:23:17.644,1105826,251.02,245.0,30.0,0.0,-6.02,0,5
20:23:17.747,1105926,250.99,245.0,30.0,0.0,-5.99,0,5
20:23:17.844,1106026,251.0,245.0,30.0,0.0,-6.0,0,5
20:23:17.946,1106126,250.95,245.0,30.0,0.0,-5.95,0,5
20:23:18.044,1106226,250.98,245.0,20.0,0.0,-5.98,0,5
20:23:18.144,1106326,250.98,245.0,20.0,0.0,-5.98,0,5
20:23:18.245,1106426,250.98,245.0,30.0,0.0,-5.98,0,5
20:23:18.344,1106526,250.99,245.0,30.0,0.0,-5.99,0,5
20:23:18.445,1106626,251.02,245.0,23.0,0.0,-6.02,0,5
20:23:18.545,1106726,251.02,245.0,23.0,0.0,-6.02,0,5
20:23:18.648,1106826,251.06,245.0,16.0,0.0,-6.06,0,5
20:23:18.744,1106926,251.07,245.0,30.0,0.0,-6.07,0,5
20:23:18.844,1107026,251.08,245.0,30.0,0.0,-6.08,0,5
20:23:18.948,1107126,251.09,245.0,30.0,0.0,-6.09,0,5
20:23:19.044,1107226,251.07,245.0,30.0,0.0,-6.07,0,5
20:23:19.144,1107326,251.1,245.0,19.0,0.0,-6.1,0,5
20:23:19.255,1107426,251.09,245.0,30.0,0.0,-6.09,0,5
20:23:19.343,1107526,251.11,245.0,29.0,0.0,-6.11,0,5
20:23:19.443,1107626,251.13,245.0,30.0,0.0,-6.13,0,5
20:23:19.544,1107726,251.13,245.0,30.0,0.0,-6.13,0,5
20:23:19.643,1107826,251.12,245.0,30.0,0.0,-6.12,0,5
20:23:19.746,1107926,251.12,245.0,30.0,0.0,-6.12,0,5
20:23:19.843,1108026,251.13,245.0,30.0,0.0,-6.13,0,5
20:23:19.943,1108126,251.15,245.0,22.0,0.0,-6.15,0,5
20:23:20.049,1108226,251.17,245.0,30.0,0.0,-6.17,0,5
20:23:20.143,1108326,251.17,245.0,30.0,0.0,-6.17,0,5
20:23:20.245,1108426,251.16,245.0,30.0,0.0,-6.16,0,5
20:23:20.345,1108526,251.2,245.0,16.0,0.0,-6.2,0,5
20:23:20.443,1108626,251.23,245.0,18.0,0.0,-6.23,0,5
20:23:20.544,1108726,251.26,245.0,20.0,0.0,-6.26,0,5
20:23:20.643,1108826,251.29,245.0,22.0,0.0,-6.29,0,5
20:23:20.746,1108926,251.31,245.0,24.0,0.0,-6.31,0,5
20:23:20.845,1109026,251.32,245.0,30.0,0.0,-6.32,0,5
20:23:20.963,1109126,251.33,245.0,30.0,0.0,-6.33,0,5
20:23:21.046,1109226,251.34,245.0,30.0,0.0,-6.34,0,5
20:23:21.143,1109326,251.32,245.0,30.0,0.0,-6.32,0,5
20:23:21.246,1109426,251.35,245.0,17.0,0.0,-6.35,0,5
20:23:21.343,1109526,251.35,245.0,30.0,0.0,-6.35,0,5
20:23:21.445,1109626,251.4,245.0,11.0,0.0,-6.4,0,4
20:23:21.544,1109726,251.43,245.0,13.0,0.0,-6.43,0,4
20:23:21.643,1109826,251.48,245.0,7.0,0.0,-6.48,0,4
20:23:21.743,1109926,251.51,245.0,19.0,0.0,-6.51,0,5
20:23:21.843,1110026,251.5,245.0,30.0,0.0,-6.5,0,5
20:23:21.947,1110126,251.48,245.0,30.0,0.0,-6.48,0,5
20:23:22.044,1110226,251.47,245.0,30.0,0.0,-6.47,0,5
20:23:22.143,1110326,251.5,245.0,18.0,0.0,-6.5,0,5
20:23:22.243,1110426,251.5,245.0,30.0,0.0,-6.5,0,5
20:23:22.343,1110526,251.51,245.0,28.0,0.0,-6.51,0,5
20:23:22.446,1110626,251.53,245.0,29.0,0.0,-6.53,0,5
20:23:22.544,1110726,251.51,245.0,30.0,0.0,-6.51,0,5
20:23:22.669,1110826,251.51,245.0,30.0,0.0,-6.51,0,5
20:23:22.744,1110926,251.51,245.0,30.0,0.0,-6.51,0,5
20:23:22.843,1111026,251.54,245.0,20.0,0.0,-6.54,0,5
20:23:22.943,1111126,251.58,245.0,13.0,0.0,-6.58,0,4
20:23:23.045,1111226,251.61,245.0,15.0,0.0,-6.61,0,5
20:23:23.143,1111326,251.6,245.0,30.0,0.0,-6.6,0,5
20:23:23.248,1111426,251.63,245.0,17.0,0.0,-6.63,0,5
20:23:23.343,1111526,251.63,245.0,17.0,0.0,-6.63,0,5
20:23:23.442,1111626,251.67,245.0,10.0,0.0,-6.67,0,4
20:23:23.543,1111726,251.7,245.0,13.0,0.0,-6.7,0,4
20:23:23.643,1111826,251.73,245.0,15.0,0.0,-6.73,0,5
20:23:23.745,1111926,251.73,245.0,15.0,0.0,-6.73,0,5
20:23:23.845,1112026,251.74,245.0,30.0,0.0,-6.74,0,5
20:23:23.942,1112126,251.74,245.0,30.0,0.0,-6.74,0,5
20:23:24.044,1112226,251.76,245.0,26.0,0.0,-6.76,0,5
20:23:24.142,1112326,251.79,245.0,9.0,0.0,-6.79,0,4
20:23:24.244,1112426,251.82,245.0,21.0,0.0,-6.82,0,5
20:23:24.342,1112526,251.82,245.0,30.0,0.0,-6.82,0,5
20:23:24.442,1112626,251.84,245.0,22.0,0.0,-6.84,0,5
20:23:24.543,1112726,251.85,245.0,23.0,0.0,-6.85,0,5
20:23:24.642,1112826,251.85,245.0,30.0,0.0,-6.85,0,5
20:23:24.744,1112926,251.85,245.0,30.0,0.0,-6.85,0,5
20:23:24.842,1113026,251.88,245.0,15.0,0.0,-6.88,0,5
20:23:24.943,1113126,251.92,245.0,8.0,0.0,-6.92,0,4
20:23:25.043,1113226,251.95,245.0,11.0,0.0,-6.95,0,4
20:23:25.142,1113326,252.01,245.0,0.0,0.0,-7.01,0,4
20:23:25.245,1113426,252.07,245.0,0.0,0.0,-7.07,0,4
20:23:25.342,1113526,252.12,245.0,4.0,0.0,-7.12,0,4
20:23:25.442,1113626,252.16,245.0,7.0,0.0,-7.16,0,4
20:23:25.556,1113726,252.17,245.0,27.0,0.0,-7.17,0,5
20:23:25.648,1113826,252.18,245.0,27.0,0.0,-7.18,0,5
20:23:25.744,1113926,252.17,245.0,30.0,0.0,-7.17,0,5
20:23:25.842,1114026,252.17,245.0,30.0,0.0,-7.17,0,5
20:23:25.942,1114126,252.19,245.0,19.0,0.0,-7.19,0,5
20:23:26.044,1114226,252.19,245.0,30.0,0.0,-7.19,0,5
20:23:26.142,1114326,252.23,245.0,2.0,0.0,-7.23,0,4
20:23:26.245,1114426,252.26,245.0,14.0,0.0,-7.26,0,4
20:23:26.341,1114526,252.29,245.0,16.0,0.0,-7.29,0,5
20:23:26.442,1114626,252.35,245.0,0.0,0.0,-7.35,0,4
20:23:26.543,1114726,252.38,245.0,12.0,0.0,-7.38,0,4
20:23:26.642,1114826,252.43,245.0,0.0,0.0,-7.43,0,4
20:23:26.745,1114926,252.45,245.0,18.0,0.0,-7.45,0,5
20:23:26.842,1115026,252.49,245.0,2.0,0.0,-7.49,0,4
20:23:26.942,1115126,252.55,245.0,0.0,0.0,-7.55,0,4
20:23:27.042,1115226,252.58,245.0,8.0,0.0,-7.58,0,4
20:23:27.141,1115326,252.58,245.0,8.0,0.0,-7.58,0,4
20:23:27.246,1115426,252.61,245.0,10.0,0.0,-7.61,0,4
20:23:27.346,1115526,252.65,245.0,3.0,0.0,-7.65,0,4
20:23:27.441,1115626,252.68,245.0,15.0,0.0,-7.68,0,5
20:23:27.542,1115726,252.68,245.0,25.0,0.0,-7.68,0,5
20:23:27.642,1115826,252.68,245.0,30.0,0.0,-7.68,0,5
20:23:27.741,1115926,252.71,245.0,8.0,0.0,-7.71,0,4
20:23:27.841,1116026,252.74,245.0,10.0,0.0,-7.74,0,4
20:23:27.941,1116126,252.78,245.0,3.0,0.0,-7.78,0,4
20:23:28.044,1116226,252.79,245.0,23.0,0.0,-7.79,0,5
20:23:28.142,1116326,252.79,245.0,30.0,0.0,-7.79,0,5
20:23:28.244,1116426,252.8,245.0,24.0,0.0,-7.8,0,5
20:23:28.342,1116526,252.85,245.0,0.0,0.0,-7.85,0,4
20:23:28.441,1116626,252.85,245.0,27.0,0.0,-7.85,0,5
20:23:28.542,1116726,252.86,245.0,27.0,0.0,-7.86,0,5
20:23:28.641,1116826,252.88,245.0,10.0,0.0,-7.88,0,4
20:23:28.744,1116926,252.92,245.0,3.0,0.0,-7.92,0,4
20:23:28.842,1117026,252.93,245.0,23.0,0.0,-7.93,0,5
20:23:28.948,1117126,252.97,245.0,6.0,0.0,-7.97,0,4
20:23:29.041,1117226,253.01,245.0,0.0,0.0,-8.01,0,4
20:23:29.141,1117326,253.05,245.0,2.0,0.0,-8.05,0,4
20:23:29.241,1117426,253.05,245.0,29.0,0.0,-8.05,0,5
20:23:29.341,1117526,253.06,245.0,22.0,0.0,-8.06,0,5
20:23:29.441,1117626,253.02,245.0,30.0,0.0,-8.02,0,5
20:23:29.546,1117726,253.03,245.0,20.0,0.0,-8.03,0,5
20:23:29.643,1117826,253.03,245.0,20.0,0.0,-8.03,0,5
20:23:29.741,1117926,253.05,245.0,12.0,0.0,-8.05,0,4
20:23:29.843,1118026,253.07,245.0,13.0,0.0,-8.07,0,4
20:23:29.941,1118126,253.07,245.0,13.0,0.0,-8.07,0,4
20:23:30.042,1118226,253.09,245.0,14.0,0.0,-8.09,0,4
20:23:30.141,1118326,253.1,245.0,25.0,0.0,-8.1,0,5
20:23:30.240,1118426,253.09,245.0,30.0,0.0,-8.09,0,5
20:23:30.342,1118526,253.11,245.0,15.0,0.0,-8.11,0,5
20:23:30.441,1118626,253.07,245.0,30.0,0.0,-8.07,0,5
20:23:30.546,1118726,253.06,245.0,30.0,0.0,-8.06,0,5
20:23:30.642,1118826,253.05,245.0,30.0,0.0,-8.05,0,5
20:23:30.740,1118926,253.04,245.0,30.0,0.0,-8.04,0,5
20:23:30.841,1119026,253.04,245.0,27.0,0.0,-8.04,0,5
20:23:30.941,1119126,253.03,245.0,28.0,0.0,-8.03,0,5
20:23:31.043,1119226,253.03,245.0,28.0,0.0,-8.03,0,5
20:23:31.141,1119326,253.02,245.0,30.0,0.0,-8.02,0,5
20:23:31.343,1119526,253.01,245.0,30.0,0.0,-8.01,0,5
20:23:31.442,1119626,252.99,245.0,30.0,0.0,-7.99,0,5
20:23:31.540,1119726,252.98,245.0,30.0,0.0,-7.98,0,5
20:23:31.641,1119826,253.0,245.0,15.0,0.0,-8.0,0,5
20:23:31.741,1119926,253.0,245.0,15.0,0.0,-8.0,0,5
20:23:31.844,1120026,252.99,245.0,30.0,0.0,-7.99,0,5
20:23:31.945,1120126,252.99,245.0,24.0,0.0,-7.99,0,5
20:23:32.042,1120226,252.98,245.0,30.0,0.0,-7.98,0,5
20:23:32.141,1120326,252.98,245.0,24.0,0.0,-7.98,0,5
20:23:32.240,1120426,252.98,245.0,30.0,0.0,-7.98,0,5
20:23:32.341,1120526,252.99,245.0,14.0,0.0,-7.99,0,4
20:23:32.439,1120626,252.99,245.0,14.0,0.0,-7.99,0,4
20:23:32.541,1120726,252.97,245.0,30.0,0.0,-7.97,0,5
20:23:32.640,1120826,252.97,245.0,22.0,0.0,-7.97,0,5
20:23:32.740,1120926,252.97,245.0,25.0,0.0,-7.97,0,5
20:23:32.842,1121026,252.97,245.0,30.0,0.0,-7.97,0,5
20:23:32.939,1121126,252.93,245.0,30.0,0.0,-7.93,0,5
20:23:33.039,1121226,252.93,245.0,30.0,0.0,-7.93,0,5
20:23:33.141,1121326,252.9,245.0,30.0,0.0,-7.9,0,5
20:23:33.240,1121426,252.9,245.0,30.0,0.0,-7.9,0,5
20:23:33.341,1121526,252.88,245.0,30.0,0.0,-7.88,0,5
20:23:33.442,1121626,252.85,245.0,30.0,0.0,-7.85,0,5
20:23:33.544,1121726,252.82,245.0,30.0,0.0,-7.82,0,5
20:23:33.640,1121826,252.83,245.0,20.0,0.0,-7.83,0,5
20:23:33.739,1121926,252.8,245.0,30.0,0.0,-7.8,0,5
20:23:33.840,1122026,252.8,245.0,30.0,0.0,-7.8,0,5
20:23:33.940,1122126,252.78,245.0,30.0,0.0,-7.78,0,5
20:23:34.040,1122226,252.79,245.0,17.0,0.0,-7.79,0,5
20:23:34.150,1122326,252.79,245.0,26.0,0.0,-7.79,0,5
20:23:34.240,1122426,252.76,245.0,30.0,0.0,-7.76,0,5
20:23:34.341,1122526,252.76,245.0,30.0,0.0,-7.76,0,5
20:23:34.440,1122626,252.74,245.0,30.0,0.0,-7.74,0,5
20:23:34.543,1122726,252.74,245.0,22.0,0.0,-7.74,0,5
20:23:34.640,1122826,252.69,245.0,30.0,0.0,-7.69,0,5
20:23:34.740,1122926,252.69,245.0,28.0,0.0,-7.69,0,5
20:23:34.842,1123026,252.69,245.0,24.0,0.0,-7.69,0,5
20:23:34.941,1123126,252.67,245.0,30.0,0.0,-7.67,0,5
20:23:35.042,1123226,252.65,245.0,30.0,0.0,-7.65,0,5
20:23:35.140,1123326,252.65,245.0,25.0,0.0,-7.65,0,5
20:23:35.240,1123426,252.66,245.0,16.0,0.0,-7.66,0,5
20:23:35.341,1123526,252.65,245.0,30.0,0.0,-7.65,0,5
20:23:35.440,1123626,252.62,245.0,30.0,0.0,-7.62,0,5
20:23:35.539,1123726,252.59,245.0,30.0,0.0,-7.59,0,5
20:23:35.640,1123826,252.58,245.0,28.0,0.0,-7.58,0,5
20:23:35.739,1123926,252.52,245.0,30.0,0.0,-7.52,0,5
20:23:35.891,1124026,252.49,245.0,30.0,0.0,-7.49,0,5
20:23:35.939,1124126,252.49,245.0,21.0,0.0,-7.49,0,5
20:23:36.045,1124226,252.48,245.0,30.0,0.0,-7.48,0,5
20:23:36.139,1124326,252.47,245.0,29.0,0.0,-7.47,0,5
20:23:36.238,1124426,252.45,245.0,30.0,0.0,-7.45,0,5
20:23:36.339,1124526,252.45,245.0,30.0,0.0,-7.45,0,5
20:23:36.462,1124626,252.42,245.0,30.0,0.0,-7.42,0,5
20:23:36.543,1124726,252.39,245.0,30.0,0.0,-7.39,0,5
20:23:36.643,1124826,252.43,245.0,0.0,0.0,-7.43,0,4
20:23:36.739,1124926,252.43,245.0,0.0,0.0,-7.43,0,4
20:23:36.839,1125026,252.49,245.0,0.0,0.0,-7.49,0,4
20:23:36.939,1125126,252.5,245.0,11.0,0.0,-7.5,0,4
20:23:37.040,1125226,252.55,245.0,0.0,0.0,-7.55,0,4
20:23:37.141,1125326,252.56,245.0,16.0,0.0,-7.56,0,5
20:23:37.240,1125426,252.56,245.0,25.0,0.0,-7.56,0,5
20:23:37.340,1125526,252.58,245.0,7.0,0.0,-7.58,0,4
20:23:37.439,1125626,252.61,245.0,0.0,0.0,-7.61,0,4
20:23:37.542,1125726,252.65,245.0,0.0,0.0,-7.65,0,4
20:23:37.646,1125826,252.65,245.0,0.0,0.0,-7.65,0,4
20:23:37.744,1125926,252.69,245.0,0.0,0.0,-7.69,0,4
20:23:37.839,1126026,252.72,245.0,0.0,0.0,-7.72,0,4
20:23:37.940,1126126,252.72,245.0,17.0,0.0,-7.72,0,5
20:23:38.039,1126226,252.73,245.0,18.0,0.0,-7.73,0,5
20:23:38.161,1126326,252.69,245.0,30.0,0.0,-7.69,0,5
20:23:38.245,1126426,252.69,245.0,24.0,0.0,-7.69,0,5
20:23:38.344,1126526,252.71,245.0,6.0,0.0,-7.71,0,4
20:23:38.442,1126626,252.71,245.0,16.0,0.0,-7.71,0,5
20:23:38.539,1126726,252.72,245.0,16.0,0.0,-7.72,0,5
20:23:38.639,1126826,252.72,245.0,17.0,0.0,-7.72,0,5
20:23:38.741,1126926,252.72,245.0,17.0,0.0,-7.72,0,5
20:23:38.839,1127026,252.72,245.0,17.0,0.0,-7.72,0,5
20:23:38.942,1127126,252.73,245.0,17.0,0.0,-7.73,0,5
20:23:39.039,1127226,252.73,245.0,17.0,0.0,-7.73,0,5
20:23:39.140,1127326,252.74,245.0,17.0,0.0,-7.74,0,5
20:23:39.243,1127426,252.74,245.0,17.0,0.0,-7.74,0,5
20:23:39.338,1127526,252.78,245.0,0.0,0.0,-7.78,0,4
20:23:39.438,1127626,252.79,245.0,11.0,0.0,-7.79,0,4
20:23:39.538,1127726,252.79,245.0,11.0,0.0,-7.79,0,4
20:23:39.642,1127826,252.83,245.0,0.0,0.0,-7.83,0,4
20:23:39.741,1127926,252.84,245.0,5.0,0.0,-7.84,0,4
20:23:39.864,1128026,252.84,245.0,5.0,0.0,-7.84,0,4
20:23:39.943,1128126,252.89,245.0,0.0,0.0,-7.89,0,4
20:23:40.038,1128226,252.93,245.0,0.0,0.0,-7.93,0,4
20:23:40.142,1128326,252.93,245.0,12.0,0.0,-7.93,0,4
20:23:40.237,1128426,252.97,245.0,0.0,0.0,-7.97,0,4
20:23:40.343,1128526,253.05,245.0,0.0,0.0,-8.05,0,4
20:23:40.440,1128626,253.08,245.0,0.0,0.0,-8.08,0,4
20:23:40.538,1128726,253.09,245.0,13.0,0.0,-8.09,0,4
20:23:40.638,1128826,253.16,245.0,0.0,0.0,-8.16,0,4
20:23:40.739,1128926,253.19,245.0,0.0,0.0,-8.19,0,4
20:23:40.838,1129026,253.19,245.0,0.0,0.0,-8.19,0,4
20:23:40.942,1129126,253.19,245.0,0.0,0.0,-8.19,0,4
20:23:41.038,1129226,253.2,245.0,12.0,0.0,-8.2,0,4
20:23:41.141,1129326,253.21,245.0,12.0,0.0,-8.21,0,4
20:23:41.240,1129426,253.23,245.0,4.0,0.0,-8.23,0,4
20:23:41.338,1129526,253.26,245.0,0.0,0.0,-8.26,0,4
20:23:41.439,1129626,253.26,245.0,16.0,0.0,-8.26,0,5
20:23:41.560,1129726,253.26,245.0,16.0,0.0,-8.26,0,5
20:23:41.641,1129826,253.25,245.0,24.0,0.0,-8.25,0,5
20:23:41.740,1129926,253.26,245.0,6.0,0.0,-8.26,0,4
20:23:41.838,1130026,253.29,245.0,0.0,0.0,-8.29,0,4
20:23:41.937,1130126,253.3,245.0,8.0,0.0,-8.3,0,4
20:23:42.039,1130226,253.32,245.0,0.0,0.0,-8.32,0,4
20:23:42.142,1130326,253.35,245.0,0.0,0.0,-8.35,0,4
20:23:42.246,1130426,253.35,245.0,15.0,0.0,-8.35,0,5
20:23:42.338,1130526,253.37,245.0,3.0,0.0,-8.37,0,4
20:23:42.441,1130626,253.38,245.0,4.0,0.0,-8.38,0,4
20:23:42.537,1130726,253.41,245.0,0.0,0.0,-8.41,0,4
20:23:42.637,1130826,253.41,245.0,0.0,0.0,-8.41,0,4
20:23:42.738,1130926,253.45,245.0,0.0,0.0,-8.45,0,4
20:23:42.838,1131026,253.47,245.0,0.0,0.0,-8.47,0,4
20:23:42.940,1131126,253.47,245.0,0.0,0.0,-8.47,0,4
20:23:43.040,1131226,253.47,245.0,11.0,0.0,-8.47,0,4
20:23:43.139,1131326,253.53,245.0,0.0,0.0,-8.53,0,4
20:23:43.241,1131426,253.53,245.0,15.0,0.0,-8.53,0,5
20:23:43.337,1131526,253.53,245.0,15.0,0.0,-8.53,0,5
20:23:43.439,1131626,253.54,245.0,5.0,0.0,-8.54,0,4
20:23:43.538,1131726,253.54,245.0,15.0,0.0,-8.54,0,5
20:23:43.638,1131826,253.51,245.0,30.0,0.0,-8.51,0,5
20:23:43.738,1131926,253.51,245.0,30.0,0.0,-8.51,0,5
20:23:43.843,1132026,253.47,245.0,30.0,0.0,-8.47,0,5
20:23:43.939,1132126,253.45,245.0,28.0,0.0,-8.45,0,5
20:23:44.037,1132226,253.46,245.0,9.0,0.0,-8.46,0,4
20:23:44.137,1132326,253.48,245.0,0.0,0.0,-8.48,0,4
20:23:44.239,1132426,253.5,245.0,1.0,0.0,-8.5,0,4
20:23:44.338,1132526,253.5,245.0,13.0,0.0,-8.5,0,4
20:23:44.448,1132626,253.51,245.0,2.0,0.0,-8.51,0,4
20:23:44.537,1132726,253.5,245.0,21.0,0.0,-8.5,0,5
20:23:44.637,1132826,253.48,245.0,29.0,0.0,-8.48,0,5
20:23:44.739,1132926,253.48,245.0,29.0,0.0,-8.48,0,5
20:23:44.839,1133026,253.48,245.0,9.0,0.0,-8.48,0,4
20:23:44.959,1133126,253.5,245.0,1.0,0.0,-8.5,0,4
20:23:45.037,1133226,253.5,245.0,1.0,0.0,-8.5,0,4
20:23:45.136,1133326,253.54,245.0,0.0,0.0,-8.54,0,4
20:23:45.237,1133426,253.52,245.0,22.0,0.0,-8.52,0,5
20:23:45.342,1133526,253.58,245.0,0.0,0.0,-8.58,0,4
20:23:45.437,1133626,253.6,245.0,0.0,0.0,-8.6,0,4
20:23:45.558,1133726,253.6,245.0,8.0,0.0,-8.6,0,4
20:23:45.637,1133826,253.59,245.0,17.0,0.0,-8.59,0,5
20:23:45.739,1133926,253.61,245.0,0.0,0.0,-8.61,0,4
20:23:45.837,1134026,253.64,245.0,0.0,0.0,-8.64,0,4
20:23:45.937,1134126,253.64,245.0,10.0,0.0,-8.64,0,4
20:23:46.041,1134226,253.64,245.0,10.0,0.0,-8.64,0,4
20:23:46.141,1134326,253.63,245.0,19.0,0.0,-8.63,0,5
20:23:46.239,1134426,253.58,245.0,30.0,0.0,-8.58,0,5
20:23:46.337,1134526,253.58,245.0,10.0,0.0,-8.58,0,4
20:23:46.439,1134626,253.56,245.0,23.0,0.0,-8.56,0,5
20:23:46.537,1134726,253.51,245.0,30.0,0.0,-8.51,0,5
20:23:46.637,1134826,253.45,245.0,30.0,0.0,-8.45,0,5
20:23:46.746,1134926,253.44,245.0,14.0,0.0,-8.44,0,4
20:23:46.836,1135026,253.44,245.0,14.0,0.0,-8.44,0,4
20:23:46.939,1135126,253.44,245.0,13.0,0.0,-8.44,0,4
20:23:47.037,1135226,253.44,245.0,13.0,0.0,-8.44,0,4
20:23:47.136,1135326,253.37,245.0,30.0,0.0,-8.37,0,5
20:23:47.244,1135426,253.35,245.0,26.0,0.0,-8.35,0,5
20:23:47.336,1135526,253.33,245.0,24.0,0.0,-8.33,0,5
20:23:47.438,1135626,253.33,245.0,10.0,0.0,-8.33,0,4
20:23:47.536,1135726,253.32,245.0,14.0,0.0,-8.32,0,4
20:23:47.635,1135826,253.3,245.0,22.0,0.0,-8.3,0,5
20:23:47.738,1135926,253.26,245.0,30.0,0.0,-8.26,0,5
20:23:47.853,1136026,253.26,245.0,9.0,0.0,-8.26,0,4
20:23:47.937,1136126,253.25,245.0,18.0,0.0,-8.25,0,5
20:23:48.036,1136226,253.18,245.0,30.0,0.0,-8.18,0,5
20:23:48.136,1136326,253.11,245.0,30.0,0.0,-8.11,0,5
20:23:48.237,1136426,253.05,245.0,30.0,0.0,-8.05,0,5
20:23:48.337,1136526,253.05,245.0,9.0,0.0,-8.05,0,4
20:23:48.441,1136626,253.03,245.0,20.0,0.0,-8.03,0,5
20:23:48.539,1136726,252.97,245.0,30.0,0.0,-7.97,0,5
20:23:48.643,1136826,252.91,245.0,30.0,0.0,-7.91,0,5
20:23:48.742,1136926,252.86,245.0,30.0,0.0,-7.86,0,5
20:23:48.837,1137026,252.8,245.0,30.0,0.0,-7.8,0,5
20:23:48.937,1137126,252.76,245.0,30.0,0.0,-7.76,0,5
20:23:49.037,1137226,252.76,245.0,30.0,0.0,-7.76,0,5
20:23:49.139,1137326,252.71,245.0,30.0,0.0,-7.71,0,5
20:23:49.238,1137426,252.64,245.0,30.0,0.0,-7.64,0,5
20:23:49.336,1137526,252.58,245.0,30.0,0.0,-7.58,0,5
20:23:49.441,1137626,252.53,245.0,30.0,0.0,-7.53,0,5
20:23:49.556,1137726,252.48,245.0,30.0,0.0,-7.48,0,5
20:23:49.637,1137826,252.44,245.0,30.0,0.0,-7.44,0,5
20:23:49.739,1137926,252.39,245.0,30.0,0.0,-7.39,0,5
20:23:49.836,1138026,252.34,245.0,30.0,0.0,-7.34,0,5
20:23:49.940,1138126,252.3,245.0,30.0,0.0,-7.3,0,5
20:23:50.037,1138226,252.3,245.0,30.0,0.0,-7.3,0,5
20:23:50.138,1138326,252.23,245.0,30.0,0.0,-7.23,0,5
20:23:50.241,1138426,252.19,245.0,30.0,0.0,-7.19,0,5
20:23:50.335,1138526,252.15,245.0,30.0,0.0,-7.15,0,5
20:23:50.442,1138626,252.15,245.0,30.0,0.0,-7.15,0,5
20:23:50.538,1138726,252.15,245.0,30.0,0.0,-7.15,0,5
20:23:50.635,1138826,252.15,245.0,30.0,0.0,-7.15,0,5
20:23:50.735,1138926,252.08,245.0,30.0,0.0,-7.08,0,5
20:23:50.837,1139026,251.97,245.0,30.0,0.0,-6.97,0,5
20:23:50.936,1139126,251.9,245.0,30.0,0.0,-6.9,0,5
20:23:51.036,1139226,251.81,245.0,30.0,0.0,-6.81,0,5
20:23:51.136,1139326,251.73,245.0,30.0,0.0,-6.73,0,5
20:23:51.259,1139426,251.69,245.0,30.0,0.0,-6.69,0,5
20:23:51.336,1139526,251.62,245.0,30.0,0.0,-6.62,0,5
20:23:51.437,1139626,251.57,245.0,30.0,0.0,-6.57,0,5
20:23:51.536,1139726,251.57,245.0,30.0,0.0,-6.57,0,5
20:23:51.635,1139826,251.57,245.0,30.0,0.0,-6.57,0,5
20:23:51.738,1139926,251.5,245.0,30.0,0.0,-6.5,0,5
20:23:51.838,1140026,251.43,245.0,30.0,0.0,-6.43,0,5
20:23:51.935,1140126,251.36,245.0,30.0,0.0,-6.36,0,5
20:23:52.037,1140226,251.3,245.0,30.0,0.0,-6.3,0,5
20:23:52.135,1140326,251.3,245.0,30.0,0.0,-6.3,0,5
20:23:52.241,1140426,251.23,245.0,30.0,0.0,-6.23,0,5
20:23:52.336,1140526,251.17,245.0,30.0,0.0,-6.17,0,5
20:23:52.435,1140626,251.12,245.0,30.0,0.0,-6.12,0,5
20:23:52.535,1140726,251.09,245.0,30.0,0.0,-6.09,0,5
20:23:52.635,1140826,251.05,245.0,30.0,0.0,-6.05,0,5
20:23:52.737,1140926,250.97,245.0,30.0,0.0,-5.97,0,5
20:23:52.836,1141026,250.93,245.0,30.0,0.0,-5.93,0,5
20:23:52.969,1141126,250.93,245.0,30.0,0.0,-5.93,0,5
20:23:53.035,1141226,250.89,245.0,30.0,0.0,-5.89,0,5
20:23:53.141,1141326,250.81,245.0,30.0,0.0,-5.81,0,5
20:23:53.236,1141426,250.76,245.0,30.0,0.0,-5.76,0,5
20:23:53.335,1141526,250.76,245.0,9.0,0.0,-5.76,0,4
20:23:53.435,1141626,250.74,245.0,23.0,0.0,-5.74,0,5
20:23:53.545,1141726,250.7,245.0,30.0,0.0,-5.7,0,5
20:23:53.636,1141826,250.7,245.0,30.0,0.0,-5.7,0,5
20:23:53.739,1141926,250.7,245.0,30.0,0.0,-5.7,0,5
20:23:53.838,1142026,250.65,245.0,30.0,0.0,-5.65,0,5
20:23:53.945,1142126,250.62,245.0,30.0,0.0,-5.62,0,5
20:23:54.039,1142226,250.57,245.0,30.0,0.0,-5.57,0,5
20:23:54.150,1142326,250.54,245.0,30.0,0.0,-5.54,0,5
20:23:54.247,1142426,250.5,245.0,30.0,0.0,-5.5,0,5
20:23:54.337,1142526,250.44,245.0,30.0,0.0,-5.44,0,5
20:23:54.438,1142626,250.39,245.0,30.0,0.0,-5.39,0,5
20:23:54.536,1142726,250.36,245.0,30.0,0.0,-5.36,0,5
20:23:54.639,1142826,250.32,245.0,30.0,0.0,-5.32,0,5
20:23:54.741,1142926,250.31,245.0,18.0,0.0,-5.31,0,5
20:23:54.835,1143026,250.31,245.0,18.0,0.0,-5.31,0,5
20:23:54.935,1143126,250.27,245.0,30.0,0.0,-5.27,0,5
20:23:55.036,1143226,250.25,245.0,23.0,0.0,-5.25,0,5
20:23:55.135,1143326,250.22,245.0,30.0,0.0,-5.22,0,5
20:23:55.238,1143426,250.2,245.0,19.0,0.0,-5.2,0,5
20:23:55.339,1143526,250.18,245.0,26.0,0.0,-5.18,0,5
20:23:55.437,1143626,250.14,245.0,30.0,0.0,-5.14,0,5
20:23:55.535,1143726,250.08,245.0,30.0,0.0,-5.08,0,5
20:23:55.639,1143826,250.07,245.0,18.0,0.0,-5.07,0,5
20:23:55.737,1143926,250.03,245.0,30.0,0.0,-5.03,0,5
20:23:55.896,1144026,250.05,245.0,0.0,0.0,-5.05,0,4
20:23:55.934,1144126,250.07,245.0,0.0,0.0,-5.07,0,4
20:23:56.035,1144226,250.06,245.0,17.0,0.0,-5.06,0,5
20:23:56.140,1144326,250.01,245.0,30.0,0.0,-5.01,0,5
20:23:56.237,1144426,250.02,245.0,4.0,0.0,-5.02,0,4
20:23:56.334,1144526,250.03,245.0,0.0,0.0,-5.03,0,4
20:23:56.473,1144626,250.04,245.0,5.0,0.0,-5.04,0,4
20:23:56.536,1144726,250.04,245.0,7.0,0.0,-5.04,0,4
20:23:56.635,1144826,250.03,245.0,14.0,0.0,-5.03,0,4
20:23:56.736,1144926,250.03,245.0,5.0,0.0,-5.03,0,4
20:23:56.835,1145026,250.03,245.0,5.0,0.0,-5.03,0,4
20:23:56.935,1145126,250.03,245.0,7.0,0.0,-5.03,0,4
20:23:57.058,1145226,250.03,245.0,7.0,0.0,-5.03,0,4
20:23:57.138,1145326,250.06,245.0,0.0,0.0,-5.06,0,4
20:23:57.237,1145426,250.07,245.0,0.0,0.0,-5.07,0,4
20:23:57.336,1145526,250.1,245.0,0.0,0.0,-5.1,0,4
20:23:57.435,1145626,250.1,245.0,1.0,0.0,-5.1,0,4
20:23:57.537,1145726,250.12,245.0,0.0,0.0,-5.12,0,4
20:23:57.738,1145926,250.15,245.0,0.0,0.0,-5.15,0,4
20:23:57.834,1146026,250.17,245.0,0.0,0.0,-5.17,0,4
20:23:57.935,1146126,250.16,245.0,14.0,0.0,-5.16,0,4
20:23:58.036,1146226,250.19,245.0,0.0,0.0,-5.19,0,4
20:23:58.136,1146326,250.18,245.0,6.0,0.0,-5.18,0,4
20:23:58.236,1146426,250.23,245.0,0.0,0.0,-5.23,0,4
20:23:58.440,1146626,250.24,245.0,1.0,0.0,-5.24,0,4
20:23:58.542,1146726,250.22,245.0,18.0,0.0,-5.22,0,5
20:23:58.641,1146826,250.19,245.0,25.0,0.0,-5.19,0,5
20:23:58.806,1146926,250.18,245.0,15.0,0.0,-5.18,0,5
20:23:58.833,1147026,250.18,245.0,5.0,0.0,-5.18,0,4
20:23:58.946,1147126,250.19,245.0,0.0,0.0,-5.19,0,4
20:23:59.036,1147226,250.19,245.0,6.0,0.0,-5.19,0,4
20:23:59.135,1147326,250.19,245.0,6.0,0.0,-5.19,0,4
20:23:59.238,1147426,250.21,245.0,0.0,0.0,-5.21,0,4
20:23:59.335,1147526,250.24,245.0,0.0,0.0,-5.24,0,4
20:23:59.433,1147626,250.27,245.0,0.0,0.0,-5.27,0,4
20:23:59.538,1147726,250.28,245.0,0.0,0.0,-5.28,0,4
20:23:59.632,1147826,250.32,245.0,0.0,0.0,-5.32,0,4
20:23:59.733,1147926,250.37,245.0,0.0,0.0,-5.37,0,4
20:23:59.834,1148026,250.4,245.0,0.0,0.0,-5.4,0,4
20:23:59.939,1148126,250.4,245.0,2.0,0.0,-5.4,0,4
20:24:00.036,1148226,250.4,245.0,3.0,0.0,-5.4,0,4
20:24:00.139,1148326,250.4,245.0,3.0,0.0,-5.4,0,4
20:24:00.234,1148426,250.45,245.0,0.0,0.0,-5.45,0,4
20:24:00.333,1148526,250.44,245.0,15.0,0.0,-5.44,0,5
20:24:00.434,1148626,250.42,245.0,13.0,0.0,-5.42,0,4
20:24:00.536,1148726,250.42,245.0,13.0,0.0,-5.42,0,4
20:24:00.634,1148826,250.44,245.0,0.0,0.0,-5.44,0,4
20:24:00.734,1148926,250.48,245.0,0.0,0.0,-5.48,0,4
20:24:00.833,1149026,250.48,245.0,0.0,0.0,-5.48,0,4
20:24:00.935,1149126,250.51,245.0,0.0,0.0,-5.51,0,4
20:24:01.048,1149226,250.53,245.0,0.0,0.0,-5.53,0,4
20:24:01.137,1149326,250.53,245.0,0.0,0.0,-5.53,0,4
20:24:01.238,1149426,250.53,245.0,2.0,0.0,-5.53,0,4
20:24:01.333,1149526,250.51,245.0,19.0,0.0,-5.51,0,5
20:24:01.439,1149626,250.48,245.0,26.0,0.0,-5.48,0,5
20:24:01.533,1149726,250.48,245.0,26.0,0.0,-5.48,0,5
20:24:01.635,1149826,250.51,245.0,0.0,0.0,-5.51,0,4
20:24:01.733,1149926,250.52,245.0,0.0,0.0,-5.52,0,4
20:24:01.833,1150026,250.52,245.0,0.0,0.0,-5.52,0,4
20:24:01.933,1150126,250.54,245.0,0.0,0.0,-5.54,0,4
20:24:02.039,1150226,250.53,245.0,11.0,0.0,-5.53,0,4
20:24:02.136,1150326,250.55,245.0,0.0,0.0,-5.55,0,4
20:24:02.233,1150426,250.58,245.0,0.0,0.0,-5.58,0,4
20:24:02.333,1150526,250.57,245.0,5.0,0.0,-5.57,0,4
20:24:02.439,1150626,250.57,245.0,4.0,0.0,-5.57,0,4
20:24:02.533,1150726,250.6,245.0,0.0,0.0,-5.6,0,4
20:24:02.633,1150826,250.6,245.0,6.0,0.0,-5.6,0,4
20:24:02.733,1150926,250.56,245.0,30.0,0.0,-5.56,0,5
20:24:02.832,1151026,250.56,245.0,2.0,0.0,-5.56,0,4
20:24:02.933,1151126,250.54,245.0,11.0,0.0,-5.54,0,4
20:24:03.036,1151226,250.52,245.0,19.0,0.0,-5.52,0,5
20:24:03.134,1151326,250.46,245.0,30.0,0.0,-5.46,0,5
20:24:03.237,1151426,250.45,245.0,13.0,0.0,-5.45,0,4
20:24:03.344,1151526,250.44,245.0,3.0,0.0,-5.44,0,4
20:24:03.437,1151626,250.45,245.0,0.0,0.0,-5.45,0,4
20:24:03.533,1151726,250.44,245.0,12.0,0.0,-5.44,0,4
20:24:03.632,1151826,250.45,245.0,0.0,0.0,-5.45,0,4
20:24:03.732,1151926,250.43,245.0,12.0,0.0,-5.43,0,4
20:24:03.831,1152026,250.41,245.0,19.0,0.0,-5.41,0,5
20:24:03.942,1152126,250.34,245.0,30.0,0.0,-5.34,0,5
20:24:04.034,1152226,250.3,245.0,29.0,0.0,-5.3,0,5
20:24:04.134,1152326,250.24,245.0,30.0,0.0,-5.24,0,5
20:24:04.232,1152426,250.22,245.0,14.0,0.0,-5.22,0,4
20:24:04.335,1152526,250.18,245.0,30.0,0.0,-5.18,0,5
20:24:04.432,1152626,250.18,245.0,30.0,0.0,-5.18,0,5
20:24:04.532,1152726,250.15,245.0,27.0,0.0,-5.15,0,5
20:24:04.636,1152826,250.13,245.0,16.0,0.0,-5.13,0,5
20:24:04.737,1152926,250.07,245.0,30.0,0.0,-5.07,0,5
20:24:04.836,1153026,250.01,245.0,30.0,0.0,-5.01,0,5
20:24:04.931,1153126,249.97,245.0,30.0,0.0,-4.97,0,5
20:24:05.059,1153226,249.95,245.0,12.0,0.0,-4.95,0,4
20:24:05.133,1153326,249.93,245.0,19.0,0.0,-4.93,0,5
20:24:05.231,1153426,249.88,245.0,30.0,0.0,-4.88,0,5
20:24:05.335,1153526,249.83,245.0,30.0,0.0,-4.83,0,5
20:24:05.434,1153626,249.78,245.0,30.0,0.0,-4.78,0,5
20:24:05.539,1153726,249.72,245.0,30.0,0.0,-4.72,0,5
20:24:05.639,1153826,249.67,245.0,30.0,0.0,-4.67,0,5
20:24:05.732,1153926,249.67,245.0,30.0,0.0,-4.67,0,5
20:24:05.834,1154026,249.59,245.0,30.0,0.0,-4.59,0,5
20:24:05.931,1154126,249.52,245.0,30.0,0.0,-4.52,0,5
20:24:06.032,1154226,249.46,245.0,30.0,0.0,-4.46,0,5
20:24:06.134,1154326,249.36,245.0,30.0,0.0,-4.36,0,5
20:24:06.232,1154426,249.29,245.0,30.0,0.0,-4.29,0,5
20:24:06.336,1154526,249.22,245.0,30.0,0.0,-4.22,0,5
20:24:06.433,1154626,249.16,245.0,30.0,0.0,-4.16,0,5
20:24:06.535,1154726,249.08,245.0,30.0,0.0,-4.08,0,5
20:24:06.632,1154826,249.01,245.0,30.0,0.0,-4.01,0,5
20:24:06.779,1154926,248.96,245.0,30.0,0.0,-3.96,0,5
20:24:06.836,1155026,248.89,245.0,30.0,0.0,-3.89,0,5
20:24:06.948,1155126,248.85,245.0,28.0,0.0,-3.85,0,5
20:24:07.045,1155226,248.77,245.0,30.0,0.0,-3.77,0,5
20:24:07.143,1155326,248.73,245.0,28.0,0.0,-3.73,0,5
20:24:07.238,1155426,248.65,245.0,30.0,0.0,-3.65,0,5
20:24:07.338,1155526,248.65,245.0,30.0,0.0,-3.65,0,5
20:24:07.431,1155626,248.57,245.0,30.0,0.0,-3.57,0,5
20:24:07.534,1155726,248.52,245.0,30.0,0.0,-3.52,0,5
20:24:07.633,1155826,248.46,245.0,30.0,0.0,-3.46,0,5
20:24:07.731,1155926,248.41,245.0,30.0,0.0,-3.41,0,5
20:24:07.833,1156026,248.32,245.0,30.0,0.0,-3.32,0,5
20:24:07.933,1156126,248.25,245.0,30.0,0.0,-3.25,0,5
20:24:08.031,1156226,248.22,245.0,25.0,0.0,-3.22,0,5
20:24:08.133,1156326,248.14,245.0,30.0,0.0,-3.14,0,5
20:24:08.234,1156426,248.05,245.0,30.0,0.0,-3.05,0,5
20:24:08.334,1156526,248.0,245.0,30.0,0.0,-3.0,0,5
20:24:08.465,1156626,247.96,245.0,30.0,0.0,-2.96,0,5
20:24:08.532,1156726,247.9,245.0,30.0,0.0,-2.9,0,5
20:24:08.633,1156826,247.82,245.0,30.0,0.0,-2.82,0,5
20:24:08.732,1156926,247.78,245.0,30.0,0.0,-2.78,0,5
20:24:08.835,1157026,247.73,245.0,30.0,0.0,-2.73,0,5
20:24:08.932,1157126,247.67,245.0,30.0,0.0,-2.67,0,5
20:24:09.032,1157226,247.65,245.0,17.0,0.0,-2.65,0,5
20:24:09.133,1157326,247.59,245.0,30.0,0.0,-2.59,0,5
20:24:09.232,1157426,247.55,245.0,28.0,0.0,-2.55,0,5
20:24:09.331,1157526,247.5,245.0,30.0,0.0,-2.5,0,5
20:24:09.432,1157626,247.41,245.0,30.0,0.0,-2.41,0,5
20:24:09.532,1157726,247.35,245.0,30.0,0.0,-2.35,0,5
20:24:09.634,1157826,247.29,245.0,30.0,0.0,-2.29,0,5
20:24:09.738,1157926,247.25,245.0,30.0,0.0,-2.25,0,5
20:24:09.835,1158026,247.2,245.0,30.0,0.0,-2.2,0,5
20:24:09.931,1158126,247.18,245.0,17.0,0.0,-2.18,0,5
20:24:10.031,1158226,247.18,245.0,8.0,0.0,-2.18,0,4
20:24:10.167,1158326,247.17,245.0,8.0,0.0,-2.17,0,4
20:24:10.231,1158426,247.17,245.0,7.0,0.0,-2.17,0,4
20:24:10.331,1158526,247.17,245.0,0.0,0.0,-2.17,0,4
20:24:10.431,1158626,247.19,245.0,0.0,0.0,-2.19,0,4
20:24:10.530,1158726,247.19,245.0,3.0,0.0,-2.19,0,4
20:24:10.633,1158826,247.19,245.0,3.0,0.0,-2.19,0,4
20:24:10.740,1158926,247.19,245.0,3.0,0.0,-2.19,0,4
20:24:10.834,1159026,247.17,245.0,16.0,0.0,-2.17,0,5
20:24:10.933,1159126,247.14,245.0,23.0,0.0,-2.14,0,5
20:24:11.036,1159226,247.11,245.0,29.0,0.0,-2.11,0,5
20:24:11.132,1159326,247.04,245.0,30.0,0.0,-2.04,0,5
20:24:11.239,1159426,247.01,245.0,22.0,0.0,-2.01,0,5
20:24:11.335,1159526,247.01,245.0,22.0,0.0,-2.01,0,5
20:24:11.433,1159626,246.97,245.0,30.0,0.0,-1.97,0,5
20:24:11.537,1159726,246.91,245.0,30.0,0.0,-1.91,0,5
20:24:11.634,1159826,246.91,245.0,5.0,0.0,-1.91,0,4
20:24:11.730,1159926,246.88,245.0,21.0,0.0,-1.88,0,5
20:24:11.834,1160026,246.85,245.0,27.0,0.0,-1.85,0,5
20:24:11.930,1160126,246.83,245.0,17.0,0.0,-1.83,0,5
20:24:12.033,1160226,246.83,245.0,3.0,0.0,-1.83,0,4
20:24:12.130,1160326,246.83,245.0,3.0,0.0,-1.83,0,4
20:24:12.233,1160426,246.83,245.0,3.0,0.0,-1.83,0,4
20:24:12.335,1160526,246.81,245.0,15.0,0.0,-1.81,0,5
20:24:12.448,1160626,246.79,245.0,22.0,0.0,-1.79,0,5
20:24:12.530,1160726,246.76,245.0,20.0,0.0,-1.76,0,5
20:24:12.633,1160826,246.76,245.0,3.0,0.0,-1.76,0,4
20:24:12.735,1160926,246.74,245.0,19.0,0.0,-1.74,0,5
20:24:12.834,1161026,246.73,245.0,9.0,0.0,-1.73,0,4
20:24:12.931,1161126,246.74,245.0,1.0,0.0,-1.74,0,4
20:24:13.030,1161226,246.74,245.0,1.0,0.0,-1.74,0,4
20:24:13.131,1161326,246.74,245.0,1.0,0.0,-1.74,0,4
20:24:13.232,1161426,246.74,245.0,9.0,0.0,-1.74,0,4
20:24:13.333,1161526,246.72,245.0,17.0,0.0,-1.72,0,5
20:24:13.430,1161626,246.72,245.0,17.0,0.0,-1.72,0,5
20:24:13.530,1161726,246.72,245.0,17.0,0.0,-1.72,0,5
20:24:13.635,1161826,246.67,245.0,30.0,0.0,-1.67,0,5
20:24:13.730,1161926,246.64,245.0,20.0,0.0,-1.64,0,5
20:24:13.830,1162026,246.6,245.0,30.0,0.0,-1.6,0,5
20:24:13.933,1162126,246.57,245.0,23.0,0.0,-1.57,0,5
20:24:14.030,1162226,246.57,245.0,5.0,0.0,-1.57,0,4
20:24:14.146,1162326,246.55,245.0,13.0,0.0,-1.55,0,4
20:24:14.232,1162426,246.55,245.0,13.0,0.0,-1.55,0,4
20:24:14.330,1162526,246.56,245.0,0.0,0.0,-1.56,0,4
20:24:14.431,1162626,246.55,245.0,13.0,0.0,-1.55,0,4
20:24:14.530,1162726,246.53,245.0,20.0,0.0,-1.53,0,5
20:24:14.641,1162826,246.52,245.0,10.0,0.0,-1.52,0,4
20:24:14.737,1162926,246.52,245.0,10.0,0.0,-1.52,0,4
20:24:14.835,1163026,246.54,245.0,0.0,0.0,-1.54,0,4
20:24:14.931,1163126,246.56,245.0,0.0,0.0,-1.56,0,4
20:24:15.034,1163226,246.56,245.0,3.0,0.0,-1.56,0,4
20:24:15.133,1163326,246.57,245.0,0.0,0.0,-1.57,0,4
20:24:15.231,1163426,246.56,245.0,5.0,0.0,-1.56,0,4
20:24:15.329,1163526,246.57,245.0,0.0,0.0,-1.57,0,4
20:24:15.432,1163626,246.57,245.0,0.0,0.0,-1.57,0,4
20:24:15.529,1163726,246.58,245.0,0.0,0.0,-1.58,0,4
20:24:15.629,1163826,246.58,245.0,6.0,0.0,-1.58,0,4
20:24:15.731,1163926,246.59,245.0,0.0,0.0,-1.59,0,4
20:24:15.829,1164026,246.61,245.0,0.0,0.0,-1.61,0,4
20:24:15.932,1164126,246.62,245.0,0.0,0.0,-1.62,0,4
20:24:16.029,1164226,246.61,245.0,8.0,0.0,-1.61,0,4
20:24:16.139,1164326,246.63,245.0,0.0,0.0,-1.63,0,4
20:24:16.231,1164426,246.62,245.0,9.0,0.0,-1.62,0,4
20:24:16.336,1164526,246.62,245.0,9.0,0.0,-1.62,0,4
20:24:16.430,1164626,246.63,245.0,0.0,0.0,-1.63,0,4
20:24:16.531,1164726,246.63,245.0,0.0,0.0,-1.63,0,4
20:24:16.635,1164826,246.63,245.0,1.0,0.0,-1.63,0,4
20:24:16.729,1164926,246.63,245.0,1.0,0.0,-1.63,0,4
20:24:16.834,1165026,246.64,245.0,1.0,0.0,-1.64,0,4
20:24:16.931,1165126,246.64,245.0,1.0,0.0,-1.64,0,4
20:24:17.030,1165226,246.63,245.0,9.0,0.0,-1.63,0,4
20:24:17.129,1165326,246.61,245.0,16.0,0.0,-1.61,0,5
20:24:17.231,1165426,246.57,245.0,30.0,0.0,-1.57,0,5
20:24:17.329,1165526,246.57,245.0,30.0,0.0,-1.57,0,5
20:24:17.436,1165626,246.54,245.0,20.0,0.0,-1.54,0,5
20:24:17.535,1165726,246.52,245.0,19.0,0.0,-1.52,0,5
20:24:17.635,1165826,246.52,245.0,19.0,0.0,-1.52,0,5
20:24:17.736,1165926,246.49,245.0,25.0,0.0,-1.49,0,5
20:24:17.829,1166026,246.49,245.0,0.0,0.0,-1.49,0,4
20:24:17.933,1166126,246.52,245.0,0.0,0.0,-1.52,0,4
20:24:18.030,1166226,246.54,245.0,0.0,0.0,-1.54,0,4
20:24:18.129,1166326,246.53,245.0,10.0,0.0,-1.53,0,4
20:24:18.229,1166426,246.56,245.0,0.0,0.0,-1.56,0,4
20:24:18.329,1166526,246.55,245.0,12.0,0.0,-1.55,0,4
20:24:18.439,1166626,246.55,245.0,12.0,0.0,-1.55,0,4
20:24:18.533,1166726,246.56,245.0,0.0,0.0,-1.56,0,4
20:24:18.633,1166826,246.56,245.0,4.0,0.0,-1.56,0,4
20:24:18.731,1166926,246.53,245.0,19.0,0.0,-1.53,0,5
20:24:18.828,1167026,246.52,245.0,10.0,0.0,-1.52,0,4
20:24:18.931,1167126,246.52,245.0,3.0,0.0,-1.52,0,4
20:24:19.029,1167226,246.56,245.0,0.0,0.0,-1.56,0,4
20:24:19.129,1167326,246.56,245.0,3.0,0.0,-1.56,0,4
20:24:19.233,1167426,246.57,245.0,0.0,0.0,-1.57,0,4
20:24:19.333,1167526,246.56,245.0,12.0,0.0,-1.56,0,4
20:24:19.428,1167626,246.55,245.0,3.0,0.0,-1.55,0,4
20:24:19.531,1167726,246.55,245.0,3.0,0.0,-1.55,0,4
20:24:19.628,1167826,246.55,245.0,3.0,0.0,-1.55,0,4
20:24:19.728,1167926,246.55,245.0,3.0,0.0,-1.55,0,4
20:24:19.829,1168026,246.54,245.0,11.0,0.0,-1.54,0,4
20:24:19.945,1168126,246.56,245.0,0.0,0.0,-1.56,0,4
20:24:20.036,1168226,246.58,245.0,0.0,0.0,-1.58,0,4
20:24:20.128,1168326,246.58,245.0,5.0,0.0,-1.58,0,4
20:24:20.228,1168426,246.53,245.0,30.0,0.0,-1.53,0,5
20:24:20.328,1168526,246.49,245.0,30.0,0.0,-1.49,0,5
20:24:20.428,1168626,246.43,245.0,30.0,0.0,-1.43,0,5
20:24:20.533,1168726,246.39,245.0,26.0,0.0,-1.39,0,5
20:24:20.629,1168826,246.37,245.0,15.0,0.0,-1.37,0,5
20:24:20.731,1168926,246.33,245.0,30.0,0.0,-1.33,0,5
20:24:20.830,1169026,246.3,245.0,27.0,0.0,-1.3,0,5
20:24:20.929,1169126,246.25,245.0,30.0,0.0,-1.25,0,5
20:24:21.028,1169226,246.25,245.0,6.0,0.0,-1.25,0,4
20:24:21.141,1169326,246.23,245.0,14.0,0.0,-1.23,0,4
20:24:21.243,1169426,246.22,245.0,13.0,0.0,-1.22,0,4
20:24:21.328,1169526,246.18,245.0,27.0,0.0,-1.18,0,5
20:24:21.427,1169626,246.13,245.0,30.0,0.0,-1.13,0,5
20:24:21.528,1169726,246.08,245.0,30.0,0.0,-1.08,0,5
20:24:21.632,1169826,246.04,245.0,30.0,0.0,-1.04,0,5
20:24:21.732,1169926,246.01,245.0,23.0,0.0,-1.01,0,5
20:24:21.830,1170026,245.98,245.0,21.0,0.0,0.98,0,5
20:24:21.928,1170126,245.94,245.0,30.0,0.0,0.94,0,5
20:24:22.027,1170226,245.86,245.0,30.0,0.0,0.86,0,5
20:24:22.142,1170326,245.84,245.0,19.0,0.0,0.84,0,5
20:24:22.228,1170426,245.8,245.0,30.0,0.0,0.8,0,5
20:24:22.330,1170526,245.77,245.0,22.0,0.0,0.77,0,5
20:24:22.428,1170626,245.73,245.0,28.0,0.0,0.73,0,5
20:24:22.530,1170726,245.7,245.0,26.0,0.0,0.7,0,5
20:24:22.627,1170826,245.65,245.0,30.0,0.0,0.65,0,5
20:24:22.755,1170926,245.6,245.0,30.0,0.0,0.6,0,5
20:24:22.829,1171026,245.59,245.0,17.0,0.0,0.59,0,5
20:24:22.931,1171126,245.59,245.0,3.0,0.0,0.59,0,4
20:24:23.028,1171226,245.55,245.0,30.0,0.0,0.55,0,5
20:24:23.128,1171326,245.48,245.0,30.0,0.0,0.48,0,5
20:24:23.230,1171426,245.48,245.0,3.0,0.0,0.48,0,4
20:24:23.328,1171526,245.45,245.0,24.0,0.0,0.45,0,5
20:24:23.428,1171626,245.4,245.0,30.0,0.0,0.4,0,5
20:24:23.528,1171726,245.31,245.0,30.0,0.0,0.31,0,5
20:24:23.628,1171826,245.26,245.0,30.0,0.0,0.26,0,5
20:24:23.729,1171926,245.2,245.0,30.0,0.0,0.2,0,5
20:24:23.826,1172026,245.2,245.0,30.0,0.0,0.2,0,5
20:24:23.927,1172126,245.15,245.0,30.0,0.0,0.15,0,5
20:24:24.027,1172226,245.11,245.0,30.0,0.0,0.11,0,5
20:24:24.128,1172326,245.06,245.0,30.0,0.0,0.06,0,5
20:24:24.229,1172426,245.04,245.0,18.0,0.0,0.04,0,5
20:24:24.328,1172526,244.98,245.0,30.0,0.0,0.01,0,5
20:24:24.452,1172626,244.94,245.0,28.0,0.0,0.05,0,5
20:24:24.528,1172726,244.94,245.0,28.0,0.0,0.05,0,5
20:24:24.627,1172826,244.87,245.0,30.0,0.0,0.12,0,5
20:24:24.727,1172926,244.8,245.0,30.0,0.0,0.19,0,5
20:24:24.827,1173026,244.8,245.0,30.0,0.0,0.19,0,5
20:24:24.931,1173126,244.72,245.0,30.0,0.0,0.27,0,5
20:24:25.028,1173226,244.65,245.0,30.0,0.0,0.34,0,5
20:24:25.128,1173326,244.6,245.0,30.0,0.0,0.39,0,5
20:24:25.228,1173426,244.56,245.0,30.0,0.0,0.43,0,5
20:24:25.327,1173526,244.51,245.0,30.0,0.0,0.48,0,5
20:24:25.427,1173626,244.49,245.0,19.0,0.0,0.5,0,5
20:24:25.528,1173726,244.44,245.0,30.0,0.0,0.55,0,5
20:24:25.628,1173826,244.37,245.0,30.0,0.0,0.62,0,5
20:24:25.728,1173926,244.31,245.0,30.0,0.0,0.68,0,5
20:24:25.828,1174026,244.24,245.0,30.0,0.0,0.75,0,5
20:24:25.926,1174126,244.22,245.0,17.0,0.0,0.77,0,5
20:24:26.027,1174226,244.2,245.0,23.0,0.0,0.79,0,5
20:24:26.148,1174326,244.2,245.0,23.0,0.0,0.79,0,5
20:24:26.229,1174426,244.2,245.0,23.0,0.0,0.79,0,5
20:24:26.327,1174526,244.13,245.0,30.0,0.0,0.86,0,5
20:24:26.426,1174626,244.13,245.0,30.0,0.0,0.86,0,5
20:24:26.529,1174726,244.09,245.0,30.0,0.0,0.9,0,5
20:24:26.627,1174826,244.07,245.0,22.0,0.0,0.92,0,5
20:24:26.730,1174926,244.04,245.0,28.0,0.0,0.95,0,5
20:24:26.827,1175026,244.0,245.0,30.0,0.0,0.99,0,5
20:24:26.926,1175126,244.0,245.0,30.0,0.0,0.99,0,5
20:24:27.029,1175226,243.96,245.0,30.0,0.0,1.03,0,5
20:24:27.128,1175326,243.94,245.0,21.0,0.0,1.05,0,5
20:24:27.228,1175426,243.94,245.0,6.0,0.0,1.05,0,4
20:24:27.326,1175526,243.94,245.0,6.0,0.0,1.05,0,4
20:24:27.425,1175626,243.94,245.0,6.0,0.0,1.05,0,4
20:24:27.529,1175726,243.91,245.0,27.0,0.0,1.08,0,5
20:24:27.627,1175826,243.86,245.0,30.0,0.0,1.13,0,5
20:24:27.726,1175926,243.8,245.0,30.0,0.0,1.19,0,5
20:24:27.827,1176026,243.76,245.0,30.0,0.0,1.23,0,5
20:24:27.930,1176126,243.74,245.0,22.0,0.0,1.25,0,5
20:24:28.028,1176226,243.74,245.0,6.0,0.0,1.25,0,4
20:24:28.126,1176326,243.74,245.0,7.0,0.0,1.25,0,4
20:24:28.226,1176426,243.71,245.0,29.0,0.0,1.28,0,5
20:24:28.328,1176526,243.67,245.0,30.0,0.0,1.32,0,5
20:24:28.426,1176626,243.64,245.0,24.0,0.0,1.35,0,5
20:24:28.527,1176726,243.62,245.0,22.0,0.0,1.37,0,5
20:24:28.627,1176826,243.58,245.0,30.0,0.0,1.41,0,5
20:24:28.726,1176926,243.54,245.0,30.0,0.0,1.45,0,5
20:24:28.827,1177026,243.51,245.0,30.0,0.0,1.48,0,5
20:24:28.945,1177126,243.5,245.0,13.0,0.0,1.49,0,4
20:24:29.028,1177226,243.49,245.0,13.0,0.0,1.5,0,4
20:24:29.127,1177326,243.45,245.0,30.0,0.0,1.54,0,5
20:24:29.226,1177426,243.43,245.0,25.0,0.0,1.56,0,5
20:24:29.327,1177526,243.41,245.0,23.0,0.0,1.58,0,5
20:24:29.426,1177626,243.38,245.0,29.0,0.0,1.61,0,5
20:24:29.529,1177726,243.35,245.0,27.0,0.0,1.64,0,5
20:24:29.625,1177826,243.32,245.0,25.0,0.0,1.67,0,5
20:24:29.726,1177926,243.3,245.0,23.0,0.0,1.69,0,5
20:24:29.825,1178026,243.29,245.0,14.0,0.0,1.7,0,4
20:24:29.926,1178126,243.3,245.0,0.0,0.0,1.69,0,4
20:24:30.028,1178226,243.31,245.0,7.0,0.0,1.68,0,4
20:24:30.125,1178326,243.31,245.0,7.0,0.0,1.68,0,4
20:24:30.226,1178426,243.31,245.0,7.0,0.0,1.68,0,4
20:24:30.327,1178526,243.31,245.0,7.0,0.0,1.68,0,4
20:24:30.426,1178626,243.31,245.0,7.0,0.0,1.68,0,4
20:24:30.527,1178726,243.33,245.0,0.0,0.0,1.66,0,4
20:24:30.642,1178826,243.33,245.0,9.0,0.0,1.66,0,4
20:24:30.726,1178926,243.35,245.0,0.0,0.0,1.64,0,4
20:24:30.826,1179026,243.38,245.0,0.0,0.0,1.61,0,4
20:24:30.926,1179126,243.37,245.0,12.0,0.0,1.62,0,4
20:24:31.027,1179226,243.37,245.0,12.0,0.0,1.62,0,4
20:24:31.126,1179326,243.34,245.0,27.0,0.0,1.65,0,5
20:24:31.226,1179426,243.34,245.0,8.0,0.0,1.65,0,4
20:24:31.326,1179526,243.36,245.0,0.0,0.0,1.63,0,4
20:24:31.425,1179626,243.37,245.0,3.0,0.0,1.62,0,4
20:24:31.528,1179726,243.37,245.0,4.0,0.0,1.62,0,4
20:24:31.628,1179826,243.39,245.0,0.0,0.0,1.6,0,4
20:24:31.724,1179926,243.41,245.0,0.0,0.0,1.58,0,4
20:24:31.826,1180026,243.41,245.0,7.0,0.0,1.58,0,4
20:24:31.926,1180126,243.4,245.0,15.0,0.0,1.59,0,5
20:24:32.025,1180226,243.37,245.0,30.0,0.0,1.62,0,5
20:24:32.125,1180326,243.36,245.0,20.0,0.0,1.63,0,5
20:24:32.225,1180426,243.33,245.0,26.0,0.0,1.66,0,5
20:24:32.355,1180526,243.33,245.0,26.0,0.0,1.66,0,5
20:24:32.425,1180626,243.31,245.0,25.0,0.0,1.68,0,5
20:24:32.525,1180726,243.31,245.0,8.0,0.0,1.68,0,4
20:24:32.625,1180826,243.34,245.0,0.0,0.0,1.65,0,4
20:24:32.725,1180926,243.38,245.0,0.0,0.0,1.61,0,4
20:24:32.826,1181026,243.4,245.0,0.0,0.0,1.59,0,4
20:24:32.927,1181126,243.4,245.0,0.0,0.0,1.59,0,4
20:24:33.024,1181226,243.42,245.0,0.0,0.0,1.57,0,4
20:24:33.125,1181326,243.43,245.0,0.0,0.0,1.56,0,4
20:24:33.226,1181426,243.42,245.0,17.0,0.0,1.57,0,5
20:24:33.325,1181526,243.43,245.0,0.0,0.0,1.56,0,4
20:24:33.425,1181626,243.44,245.0,1.0,0.0,1.55,0,4
20:24:33.531,1181726,243.44,245.0,10.0,0.0,1.55,0,4
20:24:33.627,1181826,243.47,245.0,0.0,0.0,1.52,0,4
20:24:33.726,1181926,243.5,245.0,0.0,0.0,1.49,0,4
20:24:33.828,1182026,243.51,245.0,0.0,0.0,1.48,0,4
20:24:33.925,1182126,243.53,245.0,0.0,0.0,1.46,0,4
20:24:34.056,1182226,243.54,245.0,0.0,0.0,1.45,0,4
20:24:34.125,1182326,243.58,245.0,0.0,0.0,1.41,0,4
20:24:34.226,1182426,243.6,245.0,0.0,0.0,1.39,0,4
20:24:34.326,1182526,243.6,245.0,5.0,0.0,1.39,0,4
20:24:34.425,1182626,243.6,245.0,8.0,0.0,1.39,0,4
20:24:34.525,1182726,243.6,245.0,13.0,0.0,1.39,0,4
20:24:34.628,1182826,243.61,245.0,0.0,0.0,1.38,0,4
20:24:34.724,1182926,243.59,245.0,21.0,0.0,1.4,0,5
20:24:34.826,1183026,243.59,245.0,21.0,0.0,1.4,0,5
20:24:34.924,1183126,243.6,245.0,5.0,0.0,1.39,0,4
20:24:35.024,1183226,243.61,245.0,0.0,0.0,1.38,0,4
20:24:35.127,1183326,243.61,245.0,14.0,0.0,1.38,0,4
20:24:35.224,1183426,243.61,245.0,8.0,0.0,1.38,0,4
20:24:35.325,1183526,243.61,245.0,6.0,0.0,1.38,0,4
20:24:35.423,1183626,243.61,245.0,6.0,0.0,1.38,0,4
20:24:35.525,1183726,243.6,245.0,14.0,0.0,1.39,0,4
20:24:35.625,1183826,243.64,245.0,0.0,0.0,1.35,0,4
20:24:35.724,1183926,243.64,245.0,8.0,0.0,1.35,0,4
20:24:35.825,1184026,243.62,245.0,24.0,0.0,1.37,0,5
20:24:35.926,1184126,243.62,245.0,7.0,0.0,1.37,0,4
20:24:36.024,1184226,243.62,245.0,7.0,0.0,1.37,0,4
20:24:36.125,1184326,243.61,245.0,15.0,0.0,1.38,0,5
20:24:36.224,1184426,243.61,245.0,15.0,0.0,1.38,0,5
20:24:36.329,1184526,243.55,245.0,30.0,0.0,1.44,0,5
20:24:36.430,1184626,243.55,245.0,30.0,0.0,1.44,0,5
20:24:36.524,1184726,243.53,245.0,25.0,0.0,1.46,0,5
20:24:36.625,1184826,243.53,245.0,25.0,0.0,1.46,0,5
20:24:36.724,1184926,243.5,245.0,30.0,0.0,1.49,0,5
20:24:36.827,1185026,243.47,245.0,29.0,0.0,1.52,0,5
20:24:36.924,1185126,243.41,245.0,30.0,0.0,1.58,0,5
20:24:37.024,1185226,243.38,245.0,30.0,0.0,1.61,0,5
20:24:37.127,1185326,243.33,245.0,30.0,0.0,1.66,0,5
20:24:37.225,1185426,243.31,245.0,25.0,0.0,1.68,0,5
20:24:37.326,1185526,243.27,245.0,30.0,0.0,1.72,0,5
20:24:37.452,1185626,243.23,245.0,30.0,0.0,1.76,0,5
20:24:37.524,1185726,243.21,245.0,27.0,0.0,1.78,0,5
20:24:37.623,1185826,243.21,245.0,10.0,0.0,1.78,0,4
20:24:37.725,1185926,243.2,245.0,17.0,0.0,1.79,0,5
20:24:37.825,1186026,243.17,245.0,30.0,0.0,1.82,0,5
20:24:37.924,1186126,243.11,245.0,30.0,0.0,1.88,0,5
20:24:38.027,1186226,243.07,245.0,30.0,0.0,1.92,0,5
20:24:38.127,1186326,243.05,245.0,23.0,0.0,1.94,0,5
20:24:38.224,1186426,243.03,245.0,30.0,0.0,1.96,0,5
20:24:38.330,1186526,243.0,245.0,28.0,0.0,1.99,0,5
20:24:38.425,1186626,242.95,245.0,30.0,0.0,2.04,0,5
20:24:38.524,1186726,242.9,245.0,30.0,0.0,2.09,0,5
20:24:38.631,1186826,242.84,245.0,30.0,0.0,2.15,0,5
20:24:38.724,1186926,242.79,245.0,30.0,0.0,2.2,0,5
20:24:38.826,1187026,242.77,245.0,27.0,0.0,2.22,0,5
20:24:38.924,1187126,242.74,245.0,30.0,0.0,2.25,0,5
20:24:39.028,1187226,242.71,245.0,30.0,0.0,2.28,0,5
20:24:39.126,1187326,242.67,245.0,30.0,0.0,2.32,0,5
20:24:39.224,1187426,242.62,245.0,30.0,0.0,2.37,0,5
20:24:39.323,1187526,242.59,245.0,30.0,0.0,2.4,0,5
20:24:39.423,1187626,242.55,245.0,30.0,0.0,2.44,0,5
20:24:39.523,1187726,242.55,245.0,30.0,0.0,2.44,0,5
20:24:39.626,1187826,242.52,245.0,30.0,0.0,2.47,0,5
20:24:39.733,1187926,242.48,245.0,30.0,0.0,2.51,0,5
20:24:39.823,1188026,242.47,245.0,21.0,0.0,2.52,0,5
20:24:39.924,1188126,242.42,245.0,30.0,0.0,2.57,0,5
20:24:40.023,1188226,242.42,245.0,11.0,0.0,2.57,0,4
20:24:40.127,1188326,242.42,245.0,11.0,0.0,2.57,0,4
20:24:40.224,1188426,242.43,245.0,10.0,0.0,2.56,0,4
20:24:40.323,1188526,242.43,245.0,10.0,0.0,2.56,0,4
20:24:40.425,1188626,242.4,245.0,30.0,0.0,2.59,0,5
20:24:40.523,1188726,242.33,245.0,30.0,0.0,2.66,0,5
20:24:40.626,1188826,242.33,245.0,30.0,0.0,2.66,0,5
20:24:40.723,1188926,242.26,245.0,30.0,0.0,2.73,0,5
20:24:40.825,1189026,242.2,245.0,30.0,0.0,2.79,0,5
20:24:40.923,1189126,242.16,245.0,30.0,0.0,2.83,0,5
20:24:41.023,1189226,242.16,245.0,12.0,0.0,2.83,0,4
20:24:41.128,1189326,242.14,245.0,29.0,0.0,2.85,0,5
20:24:41.223,1189426,242.09,245.0,30.0,0.0,2.9,0,5
20:24:41.326,1189526,242.03,245.0,30.0,0.0,2.96,0,5
20:24:41.450,1189626,242.02,245.0,21.0,0.0,2.97,0,5
20:24:41.541,1189726,241.96,245.0,30.0,0.0,3.03,0,5
20:24:41.632,1189826,241.9,245.0,30.0,0.0,3.09,0,5
20:24:41.733,1189926,241.88,245.0,27.0,0.0,3.11,0,5
20:24:41.823,1190026,241.88,245.0,13.0,0.0,3.11,0,4
20:24:41.925,1190126,241.84,245.0,30.0,0.0,3.15,0,5
20:24:42.025,1190226,241.8,245.0,30.0,0.0,3.19,0,5
20:24:42.126,1190326,241.73,245.0,30.0,0.0,3.26,0,5
20:24:42.225,1190426,241.71,245.0,30.0,0.0,3.28,0,5
20:24:42.328,1190526,241.68,245.0,30.0,0.0,3.31,0,5
20:24:42.424,1190626,241.64,245.0,30.0,0.0,3.35,0,5
20:24:42.523,1190726,241.62,245.0,24.0,0.0,3.37,0,5
20:24:42.633,1190826,241.6,245.0,30.0,0.0,3.39,0,5
20:24:42.723,1190926,241.6,245.0,14.0,0.0,3.39,0,4
20:24:42.823,1191026,241.61,245.0,7.0,0.0,3.38,0,4
20:24:42.926,1191126,241.61,245.0,15.0,0.0,3.38,0,5
20:24:43.024,1191226,241.61,245.0,15.0,0.0,3.38,0,5
20:24:43.125,1191326,241.56,245.0,30.0,0.0,3.43,0,5
20:24:43.222,1191426,241.56,245.0,14.0,0.0,3.43,0,4
20:24:43.323,1191526,241.54,245.0,26.0,0.0,3.45,0,5
20:24:43.424,1191626,241.53,245.0,18.0,0.0,3.46,0,5
20:24:43.522,1191726,241.5,245.0,30.0,0.0,3.49,0,5
20:24:43.623,1191826,241.5,245.0,14.0,0.0,3.49,0,4
20:24:43.723,1191926,241.5,245.0,14.0,0.0,3.49,0,4
20:24:43.821,1192026,241.5,245.0,15.0,0.0,3.49,0,5
20:24:43.930,1192126,241.5,245.0,15.0,0.0,3.49,0,5
20:24:44.023,1192226,241.48,245.0,30.0,0.0,3.51,0,5
20:24:44.126,1192326,241.47,245.0,21.0,0.0,3.52,0,5
20:24:44.223,1192426,241.45,245.0,28.0,0.0,3.54,0,5
20:24:44.344,1192526,241.43,245.0,27.0,0.0,3.56,0,5
20:24:44.424,1192626,241.42,245.0,26.0,0.0,3.57,0,5
20:24:44.524,1192726,241.41,245.0,17.0,0.0,3.58,0,5
20:24:44.623,1192826,241.42,245.0,10.0,0.0,3.57,0,4
20:24:44.724,1192926,241.43,245.0,10.0,0.0,3.56,0,4
20:24:44.824,1193026,241.43,245.0,11.0,0.0,3.56,0,4
20:24:45.022,1193226,241.44,245.0,11.0,0.0,3.55,0,4
20:24:45.121,1193326,241.42,245.0,26.0,0.0,3.57,0,5
20:24:45.223,1193426,241.39,245.0,30.0,0.0,3.6,0,5
20:24:45.322,1193526,241.39,245.0,30.0,0.0,3.6,0,5
20:24:45.447,1193626,241.39,245.0,16.0,0.0,3.6,0,5
20:24:45.523,1193726,241.38,245.0,23.0,0.0,3.61,0,5
20:24:45.622,1193826,241.35,245.0,30.0,0.0,3.64,0,5
20:24:45.722,1193926,241.35,245.0,13.0,0.0,3.64,0,4
20:24:45.827,1194026,241.34,245.0,21.0,0.0,3.65,0,5
20:24:45.924,1194126,241.38,245.0,0.0,0.0,3.61,0,4
20:24:46.025,1194226,241.38,245.0,15.0,0.0,3.61,0,5
20:24:46.122,1194326,241.39,245.0,8.0,0.0,3.6,0,4
20:24:46.223,1194426,241.4,245.0,9.0,0.0,3.59,0,4
20:24:46.326,1194526,241.42,245.0,2.0,0.0,3.57,0,4
20:24:46.425,1194626,241.43,245.0,11.0,0.0,3.56,0,4
20:24:46.522,1194726,241.46,245.0,0.0,0.0,3.53,0,4
20:24:46.621,1194826,241.48,245.0,0.0,0.0,3.51,0,4
20:24:46.722,1194926,241.49,245.0,8.0,0.0,3.5,0,4
20:24:46.823,1195026,241.5,245.0,9.0,0.0,3.49,0,4
20:24:46.924,1195126,241.53,245.0,0.0,0.0,3.46,0,4
20:24:47.022,1195226,241.54,245.0,12.0,0.0,3.45,0,4
20:24:47.147,1195326,241.55,245.0,12.0,0.0,3.44,0,4
20:24:47.227,1195426,241.57,245.0,0.0,0.0,3.42,0,4
20:24:47.322,1195526,241.63,245.0,0.0,0.0,3.36,0,4
20:24:47.428,1195626,241.66,245.0,0.0,0.0,3.33,0,4
20:24:47.522,1195726,241.64,245.0,28.0,0.0,3.35,0,5
20:24:47.621,1195826,241.62,245.0,30.0,0.0,3.37,0,5
20:24:47.726,1195926,241.61,245.0,17.0,0.0,3.38,0,5
20:24:47.828,1196026,241.61,245.0,17.0,0.0,3.38,0,5
20:24:47.926,1196126,241.61,245.0,17.0,0.0,3.38,0,5
20:24:48.022,1196226,241.62,245.0,10.0,0.0,3.37,0,4
20:24:48.121,1196326,241.63,245.0,11.0,0.0,3.36,0,4
20:24:48.222,1196426,241.68,245.0,0.0,0.0,3.31,0,4
20:24:48.321,1196526,241.69,245.0,7.0,0.0,3.3,0,4
20:24:48.432,1196626,241.69,245.0,16.0,0.0,3.3,0,5
20:24:48.522,1196726,241.67,245.0,30.0,0.0,3.32,0,5
20:24:48.621,1196826,241.68,245.0,14.0,0.0,3.31,0,4
20:24:48.723,1196926,241.68,245.0,14.0,0.0,3.31,0,4
20:24:48.821,1197026,241.69,245.0,7.0,0.0,3.3,0,4
20:24:48.921,1197126,241.7,245.0,8.0,0.0,3.29,0,4
20:24:49.021,1197226,241.72,245.0,2.0,0.0,3.27,0,4
20:24:49.126,1197326,241.72,245.0,17.0,0.0,3.27,0,5
20:24:49.223,1197426,241.71,245.0,26.0,0.0,3.28,0,5
20:24:49.327,1197526,241.74,245.0,0.0,0.0,3.25,0,4
20:24:49.432,1197626,241.78,245.0,0.0,0.0,3.21,0,4
20:24:49.528,1197726,241.77,245.0,22.0,0.0,3.22,0,5
20:24:49.621,1197826,241.78,245.0,14.0,0.0,3.21,0,4
20:24:49.723,1197926,241.81,245.0,0.0,0.0,3.18,0,4
20:24:49.821,1198026,241.81,245.0,17.0,0.0,3.18,0,5
20:24:49.924,1198126,241.83,245.0,2.0,0.0,3.16,0,4
20:24:50.023,1198226,241.86,245.0,0.0,0.0,3.13,0,4
20:24:50.121,1198326,241.88,245.0,6.0,0.0,3.11,0,4
20:24:50.223,1198426,241.88,245.0,6.0,0.0,3.11,0,4
20:24:50.334,1198526,241.89,245.0,7.0,0.0,3.1,0,4
20:24:50.423,1198626,241.91,245.0,8.0,0.0,3.08,0,4
20:24:50.522,1198726,241.91,245.0,8.0,0.0,3.08,0,4
20:24:50.621,1198826,241.94,245.0,0.0,0.0,3.05,0,4
20:24:50.720,1198926,241.99,245.0,0.0,0.0,3.0,0,4
20:24:50.827,1199026,241.98,245.0,22.0,0.0,3.01,0,5
20:24:50.919,1199126,241.98,245.0,22.0,0.0,3.01,0,5
20:24:51.021,1199226,241.94,245.0,30.0,0.0,3.05,0,5
20:24:51.147,1199326,241.95,245.0,12.0,0.0,3.04,0,4
20:24:51.226,1199426,241.98,245.0,0.0,0.0,3.01,0,4
20:24:51.320,1199526,242.01,245.0,0.0,0.0,2.98,0,4
20:24:51.420,1199626,242.04,245.0,0.0,0.0,2.95,0,4
20:24:51.519,1199726,242.04,245.0,18.0,0.0,2.95,0,5
20:24:51.621,1199826,242.03,245.0,26.0,0.0,2.96,0,5
20:24:51.725,1199926,242.02,245.0,25.0,0.0,2.97,0,5
20:24:51.826,1200026,241.99,245.0,30.0,0.0,3.0,0,5
20:24:51.923,1200126,241.97,245.0,30.0,0.0,3.02,0,5
20:24:52.023,1200226,241.94,245.0,30.0,0.0,3.05,0,5
20:24:52.121,1200326,241.92,245.0,30.0,0.0,3.07,0,5
20:24:52.222,1200426,241.89,245.0,30.0,0.0,3.1,0,5
20:24:52.322,1200526,241.9,245.0,16.0,0.0,3.09,0,5
20:24:52.420,1200626,241.91,245.0,9.0,0.0,3.08,0,4
20:24:52.521,1200726,241.9,245.0,25.0,0.0,3.09,0,5
20:24:52.620,1200826,241.88,245.0,30.0,0.0,3.11,0,5
20:24:52.722,1200926,241.85,245.0,30.0,0.0,3.14,0,5
20:24:52.830,1201026,241.86,245.0,14.0,0.0,3.13,0,4
20:24:52.924,1201126,241.83,245.0,30.0,0.0,3.16,0,5
20:24:53.024,1201226,241.81,245.0,30.0,0.0,3.18,0,5
20:24:53.122,1201326,241.78,245.0,30.0,0.0,3.21,0,5
20:24:53.225,1201426,241.74,245.0,30.0,0.0,3.25,0,5
20:24:53.330,1201526,241.7,245.0,30.0,0.0,3.29,0,5
20:24:53.428,1201626,241.67,245.0,30.0,0.0,3.32,0,5
20:24:53.521,1201726,241.64,245.0,30.0,0.0,3.35,0,5
20:24:53.620,1201826,241.64,245.0,22.0,0.0,3.35,0,5
20:24:53.722,1201926,241.64,245.0,14.0,0.0,3.35,0,4
20:24:53.821,1202026,241.67,245.0,0.0,0.0,3.32,0,4
20:24:53.932,1202126,241.67,245.0,0.0,0.0,3.32,0,4
20:24:54.028,1202226,241.68,245.0,17.0,0.0,3.31,0,5
20:24:54.128,1202326,241.66,245.0,30.0,0.0,3.33,0,5
20:24:54.232,1202426,241.62,245.0,30.0,0.0,3.37,0,5
20:24:54.320,1202526,241.59,245.0,30.0,0.0,3.4,0,5
20:24:54.420,1202626,241.56,245.0,30.0,0.0,3.43,0,5
20:24:54.591,1202726,241.53,245.0,30.0,0.0,3.46,0,5
20:24:54.624,1202826,241.51,245.0,29.0,0.0,3.48,0,5
20:24:54.720,1202926,241.49,245.0,30.0,0.0,3.5,0,5
20:24:54.819,1203026,241.46,245.0,30.0,0.0,3.53,0,5
20:24:54.923,1203126,241.43,245.0,30.0,0.0,3.56,0,5
20:24:55.020,1203226,241.39,245.0,30.0,0.0,3.6,0,5
20:24:55.120,1203326,241.33,245.0,30.0,0.0,3.66,0,5
20:24:55.221,1203426,241.33,245.0,24.0,0.0,3.66,0,5
20:24:55.319,1203526,241.32,245.0,23.0,0.0,3.67,0,5
20:24:55.420,1203626,241.29,245.0,30.0,0.0,3.7,0,5
20:24:55.521,1203726,241.25,245.0,30.0,0.0,3.74,0,5
20:24:55.620,1203826,241.22,245.0,30.0,0.0,3.77,0,5
20:24:55.763,1203926,241.22,245.0,21.0,0.0,3.77,0,5
20:24:55.819,1204026,241.19,245.0,30.0,0.0,3.8,0,5
20:24:55.919,1204126,241.17,245.0,30.0,0.0,3.82,0,5
20:24:56.020,1204226,241.12,245.0,30.0,0.0,3.87,0,5
20:24:56.118,1204326,241.1,245.0,30.0,0.0,3.89,0,5
20:24:56.223,1204426,241.07,245.0,30.0,0.0,3.92,0,5
20:24:56.327,1204526,241.04,245.0,30.0,0.0,3.95,0,5
20:24:56.419,1204626,241.04,245.0,30.0,0.0,3.95,0,5
20:24:56.521,1204726,240.99,245.0,30.0,0.0,4.0,0,5
20:24:56.620,1204826,240.98,245.0,30.0,0.0,4.01,0,5
20:24:56.722,1204926,240.96,245.0,30.0,0.0,4.03,0,5
20:24:56.821,1205026,240.96,245.0,30.0,0.0,4.03,0,5
20:24:56.920,1205126,240.96,245.0,22.0,0.0,4.03,0,5
20:24:57.019,1205226,240.94,245.0,30.0,0.0,4.05,0,5
20:24:57.119,1205326,240.91,245.0,30.0,0.0,4.08,0,5
20:24:57.224,1205426,240.87,245.0,30.0,0.0,4.12,0,5
20:24:57.318,1205526,240.87,245.0,30.0,0.0,4.12,0,5
20:24:57.422,1205626,240.84,245.0,30.0,0.0,4.15,0,5
20:24:57.535,1205726,240.84,245.0,30.0,0.0,4.15,0,5
20:24:57.624,1205826,240.81,245.0,30.0,0.0,4.18,0,5
20:24:57.723,1205926,240.81,245.0,26.0,0.0,4.18,0,5
20:24:57.830,1206026,240.78,245.0,30.0,0.0,4.21,0,5
20:24:57.925,1206126,240.76,245.0,30.0,0.0,4.23,0,5
20:24:58.044,1206226,240.75,245.0,30.0,0.0,4.24,0,5
20:24:58.120,1206326,240.7,245.0,30.0,0.0,4.29,0,5
20:24:58.222,1206426,240.69,245.0,30.0,0.0,4.3,0,5
20:24:58.327,1206526,240.66,245.0,30.0,0.0,4.33,0,5
20:24:58.425,1206626,240.62,245.0,30.0,0.0,4.37,0,5
20:24:58.520,1206726,240.61,245.0,28.0,0.0,4.38,0,5
20:24:58.641,1206826,240.61,245.0,23.0,0.0,4.38,0,5
20:24:58.720,1206926,240.64,245.0,6.0,0.0,4.35,0,4
20:24:58.819,1207026,240.65,245.0,15.0,0.0,4.34,0,5
20:24:58.920,1207126,240.65,245.0,23.0,0.0,4.34,0,5
20:24:59.021,1207226,240.63,245.0,30.0,0.0,4.36,0,5
20:24:59.126,1207326,240.61,245.0,30.0,0.0,4.38,0,5
20:24:59.239,1207426,240.61,245.0,21.0,0.0,4.38,0,5
20:24:59.320,1207526,240.61,245.0,21.0,0.0,4.38,0,5
20:24:59.419,1207626,240.64,245.0,6.0,0.0,4.35,0,4
20:24:59.520,1207726,240.67,245.0,1.0,0.0,4.32,0,4
20:24:59.618,1207826,240.67,245.0,24.0,0.0,4.32,0,5
20:24:59.721,1207926,240.68,245.0,18.0,0.0,4.31,0,5
20:24:59.820,1208026,240.69,245.0,18.0,0.0,4.3,0,5
20:24:59.918,1208126,240.68,245.0,26.0,0.0,4.31,0,5
20:25:00.021,1208226,240.71,245.0,4.0,0.0,4.28,0,4
20:25:00.118,1208326,240.73,245.0,13.0,0.0,4.26,0,4
20:25:00.222,1208426,240.74,245.0,15.0,0.0,4.25,0,5
20:25:00.319,1208526,240.72,245.0,30.0,0.0,4.27,0,5
20:25:00.426,1208626,240.72,245.0,30.0,0.0,4.27,0,5
20:25:00.520,1208726,240.71,245.0,29.0,0.0,4.28,0,5
20:25:00.622,1208826,240.72,245.0,21.0,0.0,4.27,0,5
20:25:00.723,1208926,240.72,245.0,24.0,0.0,4.27,0,5
20:25:00.821,1209026,240.73,245.0,14.0,0.0,4.26,0,4
20:25:00.923,1209126,240.75,245.0,15.0,0.0,4.24,0,5
20:25:01.020,1209226,240.76,245.0,16.0,0.0,4.23,0,5
20:25:01.119,1209326,240.74,245.0,30.0,0.0,4.25,0,5
20:25:01.218,1209426,240.75,245.0,16.0,0.0,4.24,0,5
20:25:01.319,1209526,240.76,245.0,17.0,0.0,4.23,0,5
20:25:01.419,1209626,240.77,245.0,17.0,0.0,4.22,0,5
20:25:01.522,1209726,240.8,245.0,4.0,0.0,4.19,0,4
20:25:01.625,1209826,240.84,245.0,0.0,0.0,4.15,0,4
20:25:01.721,1209926,240.87,245.0,1.0,0.0,4.12,0,4
20:25:01.820,1210026,240.9,245.0,3.0,0.0,4.09,0,4
20:25:01.917,1210126,240.92,245.0,13.0,0.0,4.07,0,4
20:25:02.020,1210226,240.95,245.0,0.0,0.0,4.04,0,4
20:25:02.118,1210326,240.97,245.0,17.0,0.0,4.02,0,5
20:25:02.218,1210426,240.96,245.0,30.0,0.0,4.03,0,5
20:25:02.318,1210526,240.99,245.0,2.0,0.0,4.0,0,4
20:25:02.419,1210626,241.02,245.0,4.0,0.0,3.97,0,4
20:25:02.519,1210726,241.04,245.0,6.0,0.0,3.95,0,4
20:25:02.618,1210826,241.08,245.0,1.0,0.0,3.91,0,4
20:25:02.747,1210926,241.14,245.0,0.0,0.0,3.85,0,4
20:25:02.818,1211026,241.15,245.0,15.0,0.0,3.84,0,5
20:25:02.924,1211126,241.16,245.0,23.0,0.0,3.83,0,5
20:25:03.020,1211226,241.16,245.0,23.0,0.0,3.83,0,5
20:25:03.119,1211326,241.16,245.0,24.0,0.0,3.83,0,5
20:25:03.223,1211426,241.17,245.0,16.0,0.0,3.82,0,5
20:25:03.343,1211526,241.2,245.0,2.0,0.0,3.79,0,4
20:25:03.421,1211626,241.24,245.0,0.0,0.0,3.75,0,4
20:25:03.520,1211726,241.25,245.0,22.0,0.0,3.74,0,5
20:25:03.619,1211826,241.27,245.0,8.0,0.0,3.72,0,4
20:25:03.718,1211926,241.31,245.0,0.0,0.0,3.68,0,4
20:25:03.821,1212026,241.34,245.0,5.0,0.0,3.65,0,4
20:25:03.922,1212126,241.34,245.0,5.0,0.0,3.65,0,4
20:25:04.022,1212226,241.37,245.0,7.0,0.0,3.62,0,4
20:25:04.120,1212326,241.37,245.0,7.0,0.0,3.62,0,4
20:25:04.218,1212426,241.4,245.0,1.0,0.0,3.59,0,4
20:25:04.322,1212526,241.4,245.0,1.0,0.0,3.59,0,4
20:25:04.419,1212626,241.44,245.0,0.0,0.0,3.55,0,4
20:25:04.517,1212726,241.49,245.0,0.0,0.0,3.5,0,4
20:25:04.621,1212826,241.52,245.0,3.0,0.0,3.47,0,4
20:25:04.723,1212926,241.53,245.0,20.0,0.0,3.46,0,5
20:25:04.821,1213026,241.56,245.0,5.0,0.0,3.43,0,4
20:25:04.919,1213126,241.58,245.0,7.0,0.0,3.41,0,4
20:25:05.041,1213226,241.64,245.0,0.0,0.0,3.35,0,4
20:25:05.120,1213326,241.7,245.0,0.0,0.0,3.29,0,4
20:25:05.219,1213426,241.74,245.0,0.0,0.0,3.25,0,4
20:25:05.319,1213526,241.78,245.0,0.0,0.0,3.21,0,4
20:25:05.417,1213626,241.81,245.0,0.0,0.0,3.18,0,4
20:25:05.521,1213726,241.84,245.0,10.0,0.0,3.15,0,4
20:25:05.620,1213826,241.85,245.0,12.0,0.0,3.14,0,4
20:25:05.721,1213926,241.88,245.0,6.0,0.0,3.11,0,4
20:25:05.820,1214026,241.89,245.0,23.0,0.0,3.1,0,5
20:25:05.918,1214126,241.91,245.0,8.0,0.0,3.08,0,4
20:25:06.017,1214226,241.91,245.0,8.0,0.0,3.08,0,4
20:25:06.120,1214326,241.93,245.0,10.0,0.0,3.06,0,4
20:25:06.230,1214426,241.99,245.0,0.0,0.0,3.0,0,4
20:25:06.342,1214526,242.04,245.0,0.0,0.0,2.95,0,4
20:25:06.429,1214626,242.07,245.0,4.0,0.0,2.92,0,4
20:25:06.519,1214726,242.09,245.0,13.0,0.0,2.9,0,4
20:25:06.617,1214826,242.1,245.0,14.0,0.0,2.89,0,4
20:25:06.717,1214926,242.1,245.0,14.0,0.0,2.89,0,4
20:25:06.818,1215026,242.14,245.0,0.0,0.0,2.85,0,4
20:25:06.918,1215126,242.18,245.0,0.0,0.0,2.81,0,4
20:25:07.017,1215226,242.18,245.0,21.0,0.0,2.81,0,5
20:25:07.131,1215326,242.18,245.0,21.0,0.0,2.81,0,5
20:25:07.224,1215426,242.19,245.0,21.0,0.0,2.8,0,5
20:25:07.329,1215526,242.19,245.0,22.0,0.0,2.8,0,5
20:25:07.425,1215626,242.22,245.0,7.0,0.0,2.77,0,4
20:25:07.516,1215726,242.3,245.0,0.0,0.0,2.69,0,4
20:25:07.618,1215826,242.3,245.0,0.0,0.0,2.69,0,4
20:25:07.717,1215926,242.33,245.0,0.0,0.0,2.66,0,4
20:25:07.816,1216026,242.37,245.0,2.0,0.0,2.62,0,4
20:25:07.932,1216126,242.38,245.0,19.0,0.0,2.61,0,5
20:25:08.016,1216226,242.37,245.0,27.0,0.0,2.62,0,5
20:25:08.119,1216326,242.38,245.0,19.0,0.0,2.61,0,5
20:25:08.218,1216426,242.39,245.0,20.0,0.0,2.6,0,5
20:25:08.318,1216526,242.37,245.0,30.0,0.0,2.62,0,5
20:25:08.417,1216626,242.37,245.0,25.0,0.0,2.62,0,5
20:25:08.532,1216726,242.36,245.0,30.0,0.0,2.63,0,5
20:25:08.617,1216826,242.36,245.0,26.0,0.0,2.63,0,5
20:25:08.715,1216926,242.37,245.0,19.0,0.0,2.62,0,5
20:25:08.819,1217026,242.36,245.0,27.0,0.0,2.63,0,5
20:25:08.917,1217126,242.32,245.0,30.0,0.0,2.67,0,5
20:25:09.017,1217226,242.3,245.0,30.0,0.0,2.69,0,5
20:25:09.163,1217326,242.29,245.0,30.0,0.0,2.7,0,5
20:25:09.216,1217426,242.27,245.0,30.0,0.0,2.72,0,5
20:25:09.319,1217526,242.27,245.0,20.0,0.0,2.72,0,5
20:25:09.416,1217626,242.25,245.0,30.0,0.0,2.74,0,5
20:25:09.516,1217726,242.25,245.0,30.0,0.0,2.74,0,5
20:25:09.616,1217826,242.24,245.0,30.0,0.0,2.75,0,5
20:25:09.737,1217926,242.23,245.0,30.0,0.0,2.76,0,5
20:25:09.819,1218026,242.2,245.0,30.0,0.0,2.79,0,5
20:25:09.918,1218126,242.19,245.0,30.0,0.0,2.8,0,5
20:25:10.017,1218226,242.16,245.0,30.0,0.0,2.83,0,5
20:25:10.118,1218326,242.16,245.0,28.0,0.0,2.83,0,5
20:25:10.220,1218426,242.15,245.0,30.0,0.0,2.84,0,5
20:25:10.319,1218526,242.14,245.0,27.0,0.0,2.85,0,5
20:25:10.417,1218626,242.12,245.0,30.0,0.0,2.87,0,5
20:25:10.517,1218726,242.08,245.0,30.0,0.0,2.91,0,5
20:25:10.618,1218826,242.07,245.0,30.0,0.0,2.92,0,5
20:25:10.716,1218926,242.06,245.0,30.0,0.0,2.93,0,5
20:25:10.819,1219026,242.03,245.0,30.0,0.0,2.96,0,5
20:25:10.927,1219126,242.01,245.0,30.0,0.0,2.98,0,5
20:25:11.015,1219226,241.99,245.0,30.0,0.0,3.0,0,5
20:25:11.118,1219326,241.99,245.0,30.0,0.0,3.0,0,5
20:25:11.216,1219426,241.95,245.0,30.0,0.0,3.04,0,5
20:25:11.319,1219526,241.93,245.0,30.0,0.0,3.06,0,5
20:25:11.416,1219626,241.93,245.0,28.0,0.0,3.06,0,5
20:25:11.522,1219726,241.9,245.0,30.0,0.0,3.09,0,5
20:25:11.617,1219826,241.9,245.0,30.0,0.0,3.09,0,5
20:25:11.716,1219926,241.9,245.0,30.0,0.0,3.09,0,5
20:25:11.815,1220026,241.87,245.0,30.0,0.0,3.12,0,5
20:25:11.925,1220126,241.87,245.0,27.0,0.0,3.12,0,5
20:25:12.016,1220226,241.89,245.0,17.0,0.0,3.1,0,5
20:25:12.117,1220326,241.89,245.0,25.0,0.0,3.1,0,5
20:25:12.221,1220426,241.86,245.0,30.0,0.0,3.13,0,5
20:25:12.315,1220526,241.86,245.0,30.0,0.0,3.13,0,5
20:25:12.418,1220626,241.82,245.0,30.0,0.0,3.17,0,5
20:25:12.515,1220726,241.82,245.0,28.0,0.0,3.17,0,5
20:25:12.617,1220826,241.8,245.0,30.0,0.0,3.19,0,5
20:25:12.718,1220926,241.8,245.0,30.0,0.0,3.19,0,5
20:25:12.816,1221026,241.79,245.0,30.0,0.0,3.2,0,5
20:25:12.915,1221126,241.74,245.0,30.0,0.0,3.25,0,5
20:25:13.021,1221226,241.69,245.0,30.0,0.0,3.3,0,5
20:25:13.115,1221326,241.67,245.0,30.0,0.0,3.32,0,5
20:25:13.216,1221426,241.63,245.0,30.0,0.0,3.36,0,5
20:25:13.321,1221526,241.61,245.0,30.0,0.0,3.38,0,5
20:25:13.415,1221626,241.58,245.0,30.0,0.0,3.41,0,5
20:25:13.517,1221726,241.57,245.0,30.0,0.0,3.42,0,5
20:25:13.619,1221826,241.57,245.0,26.0,0.0,3.42,0,5
20:25:13.715,1221926,241.54,245.0,30.0,0.0,3.45,0,5
20:25:13.815,1222026,241.53,245.0,30.0,0.0,3.46,0,5
20:25:13.917,1222126,241.5,245.0,30.0,0.0,3.49,0,5
20:25:14.019,1222226,241.5,245.0,29.0,0.0,3.49,0,5
20:25:14.119,1222326,241.49,245.0,30.0,0.0,3.5,0,5
20:25:14.222,1222426,241.49,245.0,30.0,0.0,3.5,0,5
20:25:14.328,1222526,241.49,245.0,29.0,0.0,3.5,0,5
20:25:14.415,1222626,241.49,245.0,29.0,0.0,3.5,0,5
20:25:14.517,1222726,241.51,245.0,14.0,0.0,3.48,0,4
20:25:14.618,1222826,241.51,245.0,30.0,0.0,3.48,0,5
20:25:14.717,1222926,241.49,245.0,30.0,0.0,3.5,0,5
20:25:14.818,1223026,241.49,245.0,29.0,0.0,3.5,0,5
20:25:14.918,1223126,241.5,245.0,21.0,0.0,3.49,0,5
20:25:15.020,1223226,241.51,245.0,22.0,0.0,3.48,0,5
20:25:15.121,1223326,241.53,245.0,16.0,0.0,3.46,0,5
20:25:15.215,1223426,241.5,245.0,30.0,0.0,3.49,0,5
20:25:15.315,1223526,241.5,245.0,30.0,0.0,3.49,0,5
20:25:15.416,1223626,241.48,245.0,30.0,0.0,3.51,0,5
20:25:15.514,1223726,241.49,245.0,21.0,0.0,3.5,0,5
20:25:15.615,1223826,241.5,245.0,22.0,0.0,3.49,0,5
20:25:15.714,1223926,241.51,245.0,23.0,0.0,3.48,0,5
20:25:15.815,1224026,241.53,245.0,16.0,0.0,3.46,0,5
20:25:15.919,1224126,241.54,245.0,25.0,0.0,3.45,0,5
20:25:16.021,1224226,241.56,245.0,11.0,0.0,3.43,0,4
20:25:16.114,1224326,241.6,245.0,5.0,0.0,3.39,0,4
20:25:16.218,1224426,241.61,245.0,22.0,0.0,3.38,0,5
20:25:16.314,1224526,241.65,245.0,1.0,0.0,3.34,0,4
20:25:16.420,1224626,241.65,245.0,30.0,0.0,3.34,0,5
20:25:16.515,1224726,241.65,245.0,30.0,0.0,3.34,0,5
20:25:16.619,1224826,241.67,245.0,11.0,0.0,3.32,0,4
20:25:16.718,1224926,241.72,245.0,0.0,0.0,3.27,0,4
20:25:16.815,1225026,241.76,245.0,1.0,0.0,3.23,0,4
20:25:16.915,1225126,241.76,245.0,30.0,0.0,3.23,0,5
20:25:17.015,1225226,241.76,245.0,30.0,0.0,3.23,0,5
20:25:17.114,1225326,241.76,245.0,30.0,0.0,3.23,0,5
20:25:17.214,1225426,241.75,245.0,30.0,0.0,3.24,0,5
20:25:17.314,1225526,241.76,245.0,26.0,0.0,3.23,0,5
20:25:17.421,1225626,241.76,245.0,30.0,0.0,3.23,0,5
20:25:17.516,1225726,241.78,245.0,19.0,0.0,3.21,0,5
20:25:17.613,1225826,241.83,245.0,0.0,0.0,3.16,0,4
20:25:17.715,1225926,241.83,245.0,30.0,0.0,3.16,0,5
20:25:17.815,1226026,241.83,245.0,30.0,0.0,3.16,0,5
20:25:17.917,1226126,241.84,245.0,24.0,0.0,3.15,0,5
20:25:18.015,1226226,241.87,245.0,10.0,0.0,3.12,0,4
20:25:18.119,1226326,241.87,245.0,10.0,0.0,3.12,0,4
20:25:18.216,1226426,241.91,245.0,4.0,0.0,3.08,0,4
20:25:18.324,1226526,241.96,245.0,0.0,0.0,3.03,0,4
20:25:18.421,1226626,242.02,245.0,0.0,0.0,2.97,0,4
20:25:18.515,1226726,242.02,245.0,30.0,0.0,2.97,0,5
20:25:18.617,1226826,242.02,245.0,30.0,0.0,2.97,0,5
20:25:18.716,1226926,242.05,245.0,7.0,0.0,2.94,0,4
20:25:18.814,1227026,242.09,245.0,2.0,0.0,2.9,0,4
20:25:18.915,1227126,242.15,245.0,0.0,0.0,2.84,0,4
20:25:19.014,1227226,242.21,245.0,0.0,0.0,2.78,0,4
20:25:19.113,1227326,242.21,245.0,30.0,0.0,2.78,0,5
20:25:19.217,1227426,242.25,245.0,6.0,0.0,2.74,0,4
20:25:19.313,1227526,242.29,245.0,1.0,0.0,2.7,0,4
20:25:19.416,1227626,242.34,245.0,0.0,0.0,2.65,0,4
20:25:19.513,1227726,242.41,245.0,0.0,0.0,2.58,0,4
20:25:19.614,1227826,242.41,245.0,0.0,0.0,2.58,0,4
20:25:19.717,1227926,242.45,245.0,5.0,0.0,2.54,0,4
20:25:19.813,1228026,242.49,245.0,0.0,0.0,2.5,0,4
20:25:19.916,1228126,242.55,245.0,0.0,0.0,2.44,0,4
20:25:20.027,1228226,242.59,245.0,7.0,0.0,2.4,0,4
20:25:20.114,1228326,242.63,245.0,1.0,0.0,2.36,0,4
20:25:20.215,1228426,242.66,245.0,4.0,0.0,2.33,0,4
20:25:20.313,1228526,242.73,245.0,0.0,0.0,2.26,0,4
20:25:20.416,1228626,242.77,245.0,4.0,0.0,2.22,0,4
20:25:20.514,1228726,242.81,245.0,0.0,0.0,2.18,0,4
20:25:20.613,1228826,242.85,245.0,2.0,0.0,2.14,0,4
20:25:20.715,1228926,242.85,245.0,2.0,0.0,2.14,0,4
20:25:20.813,1229026,242.91,245.0,0.0,0.0,2.08,0,4
20:25:20.913,1229126,242.98,245.0,0.0,0.0,2.01,0,4
20:25:21.013,1229226,243.02,245.0,0.0,0.0,1.97,0,4
20:25:21.118,1229326,243.06,245.0,1.0,0.0,1.93,0,4
20:25:21.213,1229426,243.1,245.0,4.0,0.0,1.89,0,4
20:25:21.314,1229526,243.11,245.0,22.0,0.0,1.88,0,5
20:25:21.417,1229626,243.11,245.0,30.0,0.0,1.88,0,5
20:25:21.514,1229726,243.13,245.0,15.0,0.0,1.86,0,5
20:25:21.613,1229826,243.13,245.0,29.0,0.0,1.86,0,5
20:25:21.721,1229926,243.14,245.0,24.0,0.0,1.85,0,5
20:25:21.814,1230026,243.18,245.0,2.0,0.0,1.81,0,4
20:25:21.913,1230126,243.22,245.0,0.0,0.0,1.77,0,4
20:25:22.016,1230226,243.27,245.0,0.0,0.0,1.72,0,4
20:25:22.117,1230326,243.3,245.0,3.0,0.0,1.69,0,4
20:25:22.216,1230426,243.35,245.0,0.0,0.0,1.64,0,4
20:25:22.320,1230526,243.38,245.0,8.0,0.0,1.61,0,4
20:25:22.415,1230626,243.4,245.0,10.0,0.0,1.59,0,4
20:25:22.514,1230726,243.45,245.0,0.0,0.0,1.54,0,4
20:25:22.614,1230826,243.47,245.0,15.0,0.0,1.52,0,5
20:25:22.715,1230926,243.51,245.0,1.0,0.0,1.48,0,4
20:25:22.812,1231026,243.51,245.0,1.0,0.0,1.48,0,4
