2026-02-03 11:03:55,739 [INFO] Activator:176 - 


2026-02-03 11:03:55,746 [INFO] Activator:177 - !SESSION log4j initialized
2026-02-03 11:04:02,679 [INFO] LogOutputStream:77 - [STDOUT_REDIRECT] 
2026-02-03 11:04:04,795 [INFO] ApplicationProperties:184 - Using Application install path: C:\ST\STM32CubeIDE_1.19.0\STM32CubeIDE\plugins\com.st.stm32cube.common.mx_6.15.0.202507011659
2026-02-03 11:04:04,815 [INFO] DbMcusXml:78 - Set database path to: C:\ST\STM32CubeIDE_1.19.0\STM32CubeIDE\plugins\com.st.stm32cube.common.mx_6.15.0.202507011659\\db\/mcu/
2026-02-03 11:04:04,816 [INFO] ApiDb:274 - Set plugin database path to: C:\ST\STM32CubeIDE_1.19.0\STM32CubeIDE\plugins\com.st.stm32cube.common.mx_6.15.0.202507011659\\db\/plugins/boardmanager/
2026-02-03 11:04:04,816 [WARN] ApiDb:259 - Overriding images path with different value:  => C:\ST\STM32CubeIDE_1.19.0\STM32CubeIDE\plugins\com.st.stm32cube.common.mx_6.15.0.202507011659\\db\/plugins/mcufinder/images/
2026-02-03 11:04:04,826 [INFO] ApiDb:250 - Set database path to: C:\Users\nsorr\.stmcufinder\plugins\mcufinder//mcu/
2026-02-03 11:04:04,830 [INFO] DbMcusAds:125 - Set database path to: C:\Users\nsorr\.stmcufinder\plugins\mcufinder//mcu/
2026-02-03 11:04:04,834 [INFO] CrossReferenceDbSqlite:203 - Set database path to: C:\Users\nsorr\.stmcufinder\plugins\mcufinder//mcu/cs/
2026-02-03 11:04:04,986 [INFO] RulesReader:64 - Compatibility file has been processed (317 Rules)
2026-02-03 11:04:05,093 [INFO] DbMcusXml:78 - Set database path to: C:\ST\STM32CubeIDE_1.19.0\STM32CubeIDE\plugins\com.st.stm32cube.common.mx_6.15.0.202507011659\\db\/mcu/
2026-02-03 11:04:05,093 [INFO] ApiDb:274 - Set plugin database path to: C:\ST\STM32CubeIDE_1.19.0\STM32CubeIDE\plugins\com.st.stm32cube.common.mx_6.15.0.202507011659\\db\/plugins/boardmanager/
2026-02-03 11:04:05,094 [INFO] ApiDb:261 - Set plugin images path to: C:\ST\STM32CubeIDE_1.19.0\STM32CubeIDE\plugins\com.st.stm32cube.common.mx_6.15.0.202507011659\\db\/plugins/mcufinder/images/
2026-02-03 11:04:05,094 [WARN] DbFile:41 - Overriding database path with different value: C:\Users\nsorr\.stmcufinder\plugins\mcufinder/ => C:\Users\nsorr\.stmcufinder\plugins\mcufinder
2026-02-03 11:04:05,094 [INFO] ApiDb:250 - Set database path to: C:\Users\nsorr\.stmcufinder\plugins\mcufinder//mcu/
2026-02-03 11:04:05,094 [WARN] DbFile:41 - Overriding database path with different value: C:\Users\nsorr\.stmcufinder\plugins\mcufinder/ => C:\Users\nsorr\.stmcufinder\plugins\mcufinder
2026-02-03 11:04:05,094 [INFO] DbMcusAds:125 - Set database path to: C:\Users\nsorr\.stmcufinder\plugins\mcufinder//mcu/
2026-02-03 11:04:05,094 [WARN] DbFile:41 - Overriding database path with different value: C:\Users\nsorr\.stmcufinder\plugins\mcufinder/ => C:\Users\nsorr\.stmcufinder\plugins\mcufinder
2026-02-03 11:04:05,094 [WARN] DbFile:41 - Overriding database path with different value: C:\Users\nsorr\.stmcufinder\plugins\mcufinder/ => C:\Users\nsorr\.stmcufinder\plugins\mcufinder
2026-02-03 11:04:05,094 [INFO] CrossReferenceDbSqlite:203 - Set database path to: C:\Users\nsorr\.stmcufinder\plugins\mcufinder//mcu/cs/
2026-02-03 11:04:05,181 [INFO] MainPanel:274 - HeapMemory: 268435456
2026-02-03 11:04:05,314 [INFO] DbMcusXml:78 - Set database path to: C:\ST\STM32CubeIDE_1.19.0\STM32CubeIDE\plugins\com.st.stm32cube.common.mx_6.15.0.202507011659\\db\/mcu/
2026-02-03 11:04:05,314 [INFO] ApiDb:274 - Set plugin database path to: C:\ST\STM32CubeIDE_1.19.0\STM32CubeIDE\plugins\com.st.stm32cube.common.mx_6.15.0.202507011659\\db\/plugins/boardmanager/
2026-02-03 11:04:05,314 [INFO] ApiDb:261 - Set plugin images path to: C:\ST\STM32CubeIDE_1.19.0\STM32CubeIDE\plugins\com.st.stm32cube.common.mx_6.15.0.202507011659\\db\/plugins/mcufinder/images/
2026-02-03 11:04:05,314 [WARN] DbFile:41 - Overriding database path with different value: C:\Users\nsorr\.stmcufinder\plugins\mcufinder/ => C:\Users\nsorr\.stmcufinder\plugins\mcufinder
2026-02-03 11:04:05,314 [INFO] ApiDb:250 - Set database path to: C:\Users\nsorr\.stmcufinder\plugins\mcufinder//mcu/
2026-02-03 11:04:05,314 [WARN] DbFile:41 - Overriding database path with different value: C:\Users\nsorr\.stmcufinder\plugins\mcufinder/ => C:\Users\nsorr\.stmcufinder\plugins\mcufinder
2026-02-03 11:04:05,315 [INFO] DbMcusAds:125 - Set database path to: C:\Users\nsorr\.stmcufinder\plugins\mcufinder//mcu/
2026-02-03 11:04:05,315 [WARN] DbFile:41 - Overriding database path with different value: C:\Users\nsorr\.stmcufinder\plugins\mcufinder/ => C:\Users\nsorr\.stmcufinder\plugins\mcufinder
2026-02-03 11:04:05,315 [WARN] DbFile:41 - Overriding database path with different value: C:\Users\nsorr\.stmcufinder\plugins\mcufinder/ => C:\Users\nsorr\.stmcufinder\plugins\mcufinder
2026-02-03 11:04:05,315 [INFO] CrossReferenceDbSqlite:203 - Set database path to: C:\Users\nsorr\.stmcufinder\plugins\mcufinder//mcu/cs/
2026-02-03 11:04:05,338 [INFO] ApplicationProperties:184 - Using Application install path: C:\ST\STM32CubeIDE_1.19.0\STM32CubeIDE\plugins\com.st.stm32cube.common.mx_6.15.0.202507011659
2026-02-03 11:04:05,339 [INFO] PluginManage:196 - Search for loadable plugins [exclusion list=, ]
2026-02-03 11:04:05,341 [INFO] PluginManage:310 - Check plugin analytics
2026-02-03 11:04:05,593 [INFO] AnalyticsPlugin:253 - Accepted Software Licenses: STM32CubeMX.6.15.0
2026-02-03 11:04:05,594 [INFO] AnalyticsPlugin:255 - Accepted CMSIS Pack Licenses: 
2026-02-03 11:04:05,594 [INFO] AnalyticsPlugin:257 - Accepted Firmware Licenses: 
2026-02-03 11:04:05,598 [INFO] PluginManage:359 - Loaded plugin analytics (category:tool,tabindex:-1)
2026-02-03 11:04:05,599 [INFO] PluginManage:310 - Check plugin cadmodel
2026-02-03 11:04:05,609 [INFO] CADModel:105 - Init CAD model plugin
2026-02-03 11:04:05,609 [INFO] PluginManage:359 - Loaded plugin cadmodel (category:power,tabindex:5)
2026-02-03 11:04:05,609 [INFO] PluginManage:310 - Check plugin clock
2026-02-03 11:04:05,623 [INFO] PluginManage:359 - Loaded plugin clock (category:base,tabindex:2)
2026-02-03 11:04:05,623 [INFO] PluginManage:310 - Check plugin ddr
2026-02-03 11:04:05,626 [INFO] PluginManage:359 - Loaded plugin ddr (category:tool,tabindex:6)
2026-02-03 11:04:05,627 [INFO] PluginManage:310 - Check plugin filemanager
2026-02-03 11:04:05,812 [INFO] PluginManage:359 - Loaded plugin filemanager (category:base,tabindex:10)
2026-02-03 11:04:05,812 [INFO] PluginManage:310 - Check plugin ipmanager
2026-02-03 11:04:05,819 [INFO] PluginManage:359 - Loaded plugin ipmanager (category:base,tabindex:5)
2026-02-03 11:04:05,819 [INFO] PluginManage:310 - Check plugin lpbam
2026-02-03 11:04:05,829 [INFO] PluginManage:359 - Loaded plugin lpbam (category:base,tabindex:0)
2026-02-03 11:04:05,829 [INFO] PluginManage:310 - Check plugin memorymap
2026-02-03 11:04:05,847 [INFO] PluginManage:359 - Loaded plugin memorymap (category:base,tabindex:4)
2026-02-03 11:04:05,847 [INFO] PluginManage:310 - Check plugin pinoutandconfiguration
2026-02-03 11:04:05,859 [INFO] PluginManage:359 - Loaded plugin pinoutandconfiguration (category:base,tabindex:1)
2026-02-03 11:04:05,859 [INFO] PluginManage:310 - Check plugin pinoutconfig
2026-02-03 11:04:05,970 [WARN] SupportedApi:132 - Cannot load RTOS API schema: s4s-elt-must-match.1: The content of 'definitions' must match (annotation?, (simpleType | complexType)?, (unique | key | keyref)*)). A problem was found starting at: attribute.
2026-02-03 11:04:06,139 [INFO] PluginManage:359 - Loaded plugin pinoutconfig (category:base,tabindex:0)
2026-02-03 11:04:06,139 [INFO] PluginManage:310 - Check plugin power
2026-02-03 11:04:06,149 [INFO] PluginManage:359 - Loaded plugin power (category:power,tabindex:4)
2026-02-03 11:04:06,149 [INFO] PluginManage:310 - Check plugin projectmanager
2026-02-03 11:04:06,169 [INFO] PluginManage:359 - Loaded plugin projectmanager (category:projectmanager,tabindex:4)
2026-02-03 11:04:06,169 [INFO] PluginManage:310 - Check plugin rif
2026-02-03 11:04:06,180 [INFO] PluginManage:359 - Loaded plugin rif (category:base,tabindex:3)
2026-02-03 11:04:06,180 [INFO] PluginManage:310 - Check plugin thirdparty
2026-02-03 11:04:06,369 [INFO] PluginManage:359 - Loaded plugin thirdparty (category:base,tabindex:-1)
2026-02-03 11:04:06,369 [WARN] IntegrityCheckThread:84 - waiting for thirdparty lock release [integrity check]
2026-02-03 11:04:06,370 [INFO] PluginManage:310 - Check plugin tools
2026-02-03 11:04:06,370 [INFO] IntegrityCheckThread:86 - entering critical section [integrity check]
2026-02-03 11:04:06,370 [INFO] ThirdPartyUpdaterWithRetryManager:70 - Updater plugin not ready yet. [1/15]
2026-02-03 11:04:06,374 [INFO] PluginManage:359 - Loaded plugin tools (category:base,tabindex:7)
2026-02-03 11:04:06,374 [INFO] PluginManage:310 - Check plugin tutovideos
2026-02-03 11:04:06,644 [INFO] PluginManage:359 - Loaded plugin tutovideos (category:base,tabindex:-1)
2026-02-03 11:04:06,645 [INFO] PluginManage:310 - Check plugin updater
2026-02-03 11:04:06,675 [INFO] PluginManage:359 - Loaded plugin updater (category:base,tabindex:12)
2026-02-03 11:04:06,675 [INFO] PluginManage:310 - Check plugin userauth
2026-02-03 11:04:06,681 [INFO] UserAuth:118 - Init User Auth plugin
2026-02-03 11:04:06,682 [INFO] PluginManage:359 - Loaded plugin userauth (category:base,tabindex:14)
2026-02-03 11:04:06,683 [INFO] PluginManage:283 - PluginManage : Loaded plugins [18]
2026-02-03 11:04:06,956 [INFO] PinOutPanel:1589 - setPackage(No Configuration,No Configuration)
2026-02-03 11:04:07,078 [INFO] CADModel:165 - CPN selected for project level
2026-02-03 11:04:07,078 [INFO] CADModel:114 - Register for checkConnection events
2026-02-03 11:04:07,102 [INFO] IPUIPlugin:80 - create IPUIPlugin
2026-02-03 11:04:07,102 [INFO] PluginManager:220 - loadIPPluginJar : add adc
2026-02-03 11:04:07,106 [INFO] IPUIPlugin:80 - create IPUIPlugin
2026-02-03 11:04:07,106 [INFO] PluginManager:220 - loadIPPluginJar : add aes
2026-02-03 11:04:07,110 [INFO] IPUIPlugin:80 - create IPUIPlugin
2026-02-03 11:04:07,111 [INFO] PluginManager:220 - loadIPPluginJar : add can
2026-02-03 11:04:07,113 [INFO] IPUIPlugin:80 - create IPUIPlugin
2026-02-03 11:04:07,113 [INFO] PluginManager:220 - loadIPPluginJar : add comp
2026-02-03 11:04:07,116 [INFO] IPUIPlugin:80 - create IPUIPlugin
2026-02-03 11:04:07,116 [INFO] PluginManager:220 - loadIPPluginJar : add cryp
2026-02-03 11:04:07,121 [INFO] IPUIPlugin:80 - create IPUIPlugin
2026-02-03 11:04:07,122 [INFO] PluginManager:220 - loadIPPluginJar : add ddr_ctrl_phy
2026-02-03 11:04:07,125 [INFO] IPUIPlugin:80 - create IPUIPlugin
2026-02-03 11:04:07,125 [INFO] PluginManager:220 - loadIPPluginJar : add dfsdm
2026-02-03 11:04:07,132 [INFO] IPUIPlugin:80 - create IPUIPlugin
2026-02-03 11:04:07,132 [INFO] PluginManager:220 - loadIPPluginJar : add dma
2026-02-03 11:04:07,135 [INFO] IPUIPlugin:80 - create IPUIPlugin
2026-02-03 11:04:07,135 [INFO] PluginManager:220 - loadIPPluginJar : add dma3
2026-02-03 11:04:07,139 [INFO] IPUIPlugin:80 - create IPUIPlugin
2026-02-03 11:04:07,140 [INFO] PluginManager:220 - loadIPPluginJar : add extmemmanager
2026-02-03 11:04:07,141 [INFO] IPUIPlugin:80 - create IPUIPlugin
2026-02-03 11:04:07,141 [INFO] PluginManager:220 - loadIPPluginJar : add fatfs
2026-02-03 11:04:07,149 [INFO] IPUIPlugin:80 - create IPUIPlugin
2026-02-03 11:04:07,149 [INFO] PluginManager:220 - loadIPPluginJar : add fmc
2026-02-03 11:04:07,158 [INFO] IPUIPlugin:80 - create IPUIPlugin
2026-02-03 11:04:07,158 [INFO] PluginManager:220 - loadIPPluginJar : add freertos
2026-02-03 11:04:07,160 [INFO] IPUIPlugin:80 - create IPUIPlugin
2026-02-03 11:04:07,160 [INFO] PluginManager:220 - loadIPPluginJar : add genericplugin
2026-02-03 11:04:07,164 [INFO] IPUIPlugin:80 - create IPUIPlugin
2026-02-03 11:04:07,164 [INFO] PluginManager:220 - loadIPPluginJar : add gfxmmu
2026-02-03 11:04:07,169 [INFO] IPUIPlugin:80 - create IPUIPlugin
2026-02-03 11:04:07,169 [INFO] PluginManager:220 - loadIPPluginJar : add gic
2026-02-03 11:04:07,174 [INFO] IPUIPlugin:80 - create IPUIPlugin
2026-02-03 11:04:07,174 [INFO] PluginManager:220 - loadIPPluginJar : add gpio
2026-02-03 11:04:07,177 [INFO] IPUIPlugin:80 - create IPUIPlugin
2026-02-03 11:04:07,177 [INFO] PluginManager:220 - loadIPPluginJar : add gtzc
2026-02-03 11:04:07,181 [INFO] IPUIPlugin:80 - create IPUIPlugin
2026-02-03 11:04:07,181 [INFO] PluginManager:220 - loadIPPluginJar : add hash
2026-02-03 11:04:07,183 [INFO] IPUIPlugin:80 - create IPUIPlugin
2026-02-03 11:04:07,184 [INFO] PluginManager:220 - loadIPPluginJar : add i2c
2026-02-03 11:04:07,186 [INFO] IPUIPlugin:80 - create IPUIPlugin
2026-02-03 11:04:07,186 [INFO] PluginManager:220 - loadIPPluginJar : add i2s
2026-02-03 11:04:07,189 [INFO] IPUIPlugin:80 - create IPUIPlugin
2026-02-03 11:04:07,189 [INFO] PluginManager:220 - loadIPPluginJar : add i3c
2026-02-03 11:04:07,194 [INFO] IPUIPlugin:80 - create IPUIPlugin
2026-02-03 11:04:07,194 [INFO] PluginManager:220 - loadIPPluginJar : add ipddr
2026-02-03 11:04:07,204 [INFO] IPUIPlugin:80 - create IPUIPlugin
2026-02-03 11:04:07,204 [INFO] PluginManager:220 - loadIPPluginJar : add linkedlist
2026-02-03 11:04:07,208 [INFO] IPUIPlugin:80 - create IPUIPlugin
2026-02-03 11:04:07,208 [INFO] PluginManager:220 - loadIPPluginJar : add lorawan
2026-02-03 11:04:07,211 [INFO] IPUIPlugin:80 - create IPUIPlugin
2026-02-03 11:04:07,211 [INFO] PluginManager:220 - loadIPPluginJar : add ltdc
2026-02-03 11:04:07,217 [INFO] IPUIPlugin:80 - create IPUIPlugin
2026-02-03 11:04:07,217 [INFO] PluginManager:220 - loadIPPluginJar : add mdma
2026-02-03 11:04:07,222 [INFO] IPUIPlugin:80 - create IPUIPlugin
2026-02-03 11:04:07,222 [INFO] PluginManager:220 - loadIPPluginJar : add nvic
2026-02-03 11:04:07,226 [INFO] IPUIPlugin:80 - create IPUIPlugin
2026-02-03 11:04:07,226 [INFO] PluginManager:220 - loadIPPluginJar : add opamp
2026-02-03 11:04:07,229 [INFO] IPUIPlugin:80 - create IPUIPlugin
2026-02-03 11:04:07,229 [INFO] PluginManager:220 - loadIPPluginJar : add openamp
2026-02-03 11:04:07,234 [INFO] IPUIPlugin:80 - create IPUIPlugin
2026-02-03 11:04:07,234 [INFO] PluginManager:220 - loadIPPluginJar : add pdm2pcm
2026-02-03 11:04:07,242 [INFO] IPUIPlugin:80 - create IPUIPlugin
2026-02-03 11:04:07,244 [INFO] PluginManager:220 - loadIPPluginJar : add plateformsettings
2026-02-03 11:04:07,246 [INFO] IPUIPlugin:80 - create IPUIPlugin
2026-02-03 11:04:07,246 [INFO] PluginManager:220 - loadIPPluginJar : add quadspi
2026-02-03 11:04:07,247 [INFO] IPUIPlugin:80 - create IPUIPlugin
2026-02-03 11:04:07,249 [INFO] PluginManager:220 - loadIPPluginJar : add radio
2026-02-03 11:04:07,253 [INFO] IPUIPlugin:80 - create IPUIPlugin
2026-02-03 11:04:07,253 [INFO] PluginManager:220 - loadIPPluginJar : add resmgrutility
2026-02-03 11:04:07,257 [INFO] IPUIPlugin:80 - create IPUIPlugin
2026-02-03 11:04:07,258 [INFO] PluginManager:220 - loadIPPluginJar : add sai
2026-02-03 11:04:07,261 [INFO] IPUIPlugin:80 - create IPUIPlugin
2026-02-03 11:04:07,261 [INFO] PluginManager:220 - loadIPPluginJar : add spi
2026-02-03 11:04:07,268 [INFO] IPUIPlugin:80 - create IPUIPlugin
2026-02-03 11:04:07,268 [INFO] PluginManager:220 - loadIPPluginJar : add stm32_wpan
2026-02-03 11:04:07,271 [INFO] IPUIPlugin:80 - create IPUIPlugin
2026-02-03 11:04:07,271 [INFO] PluginManager:220 - loadIPPluginJar : add tim
2026-02-03 11:04:07,274 [INFO] IPUIPlugin:80 - create IPUIPlugin
2026-02-03 11:04:07,274 [INFO] PluginManager:220 - loadIPPluginJar : add touchsensing
2026-02-03 11:04:07,276 [INFO] IPUIPlugin:80 - create IPUIPlugin
2026-02-03 11:04:07,277 [INFO] PluginManager:220 - loadIPPluginJar : add tracer_emb
2026-02-03 11:04:07,279 [INFO] IPUIPlugin:80 - create IPUIPlugin
2026-02-03 11:04:07,279 [INFO] PluginManager:220 - loadIPPluginJar : add ts
2026-02-03 11:04:07,281 [INFO] IPUIPlugin:80 - create IPUIPlugin
2026-02-03 11:04:07,282 [INFO] PluginManager:220 - loadIPPluginJar : add tsc
2026-02-03 11:04:07,283 [INFO] IPUIPlugin:80 - create IPUIPlugin
2026-02-03 11:04:07,283 [INFO] PluginManager:220 - loadIPPluginJar : add ucpd
2026-02-03 11:04:07,286 [INFO] IPUIPlugin:80 - create IPUIPlugin
2026-02-03 11:04:07,286 [INFO] PluginManager:220 - loadIPPluginJar : add usart
2026-02-03 11:04:07,289 [INFO] IPUIPlugin:80 - create IPUIPlugin
2026-02-03 11:04:07,289 [INFO] PluginManager:220 - loadIPPluginJar : add usbx
2026-02-03 11:04:07,428 [FATAL] Updater:351 - Updater called before beeing initialized
2026-02-03 11:04:07,466 [INFO] RulesReader:64 - Compatibility file has been processed (317 Rules)
2026-02-03 11:04:07,483 [INFO] RulesReader:64 - Compatibility file has been processed (317 Rules)
2026-02-03 11:04:07,500 [INFO] CADModel:165 - CPN selected for project level
2026-02-03 11:04:07,502 [INFO] CADModel:114 - Register for checkConnection events
2026-02-03 11:04:07,502 [FATAL] Updater:351 - Updater called before beeing initialized
2026-02-03 11:04:07,502 [ERROR] CADModel:125 - Updater not yet initialized, retry later 
2026-02-03 11:04:07,717 [FATAL] Updater:351 - Updater called before beeing initialized
2026-02-03 11:04:07,720 [INFO] CADModel:165 - CPN selected for project level
2026-02-03 11:04:07,721 [INFO] CADModel:114 - Register for checkConnection events
2026-02-03 11:04:07,721 [FATAL] Updater:351 - Updater called before beeing initialized
2026-02-03 11:04:07,721 [ERROR] CADModel:125 - Updater not yet initialized, retry later 
2026-02-03 11:04:07,727 [FATAL] Updater:351 - Updater called before beeing initialized
2026-02-03 11:04:07,854 [FATAL] Updater:351 - Updater called before beeing initialized
2026-02-03 11:04:07,858 [INFO] DbMcusAds:53 - JSON generation date=Tue Nov 25 11:08:32 ART 2025 (1764079712835)
2026-02-03 11:04:07,858 [FATAL] Updater:351 - Updater called before beeing initialized
2026-02-03 11:04:07,899 [WARN] DetailPanel:346 - Failed to get advertising image, set to default
2026-02-03 11:04:08,075 [FATAL] Updater:351 - Updater called before beeing initialized
2026-02-03 11:04:08,077 [FATAL] Updater:351 - Updater called before beeing initialized
2026-02-03 11:04:08,077 [FATAL] Updater:351 - Updater called before beeing initialized
2026-02-03 11:04:08,078 [WARN] DetailPanel:346 - Failed to get advertising image, set to default
2026-02-03 11:04:08,079 [FATAL] Updater:351 - Updater called before beeing initialized
2026-02-03 11:04:08,129 [ERROR] Updater:1198 - MainUpdater not yet initialized. External WinMGr cannot be set.
2026-02-03 11:04:08,131 [INFO] Updater:1134 - Updater Version found : 6.15.0
2026-02-03 11:04:08,149 [INFO] ApplicationProperties:184 - Using Application install path: C:\ST\STM32CubeIDE_1.19.0\STM32CubeIDE\plugins\com.st.stm32cube.common.mx_6.15.0.202507011659
2026-02-03 11:04:09,372 [INFO] ThirdPartyUpdaterWithRetryManager:70 - Updater plugin not ready yet. [2/15]
2026-02-03 11:04:09,737 [ERROR] LogOutputStream:75 - [STDERR_REDIRECT] Feb 03, 2026 11:04:09 AM java.util.prefs.WindowsPreferences <init>
2026-02-03 11:04:09,740 [ERROR] LogOutputStream:75 - [STDERR_REDIRECT] WARNING: Could not open/create prefs root node Software\JavaSoft\Prefs at root 0xffffffff80000002. Windows RegCreateKeyEx(...) returned error code 5.
2026-02-03 11:04:09,740 [ERROR] LogOutputStream:75 - [STDERR_REDIRECT] 
2026-02-03 11:04:10,311 [INFO] MainUpdater:2872 - connection check result : 10
2026-02-03 11:04:10,312 [INFO] MainUpdater:289 - Updater Check For Update Now.
2026-02-03 11:04:10,312 [INFO] MicroXplorer:498 - Change Database Version : DB.6.0.150
2026-02-03 11:04:10,327 [INFO] McuFinderGlobals:63 - Set McuFinder mode to 2 (CubeIDE integrated)
2026-02-03 11:04:10,329 [INFO] UserAuth:487 - Internet connection configuration mode: 1
2026-02-03 11:04:10,385 [INFO] JxBrowserEngine:152 - Initiate JxBrowser Engine with user profile folder
2026-02-03 11:04:10,526 [INFO] CheckServerUpdateThread:120 - End of CheckServer Thread
2026-02-03 11:04:12,172 [INFO] WebApp:169 - Instantiating new browser for Auth
2026-02-03 11:04:12,721 [WARN] PackLoader:240 - Cannot read IP mode file for STMicroelectronics.FP-SNS-MOTENVWB1.1.4.0
2026-02-03 11:04:12,731 [WARN] PackLoader:240 - Cannot read IP mode file for STMicroelectronics.FP-ATR-ASTRA1.2.0.2
2026-02-03 11:04:12,741 [WARN] PackLoader:240 - Cannot read IP mode file for STMicroelectronics.X-CUBE-SMBUS.2.1.0
2026-02-03 11:04:12,749 [WARN] PackLoader:240 - Cannot read IP mode file for STMicroelectronics.X-CUBE-ST60.1.0.0
2026-02-03 11:04:12,779 [WARN] PackLoader:240 - Cannot read IP mode file for STMicroelectronics.X-CUBE-AZRTOS-F7.1.1.0
2026-02-03 11:04:12,789 [WARN] PackLoader:240 - Cannot read IP mode file for STMicroelectronics.FP-SNS-MOTENV1.5.1.0
2026-02-03 11:04:12,819 [WARN] PackLoader:240 - Cannot read IP mode file for Infineon.AIROC-Wi-Fi-Bluetooth-STM32.1.7.1
2026-02-03 11:04:12,856 [WARN] PackLoader:240 - Cannot read IP mode file for STMicroelectronics.X-CUBE-AZRTOS-H7.3.4.0
2026-02-03 11:04:12,868 [WARN] PackLoader:240 - Cannot read IP mode file for STMicroelectronics.X-CUBE-DISPLAY.3.0.0
2026-02-03 11:04:12,884 [WARN] PackLoader:240 - Cannot read IP mode file for STMicroelectronics.X-CUBE-NFC10.1.0.0
2026-02-03 11:04:12,891 [WARN] PackLoader:240 - Cannot read IP mode file for STMicroelectronics.X-CUBE-ST60.1.1.0
2026-02-03 11:04:12,896 [WARN] PackLoader:240 - Cannot read IP mode file for emotas.I-CUBE-CANOPEN.1.3.0
2026-02-03 11:04:12,902 [WARN] PackLoader:240 - Cannot read IP mode file for STMicroelectronics.X-CUBE-GNSS1.7.1.0
2026-02-03 11:04:12,911 [WARN] PackLoader:240 - Cannot read IP mode file for STMicroelectronics.FP-SNS-STBOX1.2.1.0
2026-02-03 11:04:12,918 [WARN] PackLoader:240 - Cannot read IP mode file for STMicroelectronics.FP-SNS-SMARTAG2.1.2.0
2026-02-03 11:04:12,922 [WARN] PackLoader:240 - Cannot read IP mode file for STMicroelectronics.FP-SNS-FLIGHT1.5.1.0
2026-02-03 11:04:12,929 [INFO] LogOutputStream:77 - [STDOUT_REDIRECT] 1 : Invalid condition id : UX_CORESTACK_Condition cause : null
2026-02-03 11:04:12,931 [INFO] LogOutputStream:77 - [STDOUT_REDIRECT] 1 : Invalid condition id : UX_CORESTACK_Condition cause : null
2026-02-03 11:04:12,932 [INFO] LogOutputStream:77 - [STDOUT_REDIRECT] 1 : Invalid condition id : UX_CORESTACK_Condition cause : null
2026-02-03 11:04:12,933 [INFO] LogOutputStream:77 - [STDOUT_REDIRECT] 1 : Invalid condition id : UX_CORESTACK_Condition cause : null
2026-02-03 11:04:12,934 [INFO] LogOutputStream:77 - [STDOUT_REDIRECT] 1 : Invalid condition id : UX_CORESTACK_Condition cause : null
2026-02-03 11:04:12,936 [WARN] PackLoader:240 - Cannot read IP mode file for STMicroelectronics.X-CUBE-AZRTOS-WL.2.0.0
2026-02-03 11:04:12,940 [WARN] PackLoader:240 - Cannot read IP mode file for STMicroelectronics.FP-SNS-MOTENV1.5.0.0
2026-02-03 11:04:12,954 [WARN] PackLoader:240 - Cannot read IP mode file for STMicroelectronics.X-CUBE-AZRTOS-H7RS.1.2.0
2026-02-03 11:04:12,965 [WARN] PackLoader:240 - Cannot read IP mode file for WES.I-CUBE-Cesium.1.3.0
2026-02-03 11:04:12,970 [WARN] PackLoader:240 - Cannot read IP mode file for STMicroelectronics.X-CUBE-BLE2.3.3.0
2026-02-03 11:04:12,994 [WARN] PackLoader:240 - Cannot read IP mode file for STMicroelectronics.X-CUBE-NFC9.1.0.0
2026-02-03 11:04:12,999 [WARN] PackLoader:240 - Cannot read IP mode file for wolfSSL.I-CUBE-wolfSSL.5.8.2
2026-02-03 11:04:13,007 [WARN] PackLoader:240 - Cannot read IP mode file for STMicroelectronics.X-CUBE-BLE1.7.1.0
2026-02-03 11:04:13,012 [WARN] PackLoader:240 - Cannot read IP mode file for wolfSSL.I-CUBE-wolfMQTT.1.19.2
2026-02-03 11:04:13,018 [WARN] PackLoader:240 - Cannot read IP mode file for STMicroelectronics.X-CUBE-FREERTOS.1.4.0
2026-02-03 11:04:13,025 [WARN] PackLoader:240 - Cannot read IP mode file for STMicroelectronics.X-CUBE-EEPRMA1.5.2.0
2026-02-03 11:04:13,033 [WARN] PackLoader:240 - Cannot read IP mode file for STMicroelectronics.X-CUBE-ST67W61.1.1.0
2026-02-03 11:04:13,074 [WARN] PackLoader:240 - Cannot read IP mode file for STMicroelectronics.X-CUBE-MEMS1.12.0.0
2026-02-03 11:04:13,182 [WARN] PackLoader:240 - Cannot read IP mode file for STMicroelectronics.X-CUBE-AZRTOS-G0.1.1.0
2026-02-03 11:04:13,190 [WARN] PackLoader:240 - Cannot read IP mode file for STMicroelectronics.X-CUBE-SAFEA1.1.2.2
2026-02-03 11:04:13,195 [WARN] PackLoader:240 - Cannot read IP mode file for STMicroelectronics.X-CUBE-NFC4.3.0.0
2026-02-03 11:04:13,202 [WARN] PackLoader:240 - Cannot read IP mode file for EmbeddedOffice.I-CUBE-FS-RTOS.1.0.1
2026-02-03 11:04:13,208 [WARN] PackLoader:240 - Cannot read IP mode file for STMicroelectronics.X-CUBE-WB05N.2.0.0
2026-02-03 11:04:13,217 [WARN] PackLoader:240 - Cannot read IP mode file for wolfSSL.I-CUBE-wolfTPM.3.8.0
2026-02-03 11:04:13,224 [WARN] PackLoader:240 - Cannot read IP mode file for STMicroelectronics.X-CUBE-TCPP.4.2.0
2026-02-03 11:04:13,230 [WARN] PackLoader:240 - Cannot read IP mode file for RealThread.X-CUBE-RT-Thread_Nano.4.1.1
2026-02-03 11:04:13,236 [WARN] PackLoader:240 - Cannot read IP mode file for STMicroelectronics.FP-ATR-SIGFOX1.3.2.0
2026-02-03 11:04:13,242 [WARN] PackLoader:240 - Cannot read IP mode file for ITTIA_DB.I-CUBE-ITTIADB.8.9.0
2026-02-03 11:04:13,249 [WARN] PackLoader:240 - Cannot read IP mode file for STMicroelectronics.X-CUBE-NFC6.3.2.0
2026-02-03 11:04:13,261 [WARN] PackLoader:240 - Cannot read IP mode file for STMicroelectronics.X-CUBE-ST67W61.1.0.0
2026-02-03 11:04:13,265 [WARN] PackLoader:240 - Cannot read IP mode file for STMicroelectronics.X-CUBE-AI.10.2.0
2026-02-03 11:04:13,287 [WARN] PackLoader:240 - Cannot read IP mode file for SEGGER.I-CUBE-embOS.1.3.1
2026-02-03 11:04:13,343 [WARN] PackLoader:240 - Cannot read IP mode file for STMicroelectronics.X-CUBE-ALGOBUILD.1.4.0
2026-02-03 11:04:13,431 [WARN] PackLoader:240 - Cannot read IP mode file for STMicroelectronics.X-CUBE-MEMS1.11.3.0
2026-02-03 11:04:13,545 [WARN] PackLoader:240 - Cannot read IP mode file for STMicroelectronics.X-CUBE-PM33A1.1.0.0
2026-02-03 11:04:13,562 [WARN] PackLoader:240 - Cannot read IP mode file for STMicroelectronics.X-CUBE-AZRTOS-F4.1.1.0
2026-02-03 11:04:13,569 [WARN] PackLoader:240 - Cannot read IP mode file for Avnet-IotConnect.X-CUBE-IoTC-DA16k-PMOD.1.0.0
2026-02-03 11:04:13,574 [WARN] PackLoader:240 - Cannot read IP mode file for STMicroelectronics.X-CUBE-ISPU.2.1.0
2026-02-03 11:04:13,589 [WARN] PackLoader:240 - Cannot read IP mode file for STMicroelectronics.X-CUBE-IPS.3.2.0
2026-02-03 11:04:13,603 [WARN] PackLoader:240 - Cannot read IP mode file for STMicroelectronics.X-CUBE-NFC12.1.0.0
2026-02-03 11:04:13,621 [WARN] PackLoader:240 - Cannot read IP mode file for STMicroelectronics.X-CUBE-AZRTOS-L5.2.0.0
2026-02-03 11:04:13,629 [WARN] PackLoader:240 - Cannot read IP mode file for STMicroelectronics.X-CUBE-NFC6.3.1.0
2026-02-03 11:04:13,639 [WARN] PackLoader:240 - Cannot read IP mode file for STMicroelectronics.X-CUBE-FREERTOS.1.3.1
2026-02-03 11:04:13,651 [WARN] PackLoader:240 - Cannot read IP mode file for STMicroelectronics.X-CUBE-TOUCHGFX.4.26.0
2026-02-03 11:04:13,658 [WARN] PackLoader:240 - Cannot read IP mode file for STMicroelectronics.FP-SNS-STAIOTCFT.1.0.0
2026-02-03 11:04:13,664 [WARN] PackLoader:240 - Cannot read IP mode file for STMicroelectronics.X-CUBE-DPower.1.3.0
2026-02-03 11:04:13,682 [WARN] ConditionMgr:438 - getConditionDescription Invalid condition id : LAN8742 Phy interface Condition cause : null
2026-02-03 11:04:13,683 [WARN] PackLoader:240 - Cannot read IP mode file for STMicroelectronics.X-CUBE-AZRTOS-L4.2.0.0
2026-02-03 11:04:13,684 [WARN] ConditionMgr:1044 - genDependencies : Invalid condition id : LAN8742 Phy interface Condition cause : null
2026-02-03 11:04:13,685 [WARN] ConditionMgr:1044 - genDependencies : Invalid condition id : LAN8742 Phy interface Condition cause : null
2026-02-03 11:04:13,685 [WARN] ConditionMgr:1044 - genDependencies : Invalid condition id : LAN8742 Phy interface Condition cause : null
2026-02-03 11:04:13,696 [WARN] PackLoader:240 - Cannot read IP mode file for STMicroelectronics.X-CUBE-SFXS2LP1.4.0.0
2026-02-03 11:04:13,707 [WARN] PackLoader:240 - Cannot read IP mode file for STMicroelectronics.X-CUBE-ST67W61.1.2.0
2026-02-03 11:04:13,724 [WARN] PackLoader:240 - Cannot read IP mode file for STMicroelectronics.X-CUBE-BLEMGR.4.1.0
2026-02-03 11:04:13,740 [WARN] ConditionMgr:438 - getConditionDescription Invalid condition id : UX DEVICE CLASS RTOS Condition cause : null
2026-02-03 11:04:13,740 [WARN] ConditionMgr:438 - getConditionDescription Invalid condition id : UX DEVICE CLASS RTOS Condition cause : null
2026-02-03 11:04:13,742 [WARN] PackLoader:240 - Cannot read IP mode file for STMicroelectronics.X-CUBE-AZRTOS-WB.2.0.0
2026-02-03 11:04:13,743 [WARN] ConditionMgr:1044 - genDependencies : Invalid condition id : UX DEVICE CLASS RTOS Condition cause : null
2026-02-03 11:04:13,743 [WARN] ConditionMgr:1044 - genDependencies : Invalid condition id : UX DEVICE CLASS RTOS Condition cause : null
2026-02-03 11:04:13,743 [WARN] ConditionMgr:1044 - genDependencies : Invalid condition id : UX DEVICE CLASS RTOS Condition cause : null
2026-02-03 11:04:13,744 [WARN] ConditionMgr:1044 - genDependencies : Invalid condition id : UX DEVICE CLASS RTOS Condition cause : null
2026-02-03 11:04:13,744 [WARN] ConditionMgr:1044 - genDependencies : Invalid condition id : UX DEVICE CLASS RTOS Condition cause : null
2026-02-03 11:04:13,750 [WARN] PackLoader:240 - Cannot read IP mode file for STMicroelectronics.X-CUBE-GNSS1.7.0.1
2026-02-03 11:04:13,754 [WARN] PackLoader:240 - Cannot read IP mode file for STMicroelectronics.X-CUBE-TOUCHGFX.4.25.0
2026-02-03 11:04:13,759 [WARN] ConditionMgr:438 - getConditionDescription Invalid condition id : Cortex-A Device cause : null
2026-02-03 11:04:13,776 [WARN] ConditionMgr:1044 - genDependencies : Invalid condition id : Cortex-A Device cause : null
2026-02-03 11:04:13,776 [WARN] ConditionMgr:1044 - genDependencies : Invalid condition id : Cortex-A Device cause : null
2026-02-03 11:04:13,776 [WARN] ConditionMgr:1044 - genDependencies : Invalid condition id : Cortex-A Device cause : null
2026-02-03 11:04:13,784 [WARN] PackLoader:240 - Cannot read IP mode file for STMicroelectronics.X-CUBE-STSE01.2.0.0
2026-02-03 11:04:13,795 [WARN] PackLoader:240 - Cannot read IP mode file for STMicroelectronics.X-CUBE-SUBG2.5.0.0
2026-02-03 11:04:13,816 [WARN] PackLoader:240 - Cannot read IP mode file for STMicroelectronics.X-CUBE-AZRTOS-H7RS.1.1.0
2026-02-03 11:04:13,825 [WARN] PackLoader:240 - Cannot read IP mode file for Cesanta.I-CUBE-Mongoose.7.13.0
2026-02-03 11:04:13,840 [WARN] PackLoader:240 - Cannot read IP mode file for STMicroelectronics.X-CUBE-AZRTOS-G4.2.0.0
2026-02-03 11:04:13,847 [WARN] PackLoader:240 - Cannot read IP mode file for wolfSSL.I-CUBE-wolfSSH.1.4.20
2026-02-03 11:04:13,854 [WARN] PackLoader:240 - Cannot read IP mode file for STMicroelectronics.X-CUBE-NFC7.2.0.0
2026-02-03 11:04:13,867 [WARN] PackLoader:240 - Cannot read IP mode file for STMicroelectronics.X-CUBE-IPS.3.1.0
2026-02-03 11:04:13,878 [WARN] PackLoader:240 - Cannot read IP mode file for STMicroelectronics.X-CUBE-ALS.1.0.2
2026-02-03 11:04:13,884 [WARN] PackLoader:240 - Cannot read IP mode file for STMicroelectronics.X-CUBE-STSE01.1.0.0
2026-02-03 11:04:13,890 [WARN] PackLoader:240 - Cannot read IP mode file for portGmbH.I-Cube-SoM-uGOAL.1.1.0
2026-02-03 11:04:13,901 [WARN] PackLoader:240 - Cannot read IP mode file for STMicroelectronics.X-CUBE-TOF1.3.4.3
2026-02-03 11:04:13,913 [INFO] ThirdParty:978 - Integrity check success = true
2026-02-03 11:04:13,914 [INFO] IntegrityCheckThread:100 - exiting critical section [integrity check]
2026-02-03 11:04:13,914 [INFO] IntegrityCheckThread:103 - End integrity checks thread
2026-02-03 11:04:13,953 [INFO] WebApp:463 - Apply proxy settings
2026-02-03 11:04:13,954 [INFO] WebApp:548 - Chromium requires no authentication
2026-02-03 11:04:13,990 [INFO] WebApp:491 - Direct internet connection detected
2026-02-03 11:04:14,185 [INFO] WebApp:900 - Register for checkConnection events
2026-02-03 11:04:14,185 [INFO] WebApp:463 - Apply proxy settings
2026-02-03 11:04:14,185 [INFO] WebApp:548 - Chromium requires no authentication
2026-02-03 11:04:14,186 [INFO] WebApp:491 - Direct internet connection detected
2026-02-03 11:04:14,259 [INFO] WebApp:191 - Connection restablished
2026-02-03 11:04:14,534 [INFO] WebApp:225 - Starting web application
2026-02-03 11:04:14,534 [INFO] WebApp:593 - Web application path used C:\ST\STM32CubeIDE_1.19.0\STM32CubeIDE\plugins\com.st.stm32cube.common.mx_6.15.0.202507011659\db\plugins\mcufinder\reactClient1\index.html
2026-02-03 11:04:14,876 [INFO] UserAuth:487 - Internet connection configuration mode: 1
2026-02-03 11:05:22,476 [INFO] McuFinderGlobals:63 - Set McuFinder mode to 2 (CubeIDE integrated)
2026-02-03 11:05:22,482 [INFO] MainUpdater:2872 - connection check result : 10
2026-02-03 11:05:22,484 [INFO] MainUpdater:2872 - connection check result : 10
2026-02-03 11:05:22,541 [INFO] MicroXplorer:468 - Change Database Path : 
2026-02-03 11:05:22,541 [INFO] MicroXplorer:498 - Change Database Version : DB.6.0.150
2026-02-03 11:05:22,565 [WARN] ThirdParty:871 - waiting for thirdparty lock release [close project]
2026-02-03 11:05:22,565 [INFO] ThirdParty:873 - entering critical section [close project]
2026-02-03 11:05:22,566 [INFO] ThirdParty:883 - exiting critical section [close project]
2026-02-03 11:05:22,575 [INFO] PinOutPanel:1589 - setPackage(No Configuration,No Configuration)
2026-02-03 11:05:22,579 [INFO] UtilMem:75 - Begin LoadConfig() Used Memory: 578471640 Bytes (675282944)
2026-02-03 11:05:22,582 [INFO] MicroXplorer:468 - Change Database Path : 
2026-02-03 11:05:22,582 [INFO] MicroXplorer:498 - Change Database Version : DB.6.0.150
2026-02-03 11:05:22,582 [INFO] OpenFileManager:355 - Change cursor
2026-02-03 11:05:22,668 [INFO] Mcu:2029 - Initializing MCU STM32F103C(8-B)Tx STM32F103C8Tx STM32F103C8T6
2026-02-03 11:05:24,113 [INFO] Context:786 - Trying to add GPIOservice into a context  which must be forbidden
2026-02-03 11:05:24,413 [INFO] ImportTextPane:234 - (OptionalMessage_ERROR) Pin19 (VP_RIF_VS_RIF1) cannot be retrieved for this MCU
2026-02-03 11:05:24,547 [INFO] RtosManager:558 - Registered RTOS mode: class=CMSIS, group=RTOS, mode=CMSIS_V1, owner=FREERTOS
2026-02-03 11:05:24,547 [INFO] RtosManager:558 - Registered RTOS mode: class=CMSIS, group=RTOS2, mode=CMSIS_V2, owner=FREERTOS
2026-02-03 11:05:24,548 [INFO] RtosManager:558 - Registered RTOS mode: class=RTOS, group=Core, mode=CMSIS_V1, owner=FREERTOS
2026-02-03 11:05:24,548 [INFO] RtosManager:558 - Registered RTOS mode: class=RTOS, group=Core, mode=CMSIS_V2, owner=FREERTOS
2026-02-03 11:05:24,548 [WARN] ModelIntegratedComponent:184 - Missing modes for component STMicroelectronics:FreeRTOS:0.0.1:STMicroelectronics:RTOS:FreeRTOS:Core:::10.2.0:
2026-02-03 11:05:24,560 [WARN] ModelIntegratedComponent:63 - No mode defined for component null
2026-02-03 11:05:24,560 [WARN] ModelIntegratedComponent:63 - No mode defined for component null
2026-02-03 11:05:24,560 [WARN] ModelIntegratedComponent:63 - No mode defined for component null
2026-02-03 11:05:24,560 [WARN] ModelIntegratedComponent:63 - No mode defined for component null
2026-02-03 11:05:24,560 [WARN] ModelIntegratedComponent:63 - No mode defined for component null
2026-02-03 11:05:24,560 [WARN] ModelIntegratedComponent:63 - No mode defined for component null
2026-02-03 11:05:24,560 [WARN] ModelIntegratedComponent:63 - No mode defined for component null
2026-02-03 11:05:24,560 [WARN] ModelIntegratedComponent:63 - No mode defined for component null
2026-02-03 11:05:24,560 [WARN] ModelIntegratedComponent:63 - No mode defined for component null
2026-02-03 11:05:24,560 [WARN] ModelIntegratedComponent:63 - No mode defined for component null
2026-02-03 11:05:24,561 [WARN] ModelIntegratedComponent:63 - No mode defined for component null
2026-02-03 11:05:24,561 [WARN] ModelIntegratedComponent:63 - No mode defined for component null
2026-02-03 11:05:24,561 [WARN] ModelIntegratedComponent:63 - No mode defined for component null
2026-02-03 11:05:24,561 [WARN] ModelIntegratedComponent:63 - No mode defined for component null
2026-02-03 11:05:24,561 [WARN] ModelIntegratedComponent:63 - No mode defined for component null
2026-02-03 11:05:24,561 [WARN] ModelIntegratedComponent:63 - No mode defined for component null
2026-02-03 11:05:24,561 [WARN] ModelIntegratedComponent:63 - No mode defined for component null
2026-02-03 11:05:24,561 [WARN] ModelIntegratedComponent:63 - No mode defined for component null
2026-02-03 11:05:24,561 [WARN] ModelIntegratedComponent:63 - No mode defined for component null
2026-02-03 11:05:24,561 [WARN] ModelIntegratedComponent:63 - No mode defined for component null
2026-02-03 11:05:24,561 [WARN] ModelIntegratedComponent:63 - No mode defined for component null
2026-02-03 11:05:24,561 [WARN] ModelIntegratedComponent:63 - No mode defined for component null
2026-02-03 11:05:24,561 [WARN] ModelIntegratedComponent:63 - No mode defined for component null
2026-02-03 11:05:24,561 [WARN] ModelIntegratedComponent:63 - No mode defined for component null
2026-02-03 11:05:24,561 [WARN] ModelIntegratedComponent:63 - No mode defined for component null
2026-02-03 11:05:24,563 [WARN] ModelIntegratedComponent:63 - No mode defined for component null
2026-02-03 11:05:24,563 [WARN] ModelIntegratedComponent:63 - No mode defined for component null
2026-02-03 11:05:24,563 [WARN] ModelIntegratedComponent:63 - No mode defined for component null
2026-02-03 11:05:24,563 [WARN] ModelIntegratedComponent:63 - No mode defined for component null
2026-02-03 11:05:24,563 [WARN] ModelIntegratedComponent:63 - No mode defined for component null
2026-02-03 11:05:24,563 [WARN] ModelIntegratedComponent:63 - No mode defined for component null
2026-02-03 11:05:24,563 [WARN] ModelIntegratedComponent:63 - No mode defined for component null
2026-02-03 11:05:24,564 [WARN] ModelIntegratedComponent:63 - No mode defined for component null
2026-02-03 11:05:24,564 [WARN] ModelIntegratedComponent:63 - No mode defined for component null
2026-02-03 11:05:24,564 [WARN] ModelIntegratedComponent:63 - No mode defined for component null
2026-02-03 11:05:24,564 [WARN] ModelPack:524 - Component already loaded: STMicroelectronics:HAL Drivers:0.0.0:STMicroelectronics:Device:STMicro_Driver:XSPI:HAL::0.0.1:HAL_XSPI
2026-02-03 11:05:24,897 [INFO] ThirdPartyModel:298 - Start build external matchings
2026-02-03 11:05:25,353 [INFO] ThirdPartyModel:316 - End build external matchings
2026-02-03 11:05:25,394 [INFO] ImportTextPane:234 - (OptionalMessage_ERROR) IP (DMA) : Parameter (Instance) has Id (ADC1) currently not set
2026-02-03 11:05:25,394 [INFO] ImportTextPane:234 - (OptionalMessage_ERROR) IP (DMA) : Parameter (Direction) has Id (ADC1) currently not set
2026-02-03 11:05:25,395 [INFO] ImportTextPane:234 - (OptionalMessage_ERROR) IP (DMA) : Parameter (PeriphInc) has Id (ADC1) currently not set
2026-02-03 11:05:25,395 [INFO] ImportTextPane:234 - (OptionalMessage_ERROR) IP (DMA) : Parameter (MemInc) has Id (ADC1) currently not set
2026-02-03 11:05:25,395 [INFO] ImportTextPane:234 - (OptionalMessage_ERROR) IP (DMA) : Parameter (PeriphDataAlignment) has Id (ADC1) currently not set
2026-02-03 11:05:25,396 [INFO] ImportTextPane:234 - (OptionalMessage_ERROR) IP (DMA) : Parameter (MemDataAlignment) has Id (ADC1) currently not set
2026-02-03 11:05:25,396 [INFO] ImportTextPane:234 - (OptionalMessage_ERROR) IP (DMA) : Parameter (Mode) has Id (ADC1) currently not set
2026-02-03 11:05:25,396 [INFO] ImportTextPane:234 - (OptionalMessage_ERROR) IP (DMA) : Parameter (Priority) has Id (ADC1) currently not set
2026-02-03 11:05:25,396 [INFO] ImportTextPane:234 - (OptionalMessage_ERROR) IP (DMA) : Parameter (Instance) has Id (USART1_TX) currently not set
2026-02-03 11:05:25,397 [INFO] ImportTextPane:234 - (OptionalMessage_ERROR) IP (DMA) : Parameter (Direction) has Id (USART1_TX) currently not set
2026-02-03 11:05:25,397 [INFO] ImportTextPane:234 - (OptionalMessage_ERROR) IP (DMA) : Parameter (PeriphInc) has Id (USART1_TX) currently not set
2026-02-03 11:05:25,397 [INFO] ImportTextPane:234 - (OptionalMessage_ERROR) IP (DMA) : Parameter (MemInc) has Id (USART1_TX) currently not set
2026-02-03 11:05:25,398 [INFO] ImportTextPane:234 - (OptionalMessage_ERROR) IP (DMA) : Parameter (PeriphDataAlignment) has Id (USART1_TX) currently not set
2026-02-03 11:05:25,399 [INFO] ImportTextPane:234 - (OptionalMessage_ERROR) IP (DMA) : Parameter (MemDataAlignment) has Id (USART1_TX) currently not set
2026-02-03 11:05:25,402 [INFO] ImportTextPane:234 - (OptionalMessage_ERROR) IP (DMA) : Parameter (Mode) has Id (USART1_TX) currently not set
2026-02-03 11:05:25,403 [INFO] ImportTextPane:234 - (OptionalMessage_ERROR) IP (DMA) : Parameter (Priority) has Id (USART1_TX) currently not set
2026-02-03 11:05:25,407 [INFO] ImportTextPane:234 - (OptionalMessage_ERROR) IP (RCC) : Invalid parameter (FamilyName)
2026-02-03 11:05:25,407 [INFO] ImportTextPane:234 - (OptionalMessage_ERROR) IP (RCC) : Parameter (MCOFreq_Value) has invalid value (72000000)
2026-02-03 11:05:25,408 [INFO] ImportTextPane:234 - (OptionalMessage_ERROR) IP (RCC) : Parameter (USBFreq_Value) has invalid value (72000000)
2026-02-03 11:05:25,417 [INFO] ImportTextPane:234 - (OptionalMessage_ERROR) IP (TIM2) : Parameter (Channel) has Id (PWM Generation3 CH3) currently not set
2026-02-03 11:05:25,791 [INFO] ApiDb:581 - Connected to CubeFinder SQLite database (C:\Users\nsorr\.stmcufinder\plugins\mcufinder\mcu\cube-finder-db.db)
2026-02-03 11:05:25,892 [INFO] ApiDb:668 - CubeFinder database Data Model version=2.1
2026-02-03 11:05:25,892 [INFO] ApiDb:669 - CubeFinder database Configuration version=3.0.39
2026-02-03 11:05:25,892 [INFO] ApiDb:670 - CubeFinder database generation date=2025-11-05 (1762334721)
2026-02-03 11:05:25,892 [INFO] ApiDb:671 - CubeFinder database FW Pack versions=[FP-ATR-ASTRA1_V2.0.0, FP-SNS-FLIGHT1_V5.1.0, FP-SNS-MOTENV1_V5.1.0, FP-SNS-MOTENVWB1_V1.4.0, FP-SNS-SMARTAG2_V1.2.0, FP-SNS-STBOX1_V2.1.0, STM32Cube_FW_C0_V1.4.0, STM32Cube_FW_F4_V1.28.3, STM32Cube_FW_F7_V1.17.4, STM32Cube_FW_G0_V1.6.2, STM32Cube_FW_G4_V1.6.1, STM32Cube_FW_H5_V1.5.1, STM32Cube_FW_H7RS_V1.3.0, STM32Cube_FW_H7_V1.12.1, STM32Cube_FW_L0_V1.12.2, STM32Cube_FW_L4_V1.18.1, STM32Cube_FW_L5_V1.6.0, STM32Cube_FW_N6_V1.3.0, STM32Cube_FW_U0_V1.3.0, STM32Cube_FW_U3_V1.2.1, STM32Cube_FW_U5_V1.8.0, STM32Cube_FW_WB0_V1.4.0, STM32Cube_FW_WBA_V1.8.0, STM32Cube_FW_WB_V1.24.0, STM32Cube_FW_WL3_V1.3.0, STM32Cube_FW_WL_V1.4.0, X-CUBE-ALGOBUILD_V1.4.0, X-CUBE-ALS_V1.0.2, X-CUBE-AZRTOS-F4_V1.1.0, X-CUBE-AZRTOS-F7_V1.1.0, X-CUBE-AZRTOS-G0_V1.1.0, X-CUBE-AZRTOS-G4_V2.0.0, X-CUBE-AZRTOS-H7RS_V1.1.0, X-CUBE-AZRTOS-H7_V3.4.0, X-CUBE-AZRTOS-L4_V2.0.0, X-CUBE-AZRTOS-L5_V2.0.0, X-CUBE-AZRTOS-WB_V2.0.0, X-CUBE-AZRTOS-WL_V2.0.0, X-CUBE-BLE1_V7.1.0, X-CUBE-BLE2_V3.3.0, X-CUBE-BLEMGR_V4.1.0, X-CUBE-EEPRMA1_V5.2.0, X-CUBE-FREERTOS_V1.3.1, X-CUBE-GNSS1_V6.0.0, X-CUBE-MEMS1_V11.3.0, X-CUBE-NFC4_V3.0.0, X-CUBE-NFC7_V2.0.0, X-CUBE-SFXS2LP1_V4.0.0, X-CUBE-ST67W61_V1.1.0, X-CUBE-SUBG2_V5.0.0, X-CUBE-TOF1_V3.4.3]
2026-02-03 11:05:26,041 [INFO] DbBoardsSqlite:226 - include board P-NUCLEO-WB55-NUCLEO as a kit item of type 'Nucleo-64'
2026-02-03 11:05:26,042 [INFO] DbBoardsSqlite:226 - include board P-NUCLEO-WB55-USBDONGLE as a kit item of type 'Nucleo USB Dongle'
2026-02-03 11:05:26,044 [INFO] DbBoardsSqlite:226 - include board STEVAL-IDP005V1 as a kit item of type 'Evaluation Board'
2026-02-03 11:05:26,045 [INFO] DbBoardsSqlite:226 - include board STEVAL-IDP005V2 as a kit item of type 'Evaluation Board'
2026-02-03 11:05:26,823 [INFO] ApiDb:240 - Found 880 in-development CPN: [B-G473E-ZEST1S, B-WB1M-WPAN1, B-WBA5M-WPAN, B-WL5M-SUBG1, NUCLEO-C031C6, NUCLEO-C051C8, NUCLEO-C071RB, NUCLEO-C092RC, NUCLEO-H503RB, NUCLEO-H533RE, NUCLEO-H563ZI, NUCLEO-H7S3L8, NUCLEO-N657X0-Q, NUCLEO-U031R8, NUCLEO-U083RC, NUCLEO-U385RG-Q, NUCLEO-U545RE-Q, NUCLEO-U5A5ZJ-Q, NUCLEO-WB05KZ, NUCLEO-WB07CC, NUCLEO-WB09KE, NUCLEO-WBA52CG, NUCLEO-WBA55CG, NUCLEO-WL33CC1, NUCLEO-WL33CC2, STEVAL-PROTEUS1, STEVAL-SMARTAG2, STEVAL-STWINBX1, STM320518-EVAL, STM32C0116-DK, STM32C011D6Y3TR, STM32C011D6Y6TR, STM32C011F4P3, STM32C011F4P6, STM32C011F4U3, STM32C011F4U6TR, STM32C011F6P3, STM32C011F6P6, STM32C011F6U3, STM32C011F6U6TR, STM32C011J4M3, STM32C011J4M6, STM32C011J6M3, STM32C011J6M6, STM32C0316-DK, STM32C031C4T3, STM32C031C4T6, STM32C031C4U3, STM32C031C4U6, STM32C031C6T3, STM32C031C6T6, STM32C031C6U3, STM32C031C6U6, STM32C031F4P3, STM32C031F4P6, STM32C031F6P3, STM32C031F6P6, STM32C031G4U3, STM32C031G4U6, STM32C031G6U3, STM32C031G6U6, STM32C031K4T3, STM32C031K4T6, STM32C031K4U3, STM32C031K4U6, STM32C031K6T3, STM32C031K6T6, STM32C031K6U3, STM32C031K6U6, STM32C051C6T6, STM32C051C6U6, STM32C051C8T6, STM32C051C8U6, STM32C051D8Y6TR, STM32C051F6P6, STM32C051F8P6, STM32C051G6U6, STM32C051G8U6, STM32C051K6T6, STM32C051K6U6, STM32C051K8T6, STM32C071C8T6, STM32C071C8T6N, STM32C071C8U6, STM32C071C8U6N, STM32C071CBT6, STM32C071CBT6N, STM32C071CBU6, STM32C071CBU6N, STM32C071F8P6, STM32C071F8P6N, STM32C071FBP6, STM32C071FBP6N, STM32C071FBY6TR, STM32C071G8U6, STM32C071G8U6N, STM32C071GBU6, STM32C071GBU6N, STM32C071K8T6, STM32C071K8T6N, STM32C071K8U6, STM32C071K8U6N, STM32C071KBT6, STM32C071KBT6N, STM32C071KBU6, STM32C071KBU6N, STM32C071R8T6, STM32C071R8T6N, STM32C071RBI6N, STM32C071RBT6, STM32C071RBT6N, STM32C091CBT6, STM32C091CBU6, STM32C091CCT6, STM32C091CCU6, STM32C091ECY6TR, STM32C091FBP6, STM32C091FCP6, STM32C091GBU6, STM32C091GCU6, STM32C091KBT6, STM32C091KBU6, STM32C091KCT6, STM32C091KCU6, STM32C091RBT6, STM32C091RCI6, STM32C091RCT6, STM32C092CBT6, STM32C092CBU6, STM32C092CCT6, STM32C092CCU6, STM32C092ECY6TR, STM32C092FBP6, STM32C092FCP6, STM32C092GBU6, STM32C092GCU6, STM32C092KBT6, STM32C092KBU6, STM32C092KCT6, STM32C092KCU6, STM32C092RBT6, STM32C092RCI6, STM32C092RCT6, STM32G071K8TXN, STM32G071K8UXN, STM32G081GBU6N, STM32G081KBT6N, STM32G081KBUXN, STM32G0B1CCT6N, STM32G0B1KCT6, STM32G0B1NEY6TR, STM32G0B1RCT6N, STM32G0C1CCT6, STM32G0C1CCT6N, STM32G0C1CCU6N, STM32G0C1CET6N, STM32G0C1CEU6N, STM32G0C1KCT6, STM32G0C1NEY6TR, STM32G0C1RCI6N, STM32G0C1RCT6N, STM32G0C1REI6N, STM32G0C1RET6N, STM32G0C1VCI6, STM32G0C1VEI6, STM32G411C6T3, STM32G411C6T6, STM32G411C6U3, STM32G411C6U6, STM32G411C8T3, STM32G411C8T6, STM32G411C8U3, STM32G411C8U6, STM32G411CBT3, STM32G411CBT6, STM32G411CBU3, STM32G411CBU6, STM32G411K6T3, STM32G411K6T6, STM32G411K6U3, STM32G411K6U6, STM32G411K8T3, STM32G411K8T6, STM32G411K8U3, STM32G411K8U6, STM32G411KBT3, STM32G411KBT6, STM32G411KBU3, STM32G411KBU6, STM32G411M6T3, STM32G411M6T6, STM32G411M8T3, STM32G411M8T6, STM32G411MBT3, STM32G411MBT6, STM32G411R6T3, STM32G411R6T6, STM32G411R8T3, STM32G411R8T6, STM32G411RBT3, STM32G411RBT6, STM32G414CBT3, STM32G414CBT6, STM32G414CBU3, STM32G414CBU6, STM32G414CCT3, STM32G414CCT6, STM32G414CCU3, STM32G414CCU6, STM32G414MBT3, STM32G414MBT6, STM32G414MCT3, STM32G414MCT6, STM32G414RBT3, STM32G414RBT6, STM32G414RCT3, STM32G414RCT6, STM32G414VBT3, STM32G414VBT6, STM32G414VCT3, STM32G414VCT6, STM32G431CBT3Z, STM32G431RBT3Z, STM32G471CCT6, STM32G471CCU6, STM32G471CET3, STM32G471CET6, STM32G471CEU3, STM32G471CEU6, STM32G471MCT6, STM32G471MET3, STM32G471MET6, STM32G471MEY6TR, STM32G471QCT6, STM32G471QET3, STM32G471RCT6, STM32G471RET3, STM32G471RET6, STM32G471VCH6, STM32G471VCI6, STM32G471VCT6, STM32G471VEH3, STM32G471VEH6, STM32G471VEI3, STM32G471VEI6, STM32G471VET3, STM32G471VET6, STM32G473QET3Z, STM32G473RET3Z, STM32G474CCT6, STM32G491RET3Z, STM32H503CBT6, STM32H503CBU6, STM32H503EBY6TR, STM32H503KBU6, STM32H503RBT6, STM32H523CCT6, STM32H523CCU6, STM32H523CET6, STM32H523CEU6, STM32H523HEY6TR, STM32H523RCT6, STM32H523RET6, STM32H523VCI6, STM32H523VCT6, STM32H523VEI6, STM32H523VET6, STM32H523ZCJ6, STM32H523ZCT6, STM32H523ZEJ6, STM32H523ZET6, STM32H533CET6, STM32H533CEU6, STM32H533HEY6TR, STM32H533RET6, STM32H533VEI6, STM32H533VET6, STM32H533ZEJ6, STM32H533ZET6, STM32H562AGI6, STM32H562AII6, STM32H562IGK6, STM32H562IGT6, STM32H562IIK6, STM32H562IIT6, STM32H562RGT6, STM32H562RGV6, STM32H562RIT6, STM32H562RIV6, STM32H562VGT6, STM32H562VIT6, STM32H562ZGT6, STM32H562ZIT6, STM32H563AGI6, STM32H563AII3Q, STM32H563AII6, STM32H563IGK6, STM32H563IGT6, STM32H563IIK3Q, STM32H563IIK6, STM32H563IIT3Q, STM32H563IIT6, STM32H563MIY3QTR, STM32H563RGT6, STM32H563RGV6, STM32H563RIT6, STM32H563RIV6, STM32H563VGT6, STM32H563VIT3Q, STM32H563VIT6, STM32H563ZGT6, STM32H563ZIT3Q, STM32H563ZIT6, STM32H573AII3Q, STM32H573AII6, STM32H573I-DK, STM32H573IIK3Q, STM32H573IIK6, STM32H573IIT3Q, STM32H573IIT6, STM32H573MIY3QTR, STM32H573RIT6, STM32H573RIV6, STM32H573VIT3Q, STM32H573VIT6, STM32H573ZIT3Q, STM32H573ZIT6, STM32H7R3A8I6, STM32H7R3I8K6, STM32H7R3I8T6, STM32H7R3L8H6, STM32H7R3L8H6H, STM32H7R3R8V6, STM32H7R3V8H6, STM32H7R3V8T6, STM32H7R3V8Y6TR, STM32H7R3Z8J6, STM32H7R3Z8T6, STM32H7R7A8I6, STM32H7R7I8K6, STM32H7R7I8T6, STM32H7R7L8H6, STM32H7R7L8H6H, STM32H7R7Z8J6, STM32H7S3A8I6, STM32H7S3I8K6, STM32H7S3I8T6, STM32H7S3L8H6, STM32H7S3L8H6H, STM32H7S3R8V6, STM32H7S3V8H6, STM32H7S3V8T6, STM32H7S3V8Y6TR, STM32H7S3Z8J6, STM32H7S3Z8T6, STM32H7S78-DK, STM32H7S7A8I6, STM32H7S7I8K6, STM32H7S7I8T6, STM32H7S7L8H6, STM32H7S7L8H6H, STM32H7S7Z8J6, STM32L4R5QGI6STR, STM32MP131AAE3, STM32MP131AAF3, STM32MP131AAG3, STM32MP131CAE3, STM32MP131CAF3, STM32MP131CAG3, STM32MP131DAE7, STM32MP131DAF7, STM32MP131DAG7, STM32MP131FAE7, STM32MP131FAF7, STM32MP131FAG7, STM32MP133AAE3, STM32MP133AAF3, STM32MP133AAG3, STM32MP133CAE3, STM32MP133CAF3, STM32MP133CAG3, STM32MP133DAE7, STM32MP133DAF7, STM32MP133DAG7, STM32MP133FAE7, STM32MP133FAF7, STM32MP133FAG7, STM32MP135AAE3, STM32MP135AAF3, STM32MP135AAG3, STM32MP135CAE3, STM32MP135CAF3, STM32MP135CAG3, STM32MP135DAE7, STM32MP135DAF7, STM32MP135DAG7, STM32MP135F-DK, STM32MP135FAE7, STM32MP135FAF7, STM32MP135FAF7T, STM32MP135FAF7U, STM32MP135FAG7, STM32MP211AAL3, STM32MP211AAM3, STM32MP211AAN3, STM32MP211AAO3, STM32MP211CAL3, STM32MP211CAM3, STM32MP211CAN3, STM32MP211CAO3, STM32MP211DAL3, STM32MP211DAM3, STM32MP211DAN3, STM32MP211DAO3, STM32MP211FAL3, STM32MP211FAM3, STM32MP211FAN3, STM32MP211FAO3, STM32MP213AAL3, STM32MP213AAM3, STM32MP213AAN3, STM32MP213AAO3, STM32MP213CAL3, STM32MP213CAM3, STM32MP213CAN3, STM32MP213CAO3, STM32MP213DAL3, STM32MP213DAM3, STM32MP213DAN3, STM32MP213DAO3, STM32MP213FAL3, STM32MP213FAM3, STM32MP213FAN3, STM32MP213FAO3, STM32MP215AAL3, STM32MP215AAM3, STM32MP215AAN3, STM32MP215AAO3, STM32MP215CAL3, STM32MP215CAM3, STM32MP215CAN3, STM32MP215CAO3, STM32MP215DAL3, STM32MP215DAM3, STM32MP215DAN3, STM32MP215DAO3, STM32MP215F-DK, STM32MP215FAL3, STM32MP215FAM3, STM32MP215FAN3, STM32MP215FAO3, STM32MP231AAJ3, STM32MP231AAK3, STM32MP231AAL3, STM32MP231CAJ3, STM32MP231CAK3, STM32MP231CAL3, STM32MP231DAJ3, STM32MP231DAK3, STM32MP231DAL3, STM32MP231FAJ3, STM32MP231FAK3, STM32MP231FAL3, STM32MP233AAJ3, STM32MP233AAK3, STM32MP233AAL3, STM32MP233CAJ3, STM32MP233CAK3, STM32MP233CAL3, STM32MP233DAJ3, STM32MP233DAK3, STM32MP233DAL3, STM32MP233FAJ3, STM32MP233FAK3, STM32MP233FAL3, STM32MP235AAJ3, STM32MP235AAK3, STM32MP235AAL3, STM32MP235CAJ3, STM32MP235CAK3, STM32MP235CAL3, STM32MP235DAJ3, STM32MP235DAK3, STM32MP235DAL3, STM32MP235FAJ3, STM32MP235FAK3, STM32MP235FAL3, STM32MP251AAI3, STM32MP251AAK3, STM32MP251AAL3, STM32MP251CAI3, STM32MP251CAK3, STM32MP251CAL3, STM32MP251DAI3, STM32MP251DAK3, STM32MP251DAL3, STM32MP251FAI3, STM32MP251FAK3, STM32MP251FAL3, STM32MP253AAI3, STM32MP253AAK3, STM32MP253AAL3, STM32MP253CAI3, STM32MP253CAK3, STM32MP253CAL3, STM32MP253DAI3, STM32MP253DAK3, STM32MP253DAL3, STM32MP253FAI3, STM32MP253FAK3, STM32MP253FAL3, STM32MP255AAI3, STM32MP255AAK3, STM32MP255AAL3, STM32MP255CAI3, STM32MP255CAK3, STM32MP255CAL3, STM32MP255DAI3, STM32MP255DAK3, STM32MP255DAL3, STM32MP255FAI3, STM32MP255FAK3, STM32MP255FAL3, STM32MP257AAI3, STM32MP257AAK3, STM32MP257AAL3, STM32MP257CAI3, STM32MP257CAK3, STM32MP257CAL3, STM32MP257DAI3, STM32MP257DAK3, STM32MP257DAL3, STM32MP257F-DK, STM32MP257F-EV1, STM32MP257FAI3, STM32MP257FAK3, STM32MP257FAL3, STM32N645A0H3Q, STM32N645B0H3Q, STM32N645I0H3Q, STM32N645L0H3Q, STM32N645X0H3Q, STM32N645Z0H3Q, STM32N647A0H3Q, STM32N647B0H3Q, STM32N647I0H3Q, STM32N647L0H3Q, STM32N647X0H3Q, STM32N647Z0H3Q, STM32N655A0H3Q, STM32N655B0H3Q, STM32N655I0H3Q, STM32N655L0H3Q, STM32N655X0H3Q, STM32N655Z0H3Q, STM32N6570-DK, STM32N657A0H3Q, STM32N657B0H3Q, STM32N657I0H3Q, STM32N657L0H3Q, STM32N657X0H3Q, STM32N657Z0H3Q, STM32U031C6T6, STM32U031C6U6, STM32U031C8T6, STM32U031C8U6, STM32U031F4P6, STM32U031F6P6, STM32U031F8P6, STM32U031G6Y6TR, STM32U031G8Y6TR, STM32U031K4U6, STM32U031K6U6, STM32U031K8U6, STM32U031R6I6, STM32U031R6T6, STM32U031R8I6, STM32U031R8T6, STM32U073C8T6, STM32U073C8U6, STM32U073CBT6, STM32U073CBU6, STM32U073CCT6, STM32U073CCU6, STM32U073H8Y6TR, STM32U073HBY6TR, STM32U073HCY6TR, STM32U073K8U6, STM32U073KBU6, STM32U073KCU6, STM32U073M8I6, STM32U073M8T6, STM32U073MBI6, STM32U073MBT6, STM32U073MCI6, STM32U073MCT6, STM32U073R8I6, STM32U073R8T6, STM32U073RBI6, STM32U073RBT6, STM32U073RCI6, STM32U073RCT6, STM32U083C-DK, STM32U083CCT6, STM32U083CCU6, STM32U083HCY6TR, STM32U083KCU6, STM32U083MCI6, STM32U083MCT6, STM32U083RCI6, STM32U083RCT6, STM32U375CET6, STM32U375CET6Q, STM32U375CEU6, STM32U375CEU6Q, STM32U375CEY6QTR, STM32U375CGT6, STM32U375CGT6Q, STM32U375CGU6, STM32U375CGU6Q, STM32U375CGY6QTR, STM32U375KEU6, STM32U375KGU6, STM32U375REI6, STM32U375REI6Q, STM32U375RET6, STM32U375RET6Q, STM32U375REY6GTR, STM32U375REY6QTR, STM32U375RGI6, STM32U375RGI6Q, STM32U375RGT6, STM32U375RGT6Q, STM32U375RGY6GTR, STM32U375RGY6QTR, STM32U375VEI6, STM32U375VEI6Q, STM32U375VET6, STM32U375VET6Q, STM32U375VGI6, STM32U375VGI6Q, STM32U375VGT6, STM32U375VGT6Q, STM32U385CGT6, STM32U385CGT6Q, STM32U385CGU6, STM32U385CGU6Q, STM32U385CGY6QTR, STM32U385KGU6, STM32U385RGI6, STM32U385RGI6Q, STM32U385RGT6, STM32U385RGT6Q, STM32U385RGY6GTR, STM32U385RGY6QTR, STM32U385VGI6, STM32U385VGI6Q, STM32U385VGT6, STM32U385VGT6Q, STM32U535CBT6, STM32U535CBT6Q, STM32U535CBU6, STM32U535CBU6Q, STM32U535CCT6, STM32U535CCT6Q, STM32U535CCU6, STM32U535CCU6Q, STM32U535CET6, STM32U535CET6Q, STM32U535CEU6, STM32U535CEU6Q, STM32U535JEY6QTR, STM32U535NCY6QTR, STM32U535NEY6QTR, STM32U535RBI6, STM32U535RBI6Q, STM32U535RBT6, STM32U535RBT6Q, STM32U535RCI6, STM32U535RCI6Q, STM32U535RCT6, STM32U535RCT6Q, STM32U535REI6, STM32U535REI6Q, STM32U535RET6, STM32U535RET6Q, STM32U535VCI6, STM32U535VCI6Q, STM32U535VCT6, STM32U535VCT6Q, STM32U535VEI6, STM32U535VEI6Q, STM32U535VET6, STM32U535VET6Q, STM32U545CET6, STM32U545CET6Q, STM32U545CEU6, STM32U545CEU6Q, STM32U545JEY6QTR, STM32U545NEY6QTR, STM32U545REI6, STM32U545REI6Q, STM32U545RET6, STM32U545RET6Q, STM32U545VEI6, STM32U545VEI6Q, STM32U545VET6, STM32U545VET6Q, STM32U595AIH6, STM32U595AIH6Q, STM32U595AJH6, STM32U595AJH6Q, STM32U595QII6, STM32U595QII6Q, STM32U595QJI6, STM32U595QJI6Q, STM32U595RIT6, STM32U595RIT6Q, STM32U595RJT6, STM32U595RJT6Q, STM32U595VIT6, STM32U595VIT6Q, STM32U595VJT6, STM32U595VJT6Q, STM32U595ZIT6, STM32U595ZIT6Q, STM32U595ZIY6QTR, STM32U595ZJT6, STM32U595ZJT6Q, STM32U595ZJY6QTR, STM32U599BJY6QTR, STM32U599NIH6Q, STM32U599NJH6Q, STM32U599VIT6Q, STM32U599VJT6, STM32U599VJT6Q, STM32U599ZIT6Q, STM32U599ZIY6QTR, STM32U599ZJT6Q, STM32U599ZJY6QTR, STM32U5A5AJH6, STM32U5A5AJH6Q, STM32U5A5QII3Q , STM32U5A5QJI6, STM32U5A5QJI6Q, STM32U5A5RJT6, STM32U5A5RJT6Q, STM32U5A5VJT6, STM32U5A5VJT6Q, STM32U5A5ZJT6, STM32U5A5ZJT6Q, STM32U5A5ZJY6QTR, STM32U5A9BJY6QTR, STM32U5A9J-DK, STM32U5A9NJH6Q, STM32U5A9VJT6Q, STM32U5A9ZJT6Q, STM32U5A9ZJY6QTR, STM32U5F7VIT6, STM32U5F7VIT6Q, STM32U5F7VJT6, STM32U5F7VJT6Q, STM32U5F9BJY6QTR, STM32U5F9NJH6Q, STM32U5F9VIT6Q, STM32U5F9VJT6Q, STM32U5F9ZIJ6QTR, STM32U5F9ZIT6Q, STM32U5F9ZJJ6QTR, STM32U5F9ZJT6Q, STM32U5G7VJT6, STM32U5G7VJT6Q, STM32U5G9BJY6QTR, STM32U5G9J-DK1, STM32U5G9J-DK2, STM32U5G9NJH6Q, STM32U5G9VJT6Q, STM32U5G9ZJJ6QTR, STM32U5G9ZJT6Q, STM32WB05KZV6TR, STM32WB05KZV7TR, STM32WB05TZF6TR, STM32WB05TZF7TR, STM32WB06CCF6TR, STM32WB06CCF7TR, STM32WB06CCV6TR, STM32WB06CCV7TR, STM32WB06KCV6TR, STM32WB06KCV7TR, STM32WB07CCF6TR, STM32WB07CCF7TR, STM32WB07CCV6TR, STM32WB07CCV7TR, STM32WB07KCV6TR, STM32WB07KCV7TR, STM32WB09KEV6TR, STM32WB09KEV7TR, STM32WB09TEF6TR, STM32WB09TEF7TR, STM32WB1MMCH6, STM32WBA50KGU6, STM32WBA50KGU6TR, STM32WBA52CEU6, STM32WBA52CEU6TR, STM32WBA52CEU7, STM32WBA52CEU7TR, STM32WBA52CGU6, STM32WBA52CGU6TR, STM32WBA52CGU6U, STM32WBA52CGU7, STM32WBA52CGU7TR, STM32WBA52KEU6, STM32WBA52KEU6TR, STM32WBA52KGU6, STM32WBA52KGU6TR, STM32WBA54CEU6, STM32WBA54CEU6TR, STM32WBA54CEU7, STM32WBA54CEU7TR, STM32WBA54CGU6, STM32WBA54CGU6TR, STM32WBA54CGU7, STM32WBA54CGU7TR, STM32WBA54KEU6, STM32WBA54KEU6TR, STM32WBA54KEU7, STM32WBA54KEU7TR, STM32WBA54KGU6, STM32WBA54KGU6TR, STM32WBA54KGU7, STM32WBA54KGU7TR, STM32WBA55CEU6, STM32WBA55CEU6TR, STM32WBA55CEU7, STM32WBA55CEU7TR, STM32WBA55CGU6, STM32WBA55CGU6TR, STM32WBA55CGU6U, STM32WBA55CGU7, STM32WBA55CGU7TR, STM32WBA55G-DK1, STM32WBA55HEF6, STM32WBA55HEF7, STM32WBA55HGF6, STM32WBA55HGF7, STM32WBA55UEI6, STM32WBA55UEI6TR, STM32WBA55UEI7, STM32WBA55UEI7TR, STM32WBA55UGI6, STM32WBA55UGI6TR, STM32WBA55UGI7, STM32WBA55UGI7TR, STM32WBA5MMGH6TR, STM32WBA62MGF6, STM32WBA62MIF6, STM32WBA65MGF7, STM32WBA65MIF6, STM32WBA65MIF7, STM32WL30K8V6, STM32WL30KBV6, STM32WL31C8V6, STM32WL31CBV6, STM32WL31K8V6, STM32WL31KBV6, STM32WL33C8V6, STM32WL33C8V6X, STM32WL33CBV6, STM32WL33CBV6X, STM32WL33CCV6, STM32WL33CCV6A, STM32WL33CCV6X, STM32WL33K8V7, STM32WL33K8V7X, STM32WL33KBV7 , STM32WL33KBV7X, STM32WL33KCV7, STM32WL33KCV7X, STM32WL5MOCH6, STM32WL5MOCH6TR]
2026-02-03 11:05:26,829 [INFO] ApiDb:668 - CubeFinder database Data Model version=2.1
2026-02-03 11:05:26,829 [INFO] ApiDb:669 - CubeFinder database Configuration version=3.0.39
2026-02-03 11:05:26,829 [INFO] ApiDb:670 - CubeFinder database generation date=2025-11-05 (1762334721)
2026-02-03 11:05:26,829 [INFO] ApiDb:671 - CubeFinder database FW Pack versions=[FP-ATR-ASTRA1_V2.0.0, FP-SNS-FLIGHT1_V5.1.0, FP-SNS-MOTENV1_V5.1.0, FP-SNS-MOTENVWB1_V1.4.0, FP-SNS-SMARTAG2_V1.2.0, FP-SNS-STBOX1_V2.1.0, STM32Cube_FW_C0_V1.4.0, STM32Cube_FW_F4_V1.28.3, STM32Cube_FW_F7_V1.17.4, STM32Cube_FW_G0_V1.6.2, STM32Cube_FW_G4_V1.6.1, STM32Cube_FW_H5_V1.5.1, STM32Cube_FW_H7RS_V1.3.0, STM32Cube_FW_H7_V1.12.1, STM32Cube_FW_L0_V1.12.2, STM32Cube_FW_L4_V1.18.1, STM32Cube_FW_L5_V1.6.0, STM32Cube_FW_N6_V1.3.0, STM32Cube_FW_U0_V1.3.0, STM32Cube_FW_U3_V1.2.1, STM32Cube_FW_U5_V1.8.0, STM32Cube_FW_WB0_V1.4.0, STM32Cube_FW_WBA_V1.8.0, STM32Cube_FW_WB_V1.24.0, STM32Cube_FW_WL3_V1.3.0, STM32Cube_FW_WL_V1.4.0, X-CUBE-ALGOBUILD_V1.4.0, X-CUBE-ALS_V1.0.2, X-CUBE-AZRTOS-F4_V1.1.0, X-CUBE-AZRTOS-F7_V1.1.0, X-CUBE-AZRTOS-G0_V1.1.0, X-CUBE-AZRTOS-G4_V2.0.0, X-CUBE-AZRTOS-H7RS_V1.1.0, X-CUBE-AZRTOS-H7_V3.4.0, X-CUBE-AZRTOS-L4_V2.0.0, X-CUBE-AZRTOS-L5_V2.0.0, X-CUBE-AZRTOS-WB_V2.0.0, X-CUBE-AZRTOS-WL_V2.0.0, X-CUBE-BLE1_V7.1.0, X-CUBE-BLE2_V3.3.0, X-CUBE-BLEMGR_V4.1.0, X-CUBE-EEPRMA1_V5.2.0, X-CUBE-FREERTOS_V1.3.1, X-CUBE-GNSS1_V6.0.0, X-CUBE-MEMS1_V11.3.0, X-CUBE-NFC4_V3.0.0, X-CUBE-NFC7_V2.0.0, X-CUBE-SFXS2LP1_V4.0.0, X-CUBE-ST67W61_V1.1.0, X-CUBE-SUBG2_V5.0.0, X-CUBE-TOF1_V3.4.3]
2026-02-03 11:05:29,247 [INFO] ApiDb:240 - Found 880 in-development CPN: [B-G473E-ZEST1S, B-WB1M-WPAN1, B-WBA5M-WPAN, B-WL5M-SUBG1, NUCLEO-C031C6, NUCLEO-C051C8, NUCLEO-C071RB, NUCLEO-C092RC, NUCLEO-H503RB, NUCLEO-H533RE, NUCLEO-H563ZI, NUCLEO-H7S3L8, NUCLEO-N657X0-Q, NUCLEO-U031R8, NUCLEO-U083RC, NUCLEO-U385RG-Q, NUCLEO-U545RE-Q, NUCLEO-U5A5ZJ-Q, NUCLEO-WB05KZ, NUCLEO-WB07CC, NUCLEO-WB09KE, NUCLEO-WBA52CG, NUCLEO-WBA55CG, NUCLEO-WL33CC1, NUCLEO-WL33CC2, STEVAL-PROTEUS1, STEVAL-SMARTAG2, STEVAL-STWINBX1, STM320518-EVAL, STM32C0116-DK, STM32C011D6Y3TR, STM32C011D6Y6TR, STM32C011F4P3, STM32C011F4P6, STM32C011F4U3, STM32C011F4U6TR, STM32C011F6P3, STM32C011F6P6, STM32C011F6U3, STM32C011F6U6TR, STM32C011J4M3, STM32C011J4M6, STM32C011J6M3, STM32C011J6M6, STM32C0316-DK, STM32C031C4T3, STM32C031C4T6, STM32C031C4U3, STM32C031C4U6, STM32C031C6T3, STM32C031C6T6, STM32C031C6U3, STM32C031C6U6, STM32C031F4P3, STM32C031F4P6, STM32C031F6P3, STM32C031F6P6, STM32C031G4U3, STM32C031G4U6, STM32C031G6U3, STM32C031G6U6, STM32C031K4T3, STM32C031K4T6, STM32C031K4U3, STM32C031K4U6, STM32C031K6T3, STM32C031K6T6, STM32C031K6U3, STM32C031K6U6, STM32C051C6T6, STM32C051C6U6, STM32C051C8T6, STM32C051C8U6, STM32C051D8Y6TR, STM32C051F6P6, STM32C051F8P6, STM32C051G6U6, STM32C051G8U6, STM32C051K6T6, STM32C051K6U6, STM32C051K8T6, STM32C071C8T6, STM32C071C8T6N, STM32C071C8U6, STM32C071C8U6N, STM32C071CBT6, STM32C071CBT6N, STM32C071CBU6, STM32C071CBU6N, STM32C071F8P6, STM32C071F8P6N, STM32C071FBP6, STM32C071FBP6N, STM32C071FBY6TR, STM32C071G8U6, STM32C071G8U6N, STM32C071GBU6, STM32C071GBU6N, STM32C071K8T6, STM32C071K8T6N, STM32C071K8U6, STM32C071K8U6N, STM32C071KBT6, STM32C071KBT6N, STM32C071KBU6, STM32C071KBU6N, STM32C071R8T6, STM32C071R8T6N, STM32C071RBI6N, STM32C071RBT6, STM32C071RBT6N, STM32C091CBT6, STM32C091CBU6, STM32C091CCT6, STM32C091CCU6, STM32C091ECY6TR, STM32C091FBP6, STM32C091FCP6, STM32C091GBU6, STM32C091GCU6, STM32C091KBT6, STM32C091KBU6, STM32C091KCT6, STM32C091KCU6, STM32C091RBT6, STM32C091RCI6, STM32C091RCT6, STM32C092CBT6, STM32C092CBU6, STM32C092CCT6, STM32C092CCU6, STM32C092ECY6TR, STM32C092FBP6, STM32C092FCP6, STM32C092GBU6, STM32C092GCU6, STM32C092KBT6, STM32C092KBU6, STM32C092KCT6, STM32C092KCU6, STM32C092RBT6, STM32C092RCI6, STM32C092RCT6, STM32G071K8TXN, STM32G071K8UXN, STM32G081GBU6N, STM32G081KBT6N, STM32G081KBUXN, STM32G0B1CCT6N, STM32G0B1KCT6, STM32G0B1NEY6TR, STM32G0B1RCT6N, STM32G0C1CCT6, STM32G0C1CCT6N, STM32G0C1CCU6N, STM32G0C1CET6N, STM32G0C1CEU6N, STM32G0C1KCT6, STM32G0C1NEY6TR, STM32G0C1RCI6N, STM32G0C1RCT6N, STM32G0C1REI6N, STM32G0C1RET6N, STM32G0C1VCI6, STM32G0C1VEI6, STM32G411C6T3, STM32G411C6T6, STM32G411C6U3, STM32G411C6U6, STM32G411C8T3, STM32G411C8T6, STM32G411C8U3, STM32G411C8U6, STM32G411CBT3, STM32G411CBT6, STM32G411CBU3, STM32G411CBU6, STM32G411K6T3, STM32G411K6T6, STM32G411K6U3, STM32G411K6U6, STM32G411K8T3, STM32G411K8T6, STM32G411K8U3, STM32G411K8U6, STM32G411KBT3, STM32G411KBT6, STM32G411KBU3, STM32G411KBU6, STM32G411M6T3, STM32G411M6T6, STM32G411M8T3, STM32G411M8T6, STM32G411MBT3, STM32G411MBT6, STM32G411R6T3, STM32G411R6T6, STM32G411R8T3, STM32G411R8T6, STM32G411RBT3, STM32G411RBT6, STM32G414CBT3, STM32G414CBT6, STM32G414CBU3, STM32G414CBU6, STM32G414CCT3, STM32G414CCT6, STM32G414CCU3, STM32G414CCU6, STM32G414MBT3, STM32G414MBT6, STM32G414MCT3, STM32G414MCT6, STM32G414RBT3, STM32G414RBT6, STM32G414RCT3, STM32G414RCT6, STM32G414VBT3, STM32G414VBT6, STM32G414VCT3, STM32G414VCT6, STM32G431CBT3Z, STM32G431RBT3Z, STM32G471CCT6, STM32G471CCU6, STM32G471CET3, STM32G471CET6, STM32G471CEU3, STM32G471CEU6, STM32G471MCT6, STM32G471MET3, STM32G471MET6, STM32G471MEY6TR, STM32G471QCT6, STM32G471QET3, STM32G471RCT6, STM32G471RET3, STM32G471RET6, STM32G471VCH6, STM32G471VCI6, STM32G471VCT6, STM32G471VEH3, STM32G471VEH6, STM32G471VEI3, STM32G471VEI6, STM32G471VET3, STM32G471VET6, STM32G473QET3Z, STM32G473RET3Z, STM32G474CCT6, STM32G491RET3Z, STM32H503CBT6, STM32H503CBU6, STM32H503EBY6TR, STM32H503KBU6, STM32H503RBT6, STM32H523CCT6, STM32H523CCU6, STM32H523CET6, STM32H523CEU6, STM32H523HEY6TR, STM32H523RCT6, STM32H523RET6, STM32H523VCI6, STM32H523VCT6, STM32H523VEI6, STM32H523VET6, STM32H523ZCJ6, STM32H523ZCT6, STM32H523ZEJ6, STM32H523ZET6, STM32H533CET6, STM32H533CEU6, STM32H533HEY6TR, STM32H533RET6, STM32H533VEI6, STM32H533VET6, STM32H533ZEJ6, STM32H533ZET6, STM32H562AGI6, STM32H562AII6, STM32H562IGK6, STM32H562IGT6, STM32H562IIK6, STM32H562IIT6, STM32H562RGT6, STM32H562RGV6, STM32H562RIT6, STM32H562RIV6, STM32H562VGT6, STM32H562VIT6, STM32H562ZGT6, STM32H562ZIT6, STM32H563AGI6, STM32H563AII3Q, STM32H563AII6, STM32H563IGK6, STM32H563IGT6, STM32H563IIK3Q, STM32H563IIK6, STM32H563IIT3Q, STM32H563IIT6, STM32H563MIY3QTR, STM32H563RGT6, STM32H563RGV6, STM32H563RIT6, STM32H563RIV6, STM32H563VGT6, STM32H563VIT3Q, STM32H563VIT6, STM32H563ZGT6, STM32H563ZIT3Q, STM32H563ZIT6, STM32H573AII3Q, STM32H573AII6, STM32H573I-DK, STM32H573IIK3Q, STM32H573IIK6, STM32H573IIT3Q, STM32H573IIT6, STM32H573MIY3QTR, STM32H573RIT6, STM32H573RIV6, STM32H573VIT3Q, STM32H573VIT6, STM32H573ZIT3Q, STM32H573ZIT6, STM32H7R3A8I6, STM32H7R3I8K6, STM32H7R3I8T6, STM32H7R3L8H6, STM32H7R3L8H6H, STM32H7R3R8V6, STM32H7R3V8H6, STM32H7R3V8T6, STM32H7R3V8Y6TR, STM32H7R3Z8J6, STM32H7R3Z8T6, STM32H7R7A8I6, STM32H7R7I8K6, STM32H7R7I8T6, STM32H7R7L8H6, STM32H7R7L8H6H, STM32H7R7Z8J6, STM32H7S3A8I6, STM32H7S3I8K6, STM32H7S3I8T6, STM32H7S3L8H6, STM32H7S3L8H6H, STM32H7S3R8V6, STM32H7S3V8H6, STM32H7S3V8T6, STM32H7S3V8Y6TR, STM32H7S3Z8J6, STM32H7S3Z8T6, STM32H7S78-DK, STM32H7S7A8I6, STM32H7S7I8K6, STM32H7S7I8T6, STM32H7S7L8H6, STM32H7S7L8H6H, STM32H7S7Z8J6, STM32L4R5QGI6STR, STM32MP131AAE3, STM32MP131AAF3, STM32MP131AAG3, STM32MP131CAE3, STM32MP131CAF3, STM32MP131CAG3, STM32MP131DAE7, STM32MP131DAF7, STM32MP131DAG7, STM32MP131FAE7, STM32MP131FAF7, STM32MP131FAG7, STM32MP133AAE3, STM32MP133AAF3, STM32MP133AAG3, STM32MP133CAE3, STM32MP133CAF3, STM32MP133CAG3, STM32MP133DAE7, STM32MP133DAF7, STM32MP133DAG7, STM32MP133FAE7, STM32MP133FAF7, STM32MP133FAG7, STM32MP135AAE3, STM32MP135AAF3, STM32MP135AAG3, STM32MP135CAE3, STM32MP135CAF3, STM32MP135CAG3, STM32MP135DAE7, STM32MP135DAF7, STM32MP135DAG7, STM32MP135F-DK, STM32MP135FAE7, STM32MP135FAF7, STM32MP135FAF7T, STM32MP135FAF7U, STM32MP135FAG7, STM32MP211AAL3, STM32MP211AAM3, STM32MP211AAN3, STM32MP211AAO3, STM32MP211CAL3, STM32MP211CAM3, STM32MP211CAN3, STM32MP211CAO3, STM32MP211DAL3, STM32MP211DAM3, STM32MP211DAN3, STM32MP211DAO3, STM32MP211FAL3, STM32MP211FAM3, STM32MP211FAN3, STM32MP211FAO3, STM32MP213AAL3, STM32MP213AAM3, STM32MP213AAN3, STM32MP213AAO3, STM32MP213CAL3, STM32MP213CAM3, STM32MP213CAN3, STM32MP213CAO3, STM32MP213DAL3, STM32MP213DAM3, STM32MP213DAN3, STM32MP213DAO3, STM32MP213FAL3, STM32MP213FAM3, STM32MP213FAN3, STM32MP213FAO3, STM32MP215AAL3, STM32MP215AAM3, STM32MP215AAN3, STM32MP215AAO3, STM32MP215CAL3, STM32MP215CAM3, STM32MP215CAN3, STM32MP215CAO3, STM32MP215DAL3, STM32MP215DAM3, STM32MP215DAN3, STM32MP215DAO3, STM32MP215F-DK, STM32MP215FAL3, STM32MP215FAM3, STM32MP215FAN3, STM32MP215FAO3, STM32MP231AAJ3, STM32MP231AAK3, STM32MP231AAL3, STM32MP231CAJ3, STM32MP231CAK3, STM32MP231CAL3, STM32MP231DAJ3, STM32MP231DAK3, STM32MP231DAL3, STM32MP231FAJ3, STM32MP231FAK3, STM32MP231FAL3, STM32MP233AAJ3, STM32MP233AAK3, STM32MP233AAL3, STM32MP233CAJ3, STM32MP233CAK3, STM32MP233CAL3, STM32MP233DAJ3, STM32MP233DAK3, STM32MP233DAL3, STM32MP233FAJ3, STM32MP233FAK3, STM32MP233FAL3, STM32MP235AAJ3, STM32MP235AAK3, STM32MP235AAL3, STM32MP235CAJ3, STM32MP235CAK3, STM32MP235CAL3, STM32MP235DAJ3, STM32MP235DAK3, STM32MP235DAL3, STM32MP235FAJ3, STM32MP235FAK3, STM32MP235FAL3, STM32MP251AAI3, STM32MP251AAK3, STM32MP251AAL3, STM32MP251CAI3, STM32MP251CAK3, STM32MP251CAL3, STM32MP251DAI3, STM32MP251DAK3, STM32MP251DAL3, STM32MP251FAI3, STM32MP251FAK3, STM32MP251FAL3, STM32MP253AAI3, STM32MP253AAK3, STM32MP253AAL3, STM32MP253CAI3, STM32MP253CAK3, STM32MP253CAL3, STM32MP253DAI3, STM32MP253DAK3, STM32MP253DAL3, STM32MP253FAI3, STM32MP253FAK3, STM32MP253FAL3, STM32MP255AAI3, STM32MP255AAK3, STM32MP255AAL3, STM32MP255CAI3, STM32MP255CAK3, STM32MP255CAL3, STM32MP255DAI3, STM32MP255DAK3, STM32MP255DAL3, STM32MP255FAI3, STM32MP255FAK3, STM32MP255FAL3, STM32MP257AAI3, STM32MP257AAK3, STM32MP257AAL3, STM32MP257CAI3, STM32MP257CAK3, STM32MP257CAL3, STM32MP257DAI3, STM32MP257DAK3, STM32MP257DAL3, STM32MP257F-DK, STM32MP257F-EV1, STM32MP257FAI3, STM32MP257FAK3, STM32MP257FAL3, STM32N645A0H3Q, STM32N645B0H3Q, STM32N645I0H3Q, STM32N645L0H3Q, STM32N645X0H3Q, STM32N645Z0H3Q, STM32N647A0H3Q, STM32N647B0H3Q, STM32N647I0H3Q, STM32N647L0H3Q, STM32N647X0H3Q, STM32N647Z0H3Q, STM32N655A0H3Q, STM32N655B0H3Q, STM32N655I0H3Q, STM32N655L0H3Q, STM32N655X0H3Q, STM32N655Z0H3Q, STM32N6570-DK, STM32N657A0H3Q, STM32N657B0H3Q, STM32N657I0H3Q, STM32N657L0H3Q, STM32N657X0H3Q, STM32N657Z0H3Q, STM32U031C6T6, STM32U031C6U6, STM32U031C8T6, STM32U031C8U6, STM32U031F4P6, STM32U031F6P6, STM32U031F8P6, STM32U031G6Y6TR, STM32U031G8Y6TR, STM32U031K4U6, STM32U031K6U6, STM32U031K8U6, STM32U031R6I6, STM32U031R6T6, STM32U031R8I6, STM32U031R8T6, STM32U073C8T6, STM32U073C8U6, STM32U073CBT6, STM32U073CBU6, STM32U073CCT6, STM32U073CCU6, STM32U073H8Y6TR, STM32U073HBY6TR, STM32U073HCY6TR, STM32U073K8U6, STM32U073KBU6, STM32U073KCU6, STM32U073M8I6, STM32U073M8T6, STM32U073MBI6, STM32U073MBT6, STM32U073MCI6, STM32U073MCT6, STM32U073R8I6, STM32U073R8T6, STM32U073RBI6, STM32U073RBT6, STM32U073RCI6, STM32U073RCT6, STM32U083C-DK, STM32U083CCT6, STM32U083CCU6, STM32U083HCY6TR, STM32U083KCU6, STM32U083MCI6, STM32U083MCT6, STM32U083RCI6, STM32U083RCT6, STM32U375CET6, STM32U375CET6Q, STM32U375CEU6, STM32U375CEU6Q, STM32U375CEY6QTR, STM32U375CGT6, STM32U375CGT6Q, STM32U375CGU6, STM32U375CGU6Q, STM32U375CGY6QTR, STM32U375KEU6, STM32U375KGU6, STM32U375REI6, STM32U375REI6Q, STM32U375RET6, STM32U375RET6Q, STM32U375REY6GTR, STM32U375REY6QTR, STM32U375RGI6, STM32U375RGI6Q, STM32U375RGT6, STM32U375RGT6Q, STM32U375RGY6GTR, STM32U375RGY6QTR, STM32U375VEI6, STM32U375VEI6Q, STM32U375VET6, STM32U375VET6Q, STM32U375VGI6, STM32U375VGI6Q, STM32U375VGT6, STM32U375VGT6Q, STM32U385CGT6, STM32U385CGT6Q, STM32U385CGU6, STM32U385CGU6Q, STM32U385CGY6QTR, STM32U385KGU6, STM32U385RGI6, STM32U385RGI6Q, STM32U385RGT6, STM32U385RGT6Q, STM32U385RGY6GTR, STM32U385RGY6QTR, STM32U385VGI6, STM32U385VGI6Q, STM32U385VGT6, STM32U385VGT6Q, STM32U535CBT6, STM32U535CBT6Q, STM32U535CBU6, STM32U535CBU6Q, STM32U535CCT6, STM32U535CCT6Q, STM32U535CCU6, STM32U535CCU6Q, STM32U535CET6, STM32U535CET6Q, STM32U535CEU6, STM32U535CEU6Q, STM32U535JEY6QTR, STM32U535NCY6QTR, STM32U535NEY6QTR, STM32U535RBI6, STM32U535RBI6Q, STM32U535RBT6, STM32U535RBT6Q, STM32U535RCI6, STM32U535RCI6Q, STM32U535RCT6, STM32U535RCT6Q, STM32U535REI6, STM32U535REI6Q, STM32U535RET6, STM32U535RET6Q, STM32U535VCI6, STM32U535VCI6Q, STM32U535VCT6, STM32U535VCT6Q, STM32U535VEI6, STM32U535VEI6Q, STM32U535VET6, STM32U535VET6Q, STM32U545CET6, STM32U545CET6Q, STM32U545CEU6, STM32U545CEU6Q, STM32U545JEY6QTR, STM32U545NEY6QTR, STM32U545REI6, STM32U545REI6Q, STM32U545RET6, STM32U545RET6Q, STM32U545VEI6, STM32U545VEI6Q, STM32U545VET6, STM32U545VET6Q, STM32U595AIH6, STM32U595AIH6Q, STM32U595AJH6, STM32U595AJH6Q, STM32U595QII6, STM32U595QII6Q, STM32U595QJI6, STM32U595QJI6Q, STM32U595RIT6, STM32U595RIT6Q, STM32U595RJT6, STM32U595RJT6Q, STM32U595VIT6, STM32U595VIT6Q, STM32U595VJT6, STM32U595VJT6Q, STM32U595ZIT6, STM32U595ZIT6Q, STM32U595ZIY6QTR, STM32U595ZJT6, STM32U595ZJT6Q, STM32U595ZJY6QTR, STM32U599BJY6QTR, STM32U599NIH6Q, STM32U599NJH6Q, STM32U599VIT6Q, STM32U599VJT6, STM32U599VJT6Q, STM32U599ZIT6Q, STM32U599ZIY6QTR, STM32U599ZJT6Q, STM32U599ZJY6QTR, STM32U5A5AJH6, STM32U5A5AJH6Q, STM32U5A5QII3Q , STM32U5A5QJI6, STM32U5A5QJI6Q, STM32U5A5RJT6, STM32U5A5RJT6Q, STM32U5A5VJT6, STM32U5A5VJT6Q, STM32U5A5ZJT6, STM32U5A5ZJT6Q, STM32U5A5ZJY6QTR, STM32U5A9BJY6QTR, STM32U5A9J-DK, STM32U5A9NJH6Q, STM32U5A9VJT6Q, STM32U5A9ZJT6Q, STM32U5A9ZJY6QTR, STM32U5F7VIT6, STM32U5F7VIT6Q, STM32U5F7VJT6, STM32U5F7VJT6Q, STM32U5F9BJY6QTR, STM32U5F9NJH6Q, STM32U5F9VIT6Q, STM32U5F9VJT6Q, STM32U5F9ZIJ6QTR, STM32U5F9ZIT6Q, STM32U5F9ZJJ6QTR, STM32U5F9ZJT6Q, STM32U5G7VJT6, STM32U5G7VJT6Q, STM32U5G9BJY6QTR, STM32U5G9J-DK1, STM32U5G9J-DK2, STM32U5G9NJH6Q, STM32U5G9VJT6Q, STM32U5G9ZJJ6QTR, STM32U5G9ZJT6Q, STM32WB05KZV6TR, STM32WB05KZV7TR, STM32WB05TZF6TR, STM32WB05TZF7TR, STM32WB06CCF6TR, STM32WB06CCF7TR, STM32WB06CCV6TR, STM32WB06CCV7TR, STM32WB06KCV6TR, STM32WB06KCV7TR, STM32WB07CCF6TR, STM32WB07CCF7TR, STM32WB07CCV6TR, STM32WB07CCV7TR, STM32WB07KCV6TR, STM32WB07KCV7TR, STM32WB09KEV6TR, STM32WB09KEV7TR, STM32WB09TEF6TR, STM32WB09TEF7TR, STM32WB1MMCH6, STM32WBA50KGU6, STM32WBA50KGU6TR, STM32WBA52CEU6, STM32WBA52CEU6TR, STM32WBA52CEU7, STM32WBA52CEU7TR, STM32WBA52CGU6, STM32WBA52CGU6TR, STM32WBA52CGU6U, STM32WBA52CGU7, STM32WBA52CGU7TR, STM32WBA52KEU6, STM32WBA52KEU6TR, STM32WBA52KGU6, STM32WBA52KGU6TR, STM32WBA54CEU6, STM32WBA54CEU6TR, STM32WBA54CEU7, STM32WBA54CEU7TR, STM32WBA54CGU6, STM32WBA54CGU6TR, STM32WBA54CGU7, STM32WBA54CGU7TR, STM32WBA54KEU6, STM32WBA54KEU6TR, STM32WBA54KEU7, STM32WBA54KEU7TR, STM32WBA54KGU6, STM32WBA54KGU6TR, STM32WBA54KGU7, STM32WBA54KGU7TR, STM32WBA55CEU6, STM32WBA55CEU6TR, STM32WBA55CEU7, STM32WBA55CEU7TR, STM32WBA55CGU6, STM32WBA55CGU6TR, STM32WBA55CGU6U, STM32WBA55CGU7, STM32WBA55CGU7TR, STM32WBA55G-DK1, STM32WBA55HEF6, STM32WBA55HEF7, STM32WBA55HGF6, STM32WBA55HGF7, STM32WBA55UEI6, STM32WBA55UEI6TR, STM32WBA55UEI7, STM32WBA55UEI7TR, STM32WBA55UGI6, STM32WBA55UGI6TR, STM32WBA55UGI7, STM32WBA55UGI7TR, STM32WBA5MMGH6TR, STM32WBA62MGF6, STM32WBA62MIF6, STM32WBA65MGF7, STM32WBA65MIF6, STM32WBA65MIF7, STM32WL30K8V6, STM32WL30KBV6, STM32WL31C8V6, STM32WL31CBV6, STM32WL31K8V6, STM32WL31KBV6, STM32WL33C8V6, STM32WL33C8V6X, STM32WL33CBV6, STM32WL33CBV6X, STM32WL33CCV6, STM32WL33CCV6A, STM32WL33CCV6X, STM32WL33K8V7, STM32WL33K8V7X, STM32WL33KBV7 , STM32WL33KBV7X, STM32WL33KCV7, STM32WL33KCV7X, STM32WL5MOCH6, STM32WL5MOCH6TR]
2026-02-03 11:05:29,254 [INFO] DbMcus:218 - Found 4876 MCUs, 4876 are supported
2026-02-03 11:05:29,257 [INFO] ApiDb:423 - Load user favorites file C:\Users\nsorr/.stm32cubeide/favorites.mcus.txt: 1 item(s)
2026-02-03 11:05:29,257 [INFO] ApiDb:427 - User favorites MCUs=[STM32F103C8T6]
2026-02-03 11:05:29,257 [INFO] DbMcus:224 - Set 1 / 1 favorites MCUs
2026-02-03 11:05:30,065 [INFO] BoardInfo:889 - No configuration file found for board P-NUCLEO-WB55
2026-02-03 11:05:30,067 [INFO] DbBoards:161 - Kit is not supported: P-NUCLEO-WB55
2026-02-03 11:05:30,076 [INFO] BoardInfo:889 - No configuration file found for board STEVAL-BFA001V1B
2026-02-03 11:05:30,078 [INFO] DbBoards:161 - Kit is not supported: STEVAL-BFA001V1B
2026-02-03 11:05:30,078 [INFO] BoardInfo:889 - No configuration file found for board STEVAL-BFA001V2B
2026-02-03 11:05:30,080 [INFO] DbBoards:161 - Kit is not supported: STEVAL-BFA001V2B
2026-02-03 11:05:30,357 [INFO] DbBoards:168 - Found 212 boards, 209 are supported
2026-02-03 11:05:30,357 [INFO] DbBoards:169 - Found 212 boards, 43 of them is supported for  Bsp
2026-02-03 11:05:30,360 [INFO] ApiDb:423 - Load user favorites file C:\Users\nsorr/.stm32cubeide/favorites.boards.txt: 0 item(s)
2026-02-03 11:05:30,360 [INFO] ApiDb:427 - User favorites Boards=[]
2026-02-03 11:05:30,360 [INFO] DbBoards:198 - Set 0 / 0 favorites Boards
2026-02-03 11:05:30,450 [INFO] UtilMem:75 - End LoadConfig() Used Memory: 788054992 Bytes (834666496)
2026-02-03 11:05:30,705 [WARN] ThirdParty:833 - waiting for thirdparty lock release [change project]
2026-02-03 11:05:30,706 [INFO] ThirdParty:835 - entering critical section [change project]
2026-02-03 11:05:30,706 [INFO] ThirdParty:1030 - CMSIS Pack Vendor :STMicroelectronics X-CUBE-PM33A1 1.0.0
2026-02-03 11:05:30,706 [INFO] ThirdParty:1030 - CMSIS Pack Vendor :STMicroelectronics USBPD 4.1
2026-02-03 11:05:30,706 [INFO] ThirdParty:1030 - CMSIS Pack Vendor :STMicroelectronics USB_HOST 2.0.0
2026-02-03 11:05:30,706 [INFO] ThirdParty:1030 - CMSIS Pack Vendor :STMicroelectronics FP-SNS-MOTENVWB1 1.4.0
2026-02-03 11:05:30,706 [INFO] ThirdParty:1030 - CMSIS Pack Vendor :STMicroelectronics X-CUBE-AZRTOS-F4 1.1.0
2026-02-03 11:05:30,707 [INFO] ThirdParty:1030 - CMSIS Pack Vendor :STMicroelectronics LIBJPEG 8.0.0
2026-02-03 11:05:30,707 [INFO] ThirdParty:1030 - CMSIS Pack Vendor :STMicroelectronics FP-ATR-ASTRA1 2.0.2
2026-02-03 11:05:30,707 [INFO] ThirdParty:1030 - CMSIS Pack Vendor :Avnet-IotConnect X-CUBE-IoTC-DA16k-PMOD 1.0.0
2026-02-03 11:05:30,707 [INFO] ThirdParty:1030 - CMSIS Pack Vendor :STMicroelectronics X-CUBE-SMBUS 2.1.0
2026-02-03 11:05:30,707 [INFO] ThirdParty:1030 - CMSIS Pack Vendor :STMicroelectronics X-CUBE-ISPU 2.1.0
2026-02-03 11:05:30,707 [INFO] ThirdParty:1030 - CMSIS Pack Vendor :STMicroelectronics X-CUBE-IPS 3.2.0
2026-02-03 11:05:30,707 [INFO] ThirdParty:1030 - CMSIS Pack Vendor :STMicroelectronics X-CUBE-ST60 1.0.0
2026-02-03 11:05:30,707 [INFO] ThirdParty:1030 - CMSIS Pack Vendor :STMicroelectronics X-CUBE-NFC12 1.0.0
2026-02-03 11:05:30,707 [INFO] ThirdParty:1030 - CMSIS Pack Vendor :STMicroelectronics X-CUBE-AZRTOS-F7 1.1.0
2026-02-03 11:05:30,707 [INFO] ThirdParty:1030 - CMSIS Pack Vendor :STMicroelectronics X-CUBE-AZRTOS-L5 2.0.0
2026-02-03 11:05:30,707 [INFO] ThirdParty:1030 - CMSIS Pack Vendor :STMicroelectronics USB_DEVICE 2.0.0
2026-02-03 11:05:30,707 [INFO] ThirdParty:1030 - CMSIS Pack Vendor :STMicroelectronics X-CUBE-NFC6 3.1.0
2026-02-03 11:05:30,707 [INFO] ThirdParty:1030 - CMSIS Pack Vendor :STMicroelectronics FP-SNS-MOTENV1 5.1.0
2026-02-03 11:05:30,707 [INFO] ThirdParty:1030 - CMSIS Pack Vendor :STMicroelectronics FreeRTOS 0.0.1
2026-02-03 11:05:30,710 [INFO] ThirdParty:1030 - CMSIS Pack Vendor :Infineon AIROC-Wi-Fi-Bluetooth-STM32 1.7.1
2026-02-03 11:05:30,711 [INFO] ThirdParty:1030 - CMSIS Pack Vendor :STMicroelectronics PDM2PCM 3.3.0
2026-02-03 11:05:30,711 [INFO] ThirdParty:1030 - CMSIS Pack Vendor :STMicroelectronics X-CUBE-AZRTOS-H7 3.4.0
2026-02-03 11:05:30,711 [INFO] ThirdParty:1030 - CMSIS Pack Vendor :STMicroelectronics X-CUBE-DISPLAY 3.0.0
2026-02-03 11:05:30,711 [INFO] ThirdParty:1030 - CMSIS Pack Vendor :STMicroelectronics X-CUBE-NFC10 1.0.0
2026-02-03 11:05:30,711 [INFO] ThirdParty:1030 - CMSIS Pack Vendor :STMicroelectronics X-CUBE-FREERTOS 1.3.1
2026-02-03 11:05:30,711 [INFO] ThirdParty:1030 - CMSIS Pack Vendor :STMicroelectronics HAL Drivers 0.0.0
2026-02-03 11:05:30,711 [INFO] ThirdParty:1030 - CMSIS Pack Vendor :STMicroelectronics X-CUBE-ST60 1.1.0
2026-02-03 11:05:30,711 [INFO] ThirdParty:1030 - CMSIS Pack Vendor :emotas I-CUBE-CANOPEN 1.3.0
2026-02-03 11:05:30,711 [INFO] ThirdParty:1030 - CMSIS Pack Vendor :STMicroelectronics MBEDTLS 2.14.1
2026-02-03 11:05:30,711 [INFO] ThirdParty:1030 - CMSIS Pack Vendor :STMicroelectronics X-CUBE-GNSS1 7.1.0
2026-02-03 11:05:30,711 [INFO] ThirdParty:1030 - CMSIS Pack Vendor :STMicroelectronics X-CUBE-TOUCHGFX 4.26.0
2026-02-03 11:05:30,711 [INFO] ThirdParty:1030 - CMSIS Pack Vendor :STMicroelectronics FP-SNS-STBOX1 2.1.0
2026-02-03 11:05:30,711 [INFO] ThirdParty:1030 - CMSIS Pack Vendor :STMicroelectronics FP-SNS-STAIOTCFT 1.0.0
2026-02-03 11:05:30,711 [INFO] ThirdParty:1030 - CMSIS Pack Vendor :STMicroelectronics FP-SNS-SMARTAG2 1.2.0
2026-02-03 11:05:30,711 [INFO] ThirdParty:1030 - CMSIS Pack Vendor :STMicroelectronics FP-SNS-FLIGHT1 5.1.0
2026-02-03 11:05:30,711 [INFO] ThirdParty:1030 - CMSIS Pack Vendor :STMicroelectronics X-CUBE-AZRTOS-WL 2.0.0
2026-02-03 11:05:30,711 [INFO] ThirdParty:1030 - CMSIS Pack Vendor :STMicroelectronics X-CUBE-DPower 1.3.0
2026-02-03 11:05:30,711 [INFO] ThirdParty:1030 - CMSIS Pack Vendor :STMicroelectronics FP-SNS-MOTENV1 5.0.0
2026-02-03 11:05:30,711 [INFO] ThirdParty:1030 - CMSIS Pack Vendor :STMicroelectronics USB_DEVICE 1.0.0
2026-02-03 11:05:30,711 [INFO] ThirdParty:1030 - CMSIS Pack Vendor :STMicroelectronics X-CUBE-AZRTOS-H7RS 1.2.0
2026-02-03 11:05:30,711 [INFO] ThirdParty:1030 - CMSIS Pack Vendor :STMicroelectronics X-CUBE-AZRTOS-L4 2.0.0
2026-02-03 11:05:30,711 [INFO] ThirdParty:1030 - CMSIS Pack Vendor :STMicroelectronics ThreadX 0.0.2
2026-02-03 11:05:30,711 [INFO] ThirdParty:1030 - CMSIS Pack Vendor :WES I-CUBE-Cesium 1.3.0
2026-02-03 11:05:30,711 [INFO] ThirdParty:1030 - CMSIS Pack Vendor :STMicroelectronics lwIP 2.1.2
2026-02-03 11:05:30,711 [INFO] ThirdParty:1030 - CMSIS Pack Vendor :STMicroelectronics X-CUBE-SFXS2LP1 4.0.0
2026-02-03 11:05:30,711 [INFO] ThirdParty:1030 - CMSIS Pack Vendor :STMicroelectronics X-CUBE-BLE2 3.3.0
2026-02-03 11:05:30,711 [INFO] ThirdParty:1030 - CMSIS Pack Vendor :Avnet-IOTCONNECT X-CUBE-iotc-st67-sdk 1.0.0
2026-02-03 11:05:30,711 [INFO] ThirdParty:1030 - CMSIS Pack Vendor :STMicroelectronics PDM2PCM 3.2.0
2026-02-03 11:05:30,711 [INFO] ThirdParty:1030 - CMSIS Pack Vendor :STMicroelectronics X-CUBE-ST67W61 1.2.0
2026-02-03 11:05:30,711 [INFO] ThirdParty:1030 - CMSIS Pack Vendor :STMicroelectronics X-CUBE-NFC9 1.0.0
2026-02-03 11:05:30,711 [INFO] ThirdParty:1030 - CMSIS Pack Vendor :wolfSSL I-CUBE-wolfSSL 5.8.2
2026-02-03 11:05:30,711 [INFO] ThirdParty:1030 - CMSIS Pack Vendor :STMicroelectronics X-CUBE-BLE1 7.1.0
2026-02-03 11:05:30,713 [INFO] ThirdParty:1030 - CMSIS Pack Vendor :wolfSSL I-CUBE-wolfMQTT 1.19.2
2026-02-03 11:05:30,713 [INFO] ThirdParty:1030 - CMSIS Pack Vendor :STMicroelectronics USB_DEVICE 3.0.0
2026-02-03 11:05:30,713 [INFO] ThirdParty:1030 - CMSIS Pack Vendor :STMicroelectronics X-CUBE-FREERTOS 1.4.0
2026-02-03 11:05:30,713 [INFO] ThirdParty:1030 - CMSIS Pack Vendor :STMicroelectronics X-CUBE-EEPRMA1 5.2.0
2026-02-03 11:05:30,713 [INFO] ThirdParty:1030 - CMSIS Pack Vendor :STMicroelectronics X-CUBE-BLEMGR 4.1.0
2026-02-03 11:05:30,713 [INFO] ThirdParty:1030 - CMSIS Pack Vendor :STMicroelectronics X-CUBE-AZRTOS-WB 2.0.0
2026-02-03 11:05:30,713 [INFO] ThirdParty:1030 - CMSIS Pack Vendor :STMicroelectronics X-CUBE-GNSS1 7.0.1
2026-02-03 11:05:30,713 [INFO] ThirdParty:1030 - CMSIS Pack Vendor :STMicroelectronics X-CUBE-TOUCHGFX 4.25.0
2026-02-03 11:05:30,713 [INFO] ThirdParty:1030 - CMSIS Pack Vendor :STMicroelectronics X-CUBE-ST67W61 1.1.0
2026-02-03 11:05:30,713 [INFO] ThirdParty:1030 - CMSIS Pack Vendor :quantropi X-CUBE-qispace-sdk-base 2.1.0
2026-02-03 11:05:30,713 [INFO] ThirdParty:1030 - CMSIS Pack Vendor :STMicroelectronics X-CUBE-MEMS1 12.0.0
2026-02-03 11:05:30,713 [INFO] ThirdParty:1030 - CMSIS Pack Vendor :STMicroelectronics X-CUBE-STSE01 2.0.0
2026-02-03 11:05:30,713 [INFO] ThirdParty:1030 - CMSIS Pack Vendor :STMicroelectronics X-CUBE-AZRTOS-G0 1.1.0
2026-02-03 11:05:30,713 [INFO] ThirdParty:1030 - CMSIS Pack Vendor :STMicroelectronics X-CUBE-SAFEA1 1.2.2
2026-02-03 11:05:30,713 [INFO] ThirdParty:1030 - CMSIS Pack Vendor :STMicroelectronics X-CUBE-NFC4 3.0.0
2026-02-03 11:05:30,713 [INFO] ThirdParty:1030 - CMSIS Pack Vendor :STMicroelectronics X-CUBE-SUBG2 5.0.0
2026-02-03 11:05:30,713 [INFO] ThirdParty:1030 - CMSIS Pack Vendor :STMicroelectronics X-CUBE-AZRTOS-H7RS 1.1.0
2026-02-03 11:05:30,713 [INFO] ThirdParty:1030 - CMSIS Pack Vendor :STMicroelectronics STM32_WPAN 1.0.0
2026-02-03 11:05:30,713 [INFO] ThirdParty:1030 - CMSIS Pack Vendor :EmbeddedOffice I-CUBE-FS-RTOS 1.0.1
2026-02-03 11:05:30,713 [INFO] ThirdParty:1030 - CMSIS Pack Vendor :STMicroelectronics lwIP 2.0.3
2026-02-03 11:05:30,713 [INFO] ThirdParty:1030 - CMSIS Pack Vendor :Cesanta I-CUBE-Mongoose 7.13.0
2026-02-03 11:05:30,713 [INFO] ThirdParty:1030 - CMSIS Pack Vendor :STMicroelectronics USB_HOST 1.0.0
2026-02-03 11:05:30,713 [INFO] ThirdParty:1030 - CMSIS Pack Vendor :STMicroelectronics X-CUBE-AZRTOS-G4 2.0.0
2026-02-03 11:05:30,713 [INFO] ThirdParty:1030 - CMSIS Pack Vendor :STMicroelectronics X-CUBE-WB05N 2.0.0
2026-02-03 11:05:30,714 [INFO] ThirdParty:1030 - CMSIS Pack Vendor :STMicroelectronics PDM2PCM 3.1.0
2026-02-03 11:05:30,714 [INFO] ThirdParty:1030 - CMSIS Pack Vendor :wolfSSL I-CUBE-wolfTPM 3.8.0
2026-02-03 11:05:30,714 [INFO] ThirdParty:1030 - CMSIS Pack Vendor :wolfSSL I-CUBE-wolfSSH 1.4.20
2026-02-03 11:05:30,714 [INFO] ThirdParty:1030 - CMSIS Pack Vendor :STMicroelectronics X-CUBE-NFC7 2.0.0
2026-02-03 11:05:30,714 [INFO] ThirdParty:1030 - CMSIS Pack Vendor :STMicroelectronics X-CUBE-TCPP 4.2.0
2026-02-03 11:05:30,714 [INFO] ThirdParty:1030 - CMSIS Pack Vendor :RealThread X-CUBE-RT-Thread_Nano 4.1.1
2026-02-03 11:05:30,714 [INFO] ThirdParty:1030 - CMSIS Pack Vendor :STMicroelectronics FP-ATR-SIGFOX1 3.2.0
2026-02-03 11:05:30,714 [INFO] ThirdParty:1030 - CMSIS Pack Vendor :STMicroelectronics MBEDTLS 2.16.2
2026-02-03 11:05:30,714 [INFO] ThirdParty:1030 - CMSIS Pack Vendor :STMicroelectronics X-CUBE-IPS 3.1.0
2026-02-03 11:05:30,714 [INFO] ThirdParty:1030 - CMSIS Pack Vendor :STMicroelectronics X-CUBE-ALS 1.0.2
2026-02-03 11:05:30,714 [INFO] ThirdParty:1030 - CMSIS Pack Vendor :ITTIA_DB I-CUBE-ITTIADB 8.9.0
2026-02-03 11:05:30,714 [INFO] ThirdParty:1030 - CMSIS Pack Vendor :STMicroelectronics X-CUBE-STSE01 1.0.0
2026-02-03 11:05:30,714 [INFO] ThirdParty:1030 - CMSIS Pack Vendor :portGmbH I-Cube-SoM-uGOAL 1.1.0
2026-02-03 11:05:30,719 [INFO] ThirdParty:1030 - CMSIS Pack Vendor :STMicroelectronics X-CUBE-NFC6 3.2.0
2026-02-03 11:05:30,719 [INFO] ThirdParty:1030 - CMSIS Pack Vendor :STMicroelectronics X-CUBE-ST67W61 1.0.0
2026-02-03 11:05:30,719 [INFO] ThirdParty:1030 - CMSIS Pack Vendor :STMicroelectronics X-CUBE-AI 10.2.0
2026-02-03 11:05:30,719 [INFO] ThirdParty:1030 - CMSIS Pack Vendor :STMicroelectronics ThreadX 1.0.0
2026-02-03 11:05:30,719 [INFO] ThirdParty:1030 - CMSIS Pack Vendor :SEGGER I-CUBE-embOS 1.3.1
2026-02-03 11:05:30,719 [INFO] ThirdParty:1030 - CMSIS Pack Vendor :STMicroelectronics X-CUBE-ALGOBUILD 1.4.0
2026-02-03 11:05:30,719 [INFO] ThirdParty:1030 - CMSIS Pack Vendor :STMicroelectronics X-CUBE-MEMS1 11.3.0
2026-02-03 11:05:30,719 [INFO] ThirdParty:1030 - CMSIS Pack Vendor :STMicroelectronics X-CUBE-TOF1 3.4.3
2026-02-03 11:05:30,719 [INFO] ThirdParty:841 - exiting critical section [change project]
2026-02-03 11:05:31,187 [INFO] PinOutPanel:1589 - setPackage(No Configuration,No Configuration)
2026-02-03 11:05:31,191 [INFO] PinOutPanel:1589 - setPackage(STM32F103C8Tx,LQFP48)
2026-02-03 11:05:31,734 [INFO] UtilMem:75 - Before build in PCC Used Memory: 831939752 Bytes (926941184)
2026-02-03 11:05:32,970 [INFO] UtilMem:75 - After build in PCC Used Memory: 641616064 Bytes (954204160)
2026-02-03 11:05:33,009 [INFO] IPUIPlugin:80 - create IPUIPlugin
2026-02-03 11:05:33,009 [INFO] IPUIPlugin:80 - create IPUIPlugin
2026-02-03 11:05:33,009 [INFO] IPUIPlugin:80 - create IPUIPlugin
2026-02-03 11:05:33,009 [INFO] IPUIPlugin:80 - create IPUIPlugin
2026-02-03 11:05:33,009 [INFO] IPUIPlugin:80 - create IPUIPlugin
2026-02-03 11:05:33,009 [INFO] IPUIPlugin:80 - create IPUIPlugin
2026-02-03 11:05:33,009 [INFO] IPUIPlugin:80 - create IPUIPlugin
2026-02-03 11:05:33,009 [INFO] IPUIPlugin:80 - create IPUIPlugin
2026-02-03 11:05:33,009 [INFO] IPUIPlugin:80 - create IPUIPlugin
2026-02-03 11:05:33,009 [INFO] IPUIPlugin:80 - create IPUIPlugin
2026-02-03 11:05:33,009 [INFO] IPUIPlugin:80 - create IPUIPlugin
2026-02-03 11:05:33,009 [INFO] IPUIPlugin:80 - create IPUIPlugin
2026-02-03 11:05:33,009 [INFO] IPUIPlugin:80 - create IPUIPlugin
2026-02-03 11:05:33,009 [INFO] IPUIPlugin:80 - create IPUIPlugin
2026-02-03 11:05:33,009 [INFO] IPUIPlugin:80 - create IPUIPlugin
2026-02-03 11:05:33,009 [INFO] IPUIPlugin:80 - create IPUIPlugin
2026-02-03 11:05:33,009 [INFO] IPUIPlugin:80 - create IPUIPlugin
2026-02-03 11:05:33,010 [INFO] IPUIPlugin:80 - create IPUIPlugin
2026-02-03 11:05:33,010 [INFO] IPUIPlugin:80 - create IPUIPlugin
2026-02-03 11:05:33,010 [INFO] IPUIPlugin:80 - create IPUIPlugin
2026-02-03 11:05:33,010 [INFO] IPUIPlugin:80 - create IPUIPlugin
2026-02-03 11:05:33,010 [INFO] IPUIPlugin:80 - create IPUIPlugin
2026-02-03 11:05:33,010 [INFO] IPUIPlugin:80 - create IPUIPlugin
2026-02-03 11:05:33,010 [INFO] IPUIPlugin:80 - create IPUIPlugin
2026-02-03 11:05:33,011 [INFO] IPUIPlugin:80 - create IPUIPlugin
2026-02-03 11:05:33,011 [INFO] IPUIPlugin:80 - create IPUIPlugin
2026-02-03 11:05:33,011 [INFO] IPUIPlugin:80 - create IPUIPlugin
2026-02-03 11:05:33,037 [WARN] IP:2250 - I2C_Coeff_DF not found: check if there is a RefParameter without a condition.
2026-02-03 11:05:33,037 [WARN] IP:2250 - Analog_Filter not found: check if there is a RefParameter without a condition.
2026-02-03 11:05:33,311 [INFO] CADModel:165 - CPN selected for project levelSTM32F103C8T6
2026-02-03 11:05:33,311 [INFO] CADModel:114 - Register for checkConnection events
2026-02-03 11:05:33,377 [INFO] OpenFileManager:386 - Restore cursor
2026-02-03 11:05:33,608 [WARN] IP:2250 - I2C_Coeff_DF not found: check if there is a RefParameter without a condition.
2026-02-03 11:05:33,608 [WARN] IP:2250 - Analog_Filter not found: check if there is a RefParameter without a condition.
2026-02-03 11:05:33,609 [WARN] IP:2250 - I2C_Coeff_DF not found: check if there is a RefParameter without a condition.
2026-02-03 11:05:33,609 [WARN] IP:2250 - Analog_Filter not found: check if there is a RefParameter without a condition.
2026-02-03 11:20:06,570 [ERROR] LogOutputStream:75 - [STDERR_REDIRECT] 
2026-02-03 11:20:06,573 [ERROR] LogOutputStream:75 - [STDERR_REDIRECT] 
2026-02-03 11:20:19,044 [INFO] Activator:176 - 


2026-02-03 11:20:19,046 [INFO] Activator:177 - !SESSION log4j initialized
2026-02-03 11:20:24,849 [INFO] LogOutputStream:77 - [STDOUT_REDIRECT] 
2026-02-03 11:20:27,470 [INFO] ApplicationProperties:184 - Using Application install path: C:\ST\STM32CubeIDE_1.19.0\STM32CubeIDE\plugins\com.st.stm32cube.common.mx_6.15.0.202507011659
2026-02-03 11:20:27,493 [INFO] DbMcusXml:78 - Set database path to: C:\ST\STM32CubeIDE_1.19.0\STM32CubeIDE\plugins\com.st.stm32cube.common.mx_6.15.0.202507011659\\db\/mcu/
2026-02-03 11:20:27,494 [INFO] ApiDb:274 - Set plugin database path to: C:\ST\STM32CubeIDE_1.19.0\STM32CubeIDE\plugins\com.st.stm32cube.common.mx_6.15.0.202507011659\\db\/plugins/boardmanager/
2026-02-03 11:20:27,494 [WARN] ApiDb:259 - Overriding images path with different value:  => C:\ST\STM32CubeIDE_1.19.0\STM32CubeIDE\plugins\com.st.stm32cube.common.mx_6.15.0.202507011659\\db\/plugins/mcufinder/images/
2026-02-03 11:20:27,503 [INFO] ApiDb:250 - Set database path to: C:\Users\nsorr\.stmcufinder\plugins\mcufinder//mcu/
2026-02-03 11:20:27,504 [INFO] DbMcusAds:125 - Set database path to: C:\Users\nsorr\.stmcufinder\plugins\mcufinder//mcu/
2026-02-03 11:20:27,506 [INFO] CrossReferenceDbSqlite:203 - Set database path to: C:\Users\nsorr\.stmcufinder\plugins\mcufinder//mcu/cs/
2026-02-03 11:20:27,665 [INFO] RulesReader:64 - Compatibility file has been processed (317 Rules)
2026-02-03 11:20:27,784 [INFO] DbMcusXml:78 - Set database path to: C:\ST\STM32CubeIDE_1.19.0\STM32CubeIDE\plugins\com.st.stm32cube.common.mx_6.15.0.202507011659\\db\/mcu/
2026-02-03 11:20:27,784 [INFO] ApiDb:274 - Set plugin database path to: C:\ST\STM32CubeIDE_1.19.0\STM32CubeIDE\plugins\com.st.stm32cube.common.mx_6.15.0.202507011659\\db\/plugins/boardmanager/
2026-02-03 11:20:27,784 [INFO] ApiDb:261 - Set plugin images path to: C:\ST\STM32CubeIDE_1.19.0\STM32CubeIDE\plugins\com.st.stm32cube.common.mx_6.15.0.202507011659\\db\/plugins/mcufinder/images/
2026-02-03 11:20:27,785 [WARN] DbFile:41 - Overriding database path with different value: C:\Users\nsorr\.stmcufinder\plugins\mcufinder/ => C:\Users\nsorr\.stmcufinder\plugins\mcufinder
2026-02-03 11:20:27,785 [INFO] ApiDb:250 - Set database path to: C:\Users\nsorr\.stmcufinder\plugins\mcufinder//mcu/
2026-02-03 11:20:27,785 [WARN] DbFile:41 - Overriding database path with different value: C:\Users\nsorr\.stmcufinder\plugins\mcufinder/ => C:\Users\nsorr\.stmcufinder\plugins\mcufinder
2026-02-03 11:20:27,785 [INFO] DbMcusAds:125 - Set database path to: C:\Users\nsorr\.stmcufinder\plugins\mcufinder//mcu/
2026-02-03 11:20:27,785 [WARN] DbFile:41 - Overriding database path with different value: C:\Users\nsorr\.stmcufinder\plugins\mcufinder/ => C:\Users\nsorr\.stmcufinder\plugins\mcufinder
2026-02-03 11:20:27,785 [WARN] DbFile:41 - Overriding database path with different value: C:\Users\nsorr\.stmcufinder\plugins\mcufinder/ => C:\Users\nsorr\.stmcufinder\plugins\mcufinder
2026-02-03 11:20:27,785 [INFO] CrossReferenceDbSqlite:203 - Set database path to: C:\Users\nsorr\.stmcufinder\plugins\mcufinder//mcu/cs/
2026-02-03 11:20:27,874 [INFO] MainPanel:274 - HeapMemory: 268435456
2026-02-03 11:20:28,017 [INFO] DbMcusXml:78 - Set database path to: C:\ST\STM32CubeIDE_1.19.0\STM32CubeIDE\plugins\com.st.stm32cube.common.mx_6.15.0.202507011659\\db\/mcu/
2026-02-03 11:20:28,017 [INFO] ApiDb:274 - Set plugin database path to: C:\ST\STM32CubeIDE_1.19.0\STM32CubeIDE\plugins\com.st.stm32cube.common.mx_6.15.0.202507011659\\db\/plugins/boardmanager/
2026-02-03 11:20:28,017 [INFO] ApiDb:261 - Set plugin images path to: C:\ST\STM32CubeIDE_1.19.0\STM32CubeIDE\plugins\com.st.stm32cube.common.mx_6.15.0.202507011659\\db\/plugins/mcufinder/images/
2026-02-03 11:20:28,018 [WARN] DbFile:41 - Overriding database path with different value: C:\Users\nsorr\.stmcufinder\plugins\mcufinder/ => C:\Users\nsorr\.stmcufinder\plugins\mcufinder
2026-02-03 11:20:28,018 [INFO] ApiDb:250 - Set database path to: C:\Users\nsorr\.stmcufinder\plugins\mcufinder//mcu/
2026-02-03 11:20:28,018 [WARN] DbFile:41 - Overriding database path with different value: C:\Users\nsorr\.stmcufinder\plugins\mcufinder/ => C:\Users\nsorr\.stmcufinder\plugins\mcufinder
2026-02-03 11:20:28,018 [INFO] DbMcusAds:125 - Set database path to: C:\Users\nsorr\.stmcufinder\plugins\mcufinder//mcu/
2026-02-03 11:20:28,018 [WARN] DbFile:41 - Overriding database path with different value: C:\Users\nsorr\.stmcufinder\plugins\mcufinder/ => C:\Users\nsorr\.stmcufinder\plugins\mcufinder
2026-02-03 11:20:28,018 [WARN] DbFile:41 - Overriding database path with different value: C:\Users\nsorr\.stmcufinder\plugins\mcufinder/ => C:\Users\nsorr\.stmcufinder\plugins\mcufinder
2026-02-03 11:20:28,018 [INFO] CrossReferenceDbSqlite:203 - Set database path to: C:\Users\nsorr\.stmcufinder\plugins\mcufinder//mcu/cs/
2026-02-03 11:20:28,040 [INFO] ApplicationProperties:184 - Using Application install path: C:\ST\STM32CubeIDE_1.19.0\STM32CubeIDE\plugins\com.st.stm32cube.common.mx_6.15.0.202507011659
2026-02-03 11:20:28,041 [INFO] PluginManage:196 - Search for loadable plugins [exclusion list=, ]
2026-02-03 11:20:28,044 [INFO] PluginManage:310 - Check plugin analytics
2026-02-03 11:20:28,376 [INFO] AnalyticsPlugin:253 - Accepted Software Licenses: STM32CubeMX.6.15.0
2026-02-03 11:20:28,376 [INFO] AnalyticsPlugin:255 - Accepted CMSIS Pack Licenses: 
2026-02-03 11:20:28,376 [INFO] AnalyticsPlugin:257 - Accepted Firmware Licenses: 
2026-02-03 11:20:28,380 [INFO] PluginManage:359 - Loaded plugin analytics (category:tool,tabindex:-1)
2026-02-03 11:20:28,382 [INFO] PluginManage:310 - Check plugin cadmodel
2026-02-03 11:20:28,387 [INFO] CADModel:105 - Init CAD model plugin
2026-02-03 11:20:28,387 [INFO] PluginManage:359 - Loaded plugin cadmodel (category:power,tabindex:5)
2026-02-03 11:20:28,387 [INFO] PluginManage:310 - Check plugin clock
2026-02-03 11:20:28,399 [INFO] PluginManage:359 - Loaded plugin clock (category:base,tabindex:2)
2026-02-03 11:20:28,399 [INFO] PluginManage:310 - Check plugin ddr
2026-02-03 11:20:28,402 [INFO] PluginManage:359 - Loaded plugin ddr (category:tool,tabindex:6)
2026-02-03 11:20:28,402 [INFO] PluginManage:310 - Check plugin filemanager
2026-02-03 11:20:28,580 [INFO] PluginManage:359 - Loaded plugin filemanager (category:base,tabindex:10)
2026-02-03 11:20:28,580 [INFO] PluginManage:310 - Check plugin ipmanager
2026-02-03 11:20:28,589 [INFO] PluginManage:359 - Loaded plugin ipmanager (category:base,tabindex:5)
2026-02-03 11:20:28,589 [INFO] PluginManage:310 - Check plugin lpbam
2026-02-03 11:20:28,599 [INFO] PluginManage:359 - Loaded plugin lpbam (category:base,tabindex:0)
2026-02-03 11:20:28,600 [INFO] PluginManage:310 - Check plugin memorymap
2026-02-03 11:20:28,617 [INFO] PluginManage:359 - Loaded plugin memorymap (category:base,tabindex:4)
2026-02-03 11:20:28,617 [INFO] PluginManage:310 - Check plugin pinoutandconfiguration
2026-02-03 11:20:28,626 [INFO] PluginManage:359 - Loaded plugin pinoutandconfiguration (category:base,tabindex:1)
2026-02-03 11:20:28,626 [INFO] PluginManage:310 - Check plugin pinoutconfig
2026-02-03 11:20:28,745 [WARN] SupportedApi:132 - Cannot load RTOS API schema: s4s-elt-must-match.1: The content of 'definitions' must match (annotation?, (simpleType | complexType)?, (unique | key | keyref)*)). A problem was found starting at: attribute.
2026-02-03 11:20:28,929 [INFO] PluginManage:359 - Loaded plugin pinoutconfig (category:base,tabindex:0)
2026-02-03 11:20:28,929 [INFO] PluginManage:310 - Check plugin power
2026-02-03 11:20:28,937 [INFO] PluginManage:359 - Loaded plugin power (category:power,tabindex:4)
2026-02-03 11:20:28,938 [INFO] PluginManage:310 - Check plugin projectmanager
2026-02-03 11:20:28,957 [INFO] PluginManage:359 - Loaded plugin projectmanager (category:projectmanager,tabindex:4)
2026-02-03 11:20:28,957 [INFO] PluginManage:310 - Check plugin rif
2026-02-03 11:20:28,966 [INFO] PluginManage:359 - Loaded plugin rif (category:base,tabindex:3)
2026-02-03 11:20:28,967 [INFO] PluginManage:310 - Check plugin thirdparty
2026-02-03 11:20:29,144 [INFO] PluginManage:359 - Loaded plugin thirdparty (category:base,tabindex:-1)
2026-02-03 11:20:29,144 [WARN] IntegrityCheckThread:84 - waiting for thirdparty lock release [integrity check]
2026-02-03 11:20:29,144 [INFO] PluginManage:310 - Check plugin tools
2026-02-03 11:20:29,144 [INFO] IntegrityCheckThread:86 - entering critical section [integrity check]
2026-02-03 11:20:29,145 [INFO] ThirdPartyUpdaterWithRetryManager:70 - Updater plugin not ready yet. [1/15]
2026-02-03 11:20:29,149 [INFO] PluginManage:359 - Loaded plugin tools (category:base,tabindex:7)
2026-02-03 11:20:29,149 [INFO] PluginManage:310 - Check plugin tutovideos
2026-02-03 11:20:29,439 [INFO] PluginManage:359 - Loaded plugin tutovideos (category:base,tabindex:-1)
2026-02-03 11:20:29,439 [INFO] PluginManage:310 - Check plugin updater
2026-02-03 11:20:29,470 [INFO] PluginManage:359 - Loaded plugin updater (category:base,tabindex:12)
2026-02-03 11:20:29,470 [INFO] PluginManage:310 - Check plugin userauth
2026-02-03 11:20:29,476 [INFO] UserAuth:118 - Init User Auth plugin
2026-02-03 11:20:29,477 [INFO] PluginManage:359 - Loaded plugin userauth (category:base,tabindex:14)
2026-02-03 11:20:29,477 [INFO] PluginManage:283 - PluginManage : Loaded plugins [18]
2026-02-03 11:20:29,723 [INFO] PinOutPanel:1589 - setPackage(No Configuration,No Configuration)
2026-02-03 11:20:29,843 [INFO] CADModel:165 - CPN selected for project level
2026-02-03 11:20:29,843 [INFO] CADModel:114 - Register for checkConnection events
2026-02-03 11:20:29,867 [INFO] IPUIPlugin:80 - create IPUIPlugin
2026-02-03 11:20:29,868 [INFO] PluginManager:220 - loadIPPluginJar : add adc
2026-02-03 11:20:29,871 [INFO] IPUIPlugin:80 - create IPUIPlugin
2026-02-03 11:20:29,873 [INFO] PluginManager:220 - loadIPPluginJar : add aes
2026-02-03 11:20:29,875 [INFO] IPUIPlugin:80 - create IPUIPlugin
2026-02-03 11:20:29,876 [INFO] PluginManager:220 - loadIPPluginJar : add can
2026-02-03 11:20:29,878 [INFO] IPUIPlugin:80 - create IPUIPlugin
2026-02-03 11:20:29,878 [INFO] PluginManager:220 - loadIPPluginJar : add comp
2026-02-03 11:20:29,880 [INFO] IPUIPlugin:80 - create IPUIPlugin
2026-02-03 11:20:29,880 [INFO] PluginManager:220 - loadIPPluginJar : add cryp
2026-02-03 11:20:29,885 [INFO] IPUIPlugin:80 - create IPUIPlugin
2026-02-03 11:20:29,885 [INFO] PluginManager:220 - loadIPPluginJar : add ddr_ctrl_phy
2026-02-03 11:20:29,887 [INFO] IPUIPlugin:80 - create IPUIPlugin
2026-02-03 11:20:29,888 [INFO] PluginManager:220 - loadIPPluginJar : add dfsdm
2026-02-03 11:20:29,894 [INFO] IPUIPlugin:80 - create IPUIPlugin
2026-02-03 11:20:29,894 [INFO] PluginManager:220 - loadIPPluginJar : add dma
2026-02-03 11:20:29,897 [INFO] IPUIPlugin:80 - create IPUIPlugin
2026-02-03 11:20:29,898 [INFO] PluginManager:220 - loadIPPluginJar : add dma3
2026-02-03 11:20:29,900 [INFO] IPUIPlugin:80 - create IPUIPlugin
2026-02-03 11:20:29,900 [INFO] PluginManager:220 - loadIPPluginJar : add extmemmanager
2026-02-03 11:20:29,902 [INFO] IPUIPlugin:80 - create IPUIPlugin
2026-02-03 11:20:29,903 [INFO] PluginManager:220 - loadIPPluginJar : add fatfs
2026-02-03 11:20:29,909 [INFO] IPUIPlugin:80 - create IPUIPlugin
2026-02-03 11:20:29,909 [INFO] PluginManager:220 - loadIPPluginJar : add fmc
2026-02-03 11:20:29,916 [INFO] IPUIPlugin:80 - create IPUIPlugin
2026-02-03 11:20:29,916 [INFO] PluginManager:220 - loadIPPluginJar : add freertos
2026-02-03 11:20:29,918 [INFO] IPUIPlugin:80 - create IPUIPlugin
2026-02-03 11:20:29,918 [INFO] PluginManager:220 - loadIPPluginJar : add genericplugin
2026-02-03 11:20:29,920 [INFO] IPUIPlugin:80 - create IPUIPlugin
2026-02-03 11:20:29,920 [INFO] PluginManager:220 - loadIPPluginJar : add gfxmmu
2026-02-03 11:20:29,926 [INFO] IPUIPlugin:80 - create IPUIPlugin
2026-02-03 11:20:29,926 [INFO] PluginManager:220 - loadIPPluginJar : add gic
2026-02-03 11:20:29,930 [INFO] IPUIPlugin:80 - create IPUIPlugin
2026-02-03 11:20:29,930 [INFO] PluginManager:220 - loadIPPluginJar : add gpio
2026-02-03 11:20:29,934 [INFO] IPUIPlugin:80 - create IPUIPlugin
2026-02-03 11:20:29,934 [INFO] PluginManager:220 - loadIPPluginJar : add gtzc
2026-02-03 11:20:29,937 [INFO] IPUIPlugin:80 - create IPUIPlugin
2026-02-03 11:20:29,937 [INFO] PluginManager:220 - loadIPPluginJar : add hash
2026-02-03 11:20:29,940 [INFO] IPUIPlugin:80 - create IPUIPlugin
2026-02-03 11:20:29,940 [INFO] PluginManager:220 - loadIPPluginJar : add i2c
2026-02-03 11:20:29,943 [INFO] IPUIPlugin:80 - create IPUIPlugin
2026-02-03 11:20:29,943 [INFO] PluginManager:220 - loadIPPluginJar : add i2s
2026-02-03 11:20:29,946 [INFO] IPUIPlugin:80 - create IPUIPlugin
2026-02-03 11:20:29,946 [INFO] PluginManager:220 - loadIPPluginJar : add i3c
2026-02-03 11:20:29,950 [INFO] IPUIPlugin:80 - create IPUIPlugin
2026-02-03 11:20:29,950 [INFO] PluginManager:220 - loadIPPluginJar : add ipddr
2026-02-03 11:20:29,958 [INFO] IPUIPlugin:80 - create IPUIPlugin
2026-02-03 11:20:29,958 [INFO] PluginManager:220 - loadIPPluginJar : add linkedlist
2026-02-03 11:20:29,961 [INFO] IPUIPlugin:80 - create IPUIPlugin
2026-02-03 11:20:29,961 [INFO] PluginManager:220 - loadIPPluginJar : add lorawan
2026-02-03 11:20:29,961 [INFO] IPUIPlugin:80 - create IPUIPlugin
2026-02-03 11:20:29,961 [INFO] PluginManager:220 - loadIPPluginJar : add ltdc
2026-02-03 11:20:29,968 [INFO] IPUIPlugin:80 - create IPUIPlugin
2026-02-03 11:20:29,968 [INFO] PluginManager:220 - loadIPPluginJar : add mdma
2026-02-03 11:20:29,971 [INFO] IPUIPlugin:80 - create IPUIPlugin
2026-02-03 11:20:29,971 [INFO] PluginManager:220 - loadIPPluginJar : add nvic
2026-02-03 11:20:29,975 [INFO] IPUIPlugin:80 - create IPUIPlugin
2026-02-03 11:20:29,975 [INFO] PluginManager:220 - loadIPPluginJar : add opamp
2026-02-03 11:20:29,977 [INFO] IPUIPlugin:80 - create IPUIPlugin
2026-02-03 11:20:29,979 [INFO] PluginManager:220 - loadIPPluginJar : add openamp
2026-02-03 11:20:29,985 [INFO] IPUIPlugin:80 - create IPUIPlugin
2026-02-03 11:20:29,985 [INFO] PluginManager:220 - loadIPPluginJar : add pdm2pcm
2026-02-03 11:20:29,991 [INFO] IPUIPlugin:80 - create IPUIPlugin
2026-02-03 11:20:29,996 [INFO] PluginManager:220 - loadIPPluginJar : add plateformsettings
2026-02-03 11:20:29,998 [INFO] IPUIPlugin:80 - create IPUIPlugin
2026-02-03 11:20:29,998 [INFO] PluginManager:220 - loadIPPluginJar : add quadspi
2026-02-03 11:20:30,000 [INFO] IPUIPlugin:80 - create IPUIPlugin
2026-02-03 11:20:30,001 [INFO] PluginManager:220 - loadIPPluginJar : add radio
2026-02-03 11:20:30,006 [INFO] IPUIPlugin:80 - create IPUIPlugin
2026-02-03 11:20:30,006 [INFO] PluginManager:220 - loadIPPluginJar : add resmgrutility
2026-02-03 11:20:30,010 [INFO] IPUIPlugin:80 - create IPUIPlugin
2026-02-03 11:20:30,010 [INFO] PluginManager:220 - loadIPPluginJar : add sai
2026-02-03 11:20:30,013 [INFO] IPUIPlugin:80 - create IPUIPlugin
2026-02-03 11:20:30,013 [INFO] PluginManager:220 - loadIPPluginJar : add spi
2026-02-03 11:20:30,019 [INFO] IPUIPlugin:80 - create IPUIPlugin
2026-02-03 11:20:30,019 [INFO] PluginManager:220 - loadIPPluginJar : add stm32_wpan
2026-02-03 11:20:30,020 [INFO] IPUIPlugin:80 - create IPUIPlugin
2026-02-03 11:20:30,020 [INFO] PluginManager:220 - loadIPPluginJar : add tim
2026-02-03 11:20:30,023 [INFO] IPUIPlugin:80 - create IPUIPlugin
2026-02-03 11:20:30,024 [INFO] PluginManager:220 - loadIPPluginJar : add touchsensing
2026-02-03 11:20:30,025 [INFO] IPUIPlugin:80 - create IPUIPlugin
2026-02-03 11:20:30,026 [INFO] PluginManager:220 - loadIPPluginJar : add tracer_emb
2026-02-03 11:20:30,028 [INFO] IPUIPlugin:80 - create IPUIPlugin
2026-02-03 11:20:30,028 [INFO] PluginManager:220 - loadIPPluginJar : add ts
2026-02-03 11:20:30,030 [INFO] IPUIPlugin:80 - create IPUIPlugin
2026-02-03 11:20:30,030 [INFO] PluginManager:220 - loadIPPluginJar : add tsc
2026-02-03 11:20:30,031 [INFO] IPUIPlugin:80 - create IPUIPlugin
2026-02-03 11:20:30,031 [INFO] PluginManager:220 - loadIPPluginJar : add ucpd
2026-02-03 11:20:30,035 [INFO] IPUIPlugin:80 - create IPUIPlugin
2026-02-03 11:20:30,035 [INFO] PluginManager:220 - loadIPPluginJar : add usart
2026-02-03 11:20:30,039 [INFO] IPUIPlugin:80 - create IPUIPlugin
2026-02-03 11:20:30,039 [INFO] PluginManager:220 - loadIPPluginJar : add usbx
2026-02-03 11:20:30,217 [FATAL] Updater:351 - Updater called before beeing initialized
2026-02-03 11:20:30,249 [INFO] RulesReader:64 - Compatibility file has been processed (317 Rules)
2026-02-03 11:20:30,270 [INFO] RulesReader:64 - Compatibility file has been processed (317 Rules)
2026-02-03 11:20:30,289 [INFO] CADModel:165 - CPN selected for project level
2026-02-03 11:20:30,289 [INFO] CADModel:114 - Register for checkConnection events
2026-02-03 11:20:30,289 [FATAL] Updater:351 - Updater called before beeing initialized
2026-02-03 11:20:30,290 [ERROR] CADModel:125 - Updater not yet initialized, retry later 
2026-02-03 11:20:30,511 [FATAL] Updater:351 - Updater called before beeing initialized
2026-02-03 11:20:30,514 [INFO] CADModel:165 - CPN selected for project level
2026-02-03 11:20:30,514 [INFO] CADModel:114 - Register for checkConnection events
2026-02-03 11:20:30,514 [FATAL] Updater:351 - Updater called before beeing initialized
2026-02-03 11:20:30,514 [ERROR] CADModel:125 - Updater not yet initialized, retry later 
2026-02-03 11:20:30,519 [FATAL] Updater:351 - Updater called before beeing initialized
2026-02-03 11:20:30,641 [FATAL] Updater:351 - Updater called before beeing initialized
2026-02-03 11:20:30,646 [INFO] DbMcusAds:53 - JSON generation date=Tue Nov 25 11:08:32 ART 2025 (1764079712835)
2026-02-03 11:20:30,646 [FATAL] Updater:351 - Updater called before beeing initialized
2026-02-03 11:20:30,684 [WARN] DetailPanel:346 - Failed to get advertising image, set to default
2026-02-03 11:20:30,769 [FATAL] Updater:351 - Updater called before beeing initialized
2026-02-03 11:20:30,771 [FATAL] Updater:351 - Updater called before beeing initialized
2026-02-03 11:20:30,771 [FATAL] Updater:351 - Updater called before beeing initialized
2026-02-03 11:20:30,771 [WARN] DetailPanel:346 - Failed to get advertising image, set to default
2026-02-03 11:20:30,772 [FATAL] Updater:351 - Updater called before beeing initialized
2026-02-03 11:20:30,820 [ERROR] Updater:1198 - MainUpdater not yet initialized. External WinMGr cannot be set.
2026-02-03 11:20:30,822 [INFO] Updater:1134 - Updater Version found : 6.15.0
2026-02-03 11:20:30,840 [INFO] ApplicationProperties:184 - Using Application install path: C:\ST\STM32CubeIDE_1.19.0\STM32CubeIDE\plugins\com.st.stm32cube.common.mx_6.15.0.202507011659
2026-02-03 11:20:32,145 [INFO] ThirdPartyUpdaterWithRetryManager:70 - Updater plugin not ready yet. [2/15]
2026-02-03 11:20:32,427 [ERROR] LogOutputStream:75 - [STDERR_REDIRECT] Feb 03, 2026 11:20:32 AM java.util.prefs.WindowsPreferences <init>
2026-02-03 11:20:32,429 [ERROR] LogOutputStream:75 - [STDERR_REDIRECT] WARNING: Could not open/create prefs root node Software\JavaSoft\Prefs at root 0xffffffff80000002. Windows RegCreateKeyEx(...) returned error code 5.
2026-02-03 11:20:32,429 [ERROR] LogOutputStream:75 - [STDERR_REDIRECT] 
2026-02-03 11:20:33,033 [INFO] MainUpdater:2872 - connection check result : 10
2026-02-03 11:20:33,033 [INFO] MainUpdater:289 - Updater Check For Update Now.
2026-02-03 11:20:33,033 [INFO] MicroXplorer:498 - Change Database Version : DB.6.0.150
2026-02-03 11:20:33,054 [INFO] McuFinderGlobals:63 - Set McuFinder mode to 2 (CubeIDE integrated)
2026-02-03 11:20:33,055 [INFO] UserAuth:487 - Internet connection configuration mode: 1
2026-02-03 11:20:33,120 [INFO] JxBrowserEngine:152 - Initiate JxBrowser Engine with user profile folder
2026-02-03 11:20:33,250 [INFO] CheckServerUpdateThread:120 - End of CheckServer Thread
2026-02-03 11:20:33,956 [INFO] WebApp:169 - Instantiating new browser for Auth
2026-02-03 11:20:34,879 [INFO] WebApp:463 - Apply proxy settings
2026-02-03 11:20:34,880 [INFO] WebApp:548 - Chromium requires no authentication
2026-02-03 11:20:34,891 [INFO] WebApp:491 - Direct internet connection detected
2026-02-03 11:20:34,916 [INFO] WebApp:900 - Register for checkConnection events
2026-02-03 11:20:34,917 [INFO] WebApp:463 - Apply proxy settings
2026-02-03 11:20:34,917 [INFO] WebApp:548 - Chromium requires no authentication
2026-02-03 11:20:34,917 [INFO] WebApp:491 - Direct internet connection detected
2026-02-03 11:20:35,060 [INFO] WebApp:191 - Connection restablished
2026-02-03 11:20:35,169 [INFO] WebApp:225 - Starting web application
2026-02-03 11:20:35,169 [INFO] WebApp:593 - Web application path used C:\ST\STM32CubeIDE_1.19.0\STM32CubeIDE\plugins\com.st.stm32cube.common.mx_6.15.0.202507011659\db\plugins\mcufinder\reactClient1\index.html
2026-02-03 11:20:35,329 [INFO] UserAuth:487 - Internet connection configuration mode: 1
2026-02-03 11:20:35,449 [WARN] PackLoader:240 - Cannot read IP mode file for STMicroelectronics.FP-SNS-MOTENVWB1.1.4.0
2026-02-03 11:20:35,461 [WARN] PackLoader:240 - Cannot read IP mode file for STMicroelectronics.FP-ATR-ASTRA1.2.0.2
2026-02-03 11:20:35,470 [WARN] PackLoader:240 - Cannot read IP mode file for STMicroelectronics.X-CUBE-SMBUS.2.1.0
2026-02-03 11:20:35,476 [WARN] PackLoader:240 - Cannot read IP mode file for STMicroelectronics.X-CUBE-ST60.1.0.0
2026-02-03 11:20:35,507 [WARN] PackLoader:240 - Cannot read IP mode file for STMicroelectronics.X-CUBE-AZRTOS-F7.1.1.0
2026-02-03 11:20:35,518 [WARN] PackLoader:240 - Cannot read IP mode file for STMicroelectronics.FP-SNS-MOTENV1.5.1.0
2026-02-03 11:20:35,539 [WARN] PackLoader:240 - Cannot read IP mode file for Infineon.AIROC-Wi-Fi-Bluetooth-STM32.1.7.1
2026-02-03 11:20:35,573 [WARN] PackLoader:240 - Cannot read IP mode file for STMicroelectronics.X-CUBE-AZRTOS-H7.3.4.0
2026-02-03 11:20:35,584 [WARN] PackLoader:240 - Cannot read IP mode file for STMicroelectronics.X-CUBE-DISPLAY.3.0.0
2026-02-03 11:20:35,599 [WARN] PackLoader:240 - Cannot read IP mode file for STMicroelectronics.X-CUBE-NFC10.1.0.0
2026-02-03 11:20:35,606 [WARN] PackLoader:240 - Cannot read IP mode file for STMicroelectronics.X-CUBE-ST60.1.1.0
2026-02-03 11:20:35,611 [WARN] PackLoader:240 - Cannot read IP mode file for emotas.I-CUBE-CANOPEN.1.3.0
2026-02-03 11:20:35,617 [WARN] PackLoader:240 - Cannot read IP mode file for STMicroelectronics.X-CUBE-GNSS1.7.1.0
2026-02-03 11:20:35,625 [WARN] PackLoader:240 - Cannot read IP mode file for STMicroelectronics.FP-SNS-STBOX1.2.1.0
2026-02-03 11:20:35,631 [WARN] PackLoader:240 - Cannot read IP mode file for STMicroelectronics.FP-SNS-SMARTAG2.1.2.0
2026-02-03 11:20:35,636 [WARN] PackLoader:240 - Cannot read IP mode file for STMicroelectronics.FP-SNS-FLIGHT1.5.1.0
2026-02-03 11:20:35,647 [INFO] LogOutputStream:77 - [STDOUT_REDIRECT] 1 : Invalid condition id : UX_CORESTACK_Condition cause : null
2026-02-03 11:20:35,649 [INFO] LogOutputStream:77 - [STDOUT_REDIRECT] 1 : Invalid condition id : UX_CORESTACK_Condition cause : null
2026-02-03 11:20:35,649 [INFO] LogOutputStream:77 - [STDOUT_REDIRECT] 1 : Invalid condition id : UX_CORESTACK_Condition cause : null
2026-02-03 11:20:35,650 [INFO] LogOutputStream:77 - [STDOUT_REDIRECT] 1 : Invalid condition id : UX_CORESTACK_Condition cause : null
2026-02-03 11:20:35,651 [INFO] LogOutputStream:77 - [STDOUT_REDIRECT] 1 : Invalid condition id : UX_CORESTACK_Condition cause : null
2026-02-03 11:20:35,663 [WARN] PackLoader:240 - Cannot read IP mode file for STMicroelectronics.X-CUBE-AZRTOS-WL.2.0.0
2026-02-03 11:20:35,671 [WARN] PackLoader:240 - Cannot read IP mode file for STMicroelectronics.FP-SNS-MOTENV1.5.0.0
2026-02-03 11:20:35,702 [WARN] PackLoader:240 - Cannot read IP mode file for STMicroelectronics.X-CUBE-AZRTOS-H7RS.1.2.0
2026-02-03 11:20:35,746 [WARN] PackLoader:240 - Cannot read IP mode file for WES.I-CUBE-Cesium.1.3.0
2026-02-03 11:20:35,757 [WARN] PackLoader:240 - Cannot read IP mode file for STMicroelectronics.X-CUBE-BLE2.3.3.0
2026-02-03 11:20:35,791 [WARN] PackLoader:240 - Cannot read IP mode file for STMicroelectronics.X-CUBE-NFC9.1.0.0
2026-02-03 11:20:35,799 [WARN] PackLoader:240 - Cannot read IP mode file for wolfSSL.I-CUBE-wolfSSL.5.8.2
2026-02-03 11:20:35,805 [WARN] PackLoader:240 - Cannot read IP mode file for STMicroelectronics.X-CUBE-BLE1.7.1.0
2026-02-03 11:20:35,810 [WARN] PackLoader:240 - Cannot read IP mode file for wolfSSL.I-CUBE-wolfMQTT.1.19.2
2026-02-03 11:20:35,817 [WARN] PackLoader:240 - Cannot read IP mode file for STMicroelectronics.X-CUBE-FREERTOS.1.4.0
2026-02-03 11:20:35,824 [WARN] PackLoader:240 - Cannot read IP mode file for STMicroelectronics.X-CUBE-EEPRMA1.5.2.0
2026-02-03 11:20:35,837 [WARN] PackLoader:240 - Cannot read IP mode file for STMicroelectronics.X-CUBE-ST67W61.1.1.0
2026-02-03 11:20:35,878 [WARN] PackLoader:240 - Cannot read IP mode file for STMicroelectronics.X-CUBE-MEMS1.12.0.0
2026-02-03 11:20:35,971 [WARN] PackLoader:240 - Cannot read IP mode file for STMicroelectronics.X-CUBE-AZRTOS-G0.1.1.0
2026-02-03 11:20:35,979 [WARN] PackLoader:240 - Cannot read IP mode file for STMicroelectronics.X-CUBE-SAFEA1.1.2.2
2026-02-03 11:20:35,985 [WARN] PackLoader:240 - Cannot read IP mode file for STMicroelectronics.X-CUBE-NFC4.3.0.0
2026-02-03 11:20:35,992 [WARN] PackLoader:240 - Cannot read IP mode file for EmbeddedOffice.I-CUBE-FS-RTOS.1.0.1
2026-02-03 11:20:35,998 [WARN] PackLoader:240 - Cannot read IP mode file for STMicroelectronics.X-CUBE-WB05N.2.0.0
2026-02-03 11:20:36,003 [WARN] PackLoader:240 - Cannot read IP mode file for wolfSSL.I-CUBE-wolfTPM.3.8.0
2026-02-03 11:20:36,011 [WARN] PackLoader:240 - Cannot read IP mode file for STMicroelectronics.X-CUBE-TCPP.4.2.0
2026-02-03 11:20:36,019 [WARN] PackLoader:240 - Cannot read IP mode file for RealThread.X-CUBE-RT-Thread_Nano.4.1.1
2026-02-03 11:20:36,021 [WARN] PackLoader:240 - Cannot read IP mode file for STMicroelectronics.FP-ATR-SIGFOX1.3.2.0
2026-02-03 11:20:36,028 [WARN] PackLoader:240 - Cannot read IP mode file for ITTIA_DB.I-CUBE-ITTIADB.8.9.0
2026-02-03 11:20:36,038 [WARN] PackLoader:240 - Cannot read IP mode file for STMicroelectronics.X-CUBE-NFC6.3.2.0
2026-02-03 11:20:36,055 [WARN] PackLoader:240 - Cannot read IP mode file for STMicroelectronics.X-CUBE-ST67W61.1.0.0
2026-02-03 11:20:36,061 [WARN] PackLoader:240 - Cannot read IP mode file for STMicroelectronics.X-CUBE-AI.10.2.0
2026-02-03 11:20:36,085 [WARN] PackLoader:240 - Cannot read IP mode file for SEGGER.I-CUBE-embOS.1.3.1
2026-02-03 11:20:36,117 [WARN] PackLoader:240 - Cannot read IP mode file for STMicroelectronics.X-CUBE-ALGOBUILD.1.4.0
2026-02-03 11:20:36,166 [WARN] PackLoader:240 - Cannot read IP mode file for STMicroelectronics.X-CUBE-MEMS1.11.3.0
2026-02-03 11:20:36,257 [WARN] PackLoader:240 - Cannot read IP mode file for STMicroelectronics.X-CUBE-PM33A1.1.0.0
2026-02-03 11:20:36,279 [WARN] PackLoader:240 - Cannot read IP mode file for STMicroelectronics.X-CUBE-AZRTOS-F4.1.1.0
2026-02-03 11:20:36,289 [WARN] PackLoader:240 - Cannot read IP mode file for Avnet-IotConnect.X-CUBE-IoTC-DA16k-PMOD.1.0.0
2026-02-03 11:20:36,293 [WARN] PackLoader:240 - Cannot read IP mode file for STMicroelectronics.X-CUBE-ISPU.2.1.0
2026-02-03 11:20:36,307 [WARN] PackLoader:240 - Cannot read IP mode file for STMicroelectronics.X-CUBE-IPS.3.2.0
2026-02-03 11:20:36,353 [WARN] PackLoader:240 - Cannot read IP mode file for STMicroelectronics.X-CUBE-NFC12.1.0.0
2026-02-03 11:20:36,376 [WARN] PackLoader:240 - Cannot read IP mode file for STMicroelectronics.X-CUBE-AZRTOS-L5.2.0.0
2026-02-03 11:20:36,384 [WARN] PackLoader:240 - Cannot read IP mode file for STMicroelectronics.X-CUBE-NFC6.3.1.0
2026-02-03 11:20:36,391 [WARN] PackLoader:240 - Cannot read IP mode file for STMicroelectronics.X-CUBE-FREERTOS.1.3.1
2026-02-03 11:20:36,398 [WARN] PackLoader:240 - Cannot read IP mode file for STMicroelectronics.X-CUBE-TOUCHGFX.4.26.0
2026-02-03 11:20:36,404 [WARN] PackLoader:240 - Cannot read IP mode file for STMicroelectronics.FP-SNS-STAIOTCFT.1.0.0
2026-02-03 11:20:36,411 [WARN] PackLoader:240 - Cannot read IP mode file for STMicroelectronics.X-CUBE-DPower.1.3.0
2026-02-03 11:20:36,428 [WARN] ConditionMgr:438 - getConditionDescription Invalid condition id : LAN8742 Phy interface Condition cause : null
2026-02-03 11:20:36,428 [WARN] PackLoader:240 - Cannot read IP mode file for STMicroelectronics.X-CUBE-AZRTOS-L4.2.0.0
2026-02-03 11:20:36,429 [WARN] ConditionMgr:1044 - genDependencies : Invalid condition id : LAN8742 Phy interface Condition cause : null
2026-02-03 11:20:36,429 [WARN] ConditionMgr:1044 - genDependencies : Invalid condition id : LAN8742 Phy interface Condition cause : null
2026-02-03 11:20:36,430 [WARN] ConditionMgr:1044 - genDependencies : Invalid condition id : LAN8742 Phy interface Condition cause : null
2026-02-03 11:20:36,439 [WARN] PackLoader:240 - Cannot read IP mode file for STMicroelectronics.X-CUBE-SFXS2LP1.4.0.0
2026-02-03 11:20:36,446 [WARN] PackLoader:240 - Cannot read IP mode file for STMicroelectronics.X-CUBE-ST67W61.1.2.0
2026-02-03 11:20:36,456 [WARN] PackLoader:240 - Cannot read IP mode file for STMicroelectronics.X-CUBE-BLEMGR.4.1.0
2026-02-03 11:20:36,471 [WARN] ConditionMgr:438 - getConditionDescription Invalid condition id : UX DEVICE CLASS RTOS Condition cause : null
2026-02-03 11:20:36,471 [WARN] ConditionMgr:438 - getConditionDescription Invalid condition id : UX DEVICE CLASS RTOS Condition cause : null
2026-02-03 11:20:36,473 [WARN] PackLoader:240 - Cannot read IP mode file for STMicroelectronics.X-CUBE-AZRTOS-WB.2.0.0
2026-02-03 11:20:36,474 [WARN] ConditionMgr:1044 - genDependencies : Invalid condition id : UX DEVICE CLASS RTOS Condition cause : null
2026-02-03 11:20:36,474 [WARN] ConditionMgr:1044 - genDependencies : Invalid condition id : UX DEVICE CLASS RTOS Condition cause : null
2026-02-03 11:20:36,475 [WARN] ConditionMgr:1044 - genDependencies : Invalid condition id : UX DEVICE CLASS RTOS Condition cause : null
2026-02-03 11:20:36,475 [WARN] ConditionMgr:1044 - genDependencies : Invalid condition id : UX DEVICE CLASS RTOS Condition cause : null
2026-02-03 11:20:36,475 [WARN] ConditionMgr:1044 - genDependencies : Invalid condition id : UX DEVICE CLASS RTOS Condition cause : null
2026-02-03 11:20:36,480 [WARN] PackLoader:240 - Cannot read IP mode file for STMicroelectronics.X-CUBE-GNSS1.7.0.1
2026-02-03 11:20:36,484 [WARN] PackLoader:240 - Cannot read IP mode file for STMicroelectronics.X-CUBE-TOUCHGFX.4.25.0
2026-02-03 11:20:36,490 [WARN] ConditionMgr:438 - getConditionDescription Invalid condition id : Cortex-A Device cause : null
2026-02-03 11:20:36,500 [WARN] ConditionMgr:1044 - genDependencies : Invalid condition id : Cortex-A Device cause : null
2026-02-03 11:20:36,500 [WARN] ConditionMgr:1044 - genDependencies : Invalid condition id : Cortex-A Device cause : null
2026-02-03 11:20:36,500 [WARN] ConditionMgr:1044 - genDependencies : Invalid condition id : Cortex-A Device cause : null
2026-02-03 11:20:36,507 [WARN] PackLoader:240 - Cannot read IP mode file for STMicroelectronics.X-CUBE-STSE01.2.0.0
2026-02-03 11:20:36,519 [WARN] PackLoader:240 - Cannot read IP mode file for STMicroelectronics.X-CUBE-SUBG2.5.0.0
2026-02-03 11:20:36,539 [WARN] PackLoader:240 - Cannot read IP mode file for STMicroelectronics.X-CUBE-AZRTOS-H7RS.1.1.0
2026-02-03 11:20:36,547 [WARN] PackLoader:240 - Cannot read IP mode file for Cesanta.I-CUBE-Mongoose.7.13.0
2026-02-03 11:20:36,556 [WARN] PackLoader:240 - Cannot read IP mode file for STMicroelectronics.X-CUBE-AZRTOS-G4.2.0.0
2026-02-03 11:20:36,561 [WARN] PackLoader:240 - Cannot read IP mode file for wolfSSL.I-CUBE-wolfSSH.1.4.20
2026-02-03 11:20:36,565 [WARN] PackLoader:240 - Cannot read IP mode file for STMicroelectronics.X-CUBE-NFC7.2.0.0
2026-02-03 11:20:36,574 [WARN] PackLoader:240 - Cannot read IP mode file for STMicroelectronics.X-CUBE-IPS.3.1.0
2026-02-03 11:20:36,581 [WARN] PackLoader:240 - Cannot read IP mode file for STMicroelectronics.X-CUBE-ALS.1.0.2
2026-02-03 11:20:36,588 [WARN] PackLoader:240 - Cannot read IP mode file for STMicroelectronics.X-CUBE-STSE01.1.0.0
2026-02-03 11:20:36,593 [WARN] PackLoader:240 - Cannot read IP mode file for portGmbH.I-Cube-SoM-uGOAL.1.1.0
2026-02-03 11:20:36,601 [WARN] PackLoader:240 - Cannot read IP mode file for STMicroelectronics.X-CUBE-TOF1.3.4.3
2026-02-03 11:20:36,608 [INFO] ThirdParty:978 - Integrity check success = true
2026-02-03 11:20:36,608 [INFO] IntegrityCheckThread:100 - exiting critical section [integrity check]
2026-02-03 11:20:36,608 [INFO] IntegrityCheckThread:103 - End integrity checks thread
2026-02-03 11:21:27,035 [INFO] McuFinderGlobals:63 - Set McuFinder mode to 2 (CubeIDE integrated)
2026-02-03 11:21:27,040 [INFO] MainUpdater:2872 - connection check result : 10
2026-02-03 11:21:27,041 [INFO] MainUpdater:2872 - connection check result : 10
2026-02-03 11:21:27,098 [INFO] MicroXplorer:468 - Change Database Path : 
2026-02-03 11:21:27,098 [INFO] MicroXplorer:498 - Change Database Version : DB.6.0.150
2026-02-03 11:21:27,110 [WARN] ThirdParty:871 - waiting for thirdparty lock release [close project]
2026-02-03 11:21:27,110 [INFO] ThirdParty:873 - entering critical section [close project]
2026-02-03 11:21:27,113 [INFO] ThirdParty:883 - exiting critical section [close project]
2026-02-03 11:21:27,115 [INFO] PinOutPanel:1589 - setPackage(No Configuration,No Configuration)
2026-02-03 11:21:27,117 [INFO] UtilMem:75 - Begin LoadConfig() Used Memory: 458997640 Bytes (587202560)
2026-02-03 11:21:27,118 [INFO] MicroXplorer:468 - Change Database Path : 
2026-02-03 11:21:27,118 [INFO] MicroXplorer:498 - Change Database Version : DB.6.0.150
2026-02-03 11:21:27,118 [INFO] OpenFileManager:355 - Change cursor
2026-02-03 11:21:27,149 [INFO] Mcu:2029 - Initializing MCU STM32F103C(8-B)Tx STM32F103C8Tx STM32F103C8T6
2026-02-03 11:21:28,113 [INFO] Context:786 - Trying to add GPIOservice into a context  which must be forbidden
2026-02-03 11:21:28,465 [INFO] ImportTextPane:234 - (OptionalMessage_ERROR) Pin19 (VP_RIF_VS_RIF1) cannot be retrieved for this MCU
2026-02-03 11:21:28,573 [INFO] RtosManager:558 - Registered RTOS mode: class=CMSIS, group=RTOS, mode=CMSIS_V1, owner=FREERTOS
2026-02-03 11:21:28,573 [INFO] RtosManager:558 - Registered RTOS mode: class=CMSIS, group=RTOS2, mode=CMSIS_V2, owner=FREERTOS
2026-02-03 11:21:28,573 [INFO] RtosManager:558 - Registered RTOS mode: class=RTOS, group=Core, mode=CMSIS_V1, owner=FREERTOS
2026-02-03 11:21:28,573 [INFO] RtosManager:558 - Registered RTOS mode: class=RTOS, group=Core, mode=CMSIS_V2, owner=FREERTOS
2026-02-03 11:21:28,574 [WARN] ModelIntegratedComponent:184 - Missing modes for component STMicroelectronics:FreeRTOS:0.0.1:STMicroelectronics:RTOS:FreeRTOS:Core:::10.2.0:
2026-02-03 11:21:28,581 [WARN] ModelIntegratedComponent:63 - No mode defined for component null
2026-02-03 11:21:28,581 [WARN] ModelIntegratedComponent:63 - No mode defined for component null
2026-02-03 11:21:28,581 [WARN] ModelIntegratedComponent:63 - No mode defined for component null
2026-02-03 11:21:28,581 [WARN] ModelIntegratedComponent:63 - No mode defined for component null
2026-02-03 11:21:28,583 [WARN] ModelIntegratedComponent:63 - No mode defined for component null
2026-02-03 11:21:28,583 [WARN] ModelIntegratedComponent:63 - No mode defined for component null
2026-02-03 11:21:28,583 [WARN] ModelIntegratedComponent:63 - No mode defined for component null
2026-02-03 11:21:28,583 [WARN] ModelIntegratedComponent:63 - No mode defined for component null
2026-02-03 11:21:28,583 [WARN] ModelIntegratedComponent:63 - No mode defined for component null
2026-02-03 11:21:28,583 [WARN] ModelIntegratedComponent:63 - No mode defined for component null
2026-02-03 11:21:28,583 [WARN] ModelIntegratedComponent:63 - No mode defined for component null
2026-02-03 11:21:28,583 [WARN] ModelIntegratedComponent:63 - No mode defined for component null
2026-02-03 11:21:28,583 [WARN] ModelIntegratedComponent:63 - No mode defined for component null
2026-02-03 11:21:28,583 [WARN] ModelIntegratedComponent:63 - No mode defined for component null
2026-02-03 11:21:28,583 [WARN] ModelIntegratedComponent:63 - No mode defined for component null
2026-02-03 11:21:28,583 [WARN] ModelIntegratedComponent:63 - No mode defined for component null
2026-02-03 11:21:28,583 [WARN] ModelIntegratedComponent:63 - No mode defined for component null
2026-02-03 11:21:28,583 [WARN] ModelIntegratedComponent:63 - No mode defined for component null
2026-02-03 11:21:28,583 [WARN] ModelIntegratedComponent:63 - No mode defined for component null
2026-02-03 11:21:28,583 [WARN] ModelIntegratedComponent:63 - No mode defined for component null
2026-02-03 11:21:28,583 [WARN] ModelIntegratedComponent:63 - No mode defined for component null
2026-02-03 11:21:28,583 [WARN] ModelIntegratedComponent:63 - No mode defined for component null
2026-02-03 11:21:28,583 [WARN] ModelIntegratedComponent:63 - No mode defined for component null
2026-02-03 11:21:28,583 [WARN] ModelIntegratedComponent:63 - No mode defined for component null
2026-02-03 11:21:28,583 [WARN] ModelIntegratedComponent:63 - No mode defined for component null
2026-02-03 11:21:28,583 [WARN] ModelIntegratedComponent:63 - No mode defined for component null
2026-02-03 11:21:28,583 [WARN] ModelIntegratedComponent:63 - No mode defined for component null
2026-02-03 11:21:28,583 [WARN] ModelIntegratedComponent:63 - No mode defined for component null
2026-02-03 11:21:28,583 [WARN] ModelIntegratedComponent:63 - No mode defined for component null
2026-02-03 11:21:28,583 [WARN] ModelIntegratedComponent:63 - No mode defined for component null
2026-02-03 11:21:28,583 [WARN] ModelIntegratedComponent:63 - No mode defined for component null
2026-02-03 11:21:28,583 [WARN] ModelIntegratedComponent:63 - No mode defined for component null
2026-02-03 11:21:28,583 [WARN] ModelIntegratedComponent:63 - No mode defined for component null
2026-02-03 11:21:28,583 [WARN] ModelIntegratedComponent:63 - No mode defined for component null
2026-02-03 11:21:28,584 [WARN] ModelIntegratedComponent:63 - No mode defined for component null
2026-02-03 11:21:28,584 [WARN] ModelPack:524 - Component already loaded: STMicroelectronics:HAL Drivers:0.0.0:STMicroelectronics:Device:STMicro_Driver:XSPI:HAL::0.0.1:HAL_XSPI
2026-02-03 11:21:28,841 [INFO] ThirdPartyModel:298 - Start build external matchings
2026-02-03 11:21:29,292 [INFO] ThirdPartyModel:316 - End build external matchings
2026-02-03 11:21:29,325 [INFO] ImportTextPane:234 - (OptionalMessage_ERROR) IP (DMA) : Parameter (Instance) has Id (ADC1) currently not set
2026-02-03 11:21:29,325 [INFO] ImportTextPane:234 - (OptionalMessage_ERROR) IP (DMA) : Parameter (Direction) has Id (ADC1) currently not set
2026-02-03 11:21:29,326 [INFO] ImportTextPane:234 - (OptionalMessage_ERROR) IP (DMA) : Parameter (PeriphInc) has Id (ADC1) currently not set
2026-02-03 11:21:29,326 [INFO] ImportTextPane:234 - (OptionalMessage_ERROR) IP (DMA) : Parameter (MemInc) has Id (ADC1) currently not set
2026-02-03 11:21:29,326 [INFO] ImportTextPane:234 - (OptionalMessage_ERROR) IP (DMA) : Parameter (PeriphDataAlignment) has Id (ADC1) currently not set
2026-02-03 11:21:29,326 [INFO] ImportTextPane:234 - (OptionalMessage_ERROR) IP (DMA) : Parameter (MemDataAlignment) has Id (ADC1) currently not set
2026-02-03 11:21:29,326 [INFO] ImportTextPane:234 - (OptionalMessage_ERROR) IP (DMA) : Parameter (Mode) has Id (ADC1) currently not set
2026-02-03 11:21:29,326 [INFO] ImportTextPane:234 - (OptionalMessage_ERROR) IP (DMA) : Parameter (Priority) has Id (ADC1) currently not set
2026-02-03 11:21:29,327 [INFO] ImportTextPane:234 - (OptionalMessage_ERROR) IP (DMA) : Parameter (Instance) has Id (USART1_TX) currently not set
2026-02-03 11:21:29,327 [INFO] ImportTextPane:234 - (OptionalMessage_ERROR) IP (DMA) : Parameter (Direction) has Id (USART1_TX) currently not set
2026-02-03 11:21:29,327 [INFO] ImportTextPane:234 - (OptionalMessage_ERROR) IP (DMA) : Parameter (PeriphInc) has Id (USART1_TX) currently not set
2026-02-03 11:21:29,327 [INFO] ImportTextPane:234 - (OptionalMessage_ERROR) IP (DMA) : Parameter (MemInc) has Id (USART1_TX) currently not set
2026-02-03 11:21:29,327 [INFO] ImportTextPane:234 - (OptionalMessage_ERROR) IP (DMA) : Parameter (PeriphDataAlignment) has Id (USART1_TX) currently not set
2026-02-03 11:21:29,327 [INFO] ImportTextPane:234 - (OptionalMessage_ERROR) IP (DMA) : Parameter (MemDataAlignment) has Id (USART1_TX) currently not set
2026-02-03 11:21:29,328 [INFO] ImportTextPane:234 - (OptionalMessage_ERROR) IP (DMA) : Parameter (Mode) has Id (USART1_TX) currently not set
2026-02-03 11:21:29,328 [INFO] ImportTextPane:234 - (OptionalMessage_ERROR) IP (DMA) : Parameter (Priority) has Id (USART1_TX) currently not set
2026-02-03 11:21:29,330 [INFO] ImportTextPane:234 - (OptionalMessage_ERROR) IP (RCC) : Invalid parameter (FamilyName)
2026-02-03 11:21:29,331 [INFO] ImportTextPane:234 - (OptionalMessage_ERROR) IP (RCC) : Parameter (MCOFreq_Value) has invalid value (72000000)
2026-02-03 11:21:29,331 [INFO] ImportTextPane:234 - (OptionalMessage_ERROR) IP (RCC) : Parameter (USBFreq_Value) has invalid value (72000000)
2026-02-03 11:21:29,338 [INFO] ImportTextPane:234 - (OptionalMessage_ERROR) IP (TIM2) : Parameter (Channel) has Id (PWM Generation3 CH3) currently not set
2026-02-03 11:21:29,633 [INFO] ApiDb:581 - Connected to CubeFinder SQLite database (C:\Users\nsorr\.stmcufinder\plugins\mcufinder\mcu\cube-finder-db.db)
2026-02-03 11:21:29,729 [INFO] ApiDb:668 - CubeFinder database Data Model version=2.1
2026-02-03 11:21:29,729 [INFO] ApiDb:669 - CubeFinder database Configuration version=3.0.39
2026-02-03 11:21:29,729 [INFO] ApiDb:670 - CubeFinder database generation date=2025-11-05 (1762334721)
2026-02-03 11:21:29,729 [INFO] ApiDb:671 - CubeFinder database FW Pack versions=[FP-ATR-ASTRA1_V2.0.0, FP-SNS-FLIGHT1_V5.1.0, FP-SNS-MOTENV1_V5.1.0, FP-SNS-MOTENVWB1_V1.4.0, FP-SNS-SMARTAG2_V1.2.0, FP-SNS-STBOX1_V2.1.0, STM32Cube_FW_C0_V1.4.0, STM32Cube_FW_F4_V1.28.3, STM32Cube_FW_F7_V1.17.4, STM32Cube_FW_G0_V1.6.2, STM32Cube_FW_G4_V1.6.1, STM32Cube_FW_H5_V1.5.1, STM32Cube_FW_H7RS_V1.3.0, STM32Cube_FW_H7_V1.12.1, STM32Cube_FW_L0_V1.12.2, STM32Cube_FW_L4_V1.18.1, STM32Cube_FW_L5_V1.6.0, STM32Cube_FW_N6_V1.3.0, STM32Cube_FW_U0_V1.3.0, STM32Cube_FW_U3_V1.2.1, STM32Cube_FW_U5_V1.8.0, STM32Cube_FW_WB0_V1.4.0, STM32Cube_FW_WBA_V1.8.0, STM32Cube_FW_WB_V1.24.0, STM32Cube_FW_WL3_V1.3.0, STM32Cube_FW_WL_V1.4.0, X-CUBE-ALGOBUILD_V1.4.0, X-CUBE-ALS_V1.0.2, X-CUBE-AZRTOS-F4_V1.1.0, X-CUBE-AZRTOS-F7_V1.1.0, X-CUBE-AZRTOS-G0_V1.1.0, X-CUBE-AZRTOS-G4_V2.0.0, X-CUBE-AZRTOS-H7RS_V1.1.0, X-CUBE-AZRTOS-H7_V3.4.0, X-CUBE-AZRTOS-L4_V2.0.0, X-CUBE-AZRTOS-L5_V2.0.0, X-CUBE-AZRTOS-WB_V2.0.0, X-CUBE-AZRTOS-WL_V2.0.0, X-CUBE-BLE1_V7.1.0, X-CUBE-BLE2_V3.3.0, X-CUBE-BLEMGR_V4.1.0, X-CUBE-EEPRMA1_V5.2.0, X-CUBE-FREERTOS_V1.3.1, X-CUBE-GNSS1_V6.0.0, X-CUBE-MEMS1_V11.3.0, X-CUBE-NFC4_V3.0.0, X-CUBE-NFC7_V2.0.0, X-CUBE-SFXS2LP1_V4.0.0, X-CUBE-ST67W61_V1.1.0, X-CUBE-SUBG2_V5.0.0, X-CUBE-TOF1_V3.4.3]
2026-02-03 11:21:29,879 [INFO] DbBoardsSqlite:226 - include board P-NUCLEO-WB55-NUCLEO as a kit item of type 'Nucleo-64'
2026-02-03 11:21:29,879 [INFO] DbBoardsSqlite:226 - include board P-NUCLEO-WB55-USBDONGLE as a kit item of type 'Nucleo USB Dongle'
2026-02-03 11:21:29,881 [INFO] DbBoardsSqlite:226 - include board STEVAL-IDP005V1 as a kit item of type 'Evaluation Board'
2026-02-03 11:21:29,881 [INFO] DbBoardsSqlite:226 - include board STEVAL-IDP005V2 as a kit item of type 'Evaluation Board'
2026-02-03 11:21:30,991 [INFO] ApiDb:240 - Found 880 in-development CPN: [B-G473E-ZEST1S, B-WB1M-WPAN1, B-WBA5M-WPAN, B-WL5M-SUBG1, NUCLEO-C031C6, NUCLEO-C051C8, NUCLEO-C071RB, NUCLEO-C092RC, NUCLEO-H503RB, NUCLEO-H533RE, NUCLEO-H563ZI, NUCLEO-H7S3L8, NUCLEO-N657X0-Q, NUCLEO-U031R8, NUCLEO-U083RC, NUCLEO-U385RG-Q, NUCLEO-U545RE-Q, NUCLEO-U5A5ZJ-Q, NUCLEO-WB05KZ, NUCLEO-WB07CC, NUCLEO-WB09KE, NUCLEO-WBA52CG, NUCLEO-WBA55CG, NUCLEO-WL33CC1, NUCLEO-WL33CC2, STEVAL-PROTEUS1, STEVAL-SMARTAG2, STEVAL-STWINBX1, STM320518-EVAL, STM32C0116-DK, STM32C011D6Y3TR, STM32C011D6Y6TR, STM32C011F4P3, STM32C011F4P6, STM32C011F4U3, STM32C011F4U6TR, STM32C011F6P3, STM32C011F6P6, STM32C011F6U3, STM32C011F6U6TR, STM32C011J4M3, STM32C011J4M6, STM32C011J6M3, STM32C011J6M6, STM32C0316-DK, STM32C031C4T3, STM32C031C4T6, STM32C031C4U3, STM32C031C4U6, STM32C031C6T3, STM32C031C6T6, STM32C031C6U3, STM32C031C6U6, STM32C031F4P3, STM32C031F4P6, STM32C031F6P3, STM32C031F6P6, STM32C031G4U3, STM32C031G4U6, STM32C031G6U3, STM32C031G6U6, STM32C031K4T3, STM32C031K4T6, STM32C031K4U3, STM32C031K4U6, STM32C031K6T3, STM32C031K6T6, STM32C031K6U3, STM32C031K6U6, STM32C051C6T6, STM32C051C6U6, STM32C051C8T6, STM32C051C8U6, STM32C051D8Y6TR, STM32C051F6P6, STM32C051F8P6, STM32C051G6U6, STM32C051G8U6, STM32C051K6T6, STM32C051K6U6, STM32C051K8T6, STM32C071C8T6, STM32C071C8T6N, STM32C071C8U6, STM32C071C8U6N, STM32C071CBT6, STM32C071CBT6N, STM32C071CBU6, STM32C071CBU6N, STM32C071F8P6, STM32C071F8P6N, STM32C071FBP6, STM32C071FBP6N, STM32C071FBY6TR, STM32C071G8U6, STM32C071G8U6N, STM32C071GBU6, STM32C071GBU6N, STM32C071K8T6, STM32C071K8T6N, STM32C071K8U6, STM32C071K8U6N, STM32C071KBT6, STM32C071KBT6N, STM32C071KBU6, STM32C071KBU6N, STM32C071R8T6, STM32C071R8T6N, STM32C071RBI6N, STM32C071RBT6, STM32C071RBT6N, STM32C091CBT6, STM32C091CBU6, STM32C091CCT6, STM32C091CCU6, STM32C091ECY6TR, STM32C091FBP6, STM32C091FCP6, STM32C091GBU6, STM32C091GCU6, STM32C091KBT6, STM32C091KBU6, STM32C091KCT6, STM32C091KCU6, STM32C091RBT6, STM32C091RCI6, STM32C091RCT6, STM32C092CBT6, STM32C092CBU6, STM32C092CCT6, STM32C092CCU6, STM32C092ECY6TR, STM32C092FBP6, STM32C092FCP6, STM32C092GBU6, STM32C092GCU6, STM32C092KBT6, STM32C092KBU6, STM32C092KCT6, STM32C092KCU6, STM32C092RBT6, STM32C092RCI6, STM32C092RCT6, STM32G071K8TXN, STM32G071K8UXN, STM32G081GBU6N, STM32G081KBT6N, STM32G081KBUXN, STM32G0B1CCT6N, STM32G0B1KCT6, STM32G0B1NEY6TR, STM32G0B1RCT6N, STM32G0C1CCT6, STM32G0C1CCT6N, STM32G0C1CCU6N, STM32G0C1CET6N, STM32G0C1CEU6N, STM32G0C1KCT6, STM32G0C1NEY6TR, STM32G0C1RCI6N, STM32G0C1RCT6N, STM32G0C1REI6N, STM32G0C1RET6N, STM32G0C1VCI6, STM32G0C1VEI6, STM32G411C6T3, STM32G411C6T6, STM32G411C6U3, STM32G411C6U6, STM32G411C8T3, STM32G411C8T6, STM32G411C8U3, STM32G411C8U6, STM32G411CBT3, STM32G411CBT6, STM32G411CBU3, STM32G411CBU6, STM32G411K6T3, STM32G411K6T6, STM32G411K6U3, STM32G411K6U6, STM32G411K8T3, STM32G411K8T6, STM32G411K8U3, STM32G411K8U6, STM32G411KBT3, STM32G411KBT6, STM32G411KBU3, STM32G411KBU6, STM32G411M6T3, STM32G411M6T6, STM32G411M8T3, STM32G411M8T6, STM32G411MBT3, STM32G411MBT6, STM32G411R6T3, STM32G411R6T6, STM32G411R8T3, STM32G411R8T6, STM32G411RBT3, STM32G411RBT6, STM32G414CBT3, STM32G414CBT6, STM32G414CBU3, STM32G414CBU6, STM32G414CCT3, STM32G414CCT6, STM32G414CCU3, STM32G414CCU6, STM32G414MBT3, STM32G414MBT6, STM32G414MCT3, STM32G414MCT6, STM32G414RBT3, STM32G414RBT6, STM32G414RCT3, STM32G414RCT6, STM32G414VBT3, STM32G414VBT6, STM32G414VCT3, STM32G414VCT6, STM32G431CBT3Z, STM32G431RBT3Z, STM32G471CCT6, STM32G471CCU6, STM32G471CET3, STM32G471CET6, STM32G471CEU3, STM32G471CEU6, STM32G471MCT6, STM32G471MET3, STM32G471MET6, STM32G471MEY6TR, STM32G471QCT6, STM32G471QET3, STM32G471RCT6, STM32G471RET3, STM32G471RET6, STM32G471VCH6, STM32G471VCI6, STM32G471VCT6, STM32G471VEH3, STM32G471VEH6, STM32G471VEI3, STM32G471VEI6, STM32G471VET3, STM32G471VET6, STM32G473QET3Z, STM32G473RET3Z, STM32G474CCT6, STM32G491RET3Z, STM32H503CBT6, STM32H503CBU6, STM32H503EBY6TR, STM32H503KBU6, STM32H503RBT6, STM32H523CCT6, STM32H523CCU6, STM32H523CET6, STM32H523CEU6, STM32H523HEY6TR, STM32H523RCT6, STM32H523RET6, STM32H523VCI6, STM32H523VCT6, STM32H523VEI6, STM32H523VET6, STM32H523ZCJ6, STM32H523ZCT6, STM32H523ZEJ6, STM32H523ZET6, STM32H533CET6, STM32H533CEU6, STM32H533HEY6TR, STM32H533RET6, STM32H533VEI6, STM32H533VET6, STM32H533ZEJ6, STM32H533ZET6, STM32H562AGI6, STM32H562AII6, STM32H562IGK6, STM32H562IGT6, STM32H562IIK6, STM32H562IIT6, STM32H562RGT6, STM32H562RGV6, STM32H562RIT6, STM32H562RIV6, STM32H562VGT6, STM32H562VIT6, STM32H562ZGT6, STM32H562ZIT6, STM32H563AGI6, STM32H563AII3Q, STM32H563AII6, STM32H563IGK6, STM32H563IGT6, STM32H563IIK3Q, STM32H563IIK6, STM32H563IIT3Q, STM32H563IIT6, STM32H563MIY3QTR, STM32H563RGT6, STM32H563RGV6, STM32H563RIT6, STM32H563RIV6, STM32H563VGT6, STM32H563VIT3Q, STM32H563VIT6, STM32H563ZGT6, STM32H563ZIT3Q, STM32H563ZIT6, STM32H573AII3Q, STM32H573AII6, STM32H573I-DK, STM32H573IIK3Q, STM32H573IIK6, STM32H573IIT3Q, STM32H573IIT6, STM32H573MIY3QTR, STM32H573RIT6, STM32H573RIV6, STM32H573VIT3Q, STM32H573VIT6, STM32H573ZIT3Q, STM32H573ZIT6, STM32H7R3A8I6, STM32H7R3I8K6, STM32H7R3I8T6, STM32H7R3L8H6, STM32H7R3L8H6H, STM32H7R3R8V6, STM32H7R3V8H6, STM32H7R3V8T6, STM32H7R3V8Y6TR, STM32H7R3Z8J6, STM32H7R3Z8T6, STM32H7R7A8I6, STM32H7R7I8K6, STM32H7R7I8T6, STM32H7R7L8H6, STM32H7R7L8H6H, STM32H7R7Z8J6, STM32H7S3A8I6, STM32H7S3I8K6, STM32H7S3I8T6, STM32H7S3L8H6, STM32H7S3L8H6H, STM32H7S3R8V6, STM32H7S3V8H6, STM32H7S3V8T6, STM32H7S3V8Y6TR, STM32H7S3Z8J6, STM32H7S3Z8T6, STM32H7S78-DK, STM32H7S7A8I6, STM32H7S7I8K6, STM32H7S7I8T6, STM32H7S7L8H6, STM32H7S7L8H6H, STM32H7S7Z8J6, STM32L4R5QGI6STR, STM32MP131AAE3, STM32MP131AAF3, STM32MP131AAG3, STM32MP131CAE3, STM32MP131CAF3, STM32MP131CAG3, STM32MP131DAE7, STM32MP131DAF7, STM32MP131DAG7, STM32MP131FAE7, STM32MP131FAF7, STM32MP131FAG7, STM32MP133AAE3, STM32MP133AAF3, STM32MP133AAG3, STM32MP133CAE3, STM32MP133CAF3, STM32MP133CAG3, STM32MP133DAE7, STM32MP133DAF7, STM32MP133DAG7, STM32MP133FAE7, STM32MP133FAF7, STM32MP133FAG7, STM32MP135AAE3, STM32MP135AAF3, STM32MP135AAG3, STM32MP135CAE3, STM32MP135CAF3, STM32MP135CAG3, STM32MP135DAE7, STM32MP135DAF7, STM32MP135DAG7, STM32MP135F-DK, STM32MP135FAE7, STM32MP135FAF7, STM32MP135FAF7T, STM32MP135FAF7U, STM32MP135FAG7, STM32MP211AAL3, STM32MP211AAM3, STM32MP211AAN3, STM32MP211AAO3, STM32MP211CAL3, STM32MP211CAM3, STM32MP211CAN3, STM32MP211CAO3, STM32MP211DAL3, STM32MP211DAM3, STM32MP211DAN3, STM32MP211DAO3, STM32MP211FAL3, STM32MP211FAM3, STM32MP211FAN3, STM32MP211FAO3, STM32MP213AAL3, STM32MP213AAM3, STM32MP213AAN3, STM32MP213AAO3, STM32MP213CAL3, STM32MP213CAM3, STM32MP213CAN3, STM32MP213CAO3, STM32MP213DAL3, STM32MP213DAM3, STM32MP213DAN3, STM32MP213DAO3, STM32MP213FAL3, STM32MP213FAM3, STM32MP213FAN3, STM32MP213FAO3, STM32MP215AAL3, STM32MP215AAM3, STM32MP215AAN3, STM32MP215AAO3, STM32MP215CAL3, STM32MP215CAM3, STM32MP215CAN3, STM32MP215CAO3, STM32MP215DAL3, STM32MP215DAM3, STM32MP215DAN3, STM32MP215DAO3, STM32MP215F-DK, STM32MP215FAL3, STM32MP215FAM3, STM32MP215FAN3, STM32MP215FAO3, STM32MP231AAJ3, STM32MP231AAK3, STM32MP231AAL3, STM32MP231CAJ3, STM32MP231CAK3, STM32MP231CAL3, STM32MP231DAJ3, STM32MP231DAK3, STM32MP231DAL3, STM32MP231FAJ3, STM32MP231FAK3, STM32MP231FAL3, STM32MP233AAJ3, STM32MP233AAK3, STM32MP233AAL3, STM32MP233CAJ3, STM32MP233CAK3, STM32MP233CAL3, STM32MP233DAJ3, STM32MP233DAK3, STM32MP233DAL3, STM32MP233FAJ3, STM32MP233FAK3, STM32MP233FAL3, STM32MP235AAJ3, STM32MP235AAK3, STM32MP235AAL3, STM32MP235CAJ3, STM32MP235CAK3, STM32MP235CAL3, STM32MP235DAJ3, STM32MP235DAK3, STM32MP235DAL3, STM32MP235FAJ3, STM32MP235FAK3, STM32MP235FAL3, STM32MP251AAI3, STM32MP251AAK3, STM32MP251AAL3, STM32MP251CAI3, STM32MP251CAK3, STM32MP251CAL3, STM32MP251DAI3, STM32MP251DAK3, STM32MP251DAL3, STM32MP251FAI3, STM32MP251FAK3, STM32MP251FAL3, STM32MP253AAI3, STM32MP253AAK3, STM32MP253AAL3, STM32MP253CAI3, STM32MP253CAK3, STM32MP253CAL3, STM32MP253DAI3, STM32MP253DAK3, STM32MP253DAL3, STM32MP253FAI3, STM32MP253FAK3, STM32MP253FAL3, STM32MP255AAI3, STM32MP255AAK3, STM32MP255AAL3, STM32MP255CAI3, STM32MP255CAK3, STM32MP255CAL3, STM32MP255DAI3, STM32MP255DAK3, STM32MP255DAL3, STM32MP255FAI3, STM32MP255FAK3, STM32MP255FAL3, STM32MP257AAI3, STM32MP257AAK3, STM32MP257AAL3, STM32MP257CAI3, STM32MP257CAK3, STM32MP257CAL3, STM32MP257DAI3, STM32MP257DAK3, STM32MP257DAL3, STM32MP257F-DK, STM32MP257F-EV1, STM32MP257FAI3, STM32MP257FAK3, STM32MP257FAL3, STM32N645A0H3Q, STM32N645B0H3Q, STM32N645I0H3Q, STM32N645L0H3Q, STM32N645X0H3Q, STM32N645Z0H3Q, STM32N647A0H3Q, STM32N647B0H3Q, STM32N647I0H3Q, STM32N647L0H3Q, STM32N647X0H3Q, STM32N647Z0H3Q, STM32N655A0H3Q, STM32N655B0H3Q, STM32N655I0H3Q, STM32N655L0H3Q, STM32N655X0H3Q, STM32N655Z0H3Q, STM32N6570-DK, STM32N657A0H3Q, STM32N657B0H3Q, STM32N657I0H3Q, STM32N657L0H3Q, STM32N657X0H3Q, STM32N657Z0H3Q, STM32U031C6T6, STM32U031C6U6, STM32U031C8T6, STM32U031C8U6, STM32U031F4P6, STM32U031F6P6, STM32U031F8P6, STM32U031G6Y6TR, STM32U031G8Y6TR, STM32U031K4U6, STM32U031K6U6, STM32U031K8U6, STM32U031R6I6, STM32U031R6T6, STM32U031R8I6, STM32U031R8T6, STM32U073C8T6, STM32U073C8U6, STM32U073CBT6, STM32U073CBU6, STM32U073CCT6, STM32U073CCU6, STM32U073H8Y6TR, STM32U073HBY6TR, STM32U073HCY6TR, STM32U073K8U6, STM32U073KBU6, STM32U073KCU6, STM32U073M8I6, STM32U073M8T6, STM32U073MBI6, STM32U073MBT6, STM32U073MCI6, STM32U073MCT6, STM32U073R8I6, STM32U073R8T6, STM32U073RBI6, STM32U073RBT6, STM32U073RCI6, STM32U073RCT6, STM32U083C-DK, STM32U083CCT6, STM32U083CCU6, STM32U083HCY6TR, STM32U083KCU6, STM32U083MCI6, STM32U083MCT6, STM32U083RCI6, STM32U083RCT6, STM32U375CET6, STM32U375CET6Q, STM32U375CEU6, STM32U375CEU6Q, STM32U375CEY6QTR, STM32U375CGT6, STM32U375CGT6Q, STM32U375CGU6, STM32U375CGU6Q, STM32U375CGY6QTR, STM32U375KEU6, STM32U375KGU6, STM32U375REI6, STM32U375REI6Q, STM32U375RET6, STM32U375RET6Q, STM32U375REY6GTR, STM32U375REY6QTR, STM32U375RGI6, STM32U375RGI6Q, STM32U375RGT6, STM32U375RGT6Q, STM32U375RGY6GTR, STM32U375RGY6QTR, STM32U375VEI6, STM32U375VEI6Q, STM32U375VET6, STM32U375VET6Q, STM32U375VGI6, STM32U375VGI6Q, STM32U375VGT6, STM32U375VGT6Q, STM32U385CGT6, STM32U385CGT6Q, STM32U385CGU6, STM32U385CGU6Q, STM32U385CGY6QTR, STM32U385KGU6, STM32U385RGI6, STM32U385RGI6Q, STM32U385RGT6, STM32U385RGT6Q, STM32U385RGY6GTR, STM32U385RGY6QTR, STM32U385VGI6, STM32U385VGI6Q, STM32U385VGT6, STM32U385VGT6Q, STM32U535CBT6, STM32U535CBT6Q, STM32U535CBU6, STM32U535CBU6Q, STM32U535CCT6, STM32U535CCT6Q, STM32U535CCU6, STM32U535CCU6Q, STM32U535CET6, STM32U535CET6Q, STM32U535CEU6, STM32U535CEU6Q, STM32U535JEY6QTR, STM32U535NCY6QTR, STM32U535NEY6QTR, STM32U535RBI6, STM32U535RBI6Q, STM32U535RBT6, STM32U535RBT6Q, STM32U535RCI6, STM32U535RCI6Q, STM32U535RCT6, STM32U535RCT6Q, STM32U535REI6, STM32U535REI6Q, STM32U535RET6, STM32U535RET6Q, STM32U535VCI6, STM32U535VCI6Q, STM32U535VCT6, STM32U535VCT6Q, STM32U535VEI6, STM32U535VEI6Q, STM32U535VET6, STM32U535VET6Q, STM32U545CET6, STM32U545CET6Q, STM32U545CEU6, STM32U545CEU6Q, STM32U545JEY6QTR, STM32U545NEY6QTR, STM32U545REI6, STM32U545REI6Q, STM32U545RET6, STM32U545RET6Q, STM32U545VEI6, STM32U545VEI6Q, STM32U545VET6, STM32U545VET6Q, STM32U595AIH6, STM32U595AIH6Q, STM32U595AJH6, STM32U595AJH6Q, STM32U595QII6, STM32U595QII6Q, STM32U595QJI6, STM32U595QJI6Q, STM32U595RIT6, STM32U595RIT6Q, STM32U595RJT6, STM32U595RJT6Q, STM32U595VIT6, STM32U595VIT6Q, STM32U595VJT6, STM32U595VJT6Q, STM32U595ZIT6, STM32U595ZIT6Q, STM32U595ZIY6QTR, STM32U595ZJT6, STM32U595ZJT6Q, STM32U595ZJY6QTR, STM32U599BJY6QTR, STM32U599NIH6Q, STM32U599NJH6Q, STM32U599VIT6Q, STM32U599VJT6, STM32U599VJT6Q, STM32U599ZIT6Q, STM32U599ZIY6QTR, STM32U599ZJT6Q, STM32U599ZJY6QTR, STM32U5A5AJH6, STM32U5A5AJH6Q, STM32U5A5QII3Q , STM32U5A5QJI6, STM32U5A5QJI6Q, STM32U5A5RJT6, STM32U5A5RJT6Q, STM32U5A5VJT6, STM32U5A5VJT6Q, STM32U5A5ZJT6, STM32U5A5ZJT6Q, STM32U5A5ZJY6QTR, STM32U5A9BJY6QTR, STM32U5A9J-DK, STM32U5A9NJH6Q, STM32U5A9VJT6Q, STM32U5A9ZJT6Q, STM32U5A9ZJY6QTR, STM32U5F7VIT6, STM32U5F7VIT6Q, STM32U5F7VJT6, STM32U5F7VJT6Q, STM32U5F9BJY6QTR, STM32U5F9NJH6Q, STM32U5F9VIT6Q, STM32U5F9VJT6Q, STM32U5F9ZIJ6QTR, STM32U5F9ZIT6Q, STM32U5F9ZJJ6QTR, STM32U5F9ZJT6Q, STM32U5G7VJT6, STM32U5G7VJT6Q, STM32U5G9BJY6QTR, STM32U5G9J-DK1, STM32U5G9J-DK2, STM32U5G9NJH6Q, STM32U5G9VJT6Q, STM32U5G9ZJJ6QTR, STM32U5G9ZJT6Q, STM32WB05KZV6TR, STM32WB05KZV7TR, STM32WB05TZF6TR, STM32WB05TZF7TR, STM32WB06CCF6TR, STM32WB06CCF7TR, STM32WB06CCV6TR, STM32WB06CCV7TR, STM32WB06KCV6TR, STM32WB06KCV7TR, STM32WB07CCF6TR, STM32WB07CCF7TR, STM32WB07CCV6TR, STM32WB07CCV7TR, STM32WB07KCV6TR, STM32WB07KCV7TR, STM32WB09KEV6TR, STM32WB09KEV7TR, STM32WB09TEF6TR, STM32WB09TEF7TR, STM32WB1MMCH6, STM32WBA50KGU6, STM32WBA50KGU6TR, STM32WBA52CEU6, STM32WBA52CEU6TR, STM32WBA52CEU7, STM32WBA52CEU7TR, STM32WBA52CGU6, STM32WBA52CGU6TR, STM32WBA52CGU6U, STM32WBA52CGU7, STM32WBA52CGU7TR, STM32WBA52KEU6, STM32WBA52KEU6TR, STM32WBA52KGU6, STM32WBA52KGU6TR, STM32WBA54CEU6, STM32WBA54CEU6TR, STM32WBA54CEU7, STM32WBA54CEU7TR, STM32WBA54CGU6, STM32WBA54CGU6TR, STM32WBA54CGU7, STM32WBA54CGU7TR, STM32WBA54KEU6, STM32WBA54KEU6TR, STM32WBA54KEU7, STM32WBA54KEU7TR, STM32WBA54KGU6, STM32WBA54KGU6TR, STM32WBA54KGU7, STM32WBA54KGU7TR, STM32WBA55CEU6, STM32WBA55CEU6TR, STM32WBA55CEU7, STM32WBA55CEU7TR, STM32WBA55CGU6, STM32WBA55CGU6TR, STM32WBA55CGU6U, STM32WBA55CGU7, STM32WBA55CGU7TR, STM32WBA55G-DK1, STM32WBA55HEF6, STM32WBA55HEF7, STM32WBA55HGF6, STM32WBA55HGF7, STM32WBA55UEI6, STM32WBA55UEI6TR, STM32WBA55UEI7, STM32WBA55UEI7TR, STM32WBA55UGI6, STM32WBA55UGI6TR, STM32WBA55UGI7, STM32WBA55UGI7TR, STM32WBA5MMGH6TR, STM32WBA62MGF6, STM32WBA62MIF6, STM32WBA65MGF7, STM32WBA65MIF6, STM32WBA65MIF7, STM32WL30K8V6, STM32WL30KBV6, STM32WL31C8V6, STM32WL31CBV6, STM32WL31K8V6, STM32WL31KBV6, STM32WL33C8V6, STM32WL33C8V6X, STM32WL33CBV6, STM32WL33CBV6X, STM32WL33CCV6, STM32WL33CCV6A, STM32WL33CCV6X, STM32WL33K8V7, STM32WL33K8V7X, STM32WL33KBV7 , STM32WL33KBV7X, STM32WL33KCV7, STM32WL33KCV7X, STM32WL5MOCH6, STM32WL5MOCH6TR]
2026-02-03 11:21:30,997 [INFO] ApiDb:668 - CubeFinder database Data Model version=2.1
2026-02-03 11:21:30,997 [INFO] ApiDb:669 - CubeFinder database Configuration version=3.0.39
2026-02-03 11:21:30,997 [INFO] ApiDb:670 - CubeFinder database generation date=2025-11-05 (1762334721)
2026-02-03 11:21:30,997 [INFO] ApiDb:671 - CubeFinder database FW Pack versions=[FP-ATR-ASTRA1_V2.0.0, FP-SNS-FLIGHT1_V5.1.0, FP-SNS-MOTENV1_V5.1.0, FP-SNS-MOTENVWB1_V1.4.0, FP-SNS-SMARTAG2_V1.2.0, FP-SNS-STBOX1_V2.1.0, STM32Cube_FW_C0_V1.4.0, STM32Cube_FW_F4_V1.28.3, STM32Cube_FW_F7_V1.17.4, STM32Cube_FW_G0_V1.6.2, STM32Cube_FW_G4_V1.6.1, STM32Cube_FW_H5_V1.5.1, STM32Cube_FW_H7RS_V1.3.0, STM32Cube_FW_H7_V1.12.1, STM32Cube_FW_L0_V1.12.2, STM32Cube_FW_L4_V1.18.1, STM32Cube_FW_L5_V1.6.0, STM32Cube_FW_N6_V1.3.0, STM32Cube_FW_U0_V1.3.0, STM32Cube_FW_U3_V1.2.1, STM32Cube_FW_U5_V1.8.0, STM32Cube_FW_WB0_V1.4.0, STM32Cube_FW_WBA_V1.8.0, STM32Cube_FW_WB_V1.24.0, STM32Cube_FW_WL3_V1.3.0, STM32Cube_FW_WL_V1.4.0, X-CUBE-ALGOBUILD_V1.4.0, X-CUBE-ALS_V1.0.2, X-CUBE-AZRTOS-F4_V1.1.0, X-CUBE-AZRTOS-F7_V1.1.0, X-CUBE-AZRTOS-G0_V1.1.0, X-CUBE-AZRTOS-G4_V2.0.0, X-CUBE-AZRTOS-H7RS_V1.1.0, X-CUBE-AZRTOS-H7_V3.4.0, X-CUBE-AZRTOS-L4_V2.0.0, X-CUBE-AZRTOS-L5_V2.0.0, X-CUBE-AZRTOS-WB_V2.0.0, X-CUBE-AZRTOS-WL_V2.0.0, X-CUBE-BLE1_V7.1.0, X-CUBE-BLE2_V3.3.0, X-CUBE-BLEMGR_V4.1.0, X-CUBE-EEPRMA1_V5.2.0, X-CUBE-FREERTOS_V1.3.1, X-CUBE-GNSS1_V6.0.0, X-CUBE-MEMS1_V11.3.0, X-CUBE-NFC4_V3.0.0, X-CUBE-NFC7_V2.0.0, X-CUBE-SFXS2LP1_V4.0.0, X-CUBE-ST67W61_V1.1.0, X-CUBE-SUBG2_V5.0.0, X-CUBE-TOF1_V3.4.3]
2026-02-03 11:21:33,346 [INFO] ApiDb:240 - Found 880 in-development CPN: [B-G473E-ZEST1S, B-WB1M-WPAN1, B-WBA5M-WPAN, B-WL5M-SUBG1, NUCLEO-C031C6, NUCLEO-C051C8, NUCLEO-C071RB, NUCLEO-C092RC, NUCLEO-H503RB, NUCLEO-H533RE, NUCLEO-H563ZI, NUCLEO-H7S3L8, NUCLEO-N657X0-Q, NUCLEO-U031R8, NUCLEO-U083RC, NUCLEO-U385RG-Q, NUCLEO-U545RE-Q, NUCLEO-U5A5ZJ-Q, NUCLEO-WB05KZ, NUCLEO-WB07CC, NUCLEO-WB09KE, NUCLEO-WBA52CG, NUCLEO-WBA55CG, NUCLEO-WL33CC1, NUCLEO-WL33CC2, STEVAL-PROTEUS1, STEVAL-SMARTAG2, STEVAL-STWINBX1, STM320518-EVAL, STM32C0116-DK, STM32C011D6Y3TR, STM32C011D6Y6TR, STM32C011F4P3, STM32C011F4P6, STM32C011F4U3, STM32C011F4U6TR, STM32C011F6P3, STM32C011F6P6, STM32C011F6U3, STM32C011F6U6TR, STM32C011J4M3, STM32C011J4M6, STM32C011J6M3, STM32C011J6M6, STM32C0316-DK, STM32C031C4T3, STM32C031C4T6, STM32C031C4U3, STM32C031C4U6, STM32C031C6T3, STM32C031C6T6, STM32C031C6U3, STM32C031C6U6, STM32C031F4P3, STM32C031F4P6, STM32C031F6P3, STM32C031F6P6, STM32C031G4U3, STM32C031G4U6, STM32C031G6U3, STM32C031G6U6, STM32C031K4T3, STM32C031K4T6, STM32C031K4U3, STM32C031K4U6, STM32C031K6T3, STM32C031K6T6, STM32C031K6U3, STM32C031K6U6, STM32C051C6T6, STM32C051C6U6, STM32C051C8T6, STM32C051C8U6, STM32C051D8Y6TR, STM32C051F6P6, STM32C051F8P6, STM32C051G6U6, STM32C051G8U6, STM32C051K6T6, STM32C051K6U6, STM32C051K8T6, STM32C071C8T6, STM32C071C8T6N, STM32C071C8U6, STM32C071C8U6N, STM32C071CBT6, STM32C071CBT6N, STM32C071CBU6, STM32C071CBU6N, STM32C071F8P6, STM32C071F8P6N, STM32C071FBP6, STM32C071FBP6N, STM32C071FBY6TR, STM32C071G8U6, STM32C071G8U6N, STM32C071GBU6, STM32C071GBU6N, STM32C071K8T6, STM32C071K8T6N, STM32C071K8U6, STM32C071K8U6N, STM32C071KBT6, STM32C071KBT6N, STM32C071KBU6, STM32C071KBU6N, STM32C071R8T6, STM32C071R8T6N, STM32C071RBI6N, STM32C071RBT6, STM32C071RBT6N, STM32C091CBT6, STM32C091CBU6, STM32C091CCT6, STM32C091CCU6, STM32C091ECY6TR, STM32C091FBP6, STM32C091FCP6, STM32C091GBU6, STM32C091GCU6, STM32C091KBT6, STM32C091KBU6, STM32C091KCT6, STM32C091KCU6, STM32C091RBT6, STM32C091RCI6, STM32C091RCT6, STM32C092CBT6, STM32C092CBU6, STM32C092CCT6, STM32C092CCU6, STM32C092ECY6TR, STM32C092FBP6, STM32C092FCP6, STM32C092GBU6, STM32C092GCU6, STM32C092KBT6, STM32C092KBU6, STM32C092KCT6, STM32C092KCU6, STM32C092RBT6, STM32C092RCI6, STM32C092RCT6, STM32G071K8TXN, STM32G071K8UXN, STM32G081GBU6N, STM32G081KBT6N, STM32G081KBUXN, STM32G0B1CCT6N, STM32G0B1KCT6, STM32G0B1NEY6TR, STM32G0B1RCT6N, STM32G0C1CCT6, STM32G0C1CCT6N, STM32G0C1CCU6N, STM32G0C1CET6N, STM32G0C1CEU6N, STM32G0C1KCT6, STM32G0C1NEY6TR, STM32G0C1RCI6N, STM32G0C1RCT6N, STM32G0C1REI6N, STM32G0C1RET6N, STM32G0C1VCI6, STM32G0C1VEI6, STM32G411C6T3, STM32G411C6T6, STM32G411C6U3, STM32G411C6U6, STM32G411C8T3, STM32G411C8T6, STM32G411C8U3, STM32G411C8U6, STM32G411CBT3, STM32G411CBT6, STM32G411CBU3, STM32G411CBU6, STM32G411K6T3, STM32G411K6T6, STM32G411K6U3, STM32G411K6U6, STM32G411K8T3, STM32G411K8T6, STM32G411K8U3, STM32G411K8U6, STM32G411KBT3, STM32G411KBT6, STM32G411KBU3, STM32G411KBU6, STM32G411M6T3, STM32G411M6T6, STM32G411M8T3, STM32G411M8T6, STM32G411MBT3, STM32G411MBT6, STM32G411R6T3, STM32G411R6T6, STM32G411R8T3, STM32G411R8T6, STM32G411RBT3, STM32G411RBT6, STM32G414CBT3, STM32G414CBT6, STM32G414CBU3, STM32G414CBU6, STM32G414CCT3, STM32G414CCT6, STM32G414CCU3, STM32G414CCU6, STM32G414MBT3, STM32G414MBT6, STM32G414MCT3, STM32G414MCT6, STM32G414RBT3, STM32G414RBT6, STM32G414RCT3, STM32G414RCT6, STM32G414VBT3, STM32G414VBT6, STM32G414VCT3, STM32G414VCT6, STM32G431CBT3Z, STM32G431RBT3Z, STM32G471CCT6, STM32G471CCU6, STM32G471CET3, STM32G471CET6, STM32G471CEU3, STM32G471CEU6, STM32G471MCT6, STM32G471MET3, STM32G471MET6, STM32G471MEY6TR, STM32G471QCT6, STM32G471QET3, STM32G471RCT6, STM32G471RET3, STM32G471RET6, STM32G471VCH6, STM32G471VCI6, STM32G471VCT6, STM32G471VEH3, STM32G471VEH6, STM32G471VEI3, STM32G471VEI6, STM32G471VET3, STM32G471VET6, STM32G473QET3Z, STM32G473RET3Z, STM32G474CCT6, STM32G491RET3Z, STM32H503CBT6, STM32H503CBU6, STM32H503EBY6TR, STM32H503KBU6, STM32H503RBT6, STM32H523CCT6, STM32H523CCU6, STM32H523CET6, STM32H523CEU6, STM32H523HEY6TR, STM32H523RCT6, STM32H523RET6, STM32H523VCI6, STM32H523VCT6, STM32H523VEI6, STM32H523VET6, STM32H523ZCJ6, STM32H523ZCT6, STM32H523ZEJ6, STM32H523ZET6, STM32H533CET6, STM32H533CEU6, STM32H533HEY6TR, STM32H533RET6, STM32H533VEI6, STM32H533VET6, STM32H533ZEJ6, STM32H533ZET6, STM32H562AGI6, STM32H562AII6, STM32H562IGK6, STM32H562IGT6, STM32H562IIK6, STM32H562IIT6, STM32H562RGT6, STM32H562RGV6, STM32H562RIT6, STM32H562RIV6, STM32H562VGT6, STM32H562VIT6, STM32H562ZGT6, STM32H562ZIT6, STM32H563AGI6, STM32H563AII3Q, STM32H563AII6, STM32H563IGK6, STM32H563IGT6, STM32H563IIK3Q, STM32H563IIK6, STM32H563IIT3Q, STM32H563IIT6, STM32H563MIY3QTR, STM32H563RGT6, STM32H563RGV6, STM32H563RIT6, STM32H563RIV6, STM32H563VGT6, STM32H563VIT3Q, STM32H563VIT6, STM32H563ZGT6, STM32H563ZIT3Q, STM32H563ZIT6, STM32H573AII3Q, STM32H573AII6, STM32H573I-DK, STM32H573IIK3Q, STM32H573IIK6, STM32H573IIT3Q, STM32H573IIT6, STM32H573MIY3QTR, STM32H573RIT6, STM32H573RIV6, STM32H573VIT3Q, STM32H573VIT6, STM32H573ZIT3Q, STM32H573ZIT6, STM32H7R3A8I6, STM32H7R3I8K6, STM32H7R3I8T6, STM32H7R3L8H6, STM32H7R3L8H6H, STM32H7R3R8V6, STM32H7R3V8H6, STM32H7R3V8T6, STM32H7R3V8Y6TR, STM32H7R3Z8J6, STM32H7R3Z8T6, STM32H7R7A8I6, STM32H7R7I8K6, STM32H7R7I8T6, STM32H7R7L8H6, STM32H7R7L8H6H, STM32H7R7Z8J6, STM32H7S3A8I6, STM32H7S3I8K6, STM32H7S3I8T6, STM32H7S3L8H6, STM32H7S3L8H6H, STM32H7S3R8V6, STM32H7S3V8H6, STM32H7S3V8T6, STM32H7S3V8Y6TR, STM32H7S3Z8J6, STM32H7S3Z8T6, STM32H7S78-DK, STM32H7S7A8I6, STM32H7S7I8K6, STM32H7S7I8T6, STM32H7S7L8H6, STM32H7S7L8H6H, STM32H7S7Z8J6, STM32L4R5QGI6STR, STM32MP131AAE3, STM32MP131AAF3, STM32MP131AAG3, STM32MP131CAE3, STM32MP131CAF3, STM32MP131CAG3, STM32MP131DAE7, STM32MP131DAF7, STM32MP131DAG7, STM32MP131FAE7, STM32MP131FAF7, STM32MP131FAG7, STM32MP133AAE3, STM32MP133AAF3, STM32MP133AAG3, STM32MP133CAE3, STM32MP133CAF3, STM32MP133CAG3, STM32MP133DAE7, STM32MP133DAF7, STM32MP133DAG7, STM32MP133FAE7, STM32MP133FAF7, STM32MP133FAG7, STM32MP135AAE3, STM32MP135AAF3, STM32MP135AAG3, STM32MP135CAE3, STM32MP135CAF3, STM32MP135CAG3, STM32MP135DAE7, STM32MP135DAF7, STM32MP135DAG7, STM32MP135F-DK, STM32MP135FAE7, STM32MP135FAF7, STM32MP135FAF7T, STM32MP135FAF7U, STM32MP135FAG7, STM32MP211AAL3, STM32MP211AAM3, STM32MP211AAN3, STM32MP211AAO3, STM32MP211CAL3, STM32MP211CAM3, STM32MP211CAN3, STM32MP211CAO3, STM32MP211DAL3, STM32MP211DAM3, STM32MP211DAN3, STM32MP211DAO3, STM32MP211FAL3, STM32MP211FAM3, STM32MP211FAN3, STM32MP211FAO3, STM32MP213AAL3, STM32MP213AAM3, STM32MP213AAN3, STM32MP213AAO3, STM32MP213CAL3, STM32MP213CAM3, STM32MP213CAN3, STM32MP213CAO3, STM32MP213DAL3, STM32MP213DAM3, STM32MP213DAN3, STM32MP213DAO3, STM32MP213FAL3, STM32MP213FAM3, STM32MP213FAN3, STM32MP213FAO3, STM32MP215AAL3, STM32MP215AAM3, STM32MP215AAN3, STM32MP215AAO3, STM32MP215CAL3, STM32MP215CAM3, STM32MP215CAN3, STM32MP215CAO3, STM32MP215DAL3, STM32MP215DAM3, STM32MP215DAN3, STM32MP215DAO3, STM32MP215F-DK, STM32MP215FAL3, STM32MP215FAM3, STM32MP215FAN3, STM32MP215FAO3, STM32MP231AAJ3, STM32MP231AAK3, STM32MP231AAL3, STM32MP231CAJ3, STM32MP231CAK3, STM32MP231CAL3, STM32MP231DAJ3, STM32MP231DAK3, STM32MP231DAL3, STM32MP231FAJ3, STM32MP231FAK3, STM32MP231FAL3, STM32MP233AAJ3, STM32MP233AAK3, STM32MP233AAL3, STM32MP233CAJ3, STM32MP233CAK3, STM32MP233CAL3, STM32MP233DAJ3, STM32MP233DAK3, STM32MP233DAL3, STM32MP233FAJ3, STM32MP233FAK3, STM32MP233FAL3, STM32MP235AAJ3, STM32MP235AAK3, STM32MP235AAL3, STM32MP235CAJ3, STM32MP235CAK3, STM32MP235CAL3, STM32MP235DAJ3, STM32MP235DAK3, STM32MP235DAL3, STM32MP235FAJ3, STM32MP235FAK3, STM32MP235FAL3, STM32MP251AAI3, STM32MP251AAK3, STM32MP251AAL3, STM32MP251CAI3, STM32MP251CAK3, STM32MP251CAL3, STM32MP251DAI3, STM32MP251DAK3, STM32MP251DAL3, STM32MP251FAI3, STM32MP251FAK3, STM32MP251FAL3, STM32MP253AAI3, STM32MP253AAK3, STM32MP253AAL3, STM32MP253CAI3, STM32MP253CAK3, STM32MP253CAL3, STM32MP253DAI3, STM32MP253DAK3, STM32MP253DAL3, STM32MP253FAI3, STM32MP253FAK3, STM32MP253FAL3, STM32MP255AAI3, STM32MP255AAK3, STM32MP255AAL3, STM32MP255CAI3, STM32MP255CAK3, STM32MP255CAL3, STM32MP255DAI3, STM32MP255DAK3, STM32MP255DAL3, STM32MP255FAI3, STM32MP255FAK3, STM32MP255FAL3, STM32MP257AAI3, STM32MP257AAK3, STM32MP257AAL3, STM32MP257CAI3, STM32MP257CAK3, STM32MP257CAL3, STM32MP257DAI3, STM32MP257DAK3, STM32MP257DAL3, STM32MP257F-DK, STM32MP257F-EV1, STM32MP257FAI3, STM32MP257FAK3, STM32MP257FAL3, STM32N645A0H3Q, STM32N645B0H3Q, STM32N645I0H3Q, STM32N645L0H3Q, STM32N645X0H3Q, STM32N645Z0H3Q, STM32N647A0H3Q, STM32N647B0H3Q, STM32N647I0H3Q, STM32N647L0H3Q, STM32N647X0H3Q, STM32N647Z0H3Q, STM32N655A0H3Q, STM32N655B0H3Q, STM32N655I0H3Q, STM32N655L0H3Q, STM32N655X0H3Q, STM32N655Z0H3Q, STM32N6570-DK, STM32N657A0H3Q, STM32N657B0H3Q, STM32N657I0H3Q, STM32N657L0H3Q, STM32N657X0H3Q, STM32N657Z0H3Q, STM32U031C6T6, STM32U031C6U6, STM32U031C8T6, STM32U031C8U6, STM32U031F4P6, STM32U031F6P6, STM32U031F8P6, STM32U031G6Y6TR, STM32U031G8Y6TR, STM32U031K4U6, STM32U031K6U6, STM32U031K8U6, STM32U031R6I6, STM32U031R6T6, STM32U031R8I6, STM32U031R8T6, STM32U073C8T6, STM32U073C8U6, STM32U073CBT6, STM32U073CBU6, STM32U073CCT6, STM32U073CCU6, STM32U073H8Y6TR, STM32U073HBY6TR, STM32U073HCY6TR, STM32U073K8U6, STM32U073KBU6, STM32U073KCU6, STM32U073M8I6, STM32U073M8T6, STM32U073MBI6, STM32U073MBT6, STM32U073MCI6, STM32U073MCT6, STM32U073R8I6, STM32U073R8T6, STM32U073RBI6, STM32U073RBT6, STM32U073RCI6, STM32U073RCT6, STM32U083C-DK, STM32U083CCT6, STM32U083CCU6, STM32U083HCY6TR, STM32U083KCU6, STM32U083MCI6, STM32U083MCT6, STM32U083RCI6, STM32U083RCT6, STM32U375CET6, STM32U375CET6Q, STM32U375CEU6, STM32U375CEU6Q, STM32U375CEY6QTR, STM32U375CGT6, STM32U375CGT6Q, STM32U375CGU6, STM32U375CGU6Q, STM32U375CGY6QTR, STM32U375KEU6, STM32U375KGU6, STM32U375REI6, STM32U375REI6Q, STM32U375RET6, STM32U375RET6Q, STM32U375REY6GTR, STM32U375REY6QTR, STM32U375RGI6, STM32U375RGI6Q, STM32U375RGT6, STM32U375RGT6Q, STM32U375RGY6GTR, STM32U375RGY6QTR, STM32U375VEI6, STM32U375VEI6Q, STM32U375VET6, STM32U375VET6Q, STM32U375VGI6, STM32U375VGI6Q, STM32U375VGT6, STM32U375VGT6Q, STM32U385CGT6, STM32U385CGT6Q, STM32U385CGU6, STM32U385CGU6Q, STM32U385CGY6QTR, STM32U385KGU6, STM32U385RGI6, STM32U385RGI6Q, STM32U385RGT6, STM32U385RGT6Q, STM32U385RGY6GTR, STM32U385RGY6QTR, STM32U385VGI6, STM32U385VGI6Q, STM32U385VGT6, STM32U385VGT6Q, STM32U535CBT6, STM32U535CBT6Q, STM32U535CBU6, STM32U535CBU6Q, STM32U535CCT6, STM32U535CCT6Q, STM32U535CCU6, STM32U535CCU6Q, STM32U535CET6, STM32U535CET6Q, STM32U535CEU6, STM32U535CEU6Q, STM32U535JEY6QTR, STM32U535NCY6QTR, STM32U535NEY6QTR, STM32U535RBI6, STM32U535RBI6Q, STM32U535RBT6, STM32U535RBT6Q, STM32U535RCI6, STM32U535RCI6Q, STM32U535RCT6, STM32U535RCT6Q, STM32U535REI6, STM32U535REI6Q, STM32U535RET6, STM32U535RET6Q, STM32U535VCI6, STM32U535VCI6Q, STM32U535VCT6, STM32U535VCT6Q, STM32U535VEI6, STM32U535VEI6Q, STM32U535VET6, STM32U535VET6Q, STM32U545CET6, STM32U545CET6Q, STM32U545CEU6, STM32U545CEU6Q, STM32U545JEY6QTR, STM32U545NEY6QTR, STM32U545REI6, STM32U545REI6Q, STM32U545RET6, STM32U545RET6Q, STM32U545VEI6, STM32U545VEI6Q, STM32U545VET6, STM32U545VET6Q, STM32U595AIH6, STM32U595AIH6Q, STM32U595AJH6, STM32U595AJH6Q, STM32U595QII6, STM32U595QII6Q, STM32U595QJI6, STM32U595QJI6Q, STM32U595RIT6, STM32U595RIT6Q, STM32U595RJT6, STM32U595RJT6Q, STM32U595VIT6, STM32U595VIT6Q, STM32U595VJT6, STM32U595VJT6Q, STM32U595ZIT6, STM32U595ZIT6Q, STM32U595ZIY6QTR, STM32U595ZJT6, STM32U595ZJT6Q, STM32U595ZJY6QTR, STM32U599BJY6QTR, STM32U599NIH6Q, STM32U599NJH6Q, STM32U599VIT6Q, STM32U599VJT6, STM32U599VJT6Q, STM32U599ZIT6Q, STM32U599ZIY6QTR, STM32U599ZJT6Q, STM32U599ZJY6QTR, STM32U5A5AJH6, STM32U5A5AJH6Q, STM32U5A5QII3Q , STM32U5A5QJI6, STM32U5A5QJI6Q, STM32U5A5RJT6, STM32U5A5RJT6Q, STM32U5A5VJT6, STM32U5A5VJT6Q, STM32U5A5ZJT6, STM32U5A5ZJT6Q, STM32U5A5ZJY6QTR, STM32U5A9BJY6QTR, STM32U5A9J-DK, STM32U5A9NJH6Q, STM32U5A9VJT6Q, STM32U5A9ZJT6Q, STM32U5A9ZJY6QTR, STM32U5F7VIT6, STM32U5F7VIT6Q, STM32U5F7VJT6, STM32U5F7VJT6Q, STM32U5F9BJY6QTR, STM32U5F9NJH6Q, STM32U5F9VIT6Q, STM32U5F9VJT6Q, STM32U5F9ZIJ6QTR, STM32U5F9ZIT6Q, STM32U5F9ZJJ6QTR, STM32U5F9ZJT6Q, STM32U5G7VJT6, STM32U5G7VJT6Q, STM32U5G9BJY6QTR, STM32U5G9J-DK1, STM32U5G9J-DK2, STM32U5G9NJH6Q, STM32U5G9VJT6Q, STM32U5G9ZJJ6QTR, STM32U5G9ZJT6Q, STM32WB05KZV6TR, STM32WB05KZV7TR, STM32WB05TZF6TR, STM32WB05TZF7TR, STM32WB06CCF6TR, STM32WB06CCF7TR, STM32WB06CCV6TR, STM32WB06CCV7TR, STM32WB06KCV6TR, STM32WB06KCV7TR, STM32WB07CCF6TR, STM32WB07CCF7TR, STM32WB07CCV6TR, STM32WB07CCV7TR, STM32WB07KCV6TR, STM32WB07KCV7TR, STM32WB09KEV6TR, STM32WB09KEV7TR, STM32WB09TEF6TR, STM32WB09TEF7TR, STM32WB1MMCH6, STM32WBA50KGU6, STM32WBA50KGU6TR, STM32WBA52CEU6, STM32WBA52CEU6TR, STM32WBA52CEU7, STM32WBA52CEU7TR, STM32WBA52CGU6, STM32WBA52CGU6TR, STM32WBA52CGU6U, STM32WBA52CGU7, STM32WBA52CGU7TR, STM32WBA52KEU6, STM32WBA52KEU6TR, STM32WBA52KGU6, STM32WBA52KGU6TR, STM32WBA54CEU6, STM32WBA54CEU6TR, STM32WBA54CEU7, STM32WBA54CEU7TR, STM32WBA54CGU6, STM32WBA54CGU6TR, STM32WBA54CGU7, STM32WBA54CGU7TR, STM32WBA54KEU6, STM32WBA54KEU6TR, STM32WBA54KEU7, STM32WBA54KEU7TR, STM32WBA54KGU6, STM32WBA54KGU6TR, STM32WBA54KGU7, STM32WBA54KGU7TR, STM32WBA55CEU6, STM32WBA55CEU6TR, STM32WBA55CEU7, STM32WBA55CEU7TR, STM32WBA55CGU6, STM32WBA55CGU6TR, STM32WBA55CGU6U, STM32WBA55CGU7, STM32WBA55CGU7TR, STM32WBA55G-DK1, STM32WBA55HEF6, STM32WBA55HEF7, STM32WBA55HGF6, STM32WBA55HGF7, STM32WBA55UEI6, STM32WBA55UEI6TR, STM32WBA55UEI7, STM32WBA55UEI7TR, STM32WBA55UGI6, STM32WBA55UGI6TR, STM32WBA55UGI7, STM32WBA55UGI7TR, STM32WBA5MMGH6TR, STM32WBA62MGF6, STM32WBA62MIF6, STM32WBA65MGF7, STM32WBA65MIF6, STM32WBA65MIF7, STM32WL30K8V6, STM32WL30KBV6, STM32WL31C8V6, STM32WL31CBV6, STM32WL31K8V6, STM32WL31KBV6, STM32WL33C8V6, STM32WL33C8V6X, STM32WL33CBV6, STM32WL33CBV6X, STM32WL33CCV6, STM32WL33CCV6A, STM32WL33CCV6X, STM32WL33K8V7, STM32WL33K8V7X, STM32WL33KBV7 , STM32WL33KBV7X, STM32WL33KCV7, STM32WL33KCV7X, STM32WL5MOCH6, STM32WL5MOCH6TR]
2026-02-03 11:21:33,353 [INFO] DbMcus:218 - Found 4876 MCUs, 4876 are supported
2026-02-03 11:21:33,354 [INFO] ApiDb:423 - Load user favorites file C:\Users\nsorr/.stm32cubeide/favorites.mcus.txt: 1 item(s)
2026-02-03 11:21:33,354 [INFO] ApiDb:427 - User favorites MCUs=[STM32F103C8T6]
2026-02-03 11:21:33,354 [INFO] DbMcus:224 - Set 1 / 1 favorites MCUs
2026-02-03 11:21:34,152 [INFO] BoardInfo:889 - No configuration file found for board P-NUCLEO-WB55
2026-02-03 11:21:34,154 [INFO] DbBoards:161 - Kit is not supported: P-NUCLEO-WB55
2026-02-03 11:21:34,164 [INFO] BoardInfo:889 - No configuration file found for board STEVAL-BFA001V1B
2026-02-03 11:21:34,166 [INFO] DbBoards:161 - Kit is not supported: STEVAL-BFA001V1B
2026-02-03 11:21:34,168 [INFO] BoardInfo:889 - No configuration file found for board STEVAL-BFA001V2B
2026-02-03 11:21:34,170 [INFO] DbBoards:161 - Kit is not supported: STEVAL-BFA001V2B
2026-02-03 11:21:34,446 [INFO] DbBoards:168 - Found 212 boards, 209 are supported
2026-02-03 11:21:34,447 [INFO] DbBoards:169 - Found 212 boards, 43 of them is supported for  Bsp
2026-02-03 11:21:34,451 [INFO] ApiDb:423 - Load user favorites file C:\Users\nsorr/.stm32cubeide/favorites.boards.txt: 0 item(s)
2026-02-03 11:21:34,451 [INFO] ApiDb:427 - User favorites Boards=[]
2026-02-03 11:21:34,451 [INFO] DbBoards:198 - Set 0 / 0 favorites Boards
2026-02-03 11:21:34,554 [INFO] UtilMem:75 - End LoadConfig() Used Memory: 598535592 Bytes (801112064)
2026-02-03 11:21:34,767 [WARN] ThirdParty:833 - waiting for thirdparty lock release [change project]
2026-02-03 11:21:34,769 [INFO] ThirdParty:835 - entering critical section [change project]
2026-02-03 11:21:34,769 [INFO] ThirdParty:1030 - CMSIS Pack Vendor :STMicroelectronics X-CUBE-PM33A1 1.0.0
2026-02-03 11:21:34,769 [INFO] ThirdParty:1030 - CMSIS Pack Vendor :STMicroelectronics USBPD 4.1
2026-02-03 11:21:34,769 [INFO] ThirdParty:1030 - CMSIS Pack Vendor :STMicroelectronics USB_HOST 2.0.0
2026-02-03 11:21:34,769 [INFO] ThirdParty:1030 - CMSIS Pack Vendor :STMicroelectronics FP-SNS-MOTENVWB1 1.4.0
2026-02-03 11:21:34,769 [INFO] ThirdParty:1030 - CMSIS Pack Vendor :STMicroelectronics X-CUBE-AZRTOS-F4 1.1.0
2026-02-03 11:21:34,769 [INFO] ThirdParty:1030 - CMSIS Pack Vendor :STMicroelectronics LIBJPEG 8.0.0
2026-02-03 11:21:34,769 [INFO] ThirdParty:1030 - CMSIS Pack Vendor :STMicroelectronics FP-ATR-ASTRA1 2.0.2
2026-02-03 11:21:34,769 [INFO] ThirdParty:1030 - CMSIS Pack Vendor :Avnet-IotConnect X-CUBE-IoTC-DA16k-PMOD 1.0.0
2026-02-03 11:21:34,769 [INFO] ThirdParty:1030 - CMSIS Pack Vendor :STMicroelectronics X-CUBE-SMBUS 2.1.0
2026-02-03 11:21:34,769 [INFO] ThirdParty:1030 - CMSIS Pack Vendor :STMicroelectronics X-CUBE-ISPU 2.1.0
2026-02-03 11:21:34,769 [INFO] ThirdParty:1030 - CMSIS Pack Vendor :STMicroelectronics X-CUBE-IPS 3.2.0
2026-02-03 11:21:34,769 [INFO] ThirdParty:1030 - CMSIS Pack Vendor :STMicroelectronics X-CUBE-ST60 1.0.0
2026-02-03 11:21:34,769 [INFO] ThirdParty:1030 - CMSIS Pack Vendor :STMicroelectronics X-CUBE-NFC12 1.0.0
2026-02-03 11:21:34,769 [INFO] ThirdParty:1030 - CMSIS Pack Vendor :STMicroelectronics X-CUBE-AZRTOS-F7 1.1.0
2026-02-03 11:21:34,769 [INFO] ThirdParty:1030 - CMSIS Pack Vendor :STMicroelectronics X-CUBE-AZRTOS-L5 2.0.0
2026-02-03 11:21:34,769 [INFO] ThirdParty:1030 - CMSIS Pack Vendor :STMicroelectronics USB_DEVICE 2.0.0
2026-02-03 11:21:34,769 [INFO] ThirdParty:1030 - CMSIS Pack Vendor :STMicroelectronics X-CUBE-NFC6 3.1.0
2026-02-03 11:21:34,769 [INFO] ThirdParty:1030 - CMSIS Pack Vendor :STMicroelectronics FP-SNS-MOTENV1 5.1.0
2026-02-03 11:21:34,769 [INFO] ThirdParty:1030 - CMSIS Pack Vendor :STMicroelectronics FreeRTOS 0.0.1
2026-02-03 11:21:34,769 [INFO] ThirdParty:1030 - CMSIS Pack Vendor :Infineon AIROC-Wi-Fi-Bluetooth-STM32 1.7.1
2026-02-03 11:21:34,769 [INFO] ThirdParty:1030 - CMSIS Pack Vendor :STMicroelectronics PDM2PCM 3.3.0
2026-02-03 11:21:34,769 [INFO] ThirdParty:1030 - CMSIS Pack Vendor :STMicroelectronics X-CUBE-AZRTOS-H7 3.4.0
2026-02-03 11:21:34,769 [INFO] ThirdParty:1030 - CMSIS Pack Vendor :STMicroelectronics X-CUBE-DISPLAY 3.0.0
2026-02-03 11:21:34,769 [INFO] ThirdParty:1030 - CMSIS Pack Vendor :STMicroelectronics X-CUBE-NFC10 1.0.0
2026-02-03 11:21:34,769 [INFO] ThirdParty:1030 - CMSIS Pack Vendor :STMicroelectronics X-CUBE-FREERTOS 1.3.1
2026-02-03 11:21:34,769 [INFO] ThirdParty:1030 - CMSIS Pack Vendor :STMicroelectronics HAL Drivers 0.0.0
2026-02-03 11:21:34,769 [INFO] ThirdParty:1030 - CMSIS Pack Vendor :STMicroelectronics X-CUBE-ST60 1.1.0
2026-02-03 11:21:34,769 [INFO] ThirdParty:1030 - CMSIS Pack Vendor :emotas I-CUBE-CANOPEN 1.3.0
2026-02-03 11:21:34,769 [INFO] ThirdParty:1030 - CMSIS Pack Vendor :STMicroelectronics MBEDTLS 2.14.1
2026-02-03 11:21:34,769 [INFO] ThirdParty:1030 - CMSIS Pack Vendor :STMicroelectronics X-CUBE-GNSS1 7.1.0
2026-02-03 11:21:34,769 [INFO] ThirdParty:1030 - CMSIS Pack Vendor :STMicroelectronics X-CUBE-TOUCHGFX 4.26.0
2026-02-03 11:21:34,769 [INFO] ThirdParty:1030 - CMSIS Pack Vendor :STMicroelectronics FP-SNS-STBOX1 2.1.0
2026-02-03 11:21:34,769 [INFO] ThirdParty:1030 - CMSIS Pack Vendor :STMicroelectronics FP-SNS-STAIOTCFT 1.0.0
2026-02-03 11:21:34,769 [INFO] ThirdParty:1030 - CMSIS Pack Vendor :STMicroelectronics FP-SNS-SMARTAG2 1.2.0
2026-02-03 11:21:34,769 [INFO] ThirdParty:1030 - CMSIS Pack Vendor :STMicroelectronics FP-SNS-FLIGHT1 5.1.0
2026-02-03 11:21:34,769 [INFO] ThirdParty:1030 - CMSIS Pack Vendor :STMicroelectronics X-CUBE-AZRTOS-WL 2.0.0
2026-02-03 11:21:34,769 [INFO] ThirdParty:1030 - CMSIS Pack Vendor :STMicroelectronics X-CUBE-DPower 1.3.0
2026-02-03 11:21:34,769 [INFO] ThirdParty:1030 - CMSIS Pack Vendor :STMicroelectronics FP-SNS-MOTENV1 5.0.0
2026-02-03 11:21:34,769 [INFO] ThirdParty:1030 - CMSIS Pack Vendor :STMicroelectronics USB_DEVICE 1.0.0
2026-02-03 11:21:34,769 [INFO] ThirdParty:1030 - CMSIS Pack Vendor :STMicroelectronics X-CUBE-AZRTOS-H7RS 1.2.0
2026-02-03 11:21:34,769 [INFO] ThirdParty:1030 - CMSIS Pack Vendor :STMicroelectronics X-CUBE-AZRTOS-L4 2.0.0
2026-02-03 11:21:34,769 [INFO] ThirdParty:1030 - CMSIS Pack Vendor :STMicroelectronics ThreadX 0.0.2
2026-02-03 11:21:34,769 [INFO] ThirdParty:1030 - CMSIS Pack Vendor :WES I-CUBE-Cesium 1.3.0
2026-02-03 11:21:34,769 [INFO] ThirdParty:1030 - CMSIS Pack Vendor :STMicroelectronics lwIP 2.1.2
2026-02-03 11:21:34,769 [INFO] ThirdParty:1030 - CMSIS Pack Vendor :STMicroelectronics X-CUBE-SFXS2LP1 4.0.0
2026-02-03 11:21:34,769 [INFO] ThirdParty:1030 - CMSIS Pack Vendor :STMicroelectronics X-CUBE-BLE2 3.3.0
2026-02-03 11:21:34,769 [INFO] ThirdParty:1030 - CMSIS Pack Vendor :Avnet-IOTCONNECT X-CUBE-iotc-st67-sdk 1.0.0
2026-02-03 11:21:34,769 [INFO] ThirdParty:1030 - CMSIS Pack Vendor :STMicroelectronics PDM2PCM 3.2.0
2026-02-03 11:21:34,769 [INFO] ThirdParty:1030 - CMSIS Pack Vendor :STMicroelectronics X-CUBE-ST67W61 1.2.0
2026-02-03 11:21:34,769 [INFO] ThirdParty:1030 - CMSIS Pack Vendor :STMicroelectronics X-CUBE-NFC9 1.0.0
2026-02-03 11:21:34,769 [INFO] ThirdParty:1030 - CMSIS Pack Vendor :wolfSSL I-CUBE-wolfSSL 5.8.2
2026-02-03 11:21:34,769 [INFO] ThirdParty:1030 - CMSIS Pack Vendor :STMicroelectronics X-CUBE-BLE1 7.1.0
2026-02-03 11:21:34,769 [INFO] ThirdParty:1030 - CMSIS Pack Vendor :wolfSSL I-CUBE-wolfMQTT 1.19.2
2026-02-03 11:21:34,770 [INFO] ThirdParty:1030 - CMSIS Pack Vendor :STMicroelectronics USB_DEVICE 3.0.0
2026-02-03 11:21:34,770 [INFO] ThirdParty:1030 - CMSIS Pack Vendor :STMicroelectronics X-CUBE-FREERTOS 1.4.0
2026-02-03 11:21:34,770 [INFO] ThirdParty:1030 - CMSIS Pack Vendor :STMicroelectronics X-CUBE-EEPRMA1 5.2.0
2026-02-03 11:21:34,770 [INFO] ThirdParty:1030 - CMSIS Pack Vendor :STMicroelectronics X-CUBE-BLEMGR 4.1.0
2026-02-03 11:21:34,770 [INFO] ThirdParty:1030 - CMSIS Pack Vendor :STMicroelectronics X-CUBE-AZRTOS-WB 2.0.0
2026-02-03 11:21:34,770 [INFO] ThirdParty:1030 - CMSIS Pack Vendor :STMicroelectronics X-CUBE-GNSS1 7.0.1
2026-02-03 11:21:34,770 [INFO] ThirdParty:1030 - CMSIS Pack Vendor :STMicroelectronics X-CUBE-TOUCHGFX 4.25.0
2026-02-03 11:21:34,770 [INFO] ThirdParty:1030 - CMSIS Pack Vendor :STMicroelectronics X-CUBE-ST67W61 1.1.0
2026-02-03 11:21:34,770 [INFO] ThirdParty:1030 - CMSIS Pack Vendor :quantropi X-CUBE-qispace-sdk-base 2.1.0
2026-02-03 11:21:34,770 [INFO] ThirdParty:1030 - CMSIS Pack Vendor :STMicroelectronics X-CUBE-MEMS1 12.0.0
2026-02-03 11:21:34,770 [INFO] ThirdParty:1030 - CMSIS Pack Vendor :STMicroelectronics X-CUBE-STSE01 2.0.0
2026-02-03 11:21:34,770 [INFO] ThirdParty:1030 - CMSIS Pack Vendor :STMicroelectronics X-CUBE-AZRTOS-G0 1.1.0
2026-02-03 11:21:34,770 [INFO] ThirdParty:1030 - CMSIS Pack Vendor :STMicroelectronics X-CUBE-SAFEA1 1.2.2
2026-02-03 11:21:34,770 [INFO] ThirdParty:1030 - CMSIS Pack Vendor :STMicroelectronics X-CUBE-NFC4 3.0.0
2026-02-03 11:21:34,770 [INFO] ThirdParty:1030 - CMSIS Pack Vendor :STMicroelectronics X-CUBE-SUBG2 5.0.0
2026-02-03 11:21:34,770 [INFO] ThirdParty:1030 - CMSIS Pack Vendor :STMicroelectronics X-CUBE-AZRTOS-H7RS 1.1.0
2026-02-03 11:21:34,770 [INFO] ThirdParty:1030 - CMSIS Pack Vendor :STMicroelectronics STM32_WPAN 1.0.0
2026-02-03 11:21:34,770 [INFO] ThirdParty:1030 - CMSIS Pack Vendor :EmbeddedOffice I-CUBE-FS-RTOS 1.0.1
2026-02-03 11:21:34,770 [INFO] ThirdParty:1030 - CMSIS Pack Vendor :STMicroelectronics lwIP 2.0.3
2026-02-03 11:21:34,770 [INFO] ThirdParty:1030 - CMSIS Pack Vendor :Cesanta I-CUBE-Mongoose 7.13.0
2026-02-03 11:21:34,770 [INFO] ThirdParty:1030 - CMSIS Pack Vendor :STMicroelectronics USB_HOST 1.0.0
2026-02-03 11:21:34,770 [INFO] ThirdParty:1030 - CMSIS Pack Vendor :STMicroelectronics X-CUBE-AZRTOS-G4 2.0.0
2026-02-03 11:21:34,770 [INFO] ThirdParty:1030 - CMSIS Pack Vendor :STMicroelectronics X-CUBE-WB05N 2.0.0
2026-02-03 11:21:34,770 [INFO] ThirdParty:1030 - CMSIS Pack Vendor :STMicroelectronics PDM2PCM 3.1.0
2026-02-03 11:21:34,770 [INFO] ThirdParty:1030 - CMSIS Pack Vendor :wolfSSL I-CUBE-wolfTPM 3.8.0
2026-02-03 11:21:34,770 [INFO] ThirdParty:1030 - CMSIS Pack Vendor :wolfSSL I-CUBE-wolfSSH 1.4.20
2026-02-03 11:21:34,770 [INFO] ThirdParty:1030 - CMSIS Pack Vendor :STMicroelectronics X-CUBE-NFC7 2.0.0
2026-02-03 11:21:34,770 [INFO] ThirdParty:1030 - CMSIS Pack Vendor :STMicroelectronics X-CUBE-TCPP 4.2.0
2026-02-03 11:21:34,770 [INFO] ThirdParty:1030 - CMSIS Pack Vendor :RealThread X-CUBE-RT-Thread_Nano 4.1.1
2026-02-03 11:21:34,770 [INFO] ThirdParty:1030 - CMSIS Pack Vendor :STMicroelectronics FP-ATR-SIGFOX1 3.2.0
2026-02-03 11:21:34,770 [INFO] ThirdParty:1030 - CMSIS Pack Vendor :STMicroelectronics MBEDTLS 2.16.2
2026-02-03 11:21:34,770 [INFO] ThirdParty:1030 - CMSIS Pack Vendor :STMicroelectronics X-CUBE-IPS 3.1.0
2026-02-03 11:21:34,770 [INFO] ThirdParty:1030 - CMSIS Pack Vendor :STMicroelectronics X-CUBE-ALS 1.0.2
2026-02-03 11:21:34,770 [INFO] ThirdParty:1030 - CMSIS Pack Vendor :ITTIA_DB I-CUBE-ITTIADB 8.9.0
2026-02-03 11:21:34,770 [INFO] ThirdParty:1030 - CMSIS Pack Vendor :STMicroelectronics X-CUBE-STSE01 1.0.0
2026-02-03 11:21:34,770 [INFO] ThirdParty:1030 - CMSIS Pack Vendor :portGmbH I-Cube-SoM-uGOAL 1.1.0
2026-02-03 11:21:34,771 [INFO] ThirdParty:1030 - CMSIS Pack Vendor :STMicroelectronics X-CUBE-NFC6 3.2.0
2026-02-03 11:21:34,771 [INFO] ThirdParty:1030 - CMSIS Pack Vendor :STMicroelectronics X-CUBE-ST67W61 1.0.0
2026-02-03 11:21:34,772 [INFO] ThirdParty:1030 - CMSIS Pack Vendor :STMicroelectronics X-CUBE-AI 10.2.0
2026-02-03 11:21:34,772 [INFO] ThirdParty:1030 - CMSIS Pack Vendor :STMicroelectronics ThreadX 1.0.0
2026-02-03 11:21:34,773 [INFO] ThirdParty:1030 - CMSIS Pack Vendor :SEGGER I-CUBE-embOS 1.3.1
2026-02-03 11:21:34,773 [INFO] ThirdParty:1030 - CMSIS Pack Vendor :STMicroelectronics X-CUBE-ALGOBUILD 1.4.0
2026-02-03 11:21:34,773 [INFO] ThirdParty:1030 - CMSIS Pack Vendor :STMicroelectronics X-CUBE-MEMS1 11.3.0
2026-02-03 11:21:34,773 [INFO] ThirdParty:1030 - CMSIS Pack Vendor :STMicroelectronics X-CUBE-TOF1 3.4.3
2026-02-03 11:21:34,773 [INFO] ThirdParty:841 - exiting critical section [change project]
2026-02-03 11:21:35,196 [INFO] PinOutPanel:1589 - setPackage(No Configuration,No Configuration)
2026-02-03 11:21:35,198 [INFO] PinOutPanel:1589 - setPackage(STM32F103C8Tx,LQFP48)
2026-02-03 11:21:35,951 [INFO] UtilMem:75 - Before build in PCC Used Memory: 527235752 Bytes (801112064)
2026-02-03 11:21:37,203 [INFO] UtilMem:75 - After build in PCC Used Memory: 592262816 Bytes (801112064)
2026-02-03 11:21:37,240 [INFO] IPUIPlugin:80 - create IPUIPlugin
2026-02-03 11:21:37,240 [INFO] IPUIPlugin:80 - create IPUIPlugin
2026-02-03 11:21:37,240 [INFO] IPUIPlugin:80 - create IPUIPlugin
2026-02-03 11:21:37,241 [INFO] IPUIPlugin:80 - create IPUIPlugin
2026-02-03 11:21:37,241 [INFO] IPUIPlugin:80 - create IPUIPlugin
2026-02-03 11:21:37,241 [INFO] IPUIPlugin:80 - create IPUIPlugin
2026-02-03 11:21:37,241 [INFO] IPUIPlugin:80 - create IPUIPlugin
2026-02-03 11:21:37,241 [INFO] IPUIPlugin:80 - create IPUIPlugin
2026-02-03 11:21:37,241 [INFO] IPUIPlugin:80 - create IPUIPlugin
2026-02-03 11:21:37,241 [INFO] IPUIPlugin:80 - create IPUIPlugin
2026-02-03 11:21:37,241 [INFO] IPUIPlugin:80 - create IPUIPlugin
2026-02-03 11:21:37,241 [INFO] IPUIPlugin:80 - create IPUIPlugin
2026-02-03 11:21:37,242 [INFO] IPUIPlugin:80 - create IPUIPlugin
2026-02-03 11:21:37,242 [INFO] IPUIPlugin:80 - create IPUIPlugin
2026-02-03 11:21:37,242 [INFO] IPUIPlugin:80 - create IPUIPlugin
2026-02-03 11:21:37,242 [INFO] IPUIPlugin:80 - create IPUIPlugin
2026-02-03 11:21:37,242 [INFO] IPUIPlugin:80 - create IPUIPlugin
2026-02-03 11:21:37,242 [INFO] IPUIPlugin:80 - create IPUIPlugin
2026-02-03 11:21:37,242 [INFO] IPUIPlugin:80 - create IPUIPlugin
2026-02-03 11:21:37,242 [INFO] IPUIPlugin:80 - create IPUIPlugin
2026-02-03 11:21:37,243 [INFO] IPUIPlugin:80 - create IPUIPlugin
2026-02-03 11:21:37,244 [INFO] IPUIPlugin:80 - create IPUIPlugin
2026-02-03 11:21:37,244 [INFO] IPUIPlugin:80 - create IPUIPlugin
2026-02-03 11:21:37,244 [INFO] IPUIPlugin:80 - create IPUIPlugin
2026-02-03 11:21:37,244 [INFO] IPUIPlugin:80 - create IPUIPlugin
2026-02-03 11:21:37,245 [INFO] IPUIPlugin:80 - create IPUIPlugin
2026-02-03 11:21:37,245 [INFO] IPUIPlugin:80 - create IPUIPlugin
2026-02-03 11:21:37,268 [WARN] IP:2250 - I2C_Coeff_DF not found: check if there is a RefParameter without a condition.
2026-02-03 11:21:37,268 [WARN] IP:2250 - Analog_Filter not found: check if there is a RefParameter without a condition.
2026-02-03 11:21:37,510 [INFO] CADModel:165 - CPN selected for project levelSTM32F103C8T6
2026-02-03 11:21:37,510 [INFO] CADModel:114 - Register for checkConnection events
2026-02-03 11:21:37,567 [INFO] OpenFileManager:386 - Restore cursor
2026-02-03 11:21:37,811 [WARN] IP:2250 - I2C_Coeff_DF not found: check if there is a RefParameter without a condition.
2026-02-03 11:21:37,811 [WARN] IP:2250 - Analog_Filter not found: check if there is a RefParameter without a condition.
2026-02-03 11:21:37,811 [WARN] IP:2250 - I2C_Coeff_DF not found: check if there is a RefParameter without a condition.
2026-02-03 11:21:37,811 [WARN] IP:2250 - Analog_Filter not found: check if there is a RefParameter without a condition.
2026-02-03 11:29:51,600 [WARN] IP:2250 - I2C_Coeff_DF not found: check if there is a RefParameter without a condition.
2026-02-03 11:29:51,600 [WARN] IP:2250 - Analog_Filter not found: check if there is a RefParameter without a condition.
2026-02-03 11:29:51,601 [WARN] IP:2250 - I2C_Coeff_DF not found: check if there is a RefParameter without a condition.
2026-02-03 11:29:51,601 [WARN] IP:2250 - Analog_Filter not found: check if there is a RefParameter without a condition.
2026-02-03 11:29:51,622 [WARN] IP:2250 - I2C_Coeff_DF not found: check if there is a RefParameter without a condition.
2026-02-03 11:29:51,622 [WARN] IP:2250 - Analog_Filter not found: check if there is a RefParameter without a condition.
2026-02-03 11:29:51,645 [WARN] IP:2250 - I2C_Coeff_DF not found: check if there is a RefParameter without a condition.
2026-02-03 11:29:51,645 [WARN] IP:2250 - Analog_Filter not found: check if there is a RefParameter without a condition.
2026-02-03 11:29:56,566 [INFO] Gpio:278 - dependency for GPIO [ADC1, I2C1, RCC, TIM1, USART1]
2026-02-03 11:31:37,646 [INFO] Gpio:278 - dependency for GPIO [ADC1, I2C1, RCC, TIM1, USART1]
2026-02-03 11:31:37,777 [INFO] NvicIntPanel:101 - NVIC parent = com.st.microxplorer.plugins.ip.nvic.MultiNvicIntPanel[,0,0,0x0,invalid,layout=javax.swing.BoxLayout,alignmentX=0.0,alignmentY=0.0,border=,flags=9,maximumSize=,minimumSize=,preferredSize=]
2026-02-03 11:31:37,928 [WARN] IP:2250 - I2C_Coeff_DF not found: check if there is a RefParameter without a condition.
2026-02-03 11:31:37,928 [WARN] IP:2250 - Analog_Filter not found: check if there is a RefParameter without a condition.
2026-02-03 11:31:37,930 [WARN] IP:2250 - I2C_Coeff_DF not found: check if there is a RefParameter without a condition.
2026-02-03 11:31:37,930 [WARN] IP:2250 - Analog_Filter not found: check if there is a RefParameter without a condition.
2026-02-03 11:31:37,962 [WARN] IP:2250 - I2C_Coeff_DF not found: check if there is a RefParameter without a condition.
2026-02-03 11:31:37,962 [WARN] IP:2250 - Analog_Filter not found: check if there is a RefParameter without a condition.
2026-02-03 11:31:37,993 [WARN] IP:2250 - I2C_Coeff_DF not found: check if there is a RefParameter without a condition.
2026-02-03 11:31:37,993 [WARN] IP:2250 - Analog_Filter not found: check if there is a RefParameter without a condition.
2026-02-03 11:31:38,017 [INFO] Gpio:278 - dependency for GPIO [ADC1, I2C1, RCC, TIM1, USART1]
2026-02-03 11:31:38,132 [INFO] NvicIntPanel:101 - NVIC parent = com.st.microxplorer.plugins.ip.nvic.MultiNvicIntPanel[,0,0,0x0,invalid,layout=javax.swing.BoxLayout,alignmentX=0.0,alignmentY=0.0,border=,flags=9,maximumSize=,minimumSize=,preferredSize=]
2026-02-03 11:32:23,146 [INFO] Gpio:278 - dependency for GPIO [ADC1, I2C1, RCC, TIM1, USART1]
2026-02-03 11:32:23,196 [INFO] NvicIntPanel:101 - NVIC parent = com.st.microxplorer.plugins.ip.nvic.MultiNvicIntPanel[,0,0,0x0,invalid,layout=javax.swing.BoxLayout,alignmentX=0.0,alignmentY=0.0,border=,flags=9,maximumSize=,minimumSize=,preferredSize=]
2026-02-03 11:32:23,275 [WARN] IP:2250 - I2C_Coeff_DF not found: check if there is a RefParameter without a condition.
2026-02-03 11:32:23,276 [WARN] IP:2250 - Analog_Filter not found: check if there is a RefParameter without a condition.
2026-02-03 11:32:23,276 [WARN] IP:2250 - I2C_Coeff_DF not found: check if there is a RefParameter without a condition.
2026-02-03 11:32:23,276 [WARN] IP:2250 - Analog_Filter not found: check if there is a RefParameter without a condition.
2026-02-03 11:32:23,306 [WARN] IP:2250 - I2C_Coeff_DF not found: check if there is a RefParameter without a condition.
2026-02-03 11:32:23,307 [WARN] IP:2250 - Analog_Filter not found: check if there is a RefParameter without a condition.
2026-02-03 11:32:23,333 [WARN] IP:2250 - I2C_Coeff_DF not found: check if there is a RefParameter without a condition.
2026-02-03 11:32:23,334 [WARN] IP:2250 - Analog_Filter not found: check if there is a RefParameter without a condition.
2026-02-03 11:32:23,364 [INFO] Gpio:278 - dependency for GPIO [ADC1, I2C1, RCC, TIM1, USART1]
2026-02-03 11:32:23,457 [INFO] NvicIntPanel:101 - NVIC parent = com.st.microxplorer.plugins.ip.nvic.MultiNvicIntPanel[,0,0,0x0,invalid,layout=javax.swing.BoxLayout,alignmentX=0.0,alignmentY=0.0,border=,flags=9,maximumSize=,minimumSize=,preferredSize=]
2026-02-03 11:33:12,353 [INFO] Gpio:278 - dependency for GPIO [ADC1, I2C1, RCC, TIM1, USART1]
2026-02-03 11:33:15,918 [INFO] NvicIntPanel:101 - NVIC parent = com.st.microxplorer.plugins.ip.nvic.MultiNvicIntPanel[,2,27,505x334,layout=javax.swing.BoxLayout,alignmentX=0.0,alignmentY=0.0,border=,flags=9,maximumSize=,minimumSize=,preferredSize=]
2026-02-03 11:50:42,353 [INFO] UtilMem:75 - End SaveConfig() Used Memory: 652952568 Bytes (1073741824)
2026-02-03 11:50:42,474 [INFO] UtilMem:75 - End SaveConfig() Used Memory: 665535480 Bytes (1073741824)
2026-02-03 11:50:44,744 [INFO] UtilMem:75 - End SaveConfig() Used Memory: 705381368 Bytes (1073741824)
2026-02-03 11:50:46,810 [INFO] BlockDiagram:2775 - set Specific Code input for plugin: NVIC
2026-02-03 11:50:46,810 [INFO] BlockDiagram:2775 - set Specific Code input for plugin: USART
2026-02-03 11:50:46,810 [INFO] BlockDiagram:2775 - set Specific Code input for plugin: IWDG
2026-02-03 11:50:46,810 [INFO] BlockDiagram:2775 - set Specific Code input for plugin: DMA
2026-02-03 11:50:46,810 [INFO] BlockDiagram:2775 - set Specific Code input for plugin: TIM1_8F1
2026-02-03 11:50:46,810 [INFO] BlockDiagram:2775 - set Specific Code input for plugin: TIM1_8F1
2026-02-03 11:50:46,810 [INFO] BlockDiagram:2775 - set Specific Code input for plugin: TIM1_8F1
2026-02-03 11:50:46,810 [INFO] BlockDiagram:2775 - set Specific Code input for plugin: SYS
2026-02-03 11:50:46,810 [INFO] BlockDiagram:2775 - set Specific Code input for plugin: GPIO
2026-02-03 11:50:46,810 [INFO] BlockDiagram:2775 - set Specific Code input for plugin: ADC
2026-02-03 11:50:46,812 [INFO] BlockDiagram:2775 - set Specific Code input for plugin: RCC
2026-02-03 11:50:46,812 [INFO] BlockDiagram:2775 - set Specific Code input for plugin: I2C
2026-02-03 11:50:46,814 [INFO] CodeGenerator:892 - code generatio: config db path: C:\ST\STM32CubeIDE_1.19.0\STM32CubeIDE\plugins\com.st.stm32cube.common.mx_6.15.0.202507011659\\db\
2026-02-03 11:50:46,820 [WARN] IP:2250 - I2C_Coeff_DF not found: check if there is a RefParameter without a condition.
2026-02-03 11:50:46,820 [WARN] IP:2250 - Analog_Filter not found: check if there is a RefParameter without a condition.
2026-02-03 11:50:46,928 [INFO] CodeEngine:265 - oldGeneratedFile, C:\Users\nsorr\STM32CubeIDE\workspace_1.19.0\PET_Extruder\MXTmpFiles\license.tmp_save
2026-02-03 11:50:47,248 [INFO] CodeEngine:289 - Generated code: C:\Users\nsorr\STM32CubeIDE\workspace_1.19.0\PET_Extruder\MXTmpFiles\license.tmp
2026-02-03 11:50:47,437 [INFO] CodeEngine:265 - oldGeneratedFile, C:\Users\nsorr\STM32CubeIDE\workspace_1.19.0\PET_Extruder\Core\Src\gpio.c_save
2026-02-03 11:50:47,595 [INFO] CodeEngine:289 - Generated code: C:\Users\nsorr\STM32CubeIDE\workspace_1.19.0\PET_Extruder\Core\Src\gpio.c
2026-02-03 11:50:47,604 [INFO] CodeEngine:265 - oldGeneratedFile, C:\Users\nsorr\STM32CubeIDE\workspace_1.19.0\PET_Extruder\Core\Inc\gpio.h_save
2026-02-03 11:50:47,673 [INFO] CodeEngine:289 - Generated code: C:\Users\nsorr\STM32CubeIDE\workspace_1.19.0\PET_Extruder\Core\Inc\gpio.h
2026-02-03 11:50:48,051 [INFO] CodeEngine:265 - oldGeneratedFile, C:\Users\nsorr\STM32CubeIDE\workspace_1.19.0\PET_Extruder\Core\Src\adc.c_save
2026-02-03 11:50:48,213 [INFO] CodeEngine:289 - Generated code: C:\Users\nsorr\STM32CubeIDE\workspace_1.19.0\PET_Extruder\Core\Src\adc.c
2026-02-03 11:50:48,222 [INFO] CodeEngine:265 - oldGeneratedFile, C:\Users\nsorr\STM32CubeIDE\workspace_1.19.0\PET_Extruder\Core\Inc\adc.h_save
2026-02-03 11:50:48,283 [INFO] CodeEngine:289 - Generated code: C:\Users\nsorr\STM32CubeIDE\workspace_1.19.0\PET_Extruder\Core\Inc\adc.h
2026-02-03 11:50:48,304 [INFO] CodeEngine:265 - oldGeneratedFile, C:\Users\nsorr\STM32CubeIDE\workspace_1.19.0\PET_Extruder\Core\Src\dma.c_save
2026-02-03 11:50:48,368 [INFO] CodeEngine:289 - Generated code: C:\Users\nsorr\STM32CubeIDE\workspace_1.19.0\PET_Extruder\Core\Src\dma.c
2026-02-03 11:50:48,376 [INFO] CodeEngine:265 - oldGeneratedFile, C:\Users\nsorr\STM32CubeIDE\workspace_1.19.0\PET_Extruder\Core\Inc\dma.h_save
2026-02-03 11:50:48,427 [INFO] CodeEngine:289 - Generated code: C:\Users\nsorr\STM32CubeIDE\workspace_1.19.0\PET_Extruder\Core\Inc\dma.h
2026-02-03 11:50:48,439 [INFO] CodeEngine:265 - oldGeneratedFile, C:\Users\nsorr\STM32CubeIDE\workspace_1.19.0\PET_Extruder\Core\Src\i2c.c_save
2026-02-03 11:50:48,512 [INFO] CodeEngine:289 - Generated code: C:\Users\nsorr\STM32CubeIDE\workspace_1.19.0\PET_Extruder\Core\Src\i2c.c
2026-02-03 11:50:48,520 [INFO] CodeEngine:265 - oldGeneratedFile, C:\Users\nsorr\STM32CubeIDE\workspace_1.19.0\PET_Extruder\Core\Inc\i2c.h_save
2026-02-03 11:50:48,580 [INFO] CodeEngine:289 - Generated code: C:\Users\nsorr\STM32CubeIDE\workspace_1.19.0\PET_Extruder\Core\Inc\i2c.h
2026-02-03 11:50:48,590 [INFO] CodeEngine:265 - oldGeneratedFile, C:\Users\nsorr\STM32CubeIDE\workspace_1.19.0\PET_Extruder\Core\Src\iwdg.c_save
2026-02-03 11:50:48,653 [INFO] CodeEngine:289 - Generated code: C:\Users\nsorr\STM32CubeIDE\workspace_1.19.0\PET_Extruder\Core\Src\iwdg.c
2026-02-03 11:50:48,660 [INFO] CodeEngine:265 - oldGeneratedFile, C:\Users\nsorr\STM32CubeIDE\workspace_1.19.0\PET_Extruder\Core\Inc\iwdg.h_save
2026-02-03 11:50:48,706 [INFO] CodeEngine:289 - Generated code: C:\Users\nsorr\STM32CubeIDE\workspace_1.19.0\PET_Extruder\Core\Inc\iwdg.h
2026-02-03 11:50:48,717 [INFO] CodeEngine:265 - oldGeneratedFile, C:\Users\nsorr\STM32CubeIDE\workspace_1.19.0\PET_Extruder\Core\Src\tim.c_save
2026-02-03 11:50:48,801 [INFO] CodeEngine:289 - Generated code: C:\Users\nsorr\STM32CubeIDE\workspace_1.19.0\PET_Extruder\Core\Src\tim.c
2026-02-03 11:50:48,807 [INFO] CodeEngine:265 - oldGeneratedFile, C:\Users\nsorr\STM32CubeIDE\workspace_1.19.0\PET_Extruder\Core\Inc\tim.h_save
2026-02-03 11:50:48,854 [INFO] CodeEngine:289 - Generated code: C:\Users\nsorr\STM32CubeIDE\workspace_1.19.0\PET_Extruder\Core\Inc\tim.h
2026-02-03 11:50:48,866 [INFO] CodeEngine:265 - oldGeneratedFile, C:\Users\nsorr\STM32CubeIDE\workspace_1.19.0\PET_Extruder\Core\Src\usart.c_save
2026-02-03 11:50:48,930 [INFO] CodeEngine:289 - Generated code: C:\Users\nsorr\STM32CubeIDE\workspace_1.19.0\PET_Extruder\Core\Src\usart.c
2026-02-03 11:50:48,938 [INFO] CodeEngine:265 - oldGeneratedFile, C:\Users\nsorr\STM32CubeIDE\workspace_1.19.0\PET_Extruder\Core\Inc\usart.h_save
2026-02-03 11:50:48,989 [INFO] CodeEngine:289 - Generated code: C:\Users\nsorr\STM32CubeIDE\workspace_1.19.0\PET_Extruder\Core\Inc\usart.h
2026-02-03 11:50:49,004 [INFO] CodeEngine:265 - oldGeneratedFile, C:\Users\nsorr\STM32CubeIDE\workspace_1.19.0\PET_Extruder\Core\Src\stm32f1xx_it.c_save
2026-02-03 11:50:49,086 [INFO] CodeEngine:289 - Generated code: C:\Users\nsorr\STM32CubeIDE\workspace_1.19.0\PET_Extruder\Core\Src\stm32f1xx_it.c
2026-02-03 11:50:49,091 [INFO] CodeEngine:265 - oldGeneratedFile, C:\Users\nsorr\STM32CubeIDE\workspace_1.19.0\PET_Extruder\Core\Inc\stm32f1xx_it.h_save
2026-02-03 11:50:49,132 [INFO] CodeEngine:289 - Generated code: C:\Users\nsorr\STM32CubeIDE\workspace_1.19.0\PET_Extruder\Core\Inc\stm32f1xx_it.h
2026-02-03 11:50:49,146 [INFO] CodeEngine:265 - oldGeneratedFile, C:\Users\nsorr\STM32CubeIDE\workspace_1.19.0\PET_Extruder\Core\Src\stm32f1xx_hal_msp.c_save
2026-02-03 11:50:49,211 [INFO] CodeEngine:289 - Generated code: C:\Users\nsorr\STM32CubeIDE\workspace_1.19.0\PET_Extruder\Core\Src\stm32f1xx_hal_msp.c
2026-02-03 11:50:49,216 [INFO] CodeEngine:265 - oldGeneratedFile, C:\Users\nsorr\STM32CubeIDE\workspace_1.19.0\PET_Extruder\MXTmpFiles\system.tmp_save
2026-02-03 11:50:49,254 [INFO] CodeEngine:289 - Generated code: C:\Users\nsorr\STM32CubeIDE\workspace_1.19.0\PET_Extruder\MXTmpFiles\system.tmp
2026-02-03 11:50:49,264 [INFO] CodeEngine:321 - oldGeneratedFile, C:\Users\nsorr\STM32CubeIDE\workspace_1.19.0\PET_Extruder\Core\Inc\stm32f1xx_hal_conf.h_save
2026-02-03 11:50:49,339 [INFO] CodeEngine:345 - Generated code: C:\Users\nsorr\STM32CubeIDE\workspace_1.19.0\PET_Extruder\Core\Inc\stm32f1xx_hal_conf.h
2026-02-03 11:50:49,368 [INFO] ApiDbMcu:532 - Load IP Config File for ADC1
2026-02-03 11:50:49,372 [INFO] ApiDbMcu:532 - Load IP Config File for I2C1
2026-02-03 11:50:49,374 [INFO] ApiDbMcu:532 - Load IP Config File for IWDG
2026-02-03 11:50:49,387 [INFO] ApiDbMcu:532 - Load IP Config File for TIM1
2026-02-03 11:50:49,398 [INFO] ApiDbMcu:532 - Load IP Config File for TIM2
2026-02-03 11:50:49,408 [INFO] ApiDbMcu:532 - Load IP Config File for TIM3
2026-02-03 11:50:49,412 [INFO] ApiDbMcu:532 - Load IP Config File for USART1
2026-02-03 11:50:49,415 [INFO] ApiDbMcu:532 - Load IP Config File for RCC
2026-02-03 11:50:49,430 [INFO] CodeEngine:265 - oldGeneratedFile, C:\Users\nsorr\STM32CubeIDE\workspace_1.19.0\PET_Extruder\Core\Inc\main.h_save
2026-02-03 11:50:49,515 [INFO] CodeEngine:289 - Generated code: C:\Users\nsorr\STM32CubeIDE\workspace_1.19.0\PET_Extruder\Core\Inc\main.h
2026-02-03 11:50:49,536 [INFO] CodeEngine:265 - oldGeneratedFile, C:\Users\nsorr\STM32CubeIDE\workspace_1.19.0\PET_Extruder\Core\Src\main.c_save
2026-02-03 11:50:49,646 [INFO] CodeEngine:289 - Generated code: C:\Users\nsorr\STM32CubeIDE\workspace_1.19.0\PET_Extruder\Core\Src\main.c
2026-02-03 11:50:49,982 [INFO] ProjectBuilder:3606 - Time for Copy HAL[1] : 197mS.
2026-02-03 11:50:49,989 [INFO] ProjectBuilder:5216 - Project Generator version: 4.7.0-B52
2026-02-03 11:50:50,077 [INFO] ConfigFileManager:1595 - The Die is : DIE410
2026-02-03 11:50:50,090 [INFO] ApiDbMcu:532 - Load IP Config File for FATFS
2026-02-03 11:50:50,096 [INFO] ApiDbMcu:532 - Load IP Config File for FREERTOS
2026-02-03 11:50:50,104 [INFO] ApiDbMcu:532 - Load IP Config File for USB_DEVICE
2026-02-03 11:50:50,584 [INFO] LogOutputStream:77 - [STDOUT_REDIRECT] 
2026-02-03 11:50:51,949 [INFO] ProjectBuilder:5496 - Time for Generating toolchain IDE Files: 1960mS.
2026-02-03 11:50:51,950 [INFO] ProjectBuilder:3463 - Time for Copy CMSIS : 0mS.
2026-02-03 11:50:51,952 [INFO] ProjectBuilder:3463 - Time for Copy CMSIS : 0mS.
2026-02-03 12:40:13,307 [INFO] Gpio:278 - dependency for GPIO [ADC1, I2C1, RCC, TIM1, USART1]
2026-02-03 16:21:22,413 [INFO] WebApp:194 - Connection lost
2026-02-03 16:21:23,287 [INFO] WebApp:191 - Connection restablished
2026-02-03 18:22:15,636 [INFO] WebApp:194 - Connection lost
2026-02-03 18:22:16,091 [INFO] WebApp:191 - Connection restablished
2026-02-03 20:49:06,757 [INFO] Gpio:278 - dependency for GPIO [ADC1, I2C1, RCC, TIM1, USART1]
2026-02-03 20:49:06,984 [INFO] NvicIntPanel:101 - NVIC parent = com.st.microxplorer.plugins.ip.nvic.MultiNvicIntPanel[,0,0,0x0,invalid,layout=javax.swing.BoxLayout,alignmentX=0.0,alignmentY=0.0,border=,flags=9,maximumSize=,minimumSize=,preferredSize=]
2026-02-03 20:49:07,192 [WARN] IP:2250 - I2C_Coeff_DF not found: check if there is a RefParameter without a condition.
2026-02-03 20:49:07,192 [WARN] IP:2250 - Analog_Filter not found: check if there is a RefParameter without a condition.
2026-02-03 20:49:07,193 [WARN] IP:2250 - I2C_Coeff_DF not found: check if there is a RefParameter without a condition.
2026-02-03 20:49:07,193 [WARN] IP:2250 - Analog_Filter not found: check if there is a RefParameter without a condition.
2026-02-03 20:49:07,234 [WARN] IP:2250 - I2C_Coeff_DF not found: check if there is a RefParameter without a condition.
2026-02-03 20:49:07,234 [WARN] IP:2250 - Analog_Filter not found: check if there is a RefParameter without a condition.
2026-02-03 20:49:07,280 [WARN] IP:2250 - I2C_Coeff_DF not found: check if there is a RefParameter without a condition.
2026-02-03 20:49:07,280 [WARN] IP:2250 - Analog_Filter not found: check if there is a RefParameter without a condition.
2026-02-03 20:49:07,330 [INFO] Gpio:278 - dependency for GPIO [ADC1, I2C1, RCC, TIM1, USART1]
2026-02-03 20:49:07,495 [INFO] NvicIntPanel:101 - NVIC parent = com.st.microxplorer.plugins.ip.nvic.MultiNvicIntPanel[,0,0,0x0,invalid,layout=javax.swing.BoxLayout,alignmentX=0.0,alignmentY=0.0,border=,flags=9,maximumSize=,minimumSize=,preferredSize=]
2026-02-03 20:49:53,169 [INFO] UtilMem:75 - End SaveConfig() Used Memory: 647849664 Bytes (1073741824)
2026-02-03 20:49:53,418 [INFO] UtilMem:75 - End SaveConfig() Used Memory: 660958912 Bytes (1073741824)
2026-02-03 20:49:57,095 [INFO] UtilMem:75 - End SaveConfig() Used Memory: 738027200 Bytes (1073741824)
2026-02-03 20:49:57,872 [INFO] BlockDiagram:2775 - set Specific Code input for plugin: NVIC
2026-02-03 20:49:57,873 [INFO] BlockDiagram:2775 - set Specific Code input for plugin: USART
2026-02-03 20:49:57,873 [INFO] BlockDiagram:2775 - set Specific Code input for plugin: IWDG
2026-02-03 20:49:57,873 [INFO] BlockDiagram:2775 - set Specific Code input for plugin: DMA
2026-02-03 20:49:57,873 [INFO] BlockDiagram:2775 - set Specific Code input for plugin: TIM1_8F1
2026-02-03 20:49:57,873 [INFO] BlockDiagram:2775 - set Specific Code input for plugin: TIM1_8F1
2026-02-03 20:49:57,873 [INFO] BlockDiagram:2775 - set Specific Code input for plugin: TIM1_8F1
2026-02-03 20:49:57,873 [INFO] BlockDiagram:2775 - set Specific Code input for plugin: SYS
2026-02-03 20:49:57,874 [INFO] BlockDiagram:2775 - set Specific Code input for plugin: GPIO
2026-02-03 20:49:57,874 [INFO] BlockDiagram:2775 - set Specific Code input for plugin: ADC
2026-02-03 20:49:57,874 [INFO] BlockDiagram:2775 - set Specific Code input for plugin: RCC
2026-02-03 20:49:57,874 [INFO] BlockDiagram:2775 - set Specific Code input for plugin: I2C
2026-02-03 20:49:57,880 [INFO] CodeGenerator:892 - code generatio: config db path: C:\ST\STM32CubeIDE_1.19.0\STM32CubeIDE\plugins\com.st.stm32cube.common.mx_6.15.0.202507011659\\db\
2026-02-03 20:49:57,889 [INFO] Argument:325 - Argument : hdmavalue: null
2026-02-03 20:49:57,889 [INFO] Argument:327 - 	 sub Args: 
2026-02-03 20:49:57,889 [INFO] Argument:325 - Argument : Instancevalue: DMA1_Channel1
2026-02-03 20:49:57,889 [INFO] Argument:335 - Argument : Instancevalue: DMA1_Channel1
2026-02-03 20:49:57,890 [INFO] Argument:325 - Argument : Initvalue: null
2026-02-03 20:49:57,890 [INFO] Argument:327 - 	 sub Args: 
2026-02-03 20:49:57,890 [INFO] Argument:325 - Argument : Directionvalue: DMA_PERIPH_TO_MEMORY
2026-02-03 20:49:57,890 [INFO] Argument:335 - Argument : Directionvalue: DMA_PERIPH_TO_MEMORY
2026-02-03 20:49:57,890 [INFO] Argument:325 - Argument : PeriphIncvalue: DMA_PINC_DISABLE
2026-02-03 20:49:57,890 [INFO] Argument:335 - Argument : PeriphIncvalue: DMA_PINC_DISABLE
2026-02-03 20:49:57,890 [INFO] Argument:325 - Argument : MemIncvalue: DMA_MINC_ENABLE
2026-02-03 20:49:57,891 [INFO] Argument:335 - Argument : MemIncvalue: DMA_MINC_ENABLE
2026-02-03 20:49:57,891 [INFO] Argument:325 - Argument : PeriphDataAlignmentvalue: DMA_PDATAALIGN_HALFWORD
2026-02-03 20:49:57,891 [INFO] Argument:335 - Argument : PeriphDataAlignmentvalue: DMA_PDATAALIGN_HALFWORD
2026-02-03 20:49:57,891 [INFO] Argument:325 - Argument : MemDataAlignmentvalue: DMA_MDATAALIGN_HALFWORD
2026-02-03 20:49:57,891 [INFO] Argument:335 - Argument : MemDataAlignmentvalue: DMA_MDATAALIGN_HALFWORD
2026-02-03 20:49:57,892 [INFO] Argument:325 - Argument : Modevalue: DMA_NORMAL
2026-02-03 20:49:57,892 [INFO] Argument:335 - Argument : Modevalue: DMA_NORMAL
2026-02-03 20:49:57,892 [INFO] Argument:325 - Argument : Priorityvalue: DMA_PRIORITY_LOW
2026-02-03 20:49:57,892 [INFO] Argument:335 - Argument : Priorityvalue: DMA_PRIORITY_LOW
2026-02-03 20:49:57,892 [INFO] Argument:325 - Argument : Lockvalue: null
2026-02-03 20:49:57,892 [INFO] Argument:335 - Argument : Lockvalue: null
2026-02-03 20:49:57,892 [INFO] Argument:325 - Argument : Statevalue: null
2026-02-03 20:49:57,893 [INFO] Argument:335 - Argument : Statevalue: null
2026-02-03 20:49:57,893 [INFO] Argument:325 - Argument : Parentvalue: null
2026-02-03 20:49:57,893 [INFO] Argument:335 - Argument : Parentvalue: null
2026-02-03 20:49:57,893 [INFO] Argument:325 - Argument : XferCpltCallbackvalue: null
2026-02-03 20:49:57,893 [INFO] Argument:335 - Argument : XferCpltCallbackvalue: null
2026-02-03 20:49:57,893 [INFO] Argument:325 - Argument : XferHalfCpltCallbackvalue: null
2026-02-03 20:49:57,893 [INFO] Argument:335 - Argument : XferHalfCpltCallbackvalue: null
2026-02-03 20:49:57,894 [INFO] Argument:325 - Argument : XferErrorCallbackvalue: null
2026-02-03 20:49:57,894 [INFO] Argument:335 - Argument : XferErrorCallbackvalue: null
2026-02-03 20:49:57,894 [INFO] Argument:325 - Argument : ErrorCodevalue: null
2026-02-03 20:49:57,894 [INFO] Argument:335 - Argument : ErrorCodevalue: null
2026-02-03 20:49:57,895 [WARN] IP:2250 - I2C_Coeff_DF not found: check if there is a RefParameter without a condition.
2026-02-03 20:49:57,895 [WARN] IP:2250 - Analog_Filter not found: check if there is a RefParameter without a condition.
2026-02-03 20:49:57,908 [INFO] Argument:325 - Argument : hdmavalue: null
2026-02-03 20:49:57,908 [INFO] Argument:327 - 	 sub Args: 
2026-02-03 20:49:57,909 [INFO] Argument:325 - Argument : Instancevalue: DMA1_Channel4
2026-02-03 20:49:57,909 [INFO] Argument:335 - Argument : Instancevalue: DMA1_Channel4
2026-02-03 20:49:57,909 [INFO] Argument:325 - Argument : Initvalue: null
2026-02-03 20:49:57,909 [INFO] Argument:327 - 	 sub Args: 
2026-02-03 20:49:57,909 [INFO] Argument:325 - Argument : Directionvalue: DMA_MEMORY_TO_PERIPH
2026-02-03 20:49:57,909 [INFO] Argument:335 - Argument : Directionvalue: DMA_MEMORY_TO_PERIPH
2026-02-03 20:49:57,909 [INFO] Argument:325 - Argument : PeriphIncvalue: DMA_PINC_DISABLE
2026-02-03 20:49:57,909 [INFO] Argument:335 - Argument : PeriphIncvalue: DMA_PINC_DISABLE
2026-02-03 20:49:57,909 [INFO] Argument:325 - Argument : MemIncvalue: DMA_MINC_ENABLE
2026-02-03 20:49:57,909 [INFO] Argument:335 - Argument : MemIncvalue: DMA_MINC_ENABLE
2026-02-03 20:49:57,909 [INFO] Argument:325 - Argument : PeriphDataAlignmentvalue: DMA_PDATAALIGN_BYTE
2026-02-03 20:49:57,909 [INFO] Argument:335 - Argument : PeriphDataAlignmentvalue: DMA_PDATAALIGN_BYTE
2026-02-03 20:49:57,910 [INFO] Argument:325 - Argument : MemDataAlignmentvalue: DMA_MDATAALIGN_BYTE
2026-02-03 20:49:57,910 [INFO] Argument:335 - Argument : MemDataAlignmentvalue: DMA_MDATAALIGN_BYTE
2026-02-03 20:49:57,910 [INFO] Argument:325 - Argument : Modevalue: DMA_NORMAL
2026-02-03 20:49:57,910 [INFO] Argument:335 - Argument : Modevalue: DMA_NORMAL
2026-02-03 20:49:57,910 [INFO] Argument:325 - Argument : Priorityvalue: DMA_PRIORITY_LOW
2026-02-03 20:49:57,910 [INFO] Argument:335 - Argument : Priorityvalue: DMA_PRIORITY_LOW
2026-02-03 20:49:57,910 [INFO] Argument:325 - Argument : Lockvalue: null
2026-02-03 20:49:57,910 [INFO] Argument:335 - Argument : Lockvalue: null
2026-02-03 20:49:57,910 [INFO] Argument:325 - Argument : Statevalue: null
2026-02-03 20:49:57,910 [INFO] Argument:335 - Argument : Statevalue: null
2026-02-03 20:49:57,911 [INFO] Argument:325 - Argument : Parentvalue: null
2026-02-03 20:49:57,911 [INFO] Argument:335 - Argument : Parentvalue: null
2026-02-03 20:49:57,911 [INFO] Argument:325 - Argument : XferCpltCallbackvalue: null
2026-02-03 20:49:57,911 [INFO] Argument:335 - Argument : XferCpltCallbackvalue: null
2026-02-03 20:49:57,911 [INFO] Argument:325 - Argument : XferHalfCpltCallbackvalue: null
2026-02-03 20:49:57,911 [INFO] Argument:335 - Argument : XferHalfCpltCallbackvalue: null
2026-02-03 20:49:57,911 [INFO] Argument:325 - Argument : XferErrorCallbackvalue: null
2026-02-03 20:49:57,912 [INFO] Argument:335 - Argument : XferErrorCallbackvalue: null
2026-02-03 20:49:57,912 [INFO] Argument:325 - Argument : ErrorCodevalue: null
2026-02-03 20:49:57,912 [INFO] Argument:335 - Argument : ErrorCodevalue: null
2026-02-03 20:49:58,066 [INFO] CodeEngine:265 - oldGeneratedFile, C:\Users\nsorr\STM32CubeIDE\workspace_1.19.0\PET_Extruder\MXTmpFiles\license.tmp_save
2026-02-03 20:49:58,305 [INFO] CodeEngine:289 - Generated code: C:\Users\nsorr\STM32CubeIDE\workspace_1.19.0\PET_Extruder\MXTmpFiles\license.tmp
2026-02-03 20:49:58,375 [INFO] CodeEngine:265 - oldGeneratedFile, C:\Users\nsorr\STM32CubeIDE\workspace_1.19.0\PET_Extruder\Core\Src\gpio.c_save
2026-02-03 20:49:58,517 [INFO] CodeEngine:289 - Generated code: C:\Users\nsorr\STM32CubeIDE\workspace_1.19.0\PET_Extruder\Core\Src\gpio.c
2026-02-03 20:49:58,525 [INFO] CodeEngine:265 - oldGeneratedFile, C:\Users\nsorr\STM32CubeIDE\workspace_1.19.0\PET_Extruder\Core\Inc\gpio.h_save
2026-02-03 20:49:58,614 [INFO] CodeEngine:289 - Generated code: C:\Users\nsorr\STM32CubeIDE\workspace_1.19.0\PET_Extruder\Core\Inc\gpio.h
2026-02-03 20:49:59,323 [INFO] CodeEngine:265 - oldGeneratedFile, C:\Users\nsorr\STM32CubeIDE\workspace_1.19.0\PET_Extruder\Core\Src\adc.c_save
2026-02-03 20:49:59,766 [INFO] CodeEngine:289 - Generated code: C:\Users\nsorr\STM32CubeIDE\workspace_1.19.0\PET_Extruder\Core\Src\adc.c
2026-02-03 20:49:59,795 [INFO] CodeEngine:265 - oldGeneratedFile, C:\Users\nsorr\STM32CubeIDE\workspace_1.19.0\PET_Extruder\Core\Inc\adc.h_save
2026-02-03 20:50:00,002 [INFO] CodeEngine:289 - Generated code: C:\Users\nsorr\STM32CubeIDE\workspace_1.19.0\PET_Extruder\Core\Inc\adc.h
2026-02-03 20:50:00,079 [INFO] CodeEngine:265 - oldGeneratedFile, C:\Users\nsorr\STM32CubeIDE\workspace_1.19.0\PET_Extruder\Core\Src\dma.c_save
2026-02-03 20:50:00,272 [INFO] CodeEngine:289 - Generated code: C:\Users\nsorr\STM32CubeIDE\workspace_1.19.0\PET_Extruder\Core\Src\dma.c
2026-02-03 20:50:00,294 [INFO] CodeEngine:265 - oldGeneratedFile, C:\Users\nsorr\STM32CubeIDE\workspace_1.19.0\PET_Extruder\Core\Inc\dma.h_save
2026-02-03 20:50:00,476 [INFO] CodeEngine:289 - Generated code: C:\Users\nsorr\STM32CubeIDE\workspace_1.19.0\PET_Extruder\Core\Inc\dma.h
2026-02-03 20:50:00,507 [INFO] CodeEngine:265 - oldGeneratedFile, C:\Users\nsorr\STM32CubeIDE\workspace_1.19.0\PET_Extruder\Core\Src\i2c.c_save
2026-02-03 20:50:00,766 [INFO] CodeEngine:289 - Generated code: C:\Users\nsorr\STM32CubeIDE\workspace_1.19.0\PET_Extruder\Core\Src\i2c.c
2026-02-03 20:50:00,781 [INFO] CodeEngine:265 - oldGeneratedFile, C:\Users\nsorr\STM32CubeIDE\workspace_1.19.0\PET_Extruder\Core\Inc\i2c.h_save
2026-02-03 20:50:00,960 [INFO] CodeEngine:289 - Generated code: C:\Users\nsorr\STM32CubeIDE\workspace_1.19.0\PET_Extruder\Core\Inc\i2c.h
2026-02-03 20:50:00,994 [INFO] CodeEngine:265 - oldGeneratedFile, C:\Users\nsorr\STM32CubeIDE\workspace_1.19.0\PET_Extruder\Core\Src\iwdg.c_save
2026-02-03 20:50:01,218 [INFO] CodeEngine:289 - Generated code: C:\Users\nsorr\STM32CubeIDE\workspace_1.19.0\PET_Extruder\Core\Src\iwdg.c
2026-02-03 20:50:01,235 [INFO] CodeEngine:265 - oldGeneratedFile, C:\Users\nsorr\STM32CubeIDE\workspace_1.19.0\PET_Extruder\Core\Inc\iwdg.h_save
2026-02-03 20:50:01,413 [INFO] CodeEngine:289 - Generated code: C:\Users\nsorr\STM32CubeIDE\workspace_1.19.0\PET_Extruder\Core\Inc\iwdg.h
2026-02-03 20:50:01,458 [INFO] CodeEngine:265 - oldGeneratedFile, C:\Users\nsorr\STM32CubeIDE\workspace_1.19.0\PET_Extruder\Core\Src\tim.c_save
2026-02-03 20:50:01,734 [INFO] CodeEngine:289 - Generated code: C:\Users\nsorr\STM32CubeIDE\workspace_1.19.0\PET_Extruder\Core\Src\tim.c
2026-02-03 20:50:01,756 [INFO] CodeEngine:265 - oldGeneratedFile, C:\Users\nsorr\STM32CubeIDE\workspace_1.19.0\PET_Extruder\Core\Inc\tim.h_save
2026-02-03 20:50:01,925 [INFO] CodeEngine:289 - Generated code: C:\Users\nsorr\STM32CubeIDE\workspace_1.19.0\PET_Extruder\Core\Inc\tim.h
2026-02-03 20:50:01,958 [INFO] CodeEngine:265 - oldGeneratedFile, C:\Users\nsorr\STM32CubeIDE\workspace_1.19.0\PET_Extruder\Core\Src\usart.c_save
2026-02-03 20:50:02,196 [INFO] CodeEngine:289 - Generated code: C:\Users\nsorr\STM32CubeIDE\workspace_1.19.0\PET_Extruder\Core\Src\usart.c
2026-02-03 20:50:02,211 [INFO] CodeEngine:265 - oldGeneratedFile, C:\Users\nsorr\STM32CubeIDE\workspace_1.19.0\PET_Extruder\Core\Inc\usart.h_save
2026-02-03 20:50:02,385 [INFO] CodeEngine:289 - Generated code: C:\Users\nsorr\STM32CubeIDE\workspace_1.19.0\PET_Extruder\Core\Inc\usart.h
2026-02-03 20:50:02,424 [INFO] CodeEngine:265 - oldGeneratedFile, C:\Users\nsorr\STM32CubeIDE\workspace_1.19.0\PET_Extruder\Core\Src\stm32f1xx_it.c_save
2026-02-03 20:50:02,989 [INFO] CodeEngine:289 - Generated code: C:\Users\nsorr\STM32CubeIDE\workspace_1.19.0\PET_Extruder\Core\Src\stm32f1xx_it.c
2026-02-03 20:50:03,006 [INFO] CodeEngine:265 - oldGeneratedFile, C:\Users\nsorr\STM32CubeIDE\workspace_1.19.0\PET_Extruder\Core\Inc\stm32f1xx_it.h_save
2026-02-03 20:50:03,189 [INFO] CodeEngine:289 - Generated code: C:\Users\nsorr\STM32CubeIDE\workspace_1.19.0\PET_Extruder\Core\Inc\stm32f1xx_it.h
2026-02-03 20:50:03,232 [INFO] CodeEngine:265 - oldGeneratedFile, C:\Users\nsorr\STM32CubeIDE\workspace_1.19.0\PET_Extruder\Core\Src\stm32f1xx_hal_msp.c_save
2026-02-03 20:50:03,562 [INFO] CodeEngine:289 - Generated code: C:\Users\nsorr\STM32CubeIDE\workspace_1.19.0\PET_Extruder\Core\Src\stm32f1xx_hal_msp.c
2026-02-03 20:50:03,590 [INFO] CodeEngine:265 - oldGeneratedFile, C:\Users\nsorr\STM32CubeIDE\workspace_1.19.0\PET_Extruder\MXTmpFiles\system.tmp_save
2026-02-03 20:50:03,803 [INFO] CodeEngine:289 - Generated code: C:\Users\nsorr\STM32CubeIDE\workspace_1.19.0\PET_Extruder\MXTmpFiles\system.tmp
2026-02-03 20:50:03,890 [INFO] CodeEngine:321 - oldGeneratedFile, C:\Users\nsorr\STM32CubeIDE\workspace_1.19.0\PET_Extruder\Core\Inc\stm32f1xx_hal_conf.h_save
2026-02-03 20:50:04,136 [INFO] CodeEngine:345 - Generated code: C:\Users\nsorr\STM32CubeIDE\workspace_1.19.0\PET_Extruder\Core\Inc\stm32f1xx_hal_conf.h
2026-02-03 20:50:04,392 [INFO] CodeEngine:265 - oldGeneratedFile, C:\Users\nsorr\STM32CubeIDE\workspace_1.19.0\PET_Extruder\Core\Inc\main.h_save
2026-02-03 20:50:04,746 [INFO] CodeEngine:289 - Generated code: C:\Users\nsorr\STM32CubeIDE\workspace_1.19.0\PET_Extruder\Core\Inc\main.h
2026-02-03 20:50:04,773 [INFO] CodeEngine:265 - oldGeneratedFile, C:\Users\nsorr\STM32CubeIDE\workspace_1.19.0\PET_Extruder\Core\Src\main.c_save
2026-02-03 20:50:05,028 [INFO] CodeEngine:289 - Generated code: C:\Users\nsorr\STM32CubeIDE\workspace_1.19.0\PET_Extruder\Core\Src\main.c
2026-02-03 20:50:05,939 [INFO] ProjectBuilder:3606 - Time for Copy HAL[1] : 472mS.
2026-02-03 20:50:05,950 [INFO] ProjectBuilder:5216 - Project Generator version: 4.7.0-B52
2026-02-03 20:50:06,181 [INFO] ConfigFileManager:1595 - The Die is : DIE410
2026-02-03 20:50:08,871 [INFO] ProjectBuilder:5496 - Time for Generating toolchain IDE Files: 2921mS.
2026-02-03 20:50:08,873 [INFO] ProjectBuilder:3463 - Time for Copy CMSIS : 1mS.
2026-02-03 20:50:08,882 [INFO] ProjectBuilder:3463 - Time for Copy CMSIS : 0mS.
2026-02-03 21:28:52,711 [INFO] WebApp:194 - Connection lost
2026-02-03 21:28:53,209 [INFO] WebApp:191 - Connection restablished
